jurisdiction,year,ipcc_code,iea_code,Product,ets_price_usd_k,tax_rate_incl_ex_usd_k,all_inst_usd_k
Liechtenstein,1989,1A,ABFLOW001,Coal,,,0.0
Liechtenstein,1989,1A,ABFLOW001,Natural gas,,,0.0
Liechtenstein,1989,1A,ABFLOW001,Oil,,,0.0
Liechtenstein,1989,1A1A,ABFLOW002,Coal,,,0.0
Liechtenstein,1989,1A1A,ABFLOW002,Natural gas,,,0.0
Liechtenstein,1989,1A1A,ABFLOW002,Oil,,,0.0
Liechtenstein,1989,1A1A1,ABFLOW003,Coal,,,0.0
Liechtenstein,1989,1A1A1,ABFLOW003,Natural gas,,,0.0
Liechtenstein,1989,1A1A1,ABFLOW003,Oil,,,0.0
Liechtenstein,1989,1A1A2,ABFLOW004,Coal,,,0.0
Liechtenstein,1989,1A1A2,ABFLOW004,Natural gas,,,0.0
Liechtenstein,1989,1A1A2,ABFLOW004,Oil,,,0.0
Liechtenstein,1989,1A1A3,ABFLOW005,Coal,,,0.0
Liechtenstein,1989,1A1A3,ABFLOW005,Natural gas,,,0.0
Liechtenstein,1989,1A1A3,ABFLOW005,Oil,,,0.0
Liechtenstein,1989,1A1B,ABFLOW011,Coal,,,0.0
Liechtenstein,1989,1A1B,ABFLOW011,Natural gas,,,0.0
Liechtenstein,1989,1A1B,ABFLOW011,Oil,,,0.0
Liechtenstein,1989,1A1C,ABFLOW011,Coal,,,0.0
Liechtenstein,1989,1A1C,ABFLOW011,Natural gas,,,0.0
Liechtenstein,1989,1A1C,ABFLOW011,Oil,,,0.0
Liechtenstein,1989,1A2,ABFLOW012,Coal,,,0.0
Liechtenstein,1989,1A2,ABFLOW012,Natural gas,,,0.0
Liechtenstein,1989,1A2,ABFLOW012,Oil,,,0.0
Liechtenstein,1989,1A2A,ABFLOW016,Coal,,,0.0
Liechtenstein,1989,1A2A,ABFLOW016,Natural gas,,,0.0
Liechtenstein,1989,1A2A,ABFLOW016,Oil,,,0.0
Liechtenstein,1989,1A2B,ABFLOW018,Coal,,,0.0
Liechtenstein,1989,1A2B,ABFLOW018,Natural gas,,,0.0
Liechtenstein,1989,1A2B,ABFLOW018,Oil,,,0.0
Liechtenstein,1989,1A2C,ABFLOW017,Coal,,,0.0
Liechtenstein,1989,1A2C,ABFLOW017,Natural gas,,,0.0
Liechtenstein,1989,1A2C,ABFLOW017,Oil,,,0.0
Liechtenstein,1989,1A2D,ABFLOW023,Coal,,,0.0
Liechtenstein,1989,1A2D,ABFLOW023,Natural gas,,,0.0
Liechtenstein,1989,1A2D,ABFLOW023,Oil,,,0.0
Liechtenstein,1989,1A2E,ABFLOW022,Coal,,,0.0
Liechtenstein,1989,1A2E,ABFLOW022,Natural gas,,,0.0
Liechtenstein,1989,1A2E,ABFLOW022,Oil,,,0.0
Liechtenstein,1989,1A2F,ABFLOW019,Coal,,,0.0
Liechtenstein,1989,1A2F,ABFLOW019,Natural gas,,,0.0
Liechtenstein,1989,1A2F,ABFLOW019,Oil,,,0.0
Liechtenstein,1989,1A2G,ABFLOW020,Coal,,,0.0
Liechtenstein,1989,1A2G,ABFLOW020,Natural gas,,,0.0
Liechtenstein,1989,1A2G,ABFLOW020,Oil,,,0.0
Liechtenstein,1989,1A2H,ABFLOW021,Coal,,,0.0
Liechtenstein,1989,1A2H,ABFLOW021,Natural gas,,,0.0
Liechtenstein,1989,1A2H,ABFLOW021,Oil,,,0.0
Liechtenstein,1989,1A2I,ABFLOW013,Coal,,,0.0
Liechtenstein,1989,1A2I,ABFLOW013,Natural gas,,,0.0
Liechtenstein,1989,1A2I,ABFLOW013,Oil,,,0.0
Liechtenstein,1989,1A2J,ABFLOW024,Coal,,,0.0
Liechtenstein,1989,1A2J,ABFLOW024,Natural gas,,,0.0
Liechtenstein,1989,1A2J,ABFLOW024,Oil,,,0.0
Liechtenstein,1989,1A2K,ABFLOW014,Coal,,,0.0
Liechtenstein,1989,1A2K,ABFLOW014,Natural gas,,,0.0
Liechtenstein,1989,1A2K,ABFLOW014,Oil,,,0.0
Liechtenstein,1989,1A2L,ABFLOW025,Coal,,,0.0
Liechtenstein,1989,1A2L,ABFLOW025,Natural gas,,,0.0
Liechtenstein,1989,1A2L,ABFLOW025,Oil,,,0.0
Liechtenstein,1989,1A2M,ABFLOW026,Coal,,,0.0
Liechtenstein,1989,1A2M,ABFLOW026,Natural gas,,,0.0
Liechtenstein,1989,1A2M,ABFLOW026,Oil,,,0.0
Liechtenstein,1989,1A3,ABFLOW027,Coal,,,0.0
Liechtenstein,1989,1A3,ABFLOW027,Natural gas,,,0.0
Liechtenstein,1989,1A3,ABFLOW027,Oil,,,0.0
Liechtenstein,1989,1A3A1,ABFLOW040,Coal,,,0.0
Liechtenstein,1989,1A3A1,ABFLOW040,Natural gas,,,0.0
Liechtenstein,1989,1A3A1,ABFLOW040,Oil,,,0.0
Liechtenstein,1989,1A3A2,ABFLOW029,Coal,,,0.0
Liechtenstein,1989,1A3A2,ABFLOW029,Natural gas,,,0.0
Liechtenstein,1989,1A3A2,ABFLOW029,Oil,,,0.0
Liechtenstein,1989,1A3B,ABFLOW028,Coal,,,0.0
Liechtenstein,1989,1A3B,ABFLOW028,Natural gas,,,0.0
Liechtenstein,1989,1A3B,ABFLOW028,Oil,,,0.0
Liechtenstein,1989,1A3C,ABFLOW030,Coal,,,0.0
Liechtenstein,1989,1A3C,ABFLOW030,Natural gas,,,0.0
Liechtenstein,1989,1A3C,ABFLOW030,Oil,,,0.0
Liechtenstein,1989,1A3D1,ABFLOW039,Coal,,,0.0
Liechtenstein,1989,1A3D1,ABFLOW039,Natural gas,,,0.0
Liechtenstein,1989,1A3D1,ABFLOW039,Oil,,,0.0
Liechtenstein,1989,1A3D2,ABFLOW032,Coal,,,0.0
Liechtenstein,1989,1A3D2,ABFLOW032,Natural gas,,,0.0
Liechtenstein,1989,1A3D2,ABFLOW032,Oil,,,0.0
Liechtenstein,1989,1A3E1,ABFLOW033,Coal,,,0.0
Liechtenstein,1989,1A3E1,ABFLOW033,Natural gas,,,0.0
Liechtenstein,1989,1A3E1,ABFLOW033,Oil,,,0.0
Liechtenstein,1989,1A4A,ABFLOW035,Coal,,,0.0
Liechtenstein,1989,1A4A,ABFLOW035,Natural gas,,,0.0
Liechtenstein,1989,1A4A,ABFLOW035,Oil,,,0.0
Liechtenstein,1989,1A4B,ABFLOW034,Coal,,,0.0
Liechtenstein,1989,1A4B,ABFLOW034,Natural gas,,,0.0
Liechtenstein,1989,1A4B,ABFLOW034,Oil,,,0.0
Liechtenstein,1989,1A4C1,ABFLOW036,Coal,,,0.0
Liechtenstein,1989,1A4C1,ABFLOW036,Natural gas,,,0.0
Liechtenstein,1989,1A4C1,ABFLOW036,Oil,,,0.0
Liechtenstein,1989,1A4C2,ABFLOW037,Coal,,,0.0
Liechtenstein,1989,1A4C2,ABFLOW037,Natural gas,,,0.0
Liechtenstein,1989,1A4C2,ABFLOW037,Oil,,,0.0
Liechtenstein,1989,1A5,ABFLOW038,Coal,,,0.0
Liechtenstein,1989,1A5,ABFLOW038,Natural gas,,,0.0
Liechtenstein,1989,1A5,ABFLOW038,Oil,,,0.0
Liechtenstein,1990,1A,ABFLOW001,Coal,,,0.0
Liechtenstein,1990,1A,ABFLOW001,Natural gas,,,0.0
Liechtenstein,1990,1A,ABFLOW001,Oil,,,0.0
Liechtenstein,1990,1A1A,ABFLOW002,Coal,,,0.0
Liechtenstein,1990,1A1A,ABFLOW002,Natural gas,,,0.0
Liechtenstein,1990,1A1A,ABFLOW002,Oil,,,0.0
Liechtenstein,1990,1A1A1,ABFLOW003,Coal,,,0.0
Liechtenstein,1990,1A1A1,ABFLOW003,Natural gas,,,0.0
Liechtenstein,1990,1A1A1,ABFLOW003,Oil,,,0.0
Liechtenstein,1990,1A1A2,ABFLOW004,Coal,,,0.0
Liechtenstein,1990,1A1A2,ABFLOW004,Natural gas,,,0.0
Liechtenstein,1990,1A1A2,ABFLOW004,Oil,,,0.0
Liechtenstein,1990,1A1A3,ABFLOW005,Coal,,,0.0
Liechtenstein,1990,1A1A3,ABFLOW005,Natural gas,,,0.0
Liechtenstein,1990,1A1A3,ABFLOW005,Oil,,,0.0
Liechtenstein,1990,1A1B,ABFLOW011,Coal,,,0.0
Liechtenstein,1990,1A1B,ABFLOW011,Natural gas,,,0.0
Liechtenstein,1990,1A1B,ABFLOW011,Oil,,,0.0
Liechtenstein,1990,1A1C,ABFLOW011,Coal,,,0.0
Liechtenstein,1990,1A1C,ABFLOW011,Natural gas,,,0.0
Liechtenstein,1990,1A1C,ABFLOW011,Oil,,,0.0
Liechtenstein,1990,1A2,ABFLOW012,Coal,,,0.0
Liechtenstein,1990,1A2,ABFLOW012,Natural gas,,,0.0
Liechtenstein,1990,1A2,ABFLOW012,Oil,,,0.0
Liechtenstein,1990,1A2A,ABFLOW016,Coal,,,0.0
Liechtenstein,1990,1A2A,ABFLOW016,Natural gas,,,0.0
Liechtenstein,1990,1A2A,ABFLOW016,Oil,,,0.0
Liechtenstein,1990,1A2B,ABFLOW018,Coal,,,0.0
Liechtenstein,1990,1A2B,ABFLOW018,Natural gas,,,0.0
Liechtenstein,1990,1A2B,ABFLOW018,Oil,,,0.0
Liechtenstein,1990,1A2C,ABFLOW017,Coal,,,0.0
Liechtenstein,1990,1A2C,ABFLOW017,Natural gas,,,0.0
Liechtenstein,1990,1A2C,ABFLOW017,Oil,,,0.0
Liechtenstein,1990,1A2D,ABFLOW023,Coal,,,0.0
Liechtenstein,1990,1A2D,ABFLOW023,Natural gas,,,0.0
Liechtenstein,1990,1A2D,ABFLOW023,Oil,,,0.0
Liechtenstein,1990,1A2E,ABFLOW022,Coal,,,0.0
Liechtenstein,1990,1A2E,ABFLOW022,Natural gas,,,0.0
Liechtenstein,1990,1A2E,ABFLOW022,Oil,,,0.0
Liechtenstein,1990,1A2F,ABFLOW019,Coal,,,0.0
Liechtenstein,1990,1A2F,ABFLOW019,Natural gas,,,0.0
Liechtenstein,1990,1A2F,ABFLOW019,Oil,,,0.0
Liechtenstein,1990,1A2G,ABFLOW020,Coal,,,0.0
Liechtenstein,1990,1A2G,ABFLOW020,Natural gas,,,0.0
Liechtenstein,1990,1A2G,ABFLOW020,Oil,,,0.0
Liechtenstein,1990,1A2H,ABFLOW021,Coal,,,0.0
Liechtenstein,1990,1A2H,ABFLOW021,Natural gas,,,0.0
Liechtenstein,1990,1A2H,ABFLOW021,Oil,,,0.0
Liechtenstein,1990,1A2I,ABFLOW013,Coal,,,0.0
Liechtenstein,1990,1A2I,ABFLOW013,Natural gas,,,0.0
Liechtenstein,1990,1A2I,ABFLOW013,Oil,,,0.0
Liechtenstein,1990,1A2J,ABFLOW024,Coal,,,0.0
Liechtenstein,1990,1A2J,ABFLOW024,Natural gas,,,0.0
Liechtenstein,1990,1A2J,ABFLOW024,Oil,,,0.0
Liechtenstein,1990,1A2K,ABFLOW014,Coal,,,0.0
Liechtenstein,1990,1A2K,ABFLOW014,Natural gas,,,0.0
Liechtenstein,1990,1A2K,ABFLOW014,Oil,,,0.0
Liechtenstein,1990,1A2L,ABFLOW025,Coal,,,0.0
Liechtenstein,1990,1A2L,ABFLOW025,Natural gas,,,0.0
Liechtenstein,1990,1A2L,ABFLOW025,Oil,,,0.0
Liechtenstein,1990,1A2M,ABFLOW026,Coal,,,0.0
Liechtenstein,1990,1A2M,ABFLOW026,Natural gas,,,0.0
Liechtenstein,1990,1A2M,ABFLOW026,Oil,,,0.0
Liechtenstein,1990,1A3,ABFLOW027,Coal,,,0.0
Liechtenstein,1990,1A3,ABFLOW027,Natural gas,,,0.0
Liechtenstein,1990,1A3,ABFLOW027,Oil,,,0.0
Liechtenstein,1990,1A3A1,ABFLOW040,Coal,,,0.0
Liechtenstein,1990,1A3A1,ABFLOW040,Natural gas,,,0.0
Liechtenstein,1990,1A3A1,ABFLOW040,Oil,,,0.0
Liechtenstein,1990,1A3A2,ABFLOW029,Coal,,,0.0
Liechtenstein,1990,1A3A2,ABFLOW029,Natural gas,,,0.0
Liechtenstein,1990,1A3A2,ABFLOW029,Oil,,,0.0
Liechtenstein,1990,1A3B,ABFLOW028,Coal,,,0.0
Liechtenstein,1990,1A3B,ABFLOW028,Natural gas,,,0.0
Liechtenstein,1990,1A3B,ABFLOW028,Oil,,,0.0
Liechtenstein,1990,1A3C,ABFLOW030,Coal,,,0.0
Liechtenstein,1990,1A3C,ABFLOW030,Natural gas,,,0.0
Liechtenstein,1990,1A3C,ABFLOW030,Oil,,,0.0
Liechtenstein,1990,1A3D1,ABFLOW039,Coal,,,0.0
Liechtenstein,1990,1A3D1,ABFLOW039,Natural gas,,,0.0
Liechtenstein,1990,1A3D1,ABFLOW039,Oil,,,0.0
Liechtenstein,1990,1A3D2,ABFLOW032,Coal,,,0.0
Liechtenstein,1990,1A3D2,ABFLOW032,Natural gas,,,0.0
Liechtenstein,1990,1A3D2,ABFLOW032,Oil,,,0.0
Liechtenstein,1990,1A3E1,ABFLOW033,Coal,,,0.0
Liechtenstein,1990,1A3E1,ABFLOW033,Natural gas,,,0.0
Liechtenstein,1990,1A3E1,ABFLOW033,Oil,,,0.0
Liechtenstein,1990,1A4A,ABFLOW035,Coal,,,0.0
Liechtenstein,1990,1A4A,ABFLOW035,Natural gas,,,0.0
Liechtenstein,1990,1A4A,ABFLOW035,Oil,,,0.0
Liechtenstein,1990,1A4B,ABFLOW034,Coal,,,0.0
Liechtenstein,1990,1A4B,ABFLOW034,Natural gas,,,0.0
Liechtenstein,1990,1A4B,ABFLOW034,Oil,,,0.0
Liechtenstein,1990,1A4C1,ABFLOW036,Coal,,,0.0
Liechtenstein,1990,1A4C1,ABFLOW036,Natural gas,,,0.0
Liechtenstein,1990,1A4C1,ABFLOW036,Oil,,,0.0
Liechtenstein,1990,1A4C2,ABFLOW037,Coal,,,0.0
Liechtenstein,1990,1A4C2,ABFLOW037,Natural gas,,,0.0
Liechtenstein,1990,1A4C2,ABFLOW037,Oil,,,0.0
Liechtenstein,1990,1A5,ABFLOW038,Coal,,,0.0
Liechtenstein,1990,1A5,ABFLOW038,Natural gas,,,0.0
Liechtenstein,1990,1A5,ABFLOW038,Oil,,,0.0
Liechtenstein,1991,1A,ABFLOW001,Coal,,,0.0
Liechtenstein,1991,1A,ABFLOW001,Natural gas,,,0.0
Liechtenstein,1991,1A,ABFLOW001,Oil,,,0.0
Liechtenstein,1991,1A1A,ABFLOW002,Coal,,,0.0
Liechtenstein,1991,1A1A,ABFLOW002,Natural gas,,,0.0
Liechtenstein,1991,1A1A,ABFLOW002,Oil,,,0.0
Liechtenstein,1991,1A1A1,ABFLOW003,Coal,,,0.0
Liechtenstein,1991,1A1A1,ABFLOW003,Natural gas,,,0.0
Liechtenstein,1991,1A1A1,ABFLOW003,Oil,,,0.0
Liechtenstein,1991,1A1A2,ABFLOW004,Coal,,,0.0
Liechtenstein,1991,1A1A2,ABFLOW004,Natural gas,,,0.0
Liechtenstein,1991,1A1A2,ABFLOW004,Oil,,,0.0
Liechtenstein,1991,1A1A3,ABFLOW005,Coal,,,0.0
Liechtenstein,1991,1A1A3,ABFLOW005,Natural gas,,,0.0
Liechtenstein,1991,1A1A3,ABFLOW005,Oil,,,0.0
Liechtenstein,1991,1A1B,ABFLOW011,Coal,,,0.0
Liechtenstein,1991,1A1B,ABFLOW011,Natural gas,,,0.0
Liechtenstein,1991,1A1B,ABFLOW011,Oil,,,0.0
Liechtenstein,1991,1A1C,ABFLOW011,Coal,,,0.0
Liechtenstein,1991,1A1C,ABFLOW011,Natural gas,,,0.0
Liechtenstein,1991,1A1C,ABFLOW011,Oil,,,0.0
Liechtenstein,1991,1A2,ABFLOW012,Coal,,,0.0
Liechtenstein,1991,1A2,ABFLOW012,Natural gas,,,0.0
Liechtenstein,1991,1A2,ABFLOW012,Oil,,,0.0
Liechtenstein,1991,1A2A,ABFLOW016,Coal,,,0.0
Liechtenstein,1991,1A2A,ABFLOW016,Natural gas,,,0.0
Liechtenstein,1991,1A2A,ABFLOW016,Oil,,,0.0
Liechtenstein,1991,1A2B,ABFLOW018,Coal,,,0.0
Liechtenstein,1991,1A2B,ABFLOW018,Natural gas,,,0.0
Liechtenstein,1991,1A2B,ABFLOW018,Oil,,,0.0
Liechtenstein,1991,1A2C,ABFLOW017,Coal,,,0.0
Liechtenstein,1991,1A2C,ABFLOW017,Natural gas,,,0.0
Liechtenstein,1991,1A2C,ABFLOW017,Oil,,,0.0
Liechtenstein,1991,1A2D,ABFLOW023,Coal,,,0.0
Liechtenstein,1991,1A2D,ABFLOW023,Natural gas,,,0.0
Liechtenstein,1991,1A2D,ABFLOW023,Oil,,,0.0
Liechtenstein,1991,1A2E,ABFLOW022,Coal,,,0.0
Liechtenstein,1991,1A2E,ABFLOW022,Natural gas,,,0.0
Liechtenstein,1991,1A2E,ABFLOW022,Oil,,,0.0
Liechtenstein,1991,1A2F,ABFLOW019,Coal,,,0.0
Liechtenstein,1991,1A2F,ABFLOW019,Natural gas,,,0.0
Liechtenstein,1991,1A2F,ABFLOW019,Oil,,,0.0
Liechtenstein,1991,1A2G,ABFLOW020,Coal,,,0.0
Liechtenstein,1991,1A2G,ABFLOW020,Natural gas,,,0.0
Liechtenstein,1991,1A2G,ABFLOW020,Oil,,,0.0
Liechtenstein,1991,1A2H,ABFLOW021,Coal,,,0.0
Liechtenstein,1991,1A2H,ABFLOW021,Natural gas,,,0.0
Liechtenstein,1991,1A2H,ABFLOW021,Oil,,,0.0
Liechtenstein,1991,1A2I,ABFLOW013,Coal,,,0.0
Liechtenstein,1991,1A2I,ABFLOW013,Natural gas,,,0.0
Liechtenstein,1991,1A2I,ABFLOW013,Oil,,,0.0
Liechtenstein,1991,1A2J,ABFLOW024,Coal,,,0.0
Liechtenstein,1991,1A2J,ABFLOW024,Natural gas,,,0.0
Liechtenstein,1991,1A2J,ABFLOW024,Oil,,,0.0
Liechtenstein,1991,1A2K,ABFLOW014,Coal,,,0.0
Liechtenstein,1991,1A2K,ABFLOW014,Natural gas,,,0.0
Liechtenstein,1991,1A2K,ABFLOW014,Oil,,,0.0
Liechtenstein,1991,1A2L,ABFLOW025,Coal,,,0.0
Liechtenstein,1991,1A2L,ABFLOW025,Natural gas,,,0.0
Liechtenstein,1991,1A2L,ABFLOW025,Oil,,,0.0
Liechtenstein,1991,1A2M,ABFLOW026,Coal,,,0.0
Liechtenstein,1991,1A2M,ABFLOW026,Natural gas,,,0.0
Liechtenstein,1991,1A2M,ABFLOW026,Oil,,,0.0
Liechtenstein,1991,1A3,ABFLOW027,Coal,,,0.0
Liechtenstein,1991,1A3,ABFLOW027,Natural gas,,,0.0
Liechtenstein,1991,1A3,ABFLOW027,Oil,,,0.0
Liechtenstein,1991,1A3A1,ABFLOW040,Coal,,,0.0
Liechtenstein,1991,1A3A1,ABFLOW040,Natural gas,,,0.0
Liechtenstein,1991,1A3A1,ABFLOW040,Oil,,,0.0
Liechtenstein,1991,1A3A2,ABFLOW029,Coal,,,0.0
Liechtenstein,1991,1A3A2,ABFLOW029,Natural gas,,,0.0
Liechtenstein,1991,1A3A2,ABFLOW029,Oil,,,0.0
Liechtenstein,1991,1A3B,ABFLOW028,Coal,,,0.0
Liechtenstein,1991,1A3B,ABFLOW028,Natural gas,,,0.0
Liechtenstein,1991,1A3B,ABFLOW028,Oil,,,0.0
Liechtenstein,1991,1A3C,ABFLOW030,Coal,,,0.0
Liechtenstein,1991,1A3C,ABFLOW030,Natural gas,,,0.0
Liechtenstein,1991,1A3C,ABFLOW030,Oil,,,0.0
Liechtenstein,1991,1A3D1,ABFLOW039,Coal,,,0.0
Liechtenstein,1991,1A3D1,ABFLOW039,Natural gas,,,0.0
Liechtenstein,1991,1A3D1,ABFLOW039,Oil,,,0.0
Liechtenstein,1991,1A3D2,ABFLOW032,Coal,,,0.0
Liechtenstein,1991,1A3D2,ABFLOW032,Natural gas,,,0.0
Liechtenstein,1991,1A3D2,ABFLOW032,Oil,,,0.0
Liechtenstein,1991,1A3E1,ABFLOW033,Coal,,,0.0
Liechtenstein,1991,1A3E1,ABFLOW033,Natural gas,,,0.0
Liechtenstein,1991,1A3E1,ABFLOW033,Oil,,,0.0
Liechtenstein,1991,1A4A,ABFLOW035,Coal,,,0.0
Liechtenstein,1991,1A4A,ABFLOW035,Natural gas,,,0.0
Liechtenstein,1991,1A4A,ABFLOW035,Oil,,,0.0
Liechtenstein,1991,1A4B,ABFLOW034,Coal,,,0.0
Liechtenstein,1991,1A4B,ABFLOW034,Natural gas,,,0.0
Liechtenstein,1991,1A4B,ABFLOW034,Oil,,,0.0
Liechtenstein,1991,1A4C1,ABFLOW036,Coal,,,0.0
Liechtenstein,1991,1A4C1,ABFLOW036,Natural gas,,,0.0
Liechtenstein,1991,1A4C1,ABFLOW036,Oil,,,0.0
Liechtenstein,1991,1A4C2,ABFLOW037,Coal,,,0.0
Liechtenstein,1991,1A4C2,ABFLOW037,Natural gas,,,0.0
Liechtenstein,1991,1A4C2,ABFLOW037,Oil,,,0.0
Liechtenstein,1991,1A5,ABFLOW038,Coal,,,0.0
Liechtenstein,1991,1A5,ABFLOW038,Natural gas,,,0.0
Liechtenstein,1991,1A5,ABFLOW038,Oil,,,0.0
Liechtenstein,1992,1A,ABFLOW001,Coal,,,0.0
Liechtenstein,1992,1A,ABFLOW001,Natural gas,,,0.0
Liechtenstein,1992,1A,ABFLOW001,Oil,,,0.0
Liechtenstein,1992,1A1A,ABFLOW002,Coal,,,0.0
Liechtenstein,1992,1A1A,ABFLOW002,Natural gas,,,0.0
Liechtenstein,1992,1A1A,ABFLOW002,Oil,,,0.0
Liechtenstein,1992,1A1A1,ABFLOW003,Coal,,,0.0
Liechtenstein,1992,1A1A1,ABFLOW003,Natural gas,,,0.0
Liechtenstein,1992,1A1A1,ABFLOW003,Oil,,,0.0
Liechtenstein,1992,1A1A2,ABFLOW004,Coal,,,0.0
Liechtenstein,1992,1A1A2,ABFLOW004,Natural gas,,,0.0
Liechtenstein,1992,1A1A2,ABFLOW004,Oil,,,0.0
Liechtenstein,1992,1A1A3,ABFLOW005,Coal,,,0.0
Liechtenstein,1992,1A1A3,ABFLOW005,Natural gas,,,0.0
Liechtenstein,1992,1A1A3,ABFLOW005,Oil,,,0.0
Liechtenstein,1992,1A1B,ABFLOW011,Coal,,,0.0
Liechtenstein,1992,1A1B,ABFLOW011,Natural gas,,,0.0
Liechtenstein,1992,1A1B,ABFLOW011,Oil,,,0.0
Liechtenstein,1992,1A1C,ABFLOW011,Coal,,,0.0
Liechtenstein,1992,1A1C,ABFLOW011,Natural gas,,,0.0
Liechtenstein,1992,1A1C,ABFLOW011,Oil,,,0.0
Liechtenstein,1992,1A2,ABFLOW012,Coal,,,0.0
Liechtenstein,1992,1A2,ABFLOW012,Natural gas,,,0.0
Liechtenstein,1992,1A2,ABFLOW012,Oil,,,0.0
Liechtenstein,1992,1A2A,ABFLOW016,Coal,,,0.0
Liechtenstein,1992,1A2A,ABFLOW016,Natural gas,,,0.0
Liechtenstein,1992,1A2A,ABFLOW016,Oil,,,0.0
Liechtenstein,1992,1A2B,ABFLOW018,Coal,,,0.0
Liechtenstein,1992,1A2B,ABFLOW018,Natural gas,,,0.0
Liechtenstein,1992,1A2B,ABFLOW018,Oil,,,0.0
Liechtenstein,1992,1A2C,ABFLOW017,Coal,,,0.0
Liechtenstein,1992,1A2C,ABFLOW017,Natural gas,,,0.0
Liechtenstein,1992,1A2C,ABFLOW017,Oil,,,0.0
Liechtenstein,1992,1A2D,ABFLOW023,Coal,,,0.0
Liechtenstein,1992,1A2D,ABFLOW023,Natural gas,,,0.0
Liechtenstein,1992,1A2D,ABFLOW023,Oil,,,0.0
Liechtenstein,1992,1A2E,ABFLOW022,Coal,,,0.0
Liechtenstein,1992,1A2E,ABFLOW022,Natural gas,,,0.0
Liechtenstein,1992,1A2E,ABFLOW022,Oil,,,0.0
Liechtenstein,1992,1A2F,ABFLOW019,Coal,,,0.0
Liechtenstein,1992,1A2F,ABFLOW019,Natural gas,,,0.0
Liechtenstein,1992,1A2F,ABFLOW019,Oil,,,0.0
Liechtenstein,1992,1A2G,ABFLOW020,Coal,,,0.0
Liechtenstein,1992,1A2G,ABFLOW020,Natural gas,,,0.0
Liechtenstein,1992,1A2G,ABFLOW020,Oil,,,0.0
Liechtenstein,1992,1A2H,ABFLOW021,Coal,,,0.0
Liechtenstein,1992,1A2H,ABFLOW021,Natural gas,,,0.0
Liechtenstein,1992,1A2H,ABFLOW021,Oil,,,0.0
Liechtenstein,1992,1A2I,ABFLOW013,Coal,,,0.0
Liechtenstein,1992,1A2I,ABFLOW013,Natural gas,,,0.0
Liechtenstein,1992,1A2I,ABFLOW013,Oil,,,0.0
Liechtenstein,1992,1A2J,ABFLOW024,Coal,,,0.0
Liechtenstein,1992,1A2J,ABFLOW024,Natural gas,,,0.0
Liechtenstein,1992,1A2J,ABFLOW024,Oil,,,0.0
Liechtenstein,1992,1A2K,ABFLOW014,Coal,,,0.0
Liechtenstein,1992,1A2K,ABFLOW014,Natural gas,,,0.0
Liechtenstein,1992,1A2K,ABFLOW014,Oil,,,0.0
Liechtenstein,1992,1A2L,ABFLOW025,Coal,,,0.0
Liechtenstein,1992,1A2L,ABFLOW025,Natural gas,,,0.0
Liechtenstein,1992,1A2L,ABFLOW025,Oil,,,0.0
Liechtenstein,1992,1A2M,ABFLOW026,Coal,,,0.0
Liechtenstein,1992,1A2M,ABFLOW026,Natural gas,,,0.0
Liechtenstein,1992,1A2M,ABFLOW026,Oil,,,0.0
Liechtenstein,1992,1A3,ABFLOW027,Coal,,,0.0
Liechtenstein,1992,1A3,ABFLOW027,Natural gas,,,0.0
Liechtenstein,1992,1A3,ABFLOW027,Oil,,,0.0
Liechtenstein,1992,1A3A1,ABFLOW040,Coal,,,0.0
Liechtenstein,1992,1A3A1,ABFLOW040,Natural gas,,,0.0
Liechtenstein,1992,1A3A1,ABFLOW040,Oil,,,0.0
Liechtenstein,1992,1A3A2,ABFLOW029,Coal,,,0.0
Liechtenstein,1992,1A3A2,ABFLOW029,Natural gas,,,0.0
Liechtenstein,1992,1A3A2,ABFLOW029,Oil,,,0.0
Liechtenstein,1992,1A3B,ABFLOW028,Coal,,,0.0
Liechtenstein,1992,1A3B,ABFLOW028,Natural gas,,,0.0
Liechtenstein,1992,1A3B,ABFLOW028,Oil,,,0.0
Liechtenstein,1992,1A3C,ABFLOW030,Coal,,,0.0
Liechtenstein,1992,1A3C,ABFLOW030,Natural gas,,,0.0
Liechtenstein,1992,1A3C,ABFLOW030,Oil,,,0.0
Liechtenstein,1992,1A3D1,ABFLOW039,Coal,,,0.0
Liechtenstein,1992,1A3D1,ABFLOW039,Natural gas,,,0.0
Liechtenstein,1992,1A3D1,ABFLOW039,Oil,,,0.0
Liechtenstein,1992,1A3D2,ABFLOW032,Coal,,,0.0
Liechtenstein,1992,1A3D2,ABFLOW032,Natural gas,,,0.0
Liechtenstein,1992,1A3D2,ABFLOW032,Oil,,,0.0
Liechtenstein,1992,1A3E1,ABFLOW033,Coal,,,0.0
Liechtenstein,1992,1A3E1,ABFLOW033,Natural gas,,,0.0
Liechtenstein,1992,1A3E1,ABFLOW033,Oil,,,0.0
Liechtenstein,1992,1A4A,ABFLOW035,Coal,,,0.0
Liechtenstein,1992,1A4A,ABFLOW035,Natural gas,,,0.0
Liechtenstein,1992,1A4A,ABFLOW035,Oil,,,0.0
Liechtenstein,1992,1A4B,ABFLOW034,Coal,,,0.0
Liechtenstein,1992,1A4B,ABFLOW034,Natural gas,,,0.0
Liechtenstein,1992,1A4B,ABFLOW034,Oil,,,0.0
Liechtenstein,1992,1A4C1,ABFLOW036,Coal,,,0.0
Liechtenstein,1992,1A4C1,ABFLOW036,Natural gas,,,0.0
Liechtenstein,1992,1A4C1,ABFLOW036,Oil,,,0.0
Liechtenstein,1992,1A4C2,ABFLOW037,Coal,,,0.0
Liechtenstein,1992,1A4C2,ABFLOW037,Natural gas,,,0.0
Liechtenstein,1992,1A4C2,ABFLOW037,Oil,,,0.0
Liechtenstein,1992,1A5,ABFLOW038,Coal,,,0.0
Liechtenstein,1992,1A5,ABFLOW038,Natural gas,,,0.0
Liechtenstein,1992,1A5,ABFLOW038,Oil,,,0.0
Liechtenstein,1993,1A,ABFLOW001,Coal,,,0.0
Liechtenstein,1993,1A,ABFLOW001,Natural gas,,,0.0
Liechtenstein,1993,1A,ABFLOW001,Oil,,,0.0
Liechtenstein,1993,1A1A,ABFLOW002,Coal,,,0.0
Liechtenstein,1993,1A1A,ABFLOW002,Natural gas,,,0.0
Liechtenstein,1993,1A1A,ABFLOW002,Oil,,,0.0
Liechtenstein,1993,1A1A1,ABFLOW003,Coal,,,0.0
Liechtenstein,1993,1A1A1,ABFLOW003,Natural gas,,,0.0
Liechtenstein,1993,1A1A1,ABFLOW003,Oil,,,0.0
Liechtenstein,1993,1A1A2,ABFLOW004,Coal,,,0.0
Liechtenstein,1993,1A1A2,ABFLOW004,Natural gas,,,0.0
Liechtenstein,1993,1A1A2,ABFLOW004,Oil,,,0.0
Liechtenstein,1993,1A1A3,ABFLOW005,Coal,,,0.0
Liechtenstein,1993,1A1A3,ABFLOW005,Natural gas,,,0.0
Liechtenstein,1993,1A1A3,ABFLOW005,Oil,,,0.0
Liechtenstein,1993,1A1B,ABFLOW011,Coal,,,0.0
Liechtenstein,1993,1A1B,ABFLOW011,Natural gas,,,0.0
Liechtenstein,1993,1A1B,ABFLOW011,Oil,,,0.0
Liechtenstein,1993,1A1C,ABFLOW011,Coal,,,0.0
Liechtenstein,1993,1A1C,ABFLOW011,Natural gas,,,0.0
Liechtenstein,1993,1A1C,ABFLOW011,Oil,,,0.0
Liechtenstein,1993,1A2,ABFLOW012,Coal,,,0.0
Liechtenstein,1993,1A2,ABFLOW012,Natural gas,,,0.0
Liechtenstein,1993,1A2,ABFLOW012,Oil,,,0.0
Liechtenstein,1993,1A2A,ABFLOW016,Coal,,,0.0
Liechtenstein,1993,1A2A,ABFLOW016,Natural gas,,,0.0
Liechtenstein,1993,1A2A,ABFLOW016,Oil,,,0.0
Liechtenstein,1993,1A2B,ABFLOW018,Coal,,,0.0
Liechtenstein,1993,1A2B,ABFLOW018,Natural gas,,,0.0
Liechtenstein,1993,1A2B,ABFLOW018,Oil,,,0.0
Liechtenstein,1993,1A2C,ABFLOW017,Coal,,,0.0
Liechtenstein,1993,1A2C,ABFLOW017,Natural gas,,,0.0
Liechtenstein,1993,1A2C,ABFLOW017,Oil,,,0.0
Liechtenstein,1993,1A2D,ABFLOW023,Coal,,,0.0
Liechtenstein,1993,1A2D,ABFLOW023,Natural gas,,,0.0
Liechtenstein,1993,1A2D,ABFLOW023,Oil,,,0.0
Liechtenstein,1993,1A2E,ABFLOW022,Coal,,,0.0
Liechtenstein,1993,1A2E,ABFLOW022,Natural gas,,,0.0
Liechtenstein,1993,1A2E,ABFLOW022,Oil,,,0.0
Liechtenstein,1993,1A2F,ABFLOW019,Coal,,,0.0
Liechtenstein,1993,1A2F,ABFLOW019,Natural gas,,,0.0
Liechtenstein,1993,1A2F,ABFLOW019,Oil,,,0.0
Liechtenstein,1993,1A2G,ABFLOW020,Coal,,,0.0
Liechtenstein,1993,1A2G,ABFLOW020,Natural gas,,,0.0
Liechtenstein,1993,1A2G,ABFLOW020,Oil,,,0.0
Liechtenstein,1993,1A2H,ABFLOW021,Coal,,,0.0
Liechtenstein,1993,1A2H,ABFLOW021,Natural gas,,,0.0
Liechtenstein,1993,1A2H,ABFLOW021,Oil,,,0.0
Liechtenstein,1993,1A2I,ABFLOW013,Coal,,,0.0
Liechtenstein,1993,1A2I,ABFLOW013,Natural gas,,,0.0
Liechtenstein,1993,1A2I,ABFLOW013,Oil,,,0.0
Liechtenstein,1993,1A2J,ABFLOW024,Coal,,,0.0
Liechtenstein,1993,1A2J,ABFLOW024,Natural gas,,,0.0
Liechtenstein,1993,1A2J,ABFLOW024,Oil,,,0.0
Liechtenstein,1993,1A2K,ABFLOW014,Coal,,,0.0
Liechtenstein,1993,1A2K,ABFLOW014,Natural gas,,,0.0
Liechtenstein,1993,1A2K,ABFLOW014,Oil,,,0.0
Liechtenstein,1993,1A2L,ABFLOW025,Coal,,,0.0
Liechtenstein,1993,1A2L,ABFLOW025,Natural gas,,,0.0
Liechtenstein,1993,1A2L,ABFLOW025,Oil,,,0.0
Liechtenstein,1993,1A2M,ABFLOW026,Coal,,,0.0
Liechtenstein,1993,1A2M,ABFLOW026,Natural gas,,,0.0
Liechtenstein,1993,1A2M,ABFLOW026,Oil,,,0.0
Liechtenstein,1993,1A3,ABFLOW027,Coal,,,0.0
Liechtenstein,1993,1A3,ABFLOW027,Natural gas,,,0.0
Liechtenstein,1993,1A3,ABFLOW027,Oil,,,0.0
Liechtenstein,1993,1A3A1,ABFLOW040,Coal,,,0.0
Liechtenstein,1993,1A3A1,ABFLOW040,Natural gas,,,0.0
Liechtenstein,1993,1A3A1,ABFLOW040,Oil,,,0.0
Liechtenstein,1993,1A3A2,ABFLOW029,Coal,,,0.0
Liechtenstein,1993,1A3A2,ABFLOW029,Natural gas,,,0.0
Liechtenstein,1993,1A3A2,ABFLOW029,Oil,,,0.0
Liechtenstein,1993,1A3B,ABFLOW028,Coal,,,0.0
Liechtenstein,1993,1A3B,ABFLOW028,Natural gas,,,0.0
Liechtenstein,1993,1A3B,ABFLOW028,Oil,,,0.0
Liechtenstein,1993,1A3C,ABFLOW030,Coal,,,0.0
Liechtenstein,1993,1A3C,ABFLOW030,Natural gas,,,0.0
Liechtenstein,1993,1A3C,ABFLOW030,Oil,,,0.0
Liechtenstein,1993,1A3D1,ABFLOW039,Coal,,,0.0
Liechtenstein,1993,1A3D1,ABFLOW039,Natural gas,,,0.0
Liechtenstein,1993,1A3D1,ABFLOW039,Oil,,,0.0
Liechtenstein,1993,1A3D2,ABFLOW032,Coal,,,0.0
Liechtenstein,1993,1A3D2,ABFLOW032,Natural gas,,,0.0
Liechtenstein,1993,1A3D2,ABFLOW032,Oil,,,0.0
Liechtenstein,1993,1A3E1,ABFLOW033,Coal,,,0.0
Liechtenstein,1993,1A3E1,ABFLOW033,Natural gas,,,0.0
Liechtenstein,1993,1A3E1,ABFLOW033,Oil,,,0.0
Liechtenstein,1993,1A4A,ABFLOW035,Coal,,,0.0
Liechtenstein,1993,1A4A,ABFLOW035,Natural gas,,,0.0
Liechtenstein,1993,1A4A,ABFLOW035,Oil,,,0.0
Liechtenstein,1993,1A4B,ABFLOW034,Coal,,,0.0
Liechtenstein,1993,1A4B,ABFLOW034,Natural gas,,,0.0
Liechtenstein,1993,1A4B,ABFLOW034,Oil,,,0.0
Liechtenstein,1993,1A4C1,ABFLOW036,Coal,,,0.0
Liechtenstein,1993,1A4C1,ABFLOW036,Natural gas,,,0.0
Liechtenstein,1993,1A4C1,ABFLOW036,Oil,,,0.0
Liechtenstein,1993,1A4C2,ABFLOW037,Coal,,,0.0
Liechtenstein,1993,1A4C2,ABFLOW037,Natural gas,,,0.0
Liechtenstein,1993,1A4C2,ABFLOW037,Oil,,,0.0
Liechtenstein,1993,1A5,ABFLOW038,Coal,,,0.0
Liechtenstein,1993,1A5,ABFLOW038,Natural gas,,,0.0
Liechtenstein,1993,1A5,ABFLOW038,Oil,,,0.0
Liechtenstein,1994,1A,ABFLOW001,Coal,,,0.0
Liechtenstein,1994,1A,ABFLOW001,Natural gas,,,0.0
Liechtenstein,1994,1A,ABFLOW001,Oil,,,0.0
Liechtenstein,1994,1A1A,ABFLOW002,Coal,,,0.0
Liechtenstein,1994,1A1A,ABFLOW002,Natural gas,,,0.0
Liechtenstein,1994,1A1A,ABFLOW002,Oil,,,0.0
Liechtenstein,1994,1A1A1,ABFLOW003,Coal,,,0.0
Liechtenstein,1994,1A1A1,ABFLOW003,Natural gas,,,0.0
Liechtenstein,1994,1A1A1,ABFLOW003,Oil,,,0.0
Liechtenstein,1994,1A1A2,ABFLOW004,Coal,,,0.0
Liechtenstein,1994,1A1A2,ABFLOW004,Natural gas,,,0.0
Liechtenstein,1994,1A1A2,ABFLOW004,Oil,,,0.0
Liechtenstein,1994,1A1A3,ABFLOW005,Coal,,,0.0
Liechtenstein,1994,1A1A3,ABFLOW005,Natural gas,,,0.0
Liechtenstein,1994,1A1A3,ABFLOW005,Oil,,,0.0
Liechtenstein,1994,1A1B,ABFLOW011,Coal,,,0.0
Liechtenstein,1994,1A1B,ABFLOW011,Natural gas,,,0.0
Liechtenstein,1994,1A1B,ABFLOW011,Oil,,,0.0
Liechtenstein,1994,1A1C,ABFLOW011,Coal,,,0.0
Liechtenstein,1994,1A1C,ABFLOW011,Natural gas,,,0.0
Liechtenstein,1994,1A1C,ABFLOW011,Oil,,,0.0
Liechtenstein,1994,1A2,ABFLOW012,Coal,,,0.0
Liechtenstein,1994,1A2,ABFLOW012,Natural gas,,,0.0
Liechtenstein,1994,1A2,ABFLOW012,Oil,,,0.0
Liechtenstein,1994,1A2A,ABFLOW016,Coal,,,0.0
Liechtenstein,1994,1A2A,ABFLOW016,Natural gas,,,0.0
Liechtenstein,1994,1A2A,ABFLOW016,Oil,,,0.0
Liechtenstein,1994,1A2B,ABFLOW018,Coal,,,0.0
Liechtenstein,1994,1A2B,ABFLOW018,Natural gas,,,0.0
Liechtenstein,1994,1A2B,ABFLOW018,Oil,,,0.0
Liechtenstein,1994,1A2C,ABFLOW017,Coal,,,0.0
Liechtenstein,1994,1A2C,ABFLOW017,Natural gas,,,0.0
Liechtenstein,1994,1A2C,ABFLOW017,Oil,,,0.0
Liechtenstein,1994,1A2D,ABFLOW023,Coal,,,0.0
Liechtenstein,1994,1A2D,ABFLOW023,Natural gas,,,0.0
Liechtenstein,1994,1A2D,ABFLOW023,Oil,,,0.0
Liechtenstein,1994,1A2E,ABFLOW022,Coal,,,0.0
Liechtenstein,1994,1A2E,ABFLOW022,Natural gas,,,0.0
Liechtenstein,1994,1A2E,ABFLOW022,Oil,,,0.0
Liechtenstein,1994,1A2F,ABFLOW019,Coal,,,0.0
Liechtenstein,1994,1A2F,ABFLOW019,Natural gas,,,0.0
Liechtenstein,1994,1A2F,ABFLOW019,Oil,,,0.0
Liechtenstein,1994,1A2G,ABFLOW020,Coal,,,0.0
Liechtenstein,1994,1A2G,ABFLOW020,Natural gas,,,0.0
Liechtenstein,1994,1A2G,ABFLOW020,Oil,,,0.0
Liechtenstein,1994,1A2H,ABFLOW021,Coal,,,0.0
Liechtenstein,1994,1A2H,ABFLOW021,Natural gas,,,0.0
Liechtenstein,1994,1A2H,ABFLOW021,Oil,,,0.0
Liechtenstein,1994,1A2I,ABFLOW013,Coal,,,0.0
Liechtenstein,1994,1A2I,ABFLOW013,Natural gas,,,0.0
Liechtenstein,1994,1A2I,ABFLOW013,Oil,,,0.0
Liechtenstein,1994,1A2J,ABFLOW024,Coal,,,0.0
Liechtenstein,1994,1A2J,ABFLOW024,Natural gas,,,0.0
Liechtenstein,1994,1A2J,ABFLOW024,Oil,,,0.0
Liechtenstein,1994,1A2K,ABFLOW014,Coal,,,0.0
Liechtenstein,1994,1A2K,ABFLOW014,Natural gas,,,0.0
Liechtenstein,1994,1A2K,ABFLOW014,Oil,,,0.0
Liechtenstein,1994,1A2L,ABFLOW025,Coal,,,0.0
Liechtenstein,1994,1A2L,ABFLOW025,Natural gas,,,0.0
Liechtenstein,1994,1A2L,ABFLOW025,Oil,,,0.0
Liechtenstein,1994,1A2M,ABFLOW026,Coal,,,0.0
Liechtenstein,1994,1A2M,ABFLOW026,Natural gas,,,0.0
Liechtenstein,1994,1A2M,ABFLOW026,Oil,,,0.0
Liechtenstein,1994,1A3,ABFLOW027,Coal,,,0.0
Liechtenstein,1994,1A3,ABFLOW027,Natural gas,,,0.0
Liechtenstein,1994,1A3,ABFLOW027,Oil,,,0.0
Liechtenstein,1994,1A3A1,ABFLOW040,Coal,,,0.0
Liechtenstein,1994,1A3A1,ABFLOW040,Natural gas,,,0.0
Liechtenstein,1994,1A3A1,ABFLOW040,Oil,,,0.0
Liechtenstein,1994,1A3A2,ABFLOW029,Coal,,,0.0
Liechtenstein,1994,1A3A2,ABFLOW029,Natural gas,,,0.0
Liechtenstein,1994,1A3A2,ABFLOW029,Oil,,,0.0
Liechtenstein,1994,1A3B,ABFLOW028,Coal,,,0.0
Liechtenstein,1994,1A3B,ABFLOW028,Natural gas,,,0.0
Liechtenstein,1994,1A3B,ABFLOW028,Oil,,,0.0
Liechtenstein,1994,1A3C,ABFLOW030,Coal,,,0.0
Liechtenstein,1994,1A3C,ABFLOW030,Natural gas,,,0.0
Liechtenstein,1994,1A3C,ABFLOW030,Oil,,,0.0
Liechtenstein,1994,1A3D1,ABFLOW039,Coal,,,0.0
Liechtenstein,1994,1A3D1,ABFLOW039,Natural gas,,,0.0
Liechtenstein,1994,1A3D1,ABFLOW039,Oil,,,0.0
Liechtenstein,1994,1A3D2,ABFLOW032,Coal,,,0.0
Liechtenstein,1994,1A3D2,ABFLOW032,Natural gas,,,0.0
Liechtenstein,1994,1A3D2,ABFLOW032,Oil,,,0.0
Liechtenstein,1994,1A3E1,ABFLOW033,Coal,,,0.0
Liechtenstein,1994,1A3E1,ABFLOW033,Natural gas,,,0.0
Liechtenstein,1994,1A3E1,ABFLOW033,Oil,,,0.0
Liechtenstein,1994,1A4A,ABFLOW035,Coal,,,0.0
Liechtenstein,1994,1A4A,ABFLOW035,Natural gas,,,0.0
Liechtenstein,1994,1A4A,ABFLOW035,Oil,,,0.0
Liechtenstein,1994,1A4B,ABFLOW034,Coal,,,0.0
Liechtenstein,1994,1A4B,ABFLOW034,Natural gas,,,0.0
Liechtenstein,1994,1A4B,ABFLOW034,Oil,,,0.0
Liechtenstein,1994,1A4C1,ABFLOW036,Coal,,,0.0
Liechtenstein,1994,1A4C1,ABFLOW036,Natural gas,,,0.0
Liechtenstein,1994,1A4C1,ABFLOW036,Oil,,,0.0
Liechtenstein,1994,1A4C2,ABFLOW037,Coal,,,0.0
Liechtenstein,1994,1A4C2,ABFLOW037,Natural gas,,,0.0
Liechtenstein,1994,1A4C2,ABFLOW037,Oil,,,0.0
Liechtenstein,1994,1A5,ABFLOW038,Coal,,,0.0
Liechtenstein,1994,1A5,ABFLOW038,Natural gas,,,0.0
Liechtenstein,1994,1A5,ABFLOW038,Oil,,,0.0
Liechtenstein,1995,1A,ABFLOW001,Coal,,,0.0
Liechtenstein,1995,1A,ABFLOW001,Natural gas,,,0.0
Liechtenstein,1995,1A,ABFLOW001,Oil,,,0.0
Liechtenstein,1995,1A1A,ABFLOW002,Coal,,,0.0
Liechtenstein,1995,1A1A,ABFLOW002,Natural gas,,,0.0
Liechtenstein,1995,1A1A,ABFLOW002,Oil,,,0.0
Liechtenstein,1995,1A1A1,ABFLOW003,Coal,,,0.0
Liechtenstein,1995,1A1A1,ABFLOW003,Natural gas,,,0.0
Liechtenstein,1995,1A1A1,ABFLOW003,Oil,,,0.0
Liechtenstein,1995,1A1A2,ABFLOW004,Coal,,,0.0
Liechtenstein,1995,1A1A2,ABFLOW004,Natural gas,,,0.0
Liechtenstein,1995,1A1A2,ABFLOW004,Oil,,,0.0
Liechtenstein,1995,1A1A3,ABFLOW005,Coal,,,0.0
Liechtenstein,1995,1A1A3,ABFLOW005,Natural gas,,,0.0
Liechtenstein,1995,1A1A3,ABFLOW005,Oil,,,0.0
Liechtenstein,1995,1A1B,ABFLOW011,Coal,,,0.0
Liechtenstein,1995,1A1B,ABFLOW011,Natural gas,,,0.0
Liechtenstein,1995,1A1B,ABFLOW011,Oil,,,0.0
Liechtenstein,1995,1A1C,ABFLOW011,Coal,,,0.0
Liechtenstein,1995,1A1C,ABFLOW011,Natural gas,,,0.0
Liechtenstein,1995,1A1C,ABFLOW011,Oil,,,0.0
Liechtenstein,1995,1A2,ABFLOW012,Coal,,,0.0
Liechtenstein,1995,1A2,ABFLOW012,Natural gas,,,0.0
Liechtenstein,1995,1A2,ABFLOW012,Oil,,,0.0
Liechtenstein,1995,1A2A,ABFLOW016,Coal,,,0.0
Liechtenstein,1995,1A2A,ABFLOW016,Natural gas,,,0.0
Liechtenstein,1995,1A2A,ABFLOW016,Oil,,,0.0
Liechtenstein,1995,1A2B,ABFLOW018,Coal,,,0.0
Liechtenstein,1995,1A2B,ABFLOW018,Natural gas,,,0.0
Liechtenstein,1995,1A2B,ABFLOW018,Oil,,,0.0
Liechtenstein,1995,1A2C,ABFLOW017,Coal,,,0.0
Liechtenstein,1995,1A2C,ABFLOW017,Natural gas,,,0.0
Liechtenstein,1995,1A2C,ABFLOW017,Oil,,,0.0
Liechtenstein,1995,1A2D,ABFLOW023,Coal,,,0.0
Liechtenstein,1995,1A2D,ABFLOW023,Natural gas,,,0.0
Liechtenstein,1995,1A2D,ABFLOW023,Oil,,,0.0
Liechtenstein,1995,1A2E,ABFLOW022,Coal,,,0.0
Liechtenstein,1995,1A2E,ABFLOW022,Natural gas,,,0.0
Liechtenstein,1995,1A2E,ABFLOW022,Oil,,,0.0
Liechtenstein,1995,1A2F,ABFLOW019,Coal,,,0.0
Liechtenstein,1995,1A2F,ABFLOW019,Natural gas,,,0.0
Liechtenstein,1995,1A2F,ABFLOW019,Oil,,,0.0
Liechtenstein,1995,1A2G,ABFLOW020,Coal,,,0.0
Liechtenstein,1995,1A2G,ABFLOW020,Natural gas,,,0.0
Liechtenstein,1995,1A2G,ABFLOW020,Oil,,,0.0
Liechtenstein,1995,1A2H,ABFLOW021,Coal,,,0.0
Liechtenstein,1995,1A2H,ABFLOW021,Natural gas,,,0.0
Liechtenstein,1995,1A2H,ABFLOW021,Oil,,,0.0
Liechtenstein,1995,1A2I,ABFLOW013,Coal,,,0.0
Liechtenstein,1995,1A2I,ABFLOW013,Natural gas,,,0.0
Liechtenstein,1995,1A2I,ABFLOW013,Oil,,,0.0
Liechtenstein,1995,1A2J,ABFLOW024,Coal,,,0.0
Liechtenstein,1995,1A2J,ABFLOW024,Natural gas,,,0.0
Liechtenstein,1995,1A2J,ABFLOW024,Oil,,,0.0
Liechtenstein,1995,1A2K,ABFLOW014,Coal,,,0.0
Liechtenstein,1995,1A2K,ABFLOW014,Natural gas,,,0.0
Liechtenstein,1995,1A2K,ABFLOW014,Oil,,,0.0
Liechtenstein,1995,1A2L,ABFLOW025,Coal,,,0.0
Liechtenstein,1995,1A2L,ABFLOW025,Natural gas,,,0.0
Liechtenstein,1995,1A2L,ABFLOW025,Oil,,,0.0
Liechtenstein,1995,1A2M,ABFLOW026,Coal,,,0.0
Liechtenstein,1995,1A2M,ABFLOW026,Natural gas,,,0.0
Liechtenstein,1995,1A2M,ABFLOW026,Oil,,,0.0
Liechtenstein,1995,1A3,ABFLOW027,Coal,,,0.0
Liechtenstein,1995,1A3,ABFLOW027,Natural gas,,,0.0
Liechtenstein,1995,1A3,ABFLOW027,Oil,,,0.0
Liechtenstein,1995,1A3A1,ABFLOW040,Coal,,,0.0
Liechtenstein,1995,1A3A1,ABFLOW040,Natural gas,,,0.0
Liechtenstein,1995,1A3A1,ABFLOW040,Oil,,,0.0
Liechtenstein,1995,1A3A2,ABFLOW029,Coal,,,0.0
Liechtenstein,1995,1A3A2,ABFLOW029,Natural gas,,,0.0
Liechtenstein,1995,1A3A2,ABFLOW029,Oil,,,0.0
Liechtenstein,1995,1A3B,ABFLOW028,Coal,,,0.0
Liechtenstein,1995,1A3B,ABFLOW028,Natural gas,,,0.0
Liechtenstein,1995,1A3B,ABFLOW028,Oil,,,0.0
Liechtenstein,1995,1A3C,ABFLOW030,Coal,,,0.0
Liechtenstein,1995,1A3C,ABFLOW030,Natural gas,,,0.0
Liechtenstein,1995,1A3C,ABFLOW030,Oil,,,0.0
Liechtenstein,1995,1A3D1,ABFLOW039,Coal,,,0.0
Liechtenstein,1995,1A3D1,ABFLOW039,Natural gas,,,0.0
Liechtenstein,1995,1A3D1,ABFLOW039,Oil,,,0.0
Liechtenstein,1995,1A3D2,ABFLOW032,Coal,,,0.0
Liechtenstein,1995,1A3D2,ABFLOW032,Natural gas,,,0.0
Liechtenstein,1995,1A3D2,ABFLOW032,Oil,,,0.0
Liechtenstein,1995,1A3E1,ABFLOW033,Coal,,,0.0
Liechtenstein,1995,1A3E1,ABFLOW033,Natural gas,,,0.0
Liechtenstein,1995,1A3E1,ABFLOW033,Oil,,,0.0
Liechtenstein,1995,1A4A,ABFLOW035,Coal,,,0.0
Liechtenstein,1995,1A4A,ABFLOW035,Natural gas,,,0.0
Liechtenstein,1995,1A4A,ABFLOW035,Oil,,,0.0
Liechtenstein,1995,1A4B,ABFLOW034,Coal,,,0.0
Liechtenstein,1995,1A4B,ABFLOW034,Natural gas,,,0.0
Liechtenstein,1995,1A4B,ABFLOW034,Oil,,,0.0
Liechtenstein,1995,1A4C1,ABFLOW036,Coal,,,0.0
Liechtenstein,1995,1A4C1,ABFLOW036,Natural gas,,,0.0
Liechtenstein,1995,1A4C1,ABFLOW036,Oil,,,0.0
Liechtenstein,1995,1A4C2,ABFLOW037,Coal,,,0.0
Liechtenstein,1995,1A4C2,ABFLOW037,Natural gas,,,0.0
Liechtenstein,1995,1A4C2,ABFLOW037,Oil,,,0.0
Liechtenstein,1995,1A5,ABFLOW038,Coal,,,0.0
Liechtenstein,1995,1A5,ABFLOW038,Natural gas,,,0.0
Liechtenstein,1995,1A5,ABFLOW038,Oil,,,0.0
Liechtenstein,1996,1A,ABFLOW001,Coal,,,0.0
Liechtenstein,1996,1A,ABFLOW001,Natural gas,,,0.0
Liechtenstein,1996,1A,ABFLOW001,Oil,,,0.0
Liechtenstein,1996,1A1A,ABFLOW002,Coal,,,0.0
Liechtenstein,1996,1A1A,ABFLOW002,Natural gas,,,0.0
Liechtenstein,1996,1A1A,ABFLOW002,Oil,,,0.0
Liechtenstein,1996,1A1A1,ABFLOW003,Coal,,,0.0
Liechtenstein,1996,1A1A1,ABFLOW003,Natural gas,,,0.0
Liechtenstein,1996,1A1A1,ABFLOW003,Oil,,,0.0
Liechtenstein,1996,1A1A2,ABFLOW004,Coal,,,0.0
Liechtenstein,1996,1A1A2,ABFLOW004,Natural gas,,,0.0
Liechtenstein,1996,1A1A2,ABFLOW004,Oil,,,0.0
Liechtenstein,1996,1A1A3,ABFLOW005,Coal,,,0.0
Liechtenstein,1996,1A1A3,ABFLOW005,Natural gas,,,0.0
Liechtenstein,1996,1A1A3,ABFLOW005,Oil,,,0.0
Liechtenstein,1996,1A1B,ABFLOW011,Coal,,,0.0
Liechtenstein,1996,1A1B,ABFLOW011,Natural gas,,,0.0
Liechtenstein,1996,1A1B,ABFLOW011,Oil,,,0.0
Liechtenstein,1996,1A1C,ABFLOW011,Coal,,,0.0
Liechtenstein,1996,1A1C,ABFLOW011,Natural gas,,,0.0
Liechtenstein,1996,1A1C,ABFLOW011,Oil,,,0.0
Liechtenstein,1996,1A2,ABFLOW012,Coal,,,0.0
Liechtenstein,1996,1A2,ABFLOW012,Natural gas,,,0.0
Liechtenstein,1996,1A2,ABFLOW012,Oil,,,0.0
Liechtenstein,1996,1A2A,ABFLOW016,Coal,,,0.0
Liechtenstein,1996,1A2A,ABFLOW016,Natural gas,,,0.0
Liechtenstein,1996,1A2A,ABFLOW016,Oil,,,0.0
Liechtenstein,1996,1A2B,ABFLOW018,Coal,,,0.0
Liechtenstein,1996,1A2B,ABFLOW018,Natural gas,,,0.0
Liechtenstein,1996,1A2B,ABFLOW018,Oil,,,0.0
Liechtenstein,1996,1A2C,ABFLOW017,Coal,,,0.0
Liechtenstein,1996,1A2C,ABFLOW017,Natural gas,,,0.0
Liechtenstein,1996,1A2C,ABFLOW017,Oil,,,0.0
Liechtenstein,1996,1A2D,ABFLOW023,Coal,,,0.0
Liechtenstein,1996,1A2D,ABFLOW023,Natural gas,,,0.0
Liechtenstein,1996,1A2D,ABFLOW023,Oil,,,0.0
Liechtenstein,1996,1A2E,ABFLOW022,Coal,,,0.0
Liechtenstein,1996,1A2E,ABFLOW022,Natural gas,,,0.0
Liechtenstein,1996,1A2E,ABFLOW022,Oil,,,0.0
Liechtenstein,1996,1A2F,ABFLOW019,Coal,,,0.0
Liechtenstein,1996,1A2F,ABFLOW019,Natural gas,,,0.0
Liechtenstein,1996,1A2F,ABFLOW019,Oil,,,0.0
Liechtenstein,1996,1A2G,ABFLOW020,Coal,,,0.0
Liechtenstein,1996,1A2G,ABFLOW020,Natural gas,,,0.0
Liechtenstein,1996,1A2G,ABFLOW020,Oil,,,0.0
Liechtenstein,1996,1A2H,ABFLOW021,Coal,,,0.0
Liechtenstein,1996,1A2H,ABFLOW021,Natural gas,,,0.0
Liechtenstein,1996,1A2H,ABFLOW021,Oil,,,0.0
Liechtenstein,1996,1A2I,ABFLOW013,Coal,,,0.0
Liechtenstein,1996,1A2I,ABFLOW013,Natural gas,,,0.0
Liechtenstein,1996,1A2I,ABFLOW013,Oil,,,0.0
Liechtenstein,1996,1A2J,ABFLOW024,Coal,,,0.0
Liechtenstein,1996,1A2J,ABFLOW024,Natural gas,,,0.0
Liechtenstein,1996,1A2J,ABFLOW024,Oil,,,0.0
Liechtenstein,1996,1A2K,ABFLOW014,Coal,,,0.0
Liechtenstein,1996,1A2K,ABFLOW014,Natural gas,,,0.0
Liechtenstein,1996,1A2K,ABFLOW014,Oil,,,0.0
Liechtenstein,1996,1A2L,ABFLOW025,Coal,,,0.0
Liechtenstein,1996,1A2L,ABFLOW025,Natural gas,,,0.0
Liechtenstein,1996,1A2L,ABFLOW025,Oil,,,0.0
Liechtenstein,1996,1A2M,ABFLOW026,Coal,,,0.0
Liechtenstein,1996,1A2M,ABFLOW026,Natural gas,,,0.0
Liechtenstein,1996,1A2M,ABFLOW026,Oil,,,0.0
Liechtenstein,1996,1A3,ABFLOW027,Coal,,,0.0
Liechtenstein,1996,1A3,ABFLOW027,Natural gas,,,0.0
Liechtenstein,1996,1A3,ABFLOW027,Oil,,,0.0
Liechtenstein,1996,1A3A1,ABFLOW040,Coal,,,0.0
Liechtenstein,1996,1A3A1,ABFLOW040,Natural gas,,,0.0
Liechtenstein,1996,1A3A1,ABFLOW040,Oil,,,0.0
Liechtenstein,1996,1A3A2,ABFLOW029,Coal,,,0.0
Liechtenstein,1996,1A3A2,ABFLOW029,Natural gas,,,0.0
Liechtenstein,1996,1A3A2,ABFLOW029,Oil,,,0.0
Liechtenstein,1996,1A3B,ABFLOW028,Coal,,,0.0
Liechtenstein,1996,1A3B,ABFLOW028,Natural gas,,,0.0
Liechtenstein,1996,1A3B,ABFLOW028,Oil,,,0.0
Liechtenstein,1996,1A3C,ABFLOW030,Coal,,,0.0
Liechtenstein,1996,1A3C,ABFLOW030,Natural gas,,,0.0
Liechtenstein,1996,1A3C,ABFLOW030,Oil,,,0.0
Liechtenstein,1996,1A3D1,ABFLOW039,Coal,,,0.0
Liechtenstein,1996,1A3D1,ABFLOW039,Natural gas,,,0.0
Liechtenstein,1996,1A3D1,ABFLOW039,Oil,,,0.0
Liechtenstein,1996,1A3D2,ABFLOW032,Coal,,,0.0
Liechtenstein,1996,1A3D2,ABFLOW032,Natural gas,,,0.0
Liechtenstein,1996,1A3D2,ABFLOW032,Oil,,,0.0
Liechtenstein,1996,1A3E1,ABFLOW033,Coal,,,0.0
Liechtenstein,1996,1A3E1,ABFLOW033,Natural gas,,,0.0
Liechtenstein,1996,1A3E1,ABFLOW033,Oil,,,0.0
Liechtenstein,1996,1A4A,ABFLOW035,Coal,,,0.0
Liechtenstein,1996,1A4A,ABFLOW035,Natural gas,,,0.0
Liechtenstein,1996,1A4A,ABFLOW035,Oil,,,0.0
Liechtenstein,1996,1A4B,ABFLOW034,Coal,,,0.0
Liechtenstein,1996,1A4B,ABFLOW034,Natural gas,,,0.0
Liechtenstein,1996,1A4B,ABFLOW034,Oil,,,0.0
Liechtenstein,1996,1A4C1,ABFLOW036,Coal,,,0.0
Liechtenstein,1996,1A4C1,ABFLOW036,Natural gas,,,0.0
Liechtenstein,1996,1A4C1,ABFLOW036,Oil,,,0.0
Liechtenstein,1996,1A4C2,ABFLOW037,Coal,,,0.0
Liechtenstein,1996,1A4C2,ABFLOW037,Natural gas,,,0.0
Liechtenstein,1996,1A4C2,ABFLOW037,Oil,,,0.0
Liechtenstein,1996,1A5,ABFLOW038,Coal,,,0.0
Liechtenstein,1996,1A5,ABFLOW038,Natural gas,,,0.0
Liechtenstein,1996,1A5,ABFLOW038,Oil,,,0.0
Liechtenstein,1997,1A,ABFLOW001,Coal,,,0.0
Liechtenstein,1997,1A,ABFLOW001,Natural gas,,,0.0
Liechtenstein,1997,1A,ABFLOW001,Oil,,,0.0
Liechtenstein,1997,1A1A,ABFLOW002,Coal,,,0.0
Liechtenstein,1997,1A1A,ABFLOW002,Natural gas,,,0.0
Liechtenstein,1997,1A1A,ABFLOW002,Oil,,,0.0
Liechtenstein,1997,1A1A1,ABFLOW003,Coal,,,0.0
Liechtenstein,1997,1A1A1,ABFLOW003,Natural gas,,,0.0
Liechtenstein,1997,1A1A1,ABFLOW003,Oil,,,0.0
Liechtenstein,1997,1A1A2,ABFLOW004,Coal,,,0.0
Liechtenstein,1997,1A1A2,ABFLOW004,Natural gas,,,0.0
Liechtenstein,1997,1A1A2,ABFLOW004,Oil,,,0.0
Liechtenstein,1997,1A1A3,ABFLOW005,Coal,,,0.0
Liechtenstein,1997,1A1A3,ABFLOW005,Natural gas,,,0.0
Liechtenstein,1997,1A1A3,ABFLOW005,Oil,,,0.0
Liechtenstein,1997,1A1B,ABFLOW011,Coal,,,0.0
Liechtenstein,1997,1A1B,ABFLOW011,Natural gas,,,0.0
Liechtenstein,1997,1A1B,ABFLOW011,Oil,,,0.0
Liechtenstein,1997,1A1C,ABFLOW011,Coal,,,0.0
Liechtenstein,1997,1A1C,ABFLOW011,Natural gas,,,0.0
Liechtenstein,1997,1A1C,ABFLOW011,Oil,,,0.0
Liechtenstein,1997,1A2,ABFLOW012,Coal,,,0.0
Liechtenstein,1997,1A2,ABFLOW012,Natural gas,,,0.0
Liechtenstein,1997,1A2,ABFLOW012,Oil,,,0.0
Liechtenstein,1997,1A2A,ABFLOW016,Coal,,,0.0
Liechtenstein,1997,1A2A,ABFLOW016,Natural gas,,,0.0
Liechtenstein,1997,1A2A,ABFLOW016,Oil,,,0.0
Liechtenstein,1997,1A2B,ABFLOW018,Coal,,,0.0
Liechtenstein,1997,1A2B,ABFLOW018,Natural gas,,,0.0
Liechtenstein,1997,1A2B,ABFLOW018,Oil,,,0.0
Liechtenstein,1997,1A2C,ABFLOW017,Coal,,,0.0
Liechtenstein,1997,1A2C,ABFLOW017,Natural gas,,,0.0
Liechtenstein,1997,1A2C,ABFLOW017,Oil,,,0.0
Liechtenstein,1997,1A2D,ABFLOW023,Coal,,,0.0
Liechtenstein,1997,1A2D,ABFLOW023,Natural gas,,,0.0
Liechtenstein,1997,1A2D,ABFLOW023,Oil,,,0.0
Liechtenstein,1997,1A2E,ABFLOW022,Coal,,,0.0
Liechtenstein,1997,1A2E,ABFLOW022,Natural gas,,,0.0
Liechtenstein,1997,1A2E,ABFLOW022,Oil,,,0.0
Liechtenstein,1997,1A2F,ABFLOW019,Coal,,,0.0
Liechtenstein,1997,1A2F,ABFLOW019,Natural gas,,,0.0
Liechtenstein,1997,1A2F,ABFLOW019,Oil,,,0.0
Liechtenstein,1997,1A2G,ABFLOW020,Coal,,,0.0
Liechtenstein,1997,1A2G,ABFLOW020,Natural gas,,,0.0
Liechtenstein,1997,1A2G,ABFLOW020,Oil,,,0.0
Liechtenstein,1997,1A2H,ABFLOW021,Coal,,,0.0
Liechtenstein,1997,1A2H,ABFLOW021,Natural gas,,,0.0
Liechtenstein,1997,1A2H,ABFLOW021,Oil,,,0.0
Liechtenstein,1997,1A2I,ABFLOW013,Coal,,,0.0
Liechtenstein,1997,1A2I,ABFLOW013,Natural gas,,,0.0
Liechtenstein,1997,1A2I,ABFLOW013,Oil,,,0.0
Liechtenstein,1997,1A2J,ABFLOW024,Coal,,,0.0
Liechtenstein,1997,1A2J,ABFLOW024,Natural gas,,,0.0
Liechtenstein,1997,1A2J,ABFLOW024,Oil,,,0.0
Liechtenstein,1997,1A2K,ABFLOW014,Coal,,,0.0
Liechtenstein,1997,1A2K,ABFLOW014,Natural gas,,,0.0
Liechtenstein,1997,1A2K,ABFLOW014,Oil,,,0.0
Liechtenstein,1997,1A2L,ABFLOW025,Coal,,,0.0
Liechtenstein,1997,1A2L,ABFLOW025,Natural gas,,,0.0
Liechtenstein,1997,1A2L,ABFLOW025,Oil,,,0.0
Liechtenstein,1997,1A2M,ABFLOW026,Coal,,,0.0
Liechtenstein,1997,1A2M,ABFLOW026,Natural gas,,,0.0
Liechtenstein,1997,1A2M,ABFLOW026,Oil,,,0.0
Liechtenstein,1997,1A3,ABFLOW027,Coal,,,0.0
Liechtenstein,1997,1A3,ABFLOW027,Natural gas,,,0.0
Liechtenstein,1997,1A3,ABFLOW027,Oil,,,0.0
Liechtenstein,1997,1A3A1,ABFLOW040,Coal,,,0.0
Liechtenstein,1997,1A3A1,ABFLOW040,Natural gas,,,0.0
Liechtenstein,1997,1A3A1,ABFLOW040,Oil,,,0.0
Liechtenstein,1997,1A3A2,ABFLOW029,Coal,,,0.0
Liechtenstein,1997,1A3A2,ABFLOW029,Natural gas,,,0.0
Liechtenstein,1997,1A3A2,ABFLOW029,Oil,,,0.0
Liechtenstein,1997,1A3B,ABFLOW028,Coal,,,0.0
Liechtenstein,1997,1A3B,ABFLOW028,Natural gas,,,0.0
Liechtenstein,1997,1A3B,ABFLOW028,Oil,,,0.0
Liechtenstein,1997,1A3C,ABFLOW030,Coal,,,0.0
Liechtenstein,1997,1A3C,ABFLOW030,Natural gas,,,0.0
Liechtenstein,1997,1A3C,ABFLOW030,Oil,,,0.0
Liechtenstein,1997,1A3D1,ABFLOW039,Coal,,,0.0
Liechtenstein,1997,1A3D1,ABFLOW039,Natural gas,,,0.0
Liechtenstein,1997,1A3D1,ABFLOW039,Oil,,,0.0
Liechtenstein,1997,1A3D2,ABFLOW032,Coal,,,0.0
Liechtenstein,1997,1A3D2,ABFLOW032,Natural gas,,,0.0
Liechtenstein,1997,1A3D2,ABFLOW032,Oil,,,0.0
Liechtenstein,1997,1A3E1,ABFLOW033,Coal,,,0.0
Liechtenstein,1997,1A3E1,ABFLOW033,Natural gas,,,0.0
Liechtenstein,1997,1A3E1,ABFLOW033,Oil,,,0.0
Liechtenstein,1997,1A4A,ABFLOW035,Coal,,,0.0
Liechtenstein,1997,1A4A,ABFLOW035,Natural gas,,,0.0
Liechtenstein,1997,1A4A,ABFLOW035,Oil,,,0.0
Liechtenstein,1997,1A4B,ABFLOW034,Coal,,,0.0
Liechtenstein,1997,1A4B,ABFLOW034,Natural gas,,,0.0
Liechtenstein,1997,1A4B,ABFLOW034,Oil,,,0.0
Liechtenstein,1997,1A4C1,ABFLOW036,Coal,,,0.0
Liechtenstein,1997,1A4C1,ABFLOW036,Natural gas,,,0.0
Liechtenstein,1997,1A4C1,ABFLOW036,Oil,,,0.0
Liechtenstein,1997,1A4C2,ABFLOW037,Coal,,,0.0
Liechtenstein,1997,1A4C2,ABFLOW037,Natural gas,,,0.0
Liechtenstein,1997,1A4C2,ABFLOW037,Oil,,,0.0
Liechtenstein,1997,1A5,ABFLOW038,Coal,,,0.0
Liechtenstein,1997,1A5,ABFLOW038,Natural gas,,,0.0
Liechtenstein,1997,1A5,ABFLOW038,Oil,,,0.0
Liechtenstein,1998,1A,ABFLOW001,Coal,,,0.0
Liechtenstein,1998,1A,ABFLOW001,Natural gas,,,0.0
Liechtenstein,1998,1A,ABFLOW001,Oil,,,0.0
Liechtenstein,1998,1A1A,ABFLOW002,Coal,,,0.0
Liechtenstein,1998,1A1A,ABFLOW002,Natural gas,,,0.0
Liechtenstein,1998,1A1A,ABFLOW002,Oil,,,0.0
Liechtenstein,1998,1A1A1,ABFLOW003,Coal,,,0.0
Liechtenstein,1998,1A1A1,ABFLOW003,Natural gas,,,0.0
Liechtenstein,1998,1A1A1,ABFLOW003,Oil,,,0.0
Liechtenstein,1998,1A1A2,ABFLOW004,Coal,,,0.0
Liechtenstein,1998,1A1A2,ABFLOW004,Natural gas,,,0.0
Liechtenstein,1998,1A1A2,ABFLOW004,Oil,,,0.0
Liechtenstein,1998,1A1A3,ABFLOW005,Coal,,,0.0
Liechtenstein,1998,1A1A3,ABFLOW005,Natural gas,,,0.0
Liechtenstein,1998,1A1A3,ABFLOW005,Oil,,,0.0
Liechtenstein,1998,1A1B,ABFLOW011,Coal,,,0.0
Liechtenstein,1998,1A1B,ABFLOW011,Natural gas,,,0.0
Liechtenstein,1998,1A1B,ABFLOW011,Oil,,,0.0
Liechtenstein,1998,1A1C,ABFLOW011,Coal,,,0.0
Liechtenstein,1998,1A1C,ABFLOW011,Natural gas,,,0.0
Liechtenstein,1998,1A1C,ABFLOW011,Oil,,,0.0
Liechtenstein,1998,1A2,ABFLOW012,Coal,,,0.0
Liechtenstein,1998,1A2,ABFLOW012,Natural gas,,,0.0
Liechtenstein,1998,1A2,ABFLOW012,Oil,,,0.0
Liechtenstein,1998,1A2A,ABFLOW016,Coal,,,0.0
Liechtenstein,1998,1A2A,ABFLOW016,Natural gas,,,0.0
Liechtenstein,1998,1A2A,ABFLOW016,Oil,,,0.0
Liechtenstein,1998,1A2B,ABFLOW018,Coal,,,0.0
Liechtenstein,1998,1A2B,ABFLOW018,Natural gas,,,0.0
Liechtenstein,1998,1A2B,ABFLOW018,Oil,,,0.0
Liechtenstein,1998,1A2C,ABFLOW017,Coal,,,0.0
Liechtenstein,1998,1A2C,ABFLOW017,Natural gas,,,0.0
Liechtenstein,1998,1A2C,ABFLOW017,Oil,,,0.0
Liechtenstein,1998,1A2D,ABFLOW023,Coal,,,0.0
Liechtenstein,1998,1A2D,ABFLOW023,Natural gas,,,0.0
Liechtenstein,1998,1A2D,ABFLOW023,Oil,,,0.0
Liechtenstein,1998,1A2E,ABFLOW022,Coal,,,0.0
Liechtenstein,1998,1A2E,ABFLOW022,Natural gas,,,0.0
Liechtenstein,1998,1A2E,ABFLOW022,Oil,,,0.0
Liechtenstein,1998,1A2F,ABFLOW019,Coal,,,0.0
Liechtenstein,1998,1A2F,ABFLOW019,Natural gas,,,0.0
Liechtenstein,1998,1A2F,ABFLOW019,Oil,,,0.0
Liechtenstein,1998,1A2G,ABFLOW020,Coal,,,0.0
Liechtenstein,1998,1A2G,ABFLOW020,Natural gas,,,0.0
Liechtenstein,1998,1A2G,ABFLOW020,Oil,,,0.0
Liechtenstein,1998,1A2H,ABFLOW021,Coal,,,0.0
Liechtenstein,1998,1A2H,ABFLOW021,Natural gas,,,0.0
Liechtenstein,1998,1A2H,ABFLOW021,Oil,,,0.0
Liechtenstein,1998,1A2I,ABFLOW013,Coal,,,0.0
Liechtenstein,1998,1A2I,ABFLOW013,Natural gas,,,0.0
Liechtenstein,1998,1A2I,ABFLOW013,Oil,,,0.0
Liechtenstein,1998,1A2J,ABFLOW024,Coal,,,0.0
Liechtenstein,1998,1A2J,ABFLOW024,Natural gas,,,0.0
Liechtenstein,1998,1A2J,ABFLOW024,Oil,,,0.0
Liechtenstein,1998,1A2K,ABFLOW014,Coal,,,0.0
Liechtenstein,1998,1A2K,ABFLOW014,Natural gas,,,0.0
Liechtenstein,1998,1A2K,ABFLOW014,Oil,,,0.0
Liechtenstein,1998,1A2L,ABFLOW025,Coal,,,0.0
Liechtenstein,1998,1A2L,ABFLOW025,Natural gas,,,0.0
Liechtenstein,1998,1A2L,ABFLOW025,Oil,,,0.0
Liechtenstein,1998,1A2M,ABFLOW026,Coal,,,0.0
Liechtenstein,1998,1A2M,ABFLOW026,Natural gas,,,0.0
Liechtenstein,1998,1A2M,ABFLOW026,Oil,,,0.0
Liechtenstein,1998,1A3,ABFLOW027,Coal,,,0.0
Liechtenstein,1998,1A3,ABFLOW027,Natural gas,,,0.0
Liechtenstein,1998,1A3,ABFLOW027,Oil,,,0.0
Liechtenstein,1998,1A3A1,ABFLOW040,Coal,,,0.0
Liechtenstein,1998,1A3A1,ABFLOW040,Natural gas,,,0.0
Liechtenstein,1998,1A3A1,ABFLOW040,Oil,,,0.0
Liechtenstein,1998,1A3A2,ABFLOW029,Coal,,,0.0
Liechtenstein,1998,1A3A2,ABFLOW029,Natural gas,,,0.0
Liechtenstein,1998,1A3A2,ABFLOW029,Oil,,,0.0
Liechtenstein,1998,1A3B,ABFLOW028,Coal,,,0.0
Liechtenstein,1998,1A3B,ABFLOW028,Natural gas,,,0.0
Liechtenstein,1998,1A3B,ABFLOW028,Oil,,,0.0
Liechtenstein,1998,1A3C,ABFLOW030,Coal,,,0.0
Liechtenstein,1998,1A3C,ABFLOW030,Natural gas,,,0.0
Liechtenstein,1998,1A3C,ABFLOW030,Oil,,,0.0
Liechtenstein,1998,1A3D1,ABFLOW039,Coal,,,0.0
Liechtenstein,1998,1A3D1,ABFLOW039,Natural gas,,,0.0
Liechtenstein,1998,1A3D1,ABFLOW039,Oil,,,0.0
Liechtenstein,1998,1A3D2,ABFLOW032,Coal,,,0.0
Liechtenstein,1998,1A3D2,ABFLOW032,Natural gas,,,0.0
Liechtenstein,1998,1A3D2,ABFLOW032,Oil,,,0.0
Liechtenstein,1998,1A3E1,ABFLOW033,Coal,,,0.0
Liechtenstein,1998,1A3E1,ABFLOW033,Natural gas,,,0.0
Liechtenstein,1998,1A3E1,ABFLOW033,Oil,,,0.0
Liechtenstein,1998,1A4A,ABFLOW035,Coal,,,0.0
Liechtenstein,1998,1A4A,ABFLOW035,Natural gas,,,0.0
Liechtenstein,1998,1A4A,ABFLOW035,Oil,,,0.0
Liechtenstein,1998,1A4B,ABFLOW034,Coal,,,0.0
Liechtenstein,1998,1A4B,ABFLOW034,Natural gas,,,0.0
Liechtenstein,1998,1A4B,ABFLOW034,Oil,,,0.0
Liechtenstein,1998,1A4C1,ABFLOW036,Coal,,,0.0
Liechtenstein,1998,1A4C1,ABFLOW036,Natural gas,,,0.0
Liechtenstein,1998,1A4C1,ABFLOW036,Oil,,,0.0
Liechtenstein,1998,1A4C2,ABFLOW037,Coal,,,0.0
Liechtenstein,1998,1A4C2,ABFLOW037,Natural gas,,,0.0
Liechtenstein,1998,1A4C2,ABFLOW037,Oil,,,0.0
Liechtenstein,1998,1A5,ABFLOW038,Coal,,,0.0
Liechtenstein,1998,1A5,ABFLOW038,Natural gas,,,0.0
Liechtenstein,1998,1A5,ABFLOW038,Oil,,,0.0
Liechtenstein,1999,1A,ABFLOW001,Coal,,,0.0
Liechtenstein,1999,1A,ABFLOW001,Natural gas,,,0.0
Liechtenstein,1999,1A,ABFLOW001,Oil,,,0.0
Liechtenstein,1999,1A1A,ABFLOW002,Coal,,,0.0
Liechtenstein,1999,1A1A,ABFLOW002,Natural gas,,,0.0
Liechtenstein,1999,1A1A,ABFLOW002,Oil,,,0.0
Liechtenstein,1999,1A1A1,ABFLOW003,Coal,,,0.0
Liechtenstein,1999,1A1A1,ABFLOW003,Natural gas,,,0.0
Liechtenstein,1999,1A1A1,ABFLOW003,Oil,,,0.0
Liechtenstein,1999,1A1A2,ABFLOW004,Coal,,,0.0
Liechtenstein,1999,1A1A2,ABFLOW004,Natural gas,,,0.0
Liechtenstein,1999,1A1A2,ABFLOW004,Oil,,,0.0
Liechtenstein,1999,1A1A3,ABFLOW005,Coal,,,0.0
Liechtenstein,1999,1A1A3,ABFLOW005,Natural gas,,,0.0
Liechtenstein,1999,1A1A3,ABFLOW005,Oil,,,0.0
Liechtenstein,1999,1A1B,ABFLOW011,Coal,,,0.0
Liechtenstein,1999,1A1B,ABFLOW011,Natural gas,,,0.0
Liechtenstein,1999,1A1B,ABFLOW011,Oil,,,0.0
Liechtenstein,1999,1A1C,ABFLOW011,Coal,,,0.0
Liechtenstein,1999,1A1C,ABFLOW011,Natural gas,,,0.0
Liechtenstein,1999,1A1C,ABFLOW011,Oil,,,0.0
Liechtenstein,1999,1A2,ABFLOW012,Coal,,,0.0
Liechtenstein,1999,1A2,ABFLOW012,Natural gas,,,0.0
Liechtenstein,1999,1A2,ABFLOW012,Oil,,,0.0
Liechtenstein,1999,1A2A,ABFLOW016,Coal,,,0.0
Liechtenstein,1999,1A2A,ABFLOW016,Natural gas,,,0.0
Liechtenstein,1999,1A2A,ABFLOW016,Oil,,,0.0
Liechtenstein,1999,1A2B,ABFLOW018,Coal,,,0.0
Liechtenstein,1999,1A2B,ABFLOW018,Natural gas,,,0.0
Liechtenstein,1999,1A2B,ABFLOW018,Oil,,,0.0
Liechtenstein,1999,1A2C,ABFLOW017,Coal,,,0.0
Liechtenstein,1999,1A2C,ABFLOW017,Natural gas,,,0.0
Liechtenstein,1999,1A2C,ABFLOW017,Oil,,,0.0
Liechtenstein,1999,1A2D,ABFLOW023,Coal,,,0.0
Liechtenstein,1999,1A2D,ABFLOW023,Natural gas,,,0.0
Liechtenstein,1999,1A2D,ABFLOW023,Oil,,,0.0
Liechtenstein,1999,1A2E,ABFLOW022,Coal,,,0.0
Liechtenstein,1999,1A2E,ABFLOW022,Natural gas,,,0.0
Liechtenstein,1999,1A2E,ABFLOW022,Oil,,,0.0
Liechtenstein,1999,1A2F,ABFLOW019,Coal,,,0.0
Liechtenstein,1999,1A2F,ABFLOW019,Natural gas,,,0.0
Liechtenstein,1999,1A2F,ABFLOW019,Oil,,,0.0
Liechtenstein,1999,1A2G,ABFLOW020,Coal,,,0.0
Liechtenstein,1999,1A2G,ABFLOW020,Natural gas,,,0.0
Liechtenstein,1999,1A2G,ABFLOW020,Oil,,,0.0
Liechtenstein,1999,1A2H,ABFLOW021,Coal,,,0.0
Liechtenstein,1999,1A2H,ABFLOW021,Natural gas,,,0.0
Liechtenstein,1999,1A2H,ABFLOW021,Oil,,,0.0
Liechtenstein,1999,1A2I,ABFLOW013,Coal,,,0.0
Liechtenstein,1999,1A2I,ABFLOW013,Natural gas,,,0.0
Liechtenstein,1999,1A2I,ABFLOW013,Oil,,,0.0
Liechtenstein,1999,1A2J,ABFLOW024,Coal,,,0.0
Liechtenstein,1999,1A2J,ABFLOW024,Natural gas,,,0.0
Liechtenstein,1999,1A2J,ABFLOW024,Oil,,,0.0
Liechtenstein,1999,1A2K,ABFLOW014,Coal,,,0.0
Liechtenstein,1999,1A2K,ABFLOW014,Natural gas,,,0.0
Liechtenstein,1999,1A2K,ABFLOW014,Oil,,,0.0
Liechtenstein,1999,1A2L,ABFLOW025,Coal,,,0.0
Liechtenstein,1999,1A2L,ABFLOW025,Natural gas,,,0.0
Liechtenstein,1999,1A2L,ABFLOW025,Oil,,,0.0
Liechtenstein,1999,1A2M,ABFLOW026,Coal,,,0.0
Liechtenstein,1999,1A2M,ABFLOW026,Natural gas,,,0.0
Liechtenstein,1999,1A2M,ABFLOW026,Oil,,,0.0
Liechtenstein,1999,1A3,ABFLOW027,Coal,,,0.0
Liechtenstein,1999,1A3,ABFLOW027,Natural gas,,,0.0
Liechtenstein,1999,1A3,ABFLOW027,Oil,,,0.0
Liechtenstein,1999,1A3A1,ABFLOW040,Coal,,,0.0
Liechtenstein,1999,1A3A1,ABFLOW040,Natural gas,,,0.0
Liechtenstein,1999,1A3A1,ABFLOW040,Oil,,,0.0
Liechtenstein,1999,1A3A2,ABFLOW029,Coal,,,0.0
Liechtenstein,1999,1A3A2,ABFLOW029,Natural gas,,,0.0
Liechtenstein,1999,1A3A2,ABFLOW029,Oil,,,0.0
Liechtenstein,1999,1A3B,ABFLOW028,Coal,,,0.0
Liechtenstein,1999,1A3B,ABFLOW028,Natural gas,,,0.0
Liechtenstein,1999,1A3B,ABFLOW028,Oil,,,0.0
Liechtenstein,1999,1A3C,ABFLOW030,Coal,,,0.0
Liechtenstein,1999,1A3C,ABFLOW030,Natural gas,,,0.0
Liechtenstein,1999,1A3C,ABFLOW030,Oil,,,0.0
Liechtenstein,1999,1A3D1,ABFLOW039,Coal,,,0.0
Liechtenstein,1999,1A3D1,ABFLOW039,Natural gas,,,0.0
Liechtenstein,1999,1A3D1,ABFLOW039,Oil,,,0.0
Liechtenstein,1999,1A3D2,ABFLOW032,Coal,,,0.0
Liechtenstein,1999,1A3D2,ABFLOW032,Natural gas,,,0.0
Liechtenstein,1999,1A3D2,ABFLOW032,Oil,,,0.0
Liechtenstein,1999,1A3E1,ABFLOW033,Coal,,,0.0
Liechtenstein,1999,1A3E1,ABFLOW033,Natural gas,,,0.0
Liechtenstein,1999,1A3E1,ABFLOW033,Oil,,,0.0
Liechtenstein,1999,1A4A,ABFLOW035,Coal,,,0.0
Liechtenstein,1999,1A4A,ABFLOW035,Natural gas,,,0.0
Liechtenstein,1999,1A4A,ABFLOW035,Oil,,,0.0
Liechtenstein,1999,1A4B,ABFLOW034,Coal,,,0.0
Liechtenstein,1999,1A4B,ABFLOW034,Natural gas,,,0.0
Liechtenstein,1999,1A4B,ABFLOW034,Oil,,,0.0
Liechtenstein,1999,1A4C1,ABFLOW036,Coal,,,0.0
Liechtenstein,1999,1A4C1,ABFLOW036,Natural gas,,,0.0
Liechtenstein,1999,1A4C1,ABFLOW036,Oil,,,0.0
Liechtenstein,1999,1A4C2,ABFLOW037,Coal,,,0.0
Liechtenstein,1999,1A4C2,ABFLOW037,Natural gas,,,0.0
Liechtenstein,1999,1A4C2,ABFLOW037,Oil,,,0.0
Liechtenstein,1999,1A5,ABFLOW038,Coal,,,0.0
Liechtenstein,1999,1A5,ABFLOW038,Natural gas,,,0.0
Liechtenstein,1999,1A5,ABFLOW038,Oil,,,0.0
Liechtenstein,2000,1A,ABFLOW001,Coal,,,0.0
Liechtenstein,2000,1A,ABFLOW001,Natural gas,,,0.0
Liechtenstein,2000,1A,ABFLOW001,Oil,,,0.0
Liechtenstein,2000,1A1A,ABFLOW002,Coal,,,0.0
Liechtenstein,2000,1A1A,ABFLOW002,Natural gas,,,0.0
Liechtenstein,2000,1A1A,ABFLOW002,Oil,,,0.0
Liechtenstein,2000,1A1A1,ABFLOW003,Coal,,,0.0
Liechtenstein,2000,1A1A1,ABFLOW003,Natural gas,,,0.0
Liechtenstein,2000,1A1A1,ABFLOW003,Oil,,,0.0
Liechtenstein,2000,1A1A2,ABFLOW004,Coal,,,0.0
Liechtenstein,2000,1A1A2,ABFLOW004,Natural gas,,,0.0
Liechtenstein,2000,1A1A2,ABFLOW004,Oil,,,0.0
Liechtenstein,2000,1A1A3,ABFLOW005,Coal,,,0.0
Liechtenstein,2000,1A1A3,ABFLOW005,Natural gas,,,0.0
Liechtenstein,2000,1A1A3,ABFLOW005,Oil,,,0.0
Liechtenstein,2000,1A1B,ABFLOW011,Coal,,,0.0
Liechtenstein,2000,1A1B,ABFLOW011,Natural gas,,,0.0
Liechtenstein,2000,1A1B,ABFLOW011,Oil,,,0.0
Liechtenstein,2000,1A1C,ABFLOW011,Coal,,,0.0
Liechtenstein,2000,1A1C,ABFLOW011,Natural gas,,,0.0
Liechtenstein,2000,1A1C,ABFLOW011,Oil,,,0.0
Liechtenstein,2000,1A2,ABFLOW012,Coal,,,0.0
Liechtenstein,2000,1A2,ABFLOW012,Natural gas,,,0.0
Liechtenstein,2000,1A2,ABFLOW012,Oil,,,0.0
Liechtenstein,2000,1A2A,ABFLOW016,Coal,,,0.0
Liechtenstein,2000,1A2A,ABFLOW016,Natural gas,,,0.0
Liechtenstein,2000,1A2A,ABFLOW016,Oil,,,0.0
Liechtenstein,2000,1A2B,ABFLOW018,Coal,,,0.0
Liechtenstein,2000,1A2B,ABFLOW018,Natural gas,,,0.0
Liechtenstein,2000,1A2B,ABFLOW018,Oil,,,0.0
Liechtenstein,2000,1A2C,ABFLOW017,Coal,,,0.0
Liechtenstein,2000,1A2C,ABFLOW017,Natural gas,,,0.0
Liechtenstein,2000,1A2C,ABFLOW017,Oil,,,0.0
Liechtenstein,2000,1A2D,ABFLOW023,Coal,,,0.0
Liechtenstein,2000,1A2D,ABFLOW023,Natural gas,,,0.0
Liechtenstein,2000,1A2D,ABFLOW023,Oil,,,0.0
Liechtenstein,2000,1A2E,ABFLOW022,Coal,,,0.0
Liechtenstein,2000,1A2E,ABFLOW022,Natural gas,,,0.0
Liechtenstein,2000,1A2E,ABFLOW022,Oil,,,0.0
Liechtenstein,2000,1A2F,ABFLOW019,Coal,,,0.0
Liechtenstein,2000,1A2F,ABFLOW019,Natural gas,,,0.0
Liechtenstein,2000,1A2F,ABFLOW019,Oil,,,0.0
Liechtenstein,2000,1A2G,ABFLOW020,Coal,,,0.0
Liechtenstein,2000,1A2G,ABFLOW020,Natural gas,,,0.0
Liechtenstein,2000,1A2G,ABFLOW020,Oil,,,0.0
Liechtenstein,2000,1A2H,ABFLOW021,Coal,,,0.0
Liechtenstein,2000,1A2H,ABFLOW021,Natural gas,,,0.0
Liechtenstein,2000,1A2H,ABFLOW021,Oil,,,0.0
Liechtenstein,2000,1A2I,ABFLOW013,Coal,,,0.0
Liechtenstein,2000,1A2I,ABFLOW013,Natural gas,,,0.0
Liechtenstein,2000,1A2I,ABFLOW013,Oil,,,0.0
Liechtenstein,2000,1A2J,ABFLOW024,Coal,,,0.0
Liechtenstein,2000,1A2J,ABFLOW024,Natural gas,,,0.0
Liechtenstein,2000,1A2J,ABFLOW024,Oil,,,0.0
Liechtenstein,2000,1A2K,ABFLOW014,Coal,,,0.0
Liechtenstein,2000,1A2K,ABFLOW014,Natural gas,,,0.0
Liechtenstein,2000,1A2K,ABFLOW014,Oil,,,0.0
Liechtenstein,2000,1A2L,ABFLOW025,Coal,,,0.0
Liechtenstein,2000,1A2L,ABFLOW025,Natural gas,,,0.0
Liechtenstein,2000,1A2L,ABFLOW025,Oil,,,0.0
Liechtenstein,2000,1A2M,ABFLOW026,Coal,,,0.0
Liechtenstein,2000,1A2M,ABFLOW026,Natural gas,,,0.0
Liechtenstein,2000,1A2M,ABFLOW026,Oil,,,0.0
Liechtenstein,2000,1A3,ABFLOW027,Coal,,,0.0
Liechtenstein,2000,1A3,ABFLOW027,Natural gas,,,0.0
Liechtenstein,2000,1A3,ABFLOW027,Oil,,,0.0
Liechtenstein,2000,1A3A1,ABFLOW040,Coal,,,0.0
Liechtenstein,2000,1A3A1,ABFLOW040,Natural gas,,,0.0
Liechtenstein,2000,1A3A1,ABFLOW040,Oil,,,0.0
Liechtenstein,2000,1A3A2,ABFLOW029,Coal,,,0.0
Liechtenstein,2000,1A3A2,ABFLOW029,Natural gas,,,0.0
Liechtenstein,2000,1A3A2,ABFLOW029,Oil,,,0.0
Liechtenstein,2000,1A3B,ABFLOW028,Coal,,,0.0
Liechtenstein,2000,1A3B,ABFLOW028,Natural gas,,,0.0
Liechtenstein,2000,1A3B,ABFLOW028,Oil,,,0.0
Liechtenstein,2000,1A3C,ABFLOW030,Coal,,,0.0
Liechtenstein,2000,1A3C,ABFLOW030,Natural gas,,,0.0
Liechtenstein,2000,1A3C,ABFLOW030,Oil,,,0.0
Liechtenstein,2000,1A3D1,ABFLOW039,Coal,,,0.0
Liechtenstein,2000,1A3D1,ABFLOW039,Natural gas,,,0.0
Liechtenstein,2000,1A3D1,ABFLOW039,Oil,,,0.0
Liechtenstein,2000,1A3D2,ABFLOW032,Coal,,,0.0
Liechtenstein,2000,1A3D2,ABFLOW032,Natural gas,,,0.0
Liechtenstein,2000,1A3D2,ABFLOW032,Oil,,,0.0
Liechtenstein,2000,1A3E1,ABFLOW033,Coal,,,0.0
Liechtenstein,2000,1A3E1,ABFLOW033,Natural gas,,,0.0
Liechtenstein,2000,1A3E1,ABFLOW033,Oil,,,0.0
Liechtenstein,2000,1A4A,ABFLOW035,Coal,,,0.0
Liechtenstein,2000,1A4A,ABFLOW035,Natural gas,,,0.0
Liechtenstein,2000,1A4A,ABFLOW035,Oil,,,0.0
Liechtenstein,2000,1A4B,ABFLOW034,Coal,,,0.0
Liechtenstein,2000,1A4B,ABFLOW034,Natural gas,,,0.0
Liechtenstein,2000,1A4B,ABFLOW034,Oil,,,0.0
Liechtenstein,2000,1A4C1,ABFLOW036,Coal,,,0.0
Liechtenstein,2000,1A4C1,ABFLOW036,Natural gas,,,0.0
Liechtenstein,2000,1A4C1,ABFLOW036,Oil,,,0.0
Liechtenstein,2000,1A4C2,ABFLOW037,Coal,,,0.0
Liechtenstein,2000,1A4C2,ABFLOW037,Natural gas,,,0.0
Liechtenstein,2000,1A4C2,ABFLOW037,Oil,,,0.0
Liechtenstein,2000,1A5,ABFLOW038,Coal,,,0.0
Liechtenstein,2000,1A5,ABFLOW038,Natural gas,,,0.0
Liechtenstein,2000,1A5,ABFLOW038,Oil,,,0.0
Liechtenstein,2001,1A,ABFLOW001,Coal,,,0.0
Liechtenstein,2001,1A,ABFLOW001,Natural gas,,,0.0
Liechtenstein,2001,1A,ABFLOW001,Oil,,,0.0
Liechtenstein,2001,1A1A,ABFLOW002,Coal,,,0.0
Liechtenstein,2001,1A1A,ABFLOW002,Natural gas,,,0.0
Liechtenstein,2001,1A1A,ABFLOW002,Oil,,,0.0
Liechtenstein,2001,1A1A1,ABFLOW003,Coal,,,0.0
Liechtenstein,2001,1A1A1,ABFLOW003,Natural gas,,,0.0
Liechtenstein,2001,1A1A1,ABFLOW003,Oil,,,0.0
Liechtenstein,2001,1A1A2,ABFLOW004,Coal,,,0.0
Liechtenstein,2001,1A1A2,ABFLOW004,Natural gas,,,0.0
Liechtenstein,2001,1A1A2,ABFLOW004,Oil,,,0.0
Liechtenstein,2001,1A1A3,ABFLOW005,Coal,,,0.0
Liechtenstein,2001,1A1A3,ABFLOW005,Natural gas,,,0.0
Liechtenstein,2001,1A1A3,ABFLOW005,Oil,,,0.0
Liechtenstein,2001,1A1B,ABFLOW011,Coal,,,0.0
Liechtenstein,2001,1A1B,ABFLOW011,Natural gas,,,0.0
Liechtenstein,2001,1A1B,ABFLOW011,Oil,,,0.0
Liechtenstein,2001,1A1C,ABFLOW011,Coal,,,0.0
Liechtenstein,2001,1A1C,ABFLOW011,Natural gas,,,0.0
Liechtenstein,2001,1A1C,ABFLOW011,Oil,,,0.0
Liechtenstein,2001,1A2,ABFLOW012,Coal,,,0.0
Liechtenstein,2001,1A2,ABFLOW012,Natural gas,,,0.0
Liechtenstein,2001,1A2,ABFLOW012,Oil,,,0.0
Liechtenstein,2001,1A2A,ABFLOW016,Coal,,,0.0
Liechtenstein,2001,1A2A,ABFLOW016,Natural gas,,,0.0
Liechtenstein,2001,1A2A,ABFLOW016,Oil,,,0.0
Liechtenstein,2001,1A2B,ABFLOW018,Coal,,,0.0
Liechtenstein,2001,1A2B,ABFLOW018,Natural gas,,,0.0
Liechtenstein,2001,1A2B,ABFLOW018,Oil,,,0.0
Liechtenstein,2001,1A2C,ABFLOW017,Coal,,,0.0
Liechtenstein,2001,1A2C,ABFLOW017,Natural gas,,,0.0
Liechtenstein,2001,1A2C,ABFLOW017,Oil,,,0.0
Liechtenstein,2001,1A2D,ABFLOW023,Coal,,,0.0
Liechtenstein,2001,1A2D,ABFLOW023,Natural gas,,,0.0
Liechtenstein,2001,1A2D,ABFLOW023,Oil,,,0.0
Liechtenstein,2001,1A2E,ABFLOW022,Coal,,,0.0
Liechtenstein,2001,1A2E,ABFLOW022,Natural gas,,,0.0
Liechtenstein,2001,1A2E,ABFLOW022,Oil,,,0.0
Liechtenstein,2001,1A2F,ABFLOW019,Coal,,,0.0
Liechtenstein,2001,1A2F,ABFLOW019,Natural gas,,,0.0
Liechtenstein,2001,1A2F,ABFLOW019,Oil,,,0.0
Liechtenstein,2001,1A2G,ABFLOW020,Coal,,,0.0
Liechtenstein,2001,1A2G,ABFLOW020,Natural gas,,,0.0
Liechtenstein,2001,1A2G,ABFLOW020,Oil,,,0.0
Liechtenstein,2001,1A2H,ABFLOW021,Coal,,,0.0
Liechtenstein,2001,1A2H,ABFLOW021,Natural gas,,,0.0
Liechtenstein,2001,1A2H,ABFLOW021,Oil,,,0.0
Liechtenstein,2001,1A2I,ABFLOW013,Coal,,,0.0
Liechtenstein,2001,1A2I,ABFLOW013,Natural gas,,,0.0
Liechtenstein,2001,1A2I,ABFLOW013,Oil,,,0.0
Liechtenstein,2001,1A2J,ABFLOW024,Coal,,,0.0
Liechtenstein,2001,1A2J,ABFLOW024,Natural gas,,,0.0
Liechtenstein,2001,1A2J,ABFLOW024,Oil,,,0.0
Liechtenstein,2001,1A2K,ABFLOW014,Coal,,,0.0
Liechtenstein,2001,1A2K,ABFLOW014,Natural gas,,,0.0
Liechtenstein,2001,1A2K,ABFLOW014,Oil,,,0.0
Liechtenstein,2001,1A2L,ABFLOW025,Coal,,,0.0
Liechtenstein,2001,1A2L,ABFLOW025,Natural gas,,,0.0
Liechtenstein,2001,1A2L,ABFLOW025,Oil,,,0.0
Liechtenstein,2001,1A2M,ABFLOW026,Coal,,,0.0
Liechtenstein,2001,1A2M,ABFLOW026,Natural gas,,,0.0
Liechtenstein,2001,1A2M,ABFLOW026,Oil,,,0.0
Liechtenstein,2001,1A3,ABFLOW027,Coal,,,0.0
Liechtenstein,2001,1A3,ABFLOW027,Natural gas,,,0.0
Liechtenstein,2001,1A3,ABFLOW027,Oil,,,0.0
Liechtenstein,2001,1A3A1,ABFLOW040,Coal,,,0.0
Liechtenstein,2001,1A3A1,ABFLOW040,Natural gas,,,0.0
Liechtenstein,2001,1A3A1,ABFLOW040,Oil,,,0.0
Liechtenstein,2001,1A3A2,ABFLOW029,Coal,,,0.0
Liechtenstein,2001,1A3A2,ABFLOW029,Natural gas,,,0.0
Liechtenstein,2001,1A3A2,ABFLOW029,Oil,,,0.0
Liechtenstein,2001,1A3B,ABFLOW028,Coal,,,0.0
Liechtenstein,2001,1A3B,ABFLOW028,Natural gas,,,0.0
Liechtenstein,2001,1A3B,ABFLOW028,Oil,,,0.0
Liechtenstein,2001,1A3C,ABFLOW030,Coal,,,0.0
Liechtenstein,2001,1A3C,ABFLOW030,Natural gas,,,0.0
Liechtenstein,2001,1A3C,ABFLOW030,Oil,,,0.0
Liechtenstein,2001,1A3D1,ABFLOW039,Coal,,,0.0
Liechtenstein,2001,1A3D1,ABFLOW039,Natural gas,,,0.0
Liechtenstein,2001,1A3D1,ABFLOW039,Oil,,,0.0
Liechtenstein,2001,1A3D2,ABFLOW032,Coal,,,0.0
Liechtenstein,2001,1A3D2,ABFLOW032,Natural gas,,,0.0
Liechtenstein,2001,1A3D2,ABFLOW032,Oil,,,0.0
Liechtenstein,2001,1A3E1,ABFLOW033,Coal,,,0.0
Liechtenstein,2001,1A3E1,ABFLOW033,Natural gas,,,0.0
Liechtenstein,2001,1A3E1,ABFLOW033,Oil,,,0.0
Liechtenstein,2001,1A4A,ABFLOW035,Coal,,,0.0
Liechtenstein,2001,1A4A,ABFLOW035,Natural gas,,,0.0
Liechtenstein,2001,1A4A,ABFLOW035,Oil,,,0.0
Liechtenstein,2001,1A4B,ABFLOW034,Coal,,,0.0
Liechtenstein,2001,1A4B,ABFLOW034,Natural gas,,,0.0
Liechtenstein,2001,1A4B,ABFLOW034,Oil,,,0.0
Liechtenstein,2001,1A4C1,ABFLOW036,Coal,,,0.0
Liechtenstein,2001,1A4C1,ABFLOW036,Natural gas,,,0.0
Liechtenstein,2001,1A4C1,ABFLOW036,Oil,,,0.0
Liechtenstein,2001,1A4C2,ABFLOW037,Coal,,,0.0
Liechtenstein,2001,1A4C2,ABFLOW037,Natural gas,,,0.0
Liechtenstein,2001,1A4C2,ABFLOW037,Oil,,,0.0
Liechtenstein,2001,1A5,ABFLOW038,Coal,,,0.0
Liechtenstein,2001,1A5,ABFLOW038,Natural gas,,,0.0
Liechtenstein,2001,1A5,ABFLOW038,Oil,,,0.0
Liechtenstein,2002,1A,ABFLOW001,Coal,,,0.0
Liechtenstein,2002,1A,ABFLOW001,Natural gas,,,0.0
Liechtenstein,2002,1A,ABFLOW001,Oil,,,0.0
Liechtenstein,2002,1A1A,ABFLOW002,Coal,,,0.0
Liechtenstein,2002,1A1A,ABFLOW002,Natural gas,,,0.0
Liechtenstein,2002,1A1A,ABFLOW002,Oil,,,0.0
Liechtenstein,2002,1A1A1,ABFLOW003,Coal,,,0.0
Liechtenstein,2002,1A1A1,ABFLOW003,Natural gas,,,0.0
Liechtenstein,2002,1A1A1,ABFLOW003,Oil,,,0.0
Liechtenstein,2002,1A1A2,ABFLOW004,Coal,,,0.0
Liechtenstein,2002,1A1A2,ABFLOW004,Natural gas,,,0.0
Liechtenstein,2002,1A1A2,ABFLOW004,Oil,,,0.0
Liechtenstein,2002,1A1A3,ABFLOW005,Coal,,,0.0
Liechtenstein,2002,1A1A3,ABFLOW005,Natural gas,,,0.0
Liechtenstein,2002,1A1A3,ABFLOW005,Oil,,,0.0
Liechtenstein,2002,1A1B,ABFLOW011,Coal,,,0.0
Liechtenstein,2002,1A1B,ABFLOW011,Natural gas,,,0.0
Liechtenstein,2002,1A1B,ABFLOW011,Oil,,,0.0
Liechtenstein,2002,1A1C,ABFLOW011,Coal,,,0.0
Liechtenstein,2002,1A1C,ABFLOW011,Natural gas,,,0.0
Liechtenstein,2002,1A1C,ABFLOW011,Oil,,,0.0
Liechtenstein,2002,1A2,ABFLOW012,Coal,,,0.0
Liechtenstein,2002,1A2,ABFLOW012,Natural gas,,,0.0
Liechtenstein,2002,1A2,ABFLOW012,Oil,,,0.0
Liechtenstein,2002,1A2A,ABFLOW016,Coal,,,0.0
Liechtenstein,2002,1A2A,ABFLOW016,Natural gas,,,0.0
Liechtenstein,2002,1A2A,ABFLOW016,Oil,,,0.0
Liechtenstein,2002,1A2B,ABFLOW018,Coal,,,0.0
Liechtenstein,2002,1A2B,ABFLOW018,Natural gas,,,0.0
Liechtenstein,2002,1A2B,ABFLOW018,Oil,,,0.0
Liechtenstein,2002,1A2C,ABFLOW017,Coal,,,0.0
Liechtenstein,2002,1A2C,ABFLOW017,Natural gas,,,0.0
Liechtenstein,2002,1A2C,ABFLOW017,Oil,,,0.0
Liechtenstein,2002,1A2D,ABFLOW023,Coal,,,0.0
Liechtenstein,2002,1A2D,ABFLOW023,Natural gas,,,0.0
Liechtenstein,2002,1A2D,ABFLOW023,Oil,,,0.0
Liechtenstein,2002,1A2E,ABFLOW022,Coal,,,0.0
Liechtenstein,2002,1A2E,ABFLOW022,Natural gas,,,0.0
Liechtenstein,2002,1A2E,ABFLOW022,Oil,,,0.0
Liechtenstein,2002,1A2F,ABFLOW019,Coal,,,0.0
Liechtenstein,2002,1A2F,ABFLOW019,Natural gas,,,0.0
Liechtenstein,2002,1A2F,ABFLOW019,Oil,,,0.0
Liechtenstein,2002,1A2G,ABFLOW020,Coal,,,0.0
Liechtenstein,2002,1A2G,ABFLOW020,Natural gas,,,0.0
Liechtenstein,2002,1A2G,ABFLOW020,Oil,,,0.0
Liechtenstein,2002,1A2H,ABFLOW021,Coal,,,0.0
Liechtenstein,2002,1A2H,ABFLOW021,Natural gas,,,0.0
Liechtenstein,2002,1A2H,ABFLOW021,Oil,,,0.0
Liechtenstein,2002,1A2I,ABFLOW013,Coal,,,0.0
Liechtenstein,2002,1A2I,ABFLOW013,Natural gas,,,0.0
Liechtenstein,2002,1A2I,ABFLOW013,Oil,,,0.0
Liechtenstein,2002,1A2J,ABFLOW024,Coal,,,0.0
Liechtenstein,2002,1A2J,ABFLOW024,Natural gas,,,0.0
Liechtenstein,2002,1A2J,ABFLOW024,Oil,,,0.0
Liechtenstein,2002,1A2K,ABFLOW014,Coal,,,0.0
Liechtenstein,2002,1A2K,ABFLOW014,Natural gas,,,0.0
Liechtenstein,2002,1A2K,ABFLOW014,Oil,,,0.0
Liechtenstein,2002,1A2L,ABFLOW025,Coal,,,0.0
Liechtenstein,2002,1A2L,ABFLOW025,Natural gas,,,0.0
Liechtenstein,2002,1A2L,ABFLOW025,Oil,,,0.0
Liechtenstein,2002,1A2M,ABFLOW026,Coal,,,0.0
Liechtenstein,2002,1A2M,ABFLOW026,Natural gas,,,0.0
Liechtenstein,2002,1A2M,ABFLOW026,Oil,,,0.0
Liechtenstein,2002,1A3,ABFLOW027,Coal,,,0.0
Liechtenstein,2002,1A3,ABFLOW027,Natural gas,,,0.0
Liechtenstein,2002,1A3,ABFLOW027,Oil,,,0.0
Liechtenstein,2002,1A3A1,ABFLOW040,Coal,,,0.0
Liechtenstein,2002,1A3A1,ABFLOW040,Natural gas,,,0.0
Liechtenstein,2002,1A3A1,ABFLOW040,Oil,,,0.0
Liechtenstein,2002,1A3A2,ABFLOW029,Coal,,,0.0
Liechtenstein,2002,1A3A2,ABFLOW029,Natural gas,,,0.0
Liechtenstein,2002,1A3A2,ABFLOW029,Oil,,,0.0
Liechtenstein,2002,1A3B,ABFLOW028,Coal,,,0.0
Liechtenstein,2002,1A3B,ABFLOW028,Natural gas,,,0.0
Liechtenstein,2002,1A3B,ABFLOW028,Oil,,,0.0
Liechtenstein,2002,1A3C,ABFLOW030,Coal,,,0.0
Liechtenstein,2002,1A3C,ABFLOW030,Natural gas,,,0.0
Liechtenstein,2002,1A3C,ABFLOW030,Oil,,,0.0
Liechtenstein,2002,1A3D1,ABFLOW039,Coal,,,0.0
Liechtenstein,2002,1A3D1,ABFLOW039,Natural gas,,,0.0
Liechtenstein,2002,1A3D1,ABFLOW039,Oil,,,0.0
Liechtenstein,2002,1A3D2,ABFLOW032,Coal,,,0.0
Liechtenstein,2002,1A3D2,ABFLOW032,Natural gas,,,0.0
Liechtenstein,2002,1A3D2,ABFLOW032,Oil,,,0.0
Liechtenstein,2002,1A3E1,ABFLOW033,Coal,,,0.0
Liechtenstein,2002,1A3E1,ABFLOW033,Natural gas,,,0.0
Liechtenstein,2002,1A3E1,ABFLOW033,Oil,,,0.0
Liechtenstein,2002,1A4A,ABFLOW035,Coal,,,0.0
Liechtenstein,2002,1A4A,ABFLOW035,Natural gas,,,0.0
Liechtenstein,2002,1A4A,ABFLOW035,Oil,,,0.0
Liechtenstein,2002,1A4B,ABFLOW034,Coal,,,0.0
Liechtenstein,2002,1A4B,ABFLOW034,Natural gas,,,0.0
Liechtenstein,2002,1A4B,ABFLOW034,Oil,,,0.0
Liechtenstein,2002,1A4C1,ABFLOW036,Coal,,,0.0
Liechtenstein,2002,1A4C1,ABFLOW036,Natural gas,,,0.0
Liechtenstein,2002,1A4C1,ABFLOW036,Oil,,,0.0
Liechtenstein,2002,1A4C2,ABFLOW037,Coal,,,0.0
Liechtenstein,2002,1A4C2,ABFLOW037,Natural gas,,,0.0
Liechtenstein,2002,1A4C2,ABFLOW037,Oil,,,0.0
Liechtenstein,2002,1A5,ABFLOW038,Coal,,,0.0
Liechtenstein,2002,1A5,ABFLOW038,Natural gas,,,0.0
Liechtenstein,2002,1A5,ABFLOW038,Oil,,,0.0
Liechtenstein,2003,1A,ABFLOW001,Coal,,,0.0
Liechtenstein,2003,1A,ABFLOW001,Natural gas,,,0.0
Liechtenstein,2003,1A,ABFLOW001,Oil,,,0.0
Liechtenstein,2003,1A1A,ABFLOW002,Coal,,,0.0
Liechtenstein,2003,1A1A,ABFLOW002,Natural gas,,,0.0
Liechtenstein,2003,1A1A,ABFLOW002,Oil,,,0.0
Liechtenstein,2003,1A1A1,ABFLOW003,Coal,,,0.0
Liechtenstein,2003,1A1A1,ABFLOW003,Natural gas,,,0.0
Liechtenstein,2003,1A1A1,ABFLOW003,Oil,,,0.0
Liechtenstein,2003,1A1A2,ABFLOW004,Coal,,,0.0
Liechtenstein,2003,1A1A2,ABFLOW004,Natural gas,,,0.0
Liechtenstein,2003,1A1A2,ABFLOW004,Oil,,,0.0
Liechtenstein,2003,1A1A3,ABFLOW005,Coal,,,0.0
Liechtenstein,2003,1A1A3,ABFLOW005,Natural gas,,,0.0
Liechtenstein,2003,1A1A3,ABFLOW005,Oil,,,0.0
Liechtenstein,2003,1A1B,ABFLOW011,Coal,,,0.0
Liechtenstein,2003,1A1B,ABFLOW011,Natural gas,,,0.0
Liechtenstein,2003,1A1B,ABFLOW011,Oil,,,0.0
Liechtenstein,2003,1A1C,ABFLOW011,Coal,,,0.0
Liechtenstein,2003,1A1C,ABFLOW011,Natural gas,,,0.0
Liechtenstein,2003,1A1C,ABFLOW011,Oil,,,0.0
Liechtenstein,2003,1A2,ABFLOW012,Coal,,,0.0
Liechtenstein,2003,1A2,ABFLOW012,Natural gas,,,0.0
Liechtenstein,2003,1A2,ABFLOW012,Oil,,,0.0
Liechtenstein,2003,1A2A,ABFLOW016,Coal,,,0.0
Liechtenstein,2003,1A2A,ABFLOW016,Natural gas,,,0.0
Liechtenstein,2003,1A2A,ABFLOW016,Oil,,,0.0
Liechtenstein,2003,1A2B,ABFLOW018,Coal,,,0.0
Liechtenstein,2003,1A2B,ABFLOW018,Natural gas,,,0.0
Liechtenstein,2003,1A2B,ABFLOW018,Oil,,,0.0
Liechtenstein,2003,1A2C,ABFLOW017,Coal,,,0.0
Liechtenstein,2003,1A2C,ABFLOW017,Natural gas,,,0.0
Liechtenstein,2003,1A2C,ABFLOW017,Oil,,,0.0
Liechtenstein,2003,1A2D,ABFLOW023,Coal,,,0.0
Liechtenstein,2003,1A2D,ABFLOW023,Natural gas,,,0.0
Liechtenstein,2003,1A2D,ABFLOW023,Oil,,,0.0
Liechtenstein,2003,1A2E,ABFLOW022,Coal,,,0.0
Liechtenstein,2003,1A2E,ABFLOW022,Natural gas,,,0.0
Liechtenstein,2003,1A2E,ABFLOW022,Oil,,,0.0
Liechtenstein,2003,1A2F,ABFLOW019,Coal,,,0.0
Liechtenstein,2003,1A2F,ABFLOW019,Natural gas,,,0.0
Liechtenstein,2003,1A2F,ABFLOW019,Oil,,,0.0
Liechtenstein,2003,1A2G,ABFLOW020,Coal,,,0.0
Liechtenstein,2003,1A2G,ABFLOW020,Natural gas,,,0.0
Liechtenstein,2003,1A2G,ABFLOW020,Oil,,,0.0
Liechtenstein,2003,1A2H,ABFLOW021,Coal,,,0.0
Liechtenstein,2003,1A2H,ABFLOW021,Natural gas,,,0.0
Liechtenstein,2003,1A2H,ABFLOW021,Oil,,,0.0
Liechtenstein,2003,1A2I,ABFLOW013,Coal,,,0.0
Liechtenstein,2003,1A2I,ABFLOW013,Natural gas,,,0.0
Liechtenstein,2003,1A2I,ABFLOW013,Oil,,,0.0
Liechtenstein,2003,1A2J,ABFLOW024,Coal,,,0.0
Liechtenstein,2003,1A2J,ABFLOW024,Natural gas,,,0.0
Liechtenstein,2003,1A2J,ABFLOW024,Oil,,,0.0
Liechtenstein,2003,1A2K,ABFLOW014,Coal,,,0.0
Liechtenstein,2003,1A2K,ABFLOW014,Natural gas,,,0.0
Liechtenstein,2003,1A2K,ABFLOW014,Oil,,,0.0
Liechtenstein,2003,1A2L,ABFLOW025,Coal,,,0.0
Liechtenstein,2003,1A2L,ABFLOW025,Natural gas,,,0.0
Liechtenstein,2003,1A2L,ABFLOW025,Oil,,,0.0
Liechtenstein,2003,1A2M,ABFLOW026,Coal,,,0.0
Liechtenstein,2003,1A2M,ABFLOW026,Natural gas,,,0.0
Liechtenstein,2003,1A2M,ABFLOW026,Oil,,,0.0
Liechtenstein,2003,1A3,ABFLOW027,Coal,,,0.0
Liechtenstein,2003,1A3,ABFLOW027,Natural gas,,,0.0
Liechtenstein,2003,1A3,ABFLOW027,Oil,,,0.0
Liechtenstein,2003,1A3A1,ABFLOW040,Coal,,,0.0
Liechtenstein,2003,1A3A1,ABFLOW040,Natural gas,,,0.0
Liechtenstein,2003,1A3A1,ABFLOW040,Oil,,,0.0
Liechtenstein,2003,1A3A2,ABFLOW029,Coal,,,0.0
Liechtenstein,2003,1A3A2,ABFLOW029,Natural gas,,,0.0
Liechtenstein,2003,1A3A2,ABFLOW029,Oil,,,0.0
Liechtenstein,2003,1A3B,ABFLOW028,Coal,,,0.0
Liechtenstein,2003,1A3B,ABFLOW028,Natural gas,,,0.0
Liechtenstein,2003,1A3B,ABFLOW028,Oil,,,0.0
Liechtenstein,2003,1A3C,ABFLOW030,Coal,,,0.0
Liechtenstein,2003,1A3C,ABFLOW030,Natural gas,,,0.0
Liechtenstein,2003,1A3C,ABFLOW030,Oil,,,0.0
Liechtenstein,2003,1A3D1,ABFLOW039,Coal,,,0.0
Liechtenstein,2003,1A3D1,ABFLOW039,Natural gas,,,0.0
Liechtenstein,2003,1A3D1,ABFLOW039,Oil,,,0.0
Liechtenstein,2003,1A3D2,ABFLOW032,Coal,,,0.0
Liechtenstein,2003,1A3D2,ABFLOW032,Natural gas,,,0.0
Liechtenstein,2003,1A3D2,ABFLOW032,Oil,,,0.0
Liechtenstein,2003,1A3E1,ABFLOW033,Coal,,,0.0
Liechtenstein,2003,1A3E1,ABFLOW033,Natural gas,,,0.0
Liechtenstein,2003,1A3E1,ABFLOW033,Oil,,,0.0
Liechtenstein,2003,1A4A,ABFLOW035,Coal,,,0.0
Liechtenstein,2003,1A4A,ABFLOW035,Natural gas,,,0.0
Liechtenstein,2003,1A4A,ABFLOW035,Oil,,,0.0
Liechtenstein,2003,1A4B,ABFLOW034,Coal,,,0.0
Liechtenstein,2003,1A4B,ABFLOW034,Natural gas,,,0.0
Liechtenstein,2003,1A4B,ABFLOW034,Oil,,,0.0
Liechtenstein,2003,1A4C1,ABFLOW036,Coal,,,0.0
Liechtenstein,2003,1A4C1,ABFLOW036,Natural gas,,,0.0
Liechtenstein,2003,1A4C1,ABFLOW036,Oil,,,0.0
Liechtenstein,2003,1A4C2,ABFLOW037,Coal,,,0.0
Liechtenstein,2003,1A4C2,ABFLOW037,Natural gas,,,0.0
Liechtenstein,2003,1A4C2,ABFLOW037,Oil,,,0.0
Liechtenstein,2003,1A5,ABFLOW038,Coal,,,0.0
Liechtenstein,2003,1A5,ABFLOW038,Natural gas,,,0.0
Liechtenstein,2003,1A5,ABFLOW038,Oil,,,0.0
Liechtenstein,2004,1A,ABFLOW001,Coal,,,0.0
Liechtenstein,2004,1A,ABFLOW001,Natural gas,,,0.0
Liechtenstein,2004,1A,ABFLOW001,Oil,,,0.0
Liechtenstein,2004,1A1A,ABFLOW002,Coal,,,0.0
Liechtenstein,2004,1A1A,ABFLOW002,Natural gas,,,0.0
Liechtenstein,2004,1A1A,ABFLOW002,Oil,,,0.0
Liechtenstein,2004,1A1A1,ABFLOW003,Coal,,,0.0
Liechtenstein,2004,1A1A1,ABFLOW003,Natural gas,,,0.0
Liechtenstein,2004,1A1A1,ABFLOW003,Oil,,,0.0
Liechtenstein,2004,1A1A2,ABFLOW004,Coal,,,0.0
Liechtenstein,2004,1A1A2,ABFLOW004,Natural gas,,,0.0
Liechtenstein,2004,1A1A2,ABFLOW004,Oil,,,0.0
Liechtenstein,2004,1A1A3,ABFLOW005,Coal,,,0.0
Liechtenstein,2004,1A1A3,ABFLOW005,Natural gas,,,0.0
Liechtenstein,2004,1A1A3,ABFLOW005,Oil,,,0.0
Liechtenstein,2004,1A1B,ABFLOW011,Coal,,,0.0
Liechtenstein,2004,1A1B,ABFLOW011,Natural gas,,,0.0
Liechtenstein,2004,1A1B,ABFLOW011,Oil,,,0.0
Liechtenstein,2004,1A1C,ABFLOW011,Coal,,,0.0
Liechtenstein,2004,1A1C,ABFLOW011,Natural gas,,,0.0
Liechtenstein,2004,1A1C,ABFLOW011,Oil,,,0.0
Liechtenstein,2004,1A2,ABFLOW012,Coal,,,0.0
Liechtenstein,2004,1A2,ABFLOW012,Natural gas,,,0.0
Liechtenstein,2004,1A2,ABFLOW012,Oil,,,0.0
Liechtenstein,2004,1A2A,ABFLOW016,Coal,,,0.0
Liechtenstein,2004,1A2A,ABFLOW016,Natural gas,,,0.0
Liechtenstein,2004,1A2A,ABFLOW016,Oil,,,0.0
Liechtenstein,2004,1A2B,ABFLOW018,Coal,,,0.0
Liechtenstein,2004,1A2B,ABFLOW018,Natural gas,,,0.0
Liechtenstein,2004,1A2B,ABFLOW018,Oil,,,0.0
Liechtenstein,2004,1A2C,ABFLOW017,Coal,,,0.0
Liechtenstein,2004,1A2C,ABFLOW017,Natural gas,,,0.0
Liechtenstein,2004,1A2C,ABFLOW017,Oil,,,0.0
Liechtenstein,2004,1A2D,ABFLOW023,Coal,,,0.0
Liechtenstein,2004,1A2D,ABFLOW023,Natural gas,,,0.0
Liechtenstein,2004,1A2D,ABFLOW023,Oil,,,0.0
Liechtenstein,2004,1A2E,ABFLOW022,Coal,,,0.0
Liechtenstein,2004,1A2E,ABFLOW022,Natural gas,,,0.0
Liechtenstein,2004,1A2E,ABFLOW022,Oil,,,0.0
Liechtenstein,2004,1A2F,ABFLOW019,Coal,,,0.0
Liechtenstein,2004,1A2F,ABFLOW019,Natural gas,,,0.0
Liechtenstein,2004,1A2F,ABFLOW019,Oil,,,0.0
Liechtenstein,2004,1A2G,ABFLOW020,Coal,,,0.0
Liechtenstein,2004,1A2G,ABFLOW020,Natural gas,,,0.0
Liechtenstein,2004,1A2G,ABFLOW020,Oil,,,0.0
Liechtenstein,2004,1A2H,ABFLOW021,Coal,,,0.0
Liechtenstein,2004,1A2H,ABFLOW021,Natural gas,,,0.0
Liechtenstein,2004,1A2H,ABFLOW021,Oil,,,0.0
Liechtenstein,2004,1A2I,ABFLOW013,Coal,,,0.0
Liechtenstein,2004,1A2I,ABFLOW013,Natural gas,,,0.0
Liechtenstein,2004,1A2I,ABFLOW013,Oil,,,0.0
Liechtenstein,2004,1A2J,ABFLOW024,Coal,,,0.0
Liechtenstein,2004,1A2J,ABFLOW024,Natural gas,,,0.0
Liechtenstein,2004,1A2J,ABFLOW024,Oil,,,0.0
Liechtenstein,2004,1A2K,ABFLOW014,Coal,,,0.0
Liechtenstein,2004,1A2K,ABFLOW014,Natural gas,,,0.0
Liechtenstein,2004,1A2K,ABFLOW014,Oil,,,0.0
Liechtenstein,2004,1A2L,ABFLOW025,Coal,,,0.0
Liechtenstein,2004,1A2L,ABFLOW025,Natural gas,,,0.0
Liechtenstein,2004,1A2L,ABFLOW025,Oil,,,0.0
Liechtenstein,2004,1A2M,ABFLOW026,Coal,,,0.0
Liechtenstein,2004,1A2M,ABFLOW026,Natural gas,,,0.0
Liechtenstein,2004,1A2M,ABFLOW026,Oil,,,0.0
Liechtenstein,2004,1A3,ABFLOW027,Coal,,,0.0
Liechtenstein,2004,1A3,ABFLOW027,Natural gas,,,0.0
Liechtenstein,2004,1A3,ABFLOW027,Oil,,,0.0
Liechtenstein,2004,1A3A1,ABFLOW040,Coal,,,0.0
Liechtenstein,2004,1A3A1,ABFLOW040,Natural gas,,,0.0
Liechtenstein,2004,1A3A1,ABFLOW040,Oil,,,0.0
Liechtenstein,2004,1A3A2,ABFLOW029,Coal,,,0.0
Liechtenstein,2004,1A3A2,ABFLOW029,Natural gas,,,0.0
Liechtenstein,2004,1A3A2,ABFLOW029,Oil,,,0.0
Liechtenstein,2004,1A3B,ABFLOW028,Coal,,,0.0
Liechtenstein,2004,1A3B,ABFLOW028,Natural gas,,,0.0
Liechtenstein,2004,1A3B,ABFLOW028,Oil,,,0.0
Liechtenstein,2004,1A3C,ABFLOW030,Coal,,,0.0
Liechtenstein,2004,1A3C,ABFLOW030,Natural gas,,,0.0
Liechtenstein,2004,1A3C,ABFLOW030,Oil,,,0.0
Liechtenstein,2004,1A3D1,ABFLOW039,Coal,,,0.0
Liechtenstein,2004,1A3D1,ABFLOW039,Natural gas,,,0.0
Liechtenstein,2004,1A3D1,ABFLOW039,Oil,,,0.0
Liechtenstein,2004,1A3D2,ABFLOW032,Coal,,,0.0
Liechtenstein,2004,1A3D2,ABFLOW032,Natural gas,,,0.0
Liechtenstein,2004,1A3D2,ABFLOW032,Oil,,,0.0
Liechtenstein,2004,1A3E1,ABFLOW033,Coal,,,0.0
Liechtenstein,2004,1A3E1,ABFLOW033,Natural gas,,,0.0
Liechtenstein,2004,1A3E1,ABFLOW033,Oil,,,0.0
Liechtenstein,2004,1A4A,ABFLOW035,Coal,,,0.0
Liechtenstein,2004,1A4A,ABFLOW035,Natural gas,,,0.0
Liechtenstein,2004,1A4A,ABFLOW035,Oil,,,0.0
Liechtenstein,2004,1A4B,ABFLOW034,Coal,,,0.0
Liechtenstein,2004,1A4B,ABFLOW034,Natural gas,,,0.0
Liechtenstein,2004,1A4B,ABFLOW034,Oil,,,0.0
Liechtenstein,2004,1A4C1,ABFLOW036,Coal,,,0.0
Liechtenstein,2004,1A4C1,ABFLOW036,Natural gas,,,0.0
Liechtenstein,2004,1A4C1,ABFLOW036,Oil,,,0.0
Liechtenstein,2004,1A4C2,ABFLOW037,Coal,,,0.0
Liechtenstein,2004,1A4C2,ABFLOW037,Natural gas,,,0.0
Liechtenstein,2004,1A4C2,ABFLOW037,Oil,,,0.0
Liechtenstein,2004,1A5,ABFLOW038,Coal,,,0.0
Liechtenstein,2004,1A5,ABFLOW038,Natural gas,,,0.0
Liechtenstein,2004,1A5,ABFLOW038,Oil,,,0.0
Liechtenstein,2005,1A,ABFLOW001,Coal,,,0.0
Liechtenstein,2005,1A,ABFLOW001,Natural gas,,,0.0
Liechtenstein,2005,1A,ABFLOW001,Oil,,,0.0
Liechtenstein,2005,1A1A,ABFLOW002,Coal,,,0.0
Liechtenstein,2005,1A1A,ABFLOW002,Natural gas,,,0.0
Liechtenstein,2005,1A1A,ABFLOW002,Oil,,,0.0
Liechtenstein,2005,1A1A1,ABFLOW003,Coal,,,0.0
Liechtenstein,2005,1A1A1,ABFLOW003,Natural gas,,,0.0
Liechtenstein,2005,1A1A1,ABFLOW003,Oil,,,0.0
Liechtenstein,2005,1A1A2,ABFLOW004,Coal,,,0.0
Liechtenstein,2005,1A1A2,ABFLOW004,Natural gas,,,0.0
Liechtenstein,2005,1A1A2,ABFLOW004,Oil,,,0.0
Liechtenstein,2005,1A1A3,ABFLOW005,Coal,,,0.0
Liechtenstein,2005,1A1A3,ABFLOW005,Natural gas,,,0.0
Liechtenstein,2005,1A1A3,ABFLOW005,Oil,,,0.0
Liechtenstein,2005,1A1B,ABFLOW011,Coal,,,0.0
Liechtenstein,2005,1A1B,ABFLOW011,Natural gas,,,0.0
Liechtenstein,2005,1A1B,ABFLOW011,Oil,,,0.0
Liechtenstein,2005,1A1C,ABFLOW011,Coal,,,0.0
Liechtenstein,2005,1A1C,ABFLOW011,Natural gas,,,0.0
Liechtenstein,2005,1A1C,ABFLOW011,Oil,,,0.0
Liechtenstein,2005,1A2,ABFLOW012,Coal,,,0.0
Liechtenstein,2005,1A2,ABFLOW012,Natural gas,,,0.0
Liechtenstein,2005,1A2,ABFLOW012,Oil,,,0.0
Liechtenstein,2005,1A2A,ABFLOW016,Coal,,,0.0
Liechtenstein,2005,1A2A,ABFLOW016,Natural gas,,,0.0
Liechtenstein,2005,1A2A,ABFLOW016,Oil,,,0.0
Liechtenstein,2005,1A2B,ABFLOW018,Coal,,,0.0
Liechtenstein,2005,1A2B,ABFLOW018,Natural gas,,,0.0
Liechtenstein,2005,1A2B,ABFLOW018,Oil,,,0.0
Liechtenstein,2005,1A2C,ABFLOW017,Coal,,,0.0
Liechtenstein,2005,1A2C,ABFLOW017,Natural gas,,,0.0
Liechtenstein,2005,1A2C,ABFLOW017,Oil,,,0.0
Liechtenstein,2005,1A2D,ABFLOW023,Coal,,,0.0
Liechtenstein,2005,1A2D,ABFLOW023,Natural gas,,,0.0
Liechtenstein,2005,1A2D,ABFLOW023,Oil,,,0.0
Liechtenstein,2005,1A2E,ABFLOW022,Coal,,,0.0
Liechtenstein,2005,1A2E,ABFLOW022,Natural gas,,,0.0
Liechtenstein,2005,1A2E,ABFLOW022,Oil,,,0.0
Liechtenstein,2005,1A2F,ABFLOW019,Coal,,,0.0
Liechtenstein,2005,1A2F,ABFLOW019,Natural gas,,,0.0
Liechtenstein,2005,1A2F,ABFLOW019,Oil,,,0.0
Liechtenstein,2005,1A2G,ABFLOW020,Coal,,,0.0
Liechtenstein,2005,1A2G,ABFLOW020,Natural gas,,,0.0
Liechtenstein,2005,1A2G,ABFLOW020,Oil,,,0.0
Liechtenstein,2005,1A2H,ABFLOW021,Coal,,,0.0
Liechtenstein,2005,1A2H,ABFLOW021,Natural gas,,,0.0
Liechtenstein,2005,1A2H,ABFLOW021,Oil,,,0.0
Liechtenstein,2005,1A2I,ABFLOW013,Coal,,,0.0
Liechtenstein,2005,1A2I,ABFLOW013,Natural gas,,,0.0
Liechtenstein,2005,1A2I,ABFLOW013,Oil,,,0.0
Liechtenstein,2005,1A2J,ABFLOW024,Coal,,,0.0
Liechtenstein,2005,1A2J,ABFLOW024,Natural gas,,,0.0
Liechtenstein,2005,1A2J,ABFLOW024,Oil,,,0.0
Liechtenstein,2005,1A2K,ABFLOW014,Coal,,,0.0
Liechtenstein,2005,1A2K,ABFLOW014,Natural gas,,,0.0
Liechtenstein,2005,1A2K,ABFLOW014,Oil,,,0.0
Liechtenstein,2005,1A2L,ABFLOW025,Coal,,,0.0
Liechtenstein,2005,1A2L,ABFLOW025,Natural gas,,,0.0
Liechtenstein,2005,1A2L,ABFLOW025,Oil,,,0.0
Liechtenstein,2005,1A2M,ABFLOW026,Coal,,,0.0
Liechtenstein,2005,1A2M,ABFLOW026,Natural gas,,,0.0
Liechtenstein,2005,1A2M,ABFLOW026,Oil,,,0.0
Liechtenstein,2005,1A3,ABFLOW027,Coal,,,0.0
Liechtenstein,2005,1A3,ABFLOW027,Natural gas,,,0.0
Liechtenstein,2005,1A3,ABFLOW027,Oil,,,0.0
Liechtenstein,2005,1A3A1,ABFLOW040,Coal,,,0.0
Liechtenstein,2005,1A3A1,ABFLOW040,Natural gas,,,0.0
Liechtenstein,2005,1A3A1,ABFLOW040,Oil,,,0.0
Liechtenstein,2005,1A3A2,ABFLOW029,Coal,,,0.0
Liechtenstein,2005,1A3A2,ABFLOW029,Natural gas,,,0.0
Liechtenstein,2005,1A3A2,ABFLOW029,Oil,,,0.0
Liechtenstein,2005,1A3B,ABFLOW028,Coal,,,0.0
Liechtenstein,2005,1A3B,ABFLOW028,Natural gas,,,0.0
Liechtenstein,2005,1A3B,ABFLOW028,Oil,,,0.0
Liechtenstein,2005,1A3C,ABFLOW030,Coal,,,0.0
Liechtenstein,2005,1A3C,ABFLOW030,Natural gas,,,0.0
Liechtenstein,2005,1A3C,ABFLOW030,Oil,,,0.0
Liechtenstein,2005,1A3D1,ABFLOW039,Coal,,,0.0
Liechtenstein,2005,1A3D1,ABFLOW039,Natural gas,,,0.0
Liechtenstein,2005,1A3D1,ABFLOW039,Oil,,,0.0
Liechtenstein,2005,1A3D2,ABFLOW032,Coal,,,0.0
Liechtenstein,2005,1A3D2,ABFLOW032,Natural gas,,,0.0
Liechtenstein,2005,1A3D2,ABFLOW032,Oil,,,0.0
Liechtenstein,2005,1A3E1,ABFLOW033,Coal,,,0.0
Liechtenstein,2005,1A3E1,ABFLOW033,Natural gas,,,0.0
Liechtenstein,2005,1A3E1,ABFLOW033,Oil,,,0.0
Liechtenstein,2005,1A4A,ABFLOW035,Coal,,,0.0
Liechtenstein,2005,1A4A,ABFLOW035,Natural gas,,,0.0
Liechtenstein,2005,1A4A,ABFLOW035,Oil,,,0.0
Liechtenstein,2005,1A4B,ABFLOW034,Coal,,,0.0
Liechtenstein,2005,1A4B,ABFLOW034,Natural gas,,,0.0
Liechtenstein,2005,1A4B,ABFLOW034,Oil,,,0.0
Liechtenstein,2005,1A4C1,ABFLOW036,Coal,,,0.0
Liechtenstein,2005,1A4C1,ABFLOW036,Natural gas,,,0.0
Liechtenstein,2005,1A4C1,ABFLOW036,Oil,,,0.0
Liechtenstein,2005,1A4C2,ABFLOW037,Coal,,,0.0
Liechtenstein,2005,1A4C2,ABFLOW037,Natural gas,,,0.0
Liechtenstein,2005,1A4C2,ABFLOW037,Oil,,,0.0
Liechtenstein,2005,1A5,ABFLOW038,Coal,,,0.0
Liechtenstein,2005,1A5,ABFLOW038,Natural gas,,,0.0
Liechtenstein,2005,1A5,ABFLOW038,Oil,,,0.0
Liechtenstein,2006,1A,ABFLOW001,Coal,,,0.0
Liechtenstein,2006,1A,ABFLOW001,Natural gas,,,0.0
Liechtenstein,2006,1A,ABFLOW001,Oil,,,0.0
Liechtenstein,2006,1A1A,ABFLOW002,Coal,,,0.0
Liechtenstein,2006,1A1A,ABFLOW002,Natural gas,,,0.0
Liechtenstein,2006,1A1A,ABFLOW002,Oil,,,0.0
Liechtenstein,2006,1A1A1,ABFLOW003,Coal,,,0.0
Liechtenstein,2006,1A1A1,ABFLOW003,Natural gas,,,0.0
Liechtenstein,2006,1A1A1,ABFLOW003,Oil,,,0.0
Liechtenstein,2006,1A1A2,ABFLOW004,Coal,,,0.0
Liechtenstein,2006,1A1A2,ABFLOW004,Natural gas,,,0.0
Liechtenstein,2006,1A1A2,ABFLOW004,Oil,,,0.0
Liechtenstein,2006,1A1A3,ABFLOW005,Coal,,,0.0
Liechtenstein,2006,1A1A3,ABFLOW005,Natural gas,,,0.0
Liechtenstein,2006,1A1A3,ABFLOW005,Oil,,,0.0
Liechtenstein,2006,1A1B,ABFLOW011,Coal,,,0.0
Liechtenstein,2006,1A1B,ABFLOW011,Natural gas,,,0.0
Liechtenstein,2006,1A1B,ABFLOW011,Oil,,,0.0
Liechtenstein,2006,1A1C,ABFLOW011,Coal,,,0.0
Liechtenstein,2006,1A1C,ABFLOW011,Natural gas,,,0.0
Liechtenstein,2006,1A1C,ABFLOW011,Oil,,,0.0
Liechtenstein,2006,1A2,ABFLOW012,Coal,,,0.0
Liechtenstein,2006,1A2,ABFLOW012,Natural gas,,,0.0
Liechtenstein,2006,1A2,ABFLOW012,Oil,,,0.0
Liechtenstein,2006,1A2A,ABFLOW016,Coal,,,0.0
Liechtenstein,2006,1A2A,ABFLOW016,Natural gas,,,0.0
Liechtenstein,2006,1A2A,ABFLOW016,Oil,,,0.0
Liechtenstein,2006,1A2B,ABFLOW018,Coal,,,0.0
Liechtenstein,2006,1A2B,ABFLOW018,Natural gas,,,0.0
Liechtenstein,2006,1A2B,ABFLOW018,Oil,,,0.0
Liechtenstein,2006,1A2C,ABFLOW017,Coal,,,0.0
Liechtenstein,2006,1A2C,ABFLOW017,Natural gas,,,0.0
Liechtenstein,2006,1A2C,ABFLOW017,Oil,,,0.0
Liechtenstein,2006,1A2D,ABFLOW023,Coal,,,0.0
Liechtenstein,2006,1A2D,ABFLOW023,Natural gas,,,0.0
Liechtenstein,2006,1A2D,ABFLOW023,Oil,,,0.0
Liechtenstein,2006,1A2E,ABFLOW022,Coal,,,0.0
Liechtenstein,2006,1A2E,ABFLOW022,Natural gas,,,0.0
Liechtenstein,2006,1A2E,ABFLOW022,Oil,,,0.0
Liechtenstein,2006,1A2F,ABFLOW019,Coal,,,0.0
Liechtenstein,2006,1A2F,ABFLOW019,Natural gas,,,0.0
Liechtenstein,2006,1A2F,ABFLOW019,Oil,,,0.0
Liechtenstein,2006,1A2G,ABFLOW020,Coal,,,0.0
Liechtenstein,2006,1A2G,ABFLOW020,Natural gas,,,0.0
Liechtenstein,2006,1A2G,ABFLOW020,Oil,,,0.0
Liechtenstein,2006,1A2H,ABFLOW021,Coal,,,0.0
Liechtenstein,2006,1A2H,ABFLOW021,Natural gas,,,0.0
Liechtenstein,2006,1A2H,ABFLOW021,Oil,,,0.0
Liechtenstein,2006,1A2I,ABFLOW013,Coal,,,0.0
Liechtenstein,2006,1A2I,ABFLOW013,Natural gas,,,0.0
Liechtenstein,2006,1A2I,ABFLOW013,Oil,,,0.0
Liechtenstein,2006,1A2J,ABFLOW024,Coal,,,0.0
Liechtenstein,2006,1A2J,ABFLOW024,Natural gas,,,0.0
Liechtenstein,2006,1A2J,ABFLOW024,Oil,,,0.0
Liechtenstein,2006,1A2K,ABFLOW014,Coal,,,0.0
Liechtenstein,2006,1A2K,ABFLOW014,Natural gas,,,0.0
Liechtenstein,2006,1A2K,ABFLOW014,Oil,,,0.0
Liechtenstein,2006,1A2L,ABFLOW025,Coal,,,0.0
Liechtenstein,2006,1A2L,ABFLOW025,Natural gas,,,0.0
Liechtenstein,2006,1A2L,ABFLOW025,Oil,,,0.0
Liechtenstein,2006,1A2M,ABFLOW026,Coal,,,0.0
Liechtenstein,2006,1A2M,ABFLOW026,Natural gas,,,0.0
Liechtenstein,2006,1A2M,ABFLOW026,Oil,,,0.0
Liechtenstein,2006,1A3,ABFLOW027,Coal,,,0.0
Liechtenstein,2006,1A3,ABFLOW027,Natural gas,,,0.0
Liechtenstein,2006,1A3,ABFLOW027,Oil,,,0.0
Liechtenstein,2006,1A3A1,ABFLOW040,Coal,,,0.0
Liechtenstein,2006,1A3A1,ABFLOW040,Natural gas,,,0.0
Liechtenstein,2006,1A3A1,ABFLOW040,Oil,,,0.0
Liechtenstein,2006,1A3A2,ABFLOW029,Coal,,,0.0
Liechtenstein,2006,1A3A2,ABFLOW029,Natural gas,,,0.0
Liechtenstein,2006,1A3A2,ABFLOW029,Oil,,,0.0
Liechtenstein,2006,1A3B,ABFLOW028,Coal,,,0.0
Liechtenstein,2006,1A3B,ABFLOW028,Natural gas,,,0.0
Liechtenstein,2006,1A3B,ABFLOW028,Oil,,,0.0
Liechtenstein,2006,1A3C,ABFLOW030,Coal,,,0.0
Liechtenstein,2006,1A3C,ABFLOW030,Natural gas,,,0.0
Liechtenstein,2006,1A3C,ABFLOW030,Oil,,,0.0
Liechtenstein,2006,1A3D1,ABFLOW039,Coal,,,0.0
Liechtenstein,2006,1A3D1,ABFLOW039,Natural gas,,,0.0
Liechtenstein,2006,1A3D1,ABFLOW039,Oil,,,0.0
Liechtenstein,2006,1A3D2,ABFLOW032,Coal,,,0.0
Liechtenstein,2006,1A3D2,ABFLOW032,Natural gas,,,0.0
Liechtenstein,2006,1A3D2,ABFLOW032,Oil,,,0.0
Liechtenstein,2006,1A3E1,ABFLOW033,Coal,,,0.0
Liechtenstein,2006,1A3E1,ABFLOW033,Natural gas,,,0.0
Liechtenstein,2006,1A3E1,ABFLOW033,Oil,,,0.0
Liechtenstein,2006,1A4A,ABFLOW035,Coal,,,0.0
Liechtenstein,2006,1A4A,ABFLOW035,Natural gas,,,0.0
Liechtenstein,2006,1A4A,ABFLOW035,Oil,,,0.0
Liechtenstein,2006,1A4B,ABFLOW034,Coal,,,0.0
Liechtenstein,2006,1A4B,ABFLOW034,Natural gas,,,0.0
Liechtenstein,2006,1A4B,ABFLOW034,Oil,,,0.0
Liechtenstein,2006,1A4C1,ABFLOW036,Coal,,,0.0
Liechtenstein,2006,1A4C1,ABFLOW036,Natural gas,,,0.0
Liechtenstein,2006,1A4C1,ABFLOW036,Oil,,,0.0
Liechtenstein,2006,1A4C2,ABFLOW037,Coal,,,0.0
Liechtenstein,2006,1A4C2,ABFLOW037,Natural gas,,,0.0
Liechtenstein,2006,1A4C2,ABFLOW037,Oil,,,0.0
Liechtenstein,2006,1A5,ABFLOW038,Coal,,,0.0
Liechtenstein,2006,1A5,ABFLOW038,Natural gas,,,0.0
Liechtenstein,2006,1A5,ABFLOW038,Oil,,,0.0
Liechtenstein,2007,1A,ABFLOW001,Coal,,,0.0
Liechtenstein,2007,1A,ABFLOW001,Natural gas,,,0.0
Liechtenstein,2007,1A,ABFLOW001,Oil,,,0.0
Liechtenstein,2007,1A1A,ABFLOW002,Coal,,,0.0
Liechtenstein,2007,1A1A,ABFLOW002,Natural gas,,,0.0
Liechtenstein,2007,1A1A,ABFLOW002,Oil,,,0.0
Liechtenstein,2007,1A1A1,ABFLOW003,Coal,,,0.0
Liechtenstein,2007,1A1A1,ABFLOW003,Natural gas,,,0.0
Liechtenstein,2007,1A1A1,ABFLOW003,Oil,,,0.0
Liechtenstein,2007,1A1A2,ABFLOW004,Coal,,,0.0
Liechtenstein,2007,1A1A2,ABFLOW004,Natural gas,,,0.0
Liechtenstein,2007,1A1A2,ABFLOW004,Oil,,,0.0
Liechtenstein,2007,1A1A3,ABFLOW005,Coal,,,0.0
Liechtenstein,2007,1A1A3,ABFLOW005,Natural gas,,,0.0
Liechtenstein,2007,1A1A3,ABFLOW005,Oil,,,0.0
Liechtenstein,2007,1A1B,ABFLOW011,Coal,,,0.0
Liechtenstein,2007,1A1B,ABFLOW011,Natural gas,,,0.0
Liechtenstein,2007,1A1B,ABFLOW011,Oil,,,0.0
Liechtenstein,2007,1A1C,ABFLOW011,Coal,,,0.0
Liechtenstein,2007,1A1C,ABFLOW011,Natural gas,,,0.0
Liechtenstein,2007,1A1C,ABFLOW011,Oil,,,0.0
Liechtenstein,2007,1A2,ABFLOW012,Coal,,,0.0
Liechtenstein,2007,1A2,ABFLOW012,Natural gas,,,0.0
Liechtenstein,2007,1A2,ABFLOW012,Oil,,,0.0
Liechtenstein,2007,1A2A,ABFLOW016,Coal,,,0.0
Liechtenstein,2007,1A2A,ABFLOW016,Natural gas,,,0.0
Liechtenstein,2007,1A2A,ABFLOW016,Oil,,,0.0
Liechtenstein,2007,1A2B,ABFLOW018,Coal,,,0.0
Liechtenstein,2007,1A2B,ABFLOW018,Natural gas,,,0.0
Liechtenstein,2007,1A2B,ABFLOW018,Oil,,,0.0
Liechtenstein,2007,1A2C,ABFLOW017,Coal,,,0.0
Liechtenstein,2007,1A2C,ABFLOW017,Natural gas,,,0.0
Liechtenstein,2007,1A2C,ABFLOW017,Oil,,,0.0
Liechtenstein,2007,1A2D,ABFLOW023,Coal,,,0.0
Liechtenstein,2007,1A2D,ABFLOW023,Natural gas,,,0.0
Liechtenstein,2007,1A2D,ABFLOW023,Oil,,,0.0
Liechtenstein,2007,1A2E,ABFLOW022,Coal,,,0.0
Liechtenstein,2007,1A2E,ABFLOW022,Natural gas,,,0.0
Liechtenstein,2007,1A2E,ABFLOW022,Oil,,,0.0
Liechtenstein,2007,1A2F,ABFLOW019,Coal,,,0.0
Liechtenstein,2007,1A2F,ABFLOW019,Natural gas,,,0.0
Liechtenstein,2007,1A2F,ABFLOW019,Oil,,,0.0
Liechtenstein,2007,1A2G,ABFLOW020,Coal,,,0.0
Liechtenstein,2007,1A2G,ABFLOW020,Natural gas,,,0.0
Liechtenstein,2007,1A2G,ABFLOW020,Oil,,,0.0
Liechtenstein,2007,1A2H,ABFLOW021,Coal,,,0.0
Liechtenstein,2007,1A2H,ABFLOW021,Natural gas,,,0.0
Liechtenstein,2007,1A2H,ABFLOW021,Oil,,,0.0
Liechtenstein,2007,1A2I,ABFLOW013,Coal,,,0.0
Liechtenstein,2007,1A2I,ABFLOW013,Natural gas,,,0.0
Liechtenstein,2007,1A2I,ABFLOW013,Oil,,,0.0
Liechtenstein,2007,1A2J,ABFLOW024,Coal,,,0.0
Liechtenstein,2007,1A2J,ABFLOW024,Natural gas,,,0.0
Liechtenstein,2007,1A2J,ABFLOW024,Oil,,,0.0
Liechtenstein,2007,1A2K,ABFLOW014,Coal,,,0.0
Liechtenstein,2007,1A2K,ABFLOW014,Natural gas,,,0.0
Liechtenstein,2007,1A2K,ABFLOW014,Oil,,,0.0
Liechtenstein,2007,1A2L,ABFLOW025,Coal,,,0.0
Liechtenstein,2007,1A2L,ABFLOW025,Natural gas,,,0.0
Liechtenstein,2007,1A2L,ABFLOW025,Oil,,,0.0
Liechtenstein,2007,1A2M,ABFLOW026,Coal,,,0.0
Liechtenstein,2007,1A2M,ABFLOW026,Natural gas,,,0.0
Liechtenstein,2007,1A2M,ABFLOW026,Oil,,,0.0
Liechtenstein,2007,1A3,ABFLOW027,Coal,,,0.0
Liechtenstein,2007,1A3,ABFLOW027,Natural gas,,,0.0
Liechtenstein,2007,1A3,ABFLOW027,Oil,,,0.0
Liechtenstein,2007,1A3A1,ABFLOW040,Coal,,,0.0
Liechtenstein,2007,1A3A1,ABFLOW040,Natural gas,,,0.0
Liechtenstein,2007,1A3A1,ABFLOW040,Oil,,,0.0
Liechtenstein,2007,1A3A2,ABFLOW029,Coal,,,0.0
Liechtenstein,2007,1A3A2,ABFLOW029,Natural gas,,,0.0
Liechtenstein,2007,1A3A2,ABFLOW029,Oil,,,0.0
Liechtenstein,2007,1A3B,ABFLOW028,Coal,,,0.0
Liechtenstein,2007,1A3B,ABFLOW028,Natural gas,,,0.0
Liechtenstein,2007,1A3B,ABFLOW028,Oil,,,0.0
Liechtenstein,2007,1A3C,ABFLOW030,Coal,,,0.0
Liechtenstein,2007,1A3C,ABFLOW030,Natural gas,,,0.0
Liechtenstein,2007,1A3C,ABFLOW030,Oil,,,0.0
Liechtenstein,2007,1A3D1,ABFLOW039,Coal,,,0.0
Liechtenstein,2007,1A3D1,ABFLOW039,Natural gas,,,0.0
Liechtenstein,2007,1A3D1,ABFLOW039,Oil,,,0.0
Liechtenstein,2007,1A3D2,ABFLOW032,Coal,,,0.0
Liechtenstein,2007,1A3D2,ABFLOW032,Natural gas,,,0.0
Liechtenstein,2007,1A3D2,ABFLOW032,Oil,,,0.0
Liechtenstein,2007,1A3E1,ABFLOW033,Coal,,,0.0
Liechtenstein,2007,1A3E1,ABFLOW033,Natural gas,,,0.0
Liechtenstein,2007,1A3E1,ABFLOW033,Oil,,,0.0
Liechtenstein,2007,1A4A,ABFLOW035,Coal,,,0.0
Liechtenstein,2007,1A4A,ABFLOW035,Natural gas,,,0.0
Liechtenstein,2007,1A4A,ABFLOW035,Oil,,,0.0
Liechtenstein,2007,1A4B,ABFLOW034,Coal,,,0.0
Liechtenstein,2007,1A4B,ABFLOW034,Natural gas,,,0.0
Liechtenstein,2007,1A4B,ABFLOW034,Oil,,,0.0
Liechtenstein,2007,1A4C1,ABFLOW036,Coal,,,0.0
Liechtenstein,2007,1A4C1,ABFLOW036,Natural gas,,,0.0
Liechtenstein,2007,1A4C1,ABFLOW036,Oil,,,0.0
Liechtenstein,2007,1A4C2,ABFLOW037,Coal,,,0.0
Liechtenstein,2007,1A4C2,ABFLOW037,Natural gas,,,0.0
Liechtenstein,2007,1A4C2,ABFLOW037,Oil,,,0.0
Liechtenstein,2007,1A5,ABFLOW038,Coal,,,0.0
Liechtenstein,2007,1A5,ABFLOW038,Natural gas,,,0.0
Liechtenstein,2007,1A5,ABFLOW038,Oil,,,0.0
Liechtenstein,2008,1A,ABFLOW001,Coal,,,0.0
Liechtenstein,2008,1A,ABFLOW001,Natural gas,,,0.0
Liechtenstein,2008,1A,ABFLOW001,Oil,,,0.0
Liechtenstein,2008,1A1A,ABFLOW002,Coal,,,0.0
Liechtenstein,2008,1A1A,ABFLOW002,Natural gas,,,0.0
Liechtenstein,2008,1A1A,ABFLOW002,Oil,,,0.0
Liechtenstein,2008,1A1A1,ABFLOW003,Coal,17.802893437897538,,17.802893437897538
Liechtenstein,2008,1A1A1,ABFLOW003,Natural gas,17.802893437897538,,17.802893437897538
Liechtenstein,2008,1A1A1,ABFLOW003,Oil,17.802893437897538,,17.802893437897538
Liechtenstein,2008,1A1A2,ABFLOW004,Coal,17.802893437897538,10.880259398534488,28.683152836432026
Liechtenstein,2008,1A1A2,ABFLOW004,Natural gas,17.802893437897538,10.880259398534488,28.683152836432026
Liechtenstein,2008,1A1A2,ABFLOW004,Oil,17.802893437897538,10.880259398534488,28.683152836432026
Liechtenstein,2008,1A1A3,ABFLOW005,Coal,17.802893437897538,10.880259398534488,28.683152836432026
Liechtenstein,2008,1A1A3,ABFLOW005,Natural gas,17.802893437897538,10.880259398534488,28.683152836432026
Liechtenstein,2008,1A1A3,ABFLOW005,Oil,17.802893437897538,10.880259398534488,28.683152836432026
Liechtenstein,2008,1A1B,ABFLOW011,Coal,17.802893437897538,,17.802893437897538
Liechtenstein,2008,1A1B,ABFLOW011,Natural gas,17.802893437897538,,17.802893437897538
Liechtenstein,2008,1A1B,ABFLOW011,Oil,17.802893437897538,,17.802893437897538
Liechtenstein,2008,1A1C,ABFLOW011,Coal,17.802893437897538,,17.802893437897538
Liechtenstein,2008,1A1C,ABFLOW011,Natural gas,17.802893437897538,,17.802893437897538
Liechtenstein,2008,1A1C,ABFLOW011,Oil,17.802893437897538,,17.802893437897538
Liechtenstein,2008,1A2,ABFLOW012,Coal,,,0.0
Liechtenstein,2008,1A2,ABFLOW012,Natural gas,,,0.0
Liechtenstein,2008,1A2,ABFLOW012,Oil,,,0.0
Liechtenstein,2008,1A2A,ABFLOW016,Coal,17.802893437897538,,17.802893437897538
Liechtenstein,2008,1A2A,ABFLOW016,Natural gas,17.802893437897538,,17.802893437897538
Liechtenstein,2008,1A2A,ABFLOW016,Oil,17.802893437897538,,17.802893437897538
Liechtenstein,2008,1A2B,ABFLOW018,Coal,17.802893437897538,,17.802893437897538
Liechtenstein,2008,1A2B,ABFLOW018,Natural gas,17.802893437897538,,17.802893437897538
Liechtenstein,2008,1A2B,ABFLOW018,Oil,17.802893437897538,,17.802893437897538
Liechtenstein,2008,1A2C,ABFLOW017,Coal,17.802893437897538,,17.802893437897538
Liechtenstein,2008,1A2C,ABFLOW017,Natural gas,17.802893437897538,,17.802893437897538
Liechtenstein,2008,1A2C,ABFLOW017,Oil,17.802893437897538,,17.802893437897538
Liechtenstein,2008,1A2D,ABFLOW023,Coal,17.802893437897538,,17.802893437897538
Liechtenstein,2008,1A2D,ABFLOW023,Natural gas,17.802893437897538,,17.802893437897538
Liechtenstein,2008,1A2D,ABFLOW023,Oil,17.802893437897538,,17.802893437897538
Liechtenstein,2008,1A2E,ABFLOW022,Coal,17.802893437897538,,17.802893437897538
Liechtenstein,2008,1A2E,ABFLOW022,Natural gas,17.802893437897538,,17.802893437897538
Liechtenstein,2008,1A2E,ABFLOW022,Oil,17.802893437897538,,17.802893437897538
Liechtenstein,2008,1A2F,ABFLOW019,Coal,17.802893437897538,,17.802893437897538
Liechtenstein,2008,1A2F,ABFLOW019,Natural gas,17.802893437897538,,17.802893437897538
Liechtenstein,2008,1A2F,ABFLOW019,Oil,17.802893437897538,,17.802893437897538
Liechtenstein,2008,1A2G,ABFLOW020,Coal,17.802893437897538,,17.802893437897538
Liechtenstein,2008,1A2G,ABFLOW020,Natural gas,17.802893437897538,,17.802893437897538
Liechtenstein,2008,1A2G,ABFLOW020,Oil,17.802893437897538,,17.802893437897538
Liechtenstein,2008,1A2H,ABFLOW021,Coal,17.802893437897538,,17.802893437897538
Liechtenstein,2008,1A2H,ABFLOW021,Natural gas,17.802893437897538,,17.802893437897538
Liechtenstein,2008,1A2H,ABFLOW021,Oil,17.802893437897538,,17.802893437897538
Liechtenstein,2008,1A2I,ABFLOW013,Coal,17.802893437897538,,17.802893437897538
Liechtenstein,2008,1A2I,ABFLOW013,Natural gas,17.802893437897538,,17.802893437897538
Liechtenstein,2008,1A2I,ABFLOW013,Oil,17.802893437897538,,17.802893437897538
Liechtenstein,2008,1A2J,ABFLOW024,Coal,17.802893437897538,,17.802893437897538
Liechtenstein,2008,1A2J,ABFLOW024,Natural gas,17.802893437897538,,17.802893437897538
Liechtenstein,2008,1A2J,ABFLOW024,Oil,17.802893437897538,,17.802893437897538
Liechtenstein,2008,1A2K,ABFLOW014,Coal,17.802893437897538,,17.802893437897538
Liechtenstein,2008,1A2K,ABFLOW014,Natural gas,17.802893437897538,,17.802893437897538
Liechtenstein,2008,1A2K,ABFLOW014,Oil,17.802893437897538,,17.802893437897538
Liechtenstein,2008,1A2L,ABFLOW025,Coal,17.802893437897538,,17.802893437897538
Liechtenstein,2008,1A2L,ABFLOW025,Natural gas,17.802893437897538,,17.802893437897538
Liechtenstein,2008,1A2L,ABFLOW025,Oil,17.802893437897538,,17.802893437897538
Liechtenstein,2008,1A2M,ABFLOW026,Coal,17.802893437897538,,17.802893437897538
Liechtenstein,2008,1A2M,ABFLOW026,Natural gas,17.802893437897538,,17.802893437897538
Liechtenstein,2008,1A2M,ABFLOW026,Oil,17.802893437897538,,17.802893437897538
Liechtenstein,2008,1A3,ABFLOW027,Coal,,,0.0
Liechtenstein,2008,1A3,ABFLOW027,Natural gas,,,0.0
Liechtenstein,2008,1A3,ABFLOW027,Oil,,,0.0
Liechtenstein,2008,1A3A1,ABFLOW040,Coal,,,0.0
Liechtenstein,2008,1A3A1,ABFLOW040,Natural gas,,,0.0
Liechtenstein,2008,1A3A1,ABFLOW040,Oil,,,0.0
Liechtenstein,2008,1A3A2,ABFLOW029,Coal,,,0.0
Liechtenstein,2008,1A3A2,ABFLOW029,Natural gas,,,0.0
Liechtenstein,2008,1A3A2,ABFLOW029,Oil,,,0.0
Liechtenstein,2008,1A3B,ABFLOW028,Coal,,,0.0
Liechtenstein,2008,1A3B,ABFLOW028,Natural gas,,,0.0
Liechtenstein,2008,1A3B,ABFLOW028,Oil,,,0.0
Liechtenstein,2008,1A3C,ABFLOW030,Coal,,,0.0
Liechtenstein,2008,1A3C,ABFLOW030,Natural gas,,,0.0
Liechtenstein,2008,1A3C,ABFLOW030,Oil,,,0.0
Liechtenstein,2008,1A3D1,ABFLOW039,Coal,,,0.0
Liechtenstein,2008,1A3D1,ABFLOW039,Natural gas,,,0.0
Liechtenstein,2008,1A3D1,ABFLOW039,Oil,,,0.0
Liechtenstein,2008,1A3D2,ABFLOW032,Coal,,,0.0
Liechtenstein,2008,1A3D2,ABFLOW032,Natural gas,,,0.0
Liechtenstein,2008,1A3D2,ABFLOW032,Oil,,,0.0
Liechtenstein,2008,1A3E1,ABFLOW033,Coal,,,0.0
Liechtenstein,2008,1A3E1,ABFLOW033,Natural gas,,,0.0
Liechtenstein,2008,1A3E1,ABFLOW033,Oil,,,0.0
Liechtenstein,2008,1A4A,ABFLOW035,Coal,,,0.0
Liechtenstein,2008,1A4A,ABFLOW035,Natural gas,,,0.0
Liechtenstein,2008,1A4A,ABFLOW035,Oil,,,0.0
Liechtenstein,2008,1A4B,ABFLOW034,Coal,,10.880259398534488,10.880259398534488
Liechtenstein,2008,1A4B,ABFLOW034,Natural gas,,10.880259398534488,10.880259398534488
Liechtenstein,2008,1A4B,ABFLOW034,Oil,,10.880259398534488,10.880259398534488
Liechtenstein,2008,1A4C1,ABFLOW036,Coal,,,0.0
Liechtenstein,2008,1A4C1,ABFLOW036,Natural gas,,,0.0
Liechtenstein,2008,1A4C1,ABFLOW036,Oil,,,0.0
Liechtenstein,2008,1A4C2,ABFLOW037,Coal,,,0.0
Liechtenstein,2008,1A4C2,ABFLOW037,Natural gas,,,0.0
Liechtenstein,2008,1A4C2,ABFLOW037,Oil,,,0.0
Liechtenstein,2008,1A5,ABFLOW038,Coal,,,0.0
Liechtenstein,2008,1A5,ABFLOW038,Natural gas,,,0.0
Liechtenstein,2008,1A5,ABFLOW038,Oil,,,0.0
Liechtenstein,2009,1A,ABFLOW001,Coal,,,0.0
Liechtenstein,2009,1A,ABFLOW001,Natural gas,,,0.0
Liechtenstein,2009,1A,ABFLOW001,Oil,,,0.0
Liechtenstein,2009,1A1A,ABFLOW002,Coal,,,0.0
Liechtenstein,2009,1A1A,ABFLOW002,Natural gas,,,0.0
Liechtenstein,2009,1A1A,ABFLOW002,Oil,,,0.0
Liechtenstein,2009,1A1A1,ABFLOW003,Coal,14.950130230982356,,14.950130230982356
Liechtenstein,2009,1A1A1,ABFLOW003,Natural gas,14.950130230982356,,14.950130230982356
Liechtenstein,2009,1A1A1,ABFLOW003,Oil,14.950130230982356,,14.950130230982356
Liechtenstein,2009,1A1A2,ABFLOW004,Coal,14.950130230982356,12.075848403824422,27.025978634806776
Liechtenstein,2009,1A1A2,ABFLOW004,Natural gas,14.950130230982356,12.075848403824422,27.025978634806776
Liechtenstein,2009,1A1A2,ABFLOW004,Oil,14.950130230982356,12.075848403824422,27.025978634806776
Liechtenstein,2009,1A1A3,ABFLOW005,Coal,14.950130230982356,12.075848403824422,27.025978634806776
Liechtenstein,2009,1A1A3,ABFLOW005,Natural gas,14.950130230982356,12.075848403824422,27.025978634806776
Liechtenstein,2009,1A1A3,ABFLOW005,Oil,14.950130230982356,12.075848403824422,27.025978634806776
Liechtenstein,2009,1A1B,ABFLOW011,Coal,14.950130230982356,,14.950130230982356
Liechtenstein,2009,1A1B,ABFLOW011,Natural gas,14.950130230982356,,14.950130230982356
Liechtenstein,2009,1A1B,ABFLOW011,Oil,14.950130230982356,,14.950130230982356
Liechtenstein,2009,1A1C,ABFLOW011,Coal,14.950130230982356,,14.950130230982356
Liechtenstein,2009,1A1C,ABFLOW011,Natural gas,14.950130230982356,,14.950130230982356
Liechtenstein,2009,1A1C,ABFLOW011,Oil,14.950130230982356,,14.950130230982356
Liechtenstein,2009,1A2,ABFLOW012,Coal,,,0.0
Liechtenstein,2009,1A2,ABFLOW012,Natural gas,,,0.0
Liechtenstein,2009,1A2,ABFLOW012,Oil,,,0.0
Liechtenstein,2009,1A2A,ABFLOW016,Coal,14.950130230982356,,14.950130230982356
Liechtenstein,2009,1A2A,ABFLOW016,Natural gas,14.950130230982356,,14.950130230982356
Liechtenstein,2009,1A2A,ABFLOW016,Oil,14.950130230982356,,14.950130230982356
Liechtenstein,2009,1A2B,ABFLOW018,Coal,14.950130230982356,,14.950130230982356
Liechtenstein,2009,1A2B,ABFLOW018,Natural gas,14.950130230982356,,14.950130230982356
Liechtenstein,2009,1A2B,ABFLOW018,Oil,14.950130230982356,,14.950130230982356
Liechtenstein,2009,1A2C,ABFLOW017,Coal,14.950130230982356,,14.950130230982356
Liechtenstein,2009,1A2C,ABFLOW017,Natural gas,14.950130230982356,,14.950130230982356
Liechtenstein,2009,1A2C,ABFLOW017,Oil,14.950130230982356,,14.950130230982356
Liechtenstein,2009,1A2D,ABFLOW023,Coal,14.950130230982356,,14.950130230982356
Liechtenstein,2009,1A2D,ABFLOW023,Natural gas,14.950130230982356,,14.950130230982356
Liechtenstein,2009,1A2D,ABFLOW023,Oil,14.950130230982356,,14.950130230982356
Liechtenstein,2009,1A2E,ABFLOW022,Coal,14.950130230982356,,14.950130230982356
Liechtenstein,2009,1A2E,ABFLOW022,Natural gas,14.950130230982356,,14.950130230982356
Liechtenstein,2009,1A2E,ABFLOW022,Oil,14.950130230982356,,14.950130230982356
Liechtenstein,2009,1A2F,ABFLOW019,Coal,14.950130230982356,,14.950130230982356
Liechtenstein,2009,1A2F,ABFLOW019,Natural gas,14.950130230982356,,14.950130230982356
Liechtenstein,2009,1A2F,ABFLOW019,Oil,14.950130230982356,,14.950130230982356
Liechtenstein,2009,1A2G,ABFLOW020,Coal,14.950130230982356,,14.950130230982356
Liechtenstein,2009,1A2G,ABFLOW020,Natural gas,14.950130230982356,,14.950130230982356
Liechtenstein,2009,1A2G,ABFLOW020,Oil,14.950130230982356,,14.950130230982356
Liechtenstein,2009,1A2H,ABFLOW021,Coal,14.950130230982356,,14.950130230982356
Liechtenstein,2009,1A2H,ABFLOW021,Natural gas,14.950130230982356,,14.950130230982356
Liechtenstein,2009,1A2H,ABFLOW021,Oil,14.950130230982356,,14.950130230982356
Liechtenstein,2009,1A2I,ABFLOW013,Coal,14.950130230982356,,14.950130230982356
Liechtenstein,2009,1A2I,ABFLOW013,Natural gas,14.950130230982356,,14.950130230982356
Liechtenstein,2009,1A2I,ABFLOW013,Oil,14.950130230982356,,14.950130230982356
Liechtenstein,2009,1A2J,ABFLOW024,Coal,14.950130230982356,,14.950130230982356
Liechtenstein,2009,1A2J,ABFLOW024,Natural gas,14.950130230982356,,14.950130230982356
Liechtenstein,2009,1A2J,ABFLOW024,Oil,14.950130230982356,,14.950130230982356
Liechtenstein,2009,1A2K,ABFLOW014,Coal,14.950130230982356,,14.950130230982356
Liechtenstein,2009,1A2K,ABFLOW014,Natural gas,14.950130230982356,,14.950130230982356
Liechtenstein,2009,1A2K,ABFLOW014,Oil,14.950130230982356,,14.950130230982356
Liechtenstein,2009,1A2L,ABFLOW025,Coal,14.950130230982356,,14.950130230982356
Liechtenstein,2009,1A2L,ABFLOW025,Natural gas,14.950130230982356,,14.950130230982356
Liechtenstein,2009,1A2L,ABFLOW025,Oil,14.950130230982356,,14.950130230982356
Liechtenstein,2009,1A2M,ABFLOW026,Coal,14.950130230982356,,14.950130230982356
Liechtenstein,2009,1A2M,ABFLOW026,Natural gas,14.950130230982356,,14.950130230982356
Liechtenstein,2009,1A2M,ABFLOW026,Oil,14.950130230982356,,14.950130230982356
Liechtenstein,2009,1A3,ABFLOW027,Coal,,,0.0
Liechtenstein,2009,1A3,ABFLOW027,Natural gas,,,0.0
Liechtenstein,2009,1A3,ABFLOW027,Oil,,,0.0
Liechtenstein,2009,1A3A1,ABFLOW040,Coal,,,0.0
Liechtenstein,2009,1A3A1,ABFLOW040,Natural gas,,,0.0
Liechtenstein,2009,1A3A1,ABFLOW040,Oil,,,0.0
Liechtenstein,2009,1A3A2,ABFLOW029,Coal,,,0.0
Liechtenstein,2009,1A3A2,ABFLOW029,Natural gas,,,0.0
Liechtenstein,2009,1A3A2,ABFLOW029,Oil,,,0.0
Liechtenstein,2009,1A3B,ABFLOW028,Coal,,,0.0
Liechtenstein,2009,1A3B,ABFLOW028,Natural gas,,,0.0
Liechtenstein,2009,1A3B,ABFLOW028,Oil,,,0.0
Liechtenstein,2009,1A3C,ABFLOW030,Coal,,,0.0
Liechtenstein,2009,1A3C,ABFLOW030,Natural gas,,,0.0
Liechtenstein,2009,1A3C,ABFLOW030,Oil,,,0.0
Liechtenstein,2009,1A3D1,ABFLOW039,Coal,,,0.0
Liechtenstein,2009,1A3D1,ABFLOW039,Natural gas,,,0.0
Liechtenstein,2009,1A3D1,ABFLOW039,Oil,,,0.0
Liechtenstein,2009,1A3D2,ABFLOW032,Coal,,,0.0
Liechtenstein,2009,1A3D2,ABFLOW032,Natural gas,,,0.0
Liechtenstein,2009,1A3D2,ABFLOW032,Oil,,,0.0
Liechtenstein,2009,1A3E1,ABFLOW033,Coal,,,0.0
Liechtenstein,2009,1A3E1,ABFLOW033,Natural gas,,,0.0
Liechtenstein,2009,1A3E1,ABFLOW033,Oil,,,0.0
Liechtenstein,2009,1A4A,ABFLOW035,Coal,,,0.0
Liechtenstein,2009,1A4A,ABFLOW035,Natural gas,,,0.0
Liechtenstein,2009,1A4A,ABFLOW035,Oil,,,0.0
Liechtenstein,2009,1A4B,ABFLOW034,Coal,,12.075848403824422,12.075848403824422
Liechtenstein,2009,1A4B,ABFLOW034,Natural gas,,12.075848403824422,12.075848403824422
Liechtenstein,2009,1A4B,ABFLOW034,Oil,,12.075848403824422,12.075848403824422
Liechtenstein,2009,1A4C1,ABFLOW036,Coal,,,0.0
Liechtenstein,2009,1A4C1,ABFLOW036,Natural gas,,,0.0
Liechtenstein,2009,1A4C1,ABFLOW036,Oil,,,0.0
Liechtenstein,2009,1A4C2,ABFLOW037,Coal,,,0.0
Liechtenstein,2009,1A4C2,ABFLOW037,Natural gas,,,0.0
Liechtenstein,2009,1A4C2,ABFLOW037,Oil,,,0.0
Liechtenstein,2009,1A5,ABFLOW038,Coal,,,0.0
Liechtenstein,2009,1A5,ABFLOW038,Natural gas,,,0.0
Liechtenstein,2009,1A5,ABFLOW038,Oil,,,0.0
Liechtenstein,2010,1A,ABFLOW001,Coal,,,0.0
Liechtenstein,2010,1A,ABFLOW001,Natural gas,,,0.0
Liechtenstein,2010,1A,ABFLOW001,Oil,,,0.0
Liechtenstein,2010,1A1A,ABFLOW002,Coal,,,0.0
Liechtenstein,2010,1A1A,ABFLOW002,Natural gas,,,0.0
Liechtenstein,2010,1A1A,ABFLOW002,Oil,,,0.0
Liechtenstein,2010,1A1A1,ABFLOW003,Coal,16.3030317499838,,16.3030317499838
Liechtenstein,2010,1A1A1,ABFLOW003,Natural gas,16.3030317499838,,16.3030317499838
Liechtenstein,2010,1A1A1,ABFLOW003,Oil,16.3030317499838,,16.3030317499838
Liechtenstein,2010,1A1A2,ABFLOW004,Coal,16.3030317499838,36.22754521147326,52.53057696145706
Liechtenstein,2010,1A1A2,ABFLOW004,Natural gas,16.3030317499838,36.22754521147326,52.53057696145706
Liechtenstein,2010,1A1A2,ABFLOW004,Oil,16.3030317499838,36.22754521147326,52.53057696145706
Liechtenstein,2010,1A1A3,ABFLOW005,Coal,16.3030317499838,36.22754521147326,52.53057696145706
Liechtenstein,2010,1A1A3,ABFLOW005,Natural gas,16.3030317499838,36.22754521147326,52.53057696145706
Liechtenstein,2010,1A1A3,ABFLOW005,Oil,16.3030317499838,36.22754521147326,52.53057696145706
Liechtenstein,2010,1A1B,ABFLOW011,Coal,16.3030317499838,,16.3030317499838
Liechtenstein,2010,1A1B,ABFLOW011,Natural gas,16.3030317499838,,16.3030317499838
Liechtenstein,2010,1A1B,ABFLOW011,Oil,16.3030317499838,,16.3030317499838
Liechtenstein,2010,1A1C,ABFLOW011,Coal,16.3030317499838,,16.3030317499838
Liechtenstein,2010,1A1C,ABFLOW011,Natural gas,16.3030317499838,,16.3030317499838
Liechtenstein,2010,1A1C,ABFLOW011,Oil,16.3030317499838,,16.3030317499838
Liechtenstein,2010,1A2,ABFLOW012,Coal,,,0.0
Liechtenstein,2010,1A2,ABFLOW012,Natural gas,,,0.0
Liechtenstein,2010,1A2,ABFLOW012,Oil,,,0.0
Liechtenstein,2010,1A2A,ABFLOW016,Coal,16.3030317499838,,16.3030317499838
Liechtenstein,2010,1A2A,ABFLOW016,Natural gas,16.3030317499838,,16.3030317499838
Liechtenstein,2010,1A2A,ABFLOW016,Oil,16.3030317499838,,16.3030317499838
Liechtenstein,2010,1A2B,ABFLOW018,Coal,16.3030317499838,,16.3030317499838
Liechtenstein,2010,1A2B,ABFLOW018,Natural gas,16.3030317499838,,16.3030317499838
Liechtenstein,2010,1A2B,ABFLOW018,Oil,16.3030317499838,,16.3030317499838
Liechtenstein,2010,1A2C,ABFLOW017,Coal,16.3030317499838,,16.3030317499838
Liechtenstein,2010,1A2C,ABFLOW017,Natural gas,16.3030317499838,,16.3030317499838
Liechtenstein,2010,1A2C,ABFLOW017,Oil,16.3030317499838,,16.3030317499838
Liechtenstein,2010,1A2D,ABFLOW023,Coal,16.3030317499838,,16.3030317499838
Liechtenstein,2010,1A2D,ABFLOW023,Natural gas,16.3030317499838,,16.3030317499838
Liechtenstein,2010,1A2D,ABFLOW023,Oil,16.3030317499838,,16.3030317499838
Liechtenstein,2010,1A2E,ABFLOW022,Coal,16.3030317499838,,16.3030317499838
Liechtenstein,2010,1A2E,ABFLOW022,Natural gas,16.3030317499838,,16.3030317499838
Liechtenstein,2010,1A2E,ABFLOW022,Oil,16.3030317499838,,16.3030317499838
Liechtenstein,2010,1A2F,ABFLOW019,Coal,16.3030317499838,,16.3030317499838
Liechtenstein,2010,1A2F,ABFLOW019,Natural gas,16.3030317499838,,16.3030317499838
Liechtenstein,2010,1A2F,ABFLOW019,Oil,16.3030317499838,,16.3030317499838
Liechtenstein,2010,1A2G,ABFLOW020,Coal,16.3030317499838,,16.3030317499838
Liechtenstein,2010,1A2G,ABFLOW020,Natural gas,16.3030317499838,,16.3030317499838
Liechtenstein,2010,1A2G,ABFLOW020,Oil,16.3030317499838,,16.3030317499838
Liechtenstein,2010,1A2H,ABFLOW021,Coal,16.3030317499838,,16.3030317499838
Liechtenstein,2010,1A2H,ABFLOW021,Natural gas,16.3030317499838,,16.3030317499838
Liechtenstein,2010,1A2H,ABFLOW021,Oil,16.3030317499838,,16.3030317499838
Liechtenstein,2010,1A2I,ABFLOW013,Coal,16.3030317499838,,16.3030317499838
Liechtenstein,2010,1A2I,ABFLOW013,Natural gas,16.3030317499838,,16.3030317499838
Liechtenstein,2010,1A2I,ABFLOW013,Oil,16.3030317499838,,16.3030317499838
Liechtenstein,2010,1A2J,ABFLOW024,Coal,16.3030317499838,,16.3030317499838
Liechtenstein,2010,1A2J,ABFLOW024,Natural gas,16.3030317499838,,16.3030317499838
Liechtenstein,2010,1A2J,ABFLOW024,Oil,16.3030317499838,,16.3030317499838
Liechtenstein,2010,1A2K,ABFLOW014,Coal,16.3030317499838,,16.3030317499838
Liechtenstein,2010,1A2K,ABFLOW014,Natural gas,16.3030317499838,,16.3030317499838
Liechtenstein,2010,1A2K,ABFLOW014,Oil,16.3030317499838,,16.3030317499838
Liechtenstein,2010,1A2L,ABFLOW025,Coal,16.3030317499838,,16.3030317499838
Liechtenstein,2010,1A2L,ABFLOW025,Natural gas,16.3030317499838,,16.3030317499838
Liechtenstein,2010,1A2L,ABFLOW025,Oil,16.3030317499838,,16.3030317499838
Liechtenstein,2010,1A2M,ABFLOW026,Coal,16.3030317499838,,16.3030317499838
Liechtenstein,2010,1A2M,ABFLOW026,Natural gas,16.3030317499838,,16.3030317499838
Liechtenstein,2010,1A2M,ABFLOW026,Oil,16.3030317499838,,16.3030317499838
Liechtenstein,2010,1A3,ABFLOW027,Coal,,,0.0
Liechtenstein,2010,1A3,ABFLOW027,Natural gas,,,0.0
Liechtenstein,2010,1A3,ABFLOW027,Oil,,,0.0
Liechtenstein,2010,1A3A1,ABFLOW040,Coal,,,0.0
Liechtenstein,2010,1A3A1,ABFLOW040,Natural gas,,,0.0
Liechtenstein,2010,1A3A1,ABFLOW040,Oil,,,0.0
Liechtenstein,2010,1A3A2,ABFLOW029,Coal,,,0.0
Liechtenstein,2010,1A3A2,ABFLOW029,Natural gas,,,0.0
Liechtenstein,2010,1A3A2,ABFLOW029,Oil,,,0.0
Liechtenstein,2010,1A3B,ABFLOW028,Coal,,,0.0
Liechtenstein,2010,1A3B,ABFLOW028,Natural gas,,,0.0
Liechtenstein,2010,1A3B,ABFLOW028,Oil,,,0.0
Liechtenstein,2010,1A3C,ABFLOW030,Coal,,,0.0
Liechtenstein,2010,1A3C,ABFLOW030,Natural gas,,,0.0
Liechtenstein,2010,1A3C,ABFLOW030,Oil,,,0.0
Liechtenstein,2010,1A3D1,ABFLOW039,Coal,,,0.0
Liechtenstein,2010,1A3D1,ABFLOW039,Natural gas,,,0.0
Liechtenstein,2010,1A3D1,ABFLOW039,Oil,,,0.0
Liechtenstein,2010,1A3D2,ABFLOW032,Coal,,,0.0
Liechtenstein,2010,1A3D2,ABFLOW032,Natural gas,,,0.0
Liechtenstein,2010,1A3D2,ABFLOW032,Oil,,,0.0
Liechtenstein,2010,1A3E1,ABFLOW033,Coal,,,0.0
Liechtenstein,2010,1A3E1,ABFLOW033,Natural gas,,,0.0
Liechtenstein,2010,1A3E1,ABFLOW033,Oil,,,0.0
Liechtenstein,2010,1A4A,ABFLOW035,Coal,,,0.0
Liechtenstein,2010,1A4A,ABFLOW035,Natural gas,,,0.0
Liechtenstein,2010,1A4A,ABFLOW035,Oil,,,0.0
Liechtenstein,2010,1A4B,ABFLOW034,Coal,,36.22754521147326,36.22754521147326
Liechtenstein,2010,1A4B,ABFLOW034,Natural gas,,36.22754521147326,36.22754521147326
Liechtenstein,2010,1A4B,ABFLOW034,Oil,,36.22754521147326,36.22754521147326
Liechtenstein,2010,1A4C1,ABFLOW036,Coal,,,0.0
Liechtenstein,2010,1A4C1,ABFLOW036,Natural gas,,,0.0
Liechtenstein,2010,1A4C1,ABFLOW036,Oil,,,0.0
Liechtenstein,2010,1A4C2,ABFLOW037,Coal,,,0.0
Liechtenstein,2010,1A4C2,ABFLOW037,Natural gas,,,0.0
Liechtenstein,2010,1A4C2,ABFLOW037,Oil,,,0.0
Liechtenstein,2010,1A5,ABFLOW038,Coal,,,0.0
Liechtenstein,2010,1A5,ABFLOW038,Natural gas,,,0.0
Liechtenstein,2010,1A5,ABFLOW038,Oil,,,0.0
Liechtenstein,2011,1A,ABFLOW001,Coal,,,0.0
Liechtenstein,2011,1A,ABFLOW001,Natural gas,,,0.0
Liechtenstein,2011,1A,ABFLOW001,Oil,,,0.0
Liechtenstein,2011,1A1A,ABFLOW002,Coal,,,0.0
Liechtenstein,2011,1A1A,ABFLOW002,Natural gas,,,0.0
Liechtenstein,2011,1A1A,ABFLOW002,Oil,,,0.0
Liechtenstein,2011,1A1A1,ABFLOW003,Coal,14.711382904099745,,14.711382904099745
Liechtenstein,2011,1A1A1,ABFLOW003,Natural gas,14.711382904099745,,14.711382904099745
Liechtenstein,2011,1A1A1,ABFLOW003,Oil,14.711382904099745,,14.711382904099745
Liechtenstein,2011,1A1A2,ABFLOW004,Coal,14.711382904099745,36.22754521147326,50.938928115573006
Liechtenstein,2011,1A1A2,ABFLOW004,Natural gas,14.711382904099745,36.22754521147326,50.938928115573006
Liechtenstein,2011,1A1A2,ABFLOW004,Oil,14.711382904099745,36.22754521147326,50.938928115573006
Liechtenstein,2011,1A1A3,ABFLOW005,Coal,14.711382904099745,36.22754521147326,50.938928115573006
Liechtenstein,2011,1A1A3,ABFLOW005,Natural gas,14.711382904099745,36.22754521147326,50.938928115573006
Liechtenstein,2011,1A1A3,ABFLOW005,Oil,14.711382904099745,36.22754521147326,50.938928115573006
Liechtenstein,2011,1A1B,ABFLOW011,Coal,14.711382904099745,,14.711382904099745
Liechtenstein,2011,1A1B,ABFLOW011,Natural gas,14.711382904099745,,14.711382904099745
Liechtenstein,2011,1A1B,ABFLOW011,Oil,14.711382904099745,,14.711382904099745
Liechtenstein,2011,1A1C,ABFLOW011,Coal,14.711382904099745,,14.711382904099745
Liechtenstein,2011,1A1C,ABFLOW011,Natural gas,14.711382904099745,,14.711382904099745
Liechtenstein,2011,1A1C,ABFLOW011,Oil,14.711382904099745,,14.711382904099745
Liechtenstein,2011,1A2,ABFLOW012,Coal,,,0.0
Liechtenstein,2011,1A2,ABFLOW012,Natural gas,,,0.0
Liechtenstein,2011,1A2,ABFLOW012,Oil,,,0.0
Liechtenstein,2011,1A2A,ABFLOW016,Coal,14.711382904099745,,14.711382904099745
Liechtenstein,2011,1A2A,ABFLOW016,Natural gas,14.711382904099745,,14.711382904099745
Liechtenstein,2011,1A2A,ABFLOW016,Oil,14.711382904099745,,14.711382904099745
Liechtenstein,2011,1A2B,ABFLOW018,Coal,14.711382904099745,,14.711382904099745
Liechtenstein,2011,1A2B,ABFLOW018,Natural gas,14.711382904099745,,14.711382904099745
Liechtenstein,2011,1A2B,ABFLOW018,Oil,14.711382904099745,,14.711382904099745
Liechtenstein,2011,1A2C,ABFLOW017,Coal,14.711382904099745,,14.711382904099745
Liechtenstein,2011,1A2C,ABFLOW017,Natural gas,14.711382904099745,,14.711382904099745
Liechtenstein,2011,1A2C,ABFLOW017,Oil,14.711382904099745,,14.711382904099745
Liechtenstein,2011,1A2D,ABFLOW023,Coal,14.711382904099745,,14.711382904099745
Liechtenstein,2011,1A2D,ABFLOW023,Natural gas,14.711382904099745,,14.711382904099745
Liechtenstein,2011,1A2D,ABFLOW023,Oil,14.711382904099745,,14.711382904099745
Liechtenstein,2011,1A2E,ABFLOW022,Coal,14.711382904099745,,14.711382904099745
Liechtenstein,2011,1A2E,ABFLOW022,Natural gas,14.711382904099745,,14.711382904099745
Liechtenstein,2011,1A2E,ABFLOW022,Oil,14.711382904099745,,14.711382904099745
Liechtenstein,2011,1A2F,ABFLOW019,Coal,14.711382904099745,,14.711382904099745
Liechtenstein,2011,1A2F,ABFLOW019,Natural gas,14.711382904099745,,14.711382904099745
Liechtenstein,2011,1A2F,ABFLOW019,Oil,14.711382904099745,,14.711382904099745
Liechtenstein,2011,1A2G,ABFLOW020,Coal,14.711382904099745,,14.711382904099745
Liechtenstein,2011,1A2G,ABFLOW020,Natural gas,14.711382904099745,,14.711382904099745
Liechtenstein,2011,1A2G,ABFLOW020,Oil,14.711382904099745,,14.711382904099745
Liechtenstein,2011,1A2H,ABFLOW021,Coal,14.711382904099745,,14.711382904099745
Liechtenstein,2011,1A2H,ABFLOW021,Natural gas,14.711382904099745,,14.711382904099745
Liechtenstein,2011,1A2H,ABFLOW021,Oil,14.711382904099745,,14.711382904099745
Liechtenstein,2011,1A2I,ABFLOW013,Coal,14.711382904099745,,14.711382904099745
Liechtenstein,2011,1A2I,ABFLOW013,Natural gas,14.711382904099745,,14.711382904099745
Liechtenstein,2011,1A2I,ABFLOW013,Oil,14.711382904099745,,14.711382904099745
Liechtenstein,2011,1A2J,ABFLOW024,Coal,14.711382904099745,,14.711382904099745
Liechtenstein,2011,1A2J,ABFLOW024,Natural gas,14.711382904099745,,14.711382904099745
Liechtenstein,2011,1A2J,ABFLOW024,Oil,14.711382904099745,,14.711382904099745
Liechtenstein,2011,1A2K,ABFLOW014,Coal,14.711382904099745,,14.711382904099745
Liechtenstein,2011,1A2K,ABFLOW014,Natural gas,14.711382904099745,,14.711382904099745
Liechtenstein,2011,1A2K,ABFLOW014,Oil,14.711382904099745,,14.711382904099745
Liechtenstein,2011,1A2L,ABFLOW025,Coal,14.711382904099745,,14.711382904099745
Liechtenstein,2011,1A2L,ABFLOW025,Natural gas,14.711382904099745,,14.711382904099745
Liechtenstein,2011,1A2L,ABFLOW025,Oil,14.711382904099745,,14.711382904099745
Liechtenstein,2011,1A2M,ABFLOW026,Coal,14.711382904099745,,14.711382904099745
Liechtenstein,2011,1A2M,ABFLOW026,Natural gas,14.711382904099745,,14.711382904099745
Liechtenstein,2011,1A2M,ABFLOW026,Oil,14.711382904099745,,14.711382904099745
Liechtenstein,2011,1A3,ABFLOW027,Coal,,,0.0
Liechtenstein,2011,1A3,ABFLOW027,Natural gas,,,0.0
Liechtenstein,2011,1A3,ABFLOW027,Oil,,,0.0
Liechtenstein,2011,1A3A1,ABFLOW040,Coal,,,0.0
Liechtenstein,2011,1A3A1,ABFLOW040,Natural gas,,,0.0
Liechtenstein,2011,1A3A1,ABFLOW040,Oil,,,0.0
Liechtenstein,2011,1A3A2,ABFLOW029,Coal,,,0.0
Liechtenstein,2011,1A3A2,ABFLOW029,Natural gas,,,0.0
Liechtenstein,2011,1A3A2,ABFLOW029,Oil,,,0.0
Liechtenstein,2011,1A3B,ABFLOW028,Coal,,,0.0
Liechtenstein,2011,1A3B,ABFLOW028,Natural gas,,,0.0
Liechtenstein,2011,1A3B,ABFLOW028,Oil,,,0.0
Liechtenstein,2011,1A3C,ABFLOW030,Coal,,,0.0
Liechtenstein,2011,1A3C,ABFLOW030,Natural gas,,,0.0
Liechtenstein,2011,1A3C,ABFLOW030,Oil,,,0.0
Liechtenstein,2011,1A3D1,ABFLOW039,Coal,,,0.0
Liechtenstein,2011,1A3D1,ABFLOW039,Natural gas,,,0.0
Liechtenstein,2011,1A3D1,ABFLOW039,Oil,,,0.0
Liechtenstein,2011,1A3D2,ABFLOW032,Coal,,,0.0
Liechtenstein,2011,1A3D2,ABFLOW032,Natural gas,,,0.0
Liechtenstein,2011,1A3D2,ABFLOW032,Oil,,,0.0
Liechtenstein,2011,1A3E1,ABFLOW033,Coal,,,0.0
Liechtenstein,2011,1A3E1,ABFLOW033,Natural gas,,,0.0
Liechtenstein,2011,1A3E1,ABFLOW033,Oil,,,0.0
Liechtenstein,2011,1A4A,ABFLOW035,Coal,,,0.0
Liechtenstein,2011,1A4A,ABFLOW035,Natural gas,,,0.0
Liechtenstein,2011,1A4A,ABFLOW035,Oil,,,0.0
Liechtenstein,2011,1A4B,ABFLOW034,Coal,,36.22754521147326,36.22754521147326
Liechtenstein,2011,1A4B,ABFLOW034,Natural gas,,36.22754521147326,36.22754521147326
Liechtenstein,2011,1A4B,ABFLOW034,Oil,,36.22754521147326,36.22754521147326
Liechtenstein,2011,1A4C1,ABFLOW036,Coal,,,0.0
Liechtenstein,2011,1A4C1,ABFLOW036,Natural gas,,,0.0
Liechtenstein,2011,1A4C1,ABFLOW036,Oil,,,0.0
Liechtenstein,2011,1A4C2,ABFLOW037,Coal,,,0.0
Liechtenstein,2011,1A4C2,ABFLOW037,Natural gas,,,0.0
Liechtenstein,2011,1A4C2,ABFLOW037,Oil,,,0.0
Liechtenstein,2011,1A5,ABFLOW038,Coal,,,0.0
Liechtenstein,2011,1A5,ABFLOW038,Natural gas,,,0.0
Liechtenstein,2011,1A5,ABFLOW038,Oil,,,0.0
Liechtenstein,2012,1A,ABFLOW001,Coal,,,0.0
Liechtenstein,2012,1A,ABFLOW001,Natural gas,,,0.0
Liechtenstein,2012,1A,ABFLOW001,Oil,,,0.0
Liechtenstein,2012,1A1A,ABFLOW002,Coal,,,0.0
Liechtenstein,2012,1A1A,ABFLOW002,Natural gas,,,0.0
Liechtenstein,2012,1A1A,ABFLOW002,Oil,,,0.0
Liechtenstein,2012,1A1A1,ABFLOW003,Coal,8.390263201874507,,8.390263201874507
Liechtenstein,2012,1A1A1,ABFLOW003,Natural gas,8.390263201874507,,8.390263201874507
Liechtenstein,2012,1A1A1,ABFLOW003,Oil,8.390263201874507,,8.390263201874507
Liechtenstein,2012,1A1A2,ABFLOW004,Coal,8.390263201874507,36.22754521147326,44.617808413347774
Liechtenstein,2012,1A1A2,ABFLOW004,Natural gas,8.390263201874507,36.22754521147326,44.617808413347774
Liechtenstein,2012,1A1A2,ABFLOW004,Oil,8.390263201874507,36.22754521147326,44.617808413347774
Liechtenstein,2012,1A1A3,ABFLOW005,Coal,8.390263201874507,36.22754521147326,44.617808413347774
Liechtenstein,2012,1A1A3,ABFLOW005,Natural gas,8.390263201874507,36.22754521147326,44.617808413347774
Liechtenstein,2012,1A1A3,ABFLOW005,Oil,8.390263201874507,36.22754521147326,44.617808413347774
Liechtenstein,2012,1A1B,ABFLOW011,Coal,8.390263201874507,,8.390263201874507
Liechtenstein,2012,1A1B,ABFLOW011,Natural gas,8.390263201874507,,8.390263201874507
Liechtenstein,2012,1A1B,ABFLOW011,Oil,8.390263201874507,,8.390263201874507
Liechtenstein,2012,1A1C,ABFLOW011,Coal,8.390263201874507,,8.390263201874507
Liechtenstein,2012,1A1C,ABFLOW011,Natural gas,8.390263201874507,,8.390263201874507
Liechtenstein,2012,1A1C,ABFLOW011,Oil,8.390263201874507,,8.390263201874507
Liechtenstein,2012,1A2,ABFLOW012,Coal,,,0.0
Liechtenstein,2012,1A2,ABFLOW012,Natural gas,,,0.0
Liechtenstein,2012,1A2,ABFLOW012,Oil,,,0.0
Liechtenstein,2012,1A2A,ABFLOW016,Coal,8.390263201874507,,8.390263201874507
Liechtenstein,2012,1A2A,ABFLOW016,Natural gas,8.390263201874507,,8.390263201874507
Liechtenstein,2012,1A2A,ABFLOW016,Oil,8.390263201874507,,8.390263201874507
Liechtenstein,2012,1A2B,ABFLOW018,Coal,8.390263201874507,,8.390263201874507
Liechtenstein,2012,1A2B,ABFLOW018,Natural gas,8.390263201874507,,8.390263201874507
Liechtenstein,2012,1A2B,ABFLOW018,Oil,8.390263201874507,,8.390263201874507
Liechtenstein,2012,1A2C,ABFLOW017,Coal,8.390263201874507,,8.390263201874507
Liechtenstein,2012,1A2C,ABFLOW017,Natural gas,8.390263201874507,,8.390263201874507
Liechtenstein,2012,1A2C,ABFLOW017,Oil,8.390263201874507,,8.390263201874507
Liechtenstein,2012,1A2D,ABFLOW023,Coal,8.390263201874507,,8.390263201874507
Liechtenstein,2012,1A2D,ABFLOW023,Natural gas,8.390263201874507,,8.390263201874507
Liechtenstein,2012,1A2D,ABFLOW023,Oil,8.390263201874507,,8.390263201874507
Liechtenstein,2012,1A2E,ABFLOW022,Coal,8.390263201874507,,8.390263201874507
Liechtenstein,2012,1A2E,ABFLOW022,Natural gas,8.390263201874507,,8.390263201874507
Liechtenstein,2012,1A2E,ABFLOW022,Oil,8.390263201874507,,8.390263201874507
Liechtenstein,2012,1A2F,ABFLOW019,Coal,8.390263201874507,,8.390263201874507
Liechtenstein,2012,1A2F,ABFLOW019,Natural gas,8.390263201874507,,8.390263201874507
Liechtenstein,2012,1A2F,ABFLOW019,Oil,8.390263201874507,,8.390263201874507
Liechtenstein,2012,1A2G,ABFLOW020,Coal,8.390263201874507,,8.390263201874507
Liechtenstein,2012,1A2G,ABFLOW020,Natural gas,8.390263201874507,,8.390263201874507
Liechtenstein,2012,1A2G,ABFLOW020,Oil,8.390263201874507,,8.390263201874507
Liechtenstein,2012,1A2H,ABFLOW021,Coal,8.390263201874507,,8.390263201874507
Liechtenstein,2012,1A2H,ABFLOW021,Natural gas,8.390263201874507,,8.390263201874507
Liechtenstein,2012,1A2H,ABFLOW021,Oil,8.390263201874507,,8.390263201874507
Liechtenstein,2012,1A2I,ABFLOW013,Coal,8.390263201874507,,8.390263201874507
Liechtenstein,2012,1A2I,ABFLOW013,Natural gas,8.390263201874507,,8.390263201874507
Liechtenstein,2012,1A2I,ABFLOW013,Oil,8.390263201874507,,8.390263201874507
Liechtenstein,2012,1A2J,ABFLOW024,Coal,8.390263201874507,,8.390263201874507
Liechtenstein,2012,1A2J,ABFLOW024,Natural gas,8.390263201874507,,8.390263201874507
Liechtenstein,2012,1A2J,ABFLOW024,Oil,8.390263201874507,,8.390263201874507
Liechtenstein,2012,1A2K,ABFLOW014,Coal,8.390263201874507,,8.390263201874507
Liechtenstein,2012,1A2K,ABFLOW014,Natural gas,8.390263201874507,,8.390263201874507
Liechtenstein,2012,1A2K,ABFLOW014,Oil,8.390263201874507,,8.390263201874507
Liechtenstein,2012,1A2L,ABFLOW025,Coal,8.390263201874507,,8.390263201874507
Liechtenstein,2012,1A2L,ABFLOW025,Natural gas,8.390263201874507,,8.390263201874507
Liechtenstein,2012,1A2L,ABFLOW025,Oil,8.390263201874507,,8.390263201874507
Liechtenstein,2012,1A2M,ABFLOW026,Coal,8.390263201874507,,8.390263201874507
Liechtenstein,2012,1A2M,ABFLOW026,Natural gas,8.390263201874507,,8.390263201874507
Liechtenstein,2012,1A2M,ABFLOW026,Oil,8.390263201874507,,8.390263201874507
Liechtenstein,2012,1A3,ABFLOW027,Coal,,,0.0
Liechtenstein,2012,1A3,ABFLOW027,Natural gas,,,0.0
Liechtenstein,2012,1A3,ABFLOW027,Oil,,,0.0
Liechtenstein,2012,1A3A1,ABFLOW040,Coal,8.390263201874507,,8.390263201874507
Liechtenstein,2012,1A3A1,ABFLOW040,Natural gas,8.390263201874507,,8.390263201874507
Liechtenstein,2012,1A3A1,ABFLOW040,Oil,8.390263201874507,,8.390263201874507
Liechtenstein,2012,1A3A2,ABFLOW029,Coal,8.390263201874507,,8.390263201874507
Liechtenstein,2012,1A3A2,ABFLOW029,Natural gas,8.390263201874507,,8.390263201874507
Liechtenstein,2012,1A3A2,ABFLOW029,Oil,8.390263201874507,,8.390263201874507
Liechtenstein,2012,1A3B,ABFLOW028,Coal,,,0.0
Liechtenstein,2012,1A3B,ABFLOW028,Natural gas,,,0.0
Liechtenstein,2012,1A3B,ABFLOW028,Oil,,,0.0
Liechtenstein,2012,1A3C,ABFLOW030,Coal,,,0.0
Liechtenstein,2012,1A3C,ABFLOW030,Natural gas,,,0.0
Liechtenstein,2012,1A3C,ABFLOW030,Oil,,,0.0
Liechtenstein,2012,1A3D1,ABFLOW039,Coal,,,0.0
Liechtenstein,2012,1A3D1,ABFLOW039,Natural gas,,,0.0
Liechtenstein,2012,1A3D1,ABFLOW039,Oil,,,0.0
Liechtenstein,2012,1A3D2,ABFLOW032,Coal,,,0.0
Liechtenstein,2012,1A3D2,ABFLOW032,Natural gas,,,0.0
Liechtenstein,2012,1A3D2,ABFLOW032,Oil,,,0.0
Liechtenstein,2012,1A3E1,ABFLOW033,Coal,,,0.0
Liechtenstein,2012,1A3E1,ABFLOW033,Natural gas,,,0.0
Liechtenstein,2012,1A3E1,ABFLOW033,Oil,,,0.0
Liechtenstein,2012,1A4A,ABFLOW035,Coal,,,0.0
Liechtenstein,2012,1A4A,ABFLOW035,Natural gas,,,0.0
Liechtenstein,2012,1A4A,ABFLOW035,Oil,,,0.0
Liechtenstein,2012,1A4B,ABFLOW034,Coal,,36.22754521147326,36.22754521147326
Liechtenstein,2012,1A4B,ABFLOW034,Natural gas,,36.22754521147326,36.22754521147326
Liechtenstein,2012,1A4B,ABFLOW034,Oil,,36.22754521147326,36.22754521147326
Liechtenstein,2012,1A4C1,ABFLOW036,Coal,,,0.0
Liechtenstein,2012,1A4C1,ABFLOW036,Natural gas,,,0.0
Liechtenstein,2012,1A4C1,ABFLOW036,Oil,,,0.0
Liechtenstein,2012,1A4C2,ABFLOW037,Coal,,,0.0
Liechtenstein,2012,1A4C2,ABFLOW037,Natural gas,,,0.0
Liechtenstein,2012,1A4C2,ABFLOW037,Oil,,,0.0
Liechtenstein,2012,1A5,ABFLOW038,Coal,,,0.0
Liechtenstein,2012,1A5,ABFLOW038,Natural gas,,,0.0
Liechtenstein,2012,1A5,ABFLOW038,Oil,,,0.0
Liechtenstein,2013,1A,ABFLOW001,Coal,,,0.0
Liechtenstein,2013,1A,ABFLOW001,Natural gas,,,0.0
Liechtenstein,2013,1A,ABFLOW001,Oil,,,0.0
Liechtenstein,2013,1A1A,ABFLOW002,Coal,,,0.0
Liechtenstein,2013,1A1A,ABFLOW002,Natural gas,,,0.0
Liechtenstein,2013,1A1A,ABFLOW002,Oil,,,0.0
Liechtenstein,2013,1A1A1,ABFLOW003,Coal,5.081907386501226,,5.081907386501226
Liechtenstein,2013,1A1A1,ABFLOW003,Natural gas,5.081907386501226,,5.081907386501226
Liechtenstein,2013,1A1A1,ABFLOW003,Oil,5.081907386501226,,5.081907386501226
Liechtenstein,2013,1A1A2,ABFLOW004,Coal,5.081907386501226,36.22754521147326,41.30945259797449
Liechtenstein,2013,1A1A2,ABFLOW004,Natural gas,5.081907386501226,36.22754521147326,41.30945259797449
Liechtenstein,2013,1A1A2,ABFLOW004,Oil,5.081907386501226,36.22754521147326,41.30945259797449
Liechtenstein,2013,1A1A3,ABFLOW005,Coal,5.081907386501226,36.22754521147326,41.30945259797449
Liechtenstein,2013,1A1A3,ABFLOW005,Natural gas,5.081907386501226,36.22754521147326,41.30945259797449
Liechtenstein,2013,1A1A3,ABFLOW005,Oil,5.081907386501226,36.22754521147326,41.30945259797449
Liechtenstein,2013,1A1B,ABFLOW011,Coal,5.081907386501226,,5.081907386501226
Liechtenstein,2013,1A1B,ABFLOW011,Natural gas,5.081907386501226,,5.081907386501226
Liechtenstein,2013,1A1B,ABFLOW011,Oil,5.081907386501226,,5.081907386501226
Liechtenstein,2013,1A1C,ABFLOW011,Coal,5.081907386501226,,5.081907386501226
Liechtenstein,2013,1A1C,ABFLOW011,Natural gas,5.081907386501226,,5.081907386501226
Liechtenstein,2013,1A1C,ABFLOW011,Oil,5.081907386501226,,5.081907386501226
Liechtenstein,2013,1A2,ABFLOW012,Coal,,,0.0
Liechtenstein,2013,1A2,ABFLOW012,Natural gas,,,0.0
Liechtenstein,2013,1A2,ABFLOW012,Oil,,,0.0
Liechtenstein,2013,1A2A,ABFLOW016,Coal,5.081907386501226,,5.081907386501226
Liechtenstein,2013,1A2A,ABFLOW016,Natural gas,5.081907386501226,,5.081907386501226
Liechtenstein,2013,1A2A,ABFLOW016,Oil,5.081907386501226,,5.081907386501226
Liechtenstein,2013,1A2B,ABFLOW018,Coal,5.081907386501226,,5.081907386501226
Liechtenstein,2013,1A2B,ABFLOW018,Natural gas,5.081907386501226,,5.081907386501226
Liechtenstein,2013,1A2B,ABFLOW018,Oil,5.081907386501226,,5.081907386501226
Liechtenstein,2013,1A2C,ABFLOW017,Coal,5.081907386501226,,5.081907386501226
Liechtenstein,2013,1A2C,ABFLOW017,Natural gas,5.081907386501226,,5.081907386501226
Liechtenstein,2013,1A2C,ABFLOW017,Oil,5.081907386501226,,5.081907386501226
Liechtenstein,2013,1A2D,ABFLOW023,Coal,5.081907386501226,,5.081907386501226
Liechtenstein,2013,1A2D,ABFLOW023,Natural gas,5.081907386501226,,5.081907386501226
Liechtenstein,2013,1A2D,ABFLOW023,Oil,5.081907386501226,,5.081907386501226
Liechtenstein,2013,1A2E,ABFLOW022,Coal,5.081907386501226,,5.081907386501226
Liechtenstein,2013,1A2E,ABFLOW022,Natural gas,5.081907386501226,,5.081907386501226
Liechtenstein,2013,1A2E,ABFLOW022,Oil,5.081907386501226,,5.081907386501226
Liechtenstein,2013,1A2F,ABFLOW019,Coal,5.081907386501226,,5.081907386501226
Liechtenstein,2013,1A2F,ABFLOW019,Natural gas,5.081907386501226,,5.081907386501226
Liechtenstein,2013,1A2F,ABFLOW019,Oil,5.081907386501226,,5.081907386501226
Liechtenstein,2013,1A2G,ABFLOW020,Coal,5.081907386501226,,5.081907386501226
Liechtenstein,2013,1A2G,ABFLOW020,Natural gas,5.081907386501226,,5.081907386501226
Liechtenstein,2013,1A2G,ABFLOW020,Oil,5.081907386501226,,5.081907386501226
Liechtenstein,2013,1A2H,ABFLOW021,Coal,5.081907386501226,,5.081907386501226
Liechtenstein,2013,1A2H,ABFLOW021,Natural gas,5.081907386501226,,5.081907386501226
Liechtenstein,2013,1A2H,ABFLOW021,Oil,5.081907386501226,,5.081907386501226
Liechtenstein,2013,1A2I,ABFLOW013,Coal,5.081907386501226,,5.081907386501226
Liechtenstein,2013,1A2I,ABFLOW013,Natural gas,5.081907386501226,,5.081907386501226
Liechtenstein,2013,1A2I,ABFLOW013,Oil,5.081907386501226,,5.081907386501226
Liechtenstein,2013,1A2J,ABFLOW024,Coal,5.081907386501226,,5.081907386501226
Liechtenstein,2013,1A2J,ABFLOW024,Natural gas,5.081907386501226,,5.081907386501226
Liechtenstein,2013,1A2J,ABFLOW024,Oil,5.081907386501226,,5.081907386501226
Liechtenstein,2013,1A2K,ABFLOW014,Coal,5.081907386501226,,5.081907386501226
Liechtenstein,2013,1A2K,ABFLOW014,Natural gas,5.081907386501226,,5.081907386501226
Liechtenstein,2013,1A2K,ABFLOW014,Oil,5.081907386501226,,5.081907386501226
Liechtenstein,2013,1A2L,ABFLOW025,Coal,5.081907386501226,,5.081907386501226
Liechtenstein,2013,1A2L,ABFLOW025,Natural gas,5.081907386501226,,5.081907386501226
Liechtenstein,2013,1A2L,ABFLOW025,Oil,5.081907386501226,,5.081907386501226
Liechtenstein,2013,1A2M,ABFLOW026,Coal,5.081907386501226,,5.081907386501226
Liechtenstein,2013,1A2M,ABFLOW026,Natural gas,5.081907386501226,,5.081907386501226
Liechtenstein,2013,1A2M,ABFLOW026,Oil,5.081907386501226,,5.081907386501226
Liechtenstein,2013,1A3,ABFLOW027,Coal,,,0.0
Liechtenstein,2013,1A3,ABFLOW027,Natural gas,,,0.0
Liechtenstein,2013,1A3,ABFLOW027,Oil,,,0.0
Liechtenstein,2013,1A3A1,ABFLOW040,Coal,2.5917727671156254,,2.5917727671156254
Liechtenstein,2013,1A3A1,ABFLOW040,Natural gas,2.5917727671156254,,2.5917727671156254
Liechtenstein,2013,1A3A1,ABFLOW040,Oil,2.5917727671156254,,2.5917727671156254
Liechtenstein,2013,1A3A2,ABFLOW029,Coal,5.081907386501226,,5.081907386501226
Liechtenstein,2013,1A3A2,ABFLOW029,Natural gas,5.081907386501226,,5.081907386501226
Liechtenstein,2013,1A3A2,ABFLOW029,Oil,5.081907386501226,,5.081907386501226
Liechtenstein,2013,1A3B,ABFLOW028,Coal,,,0.0
Liechtenstein,2013,1A3B,ABFLOW028,Natural gas,,,0.0
Liechtenstein,2013,1A3B,ABFLOW028,Oil,,,0.0
Liechtenstein,2013,1A3C,ABFLOW030,Coal,,,0.0
Liechtenstein,2013,1A3C,ABFLOW030,Natural gas,,,0.0
Liechtenstein,2013,1A3C,ABFLOW030,Oil,,,0.0
Liechtenstein,2013,1A3D1,ABFLOW039,Coal,,,0.0
Liechtenstein,2013,1A3D1,ABFLOW039,Natural gas,,,0.0
Liechtenstein,2013,1A3D1,ABFLOW039,Oil,,,0.0
Liechtenstein,2013,1A3D2,ABFLOW032,Coal,,,0.0
Liechtenstein,2013,1A3D2,ABFLOW032,Natural gas,,,0.0
Liechtenstein,2013,1A3D2,ABFLOW032,Oil,,,0.0
Liechtenstein,2013,1A3E1,ABFLOW033,Coal,,,0.0
Liechtenstein,2013,1A3E1,ABFLOW033,Natural gas,,,0.0
Liechtenstein,2013,1A3E1,ABFLOW033,Oil,,,0.0
Liechtenstein,2013,1A4A,ABFLOW035,Coal,,,0.0
Liechtenstein,2013,1A4A,ABFLOW035,Natural gas,,,0.0
Liechtenstein,2013,1A4A,ABFLOW035,Oil,,,0.0
Liechtenstein,2013,1A4B,ABFLOW034,Coal,,36.22754521147326,36.22754521147326
Liechtenstein,2013,1A4B,ABFLOW034,Natural gas,,36.22754521147326,36.22754521147326
Liechtenstein,2013,1A4B,ABFLOW034,Oil,,36.22754521147326,36.22754521147326
Liechtenstein,2013,1A4C1,ABFLOW036,Coal,,,0.0
Liechtenstein,2013,1A4C1,ABFLOW036,Natural gas,,,0.0
Liechtenstein,2013,1A4C1,ABFLOW036,Oil,,,0.0
Liechtenstein,2013,1A4C2,ABFLOW037,Coal,,,0.0
Liechtenstein,2013,1A4C2,ABFLOW037,Natural gas,,,0.0
Liechtenstein,2013,1A4C2,ABFLOW037,Oil,,,0.0
Liechtenstein,2013,1A5,ABFLOW038,Coal,,,0.0
Liechtenstein,2013,1A5,ABFLOW038,Natural gas,,,0.0
Liechtenstein,2013,1A5,ABFLOW038,Oil,,,0.0
Liechtenstein,2014,1A,ABFLOW001,Coal,,,0.0
Liechtenstein,2014,1A,ABFLOW001,Natural gas,,,0.0
Liechtenstein,2014,1A,ABFLOW001,Oil,,,0.0
Liechtenstein,2014,1A1A,ABFLOW002,Coal,,,0.0
Liechtenstein,2014,1A1A,ABFLOW002,Natural gas,,,0.0
Liechtenstein,2014,1A1A,ABFLOW002,Oil,,,0.0
Liechtenstein,2014,1A1A1,ABFLOW003,Coal,6.764507595007225,,6.764507595007225
Liechtenstein,2014,1A1A1,ABFLOW003,Natural gas,6.764507595007225,,6.764507595007225
Liechtenstein,2014,1A1A1,ABFLOW003,Oil,6.764507595007225,,6.764507595007225
Liechtenstein,2014,1A1A2,ABFLOW004,Coal,6.764507595007225,60.37924201912211,67.14374961412933
Liechtenstein,2014,1A1A2,ABFLOW004,Natural gas,6.764507595007225,60.37924201912211,67.14374961412933
Liechtenstein,2014,1A1A2,ABFLOW004,Oil,6.764507595007225,60.37924201912211,67.14374961412933
Liechtenstein,2014,1A1A3,ABFLOW005,Coal,6.764507595007225,60.37924201912211,67.14374961412933
Liechtenstein,2014,1A1A3,ABFLOW005,Natural gas,6.764507595007225,60.37924201912211,67.14374961412933
Liechtenstein,2014,1A1A3,ABFLOW005,Oil,6.764507595007225,60.37924201912211,67.14374961412933
Liechtenstein,2014,1A1B,ABFLOW011,Coal,6.764507595007225,,6.764507595007225
Liechtenstein,2014,1A1B,ABFLOW011,Natural gas,6.764507595007225,,6.764507595007225
Liechtenstein,2014,1A1B,ABFLOW011,Oil,6.764507595007225,,6.764507595007225
Liechtenstein,2014,1A1C,ABFLOW011,Coal,6.764507595007225,,6.764507595007225
Liechtenstein,2014,1A1C,ABFLOW011,Natural gas,6.764507595007225,,6.764507595007225
Liechtenstein,2014,1A1C,ABFLOW011,Oil,6.764507595007225,,6.764507595007225
Liechtenstein,2014,1A2,ABFLOW012,Coal,,,0.0
Liechtenstein,2014,1A2,ABFLOW012,Natural gas,,,0.0
Liechtenstein,2014,1A2,ABFLOW012,Oil,,,0.0
Liechtenstein,2014,1A2A,ABFLOW016,Coal,6.764507595007225,,6.764507595007225
Liechtenstein,2014,1A2A,ABFLOW016,Natural gas,6.764507595007225,,6.764507595007225
Liechtenstein,2014,1A2A,ABFLOW016,Oil,6.764507595007225,,6.764507595007225
Liechtenstein,2014,1A2B,ABFLOW018,Coal,6.764507595007225,,6.764507595007225
Liechtenstein,2014,1A2B,ABFLOW018,Natural gas,6.764507595007225,,6.764507595007225
Liechtenstein,2014,1A2B,ABFLOW018,Oil,6.764507595007225,,6.764507595007225
Liechtenstein,2014,1A2C,ABFLOW017,Coal,6.764507595007225,,6.764507595007225
Liechtenstein,2014,1A2C,ABFLOW017,Natural gas,6.764507595007225,,6.764507595007225
Liechtenstein,2014,1A2C,ABFLOW017,Oil,6.764507595007225,,6.764507595007225
Liechtenstein,2014,1A2D,ABFLOW023,Coal,6.764507595007225,,6.764507595007225
Liechtenstein,2014,1A2D,ABFLOW023,Natural gas,6.764507595007225,,6.764507595007225
Liechtenstein,2014,1A2D,ABFLOW023,Oil,6.764507595007225,,6.764507595007225
Liechtenstein,2014,1A2E,ABFLOW022,Coal,6.764507595007225,,6.764507595007225
Liechtenstein,2014,1A2E,ABFLOW022,Natural gas,6.764507595007225,,6.764507595007225
Liechtenstein,2014,1A2E,ABFLOW022,Oil,6.764507595007225,,6.764507595007225
Liechtenstein,2014,1A2F,ABFLOW019,Coal,6.764507595007225,,6.764507595007225
Liechtenstein,2014,1A2F,ABFLOW019,Natural gas,6.764507595007225,,6.764507595007225
Liechtenstein,2014,1A2F,ABFLOW019,Oil,6.764507595007225,,6.764507595007225
Liechtenstein,2014,1A2G,ABFLOW020,Coal,6.764507595007225,,6.764507595007225
Liechtenstein,2014,1A2G,ABFLOW020,Natural gas,6.764507595007225,,6.764507595007225
Liechtenstein,2014,1A2G,ABFLOW020,Oil,6.764507595007225,,6.764507595007225
Liechtenstein,2014,1A2H,ABFLOW021,Coal,6.764507595007225,,6.764507595007225
Liechtenstein,2014,1A2H,ABFLOW021,Natural gas,6.764507595007225,,6.764507595007225
Liechtenstein,2014,1A2H,ABFLOW021,Oil,6.764507595007225,,6.764507595007225
Liechtenstein,2014,1A2I,ABFLOW013,Coal,6.764507595007225,,6.764507595007225
Liechtenstein,2014,1A2I,ABFLOW013,Natural gas,6.764507595007225,,6.764507595007225
Liechtenstein,2014,1A2I,ABFLOW013,Oil,6.764507595007225,,6.764507595007225
Liechtenstein,2014,1A2J,ABFLOW024,Coal,6.764507595007225,,6.764507595007225
Liechtenstein,2014,1A2J,ABFLOW024,Natural gas,6.764507595007225,,6.764507595007225
Liechtenstein,2014,1A2J,ABFLOW024,Oil,6.764507595007225,,6.764507595007225
Liechtenstein,2014,1A2K,ABFLOW014,Coal,6.764507595007225,,6.764507595007225
Liechtenstein,2014,1A2K,ABFLOW014,Natural gas,6.764507595007225,,6.764507595007225
Liechtenstein,2014,1A2K,ABFLOW014,Oil,6.764507595007225,,6.764507595007225
Liechtenstein,2014,1A2L,ABFLOW025,Coal,6.764507595007225,,6.764507595007225
Liechtenstein,2014,1A2L,ABFLOW025,Natural gas,6.764507595007225,,6.764507595007225
Liechtenstein,2014,1A2L,ABFLOW025,Oil,6.764507595007225,,6.764507595007225
Liechtenstein,2014,1A2M,ABFLOW026,Coal,6.764507595007225,,6.764507595007225
Liechtenstein,2014,1A2M,ABFLOW026,Natural gas,6.764507595007225,,6.764507595007225
Liechtenstein,2014,1A2M,ABFLOW026,Oil,6.764507595007225,,6.764507595007225
Liechtenstein,2014,1A3,ABFLOW027,Coal,,,0.0
Liechtenstein,2014,1A3,ABFLOW027,Natural gas,,,0.0
Liechtenstein,2014,1A3,ABFLOW027,Oil,,,0.0
Liechtenstein,2014,1A3A1,ABFLOW040,Coal,3.4498988734536846,,3.4498988734536846
Liechtenstein,2014,1A3A1,ABFLOW040,Natural gas,3.4498988734536846,,3.4498988734536846
Liechtenstein,2014,1A3A1,ABFLOW040,Oil,3.4498988734536846,,3.4498988734536846
Liechtenstein,2014,1A3A2,ABFLOW029,Coal,6.764507595007225,,6.764507595007225
Liechtenstein,2014,1A3A2,ABFLOW029,Natural gas,6.764507595007225,,6.764507595007225
Liechtenstein,2014,1A3A2,ABFLOW029,Oil,6.764507595007225,,6.764507595007225
Liechtenstein,2014,1A3B,ABFLOW028,Coal,,,0.0
Liechtenstein,2014,1A3B,ABFLOW028,Natural gas,,,0.0
Liechtenstein,2014,1A3B,ABFLOW028,Oil,,,0.0
Liechtenstein,2014,1A3C,ABFLOW030,Coal,,,0.0
Liechtenstein,2014,1A3C,ABFLOW030,Natural gas,,,0.0
Liechtenstein,2014,1A3C,ABFLOW030,Oil,,,0.0
Liechtenstein,2014,1A3D1,ABFLOW039,Coal,,,0.0
Liechtenstein,2014,1A3D1,ABFLOW039,Natural gas,,,0.0
Liechtenstein,2014,1A3D1,ABFLOW039,Oil,,,0.0
Liechtenstein,2014,1A3D2,ABFLOW032,Coal,,,0.0
Liechtenstein,2014,1A3D2,ABFLOW032,Natural gas,,,0.0
Liechtenstein,2014,1A3D2,ABFLOW032,Oil,,,0.0
Liechtenstein,2014,1A3E1,ABFLOW033,Coal,,,0.0
Liechtenstein,2014,1A3E1,ABFLOW033,Natural gas,,,0.0
Liechtenstein,2014,1A3E1,ABFLOW033,Oil,,,0.0
Liechtenstein,2014,1A4A,ABFLOW035,Coal,,,0.0
Liechtenstein,2014,1A4A,ABFLOW035,Natural gas,,,0.0
Liechtenstein,2014,1A4A,ABFLOW035,Oil,,,0.0
Liechtenstein,2014,1A4B,ABFLOW034,Coal,,60.37924201912211,60.37924201912211
Liechtenstein,2014,1A4B,ABFLOW034,Natural gas,,60.37924201912211,60.37924201912211
Liechtenstein,2014,1A4B,ABFLOW034,Oil,,60.37924201912211,60.37924201912211
Liechtenstein,2014,1A4C1,ABFLOW036,Coal,,,0.0
Liechtenstein,2014,1A4C1,ABFLOW036,Natural gas,,,0.0
Liechtenstein,2014,1A4C1,ABFLOW036,Oil,,,0.0
Liechtenstein,2014,1A4C2,ABFLOW037,Coal,,,0.0
Liechtenstein,2014,1A4C2,ABFLOW037,Natural gas,,,0.0
Liechtenstein,2014,1A4C2,ABFLOW037,Oil,,,0.0
Liechtenstein,2014,1A5,ABFLOW038,Coal,,,0.0
Liechtenstein,2014,1A5,ABFLOW038,Natural gas,,,0.0
Liechtenstein,2014,1A5,ABFLOW038,Oil,,,0.0
Liechtenstein,2015,1A,ABFLOW001,Coal,,,0.0
Liechtenstein,2015,1A,ABFLOW001,Natural gas,,,0.0
Liechtenstein,2015,1A,ABFLOW001,Oil,,,0.0
Liechtenstein,2015,1A1A,ABFLOW002,Coal,,,0.0
Liechtenstein,2015,1A1A,ABFLOW002,Natural gas,,,0.0
Liechtenstein,2015,1A1A,ABFLOW002,Oil,,,0.0
Liechtenstein,2015,1A1A1,ABFLOW003,Coal,8.731330811706805,,8.731330811706805
Liechtenstein,2015,1A1A1,ABFLOW003,Natural gas,8.731330811706805,,8.731330811706805
Liechtenstein,2015,1A1A1,ABFLOW003,Oil,8.731330811706805,,8.731330811706805
Liechtenstein,2015,1A1A2,ABFLOW004,Coal,8.731330811706805,60.37924201912211,69.11057283082891
Liechtenstein,2015,1A1A2,ABFLOW004,Natural gas,8.731330811706805,60.37924201912211,69.11057283082891
Liechtenstein,2015,1A1A2,ABFLOW004,Oil,8.731330811706805,60.37924201912211,69.11057283082891
Liechtenstein,2015,1A1A3,ABFLOW005,Coal,8.731330811706805,60.37924201912211,69.11057283082891
Liechtenstein,2015,1A1A3,ABFLOW005,Natural gas,8.731330811706805,60.37924201912211,69.11057283082891
Liechtenstein,2015,1A1A3,ABFLOW005,Oil,8.731330811706805,60.37924201912211,69.11057283082891
Liechtenstein,2015,1A1B,ABFLOW011,Coal,8.731330811706805,,8.731330811706805
Liechtenstein,2015,1A1B,ABFLOW011,Natural gas,8.731330811706805,,8.731330811706805
Liechtenstein,2015,1A1B,ABFLOW011,Oil,8.731330811706805,,8.731330811706805
Liechtenstein,2015,1A1C,ABFLOW011,Coal,8.731330811706805,,8.731330811706805
Liechtenstein,2015,1A1C,ABFLOW011,Natural gas,8.731330811706805,,8.731330811706805
Liechtenstein,2015,1A1C,ABFLOW011,Oil,8.731330811706805,,8.731330811706805
Liechtenstein,2015,1A2,ABFLOW012,Coal,,,0.0
Liechtenstein,2015,1A2,ABFLOW012,Natural gas,,,0.0
Liechtenstein,2015,1A2,ABFLOW012,Oil,,,0.0
Liechtenstein,2015,1A2A,ABFLOW016,Coal,8.731330811706805,,8.731330811706805
Liechtenstein,2015,1A2A,ABFLOW016,Natural gas,8.731330811706805,,8.731330811706805
Liechtenstein,2015,1A2A,ABFLOW016,Oil,8.731330811706805,,8.731330811706805
Liechtenstein,2015,1A2B,ABFLOW018,Coal,8.731330811706805,,8.731330811706805
Liechtenstein,2015,1A2B,ABFLOW018,Natural gas,8.731330811706805,,8.731330811706805
Liechtenstein,2015,1A2B,ABFLOW018,Oil,8.731330811706805,,8.731330811706805
Liechtenstein,2015,1A2C,ABFLOW017,Coal,8.731330811706805,,8.731330811706805
Liechtenstein,2015,1A2C,ABFLOW017,Natural gas,8.731330811706805,,8.731330811706805
Liechtenstein,2015,1A2C,ABFLOW017,Oil,8.731330811706805,,8.731330811706805
Liechtenstein,2015,1A2D,ABFLOW023,Coal,8.731330811706805,,8.731330811706805
Liechtenstein,2015,1A2D,ABFLOW023,Natural gas,8.731330811706805,,8.731330811706805
Liechtenstein,2015,1A2D,ABFLOW023,Oil,8.731330811706805,,8.731330811706805
Liechtenstein,2015,1A2E,ABFLOW022,Coal,8.731330811706805,,8.731330811706805
Liechtenstein,2015,1A2E,ABFLOW022,Natural gas,8.731330811706805,,8.731330811706805
Liechtenstein,2015,1A2E,ABFLOW022,Oil,8.731330811706805,,8.731330811706805
Liechtenstein,2015,1A2F,ABFLOW019,Coal,8.731330811706805,,8.731330811706805
Liechtenstein,2015,1A2F,ABFLOW019,Natural gas,8.731330811706805,,8.731330811706805
Liechtenstein,2015,1A2F,ABFLOW019,Oil,8.731330811706805,,8.731330811706805
Liechtenstein,2015,1A2G,ABFLOW020,Coal,8.731330811706805,,8.731330811706805
Liechtenstein,2015,1A2G,ABFLOW020,Natural gas,8.731330811706805,,8.731330811706805
Liechtenstein,2015,1A2G,ABFLOW020,Oil,8.731330811706805,,8.731330811706805
Liechtenstein,2015,1A2H,ABFLOW021,Coal,8.731330811706805,,8.731330811706805
Liechtenstein,2015,1A2H,ABFLOW021,Natural gas,8.731330811706805,,8.731330811706805
Liechtenstein,2015,1A2H,ABFLOW021,Oil,8.731330811706805,,8.731330811706805
Liechtenstein,2015,1A2I,ABFLOW013,Coal,8.731330811706805,,8.731330811706805
Liechtenstein,2015,1A2I,ABFLOW013,Natural gas,8.731330811706805,,8.731330811706805
Liechtenstein,2015,1A2I,ABFLOW013,Oil,8.731330811706805,,8.731330811706805
Liechtenstein,2015,1A2J,ABFLOW024,Coal,8.731330811706805,,8.731330811706805
Liechtenstein,2015,1A2J,ABFLOW024,Natural gas,8.731330811706805,,8.731330811706805
Liechtenstein,2015,1A2J,ABFLOW024,Oil,8.731330811706805,,8.731330811706805
Liechtenstein,2015,1A2K,ABFLOW014,Coal,8.731330811706805,,8.731330811706805
Liechtenstein,2015,1A2K,ABFLOW014,Natural gas,8.731330811706805,,8.731330811706805
Liechtenstein,2015,1A2K,ABFLOW014,Oil,8.731330811706805,,8.731330811706805
Liechtenstein,2015,1A2L,ABFLOW025,Coal,8.731330811706805,,8.731330811706805
Liechtenstein,2015,1A2L,ABFLOW025,Natural gas,8.731330811706805,,8.731330811706805
Liechtenstein,2015,1A2L,ABFLOW025,Oil,8.731330811706805,,8.731330811706805
Liechtenstein,2015,1A2M,ABFLOW026,Coal,8.731330811706805,,8.731330811706805
Liechtenstein,2015,1A2M,ABFLOW026,Natural gas,8.731330811706805,,8.731330811706805
Liechtenstein,2015,1A2M,ABFLOW026,Oil,8.731330811706805,,8.731330811706805
Liechtenstein,2015,1A3,ABFLOW027,Coal,,,0.0
Liechtenstein,2015,1A3,ABFLOW027,Natural gas,,,0.0
Liechtenstein,2015,1A3,ABFLOW027,Oil,,,0.0
Liechtenstein,2015,1A3A1,ABFLOW040,Coal,4.45297871397047,,4.45297871397047
Liechtenstein,2015,1A3A1,ABFLOW040,Natural gas,4.45297871397047,,4.45297871397047
Liechtenstein,2015,1A3A1,ABFLOW040,Oil,4.45297871397047,,4.45297871397047
Liechtenstein,2015,1A3A2,ABFLOW029,Coal,8.731330811706805,,8.731330811706805
Liechtenstein,2015,1A3A2,ABFLOW029,Natural gas,8.731330811706805,,8.731330811706805
Liechtenstein,2015,1A3A2,ABFLOW029,Oil,8.731330811706805,,8.731330811706805
Liechtenstein,2015,1A3B,ABFLOW028,Coal,,,0.0
Liechtenstein,2015,1A3B,ABFLOW028,Natural gas,,,0.0
Liechtenstein,2015,1A3B,ABFLOW028,Oil,,,0.0
Liechtenstein,2015,1A3C,ABFLOW030,Coal,,,0.0
Liechtenstein,2015,1A3C,ABFLOW030,Natural gas,,,0.0
Liechtenstein,2015,1A3C,ABFLOW030,Oil,,,0.0
Liechtenstein,2015,1A3D1,ABFLOW039,Coal,,,0.0
Liechtenstein,2015,1A3D1,ABFLOW039,Natural gas,,,0.0
Liechtenstein,2015,1A3D1,ABFLOW039,Oil,,,0.0
Liechtenstein,2015,1A3D2,ABFLOW032,Coal,,,0.0
Liechtenstein,2015,1A3D2,ABFLOW032,Natural gas,,,0.0
Liechtenstein,2015,1A3D2,ABFLOW032,Oil,,,0.0
Liechtenstein,2015,1A3E1,ABFLOW033,Coal,,,0.0
Liechtenstein,2015,1A3E1,ABFLOW033,Natural gas,,,0.0
Liechtenstein,2015,1A3E1,ABFLOW033,Oil,,,0.0
Liechtenstein,2015,1A4A,ABFLOW035,Coal,,,0.0
Liechtenstein,2015,1A4A,ABFLOW035,Natural gas,,,0.0
Liechtenstein,2015,1A4A,ABFLOW035,Oil,,,0.0
Liechtenstein,2015,1A4B,ABFLOW034,Coal,,60.37924201912211,60.37924201912211
Liechtenstein,2015,1A4B,ABFLOW034,Natural gas,,60.37924201912211,60.37924201912211
Liechtenstein,2015,1A4B,ABFLOW034,Oil,,60.37924201912211,60.37924201912211
Liechtenstein,2015,1A4C1,ABFLOW036,Coal,,,0.0
Liechtenstein,2015,1A4C1,ABFLOW036,Natural gas,,,0.0
Liechtenstein,2015,1A4C1,ABFLOW036,Oil,,,0.0
Liechtenstein,2015,1A4C2,ABFLOW037,Coal,,,0.0
Liechtenstein,2015,1A4C2,ABFLOW037,Natural gas,,,0.0
Liechtenstein,2015,1A4C2,ABFLOW037,Oil,,,0.0
Liechtenstein,2015,1A5,ABFLOW038,Coal,,,0.0
Liechtenstein,2015,1A5,ABFLOW038,Natural gas,,,0.0
Liechtenstein,2015,1A5,ABFLOW038,Oil,,,0.0
Liechtenstein,2016,1A,ABFLOW001,Coal,,,0.0
Liechtenstein,2016,1A,ABFLOW001,Natural gas,,,0.0
Liechtenstein,2016,1A,ABFLOW001,Oil,,,0.0
Liechtenstein,2016,1A1A,ABFLOW002,Coal,,,0.0
Liechtenstein,2016,1A1A,ABFLOW002,Natural gas,,,0.0
Liechtenstein,2016,1A1A,ABFLOW002,Oil,,,0.0
Liechtenstein,2016,1A1A1,ABFLOW003,Coal,6.08237237534263,,6.08237237534263
Liechtenstein,2016,1A1A1,ABFLOW003,Natural gas,6.08237237534263,,6.08237237534263
Liechtenstein,2016,1A1A1,ABFLOW003,Oil,6.08237237534263,,6.08237237534263
Liechtenstein,2016,1A1A2,ABFLOW004,Coal,6.08237237534263,84.53093882677095,90.61331120211358
Liechtenstein,2016,1A1A2,ABFLOW004,Natural gas,6.08237237534263,84.53093882677095,90.61331120211358
Liechtenstein,2016,1A1A2,ABFLOW004,Oil,6.08237237534263,84.53093882677095,90.61331120211358
Liechtenstein,2016,1A1A3,ABFLOW005,Coal,6.08237237534263,84.53093882677095,90.61331120211358
Liechtenstein,2016,1A1A3,ABFLOW005,Natural gas,6.08237237534263,84.53093882677095,90.61331120211358
Liechtenstein,2016,1A1A3,ABFLOW005,Oil,6.08237237534263,84.53093882677095,90.61331120211358
Liechtenstein,2016,1A1B,ABFLOW011,Coal,6.08237237534263,,6.08237237534263
Liechtenstein,2016,1A1B,ABFLOW011,Natural gas,6.08237237534263,,6.08237237534263
Liechtenstein,2016,1A1B,ABFLOW011,Oil,6.08237237534263,,6.08237237534263
Liechtenstein,2016,1A1C,ABFLOW011,Coal,6.08237237534263,,6.08237237534263
Liechtenstein,2016,1A1C,ABFLOW011,Natural gas,6.08237237534263,,6.08237237534263
Liechtenstein,2016,1A1C,ABFLOW011,Oil,6.08237237534263,,6.08237237534263
Liechtenstein,2016,1A2,ABFLOW012,Coal,,,0.0
Liechtenstein,2016,1A2,ABFLOW012,Natural gas,,,0.0
Liechtenstein,2016,1A2,ABFLOW012,Oil,,,0.0
Liechtenstein,2016,1A2A,ABFLOW016,Coal,6.08237237534263,,6.08237237534263
Liechtenstein,2016,1A2A,ABFLOW016,Natural gas,6.08237237534263,,6.08237237534263
Liechtenstein,2016,1A2A,ABFLOW016,Oil,6.08237237534263,,6.08237237534263
Liechtenstein,2016,1A2B,ABFLOW018,Coal,6.08237237534263,,6.08237237534263
Liechtenstein,2016,1A2B,ABFLOW018,Natural gas,6.08237237534263,,6.08237237534263
Liechtenstein,2016,1A2B,ABFLOW018,Oil,6.08237237534263,,6.08237237534263
Liechtenstein,2016,1A2C,ABFLOW017,Coal,6.08237237534263,,6.08237237534263
Liechtenstein,2016,1A2C,ABFLOW017,Natural gas,6.08237237534263,,6.08237237534263
Liechtenstein,2016,1A2C,ABFLOW017,Oil,6.08237237534263,,6.08237237534263
Liechtenstein,2016,1A2D,ABFLOW023,Coal,6.08237237534263,,6.08237237534263
Liechtenstein,2016,1A2D,ABFLOW023,Natural gas,6.08237237534263,,6.08237237534263
Liechtenstein,2016,1A2D,ABFLOW023,Oil,6.08237237534263,,6.08237237534263
Liechtenstein,2016,1A2E,ABFLOW022,Coal,6.08237237534263,,6.08237237534263
Liechtenstein,2016,1A2E,ABFLOW022,Natural gas,6.08237237534263,,6.08237237534263
Liechtenstein,2016,1A2E,ABFLOW022,Oil,6.08237237534263,,6.08237237534263
Liechtenstein,2016,1A2F,ABFLOW019,Coal,6.08237237534263,,6.08237237534263
Liechtenstein,2016,1A2F,ABFLOW019,Natural gas,6.08237237534263,,6.08237237534263
Liechtenstein,2016,1A2F,ABFLOW019,Oil,6.08237237534263,,6.08237237534263
Liechtenstein,2016,1A2G,ABFLOW020,Coal,6.08237237534263,,6.08237237534263
Liechtenstein,2016,1A2G,ABFLOW020,Natural gas,6.08237237534263,,6.08237237534263
Liechtenstein,2016,1A2G,ABFLOW020,Oil,6.08237237534263,,6.08237237534263
Liechtenstein,2016,1A2H,ABFLOW021,Coal,6.08237237534263,,6.08237237534263
Liechtenstein,2016,1A2H,ABFLOW021,Natural gas,6.08237237534263,,6.08237237534263
Liechtenstein,2016,1A2H,ABFLOW021,Oil,6.08237237534263,,6.08237237534263
Liechtenstein,2016,1A2I,ABFLOW013,Coal,6.08237237534263,,6.08237237534263
Liechtenstein,2016,1A2I,ABFLOW013,Natural gas,6.08237237534263,,6.08237237534263
Liechtenstein,2016,1A2I,ABFLOW013,Oil,6.08237237534263,,6.08237237534263
Liechtenstein,2016,1A2J,ABFLOW024,Coal,6.08237237534263,,6.08237237534263
Liechtenstein,2016,1A2J,ABFLOW024,Natural gas,6.08237237534263,,6.08237237534263
Liechtenstein,2016,1A2J,ABFLOW024,Oil,6.08237237534263,,6.08237237534263
Liechtenstein,2016,1A2K,ABFLOW014,Coal,6.08237237534263,,6.08237237534263
Liechtenstein,2016,1A2K,ABFLOW014,Natural gas,6.08237237534263,,6.08237237534263
Liechtenstein,2016,1A2K,ABFLOW014,Oil,6.08237237534263,,6.08237237534263
Liechtenstein,2016,1A2L,ABFLOW025,Coal,6.08237237534263,,6.08237237534263
Liechtenstein,2016,1A2L,ABFLOW025,Natural gas,6.08237237534263,,6.08237237534263
Liechtenstein,2016,1A2L,ABFLOW025,Oil,6.08237237534263,,6.08237237534263
Liechtenstein,2016,1A2M,ABFLOW026,Coal,6.08237237534263,,6.08237237534263
Liechtenstein,2016,1A2M,ABFLOW026,Natural gas,6.08237237534263,,6.08237237534263
Liechtenstein,2016,1A2M,ABFLOW026,Oil,6.08237237534263,,6.08237237534263
Liechtenstein,2016,1A3,ABFLOW027,Coal,,,0.0
Liechtenstein,2016,1A3,ABFLOW027,Natural gas,,,0.0
Liechtenstein,2016,1A3,ABFLOW027,Oil,,,0.0
Liechtenstein,2016,1A3A1,ABFLOW040,Coal,3.1020099114247413,,3.1020099114247413
Liechtenstein,2016,1A3A1,ABFLOW040,Natural gas,3.1020099114247413,,3.1020099114247413
Liechtenstein,2016,1A3A1,ABFLOW040,Oil,3.1020099114247413,,3.1020099114247413
Liechtenstein,2016,1A3A2,ABFLOW029,Coal,6.08237237534263,,6.08237237534263
Liechtenstein,2016,1A3A2,ABFLOW029,Natural gas,6.08237237534263,,6.08237237534263
Liechtenstein,2016,1A3A2,ABFLOW029,Oil,6.08237237534263,,6.08237237534263
Liechtenstein,2016,1A3B,ABFLOW028,Coal,,,0.0
Liechtenstein,2016,1A3B,ABFLOW028,Natural gas,,,0.0
Liechtenstein,2016,1A3B,ABFLOW028,Oil,,,0.0
Liechtenstein,2016,1A3C,ABFLOW030,Coal,,,0.0
Liechtenstein,2016,1A3C,ABFLOW030,Natural gas,,,0.0
Liechtenstein,2016,1A3C,ABFLOW030,Oil,,,0.0
Liechtenstein,2016,1A3D1,ABFLOW039,Coal,,,0.0
Liechtenstein,2016,1A3D1,ABFLOW039,Natural gas,,,0.0
Liechtenstein,2016,1A3D1,ABFLOW039,Oil,,,0.0
Liechtenstein,2016,1A3D2,ABFLOW032,Coal,,,0.0
Liechtenstein,2016,1A3D2,ABFLOW032,Natural gas,,,0.0
Liechtenstein,2016,1A3D2,ABFLOW032,Oil,,,0.0
Liechtenstein,2016,1A3E1,ABFLOW033,Coal,,,0.0
Liechtenstein,2016,1A3E1,ABFLOW033,Natural gas,,,0.0
Liechtenstein,2016,1A3E1,ABFLOW033,Oil,,,0.0
Liechtenstein,2016,1A4A,ABFLOW035,Coal,,,0.0
Liechtenstein,2016,1A4A,ABFLOW035,Natural gas,,,0.0
Liechtenstein,2016,1A4A,ABFLOW035,Oil,,,0.0
Liechtenstein,2016,1A4B,ABFLOW034,Coal,,84.53093882677095,84.53093882677095
Liechtenstein,2016,1A4B,ABFLOW034,Natural gas,,84.53093882677095,84.53093882677095
Liechtenstein,2016,1A4B,ABFLOW034,Oil,,84.53093882677095,84.53093882677095
Liechtenstein,2016,1A4C1,ABFLOW036,Coal,,,0.0
Liechtenstein,2016,1A4C1,ABFLOW036,Natural gas,,,0.0
Liechtenstein,2016,1A4C1,ABFLOW036,Oil,,,0.0
Liechtenstein,2016,1A4C2,ABFLOW037,Coal,,,0.0
Liechtenstein,2016,1A4C2,ABFLOW037,Natural gas,,,0.0
Liechtenstein,2016,1A4C2,ABFLOW037,Oil,,,0.0
Liechtenstein,2016,1A5,ABFLOW038,Coal,,,0.0
Liechtenstein,2016,1A5,ABFLOW038,Natural gas,,,0.0
Liechtenstein,2016,1A5,ABFLOW038,Oil,,,0.0
Liechtenstein,2017,1A,ABFLOW001,Coal,,,0.0
Liechtenstein,2017,1A,ABFLOW001,Natural gas,,,0.0
Liechtenstein,2017,1A,ABFLOW001,Oil,,,0.0
Liechtenstein,2017,1A1A,ABFLOW002,Coal,,,0.0
Liechtenstein,2017,1A1A,ABFLOW002,Natural gas,,,0.0
Liechtenstein,2017,1A1A,ABFLOW002,Oil,,,0.0
Liechtenstein,2017,1A1A1,ABFLOW003,Coal,6.628080551074306,,6.628080551074306
Liechtenstein,2017,1A1A1,ABFLOW003,Natural gas,6.628080551074306,,6.628080551074306
Liechtenstein,2017,1A1A1,ABFLOW003,Oil,6.628080551074306,,6.628080551074306
Liechtenstein,2017,1A1A2,ABFLOW004,Coal,6.628080551074306,84.53093882677095,91.15901937784525
Liechtenstein,2017,1A1A2,ABFLOW004,Natural gas,6.628080551074306,84.53093882677095,91.15901937784525
Liechtenstein,2017,1A1A2,ABFLOW004,Oil,6.628080551074306,84.53093882677095,91.15901937784525
Liechtenstein,2017,1A1A3,ABFLOW005,Coal,6.628080551074306,84.53093882677095,91.15901937784525
Liechtenstein,2017,1A1A3,ABFLOW005,Natural gas,6.628080551074306,84.53093882677095,91.15901937784525
Liechtenstein,2017,1A1A3,ABFLOW005,Oil,6.628080551074306,84.53093882677095,91.15901937784525
Liechtenstein,2017,1A1B,ABFLOW011,Coal,6.628080551074306,,6.628080551074306
Liechtenstein,2017,1A1B,ABFLOW011,Natural gas,6.628080551074306,,6.628080551074306
Liechtenstein,2017,1A1B,ABFLOW011,Oil,6.628080551074306,,6.628080551074306
Liechtenstein,2017,1A1C,ABFLOW011,Coal,6.628080551074306,,6.628080551074306
Liechtenstein,2017,1A1C,ABFLOW011,Natural gas,6.628080551074306,,6.628080551074306
Liechtenstein,2017,1A1C,ABFLOW011,Oil,6.628080551074306,,6.628080551074306
Liechtenstein,2017,1A2,ABFLOW012,Coal,,,0.0
Liechtenstein,2017,1A2,ABFLOW012,Natural gas,,,0.0
Liechtenstein,2017,1A2,ABFLOW012,Oil,,,0.0
Liechtenstein,2017,1A2A,ABFLOW016,Coal,6.628080551074306,,6.628080551074306
Liechtenstein,2017,1A2A,ABFLOW016,Natural gas,6.628080551074306,,6.628080551074306
Liechtenstein,2017,1A2A,ABFLOW016,Oil,6.628080551074306,,6.628080551074306
Liechtenstein,2017,1A2B,ABFLOW018,Coal,6.628080551074306,,6.628080551074306
Liechtenstein,2017,1A2B,ABFLOW018,Natural gas,6.628080551074306,,6.628080551074306
Liechtenstein,2017,1A2B,ABFLOW018,Oil,6.628080551074306,,6.628080551074306
Liechtenstein,2017,1A2C,ABFLOW017,Coal,6.628080551074306,,6.628080551074306
Liechtenstein,2017,1A2C,ABFLOW017,Natural gas,6.628080551074306,,6.628080551074306
Liechtenstein,2017,1A2C,ABFLOW017,Oil,6.628080551074306,,6.628080551074306
Liechtenstein,2017,1A2D,ABFLOW023,Coal,6.628080551074306,,6.628080551074306
Liechtenstein,2017,1A2D,ABFLOW023,Natural gas,6.628080551074306,,6.628080551074306
Liechtenstein,2017,1A2D,ABFLOW023,Oil,6.628080551074306,,6.628080551074306
Liechtenstein,2017,1A2E,ABFLOW022,Coal,6.628080551074306,,6.628080551074306
Liechtenstein,2017,1A2E,ABFLOW022,Natural gas,6.628080551074306,,6.628080551074306
Liechtenstein,2017,1A2E,ABFLOW022,Oil,6.628080551074306,,6.628080551074306
Liechtenstein,2017,1A2F,ABFLOW019,Coal,6.628080551074306,,6.628080551074306
Liechtenstein,2017,1A2F,ABFLOW019,Natural gas,6.628080551074306,,6.628080551074306
Liechtenstein,2017,1A2F,ABFLOW019,Oil,6.628080551074306,,6.628080551074306
Liechtenstein,2017,1A2G,ABFLOW020,Coal,6.628080551074306,,6.628080551074306
Liechtenstein,2017,1A2G,ABFLOW020,Natural gas,6.628080551074306,,6.628080551074306
Liechtenstein,2017,1A2G,ABFLOW020,Oil,6.628080551074306,,6.628080551074306
Liechtenstein,2017,1A2H,ABFLOW021,Coal,6.628080551074306,,6.628080551074306
Liechtenstein,2017,1A2H,ABFLOW021,Natural gas,6.628080551074306,,6.628080551074306
Liechtenstein,2017,1A2H,ABFLOW021,Oil,6.628080551074306,,6.628080551074306
Liechtenstein,2017,1A2I,ABFLOW013,Coal,6.628080551074306,,6.628080551074306
Liechtenstein,2017,1A2I,ABFLOW013,Natural gas,6.628080551074306,,6.628080551074306
Liechtenstein,2017,1A2I,ABFLOW013,Oil,6.628080551074306,,6.628080551074306
Liechtenstein,2017,1A2J,ABFLOW024,Coal,6.628080551074306,,6.628080551074306
Liechtenstein,2017,1A2J,ABFLOW024,Natural gas,6.628080551074306,,6.628080551074306
Liechtenstein,2017,1A2J,ABFLOW024,Oil,6.628080551074306,,6.628080551074306
Liechtenstein,2017,1A2K,ABFLOW014,Coal,6.628080551074306,,6.628080551074306
Liechtenstein,2017,1A2K,ABFLOW014,Natural gas,6.628080551074306,,6.628080551074306
Liechtenstein,2017,1A2K,ABFLOW014,Oil,6.628080551074306,,6.628080551074306
Liechtenstein,2017,1A2L,ABFLOW025,Coal,6.628080551074306,,6.628080551074306
Liechtenstein,2017,1A2L,ABFLOW025,Natural gas,6.628080551074306,,6.628080551074306
Liechtenstein,2017,1A2L,ABFLOW025,Oil,6.628080551074306,,6.628080551074306
Liechtenstein,2017,1A2M,ABFLOW026,Coal,6.628080551074306,,6.628080551074306
Liechtenstein,2017,1A2M,ABFLOW026,Natural gas,6.628080551074306,,6.628080551074306
Liechtenstein,2017,1A2M,ABFLOW026,Oil,6.628080551074306,,6.628080551074306
Liechtenstein,2017,1A3,ABFLOW027,Coal,,,0.0
Liechtenstein,2017,1A3,ABFLOW027,Natural gas,,,0.0
Liechtenstein,2017,1A3,ABFLOW027,Oil,,,0.0
Liechtenstein,2017,1A3A1,ABFLOW040,Coal,3.3803210810478963,,3.3803210810478963
Liechtenstein,2017,1A3A1,ABFLOW040,Natural gas,3.3803210810478963,,3.3803210810478963
Liechtenstein,2017,1A3A1,ABFLOW040,Oil,3.3803210810478963,,3.3803210810478963
Liechtenstein,2017,1A3A2,ABFLOW029,Coal,6.628080551074306,,6.628080551074306
Liechtenstein,2017,1A3A2,ABFLOW029,Natural gas,6.628080551074306,,6.628080551074306
Liechtenstein,2017,1A3A2,ABFLOW029,Oil,6.628080551074306,,6.628080551074306
Liechtenstein,2017,1A3B,ABFLOW028,Coal,,,0.0
Liechtenstein,2017,1A3B,ABFLOW028,Natural gas,,,0.0
Liechtenstein,2017,1A3B,ABFLOW028,Oil,,,0.0
Liechtenstein,2017,1A3C,ABFLOW030,Coal,,,0.0
Liechtenstein,2017,1A3C,ABFLOW030,Natural gas,,,0.0
Liechtenstein,2017,1A3C,ABFLOW030,Oil,,,0.0
Liechtenstein,2017,1A3D1,ABFLOW039,Coal,,,0.0
Liechtenstein,2017,1A3D1,ABFLOW039,Natural gas,,,0.0
Liechtenstein,2017,1A3D1,ABFLOW039,Oil,,,0.0
Liechtenstein,2017,1A3D2,ABFLOW032,Coal,,,0.0
Liechtenstein,2017,1A3D2,ABFLOW032,Natural gas,,,0.0
Liechtenstein,2017,1A3D2,ABFLOW032,Oil,,,0.0
Liechtenstein,2017,1A3E1,ABFLOW033,Coal,,,0.0
Liechtenstein,2017,1A3E1,ABFLOW033,Natural gas,,,0.0
Liechtenstein,2017,1A3E1,ABFLOW033,Oil,,,0.0
Liechtenstein,2017,1A4A,ABFLOW035,Coal,,,0.0
Liechtenstein,2017,1A4A,ABFLOW035,Natural gas,,,0.0
Liechtenstein,2017,1A4A,ABFLOW035,Oil,,,0.0
Liechtenstein,2017,1A4B,ABFLOW034,Coal,,84.53093882677095,84.53093882677095
Liechtenstein,2017,1A4B,ABFLOW034,Natural gas,,84.53093882677095,84.53093882677095
Liechtenstein,2017,1A4B,ABFLOW034,Oil,,84.53093882677095,84.53093882677095
Liechtenstein,2017,1A4C1,ABFLOW036,Coal,,,0.0
Liechtenstein,2017,1A4C1,ABFLOW036,Natural gas,,,0.0
Liechtenstein,2017,1A4C1,ABFLOW036,Oil,,,0.0
Liechtenstein,2017,1A4C2,ABFLOW037,Coal,,,0.0
Liechtenstein,2017,1A4C2,ABFLOW037,Natural gas,,,0.0
Liechtenstein,2017,1A4C2,ABFLOW037,Oil,,,0.0
Liechtenstein,2017,1A5,ABFLOW038,Coal,,,0.0
Liechtenstein,2017,1A5,ABFLOW038,Natural gas,,,0.0
Liechtenstein,2017,1A5,ABFLOW038,Oil,,,0.0
Liechtenstein,2018,1A,ABFLOW001,Coal,,,0.0
Liechtenstein,2018,1A,ABFLOW001,Natural gas,,,0.0
Liechtenstein,2018,1A,ABFLOW001,Oil,,,0.0
Liechtenstein,2018,1A1A,ABFLOW002,Coal,,,0.0
Liechtenstein,2018,1A1A,ABFLOW002,Natural gas,,,0.0
Liechtenstein,2018,1A1A,ABFLOW002,Oil,,,0.0
Liechtenstein,2018,1A1A1,ABFLOW003,Coal,17.985631958489797,,17.985631958489797
Liechtenstein,2018,1A1A1,ABFLOW003,Natural gas,17.985631958489797,,17.985631958489797
Liechtenstein,2018,1A1A1,ABFLOW003,Oil,17.985631958489797,,17.985631958489797
Liechtenstein,2018,1A1A2,ABFLOW004,Coal,17.985631958489797,96.60678723059536,114.59241918908515
Liechtenstein,2018,1A1A2,ABFLOW004,Natural gas,17.985631958489797,96.60678723059536,114.59241918908515
Liechtenstein,2018,1A1A2,ABFLOW004,Oil,17.985631958489797,96.60678723059536,114.59241918908515
Liechtenstein,2018,1A1A3,ABFLOW005,Coal,17.985631958489797,96.60678723059536,114.59241918908515
Liechtenstein,2018,1A1A3,ABFLOW005,Natural gas,17.985631958489797,96.60678723059536,114.59241918908515
Liechtenstein,2018,1A1A3,ABFLOW005,Oil,17.985631958489797,96.60678723059536,114.59241918908515
Liechtenstein,2018,1A1B,ABFLOW011,Coal,17.985631958489797,,17.985631958489797
Liechtenstein,2018,1A1B,ABFLOW011,Natural gas,17.985631958489797,,17.985631958489797
Liechtenstein,2018,1A1B,ABFLOW011,Oil,17.985631958489797,,17.985631958489797
Liechtenstein,2018,1A1C,ABFLOW011,Coal,17.985631958489797,,17.985631958489797
Liechtenstein,2018,1A1C,ABFLOW011,Natural gas,17.985631958489797,,17.985631958489797
Liechtenstein,2018,1A1C,ABFLOW011,Oil,17.985631958489797,,17.985631958489797
Liechtenstein,2018,1A2,ABFLOW012,Coal,,,0.0
Liechtenstein,2018,1A2,ABFLOW012,Natural gas,,,0.0
Liechtenstein,2018,1A2,ABFLOW012,Oil,,,0.0
Liechtenstein,2018,1A2A,ABFLOW016,Coal,17.985631958489797,,17.985631958489797
Liechtenstein,2018,1A2A,ABFLOW016,Natural gas,17.985631958489797,,17.985631958489797
Liechtenstein,2018,1A2A,ABFLOW016,Oil,17.985631958489797,,17.985631958489797
Liechtenstein,2018,1A2B,ABFLOW018,Coal,17.985631958489797,,17.985631958489797
Liechtenstein,2018,1A2B,ABFLOW018,Natural gas,17.985631958489797,,17.985631958489797
Liechtenstein,2018,1A2B,ABFLOW018,Oil,17.985631958489797,,17.985631958489797
Liechtenstein,2018,1A2C,ABFLOW017,Coal,17.985631958489797,,17.985631958489797
Liechtenstein,2018,1A2C,ABFLOW017,Natural gas,17.985631958489797,,17.985631958489797
Liechtenstein,2018,1A2C,ABFLOW017,Oil,17.985631958489797,,17.985631958489797
Liechtenstein,2018,1A2D,ABFLOW023,Coal,17.985631958489797,,17.985631958489797
Liechtenstein,2018,1A2D,ABFLOW023,Natural gas,17.985631958489797,,17.985631958489797
Liechtenstein,2018,1A2D,ABFLOW023,Oil,17.985631958489797,,17.985631958489797
Liechtenstein,2018,1A2E,ABFLOW022,Coal,17.985631958489797,,17.985631958489797
Liechtenstein,2018,1A2E,ABFLOW022,Natural gas,17.985631958489797,,17.985631958489797
Liechtenstein,2018,1A2E,ABFLOW022,Oil,17.985631958489797,,17.985631958489797
Liechtenstein,2018,1A2F,ABFLOW019,Coal,17.985631958489797,,17.985631958489797
Liechtenstein,2018,1A2F,ABFLOW019,Natural gas,17.985631958489797,,17.985631958489797
Liechtenstein,2018,1A2F,ABFLOW019,Oil,17.985631958489797,,17.985631958489797
Liechtenstein,2018,1A2G,ABFLOW020,Coal,17.985631958489797,,17.985631958489797
Liechtenstein,2018,1A2G,ABFLOW020,Natural gas,17.985631958489797,,17.985631958489797
Liechtenstein,2018,1A2G,ABFLOW020,Oil,17.985631958489797,,17.985631958489797
Liechtenstein,2018,1A2H,ABFLOW021,Coal,17.985631958489797,,17.985631958489797
Liechtenstein,2018,1A2H,ABFLOW021,Natural gas,17.985631958489797,,17.985631958489797
Liechtenstein,2018,1A2H,ABFLOW021,Oil,17.985631958489797,,17.985631958489797
Liechtenstein,2018,1A2I,ABFLOW013,Coal,17.985631958489797,,17.985631958489797
Liechtenstein,2018,1A2I,ABFLOW013,Natural gas,17.985631958489797,,17.985631958489797
Liechtenstein,2018,1A2I,ABFLOW013,Oil,17.985631958489797,,17.985631958489797
Liechtenstein,2018,1A2J,ABFLOW024,Coal,17.985631958489797,,17.985631958489797
Liechtenstein,2018,1A2J,ABFLOW024,Natural gas,17.985631958489797,,17.985631958489797
Liechtenstein,2018,1A2J,ABFLOW024,Oil,17.985631958489797,,17.985631958489797
Liechtenstein,2018,1A2K,ABFLOW014,Coal,17.985631958489797,,17.985631958489797
Liechtenstein,2018,1A2K,ABFLOW014,Natural gas,17.985631958489797,,17.985631958489797
Liechtenstein,2018,1A2K,ABFLOW014,Oil,17.985631958489797,,17.985631958489797
Liechtenstein,2018,1A2L,ABFLOW025,Coal,17.985631958489797,,17.985631958489797
Liechtenstein,2018,1A2L,ABFLOW025,Natural gas,17.985631958489797,,17.985631958489797
Liechtenstein,2018,1A2L,ABFLOW025,Oil,17.985631958489797,,17.985631958489797
Liechtenstein,2018,1A2M,ABFLOW026,Coal,17.985631958489797,,17.985631958489797
Liechtenstein,2018,1A2M,ABFLOW026,Natural gas,17.985631958489797,,17.985631958489797
Liechtenstein,2018,1A2M,ABFLOW026,Oil,17.985631958489797,,17.985631958489797
Liechtenstein,2018,1A3,ABFLOW027,Coal,,,0.0
Liechtenstein,2018,1A3,ABFLOW027,Natural gas,,,0.0
Liechtenstein,2018,1A3,ABFLOW027,Oil,,,0.0
Liechtenstein,2018,1A3A1,ABFLOW040,Coal,9.172672298829797,,9.172672298829797
Liechtenstein,2018,1A3A1,ABFLOW040,Natural gas,9.172672298829797,,9.172672298829797
Liechtenstein,2018,1A3A1,ABFLOW040,Oil,9.172672298829797,,9.172672298829797
Liechtenstein,2018,1A3A2,ABFLOW029,Coal,17.985631958489797,,17.985631958489797
Liechtenstein,2018,1A3A2,ABFLOW029,Natural gas,17.985631958489797,,17.985631958489797
Liechtenstein,2018,1A3A2,ABFLOW029,Oil,17.985631958489797,,17.985631958489797
Liechtenstein,2018,1A3B,ABFLOW028,Coal,,,0.0
Liechtenstein,2018,1A3B,ABFLOW028,Natural gas,,,0.0
Liechtenstein,2018,1A3B,ABFLOW028,Oil,,,0.0
Liechtenstein,2018,1A3C,ABFLOW030,Coal,,,0.0
Liechtenstein,2018,1A3C,ABFLOW030,Natural gas,,,0.0
Liechtenstein,2018,1A3C,ABFLOW030,Oil,,,0.0
Liechtenstein,2018,1A3D1,ABFLOW039,Coal,,,0.0
Liechtenstein,2018,1A3D1,ABFLOW039,Natural gas,,,0.0
Liechtenstein,2018,1A3D1,ABFLOW039,Oil,,,0.0
Liechtenstein,2018,1A3D2,ABFLOW032,Coal,,,0.0
Liechtenstein,2018,1A3D2,ABFLOW032,Natural gas,,,0.0
Liechtenstein,2018,1A3D2,ABFLOW032,Oil,,,0.0
Liechtenstein,2018,1A3E1,ABFLOW033,Coal,,,0.0
Liechtenstein,2018,1A3E1,ABFLOW033,Natural gas,,,0.0
Liechtenstein,2018,1A3E1,ABFLOW033,Oil,,,0.0
Liechtenstein,2018,1A4A,ABFLOW035,Coal,,,0.0
Liechtenstein,2018,1A4A,ABFLOW035,Natural gas,,,0.0
Liechtenstein,2018,1A4A,ABFLOW035,Oil,,,0.0
Liechtenstein,2018,1A4B,ABFLOW034,Coal,,96.60678723059536,96.60678723059536
Liechtenstein,2018,1A4B,ABFLOW034,Natural gas,,96.60678723059536,96.60678723059536
Liechtenstein,2018,1A4B,ABFLOW034,Oil,,96.60678723059536,96.60678723059536
Liechtenstein,2018,1A4C1,ABFLOW036,Coal,,,0.0
Liechtenstein,2018,1A4C1,ABFLOW036,Natural gas,,,0.0
Liechtenstein,2018,1A4C1,ABFLOW036,Oil,,,0.0
Liechtenstein,2018,1A4C2,ABFLOW037,Coal,,,0.0
Liechtenstein,2018,1A4C2,ABFLOW037,Natural gas,,,0.0
Liechtenstein,2018,1A4C2,ABFLOW037,Oil,,,0.0
Liechtenstein,2018,1A5,ABFLOW038,Coal,,,0.0
Liechtenstein,2018,1A5,ABFLOW038,Natural gas,,,0.0
Liechtenstein,2018,1A5,ABFLOW038,Oil,,,0.0
Liechtenstein,2019,1A,ABFLOW001,Coal,,,0.0
Liechtenstein,2019,1A,ABFLOW001,Natural gas,,,0.0
Liechtenstein,2019,1A,ABFLOW001,Oil,,,0.0
Liechtenstein,2019,1A1A,ABFLOW002,Coal,,,0.0
Liechtenstein,2019,1A1A,ABFLOW002,Natural gas,,,0.0
Liechtenstein,2019,1A1A,ABFLOW002,Oil,,,0.0
Liechtenstein,2019,1A1A1,ABFLOW003,Coal,28.285873775425166,,28.285873775425166
Liechtenstein,2019,1A1A1,ABFLOW003,Natural gas,28.285873775425166,,28.285873775425166
Liechtenstein,2019,1A1A1,ABFLOW003,Oil,28.285873775425166,,28.285873775425166
Liechtenstein,2019,1A1A2,ABFLOW004,Coal,28.285873775425166,96.60678723059536,124.89266100602052
Liechtenstein,2019,1A1A2,ABFLOW004,Natural gas,28.285873775425166,96.60678723059536,124.89266100602052
Liechtenstein,2019,1A1A2,ABFLOW004,Oil,28.285873775425166,96.60678723059536,124.89266100602052
Liechtenstein,2019,1A1A3,ABFLOW005,Coal,28.285873775425166,96.60678723059536,124.89266100602052
Liechtenstein,2019,1A1A3,ABFLOW005,Natural gas,28.285873775425166,96.60678723059536,124.89266100602052
Liechtenstein,2019,1A1A3,ABFLOW005,Oil,28.285873775425166,96.60678723059536,124.89266100602052
Liechtenstein,2019,1A1B,ABFLOW011,Coal,28.285873775425166,,28.285873775425166
Liechtenstein,2019,1A1B,ABFLOW011,Natural gas,28.285873775425166,,28.285873775425166
Liechtenstein,2019,1A1B,ABFLOW011,Oil,28.285873775425166,,28.285873775425166
Liechtenstein,2019,1A1C,ABFLOW011,Coal,28.285873775425166,,28.285873775425166
Liechtenstein,2019,1A1C,ABFLOW011,Natural gas,28.285873775425166,,28.285873775425166
Liechtenstein,2019,1A1C,ABFLOW011,Oil,28.285873775425166,,28.285873775425166
Liechtenstein,2019,1A2,ABFLOW012,Coal,,,0.0
Liechtenstein,2019,1A2,ABFLOW012,Natural gas,,,0.0
Liechtenstein,2019,1A2,ABFLOW012,Oil,,,0.0
Liechtenstein,2019,1A2A,ABFLOW016,Coal,28.285873775425166,,28.285873775425166
Liechtenstein,2019,1A2A,ABFLOW016,Natural gas,28.285873775425166,,28.285873775425166
Liechtenstein,2019,1A2A,ABFLOW016,Oil,28.285873775425166,,28.285873775425166
Liechtenstein,2019,1A2B,ABFLOW018,Coal,28.285873775425166,,28.285873775425166
Liechtenstein,2019,1A2B,ABFLOW018,Natural gas,28.285873775425166,,28.285873775425166
Liechtenstein,2019,1A2B,ABFLOW018,Oil,28.285873775425166,,28.285873775425166
Liechtenstein,2019,1A2C,ABFLOW017,Coal,28.285873775425166,,28.285873775425166
Liechtenstein,2019,1A2C,ABFLOW017,Natural gas,28.285873775425166,,28.285873775425166
Liechtenstein,2019,1A2C,ABFLOW017,Oil,28.285873775425166,,28.285873775425166
Liechtenstein,2019,1A2D,ABFLOW023,Coal,28.285873775425166,,28.285873775425166
Liechtenstein,2019,1A2D,ABFLOW023,Natural gas,28.285873775425166,,28.285873775425166
Liechtenstein,2019,1A2D,ABFLOW023,Oil,28.285873775425166,,28.285873775425166
Liechtenstein,2019,1A2E,ABFLOW022,Coal,28.285873775425166,,28.285873775425166
Liechtenstein,2019,1A2E,ABFLOW022,Natural gas,28.285873775425166,,28.285873775425166
Liechtenstein,2019,1A2E,ABFLOW022,Oil,28.285873775425166,,28.285873775425166
Liechtenstein,2019,1A2F,ABFLOW019,Coal,28.285873775425166,,28.285873775425166
Liechtenstein,2019,1A2F,ABFLOW019,Natural gas,28.285873775425166,,28.285873775425166
Liechtenstein,2019,1A2F,ABFLOW019,Oil,28.285873775425166,,28.285873775425166
Liechtenstein,2019,1A2G,ABFLOW020,Coal,28.285873775425166,,28.285873775425166
Liechtenstein,2019,1A2G,ABFLOW020,Natural gas,28.285873775425166,,28.285873775425166
Liechtenstein,2019,1A2G,ABFLOW020,Oil,28.285873775425166,,28.285873775425166
Liechtenstein,2019,1A2H,ABFLOW021,Coal,28.285873775425166,,28.285873775425166
Liechtenstein,2019,1A2H,ABFLOW021,Natural gas,28.285873775425166,,28.285873775425166
Liechtenstein,2019,1A2H,ABFLOW021,Oil,28.285873775425166,,28.285873775425166
Liechtenstein,2019,1A2I,ABFLOW013,Coal,28.285873775425166,,28.285873775425166
Liechtenstein,2019,1A2I,ABFLOW013,Natural gas,28.285873775425166,,28.285873775425166
Liechtenstein,2019,1A2I,ABFLOW013,Oil,28.285873775425166,,28.285873775425166
Liechtenstein,2019,1A2J,ABFLOW024,Coal,28.285873775425166,,28.285873775425166
Liechtenstein,2019,1A2J,ABFLOW024,Natural gas,28.285873775425166,,28.285873775425166
Liechtenstein,2019,1A2J,ABFLOW024,Oil,28.285873775425166,,28.285873775425166
Liechtenstein,2019,1A2K,ABFLOW014,Coal,28.285873775425166,,28.285873775425166
Liechtenstein,2019,1A2K,ABFLOW014,Natural gas,28.285873775425166,,28.285873775425166
Liechtenstein,2019,1A2K,ABFLOW014,Oil,28.285873775425166,,28.285873775425166
Liechtenstein,2019,1A2L,ABFLOW025,Coal,28.285873775425166,,28.285873775425166
Liechtenstein,2019,1A2L,ABFLOW025,Natural gas,28.285873775425166,,28.285873775425166
Liechtenstein,2019,1A2L,ABFLOW025,Oil,28.285873775425166,,28.285873775425166
Liechtenstein,2019,1A2M,ABFLOW026,Coal,28.285873775425166,,28.285873775425166
Liechtenstein,2019,1A2M,ABFLOW026,Natural gas,28.285873775425166,,28.285873775425166
Liechtenstein,2019,1A2M,ABFLOW026,Oil,28.285873775425166,,28.285873775425166
Liechtenstein,2019,1A3,ABFLOW027,Coal,,,0.0
Liechtenstein,2019,1A3,ABFLOW027,Natural gas,,,0.0
Liechtenstein,2019,1A3,ABFLOW027,Oil,,,0.0
Liechtenstein,2019,1A3A1,ABFLOW040,Coal,14.425795625466835,,14.425795625466835
Liechtenstein,2019,1A3A1,ABFLOW040,Natural gas,14.425795625466835,,14.425795625466835
Liechtenstein,2019,1A3A1,ABFLOW040,Oil,14.425795625466835,,14.425795625466835
Liechtenstein,2019,1A3A2,ABFLOW029,Coal,28.285873775425166,,28.285873775425166
Liechtenstein,2019,1A3A2,ABFLOW029,Natural gas,28.285873775425166,,28.285873775425166
Liechtenstein,2019,1A3A2,ABFLOW029,Oil,28.285873775425166,,28.285873775425166
Liechtenstein,2019,1A3B,ABFLOW028,Coal,,,0.0
Liechtenstein,2019,1A3B,ABFLOW028,Natural gas,,,0.0
Liechtenstein,2019,1A3B,ABFLOW028,Oil,,,0.0
Liechtenstein,2019,1A3C,ABFLOW030,Coal,,,0.0
Liechtenstein,2019,1A3C,ABFLOW030,Natural gas,,,0.0
Liechtenstein,2019,1A3C,ABFLOW030,Oil,,,0.0
Liechtenstein,2019,1A3D1,ABFLOW039,Coal,,,0.0
Liechtenstein,2019,1A3D1,ABFLOW039,Natural gas,,,0.0
Liechtenstein,2019,1A3D1,ABFLOW039,Oil,,,0.0
Liechtenstein,2019,1A3D2,ABFLOW032,Coal,,,0.0
Liechtenstein,2019,1A3D2,ABFLOW032,Natural gas,,,0.0
Liechtenstein,2019,1A3D2,ABFLOW032,Oil,,,0.0
Liechtenstein,2019,1A3E1,ABFLOW033,Coal,,,0.0
Liechtenstein,2019,1A3E1,ABFLOW033,Natural gas,,,0.0
Liechtenstein,2019,1A3E1,ABFLOW033,Oil,,,0.0
Liechtenstein,2019,1A4A,ABFLOW035,Coal,,,0.0
Liechtenstein,2019,1A4A,ABFLOW035,Natural gas,,,0.0
Liechtenstein,2019,1A4A,ABFLOW035,Oil,,,0.0
Liechtenstein,2019,1A4B,ABFLOW034,Coal,,96.60678723059536,96.60678723059536
Liechtenstein,2019,1A4B,ABFLOW034,Natural gas,,96.60678723059536,96.60678723059536
Liechtenstein,2019,1A4B,ABFLOW034,Oil,,96.60678723059536,96.60678723059536
Liechtenstein,2019,1A4C1,ABFLOW036,Coal,,,0.0
Liechtenstein,2019,1A4C1,ABFLOW036,Natural gas,,,0.0
Liechtenstein,2019,1A4C1,ABFLOW036,Oil,,,0.0
Liechtenstein,2019,1A4C2,ABFLOW037,Coal,,,0.0
Liechtenstein,2019,1A4C2,ABFLOW037,Natural gas,,,0.0
Liechtenstein,2019,1A4C2,ABFLOW037,Oil,,,0.0
Liechtenstein,2019,1A5,ABFLOW038,Coal,,,0.0
Liechtenstein,2019,1A5,ABFLOW038,Natural gas,,,0.0
Liechtenstein,2019,1A5,ABFLOW038,Oil,,,0.0
Liechtenstein,2020,1A,ABFLOW001,Coal,,,0.0
Liechtenstein,2020,1A,ABFLOW001,Natural gas,,,0.0
Liechtenstein,2020,1A,ABFLOW001,Oil,,,0.0
Liechtenstein,2020,1A1A,ABFLOW002,Coal,,,0.0
Liechtenstein,2020,1A1A,ABFLOW002,Natural gas,,,0.0
Liechtenstein,2020,1A1A,ABFLOW002,Oil,,,0.0
Liechtenstein,2020,1A1A1,ABFLOW003,Coal,28.14944673149225,,28.14944673149225
Liechtenstein,2020,1A1A1,ABFLOW003,Natural gas,28.14944673149225,,28.14944673149225
Liechtenstein,2020,1A1A1,ABFLOW003,Oil,28.14944673149225,,28.14944673149225
Liechtenstein,2020,1A1A2,ABFLOW004,Coal,28.14944673149225,96.60678723059536,124.7562339620876
Liechtenstein,2020,1A1A2,ABFLOW004,Natural gas,28.14944673149225,96.60678723059536,124.7562339620876
Liechtenstein,2020,1A1A2,ABFLOW004,Oil,28.14944673149225,96.60678723059536,124.7562339620876
Liechtenstein,2020,1A1A3,ABFLOW005,Coal,28.14944673149225,96.60678723059536,124.7562339620876
Liechtenstein,2020,1A1A3,ABFLOW005,Natural gas,28.14944673149225,96.60678723059536,124.7562339620876
Liechtenstein,2020,1A1A3,ABFLOW005,Oil,28.14944673149225,96.60678723059536,124.7562339620876
Liechtenstein,2020,1A1B,ABFLOW011,Coal,28.14944673149225,,28.14944673149225
Liechtenstein,2020,1A1B,ABFLOW011,Natural gas,28.14944673149225,,28.14944673149225
Liechtenstein,2020,1A1B,ABFLOW011,Oil,28.14944673149225,,28.14944673149225
Liechtenstein,2020,1A1C,ABFLOW011,Coal,28.14944673149225,,28.14944673149225
Liechtenstein,2020,1A1C,ABFLOW011,Natural gas,28.14944673149225,,28.14944673149225
Liechtenstein,2020,1A1C,ABFLOW011,Oil,28.14944673149225,,28.14944673149225
Liechtenstein,2020,1A2,ABFLOW012,Coal,,,0.0
Liechtenstein,2020,1A2,ABFLOW012,Natural gas,,,0.0
Liechtenstein,2020,1A2,ABFLOW012,Oil,,,0.0
Liechtenstein,2020,1A2A,ABFLOW016,Coal,28.14944673149225,,28.14944673149225
Liechtenstein,2020,1A2A,ABFLOW016,Natural gas,28.14944673149225,,28.14944673149225
Liechtenstein,2020,1A2A,ABFLOW016,Oil,28.14944673149225,,28.14944673149225
Liechtenstein,2020,1A2B,ABFLOW018,Coal,28.14944673149225,,28.14944673149225
Liechtenstein,2020,1A2B,ABFLOW018,Natural gas,28.14944673149225,,28.14944673149225
Liechtenstein,2020,1A2B,ABFLOW018,Oil,28.14944673149225,,28.14944673149225
Liechtenstein,2020,1A2C,ABFLOW017,Coal,28.14944673149225,,28.14944673149225
Liechtenstein,2020,1A2C,ABFLOW017,Natural gas,28.14944673149225,,28.14944673149225
Liechtenstein,2020,1A2C,ABFLOW017,Oil,28.14944673149225,,28.14944673149225
Liechtenstein,2020,1A2D,ABFLOW023,Coal,28.14944673149225,,28.14944673149225
Liechtenstein,2020,1A2D,ABFLOW023,Natural gas,28.14944673149225,,28.14944673149225
Liechtenstein,2020,1A2D,ABFLOW023,Oil,28.14944673149225,,28.14944673149225
Liechtenstein,2020,1A2E,ABFLOW022,Coal,28.14944673149225,,28.14944673149225
Liechtenstein,2020,1A2E,ABFLOW022,Natural gas,28.14944673149225,,28.14944673149225
Liechtenstein,2020,1A2E,ABFLOW022,Oil,28.14944673149225,,28.14944673149225
Liechtenstein,2020,1A2F,ABFLOW019,Coal,28.14944673149225,,28.14944673149225
Liechtenstein,2020,1A2F,ABFLOW019,Natural gas,28.14944673149225,,28.14944673149225
Liechtenstein,2020,1A2F,ABFLOW019,Oil,28.14944673149225,,28.14944673149225
Liechtenstein,2020,1A2G,ABFLOW020,Coal,28.14944673149225,,28.14944673149225
Liechtenstein,2020,1A2G,ABFLOW020,Natural gas,28.14944673149225,,28.14944673149225
Liechtenstein,2020,1A2G,ABFLOW020,Oil,28.14944673149225,,28.14944673149225
Liechtenstein,2020,1A2H,ABFLOW021,Coal,28.14944673149225,,28.14944673149225
Liechtenstein,2020,1A2H,ABFLOW021,Natural gas,28.14944673149225,,28.14944673149225
Liechtenstein,2020,1A2H,ABFLOW021,Oil,28.14944673149225,,28.14944673149225
Liechtenstein,2020,1A2I,ABFLOW013,Coal,28.14944673149225,,28.14944673149225
Liechtenstein,2020,1A2I,ABFLOW013,Natural gas,28.14944673149225,,28.14944673149225
Liechtenstein,2020,1A2I,ABFLOW013,Oil,28.14944673149225,,28.14944673149225
Liechtenstein,2020,1A2J,ABFLOW024,Coal,28.14944673149225,,28.14944673149225
Liechtenstein,2020,1A2J,ABFLOW024,Natural gas,28.14944673149225,,28.14944673149225
Liechtenstein,2020,1A2J,ABFLOW024,Oil,28.14944673149225,,28.14944673149225
Liechtenstein,2020,1A2K,ABFLOW014,Coal,28.14944673149225,,28.14944673149225
Liechtenstein,2020,1A2K,ABFLOW014,Natural gas,28.14944673149225,,28.14944673149225
Liechtenstein,2020,1A2K,ABFLOW014,Oil,28.14944673149225,,28.14944673149225
Liechtenstein,2020,1A2L,ABFLOW025,Coal,28.14944673149225,,28.14944673149225
Liechtenstein,2020,1A2L,ABFLOW025,Natural gas,28.14944673149225,,28.14944673149225
Liechtenstein,2020,1A2L,ABFLOW025,Oil,28.14944673149225,,28.14944673149225
Liechtenstein,2020,1A2M,ABFLOW026,Coal,28.14944673149225,,28.14944673149225
Liechtenstein,2020,1A2M,ABFLOW026,Natural gas,28.14944673149225,,28.14944673149225
Liechtenstein,2020,1A2M,ABFLOW026,Oil,28.14944673149225,,28.14944673149225
Liechtenstein,2020,1A3,ABFLOW027,Coal,,,0.0
Liechtenstein,2020,1A3,ABFLOW027,Natural gas,,,0.0
Liechtenstein,2020,1A3,ABFLOW027,Oil,,,0.0
Liechtenstein,2020,1A3A1,ABFLOW040,Coal,14.356217833061049,,14.356217833061049
Liechtenstein,2020,1A3A1,ABFLOW040,Natural gas,14.356217833061049,,14.356217833061049
Liechtenstein,2020,1A3A1,ABFLOW040,Oil,14.356217833061049,,14.356217833061049
Liechtenstein,2020,1A3A2,ABFLOW029,Coal,28.14944673149225,,28.14944673149225
Liechtenstein,2020,1A3A2,ABFLOW029,Natural gas,28.14944673149225,,28.14944673149225
Liechtenstein,2020,1A3A2,ABFLOW029,Oil,28.14944673149225,,28.14944673149225
Liechtenstein,2020,1A3B,ABFLOW028,Coal,,,0.0
Liechtenstein,2020,1A3B,ABFLOW028,Natural gas,,,0.0
Liechtenstein,2020,1A3B,ABFLOW028,Oil,,,0.0
Liechtenstein,2020,1A3C,ABFLOW030,Coal,,,0.0
Liechtenstein,2020,1A3C,ABFLOW030,Natural gas,,,0.0
Liechtenstein,2020,1A3C,ABFLOW030,Oil,,,0.0
Liechtenstein,2020,1A3D1,ABFLOW039,Coal,,,0.0
Liechtenstein,2020,1A3D1,ABFLOW039,Natural gas,,,0.0
Liechtenstein,2020,1A3D1,ABFLOW039,Oil,,,0.0
Liechtenstein,2020,1A3D2,ABFLOW032,Coal,,,0.0
Liechtenstein,2020,1A3D2,ABFLOW032,Natural gas,,,0.0
Liechtenstein,2020,1A3D2,ABFLOW032,Oil,,,0.0
Liechtenstein,2020,1A3E1,ABFLOW033,Coal,,,0.0
Liechtenstein,2020,1A3E1,ABFLOW033,Natural gas,,,0.0
Liechtenstein,2020,1A3E1,ABFLOW033,Oil,,,0.0
Liechtenstein,2020,1A4A,ABFLOW035,Coal,,,0.0
Liechtenstein,2020,1A4A,ABFLOW035,Natural gas,,,0.0
Liechtenstein,2020,1A4A,ABFLOW035,Oil,,,0.0
Liechtenstein,2020,1A4B,ABFLOW034,Coal,,96.60678723059536,96.60678723059536
Liechtenstein,2020,1A4B,ABFLOW034,Natural gas,,96.60678723059536,96.60678723059536
Liechtenstein,2020,1A4B,ABFLOW034,Oil,,96.60678723059536,96.60678723059536
Liechtenstein,2020,1A4C1,ABFLOW036,Coal,,,0.0
Liechtenstein,2020,1A4C1,ABFLOW036,Natural gas,,,0.0
Liechtenstein,2020,1A4C1,ABFLOW036,Oil,,,0.0
Liechtenstein,2020,1A4C2,ABFLOW037,Coal,,,0.0
Liechtenstein,2020,1A4C2,ABFLOW037,Natural gas,,,0.0
Liechtenstein,2020,1A4C2,ABFLOW037,Oil,,,0.0
Liechtenstein,2020,1A5,ABFLOW038,Coal,,,0.0
Liechtenstein,2020,1A5,ABFLOW038,Natural gas,,,0.0
Liechtenstein,2020,1A5,ABFLOW038,Oil,,,0.0
Liechtenstein,2021,1A,ABFLOW001,Coal,,,0.0
Liechtenstein,2021,1A,ABFLOW001,Natural gas,,,0.0
Liechtenstein,2021,1A,ABFLOW001,Oil,,,0.0
Liechtenstein,2021,1A1A,ABFLOW002,Coal,,,0.0
Liechtenstein,2021,1A1A,ABFLOW002,Natural gas,,,0.0
Liechtenstein,2021,1A1A,ABFLOW002,Oil,,,0.0
Liechtenstein,2021,1A1A1,ABFLOW003,Coal,60.89193727539277,,60.89193727539277
Liechtenstein,2021,1A1A1,ABFLOW003,Natural gas,60.89193727539277,,60.89193727539277
Liechtenstein,2021,1A1A1,ABFLOW003,Oil,60.89193727539277,,60.89193727539277
Liechtenstein,2021,1A1A2,ABFLOW004,Coal,60.89193727539277,96.60678723059536,157.49872450598812
Liechtenstein,2021,1A1A2,ABFLOW004,Natural gas,60.89193727539277,96.60678723059536,157.49872450598812
Liechtenstein,2021,1A1A2,ABFLOW004,Oil,60.89193727539277,96.60678723059536,157.49872450598812
Liechtenstein,2021,1A1A3,ABFLOW005,Coal,60.89193727539277,96.60678723059536,157.49872450598812
Liechtenstein,2021,1A1A3,ABFLOW005,Natural gas,60.89193727539277,96.60678723059536,157.49872450598812
Liechtenstein,2021,1A1A3,ABFLOW005,Oil,60.89193727539277,96.60678723059536,157.49872450598812
Liechtenstein,2021,1A1B,ABFLOW011,Coal,60.89193727539277,,60.89193727539277
Liechtenstein,2021,1A1B,ABFLOW011,Natural gas,60.89193727539277,,60.89193727539277
Liechtenstein,2021,1A1B,ABFLOW011,Oil,60.89193727539277,,60.89193727539277
Liechtenstein,2021,1A1C,ABFLOW011,Coal,60.89193727539277,,60.89193727539277
Liechtenstein,2021,1A1C,ABFLOW011,Natural gas,60.89193727539277,,60.89193727539277
Liechtenstein,2021,1A1C,ABFLOW011,Oil,60.89193727539277,,60.89193727539277
Liechtenstein,2021,1A2,ABFLOW012,Coal,,,0.0
Liechtenstein,2021,1A2,ABFLOW012,Natural gas,,,0.0
Liechtenstein,2021,1A2,ABFLOW012,Oil,,,0.0
Liechtenstein,2021,1A2A,ABFLOW016,Coal,60.89193727539277,,60.89193727539277
Liechtenstein,2021,1A2A,ABFLOW016,Natural gas,60.89193727539277,,60.89193727539277
Liechtenstein,2021,1A2A,ABFLOW016,Oil,60.89193727539277,,60.89193727539277
Liechtenstein,2021,1A2B,ABFLOW018,Coal,60.89193727539277,,60.89193727539277
Liechtenstein,2021,1A2B,ABFLOW018,Natural gas,60.89193727539277,,60.89193727539277
Liechtenstein,2021,1A2B,ABFLOW018,Oil,60.89193727539277,,60.89193727539277
Liechtenstein,2021,1A2C,ABFLOW017,Coal,60.89193727539277,,60.89193727539277
Liechtenstein,2021,1A2C,ABFLOW017,Natural gas,60.89193727539277,,60.89193727539277
Liechtenstein,2021,1A2C,ABFLOW017,Oil,60.89193727539277,,60.89193727539277
Liechtenstein,2021,1A2D,ABFLOW023,Coal,60.89193727539277,,60.89193727539277
Liechtenstein,2021,1A2D,ABFLOW023,Natural gas,60.89193727539277,,60.89193727539277
Liechtenstein,2021,1A2D,ABFLOW023,Oil,60.89193727539277,,60.89193727539277
Liechtenstein,2021,1A2E,ABFLOW022,Coal,60.89193727539277,,60.89193727539277
Liechtenstein,2021,1A2E,ABFLOW022,Natural gas,60.89193727539277,,60.89193727539277
Liechtenstein,2021,1A2E,ABFLOW022,Oil,60.89193727539277,,60.89193727539277
Liechtenstein,2021,1A2F,ABFLOW019,Coal,60.89193727539277,,60.89193727539277
Liechtenstein,2021,1A2F,ABFLOW019,Natural gas,60.89193727539277,,60.89193727539277
Liechtenstein,2021,1A2F,ABFLOW019,Oil,60.89193727539277,,60.89193727539277
Liechtenstein,2021,1A2G,ABFLOW020,Coal,60.89193727539277,,60.89193727539277
Liechtenstein,2021,1A2G,ABFLOW020,Natural gas,60.89193727539277,,60.89193727539277
Liechtenstein,2021,1A2G,ABFLOW020,Oil,60.89193727539277,,60.89193727539277
Liechtenstein,2021,1A2H,ABFLOW021,Coal,60.89193727539277,,60.89193727539277
Liechtenstein,2021,1A2H,ABFLOW021,Natural gas,60.89193727539277,,60.89193727539277
Liechtenstein,2021,1A2H,ABFLOW021,Oil,60.89193727539277,,60.89193727539277
Liechtenstein,2021,1A2I,ABFLOW013,Coal,60.89193727539277,,60.89193727539277
Liechtenstein,2021,1A2I,ABFLOW013,Natural gas,60.89193727539277,,60.89193727539277
Liechtenstein,2021,1A2I,ABFLOW013,Oil,60.89193727539277,,60.89193727539277
Liechtenstein,2021,1A2J,ABFLOW024,Coal,60.89193727539277,,60.89193727539277
Liechtenstein,2021,1A2J,ABFLOW024,Natural gas,60.89193727539277,,60.89193727539277
Liechtenstein,2021,1A2J,ABFLOW024,Oil,60.89193727539277,,60.89193727539277
Liechtenstein,2021,1A2K,ABFLOW014,Coal,60.89193727539277,,60.89193727539277
Liechtenstein,2021,1A2K,ABFLOW014,Natural gas,60.89193727539277,,60.89193727539277
Liechtenstein,2021,1A2K,ABFLOW014,Oil,60.89193727539277,,60.89193727539277
Liechtenstein,2021,1A2L,ABFLOW025,Coal,60.89193727539277,,60.89193727539277
Liechtenstein,2021,1A2L,ABFLOW025,Natural gas,60.89193727539277,,60.89193727539277
Liechtenstein,2021,1A2L,ABFLOW025,Oil,60.89193727539277,,60.89193727539277
Liechtenstein,2021,1A2M,ABFLOW026,Coal,60.89193727539277,,60.89193727539277
Liechtenstein,2021,1A2M,ABFLOW026,Natural gas,60.89193727539277,,60.89193727539277
Liechtenstein,2021,1A2M,ABFLOW026,Oil,60.89193727539277,,60.89193727539277
Liechtenstein,2021,1A3,ABFLOW027,Coal,,,0.0
Liechtenstein,2021,1A3,ABFLOW027,Natural gas,,,0.0
Liechtenstein,2021,1A3,ABFLOW027,Oil,,,0.0
Liechtenstein,2021,1A3A1,ABFLOW040,Coal,31.054888010450313,,31.054888010450313
Liechtenstein,2021,1A3A1,ABFLOW040,Natural gas,31.054888010450313,,31.054888010450313
Liechtenstein,2021,1A3A1,ABFLOW040,Oil,31.054888010450313,,31.054888010450313
Liechtenstein,2021,1A3A2,ABFLOW029,Coal,60.89193727539277,,60.89193727539277
Liechtenstein,2021,1A3A2,ABFLOW029,Natural gas,60.89193727539277,,60.89193727539277
Liechtenstein,2021,1A3A2,ABFLOW029,Oil,60.89193727539277,,60.89193727539277
Liechtenstein,2021,1A3B,ABFLOW028,Coal,,,0.0
Liechtenstein,2021,1A3B,ABFLOW028,Natural gas,,,0.0
Liechtenstein,2021,1A3B,ABFLOW028,Oil,,,0.0
Liechtenstein,2021,1A3C,ABFLOW030,Coal,,,0.0
Liechtenstein,2021,1A3C,ABFLOW030,Natural gas,,,0.0
Liechtenstein,2021,1A3C,ABFLOW030,Oil,,,0.0
Liechtenstein,2021,1A3D1,ABFLOW039,Coal,,,0.0
Liechtenstein,2021,1A3D1,ABFLOW039,Natural gas,,,0.0
Liechtenstein,2021,1A3D1,ABFLOW039,Oil,,,0.0
Liechtenstein,2021,1A3D2,ABFLOW032,Coal,,,0.0
Liechtenstein,2021,1A3D2,ABFLOW032,Natural gas,,,0.0
Liechtenstein,2021,1A3D2,ABFLOW032,Oil,,,0.0
Liechtenstein,2021,1A3E1,ABFLOW033,Coal,,,0.0
Liechtenstein,2021,1A3E1,ABFLOW033,Natural gas,,,0.0
Liechtenstein,2021,1A3E1,ABFLOW033,Oil,,,0.0
Liechtenstein,2021,1A4A,ABFLOW035,Coal,,,0.0
Liechtenstein,2021,1A4A,ABFLOW035,Natural gas,,,0.0
Liechtenstein,2021,1A4A,ABFLOW035,Oil,,,0.0
Liechtenstein,2021,1A4B,ABFLOW034,Coal,,96.60678723059536,96.60678723059536
Liechtenstein,2021,1A4B,ABFLOW034,Natural gas,,96.60678723059536,96.60678723059536
Liechtenstein,2021,1A4B,ABFLOW034,Oil,,96.60678723059536,96.60678723059536
Liechtenstein,2021,1A4C1,ABFLOW036,Coal,,,0.0
Liechtenstein,2021,1A4C1,ABFLOW036,Natural gas,,,0.0
Liechtenstein,2021,1A4C1,ABFLOW036,Oil,,,0.0
Liechtenstein,2021,1A4C2,ABFLOW037,Coal,,,0.0
Liechtenstein,2021,1A4C2,ABFLOW037,Natural gas,,,0.0
Liechtenstein,2021,1A4C2,ABFLOW037,Oil,,,0.0
Liechtenstein,2021,1A5,ABFLOW038,Coal,,,0.0
Liechtenstein,2021,1A5,ABFLOW038,Natural gas,,,0.0
Liechtenstein,2021,1A5,ABFLOW038,Oil,,,0.0
Liechtenstein,2022,1A,ABFLOW001,Coal,,,0.0
Liechtenstein,2022,1A,ABFLOW001,Natural gas,,,0.0
Liechtenstein,2022,1A,ABFLOW001,Oil,,,0.0
Liechtenstein,2022,1A1A,ABFLOW002,Coal,,,0.0
Liechtenstein,2022,1A1A,ABFLOW002,Natural gas,,,0.0
Liechtenstein,2022,1A1A,ABFLOW002,Oil,,,0.0
Liechtenstein,2022,1A1A1,ABFLOW003,Coal,92.02004113275376,,92.02004113275376
Liechtenstein,2022,1A1A1,ABFLOW003,Natural gas,92.02004113275376,,92.02004113275376
Liechtenstein,2022,1A1A1,ABFLOW003,Oil,92.02004113275376,,92.02004113275376
Liechtenstein,2022,1A1A2,ABFLOW004,Coal,92.02004113275376,120.75848403824422,212.77852517099797
Liechtenstein,2022,1A1A2,ABFLOW004,Natural gas,92.02004113275376,120.75848403824422,212.77852517099797
Liechtenstein,2022,1A1A2,ABFLOW004,Oil,92.02004113275376,120.75848403824422,212.77852517099797
Liechtenstein,2022,1A1A3,ABFLOW005,Coal,92.02004113275376,120.75848403824422,212.77852517099797
Liechtenstein,2022,1A1A3,ABFLOW005,Natural gas,92.02004113275376,120.75848403824422,212.77852517099797
Liechtenstein,2022,1A1A3,ABFLOW005,Oil,92.02004113275376,120.75848403824422,212.77852517099797
Liechtenstein,2022,1A1B,ABFLOW011,Coal,92.02004113275376,,92.02004113275376
Liechtenstein,2022,1A1B,ABFLOW011,Natural gas,92.02004113275376,,92.02004113275376
Liechtenstein,2022,1A1B,ABFLOW011,Oil,92.02004113275376,,92.02004113275376
Liechtenstein,2022,1A1C,ABFLOW011,Coal,92.02004113275376,,92.02004113275376
Liechtenstein,2022,1A1C,ABFLOW011,Natural gas,92.02004113275376,,92.02004113275376
Liechtenstein,2022,1A1C,ABFLOW011,Oil,92.02004113275376,,92.02004113275376
Liechtenstein,2022,1A2,ABFLOW012,Coal,,,0.0
Liechtenstein,2022,1A2,ABFLOW012,Natural gas,,,0.0
Liechtenstein,2022,1A2,ABFLOW012,Oil,,,0.0
Liechtenstein,2022,1A2A,ABFLOW016,Coal,92.02004113275376,,92.02004113275376
Liechtenstein,2022,1A2A,ABFLOW016,Natural gas,92.02004113275376,,92.02004113275376
Liechtenstein,2022,1A2A,ABFLOW016,Oil,92.02004113275376,,92.02004113275376
Liechtenstein,2022,1A2B,ABFLOW018,Coal,92.02004113275376,,92.02004113275376
Liechtenstein,2022,1A2B,ABFLOW018,Natural gas,92.02004113275376,,92.02004113275376
Liechtenstein,2022,1A2B,ABFLOW018,Oil,92.02004113275376,,92.02004113275376
Liechtenstein,2022,1A2C,ABFLOW017,Coal,92.02004113275376,,92.02004113275376
Liechtenstein,2022,1A2C,ABFLOW017,Natural gas,92.02004113275376,,92.02004113275376
Liechtenstein,2022,1A2C,ABFLOW017,Oil,92.02004113275376,,92.02004113275376
Liechtenstein,2022,1A2D,ABFLOW023,Coal,92.02004113275376,,92.02004113275376
Liechtenstein,2022,1A2D,ABFLOW023,Natural gas,92.02004113275376,,92.02004113275376
Liechtenstein,2022,1A2D,ABFLOW023,Oil,92.02004113275376,,92.02004113275376
Liechtenstein,2022,1A2E,ABFLOW022,Coal,92.02004113275376,,92.02004113275376
Liechtenstein,2022,1A2E,ABFLOW022,Natural gas,92.02004113275376,,92.02004113275376
Liechtenstein,2022,1A2E,ABFLOW022,Oil,92.02004113275376,,92.02004113275376
Liechtenstein,2022,1A2F,ABFLOW019,Coal,92.02004113275376,,92.02004113275376
Liechtenstein,2022,1A2F,ABFLOW019,Natural gas,92.02004113275376,,92.02004113275376
Liechtenstein,2022,1A2F,ABFLOW019,Oil,92.02004113275376,,92.02004113275376
Liechtenstein,2022,1A2G,ABFLOW020,Coal,92.02004113275376,,92.02004113275376
Liechtenstein,2022,1A2G,ABFLOW020,Natural gas,92.02004113275376,,92.02004113275376
Liechtenstein,2022,1A2G,ABFLOW020,Oil,92.02004113275376,,92.02004113275376
Liechtenstein,2022,1A2H,ABFLOW021,Coal,92.02004113275376,,92.02004113275376
Liechtenstein,2022,1A2H,ABFLOW021,Natural gas,92.02004113275376,,92.02004113275376
Liechtenstein,2022,1A2H,ABFLOW021,Oil,92.02004113275376,,92.02004113275376
Liechtenstein,2022,1A2I,ABFLOW013,Coal,92.02004113275376,,92.02004113275376
Liechtenstein,2022,1A2I,ABFLOW013,Natural gas,92.02004113275376,,92.02004113275376
Liechtenstein,2022,1A2I,ABFLOW013,Oil,92.02004113275376,,92.02004113275376
Liechtenstein,2022,1A2J,ABFLOW024,Coal,92.02004113275376,,92.02004113275376
Liechtenstein,2022,1A2J,ABFLOW024,Natural gas,92.02004113275376,,92.02004113275376
Liechtenstein,2022,1A2J,ABFLOW024,Oil,92.02004113275376,,92.02004113275376
Liechtenstein,2022,1A2K,ABFLOW014,Coal,92.02004113275376,,92.02004113275376
Liechtenstein,2022,1A2K,ABFLOW014,Natural gas,92.02004113275376,,92.02004113275376
Liechtenstein,2022,1A2K,ABFLOW014,Oil,92.02004113275376,,92.02004113275376
Liechtenstein,2022,1A2L,ABFLOW025,Coal,92.02004113275376,,92.02004113275376
Liechtenstein,2022,1A2L,ABFLOW025,Natural gas,92.02004113275376,,92.02004113275376
Liechtenstein,2022,1A2L,ABFLOW025,Oil,92.02004113275376,,92.02004113275376
Liechtenstein,2022,1A2M,ABFLOW026,Coal,92.02004113275376,,92.02004113275376
Liechtenstein,2022,1A2M,ABFLOW026,Natural gas,92.02004113275376,,92.02004113275376
Liechtenstein,2022,1A2M,ABFLOW026,Oil,92.02004113275376,,92.02004113275376
Liechtenstein,2022,1A3,ABFLOW027,Coal,,,0.0
Liechtenstein,2022,1A3,ABFLOW027,Natural gas,,,0.0
Liechtenstein,2022,1A3,ABFLOW027,Oil,,,0.0
Liechtenstein,2022,1A3A1,ABFLOW040,Coal,46.930220977704415,,46.930220977704415
Liechtenstein,2022,1A3A1,ABFLOW040,Natural gas,46.930220977704415,,46.930220977704415
Liechtenstein,2022,1A3A1,ABFLOW040,Oil,46.930220977704415,,46.930220977704415
Liechtenstein,2022,1A3A2,ABFLOW029,Coal,92.02004113275376,,92.02004113275376
Liechtenstein,2022,1A3A2,ABFLOW029,Natural gas,92.02004113275376,,92.02004113275376
Liechtenstein,2022,1A3A2,ABFLOW029,Oil,92.02004113275376,,92.02004113275376
Liechtenstein,2022,1A3B,ABFLOW028,Coal,,,0.0
Liechtenstein,2022,1A3B,ABFLOW028,Natural gas,,,0.0
Liechtenstein,2022,1A3B,ABFLOW028,Oil,,,0.0
Liechtenstein,2022,1A3C,ABFLOW030,Coal,,,0.0
Liechtenstein,2022,1A3C,ABFLOW030,Natural gas,,,0.0
Liechtenstein,2022,1A3C,ABFLOW030,Oil,,,0.0
Liechtenstein,2022,1A3D1,ABFLOW039,Coal,,,0.0
Liechtenstein,2022,1A3D1,ABFLOW039,Natural gas,,,0.0
Liechtenstein,2022,1A3D1,ABFLOW039,Oil,,,0.0
Liechtenstein,2022,1A3D2,ABFLOW032,Coal,,,0.0
Liechtenstein,2022,1A3D2,ABFLOW032,Natural gas,,,0.0
Liechtenstein,2022,1A3D2,ABFLOW032,Oil,,,0.0
Liechtenstein,2022,1A3E1,ABFLOW033,Coal,,,0.0
Liechtenstein,2022,1A3E1,ABFLOW033,Natural gas,,,0.0
Liechtenstein,2022,1A3E1,ABFLOW033,Oil,,,0.0
Liechtenstein,2022,1A4A,ABFLOW035,Coal,,,0.0
Liechtenstein,2022,1A4A,ABFLOW035,Natural gas,,,0.0
Liechtenstein,2022,1A4A,ABFLOW035,Oil,,,0.0
Liechtenstein,2022,1A4B,ABFLOW034,Coal,,120.75848403824422,120.75848403824422
Liechtenstein,2022,1A4B,ABFLOW034,Natural gas,,120.75848403824422,120.75848403824422
Liechtenstein,2022,1A4B,ABFLOW034,Oil,,120.75848403824422,120.75848403824422
Liechtenstein,2022,1A4C1,ABFLOW036,Coal,,,0.0
Liechtenstein,2022,1A4C1,ABFLOW036,Natural gas,,,0.0
Liechtenstein,2022,1A4C1,ABFLOW036,Oil,,,0.0
Liechtenstein,2022,1A4C2,ABFLOW037,Coal,,,0.0
Liechtenstein,2022,1A4C2,ABFLOW037,Natural gas,,,0.0
Liechtenstein,2022,1A4C2,ABFLOW037,Oil,,,0.0
Liechtenstein,2022,1A5,ABFLOW038,Coal,,,0.0
Liechtenstein,2022,1A5,ABFLOW038,Natural gas,,,0.0
Liechtenstein,2022,1A5,ABFLOW038,Oil,,,0.0
Liechtenstein,2023,1A,ABFLOW001,Coal,,,0.0
Liechtenstein,2023,1A,ABFLOW001,Natural gas,,,0.0
Liechtenstein,2023,1A,ABFLOW001,Oil,,,0.0
Liechtenstein,2023,1A1A,ABFLOW002,Coal,,,0.0
Liechtenstein,2023,1A1A,ABFLOW002,Natural gas,,,0.0
Liechtenstein,2023,1A1A,ABFLOW002,Oil,,,0.0
Liechtenstein,2023,1A1A1,ABFLOW003,Coal,95.2942901871438,,95.2942901871438
Liechtenstein,2023,1A1A1,ABFLOW003,Natural gas,95.2942901871438,,95.2942901871438
Liechtenstein,2023,1A1A1,ABFLOW003,Oil,95.2942901871438,,95.2942901871438
Liechtenstein,2023,1A1A2,ABFLOW004,Coal,95.2942901871438,120.75848403824422,216.05277422538802
Liechtenstein,2023,1A1A2,ABFLOW004,Natural gas,95.2942901871438,120.75848403824422,216.05277422538802
Liechtenstein,2023,1A1A2,ABFLOW004,Oil,95.2942901871438,120.75848403824422,216.05277422538802
Liechtenstein,2023,1A1A3,ABFLOW005,Coal,95.2942901871438,120.75848403824422,216.05277422538802
Liechtenstein,2023,1A1A3,ABFLOW005,Natural gas,95.2942901871438,120.75848403824422,216.05277422538802
Liechtenstein,2023,1A1A3,ABFLOW005,Oil,95.2942901871438,120.75848403824422,216.05277422538802
Liechtenstein,2023,1A1B,ABFLOW011,Coal,95.2942901871438,,95.2942901871438
Liechtenstein,2023,1A1B,ABFLOW011,Natural gas,95.2942901871438,,95.2942901871438
Liechtenstein,2023,1A1B,ABFLOW011,Oil,95.2942901871438,,95.2942901871438
Liechtenstein,2023,1A1C,ABFLOW011,Coal,95.2942901871438,,95.2942901871438
Liechtenstein,2023,1A1C,ABFLOW011,Natural gas,95.2942901871438,,95.2942901871438
Liechtenstein,2023,1A1C,ABFLOW011,Oil,95.2942901871438,,95.2942901871438
Liechtenstein,2023,1A2,ABFLOW012,Coal,,,0.0
Liechtenstein,2023,1A2,ABFLOW012,Natural gas,,,0.0
Liechtenstein,2023,1A2,ABFLOW012,Oil,,,0.0
Liechtenstein,2023,1A2A,ABFLOW016,Coal,95.2942901871438,,95.2942901871438
Liechtenstein,2023,1A2A,ABFLOW016,Natural gas,95.2942901871438,,95.2942901871438
Liechtenstein,2023,1A2A,ABFLOW016,Oil,95.2942901871438,,95.2942901871438
Liechtenstein,2023,1A2B,ABFLOW018,Coal,95.2942901871438,,95.2942901871438
Liechtenstein,2023,1A2B,ABFLOW018,Natural gas,95.2942901871438,,95.2942901871438
Liechtenstein,2023,1A2B,ABFLOW018,Oil,95.2942901871438,,95.2942901871438
Liechtenstein,2023,1A2C,ABFLOW017,Coal,95.2942901871438,,95.2942901871438
Liechtenstein,2023,1A2C,ABFLOW017,Natural gas,95.2942901871438,,95.2942901871438
Liechtenstein,2023,1A2C,ABFLOW017,Oil,95.2942901871438,,95.2942901871438
Liechtenstein,2023,1A2D,ABFLOW023,Coal,95.2942901871438,,95.2942901871438
Liechtenstein,2023,1A2D,ABFLOW023,Natural gas,95.2942901871438,,95.2942901871438
Liechtenstein,2023,1A2D,ABFLOW023,Oil,95.2942901871438,,95.2942901871438
Liechtenstein,2023,1A2E,ABFLOW022,Coal,95.2942901871438,,95.2942901871438
Liechtenstein,2023,1A2E,ABFLOW022,Natural gas,95.2942901871438,,95.2942901871438
Liechtenstein,2023,1A2E,ABFLOW022,Oil,95.2942901871438,,95.2942901871438
Liechtenstein,2023,1A2F,ABFLOW019,Coal,95.2942901871438,,95.2942901871438
Liechtenstein,2023,1A2F,ABFLOW019,Natural gas,95.2942901871438,,95.2942901871438
Liechtenstein,2023,1A2F,ABFLOW019,Oil,95.2942901871438,,95.2942901871438
Liechtenstein,2023,1A2G,ABFLOW020,Coal,95.2942901871438,,95.2942901871438
Liechtenstein,2023,1A2G,ABFLOW020,Natural gas,95.2942901871438,,95.2942901871438
Liechtenstein,2023,1A2G,ABFLOW020,Oil,95.2942901871438,,95.2942901871438
Liechtenstein,2023,1A2H,ABFLOW021,Coal,95.2942901871438,,95.2942901871438
Liechtenstein,2023,1A2H,ABFLOW021,Natural gas,95.2942901871438,,95.2942901871438
Liechtenstein,2023,1A2H,ABFLOW021,Oil,95.2942901871438,,95.2942901871438
Liechtenstein,2023,1A2I,ABFLOW013,Coal,95.2942901871438,,95.2942901871438
Liechtenstein,2023,1A2I,ABFLOW013,Natural gas,95.2942901871438,,95.2942901871438
Liechtenstein,2023,1A2I,ABFLOW013,Oil,95.2942901871438,,95.2942901871438
Liechtenstein,2023,1A2J,ABFLOW024,Coal,95.2942901871438,,95.2942901871438
Liechtenstein,2023,1A2J,ABFLOW024,Natural gas,95.2942901871438,,95.2942901871438
Liechtenstein,2023,1A2J,ABFLOW024,Oil,95.2942901871438,,95.2942901871438
Liechtenstein,2023,1A2K,ABFLOW014,Coal,95.2942901871438,,95.2942901871438
Liechtenstein,2023,1A2K,ABFLOW014,Natural gas,95.2942901871438,,95.2942901871438
Liechtenstein,2023,1A2K,ABFLOW014,Oil,95.2942901871438,,95.2942901871438
Liechtenstein,2023,1A2L,ABFLOW025,Coal,95.2942901871438,,95.2942901871438
Liechtenstein,2023,1A2L,ABFLOW025,Natural gas,95.2942901871438,,95.2942901871438
Liechtenstein,2023,1A2L,ABFLOW025,Oil,95.2942901871438,,95.2942901871438
Liechtenstein,2023,1A2M,ABFLOW026,Coal,95.2942901871438,,95.2942901871438
Liechtenstein,2023,1A2M,ABFLOW026,Natural gas,95.2942901871438,,95.2942901871438
Liechtenstein,2023,1A2M,ABFLOW026,Oil,95.2942901871438,,95.2942901871438
Liechtenstein,2023,1A3,ABFLOW027,Coal,,,0.0
Liechtenstein,2023,1A3,ABFLOW027,Natural gas,,,0.0
Liechtenstein,2023,1A3,ABFLOW027,Oil,,,0.0
Liechtenstein,2023,1A3A1,ABFLOW040,Coal,48.60008799544334,,48.60008799544334
Liechtenstein,2023,1A3A1,ABFLOW040,Natural gas,48.60008799544334,,48.60008799544334
Liechtenstein,2023,1A3A1,ABFLOW040,Oil,48.60008799544334,,48.60008799544334
Liechtenstein,2023,1A3A2,ABFLOW029,Coal,95.2942901871438,,95.2942901871438
Liechtenstein,2023,1A3A2,ABFLOW029,Natural gas,95.2942901871438,,95.2942901871438
Liechtenstein,2023,1A3A2,ABFLOW029,Oil,95.2942901871438,,95.2942901871438
Liechtenstein,2023,1A3B,ABFLOW028,Coal,,,0.0
Liechtenstein,2023,1A3B,ABFLOW028,Natural gas,,,0.0
Liechtenstein,2023,1A3B,ABFLOW028,Oil,,,0.0
Liechtenstein,2023,1A3C,ABFLOW030,Coal,,,0.0
Liechtenstein,2023,1A3C,ABFLOW030,Natural gas,,,0.0
Liechtenstein,2023,1A3C,ABFLOW030,Oil,,,0.0
Liechtenstein,2023,1A3D1,ABFLOW039,Coal,,,0.0
Liechtenstein,2023,1A3D1,ABFLOW039,Natural gas,,,0.0
Liechtenstein,2023,1A3D1,ABFLOW039,Oil,,,0.0
Liechtenstein,2023,1A3D2,ABFLOW032,Coal,,,0.0
Liechtenstein,2023,1A3D2,ABFLOW032,Natural gas,,,0.0
Liechtenstein,2023,1A3D2,ABFLOW032,Oil,,,0.0
Liechtenstein,2023,1A3E1,ABFLOW033,Coal,,,0.0
Liechtenstein,2023,1A3E1,ABFLOW033,Natural gas,,,0.0
Liechtenstein,2023,1A3E1,ABFLOW033,Oil,,,0.0
Liechtenstein,2023,1A4A,ABFLOW035,Coal,,,0.0
Liechtenstein,2023,1A4A,ABFLOW035,Natural gas,,,0.0
Liechtenstein,2023,1A4A,ABFLOW035,Oil,,,0.0
Liechtenstein,2023,1A4B,ABFLOW034,Coal,,120.75848403824422,120.75848403824422
Liechtenstein,2023,1A4B,ABFLOW034,Natural gas,,120.75848403824422,120.75848403824422
Liechtenstein,2023,1A4B,ABFLOW034,Oil,,120.75848403824422,120.75848403824422
Liechtenstein,2023,1A4C1,ABFLOW036,Coal,,,0.0
Liechtenstein,2023,1A4C1,ABFLOW036,Natural gas,,,0.0
Liechtenstein,2023,1A4C1,ABFLOW036,Oil,,,0.0
Liechtenstein,2023,1A4C2,ABFLOW037,Coal,,,0.0
Liechtenstein,2023,1A4C2,ABFLOW037,Natural gas,,,0.0
Liechtenstein,2023,1A4C2,ABFLOW037,Oil,,,0.0
Liechtenstein,2023,1A5,ABFLOW038,Coal,,,0.0
Liechtenstein,2023,1A5,ABFLOW038,Natural gas,,,0.0
Liechtenstein,2023,1A5,ABFLOW038,Oil,,,0.0
Liechtenstein,2024,1A,ABFLOW001,Coal,,,0.0
Liechtenstein,2024,1A,ABFLOW001,Natural gas,,,0.0
Liechtenstein,2024,1A,ABFLOW001,Oil,,,0.0
Liechtenstein,2024,1A1A,ABFLOW002,Coal,,,0.0
Liechtenstein,2024,1A1A,ABFLOW002,Natural gas,,,0.0
Liechtenstein,2024,1A1A,ABFLOW002,Oil,,,0.0
Liechtenstein,2024,1A1A1,ABFLOW003,Coal,73.77292400672586,,73.77292400672586
Liechtenstein,2024,1A1A1,ABFLOW003,Natural gas,73.77292400672586,,73.77292400672586
Liechtenstein,2024,1A1A1,ABFLOW003,Oil,73.77292400672586,,73.77292400672586
Liechtenstein,2024,1A1A2,ABFLOW004,Coal,73.77292400672586,120.75848403824422,194.53140804497008
Liechtenstein,2024,1A1A2,ABFLOW004,Natural gas,73.77292400672586,120.75848403824422,194.53140804497008
Liechtenstein,2024,1A1A2,ABFLOW004,Oil,73.77292400672586,120.75848403824422,194.53140804497008
Liechtenstein,2024,1A1A3,ABFLOW005,Coal,73.77292400672586,120.75848403824422,194.53140804497008
Liechtenstein,2024,1A1A3,ABFLOW005,Natural gas,73.77292400672586,120.75848403824422,194.53140804497008
Liechtenstein,2024,1A1A3,ABFLOW005,Oil,73.77292400672586,120.75848403824422,194.53140804497008
Liechtenstein,2024,1A1B,ABFLOW011,Coal,73.77292400672586,,73.77292400672586
Liechtenstein,2024,1A1B,ABFLOW011,Natural gas,73.77292400672586,,73.77292400672586
Liechtenstein,2024,1A1B,ABFLOW011,Oil,73.77292400672586,,73.77292400672586
Liechtenstein,2024,1A1C,ABFLOW011,Coal,73.77292400672586,,73.77292400672586
Liechtenstein,2024,1A1C,ABFLOW011,Natural gas,73.77292400672586,,73.77292400672586
Liechtenstein,2024,1A1C,ABFLOW011,Oil,73.77292400672586,,73.77292400672586
Liechtenstein,2024,1A2,ABFLOW012,Coal,,,0.0
Liechtenstein,2024,1A2,ABFLOW012,Natural gas,,,0.0
Liechtenstein,2024,1A2,ABFLOW012,Oil,,,0.0
Liechtenstein,2024,1A2A,ABFLOW016,Coal,73.77292400672586,,73.77292400672586
Liechtenstein,2024,1A2A,ABFLOW016,Natural gas,73.77292400672586,,73.77292400672586
Liechtenstein,2024,1A2A,ABFLOW016,Oil,73.77292400672586,,73.77292400672586
Liechtenstein,2024,1A2B,ABFLOW018,Coal,73.77292400672586,,73.77292400672586
Liechtenstein,2024,1A2B,ABFLOW018,Natural gas,73.77292400672586,,73.77292400672586
Liechtenstein,2024,1A2B,ABFLOW018,Oil,73.77292400672586,,73.77292400672586
Liechtenstein,2024,1A2C,ABFLOW017,Coal,73.77292400672586,,73.77292400672586
Liechtenstein,2024,1A2C,ABFLOW017,Natural gas,73.77292400672586,,73.77292400672586
Liechtenstein,2024,1A2C,ABFLOW017,Oil,73.77292400672586,,73.77292400672586
Liechtenstein,2024,1A2D,ABFLOW023,Coal,73.77292400672586,,73.77292400672586
Liechtenstein,2024,1A2D,ABFLOW023,Natural gas,73.77292400672586,,73.77292400672586
Liechtenstein,2024,1A2D,ABFLOW023,Oil,73.77292400672586,,73.77292400672586
Liechtenstein,2024,1A2E,ABFLOW022,Coal,73.77292400672586,,73.77292400672586
Liechtenstein,2024,1A2E,ABFLOW022,Natural gas,73.77292400672586,,73.77292400672586
Liechtenstein,2024,1A2E,ABFLOW022,Oil,73.77292400672586,,73.77292400672586
Liechtenstein,2024,1A2F,ABFLOW019,Coal,73.77292400672586,,73.77292400672586
Liechtenstein,2024,1A2F,ABFLOW019,Natural gas,73.77292400672586,,73.77292400672586
Liechtenstein,2024,1A2F,ABFLOW019,Oil,73.77292400672586,,73.77292400672586
Liechtenstein,2024,1A2G,ABFLOW020,Coal,73.77292400672586,,73.77292400672586
Liechtenstein,2024,1A2G,ABFLOW020,Natural gas,73.77292400672586,,73.77292400672586
Liechtenstein,2024,1A2G,ABFLOW020,Oil,73.77292400672586,,73.77292400672586
Liechtenstein,2024,1A2H,ABFLOW021,Coal,73.77292400672586,,73.77292400672586
Liechtenstein,2024,1A2H,ABFLOW021,Natural gas,73.77292400672586,,73.77292400672586
Liechtenstein,2024,1A2H,ABFLOW021,Oil,73.77292400672586,,73.77292400672586
Liechtenstein,2024,1A2I,ABFLOW013,Coal,73.77292400672586,,73.77292400672586
Liechtenstein,2024,1A2I,ABFLOW013,Natural gas,73.77292400672586,,73.77292400672586
Liechtenstein,2024,1A2I,ABFLOW013,Oil,73.77292400672586,,73.77292400672586
Liechtenstein,2024,1A2J,ABFLOW024,Coal,73.77292400672586,,73.77292400672586
Liechtenstein,2024,1A2J,ABFLOW024,Natural gas,73.77292400672586,,73.77292400672586
Liechtenstein,2024,1A2J,ABFLOW024,Oil,73.77292400672586,,73.77292400672586
Liechtenstein,2024,1A2K,ABFLOW014,Coal,73.77292400672586,,73.77292400672586
Liechtenstein,2024,1A2K,ABFLOW014,Natural gas,73.77292400672586,,73.77292400672586
Liechtenstein,2024,1A2K,ABFLOW014,Oil,73.77292400672586,,73.77292400672586
Liechtenstein,2024,1A2L,ABFLOW025,Coal,73.77292400672586,,73.77292400672586
Liechtenstein,2024,1A2L,ABFLOW025,Natural gas,73.77292400672586,,73.77292400672586
Liechtenstein,2024,1A2L,ABFLOW025,Oil,73.77292400672586,,73.77292400672586
Liechtenstein,2024,1A2M,ABFLOW026,Coal,73.77292400672586,,73.77292400672586
Liechtenstein,2024,1A2M,ABFLOW026,Natural gas,73.77292400672586,,73.77292400672586
Liechtenstein,2024,1A2M,ABFLOW026,Oil,73.77292400672586,,73.77292400672586
Liechtenstein,2024,1A3,ABFLOW027,Coal,,,0.0
Liechtenstein,2024,1A3,ABFLOW027,Natural gas,,,0.0
Liechtenstein,2024,1A3,ABFLOW027,Oil,,,0.0
Liechtenstein,2024,1A3A1,ABFLOW040,Coal,37.62419124343019,,37.62419124343019
Liechtenstein,2024,1A3A1,ABFLOW040,Natural gas,37.62419124343019,,37.62419124343019
Liechtenstein,2024,1A3A1,ABFLOW040,Oil,37.62419124343019,,37.62419124343019
Liechtenstein,2024,1A3A2,ABFLOW029,Coal,73.77292400672586,,73.77292400672586
Liechtenstein,2024,1A3A2,ABFLOW029,Natural gas,73.77292400672586,,73.77292400672586
Liechtenstein,2024,1A3A2,ABFLOW029,Oil,73.77292400672586,,73.77292400672586
Liechtenstein,2024,1A3B,ABFLOW028,Coal,,,0.0
Liechtenstein,2024,1A3B,ABFLOW028,Natural gas,,,0.0
Liechtenstein,2024,1A3B,ABFLOW028,Oil,,,0.0
Liechtenstein,2024,1A3C,ABFLOW030,Coal,,,0.0
Liechtenstein,2024,1A3C,ABFLOW030,Natural gas,,,0.0
Liechtenstein,2024,1A3C,ABFLOW030,Oil,,,0.0
Liechtenstein,2024,1A3D1,ABFLOW039,Coal,,,0.0
Liechtenstein,2024,1A3D1,ABFLOW039,Natural gas,,,0.0
Liechtenstein,2024,1A3D1,ABFLOW039,Oil,,,0.0
Liechtenstein,2024,1A3D2,ABFLOW032,Coal,73.77292400672586,,73.77292400672586
Liechtenstein,2024,1A3D2,ABFLOW032,Natural gas,73.77292400672586,,73.77292400672586
Liechtenstein,2024,1A3D2,ABFLOW032,Oil,73.77292400672586,,73.77292400672586
Liechtenstein,2024,1A3E1,ABFLOW033,Coal,,,0.0
Liechtenstein,2024,1A3E1,ABFLOW033,Natural gas,,,0.0
Liechtenstein,2024,1A3E1,ABFLOW033,Oil,,,0.0
Liechtenstein,2024,1A4A,ABFLOW035,Coal,,,0.0
Liechtenstein,2024,1A4A,ABFLOW035,Natural gas,,,0.0
Liechtenstein,2024,1A4A,ABFLOW035,Oil,,,0.0
Liechtenstein,2024,1A4B,ABFLOW034,Coal,,120.75848403824422,120.75848403824422
Liechtenstein,2024,1A4B,ABFLOW034,Natural gas,,120.75848403824422,120.75848403824422
Liechtenstein,2024,1A4B,ABFLOW034,Oil,,120.75848403824422,120.75848403824422
Liechtenstein,2024,1A4C1,ABFLOW036,Coal,,,0.0
Liechtenstein,2024,1A4C1,ABFLOW036,Natural gas,,,0.0
Liechtenstein,2024,1A4C1,ABFLOW036,Oil,,,0.0
Liechtenstein,2024,1A4C2,ABFLOW037,Coal,,,0.0
Liechtenstein,2024,1A4C2,ABFLOW037,Natural gas,,,0.0
Liechtenstein,2024,1A4C2,ABFLOW037,Oil,,,0.0
Liechtenstein,2024,1A5,ABFLOW038,Coal,,,0.0
Liechtenstein,2024,1A5,ABFLOW038,Natural gas,,,0.0
Liechtenstein,2024,1A5,ABFLOW038,Oil,,,0.0
Liechtenstein,2025,1A,ABFLOW001,Coal,,,0.0
Liechtenstein,2025,1A,ABFLOW001,Natural gas,,,0.0
Liechtenstein,2025,1A,ABFLOW001,Oil,,,0.0
Liechtenstein,2025,1A1A,ABFLOW002,Coal,,,0.0
Liechtenstein,2025,1A1A,ABFLOW002,Natural gas,,,0.0
Liechtenstein,2025,1A1A,ABFLOW002,Oil,,,0.0
Liechtenstein,2025,1A1A1,ABFLOW003,Coal,82.28824533220553,,82.28824533220553
Liechtenstein,2025,1A1A1,ABFLOW003,Natural gas,82.28824533220553,,82.28824533220553
Liechtenstein,2025,1A1A1,ABFLOW003,Oil,82.28824533220553,,82.28824533220553
Liechtenstein,2025,1A1A2,ABFLOW004,Coal,82.28824533220553,136.42704393291882,218.71528926512434
Liechtenstein,2025,1A1A2,ABFLOW004,Natural gas,82.28824533220553,136.42704393291882,218.71528926512434
Liechtenstein,2025,1A1A2,ABFLOW004,Oil,82.28824533220553,136.42704393291882,218.71528926512434
Liechtenstein,2025,1A1A3,ABFLOW005,Coal,82.28824533220553,136.42704393291882,218.71528926512434
Liechtenstein,2025,1A1A3,ABFLOW005,Natural gas,82.28824533220553,136.42704393291882,218.71528926512434
Liechtenstein,2025,1A1A3,ABFLOW005,Oil,82.28824533220553,136.42704393291882,218.71528926512434
Liechtenstein,2025,1A1B,ABFLOW011,Coal,82.28824533220553,,82.28824533220553
Liechtenstein,2025,1A1B,ABFLOW011,Natural gas,82.28824533220553,,82.28824533220553
Liechtenstein,2025,1A1B,ABFLOW011,Oil,82.28824533220553,,82.28824533220553
Liechtenstein,2025,1A1C,ABFLOW011,Coal,82.28824533220553,,82.28824533220553
Liechtenstein,2025,1A1C,ABFLOW011,Natural gas,82.28824533220553,,82.28824533220553
Liechtenstein,2025,1A1C,ABFLOW011,Oil,82.28824533220553,,82.28824533220553
Liechtenstein,2025,1A2,ABFLOW012,Coal,,,0.0
Liechtenstein,2025,1A2,ABFLOW012,Natural gas,,,0.0
Liechtenstein,2025,1A2,ABFLOW012,Oil,,,0.0
Liechtenstein,2025,1A2A,ABFLOW016,Coal,82.28824533220553,,82.28824533220553
Liechtenstein,2025,1A2A,ABFLOW016,Natural gas,82.28824533220553,,82.28824533220553
Liechtenstein,2025,1A2A,ABFLOW016,Oil,82.28824533220553,,82.28824533220553
Liechtenstein,2025,1A2B,ABFLOW018,Coal,82.28824533220553,,82.28824533220553
Liechtenstein,2025,1A2B,ABFLOW018,Natural gas,82.28824533220553,,82.28824533220553
Liechtenstein,2025,1A2B,ABFLOW018,Oil,82.28824533220553,,82.28824533220553
Liechtenstein,2025,1A2C,ABFLOW017,Coal,82.28824533220553,,82.28824533220553
Liechtenstein,2025,1A2C,ABFLOW017,Natural gas,82.28824533220553,,82.28824533220553
Liechtenstein,2025,1A2C,ABFLOW017,Oil,82.28824533220553,,82.28824533220553
Liechtenstein,2025,1A2D,ABFLOW023,Coal,82.28824533220553,,82.28824533220553
Liechtenstein,2025,1A2D,ABFLOW023,Natural gas,82.28824533220553,,82.28824533220553
Liechtenstein,2025,1A2D,ABFLOW023,Oil,82.28824533220553,,82.28824533220553
Liechtenstein,2025,1A2E,ABFLOW022,Coal,82.28824533220553,,82.28824533220553
Liechtenstein,2025,1A2E,ABFLOW022,Natural gas,82.28824533220553,,82.28824533220553
Liechtenstein,2025,1A2E,ABFLOW022,Oil,82.28824533220553,,82.28824533220553
Liechtenstein,2025,1A2F,ABFLOW019,Coal,82.28824533220553,,82.28824533220553
Liechtenstein,2025,1A2F,ABFLOW019,Natural gas,82.28824533220553,,82.28824533220553
Liechtenstein,2025,1A2F,ABFLOW019,Oil,82.28824533220553,,82.28824533220553
Liechtenstein,2025,1A2G,ABFLOW020,Coal,82.28824533220553,,82.28824533220553
Liechtenstein,2025,1A2G,ABFLOW020,Natural gas,82.28824533220553,,82.28824533220553
Liechtenstein,2025,1A2G,ABFLOW020,Oil,82.28824533220553,,82.28824533220553
Liechtenstein,2025,1A2H,ABFLOW021,Coal,82.28824533220553,,82.28824533220553
Liechtenstein,2025,1A2H,ABFLOW021,Natural gas,82.28824533220553,,82.28824533220553
Liechtenstein,2025,1A2H,ABFLOW021,Oil,82.28824533220553,,82.28824533220553
Liechtenstein,2025,1A2I,ABFLOW013,Coal,82.28824533220553,,82.28824533220553
Liechtenstein,2025,1A2I,ABFLOW013,Natural gas,82.28824533220553,,82.28824533220553
Liechtenstein,2025,1A2I,ABFLOW013,Oil,82.28824533220553,,82.28824533220553
Liechtenstein,2025,1A2J,ABFLOW024,Coal,82.28824533220553,,82.28824533220553
Liechtenstein,2025,1A2J,ABFLOW024,Natural gas,82.28824533220553,,82.28824533220553
Liechtenstein,2025,1A2J,ABFLOW024,Oil,82.28824533220553,,82.28824533220553
Liechtenstein,2025,1A2K,ABFLOW014,Coal,82.28824533220553,,82.28824533220553
Liechtenstein,2025,1A2K,ABFLOW014,Natural gas,82.28824533220553,,82.28824533220553
Liechtenstein,2025,1A2K,ABFLOW014,Oil,82.28824533220553,,82.28824533220553
Liechtenstein,2025,1A2L,ABFLOW025,Coal,82.28824533220553,,82.28824533220553
Liechtenstein,2025,1A2L,ABFLOW025,Natural gas,82.28824533220553,,82.28824533220553
Liechtenstein,2025,1A2L,ABFLOW025,Oil,82.28824533220553,,82.28824533220553
Liechtenstein,2025,1A2M,ABFLOW026,Coal,82.28824533220553,,82.28824533220553
Liechtenstein,2025,1A2M,ABFLOW026,Natural gas,82.28824533220553,,82.28824533220553
Liechtenstein,2025,1A2M,ABFLOW026,Oil,82.28824533220553,,82.28824533220553
Liechtenstein,2025,1A3,ABFLOW027,Coal,,,0.0
Liechtenstein,2025,1A3,ABFLOW027,Natural gas,,,0.0
Liechtenstein,2025,1A3,ABFLOW027,Oil,,,0.0
Liechtenstein,2025,1A3A1,ABFLOW040,Coal,82.28824533220553,,82.28824533220553
Liechtenstein,2025,1A3A1,ABFLOW040,Natural gas,82.28824533220553,,82.28824533220553
Liechtenstein,2025,1A3A1,ABFLOW040,Oil,82.28824533220553,,82.28824533220553
Liechtenstein,2025,1A3A2,ABFLOW029,Coal,82.28824533220553,,82.28824533220553
Liechtenstein,2025,1A3A2,ABFLOW029,Natural gas,82.28824533220553,,82.28824533220553
Liechtenstein,2025,1A3A2,ABFLOW029,Oil,82.28824533220553,,82.28824533220553
Liechtenstein,2025,1A3B,ABFLOW028,Coal,,,0.0
Liechtenstein,2025,1A3B,ABFLOW028,Natural gas,,,0.0
Liechtenstein,2025,1A3B,ABFLOW028,Oil,,,0.0
Liechtenstein,2025,1A3C,ABFLOW030,Coal,,,0.0
Liechtenstein,2025,1A3C,ABFLOW030,Natural gas,,,0.0
Liechtenstein,2025,1A3C,ABFLOW030,Oil,,,0.0
Liechtenstein,2025,1A3D1,ABFLOW039,Coal,,,0.0
Liechtenstein,2025,1A3D1,ABFLOW039,Natural gas,,,0.0
Liechtenstein,2025,1A3D1,ABFLOW039,Oil,,,0.0
Liechtenstein,2025,1A3D2,ABFLOW032,Coal,82.28824533220553,,82.28824533220553
Liechtenstein,2025,1A3D2,ABFLOW032,Natural gas,82.28824533220553,,82.28824533220553
Liechtenstein,2025,1A3D2,ABFLOW032,Oil,82.28824533220553,,82.28824533220553
Liechtenstein,2025,1A3E1,ABFLOW033,Coal,,,0.0
Liechtenstein,2025,1A3E1,ABFLOW033,Natural gas,,,0.0
Liechtenstein,2025,1A3E1,ABFLOW033,Oil,,,0.0
Liechtenstein,2025,1A4A,ABFLOW035,Coal,,,0.0
Liechtenstein,2025,1A4A,ABFLOW035,Natural gas,,,0.0
Liechtenstein,2025,1A4A,ABFLOW035,Oil,,,0.0
Liechtenstein,2025,1A4B,ABFLOW034,Coal,,136.42704393291882,136.42704393291882
Liechtenstein,2025,1A4B,ABFLOW034,Natural gas,,136.42704393291882,136.42704393291882
Liechtenstein,2025,1A4B,ABFLOW034,Oil,,136.42704393291882,136.42704393291882
Liechtenstein,2025,1A4C1,ABFLOW036,Coal,,,0.0
Liechtenstein,2025,1A4C1,ABFLOW036,Natural gas,,,0.0
Liechtenstein,2025,1A4C1,ABFLOW036,Oil,,,0.0
Liechtenstein,2025,1A4C2,ABFLOW037,Coal,,,0.0
Liechtenstein,2025,1A4C2,ABFLOW037,Natural gas,,,0.0
Liechtenstein,2025,1A4C2,ABFLOW037,Oil,,,0.0
Liechtenstein,2025,1A5,ABFLOW038,Coal,,,0.0
Liechtenstein,2025,1A5,ABFLOW038,Natural gas,,,0.0
Liechtenstein,2025,1A5,ABFLOW038,Oil,,,0.0
