jurisdiction,year,ipcc_code,iea_code,Product,ets_price_usd_k,tax_rate_incl_ex_usd_k,all_inst_usd_k
Iceland,1989,1A,ABFLOW001,Coal,,,0.0
Iceland,1989,1A,ABFLOW001,Natural gas,,,0.0
Iceland,1989,1A,ABFLOW001,Oil,,,0.0
Iceland,1989,1A1A,ABFLOW002,Coal,,,0.0
Iceland,1989,1A1A,ABFLOW002,Natural gas,,,0.0
Iceland,1989,1A1A,ABFLOW002,Oil,,,0.0
Iceland,1989,1A1A1,ABFLOW003,Coal,,,0.0
Iceland,1989,1A1A1,ABFLOW003,Natural gas,,,0.0
Iceland,1989,1A1A1,ABFLOW003,Oil,,,0.0
Iceland,1989,1A1A2,ABFLOW004,Coal,,,0.0
Iceland,1989,1A1A2,ABFLOW004,Natural gas,,,0.0
Iceland,1989,1A1A2,ABFLOW004,Oil,,,0.0
Iceland,1989,1A1A3,ABFLOW005,Coal,,,0.0
Iceland,1989,1A1A3,ABFLOW005,Natural gas,,,0.0
Iceland,1989,1A1A3,ABFLOW005,Oil,,,0.0
Iceland,1989,1A1B,ABFLOW011,Coal,,,0.0
Iceland,1989,1A1B,ABFLOW011,Natural gas,,,0.0
Iceland,1989,1A1B,ABFLOW011,Oil,,,0.0
Iceland,1989,1A1C,ABFLOW011,Coal,,,0.0
Iceland,1989,1A1C,ABFLOW011,Natural gas,,,0.0
Iceland,1989,1A1C,ABFLOW011,Oil,,,0.0
Iceland,1989,1A2,ABFLOW012,Coal,,,0.0
Iceland,1989,1A2,ABFLOW012,Natural gas,,,0.0
Iceland,1989,1A2,ABFLOW012,Oil,,,0.0
Iceland,1989,1A2A,ABFLOW016,Coal,,,0.0
Iceland,1989,1A2A,ABFLOW016,Natural gas,,,0.0
Iceland,1989,1A2A,ABFLOW016,Oil,,,0.0
Iceland,1989,1A2B,ABFLOW018,Coal,,,0.0
Iceland,1989,1A2B,ABFLOW018,Natural gas,,,0.0
Iceland,1989,1A2B,ABFLOW018,Oil,,,0.0
Iceland,1989,1A2C,ABFLOW017,Coal,,,0.0
Iceland,1989,1A2C,ABFLOW017,Natural gas,,,0.0
Iceland,1989,1A2C,ABFLOW017,Oil,,,0.0
Iceland,1989,1A2D,ABFLOW023,Coal,,,0.0
Iceland,1989,1A2D,ABFLOW023,Natural gas,,,0.0
Iceland,1989,1A2D,ABFLOW023,Oil,,,0.0
Iceland,1989,1A2E,ABFLOW022,Coal,,,0.0
Iceland,1989,1A2E,ABFLOW022,Natural gas,,,0.0
Iceland,1989,1A2E,ABFLOW022,Oil,,,0.0
Iceland,1989,1A2F,ABFLOW019,Coal,,,0.0
Iceland,1989,1A2F,ABFLOW019,Natural gas,,,0.0
Iceland,1989,1A2F,ABFLOW019,Oil,,,0.0
Iceland,1989,1A2G,ABFLOW020,Coal,,,0.0
Iceland,1989,1A2G,ABFLOW020,Natural gas,,,0.0
Iceland,1989,1A2G,ABFLOW020,Oil,,,0.0
Iceland,1989,1A2H,ABFLOW021,Coal,,,0.0
Iceland,1989,1A2H,ABFLOW021,Natural gas,,,0.0
Iceland,1989,1A2H,ABFLOW021,Oil,,,0.0
Iceland,1989,1A2I,ABFLOW013,Coal,,,0.0
Iceland,1989,1A2I,ABFLOW013,Natural gas,,,0.0
Iceland,1989,1A2I,ABFLOW013,Oil,,,0.0
Iceland,1989,1A2J,ABFLOW024,Coal,,,0.0
Iceland,1989,1A2J,ABFLOW024,Natural gas,,,0.0
Iceland,1989,1A2J,ABFLOW024,Oil,,,0.0
Iceland,1989,1A2K,ABFLOW014,Coal,,,0.0
Iceland,1989,1A2K,ABFLOW014,Natural gas,,,0.0
Iceland,1989,1A2K,ABFLOW014,Oil,,,0.0
Iceland,1989,1A2L,ABFLOW025,Coal,,,0.0
Iceland,1989,1A2L,ABFLOW025,Natural gas,,,0.0
Iceland,1989,1A2L,ABFLOW025,Oil,,,0.0
Iceland,1989,1A2M,ABFLOW026,Coal,,,0.0
Iceland,1989,1A2M,ABFLOW026,Natural gas,,,0.0
Iceland,1989,1A2M,ABFLOW026,Oil,,,0.0
Iceland,1989,1A3,ABFLOW027,Coal,,,0.0
Iceland,1989,1A3,ABFLOW027,Natural gas,,,0.0
Iceland,1989,1A3,ABFLOW027,Oil,,,0.0
Iceland,1989,1A3A1,ABFLOW040,Coal,,,0.0
Iceland,1989,1A3A1,ABFLOW040,Natural gas,,,0.0
Iceland,1989,1A3A1,ABFLOW040,Oil,,,0.0
Iceland,1989,1A3A2,ABFLOW029,Coal,,,0.0
Iceland,1989,1A3A2,ABFLOW029,Natural gas,,,0.0
Iceland,1989,1A3A2,ABFLOW029,Oil,,,0.0
Iceland,1989,1A3B,ABFLOW028,Coal,,,0.0
Iceland,1989,1A3B,ABFLOW028,Natural gas,,,0.0
Iceland,1989,1A3B,ABFLOW028,Oil,,,0.0
Iceland,1989,1A3C,ABFLOW030,Coal,,,0.0
Iceland,1989,1A3C,ABFLOW030,Natural gas,,,0.0
Iceland,1989,1A3C,ABFLOW030,Oil,,,0.0
Iceland,1989,1A3D1,ABFLOW039,Coal,,,0.0
Iceland,1989,1A3D1,ABFLOW039,Natural gas,,,0.0
Iceland,1989,1A3D1,ABFLOW039,Oil,,,0.0
Iceland,1989,1A3D2,ABFLOW032,Coal,,,0.0
Iceland,1989,1A3D2,ABFLOW032,Natural gas,,,0.0
Iceland,1989,1A3D2,ABFLOW032,Oil,,,0.0
Iceland,1989,1A3E1,ABFLOW033,Coal,,,0.0
Iceland,1989,1A3E1,ABFLOW033,Natural gas,,,0.0
Iceland,1989,1A3E1,ABFLOW033,Oil,,,0.0
Iceland,1989,1A4A,ABFLOW035,Coal,,,0.0
Iceland,1989,1A4A,ABFLOW035,Natural gas,,,0.0
Iceland,1989,1A4A,ABFLOW035,Oil,,,0.0
Iceland,1989,1A4B,ABFLOW034,Coal,,,0.0
Iceland,1989,1A4B,ABFLOW034,Natural gas,,,0.0
Iceland,1989,1A4B,ABFLOW034,Oil,,,0.0
Iceland,1989,1A4C1,ABFLOW036,Coal,,,0.0
Iceland,1989,1A4C1,ABFLOW036,Natural gas,,,0.0
Iceland,1989,1A4C1,ABFLOW036,Oil,,,0.0
Iceland,1989,1A4C2,ABFLOW037,Coal,,,0.0
Iceland,1989,1A4C2,ABFLOW037,Natural gas,,,0.0
Iceland,1989,1A4C2,ABFLOW037,Oil,,,0.0
Iceland,1989,1A5,ABFLOW038,Coal,,,0.0
Iceland,1989,1A5,ABFLOW038,Natural gas,,,0.0
Iceland,1989,1A5,ABFLOW038,Oil,,,0.0
Iceland,1990,1A,ABFLOW001,Coal,,,0.0
Iceland,1990,1A,ABFLOW001,Natural gas,,,0.0
Iceland,1990,1A,ABFLOW001,Oil,,,0.0
Iceland,1990,1A1A,ABFLOW002,Coal,,,0.0
Iceland,1990,1A1A,ABFLOW002,Natural gas,,,0.0
Iceland,1990,1A1A,ABFLOW002,Oil,,,0.0
Iceland,1990,1A1A1,ABFLOW003,Coal,,,0.0
Iceland,1990,1A1A1,ABFLOW003,Natural gas,,,0.0
Iceland,1990,1A1A1,ABFLOW003,Oil,,,0.0
Iceland,1990,1A1A2,ABFLOW004,Coal,,,0.0
Iceland,1990,1A1A2,ABFLOW004,Natural gas,,,0.0
Iceland,1990,1A1A2,ABFLOW004,Oil,,,0.0
Iceland,1990,1A1A3,ABFLOW005,Coal,,,0.0
Iceland,1990,1A1A3,ABFLOW005,Natural gas,,,0.0
Iceland,1990,1A1A3,ABFLOW005,Oil,,,0.0
Iceland,1990,1A1B,ABFLOW011,Coal,,,0.0
Iceland,1990,1A1B,ABFLOW011,Natural gas,,,0.0
Iceland,1990,1A1B,ABFLOW011,Oil,,,0.0
Iceland,1990,1A1C,ABFLOW011,Coal,,,0.0
Iceland,1990,1A1C,ABFLOW011,Natural gas,,,0.0
Iceland,1990,1A1C,ABFLOW011,Oil,,,0.0
Iceland,1990,1A2,ABFLOW012,Coal,,,0.0
Iceland,1990,1A2,ABFLOW012,Natural gas,,,0.0
Iceland,1990,1A2,ABFLOW012,Oil,,,0.0
Iceland,1990,1A2A,ABFLOW016,Coal,,,0.0
Iceland,1990,1A2A,ABFLOW016,Natural gas,,,0.0
Iceland,1990,1A2A,ABFLOW016,Oil,,,0.0
Iceland,1990,1A2B,ABFLOW018,Coal,,,0.0
Iceland,1990,1A2B,ABFLOW018,Natural gas,,,0.0
Iceland,1990,1A2B,ABFLOW018,Oil,,,0.0
Iceland,1990,1A2C,ABFLOW017,Coal,,,0.0
Iceland,1990,1A2C,ABFLOW017,Natural gas,,,0.0
Iceland,1990,1A2C,ABFLOW017,Oil,,,0.0
Iceland,1990,1A2D,ABFLOW023,Coal,,,0.0
Iceland,1990,1A2D,ABFLOW023,Natural gas,,,0.0
Iceland,1990,1A2D,ABFLOW023,Oil,,,0.0
Iceland,1990,1A2E,ABFLOW022,Coal,,,0.0
Iceland,1990,1A2E,ABFLOW022,Natural gas,,,0.0
Iceland,1990,1A2E,ABFLOW022,Oil,,,0.0
Iceland,1990,1A2F,ABFLOW019,Coal,,,0.0
Iceland,1990,1A2F,ABFLOW019,Natural gas,,,0.0
Iceland,1990,1A2F,ABFLOW019,Oil,,,0.0
Iceland,1990,1A2G,ABFLOW020,Coal,,,0.0
Iceland,1990,1A2G,ABFLOW020,Natural gas,,,0.0
Iceland,1990,1A2G,ABFLOW020,Oil,,,0.0
Iceland,1990,1A2H,ABFLOW021,Coal,,,0.0
Iceland,1990,1A2H,ABFLOW021,Natural gas,,,0.0
Iceland,1990,1A2H,ABFLOW021,Oil,,,0.0
Iceland,1990,1A2I,ABFLOW013,Coal,,,0.0
Iceland,1990,1A2I,ABFLOW013,Natural gas,,,0.0
Iceland,1990,1A2I,ABFLOW013,Oil,,,0.0
Iceland,1990,1A2J,ABFLOW024,Coal,,,0.0
Iceland,1990,1A2J,ABFLOW024,Natural gas,,,0.0
Iceland,1990,1A2J,ABFLOW024,Oil,,,0.0
Iceland,1990,1A2K,ABFLOW014,Coal,,,0.0
Iceland,1990,1A2K,ABFLOW014,Natural gas,,,0.0
Iceland,1990,1A2K,ABFLOW014,Oil,,,0.0
Iceland,1990,1A2L,ABFLOW025,Coal,,,0.0
Iceland,1990,1A2L,ABFLOW025,Natural gas,,,0.0
Iceland,1990,1A2L,ABFLOW025,Oil,,,0.0
Iceland,1990,1A2M,ABFLOW026,Coal,,,0.0
Iceland,1990,1A2M,ABFLOW026,Natural gas,,,0.0
Iceland,1990,1A2M,ABFLOW026,Oil,,,0.0
Iceland,1990,1A3,ABFLOW027,Coal,,,0.0
Iceland,1990,1A3,ABFLOW027,Natural gas,,,0.0
Iceland,1990,1A3,ABFLOW027,Oil,,,0.0
Iceland,1990,1A3A1,ABFLOW040,Coal,,,0.0
Iceland,1990,1A3A1,ABFLOW040,Natural gas,,,0.0
Iceland,1990,1A3A1,ABFLOW040,Oil,,,0.0
Iceland,1990,1A3A2,ABFLOW029,Coal,,,0.0
Iceland,1990,1A3A2,ABFLOW029,Natural gas,,,0.0
Iceland,1990,1A3A2,ABFLOW029,Oil,,,0.0
Iceland,1990,1A3B,ABFLOW028,Coal,,,0.0
Iceland,1990,1A3B,ABFLOW028,Natural gas,,,0.0
Iceland,1990,1A3B,ABFLOW028,Oil,,,0.0
Iceland,1990,1A3C,ABFLOW030,Coal,,,0.0
Iceland,1990,1A3C,ABFLOW030,Natural gas,,,0.0
Iceland,1990,1A3C,ABFLOW030,Oil,,,0.0
Iceland,1990,1A3D1,ABFLOW039,Coal,,,0.0
Iceland,1990,1A3D1,ABFLOW039,Natural gas,,,0.0
Iceland,1990,1A3D1,ABFLOW039,Oil,,,0.0
Iceland,1990,1A3D2,ABFLOW032,Coal,,,0.0
Iceland,1990,1A3D2,ABFLOW032,Natural gas,,,0.0
Iceland,1990,1A3D2,ABFLOW032,Oil,,,0.0
Iceland,1990,1A3E1,ABFLOW033,Coal,,,0.0
Iceland,1990,1A3E1,ABFLOW033,Natural gas,,,0.0
Iceland,1990,1A3E1,ABFLOW033,Oil,,,0.0
Iceland,1990,1A4A,ABFLOW035,Coal,,,0.0
Iceland,1990,1A4A,ABFLOW035,Natural gas,,,0.0
Iceland,1990,1A4A,ABFLOW035,Oil,,,0.0
Iceland,1990,1A4B,ABFLOW034,Coal,,,0.0
Iceland,1990,1A4B,ABFLOW034,Natural gas,,,0.0
Iceland,1990,1A4B,ABFLOW034,Oil,,,0.0
Iceland,1990,1A4C1,ABFLOW036,Coal,,,0.0
Iceland,1990,1A4C1,ABFLOW036,Natural gas,,,0.0
Iceland,1990,1A4C1,ABFLOW036,Oil,,,0.0
Iceland,1990,1A4C2,ABFLOW037,Coal,,,0.0
Iceland,1990,1A4C2,ABFLOW037,Natural gas,,,0.0
Iceland,1990,1A4C2,ABFLOW037,Oil,,,0.0
Iceland,1990,1A5,ABFLOW038,Coal,,,0.0
Iceland,1990,1A5,ABFLOW038,Natural gas,,,0.0
Iceland,1990,1A5,ABFLOW038,Oil,,,0.0
Iceland,1991,1A,ABFLOW001,Coal,,,0.0
Iceland,1991,1A,ABFLOW001,Natural gas,,,0.0
Iceland,1991,1A,ABFLOW001,Oil,,,0.0
Iceland,1991,1A1A,ABFLOW002,Coal,,,0.0
Iceland,1991,1A1A,ABFLOW002,Natural gas,,,0.0
Iceland,1991,1A1A,ABFLOW002,Oil,,,0.0
Iceland,1991,1A1A1,ABFLOW003,Coal,,,0.0
Iceland,1991,1A1A1,ABFLOW003,Natural gas,,,0.0
Iceland,1991,1A1A1,ABFLOW003,Oil,,,0.0
Iceland,1991,1A1A2,ABFLOW004,Coal,,,0.0
Iceland,1991,1A1A2,ABFLOW004,Natural gas,,,0.0
Iceland,1991,1A1A2,ABFLOW004,Oil,,,0.0
Iceland,1991,1A1A3,ABFLOW005,Coal,,,0.0
Iceland,1991,1A1A3,ABFLOW005,Natural gas,,,0.0
Iceland,1991,1A1A3,ABFLOW005,Oil,,,0.0
Iceland,1991,1A1B,ABFLOW011,Coal,,,0.0
Iceland,1991,1A1B,ABFLOW011,Natural gas,,,0.0
Iceland,1991,1A1B,ABFLOW011,Oil,,,0.0
Iceland,1991,1A1C,ABFLOW011,Coal,,,0.0
Iceland,1991,1A1C,ABFLOW011,Natural gas,,,0.0
Iceland,1991,1A1C,ABFLOW011,Oil,,,0.0
Iceland,1991,1A2,ABFLOW012,Coal,,,0.0
Iceland,1991,1A2,ABFLOW012,Natural gas,,,0.0
Iceland,1991,1A2,ABFLOW012,Oil,,,0.0
Iceland,1991,1A2A,ABFLOW016,Coal,,,0.0
Iceland,1991,1A2A,ABFLOW016,Natural gas,,,0.0
Iceland,1991,1A2A,ABFLOW016,Oil,,,0.0
Iceland,1991,1A2B,ABFLOW018,Coal,,,0.0
Iceland,1991,1A2B,ABFLOW018,Natural gas,,,0.0
Iceland,1991,1A2B,ABFLOW018,Oil,,,0.0
Iceland,1991,1A2C,ABFLOW017,Coal,,,0.0
Iceland,1991,1A2C,ABFLOW017,Natural gas,,,0.0
Iceland,1991,1A2C,ABFLOW017,Oil,,,0.0
Iceland,1991,1A2D,ABFLOW023,Coal,,,0.0
Iceland,1991,1A2D,ABFLOW023,Natural gas,,,0.0
Iceland,1991,1A2D,ABFLOW023,Oil,,,0.0
Iceland,1991,1A2E,ABFLOW022,Coal,,,0.0
Iceland,1991,1A2E,ABFLOW022,Natural gas,,,0.0
Iceland,1991,1A2E,ABFLOW022,Oil,,,0.0
Iceland,1991,1A2F,ABFLOW019,Coal,,,0.0
Iceland,1991,1A2F,ABFLOW019,Natural gas,,,0.0
Iceland,1991,1A2F,ABFLOW019,Oil,,,0.0
Iceland,1991,1A2G,ABFLOW020,Coal,,,0.0
Iceland,1991,1A2G,ABFLOW020,Natural gas,,,0.0
Iceland,1991,1A2G,ABFLOW020,Oil,,,0.0
Iceland,1991,1A2H,ABFLOW021,Coal,,,0.0
Iceland,1991,1A2H,ABFLOW021,Natural gas,,,0.0
Iceland,1991,1A2H,ABFLOW021,Oil,,,0.0
Iceland,1991,1A2I,ABFLOW013,Coal,,,0.0
Iceland,1991,1A2I,ABFLOW013,Natural gas,,,0.0
Iceland,1991,1A2I,ABFLOW013,Oil,,,0.0
Iceland,1991,1A2J,ABFLOW024,Coal,,,0.0
Iceland,1991,1A2J,ABFLOW024,Natural gas,,,0.0
Iceland,1991,1A2J,ABFLOW024,Oil,,,0.0
Iceland,1991,1A2K,ABFLOW014,Coal,,,0.0
Iceland,1991,1A2K,ABFLOW014,Natural gas,,,0.0
Iceland,1991,1A2K,ABFLOW014,Oil,,,0.0
Iceland,1991,1A2L,ABFLOW025,Coal,,,0.0
Iceland,1991,1A2L,ABFLOW025,Natural gas,,,0.0
Iceland,1991,1A2L,ABFLOW025,Oil,,,0.0
Iceland,1991,1A2M,ABFLOW026,Coal,,,0.0
Iceland,1991,1A2M,ABFLOW026,Natural gas,,,0.0
Iceland,1991,1A2M,ABFLOW026,Oil,,,0.0
Iceland,1991,1A3,ABFLOW027,Coal,,,0.0
Iceland,1991,1A3,ABFLOW027,Natural gas,,,0.0
Iceland,1991,1A3,ABFLOW027,Oil,,,0.0
Iceland,1991,1A3A1,ABFLOW040,Coal,,,0.0
Iceland,1991,1A3A1,ABFLOW040,Natural gas,,,0.0
Iceland,1991,1A3A1,ABFLOW040,Oil,,,0.0
Iceland,1991,1A3A2,ABFLOW029,Coal,,,0.0
Iceland,1991,1A3A2,ABFLOW029,Natural gas,,,0.0
Iceland,1991,1A3A2,ABFLOW029,Oil,,,0.0
Iceland,1991,1A3B,ABFLOW028,Coal,,,0.0
Iceland,1991,1A3B,ABFLOW028,Natural gas,,,0.0
Iceland,1991,1A3B,ABFLOW028,Oil,,,0.0
Iceland,1991,1A3C,ABFLOW030,Coal,,,0.0
Iceland,1991,1A3C,ABFLOW030,Natural gas,,,0.0
Iceland,1991,1A3C,ABFLOW030,Oil,,,0.0
Iceland,1991,1A3D1,ABFLOW039,Coal,,,0.0
Iceland,1991,1A3D1,ABFLOW039,Natural gas,,,0.0
Iceland,1991,1A3D1,ABFLOW039,Oil,,,0.0
Iceland,1991,1A3D2,ABFLOW032,Coal,,,0.0
Iceland,1991,1A3D2,ABFLOW032,Natural gas,,,0.0
Iceland,1991,1A3D2,ABFLOW032,Oil,,,0.0
Iceland,1991,1A3E1,ABFLOW033,Coal,,,0.0
Iceland,1991,1A3E1,ABFLOW033,Natural gas,,,0.0
Iceland,1991,1A3E1,ABFLOW033,Oil,,,0.0
Iceland,1991,1A4A,ABFLOW035,Coal,,,0.0
Iceland,1991,1A4A,ABFLOW035,Natural gas,,,0.0
Iceland,1991,1A4A,ABFLOW035,Oil,,,0.0
Iceland,1991,1A4B,ABFLOW034,Coal,,,0.0
Iceland,1991,1A4B,ABFLOW034,Natural gas,,,0.0
Iceland,1991,1A4B,ABFLOW034,Oil,,,0.0
Iceland,1991,1A4C1,ABFLOW036,Coal,,,0.0
Iceland,1991,1A4C1,ABFLOW036,Natural gas,,,0.0
Iceland,1991,1A4C1,ABFLOW036,Oil,,,0.0
Iceland,1991,1A4C2,ABFLOW037,Coal,,,0.0
Iceland,1991,1A4C2,ABFLOW037,Natural gas,,,0.0
Iceland,1991,1A4C2,ABFLOW037,Oil,,,0.0
Iceland,1991,1A5,ABFLOW038,Coal,,,0.0
Iceland,1991,1A5,ABFLOW038,Natural gas,,,0.0
Iceland,1991,1A5,ABFLOW038,Oil,,,0.0
Iceland,1992,1A,ABFLOW001,Coal,,,0.0
Iceland,1992,1A,ABFLOW001,Natural gas,,,0.0
Iceland,1992,1A,ABFLOW001,Oil,,,0.0
Iceland,1992,1A1A,ABFLOW002,Coal,,,0.0
Iceland,1992,1A1A,ABFLOW002,Natural gas,,,0.0
Iceland,1992,1A1A,ABFLOW002,Oil,,,0.0
Iceland,1992,1A1A1,ABFLOW003,Coal,,,0.0
Iceland,1992,1A1A1,ABFLOW003,Natural gas,,,0.0
Iceland,1992,1A1A1,ABFLOW003,Oil,,,0.0
Iceland,1992,1A1A2,ABFLOW004,Coal,,,0.0
Iceland,1992,1A1A2,ABFLOW004,Natural gas,,,0.0
Iceland,1992,1A1A2,ABFLOW004,Oil,,,0.0
Iceland,1992,1A1A3,ABFLOW005,Coal,,,0.0
Iceland,1992,1A1A3,ABFLOW005,Natural gas,,,0.0
Iceland,1992,1A1A3,ABFLOW005,Oil,,,0.0
Iceland,1992,1A1B,ABFLOW011,Coal,,,0.0
Iceland,1992,1A1B,ABFLOW011,Natural gas,,,0.0
Iceland,1992,1A1B,ABFLOW011,Oil,,,0.0
Iceland,1992,1A1C,ABFLOW011,Coal,,,0.0
Iceland,1992,1A1C,ABFLOW011,Natural gas,,,0.0
Iceland,1992,1A1C,ABFLOW011,Oil,,,0.0
Iceland,1992,1A2,ABFLOW012,Coal,,,0.0
Iceland,1992,1A2,ABFLOW012,Natural gas,,,0.0
Iceland,1992,1A2,ABFLOW012,Oil,,,0.0
Iceland,1992,1A2A,ABFLOW016,Coal,,,0.0
Iceland,1992,1A2A,ABFLOW016,Natural gas,,,0.0
Iceland,1992,1A2A,ABFLOW016,Oil,,,0.0
Iceland,1992,1A2B,ABFLOW018,Coal,,,0.0
Iceland,1992,1A2B,ABFLOW018,Natural gas,,,0.0
Iceland,1992,1A2B,ABFLOW018,Oil,,,0.0
Iceland,1992,1A2C,ABFLOW017,Coal,,,0.0
Iceland,1992,1A2C,ABFLOW017,Natural gas,,,0.0
Iceland,1992,1A2C,ABFLOW017,Oil,,,0.0
Iceland,1992,1A2D,ABFLOW023,Coal,,,0.0
Iceland,1992,1A2D,ABFLOW023,Natural gas,,,0.0
Iceland,1992,1A2D,ABFLOW023,Oil,,,0.0
Iceland,1992,1A2E,ABFLOW022,Coal,,,0.0
Iceland,1992,1A2E,ABFLOW022,Natural gas,,,0.0
Iceland,1992,1A2E,ABFLOW022,Oil,,,0.0
Iceland,1992,1A2F,ABFLOW019,Coal,,,0.0
Iceland,1992,1A2F,ABFLOW019,Natural gas,,,0.0
Iceland,1992,1A2F,ABFLOW019,Oil,,,0.0
Iceland,1992,1A2G,ABFLOW020,Coal,,,0.0
Iceland,1992,1A2G,ABFLOW020,Natural gas,,,0.0
Iceland,1992,1A2G,ABFLOW020,Oil,,,0.0
Iceland,1992,1A2H,ABFLOW021,Coal,,,0.0
Iceland,1992,1A2H,ABFLOW021,Natural gas,,,0.0
Iceland,1992,1A2H,ABFLOW021,Oil,,,0.0
Iceland,1992,1A2I,ABFLOW013,Coal,,,0.0
Iceland,1992,1A2I,ABFLOW013,Natural gas,,,0.0
Iceland,1992,1A2I,ABFLOW013,Oil,,,0.0
Iceland,1992,1A2J,ABFLOW024,Coal,,,0.0
Iceland,1992,1A2J,ABFLOW024,Natural gas,,,0.0
Iceland,1992,1A2J,ABFLOW024,Oil,,,0.0
Iceland,1992,1A2K,ABFLOW014,Coal,,,0.0
Iceland,1992,1A2K,ABFLOW014,Natural gas,,,0.0
Iceland,1992,1A2K,ABFLOW014,Oil,,,0.0
Iceland,1992,1A2L,ABFLOW025,Coal,,,0.0
Iceland,1992,1A2L,ABFLOW025,Natural gas,,,0.0
Iceland,1992,1A2L,ABFLOW025,Oil,,,0.0
Iceland,1992,1A2M,ABFLOW026,Coal,,,0.0
Iceland,1992,1A2M,ABFLOW026,Natural gas,,,0.0
Iceland,1992,1A2M,ABFLOW026,Oil,,,0.0
Iceland,1992,1A3,ABFLOW027,Coal,,,0.0
Iceland,1992,1A3,ABFLOW027,Natural gas,,,0.0
Iceland,1992,1A3,ABFLOW027,Oil,,,0.0
Iceland,1992,1A3A1,ABFLOW040,Coal,,,0.0
Iceland,1992,1A3A1,ABFLOW040,Natural gas,,,0.0
Iceland,1992,1A3A1,ABFLOW040,Oil,,,0.0
Iceland,1992,1A3A2,ABFLOW029,Coal,,,0.0
Iceland,1992,1A3A2,ABFLOW029,Natural gas,,,0.0
Iceland,1992,1A3A2,ABFLOW029,Oil,,,0.0
Iceland,1992,1A3B,ABFLOW028,Coal,,,0.0
Iceland,1992,1A3B,ABFLOW028,Natural gas,,,0.0
Iceland,1992,1A3B,ABFLOW028,Oil,,,0.0
Iceland,1992,1A3C,ABFLOW030,Coal,,,0.0
Iceland,1992,1A3C,ABFLOW030,Natural gas,,,0.0
Iceland,1992,1A3C,ABFLOW030,Oil,,,0.0
Iceland,1992,1A3D1,ABFLOW039,Coal,,,0.0
Iceland,1992,1A3D1,ABFLOW039,Natural gas,,,0.0
Iceland,1992,1A3D1,ABFLOW039,Oil,,,0.0
Iceland,1992,1A3D2,ABFLOW032,Coal,,,0.0
Iceland,1992,1A3D2,ABFLOW032,Natural gas,,,0.0
Iceland,1992,1A3D2,ABFLOW032,Oil,,,0.0
Iceland,1992,1A3E1,ABFLOW033,Coal,,,0.0
Iceland,1992,1A3E1,ABFLOW033,Natural gas,,,0.0
Iceland,1992,1A3E1,ABFLOW033,Oil,,,0.0
Iceland,1992,1A4A,ABFLOW035,Coal,,,0.0
Iceland,1992,1A4A,ABFLOW035,Natural gas,,,0.0
Iceland,1992,1A4A,ABFLOW035,Oil,,,0.0
Iceland,1992,1A4B,ABFLOW034,Coal,,,0.0
Iceland,1992,1A4B,ABFLOW034,Natural gas,,,0.0
Iceland,1992,1A4B,ABFLOW034,Oil,,,0.0
Iceland,1992,1A4C1,ABFLOW036,Coal,,,0.0
Iceland,1992,1A4C1,ABFLOW036,Natural gas,,,0.0
Iceland,1992,1A4C1,ABFLOW036,Oil,,,0.0
Iceland,1992,1A4C2,ABFLOW037,Coal,,,0.0
Iceland,1992,1A4C2,ABFLOW037,Natural gas,,,0.0
Iceland,1992,1A4C2,ABFLOW037,Oil,,,0.0
Iceland,1992,1A5,ABFLOW038,Coal,,,0.0
Iceland,1992,1A5,ABFLOW038,Natural gas,,,0.0
Iceland,1992,1A5,ABFLOW038,Oil,,,0.0
Iceland,1993,1A,ABFLOW001,Coal,,,0.0
Iceland,1993,1A,ABFLOW001,Natural gas,,,0.0
Iceland,1993,1A,ABFLOW001,Oil,,,0.0
Iceland,1993,1A1A,ABFLOW002,Coal,,,0.0
Iceland,1993,1A1A,ABFLOW002,Natural gas,,,0.0
Iceland,1993,1A1A,ABFLOW002,Oil,,,0.0
Iceland,1993,1A1A1,ABFLOW003,Coal,,,0.0
Iceland,1993,1A1A1,ABFLOW003,Natural gas,,,0.0
Iceland,1993,1A1A1,ABFLOW003,Oil,,,0.0
Iceland,1993,1A1A2,ABFLOW004,Coal,,,0.0
Iceland,1993,1A1A2,ABFLOW004,Natural gas,,,0.0
Iceland,1993,1A1A2,ABFLOW004,Oil,,,0.0
Iceland,1993,1A1A3,ABFLOW005,Coal,,,0.0
Iceland,1993,1A1A3,ABFLOW005,Natural gas,,,0.0
Iceland,1993,1A1A3,ABFLOW005,Oil,,,0.0
Iceland,1993,1A1B,ABFLOW011,Coal,,,0.0
Iceland,1993,1A1B,ABFLOW011,Natural gas,,,0.0
Iceland,1993,1A1B,ABFLOW011,Oil,,,0.0
Iceland,1993,1A1C,ABFLOW011,Coal,,,0.0
Iceland,1993,1A1C,ABFLOW011,Natural gas,,,0.0
Iceland,1993,1A1C,ABFLOW011,Oil,,,0.0
Iceland,1993,1A2,ABFLOW012,Coal,,,0.0
Iceland,1993,1A2,ABFLOW012,Natural gas,,,0.0
Iceland,1993,1A2,ABFLOW012,Oil,,,0.0
Iceland,1993,1A2A,ABFLOW016,Coal,,,0.0
Iceland,1993,1A2A,ABFLOW016,Natural gas,,,0.0
Iceland,1993,1A2A,ABFLOW016,Oil,,,0.0
Iceland,1993,1A2B,ABFLOW018,Coal,,,0.0
Iceland,1993,1A2B,ABFLOW018,Natural gas,,,0.0
Iceland,1993,1A2B,ABFLOW018,Oil,,,0.0
Iceland,1993,1A2C,ABFLOW017,Coal,,,0.0
Iceland,1993,1A2C,ABFLOW017,Natural gas,,,0.0
Iceland,1993,1A2C,ABFLOW017,Oil,,,0.0
Iceland,1993,1A2D,ABFLOW023,Coal,,,0.0
Iceland,1993,1A2D,ABFLOW023,Natural gas,,,0.0
Iceland,1993,1A2D,ABFLOW023,Oil,,,0.0
Iceland,1993,1A2E,ABFLOW022,Coal,,,0.0
Iceland,1993,1A2E,ABFLOW022,Natural gas,,,0.0
Iceland,1993,1A2E,ABFLOW022,Oil,,,0.0
Iceland,1993,1A2F,ABFLOW019,Coal,,,0.0
Iceland,1993,1A2F,ABFLOW019,Natural gas,,,0.0
Iceland,1993,1A2F,ABFLOW019,Oil,,,0.0
Iceland,1993,1A2G,ABFLOW020,Coal,,,0.0
Iceland,1993,1A2G,ABFLOW020,Natural gas,,,0.0
Iceland,1993,1A2G,ABFLOW020,Oil,,,0.0
Iceland,1993,1A2H,ABFLOW021,Coal,,,0.0
Iceland,1993,1A2H,ABFLOW021,Natural gas,,,0.0
Iceland,1993,1A2H,ABFLOW021,Oil,,,0.0
Iceland,1993,1A2I,ABFLOW013,Coal,,,0.0
Iceland,1993,1A2I,ABFLOW013,Natural gas,,,0.0
Iceland,1993,1A2I,ABFLOW013,Oil,,,0.0
Iceland,1993,1A2J,ABFLOW024,Coal,,,0.0
Iceland,1993,1A2J,ABFLOW024,Natural gas,,,0.0
Iceland,1993,1A2J,ABFLOW024,Oil,,,0.0
Iceland,1993,1A2K,ABFLOW014,Coal,,,0.0
Iceland,1993,1A2K,ABFLOW014,Natural gas,,,0.0
Iceland,1993,1A2K,ABFLOW014,Oil,,,0.0
Iceland,1993,1A2L,ABFLOW025,Coal,,,0.0
Iceland,1993,1A2L,ABFLOW025,Natural gas,,,0.0
Iceland,1993,1A2L,ABFLOW025,Oil,,,0.0
Iceland,1993,1A2M,ABFLOW026,Coal,,,0.0
Iceland,1993,1A2M,ABFLOW026,Natural gas,,,0.0
Iceland,1993,1A2M,ABFLOW026,Oil,,,0.0
Iceland,1993,1A3,ABFLOW027,Coal,,,0.0
Iceland,1993,1A3,ABFLOW027,Natural gas,,,0.0
Iceland,1993,1A3,ABFLOW027,Oil,,,0.0
Iceland,1993,1A3A1,ABFLOW040,Coal,,,0.0
Iceland,1993,1A3A1,ABFLOW040,Natural gas,,,0.0
Iceland,1993,1A3A1,ABFLOW040,Oil,,,0.0
Iceland,1993,1A3A2,ABFLOW029,Coal,,,0.0
Iceland,1993,1A3A2,ABFLOW029,Natural gas,,,0.0
Iceland,1993,1A3A2,ABFLOW029,Oil,,,0.0
Iceland,1993,1A3B,ABFLOW028,Coal,,,0.0
Iceland,1993,1A3B,ABFLOW028,Natural gas,,,0.0
Iceland,1993,1A3B,ABFLOW028,Oil,,,0.0
Iceland,1993,1A3C,ABFLOW030,Coal,,,0.0
Iceland,1993,1A3C,ABFLOW030,Natural gas,,,0.0
Iceland,1993,1A3C,ABFLOW030,Oil,,,0.0
Iceland,1993,1A3D1,ABFLOW039,Coal,,,0.0
Iceland,1993,1A3D1,ABFLOW039,Natural gas,,,0.0
Iceland,1993,1A3D1,ABFLOW039,Oil,,,0.0
Iceland,1993,1A3D2,ABFLOW032,Coal,,,0.0
Iceland,1993,1A3D2,ABFLOW032,Natural gas,,,0.0
Iceland,1993,1A3D2,ABFLOW032,Oil,,,0.0
Iceland,1993,1A3E1,ABFLOW033,Coal,,,0.0
Iceland,1993,1A3E1,ABFLOW033,Natural gas,,,0.0
Iceland,1993,1A3E1,ABFLOW033,Oil,,,0.0
Iceland,1993,1A4A,ABFLOW035,Coal,,,0.0
Iceland,1993,1A4A,ABFLOW035,Natural gas,,,0.0
Iceland,1993,1A4A,ABFLOW035,Oil,,,0.0
Iceland,1993,1A4B,ABFLOW034,Coal,,,0.0
Iceland,1993,1A4B,ABFLOW034,Natural gas,,,0.0
Iceland,1993,1A4B,ABFLOW034,Oil,,,0.0
Iceland,1993,1A4C1,ABFLOW036,Coal,,,0.0
Iceland,1993,1A4C1,ABFLOW036,Natural gas,,,0.0
Iceland,1993,1A4C1,ABFLOW036,Oil,,,0.0
Iceland,1993,1A4C2,ABFLOW037,Coal,,,0.0
Iceland,1993,1A4C2,ABFLOW037,Natural gas,,,0.0
Iceland,1993,1A4C2,ABFLOW037,Oil,,,0.0
Iceland,1993,1A5,ABFLOW038,Coal,,,0.0
Iceland,1993,1A5,ABFLOW038,Natural gas,,,0.0
Iceland,1993,1A5,ABFLOW038,Oil,,,0.0
Iceland,1994,1A,ABFLOW001,Coal,,,0.0
Iceland,1994,1A,ABFLOW001,Natural gas,,,0.0
Iceland,1994,1A,ABFLOW001,Oil,,,0.0
Iceland,1994,1A1A,ABFLOW002,Coal,,,0.0
Iceland,1994,1A1A,ABFLOW002,Natural gas,,,0.0
Iceland,1994,1A1A,ABFLOW002,Oil,,,0.0
Iceland,1994,1A1A1,ABFLOW003,Coal,,,0.0
Iceland,1994,1A1A1,ABFLOW003,Natural gas,,,0.0
Iceland,1994,1A1A1,ABFLOW003,Oil,,,0.0
Iceland,1994,1A1A2,ABFLOW004,Coal,,,0.0
Iceland,1994,1A1A2,ABFLOW004,Natural gas,,,0.0
Iceland,1994,1A1A2,ABFLOW004,Oil,,,0.0
Iceland,1994,1A1A3,ABFLOW005,Coal,,,0.0
Iceland,1994,1A1A3,ABFLOW005,Natural gas,,,0.0
Iceland,1994,1A1A3,ABFLOW005,Oil,,,0.0
Iceland,1994,1A1B,ABFLOW011,Coal,,,0.0
Iceland,1994,1A1B,ABFLOW011,Natural gas,,,0.0
Iceland,1994,1A1B,ABFLOW011,Oil,,,0.0
Iceland,1994,1A1C,ABFLOW011,Coal,,,0.0
Iceland,1994,1A1C,ABFLOW011,Natural gas,,,0.0
Iceland,1994,1A1C,ABFLOW011,Oil,,,0.0
Iceland,1994,1A2,ABFLOW012,Coal,,,0.0
Iceland,1994,1A2,ABFLOW012,Natural gas,,,0.0
Iceland,1994,1A2,ABFLOW012,Oil,,,0.0
Iceland,1994,1A2A,ABFLOW016,Coal,,,0.0
Iceland,1994,1A2A,ABFLOW016,Natural gas,,,0.0
Iceland,1994,1A2A,ABFLOW016,Oil,,,0.0
Iceland,1994,1A2B,ABFLOW018,Coal,,,0.0
Iceland,1994,1A2B,ABFLOW018,Natural gas,,,0.0
Iceland,1994,1A2B,ABFLOW018,Oil,,,0.0
Iceland,1994,1A2C,ABFLOW017,Coal,,,0.0
Iceland,1994,1A2C,ABFLOW017,Natural gas,,,0.0
Iceland,1994,1A2C,ABFLOW017,Oil,,,0.0
Iceland,1994,1A2D,ABFLOW023,Coal,,,0.0
Iceland,1994,1A2D,ABFLOW023,Natural gas,,,0.0
Iceland,1994,1A2D,ABFLOW023,Oil,,,0.0
Iceland,1994,1A2E,ABFLOW022,Coal,,,0.0
Iceland,1994,1A2E,ABFLOW022,Natural gas,,,0.0
Iceland,1994,1A2E,ABFLOW022,Oil,,,0.0
Iceland,1994,1A2F,ABFLOW019,Coal,,,0.0
Iceland,1994,1A2F,ABFLOW019,Natural gas,,,0.0
Iceland,1994,1A2F,ABFLOW019,Oil,,,0.0
Iceland,1994,1A2G,ABFLOW020,Coal,,,0.0
Iceland,1994,1A2G,ABFLOW020,Natural gas,,,0.0
Iceland,1994,1A2G,ABFLOW020,Oil,,,0.0
Iceland,1994,1A2H,ABFLOW021,Coal,,,0.0
Iceland,1994,1A2H,ABFLOW021,Natural gas,,,0.0
Iceland,1994,1A2H,ABFLOW021,Oil,,,0.0
Iceland,1994,1A2I,ABFLOW013,Coal,,,0.0
Iceland,1994,1A2I,ABFLOW013,Natural gas,,,0.0
Iceland,1994,1A2I,ABFLOW013,Oil,,,0.0
Iceland,1994,1A2J,ABFLOW024,Coal,,,0.0
Iceland,1994,1A2J,ABFLOW024,Natural gas,,,0.0
Iceland,1994,1A2J,ABFLOW024,Oil,,,0.0
Iceland,1994,1A2K,ABFLOW014,Coal,,,0.0
Iceland,1994,1A2K,ABFLOW014,Natural gas,,,0.0
Iceland,1994,1A2K,ABFLOW014,Oil,,,0.0
Iceland,1994,1A2L,ABFLOW025,Coal,,,0.0
Iceland,1994,1A2L,ABFLOW025,Natural gas,,,0.0
Iceland,1994,1A2L,ABFLOW025,Oil,,,0.0
Iceland,1994,1A2M,ABFLOW026,Coal,,,0.0
Iceland,1994,1A2M,ABFLOW026,Natural gas,,,0.0
Iceland,1994,1A2M,ABFLOW026,Oil,,,0.0
Iceland,1994,1A3,ABFLOW027,Coal,,,0.0
Iceland,1994,1A3,ABFLOW027,Natural gas,,,0.0
Iceland,1994,1A3,ABFLOW027,Oil,,,0.0
Iceland,1994,1A3A1,ABFLOW040,Coal,,,0.0
Iceland,1994,1A3A1,ABFLOW040,Natural gas,,,0.0
Iceland,1994,1A3A1,ABFLOW040,Oil,,,0.0
Iceland,1994,1A3A2,ABFLOW029,Coal,,,0.0
Iceland,1994,1A3A2,ABFLOW029,Natural gas,,,0.0
Iceland,1994,1A3A2,ABFLOW029,Oil,,,0.0
Iceland,1994,1A3B,ABFLOW028,Coal,,,0.0
Iceland,1994,1A3B,ABFLOW028,Natural gas,,,0.0
Iceland,1994,1A3B,ABFLOW028,Oil,,,0.0
Iceland,1994,1A3C,ABFLOW030,Coal,,,0.0
Iceland,1994,1A3C,ABFLOW030,Natural gas,,,0.0
Iceland,1994,1A3C,ABFLOW030,Oil,,,0.0
Iceland,1994,1A3D1,ABFLOW039,Coal,,,0.0
Iceland,1994,1A3D1,ABFLOW039,Natural gas,,,0.0
Iceland,1994,1A3D1,ABFLOW039,Oil,,,0.0
Iceland,1994,1A3D2,ABFLOW032,Coal,,,0.0
Iceland,1994,1A3D2,ABFLOW032,Natural gas,,,0.0
Iceland,1994,1A3D2,ABFLOW032,Oil,,,0.0
Iceland,1994,1A3E1,ABFLOW033,Coal,,,0.0
Iceland,1994,1A3E1,ABFLOW033,Natural gas,,,0.0
Iceland,1994,1A3E1,ABFLOW033,Oil,,,0.0
Iceland,1994,1A4A,ABFLOW035,Coal,,,0.0
Iceland,1994,1A4A,ABFLOW035,Natural gas,,,0.0
Iceland,1994,1A4A,ABFLOW035,Oil,,,0.0
Iceland,1994,1A4B,ABFLOW034,Coal,,,0.0
Iceland,1994,1A4B,ABFLOW034,Natural gas,,,0.0
Iceland,1994,1A4B,ABFLOW034,Oil,,,0.0
Iceland,1994,1A4C1,ABFLOW036,Coal,,,0.0
Iceland,1994,1A4C1,ABFLOW036,Natural gas,,,0.0
Iceland,1994,1A4C1,ABFLOW036,Oil,,,0.0
Iceland,1994,1A4C2,ABFLOW037,Coal,,,0.0
Iceland,1994,1A4C2,ABFLOW037,Natural gas,,,0.0
Iceland,1994,1A4C2,ABFLOW037,Oil,,,0.0
Iceland,1994,1A5,ABFLOW038,Coal,,,0.0
Iceland,1994,1A5,ABFLOW038,Natural gas,,,0.0
Iceland,1994,1A5,ABFLOW038,Oil,,,0.0
Iceland,1995,1A,ABFLOW001,Coal,,,0.0
Iceland,1995,1A,ABFLOW001,Natural gas,,,0.0
Iceland,1995,1A,ABFLOW001,Oil,,,0.0
Iceland,1995,1A1A,ABFLOW002,Coal,,,0.0
Iceland,1995,1A1A,ABFLOW002,Natural gas,,,0.0
Iceland,1995,1A1A,ABFLOW002,Oil,,,0.0
Iceland,1995,1A1A1,ABFLOW003,Coal,,,0.0
Iceland,1995,1A1A1,ABFLOW003,Natural gas,,,0.0
Iceland,1995,1A1A1,ABFLOW003,Oil,,,0.0
Iceland,1995,1A1A2,ABFLOW004,Coal,,,0.0
Iceland,1995,1A1A2,ABFLOW004,Natural gas,,,0.0
Iceland,1995,1A1A2,ABFLOW004,Oil,,,0.0
Iceland,1995,1A1A3,ABFLOW005,Coal,,,0.0
Iceland,1995,1A1A3,ABFLOW005,Natural gas,,,0.0
Iceland,1995,1A1A3,ABFLOW005,Oil,,,0.0
Iceland,1995,1A1B,ABFLOW011,Coal,,,0.0
Iceland,1995,1A1B,ABFLOW011,Natural gas,,,0.0
Iceland,1995,1A1B,ABFLOW011,Oil,,,0.0
Iceland,1995,1A1C,ABFLOW011,Coal,,,0.0
Iceland,1995,1A1C,ABFLOW011,Natural gas,,,0.0
Iceland,1995,1A1C,ABFLOW011,Oil,,,0.0
Iceland,1995,1A2,ABFLOW012,Coal,,,0.0
Iceland,1995,1A2,ABFLOW012,Natural gas,,,0.0
Iceland,1995,1A2,ABFLOW012,Oil,,,0.0
Iceland,1995,1A2A,ABFLOW016,Coal,,,0.0
Iceland,1995,1A2A,ABFLOW016,Natural gas,,,0.0
Iceland,1995,1A2A,ABFLOW016,Oil,,,0.0
Iceland,1995,1A2B,ABFLOW018,Coal,,,0.0
Iceland,1995,1A2B,ABFLOW018,Natural gas,,,0.0
Iceland,1995,1A2B,ABFLOW018,Oil,,,0.0
Iceland,1995,1A2C,ABFLOW017,Coal,,,0.0
Iceland,1995,1A2C,ABFLOW017,Natural gas,,,0.0
Iceland,1995,1A2C,ABFLOW017,Oil,,,0.0
Iceland,1995,1A2D,ABFLOW023,Coal,,,0.0
Iceland,1995,1A2D,ABFLOW023,Natural gas,,,0.0
Iceland,1995,1A2D,ABFLOW023,Oil,,,0.0
Iceland,1995,1A2E,ABFLOW022,Coal,,,0.0
Iceland,1995,1A2E,ABFLOW022,Natural gas,,,0.0
Iceland,1995,1A2E,ABFLOW022,Oil,,,0.0
Iceland,1995,1A2F,ABFLOW019,Coal,,,0.0
Iceland,1995,1A2F,ABFLOW019,Natural gas,,,0.0
Iceland,1995,1A2F,ABFLOW019,Oil,,,0.0
Iceland,1995,1A2G,ABFLOW020,Coal,,,0.0
Iceland,1995,1A2G,ABFLOW020,Natural gas,,,0.0
Iceland,1995,1A2G,ABFLOW020,Oil,,,0.0
Iceland,1995,1A2H,ABFLOW021,Coal,,,0.0
Iceland,1995,1A2H,ABFLOW021,Natural gas,,,0.0
Iceland,1995,1A2H,ABFLOW021,Oil,,,0.0
Iceland,1995,1A2I,ABFLOW013,Coal,,,0.0
Iceland,1995,1A2I,ABFLOW013,Natural gas,,,0.0
Iceland,1995,1A2I,ABFLOW013,Oil,,,0.0
Iceland,1995,1A2J,ABFLOW024,Coal,,,0.0
Iceland,1995,1A2J,ABFLOW024,Natural gas,,,0.0
Iceland,1995,1A2J,ABFLOW024,Oil,,,0.0
Iceland,1995,1A2K,ABFLOW014,Coal,,,0.0
Iceland,1995,1A2K,ABFLOW014,Natural gas,,,0.0
Iceland,1995,1A2K,ABFLOW014,Oil,,,0.0
Iceland,1995,1A2L,ABFLOW025,Coal,,,0.0
Iceland,1995,1A2L,ABFLOW025,Natural gas,,,0.0
Iceland,1995,1A2L,ABFLOW025,Oil,,,0.0
Iceland,1995,1A2M,ABFLOW026,Coal,,,0.0
Iceland,1995,1A2M,ABFLOW026,Natural gas,,,0.0
Iceland,1995,1A2M,ABFLOW026,Oil,,,0.0
Iceland,1995,1A3,ABFLOW027,Coal,,,0.0
Iceland,1995,1A3,ABFLOW027,Natural gas,,,0.0
Iceland,1995,1A3,ABFLOW027,Oil,,,0.0
Iceland,1995,1A3A1,ABFLOW040,Coal,,,0.0
Iceland,1995,1A3A1,ABFLOW040,Natural gas,,,0.0
Iceland,1995,1A3A1,ABFLOW040,Oil,,,0.0
Iceland,1995,1A3A2,ABFLOW029,Coal,,,0.0
Iceland,1995,1A3A2,ABFLOW029,Natural gas,,,0.0
Iceland,1995,1A3A2,ABFLOW029,Oil,,,0.0
Iceland,1995,1A3B,ABFLOW028,Coal,,,0.0
Iceland,1995,1A3B,ABFLOW028,Natural gas,,,0.0
Iceland,1995,1A3B,ABFLOW028,Oil,,,0.0
Iceland,1995,1A3C,ABFLOW030,Coal,,,0.0
Iceland,1995,1A3C,ABFLOW030,Natural gas,,,0.0
Iceland,1995,1A3C,ABFLOW030,Oil,,,0.0
Iceland,1995,1A3D1,ABFLOW039,Coal,,,0.0
Iceland,1995,1A3D1,ABFLOW039,Natural gas,,,0.0
Iceland,1995,1A3D1,ABFLOW039,Oil,,,0.0
Iceland,1995,1A3D2,ABFLOW032,Coal,,,0.0
Iceland,1995,1A3D2,ABFLOW032,Natural gas,,,0.0
Iceland,1995,1A3D2,ABFLOW032,Oil,,,0.0
Iceland,1995,1A3E1,ABFLOW033,Coal,,,0.0
Iceland,1995,1A3E1,ABFLOW033,Natural gas,,,0.0
Iceland,1995,1A3E1,ABFLOW033,Oil,,,0.0
Iceland,1995,1A4A,ABFLOW035,Coal,,,0.0
Iceland,1995,1A4A,ABFLOW035,Natural gas,,,0.0
Iceland,1995,1A4A,ABFLOW035,Oil,,,0.0
Iceland,1995,1A4B,ABFLOW034,Coal,,,0.0
Iceland,1995,1A4B,ABFLOW034,Natural gas,,,0.0
Iceland,1995,1A4B,ABFLOW034,Oil,,,0.0
Iceland,1995,1A4C1,ABFLOW036,Coal,,,0.0
Iceland,1995,1A4C1,ABFLOW036,Natural gas,,,0.0
Iceland,1995,1A4C1,ABFLOW036,Oil,,,0.0
Iceland,1995,1A4C2,ABFLOW037,Coal,,,0.0
Iceland,1995,1A4C2,ABFLOW037,Natural gas,,,0.0
Iceland,1995,1A4C2,ABFLOW037,Oil,,,0.0
Iceland,1995,1A5,ABFLOW038,Coal,,,0.0
Iceland,1995,1A5,ABFLOW038,Natural gas,,,0.0
Iceland,1995,1A5,ABFLOW038,Oil,,,0.0
Iceland,1996,1A,ABFLOW001,Coal,,,0.0
Iceland,1996,1A,ABFLOW001,Natural gas,,,0.0
Iceland,1996,1A,ABFLOW001,Oil,,,0.0
Iceland,1996,1A1A,ABFLOW002,Coal,,,0.0
Iceland,1996,1A1A,ABFLOW002,Natural gas,,,0.0
Iceland,1996,1A1A,ABFLOW002,Oil,,,0.0
Iceland,1996,1A1A1,ABFLOW003,Coal,,,0.0
Iceland,1996,1A1A1,ABFLOW003,Natural gas,,,0.0
Iceland,1996,1A1A1,ABFLOW003,Oil,,,0.0
Iceland,1996,1A1A2,ABFLOW004,Coal,,,0.0
Iceland,1996,1A1A2,ABFLOW004,Natural gas,,,0.0
Iceland,1996,1A1A2,ABFLOW004,Oil,,,0.0
Iceland,1996,1A1A3,ABFLOW005,Coal,,,0.0
Iceland,1996,1A1A3,ABFLOW005,Natural gas,,,0.0
Iceland,1996,1A1A3,ABFLOW005,Oil,,,0.0
Iceland,1996,1A1B,ABFLOW011,Coal,,,0.0
Iceland,1996,1A1B,ABFLOW011,Natural gas,,,0.0
Iceland,1996,1A1B,ABFLOW011,Oil,,,0.0
Iceland,1996,1A1C,ABFLOW011,Coal,,,0.0
Iceland,1996,1A1C,ABFLOW011,Natural gas,,,0.0
Iceland,1996,1A1C,ABFLOW011,Oil,,,0.0
Iceland,1996,1A2,ABFLOW012,Coal,,,0.0
Iceland,1996,1A2,ABFLOW012,Natural gas,,,0.0
Iceland,1996,1A2,ABFLOW012,Oil,,,0.0
Iceland,1996,1A2A,ABFLOW016,Coal,,,0.0
Iceland,1996,1A2A,ABFLOW016,Natural gas,,,0.0
Iceland,1996,1A2A,ABFLOW016,Oil,,,0.0
Iceland,1996,1A2B,ABFLOW018,Coal,,,0.0
Iceland,1996,1A2B,ABFLOW018,Natural gas,,,0.0
Iceland,1996,1A2B,ABFLOW018,Oil,,,0.0
Iceland,1996,1A2C,ABFLOW017,Coal,,,0.0
Iceland,1996,1A2C,ABFLOW017,Natural gas,,,0.0
Iceland,1996,1A2C,ABFLOW017,Oil,,,0.0
Iceland,1996,1A2D,ABFLOW023,Coal,,,0.0
Iceland,1996,1A2D,ABFLOW023,Natural gas,,,0.0
Iceland,1996,1A2D,ABFLOW023,Oil,,,0.0
Iceland,1996,1A2E,ABFLOW022,Coal,,,0.0
Iceland,1996,1A2E,ABFLOW022,Natural gas,,,0.0
Iceland,1996,1A2E,ABFLOW022,Oil,,,0.0
Iceland,1996,1A2F,ABFLOW019,Coal,,,0.0
Iceland,1996,1A2F,ABFLOW019,Natural gas,,,0.0
Iceland,1996,1A2F,ABFLOW019,Oil,,,0.0
Iceland,1996,1A2G,ABFLOW020,Coal,,,0.0
Iceland,1996,1A2G,ABFLOW020,Natural gas,,,0.0
Iceland,1996,1A2G,ABFLOW020,Oil,,,0.0
Iceland,1996,1A2H,ABFLOW021,Coal,,,0.0
Iceland,1996,1A2H,ABFLOW021,Natural gas,,,0.0
Iceland,1996,1A2H,ABFLOW021,Oil,,,0.0
Iceland,1996,1A2I,ABFLOW013,Coal,,,0.0
Iceland,1996,1A2I,ABFLOW013,Natural gas,,,0.0
Iceland,1996,1A2I,ABFLOW013,Oil,,,0.0
Iceland,1996,1A2J,ABFLOW024,Coal,,,0.0
Iceland,1996,1A2J,ABFLOW024,Natural gas,,,0.0
Iceland,1996,1A2J,ABFLOW024,Oil,,,0.0
Iceland,1996,1A2K,ABFLOW014,Coal,,,0.0
Iceland,1996,1A2K,ABFLOW014,Natural gas,,,0.0
Iceland,1996,1A2K,ABFLOW014,Oil,,,0.0
Iceland,1996,1A2L,ABFLOW025,Coal,,,0.0
Iceland,1996,1A2L,ABFLOW025,Natural gas,,,0.0
Iceland,1996,1A2L,ABFLOW025,Oil,,,0.0
Iceland,1996,1A2M,ABFLOW026,Coal,,,0.0
Iceland,1996,1A2M,ABFLOW026,Natural gas,,,0.0
Iceland,1996,1A2M,ABFLOW026,Oil,,,0.0
Iceland,1996,1A3,ABFLOW027,Coal,,,0.0
Iceland,1996,1A3,ABFLOW027,Natural gas,,,0.0
Iceland,1996,1A3,ABFLOW027,Oil,,,0.0
Iceland,1996,1A3A1,ABFLOW040,Coal,,,0.0
Iceland,1996,1A3A1,ABFLOW040,Natural gas,,,0.0
Iceland,1996,1A3A1,ABFLOW040,Oil,,,0.0
Iceland,1996,1A3A2,ABFLOW029,Coal,,,0.0
Iceland,1996,1A3A2,ABFLOW029,Natural gas,,,0.0
Iceland,1996,1A3A2,ABFLOW029,Oil,,,0.0
Iceland,1996,1A3B,ABFLOW028,Coal,,,0.0
Iceland,1996,1A3B,ABFLOW028,Natural gas,,,0.0
Iceland,1996,1A3B,ABFLOW028,Oil,,,0.0
Iceland,1996,1A3C,ABFLOW030,Coal,,,0.0
Iceland,1996,1A3C,ABFLOW030,Natural gas,,,0.0
Iceland,1996,1A3C,ABFLOW030,Oil,,,0.0
Iceland,1996,1A3D1,ABFLOW039,Coal,,,0.0
Iceland,1996,1A3D1,ABFLOW039,Natural gas,,,0.0
Iceland,1996,1A3D1,ABFLOW039,Oil,,,0.0
Iceland,1996,1A3D2,ABFLOW032,Coal,,,0.0
Iceland,1996,1A3D2,ABFLOW032,Natural gas,,,0.0
Iceland,1996,1A3D2,ABFLOW032,Oil,,,0.0
Iceland,1996,1A3E1,ABFLOW033,Coal,,,0.0
Iceland,1996,1A3E1,ABFLOW033,Natural gas,,,0.0
Iceland,1996,1A3E1,ABFLOW033,Oil,,,0.0
Iceland,1996,1A4A,ABFLOW035,Coal,,,0.0
Iceland,1996,1A4A,ABFLOW035,Natural gas,,,0.0
Iceland,1996,1A4A,ABFLOW035,Oil,,,0.0
Iceland,1996,1A4B,ABFLOW034,Coal,,,0.0
Iceland,1996,1A4B,ABFLOW034,Natural gas,,,0.0
Iceland,1996,1A4B,ABFLOW034,Oil,,,0.0
Iceland,1996,1A4C1,ABFLOW036,Coal,,,0.0
Iceland,1996,1A4C1,ABFLOW036,Natural gas,,,0.0
Iceland,1996,1A4C1,ABFLOW036,Oil,,,0.0
Iceland,1996,1A4C2,ABFLOW037,Coal,,,0.0
Iceland,1996,1A4C2,ABFLOW037,Natural gas,,,0.0
Iceland,1996,1A4C2,ABFLOW037,Oil,,,0.0
Iceland,1996,1A5,ABFLOW038,Coal,,,0.0
Iceland,1996,1A5,ABFLOW038,Natural gas,,,0.0
Iceland,1996,1A5,ABFLOW038,Oil,,,0.0
Iceland,1997,1A,ABFLOW001,Coal,,,0.0
Iceland,1997,1A,ABFLOW001,Natural gas,,,0.0
Iceland,1997,1A,ABFLOW001,Oil,,,0.0
Iceland,1997,1A1A,ABFLOW002,Coal,,,0.0
Iceland,1997,1A1A,ABFLOW002,Natural gas,,,0.0
Iceland,1997,1A1A,ABFLOW002,Oil,,,0.0
Iceland,1997,1A1A1,ABFLOW003,Coal,,,0.0
Iceland,1997,1A1A1,ABFLOW003,Natural gas,,,0.0
Iceland,1997,1A1A1,ABFLOW003,Oil,,,0.0
Iceland,1997,1A1A2,ABFLOW004,Coal,,,0.0
Iceland,1997,1A1A2,ABFLOW004,Natural gas,,,0.0
Iceland,1997,1A1A2,ABFLOW004,Oil,,,0.0
Iceland,1997,1A1A3,ABFLOW005,Coal,,,0.0
Iceland,1997,1A1A3,ABFLOW005,Natural gas,,,0.0
Iceland,1997,1A1A3,ABFLOW005,Oil,,,0.0
Iceland,1997,1A1B,ABFLOW011,Coal,,,0.0
Iceland,1997,1A1B,ABFLOW011,Natural gas,,,0.0
Iceland,1997,1A1B,ABFLOW011,Oil,,,0.0
Iceland,1997,1A1C,ABFLOW011,Coal,,,0.0
Iceland,1997,1A1C,ABFLOW011,Natural gas,,,0.0
Iceland,1997,1A1C,ABFLOW011,Oil,,,0.0
Iceland,1997,1A2,ABFLOW012,Coal,,,0.0
Iceland,1997,1A2,ABFLOW012,Natural gas,,,0.0
Iceland,1997,1A2,ABFLOW012,Oil,,,0.0
Iceland,1997,1A2A,ABFLOW016,Coal,,,0.0
Iceland,1997,1A2A,ABFLOW016,Natural gas,,,0.0
Iceland,1997,1A2A,ABFLOW016,Oil,,,0.0
Iceland,1997,1A2B,ABFLOW018,Coal,,,0.0
Iceland,1997,1A2B,ABFLOW018,Natural gas,,,0.0
Iceland,1997,1A2B,ABFLOW018,Oil,,,0.0
Iceland,1997,1A2C,ABFLOW017,Coal,,,0.0
Iceland,1997,1A2C,ABFLOW017,Natural gas,,,0.0
Iceland,1997,1A2C,ABFLOW017,Oil,,,0.0
Iceland,1997,1A2D,ABFLOW023,Coal,,,0.0
Iceland,1997,1A2D,ABFLOW023,Natural gas,,,0.0
Iceland,1997,1A2D,ABFLOW023,Oil,,,0.0
Iceland,1997,1A2E,ABFLOW022,Coal,,,0.0
Iceland,1997,1A2E,ABFLOW022,Natural gas,,,0.0
Iceland,1997,1A2E,ABFLOW022,Oil,,,0.0
Iceland,1997,1A2F,ABFLOW019,Coal,,,0.0
Iceland,1997,1A2F,ABFLOW019,Natural gas,,,0.0
Iceland,1997,1A2F,ABFLOW019,Oil,,,0.0
Iceland,1997,1A2G,ABFLOW020,Coal,,,0.0
Iceland,1997,1A2G,ABFLOW020,Natural gas,,,0.0
Iceland,1997,1A2G,ABFLOW020,Oil,,,0.0
Iceland,1997,1A2H,ABFLOW021,Coal,,,0.0
Iceland,1997,1A2H,ABFLOW021,Natural gas,,,0.0
Iceland,1997,1A2H,ABFLOW021,Oil,,,0.0
Iceland,1997,1A2I,ABFLOW013,Coal,,,0.0
Iceland,1997,1A2I,ABFLOW013,Natural gas,,,0.0
Iceland,1997,1A2I,ABFLOW013,Oil,,,0.0
Iceland,1997,1A2J,ABFLOW024,Coal,,,0.0
Iceland,1997,1A2J,ABFLOW024,Natural gas,,,0.0
Iceland,1997,1A2J,ABFLOW024,Oil,,,0.0
Iceland,1997,1A2K,ABFLOW014,Coal,,,0.0
Iceland,1997,1A2K,ABFLOW014,Natural gas,,,0.0
Iceland,1997,1A2K,ABFLOW014,Oil,,,0.0
Iceland,1997,1A2L,ABFLOW025,Coal,,,0.0
Iceland,1997,1A2L,ABFLOW025,Natural gas,,,0.0
Iceland,1997,1A2L,ABFLOW025,Oil,,,0.0
Iceland,1997,1A2M,ABFLOW026,Coal,,,0.0
Iceland,1997,1A2M,ABFLOW026,Natural gas,,,0.0
Iceland,1997,1A2M,ABFLOW026,Oil,,,0.0
Iceland,1997,1A3,ABFLOW027,Coal,,,0.0
Iceland,1997,1A3,ABFLOW027,Natural gas,,,0.0
Iceland,1997,1A3,ABFLOW027,Oil,,,0.0
Iceland,1997,1A3A1,ABFLOW040,Coal,,,0.0
Iceland,1997,1A3A1,ABFLOW040,Natural gas,,,0.0
Iceland,1997,1A3A1,ABFLOW040,Oil,,,0.0
Iceland,1997,1A3A2,ABFLOW029,Coal,,,0.0
Iceland,1997,1A3A2,ABFLOW029,Natural gas,,,0.0
Iceland,1997,1A3A2,ABFLOW029,Oil,,,0.0
Iceland,1997,1A3B,ABFLOW028,Coal,,,0.0
Iceland,1997,1A3B,ABFLOW028,Natural gas,,,0.0
Iceland,1997,1A3B,ABFLOW028,Oil,,,0.0
Iceland,1997,1A3C,ABFLOW030,Coal,,,0.0
Iceland,1997,1A3C,ABFLOW030,Natural gas,,,0.0
Iceland,1997,1A3C,ABFLOW030,Oil,,,0.0
Iceland,1997,1A3D1,ABFLOW039,Coal,,,0.0
Iceland,1997,1A3D1,ABFLOW039,Natural gas,,,0.0
Iceland,1997,1A3D1,ABFLOW039,Oil,,,0.0
Iceland,1997,1A3D2,ABFLOW032,Coal,,,0.0
Iceland,1997,1A3D2,ABFLOW032,Natural gas,,,0.0
Iceland,1997,1A3D2,ABFLOW032,Oil,,,0.0
Iceland,1997,1A3E1,ABFLOW033,Coal,,,0.0
Iceland,1997,1A3E1,ABFLOW033,Natural gas,,,0.0
Iceland,1997,1A3E1,ABFLOW033,Oil,,,0.0
Iceland,1997,1A4A,ABFLOW035,Coal,,,0.0
Iceland,1997,1A4A,ABFLOW035,Natural gas,,,0.0
Iceland,1997,1A4A,ABFLOW035,Oil,,,0.0
Iceland,1997,1A4B,ABFLOW034,Coal,,,0.0
Iceland,1997,1A4B,ABFLOW034,Natural gas,,,0.0
Iceland,1997,1A4B,ABFLOW034,Oil,,,0.0
Iceland,1997,1A4C1,ABFLOW036,Coal,,,0.0
Iceland,1997,1A4C1,ABFLOW036,Natural gas,,,0.0
Iceland,1997,1A4C1,ABFLOW036,Oil,,,0.0
Iceland,1997,1A4C2,ABFLOW037,Coal,,,0.0
Iceland,1997,1A4C2,ABFLOW037,Natural gas,,,0.0
Iceland,1997,1A4C2,ABFLOW037,Oil,,,0.0
Iceland,1997,1A5,ABFLOW038,Coal,,,0.0
Iceland,1997,1A5,ABFLOW038,Natural gas,,,0.0
Iceland,1997,1A5,ABFLOW038,Oil,,,0.0
Iceland,1998,1A,ABFLOW001,Coal,,,0.0
Iceland,1998,1A,ABFLOW001,Natural gas,,,0.0
Iceland,1998,1A,ABFLOW001,Oil,,,0.0
Iceland,1998,1A1A,ABFLOW002,Coal,,,0.0
Iceland,1998,1A1A,ABFLOW002,Natural gas,,,0.0
Iceland,1998,1A1A,ABFLOW002,Oil,,,0.0
Iceland,1998,1A1A1,ABFLOW003,Coal,,,0.0
Iceland,1998,1A1A1,ABFLOW003,Natural gas,,,0.0
Iceland,1998,1A1A1,ABFLOW003,Oil,,,0.0
Iceland,1998,1A1A2,ABFLOW004,Coal,,,0.0
Iceland,1998,1A1A2,ABFLOW004,Natural gas,,,0.0
Iceland,1998,1A1A2,ABFLOW004,Oil,,,0.0
Iceland,1998,1A1A3,ABFLOW005,Coal,,,0.0
Iceland,1998,1A1A3,ABFLOW005,Natural gas,,,0.0
Iceland,1998,1A1A3,ABFLOW005,Oil,,,0.0
Iceland,1998,1A1B,ABFLOW011,Coal,,,0.0
Iceland,1998,1A1B,ABFLOW011,Natural gas,,,0.0
Iceland,1998,1A1B,ABFLOW011,Oil,,,0.0
Iceland,1998,1A1C,ABFLOW011,Coal,,,0.0
Iceland,1998,1A1C,ABFLOW011,Natural gas,,,0.0
Iceland,1998,1A1C,ABFLOW011,Oil,,,0.0
Iceland,1998,1A2,ABFLOW012,Coal,,,0.0
Iceland,1998,1A2,ABFLOW012,Natural gas,,,0.0
Iceland,1998,1A2,ABFLOW012,Oil,,,0.0
Iceland,1998,1A2A,ABFLOW016,Coal,,,0.0
Iceland,1998,1A2A,ABFLOW016,Natural gas,,,0.0
Iceland,1998,1A2A,ABFLOW016,Oil,,,0.0
Iceland,1998,1A2B,ABFLOW018,Coal,,,0.0
Iceland,1998,1A2B,ABFLOW018,Natural gas,,,0.0
Iceland,1998,1A2B,ABFLOW018,Oil,,,0.0
Iceland,1998,1A2C,ABFLOW017,Coal,,,0.0
Iceland,1998,1A2C,ABFLOW017,Natural gas,,,0.0
Iceland,1998,1A2C,ABFLOW017,Oil,,,0.0
Iceland,1998,1A2D,ABFLOW023,Coal,,,0.0
Iceland,1998,1A2D,ABFLOW023,Natural gas,,,0.0
Iceland,1998,1A2D,ABFLOW023,Oil,,,0.0
Iceland,1998,1A2E,ABFLOW022,Coal,,,0.0
Iceland,1998,1A2E,ABFLOW022,Natural gas,,,0.0
Iceland,1998,1A2E,ABFLOW022,Oil,,,0.0
Iceland,1998,1A2F,ABFLOW019,Coal,,,0.0
Iceland,1998,1A2F,ABFLOW019,Natural gas,,,0.0
Iceland,1998,1A2F,ABFLOW019,Oil,,,0.0
Iceland,1998,1A2G,ABFLOW020,Coal,,,0.0
Iceland,1998,1A2G,ABFLOW020,Natural gas,,,0.0
Iceland,1998,1A2G,ABFLOW020,Oil,,,0.0
Iceland,1998,1A2H,ABFLOW021,Coal,,,0.0
Iceland,1998,1A2H,ABFLOW021,Natural gas,,,0.0
Iceland,1998,1A2H,ABFLOW021,Oil,,,0.0
Iceland,1998,1A2I,ABFLOW013,Coal,,,0.0
Iceland,1998,1A2I,ABFLOW013,Natural gas,,,0.0
Iceland,1998,1A2I,ABFLOW013,Oil,,,0.0
Iceland,1998,1A2J,ABFLOW024,Coal,,,0.0
Iceland,1998,1A2J,ABFLOW024,Natural gas,,,0.0
Iceland,1998,1A2J,ABFLOW024,Oil,,,0.0
Iceland,1998,1A2K,ABFLOW014,Coal,,,0.0
Iceland,1998,1A2K,ABFLOW014,Natural gas,,,0.0
Iceland,1998,1A2K,ABFLOW014,Oil,,,0.0
Iceland,1998,1A2L,ABFLOW025,Coal,,,0.0
Iceland,1998,1A2L,ABFLOW025,Natural gas,,,0.0
Iceland,1998,1A2L,ABFLOW025,Oil,,,0.0
Iceland,1998,1A2M,ABFLOW026,Coal,,,0.0
Iceland,1998,1A2M,ABFLOW026,Natural gas,,,0.0
Iceland,1998,1A2M,ABFLOW026,Oil,,,0.0
Iceland,1998,1A3,ABFLOW027,Coal,,,0.0
Iceland,1998,1A3,ABFLOW027,Natural gas,,,0.0
Iceland,1998,1A3,ABFLOW027,Oil,,,0.0
Iceland,1998,1A3A1,ABFLOW040,Coal,,,0.0
Iceland,1998,1A3A1,ABFLOW040,Natural gas,,,0.0
Iceland,1998,1A3A1,ABFLOW040,Oil,,,0.0
Iceland,1998,1A3A2,ABFLOW029,Coal,,,0.0
Iceland,1998,1A3A2,ABFLOW029,Natural gas,,,0.0
Iceland,1998,1A3A2,ABFLOW029,Oil,,,0.0
Iceland,1998,1A3B,ABFLOW028,Coal,,,0.0
Iceland,1998,1A3B,ABFLOW028,Natural gas,,,0.0
Iceland,1998,1A3B,ABFLOW028,Oil,,,0.0
Iceland,1998,1A3C,ABFLOW030,Coal,,,0.0
Iceland,1998,1A3C,ABFLOW030,Natural gas,,,0.0
Iceland,1998,1A3C,ABFLOW030,Oil,,,0.0
Iceland,1998,1A3D1,ABFLOW039,Coal,,,0.0
Iceland,1998,1A3D1,ABFLOW039,Natural gas,,,0.0
Iceland,1998,1A3D1,ABFLOW039,Oil,,,0.0
Iceland,1998,1A3D2,ABFLOW032,Coal,,,0.0
Iceland,1998,1A3D2,ABFLOW032,Natural gas,,,0.0
Iceland,1998,1A3D2,ABFLOW032,Oil,,,0.0
Iceland,1998,1A3E1,ABFLOW033,Coal,,,0.0
Iceland,1998,1A3E1,ABFLOW033,Natural gas,,,0.0
Iceland,1998,1A3E1,ABFLOW033,Oil,,,0.0
Iceland,1998,1A4A,ABFLOW035,Coal,,,0.0
Iceland,1998,1A4A,ABFLOW035,Natural gas,,,0.0
Iceland,1998,1A4A,ABFLOW035,Oil,,,0.0
Iceland,1998,1A4B,ABFLOW034,Coal,,,0.0
Iceland,1998,1A4B,ABFLOW034,Natural gas,,,0.0
Iceland,1998,1A4B,ABFLOW034,Oil,,,0.0
Iceland,1998,1A4C1,ABFLOW036,Coal,,,0.0
Iceland,1998,1A4C1,ABFLOW036,Natural gas,,,0.0
Iceland,1998,1A4C1,ABFLOW036,Oil,,,0.0
Iceland,1998,1A4C2,ABFLOW037,Coal,,,0.0
Iceland,1998,1A4C2,ABFLOW037,Natural gas,,,0.0
Iceland,1998,1A4C2,ABFLOW037,Oil,,,0.0
Iceland,1998,1A5,ABFLOW038,Coal,,,0.0
Iceland,1998,1A5,ABFLOW038,Natural gas,,,0.0
Iceland,1998,1A5,ABFLOW038,Oil,,,0.0
Iceland,1999,1A,ABFLOW001,Coal,,,0.0
Iceland,1999,1A,ABFLOW001,Natural gas,,,0.0
Iceland,1999,1A,ABFLOW001,Oil,,,0.0
Iceland,1999,1A1A,ABFLOW002,Coal,,,0.0
Iceland,1999,1A1A,ABFLOW002,Natural gas,,,0.0
Iceland,1999,1A1A,ABFLOW002,Oil,,,0.0
Iceland,1999,1A1A1,ABFLOW003,Coal,,,0.0
Iceland,1999,1A1A1,ABFLOW003,Natural gas,,,0.0
Iceland,1999,1A1A1,ABFLOW003,Oil,,,0.0
Iceland,1999,1A1A2,ABFLOW004,Coal,,,0.0
Iceland,1999,1A1A2,ABFLOW004,Natural gas,,,0.0
Iceland,1999,1A1A2,ABFLOW004,Oil,,,0.0
Iceland,1999,1A1A3,ABFLOW005,Coal,,,0.0
Iceland,1999,1A1A3,ABFLOW005,Natural gas,,,0.0
Iceland,1999,1A1A3,ABFLOW005,Oil,,,0.0
Iceland,1999,1A1B,ABFLOW011,Coal,,,0.0
Iceland,1999,1A1B,ABFLOW011,Natural gas,,,0.0
Iceland,1999,1A1B,ABFLOW011,Oil,,,0.0
Iceland,1999,1A1C,ABFLOW011,Coal,,,0.0
Iceland,1999,1A1C,ABFLOW011,Natural gas,,,0.0
Iceland,1999,1A1C,ABFLOW011,Oil,,,0.0
Iceland,1999,1A2,ABFLOW012,Coal,,,0.0
Iceland,1999,1A2,ABFLOW012,Natural gas,,,0.0
Iceland,1999,1A2,ABFLOW012,Oil,,,0.0
Iceland,1999,1A2A,ABFLOW016,Coal,,,0.0
Iceland,1999,1A2A,ABFLOW016,Natural gas,,,0.0
Iceland,1999,1A2A,ABFLOW016,Oil,,,0.0
Iceland,1999,1A2B,ABFLOW018,Coal,,,0.0
Iceland,1999,1A2B,ABFLOW018,Natural gas,,,0.0
Iceland,1999,1A2B,ABFLOW018,Oil,,,0.0
Iceland,1999,1A2C,ABFLOW017,Coal,,,0.0
Iceland,1999,1A2C,ABFLOW017,Natural gas,,,0.0
Iceland,1999,1A2C,ABFLOW017,Oil,,,0.0
Iceland,1999,1A2D,ABFLOW023,Coal,,,0.0
Iceland,1999,1A2D,ABFLOW023,Natural gas,,,0.0
Iceland,1999,1A2D,ABFLOW023,Oil,,,0.0
Iceland,1999,1A2E,ABFLOW022,Coal,,,0.0
Iceland,1999,1A2E,ABFLOW022,Natural gas,,,0.0
Iceland,1999,1A2E,ABFLOW022,Oil,,,0.0
Iceland,1999,1A2F,ABFLOW019,Coal,,,0.0
Iceland,1999,1A2F,ABFLOW019,Natural gas,,,0.0
Iceland,1999,1A2F,ABFLOW019,Oil,,,0.0
Iceland,1999,1A2G,ABFLOW020,Coal,,,0.0
Iceland,1999,1A2G,ABFLOW020,Natural gas,,,0.0
Iceland,1999,1A2G,ABFLOW020,Oil,,,0.0
Iceland,1999,1A2H,ABFLOW021,Coal,,,0.0
Iceland,1999,1A2H,ABFLOW021,Natural gas,,,0.0
Iceland,1999,1A2H,ABFLOW021,Oil,,,0.0
Iceland,1999,1A2I,ABFLOW013,Coal,,,0.0
Iceland,1999,1A2I,ABFLOW013,Natural gas,,,0.0
Iceland,1999,1A2I,ABFLOW013,Oil,,,0.0
Iceland,1999,1A2J,ABFLOW024,Coal,,,0.0
Iceland,1999,1A2J,ABFLOW024,Natural gas,,,0.0
Iceland,1999,1A2J,ABFLOW024,Oil,,,0.0
Iceland,1999,1A2K,ABFLOW014,Coal,,,0.0
Iceland,1999,1A2K,ABFLOW014,Natural gas,,,0.0
Iceland,1999,1A2K,ABFLOW014,Oil,,,0.0
Iceland,1999,1A2L,ABFLOW025,Coal,,,0.0
Iceland,1999,1A2L,ABFLOW025,Natural gas,,,0.0
Iceland,1999,1A2L,ABFLOW025,Oil,,,0.0
Iceland,1999,1A2M,ABFLOW026,Coal,,,0.0
Iceland,1999,1A2M,ABFLOW026,Natural gas,,,0.0
Iceland,1999,1A2M,ABFLOW026,Oil,,,0.0
Iceland,1999,1A3,ABFLOW027,Coal,,,0.0
Iceland,1999,1A3,ABFLOW027,Natural gas,,,0.0
Iceland,1999,1A3,ABFLOW027,Oil,,,0.0
Iceland,1999,1A3A1,ABFLOW040,Coal,,,0.0
Iceland,1999,1A3A1,ABFLOW040,Natural gas,,,0.0
Iceland,1999,1A3A1,ABFLOW040,Oil,,,0.0
Iceland,1999,1A3A2,ABFLOW029,Coal,,,0.0
Iceland,1999,1A3A2,ABFLOW029,Natural gas,,,0.0
Iceland,1999,1A3A2,ABFLOW029,Oil,,,0.0
Iceland,1999,1A3B,ABFLOW028,Coal,,,0.0
Iceland,1999,1A3B,ABFLOW028,Natural gas,,,0.0
Iceland,1999,1A3B,ABFLOW028,Oil,,,0.0
Iceland,1999,1A3C,ABFLOW030,Coal,,,0.0
Iceland,1999,1A3C,ABFLOW030,Natural gas,,,0.0
Iceland,1999,1A3C,ABFLOW030,Oil,,,0.0
Iceland,1999,1A3D1,ABFLOW039,Coal,,,0.0
Iceland,1999,1A3D1,ABFLOW039,Natural gas,,,0.0
Iceland,1999,1A3D1,ABFLOW039,Oil,,,0.0
Iceland,1999,1A3D2,ABFLOW032,Coal,,,0.0
Iceland,1999,1A3D2,ABFLOW032,Natural gas,,,0.0
Iceland,1999,1A3D2,ABFLOW032,Oil,,,0.0
Iceland,1999,1A3E1,ABFLOW033,Coal,,,0.0
Iceland,1999,1A3E1,ABFLOW033,Natural gas,,,0.0
Iceland,1999,1A3E1,ABFLOW033,Oil,,,0.0
Iceland,1999,1A4A,ABFLOW035,Coal,,,0.0
Iceland,1999,1A4A,ABFLOW035,Natural gas,,,0.0
Iceland,1999,1A4A,ABFLOW035,Oil,,,0.0
Iceland,1999,1A4B,ABFLOW034,Coal,,,0.0
Iceland,1999,1A4B,ABFLOW034,Natural gas,,,0.0
Iceland,1999,1A4B,ABFLOW034,Oil,,,0.0
Iceland,1999,1A4C1,ABFLOW036,Coal,,,0.0
Iceland,1999,1A4C1,ABFLOW036,Natural gas,,,0.0
Iceland,1999,1A4C1,ABFLOW036,Oil,,,0.0
Iceland,1999,1A4C2,ABFLOW037,Coal,,,0.0
Iceland,1999,1A4C2,ABFLOW037,Natural gas,,,0.0
Iceland,1999,1A4C2,ABFLOW037,Oil,,,0.0
Iceland,1999,1A5,ABFLOW038,Coal,,,0.0
Iceland,1999,1A5,ABFLOW038,Natural gas,,,0.0
Iceland,1999,1A5,ABFLOW038,Oil,,,0.0
Iceland,2000,1A,ABFLOW001,Coal,,,0.0
Iceland,2000,1A,ABFLOW001,Natural gas,,,0.0
Iceland,2000,1A,ABFLOW001,Oil,,,0.0
Iceland,2000,1A1A,ABFLOW002,Coal,,,0.0
Iceland,2000,1A1A,ABFLOW002,Natural gas,,,0.0
Iceland,2000,1A1A,ABFLOW002,Oil,,,0.0
Iceland,2000,1A1A1,ABFLOW003,Coal,,,0.0
Iceland,2000,1A1A1,ABFLOW003,Natural gas,,,0.0
Iceland,2000,1A1A1,ABFLOW003,Oil,,,0.0
Iceland,2000,1A1A2,ABFLOW004,Coal,,,0.0
Iceland,2000,1A1A2,ABFLOW004,Natural gas,,,0.0
Iceland,2000,1A1A2,ABFLOW004,Oil,,,0.0
Iceland,2000,1A1A3,ABFLOW005,Coal,,,0.0
Iceland,2000,1A1A3,ABFLOW005,Natural gas,,,0.0
Iceland,2000,1A1A3,ABFLOW005,Oil,,,0.0
Iceland,2000,1A1B,ABFLOW011,Coal,,,0.0
Iceland,2000,1A1B,ABFLOW011,Natural gas,,,0.0
Iceland,2000,1A1B,ABFLOW011,Oil,,,0.0
Iceland,2000,1A1C,ABFLOW011,Coal,,,0.0
Iceland,2000,1A1C,ABFLOW011,Natural gas,,,0.0
Iceland,2000,1A1C,ABFLOW011,Oil,,,0.0
Iceland,2000,1A2,ABFLOW012,Coal,,,0.0
Iceland,2000,1A2,ABFLOW012,Natural gas,,,0.0
Iceland,2000,1A2,ABFLOW012,Oil,,,0.0
Iceland,2000,1A2A,ABFLOW016,Coal,,,0.0
Iceland,2000,1A2A,ABFLOW016,Natural gas,,,0.0
Iceland,2000,1A2A,ABFLOW016,Oil,,,0.0
Iceland,2000,1A2B,ABFLOW018,Coal,,,0.0
Iceland,2000,1A2B,ABFLOW018,Natural gas,,,0.0
Iceland,2000,1A2B,ABFLOW018,Oil,,,0.0
Iceland,2000,1A2C,ABFLOW017,Coal,,,0.0
Iceland,2000,1A2C,ABFLOW017,Natural gas,,,0.0
Iceland,2000,1A2C,ABFLOW017,Oil,,,0.0
Iceland,2000,1A2D,ABFLOW023,Coal,,,0.0
Iceland,2000,1A2D,ABFLOW023,Natural gas,,,0.0
Iceland,2000,1A2D,ABFLOW023,Oil,,,0.0
Iceland,2000,1A2E,ABFLOW022,Coal,,,0.0
Iceland,2000,1A2E,ABFLOW022,Natural gas,,,0.0
Iceland,2000,1A2E,ABFLOW022,Oil,,,0.0
Iceland,2000,1A2F,ABFLOW019,Coal,,,0.0
Iceland,2000,1A2F,ABFLOW019,Natural gas,,,0.0
Iceland,2000,1A2F,ABFLOW019,Oil,,,0.0
Iceland,2000,1A2G,ABFLOW020,Coal,,,0.0
Iceland,2000,1A2G,ABFLOW020,Natural gas,,,0.0
Iceland,2000,1A2G,ABFLOW020,Oil,,,0.0
Iceland,2000,1A2H,ABFLOW021,Coal,,,0.0
Iceland,2000,1A2H,ABFLOW021,Natural gas,,,0.0
Iceland,2000,1A2H,ABFLOW021,Oil,,,0.0
Iceland,2000,1A2I,ABFLOW013,Coal,,,0.0
Iceland,2000,1A2I,ABFLOW013,Natural gas,,,0.0
Iceland,2000,1A2I,ABFLOW013,Oil,,,0.0
Iceland,2000,1A2J,ABFLOW024,Coal,,,0.0
Iceland,2000,1A2J,ABFLOW024,Natural gas,,,0.0
Iceland,2000,1A2J,ABFLOW024,Oil,,,0.0
Iceland,2000,1A2K,ABFLOW014,Coal,,,0.0
Iceland,2000,1A2K,ABFLOW014,Natural gas,,,0.0
Iceland,2000,1A2K,ABFLOW014,Oil,,,0.0
Iceland,2000,1A2L,ABFLOW025,Coal,,,0.0
Iceland,2000,1A2L,ABFLOW025,Natural gas,,,0.0
Iceland,2000,1A2L,ABFLOW025,Oil,,,0.0
Iceland,2000,1A2M,ABFLOW026,Coal,,,0.0
Iceland,2000,1A2M,ABFLOW026,Natural gas,,,0.0
Iceland,2000,1A2M,ABFLOW026,Oil,,,0.0
Iceland,2000,1A3,ABFLOW027,Coal,,,0.0
Iceland,2000,1A3,ABFLOW027,Natural gas,,,0.0
Iceland,2000,1A3,ABFLOW027,Oil,,,0.0
Iceland,2000,1A3A1,ABFLOW040,Coal,,,0.0
Iceland,2000,1A3A1,ABFLOW040,Natural gas,,,0.0
Iceland,2000,1A3A1,ABFLOW040,Oil,,,0.0
Iceland,2000,1A3A2,ABFLOW029,Coal,,,0.0
Iceland,2000,1A3A2,ABFLOW029,Natural gas,,,0.0
Iceland,2000,1A3A2,ABFLOW029,Oil,,,0.0
Iceland,2000,1A3B,ABFLOW028,Coal,,,0.0
Iceland,2000,1A3B,ABFLOW028,Natural gas,,,0.0
Iceland,2000,1A3B,ABFLOW028,Oil,,,0.0
Iceland,2000,1A3C,ABFLOW030,Coal,,,0.0
Iceland,2000,1A3C,ABFLOW030,Natural gas,,,0.0
Iceland,2000,1A3C,ABFLOW030,Oil,,,0.0
Iceland,2000,1A3D1,ABFLOW039,Coal,,,0.0
Iceland,2000,1A3D1,ABFLOW039,Natural gas,,,0.0
Iceland,2000,1A3D1,ABFLOW039,Oil,,,0.0
Iceland,2000,1A3D2,ABFLOW032,Coal,,,0.0
Iceland,2000,1A3D2,ABFLOW032,Natural gas,,,0.0
Iceland,2000,1A3D2,ABFLOW032,Oil,,,0.0
Iceland,2000,1A3E1,ABFLOW033,Coal,,,0.0
Iceland,2000,1A3E1,ABFLOW033,Natural gas,,,0.0
Iceland,2000,1A3E1,ABFLOW033,Oil,,,0.0
Iceland,2000,1A4A,ABFLOW035,Coal,,,0.0
Iceland,2000,1A4A,ABFLOW035,Natural gas,,,0.0
Iceland,2000,1A4A,ABFLOW035,Oil,,,0.0
Iceland,2000,1A4B,ABFLOW034,Coal,,,0.0
Iceland,2000,1A4B,ABFLOW034,Natural gas,,,0.0
Iceland,2000,1A4B,ABFLOW034,Oil,,,0.0
Iceland,2000,1A4C1,ABFLOW036,Coal,,,0.0
Iceland,2000,1A4C1,ABFLOW036,Natural gas,,,0.0
Iceland,2000,1A4C1,ABFLOW036,Oil,,,0.0
Iceland,2000,1A4C2,ABFLOW037,Coal,,,0.0
Iceland,2000,1A4C2,ABFLOW037,Natural gas,,,0.0
Iceland,2000,1A4C2,ABFLOW037,Oil,,,0.0
Iceland,2000,1A5,ABFLOW038,Coal,,,0.0
Iceland,2000,1A5,ABFLOW038,Natural gas,,,0.0
Iceland,2000,1A5,ABFLOW038,Oil,,,0.0
Iceland,2001,1A,ABFLOW001,Coal,,,0.0
Iceland,2001,1A,ABFLOW001,Natural gas,,,0.0
Iceland,2001,1A,ABFLOW001,Oil,,,0.0
Iceland,2001,1A1A,ABFLOW002,Coal,,,0.0
Iceland,2001,1A1A,ABFLOW002,Natural gas,,,0.0
Iceland,2001,1A1A,ABFLOW002,Oil,,,0.0
Iceland,2001,1A1A1,ABFLOW003,Coal,,,0.0
Iceland,2001,1A1A1,ABFLOW003,Natural gas,,,0.0
Iceland,2001,1A1A1,ABFLOW003,Oil,,,0.0
Iceland,2001,1A1A2,ABFLOW004,Coal,,,0.0
Iceland,2001,1A1A2,ABFLOW004,Natural gas,,,0.0
Iceland,2001,1A1A2,ABFLOW004,Oil,,,0.0
Iceland,2001,1A1A3,ABFLOW005,Coal,,,0.0
Iceland,2001,1A1A3,ABFLOW005,Natural gas,,,0.0
Iceland,2001,1A1A3,ABFLOW005,Oil,,,0.0
Iceland,2001,1A1B,ABFLOW011,Coal,,,0.0
Iceland,2001,1A1B,ABFLOW011,Natural gas,,,0.0
Iceland,2001,1A1B,ABFLOW011,Oil,,,0.0
Iceland,2001,1A1C,ABFLOW011,Coal,,,0.0
Iceland,2001,1A1C,ABFLOW011,Natural gas,,,0.0
Iceland,2001,1A1C,ABFLOW011,Oil,,,0.0
Iceland,2001,1A2,ABFLOW012,Coal,,,0.0
Iceland,2001,1A2,ABFLOW012,Natural gas,,,0.0
Iceland,2001,1A2,ABFLOW012,Oil,,,0.0
Iceland,2001,1A2A,ABFLOW016,Coal,,,0.0
Iceland,2001,1A2A,ABFLOW016,Natural gas,,,0.0
Iceland,2001,1A2A,ABFLOW016,Oil,,,0.0
Iceland,2001,1A2B,ABFLOW018,Coal,,,0.0
Iceland,2001,1A2B,ABFLOW018,Natural gas,,,0.0
Iceland,2001,1A2B,ABFLOW018,Oil,,,0.0
Iceland,2001,1A2C,ABFLOW017,Coal,,,0.0
Iceland,2001,1A2C,ABFLOW017,Natural gas,,,0.0
Iceland,2001,1A2C,ABFLOW017,Oil,,,0.0
Iceland,2001,1A2D,ABFLOW023,Coal,,,0.0
Iceland,2001,1A2D,ABFLOW023,Natural gas,,,0.0
Iceland,2001,1A2D,ABFLOW023,Oil,,,0.0
Iceland,2001,1A2E,ABFLOW022,Coal,,,0.0
Iceland,2001,1A2E,ABFLOW022,Natural gas,,,0.0
Iceland,2001,1A2E,ABFLOW022,Oil,,,0.0
Iceland,2001,1A2F,ABFLOW019,Coal,,,0.0
Iceland,2001,1A2F,ABFLOW019,Natural gas,,,0.0
Iceland,2001,1A2F,ABFLOW019,Oil,,,0.0
Iceland,2001,1A2G,ABFLOW020,Coal,,,0.0
Iceland,2001,1A2G,ABFLOW020,Natural gas,,,0.0
Iceland,2001,1A2G,ABFLOW020,Oil,,,0.0
Iceland,2001,1A2H,ABFLOW021,Coal,,,0.0
Iceland,2001,1A2H,ABFLOW021,Natural gas,,,0.0
Iceland,2001,1A2H,ABFLOW021,Oil,,,0.0
Iceland,2001,1A2I,ABFLOW013,Coal,,,0.0
Iceland,2001,1A2I,ABFLOW013,Natural gas,,,0.0
Iceland,2001,1A2I,ABFLOW013,Oil,,,0.0
Iceland,2001,1A2J,ABFLOW024,Coal,,,0.0
Iceland,2001,1A2J,ABFLOW024,Natural gas,,,0.0
Iceland,2001,1A2J,ABFLOW024,Oil,,,0.0
Iceland,2001,1A2K,ABFLOW014,Coal,,,0.0
Iceland,2001,1A2K,ABFLOW014,Natural gas,,,0.0
Iceland,2001,1A2K,ABFLOW014,Oil,,,0.0
Iceland,2001,1A2L,ABFLOW025,Coal,,,0.0
Iceland,2001,1A2L,ABFLOW025,Natural gas,,,0.0
Iceland,2001,1A2L,ABFLOW025,Oil,,,0.0
Iceland,2001,1A2M,ABFLOW026,Coal,,,0.0
Iceland,2001,1A2M,ABFLOW026,Natural gas,,,0.0
Iceland,2001,1A2M,ABFLOW026,Oil,,,0.0
Iceland,2001,1A3,ABFLOW027,Coal,,,0.0
Iceland,2001,1A3,ABFLOW027,Natural gas,,,0.0
Iceland,2001,1A3,ABFLOW027,Oil,,,0.0
Iceland,2001,1A3A1,ABFLOW040,Coal,,,0.0
Iceland,2001,1A3A1,ABFLOW040,Natural gas,,,0.0
Iceland,2001,1A3A1,ABFLOW040,Oil,,,0.0
Iceland,2001,1A3A2,ABFLOW029,Coal,,,0.0
Iceland,2001,1A3A2,ABFLOW029,Natural gas,,,0.0
Iceland,2001,1A3A2,ABFLOW029,Oil,,,0.0
Iceland,2001,1A3B,ABFLOW028,Coal,,,0.0
Iceland,2001,1A3B,ABFLOW028,Natural gas,,,0.0
Iceland,2001,1A3B,ABFLOW028,Oil,,,0.0
Iceland,2001,1A3C,ABFLOW030,Coal,,,0.0
Iceland,2001,1A3C,ABFLOW030,Natural gas,,,0.0
Iceland,2001,1A3C,ABFLOW030,Oil,,,0.0
Iceland,2001,1A3D1,ABFLOW039,Coal,,,0.0
Iceland,2001,1A3D1,ABFLOW039,Natural gas,,,0.0
Iceland,2001,1A3D1,ABFLOW039,Oil,,,0.0
Iceland,2001,1A3D2,ABFLOW032,Coal,,,0.0
Iceland,2001,1A3D2,ABFLOW032,Natural gas,,,0.0
Iceland,2001,1A3D2,ABFLOW032,Oil,,,0.0
Iceland,2001,1A3E1,ABFLOW033,Coal,,,0.0
Iceland,2001,1A3E1,ABFLOW033,Natural gas,,,0.0
Iceland,2001,1A3E1,ABFLOW033,Oil,,,0.0
Iceland,2001,1A4A,ABFLOW035,Coal,,,0.0
Iceland,2001,1A4A,ABFLOW035,Natural gas,,,0.0
Iceland,2001,1A4A,ABFLOW035,Oil,,,0.0
Iceland,2001,1A4B,ABFLOW034,Coal,,,0.0
Iceland,2001,1A4B,ABFLOW034,Natural gas,,,0.0
Iceland,2001,1A4B,ABFLOW034,Oil,,,0.0
Iceland,2001,1A4C1,ABFLOW036,Coal,,,0.0
Iceland,2001,1A4C1,ABFLOW036,Natural gas,,,0.0
Iceland,2001,1A4C1,ABFLOW036,Oil,,,0.0
Iceland,2001,1A4C2,ABFLOW037,Coal,,,0.0
Iceland,2001,1A4C2,ABFLOW037,Natural gas,,,0.0
Iceland,2001,1A4C2,ABFLOW037,Oil,,,0.0
Iceland,2001,1A5,ABFLOW038,Coal,,,0.0
Iceland,2001,1A5,ABFLOW038,Natural gas,,,0.0
Iceland,2001,1A5,ABFLOW038,Oil,,,0.0
Iceland,2002,1A,ABFLOW001,Coal,,,0.0
Iceland,2002,1A,ABFLOW001,Natural gas,,,0.0
Iceland,2002,1A,ABFLOW001,Oil,,,0.0
Iceland,2002,1A1A,ABFLOW002,Coal,,,0.0
Iceland,2002,1A1A,ABFLOW002,Natural gas,,,0.0
Iceland,2002,1A1A,ABFLOW002,Oil,,,0.0
Iceland,2002,1A1A1,ABFLOW003,Coal,,,0.0
Iceland,2002,1A1A1,ABFLOW003,Natural gas,,,0.0
Iceland,2002,1A1A1,ABFLOW003,Oil,,,0.0
Iceland,2002,1A1A2,ABFLOW004,Coal,,,0.0
Iceland,2002,1A1A2,ABFLOW004,Natural gas,,,0.0
Iceland,2002,1A1A2,ABFLOW004,Oil,,,0.0
Iceland,2002,1A1A3,ABFLOW005,Coal,,,0.0
Iceland,2002,1A1A3,ABFLOW005,Natural gas,,,0.0
Iceland,2002,1A1A3,ABFLOW005,Oil,,,0.0
Iceland,2002,1A1B,ABFLOW011,Coal,,,0.0
Iceland,2002,1A1B,ABFLOW011,Natural gas,,,0.0
Iceland,2002,1A1B,ABFLOW011,Oil,,,0.0
Iceland,2002,1A1C,ABFLOW011,Coal,,,0.0
Iceland,2002,1A1C,ABFLOW011,Natural gas,,,0.0
Iceland,2002,1A1C,ABFLOW011,Oil,,,0.0
Iceland,2002,1A2,ABFLOW012,Coal,,,0.0
Iceland,2002,1A2,ABFLOW012,Natural gas,,,0.0
Iceland,2002,1A2,ABFLOW012,Oil,,,0.0
Iceland,2002,1A2A,ABFLOW016,Coal,,,0.0
Iceland,2002,1A2A,ABFLOW016,Natural gas,,,0.0
Iceland,2002,1A2A,ABFLOW016,Oil,,,0.0
Iceland,2002,1A2B,ABFLOW018,Coal,,,0.0
Iceland,2002,1A2B,ABFLOW018,Natural gas,,,0.0
Iceland,2002,1A2B,ABFLOW018,Oil,,,0.0
Iceland,2002,1A2C,ABFLOW017,Coal,,,0.0
Iceland,2002,1A2C,ABFLOW017,Natural gas,,,0.0
Iceland,2002,1A2C,ABFLOW017,Oil,,,0.0
Iceland,2002,1A2D,ABFLOW023,Coal,,,0.0
Iceland,2002,1A2D,ABFLOW023,Natural gas,,,0.0
Iceland,2002,1A2D,ABFLOW023,Oil,,,0.0
Iceland,2002,1A2E,ABFLOW022,Coal,,,0.0
Iceland,2002,1A2E,ABFLOW022,Natural gas,,,0.0
Iceland,2002,1A2E,ABFLOW022,Oil,,,0.0
Iceland,2002,1A2F,ABFLOW019,Coal,,,0.0
Iceland,2002,1A2F,ABFLOW019,Natural gas,,,0.0
Iceland,2002,1A2F,ABFLOW019,Oil,,,0.0
Iceland,2002,1A2G,ABFLOW020,Coal,,,0.0
Iceland,2002,1A2G,ABFLOW020,Natural gas,,,0.0
Iceland,2002,1A2G,ABFLOW020,Oil,,,0.0
Iceland,2002,1A2H,ABFLOW021,Coal,,,0.0
Iceland,2002,1A2H,ABFLOW021,Natural gas,,,0.0
Iceland,2002,1A2H,ABFLOW021,Oil,,,0.0
Iceland,2002,1A2I,ABFLOW013,Coal,,,0.0
Iceland,2002,1A2I,ABFLOW013,Natural gas,,,0.0
Iceland,2002,1A2I,ABFLOW013,Oil,,,0.0
Iceland,2002,1A2J,ABFLOW024,Coal,,,0.0
Iceland,2002,1A2J,ABFLOW024,Natural gas,,,0.0
Iceland,2002,1A2J,ABFLOW024,Oil,,,0.0
Iceland,2002,1A2K,ABFLOW014,Coal,,,0.0
Iceland,2002,1A2K,ABFLOW014,Natural gas,,,0.0
Iceland,2002,1A2K,ABFLOW014,Oil,,,0.0
Iceland,2002,1A2L,ABFLOW025,Coal,,,0.0
Iceland,2002,1A2L,ABFLOW025,Natural gas,,,0.0
Iceland,2002,1A2L,ABFLOW025,Oil,,,0.0
Iceland,2002,1A2M,ABFLOW026,Coal,,,0.0
Iceland,2002,1A2M,ABFLOW026,Natural gas,,,0.0
Iceland,2002,1A2M,ABFLOW026,Oil,,,0.0
Iceland,2002,1A3,ABFLOW027,Coal,,,0.0
Iceland,2002,1A3,ABFLOW027,Natural gas,,,0.0
Iceland,2002,1A3,ABFLOW027,Oil,,,0.0
Iceland,2002,1A3A1,ABFLOW040,Coal,,,0.0
Iceland,2002,1A3A1,ABFLOW040,Natural gas,,,0.0
Iceland,2002,1A3A1,ABFLOW040,Oil,,,0.0
Iceland,2002,1A3A2,ABFLOW029,Coal,,,0.0
Iceland,2002,1A3A2,ABFLOW029,Natural gas,,,0.0
Iceland,2002,1A3A2,ABFLOW029,Oil,,,0.0
Iceland,2002,1A3B,ABFLOW028,Coal,,,0.0
Iceland,2002,1A3B,ABFLOW028,Natural gas,,,0.0
Iceland,2002,1A3B,ABFLOW028,Oil,,,0.0
Iceland,2002,1A3C,ABFLOW030,Coal,,,0.0
Iceland,2002,1A3C,ABFLOW030,Natural gas,,,0.0
Iceland,2002,1A3C,ABFLOW030,Oil,,,0.0
Iceland,2002,1A3D1,ABFLOW039,Coal,,,0.0
Iceland,2002,1A3D1,ABFLOW039,Natural gas,,,0.0
Iceland,2002,1A3D1,ABFLOW039,Oil,,,0.0
Iceland,2002,1A3D2,ABFLOW032,Coal,,,0.0
Iceland,2002,1A3D2,ABFLOW032,Natural gas,,,0.0
Iceland,2002,1A3D2,ABFLOW032,Oil,,,0.0
Iceland,2002,1A3E1,ABFLOW033,Coal,,,0.0
Iceland,2002,1A3E1,ABFLOW033,Natural gas,,,0.0
Iceland,2002,1A3E1,ABFLOW033,Oil,,,0.0
Iceland,2002,1A4A,ABFLOW035,Coal,,,0.0
Iceland,2002,1A4A,ABFLOW035,Natural gas,,,0.0
Iceland,2002,1A4A,ABFLOW035,Oil,,,0.0
Iceland,2002,1A4B,ABFLOW034,Coal,,,0.0
Iceland,2002,1A4B,ABFLOW034,Natural gas,,,0.0
Iceland,2002,1A4B,ABFLOW034,Oil,,,0.0
Iceland,2002,1A4C1,ABFLOW036,Coal,,,0.0
Iceland,2002,1A4C1,ABFLOW036,Natural gas,,,0.0
Iceland,2002,1A4C1,ABFLOW036,Oil,,,0.0
Iceland,2002,1A4C2,ABFLOW037,Coal,,,0.0
Iceland,2002,1A4C2,ABFLOW037,Natural gas,,,0.0
Iceland,2002,1A4C2,ABFLOW037,Oil,,,0.0
Iceland,2002,1A5,ABFLOW038,Coal,,,0.0
Iceland,2002,1A5,ABFLOW038,Natural gas,,,0.0
Iceland,2002,1A5,ABFLOW038,Oil,,,0.0
Iceland,2003,1A,ABFLOW001,Coal,,,0.0
Iceland,2003,1A,ABFLOW001,Natural gas,,,0.0
Iceland,2003,1A,ABFLOW001,Oil,,,0.0
Iceland,2003,1A1A,ABFLOW002,Coal,,,0.0
Iceland,2003,1A1A,ABFLOW002,Natural gas,,,0.0
Iceland,2003,1A1A,ABFLOW002,Oil,,,0.0
Iceland,2003,1A1A1,ABFLOW003,Coal,,,0.0
Iceland,2003,1A1A1,ABFLOW003,Natural gas,,,0.0
Iceland,2003,1A1A1,ABFLOW003,Oil,,,0.0
Iceland,2003,1A1A2,ABFLOW004,Coal,,,0.0
Iceland,2003,1A1A2,ABFLOW004,Natural gas,,,0.0
Iceland,2003,1A1A2,ABFLOW004,Oil,,,0.0
Iceland,2003,1A1A3,ABFLOW005,Coal,,,0.0
Iceland,2003,1A1A3,ABFLOW005,Natural gas,,,0.0
Iceland,2003,1A1A3,ABFLOW005,Oil,,,0.0
Iceland,2003,1A1B,ABFLOW011,Coal,,,0.0
Iceland,2003,1A1B,ABFLOW011,Natural gas,,,0.0
Iceland,2003,1A1B,ABFLOW011,Oil,,,0.0
Iceland,2003,1A1C,ABFLOW011,Coal,,,0.0
Iceland,2003,1A1C,ABFLOW011,Natural gas,,,0.0
Iceland,2003,1A1C,ABFLOW011,Oil,,,0.0
Iceland,2003,1A2,ABFLOW012,Coal,,,0.0
Iceland,2003,1A2,ABFLOW012,Natural gas,,,0.0
Iceland,2003,1A2,ABFLOW012,Oil,,,0.0
Iceland,2003,1A2A,ABFLOW016,Coal,,,0.0
Iceland,2003,1A2A,ABFLOW016,Natural gas,,,0.0
Iceland,2003,1A2A,ABFLOW016,Oil,,,0.0
Iceland,2003,1A2B,ABFLOW018,Coal,,,0.0
Iceland,2003,1A2B,ABFLOW018,Natural gas,,,0.0
Iceland,2003,1A2B,ABFLOW018,Oil,,,0.0
Iceland,2003,1A2C,ABFLOW017,Coal,,,0.0
Iceland,2003,1A2C,ABFLOW017,Natural gas,,,0.0
Iceland,2003,1A2C,ABFLOW017,Oil,,,0.0
Iceland,2003,1A2D,ABFLOW023,Coal,,,0.0
Iceland,2003,1A2D,ABFLOW023,Natural gas,,,0.0
Iceland,2003,1A2D,ABFLOW023,Oil,,,0.0
Iceland,2003,1A2E,ABFLOW022,Coal,,,0.0
Iceland,2003,1A2E,ABFLOW022,Natural gas,,,0.0
Iceland,2003,1A2E,ABFLOW022,Oil,,,0.0
Iceland,2003,1A2F,ABFLOW019,Coal,,,0.0
Iceland,2003,1A2F,ABFLOW019,Natural gas,,,0.0
Iceland,2003,1A2F,ABFLOW019,Oil,,,0.0
Iceland,2003,1A2G,ABFLOW020,Coal,,,0.0
Iceland,2003,1A2G,ABFLOW020,Natural gas,,,0.0
Iceland,2003,1A2G,ABFLOW020,Oil,,,0.0
Iceland,2003,1A2H,ABFLOW021,Coal,,,0.0
Iceland,2003,1A2H,ABFLOW021,Natural gas,,,0.0
Iceland,2003,1A2H,ABFLOW021,Oil,,,0.0
Iceland,2003,1A2I,ABFLOW013,Coal,,,0.0
Iceland,2003,1A2I,ABFLOW013,Natural gas,,,0.0
Iceland,2003,1A2I,ABFLOW013,Oil,,,0.0
Iceland,2003,1A2J,ABFLOW024,Coal,,,0.0
Iceland,2003,1A2J,ABFLOW024,Natural gas,,,0.0
Iceland,2003,1A2J,ABFLOW024,Oil,,,0.0
Iceland,2003,1A2K,ABFLOW014,Coal,,,0.0
Iceland,2003,1A2K,ABFLOW014,Natural gas,,,0.0
Iceland,2003,1A2K,ABFLOW014,Oil,,,0.0
Iceland,2003,1A2L,ABFLOW025,Coal,,,0.0
Iceland,2003,1A2L,ABFLOW025,Natural gas,,,0.0
Iceland,2003,1A2L,ABFLOW025,Oil,,,0.0
Iceland,2003,1A2M,ABFLOW026,Coal,,,0.0
Iceland,2003,1A2M,ABFLOW026,Natural gas,,,0.0
Iceland,2003,1A2M,ABFLOW026,Oil,,,0.0
Iceland,2003,1A3,ABFLOW027,Coal,,,0.0
Iceland,2003,1A3,ABFLOW027,Natural gas,,,0.0
Iceland,2003,1A3,ABFLOW027,Oil,,,0.0
Iceland,2003,1A3A1,ABFLOW040,Coal,,,0.0
Iceland,2003,1A3A1,ABFLOW040,Natural gas,,,0.0
Iceland,2003,1A3A1,ABFLOW040,Oil,,,0.0
Iceland,2003,1A3A2,ABFLOW029,Coal,,,0.0
Iceland,2003,1A3A2,ABFLOW029,Natural gas,,,0.0
Iceland,2003,1A3A2,ABFLOW029,Oil,,,0.0
Iceland,2003,1A3B,ABFLOW028,Coal,,,0.0
Iceland,2003,1A3B,ABFLOW028,Natural gas,,,0.0
Iceland,2003,1A3B,ABFLOW028,Oil,,,0.0
Iceland,2003,1A3C,ABFLOW030,Coal,,,0.0
Iceland,2003,1A3C,ABFLOW030,Natural gas,,,0.0
Iceland,2003,1A3C,ABFLOW030,Oil,,,0.0
Iceland,2003,1A3D1,ABFLOW039,Coal,,,0.0
Iceland,2003,1A3D1,ABFLOW039,Natural gas,,,0.0
Iceland,2003,1A3D1,ABFLOW039,Oil,,,0.0
Iceland,2003,1A3D2,ABFLOW032,Coal,,,0.0
Iceland,2003,1A3D2,ABFLOW032,Natural gas,,,0.0
Iceland,2003,1A3D2,ABFLOW032,Oil,,,0.0
Iceland,2003,1A3E1,ABFLOW033,Coal,,,0.0
Iceland,2003,1A3E1,ABFLOW033,Natural gas,,,0.0
Iceland,2003,1A3E1,ABFLOW033,Oil,,,0.0
Iceland,2003,1A4A,ABFLOW035,Coal,,,0.0
Iceland,2003,1A4A,ABFLOW035,Natural gas,,,0.0
Iceland,2003,1A4A,ABFLOW035,Oil,,,0.0
Iceland,2003,1A4B,ABFLOW034,Coal,,,0.0
Iceland,2003,1A4B,ABFLOW034,Natural gas,,,0.0
Iceland,2003,1A4B,ABFLOW034,Oil,,,0.0
Iceland,2003,1A4C1,ABFLOW036,Coal,,,0.0
Iceland,2003,1A4C1,ABFLOW036,Natural gas,,,0.0
Iceland,2003,1A4C1,ABFLOW036,Oil,,,0.0
Iceland,2003,1A4C2,ABFLOW037,Coal,,,0.0
Iceland,2003,1A4C2,ABFLOW037,Natural gas,,,0.0
Iceland,2003,1A4C2,ABFLOW037,Oil,,,0.0
Iceland,2003,1A5,ABFLOW038,Coal,,,0.0
Iceland,2003,1A5,ABFLOW038,Natural gas,,,0.0
Iceland,2003,1A5,ABFLOW038,Oil,,,0.0
Iceland,2004,1A,ABFLOW001,Coal,,,0.0
Iceland,2004,1A,ABFLOW001,Natural gas,,,0.0
Iceland,2004,1A,ABFLOW001,Oil,,,0.0
Iceland,2004,1A1A,ABFLOW002,Coal,,,0.0
Iceland,2004,1A1A,ABFLOW002,Natural gas,,,0.0
Iceland,2004,1A1A,ABFLOW002,Oil,,,0.0
Iceland,2004,1A1A1,ABFLOW003,Coal,,,0.0
Iceland,2004,1A1A1,ABFLOW003,Natural gas,,,0.0
Iceland,2004,1A1A1,ABFLOW003,Oil,,,0.0
Iceland,2004,1A1A2,ABFLOW004,Coal,,,0.0
Iceland,2004,1A1A2,ABFLOW004,Natural gas,,,0.0
Iceland,2004,1A1A2,ABFLOW004,Oil,,,0.0
Iceland,2004,1A1A3,ABFLOW005,Coal,,,0.0
Iceland,2004,1A1A3,ABFLOW005,Natural gas,,,0.0
Iceland,2004,1A1A3,ABFLOW005,Oil,,,0.0
Iceland,2004,1A1B,ABFLOW011,Coal,,,0.0
Iceland,2004,1A1B,ABFLOW011,Natural gas,,,0.0
Iceland,2004,1A1B,ABFLOW011,Oil,,,0.0
Iceland,2004,1A1C,ABFLOW011,Coal,,,0.0
Iceland,2004,1A1C,ABFLOW011,Natural gas,,,0.0
Iceland,2004,1A1C,ABFLOW011,Oil,,,0.0
Iceland,2004,1A2,ABFLOW012,Coal,,,0.0
Iceland,2004,1A2,ABFLOW012,Natural gas,,,0.0
Iceland,2004,1A2,ABFLOW012,Oil,,,0.0
Iceland,2004,1A2A,ABFLOW016,Coal,,,0.0
Iceland,2004,1A2A,ABFLOW016,Natural gas,,,0.0
Iceland,2004,1A2A,ABFLOW016,Oil,,,0.0
Iceland,2004,1A2B,ABFLOW018,Coal,,,0.0
Iceland,2004,1A2B,ABFLOW018,Natural gas,,,0.0
Iceland,2004,1A2B,ABFLOW018,Oil,,,0.0
Iceland,2004,1A2C,ABFLOW017,Coal,,,0.0
Iceland,2004,1A2C,ABFLOW017,Natural gas,,,0.0
Iceland,2004,1A2C,ABFLOW017,Oil,,,0.0
Iceland,2004,1A2D,ABFLOW023,Coal,,,0.0
Iceland,2004,1A2D,ABFLOW023,Natural gas,,,0.0
Iceland,2004,1A2D,ABFLOW023,Oil,,,0.0
Iceland,2004,1A2E,ABFLOW022,Coal,,,0.0
Iceland,2004,1A2E,ABFLOW022,Natural gas,,,0.0
Iceland,2004,1A2E,ABFLOW022,Oil,,,0.0
Iceland,2004,1A2F,ABFLOW019,Coal,,,0.0
Iceland,2004,1A2F,ABFLOW019,Natural gas,,,0.0
Iceland,2004,1A2F,ABFLOW019,Oil,,,0.0
Iceland,2004,1A2G,ABFLOW020,Coal,,,0.0
Iceland,2004,1A2G,ABFLOW020,Natural gas,,,0.0
Iceland,2004,1A2G,ABFLOW020,Oil,,,0.0
Iceland,2004,1A2H,ABFLOW021,Coal,,,0.0
Iceland,2004,1A2H,ABFLOW021,Natural gas,,,0.0
Iceland,2004,1A2H,ABFLOW021,Oil,,,0.0
Iceland,2004,1A2I,ABFLOW013,Coal,,,0.0
Iceland,2004,1A2I,ABFLOW013,Natural gas,,,0.0
Iceland,2004,1A2I,ABFLOW013,Oil,,,0.0
Iceland,2004,1A2J,ABFLOW024,Coal,,,0.0
Iceland,2004,1A2J,ABFLOW024,Natural gas,,,0.0
Iceland,2004,1A2J,ABFLOW024,Oil,,,0.0
Iceland,2004,1A2K,ABFLOW014,Coal,,,0.0
Iceland,2004,1A2K,ABFLOW014,Natural gas,,,0.0
Iceland,2004,1A2K,ABFLOW014,Oil,,,0.0
Iceland,2004,1A2L,ABFLOW025,Coal,,,0.0
Iceland,2004,1A2L,ABFLOW025,Natural gas,,,0.0
Iceland,2004,1A2L,ABFLOW025,Oil,,,0.0
Iceland,2004,1A2M,ABFLOW026,Coal,,,0.0
Iceland,2004,1A2M,ABFLOW026,Natural gas,,,0.0
Iceland,2004,1A2M,ABFLOW026,Oil,,,0.0
Iceland,2004,1A3,ABFLOW027,Coal,,,0.0
Iceland,2004,1A3,ABFLOW027,Natural gas,,,0.0
Iceland,2004,1A3,ABFLOW027,Oil,,,0.0
Iceland,2004,1A3A1,ABFLOW040,Coal,,,0.0
Iceland,2004,1A3A1,ABFLOW040,Natural gas,,,0.0
Iceland,2004,1A3A1,ABFLOW040,Oil,,,0.0
Iceland,2004,1A3A2,ABFLOW029,Coal,,,0.0
Iceland,2004,1A3A2,ABFLOW029,Natural gas,,,0.0
Iceland,2004,1A3A2,ABFLOW029,Oil,,,0.0
Iceland,2004,1A3B,ABFLOW028,Coal,,,0.0
Iceland,2004,1A3B,ABFLOW028,Natural gas,,,0.0
Iceland,2004,1A3B,ABFLOW028,Oil,,,0.0
Iceland,2004,1A3C,ABFLOW030,Coal,,,0.0
Iceland,2004,1A3C,ABFLOW030,Natural gas,,,0.0
Iceland,2004,1A3C,ABFLOW030,Oil,,,0.0
Iceland,2004,1A3D1,ABFLOW039,Coal,,,0.0
Iceland,2004,1A3D1,ABFLOW039,Natural gas,,,0.0
Iceland,2004,1A3D1,ABFLOW039,Oil,,,0.0
Iceland,2004,1A3D2,ABFLOW032,Coal,,,0.0
Iceland,2004,1A3D2,ABFLOW032,Natural gas,,,0.0
Iceland,2004,1A3D2,ABFLOW032,Oil,,,0.0
Iceland,2004,1A3E1,ABFLOW033,Coal,,,0.0
Iceland,2004,1A3E1,ABFLOW033,Natural gas,,,0.0
Iceland,2004,1A3E1,ABFLOW033,Oil,,,0.0
Iceland,2004,1A4A,ABFLOW035,Coal,,,0.0
Iceland,2004,1A4A,ABFLOW035,Natural gas,,,0.0
Iceland,2004,1A4A,ABFLOW035,Oil,,,0.0
Iceland,2004,1A4B,ABFLOW034,Coal,,,0.0
Iceland,2004,1A4B,ABFLOW034,Natural gas,,,0.0
Iceland,2004,1A4B,ABFLOW034,Oil,,,0.0
Iceland,2004,1A4C1,ABFLOW036,Coal,,,0.0
Iceland,2004,1A4C1,ABFLOW036,Natural gas,,,0.0
Iceland,2004,1A4C1,ABFLOW036,Oil,,,0.0
Iceland,2004,1A4C2,ABFLOW037,Coal,,,0.0
Iceland,2004,1A4C2,ABFLOW037,Natural gas,,,0.0
Iceland,2004,1A4C2,ABFLOW037,Oil,,,0.0
Iceland,2004,1A5,ABFLOW038,Coal,,,0.0
Iceland,2004,1A5,ABFLOW038,Natural gas,,,0.0
Iceland,2004,1A5,ABFLOW038,Oil,,,0.0
Iceland,2005,1A,ABFLOW001,Coal,,,0.0
Iceland,2005,1A,ABFLOW001,Natural gas,,,0.0
Iceland,2005,1A,ABFLOW001,Oil,,,0.0
Iceland,2005,1A1A,ABFLOW002,Coal,,,0.0
Iceland,2005,1A1A,ABFLOW002,Natural gas,,,0.0
Iceland,2005,1A1A,ABFLOW002,Oil,,,0.0
Iceland,2005,1A1A1,ABFLOW003,Coal,,,0.0
Iceland,2005,1A1A1,ABFLOW003,Natural gas,,,0.0
Iceland,2005,1A1A1,ABFLOW003,Oil,,,0.0
Iceland,2005,1A1A2,ABFLOW004,Coal,,,0.0
Iceland,2005,1A1A2,ABFLOW004,Natural gas,,,0.0
Iceland,2005,1A1A2,ABFLOW004,Oil,,,0.0
Iceland,2005,1A1A3,ABFLOW005,Coal,,,0.0
Iceland,2005,1A1A3,ABFLOW005,Natural gas,,,0.0
Iceland,2005,1A1A3,ABFLOW005,Oil,,,0.0
Iceland,2005,1A1B,ABFLOW011,Coal,,,0.0
Iceland,2005,1A1B,ABFLOW011,Natural gas,,,0.0
Iceland,2005,1A1B,ABFLOW011,Oil,,,0.0
Iceland,2005,1A1C,ABFLOW011,Coal,,,0.0
Iceland,2005,1A1C,ABFLOW011,Natural gas,,,0.0
Iceland,2005,1A1C,ABFLOW011,Oil,,,0.0
Iceland,2005,1A2,ABFLOW012,Coal,,,0.0
Iceland,2005,1A2,ABFLOW012,Natural gas,,,0.0
Iceland,2005,1A2,ABFLOW012,Oil,,,0.0
Iceland,2005,1A2A,ABFLOW016,Coal,,,0.0
Iceland,2005,1A2A,ABFLOW016,Natural gas,,,0.0
Iceland,2005,1A2A,ABFLOW016,Oil,,,0.0
Iceland,2005,1A2B,ABFLOW018,Coal,,,0.0
Iceland,2005,1A2B,ABFLOW018,Natural gas,,,0.0
Iceland,2005,1A2B,ABFLOW018,Oil,,,0.0
Iceland,2005,1A2C,ABFLOW017,Coal,,,0.0
Iceland,2005,1A2C,ABFLOW017,Natural gas,,,0.0
Iceland,2005,1A2C,ABFLOW017,Oil,,,0.0
Iceland,2005,1A2D,ABFLOW023,Coal,,,0.0
Iceland,2005,1A2D,ABFLOW023,Natural gas,,,0.0
Iceland,2005,1A2D,ABFLOW023,Oil,,,0.0
Iceland,2005,1A2E,ABFLOW022,Coal,,,0.0
Iceland,2005,1A2E,ABFLOW022,Natural gas,,,0.0
Iceland,2005,1A2E,ABFLOW022,Oil,,,0.0
Iceland,2005,1A2F,ABFLOW019,Coal,,,0.0
Iceland,2005,1A2F,ABFLOW019,Natural gas,,,0.0
Iceland,2005,1A2F,ABFLOW019,Oil,,,0.0
Iceland,2005,1A2G,ABFLOW020,Coal,,,0.0
Iceland,2005,1A2G,ABFLOW020,Natural gas,,,0.0
Iceland,2005,1A2G,ABFLOW020,Oil,,,0.0
Iceland,2005,1A2H,ABFLOW021,Coal,,,0.0
Iceland,2005,1A2H,ABFLOW021,Natural gas,,,0.0
Iceland,2005,1A2H,ABFLOW021,Oil,,,0.0
Iceland,2005,1A2I,ABFLOW013,Coal,,,0.0
Iceland,2005,1A2I,ABFLOW013,Natural gas,,,0.0
Iceland,2005,1A2I,ABFLOW013,Oil,,,0.0
Iceland,2005,1A2J,ABFLOW024,Coal,,,0.0
Iceland,2005,1A2J,ABFLOW024,Natural gas,,,0.0
Iceland,2005,1A2J,ABFLOW024,Oil,,,0.0
Iceland,2005,1A2K,ABFLOW014,Coal,,,0.0
Iceland,2005,1A2K,ABFLOW014,Natural gas,,,0.0
Iceland,2005,1A2K,ABFLOW014,Oil,,,0.0
Iceland,2005,1A2L,ABFLOW025,Coal,,,0.0
Iceland,2005,1A2L,ABFLOW025,Natural gas,,,0.0
Iceland,2005,1A2L,ABFLOW025,Oil,,,0.0
Iceland,2005,1A2M,ABFLOW026,Coal,,,0.0
Iceland,2005,1A2M,ABFLOW026,Natural gas,,,0.0
Iceland,2005,1A2M,ABFLOW026,Oil,,,0.0
Iceland,2005,1A3,ABFLOW027,Coal,,,0.0
Iceland,2005,1A3,ABFLOW027,Natural gas,,,0.0
Iceland,2005,1A3,ABFLOW027,Oil,,,0.0
Iceland,2005,1A3A1,ABFLOW040,Coal,,,0.0
Iceland,2005,1A3A1,ABFLOW040,Natural gas,,,0.0
Iceland,2005,1A3A1,ABFLOW040,Oil,,,0.0
Iceland,2005,1A3A2,ABFLOW029,Coal,,,0.0
Iceland,2005,1A3A2,ABFLOW029,Natural gas,,,0.0
Iceland,2005,1A3A2,ABFLOW029,Oil,,,0.0
Iceland,2005,1A3B,ABFLOW028,Coal,,,0.0
Iceland,2005,1A3B,ABFLOW028,Natural gas,,,0.0
Iceland,2005,1A3B,ABFLOW028,Oil,,,0.0
Iceland,2005,1A3C,ABFLOW030,Coal,,,0.0
Iceland,2005,1A3C,ABFLOW030,Natural gas,,,0.0
Iceland,2005,1A3C,ABFLOW030,Oil,,,0.0
Iceland,2005,1A3D1,ABFLOW039,Coal,,,0.0
Iceland,2005,1A3D1,ABFLOW039,Natural gas,,,0.0
Iceland,2005,1A3D1,ABFLOW039,Oil,,,0.0
Iceland,2005,1A3D2,ABFLOW032,Coal,,,0.0
Iceland,2005,1A3D2,ABFLOW032,Natural gas,,,0.0
Iceland,2005,1A3D2,ABFLOW032,Oil,,,0.0
Iceland,2005,1A3E1,ABFLOW033,Coal,,,0.0
Iceland,2005,1A3E1,ABFLOW033,Natural gas,,,0.0
Iceland,2005,1A3E1,ABFLOW033,Oil,,,0.0
Iceland,2005,1A4A,ABFLOW035,Coal,,,0.0
Iceland,2005,1A4A,ABFLOW035,Natural gas,,,0.0
Iceland,2005,1A4A,ABFLOW035,Oil,,,0.0
Iceland,2005,1A4B,ABFLOW034,Coal,,,0.0
Iceland,2005,1A4B,ABFLOW034,Natural gas,,,0.0
Iceland,2005,1A4B,ABFLOW034,Oil,,,0.0
Iceland,2005,1A4C1,ABFLOW036,Coal,,,0.0
Iceland,2005,1A4C1,ABFLOW036,Natural gas,,,0.0
Iceland,2005,1A4C1,ABFLOW036,Oil,,,0.0
Iceland,2005,1A4C2,ABFLOW037,Coal,,,0.0
Iceland,2005,1A4C2,ABFLOW037,Natural gas,,,0.0
Iceland,2005,1A4C2,ABFLOW037,Oil,,,0.0
Iceland,2005,1A5,ABFLOW038,Coal,,,0.0
Iceland,2005,1A5,ABFLOW038,Natural gas,,,0.0
Iceland,2005,1A5,ABFLOW038,Oil,,,0.0
Iceland,2006,1A,ABFLOW001,Coal,,,0.0
Iceland,2006,1A,ABFLOW001,Natural gas,,,0.0
Iceland,2006,1A,ABFLOW001,Oil,,,0.0
Iceland,2006,1A1A,ABFLOW002,Coal,,,0.0
Iceland,2006,1A1A,ABFLOW002,Natural gas,,,0.0
Iceland,2006,1A1A,ABFLOW002,Oil,,,0.0
Iceland,2006,1A1A1,ABFLOW003,Coal,,,0.0
Iceland,2006,1A1A1,ABFLOW003,Natural gas,,,0.0
Iceland,2006,1A1A1,ABFLOW003,Oil,,,0.0
Iceland,2006,1A1A2,ABFLOW004,Coal,,,0.0
Iceland,2006,1A1A2,ABFLOW004,Natural gas,,,0.0
Iceland,2006,1A1A2,ABFLOW004,Oil,,,0.0
Iceland,2006,1A1A3,ABFLOW005,Coal,,,0.0
Iceland,2006,1A1A3,ABFLOW005,Natural gas,,,0.0
Iceland,2006,1A1A3,ABFLOW005,Oil,,,0.0
Iceland,2006,1A1B,ABFLOW011,Coal,,,0.0
Iceland,2006,1A1B,ABFLOW011,Natural gas,,,0.0
Iceland,2006,1A1B,ABFLOW011,Oil,,,0.0
Iceland,2006,1A1C,ABFLOW011,Coal,,,0.0
Iceland,2006,1A1C,ABFLOW011,Natural gas,,,0.0
Iceland,2006,1A1C,ABFLOW011,Oil,,,0.0
Iceland,2006,1A2,ABFLOW012,Coal,,,0.0
Iceland,2006,1A2,ABFLOW012,Natural gas,,,0.0
Iceland,2006,1A2,ABFLOW012,Oil,,,0.0
Iceland,2006,1A2A,ABFLOW016,Coal,,,0.0
Iceland,2006,1A2A,ABFLOW016,Natural gas,,,0.0
Iceland,2006,1A2A,ABFLOW016,Oil,,,0.0
Iceland,2006,1A2B,ABFLOW018,Coal,,,0.0
Iceland,2006,1A2B,ABFLOW018,Natural gas,,,0.0
Iceland,2006,1A2B,ABFLOW018,Oil,,,0.0
Iceland,2006,1A2C,ABFLOW017,Coal,,,0.0
Iceland,2006,1A2C,ABFLOW017,Natural gas,,,0.0
Iceland,2006,1A2C,ABFLOW017,Oil,,,0.0
Iceland,2006,1A2D,ABFLOW023,Coal,,,0.0
Iceland,2006,1A2D,ABFLOW023,Natural gas,,,0.0
Iceland,2006,1A2D,ABFLOW023,Oil,,,0.0
Iceland,2006,1A2E,ABFLOW022,Coal,,,0.0
Iceland,2006,1A2E,ABFLOW022,Natural gas,,,0.0
Iceland,2006,1A2E,ABFLOW022,Oil,,,0.0
Iceland,2006,1A2F,ABFLOW019,Coal,,,0.0
Iceland,2006,1A2F,ABFLOW019,Natural gas,,,0.0
Iceland,2006,1A2F,ABFLOW019,Oil,,,0.0
Iceland,2006,1A2G,ABFLOW020,Coal,,,0.0
Iceland,2006,1A2G,ABFLOW020,Natural gas,,,0.0
Iceland,2006,1A2G,ABFLOW020,Oil,,,0.0
Iceland,2006,1A2H,ABFLOW021,Coal,,,0.0
Iceland,2006,1A2H,ABFLOW021,Natural gas,,,0.0
Iceland,2006,1A2H,ABFLOW021,Oil,,,0.0
Iceland,2006,1A2I,ABFLOW013,Coal,,,0.0
Iceland,2006,1A2I,ABFLOW013,Natural gas,,,0.0
Iceland,2006,1A2I,ABFLOW013,Oil,,,0.0
Iceland,2006,1A2J,ABFLOW024,Coal,,,0.0
Iceland,2006,1A2J,ABFLOW024,Natural gas,,,0.0
Iceland,2006,1A2J,ABFLOW024,Oil,,,0.0
Iceland,2006,1A2K,ABFLOW014,Coal,,,0.0
Iceland,2006,1A2K,ABFLOW014,Natural gas,,,0.0
Iceland,2006,1A2K,ABFLOW014,Oil,,,0.0
Iceland,2006,1A2L,ABFLOW025,Coal,,,0.0
Iceland,2006,1A2L,ABFLOW025,Natural gas,,,0.0
Iceland,2006,1A2L,ABFLOW025,Oil,,,0.0
Iceland,2006,1A2M,ABFLOW026,Coal,,,0.0
Iceland,2006,1A2M,ABFLOW026,Natural gas,,,0.0
Iceland,2006,1A2M,ABFLOW026,Oil,,,0.0
Iceland,2006,1A3,ABFLOW027,Coal,,,0.0
Iceland,2006,1A3,ABFLOW027,Natural gas,,,0.0
Iceland,2006,1A3,ABFLOW027,Oil,,,0.0
Iceland,2006,1A3A1,ABFLOW040,Coal,,,0.0
Iceland,2006,1A3A1,ABFLOW040,Natural gas,,,0.0
Iceland,2006,1A3A1,ABFLOW040,Oil,,,0.0
Iceland,2006,1A3A2,ABFLOW029,Coal,,,0.0
Iceland,2006,1A3A2,ABFLOW029,Natural gas,,,0.0
Iceland,2006,1A3A2,ABFLOW029,Oil,,,0.0
Iceland,2006,1A3B,ABFLOW028,Coal,,,0.0
Iceland,2006,1A3B,ABFLOW028,Natural gas,,,0.0
Iceland,2006,1A3B,ABFLOW028,Oil,,,0.0
Iceland,2006,1A3C,ABFLOW030,Coal,,,0.0
Iceland,2006,1A3C,ABFLOW030,Natural gas,,,0.0
Iceland,2006,1A3C,ABFLOW030,Oil,,,0.0
Iceland,2006,1A3D1,ABFLOW039,Coal,,,0.0
Iceland,2006,1A3D1,ABFLOW039,Natural gas,,,0.0
Iceland,2006,1A3D1,ABFLOW039,Oil,,,0.0
Iceland,2006,1A3D2,ABFLOW032,Coal,,,0.0
Iceland,2006,1A3D2,ABFLOW032,Natural gas,,,0.0
Iceland,2006,1A3D2,ABFLOW032,Oil,,,0.0
Iceland,2006,1A3E1,ABFLOW033,Coal,,,0.0
Iceland,2006,1A3E1,ABFLOW033,Natural gas,,,0.0
Iceland,2006,1A3E1,ABFLOW033,Oil,,,0.0
Iceland,2006,1A4A,ABFLOW035,Coal,,,0.0
Iceland,2006,1A4A,ABFLOW035,Natural gas,,,0.0
Iceland,2006,1A4A,ABFLOW035,Oil,,,0.0
Iceland,2006,1A4B,ABFLOW034,Coal,,,0.0
Iceland,2006,1A4B,ABFLOW034,Natural gas,,,0.0
Iceland,2006,1A4B,ABFLOW034,Oil,,,0.0
Iceland,2006,1A4C1,ABFLOW036,Coal,,,0.0
Iceland,2006,1A4C1,ABFLOW036,Natural gas,,,0.0
Iceland,2006,1A4C1,ABFLOW036,Oil,,,0.0
Iceland,2006,1A4C2,ABFLOW037,Coal,,,0.0
Iceland,2006,1A4C2,ABFLOW037,Natural gas,,,0.0
Iceland,2006,1A4C2,ABFLOW037,Oil,,,0.0
Iceland,2006,1A5,ABFLOW038,Coal,,,0.0
Iceland,2006,1A5,ABFLOW038,Natural gas,,,0.0
Iceland,2006,1A5,ABFLOW038,Oil,,,0.0
Iceland,2007,1A,ABFLOW001,Coal,,,0.0
Iceland,2007,1A,ABFLOW001,Natural gas,,,0.0
Iceland,2007,1A,ABFLOW001,Oil,,,0.0
Iceland,2007,1A1A,ABFLOW002,Coal,,,0.0
Iceland,2007,1A1A,ABFLOW002,Natural gas,,,0.0
Iceland,2007,1A1A,ABFLOW002,Oil,,,0.0
Iceland,2007,1A1A1,ABFLOW003,Coal,,,0.0
Iceland,2007,1A1A1,ABFLOW003,Natural gas,,,0.0
Iceland,2007,1A1A1,ABFLOW003,Oil,,,0.0
Iceland,2007,1A1A2,ABFLOW004,Coal,,,0.0
Iceland,2007,1A1A2,ABFLOW004,Natural gas,,,0.0
Iceland,2007,1A1A2,ABFLOW004,Oil,,,0.0
Iceland,2007,1A1A3,ABFLOW005,Coal,,,0.0
Iceland,2007,1A1A3,ABFLOW005,Natural gas,,,0.0
Iceland,2007,1A1A3,ABFLOW005,Oil,,,0.0
Iceland,2007,1A1B,ABFLOW011,Coal,,,0.0
Iceland,2007,1A1B,ABFLOW011,Natural gas,,,0.0
Iceland,2007,1A1B,ABFLOW011,Oil,,,0.0
Iceland,2007,1A1C,ABFLOW011,Coal,,,0.0
Iceland,2007,1A1C,ABFLOW011,Natural gas,,,0.0
Iceland,2007,1A1C,ABFLOW011,Oil,,,0.0
Iceland,2007,1A2,ABFLOW012,Coal,,,0.0
Iceland,2007,1A2,ABFLOW012,Natural gas,,,0.0
Iceland,2007,1A2,ABFLOW012,Oil,,,0.0
Iceland,2007,1A2A,ABFLOW016,Coal,,,0.0
Iceland,2007,1A2A,ABFLOW016,Natural gas,,,0.0
Iceland,2007,1A2A,ABFLOW016,Oil,,,0.0
Iceland,2007,1A2B,ABFLOW018,Coal,,,0.0
Iceland,2007,1A2B,ABFLOW018,Natural gas,,,0.0
Iceland,2007,1A2B,ABFLOW018,Oil,,,0.0
Iceland,2007,1A2C,ABFLOW017,Coal,,,0.0
Iceland,2007,1A2C,ABFLOW017,Natural gas,,,0.0
Iceland,2007,1A2C,ABFLOW017,Oil,,,0.0
Iceland,2007,1A2D,ABFLOW023,Coal,,,0.0
Iceland,2007,1A2D,ABFLOW023,Natural gas,,,0.0
Iceland,2007,1A2D,ABFLOW023,Oil,,,0.0
Iceland,2007,1A2E,ABFLOW022,Coal,,,0.0
Iceland,2007,1A2E,ABFLOW022,Natural gas,,,0.0
Iceland,2007,1A2E,ABFLOW022,Oil,,,0.0
Iceland,2007,1A2F,ABFLOW019,Coal,,,0.0
Iceland,2007,1A2F,ABFLOW019,Natural gas,,,0.0
Iceland,2007,1A2F,ABFLOW019,Oil,,,0.0
Iceland,2007,1A2G,ABFLOW020,Coal,,,0.0
Iceland,2007,1A2G,ABFLOW020,Natural gas,,,0.0
Iceland,2007,1A2G,ABFLOW020,Oil,,,0.0
Iceland,2007,1A2H,ABFLOW021,Coal,,,0.0
Iceland,2007,1A2H,ABFLOW021,Natural gas,,,0.0
Iceland,2007,1A2H,ABFLOW021,Oil,,,0.0
Iceland,2007,1A2I,ABFLOW013,Coal,,,0.0
Iceland,2007,1A2I,ABFLOW013,Natural gas,,,0.0
Iceland,2007,1A2I,ABFLOW013,Oil,,,0.0
Iceland,2007,1A2J,ABFLOW024,Coal,,,0.0
Iceland,2007,1A2J,ABFLOW024,Natural gas,,,0.0
Iceland,2007,1A2J,ABFLOW024,Oil,,,0.0
Iceland,2007,1A2K,ABFLOW014,Coal,,,0.0
Iceland,2007,1A2K,ABFLOW014,Natural gas,,,0.0
Iceland,2007,1A2K,ABFLOW014,Oil,,,0.0
Iceland,2007,1A2L,ABFLOW025,Coal,,,0.0
Iceland,2007,1A2L,ABFLOW025,Natural gas,,,0.0
Iceland,2007,1A2L,ABFLOW025,Oil,,,0.0
Iceland,2007,1A2M,ABFLOW026,Coal,,,0.0
Iceland,2007,1A2M,ABFLOW026,Natural gas,,,0.0
Iceland,2007,1A2M,ABFLOW026,Oil,,,0.0
Iceland,2007,1A3,ABFLOW027,Coal,,,0.0
Iceland,2007,1A3,ABFLOW027,Natural gas,,,0.0
Iceland,2007,1A3,ABFLOW027,Oil,,,0.0
Iceland,2007,1A3A1,ABFLOW040,Coal,,,0.0
Iceland,2007,1A3A1,ABFLOW040,Natural gas,,,0.0
Iceland,2007,1A3A1,ABFLOW040,Oil,,,0.0
Iceland,2007,1A3A2,ABFLOW029,Coal,,,0.0
Iceland,2007,1A3A2,ABFLOW029,Natural gas,,,0.0
Iceland,2007,1A3A2,ABFLOW029,Oil,,,0.0
Iceland,2007,1A3B,ABFLOW028,Coal,,,0.0
Iceland,2007,1A3B,ABFLOW028,Natural gas,,,0.0
Iceland,2007,1A3B,ABFLOW028,Oil,,,0.0
Iceland,2007,1A3C,ABFLOW030,Coal,,,0.0
Iceland,2007,1A3C,ABFLOW030,Natural gas,,,0.0
Iceland,2007,1A3C,ABFLOW030,Oil,,,0.0
Iceland,2007,1A3D1,ABFLOW039,Coal,,,0.0
Iceland,2007,1A3D1,ABFLOW039,Natural gas,,,0.0
Iceland,2007,1A3D1,ABFLOW039,Oil,,,0.0
Iceland,2007,1A3D2,ABFLOW032,Coal,,,0.0
Iceland,2007,1A3D2,ABFLOW032,Natural gas,,,0.0
Iceland,2007,1A3D2,ABFLOW032,Oil,,,0.0
Iceland,2007,1A3E1,ABFLOW033,Coal,,,0.0
Iceland,2007,1A3E1,ABFLOW033,Natural gas,,,0.0
Iceland,2007,1A3E1,ABFLOW033,Oil,,,0.0
Iceland,2007,1A4A,ABFLOW035,Coal,,,0.0
Iceland,2007,1A4A,ABFLOW035,Natural gas,,,0.0
Iceland,2007,1A4A,ABFLOW035,Oil,,,0.0
Iceland,2007,1A4B,ABFLOW034,Coal,,,0.0
Iceland,2007,1A4B,ABFLOW034,Natural gas,,,0.0
Iceland,2007,1A4B,ABFLOW034,Oil,,,0.0
Iceland,2007,1A4C1,ABFLOW036,Coal,,,0.0
Iceland,2007,1A4C1,ABFLOW036,Natural gas,,,0.0
Iceland,2007,1A4C1,ABFLOW036,Oil,,,0.0
Iceland,2007,1A4C2,ABFLOW037,Coal,,,0.0
Iceland,2007,1A4C2,ABFLOW037,Natural gas,,,0.0
Iceland,2007,1A4C2,ABFLOW037,Oil,,,0.0
Iceland,2007,1A5,ABFLOW038,Coal,,,0.0
Iceland,2007,1A5,ABFLOW038,Natural gas,,,0.0
Iceland,2007,1A5,ABFLOW038,Oil,,,0.0
Iceland,2008,1A,ABFLOW001,Coal,,,0.0
Iceland,2008,1A,ABFLOW001,Natural gas,,,0.0
Iceland,2008,1A,ABFLOW001,Oil,,,0.0
Iceland,2008,1A1A,ABFLOW002,Coal,,,0.0
Iceland,2008,1A1A,ABFLOW002,Natural gas,,,0.0
Iceland,2008,1A1A,ABFLOW002,Oil,,,0.0
Iceland,2008,1A1A1,ABFLOW003,Coal,34.29785749900658,,34.29785749900658
Iceland,2008,1A1A1,ABFLOW003,Natural gas,34.29785749900658,,34.29785749900658
Iceland,2008,1A1A1,ABFLOW003,Oil,34.29785749900658,,34.29785749900658
Iceland,2008,1A1A2,ABFLOW004,Coal,34.29785749900658,,34.29785749900658
Iceland,2008,1A1A2,ABFLOW004,Natural gas,34.29785749900658,,34.29785749900658
Iceland,2008,1A1A2,ABFLOW004,Oil,34.29785749900658,,34.29785749900658
Iceland,2008,1A1A3,ABFLOW005,Coal,34.29785749900658,,34.29785749900658
Iceland,2008,1A1A3,ABFLOW005,Natural gas,34.29785749900658,,34.29785749900658
Iceland,2008,1A1A3,ABFLOW005,Oil,34.29785749900658,,34.29785749900658
Iceland,2008,1A1B,ABFLOW011,Coal,34.29785749900658,,34.29785749900658
Iceland,2008,1A1B,ABFLOW011,Natural gas,34.29785749900658,,34.29785749900658
Iceland,2008,1A1B,ABFLOW011,Oil,34.29785749900658,,34.29785749900658
Iceland,2008,1A1C,ABFLOW011,Coal,34.29785749900658,,34.29785749900658
Iceland,2008,1A1C,ABFLOW011,Natural gas,34.29785749900658,,34.29785749900658
Iceland,2008,1A1C,ABFLOW011,Oil,34.29785749900658,,34.29785749900658
Iceland,2008,1A2,ABFLOW012,Coal,,,0.0
Iceland,2008,1A2,ABFLOW012,Natural gas,,,0.0
Iceland,2008,1A2,ABFLOW012,Oil,,,0.0
Iceland,2008,1A2A,ABFLOW016,Coal,34.29785749900658,,34.29785749900658
Iceland,2008,1A2A,ABFLOW016,Natural gas,34.29785749900658,,34.29785749900658
Iceland,2008,1A2A,ABFLOW016,Oil,34.29785749900658,,34.29785749900658
Iceland,2008,1A2B,ABFLOW018,Coal,34.29785749900658,,34.29785749900658
Iceland,2008,1A2B,ABFLOW018,Natural gas,34.29785749900658,,34.29785749900658
Iceland,2008,1A2B,ABFLOW018,Oil,34.29785749900658,,34.29785749900658
Iceland,2008,1A2C,ABFLOW017,Coal,34.29785749900658,,34.29785749900658
Iceland,2008,1A2C,ABFLOW017,Natural gas,34.29785749900658,,34.29785749900658
Iceland,2008,1A2C,ABFLOW017,Oil,34.29785749900658,,34.29785749900658
Iceland,2008,1A2D,ABFLOW023,Coal,34.29785749900658,,34.29785749900658
Iceland,2008,1A2D,ABFLOW023,Natural gas,34.29785749900658,,34.29785749900658
Iceland,2008,1A2D,ABFLOW023,Oil,34.29785749900658,,34.29785749900658
Iceland,2008,1A2E,ABFLOW022,Coal,34.29785749900658,,34.29785749900658
Iceland,2008,1A2E,ABFLOW022,Natural gas,34.29785749900658,,34.29785749900658
Iceland,2008,1A2E,ABFLOW022,Oil,34.29785749900658,,34.29785749900658
Iceland,2008,1A2F,ABFLOW019,Coal,34.29785749900658,,34.29785749900658
Iceland,2008,1A2F,ABFLOW019,Natural gas,34.29785749900658,,34.29785749900658
Iceland,2008,1A2F,ABFLOW019,Oil,34.29785749900658,,34.29785749900658
Iceland,2008,1A2G,ABFLOW020,Coal,34.29785749900658,,34.29785749900658
Iceland,2008,1A2G,ABFLOW020,Natural gas,34.29785749900658,,34.29785749900658
Iceland,2008,1A2G,ABFLOW020,Oil,34.29785749900658,,34.29785749900658
Iceland,2008,1A2H,ABFLOW021,Coal,34.29785749900658,,34.29785749900658
Iceland,2008,1A2H,ABFLOW021,Natural gas,34.29785749900658,,34.29785749900658
Iceland,2008,1A2H,ABFLOW021,Oil,34.29785749900658,,34.29785749900658
Iceland,2008,1A2I,ABFLOW013,Coal,34.29785749900658,,34.29785749900658
Iceland,2008,1A2I,ABFLOW013,Natural gas,34.29785749900658,,34.29785749900658
Iceland,2008,1A2I,ABFLOW013,Oil,34.29785749900658,,34.29785749900658
Iceland,2008,1A2J,ABFLOW024,Coal,34.29785749900658,,34.29785749900658
Iceland,2008,1A2J,ABFLOW024,Natural gas,34.29785749900658,,34.29785749900658
Iceland,2008,1A2J,ABFLOW024,Oil,34.29785749900658,,34.29785749900658
Iceland,2008,1A2K,ABFLOW014,Coal,34.29785749900658,,34.29785749900658
Iceland,2008,1A2K,ABFLOW014,Natural gas,34.29785749900658,,34.29785749900658
Iceland,2008,1A2K,ABFLOW014,Oil,34.29785749900658,,34.29785749900658
Iceland,2008,1A2L,ABFLOW025,Coal,34.29785749900658,,34.29785749900658
Iceland,2008,1A2L,ABFLOW025,Natural gas,34.29785749900658,,34.29785749900658
Iceland,2008,1A2L,ABFLOW025,Oil,34.29785749900658,,34.29785749900658
Iceland,2008,1A2M,ABFLOW026,Coal,34.29785749900658,,34.29785749900658
Iceland,2008,1A2M,ABFLOW026,Natural gas,34.29785749900658,,34.29785749900658
Iceland,2008,1A2M,ABFLOW026,Oil,34.29785749900658,,34.29785749900658
Iceland,2008,1A3,ABFLOW027,Coal,,,0.0
Iceland,2008,1A3,ABFLOW027,Natural gas,,,0.0
Iceland,2008,1A3,ABFLOW027,Oil,,,0.0
Iceland,2008,1A3A1,ABFLOW040,Coal,,,0.0
Iceland,2008,1A3A1,ABFLOW040,Natural gas,,,0.0
Iceland,2008,1A3A1,ABFLOW040,Oil,,,0.0
Iceland,2008,1A3A2,ABFLOW029,Coal,,,0.0
Iceland,2008,1A3A2,ABFLOW029,Natural gas,,,0.0
Iceland,2008,1A3A2,ABFLOW029,Oil,,,0.0
Iceland,2008,1A3B,ABFLOW028,Coal,,,0.0
Iceland,2008,1A3B,ABFLOW028,Natural gas,,,0.0
Iceland,2008,1A3B,ABFLOW028,Oil,,,0.0
Iceland,2008,1A3C,ABFLOW030,Coal,,,0.0
Iceland,2008,1A3C,ABFLOW030,Natural gas,,,0.0
Iceland,2008,1A3C,ABFLOW030,Oil,,,0.0
Iceland,2008,1A3D1,ABFLOW039,Coal,,,0.0
Iceland,2008,1A3D1,ABFLOW039,Natural gas,,,0.0
Iceland,2008,1A3D1,ABFLOW039,Oil,,,0.0
Iceland,2008,1A3D2,ABFLOW032,Coal,,,0.0
Iceland,2008,1A3D2,ABFLOW032,Natural gas,,,0.0
Iceland,2008,1A3D2,ABFLOW032,Oil,,,0.0
Iceland,2008,1A3E1,ABFLOW033,Coal,,,0.0
Iceland,2008,1A3E1,ABFLOW033,Natural gas,,,0.0
Iceland,2008,1A3E1,ABFLOW033,Oil,,,0.0
Iceland,2008,1A4A,ABFLOW035,Coal,,,0.0
Iceland,2008,1A4A,ABFLOW035,Natural gas,,,0.0
Iceland,2008,1A4A,ABFLOW035,Oil,,,0.0
Iceland,2008,1A4B,ABFLOW034,Coal,,,0.0
Iceland,2008,1A4B,ABFLOW034,Natural gas,,,0.0
Iceland,2008,1A4B,ABFLOW034,Oil,,,0.0
Iceland,2008,1A4C1,ABFLOW036,Coal,,,0.0
Iceland,2008,1A4C1,ABFLOW036,Natural gas,,,0.0
Iceland,2008,1A4C1,ABFLOW036,Oil,,,0.0
Iceland,2008,1A4C2,ABFLOW037,Coal,,,0.0
Iceland,2008,1A4C2,ABFLOW037,Natural gas,,,0.0
Iceland,2008,1A4C2,ABFLOW037,Oil,,,0.0
Iceland,2008,1A5,ABFLOW038,Coal,,,0.0
Iceland,2008,1A5,ABFLOW038,Natural gas,,,0.0
Iceland,2008,1A5,ABFLOW038,Oil,,,0.0
Iceland,2009,1A,ABFLOW001,Coal,,,0.0
Iceland,2009,1A,ABFLOW001,Natural gas,,,0.0
Iceland,2009,1A,ABFLOW001,Oil,,,0.0
Iceland,2009,1A1A,ABFLOW002,Coal,,,0.0
Iceland,2009,1A1A,ABFLOW002,Natural gas,,,0.0
Iceland,2009,1A1A,ABFLOW002,Oil,,,0.0
Iceland,2009,1A1A1,ABFLOW003,Coal,23.41988491835062,,23.41988491835062
Iceland,2009,1A1A1,ABFLOW003,Natural gas,23.41988491835062,,23.41988491835062
Iceland,2009,1A1A1,ABFLOW003,Oil,23.41988491835062,,23.41988491835062
Iceland,2009,1A1A2,ABFLOW004,Coal,23.41988491835062,,23.41988491835062
Iceland,2009,1A1A2,ABFLOW004,Natural gas,23.41988491835062,,23.41988491835062
Iceland,2009,1A1A2,ABFLOW004,Oil,23.41988491835062,,23.41988491835062
Iceland,2009,1A1A3,ABFLOW005,Coal,23.41988491835062,,23.41988491835062
Iceland,2009,1A1A3,ABFLOW005,Natural gas,23.41988491835062,,23.41988491835062
Iceland,2009,1A1A3,ABFLOW005,Oil,23.41988491835062,,23.41988491835062
Iceland,2009,1A1B,ABFLOW011,Coal,23.41988491835062,,23.41988491835062
Iceland,2009,1A1B,ABFLOW011,Natural gas,23.41988491835062,,23.41988491835062
Iceland,2009,1A1B,ABFLOW011,Oil,23.41988491835062,,23.41988491835062
Iceland,2009,1A1C,ABFLOW011,Coal,23.41988491835062,,23.41988491835062
Iceland,2009,1A1C,ABFLOW011,Natural gas,23.41988491835062,,23.41988491835062
Iceland,2009,1A1C,ABFLOW011,Oil,23.41988491835062,,23.41988491835062
Iceland,2009,1A2,ABFLOW012,Coal,,,0.0
Iceland,2009,1A2,ABFLOW012,Natural gas,,,0.0
Iceland,2009,1A2,ABFLOW012,Oil,,,0.0
Iceland,2009,1A2A,ABFLOW016,Coal,23.41988491835062,,23.41988491835062
Iceland,2009,1A2A,ABFLOW016,Natural gas,23.41988491835062,,23.41988491835062
Iceland,2009,1A2A,ABFLOW016,Oil,23.41988491835062,,23.41988491835062
Iceland,2009,1A2B,ABFLOW018,Coal,23.41988491835062,,23.41988491835062
Iceland,2009,1A2B,ABFLOW018,Natural gas,23.41988491835062,,23.41988491835062
Iceland,2009,1A2B,ABFLOW018,Oil,23.41988491835062,,23.41988491835062
Iceland,2009,1A2C,ABFLOW017,Coal,23.41988491835062,,23.41988491835062
Iceland,2009,1A2C,ABFLOW017,Natural gas,23.41988491835062,,23.41988491835062
Iceland,2009,1A2C,ABFLOW017,Oil,23.41988491835062,,23.41988491835062
Iceland,2009,1A2D,ABFLOW023,Coal,23.41988491835062,,23.41988491835062
Iceland,2009,1A2D,ABFLOW023,Natural gas,23.41988491835062,,23.41988491835062
Iceland,2009,1A2D,ABFLOW023,Oil,23.41988491835062,,23.41988491835062
Iceland,2009,1A2E,ABFLOW022,Coal,23.41988491835062,,23.41988491835062
Iceland,2009,1A2E,ABFLOW022,Natural gas,23.41988491835062,,23.41988491835062
Iceland,2009,1A2E,ABFLOW022,Oil,23.41988491835062,,23.41988491835062
Iceland,2009,1A2F,ABFLOW019,Coal,23.41988491835062,,23.41988491835062
Iceland,2009,1A2F,ABFLOW019,Natural gas,23.41988491835062,,23.41988491835062
Iceland,2009,1A2F,ABFLOW019,Oil,23.41988491835062,,23.41988491835062
Iceland,2009,1A2G,ABFLOW020,Coal,23.41988491835062,,23.41988491835062
Iceland,2009,1A2G,ABFLOW020,Natural gas,23.41988491835062,,23.41988491835062
Iceland,2009,1A2G,ABFLOW020,Oil,23.41988491835062,,23.41988491835062
Iceland,2009,1A2H,ABFLOW021,Coal,23.41988491835062,,23.41988491835062
Iceland,2009,1A2H,ABFLOW021,Natural gas,23.41988491835062,,23.41988491835062
Iceland,2009,1A2H,ABFLOW021,Oil,23.41988491835062,,23.41988491835062
Iceland,2009,1A2I,ABFLOW013,Coal,23.41988491835062,,23.41988491835062
Iceland,2009,1A2I,ABFLOW013,Natural gas,23.41988491835062,,23.41988491835062
Iceland,2009,1A2I,ABFLOW013,Oil,23.41988491835062,,23.41988491835062
Iceland,2009,1A2J,ABFLOW024,Coal,23.41988491835062,,23.41988491835062
Iceland,2009,1A2J,ABFLOW024,Natural gas,23.41988491835062,,23.41988491835062
Iceland,2009,1A2J,ABFLOW024,Oil,23.41988491835062,,23.41988491835062
Iceland,2009,1A2K,ABFLOW014,Coal,23.41988491835062,,23.41988491835062
Iceland,2009,1A2K,ABFLOW014,Natural gas,23.41988491835062,,23.41988491835062
Iceland,2009,1A2K,ABFLOW014,Oil,23.41988491835062,,23.41988491835062
Iceland,2009,1A2L,ABFLOW025,Coal,23.41988491835062,,23.41988491835062
Iceland,2009,1A2L,ABFLOW025,Natural gas,23.41988491835062,,23.41988491835062
Iceland,2009,1A2L,ABFLOW025,Oil,23.41988491835062,,23.41988491835062
Iceland,2009,1A2M,ABFLOW026,Coal,23.41988491835062,,23.41988491835062
Iceland,2009,1A2M,ABFLOW026,Natural gas,23.41988491835062,,23.41988491835062
Iceland,2009,1A2M,ABFLOW026,Oil,23.41988491835062,,23.41988491835062
Iceland,2009,1A3,ABFLOW027,Coal,,,0.0
Iceland,2009,1A3,ABFLOW027,Natural gas,,,0.0
Iceland,2009,1A3,ABFLOW027,Oil,,,0.0
Iceland,2009,1A3A1,ABFLOW040,Coal,,,0.0
Iceland,2009,1A3A1,ABFLOW040,Natural gas,,,0.0
Iceland,2009,1A3A1,ABFLOW040,Oil,,,0.0
Iceland,2009,1A3A2,ABFLOW029,Coal,,,0.0
Iceland,2009,1A3A2,ABFLOW029,Natural gas,,,0.0
Iceland,2009,1A3A2,ABFLOW029,Oil,,,0.0
Iceland,2009,1A3B,ABFLOW028,Coal,,,0.0
Iceland,2009,1A3B,ABFLOW028,Natural gas,,,0.0
Iceland,2009,1A3B,ABFLOW028,Oil,,,0.0
Iceland,2009,1A3C,ABFLOW030,Coal,,,0.0
Iceland,2009,1A3C,ABFLOW030,Natural gas,,,0.0
Iceland,2009,1A3C,ABFLOW030,Oil,,,0.0
Iceland,2009,1A3D1,ABFLOW039,Coal,,,0.0
Iceland,2009,1A3D1,ABFLOW039,Natural gas,,,0.0
Iceland,2009,1A3D1,ABFLOW039,Oil,,,0.0
Iceland,2009,1A3D2,ABFLOW032,Coal,,,0.0
Iceland,2009,1A3D2,ABFLOW032,Natural gas,,,0.0
Iceland,2009,1A3D2,ABFLOW032,Oil,,,0.0
Iceland,2009,1A3E1,ABFLOW033,Coal,,,0.0
Iceland,2009,1A3E1,ABFLOW033,Natural gas,,,0.0
Iceland,2009,1A3E1,ABFLOW033,Oil,,,0.0
Iceland,2009,1A4A,ABFLOW035,Coal,,,0.0
Iceland,2009,1A4A,ABFLOW035,Natural gas,,,0.0
Iceland,2009,1A4A,ABFLOW035,Oil,,,0.0
Iceland,2009,1A4B,ABFLOW034,Coal,,,0.0
Iceland,2009,1A4B,ABFLOW034,Natural gas,,,0.0
Iceland,2009,1A4B,ABFLOW034,Oil,,,0.0
Iceland,2009,1A4C1,ABFLOW036,Coal,,,0.0
Iceland,2009,1A4C1,ABFLOW036,Natural gas,,,0.0
Iceland,2009,1A4C1,ABFLOW036,Oil,,,0.0
Iceland,2009,1A4C2,ABFLOW037,Coal,,,0.0
Iceland,2009,1A4C2,ABFLOW037,Natural gas,,,0.0
Iceland,2009,1A4C2,ABFLOW037,Oil,,,0.0
Iceland,2009,1A5,ABFLOW038,Coal,,,0.0
Iceland,2009,1A5,ABFLOW038,Natural gas,,,0.0
Iceland,2009,1A5,ABFLOW038,Oil,,,0.0
Iceland,2010,1A,ABFLOW001,Coal,,,0.0
Iceland,2010,1A,ABFLOW001,Natural gas,,,0.0
Iceland,2010,1A,ABFLOW001,Oil,,,0.0
Iceland,2010,1A1A,ABFLOW002,Coal,,,0.0
Iceland,2010,1A1A,ABFLOW002,Natural gas,,,0.0
Iceland,2010,1A1A,ABFLOW002,Oil,,,0.0
Iceland,2010,1A1A1,ABFLOW003,Coal,24.01008364542108,,24.01008364542108
Iceland,2010,1A1A1,ABFLOW003,Natural gas,24.01008364542108,,24.01008364542108
Iceland,2010,1A1A1,ABFLOW003,Oil,24.01008364542108,,24.01008364542108
Iceland,2010,1A1A2,ABFLOW004,Coal,24.01008364542108,,24.01008364542108
Iceland,2010,1A1A2,ABFLOW004,Natural gas,24.01008364542108,,24.01008364542108
Iceland,2010,1A1A2,ABFLOW004,Oil,24.01008364542108,,24.01008364542108
Iceland,2010,1A1A3,ABFLOW005,Coal,24.01008364542108,,24.01008364542108
Iceland,2010,1A1A3,ABFLOW005,Natural gas,24.01008364542108,,24.01008364542108
Iceland,2010,1A1A3,ABFLOW005,Oil,24.01008364542108,,24.01008364542108
Iceland,2010,1A1B,ABFLOW011,Coal,24.01008364542108,,24.01008364542108
Iceland,2010,1A1B,ABFLOW011,Natural gas,24.01008364542108,,24.01008364542108
Iceland,2010,1A1B,ABFLOW011,Oil,24.01008364542108,8.849926349590499,32.86000999501158
Iceland,2010,1A1C,ABFLOW011,Coal,24.01008364542108,,24.01008364542108
Iceland,2010,1A1C,ABFLOW011,Natural gas,24.01008364542108,,24.01008364542108
Iceland,2010,1A1C,ABFLOW011,Oil,24.01008364542108,8.849926349590499,32.86000999501158
Iceland,2010,1A2,ABFLOW012,Coal,,,0.0
Iceland,2010,1A2,ABFLOW012,Natural gas,,,0.0
Iceland,2010,1A2,ABFLOW012,Oil,,,0.0
Iceland,2010,1A2A,ABFLOW016,Coal,24.01008364542108,,24.01008364542108
Iceland,2010,1A2A,ABFLOW016,Natural gas,24.01008364542108,,24.01008364542108
Iceland,2010,1A2A,ABFLOW016,Oil,24.01008364542108,,24.01008364542108
Iceland,2010,1A2B,ABFLOW018,Coal,24.01008364542108,,24.01008364542108
Iceland,2010,1A2B,ABFLOW018,Natural gas,24.01008364542108,,24.01008364542108
Iceland,2010,1A2B,ABFLOW018,Oil,24.01008364542108,,24.01008364542108
Iceland,2010,1A2C,ABFLOW017,Coal,24.01008364542108,,24.01008364542108
Iceland,2010,1A2C,ABFLOW017,Natural gas,24.01008364542108,,24.01008364542108
Iceland,2010,1A2C,ABFLOW017,Oil,24.01008364542108,,24.01008364542108
Iceland,2010,1A2D,ABFLOW023,Coal,24.01008364542108,,24.01008364542108
Iceland,2010,1A2D,ABFLOW023,Natural gas,24.01008364542108,,24.01008364542108
Iceland,2010,1A2D,ABFLOW023,Oil,24.01008364542108,,24.01008364542108
Iceland,2010,1A2E,ABFLOW022,Coal,24.01008364542108,,24.01008364542108
Iceland,2010,1A2E,ABFLOW022,Natural gas,24.01008364542108,,24.01008364542108
Iceland,2010,1A2E,ABFLOW022,Oil,24.01008364542108,,24.01008364542108
Iceland,2010,1A2F,ABFLOW019,Coal,24.01008364542108,,24.01008364542108
Iceland,2010,1A2F,ABFLOW019,Natural gas,24.01008364542108,,24.01008364542108
Iceland,2010,1A2F,ABFLOW019,Oil,24.01008364542108,,24.01008364542108
Iceland,2010,1A2G,ABFLOW020,Coal,24.01008364542108,,24.01008364542108
Iceland,2010,1A2G,ABFLOW020,Natural gas,24.01008364542108,,24.01008364542108
Iceland,2010,1A2G,ABFLOW020,Oil,24.01008364542108,,24.01008364542108
Iceland,2010,1A2H,ABFLOW021,Coal,24.01008364542108,,24.01008364542108
Iceland,2010,1A2H,ABFLOW021,Natural gas,24.01008364542108,,24.01008364542108
Iceland,2010,1A2H,ABFLOW021,Oil,24.01008364542108,,24.01008364542108
Iceland,2010,1A2I,ABFLOW013,Coal,24.01008364542108,,24.01008364542108
Iceland,2010,1A2I,ABFLOW013,Natural gas,24.01008364542108,,24.01008364542108
Iceland,2010,1A2I,ABFLOW013,Oil,24.01008364542108,,24.01008364542108
Iceland,2010,1A2J,ABFLOW024,Coal,24.01008364542108,,24.01008364542108
Iceland,2010,1A2J,ABFLOW024,Natural gas,24.01008364542108,,24.01008364542108
Iceland,2010,1A2J,ABFLOW024,Oil,24.01008364542108,,24.01008364542108
Iceland,2010,1A2K,ABFLOW014,Coal,24.01008364542108,,24.01008364542108
Iceland,2010,1A2K,ABFLOW014,Natural gas,24.01008364542108,,24.01008364542108
Iceland,2010,1A2K,ABFLOW014,Oil,24.01008364542108,,24.01008364542108
Iceland,2010,1A2L,ABFLOW025,Coal,24.01008364542108,,24.01008364542108
Iceland,2010,1A2L,ABFLOW025,Natural gas,24.01008364542108,,24.01008364542108
Iceland,2010,1A2L,ABFLOW025,Oil,24.01008364542108,,24.01008364542108
Iceland,2010,1A2M,ABFLOW026,Coal,24.01008364542108,,24.01008364542108
Iceland,2010,1A2M,ABFLOW026,Natural gas,24.01008364542108,,24.01008364542108
Iceland,2010,1A2M,ABFLOW026,Oil,24.01008364542108,,24.01008364542108
Iceland,2010,1A3,ABFLOW027,Coal,,,0.0
Iceland,2010,1A3,ABFLOW027,Natural gas,,,0.0
Iceland,2010,1A3,ABFLOW027,Oil,,,0.0
Iceland,2010,1A3A1,ABFLOW040,Coal,,,0.0
Iceland,2010,1A3A1,ABFLOW040,Natural gas,,,0.0
Iceland,2010,1A3A1,ABFLOW040,Oil,,,0.0
Iceland,2010,1A3A2,ABFLOW029,Coal,,,0.0
Iceland,2010,1A3A2,ABFLOW029,Natural gas,,,0.0
Iceland,2010,1A3A2,ABFLOW029,Oil,,,0.0
Iceland,2010,1A3B,ABFLOW028,Coal,,,0.0
Iceland,2010,1A3B,ABFLOW028,Natural gas,,,0.0
Iceland,2010,1A3B,ABFLOW028,Oil,,8.849926349590499,8.849926349590499
Iceland,2010,1A3C,ABFLOW030,Coal,,,0.0
Iceland,2010,1A3C,ABFLOW030,Natural gas,,,0.0
Iceland,2010,1A3C,ABFLOW030,Oil,,,0.0
Iceland,2010,1A3D1,ABFLOW039,Coal,,,0.0
Iceland,2010,1A3D1,ABFLOW039,Natural gas,,,0.0
Iceland,2010,1A3D1,ABFLOW039,Oil,,,0.0
Iceland,2010,1A3D2,ABFLOW032,Coal,,,0.0
Iceland,2010,1A3D2,ABFLOW032,Natural gas,,,0.0
Iceland,2010,1A3D2,ABFLOW032,Oil,,,0.0
Iceland,2010,1A3E1,ABFLOW033,Coal,,,0.0
Iceland,2010,1A3E1,ABFLOW033,Natural gas,,,0.0
Iceland,2010,1A3E1,ABFLOW033,Oil,,,0.0
Iceland,2010,1A4A,ABFLOW035,Coal,,,0.0
Iceland,2010,1A4A,ABFLOW035,Natural gas,,,0.0
Iceland,2010,1A4A,ABFLOW035,Oil,,8.849926349590499,8.849926349590499
Iceland,2010,1A4B,ABFLOW034,Coal,,,0.0
Iceland,2010,1A4B,ABFLOW034,Natural gas,,,0.0
Iceland,2010,1A4B,ABFLOW034,Oil,,8.849926349590499,8.849926349590499
Iceland,2010,1A4C1,ABFLOW036,Coal,,,0.0
Iceland,2010,1A4C1,ABFLOW036,Natural gas,,,0.0
Iceland,2010,1A4C1,ABFLOW036,Oil,,8.849926349590499,8.849926349590499
Iceland,2010,1A4C2,ABFLOW037,Coal,,,0.0
Iceland,2010,1A4C2,ABFLOW037,Natural gas,,,0.0
Iceland,2010,1A4C2,ABFLOW037,Oil,,8.849926349590499,8.849926349590499
Iceland,2010,1A5,ABFLOW038,Coal,,,0.0
Iceland,2010,1A5,ABFLOW038,Natural gas,,,0.0
Iceland,2010,1A5,ABFLOW038,Oil,,,0.0
Iceland,2011,1A,ABFLOW001,Coal,,,0.0
Iceland,2011,1A,ABFLOW001,Natural gas,,,0.0
Iceland,2011,1A,ABFLOW001,Oil,,,0.0
Iceland,2011,1A1A,ABFLOW002,Coal,,,0.0
Iceland,2011,1A1A,ABFLOW002,Natural gas,,,0.0
Iceland,2011,1A1A,ABFLOW002,Oil,,,0.0
Iceland,2011,1A1A1,ABFLOW003,Coal,21.015230697297735,,21.015230697297735
Iceland,2011,1A1A1,ABFLOW003,Natural gas,21.015230697297735,,21.015230697297735
Iceland,2011,1A1A1,ABFLOW003,Oil,21.015230697297735,,21.015230697297735
Iceland,2011,1A1A2,ABFLOW004,Coal,21.015230697297735,,21.015230697297735
Iceland,2011,1A1A2,ABFLOW004,Natural gas,21.015230697297735,,21.015230697297735
Iceland,2011,1A1A2,ABFLOW004,Oil,21.015230697297735,,21.015230697297735
Iceland,2011,1A1A3,ABFLOW005,Coal,21.015230697297735,,21.015230697297735
Iceland,2011,1A1A3,ABFLOW005,Natural gas,21.015230697297735,,21.015230697297735
Iceland,2011,1A1A3,ABFLOW005,Oil,21.015230697297735,,21.015230697297735
Iceland,2011,1A1B,ABFLOW011,Coal,21.015230697297735,,21.015230697297735
Iceland,2011,1A1B,ABFLOW011,Natural gas,21.015230697297735,,21.015230697297735
Iceland,2011,1A1B,ABFLOW011,Oil,21.015230697297735,22.945300967854976,43.960531665152715
Iceland,2011,1A1C,ABFLOW011,Coal,21.015230697297735,,21.015230697297735
Iceland,2011,1A1C,ABFLOW011,Natural gas,21.015230697297735,,21.015230697297735
Iceland,2011,1A1C,ABFLOW011,Oil,21.015230697297735,22.945300967854976,43.960531665152715
Iceland,2011,1A2,ABFLOW012,Coal,,,0.0
Iceland,2011,1A2,ABFLOW012,Natural gas,,,0.0
Iceland,2011,1A2,ABFLOW012,Oil,,,0.0
Iceland,2011,1A2A,ABFLOW016,Coal,21.015230697297735,,21.015230697297735
Iceland,2011,1A2A,ABFLOW016,Natural gas,21.015230697297735,,21.015230697297735
Iceland,2011,1A2A,ABFLOW016,Oil,21.015230697297735,,21.015230697297735
Iceland,2011,1A2B,ABFLOW018,Coal,21.015230697297735,,21.015230697297735
Iceland,2011,1A2B,ABFLOW018,Natural gas,21.015230697297735,,21.015230697297735
Iceland,2011,1A2B,ABFLOW018,Oil,21.015230697297735,,21.015230697297735
Iceland,2011,1A2C,ABFLOW017,Coal,21.015230697297735,,21.015230697297735
Iceland,2011,1A2C,ABFLOW017,Natural gas,21.015230697297735,,21.015230697297735
Iceland,2011,1A2C,ABFLOW017,Oil,21.015230697297735,,21.015230697297735
Iceland,2011,1A2D,ABFLOW023,Coal,21.015230697297735,,21.015230697297735
Iceland,2011,1A2D,ABFLOW023,Natural gas,21.015230697297735,,21.015230697297735
Iceland,2011,1A2D,ABFLOW023,Oil,21.015230697297735,,21.015230697297735
Iceland,2011,1A2E,ABFLOW022,Coal,21.015230697297735,,21.015230697297735
Iceland,2011,1A2E,ABFLOW022,Natural gas,21.015230697297735,,21.015230697297735
Iceland,2011,1A2E,ABFLOW022,Oil,21.015230697297735,,21.015230697297735
Iceland,2011,1A2F,ABFLOW019,Coal,21.015230697297735,,21.015230697297735
Iceland,2011,1A2F,ABFLOW019,Natural gas,21.015230697297735,,21.015230697297735
Iceland,2011,1A2F,ABFLOW019,Oil,21.015230697297735,,21.015230697297735
Iceland,2011,1A2G,ABFLOW020,Coal,21.015230697297735,,21.015230697297735
Iceland,2011,1A2G,ABFLOW020,Natural gas,21.015230697297735,,21.015230697297735
Iceland,2011,1A2G,ABFLOW020,Oil,21.015230697297735,,21.015230697297735
Iceland,2011,1A2H,ABFLOW021,Coal,21.015230697297735,,21.015230697297735
Iceland,2011,1A2H,ABFLOW021,Natural gas,21.015230697297735,,21.015230697297735
Iceland,2011,1A2H,ABFLOW021,Oil,21.015230697297735,,21.015230697297735
Iceland,2011,1A2I,ABFLOW013,Coal,21.015230697297735,,21.015230697297735
Iceland,2011,1A2I,ABFLOW013,Natural gas,21.015230697297735,,21.015230697297735
Iceland,2011,1A2I,ABFLOW013,Oil,21.015230697297735,,21.015230697297735
Iceland,2011,1A2J,ABFLOW024,Coal,21.015230697297735,,21.015230697297735
Iceland,2011,1A2J,ABFLOW024,Natural gas,21.015230697297735,,21.015230697297735
Iceland,2011,1A2J,ABFLOW024,Oil,21.015230697297735,,21.015230697297735
Iceland,2011,1A2K,ABFLOW014,Coal,21.015230697297735,,21.015230697297735
Iceland,2011,1A2K,ABFLOW014,Natural gas,21.015230697297735,,21.015230697297735
Iceland,2011,1A2K,ABFLOW014,Oil,21.015230697297735,,21.015230697297735
Iceland,2011,1A2L,ABFLOW025,Coal,21.015230697297735,,21.015230697297735
Iceland,2011,1A2L,ABFLOW025,Natural gas,21.015230697297735,,21.015230697297735
Iceland,2011,1A2L,ABFLOW025,Oil,21.015230697297735,,21.015230697297735
Iceland,2011,1A2M,ABFLOW026,Coal,21.015230697297735,,21.015230697297735
Iceland,2011,1A2M,ABFLOW026,Natural gas,21.015230697297735,,21.015230697297735
Iceland,2011,1A2M,ABFLOW026,Oil,21.015230697297735,,21.015230697297735
Iceland,2011,1A3,ABFLOW027,Coal,,,0.0
Iceland,2011,1A3,ABFLOW027,Natural gas,,,0.0
Iceland,2011,1A3,ABFLOW027,Oil,,,0.0
Iceland,2011,1A3A1,ABFLOW040,Coal,,,0.0
Iceland,2011,1A3A1,ABFLOW040,Natural gas,,,0.0
Iceland,2011,1A3A1,ABFLOW040,Oil,,,0.0
Iceland,2011,1A3A2,ABFLOW029,Coal,,,0.0
Iceland,2011,1A3A2,ABFLOW029,Natural gas,,,0.0
Iceland,2011,1A3A2,ABFLOW029,Oil,,,0.0
Iceland,2011,1A3B,ABFLOW028,Coal,,,0.0
Iceland,2011,1A3B,ABFLOW028,Natural gas,,,0.0
Iceland,2011,1A3B,ABFLOW028,Oil,,22.945300967854976,22.945300967854976
Iceland,2011,1A3C,ABFLOW030,Coal,,,0.0
Iceland,2011,1A3C,ABFLOW030,Natural gas,,,0.0
Iceland,2011,1A3C,ABFLOW030,Oil,,,0.0
Iceland,2011,1A3D1,ABFLOW039,Coal,,,0.0
Iceland,2011,1A3D1,ABFLOW039,Natural gas,,,0.0
Iceland,2011,1A3D1,ABFLOW039,Oil,,,0.0
Iceland,2011,1A3D2,ABFLOW032,Coal,,,0.0
Iceland,2011,1A3D2,ABFLOW032,Natural gas,,,0.0
Iceland,2011,1A3D2,ABFLOW032,Oil,,,0.0
Iceland,2011,1A3E1,ABFLOW033,Coal,,,0.0
Iceland,2011,1A3E1,ABFLOW033,Natural gas,,,0.0
Iceland,2011,1A3E1,ABFLOW033,Oil,,,0.0
Iceland,2011,1A4A,ABFLOW035,Coal,,,0.0
Iceland,2011,1A4A,ABFLOW035,Natural gas,,,0.0
Iceland,2011,1A4A,ABFLOW035,Oil,,22.945300967854976,22.945300967854976
Iceland,2011,1A4B,ABFLOW034,Coal,,,0.0
Iceland,2011,1A4B,ABFLOW034,Natural gas,,,0.0
Iceland,2011,1A4B,ABFLOW034,Oil,,22.945300967854976,22.945300967854976
Iceland,2011,1A4C1,ABFLOW036,Coal,,,0.0
Iceland,2011,1A4C1,ABFLOW036,Natural gas,,,0.0
Iceland,2011,1A4C1,ABFLOW036,Oil,,22.945300967854976,22.945300967854976
Iceland,2011,1A4C2,ABFLOW037,Coal,,,0.0
Iceland,2011,1A4C2,ABFLOW037,Natural gas,,,0.0
Iceland,2011,1A4C2,ABFLOW037,Oil,,22.945300967854976,22.945300967854976
Iceland,2011,1A5,ABFLOW038,Coal,,,0.0
Iceland,2011,1A5,ABFLOW038,Natural gas,,,0.0
Iceland,2011,1A5,ABFLOW038,Oil,,,0.0
Iceland,2012,1A,ABFLOW001,Coal,,,0.0
Iceland,2012,1A,ABFLOW001,Natural gas,,,0.0
Iceland,2012,1A,ABFLOW001,Oil,,,0.0
Iceland,2012,1A1A,ABFLOW002,Coal,,,0.0
Iceland,2012,1A1A,ABFLOW002,Natural gas,,,0.0
Iceland,2012,1A1A,ABFLOW002,Oil,,,0.0
Iceland,2012,1A1A1,ABFLOW003,Coal,11.586814111642529,,11.586814111642529
Iceland,2012,1A1A1,ABFLOW003,Natural gas,11.586814111642529,,11.586814111642529
Iceland,2012,1A1A1,ABFLOW003,Oil,11.586814111642529,,11.586814111642529
Iceland,2012,1A1A2,ABFLOW004,Coal,11.586814111642529,,11.586814111642529
Iceland,2012,1A1A2,ABFLOW004,Natural gas,11.586814111642529,,11.586814111642529
Iceland,2012,1A1A2,ABFLOW004,Oil,11.586814111642529,,11.586814111642529
Iceland,2012,1A1A3,ABFLOW005,Coal,11.586814111642529,,11.586814111642529
Iceland,2012,1A1A3,ABFLOW005,Natural gas,11.586814111642529,,11.586814111642529
Iceland,2012,1A1A3,ABFLOW005,Oil,11.586814111642529,,11.586814111642529
Iceland,2012,1A1B,ABFLOW011,Coal,11.586814111642529,,11.586814111642529
Iceland,2012,1A1B,ABFLOW011,Natural gas,11.586814111642529,,11.586814111642529
Iceland,2012,1A1B,ABFLOW011,Oil,11.586814111642529,16.9799601311238,28.56677424276633
Iceland,2012,1A1C,ABFLOW011,Coal,11.586814111642529,,11.586814111642529
Iceland,2012,1A1C,ABFLOW011,Natural gas,11.586814111642529,,11.586814111642529
Iceland,2012,1A1C,ABFLOW011,Oil,11.586814111642529,16.9799601311238,28.56677424276633
Iceland,2012,1A2,ABFLOW012,Coal,,,0.0
Iceland,2012,1A2,ABFLOW012,Natural gas,,,0.0
Iceland,2012,1A2,ABFLOW012,Oil,,,0.0
Iceland,2012,1A2A,ABFLOW016,Coal,11.586814111642529,,11.586814111642529
Iceland,2012,1A2A,ABFLOW016,Natural gas,11.586814111642529,,11.586814111642529
Iceland,2012,1A2A,ABFLOW016,Oil,11.586814111642529,,11.586814111642529
Iceland,2012,1A2B,ABFLOW018,Coal,11.586814111642529,,11.586814111642529
Iceland,2012,1A2B,ABFLOW018,Natural gas,11.586814111642529,,11.586814111642529
Iceland,2012,1A2B,ABFLOW018,Oil,11.586814111642529,,11.586814111642529
Iceland,2012,1A2C,ABFLOW017,Coal,11.586814111642529,,11.586814111642529
Iceland,2012,1A2C,ABFLOW017,Natural gas,11.586814111642529,,11.586814111642529
Iceland,2012,1A2C,ABFLOW017,Oil,11.586814111642529,,11.586814111642529
Iceland,2012,1A2D,ABFLOW023,Coal,11.586814111642529,,11.586814111642529
Iceland,2012,1A2D,ABFLOW023,Natural gas,11.586814111642529,,11.586814111642529
Iceland,2012,1A2D,ABFLOW023,Oil,11.586814111642529,,11.586814111642529
Iceland,2012,1A2E,ABFLOW022,Coal,11.586814111642529,,11.586814111642529
Iceland,2012,1A2E,ABFLOW022,Natural gas,11.586814111642529,,11.586814111642529
Iceland,2012,1A2E,ABFLOW022,Oil,11.586814111642529,,11.586814111642529
Iceland,2012,1A2F,ABFLOW019,Coal,11.586814111642529,,11.586814111642529
Iceland,2012,1A2F,ABFLOW019,Natural gas,11.586814111642529,,11.586814111642529
Iceland,2012,1A2F,ABFLOW019,Oil,11.586814111642529,,11.586814111642529
Iceland,2012,1A2G,ABFLOW020,Coal,11.586814111642529,,11.586814111642529
Iceland,2012,1A2G,ABFLOW020,Natural gas,11.586814111642529,,11.586814111642529
Iceland,2012,1A2G,ABFLOW020,Oil,11.586814111642529,,11.586814111642529
Iceland,2012,1A2H,ABFLOW021,Coal,11.586814111642529,,11.586814111642529
Iceland,2012,1A2H,ABFLOW021,Natural gas,11.586814111642529,,11.586814111642529
Iceland,2012,1A2H,ABFLOW021,Oil,11.586814111642529,,11.586814111642529
Iceland,2012,1A2I,ABFLOW013,Coal,11.586814111642529,,11.586814111642529
Iceland,2012,1A2I,ABFLOW013,Natural gas,11.586814111642529,,11.586814111642529
Iceland,2012,1A2I,ABFLOW013,Oil,11.586814111642529,,11.586814111642529
Iceland,2012,1A2J,ABFLOW024,Coal,11.586814111642529,,11.586814111642529
Iceland,2012,1A2J,ABFLOW024,Natural gas,11.586814111642529,,11.586814111642529
Iceland,2012,1A2J,ABFLOW024,Oil,11.586814111642529,,11.586814111642529
Iceland,2012,1A2K,ABFLOW014,Coal,11.586814111642529,,11.586814111642529
Iceland,2012,1A2K,ABFLOW014,Natural gas,11.586814111642529,,11.586814111642529
Iceland,2012,1A2K,ABFLOW014,Oil,11.586814111642529,,11.586814111642529
Iceland,2012,1A2L,ABFLOW025,Coal,11.586814111642529,,11.586814111642529
Iceland,2012,1A2L,ABFLOW025,Natural gas,11.586814111642529,,11.586814111642529
Iceland,2012,1A2L,ABFLOW025,Oil,11.586814111642529,,11.586814111642529
Iceland,2012,1A2M,ABFLOW026,Coal,11.586814111642529,,11.586814111642529
Iceland,2012,1A2M,ABFLOW026,Natural gas,11.586814111642529,,11.586814111642529
Iceland,2012,1A2M,ABFLOW026,Oil,11.586814111642529,,11.586814111642529
Iceland,2012,1A3,ABFLOW027,Coal,,,0.0
Iceland,2012,1A3,ABFLOW027,Natural gas,,,0.0
Iceland,2012,1A3,ABFLOW027,Oil,,,0.0
Iceland,2012,1A3A1,ABFLOW040,Coal,11.586814111642529,,11.586814111642529
Iceland,2012,1A3A1,ABFLOW040,Natural gas,11.586814111642529,,11.586814111642529
Iceland,2012,1A3A1,ABFLOW040,Oil,11.586814111642529,,11.586814111642529
Iceland,2012,1A3A2,ABFLOW029,Coal,11.586814111642529,,11.586814111642529
Iceland,2012,1A3A2,ABFLOW029,Natural gas,11.586814111642529,,11.586814111642529
Iceland,2012,1A3A2,ABFLOW029,Oil,11.586814111642529,,11.586814111642529
Iceland,2012,1A3B,ABFLOW028,Coal,,,0.0
Iceland,2012,1A3B,ABFLOW028,Natural gas,,,0.0
Iceland,2012,1A3B,ABFLOW028,Oil,,16.9799601311238,16.9799601311238
Iceland,2012,1A3C,ABFLOW030,Coal,,,0.0
Iceland,2012,1A3C,ABFLOW030,Natural gas,,,0.0
Iceland,2012,1A3C,ABFLOW030,Oil,,,0.0
Iceland,2012,1A3D1,ABFLOW039,Coal,,,0.0
Iceland,2012,1A3D1,ABFLOW039,Natural gas,,,0.0
Iceland,2012,1A3D1,ABFLOW039,Oil,,,0.0
Iceland,2012,1A3D2,ABFLOW032,Coal,,,0.0
Iceland,2012,1A3D2,ABFLOW032,Natural gas,,,0.0
Iceland,2012,1A3D2,ABFLOW032,Oil,,,0.0
Iceland,2012,1A3E1,ABFLOW033,Coal,,,0.0
Iceland,2012,1A3E1,ABFLOW033,Natural gas,,,0.0
Iceland,2012,1A3E1,ABFLOW033,Oil,,,0.0
Iceland,2012,1A4A,ABFLOW035,Coal,,,0.0
Iceland,2012,1A4A,ABFLOW035,Natural gas,,,0.0
Iceland,2012,1A4A,ABFLOW035,Oil,,16.9799601311238,16.9799601311238
Iceland,2012,1A4B,ABFLOW034,Coal,,,0.0
Iceland,2012,1A4B,ABFLOW034,Natural gas,,,0.0
Iceland,2012,1A4B,ABFLOW034,Oil,,16.9799601311238,16.9799601311238
Iceland,2012,1A4C1,ABFLOW036,Coal,,,0.0
Iceland,2012,1A4C1,ABFLOW036,Natural gas,,,0.0
Iceland,2012,1A4C1,ABFLOW036,Oil,,16.9799601311238,16.9799601311238
Iceland,2012,1A4C2,ABFLOW037,Coal,,,0.0
Iceland,2012,1A4C2,ABFLOW037,Natural gas,,,0.0
Iceland,2012,1A4C2,ABFLOW037,Oil,,16.9799601311238,16.9799601311238
Iceland,2012,1A5,ABFLOW038,Coal,,,0.0
Iceland,2012,1A5,ABFLOW038,Natural gas,,,0.0
Iceland,2012,1A5,ABFLOW038,Oil,,,0.0
Iceland,2013,1A,ABFLOW001,Coal,,,0.0
Iceland,2013,1A,ABFLOW001,Natural gas,,,0.0
Iceland,2013,1A,ABFLOW001,Oil,,,0.0
Iceland,2013,1A1A,ABFLOW002,Coal,,,0.0
Iceland,2013,1A1A,ABFLOW002,Natural gas,,,0.0
Iceland,2013,1A1A,ABFLOW002,Oil,,,0.0
Iceland,2013,1A1A1,ABFLOW003,Coal,6.8720305219260815,,6.8720305219260815
Iceland,2013,1A1A1,ABFLOW003,Natural gas,6.8720305219260815,,6.8720305219260815
Iceland,2013,1A1A1,ABFLOW003,Oil,6.8720305219260815,,6.8720305219260815
Iceland,2013,1A1A2,ABFLOW004,Coal,6.8720305219260815,,6.8720305219260815
Iceland,2013,1A1A2,ABFLOW004,Natural gas,6.8720305219260815,,6.8720305219260815
Iceland,2013,1A1A2,ABFLOW004,Oil,6.8720305219260815,,6.8720305219260815
Iceland,2013,1A1A3,ABFLOW005,Coal,6.8720305219260815,,6.8720305219260815
Iceland,2013,1A1A3,ABFLOW005,Natural gas,6.8720305219260815,,6.8720305219260815
Iceland,2013,1A1A3,ABFLOW005,Oil,6.8720305219260815,,6.8720305219260815
Iceland,2013,1A1B,ABFLOW011,Coal,6.8720305219260815,,6.8720305219260815
Iceland,2013,1A1B,ABFLOW011,Natural gas,6.8720305219260815,8.544898453610774,15.416928975536855
Iceland,2013,1A1B,ABFLOW011,Oil,6.8720305219260815,8.544898453610774,15.416928975536855
Iceland,2013,1A1C,ABFLOW011,Coal,6.8720305219260815,,6.8720305219260815
Iceland,2013,1A1C,ABFLOW011,Natural gas,6.8720305219260815,8.544898453610774,15.416928975536855
Iceland,2013,1A1C,ABFLOW011,Oil,6.8720305219260815,8.544898453610774,15.416928975536855
Iceland,2013,1A2,ABFLOW012,Coal,,,0.0
Iceland,2013,1A2,ABFLOW012,Natural gas,,,0.0
Iceland,2013,1A2,ABFLOW012,Oil,,,0.0
Iceland,2013,1A2A,ABFLOW016,Coal,6.8720305219260815,,6.8720305219260815
Iceland,2013,1A2A,ABFLOW016,Natural gas,6.8720305219260815,,6.8720305219260815
Iceland,2013,1A2A,ABFLOW016,Oil,6.8720305219260815,,6.8720305219260815
Iceland,2013,1A2B,ABFLOW018,Coal,6.8720305219260815,,6.8720305219260815
Iceland,2013,1A2B,ABFLOW018,Natural gas,6.8720305219260815,,6.8720305219260815
Iceland,2013,1A2B,ABFLOW018,Oil,6.8720305219260815,,6.8720305219260815
Iceland,2013,1A2C,ABFLOW017,Coal,6.8720305219260815,,6.8720305219260815
Iceland,2013,1A2C,ABFLOW017,Natural gas,6.8720305219260815,,6.8720305219260815
Iceland,2013,1A2C,ABFLOW017,Oil,6.8720305219260815,,6.8720305219260815
Iceland,2013,1A2D,ABFLOW023,Coal,6.8720305219260815,,6.8720305219260815
Iceland,2013,1A2D,ABFLOW023,Natural gas,6.8720305219260815,,6.8720305219260815
Iceland,2013,1A2D,ABFLOW023,Oil,6.8720305219260815,,6.8720305219260815
Iceland,2013,1A2E,ABFLOW022,Coal,6.8720305219260815,,6.8720305219260815
Iceland,2013,1A2E,ABFLOW022,Natural gas,6.8720305219260815,,6.8720305219260815
Iceland,2013,1A2E,ABFLOW022,Oil,6.8720305219260815,,6.8720305219260815
Iceland,2013,1A2F,ABFLOW019,Coal,6.8720305219260815,,6.8720305219260815
Iceland,2013,1A2F,ABFLOW019,Natural gas,6.8720305219260815,,6.8720305219260815
Iceland,2013,1A2F,ABFLOW019,Oil,6.8720305219260815,,6.8720305219260815
Iceland,2013,1A2G,ABFLOW020,Coal,6.8720305219260815,,6.8720305219260815
Iceland,2013,1A2G,ABFLOW020,Natural gas,6.8720305219260815,,6.8720305219260815
Iceland,2013,1A2G,ABFLOW020,Oil,6.8720305219260815,,6.8720305219260815
Iceland,2013,1A2H,ABFLOW021,Coal,6.8720305219260815,,6.8720305219260815
Iceland,2013,1A2H,ABFLOW021,Natural gas,6.8720305219260815,,6.8720305219260815
Iceland,2013,1A2H,ABFLOW021,Oil,6.8720305219260815,,6.8720305219260815
Iceland,2013,1A2I,ABFLOW013,Coal,6.8720305219260815,,6.8720305219260815
Iceland,2013,1A2I,ABFLOW013,Natural gas,6.8720305219260815,,6.8720305219260815
Iceland,2013,1A2I,ABFLOW013,Oil,6.8720305219260815,,6.8720305219260815
Iceland,2013,1A2J,ABFLOW024,Coal,6.8720305219260815,,6.8720305219260815
Iceland,2013,1A2J,ABFLOW024,Natural gas,6.8720305219260815,,6.8720305219260815
Iceland,2013,1A2J,ABFLOW024,Oil,6.8720305219260815,,6.8720305219260815
Iceland,2013,1A2K,ABFLOW014,Coal,6.8720305219260815,,6.8720305219260815
Iceland,2013,1A2K,ABFLOW014,Natural gas,6.8720305219260815,,6.8720305219260815
Iceland,2013,1A2K,ABFLOW014,Oil,6.8720305219260815,,6.8720305219260815
Iceland,2013,1A2L,ABFLOW025,Coal,6.8720305219260815,,6.8720305219260815
Iceland,2013,1A2L,ABFLOW025,Natural gas,6.8720305219260815,,6.8720305219260815
Iceland,2013,1A2L,ABFLOW025,Oil,6.8720305219260815,,6.8720305219260815
Iceland,2013,1A2M,ABFLOW026,Coal,6.8720305219260815,,6.8720305219260815
Iceland,2013,1A2M,ABFLOW026,Natural gas,6.8720305219260815,,6.8720305219260815
Iceland,2013,1A2M,ABFLOW026,Oil,6.8720305219260815,,6.8720305219260815
Iceland,2013,1A3,ABFLOW027,Coal,,,0.0
Iceland,2013,1A3,ABFLOW027,Natural gas,,,0.0
Iceland,2013,1A3,ABFLOW027,Oil,,,0.0
Iceland,2013,1A3A1,ABFLOW040,Coal,3.5047355661823016,,3.5047355661823016
Iceland,2013,1A3A1,ABFLOW040,Natural gas,3.5047355661823016,,3.5047355661823016
Iceland,2013,1A3A1,ABFLOW040,Oil,3.5047355661823016,,3.5047355661823016
Iceland,2013,1A3A2,ABFLOW029,Coal,6.8720305219260815,,6.8720305219260815
Iceland,2013,1A3A2,ABFLOW029,Natural gas,6.8720305219260815,,6.8720305219260815
Iceland,2013,1A3A2,ABFLOW029,Oil,6.8720305219260815,,6.8720305219260815
Iceland,2013,1A3B,ABFLOW028,Coal,,,0.0
Iceland,2013,1A3B,ABFLOW028,Natural gas,,8.544898453610774,8.544898453610774
Iceland,2013,1A3B,ABFLOW028,Oil,,8.544898453610774,8.544898453610774
Iceland,2013,1A3C,ABFLOW030,Coal,,,0.0
Iceland,2013,1A3C,ABFLOW030,Natural gas,,,0.0
Iceland,2013,1A3C,ABFLOW030,Oil,,,0.0
Iceland,2013,1A3D1,ABFLOW039,Coal,,,0.0
Iceland,2013,1A3D1,ABFLOW039,Natural gas,,,0.0
Iceland,2013,1A3D1,ABFLOW039,Oil,,,0.0
Iceland,2013,1A3D2,ABFLOW032,Coal,,,0.0
Iceland,2013,1A3D2,ABFLOW032,Natural gas,,,0.0
Iceland,2013,1A3D2,ABFLOW032,Oil,,,0.0
Iceland,2013,1A3E1,ABFLOW033,Coal,,,0.0
Iceland,2013,1A3E1,ABFLOW033,Natural gas,,,0.0
Iceland,2013,1A3E1,ABFLOW033,Oil,,,0.0
Iceland,2013,1A4A,ABFLOW035,Coal,,,0.0
Iceland,2013,1A4A,ABFLOW035,Natural gas,,8.544898453610774,8.544898453610774
Iceland,2013,1A4A,ABFLOW035,Oil,,8.544898453610774,8.544898453610774
Iceland,2013,1A4B,ABFLOW034,Coal,,,0.0
Iceland,2013,1A4B,ABFLOW034,Natural gas,,8.544898453610774,8.544898453610774
Iceland,2013,1A4B,ABFLOW034,Oil,,8.544898453610774,8.544898453610774
Iceland,2013,1A4C1,ABFLOW036,Coal,,,0.0
Iceland,2013,1A4C1,ABFLOW036,Natural gas,,8.544898453610774,8.544898453610774
Iceland,2013,1A4C1,ABFLOW036,Oil,,8.544898453610774,8.544898453610774
Iceland,2013,1A4C2,ABFLOW037,Coal,,,0.0
Iceland,2013,1A4C2,ABFLOW037,Natural gas,,8.544898453610774,8.544898453610774
Iceland,2013,1A4C2,ABFLOW037,Oil,,8.544898453610774,8.544898453610774
Iceland,2013,1A5,ABFLOW038,Coal,,,0.0
Iceland,2013,1A5,ABFLOW038,Natural gas,,,0.0
Iceland,2013,1A5,ABFLOW038,Oil,,,0.0
Iceland,2014,1A,ABFLOW001,Coal,,,0.0
Iceland,2014,1A,ABFLOW001,Natural gas,,,0.0
Iceland,2014,1A,ABFLOW001,Oil,,,0.0
Iceland,2014,1A1A,ABFLOW002,Coal,,,0.0
Iceland,2014,1A1A,ABFLOW002,Natural gas,,,0.0
Iceland,2014,1A1A,ABFLOW002,Oil,,,0.0
Iceland,2014,1A1A1,ABFLOW003,Coal,8.78354963782124,,8.78354963782124
Iceland,2014,1A1A1,ABFLOW003,Natural gas,8.78354963782124,,8.78354963782124
Iceland,2014,1A1A1,ABFLOW003,Oil,8.78354963782124,,8.78354963782124
Iceland,2014,1A1A2,ABFLOW004,Coal,8.78354963782124,,8.78354963782124
Iceland,2014,1A1A2,ABFLOW004,Natural gas,8.78354963782124,,8.78354963782124
Iceland,2014,1A1A2,ABFLOW004,Oil,8.78354963782124,,8.78354963782124
Iceland,2014,1A1A3,ABFLOW005,Coal,8.78354963782124,,8.78354963782124
Iceland,2014,1A1A3,ABFLOW005,Natural gas,8.78354963782124,,8.78354963782124
Iceland,2014,1A1A3,ABFLOW005,Oil,8.78354963782124,,8.78354963782124
Iceland,2014,1A1B,ABFLOW011,Coal,8.78354963782124,,8.78354963782124
Iceland,2014,1A1B,ABFLOW011,Natural gas,8.78354963782124,11.857653728275308,20.641203366096548
Iceland,2014,1A1B,ABFLOW011,Oil,8.78354963782124,11.857653728275308,20.641203366096548
Iceland,2014,1A1C,ABFLOW011,Coal,8.78354963782124,,8.78354963782124
Iceland,2014,1A1C,ABFLOW011,Natural gas,8.78354963782124,11.857653728275308,20.641203366096548
Iceland,2014,1A1C,ABFLOW011,Oil,8.78354963782124,11.857653728275308,20.641203366096548
Iceland,2014,1A2,ABFLOW012,Coal,,,0.0
Iceland,2014,1A2,ABFLOW012,Natural gas,,,0.0
Iceland,2014,1A2,ABFLOW012,Oil,,,0.0
Iceland,2014,1A2A,ABFLOW016,Coal,8.78354963782124,,8.78354963782124
Iceland,2014,1A2A,ABFLOW016,Natural gas,8.78354963782124,,8.78354963782124
Iceland,2014,1A2A,ABFLOW016,Oil,8.78354963782124,,8.78354963782124
Iceland,2014,1A2B,ABFLOW018,Coal,8.78354963782124,,8.78354963782124
Iceland,2014,1A2B,ABFLOW018,Natural gas,8.78354963782124,,8.78354963782124
Iceland,2014,1A2B,ABFLOW018,Oil,8.78354963782124,,8.78354963782124
Iceland,2014,1A2C,ABFLOW017,Coal,8.78354963782124,,8.78354963782124
Iceland,2014,1A2C,ABFLOW017,Natural gas,8.78354963782124,,8.78354963782124
Iceland,2014,1A2C,ABFLOW017,Oil,8.78354963782124,,8.78354963782124
Iceland,2014,1A2D,ABFLOW023,Coal,8.78354963782124,,8.78354963782124
Iceland,2014,1A2D,ABFLOW023,Natural gas,8.78354963782124,,8.78354963782124
Iceland,2014,1A2D,ABFLOW023,Oil,8.78354963782124,,8.78354963782124
Iceland,2014,1A2E,ABFLOW022,Coal,8.78354963782124,,8.78354963782124
Iceland,2014,1A2E,ABFLOW022,Natural gas,8.78354963782124,,8.78354963782124
Iceland,2014,1A2E,ABFLOW022,Oil,8.78354963782124,,8.78354963782124
Iceland,2014,1A2F,ABFLOW019,Coal,8.78354963782124,,8.78354963782124
Iceland,2014,1A2F,ABFLOW019,Natural gas,8.78354963782124,,8.78354963782124
Iceland,2014,1A2F,ABFLOW019,Oil,8.78354963782124,,8.78354963782124
Iceland,2014,1A2G,ABFLOW020,Coal,8.78354963782124,,8.78354963782124
Iceland,2014,1A2G,ABFLOW020,Natural gas,8.78354963782124,,8.78354963782124
Iceland,2014,1A2G,ABFLOW020,Oil,8.78354963782124,,8.78354963782124
Iceland,2014,1A2H,ABFLOW021,Coal,8.78354963782124,,8.78354963782124
Iceland,2014,1A2H,ABFLOW021,Natural gas,8.78354963782124,,8.78354963782124
Iceland,2014,1A2H,ABFLOW021,Oil,8.78354963782124,,8.78354963782124
Iceland,2014,1A2I,ABFLOW013,Coal,8.78354963782124,,8.78354963782124
Iceland,2014,1A2I,ABFLOW013,Natural gas,8.78354963782124,,8.78354963782124
Iceland,2014,1A2I,ABFLOW013,Oil,8.78354963782124,,8.78354963782124
Iceland,2014,1A2J,ABFLOW024,Coal,8.78354963782124,,8.78354963782124
Iceland,2014,1A2J,ABFLOW024,Natural gas,8.78354963782124,,8.78354963782124
Iceland,2014,1A2J,ABFLOW024,Oil,8.78354963782124,,8.78354963782124
Iceland,2014,1A2K,ABFLOW014,Coal,8.78354963782124,,8.78354963782124
Iceland,2014,1A2K,ABFLOW014,Natural gas,8.78354963782124,,8.78354963782124
Iceland,2014,1A2K,ABFLOW014,Oil,8.78354963782124,,8.78354963782124
Iceland,2014,1A2L,ABFLOW025,Coal,8.78354963782124,,8.78354963782124
Iceland,2014,1A2L,ABFLOW025,Natural gas,8.78354963782124,,8.78354963782124
Iceland,2014,1A2L,ABFLOW025,Oil,8.78354963782124,,8.78354963782124
Iceland,2014,1A2M,ABFLOW026,Coal,8.78354963782124,,8.78354963782124
Iceland,2014,1A2M,ABFLOW026,Natural gas,8.78354963782124,,8.78354963782124
Iceland,2014,1A2M,ABFLOW026,Oil,8.78354963782124,,8.78354963782124
Iceland,2014,1A3,ABFLOW027,Coal,,,0.0
Iceland,2014,1A3,ABFLOW027,Natural gas,,,0.0
Iceland,2014,1A3,ABFLOW027,Oil,,,0.0
Iceland,2014,1A3A1,ABFLOW040,Coal,4.4796103152888325,,4.4796103152888325
Iceland,2014,1A3A1,ABFLOW040,Natural gas,4.4796103152888325,,4.4796103152888325
Iceland,2014,1A3A1,ABFLOW040,Oil,4.4796103152888325,,4.4796103152888325
Iceland,2014,1A3A2,ABFLOW029,Coal,8.78354963782124,,8.78354963782124
Iceland,2014,1A3A2,ABFLOW029,Natural gas,8.78354963782124,,8.78354963782124
Iceland,2014,1A3A2,ABFLOW029,Oil,8.78354963782124,,8.78354963782124
Iceland,2014,1A3B,ABFLOW028,Coal,,,0.0
Iceland,2014,1A3B,ABFLOW028,Natural gas,,11.857653728275308,11.857653728275308
Iceland,2014,1A3B,ABFLOW028,Oil,,11.857653728275308,11.857653728275308
Iceland,2014,1A3C,ABFLOW030,Coal,,,0.0
Iceland,2014,1A3C,ABFLOW030,Natural gas,,,0.0
Iceland,2014,1A3C,ABFLOW030,Oil,,,0.0
Iceland,2014,1A3D1,ABFLOW039,Coal,,,0.0
Iceland,2014,1A3D1,ABFLOW039,Natural gas,,,0.0
Iceland,2014,1A3D1,ABFLOW039,Oil,,,0.0
Iceland,2014,1A3D2,ABFLOW032,Coal,,,0.0
Iceland,2014,1A3D2,ABFLOW032,Natural gas,,,0.0
Iceland,2014,1A3D2,ABFLOW032,Oil,,,0.0
Iceland,2014,1A3E1,ABFLOW033,Coal,,,0.0
Iceland,2014,1A3E1,ABFLOW033,Natural gas,,,0.0
Iceland,2014,1A3E1,ABFLOW033,Oil,,,0.0
Iceland,2014,1A4A,ABFLOW035,Coal,,,0.0
Iceland,2014,1A4A,ABFLOW035,Natural gas,,11.857653728275308,11.857653728275308
Iceland,2014,1A4A,ABFLOW035,Oil,,11.857653728275308,11.857653728275308
Iceland,2014,1A4B,ABFLOW034,Coal,,,0.0
Iceland,2014,1A4B,ABFLOW034,Natural gas,,11.857653728275308,11.857653728275308
Iceland,2014,1A4B,ABFLOW034,Oil,,11.857653728275308,11.857653728275308
Iceland,2014,1A4C1,ABFLOW036,Coal,,,0.0
Iceland,2014,1A4C1,ABFLOW036,Natural gas,,11.857653728275308,11.857653728275308
Iceland,2014,1A4C1,ABFLOW036,Oil,,11.857653728275308,11.857653728275308
Iceland,2014,1A4C2,ABFLOW037,Coal,,,0.0
Iceland,2014,1A4C2,ABFLOW037,Natural gas,,11.857653728275308,11.857653728275308
Iceland,2014,1A4C2,ABFLOW037,Oil,,11.857653728275308,11.857653728275308
Iceland,2014,1A5,ABFLOW038,Coal,,,0.0
Iceland,2014,1A5,ABFLOW038,Natural gas,,,0.0
Iceland,2014,1A5,ABFLOW038,Oil,,,0.0
Iceland,2015,1A,ABFLOW001,Coal,,,0.0
Iceland,2015,1A,ABFLOW001,Natural gas,,,0.0
Iceland,2015,1A,ABFLOW001,Oil,,,0.0
Iceland,2015,1A1A,ABFLOW002,Coal,,,0.0
Iceland,2015,1A1A,ABFLOW002,Natural gas,,,0.0
Iceland,2015,1A1A,ABFLOW002,Oil,,,0.0
Iceland,2015,1A1A1,ABFLOW003,Coal,10.69018276285228,,10.69018276285228
Iceland,2015,1A1A1,ABFLOW003,Natural gas,10.69018276285228,,10.69018276285228
Iceland,2015,1A1A1,ABFLOW003,Oil,10.69018276285228,,10.69018276285228
Iceland,2015,1A1A2,ABFLOW004,Coal,10.69018276285228,,10.69018276285228
Iceland,2015,1A1A2,ABFLOW004,Natural gas,10.69018276285228,,10.69018276285228
Iceland,2015,1A1A2,ABFLOW004,Oil,10.69018276285228,,10.69018276285228
Iceland,2015,1A1A3,ABFLOW005,Coal,10.69018276285228,,10.69018276285228
Iceland,2015,1A1A3,ABFLOW005,Natural gas,10.69018276285228,,10.69018276285228
Iceland,2015,1A1A3,ABFLOW005,Oil,10.69018276285228,,10.69018276285228
Iceland,2015,1A1B,ABFLOW011,Coal,10.69018276285228,,10.69018276285228
Iceland,2015,1A1B,ABFLOW011,Natural gas,10.69018276285228,10.791386589030388,21.48156935188267
Iceland,2015,1A1B,ABFLOW011,Oil,10.69018276285228,10.791386589030388,21.48156935188267
Iceland,2015,1A1C,ABFLOW011,Coal,10.69018276285228,,10.69018276285228
Iceland,2015,1A1C,ABFLOW011,Natural gas,10.69018276285228,10.791386589030388,21.48156935188267
Iceland,2015,1A1C,ABFLOW011,Oil,10.69018276285228,10.791386589030388,21.48156935188267
Iceland,2015,1A2,ABFLOW012,Coal,,,0.0
Iceland,2015,1A2,ABFLOW012,Natural gas,,,0.0
Iceland,2015,1A2,ABFLOW012,Oil,,,0.0
Iceland,2015,1A2A,ABFLOW016,Coal,10.69018276285228,,10.69018276285228
Iceland,2015,1A2A,ABFLOW016,Natural gas,10.69018276285228,,10.69018276285228
Iceland,2015,1A2A,ABFLOW016,Oil,10.69018276285228,,10.69018276285228
Iceland,2015,1A2B,ABFLOW018,Coal,10.69018276285228,,10.69018276285228
Iceland,2015,1A2B,ABFLOW018,Natural gas,10.69018276285228,,10.69018276285228
Iceland,2015,1A2B,ABFLOW018,Oil,10.69018276285228,,10.69018276285228
Iceland,2015,1A2C,ABFLOW017,Coal,10.69018276285228,,10.69018276285228
Iceland,2015,1A2C,ABFLOW017,Natural gas,10.69018276285228,,10.69018276285228
Iceland,2015,1A2C,ABFLOW017,Oil,10.69018276285228,,10.69018276285228
Iceland,2015,1A2D,ABFLOW023,Coal,10.69018276285228,,10.69018276285228
Iceland,2015,1A2D,ABFLOW023,Natural gas,10.69018276285228,,10.69018276285228
Iceland,2015,1A2D,ABFLOW023,Oil,10.69018276285228,,10.69018276285228
Iceland,2015,1A2E,ABFLOW022,Coal,10.69018276285228,,10.69018276285228
Iceland,2015,1A2E,ABFLOW022,Natural gas,10.69018276285228,,10.69018276285228
Iceland,2015,1A2E,ABFLOW022,Oil,10.69018276285228,,10.69018276285228
Iceland,2015,1A2F,ABFLOW019,Coal,10.69018276285228,,10.69018276285228
Iceland,2015,1A2F,ABFLOW019,Natural gas,10.69018276285228,,10.69018276285228
Iceland,2015,1A2F,ABFLOW019,Oil,10.69018276285228,,10.69018276285228
Iceland,2015,1A2G,ABFLOW020,Coal,10.69018276285228,,10.69018276285228
Iceland,2015,1A2G,ABFLOW020,Natural gas,10.69018276285228,,10.69018276285228
Iceland,2015,1A2G,ABFLOW020,Oil,10.69018276285228,,10.69018276285228
Iceland,2015,1A2H,ABFLOW021,Coal,10.69018276285228,,10.69018276285228
Iceland,2015,1A2H,ABFLOW021,Natural gas,10.69018276285228,,10.69018276285228
Iceland,2015,1A2H,ABFLOW021,Oil,10.69018276285228,,10.69018276285228
Iceland,2015,1A2I,ABFLOW013,Coal,10.69018276285228,,10.69018276285228
Iceland,2015,1A2I,ABFLOW013,Natural gas,10.69018276285228,,10.69018276285228
Iceland,2015,1A2I,ABFLOW013,Oil,10.69018276285228,,10.69018276285228
Iceland,2015,1A2J,ABFLOW024,Coal,10.69018276285228,,10.69018276285228
Iceland,2015,1A2J,ABFLOW024,Natural gas,10.69018276285228,,10.69018276285228
Iceland,2015,1A2J,ABFLOW024,Oil,10.69018276285228,,10.69018276285228
Iceland,2015,1A2K,ABFLOW014,Coal,10.69018276285228,,10.69018276285228
Iceland,2015,1A2K,ABFLOW014,Natural gas,10.69018276285228,,10.69018276285228
Iceland,2015,1A2K,ABFLOW014,Oil,10.69018276285228,,10.69018276285228
Iceland,2015,1A2L,ABFLOW025,Coal,10.69018276285228,,10.69018276285228
Iceland,2015,1A2L,ABFLOW025,Natural gas,10.69018276285228,,10.69018276285228
Iceland,2015,1A2L,ABFLOW025,Oil,10.69018276285228,,10.69018276285228
Iceland,2015,1A2M,ABFLOW026,Coal,10.69018276285228,,10.69018276285228
Iceland,2015,1A2M,ABFLOW026,Natural gas,10.69018276285228,,10.69018276285228
Iceland,2015,1A2M,ABFLOW026,Oil,10.69018276285228,,10.69018276285228
Iceland,2015,1A3,ABFLOW027,Coal,,,0.0
Iceland,2015,1A3,ABFLOW027,Natural gas,,,0.0
Iceland,2015,1A3,ABFLOW027,Oil,,,0.0
Iceland,2015,1A3A1,ABFLOW040,Coal,5.451993209054662,,5.451993209054662
Iceland,2015,1A3A1,ABFLOW040,Natural gas,5.451993209054662,,5.451993209054662
Iceland,2015,1A3A1,ABFLOW040,Oil,5.451993209054662,,5.451993209054662
Iceland,2015,1A3A2,ABFLOW029,Coal,10.69018276285228,,10.69018276285228
Iceland,2015,1A3A2,ABFLOW029,Natural gas,10.69018276285228,,10.69018276285228
Iceland,2015,1A3A2,ABFLOW029,Oil,10.69018276285228,,10.69018276285228
Iceland,2015,1A3B,ABFLOW028,Coal,,,0.0
Iceland,2015,1A3B,ABFLOW028,Natural gas,,10.791386589030388,10.791386589030388
Iceland,2015,1A3B,ABFLOW028,Oil,,10.791386589030388,10.791386589030388
Iceland,2015,1A3C,ABFLOW030,Coal,,,0.0
Iceland,2015,1A3C,ABFLOW030,Natural gas,,,0.0
Iceland,2015,1A3C,ABFLOW030,Oil,,,0.0
Iceland,2015,1A3D1,ABFLOW039,Coal,,,0.0
Iceland,2015,1A3D1,ABFLOW039,Natural gas,,,0.0
Iceland,2015,1A3D1,ABFLOW039,Oil,,,0.0
Iceland,2015,1A3D2,ABFLOW032,Coal,,,0.0
Iceland,2015,1A3D2,ABFLOW032,Natural gas,,,0.0
Iceland,2015,1A3D2,ABFLOW032,Oil,,,0.0
Iceland,2015,1A3E1,ABFLOW033,Coal,,,0.0
Iceland,2015,1A3E1,ABFLOW033,Natural gas,,,0.0
Iceland,2015,1A3E1,ABFLOW033,Oil,,,0.0
Iceland,2015,1A4A,ABFLOW035,Coal,,,0.0
Iceland,2015,1A4A,ABFLOW035,Natural gas,,10.791386589030388,10.791386589030388
Iceland,2015,1A4A,ABFLOW035,Oil,,10.791386589030388,10.791386589030388
Iceland,2015,1A4B,ABFLOW034,Coal,,,0.0
Iceland,2015,1A4B,ABFLOW034,Natural gas,,10.791386589030388,10.791386589030388
Iceland,2015,1A4B,ABFLOW034,Oil,,10.791386589030388,10.791386589030388
Iceland,2015,1A4C1,ABFLOW036,Coal,,,0.0
Iceland,2015,1A4C1,ABFLOW036,Natural gas,,10.791386589030388,10.791386589030388
Iceland,2015,1A4C1,ABFLOW036,Oil,,10.791386589030388,10.791386589030388
Iceland,2015,1A4C2,ABFLOW037,Coal,,,0.0
Iceland,2015,1A4C2,ABFLOW037,Natural gas,,10.791386589030388,10.791386589030388
Iceland,2015,1A4C2,ABFLOW037,Oil,,10.791386589030388,10.791386589030388
Iceland,2015,1A5,ABFLOW038,Coal,,,0.0
Iceland,2015,1A5,ABFLOW038,Natural gas,,,0.0
Iceland,2015,1A5,ABFLOW038,Oil,,,0.0
Iceland,2016,1A,ABFLOW001,Coal,,,0.0
Iceland,2016,1A,ABFLOW001,Natural gas,,,0.0
Iceland,2016,1A,ABFLOW001,Oil,,,0.0
Iceland,2016,1A1A,ABFLOW002,Coal,,,0.0
Iceland,2016,1A1A,ABFLOW002,Natural gas,,,0.0
Iceland,2016,1A1A,ABFLOW002,Oil,,,0.0
Iceland,2016,1A1A1,ABFLOW003,Coal,7.282294658543719,,7.282294658543719
Iceland,2016,1A1A1,ABFLOW003,Natural gas,7.282294658543719,,7.282294658543719
Iceland,2016,1A1A1,ABFLOW003,Oil,7.282294658543719,,7.282294658543719
Iceland,2016,1A1A2,ABFLOW004,Coal,7.282294658543719,,7.282294658543719
Iceland,2016,1A1A2,ABFLOW004,Natural gas,7.282294658543719,,7.282294658543719
Iceland,2016,1A1A2,ABFLOW004,Oil,7.282294658543719,,7.282294658543719
Iceland,2016,1A1A3,ABFLOW005,Coal,7.282294658543719,,7.282294658543719
Iceland,2016,1A1A3,ABFLOW005,Natural gas,7.282294658543719,,7.282294658543719
Iceland,2016,1A1A3,ABFLOW005,Oil,7.282294658543719,,7.282294658543719
Iceland,2016,1A1B,ABFLOW011,Coal,7.282294658543719,,7.282294658543719
Iceland,2016,1A1B,ABFLOW011,Natural gas,7.282294658543719,11.616868513089678,18.899163171633397
Iceland,2016,1A1B,ABFLOW011,Oil,7.282294658543719,11.616868513089678,18.899163171633397
Iceland,2016,1A1C,ABFLOW011,Coal,7.282294658543719,,7.282294658543719
Iceland,2016,1A1C,ABFLOW011,Natural gas,7.282294658543719,11.616868513089678,18.899163171633397
Iceland,2016,1A1C,ABFLOW011,Oil,7.282294658543719,11.616868513089678,18.899163171633397
Iceland,2016,1A2,ABFLOW012,Coal,,,0.0
Iceland,2016,1A2,ABFLOW012,Natural gas,,,0.0
Iceland,2016,1A2,ABFLOW012,Oil,,,0.0
Iceland,2016,1A2A,ABFLOW016,Coal,7.282294658543719,,7.282294658543719
Iceland,2016,1A2A,ABFLOW016,Natural gas,7.282294658543719,,7.282294658543719
Iceland,2016,1A2A,ABFLOW016,Oil,7.282294658543719,,7.282294658543719
Iceland,2016,1A2B,ABFLOW018,Coal,7.282294658543719,,7.282294658543719
Iceland,2016,1A2B,ABFLOW018,Natural gas,7.282294658543719,,7.282294658543719
Iceland,2016,1A2B,ABFLOW018,Oil,7.282294658543719,,7.282294658543719
Iceland,2016,1A2C,ABFLOW017,Coal,7.282294658543719,,7.282294658543719
Iceland,2016,1A2C,ABFLOW017,Natural gas,7.282294658543719,,7.282294658543719
Iceland,2016,1A2C,ABFLOW017,Oil,7.282294658543719,,7.282294658543719
Iceland,2016,1A2D,ABFLOW023,Coal,7.282294658543719,,7.282294658543719
Iceland,2016,1A2D,ABFLOW023,Natural gas,7.282294658543719,,7.282294658543719
Iceland,2016,1A2D,ABFLOW023,Oil,7.282294658543719,,7.282294658543719
Iceland,2016,1A2E,ABFLOW022,Coal,7.282294658543719,,7.282294658543719
Iceland,2016,1A2E,ABFLOW022,Natural gas,7.282294658543719,,7.282294658543719
Iceland,2016,1A2E,ABFLOW022,Oil,7.282294658543719,,7.282294658543719
Iceland,2016,1A2F,ABFLOW019,Coal,7.282294658543719,,7.282294658543719
Iceland,2016,1A2F,ABFLOW019,Natural gas,7.282294658543719,,7.282294658543719
Iceland,2016,1A2F,ABFLOW019,Oil,7.282294658543719,,7.282294658543719
Iceland,2016,1A2G,ABFLOW020,Coal,7.282294658543719,,7.282294658543719
Iceland,2016,1A2G,ABFLOW020,Natural gas,7.282294658543719,,7.282294658543719
Iceland,2016,1A2G,ABFLOW020,Oil,7.282294658543719,,7.282294658543719
Iceland,2016,1A2H,ABFLOW021,Coal,7.282294658543719,,7.282294658543719
Iceland,2016,1A2H,ABFLOW021,Natural gas,7.282294658543719,,7.282294658543719
Iceland,2016,1A2H,ABFLOW021,Oil,7.282294658543719,,7.282294658543719
Iceland,2016,1A2I,ABFLOW013,Coal,7.282294658543719,,7.282294658543719
Iceland,2016,1A2I,ABFLOW013,Natural gas,7.282294658543719,,7.282294658543719
Iceland,2016,1A2I,ABFLOW013,Oil,7.282294658543719,,7.282294658543719
Iceland,2016,1A2J,ABFLOW024,Coal,7.282294658543719,,7.282294658543719
Iceland,2016,1A2J,ABFLOW024,Natural gas,7.282294658543719,,7.282294658543719
Iceland,2016,1A2J,ABFLOW024,Oil,7.282294658543719,,7.282294658543719
Iceland,2016,1A2K,ABFLOW014,Coal,7.282294658543719,,7.282294658543719
Iceland,2016,1A2K,ABFLOW014,Natural gas,7.282294658543719,,7.282294658543719
Iceland,2016,1A2K,ABFLOW014,Oil,7.282294658543719,,7.282294658543719
Iceland,2016,1A2L,ABFLOW025,Coal,7.282294658543719,,7.282294658543719
Iceland,2016,1A2L,ABFLOW025,Natural gas,7.282294658543719,,7.282294658543719
Iceland,2016,1A2L,ABFLOW025,Oil,7.282294658543719,,7.282294658543719
Iceland,2016,1A2M,ABFLOW026,Coal,7.282294658543719,,7.282294658543719
Iceland,2016,1A2M,ABFLOW026,Natural gas,7.282294658543719,,7.282294658543719
Iceland,2016,1A2M,ABFLOW026,Oil,7.282294658543719,,7.282294658543719
Iceland,2016,1A3,ABFLOW027,Coal,,,0.0
Iceland,2016,1A3,ABFLOW027,Natural gas,,,0.0
Iceland,2016,1A3,ABFLOW027,Oil,,,0.0
Iceland,2016,1A3A1,ABFLOW040,Coal,3.7139702758572968,,3.7139702758572968
Iceland,2016,1A3A1,ABFLOW040,Natural gas,3.7139702758572968,,3.7139702758572968
Iceland,2016,1A3A1,ABFLOW040,Oil,3.7139702758572968,,3.7139702758572968
Iceland,2016,1A3A2,ABFLOW029,Coal,7.282294658543719,,7.282294658543719
Iceland,2016,1A3A2,ABFLOW029,Natural gas,7.282294658543719,,7.282294658543719
Iceland,2016,1A3A2,ABFLOW029,Oil,7.282294658543719,,7.282294658543719
Iceland,2016,1A3B,ABFLOW028,Coal,,,0.0
Iceland,2016,1A3B,ABFLOW028,Natural gas,,11.616868513089678,11.616868513089678
Iceland,2016,1A3B,ABFLOW028,Oil,,11.616868513089678,11.616868513089678
Iceland,2016,1A3C,ABFLOW030,Coal,,,0.0
Iceland,2016,1A3C,ABFLOW030,Natural gas,,,0.0
Iceland,2016,1A3C,ABFLOW030,Oil,,,0.0
Iceland,2016,1A3D1,ABFLOW039,Coal,,,0.0
Iceland,2016,1A3D1,ABFLOW039,Natural gas,,,0.0
Iceland,2016,1A3D1,ABFLOW039,Oil,,,0.0
Iceland,2016,1A3D2,ABFLOW032,Coal,,,0.0
Iceland,2016,1A3D2,ABFLOW032,Natural gas,,,0.0
Iceland,2016,1A3D2,ABFLOW032,Oil,,,0.0
Iceland,2016,1A3E1,ABFLOW033,Coal,,,0.0
Iceland,2016,1A3E1,ABFLOW033,Natural gas,,,0.0
Iceland,2016,1A3E1,ABFLOW033,Oil,,,0.0
Iceland,2016,1A4A,ABFLOW035,Coal,,,0.0
Iceland,2016,1A4A,ABFLOW035,Natural gas,,11.616868513089678,11.616868513089678
Iceland,2016,1A4A,ABFLOW035,Oil,,11.616868513089678,11.616868513089678
Iceland,2016,1A4B,ABFLOW034,Coal,,,0.0
Iceland,2016,1A4B,ABFLOW034,Natural gas,,11.616868513089678,11.616868513089678
Iceland,2016,1A4B,ABFLOW034,Oil,,11.616868513089678,11.616868513089678
Iceland,2016,1A4C1,ABFLOW036,Coal,,,0.0
Iceland,2016,1A4C1,ABFLOW036,Natural gas,,11.616868513089678,11.616868513089678
Iceland,2016,1A4C1,ABFLOW036,Oil,,11.616868513089678,11.616868513089678
Iceland,2016,1A4C2,ABFLOW037,Coal,,,0.0
Iceland,2016,1A4C2,ABFLOW037,Natural gas,,11.616868513089678,11.616868513089678
Iceland,2016,1A4C2,ABFLOW037,Oil,,11.616868513089678,11.616868513089678
Iceland,2016,1A5,ABFLOW038,Coal,,,0.0
Iceland,2016,1A5,ABFLOW038,Natural gas,,,0.0
Iceland,2016,1A5,ABFLOW038,Oil,,,0.0
Iceland,2017,1A,ABFLOW001,Coal,,,0.0
Iceland,2017,1A,ABFLOW001,Natural gas,,,0.0
Iceland,2017,1A,ABFLOW001,Oil,,,0.0
Iceland,2017,1A1A,ABFLOW002,Coal,,,0.0
Iceland,2017,1A1A,ABFLOW002,Natural gas,,,0.0
Iceland,2017,1A1A,ABFLOW002,Oil,,,0.0
Iceland,2017,1A1A1,ABFLOW003,Coal,7.861993103930863,,7.861993103930863
Iceland,2017,1A1A1,ABFLOW003,Natural gas,7.861993103930863,,7.861993103930863
Iceland,2017,1A1A1,ABFLOW003,Oil,7.861993103930863,,7.861993103930863
Iceland,2017,1A1A2,ABFLOW004,Coal,7.861993103930863,,7.861993103930863
Iceland,2017,1A1A2,ABFLOW004,Natural gas,7.861993103930863,,7.861993103930863
Iceland,2017,1A1A2,ABFLOW004,Oil,7.861993103930863,,7.861993103930863
Iceland,2017,1A1A3,ABFLOW005,Coal,7.861993103930863,,7.861993103930863
Iceland,2017,1A1A3,ABFLOW005,Natural gas,7.861993103930863,,7.861993103930863
Iceland,2017,1A1A3,ABFLOW005,Oil,7.861993103930863,,7.861993103930863
Iceland,2017,1A1B,ABFLOW011,Coal,7.861993103930863,,7.861993103930863
Iceland,2017,1A1B,ABFLOW011,Natural gas,7.861993103930863,11.9635880507779,19.825581154708765
Iceland,2017,1A1B,ABFLOW011,Oil,7.861993103930863,11.9635880507779,19.825581154708765
Iceland,2017,1A1C,ABFLOW011,Coal,7.861993103930863,,7.861993103930863
Iceland,2017,1A1C,ABFLOW011,Natural gas,7.861993103930863,11.9635880507779,19.825581154708765
Iceland,2017,1A1C,ABFLOW011,Oil,7.861993103930863,11.9635880507779,19.825581154708765
Iceland,2017,1A2,ABFLOW012,Coal,,,0.0
Iceland,2017,1A2,ABFLOW012,Natural gas,,,0.0
Iceland,2017,1A2,ABFLOW012,Oil,,,0.0
Iceland,2017,1A2A,ABFLOW016,Coal,7.861993103930863,,7.861993103930863
Iceland,2017,1A2A,ABFLOW016,Natural gas,7.861993103930863,,7.861993103930863
Iceland,2017,1A2A,ABFLOW016,Oil,7.861993103930863,,7.861993103930863
Iceland,2017,1A2B,ABFLOW018,Coal,7.861993103930863,,7.861993103930863
Iceland,2017,1A2B,ABFLOW018,Natural gas,7.861993103930863,,7.861993103930863
Iceland,2017,1A2B,ABFLOW018,Oil,7.861993103930863,,7.861993103930863
Iceland,2017,1A2C,ABFLOW017,Coal,7.861993103930863,,7.861993103930863
Iceland,2017,1A2C,ABFLOW017,Natural gas,7.861993103930863,,7.861993103930863
Iceland,2017,1A2C,ABFLOW017,Oil,7.861993103930863,,7.861993103930863
Iceland,2017,1A2D,ABFLOW023,Coal,7.861993103930863,,7.861993103930863
Iceland,2017,1A2D,ABFLOW023,Natural gas,7.861993103930863,,7.861993103930863
Iceland,2017,1A2D,ABFLOW023,Oil,7.861993103930863,,7.861993103930863
Iceland,2017,1A2E,ABFLOW022,Coal,7.861993103930863,,7.861993103930863
Iceland,2017,1A2E,ABFLOW022,Natural gas,7.861993103930863,,7.861993103930863
Iceland,2017,1A2E,ABFLOW022,Oil,7.861993103930863,,7.861993103930863
Iceland,2017,1A2F,ABFLOW019,Coal,7.861993103930863,,7.861993103930863
Iceland,2017,1A2F,ABFLOW019,Natural gas,7.861993103930863,,7.861993103930863
Iceland,2017,1A2F,ABFLOW019,Oil,7.861993103930863,,7.861993103930863
Iceland,2017,1A2G,ABFLOW020,Coal,7.861993103930863,,7.861993103930863
Iceland,2017,1A2G,ABFLOW020,Natural gas,7.861993103930863,,7.861993103930863
Iceland,2017,1A2G,ABFLOW020,Oil,7.861993103930863,,7.861993103930863
Iceland,2017,1A2H,ABFLOW021,Coal,7.861993103930863,,7.861993103930863
Iceland,2017,1A2H,ABFLOW021,Natural gas,7.861993103930863,,7.861993103930863
Iceland,2017,1A2H,ABFLOW021,Oil,7.861993103930863,,7.861993103930863
Iceland,2017,1A2I,ABFLOW013,Coal,7.861993103930863,,7.861993103930863
Iceland,2017,1A2I,ABFLOW013,Natural gas,7.861993103930863,,7.861993103930863
Iceland,2017,1A2I,ABFLOW013,Oil,7.861993103930863,,7.861993103930863
Iceland,2017,1A2J,ABFLOW024,Coal,7.861993103930863,,7.861993103930863
Iceland,2017,1A2J,ABFLOW024,Natural gas,7.861993103930863,,7.861993103930863
Iceland,2017,1A2J,ABFLOW024,Oil,7.861993103930863,,7.861993103930863
Iceland,2017,1A2K,ABFLOW014,Coal,7.861993103930863,,7.861993103930863
Iceland,2017,1A2K,ABFLOW014,Natural gas,7.861993103930863,,7.861993103930863
Iceland,2017,1A2K,ABFLOW014,Oil,7.861993103930863,,7.861993103930863
Iceland,2017,1A2L,ABFLOW025,Coal,7.861993103930863,,7.861993103930863
Iceland,2017,1A2L,ABFLOW025,Natural gas,7.861993103930863,,7.861993103930863
Iceland,2017,1A2L,ABFLOW025,Oil,7.861993103930863,,7.861993103930863
Iceland,2017,1A2M,ABFLOW026,Coal,7.861993103930863,,7.861993103930863
Iceland,2017,1A2M,ABFLOW026,Natural gas,7.861993103930863,,7.861993103930863
Iceland,2017,1A2M,ABFLOW026,Oil,7.861993103930863,,7.861993103930863
Iceland,2017,1A3,ABFLOW027,Coal,,,0.0
Iceland,2017,1A3,ABFLOW027,Natural gas,,,0.0
Iceland,2017,1A3,ABFLOW027,Oil,,,0.0
Iceland,2017,1A3A1,ABFLOW040,Coal,4.0096164830047405,,4.0096164830047405
Iceland,2017,1A3A1,ABFLOW040,Natural gas,4.0096164830047405,,4.0096164830047405
Iceland,2017,1A3A1,ABFLOW040,Oil,4.0096164830047405,,4.0096164830047405
Iceland,2017,1A3A2,ABFLOW029,Coal,7.861993103930863,,7.861993103930863
Iceland,2017,1A3A2,ABFLOW029,Natural gas,7.861993103930863,,7.861993103930863
Iceland,2017,1A3A2,ABFLOW029,Oil,7.861993103930863,,7.861993103930863
Iceland,2017,1A3B,ABFLOW028,Coal,,,0.0
Iceland,2017,1A3B,ABFLOW028,Natural gas,,11.9635880507779,11.9635880507779
Iceland,2017,1A3B,ABFLOW028,Oil,,11.9635880507779,11.9635880507779
Iceland,2017,1A3C,ABFLOW030,Coal,,,0.0
Iceland,2017,1A3C,ABFLOW030,Natural gas,,,0.0
Iceland,2017,1A3C,ABFLOW030,Oil,,,0.0
Iceland,2017,1A3D1,ABFLOW039,Coal,,,0.0
Iceland,2017,1A3D1,ABFLOW039,Natural gas,,,0.0
Iceland,2017,1A3D1,ABFLOW039,Oil,,,0.0
Iceland,2017,1A3D2,ABFLOW032,Coal,,,0.0
Iceland,2017,1A3D2,ABFLOW032,Natural gas,,,0.0
Iceland,2017,1A3D2,ABFLOW032,Oil,,,0.0
Iceland,2017,1A3E1,ABFLOW033,Coal,,,0.0
Iceland,2017,1A3E1,ABFLOW033,Natural gas,,,0.0
Iceland,2017,1A3E1,ABFLOW033,Oil,,,0.0
Iceland,2017,1A4A,ABFLOW035,Coal,,,0.0
Iceland,2017,1A4A,ABFLOW035,Natural gas,,11.9635880507779,11.9635880507779
Iceland,2017,1A4A,ABFLOW035,Oil,,11.9635880507779,11.9635880507779
Iceland,2017,1A4B,ABFLOW034,Coal,,,0.0
Iceland,2017,1A4B,ABFLOW034,Natural gas,,11.9635880507779,11.9635880507779
Iceland,2017,1A4B,ABFLOW034,Oil,,11.9635880507779,11.9635880507779
Iceland,2017,1A4C1,ABFLOW036,Coal,,,0.0
Iceland,2017,1A4C1,ABFLOW036,Natural gas,,11.9635880507779,11.9635880507779
Iceland,2017,1A4C1,ABFLOW036,Oil,,11.9635880507779,11.9635880507779
Iceland,2017,1A4C2,ABFLOW037,Coal,,,0.0
Iceland,2017,1A4C2,ABFLOW037,Natural gas,,11.9635880507779,11.9635880507779
Iceland,2017,1A4C2,ABFLOW037,Oil,,11.9635880507779,11.9635880507779
Iceland,2017,1A5,ABFLOW038,Coal,,,0.0
Iceland,2017,1A5,ABFLOW038,Natural gas,,,0.0
Iceland,2017,1A5,ABFLOW038,Oil,,,0.0
Iceland,2018,1A,ABFLOW001,Coal,,,0.0
Iceland,2018,1A,ABFLOW001,Natural gas,,,0.0
Iceland,2018,1A,ABFLOW001,Oil,,,0.0
Iceland,2018,1A1A,ABFLOW002,Coal,,,0.0
Iceland,2018,1A1A,ABFLOW002,Natural gas,,,0.0
Iceland,2018,1A1A,ABFLOW002,Oil,,,0.0
Iceland,2018,1A1A1,ABFLOW003,Coal,20.786885880514497,,20.786885880514497
Iceland,2018,1A1A1,ABFLOW003,Natural gas,20.786885880514497,,20.786885880514497
Iceland,2018,1A1A1,ABFLOW003,Oil,20.786885880514497,,20.786885880514497
Iceland,2018,1A1A2,ABFLOW004,Coal,20.786885880514497,,20.786885880514497
Iceland,2018,1A1A2,ABFLOW004,Natural gas,20.786885880514497,,20.786885880514497
Iceland,2018,1A1A2,ABFLOW004,Oil,20.786885880514497,,20.786885880514497
Iceland,2018,1A1A3,ABFLOW005,Coal,20.786885880514497,,20.786885880514497
Iceland,2018,1A1A3,ABFLOW005,Natural gas,20.786885880514497,,20.786885880514497
Iceland,2018,1A1A3,ABFLOW005,Oil,20.786885880514497,,20.786885880514497
Iceland,2018,1A1B,ABFLOW011,Coal,20.786885880514497,,20.786885880514497
Iceland,2018,1A1B,ABFLOW011,Natural gas,20.786885880514497,32.98212580251086,53.769011683025354
Iceland,2018,1A1B,ABFLOW011,Oil,20.786885880514497,32.98212580251086,53.769011683025354
Iceland,2018,1A1C,ABFLOW011,Coal,20.786885880514497,,20.786885880514497
Iceland,2018,1A1C,ABFLOW011,Natural gas,20.786885880514497,32.98212580251086,53.769011683025354
Iceland,2018,1A1C,ABFLOW011,Oil,20.786885880514497,32.98212580251086,53.769011683025354
Iceland,2018,1A2,ABFLOW012,Coal,,,0.0
Iceland,2018,1A2,ABFLOW012,Natural gas,,,0.0
Iceland,2018,1A2,ABFLOW012,Oil,,,0.0
Iceland,2018,1A2A,ABFLOW016,Coal,20.786885880514497,,20.786885880514497
Iceland,2018,1A2A,ABFLOW016,Natural gas,20.786885880514497,,20.786885880514497
Iceland,2018,1A2A,ABFLOW016,Oil,20.786885880514497,,20.786885880514497
Iceland,2018,1A2B,ABFLOW018,Coal,20.786885880514497,,20.786885880514497
Iceland,2018,1A2B,ABFLOW018,Natural gas,20.786885880514497,,20.786885880514497
Iceland,2018,1A2B,ABFLOW018,Oil,20.786885880514497,,20.786885880514497
Iceland,2018,1A2C,ABFLOW017,Coal,20.786885880514497,,20.786885880514497
Iceland,2018,1A2C,ABFLOW017,Natural gas,20.786885880514497,,20.786885880514497
Iceland,2018,1A2C,ABFLOW017,Oil,20.786885880514497,,20.786885880514497
Iceland,2018,1A2D,ABFLOW023,Coal,20.786885880514497,,20.786885880514497
Iceland,2018,1A2D,ABFLOW023,Natural gas,20.786885880514497,,20.786885880514497
Iceland,2018,1A2D,ABFLOW023,Oil,20.786885880514497,,20.786885880514497
Iceland,2018,1A2E,ABFLOW022,Coal,20.786885880514497,,20.786885880514497
Iceland,2018,1A2E,ABFLOW022,Natural gas,20.786885880514497,,20.786885880514497
Iceland,2018,1A2E,ABFLOW022,Oil,20.786885880514497,,20.786885880514497
Iceland,2018,1A2F,ABFLOW019,Coal,20.786885880514497,,20.786885880514497
Iceland,2018,1A2F,ABFLOW019,Natural gas,20.786885880514497,,20.786885880514497
Iceland,2018,1A2F,ABFLOW019,Oil,20.786885880514497,,20.786885880514497
Iceland,2018,1A2G,ABFLOW020,Coal,20.786885880514497,,20.786885880514497
Iceland,2018,1A2G,ABFLOW020,Natural gas,20.786885880514497,,20.786885880514497
Iceland,2018,1A2G,ABFLOW020,Oil,20.786885880514497,,20.786885880514497
Iceland,2018,1A2H,ABFLOW021,Coal,20.786885880514497,,20.786885880514497
Iceland,2018,1A2H,ABFLOW021,Natural gas,20.786885880514497,,20.786885880514497
Iceland,2018,1A2H,ABFLOW021,Oil,20.786885880514497,,20.786885880514497
Iceland,2018,1A2I,ABFLOW013,Coal,20.786885880514497,,20.786885880514497
Iceland,2018,1A2I,ABFLOW013,Natural gas,20.786885880514497,,20.786885880514497
Iceland,2018,1A2I,ABFLOW013,Oil,20.786885880514497,,20.786885880514497
Iceland,2018,1A2J,ABFLOW024,Coal,20.786885880514497,,20.786885880514497
Iceland,2018,1A2J,ABFLOW024,Natural gas,20.786885880514497,,20.786885880514497
Iceland,2018,1A2J,ABFLOW024,Oil,20.786885880514497,,20.786885880514497
Iceland,2018,1A2K,ABFLOW014,Coal,20.786885880514497,,20.786885880514497
Iceland,2018,1A2K,ABFLOW014,Natural gas,20.786885880514497,,20.786885880514497
Iceland,2018,1A2K,ABFLOW014,Oil,20.786885880514497,,20.786885880514497
Iceland,2018,1A2L,ABFLOW025,Coal,20.786885880514497,,20.786885880514497
Iceland,2018,1A2L,ABFLOW025,Natural gas,20.786885880514497,,20.786885880514497
Iceland,2018,1A2L,ABFLOW025,Oil,20.786885880514497,,20.786885880514497
Iceland,2018,1A2M,ABFLOW026,Coal,20.786885880514497,,20.786885880514497
Iceland,2018,1A2M,ABFLOW026,Natural gas,20.786885880514497,,20.786885880514497
Iceland,2018,1A2M,ABFLOW026,Oil,20.786885880514497,,20.786885880514497
Iceland,2018,1A3,ABFLOW027,Coal,,,0.0
Iceland,2018,1A3,ABFLOW027,Natural gas,,,0.0
Iceland,2018,1A3,ABFLOW027,Oil,,,0.0
Iceland,2018,1A3A1,ABFLOW040,Coal,10.601311799062394,,10.601311799062394
Iceland,2018,1A3A1,ABFLOW040,Natural gas,10.601311799062394,,10.601311799062394
Iceland,2018,1A3A1,ABFLOW040,Oil,10.601311799062394,,10.601311799062394
Iceland,2018,1A3A2,ABFLOW029,Coal,20.786885880514497,,20.786885880514497
Iceland,2018,1A3A2,ABFLOW029,Natural gas,20.786885880514497,,20.786885880514497
Iceland,2018,1A3A2,ABFLOW029,Oil,20.786885880514497,,20.786885880514497
Iceland,2018,1A3B,ABFLOW028,Coal,,,0.0
Iceland,2018,1A3B,ABFLOW028,Natural gas,,32.98212580251086,32.98212580251086
Iceland,2018,1A3B,ABFLOW028,Oil,,32.98212580251086,32.98212580251086
Iceland,2018,1A3C,ABFLOW030,Coal,,,0.0
Iceland,2018,1A3C,ABFLOW030,Natural gas,,,0.0
Iceland,2018,1A3C,ABFLOW030,Oil,,,0.0
Iceland,2018,1A3D1,ABFLOW039,Coal,,,0.0
Iceland,2018,1A3D1,ABFLOW039,Natural gas,,,0.0
Iceland,2018,1A3D1,ABFLOW039,Oil,,,0.0
Iceland,2018,1A3D2,ABFLOW032,Coal,,,0.0
Iceland,2018,1A3D2,ABFLOW032,Natural gas,,,0.0
Iceland,2018,1A3D2,ABFLOW032,Oil,,,0.0
Iceland,2018,1A3E1,ABFLOW033,Coal,,,0.0
Iceland,2018,1A3E1,ABFLOW033,Natural gas,,,0.0
Iceland,2018,1A3E1,ABFLOW033,Oil,,,0.0
Iceland,2018,1A4A,ABFLOW035,Coal,,,0.0
Iceland,2018,1A4A,ABFLOW035,Natural gas,,32.98212580251086,32.98212580251086
Iceland,2018,1A4A,ABFLOW035,Oil,,32.98212580251086,32.98212580251086
Iceland,2018,1A4B,ABFLOW034,Coal,,,0.0
Iceland,2018,1A4B,ABFLOW034,Natural gas,,32.98212580251086,32.98212580251086
Iceland,2018,1A4B,ABFLOW034,Oil,,32.98212580251086,32.98212580251086
Iceland,2018,1A4C1,ABFLOW036,Coal,,,0.0
Iceland,2018,1A4C1,ABFLOW036,Natural gas,,32.98212580251086,32.98212580251086
Iceland,2018,1A4C1,ABFLOW036,Oil,,32.98212580251086,32.98212580251086
Iceland,2018,1A4C2,ABFLOW037,Coal,,,0.0
Iceland,2018,1A4C2,ABFLOW037,Natural gas,,32.98212580251086,32.98212580251086
Iceland,2018,1A4C2,ABFLOW037,Oil,,32.98212580251086,32.98212580251086
Iceland,2018,1A5,ABFLOW038,Coal,,,0.0
Iceland,2018,1A5,ABFLOW038,Natural gas,,,0.0
Iceland,2018,1A5,ABFLOW038,Oil,,,0.0
Iceland,2019,1A,ABFLOW001,Coal,,,0.0
Iceland,2019,1A,ABFLOW001,Natural gas,,,0.0
Iceland,2019,1A,ABFLOW001,Oil,,,0.0
Iceland,2019,1A1A,ABFLOW002,Coal,,,0.0
Iceland,2019,1A1A,ABFLOW002,Natural gas,,,0.0
Iceland,2019,1A1A,ABFLOW002,Oil,,,0.0
Iceland,2019,1A1A1,ABFLOW003,Coal,31.296567774924423,,31.296567774924423
Iceland,2019,1A1A1,ABFLOW003,Natural gas,31.296567774924423,,31.296567774924423
Iceland,2019,1A1A1,ABFLOW003,Oil,31.296567774924423,,31.296567774924423
Iceland,2019,1A1A2,ABFLOW004,Coal,31.296567774924423,,31.296567774924423
Iceland,2019,1A1A2,ABFLOW004,Natural gas,31.296567774924423,,31.296567774924423
Iceland,2019,1A1A2,ABFLOW004,Oil,31.296567774924423,,31.296567774924423
Iceland,2019,1A1A3,ABFLOW005,Coal,31.296567774924423,,31.296567774924423
Iceland,2019,1A1A3,ABFLOW005,Natural gas,31.296567774924423,,31.296567774924423
Iceland,2019,1A1A3,ABFLOW005,Oil,31.296567774924423,,31.296567774924423
Iceland,2019,1A1B,ABFLOW011,Coal,31.296567774924423,,31.296567774924423
Iceland,2019,1A1B,ABFLOW011,Natural gas,31.296567774924423,34.732393476836656,66.02896125176107
Iceland,2019,1A1B,ABFLOW011,Oil,31.296567774924423,34.732393476836656,66.02896125176107
Iceland,2019,1A1C,ABFLOW011,Coal,31.296567774924423,,31.296567774924423
Iceland,2019,1A1C,ABFLOW011,Natural gas,31.296567774924423,34.732393476836656,66.02896125176107
Iceland,2019,1A1C,ABFLOW011,Oil,31.296567774924423,34.732393476836656,66.02896125176107
Iceland,2019,1A2,ABFLOW012,Coal,,,0.0
Iceland,2019,1A2,ABFLOW012,Natural gas,,,0.0
Iceland,2019,1A2,ABFLOW012,Oil,,,0.0
Iceland,2019,1A2A,ABFLOW016,Coal,31.296567774924423,,31.296567774924423
Iceland,2019,1A2A,ABFLOW016,Natural gas,31.296567774924423,,31.296567774924423
Iceland,2019,1A2A,ABFLOW016,Oil,31.296567774924423,,31.296567774924423
Iceland,2019,1A2B,ABFLOW018,Coal,31.296567774924423,,31.296567774924423
Iceland,2019,1A2B,ABFLOW018,Natural gas,31.296567774924423,,31.296567774924423
Iceland,2019,1A2B,ABFLOW018,Oil,31.296567774924423,,31.296567774924423
Iceland,2019,1A2C,ABFLOW017,Coal,31.296567774924423,,31.296567774924423
Iceland,2019,1A2C,ABFLOW017,Natural gas,31.296567774924423,,31.296567774924423
Iceland,2019,1A2C,ABFLOW017,Oil,31.296567774924423,,31.296567774924423
Iceland,2019,1A2D,ABFLOW023,Coal,31.296567774924423,,31.296567774924423
Iceland,2019,1A2D,ABFLOW023,Natural gas,31.296567774924423,,31.296567774924423
Iceland,2019,1A2D,ABFLOW023,Oil,31.296567774924423,,31.296567774924423
Iceland,2019,1A2E,ABFLOW022,Coal,31.296567774924423,,31.296567774924423
Iceland,2019,1A2E,ABFLOW022,Natural gas,31.296567774924423,,31.296567774924423
Iceland,2019,1A2E,ABFLOW022,Oil,31.296567774924423,,31.296567774924423
Iceland,2019,1A2F,ABFLOW019,Coal,31.296567774924423,,31.296567774924423
Iceland,2019,1A2F,ABFLOW019,Natural gas,31.296567774924423,,31.296567774924423
Iceland,2019,1A2F,ABFLOW019,Oil,31.296567774924423,,31.296567774924423
Iceland,2019,1A2G,ABFLOW020,Coal,31.296567774924423,,31.296567774924423
Iceland,2019,1A2G,ABFLOW020,Natural gas,31.296567774924423,,31.296567774924423
Iceland,2019,1A2G,ABFLOW020,Oil,31.296567774924423,,31.296567774924423
Iceland,2019,1A2H,ABFLOW021,Coal,31.296567774924423,,31.296567774924423
Iceland,2019,1A2H,ABFLOW021,Natural gas,31.296567774924423,,31.296567774924423
Iceland,2019,1A2H,ABFLOW021,Oil,31.296567774924423,,31.296567774924423
Iceland,2019,1A2I,ABFLOW013,Coal,31.296567774924423,,31.296567774924423
Iceland,2019,1A2I,ABFLOW013,Natural gas,31.296567774924423,,31.296567774924423
Iceland,2019,1A2I,ABFLOW013,Oil,31.296567774924423,,31.296567774924423
Iceland,2019,1A2J,ABFLOW024,Coal,31.296567774924423,,31.296567774924423
Iceland,2019,1A2J,ABFLOW024,Natural gas,31.296567774924423,,31.296567774924423
Iceland,2019,1A2J,ABFLOW024,Oil,31.296567774924423,,31.296567774924423
Iceland,2019,1A2K,ABFLOW014,Coal,31.296567774924423,,31.296567774924423
Iceland,2019,1A2K,ABFLOW014,Natural gas,31.296567774924423,,31.296567774924423
Iceland,2019,1A2K,ABFLOW014,Oil,31.296567774924423,,31.296567774924423
Iceland,2019,1A2L,ABFLOW025,Coal,31.296567774924423,,31.296567774924423
Iceland,2019,1A2L,ABFLOW025,Natural gas,31.296567774924423,,31.296567774924423
Iceland,2019,1A2L,ABFLOW025,Oil,31.296567774924423,,31.296567774924423
Iceland,2019,1A2M,ABFLOW026,Coal,31.296567774924423,,31.296567774924423
Iceland,2019,1A2M,ABFLOW026,Natural gas,31.296567774924423,,31.296567774924423
Iceland,2019,1A2M,ABFLOW026,Oil,31.296567774924423,,31.296567774924423
Iceland,2019,1A3,ABFLOW027,Coal,,,0.0
Iceland,2019,1A3,ABFLOW027,Natural gas,,,0.0
Iceland,2019,1A3,ABFLOW027,Oil,,,0.0
Iceland,2019,1A3A1,ABFLOW040,Coal,15.961249565211457,,15.961249565211457
Iceland,2019,1A3A1,ABFLOW040,Natural gas,15.961249565211457,,15.961249565211457
Iceland,2019,1A3A1,ABFLOW040,Oil,15.961249565211457,,15.961249565211457
Iceland,2019,1A3A2,ABFLOW029,Coal,31.296567774924423,,31.296567774924423
Iceland,2019,1A3A2,ABFLOW029,Natural gas,31.296567774924423,,31.296567774924423
Iceland,2019,1A3A2,ABFLOW029,Oil,31.296567774924423,,31.296567774924423
Iceland,2019,1A3B,ABFLOW028,Coal,,,0.0
Iceland,2019,1A3B,ABFLOW028,Natural gas,,34.732393476836656,34.732393476836656
Iceland,2019,1A3B,ABFLOW028,Oil,,34.732393476836656,34.732393476836656
Iceland,2019,1A3C,ABFLOW030,Coal,,,0.0
Iceland,2019,1A3C,ABFLOW030,Natural gas,,,0.0
Iceland,2019,1A3C,ABFLOW030,Oil,,,0.0
Iceland,2019,1A3D1,ABFLOW039,Coal,,,0.0
Iceland,2019,1A3D1,ABFLOW039,Natural gas,,,0.0
Iceland,2019,1A3D1,ABFLOW039,Oil,,,0.0
Iceland,2019,1A3D2,ABFLOW032,Coal,,,0.0
Iceland,2019,1A3D2,ABFLOW032,Natural gas,,,0.0
Iceland,2019,1A3D2,ABFLOW032,Oil,,,0.0
Iceland,2019,1A3E1,ABFLOW033,Coal,,,0.0
Iceland,2019,1A3E1,ABFLOW033,Natural gas,,,0.0
Iceland,2019,1A3E1,ABFLOW033,Oil,,,0.0
Iceland,2019,1A4A,ABFLOW035,Coal,,,0.0
Iceland,2019,1A4A,ABFLOW035,Natural gas,,34.732393476836656,34.732393476836656
Iceland,2019,1A4A,ABFLOW035,Oil,,34.732393476836656,34.732393476836656
Iceland,2019,1A4B,ABFLOW034,Coal,,,0.0
Iceland,2019,1A4B,ABFLOW034,Natural gas,,34.732393476836656,34.732393476836656
Iceland,2019,1A4B,ABFLOW034,Oil,,34.732393476836656,34.732393476836656
Iceland,2019,1A4C1,ABFLOW036,Coal,,,0.0
Iceland,2019,1A4C1,ABFLOW036,Natural gas,,34.732393476836656,34.732393476836656
Iceland,2019,1A4C1,ABFLOW036,Oil,,34.732393476836656,34.732393476836656
Iceland,2019,1A4C2,ABFLOW037,Coal,,,0.0
Iceland,2019,1A4C2,ABFLOW037,Natural gas,,34.732393476836656,34.732393476836656
Iceland,2019,1A4C2,ABFLOW037,Oil,,34.732393476836656,34.732393476836656
Iceland,2019,1A5,ABFLOW038,Coal,,,0.0
Iceland,2019,1A5,ABFLOW038,Natural gas,,,0.0
Iceland,2019,1A5,ABFLOW038,Oil,,,0.0
Iceland,2020,1A,ABFLOW001,Coal,,,0.0
Iceland,2020,1A,ABFLOW001,Natural gas,,,0.0
Iceland,2020,1A,ABFLOW001,Oil,,,0.0
Iceland,2020,1A1A,ABFLOW002,Coal,,,0.0
Iceland,2020,1A1A,ABFLOW002,Natural gas,,,0.0
Iceland,2020,1A1A,ABFLOW002,Oil,,,0.0
Iceland,2020,1A1A1,ABFLOW003,Coal,29.94313683257462,,29.94313683257462
Iceland,2020,1A1A1,ABFLOW003,Natural gas,29.94313683257462,,29.94313683257462
Iceland,2020,1A1A1,ABFLOW003,Oil,29.94313683257462,,29.94313683257462
Iceland,2020,1A1A2,ABFLOW004,Coal,29.94313683257462,,29.94313683257462
Iceland,2020,1A1A2,ABFLOW004,Natural gas,29.94313683257462,,29.94313683257462
Iceland,2020,1A1A2,ABFLOW004,Oil,29.94313683257462,,29.94313683257462
Iceland,2020,1A1A3,ABFLOW005,Coal,29.94313683257462,,29.94313683257462
Iceland,2020,1A1A3,ABFLOW005,Natural gas,29.94313683257462,,29.94313683257462
Iceland,2020,1A1A3,ABFLOW005,Oil,29.94313683257462,,29.94313683257462
Iceland,2020,1A1B,ABFLOW011,Coal,29.94313683257462,,29.94313683257462
Iceland,2020,1A1B,ABFLOW011,Natural gas,29.94313683257462,36.730574074348546,66.67371090692316
Iceland,2020,1A1B,ABFLOW011,Oil,29.94313683257462,36.730574074348546,66.67371090692316
Iceland,2020,1A1C,ABFLOW011,Coal,29.94313683257462,,29.94313683257462
Iceland,2020,1A1C,ABFLOW011,Natural gas,29.94313683257462,36.730574074348546,66.67371090692316
Iceland,2020,1A1C,ABFLOW011,Oil,29.94313683257462,36.730574074348546,66.67371090692316
Iceland,2020,1A2,ABFLOW012,Coal,,,0.0
Iceland,2020,1A2,ABFLOW012,Natural gas,,,0.0
Iceland,2020,1A2,ABFLOW012,Oil,,,0.0
Iceland,2020,1A2A,ABFLOW016,Coal,29.94313683257462,,29.94313683257462
Iceland,2020,1A2A,ABFLOW016,Natural gas,29.94313683257462,,29.94313683257462
Iceland,2020,1A2A,ABFLOW016,Oil,29.94313683257462,,29.94313683257462
Iceland,2020,1A2B,ABFLOW018,Coal,29.94313683257462,,29.94313683257462
Iceland,2020,1A2B,ABFLOW018,Natural gas,29.94313683257462,,29.94313683257462
Iceland,2020,1A2B,ABFLOW018,Oil,29.94313683257462,,29.94313683257462
Iceland,2020,1A2C,ABFLOW017,Coal,29.94313683257462,,29.94313683257462
Iceland,2020,1A2C,ABFLOW017,Natural gas,29.94313683257462,,29.94313683257462
Iceland,2020,1A2C,ABFLOW017,Oil,29.94313683257462,,29.94313683257462
Iceland,2020,1A2D,ABFLOW023,Coal,29.94313683257462,,29.94313683257462
Iceland,2020,1A2D,ABFLOW023,Natural gas,29.94313683257462,,29.94313683257462
Iceland,2020,1A2D,ABFLOW023,Oil,29.94313683257462,,29.94313683257462
Iceland,2020,1A2E,ABFLOW022,Coal,29.94313683257462,,29.94313683257462
Iceland,2020,1A2E,ABFLOW022,Natural gas,29.94313683257462,,29.94313683257462
Iceland,2020,1A2E,ABFLOW022,Oil,29.94313683257462,,29.94313683257462
Iceland,2020,1A2F,ABFLOW019,Coal,29.94313683257462,,29.94313683257462
Iceland,2020,1A2F,ABFLOW019,Natural gas,29.94313683257462,,29.94313683257462
Iceland,2020,1A2F,ABFLOW019,Oil,29.94313683257462,,29.94313683257462
Iceland,2020,1A2G,ABFLOW020,Coal,29.94313683257462,,29.94313683257462
Iceland,2020,1A2G,ABFLOW020,Natural gas,29.94313683257462,,29.94313683257462
Iceland,2020,1A2G,ABFLOW020,Oil,29.94313683257462,,29.94313683257462
Iceland,2020,1A2H,ABFLOW021,Coal,29.94313683257462,,29.94313683257462
Iceland,2020,1A2H,ABFLOW021,Natural gas,29.94313683257462,,29.94313683257462
Iceland,2020,1A2H,ABFLOW021,Oil,29.94313683257462,,29.94313683257462
Iceland,2020,1A2I,ABFLOW013,Coal,29.94313683257462,,29.94313683257462
Iceland,2020,1A2I,ABFLOW013,Natural gas,29.94313683257462,,29.94313683257462
Iceland,2020,1A2I,ABFLOW013,Oil,29.94313683257462,,29.94313683257462
Iceland,2020,1A2J,ABFLOW024,Coal,29.94313683257462,,29.94313683257462
Iceland,2020,1A2J,ABFLOW024,Natural gas,29.94313683257462,,29.94313683257462
Iceland,2020,1A2J,ABFLOW024,Oil,29.94313683257462,,29.94313683257462
Iceland,2020,1A2K,ABFLOW014,Coal,29.94313683257462,,29.94313683257462
Iceland,2020,1A2K,ABFLOW014,Natural gas,29.94313683257462,,29.94313683257462
Iceland,2020,1A2K,ABFLOW014,Oil,29.94313683257462,,29.94313683257462
Iceland,2020,1A2L,ABFLOW025,Coal,29.94313683257462,,29.94313683257462
Iceland,2020,1A2L,ABFLOW025,Natural gas,29.94313683257462,,29.94313683257462
Iceland,2020,1A2L,ABFLOW025,Oil,29.94313683257462,,29.94313683257462
Iceland,2020,1A2M,ABFLOW026,Coal,29.94313683257462,,29.94313683257462
Iceland,2020,1A2M,ABFLOW026,Natural gas,29.94313683257462,,29.94313683257462
Iceland,2020,1A2M,ABFLOW026,Oil,29.94313683257462,,29.94313683257462
Iceland,2020,1A3,ABFLOW027,Coal,,,0.0
Iceland,2020,1A3,ABFLOW027,Natural gas,,,0.0
Iceland,2020,1A3,ABFLOW027,Oil,,,0.0
Iceland,2020,1A3A1,ABFLOW040,Coal,15.270999784613057,,15.270999784613057
Iceland,2020,1A3A1,ABFLOW040,Natural gas,15.270999784613057,,15.270999784613057
Iceland,2020,1A3A1,ABFLOW040,Oil,15.270999784613057,,15.270999784613057
Iceland,2020,1A3A2,ABFLOW029,Coal,29.94313683257462,,29.94313683257462
Iceland,2020,1A3A2,ABFLOW029,Natural gas,29.94313683257462,,29.94313683257462
Iceland,2020,1A3A2,ABFLOW029,Oil,29.94313683257462,,29.94313683257462
Iceland,2020,1A3B,ABFLOW028,Coal,,,0.0
Iceland,2020,1A3B,ABFLOW028,Natural gas,,36.730574074348546,36.730574074348546
Iceland,2020,1A3B,ABFLOW028,Oil,,36.730574074348546,36.730574074348546
Iceland,2020,1A3C,ABFLOW030,Coal,,,0.0
Iceland,2020,1A3C,ABFLOW030,Natural gas,,,0.0
Iceland,2020,1A3C,ABFLOW030,Oil,,,0.0
Iceland,2020,1A3D1,ABFLOW039,Coal,,,0.0
Iceland,2020,1A3D1,ABFLOW039,Natural gas,,,0.0
Iceland,2020,1A3D1,ABFLOW039,Oil,,,0.0
Iceland,2020,1A3D2,ABFLOW032,Coal,,,0.0
Iceland,2020,1A3D2,ABFLOW032,Natural gas,,,0.0
Iceland,2020,1A3D2,ABFLOW032,Oil,,,0.0
Iceland,2020,1A3E1,ABFLOW033,Coal,,,0.0
Iceland,2020,1A3E1,ABFLOW033,Natural gas,,,0.0
Iceland,2020,1A3E1,ABFLOW033,Oil,,,0.0
Iceland,2020,1A4A,ABFLOW035,Coal,,,0.0
Iceland,2020,1A4A,ABFLOW035,Natural gas,,36.730574074348546,36.730574074348546
Iceland,2020,1A4A,ABFLOW035,Oil,,36.730574074348546,36.730574074348546
Iceland,2020,1A4B,ABFLOW034,Coal,,,0.0
Iceland,2020,1A4B,ABFLOW034,Natural gas,,36.730574074348546,36.730574074348546
Iceland,2020,1A4B,ABFLOW034,Oil,,36.730574074348546,36.730574074348546
Iceland,2020,1A4C1,ABFLOW036,Coal,,,0.0
Iceland,2020,1A4C1,ABFLOW036,Natural gas,,36.730574074348546,36.730574074348546
Iceland,2020,1A4C1,ABFLOW036,Oil,,36.730574074348546,36.730574074348546
Iceland,2020,1A4C2,ABFLOW037,Coal,,,0.0
Iceland,2020,1A4C2,ABFLOW037,Natural gas,,36.730574074348546,36.730574074348546
Iceland,2020,1A4C2,ABFLOW037,Oil,,36.730574074348546,36.730574074348546
Iceland,2020,1A5,ABFLOW038,Coal,,,0.0
Iceland,2020,1A5,ABFLOW038,Natural gas,,,0.0
Iceland,2020,1A5,ABFLOW038,Oil,,,0.0
Iceland,2021,1A,ABFLOW001,Coal,,,0.0
Iceland,2021,1A,ABFLOW001,Natural gas,,,0.0
Iceland,2021,1A,ABFLOW001,Oil,,,0.0
Iceland,2021,1A1A,ABFLOW002,Coal,,,0.0
Iceland,2021,1A1A,ABFLOW002,Natural gas,,,0.0
Iceland,2021,1A1A,ABFLOW002,Oil,,,0.0
Iceland,2021,1A1A1,ABFLOW003,Coal,60.89193727539277,,60.89193727539277
Iceland,2021,1A1A1,ABFLOW003,Natural gas,60.89193727539277,,60.89193727539277
Iceland,2021,1A1A1,ABFLOW003,Oil,60.89193727539277,,60.89193727539277
Iceland,2021,1A1A2,ABFLOW004,Coal,60.89193727539277,,60.89193727539277
Iceland,2021,1A1A2,ABFLOW004,Natural gas,60.89193727539277,,60.89193727539277
Iceland,2021,1A1A2,ABFLOW004,Oil,60.89193727539277,,60.89193727539277
Iceland,2021,1A1A3,ABFLOW005,Coal,60.89193727539277,,60.89193727539277
Iceland,2021,1A1A3,ABFLOW005,Natural gas,60.89193727539277,,60.89193727539277
Iceland,2021,1A1A3,ABFLOW005,Oil,60.89193727539277,,60.89193727539277
Iceland,2021,1A1B,ABFLOW011,Coal,60.89193727539277,,60.89193727539277
Iceland,2021,1A1B,ABFLOW011,Natural gas,60.89193727539277,36.41854327539145,97.31048055078422
Iceland,2021,1A1B,ABFLOW011,Oil,60.89193727539277,36.41854327539145,97.31048055078422
Iceland,2021,1A1C,ABFLOW011,Coal,60.89193727539277,,60.89193727539277
Iceland,2021,1A1C,ABFLOW011,Natural gas,60.89193727539277,36.41854327539145,97.31048055078422
Iceland,2021,1A1C,ABFLOW011,Oil,60.89193727539277,36.41854327539145,97.31048055078422
Iceland,2021,1A2,ABFLOW012,Coal,,,0.0
Iceland,2021,1A2,ABFLOW012,Natural gas,,,0.0
Iceland,2021,1A2,ABFLOW012,Oil,,,0.0
Iceland,2021,1A2A,ABFLOW016,Coal,60.89193727539277,,60.89193727539277
Iceland,2021,1A2A,ABFLOW016,Natural gas,60.89193727539277,,60.89193727539277
Iceland,2021,1A2A,ABFLOW016,Oil,60.89193727539277,,60.89193727539277
Iceland,2021,1A2B,ABFLOW018,Coal,60.89193727539277,,60.89193727539277
Iceland,2021,1A2B,ABFLOW018,Natural gas,60.89193727539277,,60.89193727539277
Iceland,2021,1A2B,ABFLOW018,Oil,60.89193727539277,,60.89193727539277
Iceland,2021,1A2C,ABFLOW017,Coal,60.89193727539277,,60.89193727539277
Iceland,2021,1A2C,ABFLOW017,Natural gas,60.89193727539277,,60.89193727539277
Iceland,2021,1A2C,ABFLOW017,Oil,60.89193727539277,,60.89193727539277
Iceland,2021,1A2D,ABFLOW023,Coal,60.89193727539277,,60.89193727539277
Iceland,2021,1A2D,ABFLOW023,Natural gas,60.89193727539277,,60.89193727539277
Iceland,2021,1A2D,ABFLOW023,Oil,60.89193727539277,,60.89193727539277
Iceland,2021,1A2E,ABFLOW022,Coal,60.89193727539277,,60.89193727539277
Iceland,2021,1A2E,ABFLOW022,Natural gas,60.89193727539277,,60.89193727539277
Iceland,2021,1A2E,ABFLOW022,Oil,60.89193727539277,,60.89193727539277
Iceland,2021,1A2F,ABFLOW019,Coal,60.89193727539277,,60.89193727539277
Iceland,2021,1A2F,ABFLOW019,Natural gas,60.89193727539277,,60.89193727539277
Iceland,2021,1A2F,ABFLOW019,Oil,60.89193727539277,,60.89193727539277
Iceland,2021,1A2G,ABFLOW020,Coal,60.89193727539277,,60.89193727539277
Iceland,2021,1A2G,ABFLOW020,Natural gas,60.89193727539277,,60.89193727539277
Iceland,2021,1A2G,ABFLOW020,Oil,60.89193727539277,,60.89193727539277
Iceland,2021,1A2H,ABFLOW021,Coal,60.89193727539277,,60.89193727539277
Iceland,2021,1A2H,ABFLOW021,Natural gas,60.89193727539277,,60.89193727539277
Iceland,2021,1A2H,ABFLOW021,Oil,60.89193727539277,,60.89193727539277
Iceland,2021,1A2I,ABFLOW013,Coal,60.89193727539277,,60.89193727539277
Iceland,2021,1A2I,ABFLOW013,Natural gas,60.89193727539277,,60.89193727539277
Iceland,2021,1A2I,ABFLOW013,Oil,60.89193727539277,,60.89193727539277
Iceland,2021,1A2J,ABFLOW024,Coal,60.89193727539277,,60.89193727539277
Iceland,2021,1A2J,ABFLOW024,Natural gas,60.89193727539277,,60.89193727539277
Iceland,2021,1A2J,ABFLOW024,Oil,60.89193727539277,,60.89193727539277
Iceland,2021,1A2K,ABFLOW014,Coal,60.89193727539277,,60.89193727539277
Iceland,2021,1A2K,ABFLOW014,Natural gas,60.89193727539277,,60.89193727539277
Iceland,2021,1A2K,ABFLOW014,Oil,60.89193727539277,,60.89193727539277
Iceland,2021,1A2L,ABFLOW025,Coal,60.89193727539277,,60.89193727539277
Iceland,2021,1A2L,ABFLOW025,Natural gas,60.89193727539277,,60.89193727539277
Iceland,2021,1A2L,ABFLOW025,Oil,60.89193727539277,,60.89193727539277
Iceland,2021,1A2M,ABFLOW026,Coal,60.89193727539277,,60.89193727539277
Iceland,2021,1A2M,ABFLOW026,Natural gas,60.89193727539277,,60.89193727539277
Iceland,2021,1A2M,ABFLOW026,Oil,60.89193727539277,,60.89193727539277
Iceland,2021,1A3,ABFLOW027,Coal,,,0.0
Iceland,2021,1A3,ABFLOW027,Natural gas,,,0.0
Iceland,2021,1A3,ABFLOW027,Oil,,,0.0
Iceland,2021,1A3A1,ABFLOW040,Coal,31.054888010450313,,31.054888010450313
Iceland,2021,1A3A1,ABFLOW040,Natural gas,31.054888010450313,,31.054888010450313
Iceland,2021,1A3A1,ABFLOW040,Oil,31.054888010450313,,31.054888010450313
Iceland,2021,1A3A2,ABFLOW029,Coal,60.89193727539277,,60.89193727539277
Iceland,2021,1A3A2,ABFLOW029,Natural gas,60.89193727539277,,60.89193727539277
Iceland,2021,1A3A2,ABFLOW029,Oil,60.89193727539277,,60.89193727539277
Iceland,2021,1A3B,ABFLOW028,Coal,,,0.0
Iceland,2021,1A3B,ABFLOW028,Natural gas,,36.41854327539145,36.41854327539145
Iceland,2021,1A3B,ABFLOW028,Oil,,36.41854327539145,36.41854327539145
Iceland,2021,1A3C,ABFLOW030,Coal,,,0.0
Iceland,2021,1A3C,ABFLOW030,Natural gas,,,0.0
Iceland,2021,1A3C,ABFLOW030,Oil,,,0.0
Iceland,2021,1A3D1,ABFLOW039,Coal,,,0.0
Iceland,2021,1A3D1,ABFLOW039,Natural gas,,,0.0
Iceland,2021,1A3D1,ABFLOW039,Oil,,,0.0
Iceland,2021,1A3D2,ABFLOW032,Coal,,,0.0
Iceland,2021,1A3D2,ABFLOW032,Natural gas,,,0.0
Iceland,2021,1A3D2,ABFLOW032,Oil,,,0.0
Iceland,2021,1A3E1,ABFLOW033,Coal,,,0.0
Iceland,2021,1A3E1,ABFLOW033,Natural gas,,,0.0
Iceland,2021,1A3E1,ABFLOW033,Oil,,,0.0
Iceland,2021,1A4A,ABFLOW035,Coal,,,0.0
Iceland,2021,1A4A,ABFLOW035,Natural gas,,36.41854327539145,36.41854327539145
Iceland,2021,1A4A,ABFLOW035,Oil,,36.41854327539145,36.41854327539145
Iceland,2021,1A4B,ABFLOW034,Coal,,,0.0
Iceland,2021,1A4B,ABFLOW034,Natural gas,,36.41854327539145,36.41854327539145
Iceland,2021,1A4B,ABFLOW034,Oil,,36.41854327539145,36.41854327539145
Iceland,2021,1A4C1,ABFLOW036,Coal,,,0.0
Iceland,2021,1A4C1,ABFLOW036,Natural gas,,36.41854327539145,36.41854327539145
Iceland,2021,1A4C1,ABFLOW036,Oil,,36.41854327539145,36.41854327539145
Iceland,2021,1A4C2,ABFLOW037,Coal,,,0.0
Iceland,2021,1A4C2,ABFLOW037,Natural gas,,36.41854327539145,36.41854327539145
Iceland,2021,1A4C2,ABFLOW037,Oil,,36.41854327539145,36.41854327539145
Iceland,2021,1A5,ABFLOW038,Coal,,,0.0
Iceland,2021,1A5,ABFLOW038,Natural gas,,,0.0
Iceland,2021,1A5,ABFLOW038,Oil,,,0.0
Iceland,2022,1A,ABFLOW001,Coal,,,0.0
Iceland,2022,1A,ABFLOW001,Natural gas,,,0.0
Iceland,2022,1A,ABFLOW001,Oil,,,0.0
Iceland,2022,1A1A,ABFLOW002,Coal,,,0.0
Iceland,2022,1A1A,ABFLOW002,Natural gas,,,0.0
Iceland,2022,1A1A,ABFLOW002,Oil,,,0.0
Iceland,2022,1A1A1,ABFLOW003,Coal,84.51106826083559,,84.51106826083559
Iceland,2022,1A1A1,ABFLOW003,Natural gas,84.51106826083559,,84.51106826083559
Iceland,2022,1A1A1,ABFLOW003,Oil,84.51106826083559,,84.51106826083559
Iceland,2022,1A1A2,ABFLOW004,Coal,84.51106826083559,,84.51106826083559
Iceland,2022,1A1A2,ABFLOW004,Natural gas,84.51106826083559,,84.51106826083559
Iceland,2022,1A1A2,ABFLOW004,Oil,84.51106826083559,,84.51106826083559
Iceland,2022,1A1A3,ABFLOW005,Coal,84.51106826083559,,84.51106826083559
Iceland,2022,1A1A3,ABFLOW005,Natural gas,84.51106826083559,,84.51106826083559
Iceland,2022,1A1A3,ABFLOW005,Oil,84.51106826083559,,84.51106826083559
Iceland,2022,1A1B,ABFLOW011,Coal,84.51106826083559,,84.51106826083559
Iceland,2022,1A1B,ABFLOW011,Natural gas,84.51106826083559,34.26250884871094,118.77357710954652
Iceland,2022,1A1B,ABFLOW011,Oil,84.51106826083559,34.26250884871094,118.77357710954652
Iceland,2022,1A1C,ABFLOW011,Coal,84.51106826083559,,84.51106826083559
Iceland,2022,1A1C,ABFLOW011,Natural gas,84.51106826083559,34.26250884871094,118.77357710954652
Iceland,2022,1A1C,ABFLOW011,Oil,84.51106826083559,34.26250884871094,118.77357710954652
Iceland,2022,1A2,ABFLOW012,Coal,,,0.0
Iceland,2022,1A2,ABFLOW012,Natural gas,,,0.0
Iceland,2022,1A2,ABFLOW012,Oil,,,0.0
Iceland,2022,1A2A,ABFLOW016,Coal,84.51106826083559,,84.51106826083559
Iceland,2022,1A2A,ABFLOW016,Natural gas,84.51106826083559,,84.51106826083559
Iceland,2022,1A2A,ABFLOW016,Oil,84.51106826083559,,84.51106826083559
Iceland,2022,1A2B,ABFLOW018,Coal,84.51106826083559,,84.51106826083559
Iceland,2022,1A2B,ABFLOW018,Natural gas,84.51106826083559,,84.51106826083559
Iceland,2022,1A2B,ABFLOW018,Oil,84.51106826083559,,84.51106826083559
Iceland,2022,1A2C,ABFLOW017,Coal,84.51106826083559,,84.51106826083559
Iceland,2022,1A2C,ABFLOW017,Natural gas,84.51106826083559,,84.51106826083559
Iceland,2022,1A2C,ABFLOW017,Oil,84.51106826083559,,84.51106826083559
Iceland,2022,1A2D,ABFLOW023,Coal,84.51106826083559,,84.51106826083559
Iceland,2022,1A2D,ABFLOW023,Natural gas,84.51106826083559,,84.51106826083559
Iceland,2022,1A2D,ABFLOW023,Oil,84.51106826083559,,84.51106826083559
Iceland,2022,1A2E,ABFLOW022,Coal,84.51106826083559,,84.51106826083559
Iceland,2022,1A2E,ABFLOW022,Natural gas,84.51106826083559,,84.51106826083559
Iceland,2022,1A2E,ABFLOW022,Oil,84.51106826083559,,84.51106826083559
Iceland,2022,1A2F,ABFLOW019,Coal,84.51106826083559,,84.51106826083559
Iceland,2022,1A2F,ABFLOW019,Natural gas,84.51106826083559,,84.51106826083559
Iceland,2022,1A2F,ABFLOW019,Oil,84.51106826083559,,84.51106826083559
Iceland,2022,1A2G,ABFLOW020,Coal,84.51106826083559,,84.51106826083559
Iceland,2022,1A2G,ABFLOW020,Natural gas,84.51106826083559,,84.51106826083559
Iceland,2022,1A2G,ABFLOW020,Oil,84.51106826083559,,84.51106826083559
Iceland,2022,1A2H,ABFLOW021,Coal,84.51106826083559,,84.51106826083559
Iceland,2022,1A2H,ABFLOW021,Natural gas,84.51106826083559,,84.51106826083559
Iceland,2022,1A2H,ABFLOW021,Oil,84.51106826083559,,84.51106826083559
Iceland,2022,1A2I,ABFLOW013,Coal,84.51106826083559,,84.51106826083559
Iceland,2022,1A2I,ABFLOW013,Natural gas,84.51106826083559,,84.51106826083559
Iceland,2022,1A2I,ABFLOW013,Oil,84.51106826083559,,84.51106826083559
Iceland,2022,1A2J,ABFLOW024,Coal,84.51106826083559,,84.51106826083559
Iceland,2022,1A2J,ABFLOW024,Natural gas,84.51106826083559,,84.51106826083559
Iceland,2022,1A2J,ABFLOW024,Oil,84.51106826083559,,84.51106826083559
Iceland,2022,1A2K,ABFLOW014,Coal,84.51106826083559,,84.51106826083559
Iceland,2022,1A2K,ABFLOW014,Natural gas,84.51106826083559,,84.51106826083559
Iceland,2022,1A2K,ABFLOW014,Oil,84.51106826083559,,84.51106826083559
Iceland,2022,1A2L,ABFLOW025,Coal,84.51106826083559,,84.51106826083559
Iceland,2022,1A2L,ABFLOW025,Natural gas,84.51106826083559,,84.51106826083559
Iceland,2022,1A2L,ABFLOW025,Oil,84.51106826083559,,84.51106826083559
Iceland,2022,1A2M,ABFLOW026,Coal,84.51106826083559,,84.51106826083559
Iceland,2022,1A2M,ABFLOW026,Natural gas,84.51106826083559,,84.51106826083559
Iceland,2022,1A2M,ABFLOW026,Oil,84.51106826083559,,84.51106826083559
Iceland,2022,1A3,ABFLOW027,Coal,,,0.0
Iceland,2022,1A3,ABFLOW027,Natural gas,,,0.0
Iceland,2022,1A3,ABFLOW027,Oil,,,0.0
Iceland,2022,1A3A1,ABFLOW040,Coal,43.10064481302615,,43.10064481302615
Iceland,2022,1A3A1,ABFLOW040,Natural gas,43.10064481302615,,43.10064481302615
Iceland,2022,1A3A1,ABFLOW040,Oil,43.10064481302615,,43.10064481302615
Iceland,2022,1A3A2,ABFLOW029,Coal,84.51106826083559,,84.51106826083559
Iceland,2022,1A3A2,ABFLOW029,Natural gas,84.51106826083559,,84.51106826083559
Iceland,2022,1A3A2,ABFLOW029,Oil,84.51106826083559,,84.51106826083559
Iceland,2022,1A3B,ABFLOW028,Coal,,,0.0
Iceland,2022,1A3B,ABFLOW028,Natural gas,,34.26250884871094,34.26250884871094
Iceland,2022,1A3B,ABFLOW028,Oil,,34.26250884871094,34.26250884871094
Iceland,2022,1A3C,ABFLOW030,Coal,,,0.0
Iceland,2022,1A3C,ABFLOW030,Natural gas,,,0.0
Iceland,2022,1A3C,ABFLOW030,Oil,,,0.0
Iceland,2022,1A3D1,ABFLOW039,Coal,,,0.0
Iceland,2022,1A3D1,ABFLOW039,Natural gas,,,0.0
Iceland,2022,1A3D1,ABFLOW039,Oil,,,0.0
Iceland,2022,1A3D2,ABFLOW032,Coal,,,0.0
Iceland,2022,1A3D2,ABFLOW032,Natural gas,,,0.0
Iceland,2022,1A3D2,ABFLOW032,Oil,,,0.0
Iceland,2022,1A3E1,ABFLOW033,Coal,,,0.0
Iceland,2022,1A3E1,ABFLOW033,Natural gas,,,0.0
Iceland,2022,1A3E1,ABFLOW033,Oil,,,0.0
Iceland,2022,1A4A,ABFLOW035,Coal,,,0.0
Iceland,2022,1A4A,ABFLOW035,Natural gas,,34.26250884871094,34.26250884871094
Iceland,2022,1A4A,ABFLOW035,Oil,,34.26250884871094,34.26250884871094
Iceland,2022,1A4B,ABFLOW034,Coal,,,0.0
Iceland,2022,1A4B,ABFLOW034,Natural gas,,34.26250884871094,34.26250884871094
Iceland,2022,1A4B,ABFLOW034,Oil,,34.26250884871094,34.26250884871094
Iceland,2022,1A4C1,ABFLOW036,Coal,,,0.0
Iceland,2022,1A4C1,ABFLOW036,Natural gas,,34.26250884871094,34.26250884871094
Iceland,2022,1A4C1,ABFLOW036,Oil,,34.26250884871094,34.26250884871094
Iceland,2022,1A4C2,ABFLOW037,Coal,,,0.0
Iceland,2022,1A4C2,ABFLOW037,Natural gas,,34.26250884871094,34.26250884871094
Iceland,2022,1A4C2,ABFLOW037,Oil,,34.26250884871094,34.26250884871094
Iceland,2022,1A5,ABFLOW038,Coal,,,0.0
Iceland,2022,1A5,ABFLOW038,Natural gas,,,0.0
Iceland,2022,1A5,ABFLOW038,Oil,,,0.0
Iceland,2023,1A,ABFLOW001,Coal,,,0.0
Iceland,2023,1A,ABFLOW001,Natural gas,,,0.0
Iceland,2023,1A,ABFLOW001,Oil,,,0.0
Iceland,2023,1A1A,ABFLOW002,Coal,,,0.0
Iceland,2023,1A1A,ABFLOW002,Natural gas,,,0.0
Iceland,2023,1A1A,ABFLOW002,Oil,,,0.0
Iceland,2023,1A1A1,ABFLOW003,Coal,82.79901062789914,,82.79901062789914
Iceland,2023,1A1A1,ABFLOW003,Natural gas,82.79901062789914,,82.79901062789914
Iceland,2023,1A1A1,ABFLOW003,Oil,82.79901062789914,,82.79901062789914
Iceland,2023,1A1A2,ABFLOW004,Coal,82.79901062789914,,82.79901062789914
Iceland,2023,1A1A2,ABFLOW004,Natural gas,82.79901062789914,,82.79901062789914
Iceland,2023,1A1A2,ABFLOW004,Oil,82.79901062789914,,82.79901062789914
Iceland,2023,1A1A3,ABFLOW005,Coal,82.79901062789914,,82.79901062789914
Iceland,2023,1A1A3,ABFLOW005,Natural gas,82.79901062789914,,82.79901062789914
Iceland,2023,1A1A3,ABFLOW005,Oil,82.79901062789914,,82.79901062789914
Iceland,2023,1A1B,ABFLOW011,Coal,82.79901062789914,,82.79901062789914
Iceland,2023,1A1B,ABFLOW011,Natural gas,82.79901062789914,34.88474315832554,117.68375378622468
Iceland,2023,1A1B,ABFLOW011,Oil,82.79901062789914,34.88474315832554,117.68375378622468
Iceland,2023,1A1C,ABFLOW011,Coal,82.79901062789914,,82.79901062789914
Iceland,2023,1A1C,ABFLOW011,Natural gas,82.79901062789914,34.88474315832554,117.68375378622468
Iceland,2023,1A1C,ABFLOW011,Oil,82.79901062789914,34.88474315832554,117.68375378622468
Iceland,2023,1A2,ABFLOW012,Coal,,,0.0
Iceland,2023,1A2,ABFLOW012,Natural gas,,,0.0
Iceland,2023,1A2,ABFLOW012,Oil,,,0.0
Iceland,2023,1A2A,ABFLOW016,Coal,82.79901062789914,,82.79901062789914
Iceland,2023,1A2A,ABFLOW016,Natural gas,82.79901062789914,,82.79901062789914
Iceland,2023,1A2A,ABFLOW016,Oil,82.79901062789914,,82.79901062789914
Iceland,2023,1A2B,ABFLOW018,Coal,82.79901062789914,,82.79901062789914
Iceland,2023,1A2B,ABFLOW018,Natural gas,82.79901062789914,,82.79901062789914
Iceland,2023,1A2B,ABFLOW018,Oil,82.79901062789914,,82.79901062789914
Iceland,2023,1A2C,ABFLOW017,Coal,82.79901062789914,,82.79901062789914
Iceland,2023,1A2C,ABFLOW017,Natural gas,82.79901062789914,,82.79901062789914
Iceland,2023,1A2C,ABFLOW017,Oil,82.79901062789914,,82.79901062789914
Iceland,2023,1A2D,ABFLOW023,Coal,82.79901062789914,,82.79901062789914
Iceland,2023,1A2D,ABFLOW023,Natural gas,82.79901062789914,,82.79901062789914
Iceland,2023,1A2D,ABFLOW023,Oil,82.79901062789914,,82.79901062789914
Iceland,2023,1A2E,ABFLOW022,Coal,82.79901062789914,,82.79901062789914
Iceland,2023,1A2E,ABFLOW022,Natural gas,82.79901062789914,,82.79901062789914
Iceland,2023,1A2E,ABFLOW022,Oil,82.79901062789914,,82.79901062789914
Iceland,2023,1A2F,ABFLOW019,Coal,82.79901062789914,,82.79901062789914
Iceland,2023,1A2F,ABFLOW019,Natural gas,82.79901062789914,,82.79901062789914
Iceland,2023,1A2F,ABFLOW019,Oil,82.79901062789914,,82.79901062789914
Iceland,2023,1A2G,ABFLOW020,Coal,82.79901062789914,,82.79901062789914
Iceland,2023,1A2G,ABFLOW020,Natural gas,82.79901062789914,,82.79901062789914
Iceland,2023,1A2G,ABFLOW020,Oil,82.79901062789914,,82.79901062789914
Iceland,2023,1A2H,ABFLOW021,Coal,82.79901062789914,,82.79901062789914
Iceland,2023,1A2H,ABFLOW021,Natural gas,82.79901062789914,,82.79901062789914
Iceland,2023,1A2H,ABFLOW021,Oil,82.79901062789914,,82.79901062789914
Iceland,2023,1A2I,ABFLOW013,Coal,82.79901062789914,,82.79901062789914
Iceland,2023,1A2I,ABFLOW013,Natural gas,82.79901062789914,,82.79901062789914
Iceland,2023,1A2I,ABFLOW013,Oil,82.79901062789914,,82.79901062789914
Iceland,2023,1A2J,ABFLOW024,Coal,82.79901062789914,,82.79901062789914
Iceland,2023,1A2J,ABFLOW024,Natural gas,82.79901062789914,,82.79901062789914
Iceland,2023,1A2J,ABFLOW024,Oil,82.79901062789914,,82.79901062789914
Iceland,2023,1A2K,ABFLOW014,Coal,82.79901062789914,,82.79901062789914
Iceland,2023,1A2K,ABFLOW014,Natural gas,82.79901062789914,,82.79901062789914
Iceland,2023,1A2K,ABFLOW014,Oil,82.79901062789914,,82.79901062789914
Iceland,2023,1A2L,ABFLOW025,Coal,82.79901062789914,,82.79901062789914
Iceland,2023,1A2L,ABFLOW025,Natural gas,82.79901062789914,,82.79901062789914
Iceland,2023,1A2L,ABFLOW025,Oil,82.79901062789914,,82.79901062789914
Iceland,2023,1A2M,ABFLOW026,Coal,82.79901062789914,,82.79901062789914
Iceland,2023,1A2M,ABFLOW026,Natural gas,82.79901062789914,,82.79901062789914
Iceland,2023,1A2M,ABFLOW026,Oil,82.79901062789914,,82.79901062789914
Iceland,2023,1A3,ABFLOW027,Coal,,,0.0
Iceland,2023,1A3,ABFLOW027,Natural gas,,,0.0
Iceland,2023,1A3,ABFLOW027,Oil,,,0.0
Iceland,2023,1A3A1,ABFLOW040,Coal,42.22749542022856,,42.22749542022856
Iceland,2023,1A3A1,ABFLOW040,Natural gas,42.22749542022856,,42.22749542022856
Iceland,2023,1A3A1,ABFLOW040,Oil,42.22749542022856,,42.22749542022856
Iceland,2023,1A3A2,ABFLOW029,Coal,82.79901062789914,,82.79901062789914
Iceland,2023,1A3A2,ABFLOW029,Natural gas,82.79901062789914,,82.79901062789914
Iceland,2023,1A3A2,ABFLOW029,Oil,82.79901062789914,,82.79901062789914
Iceland,2023,1A3B,ABFLOW028,Coal,,,0.0
Iceland,2023,1A3B,ABFLOW028,Natural gas,,34.88474315832554,34.88474315832554
Iceland,2023,1A3B,ABFLOW028,Oil,,34.88474315832554,34.88474315832554
Iceland,2023,1A3C,ABFLOW030,Coal,,,0.0
Iceland,2023,1A3C,ABFLOW030,Natural gas,,,0.0
Iceland,2023,1A3C,ABFLOW030,Oil,,,0.0
Iceland,2023,1A3D1,ABFLOW039,Coal,,,0.0
Iceland,2023,1A3D1,ABFLOW039,Natural gas,,,0.0
Iceland,2023,1A3D1,ABFLOW039,Oil,,,0.0
Iceland,2023,1A3D2,ABFLOW032,Coal,,,0.0
Iceland,2023,1A3D2,ABFLOW032,Natural gas,,,0.0
Iceland,2023,1A3D2,ABFLOW032,Oil,,,0.0
Iceland,2023,1A3E1,ABFLOW033,Coal,,,0.0
Iceland,2023,1A3E1,ABFLOW033,Natural gas,,,0.0
Iceland,2023,1A3E1,ABFLOW033,Oil,,,0.0
Iceland,2023,1A4A,ABFLOW035,Coal,,,0.0
Iceland,2023,1A4A,ABFLOW035,Natural gas,,34.88474315832554,34.88474315832554
Iceland,2023,1A4A,ABFLOW035,Oil,,34.88474315832554,34.88474315832554
Iceland,2023,1A4B,ABFLOW034,Coal,,,0.0
Iceland,2023,1A4B,ABFLOW034,Natural gas,,34.88474315832554,34.88474315832554
Iceland,2023,1A4B,ABFLOW034,Oil,,34.88474315832554,34.88474315832554
Iceland,2023,1A4C1,ABFLOW036,Coal,,,0.0
Iceland,2023,1A4C1,ABFLOW036,Natural gas,,34.88474315832554,34.88474315832554
Iceland,2023,1A4C1,ABFLOW036,Oil,,34.88474315832554,34.88474315832554
Iceland,2023,1A4C2,ABFLOW037,Coal,,,0.0
Iceland,2023,1A4C2,ABFLOW037,Natural gas,,34.88474315832554,34.88474315832554
Iceland,2023,1A4C2,ABFLOW037,Oil,,34.88474315832554,34.88474315832554
Iceland,2023,1A5,ABFLOW038,Coal,,,0.0
Iceland,2023,1A5,ABFLOW038,Natural gas,,,0.0
Iceland,2023,1A5,ABFLOW038,Oil,,,0.0
Iceland,2024,1A,ABFLOW001,Coal,,,0.0
Iceland,2024,1A,ABFLOW001,Natural gas,,,0.0
Iceland,2024,1A,ABFLOW001,Oil,,,0.0
Iceland,2024,1A1A,ABFLOW002,Coal,,,0.0
Iceland,2024,1A1A,ABFLOW002,Natural gas,,,0.0
Iceland,2024,1A1A,ABFLOW002,Oil,,,0.0
Iceland,2024,1A1A1,ABFLOW003,Coal,64.09959197857762,,64.09959197857762
Iceland,2024,1A1A1,ABFLOW003,Natural gas,64.09959197857762,,64.09959197857762
Iceland,2024,1A1A1,ABFLOW003,Oil,64.09959197857762,,64.09959197857762
Iceland,2024,1A1A2,ABFLOW004,Coal,64.09959197857762,,64.09959197857762
Iceland,2024,1A1A2,ABFLOW004,Natural gas,64.09959197857762,,64.09959197857762
Iceland,2024,1A1A2,ABFLOW004,Oil,64.09959197857762,,64.09959197857762
Iceland,2024,1A1A3,ABFLOW005,Coal,64.09959197857762,,64.09959197857762
Iceland,2024,1A1A3,ABFLOW005,Natural gas,64.09959197857762,,64.09959197857762
Iceland,2024,1A1A3,ABFLOW005,Oil,64.09959197857762,,64.09959197857762
Iceland,2024,1A1B,ABFLOW011,Coal,64.09959197857762,,64.09959197857762
Iceland,2024,1A1B,ABFLOW011,Natural gas,64.09959197857762,36.1164427943039,100.21603477288153
Iceland,2024,1A1B,ABFLOW011,Oil,64.09959197857762,36.1164427943039,100.21603477288153
Iceland,2024,1A1C,ABFLOW011,Coal,64.09959197857762,,64.09959197857762
Iceland,2024,1A1C,ABFLOW011,Natural gas,64.09959197857762,36.1164427943039,100.21603477288153
Iceland,2024,1A1C,ABFLOW011,Oil,64.09959197857762,36.1164427943039,100.21603477288153
Iceland,2024,1A2,ABFLOW012,Coal,,,0.0
Iceland,2024,1A2,ABFLOW012,Natural gas,,,0.0
Iceland,2024,1A2,ABFLOW012,Oil,,,0.0
Iceland,2024,1A2A,ABFLOW016,Coal,64.09959197857762,,64.09959197857762
Iceland,2024,1A2A,ABFLOW016,Natural gas,64.09959197857762,,64.09959197857762
Iceland,2024,1A2A,ABFLOW016,Oil,64.09959197857762,,64.09959197857762
Iceland,2024,1A2B,ABFLOW018,Coal,64.09959197857762,,64.09959197857762
Iceland,2024,1A2B,ABFLOW018,Natural gas,64.09959197857762,,64.09959197857762
Iceland,2024,1A2B,ABFLOW018,Oil,64.09959197857762,,64.09959197857762
Iceland,2024,1A2C,ABFLOW017,Coal,64.09959197857762,,64.09959197857762
Iceland,2024,1A2C,ABFLOW017,Natural gas,64.09959197857762,,64.09959197857762
Iceland,2024,1A2C,ABFLOW017,Oil,64.09959197857762,,64.09959197857762
Iceland,2024,1A2D,ABFLOW023,Coal,64.09959197857762,,64.09959197857762
Iceland,2024,1A2D,ABFLOW023,Natural gas,64.09959197857762,,64.09959197857762
Iceland,2024,1A2D,ABFLOW023,Oil,64.09959197857762,,64.09959197857762
Iceland,2024,1A2E,ABFLOW022,Coal,64.09959197857762,,64.09959197857762
Iceland,2024,1A2E,ABFLOW022,Natural gas,64.09959197857762,,64.09959197857762
Iceland,2024,1A2E,ABFLOW022,Oil,64.09959197857762,,64.09959197857762
Iceland,2024,1A2F,ABFLOW019,Coal,64.09959197857762,,64.09959197857762
Iceland,2024,1A2F,ABFLOW019,Natural gas,64.09959197857762,,64.09959197857762
Iceland,2024,1A2F,ABFLOW019,Oil,64.09959197857762,,64.09959197857762
Iceland,2024,1A2G,ABFLOW020,Coal,64.09959197857762,,64.09959197857762
Iceland,2024,1A2G,ABFLOW020,Natural gas,64.09959197857762,,64.09959197857762
Iceland,2024,1A2G,ABFLOW020,Oil,64.09959197857762,,64.09959197857762
Iceland,2024,1A2H,ABFLOW021,Coal,64.09959197857762,,64.09959197857762
Iceland,2024,1A2H,ABFLOW021,Natural gas,64.09959197857762,,64.09959197857762
Iceland,2024,1A2H,ABFLOW021,Oil,64.09959197857762,,64.09959197857762
Iceland,2024,1A2I,ABFLOW013,Coal,64.09959197857762,,64.09959197857762
Iceland,2024,1A2I,ABFLOW013,Natural gas,64.09959197857762,,64.09959197857762
Iceland,2024,1A2I,ABFLOW013,Oil,64.09959197857762,,64.09959197857762
Iceland,2024,1A2J,ABFLOW024,Coal,64.09959197857762,,64.09959197857762
Iceland,2024,1A2J,ABFLOW024,Natural gas,64.09959197857762,,64.09959197857762
Iceland,2024,1A2J,ABFLOW024,Oil,64.09959197857762,,64.09959197857762
Iceland,2024,1A2K,ABFLOW014,Coal,64.09959197857762,,64.09959197857762
Iceland,2024,1A2K,ABFLOW014,Natural gas,64.09959197857762,,64.09959197857762
Iceland,2024,1A2K,ABFLOW014,Oil,64.09959197857762,,64.09959197857762
Iceland,2024,1A2L,ABFLOW025,Coal,64.09959197857762,,64.09959197857762
Iceland,2024,1A2L,ABFLOW025,Natural gas,64.09959197857762,,64.09959197857762
Iceland,2024,1A2L,ABFLOW025,Oil,64.09959197857762,,64.09959197857762
Iceland,2024,1A2M,ABFLOW026,Coal,64.09959197857762,,64.09959197857762
Iceland,2024,1A2M,ABFLOW026,Natural gas,64.09959197857762,,64.09959197857762
Iceland,2024,1A2M,ABFLOW026,Oil,64.09959197857762,,64.09959197857762
Iceland,2024,1A3,ABFLOW027,Coal,,,0.0
Iceland,2024,1A3,ABFLOW027,Natural gas,,,0.0
Iceland,2024,1A3,ABFLOW027,Oil,,,0.0
Iceland,2024,1A3A1,ABFLOW040,Coal,32.69079190907459,,32.69079190907459
Iceland,2024,1A3A1,ABFLOW040,Natural gas,32.69079190907459,,32.69079190907459
Iceland,2024,1A3A1,ABFLOW040,Oil,32.69079190907459,,32.69079190907459
Iceland,2024,1A3A2,ABFLOW029,Coal,64.09959197857762,,64.09959197857762
Iceland,2024,1A3A2,ABFLOW029,Natural gas,64.09959197857762,,64.09959197857762
Iceland,2024,1A3A2,ABFLOW029,Oil,64.09959197857762,,64.09959197857762
Iceland,2024,1A3B,ABFLOW028,Coal,,,0.0
Iceland,2024,1A3B,ABFLOW028,Natural gas,,36.1164427943039,36.1164427943039
Iceland,2024,1A3B,ABFLOW028,Oil,,36.1164427943039,36.1164427943039
Iceland,2024,1A3C,ABFLOW030,Coal,,,0.0
Iceland,2024,1A3C,ABFLOW030,Natural gas,,,0.0
Iceland,2024,1A3C,ABFLOW030,Oil,,,0.0
Iceland,2024,1A3D1,ABFLOW039,Coal,,,0.0
Iceland,2024,1A3D1,ABFLOW039,Natural gas,,,0.0
Iceland,2024,1A3D1,ABFLOW039,Oil,,,0.0
Iceland,2024,1A3D2,ABFLOW032,Coal,64.09959197857762,,64.09959197857762
Iceland,2024,1A3D2,ABFLOW032,Natural gas,64.09959197857762,,64.09959197857762
Iceland,2024,1A3D2,ABFLOW032,Oil,64.09959197857762,,64.09959197857762
Iceland,2024,1A3E1,ABFLOW033,Coal,,,0.0
Iceland,2024,1A3E1,ABFLOW033,Natural gas,,,0.0
Iceland,2024,1A3E1,ABFLOW033,Oil,,,0.0
Iceland,2024,1A4A,ABFLOW035,Coal,,,0.0
Iceland,2024,1A4A,ABFLOW035,Natural gas,,36.1164427943039,36.1164427943039
Iceland,2024,1A4A,ABFLOW035,Oil,,36.1164427943039,36.1164427943039
Iceland,2024,1A4B,ABFLOW034,Coal,,,0.0
Iceland,2024,1A4B,ABFLOW034,Natural gas,,36.1164427943039,36.1164427943039
Iceland,2024,1A4B,ABFLOW034,Oil,,36.1164427943039,36.1164427943039
Iceland,2024,1A4C1,ABFLOW036,Coal,,,0.0
Iceland,2024,1A4C1,ABFLOW036,Natural gas,,36.1164427943039,36.1164427943039
Iceland,2024,1A4C1,ABFLOW036,Oil,,36.1164427943039,36.1164427943039
Iceland,2024,1A4C2,ABFLOW037,Coal,,,0.0
Iceland,2024,1A4C2,ABFLOW037,Natural gas,,36.1164427943039,36.1164427943039
Iceland,2024,1A4C2,ABFLOW037,Oil,,36.1164427943039,36.1164427943039
Iceland,2024,1A5,ABFLOW038,Coal,,,0.0
Iceland,2024,1A5,ABFLOW038,Natural gas,,,0.0
Iceland,2024,1A5,ABFLOW038,Oil,,,0.0
Iceland,2025,1A,ABFLOW001,Coal,,,0.0
Iceland,2025,1A,ABFLOW001,Natural gas,,,0.0
Iceland,2025,1A,ABFLOW001,Oil,,,0.0
Iceland,2025,1A1A,ABFLOW002,Coal,,,0.0
Iceland,2025,1A1A,ABFLOW002,Natural gas,,,0.0
Iceland,2025,1A1A,ABFLOW002,Oil,,,0.0
Iceland,2025,1A1A1,ABFLOW003,Coal,71.49835825873706,,71.49835825873706
Iceland,2025,1A1A1,ABFLOW003,Natural gas,71.49835825873706,,71.49835825873706
Iceland,2025,1A1A1,ABFLOW003,Oil,71.49835825873706,,71.49835825873706
Iceland,2025,1A1A2,ABFLOW004,Coal,71.49835825873706,,71.49835825873706
Iceland,2025,1A1A2,ABFLOW004,Natural gas,71.49835825873706,,71.49835825873706
Iceland,2025,1A1A2,ABFLOW004,Oil,71.49835825873706,,71.49835825873706
Iceland,2025,1A1A3,ABFLOW005,Coal,71.49835825873706,,71.49835825873706
Iceland,2025,1A1A3,ABFLOW005,Natural gas,71.49835825873706,,71.49835825873706
Iceland,2025,1A1A3,ABFLOW005,Oil,71.49835825873706,,71.49835825873706
Iceland,2025,1A1B,ABFLOW011,Coal,71.49835825873706,,71.49835825873706
Iceland,2025,1A1B,ABFLOW011,Natural gas,71.49835825873706,56.37792305944889,127.87628131818595
Iceland,2025,1A1B,ABFLOW011,Oil,71.49835825873706,56.37792305944889,127.87628131818595
Iceland,2025,1A1C,ABFLOW011,Coal,71.49835825873706,,71.49835825873706
Iceland,2025,1A1C,ABFLOW011,Natural gas,71.49835825873706,56.37792305944889,127.87628131818595
Iceland,2025,1A1C,ABFLOW011,Oil,71.49835825873706,56.37792305944889,127.87628131818595
Iceland,2025,1A2,ABFLOW012,Coal,,,0.0
Iceland,2025,1A2,ABFLOW012,Natural gas,,,0.0
Iceland,2025,1A2,ABFLOW012,Oil,,,0.0
Iceland,2025,1A2A,ABFLOW016,Coal,71.49835825873706,,71.49835825873706
Iceland,2025,1A2A,ABFLOW016,Natural gas,71.49835825873706,,71.49835825873706
Iceland,2025,1A2A,ABFLOW016,Oil,71.49835825873706,,71.49835825873706
Iceland,2025,1A2B,ABFLOW018,Coal,71.49835825873706,,71.49835825873706
Iceland,2025,1A2B,ABFLOW018,Natural gas,71.49835825873706,,71.49835825873706
Iceland,2025,1A2B,ABFLOW018,Oil,71.49835825873706,,71.49835825873706
Iceland,2025,1A2C,ABFLOW017,Coal,71.49835825873706,,71.49835825873706
Iceland,2025,1A2C,ABFLOW017,Natural gas,71.49835825873706,,71.49835825873706
Iceland,2025,1A2C,ABFLOW017,Oil,71.49835825873706,,71.49835825873706
Iceland,2025,1A2D,ABFLOW023,Coal,71.49835825873706,,71.49835825873706
Iceland,2025,1A2D,ABFLOW023,Natural gas,71.49835825873706,,71.49835825873706
Iceland,2025,1A2D,ABFLOW023,Oil,71.49835825873706,,71.49835825873706
Iceland,2025,1A2E,ABFLOW022,Coal,71.49835825873706,,71.49835825873706
Iceland,2025,1A2E,ABFLOW022,Natural gas,71.49835825873706,,71.49835825873706
Iceland,2025,1A2E,ABFLOW022,Oil,71.49835825873706,,71.49835825873706
Iceland,2025,1A2F,ABFLOW019,Coal,71.49835825873706,,71.49835825873706
Iceland,2025,1A2F,ABFLOW019,Natural gas,71.49835825873706,,71.49835825873706
Iceland,2025,1A2F,ABFLOW019,Oil,71.49835825873706,,71.49835825873706
Iceland,2025,1A2G,ABFLOW020,Coal,71.49835825873706,,71.49835825873706
Iceland,2025,1A2G,ABFLOW020,Natural gas,71.49835825873706,,71.49835825873706
Iceland,2025,1A2G,ABFLOW020,Oil,71.49835825873706,,71.49835825873706
Iceland,2025,1A2H,ABFLOW021,Coal,71.49835825873706,,71.49835825873706
Iceland,2025,1A2H,ABFLOW021,Natural gas,71.49835825873706,,71.49835825873706
Iceland,2025,1A2H,ABFLOW021,Oil,71.49835825873706,,71.49835825873706
Iceland,2025,1A2I,ABFLOW013,Coal,71.49835825873706,,71.49835825873706
Iceland,2025,1A2I,ABFLOW013,Natural gas,71.49835825873706,,71.49835825873706
Iceland,2025,1A2I,ABFLOW013,Oil,71.49835825873706,,71.49835825873706
Iceland,2025,1A2J,ABFLOW024,Coal,71.49835825873706,,71.49835825873706
Iceland,2025,1A2J,ABFLOW024,Natural gas,71.49835825873706,,71.49835825873706
Iceland,2025,1A2J,ABFLOW024,Oil,71.49835825873706,,71.49835825873706
Iceland,2025,1A2K,ABFLOW014,Coal,71.49835825873706,,71.49835825873706
Iceland,2025,1A2K,ABFLOW014,Natural gas,71.49835825873706,,71.49835825873706
Iceland,2025,1A2K,ABFLOW014,Oil,71.49835825873706,,71.49835825873706
Iceland,2025,1A2L,ABFLOW025,Coal,71.49835825873706,,71.49835825873706
Iceland,2025,1A2L,ABFLOW025,Natural gas,71.49835825873706,,71.49835825873706
Iceland,2025,1A2L,ABFLOW025,Oil,71.49835825873706,,71.49835825873706
Iceland,2025,1A2M,ABFLOW026,Coal,71.49835825873706,,71.49835825873706
Iceland,2025,1A2M,ABFLOW026,Natural gas,71.49835825873706,,71.49835825873706
Iceland,2025,1A2M,ABFLOW026,Oil,71.49835825873706,,71.49835825873706
Iceland,2025,1A3,ABFLOW027,Coal,,,0.0
Iceland,2025,1A3,ABFLOW027,Natural gas,,,0.0
Iceland,2025,1A3,ABFLOW027,Oil,,,0.0
Iceland,2025,1A3A1,ABFLOW040,Coal,71.49835825873706,,71.49835825873706
Iceland,2025,1A3A1,ABFLOW040,Natural gas,71.49835825873706,,71.49835825873706
Iceland,2025,1A3A1,ABFLOW040,Oil,71.49835825873706,,71.49835825873706
Iceland,2025,1A3A2,ABFLOW029,Coal,71.49835825873706,,71.49835825873706
Iceland,2025,1A3A2,ABFLOW029,Natural gas,71.49835825873706,,71.49835825873706
Iceland,2025,1A3A2,ABFLOW029,Oil,71.49835825873706,,71.49835825873706
Iceland,2025,1A3B,ABFLOW028,Coal,,,0.0
Iceland,2025,1A3B,ABFLOW028,Natural gas,,56.37792305944889,56.37792305944889
Iceland,2025,1A3B,ABFLOW028,Oil,,56.37792305944889,56.37792305944889
Iceland,2025,1A3C,ABFLOW030,Coal,,,0.0
Iceland,2025,1A3C,ABFLOW030,Natural gas,,,0.0
Iceland,2025,1A3C,ABFLOW030,Oil,,,0.0
Iceland,2025,1A3D1,ABFLOW039,Coal,,,0.0
Iceland,2025,1A3D1,ABFLOW039,Natural gas,,,0.0
Iceland,2025,1A3D1,ABFLOW039,Oil,,,0.0
Iceland,2025,1A3D2,ABFLOW032,Coal,71.49835825873706,,71.49835825873706
Iceland,2025,1A3D2,ABFLOW032,Natural gas,71.49835825873706,,71.49835825873706
Iceland,2025,1A3D2,ABFLOW032,Oil,71.49835825873706,,71.49835825873706
Iceland,2025,1A3E1,ABFLOW033,Coal,,,0.0
Iceland,2025,1A3E1,ABFLOW033,Natural gas,,,0.0
Iceland,2025,1A3E1,ABFLOW033,Oil,,,0.0
Iceland,2025,1A4A,ABFLOW035,Coal,,,0.0
Iceland,2025,1A4A,ABFLOW035,Natural gas,,56.37792305944889,56.37792305944889
Iceland,2025,1A4A,ABFLOW035,Oil,,56.37792305944889,56.37792305944889
Iceland,2025,1A4B,ABFLOW034,Coal,,,0.0
Iceland,2025,1A4B,ABFLOW034,Natural gas,,56.37792305944889,56.37792305944889
Iceland,2025,1A4B,ABFLOW034,Oil,,56.37792305944889,56.37792305944889
Iceland,2025,1A4C1,ABFLOW036,Coal,,,0.0
Iceland,2025,1A4C1,ABFLOW036,Natural gas,,56.37792305944889,56.37792305944889
Iceland,2025,1A4C1,ABFLOW036,Oil,,56.37792305944889,56.37792305944889
Iceland,2025,1A4C2,ABFLOW037,Coal,,,0.0
Iceland,2025,1A4C2,ABFLOW037,Natural gas,,56.37792305944889,56.37792305944889
Iceland,2025,1A4C2,ABFLOW037,Oil,,56.37792305944889,56.37792305944889
Iceland,2025,1A5,ABFLOW038,Coal,,,0.0
Iceland,2025,1A5,ABFLOW038,Natural gas,,,0.0
Iceland,2025,1A5,ABFLOW038,Oil,,,0.0
