jurisdiction,year,ipcc_code,iea_code,Product,ets_price_usd_k,tax_rate_incl_ex_usd_k,all_inst_usd_k
Romania,1989,1A,ABFLOW001,Coal,,,0.0
Romania,1989,1A,ABFLOW001,Natural gas,,,0.0
Romania,1989,1A,ABFLOW001,Oil,,,0.0
Romania,1989,1A1A,ABFLOW002,Coal,,,0.0
Romania,1989,1A1A,ABFLOW002,Natural gas,,,0.0
Romania,1989,1A1A,ABFLOW002,Oil,,,0.0
Romania,1989,1A1A1,ABFLOW003,Coal,,,0.0
Romania,1989,1A1A1,ABFLOW003,Natural gas,,,0.0
Romania,1989,1A1A1,ABFLOW003,Oil,,,0.0
Romania,1989,1A1A2,ABFLOW004,Coal,,,0.0
Romania,1989,1A1A2,ABFLOW004,Natural gas,,,0.0
Romania,1989,1A1A2,ABFLOW004,Oil,,,0.0
Romania,1989,1A1A3,ABFLOW005,Coal,,,0.0
Romania,1989,1A1A3,ABFLOW005,Natural gas,,,0.0
Romania,1989,1A1A3,ABFLOW005,Oil,,,0.0
Romania,1989,1A1B,ABFLOW011,Coal,,,0.0
Romania,1989,1A1B,ABFLOW011,Natural gas,,,0.0
Romania,1989,1A1B,ABFLOW011,Oil,,,0.0
Romania,1989,1A1C,ABFLOW011,Coal,,,0.0
Romania,1989,1A1C,ABFLOW011,Natural gas,,,0.0
Romania,1989,1A1C,ABFLOW011,Oil,,,0.0
Romania,1989,1A2,ABFLOW012,Coal,,,0.0
Romania,1989,1A2,ABFLOW012,Natural gas,,,0.0
Romania,1989,1A2,ABFLOW012,Oil,,,0.0
Romania,1989,1A2A,ABFLOW016,Coal,,,0.0
Romania,1989,1A2A,ABFLOW016,Natural gas,,,0.0
Romania,1989,1A2A,ABFLOW016,Oil,,,0.0
Romania,1989,1A2B,ABFLOW018,Coal,,,0.0
Romania,1989,1A2B,ABFLOW018,Natural gas,,,0.0
Romania,1989,1A2B,ABFLOW018,Oil,,,0.0
Romania,1989,1A2C,ABFLOW017,Coal,,,0.0
Romania,1989,1A2C,ABFLOW017,Natural gas,,,0.0
Romania,1989,1A2C,ABFLOW017,Oil,,,0.0
Romania,1989,1A2D,ABFLOW023,Coal,,,0.0
Romania,1989,1A2D,ABFLOW023,Natural gas,,,0.0
Romania,1989,1A2D,ABFLOW023,Oil,,,0.0
Romania,1989,1A2E,ABFLOW022,Coal,,,0.0
Romania,1989,1A2E,ABFLOW022,Natural gas,,,0.0
Romania,1989,1A2E,ABFLOW022,Oil,,,0.0
Romania,1989,1A2F,ABFLOW019,Coal,,,0.0
Romania,1989,1A2F,ABFLOW019,Natural gas,,,0.0
Romania,1989,1A2F,ABFLOW019,Oil,,,0.0
Romania,1989,1A2G,ABFLOW020,Coal,,,0.0
Romania,1989,1A2G,ABFLOW020,Natural gas,,,0.0
Romania,1989,1A2G,ABFLOW020,Oil,,,0.0
Romania,1989,1A2H,ABFLOW021,Coal,,,0.0
Romania,1989,1A2H,ABFLOW021,Natural gas,,,0.0
Romania,1989,1A2H,ABFLOW021,Oil,,,0.0
Romania,1989,1A2I,ABFLOW013,Coal,,,0.0
Romania,1989,1A2I,ABFLOW013,Natural gas,,,0.0
Romania,1989,1A2I,ABFLOW013,Oil,,,0.0
Romania,1989,1A2J,ABFLOW024,Coal,,,0.0
Romania,1989,1A2J,ABFLOW024,Natural gas,,,0.0
Romania,1989,1A2J,ABFLOW024,Oil,,,0.0
Romania,1989,1A2K,ABFLOW014,Coal,,,0.0
Romania,1989,1A2K,ABFLOW014,Natural gas,,,0.0
Romania,1989,1A2K,ABFLOW014,Oil,,,0.0
Romania,1989,1A2L,ABFLOW025,Coal,,,0.0
Romania,1989,1A2L,ABFLOW025,Natural gas,,,0.0
Romania,1989,1A2L,ABFLOW025,Oil,,,0.0
Romania,1989,1A2M,ABFLOW026,Coal,,,0.0
Romania,1989,1A2M,ABFLOW026,Natural gas,,,0.0
Romania,1989,1A2M,ABFLOW026,Oil,,,0.0
Romania,1989,1A3,ABFLOW027,Coal,,,0.0
Romania,1989,1A3,ABFLOW027,Natural gas,,,0.0
Romania,1989,1A3,ABFLOW027,Oil,,,0.0
Romania,1989,1A3A1,ABFLOW040,Coal,,,0.0
Romania,1989,1A3A1,ABFLOW040,Natural gas,,,0.0
Romania,1989,1A3A1,ABFLOW040,Oil,,,0.0
Romania,1989,1A3A2,ABFLOW029,Coal,,,0.0
Romania,1989,1A3A2,ABFLOW029,Natural gas,,,0.0
Romania,1989,1A3A2,ABFLOW029,Oil,,,0.0
Romania,1989,1A3B,ABFLOW028,Coal,,,0.0
Romania,1989,1A3B,ABFLOW028,Natural gas,,,0.0
Romania,1989,1A3B,ABFLOW028,Oil,,,0.0
Romania,1989,1A3C,ABFLOW030,Coal,,,0.0
Romania,1989,1A3C,ABFLOW030,Natural gas,,,0.0
Romania,1989,1A3C,ABFLOW030,Oil,,,0.0
Romania,1989,1A3D1,ABFLOW039,Coal,,,0.0
Romania,1989,1A3D1,ABFLOW039,Natural gas,,,0.0
Romania,1989,1A3D1,ABFLOW039,Oil,,,0.0
Romania,1989,1A3D2,ABFLOW032,Coal,,,0.0
Romania,1989,1A3D2,ABFLOW032,Natural gas,,,0.0
Romania,1989,1A3D2,ABFLOW032,Oil,,,0.0
Romania,1989,1A3E1,ABFLOW033,Coal,,,0.0
Romania,1989,1A3E1,ABFLOW033,Natural gas,,,0.0
Romania,1989,1A3E1,ABFLOW033,Oil,,,0.0
Romania,1989,1A4A,ABFLOW035,Coal,,,0.0
Romania,1989,1A4A,ABFLOW035,Natural gas,,,0.0
Romania,1989,1A4A,ABFLOW035,Oil,,,0.0
Romania,1989,1A4B,ABFLOW034,Coal,,,0.0
Romania,1989,1A4B,ABFLOW034,Natural gas,,,0.0
Romania,1989,1A4B,ABFLOW034,Oil,,,0.0
Romania,1989,1A4C1,ABFLOW036,Coal,,,0.0
Romania,1989,1A4C1,ABFLOW036,Natural gas,,,0.0
Romania,1989,1A4C1,ABFLOW036,Oil,,,0.0
Romania,1989,1A4C2,ABFLOW037,Coal,,,0.0
Romania,1989,1A4C2,ABFLOW037,Natural gas,,,0.0
Romania,1989,1A4C2,ABFLOW037,Oil,,,0.0
Romania,1989,1A5,ABFLOW038,Coal,,,0.0
Romania,1989,1A5,ABFLOW038,Natural gas,,,0.0
Romania,1989,1A5,ABFLOW038,Oil,,,0.0
Romania,1990,1A,ABFLOW001,Coal,,,0.0
Romania,1990,1A,ABFLOW001,Natural gas,,,0.0
Romania,1990,1A,ABFLOW001,Oil,,,0.0
Romania,1990,1A1A,ABFLOW002,Coal,,,0.0
Romania,1990,1A1A,ABFLOW002,Natural gas,,,0.0
Romania,1990,1A1A,ABFLOW002,Oil,,,0.0
Romania,1990,1A1A1,ABFLOW003,Coal,,,0.0
Romania,1990,1A1A1,ABFLOW003,Natural gas,,,0.0
Romania,1990,1A1A1,ABFLOW003,Oil,,,0.0
Romania,1990,1A1A2,ABFLOW004,Coal,,,0.0
Romania,1990,1A1A2,ABFLOW004,Natural gas,,,0.0
Romania,1990,1A1A2,ABFLOW004,Oil,,,0.0
Romania,1990,1A1A3,ABFLOW005,Coal,,,0.0
Romania,1990,1A1A3,ABFLOW005,Natural gas,,,0.0
Romania,1990,1A1A3,ABFLOW005,Oil,,,0.0
Romania,1990,1A1B,ABFLOW011,Coal,,,0.0
Romania,1990,1A1B,ABFLOW011,Natural gas,,,0.0
Romania,1990,1A1B,ABFLOW011,Oil,,,0.0
Romania,1990,1A1C,ABFLOW011,Coal,,,0.0
Romania,1990,1A1C,ABFLOW011,Natural gas,,,0.0
Romania,1990,1A1C,ABFLOW011,Oil,,,0.0
Romania,1990,1A2,ABFLOW012,Coal,,,0.0
Romania,1990,1A2,ABFLOW012,Natural gas,,,0.0
Romania,1990,1A2,ABFLOW012,Oil,,,0.0
Romania,1990,1A2A,ABFLOW016,Coal,,,0.0
Romania,1990,1A2A,ABFLOW016,Natural gas,,,0.0
Romania,1990,1A2A,ABFLOW016,Oil,,,0.0
Romania,1990,1A2B,ABFLOW018,Coal,,,0.0
Romania,1990,1A2B,ABFLOW018,Natural gas,,,0.0
Romania,1990,1A2B,ABFLOW018,Oil,,,0.0
Romania,1990,1A2C,ABFLOW017,Coal,,,0.0
Romania,1990,1A2C,ABFLOW017,Natural gas,,,0.0
Romania,1990,1A2C,ABFLOW017,Oil,,,0.0
Romania,1990,1A2D,ABFLOW023,Coal,,,0.0
Romania,1990,1A2D,ABFLOW023,Natural gas,,,0.0
Romania,1990,1A2D,ABFLOW023,Oil,,,0.0
Romania,1990,1A2E,ABFLOW022,Coal,,,0.0
Romania,1990,1A2E,ABFLOW022,Natural gas,,,0.0
Romania,1990,1A2E,ABFLOW022,Oil,,,0.0
Romania,1990,1A2F,ABFLOW019,Coal,,,0.0
Romania,1990,1A2F,ABFLOW019,Natural gas,,,0.0
Romania,1990,1A2F,ABFLOW019,Oil,,,0.0
Romania,1990,1A2G,ABFLOW020,Coal,,,0.0
Romania,1990,1A2G,ABFLOW020,Natural gas,,,0.0
Romania,1990,1A2G,ABFLOW020,Oil,,,0.0
Romania,1990,1A2H,ABFLOW021,Coal,,,0.0
Romania,1990,1A2H,ABFLOW021,Natural gas,,,0.0
Romania,1990,1A2H,ABFLOW021,Oil,,,0.0
Romania,1990,1A2I,ABFLOW013,Coal,,,0.0
Romania,1990,1A2I,ABFLOW013,Natural gas,,,0.0
Romania,1990,1A2I,ABFLOW013,Oil,,,0.0
Romania,1990,1A2J,ABFLOW024,Coal,,,0.0
Romania,1990,1A2J,ABFLOW024,Natural gas,,,0.0
Romania,1990,1A2J,ABFLOW024,Oil,,,0.0
Romania,1990,1A2K,ABFLOW014,Coal,,,0.0
Romania,1990,1A2K,ABFLOW014,Natural gas,,,0.0
Romania,1990,1A2K,ABFLOW014,Oil,,,0.0
Romania,1990,1A2L,ABFLOW025,Coal,,,0.0
Romania,1990,1A2L,ABFLOW025,Natural gas,,,0.0
Romania,1990,1A2L,ABFLOW025,Oil,,,0.0
Romania,1990,1A2M,ABFLOW026,Coal,,,0.0
Romania,1990,1A2M,ABFLOW026,Natural gas,,,0.0
Romania,1990,1A2M,ABFLOW026,Oil,,,0.0
Romania,1990,1A3,ABFLOW027,Coal,,,0.0
Romania,1990,1A3,ABFLOW027,Natural gas,,,0.0
Romania,1990,1A3,ABFLOW027,Oil,,,0.0
Romania,1990,1A3A1,ABFLOW040,Coal,,,0.0
Romania,1990,1A3A1,ABFLOW040,Natural gas,,,0.0
Romania,1990,1A3A1,ABFLOW040,Oil,,,0.0
Romania,1990,1A3A2,ABFLOW029,Coal,,,0.0
Romania,1990,1A3A2,ABFLOW029,Natural gas,,,0.0
Romania,1990,1A3A2,ABFLOW029,Oil,,,0.0
Romania,1990,1A3B,ABFLOW028,Coal,,,0.0
Romania,1990,1A3B,ABFLOW028,Natural gas,,,0.0
Romania,1990,1A3B,ABFLOW028,Oil,,,0.0
Romania,1990,1A3C,ABFLOW030,Coal,,,0.0
Romania,1990,1A3C,ABFLOW030,Natural gas,,,0.0
Romania,1990,1A3C,ABFLOW030,Oil,,,0.0
Romania,1990,1A3D1,ABFLOW039,Coal,,,0.0
Romania,1990,1A3D1,ABFLOW039,Natural gas,,,0.0
Romania,1990,1A3D1,ABFLOW039,Oil,,,0.0
Romania,1990,1A3D2,ABFLOW032,Coal,,,0.0
Romania,1990,1A3D2,ABFLOW032,Natural gas,,,0.0
Romania,1990,1A3D2,ABFLOW032,Oil,,,0.0
Romania,1990,1A3E1,ABFLOW033,Coal,,,0.0
Romania,1990,1A3E1,ABFLOW033,Natural gas,,,0.0
Romania,1990,1A3E1,ABFLOW033,Oil,,,0.0
Romania,1990,1A4A,ABFLOW035,Coal,,,0.0
Romania,1990,1A4A,ABFLOW035,Natural gas,,,0.0
Romania,1990,1A4A,ABFLOW035,Oil,,,0.0
Romania,1990,1A4B,ABFLOW034,Coal,,,0.0
Romania,1990,1A4B,ABFLOW034,Natural gas,,,0.0
Romania,1990,1A4B,ABFLOW034,Oil,,,0.0
Romania,1990,1A4C1,ABFLOW036,Coal,,,0.0
Romania,1990,1A4C1,ABFLOW036,Natural gas,,,0.0
Romania,1990,1A4C1,ABFLOW036,Oil,,,0.0
Romania,1990,1A4C2,ABFLOW037,Coal,,,0.0
Romania,1990,1A4C2,ABFLOW037,Natural gas,,,0.0
Romania,1990,1A4C2,ABFLOW037,Oil,,,0.0
Romania,1990,1A5,ABFLOW038,Coal,,,0.0
Romania,1990,1A5,ABFLOW038,Natural gas,,,0.0
Romania,1990,1A5,ABFLOW038,Oil,,,0.0
Romania,1991,1A,ABFLOW001,Coal,,,0.0
Romania,1991,1A,ABFLOW001,Natural gas,,,0.0
Romania,1991,1A,ABFLOW001,Oil,,,0.0
Romania,1991,1A1A,ABFLOW002,Coal,,,0.0
Romania,1991,1A1A,ABFLOW002,Natural gas,,,0.0
Romania,1991,1A1A,ABFLOW002,Oil,,,0.0
Romania,1991,1A1A1,ABFLOW003,Coal,,,0.0
Romania,1991,1A1A1,ABFLOW003,Natural gas,,,0.0
Romania,1991,1A1A1,ABFLOW003,Oil,,,0.0
Romania,1991,1A1A2,ABFLOW004,Coal,,,0.0
Romania,1991,1A1A2,ABFLOW004,Natural gas,,,0.0
Romania,1991,1A1A2,ABFLOW004,Oil,,,0.0
Romania,1991,1A1A3,ABFLOW005,Coal,,,0.0
Romania,1991,1A1A3,ABFLOW005,Natural gas,,,0.0
Romania,1991,1A1A3,ABFLOW005,Oil,,,0.0
Romania,1991,1A1B,ABFLOW011,Coal,,,0.0
Romania,1991,1A1B,ABFLOW011,Natural gas,,,0.0
Romania,1991,1A1B,ABFLOW011,Oil,,,0.0
Romania,1991,1A1C,ABFLOW011,Coal,,,0.0
Romania,1991,1A1C,ABFLOW011,Natural gas,,,0.0
Romania,1991,1A1C,ABFLOW011,Oil,,,0.0
Romania,1991,1A2,ABFLOW012,Coal,,,0.0
Romania,1991,1A2,ABFLOW012,Natural gas,,,0.0
Romania,1991,1A2,ABFLOW012,Oil,,,0.0
Romania,1991,1A2A,ABFLOW016,Coal,,,0.0
Romania,1991,1A2A,ABFLOW016,Natural gas,,,0.0
Romania,1991,1A2A,ABFLOW016,Oil,,,0.0
Romania,1991,1A2B,ABFLOW018,Coal,,,0.0
Romania,1991,1A2B,ABFLOW018,Natural gas,,,0.0
Romania,1991,1A2B,ABFLOW018,Oil,,,0.0
Romania,1991,1A2C,ABFLOW017,Coal,,,0.0
Romania,1991,1A2C,ABFLOW017,Natural gas,,,0.0
Romania,1991,1A2C,ABFLOW017,Oil,,,0.0
Romania,1991,1A2D,ABFLOW023,Coal,,,0.0
Romania,1991,1A2D,ABFLOW023,Natural gas,,,0.0
Romania,1991,1A2D,ABFLOW023,Oil,,,0.0
Romania,1991,1A2E,ABFLOW022,Coal,,,0.0
Romania,1991,1A2E,ABFLOW022,Natural gas,,,0.0
Romania,1991,1A2E,ABFLOW022,Oil,,,0.0
Romania,1991,1A2F,ABFLOW019,Coal,,,0.0
Romania,1991,1A2F,ABFLOW019,Natural gas,,,0.0
Romania,1991,1A2F,ABFLOW019,Oil,,,0.0
Romania,1991,1A2G,ABFLOW020,Coal,,,0.0
Romania,1991,1A2G,ABFLOW020,Natural gas,,,0.0
Romania,1991,1A2G,ABFLOW020,Oil,,,0.0
Romania,1991,1A2H,ABFLOW021,Coal,,,0.0
Romania,1991,1A2H,ABFLOW021,Natural gas,,,0.0
Romania,1991,1A2H,ABFLOW021,Oil,,,0.0
Romania,1991,1A2I,ABFLOW013,Coal,,,0.0
Romania,1991,1A2I,ABFLOW013,Natural gas,,,0.0
Romania,1991,1A2I,ABFLOW013,Oil,,,0.0
Romania,1991,1A2J,ABFLOW024,Coal,,,0.0
Romania,1991,1A2J,ABFLOW024,Natural gas,,,0.0
Romania,1991,1A2J,ABFLOW024,Oil,,,0.0
Romania,1991,1A2K,ABFLOW014,Coal,,,0.0
Romania,1991,1A2K,ABFLOW014,Natural gas,,,0.0
Romania,1991,1A2K,ABFLOW014,Oil,,,0.0
Romania,1991,1A2L,ABFLOW025,Coal,,,0.0
Romania,1991,1A2L,ABFLOW025,Natural gas,,,0.0
Romania,1991,1A2L,ABFLOW025,Oil,,,0.0
Romania,1991,1A2M,ABFLOW026,Coal,,,0.0
Romania,1991,1A2M,ABFLOW026,Natural gas,,,0.0
Romania,1991,1A2M,ABFLOW026,Oil,,,0.0
Romania,1991,1A3,ABFLOW027,Coal,,,0.0
Romania,1991,1A3,ABFLOW027,Natural gas,,,0.0
Romania,1991,1A3,ABFLOW027,Oil,,,0.0
Romania,1991,1A3A1,ABFLOW040,Coal,,,0.0
Romania,1991,1A3A1,ABFLOW040,Natural gas,,,0.0
Romania,1991,1A3A1,ABFLOW040,Oil,,,0.0
Romania,1991,1A3A2,ABFLOW029,Coal,,,0.0
Romania,1991,1A3A2,ABFLOW029,Natural gas,,,0.0
Romania,1991,1A3A2,ABFLOW029,Oil,,,0.0
Romania,1991,1A3B,ABFLOW028,Coal,,,0.0
Romania,1991,1A3B,ABFLOW028,Natural gas,,,0.0
Romania,1991,1A3B,ABFLOW028,Oil,,,0.0
Romania,1991,1A3C,ABFLOW030,Coal,,,0.0
Romania,1991,1A3C,ABFLOW030,Natural gas,,,0.0
Romania,1991,1A3C,ABFLOW030,Oil,,,0.0
Romania,1991,1A3D1,ABFLOW039,Coal,,,0.0
Romania,1991,1A3D1,ABFLOW039,Natural gas,,,0.0
Romania,1991,1A3D1,ABFLOW039,Oil,,,0.0
Romania,1991,1A3D2,ABFLOW032,Coal,,,0.0
Romania,1991,1A3D2,ABFLOW032,Natural gas,,,0.0
Romania,1991,1A3D2,ABFLOW032,Oil,,,0.0
Romania,1991,1A3E1,ABFLOW033,Coal,,,0.0
Romania,1991,1A3E1,ABFLOW033,Natural gas,,,0.0
Romania,1991,1A3E1,ABFLOW033,Oil,,,0.0
Romania,1991,1A4A,ABFLOW035,Coal,,,0.0
Romania,1991,1A4A,ABFLOW035,Natural gas,,,0.0
Romania,1991,1A4A,ABFLOW035,Oil,,,0.0
Romania,1991,1A4B,ABFLOW034,Coal,,,0.0
Romania,1991,1A4B,ABFLOW034,Natural gas,,,0.0
Romania,1991,1A4B,ABFLOW034,Oil,,,0.0
Romania,1991,1A4C1,ABFLOW036,Coal,,,0.0
Romania,1991,1A4C1,ABFLOW036,Natural gas,,,0.0
Romania,1991,1A4C1,ABFLOW036,Oil,,,0.0
Romania,1991,1A4C2,ABFLOW037,Coal,,,0.0
Romania,1991,1A4C2,ABFLOW037,Natural gas,,,0.0
Romania,1991,1A4C2,ABFLOW037,Oil,,,0.0
Romania,1991,1A5,ABFLOW038,Coal,,,0.0
Romania,1991,1A5,ABFLOW038,Natural gas,,,0.0
Romania,1991,1A5,ABFLOW038,Oil,,,0.0
Romania,1992,1A,ABFLOW001,Coal,,,0.0
Romania,1992,1A,ABFLOW001,Natural gas,,,0.0
Romania,1992,1A,ABFLOW001,Oil,,,0.0
Romania,1992,1A1A,ABFLOW002,Coal,,,0.0
Romania,1992,1A1A,ABFLOW002,Natural gas,,,0.0
Romania,1992,1A1A,ABFLOW002,Oil,,,0.0
Romania,1992,1A1A1,ABFLOW003,Coal,,,0.0
Romania,1992,1A1A1,ABFLOW003,Natural gas,,,0.0
Romania,1992,1A1A1,ABFLOW003,Oil,,,0.0
Romania,1992,1A1A2,ABFLOW004,Coal,,,0.0
Romania,1992,1A1A2,ABFLOW004,Natural gas,,,0.0
Romania,1992,1A1A2,ABFLOW004,Oil,,,0.0
Romania,1992,1A1A3,ABFLOW005,Coal,,,0.0
Romania,1992,1A1A3,ABFLOW005,Natural gas,,,0.0
Romania,1992,1A1A3,ABFLOW005,Oil,,,0.0
Romania,1992,1A1B,ABFLOW011,Coal,,,0.0
Romania,1992,1A1B,ABFLOW011,Natural gas,,,0.0
Romania,1992,1A1B,ABFLOW011,Oil,,,0.0
Romania,1992,1A1C,ABFLOW011,Coal,,,0.0
Romania,1992,1A1C,ABFLOW011,Natural gas,,,0.0
Romania,1992,1A1C,ABFLOW011,Oil,,,0.0
Romania,1992,1A2,ABFLOW012,Coal,,,0.0
Romania,1992,1A2,ABFLOW012,Natural gas,,,0.0
Romania,1992,1A2,ABFLOW012,Oil,,,0.0
Romania,1992,1A2A,ABFLOW016,Coal,,,0.0
Romania,1992,1A2A,ABFLOW016,Natural gas,,,0.0
Romania,1992,1A2A,ABFLOW016,Oil,,,0.0
Romania,1992,1A2B,ABFLOW018,Coal,,,0.0
Romania,1992,1A2B,ABFLOW018,Natural gas,,,0.0
Romania,1992,1A2B,ABFLOW018,Oil,,,0.0
Romania,1992,1A2C,ABFLOW017,Coal,,,0.0
Romania,1992,1A2C,ABFLOW017,Natural gas,,,0.0
Romania,1992,1A2C,ABFLOW017,Oil,,,0.0
Romania,1992,1A2D,ABFLOW023,Coal,,,0.0
Romania,1992,1A2D,ABFLOW023,Natural gas,,,0.0
Romania,1992,1A2D,ABFLOW023,Oil,,,0.0
Romania,1992,1A2E,ABFLOW022,Coal,,,0.0
Romania,1992,1A2E,ABFLOW022,Natural gas,,,0.0
Romania,1992,1A2E,ABFLOW022,Oil,,,0.0
Romania,1992,1A2F,ABFLOW019,Coal,,,0.0
Romania,1992,1A2F,ABFLOW019,Natural gas,,,0.0
Romania,1992,1A2F,ABFLOW019,Oil,,,0.0
Romania,1992,1A2G,ABFLOW020,Coal,,,0.0
Romania,1992,1A2G,ABFLOW020,Natural gas,,,0.0
Romania,1992,1A2G,ABFLOW020,Oil,,,0.0
Romania,1992,1A2H,ABFLOW021,Coal,,,0.0
Romania,1992,1A2H,ABFLOW021,Natural gas,,,0.0
Romania,1992,1A2H,ABFLOW021,Oil,,,0.0
Romania,1992,1A2I,ABFLOW013,Coal,,,0.0
Romania,1992,1A2I,ABFLOW013,Natural gas,,,0.0
Romania,1992,1A2I,ABFLOW013,Oil,,,0.0
Romania,1992,1A2J,ABFLOW024,Coal,,,0.0
Romania,1992,1A2J,ABFLOW024,Natural gas,,,0.0
Romania,1992,1A2J,ABFLOW024,Oil,,,0.0
Romania,1992,1A2K,ABFLOW014,Coal,,,0.0
Romania,1992,1A2K,ABFLOW014,Natural gas,,,0.0
Romania,1992,1A2K,ABFLOW014,Oil,,,0.0
Romania,1992,1A2L,ABFLOW025,Coal,,,0.0
Romania,1992,1A2L,ABFLOW025,Natural gas,,,0.0
Romania,1992,1A2L,ABFLOW025,Oil,,,0.0
Romania,1992,1A2M,ABFLOW026,Coal,,,0.0
Romania,1992,1A2M,ABFLOW026,Natural gas,,,0.0
Romania,1992,1A2M,ABFLOW026,Oil,,,0.0
Romania,1992,1A3,ABFLOW027,Coal,,,0.0
Romania,1992,1A3,ABFLOW027,Natural gas,,,0.0
Romania,1992,1A3,ABFLOW027,Oil,,,0.0
Romania,1992,1A3A1,ABFLOW040,Coal,,,0.0
Romania,1992,1A3A1,ABFLOW040,Natural gas,,,0.0
Romania,1992,1A3A1,ABFLOW040,Oil,,,0.0
Romania,1992,1A3A2,ABFLOW029,Coal,,,0.0
Romania,1992,1A3A2,ABFLOW029,Natural gas,,,0.0
Romania,1992,1A3A2,ABFLOW029,Oil,,,0.0
Romania,1992,1A3B,ABFLOW028,Coal,,,0.0
Romania,1992,1A3B,ABFLOW028,Natural gas,,,0.0
Romania,1992,1A3B,ABFLOW028,Oil,,,0.0
Romania,1992,1A3C,ABFLOW030,Coal,,,0.0
Romania,1992,1A3C,ABFLOW030,Natural gas,,,0.0
Romania,1992,1A3C,ABFLOW030,Oil,,,0.0
Romania,1992,1A3D1,ABFLOW039,Coal,,,0.0
Romania,1992,1A3D1,ABFLOW039,Natural gas,,,0.0
Romania,1992,1A3D1,ABFLOW039,Oil,,,0.0
Romania,1992,1A3D2,ABFLOW032,Coal,,,0.0
Romania,1992,1A3D2,ABFLOW032,Natural gas,,,0.0
Romania,1992,1A3D2,ABFLOW032,Oil,,,0.0
Romania,1992,1A3E1,ABFLOW033,Coal,,,0.0
Romania,1992,1A3E1,ABFLOW033,Natural gas,,,0.0
Romania,1992,1A3E1,ABFLOW033,Oil,,,0.0
Romania,1992,1A4A,ABFLOW035,Coal,,,0.0
Romania,1992,1A4A,ABFLOW035,Natural gas,,,0.0
Romania,1992,1A4A,ABFLOW035,Oil,,,0.0
Romania,1992,1A4B,ABFLOW034,Coal,,,0.0
Romania,1992,1A4B,ABFLOW034,Natural gas,,,0.0
Romania,1992,1A4B,ABFLOW034,Oil,,,0.0
Romania,1992,1A4C1,ABFLOW036,Coal,,,0.0
Romania,1992,1A4C1,ABFLOW036,Natural gas,,,0.0
Romania,1992,1A4C1,ABFLOW036,Oil,,,0.0
Romania,1992,1A4C2,ABFLOW037,Coal,,,0.0
Romania,1992,1A4C2,ABFLOW037,Natural gas,,,0.0
Romania,1992,1A4C2,ABFLOW037,Oil,,,0.0
Romania,1992,1A5,ABFLOW038,Coal,,,0.0
Romania,1992,1A5,ABFLOW038,Natural gas,,,0.0
Romania,1992,1A5,ABFLOW038,Oil,,,0.0
Romania,1993,1A,ABFLOW001,Coal,,,0.0
Romania,1993,1A,ABFLOW001,Natural gas,,,0.0
Romania,1993,1A,ABFLOW001,Oil,,,0.0
Romania,1993,1A1A,ABFLOW002,Coal,,,0.0
Romania,1993,1A1A,ABFLOW002,Natural gas,,,0.0
Romania,1993,1A1A,ABFLOW002,Oil,,,0.0
Romania,1993,1A1A1,ABFLOW003,Coal,,,0.0
Romania,1993,1A1A1,ABFLOW003,Natural gas,,,0.0
Romania,1993,1A1A1,ABFLOW003,Oil,,,0.0
Romania,1993,1A1A2,ABFLOW004,Coal,,,0.0
Romania,1993,1A1A2,ABFLOW004,Natural gas,,,0.0
Romania,1993,1A1A2,ABFLOW004,Oil,,,0.0
Romania,1993,1A1A3,ABFLOW005,Coal,,,0.0
Romania,1993,1A1A3,ABFLOW005,Natural gas,,,0.0
Romania,1993,1A1A3,ABFLOW005,Oil,,,0.0
Romania,1993,1A1B,ABFLOW011,Coal,,,0.0
Romania,1993,1A1B,ABFLOW011,Natural gas,,,0.0
Romania,1993,1A1B,ABFLOW011,Oil,,,0.0
Romania,1993,1A1C,ABFLOW011,Coal,,,0.0
Romania,1993,1A1C,ABFLOW011,Natural gas,,,0.0
Romania,1993,1A1C,ABFLOW011,Oil,,,0.0
Romania,1993,1A2,ABFLOW012,Coal,,,0.0
Romania,1993,1A2,ABFLOW012,Natural gas,,,0.0
Romania,1993,1A2,ABFLOW012,Oil,,,0.0
Romania,1993,1A2A,ABFLOW016,Coal,,,0.0
Romania,1993,1A2A,ABFLOW016,Natural gas,,,0.0
Romania,1993,1A2A,ABFLOW016,Oil,,,0.0
Romania,1993,1A2B,ABFLOW018,Coal,,,0.0
Romania,1993,1A2B,ABFLOW018,Natural gas,,,0.0
Romania,1993,1A2B,ABFLOW018,Oil,,,0.0
Romania,1993,1A2C,ABFLOW017,Coal,,,0.0
Romania,1993,1A2C,ABFLOW017,Natural gas,,,0.0
Romania,1993,1A2C,ABFLOW017,Oil,,,0.0
Romania,1993,1A2D,ABFLOW023,Coal,,,0.0
Romania,1993,1A2D,ABFLOW023,Natural gas,,,0.0
Romania,1993,1A2D,ABFLOW023,Oil,,,0.0
Romania,1993,1A2E,ABFLOW022,Coal,,,0.0
Romania,1993,1A2E,ABFLOW022,Natural gas,,,0.0
Romania,1993,1A2E,ABFLOW022,Oil,,,0.0
Romania,1993,1A2F,ABFLOW019,Coal,,,0.0
Romania,1993,1A2F,ABFLOW019,Natural gas,,,0.0
Romania,1993,1A2F,ABFLOW019,Oil,,,0.0
Romania,1993,1A2G,ABFLOW020,Coal,,,0.0
Romania,1993,1A2G,ABFLOW020,Natural gas,,,0.0
Romania,1993,1A2G,ABFLOW020,Oil,,,0.0
Romania,1993,1A2H,ABFLOW021,Coal,,,0.0
Romania,1993,1A2H,ABFLOW021,Natural gas,,,0.0
Romania,1993,1A2H,ABFLOW021,Oil,,,0.0
Romania,1993,1A2I,ABFLOW013,Coal,,,0.0
Romania,1993,1A2I,ABFLOW013,Natural gas,,,0.0
Romania,1993,1A2I,ABFLOW013,Oil,,,0.0
Romania,1993,1A2J,ABFLOW024,Coal,,,0.0
Romania,1993,1A2J,ABFLOW024,Natural gas,,,0.0
Romania,1993,1A2J,ABFLOW024,Oil,,,0.0
Romania,1993,1A2K,ABFLOW014,Coal,,,0.0
Romania,1993,1A2K,ABFLOW014,Natural gas,,,0.0
Romania,1993,1A2K,ABFLOW014,Oil,,,0.0
Romania,1993,1A2L,ABFLOW025,Coal,,,0.0
Romania,1993,1A2L,ABFLOW025,Natural gas,,,0.0
Romania,1993,1A2L,ABFLOW025,Oil,,,0.0
Romania,1993,1A2M,ABFLOW026,Coal,,,0.0
Romania,1993,1A2M,ABFLOW026,Natural gas,,,0.0
Romania,1993,1A2M,ABFLOW026,Oil,,,0.0
Romania,1993,1A3,ABFLOW027,Coal,,,0.0
Romania,1993,1A3,ABFLOW027,Natural gas,,,0.0
Romania,1993,1A3,ABFLOW027,Oil,,,0.0
Romania,1993,1A3A1,ABFLOW040,Coal,,,0.0
Romania,1993,1A3A1,ABFLOW040,Natural gas,,,0.0
Romania,1993,1A3A1,ABFLOW040,Oil,,,0.0
Romania,1993,1A3A2,ABFLOW029,Coal,,,0.0
Romania,1993,1A3A2,ABFLOW029,Natural gas,,,0.0
Romania,1993,1A3A2,ABFLOW029,Oil,,,0.0
Romania,1993,1A3B,ABFLOW028,Coal,,,0.0
Romania,1993,1A3B,ABFLOW028,Natural gas,,,0.0
Romania,1993,1A3B,ABFLOW028,Oil,,,0.0
Romania,1993,1A3C,ABFLOW030,Coal,,,0.0
Romania,1993,1A3C,ABFLOW030,Natural gas,,,0.0
Romania,1993,1A3C,ABFLOW030,Oil,,,0.0
Romania,1993,1A3D1,ABFLOW039,Coal,,,0.0
Romania,1993,1A3D1,ABFLOW039,Natural gas,,,0.0
Romania,1993,1A3D1,ABFLOW039,Oil,,,0.0
Romania,1993,1A3D2,ABFLOW032,Coal,,,0.0
Romania,1993,1A3D2,ABFLOW032,Natural gas,,,0.0
Romania,1993,1A3D2,ABFLOW032,Oil,,,0.0
Romania,1993,1A3E1,ABFLOW033,Coal,,,0.0
Romania,1993,1A3E1,ABFLOW033,Natural gas,,,0.0
Romania,1993,1A3E1,ABFLOW033,Oil,,,0.0
Romania,1993,1A4A,ABFLOW035,Coal,,,0.0
Romania,1993,1A4A,ABFLOW035,Natural gas,,,0.0
Romania,1993,1A4A,ABFLOW035,Oil,,,0.0
Romania,1993,1A4B,ABFLOW034,Coal,,,0.0
Romania,1993,1A4B,ABFLOW034,Natural gas,,,0.0
Romania,1993,1A4B,ABFLOW034,Oil,,,0.0
Romania,1993,1A4C1,ABFLOW036,Coal,,,0.0
Romania,1993,1A4C1,ABFLOW036,Natural gas,,,0.0
Romania,1993,1A4C1,ABFLOW036,Oil,,,0.0
Romania,1993,1A4C2,ABFLOW037,Coal,,,0.0
Romania,1993,1A4C2,ABFLOW037,Natural gas,,,0.0
Romania,1993,1A4C2,ABFLOW037,Oil,,,0.0
Romania,1993,1A5,ABFLOW038,Coal,,,0.0
Romania,1993,1A5,ABFLOW038,Natural gas,,,0.0
Romania,1993,1A5,ABFLOW038,Oil,,,0.0
Romania,1994,1A,ABFLOW001,Coal,,,0.0
Romania,1994,1A,ABFLOW001,Natural gas,,,0.0
Romania,1994,1A,ABFLOW001,Oil,,,0.0
Romania,1994,1A1A,ABFLOW002,Coal,,,0.0
Romania,1994,1A1A,ABFLOW002,Natural gas,,,0.0
Romania,1994,1A1A,ABFLOW002,Oil,,,0.0
Romania,1994,1A1A1,ABFLOW003,Coal,,,0.0
Romania,1994,1A1A1,ABFLOW003,Natural gas,,,0.0
Romania,1994,1A1A1,ABFLOW003,Oil,,,0.0
Romania,1994,1A1A2,ABFLOW004,Coal,,,0.0
Romania,1994,1A1A2,ABFLOW004,Natural gas,,,0.0
Romania,1994,1A1A2,ABFLOW004,Oil,,,0.0
Romania,1994,1A1A3,ABFLOW005,Coal,,,0.0
Romania,1994,1A1A3,ABFLOW005,Natural gas,,,0.0
Romania,1994,1A1A3,ABFLOW005,Oil,,,0.0
Romania,1994,1A1B,ABFLOW011,Coal,,,0.0
Romania,1994,1A1B,ABFLOW011,Natural gas,,,0.0
Romania,1994,1A1B,ABFLOW011,Oil,,,0.0
Romania,1994,1A1C,ABFLOW011,Coal,,,0.0
Romania,1994,1A1C,ABFLOW011,Natural gas,,,0.0
Romania,1994,1A1C,ABFLOW011,Oil,,,0.0
Romania,1994,1A2,ABFLOW012,Coal,,,0.0
Romania,1994,1A2,ABFLOW012,Natural gas,,,0.0
Romania,1994,1A2,ABFLOW012,Oil,,,0.0
Romania,1994,1A2A,ABFLOW016,Coal,,,0.0
Romania,1994,1A2A,ABFLOW016,Natural gas,,,0.0
Romania,1994,1A2A,ABFLOW016,Oil,,,0.0
Romania,1994,1A2B,ABFLOW018,Coal,,,0.0
Romania,1994,1A2B,ABFLOW018,Natural gas,,,0.0
Romania,1994,1A2B,ABFLOW018,Oil,,,0.0
Romania,1994,1A2C,ABFLOW017,Coal,,,0.0
Romania,1994,1A2C,ABFLOW017,Natural gas,,,0.0
Romania,1994,1A2C,ABFLOW017,Oil,,,0.0
Romania,1994,1A2D,ABFLOW023,Coal,,,0.0
Romania,1994,1A2D,ABFLOW023,Natural gas,,,0.0
Romania,1994,1A2D,ABFLOW023,Oil,,,0.0
Romania,1994,1A2E,ABFLOW022,Coal,,,0.0
Romania,1994,1A2E,ABFLOW022,Natural gas,,,0.0
Romania,1994,1A2E,ABFLOW022,Oil,,,0.0
Romania,1994,1A2F,ABFLOW019,Coal,,,0.0
Romania,1994,1A2F,ABFLOW019,Natural gas,,,0.0
Romania,1994,1A2F,ABFLOW019,Oil,,,0.0
Romania,1994,1A2G,ABFLOW020,Coal,,,0.0
Romania,1994,1A2G,ABFLOW020,Natural gas,,,0.0
Romania,1994,1A2G,ABFLOW020,Oil,,,0.0
Romania,1994,1A2H,ABFLOW021,Coal,,,0.0
Romania,1994,1A2H,ABFLOW021,Natural gas,,,0.0
Romania,1994,1A2H,ABFLOW021,Oil,,,0.0
Romania,1994,1A2I,ABFLOW013,Coal,,,0.0
Romania,1994,1A2I,ABFLOW013,Natural gas,,,0.0
Romania,1994,1A2I,ABFLOW013,Oil,,,0.0
Romania,1994,1A2J,ABFLOW024,Coal,,,0.0
Romania,1994,1A2J,ABFLOW024,Natural gas,,,0.0
Romania,1994,1A2J,ABFLOW024,Oil,,,0.0
Romania,1994,1A2K,ABFLOW014,Coal,,,0.0
Romania,1994,1A2K,ABFLOW014,Natural gas,,,0.0
Romania,1994,1A2K,ABFLOW014,Oil,,,0.0
Romania,1994,1A2L,ABFLOW025,Coal,,,0.0
Romania,1994,1A2L,ABFLOW025,Natural gas,,,0.0
Romania,1994,1A2L,ABFLOW025,Oil,,,0.0
Romania,1994,1A2M,ABFLOW026,Coal,,,0.0
Romania,1994,1A2M,ABFLOW026,Natural gas,,,0.0
Romania,1994,1A2M,ABFLOW026,Oil,,,0.0
Romania,1994,1A3,ABFLOW027,Coal,,,0.0
Romania,1994,1A3,ABFLOW027,Natural gas,,,0.0
Romania,1994,1A3,ABFLOW027,Oil,,,0.0
Romania,1994,1A3A1,ABFLOW040,Coal,,,0.0
Romania,1994,1A3A1,ABFLOW040,Natural gas,,,0.0
Romania,1994,1A3A1,ABFLOW040,Oil,,,0.0
Romania,1994,1A3A2,ABFLOW029,Coal,,,0.0
Romania,1994,1A3A2,ABFLOW029,Natural gas,,,0.0
Romania,1994,1A3A2,ABFLOW029,Oil,,,0.0
Romania,1994,1A3B,ABFLOW028,Coal,,,0.0
Romania,1994,1A3B,ABFLOW028,Natural gas,,,0.0
Romania,1994,1A3B,ABFLOW028,Oil,,,0.0
Romania,1994,1A3C,ABFLOW030,Coal,,,0.0
Romania,1994,1A3C,ABFLOW030,Natural gas,,,0.0
Romania,1994,1A3C,ABFLOW030,Oil,,,0.0
Romania,1994,1A3D1,ABFLOW039,Coal,,,0.0
Romania,1994,1A3D1,ABFLOW039,Natural gas,,,0.0
Romania,1994,1A3D1,ABFLOW039,Oil,,,0.0
Romania,1994,1A3D2,ABFLOW032,Coal,,,0.0
Romania,1994,1A3D2,ABFLOW032,Natural gas,,,0.0
Romania,1994,1A3D2,ABFLOW032,Oil,,,0.0
Romania,1994,1A3E1,ABFLOW033,Coal,,,0.0
Romania,1994,1A3E1,ABFLOW033,Natural gas,,,0.0
Romania,1994,1A3E1,ABFLOW033,Oil,,,0.0
Romania,1994,1A4A,ABFLOW035,Coal,,,0.0
Romania,1994,1A4A,ABFLOW035,Natural gas,,,0.0
Romania,1994,1A4A,ABFLOW035,Oil,,,0.0
Romania,1994,1A4B,ABFLOW034,Coal,,,0.0
Romania,1994,1A4B,ABFLOW034,Natural gas,,,0.0
Romania,1994,1A4B,ABFLOW034,Oil,,,0.0
Romania,1994,1A4C1,ABFLOW036,Coal,,,0.0
Romania,1994,1A4C1,ABFLOW036,Natural gas,,,0.0
Romania,1994,1A4C1,ABFLOW036,Oil,,,0.0
Romania,1994,1A4C2,ABFLOW037,Coal,,,0.0
Romania,1994,1A4C2,ABFLOW037,Natural gas,,,0.0
Romania,1994,1A4C2,ABFLOW037,Oil,,,0.0
Romania,1994,1A5,ABFLOW038,Coal,,,0.0
Romania,1994,1A5,ABFLOW038,Natural gas,,,0.0
Romania,1994,1A5,ABFLOW038,Oil,,,0.0
Romania,1995,1A,ABFLOW001,Coal,,,0.0
Romania,1995,1A,ABFLOW001,Natural gas,,,0.0
Romania,1995,1A,ABFLOW001,Oil,,,0.0
Romania,1995,1A1A,ABFLOW002,Coal,,,0.0
Romania,1995,1A1A,ABFLOW002,Natural gas,,,0.0
Romania,1995,1A1A,ABFLOW002,Oil,,,0.0
Romania,1995,1A1A1,ABFLOW003,Coal,,,0.0
Romania,1995,1A1A1,ABFLOW003,Natural gas,,,0.0
Romania,1995,1A1A1,ABFLOW003,Oil,,,0.0
Romania,1995,1A1A2,ABFLOW004,Coal,,,0.0
Romania,1995,1A1A2,ABFLOW004,Natural gas,,,0.0
Romania,1995,1A1A2,ABFLOW004,Oil,,,0.0
Romania,1995,1A1A3,ABFLOW005,Coal,,,0.0
Romania,1995,1A1A3,ABFLOW005,Natural gas,,,0.0
Romania,1995,1A1A3,ABFLOW005,Oil,,,0.0
Romania,1995,1A1B,ABFLOW011,Coal,,,0.0
Romania,1995,1A1B,ABFLOW011,Natural gas,,,0.0
Romania,1995,1A1B,ABFLOW011,Oil,,,0.0
Romania,1995,1A1C,ABFLOW011,Coal,,,0.0
Romania,1995,1A1C,ABFLOW011,Natural gas,,,0.0
Romania,1995,1A1C,ABFLOW011,Oil,,,0.0
Romania,1995,1A2,ABFLOW012,Coal,,,0.0
Romania,1995,1A2,ABFLOW012,Natural gas,,,0.0
Romania,1995,1A2,ABFLOW012,Oil,,,0.0
Romania,1995,1A2A,ABFLOW016,Coal,,,0.0
Romania,1995,1A2A,ABFLOW016,Natural gas,,,0.0
Romania,1995,1A2A,ABFLOW016,Oil,,,0.0
Romania,1995,1A2B,ABFLOW018,Coal,,,0.0
Romania,1995,1A2B,ABFLOW018,Natural gas,,,0.0
Romania,1995,1A2B,ABFLOW018,Oil,,,0.0
Romania,1995,1A2C,ABFLOW017,Coal,,,0.0
Romania,1995,1A2C,ABFLOW017,Natural gas,,,0.0
Romania,1995,1A2C,ABFLOW017,Oil,,,0.0
Romania,1995,1A2D,ABFLOW023,Coal,,,0.0
Romania,1995,1A2D,ABFLOW023,Natural gas,,,0.0
Romania,1995,1A2D,ABFLOW023,Oil,,,0.0
Romania,1995,1A2E,ABFLOW022,Coal,,,0.0
Romania,1995,1A2E,ABFLOW022,Natural gas,,,0.0
Romania,1995,1A2E,ABFLOW022,Oil,,,0.0
Romania,1995,1A2F,ABFLOW019,Coal,,,0.0
Romania,1995,1A2F,ABFLOW019,Natural gas,,,0.0
Romania,1995,1A2F,ABFLOW019,Oil,,,0.0
Romania,1995,1A2G,ABFLOW020,Coal,,,0.0
Romania,1995,1A2G,ABFLOW020,Natural gas,,,0.0
Romania,1995,1A2G,ABFLOW020,Oil,,,0.0
Romania,1995,1A2H,ABFLOW021,Coal,,,0.0
Romania,1995,1A2H,ABFLOW021,Natural gas,,,0.0
Romania,1995,1A2H,ABFLOW021,Oil,,,0.0
Romania,1995,1A2I,ABFLOW013,Coal,,,0.0
Romania,1995,1A2I,ABFLOW013,Natural gas,,,0.0
Romania,1995,1A2I,ABFLOW013,Oil,,,0.0
Romania,1995,1A2J,ABFLOW024,Coal,,,0.0
Romania,1995,1A2J,ABFLOW024,Natural gas,,,0.0
Romania,1995,1A2J,ABFLOW024,Oil,,,0.0
Romania,1995,1A2K,ABFLOW014,Coal,,,0.0
Romania,1995,1A2K,ABFLOW014,Natural gas,,,0.0
Romania,1995,1A2K,ABFLOW014,Oil,,,0.0
Romania,1995,1A2L,ABFLOW025,Coal,,,0.0
Romania,1995,1A2L,ABFLOW025,Natural gas,,,0.0
Romania,1995,1A2L,ABFLOW025,Oil,,,0.0
Romania,1995,1A2M,ABFLOW026,Coal,,,0.0
Romania,1995,1A2M,ABFLOW026,Natural gas,,,0.0
Romania,1995,1A2M,ABFLOW026,Oil,,,0.0
Romania,1995,1A3,ABFLOW027,Coal,,,0.0
Romania,1995,1A3,ABFLOW027,Natural gas,,,0.0
Romania,1995,1A3,ABFLOW027,Oil,,,0.0
Romania,1995,1A3A1,ABFLOW040,Coal,,,0.0
Romania,1995,1A3A1,ABFLOW040,Natural gas,,,0.0
Romania,1995,1A3A1,ABFLOW040,Oil,,,0.0
Romania,1995,1A3A2,ABFLOW029,Coal,,,0.0
Romania,1995,1A3A2,ABFLOW029,Natural gas,,,0.0
Romania,1995,1A3A2,ABFLOW029,Oil,,,0.0
Romania,1995,1A3B,ABFLOW028,Coal,,,0.0
Romania,1995,1A3B,ABFLOW028,Natural gas,,,0.0
Romania,1995,1A3B,ABFLOW028,Oil,,,0.0
Romania,1995,1A3C,ABFLOW030,Coal,,,0.0
Romania,1995,1A3C,ABFLOW030,Natural gas,,,0.0
Romania,1995,1A3C,ABFLOW030,Oil,,,0.0
Romania,1995,1A3D1,ABFLOW039,Coal,,,0.0
Romania,1995,1A3D1,ABFLOW039,Natural gas,,,0.0
Romania,1995,1A3D1,ABFLOW039,Oil,,,0.0
Romania,1995,1A3D2,ABFLOW032,Coal,,,0.0
Romania,1995,1A3D2,ABFLOW032,Natural gas,,,0.0
Romania,1995,1A3D2,ABFLOW032,Oil,,,0.0
Romania,1995,1A3E1,ABFLOW033,Coal,,,0.0
Romania,1995,1A3E1,ABFLOW033,Natural gas,,,0.0
Romania,1995,1A3E1,ABFLOW033,Oil,,,0.0
Romania,1995,1A4A,ABFLOW035,Coal,,,0.0
Romania,1995,1A4A,ABFLOW035,Natural gas,,,0.0
Romania,1995,1A4A,ABFLOW035,Oil,,,0.0
Romania,1995,1A4B,ABFLOW034,Coal,,,0.0
Romania,1995,1A4B,ABFLOW034,Natural gas,,,0.0
Romania,1995,1A4B,ABFLOW034,Oil,,,0.0
Romania,1995,1A4C1,ABFLOW036,Coal,,,0.0
Romania,1995,1A4C1,ABFLOW036,Natural gas,,,0.0
Romania,1995,1A4C1,ABFLOW036,Oil,,,0.0
Romania,1995,1A4C2,ABFLOW037,Coal,,,0.0
Romania,1995,1A4C2,ABFLOW037,Natural gas,,,0.0
Romania,1995,1A4C2,ABFLOW037,Oil,,,0.0
Romania,1995,1A5,ABFLOW038,Coal,,,0.0
Romania,1995,1A5,ABFLOW038,Natural gas,,,0.0
Romania,1995,1A5,ABFLOW038,Oil,,,0.0
Romania,1996,1A,ABFLOW001,Coal,,,0.0
Romania,1996,1A,ABFLOW001,Natural gas,,,0.0
Romania,1996,1A,ABFLOW001,Oil,,,0.0
Romania,1996,1A1A,ABFLOW002,Coal,,,0.0
Romania,1996,1A1A,ABFLOW002,Natural gas,,,0.0
Romania,1996,1A1A,ABFLOW002,Oil,,,0.0
Romania,1996,1A1A1,ABFLOW003,Coal,,,0.0
Romania,1996,1A1A1,ABFLOW003,Natural gas,,,0.0
Romania,1996,1A1A1,ABFLOW003,Oil,,,0.0
Romania,1996,1A1A2,ABFLOW004,Coal,,,0.0
Romania,1996,1A1A2,ABFLOW004,Natural gas,,,0.0
Romania,1996,1A1A2,ABFLOW004,Oil,,,0.0
Romania,1996,1A1A3,ABFLOW005,Coal,,,0.0
Romania,1996,1A1A3,ABFLOW005,Natural gas,,,0.0
Romania,1996,1A1A3,ABFLOW005,Oil,,,0.0
Romania,1996,1A1B,ABFLOW011,Coal,,,0.0
Romania,1996,1A1B,ABFLOW011,Natural gas,,,0.0
Romania,1996,1A1B,ABFLOW011,Oil,,,0.0
Romania,1996,1A1C,ABFLOW011,Coal,,,0.0
Romania,1996,1A1C,ABFLOW011,Natural gas,,,0.0
Romania,1996,1A1C,ABFLOW011,Oil,,,0.0
Romania,1996,1A2,ABFLOW012,Coal,,,0.0
Romania,1996,1A2,ABFLOW012,Natural gas,,,0.0
Romania,1996,1A2,ABFLOW012,Oil,,,0.0
Romania,1996,1A2A,ABFLOW016,Coal,,,0.0
Romania,1996,1A2A,ABFLOW016,Natural gas,,,0.0
Romania,1996,1A2A,ABFLOW016,Oil,,,0.0
Romania,1996,1A2B,ABFLOW018,Coal,,,0.0
Romania,1996,1A2B,ABFLOW018,Natural gas,,,0.0
Romania,1996,1A2B,ABFLOW018,Oil,,,0.0
Romania,1996,1A2C,ABFLOW017,Coal,,,0.0
Romania,1996,1A2C,ABFLOW017,Natural gas,,,0.0
Romania,1996,1A2C,ABFLOW017,Oil,,,0.0
Romania,1996,1A2D,ABFLOW023,Coal,,,0.0
Romania,1996,1A2D,ABFLOW023,Natural gas,,,0.0
Romania,1996,1A2D,ABFLOW023,Oil,,,0.0
Romania,1996,1A2E,ABFLOW022,Coal,,,0.0
Romania,1996,1A2E,ABFLOW022,Natural gas,,,0.0
Romania,1996,1A2E,ABFLOW022,Oil,,,0.0
Romania,1996,1A2F,ABFLOW019,Coal,,,0.0
Romania,1996,1A2F,ABFLOW019,Natural gas,,,0.0
Romania,1996,1A2F,ABFLOW019,Oil,,,0.0
Romania,1996,1A2G,ABFLOW020,Coal,,,0.0
Romania,1996,1A2G,ABFLOW020,Natural gas,,,0.0
Romania,1996,1A2G,ABFLOW020,Oil,,,0.0
Romania,1996,1A2H,ABFLOW021,Coal,,,0.0
Romania,1996,1A2H,ABFLOW021,Natural gas,,,0.0
Romania,1996,1A2H,ABFLOW021,Oil,,,0.0
Romania,1996,1A2I,ABFLOW013,Coal,,,0.0
Romania,1996,1A2I,ABFLOW013,Natural gas,,,0.0
Romania,1996,1A2I,ABFLOW013,Oil,,,0.0
Romania,1996,1A2J,ABFLOW024,Coal,,,0.0
Romania,1996,1A2J,ABFLOW024,Natural gas,,,0.0
Romania,1996,1A2J,ABFLOW024,Oil,,,0.0
Romania,1996,1A2K,ABFLOW014,Coal,,,0.0
Romania,1996,1A2K,ABFLOW014,Natural gas,,,0.0
Romania,1996,1A2K,ABFLOW014,Oil,,,0.0
Romania,1996,1A2L,ABFLOW025,Coal,,,0.0
Romania,1996,1A2L,ABFLOW025,Natural gas,,,0.0
Romania,1996,1A2L,ABFLOW025,Oil,,,0.0
Romania,1996,1A2M,ABFLOW026,Coal,,,0.0
Romania,1996,1A2M,ABFLOW026,Natural gas,,,0.0
Romania,1996,1A2M,ABFLOW026,Oil,,,0.0
Romania,1996,1A3,ABFLOW027,Coal,,,0.0
Romania,1996,1A3,ABFLOW027,Natural gas,,,0.0
Romania,1996,1A3,ABFLOW027,Oil,,,0.0
Romania,1996,1A3A1,ABFLOW040,Coal,,,0.0
Romania,1996,1A3A1,ABFLOW040,Natural gas,,,0.0
Romania,1996,1A3A1,ABFLOW040,Oil,,,0.0
Romania,1996,1A3A2,ABFLOW029,Coal,,,0.0
Romania,1996,1A3A2,ABFLOW029,Natural gas,,,0.0
Romania,1996,1A3A2,ABFLOW029,Oil,,,0.0
Romania,1996,1A3B,ABFLOW028,Coal,,,0.0
Romania,1996,1A3B,ABFLOW028,Natural gas,,,0.0
Romania,1996,1A3B,ABFLOW028,Oil,,,0.0
Romania,1996,1A3C,ABFLOW030,Coal,,,0.0
Romania,1996,1A3C,ABFLOW030,Natural gas,,,0.0
Romania,1996,1A3C,ABFLOW030,Oil,,,0.0
Romania,1996,1A3D1,ABFLOW039,Coal,,,0.0
Romania,1996,1A3D1,ABFLOW039,Natural gas,,,0.0
Romania,1996,1A3D1,ABFLOW039,Oil,,,0.0
Romania,1996,1A3D2,ABFLOW032,Coal,,,0.0
Romania,1996,1A3D2,ABFLOW032,Natural gas,,,0.0
Romania,1996,1A3D2,ABFLOW032,Oil,,,0.0
Romania,1996,1A3E1,ABFLOW033,Coal,,,0.0
Romania,1996,1A3E1,ABFLOW033,Natural gas,,,0.0
Romania,1996,1A3E1,ABFLOW033,Oil,,,0.0
Romania,1996,1A4A,ABFLOW035,Coal,,,0.0
Romania,1996,1A4A,ABFLOW035,Natural gas,,,0.0
Romania,1996,1A4A,ABFLOW035,Oil,,,0.0
Romania,1996,1A4B,ABFLOW034,Coal,,,0.0
Romania,1996,1A4B,ABFLOW034,Natural gas,,,0.0
Romania,1996,1A4B,ABFLOW034,Oil,,,0.0
Romania,1996,1A4C1,ABFLOW036,Coal,,,0.0
Romania,1996,1A4C1,ABFLOW036,Natural gas,,,0.0
Romania,1996,1A4C1,ABFLOW036,Oil,,,0.0
Romania,1996,1A4C2,ABFLOW037,Coal,,,0.0
Romania,1996,1A4C2,ABFLOW037,Natural gas,,,0.0
Romania,1996,1A4C2,ABFLOW037,Oil,,,0.0
Romania,1996,1A5,ABFLOW038,Coal,,,0.0
Romania,1996,1A5,ABFLOW038,Natural gas,,,0.0
Romania,1996,1A5,ABFLOW038,Oil,,,0.0
Romania,1997,1A,ABFLOW001,Coal,,,0.0
Romania,1997,1A,ABFLOW001,Natural gas,,,0.0
Romania,1997,1A,ABFLOW001,Oil,,,0.0
Romania,1997,1A1A,ABFLOW002,Coal,,,0.0
Romania,1997,1A1A,ABFLOW002,Natural gas,,,0.0
Romania,1997,1A1A,ABFLOW002,Oil,,,0.0
Romania,1997,1A1A1,ABFLOW003,Coal,,,0.0
Romania,1997,1A1A1,ABFLOW003,Natural gas,,,0.0
Romania,1997,1A1A1,ABFLOW003,Oil,,,0.0
Romania,1997,1A1A2,ABFLOW004,Coal,,,0.0
Romania,1997,1A1A2,ABFLOW004,Natural gas,,,0.0
Romania,1997,1A1A2,ABFLOW004,Oil,,,0.0
Romania,1997,1A1A3,ABFLOW005,Coal,,,0.0
Romania,1997,1A1A3,ABFLOW005,Natural gas,,,0.0
Romania,1997,1A1A3,ABFLOW005,Oil,,,0.0
Romania,1997,1A1B,ABFLOW011,Coal,,,0.0
Romania,1997,1A1B,ABFLOW011,Natural gas,,,0.0
Romania,1997,1A1B,ABFLOW011,Oil,,,0.0
Romania,1997,1A1C,ABFLOW011,Coal,,,0.0
Romania,1997,1A1C,ABFLOW011,Natural gas,,,0.0
Romania,1997,1A1C,ABFLOW011,Oil,,,0.0
Romania,1997,1A2,ABFLOW012,Coal,,,0.0
Romania,1997,1A2,ABFLOW012,Natural gas,,,0.0
Romania,1997,1A2,ABFLOW012,Oil,,,0.0
Romania,1997,1A2A,ABFLOW016,Coal,,,0.0
Romania,1997,1A2A,ABFLOW016,Natural gas,,,0.0
Romania,1997,1A2A,ABFLOW016,Oil,,,0.0
Romania,1997,1A2B,ABFLOW018,Coal,,,0.0
Romania,1997,1A2B,ABFLOW018,Natural gas,,,0.0
Romania,1997,1A2B,ABFLOW018,Oil,,,0.0
Romania,1997,1A2C,ABFLOW017,Coal,,,0.0
Romania,1997,1A2C,ABFLOW017,Natural gas,,,0.0
Romania,1997,1A2C,ABFLOW017,Oil,,,0.0
Romania,1997,1A2D,ABFLOW023,Coal,,,0.0
Romania,1997,1A2D,ABFLOW023,Natural gas,,,0.0
Romania,1997,1A2D,ABFLOW023,Oil,,,0.0
Romania,1997,1A2E,ABFLOW022,Coal,,,0.0
Romania,1997,1A2E,ABFLOW022,Natural gas,,,0.0
Romania,1997,1A2E,ABFLOW022,Oil,,,0.0
Romania,1997,1A2F,ABFLOW019,Coal,,,0.0
Romania,1997,1A2F,ABFLOW019,Natural gas,,,0.0
Romania,1997,1A2F,ABFLOW019,Oil,,,0.0
Romania,1997,1A2G,ABFLOW020,Coal,,,0.0
Romania,1997,1A2G,ABFLOW020,Natural gas,,,0.0
Romania,1997,1A2G,ABFLOW020,Oil,,,0.0
Romania,1997,1A2H,ABFLOW021,Coal,,,0.0
Romania,1997,1A2H,ABFLOW021,Natural gas,,,0.0
Romania,1997,1A2H,ABFLOW021,Oil,,,0.0
Romania,1997,1A2I,ABFLOW013,Coal,,,0.0
Romania,1997,1A2I,ABFLOW013,Natural gas,,,0.0
Romania,1997,1A2I,ABFLOW013,Oil,,,0.0
Romania,1997,1A2J,ABFLOW024,Coal,,,0.0
Romania,1997,1A2J,ABFLOW024,Natural gas,,,0.0
Romania,1997,1A2J,ABFLOW024,Oil,,,0.0
Romania,1997,1A2K,ABFLOW014,Coal,,,0.0
Romania,1997,1A2K,ABFLOW014,Natural gas,,,0.0
Romania,1997,1A2K,ABFLOW014,Oil,,,0.0
Romania,1997,1A2L,ABFLOW025,Coal,,,0.0
Romania,1997,1A2L,ABFLOW025,Natural gas,,,0.0
Romania,1997,1A2L,ABFLOW025,Oil,,,0.0
Romania,1997,1A2M,ABFLOW026,Coal,,,0.0
Romania,1997,1A2M,ABFLOW026,Natural gas,,,0.0
Romania,1997,1A2M,ABFLOW026,Oil,,,0.0
Romania,1997,1A3,ABFLOW027,Coal,,,0.0
Romania,1997,1A3,ABFLOW027,Natural gas,,,0.0
Romania,1997,1A3,ABFLOW027,Oil,,,0.0
Romania,1997,1A3A1,ABFLOW040,Coal,,,0.0
Romania,1997,1A3A1,ABFLOW040,Natural gas,,,0.0
Romania,1997,1A3A1,ABFLOW040,Oil,,,0.0
Romania,1997,1A3A2,ABFLOW029,Coal,,,0.0
Romania,1997,1A3A2,ABFLOW029,Natural gas,,,0.0
Romania,1997,1A3A2,ABFLOW029,Oil,,,0.0
Romania,1997,1A3B,ABFLOW028,Coal,,,0.0
Romania,1997,1A3B,ABFLOW028,Natural gas,,,0.0
Romania,1997,1A3B,ABFLOW028,Oil,,,0.0
Romania,1997,1A3C,ABFLOW030,Coal,,,0.0
Romania,1997,1A3C,ABFLOW030,Natural gas,,,0.0
Romania,1997,1A3C,ABFLOW030,Oil,,,0.0
Romania,1997,1A3D1,ABFLOW039,Coal,,,0.0
Romania,1997,1A3D1,ABFLOW039,Natural gas,,,0.0
Romania,1997,1A3D1,ABFLOW039,Oil,,,0.0
Romania,1997,1A3D2,ABFLOW032,Coal,,,0.0
Romania,1997,1A3D2,ABFLOW032,Natural gas,,,0.0
Romania,1997,1A3D2,ABFLOW032,Oil,,,0.0
Romania,1997,1A3E1,ABFLOW033,Coal,,,0.0
Romania,1997,1A3E1,ABFLOW033,Natural gas,,,0.0
Romania,1997,1A3E1,ABFLOW033,Oil,,,0.0
Romania,1997,1A4A,ABFLOW035,Coal,,,0.0
Romania,1997,1A4A,ABFLOW035,Natural gas,,,0.0
Romania,1997,1A4A,ABFLOW035,Oil,,,0.0
Romania,1997,1A4B,ABFLOW034,Coal,,,0.0
Romania,1997,1A4B,ABFLOW034,Natural gas,,,0.0
Romania,1997,1A4B,ABFLOW034,Oil,,,0.0
Romania,1997,1A4C1,ABFLOW036,Coal,,,0.0
Romania,1997,1A4C1,ABFLOW036,Natural gas,,,0.0
Romania,1997,1A4C1,ABFLOW036,Oil,,,0.0
Romania,1997,1A4C2,ABFLOW037,Coal,,,0.0
Romania,1997,1A4C2,ABFLOW037,Natural gas,,,0.0
Romania,1997,1A4C2,ABFLOW037,Oil,,,0.0
Romania,1997,1A5,ABFLOW038,Coal,,,0.0
Romania,1997,1A5,ABFLOW038,Natural gas,,,0.0
Romania,1997,1A5,ABFLOW038,Oil,,,0.0
Romania,1998,1A,ABFLOW001,Coal,,,0.0
Romania,1998,1A,ABFLOW001,Natural gas,,,0.0
Romania,1998,1A,ABFLOW001,Oil,,,0.0
Romania,1998,1A1A,ABFLOW002,Coal,,,0.0
Romania,1998,1A1A,ABFLOW002,Natural gas,,,0.0
Romania,1998,1A1A,ABFLOW002,Oil,,,0.0
Romania,1998,1A1A1,ABFLOW003,Coal,,,0.0
Romania,1998,1A1A1,ABFLOW003,Natural gas,,,0.0
Romania,1998,1A1A1,ABFLOW003,Oil,,,0.0
Romania,1998,1A1A2,ABFLOW004,Coal,,,0.0
Romania,1998,1A1A2,ABFLOW004,Natural gas,,,0.0
Romania,1998,1A1A2,ABFLOW004,Oil,,,0.0
Romania,1998,1A1A3,ABFLOW005,Coal,,,0.0
Romania,1998,1A1A3,ABFLOW005,Natural gas,,,0.0
Romania,1998,1A1A3,ABFLOW005,Oil,,,0.0
Romania,1998,1A1B,ABFLOW011,Coal,,,0.0
Romania,1998,1A1B,ABFLOW011,Natural gas,,,0.0
Romania,1998,1A1B,ABFLOW011,Oil,,,0.0
Romania,1998,1A1C,ABFLOW011,Coal,,,0.0
Romania,1998,1A1C,ABFLOW011,Natural gas,,,0.0
Romania,1998,1A1C,ABFLOW011,Oil,,,0.0
Romania,1998,1A2,ABFLOW012,Coal,,,0.0
Romania,1998,1A2,ABFLOW012,Natural gas,,,0.0
Romania,1998,1A2,ABFLOW012,Oil,,,0.0
Romania,1998,1A2A,ABFLOW016,Coal,,,0.0
Romania,1998,1A2A,ABFLOW016,Natural gas,,,0.0
Romania,1998,1A2A,ABFLOW016,Oil,,,0.0
Romania,1998,1A2B,ABFLOW018,Coal,,,0.0
Romania,1998,1A2B,ABFLOW018,Natural gas,,,0.0
Romania,1998,1A2B,ABFLOW018,Oil,,,0.0
Romania,1998,1A2C,ABFLOW017,Coal,,,0.0
Romania,1998,1A2C,ABFLOW017,Natural gas,,,0.0
Romania,1998,1A2C,ABFLOW017,Oil,,,0.0
Romania,1998,1A2D,ABFLOW023,Coal,,,0.0
Romania,1998,1A2D,ABFLOW023,Natural gas,,,0.0
Romania,1998,1A2D,ABFLOW023,Oil,,,0.0
Romania,1998,1A2E,ABFLOW022,Coal,,,0.0
Romania,1998,1A2E,ABFLOW022,Natural gas,,,0.0
Romania,1998,1A2E,ABFLOW022,Oil,,,0.0
Romania,1998,1A2F,ABFLOW019,Coal,,,0.0
Romania,1998,1A2F,ABFLOW019,Natural gas,,,0.0
Romania,1998,1A2F,ABFLOW019,Oil,,,0.0
Romania,1998,1A2G,ABFLOW020,Coal,,,0.0
Romania,1998,1A2G,ABFLOW020,Natural gas,,,0.0
Romania,1998,1A2G,ABFLOW020,Oil,,,0.0
Romania,1998,1A2H,ABFLOW021,Coal,,,0.0
Romania,1998,1A2H,ABFLOW021,Natural gas,,,0.0
Romania,1998,1A2H,ABFLOW021,Oil,,,0.0
Romania,1998,1A2I,ABFLOW013,Coal,,,0.0
Romania,1998,1A2I,ABFLOW013,Natural gas,,,0.0
Romania,1998,1A2I,ABFLOW013,Oil,,,0.0
Romania,1998,1A2J,ABFLOW024,Coal,,,0.0
Romania,1998,1A2J,ABFLOW024,Natural gas,,,0.0
Romania,1998,1A2J,ABFLOW024,Oil,,,0.0
Romania,1998,1A2K,ABFLOW014,Coal,,,0.0
Romania,1998,1A2K,ABFLOW014,Natural gas,,,0.0
Romania,1998,1A2K,ABFLOW014,Oil,,,0.0
Romania,1998,1A2L,ABFLOW025,Coal,,,0.0
Romania,1998,1A2L,ABFLOW025,Natural gas,,,0.0
Romania,1998,1A2L,ABFLOW025,Oil,,,0.0
Romania,1998,1A2M,ABFLOW026,Coal,,,0.0
Romania,1998,1A2M,ABFLOW026,Natural gas,,,0.0
Romania,1998,1A2M,ABFLOW026,Oil,,,0.0
Romania,1998,1A3,ABFLOW027,Coal,,,0.0
Romania,1998,1A3,ABFLOW027,Natural gas,,,0.0
Romania,1998,1A3,ABFLOW027,Oil,,,0.0
Romania,1998,1A3A1,ABFLOW040,Coal,,,0.0
Romania,1998,1A3A1,ABFLOW040,Natural gas,,,0.0
Romania,1998,1A3A1,ABFLOW040,Oil,,,0.0
Romania,1998,1A3A2,ABFLOW029,Coal,,,0.0
Romania,1998,1A3A2,ABFLOW029,Natural gas,,,0.0
Romania,1998,1A3A2,ABFLOW029,Oil,,,0.0
Romania,1998,1A3B,ABFLOW028,Coal,,,0.0
Romania,1998,1A3B,ABFLOW028,Natural gas,,,0.0
Romania,1998,1A3B,ABFLOW028,Oil,,,0.0
Romania,1998,1A3C,ABFLOW030,Coal,,,0.0
Romania,1998,1A3C,ABFLOW030,Natural gas,,,0.0
Romania,1998,1A3C,ABFLOW030,Oil,,,0.0
Romania,1998,1A3D1,ABFLOW039,Coal,,,0.0
Romania,1998,1A3D1,ABFLOW039,Natural gas,,,0.0
Romania,1998,1A3D1,ABFLOW039,Oil,,,0.0
Romania,1998,1A3D2,ABFLOW032,Coal,,,0.0
Romania,1998,1A3D2,ABFLOW032,Natural gas,,,0.0
Romania,1998,1A3D2,ABFLOW032,Oil,,,0.0
Romania,1998,1A3E1,ABFLOW033,Coal,,,0.0
Romania,1998,1A3E1,ABFLOW033,Natural gas,,,0.0
Romania,1998,1A3E1,ABFLOW033,Oil,,,0.0
Romania,1998,1A4A,ABFLOW035,Coal,,,0.0
Romania,1998,1A4A,ABFLOW035,Natural gas,,,0.0
Romania,1998,1A4A,ABFLOW035,Oil,,,0.0
Romania,1998,1A4B,ABFLOW034,Coal,,,0.0
Romania,1998,1A4B,ABFLOW034,Natural gas,,,0.0
Romania,1998,1A4B,ABFLOW034,Oil,,,0.0
Romania,1998,1A4C1,ABFLOW036,Coal,,,0.0
Romania,1998,1A4C1,ABFLOW036,Natural gas,,,0.0
Romania,1998,1A4C1,ABFLOW036,Oil,,,0.0
Romania,1998,1A4C2,ABFLOW037,Coal,,,0.0
Romania,1998,1A4C2,ABFLOW037,Natural gas,,,0.0
Romania,1998,1A4C2,ABFLOW037,Oil,,,0.0
Romania,1998,1A5,ABFLOW038,Coal,,,0.0
Romania,1998,1A5,ABFLOW038,Natural gas,,,0.0
Romania,1998,1A5,ABFLOW038,Oil,,,0.0
Romania,1999,1A,ABFLOW001,Coal,,,0.0
Romania,1999,1A,ABFLOW001,Natural gas,,,0.0
Romania,1999,1A,ABFLOW001,Oil,,,0.0
Romania,1999,1A1A,ABFLOW002,Coal,,,0.0
Romania,1999,1A1A,ABFLOW002,Natural gas,,,0.0
Romania,1999,1A1A,ABFLOW002,Oil,,,0.0
Romania,1999,1A1A1,ABFLOW003,Coal,,,0.0
Romania,1999,1A1A1,ABFLOW003,Natural gas,,,0.0
Romania,1999,1A1A1,ABFLOW003,Oil,,,0.0
Romania,1999,1A1A2,ABFLOW004,Coal,,,0.0
Romania,1999,1A1A2,ABFLOW004,Natural gas,,,0.0
Romania,1999,1A1A2,ABFLOW004,Oil,,,0.0
Romania,1999,1A1A3,ABFLOW005,Coal,,,0.0
Romania,1999,1A1A3,ABFLOW005,Natural gas,,,0.0
Romania,1999,1A1A3,ABFLOW005,Oil,,,0.0
Romania,1999,1A1B,ABFLOW011,Coal,,,0.0
Romania,1999,1A1B,ABFLOW011,Natural gas,,,0.0
Romania,1999,1A1B,ABFLOW011,Oil,,,0.0
Romania,1999,1A1C,ABFLOW011,Coal,,,0.0
Romania,1999,1A1C,ABFLOW011,Natural gas,,,0.0
Romania,1999,1A1C,ABFLOW011,Oil,,,0.0
Romania,1999,1A2,ABFLOW012,Coal,,,0.0
Romania,1999,1A2,ABFLOW012,Natural gas,,,0.0
Romania,1999,1A2,ABFLOW012,Oil,,,0.0
Romania,1999,1A2A,ABFLOW016,Coal,,,0.0
Romania,1999,1A2A,ABFLOW016,Natural gas,,,0.0
Romania,1999,1A2A,ABFLOW016,Oil,,,0.0
Romania,1999,1A2B,ABFLOW018,Coal,,,0.0
Romania,1999,1A2B,ABFLOW018,Natural gas,,,0.0
Romania,1999,1A2B,ABFLOW018,Oil,,,0.0
Romania,1999,1A2C,ABFLOW017,Coal,,,0.0
Romania,1999,1A2C,ABFLOW017,Natural gas,,,0.0
Romania,1999,1A2C,ABFLOW017,Oil,,,0.0
Romania,1999,1A2D,ABFLOW023,Coal,,,0.0
Romania,1999,1A2D,ABFLOW023,Natural gas,,,0.0
Romania,1999,1A2D,ABFLOW023,Oil,,,0.0
Romania,1999,1A2E,ABFLOW022,Coal,,,0.0
Romania,1999,1A2E,ABFLOW022,Natural gas,,,0.0
Romania,1999,1A2E,ABFLOW022,Oil,,,0.0
Romania,1999,1A2F,ABFLOW019,Coal,,,0.0
Romania,1999,1A2F,ABFLOW019,Natural gas,,,0.0
Romania,1999,1A2F,ABFLOW019,Oil,,,0.0
Romania,1999,1A2G,ABFLOW020,Coal,,,0.0
Romania,1999,1A2G,ABFLOW020,Natural gas,,,0.0
Romania,1999,1A2G,ABFLOW020,Oil,,,0.0
Romania,1999,1A2H,ABFLOW021,Coal,,,0.0
Romania,1999,1A2H,ABFLOW021,Natural gas,,,0.0
Romania,1999,1A2H,ABFLOW021,Oil,,,0.0
Romania,1999,1A2I,ABFLOW013,Coal,,,0.0
Romania,1999,1A2I,ABFLOW013,Natural gas,,,0.0
Romania,1999,1A2I,ABFLOW013,Oil,,,0.0
Romania,1999,1A2J,ABFLOW024,Coal,,,0.0
Romania,1999,1A2J,ABFLOW024,Natural gas,,,0.0
Romania,1999,1A2J,ABFLOW024,Oil,,,0.0
Romania,1999,1A2K,ABFLOW014,Coal,,,0.0
Romania,1999,1A2K,ABFLOW014,Natural gas,,,0.0
Romania,1999,1A2K,ABFLOW014,Oil,,,0.0
Romania,1999,1A2L,ABFLOW025,Coal,,,0.0
Romania,1999,1A2L,ABFLOW025,Natural gas,,,0.0
Romania,1999,1A2L,ABFLOW025,Oil,,,0.0
Romania,1999,1A2M,ABFLOW026,Coal,,,0.0
Romania,1999,1A2M,ABFLOW026,Natural gas,,,0.0
Romania,1999,1A2M,ABFLOW026,Oil,,,0.0
Romania,1999,1A3,ABFLOW027,Coal,,,0.0
Romania,1999,1A3,ABFLOW027,Natural gas,,,0.0
Romania,1999,1A3,ABFLOW027,Oil,,,0.0
Romania,1999,1A3A1,ABFLOW040,Coal,,,0.0
Romania,1999,1A3A1,ABFLOW040,Natural gas,,,0.0
Romania,1999,1A3A1,ABFLOW040,Oil,,,0.0
Romania,1999,1A3A2,ABFLOW029,Coal,,,0.0
Romania,1999,1A3A2,ABFLOW029,Natural gas,,,0.0
Romania,1999,1A3A2,ABFLOW029,Oil,,,0.0
Romania,1999,1A3B,ABFLOW028,Coal,,,0.0
Romania,1999,1A3B,ABFLOW028,Natural gas,,,0.0
Romania,1999,1A3B,ABFLOW028,Oil,,,0.0
Romania,1999,1A3C,ABFLOW030,Coal,,,0.0
Romania,1999,1A3C,ABFLOW030,Natural gas,,,0.0
Romania,1999,1A3C,ABFLOW030,Oil,,,0.0
Romania,1999,1A3D1,ABFLOW039,Coal,,,0.0
Romania,1999,1A3D1,ABFLOW039,Natural gas,,,0.0
Romania,1999,1A3D1,ABFLOW039,Oil,,,0.0
Romania,1999,1A3D2,ABFLOW032,Coal,,,0.0
Romania,1999,1A3D2,ABFLOW032,Natural gas,,,0.0
Romania,1999,1A3D2,ABFLOW032,Oil,,,0.0
Romania,1999,1A3E1,ABFLOW033,Coal,,,0.0
Romania,1999,1A3E1,ABFLOW033,Natural gas,,,0.0
Romania,1999,1A3E1,ABFLOW033,Oil,,,0.0
Romania,1999,1A4A,ABFLOW035,Coal,,,0.0
Romania,1999,1A4A,ABFLOW035,Natural gas,,,0.0
Romania,1999,1A4A,ABFLOW035,Oil,,,0.0
Romania,1999,1A4B,ABFLOW034,Coal,,,0.0
Romania,1999,1A4B,ABFLOW034,Natural gas,,,0.0
Romania,1999,1A4B,ABFLOW034,Oil,,,0.0
Romania,1999,1A4C1,ABFLOW036,Coal,,,0.0
Romania,1999,1A4C1,ABFLOW036,Natural gas,,,0.0
Romania,1999,1A4C1,ABFLOW036,Oil,,,0.0
Romania,1999,1A4C2,ABFLOW037,Coal,,,0.0
Romania,1999,1A4C2,ABFLOW037,Natural gas,,,0.0
Romania,1999,1A4C2,ABFLOW037,Oil,,,0.0
Romania,1999,1A5,ABFLOW038,Coal,,,0.0
Romania,1999,1A5,ABFLOW038,Natural gas,,,0.0
Romania,1999,1A5,ABFLOW038,Oil,,,0.0
Romania,2000,1A,ABFLOW001,Coal,,,0.0
Romania,2000,1A,ABFLOW001,Natural gas,,,0.0
Romania,2000,1A,ABFLOW001,Oil,,,0.0
Romania,2000,1A1A,ABFLOW002,Coal,,,0.0
Romania,2000,1A1A,ABFLOW002,Natural gas,,,0.0
Romania,2000,1A1A,ABFLOW002,Oil,,,0.0
Romania,2000,1A1A1,ABFLOW003,Coal,,,0.0
Romania,2000,1A1A1,ABFLOW003,Natural gas,,,0.0
Romania,2000,1A1A1,ABFLOW003,Oil,,,0.0
Romania,2000,1A1A2,ABFLOW004,Coal,,,0.0
Romania,2000,1A1A2,ABFLOW004,Natural gas,,,0.0
Romania,2000,1A1A2,ABFLOW004,Oil,,,0.0
Romania,2000,1A1A3,ABFLOW005,Coal,,,0.0
Romania,2000,1A1A3,ABFLOW005,Natural gas,,,0.0
Romania,2000,1A1A3,ABFLOW005,Oil,,,0.0
Romania,2000,1A1B,ABFLOW011,Coal,,,0.0
Romania,2000,1A1B,ABFLOW011,Natural gas,,,0.0
Romania,2000,1A1B,ABFLOW011,Oil,,,0.0
Romania,2000,1A1C,ABFLOW011,Coal,,,0.0
Romania,2000,1A1C,ABFLOW011,Natural gas,,,0.0
Romania,2000,1A1C,ABFLOW011,Oil,,,0.0
Romania,2000,1A2,ABFLOW012,Coal,,,0.0
Romania,2000,1A2,ABFLOW012,Natural gas,,,0.0
Romania,2000,1A2,ABFLOW012,Oil,,,0.0
Romania,2000,1A2A,ABFLOW016,Coal,,,0.0
Romania,2000,1A2A,ABFLOW016,Natural gas,,,0.0
Romania,2000,1A2A,ABFLOW016,Oil,,,0.0
Romania,2000,1A2B,ABFLOW018,Coal,,,0.0
Romania,2000,1A2B,ABFLOW018,Natural gas,,,0.0
Romania,2000,1A2B,ABFLOW018,Oil,,,0.0
Romania,2000,1A2C,ABFLOW017,Coal,,,0.0
Romania,2000,1A2C,ABFLOW017,Natural gas,,,0.0
Romania,2000,1A2C,ABFLOW017,Oil,,,0.0
Romania,2000,1A2D,ABFLOW023,Coal,,,0.0
Romania,2000,1A2D,ABFLOW023,Natural gas,,,0.0
Romania,2000,1A2D,ABFLOW023,Oil,,,0.0
Romania,2000,1A2E,ABFLOW022,Coal,,,0.0
Romania,2000,1A2E,ABFLOW022,Natural gas,,,0.0
Romania,2000,1A2E,ABFLOW022,Oil,,,0.0
Romania,2000,1A2F,ABFLOW019,Coal,,,0.0
Romania,2000,1A2F,ABFLOW019,Natural gas,,,0.0
Romania,2000,1A2F,ABFLOW019,Oil,,,0.0
Romania,2000,1A2G,ABFLOW020,Coal,,,0.0
Romania,2000,1A2G,ABFLOW020,Natural gas,,,0.0
Romania,2000,1A2G,ABFLOW020,Oil,,,0.0
Romania,2000,1A2H,ABFLOW021,Coal,,,0.0
Romania,2000,1A2H,ABFLOW021,Natural gas,,,0.0
Romania,2000,1A2H,ABFLOW021,Oil,,,0.0
Romania,2000,1A2I,ABFLOW013,Coal,,,0.0
Romania,2000,1A2I,ABFLOW013,Natural gas,,,0.0
Romania,2000,1A2I,ABFLOW013,Oil,,,0.0
Romania,2000,1A2J,ABFLOW024,Coal,,,0.0
Romania,2000,1A2J,ABFLOW024,Natural gas,,,0.0
Romania,2000,1A2J,ABFLOW024,Oil,,,0.0
Romania,2000,1A2K,ABFLOW014,Coal,,,0.0
Romania,2000,1A2K,ABFLOW014,Natural gas,,,0.0
Romania,2000,1A2K,ABFLOW014,Oil,,,0.0
Romania,2000,1A2L,ABFLOW025,Coal,,,0.0
Romania,2000,1A2L,ABFLOW025,Natural gas,,,0.0
Romania,2000,1A2L,ABFLOW025,Oil,,,0.0
Romania,2000,1A2M,ABFLOW026,Coal,,,0.0
Romania,2000,1A2M,ABFLOW026,Natural gas,,,0.0
Romania,2000,1A2M,ABFLOW026,Oil,,,0.0
Romania,2000,1A3,ABFLOW027,Coal,,,0.0
Romania,2000,1A3,ABFLOW027,Natural gas,,,0.0
Romania,2000,1A3,ABFLOW027,Oil,,,0.0
Romania,2000,1A3A1,ABFLOW040,Coal,,,0.0
Romania,2000,1A3A1,ABFLOW040,Natural gas,,,0.0
Romania,2000,1A3A1,ABFLOW040,Oil,,,0.0
Romania,2000,1A3A2,ABFLOW029,Coal,,,0.0
Romania,2000,1A3A2,ABFLOW029,Natural gas,,,0.0
Romania,2000,1A3A2,ABFLOW029,Oil,,,0.0
Romania,2000,1A3B,ABFLOW028,Coal,,,0.0
Romania,2000,1A3B,ABFLOW028,Natural gas,,,0.0
Romania,2000,1A3B,ABFLOW028,Oil,,,0.0
Romania,2000,1A3C,ABFLOW030,Coal,,,0.0
Romania,2000,1A3C,ABFLOW030,Natural gas,,,0.0
Romania,2000,1A3C,ABFLOW030,Oil,,,0.0
Romania,2000,1A3D1,ABFLOW039,Coal,,,0.0
Romania,2000,1A3D1,ABFLOW039,Natural gas,,,0.0
Romania,2000,1A3D1,ABFLOW039,Oil,,,0.0
Romania,2000,1A3D2,ABFLOW032,Coal,,,0.0
Romania,2000,1A3D2,ABFLOW032,Natural gas,,,0.0
Romania,2000,1A3D2,ABFLOW032,Oil,,,0.0
Romania,2000,1A3E1,ABFLOW033,Coal,,,0.0
Romania,2000,1A3E1,ABFLOW033,Natural gas,,,0.0
Romania,2000,1A3E1,ABFLOW033,Oil,,,0.0
Romania,2000,1A4A,ABFLOW035,Coal,,,0.0
Romania,2000,1A4A,ABFLOW035,Natural gas,,,0.0
Romania,2000,1A4A,ABFLOW035,Oil,,,0.0
Romania,2000,1A4B,ABFLOW034,Coal,,,0.0
Romania,2000,1A4B,ABFLOW034,Natural gas,,,0.0
Romania,2000,1A4B,ABFLOW034,Oil,,,0.0
Romania,2000,1A4C1,ABFLOW036,Coal,,,0.0
Romania,2000,1A4C1,ABFLOW036,Natural gas,,,0.0
Romania,2000,1A4C1,ABFLOW036,Oil,,,0.0
Romania,2000,1A4C2,ABFLOW037,Coal,,,0.0
Romania,2000,1A4C2,ABFLOW037,Natural gas,,,0.0
Romania,2000,1A4C2,ABFLOW037,Oil,,,0.0
Romania,2000,1A5,ABFLOW038,Coal,,,0.0
Romania,2000,1A5,ABFLOW038,Natural gas,,,0.0
Romania,2000,1A5,ABFLOW038,Oil,,,0.0
Romania,2001,1A,ABFLOW001,Coal,,,0.0
Romania,2001,1A,ABFLOW001,Natural gas,,,0.0
Romania,2001,1A,ABFLOW001,Oil,,,0.0
Romania,2001,1A1A,ABFLOW002,Coal,,,0.0
Romania,2001,1A1A,ABFLOW002,Natural gas,,,0.0
Romania,2001,1A1A,ABFLOW002,Oil,,,0.0
Romania,2001,1A1A1,ABFLOW003,Coal,,,0.0
Romania,2001,1A1A1,ABFLOW003,Natural gas,,,0.0
Romania,2001,1A1A1,ABFLOW003,Oil,,,0.0
Romania,2001,1A1A2,ABFLOW004,Coal,,,0.0
Romania,2001,1A1A2,ABFLOW004,Natural gas,,,0.0
Romania,2001,1A1A2,ABFLOW004,Oil,,,0.0
Romania,2001,1A1A3,ABFLOW005,Coal,,,0.0
Romania,2001,1A1A3,ABFLOW005,Natural gas,,,0.0
Romania,2001,1A1A3,ABFLOW005,Oil,,,0.0
Romania,2001,1A1B,ABFLOW011,Coal,,,0.0
Romania,2001,1A1B,ABFLOW011,Natural gas,,,0.0
Romania,2001,1A1B,ABFLOW011,Oil,,,0.0
Romania,2001,1A1C,ABFLOW011,Coal,,,0.0
Romania,2001,1A1C,ABFLOW011,Natural gas,,,0.0
Romania,2001,1A1C,ABFLOW011,Oil,,,0.0
Romania,2001,1A2,ABFLOW012,Coal,,,0.0
Romania,2001,1A2,ABFLOW012,Natural gas,,,0.0
Romania,2001,1A2,ABFLOW012,Oil,,,0.0
Romania,2001,1A2A,ABFLOW016,Coal,,,0.0
Romania,2001,1A2A,ABFLOW016,Natural gas,,,0.0
Romania,2001,1A2A,ABFLOW016,Oil,,,0.0
Romania,2001,1A2B,ABFLOW018,Coal,,,0.0
Romania,2001,1A2B,ABFLOW018,Natural gas,,,0.0
Romania,2001,1A2B,ABFLOW018,Oil,,,0.0
Romania,2001,1A2C,ABFLOW017,Coal,,,0.0
Romania,2001,1A2C,ABFLOW017,Natural gas,,,0.0
Romania,2001,1A2C,ABFLOW017,Oil,,,0.0
Romania,2001,1A2D,ABFLOW023,Coal,,,0.0
Romania,2001,1A2D,ABFLOW023,Natural gas,,,0.0
Romania,2001,1A2D,ABFLOW023,Oil,,,0.0
Romania,2001,1A2E,ABFLOW022,Coal,,,0.0
Romania,2001,1A2E,ABFLOW022,Natural gas,,,0.0
Romania,2001,1A2E,ABFLOW022,Oil,,,0.0
Romania,2001,1A2F,ABFLOW019,Coal,,,0.0
Romania,2001,1A2F,ABFLOW019,Natural gas,,,0.0
Romania,2001,1A2F,ABFLOW019,Oil,,,0.0
Romania,2001,1A2G,ABFLOW020,Coal,,,0.0
Romania,2001,1A2G,ABFLOW020,Natural gas,,,0.0
Romania,2001,1A2G,ABFLOW020,Oil,,,0.0
Romania,2001,1A2H,ABFLOW021,Coal,,,0.0
Romania,2001,1A2H,ABFLOW021,Natural gas,,,0.0
Romania,2001,1A2H,ABFLOW021,Oil,,,0.0
Romania,2001,1A2I,ABFLOW013,Coal,,,0.0
Romania,2001,1A2I,ABFLOW013,Natural gas,,,0.0
Romania,2001,1A2I,ABFLOW013,Oil,,,0.0
Romania,2001,1A2J,ABFLOW024,Coal,,,0.0
Romania,2001,1A2J,ABFLOW024,Natural gas,,,0.0
Romania,2001,1A2J,ABFLOW024,Oil,,,0.0
Romania,2001,1A2K,ABFLOW014,Coal,,,0.0
Romania,2001,1A2K,ABFLOW014,Natural gas,,,0.0
Romania,2001,1A2K,ABFLOW014,Oil,,,0.0
Romania,2001,1A2L,ABFLOW025,Coal,,,0.0
Romania,2001,1A2L,ABFLOW025,Natural gas,,,0.0
Romania,2001,1A2L,ABFLOW025,Oil,,,0.0
Romania,2001,1A2M,ABFLOW026,Coal,,,0.0
Romania,2001,1A2M,ABFLOW026,Natural gas,,,0.0
Romania,2001,1A2M,ABFLOW026,Oil,,,0.0
Romania,2001,1A3,ABFLOW027,Coal,,,0.0
Romania,2001,1A3,ABFLOW027,Natural gas,,,0.0
Romania,2001,1A3,ABFLOW027,Oil,,,0.0
Romania,2001,1A3A1,ABFLOW040,Coal,,,0.0
Romania,2001,1A3A1,ABFLOW040,Natural gas,,,0.0
Romania,2001,1A3A1,ABFLOW040,Oil,,,0.0
Romania,2001,1A3A2,ABFLOW029,Coal,,,0.0
Romania,2001,1A3A2,ABFLOW029,Natural gas,,,0.0
Romania,2001,1A3A2,ABFLOW029,Oil,,,0.0
Romania,2001,1A3B,ABFLOW028,Coal,,,0.0
Romania,2001,1A3B,ABFLOW028,Natural gas,,,0.0
Romania,2001,1A3B,ABFLOW028,Oil,,,0.0
Romania,2001,1A3C,ABFLOW030,Coal,,,0.0
Romania,2001,1A3C,ABFLOW030,Natural gas,,,0.0
Romania,2001,1A3C,ABFLOW030,Oil,,,0.0
Romania,2001,1A3D1,ABFLOW039,Coal,,,0.0
Romania,2001,1A3D1,ABFLOW039,Natural gas,,,0.0
Romania,2001,1A3D1,ABFLOW039,Oil,,,0.0
Romania,2001,1A3D2,ABFLOW032,Coal,,,0.0
Romania,2001,1A3D2,ABFLOW032,Natural gas,,,0.0
Romania,2001,1A3D2,ABFLOW032,Oil,,,0.0
Romania,2001,1A3E1,ABFLOW033,Coal,,,0.0
Romania,2001,1A3E1,ABFLOW033,Natural gas,,,0.0
Romania,2001,1A3E1,ABFLOW033,Oil,,,0.0
Romania,2001,1A4A,ABFLOW035,Coal,,,0.0
Romania,2001,1A4A,ABFLOW035,Natural gas,,,0.0
Romania,2001,1A4A,ABFLOW035,Oil,,,0.0
Romania,2001,1A4B,ABFLOW034,Coal,,,0.0
Romania,2001,1A4B,ABFLOW034,Natural gas,,,0.0
Romania,2001,1A4B,ABFLOW034,Oil,,,0.0
Romania,2001,1A4C1,ABFLOW036,Coal,,,0.0
Romania,2001,1A4C1,ABFLOW036,Natural gas,,,0.0
Romania,2001,1A4C1,ABFLOW036,Oil,,,0.0
Romania,2001,1A4C2,ABFLOW037,Coal,,,0.0
Romania,2001,1A4C2,ABFLOW037,Natural gas,,,0.0
Romania,2001,1A4C2,ABFLOW037,Oil,,,0.0
Romania,2001,1A5,ABFLOW038,Coal,,,0.0
Romania,2001,1A5,ABFLOW038,Natural gas,,,0.0
Romania,2001,1A5,ABFLOW038,Oil,,,0.0
Romania,2002,1A,ABFLOW001,Coal,,,0.0
Romania,2002,1A,ABFLOW001,Natural gas,,,0.0
Romania,2002,1A,ABFLOW001,Oil,,,0.0
Romania,2002,1A1A,ABFLOW002,Coal,,,0.0
Romania,2002,1A1A,ABFLOW002,Natural gas,,,0.0
Romania,2002,1A1A,ABFLOW002,Oil,,,0.0
Romania,2002,1A1A1,ABFLOW003,Coal,,,0.0
Romania,2002,1A1A1,ABFLOW003,Natural gas,,,0.0
Romania,2002,1A1A1,ABFLOW003,Oil,,,0.0
Romania,2002,1A1A2,ABFLOW004,Coal,,,0.0
Romania,2002,1A1A2,ABFLOW004,Natural gas,,,0.0
Romania,2002,1A1A2,ABFLOW004,Oil,,,0.0
Romania,2002,1A1A3,ABFLOW005,Coal,,,0.0
Romania,2002,1A1A3,ABFLOW005,Natural gas,,,0.0
Romania,2002,1A1A3,ABFLOW005,Oil,,,0.0
Romania,2002,1A1B,ABFLOW011,Coal,,,0.0
Romania,2002,1A1B,ABFLOW011,Natural gas,,,0.0
Romania,2002,1A1B,ABFLOW011,Oil,,,0.0
Romania,2002,1A1C,ABFLOW011,Coal,,,0.0
Romania,2002,1A1C,ABFLOW011,Natural gas,,,0.0
Romania,2002,1A1C,ABFLOW011,Oil,,,0.0
Romania,2002,1A2,ABFLOW012,Coal,,,0.0
Romania,2002,1A2,ABFLOW012,Natural gas,,,0.0
Romania,2002,1A2,ABFLOW012,Oil,,,0.0
Romania,2002,1A2A,ABFLOW016,Coal,,,0.0
Romania,2002,1A2A,ABFLOW016,Natural gas,,,0.0
Romania,2002,1A2A,ABFLOW016,Oil,,,0.0
Romania,2002,1A2B,ABFLOW018,Coal,,,0.0
Romania,2002,1A2B,ABFLOW018,Natural gas,,,0.0
Romania,2002,1A2B,ABFLOW018,Oil,,,0.0
Romania,2002,1A2C,ABFLOW017,Coal,,,0.0
Romania,2002,1A2C,ABFLOW017,Natural gas,,,0.0
Romania,2002,1A2C,ABFLOW017,Oil,,,0.0
Romania,2002,1A2D,ABFLOW023,Coal,,,0.0
Romania,2002,1A2D,ABFLOW023,Natural gas,,,0.0
Romania,2002,1A2D,ABFLOW023,Oil,,,0.0
Romania,2002,1A2E,ABFLOW022,Coal,,,0.0
Romania,2002,1A2E,ABFLOW022,Natural gas,,,0.0
Romania,2002,1A2E,ABFLOW022,Oil,,,0.0
Romania,2002,1A2F,ABFLOW019,Coal,,,0.0
Romania,2002,1A2F,ABFLOW019,Natural gas,,,0.0
Romania,2002,1A2F,ABFLOW019,Oil,,,0.0
Romania,2002,1A2G,ABFLOW020,Coal,,,0.0
Romania,2002,1A2G,ABFLOW020,Natural gas,,,0.0
Romania,2002,1A2G,ABFLOW020,Oil,,,0.0
Romania,2002,1A2H,ABFLOW021,Coal,,,0.0
Romania,2002,1A2H,ABFLOW021,Natural gas,,,0.0
Romania,2002,1A2H,ABFLOW021,Oil,,,0.0
Romania,2002,1A2I,ABFLOW013,Coal,,,0.0
Romania,2002,1A2I,ABFLOW013,Natural gas,,,0.0
Romania,2002,1A2I,ABFLOW013,Oil,,,0.0
Romania,2002,1A2J,ABFLOW024,Coal,,,0.0
Romania,2002,1A2J,ABFLOW024,Natural gas,,,0.0
Romania,2002,1A2J,ABFLOW024,Oil,,,0.0
Romania,2002,1A2K,ABFLOW014,Coal,,,0.0
Romania,2002,1A2K,ABFLOW014,Natural gas,,,0.0
Romania,2002,1A2K,ABFLOW014,Oil,,,0.0
Romania,2002,1A2L,ABFLOW025,Coal,,,0.0
Romania,2002,1A2L,ABFLOW025,Natural gas,,,0.0
Romania,2002,1A2L,ABFLOW025,Oil,,,0.0
Romania,2002,1A2M,ABFLOW026,Coal,,,0.0
Romania,2002,1A2M,ABFLOW026,Natural gas,,,0.0
Romania,2002,1A2M,ABFLOW026,Oil,,,0.0
Romania,2002,1A3,ABFLOW027,Coal,,,0.0
Romania,2002,1A3,ABFLOW027,Natural gas,,,0.0
Romania,2002,1A3,ABFLOW027,Oil,,,0.0
Romania,2002,1A3A1,ABFLOW040,Coal,,,0.0
Romania,2002,1A3A1,ABFLOW040,Natural gas,,,0.0
Romania,2002,1A3A1,ABFLOW040,Oil,,,0.0
Romania,2002,1A3A2,ABFLOW029,Coal,,,0.0
Romania,2002,1A3A2,ABFLOW029,Natural gas,,,0.0
Romania,2002,1A3A2,ABFLOW029,Oil,,,0.0
Romania,2002,1A3B,ABFLOW028,Coal,,,0.0
Romania,2002,1A3B,ABFLOW028,Natural gas,,,0.0
Romania,2002,1A3B,ABFLOW028,Oil,,,0.0
Romania,2002,1A3C,ABFLOW030,Coal,,,0.0
Romania,2002,1A3C,ABFLOW030,Natural gas,,,0.0
Romania,2002,1A3C,ABFLOW030,Oil,,,0.0
Romania,2002,1A3D1,ABFLOW039,Coal,,,0.0
Romania,2002,1A3D1,ABFLOW039,Natural gas,,,0.0
Romania,2002,1A3D1,ABFLOW039,Oil,,,0.0
Romania,2002,1A3D2,ABFLOW032,Coal,,,0.0
Romania,2002,1A3D2,ABFLOW032,Natural gas,,,0.0
Romania,2002,1A3D2,ABFLOW032,Oil,,,0.0
Romania,2002,1A3E1,ABFLOW033,Coal,,,0.0
Romania,2002,1A3E1,ABFLOW033,Natural gas,,,0.0
Romania,2002,1A3E1,ABFLOW033,Oil,,,0.0
Romania,2002,1A4A,ABFLOW035,Coal,,,0.0
Romania,2002,1A4A,ABFLOW035,Natural gas,,,0.0
Romania,2002,1A4A,ABFLOW035,Oil,,,0.0
Romania,2002,1A4B,ABFLOW034,Coal,,,0.0
Romania,2002,1A4B,ABFLOW034,Natural gas,,,0.0
Romania,2002,1A4B,ABFLOW034,Oil,,,0.0
Romania,2002,1A4C1,ABFLOW036,Coal,,,0.0
Romania,2002,1A4C1,ABFLOW036,Natural gas,,,0.0
Romania,2002,1A4C1,ABFLOW036,Oil,,,0.0
Romania,2002,1A4C2,ABFLOW037,Coal,,,0.0
Romania,2002,1A4C2,ABFLOW037,Natural gas,,,0.0
Romania,2002,1A4C2,ABFLOW037,Oil,,,0.0
Romania,2002,1A5,ABFLOW038,Coal,,,0.0
Romania,2002,1A5,ABFLOW038,Natural gas,,,0.0
Romania,2002,1A5,ABFLOW038,Oil,,,0.0
Romania,2003,1A,ABFLOW001,Coal,,,0.0
Romania,2003,1A,ABFLOW001,Natural gas,,,0.0
Romania,2003,1A,ABFLOW001,Oil,,,0.0
Romania,2003,1A1A,ABFLOW002,Coal,,,0.0
Romania,2003,1A1A,ABFLOW002,Natural gas,,,0.0
Romania,2003,1A1A,ABFLOW002,Oil,,,0.0
Romania,2003,1A1A1,ABFLOW003,Coal,,,0.0
Romania,2003,1A1A1,ABFLOW003,Natural gas,,,0.0
Romania,2003,1A1A1,ABFLOW003,Oil,,,0.0
Romania,2003,1A1A2,ABFLOW004,Coal,,,0.0
Romania,2003,1A1A2,ABFLOW004,Natural gas,,,0.0
Romania,2003,1A1A2,ABFLOW004,Oil,,,0.0
Romania,2003,1A1A3,ABFLOW005,Coal,,,0.0
Romania,2003,1A1A3,ABFLOW005,Natural gas,,,0.0
Romania,2003,1A1A3,ABFLOW005,Oil,,,0.0
Romania,2003,1A1B,ABFLOW011,Coal,,,0.0
Romania,2003,1A1B,ABFLOW011,Natural gas,,,0.0
Romania,2003,1A1B,ABFLOW011,Oil,,,0.0
Romania,2003,1A1C,ABFLOW011,Coal,,,0.0
Romania,2003,1A1C,ABFLOW011,Natural gas,,,0.0
Romania,2003,1A1C,ABFLOW011,Oil,,,0.0
Romania,2003,1A2,ABFLOW012,Coal,,,0.0
Romania,2003,1A2,ABFLOW012,Natural gas,,,0.0
Romania,2003,1A2,ABFLOW012,Oil,,,0.0
Romania,2003,1A2A,ABFLOW016,Coal,,,0.0
Romania,2003,1A2A,ABFLOW016,Natural gas,,,0.0
Romania,2003,1A2A,ABFLOW016,Oil,,,0.0
Romania,2003,1A2B,ABFLOW018,Coal,,,0.0
Romania,2003,1A2B,ABFLOW018,Natural gas,,,0.0
Romania,2003,1A2B,ABFLOW018,Oil,,,0.0
Romania,2003,1A2C,ABFLOW017,Coal,,,0.0
Romania,2003,1A2C,ABFLOW017,Natural gas,,,0.0
Romania,2003,1A2C,ABFLOW017,Oil,,,0.0
Romania,2003,1A2D,ABFLOW023,Coal,,,0.0
Romania,2003,1A2D,ABFLOW023,Natural gas,,,0.0
Romania,2003,1A2D,ABFLOW023,Oil,,,0.0
Romania,2003,1A2E,ABFLOW022,Coal,,,0.0
Romania,2003,1A2E,ABFLOW022,Natural gas,,,0.0
Romania,2003,1A2E,ABFLOW022,Oil,,,0.0
Romania,2003,1A2F,ABFLOW019,Coal,,,0.0
Romania,2003,1A2F,ABFLOW019,Natural gas,,,0.0
Romania,2003,1A2F,ABFLOW019,Oil,,,0.0
Romania,2003,1A2G,ABFLOW020,Coal,,,0.0
Romania,2003,1A2G,ABFLOW020,Natural gas,,,0.0
Romania,2003,1A2G,ABFLOW020,Oil,,,0.0
Romania,2003,1A2H,ABFLOW021,Coal,,,0.0
Romania,2003,1A2H,ABFLOW021,Natural gas,,,0.0
Romania,2003,1A2H,ABFLOW021,Oil,,,0.0
Romania,2003,1A2I,ABFLOW013,Coal,,,0.0
Romania,2003,1A2I,ABFLOW013,Natural gas,,,0.0
Romania,2003,1A2I,ABFLOW013,Oil,,,0.0
Romania,2003,1A2J,ABFLOW024,Coal,,,0.0
Romania,2003,1A2J,ABFLOW024,Natural gas,,,0.0
Romania,2003,1A2J,ABFLOW024,Oil,,,0.0
Romania,2003,1A2K,ABFLOW014,Coal,,,0.0
Romania,2003,1A2K,ABFLOW014,Natural gas,,,0.0
Romania,2003,1A2K,ABFLOW014,Oil,,,0.0
Romania,2003,1A2L,ABFLOW025,Coal,,,0.0
Romania,2003,1A2L,ABFLOW025,Natural gas,,,0.0
Romania,2003,1A2L,ABFLOW025,Oil,,,0.0
Romania,2003,1A2M,ABFLOW026,Coal,,,0.0
Romania,2003,1A2M,ABFLOW026,Natural gas,,,0.0
Romania,2003,1A2M,ABFLOW026,Oil,,,0.0
Romania,2003,1A3,ABFLOW027,Coal,,,0.0
Romania,2003,1A3,ABFLOW027,Natural gas,,,0.0
Romania,2003,1A3,ABFLOW027,Oil,,,0.0
Romania,2003,1A3A1,ABFLOW040,Coal,,,0.0
Romania,2003,1A3A1,ABFLOW040,Natural gas,,,0.0
Romania,2003,1A3A1,ABFLOW040,Oil,,,0.0
Romania,2003,1A3A2,ABFLOW029,Coal,,,0.0
Romania,2003,1A3A2,ABFLOW029,Natural gas,,,0.0
Romania,2003,1A3A2,ABFLOW029,Oil,,,0.0
Romania,2003,1A3B,ABFLOW028,Coal,,,0.0
Romania,2003,1A3B,ABFLOW028,Natural gas,,,0.0
Romania,2003,1A3B,ABFLOW028,Oil,,,0.0
Romania,2003,1A3C,ABFLOW030,Coal,,,0.0
Romania,2003,1A3C,ABFLOW030,Natural gas,,,0.0
Romania,2003,1A3C,ABFLOW030,Oil,,,0.0
Romania,2003,1A3D1,ABFLOW039,Coal,,,0.0
Romania,2003,1A3D1,ABFLOW039,Natural gas,,,0.0
Romania,2003,1A3D1,ABFLOW039,Oil,,,0.0
Romania,2003,1A3D2,ABFLOW032,Coal,,,0.0
Romania,2003,1A3D2,ABFLOW032,Natural gas,,,0.0
Romania,2003,1A3D2,ABFLOW032,Oil,,,0.0
Romania,2003,1A3E1,ABFLOW033,Coal,,,0.0
Romania,2003,1A3E1,ABFLOW033,Natural gas,,,0.0
Romania,2003,1A3E1,ABFLOW033,Oil,,,0.0
Romania,2003,1A4A,ABFLOW035,Coal,,,0.0
Romania,2003,1A4A,ABFLOW035,Natural gas,,,0.0
Romania,2003,1A4A,ABFLOW035,Oil,,,0.0
Romania,2003,1A4B,ABFLOW034,Coal,,,0.0
Romania,2003,1A4B,ABFLOW034,Natural gas,,,0.0
Romania,2003,1A4B,ABFLOW034,Oil,,,0.0
Romania,2003,1A4C1,ABFLOW036,Coal,,,0.0
Romania,2003,1A4C1,ABFLOW036,Natural gas,,,0.0
Romania,2003,1A4C1,ABFLOW036,Oil,,,0.0
Romania,2003,1A4C2,ABFLOW037,Coal,,,0.0
Romania,2003,1A4C2,ABFLOW037,Natural gas,,,0.0
Romania,2003,1A4C2,ABFLOW037,Oil,,,0.0
Romania,2003,1A5,ABFLOW038,Coal,,,0.0
Romania,2003,1A5,ABFLOW038,Natural gas,,,0.0
Romania,2003,1A5,ABFLOW038,Oil,,,0.0
Romania,2004,1A,ABFLOW001,Coal,,,0.0
Romania,2004,1A,ABFLOW001,Natural gas,,,0.0
Romania,2004,1A,ABFLOW001,Oil,,,0.0
Romania,2004,1A1A,ABFLOW002,Coal,,,0.0
Romania,2004,1A1A,ABFLOW002,Natural gas,,,0.0
Romania,2004,1A1A,ABFLOW002,Oil,,,0.0
Romania,2004,1A1A1,ABFLOW003,Coal,,,0.0
Romania,2004,1A1A1,ABFLOW003,Natural gas,,,0.0
Romania,2004,1A1A1,ABFLOW003,Oil,,,0.0
Romania,2004,1A1A2,ABFLOW004,Coal,,,0.0
Romania,2004,1A1A2,ABFLOW004,Natural gas,,,0.0
Romania,2004,1A1A2,ABFLOW004,Oil,,,0.0
Romania,2004,1A1A3,ABFLOW005,Coal,,,0.0
Romania,2004,1A1A3,ABFLOW005,Natural gas,,,0.0
Romania,2004,1A1A3,ABFLOW005,Oil,,,0.0
Romania,2004,1A1B,ABFLOW011,Coal,,,0.0
Romania,2004,1A1B,ABFLOW011,Natural gas,,,0.0
Romania,2004,1A1B,ABFLOW011,Oil,,,0.0
Romania,2004,1A1C,ABFLOW011,Coal,,,0.0
Romania,2004,1A1C,ABFLOW011,Natural gas,,,0.0
Romania,2004,1A1C,ABFLOW011,Oil,,,0.0
Romania,2004,1A2,ABFLOW012,Coal,,,0.0
Romania,2004,1A2,ABFLOW012,Natural gas,,,0.0
Romania,2004,1A2,ABFLOW012,Oil,,,0.0
Romania,2004,1A2A,ABFLOW016,Coal,,,0.0
Romania,2004,1A2A,ABFLOW016,Natural gas,,,0.0
Romania,2004,1A2A,ABFLOW016,Oil,,,0.0
Romania,2004,1A2B,ABFLOW018,Coal,,,0.0
Romania,2004,1A2B,ABFLOW018,Natural gas,,,0.0
Romania,2004,1A2B,ABFLOW018,Oil,,,0.0
Romania,2004,1A2C,ABFLOW017,Coal,,,0.0
Romania,2004,1A2C,ABFLOW017,Natural gas,,,0.0
Romania,2004,1A2C,ABFLOW017,Oil,,,0.0
Romania,2004,1A2D,ABFLOW023,Coal,,,0.0
Romania,2004,1A2D,ABFLOW023,Natural gas,,,0.0
Romania,2004,1A2D,ABFLOW023,Oil,,,0.0
Romania,2004,1A2E,ABFLOW022,Coal,,,0.0
Romania,2004,1A2E,ABFLOW022,Natural gas,,,0.0
Romania,2004,1A2E,ABFLOW022,Oil,,,0.0
Romania,2004,1A2F,ABFLOW019,Coal,,,0.0
Romania,2004,1A2F,ABFLOW019,Natural gas,,,0.0
Romania,2004,1A2F,ABFLOW019,Oil,,,0.0
Romania,2004,1A2G,ABFLOW020,Coal,,,0.0
Romania,2004,1A2G,ABFLOW020,Natural gas,,,0.0
Romania,2004,1A2G,ABFLOW020,Oil,,,0.0
Romania,2004,1A2H,ABFLOW021,Coal,,,0.0
Romania,2004,1A2H,ABFLOW021,Natural gas,,,0.0
Romania,2004,1A2H,ABFLOW021,Oil,,,0.0
Romania,2004,1A2I,ABFLOW013,Coal,,,0.0
Romania,2004,1A2I,ABFLOW013,Natural gas,,,0.0
Romania,2004,1A2I,ABFLOW013,Oil,,,0.0
Romania,2004,1A2J,ABFLOW024,Coal,,,0.0
Romania,2004,1A2J,ABFLOW024,Natural gas,,,0.0
Romania,2004,1A2J,ABFLOW024,Oil,,,0.0
Romania,2004,1A2K,ABFLOW014,Coal,,,0.0
Romania,2004,1A2K,ABFLOW014,Natural gas,,,0.0
Romania,2004,1A2K,ABFLOW014,Oil,,,0.0
Romania,2004,1A2L,ABFLOW025,Coal,,,0.0
Romania,2004,1A2L,ABFLOW025,Natural gas,,,0.0
Romania,2004,1A2L,ABFLOW025,Oil,,,0.0
Romania,2004,1A2M,ABFLOW026,Coal,,,0.0
Romania,2004,1A2M,ABFLOW026,Natural gas,,,0.0
Romania,2004,1A2M,ABFLOW026,Oil,,,0.0
Romania,2004,1A3,ABFLOW027,Coal,,,0.0
Romania,2004,1A3,ABFLOW027,Natural gas,,,0.0
Romania,2004,1A3,ABFLOW027,Oil,,,0.0
Romania,2004,1A3A1,ABFLOW040,Coal,,,0.0
Romania,2004,1A3A1,ABFLOW040,Natural gas,,,0.0
Romania,2004,1A3A1,ABFLOW040,Oil,,,0.0
Romania,2004,1A3A2,ABFLOW029,Coal,,,0.0
Romania,2004,1A3A2,ABFLOW029,Natural gas,,,0.0
Romania,2004,1A3A2,ABFLOW029,Oil,,,0.0
Romania,2004,1A3B,ABFLOW028,Coal,,,0.0
Romania,2004,1A3B,ABFLOW028,Natural gas,,,0.0
Romania,2004,1A3B,ABFLOW028,Oil,,,0.0
Romania,2004,1A3C,ABFLOW030,Coal,,,0.0
Romania,2004,1A3C,ABFLOW030,Natural gas,,,0.0
Romania,2004,1A3C,ABFLOW030,Oil,,,0.0
Romania,2004,1A3D1,ABFLOW039,Coal,,,0.0
Romania,2004,1A3D1,ABFLOW039,Natural gas,,,0.0
Romania,2004,1A3D1,ABFLOW039,Oil,,,0.0
Romania,2004,1A3D2,ABFLOW032,Coal,,,0.0
Romania,2004,1A3D2,ABFLOW032,Natural gas,,,0.0
Romania,2004,1A3D2,ABFLOW032,Oil,,,0.0
Romania,2004,1A3E1,ABFLOW033,Coal,,,0.0
Romania,2004,1A3E1,ABFLOW033,Natural gas,,,0.0
Romania,2004,1A3E1,ABFLOW033,Oil,,,0.0
Romania,2004,1A4A,ABFLOW035,Coal,,,0.0
Romania,2004,1A4A,ABFLOW035,Natural gas,,,0.0
Romania,2004,1A4A,ABFLOW035,Oil,,,0.0
Romania,2004,1A4B,ABFLOW034,Coal,,,0.0
Romania,2004,1A4B,ABFLOW034,Natural gas,,,0.0
Romania,2004,1A4B,ABFLOW034,Oil,,,0.0
Romania,2004,1A4C1,ABFLOW036,Coal,,,0.0
Romania,2004,1A4C1,ABFLOW036,Natural gas,,,0.0
Romania,2004,1A4C1,ABFLOW036,Oil,,,0.0
Romania,2004,1A4C2,ABFLOW037,Coal,,,0.0
Romania,2004,1A4C2,ABFLOW037,Natural gas,,,0.0
Romania,2004,1A4C2,ABFLOW037,Oil,,,0.0
Romania,2004,1A5,ABFLOW038,Coal,,,0.0
Romania,2004,1A5,ABFLOW038,Natural gas,,,0.0
Romania,2004,1A5,ABFLOW038,Oil,,,0.0
Romania,2005,1A,ABFLOW001,Coal,,,0.0
Romania,2005,1A,ABFLOW001,Natural gas,,,0.0
Romania,2005,1A,ABFLOW001,Oil,,,0.0
Romania,2005,1A1A,ABFLOW002,Coal,,,0.0
Romania,2005,1A1A,ABFLOW002,Natural gas,,,0.0
Romania,2005,1A1A,ABFLOW002,Oil,,,0.0
Romania,2005,1A1A1,ABFLOW003,Coal,,,0.0
Romania,2005,1A1A1,ABFLOW003,Natural gas,,,0.0
Romania,2005,1A1A1,ABFLOW003,Oil,,,0.0
Romania,2005,1A1A2,ABFLOW004,Coal,,,0.0
Romania,2005,1A1A2,ABFLOW004,Natural gas,,,0.0
Romania,2005,1A1A2,ABFLOW004,Oil,,,0.0
Romania,2005,1A1A3,ABFLOW005,Coal,,,0.0
Romania,2005,1A1A3,ABFLOW005,Natural gas,,,0.0
Romania,2005,1A1A3,ABFLOW005,Oil,,,0.0
Romania,2005,1A1B,ABFLOW011,Coal,,,0.0
Romania,2005,1A1B,ABFLOW011,Natural gas,,,0.0
Romania,2005,1A1B,ABFLOW011,Oil,,,0.0
Romania,2005,1A1C,ABFLOW011,Coal,,,0.0
Romania,2005,1A1C,ABFLOW011,Natural gas,,,0.0
Romania,2005,1A1C,ABFLOW011,Oil,,,0.0
Romania,2005,1A2,ABFLOW012,Coal,,,0.0
Romania,2005,1A2,ABFLOW012,Natural gas,,,0.0
Romania,2005,1A2,ABFLOW012,Oil,,,0.0
Romania,2005,1A2A,ABFLOW016,Coal,,,0.0
Romania,2005,1A2A,ABFLOW016,Natural gas,,,0.0
Romania,2005,1A2A,ABFLOW016,Oil,,,0.0
Romania,2005,1A2B,ABFLOW018,Coal,,,0.0
Romania,2005,1A2B,ABFLOW018,Natural gas,,,0.0
Romania,2005,1A2B,ABFLOW018,Oil,,,0.0
Romania,2005,1A2C,ABFLOW017,Coal,,,0.0
Romania,2005,1A2C,ABFLOW017,Natural gas,,,0.0
Romania,2005,1A2C,ABFLOW017,Oil,,,0.0
Romania,2005,1A2D,ABFLOW023,Coal,,,0.0
Romania,2005,1A2D,ABFLOW023,Natural gas,,,0.0
Romania,2005,1A2D,ABFLOW023,Oil,,,0.0
Romania,2005,1A2E,ABFLOW022,Coal,,,0.0
Romania,2005,1A2E,ABFLOW022,Natural gas,,,0.0
Romania,2005,1A2E,ABFLOW022,Oil,,,0.0
Romania,2005,1A2F,ABFLOW019,Coal,,,0.0
Romania,2005,1A2F,ABFLOW019,Natural gas,,,0.0
Romania,2005,1A2F,ABFLOW019,Oil,,,0.0
Romania,2005,1A2G,ABFLOW020,Coal,,,0.0
Romania,2005,1A2G,ABFLOW020,Natural gas,,,0.0
Romania,2005,1A2G,ABFLOW020,Oil,,,0.0
Romania,2005,1A2H,ABFLOW021,Coal,,,0.0
Romania,2005,1A2H,ABFLOW021,Natural gas,,,0.0
Romania,2005,1A2H,ABFLOW021,Oil,,,0.0
Romania,2005,1A2I,ABFLOW013,Coal,,,0.0
Romania,2005,1A2I,ABFLOW013,Natural gas,,,0.0
Romania,2005,1A2I,ABFLOW013,Oil,,,0.0
Romania,2005,1A2J,ABFLOW024,Coal,,,0.0
Romania,2005,1A2J,ABFLOW024,Natural gas,,,0.0
Romania,2005,1A2J,ABFLOW024,Oil,,,0.0
Romania,2005,1A2K,ABFLOW014,Coal,,,0.0
Romania,2005,1A2K,ABFLOW014,Natural gas,,,0.0
Romania,2005,1A2K,ABFLOW014,Oil,,,0.0
Romania,2005,1A2L,ABFLOW025,Coal,,,0.0
Romania,2005,1A2L,ABFLOW025,Natural gas,,,0.0
Romania,2005,1A2L,ABFLOW025,Oil,,,0.0
Romania,2005,1A2M,ABFLOW026,Coal,,,0.0
Romania,2005,1A2M,ABFLOW026,Natural gas,,,0.0
Romania,2005,1A2M,ABFLOW026,Oil,,,0.0
Romania,2005,1A3,ABFLOW027,Coal,,,0.0
Romania,2005,1A3,ABFLOW027,Natural gas,,,0.0
Romania,2005,1A3,ABFLOW027,Oil,,,0.0
Romania,2005,1A3A1,ABFLOW040,Coal,,,0.0
Romania,2005,1A3A1,ABFLOW040,Natural gas,,,0.0
Romania,2005,1A3A1,ABFLOW040,Oil,,,0.0
Romania,2005,1A3A2,ABFLOW029,Coal,,,0.0
Romania,2005,1A3A2,ABFLOW029,Natural gas,,,0.0
Romania,2005,1A3A2,ABFLOW029,Oil,,,0.0
Romania,2005,1A3B,ABFLOW028,Coal,,,0.0
Romania,2005,1A3B,ABFLOW028,Natural gas,,,0.0
Romania,2005,1A3B,ABFLOW028,Oil,,,0.0
Romania,2005,1A3C,ABFLOW030,Coal,,,0.0
Romania,2005,1A3C,ABFLOW030,Natural gas,,,0.0
Romania,2005,1A3C,ABFLOW030,Oil,,,0.0
Romania,2005,1A3D1,ABFLOW039,Coal,,,0.0
Romania,2005,1A3D1,ABFLOW039,Natural gas,,,0.0
Romania,2005,1A3D1,ABFLOW039,Oil,,,0.0
Romania,2005,1A3D2,ABFLOW032,Coal,,,0.0
Romania,2005,1A3D2,ABFLOW032,Natural gas,,,0.0
Romania,2005,1A3D2,ABFLOW032,Oil,,,0.0
Romania,2005,1A3E1,ABFLOW033,Coal,,,0.0
Romania,2005,1A3E1,ABFLOW033,Natural gas,,,0.0
Romania,2005,1A3E1,ABFLOW033,Oil,,,0.0
Romania,2005,1A4A,ABFLOW035,Coal,,,0.0
Romania,2005,1A4A,ABFLOW035,Natural gas,,,0.0
Romania,2005,1A4A,ABFLOW035,Oil,,,0.0
Romania,2005,1A4B,ABFLOW034,Coal,,,0.0
Romania,2005,1A4B,ABFLOW034,Natural gas,,,0.0
Romania,2005,1A4B,ABFLOW034,Oil,,,0.0
Romania,2005,1A4C1,ABFLOW036,Coal,,,0.0
Romania,2005,1A4C1,ABFLOW036,Natural gas,,,0.0
Romania,2005,1A4C1,ABFLOW036,Oil,,,0.0
Romania,2005,1A4C2,ABFLOW037,Coal,,,0.0
Romania,2005,1A4C2,ABFLOW037,Natural gas,,,0.0
Romania,2005,1A4C2,ABFLOW037,Oil,,,0.0
Romania,2005,1A5,ABFLOW038,Coal,,,0.0
Romania,2005,1A5,ABFLOW038,Natural gas,,,0.0
Romania,2005,1A5,ABFLOW038,Oil,,,0.0
Romania,2006,1A,ABFLOW001,Coal,,,0.0
Romania,2006,1A,ABFLOW001,Natural gas,,,0.0
Romania,2006,1A,ABFLOW001,Oil,,,0.0
Romania,2006,1A1A,ABFLOW002,Coal,,,0.0
Romania,2006,1A1A,ABFLOW002,Natural gas,,,0.0
Romania,2006,1A1A,ABFLOW002,Oil,,,0.0
Romania,2006,1A1A1,ABFLOW003,Coal,,,0.0
Romania,2006,1A1A1,ABFLOW003,Natural gas,,,0.0
Romania,2006,1A1A1,ABFLOW003,Oil,,,0.0
Romania,2006,1A1A2,ABFLOW004,Coal,,,0.0
Romania,2006,1A1A2,ABFLOW004,Natural gas,,,0.0
Romania,2006,1A1A2,ABFLOW004,Oil,,,0.0
Romania,2006,1A1A3,ABFLOW005,Coal,,,0.0
Romania,2006,1A1A3,ABFLOW005,Natural gas,,,0.0
Romania,2006,1A1A3,ABFLOW005,Oil,,,0.0
Romania,2006,1A1B,ABFLOW011,Coal,,,0.0
Romania,2006,1A1B,ABFLOW011,Natural gas,,,0.0
Romania,2006,1A1B,ABFLOW011,Oil,,,0.0
Romania,2006,1A1C,ABFLOW011,Coal,,,0.0
Romania,2006,1A1C,ABFLOW011,Natural gas,,,0.0
Romania,2006,1A1C,ABFLOW011,Oil,,,0.0
Romania,2006,1A2,ABFLOW012,Coal,,,0.0
Romania,2006,1A2,ABFLOW012,Natural gas,,,0.0
Romania,2006,1A2,ABFLOW012,Oil,,,0.0
Romania,2006,1A2A,ABFLOW016,Coal,,,0.0
Romania,2006,1A2A,ABFLOW016,Natural gas,,,0.0
Romania,2006,1A2A,ABFLOW016,Oil,,,0.0
Romania,2006,1A2B,ABFLOW018,Coal,,,0.0
Romania,2006,1A2B,ABFLOW018,Natural gas,,,0.0
Romania,2006,1A2B,ABFLOW018,Oil,,,0.0
Romania,2006,1A2C,ABFLOW017,Coal,,,0.0
Romania,2006,1A2C,ABFLOW017,Natural gas,,,0.0
Romania,2006,1A2C,ABFLOW017,Oil,,,0.0
Romania,2006,1A2D,ABFLOW023,Coal,,,0.0
Romania,2006,1A2D,ABFLOW023,Natural gas,,,0.0
Romania,2006,1A2D,ABFLOW023,Oil,,,0.0
Romania,2006,1A2E,ABFLOW022,Coal,,,0.0
Romania,2006,1A2E,ABFLOW022,Natural gas,,,0.0
Romania,2006,1A2E,ABFLOW022,Oil,,,0.0
Romania,2006,1A2F,ABFLOW019,Coal,,,0.0
Romania,2006,1A2F,ABFLOW019,Natural gas,,,0.0
Romania,2006,1A2F,ABFLOW019,Oil,,,0.0
Romania,2006,1A2G,ABFLOW020,Coal,,,0.0
Romania,2006,1A2G,ABFLOW020,Natural gas,,,0.0
Romania,2006,1A2G,ABFLOW020,Oil,,,0.0
Romania,2006,1A2H,ABFLOW021,Coal,,,0.0
Romania,2006,1A2H,ABFLOW021,Natural gas,,,0.0
Romania,2006,1A2H,ABFLOW021,Oil,,,0.0
Romania,2006,1A2I,ABFLOW013,Coal,,,0.0
Romania,2006,1A2I,ABFLOW013,Natural gas,,,0.0
Romania,2006,1A2I,ABFLOW013,Oil,,,0.0
Romania,2006,1A2J,ABFLOW024,Coal,,,0.0
Romania,2006,1A2J,ABFLOW024,Natural gas,,,0.0
Romania,2006,1A2J,ABFLOW024,Oil,,,0.0
Romania,2006,1A2K,ABFLOW014,Coal,,,0.0
Romania,2006,1A2K,ABFLOW014,Natural gas,,,0.0
Romania,2006,1A2K,ABFLOW014,Oil,,,0.0
Romania,2006,1A2L,ABFLOW025,Coal,,,0.0
Romania,2006,1A2L,ABFLOW025,Natural gas,,,0.0
Romania,2006,1A2L,ABFLOW025,Oil,,,0.0
Romania,2006,1A2M,ABFLOW026,Coal,,,0.0
Romania,2006,1A2M,ABFLOW026,Natural gas,,,0.0
Romania,2006,1A2M,ABFLOW026,Oil,,,0.0
Romania,2006,1A3,ABFLOW027,Coal,,,0.0
Romania,2006,1A3,ABFLOW027,Natural gas,,,0.0
Romania,2006,1A3,ABFLOW027,Oil,,,0.0
Romania,2006,1A3A1,ABFLOW040,Coal,,,0.0
Romania,2006,1A3A1,ABFLOW040,Natural gas,,,0.0
Romania,2006,1A3A1,ABFLOW040,Oil,,,0.0
Romania,2006,1A3A2,ABFLOW029,Coal,,,0.0
Romania,2006,1A3A2,ABFLOW029,Natural gas,,,0.0
Romania,2006,1A3A2,ABFLOW029,Oil,,,0.0
Romania,2006,1A3B,ABFLOW028,Coal,,,0.0
Romania,2006,1A3B,ABFLOW028,Natural gas,,,0.0
Romania,2006,1A3B,ABFLOW028,Oil,,,0.0
Romania,2006,1A3C,ABFLOW030,Coal,,,0.0
Romania,2006,1A3C,ABFLOW030,Natural gas,,,0.0
Romania,2006,1A3C,ABFLOW030,Oil,,,0.0
Romania,2006,1A3D1,ABFLOW039,Coal,,,0.0
Romania,2006,1A3D1,ABFLOW039,Natural gas,,,0.0
Romania,2006,1A3D1,ABFLOW039,Oil,,,0.0
Romania,2006,1A3D2,ABFLOW032,Coal,,,0.0
Romania,2006,1A3D2,ABFLOW032,Natural gas,,,0.0
Romania,2006,1A3D2,ABFLOW032,Oil,,,0.0
Romania,2006,1A3E1,ABFLOW033,Coal,,,0.0
Romania,2006,1A3E1,ABFLOW033,Natural gas,,,0.0
Romania,2006,1A3E1,ABFLOW033,Oil,,,0.0
Romania,2006,1A4A,ABFLOW035,Coal,,,0.0
Romania,2006,1A4A,ABFLOW035,Natural gas,,,0.0
Romania,2006,1A4A,ABFLOW035,Oil,,,0.0
Romania,2006,1A4B,ABFLOW034,Coal,,,0.0
Romania,2006,1A4B,ABFLOW034,Natural gas,,,0.0
Romania,2006,1A4B,ABFLOW034,Oil,,,0.0
Romania,2006,1A4C1,ABFLOW036,Coal,,,0.0
Romania,2006,1A4C1,ABFLOW036,Natural gas,,,0.0
Romania,2006,1A4C1,ABFLOW036,Oil,,,0.0
Romania,2006,1A4C2,ABFLOW037,Coal,,,0.0
Romania,2006,1A4C2,ABFLOW037,Natural gas,,,0.0
Romania,2006,1A4C2,ABFLOW037,Oil,,,0.0
Romania,2006,1A5,ABFLOW038,Coal,,,0.0
Romania,2006,1A5,ABFLOW038,Natural gas,,,0.0
Romania,2006,1A5,ABFLOW038,Oil,,,0.0
Romania,2007,1A,ABFLOW001,Coal,,,0.0
Romania,2007,1A,ABFLOW001,Natural gas,,,0.0
Romania,2007,1A,ABFLOW001,Oil,,,0.0
Romania,2007,1A1A,ABFLOW002,Coal,,,0.0
Romania,2007,1A1A,ABFLOW002,Natural gas,,,0.0
Romania,2007,1A1A,ABFLOW002,Oil,,,0.0
Romania,2007,1A1A1,ABFLOW003,Coal,1.4797289435689582,,1.4797289435689582
Romania,2007,1A1A1,ABFLOW003,Natural gas,1.4797289435689582,,1.4797289435689582
Romania,2007,1A1A1,ABFLOW003,Oil,1.4797289435689582,,1.4797289435689582
Romania,2007,1A1A2,ABFLOW004,Coal,1.4797289435689582,,1.4797289435689582
Romania,2007,1A1A2,ABFLOW004,Natural gas,1.4797289435689582,,1.4797289435689582
Romania,2007,1A1A2,ABFLOW004,Oil,1.4797289435689582,,1.4797289435689582
Romania,2007,1A1A3,ABFLOW005,Coal,1.4797289435689582,,1.4797289435689582
Romania,2007,1A1A3,ABFLOW005,Natural gas,1.4797289435689582,,1.4797289435689582
Romania,2007,1A1A3,ABFLOW005,Oil,1.4797289435689582,,1.4797289435689582
Romania,2007,1A1B,ABFLOW011,Coal,1.4797289435689582,,1.4797289435689582
Romania,2007,1A1B,ABFLOW011,Natural gas,1.4797289435689582,,1.4797289435689582
Romania,2007,1A1B,ABFLOW011,Oil,1.4797289435689582,,1.4797289435689582
Romania,2007,1A1C,ABFLOW011,Coal,1.4797289435689582,,1.4797289435689582
Romania,2007,1A1C,ABFLOW011,Natural gas,1.4797289435689582,,1.4797289435689582
Romania,2007,1A1C,ABFLOW011,Oil,1.4797289435689582,,1.4797289435689582
Romania,2007,1A2,ABFLOW012,Coal,,,0.0
Romania,2007,1A2,ABFLOW012,Natural gas,,,0.0
Romania,2007,1A2,ABFLOW012,Oil,,,0.0
Romania,2007,1A2A,ABFLOW016,Coal,1.4797289435689582,,1.4797289435689582
Romania,2007,1A2A,ABFLOW016,Natural gas,1.4797289435689582,,1.4797289435689582
Romania,2007,1A2A,ABFLOW016,Oil,1.4797289435689582,,1.4797289435689582
Romania,2007,1A2B,ABFLOW018,Coal,1.4797289435689582,,1.4797289435689582
Romania,2007,1A2B,ABFLOW018,Natural gas,1.4797289435689582,,1.4797289435689582
Romania,2007,1A2B,ABFLOW018,Oil,1.4797289435689582,,1.4797289435689582
Romania,2007,1A2C,ABFLOW017,Coal,1.4797289435689582,,1.4797289435689582
Romania,2007,1A2C,ABFLOW017,Natural gas,1.4797289435689582,,1.4797289435689582
Romania,2007,1A2C,ABFLOW017,Oil,1.4797289435689582,,1.4797289435689582
Romania,2007,1A2D,ABFLOW023,Coal,1.4797289435689582,,1.4797289435689582
Romania,2007,1A2D,ABFLOW023,Natural gas,1.4797289435689582,,1.4797289435689582
Romania,2007,1A2D,ABFLOW023,Oil,1.4797289435689582,,1.4797289435689582
Romania,2007,1A2E,ABFLOW022,Coal,1.4797289435689582,,1.4797289435689582
Romania,2007,1A2E,ABFLOW022,Natural gas,1.4797289435689582,,1.4797289435689582
Romania,2007,1A2E,ABFLOW022,Oil,1.4797289435689582,,1.4797289435689582
Romania,2007,1A2F,ABFLOW019,Coal,1.4797289435689582,,1.4797289435689582
Romania,2007,1A2F,ABFLOW019,Natural gas,1.4797289435689582,,1.4797289435689582
Romania,2007,1A2F,ABFLOW019,Oil,1.4797289435689582,,1.4797289435689582
Romania,2007,1A2G,ABFLOW020,Coal,1.4797289435689582,,1.4797289435689582
Romania,2007,1A2G,ABFLOW020,Natural gas,1.4797289435689582,,1.4797289435689582
Romania,2007,1A2G,ABFLOW020,Oil,1.4797289435689582,,1.4797289435689582
Romania,2007,1A2H,ABFLOW021,Coal,1.4797289435689582,,1.4797289435689582
Romania,2007,1A2H,ABFLOW021,Natural gas,1.4797289435689582,,1.4797289435689582
Romania,2007,1A2H,ABFLOW021,Oil,1.4797289435689582,,1.4797289435689582
Romania,2007,1A2I,ABFLOW013,Coal,1.4797289435689582,,1.4797289435689582
Romania,2007,1A2I,ABFLOW013,Natural gas,1.4797289435689582,,1.4797289435689582
Romania,2007,1A2I,ABFLOW013,Oil,1.4797289435689582,,1.4797289435689582
Romania,2007,1A2J,ABFLOW024,Coal,1.4797289435689582,,1.4797289435689582
Romania,2007,1A2J,ABFLOW024,Natural gas,1.4797289435689582,,1.4797289435689582
Romania,2007,1A2J,ABFLOW024,Oil,1.4797289435689582,,1.4797289435689582
Romania,2007,1A2K,ABFLOW014,Coal,1.4797289435689582,,1.4797289435689582
Romania,2007,1A2K,ABFLOW014,Natural gas,1.4797289435689582,,1.4797289435689582
Romania,2007,1A2K,ABFLOW014,Oil,1.4797289435689582,,1.4797289435689582
Romania,2007,1A2L,ABFLOW025,Coal,1.4797289435689582,,1.4797289435689582
Romania,2007,1A2L,ABFLOW025,Natural gas,1.4797289435689582,,1.4797289435689582
Romania,2007,1A2L,ABFLOW025,Oil,1.4797289435689582,,1.4797289435689582
Romania,2007,1A2M,ABFLOW026,Coal,1.4797289435689582,,1.4797289435689582
Romania,2007,1A2M,ABFLOW026,Natural gas,1.4797289435689582,,1.4797289435689582
Romania,2007,1A2M,ABFLOW026,Oil,1.4797289435689582,,1.4797289435689582
Romania,2007,1A3,ABFLOW027,Coal,,,0.0
Romania,2007,1A3,ABFLOW027,Natural gas,,,0.0
Romania,2007,1A3,ABFLOW027,Oil,,,0.0
Romania,2007,1A3A1,ABFLOW040,Coal,,,0.0
Romania,2007,1A3A1,ABFLOW040,Natural gas,,,0.0
Romania,2007,1A3A1,ABFLOW040,Oil,,,0.0
Romania,2007,1A3A2,ABFLOW029,Coal,,,0.0
Romania,2007,1A3A2,ABFLOW029,Natural gas,,,0.0
Romania,2007,1A3A2,ABFLOW029,Oil,,,0.0
Romania,2007,1A3B,ABFLOW028,Coal,,,0.0
Romania,2007,1A3B,ABFLOW028,Natural gas,,,0.0
Romania,2007,1A3B,ABFLOW028,Oil,,,0.0
Romania,2007,1A3C,ABFLOW030,Coal,,,0.0
Romania,2007,1A3C,ABFLOW030,Natural gas,,,0.0
Romania,2007,1A3C,ABFLOW030,Oil,,,0.0
Romania,2007,1A3D1,ABFLOW039,Coal,,,0.0
Romania,2007,1A3D1,ABFLOW039,Natural gas,,,0.0
Romania,2007,1A3D1,ABFLOW039,Oil,,,0.0
Romania,2007,1A3D2,ABFLOW032,Coal,,,0.0
Romania,2007,1A3D2,ABFLOW032,Natural gas,,,0.0
Romania,2007,1A3D2,ABFLOW032,Oil,,,0.0
Romania,2007,1A3E1,ABFLOW033,Coal,,,0.0
Romania,2007,1A3E1,ABFLOW033,Natural gas,,,0.0
Romania,2007,1A3E1,ABFLOW033,Oil,,,0.0
Romania,2007,1A4A,ABFLOW035,Coal,,,0.0
Romania,2007,1A4A,ABFLOW035,Natural gas,,,0.0
Romania,2007,1A4A,ABFLOW035,Oil,,,0.0
Romania,2007,1A4B,ABFLOW034,Coal,,,0.0
Romania,2007,1A4B,ABFLOW034,Natural gas,,,0.0
Romania,2007,1A4B,ABFLOW034,Oil,,,0.0
Romania,2007,1A4C1,ABFLOW036,Coal,,,0.0
Romania,2007,1A4C1,ABFLOW036,Natural gas,,,0.0
Romania,2007,1A4C1,ABFLOW036,Oil,,,0.0
Romania,2007,1A4C2,ABFLOW037,Coal,,,0.0
Romania,2007,1A4C2,ABFLOW037,Natural gas,,,0.0
Romania,2007,1A4C2,ABFLOW037,Oil,,,0.0
Romania,2007,1A5,ABFLOW038,Coal,,,0.0
Romania,2007,1A5,ABFLOW038,Natural gas,,,0.0
Romania,2007,1A5,ABFLOW038,Oil,,,0.0
Romania,2008,1A,ABFLOW001,Coal,,,0.0
Romania,2008,1A,ABFLOW001,Natural gas,,,0.0
Romania,2008,1A,ABFLOW001,Oil,,,0.0
Romania,2008,1A1A,ABFLOW002,Coal,,,0.0
Romania,2008,1A1A,ABFLOW002,Natural gas,,,0.0
Romania,2008,1A1A,ABFLOW002,Oil,,,0.0
Romania,2008,1A1A1,ABFLOW003,Coal,33.58723588441407,,33.58723588441407
Romania,2008,1A1A1,ABFLOW003,Natural gas,33.58723588441407,,33.58723588441407
Romania,2008,1A1A1,ABFLOW003,Oil,33.58723588441407,,33.58723588441407
Romania,2008,1A1A2,ABFLOW004,Coal,33.58723588441407,,33.58723588441407
Romania,2008,1A1A2,ABFLOW004,Natural gas,33.58723588441407,,33.58723588441407
Romania,2008,1A1A2,ABFLOW004,Oil,33.58723588441407,,33.58723588441407
Romania,2008,1A1A3,ABFLOW005,Coal,33.58723588441407,,33.58723588441407
Romania,2008,1A1A3,ABFLOW005,Natural gas,33.58723588441407,,33.58723588441407
Romania,2008,1A1A3,ABFLOW005,Oil,33.58723588441407,,33.58723588441407
Romania,2008,1A1B,ABFLOW011,Coal,33.58723588441407,,33.58723588441407
Romania,2008,1A1B,ABFLOW011,Natural gas,33.58723588441407,,33.58723588441407
Romania,2008,1A1B,ABFLOW011,Oil,33.58723588441407,,33.58723588441407
Romania,2008,1A1C,ABFLOW011,Coal,33.58723588441407,,33.58723588441407
Romania,2008,1A1C,ABFLOW011,Natural gas,33.58723588441407,,33.58723588441407
Romania,2008,1A1C,ABFLOW011,Oil,33.58723588441407,,33.58723588441407
Romania,2008,1A2,ABFLOW012,Coal,,,0.0
Romania,2008,1A2,ABFLOW012,Natural gas,,,0.0
Romania,2008,1A2,ABFLOW012,Oil,,,0.0
Romania,2008,1A2A,ABFLOW016,Coal,33.58723588441407,,33.58723588441407
Romania,2008,1A2A,ABFLOW016,Natural gas,33.58723588441407,,33.58723588441407
Romania,2008,1A2A,ABFLOW016,Oil,33.58723588441407,,33.58723588441407
Romania,2008,1A2B,ABFLOW018,Coal,33.58723588441407,,33.58723588441407
Romania,2008,1A2B,ABFLOW018,Natural gas,33.58723588441407,,33.58723588441407
Romania,2008,1A2B,ABFLOW018,Oil,33.58723588441407,,33.58723588441407
Romania,2008,1A2C,ABFLOW017,Coal,33.58723588441407,,33.58723588441407
Romania,2008,1A2C,ABFLOW017,Natural gas,33.58723588441407,,33.58723588441407
Romania,2008,1A2C,ABFLOW017,Oil,33.58723588441407,,33.58723588441407
Romania,2008,1A2D,ABFLOW023,Coal,33.58723588441407,,33.58723588441407
Romania,2008,1A2D,ABFLOW023,Natural gas,33.58723588441407,,33.58723588441407
Romania,2008,1A2D,ABFLOW023,Oil,33.58723588441407,,33.58723588441407
Romania,2008,1A2E,ABFLOW022,Coal,33.58723588441407,,33.58723588441407
Romania,2008,1A2E,ABFLOW022,Natural gas,33.58723588441407,,33.58723588441407
Romania,2008,1A2E,ABFLOW022,Oil,33.58723588441407,,33.58723588441407
Romania,2008,1A2F,ABFLOW019,Coal,33.58723588441407,,33.58723588441407
Romania,2008,1A2F,ABFLOW019,Natural gas,33.58723588441407,,33.58723588441407
Romania,2008,1A2F,ABFLOW019,Oil,33.58723588441407,,33.58723588441407
Romania,2008,1A2G,ABFLOW020,Coal,33.58723588441407,,33.58723588441407
Romania,2008,1A2G,ABFLOW020,Natural gas,33.58723588441407,,33.58723588441407
Romania,2008,1A2G,ABFLOW020,Oil,33.58723588441407,,33.58723588441407
Romania,2008,1A2H,ABFLOW021,Coal,33.58723588441407,,33.58723588441407
Romania,2008,1A2H,ABFLOW021,Natural gas,33.58723588441407,,33.58723588441407
Romania,2008,1A2H,ABFLOW021,Oil,33.58723588441407,,33.58723588441407
Romania,2008,1A2I,ABFLOW013,Coal,33.58723588441407,,33.58723588441407
Romania,2008,1A2I,ABFLOW013,Natural gas,33.58723588441407,,33.58723588441407
Romania,2008,1A2I,ABFLOW013,Oil,33.58723588441407,,33.58723588441407
Romania,2008,1A2J,ABFLOW024,Coal,33.58723588441407,,33.58723588441407
Romania,2008,1A2J,ABFLOW024,Natural gas,33.58723588441407,,33.58723588441407
Romania,2008,1A2J,ABFLOW024,Oil,33.58723588441407,,33.58723588441407
Romania,2008,1A2K,ABFLOW014,Coal,33.58723588441407,,33.58723588441407
Romania,2008,1A2K,ABFLOW014,Natural gas,33.58723588441407,,33.58723588441407
Romania,2008,1A2K,ABFLOW014,Oil,33.58723588441407,,33.58723588441407
Romania,2008,1A2L,ABFLOW025,Coal,33.58723588441407,,33.58723588441407
Romania,2008,1A2L,ABFLOW025,Natural gas,33.58723588441407,,33.58723588441407
Romania,2008,1A2L,ABFLOW025,Oil,33.58723588441407,,33.58723588441407
Romania,2008,1A2M,ABFLOW026,Coal,33.58723588441407,,33.58723588441407
Romania,2008,1A2M,ABFLOW026,Natural gas,33.58723588441407,,33.58723588441407
Romania,2008,1A2M,ABFLOW026,Oil,33.58723588441407,,33.58723588441407
Romania,2008,1A3,ABFLOW027,Coal,,,0.0
Romania,2008,1A3,ABFLOW027,Natural gas,,,0.0
Romania,2008,1A3,ABFLOW027,Oil,,,0.0
Romania,2008,1A3A1,ABFLOW040,Coal,,,0.0
Romania,2008,1A3A1,ABFLOW040,Natural gas,,,0.0
Romania,2008,1A3A1,ABFLOW040,Oil,,,0.0
Romania,2008,1A3A2,ABFLOW029,Coal,,,0.0
Romania,2008,1A3A2,ABFLOW029,Natural gas,,,0.0
Romania,2008,1A3A2,ABFLOW029,Oil,,,0.0
Romania,2008,1A3B,ABFLOW028,Coal,,,0.0
Romania,2008,1A3B,ABFLOW028,Natural gas,,,0.0
Romania,2008,1A3B,ABFLOW028,Oil,,,0.0
Romania,2008,1A3C,ABFLOW030,Coal,,,0.0
Romania,2008,1A3C,ABFLOW030,Natural gas,,,0.0
Romania,2008,1A3C,ABFLOW030,Oil,,,0.0
Romania,2008,1A3D1,ABFLOW039,Coal,,,0.0
Romania,2008,1A3D1,ABFLOW039,Natural gas,,,0.0
Romania,2008,1A3D1,ABFLOW039,Oil,,,0.0
Romania,2008,1A3D2,ABFLOW032,Coal,,,0.0
Romania,2008,1A3D2,ABFLOW032,Natural gas,,,0.0
Romania,2008,1A3D2,ABFLOW032,Oil,,,0.0
Romania,2008,1A3E1,ABFLOW033,Coal,,,0.0
Romania,2008,1A3E1,ABFLOW033,Natural gas,,,0.0
Romania,2008,1A3E1,ABFLOW033,Oil,,,0.0
Romania,2008,1A4A,ABFLOW035,Coal,,,0.0
Romania,2008,1A4A,ABFLOW035,Natural gas,,,0.0
Romania,2008,1A4A,ABFLOW035,Oil,,,0.0
Romania,2008,1A4B,ABFLOW034,Coal,,,0.0
Romania,2008,1A4B,ABFLOW034,Natural gas,,,0.0
Romania,2008,1A4B,ABFLOW034,Oil,,,0.0
Romania,2008,1A4C1,ABFLOW036,Coal,,,0.0
Romania,2008,1A4C1,ABFLOW036,Natural gas,,,0.0
Romania,2008,1A4C1,ABFLOW036,Oil,,,0.0
Romania,2008,1A4C2,ABFLOW037,Coal,,,0.0
Romania,2008,1A4C2,ABFLOW037,Natural gas,,,0.0
Romania,2008,1A4C2,ABFLOW037,Oil,,,0.0
Romania,2008,1A5,ABFLOW038,Coal,,,0.0
Romania,2008,1A5,ABFLOW038,Natural gas,,,0.0
Romania,2008,1A5,ABFLOW038,Oil,,,0.0
Romania,2009,1A,ABFLOW001,Coal,,,0.0
Romania,2009,1A,ABFLOW001,Natural gas,,,0.0
Romania,2009,1A,ABFLOW001,Oil,,,0.0
Romania,2009,1A1A,ABFLOW002,Coal,,,0.0
Romania,2009,1A1A,ABFLOW002,Natural gas,,,0.0
Romania,2009,1A1A,ABFLOW002,Oil,,,0.0
Romania,2009,1A1A1,ABFLOW003,Coal,24.413759044482415,,24.413759044482415
Romania,2009,1A1A1,ABFLOW003,Natural gas,24.413759044482415,,24.413759044482415
Romania,2009,1A1A1,ABFLOW003,Oil,24.413759044482415,,24.413759044482415
Romania,2009,1A1A2,ABFLOW004,Coal,24.413759044482415,,24.413759044482415
Romania,2009,1A1A2,ABFLOW004,Natural gas,24.413759044482415,,24.413759044482415
Romania,2009,1A1A2,ABFLOW004,Oil,24.413759044482415,,24.413759044482415
Romania,2009,1A1A3,ABFLOW005,Coal,24.413759044482415,,24.413759044482415
Romania,2009,1A1A3,ABFLOW005,Natural gas,24.413759044482415,,24.413759044482415
Romania,2009,1A1A3,ABFLOW005,Oil,24.413759044482415,,24.413759044482415
Romania,2009,1A1B,ABFLOW011,Coal,24.413759044482415,,24.413759044482415
Romania,2009,1A1B,ABFLOW011,Natural gas,24.413759044482415,,24.413759044482415
Romania,2009,1A1B,ABFLOW011,Oil,24.413759044482415,,24.413759044482415
Romania,2009,1A1C,ABFLOW011,Coal,24.413759044482415,,24.413759044482415
Romania,2009,1A1C,ABFLOW011,Natural gas,24.413759044482415,,24.413759044482415
Romania,2009,1A1C,ABFLOW011,Oil,24.413759044482415,,24.413759044482415
Romania,2009,1A2,ABFLOW012,Coal,,,0.0
Romania,2009,1A2,ABFLOW012,Natural gas,,,0.0
Romania,2009,1A2,ABFLOW012,Oil,,,0.0
Romania,2009,1A2A,ABFLOW016,Coal,24.413759044482415,,24.413759044482415
Romania,2009,1A2A,ABFLOW016,Natural gas,24.413759044482415,,24.413759044482415
Romania,2009,1A2A,ABFLOW016,Oil,24.413759044482415,,24.413759044482415
Romania,2009,1A2B,ABFLOW018,Coal,24.413759044482415,,24.413759044482415
Romania,2009,1A2B,ABFLOW018,Natural gas,24.413759044482415,,24.413759044482415
Romania,2009,1A2B,ABFLOW018,Oil,24.413759044482415,,24.413759044482415
Romania,2009,1A2C,ABFLOW017,Coal,24.413759044482415,,24.413759044482415
Romania,2009,1A2C,ABFLOW017,Natural gas,24.413759044482415,,24.413759044482415
Romania,2009,1A2C,ABFLOW017,Oil,24.413759044482415,,24.413759044482415
Romania,2009,1A2D,ABFLOW023,Coal,24.413759044482415,,24.413759044482415
Romania,2009,1A2D,ABFLOW023,Natural gas,24.413759044482415,,24.413759044482415
Romania,2009,1A2D,ABFLOW023,Oil,24.413759044482415,,24.413759044482415
Romania,2009,1A2E,ABFLOW022,Coal,24.413759044482415,,24.413759044482415
Romania,2009,1A2E,ABFLOW022,Natural gas,24.413759044482415,,24.413759044482415
Romania,2009,1A2E,ABFLOW022,Oil,24.413759044482415,,24.413759044482415
Romania,2009,1A2F,ABFLOW019,Coal,24.413759044482415,,24.413759044482415
Romania,2009,1A2F,ABFLOW019,Natural gas,24.413759044482415,,24.413759044482415
Romania,2009,1A2F,ABFLOW019,Oil,24.413759044482415,,24.413759044482415
Romania,2009,1A2G,ABFLOW020,Coal,24.413759044482415,,24.413759044482415
Romania,2009,1A2G,ABFLOW020,Natural gas,24.413759044482415,,24.413759044482415
Romania,2009,1A2G,ABFLOW020,Oil,24.413759044482415,,24.413759044482415
Romania,2009,1A2H,ABFLOW021,Coal,24.413759044482415,,24.413759044482415
Romania,2009,1A2H,ABFLOW021,Natural gas,24.413759044482415,,24.413759044482415
Romania,2009,1A2H,ABFLOW021,Oil,24.413759044482415,,24.413759044482415
Romania,2009,1A2I,ABFLOW013,Coal,24.413759044482415,,24.413759044482415
Romania,2009,1A2I,ABFLOW013,Natural gas,24.413759044482415,,24.413759044482415
Romania,2009,1A2I,ABFLOW013,Oil,24.413759044482415,,24.413759044482415
Romania,2009,1A2J,ABFLOW024,Coal,24.413759044482415,,24.413759044482415
Romania,2009,1A2J,ABFLOW024,Natural gas,24.413759044482415,,24.413759044482415
Romania,2009,1A2J,ABFLOW024,Oil,24.413759044482415,,24.413759044482415
Romania,2009,1A2K,ABFLOW014,Coal,24.413759044482415,,24.413759044482415
Romania,2009,1A2K,ABFLOW014,Natural gas,24.413759044482415,,24.413759044482415
Romania,2009,1A2K,ABFLOW014,Oil,24.413759044482415,,24.413759044482415
Romania,2009,1A2L,ABFLOW025,Coal,24.413759044482415,,24.413759044482415
Romania,2009,1A2L,ABFLOW025,Natural gas,24.413759044482415,,24.413759044482415
Romania,2009,1A2L,ABFLOW025,Oil,24.413759044482415,,24.413759044482415
Romania,2009,1A2M,ABFLOW026,Coal,24.413759044482415,,24.413759044482415
Romania,2009,1A2M,ABFLOW026,Natural gas,24.413759044482415,,24.413759044482415
Romania,2009,1A2M,ABFLOW026,Oil,24.413759044482415,,24.413759044482415
Romania,2009,1A3,ABFLOW027,Coal,,,0.0
Romania,2009,1A3,ABFLOW027,Natural gas,,,0.0
Romania,2009,1A3,ABFLOW027,Oil,,,0.0
Romania,2009,1A3A1,ABFLOW040,Coal,,,0.0
Romania,2009,1A3A1,ABFLOW040,Natural gas,,,0.0
Romania,2009,1A3A1,ABFLOW040,Oil,,,0.0
Romania,2009,1A3A2,ABFLOW029,Coal,,,0.0
Romania,2009,1A3A2,ABFLOW029,Natural gas,,,0.0
Romania,2009,1A3A2,ABFLOW029,Oil,,,0.0
Romania,2009,1A3B,ABFLOW028,Coal,,,0.0
Romania,2009,1A3B,ABFLOW028,Natural gas,,,0.0
Romania,2009,1A3B,ABFLOW028,Oil,,,0.0
Romania,2009,1A3C,ABFLOW030,Coal,,,0.0
Romania,2009,1A3C,ABFLOW030,Natural gas,,,0.0
Romania,2009,1A3C,ABFLOW030,Oil,,,0.0
Romania,2009,1A3D1,ABFLOW039,Coal,,,0.0
Romania,2009,1A3D1,ABFLOW039,Natural gas,,,0.0
Romania,2009,1A3D1,ABFLOW039,Oil,,,0.0
Romania,2009,1A3D2,ABFLOW032,Coal,,,0.0
Romania,2009,1A3D2,ABFLOW032,Natural gas,,,0.0
Romania,2009,1A3D2,ABFLOW032,Oil,,,0.0
Romania,2009,1A3E1,ABFLOW033,Coal,,,0.0
Romania,2009,1A3E1,ABFLOW033,Natural gas,,,0.0
Romania,2009,1A3E1,ABFLOW033,Oil,,,0.0
Romania,2009,1A4A,ABFLOW035,Coal,,,0.0
Romania,2009,1A4A,ABFLOW035,Natural gas,,,0.0
Romania,2009,1A4A,ABFLOW035,Oil,,,0.0
Romania,2009,1A4B,ABFLOW034,Coal,,,0.0
Romania,2009,1A4B,ABFLOW034,Natural gas,,,0.0
Romania,2009,1A4B,ABFLOW034,Oil,,,0.0
Romania,2009,1A4C1,ABFLOW036,Coal,,,0.0
Romania,2009,1A4C1,ABFLOW036,Natural gas,,,0.0
Romania,2009,1A4C1,ABFLOW036,Oil,,,0.0
Romania,2009,1A4C2,ABFLOW037,Coal,,,0.0
Romania,2009,1A4C2,ABFLOW037,Natural gas,,,0.0
Romania,2009,1A4C2,ABFLOW037,Oil,,,0.0
Romania,2009,1A5,ABFLOW038,Coal,,,0.0
Romania,2009,1A5,ABFLOW038,Natural gas,,,0.0
Romania,2009,1A5,ABFLOW038,Oil,,,0.0
Romania,2010,1A,ABFLOW001,Coal,,,0.0
Romania,2010,1A,ABFLOW001,Natural gas,,,0.0
Romania,2010,1A,ABFLOW001,Oil,,,0.0
Romania,2010,1A1A,ABFLOW002,Coal,,,0.0
Romania,2010,1A1A,ABFLOW002,Natural gas,,,0.0
Romania,2010,1A1A,ABFLOW002,Oil,,,0.0
Romania,2010,1A1A1,ABFLOW003,Coal,25.13219507737364,,25.13219507737364
Romania,2010,1A1A1,ABFLOW003,Natural gas,25.13219507737364,,25.13219507737364
Romania,2010,1A1A1,ABFLOW003,Oil,25.13219507737364,,25.13219507737364
Romania,2010,1A1A2,ABFLOW004,Coal,25.13219507737364,,25.13219507737364
Romania,2010,1A1A2,ABFLOW004,Natural gas,25.13219507737364,,25.13219507737364
Romania,2010,1A1A2,ABFLOW004,Oil,25.13219507737364,,25.13219507737364
Romania,2010,1A1A3,ABFLOW005,Coal,25.13219507737364,,25.13219507737364
Romania,2010,1A1A3,ABFLOW005,Natural gas,25.13219507737364,,25.13219507737364
Romania,2010,1A1A3,ABFLOW005,Oil,25.13219507737364,,25.13219507737364
Romania,2010,1A1B,ABFLOW011,Coal,25.13219507737364,,25.13219507737364
Romania,2010,1A1B,ABFLOW011,Natural gas,25.13219507737364,,25.13219507737364
Romania,2010,1A1B,ABFLOW011,Oil,25.13219507737364,,25.13219507737364
Romania,2010,1A1C,ABFLOW011,Coal,25.13219507737364,,25.13219507737364
Romania,2010,1A1C,ABFLOW011,Natural gas,25.13219507737364,,25.13219507737364
Romania,2010,1A1C,ABFLOW011,Oil,25.13219507737364,,25.13219507737364
Romania,2010,1A2,ABFLOW012,Coal,,,0.0
Romania,2010,1A2,ABFLOW012,Natural gas,,,0.0
Romania,2010,1A2,ABFLOW012,Oil,,,0.0
Romania,2010,1A2A,ABFLOW016,Coal,25.13219507737364,,25.13219507737364
Romania,2010,1A2A,ABFLOW016,Natural gas,25.13219507737364,,25.13219507737364
Romania,2010,1A2A,ABFLOW016,Oil,25.13219507737364,,25.13219507737364
Romania,2010,1A2B,ABFLOW018,Coal,25.13219507737364,,25.13219507737364
Romania,2010,1A2B,ABFLOW018,Natural gas,25.13219507737364,,25.13219507737364
Romania,2010,1A2B,ABFLOW018,Oil,25.13219507737364,,25.13219507737364
Romania,2010,1A2C,ABFLOW017,Coal,25.13219507737364,,25.13219507737364
Romania,2010,1A2C,ABFLOW017,Natural gas,25.13219507737364,,25.13219507737364
Romania,2010,1A2C,ABFLOW017,Oil,25.13219507737364,,25.13219507737364
Romania,2010,1A2D,ABFLOW023,Coal,25.13219507737364,,25.13219507737364
Romania,2010,1A2D,ABFLOW023,Natural gas,25.13219507737364,,25.13219507737364
Romania,2010,1A2D,ABFLOW023,Oil,25.13219507737364,,25.13219507737364
Romania,2010,1A2E,ABFLOW022,Coal,25.13219507737364,,25.13219507737364
Romania,2010,1A2E,ABFLOW022,Natural gas,25.13219507737364,,25.13219507737364
Romania,2010,1A2E,ABFLOW022,Oil,25.13219507737364,,25.13219507737364
Romania,2010,1A2F,ABFLOW019,Coal,25.13219507737364,,25.13219507737364
Romania,2010,1A2F,ABFLOW019,Natural gas,25.13219507737364,,25.13219507737364
Romania,2010,1A2F,ABFLOW019,Oil,25.13219507737364,,25.13219507737364
Romania,2010,1A2G,ABFLOW020,Coal,25.13219507737364,,25.13219507737364
Romania,2010,1A2G,ABFLOW020,Natural gas,25.13219507737364,,25.13219507737364
Romania,2010,1A2G,ABFLOW020,Oil,25.13219507737364,,25.13219507737364
Romania,2010,1A2H,ABFLOW021,Coal,25.13219507737364,,25.13219507737364
Romania,2010,1A2H,ABFLOW021,Natural gas,25.13219507737364,,25.13219507737364
Romania,2010,1A2H,ABFLOW021,Oil,25.13219507737364,,25.13219507737364
Romania,2010,1A2I,ABFLOW013,Coal,25.13219507737364,,25.13219507737364
Romania,2010,1A2I,ABFLOW013,Natural gas,25.13219507737364,,25.13219507737364
Romania,2010,1A2I,ABFLOW013,Oil,25.13219507737364,,25.13219507737364
Romania,2010,1A2J,ABFLOW024,Coal,25.13219507737364,,25.13219507737364
Romania,2010,1A2J,ABFLOW024,Natural gas,25.13219507737364,,25.13219507737364
Romania,2010,1A2J,ABFLOW024,Oil,25.13219507737364,,25.13219507737364
Romania,2010,1A2K,ABFLOW014,Coal,25.13219507737364,,25.13219507737364
Romania,2010,1A2K,ABFLOW014,Natural gas,25.13219507737364,,25.13219507737364
Romania,2010,1A2K,ABFLOW014,Oil,25.13219507737364,,25.13219507737364
Romania,2010,1A2L,ABFLOW025,Coal,25.13219507737364,,25.13219507737364
Romania,2010,1A2L,ABFLOW025,Natural gas,25.13219507737364,,25.13219507737364
Romania,2010,1A2L,ABFLOW025,Oil,25.13219507737364,,25.13219507737364
Romania,2010,1A2M,ABFLOW026,Coal,25.13219507737364,,25.13219507737364
Romania,2010,1A2M,ABFLOW026,Natural gas,25.13219507737364,,25.13219507737364
Romania,2010,1A2M,ABFLOW026,Oil,25.13219507737364,,25.13219507737364
Romania,2010,1A3,ABFLOW027,Coal,,,0.0
Romania,2010,1A3,ABFLOW027,Natural gas,,,0.0
Romania,2010,1A3,ABFLOW027,Oil,,,0.0
Romania,2010,1A3A1,ABFLOW040,Coal,,,0.0
Romania,2010,1A3A1,ABFLOW040,Natural gas,,,0.0
Romania,2010,1A3A1,ABFLOW040,Oil,,,0.0
Romania,2010,1A3A2,ABFLOW029,Coal,,,0.0
Romania,2010,1A3A2,ABFLOW029,Natural gas,,,0.0
Romania,2010,1A3A2,ABFLOW029,Oil,,,0.0
Romania,2010,1A3B,ABFLOW028,Coal,,,0.0
Romania,2010,1A3B,ABFLOW028,Natural gas,,,0.0
Romania,2010,1A3B,ABFLOW028,Oil,,,0.0
Romania,2010,1A3C,ABFLOW030,Coal,,,0.0
Romania,2010,1A3C,ABFLOW030,Natural gas,,,0.0
Romania,2010,1A3C,ABFLOW030,Oil,,,0.0
Romania,2010,1A3D1,ABFLOW039,Coal,,,0.0
Romania,2010,1A3D1,ABFLOW039,Natural gas,,,0.0
Romania,2010,1A3D1,ABFLOW039,Oil,,,0.0
Romania,2010,1A3D2,ABFLOW032,Coal,,,0.0
Romania,2010,1A3D2,ABFLOW032,Natural gas,,,0.0
Romania,2010,1A3D2,ABFLOW032,Oil,,,0.0
Romania,2010,1A3E1,ABFLOW033,Coal,,,0.0
Romania,2010,1A3E1,ABFLOW033,Natural gas,,,0.0
Romania,2010,1A3E1,ABFLOW033,Oil,,,0.0
Romania,2010,1A4A,ABFLOW035,Coal,,,0.0
Romania,2010,1A4A,ABFLOW035,Natural gas,,,0.0
Romania,2010,1A4A,ABFLOW035,Oil,,,0.0
Romania,2010,1A4B,ABFLOW034,Coal,,,0.0
Romania,2010,1A4B,ABFLOW034,Natural gas,,,0.0
Romania,2010,1A4B,ABFLOW034,Oil,,,0.0
Romania,2010,1A4C1,ABFLOW036,Coal,,,0.0
Romania,2010,1A4C1,ABFLOW036,Natural gas,,,0.0
Romania,2010,1A4C1,ABFLOW036,Oil,,,0.0
Romania,2010,1A4C2,ABFLOW037,Coal,,,0.0
Romania,2010,1A4C2,ABFLOW037,Natural gas,,,0.0
Romania,2010,1A4C2,ABFLOW037,Oil,,,0.0
Romania,2010,1A5,ABFLOW038,Coal,,,0.0
Romania,2010,1A5,ABFLOW038,Natural gas,,,0.0
Romania,2010,1A5,ABFLOW038,Oil,,,0.0
Romania,2011,1A,ABFLOW001,Coal,,,0.0
Romania,2011,1A,ABFLOW001,Natural gas,,,0.0
Romania,2011,1A,ABFLOW001,Oil,,,0.0
Romania,2011,1A1A,ABFLOW002,Coal,,,0.0
Romania,2011,1A1A,ABFLOW002,Natural gas,,,0.0
Romania,2011,1A1A,ABFLOW002,Oil,,,0.0
Romania,2011,1A1A1,ABFLOW003,Coal,21.809970878805963,,21.809970878805963
Romania,2011,1A1A1,ABFLOW003,Natural gas,21.809970878805963,,21.809970878805963
Romania,2011,1A1A1,ABFLOW003,Oil,21.809970878805963,,21.809970878805963
Romania,2011,1A1A2,ABFLOW004,Coal,21.809970878805963,,21.809970878805963
Romania,2011,1A1A2,ABFLOW004,Natural gas,21.809970878805963,,21.809970878805963
Romania,2011,1A1A2,ABFLOW004,Oil,21.809970878805963,,21.809970878805963
Romania,2011,1A1A3,ABFLOW005,Coal,21.809970878805963,,21.809970878805963
Romania,2011,1A1A3,ABFLOW005,Natural gas,21.809970878805963,,21.809970878805963
Romania,2011,1A1A3,ABFLOW005,Oil,21.809970878805963,,21.809970878805963
Romania,2011,1A1B,ABFLOW011,Coal,21.809970878805963,,21.809970878805963
Romania,2011,1A1B,ABFLOW011,Natural gas,21.809970878805963,,21.809970878805963
Romania,2011,1A1B,ABFLOW011,Oil,21.809970878805963,,21.809970878805963
Romania,2011,1A1C,ABFLOW011,Coal,21.809970878805963,,21.809970878805963
Romania,2011,1A1C,ABFLOW011,Natural gas,21.809970878805963,,21.809970878805963
Romania,2011,1A1C,ABFLOW011,Oil,21.809970878805963,,21.809970878805963
Romania,2011,1A2,ABFLOW012,Coal,,,0.0
Romania,2011,1A2,ABFLOW012,Natural gas,,,0.0
Romania,2011,1A2,ABFLOW012,Oil,,,0.0
Romania,2011,1A2A,ABFLOW016,Coal,21.809970878805963,,21.809970878805963
Romania,2011,1A2A,ABFLOW016,Natural gas,21.809970878805963,,21.809970878805963
Romania,2011,1A2A,ABFLOW016,Oil,21.809970878805963,,21.809970878805963
Romania,2011,1A2B,ABFLOW018,Coal,21.809970878805963,,21.809970878805963
Romania,2011,1A2B,ABFLOW018,Natural gas,21.809970878805963,,21.809970878805963
Romania,2011,1A2B,ABFLOW018,Oil,21.809970878805963,,21.809970878805963
Romania,2011,1A2C,ABFLOW017,Coal,21.809970878805963,,21.809970878805963
Romania,2011,1A2C,ABFLOW017,Natural gas,21.809970878805963,,21.809970878805963
Romania,2011,1A2C,ABFLOW017,Oil,21.809970878805963,,21.809970878805963
Romania,2011,1A2D,ABFLOW023,Coal,21.809970878805963,,21.809970878805963
Romania,2011,1A2D,ABFLOW023,Natural gas,21.809970878805963,,21.809970878805963
Romania,2011,1A2D,ABFLOW023,Oil,21.809970878805963,,21.809970878805963
Romania,2011,1A2E,ABFLOW022,Coal,21.809970878805963,,21.809970878805963
Romania,2011,1A2E,ABFLOW022,Natural gas,21.809970878805963,,21.809970878805963
Romania,2011,1A2E,ABFLOW022,Oil,21.809970878805963,,21.809970878805963
Romania,2011,1A2F,ABFLOW019,Coal,21.809970878805963,,21.809970878805963
Romania,2011,1A2F,ABFLOW019,Natural gas,21.809970878805963,,21.809970878805963
Romania,2011,1A2F,ABFLOW019,Oil,21.809970878805963,,21.809970878805963
Romania,2011,1A2G,ABFLOW020,Coal,21.809970878805963,,21.809970878805963
Romania,2011,1A2G,ABFLOW020,Natural gas,21.809970878805963,,21.809970878805963
Romania,2011,1A2G,ABFLOW020,Oil,21.809970878805963,,21.809970878805963
Romania,2011,1A2H,ABFLOW021,Coal,21.809970878805963,,21.809970878805963
Romania,2011,1A2H,ABFLOW021,Natural gas,21.809970878805963,,21.809970878805963
Romania,2011,1A2H,ABFLOW021,Oil,21.809970878805963,,21.809970878805963
Romania,2011,1A2I,ABFLOW013,Coal,21.809970878805963,,21.809970878805963
Romania,2011,1A2I,ABFLOW013,Natural gas,21.809970878805963,,21.809970878805963
Romania,2011,1A2I,ABFLOW013,Oil,21.809970878805963,,21.809970878805963
Romania,2011,1A2J,ABFLOW024,Coal,21.809970878805963,,21.809970878805963
Romania,2011,1A2J,ABFLOW024,Natural gas,21.809970878805963,,21.809970878805963
Romania,2011,1A2J,ABFLOW024,Oil,21.809970878805963,,21.809970878805963
Romania,2011,1A2K,ABFLOW014,Coal,21.809970878805963,,21.809970878805963
Romania,2011,1A2K,ABFLOW014,Natural gas,21.809970878805963,,21.809970878805963
Romania,2011,1A2K,ABFLOW014,Oil,21.809970878805963,,21.809970878805963
Romania,2011,1A2L,ABFLOW025,Coal,21.809970878805963,,21.809970878805963
Romania,2011,1A2L,ABFLOW025,Natural gas,21.809970878805963,,21.809970878805963
Romania,2011,1A2L,ABFLOW025,Oil,21.809970878805963,,21.809970878805963
Romania,2011,1A2M,ABFLOW026,Coal,21.809970878805963,,21.809970878805963
Romania,2011,1A2M,ABFLOW026,Natural gas,21.809970878805963,,21.809970878805963
Romania,2011,1A2M,ABFLOW026,Oil,21.809970878805963,,21.809970878805963
Romania,2011,1A3,ABFLOW027,Coal,,,0.0
Romania,2011,1A3,ABFLOW027,Natural gas,,,0.0
Romania,2011,1A3,ABFLOW027,Oil,,,0.0
Romania,2011,1A3A1,ABFLOW040,Coal,,,0.0
Romania,2011,1A3A1,ABFLOW040,Natural gas,,,0.0
Romania,2011,1A3A1,ABFLOW040,Oil,,,0.0
Romania,2011,1A3A2,ABFLOW029,Coal,,,0.0
Romania,2011,1A3A2,ABFLOW029,Natural gas,,,0.0
Romania,2011,1A3A2,ABFLOW029,Oil,,,0.0
Romania,2011,1A3B,ABFLOW028,Coal,,,0.0
Romania,2011,1A3B,ABFLOW028,Natural gas,,,0.0
Romania,2011,1A3B,ABFLOW028,Oil,,,0.0
Romania,2011,1A3C,ABFLOW030,Coal,,,0.0
Romania,2011,1A3C,ABFLOW030,Natural gas,,,0.0
Romania,2011,1A3C,ABFLOW030,Oil,,,0.0
Romania,2011,1A3D1,ABFLOW039,Coal,,,0.0
Romania,2011,1A3D1,ABFLOW039,Natural gas,,,0.0
Romania,2011,1A3D1,ABFLOW039,Oil,,,0.0
Romania,2011,1A3D2,ABFLOW032,Coal,,,0.0
Romania,2011,1A3D2,ABFLOW032,Natural gas,,,0.0
Romania,2011,1A3D2,ABFLOW032,Oil,,,0.0
Romania,2011,1A3E1,ABFLOW033,Coal,,,0.0
Romania,2011,1A3E1,ABFLOW033,Natural gas,,,0.0
Romania,2011,1A3E1,ABFLOW033,Oil,,,0.0
Romania,2011,1A4A,ABFLOW035,Coal,,,0.0
Romania,2011,1A4A,ABFLOW035,Natural gas,,,0.0
Romania,2011,1A4A,ABFLOW035,Oil,,,0.0
Romania,2011,1A4B,ABFLOW034,Coal,,,0.0
Romania,2011,1A4B,ABFLOW034,Natural gas,,,0.0
Romania,2011,1A4B,ABFLOW034,Oil,,,0.0
Romania,2011,1A4C1,ABFLOW036,Coal,,,0.0
Romania,2011,1A4C1,ABFLOW036,Natural gas,,,0.0
Romania,2011,1A4C1,ABFLOW036,Oil,,,0.0
Romania,2011,1A4C2,ABFLOW037,Coal,,,0.0
Romania,2011,1A4C2,ABFLOW037,Natural gas,,,0.0
Romania,2011,1A4C2,ABFLOW037,Oil,,,0.0
Romania,2011,1A5,ABFLOW038,Coal,,,0.0
Romania,2011,1A5,ABFLOW038,Natural gas,,,0.0
Romania,2011,1A5,ABFLOW038,Oil,,,0.0
Romania,2012,1A,ABFLOW001,Coal,,,0.0
Romania,2012,1A,ABFLOW001,Natural gas,,,0.0
Romania,2012,1A,ABFLOW001,Oil,,,0.0
Romania,2012,1A1A,ABFLOW002,Coal,,,0.0
Romania,2012,1A1A,ABFLOW002,Natural gas,,,0.0
Romania,2012,1A1A,ABFLOW002,Oil,,,0.0
Romania,2012,1A1A1,ABFLOW003,Coal,11.98221142795691,,11.98221142795691
Romania,2012,1A1A1,ABFLOW003,Natural gas,11.98221142795691,,11.98221142795691
Romania,2012,1A1A1,ABFLOW003,Oil,11.98221142795691,,11.98221142795691
Romania,2012,1A1A2,ABFLOW004,Coal,11.98221142795691,,11.98221142795691
Romania,2012,1A1A2,ABFLOW004,Natural gas,11.98221142795691,,11.98221142795691
Romania,2012,1A1A2,ABFLOW004,Oil,11.98221142795691,,11.98221142795691
Romania,2012,1A1A3,ABFLOW005,Coal,11.98221142795691,,11.98221142795691
Romania,2012,1A1A3,ABFLOW005,Natural gas,11.98221142795691,,11.98221142795691
Romania,2012,1A1A3,ABFLOW005,Oil,11.98221142795691,,11.98221142795691
Romania,2012,1A1B,ABFLOW011,Coal,11.98221142795691,,11.98221142795691
Romania,2012,1A1B,ABFLOW011,Natural gas,11.98221142795691,,11.98221142795691
Romania,2012,1A1B,ABFLOW011,Oil,11.98221142795691,,11.98221142795691
Romania,2012,1A1C,ABFLOW011,Coal,11.98221142795691,,11.98221142795691
Romania,2012,1A1C,ABFLOW011,Natural gas,11.98221142795691,,11.98221142795691
Romania,2012,1A1C,ABFLOW011,Oil,11.98221142795691,,11.98221142795691
Romania,2012,1A2,ABFLOW012,Coal,,,0.0
Romania,2012,1A2,ABFLOW012,Natural gas,,,0.0
Romania,2012,1A2,ABFLOW012,Oil,,,0.0
Romania,2012,1A2A,ABFLOW016,Coal,11.98221142795691,,11.98221142795691
Romania,2012,1A2A,ABFLOW016,Natural gas,11.98221142795691,,11.98221142795691
Romania,2012,1A2A,ABFLOW016,Oil,11.98221142795691,,11.98221142795691
Romania,2012,1A2B,ABFLOW018,Coal,11.98221142795691,,11.98221142795691
Romania,2012,1A2B,ABFLOW018,Natural gas,11.98221142795691,,11.98221142795691
Romania,2012,1A2B,ABFLOW018,Oil,11.98221142795691,,11.98221142795691
Romania,2012,1A2C,ABFLOW017,Coal,11.98221142795691,,11.98221142795691
Romania,2012,1A2C,ABFLOW017,Natural gas,11.98221142795691,,11.98221142795691
Romania,2012,1A2C,ABFLOW017,Oil,11.98221142795691,,11.98221142795691
Romania,2012,1A2D,ABFLOW023,Coal,11.98221142795691,,11.98221142795691
Romania,2012,1A2D,ABFLOW023,Natural gas,11.98221142795691,,11.98221142795691
Romania,2012,1A2D,ABFLOW023,Oil,11.98221142795691,,11.98221142795691
Romania,2012,1A2E,ABFLOW022,Coal,11.98221142795691,,11.98221142795691
Romania,2012,1A2E,ABFLOW022,Natural gas,11.98221142795691,,11.98221142795691
Romania,2012,1A2E,ABFLOW022,Oil,11.98221142795691,,11.98221142795691
Romania,2012,1A2F,ABFLOW019,Coal,11.98221142795691,,11.98221142795691
Romania,2012,1A2F,ABFLOW019,Natural gas,11.98221142795691,,11.98221142795691
Romania,2012,1A2F,ABFLOW019,Oil,11.98221142795691,,11.98221142795691
Romania,2012,1A2G,ABFLOW020,Coal,11.98221142795691,,11.98221142795691
Romania,2012,1A2G,ABFLOW020,Natural gas,11.98221142795691,,11.98221142795691
Romania,2012,1A2G,ABFLOW020,Oil,11.98221142795691,,11.98221142795691
Romania,2012,1A2H,ABFLOW021,Coal,11.98221142795691,,11.98221142795691
Romania,2012,1A2H,ABFLOW021,Natural gas,11.98221142795691,,11.98221142795691
Romania,2012,1A2H,ABFLOW021,Oil,11.98221142795691,,11.98221142795691
Romania,2012,1A2I,ABFLOW013,Coal,11.98221142795691,,11.98221142795691
Romania,2012,1A2I,ABFLOW013,Natural gas,11.98221142795691,,11.98221142795691
Romania,2012,1A2I,ABFLOW013,Oil,11.98221142795691,,11.98221142795691
Romania,2012,1A2J,ABFLOW024,Coal,11.98221142795691,,11.98221142795691
Romania,2012,1A2J,ABFLOW024,Natural gas,11.98221142795691,,11.98221142795691
Romania,2012,1A2J,ABFLOW024,Oil,11.98221142795691,,11.98221142795691
Romania,2012,1A2K,ABFLOW014,Coal,11.98221142795691,,11.98221142795691
Romania,2012,1A2K,ABFLOW014,Natural gas,11.98221142795691,,11.98221142795691
Romania,2012,1A2K,ABFLOW014,Oil,11.98221142795691,,11.98221142795691
Romania,2012,1A2L,ABFLOW025,Coal,11.98221142795691,,11.98221142795691
Romania,2012,1A2L,ABFLOW025,Natural gas,11.98221142795691,,11.98221142795691
Romania,2012,1A2L,ABFLOW025,Oil,11.98221142795691,,11.98221142795691
Romania,2012,1A2M,ABFLOW026,Coal,11.98221142795691,,11.98221142795691
Romania,2012,1A2M,ABFLOW026,Natural gas,11.98221142795691,,11.98221142795691
Romania,2012,1A2M,ABFLOW026,Oil,11.98221142795691,,11.98221142795691
Romania,2012,1A3,ABFLOW027,Coal,,,0.0
Romania,2012,1A3,ABFLOW027,Natural gas,,,0.0
Romania,2012,1A3,ABFLOW027,Oil,,,0.0
Romania,2012,1A3A1,ABFLOW040,Coal,11.98221142795691,,11.98221142795691
Romania,2012,1A3A1,ABFLOW040,Natural gas,11.98221142795691,,11.98221142795691
Romania,2012,1A3A1,ABFLOW040,Oil,11.98221142795691,,11.98221142795691
Romania,2012,1A3A2,ABFLOW029,Coal,11.98221142795691,,11.98221142795691
Romania,2012,1A3A2,ABFLOW029,Natural gas,11.98221142795691,,11.98221142795691
Romania,2012,1A3A2,ABFLOW029,Oil,11.98221142795691,,11.98221142795691
Romania,2012,1A3B,ABFLOW028,Coal,,,0.0
Romania,2012,1A3B,ABFLOW028,Natural gas,,,0.0
Romania,2012,1A3B,ABFLOW028,Oil,,,0.0
Romania,2012,1A3C,ABFLOW030,Coal,,,0.0
Romania,2012,1A3C,ABFLOW030,Natural gas,,,0.0
Romania,2012,1A3C,ABFLOW030,Oil,,,0.0
Romania,2012,1A3D1,ABFLOW039,Coal,,,0.0
Romania,2012,1A3D1,ABFLOW039,Natural gas,,,0.0
Romania,2012,1A3D1,ABFLOW039,Oil,,,0.0
Romania,2012,1A3D2,ABFLOW032,Coal,,,0.0
Romania,2012,1A3D2,ABFLOW032,Natural gas,,,0.0
Romania,2012,1A3D2,ABFLOW032,Oil,,,0.0
Romania,2012,1A3E1,ABFLOW033,Coal,,,0.0
Romania,2012,1A3E1,ABFLOW033,Natural gas,,,0.0
Romania,2012,1A3E1,ABFLOW033,Oil,,,0.0
Romania,2012,1A4A,ABFLOW035,Coal,,,0.0
Romania,2012,1A4A,ABFLOW035,Natural gas,,,0.0
Romania,2012,1A4A,ABFLOW035,Oil,,,0.0
Romania,2012,1A4B,ABFLOW034,Coal,,,0.0
Romania,2012,1A4B,ABFLOW034,Natural gas,,,0.0
Romania,2012,1A4B,ABFLOW034,Oil,,,0.0
Romania,2012,1A4C1,ABFLOW036,Coal,,,0.0
Romania,2012,1A4C1,ABFLOW036,Natural gas,,,0.0
Romania,2012,1A4C1,ABFLOW036,Oil,,,0.0
Romania,2012,1A4C2,ABFLOW037,Coal,,,0.0
Romania,2012,1A4C2,ABFLOW037,Natural gas,,,0.0
Romania,2012,1A4C2,ABFLOW037,Oil,,,0.0
Romania,2012,1A5,ABFLOW038,Coal,,,0.0
Romania,2012,1A5,ABFLOW038,Natural gas,,,0.0
Romania,2012,1A5,ABFLOW038,Oil,,,0.0
Romania,2013,1A,ABFLOW001,Coal,,,0.0
Romania,2013,1A,ABFLOW001,Natural gas,,,0.0
Romania,2013,1A,ABFLOW001,Oil,,,0.0
Romania,2013,1A1A,ABFLOW002,Coal,,,0.0
Romania,2013,1A1A,ABFLOW002,Natural gas,,,0.0
Romania,2013,1A1A,ABFLOW002,Oil,,,0.0
Romania,2013,1A1A1,ABFLOW003,Coal,7.157698006331941,,7.157698006331941
Romania,2013,1A1A1,ABFLOW003,Natural gas,7.157698006331941,,7.157698006331941
Romania,2013,1A1A1,ABFLOW003,Oil,7.157698006331941,,7.157698006331941
Romania,2013,1A1A2,ABFLOW004,Coal,7.157698006331941,,7.157698006331941
Romania,2013,1A1A2,ABFLOW004,Natural gas,7.157698006331941,,7.157698006331941
Romania,2013,1A1A2,ABFLOW004,Oil,7.157698006331941,,7.157698006331941
Romania,2013,1A1A3,ABFLOW005,Coal,7.157698006331941,,7.157698006331941
Romania,2013,1A1A3,ABFLOW005,Natural gas,7.157698006331941,,7.157698006331941
Romania,2013,1A1A3,ABFLOW005,Oil,7.157698006331941,,7.157698006331941
Romania,2013,1A1B,ABFLOW011,Coal,7.157698006331941,,7.157698006331941
Romania,2013,1A1B,ABFLOW011,Natural gas,7.157698006331941,,7.157698006331941
Romania,2013,1A1B,ABFLOW011,Oil,7.157698006331941,,7.157698006331941
Romania,2013,1A1C,ABFLOW011,Coal,7.157698006331941,,7.157698006331941
Romania,2013,1A1C,ABFLOW011,Natural gas,7.157698006331941,,7.157698006331941
Romania,2013,1A1C,ABFLOW011,Oil,7.157698006331941,,7.157698006331941
Romania,2013,1A2,ABFLOW012,Coal,,,0.0
Romania,2013,1A2,ABFLOW012,Natural gas,,,0.0
Romania,2013,1A2,ABFLOW012,Oil,,,0.0
Romania,2013,1A2A,ABFLOW016,Coal,7.157698006331941,,7.157698006331941
Romania,2013,1A2A,ABFLOW016,Natural gas,7.157698006331941,,7.157698006331941
Romania,2013,1A2A,ABFLOW016,Oil,7.157698006331941,,7.157698006331941
Romania,2013,1A2B,ABFLOW018,Coal,7.157698006331941,,7.157698006331941
Romania,2013,1A2B,ABFLOW018,Natural gas,7.157698006331941,,7.157698006331941
Romania,2013,1A2B,ABFLOW018,Oil,7.157698006331941,,7.157698006331941
Romania,2013,1A2C,ABFLOW017,Coal,7.157698006331941,,7.157698006331941
Romania,2013,1A2C,ABFLOW017,Natural gas,7.157698006331941,,7.157698006331941
Romania,2013,1A2C,ABFLOW017,Oil,7.157698006331941,,7.157698006331941
Romania,2013,1A2D,ABFLOW023,Coal,7.157698006331941,,7.157698006331941
Romania,2013,1A2D,ABFLOW023,Natural gas,7.157698006331941,,7.157698006331941
Romania,2013,1A2D,ABFLOW023,Oil,7.157698006331941,,7.157698006331941
Romania,2013,1A2E,ABFLOW022,Coal,7.157698006331941,,7.157698006331941
Romania,2013,1A2E,ABFLOW022,Natural gas,7.157698006331941,,7.157698006331941
Romania,2013,1A2E,ABFLOW022,Oil,7.157698006331941,,7.157698006331941
Romania,2013,1A2F,ABFLOW019,Coal,7.157698006331941,,7.157698006331941
Romania,2013,1A2F,ABFLOW019,Natural gas,7.157698006331941,,7.157698006331941
Romania,2013,1A2F,ABFLOW019,Oil,7.157698006331941,,7.157698006331941
Romania,2013,1A2G,ABFLOW020,Coal,7.157698006331941,,7.157698006331941
Romania,2013,1A2G,ABFLOW020,Natural gas,7.157698006331941,,7.157698006331941
Romania,2013,1A2G,ABFLOW020,Oil,7.157698006331941,,7.157698006331941
Romania,2013,1A2H,ABFLOW021,Coal,7.157698006331941,,7.157698006331941
Romania,2013,1A2H,ABFLOW021,Natural gas,7.157698006331941,,7.157698006331941
Romania,2013,1A2H,ABFLOW021,Oil,7.157698006331941,,7.157698006331941
Romania,2013,1A2I,ABFLOW013,Coal,7.157698006331941,,7.157698006331941
Romania,2013,1A2I,ABFLOW013,Natural gas,7.157698006331941,,7.157698006331941
Romania,2013,1A2I,ABFLOW013,Oil,7.157698006331941,,7.157698006331941
Romania,2013,1A2J,ABFLOW024,Coal,7.157698006331941,,7.157698006331941
Romania,2013,1A2J,ABFLOW024,Natural gas,7.157698006331941,,7.157698006331941
Romania,2013,1A2J,ABFLOW024,Oil,7.157698006331941,,7.157698006331941
Romania,2013,1A2K,ABFLOW014,Coal,7.157698006331941,,7.157698006331941
Romania,2013,1A2K,ABFLOW014,Natural gas,7.157698006331941,,7.157698006331941
Romania,2013,1A2K,ABFLOW014,Oil,7.157698006331941,,7.157698006331941
Romania,2013,1A2L,ABFLOW025,Coal,7.157698006331941,,7.157698006331941
Romania,2013,1A2L,ABFLOW025,Natural gas,7.157698006331941,,7.157698006331941
Romania,2013,1A2L,ABFLOW025,Oil,7.157698006331941,,7.157698006331941
Romania,2013,1A2M,ABFLOW026,Coal,7.157698006331941,,7.157698006331941
Romania,2013,1A2M,ABFLOW026,Natural gas,7.157698006331941,,7.157698006331941
Romania,2013,1A2M,ABFLOW026,Oil,7.157698006331941,,7.157698006331941
Romania,2013,1A3,ABFLOW027,Coal,,,0.0
Romania,2013,1A3,ABFLOW027,Natural gas,,,0.0
Romania,2013,1A3,ABFLOW027,Oil,,,0.0
Romania,2013,1A3A1,ABFLOW040,Coal,3.6504259832292902,,3.6504259832292902
Romania,2013,1A3A1,ABFLOW040,Natural gas,3.6504259832292902,,3.6504259832292902
Romania,2013,1A3A1,ABFLOW040,Oil,3.6504259832292902,,3.6504259832292902
Romania,2013,1A3A2,ABFLOW029,Coal,7.157698006331941,,7.157698006331941
Romania,2013,1A3A2,ABFLOW029,Natural gas,7.157698006331941,,7.157698006331941
Romania,2013,1A3A2,ABFLOW029,Oil,7.157698006331941,,7.157698006331941
Romania,2013,1A3B,ABFLOW028,Coal,,,0.0
Romania,2013,1A3B,ABFLOW028,Natural gas,,,0.0
Romania,2013,1A3B,ABFLOW028,Oil,,,0.0
Romania,2013,1A3C,ABFLOW030,Coal,,,0.0
Romania,2013,1A3C,ABFLOW030,Natural gas,,,0.0
Romania,2013,1A3C,ABFLOW030,Oil,,,0.0
Romania,2013,1A3D1,ABFLOW039,Coal,,,0.0
Romania,2013,1A3D1,ABFLOW039,Natural gas,,,0.0
Romania,2013,1A3D1,ABFLOW039,Oil,,,0.0
Romania,2013,1A3D2,ABFLOW032,Coal,,,0.0
Romania,2013,1A3D2,ABFLOW032,Natural gas,,,0.0
Romania,2013,1A3D2,ABFLOW032,Oil,,,0.0
Romania,2013,1A3E1,ABFLOW033,Coal,,,0.0
Romania,2013,1A3E1,ABFLOW033,Natural gas,,,0.0
Romania,2013,1A3E1,ABFLOW033,Oil,,,0.0
Romania,2013,1A4A,ABFLOW035,Coal,,,0.0
Romania,2013,1A4A,ABFLOW035,Natural gas,,,0.0
Romania,2013,1A4A,ABFLOW035,Oil,,,0.0
Romania,2013,1A4B,ABFLOW034,Coal,,,0.0
Romania,2013,1A4B,ABFLOW034,Natural gas,,,0.0
Romania,2013,1A4B,ABFLOW034,Oil,,,0.0
Romania,2013,1A4C1,ABFLOW036,Coal,,,0.0
Romania,2013,1A4C1,ABFLOW036,Natural gas,,,0.0
Romania,2013,1A4C1,ABFLOW036,Oil,,,0.0
Romania,2013,1A4C2,ABFLOW037,Coal,,,0.0
Romania,2013,1A4C2,ABFLOW037,Natural gas,,,0.0
Romania,2013,1A4C2,ABFLOW037,Oil,,,0.0
Romania,2013,1A5,ABFLOW038,Coal,,,0.0
Romania,2013,1A5,ABFLOW038,Natural gas,,,0.0
Romania,2013,1A5,ABFLOW038,Oil,,,0.0
Romania,2014,1A,ABFLOW001,Coal,,,0.0
Romania,2014,1A,ABFLOW001,Natural gas,,,0.0
Romania,2014,1A,ABFLOW001,Oil,,,0.0
Romania,2014,1A1A,ABFLOW002,Coal,,,0.0
Romania,2014,1A1A,ABFLOW002,Natural gas,,,0.0
Romania,2014,1A1A,ABFLOW002,Oil,,,0.0
Romania,2014,1A1A1,ABFLOW003,Coal,9.367017892434411,,9.367017892434411
Romania,2014,1A1A1,ABFLOW003,Natural gas,9.367017892434411,,9.367017892434411
Romania,2014,1A1A1,ABFLOW003,Oil,9.367017892434411,,9.367017892434411
Romania,2014,1A1A2,ABFLOW004,Coal,9.367017892434411,,9.367017892434411
Romania,2014,1A1A2,ABFLOW004,Natural gas,9.367017892434411,,9.367017892434411
Romania,2014,1A1A2,ABFLOW004,Oil,9.367017892434411,,9.367017892434411
Romania,2014,1A1A3,ABFLOW005,Coal,9.367017892434411,,9.367017892434411
Romania,2014,1A1A3,ABFLOW005,Natural gas,9.367017892434411,,9.367017892434411
Romania,2014,1A1A3,ABFLOW005,Oil,9.367017892434411,,9.367017892434411
Romania,2014,1A1B,ABFLOW011,Coal,9.367017892434411,,9.367017892434411
Romania,2014,1A1B,ABFLOW011,Natural gas,9.367017892434411,,9.367017892434411
Romania,2014,1A1B,ABFLOW011,Oil,9.367017892434411,,9.367017892434411
Romania,2014,1A1C,ABFLOW011,Coal,9.367017892434411,,9.367017892434411
Romania,2014,1A1C,ABFLOW011,Natural gas,9.367017892434411,,9.367017892434411
Romania,2014,1A1C,ABFLOW011,Oil,9.367017892434411,,9.367017892434411
Romania,2014,1A2,ABFLOW012,Coal,,,0.0
Romania,2014,1A2,ABFLOW012,Natural gas,,,0.0
Romania,2014,1A2,ABFLOW012,Oil,,,0.0
Romania,2014,1A2A,ABFLOW016,Coal,9.367017892434411,,9.367017892434411
Romania,2014,1A2A,ABFLOW016,Natural gas,9.367017892434411,,9.367017892434411
Romania,2014,1A2A,ABFLOW016,Oil,9.367017892434411,,9.367017892434411
Romania,2014,1A2B,ABFLOW018,Coal,9.367017892434411,,9.367017892434411
Romania,2014,1A2B,ABFLOW018,Natural gas,9.367017892434411,,9.367017892434411
Romania,2014,1A2B,ABFLOW018,Oil,9.367017892434411,,9.367017892434411
Romania,2014,1A2C,ABFLOW017,Coal,9.367017892434411,,9.367017892434411
Romania,2014,1A2C,ABFLOW017,Natural gas,9.367017892434411,,9.367017892434411
Romania,2014,1A2C,ABFLOW017,Oil,9.367017892434411,,9.367017892434411
Romania,2014,1A2D,ABFLOW023,Coal,9.367017892434411,,9.367017892434411
Romania,2014,1A2D,ABFLOW023,Natural gas,9.367017892434411,,9.367017892434411
Romania,2014,1A2D,ABFLOW023,Oil,9.367017892434411,,9.367017892434411
Romania,2014,1A2E,ABFLOW022,Coal,9.367017892434411,,9.367017892434411
Romania,2014,1A2E,ABFLOW022,Natural gas,9.367017892434411,,9.367017892434411
Romania,2014,1A2E,ABFLOW022,Oil,9.367017892434411,,9.367017892434411
Romania,2014,1A2F,ABFLOW019,Coal,9.367017892434411,,9.367017892434411
Romania,2014,1A2F,ABFLOW019,Natural gas,9.367017892434411,,9.367017892434411
Romania,2014,1A2F,ABFLOW019,Oil,9.367017892434411,,9.367017892434411
Romania,2014,1A2G,ABFLOW020,Coal,9.367017892434411,,9.367017892434411
Romania,2014,1A2G,ABFLOW020,Natural gas,9.367017892434411,,9.367017892434411
Romania,2014,1A2G,ABFLOW020,Oil,9.367017892434411,,9.367017892434411
Romania,2014,1A2H,ABFLOW021,Coal,9.367017892434411,,9.367017892434411
Romania,2014,1A2H,ABFLOW021,Natural gas,9.367017892434411,,9.367017892434411
Romania,2014,1A2H,ABFLOW021,Oil,9.367017892434411,,9.367017892434411
Romania,2014,1A2I,ABFLOW013,Coal,9.367017892434411,,9.367017892434411
Romania,2014,1A2I,ABFLOW013,Natural gas,9.367017892434411,,9.367017892434411
Romania,2014,1A2I,ABFLOW013,Oil,9.367017892434411,,9.367017892434411
Romania,2014,1A2J,ABFLOW024,Coal,9.367017892434411,,9.367017892434411
Romania,2014,1A2J,ABFLOW024,Natural gas,9.367017892434411,,9.367017892434411
Romania,2014,1A2J,ABFLOW024,Oil,9.367017892434411,,9.367017892434411
Romania,2014,1A2K,ABFLOW014,Coal,9.367017892434411,,9.367017892434411
Romania,2014,1A2K,ABFLOW014,Natural gas,9.367017892434411,,9.367017892434411
Romania,2014,1A2K,ABFLOW014,Oil,9.367017892434411,,9.367017892434411
Romania,2014,1A2L,ABFLOW025,Coal,9.367017892434411,,9.367017892434411
Romania,2014,1A2L,ABFLOW025,Natural gas,9.367017892434411,,9.367017892434411
Romania,2014,1A2L,ABFLOW025,Oil,9.367017892434411,,9.367017892434411
Romania,2014,1A2M,ABFLOW026,Coal,9.367017892434411,,9.367017892434411
Romania,2014,1A2M,ABFLOW026,Natural gas,9.367017892434411,,9.367017892434411
Romania,2014,1A2M,ABFLOW026,Oil,9.367017892434411,,9.367017892434411
Romania,2014,1A3,ABFLOW027,Coal,,,0.0
Romania,2014,1A3,ABFLOW027,Natural gas,,,0.0
Romania,2014,1A3,ABFLOW027,Oil,,,0.0
Romania,2014,1A3A1,ABFLOW040,Coal,4.77717912514155,,4.77717912514155
Romania,2014,1A3A1,ABFLOW040,Natural gas,4.77717912514155,,4.77717912514155
Romania,2014,1A3A1,ABFLOW040,Oil,4.77717912514155,,4.77717912514155
Romania,2014,1A3A2,ABFLOW029,Coal,9.367017892434411,,9.367017892434411
Romania,2014,1A3A2,ABFLOW029,Natural gas,9.367017892434411,,9.367017892434411
Romania,2014,1A3A2,ABFLOW029,Oil,9.367017892434411,,9.367017892434411
Romania,2014,1A3B,ABFLOW028,Coal,,,0.0
Romania,2014,1A3B,ABFLOW028,Natural gas,,,0.0
Romania,2014,1A3B,ABFLOW028,Oil,,,0.0
Romania,2014,1A3C,ABFLOW030,Coal,,,0.0
Romania,2014,1A3C,ABFLOW030,Natural gas,,,0.0
Romania,2014,1A3C,ABFLOW030,Oil,,,0.0
Romania,2014,1A3D1,ABFLOW039,Coal,,,0.0
Romania,2014,1A3D1,ABFLOW039,Natural gas,,,0.0
Romania,2014,1A3D1,ABFLOW039,Oil,,,0.0
Romania,2014,1A3D2,ABFLOW032,Coal,,,0.0
Romania,2014,1A3D2,ABFLOW032,Natural gas,,,0.0
Romania,2014,1A3D2,ABFLOW032,Oil,,,0.0
Romania,2014,1A3E1,ABFLOW033,Coal,,,0.0
Romania,2014,1A3E1,ABFLOW033,Natural gas,,,0.0
Romania,2014,1A3E1,ABFLOW033,Oil,,,0.0
Romania,2014,1A4A,ABFLOW035,Coal,,,0.0
Romania,2014,1A4A,ABFLOW035,Natural gas,,,0.0
Romania,2014,1A4A,ABFLOW035,Oil,,,0.0
Romania,2014,1A4B,ABFLOW034,Coal,,,0.0
Romania,2014,1A4B,ABFLOW034,Natural gas,,,0.0
Romania,2014,1A4B,ABFLOW034,Oil,,,0.0
Romania,2014,1A4C1,ABFLOW036,Coal,,,0.0
Romania,2014,1A4C1,ABFLOW036,Natural gas,,,0.0
Romania,2014,1A4C1,ABFLOW036,Oil,,,0.0
Romania,2014,1A4C2,ABFLOW037,Coal,,,0.0
Romania,2014,1A4C2,ABFLOW037,Natural gas,,,0.0
Romania,2014,1A4C2,ABFLOW037,Oil,,,0.0
Romania,2014,1A5,ABFLOW038,Coal,,,0.0
Romania,2014,1A5,ABFLOW038,Natural gas,,,0.0
Romania,2014,1A5,ABFLOW038,Oil,,,0.0
Romania,2015,1A,ABFLOW001,Coal,,,0.0
Romania,2015,1A,ABFLOW001,Natural gas,,,0.0
Romania,2015,1A,ABFLOW001,Oil,,,0.0
Romania,2015,1A1A,ABFLOW002,Coal,,,0.0
Romania,2015,1A1A,ABFLOW002,Natural gas,,,0.0
Romania,2015,1A1A,ABFLOW002,Oil,,,0.0
Romania,2015,1A1A1,ABFLOW003,Coal,11.708315337880244,,11.708315337880244
Romania,2015,1A1A1,ABFLOW003,Natural gas,11.708315337880244,,11.708315337880244
Romania,2015,1A1A1,ABFLOW003,Oil,11.708315337880244,,11.708315337880244
Romania,2015,1A1A2,ABFLOW004,Coal,11.708315337880244,,11.708315337880244
Romania,2015,1A1A2,ABFLOW004,Natural gas,11.708315337880244,,11.708315337880244
Romania,2015,1A1A2,ABFLOW004,Oil,11.708315337880244,,11.708315337880244
Romania,2015,1A1A3,ABFLOW005,Coal,11.708315337880244,,11.708315337880244
Romania,2015,1A1A3,ABFLOW005,Natural gas,11.708315337880244,,11.708315337880244
Romania,2015,1A1A3,ABFLOW005,Oil,11.708315337880244,,11.708315337880244
Romania,2015,1A1B,ABFLOW011,Coal,11.708315337880244,,11.708315337880244
Romania,2015,1A1B,ABFLOW011,Natural gas,11.708315337880244,,11.708315337880244
Romania,2015,1A1B,ABFLOW011,Oil,11.708315337880244,,11.708315337880244
Romania,2015,1A1C,ABFLOW011,Coal,11.708315337880244,,11.708315337880244
Romania,2015,1A1C,ABFLOW011,Natural gas,11.708315337880244,,11.708315337880244
Romania,2015,1A1C,ABFLOW011,Oil,11.708315337880244,,11.708315337880244
Romania,2015,1A2,ABFLOW012,Coal,,,0.0
Romania,2015,1A2,ABFLOW012,Natural gas,,,0.0
Romania,2015,1A2,ABFLOW012,Oil,,,0.0
Romania,2015,1A2A,ABFLOW016,Coal,11.708315337880244,,11.708315337880244
Romania,2015,1A2A,ABFLOW016,Natural gas,11.708315337880244,,11.708315337880244
Romania,2015,1A2A,ABFLOW016,Oil,11.708315337880244,,11.708315337880244
Romania,2015,1A2B,ABFLOW018,Coal,11.708315337880244,,11.708315337880244
Romania,2015,1A2B,ABFLOW018,Natural gas,11.708315337880244,,11.708315337880244
Romania,2015,1A2B,ABFLOW018,Oil,11.708315337880244,,11.708315337880244
Romania,2015,1A2C,ABFLOW017,Coal,11.708315337880244,,11.708315337880244
Romania,2015,1A2C,ABFLOW017,Natural gas,11.708315337880244,,11.708315337880244
Romania,2015,1A2C,ABFLOW017,Oil,11.708315337880244,,11.708315337880244
Romania,2015,1A2D,ABFLOW023,Coal,11.708315337880244,,11.708315337880244
Romania,2015,1A2D,ABFLOW023,Natural gas,11.708315337880244,,11.708315337880244
Romania,2015,1A2D,ABFLOW023,Oil,11.708315337880244,,11.708315337880244
Romania,2015,1A2E,ABFLOW022,Coal,11.708315337880244,,11.708315337880244
Romania,2015,1A2E,ABFLOW022,Natural gas,11.708315337880244,,11.708315337880244
Romania,2015,1A2E,ABFLOW022,Oil,11.708315337880244,,11.708315337880244
Romania,2015,1A2F,ABFLOW019,Coal,11.708315337880244,,11.708315337880244
Romania,2015,1A2F,ABFLOW019,Natural gas,11.708315337880244,,11.708315337880244
Romania,2015,1A2F,ABFLOW019,Oil,11.708315337880244,,11.708315337880244
Romania,2015,1A2G,ABFLOW020,Coal,11.708315337880244,,11.708315337880244
Romania,2015,1A2G,ABFLOW020,Natural gas,11.708315337880244,,11.708315337880244
Romania,2015,1A2G,ABFLOW020,Oil,11.708315337880244,,11.708315337880244
Romania,2015,1A2H,ABFLOW021,Coal,11.708315337880244,,11.708315337880244
Romania,2015,1A2H,ABFLOW021,Natural gas,11.708315337880244,,11.708315337880244
Romania,2015,1A2H,ABFLOW021,Oil,11.708315337880244,,11.708315337880244
Romania,2015,1A2I,ABFLOW013,Coal,11.708315337880244,,11.708315337880244
Romania,2015,1A2I,ABFLOW013,Natural gas,11.708315337880244,,11.708315337880244
Romania,2015,1A2I,ABFLOW013,Oil,11.708315337880244,,11.708315337880244
Romania,2015,1A2J,ABFLOW024,Coal,11.708315337880244,,11.708315337880244
Romania,2015,1A2J,ABFLOW024,Natural gas,11.708315337880244,,11.708315337880244
Romania,2015,1A2J,ABFLOW024,Oil,11.708315337880244,,11.708315337880244
Romania,2015,1A2K,ABFLOW014,Coal,11.708315337880244,,11.708315337880244
Romania,2015,1A2K,ABFLOW014,Natural gas,11.708315337880244,,11.708315337880244
Romania,2015,1A2K,ABFLOW014,Oil,11.708315337880244,,11.708315337880244
Romania,2015,1A2L,ABFLOW025,Coal,11.708315337880244,,11.708315337880244
Romania,2015,1A2L,ABFLOW025,Natural gas,11.708315337880244,,11.708315337880244
Romania,2015,1A2L,ABFLOW025,Oil,11.708315337880244,,11.708315337880244
Romania,2015,1A2M,ABFLOW026,Coal,11.708315337880244,,11.708315337880244
Romania,2015,1A2M,ABFLOW026,Natural gas,11.708315337880244,,11.708315337880244
Romania,2015,1A2M,ABFLOW026,Oil,11.708315337880244,,11.708315337880244
Romania,2015,1A3,ABFLOW027,Coal,,,0.0
Romania,2015,1A3,ABFLOW027,Natural gas,,,0.0
Romania,2015,1A3,ABFLOW027,Oil,,,0.0
Romania,2015,1A3A1,ABFLOW040,Coal,5.971240822318924,,5.971240822318924
Romania,2015,1A3A1,ABFLOW040,Natural gas,5.971240822318924,,5.971240822318924
Romania,2015,1A3A1,ABFLOW040,Oil,5.971240822318924,,5.971240822318924
Romania,2015,1A3A2,ABFLOW029,Coal,11.708315337880244,,11.708315337880244
Romania,2015,1A3A2,ABFLOW029,Natural gas,11.708315337880244,,11.708315337880244
Romania,2015,1A3A2,ABFLOW029,Oil,11.708315337880244,,11.708315337880244
Romania,2015,1A3B,ABFLOW028,Coal,,,0.0
Romania,2015,1A3B,ABFLOW028,Natural gas,,,0.0
Romania,2015,1A3B,ABFLOW028,Oil,,,0.0
Romania,2015,1A3C,ABFLOW030,Coal,,,0.0
Romania,2015,1A3C,ABFLOW030,Natural gas,,,0.0
Romania,2015,1A3C,ABFLOW030,Oil,,,0.0
Romania,2015,1A3D1,ABFLOW039,Coal,,,0.0
Romania,2015,1A3D1,ABFLOW039,Natural gas,,,0.0
Romania,2015,1A3D1,ABFLOW039,Oil,,,0.0
Romania,2015,1A3D2,ABFLOW032,Coal,,,0.0
Romania,2015,1A3D2,ABFLOW032,Natural gas,,,0.0
Romania,2015,1A3D2,ABFLOW032,Oil,,,0.0
Romania,2015,1A3E1,ABFLOW033,Coal,,,0.0
Romania,2015,1A3E1,ABFLOW033,Natural gas,,,0.0
Romania,2015,1A3E1,ABFLOW033,Oil,,,0.0
Romania,2015,1A4A,ABFLOW035,Coal,,,0.0
Romania,2015,1A4A,ABFLOW035,Natural gas,,,0.0
Romania,2015,1A4A,ABFLOW035,Oil,,,0.0
Romania,2015,1A4B,ABFLOW034,Coal,,,0.0
Romania,2015,1A4B,ABFLOW034,Natural gas,,,0.0
Romania,2015,1A4B,ABFLOW034,Oil,,,0.0
Romania,2015,1A4C1,ABFLOW036,Coal,,,0.0
Romania,2015,1A4C1,ABFLOW036,Natural gas,,,0.0
Romania,2015,1A4C1,ABFLOW036,Oil,,,0.0
Romania,2015,1A4C2,ABFLOW037,Coal,,,0.0
Romania,2015,1A4C2,ABFLOW037,Natural gas,,,0.0
Romania,2015,1A4C2,ABFLOW037,Oil,,,0.0
Romania,2015,1A5,ABFLOW038,Coal,,,0.0
Romania,2015,1A5,ABFLOW038,Natural gas,,,0.0
Romania,2015,1A5,ABFLOW038,Oil,,,0.0
Romania,2016,1A,ABFLOW001,Coal,,,0.0
Romania,2016,1A,ABFLOW001,Natural gas,,,0.0
Romania,2016,1A,ABFLOW001,Oil,,,0.0
Romania,2016,1A1A,ABFLOW002,Coal,,,0.0
Romania,2016,1A1A,ABFLOW002,Natural gas,,,0.0
Romania,2016,1A1A,ABFLOW002,Oil,,,0.0
Romania,2016,1A1A1,ABFLOW003,Coal,7.947953306075815,,7.947953306075815
Romania,2016,1A1A1,ABFLOW003,Natural gas,7.947953306075815,,7.947953306075815
Romania,2016,1A1A1,ABFLOW003,Oil,7.947953306075815,,7.947953306075815
Romania,2016,1A1A2,ABFLOW004,Coal,7.947953306075815,,7.947953306075815
Romania,2016,1A1A2,ABFLOW004,Natural gas,7.947953306075815,,7.947953306075815
Romania,2016,1A1A2,ABFLOW004,Oil,7.947953306075815,,7.947953306075815
Romania,2016,1A1A3,ABFLOW005,Coal,7.947953306075815,,7.947953306075815
Romania,2016,1A1A3,ABFLOW005,Natural gas,7.947953306075815,,7.947953306075815
Romania,2016,1A1A3,ABFLOW005,Oil,7.947953306075815,,7.947953306075815
Romania,2016,1A1B,ABFLOW011,Coal,7.947953306075815,,7.947953306075815
Romania,2016,1A1B,ABFLOW011,Natural gas,7.947953306075815,,7.947953306075815
Romania,2016,1A1B,ABFLOW011,Oil,7.947953306075815,,7.947953306075815
Romania,2016,1A1C,ABFLOW011,Coal,7.947953306075815,,7.947953306075815
Romania,2016,1A1C,ABFLOW011,Natural gas,7.947953306075815,,7.947953306075815
Romania,2016,1A1C,ABFLOW011,Oil,7.947953306075815,,7.947953306075815
Romania,2016,1A2,ABFLOW012,Coal,,,0.0
Romania,2016,1A2,ABFLOW012,Natural gas,,,0.0
Romania,2016,1A2,ABFLOW012,Oil,,,0.0
Romania,2016,1A2A,ABFLOW016,Coal,7.947953306075815,,7.947953306075815
Romania,2016,1A2A,ABFLOW016,Natural gas,7.947953306075815,,7.947953306075815
Romania,2016,1A2A,ABFLOW016,Oil,7.947953306075815,,7.947953306075815
Romania,2016,1A2B,ABFLOW018,Coal,7.947953306075815,,7.947953306075815
Romania,2016,1A2B,ABFLOW018,Natural gas,7.947953306075815,,7.947953306075815
Romania,2016,1A2B,ABFLOW018,Oil,7.947953306075815,,7.947953306075815
Romania,2016,1A2C,ABFLOW017,Coal,7.947953306075815,,7.947953306075815
Romania,2016,1A2C,ABFLOW017,Natural gas,7.947953306075815,,7.947953306075815
Romania,2016,1A2C,ABFLOW017,Oil,7.947953306075815,,7.947953306075815
Romania,2016,1A2D,ABFLOW023,Coal,7.947953306075815,,7.947953306075815
Romania,2016,1A2D,ABFLOW023,Natural gas,7.947953306075815,,7.947953306075815
Romania,2016,1A2D,ABFLOW023,Oil,7.947953306075815,,7.947953306075815
Romania,2016,1A2E,ABFLOW022,Coal,7.947953306075815,,7.947953306075815
Romania,2016,1A2E,ABFLOW022,Natural gas,7.947953306075815,,7.947953306075815
Romania,2016,1A2E,ABFLOW022,Oil,7.947953306075815,,7.947953306075815
Romania,2016,1A2F,ABFLOW019,Coal,7.947953306075815,,7.947953306075815
Romania,2016,1A2F,ABFLOW019,Natural gas,7.947953306075815,,7.947953306075815
Romania,2016,1A2F,ABFLOW019,Oil,7.947953306075815,,7.947953306075815
Romania,2016,1A2G,ABFLOW020,Coal,7.947953306075815,,7.947953306075815
Romania,2016,1A2G,ABFLOW020,Natural gas,7.947953306075815,,7.947953306075815
Romania,2016,1A2G,ABFLOW020,Oil,7.947953306075815,,7.947953306075815
Romania,2016,1A2H,ABFLOW021,Coal,7.947953306075815,,7.947953306075815
Romania,2016,1A2H,ABFLOW021,Natural gas,7.947953306075815,,7.947953306075815
Romania,2016,1A2H,ABFLOW021,Oil,7.947953306075815,,7.947953306075815
Romania,2016,1A2I,ABFLOW013,Coal,7.947953306075815,,7.947953306075815
Romania,2016,1A2I,ABFLOW013,Natural gas,7.947953306075815,,7.947953306075815
Romania,2016,1A2I,ABFLOW013,Oil,7.947953306075815,,7.947953306075815
Romania,2016,1A2J,ABFLOW024,Coal,7.947953306075815,,7.947953306075815
Romania,2016,1A2J,ABFLOW024,Natural gas,7.947953306075815,,7.947953306075815
Romania,2016,1A2J,ABFLOW024,Oil,7.947953306075815,,7.947953306075815
Romania,2016,1A2K,ABFLOW014,Coal,7.947953306075815,,7.947953306075815
Romania,2016,1A2K,ABFLOW014,Natural gas,7.947953306075815,,7.947953306075815
Romania,2016,1A2K,ABFLOW014,Oil,7.947953306075815,,7.947953306075815
Romania,2016,1A2L,ABFLOW025,Coal,7.947953306075815,,7.947953306075815
Romania,2016,1A2L,ABFLOW025,Natural gas,7.947953306075815,,7.947953306075815
Romania,2016,1A2L,ABFLOW025,Oil,7.947953306075815,,7.947953306075815
Romania,2016,1A2M,ABFLOW026,Coal,7.947953306075815,,7.947953306075815
Romania,2016,1A2M,ABFLOW026,Natural gas,7.947953306075815,,7.947953306075815
Romania,2016,1A2M,ABFLOW026,Oil,7.947953306075815,,7.947953306075815
Romania,2016,1A3,ABFLOW027,Coal,,,0.0
Romania,2016,1A3,ABFLOW027,Natural gas,,,0.0
Romania,2016,1A3,ABFLOW027,Oil,,,0.0
Romania,2016,1A3A1,ABFLOW040,Coal,4.053456186098666,,4.053456186098666
Romania,2016,1A3A1,ABFLOW040,Natural gas,4.053456186098666,,4.053456186098666
Romania,2016,1A3A1,ABFLOW040,Oil,4.053456186098666,,4.053456186098666
Romania,2016,1A3A2,ABFLOW029,Coal,7.947953306075815,,7.947953306075815
Romania,2016,1A3A2,ABFLOW029,Natural gas,7.947953306075815,,7.947953306075815
Romania,2016,1A3A2,ABFLOW029,Oil,7.947953306075815,,7.947953306075815
Romania,2016,1A3B,ABFLOW028,Coal,,,0.0
Romania,2016,1A3B,ABFLOW028,Natural gas,,,0.0
Romania,2016,1A3B,ABFLOW028,Oil,,,0.0
Romania,2016,1A3C,ABFLOW030,Coal,,,0.0
Romania,2016,1A3C,ABFLOW030,Natural gas,,,0.0
Romania,2016,1A3C,ABFLOW030,Oil,,,0.0
Romania,2016,1A3D1,ABFLOW039,Coal,,,0.0
Romania,2016,1A3D1,ABFLOW039,Natural gas,,,0.0
Romania,2016,1A3D1,ABFLOW039,Oil,,,0.0
Romania,2016,1A3D2,ABFLOW032,Coal,,,0.0
Romania,2016,1A3D2,ABFLOW032,Natural gas,,,0.0
Romania,2016,1A3D2,ABFLOW032,Oil,,,0.0
Romania,2016,1A3E1,ABFLOW033,Coal,,,0.0
Romania,2016,1A3E1,ABFLOW033,Natural gas,,,0.0
Romania,2016,1A3E1,ABFLOW033,Oil,,,0.0
Romania,2016,1A4A,ABFLOW035,Coal,,,0.0
Romania,2016,1A4A,ABFLOW035,Natural gas,,,0.0
Romania,2016,1A4A,ABFLOW035,Oil,,,0.0
Romania,2016,1A4B,ABFLOW034,Coal,,,0.0
Romania,2016,1A4B,ABFLOW034,Natural gas,,,0.0
Romania,2016,1A4B,ABFLOW034,Oil,,,0.0
Romania,2016,1A4C1,ABFLOW036,Coal,,,0.0
Romania,2016,1A4C1,ABFLOW036,Natural gas,,,0.0
Romania,2016,1A4C1,ABFLOW036,Oil,,,0.0
Romania,2016,1A4C2,ABFLOW037,Coal,,,0.0
Romania,2016,1A4C2,ABFLOW037,Natural gas,,,0.0
Romania,2016,1A4C2,ABFLOW037,Oil,,,0.0
Romania,2016,1A5,ABFLOW038,Coal,,,0.0
Romania,2016,1A5,ABFLOW038,Natural gas,,,0.0
Romania,2016,1A5,ABFLOW038,Oil,,,0.0
Romania,2017,1A,ABFLOW001,Coal,,,0.0
Romania,2017,1A,ABFLOW001,Natural gas,,,0.0
Romania,2017,1A,ABFLOW001,Oil,,,0.0
Romania,2017,1A1A,ABFLOW002,Coal,,,0.0
Romania,2017,1A1A,ABFLOW002,Natural gas,,,0.0
Romania,2017,1A1A,ABFLOW002,Oil,,,0.0
Romania,2017,1A1A1,ABFLOW003,Coal,8.276094187169202,,8.276094187169202
Romania,2017,1A1A1,ABFLOW003,Natural gas,8.276094187169202,,8.276094187169202
Romania,2017,1A1A1,ABFLOW003,Oil,8.276094187169202,,8.276094187169202
Romania,2017,1A1A2,ABFLOW004,Coal,8.276094187169202,,8.276094187169202
Romania,2017,1A1A2,ABFLOW004,Natural gas,8.276094187169202,,8.276094187169202
Romania,2017,1A1A2,ABFLOW004,Oil,8.276094187169202,,8.276094187169202
Romania,2017,1A1A3,ABFLOW005,Coal,8.276094187169202,,8.276094187169202
Romania,2017,1A1A3,ABFLOW005,Natural gas,8.276094187169202,,8.276094187169202
Romania,2017,1A1A3,ABFLOW005,Oil,8.276094187169202,,8.276094187169202
Romania,2017,1A1B,ABFLOW011,Coal,8.276094187169202,,8.276094187169202
Romania,2017,1A1B,ABFLOW011,Natural gas,8.276094187169202,,8.276094187169202
Romania,2017,1A1B,ABFLOW011,Oil,8.276094187169202,,8.276094187169202
Romania,2017,1A1C,ABFLOW011,Coal,8.276094187169202,,8.276094187169202
Romania,2017,1A1C,ABFLOW011,Natural gas,8.276094187169202,,8.276094187169202
Romania,2017,1A1C,ABFLOW011,Oil,8.276094187169202,,8.276094187169202
Romania,2017,1A2,ABFLOW012,Coal,,,0.0
Romania,2017,1A2,ABFLOW012,Natural gas,,,0.0
Romania,2017,1A2,ABFLOW012,Oil,,,0.0
Romania,2017,1A2A,ABFLOW016,Coal,8.276094187169202,,8.276094187169202
Romania,2017,1A2A,ABFLOW016,Natural gas,8.276094187169202,,8.276094187169202
Romania,2017,1A2A,ABFLOW016,Oil,8.276094187169202,,8.276094187169202
Romania,2017,1A2B,ABFLOW018,Coal,8.276094187169202,,8.276094187169202
Romania,2017,1A2B,ABFLOW018,Natural gas,8.276094187169202,,8.276094187169202
Romania,2017,1A2B,ABFLOW018,Oil,8.276094187169202,,8.276094187169202
Romania,2017,1A2C,ABFLOW017,Coal,8.276094187169202,,8.276094187169202
Romania,2017,1A2C,ABFLOW017,Natural gas,8.276094187169202,,8.276094187169202
Romania,2017,1A2C,ABFLOW017,Oil,8.276094187169202,,8.276094187169202
Romania,2017,1A2D,ABFLOW023,Coal,8.276094187169202,,8.276094187169202
Romania,2017,1A2D,ABFLOW023,Natural gas,8.276094187169202,,8.276094187169202
Romania,2017,1A2D,ABFLOW023,Oil,8.276094187169202,,8.276094187169202
Romania,2017,1A2E,ABFLOW022,Coal,8.276094187169202,,8.276094187169202
Romania,2017,1A2E,ABFLOW022,Natural gas,8.276094187169202,,8.276094187169202
Romania,2017,1A2E,ABFLOW022,Oil,8.276094187169202,,8.276094187169202
Romania,2017,1A2F,ABFLOW019,Coal,8.276094187169202,,8.276094187169202
Romania,2017,1A2F,ABFLOW019,Natural gas,8.276094187169202,,8.276094187169202
Romania,2017,1A2F,ABFLOW019,Oil,8.276094187169202,,8.276094187169202
Romania,2017,1A2G,ABFLOW020,Coal,8.276094187169202,,8.276094187169202
Romania,2017,1A2G,ABFLOW020,Natural gas,8.276094187169202,,8.276094187169202
Romania,2017,1A2G,ABFLOW020,Oil,8.276094187169202,,8.276094187169202
Romania,2017,1A2H,ABFLOW021,Coal,8.276094187169202,,8.276094187169202
Romania,2017,1A2H,ABFLOW021,Natural gas,8.276094187169202,,8.276094187169202
Romania,2017,1A2H,ABFLOW021,Oil,8.276094187169202,,8.276094187169202
Romania,2017,1A2I,ABFLOW013,Coal,8.276094187169202,,8.276094187169202
Romania,2017,1A2I,ABFLOW013,Natural gas,8.276094187169202,,8.276094187169202
Romania,2017,1A2I,ABFLOW013,Oil,8.276094187169202,,8.276094187169202
Romania,2017,1A2J,ABFLOW024,Coal,8.276094187169202,,8.276094187169202
Romania,2017,1A2J,ABFLOW024,Natural gas,8.276094187169202,,8.276094187169202
Romania,2017,1A2J,ABFLOW024,Oil,8.276094187169202,,8.276094187169202
Romania,2017,1A2K,ABFLOW014,Coal,8.276094187169202,,8.276094187169202
Romania,2017,1A2K,ABFLOW014,Natural gas,8.276094187169202,,8.276094187169202
Romania,2017,1A2K,ABFLOW014,Oil,8.276094187169202,,8.276094187169202
Romania,2017,1A2L,ABFLOW025,Coal,8.276094187169202,,8.276094187169202
Romania,2017,1A2L,ABFLOW025,Natural gas,8.276094187169202,,8.276094187169202
Romania,2017,1A2L,ABFLOW025,Oil,8.276094187169202,,8.276094187169202
Romania,2017,1A2M,ABFLOW026,Coal,8.276094187169202,,8.276094187169202
Romania,2017,1A2M,ABFLOW026,Natural gas,8.276094187169202,,8.276094187169202
Romania,2017,1A2M,ABFLOW026,Oil,8.276094187169202,,8.276094187169202
Romania,2017,1A3,ABFLOW027,Coal,,,0.0
Romania,2017,1A3,ABFLOW027,Natural gas,,,0.0
Romania,2017,1A3,ABFLOW027,Oil,,,0.0
Romania,2017,1A3A1,ABFLOW040,Coal,4.220808035456293,,4.220808035456293
Romania,2017,1A3A1,ABFLOW040,Natural gas,4.220808035456293,,4.220808035456293
Romania,2017,1A3A1,ABFLOW040,Oil,4.220808035456293,,4.220808035456293
Romania,2017,1A3A2,ABFLOW029,Coal,8.276094187169202,,8.276094187169202
Romania,2017,1A3A2,ABFLOW029,Natural gas,8.276094187169202,,8.276094187169202
Romania,2017,1A3A2,ABFLOW029,Oil,8.276094187169202,,8.276094187169202
Romania,2017,1A3B,ABFLOW028,Coal,,,0.0
Romania,2017,1A3B,ABFLOW028,Natural gas,,,0.0
Romania,2017,1A3B,ABFLOW028,Oil,,,0.0
Romania,2017,1A3C,ABFLOW030,Coal,,,0.0
Romania,2017,1A3C,ABFLOW030,Natural gas,,,0.0
Romania,2017,1A3C,ABFLOW030,Oil,,,0.0
Romania,2017,1A3D1,ABFLOW039,Coal,,,0.0
Romania,2017,1A3D1,ABFLOW039,Natural gas,,,0.0
Romania,2017,1A3D1,ABFLOW039,Oil,,,0.0
Romania,2017,1A3D2,ABFLOW032,Coal,,,0.0
Romania,2017,1A3D2,ABFLOW032,Natural gas,,,0.0
Romania,2017,1A3D2,ABFLOW032,Oil,,,0.0
Romania,2017,1A3E1,ABFLOW033,Coal,,,0.0
Romania,2017,1A3E1,ABFLOW033,Natural gas,,,0.0
Romania,2017,1A3E1,ABFLOW033,Oil,,,0.0
Romania,2017,1A4A,ABFLOW035,Coal,,,0.0
Romania,2017,1A4A,ABFLOW035,Natural gas,,,0.0
Romania,2017,1A4A,ABFLOW035,Oil,,,0.0
Romania,2017,1A4B,ABFLOW034,Coal,,,0.0
Romania,2017,1A4B,ABFLOW034,Natural gas,,,0.0
Romania,2017,1A4B,ABFLOW034,Oil,,,0.0
Romania,2017,1A4C1,ABFLOW036,Coal,,,0.0
Romania,2017,1A4C1,ABFLOW036,Natural gas,,,0.0
Romania,2017,1A4C1,ABFLOW036,Oil,,,0.0
Romania,2017,1A4C2,ABFLOW037,Coal,,,0.0
Romania,2017,1A4C2,ABFLOW037,Natural gas,,,0.0
Romania,2017,1A4C2,ABFLOW037,Oil,,,0.0
Romania,2017,1A5,ABFLOW038,Coal,,,0.0
Romania,2017,1A5,ABFLOW038,Natural gas,,,0.0
Romania,2017,1A5,ABFLOW038,Oil,,,0.0
Romania,2018,1A,ABFLOW001,Coal,,,0.0
Romania,2018,1A,ABFLOW001,Natural gas,,,0.0
Romania,2018,1A,ABFLOW001,Oil,,,0.0
Romania,2018,1A1A,ABFLOW002,Coal,,,0.0
Romania,2018,1A1A,ABFLOW002,Natural gas,,,0.0
Romania,2018,1A1A,ABFLOW002,Oil,,,0.0
Romania,2018,1A1A1,ABFLOW003,Coal,21.149155261149104,,21.149155261149104
Romania,2018,1A1A1,ABFLOW003,Natural gas,21.149155261149104,,21.149155261149104
Romania,2018,1A1A1,ABFLOW003,Oil,21.149155261149104,,21.149155261149104
Romania,2018,1A1A2,ABFLOW004,Coal,21.149155261149104,,21.149155261149104
Romania,2018,1A1A2,ABFLOW004,Natural gas,21.149155261149104,,21.149155261149104
Romania,2018,1A1A2,ABFLOW004,Oil,21.149155261149104,,21.149155261149104
Romania,2018,1A1A3,ABFLOW005,Coal,21.149155261149104,,21.149155261149104
Romania,2018,1A1A3,ABFLOW005,Natural gas,21.149155261149104,,21.149155261149104
Romania,2018,1A1A3,ABFLOW005,Oil,21.149155261149104,,21.149155261149104
Romania,2018,1A1B,ABFLOW011,Coal,21.149155261149104,,21.149155261149104
Romania,2018,1A1B,ABFLOW011,Natural gas,21.149155261149104,,21.149155261149104
Romania,2018,1A1B,ABFLOW011,Oil,21.149155261149104,,21.149155261149104
Romania,2018,1A1C,ABFLOW011,Coal,21.149155261149104,,21.149155261149104
Romania,2018,1A1C,ABFLOW011,Natural gas,21.149155261149104,,21.149155261149104
Romania,2018,1A1C,ABFLOW011,Oil,21.149155261149104,,21.149155261149104
Romania,2018,1A2,ABFLOW012,Coal,,,0.0
Romania,2018,1A2,ABFLOW012,Natural gas,,,0.0
Romania,2018,1A2,ABFLOW012,Oil,,,0.0
Romania,2018,1A2A,ABFLOW016,Coal,21.149155261149104,,21.149155261149104
Romania,2018,1A2A,ABFLOW016,Natural gas,21.149155261149104,,21.149155261149104
Romania,2018,1A2A,ABFLOW016,Oil,21.149155261149104,,21.149155261149104
Romania,2018,1A2B,ABFLOW018,Coal,21.149155261149104,,21.149155261149104
Romania,2018,1A2B,ABFLOW018,Natural gas,21.149155261149104,,21.149155261149104
Romania,2018,1A2B,ABFLOW018,Oil,21.149155261149104,,21.149155261149104
Romania,2018,1A2C,ABFLOW017,Coal,21.149155261149104,,21.149155261149104
Romania,2018,1A2C,ABFLOW017,Natural gas,21.149155261149104,,21.149155261149104
Romania,2018,1A2C,ABFLOW017,Oil,21.149155261149104,,21.149155261149104
Romania,2018,1A2D,ABFLOW023,Coal,21.149155261149104,,21.149155261149104
Romania,2018,1A2D,ABFLOW023,Natural gas,21.149155261149104,,21.149155261149104
Romania,2018,1A2D,ABFLOW023,Oil,21.149155261149104,,21.149155261149104
Romania,2018,1A2E,ABFLOW022,Coal,21.149155261149104,,21.149155261149104
Romania,2018,1A2E,ABFLOW022,Natural gas,21.149155261149104,,21.149155261149104
Romania,2018,1A2E,ABFLOW022,Oil,21.149155261149104,,21.149155261149104
Romania,2018,1A2F,ABFLOW019,Coal,21.149155261149104,,21.149155261149104
Romania,2018,1A2F,ABFLOW019,Natural gas,21.149155261149104,,21.149155261149104
Romania,2018,1A2F,ABFLOW019,Oil,21.149155261149104,,21.149155261149104
Romania,2018,1A2G,ABFLOW020,Coal,21.149155261149104,,21.149155261149104
Romania,2018,1A2G,ABFLOW020,Natural gas,21.149155261149104,,21.149155261149104
Romania,2018,1A2G,ABFLOW020,Oil,21.149155261149104,,21.149155261149104
Romania,2018,1A2H,ABFLOW021,Coal,21.149155261149104,,21.149155261149104
Romania,2018,1A2H,ABFLOW021,Natural gas,21.149155261149104,,21.149155261149104
Romania,2018,1A2H,ABFLOW021,Oil,21.149155261149104,,21.149155261149104
Romania,2018,1A2I,ABFLOW013,Coal,21.149155261149104,,21.149155261149104
Romania,2018,1A2I,ABFLOW013,Natural gas,21.149155261149104,,21.149155261149104
Romania,2018,1A2I,ABFLOW013,Oil,21.149155261149104,,21.149155261149104
Romania,2018,1A2J,ABFLOW024,Coal,21.149155261149104,,21.149155261149104
Romania,2018,1A2J,ABFLOW024,Natural gas,21.149155261149104,,21.149155261149104
Romania,2018,1A2J,ABFLOW024,Oil,21.149155261149104,,21.149155261149104
Romania,2018,1A2K,ABFLOW014,Coal,21.149155261149104,,21.149155261149104
Romania,2018,1A2K,ABFLOW014,Natural gas,21.149155261149104,,21.149155261149104
Romania,2018,1A2K,ABFLOW014,Oil,21.149155261149104,,21.149155261149104
Romania,2018,1A2L,ABFLOW025,Coal,21.149155261149104,,21.149155261149104
Romania,2018,1A2L,ABFLOW025,Natural gas,21.149155261149104,,21.149155261149104
Romania,2018,1A2L,ABFLOW025,Oil,21.149155261149104,,21.149155261149104
Romania,2018,1A2M,ABFLOW026,Coal,21.149155261149104,,21.149155261149104
Romania,2018,1A2M,ABFLOW026,Natural gas,21.149155261149104,,21.149155261149104
Romania,2018,1A2M,ABFLOW026,Oil,21.149155261149104,,21.149155261149104
Romania,2018,1A3,ABFLOW027,Coal,,,0.0
Romania,2018,1A3,ABFLOW027,Natural gas,,,0.0
Romania,2018,1A3,ABFLOW027,Oil,,,0.0
Romania,2018,1A3A1,ABFLOW040,Coal,10.786069183186044,,10.786069183186044
Romania,2018,1A3A1,ABFLOW040,Natural gas,10.786069183186044,,10.786069183186044
Romania,2018,1A3A1,ABFLOW040,Oil,10.786069183186044,,10.786069183186044
Romania,2018,1A3A2,ABFLOW029,Coal,21.149155261149104,,21.149155261149104
Romania,2018,1A3A2,ABFLOW029,Natural gas,21.149155261149104,,21.149155261149104
Romania,2018,1A3A2,ABFLOW029,Oil,21.149155261149104,,21.149155261149104
Romania,2018,1A3B,ABFLOW028,Coal,,,0.0
Romania,2018,1A3B,ABFLOW028,Natural gas,,,0.0
Romania,2018,1A3B,ABFLOW028,Oil,,,0.0
Romania,2018,1A3C,ABFLOW030,Coal,,,0.0
Romania,2018,1A3C,ABFLOW030,Natural gas,,,0.0
Romania,2018,1A3C,ABFLOW030,Oil,,,0.0
Romania,2018,1A3D1,ABFLOW039,Coal,,,0.0
Romania,2018,1A3D1,ABFLOW039,Natural gas,,,0.0
Romania,2018,1A3D1,ABFLOW039,Oil,,,0.0
Romania,2018,1A3D2,ABFLOW032,Coal,,,0.0
Romania,2018,1A3D2,ABFLOW032,Natural gas,,,0.0
Romania,2018,1A3D2,ABFLOW032,Oil,,,0.0
Romania,2018,1A3E1,ABFLOW033,Coal,,,0.0
Romania,2018,1A3E1,ABFLOW033,Natural gas,,,0.0
Romania,2018,1A3E1,ABFLOW033,Oil,,,0.0
Romania,2018,1A4A,ABFLOW035,Coal,,,0.0
Romania,2018,1A4A,ABFLOW035,Natural gas,,,0.0
Romania,2018,1A4A,ABFLOW035,Oil,,,0.0
Romania,2018,1A4B,ABFLOW034,Coal,,,0.0
Romania,2018,1A4B,ABFLOW034,Natural gas,,,0.0
Romania,2018,1A4B,ABFLOW034,Oil,,,0.0
Romania,2018,1A4C1,ABFLOW036,Coal,,,0.0
Romania,2018,1A4C1,ABFLOW036,Natural gas,,,0.0
Romania,2018,1A4C1,ABFLOW036,Oil,,,0.0
Romania,2018,1A4C2,ABFLOW037,Coal,,,0.0
Romania,2018,1A4C2,ABFLOW037,Natural gas,,,0.0
Romania,2018,1A4C2,ABFLOW037,Oil,,,0.0
Romania,2018,1A5,ABFLOW038,Coal,,,0.0
Romania,2018,1A5,ABFLOW038,Natural gas,,,0.0
Romania,2018,1A5,ABFLOW038,Oil,,,0.0
Romania,2019,1A,ABFLOW001,Coal,,,0.0
Romania,2019,1A,ABFLOW001,Natural gas,,,0.0
Romania,2019,1A,ABFLOW001,Oil,,,0.0
Romania,2019,1A1A,ABFLOW002,Coal,,,0.0
Romania,2019,1A1A,ABFLOW002,Natural gas,,,0.0
Romania,2019,1A1A,ABFLOW002,Oil,,,0.0
Romania,2019,1A1A1,ABFLOW003,Coal,31.100709132172565,,31.100709132172565
Romania,2019,1A1A1,ABFLOW003,Natural gas,31.100709132172565,,31.100709132172565
Romania,2019,1A1A1,ABFLOW003,Oil,31.100709132172565,,31.100709132172565
Romania,2019,1A1A2,ABFLOW004,Coal,31.100709132172565,,31.100709132172565
Romania,2019,1A1A2,ABFLOW004,Natural gas,31.100709132172565,,31.100709132172565
Romania,2019,1A1A2,ABFLOW004,Oil,31.100709132172565,,31.100709132172565
Romania,2019,1A1A3,ABFLOW005,Coal,31.100709132172565,,31.100709132172565
Romania,2019,1A1A3,ABFLOW005,Natural gas,31.100709132172565,,31.100709132172565
Romania,2019,1A1A3,ABFLOW005,Oil,31.100709132172565,,31.100709132172565
Romania,2019,1A1B,ABFLOW011,Coal,31.100709132172565,,31.100709132172565
Romania,2019,1A1B,ABFLOW011,Natural gas,31.100709132172565,,31.100709132172565
Romania,2019,1A1B,ABFLOW011,Oil,31.100709132172565,,31.100709132172565
Romania,2019,1A1C,ABFLOW011,Coal,31.100709132172565,,31.100709132172565
Romania,2019,1A1C,ABFLOW011,Natural gas,31.100709132172565,,31.100709132172565
Romania,2019,1A1C,ABFLOW011,Oil,31.100709132172565,,31.100709132172565
Romania,2019,1A2,ABFLOW012,Coal,,,0.0
Romania,2019,1A2,ABFLOW012,Natural gas,,,0.0
Romania,2019,1A2,ABFLOW012,Oil,,,0.0
Romania,2019,1A2A,ABFLOW016,Coal,31.100709132172565,,31.100709132172565
Romania,2019,1A2A,ABFLOW016,Natural gas,31.100709132172565,,31.100709132172565
Romania,2019,1A2A,ABFLOW016,Oil,31.100709132172565,,31.100709132172565
Romania,2019,1A2B,ABFLOW018,Coal,31.100709132172565,,31.100709132172565
Romania,2019,1A2B,ABFLOW018,Natural gas,31.100709132172565,,31.100709132172565
Romania,2019,1A2B,ABFLOW018,Oil,31.100709132172565,,31.100709132172565
Romania,2019,1A2C,ABFLOW017,Coal,31.100709132172565,,31.100709132172565
Romania,2019,1A2C,ABFLOW017,Natural gas,31.100709132172565,,31.100709132172565
Romania,2019,1A2C,ABFLOW017,Oil,31.100709132172565,,31.100709132172565
Romania,2019,1A2D,ABFLOW023,Coal,31.100709132172565,,31.100709132172565
Romania,2019,1A2D,ABFLOW023,Natural gas,31.100709132172565,,31.100709132172565
Romania,2019,1A2D,ABFLOW023,Oil,31.100709132172565,,31.100709132172565
Romania,2019,1A2E,ABFLOW022,Coal,31.100709132172565,,31.100709132172565
Romania,2019,1A2E,ABFLOW022,Natural gas,31.100709132172565,,31.100709132172565
Romania,2019,1A2E,ABFLOW022,Oil,31.100709132172565,,31.100709132172565
Romania,2019,1A2F,ABFLOW019,Coal,31.100709132172565,,31.100709132172565
Romania,2019,1A2F,ABFLOW019,Natural gas,31.100709132172565,,31.100709132172565
Romania,2019,1A2F,ABFLOW019,Oil,31.100709132172565,,31.100709132172565
Romania,2019,1A2G,ABFLOW020,Coal,31.100709132172565,,31.100709132172565
Romania,2019,1A2G,ABFLOW020,Natural gas,31.100709132172565,,31.100709132172565
Romania,2019,1A2G,ABFLOW020,Oil,31.100709132172565,,31.100709132172565
Romania,2019,1A2H,ABFLOW021,Coal,31.100709132172565,,31.100709132172565
Romania,2019,1A2H,ABFLOW021,Natural gas,31.100709132172565,,31.100709132172565
Romania,2019,1A2H,ABFLOW021,Oil,31.100709132172565,,31.100709132172565
Romania,2019,1A2I,ABFLOW013,Coal,31.100709132172565,,31.100709132172565
Romania,2019,1A2I,ABFLOW013,Natural gas,31.100709132172565,,31.100709132172565
Romania,2019,1A2I,ABFLOW013,Oil,31.100709132172565,,31.100709132172565
Romania,2019,1A2J,ABFLOW024,Coal,31.100709132172565,,31.100709132172565
Romania,2019,1A2J,ABFLOW024,Natural gas,31.100709132172565,,31.100709132172565
Romania,2019,1A2J,ABFLOW024,Oil,31.100709132172565,,31.100709132172565
Romania,2019,1A2K,ABFLOW014,Coal,31.100709132172565,,31.100709132172565
Romania,2019,1A2K,ABFLOW014,Natural gas,31.100709132172565,,31.100709132172565
Romania,2019,1A2K,ABFLOW014,Oil,31.100709132172565,,31.100709132172565
Romania,2019,1A2L,ABFLOW025,Coal,31.100709132172565,,31.100709132172565
Romania,2019,1A2L,ABFLOW025,Natural gas,31.100709132172565,,31.100709132172565
Romania,2019,1A2L,ABFLOW025,Oil,31.100709132172565,,31.100709132172565
Romania,2019,1A2M,ABFLOW026,Coal,31.100709132172565,,31.100709132172565
Romania,2019,1A2M,ABFLOW026,Natural gas,31.100709132172565,,31.100709132172565
Romania,2019,1A2M,ABFLOW026,Oil,31.100709132172565,,31.100709132172565
Romania,2019,1A3,ABFLOW027,Coal,,,0.0
Romania,2019,1A3,ABFLOW027,Natural gas,,,0.0
Romania,2019,1A3,ABFLOW027,Oil,,,0.0
Romania,2019,1A3A1,ABFLOW040,Coal,15.861361657408008,,15.861361657408008
Romania,2019,1A3A1,ABFLOW040,Natural gas,15.861361657408008,,15.861361657408008
Romania,2019,1A3A1,ABFLOW040,Oil,15.861361657408008,,15.861361657408008
Romania,2019,1A3A2,ABFLOW029,Coal,31.100709132172565,,31.100709132172565
Romania,2019,1A3A2,ABFLOW029,Natural gas,31.100709132172565,,31.100709132172565
Romania,2019,1A3A2,ABFLOW029,Oil,31.100709132172565,,31.100709132172565
Romania,2019,1A3B,ABFLOW028,Coal,,,0.0
Romania,2019,1A3B,ABFLOW028,Natural gas,,,0.0
Romania,2019,1A3B,ABFLOW028,Oil,,,0.0
Romania,2019,1A3C,ABFLOW030,Coal,,,0.0
Romania,2019,1A3C,ABFLOW030,Natural gas,,,0.0
Romania,2019,1A3C,ABFLOW030,Oil,,,0.0
Romania,2019,1A3D1,ABFLOW039,Coal,,,0.0
Romania,2019,1A3D1,ABFLOW039,Natural gas,,,0.0
Romania,2019,1A3D1,ABFLOW039,Oil,,,0.0
Romania,2019,1A3D2,ABFLOW032,Coal,,,0.0
Romania,2019,1A3D2,ABFLOW032,Natural gas,,,0.0
Romania,2019,1A3D2,ABFLOW032,Oil,,,0.0
Romania,2019,1A3E1,ABFLOW033,Coal,,,0.0
Romania,2019,1A3E1,ABFLOW033,Natural gas,,,0.0
Romania,2019,1A3E1,ABFLOW033,Oil,,,0.0
Romania,2019,1A4A,ABFLOW035,Coal,,,0.0
Romania,2019,1A4A,ABFLOW035,Natural gas,,,0.0
Romania,2019,1A4A,ABFLOW035,Oil,,,0.0
Romania,2019,1A4B,ABFLOW034,Coal,,,0.0
Romania,2019,1A4B,ABFLOW034,Natural gas,,,0.0
Romania,2019,1A4B,ABFLOW034,Oil,,,0.0
Romania,2019,1A4C1,ABFLOW036,Coal,,,0.0
Romania,2019,1A4C1,ABFLOW036,Natural gas,,,0.0
Romania,2019,1A4C1,ABFLOW036,Oil,,,0.0
Romania,2019,1A4C2,ABFLOW037,Coal,,,0.0
Romania,2019,1A4C2,ABFLOW037,Natural gas,,,0.0
Romania,2019,1A4C2,ABFLOW037,Oil,,,0.0
Romania,2019,1A5,ABFLOW038,Coal,,,0.0
Romania,2019,1A5,ABFLOW038,Natural gas,,,0.0
Romania,2019,1A5,ABFLOW038,Oil,,,0.0
Romania,2020,1A,ABFLOW001,Coal,,,0.0
Romania,2020,1A,ABFLOW001,Natural gas,,,0.0
Romania,2020,1A,ABFLOW001,Oil,,,0.0
Romania,2020,1A1A,ABFLOW002,Coal,,,0.0
Romania,2020,1A1A,ABFLOW002,Natural gas,,,0.0
Romania,2020,1A1A,ABFLOW002,Oil,,,0.0
Romania,2020,1A1A1,ABFLOW003,Coal,29.728702505794804,,29.728702505794804
Romania,2020,1A1A1,ABFLOW003,Natural gas,29.728702505794804,,29.728702505794804
Romania,2020,1A1A1,ABFLOW003,Oil,29.728702505794804,,29.728702505794804
Romania,2020,1A1A2,ABFLOW004,Coal,29.728702505794804,,29.728702505794804
Romania,2020,1A1A2,ABFLOW004,Natural gas,29.728702505794804,,29.728702505794804
Romania,2020,1A1A2,ABFLOW004,Oil,29.728702505794804,,29.728702505794804
Romania,2020,1A1A3,ABFLOW005,Coal,29.728702505794804,,29.728702505794804
Romania,2020,1A1A3,ABFLOW005,Natural gas,29.728702505794804,,29.728702505794804
Romania,2020,1A1A3,ABFLOW005,Oil,29.728702505794804,,29.728702505794804
Romania,2020,1A1B,ABFLOW011,Coal,29.728702505794804,,29.728702505794804
Romania,2020,1A1B,ABFLOW011,Natural gas,29.728702505794804,,29.728702505794804
Romania,2020,1A1B,ABFLOW011,Oil,29.728702505794804,,29.728702505794804
Romania,2020,1A1C,ABFLOW011,Coal,29.728702505794804,,29.728702505794804
Romania,2020,1A1C,ABFLOW011,Natural gas,29.728702505794804,,29.728702505794804
Romania,2020,1A1C,ABFLOW011,Oil,29.728702505794804,,29.728702505794804
Romania,2020,1A2,ABFLOW012,Coal,,,0.0
Romania,2020,1A2,ABFLOW012,Natural gas,,,0.0
Romania,2020,1A2,ABFLOW012,Oil,,,0.0
Romania,2020,1A2A,ABFLOW016,Coal,29.728702505794804,,29.728702505794804
Romania,2020,1A2A,ABFLOW016,Natural gas,29.728702505794804,,29.728702505794804
Romania,2020,1A2A,ABFLOW016,Oil,29.728702505794804,,29.728702505794804
Romania,2020,1A2B,ABFLOW018,Coal,29.728702505794804,,29.728702505794804
Romania,2020,1A2B,ABFLOW018,Natural gas,29.728702505794804,,29.728702505794804
Romania,2020,1A2B,ABFLOW018,Oil,29.728702505794804,,29.728702505794804
Romania,2020,1A2C,ABFLOW017,Coal,29.728702505794804,,29.728702505794804
Romania,2020,1A2C,ABFLOW017,Natural gas,29.728702505794804,,29.728702505794804
Romania,2020,1A2C,ABFLOW017,Oil,29.728702505794804,,29.728702505794804
Romania,2020,1A2D,ABFLOW023,Coal,29.728702505794804,,29.728702505794804
Romania,2020,1A2D,ABFLOW023,Natural gas,29.728702505794804,,29.728702505794804
Romania,2020,1A2D,ABFLOW023,Oil,29.728702505794804,,29.728702505794804
Romania,2020,1A2E,ABFLOW022,Coal,29.728702505794804,,29.728702505794804
Romania,2020,1A2E,ABFLOW022,Natural gas,29.728702505794804,,29.728702505794804
Romania,2020,1A2E,ABFLOW022,Oil,29.728702505794804,,29.728702505794804
Romania,2020,1A2F,ABFLOW019,Coal,29.728702505794804,,29.728702505794804
Romania,2020,1A2F,ABFLOW019,Natural gas,29.728702505794804,,29.728702505794804
Romania,2020,1A2F,ABFLOW019,Oil,29.728702505794804,,29.728702505794804
Romania,2020,1A2G,ABFLOW020,Coal,29.728702505794804,,29.728702505794804
Romania,2020,1A2G,ABFLOW020,Natural gas,29.728702505794804,,29.728702505794804
Romania,2020,1A2G,ABFLOW020,Oil,29.728702505794804,,29.728702505794804
Romania,2020,1A2H,ABFLOW021,Coal,29.728702505794804,,29.728702505794804
Romania,2020,1A2H,ABFLOW021,Natural gas,29.728702505794804,,29.728702505794804
Romania,2020,1A2H,ABFLOW021,Oil,29.728702505794804,,29.728702505794804
Romania,2020,1A2I,ABFLOW013,Coal,29.728702505794804,,29.728702505794804
Romania,2020,1A2I,ABFLOW013,Natural gas,29.728702505794804,,29.728702505794804
Romania,2020,1A2I,ABFLOW013,Oil,29.728702505794804,,29.728702505794804
Romania,2020,1A2J,ABFLOW024,Coal,29.728702505794804,,29.728702505794804
Romania,2020,1A2J,ABFLOW024,Natural gas,29.728702505794804,,29.728702505794804
Romania,2020,1A2J,ABFLOW024,Oil,29.728702505794804,,29.728702505794804
Romania,2020,1A2K,ABFLOW014,Coal,29.728702505794804,,29.728702505794804
Romania,2020,1A2K,ABFLOW014,Natural gas,29.728702505794804,,29.728702505794804
Romania,2020,1A2K,ABFLOW014,Oil,29.728702505794804,,29.728702505794804
Romania,2020,1A2L,ABFLOW025,Coal,29.728702505794804,,29.728702505794804
Romania,2020,1A2L,ABFLOW025,Natural gas,29.728702505794804,,29.728702505794804
Romania,2020,1A2L,ABFLOW025,Oil,29.728702505794804,,29.728702505794804
Romania,2020,1A2M,ABFLOW026,Coal,29.728702505794804,,29.728702505794804
Romania,2020,1A2M,ABFLOW026,Natural gas,29.728702505794804,,29.728702505794804
Romania,2020,1A2M,ABFLOW026,Oil,29.728702505794804,,29.728702505794804
Romania,2020,1A3,ABFLOW027,Coal,,,0.0
Romania,2020,1A3,ABFLOW027,Natural gas,,,0.0
Romania,2020,1A3,ABFLOW027,Oil,,,0.0
Romania,2020,1A3A1,ABFLOW040,Coal,15.16163827795535,,15.16163827795535
Romania,2020,1A3A1,ABFLOW040,Natural gas,15.16163827795535,,15.16163827795535
Romania,2020,1A3A1,ABFLOW040,Oil,15.16163827795535,,15.16163827795535
Romania,2020,1A3A2,ABFLOW029,Coal,29.728702505794804,,29.728702505794804
Romania,2020,1A3A2,ABFLOW029,Natural gas,29.728702505794804,,29.728702505794804
Romania,2020,1A3A2,ABFLOW029,Oil,29.728702505794804,,29.728702505794804
Romania,2020,1A3B,ABFLOW028,Coal,,,0.0
Romania,2020,1A3B,ABFLOW028,Natural gas,,,0.0
Romania,2020,1A3B,ABFLOW028,Oil,,,0.0
Romania,2020,1A3C,ABFLOW030,Coal,,,0.0
Romania,2020,1A3C,ABFLOW030,Natural gas,,,0.0
Romania,2020,1A3C,ABFLOW030,Oil,,,0.0
Romania,2020,1A3D1,ABFLOW039,Coal,,,0.0
Romania,2020,1A3D1,ABFLOW039,Natural gas,,,0.0
Romania,2020,1A3D1,ABFLOW039,Oil,,,0.0
Romania,2020,1A3D2,ABFLOW032,Coal,,,0.0
Romania,2020,1A3D2,ABFLOW032,Natural gas,,,0.0
Romania,2020,1A3D2,ABFLOW032,Oil,,,0.0
Romania,2020,1A3E1,ABFLOW033,Coal,,,0.0
Romania,2020,1A3E1,ABFLOW033,Natural gas,,,0.0
Romania,2020,1A3E1,ABFLOW033,Oil,,,0.0
Romania,2020,1A4A,ABFLOW035,Coal,,,0.0
Romania,2020,1A4A,ABFLOW035,Natural gas,,,0.0
Romania,2020,1A4A,ABFLOW035,Oil,,,0.0
Romania,2020,1A4B,ABFLOW034,Coal,,,0.0
Romania,2020,1A4B,ABFLOW034,Natural gas,,,0.0
Romania,2020,1A4B,ABFLOW034,Oil,,,0.0
Romania,2020,1A4C1,ABFLOW036,Coal,,,0.0
Romania,2020,1A4C1,ABFLOW036,Natural gas,,,0.0
Romania,2020,1A4C1,ABFLOW036,Oil,,,0.0
Romania,2020,1A4C2,ABFLOW037,Coal,,,0.0
Romania,2020,1A4C2,ABFLOW037,Natural gas,,,0.0
Romania,2020,1A4C2,ABFLOW037,Oil,,,0.0
Romania,2020,1A5,ABFLOW038,Coal,,,0.0
Romania,2020,1A5,ABFLOW038,Natural gas,,,0.0
Romania,2020,1A5,ABFLOW038,Oil,,,0.0
Romania,2021,1A,ABFLOW001,Coal,,,0.0
Romania,2021,1A,ABFLOW001,Natural gas,,,0.0
Romania,2021,1A,ABFLOW001,Oil,,,0.0
Romania,2021,1A1A,ABFLOW002,Coal,,,0.0
Romania,2021,1A1A,ABFLOW002,Natural gas,,,0.0
Romania,2021,1A1A,ABFLOW002,Oil,,,0.0
Romania,2021,1A1A1,ABFLOW003,Coal,60.89193727539277,,60.89193727539277
Romania,2021,1A1A1,ABFLOW003,Natural gas,60.89193727539277,,60.89193727539277
Romania,2021,1A1A1,ABFLOW003,Oil,60.89193727539277,,60.89193727539277
Romania,2021,1A1A2,ABFLOW004,Coal,60.89193727539277,,60.89193727539277
Romania,2021,1A1A2,ABFLOW004,Natural gas,60.89193727539277,,60.89193727539277
Romania,2021,1A1A2,ABFLOW004,Oil,60.89193727539277,,60.89193727539277
Romania,2021,1A1A3,ABFLOW005,Coal,60.89193727539277,,60.89193727539277
Romania,2021,1A1A3,ABFLOW005,Natural gas,60.89193727539277,,60.89193727539277
Romania,2021,1A1A3,ABFLOW005,Oil,60.89193727539277,,60.89193727539277
Romania,2021,1A1B,ABFLOW011,Coal,60.89193727539277,,60.89193727539277
Romania,2021,1A1B,ABFLOW011,Natural gas,60.89193727539277,,60.89193727539277
Romania,2021,1A1B,ABFLOW011,Oil,60.89193727539277,,60.89193727539277
Romania,2021,1A1C,ABFLOW011,Coal,60.89193727539277,,60.89193727539277
Romania,2021,1A1C,ABFLOW011,Natural gas,60.89193727539277,,60.89193727539277
Romania,2021,1A1C,ABFLOW011,Oil,60.89193727539277,,60.89193727539277
Romania,2021,1A2,ABFLOW012,Coal,,,0.0
Romania,2021,1A2,ABFLOW012,Natural gas,,,0.0
Romania,2021,1A2,ABFLOW012,Oil,,,0.0
Romania,2021,1A2A,ABFLOW016,Coal,60.89193727539277,,60.89193727539277
Romania,2021,1A2A,ABFLOW016,Natural gas,60.89193727539277,,60.89193727539277
Romania,2021,1A2A,ABFLOW016,Oil,60.89193727539277,,60.89193727539277
Romania,2021,1A2B,ABFLOW018,Coal,60.89193727539277,,60.89193727539277
Romania,2021,1A2B,ABFLOW018,Natural gas,60.89193727539277,,60.89193727539277
Romania,2021,1A2B,ABFLOW018,Oil,60.89193727539277,,60.89193727539277
Romania,2021,1A2C,ABFLOW017,Coal,60.89193727539277,,60.89193727539277
Romania,2021,1A2C,ABFLOW017,Natural gas,60.89193727539277,,60.89193727539277
Romania,2021,1A2C,ABFLOW017,Oil,60.89193727539277,,60.89193727539277
Romania,2021,1A2D,ABFLOW023,Coal,60.89193727539277,,60.89193727539277
Romania,2021,1A2D,ABFLOW023,Natural gas,60.89193727539277,,60.89193727539277
Romania,2021,1A2D,ABFLOW023,Oil,60.89193727539277,,60.89193727539277
Romania,2021,1A2E,ABFLOW022,Coal,60.89193727539277,,60.89193727539277
Romania,2021,1A2E,ABFLOW022,Natural gas,60.89193727539277,,60.89193727539277
Romania,2021,1A2E,ABFLOW022,Oil,60.89193727539277,,60.89193727539277
Romania,2021,1A2F,ABFLOW019,Coal,60.89193727539277,,60.89193727539277
Romania,2021,1A2F,ABFLOW019,Natural gas,60.89193727539277,,60.89193727539277
Romania,2021,1A2F,ABFLOW019,Oil,60.89193727539277,,60.89193727539277
Romania,2021,1A2G,ABFLOW020,Coal,60.89193727539277,,60.89193727539277
Romania,2021,1A2G,ABFLOW020,Natural gas,60.89193727539277,,60.89193727539277
Romania,2021,1A2G,ABFLOW020,Oil,60.89193727539277,,60.89193727539277
Romania,2021,1A2H,ABFLOW021,Coal,60.89193727539277,,60.89193727539277
Romania,2021,1A2H,ABFLOW021,Natural gas,60.89193727539277,,60.89193727539277
Romania,2021,1A2H,ABFLOW021,Oil,60.89193727539277,,60.89193727539277
Romania,2021,1A2I,ABFLOW013,Coal,60.89193727539277,,60.89193727539277
Romania,2021,1A2I,ABFLOW013,Natural gas,60.89193727539277,,60.89193727539277
Romania,2021,1A2I,ABFLOW013,Oil,60.89193727539277,,60.89193727539277
Romania,2021,1A2J,ABFLOW024,Coal,60.89193727539277,,60.89193727539277
Romania,2021,1A2J,ABFLOW024,Natural gas,60.89193727539277,,60.89193727539277
Romania,2021,1A2J,ABFLOW024,Oil,60.89193727539277,,60.89193727539277
Romania,2021,1A2K,ABFLOW014,Coal,60.89193727539277,,60.89193727539277
Romania,2021,1A2K,ABFLOW014,Natural gas,60.89193727539277,,60.89193727539277
Romania,2021,1A2K,ABFLOW014,Oil,60.89193727539277,,60.89193727539277
Romania,2021,1A2L,ABFLOW025,Coal,60.89193727539277,,60.89193727539277
Romania,2021,1A2L,ABFLOW025,Natural gas,60.89193727539277,,60.89193727539277
Romania,2021,1A2L,ABFLOW025,Oil,60.89193727539277,,60.89193727539277
Romania,2021,1A2M,ABFLOW026,Coal,60.89193727539277,,60.89193727539277
Romania,2021,1A2M,ABFLOW026,Natural gas,60.89193727539277,,60.89193727539277
Romania,2021,1A2M,ABFLOW026,Oil,60.89193727539277,,60.89193727539277
Romania,2021,1A3,ABFLOW027,Coal,,,0.0
Romania,2021,1A3,ABFLOW027,Natural gas,,,0.0
Romania,2021,1A3,ABFLOW027,Oil,,,0.0
Romania,2021,1A3A1,ABFLOW040,Coal,31.054888010450313,,31.054888010450313
Romania,2021,1A3A1,ABFLOW040,Natural gas,31.054888010450313,,31.054888010450313
Romania,2021,1A3A1,ABFLOW040,Oil,31.054888010450313,,31.054888010450313
Romania,2021,1A3A2,ABFLOW029,Coal,60.89193727539277,,60.89193727539277
Romania,2021,1A3A2,ABFLOW029,Natural gas,60.89193727539277,,60.89193727539277
Romania,2021,1A3A2,ABFLOW029,Oil,60.89193727539277,,60.89193727539277
Romania,2021,1A3B,ABFLOW028,Coal,,,0.0
Romania,2021,1A3B,ABFLOW028,Natural gas,,,0.0
Romania,2021,1A3B,ABFLOW028,Oil,,,0.0
Romania,2021,1A3C,ABFLOW030,Coal,,,0.0
Romania,2021,1A3C,ABFLOW030,Natural gas,,,0.0
Romania,2021,1A3C,ABFLOW030,Oil,,,0.0
Romania,2021,1A3D1,ABFLOW039,Coal,,,0.0
Romania,2021,1A3D1,ABFLOW039,Natural gas,,,0.0
Romania,2021,1A3D1,ABFLOW039,Oil,,,0.0
Romania,2021,1A3D2,ABFLOW032,Coal,,,0.0
Romania,2021,1A3D2,ABFLOW032,Natural gas,,,0.0
Romania,2021,1A3D2,ABFLOW032,Oil,,,0.0
Romania,2021,1A3E1,ABFLOW033,Coal,,,0.0
Romania,2021,1A3E1,ABFLOW033,Natural gas,,,0.0
Romania,2021,1A3E1,ABFLOW033,Oil,,,0.0
Romania,2021,1A4A,ABFLOW035,Coal,,,0.0
Romania,2021,1A4A,ABFLOW035,Natural gas,,,0.0
Romania,2021,1A4A,ABFLOW035,Oil,,,0.0
Romania,2021,1A4B,ABFLOW034,Coal,,,0.0
Romania,2021,1A4B,ABFLOW034,Natural gas,,,0.0
Romania,2021,1A4B,ABFLOW034,Oil,,,0.0
Romania,2021,1A4C1,ABFLOW036,Coal,,,0.0
Romania,2021,1A4C1,ABFLOW036,Natural gas,,,0.0
Romania,2021,1A4C1,ABFLOW036,Oil,,,0.0
Romania,2021,1A4C2,ABFLOW037,Coal,,,0.0
Romania,2021,1A4C2,ABFLOW037,Natural gas,,,0.0
Romania,2021,1A4C2,ABFLOW037,Oil,,,0.0
Romania,2021,1A5,ABFLOW038,Coal,,,0.0
Romania,2021,1A5,ABFLOW038,Natural gas,,,0.0
Romania,2021,1A5,ABFLOW038,Oil,,,0.0
Romania,2022,1A,ABFLOW001,Coal,,,0.0
Romania,2022,1A,ABFLOW001,Natural gas,,,0.0
Romania,2022,1A,ABFLOW001,Oil,,,0.0
Romania,2022,1A1A,ABFLOW002,Coal,,,0.0
Romania,2022,1A1A,ABFLOW002,Natural gas,,,0.0
Romania,2022,1A1A,ABFLOW002,Oil,,,0.0
Romania,2022,1A1A1,ABFLOW003,Coal,82.0933447304175,,82.0933447304175
Romania,2022,1A1A1,ABFLOW003,Natural gas,82.0933447304175,,82.0933447304175
Romania,2022,1A1A1,ABFLOW003,Oil,82.0933447304175,,82.0933447304175
Romania,2022,1A1A2,ABFLOW004,Coal,82.0933447304175,,82.0933447304175
Romania,2022,1A1A2,ABFLOW004,Natural gas,82.0933447304175,,82.0933447304175
Romania,2022,1A1A2,ABFLOW004,Oil,82.0933447304175,,82.0933447304175
Romania,2022,1A1A3,ABFLOW005,Coal,82.0933447304175,,82.0933447304175
Romania,2022,1A1A3,ABFLOW005,Natural gas,82.0933447304175,,82.0933447304175
Romania,2022,1A1A3,ABFLOW005,Oil,82.0933447304175,,82.0933447304175
Romania,2022,1A1B,ABFLOW011,Coal,82.0933447304175,,82.0933447304175
Romania,2022,1A1B,ABFLOW011,Natural gas,82.0933447304175,,82.0933447304175
Romania,2022,1A1B,ABFLOW011,Oil,82.0933447304175,,82.0933447304175
Romania,2022,1A1C,ABFLOW011,Coal,82.0933447304175,,82.0933447304175
Romania,2022,1A1C,ABFLOW011,Natural gas,82.0933447304175,,82.0933447304175
Romania,2022,1A1C,ABFLOW011,Oil,82.0933447304175,,82.0933447304175
Romania,2022,1A2,ABFLOW012,Coal,,,0.0
Romania,2022,1A2,ABFLOW012,Natural gas,,,0.0
Romania,2022,1A2,ABFLOW012,Oil,,,0.0
Romania,2022,1A2A,ABFLOW016,Coal,82.0933447304175,,82.0933447304175
Romania,2022,1A2A,ABFLOW016,Natural gas,82.0933447304175,,82.0933447304175
Romania,2022,1A2A,ABFLOW016,Oil,82.0933447304175,,82.0933447304175
Romania,2022,1A2B,ABFLOW018,Coal,82.0933447304175,,82.0933447304175
Romania,2022,1A2B,ABFLOW018,Natural gas,82.0933447304175,,82.0933447304175
Romania,2022,1A2B,ABFLOW018,Oil,82.0933447304175,,82.0933447304175
Romania,2022,1A2C,ABFLOW017,Coal,82.0933447304175,,82.0933447304175
Romania,2022,1A2C,ABFLOW017,Natural gas,82.0933447304175,,82.0933447304175
Romania,2022,1A2C,ABFLOW017,Oil,82.0933447304175,,82.0933447304175
Romania,2022,1A2D,ABFLOW023,Coal,82.0933447304175,,82.0933447304175
Romania,2022,1A2D,ABFLOW023,Natural gas,82.0933447304175,,82.0933447304175
Romania,2022,1A2D,ABFLOW023,Oil,82.0933447304175,,82.0933447304175
Romania,2022,1A2E,ABFLOW022,Coal,82.0933447304175,,82.0933447304175
Romania,2022,1A2E,ABFLOW022,Natural gas,82.0933447304175,,82.0933447304175
Romania,2022,1A2E,ABFLOW022,Oil,82.0933447304175,,82.0933447304175
Romania,2022,1A2F,ABFLOW019,Coal,82.0933447304175,,82.0933447304175
Romania,2022,1A2F,ABFLOW019,Natural gas,82.0933447304175,,82.0933447304175
Romania,2022,1A2F,ABFLOW019,Oil,82.0933447304175,,82.0933447304175
Romania,2022,1A2G,ABFLOW020,Coal,82.0933447304175,,82.0933447304175
Romania,2022,1A2G,ABFLOW020,Natural gas,82.0933447304175,,82.0933447304175
Romania,2022,1A2G,ABFLOW020,Oil,82.0933447304175,,82.0933447304175
Romania,2022,1A2H,ABFLOW021,Coal,82.0933447304175,,82.0933447304175
Romania,2022,1A2H,ABFLOW021,Natural gas,82.0933447304175,,82.0933447304175
Romania,2022,1A2H,ABFLOW021,Oil,82.0933447304175,,82.0933447304175
Romania,2022,1A2I,ABFLOW013,Coal,82.0933447304175,,82.0933447304175
Romania,2022,1A2I,ABFLOW013,Natural gas,82.0933447304175,,82.0933447304175
Romania,2022,1A2I,ABFLOW013,Oil,82.0933447304175,,82.0933447304175
Romania,2022,1A2J,ABFLOW024,Coal,82.0933447304175,,82.0933447304175
Romania,2022,1A2J,ABFLOW024,Natural gas,82.0933447304175,,82.0933447304175
Romania,2022,1A2J,ABFLOW024,Oil,82.0933447304175,,82.0933447304175
Romania,2022,1A2K,ABFLOW014,Coal,82.0933447304175,,82.0933447304175
Romania,2022,1A2K,ABFLOW014,Natural gas,82.0933447304175,,82.0933447304175
Romania,2022,1A2K,ABFLOW014,Oil,82.0933447304175,,82.0933447304175
Romania,2022,1A2L,ABFLOW025,Coal,82.0933447304175,,82.0933447304175
Romania,2022,1A2L,ABFLOW025,Natural gas,82.0933447304175,,82.0933447304175
Romania,2022,1A2L,ABFLOW025,Oil,82.0933447304175,,82.0933447304175
Romania,2022,1A2M,ABFLOW026,Coal,82.0933447304175,,82.0933447304175
Romania,2022,1A2M,ABFLOW026,Natural gas,82.0933447304175,,82.0933447304175
Romania,2022,1A2M,ABFLOW026,Oil,82.0933447304175,,82.0933447304175
Romania,2022,1A3,ABFLOW027,Coal,,,0.0
Romania,2022,1A3,ABFLOW027,Natural gas,,,0.0
Romania,2022,1A3,ABFLOW027,Oil,,,0.0
Romania,2022,1A3A1,ABFLOW040,Coal,41.86760581251293,,41.86760581251293
Romania,2022,1A3A1,ABFLOW040,Natural gas,41.86760581251293,,41.86760581251293
Romania,2022,1A3A1,ABFLOW040,Oil,41.86760581251293,,41.86760581251293
Romania,2022,1A3A2,ABFLOW029,Coal,82.0933447304175,,82.0933447304175
Romania,2022,1A3A2,ABFLOW029,Natural gas,82.0933447304175,,82.0933447304175
Romania,2022,1A3A2,ABFLOW029,Oil,82.0933447304175,,82.0933447304175
Romania,2022,1A3B,ABFLOW028,Coal,,,0.0
Romania,2022,1A3B,ABFLOW028,Natural gas,,,0.0
Romania,2022,1A3B,ABFLOW028,Oil,,,0.0
Romania,2022,1A3C,ABFLOW030,Coal,,,0.0
Romania,2022,1A3C,ABFLOW030,Natural gas,,,0.0
Romania,2022,1A3C,ABFLOW030,Oil,,,0.0
Romania,2022,1A3D1,ABFLOW039,Coal,,,0.0
Romania,2022,1A3D1,ABFLOW039,Natural gas,,,0.0
Romania,2022,1A3D1,ABFLOW039,Oil,,,0.0
Romania,2022,1A3D2,ABFLOW032,Coal,,,0.0
Romania,2022,1A3D2,ABFLOW032,Natural gas,,,0.0
Romania,2022,1A3D2,ABFLOW032,Oil,,,0.0
Romania,2022,1A3E1,ABFLOW033,Coal,,,0.0
Romania,2022,1A3E1,ABFLOW033,Natural gas,,,0.0
Romania,2022,1A3E1,ABFLOW033,Oil,,,0.0
Romania,2022,1A4A,ABFLOW035,Coal,,,0.0
Romania,2022,1A4A,ABFLOW035,Natural gas,,,0.0
Romania,2022,1A4A,ABFLOW035,Oil,,,0.0
Romania,2022,1A4B,ABFLOW034,Coal,,,0.0
Romania,2022,1A4B,ABFLOW034,Natural gas,,,0.0
Romania,2022,1A4B,ABFLOW034,Oil,,,0.0
Romania,2022,1A4C1,ABFLOW036,Coal,,,0.0
Romania,2022,1A4C1,ABFLOW036,Natural gas,,,0.0
Romania,2022,1A4C1,ABFLOW036,Oil,,,0.0
Romania,2022,1A4C2,ABFLOW037,Coal,,,0.0
Romania,2022,1A4C2,ABFLOW037,Natural gas,,,0.0
Romania,2022,1A4C2,ABFLOW037,Oil,,,0.0
Romania,2022,1A5,ABFLOW038,Coal,,,0.0
Romania,2022,1A5,ABFLOW038,Natural gas,,,0.0
Romania,2022,1A5,ABFLOW038,Oil,,,0.0
Romania,2023,1A,ABFLOW001,Coal,,,0.0
Romania,2023,1A,ABFLOW001,Natural gas,,,0.0
Romania,2023,1A,ABFLOW001,Oil,,,0.0
Romania,2023,1A1A,ABFLOW002,Coal,,,0.0
Romania,2023,1A1A,ABFLOW002,Natural gas,,,0.0
Romania,2023,1A1A,ABFLOW002,Oil,,,0.0
Romania,2023,1A1A1,ABFLOW003,Coal,75.38745219773679,,75.38745219773679
Romania,2023,1A1A1,ABFLOW003,Natural gas,75.38745219773679,,75.38745219773679
Romania,2023,1A1A1,ABFLOW003,Oil,75.38745219773679,,75.38745219773679
Romania,2023,1A1A2,ABFLOW004,Coal,75.38745219773679,,75.38745219773679
Romania,2023,1A1A2,ABFLOW004,Natural gas,75.38745219773679,,75.38745219773679
Romania,2023,1A1A2,ABFLOW004,Oil,75.38745219773679,,75.38745219773679
Romania,2023,1A1A3,ABFLOW005,Coal,75.38745219773679,,75.38745219773679
Romania,2023,1A1A3,ABFLOW005,Natural gas,75.38745219773679,,75.38745219773679
Romania,2023,1A1A3,ABFLOW005,Oil,75.38745219773679,,75.38745219773679
Romania,2023,1A1B,ABFLOW011,Coal,75.38745219773679,,75.38745219773679
Romania,2023,1A1B,ABFLOW011,Natural gas,75.38745219773679,,75.38745219773679
Romania,2023,1A1B,ABFLOW011,Oil,75.38745219773679,,75.38745219773679
Romania,2023,1A1C,ABFLOW011,Coal,75.38745219773679,,75.38745219773679
Romania,2023,1A1C,ABFLOW011,Natural gas,75.38745219773679,,75.38745219773679
Romania,2023,1A1C,ABFLOW011,Oil,75.38745219773679,,75.38745219773679
Romania,2023,1A2,ABFLOW012,Coal,,,0.0
Romania,2023,1A2,ABFLOW012,Natural gas,,,0.0
Romania,2023,1A2,ABFLOW012,Oil,,,0.0
Romania,2023,1A2A,ABFLOW016,Coal,75.38745219773679,,75.38745219773679
Romania,2023,1A2A,ABFLOW016,Natural gas,75.38745219773679,,75.38745219773679
Romania,2023,1A2A,ABFLOW016,Oil,75.38745219773679,,75.38745219773679
Romania,2023,1A2B,ABFLOW018,Coal,75.38745219773679,,75.38745219773679
Romania,2023,1A2B,ABFLOW018,Natural gas,75.38745219773679,,75.38745219773679
Romania,2023,1A2B,ABFLOW018,Oil,75.38745219773679,,75.38745219773679
Romania,2023,1A2C,ABFLOW017,Coal,75.38745219773679,,75.38745219773679
Romania,2023,1A2C,ABFLOW017,Natural gas,75.38745219773679,,75.38745219773679
Romania,2023,1A2C,ABFLOW017,Oil,75.38745219773679,,75.38745219773679
Romania,2023,1A2D,ABFLOW023,Coal,75.38745219773679,,75.38745219773679
Romania,2023,1A2D,ABFLOW023,Natural gas,75.38745219773679,,75.38745219773679
Romania,2023,1A2D,ABFLOW023,Oil,75.38745219773679,,75.38745219773679
Romania,2023,1A2E,ABFLOW022,Coal,75.38745219773679,,75.38745219773679
Romania,2023,1A2E,ABFLOW022,Natural gas,75.38745219773679,,75.38745219773679
Romania,2023,1A2E,ABFLOW022,Oil,75.38745219773679,,75.38745219773679
Romania,2023,1A2F,ABFLOW019,Coal,75.38745219773679,,75.38745219773679
Romania,2023,1A2F,ABFLOW019,Natural gas,75.38745219773679,,75.38745219773679
Romania,2023,1A2F,ABFLOW019,Oil,75.38745219773679,,75.38745219773679
Romania,2023,1A2G,ABFLOW020,Coal,75.38745219773679,,75.38745219773679
Romania,2023,1A2G,ABFLOW020,Natural gas,75.38745219773679,,75.38745219773679
Romania,2023,1A2G,ABFLOW020,Oil,75.38745219773679,,75.38745219773679
Romania,2023,1A2H,ABFLOW021,Coal,75.38745219773679,,75.38745219773679
Romania,2023,1A2H,ABFLOW021,Natural gas,75.38745219773679,,75.38745219773679
Romania,2023,1A2H,ABFLOW021,Oil,75.38745219773679,,75.38745219773679
Romania,2023,1A2I,ABFLOW013,Coal,75.38745219773679,,75.38745219773679
Romania,2023,1A2I,ABFLOW013,Natural gas,75.38745219773679,,75.38745219773679
Romania,2023,1A2I,ABFLOW013,Oil,75.38745219773679,,75.38745219773679
Romania,2023,1A2J,ABFLOW024,Coal,75.38745219773679,,75.38745219773679
Romania,2023,1A2J,ABFLOW024,Natural gas,75.38745219773679,,75.38745219773679
Romania,2023,1A2J,ABFLOW024,Oil,75.38745219773679,,75.38745219773679
Romania,2023,1A2K,ABFLOW014,Coal,75.38745219773679,,75.38745219773679
Romania,2023,1A2K,ABFLOW014,Natural gas,75.38745219773679,,75.38745219773679
Romania,2023,1A2K,ABFLOW014,Oil,75.38745219773679,,75.38745219773679
Romania,2023,1A2L,ABFLOW025,Coal,75.38745219773679,,75.38745219773679
Romania,2023,1A2L,ABFLOW025,Natural gas,75.38745219773679,,75.38745219773679
Romania,2023,1A2L,ABFLOW025,Oil,75.38745219773679,,75.38745219773679
Romania,2023,1A2M,ABFLOW026,Coal,75.38745219773679,,75.38745219773679
Romania,2023,1A2M,ABFLOW026,Natural gas,75.38745219773679,,75.38745219773679
Romania,2023,1A2M,ABFLOW026,Oil,75.38745219773679,,75.38745219773679
Romania,2023,1A3,ABFLOW027,Coal,,,0.0
Romania,2023,1A3,ABFLOW027,Natural gas,,,0.0
Romania,2023,1A3,ABFLOW027,Oil,,,0.0
Romania,2023,1A3A1,ABFLOW040,Coal,38.44760062084576,,38.44760062084576
Romania,2023,1A3A1,ABFLOW040,Natural gas,38.44760062084576,,38.44760062084576
Romania,2023,1A3A1,ABFLOW040,Oil,38.44760062084576,,38.44760062084576
Romania,2023,1A3A2,ABFLOW029,Coal,75.38745219773679,,75.38745219773679
Romania,2023,1A3A2,ABFLOW029,Natural gas,75.38745219773679,,75.38745219773679
Romania,2023,1A3A2,ABFLOW029,Oil,75.38745219773679,,75.38745219773679
Romania,2023,1A3B,ABFLOW028,Coal,,,0.0
Romania,2023,1A3B,ABFLOW028,Natural gas,,,0.0
Romania,2023,1A3B,ABFLOW028,Oil,,,0.0
Romania,2023,1A3C,ABFLOW030,Coal,,,0.0
Romania,2023,1A3C,ABFLOW030,Natural gas,,,0.0
Romania,2023,1A3C,ABFLOW030,Oil,,,0.0
Romania,2023,1A3D1,ABFLOW039,Coal,,,0.0
Romania,2023,1A3D1,ABFLOW039,Natural gas,,,0.0
Romania,2023,1A3D1,ABFLOW039,Oil,,,0.0
Romania,2023,1A3D2,ABFLOW032,Coal,,,0.0
Romania,2023,1A3D2,ABFLOW032,Natural gas,,,0.0
Romania,2023,1A3D2,ABFLOW032,Oil,,,0.0
Romania,2023,1A3E1,ABFLOW033,Coal,,,0.0
Romania,2023,1A3E1,ABFLOW033,Natural gas,,,0.0
Romania,2023,1A3E1,ABFLOW033,Oil,,,0.0
Romania,2023,1A4A,ABFLOW035,Coal,,,0.0
Romania,2023,1A4A,ABFLOW035,Natural gas,,,0.0
Romania,2023,1A4A,ABFLOW035,Oil,,,0.0
Romania,2023,1A4B,ABFLOW034,Coal,,,0.0
Romania,2023,1A4B,ABFLOW034,Natural gas,,,0.0
Romania,2023,1A4B,ABFLOW034,Oil,,,0.0
Romania,2023,1A4C1,ABFLOW036,Coal,,,0.0
Romania,2023,1A4C1,ABFLOW036,Natural gas,,,0.0
Romania,2023,1A4C1,ABFLOW036,Oil,,,0.0
Romania,2023,1A4C2,ABFLOW037,Coal,,,0.0
Romania,2023,1A4C2,ABFLOW037,Natural gas,,,0.0
Romania,2023,1A4C2,ABFLOW037,Oil,,,0.0
Romania,2023,1A5,ABFLOW038,Coal,,,0.0
Romania,2023,1A5,ABFLOW038,Natural gas,,,0.0
Romania,2023,1A5,ABFLOW038,Oil,,,0.0
Romania,2024,1A,ABFLOW001,Coal,,,0.0
Romania,2024,1A,ABFLOW001,Natural gas,,,0.0
Romania,2024,1A,ABFLOW001,Oil,,,0.0
Romania,2024,1A1A,ABFLOW002,Coal,,,0.0
Romania,2024,1A1A,ABFLOW002,Natural gas,,,0.0
Romania,2024,1A1A,ABFLOW002,Oil,,,0.0
Romania,2024,1A1A1,ABFLOW003,Coal,58.36186796839825,,58.36186796839825
Romania,2024,1A1A1,ABFLOW003,Natural gas,58.36186796839825,,58.36186796839825
Romania,2024,1A1A1,ABFLOW003,Oil,58.36186796839825,,58.36186796839825
Romania,2024,1A1A2,ABFLOW004,Coal,58.36186796839825,,58.36186796839825
Romania,2024,1A1A2,ABFLOW004,Natural gas,58.36186796839825,,58.36186796839825
Romania,2024,1A1A2,ABFLOW004,Oil,58.36186796839825,,58.36186796839825
Romania,2024,1A1A3,ABFLOW005,Coal,58.36186796839825,,58.36186796839825
Romania,2024,1A1A3,ABFLOW005,Natural gas,58.36186796839825,,58.36186796839825
Romania,2024,1A1A3,ABFLOW005,Oil,58.36186796839825,,58.36186796839825
Romania,2024,1A1B,ABFLOW011,Coal,58.36186796839825,,58.36186796839825
Romania,2024,1A1B,ABFLOW011,Natural gas,58.36186796839825,,58.36186796839825
Romania,2024,1A1B,ABFLOW011,Oil,58.36186796839825,,58.36186796839825
Romania,2024,1A1C,ABFLOW011,Coal,58.36186796839825,,58.36186796839825
Romania,2024,1A1C,ABFLOW011,Natural gas,58.36186796839825,,58.36186796839825
Romania,2024,1A1C,ABFLOW011,Oil,58.36186796839825,,58.36186796839825
Romania,2024,1A2,ABFLOW012,Coal,,,0.0
Romania,2024,1A2,ABFLOW012,Natural gas,,,0.0
Romania,2024,1A2,ABFLOW012,Oil,,,0.0
Romania,2024,1A2A,ABFLOW016,Coal,58.36186796839825,,58.36186796839825
Romania,2024,1A2A,ABFLOW016,Natural gas,58.36186796839825,,58.36186796839825
Romania,2024,1A2A,ABFLOW016,Oil,58.36186796839825,,58.36186796839825
Romania,2024,1A2B,ABFLOW018,Coal,58.36186796839825,,58.36186796839825
Romania,2024,1A2B,ABFLOW018,Natural gas,58.36186796839825,,58.36186796839825
Romania,2024,1A2B,ABFLOW018,Oil,58.36186796839825,,58.36186796839825
Romania,2024,1A2C,ABFLOW017,Coal,58.36186796839825,,58.36186796839825
Romania,2024,1A2C,ABFLOW017,Natural gas,58.36186796839825,,58.36186796839825
Romania,2024,1A2C,ABFLOW017,Oil,58.36186796839825,,58.36186796839825
Romania,2024,1A2D,ABFLOW023,Coal,58.36186796839825,,58.36186796839825
Romania,2024,1A2D,ABFLOW023,Natural gas,58.36186796839825,,58.36186796839825
Romania,2024,1A2D,ABFLOW023,Oil,58.36186796839825,,58.36186796839825
Romania,2024,1A2E,ABFLOW022,Coal,58.36186796839825,,58.36186796839825
Romania,2024,1A2E,ABFLOW022,Natural gas,58.36186796839825,,58.36186796839825
Romania,2024,1A2E,ABFLOW022,Oil,58.36186796839825,,58.36186796839825
Romania,2024,1A2F,ABFLOW019,Coal,58.36186796839825,,58.36186796839825
Romania,2024,1A2F,ABFLOW019,Natural gas,58.36186796839825,,58.36186796839825
Romania,2024,1A2F,ABFLOW019,Oil,58.36186796839825,,58.36186796839825
Romania,2024,1A2G,ABFLOW020,Coal,58.36186796839825,,58.36186796839825
Romania,2024,1A2G,ABFLOW020,Natural gas,58.36186796839825,,58.36186796839825
Romania,2024,1A2G,ABFLOW020,Oil,58.36186796839825,,58.36186796839825
Romania,2024,1A2H,ABFLOW021,Coal,58.36186796839825,,58.36186796839825
Romania,2024,1A2H,ABFLOW021,Natural gas,58.36186796839825,,58.36186796839825
Romania,2024,1A2H,ABFLOW021,Oil,58.36186796839825,,58.36186796839825
Romania,2024,1A2I,ABFLOW013,Coal,58.36186796839825,,58.36186796839825
Romania,2024,1A2I,ABFLOW013,Natural gas,58.36186796839825,,58.36186796839825
Romania,2024,1A2I,ABFLOW013,Oil,58.36186796839825,,58.36186796839825
Romania,2024,1A2J,ABFLOW024,Coal,58.36186796839825,,58.36186796839825
Romania,2024,1A2J,ABFLOW024,Natural gas,58.36186796839825,,58.36186796839825
Romania,2024,1A2J,ABFLOW024,Oil,58.36186796839825,,58.36186796839825
Romania,2024,1A2K,ABFLOW014,Coal,58.36186796839825,,58.36186796839825
Romania,2024,1A2K,ABFLOW014,Natural gas,58.36186796839825,,58.36186796839825
Romania,2024,1A2K,ABFLOW014,Oil,58.36186796839825,,58.36186796839825
Romania,2024,1A2L,ABFLOW025,Coal,58.36186796839825,,58.36186796839825
Romania,2024,1A2L,ABFLOW025,Natural gas,58.36186796839825,,58.36186796839825
Romania,2024,1A2L,ABFLOW025,Oil,58.36186796839825,,58.36186796839825
Romania,2024,1A2M,ABFLOW026,Coal,58.36186796839825,,58.36186796839825
Romania,2024,1A2M,ABFLOW026,Natural gas,58.36186796839825,,58.36186796839825
Romania,2024,1A2M,ABFLOW026,Oil,58.36186796839825,,58.36186796839825
Romania,2024,1A3,ABFLOW027,Coal,,,0.0
Romania,2024,1A3,ABFLOW027,Natural gas,,,0.0
Romania,2024,1A3,ABFLOW027,Oil,,,0.0
Romania,2024,1A3A1,ABFLOW040,Coal,29.76455266388311,,29.76455266388311
Romania,2024,1A3A1,ABFLOW040,Natural gas,29.76455266388311,,29.76455266388311
Romania,2024,1A3A1,ABFLOW040,Oil,29.76455266388311,,29.76455266388311
Romania,2024,1A3A2,ABFLOW029,Coal,58.36186796839825,,58.36186796839825
Romania,2024,1A3A2,ABFLOW029,Natural gas,58.36186796839825,,58.36186796839825
Romania,2024,1A3A2,ABFLOW029,Oil,58.36186796839825,,58.36186796839825
Romania,2024,1A3B,ABFLOW028,Coal,,,0.0
Romania,2024,1A3B,ABFLOW028,Natural gas,,,0.0
Romania,2024,1A3B,ABFLOW028,Oil,,,0.0
Romania,2024,1A3C,ABFLOW030,Coal,,,0.0
Romania,2024,1A3C,ABFLOW030,Natural gas,,,0.0
Romania,2024,1A3C,ABFLOW030,Oil,,,0.0
Romania,2024,1A3D1,ABFLOW039,Coal,,,0.0
Romania,2024,1A3D1,ABFLOW039,Natural gas,,,0.0
Romania,2024,1A3D1,ABFLOW039,Oil,,,0.0
Romania,2024,1A3D2,ABFLOW032,Coal,58.36186796839825,,58.36186796839825
Romania,2024,1A3D2,ABFLOW032,Natural gas,58.36186796839825,,58.36186796839825
Romania,2024,1A3D2,ABFLOW032,Oil,58.36186796839825,,58.36186796839825
Romania,2024,1A3E1,ABFLOW033,Coal,,,0.0
Romania,2024,1A3E1,ABFLOW033,Natural gas,,,0.0
Romania,2024,1A3E1,ABFLOW033,Oil,,,0.0
Romania,2024,1A4A,ABFLOW035,Coal,,,0.0
Romania,2024,1A4A,ABFLOW035,Natural gas,,,0.0
Romania,2024,1A4A,ABFLOW035,Oil,,,0.0
Romania,2024,1A4B,ABFLOW034,Coal,,,0.0
Romania,2024,1A4B,ABFLOW034,Natural gas,,,0.0
Romania,2024,1A4B,ABFLOW034,Oil,,,0.0
Romania,2024,1A4C1,ABFLOW036,Coal,,,0.0
Romania,2024,1A4C1,ABFLOW036,Natural gas,,,0.0
Romania,2024,1A4C1,ABFLOW036,Oil,,,0.0
Romania,2024,1A4C2,ABFLOW037,Coal,,,0.0
Romania,2024,1A4C2,ABFLOW037,Natural gas,,,0.0
Romania,2024,1A4C2,ABFLOW037,Oil,,,0.0
Romania,2024,1A5,ABFLOW038,Coal,,,0.0
Romania,2024,1A5,ABFLOW038,Natural gas,,,0.0
Romania,2024,1A5,ABFLOW038,Oil,,,0.0
Romania,2025,1A,ABFLOW001,Coal,,,0.0
Romania,2025,1A,ABFLOW001,Natural gas,,,0.0
Romania,2025,1A,ABFLOW001,Oil,,,0.0
Romania,2025,1A1A,ABFLOW002,Coal,,,0.0
Romania,2025,1A1A,ABFLOW002,Natural gas,,,0.0
Romania,2025,1A1A,ABFLOW002,Oil,,,0.0
Romania,2025,1A1A1,ABFLOW003,Coal,65.09835111038164,,65.09835111038164
Romania,2025,1A1A1,ABFLOW003,Natural gas,65.09835111038164,,65.09835111038164
Romania,2025,1A1A1,ABFLOW003,Oil,65.09835111038164,,65.09835111038164
Romania,2025,1A1A2,ABFLOW004,Coal,65.09835111038164,,65.09835111038164
Romania,2025,1A1A2,ABFLOW004,Natural gas,65.09835111038164,,65.09835111038164
Romania,2025,1A1A2,ABFLOW004,Oil,65.09835111038164,,65.09835111038164
Romania,2025,1A1A3,ABFLOW005,Coal,65.09835111038164,,65.09835111038164
Romania,2025,1A1A3,ABFLOW005,Natural gas,65.09835111038164,,65.09835111038164
Romania,2025,1A1A3,ABFLOW005,Oil,65.09835111038164,,65.09835111038164
Romania,2025,1A1B,ABFLOW011,Coal,65.09835111038164,,65.09835111038164
Romania,2025,1A1B,ABFLOW011,Natural gas,65.09835111038164,,65.09835111038164
Romania,2025,1A1B,ABFLOW011,Oil,65.09835111038164,,65.09835111038164
Romania,2025,1A1C,ABFLOW011,Coal,65.09835111038164,,65.09835111038164
Romania,2025,1A1C,ABFLOW011,Natural gas,65.09835111038164,,65.09835111038164
Romania,2025,1A1C,ABFLOW011,Oil,65.09835111038164,,65.09835111038164
Romania,2025,1A2,ABFLOW012,Coal,,,0.0
Romania,2025,1A2,ABFLOW012,Natural gas,,,0.0
Romania,2025,1A2,ABFLOW012,Oil,,,0.0
Romania,2025,1A2A,ABFLOW016,Coal,65.09835111038164,,65.09835111038164
Romania,2025,1A2A,ABFLOW016,Natural gas,65.09835111038164,,65.09835111038164
Romania,2025,1A2A,ABFLOW016,Oil,65.09835111038164,,65.09835111038164
Romania,2025,1A2B,ABFLOW018,Coal,65.09835111038164,,65.09835111038164
Romania,2025,1A2B,ABFLOW018,Natural gas,65.09835111038164,,65.09835111038164
Romania,2025,1A2B,ABFLOW018,Oil,65.09835111038164,,65.09835111038164
Romania,2025,1A2C,ABFLOW017,Coal,65.09835111038164,,65.09835111038164
Romania,2025,1A2C,ABFLOW017,Natural gas,65.09835111038164,,65.09835111038164
Romania,2025,1A2C,ABFLOW017,Oil,65.09835111038164,,65.09835111038164
Romania,2025,1A2D,ABFLOW023,Coal,65.09835111038164,,65.09835111038164
Romania,2025,1A2D,ABFLOW023,Natural gas,65.09835111038164,,65.09835111038164
Romania,2025,1A2D,ABFLOW023,Oil,65.09835111038164,,65.09835111038164
Romania,2025,1A2E,ABFLOW022,Coal,65.09835111038164,,65.09835111038164
Romania,2025,1A2E,ABFLOW022,Natural gas,65.09835111038164,,65.09835111038164
Romania,2025,1A2E,ABFLOW022,Oil,65.09835111038164,,65.09835111038164
Romania,2025,1A2F,ABFLOW019,Coal,65.09835111038164,,65.09835111038164
Romania,2025,1A2F,ABFLOW019,Natural gas,65.09835111038164,,65.09835111038164
Romania,2025,1A2F,ABFLOW019,Oil,65.09835111038164,,65.09835111038164
Romania,2025,1A2G,ABFLOW020,Coal,65.09835111038164,,65.09835111038164
Romania,2025,1A2G,ABFLOW020,Natural gas,65.09835111038164,,65.09835111038164
Romania,2025,1A2G,ABFLOW020,Oil,65.09835111038164,,65.09835111038164
Romania,2025,1A2H,ABFLOW021,Coal,65.09835111038164,,65.09835111038164
Romania,2025,1A2H,ABFLOW021,Natural gas,65.09835111038164,,65.09835111038164
Romania,2025,1A2H,ABFLOW021,Oil,65.09835111038164,,65.09835111038164
Romania,2025,1A2I,ABFLOW013,Coal,65.09835111038164,,65.09835111038164
Romania,2025,1A2I,ABFLOW013,Natural gas,65.09835111038164,,65.09835111038164
Romania,2025,1A2I,ABFLOW013,Oil,65.09835111038164,,65.09835111038164
Romania,2025,1A2J,ABFLOW024,Coal,65.09835111038164,,65.09835111038164
Romania,2025,1A2J,ABFLOW024,Natural gas,65.09835111038164,,65.09835111038164
Romania,2025,1A2J,ABFLOW024,Oil,65.09835111038164,,65.09835111038164
Romania,2025,1A2K,ABFLOW014,Coal,65.09835111038164,,65.09835111038164
Romania,2025,1A2K,ABFLOW014,Natural gas,65.09835111038164,,65.09835111038164
Romania,2025,1A2K,ABFLOW014,Oil,65.09835111038164,,65.09835111038164
Romania,2025,1A2L,ABFLOW025,Coal,65.09835111038164,,65.09835111038164
Romania,2025,1A2L,ABFLOW025,Natural gas,65.09835111038164,,65.09835111038164
Romania,2025,1A2L,ABFLOW025,Oil,65.09835111038164,,65.09835111038164
Romania,2025,1A2M,ABFLOW026,Coal,65.09835111038164,,65.09835111038164
Romania,2025,1A2M,ABFLOW026,Natural gas,65.09835111038164,,65.09835111038164
Romania,2025,1A2M,ABFLOW026,Oil,65.09835111038164,,65.09835111038164
Romania,2025,1A3,ABFLOW027,Coal,,,0.0
Romania,2025,1A3,ABFLOW027,Natural gas,,,0.0
Romania,2025,1A3,ABFLOW027,Oil,,,0.0
Romania,2025,1A3A1,ABFLOW040,Coal,65.09835111038164,,65.09835111038164
Romania,2025,1A3A1,ABFLOW040,Natural gas,65.09835111038164,,65.09835111038164
Romania,2025,1A3A1,ABFLOW040,Oil,65.09835111038164,,65.09835111038164
Romania,2025,1A3A2,ABFLOW029,Coal,65.09835111038164,,65.09835111038164
Romania,2025,1A3A2,ABFLOW029,Natural gas,65.09835111038164,,65.09835111038164
Romania,2025,1A3A2,ABFLOW029,Oil,65.09835111038164,,65.09835111038164
Romania,2025,1A3B,ABFLOW028,Coal,,,0.0
Romania,2025,1A3B,ABFLOW028,Natural gas,,,0.0
Romania,2025,1A3B,ABFLOW028,Oil,,,0.0
Romania,2025,1A3C,ABFLOW030,Coal,,,0.0
Romania,2025,1A3C,ABFLOW030,Natural gas,,,0.0
Romania,2025,1A3C,ABFLOW030,Oil,,,0.0
Romania,2025,1A3D1,ABFLOW039,Coal,,,0.0
Romania,2025,1A3D1,ABFLOW039,Natural gas,,,0.0
Romania,2025,1A3D1,ABFLOW039,Oil,,,0.0
Romania,2025,1A3D2,ABFLOW032,Coal,65.09835111038164,,65.09835111038164
Romania,2025,1A3D2,ABFLOW032,Natural gas,65.09835111038164,,65.09835111038164
Romania,2025,1A3D2,ABFLOW032,Oil,65.09835111038164,,65.09835111038164
Romania,2025,1A3E1,ABFLOW033,Coal,,,0.0
Romania,2025,1A3E1,ABFLOW033,Natural gas,,,0.0
Romania,2025,1A3E1,ABFLOW033,Oil,,,0.0
Romania,2025,1A4A,ABFLOW035,Coal,,,0.0
Romania,2025,1A4A,ABFLOW035,Natural gas,,,0.0
Romania,2025,1A4A,ABFLOW035,Oil,,,0.0
Romania,2025,1A4B,ABFLOW034,Coal,,,0.0
Romania,2025,1A4B,ABFLOW034,Natural gas,,,0.0
Romania,2025,1A4B,ABFLOW034,Oil,,,0.0
Romania,2025,1A4C1,ABFLOW036,Coal,,,0.0
Romania,2025,1A4C1,ABFLOW036,Natural gas,,,0.0
Romania,2025,1A4C1,ABFLOW036,Oil,,,0.0
Romania,2025,1A4C2,ABFLOW037,Coal,,,0.0
Romania,2025,1A4C2,ABFLOW037,Natural gas,,,0.0
Romania,2025,1A4C2,ABFLOW037,Oil,,,0.0
Romania,2025,1A5,ABFLOW038,Coal,,,0.0
Romania,2025,1A5,ABFLOW038,Natural gas,,,0.0
Romania,2025,1A5,ABFLOW038,Oil,,,0.0
