jurisdiction,year,ipcc_code,iea_code,Product,ets_price_usd_k,tax_rate_incl_ex_usd_k,all_inst_usd_k
Hungary,1989,1A,ABFLOW001,Coal,,,0.0
Hungary,1989,1A,ABFLOW001,Natural gas,,,0.0
Hungary,1989,1A,ABFLOW001,Oil,,,0.0
Hungary,1989,1A1A,ABFLOW002,Coal,,,0.0
Hungary,1989,1A1A,ABFLOW002,Natural gas,,,0.0
Hungary,1989,1A1A,ABFLOW002,Oil,,,0.0
Hungary,1989,1A1A1,ABFLOW003,Coal,,,0.0
Hungary,1989,1A1A1,ABFLOW003,Natural gas,,,0.0
Hungary,1989,1A1A1,ABFLOW003,Oil,,,0.0
Hungary,1989,1A1A2,ABFLOW004,Coal,,,0.0
Hungary,1989,1A1A2,ABFLOW004,Natural gas,,,0.0
Hungary,1989,1A1A2,ABFLOW004,Oil,,,0.0
Hungary,1989,1A1A3,ABFLOW005,Coal,,,0.0
Hungary,1989,1A1A3,ABFLOW005,Natural gas,,,0.0
Hungary,1989,1A1A3,ABFLOW005,Oil,,,0.0
Hungary,1989,1A1B,ABFLOW011,Coal,,,0.0
Hungary,1989,1A1B,ABFLOW011,Natural gas,,,0.0
Hungary,1989,1A1B,ABFLOW011,Oil,,,0.0
Hungary,1989,1A1C,ABFLOW011,Coal,,,0.0
Hungary,1989,1A1C,ABFLOW011,Natural gas,,,0.0
Hungary,1989,1A1C,ABFLOW011,Oil,,,0.0
Hungary,1989,1A2,ABFLOW012,Coal,,,0.0
Hungary,1989,1A2,ABFLOW012,Natural gas,,,0.0
Hungary,1989,1A2,ABFLOW012,Oil,,,0.0
Hungary,1989,1A2A,ABFLOW016,Coal,,,0.0
Hungary,1989,1A2A,ABFLOW016,Natural gas,,,0.0
Hungary,1989,1A2A,ABFLOW016,Oil,,,0.0
Hungary,1989,1A2B,ABFLOW018,Coal,,,0.0
Hungary,1989,1A2B,ABFLOW018,Natural gas,,,0.0
Hungary,1989,1A2B,ABFLOW018,Oil,,,0.0
Hungary,1989,1A2C,ABFLOW017,Coal,,,0.0
Hungary,1989,1A2C,ABFLOW017,Natural gas,,,0.0
Hungary,1989,1A2C,ABFLOW017,Oil,,,0.0
Hungary,1989,1A2D,ABFLOW023,Coal,,,0.0
Hungary,1989,1A2D,ABFLOW023,Natural gas,,,0.0
Hungary,1989,1A2D,ABFLOW023,Oil,,,0.0
Hungary,1989,1A2E,ABFLOW022,Coal,,,0.0
Hungary,1989,1A2E,ABFLOW022,Natural gas,,,0.0
Hungary,1989,1A2E,ABFLOW022,Oil,,,0.0
Hungary,1989,1A2F,ABFLOW019,Coal,,,0.0
Hungary,1989,1A2F,ABFLOW019,Natural gas,,,0.0
Hungary,1989,1A2F,ABFLOW019,Oil,,,0.0
Hungary,1989,1A2G,ABFLOW020,Coal,,,0.0
Hungary,1989,1A2G,ABFLOW020,Natural gas,,,0.0
Hungary,1989,1A2G,ABFLOW020,Oil,,,0.0
Hungary,1989,1A2H,ABFLOW021,Coal,,,0.0
Hungary,1989,1A2H,ABFLOW021,Natural gas,,,0.0
Hungary,1989,1A2H,ABFLOW021,Oil,,,0.0
Hungary,1989,1A2I,ABFLOW013,Coal,,,0.0
Hungary,1989,1A2I,ABFLOW013,Natural gas,,,0.0
Hungary,1989,1A2I,ABFLOW013,Oil,,,0.0
Hungary,1989,1A2J,ABFLOW024,Coal,,,0.0
Hungary,1989,1A2J,ABFLOW024,Natural gas,,,0.0
Hungary,1989,1A2J,ABFLOW024,Oil,,,0.0
Hungary,1989,1A2K,ABFLOW014,Coal,,,0.0
Hungary,1989,1A2K,ABFLOW014,Natural gas,,,0.0
Hungary,1989,1A2K,ABFLOW014,Oil,,,0.0
Hungary,1989,1A2L,ABFLOW025,Coal,,,0.0
Hungary,1989,1A2L,ABFLOW025,Natural gas,,,0.0
Hungary,1989,1A2L,ABFLOW025,Oil,,,0.0
Hungary,1989,1A2M,ABFLOW026,Coal,,,0.0
Hungary,1989,1A2M,ABFLOW026,Natural gas,,,0.0
Hungary,1989,1A2M,ABFLOW026,Oil,,,0.0
Hungary,1989,1A3,ABFLOW027,Coal,,,0.0
Hungary,1989,1A3,ABFLOW027,Natural gas,,,0.0
Hungary,1989,1A3,ABFLOW027,Oil,,,0.0
Hungary,1989,1A3A1,ABFLOW040,Coal,,,0.0
Hungary,1989,1A3A1,ABFLOW040,Natural gas,,,0.0
Hungary,1989,1A3A1,ABFLOW040,Oil,,,0.0
Hungary,1989,1A3A2,ABFLOW029,Coal,,,0.0
Hungary,1989,1A3A2,ABFLOW029,Natural gas,,,0.0
Hungary,1989,1A3A2,ABFLOW029,Oil,,,0.0
Hungary,1989,1A3B,ABFLOW028,Coal,,,0.0
Hungary,1989,1A3B,ABFLOW028,Natural gas,,,0.0
Hungary,1989,1A3B,ABFLOW028,Oil,,,0.0
Hungary,1989,1A3C,ABFLOW030,Coal,,,0.0
Hungary,1989,1A3C,ABFLOW030,Natural gas,,,0.0
Hungary,1989,1A3C,ABFLOW030,Oil,,,0.0
Hungary,1989,1A3D1,ABFLOW039,Coal,,,0.0
Hungary,1989,1A3D1,ABFLOW039,Natural gas,,,0.0
Hungary,1989,1A3D1,ABFLOW039,Oil,,,0.0
Hungary,1989,1A3D2,ABFLOW032,Coal,,,0.0
Hungary,1989,1A3D2,ABFLOW032,Natural gas,,,0.0
Hungary,1989,1A3D2,ABFLOW032,Oil,,,0.0
Hungary,1989,1A3E1,ABFLOW033,Coal,,,0.0
Hungary,1989,1A3E1,ABFLOW033,Natural gas,,,0.0
Hungary,1989,1A3E1,ABFLOW033,Oil,,,0.0
Hungary,1989,1A4A,ABFLOW035,Coal,,,0.0
Hungary,1989,1A4A,ABFLOW035,Natural gas,,,0.0
Hungary,1989,1A4A,ABFLOW035,Oil,,,0.0
Hungary,1989,1A4B,ABFLOW034,Coal,,,0.0
Hungary,1989,1A4B,ABFLOW034,Natural gas,,,0.0
Hungary,1989,1A4B,ABFLOW034,Oil,,,0.0
Hungary,1989,1A4C1,ABFLOW036,Coal,,,0.0
Hungary,1989,1A4C1,ABFLOW036,Natural gas,,,0.0
Hungary,1989,1A4C1,ABFLOW036,Oil,,,0.0
Hungary,1989,1A4C2,ABFLOW037,Coal,,,0.0
Hungary,1989,1A4C2,ABFLOW037,Natural gas,,,0.0
Hungary,1989,1A4C2,ABFLOW037,Oil,,,0.0
Hungary,1989,1A5,ABFLOW038,Coal,,,0.0
Hungary,1989,1A5,ABFLOW038,Natural gas,,,0.0
Hungary,1989,1A5,ABFLOW038,Oil,,,0.0
Hungary,1990,1A,ABFLOW001,Coal,,,0.0
Hungary,1990,1A,ABFLOW001,Natural gas,,,0.0
Hungary,1990,1A,ABFLOW001,Oil,,,0.0
Hungary,1990,1A1A,ABFLOW002,Coal,,,0.0
Hungary,1990,1A1A,ABFLOW002,Natural gas,,,0.0
Hungary,1990,1A1A,ABFLOW002,Oil,,,0.0
Hungary,1990,1A1A1,ABFLOW003,Coal,,,0.0
Hungary,1990,1A1A1,ABFLOW003,Natural gas,,,0.0
Hungary,1990,1A1A1,ABFLOW003,Oil,,,0.0
Hungary,1990,1A1A2,ABFLOW004,Coal,,,0.0
Hungary,1990,1A1A2,ABFLOW004,Natural gas,,,0.0
Hungary,1990,1A1A2,ABFLOW004,Oil,,,0.0
Hungary,1990,1A1A3,ABFLOW005,Coal,,,0.0
Hungary,1990,1A1A3,ABFLOW005,Natural gas,,,0.0
Hungary,1990,1A1A3,ABFLOW005,Oil,,,0.0
Hungary,1990,1A1B,ABFLOW011,Coal,,,0.0
Hungary,1990,1A1B,ABFLOW011,Natural gas,,,0.0
Hungary,1990,1A1B,ABFLOW011,Oil,,,0.0
Hungary,1990,1A1C,ABFLOW011,Coal,,,0.0
Hungary,1990,1A1C,ABFLOW011,Natural gas,,,0.0
Hungary,1990,1A1C,ABFLOW011,Oil,,,0.0
Hungary,1990,1A2,ABFLOW012,Coal,,,0.0
Hungary,1990,1A2,ABFLOW012,Natural gas,,,0.0
Hungary,1990,1A2,ABFLOW012,Oil,,,0.0
Hungary,1990,1A2A,ABFLOW016,Coal,,,0.0
Hungary,1990,1A2A,ABFLOW016,Natural gas,,,0.0
Hungary,1990,1A2A,ABFLOW016,Oil,,,0.0
Hungary,1990,1A2B,ABFLOW018,Coal,,,0.0
Hungary,1990,1A2B,ABFLOW018,Natural gas,,,0.0
Hungary,1990,1A2B,ABFLOW018,Oil,,,0.0
Hungary,1990,1A2C,ABFLOW017,Coal,,,0.0
Hungary,1990,1A2C,ABFLOW017,Natural gas,,,0.0
Hungary,1990,1A2C,ABFLOW017,Oil,,,0.0
Hungary,1990,1A2D,ABFLOW023,Coal,,,0.0
Hungary,1990,1A2D,ABFLOW023,Natural gas,,,0.0
Hungary,1990,1A2D,ABFLOW023,Oil,,,0.0
Hungary,1990,1A2E,ABFLOW022,Coal,,,0.0
Hungary,1990,1A2E,ABFLOW022,Natural gas,,,0.0
Hungary,1990,1A2E,ABFLOW022,Oil,,,0.0
Hungary,1990,1A2F,ABFLOW019,Coal,,,0.0
Hungary,1990,1A2F,ABFLOW019,Natural gas,,,0.0
Hungary,1990,1A2F,ABFLOW019,Oil,,,0.0
Hungary,1990,1A2G,ABFLOW020,Coal,,,0.0
Hungary,1990,1A2G,ABFLOW020,Natural gas,,,0.0
Hungary,1990,1A2G,ABFLOW020,Oil,,,0.0
Hungary,1990,1A2H,ABFLOW021,Coal,,,0.0
Hungary,1990,1A2H,ABFLOW021,Natural gas,,,0.0
Hungary,1990,1A2H,ABFLOW021,Oil,,,0.0
Hungary,1990,1A2I,ABFLOW013,Coal,,,0.0
Hungary,1990,1A2I,ABFLOW013,Natural gas,,,0.0
Hungary,1990,1A2I,ABFLOW013,Oil,,,0.0
Hungary,1990,1A2J,ABFLOW024,Coal,,,0.0
Hungary,1990,1A2J,ABFLOW024,Natural gas,,,0.0
Hungary,1990,1A2J,ABFLOW024,Oil,,,0.0
Hungary,1990,1A2K,ABFLOW014,Coal,,,0.0
Hungary,1990,1A2K,ABFLOW014,Natural gas,,,0.0
Hungary,1990,1A2K,ABFLOW014,Oil,,,0.0
Hungary,1990,1A2L,ABFLOW025,Coal,,,0.0
Hungary,1990,1A2L,ABFLOW025,Natural gas,,,0.0
Hungary,1990,1A2L,ABFLOW025,Oil,,,0.0
Hungary,1990,1A2M,ABFLOW026,Coal,,,0.0
Hungary,1990,1A2M,ABFLOW026,Natural gas,,,0.0
Hungary,1990,1A2M,ABFLOW026,Oil,,,0.0
Hungary,1990,1A3,ABFLOW027,Coal,,,0.0
Hungary,1990,1A3,ABFLOW027,Natural gas,,,0.0
Hungary,1990,1A3,ABFLOW027,Oil,,,0.0
Hungary,1990,1A3A1,ABFLOW040,Coal,,,0.0
Hungary,1990,1A3A1,ABFLOW040,Natural gas,,,0.0
Hungary,1990,1A3A1,ABFLOW040,Oil,,,0.0
Hungary,1990,1A3A2,ABFLOW029,Coal,,,0.0
Hungary,1990,1A3A2,ABFLOW029,Natural gas,,,0.0
Hungary,1990,1A3A2,ABFLOW029,Oil,,,0.0
Hungary,1990,1A3B,ABFLOW028,Coal,,,0.0
Hungary,1990,1A3B,ABFLOW028,Natural gas,,,0.0
Hungary,1990,1A3B,ABFLOW028,Oil,,,0.0
Hungary,1990,1A3C,ABFLOW030,Coal,,,0.0
Hungary,1990,1A3C,ABFLOW030,Natural gas,,,0.0
Hungary,1990,1A3C,ABFLOW030,Oil,,,0.0
Hungary,1990,1A3D1,ABFLOW039,Coal,,,0.0
Hungary,1990,1A3D1,ABFLOW039,Natural gas,,,0.0
Hungary,1990,1A3D1,ABFLOW039,Oil,,,0.0
Hungary,1990,1A3D2,ABFLOW032,Coal,,,0.0
Hungary,1990,1A3D2,ABFLOW032,Natural gas,,,0.0
Hungary,1990,1A3D2,ABFLOW032,Oil,,,0.0
Hungary,1990,1A3E1,ABFLOW033,Coal,,,0.0
Hungary,1990,1A3E1,ABFLOW033,Natural gas,,,0.0
Hungary,1990,1A3E1,ABFLOW033,Oil,,,0.0
Hungary,1990,1A4A,ABFLOW035,Coal,,,0.0
Hungary,1990,1A4A,ABFLOW035,Natural gas,,,0.0
Hungary,1990,1A4A,ABFLOW035,Oil,,,0.0
Hungary,1990,1A4B,ABFLOW034,Coal,,,0.0
Hungary,1990,1A4B,ABFLOW034,Natural gas,,,0.0
Hungary,1990,1A4B,ABFLOW034,Oil,,,0.0
Hungary,1990,1A4C1,ABFLOW036,Coal,,,0.0
Hungary,1990,1A4C1,ABFLOW036,Natural gas,,,0.0
Hungary,1990,1A4C1,ABFLOW036,Oil,,,0.0
Hungary,1990,1A4C2,ABFLOW037,Coal,,,0.0
Hungary,1990,1A4C2,ABFLOW037,Natural gas,,,0.0
Hungary,1990,1A4C2,ABFLOW037,Oil,,,0.0
Hungary,1990,1A5,ABFLOW038,Coal,,,0.0
Hungary,1990,1A5,ABFLOW038,Natural gas,,,0.0
Hungary,1990,1A5,ABFLOW038,Oil,,,0.0
Hungary,1991,1A,ABFLOW001,Coal,,,0.0
Hungary,1991,1A,ABFLOW001,Natural gas,,,0.0
Hungary,1991,1A,ABFLOW001,Oil,,,0.0
Hungary,1991,1A1A,ABFLOW002,Coal,,,0.0
Hungary,1991,1A1A,ABFLOW002,Natural gas,,,0.0
Hungary,1991,1A1A,ABFLOW002,Oil,,,0.0
Hungary,1991,1A1A1,ABFLOW003,Coal,,,0.0
Hungary,1991,1A1A1,ABFLOW003,Natural gas,,,0.0
Hungary,1991,1A1A1,ABFLOW003,Oil,,,0.0
Hungary,1991,1A1A2,ABFLOW004,Coal,,,0.0
Hungary,1991,1A1A2,ABFLOW004,Natural gas,,,0.0
Hungary,1991,1A1A2,ABFLOW004,Oil,,,0.0
Hungary,1991,1A1A3,ABFLOW005,Coal,,,0.0
Hungary,1991,1A1A3,ABFLOW005,Natural gas,,,0.0
Hungary,1991,1A1A3,ABFLOW005,Oil,,,0.0
Hungary,1991,1A1B,ABFLOW011,Coal,,,0.0
Hungary,1991,1A1B,ABFLOW011,Natural gas,,,0.0
Hungary,1991,1A1B,ABFLOW011,Oil,,,0.0
Hungary,1991,1A1C,ABFLOW011,Coal,,,0.0
Hungary,1991,1A1C,ABFLOW011,Natural gas,,,0.0
Hungary,1991,1A1C,ABFLOW011,Oil,,,0.0
Hungary,1991,1A2,ABFLOW012,Coal,,,0.0
Hungary,1991,1A2,ABFLOW012,Natural gas,,,0.0
Hungary,1991,1A2,ABFLOW012,Oil,,,0.0
Hungary,1991,1A2A,ABFLOW016,Coal,,,0.0
Hungary,1991,1A2A,ABFLOW016,Natural gas,,,0.0
Hungary,1991,1A2A,ABFLOW016,Oil,,,0.0
Hungary,1991,1A2B,ABFLOW018,Coal,,,0.0
Hungary,1991,1A2B,ABFLOW018,Natural gas,,,0.0
Hungary,1991,1A2B,ABFLOW018,Oil,,,0.0
Hungary,1991,1A2C,ABFLOW017,Coal,,,0.0
Hungary,1991,1A2C,ABFLOW017,Natural gas,,,0.0
Hungary,1991,1A2C,ABFLOW017,Oil,,,0.0
Hungary,1991,1A2D,ABFLOW023,Coal,,,0.0
Hungary,1991,1A2D,ABFLOW023,Natural gas,,,0.0
Hungary,1991,1A2D,ABFLOW023,Oil,,,0.0
Hungary,1991,1A2E,ABFLOW022,Coal,,,0.0
Hungary,1991,1A2E,ABFLOW022,Natural gas,,,0.0
Hungary,1991,1A2E,ABFLOW022,Oil,,,0.0
Hungary,1991,1A2F,ABFLOW019,Coal,,,0.0
Hungary,1991,1A2F,ABFLOW019,Natural gas,,,0.0
Hungary,1991,1A2F,ABFLOW019,Oil,,,0.0
Hungary,1991,1A2G,ABFLOW020,Coal,,,0.0
Hungary,1991,1A2G,ABFLOW020,Natural gas,,,0.0
Hungary,1991,1A2G,ABFLOW020,Oil,,,0.0
Hungary,1991,1A2H,ABFLOW021,Coal,,,0.0
Hungary,1991,1A2H,ABFLOW021,Natural gas,,,0.0
Hungary,1991,1A2H,ABFLOW021,Oil,,,0.0
Hungary,1991,1A2I,ABFLOW013,Coal,,,0.0
Hungary,1991,1A2I,ABFLOW013,Natural gas,,,0.0
Hungary,1991,1A2I,ABFLOW013,Oil,,,0.0
Hungary,1991,1A2J,ABFLOW024,Coal,,,0.0
Hungary,1991,1A2J,ABFLOW024,Natural gas,,,0.0
Hungary,1991,1A2J,ABFLOW024,Oil,,,0.0
Hungary,1991,1A2K,ABFLOW014,Coal,,,0.0
Hungary,1991,1A2K,ABFLOW014,Natural gas,,,0.0
Hungary,1991,1A2K,ABFLOW014,Oil,,,0.0
Hungary,1991,1A2L,ABFLOW025,Coal,,,0.0
Hungary,1991,1A2L,ABFLOW025,Natural gas,,,0.0
Hungary,1991,1A2L,ABFLOW025,Oil,,,0.0
Hungary,1991,1A2M,ABFLOW026,Coal,,,0.0
Hungary,1991,1A2M,ABFLOW026,Natural gas,,,0.0
Hungary,1991,1A2M,ABFLOW026,Oil,,,0.0
Hungary,1991,1A3,ABFLOW027,Coal,,,0.0
Hungary,1991,1A3,ABFLOW027,Natural gas,,,0.0
Hungary,1991,1A3,ABFLOW027,Oil,,,0.0
Hungary,1991,1A3A1,ABFLOW040,Coal,,,0.0
Hungary,1991,1A3A1,ABFLOW040,Natural gas,,,0.0
Hungary,1991,1A3A1,ABFLOW040,Oil,,,0.0
Hungary,1991,1A3A2,ABFLOW029,Coal,,,0.0
Hungary,1991,1A3A2,ABFLOW029,Natural gas,,,0.0
Hungary,1991,1A3A2,ABFLOW029,Oil,,,0.0
Hungary,1991,1A3B,ABFLOW028,Coal,,,0.0
Hungary,1991,1A3B,ABFLOW028,Natural gas,,,0.0
Hungary,1991,1A3B,ABFLOW028,Oil,,,0.0
Hungary,1991,1A3C,ABFLOW030,Coal,,,0.0
Hungary,1991,1A3C,ABFLOW030,Natural gas,,,0.0
Hungary,1991,1A3C,ABFLOW030,Oil,,,0.0
Hungary,1991,1A3D1,ABFLOW039,Coal,,,0.0
Hungary,1991,1A3D1,ABFLOW039,Natural gas,,,0.0
Hungary,1991,1A3D1,ABFLOW039,Oil,,,0.0
Hungary,1991,1A3D2,ABFLOW032,Coal,,,0.0
Hungary,1991,1A3D2,ABFLOW032,Natural gas,,,0.0
Hungary,1991,1A3D2,ABFLOW032,Oil,,,0.0
Hungary,1991,1A3E1,ABFLOW033,Coal,,,0.0
Hungary,1991,1A3E1,ABFLOW033,Natural gas,,,0.0
Hungary,1991,1A3E1,ABFLOW033,Oil,,,0.0
Hungary,1991,1A4A,ABFLOW035,Coal,,,0.0
Hungary,1991,1A4A,ABFLOW035,Natural gas,,,0.0
Hungary,1991,1A4A,ABFLOW035,Oil,,,0.0
Hungary,1991,1A4B,ABFLOW034,Coal,,,0.0
Hungary,1991,1A4B,ABFLOW034,Natural gas,,,0.0
Hungary,1991,1A4B,ABFLOW034,Oil,,,0.0
Hungary,1991,1A4C1,ABFLOW036,Coal,,,0.0
Hungary,1991,1A4C1,ABFLOW036,Natural gas,,,0.0
Hungary,1991,1A4C1,ABFLOW036,Oil,,,0.0
Hungary,1991,1A4C2,ABFLOW037,Coal,,,0.0
Hungary,1991,1A4C2,ABFLOW037,Natural gas,,,0.0
Hungary,1991,1A4C2,ABFLOW037,Oil,,,0.0
Hungary,1991,1A5,ABFLOW038,Coal,,,0.0
Hungary,1991,1A5,ABFLOW038,Natural gas,,,0.0
Hungary,1991,1A5,ABFLOW038,Oil,,,0.0
Hungary,1992,1A,ABFLOW001,Coal,,,0.0
Hungary,1992,1A,ABFLOW001,Natural gas,,,0.0
Hungary,1992,1A,ABFLOW001,Oil,,,0.0
Hungary,1992,1A1A,ABFLOW002,Coal,,,0.0
Hungary,1992,1A1A,ABFLOW002,Natural gas,,,0.0
Hungary,1992,1A1A,ABFLOW002,Oil,,,0.0
Hungary,1992,1A1A1,ABFLOW003,Coal,,,0.0
Hungary,1992,1A1A1,ABFLOW003,Natural gas,,,0.0
Hungary,1992,1A1A1,ABFLOW003,Oil,,,0.0
Hungary,1992,1A1A2,ABFLOW004,Coal,,,0.0
Hungary,1992,1A1A2,ABFLOW004,Natural gas,,,0.0
Hungary,1992,1A1A2,ABFLOW004,Oil,,,0.0
Hungary,1992,1A1A3,ABFLOW005,Coal,,,0.0
Hungary,1992,1A1A3,ABFLOW005,Natural gas,,,0.0
Hungary,1992,1A1A3,ABFLOW005,Oil,,,0.0
Hungary,1992,1A1B,ABFLOW011,Coal,,,0.0
Hungary,1992,1A1B,ABFLOW011,Natural gas,,,0.0
Hungary,1992,1A1B,ABFLOW011,Oil,,,0.0
Hungary,1992,1A1C,ABFLOW011,Coal,,,0.0
Hungary,1992,1A1C,ABFLOW011,Natural gas,,,0.0
Hungary,1992,1A1C,ABFLOW011,Oil,,,0.0
Hungary,1992,1A2,ABFLOW012,Coal,,,0.0
Hungary,1992,1A2,ABFLOW012,Natural gas,,,0.0
Hungary,1992,1A2,ABFLOW012,Oil,,,0.0
Hungary,1992,1A2A,ABFLOW016,Coal,,,0.0
Hungary,1992,1A2A,ABFLOW016,Natural gas,,,0.0
Hungary,1992,1A2A,ABFLOW016,Oil,,,0.0
Hungary,1992,1A2B,ABFLOW018,Coal,,,0.0
Hungary,1992,1A2B,ABFLOW018,Natural gas,,,0.0
Hungary,1992,1A2B,ABFLOW018,Oil,,,0.0
Hungary,1992,1A2C,ABFLOW017,Coal,,,0.0
Hungary,1992,1A2C,ABFLOW017,Natural gas,,,0.0
Hungary,1992,1A2C,ABFLOW017,Oil,,,0.0
Hungary,1992,1A2D,ABFLOW023,Coal,,,0.0
Hungary,1992,1A2D,ABFLOW023,Natural gas,,,0.0
Hungary,1992,1A2D,ABFLOW023,Oil,,,0.0
Hungary,1992,1A2E,ABFLOW022,Coal,,,0.0
Hungary,1992,1A2E,ABFLOW022,Natural gas,,,0.0
Hungary,1992,1A2E,ABFLOW022,Oil,,,0.0
Hungary,1992,1A2F,ABFLOW019,Coal,,,0.0
Hungary,1992,1A2F,ABFLOW019,Natural gas,,,0.0
Hungary,1992,1A2F,ABFLOW019,Oil,,,0.0
Hungary,1992,1A2G,ABFLOW020,Coal,,,0.0
Hungary,1992,1A2G,ABFLOW020,Natural gas,,,0.0
Hungary,1992,1A2G,ABFLOW020,Oil,,,0.0
Hungary,1992,1A2H,ABFLOW021,Coal,,,0.0
Hungary,1992,1A2H,ABFLOW021,Natural gas,,,0.0
Hungary,1992,1A2H,ABFLOW021,Oil,,,0.0
Hungary,1992,1A2I,ABFLOW013,Coal,,,0.0
Hungary,1992,1A2I,ABFLOW013,Natural gas,,,0.0
Hungary,1992,1A2I,ABFLOW013,Oil,,,0.0
Hungary,1992,1A2J,ABFLOW024,Coal,,,0.0
Hungary,1992,1A2J,ABFLOW024,Natural gas,,,0.0
Hungary,1992,1A2J,ABFLOW024,Oil,,,0.0
Hungary,1992,1A2K,ABFLOW014,Coal,,,0.0
Hungary,1992,1A2K,ABFLOW014,Natural gas,,,0.0
Hungary,1992,1A2K,ABFLOW014,Oil,,,0.0
Hungary,1992,1A2L,ABFLOW025,Coal,,,0.0
Hungary,1992,1A2L,ABFLOW025,Natural gas,,,0.0
Hungary,1992,1A2L,ABFLOW025,Oil,,,0.0
Hungary,1992,1A2M,ABFLOW026,Coal,,,0.0
Hungary,1992,1A2M,ABFLOW026,Natural gas,,,0.0
Hungary,1992,1A2M,ABFLOW026,Oil,,,0.0
Hungary,1992,1A3,ABFLOW027,Coal,,,0.0
Hungary,1992,1A3,ABFLOW027,Natural gas,,,0.0
Hungary,1992,1A3,ABFLOW027,Oil,,,0.0
Hungary,1992,1A3A1,ABFLOW040,Coal,,,0.0
Hungary,1992,1A3A1,ABFLOW040,Natural gas,,,0.0
Hungary,1992,1A3A1,ABFLOW040,Oil,,,0.0
Hungary,1992,1A3A2,ABFLOW029,Coal,,,0.0
Hungary,1992,1A3A2,ABFLOW029,Natural gas,,,0.0
Hungary,1992,1A3A2,ABFLOW029,Oil,,,0.0
Hungary,1992,1A3B,ABFLOW028,Coal,,,0.0
Hungary,1992,1A3B,ABFLOW028,Natural gas,,,0.0
Hungary,1992,1A3B,ABFLOW028,Oil,,,0.0
Hungary,1992,1A3C,ABFLOW030,Coal,,,0.0
Hungary,1992,1A3C,ABFLOW030,Natural gas,,,0.0
Hungary,1992,1A3C,ABFLOW030,Oil,,,0.0
Hungary,1992,1A3D1,ABFLOW039,Coal,,,0.0
Hungary,1992,1A3D1,ABFLOW039,Natural gas,,,0.0
Hungary,1992,1A3D1,ABFLOW039,Oil,,,0.0
Hungary,1992,1A3D2,ABFLOW032,Coal,,,0.0
Hungary,1992,1A3D2,ABFLOW032,Natural gas,,,0.0
Hungary,1992,1A3D2,ABFLOW032,Oil,,,0.0
Hungary,1992,1A3E1,ABFLOW033,Coal,,,0.0
Hungary,1992,1A3E1,ABFLOW033,Natural gas,,,0.0
Hungary,1992,1A3E1,ABFLOW033,Oil,,,0.0
Hungary,1992,1A4A,ABFLOW035,Coal,,,0.0
Hungary,1992,1A4A,ABFLOW035,Natural gas,,,0.0
Hungary,1992,1A4A,ABFLOW035,Oil,,,0.0
Hungary,1992,1A4B,ABFLOW034,Coal,,,0.0
Hungary,1992,1A4B,ABFLOW034,Natural gas,,,0.0
Hungary,1992,1A4B,ABFLOW034,Oil,,,0.0
Hungary,1992,1A4C1,ABFLOW036,Coal,,,0.0
Hungary,1992,1A4C1,ABFLOW036,Natural gas,,,0.0
Hungary,1992,1A4C1,ABFLOW036,Oil,,,0.0
Hungary,1992,1A4C2,ABFLOW037,Coal,,,0.0
Hungary,1992,1A4C2,ABFLOW037,Natural gas,,,0.0
Hungary,1992,1A4C2,ABFLOW037,Oil,,,0.0
Hungary,1992,1A5,ABFLOW038,Coal,,,0.0
Hungary,1992,1A5,ABFLOW038,Natural gas,,,0.0
Hungary,1992,1A5,ABFLOW038,Oil,,,0.0
Hungary,1993,1A,ABFLOW001,Coal,,,0.0
Hungary,1993,1A,ABFLOW001,Natural gas,,,0.0
Hungary,1993,1A,ABFLOW001,Oil,,,0.0
Hungary,1993,1A1A,ABFLOW002,Coal,,,0.0
Hungary,1993,1A1A,ABFLOW002,Natural gas,,,0.0
Hungary,1993,1A1A,ABFLOW002,Oil,,,0.0
Hungary,1993,1A1A1,ABFLOW003,Coal,,,0.0
Hungary,1993,1A1A1,ABFLOW003,Natural gas,,,0.0
Hungary,1993,1A1A1,ABFLOW003,Oil,,,0.0
Hungary,1993,1A1A2,ABFLOW004,Coal,,,0.0
Hungary,1993,1A1A2,ABFLOW004,Natural gas,,,0.0
Hungary,1993,1A1A2,ABFLOW004,Oil,,,0.0
Hungary,1993,1A1A3,ABFLOW005,Coal,,,0.0
Hungary,1993,1A1A3,ABFLOW005,Natural gas,,,0.0
Hungary,1993,1A1A3,ABFLOW005,Oil,,,0.0
Hungary,1993,1A1B,ABFLOW011,Coal,,,0.0
Hungary,1993,1A1B,ABFLOW011,Natural gas,,,0.0
Hungary,1993,1A1B,ABFLOW011,Oil,,,0.0
Hungary,1993,1A1C,ABFLOW011,Coal,,,0.0
Hungary,1993,1A1C,ABFLOW011,Natural gas,,,0.0
Hungary,1993,1A1C,ABFLOW011,Oil,,,0.0
Hungary,1993,1A2,ABFLOW012,Coal,,,0.0
Hungary,1993,1A2,ABFLOW012,Natural gas,,,0.0
Hungary,1993,1A2,ABFLOW012,Oil,,,0.0
Hungary,1993,1A2A,ABFLOW016,Coal,,,0.0
Hungary,1993,1A2A,ABFLOW016,Natural gas,,,0.0
Hungary,1993,1A2A,ABFLOW016,Oil,,,0.0
Hungary,1993,1A2B,ABFLOW018,Coal,,,0.0
Hungary,1993,1A2B,ABFLOW018,Natural gas,,,0.0
Hungary,1993,1A2B,ABFLOW018,Oil,,,0.0
Hungary,1993,1A2C,ABFLOW017,Coal,,,0.0
Hungary,1993,1A2C,ABFLOW017,Natural gas,,,0.0
Hungary,1993,1A2C,ABFLOW017,Oil,,,0.0
Hungary,1993,1A2D,ABFLOW023,Coal,,,0.0
Hungary,1993,1A2D,ABFLOW023,Natural gas,,,0.0
Hungary,1993,1A2D,ABFLOW023,Oil,,,0.0
Hungary,1993,1A2E,ABFLOW022,Coal,,,0.0
Hungary,1993,1A2E,ABFLOW022,Natural gas,,,0.0
Hungary,1993,1A2E,ABFLOW022,Oil,,,0.0
Hungary,1993,1A2F,ABFLOW019,Coal,,,0.0
Hungary,1993,1A2F,ABFLOW019,Natural gas,,,0.0
Hungary,1993,1A2F,ABFLOW019,Oil,,,0.0
Hungary,1993,1A2G,ABFLOW020,Coal,,,0.0
Hungary,1993,1A2G,ABFLOW020,Natural gas,,,0.0
Hungary,1993,1A2G,ABFLOW020,Oil,,,0.0
Hungary,1993,1A2H,ABFLOW021,Coal,,,0.0
Hungary,1993,1A2H,ABFLOW021,Natural gas,,,0.0
Hungary,1993,1A2H,ABFLOW021,Oil,,,0.0
Hungary,1993,1A2I,ABFLOW013,Coal,,,0.0
Hungary,1993,1A2I,ABFLOW013,Natural gas,,,0.0
Hungary,1993,1A2I,ABFLOW013,Oil,,,0.0
Hungary,1993,1A2J,ABFLOW024,Coal,,,0.0
Hungary,1993,1A2J,ABFLOW024,Natural gas,,,0.0
Hungary,1993,1A2J,ABFLOW024,Oil,,,0.0
Hungary,1993,1A2K,ABFLOW014,Coal,,,0.0
Hungary,1993,1A2K,ABFLOW014,Natural gas,,,0.0
Hungary,1993,1A2K,ABFLOW014,Oil,,,0.0
Hungary,1993,1A2L,ABFLOW025,Coal,,,0.0
Hungary,1993,1A2L,ABFLOW025,Natural gas,,,0.0
Hungary,1993,1A2L,ABFLOW025,Oil,,,0.0
Hungary,1993,1A2M,ABFLOW026,Coal,,,0.0
Hungary,1993,1A2M,ABFLOW026,Natural gas,,,0.0
Hungary,1993,1A2M,ABFLOW026,Oil,,,0.0
Hungary,1993,1A3,ABFLOW027,Coal,,,0.0
Hungary,1993,1A3,ABFLOW027,Natural gas,,,0.0
Hungary,1993,1A3,ABFLOW027,Oil,,,0.0
Hungary,1993,1A3A1,ABFLOW040,Coal,,,0.0
Hungary,1993,1A3A1,ABFLOW040,Natural gas,,,0.0
Hungary,1993,1A3A1,ABFLOW040,Oil,,,0.0
Hungary,1993,1A3A2,ABFLOW029,Coal,,,0.0
Hungary,1993,1A3A2,ABFLOW029,Natural gas,,,0.0
Hungary,1993,1A3A2,ABFLOW029,Oil,,,0.0
Hungary,1993,1A3B,ABFLOW028,Coal,,,0.0
Hungary,1993,1A3B,ABFLOW028,Natural gas,,,0.0
Hungary,1993,1A3B,ABFLOW028,Oil,,,0.0
Hungary,1993,1A3C,ABFLOW030,Coal,,,0.0
Hungary,1993,1A3C,ABFLOW030,Natural gas,,,0.0
Hungary,1993,1A3C,ABFLOW030,Oil,,,0.0
Hungary,1993,1A3D1,ABFLOW039,Coal,,,0.0
Hungary,1993,1A3D1,ABFLOW039,Natural gas,,,0.0
Hungary,1993,1A3D1,ABFLOW039,Oil,,,0.0
Hungary,1993,1A3D2,ABFLOW032,Coal,,,0.0
Hungary,1993,1A3D2,ABFLOW032,Natural gas,,,0.0
Hungary,1993,1A3D2,ABFLOW032,Oil,,,0.0
Hungary,1993,1A3E1,ABFLOW033,Coal,,,0.0
Hungary,1993,1A3E1,ABFLOW033,Natural gas,,,0.0
Hungary,1993,1A3E1,ABFLOW033,Oil,,,0.0
Hungary,1993,1A4A,ABFLOW035,Coal,,,0.0
Hungary,1993,1A4A,ABFLOW035,Natural gas,,,0.0
Hungary,1993,1A4A,ABFLOW035,Oil,,,0.0
Hungary,1993,1A4B,ABFLOW034,Coal,,,0.0
Hungary,1993,1A4B,ABFLOW034,Natural gas,,,0.0
Hungary,1993,1A4B,ABFLOW034,Oil,,,0.0
Hungary,1993,1A4C1,ABFLOW036,Coal,,,0.0
Hungary,1993,1A4C1,ABFLOW036,Natural gas,,,0.0
Hungary,1993,1A4C1,ABFLOW036,Oil,,,0.0
Hungary,1993,1A4C2,ABFLOW037,Coal,,,0.0
Hungary,1993,1A4C2,ABFLOW037,Natural gas,,,0.0
Hungary,1993,1A4C2,ABFLOW037,Oil,,,0.0
Hungary,1993,1A5,ABFLOW038,Coal,,,0.0
Hungary,1993,1A5,ABFLOW038,Natural gas,,,0.0
Hungary,1993,1A5,ABFLOW038,Oil,,,0.0
Hungary,1994,1A,ABFLOW001,Coal,,,0.0
Hungary,1994,1A,ABFLOW001,Natural gas,,,0.0
Hungary,1994,1A,ABFLOW001,Oil,,,0.0
Hungary,1994,1A1A,ABFLOW002,Coal,,,0.0
Hungary,1994,1A1A,ABFLOW002,Natural gas,,,0.0
Hungary,1994,1A1A,ABFLOW002,Oil,,,0.0
Hungary,1994,1A1A1,ABFLOW003,Coal,,,0.0
Hungary,1994,1A1A1,ABFLOW003,Natural gas,,,0.0
Hungary,1994,1A1A1,ABFLOW003,Oil,,,0.0
Hungary,1994,1A1A2,ABFLOW004,Coal,,,0.0
Hungary,1994,1A1A2,ABFLOW004,Natural gas,,,0.0
Hungary,1994,1A1A2,ABFLOW004,Oil,,,0.0
Hungary,1994,1A1A3,ABFLOW005,Coal,,,0.0
Hungary,1994,1A1A3,ABFLOW005,Natural gas,,,0.0
Hungary,1994,1A1A3,ABFLOW005,Oil,,,0.0
Hungary,1994,1A1B,ABFLOW011,Coal,,,0.0
Hungary,1994,1A1B,ABFLOW011,Natural gas,,,0.0
Hungary,1994,1A1B,ABFLOW011,Oil,,,0.0
Hungary,1994,1A1C,ABFLOW011,Coal,,,0.0
Hungary,1994,1A1C,ABFLOW011,Natural gas,,,0.0
Hungary,1994,1A1C,ABFLOW011,Oil,,,0.0
Hungary,1994,1A2,ABFLOW012,Coal,,,0.0
Hungary,1994,1A2,ABFLOW012,Natural gas,,,0.0
Hungary,1994,1A2,ABFLOW012,Oil,,,0.0
Hungary,1994,1A2A,ABFLOW016,Coal,,,0.0
Hungary,1994,1A2A,ABFLOW016,Natural gas,,,0.0
Hungary,1994,1A2A,ABFLOW016,Oil,,,0.0
Hungary,1994,1A2B,ABFLOW018,Coal,,,0.0
Hungary,1994,1A2B,ABFLOW018,Natural gas,,,0.0
Hungary,1994,1A2B,ABFLOW018,Oil,,,0.0
Hungary,1994,1A2C,ABFLOW017,Coal,,,0.0
Hungary,1994,1A2C,ABFLOW017,Natural gas,,,0.0
Hungary,1994,1A2C,ABFLOW017,Oil,,,0.0
Hungary,1994,1A2D,ABFLOW023,Coal,,,0.0
Hungary,1994,1A2D,ABFLOW023,Natural gas,,,0.0
Hungary,1994,1A2D,ABFLOW023,Oil,,,0.0
Hungary,1994,1A2E,ABFLOW022,Coal,,,0.0
Hungary,1994,1A2E,ABFLOW022,Natural gas,,,0.0
Hungary,1994,1A2E,ABFLOW022,Oil,,,0.0
Hungary,1994,1A2F,ABFLOW019,Coal,,,0.0
Hungary,1994,1A2F,ABFLOW019,Natural gas,,,0.0
Hungary,1994,1A2F,ABFLOW019,Oil,,,0.0
Hungary,1994,1A2G,ABFLOW020,Coal,,,0.0
Hungary,1994,1A2G,ABFLOW020,Natural gas,,,0.0
Hungary,1994,1A2G,ABFLOW020,Oil,,,0.0
Hungary,1994,1A2H,ABFLOW021,Coal,,,0.0
Hungary,1994,1A2H,ABFLOW021,Natural gas,,,0.0
Hungary,1994,1A2H,ABFLOW021,Oil,,,0.0
Hungary,1994,1A2I,ABFLOW013,Coal,,,0.0
Hungary,1994,1A2I,ABFLOW013,Natural gas,,,0.0
Hungary,1994,1A2I,ABFLOW013,Oil,,,0.0
Hungary,1994,1A2J,ABFLOW024,Coal,,,0.0
Hungary,1994,1A2J,ABFLOW024,Natural gas,,,0.0
Hungary,1994,1A2J,ABFLOW024,Oil,,,0.0
Hungary,1994,1A2K,ABFLOW014,Coal,,,0.0
Hungary,1994,1A2K,ABFLOW014,Natural gas,,,0.0
Hungary,1994,1A2K,ABFLOW014,Oil,,,0.0
Hungary,1994,1A2L,ABFLOW025,Coal,,,0.0
Hungary,1994,1A2L,ABFLOW025,Natural gas,,,0.0
Hungary,1994,1A2L,ABFLOW025,Oil,,,0.0
Hungary,1994,1A2M,ABFLOW026,Coal,,,0.0
Hungary,1994,1A2M,ABFLOW026,Natural gas,,,0.0
Hungary,1994,1A2M,ABFLOW026,Oil,,,0.0
Hungary,1994,1A3,ABFLOW027,Coal,,,0.0
Hungary,1994,1A3,ABFLOW027,Natural gas,,,0.0
Hungary,1994,1A3,ABFLOW027,Oil,,,0.0
Hungary,1994,1A3A1,ABFLOW040,Coal,,,0.0
Hungary,1994,1A3A1,ABFLOW040,Natural gas,,,0.0
Hungary,1994,1A3A1,ABFLOW040,Oil,,,0.0
Hungary,1994,1A3A2,ABFLOW029,Coal,,,0.0
Hungary,1994,1A3A2,ABFLOW029,Natural gas,,,0.0
Hungary,1994,1A3A2,ABFLOW029,Oil,,,0.0
Hungary,1994,1A3B,ABFLOW028,Coal,,,0.0
Hungary,1994,1A3B,ABFLOW028,Natural gas,,,0.0
Hungary,1994,1A3B,ABFLOW028,Oil,,,0.0
Hungary,1994,1A3C,ABFLOW030,Coal,,,0.0
Hungary,1994,1A3C,ABFLOW030,Natural gas,,,0.0
Hungary,1994,1A3C,ABFLOW030,Oil,,,0.0
Hungary,1994,1A3D1,ABFLOW039,Coal,,,0.0
Hungary,1994,1A3D1,ABFLOW039,Natural gas,,,0.0
Hungary,1994,1A3D1,ABFLOW039,Oil,,,0.0
Hungary,1994,1A3D2,ABFLOW032,Coal,,,0.0
Hungary,1994,1A3D2,ABFLOW032,Natural gas,,,0.0
Hungary,1994,1A3D2,ABFLOW032,Oil,,,0.0
Hungary,1994,1A3E1,ABFLOW033,Coal,,,0.0
Hungary,1994,1A3E1,ABFLOW033,Natural gas,,,0.0
Hungary,1994,1A3E1,ABFLOW033,Oil,,,0.0
Hungary,1994,1A4A,ABFLOW035,Coal,,,0.0
Hungary,1994,1A4A,ABFLOW035,Natural gas,,,0.0
Hungary,1994,1A4A,ABFLOW035,Oil,,,0.0
Hungary,1994,1A4B,ABFLOW034,Coal,,,0.0
Hungary,1994,1A4B,ABFLOW034,Natural gas,,,0.0
Hungary,1994,1A4B,ABFLOW034,Oil,,,0.0
Hungary,1994,1A4C1,ABFLOW036,Coal,,,0.0
Hungary,1994,1A4C1,ABFLOW036,Natural gas,,,0.0
Hungary,1994,1A4C1,ABFLOW036,Oil,,,0.0
Hungary,1994,1A4C2,ABFLOW037,Coal,,,0.0
Hungary,1994,1A4C2,ABFLOW037,Natural gas,,,0.0
Hungary,1994,1A4C2,ABFLOW037,Oil,,,0.0
Hungary,1994,1A5,ABFLOW038,Coal,,,0.0
Hungary,1994,1A5,ABFLOW038,Natural gas,,,0.0
Hungary,1994,1A5,ABFLOW038,Oil,,,0.0
Hungary,1995,1A,ABFLOW001,Coal,,,0.0
Hungary,1995,1A,ABFLOW001,Natural gas,,,0.0
Hungary,1995,1A,ABFLOW001,Oil,,,0.0
Hungary,1995,1A1A,ABFLOW002,Coal,,,0.0
Hungary,1995,1A1A,ABFLOW002,Natural gas,,,0.0
Hungary,1995,1A1A,ABFLOW002,Oil,,,0.0
Hungary,1995,1A1A1,ABFLOW003,Coal,,,0.0
Hungary,1995,1A1A1,ABFLOW003,Natural gas,,,0.0
Hungary,1995,1A1A1,ABFLOW003,Oil,,,0.0
Hungary,1995,1A1A2,ABFLOW004,Coal,,,0.0
Hungary,1995,1A1A2,ABFLOW004,Natural gas,,,0.0
Hungary,1995,1A1A2,ABFLOW004,Oil,,,0.0
Hungary,1995,1A1A3,ABFLOW005,Coal,,,0.0
Hungary,1995,1A1A3,ABFLOW005,Natural gas,,,0.0
Hungary,1995,1A1A3,ABFLOW005,Oil,,,0.0
Hungary,1995,1A1B,ABFLOW011,Coal,,,0.0
Hungary,1995,1A1B,ABFLOW011,Natural gas,,,0.0
Hungary,1995,1A1B,ABFLOW011,Oil,,,0.0
Hungary,1995,1A1C,ABFLOW011,Coal,,,0.0
Hungary,1995,1A1C,ABFLOW011,Natural gas,,,0.0
Hungary,1995,1A1C,ABFLOW011,Oil,,,0.0
Hungary,1995,1A2,ABFLOW012,Coal,,,0.0
Hungary,1995,1A2,ABFLOW012,Natural gas,,,0.0
Hungary,1995,1A2,ABFLOW012,Oil,,,0.0
Hungary,1995,1A2A,ABFLOW016,Coal,,,0.0
Hungary,1995,1A2A,ABFLOW016,Natural gas,,,0.0
Hungary,1995,1A2A,ABFLOW016,Oil,,,0.0
Hungary,1995,1A2B,ABFLOW018,Coal,,,0.0
Hungary,1995,1A2B,ABFLOW018,Natural gas,,,0.0
Hungary,1995,1A2B,ABFLOW018,Oil,,,0.0
Hungary,1995,1A2C,ABFLOW017,Coal,,,0.0
Hungary,1995,1A2C,ABFLOW017,Natural gas,,,0.0
Hungary,1995,1A2C,ABFLOW017,Oil,,,0.0
Hungary,1995,1A2D,ABFLOW023,Coal,,,0.0
Hungary,1995,1A2D,ABFLOW023,Natural gas,,,0.0
Hungary,1995,1A2D,ABFLOW023,Oil,,,0.0
Hungary,1995,1A2E,ABFLOW022,Coal,,,0.0
Hungary,1995,1A2E,ABFLOW022,Natural gas,,,0.0
Hungary,1995,1A2E,ABFLOW022,Oil,,,0.0
Hungary,1995,1A2F,ABFLOW019,Coal,,,0.0
Hungary,1995,1A2F,ABFLOW019,Natural gas,,,0.0
Hungary,1995,1A2F,ABFLOW019,Oil,,,0.0
Hungary,1995,1A2G,ABFLOW020,Coal,,,0.0
Hungary,1995,1A2G,ABFLOW020,Natural gas,,,0.0
Hungary,1995,1A2G,ABFLOW020,Oil,,,0.0
Hungary,1995,1A2H,ABFLOW021,Coal,,,0.0
Hungary,1995,1A2H,ABFLOW021,Natural gas,,,0.0
Hungary,1995,1A2H,ABFLOW021,Oil,,,0.0
Hungary,1995,1A2I,ABFLOW013,Coal,,,0.0
Hungary,1995,1A2I,ABFLOW013,Natural gas,,,0.0
Hungary,1995,1A2I,ABFLOW013,Oil,,,0.0
Hungary,1995,1A2J,ABFLOW024,Coal,,,0.0
Hungary,1995,1A2J,ABFLOW024,Natural gas,,,0.0
Hungary,1995,1A2J,ABFLOW024,Oil,,,0.0
Hungary,1995,1A2K,ABFLOW014,Coal,,,0.0
Hungary,1995,1A2K,ABFLOW014,Natural gas,,,0.0
Hungary,1995,1A2K,ABFLOW014,Oil,,,0.0
Hungary,1995,1A2L,ABFLOW025,Coal,,,0.0
Hungary,1995,1A2L,ABFLOW025,Natural gas,,,0.0
Hungary,1995,1A2L,ABFLOW025,Oil,,,0.0
Hungary,1995,1A2M,ABFLOW026,Coal,,,0.0
Hungary,1995,1A2M,ABFLOW026,Natural gas,,,0.0
Hungary,1995,1A2M,ABFLOW026,Oil,,,0.0
Hungary,1995,1A3,ABFLOW027,Coal,,,0.0
Hungary,1995,1A3,ABFLOW027,Natural gas,,,0.0
Hungary,1995,1A3,ABFLOW027,Oil,,,0.0
Hungary,1995,1A3A1,ABFLOW040,Coal,,,0.0
Hungary,1995,1A3A1,ABFLOW040,Natural gas,,,0.0
Hungary,1995,1A3A1,ABFLOW040,Oil,,,0.0
Hungary,1995,1A3A2,ABFLOW029,Coal,,,0.0
Hungary,1995,1A3A2,ABFLOW029,Natural gas,,,0.0
Hungary,1995,1A3A2,ABFLOW029,Oil,,,0.0
Hungary,1995,1A3B,ABFLOW028,Coal,,,0.0
Hungary,1995,1A3B,ABFLOW028,Natural gas,,,0.0
Hungary,1995,1A3B,ABFLOW028,Oil,,,0.0
Hungary,1995,1A3C,ABFLOW030,Coal,,,0.0
Hungary,1995,1A3C,ABFLOW030,Natural gas,,,0.0
Hungary,1995,1A3C,ABFLOW030,Oil,,,0.0
Hungary,1995,1A3D1,ABFLOW039,Coal,,,0.0
Hungary,1995,1A3D1,ABFLOW039,Natural gas,,,0.0
Hungary,1995,1A3D1,ABFLOW039,Oil,,,0.0
Hungary,1995,1A3D2,ABFLOW032,Coal,,,0.0
Hungary,1995,1A3D2,ABFLOW032,Natural gas,,,0.0
Hungary,1995,1A3D2,ABFLOW032,Oil,,,0.0
Hungary,1995,1A3E1,ABFLOW033,Coal,,,0.0
Hungary,1995,1A3E1,ABFLOW033,Natural gas,,,0.0
Hungary,1995,1A3E1,ABFLOW033,Oil,,,0.0
Hungary,1995,1A4A,ABFLOW035,Coal,,,0.0
Hungary,1995,1A4A,ABFLOW035,Natural gas,,,0.0
Hungary,1995,1A4A,ABFLOW035,Oil,,,0.0
Hungary,1995,1A4B,ABFLOW034,Coal,,,0.0
Hungary,1995,1A4B,ABFLOW034,Natural gas,,,0.0
Hungary,1995,1A4B,ABFLOW034,Oil,,,0.0
Hungary,1995,1A4C1,ABFLOW036,Coal,,,0.0
Hungary,1995,1A4C1,ABFLOW036,Natural gas,,,0.0
Hungary,1995,1A4C1,ABFLOW036,Oil,,,0.0
Hungary,1995,1A4C2,ABFLOW037,Coal,,,0.0
Hungary,1995,1A4C2,ABFLOW037,Natural gas,,,0.0
Hungary,1995,1A4C2,ABFLOW037,Oil,,,0.0
Hungary,1995,1A5,ABFLOW038,Coal,,,0.0
Hungary,1995,1A5,ABFLOW038,Natural gas,,,0.0
Hungary,1995,1A5,ABFLOW038,Oil,,,0.0
Hungary,1996,1A,ABFLOW001,Coal,,,0.0
Hungary,1996,1A,ABFLOW001,Natural gas,,,0.0
Hungary,1996,1A,ABFLOW001,Oil,,,0.0
Hungary,1996,1A1A,ABFLOW002,Coal,,,0.0
Hungary,1996,1A1A,ABFLOW002,Natural gas,,,0.0
Hungary,1996,1A1A,ABFLOW002,Oil,,,0.0
Hungary,1996,1A1A1,ABFLOW003,Coal,,,0.0
Hungary,1996,1A1A1,ABFLOW003,Natural gas,,,0.0
Hungary,1996,1A1A1,ABFLOW003,Oil,,,0.0
Hungary,1996,1A1A2,ABFLOW004,Coal,,,0.0
Hungary,1996,1A1A2,ABFLOW004,Natural gas,,,0.0
Hungary,1996,1A1A2,ABFLOW004,Oil,,,0.0
Hungary,1996,1A1A3,ABFLOW005,Coal,,,0.0
Hungary,1996,1A1A3,ABFLOW005,Natural gas,,,0.0
Hungary,1996,1A1A3,ABFLOW005,Oil,,,0.0
Hungary,1996,1A1B,ABFLOW011,Coal,,,0.0
Hungary,1996,1A1B,ABFLOW011,Natural gas,,,0.0
Hungary,1996,1A1B,ABFLOW011,Oil,,,0.0
Hungary,1996,1A1C,ABFLOW011,Coal,,,0.0
Hungary,1996,1A1C,ABFLOW011,Natural gas,,,0.0
Hungary,1996,1A1C,ABFLOW011,Oil,,,0.0
Hungary,1996,1A2,ABFLOW012,Coal,,,0.0
Hungary,1996,1A2,ABFLOW012,Natural gas,,,0.0
Hungary,1996,1A2,ABFLOW012,Oil,,,0.0
Hungary,1996,1A2A,ABFLOW016,Coal,,,0.0
Hungary,1996,1A2A,ABFLOW016,Natural gas,,,0.0
Hungary,1996,1A2A,ABFLOW016,Oil,,,0.0
Hungary,1996,1A2B,ABFLOW018,Coal,,,0.0
Hungary,1996,1A2B,ABFLOW018,Natural gas,,,0.0
Hungary,1996,1A2B,ABFLOW018,Oil,,,0.0
Hungary,1996,1A2C,ABFLOW017,Coal,,,0.0
Hungary,1996,1A2C,ABFLOW017,Natural gas,,,0.0
Hungary,1996,1A2C,ABFLOW017,Oil,,,0.0
Hungary,1996,1A2D,ABFLOW023,Coal,,,0.0
Hungary,1996,1A2D,ABFLOW023,Natural gas,,,0.0
Hungary,1996,1A2D,ABFLOW023,Oil,,,0.0
Hungary,1996,1A2E,ABFLOW022,Coal,,,0.0
Hungary,1996,1A2E,ABFLOW022,Natural gas,,,0.0
Hungary,1996,1A2E,ABFLOW022,Oil,,,0.0
Hungary,1996,1A2F,ABFLOW019,Coal,,,0.0
Hungary,1996,1A2F,ABFLOW019,Natural gas,,,0.0
Hungary,1996,1A2F,ABFLOW019,Oil,,,0.0
Hungary,1996,1A2G,ABFLOW020,Coal,,,0.0
Hungary,1996,1A2G,ABFLOW020,Natural gas,,,0.0
Hungary,1996,1A2G,ABFLOW020,Oil,,,0.0
Hungary,1996,1A2H,ABFLOW021,Coal,,,0.0
Hungary,1996,1A2H,ABFLOW021,Natural gas,,,0.0
Hungary,1996,1A2H,ABFLOW021,Oil,,,0.0
Hungary,1996,1A2I,ABFLOW013,Coal,,,0.0
Hungary,1996,1A2I,ABFLOW013,Natural gas,,,0.0
Hungary,1996,1A2I,ABFLOW013,Oil,,,0.0
Hungary,1996,1A2J,ABFLOW024,Coal,,,0.0
Hungary,1996,1A2J,ABFLOW024,Natural gas,,,0.0
Hungary,1996,1A2J,ABFLOW024,Oil,,,0.0
Hungary,1996,1A2K,ABFLOW014,Coal,,,0.0
Hungary,1996,1A2K,ABFLOW014,Natural gas,,,0.0
Hungary,1996,1A2K,ABFLOW014,Oil,,,0.0
Hungary,1996,1A2L,ABFLOW025,Coal,,,0.0
Hungary,1996,1A2L,ABFLOW025,Natural gas,,,0.0
Hungary,1996,1A2L,ABFLOW025,Oil,,,0.0
Hungary,1996,1A2M,ABFLOW026,Coal,,,0.0
Hungary,1996,1A2M,ABFLOW026,Natural gas,,,0.0
Hungary,1996,1A2M,ABFLOW026,Oil,,,0.0
Hungary,1996,1A3,ABFLOW027,Coal,,,0.0
Hungary,1996,1A3,ABFLOW027,Natural gas,,,0.0
Hungary,1996,1A3,ABFLOW027,Oil,,,0.0
Hungary,1996,1A3A1,ABFLOW040,Coal,,,0.0
Hungary,1996,1A3A1,ABFLOW040,Natural gas,,,0.0
Hungary,1996,1A3A1,ABFLOW040,Oil,,,0.0
Hungary,1996,1A3A2,ABFLOW029,Coal,,,0.0
Hungary,1996,1A3A2,ABFLOW029,Natural gas,,,0.0
Hungary,1996,1A3A2,ABFLOW029,Oil,,,0.0
Hungary,1996,1A3B,ABFLOW028,Coal,,,0.0
Hungary,1996,1A3B,ABFLOW028,Natural gas,,,0.0
Hungary,1996,1A3B,ABFLOW028,Oil,,,0.0
Hungary,1996,1A3C,ABFLOW030,Coal,,,0.0
Hungary,1996,1A3C,ABFLOW030,Natural gas,,,0.0
Hungary,1996,1A3C,ABFLOW030,Oil,,,0.0
Hungary,1996,1A3D1,ABFLOW039,Coal,,,0.0
Hungary,1996,1A3D1,ABFLOW039,Natural gas,,,0.0
Hungary,1996,1A3D1,ABFLOW039,Oil,,,0.0
Hungary,1996,1A3D2,ABFLOW032,Coal,,,0.0
Hungary,1996,1A3D2,ABFLOW032,Natural gas,,,0.0
Hungary,1996,1A3D2,ABFLOW032,Oil,,,0.0
Hungary,1996,1A3E1,ABFLOW033,Coal,,,0.0
Hungary,1996,1A3E1,ABFLOW033,Natural gas,,,0.0
Hungary,1996,1A3E1,ABFLOW033,Oil,,,0.0
Hungary,1996,1A4A,ABFLOW035,Coal,,,0.0
Hungary,1996,1A4A,ABFLOW035,Natural gas,,,0.0
Hungary,1996,1A4A,ABFLOW035,Oil,,,0.0
Hungary,1996,1A4B,ABFLOW034,Coal,,,0.0
Hungary,1996,1A4B,ABFLOW034,Natural gas,,,0.0
Hungary,1996,1A4B,ABFLOW034,Oil,,,0.0
Hungary,1996,1A4C1,ABFLOW036,Coal,,,0.0
Hungary,1996,1A4C1,ABFLOW036,Natural gas,,,0.0
Hungary,1996,1A4C1,ABFLOW036,Oil,,,0.0
Hungary,1996,1A4C2,ABFLOW037,Coal,,,0.0
Hungary,1996,1A4C2,ABFLOW037,Natural gas,,,0.0
Hungary,1996,1A4C2,ABFLOW037,Oil,,,0.0
Hungary,1996,1A5,ABFLOW038,Coal,,,0.0
Hungary,1996,1A5,ABFLOW038,Natural gas,,,0.0
Hungary,1996,1A5,ABFLOW038,Oil,,,0.0
Hungary,1997,1A,ABFLOW001,Coal,,,0.0
Hungary,1997,1A,ABFLOW001,Natural gas,,,0.0
Hungary,1997,1A,ABFLOW001,Oil,,,0.0
Hungary,1997,1A1A,ABFLOW002,Coal,,,0.0
Hungary,1997,1A1A,ABFLOW002,Natural gas,,,0.0
Hungary,1997,1A1A,ABFLOW002,Oil,,,0.0
Hungary,1997,1A1A1,ABFLOW003,Coal,,,0.0
Hungary,1997,1A1A1,ABFLOW003,Natural gas,,,0.0
Hungary,1997,1A1A1,ABFLOW003,Oil,,,0.0
Hungary,1997,1A1A2,ABFLOW004,Coal,,,0.0
Hungary,1997,1A1A2,ABFLOW004,Natural gas,,,0.0
Hungary,1997,1A1A2,ABFLOW004,Oil,,,0.0
Hungary,1997,1A1A3,ABFLOW005,Coal,,,0.0
Hungary,1997,1A1A3,ABFLOW005,Natural gas,,,0.0
Hungary,1997,1A1A3,ABFLOW005,Oil,,,0.0
Hungary,1997,1A1B,ABFLOW011,Coal,,,0.0
Hungary,1997,1A1B,ABFLOW011,Natural gas,,,0.0
Hungary,1997,1A1B,ABFLOW011,Oil,,,0.0
Hungary,1997,1A1C,ABFLOW011,Coal,,,0.0
Hungary,1997,1A1C,ABFLOW011,Natural gas,,,0.0
Hungary,1997,1A1C,ABFLOW011,Oil,,,0.0
Hungary,1997,1A2,ABFLOW012,Coal,,,0.0
Hungary,1997,1A2,ABFLOW012,Natural gas,,,0.0
Hungary,1997,1A2,ABFLOW012,Oil,,,0.0
Hungary,1997,1A2A,ABFLOW016,Coal,,,0.0
Hungary,1997,1A2A,ABFLOW016,Natural gas,,,0.0
Hungary,1997,1A2A,ABFLOW016,Oil,,,0.0
Hungary,1997,1A2B,ABFLOW018,Coal,,,0.0
Hungary,1997,1A2B,ABFLOW018,Natural gas,,,0.0
Hungary,1997,1A2B,ABFLOW018,Oil,,,0.0
Hungary,1997,1A2C,ABFLOW017,Coal,,,0.0
Hungary,1997,1A2C,ABFLOW017,Natural gas,,,0.0
Hungary,1997,1A2C,ABFLOW017,Oil,,,0.0
Hungary,1997,1A2D,ABFLOW023,Coal,,,0.0
Hungary,1997,1A2D,ABFLOW023,Natural gas,,,0.0
Hungary,1997,1A2D,ABFLOW023,Oil,,,0.0
Hungary,1997,1A2E,ABFLOW022,Coal,,,0.0
Hungary,1997,1A2E,ABFLOW022,Natural gas,,,0.0
Hungary,1997,1A2E,ABFLOW022,Oil,,,0.0
Hungary,1997,1A2F,ABFLOW019,Coal,,,0.0
Hungary,1997,1A2F,ABFLOW019,Natural gas,,,0.0
Hungary,1997,1A2F,ABFLOW019,Oil,,,0.0
Hungary,1997,1A2G,ABFLOW020,Coal,,,0.0
Hungary,1997,1A2G,ABFLOW020,Natural gas,,,0.0
Hungary,1997,1A2G,ABFLOW020,Oil,,,0.0
Hungary,1997,1A2H,ABFLOW021,Coal,,,0.0
Hungary,1997,1A2H,ABFLOW021,Natural gas,,,0.0
Hungary,1997,1A2H,ABFLOW021,Oil,,,0.0
Hungary,1997,1A2I,ABFLOW013,Coal,,,0.0
Hungary,1997,1A2I,ABFLOW013,Natural gas,,,0.0
Hungary,1997,1A2I,ABFLOW013,Oil,,,0.0
Hungary,1997,1A2J,ABFLOW024,Coal,,,0.0
Hungary,1997,1A2J,ABFLOW024,Natural gas,,,0.0
Hungary,1997,1A2J,ABFLOW024,Oil,,,0.0
Hungary,1997,1A2K,ABFLOW014,Coal,,,0.0
Hungary,1997,1A2K,ABFLOW014,Natural gas,,,0.0
Hungary,1997,1A2K,ABFLOW014,Oil,,,0.0
Hungary,1997,1A2L,ABFLOW025,Coal,,,0.0
Hungary,1997,1A2L,ABFLOW025,Natural gas,,,0.0
Hungary,1997,1A2L,ABFLOW025,Oil,,,0.0
Hungary,1997,1A2M,ABFLOW026,Coal,,,0.0
Hungary,1997,1A2M,ABFLOW026,Natural gas,,,0.0
Hungary,1997,1A2M,ABFLOW026,Oil,,,0.0
Hungary,1997,1A3,ABFLOW027,Coal,,,0.0
Hungary,1997,1A3,ABFLOW027,Natural gas,,,0.0
Hungary,1997,1A3,ABFLOW027,Oil,,,0.0
Hungary,1997,1A3A1,ABFLOW040,Coal,,,0.0
Hungary,1997,1A3A1,ABFLOW040,Natural gas,,,0.0
Hungary,1997,1A3A1,ABFLOW040,Oil,,,0.0
Hungary,1997,1A3A2,ABFLOW029,Coal,,,0.0
Hungary,1997,1A3A2,ABFLOW029,Natural gas,,,0.0
Hungary,1997,1A3A2,ABFLOW029,Oil,,,0.0
Hungary,1997,1A3B,ABFLOW028,Coal,,,0.0
Hungary,1997,1A3B,ABFLOW028,Natural gas,,,0.0
Hungary,1997,1A3B,ABFLOW028,Oil,,,0.0
Hungary,1997,1A3C,ABFLOW030,Coal,,,0.0
Hungary,1997,1A3C,ABFLOW030,Natural gas,,,0.0
Hungary,1997,1A3C,ABFLOW030,Oil,,,0.0
Hungary,1997,1A3D1,ABFLOW039,Coal,,,0.0
Hungary,1997,1A3D1,ABFLOW039,Natural gas,,,0.0
Hungary,1997,1A3D1,ABFLOW039,Oil,,,0.0
Hungary,1997,1A3D2,ABFLOW032,Coal,,,0.0
Hungary,1997,1A3D2,ABFLOW032,Natural gas,,,0.0
Hungary,1997,1A3D2,ABFLOW032,Oil,,,0.0
Hungary,1997,1A3E1,ABFLOW033,Coal,,,0.0
Hungary,1997,1A3E1,ABFLOW033,Natural gas,,,0.0
Hungary,1997,1A3E1,ABFLOW033,Oil,,,0.0
Hungary,1997,1A4A,ABFLOW035,Coal,,,0.0
Hungary,1997,1A4A,ABFLOW035,Natural gas,,,0.0
Hungary,1997,1A4A,ABFLOW035,Oil,,,0.0
Hungary,1997,1A4B,ABFLOW034,Coal,,,0.0
Hungary,1997,1A4B,ABFLOW034,Natural gas,,,0.0
Hungary,1997,1A4B,ABFLOW034,Oil,,,0.0
Hungary,1997,1A4C1,ABFLOW036,Coal,,,0.0
Hungary,1997,1A4C1,ABFLOW036,Natural gas,,,0.0
Hungary,1997,1A4C1,ABFLOW036,Oil,,,0.0
Hungary,1997,1A4C2,ABFLOW037,Coal,,,0.0
Hungary,1997,1A4C2,ABFLOW037,Natural gas,,,0.0
Hungary,1997,1A4C2,ABFLOW037,Oil,,,0.0
Hungary,1997,1A5,ABFLOW038,Coal,,,0.0
Hungary,1997,1A5,ABFLOW038,Natural gas,,,0.0
Hungary,1997,1A5,ABFLOW038,Oil,,,0.0
Hungary,1998,1A,ABFLOW001,Coal,,,0.0
Hungary,1998,1A,ABFLOW001,Natural gas,,,0.0
Hungary,1998,1A,ABFLOW001,Oil,,,0.0
Hungary,1998,1A1A,ABFLOW002,Coal,,,0.0
Hungary,1998,1A1A,ABFLOW002,Natural gas,,,0.0
Hungary,1998,1A1A,ABFLOW002,Oil,,,0.0
Hungary,1998,1A1A1,ABFLOW003,Coal,,,0.0
Hungary,1998,1A1A1,ABFLOW003,Natural gas,,,0.0
Hungary,1998,1A1A1,ABFLOW003,Oil,,,0.0
Hungary,1998,1A1A2,ABFLOW004,Coal,,,0.0
Hungary,1998,1A1A2,ABFLOW004,Natural gas,,,0.0
Hungary,1998,1A1A2,ABFLOW004,Oil,,,0.0
Hungary,1998,1A1A3,ABFLOW005,Coal,,,0.0
Hungary,1998,1A1A3,ABFLOW005,Natural gas,,,0.0
Hungary,1998,1A1A3,ABFLOW005,Oil,,,0.0
Hungary,1998,1A1B,ABFLOW011,Coal,,,0.0
Hungary,1998,1A1B,ABFLOW011,Natural gas,,,0.0
Hungary,1998,1A1B,ABFLOW011,Oil,,,0.0
Hungary,1998,1A1C,ABFLOW011,Coal,,,0.0
Hungary,1998,1A1C,ABFLOW011,Natural gas,,,0.0
Hungary,1998,1A1C,ABFLOW011,Oil,,,0.0
Hungary,1998,1A2,ABFLOW012,Coal,,,0.0
Hungary,1998,1A2,ABFLOW012,Natural gas,,,0.0
Hungary,1998,1A2,ABFLOW012,Oil,,,0.0
Hungary,1998,1A2A,ABFLOW016,Coal,,,0.0
Hungary,1998,1A2A,ABFLOW016,Natural gas,,,0.0
Hungary,1998,1A2A,ABFLOW016,Oil,,,0.0
Hungary,1998,1A2B,ABFLOW018,Coal,,,0.0
Hungary,1998,1A2B,ABFLOW018,Natural gas,,,0.0
Hungary,1998,1A2B,ABFLOW018,Oil,,,0.0
Hungary,1998,1A2C,ABFLOW017,Coal,,,0.0
Hungary,1998,1A2C,ABFLOW017,Natural gas,,,0.0
Hungary,1998,1A2C,ABFLOW017,Oil,,,0.0
Hungary,1998,1A2D,ABFLOW023,Coal,,,0.0
Hungary,1998,1A2D,ABFLOW023,Natural gas,,,0.0
Hungary,1998,1A2D,ABFLOW023,Oil,,,0.0
Hungary,1998,1A2E,ABFLOW022,Coal,,,0.0
Hungary,1998,1A2E,ABFLOW022,Natural gas,,,0.0
Hungary,1998,1A2E,ABFLOW022,Oil,,,0.0
Hungary,1998,1A2F,ABFLOW019,Coal,,,0.0
Hungary,1998,1A2F,ABFLOW019,Natural gas,,,0.0
Hungary,1998,1A2F,ABFLOW019,Oil,,,0.0
Hungary,1998,1A2G,ABFLOW020,Coal,,,0.0
Hungary,1998,1A2G,ABFLOW020,Natural gas,,,0.0
Hungary,1998,1A2G,ABFLOW020,Oil,,,0.0
Hungary,1998,1A2H,ABFLOW021,Coal,,,0.0
Hungary,1998,1A2H,ABFLOW021,Natural gas,,,0.0
Hungary,1998,1A2H,ABFLOW021,Oil,,,0.0
Hungary,1998,1A2I,ABFLOW013,Coal,,,0.0
Hungary,1998,1A2I,ABFLOW013,Natural gas,,,0.0
Hungary,1998,1A2I,ABFLOW013,Oil,,,0.0
Hungary,1998,1A2J,ABFLOW024,Coal,,,0.0
Hungary,1998,1A2J,ABFLOW024,Natural gas,,,0.0
Hungary,1998,1A2J,ABFLOW024,Oil,,,0.0
Hungary,1998,1A2K,ABFLOW014,Coal,,,0.0
Hungary,1998,1A2K,ABFLOW014,Natural gas,,,0.0
Hungary,1998,1A2K,ABFLOW014,Oil,,,0.0
Hungary,1998,1A2L,ABFLOW025,Coal,,,0.0
Hungary,1998,1A2L,ABFLOW025,Natural gas,,,0.0
Hungary,1998,1A2L,ABFLOW025,Oil,,,0.0
Hungary,1998,1A2M,ABFLOW026,Coal,,,0.0
Hungary,1998,1A2M,ABFLOW026,Natural gas,,,0.0
Hungary,1998,1A2M,ABFLOW026,Oil,,,0.0
Hungary,1998,1A3,ABFLOW027,Coal,,,0.0
Hungary,1998,1A3,ABFLOW027,Natural gas,,,0.0
Hungary,1998,1A3,ABFLOW027,Oil,,,0.0
Hungary,1998,1A3A1,ABFLOW040,Coal,,,0.0
Hungary,1998,1A3A1,ABFLOW040,Natural gas,,,0.0
Hungary,1998,1A3A1,ABFLOW040,Oil,,,0.0
Hungary,1998,1A3A2,ABFLOW029,Coal,,,0.0
Hungary,1998,1A3A2,ABFLOW029,Natural gas,,,0.0
Hungary,1998,1A3A2,ABFLOW029,Oil,,,0.0
Hungary,1998,1A3B,ABFLOW028,Coal,,,0.0
Hungary,1998,1A3B,ABFLOW028,Natural gas,,,0.0
Hungary,1998,1A3B,ABFLOW028,Oil,,,0.0
Hungary,1998,1A3C,ABFLOW030,Coal,,,0.0
Hungary,1998,1A3C,ABFLOW030,Natural gas,,,0.0
Hungary,1998,1A3C,ABFLOW030,Oil,,,0.0
Hungary,1998,1A3D1,ABFLOW039,Coal,,,0.0
Hungary,1998,1A3D1,ABFLOW039,Natural gas,,,0.0
Hungary,1998,1A3D1,ABFLOW039,Oil,,,0.0
Hungary,1998,1A3D2,ABFLOW032,Coal,,,0.0
Hungary,1998,1A3D2,ABFLOW032,Natural gas,,,0.0
Hungary,1998,1A3D2,ABFLOW032,Oil,,,0.0
Hungary,1998,1A3E1,ABFLOW033,Coal,,,0.0
Hungary,1998,1A3E1,ABFLOW033,Natural gas,,,0.0
Hungary,1998,1A3E1,ABFLOW033,Oil,,,0.0
Hungary,1998,1A4A,ABFLOW035,Coal,,,0.0
Hungary,1998,1A4A,ABFLOW035,Natural gas,,,0.0
Hungary,1998,1A4A,ABFLOW035,Oil,,,0.0
Hungary,1998,1A4B,ABFLOW034,Coal,,,0.0
Hungary,1998,1A4B,ABFLOW034,Natural gas,,,0.0
Hungary,1998,1A4B,ABFLOW034,Oil,,,0.0
Hungary,1998,1A4C1,ABFLOW036,Coal,,,0.0
Hungary,1998,1A4C1,ABFLOW036,Natural gas,,,0.0
Hungary,1998,1A4C1,ABFLOW036,Oil,,,0.0
Hungary,1998,1A4C2,ABFLOW037,Coal,,,0.0
Hungary,1998,1A4C2,ABFLOW037,Natural gas,,,0.0
Hungary,1998,1A4C2,ABFLOW037,Oil,,,0.0
Hungary,1998,1A5,ABFLOW038,Coal,,,0.0
Hungary,1998,1A5,ABFLOW038,Natural gas,,,0.0
Hungary,1998,1A5,ABFLOW038,Oil,,,0.0
Hungary,1999,1A,ABFLOW001,Coal,,,0.0
Hungary,1999,1A,ABFLOW001,Natural gas,,,0.0
Hungary,1999,1A,ABFLOW001,Oil,,,0.0
Hungary,1999,1A1A,ABFLOW002,Coal,,,0.0
Hungary,1999,1A1A,ABFLOW002,Natural gas,,,0.0
Hungary,1999,1A1A,ABFLOW002,Oil,,,0.0
Hungary,1999,1A1A1,ABFLOW003,Coal,,,0.0
Hungary,1999,1A1A1,ABFLOW003,Natural gas,,,0.0
Hungary,1999,1A1A1,ABFLOW003,Oil,,,0.0
Hungary,1999,1A1A2,ABFLOW004,Coal,,,0.0
Hungary,1999,1A1A2,ABFLOW004,Natural gas,,,0.0
Hungary,1999,1A1A2,ABFLOW004,Oil,,,0.0
Hungary,1999,1A1A3,ABFLOW005,Coal,,,0.0
Hungary,1999,1A1A3,ABFLOW005,Natural gas,,,0.0
Hungary,1999,1A1A3,ABFLOW005,Oil,,,0.0
Hungary,1999,1A1B,ABFLOW011,Coal,,,0.0
Hungary,1999,1A1B,ABFLOW011,Natural gas,,,0.0
Hungary,1999,1A1B,ABFLOW011,Oil,,,0.0
Hungary,1999,1A1C,ABFLOW011,Coal,,,0.0
Hungary,1999,1A1C,ABFLOW011,Natural gas,,,0.0
Hungary,1999,1A1C,ABFLOW011,Oil,,,0.0
Hungary,1999,1A2,ABFLOW012,Coal,,,0.0
Hungary,1999,1A2,ABFLOW012,Natural gas,,,0.0
Hungary,1999,1A2,ABFLOW012,Oil,,,0.0
Hungary,1999,1A2A,ABFLOW016,Coal,,,0.0
Hungary,1999,1A2A,ABFLOW016,Natural gas,,,0.0
Hungary,1999,1A2A,ABFLOW016,Oil,,,0.0
Hungary,1999,1A2B,ABFLOW018,Coal,,,0.0
Hungary,1999,1A2B,ABFLOW018,Natural gas,,,0.0
Hungary,1999,1A2B,ABFLOW018,Oil,,,0.0
Hungary,1999,1A2C,ABFLOW017,Coal,,,0.0
Hungary,1999,1A2C,ABFLOW017,Natural gas,,,0.0
Hungary,1999,1A2C,ABFLOW017,Oil,,,0.0
Hungary,1999,1A2D,ABFLOW023,Coal,,,0.0
Hungary,1999,1A2D,ABFLOW023,Natural gas,,,0.0
Hungary,1999,1A2D,ABFLOW023,Oil,,,0.0
Hungary,1999,1A2E,ABFLOW022,Coal,,,0.0
Hungary,1999,1A2E,ABFLOW022,Natural gas,,,0.0
Hungary,1999,1A2E,ABFLOW022,Oil,,,0.0
Hungary,1999,1A2F,ABFLOW019,Coal,,,0.0
Hungary,1999,1A2F,ABFLOW019,Natural gas,,,0.0
Hungary,1999,1A2F,ABFLOW019,Oil,,,0.0
Hungary,1999,1A2G,ABFLOW020,Coal,,,0.0
Hungary,1999,1A2G,ABFLOW020,Natural gas,,,0.0
Hungary,1999,1A2G,ABFLOW020,Oil,,,0.0
Hungary,1999,1A2H,ABFLOW021,Coal,,,0.0
Hungary,1999,1A2H,ABFLOW021,Natural gas,,,0.0
Hungary,1999,1A2H,ABFLOW021,Oil,,,0.0
Hungary,1999,1A2I,ABFLOW013,Coal,,,0.0
Hungary,1999,1A2I,ABFLOW013,Natural gas,,,0.0
Hungary,1999,1A2I,ABFLOW013,Oil,,,0.0
Hungary,1999,1A2J,ABFLOW024,Coal,,,0.0
Hungary,1999,1A2J,ABFLOW024,Natural gas,,,0.0
Hungary,1999,1A2J,ABFLOW024,Oil,,,0.0
Hungary,1999,1A2K,ABFLOW014,Coal,,,0.0
Hungary,1999,1A2K,ABFLOW014,Natural gas,,,0.0
Hungary,1999,1A2K,ABFLOW014,Oil,,,0.0
Hungary,1999,1A2L,ABFLOW025,Coal,,,0.0
Hungary,1999,1A2L,ABFLOW025,Natural gas,,,0.0
Hungary,1999,1A2L,ABFLOW025,Oil,,,0.0
Hungary,1999,1A2M,ABFLOW026,Coal,,,0.0
Hungary,1999,1A2M,ABFLOW026,Natural gas,,,0.0
Hungary,1999,1A2M,ABFLOW026,Oil,,,0.0
Hungary,1999,1A3,ABFLOW027,Coal,,,0.0
Hungary,1999,1A3,ABFLOW027,Natural gas,,,0.0
Hungary,1999,1A3,ABFLOW027,Oil,,,0.0
Hungary,1999,1A3A1,ABFLOW040,Coal,,,0.0
Hungary,1999,1A3A1,ABFLOW040,Natural gas,,,0.0
Hungary,1999,1A3A1,ABFLOW040,Oil,,,0.0
Hungary,1999,1A3A2,ABFLOW029,Coal,,,0.0
Hungary,1999,1A3A2,ABFLOW029,Natural gas,,,0.0
Hungary,1999,1A3A2,ABFLOW029,Oil,,,0.0
Hungary,1999,1A3B,ABFLOW028,Coal,,,0.0
Hungary,1999,1A3B,ABFLOW028,Natural gas,,,0.0
Hungary,1999,1A3B,ABFLOW028,Oil,,,0.0
Hungary,1999,1A3C,ABFLOW030,Coal,,,0.0
Hungary,1999,1A3C,ABFLOW030,Natural gas,,,0.0
Hungary,1999,1A3C,ABFLOW030,Oil,,,0.0
Hungary,1999,1A3D1,ABFLOW039,Coal,,,0.0
Hungary,1999,1A3D1,ABFLOW039,Natural gas,,,0.0
Hungary,1999,1A3D1,ABFLOW039,Oil,,,0.0
Hungary,1999,1A3D2,ABFLOW032,Coal,,,0.0
Hungary,1999,1A3D2,ABFLOW032,Natural gas,,,0.0
Hungary,1999,1A3D2,ABFLOW032,Oil,,,0.0
Hungary,1999,1A3E1,ABFLOW033,Coal,,,0.0
Hungary,1999,1A3E1,ABFLOW033,Natural gas,,,0.0
Hungary,1999,1A3E1,ABFLOW033,Oil,,,0.0
Hungary,1999,1A4A,ABFLOW035,Coal,,,0.0
Hungary,1999,1A4A,ABFLOW035,Natural gas,,,0.0
Hungary,1999,1A4A,ABFLOW035,Oil,,,0.0
Hungary,1999,1A4B,ABFLOW034,Coal,,,0.0
Hungary,1999,1A4B,ABFLOW034,Natural gas,,,0.0
Hungary,1999,1A4B,ABFLOW034,Oil,,,0.0
Hungary,1999,1A4C1,ABFLOW036,Coal,,,0.0
Hungary,1999,1A4C1,ABFLOW036,Natural gas,,,0.0
Hungary,1999,1A4C1,ABFLOW036,Oil,,,0.0
Hungary,1999,1A4C2,ABFLOW037,Coal,,,0.0
Hungary,1999,1A4C2,ABFLOW037,Natural gas,,,0.0
Hungary,1999,1A4C2,ABFLOW037,Oil,,,0.0
Hungary,1999,1A5,ABFLOW038,Coal,,,0.0
Hungary,1999,1A5,ABFLOW038,Natural gas,,,0.0
Hungary,1999,1A5,ABFLOW038,Oil,,,0.0
Hungary,2000,1A,ABFLOW001,Coal,,,0.0
Hungary,2000,1A,ABFLOW001,Natural gas,,,0.0
Hungary,2000,1A,ABFLOW001,Oil,,,0.0
Hungary,2000,1A1A,ABFLOW002,Coal,,,0.0
Hungary,2000,1A1A,ABFLOW002,Natural gas,,,0.0
Hungary,2000,1A1A,ABFLOW002,Oil,,,0.0
Hungary,2000,1A1A1,ABFLOW003,Coal,,,0.0
Hungary,2000,1A1A1,ABFLOW003,Natural gas,,,0.0
Hungary,2000,1A1A1,ABFLOW003,Oil,,,0.0
Hungary,2000,1A1A2,ABFLOW004,Coal,,,0.0
Hungary,2000,1A1A2,ABFLOW004,Natural gas,,,0.0
Hungary,2000,1A1A2,ABFLOW004,Oil,,,0.0
Hungary,2000,1A1A3,ABFLOW005,Coal,,,0.0
Hungary,2000,1A1A3,ABFLOW005,Natural gas,,,0.0
Hungary,2000,1A1A3,ABFLOW005,Oil,,,0.0
Hungary,2000,1A1B,ABFLOW011,Coal,,,0.0
Hungary,2000,1A1B,ABFLOW011,Natural gas,,,0.0
Hungary,2000,1A1B,ABFLOW011,Oil,,,0.0
Hungary,2000,1A1C,ABFLOW011,Coal,,,0.0
Hungary,2000,1A1C,ABFLOW011,Natural gas,,,0.0
Hungary,2000,1A1C,ABFLOW011,Oil,,,0.0
Hungary,2000,1A2,ABFLOW012,Coal,,,0.0
Hungary,2000,1A2,ABFLOW012,Natural gas,,,0.0
Hungary,2000,1A2,ABFLOW012,Oil,,,0.0
Hungary,2000,1A2A,ABFLOW016,Coal,,,0.0
Hungary,2000,1A2A,ABFLOW016,Natural gas,,,0.0
Hungary,2000,1A2A,ABFLOW016,Oil,,,0.0
Hungary,2000,1A2B,ABFLOW018,Coal,,,0.0
Hungary,2000,1A2B,ABFLOW018,Natural gas,,,0.0
Hungary,2000,1A2B,ABFLOW018,Oil,,,0.0
Hungary,2000,1A2C,ABFLOW017,Coal,,,0.0
Hungary,2000,1A2C,ABFLOW017,Natural gas,,,0.0
Hungary,2000,1A2C,ABFLOW017,Oil,,,0.0
Hungary,2000,1A2D,ABFLOW023,Coal,,,0.0
Hungary,2000,1A2D,ABFLOW023,Natural gas,,,0.0
Hungary,2000,1A2D,ABFLOW023,Oil,,,0.0
Hungary,2000,1A2E,ABFLOW022,Coal,,,0.0
Hungary,2000,1A2E,ABFLOW022,Natural gas,,,0.0
Hungary,2000,1A2E,ABFLOW022,Oil,,,0.0
Hungary,2000,1A2F,ABFLOW019,Coal,,,0.0
Hungary,2000,1A2F,ABFLOW019,Natural gas,,,0.0
Hungary,2000,1A2F,ABFLOW019,Oil,,,0.0
Hungary,2000,1A2G,ABFLOW020,Coal,,,0.0
Hungary,2000,1A2G,ABFLOW020,Natural gas,,,0.0
Hungary,2000,1A2G,ABFLOW020,Oil,,,0.0
Hungary,2000,1A2H,ABFLOW021,Coal,,,0.0
Hungary,2000,1A2H,ABFLOW021,Natural gas,,,0.0
Hungary,2000,1A2H,ABFLOW021,Oil,,,0.0
Hungary,2000,1A2I,ABFLOW013,Coal,,,0.0
Hungary,2000,1A2I,ABFLOW013,Natural gas,,,0.0
Hungary,2000,1A2I,ABFLOW013,Oil,,,0.0
Hungary,2000,1A2J,ABFLOW024,Coal,,,0.0
Hungary,2000,1A2J,ABFLOW024,Natural gas,,,0.0
Hungary,2000,1A2J,ABFLOW024,Oil,,,0.0
Hungary,2000,1A2K,ABFLOW014,Coal,,,0.0
Hungary,2000,1A2K,ABFLOW014,Natural gas,,,0.0
Hungary,2000,1A2K,ABFLOW014,Oil,,,0.0
Hungary,2000,1A2L,ABFLOW025,Coal,,,0.0
Hungary,2000,1A2L,ABFLOW025,Natural gas,,,0.0
Hungary,2000,1A2L,ABFLOW025,Oil,,,0.0
Hungary,2000,1A2M,ABFLOW026,Coal,,,0.0
Hungary,2000,1A2M,ABFLOW026,Natural gas,,,0.0
Hungary,2000,1A2M,ABFLOW026,Oil,,,0.0
Hungary,2000,1A3,ABFLOW027,Coal,,,0.0
Hungary,2000,1A3,ABFLOW027,Natural gas,,,0.0
Hungary,2000,1A3,ABFLOW027,Oil,,,0.0
Hungary,2000,1A3A1,ABFLOW040,Coal,,,0.0
Hungary,2000,1A3A1,ABFLOW040,Natural gas,,,0.0
Hungary,2000,1A3A1,ABFLOW040,Oil,,,0.0
Hungary,2000,1A3A2,ABFLOW029,Coal,,,0.0
Hungary,2000,1A3A2,ABFLOW029,Natural gas,,,0.0
Hungary,2000,1A3A2,ABFLOW029,Oil,,,0.0
Hungary,2000,1A3B,ABFLOW028,Coal,,,0.0
Hungary,2000,1A3B,ABFLOW028,Natural gas,,,0.0
Hungary,2000,1A3B,ABFLOW028,Oil,,,0.0
Hungary,2000,1A3C,ABFLOW030,Coal,,,0.0
Hungary,2000,1A3C,ABFLOW030,Natural gas,,,0.0
Hungary,2000,1A3C,ABFLOW030,Oil,,,0.0
Hungary,2000,1A3D1,ABFLOW039,Coal,,,0.0
Hungary,2000,1A3D1,ABFLOW039,Natural gas,,,0.0
Hungary,2000,1A3D1,ABFLOW039,Oil,,,0.0
Hungary,2000,1A3D2,ABFLOW032,Coal,,,0.0
Hungary,2000,1A3D2,ABFLOW032,Natural gas,,,0.0
Hungary,2000,1A3D2,ABFLOW032,Oil,,,0.0
Hungary,2000,1A3E1,ABFLOW033,Coal,,,0.0
Hungary,2000,1A3E1,ABFLOW033,Natural gas,,,0.0
Hungary,2000,1A3E1,ABFLOW033,Oil,,,0.0
Hungary,2000,1A4A,ABFLOW035,Coal,,,0.0
Hungary,2000,1A4A,ABFLOW035,Natural gas,,,0.0
Hungary,2000,1A4A,ABFLOW035,Oil,,,0.0
Hungary,2000,1A4B,ABFLOW034,Coal,,,0.0
Hungary,2000,1A4B,ABFLOW034,Natural gas,,,0.0
Hungary,2000,1A4B,ABFLOW034,Oil,,,0.0
Hungary,2000,1A4C1,ABFLOW036,Coal,,,0.0
Hungary,2000,1A4C1,ABFLOW036,Natural gas,,,0.0
Hungary,2000,1A4C1,ABFLOW036,Oil,,,0.0
Hungary,2000,1A4C2,ABFLOW037,Coal,,,0.0
Hungary,2000,1A4C2,ABFLOW037,Natural gas,,,0.0
Hungary,2000,1A4C2,ABFLOW037,Oil,,,0.0
Hungary,2000,1A5,ABFLOW038,Coal,,,0.0
Hungary,2000,1A5,ABFLOW038,Natural gas,,,0.0
Hungary,2000,1A5,ABFLOW038,Oil,,,0.0
Hungary,2001,1A,ABFLOW001,Coal,,,0.0
Hungary,2001,1A,ABFLOW001,Natural gas,,,0.0
Hungary,2001,1A,ABFLOW001,Oil,,,0.0
Hungary,2001,1A1A,ABFLOW002,Coal,,,0.0
Hungary,2001,1A1A,ABFLOW002,Natural gas,,,0.0
Hungary,2001,1A1A,ABFLOW002,Oil,,,0.0
Hungary,2001,1A1A1,ABFLOW003,Coal,,,0.0
Hungary,2001,1A1A1,ABFLOW003,Natural gas,,,0.0
Hungary,2001,1A1A1,ABFLOW003,Oil,,,0.0
Hungary,2001,1A1A2,ABFLOW004,Coal,,,0.0
Hungary,2001,1A1A2,ABFLOW004,Natural gas,,,0.0
Hungary,2001,1A1A2,ABFLOW004,Oil,,,0.0
Hungary,2001,1A1A3,ABFLOW005,Coal,,,0.0
Hungary,2001,1A1A3,ABFLOW005,Natural gas,,,0.0
Hungary,2001,1A1A3,ABFLOW005,Oil,,,0.0
Hungary,2001,1A1B,ABFLOW011,Coal,,,0.0
Hungary,2001,1A1B,ABFLOW011,Natural gas,,,0.0
Hungary,2001,1A1B,ABFLOW011,Oil,,,0.0
Hungary,2001,1A1C,ABFLOW011,Coal,,,0.0
Hungary,2001,1A1C,ABFLOW011,Natural gas,,,0.0
Hungary,2001,1A1C,ABFLOW011,Oil,,,0.0
Hungary,2001,1A2,ABFLOW012,Coal,,,0.0
Hungary,2001,1A2,ABFLOW012,Natural gas,,,0.0
Hungary,2001,1A2,ABFLOW012,Oil,,,0.0
Hungary,2001,1A2A,ABFLOW016,Coal,,,0.0
Hungary,2001,1A2A,ABFLOW016,Natural gas,,,0.0
Hungary,2001,1A2A,ABFLOW016,Oil,,,0.0
Hungary,2001,1A2B,ABFLOW018,Coal,,,0.0
Hungary,2001,1A2B,ABFLOW018,Natural gas,,,0.0
Hungary,2001,1A2B,ABFLOW018,Oil,,,0.0
Hungary,2001,1A2C,ABFLOW017,Coal,,,0.0
Hungary,2001,1A2C,ABFLOW017,Natural gas,,,0.0
Hungary,2001,1A2C,ABFLOW017,Oil,,,0.0
Hungary,2001,1A2D,ABFLOW023,Coal,,,0.0
Hungary,2001,1A2D,ABFLOW023,Natural gas,,,0.0
Hungary,2001,1A2D,ABFLOW023,Oil,,,0.0
Hungary,2001,1A2E,ABFLOW022,Coal,,,0.0
Hungary,2001,1A2E,ABFLOW022,Natural gas,,,0.0
Hungary,2001,1A2E,ABFLOW022,Oil,,,0.0
Hungary,2001,1A2F,ABFLOW019,Coal,,,0.0
Hungary,2001,1A2F,ABFLOW019,Natural gas,,,0.0
Hungary,2001,1A2F,ABFLOW019,Oil,,,0.0
Hungary,2001,1A2G,ABFLOW020,Coal,,,0.0
Hungary,2001,1A2G,ABFLOW020,Natural gas,,,0.0
Hungary,2001,1A2G,ABFLOW020,Oil,,,0.0
Hungary,2001,1A2H,ABFLOW021,Coal,,,0.0
Hungary,2001,1A2H,ABFLOW021,Natural gas,,,0.0
Hungary,2001,1A2H,ABFLOW021,Oil,,,0.0
Hungary,2001,1A2I,ABFLOW013,Coal,,,0.0
Hungary,2001,1A2I,ABFLOW013,Natural gas,,,0.0
Hungary,2001,1A2I,ABFLOW013,Oil,,,0.0
Hungary,2001,1A2J,ABFLOW024,Coal,,,0.0
Hungary,2001,1A2J,ABFLOW024,Natural gas,,,0.0
Hungary,2001,1A2J,ABFLOW024,Oil,,,0.0
Hungary,2001,1A2K,ABFLOW014,Coal,,,0.0
Hungary,2001,1A2K,ABFLOW014,Natural gas,,,0.0
Hungary,2001,1A2K,ABFLOW014,Oil,,,0.0
Hungary,2001,1A2L,ABFLOW025,Coal,,,0.0
Hungary,2001,1A2L,ABFLOW025,Natural gas,,,0.0
Hungary,2001,1A2L,ABFLOW025,Oil,,,0.0
Hungary,2001,1A2M,ABFLOW026,Coal,,,0.0
Hungary,2001,1A2M,ABFLOW026,Natural gas,,,0.0
Hungary,2001,1A2M,ABFLOW026,Oil,,,0.0
Hungary,2001,1A3,ABFLOW027,Coal,,,0.0
Hungary,2001,1A3,ABFLOW027,Natural gas,,,0.0
Hungary,2001,1A3,ABFLOW027,Oil,,,0.0
Hungary,2001,1A3A1,ABFLOW040,Coal,,,0.0
Hungary,2001,1A3A1,ABFLOW040,Natural gas,,,0.0
Hungary,2001,1A3A1,ABFLOW040,Oil,,,0.0
Hungary,2001,1A3A2,ABFLOW029,Coal,,,0.0
Hungary,2001,1A3A2,ABFLOW029,Natural gas,,,0.0
Hungary,2001,1A3A2,ABFLOW029,Oil,,,0.0
Hungary,2001,1A3B,ABFLOW028,Coal,,,0.0
Hungary,2001,1A3B,ABFLOW028,Natural gas,,,0.0
Hungary,2001,1A3B,ABFLOW028,Oil,,,0.0
Hungary,2001,1A3C,ABFLOW030,Coal,,,0.0
Hungary,2001,1A3C,ABFLOW030,Natural gas,,,0.0
Hungary,2001,1A3C,ABFLOW030,Oil,,,0.0
Hungary,2001,1A3D1,ABFLOW039,Coal,,,0.0
Hungary,2001,1A3D1,ABFLOW039,Natural gas,,,0.0
Hungary,2001,1A3D1,ABFLOW039,Oil,,,0.0
Hungary,2001,1A3D2,ABFLOW032,Coal,,,0.0
Hungary,2001,1A3D2,ABFLOW032,Natural gas,,,0.0
Hungary,2001,1A3D2,ABFLOW032,Oil,,,0.0
Hungary,2001,1A3E1,ABFLOW033,Coal,,,0.0
Hungary,2001,1A3E1,ABFLOW033,Natural gas,,,0.0
Hungary,2001,1A3E1,ABFLOW033,Oil,,,0.0
Hungary,2001,1A4A,ABFLOW035,Coal,,,0.0
Hungary,2001,1A4A,ABFLOW035,Natural gas,,,0.0
Hungary,2001,1A4A,ABFLOW035,Oil,,,0.0
Hungary,2001,1A4B,ABFLOW034,Coal,,,0.0
Hungary,2001,1A4B,ABFLOW034,Natural gas,,,0.0
Hungary,2001,1A4B,ABFLOW034,Oil,,,0.0
Hungary,2001,1A4C1,ABFLOW036,Coal,,,0.0
Hungary,2001,1A4C1,ABFLOW036,Natural gas,,,0.0
Hungary,2001,1A4C1,ABFLOW036,Oil,,,0.0
Hungary,2001,1A4C2,ABFLOW037,Coal,,,0.0
Hungary,2001,1A4C2,ABFLOW037,Natural gas,,,0.0
Hungary,2001,1A4C2,ABFLOW037,Oil,,,0.0
Hungary,2001,1A5,ABFLOW038,Coal,,,0.0
Hungary,2001,1A5,ABFLOW038,Natural gas,,,0.0
Hungary,2001,1A5,ABFLOW038,Oil,,,0.0
Hungary,2002,1A,ABFLOW001,Coal,,,0.0
Hungary,2002,1A,ABFLOW001,Natural gas,,,0.0
Hungary,2002,1A,ABFLOW001,Oil,,,0.0
Hungary,2002,1A1A,ABFLOW002,Coal,,,0.0
Hungary,2002,1A1A,ABFLOW002,Natural gas,,,0.0
Hungary,2002,1A1A,ABFLOW002,Oil,,,0.0
Hungary,2002,1A1A1,ABFLOW003,Coal,,,0.0
Hungary,2002,1A1A1,ABFLOW003,Natural gas,,,0.0
Hungary,2002,1A1A1,ABFLOW003,Oil,,,0.0
Hungary,2002,1A1A2,ABFLOW004,Coal,,,0.0
Hungary,2002,1A1A2,ABFLOW004,Natural gas,,,0.0
Hungary,2002,1A1A2,ABFLOW004,Oil,,,0.0
Hungary,2002,1A1A3,ABFLOW005,Coal,,,0.0
Hungary,2002,1A1A3,ABFLOW005,Natural gas,,,0.0
Hungary,2002,1A1A3,ABFLOW005,Oil,,,0.0
Hungary,2002,1A1B,ABFLOW011,Coal,,,0.0
Hungary,2002,1A1B,ABFLOW011,Natural gas,,,0.0
Hungary,2002,1A1B,ABFLOW011,Oil,,,0.0
Hungary,2002,1A1C,ABFLOW011,Coal,,,0.0
Hungary,2002,1A1C,ABFLOW011,Natural gas,,,0.0
Hungary,2002,1A1C,ABFLOW011,Oil,,,0.0
Hungary,2002,1A2,ABFLOW012,Coal,,,0.0
Hungary,2002,1A2,ABFLOW012,Natural gas,,,0.0
Hungary,2002,1A2,ABFLOW012,Oil,,,0.0
Hungary,2002,1A2A,ABFLOW016,Coal,,,0.0
Hungary,2002,1A2A,ABFLOW016,Natural gas,,,0.0
Hungary,2002,1A2A,ABFLOW016,Oil,,,0.0
Hungary,2002,1A2B,ABFLOW018,Coal,,,0.0
Hungary,2002,1A2B,ABFLOW018,Natural gas,,,0.0
Hungary,2002,1A2B,ABFLOW018,Oil,,,0.0
Hungary,2002,1A2C,ABFLOW017,Coal,,,0.0
Hungary,2002,1A2C,ABFLOW017,Natural gas,,,0.0
Hungary,2002,1A2C,ABFLOW017,Oil,,,0.0
Hungary,2002,1A2D,ABFLOW023,Coal,,,0.0
Hungary,2002,1A2D,ABFLOW023,Natural gas,,,0.0
Hungary,2002,1A2D,ABFLOW023,Oil,,,0.0
Hungary,2002,1A2E,ABFLOW022,Coal,,,0.0
Hungary,2002,1A2E,ABFLOW022,Natural gas,,,0.0
Hungary,2002,1A2E,ABFLOW022,Oil,,,0.0
Hungary,2002,1A2F,ABFLOW019,Coal,,,0.0
Hungary,2002,1A2F,ABFLOW019,Natural gas,,,0.0
Hungary,2002,1A2F,ABFLOW019,Oil,,,0.0
Hungary,2002,1A2G,ABFLOW020,Coal,,,0.0
Hungary,2002,1A2G,ABFLOW020,Natural gas,,,0.0
Hungary,2002,1A2G,ABFLOW020,Oil,,,0.0
Hungary,2002,1A2H,ABFLOW021,Coal,,,0.0
Hungary,2002,1A2H,ABFLOW021,Natural gas,,,0.0
Hungary,2002,1A2H,ABFLOW021,Oil,,,0.0
Hungary,2002,1A2I,ABFLOW013,Coal,,,0.0
Hungary,2002,1A2I,ABFLOW013,Natural gas,,,0.0
Hungary,2002,1A2I,ABFLOW013,Oil,,,0.0
Hungary,2002,1A2J,ABFLOW024,Coal,,,0.0
Hungary,2002,1A2J,ABFLOW024,Natural gas,,,0.0
Hungary,2002,1A2J,ABFLOW024,Oil,,,0.0
Hungary,2002,1A2K,ABFLOW014,Coal,,,0.0
Hungary,2002,1A2K,ABFLOW014,Natural gas,,,0.0
Hungary,2002,1A2K,ABFLOW014,Oil,,,0.0
Hungary,2002,1A2L,ABFLOW025,Coal,,,0.0
Hungary,2002,1A2L,ABFLOW025,Natural gas,,,0.0
Hungary,2002,1A2L,ABFLOW025,Oil,,,0.0
Hungary,2002,1A2M,ABFLOW026,Coal,,,0.0
Hungary,2002,1A2M,ABFLOW026,Natural gas,,,0.0
Hungary,2002,1A2M,ABFLOW026,Oil,,,0.0
Hungary,2002,1A3,ABFLOW027,Coal,,,0.0
Hungary,2002,1A3,ABFLOW027,Natural gas,,,0.0
Hungary,2002,1A3,ABFLOW027,Oil,,,0.0
Hungary,2002,1A3A1,ABFLOW040,Coal,,,0.0
Hungary,2002,1A3A1,ABFLOW040,Natural gas,,,0.0
Hungary,2002,1A3A1,ABFLOW040,Oil,,,0.0
Hungary,2002,1A3A2,ABFLOW029,Coal,,,0.0
Hungary,2002,1A3A2,ABFLOW029,Natural gas,,,0.0
Hungary,2002,1A3A2,ABFLOW029,Oil,,,0.0
Hungary,2002,1A3B,ABFLOW028,Coal,,,0.0
Hungary,2002,1A3B,ABFLOW028,Natural gas,,,0.0
Hungary,2002,1A3B,ABFLOW028,Oil,,,0.0
Hungary,2002,1A3C,ABFLOW030,Coal,,,0.0
Hungary,2002,1A3C,ABFLOW030,Natural gas,,,0.0
Hungary,2002,1A3C,ABFLOW030,Oil,,,0.0
Hungary,2002,1A3D1,ABFLOW039,Coal,,,0.0
Hungary,2002,1A3D1,ABFLOW039,Natural gas,,,0.0
Hungary,2002,1A3D1,ABFLOW039,Oil,,,0.0
Hungary,2002,1A3D2,ABFLOW032,Coal,,,0.0
Hungary,2002,1A3D2,ABFLOW032,Natural gas,,,0.0
Hungary,2002,1A3D2,ABFLOW032,Oil,,,0.0
Hungary,2002,1A3E1,ABFLOW033,Coal,,,0.0
Hungary,2002,1A3E1,ABFLOW033,Natural gas,,,0.0
Hungary,2002,1A3E1,ABFLOW033,Oil,,,0.0
Hungary,2002,1A4A,ABFLOW035,Coal,,,0.0
Hungary,2002,1A4A,ABFLOW035,Natural gas,,,0.0
Hungary,2002,1A4A,ABFLOW035,Oil,,,0.0
Hungary,2002,1A4B,ABFLOW034,Coal,,,0.0
Hungary,2002,1A4B,ABFLOW034,Natural gas,,,0.0
Hungary,2002,1A4B,ABFLOW034,Oil,,,0.0
Hungary,2002,1A4C1,ABFLOW036,Coal,,,0.0
Hungary,2002,1A4C1,ABFLOW036,Natural gas,,,0.0
Hungary,2002,1A4C1,ABFLOW036,Oil,,,0.0
Hungary,2002,1A4C2,ABFLOW037,Coal,,,0.0
Hungary,2002,1A4C2,ABFLOW037,Natural gas,,,0.0
Hungary,2002,1A4C2,ABFLOW037,Oil,,,0.0
Hungary,2002,1A5,ABFLOW038,Coal,,,0.0
Hungary,2002,1A5,ABFLOW038,Natural gas,,,0.0
Hungary,2002,1A5,ABFLOW038,Oil,,,0.0
Hungary,2003,1A,ABFLOW001,Coal,,,0.0
Hungary,2003,1A,ABFLOW001,Natural gas,,,0.0
Hungary,2003,1A,ABFLOW001,Oil,,,0.0
Hungary,2003,1A1A,ABFLOW002,Coal,,,0.0
Hungary,2003,1A1A,ABFLOW002,Natural gas,,,0.0
Hungary,2003,1A1A,ABFLOW002,Oil,,,0.0
Hungary,2003,1A1A1,ABFLOW003,Coal,,,0.0
Hungary,2003,1A1A1,ABFLOW003,Natural gas,,,0.0
Hungary,2003,1A1A1,ABFLOW003,Oil,,,0.0
Hungary,2003,1A1A2,ABFLOW004,Coal,,,0.0
Hungary,2003,1A1A2,ABFLOW004,Natural gas,,,0.0
Hungary,2003,1A1A2,ABFLOW004,Oil,,,0.0
Hungary,2003,1A1A3,ABFLOW005,Coal,,,0.0
Hungary,2003,1A1A3,ABFLOW005,Natural gas,,,0.0
Hungary,2003,1A1A3,ABFLOW005,Oil,,,0.0
Hungary,2003,1A1B,ABFLOW011,Coal,,,0.0
Hungary,2003,1A1B,ABFLOW011,Natural gas,,,0.0
Hungary,2003,1A1B,ABFLOW011,Oil,,,0.0
Hungary,2003,1A1C,ABFLOW011,Coal,,,0.0
Hungary,2003,1A1C,ABFLOW011,Natural gas,,,0.0
Hungary,2003,1A1C,ABFLOW011,Oil,,,0.0
Hungary,2003,1A2,ABFLOW012,Coal,,,0.0
Hungary,2003,1A2,ABFLOW012,Natural gas,,,0.0
Hungary,2003,1A2,ABFLOW012,Oil,,,0.0
Hungary,2003,1A2A,ABFLOW016,Coal,,,0.0
Hungary,2003,1A2A,ABFLOW016,Natural gas,,,0.0
Hungary,2003,1A2A,ABFLOW016,Oil,,,0.0
Hungary,2003,1A2B,ABFLOW018,Coal,,,0.0
Hungary,2003,1A2B,ABFLOW018,Natural gas,,,0.0
Hungary,2003,1A2B,ABFLOW018,Oil,,,0.0
Hungary,2003,1A2C,ABFLOW017,Coal,,,0.0
Hungary,2003,1A2C,ABFLOW017,Natural gas,,,0.0
Hungary,2003,1A2C,ABFLOW017,Oil,,,0.0
Hungary,2003,1A2D,ABFLOW023,Coal,,,0.0
Hungary,2003,1A2D,ABFLOW023,Natural gas,,,0.0
Hungary,2003,1A2D,ABFLOW023,Oil,,,0.0
Hungary,2003,1A2E,ABFLOW022,Coal,,,0.0
Hungary,2003,1A2E,ABFLOW022,Natural gas,,,0.0
Hungary,2003,1A2E,ABFLOW022,Oil,,,0.0
Hungary,2003,1A2F,ABFLOW019,Coal,,,0.0
Hungary,2003,1A2F,ABFLOW019,Natural gas,,,0.0
Hungary,2003,1A2F,ABFLOW019,Oil,,,0.0
Hungary,2003,1A2G,ABFLOW020,Coal,,,0.0
Hungary,2003,1A2G,ABFLOW020,Natural gas,,,0.0
Hungary,2003,1A2G,ABFLOW020,Oil,,,0.0
Hungary,2003,1A2H,ABFLOW021,Coal,,,0.0
Hungary,2003,1A2H,ABFLOW021,Natural gas,,,0.0
Hungary,2003,1A2H,ABFLOW021,Oil,,,0.0
Hungary,2003,1A2I,ABFLOW013,Coal,,,0.0
Hungary,2003,1A2I,ABFLOW013,Natural gas,,,0.0
Hungary,2003,1A2I,ABFLOW013,Oil,,,0.0
Hungary,2003,1A2J,ABFLOW024,Coal,,,0.0
Hungary,2003,1A2J,ABFLOW024,Natural gas,,,0.0
Hungary,2003,1A2J,ABFLOW024,Oil,,,0.0
Hungary,2003,1A2K,ABFLOW014,Coal,,,0.0
Hungary,2003,1A2K,ABFLOW014,Natural gas,,,0.0
Hungary,2003,1A2K,ABFLOW014,Oil,,,0.0
Hungary,2003,1A2L,ABFLOW025,Coal,,,0.0
Hungary,2003,1A2L,ABFLOW025,Natural gas,,,0.0
Hungary,2003,1A2L,ABFLOW025,Oil,,,0.0
Hungary,2003,1A2M,ABFLOW026,Coal,,,0.0
Hungary,2003,1A2M,ABFLOW026,Natural gas,,,0.0
Hungary,2003,1A2M,ABFLOW026,Oil,,,0.0
Hungary,2003,1A3,ABFLOW027,Coal,,,0.0
Hungary,2003,1A3,ABFLOW027,Natural gas,,,0.0
Hungary,2003,1A3,ABFLOW027,Oil,,,0.0
Hungary,2003,1A3A1,ABFLOW040,Coal,,,0.0
Hungary,2003,1A3A1,ABFLOW040,Natural gas,,,0.0
Hungary,2003,1A3A1,ABFLOW040,Oil,,,0.0
Hungary,2003,1A3A2,ABFLOW029,Coal,,,0.0
Hungary,2003,1A3A2,ABFLOW029,Natural gas,,,0.0
Hungary,2003,1A3A2,ABFLOW029,Oil,,,0.0
Hungary,2003,1A3B,ABFLOW028,Coal,,,0.0
Hungary,2003,1A3B,ABFLOW028,Natural gas,,,0.0
Hungary,2003,1A3B,ABFLOW028,Oil,,,0.0
Hungary,2003,1A3C,ABFLOW030,Coal,,,0.0
Hungary,2003,1A3C,ABFLOW030,Natural gas,,,0.0
Hungary,2003,1A3C,ABFLOW030,Oil,,,0.0
Hungary,2003,1A3D1,ABFLOW039,Coal,,,0.0
Hungary,2003,1A3D1,ABFLOW039,Natural gas,,,0.0
Hungary,2003,1A3D1,ABFLOW039,Oil,,,0.0
Hungary,2003,1A3D2,ABFLOW032,Coal,,,0.0
Hungary,2003,1A3D2,ABFLOW032,Natural gas,,,0.0
Hungary,2003,1A3D2,ABFLOW032,Oil,,,0.0
Hungary,2003,1A3E1,ABFLOW033,Coal,,,0.0
Hungary,2003,1A3E1,ABFLOW033,Natural gas,,,0.0
Hungary,2003,1A3E1,ABFLOW033,Oil,,,0.0
Hungary,2003,1A4A,ABFLOW035,Coal,,,0.0
Hungary,2003,1A4A,ABFLOW035,Natural gas,,,0.0
Hungary,2003,1A4A,ABFLOW035,Oil,,,0.0
Hungary,2003,1A4B,ABFLOW034,Coal,,,0.0
Hungary,2003,1A4B,ABFLOW034,Natural gas,,,0.0
Hungary,2003,1A4B,ABFLOW034,Oil,,,0.0
Hungary,2003,1A4C1,ABFLOW036,Coal,,,0.0
Hungary,2003,1A4C1,ABFLOW036,Natural gas,,,0.0
Hungary,2003,1A4C1,ABFLOW036,Oil,,,0.0
Hungary,2003,1A4C2,ABFLOW037,Coal,,,0.0
Hungary,2003,1A4C2,ABFLOW037,Natural gas,,,0.0
Hungary,2003,1A4C2,ABFLOW037,Oil,,,0.0
Hungary,2003,1A5,ABFLOW038,Coal,,,0.0
Hungary,2003,1A5,ABFLOW038,Natural gas,,,0.0
Hungary,2003,1A5,ABFLOW038,Oil,,,0.0
Hungary,2004,1A,ABFLOW001,Coal,,,0.0
Hungary,2004,1A,ABFLOW001,Natural gas,,,0.0
Hungary,2004,1A,ABFLOW001,Oil,,,0.0
Hungary,2004,1A1A,ABFLOW002,Coal,,,0.0
Hungary,2004,1A1A,ABFLOW002,Natural gas,,,0.0
Hungary,2004,1A1A,ABFLOW002,Oil,,,0.0
Hungary,2004,1A1A1,ABFLOW003,Coal,,,0.0
Hungary,2004,1A1A1,ABFLOW003,Natural gas,,,0.0
Hungary,2004,1A1A1,ABFLOW003,Oil,,,0.0
Hungary,2004,1A1A2,ABFLOW004,Coal,,,0.0
Hungary,2004,1A1A2,ABFLOW004,Natural gas,,,0.0
Hungary,2004,1A1A2,ABFLOW004,Oil,,,0.0
Hungary,2004,1A1A3,ABFLOW005,Coal,,,0.0
Hungary,2004,1A1A3,ABFLOW005,Natural gas,,,0.0
Hungary,2004,1A1A3,ABFLOW005,Oil,,,0.0
Hungary,2004,1A1B,ABFLOW011,Coal,,,0.0
Hungary,2004,1A1B,ABFLOW011,Natural gas,,,0.0
Hungary,2004,1A1B,ABFLOW011,Oil,,,0.0
Hungary,2004,1A1C,ABFLOW011,Coal,,,0.0
Hungary,2004,1A1C,ABFLOW011,Natural gas,,,0.0
Hungary,2004,1A1C,ABFLOW011,Oil,,,0.0
Hungary,2004,1A2,ABFLOW012,Coal,,,0.0
Hungary,2004,1A2,ABFLOW012,Natural gas,,,0.0
Hungary,2004,1A2,ABFLOW012,Oil,,,0.0
Hungary,2004,1A2A,ABFLOW016,Coal,,,0.0
Hungary,2004,1A2A,ABFLOW016,Natural gas,,,0.0
Hungary,2004,1A2A,ABFLOW016,Oil,,,0.0
Hungary,2004,1A2B,ABFLOW018,Coal,,,0.0
Hungary,2004,1A2B,ABFLOW018,Natural gas,,,0.0
Hungary,2004,1A2B,ABFLOW018,Oil,,,0.0
Hungary,2004,1A2C,ABFLOW017,Coal,,,0.0
Hungary,2004,1A2C,ABFLOW017,Natural gas,,,0.0
Hungary,2004,1A2C,ABFLOW017,Oil,,,0.0
Hungary,2004,1A2D,ABFLOW023,Coal,,,0.0
Hungary,2004,1A2D,ABFLOW023,Natural gas,,,0.0
Hungary,2004,1A2D,ABFLOW023,Oil,,,0.0
Hungary,2004,1A2E,ABFLOW022,Coal,,,0.0
Hungary,2004,1A2E,ABFLOW022,Natural gas,,,0.0
Hungary,2004,1A2E,ABFLOW022,Oil,,,0.0
Hungary,2004,1A2F,ABFLOW019,Coal,,,0.0
Hungary,2004,1A2F,ABFLOW019,Natural gas,,,0.0
Hungary,2004,1A2F,ABFLOW019,Oil,,,0.0
Hungary,2004,1A2G,ABFLOW020,Coal,,,0.0
Hungary,2004,1A2G,ABFLOW020,Natural gas,,,0.0
Hungary,2004,1A2G,ABFLOW020,Oil,,,0.0
Hungary,2004,1A2H,ABFLOW021,Coal,,,0.0
Hungary,2004,1A2H,ABFLOW021,Natural gas,,,0.0
Hungary,2004,1A2H,ABFLOW021,Oil,,,0.0
Hungary,2004,1A2I,ABFLOW013,Coal,,,0.0
Hungary,2004,1A2I,ABFLOW013,Natural gas,,,0.0
Hungary,2004,1A2I,ABFLOW013,Oil,,,0.0
Hungary,2004,1A2J,ABFLOW024,Coal,,,0.0
Hungary,2004,1A2J,ABFLOW024,Natural gas,,,0.0
Hungary,2004,1A2J,ABFLOW024,Oil,,,0.0
Hungary,2004,1A2K,ABFLOW014,Coal,,,0.0
Hungary,2004,1A2K,ABFLOW014,Natural gas,,,0.0
Hungary,2004,1A2K,ABFLOW014,Oil,,,0.0
Hungary,2004,1A2L,ABFLOW025,Coal,,,0.0
Hungary,2004,1A2L,ABFLOW025,Natural gas,,,0.0
Hungary,2004,1A2L,ABFLOW025,Oil,,,0.0
Hungary,2004,1A2M,ABFLOW026,Coal,,,0.0
Hungary,2004,1A2M,ABFLOW026,Natural gas,,,0.0
Hungary,2004,1A2M,ABFLOW026,Oil,,,0.0
Hungary,2004,1A3,ABFLOW027,Coal,,,0.0
Hungary,2004,1A3,ABFLOW027,Natural gas,,,0.0
Hungary,2004,1A3,ABFLOW027,Oil,,,0.0
Hungary,2004,1A3A1,ABFLOW040,Coal,,,0.0
Hungary,2004,1A3A1,ABFLOW040,Natural gas,,,0.0
Hungary,2004,1A3A1,ABFLOW040,Oil,,,0.0
Hungary,2004,1A3A2,ABFLOW029,Coal,,,0.0
Hungary,2004,1A3A2,ABFLOW029,Natural gas,,,0.0
Hungary,2004,1A3A2,ABFLOW029,Oil,,,0.0
Hungary,2004,1A3B,ABFLOW028,Coal,,,0.0
Hungary,2004,1A3B,ABFLOW028,Natural gas,,,0.0
Hungary,2004,1A3B,ABFLOW028,Oil,,,0.0
Hungary,2004,1A3C,ABFLOW030,Coal,,,0.0
Hungary,2004,1A3C,ABFLOW030,Natural gas,,,0.0
Hungary,2004,1A3C,ABFLOW030,Oil,,,0.0
Hungary,2004,1A3D1,ABFLOW039,Coal,,,0.0
Hungary,2004,1A3D1,ABFLOW039,Natural gas,,,0.0
Hungary,2004,1A3D1,ABFLOW039,Oil,,,0.0
Hungary,2004,1A3D2,ABFLOW032,Coal,,,0.0
Hungary,2004,1A3D2,ABFLOW032,Natural gas,,,0.0
Hungary,2004,1A3D2,ABFLOW032,Oil,,,0.0
Hungary,2004,1A3E1,ABFLOW033,Coal,,,0.0
Hungary,2004,1A3E1,ABFLOW033,Natural gas,,,0.0
Hungary,2004,1A3E1,ABFLOW033,Oil,,,0.0
Hungary,2004,1A4A,ABFLOW035,Coal,,,0.0
Hungary,2004,1A4A,ABFLOW035,Natural gas,,,0.0
Hungary,2004,1A4A,ABFLOW035,Oil,,,0.0
Hungary,2004,1A4B,ABFLOW034,Coal,,,0.0
Hungary,2004,1A4B,ABFLOW034,Natural gas,,,0.0
Hungary,2004,1A4B,ABFLOW034,Oil,,,0.0
Hungary,2004,1A4C1,ABFLOW036,Coal,,,0.0
Hungary,2004,1A4C1,ABFLOW036,Natural gas,,,0.0
Hungary,2004,1A4C1,ABFLOW036,Oil,,,0.0
Hungary,2004,1A4C2,ABFLOW037,Coal,,,0.0
Hungary,2004,1A4C2,ABFLOW037,Natural gas,,,0.0
Hungary,2004,1A4C2,ABFLOW037,Oil,,,0.0
Hungary,2004,1A5,ABFLOW038,Coal,,,0.0
Hungary,2004,1A5,ABFLOW038,Natural gas,,,0.0
Hungary,2004,1A5,ABFLOW038,Oil,,,0.0
Hungary,2005,1A,ABFLOW001,Coal,,,0.0
Hungary,2005,1A,ABFLOW001,Natural gas,,,0.0
Hungary,2005,1A,ABFLOW001,Oil,,,0.0
Hungary,2005,1A1A,ABFLOW002,Coal,,,0.0
Hungary,2005,1A1A,ABFLOW002,Natural gas,,,0.0
Hungary,2005,1A1A,ABFLOW002,Oil,,,0.0
Hungary,2005,1A1A1,ABFLOW003,Coal,43.42519360059119,,43.42519360059119
Hungary,2005,1A1A1,ABFLOW003,Natural gas,43.42519360059119,,43.42519360059119
Hungary,2005,1A1A1,ABFLOW003,Oil,43.42519360059119,,43.42519360059119
Hungary,2005,1A1A2,ABFLOW004,Coal,43.42519360059119,,43.42519360059119
Hungary,2005,1A1A2,ABFLOW004,Natural gas,43.42519360059119,,43.42519360059119
Hungary,2005,1A1A2,ABFLOW004,Oil,43.42519360059119,,43.42519360059119
Hungary,2005,1A1A3,ABFLOW005,Coal,43.42519360059119,,43.42519360059119
Hungary,2005,1A1A3,ABFLOW005,Natural gas,43.42519360059119,,43.42519360059119
Hungary,2005,1A1A3,ABFLOW005,Oil,43.42519360059119,,43.42519360059119
Hungary,2005,1A1B,ABFLOW011,Coal,43.42519360059119,,43.42519360059119
Hungary,2005,1A1B,ABFLOW011,Natural gas,43.42519360059119,,43.42519360059119
Hungary,2005,1A1B,ABFLOW011,Oil,43.42519360059119,,43.42519360059119
Hungary,2005,1A1C,ABFLOW011,Coal,43.42519360059119,,43.42519360059119
Hungary,2005,1A1C,ABFLOW011,Natural gas,43.42519360059119,,43.42519360059119
Hungary,2005,1A1C,ABFLOW011,Oil,43.42519360059119,,43.42519360059119
Hungary,2005,1A2,ABFLOW012,Coal,,,0.0
Hungary,2005,1A2,ABFLOW012,Natural gas,,,0.0
Hungary,2005,1A2,ABFLOW012,Oil,,,0.0
Hungary,2005,1A2A,ABFLOW016,Coal,43.42519360059119,,43.42519360059119
Hungary,2005,1A2A,ABFLOW016,Natural gas,43.42519360059119,,43.42519360059119
Hungary,2005,1A2A,ABFLOW016,Oil,43.42519360059119,,43.42519360059119
Hungary,2005,1A2B,ABFLOW018,Coal,43.42519360059119,,43.42519360059119
Hungary,2005,1A2B,ABFLOW018,Natural gas,43.42519360059119,,43.42519360059119
Hungary,2005,1A2B,ABFLOW018,Oil,43.42519360059119,,43.42519360059119
Hungary,2005,1A2C,ABFLOW017,Coal,43.42519360059119,,43.42519360059119
Hungary,2005,1A2C,ABFLOW017,Natural gas,43.42519360059119,,43.42519360059119
Hungary,2005,1A2C,ABFLOW017,Oil,43.42519360059119,,43.42519360059119
Hungary,2005,1A2D,ABFLOW023,Coal,43.42519360059119,,43.42519360059119
Hungary,2005,1A2D,ABFLOW023,Natural gas,43.42519360059119,,43.42519360059119
Hungary,2005,1A2D,ABFLOW023,Oil,43.42519360059119,,43.42519360059119
Hungary,2005,1A2E,ABFLOW022,Coal,43.42519360059119,,43.42519360059119
Hungary,2005,1A2E,ABFLOW022,Natural gas,43.42519360059119,,43.42519360059119
Hungary,2005,1A2E,ABFLOW022,Oil,43.42519360059119,,43.42519360059119
Hungary,2005,1A2F,ABFLOW019,Coal,43.42519360059119,,43.42519360059119
Hungary,2005,1A2F,ABFLOW019,Natural gas,43.42519360059119,,43.42519360059119
Hungary,2005,1A2F,ABFLOW019,Oil,43.42519360059119,,43.42519360059119
Hungary,2005,1A2G,ABFLOW020,Coal,43.42519360059119,,43.42519360059119
Hungary,2005,1A2G,ABFLOW020,Natural gas,43.42519360059119,,43.42519360059119
Hungary,2005,1A2G,ABFLOW020,Oil,43.42519360059119,,43.42519360059119
Hungary,2005,1A2H,ABFLOW021,Coal,43.42519360059119,,43.42519360059119
Hungary,2005,1A2H,ABFLOW021,Natural gas,43.42519360059119,,43.42519360059119
Hungary,2005,1A2H,ABFLOW021,Oil,43.42519360059119,,43.42519360059119
Hungary,2005,1A2I,ABFLOW013,Coal,43.42519360059119,,43.42519360059119
Hungary,2005,1A2I,ABFLOW013,Natural gas,43.42519360059119,,43.42519360059119
Hungary,2005,1A2I,ABFLOW013,Oil,43.42519360059119,,43.42519360059119
Hungary,2005,1A2J,ABFLOW024,Coal,43.42519360059119,,43.42519360059119
Hungary,2005,1A2J,ABFLOW024,Natural gas,43.42519360059119,,43.42519360059119
Hungary,2005,1A2J,ABFLOW024,Oil,43.42519360059119,,43.42519360059119
Hungary,2005,1A2K,ABFLOW014,Coal,43.42519360059119,,43.42519360059119
Hungary,2005,1A2K,ABFLOW014,Natural gas,43.42519360059119,,43.42519360059119
Hungary,2005,1A2K,ABFLOW014,Oil,43.42519360059119,,43.42519360059119
Hungary,2005,1A2L,ABFLOW025,Coal,43.42519360059119,,43.42519360059119
Hungary,2005,1A2L,ABFLOW025,Natural gas,43.42519360059119,,43.42519360059119
Hungary,2005,1A2L,ABFLOW025,Oil,43.42519360059119,,43.42519360059119
Hungary,2005,1A2M,ABFLOW026,Coal,43.42519360059119,,43.42519360059119
Hungary,2005,1A2M,ABFLOW026,Natural gas,43.42519360059119,,43.42519360059119
Hungary,2005,1A2M,ABFLOW026,Oil,43.42519360059119,,43.42519360059119
Hungary,2005,1A3,ABFLOW027,Coal,,,0.0
Hungary,2005,1A3,ABFLOW027,Natural gas,,,0.0
Hungary,2005,1A3,ABFLOW027,Oil,,,0.0
Hungary,2005,1A3A1,ABFLOW040,Coal,,,0.0
Hungary,2005,1A3A1,ABFLOW040,Natural gas,,,0.0
Hungary,2005,1A3A1,ABFLOW040,Oil,,,0.0
Hungary,2005,1A3A2,ABFLOW029,Coal,,,0.0
Hungary,2005,1A3A2,ABFLOW029,Natural gas,,,0.0
Hungary,2005,1A3A2,ABFLOW029,Oil,,,0.0
Hungary,2005,1A3B,ABFLOW028,Coal,,,0.0
Hungary,2005,1A3B,ABFLOW028,Natural gas,,,0.0
Hungary,2005,1A3B,ABFLOW028,Oil,,,0.0
Hungary,2005,1A3C,ABFLOW030,Coal,,,0.0
Hungary,2005,1A3C,ABFLOW030,Natural gas,,,0.0
Hungary,2005,1A3C,ABFLOW030,Oil,,,0.0
Hungary,2005,1A3D1,ABFLOW039,Coal,,,0.0
Hungary,2005,1A3D1,ABFLOW039,Natural gas,,,0.0
Hungary,2005,1A3D1,ABFLOW039,Oil,,,0.0
Hungary,2005,1A3D2,ABFLOW032,Coal,,,0.0
Hungary,2005,1A3D2,ABFLOW032,Natural gas,,,0.0
Hungary,2005,1A3D2,ABFLOW032,Oil,,,0.0
Hungary,2005,1A3E1,ABFLOW033,Coal,,,0.0
Hungary,2005,1A3E1,ABFLOW033,Natural gas,,,0.0
Hungary,2005,1A3E1,ABFLOW033,Oil,,,0.0
Hungary,2005,1A4A,ABFLOW035,Coal,,,0.0
Hungary,2005,1A4A,ABFLOW035,Natural gas,,,0.0
Hungary,2005,1A4A,ABFLOW035,Oil,,,0.0
Hungary,2005,1A4B,ABFLOW034,Coal,,,0.0
Hungary,2005,1A4B,ABFLOW034,Natural gas,,,0.0
Hungary,2005,1A4B,ABFLOW034,Oil,,,0.0
Hungary,2005,1A4C1,ABFLOW036,Coal,,,0.0
Hungary,2005,1A4C1,ABFLOW036,Natural gas,,,0.0
Hungary,2005,1A4C1,ABFLOW036,Oil,,,0.0
Hungary,2005,1A4C2,ABFLOW037,Coal,,,0.0
Hungary,2005,1A4C2,ABFLOW037,Natural gas,,,0.0
Hungary,2005,1A4C2,ABFLOW037,Oil,,,0.0
Hungary,2005,1A5,ABFLOW038,Coal,,,0.0
Hungary,2005,1A5,ABFLOW038,Natural gas,,,0.0
Hungary,2005,1A5,ABFLOW038,Oil,,,0.0
Hungary,2006,1A,ABFLOW001,Coal,,,0.0
Hungary,2006,1A,ABFLOW001,Natural gas,,,0.0
Hungary,2006,1A,ABFLOW001,Oil,,,0.0
Hungary,2006,1A1A,ABFLOW002,Coal,,,0.0
Hungary,2006,1A1A,ABFLOW002,Natural gas,,,0.0
Hungary,2006,1A1A,ABFLOW002,Oil,,,0.0
Hungary,2006,1A1A1,ABFLOW003,Coal,35.05604400516287,,35.05604400516287
Hungary,2006,1A1A1,ABFLOW003,Natural gas,35.05604400516287,,35.05604400516287
Hungary,2006,1A1A1,ABFLOW003,Oil,35.05604400516287,,35.05604400516287
Hungary,2006,1A1A2,ABFLOW004,Coal,35.05604400516287,,35.05604400516287
Hungary,2006,1A1A2,ABFLOW004,Natural gas,35.05604400516287,,35.05604400516287
Hungary,2006,1A1A2,ABFLOW004,Oil,35.05604400516287,,35.05604400516287
Hungary,2006,1A1A3,ABFLOW005,Coal,35.05604400516287,,35.05604400516287
Hungary,2006,1A1A3,ABFLOW005,Natural gas,35.05604400516287,,35.05604400516287
Hungary,2006,1A1A3,ABFLOW005,Oil,35.05604400516287,,35.05604400516287
Hungary,2006,1A1B,ABFLOW011,Coal,35.05604400516287,,35.05604400516287
Hungary,2006,1A1B,ABFLOW011,Natural gas,35.05604400516287,,35.05604400516287
Hungary,2006,1A1B,ABFLOW011,Oil,35.05604400516287,,35.05604400516287
Hungary,2006,1A1C,ABFLOW011,Coal,35.05604400516287,,35.05604400516287
Hungary,2006,1A1C,ABFLOW011,Natural gas,35.05604400516287,,35.05604400516287
Hungary,2006,1A1C,ABFLOW011,Oil,35.05604400516287,,35.05604400516287
Hungary,2006,1A2,ABFLOW012,Coal,,,0.0
Hungary,2006,1A2,ABFLOW012,Natural gas,,,0.0
Hungary,2006,1A2,ABFLOW012,Oil,,,0.0
Hungary,2006,1A2A,ABFLOW016,Coal,35.05604400516287,,35.05604400516287
Hungary,2006,1A2A,ABFLOW016,Natural gas,35.05604400516287,,35.05604400516287
Hungary,2006,1A2A,ABFLOW016,Oil,35.05604400516287,,35.05604400516287
Hungary,2006,1A2B,ABFLOW018,Coal,35.05604400516287,,35.05604400516287
Hungary,2006,1A2B,ABFLOW018,Natural gas,35.05604400516287,,35.05604400516287
Hungary,2006,1A2B,ABFLOW018,Oil,35.05604400516287,,35.05604400516287
Hungary,2006,1A2C,ABFLOW017,Coal,35.05604400516287,,35.05604400516287
Hungary,2006,1A2C,ABFLOW017,Natural gas,35.05604400516287,,35.05604400516287
Hungary,2006,1A2C,ABFLOW017,Oil,35.05604400516287,,35.05604400516287
Hungary,2006,1A2D,ABFLOW023,Coal,35.05604400516287,,35.05604400516287
Hungary,2006,1A2D,ABFLOW023,Natural gas,35.05604400516287,,35.05604400516287
Hungary,2006,1A2D,ABFLOW023,Oil,35.05604400516287,,35.05604400516287
Hungary,2006,1A2E,ABFLOW022,Coal,35.05604400516287,,35.05604400516287
Hungary,2006,1A2E,ABFLOW022,Natural gas,35.05604400516287,,35.05604400516287
Hungary,2006,1A2E,ABFLOW022,Oil,35.05604400516287,,35.05604400516287
Hungary,2006,1A2F,ABFLOW019,Coal,35.05604400516287,,35.05604400516287
Hungary,2006,1A2F,ABFLOW019,Natural gas,35.05604400516287,,35.05604400516287
Hungary,2006,1A2F,ABFLOW019,Oil,35.05604400516287,,35.05604400516287
Hungary,2006,1A2G,ABFLOW020,Coal,35.05604400516287,,35.05604400516287
Hungary,2006,1A2G,ABFLOW020,Natural gas,35.05604400516287,,35.05604400516287
Hungary,2006,1A2G,ABFLOW020,Oil,35.05604400516287,,35.05604400516287
Hungary,2006,1A2H,ABFLOW021,Coal,35.05604400516287,,35.05604400516287
Hungary,2006,1A2H,ABFLOW021,Natural gas,35.05604400516287,,35.05604400516287
Hungary,2006,1A2H,ABFLOW021,Oil,35.05604400516287,,35.05604400516287
Hungary,2006,1A2I,ABFLOW013,Coal,35.05604400516287,,35.05604400516287
Hungary,2006,1A2I,ABFLOW013,Natural gas,35.05604400516287,,35.05604400516287
Hungary,2006,1A2I,ABFLOW013,Oil,35.05604400516287,,35.05604400516287
Hungary,2006,1A2J,ABFLOW024,Coal,35.05604400516287,,35.05604400516287
Hungary,2006,1A2J,ABFLOW024,Natural gas,35.05604400516287,,35.05604400516287
Hungary,2006,1A2J,ABFLOW024,Oil,35.05604400516287,,35.05604400516287
Hungary,2006,1A2K,ABFLOW014,Coal,35.05604400516287,,35.05604400516287
Hungary,2006,1A2K,ABFLOW014,Natural gas,35.05604400516287,,35.05604400516287
Hungary,2006,1A2K,ABFLOW014,Oil,35.05604400516287,,35.05604400516287
Hungary,2006,1A2L,ABFLOW025,Coal,35.05604400516287,,35.05604400516287
Hungary,2006,1A2L,ABFLOW025,Natural gas,35.05604400516287,,35.05604400516287
Hungary,2006,1A2L,ABFLOW025,Oil,35.05604400516287,,35.05604400516287
Hungary,2006,1A2M,ABFLOW026,Coal,35.05604400516287,,35.05604400516287
Hungary,2006,1A2M,ABFLOW026,Natural gas,35.05604400516287,,35.05604400516287
Hungary,2006,1A2M,ABFLOW026,Oil,35.05604400516287,,35.05604400516287
Hungary,2006,1A3,ABFLOW027,Coal,,,0.0
Hungary,2006,1A3,ABFLOW027,Natural gas,,,0.0
Hungary,2006,1A3,ABFLOW027,Oil,,,0.0
Hungary,2006,1A3A1,ABFLOW040,Coal,,,0.0
Hungary,2006,1A3A1,ABFLOW040,Natural gas,,,0.0
Hungary,2006,1A3A1,ABFLOW040,Oil,,,0.0
Hungary,2006,1A3A2,ABFLOW029,Coal,,,0.0
Hungary,2006,1A3A2,ABFLOW029,Natural gas,,,0.0
Hungary,2006,1A3A2,ABFLOW029,Oil,,,0.0
Hungary,2006,1A3B,ABFLOW028,Coal,,,0.0
Hungary,2006,1A3B,ABFLOW028,Natural gas,,,0.0
Hungary,2006,1A3B,ABFLOW028,Oil,,,0.0
Hungary,2006,1A3C,ABFLOW030,Coal,,,0.0
Hungary,2006,1A3C,ABFLOW030,Natural gas,,,0.0
Hungary,2006,1A3C,ABFLOW030,Oil,,,0.0
Hungary,2006,1A3D1,ABFLOW039,Coal,,,0.0
Hungary,2006,1A3D1,ABFLOW039,Natural gas,,,0.0
Hungary,2006,1A3D1,ABFLOW039,Oil,,,0.0
Hungary,2006,1A3D2,ABFLOW032,Coal,,,0.0
Hungary,2006,1A3D2,ABFLOW032,Natural gas,,,0.0
Hungary,2006,1A3D2,ABFLOW032,Oil,,,0.0
Hungary,2006,1A3E1,ABFLOW033,Coal,,,0.0
Hungary,2006,1A3E1,ABFLOW033,Natural gas,,,0.0
Hungary,2006,1A3E1,ABFLOW033,Oil,,,0.0
Hungary,2006,1A4A,ABFLOW035,Coal,,,0.0
Hungary,2006,1A4A,ABFLOW035,Natural gas,,,0.0
Hungary,2006,1A4A,ABFLOW035,Oil,,,0.0
Hungary,2006,1A4B,ABFLOW034,Coal,,,0.0
Hungary,2006,1A4B,ABFLOW034,Natural gas,,,0.0
Hungary,2006,1A4B,ABFLOW034,Oil,,,0.0
Hungary,2006,1A4C1,ABFLOW036,Coal,,,0.0
Hungary,2006,1A4C1,ABFLOW036,Natural gas,,,0.0
Hungary,2006,1A4C1,ABFLOW036,Oil,,,0.0
Hungary,2006,1A4C2,ABFLOW037,Coal,,,0.0
Hungary,2006,1A4C2,ABFLOW037,Natural gas,,,0.0
Hungary,2006,1A4C2,ABFLOW037,Oil,,,0.0
Hungary,2006,1A5,ABFLOW038,Coal,,,0.0
Hungary,2006,1A5,ABFLOW038,Natural gas,,,0.0
Hungary,2006,1A5,ABFLOW038,Oil,,,0.0
Hungary,2007,1A,ABFLOW001,Coal,,,0.0
Hungary,2007,1A,ABFLOW001,Natural gas,,,0.0
Hungary,2007,1A,ABFLOW001,Oil,,,0.0
Hungary,2007,1A1A,ABFLOW002,Coal,,,0.0
Hungary,2007,1A1A,ABFLOW002,Natural gas,,,0.0
Hungary,2007,1A1A,ABFLOW002,Oil,,,0.0
Hungary,2007,1A1A1,ABFLOW003,Coal,1.266157509873884,,1.266157509873884
Hungary,2007,1A1A1,ABFLOW003,Natural gas,1.266157509873884,,1.266157509873884
Hungary,2007,1A1A1,ABFLOW003,Oil,1.266157509873884,,1.266157509873884
Hungary,2007,1A1A2,ABFLOW004,Coal,1.266157509873884,,1.266157509873884
Hungary,2007,1A1A2,ABFLOW004,Natural gas,1.266157509873884,,1.266157509873884
Hungary,2007,1A1A2,ABFLOW004,Oil,1.266157509873884,,1.266157509873884
Hungary,2007,1A1A3,ABFLOW005,Coal,1.266157509873884,,1.266157509873884
Hungary,2007,1A1A3,ABFLOW005,Natural gas,1.266157509873884,,1.266157509873884
Hungary,2007,1A1A3,ABFLOW005,Oil,1.266157509873884,,1.266157509873884
Hungary,2007,1A1B,ABFLOW011,Coal,1.266157509873884,,1.266157509873884
Hungary,2007,1A1B,ABFLOW011,Natural gas,1.266157509873884,,1.266157509873884
Hungary,2007,1A1B,ABFLOW011,Oil,1.266157509873884,,1.266157509873884
Hungary,2007,1A1C,ABFLOW011,Coal,1.266157509873884,,1.266157509873884
Hungary,2007,1A1C,ABFLOW011,Natural gas,1.266157509873884,,1.266157509873884
Hungary,2007,1A1C,ABFLOW011,Oil,1.266157509873884,,1.266157509873884
Hungary,2007,1A2,ABFLOW012,Coal,,,0.0
Hungary,2007,1A2,ABFLOW012,Natural gas,,,0.0
Hungary,2007,1A2,ABFLOW012,Oil,,,0.0
Hungary,2007,1A2A,ABFLOW016,Coal,1.266157509873884,,1.266157509873884
Hungary,2007,1A2A,ABFLOW016,Natural gas,1.266157509873884,,1.266157509873884
Hungary,2007,1A2A,ABFLOW016,Oil,1.266157509873884,,1.266157509873884
Hungary,2007,1A2B,ABFLOW018,Coal,1.266157509873884,,1.266157509873884
Hungary,2007,1A2B,ABFLOW018,Natural gas,1.266157509873884,,1.266157509873884
Hungary,2007,1A2B,ABFLOW018,Oil,1.266157509873884,,1.266157509873884
Hungary,2007,1A2C,ABFLOW017,Coal,1.266157509873884,,1.266157509873884
Hungary,2007,1A2C,ABFLOW017,Natural gas,1.266157509873884,,1.266157509873884
Hungary,2007,1A2C,ABFLOW017,Oil,1.266157509873884,,1.266157509873884
Hungary,2007,1A2D,ABFLOW023,Coal,1.266157509873884,,1.266157509873884
Hungary,2007,1A2D,ABFLOW023,Natural gas,1.266157509873884,,1.266157509873884
Hungary,2007,1A2D,ABFLOW023,Oil,1.266157509873884,,1.266157509873884
Hungary,2007,1A2E,ABFLOW022,Coal,1.266157509873884,,1.266157509873884
Hungary,2007,1A2E,ABFLOW022,Natural gas,1.266157509873884,,1.266157509873884
Hungary,2007,1A2E,ABFLOW022,Oil,1.266157509873884,,1.266157509873884
Hungary,2007,1A2F,ABFLOW019,Coal,1.266157509873884,,1.266157509873884
Hungary,2007,1A2F,ABFLOW019,Natural gas,1.266157509873884,,1.266157509873884
Hungary,2007,1A2F,ABFLOW019,Oil,1.266157509873884,,1.266157509873884
Hungary,2007,1A2G,ABFLOW020,Coal,1.266157509873884,,1.266157509873884
Hungary,2007,1A2G,ABFLOW020,Natural gas,1.266157509873884,,1.266157509873884
Hungary,2007,1A2G,ABFLOW020,Oil,1.266157509873884,,1.266157509873884
Hungary,2007,1A2H,ABFLOW021,Coal,1.266157509873884,,1.266157509873884
Hungary,2007,1A2H,ABFLOW021,Natural gas,1.266157509873884,,1.266157509873884
Hungary,2007,1A2H,ABFLOW021,Oil,1.266157509873884,,1.266157509873884
Hungary,2007,1A2I,ABFLOW013,Coal,1.266157509873884,,1.266157509873884
Hungary,2007,1A2I,ABFLOW013,Natural gas,1.266157509873884,,1.266157509873884
Hungary,2007,1A2I,ABFLOW013,Oil,1.266157509873884,,1.266157509873884
Hungary,2007,1A2J,ABFLOW024,Coal,1.266157509873884,,1.266157509873884
Hungary,2007,1A2J,ABFLOW024,Natural gas,1.266157509873884,,1.266157509873884
Hungary,2007,1A2J,ABFLOW024,Oil,1.266157509873884,,1.266157509873884
Hungary,2007,1A2K,ABFLOW014,Coal,1.266157509873884,,1.266157509873884
Hungary,2007,1A2K,ABFLOW014,Natural gas,1.266157509873884,,1.266157509873884
Hungary,2007,1A2K,ABFLOW014,Oil,1.266157509873884,,1.266157509873884
Hungary,2007,1A2L,ABFLOW025,Coal,1.266157509873884,,1.266157509873884
Hungary,2007,1A2L,ABFLOW025,Natural gas,1.266157509873884,,1.266157509873884
Hungary,2007,1A2L,ABFLOW025,Oil,1.266157509873884,,1.266157509873884
Hungary,2007,1A2M,ABFLOW026,Coal,1.266157509873884,,1.266157509873884
Hungary,2007,1A2M,ABFLOW026,Natural gas,1.266157509873884,,1.266157509873884
Hungary,2007,1A2M,ABFLOW026,Oil,1.266157509873884,,1.266157509873884
Hungary,2007,1A3,ABFLOW027,Coal,,,0.0
Hungary,2007,1A3,ABFLOW027,Natural gas,,,0.0
Hungary,2007,1A3,ABFLOW027,Oil,,,0.0
Hungary,2007,1A3A1,ABFLOW040,Coal,,,0.0
Hungary,2007,1A3A1,ABFLOW040,Natural gas,,,0.0
Hungary,2007,1A3A1,ABFLOW040,Oil,,,0.0
Hungary,2007,1A3A2,ABFLOW029,Coal,,,0.0
Hungary,2007,1A3A2,ABFLOW029,Natural gas,,,0.0
Hungary,2007,1A3A2,ABFLOW029,Oil,,,0.0
Hungary,2007,1A3B,ABFLOW028,Coal,,,0.0
Hungary,2007,1A3B,ABFLOW028,Natural gas,,,0.0
Hungary,2007,1A3B,ABFLOW028,Oil,,,0.0
Hungary,2007,1A3C,ABFLOW030,Coal,,,0.0
Hungary,2007,1A3C,ABFLOW030,Natural gas,,,0.0
Hungary,2007,1A3C,ABFLOW030,Oil,,,0.0
Hungary,2007,1A3D1,ABFLOW039,Coal,,,0.0
Hungary,2007,1A3D1,ABFLOW039,Natural gas,,,0.0
Hungary,2007,1A3D1,ABFLOW039,Oil,,,0.0
Hungary,2007,1A3D2,ABFLOW032,Coal,,,0.0
Hungary,2007,1A3D2,ABFLOW032,Natural gas,,,0.0
Hungary,2007,1A3D2,ABFLOW032,Oil,,,0.0
Hungary,2007,1A3E1,ABFLOW033,Coal,,,0.0
Hungary,2007,1A3E1,ABFLOW033,Natural gas,,,0.0
Hungary,2007,1A3E1,ABFLOW033,Oil,,,0.0
Hungary,2007,1A4A,ABFLOW035,Coal,,,0.0
Hungary,2007,1A4A,ABFLOW035,Natural gas,,,0.0
Hungary,2007,1A4A,ABFLOW035,Oil,,,0.0
Hungary,2007,1A4B,ABFLOW034,Coal,,,0.0
Hungary,2007,1A4B,ABFLOW034,Natural gas,,,0.0
Hungary,2007,1A4B,ABFLOW034,Oil,,,0.0
Hungary,2007,1A4C1,ABFLOW036,Coal,,,0.0
Hungary,2007,1A4C1,ABFLOW036,Natural gas,,,0.0
Hungary,2007,1A4C1,ABFLOW036,Oil,,,0.0
Hungary,2007,1A4C2,ABFLOW037,Coal,,,0.0
Hungary,2007,1A4C2,ABFLOW037,Natural gas,,,0.0
Hungary,2007,1A4C2,ABFLOW037,Oil,,,0.0
Hungary,2007,1A5,ABFLOW038,Coal,,,0.0
Hungary,2007,1A5,ABFLOW038,Natural gas,,,0.0
Hungary,2007,1A5,ABFLOW038,Oil,,,0.0
Hungary,2008,1A,ABFLOW001,Coal,,,0.0
Hungary,2008,1A,ABFLOW001,Natural gas,,,0.0
Hungary,2008,1A,ABFLOW001,Oil,,,0.0
Hungary,2008,1A1A,ABFLOW002,Coal,,,0.0
Hungary,2008,1A1A,ABFLOW002,Natural gas,,,0.0
Hungary,2008,1A1A,ABFLOW002,Oil,,,0.0
Hungary,2008,1A1A1,ABFLOW003,Coal,31.81316302881649,,31.81316302881649
Hungary,2008,1A1A1,ABFLOW003,Natural gas,31.81316302881649,,31.81316302881649
Hungary,2008,1A1A1,ABFLOW003,Oil,31.81316302881649,,31.81316302881649
Hungary,2008,1A1A2,ABFLOW004,Coal,31.81316302881649,,31.81316302881649
Hungary,2008,1A1A2,ABFLOW004,Natural gas,31.81316302881649,,31.81316302881649
Hungary,2008,1A1A2,ABFLOW004,Oil,31.81316302881649,,31.81316302881649
Hungary,2008,1A1A3,ABFLOW005,Coal,31.81316302881649,,31.81316302881649
Hungary,2008,1A1A3,ABFLOW005,Natural gas,31.81316302881649,,31.81316302881649
Hungary,2008,1A1A3,ABFLOW005,Oil,31.81316302881649,,31.81316302881649
Hungary,2008,1A1B,ABFLOW011,Coal,31.81316302881649,,31.81316302881649
Hungary,2008,1A1B,ABFLOW011,Natural gas,31.81316302881649,,31.81316302881649
Hungary,2008,1A1B,ABFLOW011,Oil,31.81316302881649,,31.81316302881649
Hungary,2008,1A1C,ABFLOW011,Coal,31.81316302881649,,31.81316302881649
Hungary,2008,1A1C,ABFLOW011,Natural gas,31.81316302881649,,31.81316302881649
Hungary,2008,1A1C,ABFLOW011,Oil,31.81316302881649,,31.81316302881649
Hungary,2008,1A2,ABFLOW012,Coal,,,0.0
Hungary,2008,1A2,ABFLOW012,Natural gas,,,0.0
Hungary,2008,1A2,ABFLOW012,Oil,,,0.0
Hungary,2008,1A2A,ABFLOW016,Coal,31.81316302881649,,31.81316302881649
Hungary,2008,1A2A,ABFLOW016,Natural gas,31.81316302881649,,31.81316302881649
Hungary,2008,1A2A,ABFLOW016,Oil,31.81316302881649,,31.81316302881649
Hungary,2008,1A2B,ABFLOW018,Coal,31.81316302881649,,31.81316302881649
Hungary,2008,1A2B,ABFLOW018,Natural gas,31.81316302881649,,31.81316302881649
Hungary,2008,1A2B,ABFLOW018,Oil,31.81316302881649,,31.81316302881649
Hungary,2008,1A2C,ABFLOW017,Coal,31.81316302881649,,31.81316302881649
Hungary,2008,1A2C,ABFLOW017,Natural gas,31.81316302881649,,31.81316302881649
Hungary,2008,1A2C,ABFLOW017,Oil,31.81316302881649,,31.81316302881649
Hungary,2008,1A2D,ABFLOW023,Coal,31.81316302881649,,31.81316302881649
Hungary,2008,1A2D,ABFLOW023,Natural gas,31.81316302881649,,31.81316302881649
Hungary,2008,1A2D,ABFLOW023,Oil,31.81316302881649,,31.81316302881649
Hungary,2008,1A2E,ABFLOW022,Coal,31.81316302881649,,31.81316302881649
Hungary,2008,1A2E,ABFLOW022,Natural gas,31.81316302881649,,31.81316302881649
Hungary,2008,1A2E,ABFLOW022,Oil,31.81316302881649,,31.81316302881649
Hungary,2008,1A2F,ABFLOW019,Coal,31.81316302881649,,31.81316302881649
Hungary,2008,1A2F,ABFLOW019,Natural gas,31.81316302881649,,31.81316302881649
Hungary,2008,1A2F,ABFLOW019,Oil,31.81316302881649,,31.81316302881649
Hungary,2008,1A2G,ABFLOW020,Coal,31.81316302881649,,31.81316302881649
Hungary,2008,1A2G,ABFLOW020,Natural gas,31.81316302881649,,31.81316302881649
Hungary,2008,1A2G,ABFLOW020,Oil,31.81316302881649,,31.81316302881649
Hungary,2008,1A2H,ABFLOW021,Coal,31.81316302881649,,31.81316302881649
Hungary,2008,1A2H,ABFLOW021,Natural gas,31.81316302881649,,31.81316302881649
Hungary,2008,1A2H,ABFLOW021,Oil,31.81316302881649,,31.81316302881649
Hungary,2008,1A2I,ABFLOW013,Coal,31.81316302881649,,31.81316302881649
Hungary,2008,1A2I,ABFLOW013,Natural gas,31.81316302881649,,31.81316302881649
Hungary,2008,1A2I,ABFLOW013,Oil,31.81316302881649,,31.81316302881649
Hungary,2008,1A2J,ABFLOW024,Coal,31.81316302881649,,31.81316302881649
Hungary,2008,1A2J,ABFLOW024,Natural gas,31.81316302881649,,31.81316302881649
Hungary,2008,1A2J,ABFLOW024,Oil,31.81316302881649,,31.81316302881649
Hungary,2008,1A2K,ABFLOW014,Coal,31.81316302881649,,31.81316302881649
Hungary,2008,1A2K,ABFLOW014,Natural gas,31.81316302881649,,31.81316302881649
Hungary,2008,1A2K,ABFLOW014,Oil,31.81316302881649,,31.81316302881649
Hungary,2008,1A2L,ABFLOW025,Coal,31.81316302881649,,31.81316302881649
Hungary,2008,1A2L,ABFLOW025,Natural gas,31.81316302881649,,31.81316302881649
Hungary,2008,1A2L,ABFLOW025,Oil,31.81316302881649,,31.81316302881649
Hungary,2008,1A2M,ABFLOW026,Coal,31.81316302881649,,31.81316302881649
Hungary,2008,1A2M,ABFLOW026,Natural gas,31.81316302881649,,31.81316302881649
Hungary,2008,1A2M,ABFLOW026,Oil,31.81316302881649,,31.81316302881649
Hungary,2008,1A3,ABFLOW027,Coal,,,0.0
Hungary,2008,1A3,ABFLOW027,Natural gas,,,0.0
Hungary,2008,1A3,ABFLOW027,Oil,,,0.0
Hungary,2008,1A3A1,ABFLOW040,Coal,,,0.0
Hungary,2008,1A3A1,ABFLOW040,Natural gas,,,0.0
Hungary,2008,1A3A1,ABFLOW040,Oil,,,0.0
Hungary,2008,1A3A2,ABFLOW029,Coal,,,0.0
Hungary,2008,1A3A2,ABFLOW029,Natural gas,,,0.0
Hungary,2008,1A3A2,ABFLOW029,Oil,,,0.0
Hungary,2008,1A3B,ABFLOW028,Coal,,,0.0
Hungary,2008,1A3B,ABFLOW028,Natural gas,,,0.0
Hungary,2008,1A3B,ABFLOW028,Oil,,,0.0
Hungary,2008,1A3C,ABFLOW030,Coal,,,0.0
Hungary,2008,1A3C,ABFLOW030,Natural gas,,,0.0
Hungary,2008,1A3C,ABFLOW030,Oil,,,0.0
Hungary,2008,1A3D1,ABFLOW039,Coal,,,0.0
Hungary,2008,1A3D1,ABFLOW039,Natural gas,,,0.0
Hungary,2008,1A3D1,ABFLOW039,Oil,,,0.0
Hungary,2008,1A3D2,ABFLOW032,Coal,,,0.0
Hungary,2008,1A3D2,ABFLOW032,Natural gas,,,0.0
Hungary,2008,1A3D2,ABFLOW032,Oil,,,0.0
Hungary,2008,1A3E1,ABFLOW033,Coal,,,0.0
Hungary,2008,1A3E1,ABFLOW033,Natural gas,,,0.0
Hungary,2008,1A3E1,ABFLOW033,Oil,,,0.0
Hungary,2008,1A4A,ABFLOW035,Coal,,,0.0
Hungary,2008,1A4A,ABFLOW035,Natural gas,,,0.0
Hungary,2008,1A4A,ABFLOW035,Oil,,,0.0
Hungary,2008,1A4B,ABFLOW034,Coal,,,0.0
Hungary,2008,1A4B,ABFLOW034,Natural gas,,,0.0
Hungary,2008,1A4B,ABFLOW034,Oil,,,0.0
Hungary,2008,1A4C1,ABFLOW036,Coal,,,0.0
Hungary,2008,1A4C1,ABFLOW036,Natural gas,,,0.0
Hungary,2008,1A4C1,ABFLOW036,Oil,,,0.0
Hungary,2008,1A4C2,ABFLOW037,Coal,,,0.0
Hungary,2008,1A4C2,ABFLOW037,Natural gas,,,0.0
Hungary,2008,1A4C2,ABFLOW037,Oil,,,0.0
Hungary,2008,1A5,ABFLOW038,Coal,,,0.0
Hungary,2008,1A5,ABFLOW038,Natural gas,,,0.0
Hungary,2008,1A5,ABFLOW038,Oil,,,0.0
Hungary,2009,1A,ABFLOW001,Coal,,,0.0
Hungary,2009,1A,ABFLOW001,Natural gas,,,0.0
Hungary,2009,1A,ABFLOW001,Oil,,,0.0
Hungary,2009,1A1A,ABFLOW002,Coal,,,0.0
Hungary,2009,1A1A,ABFLOW002,Natural gas,,,0.0
Hungary,2009,1A1A,ABFLOW002,Oil,,,0.0
Hungary,2009,1A1A1,ABFLOW003,Coal,23.100374020940343,,23.100374020940343
Hungary,2009,1A1A1,ABFLOW003,Natural gas,23.100374020940343,,23.100374020940343
Hungary,2009,1A1A1,ABFLOW003,Oil,23.100374020940343,,23.100374020940343
Hungary,2009,1A1A2,ABFLOW004,Coal,23.100374020940343,,23.100374020940343
Hungary,2009,1A1A2,ABFLOW004,Natural gas,23.100374020940343,,23.100374020940343
Hungary,2009,1A1A2,ABFLOW004,Oil,23.100374020940343,,23.100374020940343
Hungary,2009,1A1A3,ABFLOW005,Coal,23.100374020940343,,23.100374020940343
Hungary,2009,1A1A3,ABFLOW005,Natural gas,23.100374020940343,,23.100374020940343
Hungary,2009,1A1A3,ABFLOW005,Oil,23.100374020940343,,23.100374020940343
Hungary,2009,1A1B,ABFLOW011,Coal,23.100374020940343,,23.100374020940343
Hungary,2009,1A1B,ABFLOW011,Natural gas,23.100374020940343,,23.100374020940343
Hungary,2009,1A1B,ABFLOW011,Oil,23.100374020940343,,23.100374020940343
Hungary,2009,1A1C,ABFLOW011,Coal,23.100374020940343,,23.100374020940343
Hungary,2009,1A1C,ABFLOW011,Natural gas,23.100374020940343,,23.100374020940343
Hungary,2009,1A1C,ABFLOW011,Oil,23.100374020940343,,23.100374020940343
Hungary,2009,1A2,ABFLOW012,Coal,,,0.0
Hungary,2009,1A2,ABFLOW012,Natural gas,,,0.0
Hungary,2009,1A2,ABFLOW012,Oil,,,0.0
Hungary,2009,1A2A,ABFLOW016,Coal,23.100374020940343,,23.100374020940343
Hungary,2009,1A2A,ABFLOW016,Natural gas,23.100374020940343,,23.100374020940343
Hungary,2009,1A2A,ABFLOW016,Oil,23.100374020940343,,23.100374020940343
Hungary,2009,1A2B,ABFLOW018,Coal,23.100374020940343,,23.100374020940343
Hungary,2009,1A2B,ABFLOW018,Natural gas,23.100374020940343,,23.100374020940343
Hungary,2009,1A2B,ABFLOW018,Oil,23.100374020940343,,23.100374020940343
Hungary,2009,1A2C,ABFLOW017,Coal,23.100374020940343,,23.100374020940343
Hungary,2009,1A2C,ABFLOW017,Natural gas,23.100374020940343,,23.100374020940343
Hungary,2009,1A2C,ABFLOW017,Oil,23.100374020940343,,23.100374020940343
Hungary,2009,1A2D,ABFLOW023,Coal,23.100374020940343,,23.100374020940343
Hungary,2009,1A2D,ABFLOW023,Natural gas,23.100374020940343,,23.100374020940343
Hungary,2009,1A2D,ABFLOW023,Oil,23.100374020940343,,23.100374020940343
Hungary,2009,1A2E,ABFLOW022,Coal,23.100374020940343,,23.100374020940343
Hungary,2009,1A2E,ABFLOW022,Natural gas,23.100374020940343,,23.100374020940343
Hungary,2009,1A2E,ABFLOW022,Oil,23.100374020940343,,23.100374020940343
Hungary,2009,1A2F,ABFLOW019,Coal,23.100374020940343,,23.100374020940343
Hungary,2009,1A2F,ABFLOW019,Natural gas,23.100374020940343,,23.100374020940343
Hungary,2009,1A2F,ABFLOW019,Oil,23.100374020940343,,23.100374020940343
Hungary,2009,1A2G,ABFLOW020,Coal,23.100374020940343,,23.100374020940343
Hungary,2009,1A2G,ABFLOW020,Natural gas,23.100374020940343,,23.100374020940343
Hungary,2009,1A2G,ABFLOW020,Oil,23.100374020940343,,23.100374020940343
Hungary,2009,1A2H,ABFLOW021,Coal,23.100374020940343,,23.100374020940343
Hungary,2009,1A2H,ABFLOW021,Natural gas,23.100374020940343,,23.100374020940343
Hungary,2009,1A2H,ABFLOW021,Oil,23.100374020940343,,23.100374020940343
Hungary,2009,1A2I,ABFLOW013,Coal,23.100374020940343,,23.100374020940343
Hungary,2009,1A2I,ABFLOW013,Natural gas,23.100374020940343,,23.100374020940343
Hungary,2009,1A2I,ABFLOW013,Oil,23.100374020940343,,23.100374020940343
Hungary,2009,1A2J,ABFLOW024,Coal,23.100374020940343,,23.100374020940343
Hungary,2009,1A2J,ABFLOW024,Natural gas,23.100374020940343,,23.100374020940343
Hungary,2009,1A2J,ABFLOW024,Oil,23.100374020940343,,23.100374020940343
Hungary,2009,1A2K,ABFLOW014,Coal,23.100374020940343,,23.100374020940343
Hungary,2009,1A2K,ABFLOW014,Natural gas,23.100374020940343,,23.100374020940343
Hungary,2009,1A2K,ABFLOW014,Oil,23.100374020940343,,23.100374020940343
Hungary,2009,1A2L,ABFLOW025,Coal,23.100374020940343,,23.100374020940343
Hungary,2009,1A2L,ABFLOW025,Natural gas,23.100374020940343,,23.100374020940343
Hungary,2009,1A2L,ABFLOW025,Oil,23.100374020940343,,23.100374020940343
Hungary,2009,1A2M,ABFLOW026,Coal,23.100374020940343,,23.100374020940343
Hungary,2009,1A2M,ABFLOW026,Natural gas,23.100374020940343,,23.100374020940343
Hungary,2009,1A2M,ABFLOW026,Oil,23.100374020940343,,23.100374020940343
Hungary,2009,1A3,ABFLOW027,Coal,,,0.0
Hungary,2009,1A3,ABFLOW027,Natural gas,,,0.0
Hungary,2009,1A3,ABFLOW027,Oil,,,0.0
Hungary,2009,1A3A1,ABFLOW040,Coal,,,0.0
Hungary,2009,1A3A1,ABFLOW040,Natural gas,,,0.0
Hungary,2009,1A3A1,ABFLOW040,Oil,,,0.0
Hungary,2009,1A3A2,ABFLOW029,Coal,,,0.0
Hungary,2009,1A3A2,ABFLOW029,Natural gas,,,0.0
Hungary,2009,1A3A2,ABFLOW029,Oil,,,0.0
Hungary,2009,1A3B,ABFLOW028,Coal,,,0.0
Hungary,2009,1A3B,ABFLOW028,Natural gas,,,0.0
Hungary,2009,1A3B,ABFLOW028,Oil,,,0.0
Hungary,2009,1A3C,ABFLOW030,Coal,,,0.0
Hungary,2009,1A3C,ABFLOW030,Natural gas,,,0.0
Hungary,2009,1A3C,ABFLOW030,Oil,,,0.0
Hungary,2009,1A3D1,ABFLOW039,Coal,,,0.0
Hungary,2009,1A3D1,ABFLOW039,Natural gas,,,0.0
Hungary,2009,1A3D1,ABFLOW039,Oil,,,0.0
Hungary,2009,1A3D2,ABFLOW032,Coal,,,0.0
Hungary,2009,1A3D2,ABFLOW032,Natural gas,,,0.0
Hungary,2009,1A3D2,ABFLOW032,Oil,,,0.0
Hungary,2009,1A3E1,ABFLOW033,Coal,,,0.0
Hungary,2009,1A3E1,ABFLOW033,Natural gas,,,0.0
Hungary,2009,1A3E1,ABFLOW033,Oil,,,0.0
Hungary,2009,1A4A,ABFLOW035,Coal,,,0.0
Hungary,2009,1A4A,ABFLOW035,Natural gas,,,0.0
Hungary,2009,1A4A,ABFLOW035,Oil,,,0.0
Hungary,2009,1A4B,ABFLOW034,Coal,,,0.0
Hungary,2009,1A4B,ABFLOW034,Natural gas,,,0.0
Hungary,2009,1A4B,ABFLOW034,Oil,,,0.0
Hungary,2009,1A4C1,ABFLOW036,Coal,,,0.0
Hungary,2009,1A4C1,ABFLOW036,Natural gas,,,0.0
Hungary,2009,1A4C1,ABFLOW036,Oil,,,0.0
Hungary,2009,1A4C2,ABFLOW037,Coal,,,0.0
Hungary,2009,1A4C2,ABFLOW037,Natural gas,,,0.0
Hungary,2009,1A4C2,ABFLOW037,Oil,,,0.0
Hungary,2009,1A5,ABFLOW038,Coal,,,0.0
Hungary,2009,1A5,ABFLOW038,Natural gas,,,0.0
Hungary,2009,1A5,ABFLOW038,Oil,,,0.0
Hungary,2010,1A,ABFLOW001,Coal,,,0.0
Hungary,2010,1A,ABFLOW001,Natural gas,,,0.0
Hungary,2010,1A,ABFLOW001,Oil,,,0.0
Hungary,2010,1A1A,ABFLOW002,Coal,,,0.0
Hungary,2010,1A1A,ABFLOW002,Natural gas,,,0.0
Hungary,2010,1A1A,ABFLOW002,Oil,,,0.0
Hungary,2010,1A1A1,ABFLOW003,Coal,24.568608791788105,,24.568608791788105
Hungary,2010,1A1A1,ABFLOW003,Natural gas,24.568608791788105,,24.568608791788105
Hungary,2010,1A1A1,ABFLOW003,Oil,24.568608791788105,,24.568608791788105
Hungary,2010,1A1A2,ABFLOW004,Coal,24.568608791788105,,24.568608791788105
Hungary,2010,1A1A2,ABFLOW004,Natural gas,24.568608791788105,,24.568608791788105
Hungary,2010,1A1A2,ABFLOW004,Oil,24.568608791788105,,24.568608791788105
Hungary,2010,1A1A3,ABFLOW005,Coal,24.568608791788105,,24.568608791788105
Hungary,2010,1A1A3,ABFLOW005,Natural gas,24.568608791788105,,24.568608791788105
Hungary,2010,1A1A3,ABFLOW005,Oil,24.568608791788105,,24.568608791788105
Hungary,2010,1A1B,ABFLOW011,Coal,24.568608791788105,,24.568608791788105
Hungary,2010,1A1B,ABFLOW011,Natural gas,24.568608791788105,,24.568608791788105
Hungary,2010,1A1B,ABFLOW011,Oil,24.568608791788105,,24.568608791788105
Hungary,2010,1A1C,ABFLOW011,Coal,24.568608791788105,,24.568608791788105
Hungary,2010,1A1C,ABFLOW011,Natural gas,24.568608791788105,,24.568608791788105
Hungary,2010,1A1C,ABFLOW011,Oil,24.568608791788105,,24.568608791788105
Hungary,2010,1A2,ABFLOW012,Coal,,,0.0
Hungary,2010,1A2,ABFLOW012,Natural gas,,,0.0
Hungary,2010,1A2,ABFLOW012,Oil,,,0.0
Hungary,2010,1A2A,ABFLOW016,Coal,24.568608791788105,,24.568608791788105
Hungary,2010,1A2A,ABFLOW016,Natural gas,24.568608791788105,,24.568608791788105
Hungary,2010,1A2A,ABFLOW016,Oil,24.568608791788105,,24.568608791788105
Hungary,2010,1A2B,ABFLOW018,Coal,24.568608791788105,,24.568608791788105
Hungary,2010,1A2B,ABFLOW018,Natural gas,24.568608791788105,,24.568608791788105
Hungary,2010,1A2B,ABFLOW018,Oil,24.568608791788105,,24.568608791788105
Hungary,2010,1A2C,ABFLOW017,Coal,24.568608791788105,,24.568608791788105
Hungary,2010,1A2C,ABFLOW017,Natural gas,24.568608791788105,,24.568608791788105
Hungary,2010,1A2C,ABFLOW017,Oil,24.568608791788105,,24.568608791788105
Hungary,2010,1A2D,ABFLOW023,Coal,24.568608791788105,,24.568608791788105
Hungary,2010,1A2D,ABFLOW023,Natural gas,24.568608791788105,,24.568608791788105
Hungary,2010,1A2D,ABFLOW023,Oil,24.568608791788105,,24.568608791788105
Hungary,2010,1A2E,ABFLOW022,Coal,24.568608791788105,,24.568608791788105
Hungary,2010,1A2E,ABFLOW022,Natural gas,24.568608791788105,,24.568608791788105
Hungary,2010,1A2E,ABFLOW022,Oil,24.568608791788105,,24.568608791788105
Hungary,2010,1A2F,ABFLOW019,Coal,24.568608791788105,,24.568608791788105
Hungary,2010,1A2F,ABFLOW019,Natural gas,24.568608791788105,,24.568608791788105
Hungary,2010,1A2F,ABFLOW019,Oil,24.568608791788105,,24.568608791788105
Hungary,2010,1A2G,ABFLOW020,Coal,24.568608791788105,,24.568608791788105
Hungary,2010,1A2G,ABFLOW020,Natural gas,24.568608791788105,,24.568608791788105
Hungary,2010,1A2G,ABFLOW020,Oil,24.568608791788105,,24.568608791788105
Hungary,2010,1A2H,ABFLOW021,Coal,24.568608791788105,,24.568608791788105
Hungary,2010,1A2H,ABFLOW021,Natural gas,24.568608791788105,,24.568608791788105
Hungary,2010,1A2H,ABFLOW021,Oil,24.568608791788105,,24.568608791788105
Hungary,2010,1A2I,ABFLOW013,Coal,24.568608791788105,,24.568608791788105
Hungary,2010,1A2I,ABFLOW013,Natural gas,24.568608791788105,,24.568608791788105
Hungary,2010,1A2I,ABFLOW013,Oil,24.568608791788105,,24.568608791788105
Hungary,2010,1A2J,ABFLOW024,Coal,24.568608791788105,,24.568608791788105
Hungary,2010,1A2J,ABFLOW024,Natural gas,24.568608791788105,,24.568608791788105
Hungary,2010,1A2J,ABFLOW024,Oil,24.568608791788105,,24.568608791788105
Hungary,2010,1A2K,ABFLOW014,Coal,24.568608791788105,,24.568608791788105
Hungary,2010,1A2K,ABFLOW014,Natural gas,24.568608791788105,,24.568608791788105
Hungary,2010,1A2K,ABFLOW014,Oil,24.568608791788105,,24.568608791788105
Hungary,2010,1A2L,ABFLOW025,Coal,24.568608791788105,,24.568608791788105
Hungary,2010,1A2L,ABFLOW025,Natural gas,24.568608791788105,,24.568608791788105
Hungary,2010,1A2L,ABFLOW025,Oil,24.568608791788105,,24.568608791788105
Hungary,2010,1A2M,ABFLOW026,Coal,24.568608791788105,,24.568608791788105
Hungary,2010,1A2M,ABFLOW026,Natural gas,24.568608791788105,,24.568608791788105
Hungary,2010,1A2M,ABFLOW026,Oil,24.568608791788105,,24.568608791788105
Hungary,2010,1A3,ABFLOW027,Coal,,,0.0
Hungary,2010,1A3,ABFLOW027,Natural gas,,,0.0
Hungary,2010,1A3,ABFLOW027,Oil,,,0.0
Hungary,2010,1A3A1,ABFLOW040,Coal,,,0.0
Hungary,2010,1A3A1,ABFLOW040,Natural gas,,,0.0
Hungary,2010,1A3A1,ABFLOW040,Oil,,,0.0
Hungary,2010,1A3A2,ABFLOW029,Coal,,,0.0
Hungary,2010,1A3A2,ABFLOW029,Natural gas,,,0.0
Hungary,2010,1A3A2,ABFLOW029,Oil,,,0.0
Hungary,2010,1A3B,ABFLOW028,Coal,,,0.0
Hungary,2010,1A3B,ABFLOW028,Natural gas,,,0.0
Hungary,2010,1A3B,ABFLOW028,Oil,,,0.0
Hungary,2010,1A3C,ABFLOW030,Coal,,,0.0
Hungary,2010,1A3C,ABFLOW030,Natural gas,,,0.0
Hungary,2010,1A3C,ABFLOW030,Oil,,,0.0
Hungary,2010,1A3D1,ABFLOW039,Coal,,,0.0
Hungary,2010,1A3D1,ABFLOW039,Natural gas,,,0.0
Hungary,2010,1A3D1,ABFLOW039,Oil,,,0.0
Hungary,2010,1A3D2,ABFLOW032,Coal,,,0.0
Hungary,2010,1A3D2,ABFLOW032,Natural gas,,,0.0
Hungary,2010,1A3D2,ABFLOW032,Oil,,,0.0
Hungary,2010,1A3E1,ABFLOW033,Coal,,,0.0
Hungary,2010,1A3E1,ABFLOW033,Natural gas,,,0.0
Hungary,2010,1A3E1,ABFLOW033,Oil,,,0.0
Hungary,2010,1A4A,ABFLOW035,Coal,,,0.0
Hungary,2010,1A4A,ABFLOW035,Natural gas,,,0.0
Hungary,2010,1A4A,ABFLOW035,Oil,,,0.0
Hungary,2010,1A4B,ABFLOW034,Coal,,,0.0
Hungary,2010,1A4B,ABFLOW034,Natural gas,,,0.0
Hungary,2010,1A4B,ABFLOW034,Oil,,,0.0
Hungary,2010,1A4C1,ABFLOW036,Coal,,,0.0
Hungary,2010,1A4C1,ABFLOW036,Natural gas,,,0.0
Hungary,2010,1A4C1,ABFLOW036,Oil,,,0.0
Hungary,2010,1A4C2,ABFLOW037,Coal,,,0.0
Hungary,2010,1A4C2,ABFLOW037,Natural gas,,,0.0
Hungary,2010,1A4C2,ABFLOW037,Oil,,,0.0
Hungary,2010,1A5,ABFLOW038,Coal,,,0.0
Hungary,2010,1A5,ABFLOW038,Natural gas,,,0.0
Hungary,2010,1A5,ABFLOW038,Oil,,,0.0
Hungary,2011,1A,ABFLOW001,Coal,,,0.0
Hungary,2011,1A,ABFLOW001,Natural gas,,,0.0
Hungary,2011,1A,ABFLOW001,Oil,,,0.0
Hungary,2011,1A1A,ABFLOW002,Coal,,,0.0
Hungary,2011,1A1A,ABFLOW002,Natural gas,,,0.0
Hungary,2011,1A1A,ABFLOW002,Oil,,,0.0
Hungary,2011,1A1A1,ABFLOW003,Coal,21.75049357180468,,21.75049357180468
Hungary,2011,1A1A1,ABFLOW003,Natural gas,21.75049357180468,,21.75049357180468
Hungary,2011,1A1A1,ABFLOW003,Oil,21.75049357180468,,21.75049357180468
Hungary,2011,1A1A2,ABFLOW004,Coal,21.75049357180468,,21.75049357180468
Hungary,2011,1A1A2,ABFLOW004,Natural gas,21.75049357180468,,21.75049357180468
Hungary,2011,1A1A2,ABFLOW004,Oil,21.75049357180468,,21.75049357180468
Hungary,2011,1A1A3,ABFLOW005,Coal,21.75049357180468,,21.75049357180468
Hungary,2011,1A1A3,ABFLOW005,Natural gas,21.75049357180468,,21.75049357180468
Hungary,2011,1A1A3,ABFLOW005,Oil,21.75049357180468,,21.75049357180468
Hungary,2011,1A1B,ABFLOW011,Coal,21.75049357180468,,21.75049357180468
Hungary,2011,1A1B,ABFLOW011,Natural gas,21.75049357180468,,21.75049357180468
Hungary,2011,1A1B,ABFLOW011,Oil,21.75049357180468,,21.75049357180468
Hungary,2011,1A1C,ABFLOW011,Coal,21.75049357180468,,21.75049357180468
Hungary,2011,1A1C,ABFLOW011,Natural gas,21.75049357180468,,21.75049357180468
Hungary,2011,1A1C,ABFLOW011,Oil,21.75049357180468,,21.75049357180468
Hungary,2011,1A2,ABFLOW012,Coal,,,0.0
Hungary,2011,1A2,ABFLOW012,Natural gas,,,0.0
Hungary,2011,1A2,ABFLOW012,Oil,,,0.0
Hungary,2011,1A2A,ABFLOW016,Coal,21.75049357180468,,21.75049357180468
Hungary,2011,1A2A,ABFLOW016,Natural gas,21.75049357180468,,21.75049357180468
Hungary,2011,1A2A,ABFLOW016,Oil,21.75049357180468,,21.75049357180468
Hungary,2011,1A2B,ABFLOW018,Coal,21.75049357180468,,21.75049357180468
Hungary,2011,1A2B,ABFLOW018,Natural gas,21.75049357180468,,21.75049357180468
Hungary,2011,1A2B,ABFLOW018,Oil,21.75049357180468,,21.75049357180468
Hungary,2011,1A2C,ABFLOW017,Coal,21.75049357180468,,21.75049357180468
Hungary,2011,1A2C,ABFLOW017,Natural gas,21.75049357180468,,21.75049357180468
Hungary,2011,1A2C,ABFLOW017,Oil,21.75049357180468,,21.75049357180468
Hungary,2011,1A2D,ABFLOW023,Coal,21.75049357180468,,21.75049357180468
Hungary,2011,1A2D,ABFLOW023,Natural gas,21.75049357180468,,21.75049357180468
Hungary,2011,1A2D,ABFLOW023,Oil,21.75049357180468,,21.75049357180468
Hungary,2011,1A2E,ABFLOW022,Coal,21.75049357180468,,21.75049357180468
Hungary,2011,1A2E,ABFLOW022,Natural gas,21.75049357180468,,21.75049357180468
Hungary,2011,1A2E,ABFLOW022,Oil,21.75049357180468,,21.75049357180468
Hungary,2011,1A2F,ABFLOW019,Coal,21.75049357180468,,21.75049357180468
Hungary,2011,1A2F,ABFLOW019,Natural gas,21.75049357180468,,21.75049357180468
Hungary,2011,1A2F,ABFLOW019,Oil,21.75049357180468,,21.75049357180468
Hungary,2011,1A2G,ABFLOW020,Coal,21.75049357180468,,21.75049357180468
Hungary,2011,1A2G,ABFLOW020,Natural gas,21.75049357180468,,21.75049357180468
Hungary,2011,1A2G,ABFLOW020,Oil,21.75049357180468,,21.75049357180468
Hungary,2011,1A2H,ABFLOW021,Coal,21.75049357180468,,21.75049357180468
Hungary,2011,1A2H,ABFLOW021,Natural gas,21.75049357180468,,21.75049357180468
Hungary,2011,1A2H,ABFLOW021,Oil,21.75049357180468,,21.75049357180468
Hungary,2011,1A2I,ABFLOW013,Coal,21.75049357180468,,21.75049357180468
Hungary,2011,1A2I,ABFLOW013,Natural gas,21.75049357180468,,21.75049357180468
Hungary,2011,1A2I,ABFLOW013,Oil,21.75049357180468,,21.75049357180468
Hungary,2011,1A2J,ABFLOW024,Coal,21.75049357180468,,21.75049357180468
Hungary,2011,1A2J,ABFLOW024,Natural gas,21.75049357180468,,21.75049357180468
Hungary,2011,1A2J,ABFLOW024,Oil,21.75049357180468,,21.75049357180468
Hungary,2011,1A2K,ABFLOW014,Coal,21.75049357180468,,21.75049357180468
Hungary,2011,1A2K,ABFLOW014,Natural gas,21.75049357180468,,21.75049357180468
Hungary,2011,1A2K,ABFLOW014,Oil,21.75049357180468,,21.75049357180468
Hungary,2011,1A2L,ABFLOW025,Coal,21.75049357180468,,21.75049357180468
Hungary,2011,1A2L,ABFLOW025,Natural gas,21.75049357180468,,21.75049357180468
Hungary,2011,1A2L,ABFLOW025,Oil,21.75049357180468,,21.75049357180468
Hungary,2011,1A2M,ABFLOW026,Coal,21.75049357180468,,21.75049357180468
Hungary,2011,1A2M,ABFLOW026,Natural gas,21.75049357180468,,21.75049357180468
Hungary,2011,1A2M,ABFLOW026,Oil,21.75049357180468,,21.75049357180468
Hungary,2011,1A3,ABFLOW027,Coal,,,0.0
Hungary,2011,1A3,ABFLOW027,Natural gas,,,0.0
Hungary,2011,1A3,ABFLOW027,Oil,,,0.0
Hungary,2011,1A3A1,ABFLOW040,Coal,,,0.0
Hungary,2011,1A3A1,ABFLOW040,Natural gas,,,0.0
Hungary,2011,1A3A1,ABFLOW040,Oil,,,0.0
Hungary,2011,1A3A2,ABFLOW029,Coal,,,0.0
Hungary,2011,1A3A2,ABFLOW029,Natural gas,,,0.0
Hungary,2011,1A3A2,ABFLOW029,Oil,,,0.0
Hungary,2011,1A3B,ABFLOW028,Coal,,,0.0
Hungary,2011,1A3B,ABFLOW028,Natural gas,,,0.0
Hungary,2011,1A3B,ABFLOW028,Oil,,,0.0
Hungary,2011,1A3C,ABFLOW030,Coal,,,0.0
Hungary,2011,1A3C,ABFLOW030,Natural gas,,,0.0
Hungary,2011,1A3C,ABFLOW030,Oil,,,0.0
Hungary,2011,1A3D1,ABFLOW039,Coal,,,0.0
Hungary,2011,1A3D1,ABFLOW039,Natural gas,,,0.0
Hungary,2011,1A3D1,ABFLOW039,Oil,,,0.0
Hungary,2011,1A3D2,ABFLOW032,Coal,,,0.0
Hungary,2011,1A3D2,ABFLOW032,Natural gas,,,0.0
Hungary,2011,1A3D2,ABFLOW032,Oil,,,0.0
Hungary,2011,1A3E1,ABFLOW033,Coal,,,0.0
Hungary,2011,1A3E1,ABFLOW033,Natural gas,,,0.0
Hungary,2011,1A3E1,ABFLOW033,Oil,,,0.0
Hungary,2011,1A4A,ABFLOW035,Coal,,,0.0
Hungary,2011,1A4A,ABFLOW035,Natural gas,,,0.0
Hungary,2011,1A4A,ABFLOW035,Oil,,,0.0
Hungary,2011,1A4B,ABFLOW034,Coal,,,0.0
Hungary,2011,1A4B,ABFLOW034,Natural gas,,,0.0
Hungary,2011,1A4B,ABFLOW034,Oil,,,0.0
Hungary,2011,1A4C1,ABFLOW036,Coal,,,0.0
Hungary,2011,1A4C1,ABFLOW036,Natural gas,,,0.0
Hungary,2011,1A4C1,ABFLOW036,Oil,,,0.0
Hungary,2011,1A4C2,ABFLOW037,Coal,,,0.0
Hungary,2011,1A4C2,ABFLOW037,Natural gas,,,0.0
Hungary,2011,1A4C2,ABFLOW037,Oil,,,0.0
Hungary,2011,1A5,ABFLOW038,Coal,,,0.0
Hungary,2011,1A5,ABFLOW038,Natural gas,,,0.0
Hungary,2011,1A5,ABFLOW038,Oil,,,0.0
Hungary,2012,1A,ABFLOW001,Coal,,,0.0
Hungary,2012,1A,ABFLOW001,Natural gas,,,0.0
Hungary,2012,1A,ABFLOW001,Oil,,,0.0
Hungary,2012,1A1A,ABFLOW002,Coal,,,0.0
Hungary,2012,1A1A,ABFLOW002,Natural gas,,,0.0
Hungary,2012,1A1A,ABFLOW002,Oil,,,0.0
Hungary,2012,1A1A1,ABFLOW003,Coal,12.05608713245632,,12.05608713245632
Hungary,2012,1A1A1,ABFLOW003,Natural gas,12.05608713245632,,12.05608713245632
Hungary,2012,1A1A1,ABFLOW003,Oil,12.05608713245632,,12.05608713245632
Hungary,2012,1A1A2,ABFLOW004,Coal,12.05608713245632,,12.05608713245632
Hungary,2012,1A1A2,ABFLOW004,Natural gas,12.05608713245632,,12.05608713245632
Hungary,2012,1A1A2,ABFLOW004,Oil,12.05608713245632,,12.05608713245632
Hungary,2012,1A1A3,ABFLOW005,Coal,12.05608713245632,,12.05608713245632
Hungary,2012,1A1A3,ABFLOW005,Natural gas,12.05608713245632,,12.05608713245632
Hungary,2012,1A1A3,ABFLOW005,Oil,12.05608713245632,,12.05608713245632
Hungary,2012,1A1B,ABFLOW011,Coal,12.05608713245632,,12.05608713245632
Hungary,2012,1A1B,ABFLOW011,Natural gas,12.05608713245632,,12.05608713245632
Hungary,2012,1A1B,ABFLOW011,Oil,12.05608713245632,,12.05608713245632
Hungary,2012,1A1C,ABFLOW011,Coal,12.05608713245632,,12.05608713245632
Hungary,2012,1A1C,ABFLOW011,Natural gas,12.05608713245632,,12.05608713245632
Hungary,2012,1A1C,ABFLOW011,Oil,12.05608713245632,,12.05608713245632
Hungary,2012,1A2,ABFLOW012,Coal,,,0.0
Hungary,2012,1A2,ABFLOW012,Natural gas,,,0.0
Hungary,2012,1A2,ABFLOW012,Oil,,,0.0
Hungary,2012,1A2A,ABFLOW016,Coal,12.05608713245632,,12.05608713245632
Hungary,2012,1A2A,ABFLOW016,Natural gas,12.05608713245632,,12.05608713245632
Hungary,2012,1A2A,ABFLOW016,Oil,12.05608713245632,,12.05608713245632
Hungary,2012,1A2B,ABFLOW018,Coal,12.05608713245632,,12.05608713245632
Hungary,2012,1A2B,ABFLOW018,Natural gas,12.05608713245632,,12.05608713245632
Hungary,2012,1A2B,ABFLOW018,Oil,12.05608713245632,,12.05608713245632
Hungary,2012,1A2C,ABFLOW017,Coal,12.05608713245632,,12.05608713245632
Hungary,2012,1A2C,ABFLOW017,Natural gas,12.05608713245632,,12.05608713245632
Hungary,2012,1A2C,ABFLOW017,Oil,12.05608713245632,,12.05608713245632
Hungary,2012,1A2D,ABFLOW023,Coal,12.05608713245632,,12.05608713245632
Hungary,2012,1A2D,ABFLOW023,Natural gas,12.05608713245632,,12.05608713245632
Hungary,2012,1A2D,ABFLOW023,Oil,12.05608713245632,,12.05608713245632
Hungary,2012,1A2E,ABFLOW022,Coal,12.05608713245632,,12.05608713245632
Hungary,2012,1A2E,ABFLOW022,Natural gas,12.05608713245632,,12.05608713245632
Hungary,2012,1A2E,ABFLOW022,Oil,12.05608713245632,,12.05608713245632
Hungary,2012,1A2F,ABFLOW019,Coal,12.05608713245632,,12.05608713245632
Hungary,2012,1A2F,ABFLOW019,Natural gas,12.05608713245632,,12.05608713245632
Hungary,2012,1A2F,ABFLOW019,Oil,12.05608713245632,,12.05608713245632
Hungary,2012,1A2G,ABFLOW020,Coal,12.05608713245632,,12.05608713245632
Hungary,2012,1A2G,ABFLOW020,Natural gas,12.05608713245632,,12.05608713245632
Hungary,2012,1A2G,ABFLOW020,Oil,12.05608713245632,,12.05608713245632
Hungary,2012,1A2H,ABFLOW021,Coal,12.05608713245632,,12.05608713245632
Hungary,2012,1A2H,ABFLOW021,Natural gas,12.05608713245632,,12.05608713245632
Hungary,2012,1A2H,ABFLOW021,Oil,12.05608713245632,,12.05608713245632
Hungary,2012,1A2I,ABFLOW013,Coal,12.05608713245632,,12.05608713245632
Hungary,2012,1A2I,ABFLOW013,Natural gas,12.05608713245632,,12.05608713245632
Hungary,2012,1A2I,ABFLOW013,Oil,12.05608713245632,,12.05608713245632
Hungary,2012,1A2J,ABFLOW024,Coal,12.05608713245632,,12.05608713245632
Hungary,2012,1A2J,ABFLOW024,Natural gas,12.05608713245632,,12.05608713245632
Hungary,2012,1A2J,ABFLOW024,Oil,12.05608713245632,,12.05608713245632
Hungary,2012,1A2K,ABFLOW014,Coal,12.05608713245632,,12.05608713245632
Hungary,2012,1A2K,ABFLOW014,Natural gas,12.05608713245632,,12.05608713245632
Hungary,2012,1A2K,ABFLOW014,Oil,12.05608713245632,,12.05608713245632
Hungary,2012,1A2L,ABFLOW025,Coal,12.05608713245632,,12.05608713245632
Hungary,2012,1A2L,ABFLOW025,Natural gas,12.05608713245632,,12.05608713245632
Hungary,2012,1A2L,ABFLOW025,Oil,12.05608713245632,,12.05608713245632
Hungary,2012,1A2M,ABFLOW026,Coal,12.05608713245632,,12.05608713245632
Hungary,2012,1A2M,ABFLOW026,Natural gas,12.05608713245632,,12.05608713245632
Hungary,2012,1A2M,ABFLOW026,Oil,12.05608713245632,,12.05608713245632
Hungary,2012,1A3,ABFLOW027,Coal,,,0.0
Hungary,2012,1A3,ABFLOW027,Natural gas,,,0.0
Hungary,2012,1A3,ABFLOW027,Oil,,,0.0
Hungary,2012,1A3A1,ABFLOW040,Coal,12.05608713245632,,12.05608713245632
Hungary,2012,1A3A1,ABFLOW040,Natural gas,12.05608713245632,,12.05608713245632
Hungary,2012,1A3A1,ABFLOW040,Oil,12.05608713245632,,12.05608713245632
Hungary,2012,1A3A2,ABFLOW029,Coal,12.05608713245632,,12.05608713245632
Hungary,2012,1A3A2,ABFLOW029,Natural gas,12.05608713245632,,12.05608713245632
Hungary,2012,1A3A2,ABFLOW029,Oil,12.05608713245632,,12.05608713245632
Hungary,2012,1A3B,ABFLOW028,Coal,,,0.0
Hungary,2012,1A3B,ABFLOW028,Natural gas,,,0.0
Hungary,2012,1A3B,ABFLOW028,Oil,,,0.0
Hungary,2012,1A3C,ABFLOW030,Coal,,,0.0
Hungary,2012,1A3C,ABFLOW030,Natural gas,,,0.0
Hungary,2012,1A3C,ABFLOW030,Oil,,,0.0
Hungary,2012,1A3D1,ABFLOW039,Coal,,,0.0
Hungary,2012,1A3D1,ABFLOW039,Natural gas,,,0.0
Hungary,2012,1A3D1,ABFLOW039,Oil,,,0.0
Hungary,2012,1A3D2,ABFLOW032,Coal,,,0.0
Hungary,2012,1A3D2,ABFLOW032,Natural gas,,,0.0
Hungary,2012,1A3D2,ABFLOW032,Oil,,,0.0
Hungary,2012,1A3E1,ABFLOW033,Coal,,,0.0
Hungary,2012,1A3E1,ABFLOW033,Natural gas,,,0.0
Hungary,2012,1A3E1,ABFLOW033,Oil,,,0.0
Hungary,2012,1A4A,ABFLOW035,Coal,,,0.0
Hungary,2012,1A4A,ABFLOW035,Natural gas,,,0.0
Hungary,2012,1A4A,ABFLOW035,Oil,,,0.0
Hungary,2012,1A4B,ABFLOW034,Coal,,,0.0
Hungary,2012,1A4B,ABFLOW034,Natural gas,,,0.0
Hungary,2012,1A4B,ABFLOW034,Oil,,,0.0
Hungary,2012,1A4C1,ABFLOW036,Coal,,,0.0
Hungary,2012,1A4C1,ABFLOW036,Natural gas,,,0.0
Hungary,2012,1A4C1,ABFLOW036,Oil,,,0.0
Hungary,2012,1A4C2,ABFLOW037,Coal,,,0.0
Hungary,2012,1A4C2,ABFLOW037,Natural gas,,,0.0
Hungary,2012,1A4C2,ABFLOW037,Oil,,,0.0
Hungary,2012,1A5,ABFLOW038,Coal,,,0.0
Hungary,2012,1A5,ABFLOW038,Natural gas,,,0.0
Hungary,2012,1A5,ABFLOW038,Oil,,,0.0
Hungary,2013,1A,ABFLOW001,Coal,,,0.0
Hungary,2013,1A,ABFLOW001,Natural gas,,,0.0
Hungary,2013,1A,ABFLOW001,Oil,,,0.0
Hungary,2013,1A1A,ABFLOW002,Coal,,,0.0
Hungary,2013,1A1A,ABFLOW002,Natural gas,,,0.0
Hungary,2013,1A1A,ABFLOW002,Oil,,,0.0
Hungary,2013,1A1A1,ABFLOW003,Coal,7.101951355140224,,7.101951355140224
Hungary,2013,1A1A1,ABFLOW003,Natural gas,7.101951355140224,,7.101951355140224
Hungary,2013,1A1A1,ABFLOW003,Oil,7.101951355140224,,7.101951355140224
Hungary,2013,1A1A2,ABFLOW004,Coal,7.101951355140224,,7.101951355140224
Hungary,2013,1A1A2,ABFLOW004,Natural gas,7.101951355140224,,7.101951355140224
Hungary,2013,1A1A2,ABFLOW004,Oil,7.101951355140224,,7.101951355140224
Hungary,2013,1A1A3,ABFLOW005,Coal,7.101951355140224,,7.101951355140224
Hungary,2013,1A1A3,ABFLOW005,Natural gas,7.101951355140224,,7.101951355140224
Hungary,2013,1A1A3,ABFLOW005,Oil,7.101951355140224,,7.101951355140224
Hungary,2013,1A1B,ABFLOW011,Coal,7.101951355140224,,7.101951355140224
Hungary,2013,1A1B,ABFLOW011,Natural gas,7.101951355140224,,7.101951355140224
Hungary,2013,1A1B,ABFLOW011,Oil,7.101951355140224,,7.101951355140224
Hungary,2013,1A1C,ABFLOW011,Coal,7.101951355140224,,7.101951355140224
Hungary,2013,1A1C,ABFLOW011,Natural gas,7.101951355140224,,7.101951355140224
Hungary,2013,1A1C,ABFLOW011,Oil,7.101951355140224,,7.101951355140224
Hungary,2013,1A2,ABFLOW012,Coal,,,0.0
Hungary,2013,1A2,ABFLOW012,Natural gas,,,0.0
Hungary,2013,1A2,ABFLOW012,Oil,,,0.0
Hungary,2013,1A2A,ABFLOW016,Coal,7.101951355140224,,7.101951355140224
Hungary,2013,1A2A,ABFLOW016,Natural gas,7.101951355140224,,7.101951355140224
Hungary,2013,1A2A,ABFLOW016,Oil,7.101951355140224,,7.101951355140224
Hungary,2013,1A2B,ABFLOW018,Coal,7.101951355140224,,7.101951355140224
Hungary,2013,1A2B,ABFLOW018,Natural gas,7.101951355140224,,7.101951355140224
Hungary,2013,1A2B,ABFLOW018,Oil,7.101951355140224,,7.101951355140224
Hungary,2013,1A2C,ABFLOW017,Coal,7.101951355140224,,7.101951355140224
Hungary,2013,1A2C,ABFLOW017,Natural gas,7.101951355140224,,7.101951355140224
Hungary,2013,1A2C,ABFLOW017,Oil,7.101951355140224,,7.101951355140224
Hungary,2013,1A2D,ABFLOW023,Coal,7.101951355140224,,7.101951355140224
Hungary,2013,1A2D,ABFLOW023,Natural gas,7.101951355140224,,7.101951355140224
Hungary,2013,1A2D,ABFLOW023,Oil,7.101951355140224,,7.101951355140224
Hungary,2013,1A2E,ABFLOW022,Coal,7.101951355140224,,7.101951355140224
Hungary,2013,1A2E,ABFLOW022,Natural gas,7.101951355140224,,7.101951355140224
Hungary,2013,1A2E,ABFLOW022,Oil,7.101951355140224,,7.101951355140224
Hungary,2013,1A2F,ABFLOW019,Coal,7.101951355140224,,7.101951355140224
Hungary,2013,1A2F,ABFLOW019,Natural gas,7.101951355140224,,7.101951355140224
Hungary,2013,1A2F,ABFLOW019,Oil,7.101951355140224,,7.101951355140224
Hungary,2013,1A2G,ABFLOW020,Coal,7.101951355140224,,7.101951355140224
Hungary,2013,1A2G,ABFLOW020,Natural gas,7.101951355140224,,7.101951355140224
Hungary,2013,1A2G,ABFLOW020,Oil,7.101951355140224,,7.101951355140224
Hungary,2013,1A2H,ABFLOW021,Coal,7.101951355140224,,7.101951355140224
Hungary,2013,1A2H,ABFLOW021,Natural gas,7.101951355140224,,7.101951355140224
Hungary,2013,1A2H,ABFLOW021,Oil,7.101951355140224,,7.101951355140224
Hungary,2013,1A2I,ABFLOW013,Coal,7.101951355140224,,7.101951355140224
Hungary,2013,1A2I,ABFLOW013,Natural gas,7.101951355140224,,7.101951355140224
Hungary,2013,1A2I,ABFLOW013,Oil,7.101951355140224,,7.101951355140224
Hungary,2013,1A2J,ABFLOW024,Coal,7.101951355140224,,7.101951355140224
Hungary,2013,1A2J,ABFLOW024,Natural gas,7.101951355140224,,7.101951355140224
Hungary,2013,1A2J,ABFLOW024,Oil,7.101951355140224,,7.101951355140224
Hungary,2013,1A2K,ABFLOW014,Coal,7.101951355140224,,7.101951355140224
Hungary,2013,1A2K,ABFLOW014,Natural gas,7.101951355140224,,7.101951355140224
Hungary,2013,1A2K,ABFLOW014,Oil,7.101951355140224,,7.101951355140224
Hungary,2013,1A2L,ABFLOW025,Coal,7.101951355140224,,7.101951355140224
Hungary,2013,1A2L,ABFLOW025,Natural gas,7.101951355140224,,7.101951355140224
Hungary,2013,1A2L,ABFLOW025,Oil,7.101951355140224,,7.101951355140224
Hungary,2013,1A2M,ABFLOW026,Coal,7.101951355140224,,7.101951355140224
Hungary,2013,1A2M,ABFLOW026,Natural gas,7.101951355140224,,7.101951355140224
Hungary,2013,1A2M,ABFLOW026,Oil,7.101951355140224,,7.101951355140224
Hungary,2013,1A3,ABFLOW027,Coal,,,0.0
Hungary,2013,1A3,ABFLOW027,Natural gas,,,0.0
Hungary,2013,1A3,ABFLOW027,Oil,,,0.0
Hungary,2013,1A3A1,ABFLOW040,Coal,3.6219951911215142,,3.6219951911215142
Hungary,2013,1A3A1,ABFLOW040,Natural gas,3.6219951911215142,,3.6219951911215142
Hungary,2013,1A3A1,ABFLOW040,Oil,3.6219951911215142,,3.6219951911215142
Hungary,2013,1A3A2,ABFLOW029,Coal,7.101951355140224,,7.101951355140224
Hungary,2013,1A3A2,ABFLOW029,Natural gas,7.101951355140224,,7.101951355140224
Hungary,2013,1A3A2,ABFLOW029,Oil,7.101951355140224,,7.101951355140224
Hungary,2013,1A3B,ABFLOW028,Coal,,,0.0
Hungary,2013,1A3B,ABFLOW028,Natural gas,,,0.0
Hungary,2013,1A3B,ABFLOW028,Oil,,,0.0
Hungary,2013,1A3C,ABFLOW030,Coal,,,0.0
Hungary,2013,1A3C,ABFLOW030,Natural gas,,,0.0
Hungary,2013,1A3C,ABFLOW030,Oil,,,0.0
Hungary,2013,1A3D1,ABFLOW039,Coal,,,0.0
Hungary,2013,1A3D1,ABFLOW039,Natural gas,,,0.0
Hungary,2013,1A3D1,ABFLOW039,Oil,,,0.0
Hungary,2013,1A3D2,ABFLOW032,Coal,,,0.0
Hungary,2013,1A3D2,ABFLOW032,Natural gas,,,0.0
Hungary,2013,1A3D2,ABFLOW032,Oil,,,0.0
Hungary,2013,1A3E1,ABFLOW033,Coal,,,0.0
Hungary,2013,1A3E1,ABFLOW033,Natural gas,,,0.0
Hungary,2013,1A3E1,ABFLOW033,Oil,,,0.0
Hungary,2013,1A4A,ABFLOW035,Coal,,,0.0
Hungary,2013,1A4A,ABFLOW035,Natural gas,,,0.0
Hungary,2013,1A4A,ABFLOW035,Oil,,,0.0
Hungary,2013,1A4B,ABFLOW034,Coal,,,0.0
Hungary,2013,1A4B,ABFLOW034,Natural gas,,,0.0
Hungary,2013,1A4B,ABFLOW034,Oil,,,0.0
Hungary,2013,1A4C1,ABFLOW036,Coal,,,0.0
Hungary,2013,1A4C1,ABFLOW036,Natural gas,,,0.0
Hungary,2013,1A4C1,ABFLOW036,Oil,,,0.0
Hungary,2013,1A4C2,ABFLOW037,Coal,,,0.0
Hungary,2013,1A4C2,ABFLOW037,Natural gas,,,0.0
Hungary,2013,1A4C2,ABFLOW037,Oil,,,0.0
Hungary,2013,1A5,ABFLOW038,Coal,,,0.0
Hungary,2013,1A5,ABFLOW038,Natural gas,,,0.0
Hungary,2013,1A5,ABFLOW038,Oil,,,0.0
Hungary,2014,1A,ABFLOW001,Coal,,,0.0
Hungary,2014,1A,ABFLOW001,Natural gas,,,0.0
Hungary,2014,1A,ABFLOW001,Oil,,,0.0
Hungary,2014,1A1A,ABFLOW002,Coal,,,0.0
Hungary,2014,1A1A,ABFLOW002,Natural gas,,,0.0
Hungary,2014,1A1A,ABFLOW002,Oil,,,0.0
Hungary,2014,1A1A1,ABFLOW003,Coal,9.116724764106516,,9.116724764106516
Hungary,2014,1A1A1,ABFLOW003,Natural gas,9.116724764106516,,9.116724764106516
Hungary,2014,1A1A1,ABFLOW003,Oil,9.116724764106516,,9.116724764106516
Hungary,2014,1A1A2,ABFLOW004,Coal,9.116724764106516,,9.116724764106516
Hungary,2014,1A1A2,ABFLOW004,Natural gas,9.116724764106516,,9.116724764106516
Hungary,2014,1A1A2,ABFLOW004,Oil,9.116724764106516,,9.116724764106516
Hungary,2014,1A1A3,ABFLOW005,Coal,9.116724764106516,,9.116724764106516
Hungary,2014,1A1A3,ABFLOW005,Natural gas,9.116724764106516,,9.116724764106516
Hungary,2014,1A1A3,ABFLOW005,Oil,9.116724764106516,,9.116724764106516
Hungary,2014,1A1B,ABFLOW011,Coal,9.116724764106516,,9.116724764106516
Hungary,2014,1A1B,ABFLOW011,Natural gas,9.116724764106516,,9.116724764106516
Hungary,2014,1A1B,ABFLOW011,Oil,9.116724764106516,,9.116724764106516
Hungary,2014,1A1C,ABFLOW011,Coal,9.116724764106516,,9.116724764106516
Hungary,2014,1A1C,ABFLOW011,Natural gas,9.116724764106516,,9.116724764106516
Hungary,2014,1A1C,ABFLOW011,Oil,9.116724764106516,,9.116724764106516
Hungary,2014,1A2,ABFLOW012,Coal,,,0.0
Hungary,2014,1A2,ABFLOW012,Natural gas,,,0.0
Hungary,2014,1A2,ABFLOW012,Oil,,,0.0
Hungary,2014,1A2A,ABFLOW016,Coal,9.116724764106516,,9.116724764106516
Hungary,2014,1A2A,ABFLOW016,Natural gas,9.116724764106516,,9.116724764106516
Hungary,2014,1A2A,ABFLOW016,Oil,9.116724764106516,,9.116724764106516
Hungary,2014,1A2B,ABFLOW018,Coal,9.116724764106516,,9.116724764106516
Hungary,2014,1A2B,ABFLOW018,Natural gas,9.116724764106516,,9.116724764106516
Hungary,2014,1A2B,ABFLOW018,Oil,9.116724764106516,,9.116724764106516
Hungary,2014,1A2C,ABFLOW017,Coal,9.116724764106516,,9.116724764106516
Hungary,2014,1A2C,ABFLOW017,Natural gas,9.116724764106516,,9.116724764106516
Hungary,2014,1A2C,ABFLOW017,Oil,9.116724764106516,,9.116724764106516
Hungary,2014,1A2D,ABFLOW023,Coal,9.116724764106516,,9.116724764106516
Hungary,2014,1A2D,ABFLOW023,Natural gas,9.116724764106516,,9.116724764106516
Hungary,2014,1A2D,ABFLOW023,Oil,9.116724764106516,,9.116724764106516
Hungary,2014,1A2E,ABFLOW022,Coal,9.116724764106516,,9.116724764106516
Hungary,2014,1A2E,ABFLOW022,Natural gas,9.116724764106516,,9.116724764106516
Hungary,2014,1A2E,ABFLOW022,Oil,9.116724764106516,,9.116724764106516
Hungary,2014,1A2F,ABFLOW019,Coal,9.116724764106516,,9.116724764106516
Hungary,2014,1A2F,ABFLOW019,Natural gas,9.116724764106516,,9.116724764106516
Hungary,2014,1A2F,ABFLOW019,Oil,9.116724764106516,,9.116724764106516
Hungary,2014,1A2G,ABFLOW020,Coal,9.116724764106516,,9.116724764106516
Hungary,2014,1A2G,ABFLOW020,Natural gas,9.116724764106516,,9.116724764106516
Hungary,2014,1A2G,ABFLOW020,Oil,9.116724764106516,,9.116724764106516
Hungary,2014,1A2H,ABFLOW021,Coal,9.116724764106516,,9.116724764106516
Hungary,2014,1A2H,ABFLOW021,Natural gas,9.116724764106516,,9.116724764106516
Hungary,2014,1A2H,ABFLOW021,Oil,9.116724764106516,,9.116724764106516
Hungary,2014,1A2I,ABFLOW013,Coal,9.116724764106516,,9.116724764106516
Hungary,2014,1A2I,ABFLOW013,Natural gas,9.116724764106516,,9.116724764106516
Hungary,2014,1A2I,ABFLOW013,Oil,9.116724764106516,,9.116724764106516
Hungary,2014,1A2J,ABFLOW024,Coal,9.116724764106516,,9.116724764106516
Hungary,2014,1A2J,ABFLOW024,Natural gas,9.116724764106516,,9.116724764106516
Hungary,2014,1A2J,ABFLOW024,Oil,9.116724764106516,,9.116724764106516
Hungary,2014,1A2K,ABFLOW014,Coal,9.116724764106516,,9.116724764106516
Hungary,2014,1A2K,ABFLOW014,Natural gas,9.116724764106516,,9.116724764106516
Hungary,2014,1A2K,ABFLOW014,Oil,9.116724764106516,,9.116724764106516
Hungary,2014,1A2L,ABFLOW025,Coal,9.116724764106516,,9.116724764106516
Hungary,2014,1A2L,ABFLOW025,Natural gas,9.116724764106516,,9.116724764106516
Hungary,2014,1A2L,ABFLOW025,Oil,9.116724764106516,,9.116724764106516
Hungary,2014,1A2M,ABFLOW026,Coal,9.116724764106516,,9.116724764106516
Hungary,2014,1A2M,ABFLOW026,Natural gas,9.116724764106516,,9.116724764106516
Hungary,2014,1A2M,ABFLOW026,Oil,9.116724764106516,,9.116724764106516
Hungary,2014,1A3,ABFLOW027,Coal,,,0.0
Hungary,2014,1A3,ABFLOW027,Natural gas,,,0.0
Hungary,2014,1A3,ABFLOW027,Oil,,,0.0
Hungary,2014,1A3A1,ABFLOW040,Coal,4.649529629694324,,4.649529629694324
Hungary,2014,1A3A1,ABFLOW040,Natural gas,4.649529629694324,,4.649529629694324
Hungary,2014,1A3A1,ABFLOW040,Oil,4.649529629694324,,4.649529629694324
Hungary,2014,1A3A2,ABFLOW029,Coal,9.116724764106516,,9.116724764106516
Hungary,2014,1A3A2,ABFLOW029,Natural gas,9.116724764106516,,9.116724764106516
Hungary,2014,1A3A2,ABFLOW029,Oil,9.116724764106516,,9.116724764106516
Hungary,2014,1A3B,ABFLOW028,Coal,,,0.0
Hungary,2014,1A3B,ABFLOW028,Natural gas,,,0.0
Hungary,2014,1A3B,ABFLOW028,Oil,,,0.0
Hungary,2014,1A3C,ABFLOW030,Coal,,,0.0
Hungary,2014,1A3C,ABFLOW030,Natural gas,,,0.0
Hungary,2014,1A3C,ABFLOW030,Oil,,,0.0
Hungary,2014,1A3D1,ABFLOW039,Coal,,,0.0
Hungary,2014,1A3D1,ABFLOW039,Natural gas,,,0.0
Hungary,2014,1A3D1,ABFLOW039,Oil,,,0.0
Hungary,2014,1A3D2,ABFLOW032,Coal,,,0.0
Hungary,2014,1A3D2,ABFLOW032,Natural gas,,,0.0
Hungary,2014,1A3D2,ABFLOW032,Oil,,,0.0
Hungary,2014,1A3E1,ABFLOW033,Coal,,,0.0
Hungary,2014,1A3E1,ABFLOW033,Natural gas,,,0.0
Hungary,2014,1A3E1,ABFLOW033,Oil,,,0.0
Hungary,2014,1A4A,ABFLOW035,Coal,,,0.0
Hungary,2014,1A4A,ABFLOW035,Natural gas,,,0.0
Hungary,2014,1A4A,ABFLOW035,Oil,,,0.0
Hungary,2014,1A4B,ABFLOW034,Coal,,,0.0
Hungary,2014,1A4B,ABFLOW034,Natural gas,,,0.0
Hungary,2014,1A4B,ABFLOW034,Oil,,,0.0
Hungary,2014,1A4C1,ABFLOW036,Coal,,,0.0
Hungary,2014,1A4C1,ABFLOW036,Natural gas,,,0.0
Hungary,2014,1A4C1,ABFLOW036,Oil,,,0.0
Hungary,2014,1A4C2,ABFLOW037,Coal,,,0.0
Hungary,2014,1A4C2,ABFLOW037,Natural gas,,,0.0
Hungary,2014,1A4C2,ABFLOW037,Oil,,,0.0
Hungary,2014,1A5,ABFLOW038,Coal,,,0.0
Hungary,2014,1A5,ABFLOW038,Natural gas,,,0.0
Hungary,2014,1A5,ABFLOW038,Oil,,,0.0
Hungary,2015,1A,ABFLOW001,Coal,,,0.0
Hungary,2015,1A,ABFLOW001,Natural gas,,,0.0
Hungary,2015,1A,ABFLOW001,Oil,,,0.0
Hungary,2015,1A1A,ABFLOW002,Coal,,,0.0
Hungary,2015,1A1A,ABFLOW002,Natural gas,,,0.0
Hungary,2015,1A1A,ABFLOW002,Oil,,,0.0
Hungary,2015,1A1A1,ABFLOW003,Coal,11.449657019955865,,11.449657019955865
Hungary,2015,1A1A1,ABFLOW003,Natural gas,11.449657019955865,,11.449657019955865
Hungary,2015,1A1A1,ABFLOW003,Oil,11.449657019955865,,11.449657019955865
Hungary,2015,1A1A2,ABFLOW004,Coal,11.449657019955865,,11.449657019955865
Hungary,2015,1A1A2,ABFLOW004,Natural gas,11.449657019955865,,11.449657019955865
Hungary,2015,1A1A2,ABFLOW004,Oil,11.449657019955865,,11.449657019955865
Hungary,2015,1A1A3,ABFLOW005,Coal,11.449657019955865,,11.449657019955865
Hungary,2015,1A1A3,ABFLOW005,Natural gas,11.449657019955865,,11.449657019955865
Hungary,2015,1A1A3,ABFLOW005,Oil,11.449657019955865,,11.449657019955865
Hungary,2015,1A1B,ABFLOW011,Coal,11.449657019955865,,11.449657019955865
Hungary,2015,1A1B,ABFLOW011,Natural gas,11.449657019955865,,11.449657019955865
Hungary,2015,1A1B,ABFLOW011,Oil,11.449657019955865,,11.449657019955865
Hungary,2015,1A1C,ABFLOW011,Coal,11.449657019955865,,11.449657019955865
Hungary,2015,1A1C,ABFLOW011,Natural gas,11.449657019955865,,11.449657019955865
Hungary,2015,1A1C,ABFLOW011,Oil,11.449657019955865,,11.449657019955865
Hungary,2015,1A2,ABFLOW012,Coal,,,0.0
Hungary,2015,1A2,ABFLOW012,Natural gas,,,0.0
Hungary,2015,1A2,ABFLOW012,Oil,,,0.0
Hungary,2015,1A2A,ABFLOW016,Coal,11.449657019955865,,11.449657019955865
Hungary,2015,1A2A,ABFLOW016,Natural gas,11.449657019955865,,11.449657019955865
Hungary,2015,1A2A,ABFLOW016,Oil,11.449657019955865,,11.449657019955865
Hungary,2015,1A2B,ABFLOW018,Coal,11.449657019955865,,11.449657019955865
Hungary,2015,1A2B,ABFLOW018,Natural gas,11.449657019955865,,11.449657019955865
Hungary,2015,1A2B,ABFLOW018,Oil,11.449657019955865,,11.449657019955865
Hungary,2015,1A2C,ABFLOW017,Coal,11.449657019955865,,11.449657019955865
Hungary,2015,1A2C,ABFLOW017,Natural gas,11.449657019955865,,11.449657019955865
Hungary,2015,1A2C,ABFLOW017,Oil,11.449657019955865,,11.449657019955865
Hungary,2015,1A2D,ABFLOW023,Coal,11.449657019955865,,11.449657019955865
Hungary,2015,1A2D,ABFLOW023,Natural gas,11.449657019955865,,11.449657019955865
Hungary,2015,1A2D,ABFLOW023,Oil,11.449657019955865,,11.449657019955865
Hungary,2015,1A2E,ABFLOW022,Coal,11.449657019955865,,11.449657019955865
Hungary,2015,1A2E,ABFLOW022,Natural gas,11.449657019955865,,11.449657019955865
Hungary,2015,1A2E,ABFLOW022,Oil,11.449657019955865,,11.449657019955865
Hungary,2015,1A2F,ABFLOW019,Coal,11.449657019955865,,11.449657019955865
Hungary,2015,1A2F,ABFLOW019,Natural gas,11.449657019955865,,11.449657019955865
Hungary,2015,1A2F,ABFLOW019,Oil,11.449657019955865,,11.449657019955865
Hungary,2015,1A2G,ABFLOW020,Coal,11.449657019955865,,11.449657019955865
Hungary,2015,1A2G,ABFLOW020,Natural gas,11.449657019955865,,11.449657019955865
Hungary,2015,1A2G,ABFLOW020,Oil,11.449657019955865,,11.449657019955865
Hungary,2015,1A2H,ABFLOW021,Coal,11.449657019955865,,11.449657019955865
Hungary,2015,1A2H,ABFLOW021,Natural gas,11.449657019955865,,11.449657019955865
Hungary,2015,1A2H,ABFLOW021,Oil,11.449657019955865,,11.449657019955865
Hungary,2015,1A2I,ABFLOW013,Coal,11.449657019955865,,11.449657019955865
Hungary,2015,1A2I,ABFLOW013,Natural gas,11.449657019955865,,11.449657019955865
Hungary,2015,1A2I,ABFLOW013,Oil,11.449657019955865,,11.449657019955865
Hungary,2015,1A2J,ABFLOW024,Coal,11.449657019955865,,11.449657019955865
Hungary,2015,1A2J,ABFLOW024,Natural gas,11.449657019955865,,11.449657019955865
Hungary,2015,1A2J,ABFLOW024,Oil,11.449657019955865,,11.449657019955865
Hungary,2015,1A2K,ABFLOW014,Coal,11.449657019955865,,11.449657019955865
Hungary,2015,1A2K,ABFLOW014,Natural gas,11.449657019955865,,11.449657019955865
Hungary,2015,1A2K,ABFLOW014,Oil,11.449657019955865,,11.449657019955865
Hungary,2015,1A2L,ABFLOW025,Coal,11.449657019955865,,11.449657019955865
Hungary,2015,1A2L,ABFLOW025,Natural gas,11.449657019955865,,11.449657019955865
Hungary,2015,1A2L,ABFLOW025,Oil,11.449657019955865,,11.449657019955865
Hungary,2015,1A2M,ABFLOW026,Coal,11.449657019955865,,11.449657019955865
Hungary,2015,1A2M,ABFLOW026,Natural gas,11.449657019955865,,11.449657019955865
Hungary,2015,1A2M,ABFLOW026,Oil,11.449657019955865,,11.449657019955865
Hungary,2015,1A3,ABFLOW027,Coal,,,0.0
Hungary,2015,1A3,ABFLOW027,Natural gas,,,0.0
Hungary,2015,1A3,ABFLOW027,Oil,,,0.0
Hungary,2015,1A3A1,ABFLOW040,Coal,5.839325080177491,,5.839325080177491
Hungary,2015,1A3A1,ABFLOW040,Natural gas,5.839325080177491,,5.839325080177491
Hungary,2015,1A3A1,ABFLOW040,Oil,5.839325080177491,,5.839325080177491
Hungary,2015,1A3A2,ABFLOW029,Coal,11.449657019955865,,11.449657019955865
Hungary,2015,1A3A2,ABFLOW029,Natural gas,11.449657019955865,,11.449657019955865
Hungary,2015,1A3A2,ABFLOW029,Oil,11.449657019955865,,11.449657019955865
Hungary,2015,1A3B,ABFLOW028,Coal,,,0.0
Hungary,2015,1A3B,ABFLOW028,Natural gas,,,0.0
Hungary,2015,1A3B,ABFLOW028,Oil,,,0.0
Hungary,2015,1A3C,ABFLOW030,Coal,,,0.0
Hungary,2015,1A3C,ABFLOW030,Natural gas,,,0.0
Hungary,2015,1A3C,ABFLOW030,Oil,,,0.0
Hungary,2015,1A3D1,ABFLOW039,Coal,,,0.0
Hungary,2015,1A3D1,ABFLOW039,Natural gas,,,0.0
Hungary,2015,1A3D1,ABFLOW039,Oil,,,0.0
Hungary,2015,1A3D2,ABFLOW032,Coal,,,0.0
Hungary,2015,1A3D2,ABFLOW032,Natural gas,,,0.0
Hungary,2015,1A3D2,ABFLOW032,Oil,,,0.0
Hungary,2015,1A3E1,ABFLOW033,Coal,,,0.0
Hungary,2015,1A3E1,ABFLOW033,Natural gas,,,0.0
Hungary,2015,1A3E1,ABFLOW033,Oil,,,0.0
Hungary,2015,1A4A,ABFLOW035,Coal,,,0.0
Hungary,2015,1A4A,ABFLOW035,Natural gas,,,0.0
Hungary,2015,1A4A,ABFLOW035,Oil,,,0.0
Hungary,2015,1A4B,ABFLOW034,Coal,,,0.0
Hungary,2015,1A4B,ABFLOW034,Natural gas,,,0.0
Hungary,2015,1A4B,ABFLOW034,Oil,,,0.0
Hungary,2015,1A4C1,ABFLOW036,Coal,,,0.0
Hungary,2015,1A4C1,ABFLOW036,Natural gas,,,0.0
Hungary,2015,1A4C1,ABFLOW036,Oil,,,0.0
Hungary,2015,1A4C2,ABFLOW037,Coal,,,0.0
Hungary,2015,1A4C2,ABFLOW037,Natural gas,,,0.0
Hungary,2015,1A4C2,ABFLOW037,Oil,,,0.0
Hungary,2015,1A5,ABFLOW038,Coal,,,0.0
Hungary,2015,1A5,ABFLOW038,Natural gas,,,0.0
Hungary,2015,1A5,ABFLOW038,Oil,,,0.0
Hungary,2016,1A,ABFLOW001,Coal,,,0.0
Hungary,2016,1A,ABFLOW001,Natural gas,,,0.0
Hungary,2016,1A,ABFLOW001,Oil,,,0.0
Hungary,2016,1A1A,ABFLOW002,Coal,,,0.0
Hungary,2016,1A1A,ABFLOW002,Natural gas,,,0.0
Hungary,2016,1A1A,ABFLOW002,Oil,,,0.0
Hungary,2016,1A1A1,ABFLOW003,Coal,7.872049840298938,,7.872049840298938
Hungary,2016,1A1A1,ABFLOW003,Natural gas,7.872049840298938,,7.872049840298938
Hungary,2016,1A1A1,ABFLOW003,Oil,7.872049840298938,,7.872049840298938
Hungary,2016,1A1A2,ABFLOW004,Coal,7.872049840298938,,7.872049840298938
Hungary,2016,1A1A2,ABFLOW004,Natural gas,7.872049840298938,,7.872049840298938
Hungary,2016,1A1A2,ABFLOW004,Oil,7.872049840298938,,7.872049840298938
Hungary,2016,1A1A3,ABFLOW005,Coal,7.872049840298938,,7.872049840298938
Hungary,2016,1A1A3,ABFLOW005,Natural gas,7.872049840298938,,7.872049840298938
Hungary,2016,1A1A3,ABFLOW005,Oil,7.872049840298938,,7.872049840298938
Hungary,2016,1A1B,ABFLOW011,Coal,7.872049840298938,,7.872049840298938
Hungary,2016,1A1B,ABFLOW011,Natural gas,7.872049840298938,,7.872049840298938
Hungary,2016,1A1B,ABFLOW011,Oil,7.872049840298938,,7.872049840298938
Hungary,2016,1A1C,ABFLOW011,Coal,7.872049840298938,,7.872049840298938
Hungary,2016,1A1C,ABFLOW011,Natural gas,7.872049840298938,,7.872049840298938
Hungary,2016,1A1C,ABFLOW011,Oil,7.872049840298938,,7.872049840298938
Hungary,2016,1A2,ABFLOW012,Coal,,,0.0
Hungary,2016,1A2,ABFLOW012,Natural gas,,,0.0
Hungary,2016,1A2,ABFLOW012,Oil,,,0.0
Hungary,2016,1A2A,ABFLOW016,Coal,7.872049840298938,,7.872049840298938
Hungary,2016,1A2A,ABFLOW016,Natural gas,7.872049840298938,,7.872049840298938
Hungary,2016,1A2A,ABFLOW016,Oil,7.872049840298938,,7.872049840298938
Hungary,2016,1A2B,ABFLOW018,Coal,7.872049840298938,,7.872049840298938
Hungary,2016,1A2B,ABFLOW018,Natural gas,7.872049840298938,,7.872049840298938
Hungary,2016,1A2B,ABFLOW018,Oil,7.872049840298938,,7.872049840298938
Hungary,2016,1A2C,ABFLOW017,Coal,7.872049840298938,,7.872049840298938
Hungary,2016,1A2C,ABFLOW017,Natural gas,7.872049840298938,,7.872049840298938
Hungary,2016,1A2C,ABFLOW017,Oil,7.872049840298938,,7.872049840298938
Hungary,2016,1A2D,ABFLOW023,Coal,7.872049840298938,,7.872049840298938
Hungary,2016,1A2D,ABFLOW023,Natural gas,7.872049840298938,,7.872049840298938
Hungary,2016,1A2D,ABFLOW023,Oil,7.872049840298938,,7.872049840298938
Hungary,2016,1A2E,ABFLOW022,Coal,7.872049840298938,,7.872049840298938
Hungary,2016,1A2E,ABFLOW022,Natural gas,7.872049840298938,,7.872049840298938
Hungary,2016,1A2E,ABFLOW022,Oil,7.872049840298938,,7.872049840298938
Hungary,2016,1A2F,ABFLOW019,Coal,7.872049840298938,,7.872049840298938
Hungary,2016,1A2F,ABFLOW019,Natural gas,7.872049840298938,,7.872049840298938
Hungary,2016,1A2F,ABFLOW019,Oil,7.872049840298938,,7.872049840298938
Hungary,2016,1A2G,ABFLOW020,Coal,7.872049840298938,,7.872049840298938
Hungary,2016,1A2G,ABFLOW020,Natural gas,7.872049840298938,,7.872049840298938
Hungary,2016,1A2G,ABFLOW020,Oil,7.872049840298938,,7.872049840298938
Hungary,2016,1A2H,ABFLOW021,Coal,7.872049840298938,,7.872049840298938
Hungary,2016,1A2H,ABFLOW021,Natural gas,7.872049840298938,,7.872049840298938
Hungary,2016,1A2H,ABFLOW021,Oil,7.872049840298938,,7.872049840298938
Hungary,2016,1A2I,ABFLOW013,Coal,7.872049840298938,,7.872049840298938
Hungary,2016,1A2I,ABFLOW013,Natural gas,7.872049840298938,,7.872049840298938
Hungary,2016,1A2I,ABFLOW013,Oil,7.872049840298938,,7.872049840298938
Hungary,2016,1A2J,ABFLOW024,Coal,7.872049840298938,,7.872049840298938
Hungary,2016,1A2J,ABFLOW024,Natural gas,7.872049840298938,,7.872049840298938
Hungary,2016,1A2J,ABFLOW024,Oil,7.872049840298938,,7.872049840298938
Hungary,2016,1A2K,ABFLOW014,Coal,7.872049840298938,,7.872049840298938
Hungary,2016,1A2K,ABFLOW014,Natural gas,7.872049840298938,,7.872049840298938
Hungary,2016,1A2K,ABFLOW014,Oil,7.872049840298938,,7.872049840298938
Hungary,2016,1A2L,ABFLOW025,Coal,7.872049840298938,,7.872049840298938
Hungary,2016,1A2L,ABFLOW025,Natural gas,7.872049840298938,,7.872049840298938
Hungary,2016,1A2L,ABFLOW025,Oil,7.872049840298938,,7.872049840298938
Hungary,2016,1A2M,ABFLOW026,Coal,7.872049840298938,,7.872049840298938
Hungary,2016,1A2M,ABFLOW026,Natural gas,7.872049840298938,,7.872049840298938
Hungary,2016,1A2M,ABFLOW026,Oil,7.872049840298938,,7.872049840298938
Hungary,2016,1A3,ABFLOW027,Coal,,,0.0
Hungary,2016,1A3,ABFLOW027,Natural gas,,,0.0
Hungary,2016,1A3,ABFLOW027,Oil,,,0.0
Hungary,2016,1A3A1,ABFLOW040,Coal,4.014745418552458,,4.014745418552458
Hungary,2016,1A3A1,ABFLOW040,Natural gas,4.014745418552458,,4.014745418552458
Hungary,2016,1A3A1,ABFLOW040,Oil,4.014745418552458,,4.014745418552458
Hungary,2016,1A3A2,ABFLOW029,Coal,7.872049840298938,,7.872049840298938
Hungary,2016,1A3A2,ABFLOW029,Natural gas,7.872049840298938,,7.872049840298938
Hungary,2016,1A3A2,ABFLOW029,Oil,7.872049840298938,,7.872049840298938
Hungary,2016,1A3B,ABFLOW028,Coal,,,0.0
Hungary,2016,1A3B,ABFLOW028,Natural gas,,,0.0
Hungary,2016,1A3B,ABFLOW028,Oil,,,0.0
Hungary,2016,1A3C,ABFLOW030,Coal,,,0.0
Hungary,2016,1A3C,ABFLOW030,Natural gas,,,0.0
Hungary,2016,1A3C,ABFLOW030,Oil,,,0.0
Hungary,2016,1A3D1,ABFLOW039,Coal,,,0.0
Hungary,2016,1A3D1,ABFLOW039,Natural gas,,,0.0
Hungary,2016,1A3D1,ABFLOW039,Oil,,,0.0
Hungary,2016,1A3D2,ABFLOW032,Coal,,,0.0
Hungary,2016,1A3D2,ABFLOW032,Natural gas,,,0.0
Hungary,2016,1A3D2,ABFLOW032,Oil,,,0.0
Hungary,2016,1A3E1,ABFLOW033,Coal,,,0.0
Hungary,2016,1A3E1,ABFLOW033,Natural gas,,,0.0
Hungary,2016,1A3E1,ABFLOW033,Oil,,,0.0
Hungary,2016,1A4A,ABFLOW035,Coal,,,0.0
Hungary,2016,1A4A,ABFLOW035,Natural gas,,,0.0
Hungary,2016,1A4A,ABFLOW035,Oil,,,0.0
Hungary,2016,1A4B,ABFLOW034,Coal,,,0.0
Hungary,2016,1A4B,ABFLOW034,Natural gas,,,0.0
Hungary,2016,1A4B,ABFLOW034,Oil,,,0.0
Hungary,2016,1A4C1,ABFLOW036,Coal,,,0.0
Hungary,2016,1A4C1,ABFLOW036,Natural gas,,,0.0
Hungary,2016,1A4C1,ABFLOW036,Oil,,,0.0
Hungary,2016,1A4C2,ABFLOW037,Coal,,,0.0
Hungary,2016,1A4C2,ABFLOW037,Natural gas,,,0.0
Hungary,2016,1A4C2,ABFLOW037,Oil,,,0.0
Hungary,2016,1A5,ABFLOW038,Coal,,,0.0
Hungary,2016,1A5,ABFLOW038,Natural gas,,,0.0
Hungary,2016,1A5,ABFLOW038,Oil,,,0.0
Hungary,2017,1A,ABFLOW001,Coal,,,0.0
Hungary,2017,1A,ABFLOW001,Natural gas,,,0.0
Hungary,2017,1A,ABFLOW001,Oil,,,0.0
Hungary,2017,1A1A,ABFLOW002,Coal,,,0.0
Hungary,2017,1A1A,ABFLOW002,Natural gas,,,0.0
Hungary,2017,1A1A,ABFLOW002,Oil,,,0.0
Hungary,2017,1A1A1,ABFLOW003,Coal,8.246036267374347,,8.246036267374347
Hungary,2017,1A1A1,ABFLOW003,Natural gas,8.246036267374347,,8.246036267374347
Hungary,2017,1A1A1,ABFLOW003,Oil,8.246036267374347,,8.246036267374347
Hungary,2017,1A1A2,ABFLOW004,Coal,8.246036267374347,,8.246036267374347
Hungary,2017,1A1A2,ABFLOW004,Natural gas,8.246036267374347,,8.246036267374347
Hungary,2017,1A1A2,ABFLOW004,Oil,8.246036267374347,,8.246036267374347
Hungary,2017,1A1A3,ABFLOW005,Coal,8.246036267374347,,8.246036267374347
Hungary,2017,1A1A3,ABFLOW005,Natural gas,8.246036267374347,,8.246036267374347
Hungary,2017,1A1A3,ABFLOW005,Oil,8.246036267374347,,8.246036267374347
Hungary,2017,1A1B,ABFLOW011,Coal,8.246036267374347,,8.246036267374347
Hungary,2017,1A1B,ABFLOW011,Natural gas,8.246036267374347,,8.246036267374347
Hungary,2017,1A1B,ABFLOW011,Oil,8.246036267374347,,8.246036267374347
Hungary,2017,1A1C,ABFLOW011,Coal,8.246036267374347,,8.246036267374347
Hungary,2017,1A1C,ABFLOW011,Natural gas,8.246036267374347,,8.246036267374347
Hungary,2017,1A1C,ABFLOW011,Oil,8.246036267374347,,8.246036267374347
Hungary,2017,1A2,ABFLOW012,Coal,,,0.0
Hungary,2017,1A2,ABFLOW012,Natural gas,,,0.0
Hungary,2017,1A2,ABFLOW012,Oil,,,0.0
Hungary,2017,1A2A,ABFLOW016,Coal,8.246036267374347,,8.246036267374347
Hungary,2017,1A2A,ABFLOW016,Natural gas,8.246036267374347,,8.246036267374347
Hungary,2017,1A2A,ABFLOW016,Oil,8.246036267374347,,8.246036267374347
Hungary,2017,1A2B,ABFLOW018,Coal,8.246036267374347,,8.246036267374347
Hungary,2017,1A2B,ABFLOW018,Natural gas,8.246036267374347,,8.246036267374347
Hungary,2017,1A2B,ABFLOW018,Oil,8.246036267374347,,8.246036267374347
Hungary,2017,1A2C,ABFLOW017,Coal,8.246036267374347,,8.246036267374347
Hungary,2017,1A2C,ABFLOW017,Natural gas,8.246036267374347,,8.246036267374347
Hungary,2017,1A2C,ABFLOW017,Oil,8.246036267374347,,8.246036267374347
Hungary,2017,1A2D,ABFLOW023,Coal,8.246036267374347,,8.246036267374347
Hungary,2017,1A2D,ABFLOW023,Natural gas,8.246036267374347,,8.246036267374347
Hungary,2017,1A2D,ABFLOW023,Oil,8.246036267374347,,8.246036267374347
Hungary,2017,1A2E,ABFLOW022,Coal,8.246036267374347,,8.246036267374347
Hungary,2017,1A2E,ABFLOW022,Natural gas,8.246036267374347,,8.246036267374347
Hungary,2017,1A2E,ABFLOW022,Oil,8.246036267374347,,8.246036267374347
Hungary,2017,1A2F,ABFLOW019,Coal,8.246036267374347,,8.246036267374347
Hungary,2017,1A2F,ABFLOW019,Natural gas,8.246036267374347,,8.246036267374347
Hungary,2017,1A2F,ABFLOW019,Oil,8.246036267374347,,8.246036267374347
Hungary,2017,1A2G,ABFLOW020,Coal,8.246036267374347,,8.246036267374347
Hungary,2017,1A2G,ABFLOW020,Natural gas,8.246036267374347,,8.246036267374347
Hungary,2017,1A2G,ABFLOW020,Oil,8.246036267374347,,8.246036267374347
Hungary,2017,1A2H,ABFLOW021,Coal,8.246036267374347,,8.246036267374347
Hungary,2017,1A2H,ABFLOW021,Natural gas,8.246036267374347,,8.246036267374347
Hungary,2017,1A2H,ABFLOW021,Oil,8.246036267374347,,8.246036267374347
Hungary,2017,1A2I,ABFLOW013,Coal,8.246036267374347,,8.246036267374347
Hungary,2017,1A2I,ABFLOW013,Natural gas,8.246036267374347,,8.246036267374347
Hungary,2017,1A2I,ABFLOW013,Oil,8.246036267374347,,8.246036267374347
Hungary,2017,1A2J,ABFLOW024,Coal,8.246036267374347,,8.246036267374347
Hungary,2017,1A2J,ABFLOW024,Natural gas,8.246036267374347,,8.246036267374347
Hungary,2017,1A2J,ABFLOW024,Oil,8.246036267374347,,8.246036267374347
Hungary,2017,1A2K,ABFLOW014,Coal,8.246036267374347,,8.246036267374347
Hungary,2017,1A2K,ABFLOW014,Natural gas,8.246036267374347,,8.246036267374347
Hungary,2017,1A2K,ABFLOW014,Oil,8.246036267374347,,8.246036267374347
Hungary,2017,1A2L,ABFLOW025,Coal,8.246036267374347,,8.246036267374347
Hungary,2017,1A2L,ABFLOW025,Natural gas,8.246036267374347,,8.246036267374347
Hungary,2017,1A2L,ABFLOW025,Oil,8.246036267374347,,8.246036267374347
Hungary,2017,1A2M,ABFLOW026,Coal,8.246036267374347,,8.246036267374347
Hungary,2017,1A2M,ABFLOW026,Natural gas,8.246036267374347,,8.246036267374347
Hungary,2017,1A2M,ABFLOW026,Oil,8.246036267374347,,8.246036267374347
Hungary,2017,1A3,ABFLOW027,Coal,,,0.0
Hungary,2017,1A3,ABFLOW027,Natural gas,,,0.0
Hungary,2017,1A3,ABFLOW027,Oil,,,0.0
Hungary,2017,1A3A1,ABFLOW040,Coal,4.205478496360917,,4.205478496360917
Hungary,2017,1A3A1,ABFLOW040,Natural gas,4.205478496360917,,4.205478496360917
Hungary,2017,1A3A1,ABFLOW040,Oil,4.205478496360917,,4.205478496360917
Hungary,2017,1A3A2,ABFLOW029,Coal,8.246036267374347,,8.246036267374347
Hungary,2017,1A3A2,ABFLOW029,Natural gas,8.246036267374347,,8.246036267374347
Hungary,2017,1A3A2,ABFLOW029,Oil,8.246036267374347,,8.246036267374347
Hungary,2017,1A3B,ABFLOW028,Coal,,,0.0
Hungary,2017,1A3B,ABFLOW028,Natural gas,,,0.0
Hungary,2017,1A3B,ABFLOW028,Oil,,,0.0
Hungary,2017,1A3C,ABFLOW030,Coal,,,0.0
Hungary,2017,1A3C,ABFLOW030,Natural gas,,,0.0
Hungary,2017,1A3C,ABFLOW030,Oil,,,0.0
Hungary,2017,1A3D1,ABFLOW039,Coal,,,0.0
Hungary,2017,1A3D1,ABFLOW039,Natural gas,,,0.0
Hungary,2017,1A3D1,ABFLOW039,Oil,,,0.0
Hungary,2017,1A3D2,ABFLOW032,Coal,,,0.0
Hungary,2017,1A3D2,ABFLOW032,Natural gas,,,0.0
Hungary,2017,1A3D2,ABFLOW032,Oil,,,0.0
Hungary,2017,1A3E1,ABFLOW033,Coal,,,0.0
Hungary,2017,1A3E1,ABFLOW033,Natural gas,,,0.0
Hungary,2017,1A3E1,ABFLOW033,Oil,,,0.0
Hungary,2017,1A4A,ABFLOW035,Coal,,,0.0
Hungary,2017,1A4A,ABFLOW035,Natural gas,,,0.0
Hungary,2017,1A4A,ABFLOW035,Oil,,,0.0
Hungary,2017,1A4B,ABFLOW034,Coal,,,0.0
Hungary,2017,1A4B,ABFLOW034,Natural gas,,,0.0
Hungary,2017,1A4B,ABFLOW034,Oil,,,0.0
Hungary,2017,1A4C1,ABFLOW036,Coal,,,0.0
Hungary,2017,1A4C1,ABFLOW036,Natural gas,,,0.0
Hungary,2017,1A4C1,ABFLOW036,Oil,,,0.0
Hungary,2017,1A4C2,ABFLOW037,Coal,,,0.0
Hungary,2017,1A4C2,ABFLOW037,Natural gas,,,0.0
Hungary,2017,1A4C2,ABFLOW037,Oil,,,0.0
Hungary,2017,1A5,ABFLOW038,Coal,,,0.0
Hungary,2017,1A5,ABFLOW038,Natural gas,,,0.0
Hungary,2017,1A5,ABFLOW038,Oil,,,0.0
Hungary,2018,1A,ABFLOW001,Coal,,,0.0
Hungary,2018,1A,ABFLOW001,Natural gas,,,0.0
Hungary,2018,1A,ABFLOW001,Oil,,,0.0
Hungary,2018,1A1A,ABFLOW002,Coal,,,0.0
Hungary,2018,1A1A,ABFLOW002,Natural gas,,,0.0
Hungary,2018,1A1A,ABFLOW002,Oil,,,0.0
Hungary,2018,1A1A1,ABFLOW003,Coal,21.341522293810748,,21.341522293810748
Hungary,2018,1A1A1,ABFLOW003,Natural gas,21.341522293810748,,21.341522293810748
Hungary,2018,1A1A1,ABFLOW003,Oil,21.341522293810748,,21.341522293810748
Hungary,2018,1A1A2,ABFLOW004,Coal,21.341522293810748,,21.341522293810748
Hungary,2018,1A1A2,ABFLOW004,Natural gas,21.341522293810748,,21.341522293810748
Hungary,2018,1A1A2,ABFLOW004,Oil,21.341522293810748,,21.341522293810748
Hungary,2018,1A1A3,ABFLOW005,Coal,21.341522293810748,,21.341522293810748
Hungary,2018,1A1A3,ABFLOW005,Natural gas,21.341522293810748,,21.341522293810748
Hungary,2018,1A1A3,ABFLOW005,Oil,21.341522293810748,,21.341522293810748
Hungary,2018,1A1B,ABFLOW011,Coal,21.341522293810748,,21.341522293810748
Hungary,2018,1A1B,ABFLOW011,Natural gas,21.341522293810748,,21.341522293810748
Hungary,2018,1A1B,ABFLOW011,Oil,21.341522293810748,,21.341522293810748
Hungary,2018,1A1C,ABFLOW011,Coal,21.341522293810748,,21.341522293810748
Hungary,2018,1A1C,ABFLOW011,Natural gas,21.341522293810748,,21.341522293810748
Hungary,2018,1A1C,ABFLOW011,Oil,21.341522293810748,,21.341522293810748
Hungary,2018,1A2,ABFLOW012,Coal,,,0.0
Hungary,2018,1A2,ABFLOW012,Natural gas,,,0.0
Hungary,2018,1A2,ABFLOW012,Oil,,,0.0
Hungary,2018,1A2A,ABFLOW016,Coal,21.341522293810748,,21.341522293810748
Hungary,2018,1A2A,ABFLOW016,Natural gas,21.341522293810748,,21.341522293810748
Hungary,2018,1A2A,ABFLOW016,Oil,21.341522293810748,,21.341522293810748
Hungary,2018,1A2B,ABFLOW018,Coal,21.341522293810748,,21.341522293810748
Hungary,2018,1A2B,ABFLOW018,Natural gas,21.341522293810748,,21.341522293810748
Hungary,2018,1A2B,ABFLOW018,Oil,21.341522293810748,,21.341522293810748
Hungary,2018,1A2C,ABFLOW017,Coal,21.341522293810748,,21.341522293810748
Hungary,2018,1A2C,ABFLOW017,Natural gas,21.341522293810748,,21.341522293810748
Hungary,2018,1A2C,ABFLOW017,Oil,21.341522293810748,,21.341522293810748
Hungary,2018,1A2D,ABFLOW023,Coal,21.341522293810748,,21.341522293810748
Hungary,2018,1A2D,ABFLOW023,Natural gas,21.341522293810748,,21.341522293810748
Hungary,2018,1A2D,ABFLOW023,Oil,21.341522293810748,,21.341522293810748
Hungary,2018,1A2E,ABFLOW022,Coal,21.341522293810748,,21.341522293810748
Hungary,2018,1A2E,ABFLOW022,Natural gas,21.341522293810748,,21.341522293810748
Hungary,2018,1A2E,ABFLOW022,Oil,21.341522293810748,,21.341522293810748
Hungary,2018,1A2F,ABFLOW019,Coal,21.341522293810748,,21.341522293810748
Hungary,2018,1A2F,ABFLOW019,Natural gas,21.341522293810748,,21.341522293810748
Hungary,2018,1A2F,ABFLOW019,Oil,21.341522293810748,,21.341522293810748
Hungary,2018,1A2G,ABFLOW020,Coal,21.341522293810748,,21.341522293810748
Hungary,2018,1A2G,ABFLOW020,Natural gas,21.341522293810748,,21.341522293810748
Hungary,2018,1A2G,ABFLOW020,Oil,21.341522293810748,,21.341522293810748
Hungary,2018,1A2H,ABFLOW021,Coal,21.341522293810748,,21.341522293810748
Hungary,2018,1A2H,ABFLOW021,Natural gas,21.341522293810748,,21.341522293810748
Hungary,2018,1A2H,ABFLOW021,Oil,21.341522293810748,,21.341522293810748
Hungary,2018,1A2I,ABFLOW013,Coal,21.341522293810748,,21.341522293810748
Hungary,2018,1A2I,ABFLOW013,Natural gas,21.341522293810748,,21.341522293810748
Hungary,2018,1A2I,ABFLOW013,Oil,21.341522293810748,,21.341522293810748
Hungary,2018,1A2J,ABFLOW024,Coal,21.341522293810748,,21.341522293810748
Hungary,2018,1A2J,ABFLOW024,Natural gas,21.341522293810748,,21.341522293810748
Hungary,2018,1A2J,ABFLOW024,Oil,21.341522293810748,,21.341522293810748
Hungary,2018,1A2K,ABFLOW014,Coal,21.341522293810748,,21.341522293810748
Hungary,2018,1A2K,ABFLOW014,Natural gas,21.341522293810748,,21.341522293810748
Hungary,2018,1A2K,ABFLOW014,Oil,21.341522293810748,,21.341522293810748
Hungary,2018,1A2L,ABFLOW025,Coal,21.341522293810748,,21.341522293810748
Hungary,2018,1A2L,ABFLOW025,Natural gas,21.341522293810748,,21.341522293810748
Hungary,2018,1A2L,ABFLOW025,Oil,21.341522293810748,,21.341522293810748
Hungary,2018,1A2M,ABFLOW026,Coal,21.341522293810748,,21.341522293810748
Hungary,2018,1A2M,ABFLOW026,Natural gas,21.341522293810748,,21.341522293810748
Hungary,2018,1A2M,ABFLOW026,Oil,21.341522293810748,,21.341522293810748
Hungary,2018,1A3,ABFLOW027,Coal,,,0.0
Hungary,2018,1A3,ABFLOW027,Natural gas,,,0.0
Hungary,2018,1A3,ABFLOW027,Oil,,,0.0
Hungary,2018,1A3A1,ABFLOW040,Coal,10.884176369843482,,10.884176369843482
Hungary,2018,1A3A1,ABFLOW040,Natural gas,10.884176369843482,,10.884176369843482
Hungary,2018,1A3A1,ABFLOW040,Oil,10.884176369843482,,10.884176369843482
Hungary,2018,1A3A2,ABFLOW029,Coal,21.341522293810748,,21.341522293810748
Hungary,2018,1A3A2,ABFLOW029,Natural gas,21.341522293810748,,21.341522293810748
Hungary,2018,1A3A2,ABFLOW029,Oil,21.341522293810748,,21.341522293810748
Hungary,2018,1A3B,ABFLOW028,Coal,,,0.0
Hungary,2018,1A3B,ABFLOW028,Natural gas,,,0.0
Hungary,2018,1A3B,ABFLOW028,Oil,,,0.0
Hungary,2018,1A3C,ABFLOW030,Coal,,,0.0
Hungary,2018,1A3C,ABFLOW030,Natural gas,,,0.0
Hungary,2018,1A3C,ABFLOW030,Oil,,,0.0
Hungary,2018,1A3D1,ABFLOW039,Coal,,,0.0
Hungary,2018,1A3D1,ABFLOW039,Natural gas,,,0.0
Hungary,2018,1A3D1,ABFLOW039,Oil,,,0.0
Hungary,2018,1A3D2,ABFLOW032,Coal,,,0.0
Hungary,2018,1A3D2,ABFLOW032,Natural gas,,,0.0
Hungary,2018,1A3D2,ABFLOW032,Oil,,,0.0
Hungary,2018,1A3E1,ABFLOW033,Coal,,,0.0
Hungary,2018,1A3E1,ABFLOW033,Natural gas,,,0.0
Hungary,2018,1A3E1,ABFLOW033,Oil,,,0.0
Hungary,2018,1A4A,ABFLOW035,Coal,,,0.0
Hungary,2018,1A4A,ABFLOW035,Natural gas,,,0.0
Hungary,2018,1A4A,ABFLOW035,Oil,,,0.0
Hungary,2018,1A4B,ABFLOW034,Coal,,,0.0
Hungary,2018,1A4B,ABFLOW034,Natural gas,,,0.0
Hungary,2018,1A4B,ABFLOW034,Oil,,,0.0
Hungary,2018,1A4C1,ABFLOW036,Coal,,,0.0
Hungary,2018,1A4C1,ABFLOW036,Natural gas,,,0.0
Hungary,2018,1A4C1,ABFLOW036,Oil,,,0.0
Hungary,2018,1A4C2,ABFLOW037,Coal,,,0.0
Hungary,2018,1A4C2,ABFLOW037,Natural gas,,,0.0
Hungary,2018,1A4C2,ABFLOW037,Oil,,,0.0
Hungary,2018,1A5,ABFLOW038,Coal,,,0.0
Hungary,2018,1A5,ABFLOW038,Natural gas,,,0.0
Hungary,2018,1A5,ABFLOW038,Oil,,,0.0
Hungary,2019,1A,ABFLOW001,Coal,,,0.0
Hungary,2019,1A,ABFLOW001,Natural gas,,,0.0
Hungary,2019,1A,ABFLOW001,Oil,,,0.0
Hungary,2019,1A1A,ABFLOW002,Coal,,,0.0
Hungary,2019,1A1A,ABFLOW002,Natural gas,,,0.0
Hungary,2019,1A1A,ABFLOW002,Oil,,,0.0
Hungary,2019,1A1A1,ABFLOW003,Coal,32.03096841287832,,32.03096841287832
Hungary,2019,1A1A1,ABFLOW003,Natural gas,32.03096841287832,,32.03096841287832
Hungary,2019,1A1A1,ABFLOW003,Oil,32.03096841287832,,32.03096841287832
Hungary,2019,1A1A2,ABFLOW004,Coal,32.03096841287832,,32.03096841287832
Hungary,2019,1A1A2,ABFLOW004,Natural gas,32.03096841287832,,32.03096841287832
Hungary,2019,1A1A2,ABFLOW004,Oil,32.03096841287832,,32.03096841287832
Hungary,2019,1A1A3,ABFLOW005,Coal,32.03096841287832,,32.03096841287832
Hungary,2019,1A1A3,ABFLOW005,Natural gas,32.03096841287832,,32.03096841287832
Hungary,2019,1A1A3,ABFLOW005,Oil,32.03096841287832,,32.03096841287832
Hungary,2019,1A1B,ABFLOW011,Coal,32.03096841287832,,32.03096841287832
Hungary,2019,1A1B,ABFLOW011,Natural gas,32.03096841287832,,32.03096841287832
Hungary,2019,1A1B,ABFLOW011,Oil,32.03096841287832,,32.03096841287832
Hungary,2019,1A1C,ABFLOW011,Coal,32.03096841287832,,32.03096841287832
Hungary,2019,1A1C,ABFLOW011,Natural gas,32.03096841287832,,32.03096841287832
Hungary,2019,1A1C,ABFLOW011,Oil,32.03096841287832,,32.03096841287832
Hungary,2019,1A2,ABFLOW012,Coal,,,0.0
Hungary,2019,1A2,ABFLOW012,Natural gas,,,0.0
Hungary,2019,1A2,ABFLOW012,Oil,,,0.0
Hungary,2019,1A2A,ABFLOW016,Coal,32.03096841287832,,32.03096841287832
Hungary,2019,1A2A,ABFLOW016,Natural gas,32.03096841287832,,32.03096841287832
Hungary,2019,1A2A,ABFLOW016,Oil,32.03096841287832,,32.03096841287832
Hungary,2019,1A2B,ABFLOW018,Coal,32.03096841287832,,32.03096841287832
Hungary,2019,1A2B,ABFLOW018,Natural gas,32.03096841287832,,32.03096841287832
Hungary,2019,1A2B,ABFLOW018,Oil,32.03096841287832,,32.03096841287832
Hungary,2019,1A2C,ABFLOW017,Coal,32.03096841287832,,32.03096841287832
Hungary,2019,1A2C,ABFLOW017,Natural gas,32.03096841287832,,32.03096841287832
Hungary,2019,1A2C,ABFLOW017,Oil,32.03096841287832,,32.03096841287832
Hungary,2019,1A2D,ABFLOW023,Coal,32.03096841287832,,32.03096841287832
Hungary,2019,1A2D,ABFLOW023,Natural gas,32.03096841287832,,32.03096841287832
Hungary,2019,1A2D,ABFLOW023,Oil,32.03096841287832,,32.03096841287832
Hungary,2019,1A2E,ABFLOW022,Coal,32.03096841287832,,32.03096841287832
Hungary,2019,1A2E,ABFLOW022,Natural gas,32.03096841287832,,32.03096841287832
Hungary,2019,1A2E,ABFLOW022,Oil,32.03096841287832,,32.03096841287832
Hungary,2019,1A2F,ABFLOW019,Coal,32.03096841287832,,32.03096841287832
Hungary,2019,1A2F,ABFLOW019,Natural gas,32.03096841287832,,32.03096841287832
Hungary,2019,1A2F,ABFLOW019,Oil,32.03096841287832,,32.03096841287832
Hungary,2019,1A2G,ABFLOW020,Coal,32.03096841287832,,32.03096841287832
Hungary,2019,1A2G,ABFLOW020,Natural gas,32.03096841287832,,32.03096841287832
Hungary,2019,1A2G,ABFLOW020,Oil,32.03096841287832,,32.03096841287832
Hungary,2019,1A2H,ABFLOW021,Coal,32.03096841287832,,32.03096841287832
Hungary,2019,1A2H,ABFLOW021,Natural gas,32.03096841287832,,32.03096841287832
Hungary,2019,1A2H,ABFLOW021,Oil,32.03096841287832,,32.03096841287832
Hungary,2019,1A2I,ABFLOW013,Coal,32.03096841287832,,32.03096841287832
Hungary,2019,1A2I,ABFLOW013,Natural gas,32.03096841287832,,32.03096841287832
Hungary,2019,1A2I,ABFLOW013,Oil,32.03096841287832,,32.03096841287832
Hungary,2019,1A2J,ABFLOW024,Coal,32.03096841287832,,32.03096841287832
Hungary,2019,1A2J,ABFLOW024,Natural gas,32.03096841287832,,32.03096841287832
Hungary,2019,1A2J,ABFLOW024,Oil,32.03096841287832,,32.03096841287832
Hungary,2019,1A2K,ABFLOW014,Coal,32.03096841287832,,32.03096841287832
Hungary,2019,1A2K,ABFLOW014,Natural gas,32.03096841287832,,32.03096841287832
Hungary,2019,1A2K,ABFLOW014,Oil,32.03096841287832,,32.03096841287832
Hungary,2019,1A2L,ABFLOW025,Coal,32.03096841287832,,32.03096841287832
Hungary,2019,1A2L,ABFLOW025,Natural gas,32.03096841287832,,32.03096841287832
Hungary,2019,1A2L,ABFLOW025,Oil,32.03096841287832,,32.03096841287832
Hungary,2019,1A2M,ABFLOW026,Coal,32.03096841287832,,32.03096841287832
Hungary,2019,1A2M,ABFLOW026,Natural gas,32.03096841287832,,32.03096841287832
Hungary,2019,1A2M,ABFLOW026,Oil,32.03096841287832,,32.03096841287832
Hungary,2019,1A3,ABFLOW027,Coal,,,0.0
Hungary,2019,1A3,ABFLOW027,Natural gas,,,0.0
Hungary,2019,1A3,ABFLOW027,Oil,,,0.0
Hungary,2019,1A3A1,ABFLOW040,Coal,16.335793890567945,,16.335793890567945
Hungary,2019,1A3A1,ABFLOW040,Natural gas,16.335793890567945,,16.335793890567945
Hungary,2019,1A3A1,ABFLOW040,Oil,16.335793890567945,,16.335793890567945
Hungary,2019,1A3A2,ABFLOW029,Coal,32.03096841287832,,32.03096841287832
Hungary,2019,1A3A2,ABFLOW029,Natural gas,32.03096841287832,,32.03096841287832
Hungary,2019,1A3A2,ABFLOW029,Oil,32.03096841287832,,32.03096841287832
Hungary,2019,1A3B,ABFLOW028,Coal,,,0.0
Hungary,2019,1A3B,ABFLOW028,Natural gas,,,0.0
Hungary,2019,1A3B,ABFLOW028,Oil,,,0.0
Hungary,2019,1A3C,ABFLOW030,Coal,,,0.0
Hungary,2019,1A3C,ABFLOW030,Natural gas,,,0.0
Hungary,2019,1A3C,ABFLOW030,Oil,,,0.0
Hungary,2019,1A3D1,ABFLOW039,Coal,,,0.0
Hungary,2019,1A3D1,ABFLOW039,Natural gas,,,0.0
Hungary,2019,1A3D1,ABFLOW039,Oil,,,0.0
Hungary,2019,1A3D2,ABFLOW032,Coal,,,0.0
Hungary,2019,1A3D2,ABFLOW032,Natural gas,,,0.0
Hungary,2019,1A3D2,ABFLOW032,Oil,,,0.0
Hungary,2019,1A3E1,ABFLOW033,Coal,,,0.0
Hungary,2019,1A3E1,ABFLOW033,Natural gas,,,0.0
Hungary,2019,1A3E1,ABFLOW033,Oil,,,0.0
Hungary,2019,1A4A,ABFLOW035,Coal,,,0.0
Hungary,2019,1A4A,ABFLOW035,Natural gas,,,0.0
Hungary,2019,1A4A,ABFLOW035,Oil,,,0.0
Hungary,2019,1A4B,ABFLOW034,Coal,,,0.0
Hungary,2019,1A4B,ABFLOW034,Natural gas,,,0.0
Hungary,2019,1A4B,ABFLOW034,Oil,,,0.0
Hungary,2019,1A4C1,ABFLOW036,Coal,,,0.0
Hungary,2019,1A4C1,ABFLOW036,Natural gas,,,0.0
Hungary,2019,1A4C1,ABFLOW036,Oil,,,0.0
Hungary,2019,1A4C2,ABFLOW037,Coal,,,0.0
Hungary,2019,1A4C2,ABFLOW037,Natural gas,,,0.0
Hungary,2019,1A4C2,ABFLOW037,Oil,,,0.0
Hungary,2019,1A5,ABFLOW038,Coal,,,0.0
Hungary,2019,1A5,ABFLOW038,Natural gas,,,0.0
Hungary,2019,1A5,ABFLOW038,Oil,,,0.0
Hungary,2020,1A,ABFLOW001,Coal,,,0.0
Hungary,2020,1A,ABFLOW001,Natural gas,,,0.0
Hungary,2020,1A,ABFLOW001,Oil,,,0.0
Hungary,2020,1A1A,ABFLOW002,Coal,,,0.0
Hungary,2020,1A1A,ABFLOW002,Natural gas,,,0.0
Hungary,2020,1A1A,ABFLOW002,Oil,,,0.0
Hungary,2020,1A1A1,ABFLOW003,Coal,29.962059433903143,,29.962059433903143
Hungary,2020,1A1A1,ABFLOW003,Natural gas,29.962059433903143,,29.962059433903143
Hungary,2020,1A1A1,ABFLOW003,Oil,29.962059433903143,,29.962059433903143
Hungary,2020,1A1A2,ABFLOW004,Coal,29.962059433903143,,29.962059433903143
Hungary,2020,1A1A2,ABFLOW004,Natural gas,29.962059433903143,,29.962059433903143
Hungary,2020,1A1A2,ABFLOW004,Oil,29.962059433903143,,29.962059433903143
Hungary,2020,1A1A3,ABFLOW005,Coal,29.962059433903143,,29.962059433903143
Hungary,2020,1A1A3,ABFLOW005,Natural gas,29.962059433903143,,29.962059433903143
Hungary,2020,1A1A3,ABFLOW005,Oil,29.962059433903143,,29.962059433903143
Hungary,2020,1A1B,ABFLOW011,Coal,29.962059433903143,,29.962059433903143
Hungary,2020,1A1B,ABFLOW011,Natural gas,29.962059433903143,,29.962059433903143
Hungary,2020,1A1B,ABFLOW011,Oil,29.962059433903143,,29.962059433903143
Hungary,2020,1A1C,ABFLOW011,Coal,29.962059433903143,,29.962059433903143
Hungary,2020,1A1C,ABFLOW011,Natural gas,29.962059433903143,,29.962059433903143
Hungary,2020,1A1C,ABFLOW011,Oil,29.962059433903143,,29.962059433903143
Hungary,2020,1A2,ABFLOW012,Coal,,,0.0
Hungary,2020,1A2,ABFLOW012,Natural gas,,,0.0
Hungary,2020,1A2,ABFLOW012,Oil,,,0.0
Hungary,2020,1A2A,ABFLOW016,Coal,29.962059433903143,,29.962059433903143
Hungary,2020,1A2A,ABFLOW016,Natural gas,29.962059433903143,,29.962059433903143
Hungary,2020,1A2A,ABFLOW016,Oil,29.962059433903143,,29.962059433903143
Hungary,2020,1A2B,ABFLOW018,Coal,29.962059433903143,,29.962059433903143
Hungary,2020,1A2B,ABFLOW018,Natural gas,29.962059433903143,,29.962059433903143
Hungary,2020,1A2B,ABFLOW018,Oil,29.962059433903143,,29.962059433903143
Hungary,2020,1A2C,ABFLOW017,Coal,29.962059433903143,,29.962059433903143
Hungary,2020,1A2C,ABFLOW017,Natural gas,29.962059433903143,,29.962059433903143
Hungary,2020,1A2C,ABFLOW017,Oil,29.962059433903143,,29.962059433903143
Hungary,2020,1A2D,ABFLOW023,Coal,29.962059433903143,,29.962059433903143
Hungary,2020,1A2D,ABFLOW023,Natural gas,29.962059433903143,,29.962059433903143
Hungary,2020,1A2D,ABFLOW023,Oil,29.962059433903143,,29.962059433903143
Hungary,2020,1A2E,ABFLOW022,Coal,29.962059433903143,,29.962059433903143
Hungary,2020,1A2E,ABFLOW022,Natural gas,29.962059433903143,,29.962059433903143
Hungary,2020,1A2E,ABFLOW022,Oil,29.962059433903143,,29.962059433903143
Hungary,2020,1A2F,ABFLOW019,Coal,29.962059433903143,,29.962059433903143
Hungary,2020,1A2F,ABFLOW019,Natural gas,29.962059433903143,,29.962059433903143
Hungary,2020,1A2F,ABFLOW019,Oil,29.962059433903143,,29.962059433903143
Hungary,2020,1A2G,ABFLOW020,Coal,29.962059433903143,,29.962059433903143
Hungary,2020,1A2G,ABFLOW020,Natural gas,29.962059433903143,,29.962059433903143
Hungary,2020,1A2G,ABFLOW020,Oil,29.962059433903143,,29.962059433903143
Hungary,2020,1A2H,ABFLOW021,Coal,29.962059433903143,,29.962059433903143
Hungary,2020,1A2H,ABFLOW021,Natural gas,29.962059433903143,,29.962059433903143
Hungary,2020,1A2H,ABFLOW021,Oil,29.962059433903143,,29.962059433903143
Hungary,2020,1A2I,ABFLOW013,Coal,29.962059433903143,,29.962059433903143
Hungary,2020,1A2I,ABFLOW013,Natural gas,29.962059433903143,,29.962059433903143
Hungary,2020,1A2I,ABFLOW013,Oil,29.962059433903143,,29.962059433903143
Hungary,2020,1A2J,ABFLOW024,Coal,29.962059433903143,,29.962059433903143
Hungary,2020,1A2J,ABFLOW024,Natural gas,29.962059433903143,,29.962059433903143
Hungary,2020,1A2J,ABFLOW024,Oil,29.962059433903143,,29.962059433903143
Hungary,2020,1A2K,ABFLOW014,Coal,29.962059433903143,,29.962059433903143
Hungary,2020,1A2K,ABFLOW014,Natural gas,29.962059433903143,,29.962059433903143
Hungary,2020,1A2K,ABFLOW014,Oil,29.962059433903143,,29.962059433903143
Hungary,2020,1A2L,ABFLOW025,Coal,29.962059433903143,,29.962059433903143
Hungary,2020,1A2L,ABFLOW025,Natural gas,29.962059433903143,,29.962059433903143
Hungary,2020,1A2L,ABFLOW025,Oil,29.962059433903143,,29.962059433903143
Hungary,2020,1A2M,ABFLOW026,Coal,29.962059433903143,,29.962059433903143
Hungary,2020,1A2M,ABFLOW026,Natural gas,29.962059433903143,,29.962059433903143
Hungary,2020,1A2M,ABFLOW026,Oil,29.962059433903143,,29.962059433903143
Hungary,2020,1A3,ABFLOW027,Coal,,,0.0
Hungary,2020,1A3,ABFLOW027,Natural gas,,,0.0
Hungary,2020,1A3,ABFLOW027,Oil,,,0.0
Hungary,2020,1A3A1,ABFLOW040,Coal,15.280650311290604,,15.280650311290604
Hungary,2020,1A3A1,ABFLOW040,Natural gas,15.280650311290604,,15.280650311290604
Hungary,2020,1A3A1,ABFLOW040,Oil,15.280650311290604,,15.280650311290604
Hungary,2020,1A3A2,ABFLOW029,Coal,29.962059433903143,,29.962059433903143
Hungary,2020,1A3A2,ABFLOW029,Natural gas,29.962059433903143,,29.962059433903143
Hungary,2020,1A3A2,ABFLOW029,Oil,29.962059433903143,,29.962059433903143
Hungary,2020,1A3B,ABFLOW028,Coal,,,0.0
Hungary,2020,1A3B,ABFLOW028,Natural gas,,,0.0
Hungary,2020,1A3B,ABFLOW028,Oil,,,0.0
Hungary,2020,1A3C,ABFLOW030,Coal,,,0.0
Hungary,2020,1A3C,ABFLOW030,Natural gas,,,0.0
Hungary,2020,1A3C,ABFLOW030,Oil,,,0.0
Hungary,2020,1A3D1,ABFLOW039,Coal,,,0.0
Hungary,2020,1A3D1,ABFLOW039,Natural gas,,,0.0
Hungary,2020,1A3D1,ABFLOW039,Oil,,,0.0
Hungary,2020,1A3D2,ABFLOW032,Coal,,,0.0
Hungary,2020,1A3D2,ABFLOW032,Natural gas,,,0.0
Hungary,2020,1A3D2,ABFLOW032,Oil,,,0.0
Hungary,2020,1A3E1,ABFLOW033,Coal,,,0.0
Hungary,2020,1A3E1,ABFLOW033,Natural gas,,,0.0
Hungary,2020,1A3E1,ABFLOW033,Oil,,,0.0
Hungary,2020,1A4A,ABFLOW035,Coal,,,0.0
Hungary,2020,1A4A,ABFLOW035,Natural gas,,,0.0
Hungary,2020,1A4A,ABFLOW035,Oil,,,0.0
Hungary,2020,1A4B,ABFLOW034,Coal,,,0.0
Hungary,2020,1A4B,ABFLOW034,Natural gas,,,0.0
Hungary,2020,1A4B,ABFLOW034,Oil,,,0.0
Hungary,2020,1A4C1,ABFLOW036,Coal,,,0.0
Hungary,2020,1A4C1,ABFLOW036,Natural gas,,,0.0
Hungary,2020,1A4C1,ABFLOW036,Oil,,,0.0
Hungary,2020,1A4C2,ABFLOW037,Coal,,,0.0
Hungary,2020,1A4C2,ABFLOW037,Natural gas,,,0.0
Hungary,2020,1A4C2,ABFLOW037,Oil,,,0.0
Hungary,2020,1A5,ABFLOW038,Coal,,,0.0
Hungary,2020,1A5,ABFLOW038,Natural gas,,,0.0
Hungary,2020,1A5,ABFLOW038,Oil,,,0.0
Hungary,2021,1A,ABFLOW001,Coal,,,0.0
Hungary,2021,1A,ABFLOW001,Natural gas,,,0.0
Hungary,2021,1A,ABFLOW001,Oil,,,0.0
Hungary,2021,1A1A,ABFLOW002,Coal,,,0.0
Hungary,2021,1A1A,ABFLOW002,Natural gas,,,0.0
Hungary,2021,1A1A,ABFLOW002,Oil,,,0.0
Hungary,2021,1A1A1,ABFLOW003,Coal,60.89193727539277,,60.89193727539277
Hungary,2021,1A1A1,ABFLOW003,Natural gas,60.89193727539277,,60.89193727539277
Hungary,2021,1A1A1,ABFLOW003,Oil,60.89193727539277,,60.89193727539277
Hungary,2021,1A1A2,ABFLOW004,Coal,60.89193727539277,,60.89193727539277
Hungary,2021,1A1A2,ABFLOW004,Natural gas,60.89193727539277,,60.89193727539277
Hungary,2021,1A1A2,ABFLOW004,Oil,60.89193727539277,,60.89193727539277
Hungary,2021,1A1A3,ABFLOW005,Coal,60.89193727539277,,60.89193727539277
Hungary,2021,1A1A3,ABFLOW005,Natural gas,60.89193727539277,,60.89193727539277
Hungary,2021,1A1A3,ABFLOW005,Oil,60.89193727539277,,60.89193727539277
Hungary,2021,1A1B,ABFLOW011,Coal,60.89193727539277,,60.89193727539277
Hungary,2021,1A1B,ABFLOW011,Natural gas,60.89193727539277,,60.89193727539277
Hungary,2021,1A1B,ABFLOW011,Oil,60.89193727539277,,60.89193727539277
Hungary,2021,1A1C,ABFLOW011,Coal,60.89193727539277,,60.89193727539277
Hungary,2021,1A1C,ABFLOW011,Natural gas,60.89193727539277,,60.89193727539277
Hungary,2021,1A1C,ABFLOW011,Oil,60.89193727539277,,60.89193727539277
Hungary,2021,1A2,ABFLOW012,Coal,,,0.0
Hungary,2021,1A2,ABFLOW012,Natural gas,,,0.0
Hungary,2021,1A2,ABFLOW012,Oil,,,0.0
Hungary,2021,1A2A,ABFLOW016,Coal,60.89193727539277,,60.89193727539277
Hungary,2021,1A2A,ABFLOW016,Natural gas,60.89193727539277,,60.89193727539277
Hungary,2021,1A2A,ABFLOW016,Oil,60.89193727539277,,60.89193727539277
Hungary,2021,1A2B,ABFLOW018,Coal,60.89193727539277,,60.89193727539277
Hungary,2021,1A2B,ABFLOW018,Natural gas,60.89193727539277,,60.89193727539277
Hungary,2021,1A2B,ABFLOW018,Oil,60.89193727539277,,60.89193727539277
Hungary,2021,1A2C,ABFLOW017,Coal,60.89193727539277,,60.89193727539277
Hungary,2021,1A2C,ABFLOW017,Natural gas,60.89193727539277,,60.89193727539277
Hungary,2021,1A2C,ABFLOW017,Oil,60.89193727539277,,60.89193727539277
Hungary,2021,1A2D,ABFLOW023,Coal,60.89193727539277,,60.89193727539277
Hungary,2021,1A2D,ABFLOW023,Natural gas,60.89193727539277,,60.89193727539277
Hungary,2021,1A2D,ABFLOW023,Oil,60.89193727539277,,60.89193727539277
Hungary,2021,1A2E,ABFLOW022,Coal,60.89193727539277,,60.89193727539277
Hungary,2021,1A2E,ABFLOW022,Natural gas,60.89193727539277,,60.89193727539277
Hungary,2021,1A2E,ABFLOW022,Oil,60.89193727539277,,60.89193727539277
Hungary,2021,1A2F,ABFLOW019,Coal,60.89193727539277,,60.89193727539277
Hungary,2021,1A2F,ABFLOW019,Natural gas,60.89193727539277,,60.89193727539277
Hungary,2021,1A2F,ABFLOW019,Oil,60.89193727539277,,60.89193727539277
Hungary,2021,1A2G,ABFLOW020,Coal,60.89193727539277,,60.89193727539277
Hungary,2021,1A2G,ABFLOW020,Natural gas,60.89193727539277,,60.89193727539277
Hungary,2021,1A2G,ABFLOW020,Oil,60.89193727539277,,60.89193727539277
Hungary,2021,1A2H,ABFLOW021,Coal,60.89193727539277,,60.89193727539277
Hungary,2021,1A2H,ABFLOW021,Natural gas,60.89193727539277,,60.89193727539277
Hungary,2021,1A2H,ABFLOW021,Oil,60.89193727539277,,60.89193727539277
Hungary,2021,1A2I,ABFLOW013,Coal,60.89193727539277,,60.89193727539277
Hungary,2021,1A2I,ABFLOW013,Natural gas,60.89193727539277,,60.89193727539277
Hungary,2021,1A2I,ABFLOW013,Oil,60.89193727539277,,60.89193727539277
Hungary,2021,1A2J,ABFLOW024,Coal,60.89193727539277,,60.89193727539277
Hungary,2021,1A2J,ABFLOW024,Natural gas,60.89193727539277,,60.89193727539277
Hungary,2021,1A2J,ABFLOW024,Oil,60.89193727539277,,60.89193727539277
Hungary,2021,1A2K,ABFLOW014,Coal,60.89193727539277,,60.89193727539277
Hungary,2021,1A2K,ABFLOW014,Natural gas,60.89193727539277,,60.89193727539277
Hungary,2021,1A2K,ABFLOW014,Oil,60.89193727539277,,60.89193727539277
Hungary,2021,1A2L,ABFLOW025,Coal,60.89193727539277,,60.89193727539277
Hungary,2021,1A2L,ABFLOW025,Natural gas,60.89193727539277,,60.89193727539277
Hungary,2021,1A2L,ABFLOW025,Oil,60.89193727539277,,60.89193727539277
Hungary,2021,1A2M,ABFLOW026,Coal,60.89193727539277,,60.89193727539277
Hungary,2021,1A2M,ABFLOW026,Natural gas,60.89193727539277,,60.89193727539277
Hungary,2021,1A2M,ABFLOW026,Oil,60.89193727539277,,60.89193727539277
Hungary,2021,1A3,ABFLOW027,Coal,,,0.0
Hungary,2021,1A3,ABFLOW027,Natural gas,,,0.0
Hungary,2021,1A3,ABFLOW027,Oil,,,0.0
Hungary,2021,1A3A1,ABFLOW040,Coal,31.054888010450313,,31.054888010450313
Hungary,2021,1A3A1,ABFLOW040,Natural gas,31.054888010450313,,31.054888010450313
Hungary,2021,1A3A1,ABFLOW040,Oil,31.054888010450313,,31.054888010450313
Hungary,2021,1A3A2,ABFLOW029,Coal,60.89193727539277,,60.89193727539277
Hungary,2021,1A3A2,ABFLOW029,Natural gas,60.89193727539277,,60.89193727539277
Hungary,2021,1A3A2,ABFLOW029,Oil,60.89193727539277,,60.89193727539277
Hungary,2021,1A3B,ABFLOW028,Coal,,,0.0
Hungary,2021,1A3B,ABFLOW028,Natural gas,,,0.0
Hungary,2021,1A3B,ABFLOW028,Oil,,,0.0
Hungary,2021,1A3C,ABFLOW030,Coal,,,0.0
Hungary,2021,1A3C,ABFLOW030,Natural gas,,,0.0
Hungary,2021,1A3C,ABFLOW030,Oil,,,0.0
Hungary,2021,1A3D1,ABFLOW039,Coal,,,0.0
Hungary,2021,1A3D1,ABFLOW039,Natural gas,,,0.0
Hungary,2021,1A3D1,ABFLOW039,Oil,,,0.0
Hungary,2021,1A3D2,ABFLOW032,Coal,,,0.0
Hungary,2021,1A3D2,ABFLOW032,Natural gas,,,0.0
Hungary,2021,1A3D2,ABFLOW032,Oil,,,0.0
Hungary,2021,1A3E1,ABFLOW033,Coal,,,0.0
Hungary,2021,1A3E1,ABFLOW033,Natural gas,,,0.0
Hungary,2021,1A3E1,ABFLOW033,Oil,,,0.0
Hungary,2021,1A4A,ABFLOW035,Coal,,,0.0
Hungary,2021,1A4A,ABFLOW035,Natural gas,,,0.0
Hungary,2021,1A4A,ABFLOW035,Oil,,,0.0
Hungary,2021,1A4B,ABFLOW034,Coal,,,0.0
Hungary,2021,1A4B,ABFLOW034,Natural gas,,,0.0
Hungary,2021,1A4B,ABFLOW034,Oil,,,0.0
Hungary,2021,1A4C1,ABFLOW036,Coal,,,0.0
Hungary,2021,1A4C1,ABFLOW036,Natural gas,,,0.0
Hungary,2021,1A4C1,ABFLOW036,Oil,,,0.0
Hungary,2021,1A4C2,ABFLOW037,Coal,,,0.0
Hungary,2021,1A4C2,ABFLOW037,Natural gas,,,0.0
Hungary,2021,1A4C2,ABFLOW037,Oil,,,0.0
Hungary,2021,1A5,ABFLOW038,Coal,,,0.0
Hungary,2021,1A5,ABFLOW038,Natural gas,,,0.0
Hungary,2021,1A5,ABFLOW038,Oil,,,0.0
Hungary,2022,1A,ABFLOW001,Coal,,,0.0
Hungary,2022,1A,ABFLOW001,Natural gas,,,0.0
Hungary,2022,1A,ABFLOW001,Oil,,,0.0
Hungary,2022,1A1A,ABFLOW002,Coal,,,0.0
Hungary,2022,1A1A,ABFLOW002,Natural gas,,,0.0
Hungary,2022,1A1A,ABFLOW002,Oil,,,0.0
Hungary,2022,1A1A1,ABFLOW003,Coal,80.5558616447646,,80.5558616447646
Hungary,2022,1A1A1,ABFLOW003,Natural gas,80.5558616447646,,80.5558616447646
Hungary,2022,1A1A1,ABFLOW003,Oil,80.5558616447646,,80.5558616447646
Hungary,2022,1A1A2,ABFLOW004,Coal,80.5558616447646,,80.5558616447646
Hungary,2022,1A1A2,ABFLOW004,Natural gas,80.5558616447646,,80.5558616447646
Hungary,2022,1A1A2,ABFLOW004,Oil,80.5558616447646,,80.5558616447646
Hungary,2022,1A1A3,ABFLOW005,Coal,80.5558616447646,,80.5558616447646
Hungary,2022,1A1A3,ABFLOW005,Natural gas,80.5558616447646,,80.5558616447646
Hungary,2022,1A1A3,ABFLOW005,Oil,80.5558616447646,,80.5558616447646
Hungary,2022,1A1B,ABFLOW011,Coal,80.5558616447646,,80.5558616447646
Hungary,2022,1A1B,ABFLOW011,Natural gas,80.5558616447646,,80.5558616447646
Hungary,2022,1A1B,ABFLOW011,Oil,80.5558616447646,,80.5558616447646
Hungary,2022,1A1C,ABFLOW011,Coal,80.5558616447646,,80.5558616447646
Hungary,2022,1A1C,ABFLOW011,Natural gas,80.5558616447646,,80.5558616447646
Hungary,2022,1A1C,ABFLOW011,Oil,80.5558616447646,,80.5558616447646
Hungary,2022,1A2,ABFLOW012,Coal,,,0.0
Hungary,2022,1A2,ABFLOW012,Natural gas,,,0.0
Hungary,2022,1A2,ABFLOW012,Oil,,,0.0
Hungary,2022,1A2A,ABFLOW016,Coal,80.5558616447646,,80.5558616447646
Hungary,2022,1A2A,ABFLOW016,Natural gas,80.5558616447646,,80.5558616447646
Hungary,2022,1A2A,ABFLOW016,Oil,80.5558616447646,,80.5558616447646
Hungary,2022,1A2B,ABFLOW018,Coal,80.5558616447646,,80.5558616447646
Hungary,2022,1A2B,ABFLOW018,Natural gas,80.5558616447646,,80.5558616447646
Hungary,2022,1A2B,ABFLOW018,Oil,80.5558616447646,,80.5558616447646
Hungary,2022,1A2C,ABFLOW017,Coal,80.5558616447646,,80.5558616447646
Hungary,2022,1A2C,ABFLOW017,Natural gas,80.5558616447646,,80.5558616447646
Hungary,2022,1A2C,ABFLOW017,Oil,80.5558616447646,,80.5558616447646
Hungary,2022,1A2D,ABFLOW023,Coal,80.5558616447646,,80.5558616447646
Hungary,2022,1A2D,ABFLOW023,Natural gas,80.5558616447646,,80.5558616447646
Hungary,2022,1A2D,ABFLOW023,Oil,80.5558616447646,,80.5558616447646
Hungary,2022,1A2E,ABFLOW022,Coal,80.5558616447646,,80.5558616447646
Hungary,2022,1A2E,ABFLOW022,Natural gas,80.5558616447646,,80.5558616447646
Hungary,2022,1A2E,ABFLOW022,Oil,80.5558616447646,,80.5558616447646
Hungary,2022,1A2F,ABFLOW019,Coal,80.5558616447646,,80.5558616447646
Hungary,2022,1A2F,ABFLOW019,Natural gas,80.5558616447646,,80.5558616447646
Hungary,2022,1A2F,ABFLOW019,Oil,80.5558616447646,,80.5558616447646
Hungary,2022,1A2G,ABFLOW020,Coal,80.5558616447646,,80.5558616447646
Hungary,2022,1A2G,ABFLOW020,Natural gas,80.5558616447646,,80.5558616447646
Hungary,2022,1A2G,ABFLOW020,Oil,80.5558616447646,,80.5558616447646
Hungary,2022,1A2H,ABFLOW021,Coal,80.5558616447646,,80.5558616447646
Hungary,2022,1A2H,ABFLOW021,Natural gas,80.5558616447646,,80.5558616447646
Hungary,2022,1A2H,ABFLOW021,Oil,80.5558616447646,,80.5558616447646
Hungary,2022,1A2I,ABFLOW013,Coal,80.5558616447646,,80.5558616447646
Hungary,2022,1A2I,ABFLOW013,Natural gas,80.5558616447646,,80.5558616447646
Hungary,2022,1A2I,ABFLOW013,Oil,80.5558616447646,,80.5558616447646
Hungary,2022,1A2J,ABFLOW024,Coal,80.5558616447646,,80.5558616447646
Hungary,2022,1A2J,ABFLOW024,Natural gas,80.5558616447646,,80.5558616447646
Hungary,2022,1A2J,ABFLOW024,Oil,80.5558616447646,,80.5558616447646
Hungary,2022,1A2K,ABFLOW014,Coal,80.5558616447646,,80.5558616447646
Hungary,2022,1A2K,ABFLOW014,Natural gas,80.5558616447646,,80.5558616447646
Hungary,2022,1A2K,ABFLOW014,Oil,80.5558616447646,,80.5558616447646
Hungary,2022,1A2L,ABFLOW025,Coal,80.5558616447646,,80.5558616447646
Hungary,2022,1A2L,ABFLOW025,Natural gas,80.5558616447646,,80.5558616447646
Hungary,2022,1A2L,ABFLOW025,Oil,80.5558616447646,,80.5558616447646
Hungary,2022,1A2M,ABFLOW026,Coal,80.5558616447646,,80.5558616447646
Hungary,2022,1A2M,ABFLOW026,Natural gas,80.5558616447646,,80.5558616447646
Hungary,2022,1A2M,ABFLOW026,Oil,80.5558616447646,,80.5558616447646
Hungary,2022,1A3,ABFLOW027,Coal,,,0.0
Hungary,2022,1A3,ABFLOW027,Natural gas,,,0.0
Hungary,2022,1A3,ABFLOW027,Oil,,,0.0
Hungary,2022,1A3A1,ABFLOW040,Coal,41.08348943882995,,41.08348943882995
Hungary,2022,1A3A1,ABFLOW040,Natural gas,41.08348943882995,,41.08348943882995
Hungary,2022,1A3A1,ABFLOW040,Oil,41.08348943882995,,41.08348943882995
Hungary,2022,1A3A2,ABFLOW029,Coal,80.5558616447646,,80.5558616447646
Hungary,2022,1A3A2,ABFLOW029,Natural gas,80.5558616447646,,80.5558616447646
Hungary,2022,1A3A2,ABFLOW029,Oil,80.5558616447646,,80.5558616447646
Hungary,2022,1A3B,ABFLOW028,Coal,,,0.0
Hungary,2022,1A3B,ABFLOW028,Natural gas,,,0.0
Hungary,2022,1A3B,ABFLOW028,Oil,,,0.0
Hungary,2022,1A3C,ABFLOW030,Coal,,,0.0
Hungary,2022,1A3C,ABFLOW030,Natural gas,,,0.0
Hungary,2022,1A3C,ABFLOW030,Oil,,,0.0
Hungary,2022,1A3D1,ABFLOW039,Coal,,,0.0
Hungary,2022,1A3D1,ABFLOW039,Natural gas,,,0.0
Hungary,2022,1A3D1,ABFLOW039,Oil,,,0.0
Hungary,2022,1A3D2,ABFLOW032,Coal,,,0.0
Hungary,2022,1A3D2,ABFLOW032,Natural gas,,,0.0
Hungary,2022,1A3D2,ABFLOW032,Oil,,,0.0
Hungary,2022,1A3E1,ABFLOW033,Coal,,,0.0
Hungary,2022,1A3E1,ABFLOW033,Natural gas,,,0.0
Hungary,2022,1A3E1,ABFLOW033,Oil,,,0.0
Hungary,2022,1A4A,ABFLOW035,Coal,,,0.0
Hungary,2022,1A4A,ABFLOW035,Natural gas,,,0.0
Hungary,2022,1A4A,ABFLOW035,Oil,,,0.0
Hungary,2022,1A4B,ABFLOW034,Coal,,,0.0
Hungary,2022,1A4B,ABFLOW034,Natural gas,,,0.0
Hungary,2022,1A4B,ABFLOW034,Oil,,,0.0
Hungary,2022,1A4C1,ABFLOW036,Coal,,,0.0
Hungary,2022,1A4C1,ABFLOW036,Natural gas,,,0.0
Hungary,2022,1A4C1,ABFLOW036,Oil,,,0.0
Hungary,2022,1A4C2,ABFLOW037,Coal,,,0.0
Hungary,2022,1A4C2,ABFLOW037,Natural gas,,,0.0
Hungary,2022,1A4C2,ABFLOW037,Oil,,,0.0
Hungary,2022,1A5,ABFLOW038,Coal,,,0.0
Hungary,2022,1A5,ABFLOW038,Natural gas,,,0.0
Hungary,2022,1A5,ABFLOW038,Oil,,,0.0
Hungary,2023,1A,ABFLOW001,Coal,,,0.0
Hungary,2023,1A,ABFLOW001,Natural gas,,,0.0
Hungary,2023,1A,ABFLOW001,Oil,,,0.0
Hungary,2023,1A1A,ABFLOW002,Coal,,,0.0
Hungary,2023,1A1A,ABFLOW002,Natural gas,,,0.0
Hungary,2023,1A1A,ABFLOW002,Oil,,,0.0
Hungary,2023,1A1A1,ABFLOW003,Coal,72.6997093842182,,72.6997093842182
Hungary,2023,1A1A1,ABFLOW003,Natural gas,72.6997093842182,,72.6997093842182
Hungary,2023,1A1A1,ABFLOW003,Oil,72.6997093842182,,72.6997093842182
Hungary,2023,1A1A2,ABFLOW004,Coal,72.6997093842182,,72.6997093842182
Hungary,2023,1A1A2,ABFLOW004,Natural gas,72.6997093842182,,72.6997093842182
Hungary,2023,1A1A2,ABFLOW004,Oil,72.6997093842182,,72.6997093842182
Hungary,2023,1A1A3,ABFLOW005,Coal,72.6997093842182,,72.6997093842182
Hungary,2023,1A1A3,ABFLOW005,Natural gas,72.6997093842182,,72.6997093842182
Hungary,2023,1A1A3,ABFLOW005,Oil,72.6997093842182,,72.6997093842182
Hungary,2023,1A1B,ABFLOW011,Coal,72.6997093842182,,72.6997093842182
Hungary,2023,1A1B,ABFLOW011,Natural gas,72.6997093842182,,72.6997093842182
Hungary,2023,1A1B,ABFLOW011,Oil,72.6997093842182,,72.6997093842182
Hungary,2023,1A1C,ABFLOW011,Coal,72.6997093842182,,72.6997093842182
Hungary,2023,1A1C,ABFLOW011,Natural gas,72.6997093842182,,72.6997093842182
Hungary,2023,1A1C,ABFLOW011,Oil,72.6997093842182,,72.6997093842182
Hungary,2023,1A2,ABFLOW012,Coal,,,0.0
Hungary,2023,1A2,ABFLOW012,Natural gas,,,0.0
Hungary,2023,1A2,ABFLOW012,Oil,,,0.0
Hungary,2023,1A2A,ABFLOW016,Coal,72.6997093842182,,72.6997093842182
Hungary,2023,1A2A,ABFLOW016,Natural gas,72.6997093842182,,72.6997093842182
Hungary,2023,1A2A,ABFLOW016,Oil,72.6997093842182,,72.6997093842182
Hungary,2023,1A2B,ABFLOW018,Coal,72.6997093842182,,72.6997093842182
Hungary,2023,1A2B,ABFLOW018,Natural gas,72.6997093842182,,72.6997093842182
Hungary,2023,1A2B,ABFLOW018,Oil,72.6997093842182,,72.6997093842182
Hungary,2023,1A2C,ABFLOW017,Coal,72.6997093842182,,72.6997093842182
Hungary,2023,1A2C,ABFLOW017,Natural gas,72.6997093842182,,72.6997093842182
Hungary,2023,1A2C,ABFLOW017,Oil,72.6997093842182,,72.6997093842182
Hungary,2023,1A2D,ABFLOW023,Coal,72.6997093842182,,72.6997093842182
Hungary,2023,1A2D,ABFLOW023,Natural gas,72.6997093842182,,72.6997093842182
Hungary,2023,1A2D,ABFLOW023,Oil,72.6997093842182,,72.6997093842182
Hungary,2023,1A2E,ABFLOW022,Coal,72.6997093842182,,72.6997093842182
Hungary,2023,1A2E,ABFLOW022,Natural gas,72.6997093842182,,72.6997093842182
Hungary,2023,1A2E,ABFLOW022,Oil,72.6997093842182,,72.6997093842182
Hungary,2023,1A2F,ABFLOW019,Coal,72.6997093842182,,72.6997093842182
Hungary,2023,1A2F,ABFLOW019,Natural gas,72.6997093842182,,72.6997093842182
Hungary,2023,1A2F,ABFLOW019,Oil,72.6997093842182,,72.6997093842182
Hungary,2023,1A2G,ABFLOW020,Coal,72.6997093842182,,72.6997093842182
Hungary,2023,1A2G,ABFLOW020,Natural gas,72.6997093842182,,72.6997093842182
Hungary,2023,1A2G,ABFLOW020,Oil,72.6997093842182,,72.6997093842182
Hungary,2023,1A2H,ABFLOW021,Coal,72.6997093842182,,72.6997093842182
Hungary,2023,1A2H,ABFLOW021,Natural gas,72.6997093842182,,72.6997093842182
Hungary,2023,1A2H,ABFLOW021,Oil,72.6997093842182,,72.6997093842182
Hungary,2023,1A2I,ABFLOW013,Coal,72.6997093842182,,72.6997093842182
Hungary,2023,1A2I,ABFLOW013,Natural gas,72.6997093842182,,72.6997093842182
Hungary,2023,1A2I,ABFLOW013,Oil,72.6997093842182,,72.6997093842182
Hungary,2023,1A2J,ABFLOW024,Coal,72.6997093842182,,72.6997093842182
Hungary,2023,1A2J,ABFLOW024,Natural gas,72.6997093842182,,72.6997093842182
Hungary,2023,1A2J,ABFLOW024,Oil,72.6997093842182,,72.6997093842182
Hungary,2023,1A2K,ABFLOW014,Coal,72.6997093842182,,72.6997093842182
Hungary,2023,1A2K,ABFLOW014,Natural gas,72.6997093842182,,72.6997093842182
Hungary,2023,1A2K,ABFLOW014,Oil,72.6997093842182,,72.6997093842182
Hungary,2023,1A2L,ABFLOW025,Coal,72.6997093842182,,72.6997093842182
Hungary,2023,1A2L,ABFLOW025,Natural gas,72.6997093842182,,72.6997093842182
Hungary,2023,1A2L,ABFLOW025,Oil,72.6997093842182,,72.6997093842182
Hungary,2023,1A2M,ABFLOW026,Coal,72.6997093842182,,72.6997093842182
Hungary,2023,1A2M,ABFLOW026,Natural gas,72.6997093842182,,72.6997093842182
Hungary,2023,1A2M,ABFLOW026,Oil,72.6997093842182,,72.6997093842182
Hungary,2023,1A3,ABFLOW027,Coal,,,0.0
Hungary,2023,1A3,ABFLOW027,Natural gas,,,0.0
Hungary,2023,1A3,ABFLOW027,Oil,,,0.0
Hungary,2023,1A3A1,ABFLOW040,Coal,37.07685178595128,,37.07685178595128
Hungary,2023,1A3A1,ABFLOW040,Natural gas,37.07685178595128,,37.07685178595128
Hungary,2023,1A3A1,ABFLOW040,Oil,37.07685178595128,,37.07685178595128
Hungary,2023,1A3A2,ABFLOW029,Coal,72.6997093842182,,72.6997093842182
Hungary,2023,1A3A2,ABFLOW029,Natural gas,72.6997093842182,,72.6997093842182
Hungary,2023,1A3A2,ABFLOW029,Oil,72.6997093842182,,72.6997093842182
Hungary,2023,1A3B,ABFLOW028,Coal,,,0.0
Hungary,2023,1A3B,ABFLOW028,Natural gas,,,0.0
Hungary,2023,1A3B,ABFLOW028,Oil,,,0.0
Hungary,2023,1A3C,ABFLOW030,Coal,,,0.0
Hungary,2023,1A3C,ABFLOW030,Natural gas,,,0.0
Hungary,2023,1A3C,ABFLOW030,Oil,,,0.0
Hungary,2023,1A3D1,ABFLOW039,Coal,,,0.0
Hungary,2023,1A3D1,ABFLOW039,Natural gas,,,0.0
Hungary,2023,1A3D1,ABFLOW039,Oil,,,0.0
Hungary,2023,1A3D2,ABFLOW032,Coal,,,0.0
Hungary,2023,1A3D2,ABFLOW032,Natural gas,,,0.0
Hungary,2023,1A3D2,ABFLOW032,Oil,,,0.0
Hungary,2023,1A3E1,ABFLOW033,Coal,,,0.0
Hungary,2023,1A3E1,ABFLOW033,Natural gas,,,0.0
Hungary,2023,1A3E1,ABFLOW033,Oil,,,0.0
Hungary,2023,1A4A,ABFLOW035,Coal,,,0.0
Hungary,2023,1A4A,ABFLOW035,Natural gas,,,0.0
Hungary,2023,1A4A,ABFLOW035,Oil,,,0.0
Hungary,2023,1A4B,ABFLOW034,Coal,,,0.0
Hungary,2023,1A4B,ABFLOW034,Natural gas,,,0.0
Hungary,2023,1A4B,ABFLOW034,Oil,,,0.0
Hungary,2023,1A4C1,ABFLOW036,Coal,,,0.0
Hungary,2023,1A4C1,ABFLOW036,Natural gas,,,0.0
Hungary,2023,1A4C1,ABFLOW036,Oil,,,0.0
Hungary,2023,1A4C2,ABFLOW037,Coal,,,0.0
Hungary,2023,1A4C2,ABFLOW037,Natural gas,,,0.0
Hungary,2023,1A4C2,ABFLOW037,Oil,,,0.0
Hungary,2023,1A5,ABFLOW038,Coal,,,0.0
Hungary,2023,1A5,ABFLOW038,Natural gas,,,0.0
Hungary,2023,1A5,ABFLOW038,Oil,,,0.0
Hungary,2024,1A,ABFLOW001,Coal,,,0.0
Hungary,2024,1A,ABFLOW001,Natural gas,,,0.0
Hungary,2024,1A,ABFLOW001,Oil,,,0.0
Hungary,2024,1A1A,ABFLOW002,Coal,,,0.0
Hungary,2024,1A1A,ABFLOW002,Natural gas,,,0.0
Hungary,2024,1A1A,ABFLOW002,Oil,,,0.0
Hungary,2024,1A1A1,ABFLOW003,Coal,56.281127916272,31.22392672192621,87.5050546381982
Hungary,2024,1A1A1,ABFLOW003,Natural gas,56.281127916272,31.22392672192621,87.5050546381982
Hungary,2024,1A1A1,ABFLOW003,Oil,56.281127916272,31.22392672192621,87.5050546381982
Hungary,2024,1A1A2,ABFLOW004,Coal,56.281127916272,31.22392672192621,87.5050546381982
Hungary,2024,1A1A2,ABFLOW004,Natural gas,56.281127916272,31.22392672192621,87.5050546381982
Hungary,2024,1A1A2,ABFLOW004,Oil,56.281127916272,31.22392672192621,87.5050546381982
Hungary,2024,1A1A3,ABFLOW005,Coal,56.281127916272,31.22392672192621,87.5050546381982
Hungary,2024,1A1A3,ABFLOW005,Natural gas,56.281127916272,31.22392672192621,87.5050546381982
Hungary,2024,1A1A3,ABFLOW005,Oil,56.281127916272,31.22392672192621,87.5050546381982
Hungary,2024,1A1B,ABFLOW011,Coal,56.281127916272,31.22392672192621,87.5050546381982
Hungary,2024,1A1B,ABFLOW011,Natural gas,56.281127916272,31.22392672192621,87.5050546381982
Hungary,2024,1A1B,ABFLOW011,Oil,56.281127916272,31.22392672192621,87.5050546381982
Hungary,2024,1A1C,ABFLOW011,Coal,56.281127916272,31.22392672192621,87.5050546381982
Hungary,2024,1A1C,ABFLOW011,Natural gas,56.281127916272,31.22392672192621,87.5050546381982
Hungary,2024,1A1C,ABFLOW011,Oil,56.281127916272,31.22392672192621,87.5050546381982
Hungary,2024,1A2,ABFLOW012,Coal,,,0.0
Hungary,2024,1A2,ABFLOW012,Natural gas,,,0.0
Hungary,2024,1A2,ABFLOW012,Oil,,,0.0
Hungary,2024,1A2A,ABFLOW016,Coal,56.281127916272,31.22392672192621,87.5050546381982
Hungary,2024,1A2A,ABFLOW016,Natural gas,56.281127916272,31.22392672192621,87.5050546381982
Hungary,2024,1A2A,ABFLOW016,Oil,56.281127916272,31.22392672192621,87.5050546381982
Hungary,2024,1A2B,ABFLOW018,Coal,56.281127916272,31.22392672192621,87.5050546381982
Hungary,2024,1A2B,ABFLOW018,Natural gas,56.281127916272,31.22392672192621,87.5050546381982
Hungary,2024,1A2B,ABFLOW018,Oil,56.281127916272,31.22392672192621,87.5050546381982
Hungary,2024,1A2C,ABFLOW017,Coal,56.281127916272,31.22392672192621,87.5050546381982
Hungary,2024,1A2C,ABFLOW017,Natural gas,56.281127916272,31.22392672192621,87.5050546381982
Hungary,2024,1A2C,ABFLOW017,Oil,56.281127916272,31.22392672192621,87.5050546381982
Hungary,2024,1A2D,ABFLOW023,Coal,56.281127916272,31.22392672192621,87.5050546381982
Hungary,2024,1A2D,ABFLOW023,Natural gas,56.281127916272,31.22392672192621,87.5050546381982
Hungary,2024,1A2D,ABFLOW023,Oil,56.281127916272,31.22392672192621,87.5050546381982
Hungary,2024,1A2E,ABFLOW022,Coal,56.281127916272,31.22392672192621,87.5050546381982
Hungary,2024,1A2E,ABFLOW022,Natural gas,56.281127916272,31.22392672192621,87.5050546381982
Hungary,2024,1A2E,ABFLOW022,Oil,56.281127916272,31.22392672192621,87.5050546381982
Hungary,2024,1A2F,ABFLOW019,Coal,56.281127916272,31.22392672192621,87.5050546381982
Hungary,2024,1A2F,ABFLOW019,Natural gas,56.281127916272,31.22392672192621,87.5050546381982
Hungary,2024,1A2F,ABFLOW019,Oil,56.281127916272,31.22392672192621,87.5050546381982
Hungary,2024,1A2G,ABFLOW020,Coal,56.281127916272,31.22392672192621,87.5050546381982
Hungary,2024,1A2G,ABFLOW020,Natural gas,56.281127916272,31.22392672192621,87.5050546381982
Hungary,2024,1A2G,ABFLOW020,Oil,56.281127916272,31.22392672192621,87.5050546381982
Hungary,2024,1A2H,ABFLOW021,Coal,56.281127916272,31.22392672192621,87.5050546381982
Hungary,2024,1A2H,ABFLOW021,Natural gas,56.281127916272,31.22392672192621,87.5050546381982
Hungary,2024,1A2H,ABFLOW021,Oil,56.281127916272,31.22392672192621,87.5050546381982
Hungary,2024,1A2I,ABFLOW013,Coal,56.281127916272,31.22392672192621,87.5050546381982
Hungary,2024,1A2I,ABFLOW013,Natural gas,56.281127916272,31.22392672192621,87.5050546381982
Hungary,2024,1A2I,ABFLOW013,Oil,56.281127916272,31.22392672192621,87.5050546381982
Hungary,2024,1A2J,ABFLOW024,Coal,56.281127916272,31.22392672192621,87.5050546381982
Hungary,2024,1A2J,ABFLOW024,Natural gas,56.281127916272,31.22392672192621,87.5050546381982
Hungary,2024,1A2J,ABFLOW024,Oil,56.281127916272,31.22392672192621,87.5050546381982
Hungary,2024,1A2K,ABFLOW014,Coal,56.281127916272,31.22392672192621,87.5050546381982
Hungary,2024,1A2K,ABFLOW014,Natural gas,56.281127916272,31.22392672192621,87.5050546381982
Hungary,2024,1A2K,ABFLOW014,Oil,56.281127916272,31.22392672192621,87.5050546381982
Hungary,2024,1A2L,ABFLOW025,Coal,56.281127916272,31.22392672192621,87.5050546381982
Hungary,2024,1A2L,ABFLOW025,Natural gas,56.281127916272,31.22392672192621,87.5050546381982
Hungary,2024,1A2L,ABFLOW025,Oil,56.281127916272,31.22392672192621,87.5050546381982
Hungary,2024,1A2M,ABFLOW026,Coal,56.281127916272,31.22392672192621,87.5050546381982
Hungary,2024,1A2M,ABFLOW026,Natural gas,56.281127916272,31.22392672192621,87.5050546381982
Hungary,2024,1A2M,ABFLOW026,Oil,56.281127916272,31.22392672192621,87.5050546381982
Hungary,2024,1A3,ABFLOW027,Coal,,,0.0
Hungary,2024,1A3,ABFLOW027,Natural gas,,,0.0
Hungary,2024,1A3,ABFLOW027,Oil,,,0.0
Hungary,2024,1A3A1,ABFLOW040,Coal,28.70337523729872,,28.70337523729872
Hungary,2024,1A3A1,ABFLOW040,Natural gas,28.70337523729872,,28.70337523729872
Hungary,2024,1A3A1,ABFLOW040,Oil,28.70337523729872,,28.70337523729872
Hungary,2024,1A3A2,ABFLOW029,Coal,56.281127916272,,56.281127916272
Hungary,2024,1A3A2,ABFLOW029,Natural gas,56.281127916272,,56.281127916272
Hungary,2024,1A3A2,ABFLOW029,Oil,56.281127916272,,56.281127916272
Hungary,2024,1A3B,ABFLOW028,Coal,,,0.0
Hungary,2024,1A3B,ABFLOW028,Natural gas,,,0.0
Hungary,2024,1A3B,ABFLOW028,Oil,,,0.0
Hungary,2024,1A3C,ABFLOW030,Coal,,,0.0
Hungary,2024,1A3C,ABFLOW030,Natural gas,,,0.0
Hungary,2024,1A3C,ABFLOW030,Oil,,,0.0
Hungary,2024,1A3D1,ABFLOW039,Coal,,,0.0
Hungary,2024,1A3D1,ABFLOW039,Natural gas,,,0.0
Hungary,2024,1A3D1,ABFLOW039,Oil,,,0.0
Hungary,2024,1A3D2,ABFLOW032,Coal,56.281127916272,,56.281127916272
Hungary,2024,1A3D2,ABFLOW032,Natural gas,56.281127916272,,56.281127916272
Hungary,2024,1A3D2,ABFLOW032,Oil,56.281127916272,,56.281127916272
Hungary,2024,1A3E1,ABFLOW033,Coal,,,0.0
Hungary,2024,1A3E1,ABFLOW033,Natural gas,,,0.0
Hungary,2024,1A3E1,ABFLOW033,Oil,,,0.0
Hungary,2024,1A4A,ABFLOW035,Coal,,,0.0
Hungary,2024,1A4A,ABFLOW035,Natural gas,,,0.0
Hungary,2024,1A4A,ABFLOW035,Oil,,,0.0
Hungary,2024,1A4B,ABFLOW034,Coal,,,0.0
Hungary,2024,1A4B,ABFLOW034,Natural gas,,,0.0
Hungary,2024,1A4B,ABFLOW034,Oil,,,0.0
Hungary,2024,1A4C1,ABFLOW036,Coal,,,0.0
Hungary,2024,1A4C1,ABFLOW036,Natural gas,,,0.0
Hungary,2024,1A4C1,ABFLOW036,Oil,,,0.0
Hungary,2024,1A4C2,ABFLOW037,Coal,,,0.0
Hungary,2024,1A4C2,ABFLOW037,Natural gas,,,0.0
Hungary,2024,1A4C2,ABFLOW037,Oil,,,0.0
Hungary,2024,1A5,ABFLOW038,Coal,,,0.0
Hungary,2024,1A5,ABFLOW038,Natural gas,,,0.0
Hungary,2024,1A5,ABFLOW038,Oil,,,0.0
Hungary,2025,1A,ABFLOW001,Coal,,,0.0
Hungary,2025,1A,ABFLOW001,Natural gas,,,0.0
Hungary,2025,1A,ABFLOW001,Oil,,,0.0
Hungary,2025,1A1A,ABFLOW002,Coal,,,0.0
Hungary,2025,1A1A,ABFLOW002,Natural gas,,,0.0
Hungary,2025,1A1A,ABFLOW002,Oil,,,0.0
Hungary,2025,1A1A1,ABFLOW003,Coal,62.77743933702831,31.22392672192621,94.00136605895452
Hungary,2025,1A1A1,ABFLOW003,Natural gas,62.77743933702831,31.22392672192621,94.00136605895452
Hungary,2025,1A1A1,ABFLOW003,Oil,62.77743933702831,31.22392672192621,94.00136605895452
Hungary,2025,1A1A2,ABFLOW004,Coal,62.77743933702831,31.22392672192621,94.00136605895452
Hungary,2025,1A1A2,ABFLOW004,Natural gas,62.77743933702831,31.22392672192621,94.00136605895452
Hungary,2025,1A1A2,ABFLOW004,Oil,62.77743933702831,31.22392672192621,94.00136605895452
Hungary,2025,1A1A3,ABFLOW005,Coal,62.77743933702831,31.22392672192621,94.00136605895452
Hungary,2025,1A1A3,ABFLOW005,Natural gas,62.77743933702831,31.22392672192621,94.00136605895452
Hungary,2025,1A1A3,ABFLOW005,Oil,62.77743933702831,31.22392672192621,94.00136605895452
Hungary,2025,1A1B,ABFLOW011,Coal,62.77743933702831,31.22392672192621,94.00136605895452
Hungary,2025,1A1B,ABFLOW011,Natural gas,62.77743933702831,31.22392672192621,94.00136605895452
Hungary,2025,1A1B,ABFLOW011,Oil,62.77743933702831,31.22392672192621,94.00136605895452
Hungary,2025,1A1C,ABFLOW011,Coal,62.77743933702831,31.22392672192621,94.00136605895452
Hungary,2025,1A1C,ABFLOW011,Natural gas,62.77743933702831,31.22392672192621,94.00136605895452
Hungary,2025,1A1C,ABFLOW011,Oil,62.77743933702831,31.22392672192621,94.00136605895452
Hungary,2025,1A2,ABFLOW012,Coal,,,0.0
Hungary,2025,1A2,ABFLOW012,Natural gas,,,0.0
Hungary,2025,1A2,ABFLOW012,Oil,,,0.0
Hungary,2025,1A2A,ABFLOW016,Coal,62.77743933702831,31.22392672192621,94.00136605895452
Hungary,2025,1A2A,ABFLOW016,Natural gas,62.77743933702831,31.22392672192621,94.00136605895452
Hungary,2025,1A2A,ABFLOW016,Oil,62.77743933702831,31.22392672192621,94.00136605895452
Hungary,2025,1A2B,ABFLOW018,Coal,62.77743933702831,31.22392672192621,94.00136605895452
Hungary,2025,1A2B,ABFLOW018,Natural gas,62.77743933702831,31.22392672192621,94.00136605895452
Hungary,2025,1A2B,ABFLOW018,Oil,62.77743933702831,31.22392672192621,94.00136605895452
Hungary,2025,1A2C,ABFLOW017,Coal,62.77743933702831,31.22392672192621,94.00136605895452
Hungary,2025,1A2C,ABFLOW017,Natural gas,62.77743933702831,31.22392672192621,94.00136605895452
Hungary,2025,1A2C,ABFLOW017,Oil,62.77743933702831,31.22392672192621,94.00136605895452
Hungary,2025,1A2D,ABFLOW023,Coal,62.77743933702831,31.22392672192621,94.00136605895452
Hungary,2025,1A2D,ABFLOW023,Natural gas,62.77743933702831,31.22392672192621,94.00136605895452
Hungary,2025,1A2D,ABFLOW023,Oil,62.77743933702831,31.22392672192621,94.00136605895452
Hungary,2025,1A2E,ABFLOW022,Coal,62.77743933702831,31.22392672192621,94.00136605895452
Hungary,2025,1A2E,ABFLOW022,Natural gas,62.77743933702831,31.22392672192621,94.00136605895452
Hungary,2025,1A2E,ABFLOW022,Oil,62.77743933702831,31.22392672192621,94.00136605895452
Hungary,2025,1A2F,ABFLOW019,Coal,62.77743933702831,31.22392672192621,94.00136605895452
Hungary,2025,1A2F,ABFLOW019,Natural gas,62.77743933702831,31.22392672192621,94.00136605895452
Hungary,2025,1A2F,ABFLOW019,Oil,62.77743933702831,31.22392672192621,94.00136605895452
Hungary,2025,1A2G,ABFLOW020,Coal,62.77743933702831,31.22392672192621,94.00136605895452
Hungary,2025,1A2G,ABFLOW020,Natural gas,62.77743933702831,31.22392672192621,94.00136605895452
Hungary,2025,1A2G,ABFLOW020,Oil,62.77743933702831,31.22392672192621,94.00136605895452
Hungary,2025,1A2H,ABFLOW021,Coal,62.77743933702831,31.22392672192621,94.00136605895452
Hungary,2025,1A2H,ABFLOW021,Natural gas,62.77743933702831,31.22392672192621,94.00136605895452
Hungary,2025,1A2H,ABFLOW021,Oil,62.77743933702831,31.22392672192621,94.00136605895452
Hungary,2025,1A2I,ABFLOW013,Coal,62.77743933702831,31.22392672192621,94.00136605895452
Hungary,2025,1A2I,ABFLOW013,Natural gas,62.77743933702831,31.22392672192621,94.00136605895452
Hungary,2025,1A2I,ABFLOW013,Oil,62.77743933702831,31.22392672192621,94.00136605895452
Hungary,2025,1A2J,ABFLOW024,Coal,62.77743933702831,31.22392672192621,94.00136605895452
Hungary,2025,1A2J,ABFLOW024,Natural gas,62.77743933702831,31.22392672192621,94.00136605895452
Hungary,2025,1A2J,ABFLOW024,Oil,62.77743933702831,31.22392672192621,94.00136605895452
Hungary,2025,1A2K,ABFLOW014,Coal,62.77743933702831,31.22392672192621,94.00136605895452
Hungary,2025,1A2K,ABFLOW014,Natural gas,62.77743933702831,31.22392672192621,94.00136605895452
Hungary,2025,1A2K,ABFLOW014,Oil,62.77743933702831,31.22392672192621,94.00136605895452
Hungary,2025,1A2L,ABFLOW025,Coal,62.77743933702831,31.22392672192621,94.00136605895452
Hungary,2025,1A2L,ABFLOW025,Natural gas,62.77743933702831,31.22392672192621,94.00136605895452
Hungary,2025,1A2L,ABFLOW025,Oil,62.77743933702831,31.22392672192621,94.00136605895452
Hungary,2025,1A2M,ABFLOW026,Coal,62.77743933702831,31.22392672192621,94.00136605895452
Hungary,2025,1A2M,ABFLOW026,Natural gas,62.77743933702831,31.22392672192621,94.00136605895452
Hungary,2025,1A2M,ABFLOW026,Oil,62.77743933702831,31.22392672192621,94.00136605895452
Hungary,2025,1A3,ABFLOW027,Coal,,,0.0
Hungary,2025,1A3,ABFLOW027,Natural gas,,,0.0
Hungary,2025,1A3,ABFLOW027,Oil,,,0.0
Hungary,2025,1A3A1,ABFLOW040,Coal,62.77743933702831,,62.77743933702831
Hungary,2025,1A3A1,ABFLOW040,Natural gas,62.77743933702831,,62.77743933702831
Hungary,2025,1A3A1,ABFLOW040,Oil,62.77743933702831,,62.77743933702831
Hungary,2025,1A3A2,ABFLOW029,Coal,62.77743933702831,,62.77743933702831
Hungary,2025,1A3A2,ABFLOW029,Natural gas,62.77743933702831,,62.77743933702831
Hungary,2025,1A3A2,ABFLOW029,Oil,62.77743933702831,,62.77743933702831
Hungary,2025,1A3B,ABFLOW028,Coal,,,0.0
Hungary,2025,1A3B,ABFLOW028,Natural gas,,,0.0
Hungary,2025,1A3B,ABFLOW028,Oil,,,0.0
Hungary,2025,1A3C,ABFLOW030,Coal,,,0.0
Hungary,2025,1A3C,ABFLOW030,Natural gas,,,0.0
Hungary,2025,1A3C,ABFLOW030,Oil,,,0.0
Hungary,2025,1A3D1,ABFLOW039,Coal,,,0.0
Hungary,2025,1A3D1,ABFLOW039,Natural gas,,,0.0
Hungary,2025,1A3D1,ABFLOW039,Oil,,,0.0
Hungary,2025,1A3D2,ABFLOW032,Coal,62.77743933702831,,62.77743933702831
Hungary,2025,1A3D2,ABFLOW032,Natural gas,62.77743933702831,,62.77743933702831
Hungary,2025,1A3D2,ABFLOW032,Oil,62.77743933702831,,62.77743933702831
Hungary,2025,1A3E1,ABFLOW033,Coal,,,0.0
Hungary,2025,1A3E1,ABFLOW033,Natural gas,,,0.0
Hungary,2025,1A3E1,ABFLOW033,Oil,,,0.0
Hungary,2025,1A4A,ABFLOW035,Coal,,,0.0
Hungary,2025,1A4A,ABFLOW035,Natural gas,,,0.0
Hungary,2025,1A4A,ABFLOW035,Oil,,,0.0
Hungary,2025,1A4B,ABFLOW034,Coal,,,0.0
Hungary,2025,1A4B,ABFLOW034,Natural gas,,,0.0
Hungary,2025,1A4B,ABFLOW034,Oil,,,0.0
Hungary,2025,1A4C1,ABFLOW036,Coal,,,0.0
Hungary,2025,1A4C1,ABFLOW036,Natural gas,,,0.0
Hungary,2025,1A4C1,ABFLOW036,Oil,,,0.0
Hungary,2025,1A4C2,ABFLOW037,Coal,,,0.0
Hungary,2025,1A4C2,ABFLOW037,Natural gas,,,0.0
Hungary,2025,1A4C2,ABFLOW037,Oil,,,0.0
Hungary,2025,1A5,ABFLOW038,Coal,,,0.0
Hungary,2025,1A5,ABFLOW038,Natural gas,,,0.0
Hungary,2025,1A5,ABFLOW038,Oil,,,0.0
