jurisdiction,year,ipcc_code,iea_code,Product,ets_price_usd_k,tax_rate_incl_ex_usd_k,all_inst_usd_k
Denmark,1989,1A,ABFLOW001,Coal,,,0.0
Denmark,1989,1A,ABFLOW001,Natural gas,,,0.0
Denmark,1989,1A,ABFLOW001,Oil,,,0.0
Denmark,1989,1A1A,ABFLOW002,Coal,,,0.0
Denmark,1989,1A1A,ABFLOW002,Natural gas,,,0.0
Denmark,1989,1A1A,ABFLOW002,Oil,,,0.0
Denmark,1989,1A1A1,ABFLOW003,Coal,,,0.0
Denmark,1989,1A1A1,ABFLOW003,Natural gas,,,0.0
Denmark,1989,1A1A1,ABFLOW003,Oil,,,0.0
Denmark,1989,1A1A2,ABFLOW004,Coal,,,0.0
Denmark,1989,1A1A2,ABFLOW004,Natural gas,,,0.0
Denmark,1989,1A1A2,ABFLOW004,Oil,,,0.0
Denmark,1989,1A1A3,ABFLOW005,Coal,,,0.0
Denmark,1989,1A1A3,ABFLOW005,Natural gas,,,0.0
Denmark,1989,1A1A3,ABFLOW005,Oil,,,0.0
Denmark,1989,1A1B,ABFLOW011,Coal,,,0.0
Denmark,1989,1A1B,ABFLOW011,Natural gas,,,0.0
Denmark,1989,1A1B,ABFLOW011,Oil,,,0.0
Denmark,1989,1A1C,ABFLOW011,Coal,,,0.0
Denmark,1989,1A1C,ABFLOW011,Natural gas,,,0.0
Denmark,1989,1A1C,ABFLOW011,Oil,,,0.0
Denmark,1989,1A2,ABFLOW012,Coal,,,0.0
Denmark,1989,1A2,ABFLOW012,Natural gas,,,0.0
Denmark,1989,1A2,ABFLOW012,Oil,,,0.0
Denmark,1989,1A2A,ABFLOW016,Coal,,,0.0
Denmark,1989,1A2A,ABFLOW016,Natural gas,,,0.0
Denmark,1989,1A2A,ABFLOW016,Oil,,,0.0
Denmark,1989,1A2B,ABFLOW018,Coal,,,0.0
Denmark,1989,1A2B,ABFLOW018,Natural gas,,,0.0
Denmark,1989,1A2B,ABFLOW018,Oil,,,0.0
Denmark,1989,1A2C,ABFLOW017,Coal,,,0.0
Denmark,1989,1A2C,ABFLOW017,Natural gas,,,0.0
Denmark,1989,1A2C,ABFLOW017,Oil,,,0.0
Denmark,1989,1A2D,ABFLOW023,Coal,,,0.0
Denmark,1989,1A2D,ABFLOW023,Natural gas,,,0.0
Denmark,1989,1A2D,ABFLOW023,Oil,,,0.0
Denmark,1989,1A2E,ABFLOW022,Coal,,,0.0
Denmark,1989,1A2E,ABFLOW022,Natural gas,,,0.0
Denmark,1989,1A2E,ABFLOW022,Oil,,,0.0
Denmark,1989,1A2F,ABFLOW019,Coal,,,0.0
Denmark,1989,1A2F,ABFLOW019,Natural gas,,,0.0
Denmark,1989,1A2F,ABFLOW019,Oil,,,0.0
Denmark,1989,1A2G,ABFLOW020,Coal,,,0.0
Denmark,1989,1A2G,ABFLOW020,Natural gas,,,0.0
Denmark,1989,1A2G,ABFLOW020,Oil,,,0.0
Denmark,1989,1A2H,ABFLOW021,Coal,,,0.0
Denmark,1989,1A2H,ABFLOW021,Natural gas,,,0.0
Denmark,1989,1A2H,ABFLOW021,Oil,,,0.0
Denmark,1989,1A2I,ABFLOW013,Coal,,,0.0
Denmark,1989,1A2I,ABFLOW013,Natural gas,,,0.0
Denmark,1989,1A2I,ABFLOW013,Oil,,,0.0
Denmark,1989,1A2J,ABFLOW024,Coal,,,0.0
Denmark,1989,1A2J,ABFLOW024,Natural gas,,,0.0
Denmark,1989,1A2J,ABFLOW024,Oil,,,0.0
Denmark,1989,1A2K,ABFLOW014,Coal,,,0.0
Denmark,1989,1A2K,ABFLOW014,Natural gas,,,0.0
Denmark,1989,1A2K,ABFLOW014,Oil,,,0.0
Denmark,1989,1A2L,ABFLOW025,Coal,,,0.0
Denmark,1989,1A2L,ABFLOW025,Natural gas,,,0.0
Denmark,1989,1A2L,ABFLOW025,Oil,,,0.0
Denmark,1989,1A2M,ABFLOW026,Coal,,,0.0
Denmark,1989,1A2M,ABFLOW026,Natural gas,,,0.0
Denmark,1989,1A2M,ABFLOW026,Oil,,,0.0
Denmark,1989,1A3,ABFLOW027,Coal,,,0.0
Denmark,1989,1A3,ABFLOW027,Natural gas,,,0.0
Denmark,1989,1A3,ABFLOW027,Oil,,,0.0
Denmark,1989,1A3A1,ABFLOW040,Coal,,,0.0
Denmark,1989,1A3A1,ABFLOW040,Natural gas,,,0.0
Denmark,1989,1A3A1,ABFLOW040,Oil,,,0.0
Denmark,1989,1A3A2,ABFLOW029,Coal,,,0.0
Denmark,1989,1A3A2,ABFLOW029,Natural gas,,,0.0
Denmark,1989,1A3A2,ABFLOW029,Oil,,,0.0
Denmark,1989,1A3B,ABFLOW028,Coal,,,0.0
Denmark,1989,1A3B,ABFLOW028,Natural gas,,,0.0
Denmark,1989,1A3B,ABFLOW028,Oil,,,0.0
Denmark,1989,1A3C,ABFLOW030,Coal,,,0.0
Denmark,1989,1A3C,ABFLOW030,Natural gas,,,0.0
Denmark,1989,1A3C,ABFLOW030,Oil,,,0.0
Denmark,1989,1A3D1,ABFLOW039,Coal,,,0.0
Denmark,1989,1A3D1,ABFLOW039,Natural gas,,,0.0
Denmark,1989,1A3D1,ABFLOW039,Oil,,,0.0
Denmark,1989,1A3D2,ABFLOW032,Coal,,,0.0
Denmark,1989,1A3D2,ABFLOW032,Natural gas,,,0.0
Denmark,1989,1A3D2,ABFLOW032,Oil,,,0.0
Denmark,1989,1A3E1,ABFLOW033,Coal,,,0.0
Denmark,1989,1A3E1,ABFLOW033,Natural gas,,,0.0
Denmark,1989,1A3E1,ABFLOW033,Oil,,,0.0
Denmark,1989,1A4A,ABFLOW035,Coal,,,0.0
Denmark,1989,1A4A,ABFLOW035,Natural gas,,,0.0
Denmark,1989,1A4A,ABFLOW035,Oil,,,0.0
Denmark,1989,1A4B,ABFLOW034,Coal,,,0.0
Denmark,1989,1A4B,ABFLOW034,Natural gas,,,0.0
Denmark,1989,1A4B,ABFLOW034,Oil,,,0.0
Denmark,1989,1A4C1,ABFLOW036,Coal,,,0.0
Denmark,1989,1A4C1,ABFLOW036,Natural gas,,,0.0
Denmark,1989,1A4C1,ABFLOW036,Oil,,,0.0
Denmark,1989,1A4C2,ABFLOW037,Coal,,,0.0
Denmark,1989,1A4C2,ABFLOW037,Natural gas,,,0.0
Denmark,1989,1A4C2,ABFLOW037,Oil,,,0.0
Denmark,1989,1A5,ABFLOW038,Coal,,,0.0
Denmark,1989,1A5,ABFLOW038,Natural gas,,,0.0
Denmark,1989,1A5,ABFLOW038,Oil,,,0.0
Denmark,1990,1A,ABFLOW001,Coal,,,0.0
Denmark,1990,1A,ABFLOW001,Natural gas,,,0.0
Denmark,1990,1A,ABFLOW001,Oil,,,0.0
Denmark,1990,1A1A,ABFLOW002,Coal,,,0.0
Denmark,1990,1A1A,ABFLOW002,Natural gas,,,0.0
Denmark,1990,1A1A,ABFLOW002,Oil,,,0.0
Denmark,1990,1A1A1,ABFLOW003,Coal,,,0.0
Denmark,1990,1A1A1,ABFLOW003,Natural gas,,,0.0
Denmark,1990,1A1A1,ABFLOW003,Oil,,,0.0
Denmark,1990,1A1A2,ABFLOW004,Coal,,,0.0
Denmark,1990,1A1A2,ABFLOW004,Natural gas,,,0.0
Denmark,1990,1A1A2,ABFLOW004,Oil,,,0.0
Denmark,1990,1A1A3,ABFLOW005,Coal,,,0.0
Denmark,1990,1A1A3,ABFLOW005,Natural gas,,,0.0
Denmark,1990,1A1A3,ABFLOW005,Oil,,,0.0
Denmark,1990,1A1B,ABFLOW011,Coal,,,0.0
Denmark,1990,1A1B,ABFLOW011,Natural gas,,,0.0
Denmark,1990,1A1B,ABFLOW011,Oil,,,0.0
Denmark,1990,1A1C,ABFLOW011,Coal,,,0.0
Denmark,1990,1A1C,ABFLOW011,Natural gas,,,0.0
Denmark,1990,1A1C,ABFLOW011,Oil,,,0.0
Denmark,1990,1A2,ABFLOW012,Coal,,,0.0
Denmark,1990,1A2,ABFLOW012,Natural gas,,,0.0
Denmark,1990,1A2,ABFLOW012,Oil,,,0.0
Denmark,1990,1A2A,ABFLOW016,Coal,,,0.0
Denmark,1990,1A2A,ABFLOW016,Natural gas,,,0.0
Denmark,1990,1A2A,ABFLOW016,Oil,,,0.0
Denmark,1990,1A2B,ABFLOW018,Coal,,,0.0
Denmark,1990,1A2B,ABFLOW018,Natural gas,,,0.0
Denmark,1990,1A2B,ABFLOW018,Oil,,,0.0
Denmark,1990,1A2C,ABFLOW017,Coal,,,0.0
Denmark,1990,1A2C,ABFLOW017,Natural gas,,,0.0
Denmark,1990,1A2C,ABFLOW017,Oil,,,0.0
Denmark,1990,1A2D,ABFLOW023,Coal,,,0.0
Denmark,1990,1A2D,ABFLOW023,Natural gas,,,0.0
Denmark,1990,1A2D,ABFLOW023,Oil,,,0.0
Denmark,1990,1A2E,ABFLOW022,Coal,,,0.0
Denmark,1990,1A2E,ABFLOW022,Natural gas,,,0.0
Denmark,1990,1A2E,ABFLOW022,Oil,,,0.0
Denmark,1990,1A2F,ABFLOW019,Coal,,,0.0
Denmark,1990,1A2F,ABFLOW019,Natural gas,,,0.0
Denmark,1990,1A2F,ABFLOW019,Oil,,,0.0
Denmark,1990,1A2G,ABFLOW020,Coal,,,0.0
Denmark,1990,1A2G,ABFLOW020,Natural gas,,,0.0
Denmark,1990,1A2G,ABFLOW020,Oil,,,0.0
Denmark,1990,1A2H,ABFLOW021,Coal,,,0.0
Denmark,1990,1A2H,ABFLOW021,Natural gas,,,0.0
Denmark,1990,1A2H,ABFLOW021,Oil,,,0.0
Denmark,1990,1A2I,ABFLOW013,Coal,,,0.0
Denmark,1990,1A2I,ABFLOW013,Natural gas,,,0.0
Denmark,1990,1A2I,ABFLOW013,Oil,,,0.0
Denmark,1990,1A2J,ABFLOW024,Coal,,,0.0
Denmark,1990,1A2J,ABFLOW024,Natural gas,,,0.0
Denmark,1990,1A2J,ABFLOW024,Oil,,,0.0
Denmark,1990,1A2K,ABFLOW014,Coal,,,0.0
Denmark,1990,1A2K,ABFLOW014,Natural gas,,,0.0
Denmark,1990,1A2K,ABFLOW014,Oil,,,0.0
Denmark,1990,1A2L,ABFLOW025,Coal,,,0.0
Denmark,1990,1A2L,ABFLOW025,Natural gas,,,0.0
Denmark,1990,1A2L,ABFLOW025,Oil,,,0.0
Denmark,1990,1A2M,ABFLOW026,Coal,,,0.0
Denmark,1990,1A2M,ABFLOW026,Natural gas,,,0.0
Denmark,1990,1A2M,ABFLOW026,Oil,,,0.0
Denmark,1990,1A3,ABFLOW027,Coal,,,0.0
Denmark,1990,1A3,ABFLOW027,Natural gas,,,0.0
Denmark,1990,1A3,ABFLOW027,Oil,,,0.0
Denmark,1990,1A3A1,ABFLOW040,Coal,,,0.0
Denmark,1990,1A3A1,ABFLOW040,Natural gas,,,0.0
Denmark,1990,1A3A1,ABFLOW040,Oil,,,0.0
Denmark,1990,1A3A2,ABFLOW029,Coal,,,0.0
Denmark,1990,1A3A2,ABFLOW029,Natural gas,,,0.0
Denmark,1990,1A3A2,ABFLOW029,Oil,,,0.0
Denmark,1990,1A3B,ABFLOW028,Coal,,,0.0
Denmark,1990,1A3B,ABFLOW028,Natural gas,,,0.0
Denmark,1990,1A3B,ABFLOW028,Oil,,,0.0
Denmark,1990,1A3C,ABFLOW030,Coal,,,0.0
Denmark,1990,1A3C,ABFLOW030,Natural gas,,,0.0
Denmark,1990,1A3C,ABFLOW030,Oil,,,0.0
Denmark,1990,1A3D1,ABFLOW039,Coal,,,0.0
Denmark,1990,1A3D1,ABFLOW039,Natural gas,,,0.0
Denmark,1990,1A3D1,ABFLOW039,Oil,,,0.0
Denmark,1990,1A3D2,ABFLOW032,Coal,,,0.0
Denmark,1990,1A3D2,ABFLOW032,Natural gas,,,0.0
Denmark,1990,1A3D2,ABFLOW032,Oil,,,0.0
Denmark,1990,1A3E1,ABFLOW033,Coal,,,0.0
Denmark,1990,1A3E1,ABFLOW033,Natural gas,,,0.0
Denmark,1990,1A3E1,ABFLOW033,Oil,,,0.0
Denmark,1990,1A4A,ABFLOW035,Coal,,,0.0
Denmark,1990,1A4A,ABFLOW035,Natural gas,,,0.0
Denmark,1990,1A4A,ABFLOW035,Oil,,,0.0
Denmark,1990,1A4B,ABFLOW034,Coal,,,0.0
Denmark,1990,1A4B,ABFLOW034,Natural gas,,,0.0
Denmark,1990,1A4B,ABFLOW034,Oil,,,0.0
Denmark,1990,1A4C1,ABFLOW036,Coal,,,0.0
Denmark,1990,1A4C1,ABFLOW036,Natural gas,,,0.0
Denmark,1990,1A4C1,ABFLOW036,Oil,,,0.0
Denmark,1990,1A4C2,ABFLOW037,Coal,,,0.0
Denmark,1990,1A4C2,ABFLOW037,Natural gas,,,0.0
Denmark,1990,1A4C2,ABFLOW037,Oil,,,0.0
Denmark,1990,1A5,ABFLOW038,Coal,,,0.0
Denmark,1990,1A5,ABFLOW038,Natural gas,,,0.0
Denmark,1990,1A5,ABFLOW038,Oil,,,0.0
Denmark,1991,1A,ABFLOW001,Coal,,,0.0
Denmark,1991,1A,ABFLOW001,Natural gas,,,0.0
Denmark,1991,1A,ABFLOW001,Oil,,,0.0
Denmark,1991,1A1A,ABFLOW002,Coal,,,0.0
Denmark,1991,1A1A,ABFLOW002,Natural gas,,,0.0
Denmark,1991,1A1A,ABFLOW002,Oil,,,0.0
Denmark,1991,1A1A1,ABFLOW003,Coal,,,0.0
Denmark,1991,1A1A1,ABFLOW003,Natural gas,,,0.0
Denmark,1991,1A1A1,ABFLOW003,Oil,,,0.0
Denmark,1991,1A1A2,ABFLOW004,Coal,,,0.0
Denmark,1991,1A1A2,ABFLOW004,Natural gas,,,0.0
Denmark,1991,1A1A2,ABFLOW004,Oil,,,0.0
Denmark,1991,1A1A3,ABFLOW005,Coal,,,0.0
Denmark,1991,1A1A3,ABFLOW005,Natural gas,,,0.0
Denmark,1991,1A1A3,ABFLOW005,Oil,,,0.0
Denmark,1991,1A1B,ABFLOW011,Coal,,,0.0
Denmark,1991,1A1B,ABFLOW011,Natural gas,,,0.0
Denmark,1991,1A1B,ABFLOW011,Oil,,,0.0
Denmark,1991,1A1C,ABFLOW011,Coal,,,0.0
Denmark,1991,1A1C,ABFLOW011,Natural gas,,,0.0
Denmark,1991,1A1C,ABFLOW011,Oil,,,0.0
Denmark,1991,1A2,ABFLOW012,Coal,,,0.0
Denmark,1991,1A2,ABFLOW012,Natural gas,,,0.0
Denmark,1991,1A2,ABFLOW012,Oil,,,0.0
Denmark,1991,1A2A,ABFLOW016,Coal,,,0.0
Denmark,1991,1A2A,ABFLOW016,Natural gas,,,0.0
Denmark,1991,1A2A,ABFLOW016,Oil,,,0.0
Denmark,1991,1A2B,ABFLOW018,Coal,,,0.0
Denmark,1991,1A2B,ABFLOW018,Natural gas,,,0.0
Denmark,1991,1A2B,ABFLOW018,Oil,,,0.0
Denmark,1991,1A2C,ABFLOW017,Coal,,,0.0
Denmark,1991,1A2C,ABFLOW017,Natural gas,,,0.0
Denmark,1991,1A2C,ABFLOW017,Oil,,,0.0
Denmark,1991,1A2D,ABFLOW023,Coal,,,0.0
Denmark,1991,1A2D,ABFLOW023,Natural gas,,,0.0
Denmark,1991,1A2D,ABFLOW023,Oil,,,0.0
Denmark,1991,1A2E,ABFLOW022,Coal,,,0.0
Denmark,1991,1A2E,ABFLOW022,Natural gas,,,0.0
Denmark,1991,1A2E,ABFLOW022,Oil,,,0.0
Denmark,1991,1A2F,ABFLOW019,Coal,,,0.0
Denmark,1991,1A2F,ABFLOW019,Natural gas,,,0.0
Denmark,1991,1A2F,ABFLOW019,Oil,,,0.0
Denmark,1991,1A2G,ABFLOW020,Coal,,,0.0
Denmark,1991,1A2G,ABFLOW020,Natural gas,,,0.0
Denmark,1991,1A2G,ABFLOW020,Oil,,,0.0
Denmark,1991,1A2H,ABFLOW021,Coal,,,0.0
Denmark,1991,1A2H,ABFLOW021,Natural gas,,,0.0
Denmark,1991,1A2H,ABFLOW021,Oil,,,0.0
Denmark,1991,1A2I,ABFLOW013,Coal,,,0.0
Denmark,1991,1A2I,ABFLOW013,Natural gas,,,0.0
Denmark,1991,1A2I,ABFLOW013,Oil,,,0.0
Denmark,1991,1A2J,ABFLOW024,Coal,,,0.0
Denmark,1991,1A2J,ABFLOW024,Natural gas,,,0.0
Denmark,1991,1A2J,ABFLOW024,Oil,,,0.0
Denmark,1991,1A2K,ABFLOW014,Coal,,,0.0
Denmark,1991,1A2K,ABFLOW014,Natural gas,,,0.0
Denmark,1991,1A2K,ABFLOW014,Oil,,,0.0
Denmark,1991,1A2L,ABFLOW025,Coal,,,0.0
Denmark,1991,1A2L,ABFLOW025,Natural gas,,,0.0
Denmark,1991,1A2L,ABFLOW025,Oil,,,0.0
Denmark,1991,1A2M,ABFLOW026,Coal,,,0.0
Denmark,1991,1A2M,ABFLOW026,Natural gas,,,0.0
Denmark,1991,1A2M,ABFLOW026,Oil,,,0.0
Denmark,1991,1A3,ABFLOW027,Coal,,,0.0
Denmark,1991,1A3,ABFLOW027,Natural gas,,,0.0
Denmark,1991,1A3,ABFLOW027,Oil,,,0.0
Denmark,1991,1A3A1,ABFLOW040,Coal,,,0.0
Denmark,1991,1A3A1,ABFLOW040,Natural gas,,,0.0
Denmark,1991,1A3A1,ABFLOW040,Oil,,,0.0
Denmark,1991,1A3A2,ABFLOW029,Coal,,,0.0
Denmark,1991,1A3A2,ABFLOW029,Natural gas,,,0.0
Denmark,1991,1A3A2,ABFLOW029,Oil,,,0.0
Denmark,1991,1A3B,ABFLOW028,Coal,,,0.0
Denmark,1991,1A3B,ABFLOW028,Natural gas,,,0.0
Denmark,1991,1A3B,ABFLOW028,Oil,,,0.0
Denmark,1991,1A3C,ABFLOW030,Coal,,,0.0
Denmark,1991,1A3C,ABFLOW030,Natural gas,,,0.0
Denmark,1991,1A3C,ABFLOW030,Oil,,,0.0
Denmark,1991,1A3D1,ABFLOW039,Coal,,,0.0
Denmark,1991,1A3D1,ABFLOW039,Natural gas,,,0.0
Denmark,1991,1A3D1,ABFLOW039,Oil,,,0.0
Denmark,1991,1A3D2,ABFLOW032,Coal,,,0.0
Denmark,1991,1A3D2,ABFLOW032,Natural gas,,,0.0
Denmark,1991,1A3D2,ABFLOW032,Oil,,,0.0
Denmark,1991,1A3E1,ABFLOW033,Coal,,,0.0
Denmark,1991,1A3E1,ABFLOW033,Natural gas,,,0.0
Denmark,1991,1A3E1,ABFLOW033,Oil,,,0.0
Denmark,1991,1A4A,ABFLOW035,Coal,,,0.0
Denmark,1991,1A4A,ABFLOW035,Natural gas,,,0.0
Denmark,1991,1A4A,ABFLOW035,Oil,,,0.0
Denmark,1991,1A4B,ABFLOW034,Coal,,,0.0
Denmark,1991,1A4B,ABFLOW034,Natural gas,,,0.0
Denmark,1991,1A4B,ABFLOW034,Oil,,,0.0
Denmark,1991,1A4C1,ABFLOW036,Coal,,,0.0
Denmark,1991,1A4C1,ABFLOW036,Natural gas,,,0.0
Denmark,1991,1A4C1,ABFLOW036,Oil,,,0.0
Denmark,1991,1A4C2,ABFLOW037,Coal,,,0.0
Denmark,1991,1A4C2,ABFLOW037,Natural gas,,,0.0
Denmark,1991,1A4C2,ABFLOW037,Oil,,,0.0
Denmark,1991,1A5,ABFLOW038,Coal,,,0.0
Denmark,1991,1A5,ABFLOW038,Natural gas,,,0.0
Denmark,1991,1A5,ABFLOW038,Oil,,,0.0
Denmark,1992,1A,ABFLOW001,Coal,,,0.0
Denmark,1992,1A,ABFLOW001,Natural gas,,,0.0
Denmark,1992,1A,ABFLOW001,Oil,,,0.0
Denmark,1992,1A1A,ABFLOW002,Coal,,,0.0
Denmark,1992,1A1A,ABFLOW002,Natural gas,,,0.0
Denmark,1992,1A1A,ABFLOW002,Oil,,,0.0
Denmark,1992,1A1A1,ABFLOW003,Coal,,24.895902139780944,24.895902139780944
Denmark,1992,1A1A1,ABFLOW003,Natural gas,,0.0,0.0
Denmark,1992,1A1A1,ABFLOW003,Oil,,24.895902139780944,24.895902139780944
Denmark,1992,1A1A2,ABFLOW004,Coal,,,0.0
Denmark,1992,1A1A2,ABFLOW004,Natural gas,,,0.0
Denmark,1992,1A1A2,ABFLOW004,Oil,,,0.0
Denmark,1992,1A1A3,ABFLOW005,Coal,,24.895902139780944,24.895902139780944
Denmark,1992,1A1A3,ABFLOW005,Natural gas,,0.0,0.0
Denmark,1992,1A1A3,ABFLOW005,Oil,,24.895902139780944,24.895902139780944
Denmark,1992,1A1B,ABFLOW011,Coal,,24.895902139780944,24.895902139780944
Denmark,1992,1A1B,ABFLOW011,Natural gas,,0.0,0.0
Denmark,1992,1A1B,ABFLOW011,Oil,,24.895902139780944,24.895902139780944
Denmark,1992,1A1C,ABFLOW011,Coal,,24.895902139780944,24.895902139780944
Denmark,1992,1A1C,ABFLOW011,Natural gas,,0.0,0.0
Denmark,1992,1A1C,ABFLOW011,Oil,,24.895902139780944,24.895902139780944
Denmark,1992,1A2,ABFLOW012,Coal,,,0.0
Denmark,1992,1A2,ABFLOW012,Natural gas,,,0.0
Denmark,1992,1A2,ABFLOW012,Oil,,,0.0
Denmark,1992,1A2A,ABFLOW016,Coal,,12.447951069890472,12.447951069890472
Denmark,1992,1A2A,ABFLOW016,Natural gas,,0.0,0.0
Denmark,1992,1A2A,ABFLOW016,Oil,,12.447951069890472,12.447951069890472
Denmark,1992,1A2B,ABFLOW018,Coal,,12.447951069890472,12.447951069890472
Denmark,1992,1A2B,ABFLOW018,Natural gas,,0.0,0.0
Denmark,1992,1A2B,ABFLOW018,Oil,,12.447951069890472,12.447951069890472
Denmark,1992,1A2C,ABFLOW017,Coal,,12.447951069890472,12.447951069890472
Denmark,1992,1A2C,ABFLOW017,Natural gas,,0.0,0.0
Denmark,1992,1A2C,ABFLOW017,Oil,,12.447951069890472,12.447951069890472
Denmark,1992,1A2D,ABFLOW023,Coal,,12.447951069890472,12.447951069890472
Denmark,1992,1A2D,ABFLOW023,Natural gas,,0.0,0.0
Denmark,1992,1A2D,ABFLOW023,Oil,,12.447951069890472,12.447951069890472
Denmark,1992,1A2E,ABFLOW022,Coal,,12.447951069890472,12.447951069890472
Denmark,1992,1A2E,ABFLOW022,Natural gas,,0.0,0.0
Denmark,1992,1A2E,ABFLOW022,Oil,,12.447951069890472,12.447951069890472
Denmark,1992,1A2F,ABFLOW019,Coal,,12.447951069890472,12.447951069890472
Denmark,1992,1A2F,ABFLOW019,Natural gas,,0.0,0.0
Denmark,1992,1A2F,ABFLOW019,Oil,,12.447951069890472,12.447951069890472
Denmark,1992,1A2G,ABFLOW020,Coal,,12.447951069890472,12.447951069890472
Denmark,1992,1A2G,ABFLOW020,Natural gas,,0.0,0.0
Denmark,1992,1A2G,ABFLOW020,Oil,,12.447951069890472,12.447951069890472
Denmark,1992,1A2H,ABFLOW021,Coal,,12.447951069890472,12.447951069890472
Denmark,1992,1A2H,ABFLOW021,Natural gas,,0.0,0.0
Denmark,1992,1A2H,ABFLOW021,Oil,,12.447951069890472,12.447951069890472
Denmark,1992,1A2I,ABFLOW013,Coal,,12.447951069890472,12.447951069890472
Denmark,1992,1A2I,ABFLOW013,Natural gas,,0.0,0.0
Denmark,1992,1A2I,ABFLOW013,Oil,,12.447951069890472,12.447951069890472
Denmark,1992,1A2J,ABFLOW024,Coal,,12.447951069890472,12.447951069890472
Denmark,1992,1A2J,ABFLOW024,Natural gas,,0.0,0.0
Denmark,1992,1A2J,ABFLOW024,Oil,,12.447951069890472,12.447951069890472
Denmark,1992,1A2K,ABFLOW014,Coal,,12.447951069890472,12.447951069890472
Denmark,1992,1A2K,ABFLOW014,Natural gas,,0.0,0.0
Denmark,1992,1A2K,ABFLOW014,Oil,,12.447951069890472,12.447951069890472
Denmark,1992,1A2L,ABFLOW025,Coal,,12.447951069890472,12.447951069890472
Denmark,1992,1A2L,ABFLOW025,Natural gas,,0.0,0.0
Denmark,1992,1A2L,ABFLOW025,Oil,,12.447951069890472,12.447951069890472
Denmark,1992,1A2M,ABFLOW026,Coal,,12.447951069890472,12.447951069890472
Denmark,1992,1A2M,ABFLOW026,Natural gas,,0.0,0.0
Denmark,1992,1A2M,ABFLOW026,Oil,,12.447951069890472,12.447951069890472
Denmark,1992,1A3,ABFLOW027,Coal,,,0.0
Denmark,1992,1A3,ABFLOW027,Natural gas,,,0.0
Denmark,1992,1A3,ABFLOW027,Oil,,,0.0
Denmark,1992,1A3A1,ABFLOW040,Coal,,,0.0
Denmark,1992,1A3A1,ABFLOW040,Natural gas,,,0.0
Denmark,1992,1A3A1,ABFLOW040,Oil,,,0.0
Denmark,1992,1A3A2,ABFLOW029,Coal,,,0.0
Denmark,1992,1A3A2,ABFLOW029,Natural gas,,,0.0
Denmark,1992,1A3A2,ABFLOW029,Oil,,,0.0
Denmark,1992,1A3B,ABFLOW028,Coal,,24.895902139780944,24.895902139780944
Denmark,1992,1A3B,ABFLOW028,Natural gas,,0.0,0.0
Denmark,1992,1A3B,ABFLOW028,Oil,,24.895902139780944,24.895902139780944
Denmark,1992,1A3C,ABFLOW030,Coal,,,0.0
Denmark,1992,1A3C,ABFLOW030,Natural gas,,,0.0
Denmark,1992,1A3C,ABFLOW030,Oil,,,0.0
Denmark,1992,1A3D1,ABFLOW039,Coal,,,0.0
Denmark,1992,1A3D1,ABFLOW039,Natural gas,,,0.0
Denmark,1992,1A3D1,ABFLOW039,Oil,,,0.0
Denmark,1992,1A3D2,ABFLOW032,Coal,,,0.0
Denmark,1992,1A3D2,ABFLOW032,Natural gas,,,0.0
Denmark,1992,1A3D2,ABFLOW032,Oil,,,0.0
Denmark,1992,1A3E1,ABFLOW033,Coal,,,0.0
Denmark,1992,1A3E1,ABFLOW033,Natural gas,,,0.0
Denmark,1992,1A3E1,ABFLOW033,Oil,,,0.0
Denmark,1992,1A4A,ABFLOW035,Coal,,24.895902139780944,24.895902139780944
Denmark,1992,1A4A,ABFLOW035,Natural gas,,0.0,0.0
Denmark,1992,1A4A,ABFLOW035,Oil,,24.895902139780944,24.895902139780944
Denmark,1992,1A4B,ABFLOW034,Coal,,24.895902139780944,24.895902139780944
Denmark,1992,1A4B,ABFLOW034,Natural gas,,0.0,0.0
Denmark,1992,1A4B,ABFLOW034,Oil,,24.895902139780944,24.895902139780944
Denmark,1992,1A4C1,ABFLOW036,Coal,,12.447951069890472,12.447951069890472
Denmark,1992,1A4C1,ABFLOW036,Natural gas,,0.0,0.0
Denmark,1992,1A4C1,ABFLOW036,Oil,,12.447951069890472,12.447951069890472
Denmark,1992,1A4C2,ABFLOW037,Coal,,,0.0
Denmark,1992,1A4C2,ABFLOW037,Natural gas,,,0.0
Denmark,1992,1A4C2,ABFLOW037,Oil,,,0.0
Denmark,1992,1A5,ABFLOW038,Coal,,,0.0
Denmark,1992,1A5,ABFLOW038,Natural gas,,,0.0
Denmark,1992,1A5,ABFLOW038,Oil,,,0.0
Denmark,1993,1A,ABFLOW001,Coal,,,0.0
Denmark,1993,1A,ABFLOW001,Natural gas,,,0.0
Denmark,1993,1A,ABFLOW001,Oil,,,0.0
Denmark,1993,1A1A,ABFLOW002,Coal,,,0.0
Denmark,1993,1A1A,ABFLOW002,Natural gas,,,0.0
Denmark,1993,1A1A,ABFLOW002,Oil,,,0.0
Denmark,1993,1A1A1,ABFLOW003,Coal,,24.752983890902076,24.752983890902076
Denmark,1993,1A1A1,ABFLOW003,Natural gas,,0.0,0.0
Denmark,1993,1A1A1,ABFLOW003,Oil,,24.752983890902076,24.752983890902076
Denmark,1993,1A1A2,ABFLOW004,Coal,,,0.0
Denmark,1993,1A1A2,ABFLOW004,Natural gas,,,0.0
Denmark,1993,1A1A2,ABFLOW004,Oil,,,0.0
Denmark,1993,1A1A3,ABFLOW005,Coal,,24.752983890902076,24.752983890902076
Denmark,1993,1A1A3,ABFLOW005,Natural gas,,0.0,0.0
Denmark,1993,1A1A3,ABFLOW005,Oil,,24.752983890902076,24.752983890902076
Denmark,1993,1A1B,ABFLOW011,Coal,,24.752983890902076,24.752983890902076
Denmark,1993,1A1B,ABFLOW011,Natural gas,,0.0,0.0
Denmark,1993,1A1B,ABFLOW011,Oil,,24.752983890902076,24.752983890902076
Denmark,1993,1A1C,ABFLOW011,Coal,,24.752983890902076,24.752983890902076
Denmark,1993,1A1C,ABFLOW011,Natural gas,,0.0,0.0
Denmark,1993,1A1C,ABFLOW011,Oil,,24.752983890902076,24.752983890902076
Denmark,1993,1A2,ABFLOW012,Coal,,,0.0
Denmark,1993,1A2,ABFLOW012,Natural gas,,,0.0
Denmark,1993,1A2,ABFLOW012,Oil,,,0.0
Denmark,1993,1A2A,ABFLOW016,Coal,,12.376491945451038,12.376491945451038
Denmark,1993,1A2A,ABFLOW016,Natural gas,,0.0,0.0
Denmark,1993,1A2A,ABFLOW016,Oil,,12.376491945451038,12.376491945451038
Denmark,1993,1A2B,ABFLOW018,Coal,,12.376491945451038,12.376491945451038
Denmark,1993,1A2B,ABFLOW018,Natural gas,,0.0,0.0
Denmark,1993,1A2B,ABFLOW018,Oil,,12.376491945451038,12.376491945451038
Denmark,1993,1A2C,ABFLOW017,Coal,,12.376491945451038,12.376491945451038
Denmark,1993,1A2C,ABFLOW017,Natural gas,,0.0,0.0
Denmark,1993,1A2C,ABFLOW017,Oil,,12.376491945451038,12.376491945451038
Denmark,1993,1A2D,ABFLOW023,Coal,,12.376491945451038,12.376491945451038
Denmark,1993,1A2D,ABFLOW023,Natural gas,,0.0,0.0
Denmark,1993,1A2D,ABFLOW023,Oil,,12.376491945451038,12.376491945451038
Denmark,1993,1A2E,ABFLOW022,Coal,,12.376491945451038,12.376491945451038
Denmark,1993,1A2E,ABFLOW022,Natural gas,,0.0,0.0
Denmark,1993,1A2E,ABFLOW022,Oil,,12.376491945451038,12.376491945451038
Denmark,1993,1A2F,ABFLOW019,Coal,,12.376491945451038,12.376491945451038
Denmark,1993,1A2F,ABFLOW019,Natural gas,,0.0,0.0
Denmark,1993,1A2F,ABFLOW019,Oil,,12.376491945451038,12.376491945451038
Denmark,1993,1A2G,ABFLOW020,Coal,,12.376491945451038,12.376491945451038
Denmark,1993,1A2G,ABFLOW020,Natural gas,,0.0,0.0
Denmark,1993,1A2G,ABFLOW020,Oil,,12.376491945451038,12.376491945451038
Denmark,1993,1A2H,ABFLOW021,Coal,,12.376491945451038,12.376491945451038
Denmark,1993,1A2H,ABFLOW021,Natural gas,,0.0,0.0
Denmark,1993,1A2H,ABFLOW021,Oil,,12.376491945451038,12.376491945451038
Denmark,1993,1A2I,ABFLOW013,Coal,,12.376491945451038,12.376491945451038
Denmark,1993,1A2I,ABFLOW013,Natural gas,,0.0,0.0
Denmark,1993,1A2I,ABFLOW013,Oil,,12.376491945451038,12.376491945451038
Denmark,1993,1A2J,ABFLOW024,Coal,,12.376491945451038,12.376491945451038
Denmark,1993,1A2J,ABFLOW024,Natural gas,,0.0,0.0
Denmark,1993,1A2J,ABFLOW024,Oil,,12.376491945451038,12.376491945451038
Denmark,1993,1A2K,ABFLOW014,Coal,,12.376491945451038,12.376491945451038
Denmark,1993,1A2K,ABFLOW014,Natural gas,,0.0,0.0
Denmark,1993,1A2K,ABFLOW014,Oil,,12.376491945451038,12.376491945451038
Denmark,1993,1A2L,ABFLOW025,Coal,,12.376491945451038,12.376491945451038
Denmark,1993,1A2L,ABFLOW025,Natural gas,,0.0,0.0
Denmark,1993,1A2L,ABFLOW025,Oil,,12.376491945451038,12.376491945451038
Denmark,1993,1A2M,ABFLOW026,Coal,,12.376491945451038,12.376491945451038
Denmark,1993,1A2M,ABFLOW026,Natural gas,,0.0,0.0
Denmark,1993,1A2M,ABFLOW026,Oil,,12.376491945451038,12.376491945451038
Denmark,1993,1A3,ABFLOW027,Coal,,,0.0
Denmark,1993,1A3,ABFLOW027,Natural gas,,,0.0
Denmark,1993,1A3,ABFLOW027,Oil,,,0.0
Denmark,1993,1A3A1,ABFLOW040,Coal,,,0.0
Denmark,1993,1A3A1,ABFLOW040,Natural gas,,,0.0
Denmark,1993,1A3A1,ABFLOW040,Oil,,,0.0
Denmark,1993,1A3A2,ABFLOW029,Coal,,,0.0
Denmark,1993,1A3A2,ABFLOW029,Natural gas,,,0.0
Denmark,1993,1A3A2,ABFLOW029,Oil,,,0.0
Denmark,1993,1A3B,ABFLOW028,Coal,,24.752983890902076,24.752983890902076
Denmark,1993,1A3B,ABFLOW028,Natural gas,,0.0,0.0
Denmark,1993,1A3B,ABFLOW028,Oil,,24.752983890902076,24.752983890902076
Denmark,1993,1A3C,ABFLOW030,Coal,,,0.0
Denmark,1993,1A3C,ABFLOW030,Natural gas,,,0.0
Denmark,1993,1A3C,ABFLOW030,Oil,,,0.0
Denmark,1993,1A3D1,ABFLOW039,Coal,,,0.0
Denmark,1993,1A3D1,ABFLOW039,Natural gas,,,0.0
Denmark,1993,1A3D1,ABFLOW039,Oil,,,0.0
Denmark,1993,1A3D2,ABFLOW032,Coal,,,0.0
Denmark,1993,1A3D2,ABFLOW032,Natural gas,,,0.0
Denmark,1993,1A3D2,ABFLOW032,Oil,,,0.0
Denmark,1993,1A3E1,ABFLOW033,Coal,,,0.0
Denmark,1993,1A3E1,ABFLOW033,Natural gas,,,0.0
Denmark,1993,1A3E1,ABFLOW033,Oil,,,0.0
Denmark,1993,1A4A,ABFLOW035,Coal,,24.752983890902076,24.752983890902076
Denmark,1993,1A4A,ABFLOW035,Natural gas,,0.0,0.0
Denmark,1993,1A4A,ABFLOW035,Oil,,24.752983890902076,24.752983890902076
Denmark,1993,1A4B,ABFLOW034,Coal,,24.752983890902076,24.752983890902076
Denmark,1993,1A4B,ABFLOW034,Natural gas,,0.0,0.0
Denmark,1993,1A4B,ABFLOW034,Oil,,24.752983890902076,24.752983890902076
Denmark,1993,1A4C1,ABFLOW036,Coal,,12.376491945451038,12.376491945451038
Denmark,1993,1A4C1,ABFLOW036,Natural gas,,0.0,0.0
Denmark,1993,1A4C1,ABFLOW036,Oil,,12.376491945451038,12.376491945451038
Denmark,1993,1A4C2,ABFLOW037,Coal,,,0.0
Denmark,1993,1A4C2,ABFLOW037,Natural gas,,,0.0
Denmark,1993,1A4C2,ABFLOW037,Oil,,,0.0
Denmark,1993,1A5,ABFLOW038,Coal,,,0.0
Denmark,1993,1A5,ABFLOW038,Natural gas,,,0.0
Denmark,1993,1A5,ABFLOW038,Oil,,,0.0
Denmark,1994,1A,ABFLOW001,Coal,,,0.0
Denmark,1994,1A,ABFLOW001,Natural gas,,,0.0
Denmark,1994,1A,ABFLOW001,Oil,,,0.0
Denmark,1994,1A1A,ABFLOW002,Coal,,,0.0
Denmark,1994,1A1A,ABFLOW002,Natural gas,,,0.0
Denmark,1994,1A1A,ABFLOW002,Oil,,,0.0
Denmark,1994,1A1A1,ABFLOW003,Coal,,24.37090976387961,24.37090976387961
Denmark,1994,1A1A1,ABFLOW003,Natural gas,,0.0,0.0
Denmark,1994,1A1A1,ABFLOW003,Oil,,24.37090976387961,24.37090976387961
Denmark,1994,1A1A2,ABFLOW004,Coal,,,0.0
Denmark,1994,1A1A2,ABFLOW004,Natural gas,,,0.0
Denmark,1994,1A1A2,ABFLOW004,Oil,,,0.0
Denmark,1994,1A1A3,ABFLOW005,Coal,,24.37090976387961,24.37090976387961
Denmark,1994,1A1A3,ABFLOW005,Natural gas,,0.0,0.0
Denmark,1994,1A1A3,ABFLOW005,Oil,,24.37090976387961,24.37090976387961
Denmark,1994,1A1B,ABFLOW011,Coal,,24.37090976387961,24.37090976387961
Denmark,1994,1A1B,ABFLOW011,Natural gas,,0.0,0.0
Denmark,1994,1A1B,ABFLOW011,Oil,,24.37090976387961,24.37090976387961
Denmark,1994,1A1C,ABFLOW011,Coal,,24.37090976387961,24.37090976387961
Denmark,1994,1A1C,ABFLOW011,Natural gas,,0.0,0.0
Denmark,1994,1A1C,ABFLOW011,Oil,,24.37090976387961,24.37090976387961
Denmark,1994,1A2,ABFLOW012,Coal,,,0.0
Denmark,1994,1A2,ABFLOW012,Natural gas,,,0.0
Denmark,1994,1A2,ABFLOW012,Oil,,,0.0
Denmark,1994,1A2A,ABFLOW016,Coal,,12.185454881939805,12.185454881939805
Denmark,1994,1A2A,ABFLOW016,Natural gas,,0.0,0.0
Denmark,1994,1A2A,ABFLOW016,Oil,,12.185454881939805,12.185454881939805
Denmark,1994,1A2B,ABFLOW018,Coal,,12.185454881939805,12.185454881939805
Denmark,1994,1A2B,ABFLOW018,Natural gas,,0.0,0.0
Denmark,1994,1A2B,ABFLOW018,Oil,,12.185454881939805,12.185454881939805
Denmark,1994,1A2C,ABFLOW017,Coal,,12.185454881939805,12.185454881939805
Denmark,1994,1A2C,ABFLOW017,Natural gas,,0.0,0.0
Denmark,1994,1A2C,ABFLOW017,Oil,,12.185454881939805,12.185454881939805
Denmark,1994,1A2D,ABFLOW023,Coal,,12.185454881939805,12.185454881939805
Denmark,1994,1A2D,ABFLOW023,Natural gas,,0.0,0.0
Denmark,1994,1A2D,ABFLOW023,Oil,,12.185454881939805,12.185454881939805
Denmark,1994,1A2E,ABFLOW022,Coal,,12.185454881939805,12.185454881939805
Denmark,1994,1A2E,ABFLOW022,Natural gas,,0.0,0.0
Denmark,1994,1A2E,ABFLOW022,Oil,,12.185454881939805,12.185454881939805
Denmark,1994,1A2F,ABFLOW019,Coal,,12.185454881939805,12.185454881939805
Denmark,1994,1A2F,ABFLOW019,Natural gas,,0.0,0.0
Denmark,1994,1A2F,ABFLOW019,Oil,,12.185454881939805,12.185454881939805
Denmark,1994,1A2G,ABFLOW020,Coal,,12.185454881939805,12.185454881939805
Denmark,1994,1A2G,ABFLOW020,Natural gas,,0.0,0.0
Denmark,1994,1A2G,ABFLOW020,Oil,,12.185454881939805,12.185454881939805
Denmark,1994,1A2H,ABFLOW021,Coal,,12.185454881939805,12.185454881939805
Denmark,1994,1A2H,ABFLOW021,Natural gas,,0.0,0.0
Denmark,1994,1A2H,ABFLOW021,Oil,,12.185454881939805,12.185454881939805
Denmark,1994,1A2I,ABFLOW013,Coal,,12.185454881939805,12.185454881939805
Denmark,1994,1A2I,ABFLOW013,Natural gas,,0.0,0.0
Denmark,1994,1A2I,ABFLOW013,Oil,,12.185454881939805,12.185454881939805
Denmark,1994,1A2J,ABFLOW024,Coal,,12.185454881939805,12.185454881939805
Denmark,1994,1A2J,ABFLOW024,Natural gas,,0.0,0.0
Denmark,1994,1A2J,ABFLOW024,Oil,,12.185454881939805,12.185454881939805
Denmark,1994,1A2K,ABFLOW014,Coal,,12.185454881939805,12.185454881939805
Denmark,1994,1A2K,ABFLOW014,Natural gas,,0.0,0.0
Denmark,1994,1A2K,ABFLOW014,Oil,,12.185454881939805,12.185454881939805
Denmark,1994,1A2L,ABFLOW025,Coal,,12.185454881939805,12.185454881939805
Denmark,1994,1A2L,ABFLOW025,Natural gas,,0.0,0.0
Denmark,1994,1A2L,ABFLOW025,Oil,,12.185454881939805,12.185454881939805
Denmark,1994,1A2M,ABFLOW026,Coal,,12.185454881939805,12.185454881939805
Denmark,1994,1A2M,ABFLOW026,Natural gas,,0.0,0.0
Denmark,1994,1A2M,ABFLOW026,Oil,,12.185454881939805,12.185454881939805
Denmark,1994,1A3,ABFLOW027,Coal,,,0.0
Denmark,1994,1A3,ABFLOW027,Natural gas,,,0.0
Denmark,1994,1A3,ABFLOW027,Oil,,,0.0
Denmark,1994,1A3A1,ABFLOW040,Coal,,,0.0
Denmark,1994,1A3A1,ABFLOW040,Natural gas,,,0.0
Denmark,1994,1A3A1,ABFLOW040,Oil,,,0.0
Denmark,1994,1A3A2,ABFLOW029,Coal,,,0.0
Denmark,1994,1A3A2,ABFLOW029,Natural gas,,,0.0
Denmark,1994,1A3A2,ABFLOW029,Oil,,,0.0
Denmark,1994,1A3B,ABFLOW028,Coal,,24.37090976387961,24.37090976387961
Denmark,1994,1A3B,ABFLOW028,Natural gas,,0.0,0.0
Denmark,1994,1A3B,ABFLOW028,Oil,,24.37090976387961,24.37090976387961
Denmark,1994,1A3C,ABFLOW030,Coal,,,0.0
Denmark,1994,1A3C,ABFLOW030,Natural gas,,,0.0
Denmark,1994,1A3C,ABFLOW030,Oil,,,0.0
Denmark,1994,1A3D1,ABFLOW039,Coal,,,0.0
Denmark,1994,1A3D1,ABFLOW039,Natural gas,,,0.0
Denmark,1994,1A3D1,ABFLOW039,Oil,,,0.0
Denmark,1994,1A3D2,ABFLOW032,Coal,,,0.0
Denmark,1994,1A3D2,ABFLOW032,Natural gas,,,0.0
Denmark,1994,1A3D2,ABFLOW032,Oil,,,0.0
Denmark,1994,1A3E1,ABFLOW033,Coal,,,0.0
Denmark,1994,1A3E1,ABFLOW033,Natural gas,,,0.0
Denmark,1994,1A3E1,ABFLOW033,Oil,,,0.0
Denmark,1994,1A4A,ABFLOW035,Coal,,24.37090976387961,24.37090976387961
Denmark,1994,1A4A,ABFLOW035,Natural gas,,0.0,0.0
Denmark,1994,1A4A,ABFLOW035,Oil,,24.37090976387961,24.37090976387961
Denmark,1994,1A4B,ABFLOW034,Coal,,24.37090976387961,24.37090976387961
Denmark,1994,1A4B,ABFLOW034,Natural gas,,0.0,0.0
Denmark,1994,1A4B,ABFLOW034,Oil,,24.37090976387961,24.37090976387961
Denmark,1994,1A4C1,ABFLOW036,Coal,,12.185454881939805,12.185454881939805
Denmark,1994,1A4C1,ABFLOW036,Natural gas,,0.0,0.0
Denmark,1994,1A4C1,ABFLOW036,Oil,,12.185454881939805,12.185454881939805
Denmark,1994,1A4C2,ABFLOW037,Coal,,,0.0
Denmark,1994,1A4C2,ABFLOW037,Natural gas,,,0.0
Denmark,1994,1A4C2,ABFLOW037,Oil,,,0.0
Denmark,1994,1A5,ABFLOW038,Coal,,,0.0
Denmark,1994,1A5,ABFLOW038,Natural gas,,,0.0
Denmark,1994,1A5,ABFLOW038,Oil,,,0.0
Denmark,1995,1A,ABFLOW001,Coal,,,0.0
Denmark,1995,1A,ABFLOW001,Natural gas,,,0.0
Denmark,1995,1A,ABFLOW001,Oil,,,0.0
Denmark,1995,1A1A,ABFLOW002,Coal,,,0.0
Denmark,1995,1A1A,ABFLOW002,Natural gas,,,0.0
Denmark,1995,1A1A,ABFLOW002,Oil,,,0.0
Denmark,1995,1A1A1,ABFLOW003,Coal,,24.063113503902795,24.063113503902795
Denmark,1995,1A1A1,ABFLOW003,Natural gas,,0.0,0.0
Denmark,1995,1A1A1,ABFLOW003,Oil,,24.063113503902795,24.063113503902795
Denmark,1995,1A1A2,ABFLOW004,Coal,,,0.0
Denmark,1995,1A1A2,ABFLOW004,Natural gas,,,0.0
Denmark,1995,1A1A2,ABFLOW004,Oil,,,0.0
Denmark,1995,1A1A3,ABFLOW005,Coal,,24.063113503902795,24.063113503902795
Denmark,1995,1A1A3,ABFLOW005,Natural gas,,0.0,0.0
Denmark,1995,1A1A3,ABFLOW005,Oil,,24.063113503902795,24.063113503902795
Denmark,1995,1A1B,ABFLOW011,Coal,,24.063113503902795,24.063113503902795
Denmark,1995,1A1B,ABFLOW011,Natural gas,,0.0,0.0
Denmark,1995,1A1B,ABFLOW011,Oil,,24.063113503902795,24.063113503902795
Denmark,1995,1A1C,ABFLOW011,Coal,,24.063113503902795,24.063113503902795
Denmark,1995,1A1C,ABFLOW011,Natural gas,,0.0,0.0
Denmark,1995,1A1C,ABFLOW011,Oil,,24.063113503902795,24.063113503902795
Denmark,1995,1A2,ABFLOW012,Coal,,,0.0
Denmark,1995,1A2,ABFLOW012,Natural gas,,,0.0
Denmark,1995,1A2,ABFLOW012,Oil,,,0.0
Denmark,1995,1A2A,ABFLOW016,Coal,,12.031556751951396,12.031556751951396
Denmark,1995,1A2A,ABFLOW016,Natural gas,,0.0,0.0
Denmark,1995,1A2A,ABFLOW016,Oil,,12.031556751951396,12.031556751951396
Denmark,1995,1A2B,ABFLOW018,Coal,,12.031556751951396,12.031556751951396
Denmark,1995,1A2B,ABFLOW018,Natural gas,,0.0,0.0
Denmark,1995,1A2B,ABFLOW018,Oil,,12.031556751951396,12.031556751951396
Denmark,1995,1A2C,ABFLOW017,Coal,,12.031556751951396,12.031556751951396
Denmark,1995,1A2C,ABFLOW017,Natural gas,,0.0,0.0
Denmark,1995,1A2C,ABFLOW017,Oil,,12.031556751951396,12.031556751951396
Denmark,1995,1A2D,ABFLOW023,Coal,,12.031556751951396,12.031556751951396
Denmark,1995,1A2D,ABFLOW023,Natural gas,,0.0,0.0
Denmark,1995,1A2D,ABFLOW023,Oil,,12.031556751951396,12.031556751951396
Denmark,1995,1A2E,ABFLOW022,Coal,,12.031556751951396,12.031556751951396
Denmark,1995,1A2E,ABFLOW022,Natural gas,,0.0,0.0
Denmark,1995,1A2E,ABFLOW022,Oil,,12.031556751951396,12.031556751951396
Denmark,1995,1A2F,ABFLOW019,Coal,,12.031556751951396,12.031556751951396
Denmark,1995,1A2F,ABFLOW019,Natural gas,,0.0,0.0
Denmark,1995,1A2F,ABFLOW019,Oil,,12.031556751951396,12.031556751951396
Denmark,1995,1A2G,ABFLOW020,Coal,,12.031556751951396,12.031556751951396
Denmark,1995,1A2G,ABFLOW020,Natural gas,,0.0,0.0
Denmark,1995,1A2G,ABFLOW020,Oil,,12.031556751951396,12.031556751951396
Denmark,1995,1A2H,ABFLOW021,Coal,,12.031556751951396,12.031556751951396
Denmark,1995,1A2H,ABFLOW021,Natural gas,,0.0,0.0
Denmark,1995,1A2H,ABFLOW021,Oil,,12.031556751951396,12.031556751951396
Denmark,1995,1A2I,ABFLOW013,Coal,,12.031556751951396,12.031556751951396
Denmark,1995,1A2I,ABFLOW013,Natural gas,,0.0,0.0
Denmark,1995,1A2I,ABFLOW013,Oil,,12.031556751951396,12.031556751951396
Denmark,1995,1A2J,ABFLOW024,Coal,,12.031556751951396,12.031556751951396
Denmark,1995,1A2J,ABFLOW024,Natural gas,,0.0,0.0
Denmark,1995,1A2J,ABFLOW024,Oil,,12.031556751951396,12.031556751951396
Denmark,1995,1A2K,ABFLOW014,Coal,,12.031556751951396,12.031556751951396
Denmark,1995,1A2K,ABFLOW014,Natural gas,,0.0,0.0
Denmark,1995,1A2K,ABFLOW014,Oil,,12.031556751951396,12.031556751951396
Denmark,1995,1A2L,ABFLOW025,Coal,,12.031556751951396,12.031556751951396
Denmark,1995,1A2L,ABFLOW025,Natural gas,,0.0,0.0
Denmark,1995,1A2L,ABFLOW025,Oil,,12.031556751951396,12.031556751951396
Denmark,1995,1A2M,ABFLOW026,Coal,,12.031556751951396,12.031556751951396
Denmark,1995,1A2M,ABFLOW026,Natural gas,,0.0,0.0
Denmark,1995,1A2M,ABFLOW026,Oil,,12.031556751951396,12.031556751951396
Denmark,1995,1A3,ABFLOW027,Coal,,,0.0
Denmark,1995,1A3,ABFLOW027,Natural gas,,,0.0
Denmark,1995,1A3,ABFLOW027,Oil,,,0.0
Denmark,1995,1A3A1,ABFLOW040,Coal,,,0.0
Denmark,1995,1A3A1,ABFLOW040,Natural gas,,,0.0
Denmark,1995,1A3A1,ABFLOW040,Oil,,,0.0
Denmark,1995,1A3A2,ABFLOW029,Coal,,,0.0
Denmark,1995,1A3A2,ABFLOW029,Natural gas,,,0.0
Denmark,1995,1A3A2,ABFLOW029,Oil,,,0.0
Denmark,1995,1A3B,ABFLOW028,Coal,,24.063113503902795,24.063113503902795
Denmark,1995,1A3B,ABFLOW028,Natural gas,,0.0,0.0
Denmark,1995,1A3B,ABFLOW028,Oil,,24.063113503902795,24.063113503902795
Denmark,1995,1A3C,ABFLOW030,Coal,,,0.0
Denmark,1995,1A3C,ABFLOW030,Natural gas,,,0.0
Denmark,1995,1A3C,ABFLOW030,Oil,,,0.0
Denmark,1995,1A3D1,ABFLOW039,Coal,,,0.0
Denmark,1995,1A3D1,ABFLOW039,Natural gas,,,0.0
Denmark,1995,1A3D1,ABFLOW039,Oil,,,0.0
Denmark,1995,1A3D2,ABFLOW032,Coal,,,0.0
Denmark,1995,1A3D2,ABFLOW032,Natural gas,,,0.0
Denmark,1995,1A3D2,ABFLOW032,Oil,,,0.0
Denmark,1995,1A3E1,ABFLOW033,Coal,,,0.0
Denmark,1995,1A3E1,ABFLOW033,Natural gas,,,0.0
Denmark,1995,1A3E1,ABFLOW033,Oil,,,0.0
Denmark,1995,1A4A,ABFLOW035,Coal,,24.063113503902795,24.063113503902795
Denmark,1995,1A4A,ABFLOW035,Natural gas,,0.0,0.0
Denmark,1995,1A4A,ABFLOW035,Oil,,24.063113503902795,24.063113503902795
Denmark,1995,1A4B,ABFLOW034,Coal,,24.063113503902795,24.063113503902795
Denmark,1995,1A4B,ABFLOW034,Natural gas,,0.0,0.0
Denmark,1995,1A4B,ABFLOW034,Oil,,24.063113503902795,24.063113503902795
Denmark,1995,1A4C1,ABFLOW036,Coal,,12.031556751951396,12.031556751951396
Denmark,1995,1A4C1,ABFLOW036,Natural gas,,0.0,0.0
Denmark,1995,1A4C1,ABFLOW036,Oil,,12.031556751951396,12.031556751951396
Denmark,1995,1A4C2,ABFLOW037,Coal,,,0.0
Denmark,1995,1A4C2,ABFLOW037,Natural gas,,,0.0
Denmark,1995,1A4C2,ABFLOW037,Oil,,,0.0
Denmark,1995,1A5,ABFLOW038,Coal,,,0.0
Denmark,1995,1A5,ABFLOW038,Natural gas,,,0.0
Denmark,1995,1A5,ABFLOW038,Oil,,,0.0
Denmark,1996,1A,ABFLOW001,Coal,,,0.0
Denmark,1996,1A,ABFLOW001,Natural gas,,,0.0
Denmark,1996,1A,ABFLOW001,Oil,,,0.0
Denmark,1996,1A1A,ABFLOW002,Coal,,,0.0
Denmark,1996,1A1A,ABFLOW002,Natural gas,,,0.0
Denmark,1996,1A1A,ABFLOW002,Oil,,,0.0
Denmark,1996,1A1A1,ABFLOW003,Coal,,23.585820617160547,23.585820617160547
Denmark,1996,1A1A1,ABFLOW003,Natural gas,,23.585820617160547,23.585820617160547
Denmark,1996,1A1A1,ABFLOW003,Oil,,23.585820617160547,23.585820617160547
Denmark,1996,1A1A2,ABFLOW004,Coal,,,0.0
Denmark,1996,1A1A2,ABFLOW004,Natural gas,,,0.0
Denmark,1996,1A1A2,ABFLOW004,Oil,,,0.0
Denmark,1996,1A1A3,ABFLOW005,Coal,,23.585820617160547,23.585820617160547
Denmark,1996,1A1A3,ABFLOW005,Natural gas,,23.585820617160547,23.585820617160547
Denmark,1996,1A1A3,ABFLOW005,Oil,,23.585820617160547,23.585820617160547
Denmark,1996,1A1B,ABFLOW011,Coal,,23.585820617160547,23.585820617160547
Denmark,1996,1A1B,ABFLOW011,Natural gas,,23.585820617160547,23.585820617160547
Denmark,1996,1A1B,ABFLOW011,Oil,,23.585820617160547,23.585820617160547
Denmark,1996,1A1C,ABFLOW011,Coal,,23.585820617160547,23.585820617160547
Denmark,1996,1A1C,ABFLOW011,Natural gas,,23.585820617160547,23.585820617160547
Denmark,1996,1A1C,ABFLOW011,Oil,,23.585820617160547,23.585820617160547
Denmark,1996,1A2,ABFLOW012,Coal,,,0.0
Denmark,1996,1A2,ABFLOW012,Natural gas,,,0.0
Denmark,1996,1A2,ABFLOW012,Oil,,,0.0
Denmark,1996,1A2A,ABFLOW016,Coal,,11.792910308580272,11.792910308580272
Denmark,1996,1A2A,ABFLOW016,Natural gas,,11.792910308580272,11.792910308580272
Denmark,1996,1A2A,ABFLOW016,Oil,,11.792910308580272,11.792910308580272
Denmark,1996,1A2B,ABFLOW018,Coal,,11.792910308580272,11.792910308580272
Denmark,1996,1A2B,ABFLOW018,Natural gas,,11.792910308580272,11.792910308580272
Denmark,1996,1A2B,ABFLOW018,Oil,,11.792910308580272,11.792910308580272
Denmark,1996,1A2C,ABFLOW017,Coal,,11.792910308580272,11.792910308580272
Denmark,1996,1A2C,ABFLOW017,Natural gas,,11.792910308580272,11.792910308580272
Denmark,1996,1A2C,ABFLOW017,Oil,,11.792910308580272,11.792910308580272
Denmark,1996,1A2D,ABFLOW023,Coal,,11.792910308580272,11.792910308580272
Denmark,1996,1A2D,ABFLOW023,Natural gas,,11.792910308580272,11.792910308580272
Denmark,1996,1A2D,ABFLOW023,Oil,,11.792910308580272,11.792910308580272
Denmark,1996,1A2E,ABFLOW022,Coal,,11.792910308580272,11.792910308580272
Denmark,1996,1A2E,ABFLOW022,Natural gas,,11.792910308580272,11.792910308580272
Denmark,1996,1A2E,ABFLOW022,Oil,,11.792910308580272,11.792910308580272
Denmark,1996,1A2F,ABFLOW019,Coal,,11.792910308580272,11.792910308580272
Denmark,1996,1A2F,ABFLOW019,Natural gas,,11.792910308580272,11.792910308580272
Denmark,1996,1A2F,ABFLOW019,Oil,,11.792910308580272,11.792910308580272
Denmark,1996,1A2G,ABFLOW020,Coal,,11.792910308580272,11.792910308580272
Denmark,1996,1A2G,ABFLOW020,Natural gas,,11.792910308580272,11.792910308580272
Denmark,1996,1A2G,ABFLOW020,Oil,,11.792910308580272,11.792910308580272
Denmark,1996,1A2H,ABFLOW021,Coal,,11.792910308580272,11.792910308580272
Denmark,1996,1A2H,ABFLOW021,Natural gas,,11.792910308580272,11.792910308580272
Denmark,1996,1A2H,ABFLOW021,Oil,,11.792910308580272,11.792910308580272
Denmark,1996,1A2I,ABFLOW013,Coal,,11.792910308580272,11.792910308580272
Denmark,1996,1A2I,ABFLOW013,Natural gas,,11.792910308580272,11.792910308580272
Denmark,1996,1A2I,ABFLOW013,Oil,,11.792910308580272,11.792910308580272
Denmark,1996,1A2J,ABFLOW024,Coal,,11.792910308580272,11.792910308580272
Denmark,1996,1A2J,ABFLOW024,Natural gas,,11.792910308580272,11.792910308580272
Denmark,1996,1A2J,ABFLOW024,Oil,,11.792910308580272,11.792910308580272
Denmark,1996,1A2K,ABFLOW014,Coal,,11.792910308580272,11.792910308580272
Denmark,1996,1A2K,ABFLOW014,Natural gas,,11.792910308580272,11.792910308580272
Denmark,1996,1A2K,ABFLOW014,Oil,,11.792910308580272,11.792910308580272
Denmark,1996,1A2L,ABFLOW025,Coal,,11.792910308580272,11.792910308580272
Denmark,1996,1A2L,ABFLOW025,Natural gas,,11.792910308580272,11.792910308580272
Denmark,1996,1A2L,ABFLOW025,Oil,,11.792910308580272,11.792910308580272
Denmark,1996,1A2M,ABFLOW026,Coal,,11.792910308580272,11.792910308580272
Denmark,1996,1A2M,ABFLOW026,Natural gas,,11.792910308580272,11.792910308580272
Denmark,1996,1A2M,ABFLOW026,Oil,,11.792910308580272,11.792910308580272
Denmark,1996,1A3,ABFLOW027,Coal,,,0.0
Denmark,1996,1A3,ABFLOW027,Natural gas,,,0.0
Denmark,1996,1A3,ABFLOW027,Oil,,,0.0
Denmark,1996,1A3A1,ABFLOW040,Coal,,,0.0
Denmark,1996,1A3A1,ABFLOW040,Natural gas,,,0.0
Denmark,1996,1A3A1,ABFLOW040,Oil,,,0.0
Denmark,1996,1A3A2,ABFLOW029,Coal,,,0.0
Denmark,1996,1A3A2,ABFLOW029,Natural gas,,,0.0
Denmark,1996,1A3A2,ABFLOW029,Oil,,,0.0
Denmark,1996,1A3B,ABFLOW028,Coal,,23.585820617160547,23.585820617160547
Denmark,1996,1A3B,ABFLOW028,Natural gas,,23.585820617160547,23.585820617160547
Denmark,1996,1A3B,ABFLOW028,Oil,,23.585820617160547,23.585820617160547
Denmark,1996,1A3C,ABFLOW030,Coal,,,0.0
Denmark,1996,1A3C,ABFLOW030,Natural gas,,,0.0
Denmark,1996,1A3C,ABFLOW030,Oil,,,0.0
Denmark,1996,1A3D1,ABFLOW039,Coal,,,0.0
Denmark,1996,1A3D1,ABFLOW039,Natural gas,,,0.0
Denmark,1996,1A3D1,ABFLOW039,Oil,,,0.0
Denmark,1996,1A3D2,ABFLOW032,Coal,,,0.0
Denmark,1996,1A3D2,ABFLOW032,Natural gas,,,0.0
Denmark,1996,1A3D2,ABFLOW032,Oil,,,0.0
Denmark,1996,1A3E1,ABFLOW033,Coal,,,0.0
Denmark,1996,1A3E1,ABFLOW033,Natural gas,,,0.0
Denmark,1996,1A3E1,ABFLOW033,Oil,,,0.0
Denmark,1996,1A4A,ABFLOW035,Coal,,23.585820617160547,23.585820617160547
Denmark,1996,1A4A,ABFLOW035,Natural gas,,23.585820617160547,23.585820617160547
Denmark,1996,1A4A,ABFLOW035,Oil,,23.585820617160547,23.585820617160547
Denmark,1996,1A4B,ABFLOW034,Coal,,23.585820617160547,23.585820617160547
Denmark,1996,1A4B,ABFLOW034,Natural gas,,23.585820617160547,23.585820617160547
Denmark,1996,1A4B,ABFLOW034,Oil,,23.585820617160547,23.585820617160547
Denmark,1996,1A4C1,ABFLOW036,Coal,,11.792910308580272,11.792910308580272
Denmark,1996,1A4C1,ABFLOW036,Natural gas,,11.792910308580272,11.792910308580272
Denmark,1996,1A4C1,ABFLOW036,Oil,,11.792910308580272,11.792910308580272
Denmark,1996,1A4C2,ABFLOW037,Coal,,,0.0
Denmark,1996,1A4C2,ABFLOW037,Natural gas,,,0.0
Denmark,1996,1A4C2,ABFLOW037,Oil,,,0.0
Denmark,1996,1A5,ABFLOW038,Coal,,,0.0
Denmark,1996,1A5,ABFLOW038,Natural gas,,,0.0
Denmark,1996,1A5,ABFLOW038,Oil,,,0.0
Denmark,1997,1A,ABFLOW001,Coal,,,0.0
Denmark,1997,1A,ABFLOW001,Natural gas,,,0.0
Denmark,1997,1A,ABFLOW001,Oil,,,0.0
Denmark,1997,1A1A,ABFLOW002,Coal,,,0.0
Denmark,1997,1A1A,ABFLOW002,Natural gas,,,0.0
Denmark,1997,1A1A,ABFLOW002,Oil,,,0.0
Denmark,1997,1A1A1,ABFLOW003,Coal,,23.12036860510463,23.12036860510463
Denmark,1997,1A1A1,ABFLOW003,Natural gas,,23.12036860510463,23.12036860510463
Denmark,1997,1A1A1,ABFLOW003,Oil,,23.12036860510463,23.12036860510463
Denmark,1997,1A1A2,ABFLOW004,Coal,,,0.0
Denmark,1997,1A1A2,ABFLOW004,Natural gas,,,0.0
Denmark,1997,1A1A2,ABFLOW004,Oil,,,0.0
Denmark,1997,1A1A3,ABFLOW005,Coal,,23.12036860510463,23.12036860510463
Denmark,1997,1A1A3,ABFLOW005,Natural gas,,23.12036860510463,23.12036860510463
Denmark,1997,1A1A3,ABFLOW005,Oil,,23.12036860510463,23.12036860510463
Denmark,1997,1A1B,ABFLOW011,Coal,,23.12036860510463,23.12036860510463
Denmark,1997,1A1B,ABFLOW011,Natural gas,,23.12036860510463,23.12036860510463
Denmark,1997,1A1B,ABFLOW011,Oil,,23.12036860510463,23.12036860510463
Denmark,1997,1A1C,ABFLOW011,Coal,,23.12036860510463,23.12036860510463
Denmark,1997,1A1C,ABFLOW011,Natural gas,,23.12036860510463,23.12036860510463
Denmark,1997,1A1C,ABFLOW011,Oil,,23.12036860510463,23.12036860510463
Denmark,1997,1A2,ABFLOW012,Coal,,,0.0
Denmark,1997,1A2,ABFLOW012,Natural gas,,,0.0
Denmark,1997,1A2,ABFLOW012,Oil,,,0.0
Denmark,1997,1A2A,ABFLOW016,Coal,,11.560184302552315,11.560184302552315
Denmark,1997,1A2A,ABFLOW016,Natural gas,,11.560184302552315,11.560184302552315
Denmark,1997,1A2A,ABFLOW016,Oil,,11.560184302552315,11.560184302552315
Denmark,1997,1A2B,ABFLOW018,Coal,,11.560184302552315,11.560184302552315
Denmark,1997,1A2B,ABFLOW018,Natural gas,,11.560184302552315,11.560184302552315
Denmark,1997,1A2B,ABFLOW018,Oil,,11.560184302552315,11.560184302552315
Denmark,1997,1A2C,ABFLOW017,Coal,,11.560184302552315,11.560184302552315
Denmark,1997,1A2C,ABFLOW017,Natural gas,,11.560184302552315,11.560184302552315
Denmark,1997,1A2C,ABFLOW017,Oil,,11.560184302552315,11.560184302552315
Denmark,1997,1A2D,ABFLOW023,Coal,,11.560184302552315,11.560184302552315
Denmark,1997,1A2D,ABFLOW023,Natural gas,,11.560184302552315,11.560184302552315
Denmark,1997,1A2D,ABFLOW023,Oil,,11.560184302552315,11.560184302552315
Denmark,1997,1A2E,ABFLOW022,Coal,,11.560184302552315,11.560184302552315
Denmark,1997,1A2E,ABFLOW022,Natural gas,,11.560184302552315,11.560184302552315
Denmark,1997,1A2E,ABFLOW022,Oil,,11.560184302552315,11.560184302552315
Denmark,1997,1A2F,ABFLOW019,Coal,,11.560184302552315,11.560184302552315
Denmark,1997,1A2F,ABFLOW019,Natural gas,,11.560184302552315,11.560184302552315
Denmark,1997,1A2F,ABFLOW019,Oil,,11.560184302552315,11.560184302552315
Denmark,1997,1A2G,ABFLOW020,Coal,,11.560184302552315,11.560184302552315
Denmark,1997,1A2G,ABFLOW020,Natural gas,,11.560184302552315,11.560184302552315
Denmark,1997,1A2G,ABFLOW020,Oil,,11.560184302552315,11.560184302552315
Denmark,1997,1A2H,ABFLOW021,Coal,,11.560184302552315,11.560184302552315
Denmark,1997,1A2H,ABFLOW021,Natural gas,,11.560184302552315,11.560184302552315
Denmark,1997,1A2H,ABFLOW021,Oil,,11.560184302552315,11.560184302552315
Denmark,1997,1A2I,ABFLOW013,Coal,,11.560184302552315,11.560184302552315
Denmark,1997,1A2I,ABFLOW013,Natural gas,,11.560184302552315,11.560184302552315
Denmark,1997,1A2I,ABFLOW013,Oil,,11.560184302552315,11.560184302552315
Denmark,1997,1A2J,ABFLOW024,Coal,,11.560184302552315,11.560184302552315
Denmark,1997,1A2J,ABFLOW024,Natural gas,,11.560184302552315,11.560184302552315
Denmark,1997,1A2J,ABFLOW024,Oil,,11.560184302552315,11.560184302552315
Denmark,1997,1A2K,ABFLOW014,Coal,,11.560184302552315,11.560184302552315
Denmark,1997,1A2K,ABFLOW014,Natural gas,,11.560184302552315,11.560184302552315
Denmark,1997,1A2K,ABFLOW014,Oil,,11.560184302552315,11.560184302552315
Denmark,1997,1A2L,ABFLOW025,Coal,,11.560184302552315,11.560184302552315
Denmark,1997,1A2L,ABFLOW025,Natural gas,,11.560184302552315,11.560184302552315
Denmark,1997,1A2L,ABFLOW025,Oil,,11.560184302552315,11.560184302552315
Denmark,1997,1A2M,ABFLOW026,Coal,,11.560184302552315,11.560184302552315
Denmark,1997,1A2M,ABFLOW026,Natural gas,,11.560184302552315,11.560184302552315
Denmark,1997,1A2M,ABFLOW026,Oil,,11.560184302552315,11.560184302552315
Denmark,1997,1A3,ABFLOW027,Coal,,,0.0
Denmark,1997,1A3,ABFLOW027,Natural gas,,,0.0
Denmark,1997,1A3,ABFLOW027,Oil,,,0.0
Denmark,1997,1A3A1,ABFLOW040,Coal,,,0.0
Denmark,1997,1A3A1,ABFLOW040,Natural gas,,,0.0
Denmark,1997,1A3A1,ABFLOW040,Oil,,,0.0
Denmark,1997,1A3A2,ABFLOW029,Coal,,,0.0
Denmark,1997,1A3A2,ABFLOW029,Natural gas,,,0.0
Denmark,1997,1A3A2,ABFLOW029,Oil,,,0.0
Denmark,1997,1A3B,ABFLOW028,Coal,,23.12036860510463,23.12036860510463
Denmark,1997,1A3B,ABFLOW028,Natural gas,,23.12036860510463,23.12036860510463
Denmark,1997,1A3B,ABFLOW028,Oil,,23.12036860510463,23.12036860510463
Denmark,1997,1A3C,ABFLOW030,Coal,,,0.0
Denmark,1997,1A3C,ABFLOW030,Natural gas,,,0.0
Denmark,1997,1A3C,ABFLOW030,Oil,,,0.0
Denmark,1997,1A3D1,ABFLOW039,Coal,,,0.0
Denmark,1997,1A3D1,ABFLOW039,Natural gas,,,0.0
Denmark,1997,1A3D1,ABFLOW039,Oil,,,0.0
Denmark,1997,1A3D2,ABFLOW032,Coal,,,0.0
Denmark,1997,1A3D2,ABFLOW032,Natural gas,,,0.0
Denmark,1997,1A3D2,ABFLOW032,Oil,,,0.0
Denmark,1997,1A3E1,ABFLOW033,Coal,,,0.0
Denmark,1997,1A3E1,ABFLOW033,Natural gas,,,0.0
Denmark,1997,1A3E1,ABFLOW033,Oil,,,0.0
Denmark,1997,1A4A,ABFLOW035,Coal,,23.12036860510463,23.12036860510463
Denmark,1997,1A4A,ABFLOW035,Natural gas,,23.12036860510463,23.12036860510463
Denmark,1997,1A4A,ABFLOW035,Oil,,23.12036860510463,23.12036860510463
Denmark,1997,1A4B,ABFLOW034,Coal,,23.12036860510463,23.12036860510463
Denmark,1997,1A4B,ABFLOW034,Natural gas,,23.12036860510463,23.12036860510463
Denmark,1997,1A4B,ABFLOW034,Oil,,23.12036860510463,23.12036860510463
Denmark,1997,1A4C1,ABFLOW036,Coal,,11.560184302552315,11.560184302552315
Denmark,1997,1A4C1,ABFLOW036,Natural gas,,11.560184302552315,11.560184302552315
Denmark,1997,1A4C1,ABFLOW036,Oil,,11.560184302552315,11.560184302552315
Denmark,1997,1A4C2,ABFLOW037,Coal,,,0.0
Denmark,1997,1A4C2,ABFLOW037,Natural gas,,,0.0
Denmark,1997,1A4C2,ABFLOW037,Oil,,,0.0
Denmark,1997,1A5,ABFLOW038,Coal,,,0.0
Denmark,1997,1A5,ABFLOW038,Natural gas,,,0.0
Denmark,1997,1A5,ABFLOW038,Oil,,,0.0
Denmark,1998,1A,ABFLOW001,Coal,,,0.0
Denmark,1998,1A,ABFLOW001,Natural gas,,,0.0
Denmark,1998,1A,ABFLOW001,Oil,,,0.0
Denmark,1998,1A1A,ABFLOW002,Coal,,,0.0
Denmark,1998,1A1A,ABFLOW002,Natural gas,,,0.0
Denmark,1998,1A1A,ABFLOW002,Oil,,,0.0
Denmark,1998,1A1A1,ABFLOW003,Coal,,22.83890983649409,22.83890983649409
Denmark,1998,1A1A1,ABFLOW003,Natural gas,,22.83890983649409,22.83890983649409
Denmark,1998,1A1A1,ABFLOW003,Oil,,22.83890983649409,22.83890983649409
Denmark,1998,1A1A2,ABFLOW004,Coal,,,0.0
Denmark,1998,1A1A2,ABFLOW004,Natural gas,,,0.0
Denmark,1998,1A1A2,ABFLOW004,Oil,,,0.0
Denmark,1998,1A1A3,ABFLOW005,Coal,,22.83890983649409,22.83890983649409
Denmark,1998,1A1A3,ABFLOW005,Natural gas,,22.83890983649409,22.83890983649409
Denmark,1998,1A1A3,ABFLOW005,Oil,,22.83890983649409,22.83890983649409
Denmark,1998,1A1B,ABFLOW011,Coal,,22.83890983649409,22.83890983649409
Denmark,1998,1A1B,ABFLOW011,Natural gas,,22.83890983649409,22.83890983649409
Denmark,1998,1A1B,ABFLOW011,Oil,,22.83890983649409,22.83890983649409
Denmark,1998,1A1C,ABFLOW011,Coal,,22.83890983649409,22.83890983649409
Denmark,1998,1A1C,ABFLOW011,Natural gas,,22.83890983649409,22.83890983649409
Denmark,1998,1A1C,ABFLOW011,Oil,,22.83890983649409,22.83890983649409
Denmark,1998,1A2,ABFLOW012,Coal,,,0.0
Denmark,1998,1A2,ABFLOW012,Natural gas,,,0.0
Denmark,1998,1A2,ABFLOW012,Oil,,,0.0
Denmark,1998,1A2A,ABFLOW016,Coal,,11.419454918247045,11.419454918247045
Denmark,1998,1A2A,ABFLOW016,Natural gas,,11.419454918247045,11.419454918247045
Denmark,1998,1A2A,ABFLOW016,Oil,,11.419454918247045,11.419454918247045
Denmark,1998,1A2B,ABFLOW018,Coal,,11.419454918247045,11.419454918247045
Denmark,1998,1A2B,ABFLOW018,Natural gas,,11.419454918247045,11.419454918247045
Denmark,1998,1A2B,ABFLOW018,Oil,,11.419454918247045,11.419454918247045
Denmark,1998,1A2C,ABFLOW017,Coal,,11.419454918247045,11.419454918247045
Denmark,1998,1A2C,ABFLOW017,Natural gas,,11.419454918247045,11.419454918247045
Denmark,1998,1A2C,ABFLOW017,Oil,,11.419454918247045,11.419454918247045
Denmark,1998,1A2D,ABFLOW023,Coal,,11.419454918247045,11.419454918247045
Denmark,1998,1A2D,ABFLOW023,Natural gas,,11.419454918247045,11.419454918247045
Denmark,1998,1A2D,ABFLOW023,Oil,,11.419454918247045,11.419454918247045
Denmark,1998,1A2E,ABFLOW022,Coal,,11.419454918247045,11.419454918247045
Denmark,1998,1A2E,ABFLOW022,Natural gas,,11.419454918247045,11.419454918247045
Denmark,1998,1A2E,ABFLOW022,Oil,,11.419454918247045,11.419454918247045
Denmark,1998,1A2F,ABFLOW019,Coal,,11.419454918247045,11.419454918247045
Denmark,1998,1A2F,ABFLOW019,Natural gas,,11.419454918247045,11.419454918247045
Denmark,1998,1A2F,ABFLOW019,Oil,,11.419454918247045,11.419454918247045
Denmark,1998,1A2G,ABFLOW020,Coal,,11.419454918247045,11.419454918247045
Denmark,1998,1A2G,ABFLOW020,Natural gas,,11.419454918247045,11.419454918247045
Denmark,1998,1A2G,ABFLOW020,Oil,,11.419454918247045,11.419454918247045
Denmark,1998,1A2H,ABFLOW021,Coal,,11.419454918247045,11.419454918247045
Denmark,1998,1A2H,ABFLOW021,Natural gas,,11.419454918247045,11.419454918247045
Denmark,1998,1A2H,ABFLOW021,Oil,,11.419454918247045,11.419454918247045
Denmark,1998,1A2I,ABFLOW013,Coal,,11.419454918247045,11.419454918247045
Denmark,1998,1A2I,ABFLOW013,Natural gas,,11.419454918247045,11.419454918247045
Denmark,1998,1A2I,ABFLOW013,Oil,,11.419454918247045,11.419454918247045
Denmark,1998,1A2J,ABFLOW024,Coal,,11.419454918247045,11.419454918247045
Denmark,1998,1A2J,ABFLOW024,Natural gas,,11.419454918247045,11.419454918247045
Denmark,1998,1A2J,ABFLOW024,Oil,,11.419454918247045,11.419454918247045
Denmark,1998,1A2K,ABFLOW014,Coal,,11.419454918247045,11.419454918247045
Denmark,1998,1A2K,ABFLOW014,Natural gas,,11.419454918247045,11.419454918247045
Denmark,1998,1A2K,ABFLOW014,Oil,,11.419454918247045,11.419454918247045
Denmark,1998,1A2L,ABFLOW025,Coal,,11.419454918247045,11.419454918247045
Denmark,1998,1A2L,ABFLOW025,Natural gas,,11.419454918247045,11.419454918247045
Denmark,1998,1A2L,ABFLOW025,Oil,,11.419454918247045,11.419454918247045
Denmark,1998,1A2M,ABFLOW026,Coal,,11.419454918247045,11.419454918247045
Denmark,1998,1A2M,ABFLOW026,Natural gas,,11.419454918247045,11.419454918247045
Denmark,1998,1A2M,ABFLOW026,Oil,,11.419454918247045,11.419454918247045
Denmark,1998,1A3,ABFLOW027,Coal,,,0.0
Denmark,1998,1A3,ABFLOW027,Natural gas,,,0.0
Denmark,1998,1A3,ABFLOW027,Oil,,,0.0
Denmark,1998,1A3A1,ABFLOW040,Coal,,,0.0
Denmark,1998,1A3A1,ABFLOW040,Natural gas,,,0.0
Denmark,1998,1A3A1,ABFLOW040,Oil,,,0.0
Denmark,1998,1A3A2,ABFLOW029,Coal,,,0.0
Denmark,1998,1A3A2,ABFLOW029,Natural gas,,,0.0
Denmark,1998,1A3A2,ABFLOW029,Oil,,,0.0
Denmark,1998,1A3B,ABFLOW028,Coal,,22.83890983649409,22.83890983649409
Denmark,1998,1A3B,ABFLOW028,Natural gas,,22.83890983649409,22.83890983649409
Denmark,1998,1A3B,ABFLOW028,Oil,,22.83890983649409,22.83890983649409
Denmark,1998,1A3C,ABFLOW030,Coal,,,0.0
Denmark,1998,1A3C,ABFLOW030,Natural gas,,,0.0
Denmark,1998,1A3C,ABFLOW030,Oil,,,0.0
Denmark,1998,1A3D1,ABFLOW039,Coal,,,0.0
Denmark,1998,1A3D1,ABFLOW039,Natural gas,,,0.0
Denmark,1998,1A3D1,ABFLOW039,Oil,,,0.0
Denmark,1998,1A3D2,ABFLOW032,Coal,,,0.0
Denmark,1998,1A3D2,ABFLOW032,Natural gas,,,0.0
Denmark,1998,1A3D2,ABFLOW032,Oil,,,0.0
Denmark,1998,1A3E1,ABFLOW033,Coal,,,0.0
Denmark,1998,1A3E1,ABFLOW033,Natural gas,,,0.0
Denmark,1998,1A3E1,ABFLOW033,Oil,,,0.0
Denmark,1998,1A4A,ABFLOW035,Coal,,22.83890983649409,22.83890983649409
Denmark,1998,1A4A,ABFLOW035,Natural gas,,22.83890983649409,22.83890983649409
Denmark,1998,1A4A,ABFLOW035,Oil,,22.83890983649409,22.83890983649409
Denmark,1998,1A4B,ABFLOW034,Coal,,22.83890983649409,22.83890983649409
Denmark,1998,1A4B,ABFLOW034,Natural gas,,22.83890983649409,22.83890983649409
Denmark,1998,1A4B,ABFLOW034,Oil,,22.83890983649409,22.83890983649409
Denmark,1998,1A4C1,ABFLOW036,Coal,,11.419454918247045,11.419454918247045
Denmark,1998,1A4C1,ABFLOW036,Natural gas,,11.419454918247045,11.419454918247045
Denmark,1998,1A4C1,ABFLOW036,Oil,,11.419454918247045,11.419454918247045
Denmark,1998,1A4C2,ABFLOW037,Coal,,,0.0
Denmark,1998,1A4C2,ABFLOW037,Natural gas,,,0.0
Denmark,1998,1A4C2,ABFLOW037,Oil,,,0.0
Denmark,1998,1A5,ABFLOW038,Coal,,,0.0
Denmark,1998,1A5,ABFLOW038,Natural gas,,,0.0
Denmark,1998,1A5,ABFLOW038,Oil,,,0.0
Denmark,1999,1A,ABFLOW001,Coal,,,0.0
Denmark,1999,1A,ABFLOW001,Natural gas,,,0.0
Denmark,1999,1A,ABFLOW001,Oil,,,0.0
Denmark,1999,1A1A,ABFLOW002,Coal,,,0.0
Denmark,1999,1A1A,ABFLOW002,Natural gas,,,0.0
Denmark,1999,1A1A,ABFLOW002,Oil,,,0.0
Denmark,1999,1A1A1,ABFLOW003,Coal,,22.45991116539785,22.45991116539785
Denmark,1999,1A1A1,ABFLOW003,Natural gas,,22.45991116539785,22.45991116539785
Denmark,1999,1A1A1,ABFLOW003,Oil,,22.45991116539785,22.45991116539785
Denmark,1999,1A1A2,ABFLOW004,Coal,,,0.0
Denmark,1999,1A1A2,ABFLOW004,Natural gas,,,0.0
Denmark,1999,1A1A2,ABFLOW004,Oil,,,0.0
Denmark,1999,1A1A3,ABFLOW005,Coal,,22.45991116539785,22.45991116539785
Denmark,1999,1A1A3,ABFLOW005,Natural gas,,22.45991116539785,22.45991116539785
Denmark,1999,1A1A3,ABFLOW005,Oil,,22.45991116539785,22.45991116539785
Denmark,1999,1A1B,ABFLOW011,Coal,,22.45991116539785,22.45991116539785
Denmark,1999,1A1B,ABFLOW011,Natural gas,,22.45991116539785,22.45991116539785
Denmark,1999,1A1B,ABFLOW011,Oil,,22.45991116539785,22.45991116539785
Denmark,1999,1A1C,ABFLOW011,Coal,,22.45991116539785,22.45991116539785
Denmark,1999,1A1C,ABFLOW011,Natural gas,,22.45991116539785,22.45991116539785
Denmark,1999,1A1C,ABFLOW011,Oil,,22.45991116539785,22.45991116539785
Denmark,1999,1A2,ABFLOW012,Coal,,,0.0
Denmark,1999,1A2,ABFLOW012,Natural gas,,,0.0
Denmark,1999,1A2,ABFLOW012,Oil,,,0.0
Denmark,1999,1A2A,ABFLOW016,Coal,,13.026748475930754,13.026748475930754
Denmark,1999,1A2A,ABFLOW016,Natural gas,,13.026748475930754,13.026748475930754
Denmark,1999,1A2A,ABFLOW016,Oil,,13.026748475930754,13.026748475930754
Denmark,1999,1A2B,ABFLOW018,Coal,,13.026748475930754,13.026748475930754
Denmark,1999,1A2B,ABFLOW018,Natural gas,,13.026748475930754,13.026748475930754
Denmark,1999,1A2B,ABFLOW018,Oil,,13.026748475930754,13.026748475930754
Denmark,1999,1A2C,ABFLOW017,Coal,,13.026748475930754,13.026748475930754
Denmark,1999,1A2C,ABFLOW017,Natural gas,,13.026748475930754,13.026748475930754
Denmark,1999,1A2C,ABFLOW017,Oil,,13.026748475930754,13.026748475930754
Denmark,1999,1A2D,ABFLOW023,Coal,,13.026748475930754,13.026748475930754
Denmark,1999,1A2D,ABFLOW023,Natural gas,,13.026748475930754,13.026748475930754
Denmark,1999,1A2D,ABFLOW023,Oil,,13.026748475930754,13.026748475930754
Denmark,1999,1A2E,ABFLOW022,Coal,,13.026748475930754,13.026748475930754
Denmark,1999,1A2E,ABFLOW022,Natural gas,,13.026748475930754,13.026748475930754
Denmark,1999,1A2E,ABFLOW022,Oil,,13.026748475930754,13.026748475930754
Denmark,1999,1A2F,ABFLOW019,Coal,,13.026748475930754,13.026748475930754
Denmark,1999,1A2F,ABFLOW019,Natural gas,,13.026748475930754,13.026748475930754
Denmark,1999,1A2F,ABFLOW019,Oil,,13.026748475930754,13.026748475930754
Denmark,1999,1A2G,ABFLOW020,Coal,,13.026748475930754,13.026748475930754
Denmark,1999,1A2G,ABFLOW020,Natural gas,,13.026748475930754,13.026748475930754
Denmark,1999,1A2G,ABFLOW020,Oil,,13.026748475930754,13.026748475930754
Denmark,1999,1A2H,ABFLOW021,Coal,,13.026748475930754,13.026748475930754
Denmark,1999,1A2H,ABFLOW021,Natural gas,,13.026748475930754,13.026748475930754
Denmark,1999,1A2H,ABFLOW021,Oil,,13.026748475930754,13.026748475930754
Denmark,1999,1A2I,ABFLOW013,Coal,,13.026748475930754,13.026748475930754
Denmark,1999,1A2I,ABFLOW013,Natural gas,,13.026748475930754,13.026748475930754
Denmark,1999,1A2I,ABFLOW013,Oil,,13.026748475930754,13.026748475930754
Denmark,1999,1A2J,ABFLOW024,Coal,,13.026748475930754,13.026748475930754
Denmark,1999,1A2J,ABFLOW024,Natural gas,,13.026748475930754,13.026748475930754
Denmark,1999,1A2J,ABFLOW024,Oil,,13.026748475930754,13.026748475930754
Denmark,1999,1A2K,ABFLOW014,Coal,,13.026748475930754,13.026748475930754
Denmark,1999,1A2K,ABFLOW014,Natural gas,,13.026748475930754,13.026748475930754
Denmark,1999,1A2K,ABFLOW014,Oil,,13.026748475930754,13.026748475930754
Denmark,1999,1A2L,ABFLOW025,Coal,,13.026748475930754,13.026748475930754
Denmark,1999,1A2L,ABFLOW025,Natural gas,,13.026748475930754,13.026748475930754
Denmark,1999,1A2L,ABFLOW025,Oil,,13.026748475930754,13.026748475930754
Denmark,1999,1A2M,ABFLOW026,Coal,,13.026748475930754,13.026748475930754
Denmark,1999,1A2M,ABFLOW026,Natural gas,,13.026748475930754,13.026748475930754
Denmark,1999,1A2M,ABFLOW026,Oil,,13.026748475930754,13.026748475930754
Denmark,1999,1A3,ABFLOW027,Coal,,,0.0
Denmark,1999,1A3,ABFLOW027,Natural gas,,,0.0
Denmark,1999,1A3,ABFLOW027,Oil,,,0.0
Denmark,1999,1A3A1,ABFLOW040,Coal,,,0.0
Denmark,1999,1A3A1,ABFLOW040,Natural gas,,,0.0
Denmark,1999,1A3A1,ABFLOW040,Oil,,,0.0
Denmark,1999,1A3A2,ABFLOW029,Coal,,,0.0
Denmark,1999,1A3A2,ABFLOW029,Natural gas,,,0.0
Denmark,1999,1A3A2,ABFLOW029,Oil,,,0.0
Denmark,1999,1A3B,ABFLOW028,Coal,,22.45991116539785,22.45991116539785
Denmark,1999,1A3B,ABFLOW028,Natural gas,,22.45991116539785,22.45991116539785
Denmark,1999,1A3B,ABFLOW028,Oil,,22.45991116539785,22.45991116539785
Denmark,1999,1A3C,ABFLOW030,Coal,,,0.0
Denmark,1999,1A3C,ABFLOW030,Natural gas,,,0.0
Denmark,1999,1A3C,ABFLOW030,Oil,,,0.0
Denmark,1999,1A3D1,ABFLOW039,Coal,,,0.0
Denmark,1999,1A3D1,ABFLOW039,Natural gas,,,0.0
Denmark,1999,1A3D1,ABFLOW039,Oil,,,0.0
Denmark,1999,1A3D2,ABFLOW032,Coal,,,0.0
Denmark,1999,1A3D2,ABFLOW032,Natural gas,,,0.0
Denmark,1999,1A3D2,ABFLOW032,Oil,,,0.0
Denmark,1999,1A3E1,ABFLOW033,Coal,,,0.0
Denmark,1999,1A3E1,ABFLOW033,Natural gas,,,0.0
Denmark,1999,1A3E1,ABFLOW033,Oil,,,0.0
Denmark,1999,1A4A,ABFLOW035,Coal,,22.45991116539785,22.45991116539785
Denmark,1999,1A4A,ABFLOW035,Natural gas,,22.45991116539785,22.45991116539785
Denmark,1999,1A4A,ABFLOW035,Oil,,22.45991116539785,22.45991116539785
Denmark,1999,1A4B,ABFLOW034,Coal,,22.45991116539785,22.45991116539785
Denmark,1999,1A4B,ABFLOW034,Natural gas,,22.45991116539785,22.45991116539785
Denmark,1999,1A4B,ABFLOW034,Oil,,22.45991116539785,22.45991116539785
Denmark,1999,1A4C1,ABFLOW036,Coal,,13.026748475930754,13.026748475930754
Denmark,1999,1A4C1,ABFLOW036,Natural gas,,13.026748475930754,13.026748475930754
Denmark,1999,1A4C1,ABFLOW036,Oil,,13.026748475930754,13.026748475930754
Denmark,1999,1A4C2,ABFLOW037,Coal,,,0.0
Denmark,1999,1A4C2,ABFLOW037,Natural gas,,,0.0
Denmark,1999,1A4C2,ABFLOW037,Oil,,,0.0
Denmark,1999,1A5,ABFLOW038,Coal,,,0.0
Denmark,1999,1A5,ABFLOW038,Natural gas,,,0.0
Denmark,1999,1A5,ABFLOW038,Oil,,,0.0
Denmark,2000,1A,ABFLOW001,Coal,,,0.0
Denmark,2000,1A,ABFLOW001,Natural gas,,,0.0
Denmark,2000,1A,ABFLOW001,Oil,,,0.0
Denmark,2000,1A1A,ABFLOW002,Coal,,,0.0
Denmark,2000,1A1A,ABFLOW002,Natural gas,,,0.0
Denmark,2000,1A1A,ABFLOW002,Oil,,,0.0
Denmark,2000,1A1A1,ABFLOW003,Coal,,21.802907032368942,21.802907032368942
Denmark,2000,1A1A1,ABFLOW003,Natural gas,,21.802907032368942,21.802907032368942
Denmark,2000,1A1A1,ABFLOW003,Oil,,21.802907032368942,21.802907032368942
Denmark,2000,1A1A2,ABFLOW004,Coal,,,0.0
Denmark,2000,1A1A2,ABFLOW004,Natural gas,,,0.0
Denmark,2000,1A1A2,ABFLOW004,Oil,,,0.0
Denmark,2000,1A1A3,ABFLOW005,Coal,,21.802907032368942,21.802907032368942
Denmark,2000,1A1A3,ABFLOW005,Natural gas,,21.802907032368942,21.802907032368942
Denmark,2000,1A1A3,ABFLOW005,Oil,,21.802907032368942,21.802907032368942
Denmark,2000,1A1B,ABFLOW011,Coal,,21.802907032368942,21.802907032368942
Denmark,2000,1A1B,ABFLOW011,Natural gas,,21.802907032368942,21.802907032368942
Denmark,2000,1A1B,ABFLOW011,Oil,,21.802907032368942,21.802907032368942
Denmark,2000,1A1C,ABFLOW011,Coal,,21.802907032368942,21.802907032368942
Denmark,2000,1A1C,ABFLOW011,Natural gas,,21.802907032368942,21.802907032368942
Denmark,2000,1A1C,ABFLOW011,Oil,,21.802907032368942,21.802907032368942
Denmark,2000,1A2,ABFLOW012,Coal,,,0.0
Denmark,2000,1A2,ABFLOW012,Natural gas,,,0.0
Denmark,2000,1A2,ABFLOW012,Oil,,,0.0
Denmark,2000,1A2A,ABFLOW016,Coal,,14.825976782010883,14.825976782010883
Denmark,2000,1A2A,ABFLOW016,Natural gas,,14.825976782010883,14.825976782010883
Denmark,2000,1A2A,ABFLOW016,Oil,,14.825976782010883,14.825976782010883
Denmark,2000,1A2B,ABFLOW018,Coal,,14.825976782010883,14.825976782010883
Denmark,2000,1A2B,ABFLOW018,Natural gas,,14.825976782010883,14.825976782010883
Denmark,2000,1A2B,ABFLOW018,Oil,,14.825976782010883,14.825976782010883
Denmark,2000,1A2C,ABFLOW017,Coal,,14.825976782010883,14.825976782010883
Denmark,2000,1A2C,ABFLOW017,Natural gas,,14.825976782010883,14.825976782010883
Denmark,2000,1A2C,ABFLOW017,Oil,,14.825976782010883,14.825976782010883
Denmark,2000,1A2D,ABFLOW023,Coal,,14.825976782010883,14.825976782010883
Denmark,2000,1A2D,ABFLOW023,Natural gas,,14.825976782010883,14.825976782010883
Denmark,2000,1A2D,ABFLOW023,Oil,,14.825976782010883,14.825976782010883
Denmark,2000,1A2E,ABFLOW022,Coal,,14.825976782010883,14.825976782010883
Denmark,2000,1A2E,ABFLOW022,Natural gas,,14.825976782010883,14.825976782010883
Denmark,2000,1A2E,ABFLOW022,Oil,,14.825976782010883,14.825976782010883
Denmark,2000,1A2F,ABFLOW019,Coal,,14.825976782010883,14.825976782010883
Denmark,2000,1A2F,ABFLOW019,Natural gas,,14.825976782010883,14.825976782010883
Denmark,2000,1A2F,ABFLOW019,Oil,,14.825976782010883,14.825976782010883
Denmark,2000,1A2G,ABFLOW020,Coal,,14.825976782010883,14.825976782010883
Denmark,2000,1A2G,ABFLOW020,Natural gas,,14.825976782010883,14.825976782010883
Denmark,2000,1A2G,ABFLOW020,Oil,,14.825976782010883,14.825976782010883
Denmark,2000,1A2H,ABFLOW021,Coal,,14.825976782010883,14.825976782010883
Denmark,2000,1A2H,ABFLOW021,Natural gas,,14.825976782010883,14.825976782010883
Denmark,2000,1A2H,ABFLOW021,Oil,,14.825976782010883,14.825976782010883
Denmark,2000,1A2I,ABFLOW013,Coal,,14.825976782010883,14.825976782010883
Denmark,2000,1A2I,ABFLOW013,Natural gas,,14.825976782010883,14.825976782010883
Denmark,2000,1A2I,ABFLOW013,Oil,,14.825976782010883,14.825976782010883
Denmark,2000,1A2J,ABFLOW024,Coal,,14.825976782010883,14.825976782010883
Denmark,2000,1A2J,ABFLOW024,Natural gas,,14.825976782010883,14.825976782010883
Denmark,2000,1A2J,ABFLOW024,Oil,,14.825976782010883,14.825976782010883
Denmark,2000,1A2K,ABFLOW014,Coal,,14.825976782010883,14.825976782010883
Denmark,2000,1A2K,ABFLOW014,Natural gas,,14.825976782010883,14.825976782010883
Denmark,2000,1A2K,ABFLOW014,Oil,,14.825976782010883,14.825976782010883
Denmark,2000,1A2L,ABFLOW025,Coal,,14.825976782010883,14.825976782010883
Denmark,2000,1A2L,ABFLOW025,Natural gas,,14.825976782010883,14.825976782010883
Denmark,2000,1A2L,ABFLOW025,Oil,,14.825976782010883,14.825976782010883
Denmark,2000,1A2M,ABFLOW026,Coal,,14.825976782010883,14.825976782010883
Denmark,2000,1A2M,ABFLOW026,Natural gas,,14.825976782010883,14.825976782010883
Denmark,2000,1A2M,ABFLOW026,Oil,,14.825976782010883,14.825976782010883
Denmark,2000,1A3,ABFLOW027,Coal,,,0.0
Denmark,2000,1A3,ABFLOW027,Natural gas,,,0.0
Denmark,2000,1A3,ABFLOW027,Oil,,,0.0
Denmark,2000,1A3A1,ABFLOW040,Coal,,,0.0
Denmark,2000,1A3A1,ABFLOW040,Natural gas,,,0.0
Denmark,2000,1A3A1,ABFLOW040,Oil,,,0.0
Denmark,2000,1A3A2,ABFLOW029,Coal,,,0.0
Denmark,2000,1A3A2,ABFLOW029,Natural gas,,,0.0
Denmark,2000,1A3A2,ABFLOW029,Oil,,,0.0
Denmark,2000,1A3B,ABFLOW028,Coal,,21.802907032368942,21.802907032368942
Denmark,2000,1A3B,ABFLOW028,Natural gas,,21.802907032368942,21.802907032368942
Denmark,2000,1A3B,ABFLOW028,Oil,,21.802907032368942,21.802907032368942
Denmark,2000,1A3C,ABFLOW030,Coal,,,0.0
Denmark,2000,1A3C,ABFLOW030,Natural gas,,,0.0
Denmark,2000,1A3C,ABFLOW030,Oil,,,0.0
Denmark,2000,1A3D1,ABFLOW039,Coal,,,0.0
Denmark,2000,1A3D1,ABFLOW039,Natural gas,,,0.0
Denmark,2000,1A3D1,ABFLOW039,Oil,,,0.0
Denmark,2000,1A3D2,ABFLOW032,Coal,,,0.0
Denmark,2000,1A3D2,ABFLOW032,Natural gas,,,0.0
Denmark,2000,1A3D2,ABFLOW032,Oil,,,0.0
Denmark,2000,1A3E1,ABFLOW033,Coal,,,0.0
Denmark,2000,1A3E1,ABFLOW033,Natural gas,,,0.0
Denmark,2000,1A3E1,ABFLOW033,Oil,,,0.0
Denmark,2000,1A4A,ABFLOW035,Coal,,21.802907032368942,21.802907032368942
Denmark,2000,1A4A,ABFLOW035,Natural gas,,21.802907032368942,21.802907032368942
Denmark,2000,1A4A,ABFLOW035,Oil,,21.802907032368942,21.802907032368942
Denmark,2000,1A4B,ABFLOW034,Coal,,21.802907032368942,21.802907032368942
Denmark,2000,1A4B,ABFLOW034,Natural gas,,21.802907032368942,21.802907032368942
Denmark,2000,1A4B,ABFLOW034,Oil,,21.802907032368942,21.802907032368942
Denmark,2000,1A4C1,ABFLOW036,Coal,,14.825976782010883,14.825976782010883
Denmark,2000,1A4C1,ABFLOW036,Natural gas,,14.825976782010883,14.825976782010883
Denmark,2000,1A4C1,ABFLOW036,Oil,,14.825976782010883,14.825976782010883
Denmark,2000,1A4C2,ABFLOW037,Coal,,,0.0
Denmark,2000,1A4C2,ABFLOW037,Natural gas,,,0.0
Denmark,2000,1A4C2,ABFLOW037,Oil,,,0.0
Denmark,2000,1A5,ABFLOW038,Coal,,,0.0
Denmark,2000,1A5,ABFLOW038,Natural gas,,,0.0
Denmark,2000,1A5,ABFLOW038,Oil,,,0.0
Denmark,2001,1A,ABFLOW001,Coal,,,0.0
Denmark,2001,1A,ABFLOW001,Natural gas,,,0.0
Denmark,2001,1A,ABFLOW001,Oil,,,0.0
Denmark,2001,1A1A,ABFLOW002,Coal,,,0.0
Denmark,2001,1A1A,ABFLOW002,Natural gas,,,0.0
Denmark,2001,1A1A,ABFLOW002,Oil,,,0.0
Denmark,2001,1A1A1,ABFLOW003,Coal,,21.267529625171065,21.267529625171065
Denmark,2001,1A1A1,ABFLOW003,Natural gas,,21.267529625171065,21.267529625171065
Denmark,2001,1A1A1,ABFLOW003,Oil,,21.267529625171065,21.267529625171065
Denmark,2001,1A1A2,ABFLOW004,Coal,,,0.0
Denmark,2001,1A1A2,ABFLOW004,Natural gas,,,0.0
Denmark,2001,1A1A2,ABFLOW004,Oil,,,0.0
Denmark,2001,1A1A3,ABFLOW005,Coal,,21.267529625171065,21.267529625171065
Denmark,2001,1A1A3,ABFLOW005,Natural gas,,21.267529625171065,21.267529625171065
Denmark,2001,1A1A3,ABFLOW005,Oil,,21.267529625171065,21.267529625171065
Denmark,2001,1A1B,ABFLOW011,Coal,,21.267529625171065,21.267529625171065
Denmark,2001,1A1B,ABFLOW011,Natural gas,,21.267529625171065,21.267529625171065
Denmark,2001,1A1B,ABFLOW011,Oil,,21.267529625171065,21.267529625171065
Denmark,2001,1A1C,ABFLOW011,Coal,,21.267529625171065,21.267529625171065
Denmark,2001,1A1C,ABFLOW011,Natural gas,,21.267529625171065,21.267529625171065
Denmark,2001,1A1C,ABFLOW011,Oil,,21.267529625171065,21.267529625171065
Denmark,2001,1A2,ABFLOW012,Coal,,,0.0
Denmark,2001,1A2,ABFLOW012,Natural gas,,,0.0
Denmark,2001,1A2,ABFLOW012,Oil,,,0.0
Denmark,2001,1A2A,ABFLOW016,Coal,,14.461920145116324,14.461920145116324
Denmark,2001,1A2A,ABFLOW016,Natural gas,,14.461920145116324,14.461920145116324
Denmark,2001,1A2A,ABFLOW016,Oil,,14.461920145116324,14.461920145116324
Denmark,2001,1A2B,ABFLOW018,Coal,,14.461920145116324,14.461920145116324
Denmark,2001,1A2B,ABFLOW018,Natural gas,,14.461920145116324,14.461920145116324
Denmark,2001,1A2B,ABFLOW018,Oil,,14.461920145116324,14.461920145116324
Denmark,2001,1A2C,ABFLOW017,Coal,,14.461920145116324,14.461920145116324
Denmark,2001,1A2C,ABFLOW017,Natural gas,,14.461920145116324,14.461920145116324
Denmark,2001,1A2C,ABFLOW017,Oil,,14.461920145116324,14.461920145116324
Denmark,2001,1A2D,ABFLOW023,Coal,,14.461920145116324,14.461920145116324
Denmark,2001,1A2D,ABFLOW023,Natural gas,,14.461920145116324,14.461920145116324
Denmark,2001,1A2D,ABFLOW023,Oil,,14.461920145116324,14.461920145116324
Denmark,2001,1A2E,ABFLOW022,Coal,,14.461920145116324,14.461920145116324
Denmark,2001,1A2E,ABFLOW022,Natural gas,,14.461920145116324,14.461920145116324
Denmark,2001,1A2E,ABFLOW022,Oil,,14.461920145116324,14.461920145116324
Denmark,2001,1A2F,ABFLOW019,Coal,,14.461920145116324,14.461920145116324
Denmark,2001,1A2F,ABFLOW019,Natural gas,,14.461920145116324,14.461920145116324
Denmark,2001,1A2F,ABFLOW019,Oil,,14.461920145116324,14.461920145116324
Denmark,2001,1A2G,ABFLOW020,Coal,,14.461920145116324,14.461920145116324
Denmark,2001,1A2G,ABFLOW020,Natural gas,,14.461920145116324,14.461920145116324
Denmark,2001,1A2G,ABFLOW020,Oil,,14.461920145116324,14.461920145116324
Denmark,2001,1A2H,ABFLOW021,Coal,,14.461920145116324,14.461920145116324
Denmark,2001,1A2H,ABFLOW021,Natural gas,,14.461920145116324,14.461920145116324
Denmark,2001,1A2H,ABFLOW021,Oil,,14.461920145116324,14.461920145116324
Denmark,2001,1A2I,ABFLOW013,Coal,,14.461920145116324,14.461920145116324
Denmark,2001,1A2I,ABFLOW013,Natural gas,,14.461920145116324,14.461920145116324
Denmark,2001,1A2I,ABFLOW013,Oil,,14.461920145116324,14.461920145116324
Denmark,2001,1A2J,ABFLOW024,Coal,,14.461920145116324,14.461920145116324
Denmark,2001,1A2J,ABFLOW024,Natural gas,,14.461920145116324,14.461920145116324
Denmark,2001,1A2J,ABFLOW024,Oil,,14.461920145116324,14.461920145116324
Denmark,2001,1A2K,ABFLOW014,Coal,,14.461920145116324,14.461920145116324
Denmark,2001,1A2K,ABFLOW014,Natural gas,,14.461920145116324,14.461920145116324
Denmark,2001,1A2K,ABFLOW014,Oil,,14.461920145116324,14.461920145116324
Denmark,2001,1A2L,ABFLOW025,Coal,,14.461920145116324,14.461920145116324
Denmark,2001,1A2L,ABFLOW025,Natural gas,,14.461920145116324,14.461920145116324
Denmark,2001,1A2L,ABFLOW025,Oil,,14.461920145116324,14.461920145116324
Denmark,2001,1A2M,ABFLOW026,Coal,,14.461920145116324,14.461920145116324
Denmark,2001,1A2M,ABFLOW026,Natural gas,,14.461920145116324,14.461920145116324
Denmark,2001,1A2M,ABFLOW026,Oil,,14.461920145116324,14.461920145116324
Denmark,2001,1A3,ABFLOW027,Coal,,,0.0
Denmark,2001,1A3,ABFLOW027,Natural gas,,,0.0
Denmark,2001,1A3,ABFLOW027,Oil,,,0.0
Denmark,2001,1A3A1,ABFLOW040,Coal,,,0.0
Denmark,2001,1A3A1,ABFLOW040,Natural gas,,,0.0
Denmark,2001,1A3A1,ABFLOW040,Oil,,,0.0
Denmark,2001,1A3A2,ABFLOW029,Coal,,,0.0
Denmark,2001,1A3A2,ABFLOW029,Natural gas,,,0.0
Denmark,2001,1A3A2,ABFLOW029,Oil,,,0.0
Denmark,2001,1A3B,ABFLOW028,Coal,,21.267529625171065,21.267529625171065
Denmark,2001,1A3B,ABFLOW028,Natural gas,,21.267529625171065,21.267529625171065
Denmark,2001,1A3B,ABFLOW028,Oil,,21.267529625171065,21.267529625171065
Denmark,2001,1A3C,ABFLOW030,Coal,,,0.0
Denmark,2001,1A3C,ABFLOW030,Natural gas,,,0.0
Denmark,2001,1A3C,ABFLOW030,Oil,,,0.0
Denmark,2001,1A3D1,ABFLOW039,Coal,,,0.0
Denmark,2001,1A3D1,ABFLOW039,Natural gas,,,0.0
Denmark,2001,1A3D1,ABFLOW039,Oil,,,0.0
Denmark,2001,1A3D2,ABFLOW032,Coal,,,0.0
Denmark,2001,1A3D2,ABFLOW032,Natural gas,,,0.0
Denmark,2001,1A3D2,ABFLOW032,Oil,,,0.0
Denmark,2001,1A3E1,ABFLOW033,Coal,,,0.0
Denmark,2001,1A3E1,ABFLOW033,Natural gas,,,0.0
Denmark,2001,1A3E1,ABFLOW033,Oil,,,0.0
Denmark,2001,1A4A,ABFLOW035,Coal,,21.267529625171065,21.267529625171065
Denmark,2001,1A4A,ABFLOW035,Natural gas,,21.267529625171065,21.267529625171065
Denmark,2001,1A4A,ABFLOW035,Oil,,21.267529625171065,21.267529625171065
Denmark,2001,1A4B,ABFLOW034,Coal,,21.267529625171065,21.267529625171065
Denmark,2001,1A4B,ABFLOW034,Natural gas,,21.267529625171065,21.267529625171065
Denmark,2001,1A4B,ABFLOW034,Oil,,21.267529625171065,21.267529625171065
Denmark,2001,1A4C1,ABFLOW036,Coal,,14.461920145116324,14.461920145116324
Denmark,2001,1A4C1,ABFLOW036,Natural gas,,14.461920145116324,14.461920145116324
Denmark,2001,1A4C1,ABFLOW036,Oil,,14.461920145116324,14.461920145116324
Denmark,2001,1A4C2,ABFLOW037,Coal,,,0.0
Denmark,2001,1A4C2,ABFLOW037,Natural gas,,,0.0
Denmark,2001,1A4C2,ABFLOW037,Oil,,,0.0
Denmark,2001,1A5,ABFLOW038,Coal,,,0.0
Denmark,2001,1A5,ABFLOW038,Natural gas,,,0.0
Denmark,2001,1A5,ABFLOW038,Oil,,,0.0
Denmark,2002,1A,ABFLOW001,Coal,,,0.0
Denmark,2002,1A,ABFLOW001,Natural gas,,,0.0
Denmark,2002,1A,ABFLOW001,Oil,,,0.0
Denmark,2002,1A1A,ABFLOW002,Coal,,,0.0
Denmark,2002,1A1A,ABFLOW002,Natural gas,,,0.0
Denmark,2002,1A1A,ABFLOW002,Oil,,,0.0
Denmark,2002,1A1A1,ABFLOW003,Coal,,20.77123643445293,20.77123643445293
Denmark,2002,1A1A1,ABFLOW003,Natural gas,,20.77123643445293,20.77123643445293
Denmark,2002,1A1A1,ABFLOW003,Oil,,20.77123643445293,20.77123643445293
Denmark,2002,1A1A2,ABFLOW004,Coal,,,0.0
Denmark,2002,1A1A2,ABFLOW004,Natural gas,,,0.0
Denmark,2002,1A1A2,ABFLOW004,Oil,,,0.0
Denmark,2002,1A1A3,ABFLOW005,Coal,,20.77123643445293,20.77123643445293
Denmark,2002,1A1A3,ABFLOW005,Natural gas,,20.77123643445293,20.77123643445293
Denmark,2002,1A1A3,ABFLOW005,Oil,,20.77123643445293,20.77123643445293
Denmark,2002,1A1B,ABFLOW011,Coal,,20.77123643445293,20.77123643445293
Denmark,2002,1A1B,ABFLOW011,Natural gas,,20.77123643445293,20.77123643445293
Denmark,2002,1A1B,ABFLOW011,Oil,,20.77123643445293,20.77123643445293
Denmark,2002,1A1C,ABFLOW011,Coal,,20.77123643445293,20.77123643445293
Denmark,2002,1A1C,ABFLOW011,Natural gas,,20.77123643445293,20.77123643445293
Denmark,2002,1A1C,ABFLOW011,Oil,,20.77123643445293,20.77123643445293
Denmark,2002,1A2,ABFLOW012,Coal,,,0.0
Denmark,2002,1A2,ABFLOW012,Natural gas,,,0.0
Denmark,2002,1A2,ABFLOW012,Oil,,,0.0
Denmark,2002,1A2A,ABFLOW016,Coal,,14.124440775427992,14.124440775427992
Denmark,2002,1A2A,ABFLOW016,Natural gas,,14.124440775427992,14.124440775427992
Denmark,2002,1A2A,ABFLOW016,Oil,,14.124440775427992,14.124440775427992
Denmark,2002,1A2B,ABFLOW018,Coal,,14.124440775427992,14.124440775427992
Denmark,2002,1A2B,ABFLOW018,Natural gas,,14.124440775427992,14.124440775427992
Denmark,2002,1A2B,ABFLOW018,Oil,,14.124440775427992,14.124440775427992
Denmark,2002,1A2C,ABFLOW017,Coal,,14.124440775427992,14.124440775427992
Denmark,2002,1A2C,ABFLOW017,Natural gas,,14.124440775427992,14.124440775427992
Denmark,2002,1A2C,ABFLOW017,Oil,,14.124440775427992,14.124440775427992
Denmark,2002,1A2D,ABFLOW023,Coal,,14.124440775427992,14.124440775427992
Denmark,2002,1A2D,ABFLOW023,Natural gas,,14.124440775427992,14.124440775427992
Denmark,2002,1A2D,ABFLOW023,Oil,,14.124440775427992,14.124440775427992
Denmark,2002,1A2E,ABFLOW022,Coal,,14.124440775427992,14.124440775427992
Denmark,2002,1A2E,ABFLOW022,Natural gas,,14.124440775427992,14.124440775427992
Denmark,2002,1A2E,ABFLOW022,Oil,,14.124440775427992,14.124440775427992
Denmark,2002,1A2F,ABFLOW019,Coal,,14.124440775427992,14.124440775427992
Denmark,2002,1A2F,ABFLOW019,Natural gas,,14.124440775427992,14.124440775427992
Denmark,2002,1A2F,ABFLOW019,Oil,,14.124440775427992,14.124440775427992
Denmark,2002,1A2G,ABFLOW020,Coal,,14.124440775427992,14.124440775427992
Denmark,2002,1A2G,ABFLOW020,Natural gas,,14.124440775427992,14.124440775427992
Denmark,2002,1A2G,ABFLOW020,Oil,,14.124440775427992,14.124440775427992
Denmark,2002,1A2H,ABFLOW021,Coal,,14.124440775427992,14.124440775427992
Denmark,2002,1A2H,ABFLOW021,Natural gas,,14.124440775427992,14.124440775427992
Denmark,2002,1A2H,ABFLOW021,Oil,,14.124440775427992,14.124440775427992
Denmark,2002,1A2I,ABFLOW013,Coal,,14.124440775427992,14.124440775427992
Denmark,2002,1A2I,ABFLOW013,Natural gas,,14.124440775427992,14.124440775427992
Denmark,2002,1A2I,ABFLOW013,Oil,,14.124440775427992,14.124440775427992
Denmark,2002,1A2J,ABFLOW024,Coal,,14.124440775427992,14.124440775427992
Denmark,2002,1A2J,ABFLOW024,Natural gas,,14.124440775427992,14.124440775427992
Denmark,2002,1A2J,ABFLOW024,Oil,,14.124440775427992,14.124440775427992
Denmark,2002,1A2K,ABFLOW014,Coal,,14.124440775427992,14.124440775427992
Denmark,2002,1A2K,ABFLOW014,Natural gas,,14.124440775427992,14.124440775427992
Denmark,2002,1A2K,ABFLOW014,Oil,,14.124440775427992,14.124440775427992
Denmark,2002,1A2L,ABFLOW025,Coal,,14.124440775427992,14.124440775427992
Denmark,2002,1A2L,ABFLOW025,Natural gas,,14.124440775427992,14.124440775427992
Denmark,2002,1A2L,ABFLOW025,Oil,,14.124440775427992,14.124440775427992
Denmark,2002,1A2M,ABFLOW026,Coal,,14.124440775427992,14.124440775427992
Denmark,2002,1A2M,ABFLOW026,Natural gas,,14.124440775427992,14.124440775427992
Denmark,2002,1A2M,ABFLOW026,Oil,,14.124440775427992,14.124440775427992
Denmark,2002,1A3,ABFLOW027,Coal,,,0.0
Denmark,2002,1A3,ABFLOW027,Natural gas,,,0.0
Denmark,2002,1A3,ABFLOW027,Oil,,,0.0
Denmark,2002,1A3A1,ABFLOW040,Coal,,,0.0
Denmark,2002,1A3A1,ABFLOW040,Natural gas,,,0.0
Denmark,2002,1A3A1,ABFLOW040,Oil,,,0.0
Denmark,2002,1A3A2,ABFLOW029,Coal,,,0.0
Denmark,2002,1A3A2,ABFLOW029,Natural gas,,,0.0
Denmark,2002,1A3A2,ABFLOW029,Oil,,,0.0
Denmark,2002,1A3B,ABFLOW028,Coal,,20.77123643445293,20.77123643445293
Denmark,2002,1A3B,ABFLOW028,Natural gas,,20.77123643445293,20.77123643445293
Denmark,2002,1A3B,ABFLOW028,Oil,,20.77123643445293,20.77123643445293
Denmark,2002,1A3C,ABFLOW030,Coal,,,0.0
Denmark,2002,1A3C,ABFLOW030,Natural gas,,,0.0
Denmark,2002,1A3C,ABFLOW030,Oil,,,0.0
Denmark,2002,1A3D1,ABFLOW039,Coal,,,0.0
Denmark,2002,1A3D1,ABFLOW039,Natural gas,,,0.0
Denmark,2002,1A3D1,ABFLOW039,Oil,,,0.0
Denmark,2002,1A3D2,ABFLOW032,Coal,,,0.0
Denmark,2002,1A3D2,ABFLOW032,Natural gas,,,0.0
Denmark,2002,1A3D2,ABFLOW032,Oil,,,0.0
Denmark,2002,1A3E1,ABFLOW033,Coal,,,0.0
Denmark,2002,1A3E1,ABFLOW033,Natural gas,,,0.0
Denmark,2002,1A3E1,ABFLOW033,Oil,,,0.0
Denmark,2002,1A4A,ABFLOW035,Coal,,20.77123643445293,20.77123643445293
Denmark,2002,1A4A,ABFLOW035,Natural gas,,20.77123643445293,20.77123643445293
Denmark,2002,1A4A,ABFLOW035,Oil,,20.77123643445293,20.77123643445293
Denmark,2002,1A4B,ABFLOW034,Coal,,20.77123643445293,20.77123643445293
Denmark,2002,1A4B,ABFLOW034,Natural gas,,20.77123643445293,20.77123643445293
Denmark,2002,1A4B,ABFLOW034,Oil,,20.77123643445293,20.77123643445293
Denmark,2002,1A4C1,ABFLOW036,Coal,,14.124440775427992,14.124440775427992
Denmark,2002,1A4C1,ABFLOW036,Natural gas,,14.124440775427992,14.124440775427992
Denmark,2002,1A4C1,ABFLOW036,Oil,,14.124440775427992,14.124440775427992
Denmark,2002,1A4C2,ABFLOW037,Coal,,,0.0
Denmark,2002,1A4C2,ABFLOW037,Natural gas,,,0.0
Denmark,2002,1A4C2,ABFLOW037,Oil,,,0.0
Denmark,2002,1A5,ABFLOW038,Coal,,,0.0
Denmark,2002,1A5,ABFLOW038,Natural gas,,,0.0
Denmark,2002,1A5,ABFLOW038,Oil,,,0.0
Denmark,2003,1A,ABFLOW001,Coal,,,0.0
Denmark,2003,1A,ABFLOW001,Natural gas,,,0.0
Denmark,2003,1A,ABFLOW001,Oil,,,0.0
Denmark,2003,1A1A,ABFLOW002,Coal,,,0.0
Denmark,2003,1A1A,ABFLOW002,Natural gas,,,0.0
Denmark,2003,1A1A,ABFLOW002,Oil,,,0.0
Denmark,2003,1A1A1,ABFLOW003,Coal,,20.465374113344268,20.465374113344268
Denmark,2003,1A1A1,ABFLOW003,Natural gas,,20.465374113344268,20.465374113344268
Denmark,2003,1A1A1,ABFLOW003,Oil,,20.465374113344268,20.465374113344268
Denmark,2003,1A1A2,ABFLOW004,Coal,,,0.0
Denmark,2003,1A1A2,ABFLOW004,Natural gas,,,0.0
Denmark,2003,1A1A2,ABFLOW004,Oil,,,0.0
Denmark,2003,1A1A3,ABFLOW005,Coal,,20.465374113344268,20.465374113344268
Denmark,2003,1A1A3,ABFLOW005,Natural gas,,20.465374113344268,20.465374113344268
Denmark,2003,1A1A3,ABFLOW005,Oil,,20.465374113344268,20.465374113344268
Denmark,2003,1A1B,ABFLOW011,Coal,,20.465374113344268,20.465374113344268
Denmark,2003,1A1B,ABFLOW011,Natural gas,,20.465374113344268,20.465374113344268
Denmark,2003,1A1B,ABFLOW011,Oil,,20.465374113344268,20.465374113344268
Denmark,2003,1A1C,ABFLOW011,Coal,,20.465374113344268,20.465374113344268
Denmark,2003,1A1C,ABFLOW011,Natural gas,,20.465374113344268,20.465374113344268
Denmark,2003,1A1C,ABFLOW011,Oil,,20.465374113344268,20.465374113344268
Denmark,2003,1A2,ABFLOW012,Coal,,,0.0
Denmark,2003,1A2,ABFLOW012,Natural gas,,,0.0
Denmark,2003,1A2,ABFLOW012,Oil,,,0.0
Denmark,2003,1A2A,ABFLOW016,Coal,,13.9164543970741,13.9164543970741
Denmark,2003,1A2A,ABFLOW016,Natural gas,,13.9164543970741,13.9164543970741
Denmark,2003,1A2A,ABFLOW016,Oil,,13.9164543970741,13.9164543970741
Denmark,2003,1A2B,ABFLOW018,Coal,,13.9164543970741,13.9164543970741
Denmark,2003,1A2B,ABFLOW018,Natural gas,,13.9164543970741,13.9164543970741
Denmark,2003,1A2B,ABFLOW018,Oil,,13.9164543970741,13.9164543970741
Denmark,2003,1A2C,ABFLOW017,Coal,,13.9164543970741,13.9164543970741
Denmark,2003,1A2C,ABFLOW017,Natural gas,,13.9164543970741,13.9164543970741
Denmark,2003,1A2C,ABFLOW017,Oil,,13.9164543970741,13.9164543970741
Denmark,2003,1A2D,ABFLOW023,Coal,,13.9164543970741,13.9164543970741
Denmark,2003,1A2D,ABFLOW023,Natural gas,,13.9164543970741,13.9164543970741
Denmark,2003,1A2D,ABFLOW023,Oil,,13.9164543970741,13.9164543970741
Denmark,2003,1A2E,ABFLOW022,Coal,,13.9164543970741,13.9164543970741
Denmark,2003,1A2E,ABFLOW022,Natural gas,,13.9164543970741,13.9164543970741
Denmark,2003,1A2E,ABFLOW022,Oil,,13.9164543970741,13.9164543970741
Denmark,2003,1A2F,ABFLOW019,Coal,,13.9164543970741,13.9164543970741
Denmark,2003,1A2F,ABFLOW019,Natural gas,,13.9164543970741,13.9164543970741
Denmark,2003,1A2F,ABFLOW019,Oil,,13.9164543970741,13.9164543970741
Denmark,2003,1A2G,ABFLOW020,Coal,,13.9164543970741,13.9164543970741
Denmark,2003,1A2G,ABFLOW020,Natural gas,,13.9164543970741,13.9164543970741
Denmark,2003,1A2G,ABFLOW020,Oil,,13.9164543970741,13.9164543970741
Denmark,2003,1A2H,ABFLOW021,Coal,,13.9164543970741,13.9164543970741
Denmark,2003,1A2H,ABFLOW021,Natural gas,,13.9164543970741,13.9164543970741
Denmark,2003,1A2H,ABFLOW021,Oil,,13.9164543970741,13.9164543970741
Denmark,2003,1A2I,ABFLOW013,Coal,,13.9164543970741,13.9164543970741
Denmark,2003,1A2I,ABFLOW013,Natural gas,,13.9164543970741,13.9164543970741
Denmark,2003,1A2I,ABFLOW013,Oil,,13.9164543970741,13.9164543970741
Denmark,2003,1A2J,ABFLOW024,Coal,,13.9164543970741,13.9164543970741
Denmark,2003,1A2J,ABFLOW024,Natural gas,,13.9164543970741,13.9164543970741
Denmark,2003,1A2J,ABFLOW024,Oil,,13.9164543970741,13.9164543970741
Denmark,2003,1A2K,ABFLOW014,Coal,,13.9164543970741,13.9164543970741
Denmark,2003,1A2K,ABFLOW014,Natural gas,,13.9164543970741,13.9164543970741
Denmark,2003,1A2K,ABFLOW014,Oil,,13.9164543970741,13.9164543970741
Denmark,2003,1A2L,ABFLOW025,Coal,,13.9164543970741,13.9164543970741
Denmark,2003,1A2L,ABFLOW025,Natural gas,,13.9164543970741,13.9164543970741
Denmark,2003,1A2L,ABFLOW025,Oil,,13.9164543970741,13.9164543970741
Denmark,2003,1A2M,ABFLOW026,Coal,,13.9164543970741,13.9164543970741
Denmark,2003,1A2M,ABFLOW026,Natural gas,,13.9164543970741,13.9164543970741
Denmark,2003,1A2M,ABFLOW026,Oil,,13.9164543970741,13.9164543970741
Denmark,2003,1A3,ABFLOW027,Coal,,,0.0
Denmark,2003,1A3,ABFLOW027,Natural gas,,,0.0
Denmark,2003,1A3,ABFLOW027,Oil,,,0.0
Denmark,2003,1A3A1,ABFLOW040,Coal,,,0.0
Denmark,2003,1A3A1,ABFLOW040,Natural gas,,,0.0
Denmark,2003,1A3A1,ABFLOW040,Oil,,,0.0
Denmark,2003,1A3A2,ABFLOW029,Coal,,,0.0
Denmark,2003,1A3A2,ABFLOW029,Natural gas,,,0.0
Denmark,2003,1A3A2,ABFLOW029,Oil,,,0.0
Denmark,2003,1A3B,ABFLOW028,Coal,,20.465374113344268,20.465374113344268
Denmark,2003,1A3B,ABFLOW028,Natural gas,,20.465374113344268,20.465374113344268
Denmark,2003,1A3B,ABFLOW028,Oil,,20.465374113344268,20.465374113344268
Denmark,2003,1A3C,ABFLOW030,Coal,,,0.0
Denmark,2003,1A3C,ABFLOW030,Natural gas,,,0.0
Denmark,2003,1A3C,ABFLOW030,Oil,,,0.0
Denmark,2003,1A3D1,ABFLOW039,Coal,,,0.0
Denmark,2003,1A3D1,ABFLOW039,Natural gas,,,0.0
Denmark,2003,1A3D1,ABFLOW039,Oil,,,0.0
Denmark,2003,1A3D2,ABFLOW032,Coal,,,0.0
Denmark,2003,1A3D2,ABFLOW032,Natural gas,,,0.0
Denmark,2003,1A3D2,ABFLOW032,Oil,,,0.0
Denmark,2003,1A3E1,ABFLOW033,Coal,,,0.0
Denmark,2003,1A3E1,ABFLOW033,Natural gas,,,0.0
Denmark,2003,1A3E1,ABFLOW033,Oil,,,0.0
Denmark,2003,1A4A,ABFLOW035,Coal,,20.465374113344268,20.465374113344268
Denmark,2003,1A4A,ABFLOW035,Natural gas,,20.465374113344268,20.465374113344268
Denmark,2003,1A4A,ABFLOW035,Oil,,20.465374113344268,20.465374113344268
Denmark,2003,1A4B,ABFLOW034,Coal,,20.465374113344268,20.465374113344268
Denmark,2003,1A4B,ABFLOW034,Natural gas,,20.465374113344268,20.465374113344268
Denmark,2003,1A4B,ABFLOW034,Oil,,20.465374113344268,20.465374113344268
Denmark,2003,1A4C1,ABFLOW036,Coal,,13.9164543970741,13.9164543970741
Denmark,2003,1A4C1,ABFLOW036,Natural gas,,13.9164543970741,13.9164543970741
Denmark,2003,1A4C1,ABFLOW036,Oil,,13.9164543970741,13.9164543970741
Denmark,2003,1A4C2,ABFLOW037,Coal,,,0.0
Denmark,2003,1A4C2,ABFLOW037,Natural gas,,,0.0
Denmark,2003,1A4C2,ABFLOW037,Oil,,,0.0
Denmark,2003,1A5,ABFLOW038,Coal,,,0.0
Denmark,2003,1A5,ABFLOW038,Natural gas,,,0.0
Denmark,2003,1A5,ABFLOW038,Oil,,,0.0
Denmark,2004,1A,ABFLOW001,Coal,,,0.0
Denmark,2004,1A,ABFLOW001,Natural gas,,,0.0
Denmark,2004,1A,ABFLOW001,Oil,,,0.0
Denmark,2004,1A1A,ABFLOW002,Coal,,,0.0
Denmark,2004,1A1A,ABFLOW002,Natural gas,,,0.0
Denmark,2004,1A1A,ABFLOW002,Oil,,,0.0
Denmark,2004,1A1A1,ABFLOW003,Coal,,20.04740784044977,20.04740784044977
Denmark,2004,1A1A1,ABFLOW003,Natural gas,,20.04740784044977,20.04740784044977
Denmark,2004,1A1A1,ABFLOW003,Oil,,20.04740784044977,20.04740784044977
Denmark,2004,1A1A2,ABFLOW004,Coal,,,0.0
Denmark,2004,1A1A2,ABFLOW004,Natural gas,,,0.0
Denmark,2004,1A1A2,ABFLOW004,Oil,,,0.0
Denmark,2004,1A1A3,ABFLOW005,Coal,,20.04740784044977,20.04740784044977
Denmark,2004,1A1A3,ABFLOW005,Natural gas,,20.04740784044977,20.04740784044977
Denmark,2004,1A1A3,ABFLOW005,Oil,,20.04740784044977,20.04740784044977
Denmark,2004,1A1B,ABFLOW011,Coal,,20.04740784044977,20.04740784044977
Denmark,2004,1A1B,ABFLOW011,Natural gas,,20.04740784044977,20.04740784044977
Denmark,2004,1A1B,ABFLOW011,Oil,,20.04740784044977,20.04740784044977
Denmark,2004,1A1C,ABFLOW011,Coal,,20.04740784044977,20.04740784044977
Denmark,2004,1A1C,ABFLOW011,Natural gas,,20.04740784044977,20.04740784044977
Denmark,2004,1A1C,ABFLOW011,Oil,,20.04740784044977,20.04740784044977
Denmark,2004,1A2,ABFLOW012,Coal,,,0.0
Denmark,2004,1A2,ABFLOW012,Natural gas,,,0.0
Denmark,2004,1A2,ABFLOW012,Oil,,,0.0
Denmark,2004,1A2A,ABFLOW016,Coal,,13.632237331505843,13.632237331505843
Denmark,2004,1A2A,ABFLOW016,Natural gas,,13.632237331505843,13.632237331505843
Denmark,2004,1A2A,ABFLOW016,Oil,,13.632237331505843,13.632237331505843
Denmark,2004,1A2B,ABFLOW018,Coal,,13.632237331505843,13.632237331505843
Denmark,2004,1A2B,ABFLOW018,Natural gas,,13.632237331505843,13.632237331505843
Denmark,2004,1A2B,ABFLOW018,Oil,,13.632237331505843,13.632237331505843
Denmark,2004,1A2C,ABFLOW017,Coal,,13.632237331505843,13.632237331505843
Denmark,2004,1A2C,ABFLOW017,Natural gas,,13.632237331505843,13.632237331505843
Denmark,2004,1A2C,ABFLOW017,Oil,,13.632237331505843,13.632237331505843
Denmark,2004,1A2D,ABFLOW023,Coal,,13.632237331505843,13.632237331505843
Denmark,2004,1A2D,ABFLOW023,Natural gas,,13.632237331505843,13.632237331505843
Denmark,2004,1A2D,ABFLOW023,Oil,,13.632237331505843,13.632237331505843
Denmark,2004,1A2E,ABFLOW022,Coal,,13.632237331505843,13.632237331505843
Denmark,2004,1A2E,ABFLOW022,Natural gas,,13.632237331505843,13.632237331505843
Denmark,2004,1A2E,ABFLOW022,Oil,,13.632237331505843,13.632237331505843
Denmark,2004,1A2F,ABFLOW019,Coal,,13.632237331505843,13.632237331505843
Denmark,2004,1A2F,ABFLOW019,Natural gas,,13.632237331505843,13.632237331505843
Denmark,2004,1A2F,ABFLOW019,Oil,,13.632237331505843,13.632237331505843
Denmark,2004,1A2G,ABFLOW020,Coal,,13.632237331505843,13.632237331505843
Denmark,2004,1A2G,ABFLOW020,Natural gas,,13.632237331505843,13.632237331505843
Denmark,2004,1A2G,ABFLOW020,Oil,,13.632237331505843,13.632237331505843
Denmark,2004,1A2H,ABFLOW021,Coal,,13.632237331505843,13.632237331505843
Denmark,2004,1A2H,ABFLOW021,Natural gas,,13.632237331505843,13.632237331505843
Denmark,2004,1A2H,ABFLOW021,Oil,,13.632237331505843,13.632237331505843
Denmark,2004,1A2I,ABFLOW013,Coal,,13.632237331505843,13.632237331505843
Denmark,2004,1A2I,ABFLOW013,Natural gas,,13.632237331505843,13.632237331505843
Denmark,2004,1A2I,ABFLOW013,Oil,,13.632237331505843,13.632237331505843
Denmark,2004,1A2J,ABFLOW024,Coal,,13.632237331505843,13.632237331505843
Denmark,2004,1A2J,ABFLOW024,Natural gas,,13.632237331505843,13.632237331505843
Denmark,2004,1A2J,ABFLOW024,Oil,,13.632237331505843,13.632237331505843
Denmark,2004,1A2K,ABFLOW014,Coal,,13.632237331505843,13.632237331505843
Denmark,2004,1A2K,ABFLOW014,Natural gas,,13.632237331505843,13.632237331505843
Denmark,2004,1A2K,ABFLOW014,Oil,,13.632237331505843,13.632237331505843
Denmark,2004,1A2L,ABFLOW025,Coal,,13.632237331505843,13.632237331505843
Denmark,2004,1A2L,ABFLOW025,Natural gas,,13.632237331505843,13.632237331505843
Denmark,2004,1A2L,ABFLOW025,Oil,,13.632237331505843,13.632237331505843
Denmark,2004,1A2M,ABFLOW026,Coal,,13.632237331505843,13.632237331505843
Denmark,2004,1A2M,ABFLOW026,Natural gas,,13.632237331505843,13.632237331505843
Denmark,2004,1A2M,ABFLOW026,Oil,,13.632237331505843,13.632237331505843
Denmark,2004,1A3,ABFLOW027,Coal,,,0.0
Denmark,2004,1A3,ABFLOW027,Natural gas,,,0.0
Denmark,2004,1A3,ABFLOW027,Oil,,,0.0
Denmark,2004,1A3A1,ABFLOW040,Coal,,,0.0
Denmark,2004,1A3A1,ABFLOW040,Natural gas,,,0.0
Denmark,2004,1A3A1,ABFLOW040,Oil,,,0.0
Denmark,2004,1A3A2,ABFLOW029,Coal,,,0.0
Denmark,2004,1A3A2,ABFLOW029,Natural gas,,,0.0
Denmark,2004,1A3A2,ABFLOW029,Oil,,,0.0
Denmark,2004,1A3B,ABFLOW028,Coal,,20.04740784044977,20.04740784044977
Denmark,2004,1A3B,ABFLOW028,Natural gas,,20.04740784044977,20.04740784044977
Denmark,2004,1A3B,ABFLOW028,Oil,,20.04740784044977,20.04740784044977
Denmark,2004,1A3C,ABFLOW030,Coal,,,0.0
Denmark,2004,1A3C,ABFLOW030,Natural gas,,,0.0
Denmark,2004,1A3C,ABFLOW030,Oil,,,0.0
Denmark,2004,1A3D1,ABFLOW039,Coal,,,0.0
Denmark,2004,1A3D1,ABFLOW039,Natural gas,,,0.0
Denmark,2004,1A3D1,ABFLOW039,Oil,,,0.0
Denmark,2004,1A3D2,ABFLOW032,Coal,,,0.0
Denmark,2004,1A3D2,ABFLOW032,Natural gas,,,0.0
Denmark,2004,1A3D2,ABFLOW032,Oil,,,0.0
Denmark,2004,1A3E1,ABFLOW033,Coal,,,0.0
Denmark,2004,1A3E1,ABFLOW033,Natural gas,,,0.0
Denmark,2004,1A3E1,ABFLOW033,Oil,,,0.0
Denmark,2004,1A4A,ABFLOW035,Coal,,20.04740784044977,20.04740784044977
Denmark,2004,1A4A,ABFLOW035,Natural gas,,20.04740784044977,20.04740784044977
Denmark,2004,1A4A,ABFLOW035,Oil,,20.04740784044977,20.04740784044977
Denmark,2004,1A4B,ABFLOW034,Coal,,20.04740784044977,20.04740784044977
Denmark,2004,1A4B,ABFLOW034,Natural gas,,20.04740784044977,20.04740784044977
Denmark,2004,1A4B,ABFLOW034,Oil,,20.04740784044977,20.04740784044977
Denmark,2004,1A4C1,ABFLOW036,Coal,,13.632237331505843,13.632237331505843
Denmark,2004,1A4C1,ABFLOW036,Natural gas,,13.632237331505843,13.632237331505843
Denmark,2004,1A4C1,ABFLOW036,Oil,,13.632237331505843,13.632237331505843
Denmark,2004,1A4C2,ABFLOW037,Coal,,,0.0
Denmark,2004,1A4C2,ABFLOW037,Natural gas,,,0.0
Denmark,2004,1A4C2,ABFLOW037,Oil,,,0.0
Denmark,2004,1A5,ABFLOW038,Coal,,,0.0
Denmark,2004,1A5,ABFLOW038,Natural gas,,,0.0
Denmark,2004,1A5,ABFLOW038,Oil,,,0.0
Denmark,2005,1A,ABFLOW001,Coal,,,0.0
Denmark,2005,1A,ABFLOW001,Natural gas,,,0.0
Denmark,2005,1A,ABFLOW001,Oil,,,0.0
Denmark,2005,1A1A,ABFLOW002,Coal,,,0.0
Denmark,2005,1A1A,ABFLOW002,Natural gas,,,0.0
Denmark,2005,1A1A,ABFLOW002,Oil,,,0.0
Denmark,2005,1A1A1,ABFLOW003,Coal,30.598025335091982,,30.598025335091982
Denmark,2005,1A1A1,ABFLOW003,Natural gas,30.598025335091982,,30.598025335091982
Denmark,2005,1A1A1,ABFLOW003,Oil,30.598025335091982,,30.598025335091982
Denmark,2005,1A1A2,ABFLOW004,Coal,30.598025335091982,,30.598025335091982
Denmark,2005,1A1A2,ABFLOW004,Natural gas,30.598025335091982,,30.598025335091982
Denmark,2005,1A1A2,ABFLOW004,Oil,30.598025335091982,,30.598025335091982
Denmark,2005,1A1A3,ABFLOW005,Coal,30.598025335091982,21.431086829547763,52.02911216463974
Denmark,2005,1A1A3,ABFLOW005,Natural gas,30.598025335091982,21.431086829547763,52.02911216463974
Denmark,2005,1A1A3,ABFLOW005,Oil,30.598025335091982,21.431086829547763,52.02911216463974
Denmark,2005,1A1B,ABFLOW011,Coal,30.598025335091982,21.431086829547763,52.02911216463974
Denmark,2005,1A1B,ABFLOW011,Natural gas,30.598025335091982,21.431086829547763,52.02911216463974
Denmark,2005,1A1B,ABFLOW011,Oil,30.598025335091982,21.431086829547763,52.02911216463974
Denmark,2005,1A1C,ABFLOW011,Coal,30.598025335091982,21.431086829547763,52.02911216463974
Denmark,2005,1A1C,ABFLOW011,Natural gas,30.598025335091982,21.431086829547763,52.02911216463974
Denmark,2005,1A1C,ABFLOW011,Oil,30.598025335091982,21.431086829547763,52.02911216463974
Denmark,2005,1A2,ABFLOW012,Coal,,,0.0
Denmark,2005,1A2,ABFLOW012,Natural gas,,,0.0
Denmark,2005,1A2,ABFLOW012,Oil,,,0.0
Denmark,2005,1A2A,ABFLOW016,Coal,30.598025335091982,,30.598025335091982
Denmark,2005,1A2A,ABFLOW016,Natural gas,30.598025335091982,,30.598025335091982
Denmark,2005,1A2A,ABFLOW016,Oil,30.598025335091982,,30.598025335091982
Denmark,2005,1A2B,ABFLOW018,Coal,30.598025335091982,,30.598025335091982
Denmark,2005,1A2B,ABFLOW018,Natural gas,30.598025335091982,,30.598025335091982
Denmark,2005,1A2B,ABFLOW018,Oil,30.598025335091982,,30.598025335091982
Denmark,2005,1A2C,ABFLOW017,Coal,30.598025335091982,,30.598025335091982
Denmark,2005,1A2C,ABFLOW017,Natural gas,30.598025335091982,,30.598025335091982
Denmark,2005,1A2C,ABFLOW017,Oil,30.598025335091982,,30.598025335091982
Denmark,2005,1A2D,ABFLOW023,Coal,30.598025335091982,,30.598025335091982
Denmark,2005,1A2D,ABFLOW023,Natural gas,30.598025335091982,,30.598025335091982
Denmark,2005,1A2D,ABFLOW023,Oil,30.598025335091982,,30.598025335091982
Denmark,2005,1A2E,ABFLOW022,Coal,30.598025335091982,,30.598025335091982
Denmark,2005,1A2E,ABFLOW022,Natural gas,30.598025335091982,,30.598025335091982
Denmark,2005,1A2E,ABFLOW022,Oil,30.598025335091982,,30.598025335091982
Denmark,2005,1A2F,ABFLOW019,Coal,30.598025335091982,,30.598025335091982
Denmark,2005,1A2F,ABFLOW019,Natural gas,30.598025335091982,,30.598025335091982
Denmark,2005,1A2F,ABFLOW019,Oil,30.598025335091982,,30.598025335091982
Denmark,2005,1A2G,ABFLOW020,Coal,30.598025335091982,,30.598025335091982
Denmark,2005,1A2G,ABFLOW020,Natural gas,30.598025335091982,,30.598025335091982
Denmark,2005,1A2G,ABFLOW020,Oil,30.598025335091982,,30.598025335091982
Denmark,2005,1A2H,ABFLOW021,Coal,30.598025335091982,,30.598025335091982
Denmark,2005,1A2H,ABFLOW021,Natural gas,30.598025335091982,,30.598025335091982
Denmark,2005,1A2H,ABFLOW021,Oil,30.598025335091982,,30.598025335091982
Denmark,2005,1A2I,ABFLOW013,Coal,30.598025335091982,,30.598025335091982
Denmark,2005,1A2I,ABFLOW013,Natural gas,30.598025335091982,,30.598025335091982
Denmark,2005,1A2I,ABFLOW013,Oil,30.598025335091982,,30.598025335091982
Denmark,2005,1A2J,ABFLOW024,Coal,30.598025335091982,,30.598025335091982
Denmark,2005,1A2J,ABFLOW024,Natural gas,30.598025335091982,,30.598025335091982
Denmark,2005,1A2J,ABFLOW024,Oil,30.598025335091982,,30.598025335091982
Denmark,2005,1A2K,ABFLOW014,Coal,30.598025335091982,,30.598025335091982
Denmark,2005,1A2K,ABFLOW014,Natural gas,30.598025335091982,,30.598025335091982
Denmark,2005,1A2K,ABFLOW014,Oil,30.598025335091982,,30.598025335091982
Denmark,2005,1A2L,ABFLOW025,Coal,30.598025335091982,,30.598025335091982
Denmark,2005,1A2L,ABFLOW025,Natural gas,30.598025335091982,,30.598025335091982
Denmark,2005,1A2L,ABFLOW025,Oil,30.598025335091982,,30.598025335091982
Denmark,2005,1A2M,ABFLOW026,Coal,30.598025335091982,,30.598025335091982
Denmark,2005,1A2M,ABFLOW026,Natural gas,30.598025335091982,,30.598025335091982
Denmark,2005,1A2M,ABFLOW026,Oil,30.598025335091982,,30.598025335091982
Denmark,2005,1A3,ABFLOW027,Coal,,,0.0
Denmark,2005,1A3,ABFLOW027,Natural gas,,,0.0
Denmark,2005,1A3,ABFLOW027,Oil,,,0.0
Denmark,2005,1A3A1,ABFLOW040,Coal,,,0.0
Denmark,2005,1A3A1,ABFLOW040,Natural gas,,,0.0
Denmark,2005,1A3A1,ABFLOW040,Oil,,,0.0
Denmark,2005,1A3A2,ABFLOW029,Coal,,,0.0
Denmark,2005,1A3A2,ABFLOW029,Natural gas,,,0.0
Denmark,2005,1A3A2,ABFLOW029,Oil,,,0.0
Denmark,2005,1A3B,ABFLOW028,Coal,,21.431086829547763,21.431086829547763
Denmark,2005,1A3B,ABFLOW028,Natural gas,,21.431086829547763,21.431086829547763
Denmark,2005,1A3B,ABFLOW028,Oil,,21.431086829547763,21.431086829547763
Denmark,2005,1A3C,ABFLOW030,Coal,,,0.0
Denmark,2005,1A3C,ABFLOW030,Natural gas,,,0.0
Denmark,2005,1A3C,ABFLOW030,Oil,,,0.0
Denmark,2005,1A3D1,ABFLOW039,Coal,,,0.0
Denmark,2005,1A3D1,ABFLOW039,Natural gas,,,0.0
Denmark,2005,1A3D1,ABFLOW039,Oil,,,0.0
Denmark,2005,1A3D2,ABFLOW032,Coal,,,0.0
Denmark,2005,1A3D2,ABFLOW032,Natural gas,,,0.0
Denmark,2005,1A3D2,ABFLOW032,Oil,,,0.0
Denmark,2005,1A3E1,ABFLOW033,Coal,,,0.0
Denmark,2005,1A3E1,ABFLOW033,Natural gas,,,0.0
Denmark,2005,1A3E1,ABFLOW033,Oil,,,0.0
Denmark,2005,1A4A,ABFLOW035,Coal,,21.431086829547763,21.431086829547763
Denmark,2005,1A4A,ABFLOW035,Natural gas,,21.431086829547763,21.431086829547763
Denmark,2005,1A4A,ABFLOW035,Oil,,21.431086829547763,21.431086829547763
Denmark,2005,1A4B,ABFLOW034,Coal,,21.431086829547763,21.431086829547763
Denmark,2005,1A4B,ABFLOW034,Natural gas,,21.431086829547763,21.431086829547763
Denmark,2005,1A4B,ABFLOW034,Oil,,21.431086829547763,21.431086829547763
Denmark,2005,1A4C1,ABFLOW036,Coal,,16.07331512216082,16.07331512216082
Denmark,2005,1A4C1,ABFLOW036,Natural gas,,16.07331512216082,16.07331512216082
Denmark,2005,1A4C1,ABFLOW036,Oil,,16.07331512216082,16.07331512216082
Denmark,2005,1A4C2,ABFLOW037,Coal,,,0.0
Denmark,2005,1A4C2,ABFLOW037,Natural gas,,,0.0
Denmark,2005,1A4C2,ABFLOW037,Oil,,,0.0
Denmark,2005,1A5,ABFLOW038,Coal,,,0.0
Denmark,2005,1A5,ABFLOW038,Natural gas,,,0.0
Denmark,2005,1A5,ABFLOW038,Oil,,,0.0
Denmark,2006,1A,ABFLOW001,Coal,,,0.0
Denmark,2006,1A,ABFLOW001,Natural gas,,,0.0
Denmark,2006,1A,ABFLOW001,Oil,,,0.0
Denmark,2006,1A1A,ABFLOW002,Coal,,,0.0
Denmark,2006,1A1A,ABFLOW002,Natural gas,,,0.0
Denmark,2006,1A1A,ABFLOW002,Oil,,,0.0
Denmark,2006,1A1A1,ABFLOW003,Coal,25.080420947482516,,25.080420947482516
Denmark,2006,1A1A1,ABFLOW003,Natural gas,25.080420947482516,,25.080420947482516
Denmark,2006,1A1A1,ABFLOW003,Oil,25.080420947482516,,25.080420947482516
Denmark,2006,1A1A2,ABFLOW004,Coal,25.080420947482516,,25.080420947482516
Denmark,2006,1A1A2,ABFLOW004,Natural gas,25.080420947482516,,25.080420947482516
Denmark,2006,1A1A2,ABFLOW004,Oil,25.080420947482516,,25.080420947482516
Denmark,2006,1A1A3,ABFLOW005,Coal,25.080420947482516,20.992644609553786,46.0730655570363
Denmark,2006,1A1A3,ABFLOW005,Natural gas,25.080420947482516,20.992644609553786,46.0730655570363
Denmark,2006,1A1A3,ABFLOW005,Oil,25.080420947482516,20.992644609553786,46.0730655570363
Denmark,2006,1A1B,ABFLOW011,Coal,25.080420947482516,20.992644609553786,46.0730655570363
Denmark,2006,1A1B,ABFLOW011,Natural gas,25.080420947482516,20.992644609553786,46.0730655570363
Denmark,2006,1A1B,ABFLOW011,Oil,25.080420947482516,20.992644609553786,46.0730655570363
Denmark,2006,1A1C,ABFLOW011,Coal,25.080420947482516,20.992644609553786,46.0730655570363
Denmark,2006,1A1C,ABFLOW011,Natural gas,25.080420947482516,20.992644609553786,46.0730655570363
Denmark,2006,1A1C,ABFLOW011,Oil,25.080420947482516,20.992644609553786,46.0730655570363
Denmark,2006,1A2,ABFLOW012,Coal,,,0.0
Denmark,2006,1A2,ABFLOW012,Natural gas,,,0.0
Denmark,2006,1A2,ABFLOW012,Oil,,,0.0
Denmark,2006,1A2A,ABFLOW016,Coal,25.080420947482516,,25.080420947482516
Denmark,2006,1A2A,ABFLOW016,Natural gas,25.080420947482516,,25.080420947482516
Denmark,2006,1A2A,ABFLOW016,Oil,25.080420947482516,,25.080420947482516
Denmark,2006,1A2B,ABFLOW018,Coal,25.080420947482516,,25.080420947482516
Denmark,2006,1A2B,ABFLOW018,Natural gas,25.080420947482516,,25.080420947482516
Denmark,2006,1A2B,ABFLOW018,Oil,25.080420947482516,,25.080420947482516
Denmark,2006,1A2C,ABFLOW017,Coal,25.080420947482516,,25.080420947482516
Denmark,2006,1A2C,ABFLOW017,Natural gas,25.080420947482516,,25.080420947482516
Denmark,2006,1A2C,ABFLOW017,Oil,25.080420947482516,,25.080420947482516
Denmark,2006,1A2D,ABFLOW023,Coal,25.080420947482516,,25.080420947482516
Denmark,2006,1A2D,ABFLOW023,Natural gas,25.080420947482516,,25.080420947482516
Denmark,2006,1A2D,ABFLOW023,Oil,25.080420947482516,,25.080420947482516
Denmark,2006,1A2E,ABFLOW022,Coal,25.080420947482516,,25.080420947482516
Denmark,2006,1A2E,ABFLOW022,Natural gas,25.080420947482516,,25.080420947482516
Denmark,2006,1A2E,ABFLOW022,Oil,25.080420947482516,,25.080420947482516
Denmark,2006,1A2F,ABFLOW019,Coal,25.080420947482516,,25.080420947482516
Denmark,2006,1A2F,ABFLOW019,Natural gas,25.080420947482516,,25.080420947482516
Denmark,2006,1A2F,ABFLOW019,Oil,25.080420947482516,,25.080420947482516
Denmark,2006,1A2G,ABFLOW020,Coal,25.080420947482516,,25.080420947482516
Denmark,2006,1A2G,ABFLOW020,Natural gas,25.080420947482516,,25.080420947482516
Denmark,2006,1A2G,ABFLOW020,Oil,25.080420947482516,,25.080420947482516
Denmark,2006,1A2H,ABFLOW021,Coal,25.080420947482516,,25.080420947482516
Denmark,2006,1A2H,ABFLOW021,Natural gas,25.080420947482516,,25.080420947482516
Denmark,2006,1A2H,ABFLOW021,Oil,25.080420947482516,,25.080420947482516
Denmark,2006,1A2I,ABFLOW013,Coal,25.080420947482516,,25.080420947482516
Denmark,2006,1A2I,ABFLOW013,Natural gas,25.080420947482516,,25.080420947482516
Denmark,2006,1A2I,ABFLOW013,Oil,25.080420947482516,,25.080420947482516
Denmark,2006,1A2J,ABFLOW024,Coal,25.080420947482516,,25.080420947482516
Denmark,2006,1A2J,ABFLOW024,Natural gas,25.080420947482516,,25.080420947482516
Denmark,2006,1A2J,ABFLOW024,Oil,25.080420947482516,,25.080420947482516
Denmark,2006,1A2K,ABFLOW014,Coal,25.080420947482516,,25.080420947482516
Denmark,2006,1A2K,ABFLOW014,Natural gas,25.080420947482516,,25.080420947482516
Denmark,2006,1A2K,ABFLOW014,Oil,25.080420947482516,,25.080420947482516
Denmark,2006,1A2L,ABFLOW025,Coal,25.080420947482516,,25.080420947482516
Denmark,2006,1A2L,ABFLOW025,Natural gas,25.080420947482516,,25.080420947482516
Denmark,2006,1A2L,ABFLOW025,Oil,25.080420947482516,,25.080420947482516
Denmark,2006,1A2M,ABFLOW026,Coal,25.080420947482516,,25.080420947482516
Denmark,2006,1A2M,ABFLOW026,Natural gas,25.080420947482516,,25.080420947482516
Denmark,2006,1A2M,ABFLOW026,Oil,25.080420947482516,,25.080420947482516
Denmark,2006,1A3,ABFLOW027,Coal,,,0.0
Denmark,2006,1A3,ABFLOW027,Natural gas,,,0.0
Denmark,2006,1A3,ABFLOW027,Oil,,,0.0
Denmark,2006,1A3A1,ABFLOW040,Coal,,,0.0
Denmark,2006,1A3A1,ABFLOW040,Natural gas,,,0.0
Denmark,2006,1A3A1,ABFLOW040,Oil,,,0.0
Denmark,2006,1A3A2,ABFLOW029,Coal,,,0.0
Denmark,2006,1A3A2,ABFLOW029,Natural gas,,,0.0
Denmark,2006,1A3A2,ABFLOW029,Oil,,,0.0
Denmark,2006,1A3B,ABFLOW028,Coal,,20.992644609553786,20.992644609553786
Denmark,2006,1A3B,ABFLOW028,Natural gas,,20.992644609553786,20.992644609553786
Denmark,2006,1A3B,ABFLOW028,Oil,,20.992644609553786,20.992644609553786
Denmark,2006,1A3C,ABFLOW030,Coal,,,0.0
Denmark,2006,1A3C,ABFLOW030,Natural gas,,,0.0
Denmark,2006,1A3C,ABFLOW030,Oil,,,0.0
Denmark,2006,1A3D1,ABFLOW039,Coal,,,0.0
Denmark,2006,1A3D1,ABFLOW039,Natural gas,,,0.0
Denmark,2006,1A3D1,ABFLOW039,Oil,,,0.0
Denmark,2006,1A3D2,ABFLOW032,Coal,,,0.0
Denmark,2006,1A3D2,ABFLOW032,Natural gas,,,0.0
Denmark,2006,1A3D2,ABFLOW032,Oil,,,0.0
Denmark,2006,1A3E1,ABFLOW033,Coal,,,0.0
Denmark,2006,1A3E1,ABFLOW033,Natural gas,,,0.0
Denmark,2006,1A3E1,ABFLOW033,Oil,,,0.0
Denmark,2006,1A4A,ABFLOW035,Coal,,20.992644609553786,20.992644609553786
Denmark,2006,1A4A,ABFLOW035,Natural gas,,20.992644609553786,20.992644609553786
Denmark,2006,1A4A,ABFLOW035,Oil,,20.992644609553786,20.992644609553786
Denmark,2006,1A4B,ABFLOW034,Coal,,20.992644609553786,20.992644609553786
Denmark,2006,1A4B,ABFLOW034,Natural gas,,20.992644609553786,20.992644609553786
Denmark,2006,1A4B,ABFLOW034,Oil,,20.992644609553786,20.992644609553786
Denmark,2006,1A4C1,ABFLOW036,Coal,,20.992644609553786,20.992644609553786
Denmark,2006,1A4C1,ABFLOW036,Natural gas,,20.992644609553786,20.992644609553786
Denmark,2006,1A4C1,ABFLOW036,Oil,,20.992644609553786,20.992644609553786
Denmark,2006,1A4C2,ABFLOW037,Coal,,,0.0
Denmark,2006,1A4C2,ABFLOW037,Natural gas,,,0.0
Denmark,2006,1A4C2,ABFLOW037,Oil,,,0.0
Denmark,2006,1A5,ABFLOW038,Coal,,,0.0
Denmark,2006,1A5,ABFLOW038,Natural gas,,,0.0
Denmark,2006,1A5,ABFLOW038,Oil,,,0.0
Denmark,2007,1A,ABFLOW001,Coal,,,0.0
Denmark,2007,1A,ABFLOW001,Natural gas,,,0.0
Denmark,2007,1A,ABFLOW001,Oil,,,0.0
Denmark,2007,1A1A,ABFLOW002,Coal,,,0.0
Denmark,2007,1A1A,ABFLOW002,Natural gas,,,0.0
Denmark,2007,1A1A,ABFLOW002,Oil,,,0.0
Denmark,2007,1A1A1,ABFLOW003,Coal,0.93255619624146,,0.93255619624146
Denmark,2007,1A1A1,ABFLOW003,Natural gas,0.93255619624146,,0.93255619624146
Denmark,2007,1A1A1,ABFLOW003,Oil,0.93255619624146,,0.93255619624146
Denmark,2007,1A1A2,ABFLOW004,Coal,0.93255619624146,,0.93255619624146
Denmark,2007,1A1A2,ABFLOW004,Natural gas,0.93255619624146,,0.93255619624146
Denmark,2007,1A1A2,ABFLOW004,Oil,0.93255619624146,,0.93255619624146
Denmark,2007,1A1A3,ABFLOW005,Coal,0.93255619624146,20.495662990901803,21.428219187143263
Denmark,2007,1A1A3,ABFLOW005,Natural gas,0.93255619624146,20.495662990901803,21.428219187143263
Denmark,2007,1A1A3,ABFLOW005,Oil,0.93255619624146,20.495662990901803,21.428219187143263
Denmark,2007,1A1B,ABFLOW011,Coal,0.93255619624146,20.495662990901803,21.428219187143263
Denmark,2007,1A1B,ABFLOW011,Natural gas,0.93255619624146,20.495662990901803,21.428219187143263
Denmark,2007,1A1B,ABFLOW011,Oil,0.93255619624146,20.495662990901803,21.428219187143263
Denmark,2007,1A1C,ABFLOW011,Coal,0.93255619624146,20.495662990901803,21.428219187143263
Denmark,2007,1A1C,ABFLOW011,Natural gas,0.93255619624146,20.495662990901803,21.428219187143263
Denmark,2007,1A1C,ABFLOW011,Oil,0.93255619624146,20.495662990901803,21.428219187143263
Denmark,2007,1A2,ABFLOW012,Coal,,,0.0
Denmark,2007,1A2,ABFLOW012,Natural gas,,,0.0
Denmark,2007,1A2,ABFLOW012,Oil,,,0.0
Denmark,2007,1A2A,ABFLOW016,Coal,0.93255619624146,,0.93255619624146
Denmark,2007,1A2A,ABFLOW016,Natural gas,0.93255619624146,,0.93255619624146
Denmark,2007,1A2A,ABFLOW016,Oil,0.93255619624146,,0.93255619624146
Denmark,2007,1A2B,ABFLOW018,Coal,0.93255619624146,,0.93255619624146
Denmark,2007,1A2B,ABFLOW018,Natural gas,0.93255619624146,,0.93255619624146
Denmark,2007,1A2B,ABFLOW018,Oil,0.93255619624146,,0.93255619624146
Denmark,2007,1A2C,ABFLOW017,Coal,0.93255619624146,,0.93255619624146
Denmark,2007,1A2C,ABFLOW017,Natural gas,0.93255619624146,,0.93255619624146
Denmark,2007,1A2C,ABFLOW017,Oil,0.93255619624146,,0.93255619624146
Denmark,2007,1A2D,ABFLOW023,Coal,0.93255619624146,,0.93255619624146
Denmark,2007,1A2D,ABFLOW023,Natural gas,0.93255619624146,,0.93255619624146
Denmark,2007,1A2D,ABFLOW023,Oil,0.93255619624146,,0.93255619624146
Denmark,2007,1A2E,ABFLOW022,Coal,0.93255619624146,,0.93255619624146
Denmark,2007,1A2E,ABFLOW022,Natural gas,0.93255619624146,,0.93255619624146
Denmark,2007,1A2E,ABFLOW022,Oil,0.93255619624146,,0.93255619624146
Denmark,2007,1A2F,ABFLOW019,Coal,0.93255619624146,,0.93255619624146
Denmark,2007,1A2F,ABFLOW019,Natural gas,0.93255619624146,,0.93255619624146
Denmark,2007,1A2F,ABFLOW019,Oil,0.93255619624146,,0.93255619624146
Denmark,2007,1A2G,ABFLOW020,Coal,0.93255619624146,,0.93255619624146
Denmark,2007,1A2G,ABFLOW020,Natural gas,0.93255619624146,,0.93255619624146
Denmark,2007,1A2G,ABFLOW020,Oil,0.93255619624146,,0.93255619624146
Denmark,2007,1A2H,ABFLOW021,Coal,0.93255619624146,,0.93255619624146
Denmark,2007,1A2H,ABFLOW021,Natural gas,0.93255619624146,,0.93255619624146
Denmark,2007,1A2H,ABFLOW021,Oil,0.93255619624146,,0.93255619624146
Denmark,2007,1A2I,ABFLOW013,Coal,0.93255619624146,,0.93255619624146
Denmark,2007,1A2I,ABFLOW013,Natural gas,0.93255619624146,,0.93255619624146
Denmark,2007,1A2I,ABFLOW013,Oil,0.93255619624146,,0.93255619624146
Denmark,2007,1A2J,ABFLOW024,Coal,0.93255619624146,,0.93255619624146
Denmark,2007,1A2J,ABFLOW024,Natural gas,0.93255619624146,,0.93255619624146
Denmark,2007,1A2J,ABFLOW024,Oil,0.93255619624146,,0.93255619624146
Denmark,2007,1A2K,ABFLOW014,Coal,0.93255619624146,,0.93255619624146
Denmark,2007,1A2K,ABFLOW014,Natural gas,0.93255619624146,,0.93255619624146
Denmark,2007,1A2K,ABFLOW014,Oil,0.93255619624146,,0.93255619624146
Denmark,2007,1A2L,ABFLOW025,Coal,0.93255619624146,,0.93255619624146
Denmark,2007,1A2L,ABFLOW025,Natural gas,0.93255619624146,,0.93255619624146
Denmark,2007,1A2L,ABFLOW025,Oil,0.93255619624146,,0.93255619624146
Denmark,2007,1A2M,ABFLOW026,Coal,0.93255619624146,,0.93255619624146
Denmark,2007,1A2M,ABFLOW026,Natural gas,0.93255619624146,,0.93255619624146
Denmark,2007,1A2M,ABFLOW026,Oil,0.93255619624146,,0.93255619624146
Denmark,2007,1A3,ABFLOW027,Coal,,,0.0
Denmark,2007,1A3,ABFLOW027,Natural gas,,,0.0
Denmark,2007,1A3,ABFLOW027,Oil,,,0.0
Denmark,2007,1A3A1,ABFLOW040,Coal,,,0.0
Denmark,2007,1A3A1,ABFLOW040,Natural gas,,,0.0
Denmark,2007,1A3A1,ABFLOW040,Oil,,,0.0
Denmark,2007,1A3A2,ABFLOW029,Coal,,,0.0
Denmark,2007,1A3A2,ABFLOW029,Natural gas,,,0.0
Denmark,2007,1A3A2,ABFLOW029,Oil,,,0.0
Denmark,2007,1A3B,ABFLOW028,Coal,,20.495662990901803,20.495662990901803
Denmark,2007,1A3B,ABFLOW028,Natural gas,,20.495662990901803,20.495662990901803
Denmark,2007,1A3B,ABFLOW028,Oil,,20.495662990901803,20.495662990901803
Denmark,2007,1A3C,ABFLOW030,Coal,,,0.0
Denmark,2007,1A3C,ABFLOW030,Natural gas,,,0.0
Denmark,2007,1A3C,ABFLOW030,Oil,,,0.0
Denmark,2007,1A3D1,ABFLOW039,Coal,,,0.0
Denmark,2007,1A3D1,ABFLOW039,Natural gas,,,0.0
Denmark,2007,1A3D1,ABFLOW039,Oil,,,0.0
Denmark,2007,1A3D2,ABFLOW032,Coal,,,0.0
Denmark,2007,1A3D2,ABFLOW032,Natural gas,,,0.0
Denmark,2007,1A3D2,ABFLOW032,Oil,,,0.0
Denmark,2007,1A3E1,ABFLOW033,Coal,,,0.0
Denmark,2007,1A3E1,ABFLOW033,Natural gas,,,0.0
Denmark,2007,1A3E1,ABFLOW033,Oil,,,0.0
Denmark,2007,1A4A,ABFLOW035,Coal,,20.495662990901803,20.495662990901803
Denmark,2007,1A4A,ABFLOW035,Natural gas,,20.495662990901803,20.495662990901803
Denmark,2007,1A4A,ABFLOW035,Oil,,20.495662990901803,20.495662990901803
Denmark,2007,1A4B,ABFLOW034,Coal,,20.495662990901803,20.495662990901803
Denmark,2007,1A4B,ABFLOW034,Natural gas,,20.495662990901803,20.495662990901803
Denmark,2007,1A4B,ABFLOW034,Oil,,20.495662990901803,20.495662990901803
Denmark,2007,1A4C1,ABFLOW036,Coal,,20.495662990901803,20.495662990901803
Denmark,2007,1A4C1,ABFLOW036,Natural gas,,20.495662990901803,20.495662990901803
Denmark,2007,1A4C1,ABFLOW036,Oil,,20.495662990901803,20.495662990901803
Denmark,2007,1A4C2,ABFLOW037,Coal,,,0.0
Denmark,2007,1A4C2,ABFLOW037,Natural gas,,,0.0
Denmark,2007,1A4C2,ABFLOW037,Oil,,,0.0
Denmark,2007,1A5,ABFLOW038,Coal,,,0.0
Denmark,2007,1A5,ABFLOW038,Natural gas,,,0.0
Denmark,2007,1A5,ABFLOW038,Oil,,,0.0
Denmark,2008,1A,ABFLOW001,Coal,,,0.0
Denmark,2008,1A,ABFLOW001,Natural gas,,,0.0
Denmark,2008,1A,ABFLOW001,Oil,,,0.0
Denmark,2008,1A1A,ABFLOW002,Coal,,,0.0
Denmark,2008,1A1A,ABFLOW002,Natural gas,,,0.0
Denmark,2008,1A1A,ABFLOW002,Oil,,,0.0
Denmark,2008,1A1A1,ABFLOW003,Coal,23.55521342520238,,23.55521342520238
Denmark,2008,1A1A1,ABFLOW003,Natural gas,23.55521342520238,,23.55521342520238
Denmark,2008,1A1A1,ABFLOW003,Oil,23.55521342520238,,23.55521342520238
Denmark,2008,1A1A2,ABFLOW004,Coal,23.55521342520238,,23.55521342520238
Denmark,2008,1A1A2,ABFLOW004,Natural gas,23.55521342520238,,23.55521342520238
Denmark,2008,1A1A2,ABFLOW004,Oil,23.55521342520238,,23.55521342520238
Denmark,2008,1A1A3,ABFLOW005,Coal,23.55521342520238,20.01674717848854,43.57196060369092
Denmark,2008,1A1A3,ABFLOW005,Natural gas,23.55521342520238,20.01674717848854,43.57196060369092
Denmark,2008,1A1A3,ABFLOW005,Oil,23.55521342520238,20.01674717848854,43.57196060369092
Denmark,2008,1A1B,ABFLOW011,Coal,23.55521342520238,20.01674717848854,43.57196060369092
Denmark,2008,1A1B,ABFLOW011,Natural gas,23.55521342520238,20.01674717848854,43.57196060369092
Denmark,2008,1A1B,ABFLOW011,Oil,23.55521342520238,20.01674717848854,43.57196060369092
Denmark,2008,1A1C,ABFLOW011,Coal,23.55521342520238,20.01674717848854,43.57196060369092
Denmark,2008,1A1C,ABFLOW011,Natural gas,23.55521342520238,20.01674717848854,43.57196060369092
Denmark,2008,1A1C,ABFLOW011,Oil,23.55521342520238,20.01674717848854,43.57196060369092
Denmark,2008,1A2,ABFLOW012,Coal,,,0.0
Denmark,2008,1A2,ABFLOW012,Natural gas,,,0.0
Denmark,2008,1A2,ABFLOW012,Oil,,,0.0
Denmark,2008,1A2A,ABFLOW016,Coal,23.55521342520238,,23.55521342520238
Denmark,2008,1A2A,ABFLOW016,Natural gas,23.55521342520238,,23.55521342520238
Denmark,2008,1A2A,ABFLOW016,Oil,23.55521342520238,,23.55521342520238
Denmark,2008,1A2B,ABFLOW018,Coal,23.55521342520238,,23.55521342520238
Denmark,2008,1A2B,ABFLOW018,Natural gas,23.55521342520238,,23.55521342520238
Denmark,2008,1A2B,ABFLOW018,Oil,23.55521342520238,,23.55521342520238
Denmark,2008,1A2C,ABFLOW017,Coal,23.55521342520238,,23.55521342520238
Denmark,2008,1A2C,ABFLOW017,Natural gas,23.55521342520238,,23.55521342520238
Denmark,2008,1A2C,ABFLOW017,Oil,23.55521342520238,,23.55521342520238
Denmark,2008,1A2D,ABFLOW023,Coal,23.55521342520238,,23.55521342520238
Denmark,2008,1A2D,ABFLOW023,Natural gas,23.55521342520238,,23.55521342520238
Denmark,2008,1A2D,ABFLOW023,Oil,23.55521342520238,,23.55521342520238
Denmark,2008,1A2E,ABFLOW022,Coal,23.55521342520238,,23.55521342520238
Denmark,2008,1A2E,ABFLOW022,Natural gas,23.55521342520238,,23.55521342520238
Denmark,2008,1A2E,ABFLOW022,Oil,23.55521342520238,,23.55521342520238
Denmark,2008,1A2F,ABFLOW019,Coal,23.55521342520238,,23.55521342520238
Denmark,2008,1A2F,ABFLOW019,Natural gas,23.55521342520238,,23.55521342520238
Denmark,2008,1A2F,ABFLOW019,Oil,23.55521342520238,,23.55521342520238
Denmark,2008,1A2G,ABFLOW020,Coal,23.55521342520238,,23.55521342520238
Denmark,2008,1A2G,ABFLOW020,Natural gas,23.55521342520238,,23.55521342520238
Denmark,2008,1A2G,ABFLOW020,Oil,23.55521342520238,,23.55521342520238
Denmark,2008,1A2H,ABFLOW021,Coal,23.55521342520238,,23.55521342520238
Denmark,2008,1A2H,ABFLOW021,Natural gas,23.55521342520238,,23.55521342520238
Denmark,2008,1A2H,ABFLOW021,Oil,23.55521342520238,,23.55521342520238
Denmark,2008,1A2I,ABFLOW013,Coal,23.55521342520238,,23.55521342520238
Denmark,2008,1A2I,ABFLOW013,Natural gas,23.55521342520238,,23.55521342520238
Denmark,2008,1A2I,ABFLOW013,Oil,23.55521342520238,,23.55521342520238
Denmark,2008,1A2J,ABFLOW024,Coal,23.55521342520238,,23.55521342520238
Denmark,2008,1A2J,ABFLOW024,Natural gas,23.55521342520238,,23.55521342520238
Denmark,2008,1A2J,ABFLOW024,Oil,23.55521342520238,,23.55521342520238
Denmark,2008,1A2K,ABFLOW014,Coal,23.55521342520238,,23.55521342520238
Denmark,2008,1A2K,ABFLOW014,Natural gas,23.55521342520238,,23.55521342520238
Denmark,2008,1A2K,ABFLOW014,Oil,23.55521342520238,,23.55521342520238
Denmark,2008,1A2L,ABFLOW025,Coal,23.55521342520238,,23.55521342520238
Denmark,2008,1A2L,ABFLOW025,Natural gas,23.55521342520238,,23.55521342520238
Denmark,2008,1A2L,ABFLOW025,Oil,23.55521342520238,,23.55521342520238
Denmark,2008,1A2M,ABFLOW026,Coal,23.55521342520238,,23.55521342520238
Denmark,2008,1A2M,ABFLOW026,Natural gas,23.55521342520238,,23.55521342520238
Denmark,2008,1A2M,ABFLOW026,Oil,23.55521342520238,,23.55521342520238
Denmark,2008,1A3,ABFLOW027,Coal,,,0.0
Denmark,2008,1A3,ABFLOW027,Natural gas,,,0.0
Denmark,2008,1A3,ABFLOW027,Oil,,,0.0
Denmark,2008,1A3A1,ABFLOW040,Coal,,,0.0
Denmark,2008,1A3A1,ABFLOW040,Natural gas,,,0.0
Denmark,2008,1A3A1,ABFLOW040,Oil,,,0.0
Denmark,2008,1A3A2,ABFLOW029,Coal,,,0.0
Denmark,2008,1A3A2,ABFLOW029,Natural gas,,,0.0
Denmark,2008,1A3A2,ABFLOW029,Oil,,,0.0
Denmark,2008,1A3B,ABFLOW028,Coal,,20.01674717848854,20.01674717848854
Denmark,2008,1A3B,ABFLOW028,Natural gas,,20.01674717848854,20.01674717848854
Denmark,2008,1A3B,ABFLOW028,Oil,,20.01674717848854,20.01674717848854
Denmark,2008,1A3C,ABFLOW030,Coal,,,0.0
Denmark,2008,1A3C,ABFLOW030,Natural gas,,,0.0
Denmark,2008,1A3C,ABFLOW030,Oil,,,0.0
Denmark,2008,1A3D1,ABFLOW039,Coal,,,0.0
Denmark,2008,1A3D1,ABFLOW039,Natural gas,,,0.0
Denmark,2008,1A3D1,ABFLOW039,Oil,,,0.0
Denmark,2008,1A3D2,ABFLOW032,Coal,,,0.0
Denmark,2008,1A3D2,ABFLOW032,Natural gas,,,0.0
Denmark,2008,1A3D2,ABFLOW032,Oil,,,0.0
Denmark,2008,1A3E1,ABFLOW033,Coal,,,0.0
Denmark,2008,1A3E1,ABFLOW033,Natural gas,,,0.0
Denmark,2008,1A3E1,ABFLOW033,Oil,,,0.0
Denmark,2008,1A4A,ABFLOW035,Coal,,20.01674717848854,20.01674717848854
Denmark,2008,1A4A,ABFLOW035,Natural gas,,20.01674717848854,20.01674717848854
Denmark,2008,1A4A,ABFLOW035,Oil,,20.01674717848854,20.01674717848854
Denmark,2008,1A4B,ABFLOW034,Coal,,20.01674717848854,20.01674717848854
Denmark,2008,1A4B,ABFLOW034,Natural gas,,20.01674717848854,20.01674717848854
Denmark,2008,1A4B,ABFLOW034,Oil,,20.01674717848854,20.01674717848854
Denmark,2008,1A4C1,ABFLOW036,Coal,,20.01674717848854,20.01674717848854
Denmark,2008,1A4C1,ABFLOW036,Natural gas,,20.01674717848854,20.01674717848854
Denmark,2008,1A4C1,ABFLOW036,Oil,,20.01674717848854,20.01674717848854
Denmark,2008,1A4C2,ABFLOW037,Coal,,,0.0
Denmark,2008,1A4C2,ABFLOW037,Natural gas,,,0.0
Denmark,2008,1A4C2,ABFLOW037,Oil,,,0.0
Denmark,2008,1A5,ABFLOW038,Coal,,,0.0
Denmark,2008,1A5,ABFLOW038,Natural gas,,,0.0
Denmark,2008,1A5,ABFLOW038,Oil,,,0.0
Denmark,2009,1A,ABFLOW001,Coal,,,0.0
Denmark,2009,1A,ABFLOW001,Natural gas,,,0.0
Denmark,2009,1A,ABFLOW001,Oil,,,0.0
Denmark,2009,1A1A,ABFLOW002,Coal,,,0.0
Denmark,2009,1A1A,ABFLOW002,Natural gas,,,0.0
Denmark,2009,1A1A,ABFLOW002,Oil,,,0.0
Denmark,2009,1A1A1,ABFLOW003,Coal,17.720950832365844,,17.720950832365844
Denmark,2009,1A1A1,ABFLOW003,Natural gas,17.720950832365844,,17.720950832365844
Denmark,2009,1A1A1,ABFLOW003,Oil,17.720950832365844,,17.720950832365844
Denmark,2009,1A1A2,ABFLOW004,Coal,17.720950832365844,,17.720950832365844
Denmark,2009,1A1A2,ABFLOW004,Natural gas,17.720950832365844,,17.720950832365844
Denmark,2009,1A1A2,ABFLOW004,Oil,17.720950832365844,,17.720950832365844
Denmark,2009,1A1A3,ABFLOW005,Coal,17.720950832365844,20.258362069557233,37.97931290192308
Denmark,2009,1A1A3,ABFLOW005,Natural gas,17.720950832365844,20.258362069557233,37.97931290192308
Denmark,2009,1A1A3,ABFLOW005,Oil,17.720950832365844,20.258362069557233,37.97931290192308
Denmark,2009,1A1B,ABFLOW011,Coal,17.720950832365844,20.258362069557233,37.97931290192308
Denmark,2009,1A1B,ABFLOW011,Natural gas,17.720950832365844,20.258362069557233,37.97931290192308
Denmark,2009,1A1B,ABFLOW011,Oil,17.720950832365844,20.258362069557233,37.97931290192308
Denmark,2009,1A1C,ABFLOW011,Coal,17.720950832365844,20.258362069557233,37.97931290192308
Denmark,2009,1A1C,ABFLOW011,Natural gas,17.720950832365844,20.258362069557233,37.97931290192308
Denmark,2009,1A1C,ABFLOW011,Oil,17.720950832365844,20.258362069557233,37.97931290192308
Denmark,2009,1A2,ABFLOW012,Coal,,,0.0
Denmark,2009,1A2,ABFLOW012,Natural gas,,,0.0
Denmark,2009,1A2,ABFLOW012,Oil,,,0.0
Denmark,2009,1A2A,ABFLOW016,Coal,17.720950832365844,,17.720950832365844
Denmark,2009,1A2A,ABFLOW016,Natural gas,17.720950832365844,,17.720950832365844
Denmark,2009,1A2A,ABFLOW016,Oil,17.720950832365844,,17.720950832365844
Denmark,2009,1A2B,ABFLOW018,Coal,17.720950832365844,,17.720950832365844
Denmark,2009,1A2B,ABFLOW018,Natural gas,17.720950832365844,,17.720950832365844
Denmark,2009,1A2B,ABFLOW018,Oil,17.720950832365844,,17.720950832365844
Denmark,2009,1A2C,ABFLOW017,Coal,17.720950832365844,,17.720950832365844
Denmark,2009,1A2C,ABFLOW017,Natural gas,17.720950832365844,,17.720950832365844
Denmark,2009,1A2C,ABFLOW017,Oil,17.720950832365844,,17.720950832365844
Denmark,2009,1A2D,ABFLOW023,Coal,17.720950832365844,,17.720950832365844
Denmark,2009,1A2D,ABFLOW023,Natural gas,17.720950832365844,,17.720950832365844
Denmark,2009,1A2D,ABFLOW023,Oil,17.720950832365844,,17.720950832365844
Denmark,2009,1A2E,ABFLOW022,Coal,17.720950832365844,,17.720950832365844
Denmark,2009,1A2E,ABFLOW022,Natural gas,17.720950832365844,,17.720950832365844
Denmark,2009,1A2E,ABFLOW022,Oil,17.720950832365844,,17.720950832365844
Denmark,2009,1A2F,ABFLOW019,Coal,17.720950832365844,,17.720950832365844
Denmark,2009,1A2F,ABFLOW019,Natural gas,17.720950832365844,,17.720950832365844
Denmark,2009,1A2F,ABFLOW019,Oil,17.720950832365844,,17.720950832365844
Denmark,2009,1A2G,ABFLOW020,Coal,17.720950832365844,,17.720950832365844
Denmark,2009,1A2G,ABFLOW020,Natural gas,17.720950832365844,,17.720950832365844
Denmark,2009,1A2G,ABFLOW020,Oil,17.720950832365844,,17.720950832365844
Denmark,2009,1A2H,ABFLOW021,Coal,17.720950832365844,,17.720950832365844
Denmark,2009,1A2H,ABFLOW021,Natural gas,17.720950832365844,,17.720950832365844
Denmark,2009,1A2H,ABFLOW021,Oil,17.720950832365844,,17.720950832365844
Denmark,2009,1A2I,ABFLOW013,Coal,17.720950832365844,,17.720950832365844
Denmark,2009,1A2I,ABFLOW013,Natural gas,17.720950832365844,,17.720950832365844
Denmark,2009,1A2I,ABFLOW013,Oil,17.720950832365844,,17.720950832365844
Denmark,2009,1A2J,ABFLOW024,Coal,17.720950832365844,,17.720950832365844
Denmark,2009,1A2J,ABFLOW024,Natural gas,17.720950832365844,,17.720950832365844
Denmark,2009,1A2J,ABFLOW024,Oil,17.720950832365844,,17.720950832365844
Denmark,2009,1A2K,ABFLOW014,Coal,17.720950832365844,,17.720950832365844
Denmark,2009,1A2K,ABFLOW014,Natural gas,17.720950832365844,,17.720950832365844
Denmark,2009,1A2K,ABFLOW014,Oil,17.720950832365844,,17.720950832365844
Denmark,2009,1A2L,ABFLOW025,Coal,17.720950832365844,,17.720950832365844
Denmark,2009,1A2L,ABFLOW025,Natural gas,17.720950832365844,,17.720950832365844
Denmark,2009,1A2L,ABFLOW025,Oil,17.720950832365844,,17.720950832365844
Denmark,2009,1A2M,ABFLOW026,Coal,17.720950832365844,,17.720950832365844
Denmark,2009,1A2M,ABFLOW026,Natural gas,17.720950832365844,,17.720950832365844
Denmark,2009,1A2M,ABFLOW026,Oil,17.720950832365844,,17.720950832365844
Denmark,2009,1A3,ABFLOW027,Coal,,,0.0
Denmark,2009,1A3,ABFLOW027,Natural gas,,,0.0
Denmark,2009,1A3,ABFLOW027,Oil,,,0.0
Denmark,2009,1A3A1,ABFLOW040,Coal,,,0.0
Denmark,2009,1A3A1,ABFLOW040,Natural gas,,,0.0
Denmark,2009,1A3A1,ABFLOW040,Oil,,,0.0
Denmark,2009,1A3A2,ABFLOW029,Coal,,,0.0
Denmark,2009,1A3A2,ABFLOW029,Natural gas,,,0.0
Denmark,2009,1A3A2,ABFLOW029,Oil,,,0.0
Denmark,2009,1A3B,ABFLOW028,Coal,,20.258362069557233,20.258362069557233
Denmark,2009,1A3B,ABFLOW028,Natural gas,,20.258362069557233,20.258362069557233
Denmark,2009,1A3B,ABFLOW028,Oil,,20.258362069557233,20.258362069557233
Denmark,2009,1A3C,ABFLOW030,Coal,,,0.0
Denmark,2009,1A3C,ABFLOW030,Natural gas,,,0.0
Denmark,2009,1A3C,ABFLOW030,Oil,,,0.0
Denmark,2009,1A3D1,ABFLOW039,Coal,,,0.0
Denmark,2009,1A3D1,ABFLOW039,Natural gas,,,0.0
Denmark,2009,1A3D1,ABFLOW039,Oil,,,0.0
Denmark,2009,1A3D2,ABFLOW032,Coal,,,0.0
Denmark,2009,1A3D2,ABFLOW032,Natural gas,,,0.0
Denmark,2009,1A3D2,ABFLOW032,Oil,,,0.0
Denmark,2009,1A3E1,ABFLOW033,Coal,,,0.0
Denmark,2009,1A3E1,ABFLOW033,Natural gas,,,0.0
Denmark,2009,1A3E1,ABFLOW033,Oil,,,0.0
Denmark,2009,1A4A,ABFLOW035,Coal,,20.258362069557233,20.258362069557233
Denmark,2009,1A4A,ABFLOW035,Natural gas,,20.258362069557233,20.258362069557233
Denmark,2009,1A4A,ABFLOW035,Oil,,20.258362069557233,20.258362069557233
Denmark,2009,1A4B,ABFLOW034,Coal,,20.258362069557233,20.258362069557233
Denmark,2009,1A4B,ABFLOW034,Natural gas,,20.258362069557233,20.258362069557233
Denmark,2009,1A4B,ABFLOW034,Oil,,20.258362069557233,20.258362069557233
Denmark,2009,1A4C1,ABFLOW036,Coal,,20.258362069557233,20.258362069557233
Denmark,2009,1A4C1,ABFLOW036,Natural gas,,20.258362069557233,20.258362069557233
Denmark,2009,1A4C1,ABFLOW036,Oil,,20.258362069557233,20.258362069557233
Denmark,2009,1A4C2,ABFLOW037,Coal,,,0.0
Denmark,2009,1A4C2,ABFLOW037,Natural gas,,,0.0
Denmark,2009,1A4C2,ABFLOW037,Oil,,,0.0
Denmark,2009,1A5,ABFLOW038,Coal,,,0.0
Denmark,2009,1A5,ABFLOW038,Natural gas,,,0.0
Denmark,2009,1A5,ABFLOW038,Oil,,,0.0
Denmark,2010,1A,ABFLOW001,Coal,,,0.0
Denmark,2010,1A,ABFLOW001,Natural gas,,,0.0
Denmark,2010,1A,ABFLOW001,Oil,,,0.0
Denmark,2010,1A1A,ABFLOW002,Coal,,,0.0
Denmark,2010,1A1A,ABFLOW002,Natural gas,,,0.0
Denmark,2010,1A1A,ABFLOW002,Oil,,,0.0
Denmark,2010,1A1A1,ABFLOW003,Coal,18.727768099542313,,18.727768099542313
Denmark,2010,1A1A1,ABFLOW003,Natural gas,18.727768099542313,,18.727768099542313
Denmark,2010,1A1A1,ABFLOW003,Oil,18.727768099542313,,18.727768099542313
Denmark,2010,1A1A2,ABFLOW004,Coal,18.727768099542313,,18.727768099542313
Denmark,2010,1A1A2,ABFLOW004,Natural gas,18.727768099542313,,18.727768099542313
Denmark,2010,1A1A2,ABFLOW004,Oil,18.727768099542313,,18.727768099542313
Denmark,2010,1A1A3,ABFLOW005,Coal,18.727768099542313,26.762463983254865,45.49023208279718
Denmark,2010,1A1A3,ABFLOW005,Natural gas,18.727768099542313,26.762463983254865,45.49023208279718
Denmark,2010,1A1A3,ABFLOW005,Oil,18.727768099542313,26.762463983254865,45.49023208279718
Denmark,2010,1A1B,ABFLOW011,Coal,18.727768099542313,26.762463983254865,45.49023208279718
Denmark,2010,1A1B,ABFLOW011,Natural gas,18.727768099542313,26.762463983254865,45.49023208279718
Denmark,2010,1A1B,ABFLOW011,Oil,18.727768099542313,26.762463983254865,45.49023208279718
Denmark,2010,1A1C,ABFLOW011,Coal,18.727768099542313,26.762463983254865,45.49023208279718
Denmark,2010,1A1C,ABFLOW011,Natural gas,18.727768099542313,26.762463983254865,45.49023208279718
Denmark,2010,1A1C,ABFLOW011,Oil,18.727768099542313,26.762463983254865,45.49023208279718
Denmark,2010,1A2,ABFLOW012,Coal,,,0.0
Denmark,2010,1A2,ABFLOW012,Natural gas,,,0.0
Denmark,2010,1A2,ABFLOW012,Oil,,,0.0
Denmark,2010,1A2A,ABFLOW016,Coal,18.727768099542313,,18.727768099542313
Denmark,2010,1A2A,ABFLOW016,Natural gas,18.727768099542313,,18.727768099542313
Denmark,2010,1A2A,ABFLOW016,Oil,18.727768099542313,,18.727768099542313
Denmark,2010,1A2B,ABFLOW018,Coal,18.727768099542313,,18.727768099542313
Denmark,2010,1A2B,ABFLOW018,Natural gas,18.727768099542313,,18.727768099542313
Denmark,2010,1A2B,ABFLOW018,Oil,18.727768099542313,,18.727768099542313
Denmark,2010,1A2C,ABFLOW017,Coal,18.727768099542313,,18.727768099542313
Denmark,2010,1A2C,ABFLOW017,Natural gas,18.727768099542313,,18.727768099542313
Denmark,2010,1A2C,ABFLOW017,Oil,18.727768099542313,,18.727768099542313
Denmark,2010,1A2D,ABFLOW023,Coal,18.727768099542313,,18.727768099542313
Denmark,2010,1A2D,ABFLOW023,Natural gas,18.727768099542313,,18.727768099542313
Denmark,2010,1A2D,ABFLOW023,Oil,18.727768099542313,,18.727768099542313
Denmark,2010,1A2E,ABFLOW022,Coal,18.727768099542313,,18.727768099542313
Denmark,2010,1A2E,ABFLOW022,Natural gas,18.727768099542313,,18.727768099542313
Denmark,2010,1A2E,ABFLOW022,Oil,18.727768099542313,,18.727768099542313
Denmark,2010,1A2F,ABFLOW019,Coal,18.727768099542313,,18.727768099542313
Denmark,2010,1A2F,ABFLOW019,Natural gas,18.727768099542313,,18.727768099542313
Denmark,2010,1A2F,ABFLOW019,Oil,18.727768099542313,,18.727768099542313
Denmark,2010,1A2G,ABFLOW020,Coal,18.727768099542313,,18.727768099542313
Denmark,2010,1A2G,ABFLOW020,Natural gas,18.727768099542313,,18.727768099542313
Denmark,2010,1A2G,ABFLOW020,Oil,18.727768099542313,,18.727768099542313
Denmark,2010,1A2H,ABFLOW021,Coal,18.727768099542313,,18.727768099542313
Denmark,2010,1A2H,ABFLOW021,Natural gas,18.727768099542313,,18.727768099542313
Denmark,2010,1A2H,ABFLOW021,Oil,18.727768099542313,,18.727768099542313
Denmark,2010,1A2I,ABFLOW013,Coal,18.727768099542313,,18.727768099542313
Denmark,2010,1A2I,ABFLOW013,Natural gas,18.727768099542313,,18.727768099542313
Denmark,2010,1A2I,ABFLOW013,Oil,18.727768099542313,,18.727768099542313
Denmark,2010,1A2J,ABFLOW024,Coal,18.727768099542313,,18.727768099542313
Denmark,2010,1A2J,ABFLOW024,Natural gas,18.727768099542313,,18.727768099542313
Denmark,2010,1A2J,ABFLOW024,Oil,18.727768099542313,,18.727768099542313
Denmark,2010,1A2K,ABFLOW014,Coal,18.727768099542313,,18.727768099542313
Denmark,2010,1A2K,ABFLOW014,Natural gas,18.727768099542313,,18.727768099542313
Denmark,2010,1A2K,ABFLOW014,Oil,18.727768099542313,,18.727768099542313
Denmark,2010,1A2L,ABFLOW025,Coal,18.727768099542313,,18.727768099542313
Denmark,2010,1A2L,ABFLOW025,Natural gas,18.727768099542313,,18.727768099542313
Denmark,2010,1A2L,ABFLOW025,Oil,18.727768099542313,,18.727768099542313
Denmark,2010,1A2M,ABFLOW026,Coal,18.727768099542313,,18.727768099542313
Denmark,2010,1A2M,ABFLOW026,Natural gas,18.727768099542313,,18.727768099542313
Denmark,2010,1A2M,ABFLOW026,Oil,18.727768099542313,,18.727768099542313
Denmark,2010,1A3,ABFLOW027,Coal,,,0.0
Denmark,2010,1A3,ABFLOW027,Natural gas,,,0.0
Denmark,2010,1A3,ABFLOW027,Oil,,,0.0
Denmark,2010,1A3A1,ABFLOW040,Coal,,,0.0
Denmark,2010,1A3A1,ABFLOW040,Natural gas,,,0.0
Denmark,2010,1A3A1,ABFLOW040,Oil,,,0.0
Denmark,2010,1A3A2,ABFLOW029,Coal,,,0.0
Denmark,2010,1A3A2,ABFLOW029,Natural gas,,,0.0
Denmark,2010,1A3A2,ABFLOW029,Oil,,,0.0
Denmark,2010,1A3B,ABFLOW028,Coal,,26.762463983254865,26.762463983254865
Denmark,2010,1A3B,ABFLOW028,Natural gas,,26.762463983254865,26.762463983254865
Denmark,2010,1A3B,ABFLOW028,Oil,,26.762463983254865,26.762463983254865
Denmark,2010,1A3C,ABFLOW030,Coal,,,0.0
Denmark,2010,1A3C,ABFLOW030,Natural gas,,,0.0
Denmark,2010,1A3C,ABFLOW030,Oil,,,0.0
Denmark,2010,1A3D1,ABFLOW039,Coal,,,0.0
Denmark,2010,1A3D1,ABFLOW039,Natural gas,,,0.0
Denmark,2010,1A3D1,ABFLOW039,Oil,,,0.0
Denmark,2010,1A3D2,ABFLOW032,Coal,,,0.0
Denmark,2010,1A3D2,ABFLOW032,Natural gas,,,0.0
Denmark,2010,1A3D2,ABFLOW032,Oil,,,0.0
Denmark,2010,1A3E1,ABFLOW033,Coal,,,0.0
Denmark,2010,1A3E1,ABFLOW033,Natural gas,,,0.0
Denmark,2010,1A3E1,ABFLOW033,Oil,,,0.0
Denmark,2010,1A4A,ABFLOW035,Coal,,26.762463983254865,26.762463983254865
Denmark,2010,1A4A,ABFLOW035,Natural gas,,26.762463983254865,26.762463983254865
Denmark,2010,1A4A,ABFLOW035,Oil,,26.762463983254865,26.762463983254865
Denmark,2010,1A4B,ABFLOW034,Coal,,26.762463983254865,26.762463983254865
Denmark,2010,1A4B,ABFLOW034,Natural gas,,26.762463983254865,26.762463983254865
Denmark,2010,1A4B,ABFLOW034,Oil,,26.762463983254865,26.762463983254865
Denmark,2010,1A4C1,ABFLOW036,Coal,,26.762463983254865,26.762463983254865
Denmark,2010,1A4C1,ABFLOW036,Natural gas,,26.762463983254865,26.762463983254865
Denmark,2010,1A4C1,ABFLOW036,Oil,,26.762463983254865,26.762463983254865
Denmark,2010,1A4C2,ABFLOW037,Coal,,,0.0
Denmark,2010,1A4C2,ABFLOW037,Natural gas,,,0.0
Denmark,2010,1A4C2,ABFLOW037,Oil,,,0.0
Denmark,2010,1A5,ABFLOW038,Coal,,,0.0
Denmark,2010,1A5,ABFLOW038,Natural gas,,,0.0
Denmark,2010,1A5,ABFLOW038,Oil,,,0.0
Denmark,2011,1A,ABFLOW001,Coal,,,0.0
Denmark,2011,1A,ABFLOW001,Natural gas,,,0.0
Denmark,2011,1A,ABFLOW001,Oil,,,0.0
Denmark,2011,1A1A,ABFLOW002,Coal,,,0.0
Denmark,2011,1A1A,ABFLOW002,Natural gas,,,0.0
Denmark,2011,1A1A,ABFLOW002,Oil,,,0.0
Denmark,2011,1A1A1,ABFLOW003,Coal,16.790861817727556,,16.790861817727556
Denmark,2011,1A1A1,ABFLOW003,Natural gas,16.790861817727556,,16.790861817727556
Denmark,2011,1A1A1,ABFLOW003,Oil,16.790861817727556,,16.790861817727556
Denmark,2011,1A1A2,ABFLOW004,Coal,16.790861817727556,,16.790861817727556
Denmark,2011,1A1A2,ABFLOW004,Natural gas,16.790861817727556,,16.790861817727556
Denmark,2011,1A1A2,ABFLOW004,Oil,16.790861817727556,,16.790861817727556
Denmark,2011,1A1A3,ABFLOW005,Coal,16.790861817727556,27.069697343844904,43.86055916157246
Denmark,2011,1A1A3,ABFLOW005,Natural gas,16.790861817727556,27.069697343844904,43.86055916157246
Denmark,2011,1A1A3,ABFLOW005,Oil,16.790861817727556,27.069697343844904,43.86055916157246
Denmark,2011,1A1B,ABFLOW011,Coal,16.790861817727556,27.069697343844904,43.86055916157246
Denmark,2011,1A1B,ABFLOW011,Natural gas,16.790861817727556,27.069697343844904,43.86055916157246
Denmark,2011,1A1B,ABFLOW011,Oil,16.790861817727556,27.069697343844904,43.86055916157246
Denmark,2011,1A1C,ABFLOW011,Coal,16.790861817727556,27.069697343844904,43.86055916157246
Denmark,2011,1A1C,ABFLOW011,Natural gas,16.790861817727556,27.069697343844904,43.86055916157246
Denmark,2011,1A1C,ABFLOW011,Oil,16.790861817727556,27.069697343844904,43.86055916157246
Denmark,2011,1A2,ABFLOW012,Coal,,,0.0
Denmark,2011,1A2,ABFLOW012,Natural gas,,,0.0
Denmark,2011,1A2,ABFLOW012,Oil,,,0.0
Denmark,2011,1A2A,ABFLOW016,Coal,16.790861817727556,,16.790861817727556
Denmark,2011,1A2A,ABFLOW016,Natural gas,16.790861817727556,,16.790861817727556
Denmark,2011,1A2A,ABFLOW016,Oil,16.790861817727556,,16.790861817727556
Denmark,2011,1A2B,ABFLOW018,Coal,16.790861817727556,,16.790861817727556
Denmark,2011,1A2B,ABFLOW018,Natural gas,16.790861817727556,,16.790861817727556
Denmark,2011,1A2B,ABFLOW018,Oil,16.790861817727556,,16.790861817727556
Denmark,2011,1A2C,ABFLOW017,Coal,16.790861817727556,,16.790861817727556
Denmark,2011,1A2C,ABFLOW017,Natural gas,16.790861817727556,,16.790861817727556
Denmark,2011,1A2C,ABFLOW017,Oil,16.790861817727556,,16.790861817727556
Denmark,2011,1A2D,ABFLOW023,Coal,16.790861817727556,,16.790861817727556
Denmark,2011,1A2D,ABFLOW023,Natural gas,16.790861817727556,,16.790861817727556
Denmark,2011,1A2D,ABFLOW023,Oil,16.790861817727556,,16.790861817727556
Denmark,2011,1A2E,ABFLOW022,Coal,16.790861817727556,,16.790861817727556
Denmark,2011,1A2E,ABFLOW022,Natural gas,16.790861817727556,,16.790861817727556
Denmark,2011,1A2E,ABFLOW022,Oil,16.790861817727556,,16.790861817727556
Denmark,2011,1A2F,ABFLOW019,Coal,16.790861817727556,,16.790861817727556
Denmark,2011,1A2F,ABFLOW019,Natural gas,16.790861817727556,,16.790861817727556
Denmark,2011,1A2F,ABFLOW019,Oil,16.790861817727556,,16.790861817727556
Denmark,2011,1A2G,ABFLOW020,Coal,16.790861817727556,,16.790861817727556
Denmark,2011,1A2G,ABFLOW020,Natural gas,16.790861817727556,,16.790861817727556
Denmark,2011,1A2G,ABFLOW020,Oil,16.790861817727556,,16.790861817727556
Denmark,2011,1A2H,ABFLOW021,Coal,16.790861817727556,,16.790861817727556
Denmark,2011,1A2H,ABFLOW021,Natural gas,16.790861817727556,,16.790861817727556
Denmark,2011,1A2H,ABFLOW021,Oil,16.790861817727556,,16.790861817727556
Denmark,2011,1A2I,ABFLOW013,Coal,16.790861817727556,,16.790861817727556
Denmark,2011,1A2I,ABFLOW013,Natural gas,16.790861817727556,,16.790861817727556
Denmark,2011,1A2I,ABFLOW013,Oil,16.790861817727556,,16.790861817727556
Denmark,2011,1A2J,ABFLOW024,Coal,16.790861817727556,,16.790861817727556
Denmark,2011,1A2J,ABFLOW024,Natural gas,16.790861817727556,,16.790861817727556
Denmark,2011,1A2J,ABFLOW024,Oil,16.790861817727556,,16.790861817727556
Denmark,2011,1A2K,ABFLOW014,Coal,16.790861817727556,,16.790861817727556
Denmark,2011,1A2K,ABFLOW014,Natural gas,16.790861817727556,,16.790861817727556
Denmark,2011,1A2K,ABFLOW014,Oil,16.790861817727556,,16.790861817727556
Denmark,2011,1A2L,ABFLOW025,Coal,16.790861817727556,,16.790861817727556
Denmark,2011,1A2L,ABFLOW025,Natural gas,16.790861817727556,,16.790861817727556
Denmark,2011,1A2L,ABFLOW025,Oil,16.790861817727556,,16.790861817727556
Denmark,2011,1A2M,ABFLOW026,Coal,16.790861817727556,,16.790861817727556
Denmark,2011,1A2M,ABFLOW026,Natural gas,16.790861817727556,,16.790861817727556
Denmark,2011,1A2M,ABFLOW026,Oil,16.790861817727556,,16.790861817727556
Denmark,2011,1A3,ABFLOW027,Coal,,,0.0
Denmark,2011,1A3,ABFLOW027,Natural gas,,,0.0
Denmark,2011,1A3,ABFLOW027,Oil,,,0.0
Denmark,2011,1A3A1,ABFLOW040,Coal,,,0.0
Denmark,2011,1A3A1,ABFLOW040,Natural gas,,,0.0
Denmark,2011,1A3A1,ABFLOW040,Oil,,,0.0
Denmark,2011,1A3A2,ABFLOW029,Coal,,,0.0
Denmark,2011,1A3A2,ABFLOW029,Natural gas,,,0.0
Denmark,2011,1A3A2,ABFLOW029,Oil,,,0.0
Denmark,2011,1A3B,ABFLOW028,Coal,,27.069697343844904,27.069697343844904
Denmark,2011,1A3B,ABFLOW028,Natural gas,,27.069697343844904,27.069697343844904
Denmark,2011,1A3B,ABFLOW028,Oil,,27.069697343844904,27.069697343844904
Denmark,2011,1A3C,ABFLOW030,Coal,,,0.0
Denmark,2011,1A3C,ABFLOW030,Natural gas,,,0.0
Denmark,2011,1A3C,ABFLOW030,Oil,,,0.0
Denmark,2011,1A3D1,ABFLOW039,Coal,,,0.0
Denmark,2011,1A3D1,ABFLOW039,Natural gas,,,0.0
Denmark,2011,1A3D1,ABFLOW039,Oil,,,0.0
Denmark,2011,1A3D2,ABFLOW032,Coal,,,0.0
Denmark,2011,1A3D2,ABFLOW032,Natural gas,,,0.0
Denmark,2011,1A3D2,ABFLOW032,Oil,,,0.0
Denmark,2011,1A3E1,ABFLOW033,Coal,,,0.0
Denmark,2011,1A3E1,ABFLOW033,Natural gas,,,0.0
Denmark,2011,1A3E1,ABFLOW033,Oil,,,0.0
Denmark,2011,1A4A,ABFLOW035,Coal,,27.069697343844904,27.069697343844904
Denmark,2011,1A4A,ABFLOW035,Natural gas,,27.069697343844904,27.069697343844904
Denmark,2011,1A4A,ABFLOW035,Oil,,27.069697343844904,27.069697343844904
Denmark,2011,1A4B,ABFLOW034,Coal,,27.069697343844904,27.069697343844904
Denmark,2011,1A4B,ABFLOW034,Natural gas,,27.069697343844904,27.069697343844904
Denmark,2011,1A4B,ABFLOW034,Oil,,27.069697343844904,27.069697343844904
Denmark,2011,1A4C1,ABFLOW036,Coal,,27.069697343844904,27.069697343844904
Denmark,2011,1A4C1,ABFLOW036,Natural gas,,27.069697343844904,27.069697343844904
Denmark,2011,1A4C1,ABFLOW036,Oil,,27.069697343844904,27.069697343844904
Denmark,2011,1A4C2,ABFLOW037,Coal,,,0.0
Denmark,2011,1A4C2,ABFLOW037,Natural gas,,,0.0
Denmark,2011,1A4C2,ABFLOW037,Oil,,,0.0
Denmark,2011,1A5,ABFLOW038,Coal,,,0.0
Denmark,2011,1A5,ABFLOW038,Natural gas,,,0.0
Denmark,2011,1A5,ABFLOW038,Oil,,,0.0
Denmark,2012,1A,ABFLOW001,Coal,,,0.0
Denmark,2012,1A,ABFLOW001,Natural gas,,,0.0
Denmark,2012,1A,ABFLOW001,Oil,,,0.0
Denmark,2012,1A1A,ABFLOW002,Coal,,,0.0
Denmark,2012,1A1A,ABFLOW002,Natural gas,,,0.0
Denmark,2012,1A1A,ABFLOW002,Oil,,,0.0
Denmark,2012,1A1A1,ABFLOW003,Coal,9.3510817958157,,9.3510817958157
Denmark,2012,1A1A1,ABFLOW003,Natural gas,9.3510817958157,,9.3510817958157
Denmark,2012,1A1A1,ABFLOW003,Oil,9.3510817958157,,9.3510817958157
Denmark,2012,1A1A2,ABFLOW004,Coal,9.3510817958157,,9.3510817958157
Denmark,2012,1A1A2,ABFLOW004,Natural gas,9.3510817958157,,9.3510817958157
Denmark,2012,1A1A2,ABFLOW004,Oil,9.3510817958157,,9.3510817958157
Denmark,2012,1A1A3,ABFLOW005,Coal,9.3510817958157,26.917780303092204,36.2688620989079
Denmark,2012,1A1A3,ABFLOW005,Natural gas,9.3510817958157,26.917780303092204,36.2688620989079
Denmark,2012,1A1A3,ABFLOW005,Oil,9.3510817958157,26.917780303092204,36.2688620989079
Denmark,2012,1A1B,ABFLOW011,Coal,9.3510817958157,26.917780303092204,36.2688620989079
Denmark,2012,1A1B,ABFLOW011,Natural gas,9.3510817958157,26.917780303092204,36.2688620989079
Denmark,2012,1A1B,ABFLOW011,Oil,9.3510817958157,26.917780303092204,36.2688620989079
Denmark,2012,1A1C,ABFLOW011,Coal,9.3510817958157,26.917780303092204,36.2688620989079
Denmark,2012,1A1C,ABFLOW011,Natural gas,9.3510817958157,26.917780303092204,36.2688620989079
Denmark,2012,1A1C,ABFLOW011,Oil,9.3510817958157,26.917780303092204,36.2688620989079
Denmark,2012,1A2,ABFLOW012,Coal,,,0.0
Denmark,2012,1A2,ABFLOW012,Natural gas,,,0.0
Denmark,2012,1A2,ABFLOW012,Oil,,,0.0
Denmark,2012,1A2A,ABFLOW016,Coal,9.3510817958157,,9.3510817958157
Denmark,2012,1A2A,ABFLOW016,Natural gas,9.3510817958157,,9.3510817958157
Denmark,2012,1A2A,ABFLOW016,Oil,9.3510817958157,,9.3510817958157
Denmark,2012,1A2B,ABFLOW018,Coal,9.3510817958157,,9.3510817958157
Denmark,2012,1A2B,ABFLOW018,Natural gas,9.3510817958157,,9.3510817958157
Denmark,2012,1A2B,ABFLOW018,Oil,9.3510817958157,,9.3510817958157
Denmark,2012,1A2C,ABFLOW017,Coal,9.3510817958157,,9.3510817958157
Denmark,2012,1A2C,ABFLOW017,Natural gas,9.3510817958157,,9.3510817958157
Denmark,2012,1A2C,ABFLOW017,Oil,9.3510817958157,,9.3510817958157
Denmark,2012,1A2D,ABFLOW023,Coal,9.3510817958157,,9.3510817958157
Denmark,2012,1A2D,ABFLOW023,Natural gas,9.3510817958157,,9.3510817958157
Denmark,2012,1A2D,ABFLOW023,Oil,9.3510817958157,,9.3510817958157
Denmark,2012,1A2E,ABFLOW022,Coal,9.3510817958157,,9.3510817958157
Denmark,2012,1A2E,ABFLOW022,Natural gas,9.3510817958157,,9.3510817958157
Denmark,2012,1A2E,ABFLOW022,Oil,9.3510817958157,,9.3510817958157
Denmark,2012,1A2F,ABFLOW019,Coal,9.3510817958157,,9.3510817958157
Denmark,2012,1A2F,ABFLOW019,Natural gas,9.3510817958157,,9.3510817958157
Denmark,2012,1A2F,ABFLOW019,Oil,9.3510817958157,,9.3510817958157
Denmark,2012,1A2G,ABFLOW020,Coal,9.3510817958157,,9.3510817958157
Denmark,2012,1A2G,ABFLOW020,Natural gas,9.3510817958157,,9.3510817958157
Denmark,2012,1A2G,ABFLOW020,Oil,9.3510817958157,,9.3510817958157
Denmark,2012,1A2H,ABFLOW021,Coal,9.3510817958157,,9.3510817958157
Denmark,2012,1A2H,ABFLOW021,Natural gas,9.3510817958157,,9.3510817958157
Denmark,2012,1A2H,ABFLOW021,Oil,9.3510817958157,,9.3510817958157
Denmark,2012,1A2I,ABFLOW013,Coal,9.3510817958157,,9.3510817958157
Denmark,2012,1A2I,ABFLOW013,Natural gas,9.3510817958157,,9.3510817958157
Denmark,2012,1A2I,ABFLOW013,Oil,9.3510817958157,,9.3510817958157
Denmark,2012,1A2J,ABFLOW024,Coal,9.3510817958157,,9.3510817958157
Denmark,2012,1A2J,ABFLOW024,Natural gas,9.3510817958157,,9.3510817958157
Denmark,2012,1A2J,ABFLOW024,Oil,9.3510817958157,,9.3510817958157
Denmark,2012,1A2K,ABFLOW014,Coal,9.3510817958157,,9.3510817958157
Denmark,2012,1A2K,ABFLOW014,Natural gas,9.3510817958157,,9.3510817958157
Denmark,2012,1A2K,ABFLOW014,Oil,9.3510817958157,,9.3510817958157
Denmark,2012,1A2L,ABFLOW025,Coal,9.3510817958157,,9.3510817958157
Denmark,2012,1A2L,ABFLOW025,Natural gas,9.3510817958157,,9.3510817958157
Denmark,2012,1A2L,ABFLOW025,Oil,9.3510817958157,,9.3510817958157
Denmark,2012,1A2M,ABFLOW026,Coal,9.3510817958157,,9.3510817958157
Denmark,2012,1A2M,ABFLOW026,Natural gas,9.3510817958157,,9.3510817958157
Denmark,2012,1A2M,ABFLOW026,Oil,9.3510817958157,,9.3510817958157
Denmark,2012,1A3,ABFLOW027,Coal,,,0.0
Denmark,2012,1A3,ABFLOW027,Natural gas,,,0.0
Denmark,2012,1A3,ABFLOW027,Oil,,,0.0
Denmark,2012,1A3A1,ABFLOW040,Coal,9.3510817958157,,9.3510817958157
Denmark,2012,1A3A1,ABFLOW040,Natural gas,9.3510817958157,,9.3510817958157
Denmark,2012,1A3A1,ABFLOW040,Oil,9.3510817958157,,9.3510817958157
Denmark,2012,1A3A2,ABFLOW029,Coal,9.3510817958157,,9.3510817958157
Denmark,2012,1A3A2,ABFLOW029,Natural gas,9.3510817958157,,9.3510817958157
Denmark,2012,1A3A2,ABFLOW029,Oil,9.3510817958157,,9.3510817958157
Denmark,2012,1A3B,ABFLOW028,Coal,,26.917780303092204,26.917780303092204
Denmark,2012,1A3B,ABFLOW028,Natural gas,,26.917780303092204,26.917780303092204
Denmark,2012,1A3B,ABFLOW028,Oil,,26.917780303092204,26.917780303092204
Denmark,2012,1A3C,ABFLOW030,Coal,,,0.0
Denmark,2012,1A3C,ABFLOW030,Natural gas,,,0.0
Denmark,2012,1A3C,ABFLOW030,Oil,,,0.0
Denmark,2012,1A3D1,ABFLOW039,Coal,,,0.0
Denmark,2012,1A3D1,ABFLOW039,Natural gas,,,0.0
Denmark,2012,1A3D1,ABFLOW039,Oil,,,0.0
Denmark,2012,1A3D2,ABFLOW032,Coal,,,0.0
Denmark,2012,1A3D2,ABFLOW032,Natural gas,,,0.0
Denmark,2012,1A3D2,ABFLOW032,Oil,,,0.0
Denmark,2012,1A3E1,ABFLOW033,Coal,,,0.0
Denmark,2012,1A3E1,ABFLOW033,Natural gas,,,0.0
Denmark,2012,1A3E1,ABFLOW033,Oil,,,0.0
Denmark,2012,1A4A,ABFLOW035,Coal,,26.917780303092204,26.917780303092204
Denmark,2012,1A4A,ABFLOW035,Natural gas,,26.917780303092204,26.917780303092204
Denmark,2012,1A4A,ABFLOW035,Oil,,26.917780303092204,26.917780303092204
Denmark,2012,1A4B,ABFLOW034,Coal,,26.917780303092204,26.917780303092204
Denmark,2012,1A4B,ABFLOW034,Natural gas,,26.917780303092204,26.917780303092204
Denmark,2012,1A4B,ABFLOW034,Oil,,26.917780303092204,26.917780303092204
Denmark,2012,1A4C1,ABFLOW036,Coal,,26.917780303092204,26.917780303092204
Denmark,2012,1A4C1,ABFLOW036,Natural gas,,26.917780303092204,26.917780303092204
Denmark,2012,1A4C1,ABFLOW036,Oil,,26.917780303092204,26.917780303092204
Denmark,2012,1A4C2,ABFLOW037,Coal,,,0.0
Denmark,2012,1A4C2,ABFLOW037,Natural gas,,,0.0
Denmark,2012,1A4C2,ABFLOW037,Oil,,,0.0
Denmark,2012,1A5,ABFLOW038,Coal,,,0.0
Denmark,2012,1A5,ABFLOW038,Natural gas,,,0.0
Denmark,2012,1A5,ABFLOW038,Oil,,,0.0
Denmark,2013,1A,ABFLOW001,Coal,,,0.0
Denmark,2013,1A,ABFLOW001,Natural gas,,,0.0
Denmark,2013,1A,ABFLOW001,Oil,,,0.0
Denmark,2013,1A1A,ABFLOW002,Coal,,,0.0
Denmark,2013,1A1A,ABFLOW002,Natural gas,,,0.0
Denmark,2013,1A1A,ABFLOW002,Oil,,,0.0
Denmark,2013,1A1A1,ABFLOW003,Coal,5.61630152820896,,5.61630152820896
Denmark,2013,1A1A1,ABFLOW003,Natural gas,5.61630152820896,,5.61630152820896
Denmark,2013,1A1A1,ABFLOW003,Oil,5.61630152820896,,5.61630152820896
Denmark,2013,1A1A2,ABFLOW004,Coal,5.61630152820896,,5.61630152820896
Denmark,2013,1A1A2,ABFLOW004,Natural gas,5.61630152820896,,5.61630152820896
Denmark,2013,1A1A2,ABFLOW004,Oil,5.61630152820896,,5.61630152820896
Denmark,2013,1A1A3,ABFLOW005,Coal,5.61630152820896,27.172209276151072,32.78851080436003
Denmark,2013,1A1A3,ABFLOW005,Natural gas,5.61630152820896,27.172209276151072,32.78851080436003
Denmark,2013,1A1A3,ABFLOW005,Oil,5.61630152820896,27.172209276151072,32.78851080436003
Denmark,2013,1A1B,ABFLOW011,Coal,5.61630152820896,27.172209276151072,32.78851080436003
Denmark,2013,1A1B,ABFLOW011,Natural gas,5.61630152820896,27.172209276151072,32.78851080436003
Denmark,2013,1A1B,ABFLOW011,Oil,5.61630152820896,27.172209276151072,32.78851080436003
Denmark,2013,1A1C,ABFLOW011,Coal,5.61630152820896,27.172209276151072,32.78851080436003
Denmark,2013,1A1C,ABFLOW011,Natural gas,5.61630152820896,27.172209276151072,32.78851080436003
Denmark,2013,1A1C,ABFLOW011,Oil,5.61630152820896,27.172209276151072,32.78851080436003
Denmark,2013,1A2,ABFLOW012,Coal,,,0.0
Denmark,2013,1A2,ABFLOW012,Natural gas,,,0.0
Denmark,2013,1A2,ABFLOW012,Oil,,,0.0
Denmark,2013,1A2A,ABFLOW016,Coal,5.61630152820896,,5.61630152820896
Denmark,2013,1A2A,ABFLOW016,Natural gas,5.61630152820896,,5.61630152820896
Denmark,2013,1A2A,ABFLOW016,Oil,5.61630152820896,,5.61630152820896
Denmark,2013,1A2B,ABFLOW018,Coal,5.61630152820896,,5.61630152820896
Denmark,2013,1A2B,ABFLOW018,Natural gas,5.61630152820896,,5.61630152820896
Denmark,2013,1A2B,ABFLOW018,Oil,5.61630152820896,,5.61630152820896
Denmark,2013,1A2C,ABFLOW017,Coal,5.61630152820896,,5.61630152820896
Denmark,2013,1A2C,ABFLOW017,Natural gas,5.61630152820896,,5.61630152820896
Denmark,2013,1A2C,ABFLOW017,Oil,5.61630152820896,,5.61630152820896
Denmark,2013,1A2D,ABFLOW023,Coal,5.61630152820896,,5.61630152820896
Denmark,2013,1A2D,ABFLOW023,Natural gas,5.61630152820896,,5.61630152820896
Denmark,2013,1A2D,ABFLOW023,Oil,5.61630152820896,,5.61630152820896
Denmark,2013,1A2E,ABFLOW022,Coal,5.61630152820896,,5.61630152820896
Denmark,2013,1A2E,ABFLOW022,Natural gas,5.61630152820896,,5.61630152820896
Denmark,2013,1A2E,ABFLOW022,Oil,5.61630152820896,,5.61630152820896
Denmark,2013,1A2F,ABFLOW019,Coal,5.61630152820896,,5.61630152820896
Denmark,2013,1A2F,ABFLOW019,Natural gas,5.61630152820896,,5.61630152820896
Denmark,2013,1A2F,ABFLOW019,Oil,5.61630152820896,,5.61630152820896
Denmark,2013,1A2G,ABFLOW020,Coal,5.61630152820896,,5.61630152820896
Denmark,2013,1A2G,ABFLOW020,Natural gas,5.61630152820896,,5.61630152820896
Denmark,2013,1A2G,ABFLOW020,Oil,5.61630152820896,,5.61630152820896
Denmark,2013,1A2H,ABFLOW021,Coal,5.61630152820896,,5.61630152820896
Denmark,2013,1A2H,ABFLOW021,Natural gas,5.61630152820896,,5.61630152820896
Denmark,2013,1A2H,ABFLOW021,Oil,5.61630152820896,,5.61630152820896
Denmark,2013,1A2I,ABFLOW013,Coal,5.61630152820896,,5.61630152820896
Denmark,2013,1A2I,ABFLOW013,Natural gas,5.61630152820896,,5.61630152820896
Denmark,2013,1A2I,ABFLOW013,Oil,5.61630152820896,,5.61630152820896
Denmark,2013,1A2J,ABFLOW024,Coal,5.61630152820896,,5.61630152820896
Denmark,2013,1A2J,ABFLOW024,Natural gas,5.61630152820896,,5.61630152820896
Denmark,2013,1A2J,ABFLOW024,Oil,5.61630152820896,,5.61630152820896
Denmark,2013,1A2K,ABFLOW014,Coal,5.61630152820896,,5.61630152820896
Denmark,2013,1A2K,ABFLOW014,Natural gas,5.61630152820896,,5.61630152820896
Denmark,2013,1A2K,ABFLOW014,Oil,5.61630152820896,,5.61630152820896
Denmark,2013,1A2L,ABFLOW025,Coal,5.61630152820896,,5.61630152820896
Denmark,2013,1A2L,ABFLOW025,Natural gas,5.61630152820896,,5.61630152820896
Denmark,2013,1A2L,ABFLOW025,Oil,5.61630152820896,,5.61630152820896
Denmark,2013,1A2M,ABFLOW026,Coal,5.61630152820896,,5.61630152820896
Denmark,2013,1A2M,ABFLOW026,Natural gas,5.61630152820896,,5.61630152820896
Denmark,2013,1A2M,ABFLOW026,Oil,5.61630152820896,,5.61630152820896
Denmark,2013,1A3,ABFLOW027,Coal,,,0.0
Denmark,2013,1A3,ABFLOW027,Natural gas,,,0.0
Denmark,2013,1A3,ABFLOW027,Oil,,,0.0
Denmark,2013,1A3A1,ABFLOW040,Coal,2.8643137793865696,,2.8643137793865696
Denmark,2013,1A3A1,ABFLOW040,Natural gas,2.8643137793865696,,2.8643137793865696
Denmark,2013,1A3A1,ABFLOW040,Oil,2.8643137793865696,,2.8643137793865696
Denmark,2013,1A3A2,ABFLOW029,Coal,5.61630152820896,,5.61630152820896
Denmark,2013,1A3A2,ABFLOW029,Natural gas,5.61630152820896,,5.61630152820896
Denmark,2013,1A3A2,ABFLOW029,Oil,5.61630152820896,,5.61630152820896
Denmark,2013,1A3B,ABFLOW028,Coal,,27.172209276151072,27.172209276151072
Denmark,2013,1A3B,ABFLOW028,Natural gas,,27.172209276151072,27.172209276151072
Denmark,2013,1A3B,ABFLOW028,Oil,,27.172209276151072,27.172209276151072
Denmark,2013,1A3C,ABFLOW030,Coal,,,0.0
Denmark,2013,1A3C,ABFLOW030,Natural gas,,,0.0
Denmark,2013,1A3C,ABFLOW030,Oil,,,0.0
Denmark,2013,1A3D1,ABFLOW039,Coal,,,0.0
Denmark,2013,1A3D1,ABFLOW039,Natural gas,,,0.0
Denmark,2013,1A3D1,ABFLOW039,Oil,,,0.0
Denmark,2013,1A3D2,ABFLOW032,Coal,,,0.0
Denmark,2013,1A3D2,ABFLOW032,Natural gas,,,0.0
Denmark,2013,1A3D2,ABFLOW032,Oil,,,0.0
Denmark,2013,1A3E1,ABFLOW033,Coal,,,0.0
Denmark,2013,1A3E1,ABFLOW033,Natural gas,,,0.0
Denmark,2013,1A3E1,ABFLOW033,Oil,,,0.0
Denmark,2013,1A4A,ABFLOW035,Coal,,27.172209276151072,27.172209276151072
Denmark,2013,1A4A,ABFLOW035,Natural gas,,27.172209276151072,27.172209276151072
Denmark,2013,1A4A,ABFLOW035,Oil,,27.172209276151072,27.172209276151072
Denmark,2013,1A4B,ABFLOW034,Coal,,27.172209276151072,27.172209276151072
Denmark,2013,1A4B,ABFLOW034,Natural gas,,27.172209276151072,27.172209276151072
Denmark,2013,1A4B,ABFLOW034,Oil,,27.172209276151072,27.172209276151072
Denmark,2013,1A4C1,ABFLOW036,Coal,,27.172209276151072,27.172209276151072
Denmark,2013,1A4C1,ABFLOW036,Natural gas,,27.172209276151072,27.172209276151072
Denmark,2013,1A4C1,ABFLOW036,Oil,,27.172209276151072,27.172209276151072
Denmark,2013,1A4C2,ABFLOW037,Coal,,,0.0
Denmark,2013,1A4C2,ABFLOW037,Natural gas,,,0.0
Denmark,2013,1A4C2,ABFLOW037,Oil,,,0.0
Denmark,2013,1A5,ABFLOW038,Coal,,,0.0
Denmark,2013,1A5,ABFLOW038,Natural gas,,,0.0
Denmark,2013,1A5,ABFLOW038,Oil,,,0.0
Denmark,2014,1A,ABFLOW001,Coal,,,0.0
Denmark,2014,1A,ABFLOW001,Natural gas,,,0.0
Denmark,2014,1A,ABFLOW001,Oil,,,0.0
Denmark,2014,1A1A,ABFLOW002,Coal,,,0.0
Denmark,2014,1A1A,ABFLOW002,Natural gas,,,0.0
Denmark,2014,1A1A,ABFLOW002,Oil,,,0.0
Denmark,2014,1A1A1,ABFLOW003,Coal,7.400448749969583,,7.400448749969583
Denmark,2014,1A1A1,ABFLOW003,Natural gas,7.400448749969583,,7.400448749969583
Denmark,2014,1A1A1,ABFLOW003,Oil,7.400448749969583,,7.400448749969583
Denmark,2014,1A1A2,ABFLOW004,Coal,7.400448749969583,,7.400448749969583
Denmark,2014,1A1A2,ABFLOW004,Natural gas,7.400448749969583,,7.400448749969583
Denmark,2014,1A1A2,ABFLOW004,Oil,7.400448749969583,,7.400448749969583
Denmark,2014,1A1A3,ABFLOW005,Coal,7.400448749969583,27.373834425661254,34.774283175630835
Denmark,2014,1A1A3,ABFLOW005,Natural gas,7.400448749969583,27.373834425661254,34.774283175630835
Denmark,2014,1A1A3,ABFLOW005,Oil,7.400448749969583,27.373834425661254,34.774283175630835
Denmark,2014,1A1B,ABFLOW011,Coal,7.400448749969583,27.373834425661254,34.774283175630835
Denmark,2014,1A1B,ABFLOW011,Natural gas,7.400448749969583,27.373834425661254,34.774283175630835
Denmark,2014,1A1B,ABFLOW011,Oil,7.400448749969583,27.373834425661254,34.774283175630835
Denmark,2014,1A1C,ABFLOW011,Coal,7.400448749969583,27.373834425661254,34.774283175630835
Denmark,2014,1A1C,ABFLOW011,Natural gas,7.400448749969583,27.373834425661254,34.774283175630835
Denmark,2014,1A1C,ABFLOW011,Oil,7.400448749969583,27.373834425661254,34.774283175630835
Denmark,2014,1A2,ABFLOW012,Coal,,,0.0
Denmark,2014,1A2,ABFLOW012,Natural gas,,,0.0
Denmark,2014,1A2,ABFLOW012,Oil,,,0.0
Denmark,2014,1A2A,ABFLOW016,Coal,7.400448749969583,,7.400448749969583
Denmark,2014,1A2A,ABFLOW016,Natural gas,7.400448749969583,,7.400448749969583
Denmark,2014,1A2A,ABFLOW016,Oil,7.400448749969583,,7.400448749969583
Denmark,2014,1A2B,ABFLOW018,Coal,7.400448749969583,,7.400448749969583
Denmark,2014,1A2B,ABFLOW018,Natural gas,7.400448749969583,,7.400448749969583
Denmark,2014,1A2B,ABFLOW018,Oil,7.400448749969583,,7.400448749969583
Denmark,2014,1A2C,ABFLOW017,Coal,7.400448749969583,,7.400448749969583
Denmark,2014,1A2C,ABFLOW017,Natural gas,7.400448749969583,,7.400448749969583
Denmark,2014,1A2C,ABFLOW017,Oil,7.400448749969583,,7.400448749969583
Denmark,2014,1A2D,ABFLOW023,Coal,7.400448749969583,,7.400448749969583
Denmark,2014,1A2D,ABFLOW023,Natural gas,7.400448749969583,,7.400448749969583
Denmark,2014,1A2D,ABFLOW023,Oil,7.400448749969583,,7.400448749969583
Denmark,2014,1A2E,ABFLOW022,Coal,7.400448749969583,,7.400448749969583
Denmark,2014,1A2E,ABFLOW022,Natural gas,7.400448749969583,,7.400448749969583
Denmark,2014,1A2E,ABFLOW022,Oil,7.400448749969583,,7.400448749969583
Denmark,2014,1A2F,ABFLOW019,Coal,7.400448749969583,,7.400448749969583
Denmark,2014,1A2F,ABFLOW019,Natural gas,7.400448749969583,,7.400448749969583
Denmark,2014,1A2F,ABFLOW019,Oil,7.400448749969583,,7.400448749969583
Denmark,2014,1A2G,ABFLOW020,Coal,7.400448749969583,,7.400448749969583
Denmark,2014,1A2G,ABFLOW020,Natural gas,7.400448749969583,,7.400448749969583
Denmark,2014,1A2G,ABFLOW020,Oil,7.400448749969583,,7.400448749969583
Denmark,2014,1A2H,ABFLOW021,Coal,7.400448749969583,,7.400448749969583
Denmark,2014,1A2H,ABFLOW021,Natural gas,7.400448749969583,,7.400448749969583
Denmark,2014,1A2H,ABFLOW021,Oil,7.400448749969583,,7.400448749969583
Denmark,2014,1A2I,ABFLOW013,Coal,7.400448749969583,,7.400448749969583
Denmark,2014,1A2I,ABFLOW013,Natural gas,7.400448749969583,,7.400448749969583
Denmark,2014,1A2I,ABFLOW013,Oil,7.400448749969583,,7.400448749969583
Denmark,2014,1A2J,ABFLOW024,Coal,7.400448749969583,,7.400448749969583
Denmark,2014,1A2J,ABFLOW024,Natural gas,7.400448749969583,,7.400448749969583
Denmark,2014,1A2J,ABFLOW024,Oil,7.400448749969583,,7.400448749969583
Denmark,2014,1A2K,ABFLOW014,Coal,7.400448749969583,,7.400448749969583
Denmark,2014,1A2K,ABFLOW014,Natural gas,7.400448749969583,,7.400448749969583
Denmark,2014,1A2K,ABFLOW014,Oil,7.400448749969583,,7.400448749969583
Denmark,2014,1A2L,ABFLOW025,Coal,7.400448749969583,,7.400448749969583
Denmark,2014,1A2L,ABFLOW025,Natural gas,7.400448749969583,,7.400448749969583
Denmark,2014,1A2L,ABFLOW025,Oil,7.400448749969583,,7.400448749969583
Denmark,2014,1A2M,ABFLOW026,Coal,7.400448749969583,,7.400448749969583
Denmark,2014,1A2M,ABFLOW026,Natural gas,7.400448749969583,,7.400448749969583
Denmark,2014,1A2M,ABFLOW026,Oil,7.400448749969583,,7.400448749969583
Denmark,2014,1A3,ABFLOW027,Coal,,,0.0
Denmark,2014,1A3,ABFLOW027,Natural gas,,,0.0
Denmark,2014,1A3,ABFLOW027,Oil,,,0.0
Denmark,2014,1A3A1,ABFLOW040,Coal,3.7742288624844873,,3.7742288624844873
Denmark,2014,1A3A1,ABFLOW040,Natural gas,3.7742288624844873,,3.7742288624844873
Denmark,2014,1A3A1,ABFLOW040,Oil,3.7742288624844873,,3.7742288624844873
Denmark,2014,1A3A2,ABFLOW029,Coal,7.400448749969583,,7.400448749969583
Denmark,2014,1A3A2,ABFLOW029,Natural gas,7.400448749969583,,7.400448749969583
Denmark,2014,1A3A2,ABFLOW029,Oil,7.400448749969583,,7.400448749969583
Denmark,2014,1A3B,ABFLOW028,Coal,,27.373834425661254,27.373834425661254
Denmark,2014,1A3B,ABFLOW028,Natural gas,,27.373834425661254,27.373834425661254
Denmark,2014,1A3B,ABFLOW028,Oil,,27.373834425661254,27.373834425661254
Denmark,2014,1A3C,ABFLOW030,Coal,,,0.0
Denmark,2014,1A3C,ABFLOW030,Natural gas,,,0.0
Denmark,2014,1A3C,ABFLOW030,Oil,,,0.0
Denmark,2014,1A3D1,ABFLOW039,Coal,,,0.0
Denmark,2014,1A3D1,ABFLOW039,Natural gas,,,0.0
Denmark,2014,1A3D1,ABFLOW039,Oil,,,0.0
Denmark,2014,1A3D2,ABFLOW032,Coal,,,0.0
Denmark,2014,1A3D2,ABFLOW032,Natural gas,,,0.0
Denmark,2014,1A3D2,ABFLOW032,Oil,,,0.0
Denmark,2014,1A3E1,ABFLOW033,Coal,,,0.0
Denmark,2014,1A3E1,ABFLOW033,Natural gas,,,0.0
Denmark,2014,1A3E1,ABFLOW033,Oil,,,0.0
Denmark,2014,1A4A,ABFLOW035,Coal,,27.373834425661254,27.373834425661254
Denmark,2014,1A4A,ABFLOW035,Natural gas,,27.373834425661254,27.373834425661254
Denmark,2014,1A4A,ABFLOW035,Oil,,27.373834425661254,27.373834425661254
Denmark,2014,1A4B,ABFLOW034,Coal,,27.373834425661254,27.373834425661254
Denmark,2014,1A4B,ABFLOW034,Natural gas,,27.373834425661254,27.373834425661254
Denmark,2014,1A4B,ABFLOW034,Oil,,27.373834425661254,27.373834425661254
Denmark,2014,1A4C1,ABFLOW036,Coal,,27.373834425661254,27.373834425661254
Denmark,2014,1A4C1,ABFLOW036,Natural gas,,27.373834425661254,27.373834425661254
Denmark,2014,1A4C1,ABFLOW036,Oil,,27.373834425661254,27.373834425661254
Denmark,2014,1A4C2,ABFLOW037,Coal,,,0.0
Denmark,2014,1A4C2,ABFLOW037,Natural gas,,,0.0
Denmark,2014,1A4C2,ABFLOW037,Oil,,,0.0
Denmark,2014,1A5,ABFLOW038,Coal,,,0.0
Denmark,2014,1A5,ABFLOW038,Natural gas,,,0.0
Denmark,2014,1A5,ABFLOW038,Oil,,,0.0
Denmark,2015,1A,ABFLOW001,Coal,,,0.0
Denmark,2015,1A,ABFLOW001,Natural gas,,,0.0
Denmark,2015,1A,ABFLOW001,Oil,,,0.0
Denmark,2015,1A1A,ABFLOW002,Coal,,,0.0
Denmark,2015,1A1A,ABFLOW002,Natural gas,,,0.0
Denmark,2015,1A1A,ABFLOW002,Oil,,,0.0
Denmark,2015,1A1A1,ABFLOW003,Coal,9.513256856516266,,9.513256856516266
Denmark,2015,1A1A1,ABFLOW003,Natural gas,9.513256856516266,,9.513256856516266
Denmark,2015,1A1A1,ABFLOW003,Oil,9.513256856516266,,9.513256856516266
Denmark,2015,1A1A2,ABFLOW004,Coal,9.513256856516266,,9.513256856516266
Denmark,2015,1A1A2,ABFLOW004,Natural gas,9.513256856516266,,9.513256856516266
Denmark,2015,1A1A2,ABFLOW004,Oil,9.513256856516266,,9.513256856516266
Denmark,2015,1A1A3,ABFLOW005,Coal,9.513256856516266,27.76867348139659,37.281930337912854
Denmark,2015,1A1A3,ABFLOW005,Natural gas,9.513256856516266,27.76867348139659,37.281930337912854
Denmark,2015,1A1A3,ABFLOW005,Oil,9.513256856516266,27.76867348139659,37.281930337912854
Denmark,2015,1A1B,ABFLOW011,Coal,9.513256856516266,27.76867348139659,37.281930337912854
Denmark,2015,1A1B,ABFLOW011,Natural gas,9.513256856516266,27.76867348139659,37.281930337912854
Denmark,2015,1A1B,ABFLOW011,Oil,9.513256856516266,27.76867348139659,37.281930337912854
Denmark,2015,1A1C,ABFLOW011,Coal,9.513256856516266,27.76867348139659,37.281930337912854
Denmark,2015,1A1C,ABFLOW011,Natural gas,9.513256856516266,27.76867348139659,37.281930337912854
Denmark,2015,1A1C,ABFLOW011,Oil,9.513256856516266,27.76867348139659,37.281930337912854
Denmark,2015,1A2,ABFLOW012,Coal,,,0.0
Denmark,2015,1A2,ABFLOW012,Natural gas,,,0.0
Denmark,2015,1A2,ABFLOW012,Oil,,,0.0
Denmark,2015,1A2A,ABFLOW016,Coal,9.513256856516266,,9.513256856516266
Denmark,2015,1A2A,ABFLOW016,Natural gas,9.513256856516266,,9.513256856516266
Denmark,2015,1A2A,ABFLOW016,Oil,9.513256856516266,,9.513256856516266
Denmark,2015,1A2B,ABFLOW018,Coal,9.513256856516266,,9.513256856516266
Denmark,2015,1A2B,ABFLOW018,Natural gas,9.513256856516266,,9.513256856516266
Denmark,2015,1A2B,ABFLOW018,Oil,9.513256856516266,,9.513256856516266
Denmark,2015,1A2C,ABFLOW017,Coal,9.513256856516266,,9.513256856516266
Denmark,2015,1A2C,ABFLOW017,Natural gas,9.513256856516266,,9.513256856516266
Denmark,2015,1A2C,ABFLOW017,Oil,9.513256856516266,,9.513256856516266
Denmark,2015,1A2D,ABFLOW023,Coal,9.513256856516266,,9.513256856516266
Denmark,2015,1A2D,ABFLOW023,Natural gas,9.513256856516266,,9.513256856516266
Denmark,2015,1A2D,ABFLOW023,Oil,9.513256856516266,,9.513256856516266
Denmark,2015,1A2E,ABFLOW022,Coal,9.513256856516266,,9.513256856516266
Denmark,2015,1A2E,ABFLOW022,Natural gas,9.513256856516266,,9.513256856516266
Denmark,2015,1A2E,ABFLOW022,Oil,9.513256856516266,,9.513256856516266
Denmark,2015,1A2F,ABFLOW019,Coal,9.513256856516266,,9.513256856516266
Denmark,2015,1A2F,ABFLOW019,Natural gas,9.513256856516266,,9.513256856516266
Denmark,2015,1A2F,ABFLOW019,Oil,9.513256856516266,,9.513256856516266
Denmark,2015,1A2G,ABFLOW020,Coal,9.513256856516266,,9.513256856516266
Denmark,2015,1A2G,ABFLOW020,Natural gas,9.513256856516266,,9.513256856516266
Denmark,2015,1A2G,ABFLOW020,Oil,9.513256856516266,,9.513256856516266
Denmark,2015,1A2H,ABFLOW021,Coal,9.513256856516266,,9.513256856516266
Denmark,2015,1A2H,ABFLOW021,Natural gas,9.513256856516266,,9.513256856516266
Denmark,2015,1A2H,ABFLOW021,Oil,9.513256856516266,,9.513256856516266
Denmark,2015,1A2I,ABFLOW013,Coal,9.513256856516266,,9.513256856516266
Denmark,2015,1A2I,ABFLOW013,Natural gas,9.513256856516266,,9.513256856516266
Denmark,2015,1A2I,ABFLOW013,Oil,9.513256856516266,,9.513256856516266
Denmark,2015,1A2J,ABFLOW024,Coal,9.513256856516266,,9.513256856516266
Denmark,2015,1A2J,ABFLOW024,Natural gas,9.513256856516266,,9.513256856516266
Denmark,2015,1A2J,ABFLOW024,Oil,9.513256856516266,,9.513256856516266
Denmark,2015,1A2K,ABFLOW014,Coal,9.513256856516266,,9.513256856516266
Denmark,2015,1A2K,ABFLOW014,Natural gas,9.513256856516266,,9.513256856516266
Denmark,2015,1A2K,ABFLOW014,Oil,9.513256856516266,,9.513256856516266
Denmark,2015,1A2L,ABFLOW025,Coal,9.513256856516266,,9.513256856516266
Denmark,2015,1A2L,ABFLOW025,Natural gas,9.513256856516266,,9.513256856516266
Denmark,2015,1A2L,ABFLOW025,Oil,9.513256856516266,,9.513256856516266
Denmark,2015,1A2M,ABFLOW026,Coal,9.513256856516266,,9.513256856516266
Denmark,2015,1A2M,ABFLOW026,Natural gas,9.513256856516266,,9.513256856516266
Denmark,2015,1A2M,ABFLOW026,Oil,9.513256856516266,,9.513256856516266
Denmark,2015,1A3,ABFLOW027,Coal,,,0.0
Denmark,2015,1A3,ABFLOW027,Natural gas,,,0.0
Denmark,2015,1A3,ABFLOW027,Oil,,,0.0
Denmark,2015,1A3A1,ABFLOW040,Coal,4.8517609968232955,,4.8517609968232955
Denmark,2015,1A3A1,ABFLOW040,Natural gas,4.8517609968232955,,4.8517609968232955
Denmark,2015,1A3A1,ABFLOW040,Oil,4.8517609968232955,,4.8517609968232955
Denmark,2015,1A3A2,ABFLOW029,Coal,9.513256856516266,,9.513256856516266
Denmark,2015,1A3A2,ABFLOW029,Natural gas,9.513256856516266,,9.513256856516266
Denmark,2015,1A3A2,ABFLOW029,Oil,9.513256856516266,,9.513256856516266
Denmark,2015,1A3B,ABFLOW028,Coal,,27.76867348139659,27.76867348139659
Denmark,2015,1A3B,ABFLOW028,Natural gas,,27.76867348139659,27.76867348139659
Denmark,2015,1A3B,ABFLOW028,Oil,,27.76867348139659,27.76867348139659
Denmark,2015,1A3C,ABFLOW030,Coal,,,0.0
Denmark,2015,1A3C,ABFLOW030,Natural gas,,,0.0
Denmark,2015,1A3C,ABFLOW030,Oil,,,0.0
Denmark,2015,1A3D1,ABFLOW039,Coal,,,0.0
Denmark,2015,1A3D1,ABFLOW039,Natural gas,,,0.0
Denmark,2015,1A3D1,ABFLOW039,Oil,,,0.0
Denmark,2015,1A3D2,ABFLOW032,Coal,,,0.0
Denmark,2015,1A3D2,ABFLOW032,Natural gas,,,0.0
Denmark,2015,1A3D2,ABFLOW032,Oil,,,0.0
Denmark,2015,1A3E1,ABFLOW033,Coal,,,0.0
Denmark,2015,1A3E1,ABFLOW033,Natural gas,,,0.0
Denmark,2015,1A3E1,ABFLOW033,Oil,,,0.0
Denmark,2015,1A4A,ABFLOW035,Coal,,27.76867348139659,27.76867348139659
Denmark,2015,1A4A,ABFLOW035,Natural gas,,27.76867348139659,27.76867348139659
Denmark,2015,1A4A,ABFLOW035,Oil,,27.76867348139659,27.76867348139659
Denmark,2015,1A4B,ABFLOW034,Coal,,27.76867348139659,27.76867348139659
Denmark,2015,1A4B,ABFLOW034,Natural gas,,27.76867348139659,27.76867348139659
Denmark,2015,1A4B,ABFLOW034,Oil,,27.76867348139659,27.76867348139659
Denmark,2015,1A4C1,ABFLOW036,Coal,,27.76867348139659,27.76867348139659
Denmark,2015,1A4C1,ABFLOW036,Natural gas,,27.76867348139659,27.76867348139659
Denmark,2015,1A4C1,ABFLOW036,Oil,,27.76867348139659,27.76867348139659
Denmark,2015,1A4C2,ABFLOW037,Coal,,,0.0
Denmark,2015,1A4C2,ABFLOW037,Natural gas,,,0.0
Denmark,2015,1A4C2,ABFLOW037,Oil,,,0.0
Denmark,2015,1A5,ABFLOW038,Coal,,,0.0
Denmark,2015,1A5,ABFLOW038,Natural gas,,,0.0
Denmark,2015,1A5,ABFLOW038,Oil,,,0.0
Denmark,2016,1A,ABFLOW001,Coal,,,0.0
Denmark,2016,1A,ABFLOW001,Natural gas,,,0.0
Denmark,2016,1A,ABFLOW001,Oil,,,0.0
Denmark,2016,1A1A,ABFLOW002,Coal,,,0.0
Denmark,2016,1A1A,ABFLOW002,Natural gas,,,0.0
Denmark,2016,1A1A,ABFLOW002,Oil,,,0.0
Denmark,2016,1A1A1,ABFLOW003,Coal,6.598928174719213,,6.598928174719213
Denmark,2016,1A1A1,ABFLOW003,Natural gas,6.598928174719213,,6.598928174719213
Denmark,2016,1A1A1,ABFLOW003,Oil,6.598928174719213,,6.598928174719213
Denmark,2016,1A1A2,ABFLOW004,Coal,6.598928174719213,,6.598928174719213
Denmark,2016,1A1A2,ABFLOW004,Natural gas,6.598928174719213,,6.598928174719213
Denmark,2016,1A1A2,ABFLOW004,Oil,6.598928174719213,,6.598928174719213
Denmark,2016,1A1A3,ABFLOW005,Coal,6.598928174719213,27.878451455118032,34.477379629837245
Denmark,2016,1A1A3,ABFLOW005,Natural gas,6.598928174719213,27.878451455118032,34.477379629837245
Denmark,2016,1A1A3,ABFLOW005,Oil,6.598928174719213,27.878451455118032,34.477379629837245
Denmark,2016,1A1B,ABFLOW011,Coal,6.598928174719213,27.878451455118032,34.477379629837245
Denmark,2016,1A1B,ABFLOW011,Natural gas,6.598928174719213,27.878451455118032,34.477379629837245
Denmark,2016,1A1B,ABFLOW011,Oil,6.598928174719213,27.878451455118032,34.477379629837245
Denmark,2016,1A1C,ABFLOW011,Coal,6.598928174719213,27.878451455118032,34.477379629837245
Denmark,2016,1A1C,ABFLOW011,Natural gas,6.598928174719213,27.878451455118032,34.477379629837245
Denmark,2016,1A1C,ABFLOW011,Oil,6.598928174719213,27.878451455118032,34.477379629837245
Denmark,2016,1A2,ABFLOW012,Coal,,,0.0
Denmark,2016,1A2,ABFLOW012,Natural gas,,,0.0
Denmark,2016,1A2,ABFLOW012,Oil,,,0.0
Denmark,2016,1A2A,ABFLOW016,Coal,6.598928174719213,,6.598928174719213
Denmark,2016,1A2A,ABFLOW016,Natural gas,6.598928174719213,,6.598928174719213
Denmark,2016,1A2A,ABFLOW016,Oil,6.598928174719213,,6.598928174719213
Denmark,2016,1A2B,ABFLOW018,Coal,6.598928174719213,,6.598928174719213
Denmark,2016,1A2B,ABFLOW018,Natural gas,6.598928174719213,,6.598928174719213
Denmark,2016,1A2B,ABFLOW018,Oil,6.598928174719213,,6.598928174719213
Denmark,2016,1A2C,ABFLOW017,Coal,6.598928174719213,,6.598928174719213
Denmark,2016,1A2C,ABFLOW017,Natural gas,6.598928174719213,,6.598928174719213
Denmark,2016,1A2C,ABFLOW017,Oil,6.598928174719213,,6.598928174719213
Denmark,2016,1A2D,ABFLOW023,Coal,6.598928174719213,,6.598928174719213
Denmark,2016,1A2D,ABFLOW023,Natural gas,6.598928174719213,,6.598928174719213
Denmark,2016,1A2D,ABFLOW023,Oil,6.598928174719213,,6.598928174719213
Denmark,2016,1A2E,ABFLOW022,Coal,6.598928174719213,,6.598928174719213
Denmark,2016,1A2E,ABFLOW022,Natural gas,6.598928174719213,,6.598928174719213
Denmark,2016,1A2E,ABFLOW022,Oil,6.598928174719213,,6.598928174719213
Denmark,2016,1A2F,ABFLOW019,Coal,6.598928174719213,,6.598928174719213
Denmark,2016,1A2F,ABFLOW019,Natural gas,6.598928174719213,,6.598928174719213
Denmark,2016,1A2F,ABFLOW019,Oil,6.598928174719213,,6.598928174719213
Denmark,2016,1A2G,ABFLOW020,Coal,6.598928174719213,,6.598928174719213
Denmark,2016,1A2G,ABFLOW020,Natural gas,6.598928174719213,,6.598928174719213
Denmark,2016,1A2G,ABFLOW020,Oil,6.598928174719213,,6.598928174719213
Denmark,2016,1A2H,ABFLOW021,Coal,6.598928174719213,,6.598928174719213
Denmark,2016,1A2H,ABFLOW021,Natural gas,6.598928174719213,,6.598928174719213
Denmark,2016,1A2H,ABFLOW021,Oil,6.598928174719213,,6.598928174719213
Denmark,2016,1A2I,ABFLOW013,Coal,6.598928174719213,,6.598928174719213
Denmark,2016,1A2I,ABFLOW013,Natural gas,6.598928174719213,,6.598928174719213
Denmark,2016,1A2I,ABFLOW013,Oil,6.598928174719213,,6.598928174719213
Denmark,2016,1A2J,ABFLOW024,Coal,6.598928174719213,,6.598928174719213
Denmark,2016,1A2J,ABFLOW024,Natural gas,6.598928174719213,,6.598928174719213
Denmark,2016,1A2J,ABFLOW024,Oil,6.598928174719213,,6.598928174719213
Denmark,2016,1A2K,ABFLOW014,Coal,6.598928174719213,,6.598928174719213
Denmark,2016,1A2K,ABFLOW014,Natural gas,6.598928174719213,,6.598928174719213
Denmark,2016,1A2K,ABFLOW014,Oil,6.598928174719213,,6.598928174719213
Denmark,2016,1A2L,ABFLOW025,Coal,6.598928174719213,,6.598928174719213
Denmark,2016,1A2L,ABFLOW025,Natural gas,6.598928174719213,,6.598928174719213
Denmark,2016,1A2L,ABFLOW025,Oil,6.598928174719213,,6.598928174719213
Denmark,2016,1A2M,ABFLOW026,Coal,6.598928174719213,,6.598928174719213
Denmark,2016,1A2M,ABFLOW026,Natural gas,6.598928174719213,,6.598928174719213
Denmark,2016,1A2M,ABFLOW026,Oil,6.598928174719213,,6.598928174719213
Denmark,2016,1A3,ABFLOW027,Coal,,,0.0
Denmark,2016,1A3,ABFLOW027,Natural gas,,,0.0
Denmark,2016,1A3,ABFLOW027,Oil,,,0.0
Denmark,2016,1A3A1,ABFLOW040,Coal,3.365453369106799,,3.365453369106799
Denmark,2016,1A3A1,ABFLOW040,Natural gas,3.365453369106799,,3.365453369106799
Denmark,2016,1A3A1,ABFLOW040,Oil,3.365453369106799,,3.365453369106799
Denmark,2016,1A3A2,ABFLOW029,Coal,6.598928174719213,,6.598928174719213
Denmark,2016,1A3A2,ABFLOW029,Natural gas,6.598928174719213,,6.598928174719213
Denmark,2016,1A3A2,ABFLOW029,Oil,6.598928174719213,,6.598928174719213
Denmark,2016,1A3B,ABFLOW028,Coal,,27.878451455118032,27.878451455118032
Denmark,2016,1A3B,ABFLOW028,Natural gas,,27.878451455118032,27.878451455118032
Denmark,2016,1A3B,ABFLOW028,Oil,,27.878451455118032,27.878451455118032
Denmark,2016,1A3C,ABFLOW030,Coal,,,0.0
Denmark,2016,1A3C,ABFLOW030,Natural gas,,,0.0
Denmark,2016,1A3C,ABFLOW030,Oil,,,0.0
Denmark,2016,1A3D1,ABFLOW039,Coal,,,0.0
Denmark,2016,1A3D1,ABFLOW039,Natural gas,,,0.0
Denmark,2016,1A3D1,ABFLOW039,Oil,,,0.0
Denmark,2016,1A3D2,ABFLOW032,Coal,,,0.0
Denmark,2016,1A3D2,ABFLOW032,Natural gas,,,0.0
Denmark,2016,1A3D2,ABFLOW032,Oil,,,0.0
Denmark,2016,1A3E1,ABFLOW033,Coal,,,0.0
Denmark,2016,1A3E1,ABFLOW033,Natural gas,,,0.0
Denmark,2016,1A3E1,ABFLOW033,Oil,,,0.0
Denmark,2016,1A4A,ABFLOW035,Coal,,27.878451455118032,27.878451455118032
Denmark,2016,1A4A,ABFLOW035,Natural gas,,27.878451455118032,27.878451455118032
Denmark,2016,1A4A,ABFLOW035,Oil,,27.878451455118032,27.878451455118032
Denmark,2016,1A4B,ABFLOW034,Coal,,27.878451455118032,27.878451455118032
Denmark,2016,1A4B,ABFLOW034,Natural gas,,27.878451455118032,27.878451455118032
Denmark,2016,1A4B,ABFLOW034,Oil,,27.878451455118032,27.878451455118032
Denmark,2016,1A4C1,ABFLOW036,Coal,,27.878451455118032,27.878451455118032
Denmark,2016,1A4C1,ABFLOW036,Natural gas,,27.878451455118032,27.878451455118032
Denmark,2016,1A4C1,ABFLOW036,Oil,,27.878451455118032,27.878451455118032
Denmark,2016,1A4C2,ABFLOW037,Coal,,,0.0
Denmark,2016,1A4C2,ABFLOW037,Natural gas,,,0.0
Denmark,2016,1A4C2,ABFLOW037,Oil,,,0.0
Denmark,2016,1A5,ABFLOW038,Coal,,,0.0
Denmark,2016,1A5,ABFLOW038,Natural gas,,,0.0
Denmark,2016,1A5,ABFLOW038,Oil,,,0.0
Denmark,2017,1A,ABFLOW001,Coal,,,0.0
Denmark,2017,1A,ABFLOW001,Natural gas,,,0.0
Denmark,2017,1A,ABFLOW001,Oil,,,0.0
Denmark,2017,1A1A,ABFLOW002,Coal,,,0.0
Denmark,2017,1A1A,ABFLOW002,Natural gas,,,0.0
Denmark,2017,1A1A,ABFLOW002,Oil,,,0.0
Denmark,2017,1A1A1,ABFLOW003,Coal,7.112697859661583,,7.112697859661583
Denmark,2017,1A1A1,ABFLOW003,Natural gas,7.112697859661583,,7.112697859661583
Denmark,2017,1A1A1,ABFLOW003,Oil,7.112697859661583,,7.112697859661583
Denmark,2017,1A1A2,ABFLOW004,Coal,7.112697859661583,,7.112697859661583
Denmark,2017,1A1A2,ABFLOW004,Natural gas,7.112697859661583,,7.112697859661583
Denmark,2017,1A1A2,ABFLOW004,Oil,7.112697859661583,,7.112697859661583
Denmark,2017,1A1A3,ABFLOW005,Coal,7.112697859661583,27.735837049654428,34.84853490931601
Denmark,2017,1A1A3,ABFLOW005,Natural gas,7.112697859661583,27.735837049654428,34.84853490931601
Denmark,2017,1A1A3,ABFLOW005,Oil,7.112697859661583,27.735837049654428,34.84853490931601
Denmark,2017,1A1B,ABFLOW011,Coal,7.112697859661583,27.735837049654428,34.84853490931601
Denmark,2017,1A1B,ABFLOW011,Natural gas,7.112697859661583,27.735837049654428,34.84853490931601
Denmark,2017,1A1B,ABFLOW011,Oil,7.112697859661583,27.735837049654428,34.84853490931601
Denmark,2017,1A1C,ABFLOW011,Coal,7.112697859661583,27.735837049654428,34.84853490931601
Denmark,2017,1A1C,ABFLOW011,Natural gas,7.112697859661583,27.735837049654428,34.84853490931601
Denmark,2017,1A1C,ABFLOW011,Oil,7.112697859661583,27.735837049654428,34.84853490931601
Denmark,2017,1A2,ABFLOW012,Coal,,,0.0
Denmark,2017,1A2,ABFLOW012,Natural gas,,,0.0
Denmark,2017,1A2,ABFLOW012,Oil,,,0.0
Denmark,2017,1A2A,ABFLOW016,Coal,7.112697859661583,,7.112697859661583
Denmark,2017,1A2A,ABFLOW016,Natural gas,7.112697859661583,,7.112697859661583
Denmark,2017,1A2A,ABFLOW016,Oil,7.112697859661583,,7.112697859661583
Denmark,2017,1A2B,ABFLOW018,Coal,7.112697859661583,,7.112697859661583
Denmark,2017,1A2B,ABFLOW018,Natural gas,7.112697859661583,,7.112697859661583
Denmark,2017,1A2B,ABFLOW018,Oil,7.112697859661583,,7.112697859661583
Denmark,2017,1A2C,ABFLOW017,Coal,7.112697859661583,,7.112697859661583
Denmark,2017,1A2C,ABFLOW017,Natural gas,7.112697859661583,,7.112697859661583
Denmark,2017,1A2C,ABFLOW017,Oil,7.112697859661583,,7.112697859661583
Denmark,2017,1A2D,ABFLOW023,Coal,7.112697859661583,,7.112697859661583
Denmark,2017,1A2D,ABFLOW023,Natural gas,7.112697859661583,,7.112697859661583
Denmark,2017,1A2D,ABFLOW023,Oil,7.112697859661583,,7.112697859661583
Denmark,2017,1A2E,ABFLOW022,Coal,7.112697859661583,,7.112697859661583
Denmark,2017,1A2E,ABFLOW022,Natural gas,7.112697859661583,,7.112697859661583
Denmark,2017,1A2E,ABFLOW022,Oil,7.112697859661583,,7.112697859661583
Denmark,2017,1A2F,ABFLOW019,Coal,7.112697859661583,,7.112697859661583
Denmark,2017,1A2F,ABFLOW019,Natural gas,7.112697859661583,,7.112697859661583
Denmark,2017,1A2F,ABFLOW019,Oil,7.112697859661583,,7.112697859661583
Denmark,2017,1A2G,ABFLOW020,Coal,7.112697859661583,,7.112697859661583
Denmark,2017,1A2G,ABFLOW020,Natural gas,7.112697859661583,,7.112697859661583
Denmark,2017,1A2G,ABFLOW020,Oil,7.112697859661583,,7.112697859661583
Denmark,2017,1A2H,ABFLOW021,Coal,7.112697859661583,,7.112697859661583
Denmark,2017,1A2H,ABFLOW021,Natural gas,7.112697859661583,,7.112697859661583
Denmark,2017,1A2H,ABFLOW021,Oil,7.112697859661583,,7.112697859661583
Denmark,2017,1A2I,ABFLOW013,Coal,7.112697859661583,,7.112697859661583
Denmark,2017,1A2I,ABFLOW013,Natural gas,7.112697859661583,,7.112697859661583
Denmark,2017,1A2I,ABFLOW013,Oil,7.112697859661583,,7.112697859661583
Denmark,2017,1A2J,ABFLOW024,Coal,7.112697859661583,,7.112697859661583
Denmark,2017,1A2J,ABFLOW024,Natural gas,7.112697859661583,,7.112697859661583
Denmark,2017,1A2J,ABFLOW024,Oil,7.112697859661583,,7.112697859661583
Denmark,2017,1A2K,ABFLOW014,Coal,7.112697859661583,,7.112697859661583
Denmark,2017,1A2K,ABFLOW014,Natural gas,7.112697859661583,,7.112697859661583
Denmark,2017,1A2K,ABFLOW014,Oil,7.112697859661583,,7.112697859661583
Denmark,2017,1A2L,ABFLOW025,Coal,7.112697859661583,,7.112697859661583
Denmark,2017,1A2L,ABFLOW025,Natural gas,7.112697859661583,,7.112697859661583
Denmark,2017,1A2L,ABFLOW025,Oil,7.112697859661583,,7.112697859661583
Denmark,2017,1A2M,ABFLOW026,Coal,7.112697859661583,,7.112697859661583
Denmark,2017,1A2M,ABFLOW026,Natural gas,7.112697859661583,,7.112697859661583
Denmark,2017,1A2M,ABFLOW026,Oil,7.112697859661583,,7.112697859661583
Denmark,2017,1A3,ABFLOW027,Coal,,,0.0
Denmark,2017,1A3,ABFLOW027,Natural gas,,,0.0
Denmark,2017,1A3,ABFLOW027,Oil,,,0.0
Denmark,2017,1A3A1,ABFLOW040,Coal,3.627475908427407,,3.627475908427407
Denmark,2017,1A3A1,ABFLOW040,Natural gas,3.627475908427407,,3.627475908427407
Denmark,2017,1A3A1,ABFLOW040,Oil,3.627475908427407,,3.627475908427407
Denmark,2017,1A3A2,ABFLOW029,Coal,7.112697859661583,,7.112697859661583
Denmark,2017,1A3A2,ABFLOW029,Natural gas,7.112697859661583,,7.112697859661583
Denmark,2017,1A3A2,ABFLOW029,Oil,7.112697859661583,,7.112697859661583
Denmark,2017,1A3B,ABFLOW028,Coal,,27.735837049654428,27.735837049654428
Denmark,2017,1A3B,ABFLOW028,Natural gas,,27.735837049654428,27.735837049654428
Denmark,2017,1A3B,ABFLOW028,Oil,,27.735837049654428,27.735837049654428
Denmark,2017,1A3C,ABFLOW030,Coal,,,0.0
Denmark,2017,1A3C,ABFLOW030,Natural gas,,,0.0
Denmark,2017,1A3C,ABFLOW030,Oil,,,0.0
Denmark,2017,1A3D1,ABFLOW039,Coal,,,0.0
Denmark,2017,1A3D1,ABFLOW039,Natural gas,,,0.0
Denmark,2017,1A3D1,ABFLOW039,Oil,,,0.0
Denmark,2017,1A3D2,ABFLOW032,Coal,,,0.0
Denmark,2017,1A3D2,ABFLOW032,Natural gas,,,0.0
Denmark,2017,1A3D2,ABFLOW032,Oil,,,0.0
Denmark,2017,1A3E1,ABFLOW033,Coal,,,0.0
Denmark,2017,1A3E1,ABFLOW033,Natural gas,,,0.0
Denmark,2017,1A3E1,ABFLOW033,Oil,,,0.0
Denmark,2017,1A4A,ABFLOW035,Coal,,27.735837049654428,27.735837049654428
Denmark,2017,1A4A,ABFLOW035,Natural gas,,27.735837049654428,27.735837049654428
Denmark,2017,1A4A,ABFLOW035,Oil,,27.735837049654428,27.735837049654428
Denmark,2017,1A4B,ABFLOW034,Coal,,27.735837049654428,27.735837049654428
Denmark,2017,1A4B,ABFLOW034,Natural gas,,27.735837049654428,27.735837049654428
Denmark,2017,1A4B,ABFLOW034,Oil,,27.735837049654428,27.735837049654428
Denmark,2017,1A4C1,ABFLOW036,Coal,,27.735837049654428,27.735837049654428
Denmark,2017,1A4C1,ABFLOW036,Natural gas,,27.735837049654428,27.735837049654428
Denmark,2017,1A4C1,ABFLOW036,Oil,,27.735837049654428,27.735837049654428
Denmark,2017,1A4C2,ABFLOW037,Coal,,,0.0
Denmark,2017,1A4C2,ABFLOW037,Natural gas,,,0.0
Denmark,2017,1A4C2,ABFLOW037,Oil,,,0.0
Denmark,2017,1A5,ABFLOW038,Coal,,,0.0
Denmark,2017,1A5,ABFLOW038,Natural gas,,,0.0
Denmark,2017,1A5,ABFLOW038,Oil,,,0.0
Denmark,2018,1A,ABFLOW001,Coal,,,0.0
Denmark,2018,1A,ABFLOW001,Natural gas,,,0.0
Denmark,2018,1A,ABFLOW001,Oil,,,0.0
Denmark,2018,1A1A,ABFLOW002,Coal,,,0.0
Denmark,2018,1A1A,ABFLOW002,Natural gas,,,0.0
Denmark,2018,1A1A,ABFLOW002,Oil,,,0.0
Denmark,2018,1A1A1,ABFLOW003,Coal,19.18688308386468,,19.18688308386468
Denmark,2018,1A1A1,ABFLOW003,Natural gas,19.18688308386468,,19.18688308386468
Denmark,2018,1A1A1,ABFLOW003,Oil,19.18688308386468,,19.18688308386468
Denmark,2018,1A1A2,ABFLOW004,Coal,19.18688308386468,,19.18688308386468
Denmark,2018,1A1A2,ABFLOW004,Natural gas,19.18688308386468,,19.18688308386468
Denmark,2018,1A1A2,ABFLOW004,Oil,19.18688308386468,,19.18688308386468
Denmark,2018,1A1A3,ABFLOW005,Coal,19.18688308386468,27.700272880905835,46.887155964770514
Denmark,2018,1A1A3,ABFLOW005,Natural gas,19.18688308386468,27.700272880905835,46.887155964770514
Denmark,2018,1A1A3,ABFLOW005,Oil,19.18688308386468,27.700272880905835,46.887155964770514
Denmark,2018,1A1B,ABFLOW011,Coal,19.18688308386468,27.700272880905835,46.887155964770514
Denmark,2018,1A1B,ABFLOW011,Natural gas,19.18688308386468,27.700272880905835,46.887155964770514
Denmark,2018,1A1B,ABFLOW011,Oil,19.18688308386468,27.700272880905835,46.887155964770514
Denmark,2018,1A1C,ABFLOW011,Coal,19.18688308386468,27.700272880905835,46.887155964770514
Denmark,2018,1A1C,ABFLOW011,Natural gas,19.18688308386468,27.700272880905835,46.887155964770514
Denmark,2018,1A1C,ABFLOW011,Oil,19.18688308386468,27.700272880905835,46.887155964770514
Denmark,2018,1A2,ABFLOW012,Coal,,,0.0
Denmark,2018,1A2,ABFLOW012,Natural gas,,,0.0
Denmark,2018,1A2,ABFLOW012,Oil,,,0.0
Denmark,2018,1A2A,ABFLOW016,Coal,19.18688308386468,,19.18688308386468
Denmark,2018,1A2A,ABFLOW016,Natural gas,19.18688308386468,,19.18688308386468
Denmark,2018,1A2A,ABFLOW016,Oil,19.18688308386468,,19.18688308386468
Denmark,2018,1A2B,ABFLOW018,Coal,19.18688308386468,,19.18688308386468
Denmark,2018,1A2B,ABFLOW018,Natural gas,19.18688308386468,,19.18688308386468
Denmark,2018,1A2B,ABFLOW018,Oil,19.18688308386468,,19.18688308386468
Denmark,2018,1A2C,ABFLOW017,Coal,19.18688308386468,,19.18688308386468
Denmark,2018,1A2C,ABFLOW017,Natural gas,19.18688308386468,,19.18688308386468
Denmark,2018,1A2C,ABFLOW017,Oil,19.18688308386468,,19.18688308386468
Denmark,2018,1A2D,ABFLOW023,Coal,19.18688308386468,,19.18688308386468
Denmark,2018,1A2D,ABFLOW023,Natural gas,19.18688308386468,,19.18688308386468
Denmark,2018,1A2D,ABFLOW023,Oil,19.18688308386468,,19.18688308386468
Denmark,2018,1A2E,ABFLOW022,Coal,19.18688308386468,,19.18688308386468
Denmark,2018,1A2E,ABFLOW022,Natural gas,19.18688308386468,,19.18688308386468
Denmark,2018,1A2E,ABFLOW022,Oil,19.18688308386468,,19.18688308386468
Denmark,2018,1A2F,ABFLOW019,Coal,19.18688308386468,,19.18688308386468
Denmark,2018,1A2F,ABFLOW019,Natural gas,19.18688308386468,,19.18688308386468
Denmark,2018,1A2F,ABFLOW019,Oil,19.18688308386468,,19.18688308386468
Denmark,2018,1A2G,ABFLOW020,Coal,19.18688308386468,,19.18688308386468
Denmark,2018,1A2G,ABFLOW020,Natural gas,19.18688308386468,,19.18688308386468
Denmark,2018,1A2G,ABFLOW020,Oil,19.18688308386468,,19.18688308386468
Denmark,2018,1A2H,ABFLOW021,Coal,19.18688308386468,,19.18688308386468
Denmark,2018,1A2H,ABFLOW021,Natural gas,19.18688308386468,,19.18688308386468
Denmark,2018,1A2H,ABFLOW021,Oil,19.18688308386468,,19.18688308386468
Denmark,2018,1A2I,ABFLOW013,Coal,19.18688308386468,,19.18688308386468
Denmark,2018,1A2I,ABFLOW013,Natural gas,19.18688308386468,,19.18688308386468
Denmark,2018,1A2I,ABFLOW013,Oil,19.18688308386468,,19.18688308386468
Denmark,2018,1A2J,ABFLOW024,Coal,19.18688308386468,,19.18688308386468
Denmark,2018,1A2J,ABFLOW024,Natural gas,19.18688308386468,,19.18688308386468
Denmark,2018,1A2J,ABFLOW024,Oil,19.18688308386468,,19.18688308386468
Denmark,2018,1A2K,ABFLOW014,Coal,19.18688308386468,,19.18688308386468
Denmark,2018,1A2K,ABFLOW014,Natural gas,19.18688308386468,,19.18688308386468
Denmark,2018,1A2K,ABFLOW014,Oil,19.18688308386468,,19.18688308386468
Denmark,2018,1A2L,ABFLOW025,Coal,19.18688308386468,,19.18688308386468
Denmark,2018,1A2L,ABFLOW025,Natural gas,19.18688308386468,,19.18688308386468
Denmark,2018,1A2L,ABFLOW025,Oil,19.18688308386468,,19.18688308386468
Denmark,2018,1A2M,ABFLOW026,Coal,19.18688308386468,,19.18688308386468
Denmark,2018,1A2M,ABFLOW026,Natural gas,19.18688308386468,,19.18688308386468
Denmark,2018,1A2M,ABFLOW026,Oil,19.18688308386468,,19.18688308386468
Denmark,2018,1A3,ABFLOW027,Coal,,,0.0
Denmark,2018,1A3,ABFLOW027,Natural gas,,,0.0
Denmark,2018,1A3,ABFLOW027,Oil,,,0.0
Denmark,2018,1A3A1,ABFLOW040,Coal,9.785310372770986,,9.785310372770986
Denmark,2018,1A3A1,ABFLOW040,Natural gas,9.785310372770986,,9.785310372770986
Denmark,2018,1A3A1,ABFLOW040,Oil,9.785310372770986,,9.785310372770986
Denmark,2018,1A3A2,ABFLOW029,Coal,19.18688308386468,,19.18688308386468
Denmark,2018,1A3A2,ABFLOW029,Natural gas,19.18688308386468,,19.18688308386468
Denmark,2018,1A3A2,ABFLOW029,Oil,19.18688308386468,,19.18688308386468
Denmark,2018,1A3B,ABFLOW028,Coal,,27.700272880905835,27.700272880905835
Denmark,2018,1A3B,ABFLOW028,Natural gas,,27.700272880905835,27.700272880905835
Denmark,2018,1A3B,ABFLOW028,Oil,,27.700272880905835,27.700272880905835
Denmark,2018,1A3C,ABFLOW030,Coal,,,0.0
Denmark,2018,1A3C,ABFLOW030,Natural gas,,,0.0
Denmark,2018,1A3C,ABFLOW030,Oil,,,0.0
Denmark,2018,1A3D1,ABFLOW039,Coal,,,0.0
Denmark,2018,1A3D1,ABFLOW039,Natural gas,,,0.0
Denmark,2018,1A3D1,ABFLOW039,Oil,,,0.0
Denmark,2018,1A3D2,ABFLOW032,Coal,,,0.0
Denmark,2018,1A3D2,ABFLOW032,Natural gas,,,0.0
Denmark,2018,1A3D2,ABFLOW032,Oil,,,0.0
Denmark,2018,1A3E1,ABFLOW033,Coal,,,0.0
Denmark,2018,1A3E1,ABFLOW033,Natural gas,,,0.0
Denmark,2018,1A3E1,ABFLOW033,Oil,,,0.0
Denmark,2018,1A4A,ABFLOW035,Coal,,27.700272880905835,27.700272880905835
Denmark,2018,1A4A,ABFLOW035,Natural gas,,27.700272880905835,27.700272880905835
Denmark,2018,1A4A,ABFLOW035,Oil,,27.700272880905835,27.700272880905835
Denmark,2018,1A4B,ABFLOW034,Coal,,27.700272880905835,27.700272880905835
Denmark,2018,1A4B,ABFLOW034,Natural gas,,27.700272880905835,27.700272880905835
Denmark,2018,1A4B,ABFLOW034,Oil,,27.700272880905835,27.700272880905835
Denmark,2018,1A4C1,ABFLOW036,Coal,,27.700272880905835,27.700272880905835
Denmark,2018,1A4C1,ABFLOW036,Natural gas,,27.700272880905835,27.700272880905835
Denmark,2018,1A4C1,ABFLOW036,Oil,,27.700272880905835,27.700272880905835
Denmark,2018,1A4C2,ABFLOW037,Coal,,,0.0
Denmark,2018,1A4C2,ABFLOW037,Natural gas,,,0.0
Denmark,2018,1A4C2,ABFLOW037,Oil,,,0.0
Denmark,2018,1A5,ABFLOW038,Coal,,,0.0
Denmark,2018,1A5,ABFLOW038,Natural gas,,,0.0
Denmark,2018,1A5,ABFLOW038,Oil,,,0.0
Denmark,2019,1A,ABFLOW001,Coal,,,0.0
Denmark,2019,1A,ABFLOW001,Natural gas,,,0.0
Denmark,2019,1A,ABFLOW001,Oil,,,0.0
Denmark,2019,1A1A,ABFLOW002,Coal,,,0.0
Denmark,2019,1A1A,ABFLOW002,Natural gas,,,0.0
Denmark,2019,1A1A,ABFLOW002,Oil,,,0.0
Denmark,2019,1A1A1,ABFLOW003,Coal,29.89084706796483,,29.89084706796483
Denmark,2019,1A1A1,ABFLOW003,Natural gas,29.89084706796483,,29.89084706796483
Denmark,2019,1A1A1,ABFLOW003,Oil,29.89084706796483,,29.89084706796483
Denmark,2019,1A1A2,ABFLOW004,Coal,29.89084706796483,,29.89084706796483
Denmark,2019,1A1A2,ABFLOW004,Natural gas,29.89084706796483,,29.89084706796483
Denmark,2019,1A1A2,ABFLOW004,Oil,29.89084706796483,,29.89084706796483
Denmark,2019,1A1A3,ABFLOW005,Coal,29.89084706796483,27.772052166209644,57.662899234174475
Denmark,2019,1A1A3,ABFLOW005,Natural gas,29.89084706796483,27.772052166209644,57.662899234174475
Denmark,2019,1A1A3,ABFLOW005,Oil,29.89084706796483,27.772052166209644,57.662899234174475
Denmark,2019,1A1B,ABFLOW011,Coal,29.89084706796483,27.772052166209644,57.662899234174475
Denmark,2019,1A1B,ABFLOW011,Natural gas,29.89084706796483,27.772052166209644,57.662899234174475
Denmark,2019,1A1B,ABFLOW011,Oil,29.89084706796483,27.772052166209644,57.662899234174475
Denmark,2019,1A1C,ABFLOW011,Coal,29.89084706796483,27.772052166209644,57.662899234174475
Denmark,2019,1A1C,ABFLOW011,Natural gas,29.89084706796483,27.772052166209644,57.662899234174475
Denmark,2019,1A1C,ABFLOW011,Oil,29.89084706796483,27.772052166209644,57.662899234174475
Denmark,2019,1A2,ABFLOW012,Coal,,,0.0
Denmark,2019,1A2,ABFLOW012,Natural gas,,,0.0
Denmark,2019,1A2,ABFLOW012,Oil,,,0.0
Denmark,2019,1A2A,ABFLOW016,Coal,29.89084706796483,,29.89084706796483
Denmark,2019,1A2A,ABFLOW016,Natural gas,29.89084706796483,,29.89084706796483
Denmark,2019,1A2A,ABFLOW016,Oil,29.89084706796483,,29.89084706796483
Denmark,2019,1A2B,ABFLOW018,Coal,29.89084706796483,,29.89084706796483
Denmark,2019,1A2B,ABFLOW018,Natural gas,29.89084706796483,,29.89084706796483
Denmark,2019,1A2B,ABFLOW018,Oil,29.89084706796483,,29.89084706796483
Denmark,2019,1A2C,ABFLOW017,Coal,29.89084706796483,,29.89084706796483
Denmark,2019,1A2C,ABFLOW017,Natural gas,29.89084706796483,,29.89084706796483
Denmark,2019,1A2C,ABFLOW017,Oil,29.89084706796483,,29.89084706796483
Denmark,2019,1A2D,ABFLOW023,Coal,29.89084706796483,,29.89084706796483
Denmark,2019,1A2D,ABFLOW023,Natural gas,29.89084706796483,,29.89084706796483
Denmark,2019,1A2D,ABFLOW023,Oil,29.89084706796483,,29.89084706796483
Denmark,2019,1A2E,ABFLOW022,Coal,29.89084706796483,,29.89084706796483
Denmark,2019,1A2E,ABFLOW022,Natural gas,29.89084706796483,,29.89084706796483
Denmark,2019,1A2E,ABFLOW022,Oil,29.89084706796483,,29.89084706796483
Denmark,2019,1A2F,ABFLOW019,Coal,29.89084706796483,,29.89084706796483
Denmark,2019,1A2F,ABFLOW019,Natural gas,29.89084706796483,,29.89084706796483
Denmark,2019,1A2F,ABFLOW019,Oil,29.89084706796483,,29.89084706796483
Denmark,2019,1A2G,ABFLOW020,Coal,29.89084706796483,,29.89084706796483
Denmark,2019,1A2G,ABFLOW020,Natural gas,29.89084706796483,,29.89084706796483
Denmark,2019,1A2G,ABFLOW020,Oil,29.89084706796483,,29.89084706796483
Denmark,2019,1A2H,ABFLOW021,Coal,29.89084706796483,,29.89084706796483
Denmark,2019,1A2H,ABFLOW021,Natural gas,29.89084706796483,,29.89084706796483
Denmark,2019,1A2H,ABFLOW021,Oil,29.89084706796483,,29.89084706796483
Denmark,2019,1A2I,ABFLOW013,Coal,29.89084706796483,,29.89084706796483
Denmark,2019,1A2I,ABFLOW013,Natural gas,29.89084706796483,,29.89084706796483
Denmark,2019,1A2I,ABFLOW013,Oil,29.89084706796483,,29.89084706796483
Denmark,2019,1A2J,ABFLOW024,Coal,29.89084706796483,,29.89084706796483
Denmark,2019,1A2J,ABFLOW024,Natural gas,29.89084706796483,,29.89084706796483
Denmark,2019,1A2J,ABFLOW024,Oil,29.89084706796483,,29.89084706796483
Denmark,2019,1A2K,ABFLOW014,Coal,29.89084706796483,,29.89084706796483
Denmark,2019,1A2K,ABFLOW014,Natural gas,29.89084706796483,,29.89084706796483
Denmark,2019,1A2K,ABFLOW014,Oil,29.89084706796483,,29.89084706796483
Denmark,2019,1A2L,ABFLOW025,Coal,29.89084706796483,,29.89084706796483
Denmark,2019,1A2L,ABFLOW025,Natural gas,29.89084706796483,,29.89084706796483
Denmark,2019,1A2L,ABFLOW025,Oil,29.89084706796483,,29.89084706796483
Denmark,2019,1A2M,ABFLOW026,Coal,29.89084706796483,,29.89084706796483
Denmark,2019,1A2M,ABFLOW026,Natural gas,29.89084706796483,,29.89084706796483
Denmark,2019,1A2M,ABFLOW026,Oil,29.89084706796483,,29.89084706796483
Denmark,2019,1A3,ABFLOW027,Coal,,,0.0
Denmark,2019,1A3,ABFLOW027,Natural gas,,,0.0
Denmark,2019,1A3,ABFLOW027,Oil,,,0.0
Denmark,2019,1A3A1,ABFLOW040,Coal,15.244332004662065,,15.244332004662065
Denmark,2019,1A3A1,ABFLOW040,Natural gas,15.244332004662065,,15.244332004662065
Denmark,2019,1A3A1,ABFLOW040,Oil,15.244332004662065,,15.244332004662065
Denmark,2019,1A3A2,ABFLOW029,Coal,29.89084706796483,,29.89084706796483
Denmark,2019,1A3A2,ABFLOW029,Natural gas,29.89084706796483,,29.89084706796483
Denmark,2019,1A3A2,ABFLOW029,Oil,29.89084706796483,,29.89084706796483
Denmark,2019,1A3B,ABFLOW028,Coal,,27.772052166209644,27.772052166209644
Denmark,2019,1A3B,ABFLOW028,Natural gas,,27.772052166209644,27.772052166209644
Denmark,2019,1A3B,ABFLOW028,Oil,,27.772052166209644,27.772052166209644
Denmark,2019,1A3C,ABFLOW030,Coal,,,0.0
Denmark,2019,1A3C,ABFLOW030,Natural gas,,,0.0
Denmark,2019,1A3C,ABFLOW030,Oil,,,0.0
Denmark,2019,1A3D1,ABFLOW039,Coal,,,0.0
Denmark,2019,1A3D1,ABFLOW039,Natural gas,,,0.0
Denmark,2019,1A3D1,ABFLOW039,Oil,,,0.0
Denmark,2019,1A3D2,ABFLOW032,Coal,,,0.0
Denmark,2019,1A3D2,ABFLOW032,Natural gas,,,0.0
Denmark,2019,1A3D2,ABFLOW032,Oil,,,0.0
Denmark,2019,1A3E1,ABFLOW033,Coal,,,0.0
Denmark,2019,1A3E1,ABFLOW033,Natural gas,,,0.0
Denmark,2019,1A3E1,ABFLOW033,Oil,,,0.0
Denmark,2019,1A4A,ABFLOW035,Coal,,27.772052166209644,27.772052166209644
Denmark,2019,1A4A,ABFLOW035,Natural gas,,27.772052166209644,27.772052166209644
Denmark,2019,1A4A,ABFLOW035,Oil,,27.772052166209644,27.772052166209644
Denmark,2019,1A4B,ABFLOW034,Coal,,27.772052166209644,27.772052166209644
Denmark,2019,1A4B,ABFLOW034,Natural gas,,27.772052166209644,27.772052166209644
Denmark,2019,1A4B,ABFLOW034,Oil,,27.772052166209644,27.772052166209644
Denmark,2019,1A4C1,ABFLOW036,Coal,,27.772052166209644,27.772052166209644
Denmark,2019,1A4C1,ABFLOW036,Natural gas,,27.772052166209644,27.772052166209644
Denmark,2019,1A4C1,ABFLOW036,Oil,,27.772052166209644,27.772052166209644
Denmark,2019,1A4C2,ABFLOW037,Coal,,,0.0
Denmark,2019,1A4C2,ABFLOW037,Natural gas,,,0.0
Denmark,2019,1A4C2,ABFLOW037,Oil,,,0.0
Denmark,2019,1A5,ABFLOW038,Coal,,,0.0
Denmark,2019,1A5,ABFLOW038,Natural gas,,,0.0
Denmark,2019,1A5,ABFLOW038,Oil,,,0.0
Denmark,2020,1A,ABFLOW001,Coal,,,0.0
Denmark,2020,1A,ABFLOW001,Natural gas,,,0.0
Denmark,2020,1A,ABFLOW001,Oil,,,0.0
Denmark,2020,1A1A,ABFLOW002,Coal,,,0.0
Denmark,2020,1A1A,ABFLOW002,Natural gas,,,0.0
Denmark,2020,1A1A,ABFLOW002,Oil,,,0.0
Denmark,2020,1A1A1,ABFLOW003,Coal,28.92888217617173,,28.92888217617173
Denmark,2020,1A1A1,ABFLOW003,Natural gas,28.92888217617173,,28.92888217617173
Denmark,2020,1A1A1,ABFLOW003,Oil,28.92888217617173,,28.92888217617173
Denmark,2020,1A1A2,ABFLOW004,Coal,28.92888217617173,,28.92888217617173
Denmark,2020,1A1A2,ABFLOW004,Natural gas,28.92888217617173,,28.92888217617173
Denmark,2020,1A1A2,ABFLOW004,Oil,28.92888217617173,,28.92888217617173
Denmark,2020,1A1A3,ABFLOW005,Coal,28.92888217617173,27.270461549433737,56.199343725605466
Denmark,2020,1A1A3,ABFLOW005,Natural gas,28.92888217617173,27.270461549433737,56.199343725605466
Denmark,2020,1A1A3,ABFLOW005,Oil,28.92888217617173,27.270461549433737,56.199343725605466
Denmark,2020,1A1B,ABFLOW011,Coal,28.92888217617173,27.270461549433737,56.199343725605466
Denmark,2020,1A1B,ABFLOW011,Natural gas,28.92888217617173,27.270461549433737,56.199343725605466
Denmark,2020,1A1B,ABFLOW011,Oil,28.92888217617173,27.270461549433737,56.199343725605466
Denmark,2020,1A1C,ABFLOW011,Coal,28.92888217617173,27.270461549433737,56.199343725605466
Denmark,2020,1A1C,ABFLOW011,Natural gas,28.92888217617173,27.270461549433737,56.199343725605466
Denmark,2020,1A1C,ABFLOW011,Oil,28.92888217617173,27.270461549433737,56.199343725605466
Denmark,2020,1A2,ABFLOW012,Coal,,,0.0
Denmark,2020,1A2,ABFLOW012,Natural gas,,,0.0
Denmark,2020,1A2,ABFLOW012,Oil,,,0.0
Denmark,2020,1A2A,ABFLOW016,Coal,28.92888217617173,,28.92888217617173
Denmark,2020,1A2A,ABFLOW016,Natural gas,28.92888217617173,,28.92888217617173
Denmark,2020,1A2A,ABFLOW016,Oil,28.92888217617173,,28.92888217617173
Denmark,2020,1A2B,ABFLOW018,Coal,28.92888217617173,,28.92888217617173
Denmark,2020,1A2B,ABFLOW018,Natural gas,28.92888217617173,,28.92888217617173
Denmark,2020,1A2B,ABFLOW018,Oil,28.92888217617173,,28.92888217617173
Denmark,2020,1A2C,ABFLOW017,Coal,28.92888217617173,,28.92888217617173
Denmark,2020,1A2C,ABFLOW017,Natural gas,28.92888217617173,,28.92888217617173
Denmark,2020,1A2C,ABFLOW017,Oil,28.92888217617173,,28.92888217617173
Denmark,2020,1A2D,ABFLOW023,Coal,28.92888217617173,,28.92888217617173
Denmark,2020,1A2D,ABFLOW023,Natural gas,28.92888217617173,,28.92888217617173
Denmark,2020,1A2D,ABFLOW023,Oil,28.92888217617173,,28.92888217617173
Denmark,2020,1A2E,ABFLOW022,Coal,28.92888217617173,,28.92888217617173
Denmark,2020,1A2E,ABFLOW022,Natural gas,28.92888217617173,,28.92888217617173
Denmark,2020,1A2E,ABFLOW022,Oil,28.92888217617173,,28.92888217617173
Denmark,2020,1A2F,ABFLOW019,Coal,28.92888217617173,,28.92888217617173
Denmark,2020,1A2F,ABFLOW019,Natural gas,28.92888217617173,,28.92888217617173
Denmark,2020,1A2F,ABFLOW019,Oil,28.92888217617173,,28.92888217617173
Denmark,2020,1A2G,ABFLOW020,Coal,28.92888217617173,,28.92888217617173
Denmark,2020,1A2G,ABFLOW020,Natural gas,28.92888217617173,,28.92888217617173
Denmark,2020,1A2G,ABFLOW020,Oil,28.92888217617173,,28.92888217617173
Denmark,2020,1A2H,ABFLOW021,Coal,28.92888217617173,,28.92888217617173
Denmark,2020,1A2H,ABFLOW021,Natural gas,28.92888217617173,,28.92888217617173
Denmark,2020,1A2H,ABFLOW021,Oil,28.92888217617173,,28.92888217617173
Denmark,2020,1A2I,ABFLOW013,Coal,28.92888217617173,,28.92888217617173
Denmark,2020,1A2I,ABFLOW013,Natural gas,28.92888217617173,,28.92888217617173
Denmark,2020,1A2I,ABFLOW013,Oil,28.92888217617173,,28.92888217617173
Denmark,2020,1A2J,ABFLOW024,Coal,28.92888217617173,,28.92888217617173
Denmark,2020,1A2J,ABFLOW024,Natural gas,28.92888217617173,,28.92888217617173
Denmark,2020,1A2J,ABFLOW024,Oil,28.92888217617173,,28.92888217617173
Denmark,2020,1A2K,ABFLOW014,Coal,28.92888217617173,,28.92888217617173
Denmark,2020,1A2K,ABFLOW014,Natural gas,28.92888217617173,,28.92888217617173
Denmark,2020,1A2K,ABFLOW014,Oil,28.92888217617173,,28.92888217617173
Denmark,2020,1A2L,ABFLOW025,Coal,28.92888217617173,,28.92888217617173
Denmark,2020,1A2L,ABFLOW025,Natural gas,28.92888217617173,,28.92888217617173
Denmark,2020,1A2L,ABFLOW025,Oil,28.92888217617173,,28.92888217617173
Denmark,2020,1A2M,ABFLOW026,Coal,28.92888217617173,,28.92888217617173
Denmark,2020,1A2M,ABFLOW026,Natural gas,28.92888217617173,,28.92888217617173
Denmark,2020,1A2M,ABFLOW026,Oil,28.92888217617173,,28.92888217617173
Denmark,2020,1A3,ABFLOW027,Coal,,,0.0
Denmark,2020,1A3,ABFLOW027,Natural gas,,,0.0
Denmark,2020,1A3,ABFLOW027,Oil,,,0.0
Denmark,2020,1A3A1,ABFLOW040,Coal,14.753729909847582,,14.753729909847582
Denmark,2020,1A3A1,ABFLOW040,Natural gas,14.753729909847582,,14.753729909847582
Denmark,2020,1A3A1,ABFLOW040,Oil,14.753729909847582,,14.753729909847582
Denmark,2020,1A3A2,ABFLOW029,Coal,28.92888217617173,,28.92888217617173
Denmark,2020,1A3A2,ABFLOW029,Natural gas,28.92888217617173,,28.92888217617173
Denmark,2020,1A3A2,ABFLOW029,Oil,28.92888217617173,,28.92888217617173
Denmark,2020,1A3B,ABFLOW028,Coal,,27.270461549433737,27.270461549433737
Denmark,2020,1A3B,ABFLOW028,Natural gas,,27.270461549433737,27.270461549433737
Denmark,2020,1A3B,ABFLOW028,Oil,,27.270461549433737,27.270461549433737
Denmark,2020,1A3C,ABFLOW030,Coal,,,0.0
Denmark,2020,1A3C,ABFLOW030,Natural gas,,,0.0
Denmark,2020,1A3C,ABFLOW030,Oil,,,0.0
Denmark,2020,1A3D1,ABFLOW039,Coal,,,0.0
Denmark,2020,1A3D1,ABFLOW039,Natural gas,,,0.0
Denmark,2020,1A3D1,ABFLOW039,Oil,,,0.0
Denmark,2020,1A3D2,ABFLOW032,Coal,,,0.0
Denmark,2020,1A3D2,ABFLOW032,Natural gas,,,0.0
Denmark,2020,1A3D2,ABFLOW032,Oil,,,0.0
Denmark,2020,1A3E1,ABFLOW033,Coal,,,0.0
Denmark,2020,1A3E1,ABFLOW033,Natural gas,,,0.0
Denmark,2020,1A3E1,ABFLOW033,Oil,,,0.0
Denmark,2020,1A4A,ABFLOW035,Coal,,27.270461549433737,27.270461549433737
Denmark,2020,1A4A,ABFLOW035,Natural gas,,27.270461549433737,27.270461549433737
Denmark,2020,1A4A,ABFLOW035,Oil,,27.270461549433737,27.270461549433737
Denmark,2020,1A4B,ABFLOW034,Coal,,27.270461549433737,27.270461549433737
Denmark,2020,1A4B,ABFLOW034,Natural gas,,27.270461549433737,27.270461549433737
Denmark,2020,1A4B,ABFLOW034,Oil,,27.270461549433737,27.270461549433737
Denmark,2020,1A4C1,ABFLOW036,Coal,,27.270461549433737,27.270461549433737
Denmark,2020,1A4C1,ABFLOW036,Natural gas,,27.270461549433737,27.270461549433737
Denmark,2020,1A4C1,ABFLOW036,Oil,,27.270461549433737,27.270461549433737
Denmark,2020,1A4C2,ABFLOW037,Coal,,,0.0
Denmark,2020,1A4C2,ABFLOW037,Natural gas,,,0.0
Denmark,2020,1A4C2,ABFLOW037,Oil,,,0.0
Denmark,2020,1A5,ABFLOW038,Coal,,,0.0
Denmark,2020,1A5,ABFLOW038,Natural gas,,,0.0
Denmark,2020,1A5,ABFLOW038,Oil,,,0.0
Denmark,2021,1A,ABFLOW001,Coal,,,0.0
Denmark,2021,1A,ABFLOW001,Natural gas,,,0.0
Denmark,2021,1A,ABFLOW001,Oil,,,0.0
Denmark,2021,1A1A,ABFLOW002,Coal,,,0.0
Denmark,2021,1A1A,ABFLOW002,Natural gas,,,0.0
Denmark,2021,1A1A,ABFLOW002,Oil,,,0.0
Denmark,2021,1A1A1,ABFLOW003,Coal,60.89193727539277,,60.89193727539277
Denmark,2021,1A1A1,ABFLOW003,Natural gas,60.89193727539277,,60.89193727539277
Denmark,2021,1A1A1,ABFLOW003,Oil,60.89193727539277,,60.89193727539277
Denmark,2021,1A1A2,ABFLOW004,Coal,60.89193727539277,,60.89193727539277
Denmark,2021,1A1A2,ABFLOW004,Natural gas,60.89193727539277,,60.89193727539277
Denmark,2021,1A1A2,ABFLOW004,Oil,60.89193727539277,,60.89193727539277
Denmark,2021,1A1A3,ABFLOW005,Coal,60.89193727539277,26.76058808528667,87.65252536067945
Denmark,2021,1A1A3,ABFLOW005,Natural gas,60.89193727539277,26.76058808528667,87.65252536067945
Denmark,2021,1A1A3,ABFLOW005,Oil,60.89193727539277,26.76058808528667,87.65252536067945
Denmark,2021,1A1B,ABFLOW011,Coal,60.89193727539277,26.76058808528667,87.65252536067945
Denmark,2021,1A1B,ABFLOW011,Natural gas,60.89193727539277,26.76058808528667,87.65252536067945
Denmark,2021,1A1B,ABFLOW011,Oil,60.89193727539277,26.76058808528667,87.65252536067945
Denmark,2021,1A1C,ABFLOW011,Coal,60.89193727539277,26.76058808528667,87.65252536067945
Denmark,2021,1A1C,ABFLOW011,Natural gas,60.89193727539277,26.76058808528667,87.65252536067945
Denmark,2021,1A1C,ABFLOW011,Oil,60.89193727539277,26.76058808528667,87.65252536067945
Denmark,2021,1A2,ABFLOW012,Coal,,,0.0
Denmark,2021,1A2,ABFLOW012,Natural gas,,,0.0
Denmark,2021,1A2,ABFLOW012,Oil,,,0.0
Denmark,2021,1A2A,ABFLOW016,Coal,60.89193727539277,,60.89193727539277
Denmark,2021,1A2A,ABFLOW016,Natural gas,60.89193727539277,,60.89193727539277
Denmark,2021,1A2A,ABFLOW016,Oil,60.89193727539277,,60.89193727539277
Denmark,2021,1A2B,ABFLOW018,Coal,60.89193727539277,,60.89193727539277
Denmark,2021,1A2B,ABFLOW018,Natural gas,60.89193727539277,,60.89193727539277
Denmark,2021,1A2B,ABFLOW018,Oil,60.89193727539277,,60.89193727539277
Denmark,2021,1A2C,ABFLOW017,Coal,60.89193727539277,,60.89193727539277
Denmark,2021,1A2C,ABFLOW017,Natural gas,60.89193727539277,,60.89193727539277
Denmark,2021,1A2C,ABFLOW017,Oil,60.89193727539277,,60.89193727539277
Denmark,2021,1A2D,ABFLOW023,Coal,60.89193727539277,,60.89193727539277
Denmark,2021,1A2D,ABFLOW023,Natural gas,60.89193727539277,,60.89193727539277
Denmark,2021,1A2D,ABFLOW023,Oil,60.89193727539277,,60.89193727539277
Denmark,2021,1A2E,ABFLOW022,Coal,60.89193727539277,,60.89193727539277
Denmark,2021,1A2E,ABFLOW022,Natural gas,60.89193727539277,,60.89193727539277
Denmark,2021,1A2E,ABFLOW022,Oil,60.89193727539277,,60.89193727539277
Denmark,2021,1A2F,ABFLOW019,Coal,60.89193727539277,,60.89193727539277
Denmark,2021,1A2F,ABFLOW019,Natural gas,60.89193727539277,,60.89193727539277
Denmark,2021,1A2F,ABFLOW019,Oil,60.89193727539277,,60.89193727539277
Denmark,2021,1A2G,ABFLOW020,Coal,60.89193727539277,,60.89193727539277
Denmark,2021,1A2G,ABFLOW020,Natural gas,60.89193727539277,,60.89193727539277
Denmark,2021,1A2G,ABFLOW020,Oil,60.89193727539277,,60.89193727539277
Denmark,2021,1A2H,ABFLOW021,Coal,60.89193727539277,,60.89193727539277
Denmark,2021,1A2H,ABFLOW021,Natural gas,60.89193727539277,,60.89193727539277
Denmark,2021,1A2H,ABFLOW021,Oil,60.89193727539277,,60.89193727539277
Denmark,2021,1A2I,ABFLOW013,Coal,60.89193727539277,,60.89193727539277
Denmark,2021,1A2I,ABFLOW013,Natural gas,60.89193727539277,,60.89193727539277
Denmark,2021,1A2I,ABFLOW013,Oil,60.89193727539277,,60.89193727539277
Denmark,2021,1A2J,ABFLOW024,Coal,60.89193727539277,,60.89193727539277
Denmark,2021,1A2J,ABFLOW024,Natural gas,60.89193727539277,,60.89193727539277
Denmark,2021,1A2J,ABFLOW024,Oil,60.89193727539277,,60.89193727539277
Denmark,2021,1A2K,ABFLOW014,Coal,60.89193727539277,,60.89193727539277
Denmark,2021,1A2K,ABFLOW014,Natural gas,60.89193727539277,,60.89193727539277
Denmark,2021,1A2K,ABFLOW014,Oil,60.89193727539277,,60.89193727539277
Denmark,2021,1A2L,ABFLOW025,Coal,60.89193727539277,,60.89193727539277
Denmark,2021,1A2L,ABFLOW025,Natural gas,60.89193727539277,,60.89193727539277
Denmark,2021,1A2L,ABFLOW025,Oil,60.89193727539277,,60.89193727539277
Denmark,2021,1A2M,ABFLOW026,Coal,60.89193727539277,,60.89193727539277
Denmark,2021,1A2M,ABFLOW026,Natural gas,60.89193727539277,,60.89193727539277
Denmark,2021,1A2M,ABFLOW026,Oil,60.89193727539277,,60.89193727539277
Denmark,2021,1A3,ABFLOW027,Coal,,,0.0
Denmark,2021,1A3,ABFLOW027,Natural gas,,,0.0
Denmark,2021,1A3,ABFLOW027,Oil,,,0.0
Denmark,2021,1A3A1,ABFLOW040,Coal,31.054888010450313,,31.054888010450313
Denmark,2021,1A3A1,ABFLOW040,Natural gas,31.054888010450313,,31.054888010450313
Denmark,2021,1A3A1,ABFLOW040,Oil,31.054888010450313,,31.054888010450313
Denmark,2021,1A3A2,ABFLOW029,Coal,60.89193727539277,,60.89193727539277
Denmark,2021,1A3A2,ABFLOW029,Natural gas,60.89193727539277,,60.89193727539277
Denmark,2021,1A3A2,ABFLOW029,Oil,60.89193727539277,,60.89193727539277
Denmark,2021,1A3B,ABFLOW028,Coal,,26.76058808528667,26.76058808528667
Denmark,2021,1A3B,ABFLOW028,Natural gas,,26.76058808528667,26.76058808528667
Denmark,2021,1A3B,ABFLOW028,Oil,,26.76058808528667,26.76058808528667
Denmark,2021,1A3C,ABFLOW030,Coal,,,0.0
Denmark,2021,1A3C,ABFLOW030,Natural gas,,,0.0
Denmark,2021,1A3C,ABFLOW030,Oil,,,0.0
Denmark,2021,1A3D1,ABFLOW039,Coal,,,0.0
Denmark,2021,1A3D1,ABFLOW039,Natural gas,,,0.0
Denmark,2021,1A3D1,ABFLOW039,Oil,,,0.0
Denmark,2021,1A3D2,ABFLOW032,Coal,,,0.0
Denmark,2021,1A3D2,ABFLOW032,Natural gas,,,0.0
Denmark,2021,1A3D2,ABFLOW032,Oil,,,0.0
Denmark,2021,1A3E1,ABFLOW033,Coal,,,0.0
Denmark,2021,1A3E1,ABFLOW033,Natural gas,,,0.0
Denmark,2021,1A3E1,ABFLOW033,Oil,,,0.0
Denmark,2021,1A4A,ABFLOW035,Coal,,26.76058808528667,26.76058808528667
Denmark,2021,1A4A,ABFLOW035,Natural gas,,26.76058808528667,26.76058808528667
Denmark,2021,1A4A,ABFLOW035,Oil,,26.76058808528667,26.76058808528667
Denmark,2021,1A4B,ABFLOW034,Coal,,26.76058808528667,26.76058808528667
Denmark,2021,1A4B,ABFLOW034,Natural gas,,26.76058808528667,26.76058808528667
Denmark,2021,1A4B,ABFLOW034,Oil,,26.76058808528667,26.76058808528667
Denmark,2021,1A4C1,ABFLOW036,Coal,,26.76058808528667,26.76058808528667
Denmark,2021,1A4C1,ABFLOW036,Natural gas,,26.76058808528667,26.76058808528667
Denmark,2021,1A4C1,ABFLOW036,Oil,,26.76058808528667,26.76058808528667
Denmark,2021,1A4C2,ABFLOW037,Coal,,,0.0
Denmark,2021,1A4C2,ABFLOW037,Natural gas,,,0.0
Denmark,2021,1A4C2,ABFLOW037,Oil,,,0.0
Denmark,2021,1A5,ABFLOW038,Coal,,,0.0
Denmark,2021,1A5,ABFLOW038,Natural gas,,,0.0
Denmark,2021,1A5,ABFLOW038,Oil,,,0.0
Denmark,2022,1A,ABFLOW001,Coal,,,0.0
Denmark,2022,1A,ABFLOW001,Natural gas,,,0.0
Denmark,2022,1A,ABFLOW001,Oil,,,0.0
Denmark,2022,1A1A,ABFLOW002,Coal,,,0.0
Denmark,2022,1A1A,ABFLOW002,Natural gas,,,0.0
Denmark,2022,1A1A,ABFLOW002,Oil,,,0.0
Denmark,2022,1A1A1,ABFLOW003,Coal,84.34702167981074,,84.34702167981074
Denmark,2022,1A1A1,ABFLOW003,Natural gas,84.34702167981074,,84.34702167981074
Denmark,2022,1A1A1,ABFLOW003,Oil,84.34702167981074,,84.34702167981074
Denmark,2022,1A1A2,ABFLOW004,Coal,84.34702167981074,,84.34702167981074
Denmark,2022,1A1A2,ABFLOW004,Natural gas,84.34702167981074,,84.34702167981074
Denmark,2022,1A1A2,ABFLOW004,Oil,84.34702167981074,,84.34702167981074
Denmark,2022,1A1A3,ABFLOW005,Coal,84.34702167981074,24.625370144471443,108.97239182428218
Denmark,2022,1A1A3,ABFLOW005,Natural gas,84.34702167981074,24.625370144471443,108.97239182428218
Denmark,2022,1A1A3,ABFLOW005,Oil,84.34702167981074,24.625370144471443,108.97239182428218
Denmark,2022,1A1B,ABFLOW011,Coal,84.34702167981074,24.625370144471443,108.97239182428218
Denmark,2022,1A1B,ABFLOW011,Natural gas,84.34702167981074,24.625370144471443,108.97239182428218
Denmark,2022,1A1B,ABFLOW011,Oil,84.34702167981074,24.625370144471443,108.97239182428218
Denmark,2022,1A1C,ABFLOW011,Coal,84.34702167981074,24.625370144471443,108.97239182428218
Denmark,2022,1A1C,ABFLOW011,Natural gas,84.34702167981074,24.625370144471443,108.97239182428218
Denmark,2022,1A1C,ABFLOW011,Oil,84.34702167981074,24.625370144471443,108.97239182428218
Denmark,2022,1A2,ABFLOW012,Coal,,,0.0
Denmark,2022,1A2,ABFLOW012,Natural gas,,,0.0
Denmark,2022,1A2,ABFLOW012,Oil,,,0.0
Denmark,2022,1A2A,ABFLOW016,Coal,84.34702167981074,,84.34702167981074
Denmark,2022,1A2A,ABFLOW016,Natural gas,84.34702167981074,,84.34702167981074
Denmark,2022,1A2A,ABFLOW016,Oil,84.34702167981074,,84.34702167981074
Denmark,2022,1A2B,ABFLOW018,Coal,84.34702167981074,,84.34702167981074
Denmark,2022,1A2B,ABFLOW018,Natural gas,84.34702167981074,,84.34702167981074
Denmark,2022,1A2B,ABFLOW018,Oil,84.34702167981074,,84.34702167981074
Denmark,2022,1A2C,ABFLOW017,Coal,84.34702167981074,,84.34702167981074
Denmark,2022,1A2C,ABFLOW017,Natural gas,84.34702167981074,,84.34702167981074
Denmark,2022,1A2C,ABFLOW017,Oil,84.34702167981074,,84.34702167981074
Denmark,2022,1A2D,ABFLOW023,Coal,84.34702167981074,,84.34702167981074
Denmark,2022,1A2D,ABFLOW023,Natural gas,84.34702167981074,,84.34702167981074
Denmark,2022,1A2D,ABFLOW023,Oil,84.34702167981074,,84.34702167981074
Denmark,2022,1A2E,ABFLOW022,Coal,84.34702167981074,,84.34702167981074
Denmark,2022,1A2E,ABFLOW022,Natural gas,84.34702167981074,,84.34702167981074
Denmark,2022,1A2E,ABFLOW022,Oil,84.34702167981074,,84.34702167981074
Denmark,2022,1A2F,ABFLOW019,Coal,84.34702167981074,,84.34702167981074
Denmark,2022,1A2F,ABFLOW019,Natural gas,84.34702167981074,,84.34702167981074
Denmark,2022,1A2F,ABFLOW019,Oil,84.34702167981074,,84.34702167981074
Denmark,2022,1A2G,ABFLOW020,Coal,84.34702167981074,,84.34702167981074
Denmark,2022,1A2G,ABFLOW020,Natural gas,84.34702167981074,,84.34702167981074
Denmark,2022,1A2G,ABFLOW020,Oil,84.34702167981074,,84.34702167981074
Denmark,2022,1A2H,ABFLOW021,Coal,84.34702167981074,,84.34702167981074
Denmark,2022,1A2H,ABFLOW021,Natural gas,84.34702167981074,,84.34702167981074
Denmark,2022,1A2H,ABFLOW021,Oil,84.34702167981074,,84.34702167981074
Denmark,2022,1A2I,ABFLOW013,Coal,84.34702167981074,,84.34702167981074
Denmark,2022,1A2I,ABFLOW013,Natural gas,84.34702167981074,,84.34702167981074
Denmark,2022,1A2I,ABFLOW013,Oil,84.34702167981074,,84.34702167981074
Denmark,2022,1A2J,ABFLOW024,Coal,84.34702167981074,,84.34702167981074
Denmark,2022,1A2J,ABFLOW024,Natural gas,84.34702167981074,,84.34702167981074
Denmark,2022,1A2J,ABFLOW024,Oil,84.34702167981074,,84.34702167981074
Denmark,2022,1A2K,ABFLOW014,Coal,84.34702167981074,,84.34702167981074
Denmark,2022,1A2K,ABFLOW014,Natural gas,84.34702167981074,,84.34702167981074
Denmark,2022,1A2K,ABFLOW014,Oil,84.34702167981074,,84.34702167981074
Denmark,2022,1A2L,ABFLOW025,Coal,84.34702167981074,,84.34702167981074
Denmark,2022,1A2L,ABFLOW025,Natural gas,84.34702167981074,,84.34702167981074
Denmark,2022,1A2L,ABFLOW025,Oil,84.34702167981074,,84.34702167981074
Denmark,2022,1A2M,ABFLOW026,Coal,84.34702167981074,,84.34702167981074
Denmark,2022,1A2M,ABFLOW026,Natural gas,84.34702167981074,,84.34702167981074
Denmark,2022,1A2M,ABFLOW026,Oil,84.34702167981074,,84.34702167981074
Denmark,2022,1A3,ABFLOW027,Coal,,,0.0
Denmark,2022,1A3,ABFLOW027,Natural gas,,,0.0
Denmark,2022,1A3,ABFLOW027,Oil,,,0.0
Denmark,2022,1A3A1,ABFLOW040,Coal,43.01698105670348,,43.01698105670348
Denmark,2022,1A3A1,ABFLOW040,Natural gas,43.01698105670348,,43.01698105670348
Denmark,2022,1A3A1,ABFLOW040,Oil,43.01698105670348,,43.01698105670348
Denmark,2022,1A3A2,ABFLOW029,Coal,84.34702167981074,,84.34702167981074
Denmark,2022,1A3A2,ABFLOW029,Natural gas,84.34702167981074,,84.34702167981074
Denmark,2022,1A3A2,ABFLOW029,Oil,84.34702167981074,,84.34702167981074
Denmark,2022,1A3B,ABFLOW028,Coal,,24.625370144471443,24.625370144471443
Denmark,2022,1A3B,ABFLOW028,Natural gas,,24.625370144471443,24.625370144471443
Denmark,2022,1A3B,ABFLOW028,Oil,,24.625370144471443,24.625370144471443
Denmark,2022,1A3C,ABFLOW030,Coal,,,0.0
Denmark,2022,1A3C,ABFLOW030,Natural gas,,,0.0
Denmark,2022,1A3C,ABFLOW030,Oil,,,0.0
Denmark,2022,1A3D1,ABFLOW039,Coal,,,0.0
Denmark,2022,1A3D1,ABFLOW039,Natural gas,,,0.0
Denmark,2022,1A3D1,ABFLOW039,Oil,,,0.0
Denmark,2022,1A3D2,ABFLOW032,Coal,,,0.0
Denmark,2022,1A3D2,ABFLOW032,Natural gas,,,0.0
Denmark,2022,1A3D2,ABFLOW032,Oil,,,0.0
Denmark,2022,1A3E1,ABFLOW033,Coal,,,0.0
Denmark,2022,1A3E1,ABFLOW033,Natural gas,,,0.0
Denmark,2022,1A3E1,ABFLOW033,Oil,,,0.0
Denmark,2022,1A4A,ABFLOW035,Coal,,24.625370144471443,24.625370144471443
Denmark,2022,1A4A,ABFLOW035,Natural gas,,24.625370144471443,24.625370144471443
Denmark,2022,1A4A,ABFLOW035,Oil,,24.625370144471443,24.625370144471443
Denmark,2022,1A4B,ABFLOW034,Coal,,24.625370144471443,24.625370144471443
Denmark,2022,1A4B,ABFLOW034,Natural gas,,24.625370144471443,24.625370144471443
Denmark,2022,1A4B,ABFLOW034,Oil,,24.625370144471443,24.625370144471443
Denmark,2022,1A4C1,ABFLOW036,Coal,,24.625370144471443,24.625370144471443
Denmark,2022,1A4C1,ABFLOW036,Natural gas,,24.625370144471443,24.625370144471443
Denmark,2022,1A4C1,ABFLOW036,Oil,,24.625370144471443,24.625370144471443
Denmark,2022,1A4C2,ABFLOW037,Coal,,,0.0
Denmark,2022,1A4C2,ABFLOW037,Natural gas,,,0.0
Denmark,2022,1A4C2,ABFLOW037,Oil,,,0.0
Denmark,2022,1A5,ABFLOW038,Coal,,,0.0
Denmark,2022,1A5,ABFLOW038,Natural gas,,,0.0
Denmark,2022,1A5,ABFLOW038,Oil,,,0.0
Denmark,2023,1A,ABFLOW001,Coal,,,0.0
Denmark,2023,1A,ABFLOW001,Natural gas,,,0.0
Denmark,2023,1A,ABFLOW001,Oil,,,0.0
Denmark,2023,1A1A,ABFLOW002,Coal,,,0.0
Denmark,2023,1A1A,ABFLOW002,Natural gas,,,0.0
Denmark,2023,1A1A,ABFLOW002,Oil,,,0.0
Denmark,2023,1A1A1,ABFLOW003,Coal,90.78813813394598,,90.78813813394598
Denmark,2023,1A1A1,ABFLOW003,Natural gas,90.78813813394598,,90.78813813394598
Denmark,2023,1A1A1,ABFLOW003,Oil,90.78813813394598,,90.78813813394598
Denmark,2023,1A1A2,ABFLOW004,Coal,90.78813813394598,,90.78813813394598
Denmark,2023,1A1A2,ABFLOW004,Natural gas,90.78813813394598,,90.78813813394598
Denmark,2023,1A1A2,ABFLOW004,Oil,90.78813813394598,,90.78813813394598
Denmark,2023,1A1A3,ABFLOW005,Coal,90.78813813394598,25.95222455212951,116.74036268607549
Denmark,2023,1A1A3,ABFLOW005,Natural gas,90.78813813394598,25.95222455212951,116.74036268607549
Denmark,2023,1A1A3,ABFLOW005,Oil,90.78813813394598,25.95222455212951,116.74036268607549
Denmark,2023,1A1B,ABFLOW011,Coal,90.78813813394598,25.95222455212951,116.74036268607549
Denmark,2023,1A1B,ABFLOW011,Natural gas,90.78813813394598,25.95222455212951,116.74036268607549
Denmark,2023,1A1B,ABFLOW011,Oil,90.78813813394598,25.95222455212951,116.74036268607549
Denmark,2023,1A1C,ABFLOW011,Coal,90.78813813394598,25.95222455212951,116.74036268607549
Denmark,2023,1A1C,ABFLOW011,Natural gas,90.78813813394598,25.95222455212951,116.74036268607549
Denmark,2023,1A1C,ABFLOW011,Oil,90.78813813394598,25.95222455212951,116.74036268607549
Denmark,2023,1A2,ABFLOW012,Coal,,,0.0
Denmark,2023,1A2,ABFLOW012,Natural gas,,,0.0
Denmark,2023,1A2,ABFLOW012,Oil,,,0.0
Denmark,2023,1A2A,ABFLOW016,Coal,90.78813813394598,,90.78813813394598
Denmark,2023,1A2A,ABFLOW016,Natural gas,90.78813813394598,,90.78813813394598
Denmark,2023,1A2A,ABFLOW016,Oil,90.78813813394598,,90.78813813394598
Denmark,2023,1A2B,ABFLOW018,Coal,90.78813813394598,,90.78813813394598
Denmark,2023,1A2B,ABFLOW018,Natural gas,90.78813813394598,,90.78813813394598
Denmark,2023,1A2B,ABFLOW018,Oil,90.78813813394598,,90.78813813394598
Denmark,2023,1A2C,ABFLOW017,Coal,90.78813813394598,,90.78813813394598
Denmark,2023,1A2C,ABFLOW017,Natural gas,90.78813813394598,,90.78813813394598
Denmark,2023,1A2C,ABFLOW017,Oil,90.78813813394598,,90.78813813394598
Denmark,2023,1A2D,ABFLOW023,Coal,90.78813813394598,,90.78813813394598
Denmark,2023,1A2D,ABFLOW023,Natural gas,90.78813813394598,,90.78813813394598
Denmark,2023,1A2D,ABFLOW023,Oil,90.78813813394598,,90.78813813394598
Denmark,2023,1A2E,ABFLOW022,Coal,90.78813813394598,,90.78813813394598
Denmark,2023,1A2E,ABFLOW022,Natural gas,90.78813813394598,,90.78813813394598
Denmark,2023,1A2E,ABFLOW022,Oil,90.78813813394598,,90.78813813394598
Denmark,2023,1A2F,ABFLOW019,Coal,90.78813813394598,,90.78813813394598
Denmark,2023,1A2F,ABFLOW019,Natural gas,90.78813813394598,,90.78813813394598
Denmark,2023,1A2F,ABFLOW019,Oil,90.78813813394598,,90.78813813394598
Denmark,2023,1A2G,ABFLOW020,Coal,90.78813813394598,,90.78813813394598
Denmark,2023,1A2G,ABFLOW020,Natural gas,90.78813813394598,,90.78813813394598
Denmark,2023,1A2G,ABFLOW020,Oil,90.78813813394598,,90.78813813394598
Denmark,2023,1A2H,ABFLOW021,Coal,90.78813813394598,,90.78813813394598
Denmark,2023,1A2H,ABFLOW021,Natural gas,90.78813813394598,,90.78813813394598
Denmark,2023,1A2H,ABFLOW021,Oil,90.78813813394598,,90.78813813394598
Denmark,2023,1A2I,ABFLOW013,Coal,90.78813813394598,,90.78813813394598
Denmark,2023,1A2I,ABFLOW013,Natural gas,90.78813813394598,,90.78813813394598
Denmark,2023,1A2I,ABFLOW013,Oil,90.78813813394598,,90.78813813394598
Denmark,2023,1A2J,ABFLOW024,Coal,90.78813813394598,,90.78813813394598
Denmark,2023,1A2J,ABFLOW024,Natural gas,90.78813813394598,,90.78813813394598
Denmark,2023,1A2J,ABFLOW024,Oil,90.78813813394598,,90.78813813394598
Denmark,2023,1A2K,ABFLOW014,Coal,90.78813813394598,,90.78813813394598
Denmark,2023,1A2K,ABFLOW014,Natural gas,90.78813813394598,,90.78813813394598
Denmark,2023,1A2K,ABFLOW014,Oil,90.78813813394598,,90.78813813394598
Denmark,2023,1A2L,ABFLOW025,Coal,90.78813813394598,,90.78813813394598
Denmark,2023,1A2L,ABFLOW025,Natural gas,90.78813813394598,,90.78813813394598
Denmark,2023,1A2L,ABFLOW025,Oil,90.78813813394598,,90.78813813394598
Denmark,2023,1A2M,ABFLOW026,Coal,90.78813813394598,,90.78813813394598
Denmark,2023,1A2M,ABFLOW026,Natural gas,90.78813813394598,,90.78813813394598
Denmark,2023,1A2M,ABFLOW026,Oil,90.78813813394598,,90.78813813394598
Denmark,2023,1A3,ABFLOW027,Coal,,,0.0
Denmark,2023,1A3,ABFLOW027,Natural gas,,,0.0
Denmark,2023,1A3,ABFLOW027,Oil,,,0.0
Denmark,2023,1A3A1,ABFLOW040,Coal,46.301950448312446,,46.301950448312446
Denmark,2023,1A3A1,ABFLOW040,Natural gas,46.301950448312446,,46.301950448312446
Denmark,2023,1A3A1,ABFLOW040,Oil,46.301950448312446,,46.301950448312446
Denmark,2023,1A3A2,ABFLOW029,Coal,90.78813813394598,,90.78813813394598
Denmark,2023,1A3A2,ABFLOW029,Natural gas,90.78813813394598,,90.78813813394598
Denmark,2023,1A3A2,ABFLOW029,Oil,90.78813813394598,,90.78813813394598
Denmark,2023,1A3B,ABFLOW028,Coal,,25.95222455212951,25.95222455212951
Denmark,2023,1A3B,ABFLOW028,Natural gas,,25.95222455212951,25.95222455212951
Denmark,2023,1A3B,ABFLOW028,Oil,,25.95222455212951,25.95222455212951
Denmark,2023,1A3C,ABFLOW030,Coal,,,0.0
Denmark,2023,1A3C,ABFLOW030,Natural gas,,,0.0
Denmark,2023,1A3C,ABFLOW030,Oil,,,0.0
Denmark,2023,1A3D1,ABFLOW039,Coal,,,0.0
Denmark,2023,1A3D1,ABFLOW039,Natural gas,,,0.0
Denmark,2023,1A3D1,ABFLOW039,Oil,,,0.0
Denmark,2023,1A3D2,ABFLOW032,Coal,,,0.0
Denmark,2023,1A3D2,ABFLOW032,Natural gas,,,0.0
Denmark,2023,1A3D2,ABFLOW032,Oil,,,0.0
Denmark,2023,1A3E1,ABFLOW033,Coal,,,0.0
Denmark,2023,1A3E1,ABFLOW033,Natural gas,,,0.0
Denmark,2023,1A3E1,ABFLOW033,Oil,,,0.0
Denmark,2023,1A4A,ABFLOW035,Coal,,25.95222455212951,25.95222455212951
Denmark,2023,1A4A,ABFLOW035,Natural gas,,25.95222455212951,25.95222455212951
Denmark,2023,1A4A,ABFLOW035,Oil,,25.95222455212951,25.95222455212951
Denmark,2023,1A4B,ABFLOW034,Coal,,25.95222455212951,25.95222455212951
Denmark,2023,1A4B,ABFLOW034,Natural gas,,25.95222455212951,25.95222455212951
Denmark,2023,1A4B,ABFLOW034,Oil,,25.95222455212951,25.95222455212951
Denmark,2023,1A4C1,ABFLOW036,Coal,,25.95222455212951,25.95222455212951
Denmark,2023,1A4C1,ABFLOW036,Natural gas,,25.95222455212951,25.95222455212951
Denmark,2023,1A4C1,ABFLOW036,Oil,,25.95222455212951,25.95222455212951
Denmark,2023,1A4C2,ABFLOW037,Coal,,,0.0
Denmark,2023,1A4C2,ABFLOW037,Natural gas,,,0.0
Denmark,2023,1A4C2,ABFLOW037,Oil,,,0.0
Denmark,2023,1A5,ABFLOW038,Coal,,,0.0
Denmark,2023,1A5,ABFLOW038,Natural gas,,,0.0
Denmark,2023,1A5,ABFLOW038,Oil,,,0.0
Denmark,2024,1A,ABFLOW001,Coal,,,0.0
Denmark,2024,1A,ABFLOW001,Natural gas,,,0.0
Denmark,2024,1A,ABFLOW001,Oil,,,0.0
Denmark,2024,1A1A,ABFLOW002,Coal,,,0.0
Denmark,2024,1A1A,ABFLOW002,Natural gas,,,0.0
Denmark,2024,1A1A,ABFLOW002,Oil,,,0.0
Denmark,2024,1A1A1,ABFLOW003,Coal,70.28444623612211,,70.28444623612211
Denmark,2024,1A1A1,ABFLOW003,Natural gas,70.28444623612211,,70.28444623612211
Denmark,2024,1A1A1,ABFLOW003,Oil,70.28444623612211,,70.28444623612211
Denmark,2024,1A1A2,ABFLOW004,Coal,70.28444623612211,,70.28444623612211
Denmark,2024,1A1A2,ABFLOW004,Natural gas,70.28444623612211,,70.28444623612211
Denmark,2024,1A1A2,ABFLOW004,Oil,70.28444623612211,,70.28444623612211
Denmark,2024,1A1A3,ABFLOW005,Coal,70.28444623612211,27.95184559632221,98.23629183244432
Denmark,2024,1A1A3,ABFLOW005,Natural gas,70.28444623612211,27.95184559632221,98.23629183244432
Denmark,2024,1A1A3,ABFLOW005,Oil,70.28444623612211,27.95184559632221,98.23629183244432
Denmark,2024,1A1B,ABFLOW011,Coal,70.28444623612211,27.95184559632221,98.23629183244432
Denmark,2024,1A1B,ABFLOW011,Natural gas,70.28444623612211,27.95184559632221,98.23629183244432
Denmark,2024,1A1B,ABFLOW011,Oil,70.28444623612211,27.95184559632221,98.23629183244432
Denmark,2024,1A1C,ABFLOW011,Coal,70.28444623612211,27.95184559632221,98.23629183244432
Denmark,2024,1A1C,ABFLOW011,Natural gas,70.28444623612211,27.95184559632221,98.23629183244432
Denmark,2024,1A1C,ABFLOW011,Oil,70.28444623612211,27.95184559632221,98.23629183244432
Denmark,2024,1A2,ABFLOW012,Coal,,,0.0
Denmark,2024,1A2,ABFLOW012,Natural gas,,,0.0
Denmark,2024,1A2,ABFLOW012,Oil,,,0.0
Denmark,2024,1A2A,ABFLOW016,Coal,70.28444623612211,,70.28444623612211
Denmark,2024,1A2A,ABFLOW016,Natural gas,70.28444623612211,,70.28444623612211
Denmark,2024,1A2A,ABFLOW016,Oil,70.28444623612211,,70.28444623612211
Denmark,2024,1A2B,ABFLOW018,Coal,70.28444623612211,,70.28444623612211
Denmark,2024,1A2B,ABFLOW018,Natural gas,70.28444623612211,,70.28444623612211
Denmark,2024,1A2B,ABFLOW018,Oil,70.28444623612211,,70.28444623612211
Denmark,2024,1A2C,ABFLOW017,Coal,70.28444623612211,,70.28444623612211
Denmark,2024,1A2C,ABFLOW017,Natural gas,70.28444623612211,,70.28444623612211
Denmark,2024,1A2C,ABFLOW017,Oil,70.28444623612211,,70.28444623612211
Denmark,2024,1A2D,ABFLOW023,Coal,70.28444623612211,,70.28444623612211
Denmark,2024,1A2D,ABFLOW023,Natural gas,70.28444623612211,,70.28444623612211
Denmark,2024,1A2D,ABFLOW023,Oil,70.28444623612211,,70.28444623612211
Denmark,2024,1A2E,ABFLOW022,Coal,70.28444623612211,,70.28444623612211
Denmark,2024,1A2E,ABFLOW022,Natural gas,70.28444623612211,,70.28444623612211
Denmark,2024,1A2E,ABFLOW022,Oil,70.28444623612211,,70.28444623612211
Denmark,2024,1A2F,ABFLOW019,Coal,70.28444623612211,,70.28444623612211
Denmark,2024,1A2F,ABFLOW019,Natural gas,70.28444623612211,,70.28444623612211
Denmark,2024,1A2F,ABFLOW019,Oil,70.28444623612211,,70.28444623612211
Denmark,2024,1A2G,ABFLOW020,Coal,70.28444623612211,,70.28444623612211
Denmark,2024,1A2G,ABFLOW020,Natural gas,70.28444623612211,,70.28444623612211
Denmark,2024,1A2G,ABFLOW020,Oil,70.28444623612211,,70.28444623612211
Denmark,2024,1A2H,ABFLOW021,Coal,70.28444623612211,,70.28444623612211
Denmark,2024,1A2H,ABFLOW021,Natural gas,70.28444623612211,,70.28444623612211
Denmark,2024,1A2H,ABFLOW021,Oil,70.28444623612211,,70.28444623612211
Denmark,2024,1A2I,ABFLOW013,Coal,70.28444623612211,,70.28444623612211
Denmark,2024,1A2I,ABFLOW013,Natural gas,70.28444623612211,,70.28444623612211
Denmark,2024,1A2I,ABFLOW013,Oil,70.28444623612211,,70.28444623612211
Denmark,2024,1A2J,ABFLOW024,Coal,70.28444623612211,,70.28444623612211
Denmark,2024,1A2J,ABFLOW024,Natural gas,70.28444623612211,,70.28444623612211
Denmark,2024,1A2J,ABFLOW024,Oil,70.28444623612211,,70.28444623612211
Denmark,2024,1A2K,ABFLOW014,Coal,70.28444623612211,,70.28444623612211
Denmark,2024,1A2K,ABFLOW014,Natural gas,70.28444623612211,,70.28444623612211
Denmark,2024,1A2K,ABFLOW014,Oil,70.28444623612211,,70.28444623612211
Denmark,2024,1A2L,ABFLOW025,Coal,70.28444623612211,,70.28444623612211
Denmark,2024,1A2L,ABFLOW025,Natural gas,70.28444623612211,,70.28444623612211
Denmark,2024,1A2L,ABFLOW025,Oil,70.28444623612211,,70.28444623612211
Denmark,2024,1A2M,ABFLOW026,Coal,70.28444623612211,,70.28444623612211
Denmark,2024,1A2M,ABFLOW026,Natural gas,70.28444623612211,,70.28444623612211
Denmark,2024,1A2M,ABFLOW026,Oil,70.28444623612211,,70.28444623612211
Denmark,2024,1A3,ABFLOW027,Coal,,,0.0
Denmark,2024,1A3,ABFLOW027,Natural gas,,,0.0
Denmark,2024,1A3,ABFLOW027,Oil,,,0.0
Denmark,2024,1A3A1,ABFLOW040,Coal,35.845067580422274,,35.845067580422274
Denmark,2024,1A3A1,ABFLOW040,Natural gas,35.845067580422274,,35.845067580422274
Denmark,2024,1A3A1,ABFLOW040,Oil,35.845067580422274,,35.845067580422274
Denmark,2024,1A3A2,ABFLOW029,Coal,70.28444623612211,,70.28444623612211
Denmark,2024,1A3A2,ABFLOW029,Natural gas,70.28444623612211,,70.28444623612211
Denmark,2024,1A3A2,ABFLOW029,Oil,70.28444623612211,,70.28444623612211
Denmark,2024,1A3B,ABFLOW028,Coal,,27.95184559632221,27.95184559632221
Denmark,2024,1A3B,ABFLOW028,Natural gas,,27.95184559632221,27.95184559632221
Denmark,2024,1A3B,ABFLOW028,Oil,,27.95184559632221,27.95184559632221
Denmark,2024,1A3C,ABFLOW030,Coal,,,0.0
Denmark,2024,1A3C,ABFLOW030,Natural gas,,,0.0
Denmark,2024,1A3C,ABFLOW030,Oil,,,0.0
Denmark,2024,1A3D1,ABFLOW039,Coal,,,0.0
Denmark,2024,1A3D1,ABFLOW039,Natural gas,,,0.0
Denmark,2024,1A3D1,ABFLOW039,Oil,,,0.0
Denmark,2024,1A3D2,ABFLOW032,Coal,70.28444623612211,,70.28444623612211
Denmark,2024,1A3D2,ABFLOW032,Natural gas,70.28444623612211,,70.28444623612211
Denmark,2024,1A3D2,ABFLOW032,Oil,70.28444623612211,,70.28444623612211
Denmark,2024,1A3E1,ABFLOW033,Coal,,,0.0
Denmark,2024,1A3E1,ABFLOW033,Natural gas,,,0.0
Denmark,2024,1A3E1,ABFLOW033,Oil,,,0.0
Denmark,2024,1A4A,ABFLOW035,Coal,,27.95184559632221,27.95184559632221
Denmark,2024,1A4A,ABFLOW035,Natural gas,,27.95184559632221,27.95184559632221
Denmark,2024,1A4A,ABFLOW035,Oil,,27.95184559632221,27.95184559632221
Denmark,2024,1A4B,ABFLOW034,Coal,,27.95184559632221,27.95184559632221
Denmark,2024,1A4B,ABFLOW034,Natural gas,,27.95184559632221,27.95184559632221
Denmark,2024,1A4B,ABFLOW034,Oil,,27.95184559632221,27.95184559632221
Denmark,2024,1A4C1,ABFLOW036,Coal,,27.95184559632221,27.95184559632221
Denmark,2024,1A4C1,ABFLOW036,Natural gas,,27.95184559632221,27.95184559632221
Denmark,2024,1A4C1,ABFLOW036,Oil,,27.95184559632221,27.95184559632221
Denmark,2024,1A4C2,ABFLOW037,Coal,,,0.0
Denmark,2024,1A4C2,ABFLOW037,Natural gas,,,0.0
Denmark,2024,1A4C2,ABFLOW037,Oil,,,0.0
Denmark,2024,1A5,ABFLOW038,Coal,,,0.0
Denmark,2024,1A5,ABFLOW038,Natural gas,,,0.0
Denmark,2024,1A5,ABFLOW038,Oil,,,0.0
Denmark,2025,1A,ABFLOW001,Coal,,,0.0
Denmark,2025,1A,ABFLOW001,Natural gas,,,0.0
Denmark,2025,1A,ABFLOW001,Oil,,,0.0
Denmark,2025,1A1A,ABFLOW002,Coal,,,0.0
Denmark,2025,1A1A,ABFLOW002,Natural gas,,,0.0
Denmark,2025,1A1A,ABFLOW002,Oil,,,0.0
Denmark,2025,1A1A1,ABFLOW003,Coal,78.39710615765938,,78.39710615765938
Denmark,2025,1A1A1,ABFLOW003,Natural gas,78.39710615765938,,78.39710615765938
Denmark,2025,1A1A1,ABFLOW003,Oil,78.39710615765938,,78.39710615765938
Denmark,2025,1A1A2,ABFLOW004,Coal,78.39710615765938,,78.39710615765938
Denmark,2025,1A1A2,ABFLOW004,Natural gas,78.39710615765938,,78.39710615765938
Denmark,2025,1A1A2,ABFLOW004,Oil,78.39710615765938,,78.39710615765938
Denmark,2025,1A1A3,ABFLOW005,Coal,78.39710615765938,,78.39710615765938
Denmark,2025,1A1A3,ABFLOW005,Natural gas,78.39710615765938,,78.39710615765938
Denmark,2025,1A1A3,ABFLOW005,Oil,78.39710615765938,,78.39710615765938
Denmark,2025,1A1B,ABFLOW011,Coal,78.39710615765938,,78.39710615765938
Denmark,2025,1A1B,ABFLOW011,Natural gas,78.39710615765938,,78.39710615765938
Denmark,2025,1A1B,ABFLOW011,Oil,78.39710615765938,,78.39710615765938
Denmark,2025,1A1C,ABFLOW011,Coal,78.39710615765938,,78.39710615765938
Denmark,2025,1A1C,ABFLOW011,Natural gas,78.39710615765938,,78.39710615765938
Denmark,2025,1A1C,ABFLOW011,Oil,78.39710615765938,,78.39710615765938
Denmark,2025,1A2,ABFLOW012,Coal,,,0.0
Denmark,2025,1A2,ABFLOW012,Natural gas,,,0.0
Denmark,2025,1A2,ABFLOW012,Oil,,,0.0
Denmark,2025,1A2A,ABFLOW016,Coal,78.39710615765938,,78.39710615765938
Denmark,2025,1A2A,ABFLOW016,Natural gas,78.39710615765938,,78.39710615765938
Denmark,2025,1A2A,ABFLOW016,Oil,78.39710615765938,,78.39710615765938
Denmark,2025,1A2B,ABFLOW018,Coal,78.39710615765938,,78.39710615765938
Denmark,2025,1A2B,ABFLOW018,Natural gas,78.39710615765938,,78.39710615765938
Denmark,2025,1A2B,ABFLOW018,Oil,78.39710615765938,,78.39710615765938
Denmark,2025,1A2C,ABFLOW017,Coal,78.39710615765938,,78.39710615765938
Denmark,2025,1A2C,ABFLOW017,Natural gas,78.39710615765938,,78.39710615765938
Denmark,2025,1A2C,ABFLOW017,Oil,78.39710615765938,,78.39710615765938
Denmark,2025,1A2D,ABFLOW023,Coal,78.39710615765938,,78.39710615765938
Denmark,2025,1A2D,ABFLOW023,Natural gas,78.39710615765938,,78.39710615765938
Denmark,2025,1A2D,ABFLOW023,Oil,78.39710615765938,,78.39710615765938
Denmark,2025,1A2E,ABFLOW022,Coal,78.39710615765938,,78.39710615765938
Denmark,2025,1A2E,ABFLOW022,Natural gas,78.39710615765938,,78.39710615765938
Denmark,2025,1A2E,ABFLOW022,Oil,78.39710615765938,,78.39710615765938
Denmark,2025,1A2F,ABFLOW019,Coal,78.39710615765938,,78.39710615765938
Denmark,2025,1A2F,ABFLOW019,Natural gas,78.39710615765938,,78.39710615765938
Denmark,2025,1A2F,ABFLOW019,Oil,78.39710615765938,,78.39710615765938
Denmark,2025,1A2G,ABFLOW020,Coal,78.39710615765938,,78.39710615765938
Denmark,2025,1A2G,ABFLOW020,Natural gas,78.39710615765938,,78.39710615765938
Denmark,2025,1A2G,ABFLOW020,Oil,78.39710615765938,,78.39710615765938
Denmark,2025,1A2H,ABFLOW021,Coal,78.39710615765938,,78.39710615765938
Denmark,2025,1A2H,ABFLOW021,Natural gas,78.39710615765938,,78.39710615765938
Denmark,2025,1A2H,ABFLOW021,Oil,78.39710615765938,,78.39710615765938
Denmark,2025,1A2I,ABFLOW013,Coal,78.39710615765938,,78.39710615765938
Denmark,2025,1A2I,ABFLOW013,Natural gas,78.39710615765938,,78.39710615765938
Denmark,2025,1A2I,ABFLOW013,Oil,78.39710615765938,,78.39710615765938
Denmark,2025,1A2J,ABFLOW024,Coal,78.39710615765938,,78.39710615765938
Denmark,2025,1A2J,ABFLOW024,Natural gas,78.39710615765938,,78.39710615765938
Denmark,2025,1A2J,ABFLOW024,Oil,78.39710615765938,,78.39710615765938
Denmark,2025,1A2K,ABFLOW014,Coal,78.39710615765938,,78.39710615765938
Denmark,2025,1A2K,ABFLOW014,Natural gas,78.39710615765938,,78.39710615765938
Denmark,2025,1A2K,ABFLOW014,Oil,78.39710615765938,,78.39710615765938
Denmark,2025,1A2L,ABFLOW025,Coal,78.39710615765938,,78.39710615765938
Denmark,2025,1A2L,ABFLOW025,Natural gas,78.39710615765938,,78.39710615765938
Denmark,2025,1A2L,ABFLOW025,Oil,78.39710615765938,,78.39710615765938
Denmark,2025,1A2M,ABFLOW026,Coal,78.39710615765938,,78.39710615765938
Denmark,2025,1A2M,ABFLOW026,Natural gas,78.39710615765938,,78.39710615765938
Denmark,2025,1A2M,ABFLOW026,Oil,78.39710615765938,,78.39710615765938
Denmark,2025,1A3,ABFLOW027,Coal,,,0.0
Denmark,2025,1A3,ABFLOW027,Natural gas,,,0.0
Denmark,2025,1A3,ABFLOW027,Oil,,,0.0
Denmark,2025,1A3A1,ABFLOW040,Coal,78.39710615765938,,78.39710615765938
Denmark,2025,1A3A1,ABFLOW040,Natural gas,78.39710615765938,,78.39710615765938
Denmark,2025,1A3A1,ABFLOW040,Oil,78.39710615765938,,78.39710615765938
Denmark,2025,1A3A2,ABFLOW029,Coal,78.39710615765938,,78.39710615765938
Denmark,2025,1A3A2,ABFLOW029,Natural gas,78.39710615765938,,78.39710615765938
Denmark,2025,1A3A2,ABFLOW029,Oil,78.39710615765938,,78.39710615765938
Denmark,2025,1A3B,ABFLOW028,Coal,,,0.0
Denmark,2025,1A3B,ABFLOW028,Natural gas,,,0.0
Denmark,2025,1A3B,ABFLOW028,Oil,,,0.0
Denmark,2025,1A3C,ABFLOW030,Coal,,,0.0
Denmark,2025,1A3C,ABFLOW030,Natural gas,,,0.0
Denmark,2025,1A3C,ABFLOW030,Oil,,,0.0
Denmark,2025,1A3D1,ABFLOW039,Coal,,,0.0
Denmark,2025,1A3D1,ABFLOW039,Natural gas,,,0.0
Denmark,2025,1A3D1,ABFLOW039,Oil,,,0.0
Denmark,2025,1A3D2,ABFLOW032,Coal,78.39710615765938,,78.39710615765938
Denmark,2025,1A3D2,ABFLOW032,Natural gas,78.39710615765938,,78.39710615765938
Denmark,2025,1A3D2,ABFLOW032,Oil,78.39710615765938,,78.39710615765938
Denmark,2025,1A3E1,ABFLOW033,Coal,,,0.0
Denmark,2025,1A3E1,ABFLOW033,Natural gas,,,0.0
Denmark,2025,1A3E1,ABFLOW033,Oil,,,0.0
Denmark,2025,1A4A,ABFLOW035,Coal,,,0.0
Denmark,2025,1A4A,ABFLOW035,Natural gas,,,0.0
Denmark,2025,1A4A,ABFLOW035,Oil,,,0.0
Denmark,2025,1A4B,ABFLOW034,Coal,,,0.0
Denmark,2025,1A4B,ABFLOW034,Natural gas,,,0.0
Denmark,2025,1A4B,ABFLOW034,Oil,,,0.0
Denmark,2025,1A4C1,ABFLOW036,Coal,,,0.0
Denmark,2025,1A4C1,ABFLOW036,Natural gas,,,0.0
Denmark,2025,1A4C1,ABFLOW036,Oil,,,0.0
Denmark,2025,1A4C2,ABFLOW037,Coal,,,0.0
Denmark,2025,1A4C2,ABFLOW037,Natural gas,,,0.0
Denmark,2025,1A4C2,ABFLOW037,Oil,,,0.0
Denmark,2025,1A5,ABFLOW038,Coal,,,0.0
Denmark,2025,1A5,ABFLOW038,Natural gas,,,0.0
Denmark,2025,1A5,ABFLOW038,Oil,,,0.0
