jurisdiction,year,ipcc_code,iea_code,Product,ets_price_usd_k,tax_rate_incl_ex_usd_k,all_inst_usd_k
Estonia,1989,1A,ABFLOW001,Coal,,,0.0
Estonia,1989,1A,ABFLOW001,Natural gas,,,0.0
Estonia,1989,1A,ABFLOW001,Oil,,,0.0
Estonia,1989,1A1A,ABFLOW002,Coal,,,0.0
Estonia,1989,1A1A,ABFLOW002,Natural gas,,,0.0
Estonia,1989,1A1A,ABFLOW002,Oil,,,0.0
Estonia,1989,1A1A1,ABFLOW003,Coal,,,0.0
Estonia,1989,1A1A1,ABFLOW003,Natural gas,,,0.0
Estonia,1989,1A1A1,ABFLOW003,Oil,,,0.0
Estonia,1989,1A1A2,ABFLOW004,Coal,,,0.0
Estonia,1989,1A1A2,ABFLOW004,Natural gas,,,0.0
Estonia,1989,1A1A2,ABFLOW004,Oil,,,0.0
Estonia,1989,1A1A3,ABFLOW005,Coal,,,0.0
Estonia,1989,1A1A3,ABFLOW005,Natural gas,,,0.0
Estonia,1989,1A1A3,ABFLOW005,Oil,,,0.0
Estonia,1989,1A1B,ABFLOW011,Coal,,,0.0
Estonia,1989,1A1B,ABFLOW011,Natural gas,,,0.0
Estonia,1989,1A1B,ABFLOW011,Oil,,,0.0
Estonia,1989,1A1C,ABFLOW011,Coal,,,0.0
Estonia,1989,1A1C,ABFLOW011,Natural gas,,,0.0
Estonia,1989,1A1C,ABFLOW011,Oil,,,0.0
Estonia,1989,1A2,ABFLOW012,Coal,,,0.0
Estonia,1989,1A2,ABFLOW012,Natural gas,,,0.0
Estonia,1989,1A2,ABFLOW012,Oil,,,0.0
Estonia,1989,1A2A,ABFLOW016,Coal,,,0.0
Estonia,1989,1A2A,ABFLOW016,Natural gas,,,0.0
Estonia,1989,1A2A,ABFLOW016,Oil,,,0.0
Estonia,1989,1A2B,ABFLOW018,Coal,,,0.0
Estonia,1989,1A2B,ABFLOW018,Natural gas,,,0.0
Estonia,1989,1A2B,ABFLOW018,Oil,,,0.0
Estonia,1989,1A2C,ABFLOW017,Coal,,,0.0
Estonia,1989,1A2C,ABFLOW017,Natural gas,,,0.0
Estonia,1989,1A2C,ABFLOW017,Oil,,,0.0
Estonia,1989,1A2D,ABFLOW023,Coal,,,0.0
Estonia,1989,1A2D,ABFLOW023,Natural gas,,,0.0
Estonia,1989,1A2D,ABFLOW023,Oil,,,0.0
Estonia,1989,1A2E,ABFLOW022,Coal,,,0.0
Estonia,1989,1A2E,ABFLOW022,Natural gas,,,0.0
Estonia,1989,1A2E,ABFLOW022,Oil,,,0.0
Estonia,1989,1A2F,ABFLOW019,Coal,,,0.0
Estonia,1989,1A2F,ABFLOW019,Natural gas,,,0.0
Estonia,1989,1A2F,ABFLOW019,Oil,,,0.0
Estonia,1989,1A2G,ABFLOW020,Coal,,,0.0
Estonia,1989,1A2G,ABFLOW020,Natural gas,,,0.0
Estonia,1989,1A2G,ABFLOW020,Oil,,,0.0
Estonia,1989,1A2H,ABFLOW021,Coal,,,0.0
Estonia,1989,1A2H,ABFLOW021,Natural gas,,,0.0
Estonia,1989,1A2H,ABFLOW021,Oil,,,0.0
Estonia,1989,1A2I,ABFLOW013,Coal,,,0.0
Estonia,1989,1A2I,ABFLOW013,Natural gas,,,0.0
Estonia,1989,1A2I,ABFLOW013,Oil,,,0.0
Estonia,1989,1A2J,ABFLOW024,Coal,,,0.0
Estonia,1989,1A2J,ABFLOW024,Natural gas,,,0.0
Estonia,1989,1A2J,ABFLOW024,Oil,,,0.0
Estonia,1989,1A2K,ABFLOW014,Coal,,,0.0
Estonia,1989,1A2K,ABFLOW014,Natural gas,,,0.0
Estonia,1989,1A2K,ABFLOW014,Oil,,,0.0
Estonia,1989,1A2L,ABFLOW025,Coal,,,0.0
Estonia,1989,1A2L,ABFLOW025,Natural gas,,,0.0
Estonia,1989,1A2L,ABFLOW025,Oil,,,0.0
Estonia,1989,1A2M,ABFLOW026,Coal,,,0.0
Estonia,1989,1A2M,ABFLOW026,Natural gas,,,0.0
Estonia,1989,1A2M,ABFLOW026,Oil,,,0.0
Estonia,1989,1A3,ABFLOW027,Coal,,,0.0
Estonia,1989,1A3,ABFLOW027,Natural gas,,,0.0
Estonia,1989,1A3,ABFLOW027,Oil,,,0.0
Estonia,1989,1A3A1,ABFLOW040,Coal,,,0.0
Estonia,1989,1A3A1,ABFLOW040,Natural gas,,,0.0
Estonia,1989,1A3A1,ABFLOW040,Oil,,,0.0
Estonia,1989,1A3A2,ABFLOW029,Coal,,,0.0
Estonia,1989,1A3A2,ABFLOW029,Natural gas,,,0.0
Estonia,1989,1A3A2,ABFLOW029,Oil,,,0.0
Estonia,1989,1A3B,ABFLOW028,Coal,,,0.0
Estonia,1989,1A3B,ABFLOW028,Natural gas,,,0.0
Estonia,1989,1A3B,ABFLOW028,Oil,,,0.0
Estonia,1989,1A3C,ABFLOW030,Coal,,,0.0
Estonia,1989,1A3C,ABFLOW030,Natural gas,,,0.0
Estonia,1989,1A3C,ABFLOW030,Oil,,,0.0
Estonia,1989,1A3D1,ABFLOW039,Coal,,,0.0
Estonia,1989,1A3D1,ABFLOW039,Natural gas,,,0.0
Estonia,1989,1A3D1,ABFLOW039,Oil,,,0.0
Estonia,1989,1A3D2,ABFLOW032,Coal,,,0.0
Estonia,1989,1A3D2,ABFLOW032,Natural gas,,,0.0
Estonia,1989,1A3D2,ABFLOW032,Oil,,,0.0
Estonia,1989,1A3E1,ABFLOW033,Coal,,,0.0
Estonia,1989,1A3E1,ABFLOW033,Natural gas,,,0.0
Estonia,1989,1A3E1,ABFLOW033,Oil,,,0.0
Estonia,1989,1A4A,ABFLOW035,Coal,,,0.0
Estonia,1989,1A4A,ABFLOW035,Natural gas,,,0.0
Estonia,1989,1A4A,ABFLOW035,Oil,,,0.0
Estonia,1989,1A4B,ABFLOW034,Coal,,,0.0
Estonia,1989,1A4B,ABFLOW034,Natural gas,,,0.0
Estonia,1989,1A4B,ABFLOW034,Oil,,,0.0
Estonia,1989,1A4C1,ABFLOW036,Coal,,,0.0
Estonia,1989,1A4C1,ABFLOW036,Natural gas,,,0.0
Estonia,1989,1A4C1,ABFLOW036,Oil,,,0.0
Estonia,1989,1A4C2,ABFLOW037,Coal,,,0.0
Estonia,1989,1A4C2,ABFLOW037,Natural gas,,,0.0
Estonia,1989,1A4C2,ABFLOW037,Oil,,,0.0
Estonia,1989,1A5,ABFLOW038,Coal,,,0.0
Estonia,1989,1A5,ABFLOW038,Natural gas,,,0.0
Estonia,1989,1A5,ABFLOW038,Oil,,,0.0
Estonia,1990,1A,ABFLOW001,Coal,,,0.0
Estonia,1990,1A,ABFLOW001,Natural gas,,,0.0
Estonia,1990,1A,ABFLOW001,Oil,,,0.0
Estonia,1990,1A1A,ABFLOW002,Coal,,,0.0
Estonia,1990,1A1A,ABFLOW002,Natural gas,,,0.0
Estonia,1990,1A1A,ABFLOW002,Oil,,,0.0
Estonia,1990,1A1A1,ABFLOW003,Coal,,,0.0
Estonia,1990,1A1A1,ABFLOW003,Natural gas,,,0.0
Estonia,1990,1A1A1,ABFLOW003,Oil,,,0.0
Estonia,1990,1A1A2,ABFLOW004,Coal,,,0.0
Estonia,1990,1A1A2,ABFLOW004,Natural gas,,,0.0
Estonia,1990,1A1A2,ABFLOW004,Oil,,,0.0
Estonia,1990,1A1A3,ABFLOW005,Coal,,,0.0
Estonia,1990,1A1A3,ABFLOW005,Natural gas,,,0.0
Estonia,1990,1A1A3,ABFLOW005,Oil,,,0.0
Estonia,1990,1A1B,ABFLOW011,Coal,,,0.0
Estonia,1990,1A1B,ABFLOW011,Natural gas,,,0.0
Estonia,1990,1A1B,ABFLOW011,Oil,,,0.0
Estonia,1990,1A1C,ABFLOW011,Coal,,,0.0
Estonia,1990,1A1C,ABFLOW011,Natural gas,,,0.0
Estonia,1990,1A1C,ABFLOW011,Oil,,,0.0
Estonia,1990,1A2,ABFLOW012,Coal,,,0.0
Estonia,1990,1A2,ABFLOW012,Natural gas,,,0.0
Estonia,1990,1A2,ABFLOW012,Oil,,,0.0
Estonia,1990,1A2A,ABFLOW016,Coal,,,0.0
Estonia,1990,1A2A,ABFLOW016,Natural gas,,,0.0
Estonia,1990,1A2A,ABFLOW016,Oil,,,0.0
Estonia,1990,1A2B,ABFLOW018,Coal,,,0.0
Estonia,1990,1A2B,ABFLOW018,Natural gas,,,0.0
Estonia,1990,1A2B,ABFLOW018,Oil,,,0.0
Estonia,1990,1A2C,ABFLOW017,Coal,,,0.0
Estonia,1990,1A2C,ABFLOW017,Natural gas,,,0.0
Estonia,1990,1A2C,ABFLOW017,Oil,,,0.0
Estonia,1990,1A2D,ABFLOW023,Coal,,,0.0
Estonia,1990,1A2D,ABFLOW023,Natural gas,,,0.0
Estonia,1990,1A2D,ABFLOW023,Oil,,,0.0
Estonia,1990,1A2E,ABFLOW022,Coal,,,0.0
Estonia,1990,1A2E,ABFLOW022,Natural gas,,,0.0
Estonia,1990,1A2E,ABFLOW022,Oil,,,0.0
Estonia,1990,1A2F,ABFLOW019,Coal,,,0.0
Estonia,1990,1A2F,ABFLOW019,Natural gas,,,0.0
Estonia,1990,1A2F,ABFLOW019,Oil,,,0.0
Estonia,1990,1A2G,ABFLOW020,Coal,,,0.0
Estonia,1990,1A2G,ABFLOW020,Natural gas,,,0.0
Estonia,1990,1A2G,ABFLOW020,Oil,,,0.0
Estonia,1990,1A2H,ABFLOW021,Coal,,,0.0
Estonia,1990,1A2H,ABFLOW021,Natural gas,,,0.0
Estonia,1990,1A2H,ABFLOW021,Oil,,,0.0
Estonia,1990,1A2I,ABFLOW013,Coal,,,0.0
Estonia,1990,1A2I,ABFLOW013,Natural gas,,,0.0
Estonia,1990,1A2I,ABFLOW013,Oil,,,0.0
Estonia,1990,1A2J,ABFLOW024,Coal,,,0.0
Estonia,1990,1A2J,ABFLOW024,Natural gas,,,0.0
Estonia,1990,1A2J,ABFLOW024,Oil,,,0.0
Estonia,1990,1A2K,ABFLOW014,Coal,,,0.0
Estonia,1990,1A2K,ABFLOW014,Natural gas,,,0.0
Estonia,1990,1A2K,ABFLOW014,Oil,,,0.0
Estonia,1990,1A2L,ABFLOW025,Coal,,,0.0
Estonia,1990,1A2L,ABFLOW025,Natural gas,,,0.0
Estonia,1990,1A2L,ABFLOW025,Oil,,,0.0
Estonia,1990,1A2M,ABFLOW026,Coal,,,0.0
Estonia,1990,1A2M,ABFLOW026,Natural gas,,,0.0
Estonia,1990,1A2M,ABFLOW026,Oil,,,0.0
Estonia,1990,1A3,ABFLOW027,Coal,,,0.0
Estonia,1990,1A3,ABFLOW027,Natural gas,,,0.0
Estonia,1990,1A3,ABFLOW027,Oil,,,0.0
Estonia,1990,1A3A1,ABFLOW040,Coal,,,0.0
Estonia,1990,1A3A1,ABFLOW040,Natural gas,,,0.0
Estonia,1990,1A3A1,ABFLOW040,Oil,,,0.0
Estonia,1990,1A3A2,ABFLOW029,Coal,,,0.0
Estonia,1990,1A3A2,ABFLOW029,Natural gas,,,0.0
Estonia,1990,1A3A2,ABFLOW029,Oil,,,0.0
Estonia,1990,1A3B,ABFLOW028,Coal,,,0.0
Estonia,1990,1A3B,ABFLOW028,Natural gas,,,0.0
Estonia,1990,1A3B,ABFLOW028,Oil,,,0.0
Estonia,1990,1A3C,ABFLOW030,Coal,,,0.0
Estonia,1990,1A3C,ABFLOW030,Natural gas,,,0.0
Estonia,1990,1A3C,ABFLOW030,Oil,,,0.0
Estonia,1990,1A3D1,ABFLOW039,Coal,,,0.0
Estonia,1990,1A3D1,ABFLOW039,Natural gas,,,0.0
Estonia,1990,1A3D1,ABFLOW039,Oil,,,0.0
Estonia,1990,1A3D2,ABFLOW032,Coal,,,0.0
Estonia,1990,1A3D2,ABFLOW032,Natural gas,,,0.0
Estonia,1990,1A3D2,ABFLOW032,Oil,,,0.0
Estonia,1990,1A3E1,ABFLOW033,Coal,,,0.0
Estonia,1990,1A3E1,ABFLOW033,Natural gas,,,0.0
Estonia,1990,1A3E1,ABFLOW033,Oil,,,0.0
Estonia,1990,1A4A,ABFLOW035,Coal,,,0.0
Estonia,1990,1A4A,ABFLOW035,Natural gas,,,0.0
Estonia,1990,1A4A,ABFLOW035,Oil,,,0.0
Estonia,1990,1A4B,ABFLOW034,Coal,,,0.0
Estonia,1990,1A4B,ABFLOW034,Natural gas,,,0.0
Estonia,1990,1A4B,ABFLOW034,Oil,,,0.0
Estonia,1990,1A4C1,ABFLOW036,Coal,,,0.0
Estonia,1990,1A4C1,ABFLOW036,Natural gas,,,0.0
Estonia,1990,1A4C1,ABFLOW036,Oil,,,0.0
Estonia,1990,1A4C2,ABFLOW037,Coal,,,0.0
Estonia,1990,1A4C2,ABFLOW037,Natural gas,,,0.0
Estonia,1990,1A4C2,ABFLOW037,Oil,,,0.0
Estonia,1990,1A5,ABFLOW038,Coal,,,0.0
Estonia,1990,1A5,ABFLOW038,Natural gas,,,0.0
Estonia,1990,1A5,ABFLOW038,Oil,,,0.0
Estonia,1991,1A,ABFLOW001,Coal,,,0.0
Estonia,1991,1A,ABFLOW001,Natural gas,,,0.0
Estonia,1991,1A,ABFLOW001,Oil,,,0.0
Estonia,1991,1A1A,ABFLOW002,Coal,,,0.0
Estonia,1991,1A1A,ABFLOW002,Natural gas,,,0.0
Estonia,1991,1A1A,ABFLOW002,Oil,,,0.0
Estonia,1991,1A1A1,ABFLOW003,Coal,,,0.0
Estonia,1991,1A1A1,ABFLOW003,Natural gas,,,0.0
Estonia,1991,1A1A1,ABFLOW003,Oil,,,0.0
Estonia,1991,1A1A2,ABFLOW004,Coal,,,0.0
Estonia,1991,1A1A2,ABFLOW004,Natural gas,,,0.0
Estonia,1991,1A1A2,ABFLOW004,Oil,,,0.0
Estonia,1991,1A1A3,ABFLOW005,Coal,,,0.0
Estonia,1991,1A1A3,ABFLOW005,Natural gas,,,0.0
Estonia,1991,1A1A3,ABFLOW005,Oil,,,0.0
Estonia,1991,1A1B,ABFLOW011,Coal,,,0.0
Estonia,1991,1A1B,ABFLOW011,Natural gas,,,0.0
Estonia,1991,1A1B,ABFLOW011,Oil,,,0.0
Estonia,1991,1A1C,ABFLOW011,Coal,,,0.0
Estonia,1991,1A1C,ABFLOW011,Natural gas,,,0.0
Estonia,1991,1A1C,ABFLOW011,Oil,,,0.0
Estonia,1991,1A2,ABFLOW012,Coal,,,0.0
Estonia,1991,1A2,ABFLOW012,Natural gas,,,0.0
Estonia,1991,1A2,ABFLOW012,Oil,,,0.0
Estonia,1991,1A2A,ABFLOW016,Coal,,,0.0
Estonia,1991,1A2A,ABFLOW016,Natural gas,,,0.0
Estonia,1991,1A2A,ABFLOW016,Oil,,,0.0
Estonia,1991,1A2B,ABFLOW018,Coal,,,0.0
Estonia,1991,1A2B,ABFLOW018,Natural gas,,,0.0
Estonia,1991,1A2B,ABFLOW018,Oil,,,0.0
Estonia,1991,1A2C,ABFLOW017,Coal,,,0.0
Estonia,1991,1A2C,ABFLOW017,Natural gas,,,0.0
Estonia,1991,1A2C,ABFLOW017,Oil,,,0.0
Estonia,1991,1A2D,ABFLOW023,Coal,,,0.0
Estonia,1991,1A2D,ABFLOW023,Natural gas,,,0.0
Estonia,1991,1A2D,ABFLOW023,Oil,,,0.0
Estonia,1991,1A2E,ABFLOW022,Coal,,,0.0
Estonia,1991,1A2E,ABFLOW022,Natural gas,,,0.0
Estonia,1991,1A2E,ABFLOW022,Oil,,,0.0
Estonia,1991,1A2F,ABFLOW019,Coal,,,0.0
Estonia,1991,1A2F,ABFLOW019,Natural gas,,,0.0
Estonia,1991,1A2F,ABFLOW019,Oil,,,0.0
Estonia,1991,1A2G,ABFLOW020,Coal,,,0.0
Estonia,1991,1A2G,ABFLOW020,Natural gas,,,0.0
Estonia,1991,1A2G,ABFLOW020,Oil,,,0.0
Estonia,1991,1A2H,ABFLOW021,Coal,,,0.0
Estonia,1991,1A2H,ABFLOW021,Natural gas,,,0.0
Estonia,1991,1A2H,ABFLOW021,Oil,,,0.0
Estonia,1991,1A2I,ABFLOW013,Coal,,,0.0
Estonia,1991,1A2I,ABFLOW013,Natural gas,,,0.0
Estonia,1991,1A2I,ABFLOW013,Oil,,,0.0
Estonia,1991,1A2J,ABFLOW024,Coal,,,0.0
Estonia,1991,1A2J,ABFLOW024,Natural gas,,,0.0
Estonia,1991,1A2J,ABFLOW024,Oil,,,0.0
Estonia,1991,1A2K,ABFLOW014,Coal,,,0.0
Estonia,1991,1A2K,ABFLOW014,Natural gas,,,0.0
Estonia,1991,1A2K,ABFLOW014,Oil,,,0.0
Estonia,1991,1A2L,ABFLOW025,Coal,,,0.0
Estonia,1991,1A2L,ABFLOW025,Natural gas,,,0.0
Estonia,1991,1A2L,ABFLOW025,Oil,,,0.0
Estonia,1991,1A2M,ABFLOW026,Coal,,,0.0
Estonia,1991,1A2M,ABFLOW026,Natural gas,,,0.0
Estonia,1991,1A2M,ABFLOW026,Oil,,,0.0
Estonia,1991,1A3,ABFLOW027,Coal,,,0.0
Estonia,1991,1A3,ABFLOW027,Natural gas,,,0.0
Estonia,1991,1A3,ABFLOW027,Oil,,,0.0
Estonia,1991,1A3A1,ABFLOW040,Coal,,,0.0
Estonia,1991,1A3A1,ABFLOW040,Natural gas,,,0.0
Estonia,1991,1A3A1,ABFLOW040,Oil,,,0.0
Estonia,1991,1A3A2,ABFLOW029,Coal,,,0.0
Estonia,1991,1A3A2,ABFLOW029,Natural gas,,,0.0
Estonia,1991,1A3A2,ABFLOW029,Oil,,,0.0
Estonia,1991,1A3B,ABFLOW028,Coal,,,0.0
Estonia,1991,1A3B,ABFLOW028,Natural gas,,,0.0
Estonia,1991,1A3B,ABFLOW028,Oil,,,0.0
Estonia,1991,1A3C,ABFLOW030,Coal,,,0.0
Estonia,1991,1A3C,ABFLOW030,Natural gas,,,0.0
Estonia,1991,1A3C,ABFLOW030,Oil,,,0.0
Estonia,1991,1A3D1,ABFLOW039,Coal,,,0.0
Estonia,1991,1A3D1,ABFLOW039,Natural gas,,,0.0
Estonia,1991,1A3D1,ABFLOW039,Oil,,,0.0
Estonia,1991,1A3D2,ABFLOW032,Coal,,,0.0
Estonia,1991,1A3D2,ABFLOW032,Natural gas,,,0.0
Estonia,1991,1A3D2,ABFLOW032,Oil,,,0.0
Estonia,1991,1A3E1,ABFLOW033,Coal,,,0.0
Estonia,1991,1A3E1,ABFLOW033,Natural gas,,,0.0
Estonia,1991,1A3E1,ABFLOW033,Oil,,,0.0
Estonia,1991,1A4A,ABFLOW035,Coal,,,0.0
Estonia,1991,1A4A,ABFLOW035,Natural gas,,,0.0
Estonia,1991,1A4A,ABFLOW035,Oil,,,0.0
Estonia,1991,1A4B,ABFLOW034,Coal,,,0.0
Estonia,1991,1A4B,ABFLOW034,Natural gas,,,0.0
Estonia,1991,1A4B,ABFLOW034,Oil,,,0.0
Estonia,1991,1A4C1,ABFLOW036,Coal,,,0.0
Estonia,1991,1A4C1,ABFLOW036,Natural gas,,,0.0
Estonia,1991,1A4C1,ABFLOW036,Oil,,,0.0
Estonia,1991,1A4C2,ABFLOW037,Coal,,,0.0
Estonia,1991,1A4C2,ABFLOW037,Natural gas,,,0.0
Estonia,1991,1A4C2,ABFLOW037,Oil,,,0.0
Estonia,1991,1A5,ABFLOW038,Coal,,,0.0
Estonia,1991,1A5,ABFLOW038,Natural gas,,,0.0
Estonia,1991,1A5,ABFLOW038,Oil,,,0.0
Estonia,1992,1A,ABFLOW001,Coal,,,0.0
Estonia,1992,1A,ABFLOW001,Natural gas,,,0.0
Estonia,1992,1A,ABFLOW001,Oil,,,0.0
Estonia,1992,1A1A,ABFLOW002,Coal,,,0.0
Estonia,1992,1A1A,ABFLOW002,Natural gas,,,0.0
Estonia,1992,1A1A,ABFLOW002,Oil,,,0.0
Estonia,1992,1A1A1,ABFLOW003,Coal,,,0.0
Estonia,1992,1A1A1,ABFLOW003,Natural gas,,,0.0
Estonia,1992,1A1A1,ABFLOW003,Oil,,,0.0
Estonia,1992,1A1A2,ABFLOW004,Coal,,,0.0
Estonia,1992,1A1A2,ABFLOW004,Natural gas,,,0.0
Estonia,1992,1A1A2,ABFLOW004,Oil,,,0.0
Estonia,1992,1A1A3,ABFLOW005,Coal,,,0.0
Estonia,1992,1A1A3,ABFLOW005,Natural gas,,,0.0
Estonia,1992,1A1A3,ABFLOW005,Oil,,,0.0
Estonia,1992,1A1B,ABFLOW011,Coal,,,0.0
Estonia,1992,1A1B,ABFLOW011,Natural gas,,,0.0
Estonia,1992,1A1B,ABFLOW011,Oil,,,0.0
Estonia,1992,1A1C,ABFLOW011,Coal,,,0.0
Estonia,1992,1A1C,ABFLOW011,Natural gas,,,0.0
Estonia,1992,1A1C,ABFLOW011,Oil,,,0.0
Estonia,1992,1A2,ABFLOW012,Coal,,,0.0
Estonia,1992,1A2,ABFLOW012,Natural gas,,,0.0
Estonia,1992,1A2,ABFLOW012,Oil,,,0.0
Estonia,1992,1A2A,ABFLOW016,Coal,,,0.0
Estonia,1992,1A2A,ABFLOW016,Natural gas,,,0.0
Estonia,1992,1A2A,ABFLOW016,Oil,,,0.0
Estonia,1992,1A2B,ABFLOW018,Coal,,,0.0
Estonia,1992,1A2B,ABFLOW018,Natural gas,,,0.0
Estonia,1992,1A2B,ABFLOW018,Oil,,,0.0
Estonia,1992,1A2C,ABFLOW017,Coal,,,0.0
Estonia,1992,1A2C,ABFLOW017,Natural gas,,,0.0
Estonia,1992,1A2C,ABFLOW017,Oil,,,0.0
Estonia,1992,1A2D,ABFLOW023,Coal,,,0.0
Estonia,1992,1A2D,ABFLOW023,Natural gas,,,0.0
Estonia,1992,1A2D,ABFLOW023,Oil,,,0.0
Estonia,1992,1A2E,ABFLOW022,Coal,,,0.0
Estonia,1992,1A2E,ABFLOW022,Natural gas,,,0.0
Estonia,1992,1A2E,ABFLOW022,Oil,,,0.0
Estonia,1992,1A2F,ABFLOW019,Coal,,,0.0
Estonia,1992,1A2F,ABFLOW019,Natural gas,,,0.0
Estonia,1992,1A2F,ABFLOW019,Oil,,,0.0
Estonia,1992,1A2G,ABFLOW020,Coal,,,0.0
Estonia,1992,1A2G,ABFLOW020,Natural gas,,,0.0
Estonia,1992,1A2G,ABFLOW020,Oil,,,0.0
Estonia,1992,1A2H,ABFLOW021,Coal,,,0.0
Estonia,1992,1A2H,ABFLOW021,Natural gas,,,0.0
Estonia,1992,1A2H,ABFLOW021,Oil,,,0.0
Estonia,1992,1A2I,ABFLOW013,Coal,,,0.0
Estonia,1992,1A2I,ABFLOW013,Natural gas,,,0.0
Estonia,1992,1A2I,ABFLOW013,Oil,,,0.0
Estonia,1992,1A2J,ABFLOW024,Coal,,,0.0
Estonia,1992,1A2J,ABFLOW024,Natural gas,,,0.0
Estonia,1992,1A2J,ABFLOW024,Oil,,,0.0
Estonia,1992,1A2K,ABFLOW014,Coal,,,0.0
Estonia,1992,1A2K,ABFLOW014,Natural gas,,,0.0
Estonia,1992,1A2K,ABFLOW014,Oil,,,0.0
Estonia,1992,1A2L,ABFLOW025,Coal,,,0.0
Estonia,1992,1A2L,ABFLOW025,Natural gas,,,0.0
Estonia,1992,1A2L,ABFLOW025,Oil,,,0.0
Estonia,1992,1A2M,ABFLOW026,Coal,,,0.0
Estonia,1992,1A2M,ABFLOW026,Natural gas,,,0.0
Estonia,1992,1A2M,ABFLOW026,Oil,,,0.0
Estonia,1992,1A3,ABFLOW027,Coal,,,0.0
Estonia,1992,1A3,ABFLOW027,Natural gas,,,0.0
Estonia,1992,1A3,ABFLOW027,Oil,,,0.0
Estonia,1992,1A3A1,ABFLOW040,Coal,,,0.0
Estonia,1992,1A3A1,ABFLOW040,Natural gas,,,0.0
Estonia,1992,1A3A1,ABFLOW040,Oil,,,0.0
Estonia,1992,1A3A2,ABFLOW029,Coal,,,0.0
Estonia,1992,1A3A2,ABFLOW029,Natural gas,,,0.0
Estonia,1992,1A3A2,ABFLOW029,Oil,,,0.0
Estonia,1992,1A3B,ABFLOW028,Coal,,,0.0
Estonia,1992,1A3B,ABFLOW028,Natural gas,,,0.0
Estonia,1992,1A3B,ABFLOW028,Oil,,,0.0
Estonia,1992,1A3C,ABFLOW030,Coal,,,0.0
Estonia,1992,1A3C,ABFLOW030,Natural gas,,,0.0
Estonia,1992,1A3C,ABFLOW030,Oil,,,0.0
Estonia,1992,1A3D1,ABFLOW039,Coal,,,0.0
Estonia,1992,1A3D1,ABFLOW039,Natural gas,,,0.0
Estonia,1992,1A3D1,ABFLOW039,Oil,,,0.0
Estonia,1992,1A3D2,ABFLOW032,Coal,,,0.0
Estonia,1992,1A3D2,ABFLOW032,Natural gas,,,0.0
Estonia,1992,1A3D2,ABFLOW032,Oil,,,0.0
Estonia,1992,1A3E1,ABFLOW033,Coal,,,0.0
Estonia,1992,1A3E1,ABFLOW033,Natural gas,,,0.0
Estonia,1992,1A3E1,ABFLOW033,Oil,,,0.0
Estonia,1992,1A4A,ABFLOW035,Coal,,,0.0
Estonia,1992,1A4A,ABFLOW035,Natural gas,,,0.0
Estonia,1992,1A4A,ABFLOW035,Oil,,,0.0
Estonia,1992,1A4B,ABFLOW034,Coal,,,0.0
Estonia,1992,1A4B,ABFLOW034,Natural gas,,,0.0
Estonia,1992,1A4B,ABFLOW034,Oil,,,0.0
Estonia,1992,1A4C1,ABFLOW036,Coal,,,0.0
Estonia,1992,1A4C1,ABFLOW036,Natural gas,,,0.0
Estonia,1992,1A4C1,ABFLOW036,Oil,,,0.0
Estonia,1992,1A4C2,ABFLOW037,Coal,,,0.0
Estonia,1992,1A4C2,ABFLOW037,Natural gas,,,0.0
Estonia,1992,1A4C2,ABFLOW037,Oil,,,0.0
Estonia,1992,1A5,ABFLOW038,Coal,,,0.0
Estonia,1992,1A5,ABFLOW038,Natural gas,,,0.0
Estonia,1992,1A5,ABFLOW038,Oil,,,0.0
Estonia,1993,1A,ABFLOW001,Coal,,,0.0
Estonia,1993,1A,ABFLOW001,Natural gas,,,0.0
Estonia,1993,1A,ABFLOW001,Oil,,,0.0
Estonia,1993,1A1A,ABFLOW002,Coal,,,0.0
Estonia,1993,1A1A,ABFLOW002,Natural gas,,,0.0
Estonia,1993,1A1A,ABFLOW002,Oil,,,0.0
Estonia,1993,1A1A1,ABFLOW003,Coal,,,0.0
Estonia,1993,1A1A1,ABFLOW003,Natural gas,,,0.0
Estonia,1993,1A1A1,ABFLOW003,Oil,,,0.0
Estonia,1993,1A1A2,ABFLOW004,Coal,,,0.0
Estonia,1993,1A1A2,ABFLOW004,Natural gas,,,0.0
Estonia,1993,1A1A2,ABFLOW004,Oil,,,0.0
Estonia,1993,1A1A3,ABFLOW005,Coal,,,0.0
Estonia,1993,1A1A3,ABFLOW005,Natural gas,,,0.0
Estonia,1993,1A1A3,ABFLOW005,Oil,,,0.0
Estonia,1993,1A1B,ABFLOW011,Coal,,,0.0
Estonia,1993,1A1B,ABFLOW011,Natural gas,,,0.0
Estonia,1993,1A1B,ABFLOW011,Oil,,,0.0
Estonia,1993,1A1C,ABFLOW011,Coal,,,0.0
Estonia,1993,1A1C,ABFLOW011,Natural gas,,,0.0
Estonia,1993,1A1C,ABFLOW011,Oil,,,0.0
Estonia,1993,1A2,ABFLOW012,Coal,,,0.0
Estonia,1993,1A2,ABFLOW012,Natural gas,,,0.0
Estonia,1993,1A2,ABFLOW012,Oil,,,0.0
Estonia,1993,1A2A,ABFLOW016,Coal,,,0.0
Estonia,1993,1A2A,ABFLOW016,Natural gas,,,0.0
Estonia,1993,1A2A,ABFLOW016,Oil,,,0.0
Estonia,1993,1A2B,ABFLOW018,Coal,,,0.0
Estonia,1993,1A2B,ABFLOW018,Natural gas,,,0.0
Estonia,1993,1A2B,ABFLOW018,Oil,,,0.0
Estonia,1993,1A2C,ABFLOW017,Coal,,,0.0
Estonia,1993,1A2C,ABFLOW017,Natural gas,,,0.0
Estonia,1993,1A2C,ABFLOW017,Oil,,,0.0
Estonia,1993,1A2D,ABFLOW023,Coal,,,0.0
Estonia,1993,1A2D,ABFLOW023,Natural gas,,,0.0
Estonia,1993,1A2D,ABFLOW023,Oil,,,0.0
Estonia,1993,1A2E,ABFLOW022,Coal,,,0.0
Estonia,1993,1A2E,ABFLOW022,Natural gas,,,0.0
Estonia,1993,1A2E,ABFLOW022,Oil,,,0.0
Estonia,1993,1A2F,ABFLOW019,Coal,,,0.0
Estonia,1993,1A2F,ABFLOW019,Natural gas,,,0.0
Estonia,1993,1A2F,ABFLOW019,Oil,,,0.0
Estonia,1993,1A2G,ABFLOW020,Coal,,,0.0
Estonia,1993,1A2G,ABFLOW020,Natural gas,,,0.0
Estonia,1993,1A2G,ABFLOW020,Oil,,,0.0
Estonia,1993,1A2H,ABFLOW021,Coal,,,0.0
Estonia,1993,1A2H,ABFLOW021,Natural gas,,,0.0
Estonia,1993,1A2H,ABFLOW021,Oil,,,0.0
Estonia,1993,1A2I,ABFLOW013,Coal,,,0.0
Estonia,1993,1A2I,ABFLOW013,Natural gas,,,0.0
Estonia,1993,1A2I,ABFLOW013,Oil,,,0.0
Estonia,1993,1A2J,ABFLOW024,Coal,,,0.0
Estonia,1993,1A2J,ABFLOW024,Natural gas,,,0.0
Estonia,1993,1A2J,ABFLOW024,Oil,,,0.0
Estonia,1993,1A2K,ABFLOW014,Coal,,,0.0
Estonia,1993,1A2K,ABFLOW014,Natural gas,,,0.0
Estonia,1993,1A2K,ABFLOW014,Oil,,,0.0
Estonia,1993,1A2L,ABFLOW025,Coal,,,0.0
Estonia,1993,1A2L,ABFLOW025,Natural gas,,,0.0
Estonia,1993,1A2L,ABFLOW025,Oil,,,0.0
Estonia,1993,1A2M,ABFLOW026,Coal,,,0.0
Estonia,1993,1A2M,ABFLOW026,Natural gas,,,0.0
Estonia,1993,1A2M,ABFLOW026,Oil,,,0.0
Estonia,1993,1A3,ABFLOW027,Coal,,,0.0
Estonia,1993,1A3,ABFLOW027,Natural gas,,,0.0
Estonia,1993,1A3,ABFLOW027,Oil,,,0.0
Estonia,1993,1A3A1,ABFLOW040,Coal,,,0.0
Estonia,1993,1A3A1,ABFLOW040,Natural gas,,,0.0
Estonia,1993,1A3A1,ABFLOW040,Oil,,,0.0
Estonia,1993,1A3A2,ABFLOW029,Coal,,,0.0
Estonia,1993,1A3A2,ABFLOW029,Natural gas,,,0.0
Estonia,1993,1A3A2,ABFLOW029,Oil,,,0.0
Estonia,1993,1A3B,ABFLOW028,Coal,,,0.0
Estonia,1993,1A3B,ABFLOW028,Natural gas,,,0.0
Estonia,1993,1A3B,ABFLOW028,Oil,,,0.0
Estonia,1993,1A3C,ABFLOW030,Coal,,,0.0
Estonia,1993,1A3C,ABFLOW030,Natural gas,,,0.0
Estonia,1993,1A3C,ABFLOW030,Oil,,,0.0
Estonia,1993,1A3D1,ABFLOW039,Coal,,,0.0
Estonia,1993,1A3D1,ABFLOW039,Natural gas,,,0.0
Estonia,1993,1A3D1,ABFLOW039,Oil,,,0.0
Estonia,1993,1A3D2,ABFLOW032,Coal,,,0.0
Estonia,1993,1A3D2,ABFLOW032,Natural gas,,,0.0
Estonia,1993,1A3D2,ABFLOW032,Oil,,,0.0
Estonia,1993,1A3E1,ABFLOW033,Coal,,,0.0
Estonia,1993,1A3E1,ABFLOW033,Natural gas,,,0.0
Estonia,1993,1A3E1,ABFLOW033,Oil,,,0.0
Estonia,1993,1A4A,ABFLOW035,Coal,,,0.0
Estonia,1993,1A4A,ABFLOW035,Natural gas,,,0.0
Estonia,1993,1A4A,ABFLOW035,Oil,,,0.0
Estonia,1993,1A4B,ABFLOW034,Coal,,,0.0
Estonia,1993,1A4B,ABFLOW034,Natural gas,,,0.0
Estonia,1993,1A4B,ABFLOW034,Oil,,,0.0
Estonia,1993,1A4C1,ABFLOW036,Coal,,,0.0
Estonia,1993,1A4C1,ABFLOW036,Natural gas,,,0.0
Estonia,1993,1A4C1,ABFLOW036,Oil,,,0.0
Estonia,1993,1A4C2,ABFLOW037,Coal,,,0.0
Estonia,1993,1A4C2,ABFLOW037,Natural gas,,,0.0
Estonia,1993,1A4C2,ABFLOW037,Oil,,,0.0
Estonia,1993,1A5,ABFLOW038,Coal,,,0.0
Estonia,1993,1A5,ABFLOW038,Natural gas,,,0.0
Estonia,1993,1A5,ABFLOW038,Oil,,,0.0
Estonia,1994,1A,ABFLOW001,Coal,,,0.0
Estonia,1994,1A,ABFLOW001,Natural gas,,,0.0
Estonia,1994,1A,ABFLOW001,Oil,,,0.0
Estonia,1994,1A1A,ABFLOW002,Coal,,,0.0
Estonia,1994,1A1A,ABFLOW002,Natural gas,,,0.0
Estonia,1994,1A1A,ABFLOW002,Oil,,,0.0
Estonia,1994,1A1A1,ABFLOW003,Coal,,,0.0
Estonia,1994,1A1A1,ABFLOW003,Natural gas,,,0.0
Estonia,1994,1A1A1,ABFLOW003,Oil,,,0.0
Estonia,1994,1A1A2,ABFLOW004,Coal,,,0.0
Estonia,1994,1A1A2,ABFLOW004,Natural gas,,,0.0
Estonia,1994,1A1A2,ABFLOW004,Oil,,,0.0
Estonia,1994,1A1A3,ABFLOW005,Coal,,,0.0
Estonia,1994,1A1A3,ABFLOW005,Natural gas,,,0.0
Estonia,1994,1A1A3,ABFLOW005,Oil,,,0.0
Estonia,1994,1A1B,ABFLOW011,Coal,,,0.0
Estonia,1994,1A1B,ABFLOW011,Natural gas,,,0.0
Estonia,1994,1A1B,ABFLOW011,Oil,,,0.0
Estonia,1994,1A1C,ABFLOW011,Coal,,,0.0
Estonia,1994,1A1C,ABFLOW011,Natural gas,,,0.0
Estonia,1994,1A1C,ABFLOW011,Oil,,,0.0
Estonia,1994,1A2,ABFLOW012,Coal,,,0.0
Estonia,1994,1A2,ABFLOW012,Natural gas,,,0.0
Estonia,1994,1A2,ABFLOW012,Oil,,,0.0
Estonia,1994,1A2A,ABFLOW016,Coal,,,0.0
Estonia,1994,1A2A,ABFLOW016,Natural gas,,,0.0
Estonia,1994,1A2A,ABFLOW016,Oil,,,0.0
Estonia,1994,1A2B,ABFLOW018,Coal,,,0.0
Estonia,1994,1A2B,ABFLOW018,Natural gas,,,0.0
Estonia,1994,1A2B,ABFLOW018,Oil,,,0.0
Estonia,1994,1A2C,ABFLOW017,Coal,,,0.0
Estonia,1994,1A2C,ABFLOW017,Natural gas,,,0.0
Estonia,1994,1A2C,ABFLOW017,Oil,,,0.0
Estonia,1994,1A2D,ABFLOW023,Coal,,,0.0
Estonia,1994,1A2D,ABFLOW023,Natural gas,,,0.0
Estonia,1994,1A2D,ABFLOW023,Oil,,,0.0
Estonia,1994,1A2E,ABFLOW022,Coal,,,0.0
Estonia,1994,1A2E,ABFLOW022,Natural gas,,,0.0
Estonia,1994,1A2E,ABFLOW022,Oil,,,0.0
Estonia,1994,1A2F,ABFLOW019,Coal,,,0.0
Estonia,1994,1A2F,ABFLOW019,Natural gas,,,0.0
Estonia,1994,1A2F,ABFLOW019,Oil,,,0.0
Estonia,1994,1A2G,ABFLOW020,Coal,,,0.0
Estonia,1994,1A2G,ABFLOW020,Natural gas,,,0.0
Estonia,1994,1A2G,ABFLOW020,Oil,,,0.0
Estonia,1994,1A2H,ABFLOW021,Coal,,,0.0
Estonia,1994,1A2H,ABFLOW021,Natural gas,,,0.0
Estonia,1994,1A2H,ABFLOW021,Oil,,,0.0
Estonia,1994,1A2I,ABFLOW013,Coal,,,0.0
Estonia,1994,1A2I,ABFLOW013,Natural gas,,,0.0
Estonia,1994,1A2I,ABFLOW013,Oil,,,0.0
Estonia,1994,1A2J,ABFLOW024,Coal,,,0.0
Estonia,1994,1A2J,ABFLOW024,Natural gas,,,0.0
Estonia,1994,1A2J,ABFLOW024,Oil,,,0.0
Estonia,1994,1A2K,ABFLOW014,Coal,,,0.0
Estonia,1994,1A2K,ABFLOW014,Natural gas,,,0.0
Estonia,1994,1A2K,ABFLOW014,Oil,,,0.0
Estonia,1994,1A2L,ABFLOW025,Coal,,,0.0
Estonia,1994,1A2L,ABFLOW025,Natural gas,,,0.0
Estonia,1994,1A2L,ABFLOW025,Oil,,,0.0
Estonia,1994,1A2M,ABFLOW026,Coal,,,0.0
Estonia,1994,1A2M,ABFLOW026,Natural gas,,,0.0
Estonia,1994,1A2M,ABFLOW026,Oil,,,0.0
Estonia,1994,1A3,ABFLOW027,Coal,,,0.0
Estonia,1994,1A3,ABFLOW027,Natural gas,,,0.0
Estonia,1994,1A3,ABFLOW027,Oil,,,0.0
Estonia,1994,1A3A1,ABFLOW040,Coal,,,0.0
Estonia,1994,1A3A1,ABFLOW040,Natural gas,,,0.0
Estonia,1994,1A3A1,ABFLOW040,Oil,,,0.0
Estonia,1994,1A3A2,ABFLOW029,Coal,,,0.0
Estonia,1994,1A3A2,ABFLOW029,Natural gas,,,0.0
Estonia,1994,1A3A2,ABFLOW029,Oil,,,0.0
Estonia,1994,1A3B,ABFLOW028,Coal,,,0.0
Estonia,1994,1A3B,ABFLOW028,Natural gas,,,0.0
Estonia,1994,1A3B,ABFLOW028,Oil,,,0.0
Estonia,1994,1A3C,ABFLOW030,Coal,,,0.0
Estonia,1994,1A3C,ABFLOW030,Natural gas,,,0.0
Estonia,1994,1A3C,ABFLOW030,Oil,,,0.0
Estonia,1994,1A3D1,ABFLOW039,Coal,,,0.0
Estonia,1994,1A3D1,ABFLOW039,Natural gas,,,0.0
Estonia,1994,1A3D1,ABFLOW039,Oil,,,0.0
Estonia,1994,1A3D2,ABFLOW032,Coal,,,0.0
Estonia,1994,1A3D2,ABFLOW032,Natural gas,,,0.0
Estonia,1994,1A3D2,ABFLOW032,Oil,,,0.0
Estonia,1994,1A3E1,ABFLOW033,Coal,,,0.0
Estonia,1994,1A3E1,ABFLOW033,Natural gas,,,0.0
Estonia,1994,1A3E1,ABFLOW033,Oil,,,0.0
Estonia,1994,1A4A,ABFLOW035,Coal,,,0.0
Estonia,1994,1A4A,ABFLOW035,Natural gas,,,0.0
Estonia,1994,1A4A,ABFLOW035,Oil,,,0.0
Estonia,1994,1A4B,ABFLOW034,Coal,,,0.0
Estonia,1994,1A4B,ABFLOW034,Natural gas,,,0.0
Estonia,1994,1A4B,ABFLOW034,Oil,,,0.0
Estonia,1994,1A4C1,ABFLOW036,Coal,,,0.0
Estonia,1994,1A4C1,ABFLOW036,Natural gas,,,0.0
Estonia,1994,1A4C1,ABFLOW036,Oil,,,0.0
Estonia,1994,1A4C2,ABFLOW037,Coal,,,0.0
Estonia,1994,1A4C2,ABFLOW037,Natural gas,,,0.0
Estonia,1994,1A4C2,ABFLOW037,Oil,,,0.0
Estonia,1994,1A5,ABFLOW038,Coal,,,0.0
Estonia,1994,1A5,ABFLOW038,Natural gas,,,0.0
Estonia,1994,1A5,ABFLOW038,Oil,,,0.0
Estonia,1995,1A,ABFLOW001,Coal,,,0.0
Estonia,1995,1A,ABFLOW001,Natural gas,,,0.0
Estonia,1995,1A,ABFLOW001,Oil,,,0.0
Estonia,1995,1A1A,ABFLOW002,Coal,,,0.0
Estonia,1995,1A1A,ABFLOW002,Natural gas,,,0.0
Estonia,1995,1A1A,ABFLOW002,Oil,,,0.0
Estonia,1995,1A1A1,ABFLOW003,Coal,,,0.0
Estonia,1995,1A1A1,ABFLOW003,Natural gas,,,0.0
Estonia,1995,1A1A1,ABFLOW003,Oil,,,0.0
Estonia,1995,1A1A2,ABFLOW004,Coal,,,0.0
Estonia,1995,1A1A2,ABFLOW004,Natural gas,,,0.0
Estonia,1995,1A1A2,ABFLOW004,Oil,,,0.0
Estonia,1995,1A1A3,ABFLOW005,Coal,,,0.0
Estonia,1995,1A1A3,ABFLOW005,Natural gas,,,0.0
Estonia,1995,1A1A3,ABFLOW005,Oil,,,0.0
Estonia,1995,1A1B,ABFLOW011,Coal,,,0.0
Estonia,1995,1A1B,ABFLOW011,Natural gas,,,0.0
Estonia,1995,1A1B,ABFLOW011,Oil,,,0.0
Estonia,1995,1A1C,ABFLOW011,Coal,,,0.0
Estonia,1995,1A1C,ABFLOW011,Natural gas,,,0.0
Estonia,1995,1A1C,ABFLOW011,Oil,,,0.0
Estonia,1995,1A2,ABFLOW012,Coal,,,0.0
Estonia,1995,1A2,ABFLOW012,Natural gas,,,0.0
Estonia,1995,1A2,ABFLOW012,Oil,,,0.0
Estonia,1995,1A2A,ABFLOW016,Coal,,,0.0
Estonia,1995,1A2A,ABFLOW016,Natural gas,,,0.0
Estonia,1995,1A2A,ABFLOW016,Oil,,,0.0
Estonia,1995,1A2B,ABFLOW018,Coal,,,0.0
Estonia,1995,1A2B,ABFLOW018,Natural gas,,,0.0
Estonia,1995,1A2B,ABFLOW018,Oil,,,0.0
Estonia,1995,1A2C,ABFLOW017,Coal,,,0.0
Estonia,1995,1A2C,ABFLOW017,Natural gas,,,0.0
Estonia,1995,1A2C,ABFLOW017,Oil,,,0.0
Estonia,1995,1A2D,ABFLOW023,Coal,,,0.0
Estonia,1995,1A2D,ABFLOW023,Natural gas,,,0.0
Estonia,1995,1A2D,ABFLOW023,Oil,,,0.0
Estonia,1995,1A2E,ABFLOW022,Coal,,,0.0
Estonia,1995,1A2E,ABFLOW022,Natural gas,,,0.0
Estonia,1995,1A2E,ABFLOW022,Oil,,,0.0
Estonia,1995,1A2F,ABFLOW019,Coal,,,0.0
Estonia,1995,1A2F,ABFLOW019,Natural gas,,,0.0
Estonia,1995,1A2F,ABFLOW019,Oil,,,0.0
Estonia,1995,1A2G,ABFLOW020,Coal,,,0.0
Estonia,1995,1A2G,ABFLOW020,Natural gas,,,0.0
Estonia,1995,1A2G,ABFLOW020,Oil,,,0.0
Estonia,1995,1A2H,ABFLOW021,Coal,,,0.0
Estonia,1995,1A2H,ABFLOW021,Natural gas,,,0.0
Estonia,1995,1A2H,ABFLOW021,Oil,,,0.0
Estonia,1995,1A2I,ABFLOW013,Coal,,,0.0
Estonia,1995,1A2I,ABFLOW013,Natural gas,,,0.0
Estonia,1995,1A2I,ABFLOW013,Oil,,,0.0
Estonia,1995,1A2J,ABFLOW024,Coal,,,0.0
Estonia,1995,1A2J,ABFLOW024,Natural gas,,,0.0
Estonia,1995,1A2J,ABFLOW024,Oil,,,0.0
Estonia,1995,1A2K,ABFLOW014,Coal,,,0.0
Estonia,1995,1A2K,ABFLOW014,Natural gas,,,0.0
Estonia,1995,1A2K,ABFLOW014,Oil,,,0.0
Estonia,1995,1A2L,ABFLOW025,Coal,,,0.0
Estonia,1995,1A2L,ABFLOW025,Natural gas,,,0.0
Estonia,1995,1A2L,ABFLOW025,Oil,,,0.0
Estonia,1995,1A2M,ABFLOW026,Coal,,,0.0
Estonia,1995,1A2M,ABFLOW026,Natural gas,,,0.0
Estonia,1995,1A2M,ABFLOW026,Oil,,,0.0
Estonia,1995,1A3,ABFLOW027,Coal,,,0.0
Estonia,1995,1A3,ABFLOW027,Natural gas,,,0.0
Estonia,1995,1A3,ABFLOW027,Oil,,,0.0
Estonia,1995,1A3A1,ABFLOW040,Coal,,,0.0
Estonia,1995,1A3A1,ABFLOW040,Natural gas,,,0.0
Estonia,1995,1A3A1,ABFLOW040,Oil,,,0.0
Estonia,1995,1A3A2,ABFLOW029,Coal,,,0.0
Estonia,1995,1A3A2,ABFLOW029,Natural gas,,,0.0
Estonia,1995,1A3A2,ABFLOW029,Oil,,,0.0
Estonia,1995,1A3B,ABFLOW028,Coal,,,0.0
Estonia,1995,1A3B,ABFLOW028,Natural gas,,,0.0
Estonia,1995,1A3B,ABFLOW028,Oil,,,0.0
Estonia,1995,1A3C,ABFLOW030,Coal,,,0.0
Estonia,1995,1A3C,ABFLOW030,Natural gas,,,0.0
Estonia,1995,1A3C,ABFLOW030,Oil,,,0.0
Estonia,1995,1A3D1,ABFLOW039,Coal,,,0.0
Estonia,1995,1A3D1,ABFLOW039,Natural gas,,,0.0
Estonia,1995,1A3D1,ABFLOW039,Oil,,,0.0
Estonia,1995,1A3D2,ABFLOW032,Coal,,,0.0
Estonia,1995,1A3D2,ABFLOW032,Natural gas,,,0.0
Estonia,1995,1A3D2,ABFLOW032,Oil,,,0.0
Estonia,1995,1A3E1,ABFLOW033,Coal,,,0.0
Estonia,1995,1A3E1,ABFLOW033,Natural gas,,,0.0
Estonia,1995,1A3E1,ABFLOW033,Oil,,,0.0
Estonia,1995,1A4A,ABFLOW035,Coal,,,0.0
Estonia,1995,1A4A,ABFLOW035,Natural gas,,,0.0
Estonia,1995,1A4A,ABFLOW035,Oil,,,0.0
Estonia,1995,1A4B,ABFLOW034,Coal,,,0.0
Estonia,1995,1A4B,ABFLOW034,Natural gas,,,0.0
Estonia,1995,1A4B,ABFLOW034,Oil,,,0.0
Estonia,1995,1A4C1,ABFLOW036,Coal,,,0.0
Estonia,1995,1A4C1,ABFLOW036,Natural gas,,,0.0
Estonia,1995,1A4C1,ABFLOW036,Oil,,,0.0
Estonia,1995,1A4C2,ABFLOW037,Coal,,,0.0
Estonia,1995,1A4C2,ABFLOW037,Natural gas,,,0.0
Estonia,1995,1A4C2,ABFLOW037,Oil,,,0.0
Estonia,1995,1A5,ABFLOW038,Coal,,,0.0
Estonia,1995,1A5,ABFLOW038,Natural gas,,,0.0
Estonia,1995,1A5,ABFLOW038,Oil,,,0.0
Estonia,1996,1A,ABFLOW001,Coal,,,0.0
Estonia,1996,1A,ABFLOW001,Natural gas,,,0.0
Estonia,1996,1A,ABFLOW001,Oil,,,0.0
Estonia,1996,1A1A,ABFLOW002,Coal,,,0.0
Estonia,1996,1A1A,ABFLOW002,Natural gas,,,0.0
Estonia,1996,1A1A,ABFLOW002,Oil,,,0.0
Estonia,1996,1A1A1,ABFLOW003,Coal,,,0.0
Estonia,1996,1A1A1,ABFLOW003,Natural gas,,,0.0
Estonia,1996,1A1A1,ABFLOW003,Oil,,,0.0
Estonia,1996,1A1A2,ABFLOW004,Coal,,,0.0
Estonia,1996,1A1A2,ABFLOW004,Natural gas,,,0.0
Estonia,1996,1A1A2,ABFLOW004,Oil,,,0.0
Estonia,1996,1A1A3,ABFLOW005,Coal,,,0.0
Estonia,1996,1A1A3,ABFLOW005,Natural gas,,,0.0
Estonia,1996,1A1A3,ABFLOW005,Oil,,,0.0
Estonia,1996,1A1B,ABFLOW011,Coal,,,0.0
Estonia,1996,1A1B,ABFLOW011,Natural gas,,,0.0
Estonia,1996,1A1B,ABFLOW011,Oil,,,0.0
Estonia,1996,1A1C,ABFLOW011,Coal,,,0.0
Estonia,1996,1A1C,ABFLOW011,Natural gas,,,0.0
Estonia,1996,1A1C,ABFLOW011,Oil,,,0.0
Estonia,1996,1A2,ABFLOW012,Coal,,,0.0
Estonia,1996,1A2,ABFLOW012,Natural gas,,,0.0
Estonia,1996,1A2,ABFLOW012,Oil,,,0.0
Estonia,1996,1A2A,ABFLOW016,Coal,,,0.0
Estonia,1996,1A2A,ABFLOW016,Natural gas,,,0.0
Estonia,1996,1A2A,ABFLOW016,Oil,,,0.0
Estonia,1996,1A2B,ABFLOW018,Coal,,,0.0
Estonia,1996,1A2B,ABFLOW018,Natural gas,,,0.0
Estonia,1996,1A2B,ABFLOW018,Oil,,,0.0
Estonia,1996,1A2C,ABFLOW017,Coal,,,0.0
Estonia,1996,1A2C,ABFLOW017,Natural gas,,,0.0
Estonia,1996,1A2C,ABFLOW017,Oil,,,0.0
Estonia,1996,1A2D,ABFLOW023,Coal,,,0.0
Estonia,1996,1A2D,ABFLOW023,Natural gas,,,0.0
Estonia,1996,1A2D,ABFLOW023,Oil,,,0.0
Estonia,1996,1A2E,ABFLOW022,Coal,,,0.0
Estonia,1996,1A2E,ABFLOW022,Natural gas,,,0.0
Estonia,1996,1A2E,ABFLOW022,Oil,,,0.0
Estonia,1996,1A2F,ABFLOW019,Coal,,,0.0
Estonia,1996,1A2F,ABFLOW019,Natural gas,,,0.0
Estonia,1996,1A2F,ABFLOW019,Oil,,,0.0
Estonia,1996,1A2G,ABFLOW020,Coal,,,0.0
Estonia,1996,1A2G,ABFLOW020,Natural gas,,,0.0
Estonia,1996,1A2G,ABFLOW020,Oil,,,0.0
Estonia,1996,1A2H,ABFLOW021,Coal,,,0.0
Estonia,1996,1A2H,ABFLOW021,Natural gas,,,0.0
Estonia,1996,1A2H,ABFLOW021,Oil,,,0.0
Estonia,1996,1A2I,ABFLOW013,Coal,,,0.0
Estonia,1996,1A2I,ABFLOW013,Natural gas,,,0.0
Estonia,1996,1A2I,ABFLOW013,Oil,,,0.0
Estonia,1996,1A2J,ABFLOW024,Coal,,,0.0
Estonia,1996,1A2J,ABFLOW024,Natural gas,,,0.0
Estonia,1996,1A2J,ABFLOW024,Oil,,,0.0
Estonia,1996,1A2K,ABFLOW014,Coal,,,0.0
Estonia,1996,1A2K,ABFLOW014,Natural gas,,,0.0
Estonia,1996,1A2K,ABFLOW014,Oil,,,0.0
Estonia,1996,1A2L,ABFLOW025,Coal,,,0.0
Estonia,1996,1A2L,ABFLOW025,Natural gas,,,0.0
Estonia,1996,1A2L,ABFLOW025,Oil,,,0.0
Estonia,1996,1A2M,ABFLOW026,Coal,,,0.0
Estonia,1996,1A2M,ABFLOW026,Natural gas,,,0.0
Estonia,1996,1A2M,ABFLOW026,Oil,,,0.0
Estonia,1996,1A3,ABFLOW027,Coal,,,0.0
Estonia,1996,1A3,ABFLOW027,Natural gas,,,0.0
Estonia,1996,1A3,ABFLOW027,Oil,,,0.0
Estonia,1996,1A3A1,ABFLOW040,Coal,,,0.0
Estonia,1996,1A3A1,ABFLOW040,Natural gas,,,0.0
Estonia,1996,1A3A1,ABFLOW040,Oil,,,0.0
Estonia,1996,1A3A2,ABFLOW029,Coal,,,0.0
Estonia,1996,1A3A2,ABFLOW029,Natural gas,,,0.0
Estonia,1996,1A3A2,ABFLOW029,Oil,,,0.0
Estonia,1996,1A3B,ABFLOW028,Coal,,,0.0
Estonia,1996,1A3B,ABFLOW028,Natural gas,,,0.0
Estonia,1996,1A3B,ABFLOW028,Oil,,,0.0
Estonia,1996,1A3C,ABFLOW030,Coal,,,0.0
Estonia,1996,1A3C,ABFLOW030,Natural gas,,,0.0
Estonia,1996,1A3C,ABFLOW030,Oil,,,0.0
Estonia,1996,1A3D1,ABFLOW039,Coal,,,0.0
Estonia,1996,1A3D1,ABFLOW039,Natural gas,,,0.0
Estonia,1996,1A3D1,ABFLOW039,Oil,,,0.0
Estonia,1996,1A3D2,ABFLOW032,Coal,,,0.0
Estonia,1996,1A3D2,ABFLOW032,Natural gas,,,0.0
Estonia,1996,1A3D2,ABFLOW032,Oil,,,0.0
Estonia,1996,1A3E1,ABFLOW033,Coal,,,0.0
Estonia,1996,1A3E1,ABFLOW033,Natural gas,,,0.0
Estonia,1996,1A3E1,ABFLOW033,Oil,,,0.0
Estonia,1996,1A4A,ABFLOW035,Coal,,,0.0
Estonia,1996,1A4A,ABFLOW035,Natural gas,,,0.0
Estonia,1996,1A4A,ABFLOW035,Oil,,,0.0
Estonia,1996,1A4B,ABFLOW034,Coal,,,0.0
Estonia,1996,1A4B,ABFLOW034,Natural gas,,,0.0
Estonia,1996,1A4B,ABFLOW034,Oil,,,0.0
Estonia,1996,1A4C1,ABFLOW036,Coal,,,0.0
Estonia,1996,1A4C1,ABFLOW036,Natural gas,,,0.0
Estonia,1996,1A4C1,ABFLOW036,Oil,,,0.0
Estonia,1996,1A4C2,ABFLOW037,Coal,,,0.0
Estonia,1996,1A4C2,ABFLOW037,Natural gas,,,0.0
Estonia,1996,1A4C2,ABFLOW037,Oil,,,0.0
Estonia,1996,1A5,ABFLOW038,Coal,,,0.0
Estonia,1996,1A5,ABFLOW038,Natural gas,,,0.0
Estonia,1996,1A5,ABFLOW038,Oil,,,0.0
Estonia,1997,1A,ABFLOW001,Coal,,,0.0
Estonia,1997,1A,ABFLOW001,Natural gas,,,0.0
Estonia,1997,1A,ABFLOW001,Oil,,,0.0
Estonia,1997,1A1A,ABFLOW002,Coal,,,0.0
Estonia,1997,1A1A,ABFLOW002,Natural gas,,,0.0
Estonia,1997,1A1A,ABFLOW002,Oil,,,0.0
Estonia,1997,1A1A1,ABFLOW003,Coal,,,0.0
Estonia,1997,1A1A1,ABFLOW003,Natural gas,,,0.0
Estonia,1997,1A1A1,ABFLOW003,Oil,,,0.0
Estonia,1997,1A1A2,ABFLOW004,Coal,,,0.0
Estonia,1997,1A1A2,ABFLOW004,Natural gas,,,0.0
Estonia,1997,1A1A2,ABFLOW004,Oil,,,0.0
Estonia,1997,1A1A3,ABFLOW005,Coal,,,0.0
Estonia,1997,1A1A3,ABFLOW005,Natural gas,,,0.0
Estonia,1997,1A1A3,ABFLOW005,Oil,,,0.0
Estonia,1997,1A1B,ABFLOW011,Coal,,,0.0
Estonia,1997,1A1B,ABFLOW011,Natural gas,,,0.0
Estonia,1997,1A1B,ABFLOW011,Oil,,,0.0
Estonia,1997,1A1C,ABFLOW011,Coal,,,0.0
Estonia,1997,1A1C,ABFLOW011,Natural gas,,,0.0
Estonia,1997,1A1C,ABFLOW011,Oil,,,0.0
Estonia,1997,1A2,ABFLOW012,Coal,,,0.0
Estonia,1997,1A2,ABFLOW012,Natural gas,,,0.0
Estonia,1997,1A2,ABFLOW012,Oil,,,0.0
Estonia,1997,1A2A,ABFLOW016,Coal,,,0.0
Estonia,1997,1A2A,ABFLOW016,Natural gas,,,0.0
Estonia,1997,1A2A,ABFLOW016,Oil,,,0.0
Estonia,1997,1A2B,ABFLOW018,Coal,,,0.0
Estonia,1997,1A2B,ABFLOW018,Natural gas,,,0.0
Estonia,1997,1A2B,ABFLOW018,Oil,,,0.0
Estonia,1997,1A2C,ABFLOW017,Coal,,,0.0
Estonia,1997,1A2C,ABFLOW017,Natural gas,,,0.0
Estonia,1997,1A2C,ABFLOW017,Oil,,,0.0
Estonia,1997,1A2D,ABFLOW023,Coal,,,0.0
Estonia,1997,1A2D,ABFLOW023,Natural gas,,,0.0
Estonia,1997,1A2D,ABFLOW023,Oil,,,0.0
Estonia,1997,1A2E,ABFLOW022,Coal,,,0.0
Estonia,1997,1A2E,ABFLOW022,Natural gas,,,0.0
Estonia,1997,1A2E,ABFLOW022,Oil,,,0.0
Estonia,1997,1A2F,ABFLOW019,Coal,,,0.0
Estonia,1997,1A2F,ABFLOW019,Natural gas,,,0.0
Estonia,1997,1A2F,ABFLOW019,Oil,,,0.0
Estonia,1997,1A2G,ABFLOW020,Coal,,,0.0
Estonia,1997,1A2G,ABFLOW020,Natural gas,,,0.0
Estonia,1997,1A2G,ABFLOW020,Oil,,,0.0
Estonia,1997,1A2H,ABFLOW021,Coal,,,0.0
Estonia,1997,1A2H,ABFLOW021,Natural gas,,,0.0
Estonia,1997,1A2H,ABFLOW021,Oil,,,0.0
Estonia,1997,1A2I,ABFLOW013,Coal,,,0.0
Estonia,1997,1A2I,ABFLOW013,Natural gas,,,0.0
Estonia,1997,1A2I,ABFLOW013,Oil,,,0.0
Estonia,1997,1A2J,ABFLOW024,Coal,,,0.0
Estonia,1997,1A2J,ABFLOW024,Natural gas,,,0.0
Estonia,1997,1A2J,ABFLOW024,Oil,,,0.0
Estonia,1997,1A2K,ABFLOW014,Coal,,,0.0
Estonia,1997,1A2K,ABFLOW014,Natural gas,,,0.0
Estonia,1997,1A2K,ABFLOW014,Oil,,,0.0
Estonia,1997,1A2L,ABFLOW025,Coal,,,0.0
Estonia,1997,1A2L,ABFLOW025,Natural gas,,,0.0
Estonia,1997,1A2L,ABFLOW025,Oil,,,0.0
Estonia,1997,1A2M,ABFLOW026,Coal,,,0.0
Estonia,1997,1A2M,ABFLOW026,Natural gas,,,0.0
Estonia,1997,1A2M,ABFLOW026,Oil,,,0.0
Estonia,1997,1A3,ABFLOW027,Coal,,,0.0
Estonia,1997,1A3,ABFLOW027,Natural gas,,,0.0
Estonia,1997,1A3,ABFLOW027,Oil,,,0.0
Estonia,1997,1A3A1,ABFLOW040,Coal,,,0.0
Estonia,1997,1A3A1,ABFLOW040,Natural gas,,,0.0
Estonia,1997,1A3A1,ABFLOW040,Oil,,,0.0
Estonia,1997,1A3A2,ABFLOW029,Coal,,,0.0
Estonia,1997,1A3A2,ABFLOW029,Natural gas,,,0.0
Estonia,1997,1A3A2,ABFLOW029,Oil,,,0.0
Estonia,1997,1A3B,ABFLOW028,Coal,,,0.0
Estonia,1997,1A3B,ABFLOW028,Natural gas,,,0.0
Estonia,1997,1A3B,ABFLOW028,Oil,,,0.0
Estonia,1997,1A3C,ABFLOW030,Coal,,,0.0
Estonia,1997,1A3C,ABFLOW030,Natural gas,,,0.0
Estonia,1997,1A3C,ABFLOW030,Oil,,,0.0
Estonia,1997,1A3D1,ABFLOW039,Coal,,,0.0
Estonia,1997,1A3D1,ABFLOW039,Natural gas,,,0.0
Estonia,1997,1A3D1,ABFLOW039,Oil,,,0.0
Estonia,1997,1A3D2,ABFLOW032,Coal,,,0.0
Estonia,1997,1A3D2,ABFLOW032,Natural gas,,,0.0
Estonia,1997,1A3D2,ABFLOW032,Oil,,,0.0
Estonia,1997,1A3E1,ABFLOW033,Coal,,,0.0
Estonia,1997,1A3E1,ABFLOW033,Natural gas,,,0.0
Estonia,1997,1A3E1,ABFLOW033,Oil,,,0.0
Estonia,1997,1A4A,ABFLOW035,Coal,,,0.0
Estonia,1997,1A4A,ABFLOW035,Natural gas,,,0.0
Estonia,1997,1A4A,ABFLOW035,Oil,,,0.0
Estonia,1997,1A4B,ABFLOW034,Coal,,,0.0
Estonia,1997,1A4B,ABFLOW034,Natural gas,,,0.0
Estonia,1997,1A4B,ABFLOW034,Oil,,,0.0
Estonia,1997,1A4C1,ABFLOW036,Coal,,,0.0
Estonia,1997,1A4C1,ABFLOW036,Natural gas,,,0.0
Estonia,1997,1A4C1,ABFLOW036,Oil,,,0.0
Estonia,1997,1A4C2,ABFLOW037,Coal,,,0.0
Estonia,1997,1A4C2,ABFLOW037,Natural gas,,,0.0
Estonia,1997,1A4C2,ABFLOW037,Oil,,,0.0
Estonia,1997,1A5,ABFLOW038,Coal,,,0.0
Estonia,1997,1A5,ABFLOW038,Natural gas,,,0.0
Estonia,1997,1A5,ABFLOW038,Oil,,,0.0
Estonia,1998,1A,ABFLOW001,Coal,,,0.0
Estonia,1998,1A,ABFLOW001,Natural gas,,,0.0
Estonia,1998,1A,ABFLOW001,Oil,,,0.0
Estonia,1998,1A1A,ABFLOW002,Coal,,,0.0
Estonia,1998,1A1A,ABFLOW002,Natural gas,,,0.0
Estonia,1998,1A1A,ABFLOW002,Oil,,,0.0
Estonia,1998,1A1A1,ABFLOW003,Coal,,,0.0
Estonia,1998,1A1A1,ABFLOW003,Natural gas,,,0.0
Estonia,1998,1A1A1,ABFLOW003,Oil,,,0.0
Estonia,1998,1A1A2,ABFLOW004,Coal,,,0.0
Estonia,1998,1A1A2,ABFLOW004,Natural gas,,,0.0
Estonia,1998,1A1A2,ABFLOW004,Oil,,,0.0
Estonia,1998,1A1A3,ABFLOW005,Coal,,,0.0
Estonia,1998,1A1A3,ABFLOW005,Natural gas,,,0.0
Estonia,1998,1A1A3,ABFLOW005,Oil,,,0.0
Estonia,1998,1A1B,ABFLOW011,Coal,,,0.0
Estonia,1998,1A1B,ABFLOW011,Natural gas,,,0.0
Estonia,1998,1A1B,ABFLOW011,Oil,,,0.0
Estonia,1998,1A1C,ABFLOW011,Coal,,,0.0
Estonia,1998,1A1C,ABFLOW011,Natural gas,,,0.0
Estonia,1998,1A1C,ABFLOW011,Oil,,,0.0
Estonia,1998,1A2,ABFLOW012,Coal,,,0.0
Estonia,1998,1A2,ABFLOW012,Natural gas,,,0.0
Estonia,1998,1A2,ABFLOW012,Oil,,,0.0
Estonia,1998,1A2A,ABFLOW016,Coal,,,0.0
Estonia,1998,1A2A,ABFLOW016,Natural gas,,,0.0
Estonia,1998,1A2A,ABFLOW016,Oil,,,0.0
Estonia,1998,1A2B,ABFLOW018,Coal,,,0.0
Estonia,1998,1A2B,ABFLOW018,Natural gas,,,0.0
Estonia,1998,1A2B,ABFLOW018,Oil,,,0.0
Estonia,1998,1A2C,ABFLOW017,Coal,,,0.0
Estonia,1998,1A2C,ABFLOW017,Natural gas,,,0.0
Estonia,1998,1A2C,ABFLOW017,Oil,,,0.0
Estonia,1998,1A2D,ABFLOW023,Coal,,,0.0
Estonia,1998,1A2D,ABFLOW023,Natural gas,,,0.0
Estonia,1998,1A2D,ABFLOW023,Oil,,,0.0
Estonia,1998,1A2E,ABFLOW022,Coal,,,0.0
Estonia,1998,1A2E,ABFLOW022,Natural gas,,,0.0
Estonia,1998,1A2E,ABFLOW022,Oil,,,0.0
Estonia,1998,1A2F,ABFLOW019,Coal,,,0.0
Estonia,1998,1A2F,ABFLOW019,Natural gas,,,0.0
Estonia,1998,1A2F,ABFLOW019,Oil,,,0.0
Estonia,1998,1A2G,ABFLOW020,Coal,,,0.0
Estonia,1998,1A2G,ABFLOW020,Natural gas,,,0.0
Estonia,1998,1A2G,ABFLOW020,Oil,,,0.0
Estonia,1998,1A2H,ABFLOW021,Coal,,,0.0
Estonia,1998,1A2H,ABFLOW021,Natural gas,,,0.0
Estonia,1998,1A2H,ABFLOW021,Oil,,,0.0
Estonia,1998,1A2I,ABFLOW013,Coal,,,0.0
Estonia,1998,1A2I,ABFLOW013,Natural gas,,,0.0
Estonia,1998,1A2I,ABFLOW013,Oil,,,0.0
Estonia,1998,1A2J,ABFLOW024,Coal,,,0.0
Estonia,1998,1A2J,ABFLOW024,Natural gas,,,0.0
Estonia,1998,1A2J,ABFLOW024,Oil,,,0.0
Estonia,1998,1A2K,ABFLOW014,Coal,,,0.0
Estonia,1998,1A2K,ABFLOW014,Natural gas,,,0.0
Estonia,1998,1A2K,ABFLOW014,Oil,,,0.0
Estonia,1998,1A2L,ABFLOW025,Coal,,,0.0
Estonia,1998,1A2L,ABFLOW025,Natural gas,,,0.0
Estonia,1998,1A2L,ABFLOW025,Oil,,,0.0
Estonia,1998,1A2M,ABFLOW026,Coal,,,0.0
Estonia,1998,1A2M,ABFLOW026,Natural gas,,,0.0
Estonia,1998,1A2M,ABFLOW026,Oil,,,0.0
Estonia,1998,1A3,ABFLOW027,Coal,,,0.0
Estonia,1998,1A3,ABFLOW027,Natural gas,,,0.0
Estonia,1998,1A3,ABFLOW027,Oil,,,0.0
Estonia,1998,1A3A1,ABFLOW040,Coal,,,0.0
Estonia,1998,1A3A1,ABFLOW040,Natural gas,,,0.0
Estonia,1998,1A3A1,ABFLOW040,Oil,,,0.0
Estonia,1998,1A3A2,ABFLOW029,Coal,,,0.0
Estonia,1998,1A3A2,ABFLOW029,Natural gas,,,0.0
Estonia,1998,1A3A2,ABFLOW029,Oil,,,0.0
Estonia,1998,1A3B,ABFLOW028,Coal,,,0.0
Estonia,1998,1A3B,ABFLOW028,Natural gas,,,0.0
Estonia,1998,1A3B,ABFLOW028,Oil,,,0.0
Estonia,1998,1A3C,ABFLOW030,Coal,,,0.0
Estonia,1998,1A3C,ABFLOW030,Natural gas,,,0.0
Estonia,1998,1A3C,ABFLOW030,Oil,,,0.0
Estonia,1998,1A3D1,ABFLOW039,Coal,,,0.0
Estonia,1998,1A3D1,ABFLOW039,Natural gas,,,0.0
Estonia,1998,1A3D1,ABFLOW039,Oil,,,0.0
Estonia,1998,1A3D2,ABFLOW032,Coal,,,0.0
Estonia,1998,1A3D2,ABFLOW032,Natural gas,,,0.0
Estonia,1998,1A3D2,ABFLOW032,Oil,,,0.0
Estonia,1998,1A3E1,ABFLOW033,Coal,,,0.0
Estonia,1998,1A3E1,ABFLOW033,Natural gas,,,0.0
Estonia,1998,1A3E1,ABFLOW033,Oil,,,0.0
Estonia,1998,1A4A,ABFLOW035,Coal,,,0.0
Estonia,1998,1A4A,ABFLOW035,Natural gas,,,0.0
Estonia,1998,1A4A,ABFLOW035,Oil,,,0.0
Estonia,1998,1A4B,ABFLOW034,Coal,,,0.0
Estonia,1998,1A4B,ABFLOW034,Natural gas,,,0.0
Estonia,1998,1A4B,ABFLOW034,Oil,,,0.0
Estonia,1998,1A4C1,ABFLOW036,Coal,,,0.0
Estonia,1998,1A4C1,ABFLOW036,Natural gas,,,0.0
Estonia,1998,1A4C1,ABFLOW036,Oil,,,0.0
Estonia,1998,1A4C2,ABFLOW037,Coal,,,0.0
Estonia,1998,1A4C2,ABFLOW037,Natural gas,,,0.0
Estonia,1998,1A4C2,ABFLOW037,Oil,,,0.0
Estonia,1998,1A5,ABFLOW038,Coal,,,0.0
Estonia,1998,1A5,ABFLOW038,Natural gas,,,0.0
Estonia,1998,1A5,ABFLOW038,Oil,,,0.0
Estonia,1999,1A,ABFLOW001,Coal,,,0.0
Estonia,1999,1A,ABFLOW001,Natural gas,,,0.0
Estonia,1999,1A,ABFLOW001,Oil,,,0.0
Estonia,1999,1A1A,ABFLOW002,Coal,,,0.0
Estonia,1999,1A1A,ABFLOW002,Natural gas,,,0.0
Estonia,1999,1A1A,ABFLOW002,Oil,,,0.0
Estonia,1999,1A1A1,ABFLOW003,Coal,,,0.0
Estonia,1999,1A1A1,ABFLOW003,Natural gas,,,0.0
Estonia,1999,1A1A1,ABFLOW003,Oil,,,0.0
Estonia,1999,1A1A2,ABFLOW004,Coal,,,0.0
Estonia,1999,1A1A2,ABFLOW004,Natural gas,,,0.0
Estonia,1999,1A1A2,ABFLOW004,Oil,,,0.0
Estonia,1999,1A1A3,ABFLOW005,Coal,,,0.0
Estonia,1999,1A1A3,ABFLOW005,Natural gas,,,0.0
Estonia,1999,1A1A3,ABFLOW005,Oil,,,0.0
Estonia,1999,1A1B,ABFLOW011,Coal,,,0.0
Estonia,1999,1A1B,ABFLOW011,Natural gas,,,0.0
Estonia,1999,1A1B,ABFLOW011,Oil,,,0.0
Estonia,1999,1A1C,ABFLOW011,Coal,,,0.0
Estonia,1999,1A1C,ABFLOW011,Natural gas,,,0.0
Estonia,1999,1A1C,ABFLOW011,Oil,,,0.0
Estonia,1999,1A2,ABFLOW012,Coal,,,0.0
Estonia,1999,1A2,ABFLOW012,Natural gas,,,0.0
Estonia,1999,1A2,ABFLOW012,Oil,,,0.0
Estonia,1999,1A2A,ABFLOW016,Coal,,,0.0
Estonia,1999,1A2A,ABFLOW016,Natural gas,,,0.0
Estonia,1999,1A2A,ABFLOW016,Oil,,,0.0
Estonia,1999,1A2B,ABFLOW018,Coal,,,0.0
Estonia,1999,1A2B,ABFLOW018,Natural gas,,,0.0
Estonia,1999,1A2B,ABFLOW018,Oil,,,0.0
Estonia,1999,1A2C,ABFLOW017,Coal,,,0.0
Estonia,1999,1A2C,ABFLOW017,Natural gas,,,0.0
Estonia,1999,1A2C,ABFLOW017,Oil,,,0.0
Estonia,1999,1A2D,ABFLOW023,Coal,,,0.0
Estonia,1999,1A2D,ABFLOW023,Natural gas,,,0.0
Estonia,1999,1A2D,ABFLOW023,Oil,,,0.0
Estonia,1999,1A2E,ABFLOW022,Coal,,,0.0
Estonia,1999,1A2E,ABFLOW022,Natural gas,,,0.0
Estonia,1999,1A2E,ABFLOW022,Oil,,,0.0
Estonia,1999,1A2F,ABFLOW019,Coal,,,0.0
Estonia,1999,1A2F,ABFLOW019,Natural gas,,,0.0
Estonia,1999,1A2F,ABFLOW019,Oil,,,0.0
Estonia,1999,1A2G,ABFLOW020,Coal,,,0.0
Estonia,1999,1A2G,ABFLOW020,Natural gas,,,0.0
Estonia,1999,1A2G,ABFLOW020,Oil,,,0.0
Estonia,1999,1A2H,ABFLOW021,Coal,,,0.0
Estonia,1999,1A2H,ABFLOW021,Natural gas,,,0.0
Estonia,1999,1A2H,ABFLOW021,Oil,,,0.0
Estonia,1999,1A2I,ABFLOW013,Coal,,,0.0
Estonia,1999,1A2I,ABFLOW013,Natural gas,,,0.0
Estonia,1999,1A2I,ABFLOW013,Oil,,,0.0
Estonia,1999,1A2J,ABFLOW024,Coal,,,0.0
Estonia,1999,1A2J,ABFLOW024,Natural gas,,,0.0
Estonia,1999,1A2J,ABFLOW024,Oil,,,0.0
Estonia,1999,1A2K,ABFLOW014,Coal,,,0.0
Estonia,1999,1A2K,ABFLOW014,Natural gas,,,0.0
Estonia,1999,1A2K,ABFLOW014,Oil,,,0.0
Estonia,1999,1A2L,ABFLOW025,Coal,,,0.0
Estonia,1999,1A2L,ABFLOW025,Natural gas,,,0.0
Estonia,1999,1A2L,ABFLOW025,Oil,,,0.0
Estonia,1999,1A2M,ABFLOW026,Coal,,,0.0
Estonia,1999,1A2M,ABFLOW026,Natural gas,,,0.0
Estonia,1999,1A2M,ABFLOW026,Oil,,,0.0
Estonia,1999,1A3,ABFLOW027,Coal,,,0.0
Estonia,1999,1A3,ABFLOW027,Natural gas,,,0.0
Estonia,1999,1A3,ABFLOW027,Oil,,,0.0
Estonia,1999,1A3A1,ABFLOW040,Coal,,,0.0
Estonia,1999,1A3A1,ABFLOW040,Natural gas,,,0.0
Estonia,1999,1A3A1,ABFLOW040,Oil,,,0.0
Estonia,1999,1A3A2,ABFLOW029,Coal,,,0.0
Estonia,1999,1A3A2,ABFLOW029,Natural gas,,,0.0
Estonia,1999,1A3A2,ABFLOW029,Oil,,,0.0
Estonia,1999,1A3B,ABFLOW028,Coal,,,0.0
Estonia,1999,1A3B,ABFLOW028,Natural gas,,,0.0
Estonia,1999,1A3B,ABFLOW028,Oil,,,0.0
Estonia,1999,1A3C,ABFLOW030,Coal,,,0.0
Estonia,1999,1A3C,ABFLOW030,Natural gas,,,0.0
Estonia,1999,1A3C,ABFLOW030,Oil,,,0.0
Estonia,1999,1A3D1,ABFLOW039,Coal,,,0.0
Estonia,1999,1A3D1,ABFLOW039,Natural gas,,,0.0
Estonia,1999,1A3D1,ABFLOW039,Oil,,,0.0
Estonia,1999,1A3D2,ABFLOW032,Coal,,,0.0
Estonia,1999,1A3D2,ABFLOW032,Natural gas,,,0.0
Estonia,1999,1A3D2,ABFLOW032,Oil,,,0.0
Estonia,1999,1A3E1,ABFLOW033,Coal,,,0.0
Estonia,1999,1A3E1,ABFLOW033,Natural gas,,,0.0
Estonia,1999,1A3E1,ABFLOW033,Oil,,,0.0
Estonia,1999,1A4A,ABFLOW035,Coal,,,0.0
Estonia,1999,1A4A,ABFLOW035,Natural gas,,,0.0
Estonia,1999,1A4A,ABFLOW035,Oil,,,0.0
Estonia,1999,1A4B,ABFLOW034,Coal,,,0.0
Estonia,1999,1A4B,ABFLOW034,Natural gas,,,0.0
Estonia,1999,1A4B,ABFLOW034,Oil,,,0.0
Estonia,1999,1A4C1,ABFLOW036,Coal,,,0.0
Estonia,1999,1A4C1,ABFLOW036,Natural gas,,,0.0
Estonia,1999,1A4C1,ABFLOW036,Oil,,,0.0
Estonia,1999,1A4C2,ABFLOW037,Coal,,,0.0
Estonia,1999,1A4C2,ABFLOW037,Natural gas,,,0.0
Estonia,1999,1A4C2,ABFLOW037,Oil,,,0.0
Estonia,1999,1A5,ABFLOW038,Coal,,,0.0
Estonia,1999,1A5,ABFLOW038,Natural gas,,,0.0
Estonia,1999,1A5,ABFLOW038,Oil,,,0.0
Estonia,2000,1A,ABFLOW001,Coal,,,0.0
Estonia,2000,1A,ABFLOW001,Natural gas,,,0.0
Estonia,2000,1A,ABFLOW001,Oil,,,0.0
Estonia,2000,1A1A,ABFLOW002,Coal,,,0.0
Estonia,2000,1A1A,ABFLOW002,Natural gas,,,0.0
Estonia,2000,1A1A,ABFLOW002,Oil,,,0.0
Estonia,2000,1A1A1,ABFLOW003,Coal,,0.9121758776269496,0.9121758776269496
Estonia,2000,1A1A1,ABFLOW003,Natural gas,,0.9121758776269496,0.9121758776269496
Estonia,2000,1A1A1,ABFLOW003,Oil,,0.9121758776269496,0.9121758776269496
Estonia,2000,1A1A2,ABFLOW004,Coal,,0.9121758776269496,0.9121758776269496
Estonia,2000,1A1A2,ABFLOW004,Natural gas,,0.9121758776269496,0.9121758776269496
Estonia,2000,1A1A2,ABFLOW004,Oil,,0.9121758776269496,0.9121758776269496
Estonia,2000,1A1A3,ABFLOW005,Coal,,0.9121758776269496,0.9121758776269496
Estonia,2000,1A1A3,ABFLOW005,Natural gas,,0.9121758776269496,0.9121758776269496
Estonia,2000,1A1A3,ABFLOW005,Oil,,0.9121758776269496,0.9121758776269496
Estonia,2000,1A1B,ABFLOW011,Coal,,,0.0
Estonia,2000,1A1B,ABFLOW011,Natural gas,,,0.0
Estonia,2000,1A1B,ABFLOW011,Oil,,,0.0
Estonia,2000,1A1C,ABFLOW011,Coal,,,0.0
Estonia,2000,1A1C,ABFLOW011,Natural gas,,,0.0
Estonia,2000,1A1C,ABFLOW011,Oil,,,0.0
Estonia,2000,1A2,ABFLOW012,Coal,,,0.0
Estonia,2000,1A2,ABFLOW012,Natural gas,,,0.0
Estonia,2000,1A2,ABFLOW012,Oil,,,0.0
Estonia,2000,1A2A,ABFLOW016,Coal,,0.9121758776269496,0.9121758776269496
Estonia,2000,1A2A,ABFLOW016,Natural gas,,0.9121758776269496,0.9121758776269496
Estonia,2000,1A2A,ABFLOW016,Oil,,0.9121758776269496,0.9121758776269496
Estonia,2000,1A2B,ABFLOW018,Coal,,0.9121758776269496,0.9121758776269496
Estonia,2000,1A2B,ABFLOW018,Natural gas,,0.9121758776269496,0.9121758776269496
Estonia,2000,1A2B,ABFLOW018,Oil,,0.9121758776269496,0.9121758776269496
Estonia,2000,1A2C,ABFLOW017,Coal,,0.9121758776269496,0.9121758776269496
Estonia,2000,1A2C,ABFLOW017,Natural gas,,0.9121758776269496,0.9121758776269496
Estonia,2000,1A2C,ABFLOW017,Oil,,0.9121758776269496,0.9121758776269496
Estonia,2000,1A2D,ABFLOW023,Coal,,0.9121758776269496,0.9121758776269496
Estonia,2000,1A2D,ABFLOW023,Natural gas,,0.9121758776269496,0.9121758776269496
Estonia,2000,1A2D,ABFLOW023,Oil,,0.9121758776269496,0.9121758776269496
Estonia,2000,1A2E,ABFLOW022,Coal,,0.9121758776269496,0.9121758776269496
Estonia,2000,1A2E,ABFLOW022,Natural gas,,0.9121758776269496,0.9121758776269496
Estonia,2000,1A2E,ABFLOW022,Oil,,0.9121758776269496,0.9121758776269496
Estonia,2000,1A2F,ABFLOW019,Coal,,0.9121758776269496,0.9121758776269496
Estonia,2000,1A2F,ABFLOW019,Natural gas,,0.9121758776269496,0.9121758776269496
Estonia,2000,1A2F,ABFLOW019,Oil,,0.9121758776269496,0.9121758776269496
Estonia,2000,1A2G,ABFLOW020,Coal,,0.9121758776269496,0.9121758776269496
Estonia,2000,1A2G,ABFLOW020,Natural gas,,0.9121758776269496,0.9121758776269496
Estonia,2000,1A2G,ABFLOW020,Oil,,0.9121758776269496,0.9121758776269496
Estonia,2000,1A2H,ABFLOW021,Coal,,0.9121758776269496,0.9121758776269496
Estonia,2000,1A2H,ABFLOW021,Natural gas,,0.9121758776269496,0.9121758776269496
Estonia,2000,1A2H,ABFLOW021,Oil,,0.9121758776269496,0.9121758776269496
Estonia,2000,1A2I,ABFLOW013,Coal,,0.9121758776269496,0.9121758776269496
Estonia,2000,1A2I,ABFLOW013,Natural gas,,0.9121758776269496,0.9121758776269496
Estonia,2000,1A2I,ABFLOW013,Oil,,0.9121758776269496,0.9121758776269496
Estonia,2000,1A2J,ABFLOW024,Coal,,0.9121758776269496,0.9121758776269496
Estonia,2000,1A2J,ABFLOW024,Natural gas,,0.9121758776269496,0.9121758776269496
Estonia,2000,1A2J,ABFLOW024,Oil,,0.9121758776269496,0.9121758776269496
Estonia,2000,1A2K,ABFLOW014,Coal,,0.9121758776269496,0.9121758776269496
Estonia,2000,1A2K,ABFLOW014,Natural gas,,0.9121758776269496,0.9121758776269496
Estonia,2000,1A2K,ABFLOW014,Oil,,0.9121758776269496,0.9121758776269496
Estonia,2000,1A2L,ABFLOW025,Coal,,0.9121758776269496,0.9121758776269496
Estonia,2000,1A2L,ABFLOW025,Natural gas,,0.9121758776269496,0.9121758776269496
Estonia,2000,1A2L,ABFLOW025,Oil,,0.9121758776269496,0.9121758776269496
Estonia,2000,1A2M,ABFLOW026,Coal,,0.9121758776269496,0.9121758776269496
Estonia,2000,1A2M,ABFLOW026,Natural gas,,0.9121758776269496,0.9121758776269496
Estonia,2000,1A2M,ABFLOW026,Oil,,0.9121758776269496,0.9121758776269496
Estonia,2000,1A3,ABFLOW027,Coal,,,0.0
Estonia,2000,1A3,ABFLOW027,Natural gas,,,0.0
Estonia,2000,1A3,ABFLOW027,Oil,,,0.0
Estonia,2000,1A3A1,ABFLOW040,Coal,,,0.0
Estonia,2000,1A3A1,ABFLOW040,Natural gas,,,0.0
Estonia,2000,1A3A1,ABFLOW040,Oil,,,0.0
Estonia,2000,1A3A2,ABFLOW029,Coal,,,0.0
Estonia,2000,1A3A2,ABFLOW029,Natural gas,,,0.0
Estonia,2000,1A3A2,ABFLOW029,Oil,,,0.0
Estonia,2000,1A3B,ABFLOW028,Coal,,,0.0
Estonia,2000,1A3B,ABFLOW028,Natural gas,,,0.0
Estonia,2000,1A3B,ABFLOW028,Oil,,,0.0
Estonia,2000,1A3C,ABFLOW030,Coal,,,0.0
Estonia,2000,1A3C,ABFLOW030,Natural gas,,,0.0
Estonia,2000,1A3C,ABFLOW030,Oil,,,0.0
Estonia,2000,1A3D1,ABFLOW039,Coal,,,0.0
Estonia,2000,1A3D1,ABFLOW039,Natural gas,,,0.0
Estonia,2000,1A3D1,ABFLOW039,Oil,,,0.0
Estonia,2000,1A3D2,ABFLOW032,Coal,,,0.0
Estonia,2000,1A3D2,ABFLOW032,Natural gas,,,0.0
Estonia,2000,1A3D2,ABFLOW032,Oil,,,0.0
Estonia,2000,1A3E1,ABFLOW033,Coal,,,0.0
Estonia,2000,1A3E1,ABFLOW033,Natural gas,,,0.0
Estonia,2000,1A3E1,ABFLOW033,Oil,,,0.0
Estonia,2000,1A4A,ABFLOW035,Coal,,,0.0
Estonia,2000,1A4A,ABFLOW035,Natural gas,,,0.0
Estonia,2000,1A4A,ABFLOW035,Oil,,,0.0
Estonia,2000,1A4B,ABFLOW034,Coal,,,0.0
Estonia,2000,1A4B,ABFLOW034,Natural gas,,,0.0
Estonia,2000,1A4B,ABFLOW034,Oil,,,0.0
Estonia,2000,1A4C1,ABFLOW036,Coal,,,0.0
Estonia,2000,1A4C1,ABFLOW036,Natural gas,,,0.0
Estonia,2000,1A4C1,ABFLOW036,Oil,,,0.0
Estonia,2000,1A4C2,ABFLOW037,Coal,,,0.0
Estonia,2000,1A4C2,ABFLOW037,Natural gas,,,0.0
Estonia,2000,1A4C2,ABFLOW037,Oil,,,0.0
Estonia,2000,1A5,ABFLOW038,Coal,,,0.0
Estonia,2000,1A5,ABFLOW038,Natural gas,,,0.0
Estonia,2000,1A5,ABFLOW038,Oil,,,0.0
Estonia,2001,1A,ABFLOW001,Coal,,,0.0
Estonia,2001,1A,ABFLOW001,Natural gas,,,0.0
Estonia,2001,1A,ABFLOW001,Oil,,,0.0
Estonia,2001,1A1A,ABFLOW002,Coal,,,0.0
Estonia,2001,1A1A,ABFLOW002,Natural gas,,,0.0
Estonia,2001,1A1A,ABFLOW002,Oil,,,0.0
Estonia,2001,1A1A1,ABFLOW003,Coal,,0.8537078630356912,0.8537078630356912
Estonia,2001,1A1A1,ABFLOW003,Natural gas,,0.8537078630356912,0.8537078630356912
Estonia,2001,1A1A1,ABFLOW003,Oil,,0.8537078630356912,0.8537078630356912
Estonia,2001,1A1A2,ABFLOW004,Coal,,0.8537078630356912,0.8537078630356912
Estonia,2001,1A1A2,ABFLOW004,Natural gas,,0.8537078630356912,0.8537078630356912
Estonia,2001,1A1A2,ABFLOW004,Oil,,0.8537078630356912,0.8537078630356912
Estonia,2001,1A1A3,ABFLOW005,Coal,,0.8537078630356912,0.8537078630356912
Estonia,2001,1A1A3,ABFLOW005,Natural gas,,0.8537078630356912,0.8537078630356912
Estonia,2001,1A1A3,ABFLOW005,Oil,,0.8537078630356912,0.8537078630356912
Estonia,2001,1A1B,ABFLOW011,Coal,,,0.0
Estonia,2001,1A1B,ABFLOW011,Natural gas,,,0.0
Estonia,2001,1A1B,ABFLOW011,Oil,,,0.0
Estonia,2001,1A1C,ABFLOW011,Coal,,,0.0
Estonia,2001,1A1C,ABFLOW011,Natural gas,,,0.0
Estonia,2001,1A1C,ABFLOW011,Oil,,,0.0
Estonia,2001,1A2,ABFLOW012,Coal,,,0.0
Estonia,2001,1A2,ABFLOW012,Natural gas,,,0.0
Estonia,2001,1A2,ABFLOW012,Oil,,,0.0
Estonia,2001,1A2A,ABFLOW016,Coal,,0.8537078630356912,0.8537078630356912
Estonia,2001,1A2A,ABFLOW016,Natural gas,,0.8537078630356912,0.8537078630356912
Estonia,2001,1A2A,ABFLOW016,Oil,,0.8537078630356912,0.8537078630356912
Estonia,2001,1A2B,ABFLOW018,Coal,,0.8537078630356912,0.8537078630356912
Estonia,2001,1A2B,ABFLOW018,Natural gas,,0.8537078630356912,0.8537078630356912
Estonia,2001,1A2B,ABFLOW018,Oil,,0.8537078630356912,0.8537078630356912
Estonia,2001,1A2C,ABFLOW017,Coal,,0.8537078630356912,0.8537078630356912
Estonia,2001,1A2C,ABFLOW017,Natural gas,,0.8537078630356912,0.8537078630356912
Estonia,2001,1A2C,ABFLOW017,Oil,,0.8537078630356912,0.8537078630356912
Estonia,2001,1A2D,ABFLOW023,Coal,,0.8537078630356912,0.8537078630356912
Estonia,2001,1A2D,ABFLOW023,Natural gas,,0.8537078630356912,0.8537078630356912
Estonia,2001,1A2D,ABFLOW023,Oil,,0.8537078630356912,0.8537078630356912
Estonia,2001,1A2E,ABFLOW022,Coal,,0.8537078630356912,0.8537078630356912
Estonia,2001,1A2E,ABFLOW022,Natural gas,,0.8537078630356912,0.8537078630356912
Estonia,2001,1A2E,ABFLOW022,Oil,,0.8537078630356912,0.8537078630356912
Estonia,2001,1A2F,ABFLOW019,Coal,,0.8537078630356912,0.8537078630356912
Estonia,2001,1A2F,ABFLOW019,Natural gas,,0.8537078630356912,0.8537078630356912
Estonia,2001,1A2F,ABFLOW019,Oil,,0.8537078630356912,0.8537078630356912
Estonia,2001,1A2G,ABFLOW020,Coal,,0.8537078630356912,0.8537078630356912
Estonia,2001,1A2G,ABFLOW020,Natural gas,,0.8537078630356912,0.8537078630356912
Estonia,2001,1A2G,ABFLOW020,Oil,,0.8537078630356912,0.8537078630356912
Estonia,2001,1A2H,ABFLOW021,Coal,,0.8537078630356912,0.8537078630356912
Estonia,2001,1A2H,ABFLOW021,Natural gas,,0.8537078630356912,0.8537078630356912
Estonia,2001,1A2H,ABFLOW021,Oil,,0.8537078630356912,0.8537078630356912
Estonia,2001,1A2I,ABFLOW013,Coal,,0.8537078630356912,0.8537078630356912
Estonia,2001,1A2I,ABFLOW013,Natural gas,,0.8537078630356912,0.8537078630356912
Estonia,2001,1A2I,ABFLOW013,Oil,,0.8537078630356912,0.8537078630356912
Estonia,2001,1A2J,ABFLOW024,Coal,,0.8537078630356912,0.8537078630356912
Estonia,2001,1A2J,ABFLOW024,Natural gas,,0.8537078630356912,0.8537078630356912
Estonia,2001,1A2J,ABFLOW024,Oil,,0.8537078630356912,0.8537078630356912
Estonia,2001,1A2K,ABFLOW014,Coal,,0.8537078630356912,0.8537078630356912
Estonia,2001,1A2K,ABFLOW014,Natural gas,,0.8537078630356912,0.8537078630356912
Estonia,2001,1A2K,ABFLOW014,Oil,,0.8537078630356912,0.8537078630356912
Estonia,2001,1A2L,ABFLOW025,Coal,,0.8537078630356912,0.8537078630356912
Estonia,2001,1A2L,ABFLOW025,Natural gas,,0.8537078630356912,0.8537078630356912
Estonia,2001,1A2L,ABFLOW025,Oil,,0.8537078630356912,0.8537078630356912
Estonia,2001,1A2M,ABFLOW026,Coal,,0.8537078630356912,0.8537078630356912
Estonia,2001,1A2M,ABFLOW026,Natural gas,,0.8537078630356912,0.8537078630356912
Estonia,2001,1A2M,ABFLOW026,Oil,,0.8537078630356912,0.8537078630356912
Estonia,2001,1A3,ABFLOW027,Coal,,,0.0
Estonia,2001,1A3,ABFLOW027,Natural gas,,,0.0
Estonia,2001,1A3,ABFLOW027,Oil,,,0.0
Estonia,2001,1A3A1,ABFLOW040,Coal,,,0.0
Estonia,2001,1A3A1,ABFLOW040,Natural gas,,,0.0
Estonia,2001,1A3A1,ABFLOW040,Oil,,,0.0
Estonia,2001,1A3A2,ABFLOW029,Coal,,,0.0
Estonia,2001,1A3A2,ABFLOW029,Natural gas,,,0.0
Estonia,2001,1A3A2,ABFLOW029,Oil,,,0.0
Estonia,2001,1A3B,ABFLOW028,Coal,,,0.0
Estonia,2001,1A3B,ABFLOW028,Natural gas,,,0.0
Estonia,2001,1A3B,ABFLOW028,Oil,,,0.0
Estonia,2001,1A3C,ABFLOW030,Coal,,,0.0
Estonia,2001,1A3C,ABFLOW030,Natural gas,,,0.0
Estonia,2001,1A3C,ABFLOW030,Oil,,,0.0
Estonia,2001,1A3D1,ABFLOW039,Coal,,,0.0
Estonia,2001,1A3D1,ABFLOW039,Natural gas,,,0.0
Estonia,2001,1A3D1,ABFLOW039,Oil,,,0.0
Estonia,2001,1A3D2,ABFLOW032,Coal,,,0.0
Estonia,2001,1A3D2,ABFLOW032,Natural gas,,,0.0
Estonia,2001,1A3D2,ABFLOW032,Oil,,,0.0
Estonia,2001,1A3E1,ABFLOW033,Coal,,,0.0
Estonia,2001,1A3E1,ABFLOW033,Natural gas,,,0.0
Estonia,2001,1A3E1,ABFLOW033,Oil,,,0.0
Estonia,2001,1A4A,ABFLOW035,Coal,,,0.0
Estonia,2001,1A4A,ABFLOW035,Natural gas,,,0.0
Estonia,2001,1A4A,ABFLOW035,Oil,,,0.0
Estonia,2001,1A4B,ABFLOW034,Coal,,,0.0
Estonia,2001,1A4B,ABFLOW034,Natural gas,,,0.0
Estonia,2001,1A4B,ABFLOW034,Oil,,,0.0
Estonia,2001,1A4C1,ABFLOW036,Coal,,,0.0
Estonia,2001,1A4C1,ABFLOW036,Natural gas,,,0.0
Estonia,2001,1A4C1,ABFLOW036,Oil,,,0.0
Estonia,2001,1A4C2,ABFLOW037,Coal,,,0.0
Estonia,2001,1A4C2,ABFLOW037,Natural gas,,,0.0
Estonia,2001,1A4C2,ABFLOW037,Oil,,,0.0
Estonia,2001,1A5,ABFLOW038,Coal,,,0.0
Estonia,2001,1A5,ABFLOW038,Natural gas,,,0.0
Estonia,2001,1A5,ABFLOW038,Oil,,,0.0
Estonia,2002,1A,ABFLOW001,Coal,,,0.0
Estonia,2002,1A,ABFLOW001,Natural gas,,,0.0
Estonia,2002,1A,ABFLOW001,Oil,,,0.0
Estonia,2002,1A1A,ABFLOW002,Coal,,,0.0
Estonia,2002,1A1A,ABFLOW002,Natural gas,,,0.0
Estonia,2002,1A1A,ABFLOW002,Oil,,,0.0
Estonia,2002,1A1A1,ABFLOW003,Coal,,0.8145765914231947,0.8145765914231947
Estonia,2002,1A1A1,ABFLOW003,Natural gas,,0.8145765914231947,0.8145765914231947
Estonia,2002,1A1A1,ABFLOW003,Oil,,0.8145765914231947,0.8145765914231947
Estonia,2002,1A1A2,ABFLOW004,Coal,,0.8145765914231947,0.8145765914231947
Estonia,2002,1A1A2,ABFLOW004,Natural gas,,0.8145765914231947,0.8145765914231947
Estonia,2002,1A1A2,ABFLOW004,Oil,,0.8145765914231947,0.8145765914231947
Estonia,2002,1A1A3,ABFLOW005,Coal,,0.8145765914231947,0.8145765914231947
Estonia,2002,1A1A3,ABFLOW005,Natural gas,,0.8145765914231947,0.8145765914231947
Estonia,2002,1A1A3,ABFLOW005,Oil,,0.8145765914231947,0.8145765914231947
Estonia,2002,1A1B,ABFLOW011,Coal,,,0.0
Estonia,2002,1A1B,ABFLOW011,Natural gas,,,0.0
Estonia,2002,1A1B,ABFLOW011,Oil,,,0.0
Estonia,2002,1A1C,ABFLOW011,Coal,,,0.0
Estonia,2002,1A1C,ABFLOW011,Natural gas,,,0.0
Estonia,2002,1A1C,ABFLOW011,Oil,,,0.0
Estonia,2002,1A2,ABFLOW012,Coal,,,0.0
Estonia,2002,1A2,ABFLOW012,Natural gas,,,0.0
Estonia,2002,1A2,ABFLOW012,Oil,,,0.0
Estonia,2002,1A2A,ABFLOW016,Coal,,0.8145765914231947,0.8145765914231947
Estonia,2002,1A2A,ABFLOW016,Natural gas,,0.8145765914231947,0.8145765914231947
Estonia,2002,1A2A,ABFLOW016,Oil,,0.8145765914231947,0.8145765914231947
Estonia,2002,1A2B,ABFLOW018,Coal,,0.8145765914231947,0.8145765914231947
Estonia,2002,1A2B,ABFLOW018,Natural gas,,0.8145765914231947,0.8145765914231947
Estonia,2002,1A2B,ABFLOW018,Oil,,0.8145765914231947,0.8145765914231947
Estonia,2002,1A2C,ABFLOW017,Coal,,0.8145765914231947,0.8145765914231947
Estonia,2002,1A2C,ABFLOW017,Natural gas,,0.8145765914231947,0.8145765914231947
Estonia,2002,1A2C,ABFLOW017,Oil,,0.8145765914231947,0.8145765914231947
Estonia,2002,1A2D,ABFLOW023,Coal,,0.8145765914231947,0.8145765914231947
Estonia,2002,1A2D,ABFLOW023,Natural gas,,0.8145765914231947,0.8145765914231947
Estonia,2002,1A2D,ABFLOW023,Oil,,0.8145765914231947,0.8145765914231947
Estonia,2002,1A2E,ABFLOW022,Coal,,0.8145765914231947,0.8145765914231947
Estonia,2002,1A2E,ABFLOW022,Natural gas,,0.8145765914231947,0.8145765914231947
Estonia,2002,1A2E,ABFLOW022,Oil,,0.8145765914231947,0.8145765914231947
Estonia,2002,1A2F,ABFLOW019,Coal,,0.8145765914231947,0.8145765914231947
Estonia,2002,1A2F,ABFLOW019,Natural gas,,0.8145765914231947,0.8145765914231947
Estonia,2002,1A2F,ABFLOW019,Oil,,0.8145765914231947,0.8145765914231947
Estonia,2002,1A2G,ABFLOW020,Coal,,0.8145765914231947,0.8145765914231947
Estonia,2002,1A2G,ABFLOW020,Natural gas,,0.8145765914231947,0.8145765914231947
Estonia,2002,1A2G,ABFLOW020,Oil,,0.8145765914231947,0.8145765914231947
Estonia,2002,1A2H,ABFLOW021,Coal,,0.8145765914231947,0.8145765914231947
Estonia,2002,1A2H,ABFLOW021,Natural gas,,0.8145765914231947,0.8145765914231947
Estonia,2002,1A2H,ABFLOW021,Oil,,0.8145765914231947,0.8145765914231947
Estonia,2002,1A2I,ABFLOW013,Coal,,0.8145765914231947,0.8145765914231947
Estonia,2002,1A2I,ABFLOW013,Natural gas,,0.8145765914231947,0.8145765914231947
Estonia,2002,1A2I,ABFLOW013,Oil,,0.8145765914231947,0.8145765914231947
Estonia,2002,1A2J,ABFLOW024,Coal,,0.8145765914231947,0.8145765914231947
Estonia,2002,1A2J,ABFLOW024,Natural gas,,0.8145765914231947,0.8145765914231947
Estonia,2002,1A2J,ABFLOW024,Oil,,0.8145765914231947,0.8145765914231947
Estonia,2002,1A2K,ABFLOW014,Coal,,0.8145765914231947,0.8145765914231947
Estonia,2002,1A2K,ABFLOW014,Natural gas,,0.8145765914231947,0.8145765914231947
Estonia,2002,1A2K,ABFLOW014,Oil,,0.8145765914231947,0.8145765914231947
Estonia,2002,1A2L,ABFLOW025,Coal,,0.8145765914231947,0.8145765914231947
Estonia,2002,1A2L,ABFLOW025,Natural gas,,0.8145765914231947,0.8145765914231947
Estonia,2002,1A2L,ABFLOW025,Oil,,0.8145765914231947,0.8145765914231947
Estonia,2002,1A2M,ABFLOW026,Coal,,0.8145765914231947,0.8145765914231947
Estonia,2002,1A2M,ABFLOW026,Natural gas,,0.8145765914231947,0.8145765914231947
Estonia,2002,1A2M,ABFLOW026,Oil,,0.8145765914231947,0.8145765914231947
Estonia,2002,1A3,ABFLOW027,Coal,,,0.0
Estonia,2002,1A3,ABFLOW027,Natural gas,,,0.0
Estonia,2002,1A3,ABFLOW027,Oil,,,0.0
Estonia,2002,1A3A1,ABFLOW040,Coal,,,0.0
Estonia,2002,1A3A1,ABFLOW040,Natural gas,,,0.0
Estonia,2002,1A3A1,ABFLOW040,Oil,,,0.0
Estonia,2002,1A3A2,ABFLOW029,Coal,,,0.0
Estonia,2002,1A3A2,ABFLOW029,Natural gas,,,0.0
Estonia,2002,1A3A2,ABFLOW029,Oil,,,0.0
Estonia,2002,1A3B,ABFLOW028,Coal,,,0.0
Estonia,2002,1A3B,ABFLOW028,Natural gas,,,0.0
Estonia,2002,1A3B,ABFLOW028,Oil,,,0.0
Estonia,2002,1A3C,ABFLOW030,Coal,,,0.0
Estonia,2002,1A3C,ABFLOW030,Natural gas,,,0.0
Estonia,2002,1A3C,ABFLOW030,Oil,,,0.0
Estonia,2002,1A3D1,ABFLOW039,Coal,,,0.0
Estonia,2002,1A3D1,ABFLOW039,Natural gas,,,0.0
Estonia,2002,1A3D1,ABFLOW039,Oil,,,0.0
Estonia,2002,1A3D2,ABFLOW032,Coal,,,0.0
Estonia,2002,1A3D2,ABFLOW032,Natural gas,,,0.0
Estonia,2002,1A3D2,ABFLOW032,Oil,,,0.0
Estonia,2002,1A3E1,ABFLOW033,Coal,,,0.0
Estonia,2002,1A3E1,ABFLOW033,Natural gas,,,0.0
Estonia,2002,1A3E1,ABFLOW033,Oil,,,0.0
Estonia,2002,1A4A,ABFLOW035,Coal,,,0.0
Estonia,2002,1A4A,ABFLOW035,Natural gas,,,0.0
Estonia,2002,1A4A,ABFLOW035,Oil,,,0.0
Estonia,2002,1A4B,ABFLOW034,Coal,,,0.0
Estonia,2002,1A4B,ABFLOW034,Natural gas,,,0.0
Estonia,2002,1A4B,ABFLOW034,Oil,,,0.0
Estonia,2002,1A4C1,ABFLOW036,Coal,,,0.0
Estonia,2002,1A4C1,ABFLOW036,Natural gas,,,0.0
Estonia,2002,1A4C1,ABFLOW036,Oil,,,0.0
Estonia,2002,1A4C2,ABFLOW037,Coal,,,0.0
Estonia,2002,1A4C2,ABFLOW037,Natural gas,,,0.0
Estonia,2002,1A4C2,ABFLOW037,Oil,,,0.0
Estonia,2002,1A5,ABFLOW038,Coal,,,0.0
Estonia,2002,1A5,ABFLOW038,Natural gas,,,0.0
Estonia,2002,1A5,ABFLOW038,Oil,,,0.0
Estonia,2003,1A,ABFLOW001,Coal,,,0.0
Estonia,2003,1A,ABFLOW001,Natural gas,,,0.0
Estonia,2003,1A,ABFLOW001,Oil,,,0.0
Estonia,2003,1A1A,ABFLOW002,Coal,,,0.0
Estonia,2003,1A1A,ABFLOW002,Natural gas,,,0.0
Estonia,2003,1A1A,ABFLOW002,Oil,,,0.0
Estonia,2003,1A1A1,ABFLOW003,Coal,,0.7840806675800873,0.7840806675800873
Estonia,2003,1A1A1,ABFLOW003,Natural gas,,0.7840806675800873,0.7840806675800873
Estonia,2003,1A1A1,ABFLOW003,Oil,,0.7840806675800873,0.7840806675800873
Estonia,2003,1A1A2,ABFLOW004,Coal,,0.7840806675800873,0.7840806675800873
Estonia,2003,1A1A2,ABFLOW004,Natural gas,,0.7840806675800873,0.7840806675800873
Estonia,2003,1A1A2,ABFLOW004,Oil,,0.7840806675800873,0.7840806675800873
Estonia,2003,1A1A3,ABFLOW005,Coal,,0.7840806675800873,0.7840806675800873
Estonia,2003,1A1A3,ABFLOW005,Natural gas,,0.7840806675800873,0.7840806675800873
Estonia,2003,1A1A3,ABFLOW005,Oil,,0.7840806675800873,0.7840806675800873
Estonia,2003,1A1B,ABFLOW011,Coal,,,0.0
Estonia,2003,1A1B,ABFLOW011,Natural gas,,,0.0
Estonia,2003,1A1B,ABFLOW011,Oil,,,0.0
Estonia,2003,1A1C,ABFLOW011,Coal,,,0.0
Estonia,2003,1A1C,ABFLOW011,Natural gas,,,0.0
Estonia,2003,1A1C,ABFLOW011,Oil,,,0.0
Estonia,2003,1A2,ABFLOW012,Coal,,,0.0
Estonia,2003,1A2,ABFLOW012,Natural gas,,,0.0
Estonia,2003,1A2,ABFLOW012,Oil,,,0.0
Estonia,2003,1A2A,ABFLOW016,Coal,,0.7840806675800873,0.7840806675800873
Estonia,2003,1A2A,ABFLOW016,Natural gas,,0.7840806675800873,0.7840806675800873
Estonia,2003,1A2A,ABFLOW016,Oil,,0.7840806675800873,0.7840806675800873
Estonia,2003,1A2B,ABFLOW018,Coal,,0.7840806675800873,0.7840806675800873
Estonia,2003,1A2B,ABFLOW018,Natural gas,,0.7840806675800873,0.7840806675800873
Estonia,2003,1A2B,ABFLOW018,Oil,,0.7840806675800873,0.7840806675800873
Estonia,2003,1A2C,ABFLOW017,Coal,,0.7840806675800873,0.7840806675800873
Estonia,2003,1A2C,ABFLOW017,Natural gas,,0.7840806675800873,0.7840806675800873
Estonia,2003,1A2C,ABFLOW017,Oil,,0.7840806675800873,0.7840806675800873
Estonia,2003,1A2D,ABFLOW023,Coal,,0.7840806675800873,0.7840806675800873
Estonia,2003,1A2D,ABFLOW023,Natural gas,,0.7840806675800873,0.7840806675800873
Estonia,2003,1A2D,ABFLOW023,Oil,,0.7840806675800873,0.7840806675800873
Estonia,2003,1A2E,ABFLOW022,Coal,,0.7840806675800873,0.7840806675800873
Estonia,2003,1A2E,ABFLOW022,Natural gas,,0.7840806675800873,0.7840806675800873
Estonia,2003,1A2E,ABFLOW022,Oil,,0.7840806675800873,0.7840806675800873
Estonia,2003,1A2F,ABFLOW019,Coal,,0.7840806675800873,0.7840806675800873
Estonia,2003,1A2F,ABFLOW019,Natural gas,,0.7840806675800873,0.7840806675800873
Estonia,2003,1A2F,ABFLOW019,Oil,,0.7840806675800873,0.7840806675800873
Estonia,2003,1A2G,ABFLOW020,Coal,,0.7840806675800873,0.7840806675800873
Estonia,2003,1A2G,ABFLOW020,Natural gas,,0.7840806675800873,0.7840806675800873
Estonia,2003,1A2G,ABFLOW020,Oil,,0.7840806675800873,0.7840806675800873
Estonia,2003,1A2H,ABFLOW021,Coal,,0.7840806675800873,0.7840806675800873
Estonia,2003,1A2H,ABFLOW021,Natural gas,,0.7840806675800873,0.7840806675800873
Estonia,2003,1A2H,ABFLOW021,Oil,,0.7840806675800873,0.7840806675800873
Estonia,2003,1A2I,ABFLOW013,Coal,,0.7840806675800873,0.7840806675800873
Estonia,2003,1A2I,ABFLOW013,Natural gas,,0.7840806675800873,0.7840806675800873
Estonia,2003,1A2I,ABFLOW013,Oil,,0.7840806675800873,0.7840806675800873
Estonia,2003,1A2J,ABFLOW024,Coal,,0.7840806675800873,0.7840806675800873
Estonia,2003,1A2J,ABFLOW024,Natural gas,,0.7840806675800873,0.7840806675800873
Estonia,2003,1A2J,ABFLOW024,Oil,,0.7840806675800873,0.7840806675800873
Estonia,2003,1A2K,ABFLOW014,Coal,,0.7840806675800873,0.7840806675800873
Estonia,2003,1A2K,ABFLOW014,Natural gas,,0.7840806675800873,0.7840806675800873
Estonia,2003,1A2K,ABFLOW014,Oil,,0.7840806675800873,0.7840806675800873
Estonia,2003,1A2L,ABFLOW025,Coal,,0.7840806675800873,0.7840806675800873
Estonia,2003,1A2L,ABFLOW025,Natural gas,,0.7840806675800873,0.7840806675800873
Estonia,2003,1A2L,ABFLOW025,Oil,,0.7840806675800873,0.7840806675800873
Estonia,2003,1A2M,ABFLOW026,Coal,,0.7840806675800873,0.7840806675800873
Estonia,2003,1A2M,ABFLOW026,Natural gas,,0.7840806675800873,0.7840806675800873
Estonia,2003,1A2M,ABFLOW026,Oil,,0.7840806675800873,0.7840806675800873
Estonia,2003,1A3,ABFLOW027,Coal,,,0.0
Estonia,2003,1A3,ABFLOW027,Natural gas,,,0.0
Estonia,2003,1A3,ABFLOW027,Oil,,,0.0
Estonia,2003,1A3A1,ABFLOW040,Coal,,,0.0
Estonia,2003,1A3A1,ABFLOW040,Natural gas,,,0.0
Estonia,2003,1A3A1,ABFLOW040,Oil,,,0.0
Estonia,2003,1A3A2,ABFLOW029,Coal,,,0.0
Estonia,2003,1A3A2,ABFLOW029,Natural gas,,,0.0
Estonia,2003,1A3A2,ABFLOW029,Oil,,,0.0
Estonia,2003,1A3B,ABFLOW028,Coal,,,0.0
Estonia,2003,1A3B,ABFLOW028,Natural gas,,,0.0
Estonia,2003,1A3B,ABFLOW028,Oil,,,0.0
Estonia,2003,1A3C,ABFLOW030,Coal,,,0.0
Estonia,2003,1A3C,ABFLOW030,Natural gas,,,0.0
Estonia,2003,1A3C,ABFLOW030,Oil,,,0.0
Estonia,2003,1A3D1,ABFLOW039,Coal,,,0.0
Estonia,2003,1A3D1,ABFLOW039,Natural gas,,,0.0
Estonia,2003,1A3D1,ABFLOW039,Oil,,,0.0
Estonia,2003,1A3D2,ABFLOW032,Coal,,,0.0
Estonia,2003,1A3D2,ABFLOW032,Natural gas,,,0.0
Estonia,2003,1A3D2,ABFLOW032,Oil,,,0.0
Estonia,2003,1A3E1,ABFLOW033,Coal,,,0.0
Estonia,2003,1A3E1,ABFLOW033,Natural gas,,,0.0
Estonia,2003,1A3E1,ABFLOW033,Oil,,,0.0
Estonia,2003,1A4A,ABFLOW035,Coal,,,0.0
Estonia,2003,1A4A,ABFLOW035,Natural gas,,,0.0
Estonia,2003,1A4A,ABFLOW035,Oil,,,0.0
Estonia,2003,1A4B,ABFLOW034,Coal,,,0.0
Estonia,2003,1A4B,ABFLOW034,Natural gas,,,0.0
Estonia,2003,1A4B,ABFLOW034,Oil,,,0.0
Estonia,2003,1A4C1,ABFLOW036,Coal,,,0.0
Estonia,2003,1A4C1,ABFLOW036,Natural gas,,,0.0
Estonia,2003,1A4C1,ABFLOW036,Oil,,,0.0
Estonia,2003,1A4C2,ABFLOW037,Coal,,,0.0
Estonia,2003,1A4C2,ABFLOW037,Natural gas,,,0.0
Estonia,2003,1A4C2,ABFLOW037,Oil,,,0.0
Estonia,2003,1A5,ABFLOW038,Coal,,,0.0
Estonia,2003,1A5,ABFLOW038,Natural gas,,,0.0
Estonia,2003,1A5,ABFLOW038,Oil,,,0.0
Estonia,2004,1A,ABFLOW001,Coal,,,0.0
Estonia,2004,1A,ABFLOW001,Natural gas,,,0.0
Estonia,2004,1A,ABFLOW001,Oil,,,0.0
Estonia,2004,1A1A,ABFLOW002,Coal,,,0.0
Estonia,2004,1A1A,ABFLOW002,Natural gas,,,0.0
Estonia,2004,1A1A,ABFLOW002,Oil,,,0.0
Estonia,2004,1A1A1,ABFLOW003,Coal,,0.7489585214208405,0.7489585214208405
Estonia,2004,1A1A1,ABFLOW003,Natural gas,,0.7489585214208405,0.7489585214208405
Estonia,2004,1A1A1,ABFLOW003,Oil,,0.7489585214208405,0.7489585214208405
Estonia,2004,1A1A2,ABFLOW004,Coal,,0.7489585214208405,0.7489585214208405
Estonia,2004,1A1A2,ABFLOW004,Natural gas,,0.7489585214208405,0.7489585214208405
Estonia,2004,1A1A2,ABFLOW004,Oil,,0.7489585214208405,0.7489585214208405
Estonia,2004,1A1A3,ABFLOW005,Coal,,0.7489585214208405,0.7489585214208405
Estonia,2004,1A1A3,ABFLOW005,Natural gas,,0.7489585214208405,0.7489585214208405
Estonia,2004,1A1A3,ABFLOW005,Oil,,0.7489585214208405,0.7489585214208405
Estonia,2004,1A1B,ABFLOW011,Coal,,,0.0
Estonia,2004,1A1B,ABFLOW011,Natural gas,,,0.0
Estonia,2004,1A1B,ABFLOW011,Oil,,,0.0
Estonia,2004,1A1C,ABFLOW011,Coal,,,0.0
Estonia,2004,1A1C,ABFLOW011,Natural gas,,,0.0
Estonia,2004,1A1C,ABFLOW011,Oil,,,0.0
Estonia,2004,1A2,ABFLOW012,Coal,,,0.0
Estonia,2004,1A2,ABFLOW012,Natural gas,,,0.0
Estonia,2004,1A2,ABFLOW012,Oil,,,0.0
Estonia,2004,1A2A,ABFLOW016,Coal,,0.7489585214208405,0.7489585214208405
Estonia,2004,1A2A,ABFLOW016,Natural gas,,0.7489585214208405,0.7489585214208405
Estonia,2004,1A2A,ABFLOW016,Oil,,0.7489585214208405,0.7489585214208405
Estonia,2004,1A2B,ABFLOW018,Coal,,0.7489585214208405,0.7489585214208405
Estonia,2004,1A2B,ABFLOW018,Natural gas,,0.7489585214208405,0.7489585214208405
Estonia,2004,1A2B,ABFLOW018,Oil,,0.7489585214208405,0.7489585214208405
Estonia,2004,1A2C,ABFLOW017,Coal,,0.7489585214208405,0.7489585214208405
Estonia,2004,1A2C,ABFLOW017,Natural gas,,0.7489585214208405,0.7489585214208405
Estonia,2004,1A2C,ABFLOW017,Oil,,0.7489585214208405,0.7489585214208405
Estonia,2004,1A2D,ABFLOW023,Coal,,0.7489585214208405,0.7489585214208405
Estonia,2004,1A2D,ABFLOW023,Natural gas,,0.7489585214208405,0.7489585214208405
Estonia,2004,1A2D,ABFLOW023,Oil,,0.7489585214208405,0.7489585214208405
Estonia,2004,1A2E,ABFLOW022,Coal,,0.7489585214208405,0.7489585214208405
Estonia,2004,1A2E,ABFLOW022,Natural gas,,0.7489585214208405,0.7489585214208405
Estonia,2004,1A2E,ABFLOW022,Oil,,0.7489585214208405,0.7489585214208405
Estonia,2004,1A2F,ABFLOW019,Coal,,0.7489585214208405,0.7489585214208405
Estonia,2004,1A2F,ABFLOW019,Natural gas,,0.7489585214208405,0.7489585214208405
Estonia,2004,1A2F,ABFLOW019,Oil,,0.7489585214208405,0.7489585214208405
Estonia,2004,1A2G,ABFLOW020,Coal,,0.7489585214208405,0.7489585214208405
Estonia,2004,1A2G,ABFLOW020,Natural gas,,0.7489585214208405,0.7489585214208405
Estonia,2004,1A2G,ABFLOW020,Oil,,0.7489585214208405,0.7489585214208405
Estonia,2004,1A2H,ABFLOW021,Coal,,0.7489585214208405,0.7489585214208405
Estonia,2004,1A2H,ABFLOW021,Natural gas,,0.7489585214208405,0.7489585214208405
Estonia,2004,1A2H,ABFLOW021,Oil,,0.7489585214208405,0.7489585214208405
Estonia,2004,1A2I,ABFLOW013,Coal,,0.7489585214208405,0.7489585214208405
Estonia,2004,1A2I,ABFLOW013,Natural gas,,0.7489585214208405,0.7489585214208405
Estonia,2004,1A2I,ABFLOW013,Oil,,0.7489585214208405,0.7489585214208405
Estonia,2004,1A2J,ABFLOW024,Coal,,0.7489585214208405,0.7489585214208405
Estonia,2004,1A2J,ABFLOW024,Natural gas,,0.7489585214208405,0.7489585214208405
Estonia,2004,1A2J,ABFLOW024,Oil,,0.7489585214208405,0.7489585214208405
Estonia,2004,1A2K,ABFLOW014,Coal,,0.7489585214208405,0.7489585214208405
Estonia,2004,1A2K,ABFLOW014,Natural gas,,0.7489585214208405,0.7489585214208405
Estonia,2004,1A2K,ABFLOW014,Oil,,0.7489585214208405,0.7489585214208405
Estonia,2004,1A2L,ABFLOW025,Coal,,0.7489585214208405,0.7489585214208405
Estonia,2004,1A2L,ABFLOW025,Natural gas,,0.7489585214208405,0.7489585214208405
Estonia,2004,1A2L,ABFLOW025,Oil,,0.7489585214208405,0.7489585214208405
Estonia,2004,1A2M,ABFLOW026,Coal,,0.7489585214208405,0.7489585214208405
Estonia,2004,1A2M,ABFLOW026,Natural gas,,0.7489585214208405,0.7489585214208405
Estonia,2004,1A2M,ABFLOW026,Oil,,0.7489585214208405,0.7489585214208405
Estonia,2004,1A3,ABFLOW027,Coal,,,0.0
Estonia,2004,1A3,ABFLOW027,Natural gas,,,0.0
Estonia,2004,1A3,ABFLOW027,Oil,,,0.0
Estonia,2004,1A3A1,ABFLOW040,Coal,,,0.0
Estonia,2004,1A3A1,ABFLOW040,Natural gas,,,0.0
Estonia,2004,1A3A1,ABFLOW040,Oil,,,0.0
Estonia,2004,1A3A2,ABFLOW029,Coal,,,0.0
Estonia,2004,1A3A2,ABFLOW029,Natural gas,,,0.0
Estonia,2004,1A3A2,ABFLOW029,Oil,,,0.0
Estonia,2004,1A3B,ABFLOW028,Coal,,,0.0
Estonia,2004,1A3B,ABFLOW028,Natural gas,,,0.0
Estonia,2004,1A3B,ABFLOW028,Oil,,,0.0
Estonia,2004,1A3C,ABFLOW030,Coal,,,0.0
Estonia,2004,1A3C,ABFLOW030,Natural gas,,,0.0
Estonia,2004,1A3C,ABFLOW030,Oil,,,0.0
Estonia,2004,1A3D1,ABFLOW039,Coal,,,0.0
Estonia,2004,1A3D1,ABFLOW039,Natural gas,,,0.0
Estonia,2004,1A3D1,ABFLOW039,Oil,,,0.0
Estonia,2004,1A3D2,ABFLOW032,Coal,,,0.0
Estonia,2004,1A3D2,ABFLOW032,Natural gas,,,0.0
Estonia,2004,1A3D2,ABFLOW032,Oil,,,0.0
Estonia,2004,1A3E1,ABFLOW033,Coal,,,0.0
Estonia,2004,1A3E1,ABFLOW033,Natural gas,,,0.0
Estonia,2004,1A3E1,ABFLOW033,Oil,,,0.0
Estonia,2004,1A4A,ABFLOW035,Coal,,,0.0
Estonia,2004,1A4A,ABFLOW035,Natural gas,,,0.0
Estonia,2004,1A4A,ABFLOW035,Oil,,,0.0
Estonia,2004,1A4B,ABFLOW034,Coal,,,0.0
Estonia,2004,1A4B,ABFLOW034,Natural gas,,,0.0
Estonia,2004,1A4B,ABFLOW034,Oil,,,0.0
Estonia,2004,1A4C1,ABFLOW036,Coal,,,0.0
Estonia,2004,1A4C1,ABFLOW036,Natural gas,,,0.0
Estonia,2004,1A4C1,ABFLOW036,Oil,,,0.0
Estonia,2004,1A4C2,ABFLOW037,Coal,,,0.0
Estonia,2004,1A4C2,ABFLOW037,Natural gas,,,0.0
Estonia,2004,1A4C2,ABFLOW037,Oil,,,0.0
Estonia,2004,1A5,ABFLOW038,Coal,,,0.0
Estonia,2004,1A5,ABFLOW038,Natural gas,,,0.0
Estonia,2004,1A5,ABFLOW038,Oil,,,0.0
Estonia,2005,1A,ABFLOW001,Coal,,,0.0
Estonia,2005,1A,ABFLOW001,Natural gas,,,0.0
Estonia,2005,1A,ABFLOW001,Oil,,,0.0
Estonia,2005,1A1A,ABFLOW002,Coal,,,0.0
Estonia,2005,1A1A,ABFLOW002,Natural gas,,,0.0
Estonia,2005,1A1A,ABFLOW002,Oil,,,0.0
Estonia,2005,1A1A1,ABFLOW003,Coal,41.18475373644957,0.15909127469415577,41.34384501114373
Estonia,2005,1A1A1,ABFLOW003,Natural gas,41.18475373644957,0.15909127469415577,41.34384501114373
Estonia,2005,1A1A1,ABFLOW003,Oil,41.18475373644957,0.15909127469415577,41.34384501114373
Estonia,2005,1A1A2,ABFLOW004,Coal,41.18475373644957,0.15909127469415577,41.34384501114373
Estonia,2005,1A1A2,ABFLOW004,Natural gas,41.18475373644957,0.15909127469415577,41.34384501114373
Estonia,2005,1A1A2,ABFLOW004,Oil,41.18475373644957,0.15909127469415577,41.34384501114373
Estonia,2005,1A1A3,ABFLOW005,Coal,41.18475373644957,0.15909127469415577,41.34384501114373
Estonia,2005,1A1A3,ABFLOW005,Natural gas,41.18475373644957,0.15909127469415577,41.34384501114373
Estonia,2005,1A1A3,ABFLOW005,Oil,41.18475373644957,0.15909127469415577,41.34384501114373
Estonia,2005,1A1B,ABFLOW011,Coal,41.18475373644957,,41.18475373644957
Estonia,2005,1A1B,ABFLOW011,Natural gas,41.18475373644957,,41.18475373644957
Estonia,2005,1A1B,ABFLOW011,Oil,41.18475373644957,,41.18475373644957
Estonia,2005,1A1C,ABFLOW011,Coal,41.18475373644957,,41.18475373644957
Estonia,2005,1A1C,ABFLOW011,Natural gas,41.18475373644957,,41.18475373644957
Estonia,2005,1A1C,ABFLOW011,Oil,41.18475373644957,,41.18475373644957
Estonia,2005,1A2,ABFLOW012,Coal,,,0.0
Estonia,2005,1A2,ABFLOW012,Natural gas,,,0.0
Estonia,2005,1A2,ABFLOW012,Oil,,,0.0
Estonia,2005,1A2A,ABFLOW016,Coal,41.18475373644957,0.15909127469415577,41.34384501114373
Estonia,2005,1A2A,ABFLOW016,Natural gas,41.18475373644957,0.15909127469415577,41.34384501114373
Estonia,2005,1A2A,ABFLOW016,Oil,41.18475373644957,0.15909127469415577,41.34384501114373
Estonia,2005,1A2B,ABFLOW018,Coal,45.76083748494397,1.5909127469415576,47.351750231885525
Estonia,2005,1A2B,ABFLOW018,Natural gas,45.76083748494397,1.5909127469415576,47.351750231885525
Estonia,2005,1A2B,ABFLOW018,Oil,45.76083748494397,1.5909127469415576,47.351750231885525
Estonia,2005,1A2C,ABFLOW017,Coal,41.18475373644957,0.15909127469415577,41.34384501114373
Estonia,2005,1A2C,ABFLOW017,Natural gas,41.18475373644957,0.15909127469415577,41.34384501114373
Estonia,2005,1A2C,ABFLOW017,Oil,41.18475373644957,0.15909127469415577,41.34384501114373
Estonia,2005,1A2D,ABFLOW023,Coal,41.18475373644957,0.15909127469415577,41.34384501114373
Estonia,2005,1A2D,ABFLOW023,Natural gas,41.18475373644957,0.15909127469415577,41.34384501114373
Estonia,2005,1A2D,ABFLOW023,Oil,41.18475373644957,0.15909127469415577,41.34384501114373
Estonia,2005,1A2E,ABFLOW022,Coal,41.18475373644957,0.15909127469415577,41.34384501114373
Estonia,2005,1A2E,ABFLOW022,Natural gas,41.18475373644957,0.15909127469415577,41.34384501114373
Estonia,2005,1A2E,ABFLOW022,Oil,41.18475373644957,0.15909127469415577,41.34384501114373
Estonia,2005,1A2F,ABFLOW019,Coal,41.18475373644957,0.15909127469415577,41.34384501114373
Estonia,2005,1A2F,ABFLOW019,Natural gas,41.18475373644957,0.15909127469415577,41.34384501114373
Estonia,2005,1A2F,ABFLOW019,Oil,41.18475373644957,0.15909127469415577,41.34384501114373
Estonia,2005,1A2G,ABFLOW020,Coal,41.18475373644957,0.15909127469415577,41.34384501114373
Estonia,2005,1A2G,ABFLOW020,Natural gas,41.18475373644957,0.15909127469415577,41.34384501114373
Estonia,2005,1A2G,ABFLOW020,Oil,41.18475373644957,0.15909127469415577,41.34384501114373
Estonia,2005,1A2H,ABFLOW021,Coal,41.18475373644957,0.15909127469415577,41.34384501114373
Estonia,2005,1A2H,ABFLOW021,Natural gas,41.18475373644957,0.15909127469415577,41.34384501114373
Estonia,2005,1A2H,ABFLOW021,Oil,41.18475373644957,0.15909127469415577,41.34384501114373
Estonia,2005,1A2I,ABFLOW013,Coal,41.18475373644957,0.15909127469415577,41.34384501114373
Estonia,2005,1A2I,ABFLOW013,Natural gas,41.18475373644957,0.15909127469415577,41.34384501114373
Estonia,2005,1A2I,ABFLOW013,Oil,41.18475373644957,0.15909127469415577,41.34384501114373
Estonia,2005,1A2J,ABFLOW024,Coal,41.18475373644957,0.15909127469415577,41.34384501114373
Estonia,2005,1A2J,ABFLOW024,Natural gas,41.18475373644957,0.15909127469415577,41.34384501114373
Estonia,2005,1A2J,ABFLOW024,Oil,41.18475373644957,0.15909127469415577,41.34384501114373
Estonia,2005,1A2K,ABFLOW014,Coal,41.18475373644957,0.15909127469415577,41.34384501114373
Estonia,2005,1A2K,ABFLOW014,Natural gas,41.18475373644957,0.15909127469415577,41.34384501114373
Estonia,2005,1A2K,ABFLOW014,Oil,41.18475373644957,0.15909127469415577,41.34384501114373
Estonia,2005,1A2L,ABFLOW025,Coal,41.18475373644957,0.15909127469415577,41.34384501114373
Estonia,2005,1A2L,ABFLOW025,Natural gas,41.18475373644957,0.15909127469415577,41.34384501114373
Estonia,2005,1A2L,ABFLOW025,Oil,41.18475373644957,0.15909127469415577,41.34384501114373
Estonia,2005,1A2M,ABFLOW026,Coal,41.18475373644957,0.15909127469415577,41.34384501114373
Estonia,2005,1A2M,ABFLOW026,Natural gas,41.18475373644957,0.15909127469415577,41.34384501114373
Estonia,2005,1A2M,ABFLOW026,Oil,41.18475373644957,0.15909127469415577,41.34384501114373
Estonia,2005,1A3,ABFLOW027,Coal,,,0.0
Estonia,2005,1A3,ABFLOW027,Natural gas,,,0.0
Estonia,2005,1A3,ABFLOW027,Oil,,,0.0
Estonia,2005,1A3A1,ABFLOW040,Coal,,,0.0
Estonia,2005,1A3A1,ABFLOW040,Natural gas,,,0.0
Estonia,2005,1A3A1,ABFLOW040,Oil,,,0.0
Estonia,2005,1A3A2,ABFLOW029,Coal,,,0.0
Estonia,2005,1A3A2,ABFLOW029,Natural gas,,,0.0
Estonia,2005,1A3A2,ABFLOW029,Oil,,,0.0
Estonia,2005,1A3B,ABFLOW028,Coal,,,0.0
Estonia,2005,1A3B,ABFLOW028,Natural gas,,,0.0
Estonia,2005,1A3B,ABFLOW028,Oil,,,0.0
Estonia,2005,1A3C,ABFLOW030,Coal,,,0.0
Estonia,2005,1A3C,ABFLOW030,Natural gas,,,0.0
Estonia,2005,1A3C,ABFLOW030,Oil,,,0.0
Estonia,2005,1A3D1,ABFLOW039,Coal,,,0.0
Estonia,2005,1A3D1,ABFLOW039,Natural gas,,,0.0
Estonia,2005,1A3D1,ABFLOW039,Oil,,,0.0
Estonia,2005,1A3D2,ABFLOW032,Coal,,,0.0
Estonia,2005,1A3D2,ABFLOW032,Natural gas,,,0.0
Estonia,2005,1A3D2,ABFLOW032,Oil,,,0.0
Estonia,2005,1A3E1,ABFLOW033,Coal,,,0.0
Estonia,2005,1A3E1,ABFLOW033,Natural gas,,,0.0
Estonia,2005,1A3E1,ABFLOW033,Oil,,,0.0
Estonia,2005,1A4A,ABFLOW035,Coal,,,0.0
Estonia,2005,1A4A,ABFLOW035,Natural gas,,,0.0
Estonia,2005,1A4A,ABFLOW035,Oil,,,0.0
Estonia,2005,1A4B,ABFLOW034,Coal,,,0.0
Estonia,2005,1A4B,ABFLOW034,Natural gas,,,0.0
Estonia,2005,1A4B,ABFLOW034,Oil,,,0.0
Estonia,2005,1A4C1,ABFLOW036,Coal,,,0.0
Estonia,2005,1A4C1,ABFLOW036,Natural gas,,,0.0
Estonia,2005,1A4C1,ABFLOW036,Oil,,,0.0
Estonia,2005,1A4C2,ABFLOW037,Coal,,,0.0
Estonia,2005,1A4C2,ABFLOW037,Natural gas,,,0.0
Estonia,2005,1A4C2,ABFLOW037,Oil,,,0.0
Estonia,2005,1A5,ABFLOW038,Coal,,,0.0
Estonia,2005,1A5,ABFLOW038,Natural gas,,,0.0
Estonia,2005,1A5,ABFLOW038,Oil,,,0.0
Estonia,2006,1A,ABFLOW001,Coal,,,0.0
Estonia,2006,1A,ABFLOW001,Natural gas,,,0.0
Estonia,2006,1A,ABFLOW001,Oil,,,0.0
Estonia,2006,1A1A,ABFLOW002,Coal,,,0.0
Estonia,2006,1A1A,ABFLOW002,Natural gas,,,0.0
Estonia,2006,1A1A,ABFLOW002,Oil,,,0.0
Estonia,2006,1A1A1,ABFLOW003,Coal,31.62376391085318,0.2027554267542039,31.826519337607387
Estonia,2006,1A1A1,ABFLOW003,Natural gas,31.62376391085318,0.2027554267542039,31.826519337607387
Estonia,2006,1A1A1,ABFLOW003,Oil,31.62376391085318,0.2027554267542039,31.826519337607387
Estonia,2006,1A1A2,ABFLOW004,Coal,31.62376391085318,0.2027554267542039,31.826519337607387
Estonia,2006,1A1A2,ABFLOW004,Natural gas,31.62376391085318,0.2027554267542039,31.826519337607387
Estonia,2006,1A1A2,ABFLOW004,Oil,31.62376391085318,0.2027554267542039,31.826519337607387
Estonia,2006,1A1A3,ABFLOW005,Coal,31.62376391085318,0.2027554267542039,31.826519337607387
Estonia,2006,1A1A3,ABFLOW005,Natural gas,31.62376391085318,0.2027554267542039,31.826519337607387
Estonia,2006,1A1A3,ABFLOW005,Oil,31.62376391085318,0.2027554267542039,31.826519337607387
Estonia,2006,1A1B,ABFLOW011,Coal,31.62376391085318,,31.62376391085318
Estonia,2006,1A1B,ABFLOW011,Natural gas,31.62376391085318,,31.62376391085318
Estonia,2006,1A1B,ABFLOW011,Oil,31.62376391085318,,31.62376391085318
Estonia,2006,1A1C,ABFLOW011,Coal,31.62376391085318,,31.62376391085318
Estonia,2006,1A1C,ABFLOW011,Natural gas,31.62376391085318,,31.62376391085318
Estonia,2006,1A1C,ABFLOW011,Oil,31.62376391085318,,31.62376391085318
Estonia,2006,1A2,ABFLOW012,Coal,,,0.0
Estonia,2006,1A2,ABFLOW012,Natural gas,,,0.0
Estonia,2006,1A2,ABFLOW012,Oil,,,0.0
Estonia,2006,1A2A,ABFLOW016,Coal,31.62376391085318,0.2027554267542039,31.826519337607387
Estonia,2006,1A2A,ABFLOW016,Natural gas,31.62376391085318,0.2027554267542039,31.826519337607387
Estonia,2006,1A2A,ABFLOW016,Oil,31.62376391085318,0.2027554267542039,31.826519337607387
Estonia,2006,1A2B,ABFLOW018,Coal,35.137515456503536,2.027554267542039,37.16506972404557
Estonia,2006,1A2B,ABFLOW018,Natural gas,35.137515456503536,2.027554267542039,37.16506972404557
Estonia,2006,1A2B,ABFLOW018,Oil,35.137515456503536,2.027554267542039,37.16506972404557
Estonia,2006,1A2C,ABFLOW017,Coal,31.62376391085318,0.2027554267542039,31.826519337607387
Estonia,2006,1A2C,ABFLOW017,Natural gas,31.62376391085318,0.2027554267542039,31.826519337607387
Estonia,2006,1A2C,ABFLOW017,Oil,31.62376391085318,0.2027554267542039,31.826519337607387
Estonia,2006,1A2D,ABFLOW023,Coal,31.62376391085318,0.2027554267542039,31.826519337607387
Estonia,2006,1A2D,ABFLOW023,Natural gas,31.62376391085318,0.2027554267542039,31.826519337607387
Estonia,2006,1A2D,ABFLOW023,Oil,31.62376391085318,0.2027554267542039,31.826519337607387
Estonia,2006,1A2E,ABFLOW022,Coal,31.62376391085318,0.2027554267542039,31.826519337607387
Estonia,2006,1A2E,ABFLOW022,Natural gas,31.62376391085318,0.2027554267542039,31.826519337607387
Estonia,2006,1A2E,ABFLOW022,Oil,31.62376391085318,0.2027554267542039,31.826519337607387
Estonia,2006,1A2F,ABFLOW019,Coal,31.62376391085318,0.2027554267542039,31.826519337607387
Estonia,2006,1A2F,ABFLOW019,Natural gas,31.62376391085318,0.2027554267542039,31.826519337607387
Estonia,2006,1A2F,ABFLOW019,Oil,31.62376391085318,0.2027554267542039,31.826519337607387
Estonia,2006,1A2G,ABFLOW020,Coal,31.62376391085318,0.2027554267542039,31.826519337607387
Estonia,2006,1A2G,ABFLOW020,Natural gas,31.62376391085318,0.2027554267542039,31.826519337607387
Estonia,2006,1A2G,ABFLOW020,Oil,31.62376391085318,0.2027554267542039,31.826519337607387
Estonia,2006,1A2H,ABFLOW021,Coal,31.62376391085318,0.2027554267542039,31.826519337607387
Estonia,2006,1A2H,ABFLOW021,Natural gas,31.62376391085318,0.2027554267542039,31.826519337607387
Estonia,2006,1A2H,ABFLOW021,Oil,31.62376391085318,0.2027554267542039,31.826519337607387
Estonia,2006,1A2I,ABFLOW013,Coal,31.62376391085318,0.2027554267542039,31.826519337607387
Estonia,2006,1A2I,ABFLOW013,Natural gas,31.62376391085318,0.2027554267542039,31.826519337607387
Estonia,2006,1A2I,ABFLOW013,Oil,31.62376391085318,0.2027554267542039,31.826519337607387
Estonia,2006,1A2J,ABFLOW024,Coal,31.62376391085318,0.2027554267542039,31.826519337607387
Estonia,2006,1A2J,ABFLOW024,Natural gas,31.62376391085318,0.2027554267542039,31.826519337607387
Estonia,2006,1A2J,ABFLOW024,Oil,31.62376391085318,0.2027554267542039,31.826519337607387
Estonia,2006,1A2K,ABFLOW014,Coal,31.62376391085318,0.2027554267542039,31.826519337607387
Estonia,2006,1A2K,ABFLOW014,Natural gas,31.62376391085318,0.2027554267542039,31.826519337607387
Estonia,2006,1A2K,ABFLOW014,Oil,31.62376391085318,0.2027554267542039,31.826519337607387
Estonia,2006,1A2L,ABFLOW025,Coal,31.62376391085318,0.2027554267542039,31.826519337607387
Estonia,2006,1A2L,ABFLOW025,Natural gas,31.62376391085318,0.2027554267542039,31.826519337607387
Estonia,2006,1A2L,ABFLOW025,Oil,31.62376391085318,0.2027554267542039,31.826519337607387
Estonia,2006,1A2M,ABFLOW026,Coal,31.62376391085318,0.2027554267542039,31.826519337607387
Estonia,2006,1A2M,ABFLOW026,Natural gas,31.62376391085318,0.2027554267542039,31.826519337607387
Estonia,2006,1A2M,ABFLOW026,Oil,31.62376391085318,0.2027554267542039,31.826519337607387
Estonia,2006,1A3,ABFLOW027,Coal,,,0.0
Estonia,2006,1A3,ABFLOW027,Natural gas,,,0.0
Estonia,2006,1A3,ABFLOW027,Oil,,,0.0
Estonia,2006,1A3A1,ABFLOW040,Coal,,,0.0
Estonia,2006,1A3A1,ABFLOW040,Natural gas,,,0.0
Estonia,2006,1A3A1,ABFLOW040,Oil,,,0.0
Estonia,2006,1A3A2,ABFLOW029,Coal,,,0.0
Estonia,2006,1A3A2,ABFLOW029,Natural gas,,,0.0
Estonia,2006,1A3A2,ABFLOW029,Oil,,,0.0
Estonia,2006,1A3B,ABFLOW028,Coal,,,0.0
Estonia,2006,1A3B,ABFLOW028,Natural gas,,,0.0
Estonia,2006,1A3B,ABFLOW028,Oil,,,0.0
Estonia,2006,1A3C,ABFLOW030,Coal,,,0.0
Estonia,2006,1A3C,ABFLOW030,Natural gas,,,0.0
Estonia,2006,1A3C,ABFLOW030,Oil,,,0.0
Estonia,2006,1A3D1,ABFLOW039,Coal,,,0.0
Estonia,2006,1A3D1,ABFLOW039,Natural gas,,,0.0
Estonia,2006,1A3D1,ABFLOW039,Oil,,,0.0
Estonia,2006,1A3D2,ABFLOW032,Coal,,,0.0
Estonia,2006,1A3D2,ABFLOW032,Natural gas,,,0.0
Estonia,2006,1A3D2,ABFLOW032,Oil,,,0.0
Estonia,2006,1A3E1,ABFLOW033,Coal,,,0.0
Estonia,2006,1A3E1,ABFLOW033,Natural gas,,,0.0
Estonia,2006,1A3E1,ABFLOW033,Oil,,,0.0
Estonia,2006,1A4A,ABFLOW035,Coal,,,0.0
Estonia,2006,1A4A,ABFLOW035,Natural gas,,,0.0
Estonia,2006,1A4A,ABFLOW035,Oil,,,0.0
Estonia,2006,1A4B,ABFLOW034,Coal,,,0.0
Estonia,2006,1A4B,ABFLOW034,Natural gas,,,0.0
Estonia,2006,1A4B,ABFLOW034,Oil,,,0.0
Estonia,2006,1A4C1,ABFLOW036,Coal,,,0.0
Estonia,2006,1A4C1,ABFLOW036,Natural gas,,,0.0
Estonia,2006,1A4C1,ABFLOW036,Oil,,,0.0
Estonia,2006,1A4C2,ABFLOW037,Coal,,,0.0
Estonia,2006,1A4C2,ABFLOW037,Natural gas,,,0.0
Estonia,2006,1A4C2,ABFLOW037,Oil,,,0.0
Estonia,2006,1A5,ABFLOW038,Coal,,,0.0
Estonia,2006,1A5,ABFLOW038,Natural gas,,,0.0
Estonia,2006,1A5,ABFLOW038,Oil,,,0.0
Estonia,2007,1A,ABFLOW001,Coal,,,0.0
Estonia,2007,1A,ABFLOW001,Natural gas,,,0.0
Estonia,2007,1A,ABFLOW001,Oil,,,0.0
Estonia,2007,1A1A,ABFLOW002,Coal,,,0.0
Estonia,2007,1A1A,ABFLOW002,Natural gas,,,0.0
Estonia,2007,1A1A,ABFLOW002,Oil,,,0.0
Estonia,2007,1A1A1,ABFLOW003,Coal,1.0719382064570047,0.18046097751801427,1.2523991839750188
Estonia,2007,1A1A1,ABFLOW003,Natural gas,1.0719382064570047,0.18046097751801427,1.2523991839750188
Estonia,2007,1A1A1,ABFLOW003,Oil,1.0719382064570047,0.18046097751801427,1.2523991839750188
Estonia,2007,1A1A2,ABFLOW004,Coal,1.0719382064570047,0.18046097751801427,1.2523991839750188
Estonia,2007,1A1A2,ABFLOW004,Natural gas,1.0719382064570047,0.18046097751801427,1.2523991839750188
Estonia,2007,1A1A2,ABFLOW004,Oil,1.0719382064570047,0.18046097751801427,1.2523991839750188
Estonia,2007,1A1A3,ABFLOW005,Coal,1.0719382064570047,0.18046097751801427,1.2523991839750188
Estonia,2007,1A1A3,ABFLOW005,Natural gas,1.0719382064570047,0.18046097751801427,1.2523991839750188
Estonia,2007,1A1A3,ABFLOW005,Oil,1.0719382064570047,0.18046097751801427,1.2523991839750188
Estonia,2007,1A1B,ABFLOW011,Coal,1.0719382064570047,,1.0719382064570047
Estonia,2007,1A1B,ABFLOW011,Natural gas,1.0719382064570047,,1.0719382064570047
Estonia,2007,1A1B,ABFLOW011,Oil,1.0719382064570047,,1.0719382064570047
Estonia,2007,1A1C,ABFLOW011,Coal,1.0719382064570047,,1.0719382064570047
Estonia,2007,1A1C,ABFLOW011,Natural gas,1.0719382064570047,,1.0719382064570047
Estonia,2007,1A1C,ABFLOW011,Oil,1.0719382064570047,,1.0719382064570047
Estonia,2007,1A2,ABFLOW012,Coal,,,0.0
Estonia,2007,1A2,ABFLOW012,Natural gas,,,0.0
Estonia,2007,1A2,ABFLOW012,Oil,,,0.0
Estonia,2007,1A2A,ABFLOW016,Coal,1.0719382064570047,0.18046097751801427,1.2523991839750188
Estonia,2007,1A2A,ABFLOW016,Natural gas,1.0719382064570047,0.18046097751801427,1.2523991839750188
Estonia,2007,1A2A,ABFLOW016,Oil,1.0719382064570047,0.18046097751801427,1.2523991839750188
Estonia,2007,1A2B,ABFLOW018,Coal,1.191042451618894,1.8046097751801424,2.995652226799036
Estonia,2007,1A2B,ABFLOW018,Natural gas,1.191042451618894,1.8046097751801424,2.995652226799036
Estonia,2007,1A2B,ABFLOW018,Oil,1.191042451618894,1.8046097751801424,2.995652226799036
Estonia,2007,1A2C,ABFLOW017,Coal,1.0719382064570047,0.18046097751801427,1.2523991839750188
Estonia,2007,1A2C,ABFLOW017,Natural gas,1.0719382064570047,0.18046097751801427,1.2523991839750188
Estonia,2007,1A2C,ABFLOW017,Oil,1.0719382064570047,0.18046097751801427,1.2523991839750188
Estonia,2007,1A2D,ABFLOW023,Coal,1.0719382064570047,0.18046097751801427,1.2523991839750188
Estonia,2007,1A2D,ABFLOW023,Natural gas,1.0719382064570047,0.18046097751801427,1.2523991839750188
Estonia,2007,1A2D,ABFLOW023,Oil,1.0719382064570047,0.18046097751801427,1.2523991839750188
Estonia,2007,1A2E,ABFLOW022,Coal,1.0719382064570047,0.18046097751801427,1.2523991839750188
Estonia,2007,1A2E,ABFLOW022,Natural gas,1.0719382064570047,0.18046097751801427,1.2523991839750188
Estonia,2007,1A2E,ABFLOW022,Oil,1.0719382064570047,0.18046097751801427,1.2523991839750188
Estonia,2007,1A2F,ABFLOW019,Coal,1.0719382064570047,0.18046097751801427,1.2523991839750188
Estonia,2007,1A2F,ABFLOW019,Natural gas,1.0719382064570047,0.18046097751801427,1.2523991839750188
Estonia,2007,1A2F,ABFLOW019,Oil,1.0719382064570047,0.18046097751801427,1.2523991839750188
Estonia,2007,1A2G,ABFLOW020,Coal,1.0719382064570047,0.18046097751801427,1.2523991839750188
Estonia,2007,1A2G,ABFLOW020,Natural gas,1.0719382064570047,0.18046097751801427,1.2523991839750188
Estonia,2007,1A2G,ABFLOW020,Oil,1.0719382064570047,0.18046097751801427,1.2523991839750188
Estonia,2007,1A2H,ABFLOW021,Coal,1.0719382064570047,0.18046097751801427,1.2523991839750188
Estonia,2007,1A2H,ABFLOW021,Natural gas,1.0719382064570047,0.18046097751801427,1.2523991839750188
Estonia,2007,1A2H,ABFLOW021,Oil,1.0719382064570047,0.18046097751801427,1.2523991839750188
Estonia,2007,1A2I,ABFLOW013,Coal,1.0719382064570047,0.18046097751801427,1.2523991839750188
Estonia,2007,1A2I,ABFLOW013,Natural gas,1.0719382064570047,0.18046097751801427,1.2523991839750188
Estonia,2007,1A2I,ABFLOW013,Oil,1.0719382064570047,0.18046097751801427,1.2523991839750188
Estonia,2007,1A2J,ABFLOW024,Coal,1.0719382064570047,0.18046097751801427,1.2523991839750188
Estonia,2007,1A2J,ABFLOW024,Natural gas,1.0719382064570047,0.18046097751801427,1.2523991839750188
Estonia,2007,1A2J,ABFLOW024,Oil,1.0719382064570047,0.18046097751801427,1.2523991839750188
Estonia,2007,1A2K,ABFLOW014,Coal,1.0719382064570047,0.18046097751801427,1.2523991839750188
Estonia,2007,1A2K,ABFLOW014,Natural gas,1.0719382064570047,0.18046097751801427,1.2523991839750188
Estonia,2007,1A2K,ABFLOW014,Oil,1.0719382064570047,0.18046097751801427,1.2523991839750188
Estonia,2007,1A2L,ABFLOW025,Coal,1.0719382064570047,0.18046097751801427,1.2523991839750188
Estonia,2007,1A2L,ABFLOW025,Natural gas,1.0719382064570047,0.18046097751801427,1.2523991839750188
Estonia,2007,1A2L,ABFLOW025,Oil,1.0719382064570047,0.18046097751801427,1.2523991839750188
Estonia,2007,1A2M,ABFLOW026,Coal,1.0719382064570047,0.18046097751801427,1.2523991839750188
Estonia,2007,1A2M,ABFLOW026,Natural gas,1.0719382064570047,0.18046097751801427,1.2523991839750188
Estonia,2007,1A2M,ABFLOW026,Oil,1.0719382064570047,0.18046097751801427,1.2523991839750188
Estonia,2007,1A3,ABFLOW027,Coal,,,0.0
Estonia,2007,1A3,ABFLOW027,Natural gas,,,0.0
Estonia,2007,1A3,ABFLOW027,Oil,,,0.0
Estonia,2007,1A3A1,ABFLOW040,Coal,,,0.0
Estonia,2007,1A3A1,ABFLOW040,Natural gas,,,0.0
Estonia,2007,1A3A1,ABFLOW040,Oil,,,0.0
Estonia,2007,1A3A2,ABFLOW029,Coal,,,0.0
Estonia,2007,1A3A2,ABFLOW029,Natural gas,,,0.0
Estonia,2007,1A3A2,ABFLOW029,Oil,,,0.0
Estonia,2007,1A3B,ABFLOW028,Coal,,,0.0
Estonia,2007,1A3B,ABFLOW028,Natural gas,,,0.0
Estonia,2007,1A3B,ABFLOW028,Oil,,,0.0
Estonia,2007,1A3C,ABFLOW030,Coal,,,0.0
Estonia,2007,1A3C,ABFLOW030,Natural gas,,,0.0
Estonia,2007,1A3C,ABFLOW030,Oil,,,0.0
Estonia,2007,1A3D1,ABFLOW039,Coal,,,0.0
Estonia,2007,1A3D1,ABFLOW039,Natural gas,,,0.0
Estonia,2007,1A3D1,ABFLOW039,Oil,,,0.0
Estonia,2007,1A3D2,ABFLOW032,Coal,,,0.0
Estonia,2007,1A3D2,ABFLOW032,Natural gas,,,0.0
Estonia,2007,1A3D2,ABFLOW032,Oil,,,0.0
Estonia,2007,1A3E1,ABFLOW033,Coal,,,0.0
Estonia,2007,1A3E1,ABFLOW033,Natural gas,,,0.0
Estonia,2007,1A3E1,ABFLOW033,Oil,,,0.0
Estonia,2007,1A4A,ABFLOW035,Coal,,,0.0
Estonia,2007,1A4A,ABFLOW035,Natural gas,,,0.0
Estonia,2007,1A4A,ABFLOW035,Oil,,,0.0
Estonia,2007,1A4B,ABFLOW034,Coal,,,0.0
Estonia,2007,1A4B,ABFLOW034,Natural gas,,,0.0
Estonia,2007,1A4B,ABFLOW034,Oil,,,0.0
Estonia,2007,1A4C1,ABFLOW036,Coal,,,0.0
Estonia,2007,1A4C1,ABFLOW036,Natural gas,,,0.0
Estonia,2007,1A4C1,ABFLOW036,Oil,,,0.0
Estonia,2007,1A4C2,ABFLOW037,Coal,,,0.0
Estonia,2007,1A4C2,ABFLOW037,Natural gas,,,0.0
Estonia,2007,1A4C2,ABFLOW037,Oil,,,0.0
Estonia,2007,1A5,ABFLOW038,Coal,,,0.0
Estonia,2007,1A5,ABFLOW038,Natural gas,,,0.0
Estonia,2007,1A5,ABFLOW038,Oil,,,0.0
Estonia,2008,1A,ABFLOW001,Coal,,,0.0
Estonia,2008,1A,ABFLOW001,Natural gas,,,0.0
Estonia,2008,1A,ABFLOW001,Oil,,,0.0
Estonia,2008,1A1A,ABFLOW002,Coal,,,0.0
Estonia,2008,1A1A,ABFLOW002,Natural gas,,,0.0
Estonia,2008,1A1A,ABFLOW002,Oil,,,0.0
Estonia,2008,1A1A1,ABFLOW003,Coal,26.431646568819062,0.25346803383984523,26.685114602658906
Estonia,2008,1A1A1,ABFLOW003,Natural gas,26.431646568819062,0.25346803383984523,26.685114602658906
Estonia,2008,1A1A1,ABFLOW003,Oil,26.431646568819062,0.25346803383984523,26.685114602658906
Estonia,2008,1A1A2,ABFLOW004,Coal,26.431646568819062,0.25346803383984523,26.685114602658906
Estonia,2008,1A1A2,ABFLOW004,Natural gas,26.431646568819062,0.25346803383984523,26.685114602658906
Estonia,2008,1A1A2,ABFLOW004,Oil,26.431646568819062,0.25346803383984523,26.685114602658906
Estonia,2008,1A1A3,ABFLOW005,Coal,26.431646568819062,0.25346803383984523,26.685114602658906
Estonia,2008,1A1A3,ABFLOW005,Natural gas,26.431646568819062,0.25346803383984523,26.685114602658906
Estonia,2008,1A1A3,ABFLOW005,Oil,26.431646568819062,0.25346803383984523,26.685114602658906
Estonia,2008,1A1B,ABFLOW011,Coal,26.431646568819062,,26.431646568819062
Estonia,2008,1A1B,ABFLOW011,Natural gas,26.431646568819062,,26.431646568819062
Estonia,2008,1A1B,ABFLOW011,Oil,26.431646568819062,,26.431646568819062
Estonia,2008,1A1C,ABFLOW011,Coal,26.431646568819062,,26.431646568819062
Estonia,2008,1A1C,ABFLOW011,Natural gas,26.431646568819062,,26.431646568819062
Estonia,2008,1A1C,ABFLOW011,Oil,26.431646568819062,,26.431646568819062
Estonia,2008,1A2,ABFLOW012,Coal,,,0.0
Estonia,2008,1A2,ABFLOW012,Natural gas,,,0.0
Estonia,2008,1A2,ABFLOW012,Oil,,,0.0
Estonia,2008,1A2A,ABFLOW016,Coal,26.431646568819062,0.25346803383984523,26.685114602658906
Estonia,2008,1A2A,ABFLOW016,Natural gas,26.431646568819062,0.25346803383984523,26.685114602658906
Estonia,2008,1A2A,ABFLOW016,Oil,26.431646568819062,0.25346803383984523,26.685114602658906
Estonia,2008,1A2B,ABFLOW018,Coal,29.368496187576735,2.534680338398452,31.903176525975187
Estonia,2008,1A2B,ABFLOW018,Natural gas,29.368496187576735,2.534680338398452,31.903176525975187
Estonia,2008,1A2B,ABFLOW018,Oil,29.368496187576735,2.534680338398452,31.903176525975187
Estonia,2008,1A2C,ABFLOW017,Coal,26.431646568819062,0.25346803383984523,26.685114602658906
Estonia,2008,1A2C,ABFLOW017,Natural gas,26.431646568819062,0.25346803383984523,26.685114602658906
Estonia,2008,1A2C,ABFLOW017,Oil,26.431646568819062,0.25346803383984523,26.685114602658906
Estonia,2008,1A2D,ABFLOW023,Coal,26.431646568819062,0.25346803383984523,26.685114602658906
Estonia,2008,1A2D,ABFLOW023,Natural gas,26.431646568819062,0.25346803383984523,26.685114602658906
Estonia,2008,1A2D,ABFLOW023,Oil,26.431646568819062,0.25346803383984523,26.685114602658906
Estonia,2008,1A2E,ABFLOW022,Coal,26.431646568819062,0.25346803383984523,26.685114602658906
Estonia,2008,1A2E,ABFLOW022,Natural gas,26.431646568819062,0.25346803383984523,26.685114602658906
Estonia,2008,1A2E,ABFLOW022,Oil,26.431646568819062,0.25346803383984523,26.685114602658906
Estonia,2008,1A2F,ABFLOW019,Coal,26.431646568819062,0.25346803383984523,26.685114602658906
Estonia,2008,1A2F,ABFLOW019,Natural gas,26.431646568819062,0.25346803383984523,26.685114602658906
Estonia,2008,1A2F,ABFLOW019,Oil,26.431646568819062,0.25346803383984523,26.685114602658906
Estonia,2008,1A2G,ABFLOW020,Coal,26.431646568819062,0.25346803383984523,26.685114602658906
Estonia,2008,1A2G,ABFLOW020,Natural gas,26.431646568819062,0.25346803383984523,26.685114602658906
Estonia,2008,1A2G,ABFLOW020,Oil,26.431646568819062,0.25346803383984523,26.685114602658906
Estonia,2008,1A2H,ABFLOW021,Coal,26.431646568819062,0.25346803383984523,26.685114602658906
Estonia,2008,1A2H,ABFLOW021,Natural gas,26.431646568819062,0.25346803383984523,26.685114602658906
Estonia,2008,1A2H,ABFLOW021,Oil,26.431646568819062,0.25346803383984523,26.685114602658906
Estonia,2008,1A2I,ABFLOW013,Coal,26.431646568819062,0.25346803383984523,26.685114602658906
Estonia,2008,1A2I,ABFLOW013,Natural gas,26.431646568819062,0.25346803383984523,26.685114602658906
Estonia,2008,1A2I,ABFLOW013,Oil,26.431646568819062,0.25346803383984523,26.685114602658906
Estonia,2008,1A2J,ABFLOW024,Coal,26.431646568819062,0.25346803383984523,26.685114602658906
Estonia,2008,1A2J,ABFLOW024,Natural gas,26.431646568819062,0.25346803383984523,26.685114602658906
Estonia,2008,1A2J,ABFLOW024,Oil,26.431646568819062,0.25346803383984523,26.685114602658906
Estonia,2008,1A2K,ABFLOW014,Coal,26.431646568819062,0.25346803383984523,26.685114602658906
Estonia,2008,1A2K,ABFLOW014,Natural gas,26.431646568819062,0.25346803383984523,26.685114602658906
Estonia,2008,1A2K,ABFLOW014,Oil,26.431646568819062,0.25346803383984523,26.685114602658906
Estonia,2008,1A2L,ABFLOW025,Coal,26.431646568819062,0.25346803383984523,26.685114602658906
Estonia,2008,1A2L,ABFLOW025,Natural gas,26.431646568819062,0.25346803383984523,26.685114602658906
Estonia,2008,1A2L,ABFLOW025,Oil,26.431646568819062,0.25346803383984523,26.685114602658906
Estonia,2008,1A2M,ABFLOW026,Coal,26.431646568819062,0.25346803383984523,26.685114602658906
Estonia,2008,1A2M,ABFLOW026,Natural gas,26.431646568819062,0.25346803383984523,26.685114602658906
Estonia,2008,1A2M,ABFLOW026,Oil,26.431646568819062,0.25346803383984523,26.685114602658906
Estonia,2008,1A3,ABFLOW027,Coal,,,0.0
Estonia,2008,1A3,ABFLOW027,Natural gas,,,0.0
Estonia,2008,1A3,ABFLOW027,Oil,,,0.0
Estonia,2008,1A3A1,ABFLOW040,Coal,,,0.0
Estonia,2008,1A3A1,ABFLOW040,Natural gas,,,0.0
Estonia,2008,1A3A1,ABFLOW040,Oil,,,0.0
Estonia,2008,1A3A2,ABFLOW029,Coal,,,0.0
Estonia,2008,1A3A2,ABFLOW029,Natural gas,,,0.0
Estonia,2008,1A3A2,ABFLOW029,Oil,,,0.0
Estonia,2008,1A3B,ABFLOW028,Coal,,,0.0
Estonia,2008,1A3B,ABFLOW028,Natural gas,,,0.0
Estonia,2008,1A3B,ABFLOW028,Oil,,,0.0
Estonia,2008,1A3C,ABFLOW030,Coal,,,0.0
Estonia,2008,1A3C,ABFLOW030,Natural gas,,,0.0
Estonia,2008,1A3C,ABFLOW030,Oil,,,0.0
Estonia,2008,1A3D1,ABFLOW039,Coal,,,0.0
Estonia,2008,1A3D1,ABFLOW039,Natural gas,,,0.0
Estonia,2008,1A3D1,ABFLOW039,Oil,,,0.0
Estonia,2008,1A3D2,ABFLOW032,Coal,,,0.0
Estonia,2008,1A3D2,ABFLOW032,Natural gas,,,0.0
Estonia,2008,1A3D2,ABFLOW032,Oil,,,0.0
Estonia,2008,1A3E1,ABFLOW033,Coal,,,0.0
Estonia,2008,1A3E1,ABFLOW033,Natural gas,,,0.0
Estonia,2008,1A3E1,ABFLOW033,Oil,,,0.0
Estonia,2008,1A4A,ABFLOW035,Coal,,,0.0
Estonia,2008,1A4A,ABFLOW035,Natural gas,,,0.0
Estonia,2008,1A4A,ABFLOW035,Oil,,,0.0
Estonia,2008,1A4B,ABFLOW034,Coal,,,0.0
Estonia,2008,1A4B,ABFLOW034,Natural gas,,,0.0
Estonia,2008,1A4B,ABFLOW034,Oil,,,0.0
Estonia,2008,1A4C1,ABFLOW036,Coal,,,0.0
Estonia,2008,1A4C1,ABFLOW036,Natural gas,,,0.0
Estonia,2008,1A4C1,ABFLOW036,Oil,,,0.0
Estonia,2008,1A4C2,ABFLOW037,Coal,,,0.0
Estonia,2008,1A4C2,ABFLOW037,Natural gas,,,0.0
Estonia,2008,1A4C2,ABFLOW037,Oil,,,0.0
Estonia,2008,1A5,ABFLOW038,Coal,,,0.0
Estonia,2008,1A5,ABFLOW038,Natural gas,,,0.0
Estonia,2008,1A5,ABFLOW038,Oil,,,0.0
Estonia,2009,1A,ABFLOW001,Coal,,,0.0
Estonia,2009,1A,ABFLOW001,Natural gas,,,0.0
Estonia,2009,1A,ABFLOW001,Oil,,,0.0
Estonia,2009,1A1A,ABFLOW002,Coal,,,0.0
Estonia,2009,1A1A,ABFLOW002,Natural gas,,,0.0
Estonia,2009,1A1A,ABFLOW002,Oil,,,0.0
Estonia,2009,1A1A1,ABFLOW003,Coal,20.0764501410587,0.33927249921518715,20.415722640273888
Estonia,2009,1A1A1,ABFLOW003,Natural gas,20.0764501410587,0.33927249921518715,20.415722640273888
Estonia,2009,1A1A1,ABFLOW003,Oil,20.0764501410587,0.33927249921518715,20.415722640273888
Estonia,2009,1A1A2,ABFLOW004,Coal,20.0764501410587,0.33927249921518715,20.415722640273888
Estonia,2009,1A1A2,ABFLOW004,Natural gas,20.0764501410587,0.33927249921518715,20.415722640273888
Estonia,2009,1A1A2,ABFLOW004,Oil,20.0764501410587,0.33927249921518715,20.415722640273888
Estonia,2009,1A1A3,ABFLOW005,Coal,20.0764501410587,0.33927249921518715,20.415722640273888
Estonia,2009,1A1A3,ABFLOW005,Natural gas,20.0764501410587,0.33927249921518715,20.415722640273888
Estonia,2009,1A1A3,ABFLOW005,Oil,20.0764501410587,0.33927249921518715,20.415722640273888
Estonia,2009,1A1B,ABFLOW011,Coal,20.0764501410587,,20.0764501410587
Estonia,2009,1A1B,ABFLOW011,Natural gas,20.0764501410587,,20.0764501410587
Estonia,2009,1A1B,ABFLOW011,Oil,20.0764501410587,,20.0764501410587
Estonia,2009,1A1C,ABFLOW011,Coal,20.0764501410587,,20.0764501410587
Estonia,2009,1A1C,ABFLOW011,Natural gas,20.0764501410587,,20.0764501410587
Estonia,2009,1A1C,ABFLOW011,Oil,20.0764501410587,,20.0764501410587
Estonia,2009,1A2,ABFLOW012,Coal,,,0.0
Estonia,2009,1A2,ABFLOW012,Natural gas,,,0.0
Estonia,2009,1A2,ABFLOW012,Oil,,,0.0
Estonia,2009,1A2A,ABFLOW016,Coal,20.0764501410587,0.33927249921518715,20.415722640273888
Estonia,2009,1A2A,ABFLOW016,Natural gas,20.0764501410587,0.33927249921518715,20.415722640273888
Estonia,2009,1A2A,ABFLOW016,Oil,20.0764501410587,0.33927249921518715,20.415722640273888
Estonia,2009,1A2B,ABFLOW018,Coal,22.307166823398553,3.392724992151871,25.699891815550423
Estonia,2009,1A2B,ABFLOW018,Natural gas,22.307166823398553,3.392724992151871,25.699891815550423
Estonia,2009,1A2B,ABFLOW018,Oil,22.307166823398553,3.392724992151871,25.699891815550423
Estonia,2009,1A2C,ABFLOW017,Coal,20.0764501410587,0.33927249921518715,20.415722640273888
Estonia,2009,1A2C,ABFLOW017,Natural gas,20.0764501410587,0.33927249921518715,20.415722640273888
Estonia,2009,1A2C,ABFLOW017,Oil,20.0764501410587,0.33927249921518715,20.415722640273888
Estonia,2009,1A2D,ABFLOW023,Coal,20.0764501410587,0.33927249921518715,20.415722640273888
Estonia,2009,1A2D,ABFLOW023,Natural gas,20.0764501410587,0.33927249921518715,20.415722640273888
Estonia,2009,1A2D,ABFLOW023,Oil,20.0764501410587,0.33927249921518715,20.415722640273888
Estonia,2009,1A2E,ABFLOW022,Coal,20.0764501410587,0.33927249921518715,20.415722640273888
Estonia,2009,1A2E,ABFLOW022,Natural gas,20.0764501410587,0.33927249921518715,20.415722640273888
Estonia,2009,1A2E,ABFLOW022,Oil,20.0764501410587,0.33927249921518715,20.415722640273888
Estonia,2009,1A2F,ABFLOW019,Coal,20.0764501410587,0.33927249921518715,20.415722640273888
Estonia,2009,1A2F,ABFLOW019,Natural gas,20.0764501410587,0.33927249921518715,20.415722640273888
Estonia,2009,1A2F,ABFLOW019,Oil,20.0764501410587,0.33927249921518715,20.415722640273888
Estonia,2009,1A2G,ABFLOW020,Coal,20.0764501410587,0.33927249921518715,20.415722640273888
Estonia,2009,1A2G,ABFLOW020,Natural gas,20.0764501410587,0.33927249921518715,20.415722640273888
Estonia,2009,1A2G,ABFLOW020,Oil,20.0764501410587,0.33927249921518715,20.415722640273888
Estonia,2009,1A2H,ABFLOW021,Coal,20.0764501410587,0.33927249921518715,20.415722640273888
Estonia,2009,1A2H,ABFLOW021,Natural gas,20.0764501410587,0.33927249921518715,20.415722640273888
Estonia,2009,1A2H,ABFLOW021,Oil,20.0764501410587,0.33927249921518715,20.415722640273888
Estonia,2009,1A2I,ABFLOW013,Coal,20.0764501410587,0.33927249921518715,20.415722640273888
Estonia,2009,1A2I,ABFLOW013,Natural gas,20.0764501410587,0.33927249921518715,20.415722640273888
Estonia,2009,1A2I,ABFLOW013,Oil,20.0764501410587,0.33927249921518715,20.415722640273888
Estonia,2009,1A2J,ABFLOW024,Coal,20.0764501410587,0.33927249921518715,20.415722640273888
Estonia,2009,1A2J,ABFLOW024,Natural gas,20.0764501410587,0.33927249921518715,20.415722640273888
Estonia,2009,1A2J,ABFLOW024,Oil,20.0764501410587,0.33927249921518715,20.415722640273888
Estonia,2009,1A2K,ABFLOW014,Coal,20.0764501410587,0.33927249921518715,20.415722640273888
Estonia,2009,1A2K,ABFLOW014,Natural gas,20.0764501410587,0.33927249921518715,20.415722640273888
Estonia,2009,1A2K,ABFLOW014,Oil,20.0764501410587,0.33927249921518715,20.415722640273888
Estonia,2009,1A2L,ABFLOW025,Coal,20.0764501410587,0.33927249921518715,20.415722640273888
Estonia,2009,1A2L,ABFLOW025,Natural gas,20.0764501410587,0.33927249921518715,20.415722640273888
Estonia,2009,1A2L,ABFLOW025,Oil,20.0764501410587,0.33927249921518715,20.415722640273888
Estonia,2009,1A2M,ABFLOW026,Coal,20.0764501410587,0.33927249921518715,20.415722640273888
Estonia,2009,1A2M,ABFLOW026,Natural gas,20.0764501410587,0.33927249921518715,20.415722640273888
Estonia,2009,1A2M,ABFLOW026,Oil,20.0764501410587,0.33927249921518715,20.415722640273888
Estonia,2009,1A3,ABFLOW027,Coal,,,0.0
Estonia,2009,1A3,ABFLOW027,Natural gas,,,0.0
Estonia,2009,1A3,ABFLOW027,Oil,,,0.0
Estonia,2009,1A3A1,ABFLOW040,Coal,,,0.0
Estonia,2009,1A3A1,ABFLOW040,Natural gas,,,0.0
Estonia,2009,1A3A1,ABFLOW040,Oil,,,0.0
Estonia,2009,1A3A2,ABFLOW029,Coal,,,0.0
Estonia,2009,1A3A2,ABFLOW029,Natural gas,,,0.0
Estonia,2009,1A3A2,ABFLOW029,Oil,,,0.0
Estonia,2009,1A3B,ABFLOW028,Coal,,,0.0
Estonia,2009,1A3B,ABFLOW028,Natural gas,,,0.0
Estonia,2009,1A3B,ABFLOW028,Oil,,,0.0
Estonia,2009,1A3C,ABFLOW030,Coal,,,0.0
Estonia,2009,1A3C,ABFLOW030,Natural gas,,,0.0
Estonia,2009,1A3C,ABFLOW030,Oil,,,0.0
Estonia,2009,1A3D1,ABFLOW039,Coal,,,0.0
Estonia,2009,1A3D1,ABFLOW039,Natural gas,,,0.0
Estonia,2009,1A3D1,ABFLOW039,Oil,,,0.0
Estonia,2009,1A3D2,ABFLOW032,Coal,,,0.0
Estonia,2009,1A3D2,ABFLOW032,Natural gas,,,0.0
Estonia,2009,1A3D2,ABFLOW032,Oil,,,0.0
Estonia,2009,1A3E1,ABFLOW033,Coal,,,0.0
Estonia,2009,1A3E1,ABFLOW033,Natural gas,,,0.0
Estonia,2009,1A3E1,ABFLOW033,Oil,,,0.0
Estonia,2009,1A4A,ABFLOW035,Coal,,,0.0
Estonia,2009,1A4A,ABFLOW035,Natural gas,,,0.0
Estonia,2009,1A4A,ABFLOW035,Oil,,,0.0
Estonia,2009,1A4B,ABFLOW034,Coal,,,0.0
Estonia,2009,1A4B,ABFLOW034,Natural gas,,,0.0
Estonia,2009,1A4B,ABFLOW034,Oil,,,0.0
Estonia,2009,1A4C1,ABFLOW036,Coal,,,0.0
Estonia,2009,1A4C1,ABFLOW036,Natural gas,,,0.0
Estonia,2009,1A4C1,ABFLOW036,Oil,,,0.0
Estonia,2009,1A4C2,ABFLOW037,Coal,,,0.0
Estonia,2009,1A4C2,ABFLOW037,Natural gas,,,0.0
Estonia,2009,1A4C2,ABFLOW037,Oil,,,0.0
Estonia,2009,1A5,ABFLOW038,Coal,,,0.0
Estonia,2009,1A5,ABFLOW038,Natural gas,,,0.0
Estonia,2009,1A5,ABFLOW038,Oil,,,0.0
Estonia,2010,1A,ABFLOW001,Coal,,,0.0
Estonia,2010,1A,ABFLOW001,Natural gas,,,0.0
Estonia,2010,1A,ABFLOW001,Oil,,,0.0
Estonia,2010,1A1A,ABFLOW002,Coal,,,0.0
Estonia,2010,1A1A,ABFLOW002,Natural gas,,,0.0
Estonia,2010,1A1A,ABFLOW002,Oil,,,0.0
Estonia,2010,1A1A1,ABFLOW003,Coal,21.502649721343303,0.3332194285036929,21.835869149846996
Estonia,2010,1A1A1,ABFLOW003,Natural gas,21.502649721343303,0.3332194285036929,21.835869149846996
Estonia,2010,1A1A1,ABFLOW003,Oil,21.502649721343303,0.3332194285036929,21.835869149846996
Estonia,2010,1A1A2,ABFLOW004,Coal,21.502649721343303,0.3332194285036929,21.835869149846996
Estonia,2010,1A1A2,ABFLOW004,Natural gas,21.502649721343303,0.3332194285036929,21.835869149846996
Estonia,2010,1A1A2,ABFLOW004,Oil,21.502649721343303,0.3332194285036929,21.835869149846996
Estonia,2010,1A1A3,ABFLOW005,Coal,21.502649721343303,0.3332194285036929,21.835869149846996
Estonia,2010,1A1A3,ABFLOW005,Natural gas,21.502649721343303,0.3332194285036929,21.835869149846996
Estonia,2010,1A1A3,ABFLOW005,Oil,21.502649721343303,0.3332194285036929,21.835869149846996
Estonia,2010,1A1B,ABFLOW011,Coal,21.502649721343303,,21.502649721343303
Estonia,2010,1A1B,ABFLOW011,Natural gas,21.502649721343303,,21.502649721343303
Estonia,2010,1A1B,ABFLOW011,Oil,21.502649721343303,,21.502649721343303
Estonia,2010,1A1C,ABFLOW011,Coal,21.502649721343303,,21.502649721343303
Estonia,2010,1A1C,ABFLOW011,Natural gas,21.502649721343303,,21.502649721343303
Estonia,2010,1A1C,ABFLOW011,Oil,21.502649721343303,,21.502649721343303
Estonia,2010,1A2,ABFLOW012,Coal,,,0.0
Estonia,2010,1A2,ABFLOW012,Natural gas,,,0.0
Estonia,2010,1A2,ABFLOW012,Oil,,,0.0
Estonia,2010,1A2A,ABFLOW016,Coal,21.502649721343303,0.3332194285036929,21.835869149846996
Estonia,2010,1A2A,ABFLOW016,Natural gas,21.502649721343303,0.3332194285036929,21.835869149846996
Estonia,2010,1A2A,ABFLOW016,Oil,21.502649721343303,0.3332194285036929,21.835869149846996
Estonia,2010,1A2B,ABFLOW018,Coal,23.89183302371478,3.332194285036929,27.22402730875171
Estonia,2010,1A2B,ABFLOW018,Natural gas,23.89183302371478,3.332194285036929,27.22402730875171
Estonia,2010,1A2B,ABFLOW018,Oil,23.89183302371478,3.332194285036929,27.22402730875171
Estonia,2010,1A2C,ABFLOW017,Coal,21.502649721343303,0.3332194285036929,21.835869149846996
Estonia,2010,1A2C,ABFLOW017,Natural gas,21.502649721343303,0.3332194285036929,21.835869149846996
Estonia,2010,1A2C,ABFLOW017,Oil,21.502649721343303,0.3332194285036929,21.835869149846996
Estonia,2010,1A2D,ABFLOW023,Coal,21.502649721343303,0.3332194285036929,21.835869149846996
Estonia,2010,1A2D,ABFLOW023,Natural gas,21.502649721343303,0.3332194285036929,21.835869149846996
Estonia,2010,1A2D,ABFLOW023,Oil,21.502649721343303,0.3332194285036929,21.835869149846996
Estonia,2010,1A2E,ABFLOW022,Coal,21.502649721343303,0.3332194285036929,21.835869149846996
Estonia,2010,1A2E,ABFLOW022,Natural gas,21.502649721343303,0.3332194285036929,21.835869149846996
Estonia,2010,1A2E,ABFLOW022,Oil,21.502649721343303,0.3332194285036929,21.835869149846996
Estonia,2010,1A2F,ABFLOW019,Coal,21.502649721343303,0.3332194285036929,21.835869149846996
Estonia,2010,1A2F,ABFLOW019,Natural gas,21.502649721343303,0.3332194285036929,21.835869149846996
Estonia,2010,1A2F,ABFLOW019,Oil,21.502649721343303,0.3332194285036929,21.835869149846996
Estonia,2010,1A2G,ABFLOW020,Coal,21.502649721343303,0.3332194285036929,21.835869149846996
Estonia,2010,1A2G,ABFLOW020,Natural gas,21.502649721343303,0.3332194285036929,21.835869149846996
Estonia,2010,1A2G,ABFLOW020,Oil,21.502649721343303,0.3332194285036929,21.835869149846996
Estonia,2010,1A2H,ABFLOW021,Coal,21.502649721343303,0.3332194285036929,21.835869149846996
Estonia,2010,1A2H,ABFLOW021,Natural gas,21.502649721343303,0.3332194285036929,21.835869149846996
Estonia,2010,1A2H,ABFLOW021,Oil,21.502649721343303,0.3332194285036929,21.835869149846996
Estonia,2010,1A2I,ABFLOW013,Coal,21.502649721343303,0.3332194285036929,21.835869149846996
Estonia,2010,1A2I,ABFLOW013,Natural gas,21.502649721343303,0.3332194285036929,21.835869149846996
Estonia,2010,1A2I,ABFLOW013,Oil,21.502649721343303,0.3332194285036929,21.835869149846996
Estonia,2010,1A2J,ABFLOW024,Coal,21.502649721343303,0.3332194285036929,21.835869149846996
Estonia,2010,1A2J,ABFLOW024,Natural gas,21.502649721343303,0.3332194285036929,21.835869149846996
Estonia,2010,1A2J,ABFLOW024,Oil,21.502649721343303,0.3332194285036929,21.835869149846996
Estonia,2010,1A2K,ABFLOW014,Coal,21.502649721343303,0.3332194285036929,21.835869149846996
Estonia,2010,1A2K,ABFLOW014,Natural gas,21.502649721343303,0.3332194285036929,21.835869149846996
Estonia,2010,1A2K,ABFLOW014,Oil,21.502649721343303,0.3332194285036929,21.835869149846996
Estonia,2010,1A2L,ABFLOW025,Coal,21.502649721343303,0.3332194285036929,21.835869149846996
Estonia,2010,1A2L,ABFLOW025,Natural gas,21.502649721343303,0.3332194285036929,21.835869149846996
Estonia,2010,1A2L,ABFLOW025,Oil,21.502649721343303,0.3332194285036929,21.835869149846996
Estonia,2010,1A2M,ABFLOW026,Coal,21.502649721343303,0.3332194285036929,21.835869149846996
Estonia,2010,1A2M,ABFLOW026,Natural gas,21.502649721343303,0.3332194285036929,21.835869149846996
Estonia,2010,1A2M,ABFLOW026,Oil,21.502649721343303,0.3332194285036929,21.835869149846996
Estonia,2010,1A3,ABFLOW027,Coal,,,0.0
Estonia,2010,1A3,ABFLOW027,Natural gas,,,0.0
Estonia,2010,1A3,ABFLOW027,Oil,,,0.0
Estonia,2010,1A3A1,ABFLOW040,Coal,,,0.0
Estonia,2010,1A3A1,ABFLOW040,Natural gas,,,0.0
Estonia,2010,1A3A1,ABFLOW040,Oil,,,0.0
Estonia,2010,1A3A2,ABFLOW029,Coal,,,0.0
Estonia,2010,1A3A2,ABFLOW029,Natural gas,,,0.0
Estonia,2010,1A3A2,ABFLOW029,Oil,,,0.0
Estonia,2010,1A3B,ABFLOW028,Coal,,,0.0
Estonia,2010,1A3B,ABFLOW028,Natural gas,,,0.0
Estonia,2010,1A3B,ABFLOW028,Oil,,,0.0
Estonia,2010,1A3C,ABFLOW030,Coal,,,0.0
Estonia,2010,1A3C,ABFLOW030,Natural gas,,,0.0
Estonia,2010,1A3C,ABFLOW030,Oil,,,0.0
Estonia,2010,1A3D1,ABFLOW039,Coal,,,0.0
Estonia,2010,1A3D1,ABFLOW039,Natural gas,,,0.0
Estonia,2010,1A3D1,ABFLOW039,Oil,,,0.0
Estonia,2010,1A3D2,ABFLOW032,Coal,,,0.0
Estonia,2010,1A3D2,ABFLOW032,Natural gas,,,0.0
Estonia,2010,1A3D2,ABFLOW032,Oil,,,0.0
Estonia,2010,1A3E1,ABFLOW033,Coal,,,0.0
Estonia,2010,1A3E1,ABFLOW033,Natural gas,,,0.0
Estonia,2010,1A3E1,ABFLOW033,Oil,,,0.0
Estonia,2010,1A4A,ABFLOW035,Coal,,,0.0
Estonia,2010,1A4A,ABFLOW035,Natural gas,,,0.0
Estonia,2010,1A4A,ABFLOW035,Oil,,,0.0
Estonia,2010,1A4B,ABFLOW034,Coal,,,0.0
Estonia,2010,1A4B,ABFLOW034,Natural gas,,,0.0
Estonia,2010,1A4B,ABFLOW034,Oil,,,0.0
Estonia,2010,1A4C1,ABFLOW036,Coal,,,0.0
Estonia,2010,1A4C1,ABFLOW036,Natural gas,,,0.0
Estonia,2010,1A4C1,ABFLOW036,Oil,,,0.0
Estonia,2010,1A4C2,ABFLOW037,Coal,,,0.0
Estonia,2010,1A4C2,ABFLOW037,Natural gas,,,0.0
Estonia,2010,1A4C2,ABFLOW037,Oil,,,0.0
Estonia,2010,1A5,ABFLOW038,Coal,,,0.0
Estonia,2010,1A5,ABFLOW038,Natural gas,,,0.0
Estonia,2010,1A5,ABFLOW038,Oil,,,0.0
Estonia,2011,1A,ABFLOW001,Coal,,,0.0
Estonia,2011,1A,ABFLOW001,Natural gas,,,0.0
Estonia,2011,1A,ABFLOW001,Oil,,,0.0
Estonia,2011,1A1A,ABFLOW002,Coal,,,0.0
Estonia,2011,1A1A,ABFLOW002,Natural gas,,,0.0
Estonia,2011,1A1A,ABFLOW002,Oil,,,0.0
Estonia,2011,1A1A1,ABFLOW003,Coal,18.384990927893128,0.315730567197203,18.70072149509033
Estonia,2011,1A1A1,ABFLOW003,Natural gas,18.384990927893128,0.315730567197203,18.70072149509033
Estonia,2011,1A1A1,ABFLOW003,Oil,18.384990927893128,0.315730567197203,18.70072149509033
Estonia,2011,1A1A2,ABFLOW004,Coal,18.384990927893128,0.315730567197203,18.70072149509033
Estonia,2011,1A1A2,ABFLOW004,Natural gas,18.384990927893128,0.315730567197203,18.70072149509033
Estonia,2011,1A1A2,ABFLOW004,Oil,18.384990927893128,0.315730567197203,18.70072149509033
Estonia,2011,1A1A3,ABFLOW005,Coal,18.384990927893128,0.315730567197203,18.70072149509033
Estonia,2011,1A1A3,ABFLOW005,Natural gas,18.384990927893128,0.315730567197203,18.70072149509033
Estonia,2011,1A1A3,ABFLOW005,Oil,18.384990927893128,0.315730567197203,18.70072149509033
Estonia,2011,1A1B,ABFLOW011,Coal,18.384990927893128,,18.384990927893128
Estonia,2011,1A1B,ABFLOW011,Natural gas,18.384990927893128,,18.384990927893128
Estonia,2011,1A1B,ABFLOW011,Oil,18.384990927893128,,18.384990927893128
Estonia,2011,1A1C,ABFLOW011,Coal,18.384990927893128,,18.384990927893128
Estonia,2011,1A1C,ABFLOW011,Natural gas,18.384990927893128,,18.384990927893128
Estonia,2011,1A1C,ABFLOW011,Oil,18.384990927893128,,18.384990927893128
Estonia,2011,1A2,ABFLOW012,Coal,,,0.0
Estonia,2011,1A2,ABFLOW012,Natural gas,,,0.0
Estonia,2011,1A2,ABFLOW012,Oil,,,0.0
Estonia,2011,1A2A,ABFLOW016,Coal,18.384990927893128,0.315730567197203,18.70072149509033
Estonia,2011,1A2A,ABFLOW016,Natural gas,18.384990927893128,0.315730567197203,18.70072149509033
Estonia,2011,1A2A,ABFLOW016,Oil,18.384990927893128,0.315730567197203,18.70072149509033
Estonia,2011,1A2B,ABFLOW018,Coal,20.427767697659032,3.1573056719720296,23.58507336963106
Estonia,2011,1A2B,ABFLOW018,Natural gas,20.427767697659032,3.1573056719720296,23.58507336963106
Estonia,2011,1A2B,ABFLOW018,Oil,20.427767697659032,3.1573056719720296,23.58507336963106
Estonia,2011,1A2C,ABFLOW017,Coal,18.384990927893128,0.315730567197203,18.70072149509033
Estonia,2011,1A2C,ABFLOW017,Natural gas,18.384990927893128,0.315730567197203,18.70072149509033
Estonia,2011,1A2C,ABFLOW017,Oil,18.384990927893128,0.315730567197203,18.70072149509033
Estonia,2011,1A2D,ABFLOW023,Coal,18.384990927893128,0.315730567197203,18.70072149509033
Estonia,2011,1A2D,ABFLOW023,Natural gas,18.384990927893128,0.315730567197203,18.70072149509033
Estonia,2011,1A2D,ABFLOW023,Oil,18.384990927893128,0.315730567197203,18.70072149509033
Estonia,2011,1A2E,ABFLOW022,Coal,18.384990927893128,0.315730567197203,18.70072149509033
Estonia,2011,1A2E,ABFLOW022,Natural gas,18.384990927893128,0.315730567197203,18.70072149509033
Estonia,2011,1A2E,ABFLOW022,Oil,18.384990927893128,0.315730567197203,18.70072149509033
Estonia,2011,1A2F,ABFLOW019,Coal,18.384990927893128,0.315730567197203,18.70072149509033
Estonia,2011,1A2F,ABFLOW019,Natural gas,18.384990927893128,0.315730567197203,18.70072149509033
Estonia,2011,1A2F,ABFLOW019,Oil,18.384990927893128,0.315730567197203,18.70072149509033
Estonia,2011,1A2G,ABFLOW020,Coal,18.384990927893128,0.315730567197203,18.70072149509033
Estonia,2011,1A2G,ABFLOW020,Natural gas,18.384990927893128,0.315730567197203,18.70072149509033
Estonia,2011,1A2G,ABFLOW020,Oil,18.384990927893128,0.315730567197203,18.70072149509033
Estonia,2011,1A2H,ABFLOW021,Coal,18.384990927893128,0.315730567197203,18.70072149509033
Estonia,2011,1A2H,ABFLOW021,Natural gas,18.384990927893128,0.315730567197203,18.70072149509033
Estonia,2011,1A2H,ABFLOW021,Oil,18.384990927893128,0.315730567197203,18.70072149509033
Estonia,2011,1A2I,ABFLOW013,Coal,18.384990927893128,0.315730567197203,18.70072149509033
Estonia,2011,1A2I,ABFLOW013,Natural gas,18.384990927893128,0.315730567197203,18.70072149509033
Estonia,2011,1A2I,ABFLOW013,Oil,18.384990927893128,0.315730567197203,18.70072149509033
Estonia,2011,1A2J,ABFLOW024,Coal,18.384990927893128,0.315730567197203,18.70072149509033
Estonia,2011,1A2J,ABFLOW024,Natural gas,18.384990927893128,0.315730567197203,18.70072149509033
Estonia,2011,1A2J,ABFLOW024,Oil,18.384990927893128,0.315730567197203,18.70072149509033
Estonia,2011,1A2K,ABFLOW014,Coal,18.384990927893128,0.315730567197203,18.70072149509033
Estonia,2011,1A2K,ABFLOW014,Natural gas,18.384990927893128,0.315730567197203,18.70072149509033
Estonia,2011,1A2K,ABFLOW014,Oil,18.384990927893128,0.315730567197203,18.70072149509033
Estonia,2011,1A2L,ABFLOW025,Coal,18.384990927893128,0.315730567197203,18.70072149509033
Estonia,2011,1A2L,ABFLOW025,Natural gas,18.384990927893128,0.315730567197203,18.70072149509033
Estonia,2011,1A2L,ABFLOW025,Oil,18.384990927893128,0.315730567197203,18.70072149509033
Estonia,2011,1A2M,ABFLOW026,Coal,18.384990927893128,0.315730567197203,18.70072149509033
Estonia,2011,1A2M,ABFLOW026,Natural gas,18.384990927893128,0.315730567197203,18.70072149509033
Estonia,2011,1A2M,ABFLOW026,Oil,18.384990927893128,0.315730567197203,18.70072149509033
Estonia,2011,1A3,ABFLOW027,Coal,,,0.0
Estonia,2011,1A3,ABFLOW027,Natural gas,,,0.0
Estonia,2011,1A3,ABFLOW027,Oil,,,0.0
Estonia,2011,1A3A1,ABFLOW040,Coal,,,0.0
Estonia,2011,1A3A1,ABFLOW040,Natural gas,,,0.0
Estonia,2011,1A3A1,ABFLOW040,Oil,,,0.0
Estonia,2011,1A3A2,ABFLOW029,Coal,,,0.0
Estonia,2011,1A3A2,ABFLOW029,Natural gas,,,0.0
Estonia,2011,1A3A2,ABFLOW029,Oil,,,0.0
Estonia,2011,1A3B,ABFLOW028,Coal,,,0.0
Estonia,2011,1A3B,ABFLOW028,Natural gas,,,0.0
Estonia,2011,1A3B,ABFLOW028,Oil,,,0.0
Estonia,2011,1A3C,ABFLOW030,Coal,,,0.0
Estonia,2011,1A3C,ABFLOW030,Natural gas,,,0.0
Estonia,2011,1A3C,ABFLOW030,Oil,,,0.0
Estonia,2011,1A3D1,ABFLOW039,Coal,,,0.0
Estonia,2011,1A3D1,ABFLOW039,Natural gas,,,0.0
Estonia,2011,1A3D1,ABFLOW039,Oil,,,0.0
Estonia,2011,1A3D2,ABFLOW032,Coal,,,0.0
Estonia,2011,1A3D2,ABFLOW032,Natural gas,,,0.0
Estonia,2011,1A3D2,ABFLOW032,Oil,,,0.0
Estonia,2011,1A3E1,ABFLOW033,Coal,,,0.0
Estonia,2011,1A3E1,ABFLOW033,Natural gas,,,0.0
Estonia,2011,1A3E1,ABFLOW033,Oil,,,0.0
Estonia,2011,1A4A,ABFLOW035,Coal,,,0.0
Estonia,2011,1A4A,ABFLOW035,Natural gas,,,0.0
Estonia,2011,1A4A,ABFLOW035,Oil,,,0.0
Estonia,2011,1A4B,ABFLOW034,Coal,,,0.0
Estonia,2011,1A4B,ABFLOW034,Natural gas,,,0.0
Estonia,2011,1A4B,ABFLOW034,Oil,,,0.0
Estonia,2011,1A4C1,ABFLOW036,Coal,,,0.0
Estonia,2011,1A4C1,ABFLOW036,Natural gas,,,0.0
Estonia,2011,1A4C1,ABFLOW036,Oil,,,0.0
Estonia,2011,1A4C2,ABFLOW037,Coal,,,0.0
Estonia,2011,1A4C2,ABFLOW037,Natural gas,,,0.0
Estonia,2011,1A4C2,ABFLOW037,Oil,,,0.0
Estonia,2011,1A5,ABFLOW038,Coal,,,0.0
Estonia,2011,1A5,ABFLOW038,Natural gas,,,0.0
Estonia,2011,1A5,ABFLOW038,Oil,,,0.0
Estonia,2012,1A,ABFLOW001,Coal,,,0.0
Estonia,2012,1A,ABFLOW001,Natural gas,,,0.0
Estonia,2012,1A,ABFLOW001,Oil,,,0.0
Estonia,2012,1A1A,ABFLOW002,Coal,,,0.0
Estonia,2012,1A1A,ABFLOW002,Natural gas,,,0.0
Estonia,2012,1A1A,ABFLOW002,Oil,,,0.0
Estonia,2012,1A1A1,ABFLOW003,Coal,10.06224180405221,0.3029883108717919,10.365230114924001
Estonia,2012,1A1A1,ABFLOW003,Natural gas,10.06224180405221,0.3029883108717919,10.365230114924001
Estonia,2012,1A1A1,ABFLOW003,Oil,10.06224180405221,0.3029883108717919,10.365230114924001
Estonia,2012,1A1A2,ABFLOW004,Coal,10.06224180405221,0.3029883108717919,10.365230114924001
Estonia,2012,1A1A2,ABFLOW004,Natural gas,10.06224180405221,0.3029883108717919,10.365230114924001
Estonia,2012,1A1A2,ABFLOW004,Oil,10.06224180405221,0.3029883108717919,10.365230114924001
Estonia,2012,1A1A3,ABFLOW005,Coal,10.06224180405221,0.3029883108717919,10.365230114924001
Estonia,2012,1A1A3,ABFLOW005,Natural gas,10.06224180405221,0.3029883108717919,10.365230114924001
Estonia,2012,1A1A3,ABFLOW005,Oil,10.06224180405221,0.3029883108717919,10.365230114924001
Estonia,2012,1A1B,ABFLOW011,Coal,10.06224180405221,,10.06224180405221
Estonia,2012,1A1B,ABFLOW011,Natural gas,10.06224180405221,,10.06224180405221
Estonia,2012,1A1B,ABFLOW011,Oil,10.06224180405221,,10.06224180405221
Estonia,2012,1A1C,ABFLOW011,Coal,10.06224180405221,,10.06224180405221
Estonia,2012,1A1C,ABFLOW011,Natural gas,10.06224180405221,,10.06224180405221
Estonia,2012,1A1C,ABFLOW011,Oil,10.06224180405221,,10.06224180405221
Estonia,2012,1A2,ABFLOW012,Coal,,,0.0
Estonia,2012,1A2,ABFLOW012,Natural gas,,,0.0
Estonia,2012,1A2,ABFLOW012,Oil,,,0.0
Estonia,2012,1A2A,ABFLOW016,Coal,10.06224180405221,0.3029883108717919,10.365230114924001
Estonia,2012,1A2A,ABFLOW016,Natural gas,10.06224180405221,0.3029883108717919,10.365230114924001
Estonia,2012,1A2A,ABFLOW016,Oil,10.06224180405221,0.3029883108717919,10.365230114924001
Estonia,2012,1A2B,ABFLOW018,Coal,11.180268671169122,3.029883108717919,14.210151779887042
Estonia,2012,1A2B,ABFLOW018,Natural gas,11.180268671169122,3.029883108717919,14.210151779887042
Estonia,2012,1A2B,ABFLOW018,Oil,11.180268671169122,3.029883108717919,14.210151779887042
Estonia,2012,1A2C,ABFLOW017,Coal,10.06224180405221,0.3029883108717919,10.365230114924001
Estonia,2012,1A2C,ABFLOW017,Natural gas,10.06224180405221,0.3029883108717919,10.365230114924001
Estonia,2012,1A2C,ABFLOW017,Oil,10.06224180405221,0.3029883108717919,10.365230114924001
Estonia,2012,1A2D,ABFLOW023,Coal,10.06224180405221,0.3029883108717919,10.365230114924001
Estonia,2012,1A2D,ABFLOW023,Natural gas,10.06224180405221,0.3029883108717919,10.365230114924001
Estonia,2012,1A2D,ABFLOW023,Oil,10.06224180405221,0.3029883108717919,10.365230114924001
Estonia,2012,1A2E,ABFLOW022,Coal,10.06224180405221,0.3029883108717919,10.365230114924001
Estonia,2012,1A2E,ABFLOW022,Natural gas,10.06224180405221,0.3029883108717919,10.365230114924001
Estonia,2012,1A2E,ABFLOW022,Oil,10.06224180405221,0.3029883108717919,10.365230114924001
Estonia,2012,1A2F,ABFLOW019,Coal,10.06224180405221,0.3029883108717919,10.365230114924001
Estonia,2012,1A2F,ABFLOW019,Natural gas,10.06224180405221,0.3029883108717919,10.365230114924001
Estonia,2012,1A2F,ABFLOW019,Oil,10.06224180405221,0.3029883108717919,10.365230114924001
Estonia,2012,1A2G,ABFLOW020,Coal,10.06224180405221,0.3029883108717919,10.365230114924001
Estonia,2012,1A2G,ABFLOW020,Natural gas,10.06224180405221,0.3029883108717919,10.365230114924001
Estonia,2012,1A2G,ABFLOW020,Oil,10.06224180405221,0.3029883108717919,10.365230114924001
Estonia,2012,1A2H,ABFLOW021,Coal,10.06224180405221,0.3029883108717919,10.365230114924001
Estonia,2012,1A2H,ABFLOW021,Natural gas,10.06224180405221,0.3029883108717919,10.365230114924001
Estonia,2012,1A2H,ABFLOW021,Oil,10.06224180405221,0.3029883108717919,10.365230114924001
Estonia,2012,1A2I,ABFLOW013,Coal,10.06224180405221,0.3029883108717919,10.365230114924001
Estonia,2012,1A2I,ABFLOW013,Natural gas,10.06224180405221,0.3029883108717919,10.365230114924001
Estonia,2012,1A2I,ABFLOW013,Oil,10.06224180405221,0.3029883108717919,10.365230114924001
Estonia,2012,1A2J,ABFLOW024,Coal,10.06224180405221,0.3029883108717919,10.365230114924001
Estonia,2012,1A2J,ABFLOW024,Natural gas,10.06224180405221,0.3029883108717919,10.365230114924001
Estonia,2012,1A2J,ABFLOW024,Oil,10.06224180405221,0.3029883108717919,10.365230114924001
Estonia,2012,1A2K,ABFLOW014,Coal,10.06224180405221,0.3029883108717919,10.365230114924001
Estonia,2012,1A2K,ABFLOW014,Natural gas,10.06224180405221,0.3029883108717919,10.365230114924001
Estonia,2012,1A2K,ABFLOW014,Oil,10.06224180405221,0.3029883108717919,10.365230114924001
Estonia,2012,1A2L,ABFLOW025,Coal,10.06224180405221,0.3029883108717919,10.365230114924001
Estonia,2012,1A2L,ABFLOW025,Natural gas,10.06224180405221,0.3029883108717919,10.365230114924001
Estonia,2012,1A2L,ABFLOW025,Oil,10.06224180405221,0.3029883108717919,10.365230114924001
Estonia,2012,1A2M,ABFLOW026,Coal,10.06224180405221,0.3029883108717919,10.365230114924001
Estonia,2012,1A2M,ABFLOW026,Natural gas,10.06224180405221,0.3029883108717919,10.365230114924001
Estonia,2012,1A2M,ABFLOW026,Oil,10.06224180405221,0.3029883108717919,10.365230114924001
Estonia,2012,1A3,ABFLOW027,Coal,,,0.0
Estonia,2012,1A3,ABFLOW027,Natural gas,,,0.0
Estonia,2012,1A3,ABFLOW027,Oil,,,0.0
Estonia,2012,1A3A1,ABFLOW040,Coal,11.180268671169122,,11.180268671169122
Estonia,2012,1A3A1,ABFLOW040,Natural gas,11.180268671169122,,11.180268671169122
Estonia,2012,1A3A1,ABFLOW040,Oil,11.180268671169122,,11.180268671169122
Estonia,2012,1A3A2,ABFLOW029,Coal,11.180268671169122,,11.180268671169122
Estonia,2012,1A3A2,ABFLOW029,Natural gas,11.180268671169122,,11.180268671169122
Estonia,2012,1A3A2,ABFLOW029,Oil,11.180268671169122,,11.180268671169122
Estonia,2012,1A3B,ABFLOW028,Coal,,,0.0
Estonia,2012,1A3B,ABFLOW028,Natural gas,,,0.0
Estonia,2012,1A3B,ABFLOW028,Oil,,,0.0
Estonia,2012,1A3C,ABFLOW030,Coal,,,0.0
Estonia,2012,1A3C,ABFLOW030,Natural gas,,,0.0
Estonia,2012,1A3C,ABFLOW030,Oil,,,0.0
Estonia,2012,1A3D1,ABFLOW039,Coal,,,0.0
Estonia,2012,1A3D1,ABFLOW039,Natural gas,,,0.0
Estonia,2012,1A3D1,ABFLOW039,Oil,,,0.0
Estonia,2012,1A3D2,ABFLOW032,Coal,,,0.0
Estonia,2012,1A3D2,ABFLOW032,Natural gas,,,0.0
Estonia,2012,1A3D2,ABFLOW032,Oil,,,0.0
Estonia,2012,1A3E1,ABFLOW033,Coal,,,0.0
Estonia,2012,1A3E1,ABFLOW033,Natural gas,,,0.0
Estonia,2012,1A3E1,ABFLOW033,Oil,,,0.0
Estonia,2012,1A4A,ABFLOW035,Coal,,,0.0
Estonia,2012,1A4A,ABFLOW035,Natural gas,,,0.0
Estonia,2012,1A4A,ABFLOW035,Oil,,,0.0
Estonia,2012,1A4B,ABFLOW034,Coal,,,0.0
Estonia,2012,1A4B,ABFLOW034,Natural gas,,,0.0
Estonia,2012,1A4B,ABFLOW034,Oil,,,0.0
Estonia,2012,1A4C1,ABFLOW036,Coal,,,0.0
Estonia,2012,1A4C1,ABFLOW036,Natural gas,,,0.0
Estonia,2012,1A4C1,ABFLOW036,Oil,,,0.0
Estonia,2012,1A4C2,ABFLOW037,Coal,,,0.0
Estonia,2012,1A4C2,ABFLOW037,Natural gas,,,0.0
Estonia,2012,1A4C2,ABFLOW037,Oil,,,0.0
Estonia,2012,1A5,ABFLOW038,Coal,,,0.0
Estonia,2012,1A5,ABFLOW038,Natural gas,,,0.0
Estonia,2012,1A5,ABFLOW038,Oil,,,0.0
Estonia,2013,1A,ABFLOW001,Coal,,,0.0
Estonia,2013,1A,ABFLOW001,Natural gas,,,0.0
Estonia,2013,1A,ABFLOW001,Oil,,,0.0
Estonia,2013,1A1A,ABFLOW002,Coal,,,0.0
Estonia,2013,1A1A,ABFLOW002,Natural gas,,,0.0
Estonia,2013,1A1A,ABFLOW002,Oil,,,0.0
Estonia,2013,1A1A1,ABFLOW003,Coal,5.8532255972345055,0.29098809829652034,6.144213695531026
Estonia,2013,1A1A1,ABFLOW003,Natural gas,5.8532255972345055,0.29098809829652034,6.144213695531026
Estonia,2013,1A1A1,ABFLOW003,Oil,5.8532255972345055,0.29098809829652034,6.144213695531026
Estonia,2013,1A1A2,ABFLOW004,Coal,5.8532255972345055,0.29098809829652034,6.144213695531026
Estonia,2013,1A1A2,ABFLOW004,Natural gas,5.8532255972345055,0.29098809829652034,6.144213695531026
Estonia,2013,1A1A2,ABFLOW004,Oil,5.8532255972345055,0.29098809829652034,6.144213695531026
Estonia,2013,1A1A3,ABFLOW005,Coal,5.8532255972345055,0.29098809829652034,6.144213695531026
Estonia,2013,1A1A3,ABFLOW005,Natural gas,5.8532255972345055,0.29098809829652034,6.144213695531026
Estonia,2013,1A1A3,ABFLOW005,Oil,5.8532255972345055,0.29098809829652034,6.144213695531026
Estonia,2013,1A1B,ABFLOW011,Coal,5.8532255972345055,,5.8532255972345055
Estonia,2013,1A1B,ABFLOW011,Natural gas,5.8532255972345055,,5.8532255972345055
Estonia,2013,1A1B,ABFLOW011,Oil,5.8532255972345055,,5.8532255972345055
Estonia,2013,1A1C,ABFLOW011,Coal,5.8532255972345055,,5.8532255972345055
Estonia,2013,1A1C,ABFLOW011,Natural gas,5.8532255972345055,,5.8532255972345055
Estonia,2013,1A1C,ABFLOW011,Oil,5.8532255972345055,,5.8532255972345055
Estonia,2013,1A2,ABFLOW012,Coal,,,0.0
Estonia,2013,1A2,ABFLOW012,Natural gas,,,0.0
Estonia,2013,1A2,ABFLOW012,Oil,,,0.0
Estonia,2013,1A2A,ABFLOW016,Coal,5.8532255972345055,0.29098809829652034,6.144213695531026
Estonia,2013,1A2A,ABFLOW016,Natural gas,5.8532255972345055,0.29098809829652034,6.144213695531026
Estonia,2013,1A2A,ABFLOW016,Oil,5.8532255972345055,0.29098809829652034,6.144213695531026
Estonia,2013,1A2B,ABFLOW018,Coal,6.503583996927229,2.9098809829652033,9.413464979892431
Estonia,2013,1A2B,ABFLOW018,Natural gas,6.503583996927229,2.9098809829652033,9.413464979892431
Estonia,2013,1A2B,ABFLOW018,Oil,6.503583996927229,2.9098809829652033,9.413464979892431
Estonia,2013,1A2C,ABFLOW017,Coal,5.8532255972345055,0.29098809829652034,6.144213695531026
Estonia,2013,1A2C,ABFLOW017,Natural gas,5.8532255972345055,0.29098809829652034,6.144213695531026
Estonia,2013,1A2C,ABFLOW017,Oil,5.8532255972345055,0.29098809829652034,6.144213695531026
Estonia,2013,1A2D,ABFLOW023,Coal,5.8532255972345055,0.29098809829652034,6.144213695531026
Estonia,2013,1A2D,ABFLOW023,Natural gas,5.8532255972345055,0.29098809829652034,6.144213695531026
Estonia,2013,1A2D,ABFLOW023,Oil,5.8532255972345055,0.29098809829652034,6.144213695531026
Estonia,2013,1A2E,ABFLOW022,Coal,5.8532255972345055,0.29098809829652034,6.144213695531026
Estonia,2013,1A2E,ABFLOW022,Natural gas,5.8532255972345055,0.29098809829652034,6.144213695531026
Estonia,2013,1A2E,ABFLOW022,Oil,5.8532255972345055,0.29098809829652034,6.144213695531026
Estonia,2013,1A2F,ABFLOW019,Coal,5.8532255972345055,0.29098809829652034,6.144213695531026
Estonia,2013,1A2F,ABFLOW019,Natural gas,5.8532255972345055,0.29098809829652034,6.144213695531026
Estonia,2013,1A2F,ABFLOW019,Oil,5.8532255972345055,0.29098809829652034,6.144213695531026
Estonia,2013,1A2G,ABFLOW020,Coal,5.8532255972345055,0.29098809829652034,6.144213695531026
Estonia,2013,1A2G,ABFLOW020,Natural gas,5.8532255972345055,0.29098809829652034,6.144213695531026
Estonia,2013,1A2G,ABFLOW020,Oil,5.8532255972345055,0.29098809829652034,6.144213695531026
Estonia,2013,1A2H,ABFLOW021,Coal,5.8532255972345055,0.29098809829652034,6.144213695531026
Estonia,2013,1A2H,ABFLOW021,Natural gas,5.8532255972345055,0.29098809829652034,6.144213695531026
Estonia,2013,1A2H,ABFLOW021,Oil,5.8532255972345055,0.29098809829652034,6.144213695531026
Estonia,2013,1A2I,ABFLOW013,Coal,5.8532255972345055,0.29098809829652034,6.144213695531026
Estonia,2013,1A2I,ABFLOW013,Natural gas,5.8532255972345055,0.29098809829652034,6.144213695531026
Estonia,2013,1A2I,ABFLOW013,Oil,5.8532255972345055,0.29098809829652034,6.144213695531026
Estonia,2013,1A2J,ABFLOW024,Coal,5.8532255972345055,0.29098809829652034,6.144213695531026
Estonia,2013,1A2J,ABFLOW024,Natural gas,5.8532255972345055,0.29098809829652034,6.144213695531026
Estonia,2013,1A2J,ABFLOW024,Oil,5.8532255972345055,0.29098809829652034,6.144213695531026
Estonia,2013,1A2K,ABFLOW014,Coal,5.8532255972345055,0.29098809829652034,6.144213695531026
Estonia,2013,1A2K,ABFLOW014,Natural gas,5.8532255972345055,0.29098809829652034,6.144213695531026
Estonia,2013,1A2K,ABFLOW014,Oil,5.8532255972345055,0.29098809829652034,6.144213695531026
Estonia,2013,1A2L,ABFLOW025,Coal,5.8532255972345055,0.29098809829652034,6.144213695531026
Estonia,2013,1A2L,ABFLOW025,Natural gas,5.8532255972345055,0.29098809829652034,6.144213695531026
Estonia,2013,1A2L,ABFLOW025,Oil,5.8532255972345055,0.29098809829652034,6.144213695531026
Estonia,2013,1A2M,ABFLOW026,Coal,5.8532255972345055,0.29098809829652034,6.144213695531026
Estonia,2013,1A2M,ABFLOW026,Natural gas,5.8532255972345055,0.29098809829652034,6.144213695531026
Estonia,2013,1A2M,ABFLOW026,Oil,5.8532255972345055,0.29098809829652034,6.144213695531026
Estonia,2013,1A3,ABFLOW027,Coal,,,0.0
Estonia,2013,1A3,ABFLOW027,Natural gas,,,0.0
Estonia,2013,1A3,ABFLOW027,Oil,,,0.0
Estonia,2013,1A3A1,ABFLOW040,Coal,3.3168278384328866,,3.3168278384328866
Estonia,2013,1A3A1,ABFLOW040,Natural gas,3.3168278384328866,,3.3168278384328866
Estonia,2013,1A3A1,ABFLOW040,Oil,3.3168278384328866,,3.3168278384328866
Estonia,2013,1A3A2,ABFLOW029,Coal,6.503583996927229,,6.503583996927229
Estonia,2013,1A3A2,ABFLOW029,Natural gas,6.503583996927229,,6.503583996927229
Estonia,2013,1A3A2,ABFLOW029,Oil,6.503583996927229,,6.503583996927229
Estonia,2013,1A3B,ABFLOW028,Coal,,,0.0
Estonia,2013,1A3B,ABFLOW028,Natural gas,,,0.0
Estonia,2013,1A3B,ABFLOW028,Oil,,,0.0
Estonia,2013,1A3C,ABFLOW030,Coal,,,0.0
Estonia,2013,1A3C,ABFLOW030,Natural gas,,,0.0
Estonia,2013,1A3C,ABFLOW030,Oil,,,0.0
Estonia,2013,1A3D1,ABFLOW039,Coal,,,0.0
Estonia,2013,1A3D1,ABFLOW039,Natural gas,,,0.0
Estonia,2013,1A3D1,ABFLOW039,Oil,,,0.0
Estonia,2013,1A3D2,ABFLOW032,Coal,,,0.0
Estonia,2013,1A3D2,ABFLOW032,Natural gas,,,0.0
Estonia,2013,1A3D2,ABFLOW032,Oil,,,0.0
Estonia,2013,1A3E1,ABFLOW033,Coal,,,0.0
Estonia,2013,1A3E1,ABFLOW033,Natural gas,,,0.0
Estonia,2013,1A3E1,ABFLOW033,Oil,,,0.0
Estonia,2013,1A4A,ABFLOW035,Coal,,,0.0
Estonia,2013,1A4A,ABFLOW035,Natural gas,,,0.0
Estonia,2013,1A4A,ABFLOW035,Oil,,,0.0
Estonia,2013,1A4B,ABFLOW034,Coal,,,0.0
Estonia,2013,1A4B,ABFLOW034,Natural gas,,,0.0
Estonia,2013,1A4B,ABFLOW034,Oil,,,0.0
Estonia,2013,1A4C1,ABFLOW036,Coal,,,0.0
Estonia,2013,1A4C1,ABFLOW036,Natural gas,,,0.0
Estonia,2013,1A4C1,ABFLOW036,Oil,,,0.0
Estonia,2013,1A4C2,ABFLOW037,Coal,,,0.0
Estonia,2013,1A4C2,ABFLOW037,Natural gas,,,0.0
Estonia,2013,1A4C2,ABFLOW037,Oil,,,0.0
Estonia,2013,1A5,ABFLOW038,Coal,,,0.0
Estonia,2013,1A5,ABFLOW038,Natural gas,,,0.0
Estonia,2013,1A5,ABFLOW038,Oil,,,0.0
Estonia,2014,1A,ABFLOW001,Coal,,,0.0
Estonia,2014,1A,ABFLOW001,Natural gas,,,0.0
Estonia,2014,1A,ABFLOW001,Oil,,,0.0
Estonia,2014,1A1A,ABFLOW002,Coal,,,0.0
Estonia,2014,1A1A,ABFLOW002,Natural gas,,,0.0
Estonia,2014,1A1A,ABFLOW002,Oil,,,0.0
Estonia,2014,1A1A1,ABFLOW003,Coal,7.574827932066871,0.2829067388260269,7.8577346708928975
Estonia,2014,1A1A1,ABFLOW003,Natural gas,7.574827932066871,0.2829067388260269,7.8577346708928975
Estonia,2014,1A1A1,ABFLOW003,Oil,7.574827932066871,0.2829067388260269,7.8577346708928975
Estonia,2014,1A1A2,ABFLOW004,Coal,7.574827932066871,0.2829067388260269,7.8577346708928975
Estonia,2014,1A1A2,ABFLOW004,Natural gas,7.574827932066871,0.2829067388260269,7.8577346708928975
Estonia,2014,1A1A2,ABFLOW004,Oil,7.574827932066871,0.2829067388260269,7.8577346708928975
Estonia,2014,1A1A3,ABFLOW005,Coal,7.574827932066871,0.2829067388260269,7.8577346708928975
Estonia,2014,1A1A3,ABFLOW005,Natural gas,7.574827932066871,0.2829067388260269,7.8577346708928975
Estonia,2014,1A1A3,ABFLOW005,Oil,7.574827932066871,0.2829067388260269,7.8577346708928975
Estonia,2014,1A1B,ABFLOW011,Coal,7.574827932066871,,7.574827932066871
Estonia,2014,1A1B,ABFLOW011,Natural gas,7.574827932066871,,7.574827932066871
Estonia,2014,1A1B,ABFLOW011,Oil,7.574827932066871,,7.574827932066871
Estonia,2014,1A1C,ABFLOW011,Coal,7.574827932066871,,7.574827932066871
Estonia,2014,1A1C,ABFLOW011,Natural gas,7.574827932066871,,7.574827932066871
Estonia,2014,1A1C,ABFLOW011,Oil,7.574827932066871,,7.574827932066871
Estonia,2014,1A2,ABFLOW012,Coal,,,0.0
Estonia,2014,1A2,ABFLOW012,Natural gas,,,0.0
Estonia,2014,1A2,ABFLOW012,Oil,,,0.0
Estonia,2014,1A2A,ABFLOW016,Coal,7.574827932066871,0.2829067388260269,7.8577346708928975
Estonia,2014,1A2A,ABFLOW016,Natural gas,7.574827932066871,0.2829067388260269,7.8577346708928975
Estonia,2014,1A2A,ABFLOW016,Oil,7.574827932066871,0.2829067388260269,7.8577346708928975
Estonia,2014,1A2B,ABFLOW018,Coal,8.4164754800743,2.829067388260269,11.245542868334569
Estonia,2014,1A2B,ABFLOW018,Natural gas,8.4164754800743,2.829067388260269,11.245542868334569
Estonia,2014,1A2B,ABFLOW018,Oil,8.4164754800743,2.829067388260269,11.245542868334569
Estonia,2014,1A2C,ABFLOW017,Coal,7.574827932066871,0.2829067388260269,7.8577346708928975
Estonia,2014,1A2C,ABFLOW017,Natural gas,7.574827932066871,0.2829067388260269,7.8577346708928975
Estonia,2014,1A2C,ABFLOW017,Oil,7.574827932066871,0.2829067388260269,7.8577346708928975
Estonia,2014,1A2D,ABFLOW023,Coal,7.574827932066871,0.2829067388260269,7.8577346708928975
Estonia,2014,1A2D,ABFLOW023,Natural gas,7.574827932066871,0.2829067388260269,7.8577346708928975
Estonia,2014,1A2D,ABFLOW023,Oil,7.574827932066871,0.2829067388260269,7.8577346708928975
Estonia,2014,1A2E,ABFLOW022,Coal,7.574827932066871,0.2829067388260269,7.8577346708928975
Estonia,2014,1A2E,ABFLOW022,Natural gas,7.574827932066871,0.2829067388260269,7.8577346708928975
Estonia,2014,1A2E,ABFLOW022,Oil,7.574827932066871,0.2829067388260269,7.8577346708928975
Estonia,2014,1A2F,ABFLOW019,Coal,7.574827932066871,0.2829067388260269,7.8577346708928975
Estonia,2014,1A2F,ABFLOW019,Natural gas,7.574827932066871,0.2829067388260269,7.8577346708928975
Estonia,2014,1A2F,ABFLOW019,Oil,7.574827932066871,0.2829067388260269,7.8577346708928975
Estonia,2014,1A2G,ABFLOW020,Coal,7.574827932066871,0.2829067388260269,7.8577346708928975
Estonia,2014,1A2G,ABFLOW020,Natural gas,7.574827932066871,0.2829067388260269,7.8577346708928975
Estonia,2014,1A2G,ABFLOW020,Oil,7.574827932066871,0.2829067388260269,7.8577346708928975
Estonia,2014,1A2H,ABFLOW021,Coal,7.574827932066871,0.2829067388260269,7.8577346708928975
Estonia,2014,1A2H,ABFLOW021,Natural gas,7.574827932066871,0.2829067388260269,7.8577346708928975
Estonia,2014,1A2H,ABFLOW021,Oil,7.574827932066871,0.2829067388260269,7.8577346708928975
Estonia,2014,1A2I,ABFLOW013,Coal,7.574827932066871,0.2829067388260269,7.8577346708928975
Estonia,2014,1A2I,ABFLOW013,Natural gas,7.574827932066871,0.2829067388260269,7.8577346708928975
Estonia,2014,1A2I,ABFLOW013,Oil,7.574827932066871,0.2829067388260269,7.8577346708928975
Estonia,2014,1A2J,ABFLOW024,Coal,7.574827932066871,0.2829067388260269,7.8577346708928975
Estonia,2014,1A2J,ABFLOW024,Natural gas,7.574827932066871,0.2829067388260269,7.8577346708928975
Estonia,2014,1A2J,ABFLOW024,Oil,7.574827932066871,0.2829067388260269,7.8577346708928975
Estonia,2014,1A2K,ABFLOW014,Coal,7.574827932066871,0.2829067388260269,7.8577346708928975
Estonia,2014,1A2K,ABFLOW014,Natural gas,7.574827932066871,0.2829067388260269,7.8577346708928975
Estonia,2014,1A2K,ABFLOW014,Oil,7.574827932066871,0.2829067388260269,7.8577346708928975
Estonia,2014,1A2L,ABFLOW025,Coal,7.574827932066871,0.2829067388260269,7.8577346708928975
Estonia,2014,1A2L,ABFLOW025,Natural gas,7.574827932066871,0.2829067388260269,7.8577346708928975
Estonia,2014,1A2L,ABFLOW025,Oil,7.574827932066871,0.2829067388260269,7.8577346708928975
Estonia,2014,1A2M,ABFLOW026,Coal,7.574827932066871,0.2829067388260269,7.8577346708928975
Estonia,2014,1A2M,ABFLOW026,Natural gas,7.574827932066871,0.2829067388260269,7.8577346708928975
Estonia,2014,1A2M,ABFLOW026,Oil,7.574827932066871,0.2829067388260269,7.8577346708928975
Estonia,2014,1A3,ABFLOW027,Coal,,,0.0
Estonia,2014,1A3,ABFLOW027,Natural gas,,,0.0
Estonia,2014,1A3,ABFLOW027,Oil,,,0.0
Estonia,2014,1A3A1,ABFLOW040,Coal,4.292402494837893,,4.292402494837893
Estonia,2014,1A3A1,ABFLOW040,Natural gas,4.292402494837893,,4.292402494837893
Estonia,2014,1A3A1,ABFLOW040,Oil,4.292402494837893,,4.292402494837893
Estonia,2014,1A3A2,ABFLOW029,Coal,8.4164754800743,,8.4164754800743
Estonia,2014,1A3A2,ABFLOW029,Natural gas,8.4164754800743,,8.4164754800743
Estonia,2014,1A3A2,ABFLOW029,Oil,8.4164754800743,,8.4164754800743
Estonia,2014,1A3B,ABFLOW028,Coal,,,0.0
Estonia,2014,1A3B,ABFLOW028,Natural gas,,,0.0
Estonia,2014,1A3B,ABFLOW028,Oil,,,0.0
Estonia,2014,1A3C,ABFLOW030,Coal,,,0.0
Estonia,2014,1A3C,ABFLOW030,Natural gas,,,0.0
Estonia,2014,1A3C,ABFLOW030,Oil,,,0.0
Estonia,2014,1A3D1,ABFLOW039,Coal,,,0.0
Estonia,2014,1A3D1,ABFLOW039,Natural gas,,,0.0
Estonia,2014,1A3D1,ABFLOW039,Oil,,,0.0
Estonia,2014,1A3D2,ABFLOW032,Coal,,,0.0
Estonia,2014,1A3D2,ABFLOW032,Natural gas,,,0.0
Estonia,2014,1A3D2,ABFLOW032,Oil,,,0.0
Estonia,2014,1A3E1,ABFLOW033,Coal,,,0.0
Estonia,2014,1A3E1,ABFLOW033,Natural gas,,,0.0
Estonia,2014,1A3E1,ABFLOW033,Oil,,,0.0
Estonia,2014,1A4A,ABFLOW035,Coal,,,0.0
Estonia,2014,1A4A,ABFLOW035,Natural gas,,,0.0
Estonia,2014,1A4A,ABFLOW035,Oil,,,0.0
Estonia,2014,1A4B,ABFLOW034,Coal,,,0.0
Estonia,2014,1A4B,ABFLOW034,Natural gas,,,0.0
Estonia,2014,1A4B,ABFLOW034,Oil,,,0.0
Estonia,2014,1A4C1,ABFLOW036,Coal,,,0.0
Estonia,2014,1A4C1,ABFLOW036,Natural gas,,,0.0
Estonia,2014,1A4C1,ABFLOW036,Oil,,,0.0
Estonia,2014,1A4C2,ABFLOW037,Coal,,,0.0
Estonia,2014,1A4C2,ABFLOW037,Natural gas,,,0.0
Estonia,2014,1A4C2,ABFLOW037,Oil,,,0.0
Estonia,2014,1A5,ABFLOW038,Coal,,,0.0
Estonia,2014,1A5,ABFLOW038,Natural gas,,,0.0
Estonia,2014,1A5,ABFLOW038,Oil,,,0.0
Estonia,2015,1A,ABFLOW001,Coal,,,0.0
Estonia,2015,1A,ABFLOW001,Natural gas,,,0.0
Estonia,2015,1A,ABFLOW001,Oil,,,0.0
Estonia,2015,1A1A,ABFLOW002,Coal,,,0.0
Estonia,2015,1A1A,ABFLOW002,Natural gas,,,0.0
Estonia,2015,1A1A,ABFLOW002,Oil,,,0.0
Estonia,2015,1A1A1,ABFLOW003,Coal,9.651170653124009,0.2792584101019679,9.930429063225976
Estonia,2015,1A1A1,ABFLOW003,Natural gas,9.651170653124009,0.2792584101019679,9.930429063225976
Estonia,2015,1A1A1,ABFLOW003,Oil,9.651170653124009,0.2792584101019679,9.930429063225976
Estonia,2015,1A1A2,ABFLOW004,Coal,9.651170653124009,0.2792584101019679,9.930429063225976
Estonia,2015,1A1A2,ABFLOW004,Natural gas,9.651170653124009,0.2792584101019679,9.930429063225976
Estonia,2015,1A1A2,ABFLOW004,Oil,9.651170653124009,0.2792584101019679,9.930429063225976
Estonia,2015,1A1A3,ABFLOW005,Coal,9.651170653124009,0.2792584101019679,9.930429063225976
Estonia,2015,1A1A3,ABFLOW005,Natural gas,9.651170653124009,0.2792584101019679,9.930429063225976
Estonia,2015,1A1A3,ABFLOW005,Oil,9.651170653124009,0.2792584101019679,9.930429063225976
Estonia,2015,1A1B,ABFLOW011,Coal,9.651170653124009,,9.651170653124009
Estonia,2015,1A1B,ABFLOW011,Natural gas,9.651170653124009,,9.651170653124009
Estonia,2015,1A1B,ABFLOW011,Oil,9.651170653124009,,9.651170653124009
Estonia,2015,1A1C,ABFLOW011,Coal,9.651170653124009,,9.651170653124009
Estonia,2015,1A1C,ABFLOW011,Natural gas,9.651170653124009,,9.651170653124009
Estonia,2015,1A1C,ABFLOW011,Oil,9.651170653124009,,9.651170653124009
Estonia,2015,1A2,ABFLOW012,Coal,,,0.0
Estonia,2015,1A2,ABFLOW012,Natural gas,,,0.0
Estonia,2015,1A2,ABFLOW012,Oil,,,0.0
Estonia,2015,1A2A,ABFLOW016,Coal,9.651170653124009,0.2792584101019679,9.930429063225976
Estonia,2015,1A2A,ABFLOW016,Natural gas,9.651170653124009,0.2792584101019679,9.930429063225976
Estonia,2015,1A2A,ABFLOW016,Oil,9.651170653124009,0.2792584101019679,9.930429063225976
Estonia,2015,1A2B,ABFLOW018,Coal,10.723522947915566,2.7925841010196786,13.516107048935243
Estonia,2015,1A2B,ABFLOW018,Natural gas,10.723522947915566,2.7925841010196786,13.516107048935243
Estonia,2015,1A2B,ABFLOW018,Oil,10.723522947915566,2.7925841010196786,13.516107048935243
Estonia,2015,1A2C,ABFLOW017,Coal,9.651170653124009,0.2792584101019679,9.930429063225976
Estonia,2015,1A2C,ABFLOW017,Natural gas,9.651170653124009,0.2792584101019679,9.930429063225976
Estonia,2015,1A2C,ABFLOW017,Oil,9.651170653124009,0.2792584101019679,9.930429063225976
Estonia,2015,1A2D,ABFLOW023,Coal,9.651170653124009,0.2792584101019679,9.930429063225976
Estonia,2015,1A2D,ABFLOW023,Natural gas,9.651170653124009,0.2792584101019679,9.930429063225976
Estonia,2015,1A2D,ABFLOW023,Oil,9.651170653124009,0.2792584101019679,9.930429063225976
Estonia,2015,1A2E,ABFLOW022,Coal,9.651170653124009,0.2792584101019679,9.930429063225976
Estonia,2015,1A2E,ABFLOW022,Natural gas,9.651170653124009,0.2792584101019679,9.930429063225976
Estonia,2015,1A2E,ABFLOW022,Oil,9.651170653124009,0.2792584101019679,9.930429063225976
Estonia,2015,1A2F,ABFLOW019,Coal,9.651170653124009,0.2792584101019679,9.930429063225976
Estonia,2015,1A2F,ABFLOW019,Natural gas,9.651170653124009,0.2792584101019679,9.930429063225976
Estonia,2015,1A2F,ABFLOW019,Oil,9.651170653124009,0.2792584101019679,9.930429063225976
Estonia,2015,1A2G,ABFLOW020,Coal,9.651170653124009,0.2792584101019679,9.930429063225976
Estonia,2015,1A2G,ABFLOW020,Natural gas,9.651170653124009,0.2792584101019679,9.930429063225976
Estonia,2015,1A2G,ABFLOW020,Oil,9.651170653124009,0.2792584101019679,9.930429063225976
Estonia,2015,1A2H,ABFLOW021,Coal,9.651170653124009,0.2792584101019679,9.930429063225976
Estonia,2015,1A2H,ABFLOW021,Natural gas,9.651170653124009,0.2792584101019679,9.930429063225976
Estonia,2015,1A2H,ABFLOW021,Oil,9.651170653124009,0.2792584101019679,9.930429063225976
Estonia,2015,1A2I,ABFLOW013,Coal,9.651170653124009,0.2792584101019679,9.930429063225976
Estonia,2015,1A2I,ABFLOW013,Natural gas,9.651170653124009,0.2792584101019679,9.930429063225976
Estonia,2015,1A2I,ABFLOW013,Oil,9.651170653124009,0.2792584101019679,9.930429063225976
Estonia,2015,1A2J,ABFLOW024,Coal,9.651170653124009,0.2792584101019679,9.930429063225976
Estonia,2015,1A2J,ABFLOW024,Natural gas,9.651170653124009,0.2792584101019679,9.930429063225976
Estonia,2015,1A2J,ABFLOW024,Oil,9.651170653124009,0.2792584101019679,9.930429063225976
Estonia,2015,1A2K,ABFLOW014,Coal,9.651170653124009,0.2792584101019679,9.930429063225976
Estonia,2015,1A2K,ABFLOW014,Natural gas,9.651170653124009,0.2792584101019679,9.930429063225976
Estonia,2015,1A2K,ABFLOW014,Oil,9.651170653124009,0.2792584101019679,9.930429063225976
Estonia,2015,1A2L,ABFLOW025,Coal,9.651170653124009,0.2792584101019679,9.930429063225976
Estonia,2015,1A2L,ABFLOW025,Natural gas,9.651170653124009,0.2792584101019679,9.930429063225976
Estonia,2015,1A2L,ABFLOW025,Oil,9.651170653124009,0.2792584101019679,9.930429063225976
Estonia,2015,1A2M,ABFLOW026,Coal,9.651170653124009,0.2792584101019679,9.930429063225976
Estonia,2015,1A2M,ABFLOW026,Natural gas,9.651170653124009,0.2792584101019679,9.930429063225976
Estonia,2015,1A2M,ABFLOW026,Oil,9.651170653124009,0.2792584101019679,9.930429063225976
Estonia,2015,1A3,ABFLOW027,Coal,,,0.0
Estonia,2015,1A3,ABFLOW027,Natural gas,,,0.0
Estonia,2015,1A3,ABFLOW027,Oil,,,0.0
Estonia,2015,1A3A1,ABFLOW040,Coal,5.468996703436939,,5.468996703436939
Estonia,2015,1A3A1,ABFLOW040,Natural gas,5.468996703436939,,5.468996703436939
Estonia,2015,1A3A1,ABFLOW040,Oil,5.468996703436939,,5.468996703436939
Estonia,2015,1A3A2,ABFLOW029,Coal,10.723522947915566,,10.723522947915566
Estonia,2015,1A3A2,ABFLOW029,Natural gas,10.723522947915566,,10.723522947915566
Estonia,2015,1A3A2,ABFLOW029,Oil,10.723522947915566,,10.723522947915566
Estonia,2015,1A3B,ABFLOW028,Coal,,,0.0
Estonia,2015,1A3B,ABFLOW028,Natural gas,,,0.0
Estonia,2015,1A3B,ABFLOW028,Oil,,,0.0
Estonia,2015,1A3C,ABFLOW030,Coal,,,0.0
Estonia,2015,1A3C,ABFLOW030,Natural gas,,,0.0
Estonia,2015,1A3C,ABFLOW030,Oil,,,0.0
Estonia,2015,1A3D1,ABFLOW039,Coal,,,0.0
Estonia,2015,1A3D1,ABFLOW039,Natural gas,,,0.0
Estonia,2015,1A3D1,ABFLOW039,Oil,,,0.0
Estonia,2015,1A3D2,ABFLOW032,Coal,,,0.0
Estonia,2015,1A3D2,ABFLOW032,Natural gas,,,0.0
Estonia,2015,1A3D2,ABFLOW032,Oil,,,0.0
Estonia,2015,1A3E1,ABFLOW033,Coal,,,0.0
Estonia,2015,1A3E1,ABFLOW033,Natural gas,,,0.0
Estonia,2015,1A3E1,ABFLOW033,Oil,,,0.0
Estonia,2015,1A4A,ABFLOW035,Coal,,,0.0
Estonia,2015,1A4A,ABFLOW035,Natural gas,,,0.0
Estonia,2015,1A4A,ABFLOW035,Oil,,,0.0
Estonia,2015,1A4B,ABFLOW034,Coal,,,0.0
Estonia,2015,1A4B,ABFLOW034,Natural gas,,,0.0
Estonia,2015,1A4B,ABFLOW034,Oil,,,0.0
Estonia,2015,1A4C1,ABFLOW036,Coal,,,0.0
Estonia,2015,1A4C1,ABFLOW036,Natural gas,,,0.0
Estonia,2015,1A4C1,ABFLOW036,Oil,,,0.0
Estonia,2015,1A4C2,ABFLOW037,Coal,,,0.0
Estonia,2015,1A4C2,ABFLOW037,Natural gas,,,0.0
Estonia,2015,1A4C2,ABFLOW037,Oil,,,0.0
Estonia,2015,1A5,ABFLOW038,Coal,,,0.0
Estonia,2015,1A5,ABFLOW038,Natural gas,,,0.0
Estonia,2015,1A5,ABFLOW038,Oil,,,0.0
Estonia,2016,1A,ABFLOW001,Coal,,,0.0
Estonia,2016,1A,ABFLOW001,Natural gas,,,0.0
Estonia,2016,1A,ABFLOW001,Oil,,,0.0
Estonia,2016,1A1A,ABFLOW002,Coal,,,0.0
Estonia,2016,1A1A,ABFLOW002,Natural gas,,,0.0
Estonia,2016,1A1A,ABFLOW002,Oil,,,0.0
Estonia,2016,1A1A1,ABFLOW003,Coal,6.5631029879137035,0.2726107160088766,6.83571370392258
Estonia,2016,1A1A1,ABFLOW003,Natural gas,6.5631029879137035,0.2726107160088766,6.83571370392258
Estonia,2016,1A1A1,ABFLOW003,Oil,6.5631029879137035,0.2726107160088766,6.83571370392258
Estonia,2016,1A1A2,ABFLOW004,Coal,6.5631029879137035,0.2726107160088766,6.83571370392258
Estonia,2016,1A1A2,ABFLOW004,Natural gas,6.5631029879137035,0.2726107160088766,6.83571370392258
Estonia,2016,1A1A2,ABFLOW004,Oil,6.5631029879137035,0.2726107160088766,6.83571370392258
Estonia,2016,1A1A3,ABFLOW005,Coal,6.5631029879137035,0.2726107160088766,6.83571370392258
Estonia,2016,1A1A3,ABFLOW005,Natural gas,6.5631029879137035,0.2726107160088766,6.83571370392258
Estonia,2016,1A1A3,ABFLOW005,Oil,6.5631029879137035,0.2726107160088766,6.83571370392258
Estonia,2016,1A1B,ABFLOW011,Coal,6.5631029879137035,,6.5631029879137035
Estonia,2016,1A1B,ABFLOW011,Natural gas,6.5631029879137035,,6.5631029879137035
Estonia,2016,1A1B,ABFLOW011,Oil,6.5631029879137035,,6.5631029879137035
Estonia,2016,1A1C,ABFLOW011,Coal,6.5631029879137035,,6.5631029879137035
Estonia,2016,1A1C,ABFLOW011,Natural gas,6.5631029879137035,,6.5631029879137035
Estonia,2016,1A1C,ABFLOW011,Oil,6.5631029879137035,,6.5631029879137035
Estonia,2016,1A2,ABFLOW012,Coal,,,0.0
Estonia,2016,1A2,ABFLOW012,Natural gas,,,0.0
Estonia,2016,1A2,ABFLOW012,Oil,,,0.0
Estonia,2016,1A2A,ABFLOW016,Coal,6.5631029879137035,0.2726107160088766,6.83571370392258
Estonia,2016,1A2A,ABFLOW016,Natural gas,6.5631029879137035,0.2726107160088766,6.83571370392258
Estonia,2016,1A2A,ABFLOW016,Oil,6.5631029879137035,0.2726107160088766,6.83571370392258
Estonia,2016,1A2B,ABFLOW018,Coal,7.292336653237448,2.7261071600887656,10.018443813326213
Estonia,2016,1A2B,ABFLOW018,Natural gas,7.292336653237448,2.7261071600887656,10.018443813326213
Estonia,2016,1A2B,ABFLOW018,Oil,7.292336653237448,2.7261071600887656,10.018443813326213
Estonia,2016,1A2C,ABFLOW017,Coal,6.5631029879137035,0.2726107160088766,6.83571370392258
Estonia,2016,1A2C,ABFLOW017,Natural gas,6.5631029879137035,0.2726107160088766,6.83571370392258
Estonia,2016,1A2C,ABFLOW017,Oil,6.5631029879137035,0.2726107160088766,6.83571370392258
Estonia,2016,1A2D,ABFLOW023,Coal,6.5631029879137035,0.2726107160088766,6.83571370392258
Estonia,2016,1A2D,ABFLOW023,Natural gas,6.5631029879137035,0.2726107160088766,6.83571370392258
Estonia,2016,1A2D,ABFLOW023,Oil,6.5631029879137035,0.2726107160088766,6.83571370392258
Estonia,2016,1A2E,ABFLOW022,Coal,6.5631029879137035,0.2726107160088766,6.83571370392258
Estonia,2016,1A2E,ABFLOW022,Natural gas,6.5631029879137035,0.2726107160088766,6.83571370392258
Estonia,2016,1A2E,ABFLOW022,Oil,6.5631029879137035,0.2726107160088766,6.83571370392258
Estonia,2016,1A2F,ABFLOW019,Coal,6.5631029879137035,0.2726107160088766,6.83571370392258
Estonia,2016,1A2F,ABFLOW019,Natural gas,6.5631029879137035,0.2726107160088766,6.83571370392258
Estonia,2016,1A2F,ABFLOW019,Oil,6.5631029879137035,0.2726107160088766,6.83571370392258
Estonia,2016,1A2G,ABFLOW020,Coal,6.5631029879137035,0.2726107160088766,6.83571370392258
Estonia,2016,1A2G,ABFLOW020,Natural gas,6.5631029879137035,0.2726107160088766,6.83571370392258
Estonia,2016,1A2G,ABFLOW020,Oil,6.5631029879137035,0.2726107160088766,6.83571370392258
Estonia,2016,1A2H,ABFLOW021,Coal,6.5631029879137035,0.2726107160088766,6.83571370392258
Estonia,2016,1A2H,ABFLOW021,Natural gas,6.5631029879137035,0.2726107160088766,6.83571370392258
Estonia,2016,1A2H,ABFLOW021,Oil,6.5631029879137035,0.2726107160088766,6.83571370392258
Estonia,2016,1A2I,ABFLOW013,Coal,6.5631029879137035,0.2726107160088766,6.83571370392258
Estonia,2016,1A2I,ABFLOW013,Natural gas,6.5631029879137035,0.2726107160088766,6.83571370392258
Estonia,2016,1A2I,ABFLOW013,Oil,6.5631029879137035,0.2726107160088766,6.83571370392258
Estonia,2016,1A2J,ABFLOW024,Coal,6.5631029879137035,0.2726107160088766,6.83571370392258
Estonia,2016,1A2J,ABFLOW024,Natural gas,6.5631029879137035,0.2726107160088766,6.83571370392258
Estonia,2016,1A2J,ABFLOW024,Oil,6.5631029879137035,0.2726107160088766,6.83571370392258
Estonia,2016,1A2K,ABFLOW014,Coal,6.5631029879137035,0.2726107160088766,6.83571370392258
Estonia,2016,1A2K,ABFLOW014,Natural gas,6.5631029879137035,0.2726107160088766,6.83571370392258
Estonia,2016,1A2K,ABFLOW014,Oil,6.5631029879137035,0.2726107160088766,6.83571370392258
Estonia,2016,1A2L,ABFLOW025,Coal,6.5631029879137035,0.2726107160088766,6.83571370392258
Estonia,2016,1A2L,ABFLOW025,Natural gas,6.5631029879137035,0.2726107160088766,6.83571370392258
Estonia,2016,1A2L,ABFLOW025,Oil,6.5631029879137035,0.2726107160088766,6.83571370392258
Estonia,2016,1A2M,ABFLOW026,Coal,6.5631029879137035,0.2726107160088766,6.83571370392258
Estonia,2016,1A2M,ABFLOW026,Natural gas,6.5631029879137035,0.2726107160088766,6.83571370392258
Estonia,2016,1A2M,ABFLOW026,Oil,6.5631029879137035,0.2726107160088766,6.83571370392258
Estonia,2016,1A3,ABFLOW027,Coal,,,0.0
Estonia,2016,1A3,ABFLOW027,Natural gas,,,0.0
Estonia,2016,1A3,ABFLOW027,Oil,,,0.0
Estonia,2016,1A3A1,ABFLOW040,Coal,3.7190916931510984,,3.7190916931510984
Estonia,2016,1A3A1,ABFLOW040,Natural gas,3.7190916931510984,,3.7190916931510984
Estonia,2016,1A3A1,ABFLOW040,Oil,3.7190916931510984,,3.7190916931510984
Estonia,2016,1A3A2,ABFLOW029,Coal,7.292336653237448,,7.292336653237448
Estonia,2016,1A3A2,ABFLOW029,Natural gas,7.292336653237448,,7.292336653237448
Estonia,2016,1A3A2,ABFLOW029,Oil,7.292336653237448,,7.292336653237448
Estonia,2016,1A3B,ABFLOW028,Coal,,,0.0
Estonia,2016,1A3B,ABFLOW028,Natural gas,,,0.0
Estonia,2016,1A3B,ABFLOW028,Oil,,,0.0
Estonia,2016,1A3C,ABFLOW030,Coal,,,0.0
Estonia,2016,1A3C,ABFLOW030,Natural gas,,,0.0
Estonia,2016,1A3C,ABFLOW030,Oil,,,0.0
Estonia,2016,1A3D1,ABFLOW039,Coal,,,0.0
Estonia,2016,1A3D1,ABFLOW039,Natural gas,,,0.0
Estonia,2016,1A3D1,ABFLOW039,Oil,,,0.0
Estonia,2016,1A3D2,ABFLOW032,Coal,,,0.0
Estonia,2016,1A3D2,ABFLOW032,Natural gas,,,0.0
Estonia,2016,1A3D2,ABFLOW032,Oil,,,0.0
Estonia,2016,1A3E1,ABFLOW033,Coal,,,0.0
Estonia,2016,1A3E1,ABFLOW033,Natural gas,,,0.0
Estonia,2016,1A3E1,ABFLOW033,Oil,,,0.0
Estonia,2016,1A4A,ABFLOW035,Coal,,,0.0
Estonia,2016,1A4A,ABFLOW035,Natural gas,,,0.0
Estonia,2016,1A4A,ABFLOW035,Oil,,,0.0
Estonia,2016,1A4B,ABFLOW034,Coal,,,0.0
Estonia,2016,1A4B,ABFLOW034,Natural gas,,,0.0
Estonia,2016,1A4B,ABFLOW034,Oil,,,0.0
Estonia,2016,1A4C1,ABFLOW036,Coal,,,0.0
Estonia,2016,1A4C1,ABFLOW036,Natural gas,,,0.0
Estonia,2016,1A4C1,ABFLOW036,Oil,,,0.0
Estonia,2016,1A4C2,ABFLOW037,Coal,,,0.0
Estonia,2016,1A4C2,ABFLOW037,Natural gas,,,0.0
Estonia,2016,1A4C2,ABFLOW037,Oil,,,0.0
Estonia,2016,1A5,ABFLOW038,Coal,,,0.0
Estonia,2016,1A5,ABFLOW038,Natural gas,,,0.0
Estonia,2016,1A5,ABFLOW038,Oil,,,0.0
Estonia,2017,1A,ABFLOW001,Coal,,,0.0
Estonia,2017,1A,ABFLOW001,Natural gas,,,0.0
Estonia,2017,1A,ABFLOW001,Oil,,,0.0
Estonia,2017,1A1A,ABFLOW002,Coal,,,0.0
Estonia,2017,1A1A,ABFLOW002,Natural gas,,,0.0
Estonia,2017,1A1A,ABFLOW002,Oil,,,0.0
Estonia,2017,1A1A1,ABFLOW003,Coal,6.89402981691387,0.2627798672351389,7.1568096841490085
Estonia,2017,1A1A1,ABFLOW003,Natural gas,6.89402981691387,0.2627798672351389,7.1568096841490085
Estonia,2017,1A1A1,ABFLOW003,Oil,6.89402981691387,0.2627798672351389,7.1568096841490085
Estonia,2017,1A1A2,ABFLOW004,Coal,6.89402981691387,0.2627798672351389,7.1568096841490085
Estonia,2017,1A1A2,ABFLOW004,Natural gas,6.89402981691387,0.2627798672351389,7.1568096841490085
Estonia,2017,1A1A2,ABFLOW004,Oil,6.89402981691387,0.2627798672351389,7.1568096841490085
Estonia,2017,1A1A3,ABFLOW005,Coal,6.89402981691387,0.2627798672351389,7.1568096841490085
Estonia,2017,1A1A3,ABFLOW005,Natural gas,6.89402981691387,0.2627798672351389,7.1568096841490085
Estonia,2017,1A1A3,ABFLOW005,Oil,6.89402981691387,0.2627798672351389,7.1568096841490085
Estonia,2017,1A1B,ABFLOW011,Coal,6.89402981691387,,6.89402981691387
Estonia,2017,1A1B,ABFLOW011,Natural gas,6.89402981691387,,6.89402981691387
Estonia,2017,1A1B,ABFLOW011,Oil,6.89402981691387,,6.89402981691387
Estonia,2017,1A1C,ABFLOW011,Coal,6.89402981691387,,6.89402981691387
Estonia,2017,1A1C,ABFLOW011,Natural gas,6.89402981691387,,6.89402981691387
Estonia,2017,1A1C,ABFLOW011,Oil,6.89402981691387,,6.89402981691387
Estonia,2017,1A2,ABFLOW012,Coal,,,0.0
Estonia,2017,1A2,ABFLOW012,Natural gas,,,0.0
Estonia,2017,1A2,ABFLOW012,Oil,,,0.0
Estonia,2017,1A2A,ABFLOW016,Coal,6.89402981691387,0.2627798672351389,7.1568096841490085
Estonia,2017,1A2A,ABFLOW016,Natural gas,6.89402981691387,0.2627798672351389,7.1568096841490085
Estonia,2017,1A2A,ABFLOW016,Oil,6.89402981691387,0.2627798672351389,7.1568096841490085
Estonia,2017,1A2B,ABFLOW018,Coal,7.660033129904299,2.627798672351389,10.287831802255688
Estonia,2017,1A2B,ABFLOW018,Natural gas,7.660033129904299,2.627798672351389,10.287831802255688
Estonia,2017,1A2B,ABFLOW018,Oil,7.660033129904299,2.627798672351389,10.287831802255688
Estonia,2017,1A2C,ABFLOW017,Coal,6.89402981691387,0.2627798672351389,7.1568096841490085
Estonia,2017,1A2C,ABFLOW017,Natural gas,6.89402981691387,0.2627798672351389,7.1568096841490085
Estonia,2017,1A2C,ABFLOW017,Oil,6.89402981691387,0.2627798672351389,7.1568096841490085
Estonia,2017,1A2D,ABFLOW023,Coal,6.89402981691387,0.2627798672351389,7.1568096841490085
Estonia,2017,1A2D,ABFLOW023,Natural gas,6.89402981691387,0.2627798672351389,7.1568096841490085
Estonia,2017,1A2D,ABFLOW023,Oil,6.89402981691387,0.2627798672351389,7.1568096841490085
Estonia,2017,1A2E,ABFLOW022,Coal,6.89402981691387,0.2627798672351389,7.1568096841490085
Estonia,2017,1A2E,ABFLOW022,Natural gas,6.89402981691387,0.2627798672351389,7.1568096841490085
Estonia,2017,1A2E,ABFLOW022,Oil,6.89402981691387,0.2627798672351389,7.1568096841490085
Estonia,2017,1A2F,ABFLOW019,Coal,6.89402981691387,0.2627798672351389,7.1568096841490085
Estonia,2017,1A2F,ABFLOW019,Natural gas,6.89402981691387,0.2627798672351389,7.1568096841490085
Estonia,2017,1A2F,ABFLOW019,Oil,6.89402981691387,0.2627798672351389,7.1568096841490085
Estonia,2017,1A2G,ABFLOW020,Coal,6.89402981691387,0.2627798672351389,7.1568096841490085
Estonia,2017,1A2G,ABFLOW020,Natural gas,6.89402981691387,0.2627798672351389,7.1568096841490085
Estonia,2017,1A2G,ABFLOW020,Oil,6.89402981691387,0.2627798672351389,7.1568096841490085
Estonia,2017,1A2H,ABFLOW021,Coal,6.89402981691387,0.2627798672351389,7.1568096841490085
Estonia,2017,1A2H,ABFLOW021,Natural gas,6.89402981691387,0.2627798672351389,7.1568096841490085
Estonia,2017,1A2H,ABFLOW021,Oil,6.89402981691387,0.2627798672351389,7.1568096841490085
Estonia,2017,1A2I,ABFLOW013,Coal,6.89402981691387,0.2627798672351389,7.1568096841490085
Estonia,2017,1A2I,ABFLOW013,Natural gas,6.89402981691387,0.2627798672351389,7.1568096841490085
Estonia,2017,1A2I,ABFLOW013,Oil,6.89402981691387,0.2627798672351389,7.1568096841490085
Estonia,2017,1A2J,ABFLOW024,Coal,6.89402981691387,0.2627798672351389,7.1568096841490085
Estonia,2017,1A2J,ABFLOW024,Natural gas,6.89402981691387,0.2627798672351389,7.1568096841490085
Estonia,2017,1A2J,ABFLOW024,Oil,6.89402981691387,0.2627798672351389,7.1568096841490085
Estonia,2017,1A2K,ABFLOW014,Coal,6.89402981691387,0.2627798672351389,7.1568096841490085
Estonia,2017,1A2K,ABFLOW014,Natural gas,6.89402981691387,0.2627798672351389,7.1568096841490085
Estonia,2017,1A2K,ABFLOW014,Oil,6.89402981691387,0.2627798672351389,7.1568096841490085
Estonia,2017,1A2L,ABFLOW025,Coal,6.89402981691387,0.2627798672351389,7.1568096841490085
Estonia,2017,1A2L,ABFLOW025,Natural gas,6.89402981691387,0.2627798672351389,7.1568096841490085
Estonia,2017,1A2L,ABFLOW025,Oil,6.89402981691387,0.2627798672351389,7.1568096841490085
Estonia,2017,1A2M,ABFLOW026,Coal,6.89402981691387,0.2627798672351389,7.1568096841490085
Estonia,2017,1A2M,ABFLOW026,Natural gas,6.89402981691387,0.2627798672351389,7.1568096841490085
Estonia,2017,1A2M,ABFLOW026,Oil,6.89402981691387,0.2627798672351389,7.1568096841490085
Estonia,2017,1A3,ABFLOW027,Coal,,,0.0
Estonia,2017,1A3,ABFLOW027,Natural gas,,,0.0
Estonia,2017,1A3,ABFLOW027,Oil,,,0.0
Estonia,2017,1A3A1,ABFLOW040,Coal,3.9066168962511925,,3.9066168962511925
Estonia,2017,1A3A1,ABFLOW040,Natural gas,3.9066168962511925,,3.9066168962511925
Estonia,2017,1A3A1,ABFLOW040,Oil,3.9066168962511925,,3.9066168962511925
Estonia,2017,1A3A2,ABFLOW029,Coal,7.660033129904299,,7.660033129904299
Estonia,2017,1A3A2,ABFLOW029,Natural gas,7.660033129904299,,7.660033129904299
Estonia,2017,1A3A2,ABFLOW029,Oil,7.660033129904299,,7.660033129904299
Estonia,2017,1A3B,ABFLOW028,Coal,,,0.0
Estonia,2017,1A3B,ABFLOW028,Natural gas,,,0.0
Estonia,2017,1A3B,ABFLOW028,Oil,,,0.0
Estonia,2017,1A3C,ABFLOW030,Coal,,,0.0
Estonia,2017,1A3C,ABFLOW030,Natural gas,,,0.0
Estonia,2017,1A3C,ABFLOW030,Oil,,,0.0
Estonia,2017,1A3D1,ABFLOW039,Coal,,,0.0
Estonia,2017,1A3D1,ABFLOW039,Natural gas,,,0.0
Estonia,2017,1A3D1,ABFLOW039,Oil,,,0.0
Estonia,2017,1A3D2,ABFLOW032,Coal,,,0.0
Estonia,2017,1A3D2,ABFLOW032,Natural gas,,,0.0
Estonia,2017,1A3D2,ABFLOW032,Oil,,,0.0
Estonia,2017,1A3E1,ABFLOW033,Coal,,,0.0
Estonia,2017,1A3E1,ABFLOW033,Natural gas,,,0.0
Estonia,2017,1A3E1,ABFLOW033,Oil,,,0.0
Estonia,2017,1A4A,ABFLOW035,Coal,,,0.0
Estonia,2017,1A4A,ABFLOW035,Natural gas,,,0.0
Estonia,2017,1A4A,ABFLOW035,Oil,,,0.0
Estonia,2017,1A4B,ABFLOW034,Coal,,,0.0
Estonia,2017,1A4B,ABFLOW034,Natural gas,,,0.0
Estonia,2017,1A4B,ABFLOW034,Oil,,,0.0
Estonia,2017,1A4C1,ABFLOW036,Coal,,,0.0
Estonia,2017,1A4C1,ABFLOW036,Natural gas,,,0.0
Estonia,2017,1A4C1,ABFLOW036,Oil,,,0.0
Estonia,2017,1A4C2,ABFLOW037,Coal,,,0.0
Estonia,2017,1A4C2,ABFLOW037,Natural gas,,,0.0
Estonia,2017,1A4C2,ABFLOW037,Oil,,,0.0
Estonia,2017,1A5,ABFLOW038,Coal,,,0.0
Estonia,2017,1A5,ABFLOW038,Natural gas,,,0.0
Estonia,2017,1A5,ABFLOW038,Oil,,,0.0
Estonia,2018,1A,ABFLOW001,Coal,,,0.0
Estonia,2018,1A,ABFLOW001,Natural gas,,,0.0
Estonia,2018,1A,ABFLOW001,Oil,,,0.0
Estonia,2018,1A1A,ABFLOW002,Coal,,,0.0
Estonia,2018,1A1A,ABFLOW002,Natural gas,,,0.0
Estonia,2018,1A1A,ABFLOW002,Oil,,,0.0
Estonia,2018,1A1A1,ABFLOW003,Coal,17.842120448206924,0.2506267797191589,18.092747227926083
Estonia,2018,1A1A1,ABFLOW003,Natural gas,17.842120448206924,0.2506267797191589,18.092747227926083
Estonia,2018,1A1A1,ABFLOW003,Oil,17.842120448206924,0.2506267797191589,18.092747227926083
Estonia,2018,1A1A2,ABFLOW004,Coal,17.842120448206924,0.2506267797191589,18.092747227926083
Estonia,2018,1A1A2,ABFLOW004,Natural gas,17.842120448206924,0.2506267797191589,18.092747227926083
Estonia,2018,1A1A2,ABFLOW004,Oil,17.842120448206924,0.2506267797191589,18.092747227926083
Estonia,2018,1A1A3,ABFLOW005,Coal,17.842120448206924,0.2506267797191589,18.092747227926083
Estonia,2018,1A1A3,ABFLOW005,Natural gas,17.842120448206924,0.2506267797191589,18.092747227926083
Estonia,2018,1A1A3,ABFLOW005,Oil,17.842120448206924,0.2506267797191589,18.092747227926083
Estonia,2018,1A1B,ABFLOW011,Coal,17.842120448206924,,17.842120448206924
Estonia,2018,1A1B,ABFLOW011,Natural gas,17.842120448206924,,17.842120448206924
Estonia,2018,1A1B,ABFLOW011,Oil,17.842120448206924,,17.842120448206924
Estonia,2018,1A1C,ABFLOW011,Coal,17.842120448206924,,17.842120448206924
Estonia,2018,1A1C,ABFLOW011,Natural gas,17.842120448206924,,17.842120448206924
Estonia,2018,1A1C,ABFLOW011,Oil,17.842120448206924,,17.842120448206924
Estonia,2018,1A2,ABFLOW012,Coal,,,0.0
Estonia,2018,1A2,ABFLOW012,Natural gas,,,0.0
Estonia,2018,1A2,ABFLOW012,Oil,,,0.0
Estonia,2018,1A2A,ABFLOW016,Coal,17.842120448206924,0.2506267797191589,18.092747227926083
Estonia,2018,1A2A,ABFLOW016,Natural gas,17.842120448206924,0.2506267797191589,18.092747227926083
Estonia,2018,1A2A,ABFLOW016,Oil,17.842120448206924,0.2506267797191589,18.092747227926083
Estonia,2018,1A2B,ABFLOW018,Coal,19.82457827578547,2.506267797191589,22.33084607297706
Estonia,2018,1A2B,ABFLOW018,Natural gas,19.82457827578547,2.506267797191589,22.33084607297706
Estonia,2018,1A2B,ABFLOW018,Oil,19.82457827578547,2.506267797191589,22.33084607297706
Estonia,2018,1A2C,ABFLOW017,Coal,17.842120448206924,0.2506267797191589,18.092747227926083
Estonia,2018,1A2C,ABFLOW017,Natural gas,17.842120448206924,0.2506267797191589,18.092747227926083
Estonia,2018,1A2C,ABFLOW017,Oil,17.842120448206924,0.2506267797191589,18.092747227926083
Estonia,2018,1A2D,ABFLOW023,Coal,17.842120448206924,0.2506267797191589,18.092747227926083
Estonia,2018,1A2D,ABFLOW023,Natural gas,17.842120448206924,0.2506267797191589,18.092747227926083
Estonia,2018,1A2D,ABFLOW023,Oil,17.842120448206924,0.2506267797191589,18.092747227926083
Estonia,2018,1A2E,ABFLOW022,Coal,17.842120448206924,0.2506267797191589,18.092747227926083
Estonia,2018,1A2E,ABFLOW022,Natural gas,17.842120448206924,0.2506267797191589,18.092747227926083
Estonia,2018,1A2E,ABFLOW022,Oil,17.842120448206924,0.2506267797191589,18.092747227926083
Estonia,2018,1A2F,ABFLOW019,Coal,17.842120448206924,0.2506267797191589,18.092747227926083
Estonia,2018,1A2F,ABFLOW019,Natural gas,17.842120448206924,0.2506267797191589,18.092747227926083
Estonia,2018,1A2F,ABFLOW019,Oil,17.842120448206924,0.2506267797191589,18.092747227926083
Estonia,2018,1A2G,ABFLOW020,Coal,17.842120448206924,0.2506267797191589,18.092747227926083
Estonia,2018,1A2G,ABFLOW020,Natural gas,17.842120448206924,0.2506267797191589,18.092747227926083
Estonia,2018,1A2G,ABFLOW020,Oil,17.842120448206924,0.2506267797191589,18.092747227926083
Estonia,2018,1A2H,ABFLOW021,Coal,17.842120448206924,0.2506267797191589,18.092747227926083
Estonia,2018,1A2H,ABFLOW021,Natural gas,17.842120448206924,0.2506267797191589,18.092747227926083
Estonia,2018,1A2H,ABFLOW021,Oil,17.842120448206924,0.2506267797191589,18.092747227926083
Estonia,2018,1A2I,ABFLOW013,Coal,17.842120448206924,0.2506267797191589,18.092747227926083
Estonia,2018,1A2I,ABFLOW013,Natural gas,17.842120448206924,0.2506267797191589,18.092747227926083
Estonia,2018,1A2I,ABFLOW013,Oil,17.842120448206924,0.2506267797191589,18.092747227926083
Estonia,2018,1A2J,ABFLOW024,Coal,17.842120448206924,0.2506267797191589,18.092747227926083
Estonia,2018,1A2J,ABFLOW024,Natural gas,17.842120448206924,0.2506267797191589,18.092747227926083
Estonia,2018,1A2J,ABFLOW024,Oil,17.842120448206924,0.2506267797191589,18.092747227926083
Estonia,2018,1A2K,ABFLOW014,Coal,17.842120448206924,0.2506267797191589,18.092747227926083
Estonia,2018,1A2K,ABFLOW014,Natural gas,17.842120448206924,0.2506267797191589,18.092747227926083
Estonia,2018,1A2K,ABFLOW014,Oil,17.842120448206924,0.2506267797191589,18.092747227926083
Estonia,2018,1A2L,ABFLOW025,Coal,17.842120448206924,0.2506267797191589,18.092747227926083
Estonia,2018,1A2L,ABFLOW025,Natural gas,17.842120448206924,0.2506267797191589,18.092747227926083
Estonia,2018,1A2L,ABFLOW025,Oil,17.842120448206924,0.2506267797191589,18.092747227926083
Estonia,2018,1A2M,ABFLOW026,Coal,17.842120448206924,0.2506267797191589,18.092747227926083
Estonia,2018,1A2M,ABFLOW026,Natural gas,17.842120448206924,0.2506267797191589,18.092747227926083
Estonia,2018,1A2M,ABFLOW026,Oil,17.842120448206924,0.2506267797191589,18.092747227926083
Estonia,2018,1A3,ABFLOW027,Coal,,,0.0
Estonia,2018,1A3,ABFLOW027,Natural gas,,,0.0
Estonia,2018,1A3,ABFLOW027,Oil,,,0.0
Estonia,2018,1A3A1,ABFLOW040,Coal,10.11053492065059,,10.11053492065059
Estonia,2018,1A3A1,ABFLOW040,Natural gas,10.11053492065059,,10.11053492065059
Estonia,2018,1A3A1,ABFLOW040,Oil,10.11053492065059,,10.11053492065059
Estonia,2018,1A3A2,ABFLOW029,Coal,19.82457827578547,,19.82457827578547
Estonia,2018,1A3A2,ABFLOW029,Natural gas,19.82457827578547,,19.82457827578547
Estonia,2018,1A3A2,ABFLOW029,Oil,19.82457827578547,,19.82457827578547
Estonia,2018,1A3B,ABFLOW028,Coal,,,0.0
Estonia,2018,1A3B,ABFLOW028,Natural gas,,,0.0
Estonia,2018,1A3B,ABFLOW028,Oil,,,0.0
Estonia,2018,1A3C,ABFLOW030,Coal,,,0.0
Estonia,2018,1A3C,ABFLOW030,Natural gas,,,0.0
Estonia,2018,1A3C,ABFLOW030,Oil,,,0.0
Estonia,2018,1A3D1,ABFLOW039,Coal,,,0.0
Estonia,2018,1A3D1,ABFLOW039,Natural gas,,,0.0
Estonia,2018,1A3D1,ABFLOW039,Oil,,,0.0
Estonia,2018,1A3D2,ABFLOW032,Coal,,,0.0
Estonia,2018,1A3D2,ABFLOW032,Natural gas,,,0.0
Estonia,2018,1A3D2,ABFLOW032,Oil,,,0.0
Estonia,2018,1A3E1,ABFLOW033,Coal,,,0.0
Estonia,2018,1A3E1,ABFLOW033,Natural gas,,,0.0
Estonia,2018,1A3E1,ABFLOW033,Oil,,,0.0
Estonia,2018,1A4A,ABFLOW035,Coal,,,0.0
Estonia,2018,1A4A,ABFLOW035,Natural gas,,,0.0
Estonia,2018,1A4A,ABFLOW035,Oil,,,0.0
Estonia,2018,1A4B,ABFLOW034,Coal,,,0.0
Estonia,2018,1A4B,ABFLOW034,Natural gas,,,0.0
Estonia,2018,1A4B,ABFLOW034,Oil,,,0.0
Estonia,2018,1A4C1,ABFLOW036,Coal,,,0.0
Estonia,2018,1A4C1,ABFLOW036,Natural gas,,,0.0
Estonia,2018,1A4C1,ABFLOW036,Oil,,,0.0
Estonia,2018,1A4C2,ABFLOW037,Coal,,,0.0
Estonia,2018,1A4C2,ABFLOW037,Natural gas,,,0.0
Estonia,2018,1A4C2,ABFLOW037,Oil,,,0.0
Estonia,2018,1A5,ABFLOW038,Coal,,,0.0
Estonia,2018,1A5,ABFLOW038,Natural gas,,,0.0
Estonia,2018,1A5,ABFLOW038,Oil,,,0.0
Estonia,2019,1A,ABFLOW001,Coal,,,0.0
Estonia,2019,1A,ABFLOW001,Natural gas,,,0.0
Estonia,2019,1A,ABFLOW001,Oil,,,0.0
Estonia,2019,1A1A,ABFLOW002,Coal,,,0.0
Estonia,2019,1A1A,ABFLOW002,Natural gas,,,0.0
Estonia,2019,1A1A,ABFLOW002,Oil,,,0.0
Estonia,2019,1A1A1,ABFLOW003,Coal,27.027018873729713,0.24139888240201604,27.26841775613173
Estonia,2019,1A1A1,ABFLOW003,Natural gas,27.027018873729713,0.24139888240201604,27.26841775613173
Estonia,2019,1A1A1,ABFLOW003,Oil,27.027018873729713,0.24139888240201604,27.26841775613173
Estonia,2019,1A1A2,ABFLOW004,Coal,27.027018873729713,0.24139888240201604,27.26841775613173
Estonia,2019,1A1A2,ABFLOW004,Natural gas,27.027018873729713,0.24139888240201604,27.26841775613173
Estonia,2019,1A1A2,ABFLOW004,Oil,27.027018873729713,0.24139888240201604,27.26841775613173
Estonia,2019,1A1A3,ABFLOW005,Coal,27.027018873729713,0.24139888240201604,27.26841775613173
Estonia,2019,1A1A3,ABFLOW005,Natural gas,27.027018873729713,0.24139888240201604,27.26841775613173
Estonia,2019,1A1A3,ABFLOW005,Oil,27.027018873729713,0.24139888240201604,27.26841775613173
Estonia,2019,1A1B,ABFLOW011,Coal,27.027018873729713,,27.027018873729713
Estonia,2019,1A1B,ABFLOW011,Natural gas,27.027018873729713,,27.027018873729713
Estonia,2019,1A1B,ABFLOW011,Oil,27.027018873729713,,27.027018873729713
Estonia,2019,1A1C,ABFLOW011,Coal,27.027018873729713,,27.027018873729713
Estonia,2019,1A1C,ABFLOW011,Natural gas,27.027018873729713,,27.027018873729713
Estonia,2019,1A1C,ABFLOW011,Oil,27.027018873729713,,27.027018873729713
Estonia,2019,1A2,ABFLOW012,Coal,,,0.0
Estonia,2019,1A2,ABFLOW012,Natural gas,,,0.0
Estonia,2019,1A2,ABFLOW012,Oil,,,0.0
Estonia,2019,1A2A,ABFLOW016,Coal,27.027018873729713,0.24139888240201604,27.26841775613173
Estonia,2019,1A2A,ABFLOW016,Natural gas,27.027018873729713,0.24139888240201604,27.26841775613173
Estonia,2019,1A2A,ABFLOW016,Oil,27.027018873729713,0.24139888240201604,27.26841775613173
Estonia,2019,1A2B,ABFLOW018,Coal,30.030020970810792,2.4139888240201604,32.444009794830954
Estonia,2019,1A2B,ABFLOW018,Natural gas,30.030020970810792,2.4139888240201604,32.444009794830954
Estonia,2019,1A2B,ABFLOW018,Oil,30.030020970810792,2.4139888240201604,32.444009794830954
Estonia,2019,1A2C,ABFLOW017,Coal,27.027018873729713,0.24139888240201604,27.26841775613173
Estonia,2019,1A2C,ABFLOW017,Natural gas,27.027018873729713,0.24139888240201604,27.26841775613173
Estonia,2019,1A2C,ABFLOW017,Oil,27.027018873729713,0.24139888240201604,27.26841775613173
Estonia,2019,1A2D,ABFLOW023,Coal,27.027018873729713,0.24139888240201604,27.26841775613173
Estonia,2019,1A2D,ABFLOW023,Natural gas,27.027018873729713,0.24139888240201604,27.26841775613173
Estonia,2019,1A2D,ABFLOW023,Oil,27.027018873729713,0.24139888240201604,27.26841775613173
Estonia,2019,1A2E,ABFLOW022,Coal,27.027018873729713,0.24139888240201604,27.26841775613173
Estonia,2019,1A2E,ABFLOW022,Natural gas,27.027018873729713,0.24139888240201604,27.26841775613173
Estonia,2019,1A2E,ABFLOW022,Oil,27.027018873729713,0.24139888240201604,27.26841775613173
Estonia,2019,1A2F,ABFLOW019,Coal,27.027018873729713,0.24139888240201604,27.26841775613173
Estonia,2019,1A2F,ABFLOW019,Natural gas,27.027018873729713,0.24139888240201604,27.26841775613173
Estonia,2019,1A2F,ABFLOW019,Oil,27.027018873729713,0.24139888240201604,27.26841775613173
Estonia,2019,1A2G,ABFLOW020,Coal,27.027018873729713,0.24139888240201604,27.26841775613173
Estonia,2019,1A2G,ABFLOW020,Natural gas,27.027018873729713,0.24139888240201604,27.26841775613173
Estonia,2019,1A2G,ABFLOW020,Oil,27.027018873729713,0.24139888240201604,27.26841775613173
Estonia,2019,1A2H,ABFLOW021,Coal,27.027018873729713,0.24139888240201604,27.26841775613173
Estonia,2019,1A2H,ABFLOW021,Natural gas,27.027018873729713,0.24139888240201604,27.26841775613173
Estonia,2019,1A2H,ABFLOW021,Oil,27.027018873729713,0.24139888240201604,27.26841775613173
Estonia,2019,1A2I,ABFLOW013,Coal,27.027018873729713,0.24139888240201604,27.26841775613173
Estonia,2019,1A2I,ABFLOW013,Natural gas,27.027018873729713,0.24139888240201604,27.26841775613173
Estonia,2019,1A2I,ABFLOW013,Oil,27.027018873729713,0.24139888240201604,27.26841775613173
Estonia,2019,1A2J,ABFLOW024,Coal,27.027018873729713,0.24139888240201604,27.26841775613173
Estonia,2019,1A2J,ABFLOW024,Natural gas,27.027018873729713,0.24139888240201604,27.26841775613173
Estonia,2019,1A2J,ABFLOW024,Oil,27.027018873729713,0.24139888240201604,27.26841775613173
Estonia,2019,1A2K,ABFLOW014,Coal,27.027018873729713,0.24139888240201604,27.26841775613173
Estonia,2019,1A2K,ABFLOW014,Natural gas,27.027018873729713,0.24139888240201604,27.26841775613173
Estonia,2019,1A2K,ABFLOW014,Oil,27.027018873729713,0.24139888240201604,27.26841775613173
Estonia,2019,1A2L,ABFLOW025,Coal,27.027018873729713,0.24139888240201604,27.26841775613173
Estonia,2019,1A2L,ABFLOW025,Natural gas,27.027018873729713,0.24139888240201604,27.26841775613173
Estonia,2019,1A2L,ABFLOW025,Oil,27.027018873729713,0.24139888240201604,27.26841775613173
Estonia,2019,1A2M,ABFLOW026,Coal,27.027018873729713,0.24139888240201604,27.26841775613173
Estonia,2019,1A2M,ABFLOW026,Natural gas,27.027018873729713,0.24139888240201604,27.26841775613173
Estonia,2019,1A2M,ABFLOW026,Oil,27.027018873729713,0.24139888240201604,27.26841775613173
Estonia,2019,1A3,ABFLOW027,Coal,,,0.0
Estonia,2019,1A3,ABFLOW027,Natural gas,,,0.0
Estonia,2019,1A3,ABFLOW027,Oil,,,0.0
Estonia,2019,1A3A1,ABFLOW040,Coal,15.315310695113505,,15.315310695113505
Estonia,2019,1A3A1,ABFLOW040,Natural gas,15.315310695113505,,15.315310695113505
Estonia,2019,1A3A1,ABFLOW040,Oil,15.315310695113505,,15.315310695113505
Estonia,2019,1A3A2,ABFLOW029,Coal,30.030020970810792,,30.030020970810792
Estonia,2019,1A3A2,ABFLOW029,Natural gas,30.030020970810792,,30.030020970810792
Estonia,2019,1A3A2,ABFLOW029,Oil,30.030020970810792,,30.030020970810792
Estonia,2019,1A3B,ABFLOW028,Coal,,,0.0
Estonia,2019,1A3B,ABFLOW028,Natural gas,,,0.0
Estonia,2019,1A3B,ABFLOW028,Oil,,,0.0
Estonia,2019,1A3C,ABFLOW030,Coal,,,0.0
Estonia,2019,1A3C,ABFLOW030,Natural gas,,,0.0
Estonia,2019,1A3C,ABFLOW030,Oil,,,0.0
Estonia,2019,1A3D1,ABFLOW039,Coal,,,0.0
Estonia,2019,1A3D1,ABFLOW039,Natural gas,,,0.0
Estonia,2019,1A3D1,ABFLOW039,Oil,,,0.0
Estonia,2019,1A3D2,ABFLOW032,Coal,,,0.0
Estonia,2019,1A3D2,ABFLOW032,Natural gas,,,0.0
Estonia,2019,1A3D2,ABFLOW032,Oil,,,0.0
Estonia,2019,1A3E1,ABFLOW033,Coal,,,0.0
Estonia,2019,1A3E1,ABFLOW033,Natural gas,,,0.0
Estonia,2019,1A3E1,ABFLOW033,Oil,,,0.0
Estonia,2019,1A4A,ABFLOW035,Coal,,,0.0
Estonia,2019,1A4A,ABFLOW035,Natural gas,,,0.0
Estonia,2019,1A4A,ABFLOW035,Oil,,,0.0
Estonia,2019,1A4B,ABFLOW034,Coal,,,0.0
Estonia,2019,1A4B,ABFLOW034,Natural gas,,,0.0
Estonia,2019,1A4B,ABFLOW034,Oil,,,0.0
Estonia,2019,1A4C1,ABFLOW036,Coal,,,0.0
Estonia,2019,1A4C1,ABFLOW036,Natural gas,,,0.0
Estonia,2019,1A4C1,ABFLOW036,Oil,,,0.0
Estonia,2019,1A4C2,ABFLOW037,Coal,,,0.0
Estonia,2019,1A4C2,ABFLOW037,Natural gas,,,0.0
Estonia,2019,1A4C2,ABFLOW037,Oil,,,0.0
Estonia,2019,1A5,ABFLOW038,Coal,,,0.0
Estonia,2019,1A5,ABFLOW038,Natural gas,,,0.0
Estonia,2019,1A5,ABFLOW038,Oil,,,0.0
Estonia,2020,1A,ABFLOW001,Coal,,,0.0
Estonia,2020,1A,ABFLOW001,Natural gas,,,0.0
Estonia,2020,1A,ABFLOW001,Oil,,,0.0
Estonia,2020,1A1A,ABFLOW002,Coal,,,0.0
Estonia,2020,1A1A,ABFLOW002,Natural gas,,,0.0
Estonia,2020,1A1A,ABFLOW002,Oil,,,0.0
Estonia,2020,1A1A1,ABFLOW003,Coal,26.695554895234412,0.23959392295130508,26.935148818185716
Estonia,2020,1A1A1,ABFLOW003,Natural gas,26.695554895234412,0.23959392295130508,26.935148818185716
Estonia,2020,1A1A1,ABFLOW003,Oil,26.695554895234412,0.23959392295130508,26.935148818185716
Estonia,2020,1A1A2,ABFLOW004,Coal,26.695554895234412,0.23959392295130508,26.935148818185716
Estonia,2020,1A1A2,ABFLOW004,Natural gas,26.695554895234412,0.23959392295130508,26.935148818185716
Estonia,2020,1A1A2,ABFLOW004,Oil,26.695554895234412,0.23959392295130508,26.935148818185716
Estonia,2020,1A1A3,ABFLOW005,Coal,26.695554895234412,0.23959392295130508,26.935148818185716
Estonia,2020,1A1A3,ABFLOW005,Natural gas,26.695554895234412,0.23959392295130508,26.935148818185716
Estonia,2020,1A1A3,ABFLOW005,Oil,26.695554895234412,0.23959392295130508,26.935148818185716
Estonia,2020,1A1B,ABFLOW011,Coal,26.695554895234412,,26.695554895234412
Estonia,2020,1A1B,ABFLOW011,Natural gas,26.695554895234412,,26.695554895234412
Estonia,2020,1A1B,ABFLOW011,Oil,26.695554895234412,,26.695554895234412
Estonia,2020,1A1C,ABFLOW011,Coal,26.695554895234412,,26.695554895234412
Estonia,2020,1A1C,ABFLOW011,Natural gas,26.695554895234412,,26.695554895234412
Estonia,2020,1A1C,ABFLOW011,Oil,26.695554895234412,,26.695554895234412
Estonia,2020,1A2,ABFLOW012,Coal,,,0.0
Estonia,2020,1A2,ABFLOW012,Natural gas,,,0.0
Estonia,2020,1A2,ABFLOW012,Oil,,,0.0
Estonia,2020,1A2A,ABFLOW016,Coal,26.695554895234412,0.23959392295130508,26.935148818185716
Estonia,2020,1A2A,ABFLOW016,Natural gas,26.695554895234412,0.23959392295130508,26.935148818185716
Estonia,2020,1A2A,ABFLOW016,Oil,26.695554895234412,0.23959392295130508,26.935148818185716
Estonia,2020,1A2B,ABFLOW018,Coal,29.661727661371568,2.3959392295130506,32.05766689088462
Estonia,2020,1A2B,ABFLOW018,Natural gas,29.661727661371568,2.3959392295130506,32.05766689088462
Estonia,2020,1A2B,ABFLOW018,Oil,29.661727661371568,2.3959392295130506,32.05766689088462
Estonia,2020,1A2C,ABFLOW017,Coal,26.695554895234412,0.23959392295130508,26.935148818185716
Estonia,2020,1A2C,ABFLOW017,Natural gas,26.695554895234412,0.23959392295130508,26.935148818185716
Estonia,2020,1A2C,ABFLOW017,Oil,26.695554895234412,0.23959392295130508,26.935148818185716
Estonia,2020,1A2D,ABFLOW023,Coal,26.695554895234412,0.23959392295130508,26.935148818185716
Estonia,2020,1A2D,ABFLOW023,Natural gas,26.695554895234412,0.23959392295130508,26.935148818185716
Estonia,2020,1A2D,ABFLOW023,Oil,26.695554895234412,0.23959392295130508,26.935148818185716
Estonia,2020,1A2E,ABFLOW022,Coal,26.695554895234412,0.23959392295130508,26.935148818185716
Estonia,2020,1A2E,ABFLOW022,Natural gas,26.695554895234412,0.23959392295130508,26.935148818185716
Estonia,2020,1A2E,ABFLOW022,Oil,26.695554895234412,0.23959392295130508,26.935148818185716
Estonia,2020,1A2F,ABFLOW019,Coal,26.695554895234412,0.23959392295130508,26.935148818185716
Estonia,2020,1A2F,ABFLOW019,Natural gas,26.695554895234412,0.23959392295130508,26.935148818185716
Estonia,2020,1A2F,ABFLOW019,Oil,26.695554895234412,0.23959392295130508,26.935148818185716
Estonia,2020,1A2G,ABFLOW020,Coal,26.695554895234412,0.23959392295130508,26.935148818185716
Estonia,2020,1A2G,ABFLOW020,Natural gas,26.695554895234412,0.23959392295130508,26.935148818185716
Estonia,2020,1A2G,ABFLOW020,Oil,26.695554895234412,0.23959392295130508,26.935148818185716
Estonia,2020,1A2H,ABFLOW021,Coal,26.695554895234412,0.23959392295130508,26.935148818185716
Estonia,2020,1A2H,ABFLOW021,Natural gas,26.695554895234412,0.23959392295130508,26.935148818185716
Estonia,2020,1A2H,ABFLOW021,Oil,26.695554895234412,0.23959392295130508,26.935148818185716
Estonia,2020,1A2I,ABFLOW013,Coal,26.695554895234412,0.23959392295130508,26.935148818185716
Estonia,2020,1A2I,ABFLOW013,Natural gas,26.695554895234412,0.23959392295130508,26.935148818185716
Estonia,2020,1A2I,ABFLOW013,Oil,26.695554895234412,0.23959392295130508,26.935148818185716
Estonia,2020,1A2J,ABFLOW024,Coal,26.695554895234412,0.23959392295130508,26.935148818185716
Estonia,2020,1A2J,ABFLOW024,Natural gas,26.695554895234412,0.23959392295130508,26.935148818185716
Estonia,2020,1A2J,ABFLOW024,Oil,26.695554895234412,0.23959392295130508,26.935148818185716
Estonia,2020,1A2K,ABFLOW014,Coal,26.695554895234412,0.23959392295130508,26.935148818185716
Estonia,2020,1A2K,ABFLOW014,Natural gas,26.695554895234412,0.23959392295130508,26.935148818185716
Estonia,2020,1A2K,ABFLOW014,Oil,26.695554895234412,0.23959392295130508,26.935148818185716
Estonia,2020,1A2L,ABFLOW025,Coal,26.695554895234412,0.23959392295130508,26.935148818185716
Estonia,2020,1A2L,ABFLOW025,Natural gas,26.695554895234412,0.23959392295130508,26.935148818185716
Estonia,2020,1A2L,ABFLOW025,Oil,26.695554895234412,0.23959392295130508,26.935148818185716
Estonia,2020,1A2M,ABFLOW026,Coal,26.695554895234412,0.23959392295130508,26.935148818185716
Estonia,2020,1A2M,ABFLOW026,Natural gas,26.695554895234412,0.23959392295130508,26.935148818185716
Estonia,2020,1A2M,ABFLOW026,Oil,26.695554895234412,0.23959392295130508,26.935148818185716
Estonia,2020,1A3,ABFLOW027,Coal,,,0.0
Estonia,2020,1A3,ABFLOW027,Natural gas,,,0.0
Estonia,2020,1A3,ABFLOW027,Oil,,,0.0
Estonia,2020,1A3A1,ABFLOW040,Coal,15.1274811072995,,15.1274811072995
Estonia,2020,1A3A1,ABFLOW040,Natural gas,15.1274811072995,,15.1274811072995
Estonia,2020,1A3A1,ABFLOW040,Oil,15.1274811072995,,15.1274811072995
Estonia,2020,1A3A2,ABFLOW029,Coal,29.661727661371568,,29.661727661371568
Estonia,2020,1A3A2,ABFLOW029,Natural gas,29.661727661371568,,29.661727661371568
Estonia,2020,1A3A2,ABFLOW029,Oil,29.661727661371568,,29.661727661371568
Estonia,2020,1A3B,ABFLOW028,Coal,,,0.0
Estonia,2020,1A3B,ABFLOW028,Natural gas,,,0.0
Estonia,2020,1A3B,ABFLOW028,Oil,,,0.0
Estonia,2020,1A3C,ABFLOW030,Coal,,,0.0
Estonia,2020,1A3C,ABFLOW030,Natural gas,,,0.0
Estonia,2020,1A3C,ABFLOW030,Oil,,,0.0
Estonia,2020,1A3D1,ABFLOW039,Coal,,,0.0
Estonia,2020,1A3D1,ABFLOW039,Natural gas,,,0.0
Estonia,2020,1A3D1,ABFLOW039,Oil,,,0.0
Estonia,2020,1A3D2,ABFLOW032,Coal,,,0.0
Estonia,2020,1A3D2,ABFLOW032,Natural gas,,,0.0
Estonia,2020,1A3D2,ABFLOW032,Oil,,,0.0
Estonia,2020,1A3E1,ABFLOW033,Coal,,,0.0
Estonia,2020,1A3E1,ABFLOW033,Natural gas,,,0.0
Estonia,2020,1A3E1,ABFLOW033,Oil,,,0.0
Estonia,2020,1A4A,ABFLOW035,Coal,,,0.0
Estonia,2020,1A4A,ABFLOW035,Natural gas,,,0.0
Estonia,2020,1A4A,ABFLOW035,Oil,,,0.0
Estonia,2020,1A4B,ABFLOW034,Coal,,,0.0
Estonia,2020,1A4B,ABFLOW034,Natural gas,,,0.0
Estonia,2020,1A4B,ABFLOW034,Oil,,,0.0
Estonia,2020,1A4C1,ABFLOW036,Coal,,,0.0
Estonia,2020,1A4C1,ABFLOW036,Natural gas,,,0.0
Estonia,2020,1A4C1,ABFLOW036,Oil,,,0.0
Estonia,2020,1A4C2,ABFLOW037,Coal,,,0.0
Estonia,2020,1A4C2,ABFLOW037,Natural gas,,,0.0
Estonia,2020,1A4C2,ABFLOW037,Oil,,,0.0
Estonia,2020,1A5,ABFLOW038,Coal,,,0.0
Estonia,2020,1A5,ABFLOW038,Natural gas,,,0.0
Estonia,2020,1A5,ABFLOW038,Oil,,,0.0
Estonia,2021,1A,ABFLOW001,Coal,,,0.0
Estonia,2021,1A,ABFLOW001,Natural gas,,,0.0
Estonia,2021,1A,ABFLOW001,Oil,,,0.0
Estonia,2021,1A1A,ABFLOW002,Coal,,,0.0
Estonia,2021,1A1A,ABFLOW002,Natural gas,,,0.0
Estonia,2021,1A1A,ABFLOW002,Oil,,,0.0
Estonia,2021,1A1A1,ABFLOW003,Coal,54.802743547853495,0.22737840655486471,55.03012195440836
Estonia,2021,1A1A1,ABFLOW003,Natural gas,54.802743547853495,0.22737840655486471,55.03012195440836
Estonia,2021,1A1A1,ABFLOW003,Oil,54.802743547853495,0.22737840655486471,55.03012195440836
Estonia,2021,1A1A2,ABFLOW004,Coal,54.802743547853495,0.22737840655486471,55.03012195440836
Estonia,2021,1A1A2,ABFLOW004,Natural gas,54.802743547853495,0.22737840655486471,55.03012195440836
Estonia,2021,1A1A2,ABFLOW004,Oil,54.802743547853495,0.22737840655486471,55.03012195440836
Estonia,2021,1A1A3,ABFLOW005,Coal,54.802743547853495,0.22737840655486471,55.03012195440836
Estonia,2021,1A1A3,ABFLOW005,Natural gas,54.802743547853495,0.22737840655486471,55.03012195440836
Estonia,2021,1A1A3,ABFLOW005,Oil,54.802743547853495,0.22737840655486471,55.03012195440836
Estonia,2021,1A1B,ABFLOW011,Coal,54.802743547853495,,54.802743547853495
Estonia,2021,1A1B,ABFLOW011,Natural gas,54.802743547853495,,54.802743547853495
Estonia,2021,1A1B,ABFLOW011,Oil,54.802743547853495,,54.802743547853495
Estonia,2021,1A1C,ABFLOW011,Coal,54.802743547853495,,54.802743547853495
Estonia,2021,1A1C,ABFLOW011,Natural gas,54.802743547853495,,54.802743547853495
Estonia,2021,1A1C,ABFLOW011,Oil,54.802743547853495,,54.802743547853495
Estonia,2021,1A2,ABFLOW012,Coal,,,0.0
Estonia,2021,1A2,ABFLOW012,Natural gas,,,0.0
Estonia,2021,1A2,ABFLOW012,Oil,,,0.0
Estonia,2021,1A2A,ABFLOW016,Coal,54.802743547853495,0.22737840655486471,55.03012195440836
Estonia,2021,1A2A,ABFLOW016,Natural gas,54.802743547853495,0.22737840655486471,55.03012195440836
Estonia,2021,1A2A,ABFLOW016,Oil,54.802743547853495,0.22737840655486471,55.03012195440836
Estonia,2021,1A2B,ABFLOW018,Coal,60.89193727539277,2.273784065548647,63.16572134094142
Estonia,2021,1A2B,ABFLOW018,Natural gas,60.89193727539277,2.273784065548647,63.16572134094142
Estonia,2021,1A2B,ABFLOW018,Oil,60.89193727539277,2.273784065548647,63.16572134094142
Estonia,2021,1A2C,ABFLOW017,Coal,54.802743547853495,0.22737840655486471,55.03012195440836
Estonia,2021,1A2C,ABFLOW017,Natural gas,54.802743547853495,0.22737840655486471,55.03012195440836
Estonia,2021,1A2C,ABFLOW017,Oil,54.802743547853495,0.22737840655486471,55.03012195440836
Estonia,2021,1A2D,ABFLOW023,Coal,54.802743547853495,0.22737840655486471,55.03012195440836
Estonia,2021,1A2D,ABFLOW023,Natural gas,54.802743547853495,0.22737840655486471,55.03012195440836
Estonia,2021,1A2D,ABFLOW023,Oil,54.802743547853495,0.22737840655486471,55.03012195440836
Estonia,2021,1A2E,ABFLOW022,Coal,54.802743547853495,0.22737840655486471,55.03012195440836
Estonia,2021,1A2E,ABFLOW022,Natural gas,54.802743547853495,0.22737840655486471,55.03012195440836
Estonia,2021,1A2E,ABFLOW022,Oil,54.802743547853495,0.22737840655486471,55.03012195440836
Estonia,2021,1A2F,ABFLOW019,Coal,54.802743547853495,0.22737840655486471,55.03012195440836
Estonia,2021,1A2F,ABFLOW019,Natural gas,54.802743547853495,0.22737840655486471,55.03012195440836
Estonia,2021,1A2F,ABFLOW019,Oil,54.802743547853495,0.22737840655486471,55.03012195440836
Estonia,2021,1A2G,ABFLOW020,Coal,54.802743547853495,0.22737840655486471,55.03012195440836
Estonia,2021,1A2G,ABFLOW020,Natural gas,54.802743547853495,0.22737840655486471,55.03012195440836
Estonia,2021,1A2G,ABFLOW020,Oil,54.802743547853495,0.22737840655486471,55.03012195440836
Estonia,2021,1A2H,ABFLOW021,Coal,54.802743547853495,0.22737840655486471,55.03012195440836
Estonia,2021,1A2H,ABFLOW021,Natural gas,54.802743547853495,0.22737840655486471,55.03012195440836
Estonia,2021,1A2H,ABFLOW021,Oil,54.802743547853495,0.22737840655486471,55.03012195440836
Estonia,2021,1A2I,ABFLOW013,Coal,54.802743547853495,0.22737840655486471,55.03012195440836
Estonia,2021,1A2I,ABFLOW013,Natural gas,54.802743547853495,0.22737840655486471,55.03012195440836
Estonia,2021,1A2I,ABFLOW013,Oil,54.802743547853495,0.22737840655486471,55.03012195440836
Estonia,2021,1A2J,ABFLOW024,Coal,54.802743547853495,0.22737840655486471,55.03012195440836
Estonia,2021,1A2J,ABFLOW024,Natural gas,54.802743547853495,0.22737840655486471,55.03012195440836
Estonia,2021,1A2J,ABFLOW024,Oil,54.802743547853495,0.22737840655486471,55.03012195440836
Estonia,2021,1A2K,ABFLOW014,Coal,54.802743547853495,0.22737840655486471,55.03012195440836
Estonia,2021,1A2K,ABFLOW014,Natural gas,54.802743547853495,0.22737840655486471,55.03012195440836
Estonia,2021,1A2K,ABFLOW014,Oil,54.802743547853495,0.22737840655486471,55.03012195440836
Estonia,2021,1A2L,ABFLOW025,Coal,54.802743547853495,0.22737840655486471,55.03012195440836
Estonia,2021,1A2L,ABFLOW025,Natural gas,54.802743547853495,0.22737840655486471,55.03012195440836
Estonia,2021,1A2L,ABFLOW025,Oil,54.802743547853495,0.22737840655486471,55.03012195440836
Estonia,2021,1A2M,ABFLOW026,Coal,54.802743547853495,0.22737840655486471,55.03012195440836
Estonia,2021,1A2M,ABFLOW026,Natural gas,54.802743547853495,0.22737840655486471,55.03012195440836
Estonia,2021,1A2M,ABFLOW026,Oil,54.802743547853495,0.22737840655486471,55.03012195440836
Estonia,2021,1A3,ABFLOW027,Coal,,,0.0
Estonia,2021,1A3,ABFLOW027,Natural gas,,,0.0
Estonia,2021,1A3,ABFLOW027,Oil,,,0.0
Estonia,2021,1A3A1,ABFLOW040,Coal,31.054888010450313,,31.054888010450313
Estonia,2021,1A3A1,ABFLOW040,Natural gas,31.054888010450313,,31.054888010450313
Estonia,2021,1A3A1,ABFLOW040,Oil,31.054888010450313,,31.054888010450313
Estonia,2021,1A3A2,ABFLOW029,Coal,60.89193727539277,,60.89193727539277
Estonia,2021,1A3A2,ABFLOW029,Natural gas,60.89193727539277,,60.89193727539277
Estonia,2021,1A3A2,ABFLOW029,Oil,60.89193727539277,,60.89193727539277
Estonia,2021,1A3B,ABFLOW028,Coal,,,0.0
Estonia,2021,1A3B,ABFLOW028,Natural gas,,,0.0
Estonia,2021,1A3B,ABFLOW028,Oil,,,0.0
Estonia,2021,1A3C,ABFLOW030,Coal,,,0.0
Estonia,2021,1A3C,ABFLOW030,Natural gas,,,0.0
Estonia,2021,1A3C,ABFLOW030,Oil,,,0.0
Estonia,2021,1A3D1,ABFLOW039,Coal,,,0.0
Estonia,2021,1A3D1,ABFLOW039,Natural gas,,,0.0
Estonia,2021,1A3D1,ABFLOW039,Oil,,,0.0
Estonia,2021,1A3D2,ABFLOW032,Coal,,,0.0
Estonia,2021,1A3D2,ABFLOW032,Natural gas,,,0.0
Estonia,2021,1A3D2,ABFLOW032,Oil,,,0.0
Estonia,2021,1A3E1,ABFLOW033,Coal,,,0.0
Estonia,2021,1A3E1,ABFLOW033,Natural gas,,,0.0
Estonia,2021,1A3E1,ABFLOW033,Oil,,,0.0
Estonia,2021,1A4A,ABFLOW035,Coal,,,0.0
Estonia,2021,1A4A,ABFLOW035,Natural gas,,,0.0
Estonia,2021,1A4A,ABFLOW035,Oil,,,0.0
Estonia,2021,1A4B,ABFLOW034,Coal,,,0.0
Estonia,2021,1A4B,ABFLOW034,Natural gas,,,0.0
Estonia,2021,1A4B,ABFLOW034,Oil,,,0.0
Estonia,2021,1A4C1,ABFLOW036,Coal,,,0.0
Estonia,2021,1A4C1,ABFLOW036,Natural gas,,,0.0
Estonia,2021,1A4C1,ABFLOW036,Oil,,,0.0
Estonia,2021,1A4C2,ABFLOW037,Coal,,,0.0
Estonia,2021,1A4C2,ABFLOW037,Natural gas,,,0.0
Estonia,2021,1A4C2,ABFLOW037,Oil,,,0.0
Estonia,2021,1A5,ABFLOW038,Coal,,,0.0
Estonia,2021,1A5,ABFLOW038,Natural gas,,,0.0
Estonia,2021,1A5,ABFLOW038,Oil,,,0.0
Estonia,2022,1A,ABFLOW001,Coal,,,0.0
Estonia,2022,1A,ABFLOW001,Natural gas,,,0.0
Estonia,2022,1A,ABFLOW001,Oil,,,0.0
Estonia,2022,1A1A,ABFLOW002,Coal,,,0.0
Estonia,2022,1A1A,ABFLOW002,Natural gas,,,0.0
Estonia,2022,1A1A,ABFLOW002,Oil,,,0.0
Estonia,2022,1A1A1,ABFLOW003,Coal,71.5290241912866,0.19638421928805042,71.72540841057464
Estonia,2022,1A1A1,ABFLOW003,Natural gas,71.5290241912866,0.19638421928805042,71.72540841057464
Estonia,2022,1A1A1,ABFLOW003,Oil,71.5290241912866,0.19638421928805042,71.72540841057464
Estonia,2022,1A1A2,ABFLOW004,Coal,71.5290241912866,0.19638421928805042,71.72540841057464
Estonia,2022,1A1A2,ABFLOW004,Natural gas,71.5290241912866,0.19638421928805042,71.72540841057464
Estonia,2022,1A1A2,ABFLOW004,Oil,71.5290241912866,0.19638421928805042,71.72540841057464
Estonia,2022,1A1A3,ABFLOW005,Coal,71.5290241912866,0.19638421928805042,71.72540841057464
Estonia,2022,1A1A3,ABFLOW005,Natural gas,71.5290241912866,0.19638421928805042,71.72540841057464
Estonia,2022,1A1A3,ABFLOW005,Oil,71.5290241912866,0.19638421928805042,71.72540841057464
Estonia,2022,1A1B,ABFLOW011,Coal,71.5290241912866,,71.5290241912866
Estonia,2022,1A1B,ABFLOW011,Natural gas,71.5290241912866,,71.5290241912866
Estonia,2022,1A1B,ABFLOW011,Oil,71.5290241912866,,71.5290241912866
Estonia,2022,1A1C,ABFLOW011,Coal,71.5290241912866,,71.5290241912866
Estonia,2022,1A1C,ABFLOW011,Natural gas,71.5290241912866,,71.5290241912866
Estonia,2022,1A1C,ABFLOW011,Oil,71.5290241912866,,71.5290241912866
Estonia,2022,1A2,ABFLOW012,Coal,,,0.0
Estonia,2022,1A2,ABFLOW012,Natural gas,,,0.0
Estonia,2022,1A2,ABFLOW012,Oil,,,0.0
Estonia,2022,1A2A,ABFLOW016,Coal,71.5290241912866,0.19638421928805042,71.72540841057464
Estonia,2022,1A2A,ABFLOW016,Natural gas,71.5290241912866,0.19638421928805042,71.72540841057464
Estonia,2022,1A2A,ABFLOW016,Oil,71.5290241912866,0.19638421928805042,71.72540841057464
Estonia,2022,1A2B,ABFLOW018,Coal,79.476693545874,1.963842192880504,81.4405357387545
Estonia,2022,1A2B,ABFLOW018,Natural gas,79.476693545874,1.963842192880504,81.4405357387545
Estonia,2022,1A2B,ABFLOW018,Oil,79.476693545874,1.963842192880504,81.4405357387545
Estonia,2022,1A2C,ABFLOW017,Coal,71.5290241912866,0.19638421928805042,71.72540841057464
Estonia,2022,1A2C,ABFLOW017,Natural gas,71.5290241912866,0.19638421928805042,71.72540841057464
Estonia,2022,1A2C,ABFLOW017,Oil,71.5290241912866,0.19638421928805042,71.72540841057464
Estonia,2022,1A2D,ABFLOW023,Coal,71.5290241912866,0.19638421928805042,71.72540841057464
Estonia,2022,1A2D,ABFLOW023,Natural gas,71.5290241912866,0.19638421928805042,71.72540841057464
Estonia,2022,1A2D,ABFLOW023,Oil,71.5290241912866,0.19638421928805042,71.72540841057464
Estonia,2022,1A2E,ABFLOW022,Coal,71.5290241912866,0.19638421928805042,71.72540841057464
Estonia,2022,1A2E,ABFLOW022,Natural gas,71.5290241912866,0.19638421928805042,71.72540841057464
Estonia,2022,1A2E,ABFLOW022,Oil,71.5290241912866,0.19638421928805042,71.72540841057464
Estonia,2022,1A2F,ABFLOW019,Coal,71.5290241912866,0.19638421928805042,71.72540841057464
Estonia,2022,1A2F,ABFLOW019,Natural gas,71.5290241912866,0.19638421928805042,71.72540841057464
Estonia,2022,1A2F,ABFLOW019,Oil,71.5290241912866,0.19638421928805042,71.72540841057464
Estonia,2022,1A2G,ABFLOW020,Coal,71.5290241912866,0.19638421928805042,71.72540841057464
Estonia,2022,1A2G,ABFLOW020,Natural gas,71.5290241912866,0.19638421928805042,71.72540841057464
Estonia,2022,1A2G,ABFLOW020,Oil,71.5290241912866,0.19638421928805042,71.72540841057464
Estonia,2022,1A2H,ABFLOW021,Coal,71.5290241912866,0.19638421928805042,71.72540841057464
Estonia,2022,1A2H,ABFLOW021,Natural gas,71.5290241912866,0.19638421928805042,71.72540841057464
Estonia,2022,1A2H,ABFLOW021,Oil,71.5290241912866,0.19638421928805042,71.72540841057464
Estonia,2022,1A2I,ABFLOW013,Coal,71.5290241912866,0.19638421928805042,71.72540841057464
Estonia,2022,1A2I,ABFLOW013,Natural gas,71.5290241912866,0.19638421928805042,71.72540841057464
Estonia,2022,1A2I,ABFLOW013,Oil,71.5290241912866,0.19638421928805042,71.72540841057464
Estonia,2022,1A2J,ABFLOW024,Coal,71.5290241912866,0.19638421928805042,71.72540841057464
Estonia,2022,1A2J,ABFLOW024,Natural gas,71.5290241912866,0.19638421928805042,71.72540841057464
Estonia,2022,1A2J,ABFLOW024,Oil,71.5290241912866,0.19638421928805042,71.72540841057464
Estonia,2022,1A2K,ABFLOW014,Coal,71.5290241912866,0.19638421928805042,71.72540841057464
Estonia,2022,1A2K,ABFLOW014,Natural gas,71.5290241912866,0.19638421928805042,71.72540841057464
Estonia,2022,1A2K,ABFLOW014,Oil,71.5290241912866,0.19638421928805042,71.72540841057464
Estonia,2022,1A2L,ABFLOW025,Coal,71.5290241912866,0.19638421928805042,71.72540841057464
Estonia,2022,1A2L,ABFLOW025,Natural gas,71.5290241912866,0.19638421928805042,71.72540841057464
Estonia,2022,1A2L,ABFLOW025,Oil,71.5290241912866,0.19638421928805042,71.72540841057464
Estonia,2022,1A2M,ABFLOW026,Coal,71.5290241912866,0.19638421928805042,71.72540841057464
Estonia,2022,1A2M,ABFLOW026,Natural gas,71.5290241912866,0.19638421928805042,71.72540841057464
Estonia,2022,1A2M,ABFLOW026,Oil,71.5290241912866,0.19638421928805042,71.72540841057464
Estonia,2022,1A3,ABFLOW027,Coal,,,0.0
Estonia,2022,1A3,ABFLOW027,Natural gas,,,0.0
Estonia,2022,1A3,ABFLOW027,Oil,,,0.0
Estonia,2022,1A3A1,ABFLOW040,Coal,40.53311370839574,,40.53311370839574
Estonia,2022,1A3A1,ABFLOW040,Natural gas,40.53311370839574,,40.53311370839574
Estonia,2022,1A3A1,ABFLOW040,Oil,40.53311370839574,,40.53311370839574
Estonia,2022,1A3A2,ABFLOW029,Coal,79.476693545874,,79.476693545874
Estonia,2022,1A3A2,ABFLOW029,Natural gas,79.476693545874,,79.476693545874
Estonia,2022,1A3A2,ABFLOW029,Oil,79.476693545874,,79.476693545874
Estonia,2022,1A3B,ABFLOW028,Coal,,,0.0
Estonia,2022,1A3B,ABFLOW028,Natural gas,,,0.0
Estonia,2022,1A3B,ABFLOW028,Oil,,,0.0
Estonia,2022,1A3C,ABFLOW030,Coal,,,0.0
Estonia,2022,1A3C,ABFLOW030,Natural gas,,,0.0
Estonia,2022,1A3C,ABFLOW030,Oil,,,0.0
Estonia,2022,1A3D1,ABFLOW039,Coal,,,0.0
Estonia,2022,1A3D1,ABFLOW039,Natural gas,,,0.0
Estonia,2022,1A3D1,ABFLOW039,Oil,,,0.0
Estonia,2022,1A3D2,ABFLOW032,Coal,,,0.0
Estonia,2022,1A3D2,ABFLOW032,Natural gas,,,0.0
Estonia,2022,1A3D2,ABFLOW032,Oil,,,0.0
Estonia,2022,1A3E1,ABFLOW033,Coal,,,0.0
Estonia,2022,1A3E1,ABFLOW033,Natural gas,,,0.0
Estonia,2022,1A3E1,ABFLOW033,Oil,,,0.0
Estonia,2022,1A4A,ABFLOW035,Coal,,,0.0
Estonia,2022,1A4A,ABFLOW035,Natural gas,,,0.0
Estonia,2022,1A4A,ABFLOW035,Oil,,,0.0
Estonia,2022,1A4B,ABFLOW034,Coal,,,0.0
Estonia,2022,1A4B,ABFLOW034,Natural gas,,,0.0
Estonia,2022,1A4B,ABFLOW034,Oil,,,0.0
Estonia,2022,1A4C1,ABFLOW036,Coal,,,0.0
Estonia,2022,1A4C1,ABFLOW036,Natural gas,,,0.0
Estonia,2022,1A4C1,ABFLOW036,Oil,,,0.0
Estonia,2022,1A4C2,ABFLOW037,Coal,,,0.0
Estonia,2022,1A4C2,ABFLOW037,Natural gas,,,0.0
Estonia,2022,1A4C2,ABFLOW037,Oil,,,0.0
Estonia,2022,1A5,ABFLOW038,Coal,,,0.0
Estonia,2022,1A5,ABFLOW038,Natural gas,,,0.0
Estonia,2022,1A5,ABFLOW038,Oil,,,0.0
Estonia,2023,1A,ABFLOW001,Coal,,,0.0
Estonia,2023,1A,ABFLOW001,Natural gas,,,0.0
Estonia,2023,1A,ABFLOW001,Oil,,,0.0
Estonia,2023,1A1A,ABFLOW002,Coal,,,0.0
Estonia,2023,1A1A,ABFLOW002,Natural gas,,,0.0
Estonia,2023,1A1A,ABFLOW002,Oil,,,0.0
Estonia,2023,1A1A1,ABFLOW003,Coal,68.55241527908083,0.1817450496542348,68.73416032873507
Estonia,2023,1A1A1,ABFLOW003,Natural gas,68.55241527908083,0.1817450496542348,68.73416032873507
Estonia,2023,1A1A1,ABFLOW003,Oil,68.55241527908083,0.1817450496542348,68.73416032873507
Estonia,2023,1A1A2,ABFLOW004,Coal,68.55241527908083,0.1817450496542348,68.73416032873507
Estonia,2023,1A1A2,ABFLOW004,Natural gas,68.55241527908083,0.1817450496542348,68.73416032873507
Estonia,2023,1A1A2,ABFLOW004,Oil,68.55241527908083,0.1817450496542348,68.73416032873507
Estonia,2023,1A1A3,ABFLOW005,Coal,68.55241527908083,0.1817450496542348,68.73416032873507
Estonia,2023,1A1A3,ABFLOW005,Natural gas,68.55241527908083,0.1817450496542348,68.73416032873507
Estonia,2023,1A1A3,ABFLOW005,Oil,68.55241527908083,0.1817450496542348,68.73416032873507
Estonia,2023,1A1B,ABFLOW011,Coal,68.55241527908083,,68.55241527908083
Estonia,2023,1A1B,ABFLOW011,Natural gas,68.55241527908083,,68.55241527908083
Estonia,2023,1A1B,ABFLOW011,Oil,68.55241527908083,,68.55241527908083
Estonia,2023,1A1C,ABFLOW011,Coal,68.55241527908083,,68.55241527908083
Estonia,2023,1A1C,ABFLOW011,Natural gas,68.55241527908083,,68.55241527908083
Estonia,2023,1A1C,ABFLOW011,Oil,68.55241527908083,,68.55241527908083
Estonia,2023,1A2,ABFLOW012,Coal,,,0.0
Estonia,2023,1A2,ABFLOW012,Natural gas,,,0.0
Estonia,2023,1A2,ABFLOW012,Oil,,,0.0
Estonia,2023,1A2A,ABFLOW016,Coal,68.55241527908083,0.1817450496542348,68.73416032873507
Estonia,2023,1A2A,ABFLOW016,Natural gas,68.55241527908083,0.1817450496542348,68.73416032873507
Estonia,2023,1A2A,ABFLOW016,Oil,68.55241527908083,0.1817450496542348,68.73416032873507
Estonia,2023,1A2B,ABFLOW018,Coal,76.16935031008981,1.817450496542348,77.98680080663216
Estonia,2023,1A2B,ABFLOW018,Natural gas,76.16935031008981,1.817450496542348,77.98680080663216
Estonia,2023,1A2B,ABFLOW018,Oil,76.16935031008981,1.817450496542348,77.98680080663216
Estonia,2023,1A2C,ABFLOW017,Coal,68.55241527908083,0.1817450496542348,68.73416032873507
Estonia,2023,1A2C,ABFLOW017,Natural gas,68.55241527908083,0.1817450496542348,68.73416032873507
Estonia,2023,1A2C,ABFLOW017,Oil,68.55241527908083,0.1817450496542348,68.73416032873507
Estonia,2023,1A2D,ABFLOW023,Coal,68.55241527908083,0.1817450496542348,68.73416032873507
Estonia,2023,1A2D,ABFLOW023,Natural gas,68.55241527908083,0.1817450496542348,68.73416032873507
Estonia,2023,1A2D,ABFLOW023,Oil,68.55241527908083,0.1817450496542348,68.73416032873507
Estonia,2023,1A2E,ABFLOW022,Coal,68.55241527908083,0.1817450496542348,68.73416032873507
Estonia,2023,1A2E,ABFLOW022,Natural gas,68.55241527908083,0.1817450496542348,68.73416032873507
Estonia,2023,1A2E,ABFLOW022,Oil,68.55241527908083,0.1817450496542348,68.73416032873507
Estonia,2023,1A2F,ABFLOW019,Coal,68.55241527908083,0.1817450496542348,68.73416032873507
Estonia,2023,1A2F,ABFLOW019,Natural gas,68.55241527908083,0.1817450496542348,68.73416032873507
Estonia,2023,1A2F,ABFLOW019,Oil,68.55241527908083,0.1817450496542348,68.73416032873507
Estonia,2023,1A2G,ABFLOW020,Coal,68.55241527908083,0.1817450496542348,68.73416032873507
Estonia,2023,1A2G,ABFLOW020,Natural gas,68.55241527908083,0.1817450496542348,68.73416032873507
Estonia,2023,1A2G,ABFLOW020,Oil,68.55241527908083,0.1817450496542348,68.73416032873507
Estonia,2023,1A2H,ABFLOW021,Coal,68.55241527908083,0.1817450496542348,68.73416032873507
Estonia,2023,1A2H,ABFLOW021,Natural gas,68.55241527908083,0.1817450496542348,68.73416032873507
Estonia,2023,1A2H,ABFLOW021,Oil,68.55241527908083,0.1817450496542348,68.73416032873507
Estonia,2023,1A2I,ABFLOW013,Coal,68.55241527908083,0.1817450496542348,68.73416032873507
Estonia,2023,1A2I,ABFLOW013,Natural gas,68.55241527908083,0.1817450496542348,68.73416032873507
Estonia,2023,1A2I,ABFLOW013,Oil,68.55241527908083,0.1817450496542348,68.73416032873507
Estonia,2023,1A2J,ABFLOW024,Coal,68.55241527908083,0.1817450496542348,68.73416032873507
Estonia,2023,1A2J,ABFLOW024,Natural gas,68.55241527908083,0.1817450496542348,68.73416032873507
Estonia,2023,1A2J,ABFLOW024,Oil,68.55241527908083,0.1817450496542348,68.73416032873507
Estonia,2023,1A2K,ABFLOW014,Coal,68.55241527908083,0.1817450496542348,68.73416032873507
Estonia,2023,1A2K,ABFLOW014,Natural gas,68.55241527908083,0.1817450496542348,68.73416032873507
Estonia,2023,1A2K,ABFLOW014,Oil,68.55241527908083,0.1817450496542348,68.73416032873507
Estonia,2023,1A2L,ABFLOW025,Coal,68.55241527908083,0.1817450496542348,68.73416032873507
Estonia,2023,1A2L,ABFLOW025,Natural gas,68.55241527908083,0.1817450496542348,68.73416032873507
Estonia,2023,1A2L,ABFLOW025,Oil,68.55241527908083,0.1817450496542348,68.73416032873507
Estonia,2023,1A2M,ABFLOW026,Coal,68.55241527908083,0.1817450496542348,68.73416032873507
Estonia,2023,1A2M,ABFLOW026,Natural gas,68.55241527908083,0.1817450496542348,68.73416032873507
Estonia,2023,1A2M,ABFLOW026,Oil,68.55241527908083,0.1817450496542348,68.73416032873507
Estonia,2023,1A3,ABFLOW027,Coal,,,0.0
Estonia,2023,1A3,ABFLOW027,Natural gas,,,0.0
Estonia,2023,1A3,ABFLOW027,Oil,,,0.0
Estonia,2023,1A3A1,ABFLOW040,Coal,38.846368658145806,,38.846368658145806
Estonia,2023,1A3A1,ABFLOW040,Natural gas,38.846368658145806,,38.846368658145806
Estonia,2023,1A3A1,ABFLOW040,Oil,38.846368658145806,,38.846368658145806
Estonia,2023,1A3A2,ABFLOW029,Coal,76.16935031008981,,76.16935031008981
Estonia,2023,1A3A2,ABFLOW029,Natural gas,76.16935031008981,,76.16935031008981
Estonia,2023,1A3A2,ABFLOW029,Oil,76.16935031008981,,76.16935031008981
Estonia,2023,1A3B,ABFLOW028,Coal,,,0.0
Estonia,2023,1A3B,ABFLOW028,Natural gas,,,0.0
Estonia,2023,1A3B,ABFLOW028,Oil,,,0.0
Estonia,2023,1A3C,ABFLOW030,Coal,,,0.0
Estonia,2023,1A3C,ABFLOW030,Natural gas,,,0.0
Estonia,2023,1A3C,ABFLOW030,Oil,,,0.0
Estonia,2023,1A3D1,ABFLOW039,Coal,,,0.0
Estonia,2023,1A3D1,ABFLOW039,Natural gas,,,0.0
Estonia,2023,1A3D1,ABFLOW039,Oil,,,0.0
Estonia,2023,1A3D2,ABFLOW032,Coal,,,0.0
Estonia,2023,1A3D2,ABFLOW032,Natural gas,,,0.0
Estonia,2023,1A3D2,ABFLOW032,Oil,,,0.0
Estonia,2023,1A3E1,ABFLOW033,Coal,,,0.0
Estonia,2023,1A3E1,ABFLOW033,Natural gas,,,0.0
Estonia,2023,1A3E1,ABFLOW033,Oil,,,0.0
Estonia,2023,1A4A,ABFLOW035,Coal,,,0.0
Estonia,2023,1A4A,ABFLOW035,Natural gas,,,0.0
Estonia,2023,1A4A,ABFLOW035,Oil,,,0.0
Estonia,2023,1A4B,ABFLOW034,Coal,,,0.0
Estonia,2023,1A4B,ABFLOW034,Natural gas,,,0.0
Estonia,2023,1A4B,ABFLOW034,Oil,,,0.0
Estonia,2023,1A4C1,ABFLOW036,Coal,,,0.0
Estonia,2023,1A4C1,ABFLOW036,Natural gas,,,0.0
Estonia,2023,1A4C1,ABFLOW036,Oil,,,0.0
Estonia,2023,1A4C2,ABFLOW037,Coal,,,0.0
Estonia,2023,1A4C2,ABFLOW037,Natural gas,,,0.0
Estonia,2023,1A4C2,ABFLOW037,Oil,,,0.0
Estonia,2023,1A5,ABFLOW038,Coal,,,0.0
Estonia,2023,1A5,ABFLOW038,Natural gas,,,0.0
Estonia,2023,1A5,ABFLOW038,Oil,,,0.0
Estonia,2024,1A,ABFLOW001,Coal,,,0.0
Estonia,2024,1A,ABFLOW001,Natural gas,,,0.0
Estonia,2024,1A,ABFLOW001,Oil,,,0.0
Estonia,2024,1A1A,ABFLOW002,Coal,,,0.0
Estonia,2024,1A1A,ABFLOW002,Natural gas,,,0.0
Estonia,2024,1A1A,ABFLOW002,Oil,,,0.0
Estonia,2024,1A1A1,ABFLOW003,Coal,53.07046322428484,0.1817450496542348,53.252208273939075
Estonia,2024,1A1A1,ABFLOW003,Natural gas,53.07046322428484,0.1817450496542348,53.252208273939075
Estonia,2024,1A1A1,ABFLOW003,Oil,53.07046322428484,0.1817450496542348,53.252208273939075
Estonia,2024,1A1A2,ABFLOW004,Coal,53.07046322428484,0.1817450496542348,53.252208273939075
Estonia,2024,1A1A2,ABFLOW004,Natural gas,53.07046322428484,0.1817450496542348,53.252208273939075
Estonia,2024,1A1A2,ABFLOW004,Oil,53.07046322428484,0.1817450496542348,53.252208273939075
Estonia,2024,1A1A3,ABFLOW005,Coal,53.07046322428484,0.1817450496542348,53.252208273939075
Estonia,2024,1A1A3,ABFLOW005,Natural gas,53.07046322428484,0.1817450496542348,53.252208273939075
Estonia,2024,1A1A3,ABFLOW005,Oil,53.07046322428484,0.1817450496542348,53.252208273939075
Estonia,2024,1A1B,ABFLOW011,Coal,53.07046322428484,,53.07046322428484
Estonia,2024,1A1B,ABFLOW011,Natural gas,53.07046322428484,,53.07046322428484
Estonia,2024,1A1B,ABFLOW011,Oil,53.07046322428484,,53.07046322428484
Estonia,2024,1A1C,ABFLOW011,Coal,53.07046322428484,,53.07046322428484
Estonia,2024,1A1C,ABFLOW011,Natural gas,53.07046322428484,,53.07046322428484
Estonia,2024,1A1C,ABFLOW011,Oil,53.07046322428484,,53.07046322428484
Estonia,2024,1A2,ABFLOW012,Coal,,,0.0
Estonia,2024,1A2,ABFLOW012,Natural gas,,,0.0
Estonia,2024,1A2,ABFLOW012,Oil,,,0.0
Estonia,2024,1A2A,ABFLOW016,Coal,53.07046322428484,0.1817450496542348,53.252208273939075
Estonia,2024,1A2A,ABFLOW016,Natural gas,53.07046322428484,0.1817450496542348,53.252208273939075
Estonia,2024,1A2A,ABFLOW016,Oil,53.07046322428484,0.1817450496542348,53.252208273939075
Estonia,2024,1A2B,ABFLOW018,Coal,58.96718136031649,1.817450496542348,60.78463185685884
Estonia,2024,1A2B,ABFLOW018,Natural gas,58.96718136031649,1.817450496542348,60.78463185685884
Estonia,2024,1A2B,ABFLOW018,Oil,58.96718136031649,1.817450496542348,60.78463185685884
Estonia,2024,1A2C,ABFLOW017,Coal,53.07046322428484,0.1817450496542348,53.252208273939075
Estonia,2024,1A2C,ABFLOW017,Natural gas,53.07046322428484,0.1817450496542348,53.252208273939075
Estonia,2024,1A2C,ABFLOW017,Oil,53.07046322428484,0.1817450496542348,53.252208273939075
Estonia,2024,1A2D,ABFLOW023,Coal,53.07046322428484,0.1817450496542348,53.252208273939075
Estonia,2024,1A2D,ABFLOW023,Natural gas,53.07046322428484,0.1817450496542348,53.252208273939075
Estonia,2024,1A2D,ABFLOW023,Oil,53.07046322428484,0.1817450496542348,53.252208273939075
Estonia,2024,1A2E,ABFLOW022,Coal,53.07046322428484,0.1817450496542348,53.252208273939075
Estonia,2024,1A2E,ABFLOW022,Natural gas,53.07046322428484,0.1817450496542348,53.252208273939075
Estonia,2024,1A2E,ABFLOW022,Oil,53.07046322428484,0.1817450496542348,53.252208273939075
Estonia,2024,1A2F,ABFLOW019,Coal,53.07046322428484,0.1817450496542348,53.252208273939075
Estonia,2024,1A2F,ABFLOW019,Natural gas,53.07046322428484,0.1817450496542348,53.252208273939075
Estonia,2024,1A2F,ABFLOW019,Oil,53.07046322428484,0.1817450496542348,53.252208273939075
Estonia,2024,1A2G,ABFLOW020,Coal,53.07046322428484,0.1817450496542348,53.252208273939075
Estonia,2024,1A2G,ABFLOW020,Natural gas,53.07046322428484,0.1817450496542348,53.252208273939075
Estonia,2024,1A2G,ABFLOW020,Oil,53.07046322428484,0.1817450496542348,53.252208273939075
Estonia,2024,1A2H,ABFLOW021,Coal,53.07046322428484,0.1817450496542348,53.252208273939075
Estonia,2024,1A2H,ABFLOW021,Natural gas,53.07046322428484,0.1817450496542348,53.252208273939075
Estonia,2024,1A2H,ABFLOW021,Oil,53.07046322428484,0.1817450496542348,53.252208273939075
Estonia,2024,1A2I,ABFLOW013,Coal,53.07046322428484,0.1817450496542348,53.252208273939075
Estonia,2024,1A2I,ABFLOW013,Natural gas,53.07046322428484,0.1817450496542348,53.252208273939075
Estonia,2024,1A2I,ABFLOW013,Oil,53.07046322428484,0.1817450496542348,53.252208273939075
Estonia,2024,1A2J,ABFLOW024,Coal,53.07046322428484,0.1817450496542348,53.252208273939075
Estonia,2024,1A2J,ABFLOW024,Natural gas,53.07046322428484,0.1817450496542348,53.252208273939075
Estonia,2024,1A2J,ABFLOW024,Oil,53.07046322428484,0.1817450496542348,53.252208273939075
Estonia,2024,1A2K,ABFLOW014,Coal,53.07046322428484,0.1817450496542348,53.252208273939075
Estonia,2024,1A2K,ABFLOW014,Natural gas,53.07046322428484,0.1817450496542348,53.252208273939075
Estonia,2024,1A2K,ABFLOW014,Oil,53.07046322428484,0.1817450496542348,53.252208273939075
Estonia,2024,1A2L,ABFLOW025,Coal,53.07046322428484,0.1817450496542348,53.252208273939075
Estonia,2024,1A2L,ABFLOW025,Natural gas,53.07046322428484,0.1817450496542348,53.252208273939075
Estonia,2024,1A2L,ABFLOW025,Oil,53.07046322428484,0.1817450496542348,53.252208273939075
Estonia,2024,1A2M,ABFLOW026,Coal,53.07046322428484,0.1817450496542348,53.252208273939075
Estonia,2024,1A2M,ABFLOW026,Natural gas,53.07046322428484,0.1817450496542348,53.252208273939075
Estonia,2024,1A2M,ABFLOW026,Oil,53.07046322428484,0.1817450496542348,53.252208273939075
Estonia,2024,1A3,ABFLOW027,Coal,,,0.0
Estonia,2024,1A3,ABFLOW027,Natural gas,,,0.0
Estonia,2024,1A3,ABFLOW027,Oil,,,0.0
Estonia,2024,1A3A1,ABFLOW040,Coal,30.07326249376141,,30.07326249376141
Estonia,2024,1A3A1,ABFLOW040,Natural gas,30.07326249376141,,30.07326249376141
Estonia,2024,1A3A1,ABFLOW040,Oil,30.07326249376141,,30.07326249376141
Estonia,2024,1A3A2,ABFLOW029,Coal,58.96718136031649,,58.96718136031649
Estonia,2024,1A3A2,ABFLOW029,Natural gas,58.96718136031649,,58.96718136031649
Estonia,2024,1A3A2,ABFLOW029,Oil,58.96718136031649,,58.96718136031649
Estonia,2024,1A3B,ABFLOW028,Coal,,,0.0
Estonia,2024,1A3B,ABFLOW028,Natural gas,,,0.0
Estonia,2024,1A3B,ABFLOW028,Oil,,,0.0
Estonia,2024,1A3C,ABFLOW030,Coal,,,0.0
Estonia,2024,1A3C,ABFLOW030,Natural gas,,,0.0
Estonia,2024,1A3C,ABFLOW030,Oil,,,0.0
Estonia,2024,1A3D1,ABFLOW039,Coal,,,0.0
Estonia,2024,1A3D1,ABFLOW039,Natural gas,,,0.0
Estonia,2024,1A3D1,ABFLOW039,Oil,,,0.0
Estonia,2024,1A3D2,ABFLOW032,Coal,58.96718136031649,,58.96718136031649
Estonia,2024,1A3D2,ABFLOW032,Natural gas,58.96718136031649,,58.96718136031649
Estonia,2024,1A3D2,ABFLOW032,Oil,58.96718136031649,,58.96718136031649
Estonia,2024,1A3E1,ABFLOW033,Coal,,,0.0
Estonia,2024,1A3E1,ABFLOW033,Natural gas,,,0.0
Estonia,2024,1A3E1,ABFLOW033,Oil,,,0.0
Estonia,2024,1A4A,ABFLOW035,Coal,,,0.0
Estonia,2024,1A4A,ABFLOW035,Natural gas,,,0.0
Estonia,2024,1A4A,ABFLOW035,Oil,,,0.0
Estonia,2024,1A4B,ABFLOW034,Coal,,,0.0
Estonia,2024,1A4B,ABFLOW034,Natural gas,,,0.0
Estonia,2024,1A4B,ABFLOW034,Oil,,,0.0
Estonia,2024,1A4C1,ABFLOW036,Coal,,,0.0
Estonia,2024,1A4C1,ABFLOW036,Natural gas,,,0.0
Estonia,2024,1A4C1,ABFLOW036,Oil,,,0.0
Estonia,2024,1A4C2,ABFLOW037,Coal,,,0.0
Estonia,2024,1A4C2,ABFLOW037,Natural gas,,,0.0
Estonia,2024,1A4C2,ABFLOW037,Oil,,,0.0
Estonia,2024,1A5,ABFLOW038,Coal,,,0.0
Estonia,2024,1A5,ABFLOW038,Natural gas,,,0.0
Estonia,2024,1A5,ABFLOW038,Oil,,,0.0
Estonia,2025,1A,ABFLOW001,Coal,,,0.0
Estonia,2025,1A,ABFLOW001,Natural gas,,,0.0
Estonia,2025,1A,ABFLOW001,Oil,,,0.0
Estonia,2025,1A1A,ABFLOW002,Coal,,,0.0
Estonia,2025,1A1A,ABFLOW002,Natural gas,,,0.0
Estonia,2025,1A1A,ABFLOW002,Oil,,,0.0
Estonia,2025,1A1A1,ABFLOW003,Coal,65.77353346986757,12.26779085166085,78.04132432152842
Estonia,2025,1A1A1,ABFLOW003,Natural gas,65.77353346986757,12.26779085166085,78.04132432152842
Estonia,2025,1A1A1,ABFLOW003,Oil,65.77353346986757,12.26779085166085,78.04132432152842
Estonia,2025,1A1A2,ABFLOW004,Coal,65.77353346986757,12.26779085166085,78.04132432152842
Estonia,2025,1A1A2,ABFLOW004,Natural gas,65.77353346986757,12.26779085166085,78.04132432152842
Estonia,2025,1A1A2,ABFLOW004,Oil,65.77353346986757,12.26779085166085,78.04132432152842
Estonia,2025,1A1A3,ABFLOW005,Coal,65.77353346986757,12.26779085166085,78.04132432152842
Estonia,2025,1A1A3,ABFLOW005,Natural gas,65.77353346986757,12.26779085166085,78.04132432152842
Estonia,2025,1A1A3,ABFLOW005,Oil,65.77353346986757,12.26779085166085,78.04132432152842
Estonia,2025,1A1B,ABFLOW011,Coal,65.77353346986757,,65.77353346986757
Estonia,2025,1A1B,ABFLOW011,Natural gas,65.77353346986757,,65.77353346986757
Estonia,2025,1A1B,ABFLOW011,Oil,65.77353346986757,,65.77353346986757
Estonia,2025,1A1C,ABFLOW011,Coal,65.77353346986757,,65.77353346986757
Estonia,2025,1A1C,ABFLOW011,Natural gas,65.77353346986757,,65.77353346986757
Estonia,2025,1A1C,ABFLOW011,Oil,65.77353346986757,,65.77353346986757
Estonia,2025,1A2,ABFLOW012,Coal,,,0.0
Estonia,2025,1A2,ABFLOW012,Natural gas,,,0.0
Estonia,2025,1A2,ABFLOW012,Oil,,,0.0
Estonia,2025,1A2A,ABFLOW016,Coal,65.77353346986757,12.26779085166085,78.04132432152842
Estonia,2025,1A2A,ABFLOW016,Natural gas,65.77353346986757,12.26779085166085,78.04132432152842
Estonia,2025,1A2A,ABFLOW016,Oil,65.77353346986757,12.26779085166085,78.04132432152842
Estonia,2025,1A2B,ABFLOW018,Coal,65.77353346986757,12.26779085166085,78.04132432152842
Estonia,2025,1A2B,ABFLOW018,Natural gas,65.77353346986757,12.26779085166085,78.04132432152842
Estonia,2025,1A2B,ABFLOW018,Oil,65.77353346986757,12.26779085166085,78.04132432152842
Estonia,2025,1A2C,ABFLOW017,Coal,65.77353346986757,12.26779085166085,78.04132432152842
Estonia,2025,1A2C,ABFLOW017,Natural gas,65.77353346986757,12.26779085166085,78.04132432152842
Estonia,2025,1A2C,ABFLOW017,Oil,65.77353346986757,12.26779085166085,78.04132432152842
Estonia,2025,1A2D,ABFLOW023,Coal,65.77353346986757,12.26779085166085,78.04132432152842
Estonia,2025,1A2D,ABFLOW023,Natural gas,65.77353346986757,12.26779085166085,78.04132432152842
Estonia,2025,1A2D,ABFLOW023,Oil,65.77353346986757,12.26779085166085,78.04132432152842
Estonia,2025,1A2E,ABFLOW022,Coal,65.77353346986757,12.26779085166085,78.04132432152842
Estonia,2025,1A2E,ABFLOW022,Natural gas,65.77353346986757,12.26779085166085,78.04132432152842
Estonia,2025,1A2E,ABFLOW022,Oil,65.77353346986757,12.26779085166085,78.04132432152842
Estonia,2025,1A2F,ABFLOW019,Coal,65.77353346986757,12.26779085166085,78.04132432152842
Estonia,2025,1A2F,ABFLOW019,Natural gas,65.77353346986757,12.26779085166085,78.04132432152842
Estonia,2025,1A2F,ABFLOW019,Oil,65.77353346986757,12.26779085166085,78.04132432152842
Estonia,2025,1A2G,ABFLOW020,Coal,65.77353346986757,12.26779085166085,78.04132432152842
Estonia,2025,1A2G,ABFLOW020,Natural gas,65.77353346986757,12.26779085166085,78.04132432152842
Estonia,2025,1A2G,ABFLOW020,Oil,65.77353346986757,12.26779085166085,78.04132432152842
Estonia,2025,1A2H,ABFLOW021,Coal,65.77353346986757,12.26779085166085,78.04132432152842
Estonia,2025,1A2H,ABFLOW021,Natural gas,65.77353346986757,12.26779085166085,78.04132432152842
Estonia,2025,1A2H,ABFLOW021,Oil,65.77353346986757,12.26779085166085,78.04132432152842
Estonia,2025,1A2I,ABFLOW013,Coal,65.77353346986757,12.26779085166085,78.04132432152842
Estonia,2025,1A2I,ABFLOW013,Natural gas,65.77353346986757,12.26779085166085,78.04132432152842
Estonia,2025,1A2I,ABFLOW013,Oil,65.77353346986757,12.26779085166085,78.04132432152842
Estonia,2025,1A2J,ABFLOW024,Coal,65.77353346986757,12.26779085166085,78.04132432152842
Estonia,2025,1A2J,ABFLOW024,Natural gas,65.77353346986757,12.26779085166085,78.04132432152842
Estonia,2025,1A2J,ABFLOW024,Oil,65.77353346986757,12.26779085166085,78.04132432152842
Estonia,2025,1A2K,ABFLOW014,Coal,65.77353346986757,12.26779085166085,78.04132432152842
Estonia,2025,1A2K,ABFLOW014,Natural gas,65.77353346986757,12.26779085166085,78.04132432152842
Estonia,2025,1A2K,ABFLOW014,Oil,65.77353346986757,12.26779085166085,78.04132432152842
Estonia,2025,1A2L,ABFLOW025,Coal,65.77353346986757,12.26779085166085,78.04132432152842
Estonia,2025,1A2L,ABFLOW025,Natural gas,65.77353346986757,12.26779085166085,78.04132432152842
Estonia,2025,1A2L,ABFLOW025,Oil,65.77353346986757,12.26779085166085,78.04132432152842
Estonia,2025,1A2M,ABFLOW026,Coal,65.77353346986757,12.26779085166085,78.04132432152842
Estonia,2025,1A2M,ABFLOW026,Natural gas,65.77353346986757,12.26779085166085,78.04132432152842
Estonia,2025,1A2M,ABFLOW026,Oil,65.77353346986757,12.26779085166085,78.04132432152842
Estonia,2025,1A3,ABFLOW027,Coal,,,0.0
Estonia,2025,1A3,ABFLOW027,Natural gas,,,0.0
Estonia,2025,1A3,ABFLOW027,Oil,,,0.0
Estonia,2025,1A3A1,ABFLOW040,Coal,65.77353346986757,,65.77353346986757
Estonia,2025,1A3A1,ABFLOW040,Natural gas,65.77353346986757,,65.77353346986757
Estonia,2025,1A3A1,ABFLOW040,Oil,65.77353346986757,,65.77353346986757
Estonia,2025,1A3A2,ABFLOW029,Coal,65.77353346986757,,65.77353346986757
Estonia,2025,1A3A2,ABFLOW029,Natural gas,65.77353346986757,,65.77353346986757
Estonia,2025,1A3A2,ABFLOW029,Oil,65.77353346986757,,65.77353346986757
Estonia,2025,1A3B,ABFLOW028,Coal,,,0.0
Estonia,2025,1A3B,ABFLOW028,Natural gas,,,0.0
Estonia,2025,1A3B,ABFLOW028,Oil,,,0.0
Estonia,2025,1A3C,ABFLOW030,Coal,,,0.0
Estonia,2025,1A3C,ABFLOW030,Natural gas,,,0.0
Estonia,2025,1A3C,ABFLOW030,Oil,,,0.0
Estonia,2025,1A3D1,ABFLOW039,Coal,,,0.0
Estonia,2025,1A3D1,ABFLOW039,Natural gas,,,0.0
Estonia,2025,1A3D1,ABFLOW039,Oil,,,0.0
Estonia,2025,1A3D2,ABFLOW032,Coal,65.77353346986757,,65.77353346986757
Estonia,2025,1A3D2,ABFLOW032,Natural gas,65.77353346986757,,65.77353346986757
Estonia,2025,1A3D2,ABFLOW032,Oil,65.77353346986757,,65.77353346986757
Estonia,2025,1A3E1,ABFLOW033,Coal,,,0.0
Estonia,2025,1A3E1,ABFLOW033,Natural gas,,,0.0
Estonia,2025,1A3E1,ABFLOW033,Oil,,,0.0
Estonia,2025,1A4A,ABFLOW035,Coal,,,0.0
Estonia,2025,1A4A,ABFLOW035,Natural gas,,,0.0
Estonia,2025,1A4A,ABFLOW035,Oil,,,0.0
Estonia,2025,1A4B,ABFLOW034,Coal,,,0.0
Estonia,2025,1A4B,ABFLOW034,Natural gas,,,0.0
Estonia,2025,1A4B,ABFLOW034,Oil,,,0.0
Estonia,2025,1A4C1,ABFLOW036,Coal,,,0.0
Estonia,2025,1A4C1,ABFLOW036,Natural gas,,,0.0
Estonia,2025,1A4C1,ABFLOW036,Oil,,,0.0
Estonia,2025,1A4C2,ABFLOW037,Coal,,,0.0
Estonia,2025,1A4C2,ABFLOW037,Natural gas,,,0.0
Estonia,2025,1A4C2,ABFLOW037,Oil,,,0.0
Estonia,2025,1A5,ABFLOW038,Coal,,,0.0
Estonia,2025,1A5,ABFLOW038,Natural gas,,,0.0
Estonia,2025,1A5,ABFLOW038,Oil,,,0.0
