jurisdiction,year,ipcc_code,iea_code,Product,ets_price_usd_k,tax_rate_incl_ex_usd_k,all_inst_usd_k
United Kingdom,1989,1A,ABFLOW001,Coal,,,0.0
United Kingdom,1989,1A,ABFLOW001,Natural gas,,,0.0
United Kingdom,1989,1A,ABFLOW001,Oil,,,0.0
United Kingdom,1989,1A1A,ABFLOW002,Coal,,,0.0
United Kingdom,1989,1A1A,ABFLOW002,Natural gas,,,0.0
United Kingdom,1989,1A1A,ABFLOW002,Oil,,,0.0
United Kingdom,1989,1A1A1,ABFLOW003,Coal,,,0.0
United Kingdom,1989,1A1A1,ABFLOW003,Natural gas,,,0.0
United Kingdom,1989,1A1A1,ABFLOW003,Oil,,,0.0
United Kingdom,1989,1A1A2,ABFLOW004,Coal,,,0.0
United Kingdom,1989,1A1A2,ABFLOW004,Natural gas,,,0.0
United Kingdom,1989,1A1A2,ABFLOW004,Oil,,,0.0
United Kingdom,1989,1A1A3,ABFLOW005,Coal,,,0.0
United Kingdom,1989,1A1A3,ABFLOW005,Natural gas,,,0.0
United Kingdom,1989,1A1A3,ABFLOW005,Oil,,,0.0
United Kingdom,1989,1A1B,ABFLOW011,Coal,,,0.0
United Kingdom,1989,1A1B,ABFLOW011,Natural gas,,,0.0
United Kingdom,1989,1A1B,ABFLOW011,Oil,,,0.0
United Kingdom,1989,1A1C,ABFLOW011,Coal,,,0.0
United Kingdom,1989,1A1C,ABFLOW011,Natural gas,,,0.0
United Kingdom,1989,1A1C,ABFLOW011,Oil,,,0.0
United Kingdom,1989,1A2,ABFLOW012,Coal,,,0.0
United Kingdom,1989,1A2,ABFLOW012,Natural gas,,,0.0
United Kingdom,1989,1A2,ABFLOW012,Oil,,,0.0
United Kingdom,1989,1A2A,ABFLOW016,Coal,,,0.0
United Kingdom,1989,1A2A,ABFLOW016,Natural gas,,,0.0
United Kingdom,1989,1A2A,ABFLOW016,Oil,,,0.0
United Kingdom,1989,1A2B,ABFLOW018,Coal,,,0.0
United Kingdom,1989,1A2B,ABFLOW018,Natural gas,,,0.0
United Kingdom,1989,1A2B,ABFLOW018,Oil,,,0.0
United Kingdom,1989,1A2C,ABFLOW017,Coal,,,0.0
United Kingdom,1989,1A2C,ABFLOW017,Natural gas,,,0.0
United Kingdom,1989,1A2C,ABFLOW017,Oil,,,0.0
United Kingdom,1989,1A2D,ABFLOW023,Coal,,,0.0
United Kingdom,1989,1A2D,ABFLOW023,Natural gas,,,0.0
United Kingdom,1989,1A2D,ABFLOW023,Oil,,,0.0
United Kingdom,1989,1A2E,ABFLOW022,Coal,,,0.0
United Kingdom,1989,1A2E,ABFLOW022,Natural gas,,,0.0
United Kingdom,1989,1A2E,ABFLOW022,Oil,,,0.0
United Kingdom,1989,1A2F,ABFLOW019,Coal,,,0.0
United Kingdom,1989,1A2F,ABFLOW019,Natural gas,,,0.0
United Kingdom,1989,1A2F,ABFLOW019,Oil,,,0.0
United Kingdom,1989,1A2G,ABFLOW020,Coal,,,0.0
United Kingdom,1989,1A2G,ABFLOW020,Natural gas,,,0.0
United Kingdom,1989,1A2G,ABFLOW020,Oil,,,0.0
United Kingdom,1989,1A2H,ABFLOW021,Coal,,,0.0
United Kingdom,1989,1A2H,ABFLOW021,Natural gas,,,0.0
United Kingdom,1989,1A2H,ABFLOW021,Oil,,,0.0
United Kingdom,1989,1A2I,ABFLOW013,Coal,,,0.0
United Kingdom,1989,1A2I,ABFLOW013,Natural gas,,,0.0
United Kingdom,1989,1A2I,ABFLOW013,Oil,,,0.0
United Kingdom,1989,1A2J,ABFLOW024,Coal,,,0.0
United Kingdom,1989,1A2J,ABFLOW024,Natural gas,,,0.0
United Kingdom,1989,1A2J,ABFLOW024,Oil,,,0.0
United Kingdom,1989,1A2K,ABFLOW014,Coal,,,0.0
United Kingdom,1989,1A2K,ABFLOW014,Natural gas,,,0.0
United Kingdom,1989,1A2K,ABFLOW014,Oil,,,0.0
United Kingdom,1989,1A2L,ABFLOW025,Coal,,,0.0
United Kingdom,1989,1A2L,ABFLOW025,Natural gas,,,0.0
United Kingdom,1989,1A2L,ABFLOW025,Oil,,,0.0
United Kingdom,1989,1A2M,ABFLOW026,Coal,,,0.0
United Kingdom,1989,1A2M,ABFLOW026,Natural gas,,,0.0
United Kingdom,1989,1A2M,ABFLOW026,Oil,,,0.0
United Kingdom,1989,1A3,ABFLOW027,Coal,,,0.0
United Kingdom,1989,1A3,ABFLOW027,Natural gas,,,0.0
United Kingdom,1989,1A3,ABFLOW027,Oil,,,0.0
United Kingdom,1989,1A3A1,ABFLOW040,Coal,,,0.0
United Kingdom,1989,1A3A1,ABFLOW040,Natural gas,,,0.0
United Kingdom,1989,1A3A1,ABFLOW040,Oil,,,0.0
United Kingdom,1989,1A3A2,ABFLOW029,Coal,,,0.0
United Kingdom,1989,1A3A2,ABFLOW029,Natural gas,,,0.0
United Kingdom,1989,1A3A2,ABFLOW029,Oil,,,0.0
United Kingdom,1989,1A3B,ABFLOW028,Coal,,,0.0
United Kingdom,1989,1A3B,ABFLOW028,Natural gas,,,0.0
United Kingdom,1989,1A3B,ABFLOW028,Oil,,,0.0
United Kingdom,1989,1A3C,ABFLOW030,Coal,,,0.0
United Kingdom,1989,1A3C,ABFLOW030,Natural gas,,,0.0
United Kingdom,1989,1A3C,ABFLOW030,Oil,,,0.0
United Kingdom,1989,1A3D1,ABFLOW039,Coal,,,0.0
United Kingdom,1989,1A3D1,ABFLOW039,Natural gas,,,0.0
United Kingdom,1989,1A3D1,ABFLOW039,Oil,,,0.0
United Kingdom,1989,1A3D2,ABFLOW032,Coal,,,0.0
United Kingdom,1989,1A3D2,ABFLOW032,Natural gas,,,0.0
United Kingdom,1989,1A3D2,ABFLOW032,Oil,,,0.0
United Kingdom,1989,1A3E1,ABFLOW033,Coal,,,0.0
United Kingdom,1989,1A3E1,ABFLOW033,Natural gas,,,0.0
United Kingdom,1989,1A3E1,ABFLOW033,Oil,,,0.0
United Kingdom,1989,1A4A,ABFLOW035,Coal,,,0.0
United Kingdom,1989,1A4A,ABFLOW035,Natural gas,,,0.0
United Kingdom,1989,1A4A,ABFLOW035,Oil,,,0.0
United Kingdom,1989,1A4B,ABFLOW034,Coal,,,0.0
United Kingdom,1989,1A4B,ABFLOW034,Natural gas,,,0.0
United Kingdom,1989,1A4B,ABFLOW034,Oil,,,0.0
United Kingdom,1989,1A4C1,ABFLOW036,Coal,,,0.0
United Kingdom,1989,1A4C1,ABFLOW036,Natural gas,,,0.0
United Kingdom,1989,1A4C1,ABFLOW036,Oil,,,0.0
United Kingdom,1989,1A4C2,ABFLOW037,Coal,,,0.0
United Kingdom,1989,1A4C2,ABFLOW037,Natural gas,,,0.0
United Kingdom,1989,1A4C2,ABFLOW037,Oil,,,0.0
United Kingdom,1989,1A5,ABFLOW038,Coal,,,0.0
United Kingdom,1989,1A5,ABFLOW038,Natural gas,,,0.0
United Kingdom,1989,1A5,ABFLOW038,Oil,,,0.0
United Kingdom,1990,1A,ABFLOW001,Coal,,,0.0
United Kingdom,1990,1A,ABFLOW001,Natural gas,,,0.0
United Kingdom,1990,1A,ABFLOW001,Oil,,,0.0
United Kingdom,1990,1A1A,ABFLOW002,Coal,,,0.0
United Kingdom,1990,1A1A,ABFLOW002,Natural gas,,,0.0
United Kingdom,1990,1A1A,ABFLOW002,Oil,,,0.0
United Kingdom,1990,1A1A1,ABFLOW003,Coal,,,0.0
United Kingdom,1990,1A1A1,ABFLOW003,Natural gas,,,0.0
United Kingdom,1990,1A1A1,ABFLOW003,Oil,,,0.0
United Kingdom,1990,1A1A2,ABFLOW004,Coal,,,0.0
United Kingdom,1990,1A1A2,ABFLOW004,Natural gas,,,0.0
United Kingdom,1990,1A1A2,ABFLOW004,Oil,,,0.0
United Kingdom,1990,1A1A3,ABFLOW005,Coal,,,0.0
United Kingdom,1990,1A1A3,ABFLOW005,Natural gas,,,0.0
United Kingdom,1990,1A1A3,ABFLOW005,Oil,,,0.0
United Kingdom,1990,1A1B,ABFLOW011,Coal,,,0.0
United Kingdom,1990,1A1B,ABFLOW011,Natural gas,,,0.0
United Kingdom,1990,1A1B,ABFLOW011,Oil,,,0.0
United Kingdom,1990,1A1C,ABFLOW011,Coal,,,0.0
United Kingdom,1990,1A1C,ABFLOW011,Natural gas,,,0.0
United Kingdom,1990,1A1C,ABFLOW011,Oil,,,0.0
United Kingdom,1990,1A2,ABFLOW012,Coal,,,0.0
United Kingdom,1990,1A2,ABFLOW012,Natural gas,,,0.0
United Kingdom,1990,1A2,ABFLOW012,Oil,,,0.0
United Kingdom,1990,1A2A,ABFLOW016,Coal,,,0.0
United Kingdom,1990,1A2A,ABFLOW016,Natural gas,,,0.0
United Kingdom,1990,1A2A,ABFLOW016,Oil,,,0.0
United Kingdom,1990,1A2B,ABFLOW018,Coal,,,0.0
United Kingdom,1990,1A2B,ABFLOW018,Natural gas,,,0.0
United Kingdom,1990,1A2B,ABFLOW018,Oil,,,0.0
United Kingdom,1990,1A2C,ABFLOW017,Coal,,,0.0
United Kingdom,1990,1A2C,ABFLOW017,Natural gas,,,0.0
United Kingdom,1990,1A2C,ABFLOW017,Oil,,,0.0
United Kingdom,1990,1A2D,ABFLOW023,Coal,,,0.0
United Kingdom,1990,1A2D,ABFLOW023,Natural gas,,,0.0
United Kingdom,1990,1A2D,ABFLOW023,Oil,,,0.0
United Kingdom,1990,1A2E,ABFLOW022,Coal,,,0.0
United Kingdom,1990,1A2E,ABFLOW022,Natural gas,,,0.0
United Kingdom,1990,1A2E,ABFLOW022,Oil,,,0.0
United Kingdom,1990,1A2F,ABFLOW019,Coal,,,0.0
United Kingdom,1990,1A2F,ABFLOW019,Natural gas,,,0.0
United Kingdom,1990,1A2F,ABFLOW019,Oil,,,0.0
United Kingdom,1990,1A2G,ABFLOW020,Coal,,,0.0
United Kingdom,1990,1A2G,ABFLOW020,Natural gas,,,0.0
United Kingdom,1990,1A2G,ABFLOW020,Oil,,,0.0
United Kingdom,1990,1A2H,ABFLOW021,Coal,,,0.0
United Kingdom,1990,1A2H,ABFLOW021,Natural gas,,,0.0
United Kingdom,1990,1A2H,ABFLOW021,Oil,,,0.0
United Kingdom,1990,1A2I,ABFLOW013,Coal,,,0.0
United Kingdom,1990,1A2I,ABFLOW013,Natural gas,,,0.0
United Kingdom,1990,1A2I,ABFLOW013,Oil,,,0.0
United Kingdom,1990,1A2J,ABFLOW024,Coal,,,0.0
United Kingdom,1990,1A2J,ABFLOW024,Natural gas,,,0.0
United Kingdom,1990,1A2J,ABFLOW024,Oil,,,0.0
United Kingdom,1990,1A2K,ABFLOW014,Coal,,,0.0
United Kingdom,1990,1A2K,ABFLOW014,Natural gas,,,0.0
United Kingdom,1990,1A2K,ABFLOW014,Oil,,,0.0
United Kingdom,1990,1A2L,ABFLOW025,Coal,,,0.0
United Kingdom,1990,1A2L,ABFLOW025,Natural gas,,,0.0
United Kingdom,1990,1A2L,ABFLOW025,Oil,,,0.0
United Kingdom,1990,1A2M,ABFLOW026,Coal,,,0.0
United Kingdom,1990,1A2M,ABFLOW026,Natural gas,,,0.0
United Kingdom,1990,1A2M,ABFLOW026,Oil,,,0.0
United Kingdom,1990,1A3,ABFLOW027,Coal,,,0.0
United Kingdom,1990,1A3,ABFLOW027,Natural gas,,,0.0
United Kingdom,1990,1A3,ABFLOW027,Oil,,,0.0
United Kingdom,1990,1A3A1,ABFLOW040,Coal,,,0.0
United Kingdom,1990,1A3A1,ABFLOW040,Natural gas,,,0.0
United Kingdom,1990,1A3A1,ABFLOW040,Oil,,,0.0
United Kingdom,1990,1A3A2,ABFLOW029,Coal,,,0.0
United Kingdom,1990,1A3A2,ABFLOW029,Natural gas,,,0.0
United Kingdom,1990,1A3A2,ABFLOW029,Oil,,,0.0
United Kingdom,1990,1A3B,ABFLOW028,Coal,,,0.0
United Kingdom,1990,1A3B,ABFLOW028,Natural gas,,,0.0
United Kingdom,1990,1A3B,ABFLOW028,Oil,,,0.0
United Kingdom,1990,1A3C,ABFLOW030,Coal,,,0.0
United Kingdom,1990,1A3C,ABFLOW030,Natural gas,,,0.0
United Kingdom,1990,1A3C,ABFLOW030,Oil,,,0.0
United Kingdom,1990,1A3D1,ABFLOW039,Coal,,,0.0
United Kingdom,1990,1A3D1,ABFLOW039,Natural gas,,,0.0
United Kingdom,1990,1A3D1,ABFLOW039,Oil,,,0.0
United Kingdom,1990,1A3D2,ABFLOW032,Coal,,,0.0
United Kingdom,1990,1A3D2,ABFLOW032,Natural gas,,,0.0
United Kingdom,1990,1A3D2,ABFLOW032,Oil,,,0.0
United Kingdom,1990,1A3E1,ABFLOW033,Coal,,,0.0
United Kingdom,1990,1A3E1,ABFLOW033,Natural gas,,,0.0
United Kingdom,1990,1A3E1,ABFLOW033,Oil,,,0.0
United Kingdom,1990,1A4A,ABFLOW035,Coal,,,0.0
United Kingdom,1990,1A4A,ABFLOW035,Natural gas,,,0.0
United Kingdom,1990,1A4A,ABFLOW035,Oil,,,0.0
United Kingdom,1990,1A4B,ABFLOW034,Coal,,,0.0
United Kingdom,1990,1A4B,ABFLOW034,Natural gas,,,0.0
United Kingdom,1990,1A4B,ABFLOW034,Oil,,,0.0
United Kingdom,1990,1A4C1,ABFLOW036,Coal,,,0.0
United Kingdom,1990,1A4C1,ABFLOW036,Natural gas,,,0.0
United Kingdom,1990,1A4C1,ABFLOW036,Oil,,,0.0
United Kingdom,1990,1A4C2,ABFLOW037,Coal,,,0.0
United Kingdom,1990,1A4C2,ABFLOW037,Natural gas,,,0.0
United Kingdom,1990,1A4C2,ABFLOW037,Oil,,,0.0
United Kingdom,1990,1A5,ABFLOW038,Coal,,,0.0
United Kingdom,1990,1A5,ABFLOW038,Natural gas,,,0.0
United Kingdom,1990,1A5,ABFLOW038,Oil,,,0.0
United Kingdom,1991,1A,ABFLOW001,Coal,,,0.0
United Kingdom,1991,1A,ABFLOW001,Natural gas,,,0.0
United Kingdom,1991,1A,ABFLOW001,Oil,,,0.0
United Kingdom,1991,1A1A,ABFLOW002,Coal,,,0.0
United Kingdom,1991,1A1A,ABFLOW002,Natural gas,,,0.0
United Kingdom,1991,1A1A,ABFLOW002,Oil,,,0.0
United Kingdom,1991,1A1A1,ABFLOW003,Coal,,,0.0
United Kingdom,1991,1A1A1,ABFLOW003,Natural gas,,,0.0
United Kingdom,1991,1A1A1,ABFLOW003,Oil,,,0.0
United Kingdom,1991,1A1A2,ABFLOW004,Coal,,,0.0
United Kingdom,1991,1A1A2,ABFLOW004,Natural gas,,,0.0
United Kingdom,1991,1A1A2,ABFLOW004,Oil,,,0.0
United Kingdom,1991,1A1A3,ABFLOW005,Coal,,,0.0
United Kingdom,1991,1A1A3,ABFLOW005,Natural gas,,,0.0
United Kingdom,1991,1A1A3,ABFLOW005,Oil,,,0.0
United Kingdom,1991,1A1B,ABFLOW011,Coal,,,0.0
United Kingdom,1991,1A1B,ABFLOW011,Natural gas,,,0.0
United Kingdom,1991,1A1B,ABFLOW011,Oil,,,0.0
United Kingdom,1991,1A1C,ABFLOW011,Coal,,,0.0
United Kingdom,1991,1A1C,ABFLOW011,Natural gas,,,0.0
United Kingdom,1991,1A1C,ABFLOW011,Oil,,,0.0
United Kingdom,1991,1A2,ABFLOW012,Coal,,,0.0
United Kingdom,1991,1A2,ABFLOW012,Natural gas,,,0.0
United Kingdom,1991,1A2,ABFLOW012,Oil,,,0.0
United Kingdom,1991,1A2A,ABFLOW016,Coal,,,0.0
United Kingdom,1991,1A2A,ABFLOW016,Natural gas,,,0.0
United Kingdom,1991,1A2A,ABFLOW016,Oil,,,0.0
United Kingdom,1991,1A2B,ABFLOW018,Coal,,,0.0
United Kingdom,1991,1A2B,ABFLOW018,Natural gas,,,0.0
United Kingdom,1991,1A2B,ABFLOW018,Oil,,,0.0
United Kingdom,1991,1A2C,ABFLOW017,Coal,,,0.0
United Kingdom,1991,1A2C,ABFLOW017,Natural gas,,,0.0
United Kingdom,1991,1A2C,ABFLOW017,Oil,,,0.0
United Kingdom,1991,1A2D,ABFLOW023,Coal,,,0.0
United Kingdom,1991,1A2D,ABFLOW023,Natural gas,,,0.0
United Kingdom,1991,1A2D,ABFLOW023,Oil,,,0.0
United Kingdom,1991,1A2E,ABFLOW022,Coal,,,0.0
United Kingdom,1991,1A2E,ABFLOW022,Natural gas,,,0.0
United Kingdom,1991,1A2E,ABFLOW022,Oil,,,0.0
United Kingdom,1991,1A2F,ABFLOW019,Coal,,,0.0
United Kingdom,1991,1A2F,ABFLOW019,Natural gas,,,0.0
United Kingdom,1991,1A2F,ABFLOW019,Oil,,,0.0
United Kingdom,1991,1A2G,ABFLOW020,Coal,,,0.0
United Kingdom,1991,1A2G,ABFLOW020,Natural gas,,,0.0
United Kingdom,1991,1A2G,ABFLOW020,Oil,,,0.0
United Kingdom,1991,1A2H,ABFLOW021,Coal,,,0.0
United Kingdom,1991,1A2H,ABFLOW021,Natural gas,,,0.0
United Kingdom,1991,1A2H,ABFLOW021,Oil,,,0.0
United Kingdom,1991,1A2I,ABFLOW013,Coal,,,0.0
United Kingdom,1991,1A2I,ABFLOW013,Natural gas,,,0.0
United Kingdom,1991,1A2I,ABFLOW013,Oil,,,0.0
United Kingdom,1991,1A2J,ABFLOW024,Coal,,,0.0
United Kingdom,1991,1A2J,ABFLOW024,Natural gas,,,0.0
United Kingdom,1991,1A2J,ABFLOW024,Oil,,,0.0
United Kingdom,1991,1A2K,ABFLOW014,Coal,,,0.0
United Kingdom,1991,1A2K,ABFLOW014,Natural gas,,,0.0
United Kingdom,1991,1A2K,ABFLOW014,Oil,,,0.0
United Kingdom,1991,1A2L,ABFLOW025,Coal,,,0.0
United Kingdom,1991,1A2L,ABFLOW025,Natural gas,,,0.0
United Kingdom,1991,1A2L,ABFLOW025,Oil,,,0.0
United Kingdom,1991,1A2M,ABFLOW026,Coal,,,0.0
United Kingdom,1991,1A2M,ABFLOW026,Natural gas,,,0.0
United Kingdom,1991,1A2M,ABFLOW026,Oil,,,0.0
United Kingdom,1991,1A3,ABFLOW027,Coal,,,0.0
United Kingdom,1991,1A3,ABFLOW027,Natural gas,,,0.0
United Kingdom,1991,1A3,ABFLOW027,Oil,,,0.0
United Kingdom,1991,1A3A1,ABFLOW040,Coal,,,0.0
United Kingdom,1991,1A3A1,ABFLOW040,Natural gas,,,0.0
United Kingdom,1991,1A3A1,ABFLOW040,Oil,,,0.0
United Kingdom,1991,1A3A2,ABFLOW029,Coal,,,0.0
United Kingdom,1991,1A3A2,ABFLOW029,Natural gas,,,0.0
United Kingdom,1991,1A3A2,ABFLOW029,Oil,,,0.0
United Kingdom,1991,1A3B,ABFLOW028,Coal,,,0.0
United Kingdom,1991,1A3B,ABFLOW028,Natural gas,,,0.0
United Kingdom,1991,1A3B,ABFLOW028,Oil,,,0.0
United Kingdom,1991,1A3C,ABFLOW030,Coal,,,0.0
United Kingdom,1991,1A3C,ABFLOW030,Natural gas,,,0.0
United Kingdom,1991,1A3C,ABFLOW030,Oil,,,0.0
United Kingdom,1991,1A3D1,ABFLOW039,Coal,,,0.0
United Kingdom,1991,1A3D1,ABFLOW039,Natural gas,,,0.0
United Kingdom,1991,1A3D1,ABFLOW039,Oil,,,0.0
United Kingdom,1991,1A3D2,ABFLOW032,Coal,,,0.0
United Kingdom,1991,1A3D2,ABFLOW032,Natural gas,,,0.0
United Kingdom,1991,1A3D2,ABFLOW032,Oil,,,0.0
United Kingdom,1991,1A3E1,ABFLOW033,Coal,,,0.0
United Kingdom,1991,1A3E1,ABFLOW033,Natural gas,,,0.0
United Kingdom,1991,1A3E1,ABFLOW033,Oil,,,0.0
United Kingdom,1991,1A4A,ABFLOW035,Coal,,,0.0
United Kingdom,1991,1A4A,ABFLOW035,Natural gas,,,0.0
United Kingdom,1991,1A4A,ABFLOW035,Oil,,,0.0
United Kingdom,1991,1A4B,ABFLOW034,Coal,,,0.0
United Kingdom,1991,1A4B,ABFLOW034,Natural gas,,,0.0
United Kingdom,1991,1A4B,ABFLOW034,Oil,,,0.0
United Kingdom,1991,1A4C1,ABFLOW036,Coal,,,0.0
United Kingdom,1991,1A4C1,ABFLOW036,Natural gas,,,0.0
United Kingdom,1991,1A4C1,ABFLOW036,Oil,,,0.0
United Kingdom,1991,1A4C2,ABFLOW037,Coal,,,0.0
United Kingdom,1991,1A4C2,ABFLOW037,Natural gas,,,0.0
United Kingdom,1991,1A4C2,ABFLOW037,Oil,,,0.0
United Kingdom,1991,1A5,ABFLOW038,Coal,,,0.0
United Kingdom,1991,1A5,ABFLOW038,Natural gas,,,0.0
United Kingdom,1991,1A5,ABFLOW038,Oil,,,0.0
United Kingdom,1992,1A,ABFLOW001,Coal,,,0.0
United Kingdom,1992,1A,ABFLOW001,Natural gas,,,0.0
United Kingdom,1992,1A,ABFLOW001,Oil,,,0.0
United Kingdom,1992,1A1A,ABFLOW002,Coal,,,0.0
United Kingdom,1992,1A1A,ABFLOW002,Natural gas,,,0.0
United Kingdom,1992,1A1A,ABFLOW002,Oil,,,0.0
United Kingdom,1992,1A1A1,ABFLOW003,Coal,,,0.0
United Kingdom,1992,1A1A1,ABFLOW003,Natural gas,,,0.0
United Kingdom,1992,1A1A1,ABFLOW003,Oil,,,0.0
United Kingdom,1992,1A1A2,ABFLOW004,Coal,,,0.0
United Kingdom,1992,1A1A2,ABFLOW004,Natural gas,,,0.0
United Kingdom,1992,1A1A2,ABFLOW004,Oil,,,0.0
United Kingdom,1992,1A1A3,ABFLOW005,Coal,,,0.0
United Kingdom,1992,1A1A3,ABFLOW005,Natural gas,,,0.0
United Kingdom,1992,1A1A3,ABFLOW005,Oil,,,0.0
United Kingdom,1992,1A1B,ABFLOW011,Coal,,,0.0
United Kingdom,1992,1A1B,ABFLOW011,Natural gas,,,0.0
United Kingdom,1992,1A1B,ABFLOW011,Oil,,,0.0
United Kingdom,1992,1A1C,ABFLOW011,Coal,,,0.0
United Kingdom,1992,1A1C,ABFLOW011,Natural gas,,,0.0
United Kingdom,1992,1A1C,ABFLOW011,Oil,,,0.0
United Kingdom,1992,1A2,ABFLOW012,Coal,,,0.0
United Kingdom,1992,1A2,ABFLOW012,Natural gas,,,0.0
United Kingdom,1992,1A2,ABFLOW012,Oil,,,0.0
United Kingdom,1992,1A2A,ABFLOW016,Coal,,,0.0
United Kingdom,1992,1A2A,ABFLOW016,Natural gas,,,0.0
United Kingdom,1992,1A2A,ABFLOW016,Oil,,,0.0
United Kingdom,1992,1A2B,ABFLOW018,Coal,,,0.0
United Kingdom,1992,1A2B,ABFLOW018,Natural gas,,,0.0
United Kingdom,1992,1A2B,ABFLOW018,Oil,,,0.0
United Kingdom,1992,1A2C,ABFLOW017,Coal,,,0.0
United Kingdom,1992,1A2C,ABFLOW017,Natural gas,,,0.0
United Kingdom,1992,1A2C,ABFLOW017,Oil,,,0.0
United Kingdom,1992,1A2D,ABFLOW023,Coal,,,0.0
United Kingdom,1992,1A2D,ABFLOW023,Natural gas,,,0.0
United Kingdom,1992,1A2D,ABFLOW023,Oil,,,0.0
United Kingdom,1992,1A2E,ABFLOW022,Coal,,,0.0
United Kingdom,1992,1A2E,ABFLOW022,Natural gas,,,0.0
United Kingdom,1992,1A2E,ABFLOW022,Oil,,,0.0
United Kingdom,1992,1A2F,ABFLOW019,Coal,,,0.0
United Kingdom,1992,1A2F,ABFLOW019,Natural gas,,,0.0
United Kingdom,1992,1A2F,ABFLOW019,Oil,,,0.0
United Kingdom,1992,1A2G,ABFLOW020,Coal,,,0.0
United Kingdom,1992,1A2G,ABFLOW020,Natural gas,,,0.0
United Kingdom,1992,1A2G,ABFLOW020,Oil,,,0.0
United Kingdom,1992,1A2H,ABFLOW021,Coal,,,0.0
United Kingdom,1992,1A2H,ABFLOW021,Natural gas,,,0.0
United Kingdom,1992,1A2H,ABFLOW021,Oil,,,0.0
United Kingdom,1992,1A2I,ABFLOW013,Coal,,,0.0
United Kingdom,1992,1A2I,ABFLOW013,Natural gas,,,0.0
United Kingdom,1992,1A2I,ABFLOW013,Oil,,,0.0
United Kingdom,1992,1A2J,ABFLOW024,Coal,,,0.0
United Kingdom,1992,1A2J,ABFLOW024,Natural gas,,,0.0
United Kingdom,1992,1A2J,ABFLOW024,Oil,,,0.0
United Kingdom,1992,1A2K,ABFLOW014,Coal,,,0.0
United Kingdom,1992,1A2K,ABFLOW014,Natural gas,,,0.0
United Kingdom,1992,1A2K,ABFLOW014,Oil,,,0.0
United Kingdom,1992,1A2L,ABFLOW025,Coal,,,0.0
United Kingdom,1992,1A2L,ABFLOW025,Natural gas,,,0.0
United Kingdom,1992,1A2L,ABFLOW025,Oil,,,0.0
United Kingdom,1992,1A2M,ABFLOW026,Coal,,,0.0
United Kingdom,1992,1A2M,ABFLOW026,Natural gas,,,0.0
United Kingdom,1992,1A2M,ABFLOW026,Oil,,,0.0
United Kingdom,1992,1A3,ABFLOW027,Coal,,,0.0
United Kingdom,1992,1A3,ABFLOW027,Natural gas,,,0.0
United Kingdom,1992,1A3,ABFLOW027,Oil,,,0.0
United Kingdom,1992,1A3A1,ABFLOW040,Coal,,,0.0
United Kingdom,1992,1A3A1,ABFLOW040,Natural gas,,,0.0
United Kingdom,1992,1A3A1,ABFLOW040,Oil,,,0.0
United Kingdom,1992,1A3A2,ABFLOW029,Coal,,,0.0
United Kingdom,1992,1A3A2,ABFLOW029,Natural gas,,,0.0
United Kingdom,1992,1A3A2,ABFLOW029,Oil,,,0.0
United Kingdom,1992,1A3B,ABFLOW028,Coal,,,0.0
United Kingdom,1992,1A3B,ABFLOW028,Natural gas,,,0.0
United Kingdom,1992,1A3B,ABFLOW028,Oil,,,0.0
United Kingdom,1992,1A3C,ABFLOW030,Coal,,,0.0
United Kingdom,1992,1A3C,ABFLOW030,Natural gas,,,0.0
United Kingdom,1992,1A3C,ABFLOW030,Oil,,,0.0
United Kingdom,1992,1A3D1,ABFLOW039,Coal,,,0.0
United Kingdom,1992,1A3D1,ABFLOW039,Natural gas,,,0.0
United Kingdom,1992,1A3D1,ABFLOW039,Oil,,,0.0
United Kingdom,1992,1A3D2,ABFLOW032,Coal,,,0.0
United Kingdom,1992,1A3D2,ABFLOW032,Natural gas,,,0.0
United Kingdom,1992,1A3D2,ABFLOW032,Oil,,,0.0
United Kingdom,1992,1A3E1,ABFLOW033,Coal,,,0.0
United Kingdom,1992,1A3E1,ABFLOW033,Natural gas,,,0.0
United Kingdom,1992,1A3E1,ABFLOW033,Oil,,,0.0
United Kingdom,1992,1A4A,ABFLOW035,Coal,,,0.0
United Kingdom,1992,1A4A,ABFLOW035,Natural gas,,,0.0
United Kingdom,1992,1A4A,ABFLOW035,Oil,,,0.0
United Kingdom,1992,1A4B,ABFLOW034,Coal,,,0.0
United Kingdom,1992,1A4B,ABFLOW034,Natural gas,,,0.0
United Kingdom,1992,1A4B,ABFLOW034,Oil,,,0.0
United Kingdom,1992,1A4C1,ABFLOW036,Coal,,,0.0
United Kingdom,1992,1A4C1,ABFLOW036,Natural gas,,,0.0
United Kingdom,1992,1A4C1,ABFLOW036,Oil,,,0.0
United Kingdom,1992,1A4C2,ABFLOW037,Coal,,,0.0
United Kingdom,1992,1A4C2,ABFLOW037,Natural gas,,,0.0
United Kingdom,1992,1A4C2,ABFLOW037,Oil,,,0.0
United Kingdom,1992,1A5,ABFLOW038,Coal,,,0.0
United Kingdom,1992,1A5,ABFLOW038,Natural gas,,,0.0
United Kingdom,1992,1A5,ABFLOW038,Oil,,,0.0
United Kingdom,1993,1A,ABFLOW001,Coal,,,0.0
United Kingdom,1993,1A,ABFLOW001,Natural gas,,,0.0
United Kingdom,1993,1A,ABFLOW001,Oil,,,0.0
United Kingdom,1993,1A1A,ABFLOW002,Coal,,,0.0
United Kingdom,1993,1A1A,ABFLOW002,Natural gas,,,0.0
United Kingdom,1993,1A1A,ABFLOW002,Oil,,,0.0
United Kingdom,1993,1A1A1,ABFLOW003,Coal,,,0.0
United Kingdom,1993,1A1A1,ABFLOW003,Natural gas,,,0.0
United Kingdom,1993,1A1A1,ABFLOW003,Oil,,,0.0
United Kingdom,1993,1A1A2,ABFLOW004,Coal,,,0.0
United Kingdom,1993,1A1A2,ABFLOW004,Natural gas,,,0.0
United Kingdom,1993,1A1A2,ABFLOW004,Oil,,,0.0
United Kingdom,1993,1A1A3,ABFLOW005,Coal,,,0.0
United Kingdom,1993,1A1A3,ABFLOW005,Natural gas,,,0.0
United Kingdom,1993,1A1A3,ABFLOW005,Oil,,,0.0
United Kingdom,1993,1A1B,ABFLOW011,Coal,,,0.0
United Kingdom,1993,1A1B,ABFLOW011,Natural gas,,,0.0
United Kingdom,1993,1A1B,ABFLOW011,Oil,,,0.0
United Kingdom,1993,1A1C,ABFLOW011,Coal,,,0.0
United Kingdom,1993,1A1C,ABFLOW011,Natural gas,,,0.0
United Kingdom,1993,1A1C,ABFLOW011,Oil,,,0.0
United Kingdom,1993,1A2,ABFLOW012,Coal,,,0.0
United Kingdom,1993,1A2,ABFLOW012,Natural gas,,,0.0
United Kingdom,1993,1A2,ABFLOW012,Oil,,,0.0
United Kingdom,1993,1A2A,ABFLOW016,Coal,,,0.0
United Kingdom,1993,1A2A,ABFLOW016,Natural gas,,,0.0
United Kingdom,1993,1A2A,ABFLOW016,Oil,,,0.0
United Kingdom,1993,1A2B,ABFLOW018,Coal,,,0.0
United Kingdom,1993,1A2B,ABFLOW018,Natural gas,,,0.0
United Kingdom,1993,1A2B,ABFLOW018,Oil,,,0.0
United Kingdom,1993,1A2C,ABFLOW017,Coal,,,0.0
United Kingdom,1993,1A2C,ABFLOW017,Natural gas,,,0.0
United Kingdom,1993,1A2C,ABFLOW017,Oil,,,0.0
United Kingdom,1993,1A2D,ABFLOW023,Coal,,,0.0
United Kingdom,1993,1A2D,ABFLOW023,Natural gas,,,0.0
United Kingdom,1993,1A2D,ABFLOW023,Oil,,,0.0
United Kingdom,1993,1A2E,ABFLOW022,Coal,,,0.0
United Kingdom,1993,1A2E,ABFLOW022,Natural gas,,,0.0
United Kingdom,1993,1A2E,ABFLOW022,Oil,,,0.0
United Kingdom,1993,1A2F,ABFLOW019,Coal,,,0.0
United Kingdom,1993,1A2F,ABFLOW019,Natural gas,,,0.0
United Kingdom,1993,1A2F,ABFLOW019,Oil,,,0.0
United Kingdom,1993,1A2G,ABFLOW020,Coal,,,0.0
United Kingdom,1993,1A2G,ABFLOW020,Natural gas,,,0.0
United Kingdom,1993,1A2G,ABFLOW020,Oil,,,0.0
United Kingdom,1993,1A2H,ABFLOW021,Coal,,,0.0
United Kingdom,1993,1A2H,ABFLOW021,Natural gas,,,0.0
United Kingdom,1993,1A2H,ABFLOW021,Oil,,,0.0
United Kingdom,1993,1A2I,ABFLOW013,Coal,,,0.0
United Kingdom,1993,1A2I,ABFLOW013,Natural gas,,,0.0
United Kingdom,1993,1A2I,ABFLOW013,Oil,,,0.0
United Kingdom,1993,1A2J,ABFLOW024,Coal,,,0.0
United Kingdom,1993,1A2J,ABFLOW024,Natural gas,,,0.0
United Kingdom,1993,1A2J,ABFLOW024,Oil,,,0.0
United Kingdom,1993,1A2K,ABFLOW014,Coal,,,0.0
United Kingdom,1993,1A2K,ABFLOW014,Natural gas,,,0.0
United Kingdom,1993,1A2K,ABFLOW014,Oil,,,0.0
United Kingdom,1993,1A2L,ABFLOW025,Coal,,,0.0
United Kingdom,1993,1A2L,ABFLOW025,Natural gas,,,0.0
United Kingdom,1993,1A2L,ABFLOW025,Oil,,,0.0
United Kingdom,1993,1A2M,ABFLOW026,Coal,,,0.0
United Kingdom,1993,1A2M,ABFLOW026,Natural gas,,,0.0
United Kingdom,1993,1A2M,ABFLOW026,Oil,,,0.0
United Kingdom,1993,1A3,ABFLOW027,Coal,,,0.0
United Kingdom,1993,1A3,ABFLOW027,Natural gas,,,0.0
United Kingdom,1993,1A3,ABFLOW027,Oil,,,0.0
United Kingdom,1993,1A3A1,ABFLOW040,Coal,,,0.0
United Kingdom,1993,1A3A1,ABFLOW040,Natural gas,,,0.0
United Kingdom,1993,1A3A1,ABFLOW040,Oil,,,0.0
United Kingdom,1993,1A3A2,ABFLOW029,Coal,,,0.0
United Kingdom,1993,1A3A2,ABFLOW029,Natural gas,,,0.0
United Kingdom,1993,1A3A2,ABFLOW029,Oil,,,0.0
United Kingdom,1993,1A3B,ABFLOW028,Coal,,,0.0
United Kingdom,1993,1A3B,ABFLOW028,Natural gas,,,0.0
United Kingdom,1993,1A3B,ABFLOW028,Oil,,,0.0
United Kingdom,1993,1A3C,ABFLOW030,Coal,,,0.0
United Kingdom,1993,1A3C,ABFLOW030,Natural gas,,,0.0
United Kingdom,1993,1A3C,ABFLOW030,Oil,,,0.0
United Kingdom,1993,1A3D1,ABFLOW039,Coal,,,0.0
United Kingdom,1993,1A3D1,ABFLOW039,Natural gas,,,0.0
United Kingdom,1993,1A3D1,ABFLOW039,Oil,,,0.0
United Kingdom,1993,1A3D2,ABFLOW032,Coal,,,0.0
United Kingdom,1993,1A3D2,ABFLOW032,Natural gas,,,0.0
United Kingdom,1993,1A3D2,ABFLOW032,Oil,,,0.0
United Kingdom,1993,1A3E1,ABFLOW033,Coal,,,0.0
United Kingdom,1993,1A3E1,ABFLOW033,Natural gas,,,0.0
United Kingdom,1993,1A3E1,ABFLOW033,Oil,,,0.0
United Kingdom,1993,1A4A,ABFLOW035,Coal,,,0.0
United Kingdom,1993,1A4A,ABFLOW035,Natural gas,,,0.0
United Kingdom,1993,1A4A,ABFLOW035,Oil,,,0.0
United Kingdom,1993,1A4B,ABFLOW034,Coal,,,0.0
United Kingdom,1993,1A4B,ABFLOW034,Natural gas,,,0.0
United Kingdom,1993,1A4B,ABFLOW034,Oil,,,0.0
United Kingdom,1993,1A4C1,ABFLOW036,Coal,,,0.0
United Kingdom,1993,1A4C1,ABFLOW036,Natural gas,,,0.0
United Kingdom,1993,1A4C1,ABFLOW036,Oil,,,0.0
United Kingdom,1993,1A4C2,ABFLOW037,Coal,,,0.0
United Kingdom,1993,1A4C2,ABFLOW037,Natural gas,,,0.0
United Kingdom,1993,1A4C2,ABFLOW037,Oil,,,0.0
United Kingdom,1993,1A5,ABFLOW038,Coal,,,0.0
United Kingdom,1993,1A5,ABFLOW038,Natural gas,,,0.0
United Kingdom,1993,1A5,ABFLOW038,Oil,,,0.0
United Kingdom,1994,1A,ABFLOW001,Coal,,,0.0
United Kingdom,1994,1A,ABFLOW001,Natural gas,,,0.0
United Kingdom,1994,1A,ABFLOW001,Oil,,,0.0
United Kingdom,1994,1A1A,ABFLOW002,Coal,,,0.0
United Kingdom,1994,1A1A,ABFLOW002,Natural gas,,,0.0
United Kingdom,1994,1A1A,ABFLOW002,Oil,,,0.0
United Kingdom,1994,1A1A1,ABFLOW003,Coal,,,0.0
United Kingdom,1994,1A1A1,ABFLOW003,Natural gas,,,0.0
United Kingdom,1994,1A1A1,ABFLOW003,Oil,,,0.0
United Kingdom,1994,1A1A2,ABFLOW004,Coal,,,0.0
United Kingdom,1994,1A1A2,ABFLOW004,Natural gas,,,0.0
United Kingdom,1994,1A1A2,ABFLOW004,Oil,,,0.0
United Kingdom,1994,1A1A3,ABFLOW005,Coal,,,0.0
United Kingdom,1994,1A1A3,ABFLOW005,Natural gas,,,0.0
United Kingdom,1994,1A1A3,ABFLOW005,Oil,,,0.0
United Kingdom,1994,1A1B,ABFLOW011,Coal,,,0.0
United Kingdom,1994,1A1B,ABFLOW011,Natural gas,,,0.0
United Kingdom,1994,1A1B,ABFLOW011,Oil,,,0.0
United Kingdom,1994,1A1C,ABFLOW011,Coal,,,0.0
United Kingdom,1994,1A1C,ABFLOW011,Natural gas,,,0.0
United Kingdom,1994,1A1C,ABFLOW011,Oil,,,0.0
United Kingdom,1994,1A2,ABFLOW012,Coal,,,0.0
United Kingdom,1994,1A2,ABFLOW012,Natural gas,,,0.0
United Kingdom,1994,1A2,ABFLOW012,Oil,,,0.0
United Kingdom,1994,1A2A,ABFLOW016,Coal,,,0.0
United Kingdom,1994,1A2A,ABFLOW016,Natural gas,,,0.0
United Kingdom,1994,1A2A,ABFLOW016,Oil,,,0.0
United Kingdom,1994,1A2B,ABFLOW018,Coal,,,0.0
United Kingdom,1994,1A2B,ABFLOW018,Natural gas,,,0.0
United Kingdom,1994,1A2B,ABFLOW018,Oil,,,0.0
United Kingdom,1994,1A2C,ABFLOW017,Coal,,,0.0
United Kingdom,1994,1A2C,ABFLOW017,Natural gas,,,0.0
United Kingdom,1994,1A2C,ABFLOW017,Oil,,,0.0
United Kingdom,1994,1A2D,ABFLOW023,Coal,,,0.0
United Kingdom,1994,1A2D,ABFLOW023,Natural gas,,,0.0
United Kingdom,1994,1A2D,ABFLOW023,Oil,,,0.0
United Kingdom,1994,1A2E,ABFLOW022,Coal,,,0.0
United Kingdom,1994,1A2E,ABFLOW022,Natural gas,,,0.0
United Kingdom,1994,1A2E,ABFLOW022,Oil,,,0.0
United Kingdom,1994,1A2F,ABFLOW019,Coal,,,0.0
United Kingdom,1994,1A2F,ABFLOW019,Natural gas,,,0.0
United Kingdom,1994,1A2F,ABFLOW019,Oil,,,0.0
United Kingdom,1994,1A2G,ABFLOW020,Coal,,,0.0
United Kingdom,1994,1A2G,ABFLOW020,Natural gas,,,0.0
United Kingdom,1994,1A2G,ABFLOW020,Oil,,,0.0
United Kingdom,1994,1A2H,ABFLOW021,Coal,,,0.0
United Kingdom,1994,1A2H,ABFLOW021,Natural gas,,,0.0
United Kingdom,1994,1A2H,ABFLOW021,Oil,,,0.0
United Kingdom,1994,1A2I,ABFLOW013,Coal,,,0.0
United Kingdom,1994,1A2I,ABFLOW013,Natural gas,,,0.0
United Kingdom,1994,1A2I,ABFLOW013,Oil,,,0.0
United Kingdom,1994,1A2J,ABFLOW024,Coal,,,0.0
United Kingdom,1994,1A2J,ABFLOW024,Natural gas,,,0.0
United Kingdom,1994,1A2J,ABFLOW024,Oil,,,0.0
United Kingdom,1994,1A2K,ABFLOW014,Coal,,,0.0
United Kingdom,1994,1A2K,ABFLOW014,Natural gas,,,0.0
United Kingdom,1994,1A2K,ABFLOW014,Oil,,,0.0
United Kingdom,1994,1A2L,ABFLOW025,Coal,,,0.0
United Kingdom,1994,1A2L,ABFLOW025,Natural gas,,,0.0
United Kingdom,1994,1A2L,ABFLOW025,Oil,,,0.0
United Kingdom,1994,1A2M,ABFLOW026,Coal,,,0.0
United Kingdom,1994,1A2M,ABFLOW026,Natural gas,,,0.0
United Kingdom,1994,1A2M,ABFLOW026,Oil,,,0.0
United Kingdom,1994,1A3,ABFLOW027,Coal,,,0.0
United Kingdom,1994,1A3,ABFLOW027,Natural gas,,,0.0
United Kingdom,1994,1A3,ABFLOW027,Oil,,,0.0
United Kingdom,1994,1A3A1,ABFLOW040,Coal,,,0.0
United Kingdom,1994,1A3A1,ABFLOW040,Natural gas,,,0.0
United Kingdom,1994,1A3A1,ABFLOW040,Oil,,,0.0
United Kingdom,1994,1A3A2,ABFLOW029,Coal,,,0.0
United Kingdom,1994,1A3A2,ABFLOW029,Natural gas,,,0.0
United Kingdom,1994,1A3A2,ABFLOW029,Oil,,,0.0
United Kingdom,1994,1A3B,ABFLOW028,Coal,,,0.0
United Kingdom,1994,1A3B,ABFLOW028,Natural gas,,,0.0
United Kingdom,1994,1A3B,ABFLOW028,Oil,,,0.0
United Kingdom,1994,1A3C,ABFLOW030,Coal,,,0.0
United Kingdom,1994,1A3C,ABFLOW030,Natural gas,,,0.0
United Kingdom,1994,1A3C,ABFLOW030,Oil,,,0.0
United Kingdom,1994,1A3D1,ABFLOW039,Coal,,,0.0
United Kingdom,1994,1A3D1,ABFLOW039,Natural gas,,,0.0
United Kingdom,1994,1A3D1,ABFLOW039,Oil,,,0.0
United Kingdom,1994,1A3D2,ABFLOW032,Coal,,,0.0
United Kingdom,1994,1A3D2,ABFLOW032,Natural gas,,,0.0
United Kingdom,1994,1A3D2,ABFLOW032,Oil,,,0.0
United Kingdom,1994,1A3E1,ABFLOW033,Coal,,,0.0
United Kingdom,1994,1A3E1,ABFLOW033,Natural gas,,,0.0
United Kingdom,1994,1A3E1,ABFLOW033,Oil,,,0.0
United Kingdom,1994,1A4A,ABFLOW035,Coal,,,0.0
United Kingdom,1994,1A4A,ABFLOW035,Natural gas,,,0.0
United Kingdom,1994,1A4A,ABFLOW035,Oil,,,0.0
United Kingdom,1994,1A4B,ABFLOW034,Coal,,,0.0
United Kingdom,1994,1A4B,ABFLOW034,Natural gas,,,0.0
United Kingdom,1994,1A4B,ABFLOW034,Oil,,,0.0
United Kingdom,1994,1A4C1,ABFLOW036,Coal,,,0.0
United Kingdom,1994,1A4C1,ABFLOW036,Natural gas,,,0.0
United Kingdom,1994,1A4C1,ABFLOW036,Oil,,,0.0
United Kingdom,1994,1A4C2,ABFLOW037,Coal,,,0.0
United Kingdom,1994,1A4C2,ABFLOW037,Natural gas,,,0.0
United Kingdom,1994,1A4C2,ABFLOW037,Oil,,,0.0
United Kingdom,1994,1A5,ABFLOW038,Coal,,,0.0
United Kingdom,1994,1A5,ABFLOW038,Natural gas,,,0.0
United Kingdom,1994,1A5,ABFLOW038,Oil,,,0.0
United Kingdom,1995,1A,ABFLOW001,Coal,,,0.0
United Kingdom,1995,1A,ABFLOW001,Natural gas,,,0.0
United Kingdom,1995,1A,ABFLOW001,Oil,,,0.0
United Kingdom,1995,1A1A,ABFLOW002,Coal,,,0.0
United Kingdom,1995,1A1A,ABFLOW002,Natural gas,,,0.0
United Kingdom,1995,1A1A,ABFLOW002,Oil,,,0.0
United Kingdom,1995,1A1A1,ABFLOW003,Coal,,,0.0
United Kingdom,1995,1A1A1,ABFLOW003,Natural gas,,,0.0
United Kingdom,1995,1A1A1,ABFLOW003,Oil,,,0.0
United Kingdom,1995,1A1A2,ABFLOW004,Coal,,,0.0
United Kingdom,1995,1A1A2,ABFLOW004,Natural gas,,,0.0
United Kingdom,1995,1A1A2,ABFLOW004,Oil,,,0.0
United Kingdom,1995,1A1A3,ABFLOW005,Coal,,,0.0
United Kingdom,1995,1A1A3,ABFLOW005,Natural gas,,,0.0
United Kingdom,1995,1A1A3,ABFLOW005,Oil,,,0.0
United Kingdom,1995,1A1B,ABFLOW011,Coal,,,0.0
United Kingdom,1995,1A1B,ABFLOW011,Natural gas,,,0.0
United Kingdom,1995,1A1B,ABFLOW011,Oil,,,0.0
United Kingdom,1995,1A1C,ABFLOW011,Coal,,,0.0
United Kingdom,1995,1A1C,ABFLOW011,Natural gas,,,0.0
United Kingdom,1995,1A1C,ABFLOW011,Oil,,,0.0
United Kingdom,1995,1A2,ABFLOW012,Coal,,,0.0
United Kingdom,1995,1A2,ABFLOW012,Natural gas,,,0.0
United Kingdom,1995,1A2,ABFLOW012,Oil,,,0.0
United Kingdom,1995,1A2A,ABFLOW016,Coal,,,0.0
United Kingdom,1995,1A2A,ABFLOW016,Natural gas,,,0.0
United Kingdom,1995,1A2A,ABFLOW016,Oil,,,0.0
United Kingdom,1995,1A2B,ABFLOW018,Coal,,,0.0
United Kingdom,1995,1A2B,ABFLOW018,Natural gas,,,0.0
United Kingdom,1995,1A2B,ABFLOW018,Oil,,,0.0
United Kingdom,1995,1A2C,ABFLOW017,Coal,,,0.0
United Kingdom,1995,1A2C,ABFLOW017,Natural gas,,,0.0
United Kingdom,1995,1A2C,ABFLOW017,Oil,,,0.0
United Kingdom,1995,1A2D,ABFLOW023,Coal,,,0.0
United Kingdom,1995,1A2D,ABFLOW023,Natural gas,,,0.0
United Kingdom,1995,1A2D,ABFLOW023,Oil,,,0.0
United Kingdom,1995,1A2E,ABFLOW022,Coal,,,0.0
United Kingdom,1995,1A2E,ABFLOW022,Natural gas,,,0.0
United Kingdom,1995,1A2E,ABFLOW022,Oil,,,0.0
United Kingdom,1995,1A2F,ABFLOW019,Coal,,,0.0
United Kingdom,1995,1A2F,ABFLOW019,Natural gas,,,0.0
United Kingdom,1995,1A2F,ABFLOW019,Oil,,,0.0
United Kingdom,1995,1A2G,ABFLOW020,Coal,,,0.0
United Kingdom,1995,1A2G,ABFLOW020,Natural gas,,,0.0
United Kingdom,1995,1A2G,ABFLOW020,Oil,,,0.0
United Kingdom,1995,1A2H,ABFLOW021,Coal,,,0.0
United Kingdom,1995,1A2H,ABFLOW021,Natural gas,,,0.0
United Kingdom,1995,1A2H,ABFLOW021,Oil,,,0.0
United Kingdom,1995,1A2I,ABFLOW013,Coal,,,0.0
United Kingdom,1995,1A2I,ABFLOW013,Natural gas,,,0.0
United Kingdom,1995,1A2I,ABFLOW013,Oil,,,0.0
United Kingdom,1995,1A2J,ABFLOW024,Coal,,,0.0
United Kingdom,1995,1A2J,ABFLOW024,Natural gas,,,0.0
United Kingdom,1995,1A2J,ABFLOW024,Oil,,,0.0
United Kingdom,1995,1A2K,ABFLOW014,Coal,,,0.0
United Kingdom,1995,1A2K,ABFLOW014,Natural gas,,,0.0
United Kingdom,1995,1A2K,ABFLOW014,Oil,,,0.0
United Kingdom,1995,1A2L,ABFLOW025,Coal,,,0.0
United Kingdom,1995,1A2L,ABFLOW025,Natural gas,,,0.0
United Kingdom,1995,1A2L,ABFLOW025,Oil,,,0.0
United Kingdom,1995,1A2M,ABFLOW026,Coal,,,0.0
United Kingdom,1995,1A2M,ABFLOW026,Natural gas,,,0.0
United Kingdom,1995,1A2M,ABFLOW026,Oil,,,0.0
United Kingdom,1995,1A3,ABFLOW027,Coal,,,0.0
United Kingdom,1995,1A3,ABFLOW027,Natural gas,,,0.0
United Kingdom,1995,1A3,ABFLOW027,Oil,,,0.0
United Kingdom,1995,1A3A1,ABFLOW040,Coal,,,0.0
United Kingdom,1995,1A3A1,ABFLOW040,Natural gas,,,0.0
United Kingdom,1995,1A3A1,ABFLOW040,Oil,,,0.0
United Kingdom,1995,1A3A2,ABFLOW029,Coal,,,0.0
United Kingdom,1995,1A3A2,ABFLOW029,Natural gas,,,0.0
United Kingdom,1995,1A3A2,ABFLOW029,Oil,,,0.0
United Kingdom,1995,1A3B,ABFLOW028,Coal,,,0.0
United Kingdom,1995,1A3B,ABFLOW028,Natural gas,,,0.0
United Kingdom,1995,1A3B,ABFLOW028,Oil,,,0.0
United Kingdom,1995,1A3C,ABFLOW030,Coal,,,0.0
United Kingdom,1995,1A3C,ABFLOW030,Natural gas,,,0.0
United Kingdom,1995,1A3C,ABFLOW030,Oil,,,0.0
United Kingdom,1995,1A3D1,ABFLOW039,Coal,,,0.0
United Kingdom,1995,1A3D1,ABFLOW039,Natural gas,,,0.0
United Kingdom,1995,1A3D1,ABFLOW039,Oil,,,0.0
United Kingdom,1995,1A3D2,ABFLOW032,Coal,,,0.0
United Kingdom,1995,1A3D2,ABFLOW032,Natural gas,,,0.0
United Kingdom,1995,1A3D2,ABFLOW032,Oil,,,0.0
United Kingdom,1995,1A3E1,ABFLOW033,Coal,,,0.0
United Kingdom,1995,1A3E1,ABFLOW033,Natural gas,,,0.0
United Kingdom,1995,1A3E1,ABFLOW033,Oil,,,0.0
United Kingdom,1995,1A4A,ABFLOW035,Coal,,,0.0
United Kingdom,1995,1A4A,ABFLOW035,Natural gas,,,0.0
United Kingdom,1995,1A4A,ABFLOW035,Oil,,,0.0
United Kingdom,1995,1A4B,ABFLOW034,Coal,,,0.0
United Kingdom,1995,1A4B,ABFLOW034,Natural gas,,,0.0
United Kingdom,1995,1A4B,ABFLOW034,Oil,,,0.0
United Kingdom,1995,1A4C1,ABFLOW036,Coal,,,0.0
United Kingdom,1995,1A4C1,ABFLOW036,Natural gas,,,0.0
United Kingdom,1995,1A4C1,ABFLOW036,Oil,,,0.0
United Kingdom,1995,1A4C2,ABFLOW037,Coal,,,0.0
United Kingdom,1995,1A4C2,ABFLOW037,Natural gas,,,0.0
United Kingdom,1995,1A4C2,ABFLOW037,Oil,,,0.0
United Kingdom,1995,1A5,ABFLOW038,Coal,,,0.0
United Kingdom,1995,1A5,ABFLOW038,Natural gas,,,0.0
United Kingdom,1995,1A5,ABFLOW038,Oil,,,0.0
United Kingdom,1996,1A,ABFLOW001,Coal,,,0.0
United Kingdom,1996,1A,ABFLOW001,Natural gas,,,0.0
United Kingdom,1996,1A,ABFLOW001,Oil,,,0.0
United Kingdom,1996,1A1A,ABFLOW002,Coal,,,0.0
United Kingdom,1996,1A1A,ABFLOW002,Natural gas,,,0.0
United Kingdom,1996,1A1A,ABFLOW002,Oil,,,0.0
United Kingdom,1996,1A1A1,ABFLOW003,Coal,,,0.0
United Kingdom,1996,1A1A1,ABFLOW003,Natural gas,,,0.0
United Kingdom,1996,1A1A1,ABFLOW003,Oil,,,0.0
United Kingdom,1996,1A1A2,ABFLOW004,Coal,,,0.0
United Kingdom,1996,1A1A2,ABFLOW004,Natural gas,,,0.0
United Kingdom,1996,1A1A2,ABFLOW004,Oil,,,0.0
United Kingdom,1996,1A1A3,ABFLOW005,Coal,,,0.0
United Kingdom,1996,1A1A3,ABFLOW005,Natural gas,,,0.0
United Kingdom,1996,1A1A3,ABFLOW005,Oil,,,0.0
United Kingdom,1996,1A1B,ABFLOW011,Coal,,,0.0
United Kingdom,1996,1A1B,ABFLOW011,Natural gas,,,0.0
United Kingdom,1996,1A1B,ABFLOW011,Oil,,,0.0
United Kingdom,1996,1A1C,ABFLOW011,Coal,,,0.0
United Kingdom,1996,1A1C,ABFLOW011,Natural gas,,,0.0
United Kingdom,1996,1A1C,ABFLOW011,Oil,,,0.0
United Kingdom,1996,1A2,ABFLOW012,Coal,,,0.0
United Kingdom,1996,1A2,ABFLOW012,Natural gas,,,0.0
United Kingdom,1996,1A2,ABFLOW012,Oil,,,0.0
United Kingdom,1996,1A2A,ABFLOW016,Coal,,,0.0
United Kingdom,1996,1A2A,ABFLOW016,Natural gas,,,0.0
United Kingdom,1996,1A2A,ABFLOW016,Oil,,,0.0
United Kingdom,1996,1A2B,ABFLOW018,Coal,,,0.0
United Kingdom,1996,1A2B,ABFLOW018,Natural gas,,,0.0
United Kingdom,1996,1A2B,ABFLOW018,Oil,,,0.0
United Kingdom,1996,1A2C,ABFLOW017,Coal,,,0.0
United Kingdom,1996,1A2C,ABFLOW017,Natural gas,,,0.0
United Kingdom,1996,1A2C,ABFLOW017,Oil,,,0.0
United Kingdom,1996,1A2D,ABFLOW023,Coal,,,0.0
United Kingdom,1996,1A2D,ABFLOW023,Natural gas,,,0.0
United Kingdom,1996,1A2D,ABFLOW023,Oil,,,0.0
United Kingdom,1996,1A2E,ABFLOW022,Coal,,,0.0
United Kingdom,1996,1A2E,ABFLOW022,Natural gas,,,0.0
United Kingdom,1996,1A2E,ABFLOW022,Oil,,,0.0
United Kingdom,1996,1A2F,ABFLOW019,Coal,,,0.0
United Kingdom,1996,1A2F,ABFLOW019,Natural gas,,,0.0
United Kingdom,1996,1A2F,ABFLOW019,Oil,,,0.0
United Kingdom,1996,1A2G,ABFLOW020,Coal,,,0.0
United Kingdom,1996,1A2G,ABFLOW020,Natural gas,,,0.0
United Kingdom,1996,1A2G,ABFLOW020,Oil,,,0.0
United Kingdom,1996,1A2H,ABFLOW021,Coal,,,0.0
United Kingdom,1996,1A2H,ABFLOW021,Natural gas,,,0.0
United Kingdom,1996,1A2H,ABFLOW021,Oil,,,0.0
United Kingdom,1996,1A2I,ABFLOW013,Coal,,,0.0
United Kingdom,1996,1A2I,ABFLOW013,Natural gas,,,0.0
United Kingdom,1996,1A2I,ABFLOW013,Oil,,,0.0
United Kingdom,1996,1A2J,ABFLOW024,Coal,,,0.0
United Kingdom,1996,1A2J,ABFLOW024,Natural gas,,,0.0
United Kingdom,1996,1A2J,ABFLOW024,Oil,,,0.0
United Kingdom,1996,1A2K,ABFLOW014,Coal,,,0.0
United Kingdom,1996,1A2K,ABFLOW014,Natural gas,,,0.0
United Kingdom,1996,1A2K,ABFLOW014,Oil,,,0.0
United Kingdom,1996,1A2L,ABFLOW025,Coal,,,0.0
United Kingdom,1996,1A2L,ABFLOW025,Natural gas,,,0.0
United Kingdom,1996,1A2L,ABFLOW025,Oil,,,0.0
United Kingdom,1996,1A2M,ABFLOW026,Coal,,,0.0
United Kingdom,1996,1A2M,ABFLOW026,Natural gas,,,0.0
United Kingdom,1996,1A2M,ABFLOW026,Oil,,,0.0
United Kingdom,1996,1A3,ABFLOW027,Coal,,,0.0
United Kingdom,1996,1A3,ABFLOW027,Natural gas,,,0.0
United Kingdom,1996,1A3,ABFLOW027,Oil,,,0.0
United Kingdom,1996,1A3A1,ABFLOW040,Coal,,,0.0
United Kingdom,1996,1A3A1,ABFLOW040,Natural gas,,,0.0
United Kingdom,1996,1A3A1,ABFLOW040,Oil,,,0.0
United Kingdom,1996,1A3A2,ABFLOW029,Coal,,,0.0
United Kingdom,1996,1A3A2,ABFLOW029,Natural gas,,,0.0
United Kingdom,1996,1A3A2,ABFLOW029,Oil,,,0.0
United Kingdom,1996,1A3B,ABFLOW028,Coal,,,0.0
United Kingdom,1996,1A3B,ABFLOW028,Natural gas,,,0.0
United Kingdom,1996,1A3B,ABFLOW028,Oil,,,0.0
United Kingdom,1996,1A3C,ABFLOW030,Coal,,,0.0
United Kingdom,1996,1A3C,ABFLOW030,Natural gas,,,0.0
United Kingdom,1996,1A3C,ABFLOW030,Oil,,,0.0
United Kingdom,1996,1A3D1,ABFLOW039,Coal,,,0.0
United Kingdom,1996,1A3D1,ABFLOW039,Natural gas,,,0.0
United Kingdom,1996,1A3D1,ABFLOW039,Oil,,,0.0
United Kingdom,1996,1A3D2,ABFLOW032,Coal,,,0.0
United Kingdom,1996,1A3D2,ABFLOW032,Natural gas,,,0.0
United Kingdom,1996,1A3D2,ABFLOW032,Oil,,,0.0
United Kingdom,1996,1A3E1,ABFLOW033,Coal,,,0.0
United Kingdom,1996,1A3E1,ABFLOW033,Natural gas,,,0.0
United Kingdom,1996,1A3E1,ABFLOW033,Oil,,,0.0
United Kingdom,1996,1A4A,ABFLOW035,Coal,,,0.0
United Kingdom,1996,1A4A,ABFLOW035,Natural gas,,,0.0
United Kingdom,1996,1A4A,ABFLOW035,Oil,,,0.0
United Kingdom,1996,1A4B,ABFLOW034,Coal,,,0.0
United Kingdom,1996,1A4B,ABFLOW034,Natural gas,,,0.0
United Kingdom,1996,1A4B,ABFLOW034,Oil,,,0.0
United Kingdom,1996,1A4C1,ABFLOW036,Coal,,,0.0
United Kingdom,1996,1A4C1,ABFLOW036,Natural gas,,,0.0
United Kingdom,1996,1A4C1,ABFLOW036,Oil,,,0.0
United Kingdom,1996,1A4C2,ABFLOW037,Coal,,,0.0
United Kingdom,1996,1A4C2,ABFLOW037,Natural gas,,,0.0
United Kingdom,1996,1A4C2,ABFLOW037,Oil,,,0.0
United Kingdom,1996,1A5,ABFLOW038,Coal,,,0.0
United Kingdom,1996,1A5,ABFLOW038,Natural gas,,,0.0
United Kingdom,1996,1A5,ABFLOW038,Oil,,,0.0
United Kingdom,1997,1A,ABFLOW001,Coal,,,0.0
United Kingdom,1997,1A,ABFLOW001,Natural gas,,,0.0
United Kingdom,1997,1A,ABFLOW001,Oil,,,0.0
United Kingdom,1997,1A1A,ABFLOW002,Coal,,,0.0
United Kingdom,1997,1A1A,ABFLOW002,Natural gas,,,0.0
United Kingdom,1997,1A1A,ABFLOW002,Oil,,,0.0
United Kingdom,1997,1A1A1,ABFLOW003,Coal,,,0.0
United Kingdom,1997,1A1A1,ABFLOW003,Natural gas,,,0.0
United Kingdom,1997,1A1A1,ABFLOW003,Oil,,,0.0
United Kingdom,1997,1A1A2,ABFLOW004,Coal,,,0.0
United Kingdom,1997,1A1A2,ABFLOW004,Natural gas,,,0.0
United Kingdom,1997,1A1A2,ABFLOW004,Oil,,,0.0
United Kingdom,1997,1A1A3,ABFLOW005,Coal,,,0.0
United Kingdom,1997,1A1A3,ABFLOW005,Natural gas,,,0.0
United Kingdom,1997,1A1A3,ABFLOW005,Oil,,,0.0
United Kingdom,1997,1A1B,ABFLOW011,Coal,,,0.0
United Kingdom,1997,1A1B,ABFLOW011,Natural gas,,,0.0
United Kingdom,1997,1A1B,ABFLOW011,Oil,,,0.0
United Kingdom,1997,1A1C,ABFLOW011,Coal,,,0.0
United Kingdom,1997,1A1C,ABFLOW011,Natural gas,,,0.0
United Kingdom,1997,1A1C,ABFLOW011,Oil,,,0.0
United Kingdom,1997,1A2,ABFLOW012,Coal,,,0.0
United Kingdom,1997,1A2,ABFLOW012,Natural gas,,,0.0
United Kingdom,1997,1A2,ABFLOW012,Oil,,,0.0
United Kingdom,1997,1A2A,ABFLOW016,Coal,,,0.0
United Kingdom,1997,1A2A,ABFLOW016,Natural gas,,,0.0
United Kingdom,1997,1A2A,ABFLOW016,Oil,,,0.0
United Kingdom,1997,1A2B,ABFLOW018,Coal,,,0.0
United Kingdom,1997,1A2B,ABFLOW018,Natural gas,,,0.0
United Kingdom,1997,1A2B,ABFLOW018,Oil,,,0.0
United Kingdom,1997,1A2C,ABFLOW017,Coal,,,0.0
United Kingdom,1997,1A2C,ABFLOW017,Natural gas,,,0.0
United Kingdom,1997,1A2C,ABFLOW017,Oil,,,0.0
United Kingdom,1997,1A2D,ABFLOW023,Coal,,,0.0
United Kingdom,1997,1A2D,ABFLOW023,Natural gas,,,0.0
United Kingdom,1997,1A2D,ABFLOW023,Oil,,,0.0
United Kingdom,1997,1A2E,ABFLOW022,Coal,,,0.0
United Kingdom,1997,1A2E,ABFLOW022,Natural gas,,,0.0
United Kingdom,1997,1A2E,ABFLOW022,Oil,,,0.0
United Kingdom,1997,1A2F,ABFLOW019,Coal,,,0.0
United Kingdom,1997,1A2F,ABFLOW019,Natural gas,,,0.0
United Kingdom,1997,1A2F,ABFLOW019,Oil,,,0.0
United Kingdom,1997,1A2G,ABFLOW020,Coal,,,0.0
United Kingdom,1997,1A2G,ABFLOW020,Natural gas,,,0.0
United Kingdom,1997,1A2G,ABFLOW020,Oil,,,0.0
United Kingdom,1997,1A2H,ABFLOW021,Coal,,,0.0
United Kingdom,1997,1A2H,ABFLOW021,Natural gas,,,0.0
United Kingdom,1997,1A2H,ABFLOW021,Oil,,,0.0
United Kingdom,1997,1A2I,ABFLOW013,Coal,,,0.0
United Kingdom,1997,1A2I,ABFLOW013,Natural gas,,,0.0
United Kingdom,1997,1A2I,ABFLOW013,Oil,,,0.0
United Kingdom,1997,1A2J,ABFLOW024,Coal,,,0.0
United Kingdom,1997,1A2J,ABFLOW024,Natural gas,,,0.0
United Kingdom,1997,1A2J,ABFLOW024,Oil,,,0.0
United Kingdom,1997,1A2K,ABFLOW014,Coal,,,0.0
United Kingdom,1997,1A2K,ABFLOW014,Natural gas,,,0.0
United Kingdom,1997,1A2K,ABFLOW014,Oil,,,0.0
United Kingdom,1997,1A2L,ABFLOW025,Coal,,,0.0
United Kingdom,1997,1A2L,ABFLOW025,Natural gas,,,0.0
United Kingdom,1997,1A2L,ABFLOW025,Oil,,,0.0
United Kingdom,1997,1A2M,ABFLOW026,Coal,,,0.0
United Kingdom,1997,1A2M,ABFLOW026,Natural gas,,,0.0
United Kingdom,1997,1A2M,ABFLOW026,Oil,,,0.0
United Kingdom,1997,1A3,ABFLOW027,Coal,,,0.0
United Kingdom,1997,1A3,ABFLOW027,Natural gas,,,0.0
United Kingdom,1997,1A3,ABFLOW027,Oil,,,0.0
United Kingdom,1997,1A3A1,ABFLOW040,Coal,,,0.0
United Kingdom,1997,1A3A1,ABFLOW040,Natural gas,,,0.0
United Kingdom,1997,1A3A1,ABFLOW040,Oil,,,0.0
United Kingdom,1997,1A3A2,ABFLOW029,Coal,,,0.0
United Kingdom,1997,1A3A2,ABFLOW029,Natural gas,,,0.0
United Kingdom,1997,1A3A2,ABFLOW029,Oil,,,0.0
United Kingdom,1997,1A3B,ABFLOW028,Coal,,,0.0
United Kingdom,1997,1A3B,ABFLOW028,Natural gas,,,0.0
United Kingdom,1997,1A3B,ABFLOW028,Oil,,,0.0
United Kingdom,1997,1A3C,ABFLOW030,Coal,,,0.0
United Kingdom,1997,1A3C,ABFLOW030,Natural gas,,,0.0
United Kingdom,1997,1A3C,ABFLOW030,Oil,,,0.0
United Kingdom,1997,1A3D1,ABFLOW039,Coal,,,0.0
United Kingdom,1997,1A3D1,ABFLOW039,Natural gas,,,0.0
United Kingdom,1997,1A3D1,ABFLOW039,Oil,,,0.0
United Kingdom,1997,1A3D2,ABFLOW032,Coal,,,0.0
United Kingdom,1997,1A3D2,ABFLOW032,Natural gas,,,0.0
United Kingdom,1997,1A3D2,ABFLOW032,Oil,,,0.0
United Kingdom,1997,1A3E1,ABFLOW033,Coal,,,0.0
United Kingdom,1997,1A3E1,ABFLOW033,Natural gas,,,0.0
United Kingdom,1997,1A3E1,ABFLOW033,Oil,,,0.0
United Kingdom,1997,1A4A,ABFLOW035,Coal,,,0.0
United Kingdom,1997,1A4A,ABFLOW035,Natural gas,,,0.0
United Kingdom,1997,1A4A,ABFLOW035,Oil,,,0.0
United Kingdom,1997,1A4B,ABFLOW034,Coal,,,0.0
United Kingdom,1997,1A4B,ABFLOW034,Natural gas,,,0.0
United Kingdom,1997,1A4B,ABFLOW034,Oil,,,0.0
United Kingdom,1997,1A4C1,ABFLOW036,Coal,,,0.0
United Kingdom,1997,1A4C1,ABFLOW036,Natural gas,,,0.0
United Kingdom,1997,1A4C1,ABFLOW036,Oil,,,0.0
United Kingdom,1997,1A4C2,ABFLOW037,Coal,,,0.0
United Kingdom,1997,1A4C2,ABFLOW037,Natural gas,,,0.0
United Kingdom,1997,1A4C2,ABFLOW037,Oil,,,0.0
United Kingdom,1997,1A5,ABFLOW038,Coal,,,0.0
United Kingdom,1997,1A5,ABFLOW038,Natural gas,,,0.0
United Kingdom,1997,1A5,ABFLOW038,Oil,,,0.0
United Kingdom,1998,1A,ABFLOW001,Coal,,,0.0
United Kingdom,1998,1A,ABFLOW001,Natural gas,,,0.0
United Kingdom,1998,1A,ABFLOW001,Oil,,,0.0
United Kingdom,1998,1A1A,ABFLOW002,Coal,,,0.0
United Kingdom,1998,1A1A,ABFLOW002,Natural gas,,,0.0
United Kingdom,1998,1A1A,ABFLOW002,Oil,,,0.0
United Kingdom,1998,1A1A1,ABFLOW003,Coal,,,0.0
United Kingdom,1998,1A1A1,ABFLOW003,Natural gas,,,0.0
United Kingdom,1998,1A1A1,ABFLOW003,Oil,,,0.0
United Kingdom,1998,1A1A2,ABFLOW004,Coal,,,0.0
United Kingdom,1998,1A1A2,ABFLOW004,Natural gas,,,0.0
United Kingdom,1998,1A1A2,ABFLOW004,Oil,,,0.0
United Kingdom,1998,1A1A3,ABFLOW005,Coal,,,0.0
United Kingdom,1998,1A1A3,ABFLOW005,Natural gas,,,0.0
United Kingdom,1998,1A1A3,ABFLOW005,Oil,,,0.0
United Kingdom,1998,1A1B,ABFLOW011,Coal,,,0.0
United Kingdom,1998,1A1B,ABFLOW011,Natural gas,,,0.0
United Kingdom,1998,1A1B,ABFLOW011,Oil,,,0.0
United Kingdom,1998,1A1C,ABFLOW011,Coal,,,0.0
United Kingdom,1998,1A1C,ABFLOW011,Natural gas,,,0.0
United Kingdom,1998,1A1C,ABFLOW011,Oil,,,0.0
United Kingdom,1998,1A2,ABFLOW012,Coal,,,0.0
United Kingdom,1998,1A2,ABFLOW012,Natural gas,,,0.0
United Kingdom,1998,1A2,ABFLOW012,Oil,,,0.0
United Kingdom,1998,1A2A,ABFLOW016,Coal,,,0.0
United Kingdom,1998,1A2A,ABFLOW016,Natural gas,,,0.0
United Kingdom,1998,1A2A,ABFLOW016,Oil,,,0.0
United Kingdom,1998,1A2B,ABFLOW018,Coal,,,0.0
United Kingdom,1998,1A2B,ABFLOW018,Natural gas,,,0.0
United Kingdom,1998,1A2B,ABFLOW018,Oil,,,0.0
United Kingdom,1998,1A2C,ABFLOW017,Coal,,,0.0
United Kingdom,1998,1A2C,ABFLOW017,Natural gas,,,0.0
United Kingdom,1998,1A2C,ABFLOW017,Oil,,,0.0
United Kingdom,1998,1A2D,ABFLOW023,Coal,,,0.0
United Kingdom,1998,1A2D,ABFLOW023,Natural gas,,,0.0
United Kingdom,1998,1A2D,ABFLOW023,Oil,,,0.0
United Kingdom,1998,1A2E,ABFLOW022,Coal,,,0.0
United Kingdom,1998,1A2E,ABFLOW022,Natural gas,,,0.0
United Kingdom,1998,1A2E,ABFLOW022,Oil,,,0.0
United Kingdom,1998,1A2F,ABFLOW019,Coal,,,0.0
United Kingdom,1998,1A2F,ABFLOW019,Natural gas,,,0.0
United Kingdom,1998,1A2F,ABFLOW019,Oil,,,0.0
United Kingdom,1998,1A2G,ABFLOW020,Coal,,,0.0
United Kingdom,1998,1A2G,ABFLOW020,Natural gas,,,0.0
United Kingdom,1998,1A2G,ABFLOW020,Oil,,,0.0
United Kingdom,1998,1A2H,ABFLOW021,Coal,,,0.0
United Kingdom,1998,1A2H,ABFLOW021,Natural gas,,,0.0
United Kingdom,1998,1A2H,ABFLOW021,Oil,,,0.0
United Kingdom,1998,1A2I,ABFLOW013,Coal,,,0.0
United Kingdom,1998,1A2I,ABFLOW013,Natural gas,,,0.0
United Kingdom,1998,1A2I,ABFLOW013,Oil,,,0.0
United Kingdom,1998,1A2J,ABFLOW024,Coal,,,0.0
United Kingdom,1998,1A2J,ABFLOW024,Natural gas,,,0.0
United Kingdom,1998,1A2J,ABFLOW024,Oil,,,0.0
United Kingdom,1998,1A2K,ABFLOW014,Coal,,,0.0
United Kingdom,1998,1A2K,ABFLOW014,Natural gas,,,0.0
United Kingdom,1998,1A2K,ABFLOW014,Oil,,,0.0
United Kingdom,1998,1A2L,ABFLOW025,Coal,,,0.0
United Kingdom,1998,1A2L,ABFLOW025,Natural gas,,,0.0
United Kingdom,1998,1A2L,ABFLOW025,Oil,,,0.0
United Kingdom,1998,1A2M,ABFLOW026,Coal,,,0.0
United Kingdom,1998,1A2M,ABFLOW026,Natural gas,,,0.0
United Kingdom,1998,1A2M,ABFLOW026,Oil,,,0.0
United Kingdom,1998,1A3,ABFLOW027,Coal,,,0.0
United Kingdom,1998,1A3,ABFLOW027,Natural gas,,,0.0
United Kingdom,1998,1A3,ABFLOW027,Oil,,,0.0
United Kingdom,1998,1A3A1,ABFLOW040,Coal,,,0.0
United Kingdom,1998,1A3A1,ABFLOW040,Natural gas,,,0.0
United Kingdom,1998,1A3A1,ABFLOW040,Oil,,,0.0
United Kingdom,1998,1A3A2,ABFLOW029,Coal,,,0.0
United Kingdom,1998,1A3A2,ABFLOW029,Natural gas,,,0.0
United Kingdom,1998,1A3A2,ABFLOW029,Oil,,,0.0
United Kingdom,1998,1A3B,ABFLOW028,Coal,,,0.0
United Kingdom,1998,1A3B,ABFLOW028,Natural gas,,,0.0
United Kingdom,1998,1A3B,ABFLOW028,Oil,,,0.0
United Kingdom,1998,1A3C,ABFLOW030,Coal,,,0.0
United Kingdom,1998,1A3C,ABFLOW030,Natural gas,,,0.0
United Kingdom,1998,1A3C,ABFLOW030,Oil,,,0.0
United Kingdom,1998,1A3D1,ABFLOW039,Coal,,,0.0
United Kingdom,1998,1A3D1,ABFLOW039,Natural gas,,,0.0
United Kingdom,1998,1A3D1,ABFLOW039,Oil,,,0.0
United Kingdom,1998,1A3D2,ABFLOW032,Coal,,,0.0
United Kingdom,1998,1A3D2,ABFLOW032,Natural gas,,,0.0
United Kingdom,1998,1A3D2,ABFLOW032,Oil,,,0.0
United Kingdom,1998,1A3E1,ABFLOW033,Coal,,,0.0
United Kingdom,1998,1A3E1,ABFLOW033,Natural gas,,,0.0
United Kingdom,1998,1A3E1,ABFLOW033,Oil,,,0.0
United Kingdom,1998,1A4A,ABFLOW035,Coal,,,0.0
United Kingdom,1998,1A4A,ABFLOW035,Natural gas,,,0.0
United Kingdom,1998,1A4A,ABFLOW035,Oil,,,0.0
United Kingdom,1998,1A4B,ABFLOW034,Coal,,,0.0
United Kingdom,1998,1A4B,ABFLOW034,Natural gas,,,0.0
United Kingdom,1998,1A4B,ABFLOW034,Oil,,,0.0
United Kingdom,1998,1A4C1,ABFLOW036,Coal,,,0.0
United Kingdom,1998,1A4C1,ABFLOW036,Natural gas,,,0.0
United Kingdom,1998,1A4C1,ABFLOW036,Oil,,,0.0
United Kingdom,1998,1A4C2,ABFLOW037,Coal,,,0.0
United Kingdom,1998,1A4C2,ABFLOW037,Natural gas,,,0.0
United Kingdom,1998,1A4C2,ABFLOW037,Oil,,,0.0
United Kingdom,1998,1A5,ABFLOW038,Coal,,,0.0
United Kingdom,1998,1A5,ABFLOW038,Natural gas,,,0.0
United Kingdom,1998,1A5,ABFLOW038,Oil,,,0.0
United Kingdom,1999,1A,ABFLOW001,Coal,,,0.0
United Kingdom,1999,1A,ABFLOW001,Natural gas,,,0.0
United Kingdom,1999,1A,ABFLOW001,Oil,,,0.0
United Kingdom,1999,1A1A,ABFLOW002,Coal,,,0.0
United Kingdom,1999,1A1A,ABFLOW002,Natural gas,,,0.0
United Kingdom,1999,1A1A,ABFLOW002,Oil,,,0.0
United Kingdom,1999,1A1A1,ABFLOW003,Coal,,,0.0
United Kingdom,1999,1A1A1,ABFLOW003,Natural gas,,,0.0
United Kingdom,1999,1A1A1,ABFLOW003,Oil,,,0.0
United Kingdom,1999,1A1A2,ABFLOW004,Coal,,,0.0
United Kingdom,1999,1A1A2,ABFLOW004,Natural gas,,,0.0
United Kingdom,1999,1A1A2,ABFLOW004,Oil,,,0.0
United Kingdom,1999,1A1A3,ABFLOW005,Coal,,,0.0
United Kingdom,1999,1A1A3,ABFLOW005,Natural gas,,,0.0
United Kingdom,1999,1A1A3,ABFLOW005,Oil,,,0.0
United Kingdom,1999,1A1B,ABFLOW011,Coal,,,0.0
United Kingdom,1999,1A1B,ABFLOW011,Natural gas,,,0.0
United Kingdom,1999,1A1B,ABFLOW011,Oil,,,0.0
United Kingdom,1999,1A1C,ABFLOW011,Coal,,,0.0
United Kingdom,1999,1A1C,ABFLOW011,Natural gas,,,0.0
United Kingdom,1999,1A1C,ABFLOW011,Oil,,,0.0
United Kingdom,1999,1A2,ABFLOW012,Coal,,,0.0
United Kingdom,1999,1A2,ABFLOW012,Natural gas,,,0.0
United Kingdom,1999,1A2,ABFLOW012,Oil,,,0.0
United Kingdom,1999,1A2A,ABFLOW016,Coal,,,0.0
United Kingdom,1999,1A2A,ABFLOW016,Natural gas,,,0.0
United Kingdom,1999,1A2A,ABFLOW016,Oil,,,0.0
United Kingdom,1999,1A2B,ABFLOW018,Coal,,,0.0
United Kingdom,1999,1A2B,ABFLOW018,Natural gas,,,0.0
United Kingdom,1999,1A2B,ABFLOW018,Oil,,,0.0
United Kingdom,1999,1A2C,ABFLOW017,Coal,,,0.0
United Kingdom,1999,1A2C,ABFLOW017,Natural gas,,,0.0
United Kingdom,1999,1A2C,ABFLOW017,Oil,,,0.0
United Kingdom,1999,1A2D,ABFLOW023,Coal,,,0.0
United Kingdom,1999,1A2D,ABFLOW023,Natural gas,,,0.0
United Kingdom,1999,1A2D,ABFLOW023,Oil,,,0.0
United Kingdom,1999,1A2E,ABFLOW022,Coal,,,0.0
United Kingdom,1999,1A2E,ABFLOW022,Natural gas,,,0.0
United Kingdom,1999,1A2E,ABFLOW022,Oil,,,0.0
United Kingdom,1999,1A2F,ABFLOW019,Coal,,,0.0
United Kingdom,1999,1A2F,ABFLOW019,Natural gas,,,0.0
United Kingdom,1999,1A2F,ABFLOW019,Oil,,,0.0
United Kingdom,1999,1A2G,ABFLOW020,Coal,,,0.0
United Kingdom,1999,1A2G,ABFLOW020,Natural gas,,,0.0
United Kingdom,1999,1A2G,ABFLOW020,Oil,,,0.0
United Kingdom,1999,1A2H,ABFLOW021,Coal,,,0.0
United Kingdom,1999,1A2H,ABFLOW021,Natural gas,,,0.0
United Kingdom,1999,1A2H,ABFLOW021,Oil,,,0.0
United Kingdom,1999,1A2I,ABFLOW013,Coal,,,0.0
United Kingdom,1999,1A2I,ABFLOW013,Natural gas,,,0.0
United Kingdom,1999,1A2I,ABFLOW013,Oil,,,0.0
United Kingdom,1999,1A2J,ABFLOW024,Coal,,,0.0
United Kingdom,1999,1A2J,ABFLOW024,Natural gas,,,0.0
United Kingdom,1999,1A2J,ABFLOW024,Oil,,,0.0
United Kingdom,1999,1A2K,ABFLOW014,Coal,,,0.0
United Kingdom,1999,1A2K,ABFLOW014,Natural gas,,,0.0
United Kingdom,1999,1A2K,ABFLOW014,Oil,,,0.0
United Kingdom,1999,1A2L,ABFLOW025,Coal,,,0.0
United Kingdom,1999,1A2L,ABFLOW025,Natural gas,,,0.0
United Kingdom,1999,1A2L,ABFLOW025,Oil,,,0.0
United Kingdom,1999,1A2M,ABFLOW026,Coal,,,0.0
United Kingdom,1999,1A2M,ABFLOW026,Natural gas,,,0.0
United Kingdom,1999,1A2M,ABFLOW026,Oil,,,0.0
United Kingdom,1999,1A3,ABFLOW027,Coal,,,0.0
United Kingdom,1999,1A3,ABFLOW027,Natural gas,,,0.0
United Kingdom,1999,1A3,ABFLOW027,Oil,,,0.0
United Kingdom,1999,1A3A1,ABFLOW040,Coal,,,0.0
United Kingdom,1999,1A3A1,ABFLOW040,Natural gas,,,0.0
United Kingdom,1999,1A3A1,ABFLOW040,Oil,,,0.0
United Kingdom,1999,1A3A2,ABFLOW029,Coal,,,0.0
United Kingdom,1999,1A3A2,ABFLOW029,Natural gas,,,0.0
United Kingdom,1999,1A3A2,ABFLOW029,Oil,,,0.0
United Kingdom,1999,1A3B,ABFLOW028,Coal,,,0.0
United Kingdom,1999,1A3B,ABFLOW028,Natural gas,,,0.0
United Kingdom,1999,1A3B,ABFLOW028,Oil,,,0.0
United Kingdom,1999,1A3C,ABFLOW030,Coal,,,0.0
United Kingdom,1999,1A3C,ABFLOW030,Natural gas,,,0.0
United Kingdom,1999,1A3C,ABFLOW030,Oil,,,0.0
United Kingdom,1999,1A3D1,ABFLOW039,Coal,,,0.0
United Kingdom,1999,1A3D1,ABFLOW039,Natural gas,,,0.0
United Kingdom,1999,1A3D1,ABFLOW039,Oil,,,0.0
United Kingdom,1999,1A3D2,ABFLOW032,Coal,,,0.0
United Kingdom,1999,1A3D2,ABFLOW032,Natural gas,,,0.0
United Kingdom,1999,1A3D2,ABFLOW032,Oil,,,0.0
United Kingdom,1999,1A3E1,ABFLOW033,Coal,,,0.0
United Kingdom,1999,1A3E1,ABFLOW033,Natural gas,,,0.0
United Kingdom,1999,1A3E1,ABFLOW033,Oil,,,0.0
United Kingdom,1999,1A4A,ABFLOW035,Coal,,,0.0
United Kingdom,1999,1A4A,ABFLOW035,Natural gas,,,0.0
United Kingdom,1999,1A4A,ABFLOW035,Oil,,,0.0
United Kingdom,1999,1A4B,ABFLOW034,Coal,,,0.0
United Kingdom,1999,1A4B,ABFLOW034,Natural gas,,,0.0
United Kingdom,1999,1A4B,ABFLOW034,Oil,,,0.0
United Kingdom,1999,1A4C1,ABFLOW036,Coal,,,0.0
United Kingdom,1999,1A4C1,ABFLOW036,Natural gas,,,0.0
United Kingdom,1999,1A4C1,ABFLOW036,Oil,,,0.0
United Kingdom,1999,1A4C2,ABFLOW037,Coal,,,0.0
United Kingdom,1999,1A4C2,ABFLOW037,Natural gas,,,0.0
United Kingdom,1999,1A4C2,ABFLOW037,Oil,,,0.0
United Kingdom,1999,1A5,ABFLOW038,Coal,,,0.0
United Kingdom,1999,1A5,ABFLOW038,Natural gas,,,0.0
United Kingdom,1999,1A5,ABFLOW038,Oil,,,0.0
United Kingdom,2000,1A,ABFLOW001,Coal,,,0.0
United Kingdom,2000,1A,ABFLOW001,Natural gas,,,0.0
United Kingdom,2000,1A,ABFLOW001,Oil,,,0.0
United Kingdom,2000,1A1A,ABFLOW002,Coal,,,0.0
United Kingdom,2000,1A1A,ABFLOW002,Natural gas,,,0.0
United Kingdom,2000,1A1A,ABFLOW002,Oil,,,0.0
United Kingdom,2000,1A1A1,ABFLOW003,Coal,,,0.0
United Kingdom,2000,1A1A1,ABFLOW003,Natural gas,,,0.0
United Kingdom,2000,1A1A1,ABFLOW003,Oil,,,0.0
United Kingdom,2000,1A1A2,ABFLOW004,Coal,,,0.0
United Kingdom,2000,1A1A2,ABFLOW004,Natural gas,,,0.0
United Kingdom,2000,1A1A2,ABFLOW004,Oil,,,0.0
United Kingdom,2000,1A1A3,ABFLOW005,Coal,,,0.0
United Kingdom,2000,1A1A3,ABFLOW005,Natural gas,,,0.0
United Kingdom,2000,1A1A3,ABFLOW005,Oil,,,0.0
United Kingdom,2000,1A1B,ABFLOW011,Coal,,,0.0
United Kingdom,2000,1A1B,ABFLOW011,Natural gas,,,0.0
United Kingdom,2000,1A1B,ABFLOW011,Oil,,,0.0
United Kingdom,2000,1A1C,ABFLOW011,Coal,,,0.0
United Kingdom,2000,1A1C,ABFLOW011,Natural gas,,,0.0
United Kingdom,2000,1A1C,ABFLOW011,Oil,,,0.0
United Kingdom,2000,1A2,ABFLOW012,Coal,,,0.0
United Kingdom,2000,1A2,ABFLOW012,Natural gas,,,0.0
United Kingdom,2000,1A2,ABFLOW012,Oil,,,0.0
United Kingdom,2000,1A2A,ABFLOW016,Coal,,,0.0
United Kingdom,2000,1A2A,ABFLOW016,Natural gas,,,0.0
United Kingdom,2000,1A2A,ABFLOW016,Oil,,,0.0
United Kingdom,2000,1A2B,ABFLOW018,Coal,,,0.0
United Kingdom,2000,1A2B,ABFLOW018,Natural gas,,,0.0
United Kingdom,2000,1A2B,ABFLOW018,Oil,,,0.0
United Kingdom,2000,1A2C,ABFLOW017,Coal,,,0.0
United Kingdom,2000,1A2C,ABFLOW017,Natural gas,,,0.0
United Kingdom,2000,1A2C,ABFLOW017,Oil,,,0.0
United Kingdom,2000,1A2D,ABFLOW023,Coal,,,0.0
United Kingdom,2000,1A2D,ABFLOW023,Natural gas,,,0.0
United Kingdom,2000,1A2D,ABFLOW023,Oil,,,0.0
United Kingdom,2000,1A2E,ABFLOW022,Coal,,,0.0
United Kingdom,2000,1A2E,ABFLOW022,Natural gas,,,0.0
United Kingdom,2000,1A2E,ABFLOW022,Oil,,,0.0
United Kingdom,2000,1A2F,ABFLOW019,Coal,,,0.0
United Kingdom,2000,1A2F,ABFLOW019,Natural gas,,,0.0
United Kingdom,2000,1A2F,ABFLOW019,Oil,,,0.0
United Kingdom,2000,1A2G,ABFLOW020,Coal,,,0.0
United Kingdom,2000,1A2G,ABFLOW020,Natural gas,,,0.0
United Kingdom,2000,1A2G,ABFLOW020,Oil,,,0.0
United Kingdom,2000,1A2H,ABFLOW021,Coal,,,0.0
United Kingdom,2000,1A2H,ABFLOW021,Natural gas,,,0.0
United Kingdom,2000,1A2H,ABFLOW021,Oil,,,0.0
United Kingdom,2000,1A2I,ABFLOW013,Coal,,,0.0
United Kingdom,2000,1A2I,ABFLOW013,Natural gas,,,0.0
United Kingdom,2000,1A2I,ABFLOW013,Oil,,,0.0
United Kingdom,2000,1A2J,ABFLOW024,Coal,,,0.0
United Kingdom,2000,1A2J,ABFLOW024,Natural gas,,,0.0
United Kingdom,2000,1A2J,ABFLOW024,Oil,,,0.0
United Kingdom,2000,1A2K,ABFLOW014,Coal,,,0.0
United Kingdom,2000,1A2K,ABFLOW014,Natural gas,,,0.0
United Kingdom,2000,1A2K,ABFLOW014,Oil,,,0.0
United Kingdom,2000,1A2L,ABFLOW025,Coal,,,0.0
United Kingdom,2000,1A2L,ABFLOW025,Natural gas,,,0.0
United Kingdom,2000,1A2L,ABFLOW025,Oil,,,0.0
United Kingdom,2000,1A2M,ABFLOW026,Coal,,,0.0
United Kingdom,2000,1A2M,ABFLOW026,Natural gas,,,0.0
United Kingdom,2000,1A2M,ABFLOW026,Oil,,,0.0
United Kingdom,2000,1A3,ABFLOW027,Coal,,,0.0
United Kingdom,2000,1A3,ABFLOW027,Natural gas,,,0.0
United Kingdom,2000,1A3,ABFLOW027,Oil,,,0.0
United Kingdom,2000,1A3A1,ABFLOW040,Coal,,,0.0
United Kingdom,2000,1A3A1,ABFLOW040,Natural gas,,,0.0
United Kingdom,2000,1A3A1,ABFLOW040,Oil,,,0.0
United Kingdom,2000,1A3A2,ABFLOW029,Coal,,,0.0
United Kingdom,2000,1A3A2,ABFLOW029,Natural gas,,,0.0
United Kingdom,2000,1A3A2,ABFLOW029,Oil,,,0.0
United Kingdom,2000,1A3B,ABFLOW028,Coal,,,0.0
United Kingdom,2000,1A3B,ABFLOW028,Natural gas,,,0.0
United Kingdom,2000,1A3B,ABFLOW028,Oil,,,0.0
United Kingdom,2000,1A3C,ABFLOW030,Coal,,,0.0
United Kingdom,2000,1A3C,ABFLOW030,Natural gas,,,0.0
United Kingdom,2000,1A3C,ABFLOW030,Oil,,,0.0
United Kingdom,2000,1A3D1,ABFLOW039,Coal,,,0.0
United Kingdom,2000,1A3D1,ABFLOW039,Natural gas,,,0.0
United Kingdom,2000,1A3D1,ABFLOW039,Oil,,,0.0
United Kingdom,2000,1A3D2,ABFLOW032,Coal,,,0.0
United Kingdom,2000,1A3D2,ABFLOW032,Natural gas,,,0.0
United Kingdom,2000,1A3D2,ABFLOW032,Oil,,,0.0
United Kingdom,2000,1A3E1,ABFLOW033,Coal,,,0.0
United Kingdom,2000,1A3E1,ABFLOW033,Natural gas,,,0.0
United Kingdom,2000,1A3E1,ABFLOW033,Oil,,,0.0
United Kingdom,2000,1A4A,ABFLOW035,Coal,,,0.0
United Kingdom,2000,1A4A,ABFLOW035,Natural gas,,,0.0
United Kingdom,2000,1A4A,ABFLOW035,Oil,,,0.0
United Kingdom,2000,1A4B,ABFLOW034,Coal,,,0.0
United Kingdom,2000,1A4B,ABFLOW034,Natural gas,,,0.0
United Kingdom,2000,1A4B,ABFLOW034,Oil,,,0.0
United Kingdom,2000,1A4C1,ABFLOW036,Coal,,,0.0
United Kingdom,2000,1A4C1,ABFLOW036,Natural gas,,,0.0
United Kingdom,2000,1A4C1,ABFLOW036,Oil,,,0.0
United Kingdom,2000,1A4C2,ABFLOW037,Coal,,,0.0
United Kingdom,2000,1A4C2,ABFLOW037,Natural gas,,,0.0
United Kingdom,2000,1A4C2,ABFLOW037,Oil,,,0.0
United Kingdom,2000,1A5,ABFLOW038,Coal,,,0.0
United Kingdom,2000,1A5,ABFLOW038,Natural gas,,,0.0
United Kingdom,2000,1A5,ABFLOW038,Oil,,,0.0
United Kingdom,2001,1A,ABFLOW001,Coal,,,0.0
United Kingdom,2001,1A,ABFLOW001,Natural gas,,,0.0
United Kingdom,2001,1A,ABFLOW001,Oil,,,0.0
United Kingdom,2001,1A1A,ABFLOW002,Coal,,,0.0
United Kingdom,2001,1A1A,ABFLOW002,Natural gas,,,0.0
United Kingdom,2001,1A1A,ABFLOW002,Oil,,,0.0
United Kingdom,2001,1A1A1,ABFLOW003,Coal,,,0.0
United Kingdom,2001,1A1A1,ABFLOW003,Natural gas,,,0.0
United Kingdom,2001,1A1A1,ABFLOW003,Oil,,,0.0
United Kingdom,2001,1A1A2,ABFLOW004,Coal,,,0.0
United Kingdom,2001,1A1A2,ABFLOW004,Natural gas,,,0.0
United Kingdom,2001,1A1A2,ABFLOW004,Oil,,,0.0
United Kingdom,2001,1A1A3,ABFLOW005,Coal,,,0.0
United Kingdom,2001,1A1A3,ABFLOW005,Natural gas,,,0.0
United Kingdom,2001,1A1A3,ABFLOW005,Oil,,,0.0
United Kingdom,2001,1A1B,ABFLOW011,Coal,,,0.0
United Kingdom,2001,1A1B,ABFLOW011,Natural gas,,,0.0
United Kingdom,2001,1A1B,ABFLOW011,Oil,,,0.0
United Kingdom,2001,1A1C,ABFLOW011,Coal,,,0.0
United Kingdom,2001,1A1C,ABFLOW011,Natural gas,,,0.0
United Kingdom,2001,1A1C,ABFLOW011,Oil,,,0.0
United Kingdom,2001,1A2,ABFLOW012,Coal,,,0.0
United Kingdom,2001,1A2,ABFLOW012,Natural gas,,,0.0
United Kingdom,2001,1A2,ABFLOW012,Oil,,,0.0
United Kingdom,2001,1A2A,ABFLOW016,Coal,,,0.0
United Kingdom,2001,1A2A,ABFLOW016,Natural gas,,,0.0
United Kingdom,2001,1A2A,ABFLOW016,Oil,,,0.0
United Kingdom,2001,1A2B,ABFLOW018,Coal,,,0.0
United Kingdom,2001,1A2B,ABFLOW018,Natural gas,,,0.0
United Kingdom,2001,1A2B,ABFLOW018,Oil,,,0.0
United Kingdom,2001,1A2C,ABFLOW017,Coal,,,0.0
United Kingdom,2001,1A2C,ABFLOW017,Natural gas,,,0.0
United Kingdom,2001,1A2C,ABFLOW017,Oil,,,0.0
United Kingdom,2001,1A2D,ABFLOW023,Coal,,,0.0
United Kingdom,2001,1A2D,ABFLOW023,Natural gas,,,0.0
United Kingdom,2001,1A2D,ABFLOW023,Oil,,,0.0
United Kingdom,2001,1A2E,ABFLOW022,Coal,,,0.0
United Kingdom,2001,1A2E,ABFLOW022,Natural gas,,,0.0
United Kingdom,2001,1A2E,ABFLOW022,Oil,,,0.0
United Kingdom,2001,1A2F,ABFLOW019,Coal,,,0.0
United Kingdom,2001,1A2F,ABFLOW019,Natural gas,,,0.0
United Kingdom,2001,1A2F,ABFLOW019,Oil,,,0.0
United Kingdom,2001,1A2G,ABFLOW020,Coal,,,0.0
United Kingdom,2001,1A2G,ABFLOW020,Natural gas,,,0.0
United Kingdom,2001,1A2G,ABFLOW020,Oil,,,0.0
United Kingdom,2001,1A2H,ABFLOW021,Coal,,,0.0
United Kingdom,2001,1A2H,ABFLOW021,Natural gas,,,0.0
United Kingdom,2001,1A2H,ABFLOW021,Oil,,,0.0
United Kingdom,2001,1A2I,ABFLOW013,Coal,,,0.0
United Kingdom,2001,1A2I,ABFLOW013,Natural gas,,,0.0
United Kingdom,2001,1A2I,ABFLOW013,Oil,,,0.0
United Kingdom,2001,1A2J,ABFLOW024,Coal,,,0.0
United Kingdom,2001,1A2J,ABFLOW024,Natural gas,,,0.0
United Kingdom,2001,1A2J,ABFLOW024,Oil,,,0.0
United Kingdom,2001,1A2K,ABFLOW014,Coal,,,0.0
United Kingdom,2001,1A2K,ABFLOW014,Natural gas,,,0.0
United Kingdom,2001,1A2K,ABFLOW014,Oil,,,0.0
United Kingdom,2001,1A2L,ABFLOW025,Coal,,,0.0
United Kingdom,2001,1A2L,ABFLOW025,Natural gas,,,0.0
United Kingdom,2001,1A2L,ABFLOW025,Oil,,,0.0
United Kingdom,2001,1A2M,ABFLOW026,Coal,,,0.0
United Kingdom,2001,1A2M,ABFLOW026,Natural gas,,,0.0
United Kingdom,2001,1A2M,ABFLOW026,Oil,,,0.0
United Kingdom,2001,1A3,ABFLOW027,Coal,,,0.0
United Kingdom,2001,1A3,ABFLOW027,Natural gas,,,0.0
United Kingdom,2001,1A3,ABFLOW027,Oil,,,0.0
United Kingdom,2001,1A3A1,ABFLOW040,Coal,,,0.0
United Kingdom,2001,1A3A1,ABFLOW040,Natural gas,,,0.0
United Kingdom,2001,1A3A1,ABFLOW040,Oil,,,0.0
United Kingdom,2001,1A3A2,ABFLOW029,Coal,,,0.0
United Kingdom,2001,1A3A2,ABFLOW029,Natural gas,,,0.0
United Kingdom,2001,1A3A2,ABFLOW029,Oil,,,0.0
United Kingdom,2001,1A3B,ABFLOW028,Coal,,,0.0
United Kingdom,2001,1A3B,ABFLOW028,Natural gas,,,0.0
United Kingdom,2001,1A3B,ABFLOW028,Oil,,,0.0
United Kingdom,2001,1A3C,ABFLOW030,Coal,,,0.0
United Kingdom,2001,1A3C,ABFLOW030,Natural gas,,,0.0
United Kingdom,2001,1A3C,ABFLOW030,Oil,,,0.0
United Kingdom,2001,1A3D1,ABFLOW039,Coal,,,0.0
United Kingdom,2001,1A3D1,ABFLOW039,Natural gas,,,0.0
United Kingdom,2001,1A3D1,ABFLOW039,Oil,,,0.0
United Kingdom,2001,1A3D2,ABFLOW032,Coal,,,0.0
United Kingdom,2001,1A3D2,ABFLOW032,Natural gas,,,0.0
United Kingdom,2001,1A3D2,ABFLOW032,Oil,,,0.0
United Kingdom,2001,1A3E1,ABFLOW033,Coal,,,0.0
United Kingdom,2001,1A3E1,ABFLOW033,Natural gas,,,0.0
United Kingdom,2001,1A3E1,ABFLOW033,Oil,,,0.0
United Kingdom,2001,1A4A,ABFLOW035,Coal,,,0.0
United Kingdom,2001,1A4A,ABFLOW035,Natural gas,,,0.0
United Kingdom,2001,1A4A,ABFLOW035,Oil,,,0.0
United Kingdom,2001,1A4B,ABFLOW034,Coal,,,0.0
United Kingdom,2001,1A4B,ABFLOW034,Natural gas,,,0.0
United Kingdom,2001,1A4B,ABFLOW034,Oil,,,0.0
United Kingdom,2001,1A4C1,ABFLOW036,Coal,,,0.0
United Kingdom,2001,1A4C1,ABFLOW036,Natural gas,,,0.0
United Kingdom,2001,1A4C1,ABFLOW036,Oil,,,0.0
United Kingdom,2001,1A4C2,ABFLOW037,Coal,,,0.0
United Kingdom,2001,1A4C2,ABFLOW037,Natural gas,,,0.0
United Kingdom,2001,1A4C2,ABFLOW037,Oil,,,0.0
United Kingdom,2001,1A5,ABFLOW038,Coal,,,0.0
United Kingdom,2001,1A5,ABFLOW038,Natural gas,,,0.0
United Kingdom,2001,1A5,ABFLOW038,Oil,,,0.0
United Kingdom,2002,1A,ABFLOW001,Coal,,,0.0
United Kingdom,2002,1A,ABFLOW001,Natural gas,,,0.0
United Kingdom,2002,1A,ABFLOW001,Oil,,,0.0
United Kingdom,2002,1A1A,ABFLOW002,Coal,,,0.0
United Kingdom,2002,1A1A,ABFLOW002,Natural gas,,,0.0
United Kingdom,2002,1A1A,ABFLOW002,Oil,,,0.0
United Kingdom,2002,1A1A1,ABFLOW003,Coal,,,0.0
United Kingdom,2002,1A1A1,ABFLOW003,Natural gas,,,0.0
United Kingdom,2002,1A1A1,ABFLOW003,Oil,,,0.0
United Kingdom,2002,1A1A2,ABFLOW004,Coal,,,0.0
United Kingdom,2002,1A1A2,ABFLOW004,Natural gas,,,0.0
United Kingdom,2002,1A1A2,ABFLOW004,Oil,,,0.0
United Kingdom,2002,1A1A3,ABFLOW005,Coal,,,0.0
United Kingdom,2002,1A1A3,ABFLOW005,Natural gas,,,0.0
United Kingdom,2002,1A1A3,ABFLOW005,Oil,,,0.0
United Kingdom,2002,1A1B,ABFLOW011,Coal,,,0.0
United Kingdom,2002,1A1B,ABFLOW011,Natural gas,,,0.0
United Kingdom,2002,1A1B,ABFLOW011,Oil,,,0.0
United Kingdom,2002,1A1C,ABFLOW011,Coal,,,0.0
United Kingdom,2002,1A1C,ABFLOW011,Natural gas,,,0.0
United Kingdom,2002,1A1C,ABFLOW011,Oil,,,0.0
United Kingdom,2002,1A2,ABFLOW012,Coal,,,0.0
United Kingdom,2002,1A2,ABFLOW012,Natural gas,,,0.0
United Kingdom,2002,1A2,ABFLOW012,Oil,,,0.0
United Kingdom,2002,1A2A,ABFLOW016,Coal,,,0.0
United Kingdom,2002,1A2A,ABFLOW016,Natural gas,,,0.0
United Kingdom,2002,1A2A,ABFLOW016,Oil,,,0.0
United Kingdom,2002,1A2B,ABFLOW018,Coal,,,0.0
United Kingdom,2002,1A2B,ABFLOW018,Natural gas,,,0.0
United Kingdom,2002,1A2B,ABFLOW018,Oil,,,0.0
United Kingdom,2002,1A2C,ABFLOW017,Coal,,,0.0
United Kingdom,2002,1A2C,ABFLOW017,Natural gas,,,0.0
United Kingdom,2002,1A2C,ABFLOW017,Oil,,,0.0
United Kingdom,2002,1A2D,ABFLOW023,Coal,,,0.0
United Kingdom,2002,1A2D,ABFLOW023,Natural gas,,,0.0
United Kingdom,2002,1A2D,ABFLOW023,Oil,,,0.0
United Kingdom,2002,1A2E,ABFLOW022,Coal,,,0.0
United Kingdom,2002,1A2E,ABFLOW022,Natural gas,,,0.0
United Kingdom,2002,1A2E,ABFLOW022,Oil,,,0.0
United Kingdom,2002,1A2F,ABFLOW019,Coal,,,0.0
United Kingdom,2002,1A2F,ABFLOW019,Natural gas,,,0.0
United Kingdom,2002,1A2F,ABFLOW019,Oil,,,0.0
United Kingdom,2002,1A2G,ABFLOW020,Coal,,,0.0
United Kingdom,2002,1A2G,ABFLOW020,Natural gas,,,0.0
United Kingdom,2002,1A2G,ABFLOW020,Oil,,,0.0
United Kingdom,2002,1A2H,ABFLOW021,Coal,,,0.0
United Kingdom,2002,1A2H,ABFLOW021,Natural gas,,,0.0
United Kingdom,2002,1A2H,ABFLOW021,Oil,,,0.0
United Kingdom,2002,1A2I,ABFLOW013,Coal,,,0.0
United Kingdom,2002,1A2I,ABFLOW013,Natural gas,,,0.0
United Kingdom,2002,1A2I,ABFLOW013,Oil,,,0.0
United Kingdom,2002,1A2J,ABFLOW024,Coal,,,0.0
United Kingdom,2002,1A2J,ABFLOW024,Natural gas,,,0.0
United Kingdom,2002,1A2J,ABFLOW024,Oil,,,0.0
United Kingdom,2002,1A2K,ABFLOW014,Coal,,,0.0
United Kingdom,2002,1A2K,ABFLOW014,Natural gas,,,0.0
United Kingdom,2002,1A2K,ABFLOW014,Oil,,,0.0
United Kingdom,2002,1A2L,ABFLOW025,Coal,,,0.0
United Kingdom,2002,1A2L,ABFLOW025,Natural gas,,,0.0
United Kingdom,2002,1A2L,ABFLOW025,Oil,,,0.0
United Kingdom,2002,1A2M,ABFLOW026,Coal,,,0.0
United Kingdom,2002,1A2M,ABFLOW026,Natural gas,,,0.0
United Kingdom,2002,1A2M,ABFLOW026,Oil,,,0.0
United Kingdom,2002,1A3,ABFLOW027,Coal,,,0.0
United Kingdom,2002,1A3,ABFLOW027,Natural gas,,,0.0
United Kingdom,2002,1A3,ABFLOW027,Oil,,,0.0
United Kingdom,2002,1A3A1,ABFLOW040,Coal,,,0.0
United Kingdom,2002,1A3A1,ABFLOW040,Natural gas,,,0.0
United Kingdom,2002,1A3A1,ABFLOW040,Oil,,,0.0
United Kingdom,2002,1A3A2,ABFLOW029,Coal,,,0.0
United Kingdom,2002,1A3A2,ABFLOW029,Natural gas,,,0.0
United Kingdom,2002,1A3A2,ABFLOW029,Oil,,,0.0
United Kingdom,2002,1A3B,ABFLOW028,Coal,,,0.0
United Kingdom,2002,1A3B,ABFLOW028,Natural gas,,,0.0
United Kingdom,2002,1A3B,ABFLOW028,Oil,,,0.0
United Kingdom,2002,1A3C,ABFLOW030,Coal,,,0.0
United Kingdom,2002,1A3C,ABFLOW030,Natural gas,,,0.0
United Kingdom,2002,1A3C,ABFLOW030,Oil,,,0.0
United Kingdom,2002,1A3D1,ABFLOW039,Coal,,,0.0
United Kingdom,2002,1A3D1,ABFLOW039,Natural gas,,,0.0
United Kingdom,2002,1A3D1,ABFLOW039,Oil,,,0.0
United Kingdom,2002,1A3D2,ABFLOW032,Coal,,,0.0
United Kingdom,2002,1A3D2,ABFLOW032,Natural gas,,,0.0
United Kingdom,2002,1A3D2,ABFLOW032,Oil,,,0.0
United Kingdom,2002,1A3E1,ABFLOW033,Coal,,,0.0
United Kingdom,2002,1A3E1,ABFLOW033,Natural gas,,,0.0
United Kingdom,2002,1A3E1,ABFLOW033,Oil,,,0.0
United Kingdom,2002,1A4A,ABFLOW035,Coal,,,0.0
United Kingdom,2002,1A4A,ABFLOW035,Natural gas,,,0.0
United Kingdom,2002,1A4A,ABFLOW035,Oil,,,0.0
United Kingdom,2002,1A4B,ABFLOW034,Coal,,,0.0
United Kingdom,2002,1A4B,ABFLOW034,Natural gas,,,0.0
United Kingdom,2002,1A4B,ABFLOW034,Oil,,,0.0
United Kingdom,2002,1A4C1,ABFLOW036,Coal,,,0.0
United Kingdom,2002,1A4C1,ABFLOW036,Natural gas,,,0.0
United Kingdom,2002,1A4C1,ABFLOW036,Oil,,,0.0
United Kingdom,2002,1A4C2,ABFLOW037,Coal,,,0.0
United Kingdom,2002,1A4C2,ABFLOW037,Natural gas,,,0.0
United Kingdom,2002,1A4C2,ABFLOW037,Oil,,,0.0
United Kingdom,2002,1A5,ABFLOW038,Coal,,,0.0
United Kingdom,2002,1A5,ABFLOW038,Natural gas,,,0.0
United Kingdom,2002,1A5,ABFLOW038,Oil,,,0.0
United Kingdom,2003,1A,ABFLOW001,Coal,,,0.0
United Kingdom,2003,1A,ABFLOW001,Natural gas,,,0.0
United Kingdom,2003,1A,ABFLOW001,Oil,,,0.0
United Kingdom,2003,1A1A,ABFLOW002,Coal,,,0.0
United Kingdom,2003,1A1A,ABFLOW002,Natural gas,,,0.0
United Kingdom,2003,1A1A,ABFLOW002,Oil,,,0.0
United Kingdom,2003,1A1A1,ABFLOW003,Coal,,,0.0
United Kingdom,2003,1A1A1,ABFLOW003,Natural gas,,,0.0
United Kingdom,2003,1A1A1,ABFLOW003,Oil,,,0.0
United Kingdom,2003,1A1A2,ABFLOW004,Coal,,,0.0
United Kingdom,2003,1A1A2,ABFLOW004,Natural gas,,,0.0
United Kingdom,2003,1A1A2,ABFLOW004,Oil,,,0.0
United Kingdom,2003,1A1A3,ABFLOW005,Coal,,,0.0
United Kingdom,2003,1A1A3,ABFLOW005,Natural gas,,,0.0
United Kingdom,2003,1A1A3,ABFLOW005,Oil,,,0.0
United Kingdom,2003,1A1B,ABFLOW011,Coal,,,0.0
United Kingdom,2003,1A1B,ABFLOW011,Natural gas,,,0.0
United Kingdom,2003,1A1B,ABFLOW011,Oil,,,0.0
United Kingdom,2003,1A1C,ABFLOW011,Coal,,,0.0
United Kingdom,2003,1A1C,ABFLOW011,Natural gas,,,0.0
United Kingdom,2003,1A1C,ABFLOW011,Oil,,,0.0
United Kingdom,2003,1A2,ABFLOW012,Coal,,,0.0
United Kingdom,2003,1A2,ABFLOW012,Natural gas,,,0.0
United Kingdom,2003,1A2,ABFLOW012,Oil,,,0.0
United Kingdom,2003,1A2A,ABFLOW016,Coal,,,0.0
United Kingdom,2003,1A2A,ABFLOW016,Natural gas,,,0.0
United Kingdom,2003,1A2A,ABFLOW016,Oil,,,0.0
United Kingdom,2003,1A2B,ABFLOW018,Coal,,,0.0
United Kingdom,2003,1A2B,ABFLOW018,Natural gas,,,0.0
United Kingdom,2003,1A2B,ABFLOW018,Oil,,,0.0
United Kingdom,2003,1A2C,ABFLOW017,Coal,,,0.0
United Kingdom,2003,1A2C,ABFLOW017,Natural gas,,,0.0
United Kingdom,2003,1A2C,ABFLOW017,Oil,,,0.0
United Kingdom,2003,1A2D,ABFLOW023,Coal,,,0.0
United Kingdom,2003,1A2D,ABFLOW023,Natural gas,,,0.0
United Kingdom,2003,1A2D,ABFLOW023,Oil,,,0.0
United Kingdom,2003,1A2E,ABFLOW022,Coal,,,0.0
United Kingdom,2003,1A2E,ABFLOW022,Natural gas,,,0.0
United Kingdom,2003,1A2E,ABFLOW022,Oil,,,0.0
United Kingdom,2003,1A2F,ABFLOW019,Coal,,,0.0
United Kingdom,2003,1A2F,ABFLOW019,Natural gas,,,0.0
United Kingdom,2003,1A2F,ABFLOW019,Oil,,,0.0
United Kingdom,2003,1A2G,ABFLOW020,Coal,,,0.0
United Kingdom,2003,1A2G,ABFLOW020,Natural gas,,,0.0
United Kingdom,2003,1A2G,ABFLOW020,Oil,,,0.0
United Kingdom,2003,1A2H,ABFLOW021,Coal,,,0.0
United Kingdom,2003,1A2H,ABFLOW021,Natural gas,,,0.0
United Kingdom,2003,1A2H,ABFLOW021,Oil,,,0.0
United Kingdom,2003,1A2I,ABFLOW013,Coal,,,0.0
United Kingdom,2003,1A2I,ABFLOW013,Natural gas,,,0.0
United Kingdom,2003,1A2I,ABFLOW013,Oil,,,0.0
United Kingdom,2003,1A2J,ABFLOW024,Coal,,,0.0
United Kingdom,2003,1A2J,ABFLOW024,Natural gas,,,0.0
United Kingdom,2003,1A2J,ABFLOW024,Oil,,,0.0
United Kingdom,2003,1A2K,ABFLOW014,Coal,,,0.0
United Kingdom,2003,1A2K,ABFLOW014,Natural gas,,,0.0
United Kingdom,2003,1A2K,ABFLOW014,Oil,,,0.0
United Kingdom,2003,1A2L,ABFLOW025,Coal,,,0.0
United Kingdom,2003,1A2L,ABFLOW025,Natural gas,,,0.0
United Kingdom,2003,1A2L,ABFLOW025,Oil,,,0.0
United Kingdom,2003,1A2M,ABFLOW026,Coal,,,0.0
United Kingdom,2003,1A2M,ABFLOW026,Natural gas,,,0.0
United Kingdom,2003,1A2M,ABFLOW026,Oil,,,0.0
United Kingdom,2003,1A3,ABFLOW027,Coal,,,0.0
United Kingdom,2003,1A3,ABFLOW027,Natural gas,,,0.0
United Kingdom,2003,1A3,ABFLOW027,Oil,,,0.0
United Kingdom,2003,1A3A1,ABFLOW040,Coal,,,0.0
United Kingdom,2003,1A3A1,ABFLOW040,Natural gas,,,0.0
United Kingdom,2003,1A3A1,ABFLOW040,Oil,,,0.0
United Kingdom,2003,1A3A2,ABFLOW029,Coal,,,0.0
United Kingdom,2003,1A3A2,ABFLOW029,Natural gas,,,0.0
United Kingdom,2003,1A3A2,ABFLOW029,Oil,,,0.0
United Kingdom,2003,1A3B,ABFLOW028,Coal,,,0.0
United Kingdom,2003,1A3B,ABFLOW028,Natural gas,,,0.0
United Kingdom,2003,1A3B,ABFLOW028,Oil,,,0.0
United Kingdom,2003,1A3C,ABFLOW030,Coal,,,0.0
United Kingdom,2003,1A3C,ABFLOW030,Natural gas,,,0.0
United Kingdom,2003,1A3C,ABFLOW030,Oil,,,0.0
United Kingdom,2003,1A3D1,ABFLOW039,Coal,,,0.0
United Kingdom,2003,1A3D1,ABFLOW039,Natural gas,,,0.0
United Kingdom,2003,1A3D1,ABFLOW039,Oil,,,0.0
United Kingdom,2003,1A3D2,ABFLOW032,Coal,,,0.0
United Kingdom,2003,1A3D2,ABFLOW032,Natural gas,,,0.0
United Kingdom,2003,1A3D2,ABFLOW032,Oil,,,0.0
United Kingdom,2003,1A3E1,ABFLOW033,Coal,,,0.0
United Kingdom,2003,1A3E1,ABFLOW033,Natural gas,,,0.0
United Kingdom,2003,1A3E1,ABFLOW033,Oil,,,0.0
United Kingdom,2003,1A4A,ABFLOW035,Coal,,,0.0
United Kingdom,2003,1A4A,ABFLOW035,Natural gas,,,0.0
United Kingdom,2003,1A4A,ABFLOW035,Oil,,,0.0
United Kingdom,2003,1A4B,ABFLOW034,Coal,,,0.0
United Kingdom,2003,1A4B,ABFLOW034,Natural gas,,,0.0
United Kingdom,2003,1A4B,ABFLOW034,Oil,,,0.0
United Kingdom,2003,1A4C1,ABFLOW036,Coal,,,0.0
United Kingdom,2003,1A4C1,ABFLOW036,Natural gas,,,0.0
United Kingdom,2003,1A4C1,ABFLOW036,Oil,,,0.0
United Kingdom,2003,1A4C2,ABFLOW037,Coal,,,0.0
United Kingdom,2003,1A4C2,ABFLOW037,Natural gas,,,0.0
United Kingdom,2003,1A4C2,ABFLOW037,Oil,,,0.0
United Kingdom,2003,1A5,ABFLOW038,Coal,,,0.0
United Kingdom,2003,1A5,ABFLOW038,Natural gas,,,0.0
United Kingdom,2003,1A5,ABFLOW038,Oil,,,0.0
United Kingdom,2004,1A,ABFLOW001,Coal,,,0.0
United Kingdom,2004,1A,ABFLOW001,Natural gas,,,0.0
United Kingdom,2004,1A,ABFLOW001,Oil,,,0.0
United Kingdom,2004,1A1A,ABFLOW002,Coal,,,0.0
United Kingdom,2004,1A1A,ABFLOW002,Natural gas,,,0.0
United Kingdom,2004,1A1A,ABFLOW002,Oil,,,0.0
United Kingdom,2004,1A1A1,ABFLOW003,Coal,,,0.0
United Kingdom,2004,1A1A1,ABFLOW003,Natural gas,,,0.0
United Kingdom,2004,1A1A1,ABFLOW003,Oil,,,0.0
United Kingdom,2004,1A1A2,ABFLOW004,Coal,,,0.0
United Kingdom,2004,1A1A2,ABFLOW004,Natural gas,,,0.0
United Kingdom,2004,1A1A2,ABFLOW004,Oil,,,0.0
United Kingdom,2004,1A1A3,ABFLOW005,Coal,,,0.0
United Kingdom,2004,1A1A3,ABFLOW005,Natural gas,,,0.0
United Kingdom,2004,1A1A3,ABFLOW005,Oil,,,0.0
United Kingdom,2004,1A1B,ABFLOW011,Coal,,,0.0
United Kingdom,2004,1A1B,ABFLOW011,Natural gas,,,0.0
United Kingdom,2004,1A1B,ABFLOW011,Oil,,,0.0
United Kingdom,2004,1A1C,ABFLOW011,Coal,,,0.0
United Kingdom,2004,1A1C,ABFLOW011,Natural gas,,,0.0
United Kingdom,2004,1A1C,ABFLOW011,Oil,,,0.0
United Kingdom,2004,1A2,ABFLOW012,Coal,,,0.0
United Kingdom,2004,1A2,ABFLOW012,Natural gas,,,0.0
United Kingdom,2004,1A2,ABFLOW012,Oil,,,0.0
United Kingdom,2004,1A2A,ABFLOW016,Coal,,,0.0
United Kingdom,2004,1A2A,ABFLOW016,Natural gas,,,0.0
United Kingdom,2004,1A2A,ABFLOW016,Oil,,,0.0
United Kingdom,2004,1A2B,ABFLOW018,Coal,,,0.0
United Kingdom,2004,1A2B,ABFLOW018,Natural gas,,,0.0
United Kingdom,2004,1A2B,ABFLOW018,Oil,,,0.0
United Kingdom,2004,1A2C,ABFLOW017,Coal,,,0.0
United Kingdom,2004,1A2C,ABFLOW017,Natural gas,,,0.0
United Kingdom,2004,1A2C,ABFLOW017,Oil,,,0.0
United Kingdom,2004,1A2D,ABFLOW023,Coal,,,0.0
United Kingdom,2004,1A2D,ABFLOW023,Natural gas,,,0.0
United Kingdom,2004,1A2D,ABFLOW023,Oil,,,0.0
United Kingdom,2004,1A2E,ABFLOW022,Coal,,,0.0
United Kingdom,2004,1A2E,ABFLOW022,Natural gas,,,0.0
United Kingdom,2004,1A2E,ABFLOW022,Oil,,,0.0
United Kingdom,2004,1A2F,ABFLOW019,Coal,,,0.0
United Kingdom,2004,1A2F,ABFLOW019,Natural gas,,,0.0
United Kingdom,2004,1A2F,ABFLOW019,Oil,,,0.0
United Kingdom,2004,1A2G,ABFLOW020,Coal,,,0.0
United Kingdom,2004,1A2G,ABFLOW020,Natural gas,,,0.0
United Kingdom,2004,1A2G,ABFLOW020,Oil,,,0.0
United Kingdom,2004,1A2H,ABFLOW021,Coal,,,0.0
United Kingdom,2004,1A2H,ABFLOW021,Natural gas,,,0.0
United Kingdom,2004,1A2H,ABFLOW021,Oil,,,0.0
United Kingdom,2004,1A2I,ABFLOW013,Coal,,,0.0
United Kingdom,2004,1A2I,ABFLOW013,Natural gas,,,0.0
United Kingdom,2004,1A2I,ABFLOW013,Oil,,,0.0
United Kingdom,2004,1A2J,ABFLOW024,Coal,,,0.0
United Kingdom,2004,1A2J,ABFLOW024,Natural gas,,,0.0
United Kingdom,2004,1A2J,ABFLOW024,Oil,,,0.0
United Kingdom,2004,1A2K,ABFLOW014,Coal,,,0.0
United Kingdom,2004,1A2K,ABFLOW014,Natural gas,,,0.0
United Kingdom,2004,1A2K,ABFLOW014,Oil,,,0.0
United Kingdom,2004,1A2L,ABFLOW025,Coal,,,0.0
United Kingdom,2004,1A2L,ABFLOW025,Natural gas,,,0.0
United Kingdom,2004,1A2L,ABFLOW025,Oil,,,0.0
United Kingdom,2004,1A2M,ABFLOW026,Coal,,,0.0
United Kingdom,2004,1A2M,ABFLOW026,Natural gas,,,0.0
United Kingdom,2004,1A2M,ABFLOW026,Oil,,,0.0
United Kingdom,2004,1A3,ABFLOW027,Coal,,,0.0
United Kingdom,2004,1A3,ABFLOW027,Natural gas,,,0.0
United Kingdom,2004,1A3,ABFLOW027,Oil,,,0.0
United Kingdom,2004,1A3A1,ABFLOW040,Coal,,,0.0
United Kingdom,2004,1A3A1,ABFLOW040,Natural gas,,,0.0
United Kingdom,2004,1A3A1,ABFLOW040,Oil,,,0.0
United Kingdom,2004,1A3A2,ABFLOW029,Coal,,,0.0
United Kingdom,2004,1A3A2,ABFLOW029,Natural gas,,,0.0
United Kingdom,2004,1A3A2,ABFLOW029,Oil,,,0.0
United Kingdom,2004,1A3B,ABFLOW028,Coal,,,0.0
United Kingdom,2004,1A3B,ABFLOW028,Natural gas,,,0.0
United Kingdom,2004,1A3B,ABFLOW028,Oil,,,0.0
United Kingdom,2004,1A3C,ABFLOW030,Coal,,,0.0
United Kingdom,2004,1A3C,ABFLOW030,Natural gas,,,0.0
United Kingdom,2004,1A3C,ABFLOW030,Oil,,,0.0
United Kingdom,2004,1A3D1,ABFLOW039,Coal,,,0.0
United Kingdom,2004,1A3D1,ABFLOW039,Natural gas,,,0.0
United Kingdom,2004,1A3D1,ABFLOW039,Oil,,,0.0
United Kingdom,2004,1A3D2,ABFLOW032,Coal,,,0.0
United Kingdom,2004,1A3D2,ABFLOW032,Natural gas,,,0.0
United Kingdom,2004,1A3D2,ABFLOW032,Oil,,,0.0
United Kingdom,2004,1A3E1,ABFLOW033,Coal,,,0.0
United Kingdom,2004,1A3E1,ABFLOW033,Natural gas,,,0.0
United Kingdom,2004,1A3E1,ABFLOW033,Oil,,,0.0
United Kingdom,2004,1A4A,ABFLOW035,Coal,,,0.0
United Kingdom,2004,1A4A,ABFLOW035,Natural gas,,,0.0
United Kingdom,2004,1A4A,ABFLOW035,Oil,,,0.0
United Kingdom,2004,1A4B,ABFLOW034,Coal,,,0.0
United Kingdom,2004,1A4B,ABFLOW034,Natural gas,,,0.0
United Kingdom,2004,1A4B,ABFLOW034,Oil,,,0.0
United Kingdom,2004,1A4C1,ABFLOW036,Coal,,,0.0
United Kingdom,2004,1A4C1,ABFLOW036,Natural gas,,,0.0
United Kingdom,2004,1A4C1,ABFLOW036,Oil,,,0.0
United Kingdom,2004,1A4C2,ABFLOW037,Coal,,,0.0
United Kingdom,2004,1A4C2,ABFLOW037,Natural gas,,,0.0
United Kingdom,2004,1A4C2,ABFLOW037,Oil,,,0.0
United Kingdom,2004,1A5,ABFLOW038,Coal,,,0.0
United Kingdom,2004,1A5,ABFLOW038,Natural gas,,,0.0
United Kingdom,2004,1A5,ABFLOW038,Oil,,,0.0
United Kingdom,2005,1A,ABFLOW001,Coal,,,0.0
United Kingdom,2005,1A,ABFLOW001,Natural gas,,,0.0
United Kingdom,2005,1A,ABFLOW001,Oil,,,0.0
United Kingdom,2005,1A1A,ABFLOW002,Coal,,,0.0
United Kingdom,2005,1A1A,ABFLOW002,Natural gas,,,0.0
United Kingdom,2005,1A1A,ABFLOW002,Oil,,,0.0
United Kingdom,2005,1A1A1,ABFLOW003,Coal,32.51320518856928,,32.51320518856928
United Kingdom,2005,1A1A1,ABFLOW003,Natural gas,32.51320518856928,,32.51320518856928
United Kingdom,2005,1A1A1,ABFLOW003,Oil,32.51320518856928,,32.51320518856928
United Kingdom,2005,1A1A2,ABFLOW004,Coal,32.51320518856928,,32.51320518856928
United Kingdom,2005,1A1A2,ABFLOW004,Natural gas,32.51320518856928,,32.51320518856928
United Kingdom,2005,1A1A2,ABFLOW004,Oil,32.51320518856928,,32.51320518856928
United Kingdom,2005,1A1A3,ABFLOW005,Coal,32.51320518856928,,32.51320518856928
United Kingdom,2005,1A1A3,ABFLOW005,Natural gas,32.51320518856928,,32.51320518856928
United Kingdom,2005,1A1A3,ABFLOW005,Oil,32.51320518856928,,32.51320518856928
United Kingdom,2005,1A1B,ABFLOW011,Coal,32.51320518856928,,32.51320518856928
United Kingdom,2005,1A1B,ABFLOW011,Natural gas,32.51320518856928,,32.51320518856928
United Kingdom,2005,1A1B,ABFLOW011,Oil,32.51320518856928,,32.51320518856928
United Kingdom,2005,1A1C,ABFLOW011,Coal,32.51320518856928,,32.51320518856928
United Kingdom,2005,1A1C,ABFLOW011,Natural gas,32.51320518856928,,32.51320518856928
United Kingdom,2005,1A1C,ABFLOW011,Oil,32.51320518856928,,32.51320518856928
United Kingdom,2005,1A2,ABFLOW012,Coal,,,0.0
United Kingdom,2005,1A2,ABFLOW012,Natural gas,,,0.0
United Kingdom,2005,1A2,ABFLOW012,Oil,,,0.0
United Kingdom,2005,1A2A,ABFLOW016,Coal,32.51320518856928,,32.51320518856928
United Kingdom,2005,1A2A,ABFLOW016,Natural gas,32.51320518856928,,32.51320518856928
United Kingdom,2005,1A2A,ABFLOW016,Oil,32.51320518856928,,32.51320518856928
United Kingdom,2005,1A2B,ABFLOW018,Coal,32.51320518856928,,32.51320518856928
United Kingdom,2005,1A2B,ABFLOW018,Natural gas,32.51320518856928,,32.51320518856928
United Kingdom,2005,1A2B,ABFLOW018,Oil,32.51320518856928,,32.51320518856928
United Kingdom,2005,1A2C,ABFLOW017,Coal,32.51320518856928,,32.51320518856928
United Kingdom,2005,1A2C,ABFLOW017,Natural gas,32.51320518856928,,32.51320518856928
United Kingdom,2005,1A2C,ABFLOW017,Oil,32.51320518856928,,32.51320518856928
United Kingdom,2005,1A2D,ABFLOW023,Coal,32.51320518856928,,32.51320518856928
United Kingdom,2005,1A2D,ABFLOW023,Natural gas,32.51320518856928,,32.51320518856928
United Kingdom,2005,1A2D,ABFLOW023,Oil,32.51320518856928,,32.51320518856928
United Kingdom,2005,1A2E,ABFLOW022,Coal,32.51320518856928,,32.51320518856928
United Kingdom,2005,1A2E,ABFLOW022,Natural gas,32.51320518856928,,32.51320518856928
United Kingdom,2005,1A2E,ABFLOW022,Oil,32.51320518856928,,32.51320518856928
United Kingdom,2005,1A2F,ABFLOW019,Coal,32.51320518856928,,32.51320518856928
United Kingdom,2005,1A2F,ABFLOW019,Natural gas,32.51320518856928,,32.51320518856928
United Kingdom,2005,1A2F,ABFLOW019,Oil,32.51320518856928,,32.51320518856928
United Kingdom,2005,1A2G,ABFLOW020,Coal,32.51320518856928,,32.51320518856928
United Kingdom,2005,1A2G,ABFLOW020,Natural gas,32.51320518856928,,32.51320518856928
United Kingdom,2005,1A2G,ABFLOW020,Oil,32.51320518856928,,32.51320518856928
United Kingdom,2005,1A2H,ABFLOW021,Coal,32.51320518856928,,32.51320518856928
United Kingdom,2005,1A2H,ABFLOW021,Natural gas,32.51320518856928,,32.51320518856928
United Kingdom,2005,1A2H,ABFLOW021,Oil,32.51320518856928,,32.51320518856928
United Kingdom,2005,1A2I,ABFLOW013,Coal,32.51320518856928,,32.51320518856928
United Kingdom,2005,1A2I,ABFLOW013,Natural gas,32.51320518856928,,32.51320518856928
United Kingdom,2005,1A2I,ABFLOW013,Oil,32.51320518856928,,32.51320518856928
United Kingdom,2005,1A2J,ABFLOW024,Coal,32.51320518856928,,32.51320518856928
United Kingdom,2005,1A2J,ABFLOW024,Natural gas,32.51320518856928,,32.51320518856928
United Kingdom,2005,1A2J,ABFLOW024,Oil,32.51320518856928,,32.51320518856928
United Kingdom,2005,1A2K,ABFLOW014,Coal,32.51320518856928,,32.51320518856928
United Kingdom,2005,1A2K,ABFLOW014,Natural gas,32.51320518856928,,32.51320518856928
United Kingdom,2005,1A2K,ABFLOW014,Oil,32.51320518856928,,32.51320518856928
United Kingdom,2005,1A2L,ABFLOW025,Coal,32.51320518856928,,32.51320518856928
United Kingdom,2005,1A2L,ABFLOW025,Natural gas,32.51320518856928,,32.51320518856928
United Kingdom,2005,1A2L,ABFLOW025,Oil,32.51320518856928,,32.51320518856928
United Kingdom,2005,1A2M,ABFLOW026,Coal,32.51320518856928,,32.51320518856928
United Kingdom,2005,1A2M,ABFLOW026,Natural gas,32.51320518856928,,32.51320518856928
United Kingdom,2005,1A2M,ABFLOW026,Oil,32.51320518856928,,32.51320518856928
United Kingdom,2005,1A3,ABFLOW027,Coal,,,0.0
United Kingdom,2005,1A3,ABFLOW027,Natural gas,,,0.0
United Kingdom,2005,1A3,ABFLOW027,Oil,,,0.0
United Kingdom,2005,1A3A1,ABFLOW040,Coal,,,0.0
United Kingdom,2005,1A3A1,ABFLOW040,Natural gas,,,0.0
United Kingdom,2005,1A3A1,ABFLOW040,Oil,,,0.0
United Kingdom,2005,1A3A2,ABFLOW029,Coal,,,0.0
United Kingdom,2005,1A3A2,ABFLOW029,Natural gas,,,0.0
United Kingdom,2005,1A3A2,ABFLOW029,Oil,,,0.0
United Kingdom,2005,1A3B,ABFLOW028,Coal,,,0.0
United Kingdom,2005,1A3B,ABFLOW028,Natural gas,,,0.0
United Kingdom,2005,1A3B,ABFLOW028,Oil,,,0.0
United Kingdom,2005,1A3C,ABFLOW030,Coal,,,0.0
United Kingdom,2005,1A3C,ABFLOW030,Natural gas,,,0.0
United Kingdom,2005,1A3C,ABFLOW030,Oil,,,0.0
United Kingdom,2005,1A3D1,ABFLOW039,Coal,,,0.0
United Kingdom,2005,1A3D1,ABFLOW039,Natural gas,,,0.0
United Kingdom,2005,1A3D1,ABFLOW039,Oil,,,0.0
United Kingdom,2005,1A3D2,ABFLOW032,Coal,,,0.0
United Kingdom,2005,1A3D2,ABFLOW032,Natural gas,,,0.0
United Kingdom,2005,1A3D2,ABFLOW032,Oil,,,0.0
United Kingdom,2005,1A3E1,ABFLOW033,Coal,,,0.0
United Kingdom,2005,1A3E1,ABFLOW033,Natural gas,,,0.0
United Kingdom,2005,1A3E1,ABFLOW033,Oil,,,0.0
United Kingdom,2005,1A4A,ABFLOW035,Coal,,,0.0
United Kingdom,2005,1A4A,ABFLOW035,Natural gas,,,0.0
United Kingdom,2005,1A4A,ABFLOW035,Oil,,,0.0
United Kingdom,2005,1A4B,ABFLOW034,Coal,,,0.0
United Kingdom,2005,1A4B,ABFLOW034,Natural gas,,,0.0
United Kingdom,2005,1A4B,ABFLOW034,Oil,,,0.0
United Kingdom,2005,1A4C1,ABFLOW036,Coal,,,0.0
United Kingdom,2005,1A4C1,ABFLOW036,Natural gas,,,0.0
United Kingdom,2005,1A4C1,ABFLOW036,Oil,,,0.0
United Kingdom,2005,1A4C2,ABFLOW037,Coal,,,0.0
United Kingdom,2005,1A4C2,ABFLOW037,Natural gas,,,0.0
United Kingdom,2005,1A4C2,ABFLOW037,Oil,,,0.0
United Kingdom,2005,1A5,ABFLOW038,Coal,,,0.0
United Kingdom,2005,1A5,ABFLOW038,Natural gas,,,0.0
United Kingdom,2005,1A5,ABFLOW038,Oil,,,0.0
United Kingdom,2006,1A,ABFLOW001,Coal,,,0.0
United Kingdom,2006,1A,ABFLOW001,Natural gas,,,0.0
United Kingdom,2006,1A,ABFLOW001,Oil,,,0.0
United Kingdom,2006,1A1A,ABFLOW002,Coal,,,0.0
United Kingdom,2006,1A1A,ABFLOW002,Natural gas,,,0.0
United Kingdom,2006,1A1A,ABFLOW002,Oil,,,0.0
United Kingdom,2006,1A1A1,ABFLOW003,Coal,26.4677537670825,,26.4677537670825
United Kingdom,2006,1A1A1,ABFLOW003,Natural gas,26.4677537670825,,26.4677537670825
United Kingdom,2006,1A1A1,ABFLOW003,Oil,26.4677537670825,,26.4677537670825
United Kingdom,2006,1A1A2,ABFLOW004,Coal,26.4677537670825,,26.4677537670825
United Kingdom,2006,1A1A2,ABFLOW004,Natural gas,26.4677537670825,,26.4677537670825
United Kingdom,2006,1A1A2,ABFLOW004,Oil,26.4677537670825,,26.4677537670825
United Kingdom,2006,1A1A3,ABFLOW005,Coal,26.4677537670825,,26.4677537670825
United Kingdom,2006,1A1A3,ABFLOW005,Natural gas,26.4677537670825,,26.4677537670825
United Kingdom,2006,1A1A3,ABFLOW005,Oil,26.4677537670825,,26.4677537670825
United Kingdom,2006,1A1B,ABFLOW011,Coal,26.4677537670825,,26.4677537670825
United Kingdom,2006,1A1B,ABFLOW011,Natural gas,26.4677537670825,,26.4677537670825
United Kingdom,2006,1A1B,ABFLOW011,Oil,26.4677537670825,,26.4677537670825
United Kingdom,2006,1A1C,ABFLOW011,Coal,26.4677537670825,,26.4677537670825
United Kingdom,2006,1A1C,ABFLOW011,Natural gas,26.4677537670825,,26.4677537670825
United Kingdom,2006,1A1C,ABFLOW011,Oil,26.4677537670825,,26.4677537670825
United Kingdom,2006,1A2,ABFLOW012,Coal,,,0.0
United Kingdom,2006,1A2,ABFLOW012,Natural gas,,,0.0
United Kingdom,2006,1A2,ABFLOW012,Oil,,,0.0
United Kingdom,2006,1A2A,ABFLOW016,Coal,26.4677537670825,,26.4677537670825
United Kingdom,2006,1A2A,ABFLOW016,Natural gas,26.4677537670825,,26.4677537670825
United Kingdom,2006,1A2A,ABFLOW016,Oil,26.4677537670825,,26.4677537670825
United Kingdom,2006,1A2B,ABFLOW018,Coal,26.4677537670825,,26.4677537670825
United Kingdom,2006,1A2B,ABFLOW018,Natural gas,26.4677537670825,,26.4677537670825
United Kingdom,2006,1A2B,ABFLOW018,Oil,26.4677537670825,,26.4677537670825
United Kingdom,2006,1A2C,ABFLOW017,Coal,26.4677537670825,,26.4677537670825
United Kingdom,2006,1A2C,ABFLOW017,Natural gas,26.4677537670825,,26.4677537670825
United Kingdom,2006,1A2C,ABFLOW017,Oil,26.4677537670825,,26.4677537670825
United Kingdom,2006,1A2D,ABFLOW023,Coal,26.4677537670825,,26.4677537670825
United Kingdom,2006,1A2D,ABFLOW023,Natural gas,26.4677537670825,,26.4677537670825
United Kingdom,2006,1A2D,ABFLOW023,Oil,26.4677537670825,,26.4677537670825
United Kingdom,2006,1A2E,ABFLOW022,Coal,26.4677537670825,,26.4677537670825
United Kingdom,2006,1A2E,ABFLOW022,Natural gas,26.4677537670825,,26.4677537670825
United Kingdom,2006,1A2E,ABFLOW022,Oil,26.4677537670825,,26.4677537670825
United Kingdom,2006,1A2F,ABFLOW019,Coal,26.4677537670825,,26.4677537670825
United Kingdom,2006,1A2F,ABFLOW019,Natural gas,26.4677537670825,,26.4677537670825
United Kingdom,2006,1A2F,ABFLOW019,Oil,26.4677537670825,,26.4677537670825
United Kingdom,2006,1A2G,ABFLOW020,Coal,26.4677537670825,,26.4677537670825
United Kingdom,2006,1A2G,ABFLOW020,Natural gas,26.4677537670825,,26.4677537670825
United Kingdom,2006,1A2G,ABFLOW020,Oil,26.4677537670825,,26.4677537670825
United Kingdom,2006,1A2H,ABFLOW021,Coal,26.4677537670825,,26.4677537670825
United Kingdom,2006,1A2H,ABFLOW021,Natural gas,26.4677537670825,,26.4677537670825
United Kingdom,2006,1A2H,ABFLOW021,Oil,26.4677537670825,,26.4677537670825
United Kingdom,2006,1A2I,ABFLOW013,Coal,26.4677537670825,,26.4677537670825
United Kingdom,2006,1A2I,ABFLOW013,Natural gas,26.4677537670825,,26.4677537670825
United Kingdom,2006,1A2I,ABFLOW013,Oil,26.4677537670825,,26.4677537670825
United Kingdom,2006,1A2J,ABFLOW024,Coal,26.4677537670825,,26.4677537670825
United Kingdom,2006,1A2J,ABFLOW024,Natural gas,26.4677537670825,,26.4677537670825
United Kingdom,2006,1A2J,ABFLOW024,Oil,26.4677537670825,,26.4677537670825
United Kingdom,2006,1A2K,ABFLOW014,Coal,26.4677537670825,,26.4677537670825
United Kingdom,2006,1A2K,ABFLOW014,Natural gas,26.4677537670825,,26.4677537670825
United Kingdom,2006,1A2K,ABFLOW014,Oil,26.4677537670825,,26.4677537670825
United Kingdom,2006,1A2L,ABFLOW025,Coal,26.4677537670825,,26.4677537670825
United Kingdom,2006,1A2L,ABFLOW025,Natural gas,26.4677537670825,,26.4677537670825
United Kingdom,2006,1A2L,ABFLOW025,Oil,26.4677537670825,,26.4677537670825
United Kingdom,2006,1A2M,ABFLOW026,Coal,26.4677537670825,,26.4677537670825
United Kingdom,2006,1A2M,ABFLOW026,Natural gas,26.4677537670825,,26.4677537670825
United Kingdom,2006,1A2M,ABFLOW026,Oil,26.4677537670825,,26.4677537670825
United Kingdom,2006,1A3,ABFLOW027,Coal,,,0.0
United Kingdom,2006,1A3,ABFLOW027,Natural gas,,,0.0
United Kingdom,2006,1A3,ABFLOW027,Oil,,,0.0
United Kingdom,2006,1A3A1,ABFLOW040,Coal,,,0.0
United Kingdom,2006,1A3A1,ABFLOW040,Natural gas,,,0.0
United Kingdom,2006,1A3A1,ABFLOW040,Oil,,,0.0
United Kingdom,2006,1A3A2,ABFLOW029,Coal,,,0.0
United Kingdom,2006,1A3A2,ABFLOW029,Natural gas,,,0.0
United Kingdom,2006,1A3A2,ABFLOW029,Oil,,,0.0
United Kingdom,2006,1A3B,ABFLOW028,Coal,,,0.0
United Kingdom,2006,1A3B,ABFLOW028,Natural gas,,,0.0
United Kingdom,2006,1A3B,ABFLOW028,Oil,,,0.0
United Kingdom,2006,1A3C,ABFLOW030,Coal,,,0.0
United Kingdom,2006,1A3C,ABFLOW030,Natural gas,,,0.0
United Kingdom,2006,1A3C,ABFLOW030,Oil,,,0.0
United Kingdom,2006,1A3D1,ABFLOW039,Coal,,,0.0
United Kingdom,2006,1A3D1,ABFLOW039,Natural gas,,,0.0
United Kingdom,2006,1A3D1,ABFLOW039,Oil,,,0.0
United Kingdom,2006,1A3D2,ABFLOW032,Coal,,,0.0
United Kingdom,2006,1A3D2,ABFLOW032,Natural gas,,,0.0
United Kingdom,2006,1A3D2,ABFLOW032,Oil,,,0.0
United Kingdom,2006,1A3E1,ABFLOW033,Coal,,,0.0
United Kingdom,2006,1A3E1,ABFLOW033,Natural gas,,,0.0
United Kingdom,2006,1A3E1,ABFLOW033,Oil,,,0.0
United Kingdom,2006,1A4A,ABFLOW035,Coal,,,0.0
United Kingdom,2006,1A4A,ABFLOW035,Natural gas,,,0.0
United Kingdom,2006,1A4A,ABFLOW035,Oil,,,0.0
United Kingdom,2006,1A4B,ABFLOW034,Coal,,,0.0
United Kingdom,2006,1A4B,ABFLOW034,Natural gas,,,0.0
United Kingdom,2006,1A4B,ABFLOW034,Oil,,,0.0
United Kingdom,2006,1A4C1,ABFLOW036,Coal,,,0.0
United Kingdom,2006,1A4C1,ABFLOW036,Natural gas,,,0.0
United Kingdom,2006,1A4C1,ABFLOW036,Oil,,,0.0
United Kingdom,2006,1A4C2,ABFLOW037,Coal,,,0.0
United Kingdom,2006,1A4C2,ABFLOW037,Natural gas,,,0.0
United Kingdom,2006,1A4C2,ABFLOW037,Oil,,,0.0
United Kingdom,2006,1A5,ABFLOW038,Coal,,,0.0
United Kingdom,2006,1A5,ABFLOW038,Natural gas,,,0.0
United Kingdom,2006,1A5,ABFLOW038,Oil,,,0.0
United Kingdom,2007,1A,ABFLOW001,Coal,,,0.0
United Kingdom,2007,1A,ABFLOW001,Natural gas,,,0.0
United Kingdom,2007,1A,ABFLOW001,Oil,,,0.0
United Kingdom,2007,1A1A,ABFLOW002,Coal,,,0.0
United Kingdom,2007,1A1A,ABFLOW002,Natural gas,,,0.0
United Kingdom,2007,1A1A,ABFLOW002,Oil,,,0.0
United Kingdom,2007,1A1A1,ABFLOW003,Coal,0.9858428898132552,,0.9858428898132552
United Kingdom,2007,1A1A1,ABFLOW003,Natural gas,0.9858428898132552,,0.9858428898132552
United Kingdom,2007,1A1A1,ABFLOW003,Oil,0.9858428898132552,,0.9858428898132552
United Kingdom,2007,1A1A2,ABFLOW004,Coal,0.9858428898132552,,0.9858428898132552
United Kingdom,2007,1A1A2,ABFLOW004,Natural gas,0.9858428898132552,,0.9858428898132552
United Kingdom,2007,1A1A2,ABFLOW004,Oil,0.9858428898132552,,0.9858428898132552
United Kingdom,2007,1A1A3,ABFLOW005,Coal,0.9858428898132552,,0.9858428898132552
United Kingdom,2007,1A1A3,ABFLOW005,Natural gas,0.9858428898132552,,0.9858428898132552
United Kingdom,2007,1A1A3,ABFLOW005,Oil,0.9858428898132552,,0.9858428898132552
United Kingdom,2007,1A1B,ABFLOW011,Coal,0.9858428898132552,,0.9858428898132552
United Kingdom,2007,1A1B,ABFLOW011,Natural gas,0.9858428898132552,,0.9858428898132552
United Kingdom,2007,1A1B,ABFLOW011,Oil,0.9858428898132552,,0.9858428898132552
United Kingdom,2007,1A1C,ABFLOW011,Coal,0.9858428898132552,,0.9858428898132552
United Kingdom,2007,1A1C,ABFLOW011,Natural gas,0.9858428898132552,,0.9858428898132552
United Kingdom,2007,1A1C,ABFLOW011,Oil,0.9858428898132552,,0.9858428898132552
United Kingdom,2007,1A2,ABFLOW012,Coal,,,0.0
United Kingdom,2007,1A2,ABFLOW012,Natural gas,,,0.0
United Kingdom,2007,1A2,ABFLOW012,Oil,,,0.0
United Kingdom,2007,1A2A,ABFLOW016,Coal,0.9858428898132552,,0.9858428898132552
United Kingdom,2007,1A2A,ABFLOW016,Natural gas,0.9858428898132552,,0.9858428898132552
United Kingdom,2007,1A2A,ABFLOW016,Oil,0.9858428898132552,,0.9858428898132552
United Kingdom,2007,1A2B,ABFLOW018,Coal,0.9858428898132552,,0.9858428898132552
United Kingdom,2007,1A2B,ABFLOW018,Natural gas,0.9858428898132552,,0.9858428898132552
United Kingdom,2007,1A2B,ABFLOW018,Oil,0.9858428898132552,,0.9858428898132552
United Kingdom,2007,1A2C,ABFLOW017,Coal,0.9858428898132552,,0.9858428898132552
United Kingdom,2007,1A2C,ABFLOW017,Natural gas,0.9858428898132552,,0.9858428898132552
United Kingdom,2007,1A2C,ABFLOW017,Oil,0.9858428898132552,,0.9858428898132552
United Kingdom,2007,1A2D,ABFLOW023,Coal,0.9858428898132552,,0.9858428898132552
United Kingdom,2007,1A2D,ABFLOW023,Natural gas,0.9858428898132552,,0.9858428898132552
United Kingdom,2007,1A2D,ABFLOW023,Oil,0.9858428898132552,,0.9858428898132552
United Kingdom,2007,1A2E,ABFLOW022,Coal,0.9858428898132552,,0.9858428898132552
United Kingdom,2007,1A2E,ABFLOW022,Natural gas,0.9858428898132552,,0.9858428898132552
United Kingdom,2007,1A2E,ABFLOW022,Oil,0.9858428898132552,,0.9858428898132552
United Kingdom,2007,1A2F,ABFLOW019,Coal,0.9858428898132552,,0.9858428898132552
United Kingdom,2007,1A2F,ABFLOW019,Natural gas,0.9858428898132552,,0.9858428898132552
United Kingdom,2007,1A2F,ABFLOW019,Oil,0.9858428898132552,,0.9858428898132552
United Kingdom,2007,1A2G,ABFLOW020,Coal,0.9858428898132552,,0.9858428898132552
United Kingdom,2007,1A2G,ABFLOW020,Natural gas,0.9858428898132552,,0.9858428898132552
United Kingdom,2007,1A2G,ABFLOW020,Oil,0.9858428898132552,,0.9858428898132552
United Kingdom,2007,1A2H,ABFLOW021,Coal,0.9858428898132552,,0.9858428898132552
United Kingdom,2007,1A2H,ABFLOW021,Natural gas,0.9858428898132552,,0.9858428898132552
United Kingdom,2007,1A2H,ABFLOW021,Oil,0.9858428898132552,,0.9858428898132552
United Kingdom,2007,1A2I,ABFLOW013,Coal,0.9858428898132552,,0.9858428898132552
United Kingdom,2007,1A2I,ABFLOW013,Natural gas,0.9858428898132552,,0.9858428898132552
United Kingdom,2007,1A2I,ABFLOW013,Oil,0.9858428898132552,,0.9858428898132552
United Kingdom,2007,1A2J,ABFLOW024,Coal,0.9858428898132552,,0.9858428898132552
United Kingdom,2007,1A2J,ABFLOW024,Natural gas,0.9858428898132552,,0.9858428898132552
United Kingdom,2007,1A2J,ABFLOW024,Oil,0.9858428898132552,,0.9858428898132552
United Kingdom,2007,1A2K,ABFLOW014,Coal,0.9858428898132552,,0.9858428898132552
United Kingdom,2007,1A2K,ABFLOW014,Natural gas,0.9858428898132552,,0.9858428898132552
United Kingdom,2007,1A2K,ABFLOW014,Oil,0.9858428898132552,,0.9858428898132552
United Kingdom,2007,1A2L,ABFLOW025,Coal,0.9858428898132552,,0.9858428898132552
United Kingdom,2007,1A2L,ABFLOW025,Natural gas,0.9858428898132552,,0.9858428898132552
United Kingdom,2007,1A2L,ABFLOW025,Oil,0.9858428898132552,,0.9858428898132552
United Kingdom,2007,1A2M,ABFLOW026,Coal,0.9858428898132552,,0.9858428898132552
United Kingdom,2007,1A2M,ABFLOW026,Natural gas,0.9858428898132552,,0.9858428898132552
United Kingdom,2007,1A2M,ABFLOW026,Oil,0.9858428898132552,,0.9858428898132552
United Kingdom,2007,1A3,ABFLOW027,Coal,,,0.0
United Kingdom,2007,1A3,ABFLOW027,Natural gas,,,0.0
United Kingdom,2007,1A3,ABFLOW027,Oil,,,0.0
United Kingdom,2007,1A3A1,ABFLOW040,Coal,,,0.0
United Kingdom,2007,1A3A1,ABFLOW040,Natural gas,,,0.0
United Kingdom,2007,1A3A1,ABFLOW040,Oil,,,0.0
United Kingdom,2007,1A3A2,ABFLOW029,Coal,,,0.0
United Kingdom,2007,1A3A2,ABFLOW029,Natural gas,,,0.0
United Kingdom,2007,1A3A2,ABFLOW029,Oil,,,0.0
United Kingdom,2007,1A3B,ABFLOW028,Coal,,,0.0
United Kingdom,2007,1A3B,ABFLOW028,Natural gas,,,0.0
United Kingdom,2007,1A3B,ABFLOW028,Oil,,,0.0
United Kingdom,2007,1A3C,ABFLOW030,Coal,,,0.0
United Kingdom,2007,1A3C,ABFLOW030,Natural gas,,,0.0
United Kingdom,2007,1A3C,ABFLOW030,Oil,,,0.0
United Kingdom,2007,1A3D1,ABFLOW039,Coal,,,0.0
United Kingdom,2007,1A3D1,ABFLOW039,Natural gas,,,0.0
United Kingdom,2007,1A3D1,ABFLOW039,Oil,,,0.0
United Kingdom,2007,1A3D2,ABFLOW032,Coal,,,0.0
United Kingdom,2007,1A3D2,ABFLOW032,Natural gas,,,0.0
United Kingdom,2007,1A3D2,ABFLOW032,Oil,,,0.0
United Kingdom,2007,1A3E1,ABFLOW033,Coal,,,0.0
United Kingdom,2007,1A3E1,ABFLOW033,Natural gas,,,0.0
United Kingdom,2007,1A3E1,ABFLOW033,Oil,,,0.0
United Kingdom,2007,1A4A,ABFLOW035,Coal,,,0.0
United Kingdom,2007,1A4A,ABFLOW035,Natural gas,,,0.0
United Kingdom,2007,1A4A,ABFLOW035,Oil,,,0.0
United Kingdom,2007,1A4B,ABFLOW034,Coal,,,0.0
United Kingdom,2007,1A4B,ABFLOW034,Natural gas,,,0.0
United Kingdom,2007,1A4B,ABFLOW034,Oil,,,0.0
United Kingdom,2007,1A4C1,ABFLOW036,Coal,,,0.0
United Kingdom,2007,1A4C1,ABFLOW036,Natural gas,,,0.0
United Kingdom,2007,1A4C1,ABFLOW036,Oil,,,0.0
United Kingdom,2007,1A4C2,ABFLOW037,Coal,,,0.0
United Kingdom,2007,1A4C2,ABFLOW037,Natural gas,,,0.0
United Kingdom,2007,1A4C2,ABFLOW037,Oil,,,0.0
United Kingdom,2007,1A5,ABFLOW038,Coal,,,0.0
United Kingdom,2007,1A5,ABFLOW038,Natural gas,,,0.0
United Kingdom,2007,1A5,ABFLOW038,Oil,,,0.0
United Kingdom,2008,1A,ABFLOW001,Coal,,,0.0
United Kingdom,2008,1A,ABFLOW001,Natural gas,,,0.0
United Kingdom,2008,1A,ABFLOW001,Oil,,,0.0
United Kingdom,2008,1A1A,ABFLOW002,Coal,,,0.0
United Kingdom,2008,1A1A,ABFLOW002,Natural gas,,,0.0
United Kingdom,2008,1A1A,ABFLOW002,Oil,,,0.0
United Kingdom,2008,1A1A1,ABFLOW003,Coal,25.100293419237897,,25.100293419237897
United Kingdom,2008,1A1A1,ABFLOW003,Natural gas,25.100293419237897,,25.100293419237897
United Kingdom,2008,1A1A1,ABFLOW003,Oil,25.100293419237897,,25.100293419237897
United Kingdom,2008,1A1A2,ABFLOW004,Coal,25.100293419237897,,25.100293419237897
United Kingdom,2008,1A1A2,ABFLOW004,Natural gas,25.100293419237897,,25.100293419237897
United Kingdom,2008,1A1A2,ABFLOW004,Oil,25.100293419237897,,25.100293419237897
United Kingdom,2008,1A1A3,ABFLOW005,Coal,25.100293419237897,,25.100293419237897
United Kingdom,2008,1A1A3,ABFLOW005,Natural gas,25.100293419237897,,25.100293419237897
United Kingdom,2008,1A1A3,ABFLOW005,Oil,25.100293419237897,,25.100293419237897
United Kingdom,2008,1A1B,ABFLOW011,Coal,25.100293419237897,,25.100293419237897
United Kingdom,2008,1A1B,ABFLOW011,Natural gas,25.100293419237897,,25.100293419237897
United Kingdom,2008,1A1B,ABFLOW011,Oil,25.100293419237897,,25.100293419237897
United Kingdom,2008,1A1C,ABFLOW011,Coal,25.100293419237897,,25.100293419237897
United Kingdom,2008,1A1C,ABFLOW011,Natural gas,25.100293419237897,,25.100293419237897
United Kingdom,2008,1A1C,ABFLOW011,Oil,25.100293419237897,,25.100293419237897
United Kingdom,2008,1A2,ABFLOW012,Coal,,,0.0
United Kingdom,2008,1A2,ABFLOW012,Natural gas,,,0.0
United Kingdom,2008,1A2,ABFLOW012,Oil,,,0.0
United Kingdom,2008,1A2A,ABFLOW016,Coal,25.100293419237897,,25.100293419237897
United Kingdom,2008,1A2A,ABFLOW016,Natural gas,25.100293419237897,,25.100293419237897
United Kingdom,2008,1A2A,ABFLOW016,Oil,25.100293419237897,,25.100293419237897
United Kingdom,2008,1A2B,ABFLOW018,Coal,25.100293419237897,,25.100293419237897
United Kingdom,2008,1A2B,ABFLOW018,Natural gas,25.100293419237897,,25.100293419237897
United Kingdom,2008,1A2B,ABFLOW018,Oil,25.100293419237897,,25.100293419237897
United Kingdom,2008,1A2C,ABFLOW017,Coal,25.100293419237897,,25.100293419237897
United Kingdom,2008,1A2C,ABFLOW017,Natural gas,25.100293419237897,,25.100293419237897
United Kingdom,2008,1A2C,ABFLOW017,Oil,25.100293419237897,,25.100293419237897
United Kingdom,2008,1A2D,ABFLOW023,Coal,25.100293419237897,,25.100293419237897
United Kingdom,2008,1A2D,ABFLOW023,Natural gas,25.100293419237897,,25.100293419237897
United Kingdom,2008,1A2D,ABFLOW023,Oil,25.100293419237897,,25.100293419237897
United Kingdom,2008,1A2E,ABFLOW022,Coal,25.100293419237897,,25.100293419237897
United Kingdom,2008,1A2E,ABFLOW022,Natural gas,25.100293419237897,,25.100293419237897
United Kingdom,2008,1A2E,ABFLOW022,Oil,25.100293419237897,,25.100293419237897
United Kingdom,2008,1A2F,ABFLOW019,Coal,25.100293419237897,,25.100293419237897
United Kingdom,2008,1A2F,ABFLOW019,Natural gas,25.100293419237897,,25.100293419237897
United Kingdom,2008,1A2F,ABFLOW019,Oil,25.100293419237897,,25.100293419237897
United Kingdom,2008,1A2G,ABFLOW020,Coal,25.100293419237897,,25.100293419237897
United Kingdom,2008,1A2G,ABFLOW020,Natural gas,25.100293419237897,,25.100293419237897
United Kingdom,2008,1A2G,ABFLOW020,Oil,25.100293419237897,,25.100293419237897
United Kingdom,2008,1A2H,ABFLOW021,Coal,25.100293419237897,,25.100293419237897
United Kingdom,2008,1A2H,ABFLOW021,Natural gas,25.100293419237897,,25.100293419237897
United Kingdom,2008,1A2H,ABFLOW021,Oil,25.100293419237897,,25.100293419237897
United Kingdom,2008,1A2I,ABFLOW013,Coal,25.100293419237897,,25.100293419237897
United Kingdom,2008,1A2I,ABFLOW013,Natural gas,25.100293419237897,,25.100293419237897
United Kingdom,2008,1A2I,ABFLOW013,Oil,25.100293419237897,,25.100293419237897
United Kingdom,2008,1A2J,ABFLOW024,Coal,25.100293419237897,,25.100293419237897
United Kingdom,2008,1A2J,ABFLOW024,Natural gas,25.100293419237897,,25.100293419237897
United Kingdom,2008,1A2J,ABFLOW024,Oil,25.100293419237897,,25.100293419237897
United Kingdom,2008,1A2K,ABFLOW014,Coal,25.100293419237897,,25.100293419237897
United Kingdom,2008,1A2K,ABFLOW014,Natural gas,25.100293419237897,,25.100293419237897
United Kingdom,2008,1A2K,ABFLOW014,Oil,25.100293419237897,,25.100293419237897
United Kingdom,2008,1A2L,ABFLOW025,Coal,25.100293419237897,,25.100293419237897
United Kingdom,2008,1A2L,ABFLOW025,Natural gas,25.100293419237897,,25.100293419237897
United Kingdom,2008,1A2L,ABFLOW025,Oil,25.100293419237897,,25.100293419237897
United Kingdom,2008,1A2M,ABFLOW026,Coal,25.100293419237897,,25.100293419237897
United Kingdom,2008,1A2M,ABFLOW026,Natural gas,25.100293419237897,,25.100293419237897
United Kingdom,2008,1A2M,ABFLOW026,Oil,25.100293419237897,,25.100293419237897
United Kingdom,2008,1A3,ABFLOW027,Coal,,,0.0
United Kingdom,2008,1A3,ABFLOW027,Natural gas,,,0.0
United Kingdom,2008,1A3,ABFLOW027,Oil,,,0.0
United Kingdom,2008,1A3A1,ABFLOW040,Coal,,,0.0
United Kingdom,2008,1A3A1,ABFLOW040,Natural gas,,,0.0
United Kingdom,2008,1A3A1,ABFLOW040,Oil,,,0.0
United Kingdom,2008,1A3A2,ABFLOW029,Coal,,,0.0
United Kingdom,2008,1A3A2,ABFLOW029,Natural gas,,,0.0
United Kingdom,2008,1A3A2,ABFLOW029,Oil,,,0.0
United Kingdom,2008,1A3B,ABFLOW028,Coal,,,0.0
United Kingdom,2008,1A3B,ABFLOW028,Natural gas,,,0.0
United Kingdom,2008,1A3B,ABFLOW028,Oil,,,0.0
United Kingdom,2008,1A3C,ABFLOW030,Coal,,,0.0
United Kingdom,2008,1A3C,ABFLOW030,Natural gas,,,0.0
United Kingdom,2008,1A3C,ABFLOW030,Oil,,,0.0
United Kingdom,2008,1A3D1,ABFLOW039,Coal,,,0.0
United Kingdom,2008,1A3D1,ABFLOW039,Natural gas,,,0.0
United Kingdom,2008,1A3D1,ABFLOW039,Oil,,,0.0
United Kingdom,2008,1A3D2,ABFLOW032,Coal,,,0.0
United Kingdom,2008,1A3D2,ABFLOW032,Natural gas,,,0.0
United Kingdom,2008,1A3D2,ABFLOW032,Oil,,,0.0
United Kingdom,2008,1A3E1,ABFLOW033,Coal,,,0.0
United Kingdom,2008,1A3E1,ABFLOW033,Natural gas,,,0.0
United Kingdom,2008,1A3E1,ABFLOW033,Oil,,,0.0
United Kingdom,2008,1A4A,ABFLOW035,Coal,,,0.0
United Kingdom,2008,1A4A,ABFLOW035,Natural gas,,,0.0
United Kingdom,2008,1A4A,ABFLOW035,Oil,,,0.0
United Kingdom,2008,1A4B,ABFLOW034,Coal,,,0.0
United Kingdom,2008,1A4B,ABFLOW034,Natural gas,,,0.0
United Kingdom,2008,1A4B,ABFLOW034,Oil,,,0.0
United Kingdom,2008,1A4C1,ABFLOW036,Coal,,,0.0
United Kingdom,2008,1A4C1,ABFLOW036,Natural gas,,,0.0
United Kingdom,2008,1A4C1,ABFLOW036,Oil,,,0.0
United Kingdom,2008,1A4C2,ABFLOW037,Coal,,,0.0
United Kingdom,2008,1A4C2,ABFLOW037,Natural gas,,,0.0
United Kingdom,2008,1A4C2,ABFLOW037,Oil,,,0.0
United Kingdom,2008,1A5,ABFLOW038,Coal,,,0.0
United Kingdom,2008,1A5,ABFLOW038,Natural gas,,,0.0
United Kingdom,2008,1A5,ABFLOW038,Oil,,,0.0
United Kingdom,2009,1A,ABFLOW001,Coal,,,0.0
United Kingdom,2009,1A,ABFLOW001,Natural gas,,,0.0
United Kingdom,2009,1A,ABFLOW001,Oil,,,0.0
United Kingdom,2009,1A1A,ABFLOW002,Coal,,,0.0
United Kingdom,2009,1A1A,ABFLOW002,Natural gas,,,0.0
United Kingdom,2009,1A1A,ABFLOW002,Oil,,,0.0
United Kingdom,2009,1A1A1,ABFLOW003,Coal,18.637729153677935,,18.637729153677935
United Kingdom,2009,1A1A1,ABFLOW003,Natural gas,18.637729153677935,,18.637729153677935
United Kingdom,2009,1A1A1,ABFLOW003,Oil,18.637729153677935,,18.637729153677935
United Kingdom,2009,1A1A2,ABFLOW004,Coal,18.637729153677935,,18.637729153677935
United Kingdom,2009,1A1A2,ABFLOW004,Natural gas,18.637729153677935,,18.637729153677935
United Kingdom,2009,1A1A2,ABFLOW004,Oil,18.637729153677935,,18.637729153677935
United Kingdom,2009,1A1A3,ABFLOW005,Coal,18.637729153677935,,18.637729153677935
United Kingdom,2009,1A1A3,ABFLOW005,Natural gas,18.637729153677935,,18.637729153677935
United Kingdom,2009,1A1A3,ABFLOW005,Oil,18.637729153677935,,18.637729153677935
United Kingdom,2009,1A1B,ABFLOW011,Coal,18.637729153677935,,18.637729153677935
United Kingdom,2009,1A1B,ABFLOW011,Natural gas,18.637729153677935,,18.637729153677935
United Kingdom,2009,1A1B,ABFLOW011,Oil,18.637729153677935,,18.637729153677935
United Kingdom,2009,1A1C,ABFLOW011,Coal,18.637729153677935,,18.637729153677935
United Kingdom,2009,1A1C,ABFLOW011,Natural gas,18.637729153677935,,18.637729153677935
United Kingdom,2009,1A1C,ABFLOW011,Oil,18.637729153677935,,18.637729153677935
United Kingdom,2009,1A2,ABFLOW012,Coal,,,0.0
United Kingdom,2009,1A2,ABFLOW012,Natural gas,,,0.0
United Kingdom,2009,1A2,ABFLOW012,Oil,,,0.0
United Kingdom,2009,1A2A,ABFLOW016,Coal,18.637729153677935,,18.637729153677935
United Kingdom,2009,1A2A,ABFLOW016,Natural gas,18.637729153677935,,18.637729153677935
United Kingdom,2009,1A2A,ABFLOW016,Oil,18.637729153677935,,18.637729153677935
United Kingdom,2009,1A2B,ABFLOW018,Coal,18.637729153677935,,18.637729153677935
United Kingdom,2009,1A2B,ABFLOW018,Natural gas,18.637729153677935,,18.637729153677935
United Kingdom,2009,1A2B,ABFLOW018,Oil,18.637729153677935,,18.637729153677935
United Kingdom,2009,1A2C,ABFLOW017,Coal,18.637729153677935,,18.637729153677935
United Kingdom,2009,1A2C,ABFLOW017,Natural gas,18.637729153677935,,18.637729153677935
United Kingdom,2009,1A2C,ABFLOW017,Oil,18.637729153677935,,18.637729153677935
United Kingdom,2009,1A2D,ABFLOW023,Coal,18.637729153677935,,18.637729153677935
United Kingdom,2009,1A2D,ABFLOW023,Natural gas,18.637729153677935,,18.637729153677935
United Kingdom,2009,1A2D,ABFLOW023,Oil,18.637729153677935,,18.637729153677935
United Kingdom,2009,1A2E,ABFLOW022,Coal,18.637729153677935,,18.637729153677935
United Kingdom,2009,1A2E,ABFLOW022,Natural gas,18.637729153677935,,18.637729153677935
United Kingdom,2009,1A2E,ABFLOW022,Oil,18.637729153677935,,18.637729153677935
United Kingdom,2009,1A2F,ABFLOW019,Coal,18.637729153677935,,18.637729153677935
United Kingdom,2009,1A2F,ABFLOW019,Natural gas,18.637729153677935,,18.637729153677935
United Kingdom,2009,1A2F,ABFLOW019,Oil,18.637729153677935,,18.637729153677935
United Kingdom,2009,1A2G,ABFLOW020,Coal,18.637729153677935,,18.637729153677935
United Kingdom,2009,1A2G,ABFLOW020,Natural gas,18.637729153677935,,18.637729153677935
United Kingdom,2009,1A2G,ABFLOW020,Oil,18.637729153677935,,18.637729153677935
United Kingdom,2009,1A2H,ABFLOW021,Coal,18.637729153677935,,18.637729153677935
United Kingdom,2009,1A2H,ABFLOW021,Natural gas,18.637729153677935,,18.637729153677935
United Kingdom,2009,1A2H,ABFLOW021,Oil,18.637729153677935,,18.637729153677935
United Kingdom,2009,1A2I,ABFLOW013,Coal,18.637729153677935,,18.637729153677935
United Kingdom,2009,1A2I,ABFLOW013,Natural gas,18.637729153677935,,18.637729153677935
United Kingdom,2009,1A2I,ABFLOW013,Oil,18.637729153677935,,18.637729153677935
United Kingdom,2009,1A2J,ABFLOW024,Coal,18.637729153677935,,18.637729153677935
United Kingdom,2009,1A2J,ABFLOW024,Natural gas,18.637729153677935,,18.637729153677935
United Kingdom,2009,1A2J,ABFLOW024,Oil,18.637729153677935,,18.637729153677935
United Kingdom,2009,1A2K,ABFLOW014,Coal,18.637729153677935,,18.637729153677935
United Kingdom,2009,1A2K,ABFLOW014,Natural gas,18.637729153677935,,18.637729153677935
United Kingdom,2009,1A2K,ABFLOW014,Oil,18.637729153677935,,18.637729153677935
United Kingdom,2009,1A2L,ABFLOW025,Coal,18.637729153677935,,18.637729153677935
United Kingdom,2009,1A2L,ABFLOW025,Natural gas,18.637729153677935,,18.637729153677935
United Kingdom,2009,1A2L,ABFLOW025,Oil,18.637729153677935,,18.637729153677935
United Kingdom,2009,1A2M,ABFLOW026,Coal,18.637729153677935,,18.637729153677935
United Kingdom,2009,1A2M,ABFLOW026,Natural gas,18.637729153677935,,18.637729153677935
United Kingdom,2009,1A2M,ABFLOW026,Oil,18.637729153677935,,18.637729153677935
United Kingdom,2009,1A3,ABFLOW027,Coal,,,0.0
United Kingdom,2009,1A3,ABFLOW027,Natural gas,,,0.0
United Kingdom,2009,1A3,ABFLOW027,Oil,,,0.0
United Kingdom,2009,1A3A1,ABFLOW040,Coal,,,0.0
United Kingdom,2009,1A3A1,ABFLOW040,Natural gas,,,0.0
United Kingdom,2009,1A3A1,ABFLOW040,Oil,,,0.0
United Kingdom,2009,1A3A2,ABFLOW029,Coal,,,0.0
United Kingdom,2009,1A3A2,ABFLOW029,Natural gas,,,0.0
United Kingdom,2009,1A3A2,ABFLOW029,Oil,,,0.0
United Kingdom,2009,1A3B,ABFLOW028,Coal,,,0.0
United Kingdom,2009,1A3B,ABFLOW028,Natural gas,,,0.0
United Kingdom,2009,1A3B,ABFLOW028,Oil,,,0.0
United Kingdom,2009,1A3C,ABFLOW030,Coal,,,0.0
United Kingdom,2009,1A3C,ABFLOW030,Natural gas,,,0.0
United Kingdom,2009,1A3C,ABFLOW030,Oil,,,0.0
United Kingdom,2009,1A3D1,ABFLOW039,Coal,,,0.0
United Kingdom,2009,1A3D1,ABFLOW039,Natural gas,,,0.0
United Kingdom,2009,1A3D1,ABFLOW039,Oil,,,0.0
United Kingdom,2009,1A3D2,ABFLOW032,Coal,,,0.0
United Kingdom,2009,1A3D2,ABFLOW032,Natural gas,,,0.0
United Kingdom,2009,1A3D2,ABFLOW032,Oil,,,0.0
United Kingdom,2009,1A3E1,ABFLOW033,Coal,,,0.0
United Kingdom,2009,1A3E1,ABFLOW033,Natural gas,,,0.0
United Kingdom,2009,1A3E1,ABFLOW033,Oil,,,0.0
United Kingdom,2009,1A4A,ABFLOW035,Coal,,,0.0
United Kingdom,2009,1A4A,ABFLOW035,Natural gas,,,0.0
United Kingdom,2009,1A4A,ABFLOW035,Oil,,,0.0
United Kingdom,2009,1A4B,ABFLOW034,Coal,,,0.0
United Kingdom,2009,1A4B,ABFLOW034,Natural gas,,,0.0
United Kingdom,2009,1A4B,ABFLOW034,Oil,,,0.0
United Kingdom,2009,1A4C1,ABFLOW036,Coal,,,0.0
United Kingdom,2009,1A4C1,ABFLOW036,Natural gas,,,0.0
United Kingdom,2009,1A4C1,ABFLOW036,Oil,,,0.0
United Kingdom,2009,1A4C2,ABFLOW037,Coal,,,0.0
United Kingdom,2009,1A4C2,ABFLOW037,Natural gas,,,0.0
United Kingdom,2009,1A4C2,ABFLOW037,Oil,,,0.0
United Kingdom,2009,1A5,ABFLOW038,Coal,,,0.0
United Kingdom,2009,1A5,ABFLOW038,Natural gas,,,0.0
United Kingdom,2009,1A5,ABFLOW038,Oil,,,0.0
United Kingdom,2010,1A,ABFLOW001,Coal,,,0.0
United Kingdom,2010,1A,ABFLOW001,Natural gas,,,0.0
United Kingdom,2010,1A,ABFLOW001,Oil,,,0.0
United Kingdom,2010,1A1A,ABFLOW002,Coal,,,0.0
United Kingdom,2010,1A1A,ABFLOW002,Natural gas,,,0.0
United Kingdom,2010,1A1A,ABFLOW002,Oil,,,0.0
United Kingdom,2010,1A1A1,ABFLOW003,Coal,20.00641919756223,,20.00641919756223
United Kingdom,2010,1A1A1,ABFLOW003,Natural gas,20.00641919756223,,20.00641919756223
United Kingdom,2010,1A1A1,ABFLOW003,Oil,20.00641919756223,,20.00641919756223
United Kingdom,2010,1A1A2,ABFLOW004,Coal,20.00641919756223,,20.00641919756223
United Kingdom,2010,1A1A2,ABFLOW004,Natural gas,20.00641919756223,,20.00641919756223
United Kingdom,2010,1A1A2,ABFLOW004,Oil,20.00641919756223,,20.00641919756223
United Kingdom,2010,1A1A3,ABFLOW005,Coal,20.00641919756223,,20.00641919756223
United Kingdom,2010,1A1A3,ABFLOW005,Natural gas,20.00641919756223,,20.00641919756223
United Kingdom,2010,1A1A3,ABFLOW005,Oil,20.00641919756223,,20.00641919756223
United Kingdom,2010,1A1B,ABFLOW011,Coal,20.00641919756223,,20.00641919756223
United Kingdom,2010,1A1B,ABFLOW011,Natural gas,20.00641919756223,,20.00641919756223
United Kingdom,2010,1A1B,ABFLOW011,Oil,20.00641919756223,,20.00641919756223
United Kingdom,2010,1A1C,ABFLOW011,Coal,20.00641919756223,,20.00641919756223
United Kingdom,2010,1A1C,ABFLOW011,Natural gas,20.00641919756223,,20.00641919756223
United Kingdom,2010,1A1C,ABFLOW011,Oil,20.00641919756223,,20.00641919756223
United Kingdom,2010,1A2,ABFLOW012,Coal,,,0.0
United Kingdom,2010,1A2,ABFLOW012,Natural gas,,,0.0
United Kingdom,2010,1A2,ABFLOW012,Oil,,,0.0
United Kingdom,2010,1A2A,ABFLOW016,Coal,20.00641919756223,,20.00641919756223
United Kingdom,2010,1A2A,ABFLOW016,Natural gas,20.00641919756223,,20.00641919756223
United Kingdom,2010,1A2A,ABFLOW016,Oil,20.00641919756223,,20.00641919756223
United Kingdom,2010,1A2B,ABFLOW018,Coal,20.00641919756223,,20.00641919756223
United Kingdom,2010,1A2B,ABFLOW018,Natural gas,20.00641919756223,,20.00641919756223
United Kingdom,2010,1A2B,ABFLOW018,Oil,20.00641919756223,,20.00641919756223
United Kingdom,2010,1A2C,ABFLOW017,Coal,20.00641919756223,,20.00641919756223
United Kingdom,2010,1A2C,ABFLOW017,Natural gas,20.00641919756223,,20.00641919756223
United Kingdom,2010,1A2C,ABFLOW017,Oil,20.00641919756223,,20.00641919756223
United Kingdom,2010,1A2D,ABFLOW023,Coal,20.00641919756223,,20.00641919756223
United Kingdom,2010,1A2D,ABFLOW023,Natural gas,20.00641919756223,,20.00641919756223
United Kingdom,2010,1A2D,ABFLOW023,Oil,20.00641919756223,,20.00641919756223
United Kingdom,2010,1A2E,ABFLOW022,Coal,20.00641919756223,,20.00641919756223
United Kingdom,2010,1A2E,ABFLOW022,Natural gas,20.00641919756223,,20.00641919756223
United Kingdom,2010,1A2E,ABFLOW022,Oil,20.00641919756223,,20.00641919756223
United Kingdom,2010,1A2F,ABFLOW019,Coal,20.00641919756223,,20.00641919756223
United Kingdom,2010,1A2F,ABFLOW019,Natural gas,20.00641919756223,,20.00641919756223
United Kingdom,2010,1A2F,ABFLOW019,Oil,20.00641919756223,,20.00641919756223
United Kingdom,2010,1A2G,ABFLOW020,Coal,20.00641919756223,,20.00641919756223
United Kingdom,2010,1A2G,ABFLOW020,Natural gas,20.00641919756223,,20.00641919756223
United Kingdom,2010,1A2G,ABFLOW020,Oil,20.00641919756223,,20.00641919756223
United Kingdom,2010,1A2H,ABFLOW021,Coal,20.00641919756223,,20.00641919756223
United Kingdom,2010,1A2H,ABFLOW021,Natural gas,20.00641919756223,,20.00641919756223
United Kingdom,2010,1A2H,ABFLOW021,Oil,20.00641919756223,,20.00641919756223
United Kingdom,2010,1A2I,ABFLOW013,Coal,20.00641919756223,,20.00641919756223
United Kingdom,2010,1A2I,ABFLOW013,Natural gas,20.00641919756223,,20.00641919756223
United Kingdom,2010,1A2I,ABFLOW013,Oil,20.00641919756223,,20.00641919756223
United Kingdom,2010,1A2J,ABFLOW024,Coal,20.00641919756223,,20.00641919756223
United Kingdom,2010,1A2J,ABFLOW024,Natural gas,20.00641919756223,,20.00641919756223
United Kingdom,2010,1A2J,ABFLOW024,Oil,20.00641919756223,,20.00641919756223
United Kingdom,2010,1A2K,ABFLOW014,Coal,20.00641919756223,,20.00641919756223
United Kingdom,2010,1A2K,ABFLOW014,Natural gas,20.00641919756223,,20.00641919756223
United Kingdom,2010,1A2K,ABFLOW014,Oil,20.00641919756223,,20.00641919756223
United Kingdom,2010,1A2L,ABFLOW025,Coal,20.00641919756223,,20.00641919756223
United Kingdom,2010,1A2L,ABFLOW025,Natural gas,20.00641919756223,,20.00641919756223
United Kingdom,2010,1A2L,ABFLOW025,Oil,20.00641919756223,,20.00641919756223
United Kingdom,2010,1A2M,ABFLOW026,Coal,20.00641919756223,,20.00641919756223
United Kingdom,2010,1A2M,ABFLOW026,Natural gas,20.00641919756223,,20.00641919756223
United Kingdom,2010,1A2M,ABFLOW026,Oil,20.00641919756223,,20.00641919756223
United Kingdom,2010,1A3,ABFLOW027,Coal,,,0.0
United Kingdom,2010,1A3,ABFLOW027,Natural gas,,,0.0
United Kingdom,2010,1A3,ABFLOW027,Oil,,,0.0
United Kingdom,2010,1A3A1,ABFLOW040,Coal,,,0.0
United Kingdom,2010,1A3A1,ABFLOW040,Natural gas,,,0.0
United Kingdom,2010,1A3A1,ABFLOW040,Oil,,,0.0
United Kingdom,2010,1A3A2,ABFLOW029,Coal,,,0.0
United Kingdom,2010,1A3A2,ABFLOW029,Natural gas,,,0.0
United Kingdom,2010,1A3A2,ABFLOW029,Oil,,,0.0
United Kingdom,2010,1A3B,ABFLOW028,Coal,,,0.0
United Kingdom,2010,1A3B,ABFLOW028,Natural gas,,,0.0
United Kingdom,2010,1A3B,ABFLOW028,Oil,,,0.0
United Kingdom,2010,1A3C,ABFLOW030,Coal,,,0.0
United Kingdom,2010,1A3C,ABFLOW030,Natural gas,,,0.0
United Kingdom,2010,1A3C,ABFLOW030,Oil,,,0.0
United Kingdom,2010,1A3D1,ABFLOW039,Coal,,,0.0
United Kingdom,2010,1A3D1,ABFLOW039,Natural gas,,,0.0
United Kingdom,2010,1A3D1,ABFLOW039,Oil,,,0.0
United Kingdom,2010,1A3D2,ABFLOW032,Coal,,,0.0
United Kingdom,2010,1A3D2,ABFLOW032,Natural gas,,,0.0
United Kingdom,2010,1A3D2,ABFLOW032,Oil,,,0.0
United Kingdom,2010,1A3E1,ABFLOW033,Coal,,,0.0
United Kingdom,2010,1A3E1,ABFLOW033,Natural gas,,,0.0
United Kingdom,2010,1A3E1,ABFLOW033,Oil,,,0.0
United Kingdom,2010,1A4A,ABFLOW035,Coal,,,0.0
United Kingdom,2010,1A4A,ABFLOW035,Natural gas,,,0.0
United Kingdom,2010,1A4A,ABFLOW035,Oil,,,0.0
United Kingdom,2010,1A4B,ABFLOW034,Coal,,,0.0
United Kingdom,2010,1A4B,ABFLOW034,Natural gas,,,0.0
United Kingdom,2010,1A4B,ABFLOW034,Oil,,,0.0
United Kingdom,2010,1A4C1,ABFLOW036,Coal,,,0.0
United Kingdom,2010,1A4C1,ABFLOW036,Natural gas,,,0.0
United Kingdom,2010,1A4C1,ABFLOW036,Oil,,,0.0
United Kingdom,2010,1A4C2,ABFLOW037,Coal,,,0.0
United Kingdom,2010,1A4C2,ABFLOW037,Natural gas,,,0.0
United Kingdom,2010,1A4C2,ABFLOW037,Oil,,,0.0
United Kingdom,2010,1A5,ABFLOW038,Coal,,,0.0
United Kingdom,2010,1A5,ABFLOW038,Natural gas,,,0.0
United Kingdom,2010,1A5,ABFLOW038,Oil,,,0.0
United Kingdom,2011,1A,ABFLOW001,Coal,,,0.0
United Kingdom,2011,1A,ABFLOW001,Natural gas,,,0.0
United Kingdom,2011,1A,ABFLOW001,Oil,,,0.0
United Kingdom,2011,1A1A,ABFLOW002,Coal,,,0.0
United Kingdom,2011,1A1A,ABFLOW002,Natural gas,,,0.0
United Kingdom,2011,1A1A,ABFLOW002,Oil,,,0.0
United Kingdom,2011,1A1A1,ABFLOW003,Coal,17.665283743898783,,17.665283743898783
United Kingdom,2011,1A1A1,ABFLOW003,Natural gas,17.665283743898783,,17.665283743898783
United Kingdom,2011,1A1A1,ABFLOW003,Oil,17.665283743898783,,17.665283743898783
United Kingdom,2011,1A1A2,ABFLOW004,Coal,17.665283743898783,,17.665283743898783
United Kingdom,2011,1A1A2,ABFLOW004,Natural gas,17.665283743898783,,17.665283743898783
United Kingdom,2011,1A1A2,ABFLOW004,Oil,17.665283743898783,,17.665283743898783
United Kingdom,2011,1A1A3,ABFLOW005,Coal,17.665283743898783,,17.665283743898783
United Kingdom,2011,1A1A3,ABFLOW005,Natural gas,17.665283743898783,,17.665283743898783
United Kingdom,2011,1A1A3,ABFLOW005,Oil,17.665283743898783,,17.665283743898783
United Kingdom,2011,1A1B,ABFLOW011,Coal,17.665283743898783,,17.665283743898783
United Kingdom,2011,1A1B,ABFLOW011,Natural gas,17.665283743898783,,17.665283743898783
United Kingdom,2011,1A1B,ABFLOW011,Oil,17.665283743898783,,17.665283743898783
United Kingdom,2011,1A1C,ABFLOW011,Coal,17.665283743898783,,17.665283743898783
United Kingdom,2011,1A1C,ABFLOW011,Natural gas,17.665283743898783,,17.665283743898783
United Kingdom,2011,1A1C,ABFLOW011,Oil,17.665283743898783,,17.665283743898783
United Kingdom,2011,1A2,ABFLOW012,Coal,,,0.0
United Kingdom,2011,1A2,ABFLOW012,Natural gas,,,0.0
United Kingdom,2011,1A2,ABFLOW012,Oil,,,0.0
United Kingdom,2011,1A2A,ABFLOW016,Coal,17.665283743898783,,17.665283743898783
United Kingdom,2011,1A2A,ABFLOW016,Natural gas,17.665283743898783,,17.665283743898783
United Kingdom,2011,1A2A,ABFLOW016,Oil,17.665283743898783,,17.665283743898783
United Kingdom,2011,1A2B,ABFLOW018,Coal,17.665283743898783,,17.665283743898783
United Kingdom,2011,1A2B,ABFLOW018,Natural gas,17.665283743898783,,17.665283743898783
United Kingdom,2011,1A2B,ABFLOW018,Oil,17.665283743898783,,17.665283743898783
United Kingdom,2011,1A2C,ABFLOW017,Coal,17.665283743898783,,17.665283743898783
United Kingdom,2011,1A2C,ABFLOW017,Natural gas,17.665283743898783,,17.665283743898783
United Kingdom,2011,1A2C,ABFLOW017,Oil,17.665283743898783,,17.665283743898783
United Kingdom,2011,1A2D,ABFLOW023,Coal,17.665283743898783,,17.665283743898783
United Kingdom,2011,1A2D,ABFLOW023,Natural gas,17.665283743898783,,17.665283743898783
United Kingdom,2011,1A2D,ABFLOW023,Oil,17.665283743898783,,17.665283743898783
United Kingdom,2011,1A2E,ABFLOW022,Coal,17.665283743898783,,17.665283743898783
United Kingdom,2011,1A2E,ABFLOW022,Natural gas,17.665283743898783,,17.665283743898783
United Kingdom,2011,1A2E,ABFLOW022,Oil,17.665283743898783,,17.665283743898783
United Kingdom,2011,1A2F,ABFLOW019,Coal,17.665283743898783,,17.665283743898783
United Kingdom,2011,1A2F,ABFLOW019,Natural gas,17.665283743898783,,17.665283743898783
United Kingdom,2011,1A2F,ABFLOW019,Oil,17.665283743898783,,17.665283743898783
United Kingdom,2011,1A2G,ABFLOW020,Coal,17.665283743898783,,17.665283743898783
United Kingdom,2011,1A2G,ABFLOW020,Natural gas,17.665283743898783,,17.665283743898783
United Kingdom,2011,1A2G,ABFLOW020,Oil,17.665283743898783,,17.665283743898783
United Kingdom,2011,1A2H,ABFLOW021,Coal,17.665283743898783,,17.665283743898783
United Kingdom,2011,1A2H,ABFLOW021,Natural gas,17.665283743898783,,17.665283743898783
United Kingdom,2011,1A2H,ABFLOW021,Oil,17.665283743898783,,17.665283743898783
United Kingdom,2011,1A2I,ABFLOW013,Coal,17.665283743898783,,17.665283743898783
United Kingdom,2011,1A2I,ABFLOW013,Natural gas,17.665283743898783,,17.665283743898783
United Kingdom,2011,1A2I,ABFLOW013,Oil,17.665283743898783,,17.665283743898783
United Kingdom,2011,1A2J,ABFLOW024,Coal,17.665283743898783,,17.665283743898783
United Kingdom,2011,1A2J,ABFLOW024,Natural gas,17.665283743898783,,17.665283743898783
United Kingdom,2011,1A2J,ABFLOW024,Oil,17.665283743898783,,17.665283743898783
United Kingdom,2011,1A2K,ABFLOW014,Coal,17.665283743898783,,17.665283743898783
United Kingdom,2011,1A2K,ABFLOW014,Natural gas,17.665283743898783,,17.665283743898783
United Kingdom,2011,1A2K,ABFLOW014,Oil,17.665283743898783,,17.665283743898783
United Kingdom,2011,1A2L,ABFLOW025,Coal,17.665283743898783,,17.665283743898783
United Kingdom,2011,1A2L,ABFLOW025,Natural gas,17.665283743898783,,17.665283743898783
United Kingdom,2011,1A2L,ABFLOW025,Oil,17.665283743898783,,17.665283743898783
United Kingdom,2011,1A2M,ABFLOW026,Coal,17.665283743898783,,17.665283743898783
United Kingdom,2011,1A2M,ABFLOW026,Natural gas,17.665283743898783,,17.665283743898783
United Kingdom,2011,1A2M,ABFLOW026,Oil,17.665283743898783,,17.665283743898783
United Kingdom,2011,1A3,ABFLOW027,Coal,,,0.0
United Kingdom,2011,1A3,ABFLOW027,Natural gas,,,0.0
United Kingdom,2011,1A3,ABFLOW027,Oil,,,0.0
United Kingdom,2011,1A3A1,ABFLOW040,Coal,,,0.0
United Kingdom,2011,1A3A1,ABFLOW040,Natural gas,,,0.0
United Kingdom,2011,1A3A1,ABFLOW040,Oil,,,0.0
United Kingdom,2011,1A3A2,ABFLOW029,Coal,,,0.0
United Kingdom,2011,1A3A2,ABFLOW029,Natural gas,,,0.0
United Kingdom,2011,1A3A2,ABFLOW029,Oil,,,0.0
United Kingdom,2011,1A3B,ABFLOW028,Coal,,,0.0
United Kingdom,2011,1A3B,ABFLOW028,Natural gas,,,0.0
United Kingdom,2011,1A3B,ABFLOW028,Oil,,,0.0
United Kingdom,2011,1A3C,ABFLOW030,Coal,,,0.0
United Kingdom,2011,1A3C,ABFLOW030,Natural gas,,,0.0
United Kingdom,2011,1A3C,ABFLOW030,Oil,,,0.0
United Kingdom,2011,1A3D1,ABFLOW039,Coal,,,0.0
United Kingdom,2011,1A3D1,ABFLOW039,Natural gas,,,0.0
United Kingdom,2011,1A3D1,ABFLOW039,Oil,,,0.0
United Kingdom,2011,1A3D2,ABFLOW032,Coal,,,0.0
United Kingdom,2011,1A3D2,ABFLOW032,Natural gas,,,0.0
United Kingdom,2011,1A3D2,ABFLOW032,Oil,,,0.0
United Kingdom,2011,1A3E1,ABFLOW033,Coal,,,0.0
United Kingdom,2011,1A3E1,ABFLOW033,Natural gas,,,0.0
United Kingdom,2011,1A3E1,ABFLOW033,Oil,,,0.0
United Kingdom,2011,1A4A,ABFLOW035,Coal,,,0.0
United Kingdom,2011,1A4A,ABFLOW035,Natural gas,,,0.0
United Kingdom,2011,1A4A,ABFLOW035,Oil,,,0.0
United Kingdom,2011,1A4B,ABFLOW034,Coal,,,0.0
United Kingdom,2011,1A4B,ABFLOW034,Natural gas,,,0.0
United Kingdom,2011,1A4B,ABFLOW034,Oil,,,0.0
United Kingdom,2011,1A4C1,ABFLOW036,Coal,,,0.0
United Kingdom,2011,1A4C1,ABFLOW036,Natural gas,,,0.0
United Kingdom,2011,1A4C1,ABFLOW036,Oil,,,0.0
United Kingdom,2011,1A4C2,ABFLOW037,Coal,,,0.0
United Kingdom,2011,1A4C2,ABFLOW037,Natural gas,,,0.0
United Kingdom,2011,1A4C2,ABFLOW037,Oil,,,0.0
United Kingdom,2011,1A5,ABFLOW038,Coal,,,0.0
United Kingdom,2011,1A5,ABFLOW038,Natural gas,,,0.0
United Kingdom,2011,1A5,ABFLOW038,Oil,,,0.0
United Kingdom,2012,1A,ABFLOW001,Coal,,,0.0
United Kingdom,2012,1A,ABFLOW001,Natural gas,,,0.0
United Kingdom,2012,1A,ABFLOW001,Oil,,,0.0
United Kingdom,2012,1A1A,ABFLOW002,Coal,,,0.0
United Kingdom,2012,1A1A,ABFLOW002,Natural gas,,,0.0
United Kingdom,2012,1A1A,ABFLOW002,Oil,,,0.0
United Kingdom,2012,1A1A1,ABFLOW003,Coal,9.92187637383177,,9.92187637383177
United Kingdom,2012,1A1A1,ABFLOW003,Natural gas,9.92187637383177,,9.92187637383177
United Kingdom,2012,1A1A1,ABFLOW003,Oil,9.92187637383177,,9.92187637383177
United Kingdom,2012,1A1A2,ABFLOW004,Coal,9.92187637383177,,9.92187637383177
United Kingdom,2012,1A1A2,ABFLOW004,Natural gas,9.92187637383177,,9.92187637383177
United Kingdom,2012,1A1A2,ABFLOW004,Oil,9.92187637383177,,9.92187637383177
United Kingdom,2012,1A1A3,ABFLOW005,Coal,9.92187637383177,,9.92187637383177
United Kingdom,2012,1A1A3,ABFLOW005,Natural gas,9.92187637383177,,9.92187637383177
United Kingdom,2012,1A1A3,ABFLOW005,Oil,9.92187637383177,,9.92187637383177
United Kingdom,2012,1A1B,ABFLOW011,Coal,9.92187637383177,,9.92187637383177
United Kingdom,2012,1A1B,ABFLOW011,Natural gas,9.92187637383177,,9.92187637383177
United Kingdom,2012,1A1B,ABFLOW011,Oil,9.92187637383177,,9.92187637383177
United Kingdom,2012,1A1C,ABFLOW011,Coal,9.92187637383177,,9.92187637383177
United Kingdom,2012,1A1C,ABFLOW011,Natural gas,9.92187637383177,,9.92187637383177
United Kingdom,2012,1A1C,ABFLOW011,Oil,9.92187637383177,,9.92187637383177
United Kingdom,2012,1A2,ABFLOW012,Coal,,,0.0
United Kingdom,2012,1A2,ABFLOW012,Natural gas,,,0.0
United Kingdom,2012,1A2,ABFLOW012,Oil,,,0.0
United Kingdom,2012,1A2A,ABFLOW016,Coal,9.92187637383177,,9.92187637383177
United Kingdom,2012,1A2A,ABFLOW016,Natural gas,9.92187637383177,,9.92187637383177
United Kingdom,2012,1A2A,ABFLOW016,Oil,9.92187637383177,,9.92187637383177
United Kingdom,2012,1A2B,ABFLOW018,Coal,9.92187637383177,,9.92187637383177
United Kingdom,2012,1A2B,ABFLOW018,Natural gas,9.92187637383177,,9.92187637383177
United Kingdom,2012,1A2B,ABFLOW018,Oil,9.92187637383177,,9.92187637383177
United Kingdom,2012,1A2C,ABFLOW017,Coal,9.92187637383177,,9.92187637383177
United Kingdom,2012,1A2C,ABFLOW017,Natural gas,9.92187637383177,,9.92187637383177
United Kingdom,2012,1A2C,ABFLOW017,Oil,9.92187637383177,,9.92187637383177
United Kingdom,2012,1A2D,ABFLOW023,Coal,9.92187637383177,,9.92187637383177
United Kingdom,2012,1A2D,ABFLOW023,Natural gas,9.92187637383177,,9.92187637383177
United Kingdom,2012,1A2D,ABFLOW023,Oil,9.92187637383177,,9.92187637383177
United Kingdom,2012,1A2E,ABFLOW022,Coal,9.92187637383177,,9.92187637383177
United Kingdom,2012,1A2E,ABFLOW022,Natural gas,9.92187637383177,,9.92187637383177
United Kingdom,2012,1A2E,ABFLOW022,Oil,9.92187637383177,,9.92187637383177
United Kingdom,2012,1A2F,ABFLOW019,Coal,9.92187637383177,,9.92187637383177
United Kingdom,2012,1A2F,ABFLOW019,Natural gas,9.92187637383177,,9.92187637383177
United Kingdom,2012,1A2F,ABFLOW019,Oil,9.92187637383177,,9.92187637383177
United Kingdom,2012,1A2G,ABFLOW020,Coal,9.92187637383177,,9.92187637383177
United Kingdom,2012,1A2G,ABFLOW020,Natural gas,9.92187637383177,,9.92187637383177
United Kingdom,2012,1A2G,ABFLOW020,Oil,9.92187637383177,,9.92187637383177
United Kingdom,2012,1A2H,ABFLOW021,Coal,9.92187637383177,,9.92187637383177
United Kingdom,2012,1A2H,ABFLOW021,Natural gas,9.92187637383177,,9.92187637383177
United Kingdom,2012,1A2H,ABFLOW021,Oil,9.92187637383177,,9.92187637383177
United Kingdom,2012,1A2I,ABFLOW013,Coal,9.92187637383177,,9.92187637383177
United Kingdom,2012,1A2I,ABFLOW013,Natural gas,9.92187637383177,,9.92187637383177
United Kingdom,2012,1A2I,ABFLOW013,Oil,9.92187637383177,,9.92187637383177
United Kingdom,2012,1A2J,ABFLOW024,Coal,9.92187637383177,,9.92187637383177
United Kingdom,2012,1A2J,ABFLOW024,Natural gas,9.92187637383177,,9.92187637383177
United Kingdom,2012,1A2J,ABFLOW024,Oil,9.92187637383177,,9.92187637383177
United Kingdom,2012,1A2K,ABFLOW014,Coal,9.92187637383177,,9.92187637383177
United Kingdom,2012,1A2K,ABFLOW014,Natural gas,9.92187637383177,,9.92187637383177
United Kingdom,2012,1A2K,ABFLOW014,Oil,9.92187637383177,,9.92187637383177
United Kingdom,2012,1A2L,ABFLOW025,Coal,9.92187637383177,,9.92187637383177
United Kingdom,2012,1A2L,ABFLOW025,Natural gas,9.92187637383177,,9.92187637383177
United Kingdom,2012,1A2L,ABFLOW025,Oil,9.92187637383177,,9.92187637383177
United Kingdom,2012,1A2M,ABFLOW026,Coal,9.92187637383177,,9.92187637383177
United Kingdom,2012,1A2M,ABFLOW026,Natural gas,9.92187637383177,,9.92187637383177
United Kingdom,2012,1A2M,ABFLOW026,Oil,9.92187637383177,,9.92187637383177
United Kingdom,2012,1A3,ABFLOW027,Coal,,,0.0
United Kingdom,2012,1A3,ABFLOW027,Natural gas,,,0.0
United Kingdom,2012,1A3,ABFLOW027,Oil,,,0.0
United Kingdom,2012,1A3A1,ABFLOW040,Coal,9.92187637383177,,9.92187637383177
United Kingdom,2012,1A3A1,ABFLOW040,Natural gas,9.92187637383177,,9.92187637383177
United Kingdom,2012,1A3A1,ABFLOW040,Oil,9.92187637383177,,9.92187637383177
United Kingdom,2012,1A3A2,ABFLOW029,Coal,9.92187637383177,,9.92187637383177
United Kingdom,2012,1A3A2,ABFLOW029,Natural gas,9.92187637383177,,9.92187637383177
United Kingdom,2012,1A3A2,ABFLOW029,Oil,9.92187637383177,,9.92187637383177
United Kingdom,2012,1A3B,ABFLOW028,Coal,,,0.0
United Kingdom,2012,1A3B,ABFLOW028,Natural gas,,,0.0
United Kingdom,2012,1A3B,ABFLOW028,Oil,,,0.0
United Kingdom,2012,1A3C,ABFLOW030,Coal,,,0.0
United Kingdom,2012,1A3C,ABFLOW030,Natural gas,,,0.0
United Kingdom,2012,1A3C,ABFLOW030,Oil,,,0.0
United Kingdom,2012,1A3D1,ABFLOW039,Coal,,,0.0
United Kingdom,2012,1A3D1,ABFLOW039,Natural gas,,,0.0
United Kingdom,2012,1A3D1,ABFLOW039,Oil,,,0.0
United Kingdom,2012,1A3D2,ABFLOW032,Coal,,,0.0
United Kingdom,2012,1A3D2,ABFLOW032,Natural gas,,,0.0
United Kingdom,2012,1A3D2,ABFLOW032,Oil,,,0.0
United Kingdom,2012,1A3E1,ABFLOW033,Coal,,,0.0
United Kingdom,2012,1A3E1,ABFLOW033,Natural gas,,,0.0
United Kingdom,2012,1A3E1,ABFLOW033,Oil,,,0.0
United Kingdom,2012,1A4A,ABFLOW035,Coal,,,0.0
United Kingdom,2012,1A4A,ABFLOW035,Natural gas,,,0.0
United Kingdom,2012,1A4A,ABFLOW035,Oil,,,0.0
United Kingdom,2012,1A4B,ABFLOW034,Coal,,,0.0
United Kingdom,2012,1A4B,ABFLOW034,Natural gas,,,0.0
United Kingdom,2012,1A4B,ABFLOW034,Oil,,,0.0
United Kingdom,2012,1A4C1,ABFLOW036,Coal,,,0.0
United Kingdom,2012,1A4C1,ABFLOW036,Natural gas,,,0.0
United Kingdom,2012,1A4C1,ABFLOW036,Oil,,,0.0
United Kingdom,2012,1A4C2,ABFLOW037,Coal,,,0.0
United Kingdom,2012,1A4C2,ABFLOW037,Natural gas,,,0.0
United Kingdom,2012,1A4C2,ABFLOW037,Oil,,,0.0
United Kingdom,2012,1A5,ABFLOW038,Coal,,,0.0
United Kingdom,2012,1A5,ABFLOW038,Natural gas,,,0.0
United Kingdom,2012,1A5,ABFLOW038,Oil,,,0.0
United Kingdom,2013,1A,ABFLOW001,Coal,,,0.0
United Kingdom,2013,1A,ABFLOW001,Natural gas,,,0.0
United Kingdom,2013,1A,ABFLOW001,Oil,,,0.0
United Kingdom,2013,1A1A,ABFLOW002,Coal,,,0.0
United Kingdom,2013,1A1A,ABFLOW002,Natural gas,,,0.0
United Kingdom,2013,1A1A,ABFLOW002,Oil,,,0.0
United Kingdom,2013,1A1A1,ABFLOW003,Coal,5.885441862365173,7.295400120380143,13.180841982745317
United Kingdom,2013,1A1A1,ABFLOW003,Natural gas,5.885441862365173,7.295400120380143,13.180841982745317
United Kingdom,2013,1A1A1,ABFLOW003,Oil,5.885441862365173,7.295400120380143,13.180841982745317
United Kingdom,2013,1A1A2,ABFLOW004,Coal,5.885441862365173,7.295400120380143,13.180841982745317
United Kingdom,2013,1A1A2,ABFLOW004,Natural gas,5.885441862365173,7.295400120380143,13.180841982745317
United Kingdom,2013,1A1A2,ABFLOW004,Oil,5.885441862365173,7.295400120380143,13.180841982745317
United Kingdom,2013,1A1A3,ABFLOW005,Coal,5.885441862365173,,5.885441862365173
United Kingdom,2013,1A1A3,ABFLOW005,Natural gas,5.885441862365173,,5.885441862365173
United Kingdom,2013,1A1A3,ABFLOW005,Oil,5.885441862365173,,5.885441862365173
United Kingdom,2013,1A1B,ABFLOW011,Coal,5.885441862365173,,5.885441862365173
United Kingdom,2013,1A1B,ABFLOW011,Natural gas,5.885441862365173,,5.885441862365173
United Kingdom,2013,1A1B,ABFLOW011,Oil,5.885441862365173,,5.885441862365173
United Kingdom,2013,1A1C,ABFLOW011,Coal,5.885441862365173,,5.885441862365173
United Kingdom,2013,1A1C,ABFLOW011,Natural gas,5.885441862365173,,5.885441862365173
United Kingdom,2013,1A1C,ABFLOW011,Oil,5.885441862365173,,5.885441862365173
United Kingdom,2013,1A2,ABFLOW012,Coal,,,0.0
United Kingdom,2013,1A2,ABFLOW012,Natural gas,,,0.0
United Kingdom,2013,1A2,ABFLOW012,Oil,,,0.0
United Kingdom,2013,1A2A,ABFLOW016,Coal,5.885441862365173,,5.885441862365173
United Kingdom,2013,1A2A,ABFLOW016,Natural gas,5.885441862365173,,5.885441862365173
United Kingdom,2013,1A2A,ABFLOW016,Oil,5.885441862365173,,5.885441862365173
United Kingdom,2013,1A2B,ABFLOW018,Coal,5.885441862365173,,5.885441862365173
United Kingdom,2013,1A2B,ABFLOW018,Natural gas,5.885441862365173,,5.885441862365173
United Kingdom,2013,1A2B,ABFLOW018,Oil,5.885441862365173,,5.885441862365173
United Kingdom,2013,1A2C,ABFLOW017,Coal,5.885441862365173,,5.885441862365173
United Kingdom,2013,1A2C,ABFLOW017,Natural gas,5.885441862365173,,5.885441862365173
United Kingdom,2013,1A2C,ABFLOW017,Oil,5.885441862365173,,5.885441862365173
United Kingdom,2013,1A2D,ABFLOW023,Coal,5.885441862365173,,5.885441862365173
United Kingdom,2013,1A2D,ABFLOW023,Natural gas,5.885441862365173,,5.885441862365173
United Kingdom,2013,1A2D,ABFLOW023,Oil,5.885441862365173,,5.885441862365173
United Kingdom,2013,1A2E,ABFLOW022,Coal,5.885441862365173,,5.885441862365173
United Kingdom,2013,1A2E,ABFLOW022,Natural gas,5.885441862365173,,5.885441862365173
United Kingdom,2013,1A2E,ABFLOW022,Oil,5.885441862365173,,5.885441862365173
United Kingdom,2013,1A2F,ABFLOW019,Coal,5.885441862365173,,5.885441862365173
United Kingdom,2013,1A2F,ABFLOW019,Natural gas,5.885441862365173,,5.885441862365173
United Kingdom,2013,1A2F,ABFLOW019,Oil,5.885441862365173,,5.885441862365173
United Kingdom,2013,1A2G,ABFLOW020,Coal,5.885441862365173,,5.885441862365173
United Kingdom,2013,1A2G,ABFLOW020,Natural gas,5.885441862365173,,5.885441862365173
United Kingdom,2013,1A2G,ABFLOW020,Oil,5.885441862365173,,5.885441862365173
United Kingdom,2013,1A2H,ABFLOW021,Coal,5.885441862365173,,5.885441862365173
United Kingdom,2013,1A2H,ABFLOW021,Natural gas,5.885441862365173,,5.885441862365173
United Kingdom,2013,1A2H,ABFLOW021,Oil,5.885441862365173,,5.885441862365173
United Kingdom,2013,1A2I,ABFLOW013,Coal,5.885441862365173,,5.885441862365173
United Kingdom,2013,1A2I,ABFLOW013,Natural gas,5.885441862365173,,5.885441862365173
United Kingdom,2013,1A2I,ABFLOW013,Oil,5.885441862365173,,5.885441862365173
United Kingdom,2013,1A2J,ABFLOW024,Coal,5.885441862365173,,5.885441862365173
United Kingdom,2013,1A2J,ABFLOW024,Natural gas,5.885441862365173,,5.885441862365173
United Kingdom,2013,1A2J,ABFLOW024,Oil,5.885441862365173,,5.885441862365173
United Kingdom,2013,1A2K,ABFLOW014,Coal,5.885441862365173,,5.885441862365173
United Kingdom,2013,1A2K,ABFLOW014,Natural gas,5.885441862365173,,5.885441862365173
United Kingdom,2013,1A2K,ABFLOW014,Oil,5.885441862365173,,5.885441862365173
United Kingdom,2013,1A2L,ABFLOW025,Coal,5.885441862365173,,5.885441862365173
United Kingdom,2013,1A2L,ABFLOW025,Natural gas,5.885441862365173,,5.885441862365173
United Kingdom,2013,1A2L,ABFLOW025,Oil,5.885441862365173,,5.885441862365173
United Kingdom,2013,1A2M,ABFLOW026,Coal,5.885441862365173,,5.885441862365173
United Kingdom,2013,1A2M,ABFLOW026,Natural gas,5.885441862365173,,5.885441862365173
United Kingdom,2013,1A2M,ABFLOW026,Oil,5.885441862365173,,5.885441862365173
United Kingdom,2013,1A3,ABFLOW027,Coal,,,0.0
United Kingdom,2013,1A3,ABFLOW027,Natural gas,,,0.0
United Kingdom,2013,1A3,ABFLOW027,Oil,,,0.0
United Kingdom,2013,1A3A1,ABFLOW040,Coal,5.885441862365173,,5.885441862365173
United Kingdom,2013,1A3A1,ABFLOW040,Natural gas,5.885441862365173,,5.885441862365173
United Kingdom,2013,1A3A1,ABFLOW040,Oil,5.885441862365173,,5.885441862365173
United Kingdom,2013,1A3A2,ABFLOW029,Coal,5.885441862365173,,5.885441862365173
United Kingdom,2013,1A3A2,ABFLOW029,Natural gas,5.885441862365173,,5.885441862365173
United Kingdom,2013,1A3A2,ABFLOW029,Oil,5.885441862365173,,5.885441862365173
United Kingdom,2013,1A3B,ABFLOW028,Coal,,,0.0
United Kingdom,2013,1A3B,ABFLOW028,Natural gas,,,0.0
United Kingdom,2013,1A3B,ABFLOW028,Oil,,,0.0
United Kingdom,2013,1A3C,ABFLOW030,Coal,,,0.0
United Kingdom,2013,1A3C,ABFLOW030,Natural gas,,,0.0
United Kingdom,2013,1A3C,ABFLOW030,Oil,,,0.0
United Kingdom,2013,1A3D1,ABFLOW039,Coal,,,0.0
United Kingdom,2013,1A3D1,ABFLOW039,Natural gas,,,0.0
United Kingdom,2013,1A3D1,ABFLOW039,Oil,,,0.0
United Kingdom,2013,1A3D2,ABFLOW032,Coal,,,0.0
United Kingdom,2013,1A3D2,ABFLOW032,Natural gas,,,0.0
United Kingdom,2013,1A3D2,ABFLOW032,Oil,,,0.0
United Kingdom,2013,1A3E1,ABFLOW033,Coal,,,0.0
United Kingdom,2013,1A3E1,ABFLOW033,Natural gas,,,0.0
United Kingdom,2013,1A3E1,ABFLOW033,Oil,,,0.0
United Kingdom,2013,1A4A,ABFLOW035,Coal,,,0.0
United Kingdom,2013,1A4A,ABFLOW035,Natural gas,,,0.0
United Kingdom,2013,1A4A,ABFLOW035,Oil,,,0.0
United Kingdom,2013,1A4B,ABFLOW034,Coal,,,0.0
United Kingdom,2013,1A4B,ABFLOW034,Natural gas,,,0.0
United Kingdom,2013,1A4B,ABFLOW034,Oil,,,0.0
United Kingdom,2013,1A4C1,ABFLOW036,Coal,,,0.0
United Kingdom,2013,1A4C1,ABFLOW036,Natural gas,,,0.0
United Kingdom,2013,1A4C1,ABFLOW036,Oil,,,0.0
United Kingdom,2013,1A4C2,ABFLOW037,Coal,,,0.0
United Kingdom,2013,1A4C2,ABFLOW037,Natural gas,,,0.0
United Kingdom,2013,1A4C2,ABFLOW037,Oil,,,0.0
United Kingdom,2013,1A5,ABFLOW038,Coal,,,0.0
United Kingdom,2013,1A5,ABFLOW038,Natural gas,,,0.0
United Kingdom,2013,1A5,ABFLOW038,Oil,,,0.0
United Kingdom,2014,1A,ABFLOW001,Coal,,,0.0
United Kingdom,2014,1A,ABFLOW001,Natural gas,,,0.0
United Kingdom,2014,1A,ABFLOW001,Oil,,,0.0
United Kingdom,2014,1A1A,ABFLOW002,Coal,,,0.0
United Kingdom,2014,1A1A,ABFLOW002,Natural gas,,,0.0
United Kingdom,2014,1A1A,ABFLOW002,Oil,,,0.0
United Kingdom,2014,1A1A1,ABFLOW003,Coal,7.73211028053171,12.240008026333031,19.972118306864743
United Kingdom,2014,1A1A1,ABFLOW003,Natural gas,7.73211028053171,12.240008026333031,19.972118306864743
United Kingdom,2014,1A1A1,ABFLOW003,Oil,7.73211028053171,12.240008026333031,19.972118306864743
United Kingdom,2014,1A1A2,ABFLOW004,Coal,7.73211028053171,12.240008026333031,19.972118306864743
United Kingdom,2014,1A1A2,ABFLOW004,Natural gas,7.73211028053171,12.240008026333031,19.972118306864743
United Kingdom,2014,1A1A2,ABFLOW004,Oil,7.73211028053171,12.240008026333031,19.972118306864743
United Kingdom,2014,1A1A3,ABFLOW005,Coal,7.73211028053171,,7.73211028053171
United Kingdom,2014,1A1A3,ABFLOW005,Natural gas,7.73211028053171,,7.73211028053171
United Kingdom,2014,1A1A3,ABFLOW005,Oil,7.73211028053171,,7.73211028053171
United Kingdom,2014,1A1B,ABFLOW011,Coal,7.73211028053171,,7.73211028053171
United Kingdom,2014,1A1B,ABFLOW011,Natural gas,7.73211028053171,,7.73211028053171
United Kingdom,2014,1A1B,ABFLOW011,Oil,7.73211028053171,,7.73211028053171
United Kingdom,2014,1A1C,ABFLOW011,Coal,7.73211028053171,,7.73211028053171
United Kingdom,2014,1A1C,ABFLOW011,Natural gas,7.73211028053171,,7.73211028053171
United Kingdom,2014,1A1C,ABFLOW011,Oil,7.73211028053171,,7.73211028053171
United Kingdom,2014,1A2,ABFLOW012,Coal,,,0.0
United Kingdom,2014,1A2,ABFLOW012,Natural gas,,,0.0
United Kingdom,2014,1A2,ABFLOW012,Oil,,,0.0
United Kingdom,2014,1A2A,ABFLOW016,Coal,7.73211028053171,,7.73211028053171
United Kingdom,2014,1A2A,ABFLOW016,Natural gas,7.73211028053171,,7.73211028053171
United Kingdom,2014,1A2A,ABFLOW016,Oil,7.73211028053171,,7.73211028053171
United Kingdom,2014,1A2B,ABFLOW018,Coal,7.73211028053171,,7.73211028053171
United Kingdom,2014,1A2B,ABFLOW018,Natural gas,7.73211028053171,,7.73211028053171
United Kingdom,2014,1A2B,ABFLOW018,Oil,7.73211028053171,,7.73211028053171
United Kingdom,2014,1A2C,ABFLOW017,Coal,7.73211028053171,,7.73211028053171
United Kingdom,2014,1A2C,ABFLOW017,Natural gas,7.73211028053171,,7.73211028053171
United Kingdom,2014,1A2C,ABFLOW017,Oil,7.73211028053171,,7.73211028053171
United Kingdom,2014,1A2D,ABFLOW023,Coal,7.73211028053171,,7.73211028053171
United Kingdom,2014,1A2D,ABFLOW023,Natural gas,7.73211028053171,,7.73211028053171
United Kingdom,2014,1A2D,ABFLOW023,Oil,7.73211028053171,,7.73211028053171
United Kingdom,2014,1A2E,ABFLOW022,Coal,7.73211028053171,,7.73211028053171
United Kingdom,2014,1A2E,ABFLOW022,Natural gas,7.73211028053171,,7.73211028053171
United Kingdom,2014,1A2E,ABFLOW022,Oil,7.73211028053171,,7.73211028053171
United Kingdom,2014,1A2F,ABFLOW019,Coal,7.73211028053171,,7.73211028053171
United Kingdom,2014,1A2F,ABFLOW019,Natural gas,7.73211028053171,,7.73211028053171
United Kingdom,2014,1A2F,ABFLOW019,Oil,7.73211028053171,,7.73211028053171
United Kingdom,2014,1A2G,ABFLOW020,Coal,7.73211028053171,,7.73211028053171
United Kingdom,2014,1A2G,ABFLOW020,Natural gas,7.73211028053171,,7.73211028053171
United Kingdom,2014,1A2G,ABFLOW020,Oil,7.73211028053171,,7.73211028053171
United Kingdom,2014,1A2H,ABFLOW021,Coal,7.73211028053171,,7.73211028053171
United Kingdom,2014,1A2H,ABFLOW021,Natural gas,7.73211028053171,,7.73211028053171
United Kingdom,2014,1A2H,ABFLOW021,Oil,7.73211028053171,,7.73211028053171
United Kingdom,2014,1A2I,ABFLOW013,Coal,7.73211028053171,,7.73211028053171
United Kingdom,2014,1A2I,ABFLOW013,Natural gas,7.73211028053171,,7.73211028053171
United Kingdom,2014,1A2I,ABFLOW013,Oil,7.73211028053171,,7.73211028053171
United Kingdom,2014,1A2J,ABFLOW024,Coal,7.73211028053171,,7.73211028053171
United Kingdom,2014,1A2J,ABFLOW024,Natural gas,7.73211028053171,,7.73211028053171
United Kingdom,2014,1A2J,ABFLOW024,Oil,7.73211028053171,,7.73211028053171
United Kingdom,2014,1A2K,ABFLOW014,Coal,7.73211028053171,,7.73211028053171
United Kingdom,2014,1A2K,ABFLOW014,Natural gas,7.73211028053171,,7.73211028053171
United Kingdom,2014,1A2K,ABFLOW014,Oil,7.73211028053171,,7.73211028053171
United Kingdom,2014,1A2L,ABFLOW025,Coal,7.73211028053171,,7.73211028053171
United Kingdom,2014,1A2L,ABFLOW025,Natural gas,7.73211028053171,,7.73211028053171
United Kingdom,2014,1A2L,ABFLOW025,Oil,7.73211028053171,,7.73211028053171
United Kingdom,2014,1A2M,ABFLOW026,Coal,7.73211028053171,,7.73211028053171
United Kingdom,2014,1A2M,ABFLOW026,Natural gas,7.73211028053171,,7.73211028053171
United Kingdom,2014,1A2M,ABFLOW026,Oil,7.73211028053171,,7.73211028053171
United Kingdom,2014,1A3,ABFLOW027,Coal,,,0.0
United Kingdom,2014,1A3,ABFLOW027,Natural gas,,,0.0
United Kingdom,2014,1A3,ABFLOW027,Oil,,,0.0
United Kingdom,2014,1A3A1,ABFLOW040,Coal,7.73211028053171,,7.73211028053171
United Kingdom,2014,1A3A1,ABFLOW040,Natural gas,7.73211028053171,,7.73211028053171
United Kingdom,2014,1A3A1,ABFLOW040,Oil,7.73211028053171,,7.73211028053171
United Kingdom,2014,1A3A2,ABFLOW029,Coal,7.73211028053171,,7.73211028053171
United Kingdom,2014,1A3A2,ABFLOW029,Natural gas,7.73211028053171,,7.73211028053171
United Kingdom,2014,1A3A2,ABFLOW029,Oil,7.73211028053171,,7.73211028053171
United Kingdom,2014,1A3B,ABFLOW028,Coal,,,0.0
United Kingdom,2014,1A3B,ABFLOW028,Natural gas,,,0.0
United Kingdom,2014,1A3B,ABFLOW028,Oil,,,0.0
United Kingdom,2014,1A3C,ABFLOW030,Coal,,,0.0
United Kingdom,2014,1A3C,ABFLOW030,Natural gas,,,0.0
United Kingdom,2014,1A3C,ABFLOW030,Oil,,,0.0
United Kingdom,2014,1A3D1,ABFLOW039,Coal,,,0.0
United Kingdom,2014,1A3D1,ABFLOW039,Natural gas,,,0.0
United Kingdom,2014,1A3D1,ABFLOW039,Oil,,,0.0
United Kingdom,2014,1A3D2,ABFLOW032,Coal,,,0.0
United Kingdom,2014,1A3D2,ABFLOW032,Natural gas,,,0.0
United Kingdom,2014,1A3D2,ABFLOW032,Oil,,,0.0
United Kingdom,2014,1A3E1,ABFLOW033,Coal,,,0.0
United Kingdom,2014,1A3E1,ABFLOW033,Natural gas,,,0.0
United Kingdom,2014,1A3E1,ABFLOW033,Oil,,,0.0
United Kingdom,2014,1A4A,ABFLOW035,Coal,,,0.0
United Kingdom,2014,1A4A,ABFLOW035,Natural gas,,,0.0
United Kingdom,2014,1A4A,ABFLOW035,Oil,,,0.0
United Kingdom,2014,1A4B,ABFLOW034,Coal,,,0.0
United Kingdom,2014,1A4B,ABFLOW034,Natural gas,,,0.0
United Kingdom,2014,1A4B,ABFLOW034,Oil,,,0.0
United Kingdom,2014,1A4C1,ABFLOW036,Coal,,,0.0
United Kingdom,2014,1A4C1,ABFLOW036,Natural gas,,,0.0
United Kingdom,2014,1A4C1,ABFLOW036,Oil,,,0.0
United Kingdom,2014,1A4C2,ABFLOW037,Coal,,,0.0
United Kingdom,2014,1A4C2,ABFLOW037,Natural gas,,,0.0
United Kingdom,2014,1A4C2,ABFLOW037,Oil,,,0.0
United Kingdom,2014,1A5,ABFLOW038,Coal,,,0.0
United Kingdom,2014,1A5,ABFLOW038,Natural gas,,,0.0
United Kingdom,2014,1A5,ABFLOW038,Oil,,,0.0
United Kingdom,2015,1A,ABFLOW001,Coal,,,0.0
United Kingdom,2015,1A,ABFLOW001,Natural gas,,,0.0
United Kingdom,2015,1A,ABFLOW001,Oil,,,0.0
United Kingdom,2015,1A1A,ABFLOW002,Coal,,,0.0
United Kingdom,2015,1A1A,ABFLOW002,Natural gas,,,0.0
United Kingdom,2015,1A1A,ABFLOW002,Oil,,,0.0
United Kingdom,2015,1A1A1,ABFLOW003,Coal,9.91498972663431,23.092676706413876,33.007666433048186
United Kingdom,2015,1A1A1,ABFLOW003,Natural gas,9.91498972663431,23.092676706413876,33.007666433048186
United Kingdom,2015,1A1A1,ABFLOW003,Oil,9.91498972663431,23.092676706413876,33.007666433048186
United Kingdom,2015,1A1A2,ABFLOW004,Coal,9.91498972663431,23.092676706413876,33.007666433048186
United Kingdom,2015,1A1A2,ABFLOW004,Natural gas,9.91498972663431,23.092676706413876,33.007666433048186
United Kingdom,2015,1A1A2,ABFLOW004,Oil,9.91498972663431,23.092676706413876,33.007666433048186
United Kingdom,2015,1A1A3,ABFLOW005,Coal,9.91498972663431,,9.91498972663431
United Kingdom,2015,1A1A3,ABFLOW005,Natural gas,9.91498972663431,,9.91498972663431
United Kingdom,2015,1A1A3,ABFLOW005,Oil,9.91498972663431,,9.91498972663431
United Kingdom,2015,1A1B,ABFLOW011,Coal,9.91498972663431,,9.91498972663431
United Kingdom,2015,1A1B,ABFLOW011,Natural gas,9.91498972663431,,9.91498972663431
United Kingdom,2015,1A1B,ABFLOW011,Oil,9.91498972663431,,9.91498972663431
United Kingdom,2015,1A1C,ABFLOW011,Coal,9.91498972663431,,9.91498972663431
United Kingdom,2015,1A1C,ABFLOW011,Natural gas,9.91498972663431,,9.91498972663431
United Kingdom,2015,1A1C,ABFLOW011,Oil,9.91498972663431,,9.91498972663431
United Kingdom,2015,1A2,ABFLOW012,Coal,,,0.0
United Kingdom,2015,1A2,ABFLOW012,Natural gas,,,0.0
United Kingdom,2015,1A2,ABFLOW012,Oil,,,0.0
United Kingdom,2015,1A2A,ABFLOW016,Coal,9.91498972663431,,9.91498972663431
United Kingdom,2015,1A2A,ABFLOW016,Natural gas,9.91498972663431,,9.91498972663431
United Kingdom,2015,1A2A,ABFLOW016,Oil,9.91498972663431,,9.91498972663431
United Kingdom,2015,1A2B,ABFLOW018,Coal,9.91498972663431,,9.91498972663431
United Kingdom,2015,1A2B,ABFLOW018,Natural gas,9.91498972663431,,9.91498972663431
United Kingdom,2015,1A2B,ABFLOW018,Oil,9.91498972663431,,9.91498972663431
United Kingdom,2015,1A2C,ABFLOW017,Coal,9.91498972663431,,9.91498972663431
United Kingdom,2015,1A2C,ABFLOW017,Natural gas,9.91498972663431,,9.91498972663431
United Kingdom,2015,1A2C,ABFLOW017,Oil,9.91498972663431,,9.91498972663431
United Kingdom,2015,1A2D,ABFLOW023,Coal,9.91498972663431,,9.91498972663431
United Kingdom,2015,1A2D,ABFLOW023,Natural gas,9.91498972663431,,9.91498972663431
United Kingdom,2015,1A2D,ABFLOW023,Oil,9.91498972663431,,9.91498972663431
United Kingdom,2015,1A2E,ABFLOW022,Coal,9.91498972663431,,9.91498972663431
United Kingdom,2015,1A2E,ABFLOW022,Natural gas,9.91498972663431,,9.91498972663431
United Kingdom,2015,1A2E,ABFLOW022,Oil,9.91498972663431,,9.91498972663431
United Kingdom,2015,1A2F,ABFLOW019,Coal,9.91498972663431,,9.91498972663431
United Kingdom,2015,1A2F,ABFLOW019,Natural gas,9.91498972663431,,9.91498972663431
United Kingdom,2015,1A2F,ABFLOW019,Oil,9.91498972663431,,9.91498972663431
United Kingdom,2015,1A2G,ABFLOW020,Coal,9.91498972663431,,9.91498972663431
United Kingdom,2015,1A2G,ABFLOW020,Natural gas,9.91498972663431,,9.91498972663431
United Kingdom,2015,1A2G,ABFLOW020,Oil,9.91498972663431,,9.91498972663431
United Kingdom,2015,1A2H,ABFLOW021,Coal,9.91498972663431,,9.91498972663431
United Kingdom,2015,1A2H,ABFLOW021,Natural gas,9.91498972663431,,9.91498972663431
United Kingdom,2015,1A2H,ABFLOW021,Oil,9.91498972663431,,9.91498972663431
United Kingdom,2015,1A2I,ABFLOW013,Coal,9.91498972663431,,9.91498972663431
United Kingdom,2015,1A2I,ABFLOW013,Natural gas,9.91498972663431,,9.91498972663431
United Kingdom,2015,1A2I,ABFLOW013,Oil,9.91498972663431,,9.91498972663431
United Kingdom,2015,1A2J,ABFLOW024,Coal,9.91498972663431,,9.91498972663431
United Kingdom,2015,1A2J,ABFLOW024,Natural gas,9.91498972663431,,9.91498972663431
United Kingdom,2015,1A2J,ABFLOW024,Oil,9.91498972663431,,9.91498972663431
United Kingdom,2015,1A2K,ABFLOW014,Coal,9.91498972663431,,9.91498972663431
United Kingdom,2015,1A2K,ABFLOW014,Natural gas,9.91498972663431,,9.91498972663431
United Kingdom,2015,1A2K,ABFLOW014,Oil,9.91498972663431,,9.91498972663431
United Kingdom,2015,1A2L,ABFLOW025,Coal,9.91498972663431,,9.91498972663431
United Kingdom,2015,1A2L,ABFLOW025,Natural gas,9.91498972663431,,9.91498972663431
United Kingdom,2015,1A2L,ABFLOW025,Oil,9.91498972663431,,9.91498972663431
United Kingdom,2015,1A2M,ABFLOW026,Coal,9.91498972663431,,9.91498972663431
United Kingdom,2015,1A2M,ABFLOW026,Natural gas,9.91498972663431,,9.91498972663431
United Kingdom,2015,1A2M,ABFLOW026,Oil,9.91498972663431,,9.91498972663431
United Kingdom,2015,1A3,ABFLOW027,Coal,,,0.0
United Kingdom,2015,1A3,ABFLOW027,Natural gas,,,0.0
United Kingdom,2015,1A3,ABFLOW027,Oil,,,0.0
United Kingdom,2015,1A3A1,ABFLOW040,Coal,9.91498972663431,,9.91498972663431
United Kingdom,2015,1A3A1,ABFLOW040,Natural gas,9.91498972663431,,9.91498972663431
United Kingdom,2015,1A3A1,ABFLOW040,Oil,9.91498972663431,,9.91498972663431
United Kingdom,2015,1A3A2,ABFLOW029,Coal,9.91498972663431,,9.91498972663431
United Kingdom,2015,1A3A2,ABFLOW029,Natural gas,9.91498972663431,,9.91498972663431
United Kingdom,2015,1A3A2,ABFLOW029,Oil,9.91498972663431,,9.91498972663431
United Kingdom,2015,1A3B,ABFLOW028,Coal,,,0.0
United Kingdom,2015,1A3B,ABFLOW028,Natural gas,,,0.0
United Kingdom,2015,1A3B,ABFLOW028,Oil,,,0.0
United Kingdom,2015,1A3C,ABFLOW030,Coal,,,0.0
United Kingdom,2015,1A3C,ABFLOW030,Natural gas,,,0.0
United Kingdom,2015,1A3C,ABFLOW030,Oil,,,0.0
United Kingdom,2015,1A3D1,ABFLOW039,Coal,,,0.0
United Kingdom,2015,1A3D1,ABFLOW039,Natural gas,,,0.0
United Kingdom,2015,1A3D1,ABFLOW039,Oil,,,0.0
United Kingdom,2015,1A3D2,ABFLOW032,Coal,,,0.0
United Kingdom,2015,1A3D2,ABFLOW032,Natural gas,,,0.0
United Kingdom,2015,1A3D2,ABFLOW032,Oil,,,0.0
United Kingdom,2015,1A3E1,ABFLOW033,Coal,,,0.0
United Kingdom,2015,1A3E1,ABFLOW033,Natural gas,,,0.0
United Kingdom,2015,1A3E1,ABFLOW033,Oil,,,0.0
United Kingdom,2015,1A4A,ABFLOW035,Coal,,,0.0
United Kingdom,2015,1A4A,ABFLOW035,Natural gas,,,0.0
United Kingdom,2015,1A4A,ABFLOW035,Oil,,,0.0
United Kingdom,2015,1A4B,ABFLOW034,Coal,,,0.0
United Kingdom,2015,1A4B,ABFLOW034,Natural gas,,,0.0
United Kingdom,2015,1A4B,ABFLOW034,Oil,,,0.0
United Kingdom,2015,1A4C1,ABFLOW036,Coal,,,0.0
United Kingdom,2015,1A4C1,ABFLOW036,Natural gas,,,0.0
United Kingdom,2015,1A4C1,ABFLOW036,Oil,,,0.0
United Kingdom,2015,1A4C2,ABFLOW037,Coal,,,0.0
United Kingdom,2015,1A4C2,ABFLOW037,Natural gas,,,0.0
United Kingdom,2015,1A4C2,ABFLOW037,Oil,,,0.0
United Kingdom,2015,1A5,ABFLOW038,Coal,,,0.0
United Kingdom,2015,1A5,ABFLOW038,Natural gas,,,0.0
United Kingdom,2015,1A5,ABFLOW038,Oil,,,0.0
United Kingdom,2016,1A,ABFLOW001,Coal,,,0.0
United Kingdom,2016,1A,ABFLOW001,Natural gas,,,0.0
United Kingdom,2016,1A,ABFLOW001,Oil,,,0.0
United Kingdom,2016,1A1A,ABFLOW002,Coal,,,0.0
United Kingdom,2016,1A1A,ABFLOW002,Natural gas,,,0.0
United Kingdom,2016,1A1A,ABFLOW002,Oil,,,0.0
United Kingdom,2016,1A1A1,ABFLOW003,Coal,6.773877239317188,25.591099338418775,32.364976577735966
United Kingdom,2016,1A1A1,ABFLOW003,Natural gas,6.773877239317188,25.591099338418775,32.364976577735966
United Kingdom,2016,1A1A1,ABFLOW003,Oil,6.773877239317188,25.591099338418775,32.364976577735966
United Kingdom,2016,1A1A2,ABFLOW004,Coal,6.773877239317188,25.591099338418775,32.364976577735966
United Kingdom,2016,1A1A2,ABFLOW004,Natural gas,6.773877239317188,25.591099338418775,32.364976577735966
United Kingdom,2016,1A1A2,ABFLOW004,Oil,6.773877239317188,25.591099338418775,32.364976577735966
United Kingdom,2016,1A1A3,ABFLOW005,Coal,6.773877239317188,,6.773877239317188
United Kingdom,2016,1A1A3,ABFLOW005,Natural gas,6.773877239317188,,6.773877239317188
United Kingdom,2016,1A1A3,ABFLOW005,Oil,6.773877239317188,,6.773877239317188
United Kingdom,2016,1A1B,ABFLOW011,Coal,6.773877239317188,,6.773877239317188
United Kingdom,2016,1A1B,ABFLOW011,Natural gas,6.773877239317188,,6.773877239317188
United Kingdom,2016,1A1B,ABFLOW011,Oil,6.773877239317188,,6.773877239317188
United Kingdom,2016,1A1C,ABFLOW011,Coal,6.773877239317188,,6.773877239317188
United Kingdom,2016,1A1C,ABFLOW011,Natural gas,6.773877239317188,,6.773877239317188
United Kingdom,2016,1A1C,ABFLOW011,Oil,6.773877239317188,,6.773877239317188
United Kingdom,2016,1A2,ABFLOW012,Coal,,,0.0
United Kingdom,2016,1A2,ABFLOW012,Natural gas,,,0.0
United Kingdom,2016,1A2,ABFLOW012,Oil,,,0.0
United Kingdom,2016,1A2A,ABFLOW016,Coal,6.773877239317188,,6.773877239317188
United Kingdom,2016,1A2A,ABFLOW016,Natural gas,6.773877239317188,,6.773877239317188
United Kingdom,2016,1A2A,ABFLOW016,Oil,6.773877239317188,,6.773877239317188
United Kingdom,2016,1A2B,ABFLOW018,Coal,6.773877239317188,,6.773877239317188
United Kingdom,2016,1A2B,ABFLOW018,Natural gas,6.773877239317188,,6.773877239317188
United Kingdom,2016,1A2B,ABFLOW018,Oil,6.773877239317188,,6.773877239317188
United Kingdom,2016,1A2C,ABFLOW017,Coal,6.773877239317188,,6.773877239317188
United Kingdom,2016,1A2C,ABFLOW017,Natural gas,6.773877239317188,,6.773877239317188
United Kingdom,2016,1A2C,ABFLOW017,Oil,6.773877239317188,,6.773877239317188
United Kingdom,2016,1A2D,ABFLOW023,Coal,6.773877239317188,,6.773877239317188
United Kingdom,2016,1A2D,ABFLOW023,Natural gas,6.773877239317188,,6.773877239317188
United Kingdom,2016,1A2D,ABFLOW023,Oil,6.773877239317188,,6.773877239317188
United Kingdom,2016,1A2E,ABFLOW022,Coal,6.773877239317188,,6.773877239317188
United Kingdom,2016,1A2E,ABFLOW022,Natural gas,6.773877239317188,,6.773877239317188
United Kingdom,2016,1A2E,ABFLOW022,Oil,6.773877239317188,,6.773877239317188
United Kingdom,2016,1A2F,ABFLOW019,Coal,6.773877239317188,,6.773877239317188
United Kingdom,2016,1A2F,ABFLOW019,Natural gas,6.773877239317188,,6.773877239317188
United Kingdom,2016,1A2F,ABFLOW019,Oil,6.773877239317188,,6.773877239317188
United Kingdom,2016,1A2G,ABFLOW020,Coal,6.773877239317188,,6.773877239317188
United Kingdom,2016,1A2G,ABFLOW020,Natural gas,6.773877239317188,,6.773877239317188
United Kingdom,2016,1A2G,ABFLOW020,Oil,6.773877239317188,,6.773877239317188
United Kingdom,2016,1A2H,ABFLOW021,Coal,6.773877239317188,,6.773877239317188
United Kingdom,2016,1A2H,ABFLOW021,Natural gas,6.773877239317188,,6.773877239317188
United Kingdom,2016,1A2H,ABFLOW021,Oil,6.773877239317188,,6.773877239317188
United Kingdom,2016,1A2I,ABFLOW013,Coal,6.773877239317188,,6.773877239317188
United Kingdom,2016,1A2I,ABFLOW013,Natural gas,6.773877239317188,,6.773877239317188
United Kingdom,2016,1A2I,ABFLOW013,Oil,6.773877239317188,,6.773877239317188
United Kingdom,2016,1A2J,ABFLOW024,Coal,6.773877239317188,,6.773877239317188
United Kingdom,2016,1A2J,ABFLOW024,Natural gas,6.773877239317188,,6.773877239317188
United Kingdom,2016,1A2J,ABFLOW024,Oil,6.773877239317188,,6.773877239317188
United Kingdom,2016,1A2K,ABFLOW014,Coal,6.773877239317188,,6.773877239317188
United Kingdom,2016,1A2K,ABFLOW014,Natural gas,6.773877239317188,,6.773877239317188
United Kingdom,2016,1A2K,ABFLOW014,Oil,6.773877239317188,,6.773877239317188
United Kingdom,2016,1A2L,ABFLOW025,Coal,6.773877239317188,,6.773877239317188
United Kingdom,2016,1A2L,ABFLOW025,Natural gas,6.773877239317188,,6.773877239317188
United Kingdom,2016,1A2L,ABFLOW025,Oil,6.773877239317188,,6.773877239317188
United Kingdom,2016,1A2M,ABFLOW026,Coal,6.773877239317188,,6.773877239317188
United Kingdom,2016,1A2M,ABFLOW026,Natural gas,6.773877239317188,,6.773877239317188
United Kingdom,2016,1A2M,ABFLOW026,Oil,6.773877239317188,,6.773877239317188
United Kingdom,2016,1A3,ABFLOW027,Coal,,,0.0
United Kingdom,2016,1A3,ABFLOW027,Natural gas,,,0.0
United Kingdom,2016,1A3,ABFLOW027,Oil,,,0.0
United Kingdom,2016,1A3A1,ABFLOW040,Coal,6.773877239317188,,6.773877239317188
United Kingdom,2016,1A3A1,ABFLOW040,Natural gas,6.773877239317188,,6.773877239317188
United Kingdom,2016,1A3A1,ABFLOW040,Oil,6.773877239317188,,6.773877239317188
United Kingdom,2016,1A3A2,ABFLOW029,Coal,6.773877239317188,,6.773877239317188
United Kingdom,2016,1A3A2,ABFLOW029,Natural gas,6.773877239317188,,6.773877239317188
United Kingdom,2016,1A3A2,ABFLOW029,Oil,6.773877239317188,,6.773877239317188
United Kingdom,2016,1A3B,ABFLOW028,Coal,,,0.0
United Kingdom,2016,1A3B,ABFLOW028,Natural gas,,,0.0
United Kingdom,2016,1A3B,ABFLOW028,Oil,,,0.0
United Kingdom,2016,1A3C,ABFLOW030,Coal,,,0.0
United Kingdom,2016,1A3C,ABFLOW030,Natural gas,,,0.0
United Kingdom,2016,1A3C,ABFLOW030,Oil,,,0.0
United Kingdom,2016,1A3D1,ABFLOW039,Coal,,,0.0
United Kingdom,2016,1A3D1,ABFLOW039,Natural gas,,,0.0
United Kingdom,2016,1A3D1,ABFLOW039,Oil,,,0.0
United Kingdom,2016,1A3D2,ABFLOW032,Coal,,,0.0
United Kingdom,2016,1A3D2,ABFLOW032,Natural gas,,,0.0
United Kingdom,2016,1A3D2,ABFLOW032,Oil,,,0.0
United Kingdom,2016,1A3E1,ABFLOW033,Coal,,,0.0
United Kingdom,2016,1A3E1,ABFLOW033,Natural gas,,,0.0
United Kingdom,2016,1A3E1,ABFLOW033,Oil,,,0.0
United Kingdom,2016,1A4A,ABFLOW035,Coal,,,0.0
United Kingdom,2016,1A4A,ABFLOW035,Natural gas,,,0.0
United Kingdom,2016,1A4A,ABFLOW035,Oil,,,0.0
United Kingdom,2016,1A4B,ABFLOW034,Coal,,,0.0
United Kingdom,2016,1A4B,ABFLOW034,Natural gas,,,0.0
United Kingdom,2016,1A4B,ABFLOW034,Oil,,,0.0
United Kingdom,2016,1A4C1,ABFLOW036,Coal,,,0.0
United Kingdom,2016,1A4C1,ABFLOW036,Natural gas,,,0.0
United Kingdom,2016,1A4C1,ABFLOW036,Oil,,,0.0
United Kingdom,2016,1A4C2,ABFLOW037,Coal,,,0.0
United Kingdom,2016,1A4C2,ABFLOW037,Natural gas,,,0.0
United Kingdom,2016,1A4C2,ABFLOW037,Oil,,,0.0
United Kingdom,2016,1A5,ABFLOW038,Coal,,,0.0
United Kingdom,2016,1A5,ABFLOW038,Natural gas,,,0.0
United Kingdom,2016,1A5,ABFLOW038,Oil,,,0.0
United Kingdom,2017,1A,ABFLOW001,Coal,,,0.0
United Kingdom,2017,1A,ABFLOW001,Natural gas,,,0.0
United Kingdom,2017,1A,ABFLOW001,Oil,,,0.0
United Kingdom,2017,1A1A,ABFLOW002,Coal,,,0.0
United Kingdom,2017,1A1A,ABFLOW002,Natural gas,,,0.0
United Kingdom,2017,1A1A,ABFLOW002,Oil,,,0.0
United Kingdom,2017,1A1A1,ABFLOW003,Coal,7.247183244873439,25.09711548771049,32.34429873258393
United Kingdom,2017,1A1A1,ABFLOW003,Natural gas,7.247183244873439,25.09711548771049,32.34429873258393
United Kingdom,2017,1A1A1,ABFLOW003,Oil,7.247183244873439,25.09711548771049,32.34429873258393
United Kingdom,2017,1A1A2,ABFLOW004,Coal,7.247183244873439,25.09711548771049,32.34429873258393
United Kingdom,2017,1A1A2,ABFLOW004,Natural gas,7.247183244873439,25.09711548771049,32.34429873258393
United Kingdom,2017,1A1A2,ABFLOW004,Oil,7.247183244873439,25.09711548771049,32.34429873258393
United Kingdom,2017,1A1A3,ABFLOW005,Coal,7.247183244873439,,7.247183244873439
United Kingdom,2017,1A1A3,ABFLOW005,Natural gas,7.247183244873439,,7.247183244873439
United Kingdom,2017,1A1A3,ABFLOW005,Oil,7.247183244873439,,7.247183244873439
United Kingdom,2017,1A1B,ABFLOW011,Coal,7.247183244873439,,7.247183244873439
United Kingdom,2017,1A1B,ABFLOW011,Natural gas,7.247183244873439,,7.247183244873439
United Kingdom,2017,1A1B,ABFLOW011,Oil,7.247183244873439,,7.247183244873439
United Kingdom,2017,1A1C,ABFLOW011,Coal,7.247183244873439,,7.247183244873439
United Kingdom,2017,1A1C,ABFLOW011,Natural gas,7.247183244873439,,7.247183244873439
United Kingdom,2017,1A1C,ABFLOW011,Oil,7.247183244873439,,7.247183244873439
United Kingdom,2017,1A2,ABFLOW012,Coal,,,0.0
United Kingdom,2017,1A2,ABFLOW012,Natural gas,,,0.0
United Kingdom,2017,1A2,ABFLOW012,Oil,,,0.0
United Kingdom,2017,1A2A,ABFLOW016,Coal,7.247183244873439,,7.247183244873439
United Kingdom,2017,1A2A,ABFLOW016,Natural gas,7.247183244873439,,7.247183244873439
United Kingdom,2017,1A2A,ABFLOW016,Oil,7.247183244873439,,7.247183244873439
United Kingdom,2017,1A2B,ABFLOW018,Coal,7.247183244873439,,7.247183244873439
United Kingdom,2017,1A2B,ABFLOW018,Natural gas,7.247183244873439,,7.247183244873439
United Kingdom,2017,1A2B,ABFLOW018,Oil,7.247183244873439,,7.247183244873439
United Kingdom,2017,1A2C,ABFLOW017,Coal,7.247183244873439,,7.247183244873439
United Kingdom,2017,1A2C,ABFLOW017,Natural gas,7.247183244873439,,7.247183244873439
United Kingdom,2017,1A2C,ABFLOW017,Oil,7.247183244873439,,7.247183244873439
United Kingdom,2017,1A2D,ABFLOW023,Coal,7.247183244873439,,7.247183244873439
United Kingdom,2017,1A2D,ABFLOW023,Natural gas,7.247183244873439,,7.247183244873439
United Kingdom,2017,1A2D,ABFLOW023,Oil,7.247183244873439,,7.247183244873439
United Kingdom,2017,1A2E,ABFLOW022,Coal,7.247183244873439,,7.247183244873439
United Kingdom,2017,1A2E,ABFLOW022,Natural gas,7.247183244873439,,7.247183244873439
United Kingdom,2017,1A2E,ABFLOW022,Oil,7.247183244873439,,7.247183244873439
United Kingdom,2017,1A2F,ABFLOW019,Coal,7.247183244873439,,7.247183244873439
United Kingdom,2017,1A2F,ABFLOW019,Natural gas,7.247183244873439,,7.247183244873439
United Kingdom,2017,1A2F,ABFLOW019,Oil,7.247183244873439,,7.247183244873439
United Kingdom,2017,1A2G,ABFLOW020,Coal,7.247183244873439,,7.247183244873439
United Kingdom,2017,1A2G,ABFLOW020,Natural gas,7.247183244873439,,7.247183244873439
United Kingdom,2017,1A2G,ABFLOW020,Oil,7.247183244873439,,7.247183244873439
United Kingdom,2017,1A2H,ABFLOW021,Coal,7.247183244873439,,7.247183244873439
United Kingdom,2017,1A2H,ABFLOW021,Natural gas,7.247183244873439,,7.247183244873439
United Kingdom,2017,1A2H,ABFLOW021,Oil,7.247183244873439,,7.247183244873439
United Kingdom,2017,1A2I,ABFLOW013,Coal,7.247183244873439,,7.247183244873439
United Kingdom,2017,1A2I,ABFLOW013,Natural gas,7.247183244873439,,7.247183244873439
United Kingdom,2017,1A2I,ABFLOW013,Oil,7.247183244873439,,7.247183244873439
United Kingdom,2017,1A2J,ABFLOW024,Coal,7.247183244873439,,7.247183244873439
United Kingdom,2017,1A2J,ABFLOW024,Natural gas,7.247183244873439,,7.247183244873439
United Kingdom,2017,1A2J,ABFLOW024,Oil,7.247183244873439,,7.247183244873439
United Kingdom,2017,1A2K,ABFLOW014,Coal,7.247183244873439,,7.247183244873439
United Kingdom,2017,1A2K,ABFLOW014,Natural gas,7.247183244873439,,7.247183244873439
United Kingdom,2017,1A2K,ABFLOW014,Oil,7.247183244873439,,7.247183244873439
United Kingdom,2017,1A2L,ABFLOW025,Coal,7.247183244873439,,7.247183244873439
United Kingdom,2017,1A2L,ABFLOW025,Natural gas,7.247183244873439,,7.247183244873439
United Kingdom,2017,1A2L,ABFLOW025,Oil,7.247183244873439,,7.247183244873439
United Kingdom,2017,1A2M,ABFLOW026,Coal,7.247183244873439,,7.247183244873439
United Kingdom,2017,1A2M,ABFLOW026,Natural gas,7.247183244873439,,7.247183244873439
United Kingdom,2017,1A2M,ABFLOW026,Oil,7.247183244873439,,7.247183244873439
United Kingdom,2017,1A3,ABFLOW027,Coal,,,0.0
United Kingdom,2017,1A3,ABFLOW027,Natural gas,,,0.0
United Kingdom,2017,1A3,ABFLOW027,Oil,,,0.0
United Kingdom,2017,1A3A1,ABFLOW040,Coal,7.247183244873439,,7.247183244873439
United Kingdom,2017,1A3A1,ABFLOW040,Natural gas,7.247183244873439,,7.247183244873439
United Kingdom,2017,1A3A1,ABFLOW040,Oil,7.247183244873439,,7.247183244873439
United Kingdom,2017,1A3A2,ABFLOW029,Coal,7.247183244873439,,7.247183244873439
United Kingdom,2017,1A3A2,ABFLOW029,Natural gas,7.247183244873439,,7.247183244873439
United Kingdom,2017,1A3A2,ABFLOW029,Oil,7.247183244873439,,7.247183244873439
United Kingdom,2017,1A3B,ABFLOW028,Coal,,,0.0
United Kingdom,2017,1A3B,ABFLOW028,Natural gas,,,0.0
United Kingdom,2017,1A3B,ABFLOW028,Oil,,,0.0
United Kingdom,2017,1A3C,ABFLOW030,Coal,,,0.0
United Kingdom,2017,1A3C,ABFLOW030,Natural gas,,,0.0
United Kingdom,2017,1A3C,ABFLOW030,Oil,,,0.0
United Kingdom,2017,1A3D1,ABFLOW039,Coal,,,0.0
United Kingdom,2017,1A3D1,ABFLOW039,Natural gas,,,0.0
United Kingdom,2017,1A3D1,ABFLOW039,Oil,,,0.0
United Kingdom,2017,1A3D2,ABFLOW032,Coal,,,0.0
United Kingdom,2017,1A3D2,ABFLOW032,Natural gas,,,0.0
United Kingdom,2017,1A3D2,ABFLOW032,Oil,,,0.0
United Kingdom,2017,1A3E1,ABFLOW033,Coal,,,0.0
United Kingdom,2017,1A3E1,ABFLOW033,Natural gas,,,0.0
United Kingdom,2017,1A3E1,ABFLOW033,Oil,,,0.0
United Kingdom,2017,1A4A,ABFLOW035,Coal,,,0.0
United Kingdom,2017,1A4A,ABFLOW035,Natural gas,,,0.0
United Kingdom,2017,1A4A,ABFLOW035,Oil,,,0.0
United Kingdom,2017,1A4B,ABFLOW034,Coal,,,0.0
United Kingdom,2017,1A4B,ABFLOW034,Natural gas,,,0.0
United Kingdom,2017,1A4B,ABFLOW034,Oil,,,0.0
United Kingdom,2017,1A4C1,ABFLOW036,Coal,,,0.0
United Kingdom,2017,1A4C1,ABFLOW036,Natural gas,,,0.0
United Kingdom,2017,1A4C1,ABFLOW036,Oil,,,0.0
United Kingdom,2017,1A4C2,ABFLOW037,Coal,,,0.0
United Kingdom,2017,1A4C2,ABFLOW037,Natural gas,,,0.0
United Kingdom,2017,1A4C2,ABFLOW037,Oil,,,0.0
United Kingdom,2017,1A5,ABFLOW038,Coal,,,0.0
United Kingdom,2017,1A5,ABFLOW038,Natural gas,,,0.0
United Kingdom,2017,1A5,ABFLOW038,Oil,,,0.0
United Kingdom,2018,1A,ABFLOW001,Coal,,,0.0
United Kingdom,2018,1A,ABFLOW001,Natural gas,,,0.0
United Kingdom,2018,1A,ABFLOW001,Oil,,,0.0
United Kingdom,2018,1A1A,ABFLOW002,Coal,,,0.0
United Kingdom,2018,1A1A,ABFLOW002,Natural gas,,,0.0
United Kingdom,2018,1A1A,ABFLOW002,Oil,,,0.0
United Kingdom,2018,1A1A1,ABFLOW003,Coal,19.29500940591263,24.62417204098258,43.91918144689521
United Kingdom,2018,1A1A1,ABFLOW003,Natural gas,19.29500940591263,24.62417204098258,43.91918144689521
United Kingdom,2018,1A1A1,ABFLOW003,Oil,19.29500940591263,24.62417204098258,43.91918144689521
United Kingdom,2018,1A1A2,ABFLOW004,Coal,19.29500940591263,24.62417204098258,43.91918144689521
United Kingdom,2018,1A1A2,ABFLOW004,Natural gas,19.29500940591263,24.62417204098258,43.91918144689521
United Kingdom,2018,1A1A2,ABFLOW004,Oil,19.29500940591263,24.62417204098258,43.91918144689521
United Kingdom,2018,1A1A3,ABFLOW005,Coal,19.29500940591263,,19.29500940591263
United Kingdom,2018,1A1A3,ABFLOW005,Natural gas,19.29500940591263,,19.29500940591263
United Kingdom,2018,1A1A3,ABFLOW005,Oil,19.29500940591263,,19.29500940591263
United Kingdom,2018,1A1B,ABFLOW011,Coal,19.29500940591263,,19.29500940591263
United Kingdom,2018,1A1B,ABFLOW011,Natural gas,19.29500940591263,,19.29500940591263
United Kingdom,2018,1A1B,ABFLOW011,Oil,19.29500940591263,,19.29500940591263
United Kingdom,2018,1A1C,ABFLOW011,Coal,19.29500940591263,,19.29500940591263
United Kingdom,2018,1A1C,ABFLOW011,Natural gas,19.29500940591263,,19.29500940591263
United Kingdom,2018,1A1C,ABFLOW011,Oil,19.29500940591263,,19.29500940591263
United Kingdom,2018,1A2,ABFLOW012,Coal,,,0.0
United Kingdom,2018,1A2,ABFLOW012,Natural gas,,,0.0
United Kingdom,2018,1A2,ABFLOW012,Oil,,,0.0
United Kingdom,2018,1A2A,ABFLOW016,Coal,19.29500940591263,,19.29500940591263
United Kingdom,2018,1A2A,ABFLOW016,Natural gas,19.29500940591263,,19.29500940591263
United Kingdom,2018,1A2A,ABFLOW016,Oil,19.29500940591263,,19.29500940591263
United Kingdom,2018,1A2B,ABFLOW018,Coal,19.29500940591263,,19.29500940591263
United Kingdom,2018,1A2B,ABFLOW018,Natural gas,19.29500940591263,,19.29500940591263
United Kingdom,2018,1A2B,ABFLOW018,Oil,19.29500940591263,,19.29500940591263
United Kingdom,2018,1A2C,ABFLOW017,Coal,19.29500940591263,,19.29500940591263
United Kingdom,2018,1A2C,ABFLOW017,Natural gas,19.29500940591263,,19.29500940591263
United Kingdom,2018,1A2C,ABFLOW017,Oil,19.29500940591263,,19.29500940591263
United Kingdom,2018,1A2D,ABFLOW023,Coal,19.29500940591263,,19.29500940591263
United Kingdom,2018,1A2D,ABFLOW023,Natural gas,19.29500940591263,,19.29500940591263
United Kingdom,2018,1A2D,ABFLOW023,Oil,19.29500940591263,,19.29500940591263
United Kingdom,2018,1A2E,ABFLOW022,Coal,19.29500940591263,,19.29500940591263
United Kingdom,2018,1A2E,ABFLOW022,Natural gas,19.29500940591263,,19.29500940591263
United Kingdom,2018,1A2E,ABFLOW022,Oil,19.29500940591263,,19.29500940591263
United Kingdom,2018,1A2F,ABFLOW019,Coal,19.29500940591263,,19.29500940591263
United Kingdom,2018,1A2F,ABFLOW019,Natural gas,19.29500940591263,,19.29500940591263
United Kingdom,2018,1A2F,ABFLOW019,Oil,19.29500940591263,,19.29500940591263
United Kingdom,2018,1A2G,ABFLOW020,Coal,19.29500940591263,,19.29500940591263
United Kingdom,2018,1A2G,ABFLOW020,Natural gas,19.29500940591263,,19.29500940591263
United Kingdom,2018,1A2G,ABFLOW020,Oil,19.29500940591263,,19.29500940591263
United Kingdom,2018,1A2H,ABFLOW021,Coal,19.29500940591263,,19.29500940591263
United Kingdom,2018,1A2H,ABFLOW021,Natural gas,19.29500940591263,,19.29500940591263
United Kingdom,2018,1A2H,ABFLOW021,Oil,19.29500940591263,,19.29500940591263
United Kingdom,2018,1A2I,ABFLOW013,Coal,19.29500940591263,,19.29500940591263
United Kingdom,2018,1A2I,ABFLOW013,Natural gas,19.29500940591263,,19.29500940591263
United Kingdom,2018,1A2I,ABFLOW013,Oil,19.29500940591263,,19.29500940591263
United Kingdom,2018,1A2J,ABFLOW024,Coal,19.29500940591263,,19.29500940591263
United Kingdom,2018,1A2J,ABFLOW024,Natural gas,19.29500940591263,,19.29500940591263
United Kingdom,2018,1A2J,ABFLOW024,Oil,19.29500940591263,,19.29500940591263
United Kingdom,2018,1A2K,ABFLOW014,Coal,19.29500940591263,,19.29500940591263
United Kingdom,2018,1A2K,ABFLOW014,Natural gas,19.29500940591263,,19.29500940591263
United Kingdom,2018,1A2K,ABFLOW014,Oil,19.29500940591263,,19.29500940591263
United Kingdom,2018,1A2L,ABFLOW025,Coal,19.29500940591263,,19.29500940591263
United Kingdom,2018,1A2L,ABFLOW025,Natural gas,19.29500940591263,,19.29500940591263
United Kingdom,2018,1A2L,ABFLOW025,Oil,19.29500940591263,,19.29500940591263
United Kingdom,2018,1A2M,ABFLOW026,Coal,19.29500940591263,,19.29500940591263
United Kingdom,2018,1A2M,ABFLOW026,Natural gas,19.29500940591263,,19.29500940591263
United Kingdom,2018,1A2M,ABFLOW026,Oil,19.29500940591263,,19.29500940591263
United Kingdom,2018,1A3,ABFLOW027,Coal,,,0.0
United Kingdom,2018,1A3,ABFLOW027,Natural gas,,,0.0
United Kingdom,2018,1A3,ABFLOW027,Oil,,,0.0
United Kingdom,2018,1A3A1,ABFLOW040,Coal,19.29500940591263,,19.29500940591263
United Kingdom,2018,1A3A1,ABFLOW040,Natural gas,19.29500940591263,,19.29500940591263
United Kingdom,2018,1A3A1,ABFLOW040,Oil,19.29500940591263,,19.29500940591263
United Kingdom,2018,1A3A2,ABFLOW029,Coal,19.29500940591263,,19.29500940591263
United Kingdom,2018,1A3A2,ABFLOW029,Natural gas,19.29500940591263,,19.29500940591263
United Kingdom,2018,1A3A2,ABFLOW029,Oil,19.29500940591263,,19.29500940591263
United Kingdom,2018,1A3B,ABFLOW028,Coal,,,0.0
United Kingdom,2018,1A3B,ABFLOW028,Natural gas,,,0.0
United Kingdom,2018,1A3B,ABFLOW028,Oil,,,0.0
United Kingdom,2018,1A3C,ABFLOW030,Coal,,,0.0
United Kingdom,2018,1A3C,ABFLOW030,Natural gas,,,0.0
United Kingdom,2018,1A3C,ABFLOW030,Oil,,,0.0
United Kingdom,2018,1A3D1,ABFLOW039,Coal,,,0.0
United Kingdom,2018,1A3D1,ABFLOW039,Natural gas,,,0.0
United Kingdom,2018,1A3D1,ABFLOW039,Oil,,,0.0
United Kingdom,2018,1A3D2,ABFLOW032,Coal,,,0.0
United Kingdom,2018,1A3D2,ABFLOW032,Natural gas,,,0.0
United Kingdom,2018,1A3D2,ABFLOW032,Oil,,,0.0
United Kingdom,2018,1A3E1,ABFLOW033,Coal,,,0.0
United Kingdom,2018,1A3E1,ABFLOW033,Natural gas,,,0.0
United Kingdom,2018,1A3E1,ABFLOW033,Oil,,,0.0
United Kingdom,2018,1A4A,ABFLOW035,Coal,,,0.0
United Kingdom,2018,1A4A,ABFLOW035,Natural gas,,,0.0
United Kingdom,2018,1A4A,ABFLOW035,Oil,,,0.0
United Kingdom,2018,1A4B,ABFLOW034,Coal,,,0.0
United Kingdom,2018,1A4B,ABFLOW034,Natural gas,,,0.0
United Kingdom,2018,1A4B,ABFLOW034,Oil,,,0.0
United Kingdom,2018,1A4C1,ABFLOW036,Coal,,,0.0
United Kingdom,2018,1A4C1,ABFLOW036,Natural gas,,,0.0
United Kingdom,2018,1A4C1,ABFLOW036,Oil,,,0.0
United Kingdom,2018,1A4C2,ABFLOW037,Coal,,,0.0
United Kingdom,2018,1A4C2,ABFLOW037,Natural gas,,,0.0
United Kingdom,2018,1A4C2,ABFLOW037,Oil,,,0.0
United Kingdom,2018,1A5,ABFLOW038,Coal,,,0.0
United Kingdom,2018,1A5,ABFLOW038,Natural gas,,,0.0
United Kingdom,2018,1A5,ABFLOW038,Oil,,,0.0
United Kingdom,2019,1A,ABFLOW001,Coal,,,0.0
United Kingdom,2019,1A,ABFLOW001,Natural gas,,,0.0
United Kingdom,2019,1A,ABFLOW001,Oil,,,0.0
United Kingdom,2019,1A1A,ABFLOW002,Coal,,,0.0
United Kingdom,2019,1A1A,ABFLOW002,Natural gas,,,0.0
United Kingdom,2019,1A1A,ABFLOW002,Oil,,,0.0
United Kingdom,2019,1A1A1,ABFLOW003,Coal,29.71139266941981,24.109919169373047,53.82131183879285
United Kingdom,2019,1A1A1,ABFLOW003,Natural gas,29.71139266941981,24.109919169373047,53.82131183879285
United Kingdom,2019,1A1A1,ABFLOW003,Oil,29.71139266941981,24.109919169373047,53.82131183879285
United Kingdom,2019,1A1A2,ABFLOW004,Coal,29.71139266941981,24.109919169373047,53.82131183879285
United Kingdom,2019,1A1A2,ABFLOW004,Natural gas,29.71139266941981,24.109919169373047,53.82131183879285
United Kingdom,2019,1A1A2,ABFLOW004,Oil,29.71139266941981,24.109919169373047,53.82131183879285
United Kingdom,2019,1A1A3,ABFLOW005,Coal,29.71139266941981,,29.71139266941981
United Kingdom,2019,1A1A3,ABFLOW005,Natural gas,29.71139266941981,,29.71139266941981
United Kingdom,2019,1A1A3,ABFLOW005,Oil,29.71139266941981,,29.71139266941981
United Kingdom,2019,1A1B,ABFLOW011,Coal,29.71139266941981,,29.71139266941981
United Kingdom,2019,1A1B,ABFLOW011,Natural gas,29.71139266941981,,29.71139266941981
United Kingdom,2019,1A1B,ABFLOW011,Oil,29.71139266941981,,29.71139266941981
United Kingdom,2019,1A1C,ABFLOW011,Coal,29.71139266941981,,29.71139266941981
United Kingdom,2019,1A1C,ABFLOW011,Natural gas,29.71139266941981,,29.71139266941981
United Kingdom,2019,1A1C,ABFLOW011,Oil,29.71139266941981,,29.71139266941981
United Kingdom,2019,1A2,ABFLOW012,Coal,,,0.0
United Kingdom,2019,1A2,ABFLOW012,Natural gas,,,0.0
United Kingdom,2019,1A2,ABFLOW012,Oil,,,0.0
United Kingdom,2019,1A2A,ABFLOW016,Coal,29.71139266941981,,29.71139266941981
United Kingdom,2019,1A2A,ABFLOW016,Natural gas,29.71139266941981,,29.71139266941981
United Kingdom,2019,1A2A,ABFLOW016,Oil,29.71139266941981,,29.71139266941981
United Kingdom,2019,1A2B,ABFLOW018,Coal,29.71139266941981,,29.71139266941981
United Kingdom,2019,1A2B,ABFLOW018,Natural gas,29.71139266941981,,29.71139266941981
United Kingdom,2019,1A2B,ABFLOW018,Oil,29.71139266941981,,29.71139266941981
United Kingdom,2019,1A2C,ABFLOW017,Coal,29.71139266941981,,29.71139266941981
United Kingdom,2019,1A2C,ABFLOW017,Natural gas,29.71139266941981,,29.71139266941981
United Kingdom,2019,1A2C,ABFLOW017,Oil,29.71139266941981,,29.71139266941981
United Kingdom,2019,1A2D,ABFLOW023,Coal,29.71139266941981,,29.71139266941981
United Kingdom,2019,1A2D,ABFLOW023,Natural gas,29.71139266941981,,29.71139266941981
United Kingdom,2019,1A2D,ABFLOW023,Oil,29.71139266941981,,29.71139266941981
United Kingdom,2019,1A2E,ABFLOW022,Coal,29.71139266941981,,29.71139266941981
United Kingdom,2019,1A2E,ABFLOW022,Natural gas,29.71139266941981,,29.71139266941981
United Kingdom,2019,1A2E,ABFLOW022,Oil,29.71139266941981,,29.71139266941981
United Kingdom,2019,1A2F,ABFLOW019,Coal,29.71139266941981,,29.71139266941981
United Kingdom,2019,1A2F,ABFLOW019,Natural gas,29.71139266941981,,29.71139266941981
United Kingdom,2019,1A2F,ABFLOW019,Oil,29.71139266941981,,29.71139266941981
United Kingdom,2019,1A2G,ABFLOW020,Coal,29.71139266941981,,29.71139266941981
United Kingdom,2019,1A2G,ABFLOW020,Natural gas,29.71139266941981,,29.71139266941981
United Kingdom,2019,1A2G,ABFLOW020,Oil,29.71139266941981,,29.71139266941981
United Kingdom,2019,1A2H,ABFLOW021,Coal,29.71139266941981,,29.71139266941981
United Kingdom,2019,1A2H,ABFLOW021,Natural gas,29.71139266941981,,29.71139266941981
United Kingdom,2019,1A2H,ABFLOW021,Oil,29.71139266941981,,29.71139266941981
United Kingdom,2019,1A2I,ABFLOW013,Coal,29.71139266941981,,29.71139266941981
United Kingdom,2019,1A2I,ABFLOW013,Natural gas,29.71139266941981,,29.71139266941981
United Kingdom,2019,1A2I,ABFLOW013,Oil,29.71139266941981,,29.71139266941981
United Kingdom,2019,1A2J,ABFLOW024,Coal,29.71139266941981,,29.71139266941981
United Kingdom,2019,1A2J,ABFLOW024,Natural gas,29.71139266941981,,29.71139266941981
United Kingdom,2019,1A2J,ABFLOW024,Oil,29.71139266941981,,29.71139266941981
United Kingdom,2019,1A2K,ABFLOW014,Coal,29.71139266941981,,29.71139266941981
United Kingdom,2019,1A2K,ABFLOW014,Natural gas,29.71139266941981,,29.71139266941981
United Kingdom,2019,1A2K,ABFLOW014,Oil,29.71139266941981,,29.71139266941981
United Kingdom,2019,1A2L,ABFLOW025,Coal,29.71139266941981,,29.71139266941981
United Kingdom,2019,1A2L,ABFLOW025,Natural gas,29.71139266941981,,29.71139266941981
United Kingdom,2019,1A2L,ABFLOW025,Oil,29.71139266941981,,29.71139266941981
United Kingdom,2019,1A2M,ABFLOW026,Coal,29.71139266941981,,29.71139266941981
United Kingdom,2019,1A2M,ABFLOW026,Natural gas,29.71139266941981,,29.71139266941981
United Kingdom,2019,1A2M,ABFLOW026,Oil,29.71139266941981,,29.71139266941981
United Kingdom,2019,1A3,ABFLOW027,Coal,,,0.0
United Kingdom,2019,1A3,ABFLOW027,Natural gas,,,0.0
United Kingdom,2019,1A3,ABFLOW027,Oil,,,0.0
United Kingdom,2019,1A3A1,ABFLOW040,Coal,29.71139266941981,,29.71139266941981
United Kingdom,2019,1A3A1,ABFLOW040,Natural gas,29.71139266941981,,29.71139266941981
United Kingdom,2019,1A3A1,ABFLOW040,Oil,29.71139266941981,,29.71139266941981
United Kingdom,2019,1A3A2,ABFLOW029,Coal,29.71139266941981,,29.71139266941981
United Kingdom,2019,1A3A2,ABFLOW029,Natural gas,29.71139266941981,,29.71139266941981
United Kingdom,2019,1A3A2,ABFLOW029,Oil,29.71139266941981,,29.71139266941981
United Kingdom,2019,1A3B,ABFLOW028,Coal,,,0.0
United Kingdom,2019,1A3B,ABFLOW028,Natural gas,,,0.0
United Kingdom,2019,1A3B,ABFLOW028,Oil,,,0.0
United Kingdom,2019,1A3C,ABFLOW030,Coal,,,0.0
United Kingdom,2019,1A3C,ABFLOW030,Natural gas,,,0.0
United Kingdom,2019,1A3C,ABFLOW030,Oil,,,0.0
United Kingdom,2019,1A3D1,ABFLOW039,Coal,,,0.0
United Kingdom,2019,1A3D1,ABFLOW039,Natural gas,,,0.0
United Kingdom,2019,1A3D1,ABFLOW039,Oil,,,0.0
United Kingdom,2019,1A3D2,ABFLOW032,Coal,,,0.0
United Kingdom,2019,1A3D2,ABFLOW032,Natural gas,,,0.0
United Kingdom,2019,1A3D2,ABFLOW032,Oil,,,0.0
United Kingdom,2019,1A3E1,ABFLOW033,Coal,,,0.0
United Kingdom,2019,1A3E1,ABFLOW033,Natural gas,,,0.0
United Kingdom,2019,1A3E1,ABFLOW033,Oil,,,0.0
United Kingdom,2019,1A4A,ABFLOW035,Coal,,,0.0
United Kingdom,2019,1A4A,ABFLOW035,Natural gas,,,0.0
United Kingdom,2019,1A4A,ABFLOW035,Oil,,,0.0
United Kingdom,2019,1A4B,ABFLOW034,Coal,,,0.0
United Kingdom,2019,1A4B,ABFLOW034,Natural gas,,,0.0
United Kingdom,2019,1A4B,ABFLOW034,Oil,,,0.0
United Kingdom,2019,1A4C1,ABFLOW036,Coal,,,0.0
United Kingdom,2019,1A4C1,ABFLOW036,Natural gas,,,0.0
United Kingdom,2019,1A4C1,ABFLOW036,Oil,,,0.0
United Kingdom,2019,1A4C2,ABFLOW037,Coal,,,0.0
United Kingdom,2019,1A4C2,ABFLOW037,Natural gas,,,0.0
United Kingdom,2019,1A4C2,ABFLOW037,Oil,,,0.0
United Kingdom,2019,1A5,ABFLOW038,Coal,,,0.0
United Kingdom,2019,1A5,ABFLOW038,Natural gas,,,0.0
United Kingdom,2019,1A5,ABFLOW038,Oil,,,0.0
United Kingdom,2020,1A,ABFLOW001,Coal,,,0.0
United Kingdom,2020,1A,ABFLOW001,Natural gas,,,0.0
United Kingdom,2020,1A,ABFLOW001,Oil,,,0.0
United Kingdom,2020,1A1A,ABFLOW002,Coal,,,0.0
United Kingdom,2020,1A1A,ABFLOW002,Natural gas,,,0.0
United Kingdom,2020,1A1A,ABFLOW002,Oil,,,0.0
United Kingdom,2020,1A1A1,ABFLOW003,Coal,28.16818203477952,22.968429444209395,51.13661147898891
United Kingdom,2020,1A1A1,ABFLOW003,Natural gas,28.16818203477952,22.968429444209395,51.13661147898891
United Kingdom,2020,1A1A1,ABFLOW003,Oil,28.16818203477952,22.968429444209395,51.13661147898891
United Kingdom,2020,1A1A2,ABFLOW004,Coal,28.16818203477952,22.968429444209395,51.13661147898891
United Kingdom,2020,1A1A2,ABFLOW004,Natural gas,28.16818203477952,22.968429444209395,51.13661147898891
United Kingdom,2020,1A1A2,ABFLOW004,Oil,28.16818203477952,22.968429444209395,51.13661147898891
United Kingdom,2020,1A1A3,ABFLOW005,Coal,28.16818203477952,,28.16818203477952
United Kingdom,2020,1A1A3,ABFLOW005,Natural gas,28.16818203477952,,28.16818203477952
United Kingdom,2020,1A1A3,ABFLOW005,Oil,28.16818203477952,,28.16818203477952
United Kingdom,2020,1A1B,ABFLOW011,Coal,28.16818203477952,,28.16818203477952
United Kingdom,2020,1A1B,ABFLOW011,Natural gas,28.16818203477952,,28.16818203477952
United Kingdom,2020,1A1B,ABFLOW011,Oil,28.16818203477952,,28.16818203477952
United Kingdom,2020,1A1C,ABFLOW011,Coal,28.16818203477952,,28.16818203477952
United Kingdom,2020,1A1C,ABFLOW011,Natural gas,28.16818203477952,,28.16818203477952
United Kingdom,2020,1A1C,ABFLOW011,Oil,28.16818203477952,,28.16818203477952
United Kingdom,2020,1A2,ABFLOW012,Coal,,,0.0
United Kingdom,2020,1A2,ABFLOW012,Natural gas,,,0.0
United Kingdom,2020,1A2,ABFLOW012,Oil,,,0.0
United Kingdom,2020,1A2A,ABFLOW016,Coal,28.16818203477952,,28.16818203477952
United Kingdom,2020,1A2A,ABFLOW016,Natural gas,28.16818203477952,,28.16818203477952
United Kingdom,2020,1A2A,ABFLOW016,Oil,28.16818203477952,,28.16818203477952
United Kingdom,2020,1A2B,ABFLOW018,Coal,28.16818203477952,,28.16818203477952
United Kingdom,2020,1A2B,ABFLOW018,Natural gas,28.16818203477952,,28.16818203477952
United Kingdom,2020,1A2B,ABFLOW018,Oil,28.16818203477952,,28.16818203477952
United Kingdom,2020,1A2C,ABFLOW017,Coal,28.16818203477952,,28.16818203477952
United Kingdom,2020,1A2C,ABFLOW017,Natural gas,28.16818203477952,,28.16818203477952
United Kingdom,2020,1A2C,ABFLOW017,Oil,28.16818203477952,,28.16818203477952
United Kingdom,2020,1A2D,ABFLOW023,Coal,28.16818203477952,,28.16818203477952
United Kingdom,2020,1A2D,ABFLOW023,Natural gas,28.16818203477952,,28.16818203477952
United Kingdom,2020,1A2D,ABFLOW023,Oil,28.16818203477952,,28.16818203477952
United Kingdom,2020,1A2E,ABFLOW022,Coal,28.16818203477952,,28.16818203477952
United Kingdom,2020,1A2E,ABFLOW022,Natural gas,28.16818203477952,,28.16818203477952
United Kingdom,2020,1A2E,ABFLOW022,Oil,28.16818203477952,,28.16818203477952
United Kingdom,2020,1A2F,ABFLOW019,Coal,28.16818203477952,,28.16818203477952
United Kingdom,2020,1A2F,ABFLOW019,Natural gas,28.16818203477952,,28.16818203477952
United Kingdom,2020,1A2F,ABFLOW019,Oil,28.16818203477952,,28.16818203477952
United Kingdom,2020,1A2G,ABFLOW020,Coal,28.16818203477952,,28.16818203477952
United Kingdom,2020,1A2G,ABFLOW020,Natural gas,28.16818203477952,,28.16818203477952
United Kingdom,2020,1A2G,ABFLOW020,Oil,28.16818203477952,,28.16818203477952
United Kingdom,2020,1A2H,ABFLOW021,Coal,28.16818203477952,,28.16818203477952
United Kingdom,2020,1A2H,ABFLOW021,Natural gas,28.16818203477952,,28.16818203477952
United Kingdom,2020,1A2H,ABFLOW021,Oil,28.16818203477952,,28.16818203477952
United Kingdom,2020,1A2I,ABFLOW013,Coal,28.16818203477952,,28.16818203477952
United Kingdom,2020,1A2I,ABFLOW013,Natural gas,28.16818203477952,,28.16818203477952
United Kingdom,2020,1A2I,ABFLOW013,Oil,28.16818203477952,,28.16818203477952
United Kingdom,2020,1A2J,ABFLOW024,Coal,28.16818203477952,,28.16818203477952
United Kingdom,2020,1A2J,ABFLOW024,Natural gas,28.16818203477952,,28.16818203477952
United Kingdom,2020,1A2J,ABFLOW024,Oil,28.16818203477952,,28.16818203477952
United Kingdom,2020,1A2K,ABFLOW014,Coal,28.16818203477952,,28.16818203477952
United Kingdom,2020,1A2K,ABFLOW014,Natural gas,28.16818203477952,,28.16818203477952
United Kingdom,2020,1A2K,ABFLOW014,Oil,28.16818203477952,,28.16818203477952
United Kingdom,2020,1A2L,ABFLOW025,Coal,28.16818203477952,,28.16818203477952
United Kingdom,2020,1A2L,ABFLOW025,Natural gas,28.16818203477952,,28.16818203477952
United Kingdom,2020,1A2L,ABFLOW025,Oil,28.16818203477952,,28.16818203477952
United Kingdom,2020,1A2M,ABFLOW026,Coal,28.16818203477952,,28.16818203477952
United Kingdom,2020,1A2M,ABFLOW026,Natural gas,28.16818203477952,,28.16818203477952
United Kingdom,2020,1A2M,ABFLOW026,Oil,28.16818203477952,,28.16818203477952
United Kingdom,2020,1A3,ABFLOW027,Coal,,,0.0
United Kingdom,2020,1A3,ABFLOW027,Natural gas,,,0.0
United Kingdom,2020,1A3,ABFLOW027,Oil,,,0.0
United Kingdom,2020,1A3A1,ABFLOW040,Coal,28.16818203477952,,28.16818203477952
United Kingdom,2020,1A3A1,ABFLOW040,Natural gas,28.16818203477952,,28.16818203477952
United Kingdom,2020,1A3A1,ABFLOW040,Oil,28.16818203477952,,28.16818203477952
United Kingdom,2020,1A3A2,ABFLOW029,Coal,28.16818203477952,,28.16818203477952
United Kingdom,2020,1A3A2,ABFLOW029,Natural gas,28.16818203477952,,28.16818203477952
United Kingdom,2020,1A3A2,ABFLOW029,Oil,28.16818203477952,,28.16818203477952
United Kingdom,2020,1A3B,ABFLOW028,Coal,,,0.0
United Kingdom,2020,1A3B,ABFLOW028,Natural gas,,,0.0
United Kingdom,2020,1A3B,ABFLOW028,Oil,,,0.0
United Kingdom,2020,1A3C,ABFLOW030,Coal,,,0.0
United Kingdom,2020,1A3C,ABFLOW030,Natural gas,,,0.0
United Kingdom,2020,1A3C,ABFLOW030,Oil,,,0.0
United Kingdom,2020,1A3D1,ABFLOW039,Coal,,,0.0
United Kingdom,2020,1A3D1,ABFLOW039,Natural gas,,,0.0
United Kingdom,2020,1A3D1,ABFLOW039,Oil,,,0.0
United Kingdom,2020,1A3D2,ABFLOW032,Coal,,,0.0
United Kingdom,2020,1A3D2,ABFLOW032,Natural gas,,,0.0
United Kingdom,2020,1A3D2,ABFLOW032,Oil,,,0.0
United Kingdom,2020,1A3E1,ABFLOW033,Coal,,,0.0
United Kingdom,2020,1A3E1,ABFLOW033,Natural gas,,,0.0
United Kingdom,2020,1A3E1,ABFLOW033,Oil,,,0.0
United Kingdom,2020,1A4A,ABFLOW035,Coal,,,0.0
United Kingdom,2020,1A4A,ABFLOW035,Natural gas,,,0.0
United Kingdom,2020,1A4A,ABFLOW035,Oil,,,0.0
United Kingdom,2020,1A4B,ABFLOW034,Coal,,,0.0
United Kingdom,2020,1A4B,ABFLOW034,Natural gas,,,0.0
United Kingdom,2020,1A4B,ABFLOW034,Oil,,,0.0
United Kingdom,2020,1A4C1,ABFLOW036,Coal,,,0.0
United Kingdom,2020,1A4C1,ABFLOW036,Natural gas,,,0.0
United Kingdom,2020,1A4C1,ABFLOW036,Oil,,,0.0
United Kingdom,2020,1A4C2,ABFLOW037,Coal,,,0.0
United Kingdom,2020,1A4C2,ABFLOW037,Natural gas,,,0.0
United Kingdom,2020,1A4C2,ABFLOW037,Oil,,,0.0
United Kingdom,2020,1A5,ABFLOW038,Coal,,,0.0
United Kingdom,2020,1A5,ABFLOW038,Natural gas,,,0.0
United Kingdom,2020,1A5,ABFLOW038,Oil,,,0.0
United Kingdom,2021,1A,ABFLOW001,Coal,,,0.0
United Kingdom,2021,1A,ABFLOW001,Natural gas,,,0.0
United Kingdom,2021,1A,ABFLOW001,Oil,,,0.0
United Kingdom,2021,1A1A,ABFLOW002,Coal,,,0.0
United Kingdom,2021,1A1A,ABFLOW002,Natural gas,,,0.0
United Kingdom,2021,1A1A,ABFLOW002,Oil,,,0.0
United Kingdom,2021,1A1A1,ABFLOW003,Coal,70.23664700346593,22.95315261551174,93.18979961897767
United Kingdom,2021,1A1A1,ABFLOW003,Natural gas,70.23664700346593,22.95315261551174,93.18979961897767
United Kingdom,2021,1A1A1,ABFLOW003,Oil,70.23664700346593,22.95315261551174,93.18979961897767
United Kingdom,2021,1A1A2,ABFLOW004,Coal,70.23664700346593,22.95315261551174,93.18979961897767
United Kingdom,2021,1A1A2,ABFLOW004,Natural gas,70.23664700346593,22.95315261551174,93.18979961897767
United Kingdom,2021,1A1A2,ABFLOW004,Oil,70.23664700346593,22.95315261551174,93.18979961897767
United Kingdom,2021,1A1A3,ABFLOW005,Coal,70.23664700346593,,70.23664700346593
United Kingdom,2021,1A1A3,ABFLOW005,Natural gas,70.23664700346593,,70.23664700346593
United Kingdom,2021,1A1A3,ABFLOW005,Oil,70.23664700346593,,70.23664700346593
United Kingdom,2021,1A1B,ABFLOW011,Coal,70.23664700346593,,70.23664700346593
United Kingdom,2021,1A1B,ABFLOW011,Natural gas,70.23664700346593,,70.23664700346593
United Kingdom,2021,1A1B,ABFLOW011,Oil,70.23664700346593,,70.23664700346593
United Kingdom,2021,1A1C,ABFLOW011,Coal,70.23664700346593,,70.23664700346593
United Kingdom,2021,1A1C,ABFLOW011,Natural gas,70.23664700346593,,70.23664700346593
United Kingdom,2021,1A1C,ABFLOW011,Oil,70.23664700346593,,70.23664700346593
United Kingdom,2021,1A2,ABFLOW012,Coal,,,0.0
United Kingdom,2021,1A2,ABFLOW012,Natural gas,,,0.0
United Kingdom,2021,1A2,ABFLOW012,Oil,,,0.0
United Kingdom,2021,1A2A,ABFLOW016,Coal,70.23664700346593,,70.23664700346593
United Kingdom,2021,1A2A,ABFLOW016,Natural gas,70.23664700346593,,70.23664700346593
United Kingdom,2021,1A2A,ABFLOW016,Oil,70.23664700346593,,70.23664700346593
United Kingdom,2021,1A2B,ABFLOW018,Coal,70.23664700346593,,70.23664700346593
United Kingdom,2021,1A2B,ABFLOW018,Natural gas,70.23664700346593,,70.23664700346593
United Kingdom,2021,1A2B,ABFLOW018,Oil,70.23664700346593,,70.23664700346593
United Kingdom,2021,1A2C,ABFLOW017,Coal,70.23664700346593,,70.23664700346593
United Kingdom,2021,1A2C,ABFLOW017,Natural gas,70.23664700346593,,70.23664700346593
United Kingdom,2021,1A2C,ABFLOW017,Oil,70.23664700346593,,70.23664700346593
United Kingdom,2021,1A2D,ABFLOW023,Coal,70.23664700346593,,70.23664700346593
United Kingdom,2021,1A2D,ABFLOW023,Natural gas,70.23664700346593,,70.23664700346593
United Kingdom,2021,1A2D,ABFLOW023,Oil,70.23664700346593,,70.23664700346593
United Kingdom,2021,1A2E,ABFLOW022,Coal,70.23664700346593,,70.23664700346593
United Kingdom,2021,1A2E,ABFLOW022,Natural gas,70.23664700346593,,70.23664700346593
United Kingdom,2021,1A2E,ABFLOW022,Oil,70.23664700346593,,70.23664700346593
United Kingdom,2021,1A2F,ABFLOW019,Coal,70.23664700346593,,70.23664700346593
United Kingdom,2021,1A2F,ABFLOW019,Natural gas,70.23664700346593,,70.23664700346593
United Kingdom,2021,1A2F,ABFLOW019,Oil,70.23664700346593,,70.23664700346593
United Kingdom,2021,1A2G,ABFLOW020,Coal,70.23664700346593,,70.23664700346593
United Kingdom,2021,1A2G,ABFLOW020,Natural gas,70.23664700346593,,70.23664700346593
United Kingdom,2021,1A2G,ABFLOW020,Oil,70.23664700346593,,70.23664700346593
United Kingdom,2021,1A2H,ABFLOW021,Coal,70.23664700346593,,70.23664700346593
United Kingdom,2021,1A2H,ABFLOW021,Natural gas,70.23664700346593,,70.23664700346593
United Kingdom,2021,1A2H,ABFLOW021,Oil,70.23664700346593,,70.23664700346593
United Kingdom,2021,1A2I,ABFLOW013,Coal,70.23664700346593,,70.23664700346593
United Kingdom,2021,1A2I,ABFLOW013,Natural gas,70.23664700346593,,70.23664700346593
United Kingdom,2021,1A2I,ABFLOW013,Oil,70.23664700346593,,70.23664700346593
United Kingdom,2021,1A2J,ABFLOW024,Coal,70.23664700346593,,70.23664700346593
United Kingdom,2021,1A2J,ABFLOW024,Natural gas,70.23664700346593,,70.23664700346593
United Kingdom,2021,1A2J,ABFLOW024,Oil,70.23664700346593,,70.23664700346593
United Kingdom,2021,1A2K,ABFLOW014,Coal,70.23664700346593,,70.23664700346593
United Kingdom,2021,1A2K,ABFLOW014,Natural gas,70.23664700346593,,70.23664700346593
United Kingdom,2021,1A2K,ABFLOW014,Oil,70.23664700346593,,70.23664700346593
United Kingdom,2021,1A2L,ABFLOW025,Coal,70.23664700346593,,70.23664700346593
United Kingdom,2021,1A2L,ABFLOW025,Natural gas,70.23664700346593,,70.23664700346593
United Kingdom,2021,1A2L,ABFLOW025,Oil,70.23664700346593,,70.23664700346593
United Kingdom,2021,1A2M,ABFLOW026,Coal,70.23664700346593,,70.23664700346593
United Kingdom,2021,1A2M,ABFLOW026,Natural gas,70.23664700346593,,70.23664700346593
United Kingdom,2021,1A2M,ABFLOW026,Oil,70.23664700346593,,70.23664700346593
United Kingdom,2021,1A3,ABFLOW027,Coal,,,0.0
United Kingdom,2021,1A3,ABFLOW027,Natural gas,,,0.0
United Kingdom,2021,1A3,ABFLOW027,Oil,,,0.0
United Kingdom,2021,1A3A1,ABFLOW040,Coal,,,0.0
United Kingdom,2021,1A3A1,ABFLOW040,Natural gas,,,0.0
United Kingdom,2021,1A3A1,ABFLOW040,Oil,,,0.0
United Kingdom,2021,1A3A2,ABFLOW029,Coal,70.23664700346593,,70.23664700346593
United Kingdom,2021,1A3A2,ABFLOW029,Natural gas,70.23664700346593,,70.23664700346593
United Kingdom,2021,1A3A2,ABFLOW029,Oil,70.23664700346593,,70.23664700346593
United Kingdom,2021,1A3B,ABFLOW028,Coal,,,0.0
United Kingdom,2021,1A3B,ABFLOW028,Natural gas,,,0.0
United Kingdom,2021,1A3B,ABFLOW028,Oil,,,0.0
United Kingdom,2021,1A3C,ABFLOW030,Coal,,,0.0
United Kingdom,2021,1A3C,ABFLOW030,Natural gas,,,0.0
United Kingdom,2021,1A3C,ABFLOW030,Oil,,,0.0
United Kingdom,2021,1A3D1,ABFLOW039,Coal,,,0.0
United Kingdom,2021,1A3D1,ABFLOW039,Natural gas,,,0.0
United Kingdom,2021,1A3D1,ABFLOW039,Oil,,,0.0
United Kingdom,2021,1A3D2,ABFLOW032,Coal,,,0.0
United Kingdom,2021,1A3D2,ABFLOW032,Natural gas,,,0.0
United Kingdom,2021,1A3D2,ABFLOW032,Oil,,,0.0
United Kingdom,2021,1A3E1,ABFLOW033,Coal,,,0.0
United Kingdom,2021,1A3E1,ABFLOW033,Natural gas,,,0.0
United Kingdom,2021,1A3E1,ABFLOW033,Oil,,,0.0
United Kingdom,2021,1A4A,ABFLOW035,Coal,,,0.0
United Kingdom,2021,1A4A,ABFLOW035,Natural gas,,,0.0
United Kingdom,2021,1A4A,ABFLOW035,Oil,,,0.0
United Kingdom,2021,1A4B,ABFLOW034,Coal,,,0.0
United Kingdom,2021,1A4B,ABFLOW034,Natural gas,,,0.0
United Kingdom,2021,1A4B,ABFLOW034,Oil,,,0.0
United Kingdom,2021,1A4C1,ABFLOW036,Coal,,,0.0
United Kingdom,2021,1A4C1,ABFLOW036,Natural gas,,,0.0
United Kingdom,2021,1A4C1,ABFLOW036,Oil,,,0.0
United Kingdom,2021,1A4C2,ABFLOW037,Coal,,,0.0
United Kingdom,2021,1A4C2,ABFLOW037,Natural gas,,,0.0
United Kingdom,2021,1A4C2,ABFLOW037,Oil,,,0.0
United Kingdom,2021,1A5,ABFLOW038,Coal,,,0.0
United Kingdom,2021,1A5,ABFLOW038,Natural gas,,,0.0
United Kingdom,2021,1A5,ABFLOW038,Oil,,,0.0
United Kingdom,2022,1A,ABFLOW001,Coal,,,0.0
United Kingdom,2022,1A,ABFLOW001,Natural gas,,,0.0
United Kingdom,2022,1A,ABFLOW001,Oil,,,0.0
United Kingdom,2022,1A1A,ABFLOW002,Coal,,,0.0
United Kingdom,2022,1A1A,ABFLOW002,Natural gas,,,0.0
United Kingdom,2022,1A1A,ABFLOW002,Oil,,,0.0
United Kingdom,2022,1A1A1,ABFLOW003,Coal,95.3806328546525,21.768117045565425,117.14874990021792
United Kingdom,2022,1A1A1,ABFLOW003,Natural gas,95.3806328546525,21.768117045565425,117.14874990021792
United Kingdom,2022,1A1A1,ABFLOW003,Oil,95.3806328546525,21.768117045565425,117.14874990021792
United Kingdom,2022,1A1A2,ABFLOW004,Coal,95.3806328546525,21.768117045565425,117.14874990021792
United Kingdom,2022,1A1A2,ABFLOW004,Natural gas,95.3806328546525,21.768117045565425,117.14874990021792
United Kingdom,2022,1A1A2,ABFLOW004,Oil,95.3806328546525,21.768117045565425,117.14874990021792
United Kingdom,2022,1A1A3,ABFLOW005,Coal,95.3806328546525,,95.3806328546525
United Kingdom,2022,1A1A3,ABFLOW005,Natural gas,95.3806328546525,,95.3806328546525
United Kingdom,2022,1A1A3,ABFLOW005,Oil,95.3806328546525,,95.3806328546525
United Kingdom,2022,1A1B,ABFLOW011,Coal,95.3806328546525,,95.3806328546525
United Kingdom,2022,1A1B,ABFLOW011,Natural gas,95.3806328546525,,95.3806328546525
United Kingdom,2022,1A1B,ABFLOW011,Oil,95.3806328546525,,95.3806328546525
United Kingdom,2022,1A1C,ABFLOW011,Coal,95.3806328546525,,95.3806328546525
United Kingdom,2022,1A1C,ABFLOW011,Natural gas,95.3806328546525,,95.3806328546525
United Kingdom,2022,1A1C,ABFLOW011,Oil,95.3806328546525,,95.3806328546525
United Kingdom,2022,1A2,ABFLOW012,Coal,,,0.0
United Kingdom,2022,1A2,ABFLOW012,Natural gas,,,0.0
United Kingdom,2022,1A2,ABFLOW012,Oil,,,0.0
United Kingdom,2022,1A2A,ABFLOW016,Coal,95.3806328546525,,95.3806328546525
United Kingdom,2022,1A2A,ABFLOW016,Natural gas,95.3806328546525,,95.3806328546525
United Kingdom,2022,1A2A,ABFLOW016,Oil,95.3806328546525,,95.3806328546525
United Kingdom,2022,1A2B,ABFLOW018,Coal,95.3806328546525,,95.3806328546525
United Kingdom,2022,1A2B,ABFLOW018,Natural gas,95.3806328546525,,95.3806328546525
United Kingdom,2022,1A2B,ABFLOW018,Oil,95.3806328546525,,95.3806328546525
United Kingdom,2022,1A2C,ABFLOW017,Coal,95.3806328546525,,95.3806328546525
United Kingdom,2022,1A2C,ABFLOW017,Natural gas,95.3806328546525,,95.3806328546525
United Kingdom,2022,1A2C,ABFLOW017,Oil,95.3806328546525,,95.3806328546525
United Kingdom,2022,1A2D,ABFLOW023,Coal,95.3806328546525,,95.3806328546525
United Kingdom,2022,1A2D,ABFLOW023,Natural gas,95.3806328546525,,95.3806328546525
United Kingdom,2022,1A2D,ABFLOW023,Oil,95.3806328546525,,95.3806328546525
United Kingdom,2022,1A2E,ABFLOW022,Coal,95.3806328546525,,95.3806328546525
United Kingdom,2022,1A2E,ABFLOW022,Natural gas,95.3806328546525,,95.3806328546525
United Kingdom,2022,1A2E,ABFLOW022,Oil,95.3806328546525,,95.3806328546525
United Kingdom,2022,1A2F,ABFLOW019,Coal,95.3806328546525,,95.3806328546525
United Kingdom,2022,1A2F,ABFLOW019,Natural gas,95.3806328546525,,95.3806328546525
United Kingdom,2022,1A2F,ABFLOW019,Oil,95.3806328546525,,95.3806328546525
United Kingdom,2022,1A2G,ABFLOW020,Coal,95.3806328546525,,95.3806328546525
United Kingdom,2022,1A2G,ABFLOW020,Natural gas,95.3806328546525,,95.3806328546525
United Kingdom,2022,1A2G,ABFLOW020,Oil,95.3806328546525,,95.3806328546525
United Kingdom,2022,1A2H,ABFLOW021,Coal,95.3806328546525,,95.3806328546525
United Kingdom,2022,1A2H,ABFLOW021,Natural gas,95.3806328546525,,95.3806328546525
United Kingdom,2022,1A2H,ABFLOW021,Oil,95.3806328546525,,95.3806328546525
United Kingdom,2022,1A2I,ABFLOW013,Coal,95.3806328546525,,95.3806328546525
United Kingdom,2022,1A2I,ABFLOW013,Natural gas,95.3806328546525,,95.3806328546525
United Kingdom,2022,1A2I,ABFLOW013,Oil,95.3806328546525,,95.3806328546525
United Kingdom,2022,1A2J,ABFLOW024,Coal,95.3806328546525,,95.3806328546525
United Kingdom,2022,1A2J,ABFLOW024,Natural gas,95.3806328546525,,95.3806328546525
United Kingdom,2022,1A2J,ABFLOW024,Oil,95.3806328546525,,95.3806328546525
United Kingdom,2022,1A2K,ABFLOW014,Coal,95.3806328546525,,95.3806328546525
United Kingdom,2022,1A2K,ABFLOW014,Natural gas,95.3806328546525,,95.3806328546525
United Kingdom,2022,1A2K,ABFLOW014,Oil,95.3806328546525,,95.3806328546525
United Kingdom,2022,1A2L,ABFLOW025,Coal,95.3806328546525,,95.3806328546525
United Kingdom,2022,1A2L,ABFLOW025,Natural gas,95.3806328546525,,95.3806328546525
United Kingdom,2022,1A2L,ABFLOW025,Oil,95.3806328546525,,95.3806328546525
United Kingdom,2022,1A2M,ABFLOW026,Coal,95.3806328546525,,95.3806328546525
United Kingdom,2022,1A2M,ABFLOW026,Natural gas,95.3806328546525,,95.3806328546525
United Kingdom,2022,1A2M,ABFLOW026,Oil,95.3806328546525,,95.3806328546525
United Kingdom,2022,1A3,ABFLOW027,Coal,,,0.0
United Kingdom,2022,1A3,ABFLOW027,Natural gas,,,0.0
United Kingdom,2022,1A3,ABFLOW027,Oil,,,0.0
United Kingdom,2022,1A3A1,ABFLOW040,Coal,,,0.0
United Kingdom,2022,1A3A1,ABFLOW040,Natural gas,,,0.0
United Kingdom,2022,1A3A1,ABFLOW040,Oil,,,0.0
United Kingdom,2022,1A3A2,ABFLOW029,Coal,95.3806328546525,,95.3806328546525
United Kingdom,2022,1A3A2,ABFLOW029,Natural gas,95.3806328546525,,95.3806328546525
United Kingdom,2022,1A3A2,ABFLOW029,Oil,95.3806328546525,,95.3806328546525
United Kingdom,2022,1A3B,ABFLOW028,Coal,,,0.0
United Kingdom,2022,1A3B,ABFLOW028,Natural gas,,,0.0
United Kingdom,2022,1A3B,ABFLOW028,Oil,,,0.0
United Kingdom,2022,1A3C,ABFLOW030,Coal,,,0.0
United Kingdom,2022,1A3C,ABFLOW030,Natural gas,,,0.0
United Kingdom,2022,1A3C,ABFLOW030,Oil,,,0.0
United Kingdom,2022,1A3D1,ABFLOW039,Coal,,,0.0
United Kingdom,2022,1A3D1,ABFLOW039,Natural gas,,,0.0
United Kingdom,2022,1A3D1,ABFLOW039,Oil,,,0.0
United Kingdom,2022,1A3D2,ABFLOW032,Coal,,,0.0
United Kingdom,2022,1A3D2,ABFLOW032,Natural gas,,,0.0
United Kingdom,2022,1A3D2,ABFLOW032,Oil,,,0.0
United Kingdom,2022,1A3E1,ABFLOW033,Coal,,,0.0
United Kingdom,2022,1A3E1,ABFLOW033,Natural gas,,,0.0
United Kingdom,2022,1A3E1,ABFLOW033,Oil,,,0.0
United Kingdom,2022,1A4A,ABFLOW035,Coal,,,0.0
United Kingdom,2022,1A4A,ABFLOW035,Natural gas,,,0.0
United Kingdom,2022,1A4A,ABFLOW035,Oil,,,0.0
United Kingdom,2022,1A4B,ABFLOW034,Coal,,,0.0
United Kingdom,2022,1A4B,ABFLOW034,Natural gas,,,0.0
United Kingdom,2022,1A4B,ABFLOW034,Oil,,,0.0
United Kingdom,2022,1A4C1,ABFLOW036,Coal,,,0.0
United Kingdom,2022,1A4C1,ABFLOW036,Natural gas,,,0.0
United Kingdom,2022,1A4C1,ABFLOW036,Oil,,,0.0
United Kingdom,2022,1A4C2,ABFLOW037,Coal,,,0.0
United Kingdom,2022,1A4C2,ABFLOW037,Natural gas,,,0.0
United Kingdom,2022,1A4C2,ABFLOW037,Oil,,,0.0
United Kingdom,2022,1A5,ABFLOW038,Coal,,,0.0
United Kingdom,2022,1A5,ABFLOW038,Natural gas,,,0.0
United Kingdom,2022,1A5,ABFLOW038,Oil,,,0.0
United Kingdom,2023,1A,ABFLOW001,Coal,,,0.0
United Kingdom,2023,1A,ABFLOW001,Natural gas,,,0.0
United Kingdom,2023,1A,ABFLOW001,Oil,,,0.0
United Kingdom,2023,1A1A,ABFLOW002,Coal,,,0.0
United Kingdom,2023,1A1A,ABFLOW002,Natural gas,,,0.0
United Kingdom,2023,1A1A,ABFLOW002,Oil,,,0.0
United Kingdom,2023,1A1A1,ABFLOW003,Coal,62.33893221595629,20.28748472043416,82.62641693639046
United Kingdom,2023,1A1A1,ABFLOW003,Natural gas,62.33893221595629,20.28748472043416,82.62641693639046
United Kingdom,2023,1A1A1,ABFLOW003,Oil,62.33893221595629,20.28748472043416,82.62641693639046
United Kingdom,2023,1A1A2,ABFLOW004,Coal,62.33893221595629,20.28748472043416,82.62641693639046
United Kingdom,2023,1A1A2,ABFLOW004,Natural gas,62.33893221595629,20.28748472043416,82.62641693639046
United Kingdom,2023,1A1A2,ABFLOW004,Oil,62.33893221595629,20.28748472043416,82.62641693639046
United Kingdom,2023,1A1A3,ABFLOW005,Coal,62.33893221595629,,62.33893221595629
United Kingdom,2023,1A1A3,ABFLOW005,Natural gas,62.33893221595629,,62.33893221595629
United Kingdom,2023,1A1A3,ABFLOW005,Oil,62.33893221595629,,62.33893221595629
United Kingdom,2023,1A1B,ABFLOW011,Coal,62.33893221595629,,62.33893221595629
United Kingdom,2023,1A1B,ABFLOW011,Natural gas,62.33893221595629,,62.33893221595629
United Kingdom,2023,1A1B,ABFLOW011,Oil,62.33893221595629,,62.33893221595629
United Kingdom,2023,1A1C,ABFLOW011,Coal,62.33893221595629,,62.33893221595629
United Kingdom,2023,1A1C,ABFLOW011,Natural gas,62.33893221595629,,62.33893221595629
United Kingdom,2023,1A1C,ABFLOW011,Oil,62.33893221595629,,62.33893221595629
United Kingdom,2023,1A2,ABFLOW012,Coal,,,0.0
United Kingdom,2023,1A2,ABFLOW012,Natural gas,,,0.0
United Kingdom,2023,1A2,ABFLOW012,Oil,,,0.0
United Kingdom,2023,1A2A,ABFLOW016,Coal,62.33893221595629,,62.33893221595629
United Kingdom,2023,1A2A,ABFLOW016,Natural gas,62.33893221595629,,62.33893221595629
United Kingdom,2023,1A2A,ABFLOW016,Oil,62.33893221595629,,62.33893221595629
United Kingdom,2023,1A2B,ABFLOW018,Coal,62.33893221595629,,62.33893221595629
United Kingdom,2023,1A2B,ABFLOW018,Natural gas,62.33893221595629,,62.33893221595629
United Kingdom,2023,1A2B,ABFLOW018,Oil,62.33893221595629,,62.33893221595629
United Kingdom,2023,1A2C,ABFLOW017,Coal,62.33893221595629,,62.33893221595629
United Kingdom,2023,1A2C,ABFLOW017,Natural gas,62.33893221595629,,62.33893221595629
United Kingdom,2023,1A2C,ABFLOW017,Oil,62.33893221595629,,62.33893221595629
United Kingdom,2023,1A2D,ABFLOW023,Coal,62.33893221595629,,62.33893221595629
United Kingdom,2023,1A2D,ABFLOW023,Natural gas,62.33893221595629,,62.33893221595629
United Kingdom,2023,1A2D,ABFLOW023,Oil,62.33893221595629,,62.33893221595629
United Kingdom,2023,1A2E,ABFLOW022,Coal,62.33893221595629,,62.33893221595629
United Kingdom,2023,1A2E,ABFLOW022,Natural gas,62.33893221595629,,62.33893221595629
United Kingdom,2023,1A2E,ABFLOW022,Oil,62.33893221595629,,62.33893221595629
United Kingdom,2023,1A2F,ABFLOW019,Coal,62.33893221595629,,62.33893221595629
United Kingdom,2023,1A2F,ABFLOW019,Natural gas,62.33893221595629,,62.33893221595629
United Kingdom,2023,1A2F,ABFLOW019,Oil,62.33893221595629,,62.33893221595629
United Kingdom,2023,1A2G,ABFLOW020,Coal,62.33893221595629,,62.33893221595629
United Kingdom,2023,1A2G,ABFLOW020,Natural gas,62.33893221595629,,62.33893221595629
United Kingdom,2023,1A2G,ABFLOW020,Oil,62.33893221595629,,62.33893221595629
United Kingdom,2023,1A2H,ABFLOW021,Coal,62.33893221595629,,62.33893221595629
United Kingdom,2023,1A2H,ABFLOW021,Natural gas,62.33893221595629,,62.33893221595629
United Kingdom,2023,1A2H,ABFLOW021,Oil,62.33893221595629,,62.33893221595629
United Kingdom,2023,1A2I,ABFLOW013,Coal,62.33893221595629,,62.33893221595629
United Kingdom,2023,1A2I,ABFLOW013,Natural gas,62.33893221595629,,62.33893221595629
United Kingdom,2023,1A2I,ABFLOW013,Oil,62.33893221595629,,62.33893221595629
United Kingdom,2023,1A2J,ABFLOW024,Coal,62.33893221595629,,62.33893221595629
United Kingdom,2023,1A2J,ABFLOW024,Natural gas,62.33893221595629,,62.33893221595629
United Kingdom,2023,1A2J,ABFLOW024,Oil,62.33893221595629,,62.33893221595629
United Kingdom,2023,1A2K,ABFLOW014,Coal,62.33893221595629,,62.33893221595629
United Kingdom,2023,1A2K,ABFLOW014,Natural gas,62.33893221595629,,62.33893221595629
United Kingdom,2023,1A2K,ABFLOW014,Oil,62.33893221595629,,62.33893221595629
United Kingdom,2023,1A2L,ABFLOW025,Coal,62.33893221595629,,62.33893221595629
United Kingdom,2023,1A2L,ABFLOW025,Natural gas,62.33893221595629,,62.33893221595629
United Kingdom,2023,1A2L,ABFLOW025,Oil,62.33893221595629,,62.33893221595629
United Kingdom,2023,1A2M,ABFLOW026,Coal,62.33893221595629,,62.33893221595629
United Kingdom,2023,1A2M,ABFLOW026,Natural gas,62.33893221595629,,62.33893221595629
United Kingdom,2023,1A2M,ABFLOW026,Oil,62.33893221595629,,62.33893221595629
United Kingdom,2023,1A3,ABFLOW027,Coal,,,0.0
United Kingdom,2023,1A3,ABFLOW027,Natural gas,,,0.0
United Kingdom,2023,1A3,ABFLOW027,Oil,,,0.0
United Kingdom,2023,1A3A1,ABFLOW040,Coal,,,0.0
United Kingdom,2023,1A3A1,ABFLOW040,Natural gas,,,0.0
United Kingdom,2023,1A3A1,ABFLOW040,Oil,,,0.0
United Kingdom,2023,1A3A2,ABFLOW029,Coal,62.33893221595629,,62.33893221595629
United Kingdom,2023,1A3A2,ABFLOW029,Natural gas,62.33893221595629,,62.33893221595629
United Kingdom,2023,1A3A2,ABFLOW029,Oil,62.33893221595629,,62.33893221595629
United Kingdom,2023,1A3B,ABFLOW028,Coal,,,0.0
United Kingdom,2023,1A3B,ABFLOW028,Natural gas,,,0.0
United Kingdom,2023,1A3B,ABFLOW028,Oil,,,0.0
United Kingdom,2023,1A3C,ABFLOW030,Coal,,,0.0
United Kingdom,2023,1A3C,ABFLOW030,Natural gas,,,0.0
United Kingdom,2023,1A3C,ABFLOW030,Oil,,,0.0
United Kingdom,2023,1A3D1,ABFLOW039,Coal,,,0.0
United Kingdom,2023,1A3D1,ABFLOW039,Natural gas,,,0.0
United Kingdom,2023,1A3D1,ABFLOW039,Oil,,,0.0
United Kingdom,2023,1A3D2,ABFLOW032,Coal,,,0.0
United Kingdom,2023,1A3D2,ABFLOW032,Natural gas,,,0.0
United Kingdom,2023,1A3D2,ABFLOW032,Oil,,,0.0
United Kingdom,2023,1A3E1,ABFLOW033,Coal,,,0.0
United Kingdom,2023,1A3E1,ABFLOW033,Natural gas,,,0.0
United Kingdom,2023,1A3E1,ABFLOW033,Oil,,,0.0
United Kingdom,2023,1A4A,ABFLOW035,Coal,,,0.0
United Kingdom,2023,1A4A,ABFLOW035,Natural gas,,,0.0
United Kingdom,2023,1A4A,ABFLOW035,Oil,,,0.0
United Kingdom,2023,1A4B,ABFLOW034,Coal,,,0.0
United Kingdom,2023,1A4B,ABFLOW034,Natural gas,,,0.0
United Kingdom,2023,1A4B,ABFLOW034,Oil,,,0.0
United Kingdom,2023,1A4C1,ABFLOW036,Coal,,,0.0
United Kingdom,2023,1A4C1,ABFLOW036,Natural gas,,,0.0
United Kingdom,2023,1A4C1,ABFLOW036,Oil,,,0.0
United Kingdom,2023,1A4C2,ABFLOW037,Coal,,,0.0
United Kingdom,2023,1A4C2,ABFLOW037,Natural gas,,,0.0
United Kingdom,2023,1A4C2,ABFLOW037,Oil,,,0.0
United Kingdom,2023,1A5,ABFLOW038,Coal,,,0.0
United Kingdom,2023,1A5,ABFLOW038,Natural gas,,,0.0
United Kingdom,2023,1A5,ABFLOW038,Oil,,,0.0
United Kingdom,2024,1A,ABFLOW001,Coal,,,0.0
United Kingdom,2024,1A,ABFLOW001,Natural gas,,,0.0
United Kingdom,2024,1A,ABFLOW001,Oil,,,0.0
United Kingdom,2024,1A1A,ABFLOW002,Coal,,,0.0
United Kingdom,2024,1A1A,ABFLOW002,Natural gas,,,0.0
United Kingdom,2024,1A1A,ABFLOW002,Oil,,,0.0
United Kingdom,2024,1A1A1,ABFLOW003,Coal,43.83223782098246,20.28748472043416,64.11972254141662
United Kingdom,2024,1A1A1,ABFLOW003,Natural gas,43.83223782098246,20.28748472043416,64.11972254141662
United Kingdom,2024,1A1A1,ABFLOW003,Oil,43.83223782098246,20.28748472043416,64.11972254141662
United Kingdom,2024,1A1A2,ABFLOW004,Coal,43.83223782098246,20.28748472043416,64.11972254141662
United Kingdom,2024,1A1A2,ABFLOW004,Natural gas,43.83223782098246,20.28748472043416,64.11972254141662
United Kingdom,2024,1A1A2,ABFLOW004,Oil,43.83223782098246,20.28748472043416,64.11972254141662
United Kingdom,2024,1A1A3,ABFLOW005,Coal,43.83223782098246,,43.83223782098246
United Kingdom,2024,1A1A3,ABFLOW005,Natural gas,43.83223782098246,,43.83223782098246
United Kingdom,2024,1A1A3,ABFLOW005,Oil,43.83223782098246,,43.83223782098246
United Kingdom,2024,1A1B,ABFLOW011,Coal,43.83223782098246,,43.83223782098246
United Kingdom,2024,1A1B,ABFLOW011,Natural gas,43.83223782098246,,43.83223782098246
United Kingdom,2024,1A1B,ABFLOW011,Oil,43.83223782098246,,43.83223782098246
United Kingdom,2024,1A1C,ABFLOW011,Coal,43.83223782098246,,43.83223782098246
United Kingdom,2024,1A1C,ABFLOW011,Natural gas,43.83223782098246,,43.83223782098246
United Kingdom,2024,1A1C,ABFLOW011,Oil,43.83223782098246,,43.83223782098246
United Kingdom,2024,1A2,ABFLOW012,Coal,,,0.0
United Kingdom,2024,1A2,ABFLOW012,Natural gas,,,0.0
United Kingdom,2024,1A2,ABFLOW012,Oil,,,0.0
United Kingdom,2024,1A2A,ABFLOW016,Coal,43.83223782098246,,43.83223782098246
United Kingdom,2024,1A2A,ABFLOW016,Natural gas,43.83223782098246,,43.83223782098246
United Kingdom,2024,1A2A,ABFLOW016,Oil,43.83223782098246,,43.83223782098246
United Kingdom,2024,1A2B,ABFLOW018,Coal,43.83223782098246,,43.83223782098246
United Kingdom,2024,1A2B,ABFLOW018,Natural gas,43.83223782098246,,43.83223782098246
United Kingdom,2024,1A2B,ABFLOW018,Oil,43.83223782098246,,43.83223782098246
United Kingdom,2024,1A2C,ABFLOW017,Coal,43.83223782098246,,43.83223782098246
United Kingdom,2024,1A2C,ABFLOW017,Natural gas,43.83223782098246,,43.83223782098246
United Kingdom,2024,1A2C,ABFLOW017,Oil,43.83223782098246,,43.83223782098246
United Kingdom,2024,1A2D,ABFLOW023,Coal,43.83223782098246,,43.83223782098246
United Kingdom,2024,1A2D,ABFLOW023,Natural gas,43.83223782098246,,43.83223782098246
United Kingdom,2024,1A2D,ABFLOW023,Oil,43.83223782098246,,43.83223782098246
United Kingdom,2024,1A2E,ABFLOW022,Coal,43.83223782098246,,43.83223782098246
United Kingdom,2024,1A2E,ABFLOW022,Natural gas,43.83223782098246,,43.83223782098246
United Kingdom,2024,1A2E,ABFLOW022,Oil,43.83223782098246,,43.83223782098246
United Kingdom,2024,1A2F,ABFLOW019,Coal,43.83223782098246,,43.83223782098246
United Kingdom,2024,1A2F,ABFLOW019,Natural gas,43.83223782098246,,43.83223782098246
United Kingdom,2024,1A2F,ABFLOW019,Oil,43.83223782098246,,43.83223782098246
United Kingdom,2024,1A2G,ABFLOW020,Coal,43.83223782098246,,43.83223782098246
United Kingdom,2024,1A2G,ABFLOW020,Natural gas,43.83223782098246,,43.83223782098246
United Kingdom,2024,1A2G,ABFLOW020,Oil,43.83223782098246,,43.83223782098246
United Kingdom,2024,1A2H,ABFLOW021,Coal,43.83223782098246,,43.83223782098246
United Kingdom,2024,1A2H,ABFLOW021,Natural gas,43.83223782098246,,43.83223782098246
United Kingdom,2024,1A2H,ABFLOW021,Oil,43.83223782098246,,43.83223782098246
United Kingdom,2024,1A2I,ABFLOW013,Coal,43.83223782098246,,43.83223782098246
United Kingdom,2024,1A2I,ABFLOW013,Natural gas,43.83223782098246,,43.83223782098246
United Kingdom,2024,1A2I,ABFLOW013,Oil,43.83223782098246,,43.83223782098246
United Kingdom,2024,1A2J,ABFLOW024,Coal,43.83223782098246,,43.83223782098246
United Kingdom,2024,1A2J,ABFLOW024,Natural gas,43.83223782098246,,43.83223782098246
United Kingdom,2024,1A2J,ABFLOW024,Oil,43.83223782098246,,43.83223782098246
United Kingdom,2024,1A2K,ABFLOW014,Coal,43.83223782098246,,43.83223782098246
United Kingdom,2024,1A2K,ABFLOW014,Natural gas,43.83223782098246,,43.83223782098246
United Kingdom,2024,1A2K,ABFLOW014,Oil,43.83223782098246,,43.83223782098246
United Kingdom,2024,1A2L,ABFLOW025,Coal,43.83223782098246,,43.83223782098246
United Kingdom,2024,1A2L,ABFLOW025,Natural gas,43.83223782098246,,43.83223782098246
United Kingdom,2024,1A2L,ABFLOW025,Oil,43.83223782098246,,43.83223782098246
United Kingdom,2024,1A2M,ABFLOW026,Coal,43.83223782098246,,43.83223782098246
United Kingdom,2024,1A2M,ABFLOW026,Natural gas,43.83223782098246,,43.83223782098246
United Kingdom,2024,1A2M,ABFLOW026,Oil,43.83223782098246,,43.83223782098246
United Kingdom,2024,1A3,ABFLOW027,Coal,,,0.0
United Kingdom,2024,1A3,ABFLOW027,Natural gas,,,0.0
United Kingdom,2024,1A3,ABFLOW027,Oil,,,0.0
United Kingdom,2024,1A3A1,ABFLOW040,Coal,,,0.0
United Kingdom,2024,1A3A1,ABFLOW040,Natural gas,,,0.0
United Kingdom,2024,1A3A1,ABFLOW040,Oil,,,0.0
United Kingdom,2024,1A3A2,ABFLOW029,Coal,43.83223782098246,,43.83223782098246
United Kingdom,2024,1A3A2,ABFLOW029,Natural gas,43.83223782098246,,43.83223782098246
United Kingdom,2024,1A3A2,ABFLOW029,Oil,43.83223782098246,,43.83223782098246
United Kingdom,2024,1A3B,ABFLOW028,Coal,,,0.0
United Kingdom,2024,1A3B,ABFLOW028,Natural gas,,,0.0
United Kingdom,2024,1A3B,ABFLOW028,Oil,,,0.0
United Kingdom,2024,1A3C,ABFLOW030,Coal,,,0.0
United Kingdom,2024,1A3C,ABFLOW030,Natural gas,,,0.0
United Kingdom,2024,1A3C,ABFLOW030,Oil,,,0.0
United Kingdom,2024,1A3D1,ABFLOW039,Coal,,,0.0
United Kingdom,2024,1A3D1,ABFLOW039,Natural gas,,,0.0
United Kingdom,2024,1A3D1,ABFLOW039,Oil,,,0.0
United Kingdom,2024,1A3D2,ABFLOW032,Coal,,,0.0
United Kingdom,2024,1A3D2,ABFLOW032,Natural gas,,,0.0
United Kingdom,2024,1A3D2,ABFLOW032,Oil,,,0.0
United Kingdom,2024,1A3E1,ABFLOW033,Coal,,,0.0
United Kingdom,2024,1A3E1,ABFLOW033,Natural gas,,,0.0
United Kingdom,2024,1A3E1,ABFLOW033,Oil,,,0.0
United Kingdom,2024,1A4A,ABFLOW035,Coal,,,0.0
United Kingdom,2024,1A4A,ABFLOW035,Natural gas,,,0.0
United Kingdom,2024,1A4A,ABFLOW035,Oil,,,0.0
United Kingdom,2024,1A4B,ABFLOW034,Coal,,,0.0
United Kingdom,2024,1A4B,ABFLOW034,Natural gas,,,0.0
United Kingdom,2024,1A4B,ABFLOW034,Oil,,,0.0
United Kingdom,2024,1A4C1,ABFLOW036,Coal,,,0.0
United Kingdom,2024,1A4C1,ABFLOW036,Natural gas,,,0.0
United Kingdom,2024,1A4C1,ABFLOW036,Oil,,,0.0
United Kingdom,2024,1A4C2,ABFLOW037,Coal,,,0.0
United Kingdom,2024,1A4C2,ABFLOW037,Natural gas,,,0.0
United Kingdom,2024,1A4C2,ABFLOW037,Oil,,,0.0
United Kingdom,2024,1A5,ABFLOW038,Coal,,,0.0
United Kingdom,2024,1A5,ABFLOW038,Natural gas,,,0.0
United Kingdom,2024,1A5,ABFLOW038,Oil,,,0.0
United Kingdom,2025,1A,ABFLOW001,Coal,,,0.0
United Kingdom,2025,1A,ABFLOW001,Natural gas,,,0.0
United Kingdom,2025,1A,ABFLOW001,Oil,,,0.0
United Kingdom,2025,1A1A,ABFLOW002,Coal,,,0.0
United Kingdom,2025,1A1A,ABFLOW002,Natural gas,,,0.0
United Kingdom,2025,1A1A,ABFLOW002,Oil,,,0.0
United Kingdom,2025,1A1A1,ABFLOW003,Coal,51.3386071675431,20.28748472043416,71.62609188797727
United Kingdom,2025,1A1A1,ABFLOW003,Natural gas,51.3386071675431,20.28748472043416,71.62609188797727
United Kingdom,2025,1A1A1,ABFLOW003,Oil,51.3386071675431,20.28748472043416,71.62609188797727
United Kingdom,2025,1A1A2,ABFLOW004,Coal,51.3386071675431,20.28748472043416,71.62609188797727
United Kingdom,2025,1A1A2,ABFLOW004,Natural gas,51.3386071675431,20.28748472043416,71.62609188797727
United Kingdom,2025,1A1A2,ABFLOW004,Oil,51.3386071675431,20.28748472043416,71.62609188797727
United Kingdom,2025,1A1A3,ABFLOW005,Coal,51.3386071675431,,51.3386071675431
United Kingdom,2025,1A1A3,ABFLOW005,Natural gas,51.3386071675431,,51.3386071675431
United Kingdom,2025,1A1A3,ABFLOW005,Oil,51.3386071675431,,51.3386071675431
United Kingdom,2025,1A1B,ABFLOW011,Coal,51.3386071675431,,51.3386071675431
United Kingdom,2025,1A1B,ABFLOW011,Natural gas,51.3386071675431,,51.3386071675431
United Kingdom,2025,1A1B,ABFLOW011,Oil,51.3386071675431,,51.3386071675431
United Kingdom,2025,1A1C,ABFLOW011,Coal,51.3386071675431,,51.3386071675431
United Kingdom,2025,1A1C,ABFLOW011,Natural gas,51.3386071675431,,51.3386071675431
United Kingdom,2025,1A1C,ABFLOW011,Oil,51.3386071675431,,51.3386071675431
United Kingdom,2025,1A2,ABFLOW012,Coal,,,0.0
United Kingdom,2025,1A2,ABFLOW012,Natural gas,,,0.0
United Kingdom,2025,1A2,ABFLOW012,Oil,,,0.0
United Kingdom,2025,1A2A,ABFLOW016,Coal,51.3386071675431,,51.3386071675431
United Kingdom,2025,1A2A,ABFLOW016,Natural gas,51.3386071675431,,51.3386071675431
United Kingdom,2025,1A2A,ABFLOW016,Oil,51.3386071675431,,51.3386071675431
United Kingdom,2025,1A2B,ABFLOW018,Coal,51.3386071675431,,51.3386071675431
United Kingdom,2025,1A2B,ABFLOW018,Natural gas,51.3386071675431,,51.3386071675431
United Kingdom,2025,1A2B,ABFLOW018,Oil,51.3386071675431,,51.3386071675431
United Kingdom,2025,1A2C,ABFLOW017,Coal,51.3386071675431,,51.3386071675431
United Kingdom,2025,1A2C,ABFLOW017,Natural gas,51.3386071675431,,51.3386071675431
United Kingdom,2025,1A2C,ABFLOW017,Oil,51.3386071675431,,51.3386071675431
United Kingdom,2025,1A2D,ABFLOW023,Coal,51.3386071675431,,51.3386071675431
United Kingdom,2025,1A2D,ABFLOW023,Natural gas,51.3386071675431,,51.3386071675431
United Kingdom,2025,1A2D,ABFLOW023,Oil,51.3386071675431,,51.3386071675431
United Kingdom,2025,1A2E,ABFLOW022,Coal,51.3386071675431,,51.3386071675431
United Kingdom,2025,1A2E,ABFLOW022,Natural gas,51.3386071675431,,51.3386071675431
United Kingdom,2025,1A2E,ABFLOW022,Oil,51.3386071675431,,51.3386071675431
United Kingdom,2025,1A2F,ABFLOW019,Coal,51.3386071675431,,51.3386071675431
United Kingdom,2025,1A2F,ABFLOW019,Natural gas,51.3386071675431,,51.3386071675431
United Kingdom,2025,1A2F,ABFLOW019,Oil,51.3386071675431,,51.3386071675431
United Kingdom,2025,1A2G,ABFLOW020,Coal,51.3386071675431,,51.3386071675431
United Kingdom,2025,1A2G,ABFLOW020,Natural gas,51.3386071675431,,51.3386071675431
United Kingdom,2025,1A2G,ABFLOW020,Oil,51.3386071675431,,51.3386071675431
United Kingdom,2025,1A2H,ABFLOW021,Coal,51.3386071675431,,51.3386071675431
United Kingdom,2025,1A2H,ABFLOW021,Natural gas,51.3386071675431,,51.3386071675431
United Kingdom,2025,1A2H,ABFLOW021,Oil,51.3386071675431,,51.3386071675431
United Kingdom,2025,1A2I,ABFLOW013,Coal,51.3386071675431,,51.3386071675431
United Kingdom,2025,1A2I,ABFLOW013,Natural gas,51.3386071675431,,51.3386071675431
United Kingdom,2025,1A2I,ABFLOW013,Oil,51.3386071675431,,51.3386071675431
United Kingdom,2025,1A2J,ABFLOW024,Coal,51.3386071675431,,51.3386071675431
United Kingdom,2025,1A2J,ABFLOW024,Natural gas,51.3386071675431,,51.3386071675431
United Kingdom,2025,1A2J,ABFLOW024,Oil,51.3386071675431,,51.3386071675431
United Kingdom,2025,1A2K,ABFLOW014,Coal,51.3386071675431,,51.3386071675431
United Kingdom,2025,1A2K,ABFLOW014,Natural gas,51.3386071675431,,51.3386071675431
United Kingdom,2025,1A2K,ABFLOW014,Oil,51.3386071675431,,51.3386071675431
United Kingdom,2025,1A2L,ABFLOW025,Coal,51.3386071675431,,51.3386071675431
United Kingdom,2025,1A2L,ABFLOW025,Natural gas,51.3386071675431,,51.3386071675431
United Kingdom,2025,1A2L,ABFLOW025,Oil,51.3386071675431,,51.3386071675431
United Kingdom,2025,1A2M,ABFLOW026,Coal,51.3386071675431,,51.3386071675431
United Kingdom,2025,1A2M,ABFLOW026,Natural gas,51.3386071675431,,51.3386071675431
United Kingdom,2025,1A2M,ABFLOW026,Oil,51.3386071675431,,51.3386071675431
United Kingdom,2025,1A3,ABFLOW027,Coal,,,0.0
United Kingdom,2025,1A3,ABFLOW027,Natural gas,,,0.0
United Kingdom,2025,1A3,ABFLOW027,Oil,,,0.0
United Kingdom,2025,1A3A1,ABFLOW040,Coal,,,0.0
United Kingdom,2025,1A3A1,ABFLOW040,Natural gas,,,0.0
United Kingdom,2025,1A3A1,ABFLOW040,Oil,,,0.0
United Kingdom,2025,1A3A2,ABFLOW029,Coal,51.3386071675431,,51.3386071675431
United Kingdom,2025,1A3A2,ABFLOW029,Natural gas,51.3386071675431,,51.3386071675431
United Kingdom,2025,1A3A2,ABFLOW029,Oil,51.3386071675431,,51.3386071675431
United Kingdom,2025,1A3B,ABFLOW028,Coal,,,0.0
United Kingdom,2025,1A3B,ABFLOW028,Natural gas,,,0.0
United Kingdom,2025,1A3B,ABFLOW028,Oil,,,0.0
United Kingdom,2025,1A3C,ABFLOW030,Coal,,,0.0
United Kingdom,2025,1A3C,ABFLOW030,Natural gas,,,0.0
United Kingdom,2025,1A3C,ABFLOW030,Oil,,,0.0
United Kingdom,2025,1A3D1,ABFLOW039,Coal,,,0.0
United Kingdom,2025,1A3D1,ABFLOW039,Natural gas,,,0.0
United Kingdom,2025,1A3D1,ABFLOW039,Oil,,,0.0
United Kingdom,2025,1A3D2,ABFLOW032,Coal,,,0.0
United Kingdom,2025,1A3D2,ABFLOW032,Natural gas,,,0.0
United Kingdom,2025,1A3D2,ABFLOW032,Oil,,,0.0
United Kingdom,2025,1A3E1,ABFLOW033,Coal,,,0.0
United Kingdom,2025,1A3E1,ABFLOW033,Natural gas,,,0.0
United Kingdom,2025,1A3E1,ABFLOW033,Oil,,,0.0
United Kingdom,2025,1A4A,ABFLOW035,Coal,,,0.0
United Kingdom,2025,1A4A,ABFLOW035,Natural gas,,,0.0
United Kingdom,2025,1A4A,ABFLOW035,Oil,,,0.0
United Kingdom,2025,1A4B,ABFLOW034,Coal,,,0.0
United Kingdom,2025,1A4B,ABFLOW034,Natural gas,,,0.0
United Kingdom,2025,1A4B,ABFLOW034,Oil,,,0.0
United Kingdom,2025,1A4C1,ABFLOW036,Coal,,,0.0
United Kingdom,2025,1A4C1,ABFLOW036,Natural gas,,,0.0
United Kingdom,2025,1A4C1,ABFLOW036,Oil,,,0.0
United Kingdom,2025,1A4C2,ABFLOW037,Coal,,,0.0
United Kingdom,2025,1A4C2,ABFLOW037,Natural gas,,,0.0
United Kingdom,2025,1A4C2,ABFLOW037,Oil,,,0.0
United Kingdom,2025,1A5,ABFLOW038,Coal,,,0.0
United Kingdom,2025,1A5,ABFLOW038,Natural gas,,,0.0
United Kingdom,2025,1A5,ABFLOW038,Oil,,,0.0
