jurisdiction,year,ipcc_code,iea_code,Product,ets_price_usd_k,tax_rate_incl_ex_usd_k,all_inst_usd_k
Ireland,1989,1A,ABFLOW001,Coal,,,0.0
Ireland,1989,1A,ABFLOW001,Natural gas,,,0.0
Ireland,1989,1A,ABFLOW001,Oil,,,0.0
Ireland,1989,1A1A,ABFLOW002,Coal,,,0.0
Ireland,1989,1A1A,ABFLOW002,Natural gas,,,0.0
Ireland,1989,1A1A,ABFLOW002,Oil,,,0.0
Ireland,1989,1A1A1,ABFLOW003,Coal,,,0.0
Ireland,1989,1A1A1,ABFLOW003,Natural gas,,,0.0
Ireland,1989,1A1A1,ABFLOW003,Oil,,,0.0
Ireland,1989,1A1A2,ABFLOW004,Coal,,,0.0
Ireland,1989,1A1A2,ABFLOW004,Natural gas,,,0.0
Ireland,1989,1A1A2,ABFLOW004,Oil,,,0.0
Ireland,1989,1A1A3,ABFLOW005,Coal,,,0.0
Ireland,1989,1A1A3,ABFLOW005,Natural gas,,,0.0
Ireland,1989,1A1A3,ABFLOW005,Oil,,,0.0
Ireland,1989,1A1B,ABFLOW011,Coal,,,0.0
Ireland,1989,1A1B,ABFLOW011,Natural gas,,,0.0
Ireland,1989,1A1B,ABFLOW011,Oil,,,0.0
Ireland,1989,1A1C,ABFLOW011,Coal,,,0.0
Ireland,1989,1A1C,ABFLOW011,Natural gas,,,0.0
Ireland,1989,1A1C,ABFLOW011,Oil,,,0.0
Ireland,1989,1A2,ABFLOW012,Coal,,,0.0
Ireland,1989,1A2,ABFLOW012,Natural gas,,,0.0
Ireland,1989,1A2,ABFLOW012,Oil,,,0.0
Ireland,1989,1A2A,ABFLOW016,Coal,,,0.0
Ireland,1989,1A2A,ABFLOW016,Natural gas,,,0.0
Ireland,1989,1A2A,ABFLOW016,Oil,,,0.0
Ireland,1989,1A2B,ABFLOW018,Coal,,,0.0
Ireland,1989,1A2B,ABFLOW018,Natural gas,,,0.0
Ireland,1989,1A2B,ABFLOW018,Oil,,,0.0
Ireland,1989,1A2C,ABFLOW017,Coal,,,0.0
Ireland,1989,1A2C,ABFLOW017,Natural gas,,,0.0
Ireland,1989,1A2C,ABFLOW017,Oil,,,0.0
Ireland,1989,1A2D,ABFLOW023,Coal,,,0.0
Ireland,1989,1A2D,ABFLOW023,Natural gas,,,0.0
Ireland,1989,1A2D,ABFLOW023,Oil,,,0.0
Ireland,1989,1A2E,ABFLOW022,Coal,,,0.0
Ireland,1989,1A2E,ABFLOW022,Natural gas,,,0.0
Ireland,1989,1A2E,ABFLOW022,Oil,,,0.0
Ireland,1989,1A2F,ABFLOW019,Coal,,,0.0
Ireland,1989,1A2F,ABFLOW019,Natural gas,,,0.0
Ireland,1989,1A2F,ABFLOW019,Oil,,,0.0
Ireland,1989,1A2G,ABFLOW020,Coal,,,0.0
Ireland,1989,1A2G,ABFLOW020,Natural gas,,,0.0
Ireland,1989,1A2G,ABFLOW020,Oil,,,0.0
Ireland,1989,1A2H,ABFLOW021,Coal,,,0.0
Ireland,1989,1A2H,ABFLOW021,Natural gas,,,0.0
Ireland,1989,1A2H,ABFLOW021,Oil,,,0.0
Ireland,1989,1A2I,ABFLOW013,Coal,,,0.0
Ireland,1989,1A2I,ABFLOW013,Natural gas,,,0.0
Ireland,1989,1A2I,ABFLOW013,Oil,,,0.0
Ireland,1989,1A2J,ABFLOW024,Coal,,,0.0
Ireland,1989,1A2J,ABFLOW024,Natural gas,,,0.0
Ireland,1989,1A2J,ABFLOW024,Oil,,,0.0
Ireland,1989,1A2K,ABFLOW014,Coal,,,0.0
Ireland,1989,1A2K,ABFLOW014,Natural gas,,,0.0
Ireland,1989,1A2K,ABFLOW014,Oil,,,0.0
Ireland,1989,1A2L,ABFLOW025,Coal,,,0.0
Ireland,1989,1A2L,ABFLOW025,Natural gas,,,0.0
Ireland,1989,1A2L,ABFLOW025,Oil,,,0.0
Ireland,1989,1A2M,ABFLOW026,Coal,,,0.0
Ireland,1989,1A2M,ABFLOW026,Natural gas,,,0.0
Ireland,1989,1A2M,ABFLOW026,Oil,,,0.0
Ireland,1989,1A3,ABFLOW027,Coal,,,0.0
Ireland,1989,1A3,ABFLOW027,Natural gas,,,0.0
Ireland,1989,1A3,ABFLOW027,Oil,,,0.0
Ireland,1989,1A3A1,ABFLOW040,Coal,,,0.0
Ireland,1989,1A3A1,ABFLOW040,Natural gas,,,0.0
Ireland,1989,1A3A1,ABFLOW040,Oil,,,0.0
Ireland,1989,1A3A2,ABFLOW029,Coal,,,0.0
Ireland,1989,1A3A2,ABFLOW029,Natural gas,,,0.0
Ireland,1989,1A3A2,ABFLOW029,Oil,,,0.0
Ireland,1989,1A3B,ABFLOW028,Coal,,,0.0
Ireland,1989,1A3B,ABFLOW028,Natural gas,,,0.0
Ireland,1989,1A3B,ABFLOW028,Oil,,,0.0
Ireland,1989,1A3C,ABFLOW030,Coal,,,0.0
Ireland,1989,1A3C,ABFLOW030,Natural gas,,,0.0
Ireland,1989,1A3C,ABFLOW030,Oil,,,0.0
Ireland,1989,1A3D1,ABFLOW039,Coal,,,0.0
Ireland,1989,1A3D1,ABFLOW039,Natural gas,,,0.0
Ireland,1989,1A3D1,ABFLOW039,Oil,,,0.0
Ireland,1989,1A3D2,ABFLOW032,Coal,,,0.0
Ireland,1989,1A3D2,ABFLOW032,Natural gas,,,0.0
Ireland,1989,1A3D2,ABFLOW032,Oil,,,0.0
Ireland,1989,1A3E1,ABFLOW033,Coal,,,0.0
Ireland,1989,1A3E1,ABFLOW033,Natural gas,,,0.0
Ireland,1989,1A3E1,ABFLOW033,Oil,,,0.0
Ireland,1989,1A4A,ABFLOW035,Coal,,,0.0
Ireland,1989,1A4A,ABFLOW035,Natural gas,,,0.0
Ireland,1989,1A4A,ABFLOW035,Oil,,,0.0
Ireland,1989,1A4B,ABFLOW034,Coal,,,0.0
Ireland,1989,1A4B,ABFLOW034,Natural gas,,,0.0
Ireland,1989,1A4B,ABFLOW034,Oil,,,0.0
Ireland,1989,1A4C1,ABFLOW036,Coal,,,0.0
Ireland,1989,1A4C1,ABFLOW036,Natural gas,,,0.0
Ireland,1989,1A4C1,ABFLOW036,Oil,,,0.0
Ireland,1989,1A4C2,ABFLOW037,Coal,,,0.0
Ireland,1989,1A4C2,ABFLOW037,Natural gas,,,0.0
Ireland,1989,1A4C2,ABFLOW037,Oil,,,0.0
Ireland,1989,1A5,ABFLOW038,Coal,,,0.0
Ireland,1989,1A5,ABFLOW038,Natural gas,,,0.0
Ireland,1989,1A5,ABFLOW038,Oil,,,0.0
Ireland,1990,1A,ABFLOW001,Coal,,,0.0
Ireland,1990,1A,ABFLOW001,Natural gas,,,0.0
Ireland,1990,1A,ABFLOW001,Oil,,,0.0
Ireland,1990,1A1A,ABFLOW002,Coal,,,0.0
Ireland,1990,1A1A,ABFLOW002,Natural gas,,,0.0
Ireland,1990,1A1A,ABFLOW002,Oil,,,0.0
Ireland,1990,1A1A1,ABFLOW003,Coal,,,0.0
Ireland,1990,1A1A1,ABFLOW003,Natural gas,,,0.0
Ireland,1990,1A1A1,ABFLOW003,Oil,,,0.0
Ireland,1990,1A1A2,ABFLOW004,Coal,,,0.0
Ireland,1990,1A1A2,ABFLOW004,Natural gas,,,0.0
Ireland,1990,1A1A2,ABFLOW004,Oil,,,0.0
Ireland,1990,1A1A3,ABFLOW005,Coal,,,0.0
Ireland,1990,1A1A3,ABFLOW005,Natural gas,,,0.0
Ireland,1990,1A1A3,ABFLOW005,Oil,,,0.0
Ireland,1990,1A1B,ABFLOW011,Coal,,,0.0
Ireland,1990,1A1B,ABFLOW011,Natural gas,,,0.0
Ireland,1990,1A1B,ABFLOW011,Oil,,,0.0
Ireland,1990,1A1C,ABFLOW011,Coal,,,0.0
Ireland,1990,1A1C,ABFLOW011,Natural gas,,,0.0
Ireland,1990,1A1C,ABFLOW011,Oil,,,0.0
Ireland,1990,1A2,ABFLOW012,Coal,,,0.0
Ireland,1990,1A2,ABFLOW012,Natural gas,,,0.0
Ireland,1990,1A2,ABFLOW012,Oil,,,0.0
Ireland,1990,1A2A,ABFLOW016,Coal,,,0.0
Ireland,1990,1A2A,ABFLOW016,Natural gas,,,0.0
Ireland,1990,1A2A,ABFLOW016,Oil,,,0.0
Ireland,1990,1A2B,ABFLOW018,Coal,,,0.0
Ireland,1990,1A2B,ABFLOW018,Natural gas,,,0.0
Ireland,1990,1A2B,ABFLOW018,Oil,,,0.0
Ireland,1990,1A2C,ABFLOW017,Coal,,,0.0
Ireland,1990,1A2C,ABFLOW017,Natural gas,,,0.0
Ireland,1990,1A2C,ABFLOW017,Oil,,,0.0
Ireland,1990,1A2D,ABFLOW023,Coal,,,0.0
Ireland,1990,1A2D,ABFLOW023,Natural gas,,,0.0
Ireland,1990,1A2D,ABFLOW023,Oil,,,0.0
Ireland,1990,1A2E,ABFLOW022,Coal,,,0.0
Ireland,1990,1A2E,ABFLOW022,Natural gas,,,0.0
Ireland,1990,1A2E,ABFLOW022,Oil,,,0.0
Ireland,1990,1A2F,ABFLOW019,Coal,,,0.0
Ireland,1990,1A2F,ABFLOW019,Natural gas,,,0.0
Ireland,1990,1A2F,ABFLOW019,Oil,,,0.0
Ireland,1990,1A2G,ABFLOW020,Coal,,,0.0
Ireland,1990,1A2G,ABFLOW020,Natural gas,,,0.0
Ireland,1990,1A2G,ABFLOW020,Oil,,,0.0
Ireland,1990,1A2H,ABFLOW021,Coal,,,0.0
Ireland,1990,1A2H,ABFLOW021,Natural gas,,,0.0
Ireland,1990,1A2H,ABFLOW021,Oil,,,0.0
Ireland,1990,1A2I,ABFLOW013,Coal,,,0.0
Ireland,1990,1A2I,ABFLOW013,Natural gas,,,0.0
Ireland,1990,1A2I,ABFLOW013,Oil,,,0.0
Ireland,1990,1A2J,ABFLOW024,Coal,,,0.0
Ireland,1990,1A2J,ABFLOW024,Natural gas,,,0.0
Ireland,1990,1A2J,ABFLOW024,Oil,,,0.0
Ireland,1990,1A2K,ABFLOW014,Coal,,,0.0
Ireland,1990,1A2K,ABFLOW014,Natural gas,,,0.0
Ireland,1990,1A2K,ABFLOW014,Oil,,,0.0
Ireland,1990,1A2L,ABFLOW025,Coal,,,0.0
Ireland,1990,1A2L,ABFLOW025,Natural gas,,,0.0
Ireland,1990,1A2L,ABFLOW025,Oil,,,0.0
Ireland,1990,1A2M,ABFLOW026,Coal,,,0.0
Ireland,1990,1A2M,ABFLOW026,Natural gas,,,0.0
Ireland,1990,1A2M,ABFLOW026,Oil,,,0.0
Ireland,1990,1A3,ABFLOW027,Coal,,,0.0
Ireland,1990,1A3,ABFLOW027,Natural gas,,,0.0
Ireland,1990,1A3,ABFLOW027,Oil,,,0.0
Ireland,1990,1A3A1,ABFLOW040,Coal,,,0.0
Ireland,1990,1A3A1,ABFLOW040,Natural gas,,,0.0
Ireland,1990,1A3A1,ABFLOW040,Oil,,,0.0
Ireland,1990,1A3A2,ABFLOW029,Coal,,,0.0
Ireland,1990,1A3A2,ABFLOW029,Natural gas,,,0.0
Ireland,1990,1A3A2,ABFLOW029,Oil,,,0.0
Ireland,1990,1A3B,ABFLOW028,Coal,,,0.0
Ireland,1990,1A3B,ABFLOW028,Natural gas,,,0.0
Ireland,1990,1A3B,ABFLOW028,Oil,,,0.0
Ireland,1990,1A3C,ABFLOW030,Coal,,,0.0
Ireland,1990,1A3C,ABFLOW030,Natural gas,,,0.0
Ireland,1990,1A3C,ABFLOW030,Oil,,,0.0
Ireland,1990,1A3D1,ABFLOW039,Coal,,,0.0
Ireland,1990,1A3D1,ABFLOW039,Natural gas,,,0.0
Ireland,1990,1A3D1,ABFLOW039,Oil,,,0.0
Ireland,1990,1A3D2,ABFLOW032,Coal,,,0.0
Ireland,1990,1A3D2,ABFLOW032,Natural gas,,,0.0
Ireland,1990,1A3D2,ABFLOW032,Oil,,,0.0
Ireland,1990,1A3E1,ABFLOW033,Coal,,,0.0
Ireland,1990,1A3E1,ABFLOW033,Natural gas,,,0.0
Ireland,1990,1A3E1,ABFLOW033,Oil,,,0.0
Ireland,1990,1A4A,ABFLOW035,Coal,,,0.0
Ireland,1990,1A4A,ABFLOW035,Natural gas,,,0.0
Ireland,1990,1A4A,ABFLOW035,Oil,,,0.0
Ireland,1990,1A4B,ABFLOW034,Coal,,,0.0
Ireland,1990,1A4B,ABFLOW034,Natural gas,,,0.0
Ireland,1990,1A4B,ABFLOW034,Oil,,,0.0
Ireland,1990,1A4C1,ABFLOW036,Coal,,,0.0
Ireland,1990,1A4C1,ABFLOW036,Natural gas,,,0.0
Ireland,1990,1A4C1,ABFLOW036,Oil,,,0.0
Ireland,1990,1A4C2,ABFLOW037,Coal,,,0.0
Ireland,1990,1A4C2,ABFLOW037,Natural gas,,,0.0
Ireland,1990,1A4C2,ABFLOW037,Oil,,,0.0
Ireland,1990,1A5,ABFLOW038,Coal,,,0.0
Ireland,1990,1A5,ABFLOW038,Natural gas,,,0.0
Ireland,1990,1A5,ABFLOW038,Oil,,,0.0
Ireland,1991,1A,ABFLOW001,Coal,,,0.0
Ireland,1991,1A,ABFLOW001,Natural gas,,,0.0
Ireland,1991,1A,ABFLOW001,Oil,,,0.0
Ireland,1991,1A1A,ABFLOW002,Coal,,,0.0
Ireland,1991,1A1A,ABFLOW002,Natural gas,,,0.0
Ireland,1991,1A1A,ABFLOW002,Oil,,,0.0
Ireland,1991,1A1A1,ABFLOW003,Coal,,,0.0
Ireland,1991,1A1A1,ABFLOW003,Natural gas,,,0.0
Ireland,1991,1A1A1,ABFLOW003,Oil,,,0.0
Ireland,1991,1A1A2,ABFLOW004,Coal,,,0.0
Ireland,1991,1A1A2,ABFLOW004,Natural gas,,,0.0
Ireland,1991,1A1A2,ABFLOW004,Oil,,,0.0
Ireland,1991,1A1A3,ABFLOW005,Coal,,,0.0
Ireland,1991,1A1A3,ABFLOW005,Natural gas,,,0.0
Ireland,1991,1A1A3,ABFLOW005,Oil,,,0.0
Ireland,1991,1A1B,ABFLOW011,Coal,,,0.0
Ireland,1991,1A1B,ABFLOW011,Natural gas,,,0.0
Ireland,1991,1A1B,ABFLOW011,Oil,,,0.0
Ireland,1991,1A1C,ABFLOW011,Coal,,,0.0
Ireland,1991,1A1C,ABFLOW011,Natural gas,,,0.0
Ireland,1991,1A1C,ABFLOW011,Oil,,,0.0
Ireland,1991,1A2,ABFLOW012,Coal,,,0.0
Ireland,1991,1A2,ABFLOW012,Natural gas,,,0.0
Ireland,1991,1A2,ABFLOW012,Oil,,,0.0
Ireland,1991,1A2A,ABFLOW016,Coal,,,0.0
Ireland,1991,1A2A,ABFLOW016,Natural gas,,,0.0
Ireland,1991,1A2A,ABFLOW016,Oil,,,0.0
Ireland,1991,1A2B,ABFLOW018,Coal,,,0.0
Ireland,1991,1A2B,ABFLOW018,Natural gas,,,0.0
Ireland,1991,1A2B,ABFLOW018,Oil,,,0.0
Ireland,1991,1A2C,ABFLOW017,Coal,,,0.0
Ireland,1991,1A2C,ABFLOW017,Natural gas,,,0.0
Ireland,1991,1A2C,ABFLOW017,Oil,,,0.0
Ireland,1991,1A2D,ABFLOW023,Coal,,,0.0
Ireland,1991,1A2D,ABFLOW023,Natural gas,,,0.0
Ireland,1991,1A2D,ABFLOW023,Oil,,,0.0
Ireland,1991,1A2E,ABFLOW022,Coal,,,0.0
Ireland,1991,1A2E,ABFLOW022,Natural gas,,,0.0
Ireland,1991,1A2E,ABFLOW022,Oil,,,0.0
Ireland,1991,1A2F,ABFLOW019,Coal,,,0.0
Ireland,1991,1A2F,ABFLOW019,Natural gas,,,0.0
Ireland,1991,1A2F,ABFLOW019,Oil,,,0.0
Ireland,1991,1A2G,ABFLOW020,Coal,,,0.0
Ireland,1991,1A2G,ABFLOW020,Natural gas,,,0.0
Ireland,1991,1A2G,ABFLOW020,Oil,,,0.0
Ireland,1991,1A2H,ABFLOW021,Coal,,,0.0
Ireland,1991,1A2H,ABFLOW021,Natural gas,,,0.0
Ireland,1991,1A2H,ABFLOW021,Oil,,,0.0
Ireland,1991,1A2I,ABFLOW013,Coal,,,0.0
Ireland,1991,1A2I,ABFLOW013,Natural gas,,,0.0
Ireland,1991,1A2I,ABFLOW013,Oil,,,0.0
Ireland,1991,1A2J,ABFLOW024,Coal,,,0.0
Ireland,1991,1A2J,ABFLOW024,Natural gas,,,0.0
Ireland,1991,1A2J,ABFLOW024,Oil,,,0.0
Ireland,1991,1A2K,ABFLOW014,Coal,,,0.0
Ireland,1991,1A2K,ABFLOW014,Natural gas,,,0.0
Ireland,1991,1A2K,ABFLOW014,Oil,,,0.0
Ireland,1991,1A2L,ABFLOW025,Coal,,,0.0
Ireland,1991,1A2L,ABFLOW025,Natural gas,,,0.0
Ireland,1991,1A2L,ABFLOW025,Oil,,,0.0
Ireland,1991,1A2M,ABFLOW026,Coal,,,0.0
Ireland,1991,1A2M,ABFLOW026,Natural gas,,,0.0
Ireland,1991,1A2M,ABFLOW026,Oil,,,0.0
Ireland,1991,1A3,ABFLOW027,Coal,,,0.0
Ireland,1991,1A3,ABFLOW027,Natural gas,,,0.0
Ireland,1991,1A3,ABFLOW027,Oil,,,0.0
Ireland,1991,1A3A1,ABFLOW040,Coal,,,0.0
Ireland,1991,1A3A1,ABFLOW040,Natural gas,,,0.0
Ireland,1991,1A3A1,ABFLOW040,Oil,,,0.0
Ireland,1991,1A3A2,ABFLOW029,Coal,,,0.0
Ireland,1991,1A3A2,ABFLOW029,Natural gas,,,0.0
Ireland,1991,1A3A2,ABFLOW029,Oil,,,0.0
Ireland,1991,1A3B,ABFLOW028,Coal,,,0.0
Ireland,1991,1A3B,ABFLOW028,Natural gas,,,0.0
Ireland,1991,1A3B,ABFLOW028,Oil,,,0.0
Ireland,1991,1A3C,ABFLOW030,Coal,,,0.0
Ireland,1991,1A3C,ABFLOW030,Natural gas,,,0.0
Ireland,1991,1A3C,ABFLOW030,Oil,,,0.0
Ireland,1991,1A3D1,ABFLOW039,Coal,,,0.0
Ireland,1991,1A3D1,ABFLOW039,Natural gas,,,0.0
Ireland,1991,1A3D1,ABFLOW039,Oil,,,0.0
Ireland,1991,1A3D2,ABFLOW032,Coal,,,0.0
Ireland,1991,1A3D2,ABFLOW032,Natural gas,,,0.0
Ireland,1991,1A3D2,ABFLOW032,Oil,,,0.0
Ireland,1991,1A3E1,ABFLOW033,Coal,,,0.0
Ireland,1991,1A3E1,ABFLOW033,Natural gas,,,0.0
Ireland,1991,1A3E1,ABFLOW033,Oil,,,0.0
Ireland,1991,1A4A,ABFLOW035,Coal,,,0.0
Ireland,1991,1A4A,ABFLOW035,Natural gas,,,0.0
Ireland,1991,1A4A,ABFLOW035,Oil,,,0.0
Ireland,1991,1A4B,ABFLOW034,Coal,,,0.0
Ireland,1991,1A4B,ABFLOW034,Natural gas,,,0.0
Ireland,1991,1A4B,ABFLOW034,Oil,,,0.0
Ireland,1991,1A4C1,ABFLOW036,Coal,,,0.0
Ireland,1991,1A4C1,ABFLOW036,Natural gas,,,0.0
Ireland,1991,1A4C1,ABFLOW036,Oil,,,0.0
Ireland,1991,1A4C2,ABFLOW037,Coal,,,0.0
Ireland,1991,1A4C2,ABFLOW037,Natural gas,,,0.0
Ireland,1991,1A4C2,ABFLOW037,Oil,,,0.0
Ireland,1991,1A5,ABFLOW038,Coal,,,0.0
Ireland,1991,1A5,ABFLOW038,Natural gas,,,0.0
Ireland,1991,1A5,ABFLOW038,Oil,,,0.0
Ireland,1992,1A,ABFLOW001,Coal,,,0.0
Ireland,1992,1A,ABFLOW001,Natural gas,,,0.0
Ireland,1992,1A,ABFLOW001,Oil,,,0.0
Ireland,1992,1A1A,ABFLOW002,Coal,,,0.0
Ireland,1992,1A1A,ABFLOW002,Natural gas,,,0.0
Ireland,1992,1A1A,ABFLOW002,Oil,,,0.0
Ireland,1992,1A1A1,ABFLOW003,Coal,,,0.0
Ireland,1992,1A1A1,ABFLOW003,Natural gas,,,0.0
Ireland,1992,1A1A1,ABFLOW003,Oil,,,0.0
Ireland,1992,1A1A2,ABFLOW004,Coal,,,0.0
Ireland,1992,1A1A2,ABFLOW004,Natural gas,,,0.0
Ireland,1992,1A1A2,ABFLOW004,Oil,,,0.0
Ireland,1992,1A1A3,ABFLOW005,Coal,,,0.0
Ireland,1992,1A1A3,ABFLOW005,Natural gas,,,0.0
Ireland,1992,1A1A3,ABFLOW005,Oil,,,0.0
Ireland,1992,1A1B,ABFLOW011,Coal,,,0.0
Ireland,1992,1A1B,ABFLOW011,Natural gas,,,0.0
Ireland,1992,1A1B,ABFLOW011,Oil,,,0.0
Ireland,1992,1A1C,ABFLOW011,Coal,,,0.0
Ireland,1992,1A1C,ABFLOW011,Natural gas,,,0.0
Ireland,1992,1A1C,ABFLOW011,Oil,,,0.0
Ireland,1992,1A2,ABFLOW012,Coal,,,0.0
Ireland,1992,1A2,ABFLOW012,Natural gas,,,0.0
Ireland,1992,1A2,ABFLOW012,Oil,,,0.0
Ireland,1992,1A2A,ABFLOW016,Coal,,,0.0
Ireland,1992,1A2A,ABFLOW016,Natural gas,,,0.0
Ireland,1992,1A2A,ABFLOW016,Oil,,,0.0
Ireland,1992,1A2B,ABFLOW018,Coal,,,0.0
Ireland,1992,1A2B,ABFLOW018,Natural gas,,,0.0
Ireland,1992,1A2B,ABFLOW018,Oil,,,0.0
Ireland,1992,1A2C,ABFLOW017,Coal,,,0.0
Ireland,1992,1A2C,ABFLOW017,Natural gas,,,0.0
Ireland,1992,1A2C,ABFLOW017,Oil,,,0.0
Ireland,1992,1A2D,ABFLOW023,Coal,,,0.0
Ireland,1992,1A2D,ABFLOW023,Natural gas,,,0.0
Ireland,1992,1A2D,ABFLOW023,Oil,,,0.0
Ireland,1992,1A2E,ABFLOW022,Coal,,,0.0
Ireland,1992,1A2E,ABFLOW022,Natural gas,,,0.0
Ireland,1992,1A2E,ABFLOW022,Oil,,,0.0
Ireland,1992,1A2F,ABFLOW019,Coal,,,0.0
Ireland,1992,1A2F,ABFLOW019,Natural gas,,,0.0
Ireland,1992,1A2F,ABFLOW019,Oil,,,0.0
Ireland,1992,1A2G,ABFLOW020,Coal,,,0.0
Ireland,1992,1A2G,ABFLOW020,Natural gas,,,0.0
Ireland,1992,1A2G,ABFLOW020,Oil,,,0.0
Ireland,1992,1A2H,ABFLOW021,Coal,,,0.0
Ireland,1992,1A2H,ABFLOW021,Natural gas,,,0.0
Ireland,1992,1A2H,ABFLOW021,Oil,,,0.0
Ireland,1992,1A2I,ABFLOW013,Coal,,,0.0
Ireland,1992,1A2I,ABFLOW013,Natural gas,,,0.0
Ireland,1992,1A2I,ABFLOW013,Oil,,,0.0
Ireland,1992,1A2J,ABFLOW024,Coal,,,0.0
Ireland,1992,1A2J,ABFLOW024,Natural gas,,,0.0
Ireland,1992,1A2J,ABFLOW024,Oil,,,0.0
Ireland,1992,1A2K,ABFLOW014,Coal,,,0.0
Ireland,1992,1A2K,ABFLOW014,Natural gas,,,0.0
Ireland,1992,1A2K,ABFLOW014,Oil,,,0.0
Ireland,1992,1A2L,ABFLOW025,Coal,,,0.0
Ireland,1992,1A2L,ABFLOW025,Natural gas,,,0.0
Ireland,1992,1A2L,ABFLOW025,Oil,,,0.0
Ireland,1992,1A2M,ABFLOW026,Coal,,,0.0
Ireland,1992,1A2M,ABFLOW026,Natural gas,,,0.0
Ireland,1992,1A2M,ABFLOW026,Oil,,,0.0
Ireland,1992,1A3,ABFLOW027,Coal,,,0.0
Ireland,1992,1A3,ABFLOW027,Natural gas,,,0.0
Ireland,1992,1A3,ABFLOW027,Oil,,,0.0
Ireland,1992,1A3A1,ABFLOW040,Coal,,,0.0
Ireland,1992,1A3A1,ABFLOW040,Natural gas,,,0.0
Ireland,1992,1A3A1,ABFLOW040,Oil,,,0.0
Ireland,1992,1A3A2,ABFLOW029,Coal,,,0.0
Ireland,1992,1A3A2,ABFLOW029,Natural gas,,,0.0
Ireland,1992,1A3A2,ABFLOW029,Oil,,,0.0
Ireland,1992,1A3B,ABFLOW028,Coal,,,0.0
Ireland,1992,1A3B,ABFLOW028,Natural gas,,,0.0
Ireland,1992,1A3B,ABFLOW028,Oil,,,0.0
Ireland,1992,1A3C,ABFLOW030,Coal,,,0.0
Ireland,1992,1A3C,ABFLOW030,Natural gas,,,0.0
Ireland,1992,1A3C,ABFLOW030,Oil,,,0.0
Ireland,1992,1A3D1,ABFLOW039,Coal,,,0.0
Ireland,1992,1A3D1,ABFLOW039,Natural gas,,,0.0
Ireland,1992,1A3D1,ABFLOW039,Oil,,,0.0
Ireland,1992,1A3D2,ABFLOW032,Coal,,,0.0
Ireland,1992,1A3D2,ABFLOW032,Natural gas,,,0.0
Ireland,1992,1A3D2,ABFLOW032,Oil,,,0.0
Ireland,1992,1A3E1,ABFLOW033,Coal,,,0.0
Ireland,1992,1A3E1,ABFLOW033,Natural gas,,,0.0
Ireland,1992,1A3E1,ABFLOW033,Oil,,,0.0
Ireland,1992,1A4A,ABFLOW035,Coal,,,0.0
Ireland,1992,1A4A,ABFLOW035,Natural gas,,,0.0
Ireland,1992,1A4A,ABFLOW035,Oil,,,0.0
Ireland,1992,1A4B,ABFLOW034,Coal,,,0.0
Ireland,1992,1A4B,ABFLOW034,Natural gas,,,0.0
Ireland,1992,1A4B,ABFLOW034,Oil,,,0.0
Ireland,1992,1A4C1,ABFLOW036,Coal,,,0.0
Ireland,1992,1A4C1,ABFLOW036,Natural gas,,,0.0
Ireland,1992,1A4C1,ABFLOW036,Oil,,,0.0
Ireland,1992,1A4C2,ABFLOW037,Coal,,,0.0
Ireland,1992,1A4C2,ABFLOW037,Natural gas,,,0.0
Ireland,1992,1A4C2,ABFLOW037,Oil,,,0.0
Ireland,1992,1A5,ABFLOW038,Coal,,,0.0
Ireland,1992,1A5,ABFLOW038,Natural gas,,,0.0
Ireland,1992,1A5,ABFLOW038,Oil,,,0.0
Ireland,1993,1A,ABFLOW001,Coal,,,0.0
Ireland,1993,1A,ABFLOW001,Natural gas,,,0.0
Ireland,1993,1A,ABFLOW001,Oil,,,0.0
Ireland,1993,1A1A,ABFLOW002,Coal,,,0.0
Ireland,1993,1A1A,ABFLOW002,Natural gas,,,0.0
Ireland,1993,1A1A,ABFLOW002,Oil,,,0.0
Ireland,1993,1A1A1,ABFLOW003,Coal,,,0.0
Ireland,1993,1A1A1,ABFLOW003,Natural gas,,,0.0
Ireland,1993,1A1A1,ABFLOW003,Oil,,,0.0
Ireland,1993,1A1A2,ABFLOW004,Coal,,,0.0
Ireland,1993,1A1A2,ABFLOW004,Natural gas,,,0.0
Ireland,1993,1A1A2,ABFLOW004,Oil,,,0.0
Ireland,1993,1A1A3,ABFLOW005,Coal,,,0.0
Ireland,1993,1A1A3,ABFLOW005,Natural gas,,,0.0
Ireland,1993,1A1A3,ABFLOW005,Oil,,,0.0
Ireland,1993,1A1B,ABFLOW011,Coal,,,0.0
Ireland,1993,1A1B,ABFLOW011,Natural gas,,,0.0
Ireland,1993,1A1B,ABFLOW011,Oil,,,0.0
Ireland,1993,1A1C,ABFLOW011,Coal,,,0.0
Ireland,1993,1A1C,ABFLOW011,Natural gas,,,0.0
Ireland,1993,1A1C,ABFLOW011,Oil,,,0.0
Ireland,1993,1A2,ABFLOW012,Coal,,,0.0
Ireland,1993,1A2,ABFLOW012,Natural gas,,,0.0
Ireland,1993,1A2,ABFLOW012,Oil,,,0.0
Ireland,1993,1A2A,ABFLOW016,Coal,,,0.0
Ireland,1993,1A2A,ABFLOW016,Natural gas,,,0.0
Ireland,1993,1A2A,ABFLOW016,Oil,,,0.0
Ireland,1993,1A2B,ABFLOW018,Coal,,,0.0
Ireland,1993,1A2B,ABFLOW018,Natural gas,,,0.0
Ireland,1993,1A2B,ABFLOW018,Oil,,,0.0
Ireland,1993,1A2C,ABFLOW017,Coal,,,0.0
Ireland,1993,1A2C,ABFLOW017,Natural gas,,,0.0
Ireland,1993,1A2C,ABFLOW017,Oil,,,0.0
Ireland,1993,1A2D,ABFLOW023,Coal,,,0.0
Ireland,1993,1A2D,ABFLOW023,Natural gas,,,0.0
Ireland,1993,1A2D,ABFLOW023,Oil,,,0.0
Ireland,1993,1A2E,ABFLOW022,Coal,,,0.0
Ireland,1993,1A2E,ABFLOW022,Natural gas,,,0.0
Ireland,1993,1A2E,ABFLOW022,Oil,,,0.0
Ireland,1993,1A2F,ABFLOW019,Coal,,,0.0
Ireland,1993,1A2F,ABFLOW019,Natural gas,,,0.0
Ireland,1993,1A2F,ABFLOW019,Oil,,,0.0
Ireland,1993,1A2G,ABFLOW020,Coal,,,0.0
Ireland,1993,1A2G,ABFLOW020,Natural gas,,,0.0
Ireland,1993,1A2G,ABFLOW020,Oil,,,0.0
Ireland,1993,1A2H,ABFLOW021,Coal,,,0.0
Ireland,1993,1A2H,ABFLOW021,Natural gas,,,0.0
Ireland,1993,1A2H,ABFLOW021,Oil,,,0.0
Ireland,1993,1A2I,ABFLOW013,Coal,,,0.0
Ireland,1993,1A2I,ABFLOW013,Natural gas,,,0.0
Ireland,1993,1A2I,ABFLOW013,Oil,,,0.0
Ireland,1993,1A2J,ABFLOW024,Coal,,,0.0
Ireland,1993,1A2J,ABFLOW024,Natural gas,,,0.0
Ireland,1993,1A2J,ABFLOW024,Oil,,,0.0
Ireland,1993,1A2K,ABFLOW014,Coal,,,0.0
Ireland,1993,1A2K,ABFLOW014,Natural gas,,,0.0
Ireland,1993,1A2K,ABFLOW014,Oil,,,0.0
Ireland,1993,1A2L,ABFLOW025,Coal,,,0.0
Ireland,1993,1A2L,ABFLOW025,Natural gas,,,0.0
Ireland,1993,1A2L,ABFLOW025,Oil,,,0.0
Ireland,1993,1A2M,ABFLOW026,Coal,,,0.0
Ireland,1993,1A2M,ABFLOW026,Natural gas,,,0.0
Ireland,1993,1A2M,ABFLOW026,Oil,,,0.0
Ireland,1993,1A3,ABFLOW027,Coal,,,0.0
Ireland,1993,1A3,ABFLOW027,Natural gas,,,0.0
Ireland,1993,1A3,ABFLOW027,Oil,,,0.0
Ireland,1993,1A3A1,ABFLOW040,Coal,,,0.0
Ireland,1993,1A3A1,ABFLOW040,Natural gas,,,0.0
Ireland,1993,1A3A1,ABFLOW040,Oil,,,0.0
Ireland,1993,1A3A2,ABFLOW029,Coal,,,0.0
Ireland,1993,1A3A2,ABFLOW029,Natural gas,,,0.0
Ireland,1993,1A3A2,ABFLOW029,Oil,,,0.0
Ireland,1993,1A3B,ABFLOW028,Coal,,,0.0
Ireland,1993,1A3B,ABFLOW028,Natural gas,,,0.0
Ireland,1993,1A3B,ABFLOW028,Oil,,,0.0
Ireland,1993,1A3C,ABFLOW030,Coal,,,0.0
Ireland,1993,1A3C,ABFLOW030,Natural gas,,,0.0
Ireland,1993,1A3C,ABFLOW030,Oil,,,0.0
Ireland,1993,1A3D1,ABFLOW039,Coal,,,0.0
Ireland,1993,1A3D1,ABFLOW039,Natural gas,,,0.0
Ireland,1993,1A3D1,ABFLOW039,Oil,,,0.0
Ireland,1993,1A3D2,ABFLOW032,Coal,,,0.0
Ireland,1993,1A3D2,ABFLOW032,Natural gas,,,0.0
Ireland,1993,1A3D2,ABFLOW032,Oil,,,0.0
Ireland,1993,1A3E1,ABFLOW033,Coal,,,0.0
Ireland,1993,1A3E1,ABFLOW033,Natural gas,,,0.0
Ireland,1993,1A3E1,ABFLOW033,Oil,,,0.0
Ireland,1993,1A4A,ABFLOW035,Coal,,,0.0
Ireland,1993,1A4A,ABFLOW035,Natural gas,,,0.0
Ireland,1993,1A4A,ABFLOW035,Oil,,,0.0
Ireland,1993,1A4B,ABFLOW034,Coal,,,0.0
Ireland,1993,1A4B,ABFLOW034,Natural gas,,,0.0
Ireland,1993,1A4B,ABFLOW034,Oil,,,0.0
Ireland,1993,1A4C1,ABFLOW036,Coal,,,0.0
Ireland,1993,1A4C1,ABFLOW036,Natural gas,,,0.0
Ireland,1993,1A4C1,ABFLOW036,Oil,,,0.0
Ireland,1993,1A4C2,ABFLOW037,Coal,,,0.0
Ireland,1993,1A4C2,ABFLOW037,Natural gas,,,0.0
Ireland,1993,1A4C2,ABFLOW037,Oil,,,0.0
Ireland,1993,1A5,ABFLOW038,Coal,,,0.0
Ireland,1993,1A5,ABFLOW038,Natural gas,,,0.0
Ireland,1993,1A5,ABFLOW038,Oil,,,0.0
Ireland,1994,1A,ABFLOW001,Coal,,,0.0
Ireland,1994,1A,ABFLOW001,Natural gas,,,0.0
Ireland,1994,1A,ABFLOW001,Oil,,,0.0
Ireland,1994,1A1A,ABFLOW002,Coal,,,0.0
Ireland,1994,1A1A,ABFLOW002,Natural gas,,,0.0
Ireland,1994,1A1A,ABFLOW002,Oil,,,0.0
Ireland,1994,1A1A1,ABFLOW003,Coal,,,0.0
Ireland,1994,1A1A1,ABFLOW003,Natural gas,,,0.0
Ireland,1994,1A1A1,ABFLOW003,Oil,,,0.0
Ireland,1994,1A1A2,ABFLOW004,Coal,,,0.0
Ireland,1994,1A1A2,ABFLOW004,Natural gas,,,0.0
Ireland,1994,1A1A2,ABFLOW004,Oil,,,0.0
Ireland,1994,1A1A3,ABFLOW005,Coal,,,0.0
Ireland,1994,1A1A3,ABFLOW005,Natural gas,,,0.0
Ireland,1994,1A1A3,ABFLOW005,Oil,,,0.0
Ireland,1994,1A1B,ABFLOW011,Coal,,,0.0
Ireland,1994,1A1B,ABFLOW011,Natural gas,,,0.0
Ireland,1994,1A1B,ABFLOW011,Oil,,,0.0
Ireland,1994,1A1C,ABFLOW011,Coal,,,0.0
Ireland,1994,1A1C,ABFLOW011,Natural gas,,,0.0
Ireland,1994,1A1C,ABFLOW011,Oil,,,0.0
Ireland,1994,1A2,ABFLOW012,Coal,,,0.0
Ireland,1994,1A2,ABFLOW012,Natural gas,,,0.0
Ireland,1994,1A2,ABFLOW012,Oil,,,0.0
Ireland,1994,1A2A,ABFLOW016,Coal,,,0.0
Ireland,1994,1A2A,ABFLOW016,Natural gas,,,0.0
Ireland,1994,1A2A,ABFLOW016,Oil,,,0.0
Ireland,1994,1A2B,ABFLOW018,Coal,,,0.0
Ireland,1994,1A2B,ABFLOW018,Natural gas,,,0.0
Ireland,1994,1A2B,ABFLOW018,Oil,,,0.0
Ireland,1994,1A2C,ABFLOW017,Coal,,,0.0
Ireland,1994,1A2C,ABFLOW017,Natural gas,,,0.0
Ireland,1994,1A2C,ABFLOW017,Oil,,,0.0
Ireland,1994,1A2D,ABFLOW023,Coal,,,0.0
Ireland,1994,1A2D,ABFLOW023,Natural gas,,,0.0
Ireland,1994,1A2D,ABFLOW023,Oil,,,0.0
Ireland,1994,1A2E,ABFLOW022,Coal,,,0.0
Ireland,1994,1A2E,ABFLOW022,Natural gas,,,0.0
Ireland,1994,1A2E,ABFLOW022,Oil,,,0.0
Ireland,1994,1A2F,ABFLOW019,Coal,,,0.0
Ireland,1994,1A2F,ABFLOW019,Natural gas,,,0.0
Ireland,1994,1A2F,ABFLOW019,Oil,,,0.0
Ireland,1994,1A2G,ABFLOW020,Coal,,,0.0
Ireland,1994,1A2G,ABFLOW020,Natural gas,,,0.0
Ireland,1994,1A2G,ABFLOW020,Oil,,,0.0
Ireland,1994,1A2H,ABFLOW021,Coal,,,0.0
Ireland,1994,1A2H,ABFLOW021,Natural gas,,,0.0
Ireland,1994,1A2H,ABFLOW021,Oil,,,0.0
Ireland,1994,1A2I,ABFLOW013,Coal,,,0.0
Ireland,1994,1A2I,ABFLOW013,Natural gas,,,0.0
Ireland,1994,1A2I,ABFLOW013,Oil,,,0.0
Ireland,1994,1A2J,ABFLOW024,Coal,,,0.0
Ireland,1994,1A2J,ABFLOW024,Natural gas,,,0.0
Ireland,1994,1A2J,ABFLOW024,Oil,,,0.0
Ireland,1994,1A2K,ABFLOW014,Coal,,,0.0
Ireland,1994,1A2K,ABFLOW014,Natural gas,,,0.0
Ireland,1994,1A2K,ABFLOW014,Oil,,,0.0
Ireland,1994,1A2L,ABFLOW025,Coal,,,0.0
Ireland,1994,1A2L,ABFLOW025,Natural gas,,,0.0
Ireland,1994,1A2L,ABFLOW025,Oil,,,0.0
Ireland,1994,1A2M,ABFLOW026,Coal,,,0.0
Ireland,1994,1A2M,ABFLOW026,Natural gas,,,0.0
Ireland,1994,1A2M,ABFLOW026,Oil,,,0.0
Ireland,1994,1A3,ABFLOW027,Coal,,,0.0
Ireland,1994,1A3,ABFLOW027,Natural gas,,,0.0
Ireland,1994,1A3,ABFLOW027,Oil,,,0.0
Ireland,1994,1A3A1,ABFLOW040,Coal,,,0.0
Ireland,1994,1A3A1,ABFLOW040,Natural gas,,,0.0
Ireland,1994,1A3A1,ABFLOW040,Oil,,,0.0
Ireland,1994,1A3A2,ABFLOW029,Coal,,,0.0
Ireland,1994,1A3A2,ABFLOW029,Natural gas,,,0.0
Ireland,1994,1A3A2,ABFLOW029,Oil,,,0.0
Ireland,1994,1A3B,ABFLOW028,Coal,,,0.0
Ireland,1994,1A3B,ABFLOW028,Natural gas,,,0.0
Ireland,1994,1A3B,ABFLOW028,Oil,,,0.0
Ireland,1994,1A3C,ABFLOW030,Coal,,,0.0
Ireland,1994,1A3C,ABFLOW030,Natural gas,,,0.0
Ireland,1994,1A3C,ABFLOW030,Oil,,,0.0
Ireland,1994,1A3D1,ABFLOW039,Coal,,,0.0
Ireland,1994,1A3D1,ABFLOW039,Natural gas,,,0.0
Ireland,1994,1A3D1,ABFLOW039,Oil,,,0.0
Ireland,1994,1A3D2,ABFLOW032,Coal,,,0.0
Ireland,1994,1A3D2,ABFLOW032,Natural gas,,,0.0
Ireland,1994,1A3D2,ABFLOW032,Oil,,,0.0
Ireland,1994,1A3E1,ABFLOW033,Coal,,,0.0
Ireland,1994,1A3E1,ABFLOW033,Natural gas,,,0.0
Ireland,1994,1A3E1,ABFLOW033,Oil,,,0.0
Ireland,1994,1A4A,ABFLOW035,Coal,,,0.0
Ireland,1994,1A4A,ABFLOW035,Natural gas,,,0.0
Ireland,1994,1A4A,ABFLOW035,Oil,,,0.0
Ireland,1994,1A4B,ABFLOW034,Coal,,,0.0
Ireland,1994,1A4B,ABFLOW034,Natural gas,,,0.0
Ireland,1994,1A4B,ABFLOW034,Oil,,,0.0
Ireland,1994,1A4C1,ABFLOW036,Coal,,,0.0
Ireland,1994,1A4C1,ABFLOW036,Natural gas,,,0.0
Ireland,1994,1A4C1,ABFLOW036,Oil,,,0.0
Ireland,1994,1A4C2,ABFLOW037,Coal,,,0.0
Ireland,1994,1A4C2,ABFLOW037,Natural gas,,,0.0
Ireland,1994,1A4C2,ABFLOW037,Oil,,,0.0
Ireland,1994,1A5,ABFLOW038,Coal,,,0.0
Ireland,1994,1A5,ABFLOW038,Natural gas,,,0.0
Ireland,1994,1A5,ABFLOW038,Oil,,,0.0
Ireland,1995,1A,ABFLOW001,Coal,,,0.0
Ireland,1995,1A,ABFLOW001,Natural gas,,,0.0
Ireland,1995,1A,ABFLOW001,Oil,,,0.0
Ireland,1995,1A1A,ABFLOW002,Coal,,,0.0
Ireland,1995,1A1A,ABFLOW002,Natural gas,,,0.0
Ireland,1995,1A1A,ABFLOW002,Oil,,,0.0
Ireland,1995,1A1A1,ABFLOW003,Coal,,,0.0
Ireland,1995,1A1A1,ABFLOW003,Natural gas,,,0.0
Ireland,1995,1A1A1,ABFLOW003,Oil,,,0.0
Ireland,1995,1A1A2,ABFLOW004,Coal,,,0.0
Ireland,1995,1A1A2,ABFLOW004,Natural gas,,,0.0
Ireland,1995,1A1A2,ABFLOW004,Oil,,,0.0
Ireland,1995,1A1A3,ABFLOW005,Coal,,,0.0
Ireland,1995,1A1A3,ABFLOW005,Natural gas,,,0.0
Ireland,1995,1A1A3,ABFLOW005,Oil,,,0.0
Ireland,1995,1A1B,ABFLOW011,Coal,,,0.0
Ireland,1995,1A1B,ABFLOW011,Natural gas,,,0.0
Ireland,1995,1A1B,ABFLOW011,Oil,,,0.0
Ireland,1995,1A1C,ABFLOW011,Coal,,,0.0
Ireland,1995,1A1C,ABFLOW011,Natural gas,,,0.0
Ireland,1995,1A1C,ABFLOW011,Oil,,,0.0
Ireland,1995,1A2,ABFLOW012,Coal,,,0.0
Ireland,1995,1A2,ABFLOW012,Natural gas,,,0.0
Ireland,1995,1A2,ABFLOW012,Oil,,,0.0
Ireland,1995,1A2A,ABFLOW016,Coal,,,0.0
Ireland,1995,1A2A,ABFLOW016,Natural gas,,,0.0
Ireland,1995,1A2A,ABFLOW016,Oil,,,0.0
Ireland,1995,1A2B,ABFLOW018,Coal,,,0.0
Ireland,1995,1A2B,ABFLOW018,Natural gas,,,0.0
Ireland,1995,1A2B,ABFLOW018,Oil,,,0.0
Ireland,1995,1A2C,ABFLOW017,Coal,,,0.0
Ireland,1995,1A2C,ABFLOW017,Natural gas,,,0.0
Ireland,1995,1A2C,ABFLOW017,Oil,,,0.0
Ireland,1995,1A2D,ABFLOW023,Coal,,,0.0
Ireland,1995,1A2D,ABFLOW023,Natural gas,,,0.0
Ireland,1995,1A2D,ABFLOW023,Oil,,,0.0
Ireland,1995,1A2E,ABFLOW022,Coal,,,0.0
Ireland,1995,1A2E,ABFLOW022,Natural gas,,,0.0
Ireland,1995,1A2E,ABFLOW022,Oil,,,0.0
Ireland,1995,1A2F,ABFLOW019,Coal,,,0.0
Ireland,1995,1A2F,ABFLOW019,Natural gas,,,0.0
Ireland,1995,1A2F,ABFLOW019,Oil,,,0.0
Ireland,1995,1A2G,ABFLOW020,Coal,,,0.0
Ireland,1995,1A2G,ABFLOW020,Natural gas,,,0.0
Ireland,1995,1A2G,ABFLOW020,Oil,,,0.0
Ireland,1995,1A2H,ABFLOW021,Coal,,,0.0
Ireland,1995,1A2H,ABFLOW021,Natural gas,,,0.0
Ireland,1995,1A2H,ABFLOW021,Oil,,,0.0
Ireland,1995,1A2I,ABFLOW013,Coal,,,0.0
Ireland,1995,1A2I,ABFLOW013,Natural gas,,,0.0
Ireland,1995,1A2I,ABFLOW013,Oil,,,0.0
Ireland,1995,1A2J,ABFLOW024,Coal,,,0.0
Ireland,1995,1A2J,ABFLOW024,Natural gas,,,0.0
Ireland,1995,1A2J,ABFLOW024,Oil,,,0.0
Ireland,1995,1A2K,ABFLOW014,Coal,,,0.0
Ireland,1995,1A2K,ABFLOW014,Natural gas,,,0.0
Ireland,1995,1A2K,ABFLOW014,Oil,,,0.0
Ireland,1995,1A2L,ABFLOW025,Coal,,,0.0
Ireland,1995,1A2L,ABFLOW025,Natural gas,,,0.0
Ireland,1995,1A2L,ABFLOW025,Oil,,,0.0
Ireland,1995,1A2M,ABFLOW026,Coal,,,0.0
Ireland,1995,1A2M,ABFLOW026,Natural gas,,,0.0
Ireland,1995,1A2M,ABFLOW026,Oil,,,0.0
Ireland,1995,1A3,ABFLOW027,Coal,,,0.0
Ireland,1995,1A3,ABFLOW027,Natural gas,,,0.0
Ireland,1995,1A3,ABFLOW027,Oil,,,0.0
Ireland,1995,1A3A1,ABFLOW040,Coal,,,0.0
Ireland,1995,1A3A1,ABFLOW040,Natural gas,,,0.0
Ireland,1995,1A3A1,ABFLOW040,Oil,,,0.0
Ireland,1995,1A3A2,ABFLOW029,Coal,,,0.0
Ireland,1995,1A3A2,ABFLOW029,Natural gas,,,0.0
Ireland,1995,1A3A2,ABFLOW029,Oil,,,0.0
Ireland,1995,1A3B,ABFLOW028,Coal,,,0.0
Ireland,1995,1A3B,ABFLOW028,Natural gas,,,0.0
Ireland,1995,1A3B,ABFLOW028,Oil,,,0.0
Ireland,1995,1A3C,ABFLOW030,Coal,,,0.0
Ireland,1995,1A3C,ABFLOW030,Natural gas,,,0.0
Ireland,1995,1A3C,ABFLOW030,Oil,,,0.0
Ireland,1995,1A3D1,ABFLOW039,Coal,,,0.0
Ireland,1995,1A3D1,ABFLOW039,Natural gas,,,0.0
Ireland,1995,1A3D1,ABFLOW039,Oil,,,0.0
Ireland,1995,1A3D2,ABFLOW032,Coal,,,0.0
Ireland,1995,1A3D2,ABFLOW032,Natural gas,,,0.0
Ireland,1995,1A3D2,ABFLOW032,Oil,,,0.0
Ireland,1995,1A3E1,ABFLOW033,Coal,,,0.0
Ireland,1995,1A3E1,ABFLOW033,Natural gas,,,0.0
Ireland,1995,1A3E1,ABFLOW033,Oil,,,0.0
Ireland,1995,1A4A,ABFLOW035,Coal,,,0.0
Ireland,1995,1A4A,ABFLOW035,Natural gas,,,0.0
Ireland,1995,1A4A,ABFLOW035,Oil,,,0.0
Ireland,1995,1A4B,ABFLOW034,Coal,,,0.0
Ireland,1995,1A4B,ABFLOW034,Natural gas,,,0.0
Ireland,1995,1A4B,ABFLOW034,Oil,,,0.0
Ireland,1995,1A4C1,ABFLOW036,Coal,,,0.0
Ireland,1995,1A4C1,ABFLOW036,Natural gas,,,0.0
Ireland,1995,1A4C1,ABFLOW036,Oil,,,0.0
Ireland,1995,1A4C2,ABFLOW037,Coal,,,0.0
Ireland,1995,1A4C2,ABFLOW037,Natural gas,,,0.0
Ireland,1995,1A4C2,ABFLOW037,Oil,,,0.0
Ireland,1995,1A5,ABFLOW038,Coal,,,0.0
Ireland,1995,1A5,ABFLOW038,Natural gas,,,0.0
Ireland,1995,1A5,ABFLOW038,Oil,,,0.0
Ireland,1996,1A,ABFLOW001,Coal,,,0.0
Ireland,1996,1A,ABFLOW001,Natural gas,,,0.0
Ireland,1996,1A,ABFLOW001,Oil,,,0.0
Ireland,1996,1A1A,ABFLOW002,Coal,,,0.0
Ireland,1996,1A1A,ABFLOW002,Natural gas,,,0.0
Ireland,1996,1A1A,ABFLOW002,Oil,,,0.0
Ireland,1996,1A1A1,ABFLOW003,Coal,,,0.0
Ireland,1996,1A1A1,ABFLOW003,Natural gas,,,0.0
Ireland,1996,1A1A1,ABFLOW003,Oil,,,0.0
Ireland,1996,1A1A2,ABFLOW004,Coal,,,0.0
Ireland,1996,1A1A2,ABFLOW004,Natural gas,,,0.0
Ireland,1996,1A1A2,ABFLOW004,Oil,,,0.0
Ireland,1996,1A1A3,ABFLOW005,Coal,,,0.0
Ireland,1996,1A1A3,ABFLOW005,Natural gas,,,0.0
Ireland,1996,1A1A3,ABFLOW005,Oil,,,0.0
Ireland,1996,1A1B,ABFLOW011,Coal,,,0.0
Ireland,1996,1A1B,ABFLOW011,Natural gas,,,0.0
Ireland,1996,1A1B,ABFLOW011,Oil,,,0.0
Ireland,1996,1A1C,ABFLOW011,Coal,,,0.0
Ireland,1996,1A1C,ABFLOW011,Natural gas,,,0.0
Ireland,1996,1A1C,ABFLOW011,Oil,,,0.0
Ireland,1996,1A2,ABFLOW012,Coal,,,0.0
Ireland,1996,1A2,ABFLOW012,Natural gas,,,0.0
Ireland,1996,1A2,ABFLOW012,Oil,,,0.0
Ireland,1996,1A2A,ABFLOW016,Coal,,,0.0
Ireland,1996,1A2A,ABFLOW016,Natural gas,,,0.0
Ireland,1996,1A2A,ABFLOW016,Oil,,,0.0
Ireland,1996,1A2B,ABFLOW018,Coal,,,0.0
Ireland,1996,1A2B,ABFLOW018,Natural gas,,,0.0
Ireland,1996,1A2B,ABFLOW018,Oil,,,0.0
Ireland,1996,1A2C,ABFLOW017,Coal,,,0.0
Ireland,1996,1A2C,ABFLOW017,Natural gas,,,0.0
Ireland,1996,1A2C,ABFLOW017,Oil,,,0.0
Ireland,1996,1A2D,ABFLOW023,Coal,,,0.0
Ireland,1996,1A2D,ABFLOW023,Natural gas,,,0.0
Ireland,1996,1A2D,ABFLOW023,Oil,,,0.0
Ireland,1996,1A2E,ABFLOW022,Coal,,,0.0
Ireland,1996,1A2E,ABFLOW022,Natural gas,,,0.0
Ireland,1996,1A2E,ABFLOW022,Oil,,,0.0
Ireland,1996,1A2F,ABFLOW019,Coal,,,0.0
Ireland,1996,1A2F,ABFLOW019,Natural gas,,,0.0
Ireland,1996,1A2F,ABFLOW019,Oil,,,0.0
Ireland,1996,1A2G,ABFLOW020,Coal,,,0.0
Ireland,1996,1A2G,ABFLOW020,Natural gas,,,0.0
Ireland,1996,1A2G,ABFLOW020,Oil,,,0.0
Ireland,1996,1A2H,ABFLOW021,Coal,,,0.0
Ireland,1996,1A2H,ABFLOW021,Natural gas,,,0.0
Ireland,1996,1A2H,ABFLOW021,Oil,,,0.0
Ireland,1996,1A2I,ABFLOW013,Coal,,,0.0
Ireland,1996,1A2I,ABFLOW013,Natural gas,,,0.0
Ireland,1996,1A2I,ABFLOW013,Oil,,,0.0
Ireland,1996,1A2J,ABFLOW024,Coal,,,0.0
Ireland,1996,1A2J,ABFLOW024,Natural gas,,,0.0
Ireland,1996,1A2J,ABFLOW024,Oil,,,0.0
Ireland,1996,1A2K,ABFLOW014,Coal,,,0.0
Ireland,1996,1A2K,ABFLOW014,Natural gas,,,0.0
Ireland,1996,1A2K,ABFLOW014,Oil,,,0.0
Ireland,1996,1A2L,ABFLOW025,Coal,,,0.0
Ireland,1996,1A2L,ABFLOW025,Natural gas,,,0.0
Ireland,1996,1A2L,ABFLOW025,Oil,,,0.0
Ireland,1996,1A2M,ABFLOW026,Coal,,,0.0
Ireland,1996,1A2M,ABFLOW026,Natural gas,,,0.0
Ireland,1996,1A2M,ABFLOW026,Oil,,,0.0
Ireland,1996,1A3,ABFLOW027,Coal,,,0.0
Ireland,1996,1A3,ABFLOW027,Natural gas,,,0.0
Ireland,1996,1A3,ABFLOW027,Oil,,,0.0
Ireland,1996,1A3A1,ABFLOW040,Coal,,,0.0
Ireland,1996,1A3A1,ABFLOW040,Natural gas,,,0.0
Ireland,1996,1A3A1,ABFLOW040,Oil,,,0.0
Ireland,1996,1A3A2,ABFLOW029,Coal,,,0.0
Ireland,1996,1A3A2,ABFLOW029,Natural gas,,,0.0
Ireland,1996,1A3A2,ABFLOW029,Oil,,,0.0
Ireland,1996,1A3B,ABFLOW028,Coal,,,0.0
Ireland,1996,1A3B,ABFLOW028,Natural gas,,,0.0
Ireland,1996,1A3B,ABFLOW028,Oil,,,0.0
Ireland,1996,1A3C,ABFLOW030,Coal,,,0.0
Ireland,1996,1A3C,ABFLOW030,Natural gas,,,0.0
Ireland,1996,1A3C,ABFLOW030,Oil,,,0.0
Ireland,1996,1A3D1,ABFLOW039,Coal,,,0.0
Ireland,1996,1A3D1,ABFLOW039,Natural gas,,,0.0
Ireland,1996,1A3D1,ABFLOW039,Oil,,,0.0
Ireland,1996,1A3D2,ABFLOW032,Coal,,,0.0
Ireland,1996,1A3D2,ABFLOW032,Natural gas,,,0.0
Ireland,1996,1A3D2,ABFLOW032,Oil,,,0.0
Ireland,1996,1A3E1,ABFLOW033,Coal,,,0.0
Ireland,1996,1A3E1,ABFLOW033,Natural gas,,,0.0
Ireland,1996,1A3E1,ABFLOW033,Oil,,,0.0
Ireland,1996,1A4A,ABFLOW035,Coal,,,0.0
Ireland,1996,1A4A,ABFLOW035,Natural gas,,,0.0
Ireland,1996,1A4A,ABFLOW035,Oil,,,0.0
Ireland,1996,1A4B,ABFLOW034,Coal,,,0.0
Ireland,1996,1A4B,ABFLOW034,Natural gas,,,0.0
Ireland,1996,1A4B,ABFLOW034,Oil,,,0.0
Ireland,1996,1A4C1,ABFLOW036,Coal,,,0.0
Ireland,1996,1A4C1,ABFLOW036,Natural gas,,,0.0
Ireland,1996,1A4C1,ABFLOW036,Oil,,,0.0
Ireland,1996,1A4C2,ABFLOW037,Coal,,,0.0
Ireland,1996,1A4C2,ABFLOW037,Natural gas,,,0.0
Ireland,1996,1A4C2,ABFLOW037,Oil,,,0.0
Ireland,1996,1A5,ABFLOW038,Coal,,,0.0
Ireland,1996,1A5,ABFLOW038,Natural gas,,,0.0
Ireland,1996,1A5,ABFLOW038,Oil,,,0.0
Ireland,1997,1A,ABFLOW001,Coal,,,0.0
Ireland,1997,1A,ABFLOW001,Natural gas,,,0.0
Ireland,1997,1A,ABFLOW001,Oil,,,0.0
Ireland,1997,1A1A,ABFLOW002,Coal,,,0.0
Ireland,1997,1A1A,ABFLOW002,Natural gas,,,0.0
Ireland,1997,1A1A,ABFLOW002,Oil,,,0.0
Ireland,1997,1A1A1,ABFLOW003,Coal,,,0.0
Ireland,1997,1A1A1,ABFLOW003,Natural gas,,,0.0
Ireland,1997,1A1A1,ABFLOW003,Oil,,,0.0
Ireland,1997,1A1A2,ABFLOW004,Coal,,,0.0
Ireland,1997,1A1A2,ABFLOW004,Natural gas,,,0.0
Ireland,1997,1A1A2,ABFLOW004,Oil,,,0.0
Ireland,1997,1A1A3,ABFLOW005,Coal,,,0.0
Ireland,1997,1A1A3,ABFLOW005,Natural gas,,,0.0
Ireland,1997,1A1A3,ABFLOW005,Oil,,,0.0
Ireland,1997,1A1B,ABFLOW011,Coal,,,0.0
Ireland,1997,1A1B,ABFLOW011,Natural gas,,,0.0
Ireland,1997,1A1B,ABFLOW011,Oil,,,0.0
Ireland,1997,1A1C,ABFLOW011,Coal,,,0.0
Ireland,1997,1A1C,ABFLOW011,Natural gas,,,0.0
Ireland,1997,1A1C,ABFLOW011,Oil,,,0.0
Ireland,1997,1A2,ABFLOW012,Coal,,,0.0
Ireland,1997,1A2,ABFLOW012,Natural gas,,,0.0
Ireland,1997,1A2,ABFLOW012,Oil,,,0.0
Ireland,1997,1A2A,ABFLOW016,Coal,,,0.0
Ireland,1997,1A2A,ABFLOW016,Natural gas,,,0.0
Ireland,1997,1A2A,ABFLOW016,Oil,,,0.0
Ireland,1997,1A2B,ABFLOW018,Coal,,,0.0
Ireland,1997,1A2B,ABFLOW018,Natural gas,,,0.0
Ireland,1997,1A2B,ABFLOW018,Oil,,,0.0
Ireland,1997,1A2C,ABFLOW017,Coal,,,0.0
Ireland,1997,1A2C,ABFLOW017,Natural gas,,,0.0
Ireland,1997,1A2C,ABFLOW017,Oil,,,0.0
Ireland,1997,1A2D,ABFLOW023,Coal,,,0.0
Ireland,1997,1A2D,ABFLOW023,Natural gas,,,0.0
Ireland,1997,1A2D,ABFLOW023,Oil,,,0.0
Ireland,1997,1A2E,ABFLOW022,Coal,,,0.0
Ireland,1997,1A2E,ABFLOW022,Natural gas,,,0.0
Ireland,1997,1A2E,ABFLOW022,Oil,,,0.0
Ireland,1997,1A2F,ABFLOW019,Coal,,,0.0
Ireland,1997,1A2F,ABFLOW019,Natural gas,,,0.0
Ireland,1997,1A2F,ABFLOW019,Oil,,,0.0
Ireland,1997,1A2G,ABFLOW020,Coal,,,0.0
Ireland,1997,1A2G,ABFLOW020,Natural gas,,,0.0
Ireland,1997,1A2G,ABFLOW020,Oil,,,0.0
Ireland,1997,1A2H,ABFLOW021,Coal,,,0.0
Ireland,1997,1A2H,ABFLOW021,Natural gas,,,0.0
Ireland,1997,1A2H,ABFLOW021,Oil,,,0.0
Ireland,1997,1A2I,ABFLOW013,Coal,,,0.0
Ireland,1997,1A2I,ABFLOW013,Natural gas,,,0.0
Ireland,1997,1A2I,ABFLOW013,Oil,,,0.0
Ireland,1997,1A2J,ABFLOW024,Coal,,,0.0
Ireland,1997,1A2J,ABFLOW024,Natural gas,,,0.0
Ireland,1997,1A2J,ABFLOW024,Oil,,,0.0
Ireland,1997,1A2K,ABFLOW014,Coal,,,0.0
Ireland,1997,1A2K,ABFLOW014,Natural gas,,,0.0
Ireland,1997,1A2K,ABFLOW014,Oil,,,0.0
Ireland,1997,1A2L,ABFLOW025,Coal,,,0.0
Ireland,1997,1A2L,ABFLOW025,Natural gas,,,0.0
Ireland,1997,1A2L,ABFLOW025,Oil,,,0.0
Ireland,1997,1A2M,ABFLOW026,Coal,,,0.0
Ireland,1997,1A2M,ABFLOW026,Natural gas,,,0.0
Ireland,1997,1A2M,ABFLOW026,Oil,,,0.0
Ireland,1997,1A3,ABFLOW027,Coal,,,0.0
Ireland,1997,1A3,ABFLOW027,Natural gas,,,0.0
Ireland,1997,1A3,ABFLOW027,Oil,,,0.0
Ireland,1997,1A3A1,ABFLOW040,Coal,,,0.0
Ireland,1997,1A3A1,ABFLOW040,Natural gas,,,0.0
Ireland,1997,1A3A1,ABFLOW040,Oil,,,0.0
Ireland,1997,1A3A2,ABFLOW029,Coal,,,0.0
Ireland,1997,1A3A2,ABFLOW029,Natural gas,,,0.0
Ireland,1997,1A3A2,ABFLOW029,Oil,,,0.0
Ireland,1997,1A3B,ABFLOW028,Coal,,,0.0
Ireland,1997,1A3B,ABFLOW028,Natural gas,,,0.0
Ireland,1997,1A3B,ABFLOW028,Oil,,,0.0
Ireland,1997,1A3C,ABFLOW030,Coal,,,0.0
Ireland,1997,1A3C,ABFLOW030,Natural gas,,,0.0
Ireland,1997,1A3C,ABFLOW030,Oil,,,0.0
Ireland,1997,1A3D1,ABFLOW039,Coal,,,0.0
Ireland,1997,1A3D1,ABFLOW039,Natural gas,,,0.0
Ireland,1997,1A3D1,ABFLOW039,Oil,,,0.0
Ireland,1997,1A3D2,ABFLOW032,Coal,,,0.0
Ireland,1997,1A3D2,ABFLOW032,Natural gas,,,0.0
Ireland,1997,1A3D2,ABFLOW032,Oil,,,0.0
Ireland,1997,1A3E1,ABFLOW033,Coal,,,0.0
Ireland,1997,1A3E1,ABFLOW033,Natural gas,,,0.0
Ireland,1997,1A3E1,ABFLOW033,Oil,,,0.0
Ireland,1997,1A4A,ABFLOW035,Coal,,,0.0
Ireland,1997,1A4A,ABFLOW035,Natural gas,,,0.0
Ireland,1997,1A4A,ABFLOW035,Oil,,,0.0
Ireland,1997,1A4B,ABFLOW034,Coal,,,0.0
Ireland,1997,1A4B,ABFLOW034,Natural gas,,,0.0
Ireland,1997,1A4B,ABFLOW034,Oil,,,0.0
Ireland,1997,1A4C1,ABFLOW036,Coal,,,0.0
Ireland,1997,1A4C1,ABFLOW036,Natural gas,,,0.0
Ireland,1997,1A4C1,ABFLOW036,Oil,,,0.0
Ireland,1997,1A4C2,ABFLOW037,Coal,,,0.0
Ireland,1997,1A4C2,ABFLOW037,Natural gas,,,0.0
Ireland,1997,1A4C2,ABFLOW037,Oil,,,0.0
Ireland,1997,1A5,ABFLOW038,Coal,,,0.0
Ireland,1997,1A5,ABFLOW038,Natural gas,,,0.0
Ireland,1997,1A5,ABFLOW038,Oil,,,0.0
Ireland,1998,1A,ABFLOW001,Coal,,,0.0
Ireland,1998,1A,ABFLOW001,Natural gas,,,0.0
Ireland,1998,1A,ABFLOW001,Oil,,,0.0
Ireland,1998,1A1A,ABFLOW002,Coal,,,0.0
Ireland,1998,1A1A,ABFLOW002,Natural gas,,,0.0
Ireland,1998,1A1A,ABFLOW002,Oil,,,0.0
Ireland,1998,1A1A1,ABFLOW003,Coal,,,0.0
Ireland,1998,1A1A1,ABFLOW003,Natural gas,,,0.0
Ireland,1998,1A1A1,ABFLOW003,Oil,,,0.0
Ireland,1998,1A1A2,ABFLOW004,Coal,,,0.0
Ireland,1998,1A1A2,ABFLOW004,Natural gas,,,0.0
Ireland,1998,1A1A2,ABFLOW004,Oil,,,0.0
Ireland,1998,1A1A3,ABFLOW005,Coal,,,0.0
Ireland,1998,1A1A3,ABFLOW005,Natural gas,,,0.0
Ireland,1998,1A1A3,ABFLOW005,Oil,,,0.0
Ireland,1998,1A1B,ABFLOW011,Coal,,,0.0
Ireland,1998,1A1B,ABFLOW011,Natural gas,,,0.0
Ireland,1998,1A1B,ABFLOW011,Oil,,,0.0
Ireland,1998,1A1C,ABFLOW011,Coal,,,0.0
Ireland,1998,1A1C,ABFLOW011,Natural gas,,,0.0
Ireland,1998,1A1C,ABFLOW011,Oil,,,0.0
Ireland,1998,1A2,ABFLOW012,Coal,,,0.0
Ireland,1998,1A2,ABFLOW012,Natural gas,,,0.0
Ireland,1998,1A2,ABFLOW012,Oil,,,0.0
Ireland,1998,1A2A,ABFLOW016,Coal,,,0.0
Ireland,1998,1A2A,ABFLOW016,Natural gas,,,0.0
Ireland,1998,1A2A,ABFLOW016,Oil,,,0.0
Ireland,1998,1A2B,ABFLOW018,Coal,,,0.0
Ireland,1998,1A2B,ABFLOW018,Natural gas,,,0.0
Ireland,1998,1A2B,ABFLOW018,Oil,,,0.0
Ireland,1998,1A2C,ABFLOW017,Coal,,,0.0
Ireland,1998,1A2C,ABFLOW017,Natural gas,,,0.0
Ireland,1998,1A2C,ABFLOW017,Oil,,,0.0
Ireland,1998,1A2D,ABFLOW023,Coal,,,0.0
Ireland,1998,1A2D,ABFLOW023,Natural gas,,,0.0
Ireland,1998,1A2D,ABFLOW023,Oil,,,0.0
Ireland,1998,1A2E,ABFLOW022,Coal,,,0.0
Ireland,1998,1A2E,ABFLOW022,Natural gas,,,0.0
Ireland,1998,1A2E,ABFLOW022,Oil,,,0.0
Ireland,1998,1A2F,ABFLOW019,Coal,,,0.0
Ireland,1998,1A2F,ABFLOW019,Natural gas,,,0.0
Ireland,1998,1A2F,ABFLOW019,Oil,,,0.0
Ireland,1998,1A2G,ABFLOW020,Coal,,,0.0
Ireland,1998,1A2G,ABFLOW020,Natural gas,,,0.0
Ireland,1998,1A2G,ABFLOW020,Oil,,,0.0
Ireland,1998,1A2H,ABFLOW021,Coal,,,0.0
Ireland,1998,1A2H,ABFLOW021,Natural gas,,,0.0
Ireland,1998,1A2H,ABFLOW021,Oil,,,0.0
Ireland,1998,1A2I,ABFLOW013,Coal,,,0.0
Ireland,1998,1A2I,ABFLOW013,Natural gas,,,0.0
Ireland,1998,1A2I,ABFLOW013,Oil,,,0.0
Ireland,1998,1A2J,ABFLOW024,Coal,,,0.0
Ireland,1998,1A2J,ABFLOW024,Natural gas,,,0.0
Ireland,1998,1A2J,ABFLOW024,Oil,,,0.0
Ireland,1998,1A2K,ABFLOW014,Coal,,,0.0
Ireland,1998,1A2K,ABFLOW014,Natural gas,,,0.0
Ireland,1998,1A2K,ABFLOW014,Oil,,,0.0
Ireland,1998,1A2L,ABFLOW025,Coal,,,0.0
Ireland,1998,1A2L,ABFLOW025,Natural gas,,,0.0
Ireland,1998,1A2L,ABFLOW025,Oil,,,0.0
Ireland,1998,1A2M,ABFLOW026,Coal,,,0.0
Ireland,1998,1A2M,ABFLOW026,Natural gas,,,0.0
Ireland,1998,1A2M,ABFLOW026,Oil,,,0.0
Ireland,1998,1A3,ABFLOW027,Coal,,,0.0
Ireland,1998,1A3,ABFLOW027,Natural gas,,,0.0
Ireland,1998,1A3,ABFLOW027,Oil,,,0.0
Ireland,1998,1A3A1,ABFLOW040,Coal,,,0.0
Ireland,1998,1A3A1,ABFLOW040,Natural gas,,,0.0
Ireland,1998,1A3A1,ABFLOW040,Oil,,,0.0
Ireland,1998,1A3A2,ABFLOW029,Coal,,,0.0
Ireland,1998,1A3A2,ABFLOW029,Natural gas,,,0.0
Ireland,1998,1A3A2,ABFLOW029,Oil,,,0.0
Ireland,1998,1A3B,ABFLOW028,Coal,,,0.0
Ireland,1998,1A3B,ABFLOW028,Natural gas,,,0.0
Ireland,1998,1A3B,ABFLOW028,Oil,,,0.0
Ireland,1998,1A3C,ABFLOW030,Coal,,,0.0
Ireland,1998,1A3C,ABFLOW030,Natural gas,,,0.0
Ireland,1998,1A3C,ABFLOW030,Oil,,,0.0
Ireland,1998,1A3D1,ABFLOW039,Coal,,,0.0
Ireland,1998,1A3D1,ABFLOW039,Natural gas,,,0.0
Ireland,1998,1A3D1,ABFLOW039,Oil,,,0.0
Ireland,1998,1A3D2,ABFLOW032,Coal,,,0.0
Ireland,1998,1A3D2,ABFLOW032,Natural gas,,,0.0
Ireland,1998,1A3D2,ABFLOW032,Oil,,,0.0
Ireland,1998,1A3E1,ABFLOW033,Coal,,,0.0
Ireland,1998,1A3E1,ABFLOW033,Natural gas,,,0.0
Ireland,1998,1A3E1,ABFLOW033,Oil,,,0.0
Ireland,1998,1A4A,ABFLOW035,Coal,,,0.0
Ireland,1998,1A4A,ABFLOW035,Natural gas,,,0.0
Ireland,1998,1A4A,ABFLOW035,Oil,,,0.0
Ireland,1998,1A4B,ABFLOW034,Coal,,,0.0
Ireland,1998,1A4B,ABFLOW034,Natural gas,,,0.0
Ireland,1998,1A4B,ABFLOW034,Oil,,,0.0
Ireland,1998,1A4C1,ABFLOW036,Coal,,,0.0
Ireland,1998,1A4C1,ABFLOW036,Natural gas,,,0.0
Ireland,1998,1A4C1,ABFLOW036,Oil,,,0.0
Ireland,1998,1A4C2,ABFLOW037,Coal,,,0.0
Ireland,1998,1A4C2,ABFLOW037,Natural gas,,,0.0
Ireland,1998,1A4C2,ABFLOW037,Oil,,,0.0
Ireland,1998,1A5,ABFLOW038,Coal,,,0.0
Ireland,1998,1A5,ABFLOW038,Natural gas,,,0.0
Ireland,1998,1A5,ABFLOW038,Oil,,,0.0
Ireland,1999,1A,ABFLOW001,Coal,,,0.0
Ireland,1999,1A,ABFLOW001,Natural gas,,,0.0
Ireland,1999,1A,ABFLOW001,Oil,,,0.0
Ireland,1999,1A1A,ABFLOW002,Coal,,,0.0
Ireland,1999,1A1A,ABFLOW002,Natural gas,,,0.0
Ireland,1999,1A1A,ABFLOW002,Oil,,,0.0
Ireland,1999,1A1A1,ABFLOW003,Coal,,,0.0
Ireland,1999,1A1A1,ABFLOW003,Natural gas,,,0.0
Ireland,1999,1A1A1,ABFLOW003,Oil,,,0.0
Ireland,1999,1A1A2,ABFLOW004,Coal,,,0.0
Ireland,1999,1A1A2,ABFLOW004,Natural gas,,,0.0
Ireland,1999,1A1A2,ABFLOW004,Oil,,,0.0
Ireland,1999,1A1A3,ABFLOW005,Coal,,,0.0
Ireland,1999,1A1A3,ABFLOW005,Natural gas,,,0.0
Ireland,1999,1A1A3,ABFLOW005,Oil,,,0.0
Ireland,1999,1A1B,ABFLOW011,Coal,,,0.0
Ireland,1999,1A1B,ABFLOW011,Natural gas,,,0.0
Ireland,1999,1A1B,ABFLOW011,Oil,,,0.0
Ireland,1999,1A1C,ABFLOW011,Coal,,,0.0
Ireland,1999,1A1C,ABFLOW011,Natural gas,,,0.0
Ireland,1999,1A1C,ABFLOW011,Oil,,,0.0
Ireland,1999,1A2,ABFLOW012,Coal,,,0.0
Ireland,1999,1A2,ABFLOW012,Natural gas,,,0.0
Ireland,1999,1A2,ABFLOW012,Oil,,,0.0
Ireland,1999,1A2A,ABFLOW016,Coal,,,0.0
Ireland,1999,1A2A,ABFLOW016,Natural gas,,,0.0
Ireland,1999,1A2A,ABFLOW016,Oil,,,0.0
Ireland,1999,1A2B,ABFLOW018,Coal,,,0.0
Ireland,1999,1A2B,ABFLOW018,Natural gas,,,0.0
Ireland,1999,1A2B,ABFLOW018,Oil,,,0.0
Ireland,1999,1A2C,ABFLOW017,Coal,,,0.0
Ireland,1999,1A2C,ABFLOW017,Natural gas,,,0.0
Ireland,1999,1A2C,ABFLOW017,Oil,,,0.0
Ireland,1999,1A2D,ABFLOW023,Coal,,,0.0
Ireland,1999,1A2D,ABFLOW023,Natural gas,,,0.0
Ireland,1999,1A2D,ABFLOW023,Oil,,,0.0
Ireland,1999,1A2E,ABFLOW022,Coal,,,0.0
Ireland,1999,1A2E,ABFLOW022,Natural gas,,,0.0
Ireland,1999,1A2E,ABFLOW022,Oil,,,0.0
Ireland,1999,1A2F,ABFLOW019,Coal,,,0.0
Ireland,1999,1A2F,ABFLOW019,Natural gas,,,0.0
Ireland,1999,1A2F,ABFLOW019,Oil,,,0.0
Ireland,1999,1A2G,ABFLOW020,Coal,,,0.0
Ireland,1999,1A2G,ABFLOW020,Natural gas,,,0.0
Ireland,1999,1A2G,ABFLOW020,Oil,,,0.0
Ireland,1999,1A2H,ABFLOW021,Coal,,,0.0
Ireland,1999,1A2H,ABFLOW021,Natural gas,,,0.0
Ireland,1999,1A2H,ABFLOW021,Oil,,,0.0
Ireland,1999,1A2I,ABFLOW013,Coal,,,0.0
Ireland,1999,1A2I,ABFLOW013,Natural gas,,,0.0
Ireland,1999,1A2I,ABFLOW013,Oil,,,0.0
Ireland,1999,1A2J,ABFLOW024,Coal,,,0.0
Ireland,1999,1A2J,ABFLOW024,Natural gas,,,0.0
Ireland,1999,1A2J,ABFLOW024,Oil,,,0.0
Ireland,1999,1A2K,ABFLOW014,Coal,,,0.0
Ireland,1999,1A2K,ABFLOW014,Natural gas,,,0.0
Ireland,1999,1A2K,ABFLOW014,Oil,,,0.0
Ireland,1999,1A2L,ABFLOW025,Coal,,,0.0
Ireland,1999,1A2L,ABFLOW025,Natural gas,,,0.0
Ireland,1999,1A2L,ABFLOW025,Oil,,,0.0
Ireland,1999,1A2M,ABFLOW026,Coal,,,0.0
Ireland,1999,1A2M,ABFLOW026,Natural gas,,,0.0
Ireland,1999,1A2M,ABFLOW026,Oil,,,0.0
Ireland,1999,1A3,ABFLOW027,Coal,,,0.0
Ireland,1999,1A3,ABFLOW027,Natural gas,,,0.0
Ireland,1999,1A3,ABFLOW027,Oil,,,0.0
Ireland,1999,1A3A1,ABFLOW040,Coal,,,0.0
Ireland,1999,1A3A1,ABFLOW040,Natural gas,,,0.0
Ireland,1999,1A3A1,ABFLOW040,Oil,,,0.0
Ireland,1999,1A3A2,ABFLOW029,Coal,,,0.0
Ireland,1999,1A3A2,ABFLOW029,Natural gas,,,0.0
Ireland,1999,1A3A2,ABFLOW029,Oil,,,0.0
Ireland,1999,1A3B,ABFLOW028,Coal,,,0.0
Ireland,1999,1A3B,ABFLOW028,Natural gas,,,0.0
Ireland,1999,1A3B,ABFLOW028,Oil,,,0.0
Ireland,1999,1A3C,ABFLOW030,Coal,,,0.0
Ireland,1999,1A3C,ABFLOW030,Natural gas,,,0.0
Ireland,1999,1A3C,ABFLOW030,Oil,,,0.0
Ireland,1999,1A3D1,ABFLOW039,Coal,,,0.0
Ireland,1999,1A3D1,ABFLOW039,Natural gas,,,0.0
Ireland,1999,1A3D1,ABFLOW039,Oil,,,0.0
Ireland,1999,1A3D2,ABFLOW032,Coal,,,0.0
Ireland,1999,1A3D2,ABFLOW032,Natural gas,,,0.0
Ireland,1999,1A3D2,ABFLOW032,Oil,,,0.0
Ireland,1999,1A3E1,ABFLOW033,Coal,,,0.0
Ireland,1999,1A3E1,ABFLOW033,Natural gas,,,0.0
Ireland,1999,1A3E1,ABFLOW033,Oil,,,0.0
Ireland,1999,1A4A,ABFLOW035,Coal,,,0.0
Ireland,1999,1A4A,ABFLOW035,Natural gas,,,0.0
Ireland,1999,1A4A,ABFLOW035,Oil,,,0.0
Ireland,1999,1A4B,ABFLOW034,Coal,,,0.0
Ireland,1999,1A4B,ABFLOW034,Natural gas,,,0.0
Ireland,1999,1A4B,ABFLOW034,Oil,,,0.0
Ireland,1999,1A4C1,ABFLOW036,Coal,,,0.0
Ireland,1999,1A4C1,ABFLOW036,Natural gas,,,0.0
Ireland,1999,1A4C1,ABFLOW036,Oil,,,0.0
Ireland,1999,1A4C2,ABFLOW037,Coal,,,0.0
Ireland,1999,1A4C2,ABFLOW037,Natural gas,,,0.0
Ireland,1999,1A4C2,ABFLOW037,Oil,,,0.0
Ireland,1999,1A5,ABFLOW038,Coal,,,0.0
Ireland,1999,1A5,ABFLOW038,Natural gas,,,0.0
Ireland,1999,1A5,ABFLOW038,Oil,,,0.0
Ireland,2000,1A,ABFLOW001,Coal,,,0.0
Ireland,2000,1A,ABFLOW001,Natural gas,,,0.0
Ireland,2000,1A,ABFLOW001,Oil,,,0.0
Ireland,2000,1A1A,ABFLOW002,Coal,,,0.0
Ireland,2000,1A1A,ABFLOW002,Natural gas,,,0.0
Ireland,2000,1A1A,ABFLOW002,Oil,,,0.0
Ireland,2000,1A1A1,ABFLOW003,Coal,,,0.0
Ireland,2000,1A1A1,ABFLOW003,Natural gas,,,0.0
Ireland,2000,1A1A1,ABFLOW003,Oil,,,0.0
Ireland,2000,1A1A2,ABFLOW004,Coal,,,0.0
Ireland,2000,1A1A2,ABFLOW004,Natural gas,,,0.0
Ireland,2000,1A1A2,ABFLOW004,Oil,,,0.0
Ireland,2000,1A1A3,ABFLOW005,Coal,,,0.0
Ireland,2000,1A1A3,ABFLOW005,Natural gas,,,0.0
Ireland,2000,1A1A3,ABFLOW005,Oil,,,0.0
Ireland,2000,1A1B,ABFLOW011,Coal,,,0.0
Ireland,2000,1A1B,ABFLOW011,Natural gas,,,0.0
Ireland,2000,1A1B,ABFLOW011,Oil,,,0.0
Ireland,2000,1A1C,ABFLOW011,Coal,,,0.0
Ireland,2000,1A1C,ABFLOW011,Natural gas,,,0.0
Ireland,2000,1A1C,ABFLOW011,Oil,,,0.0
Ireland,2000,1A2,ABFLOW012,Coal,,,0.0
Ireland,2000,1A2,ABFLOW012,Natural gas,,,0.0
Ireland,2000,1A2,ABFLOW012,Oil,,,0.0
Ireland,2000,1A2A,ABFLOW016,Coal,,,0.0
Ireland,2000,1A2A,ABFLOW016,Natural gas,,,0.0
Ireland,2000,1A2A,ABFLOW016,Oil,,,0.0
Ireland,2000,1A2B,ABFLOW018,Coal,,,0.0
Ireland,2000,1A2B,ABFLOW018,Natural gas,,,0.0
Ireland,2000,1A2B,ABFLOW018,Oil,,,0.0
Ireland,2000,1A2C,ABFLOW017,Coal,,,0.0
Ireland,2000,1A2C,ABFLOW017,Natural gas,,,0.0
Ireland,2000,1A2C,ABFLOW017,Oil,,,0.0
Ireland,2000,1A2D,ABFLOW023,Coal,,,0.0
Ireland,2000,1A2D,ABFLOW023,Natural gas,,,0.0
Ireland,2000,1A2D,ABFLOW023,Oil,,,0.0
Ireland,2000,1A2E,ABFLOW022,Coal,,,0.0
Ireland,2000,1A2E,ABFLOW022,Natural gas,,,0.0
Ireland,2000,1A2E,ABFLOW022,Oil,,,0.0
Ireland,2000,1A2F,ABFLOW019,Coal,,,0.0
Ireland,2000,1A2F,ABFLOW019,Natural gas,,,0.0
Ireland,2000,1A2F,ABFLOW019,Oil,,,0.0
Ireland,2000,1A2G,ABFLOW020,Coal,,,0.0
Ireland,2000,1A2G,ABFLOW020,Natural gas,,,0.0
Ireland,2000,1A2G,ABFLOW020,Oil,,,0.0
Ireland,2000,1A2H,ABFLOW021,Coal,,,0.0
Ireland,2000,1A2H,ABFLOW021,Natural gas,,,0.0
Ireland,2000,1A2H,ABFLOW021,Oil,,,0.0
Ireland,2000,1A2I,ABFLOW013,Coal,,,0.0
Ireland,2000,1A2I,ABFLOW013,Natural gas,,,0.0
Ireland,2000,1A2I,ABFLOW013,Oil,,,0.0
Ireland,2000,1A2J,ABFLOW024,Coal,,,0.0
Ireland,2000,1A2J,ABFLOW024,Natural gas,,,0.0
Ireland,2000,1A2J,ABFLOW024,Oil,,,0.0
Ireland,2000,1A2K,ABFLOW014,Coal,,,0.0
Ireland,2000,1A2K,ABFLOW014,Natural gas,,,0.0
Ireland,2000,1A2K,ABFLOW014,Oil,,,0.0
Ireland,2000,1A2L,ABFLOW025,Coal,,,0.0
Ireland,2000,1A2L,ABFLOW025,Natural gas,,,0.0
Ireland,2000,1A2L,ABFLOW025,Oil,,,0.0
Ireland,2000,1A2M,ABFLOW026,Coal,,,0.0
Ireland,2000,1A2M,ABFLOW026,Natural gas,,,0.0
Ireland,2000,1A2M,ABFLOW026,Oil,,,0.0
Ireland,2000,1A3,ABFLOW027,Coal,,,0.0
Ireland,2000,1A3,ABFLOW027,Natural gas,,,0.0
Ireland,2000,1A3,ABFLOW027,Oil,,,0.0
Ireland,2000,1A3A1,ABFLOW040,Coal,,,0.0
Ireland,2000,1A3A1,ABFLOW040,Natural gas,,,0.0
Ireland,2000,1A3A1,ABFLOW040,Oil,,,0.0
Ireland,2000,1A3A2,ABFLOW029,Coal,,,0.0
Ireland,2000,1A3A2,ABFLOW029,Natural gas,,,0.0
Ireland,2000,1A3A2,ABFLOW029,Oil,,,0.0
Ireland,2000,1A3B,ABFLOW028,Coal,,,0.0
Ireland,2000,1A3B,ABFLOW028,Natural gas,,,0.0
Ireland,2000,1A3B,ABFLOW028,Oil,,,0.0
Ireland,2000,1A3C,ABFLOW030,Coal,,,0.0
Ireland,2000,1A3C,ABFLOW030,Natural gas,,,0.0
Ireland,2000,1A3C,ABFLOW030,Oil,,,0.0
Ireland,2000,1A3D1,ABFLOW039,Coal,,,0.0
Ireland,2000,1A3D1,ABFLOW039,Natural gas,,,0.0
Ireland,2000,1A3D1,ABFLOW039,Oil,,,0.0
Ireland,2000,1A3D2,ABFLOW032,Coal,,,0.0
Ireland,2000,1A3D2,ABFLOW032,Natural gas,,,0.0
Ireland,2000,1A3D2,ABFLOW032,Oil,,,0.0
Ireland,2000,1A3E1,ABFLOW033,Coal,,,0.0
Ireland,2000,1A3E1,ABFLOW033,Natural gas,,,0.0
Ireland,2000,1A3E1,ABFLOW033,Oil,,,0.0
Ireland,2000,1A4A,ABFLOW035,Coal,,,0.0
Ireland,2000,1A4A,ABFLOW035,Natural gas,,,0.0
Ireland,2000,1A4A,ABFLOW035,Oil,,,0.0
Ireland,2000,1A4B,ABFLOW034,Coal,,,0.0
Ireland,2000,1A4B,ABFLOW034,Natural gas,,,0.0
Ireland,2000,1A4B,ABFLOW034,Oil,,,0.0
Ireland,2000,1A4C1,ABFLOW036,Coal,,,0.0
Ireland,2000,1A4C1,ABFLOW036,Natural gas,,,0.0
Ireland,2000,1A4C1,ABFLOW036,Oil,,,0.0
Ireland,2000,1A4C2,ABFLOW037,Coal,,,0.0
Ireland,2000,1A4C2,ABFLOW037,Natural gas,,,0.0
Ireland,2000,1A4C2,ABFLOW037,Oil,,,0.0
Ireland,2000,1A5,ABFLOW038,Coal,,,0.0
Ireland,2000,1A5,ABFLOW038,Natural gas,,,0.0
Ireland,2000,1A5,ABFLOW038,Oil,,,0.0
Ireland,2001,1A,ABFLOW001,Coal,,,0.0
Ireland,2001,1A,ABFLOW001,Natural gas,,,0.0
Ireland,2001,1A,ABFLOW001,Oil,,,0.0
Ireland,2001,1A1A,ABFLOW002,Coal,,,0.0
Ireland,2001,1A1A,ABFLOW002,Natural gas,,,0.0
Ireland,2001,1A1A,ABFLOW002,Oil,,,0.0
Ireland,2001,1A1A1,ABFLOW003,Coal,,,0.0
Ireland,2001,1A1A1,ABFLOW003,Natural gas,,,0.0
Ireland,2001,1A1A1,ABFLOW003,Oil,,,0.0
Ireland,2001,1A1A2,ABFLOW004,Coal,,,0.0
Ireland,2001,1A1A2,ABFLOW004,Natural gas,,,0.0
Ireland,2001,1A1A2,ABFLOW004,Oil,,,0.0
Ireland,2001,1A1A3,ABFLOW005,Coal,,,0.0
Ireland,2001,1A1A3,ABFLOW005,Natural gas,,,0.0
Ireland,2001,1A1A3,ABFLOW005,Oil,,,0.0
Ireland,2001,1A1B,ABFLOW011,Coal,,,0.0
Ireland,2001,1A1B,ABFLOW011,Natural gas,,,0.0
Ireland,2001,1A1B,ABFLOW011,Oil,,,0.0
Ireland,2001,1A1C,ABFLOW011,Coal,,,0.0
Ireland,2001,1A1C,ABFLOW011,Natural gas,,,0.0
Ireland,2001,1A1C,ABFLOW011,Oil,,,0.0
Ireland,2001,1A2,ABFLOW012,Coal,,,0.0
Ireland,2001,1A2,ABFLOW012,Natural gas,,,0.0
Ireland,2001,1A2,ABFLOW012,Oil,,,0.0
Ireland,2001,1A2A,ABFLOW016,Coal,,,0.0
Ireland,2001,1A2A,ABFLOW016,Natural gas,,,0.0
Ireland,2001,1A2A,ABFLOW016,Oil,,,0.0
Ireland,2001,1A2B,ABFLOW018,Coal,,,0.0
Ireland,2001,1A2B,ABFLOW018,Natural gas,,,0.0
Ireland,2001,1A2B,ABFLOW018,Oil,,,0.0
Ireland,2001,1A2C,ABFLOW017,Coal,,,0.0
Ireland,2001,1A2C,ABFLOW017,Natural gas,,,0.0
Ireland,2001,1A2C,ABFLOW017,Oil,,,0.0
Ireland,2001,1A2D,ABFLOW023,Coal,,,0.0
Ireland,2001,1A2D,ABFLOW023,Natural gas,,,0.0
Ireland,2001,1A2D,ABFLOW023,Oil,,,0.0
Ireland,2001,1A2E,ABFLOW022,Coal,,,0.0
Ireland,2001,1A2E,ABFLOW022,Natural gas,,,0.0
Ireland,2001,1A2E,ABFLOW022,Oil,,,0.0
Ireland,2001,1A2F,ABFLOW019,Coal,,,0.0
Ireland,2001,1A2F,ABFLOW019,Natural gas,,,0.0
Ireland,2001,1A2F,ABFLOW019,Oil,,,0.0
Ireland,2001,1A2G,ABFLOW020,Coal,,,0.0
Ireland,2001,1A2G,ABFLOW020,Natural gas,,,0.0
Ireland,2001,1A2G,ABFLOW020,Oil,,,0.0
Ireland,2001,1A2H,ABFLOW021,Coal,,,0.0
Ireland,2001,1A2H,ABFLOW021,Natural gas,,,0.0
Ireland,2001,1A2H,ABFLOW021,Oil,,,0.0
Ireland,2001,1A2I,ABFLOW013,Coal,,,0.0
Ireland,2001,1A2I,ABFLOW013,Natural gas,,,0.0
Ireland,2001,1A2I,ABFLOW013,Oil,,,0.0
Ireland,2001,1A2J,ABFLOW024,Coal,,,0.0
Ireland,2001,1A2J,ABFLOW024,Natural gas,,,0.0
Ireland,2001,1A2J,ABFLOW024,Oil,,,0.0
Ireland,2001,1A2K,ABFLOW014,Coal,,,0.0
Ireland,2001,1A2K,ABFLOW014,Natural gas,,,0.0
Ireland,2001,1A2K,ABFLOW014,Oil,,,0.0
Ireland,2001,1A2L,ABFLOW025,Coal,,,0.0
Ireland,2001,1A2L,ABFLOW025,Natural gas,,,0.0
Ireland,2001,1A2L,ABFLOW025,Oil,,,0.0
Ireland,2001,1A2M,ABFLOW026,Coal,,,0.0
Ireland,2001,1A2M,ABFLOW026,Natural gas,,,0.0
Ireland,2001,1A2M,ABFLOW026,Oil,,,0.0
Ireland,2001,1A3,ABFLOW027,Coal,,,0.0
Ireland,2001,1A3,ABFLOW027,Natural gas,,,0.0
Ireland,2001,1A3,ABFLOW027,Oil,,,0.0
Ireland,2001,1A3A1,ABFLOW040,Coal,,,0.0
Ireland,2001,1A3A1,ABFLOW040,Natural gas,,,0.0
Ireland,2001,1A3A1,ABFLOW040,Oil,,,0.0
Ireland,2001,1A3A2,ABFLOW029,Coal,,,0.0
Ireland,2001,1A3A2,ABFLOW029,Natural gas,,,0.0
Ireland,2001,1A3A2,ABFLOW029,Oil,,,0.0
Ireland,2001,1A3B,ABFLOW028,Coal,,,0.0
Ireland,2001,1A3B,ABFLOW028,Natural gas,,,0.0
Ireland,2001,1A3B,ABFLOW028,Oil,,,0.0
Ireland,2001,1A3C,ABFLOW030,Coal,,,0.0
Ireland,2001,1A3C,ABFLOW030,Natural gas,,,0.0
Ireland,2001,1A3C,ABFLOW030,Oil,,,0.0
Ireland,2001,1A3D1,ABFLOW039,Coal,,,0.0
Ireland,2001,1A3D1,ABFLOW039,Natural gas,,,0.0
Ireland,2001,1A3D1,ABFLOW039,Oil,,,0.0
Ireland,2001,1A3D2,ABFLOW032,Coal,,,0.0
Ireland,2001,1A3D2,ABFLOW032,Natural gas,,,0.0
Ireland,2001,1A3D2,ABFLOW032,Oil,,,0.0
Ireland,2001,1A3E1,ABFLOW033,Coal,,,0.0
Ireland,2001,1A3E1,ABFLOW033,Natural gas,,,0.0
Ireland,2001,1A3E1,ABFLOW033,Oil,,,0.0
Ireland,2001,1A4A,ABFLOW035,Coal,,,0.0
Ireland,2001,1A4A,ABFLOW035,Natural gas,,,0.0
Ireland,2001,1A4A,ABFLOW035,Oil,,,0.0
Ireland,2001,1A4B,ABFLOW034,Coal,,,0.0
Ireland,2001,1A4B,ABFLOW034,Natural gas,,,0.0
Ireland,2001,1A4B,ABFLOW034,Oil,,,0.0
Ireland,2001,1A4C1,ABFLOW036,Coal,,,0.0
Ireland,2001,1A4C1,ABFLOW036,Natural gas,,,0.0
Ireland,2001,1A4C1,ABFLOW036,Oil,,,0.0
Ireland,2001,1A4C2,ABFLOW037,Coal,,,0.0
Ireland,2001,1A4C2,ABFLOW037,Natural gas,,,0.0
Ireland,2001,1A4C2,ABFLOW037,Oil,,,0.0
Ireland,2001,1A5,ABFLOW038,Coal,,,0.0
Ireland,2001,1A5,ABFLOW038,Natural gas,,,0.0
Ireland,2001,1A5,ABFLOW038,Oil,,,0.0
Ireland,2002,1A,ABFLOW001,Coal,,,0.0
Ireland,2002,1A,ABFLOW001,Natural gas,,,0.0
Ireland,2002,1A,ABFLOW001,Oil,,,0.0
Ireland,2002,1A1A,ABFLOW002,Coal,,,0.0
Ireland,2002,1A1A,ABFLOW002,Natural gas,,,0.0
Ireland,2002,1A1A,ABFLOW002,Oil,,,0.0
Ireland,2002,1A1A1,ABFLOW003,Coal,,,0.0
Ireland,2002,1A1A1,ABFLOW003,Natural gas,,,0.0
Ireland,2002,1A1A1,ABFLOW003,Oil,,,0.0
Ireland,2002,1A1A2,ABFLOW004,Coal,,,0.0
Ireland,2002,1A1A2,ABFLOW004,Natural gas,,,0.0
Ireland,2002,1A1A2,ABFLOW004,Oil,,,0.0
Ireland,2002,1A1A3,ABFLOW005,Coal,,,0.0
Ireland,2002,1A1A3,ABFLOW005,Natural gas,,,0.0
Ireland,2002,1A1A3,ABFLOW005,Oil,,,0.0
Ireland,2002,1A1B,ABFLOW011,Coal,,,0.0
Ireland,2002,1A1B,ABFLOW011,Natural gas,,,0.0
Ireland,2002,1A1B,ABFLOW011,Oil,,,0.0
Ireland,2002,1A1C,ABFLOW011,Coal,,,0.0
Ireland,2002,1A1C,ABFLOW011,Natural gas,,,0.0
Ireland,2002,1A1C,ABFLOW011,Oil,,,0.0
Ireland,2002,1A2,ABFLOW012,Coal,,,0.0
Ireland,2002,1A2,ABFLOW012,Natural gas,,,0.0
Ireland,2002,1A2,ABFLOW012,Oil,,,0.0
Ireland,2002,1A2A,ABFLOW016,Coal,,,0.0
Ireland,2002,1A2A,ABFLOW016,Natural gas,,,0.0
Ireland,2002,1A2A,ABFLOW016,Oil,,,0.0
Ireland,2002,1A2B,ABFLOW018,Coal,,,0.0
Ireland,2002,1A2B,ABFLOW018,Natural gas,,,0.0
Ireland,2002,1A2B,ABFLOW018,Oil,,,0.0
Ireland,2002,1A2C,ABFLOW017,Coal,,,0.0
Ireland,2002,1A2C,ABFLOW017,Natural gas,,,0.0
Ireland,2002,1A2C,ABFLOW017,Oil,,,0.0
Ireland,2002,1A2D,ABFLOW023,Coal,,,0.0
Ireland,2002,1A2D,ABFLOW023,Natural gas,,,0.0
Ireland,2002,1A2D,ABFLOW023,Oil,,,0.0
Ireland,2002,1A2E,ABFLOW022,Coal,,,0.0
Ireland,2002,1A2E,ABFLOW022,Natural gas,,,0.0
Ireland,2002,1A2E,ABFLOW022,Oil,,,0.0
Ireland,2002,1A2F,ABFLOW019,Coal,,,0.0
Ireland,2002,1A2F,ABFLOW019,Natural gas,,,0.0
Ireland,2002,1A2F,ABFLOW019,Oil,,,0.0
Ireland,2002,1A2G,ABFLOW020,Coal,,,0.0
Ireland,2002,1A2G,ABFLOW020,Natural gas,,,0.0
Ireland,2002,1A2G,ABFLOW020,Oil,,,0.0
Ireland,2002,1A2H,ABFLOW021,Coal,,,0.0
Ireland,2002,1A2H,ABFLOW021,Natural gas,,,0.0
Ireland,2002,1A2H,ABFLOW021,Oil,,,0.0
Ireland,2002,1A2I,ABFLOW013,Coal,,,0.0
Ireland,2002,1A2I,ABFLOW013,Natural gas,,,0.0
Ireland,2002,1A2I,ABFLOW013,Oil,,,0.0
Ireland,2002,1A2J,ABFLOW024,Coal,,,0.0
Ireland,2002,1A2J,ABFLOW024,Natural gas,,,0.0
Ireland,2002,1A2J,ABFLOW024,Oil,,,0.0
Ireland,2002,1A2K,ABFLOW014,Coal,,,0.0
Ireland,2002,1A2K,ABFLOW014,Natural gas,,,0.0
Ireland,2002,1A2K,ABFLOW014,Oil,,,0.0
Ireland,2002,1A2L,ABFLOW025,Coal,,,0.0
Ireland,2002,1A2L,ABFLOW025,Natural gas,,,0.0
Ireland,2002,1A2L,ABFLOW025,Oil,,,0.0
Ireland,2002,1A2M,ABFLOW026,Coal,,,0.0
Ireland,2002,1A2M,ABFLOW026,Natural gas,,,0.0
Ireland,2002,1A2M,ABFLOW026,Oil,,,0.0
Ireland,2002,1A3,ABFLOW027,Coal,,,0.0
Ireland,2002,1A3,ABFLOW027,Natural gas,,,0.0
Ireland,2002,1A3,ABFLOW027,Oil,,,0.0
Ireland,2002,1A3A1,ABFLOW040,Coal,,,0.0
Ireland,2002,1A3A1,ABFLOW040,Natural gas,,,0.0
Ireland,2002,1A3A1,ABFLOW040,Oil,,,0.0
Ireland,2002,1A3A2,ABFLOW029,Coal,,,0.0
Ireland,2002,1A3A2,ABFLOW029,Natural gas,,,0.0
Ireland,2002,1A3A2,ABFLOW029,Oil,,,0.0
Ireland,2002,1A3B,ABFLOW028,Coal,,,0.0
Ireland,2002,1A3B,ABFLOW028,Natural gas,,,0.0
Ireland,2002,1A3B,ABFLOW028,Oil,,,0.0
Ireland,2002,1A3C,ABFLOW030,Coal,,,0.0
Ireland,2002,1A3C,ABFLOW030,Natural gas,,,0.0
Ireland,2002,1A3C,ABFLOW030,Oil,,,0.0
Ireland,2002,1A3D1,ABFLOW039,Coal,,,0.0
Ireland,2002,1A3D1,ABFLOW039,Natural gas,,,0.0
Ireland,2002,1A3D1,ABFLOW039,Oil,,,0.0
Ireland,2002,1A3D2,ABFLOW032,Coal,,,0.0
Ireland,2002,1A3D2,ABFLOW032,Natural gas,,,0.0
Ireland,2002,1A3D2,ABFLOW032,Oil,,,0.0
Ireland,2002,1A3E1,ABFLOW033,Coal,,,0.0
Ireland,2002,1A3E1,ABFLOW033,Natural gas,,,0.0
Ireland,2002,1A3E1,ABFLOW033,Oil,,,0.0
Ireland,2002,1A4A,ABFLOW035,Coal,,,0.0
Ireland,2002,1A4A,ABFLOW035,Natural gas,,,0.0
Ireland,2002,1A4A,ABFLOW035,Oil,,,0.0
Ireland,2002,1A4B,ABFLOW034,Coal,,,0.0
Ireland,2002,1A4B,ABFLOW034,Natural gas,,,0.0
Ireland,2002,1A4B,ABFLOW034,Oil,,,0.0
Ireland,2002,1A4C1,ABFLOW036,Coal,,,0.0
Ireland,2002,1A4C1,ABFLOW036,Natural gas,,,0.0
Ireland,2002,1A4C1,ABFLOW036,Oil,,,0.0
Ireland,2002,1A4C2,ABFLOW037,Coal,,,0.0
Ireland,2002,1A4C2,ABFLOW037,Natural gas,,,0.0
Ireland,2002,1A4C2,ABFLOW037,Oil,,,0.0
Ireland,2002,1A5,ABFLOW038,Coal,,,0.0
Ireland,2002,1A5,ABFLOW038,Natural gas,,,0.0
Ireland,2002,1A5,ABFLOW038,Oil,,,0.0
Ireland,2003,1A,ABFLOW001,Coal,,,0.0
Ireland,2003,1A,ABFLOW001,Natural gas,,,0.0
Ireland,2003,1A,ABFLOW001,Oil,,,0.0
Ireland,2003,1A1A,ABFLOW002,Coal,,,0.0
Ireland,2003,1A1A,ABFLOW002,Natural gas,,,0.0
Ireland,2003,1A1A,ABFLOW002,Oil,,,0.0
Ireland,2003,1A1A1,ABFLOW003,Coal,,,0.0
Ireland,2003,1A1A1,ABFLOW003,Natural gas,,,0.0
Ireland,2003,1A1A1,ABFLOW003,Oil,,,0.0
Ireland,2003,1A1A2,ABFLOW004,Coal,,,0.0
Ireland,2003,1A1A2,ABFLOW004,Natural gas,,,0.0
Ireland,2003,1A1A2,ABFLOW004,Oil,,,0.0
Ireland,2003,1A1A3,ABFLOW005,Coal,,,0.0
Ireland,2003,1A1A3,ABFLOW005,Natural gas,,,0.0
Ireland,2003,1A1A3,ABFLOW005,Oil,,,0.0
Ireland,2003,1A1B,ABFLOW011,Coal,,,0.0
Ireland,2003,1A1B,ABFLOW011,Natural gas,,,0.0
Ireland,2003,1A1B,ABFLOW011,Oil,,,0.0
Ireland,2003,1A1C,ABFLOW011,Coal,,,0.0
Ireland,2003,1A1C,ABFLOW011,Natural gas,,,0.0
Ireland,2003,1A1C,ABFLOW011,Oil,,,0.0
Ireland,2003,1A2,ABFLOW012,Coal,,,0.0
Ireland,2003,1A2,ABFLOW012,Natural gas,,,0.0
Ireland,2003,1A2,ABFLOW012,Oil,,,0.0
Ireland,2003,1A2A,ABFLOW016,Coal,,,0.0
Ireland,2003,1A2A,ABFLOW016,Natural gas,,,0.0
Ireland,2003,1A2A,ABFLOW016,Oil,,,0.0
Ireland,2003,1A2B,ABFLOW018,Coal,,,0.0
Ireland,2003,1A2B,ABFLOW018,Natural gas,,,0.0
Ireland,2003,1A2B,ABFLOW018,Oil,,,0.0
Ireland,2003,1A2C,ABFLOW017,Coal,,,0.0
Ireland,2003,1A2C,ABFLOW017,Natural gas,,,0.0
Ireland,2003,1A2C,ABFLOW017,Oil,,,0.0
Ireland,2003,1A2D,ABFLOW023,Coal,,,0.0
Ireland,2003,1A2D,ABFLOW023,Natural gas,,,0.0
Ireland,2003,1A2D,ABFLOW023,Oil,,,0.0
Ireland,2003,1A2E,ABFLOW022,Coal,,,0.0
Ireland,2003,1A2E,ABFLOW022,Natural gas,,,0.0
Ireland,2003,1A2E,ABFLOW022,Oil,,,0.0
Ireland,2003,1A2F,ABFLOW019,Coal,,,0.0
Ireland,2003,1A2F,ABFLOW019,Natural gas,,,0.0
Ireland,2003,1A2F,ABFLOW019,Oil,,,0.0
Ireland,2003,1A2G,ABFLOW020,Coal,,,0.0
Ireland,2003,1A2G,ABFLOW020,Natural gas,,,0.0
Ireland,2003,1A2G,ABFLOW020,Oil,,,0.0
Ireland,2003,1A2H,ABFLOW021,Coal,,,0.0
Ireland,2003,1A2H,ABFLOW021,Natural gas,,,0.0
Ireland,2003,1A2H,ABFLOW021,Oil,,,0.0
Ireland,2003,1A2I,ABFLOW013,Coal,,,0.0
Ireland,2003,1A2I,ABFLOW013,Natural gas,,,0.0
Ireland,2003,1A2I,ABFLOW013,Oil,,,0.0
Ireland,2003,1A2J,ABFLOW024,Coal,,,0.0
Ireland,2003,1A2J,ABFLOW024,Natural gas,,,0.0
Ireland,2003,1A2J,ABFLOW024,Oil,,,0.0
Ireland,2003,1A2K,ABFLOW014,Coal,,,0.0
Ireland,2003,1A2K,ABFLOW014,Natural gas,,,0.0
Ireland,2003,1A2K,ABFLOW014,Oil,,,0.0
Ireland,2003,1A2L,ABFLOW025,Coal,,,0.0
Ireland,2003,1A2L,ABFLOW025,Natural gas,,,0.0
Ireland,2003,1A2L,ABFLOW025,Oil,,,0.0
Ireland,2003,1A2M,ABFLOW026,Coal,,,0.0
Ireland,2003,1A2M,ABFLOW026,Natural gas,,,0.0
Ireland,2003,1A2M,ABFLOW026,Oil,,,0.0
Ireland,2003,1A3,ABFLOW027,Coal,,,0.0
Ireland,2003,1A3,ABFLOW027,Natural gas,,,0.0
Ireland,2003,1A3,ABFLOW027,Oil,,,0.0
Ireland,2003,1A3A1,ABFLOW040,Coal,,,0.0
Ireland,2003,1A3A1,ABFLOW040,Natural gas,,,0.0
Ireland,2003,1A3A1,ABFLOW040,Oil,,,0.0
Ireland,2003,1A3A2,ABFLOW029,Coal,,,0.0
Ireland,2003,1A3A2,ABFLOW029,Natural gas,,,0.0
Ireland,2003,1A3A2,ABFLOW029,Oil,,,0.0
Ireland,2003,1A3B,ABFLOW028,Coal,,,0.0
Ireland,2003,1A3B,ABFLOW028,Natural gas,,,0.0
Ireland,2003,1A3B,ABFLOW028,Oil,,,0.0
Ireland,2003,1A3C,ABFLOW030,Coal,,,0.0
Ireland,2003,1A3C,ABFLOW030,Natural gas,,,0.0
Ireland,2003,1A3C,ABFLOW030,Oil,,,0.0
Ireland,2003,1A3D1,ABFLOW039,Coal,,,0.0
Ireland,2003,1A3D1,ABFLOW039,Natural gas,,,0.0
Ireland,2003,1A3D1,ABFLOW039,Oil,,,0.0
Ireland,2003,1A3D2,ABFLOW032,Coal,,,0.0
Ireland,2003,1A3D2,ABFLOW032,Natural gas,,,0.0
Ireland,2003,1A3D2,ABFLOW032,Oil,,,0.0
Ireland,2003,1A3E1,ABFLOW033,Coal,,,0.0
Ireland,2003,1A3E1,ABFLOW033,Natural gas,,,0.0
Ireland,2003,1A3E1,ABFLOW033,Oil,,,0.0
Ireland,2003,1A4A,ABFLOW035,Coal,,,0.0
Ireland,2003,1A4A,ABFLOW035,Natural gas,,,0.0
Ireland,2003,1A4A,ABFLOW035,Oil,,,0.0
Ireland,2003,1A4B,ABFLOW034,Coal,,,0.0
Ireland,2003,1A4B,ABFLOW034,Natural gas,,,0.0
Ireland,2003,1A4B,ABFLOW034,Oil,,,0.0
Ireland,2003,1A4C1,ABFLOW036,Coal,,,0.0
Ireland,2003,1A4C1,ABFLOW036,Natural gas,,,0.0
Ireland,2003,1A4C1,ABFLOW036,Oil,,,0.0
Ireland,2003,1A4C2,ABFLOW037,Coal,,,0.0
Ireland,2003,1A4C2,ABFLOW037,Natural gas,,,0.0
Ireland,2003,1A4C2,ABFLOW037,Oil,,,0.0
Ireland,2003,1A5,ABFLOW038,Coal,,,0.0
Ireland,2003,1A5,ABFLOW038,Natural gas,,,0.0
Ireland,2003,1A5,ABFLOW038,Oil,,,0.0
Ireland,2004,1A,ABFLOW001,Coal,,,0.0
Ireland,2004,1A,ABFLOW001,Natural gas,,,0.0
Ireland,2004,1A,ABFLOW001,Oil,,,0.0
Ireland,2004,1A1A,ABFLOW002,Coal,,,0.0
Ireland,2004,1A1A,ABFLOW002,Natural gas,,,0.0
Ireland,2004,1A1A,ABFLOW002,Oil,,,0.0
Ireland,2004,1A1A1,ABFLOW003,Coal,,,0.0
Ireland,2004,1A1A1,ABFLOW003,Natural gas,,,0.0
Ireland,2004,1A1A1,ABFLOW003,Oil,,,0.0
Ireland,2004,1A1A2,ABFLOW004,Coal,,,0.0
Ireland,2004,1A1A2,ABFLOW004,Natural gas,,,0.0
Ireland,2004,1A1A2,ABFLOW004,Oil,,,0.0
Ireland,2004,1A1A3,ABFLOW005,Coal,,,0.0
Ireland,2004,1A1A3,ABFLOW005,Natural gas,,,0.0
Ireland,2004,1A1A3,ABFLOW005,Oil,,,0.0
Ireland,2004,1A1B,ABFLOW011,Coal,,,0.0
Ireland,2004,1A1B,ABFLOW011,Natural gas,,,0.0
Ireland,2004,1A1B,ABFLOW011,Oil,,,0.0
Ireland,2004,1A1C,ABFLOW011,Coal,,,0.0
Ireland,2004,1A1C,ABFLOW011,Natural gas,,,0.0
Ireland,2004,1A1C,ABFLOW011,Oil,,,0.0
Ireland,2004,1A2,ABFLOW012,Coal,,,0.0
Ireland,2004,1A2,ABFLOW012,Natural gas,,,0.0
Ireland,2004,1A2,ABFLOW012,Oil,,,0.0
Ireland,2004,1A2A,ABFLOW016,Coal,,,0.0
Ireland,2004,1A2A,ABFLOW016,Natural gas,,,0.0
Ireland,2004,1A2A,ABFLOW016,Oil,,,0.0
Ireland,2004,1A2B,ABFLOW018,Coal,,,0.0
Ireland,2004,1A2B,ABFLOW018,Natural gas,,,0.0
Ireland,2004,1A2B,ABFLOW018,Oil,,,0.0
Ireland,2004,1A2C,ABFLOW017,Coal,,,0.0
Ireland,2004,1A2C,ABFLOW017,Natural gas,,,0.0
Ireland,2004,1A2C,ABFLOW017,Oil,,,0.0
Ireland,2004,1A2D,ABFLOW023,Coal,,,0.0
Ireland,2004,1A2D,ABFLOW023,Natural gas,,,0.0
Ireland,2004,1A2D,ABFLOW023,Oil,,,0.0
Ireland,2004,1A2E,ABFLOW022,Coal,,,0.0
Ireland,2004,1A2E,ABFLOW022,Natural gas,,,0.0
Ireland,2004,1A2E,ABFLOW022,Oil,,,0.0
Ireland,2004,1A2F,ABFLOW019,Coal,,,0.0
Ireland,2004,1A2F,ABFLOW019,Natural gas,,,0.0
Ireland,2004,1A2F,ABFLOW019,Oil,,,0.0
Ireland,2004,1A2G,ABFLOW020,Coal,,,0.0
Ireland,2004,1A2G,ABFLOW020,Natural gas,,,0.0
Ireland,2004,1A2G,ABFLOW020,Oil,,,0.0
Ireland,2004,1A2H,ABFLOW021,Coal,,,0.0
Ireland,2004,1A2H,ABFLOW021,Natural gas,,,0.0
Ireland,2004,1A2H,ABFLOW021,Oil,,,0.0
Ireland,2004,1A2I,ABFLOW013,Coal,,,0.0
Ireland,2004,1A2I,ABFLOW013,Natural gas,,,0.0
Ireland,2004,1A2I,ABFLOW013,Oil,,,0.0
Ireland,2004,1A2J,ABFLOW024,Coal,,,0.0
Ireland,2004,1A2J,ABFLOW024,Natural gas,,,0.0
Ireland,2004,1A2J,ABFLOW024,Oil,,,0.0
Ireland,2004,1A2K,ABFLOW014,Coal,,,0.0
Ireland,2004,1A2K,ABFLOW014,Natural gas,,,0.0
Ireland,2004,1A2K,ABFLOW014,Oil,,,0.0
Ireland,2004,1A2L,ABFLOW025,Coal,,,0.0
Ireland,2004,1A2L,ABFLOW025,Natural gas,,,0.0
Ireland,2004,1A2L,ABFLOW025,Oil,,,0.0
Ireland,2004,1A2M,ABFLOW026,Coal,,,0.0
Ireland,2004,1A2M,ABFLOW026,Natural gas,,,0.0
Ireland,2004,1A2M,ABFLOW026,Oil,,,0.0
Ireland,2004,1A3,ABFLOW027,Coal,,,0.0
Ireland,2004,1A3,ABFLOW027,Natural gas,,,0.0
Ireland,2004,1A3,ABFLOW027,Oil,,,0.0
Ireland,2004,1A3A1,ABFLOW040,Coal,,,0.0
Ireland,2004,1A3A1,ABFLOW040,Natural gas,,,0.0
Ireland,2004,1A3A1,ABFLOW040,Oil,,,0.0
Ireland,2004,1A3A2,ABFLOW029,Coal,,,0.0
Ireland,2004,1A3A2,ABFLOW029,Natural gas,,,0.0
Ireland,2004,1A3A2,ABFLOW029,Oil,,,0.0
Ireland,2004,1A3B,ABFLOW028,Coal,,,0.0
Ireland,2004,1A3B,ABFLOW028,Natural gas,,,0.0
Ireland,2004,1A3B,ABFLOW028,Oil,,,0.0
Ireland,2004,1A3C,ABFLOW030,Coal,,,0.0
Ireland,2004,1A3C,ABFLOW030,Natural gas,,,0.0
Ireland,2004,1A3C,ABFLOW030,Oil,,,0.0
Ireland,2004,1A3D1,ABFLOW039,Coal,,,0.0
Ireland,2004,1A3D1,ABFLOW039,Natural gas,,,0.0
Ireland,2004,1A3D1,ABFLOW039,Oil,,,0.0
Ireland,2004,1A3D2,ABFLOW032,Coal,,,0.0
Ireland,2004,1A3D2,ABFLOW032,Natural gas,,,0.0
Ireland,2004,1A3D2,ABFLOW032,Oil,,,0.0
Ireland,2004,1A3E1,ABFLOW033,Coal,,,0.0
Ireland,2004,1A3E1,ABFLOW033,Natural gas,,,0.0
Ireland,2004,1A3E1,ABFLOW033,Oil,,,0.0
Ireland,2004,1A4A,ABFLOW035,Coal,,,0.0
Ireland,2004,1A4A,ABFLOW035,Natural gas,,,0.0
Ireland,2004,1A4A,ABFLOW035,Oil,,,0.0
Ireland,2004,1A4B,ABFLOW034,Coal,,,0.0
Ireland,2004,1A4B,ABFLOW034,Natural gas,,,0.0
Ireland,2004,1A4B,ABFLOW034,Oil,,,0.0
Ireland,2004,1A4C1,ABFLOW036,Coal,,,0.0
Ireland,2004,1A4C1,ABFLOW036,Natural gas,,,0.0
Ireland,2004,1A4C1,ABFLOW036,Oil,,,0.0
Ireland,2004,1A4C2,ABFLOW037,Coal,,,0.0
Ireland,2004,1A4C2,ABFLOW037,Natural gas,,,0.0
Ireland,2004,1A4C2,ABFLOW037,Oil,,,0.0
Ireland,2004,1A5,ABFLOW038,Coal,,,0.0
Ireland,2004,1A5,ABFLOW038,Natural gas,,,0.0
Ireland,2004,1A5,ABFLOW038,Oil,,,0.0
Ireland,2005,1A,ABFLOW001,Coal,,,0.0
Ireland,2005,1A,ABFLOW001,Natural gas,,,0.0
Ireland,2005,1A,ABFLOW001,Oil,,,0.0
Ireland,2005,1A1A,ABFLOW002,Coal,,,0.0
Ireland,2005,1A1A,ABFLOW002,Natural gas,,,0.0
Ireland,2005,1A1A,ABFLOW002,Oil,,,0.0
Ireland,2005,1A1A1,ABFLOW003,Coal,27.576316456301463,,27.576316456301463
Ireland,2005,1A1A1,ABFLOW003,Natural gas,27.576316456301463,,27.576316456301463
Ireland,2005,1A1A1,ABFLOW003,Oil,27.576316456301463,,27.576316456301463
Ireland,2005,1A1A2,ABFLOW004,Coal,27.576316456301463,,27.576316456301463
Ireland,2005,1A1A2,ABFLOW004,Natural gas,27.576316456301463,,27.576316456301463
Ireland,2005,1A1A2,ABFLOW004,Oil,27.576316456301463,,27.576316456301463
Ireland,2005,1A1A3,ABFLOW005,Coal,27.576316456301463,,27.576316456301463
Ireland,2005,1A1A3,ABFLOW005,Natural gas,27.576316456301463,,27.576316456301463
Ireland,2005,1A1A3,ABFLOW005,Oil,27.576316456301463,,27.576316456301463
Ireland,2005,1A1B,ABFLOW011,Coal,27.576316456301463,,27.576316456301463
Ireland,2005,1A1B,ABFLOW011,Natural gas,27.576316456301463,,27.576316456301463
Ireland,2005,1A1B,ABFLOW011,Oil,27.576316456301463,,27.576316456301463
Ireland,2005,1A1C,ABFLOW011,Coal,27.576316456301463,,27.576316456301463
Ireland,2005,1A1C,ABFLOW011,Natural gas,27.576316456301463,,27.576316456301463
Ireland,2005,1A1C,ABFLOW011,Oil,27.576316456301463,,27.576316456301463
Ireland,2005,1A2,ABFLOW012,Coal,,,0.0
Ireland,2005,1A2,ABFLOW012,Natural gas,,,0.0
Ireland,2005,1A2,ABFLOW012,Oil,,,0.0
Ireland,2005,1A2A,ABFLOW016,Coal,27.576316456301463,,27.576316456301463
Ireland,2005,1A2A,ABFLOW016,Natural gas,27.576316456301463,,27.576316456301463
Ireland,2005,1A2A,ABFLOW016,Oil,27.576316456301463,,27.576316456301463
Ireland,2005,1A2B,ABFLOW018,Coal,27.576316456301463,,27.576316456301463
Ireland,2005,1A2B,ABFLOW018,Natural gas,27.576316456301463,,27.576316456301463
Ireland,2005,1A2B,ABFLOW018,Oil,27.576316456301463,,27.576316456301463
Ireland,2005,1A2C,ABFLOW017,Coal,27.576316456301463,,27.576316456301463
Ireland,2005,1A2C,ABFLOW017,Natural gas,27.576316456301463,,27.576316456301463
Ireland,2005,1A2C,ABFLOW017,Oil,27.576316456301463,,27.576316456301463
Ireland,2005,1A2D,ABFLOW023,Coal,27.576316456301463,,27.576316456301463
Ireland,2005,1A2D,ABFLOW023,Natural gas,27.576316456301463,,27.576316456301463
Ireland,2005,1A2D,ABFLOW023,Oil,27.576316456301463,,27.576316456301463
Ireland,2005,1A2E,ABFLOW022,Coal,27.576316456301463,,27.576316456301463
Ireland,2005,1A2E,ABFLOW022,Natural gas,27.576316456301463,,27.576316456301463
Ireland,2005,1A2E,ABFLOW022,Oil,27.576316456301463,,27.576316456301463
Ireland,2005,1A2F,ABFLOW019,Coal,27.576316456301463,,27.576316456301463
Ireland,2005,1A2F,ABFLOW019,Natural gas,27.576316456301463,,27.576316456301463
Ireland,2005,1A2F,ABFLOW019,Oil,27.576316456301463,,27.576316456301463
Ireland,2005,1A2G,ABFLOW020,Coal,27.576316456301463,,27.576316456301463
Ireland,2005,1A2G,ABFLOW020,Natural gas,27.576316456301463,,27.576316456301463
Ireland,2005,1A2G,ABFLOW020,Oil,27.576316456301463,,27.576316456301463
Ireland,2005,1A2H,ABFLOW021,Coal,27.576316456301463,,27.576316456301463
Ireland,2005,1A2H,ABFLOW021,Natural gas,27.576316456301463,,27.576316456301463
Ireland,2005,1A2H,ABFLOW021,Oil,27.576316456301463,,27.576316456301463
Ireland,2005,1A2I,ABFLOW013,Coal,27.576316456301463,,27.576316456301463
Ireland,2005,1A2I,ABFLOW013,Natural gas,27.576316456301463,,27.576316456301463
Ireland,2005,1A2I,ABFLOW013,Oil,27.576316456301463,,27.576316456301463
Ireland,2005,1A2J,ABFLOW024,Coal,27.576316456301463,,27.576316456301463
Ireland,2005,1A2J,ABFLOW024,Natural gas,27.576316456301463,,27.576316456301463
Ireland,2005,1A2J,ABFLOW024,Oil,27.576316456301463,,27.576316456301463
Ireland,2005,1A2K,ABFLOW014,Coal,27.576316456301463,,27.576316456301463
Ireland,2005,1A2K,ABFLOW014,Natural gas,27.576316456301463,,27.576316456301463
Ireland,2005,1A2K,ABFLOW014,Oil,27.576316456301463,,27.576316456301463
Ireland,2005,1A2L,ABFLOW025,Coal,27.576316456301463,,27.576316456301463
Ireland,2005,1A2L,ABFLOW025,Natural gas,27.576316456301463,,27.576316456301463
Ireland,2005,1A2L,ABFLOW025,Oil,27.576316456301463,,27.576316456301463
Ireland,2005,1A2M,ABFLOW026,Coal,27.576316456301463,,27.576316456301463
Ireland,2005,1A2M,ABFLOW026,Natural gas,27.576316456301463,,27.576316456301463
Ireland,2005,1A2M,ABFLOW026,Oil,27.576316456301463,,27.576316456301463
Ireland,2005,1A3,ABFLOW027,Coal,,,0.0
Ireland,2005,1A3,ABFLOW027,Natural gas,,,0.0
Ireland,2005,1A3,ABFLOW027,Oil,,,0.0
Ireland,2005,1A3A1,ABFLOW040,Coal,,,0.0
Ireland,2005,1A3A1,ABFLOW040,Natural gas,,,0.0
Ireland,2005,1A3A1,ABFLOW040,Oil,,,0.0
Ireland,2005,1A3A2,ABFLOW029,Coal,,,0.0
Ireland,2005,1A3A2,ABFLOW029,Natural gas,,,0.0
Ireland,2005,1A3A2,ABFLOW029,Oil,,,0.0
Ireland,2005,1A3B,ABFLOW028,Coal,,,0.0
Ireland,2005,1A3B,ABFLOW028,Natural gas,,,0.0
Ireland,2005,1A3B,ABFLOW028,Oil,,,0.0
Ireland,2005,1A3C,ABFLOW030,Coal,,,0.0
Ireland,2005,1A3C,ABFLOW030,Natural gas,,,0.0
Ireland,2005,1A3C,ABFLOW030,Oil,,,0.0
Ireland,2005,1A3D1,ABFLOW039,Coal,,,0.0
Ireland,2005,1A3D1,ABFLOW039,Natural gas,,,0.0
Ireland,2005,1A3D1,ABFLOW039,Oil,,,0.0
Ireland,2005,1A3D2,ABFLOW032,Coal,,,0.0
Ireland,2005,1A3D2,ABFLOW032,Natural gas,,,0.0
Ireland,2005,1A3D2,ABFLOW032,Oil,,,0.0
Ireland,2005,1A3E1,ABFLOW033,Coal,,,0.0
Ireland,2005,1A3E1,ABFLOW033,Natural gas,,,0.0
Ireland,2005,1A3E1,ABFLOW033,Oil,,,0.0
Ireland,2005,1A4A,ABFLOW035,Coal,,,0.0
Ireland,2005,1A4A,ABFLOW035,Natural gas,,,0.0
Ireland,2005,1A4A,ABFLOW035,Oil,,,0.0
Ireland,2005,1A4B,ABFLOW034,Coal,,,0.0
Ireland,2005,1A4B,ABFLOW034,Natural gas,,,0.0
Ireland,2005,1A4B,ABFLOW034,Oil,,,0.0
Ireland,2005,1A4C1,ABFLOW036,Coal,,,0.0
Ireland,2005,1A4C1,ABFLOW036,Natural gas,,,0.0
Ireland,2005,1A4C1,ABFLOW036,Oil,,,0.0
Ireland,2005,1A4C2,ABFLOW037,Coal,,,0.0
Ireland,2005,1A4C2,ABFLOW037,Natural gas,,,0.0
Ireland,2005,1A4C2,ABFLOW037,Oil,,,0.0
Ireland,2005,1A5,ABFLOW038,Coal,,,0.0
Ireland,2005,1A5,ABFLOW038,Natural gas,,,0.0
Ireland,2005,1A5,ABFLOW038,Oil,,,0.0
Ireland,2006,1A,ABFLOW001,Coal,,,0.0
Ireland,2006,1A,ABFLOW001,Natural gas,,,0.0
Ireland,2006,1A,ABFLOW001,Oil,,,0.0
Ireland,2006,1A1A,ABFLOW002,Coal,,,0.0
Ireland,2006,1A1A,ABFLOW002,Natural gas,,,0.0
Ireland,2006,1A1A,ABFLOW002,Oil,,,0.0
Ireland,2006,1A1A1,ABFLOW003,Coal,22.312622504522768,,22.312622504522768
Ireland,2006,1A1A1,ABFLOW003,Natural gas,22.312622504522768,,22.312622504522768
Ireland,2006,1A1A1,ABFLOW003,Oil,22.312622504522768,,22.312622504522768
Ireland,2006,1A1A2,ABFLOW004,Coal,22.312622504522768,,22.312622504522768
Ireland,2006,1A1A2,ABFLOW004,Natural gas,22.312622504522768,,22.312622504522768
Ireland,2006,1A1A2,ABFLOW004,Oil,22.312622504522768,,22.312622504522768
Ireland,2006,1A1A3,ABFLOW005,Coal,22.312622504522768,,22.312622504522768
Ireland,2006,1A1A3,ABFLOW005,Natural gas,22.312622504522768,,22.312622504522768
Ireland,2006,1A1A3,ABFLOW005,Oil,22.312622504522768,,22.312622504522768
Ireland,2006,1A1B,ABFLOW011,Coal,22.312622504522768,,22.312622504522768
Ireland,2006,1A1B,ABFLOW011,Natural gas,22.312622504522768,,22.312622504522768
Ireland,2006,1A1B,ABFLOW011,Oil,22.312622504522768,,22.312622504522768
Ireland,2006,1A1C,ABFLOW011,Coal,22.312622504522768,,22.312622504522768
Ireland,2006,1A1C,ABFLOW011,Natural gas,22.312622504522768,,22.312622504522768
Ireland,2006,1A1C,ABFLOW011,Oil,22.312622504522768,,22.312622504522768
Ireland,2006,1A2,ABFLOW012,Coal,,,0.0
Ireland,2006,1A2,ABFLOW012,Natural gas,,,0.0
Ireland,2006,1A2,ABFLOW012,Oil,,,0.0
Ireland,2006,1A2A,ABFLOW016,Coal,22.312622504522768,,22.312622504522768
Ireland,2006,1A2A,ABFLOW016,Natural gas,22.312622504522768,,22.312622504522768
Ireland,2006,1A2A,ABFLOW016,Oil,22.312622504522768,,22.312622504522768
Ireland,2006,1A2B,ABFLOW018,Coal,22.312622504522768,,22.312622504522768
Ireland,2006,1A2B,ABFLOW018,Natural gas,22.312622504522768,,22.312622504522768
Ireland,2006,1A2B,ABFLOW018,Oil,22.312622504522768,,22.312622504522768
Ireland,2006,1A2C,ABFLOW017,Coal,22.312622504522768,,22.312622504522768
Ireland,2006,1A2C,ABFLOW017,Natural gas,22.312622504522768,,22.312622504522768
Ireland,2006,1A2C,ABFLOW017,Oil,22.312622504522768,,22.312622504522768
Ireland,2006,1A2D,ABFLOW023,Coal,22.312622504522768,,22.312622504522768
Ireland,2006,1A2D,ABFLOW023,Natural gas,22.312622504522768,,22.312622504522768
Ireland,2006,1A2D,ABFLOW023,Oil,22.312622504522768,,22.312622504522768
Ireland,2006,1A2E,ABFLOW022,Coal,22.312622504522768,,22.312622504522768
Ireland,2006,1A2E,ABFLOW022,Natural gas,22.312622504522768,,22.312622504522768
Ireland,2006,1A2E,ABFLOW022,Oil,22.312622504522768,,22.312622504522768
Ireland,2006,1A2F,ABFLOW019,Coal,22.312622504522768,,22.312622504522768
Ireland,2006,1A2F,ABFLOW019,Natural gas,22.312622504522768,,22.312622504522768
Ireland,2006,1A2F,ABFLOW019,Oil,22.312622504522768,,22.312622504522768
Ireland,2006,1A2G,ABFLOW020,Coal,22.312622504522768,,22.312622504522768
Ireland,2006,1A2G,ABFLOW020,Natural gas,22.312622504522768,,22.312622504522768
Ireland,2006,1A2G,ABFLOW020,Oil,22.312622504522768,,22.312622504522768
Ireland,2006,1A2H,ABFLOW021,Coal,22.312622504522768,,22.312622504522768
Ireland,2006,1A2H,ABFLOW021,Natural gas,22.312622504522768,,22.312622504522768
Ireland,2006,1A2H,ABFLOW021,Oil,22.312622504522768,,22.312622504522768
Ireland,2006,1A2I,ABFLOW013,Coal,22.312622504522768,,22.312622504522768
Ireland,2006,1A2I,ABFLOW013,Natural gas,22.312622504522768,,22.312622504522768
Ireland,2006,1A2I,ABFLOW013,Oil,22.312622504522768,,22.312622504522768
Ireland,2006,1A2J,ABFLOW024,Coal,22.312622504522768,,22.312622504522768
Ireland,2006,1A2J,ABFLOW024,Natural gas,22.312622504522768,,22.312622504522768
Ireland,2006,1A2J,ABFLOW024,Oil,22.312622504522768,,22.312622504522768
Ireland,2006,1A2K,ABFLOW014,Coal,22.312622504522768,,22.312622504522768
Ireland,2006,1A2K,ABFLOW014,Natural gas,22.312622504522768,,22.312622504522768
Ireland,2006,1A2K,ABFLOW014,Oil,22.312622504522768,,22.312622504522768
Ireland,2006,1A2L,ABFLOW025,Coal,22.312622504522768,,22.312622504522768
Ireland,2006,1A2L,ABFLOW025,Natural gas,22.312622504522768,,22.312622504522768
Ireland,2006,1A2L,ABFLOW025,Oil,22.312622504522768,,22.312622504522768
Ireland,2006,1A2M,ABFLOW026,Coal,22.312622504522768,,22.312622504522768
Ireland,2006,1A2M,ABFLOW026,Natural gas,22.312622504522768,,22.312622504522768
Ireland,2006,1A2M,ABFLOW026,Oil,22.312622504522768,,22.312622504522768
Ireland,2006,1A3,ABFLOW027,Coal,,,0.0
Ireland,2006,1A3,ABFLOW027,Natural gas,,,0.0
Ireland,2006,1A3,ABFLOW027,Oil,,,0.0
Ireland,2006,1A3A1,ABFLOW040,Coal,,,0.0
Ireland,2006,1A3A1,ABFLOW040,Natural gas,,,0.0
Ireland,2006,1A3A1,ABFLOW040,Oil,,,0.0
Ireland,2006,1A3A2,ABFLOW029,Coal,,,0.0
Ireland,2006,1A3A2,ABFLOW029,Natural gas,,,0.0
Ireland,2006,1A3A2,ABFLOW029,Oil,,,0.0
Ireland,2006,1A3B,ABFLOW028,Coal,,,0.0
Ireland,2006,1A3B,ABFLOW028,Natural gas,,,0.0
Ireland,2006,1A3B,ABFLOW028,Oil,,,0.0
Ireland,2006,1A3C,ABFLOW030,Coal,,,0.0
Ireland,2006,1A3C,ABFLOW030,Natural gas,,,0.0
Ireland,2006,1A3C,ABFLOW030,Oil,,,0.0
Ireland,2006,1A3D1,ABFLOW039,Coal,,,0.0
Ireland,2006,1A3D1,ABFLOW039,Natural gas,,,0.0
Ireland,2006,1A3D1,ABFLOW039,Oil,,,0.0
Ireland,2006,1A3D2,ABFLOW032,Coal,,,0.0
Ireland,2006,1A3D2,ABFLOW032,Natural gas,,,0.0
Ireland,2006,1A3D2,ABFLOW032,Oil,,,0.0
Ireland,2006,1A3E1,ABFLOW033,Coal,,,0.0
Ireland,2006,1A3E1,ABFLOW033,Natural gas,,,0.0
Ireland,2006,1A3E1,ABFLOW033,Oil,,,0.0
Ireland,2006,1A4A,ABFLOW035,Coal,,,0.0
Ireland,2006,1A4A,ABFLOW035,Natural gas,,,0.0
Ireland,2006,1A4A,ABFLOW035,Oil,,,0.0
Ireland,2006,1A4B,ABFLOW034,Coal,,,0.0
Ireland,2006,1A4B,ABFLOW034,Natural gas,,,0.0
Ireland,2006,1A4B,ABFLOW034,Oil,,,0.0
Ireland,2006,1A4C1,ABFLOW036,Coal,,,0.0
Ireland,2006,1A4C1,ABFLOW036,Natural gas,,,0.0
Ireland,2006,1A4C1,ABFLOW036,Oil,,,0.0
Ireland,2006,1A4C2,ABFLOW037,Coal,,,0.0
Ireland,2006,1A4C2,ABFLOW037,Natural gas,,,0.0
Ireland,2006,1A4C2,ABFLOW037,Oil,,,0.0
Ireland,2006,1A5,ABFLOW038,Coal,,,0.0
Ireland,2006,1A5,ABFLOW038,Natural gas,,,0.0
Ireland,2006,1A5,ABFLOW038,Oil,,,0.0
Ireland,2007,1A,ABFLOW001,Coal,,,0.0
Ireland,2007,1A,ABFLOW001,Natural gas,,,0.0
Ireland,2007,1A,ABFLOW001,Oil,,,0.0
Ireland,2007,1A1A,ABFLOW002,Coal,,,0.0
Ireland,2007,1A1A,ABFLOW002,Natural gas,,,0.0
Ireland,2007,1A1A,ABFLOW002,Oil,,,0.0
Ireland,2007,1A1A1,ABFLOW003,Coal,0.8396957615224921,,0.8396957615224921
Ireland,2007,1A1A1,ABFLOW003,Natural gas,0.8396957615224921,,0.8396957615224921
Ireland,2007,1A1A1,ABFLOW003,Oil,0.8396957615224921,,0.8396957615224921
Ireland,2007,1A1A2,ABFLOW004,Coal,0.8396957615224921,,0.8396957615224921
Ireland,2007,1A1A2,ABFLOW004,Natural gas,0.8396957615224921,,0.8396957615224921
Ireland,2007,1A1A2,ABFLOW004,Oil,0.8396957615224921,,0.8396957615224921
Ireland,2007,1A1A3,ABFLOW005,Coal,0.8396957615224921,,0.8396957615224921
Ireland,2007,1A1A3,ABFLOW005,Natural gas,0.8396957615224921,,0.8396957615224921
Ireland,2007,1A1A3,ABFLOW005,Oil,0.8396957615224921,,0.8396957615224921
Ireland,2007,1A1B,ABFLOW011,Coal,0.8396957615224921,,0.8396957615224921
Ireland,2007,1A1B,ABFLOW011,Natural gas,0.8396957615224921,,0.8396957615224921
Ireland,2007,1A1B,ABFLOW011,Oil,0.8396957615224921,,0.8396957615224921
Ireland,2007,1A1C,ABFLOW011,Coal,0.8396957615224921,,0.8396957615224921
Ireland,2007,1A1C,ABFLOW011,Natural gas,0.8396957615224921,,0.8396957615224921
Ireland,2007,1A1C,ABFLOW011,Oil,0.8396957615224921,,0.8396957615224921
Ireland,2007,1A2,ABFLOW012,Coal,,,0.0
Ireland,2007,1A2,ABFLOW012,Natural gas,,,0.0
Ireland,2007,1A2,ABFLOW012,Oil,,,0.0
Ireland,2007,1A2A,ABFLOW016,Coal,0.8396957615224921,,0.8396957615224921
Ireland,2007,1A2A,ABFLOW016,Natural gas,0.8396957615224921,,0.8396957615224921
Ireland,2007,1A2A,ABFLOW016,Oil,0.8396957615224921,,0.8396957615224921
Ireland,2007,1A2B,ABFLOW018,Coal,0.8396957615224921,,0.8396957615224921
Ireland,2007,1A2B,ABFLOW018,Natural gas,0.8396957615224921,,0.8396957615224921
Ireland,2007,1A2B,ABFLOW018,Oil,0.8396957615224921,,0.8396957615224921
Ireland,2007,1A2C,ABFLOW017,Coal,0.8396957615224921,,0.8396957615224921
Ireland,2007,1A2C,ABFLOW017,Natural gas,0.8396957615224921,,0.8396957615224921
Ireland,2007,1A2C,ABFLOW017,Oil,0.8396957615224921,,0.8396957615224921
Ireland,2007,1A2D,ABFLOW023,Coal,0.8396957615224921,,0.8396957615224921
Ireland,2007,1A2D,ABFLOW023,Natural gas,0.8396957615224921,,0.8396957615224921
Ireland,2007,1A2D,ABFLOW023,Oil,0.8396957615224921,,0.8396957615224921
Ireland,2007,1A2E,ABFLOW022,Coal,0.8396957615224921,,0.8396957615224921
Ireland,2007,1A2E,ABFLOW022,Natural gas,0.8396957615224921,,0.8396957615224921
Ireland,2007,1A2E,ABFLOW022,Oil,0.8396957615224921,,0.8396957615224921
Ireland,2007,1A2F,ABFLOW019,Coal,0.8396957615224921,,0.8396957615224921
Ireland,2007,1A2F,ABFLOW019,Natural gas,0.8396957615224921,,0.8396957615224921
Ireland,2007,1A2F,ABFLOW019,Oil,0.8396957615224921,,0.8396957615224921
Ireland,2007,1A2G,ABFLOW020,Coal,0.8396957615224921,,0.8396957615224921
Ireland,2007,1A2G,ABFLOW020,Natural gas,0.8396957615224921,,0.8396957615224921
Ireland,2007,1A2G,ABFLOW020,Oil,0.8396957615224921,,0.8396957615224921
Ireland,2007,1A2H,ABFLOW021,Coal,0.8396957615224921,,0.8396957615224921
Ireland,2007,1A2H,ABFLOW021,Natural gas,0.8396957615224921,,0.8396957615224921
Ireland,2007,1A2H,ABFLOW021,Oil,0.8396957615224921,,0.8396957615224921
Ireland,2007,1A2I,ABFLOW013,Coal,0.8396957615224921,,0.8396957615224921
Ireland,2007,1A2I,ABFLOW013,Natural gas,0.8396957615224921,,0.8396957615224921
Ireland,2007,1A2I,ABFLOW013,Oil,0.8396957615224921,,0.8396957615224921
Ireland,2007,1A2J,ABFLOW024,Coal,0.8396957615224921,,0.8396957615224921
Ireland,2007,1A2J,ABFLOW024,Natural gas,0.8396957615224921,,0.8396957615224921
Ireland,2007,1A2J,ABFLOW024,Oil,0.8396957615224921,,0.8396957615224921
Ireland,2007,1A2K,ABFLOW014,Coal,0.8396957615224921,,0.8396957615224921
Ireland,2007,1A2K,ABFLOW014,Natural gas,0.8396957615224921,,0.8396957615224921
Ireland,2007,1A2K,ABFLOW014,Oil,0.8396957615224921,,0.8396957615224921
Ireland,2007,1A2L,ABFLOW025,Coal,0.8396957615224921,,0.8396957615224921
Ireland,2007,1A2L,ABFLOW025,Natural gas,0.8396957615224921,,0.8396957615224921
Ireland,2007,1A2L,ABFLOW025,Oil,0.8396957615224921,,0.8396957615224921
Ireland,2007,1A2M,ABFLOW026,Coal,0.8396957615224921,,0.8396957615224921
Ireland,2007,1A2M,ABFLOW026,Natural gas,0.8396957615224921,,0.8396957615224921
Ireland,2007,1A2M,ABFLOW026,Oil,0.8396957615224921,,0.8396957615224921
Ireland,2007,1A3,ABFLOW027,Coal,,,0.0
Ireland,2007,1A3,ABFLOW027,Natural gas,,,0.0
Ireland,2007,1A3,ABFLOW027,Oil,,,0.0
Ireland,2007,1A3A1,ABFLOW040,Coal,,,0.0
Ireland,2007,1A3A1,ABFLOW040,Natural gas,,,0.0
Ireland,2007,1A3A1,ABFLOW040,Oil,,,0.0
Ireland,2007,1A3A2,ABFLOW029,Coal,,,0.0
Ireland,2007,1A3A2,ABFLOW029,Natural gas,,,0.0
Ireland,2007,1A3A2,ABFLOW029,Oil,,,0.0
Ireland,2007,1A3B,ABFLOW028,Coal,,,0.0
Ireland,2007,1A3B,ABFLOW028,Natural gas,,,0.0
Ireland,2007,1A3B,ABFLOW028,Oil,,,0.0
Ireland,2007,1A3C,ABFLOW030,Coal,,,0.0
Ireland,2007,1A3C,ABFLOW030,Natural gas,,,0.0
Ireland,2007,1A3C,ABFLOW030,Oil,,,0.0
Ireland,2007,1A3D1,ABFLOW039,Coal,,,0.0
Ireland,2007,1A3D1,ABFLOW039,Natural gas,,,0.0
Ireland,2007,1A3D1,ABFLOW039,Oil,,,0.0
Ireland,2007,1A3D2,ABFLOW032,Coal,,,0.0
Ireland,2007,1A3D2,ABFLOW032,Natural gas,,,0.0
Ireland,2007,1A3D2,ABFLOW032,Oil,,,0.0
Ireland,2007,1A3E1,ABFLOW033,Coal,,,0.0
Ireland,2007,1A3E1,ABFLOW033,Natural gas,,,0.0
Ireland,2007,1A3E1,ABFLOW033,Oil,,,0.0
Ireland,2007,1A4A,ABFLOW035,Coal,,,0.0
Ireland,2007,1A4A,ABFLOW035,Natural gas,,,0.0
Ireland,2007,1A4A,ABFLOW035,Oil,,,0.0
Ireland,2007,1A4B,ABFLOW034,Coal,,,0.0
Ireland,2007,1A4B,ABFLOW034,Natural gas,,,0.0
Ireland,2007,1A4B,ABFLOW034,Oil,,,0.0
Ireland,2007,1A4C1,ABFLOW036,Coal,,,0.0
Ireland,2007,1A4C1,ABFLOW036,Natural gas,,,0.0
Ireland,2007,1A4C1,ABFLOW036,Oil,,,0.0
Ireland,2007,1A4C2,ABFLOW037,Coal,,,0.0
Ireland,2007,1A4C2,ABFLOW037,Natural gas,,,0.0
Ireland,2007,1A4C2,ABFLOW037,Oil,,,0.0
Ireland,2007,1A5,ABFLOW038,Coal,,,0.0
Ireland,2007,1A5,ABFLOW038,Natural gas,,,0.0
Ireland,2007,1A5,ABFLOW038,Oil,,,0.0
Ireland,2008,1A,ABFLOW001,Coal,,,0.0
Ireland,2008,1A,ABFLOW001,Natural gas,,,0.0
Ireland,2008,1A,ABFLOW001,Oil,,,0.0
Ireland,2008,1A1A,ABFLOW002,Coal,,,0.0
Ireland,2008,1A1A,ABFLOW002,Natural gas,,,0.0
Ireland,2008,1A1A,ABFLOW002,Oil,,,0.0
Ireland,2008,1A1A1,ABFLOW003,Coal,22.224114942909747,,22.224114942909747
Ireland,2008,1A1A1,ABFLOW003,Natural gas,22.224114942909747,,22.224114942909747
Ireland,2008,1A1A1,ABFLOW003,Oil,22.224114942909747,,22.224114942909747
Ireland,2008,1A1A2,ABFLOW004,Coal,22.224114942909747,,22.224114942909747
Ireland,2008,1A1A2,ABFLOW004,Natural gas,22.224114942909747,,22.224114942909747
Ireland,2008,1A1A2,ABFLOW004,Oil,22.224114942909747,,22.224114942909747
Ireland,2008,1A1A3,ABFLOW005,Coal,22.224114942909747,,22.224114942909747
Ireland,2008,1A1A3,ABFLOW005,Natural gas,22.224114942909747,,22.224114942909747
Ireland,2008,1A1A3,ABFLOW005,Oil,22.224114942909747,,22.224114942909747
Ireland,2008,1A1B,ABFLOW011,Coal,22.224114942909747,,22.224114942909747
Ireland,2008,1A1B,ABFLOW011,Natural gas,22.224114942909747,,22.224114942909747
Ireland,2008,1A1B,ABFLOW011,Oil,22.224114942909747,,22.224114942909747
Ireland,2008,1A1C,ABFLOW011,Coal,22.224114942909747,,22.224114942909747
Ireland,2008,1A1C,ABFLOW011,Natural gas,22.224114942909747,,22.224114942909747
Ireland,2008,1A1C,ABFLOW011,Oil,22.224114942909747,,22.224114942909747
Ireland,2008,1A2,ABFLOW012,Coal,,,0.0
Ireland,2008,1A2,ABFLOW012,Natural gas,,,0.0
Ireland,2008,1A2,ABFLOW012,Oil,,,0.0
Ireland,2008,1A2A,ABFLOW016,Coal,22.224114942909747,,22.224114942909747
Ireland,2008,1A2A,ABFLOW016,Natural gas,22.224114942909747,,22.224114942909747
Ireland,2008,1A2A,ABFLOW016,Oil,22.224114942909747,,22.224114942909747
Ireland,2008,1A2B,ABFLOW018,Coal,22.224114942909747,,22.224114942909747
Ireland,2008,1A2B,ABFLOW018,Natural gas,22.224114942909747,,22.224114942909747
Ireland,2008,1A2B,ABFLOW018,Oil,22.224114942909747,,22.224114942909747
Ireland,2008,1A2C,ABFLOW017,Coal,22.224114942909747,,22.224114942909747
Ireland,2008,1A2C,ABFLOW017,Natural gas,22.224114942909747,,22.224114942909747
Ireland,2008,1A2C,ABFLOW017,Oil,22.224114942909747,,22.224114942909747
Ireland,2008,1A2D,ABFLOW023,Coal,22.224114942909747,,22.224114942909747
Ireland,2008,1A2D,ABFLOW023,Natural gas,22.224114942909747,,22.224114942909747
Ireland,2008,1A2D,ABFLOW023,Oil,22.224114942909747,,22.224114942909747
Ireland,2008,1A2E,ABFLOW022,Coal,22.224114942909747,,22.224114942909747
Ireland,2008,1A2E,ABFLOW022,Natural gas,22.224114942909747,,22.224114942909747
Ireland,2008,1A2E,ABFLOW022,Oil,22.224114942909747,,22.224114942909747
Ireland,2008,1A2F,ABFLOW019,Coal,22.224114942909747,,22.224114942909747
Ireland,2008,1A2F,ABFLOW019,Natural gas,22.224114942909747,,22.224114942909747
Ireland,2008,1A2F,ABFLOW019,Oil,22.224114942909747,,22.224114942909747
Ireland,2008,1A2G,ABFLOW020,Coal,22.224114942909747,,22.224114942909747
Ireland,2008,1A2G,ABFLOW020,Natural gas,22.224114942909747,,22.224114942909747
Ireland,2008,1A2G,ABFLOW020,Oil,22.224114942909747,,22.224114942909747
Ireland,2008,1A2H,ABFLOW021,Coal,22.224114942909747,,22.224114942909747
Ireland,2008,1A2H,ABFLOW021,Natural gas,22.224114942909747,,22.224114942909747
Ireland,2008,1A2H,ABFLOW021,Oil,22.224114942909747,,22.224114942909747
Ireland,2008,1A2I,ABFLOW013,Coal,22.224114942909747,,22.224114942909747
Ireland,2008,1A2I,ABFLOW013,Natural gas,22.224114942909747,,22.224114942909747
Ireland,2008,1A2I,ABFLOW013,Oil,22.224114942909747,,22.224114942909747
Ireland,2008,1A2J,ABFLOW024,Coal,22.224114942909747,,22.224114942909747
Ireland,2008,1A2J,ABFLOW024,Natural gas,22.224114942909747,,22.224114942909747
Ireland,2008,1A2J,ABFLOW024,Oil,22.224114942909747,,22.224114942909747
Ireland,2008,1A2K,ABFLOW014,Coal,22.224114942909747,,22.224114942909747
Ireland,2008,1A2K,ABFLOW014,Natural gas,22.224114942909747,,22.224114942909747
Ireland,2008,1A2K,ABFLOW014,Oil,22.224114942909747,,22.224114942909747
Ireland,2008,1A2L,ABFLOW025,Coal,22.224114942909747,,22.224114942909747
Ireland,2008,1A2L,ABFLOW025,Natural gas,22.224114942909747,,22.224114942909747
Ireland,2008,1A2L,ABFLOW025,Oil,22.224114942909747,,22.224114942909747
Ireland,2008,1A2M,ABFLOW026,Coal,22.224114942909747,,22.224114942909747
Ireland,2008,1A2M,ABFLOW026,Natural gas,22.224114942909747,,22.224114942909747
Ireland,2008,1A2M,ABFLOW026,Oil,22.224114942909747,,22.224114942909747
Ireland,2008,1A3,ABFLOW027,Coal,,,0.0
Ireland,2008,1A3,ABFLOW027,Natural gas,,,0.0
Ireland,2008,1A3,ABFLOW027,Oil,,,0.0
Ireland,2008,1A3A1,ABFLOW040,Coal,,,0.0
Ireland,2008,1A3A1,ABFLOW040,Natural gas,,,0.0
Ireland,2008,1A3A1,ABFLOW040,Oil,,,0.0
Ireland,2008,1A3A2,ABFLOW029,Coal,,,0.0
Ireland,2008,1A3A2,ABFLOW029,Natural gas,,,0.0
Ireland,2008,1A3A2,ABFLOW029,Oil,,,0.0
Ireland,2008,1A3B,ABFLOW028,Coal,,,0.0
Ireland,2008,1A3B,ABFLOW028,Natural gas,,,0.0
Ireland,2008,1A3B,ABFLOW028,Oil,,,0.0
Ireland,2008,1A3C,ABFLOW030,Coal,,,0.0
Ireland,2008,1A3C,ABFLOW030,Natural gas,,,0.0
Ireland,2008,1A3C,ABFLOW030,Oil,,,0.0
Ireland,2008,1A3D1,ABFLOW039,Coal,,,0.0
Ireland,2008,1A3D1,ABFLOW039,Natural gas,,,0.0
Ireland,2008,1A3D1,ABFLOW039,Oil,,,0.0
Ireland,2008,1A3D2,ABFLOW032,Coal,,,0.0
Ireland,2008,1A3D2,ABFLOW032,Natural gas,,,0.0
Ireland,2008,1A3D2,ABFLOW032,Oil,,,0.0
Ireland,2008,1A3E1,ABFLOW033,Coal,,,0.0
Ireland,2008,1A3E1,ABFLOW033,Natural gas,,,0.0
Ireland,2008,1A3E1,ABFLOW033,Oil,,,0.0
Ireland,2008,1A4A,ABFLOW035,Coal,,,0.0
Ireland,2008,1A4A,ABFLOW035,Natural gas,,,0.0
Ireland,2008,1A4A,ABFLOW035,Oil,,,0.0
Ireland,2008,1A4B,ABFLOW034,Coal,,,0.0
Ireland,2008,1A4B,ABFLOW034,Natural gas,,,0.0
Ireland,2008,1A4B,ABFLOW034,Oil,,,0.0
Ireland,2008,1A4C1,ABFLOW036,Coal,,,0.0
Ireland,2008,1A4C1,ABFLOW036,Natural gas,,,0.0
Ireland,2008,1A4C1,ABFLOW036,Oil,,,0.0
Ireland,2008,1A4C2,ABFLOW037,Coal,,,0.0
Ireland,2008,1A4C2,ABFLOW037,Natural gas,,,0.0
Ireland,2008,1A4C2,ABFLOW037,Oil,,,0.0
Ireland,2008,1A5,ABFLOW038,Coal,,,0.0
Ireland,2008,1A5,ABFLOW038,Natural gas,,,0.0
Ireland,2008,1A5,ABFLOW038,Oil,,,0.0
Ireland,2009,1A,ABFLOW001,Coal,,,0.0
Ireland,2009,1A,ABFLOW001,Natural gas,,,0.0
Ireland,2009,1A,ABFLOW001,Oil,,,0.0
Ireland,2009,1A1A,ABFLOW002,Coal,,,0.0
Ireland,2009,1A1A,ABFLOW002,Natural gas,,,0.0
Ireland,2009,1A1A,ABFLOW002,Oil,,,0.0
Ireland,2009,1A1A1,ABFLOW003,Coal,17.630477661138844,,17.630477661138844
Ireland,2009,1A1A1,ABFLOW003,Natural gas,17.630477661138844,,17.630477661138844
Ireland,2009,1A1A1,ABFLOW003,Oil,17.630477661138844,,17.630477661138844
Ireland,2009,1A1A2,ABFLOW004,Coal,17.630477661138844,,17.630477661138844
Ireland,2009,1A1A2,ABFLOW004,Natural gas,17.630477661138844,,17.630477661138844
Ireland,2009,1A1A2,ABFLOW004,Oil,17.630477661138844,,17.630477661138844
Ireland,2009,1A1A3,ABFLOW005,Coal,17.630477661138844,,17.630477661138844
Ireland,2009,1A1A3,ABFLOW005,Natural gas,17.630477661138844,,17.630477661138844
Ireland,2009,1A1A3,ABFLOW005,Oil,17.630477661138844,,17.630477661138844
Ireland,2009,1A1B,ABFLOW011,Coal,17.630477661138844,,17.630477661138844
Ireland,2009,1A1B,ABFLOW011,Natural gas,17.630477661138844,,17.630477661138844
Ireland,2009,1A1B,ABFLOW011,Oil,17.630477661138844,,17.630477661138844
Ireland,2009,1A1C,ABFLOW011,Coal,17.630477661138844,,17.630477661138844
Ireland,2009,1A1C,ABFLOW011,Natural gas,17.630477661138844,,17.630477661138844
Ireland,2009,1A1C,ABFLOW011,Oil,17.630477661138844,,17.630477661138844
Ireland,2009,1A2,ABFLOW012,Coal,,,0.0
Ireland,2009,1A2,ABFLOW012,Natural gas,,,0.0
Ireland,2009,1A2,ABFLOW012,Oil,,,0.0
Ireland,2009,1A2A,ABFLOW016,Coal,17.630477661138844,,17.630477661138844
Ireland,2009,1A2A,ABFLOW016,Natural gas,17.630477661138844,,17.630477661138844
Ireland,2009,1A2A,ABFLOW016,Oil,17.630477661138844,,17.630477661138844
Ireland,2009,1A2B,ABFLOW018,Coal,17.630477661138844,,17.630477661138844
Ireland,2009,1A2B,ABFLOW018,Natural gas,17.630477661138844,,17.630477661138844
Ireland,2009,1A2B,ABFLOW018,Oil,17.630477661138844,,17.630477661138844
Ireland,2009,1A2C,ABFLOW017,Coal,17.630477661138844,,17.630477661138844
Ireland,2009,1A2C,ABFLOW017,Natural gas,17.630477661138844,,17.630477661138844
Ireland,2009,1A2C,ABFLOW017,Oil,17.630477661138844,,17.630477661138844
Ireland,2009,1A2D,ABFLOW023,Coal,17.630477661138844,,17.630477661138844
Ireland,2009,1A2D,ABFLOW023,Natural gas,17.630477661138844,,17.630477661138844
Ireland,2009,1A2D,ABFLOW023,Oil,17.630477661138844,,17.630477661138844
Ireland,2009,1A2E,ABFLOW022,Coal,17.630477661138844,,17.630477661138844
Ireland,2009,1A2E,ABFLOW022,Natural gas,17.630477661138844,,17.630477661138844
Ireland,2009,1A2E,ABFLOW022,Oil,17.630477661138844,,17.630477661138844
Ireland,2009,1A2F,ABFLOW019,Coal,17.630477661138844,,17.630477661138844
Ireland,2009,1A2F,ABFLOW019,Natural gas,17.630477661138844,,17.630477661138844
Ireland,2009,1A2F,ABFLOW019,Oil,17.630477661138844,,17.630477661138844
Ireland,2009,1A2G,ABFLOW020,Coal,17.630477661138844,,17.630477661138844
Ireland,2009,1A2G,ABFLOW020,Natural gas,17.630477661138844,,17.630477661138844
Ireland,2009,1A2G,ABFLOW020,Oil,17.630477661138844,,17.630477661138844
Ireland,2009,1A2H,ABFLOW021,Coal,17.630477661138844,,17.630477661138844
Ireland,2009,1A2H,ABFLOW021,Natural gas,17.630477661138844,,17.630477661138844
Ireland,2009,1A2H,ABFLOW021,Oil,17.630477661138844,,17.630477661138844
Ireland,2009,1A2I,ABFLOW013,Coal,17.630477661138844,,17.630477661138844
Ireland,2009,1A2I,ABFLOW013,Natural gas,17.630477661138844,,17.630477661138844
Ireland,2009,1A2I,ABFLOW013,Oil,17.630477661138844,,17.630477661138844
Ireland,2009,1A2J,ABFLOW024,Coal,17.630477661138844,,17.630477661138844
Ireland,2009,1A2J,ABFLOW024,Natural gas,17.630477661138844,,17.630477661138844
Ireland,2009,1A2J,ABFLOW024,Oil,17.630477661138844,,17.630477661138844
Ireland,2009,1A2K,ABFLOW014,Coal,17.630477661138844,,17.630477661138844
Ireland,2009,1A2K,ABFLOW014,Natural gas,17.630477661138844,,17.630477661138844
Ireland,2009,1A2K,ABFLOW014,Oil,17.630477661138844,,17.630477661138844
Ireland,2009,1A2L,ABFLOW025,Coal,17.630477661138844,,17.630477661138844
Ireland,2009,1A2L,ABFLOW025,Natural gas,17.630477661138844,,17.630477661138844
Ireland,2009,1A2L,ABFLOW025,Oil,17.630477661138844,,17.630477661138844
Ireland,2009,1A2M,ABFLOW026,Coal,17.630477661138844,,17.630477661138844
Ireland,2009,1A2M,ABFLOW026,Natural gas,17.630477661138844,,17.630477661138844
Ireland,2009,1A2M,ABFLOW026,Oil,17.630477661138844,,17.630477661138844
Ireland,2009,1A3,ABFLOW027,Coal,,,0.0
Ireland,2009,1A3,ABFLOW027,Natural gas,,,0.0
Ireland,2009,1A3,ABFLOW027,Oil,,,0.0
Ireland,2009,1A3A1,ABFLOW040,Coal,,,0.0
Ireland,2009,1A3A1,ABFLOW040,Natural gas,,,0.0
Ireland,2009,1A3A1,ABFLOW040,Oil,,,0.0
Ireland,2009,1A3A2,ABFLOW029,Coal,,,0.0
Ireland,2009,1A3A2,ABFLOW029,Natural gas,,,0.0
Ireland,2009,1A3A2,ABFLOW029,Oil,,,0.0
Ireland,2009,1A3B,ABFLOW028,Coal,,,0.0
Ireland,2009,1A3B,ABFLOW028,Natural gas,,,0.0
Ireland,2009,1A3B,ABFLOW028,Oil,,,0.0
Ireland,2009,1A3C,ABFLOW030,Coal,,,0.0
Ireland,2009,1A3C,ABFLOW030,Natural gas,,,0.0
Ireland,2009,1A3C,ABFLOW030,Oil,,,0.0
Ireland,2009,1A3D1,ABFLOW039,Coal,,,0.0
Ireland,2009,1A3D1,ABFLOW039,Natural gas,,,0.0
Ireland,2009,1A3D1,ABFLOW039,Oil,,,0.0
Ireland,2009,1A3D2,ABFLOW032,Coal,,,0.0
Ireland,2009,1A3D2,ABFLOW032,Natural gas,,,0.0
Ireland,2009,1A3D2,ABFLOW032,Oil,,,0.0
Ireland,2009,1A3E1,ABFLOW033,Coal,,,0.0
Ireland,2009,1A3E1,ABFLOW033,Natural gas,,,0.0
Ireland,2009,1A3E1,ABFLOW033,Oil,,,0.0
Ireland,2009,1A4A,ABFLOW035,Coal,,,0.0
Ireland,2009,1A4A,ABFLOW035,Natural gas,,,0.0
Ireland,2009,1A4A,ABFLOW035,Oil,,,0.0
Ireland,2009,1A4B,ABFLOW034,Coal,,,0.0
Ireland,2009,1A4B,ABFLOW034,Natural gas,,,0.0
Ireland,2009,1A4B,ABFLOW034,Oil,,,0.0
Ireland,2009,1A4C1,ABFLOW036,Coal,,,0.0
Ireland,2009,1A4C1,ABFLOW036,Natural gas,,,0.0
Ireland,2009,1A4C1,ABFLOW036,Oil,,,0.0
Ireland,2009,1A4C2,ABFLOW037,Coal,,,0.0
Ireland,2009,1A4C2,ABFLOW037,Natural gas,,,0.0
Ireland,2009,1A4C2,ABFLOW037,Oil,,,0.0
Ireland,2009,1A5,ABFLOW038,Coal,,,0.0
Ireland,2009,1A5,ABFLOW038,Natural gas,,,0.0
Ireland,2009,1A5,ABFLOW038,Oil,,,0.0
Ireland,2010,1A,ABFLOW001,Coal,,,0.0
Ireland,2010,1A,ABFLOW001,Natural gas,,,0.0
Ireland,2010,1A,ABFLOW001,Oil,,,0.0
Ireland,2010,1A1A,ABFLOW002,Coal,,,0.0
Ireland,2010,1A1A,ABFLOW002,Natural gas,,,0.0
Ireland,2010,1A1A,ABFLOW002,Oil,,,0.0
Ireland,2010,1A1A1,ABFLOW003,Coal,19.79164042395996,,19.79164042395996
Ireland,2010,1A1A1,ABFLOW003,Natural gas,19.79164042395996,,19.79164042395996
Ireland,2010,1A1A1,ABFLOW003,Oil,19.79164042395996,,19.79164042395996
Ireland,2010,1A1A2,ABFLOW004,Coal,19.79164042395996,,19.79164042395996
Ireland,2010,1A1A2,ABFLOW004,Natural gas,19.79164042395996,,19.79164042395996
Ireland,2010,1A1A2,ABFLOW004,Oil,19.79164042395996,,19.79164042395996
Ireland,2010,1A1A3,ABFLOW005,Coal,19.79164042395996,,19.79164042395996
Ireland,2010,1A1A3,ABFLOW005,Natural gas,19.79164042395996,,19.79164042395996
Ireland,2010,1A1A3,ABFLOW005,Oil,19.79164042395996,,19.79164042395996
Ireland,2010,1A1B,ABFLOW011,Coal,19.79164042395996,,19.79164042395996
Ireland,2010,1A1B,ABFLOW011,Natural gas,19.79164042395996,,19.79164042395996
Ireland,2010,1A1B,ABFLOW011,Oil,19.79164042395996,,19.79164042395996
Ireland,2010,1A1C,ABFLOW011,Coal,19.79164042395996,,19.79164042395996
Ireland,2010,1A1C,ABFLOW011,Natural gas,19.79164042395996,,19.79164042395996
Ireland,2010,1A1C,ABFLOW011,Oil,19.79164042395996,,19.79164042395996
Ireland,2010,1A2,ABFLOW012,Coal,,,0.0
Ireland,2010,1A2,ABFLOW012,Natural gas,,,0.0
Ireland,2010,1A2,ABFLOW012,Oil,,,0.0
Ireland,2010,1A2A,ABFLOW016,Coal,19.79164042395996,,19.79164042395996
Ireland,2010,1A2A,ABFLOW016,Natural gas,19.79164042395996,,19.79164042395996
Ireland,2010,1A2A,ABFLOW016,Oil,19.79164042395996,,19.79164042395996
Ireland,2010,1A2B,ABFLOW018,Coal,19.79164042395996,,19.79164042395996
Ireland,2010,1A2B,ABFLOW018,Natural gas,19.79164042395996,,19.79164042395996
Ireland,2010,1A2B,ABFLOW018,Oil,19.79164042395996,,19.79164042395996
Ireland,2010,1A2C,ABFLOW017,Coal,19.79164042395996,,19.79164042395996
Ireland,2010,1A2C,ABFLOW017,Natural gas,19.79164042395996,,19.79164042395996
Ireland,2010,1A2C,ABFLOW017,Oil,19.79164042395996,,19.79164042395996
Ireland,2010,1A2D,ABFLOW023,Coal,19.79164042395996,,19.79164042395996
Ireland,2010,1A2D,ABFLOW023,Natural gas,19.79164042395996,,19.79164042395996
Ireland,2010,1A2D,ABFLOW023,Oil,19.79164042395996,,19.79164042395996
Ireland,2010,1A2E,ABFLOW022,Coal,19.79164042395996,,19.79164042395996
Ireland,2010,1A2E,ABFLOW022,Natural gas,19.79164042395996,,19.79164042395996
Ireland,2010,1A2E,ABFLOW022,Oil,19.79164042395996,,19.79164042395996
Ireland,2010,1A2F,ABFLOW019,Coal,19.79164042395996,,19.79164042395996
Ireland,2010,1A2F,ABFLOW019,Natural gas,19.79164042395996,,19.79164042395996
Ireland,2010,1A2F,ABFLOW019,Oil,19.79164042395996,,19.79164042395996
Ireland,2010,1A2G,ABFLOW020,Coal,19.79164042395996,,19.79164042395996
Ireland,2010,1A2G,ABFLOW020,Natural gas,19.79164042395996,,19.79164042395996
Ireland,2010,1A2G,ABFLOW020,Oil,19.79164042395996,,19.79164042395996
Ireland,2010,1A2H,ABFLOW021,Coal,19.79164042395996,,19.79164042395996
Ireland,2010,1A2H,ABFLOW021,Natural gas,19.79164042395996,,19.79164042395996
Ireland,2010,1A2H,ABFLOW021,Oil,19.79164042395996,,19.79164042395996
Ireland,2010,1A2I,ABFLOW013,Coal,19.79164042395996,,19.79164042395996
Ireland,2010,1A2I,ABFLOW013,Natural gas,19.79164042395996,,19.79164042395996
Ireland,2010,1A2I,ABFLOW013,Oil,19.79164042395996,,19.79164042395996
Ireland,2010,1A2J,ABFLOW024,Coal,19.79164042395996,,19.79164042395996
Ireland,2010,1A2J,ABFLOW024,Natural gas,19.79164042395996,,19.79164042395996
Ireland,2010,1A2J,ABFLOW024,Oil,19.79164042395996,,19.79164042395996
Ireland,2010,1A2K,ABFLOW014,Coal,19.79164042395996,,19.79164042395996
Ireland,2010,1A2K,ABFLOW014,Natural gas,19.79164042395996,,19.79164042395996
Ireland,2010,1A2K,ABFLOW014,Oil,19.79164042395996,,19.79164042395996
Ireland,2010,1A2L,ABFLOW025,Coal,19.79164042395996,,19.79164042395996
Ireland,2010,1A2L,ABFLOW025,Natural gas,19.79164042395996,,19.79164042395996
Ireland,2010,1A2L,ABFLOW025,Oil,19.79164042395996,,19.79164042395996
Ireland,2010,1A2M,ABFLOW026,Coal,19.79164042395996,,19.79164042395996
Ireland,2010,1A2M,ABFLOW026,Natural gas,19.79164042395996,,19.79164042395996
Ireland,2010,1A2M,ABFLOW026,Oil,19.79164042395996,,19.79164042395996
Ireland,2010,1A3,ABFLOW027,Coal,,,0.0
Ireland,2010,1A3,ABFLOW027,Natural gas,,,0.0
Ireland,2010,1A3,ABFLOW027,Oil,,,0.0
Ireland,2010,1A3A1,ABFLOW040,Coal,,,0.0
Ireland,2010,1A3A1,ABFLOW040,Natural gas,,,0.0
Ireland,2010,1A3A1,ABFLOW040,Oil,,,0.0
Ireland,2010,1A3A2,ABFLOW029,Coal,,,0.0
Ireland,2010,1A3A2,ABFLOW029,Natural gas,,20.70255274472799,20.70255274472799
Ireland,2010,1A3A2,ABFLOW029,Oil,,20.70255274472799,20.70255274472799
Ireland,2010,1A3B,ABFLOW028,Coal,,,0.0
Ireland,2010,1A3B,ABFLOW028,Natural gas,,20.70255274472799,20.70255274472799
Ireland,2010,1A3B,ABFLOW028,Oil,,20.70255274472799,20.70255274472799
Ireland,2010,1A3C,ABFLOW030,Coal,,,0.0
Ireland,2010,1A3C,ABFLOW030,Natural gas,,,0.0
Ireland,2010,1A3C,ABFLOW030,Oil,,,0.0
Ireland,2010,1A3D1,ABFLOW039,Coal,,,0.0
Ireland,2010,1A3D1,ABFLOW039,Natural gas,,20.70255274472799,20.70255274472799
Ireland,2010,1A3D1,ABFLOW039,Oil,,20.70255274472799,20.70255274472799
Ireland,2010,1A3D2,ABFLOW032,Coal,,,0.0
Ireland,2010,1A3D2,ABFLOW032,Natural gas,,20.70255274472799,20.70255274472799
Ireland,2010,1A3D2,ABFLOW032,Oil,,20.70255274472799,20.70255274472799
Ireland,2010,1A3E1,ABFLOW033,Coal,,,0.0
Ireland,2010,1A3E1,ABFLOW033,Natural gas,,20.70255274472799,20.70255274472799
Ireland,2010,1A3E1,ABFLOW033,Oil,,20.70255274472799,20.70255274472799
Ireland,2010,1A4A,ABFLOW035,Coal,,,0.0
Ireland,2010,1A4A,ABFLOW035,Natural gas,,20.70255274472799,20.70255274472799
Ireland,2010,1A4A,ABFLOW035,Oil,,20.70255274472799,20.70255274472799
Ireland,2010,1A4B,ABFLOW034,Coal,,,0.0
Ireland,2010,1A4B,ABFLOW034,Natural gas,,20.70255274472799,20.70255274472799
Ireland,2010,1A4B,ABFLOW034,Oil,,20.70255274472799,20.70255274472799
Ireland,2010,1A4C1,ABFLOW036,Coal,,,0.0
Ireland,2010,1A4C1,ABFLOW036,Natural gas,,20.70255274472799,20.70255274472799
Ireland,2010,1A4C1,ABFLOW036,Oil,,20.70255274472799,20.70255274472799
Ireland,2010,1A4C2,ABFLOW037,Coal,,,0.0
Ireland,2010,1A4C2,ABFLOW037,Natural gas,,,0.0
Ireland,2010,1A4C2,ABFLOW037,Oil,,,0.0
Ireland,2010,1A5,ABFLOW038,Coal,,,0.0
Ireland,2010,1A5,ABFLOW038,Natural gas,,,0.0
Ireland,2010,1A5,ABFLOW038,Oil,,,0.0
Ireland,2011,1A,ABFLOW001,Coal,,,0.0
Ireland,2011,1A,ABFLOW001,Natural gas,,,0.0
Ireland,2011,1A,ABFLOW001,Oil,,,0.0
Ireland,2011,1A1A,ABFLOW002,Coal,,,0.0
Ireland,2011,1A1A,ABFLOW002,Natural gas,,,0.0
Ireland,2011,1A1A,ABFLOW002,Oil,,,0.0
Ireland,2011,1A1A1,ABFLOW003,Coal,17.532502073806338,,17.532502073806338
Ireland,2011,1A1A1,ABFLOW003,Natural gas,17.532502073806338,,17.532502073806338
Ireland,2011,1A1A1,ABFLOW003,Oil,17.532502073806338,,17.532502073806338
Ireland,2011,1A1A2,ABFLOW004,Coal,17.532502073806338,,17.532502073806338
Ireland,2011,1A1A2,ABFLOW004,Natural gas,17.532502073806338,,17.532502073806338
Ireland,2011,1A1A2,ABFLOW004,Oil,17.532502073806338,,17.532502073806338
Ireland,2011,1A1A3,ABFLOW005,Coal,17.532502073806338,,17.532502073806338
Ireland,2011,1A1A3,ABFLOW005,Natural gas,17.532502073806338,,17.532502073806338
Ireland,2011,1A1A3,ABFLOW005,Oil,17.532502073806338,,17.532502073806338
Ireland,2011,1A1B,ABFLOW011,Coal,17.532502073806338,,17.532502073806338
Ireland,2011,1A1B,ABFLOW011,Natural gas,17.532502073806338,,17.532502073806338
Ireland,2011,1A1B,ABFLOW011,Oil,17.532502073806338,,17.532502073806338
Ireland,2011,1A1C,ABFLOW011,Coal,17.532502073806338,,17.532502073806338
Ireland,2011,1A1C,ABFLOW011,Natural gas,17.532502073806338,,17.532502073806338
Ireland,2011,1A1C,ABFLOW011,Oil,17.532502073806338,,17.532502073806338
Ireland,2011,1A2,ABFLOW012,Coal,,,0.0
Ireland,2011,1A2,ABFLOW012,Natural gas,,,0.0
Ireland,2011,1A2,ABFLOW012,Oil,,,0.0
Ireland,2011,1A2A,ABFLOW016,Coal,17.532502073806338,,17.532502073806338
Ireland,2011,1A2A,ABFLOW016,Natural gas,17.532502073806338,,17.532502073806338
Ireland,2011,1A2A,ABFLOW016,Oil,17.532502073806338,,17.532502073806338
Ireland,2011,1A2B,ABFLOW018,Coal,17.532502073806338,,17.532502073806338
Ireland,2011,1A2B,ABFLOW018,Natural gas,17.532502073806338,,17.532502073806338
Ireland,2011,1A2B,ABFLOW018,Oil,17.532502073806338,,17.532502073806338
Ireland,2011,1A2C,ABFLOW017,Coal,17.532502073806338,,17.532502073806338
Ireland,2011,1A2C,ABFLOW017,Natural gas,17.532502073806338,,17.532502073806338
Ireland,2011,1A2C,ABFLOW017,Oil,17.532502073806338,,17.532502073806338
Ireland,2011,1A2D,ABFLOW023,Coal,17.532502073806338,,17.532502073806338
Ireland,2011,1A2D,ABFLOW023,Natural gas,17.532502073806338,,17.532502073806338
Ireland,2011,1A2D,ABFLOW023,Oil,17.532502073806338,,17.532502073806338
Ireland,2011,1A2E,ABFLOW022,Coal,17.532502073806338,,17.532502073806338
Ireland,2011,1A2E,ABFLOW022,Natural gas,17.532502073806338,,17.532502073806338
Ireland,2011,1A2E,ABFLOW022,Oil,17.532502073806338,,17.532502073806338
Ireland,2011,1A2F,ABFLOW019,Coal,17.532502073806338,,17.532502073806338
Ireland,2011,1A2F,ABFLOW019,Natural gas,17.532502073806338,,17.532502073806338
Ireland,2011,1A2F,ABFLOW019,Oil,17.532502073806338,,17.532502073806338
Ireland,2011,1A2G,ABFLOW020,Coal,17.532502073806338,,17.532502073806338
Ireland,2011,1A2G,ABFLOW020,Natural gas,17.532502073806338,,17.532502073806338
Ireland,2011,1A2G,ABFLOW020,Oil,17.532502073806338,,17.532502073806338
Ireland,2011,1A2H,ABFLOW021,Coal,17.532502073806338,,17.532502073806338
Ireland,2011,1A2H,ABFLOW021,Natural gas,17.532502073806338,,17.532502073806338
Ireland,2011,1A2H,ABFLOW021,Oil,17.532502073806338,,17.532502073806338
Ireland,2011,1A2I,ABFLOW013,Coal,17.532502073806338,,17.532502073806338
Ireland,2011,1A2I,ABFLOW013,Natural gas,17.532502073806338,,17.532502073806338
Ireland,2011,1A2I,ABFLOW013,Oil,17.532502073806338,,17.532502073806338
Ireland,2011,1A2J,ABFLOW024,Coal,17.532502073806338,,17.532502073806338
Ireland,2011,1A2J,ABFLOW024,Natural gas,17.532502073806338,,17.532502073806338
Ireland,2011,1A2J,ABFLOW024,Oil,17.532502073806338,,17.532502073806338
Ireland,2011,1A2K,ABFLOW014,Coal,17.532502073806338,,17.532502073806338
Ireland,2011,1A2K,ABFLOW014,Natural gas,17.532502073806338,,17.532502073806338
Ireland,2011,1A2K,ABFLOW014,Oil,17.532502073806338,,17.532502073806338
Ireland,2011,1A2L,ABFLOW025,Coal,17.532502073806338,,17.532502073806338
Ireland,2011,1A2L,ABFLOW025,Natural gas,17.532502073806338,,17.532502073806338
Ireland,2011,1A2L,ABFLOW025,Oil,17.532502073806338,,17.532502073806338
Ireland,2011,1A2M,ABFLOW026,Coal,17.532502073806338,,17.532502073806338
Ireland,2011,1A2M,ABFLOW026,Natural gas,17.532502073806338,,17.532502073806338
Ireland,2011,1A2M,ABFLOW026,Oil,17.532502073806338,,17.532502073806338
Ireland,2011,1A3,ABFLOW027,Coal,,,0.0
Ireland,2011,1A3,ABFLOW027,Natural gas,,,0.0
Ireland,2011,1A3,ABFLOW027,Oil,,,0.0
Ireland,2011,1A3A1,ABFLOW040,Coal,,,0.0
Ireland,2011,1A3A1,ABFLOW040,Natural gas,,,0.0
Ireland,2011,1A3A1,ABFLOW040,Oil,,,0.0
Ireland,2011,1A3A2,ABFLOW029,Coal,,,0.0
Ireland,2011,1A3A2,ABFLOW029,Natural gas,,20.323611368399927,20.323611368399927
Ireland,2011,1A3A2,ABFLOW029,Oil,,20.323611368399927,20.323611368399927
Ireland,2011,1A3B,ABFLOW028,Coal,,,0.0
Ireland,2011,1A3B,ABFLOW028,Natural gas,,20.323611368399927,20.323611368399927
Ireland,2011,1A3B,ABFLOW028,Oil,,20.323611368399927,20.323611368399927
Ireland,2011,1A3C,ABFLOW030,Coal,,,0.0
Ireland,2011,1A3C,ABFLOW030,Natural gas,,,0.0
Ireland,2011,1A3C,ABFLOW030,Oil,,,0.0
Ireland,2011,1A3D1,ABFLOW039,Coal,,,0.0
Ireland,2011,1A3D1,ABFLOW039,Natural gas,,20.323611368399927,20.323611368399927
Ireland,2011,1A3D1,ABFLOW039,Oil,,20.323611368399927,20.323611368399927
Ireland,2011,1A3D2,ABFLOW032,Coal,,,0.0
Ireland,2011,1A3D2,ABFLOW032,Natural gas,,20.323611368399927,20.323611368399927
Ireland,2011,1A3D2,ABFLOW032,Oil,,20.323611368399927,20.323611368399927
Ireland,2011,1A3E1,ABFLOW033,Coal,,,0.0
Ireland,2011,1A3E1,ABFLOW033,Natural gas,,20.323611368399927,20.323611368399927
Ireland,2011,1A3E1,ABFLOW033,Oil,,20.323611368399927,20.323611368399927
Ireland,2011,1A4A,ABFLOW035,Coal,,,0.0
Ireland,2011,1A4A,ABFLOW035,Natural gas,,20.323611368399927,20.323611368399927
Ireland,2011,1A4A,ABFLOW035,Oil,,20.323611368399927,20.323611368399927
Ireland,2011,1A4B,ABFLOW034,Coal,,,0.0
Ireland,2011,1A4B,ABFLOW034,Natural gas,,20.323611368399927,20.323611368399927
Ireland,2011,1A4B,ABFLOW034,Oil,,20.323611368399927,20.323611368399927
Ireland,2011,1A4C1,ABFLOW036,Coal,,,0.0
Ireland,2011,1A4C1,ABFLOW036,Natural gas,,20.323611368399927,20.323611368399927
Ireland,2011,1A4C1,ABFLOW036,Oil,,20.323611368399927,20.323611368399927
Ireland,2011,1A4C2,ABFLOW037,Coal,,,0.0
Ireland,2011,1A4C2,ABFLOW037,Natural gas,,,0.0
Ireland,2011,1A4C2,ABFLOW037,Oil,,,0.0
Ireland,2011,1A5,ABFLOW038,Coal,,,0.0
Ireland,2011,1A5,ABFLOW038,Natural gas,,,0.0
Ireland,2011,1A5,ABFLOW038,Oil,,,0.0
Ireland,2012,1A,ABFLOW001,Coal,,,0.0
Ireland,2012,1A,ABFLOW001,Natural gas,,,0.0
Ireland,2012,1A,ABFLOW001,Oil,,,0.0
Ireland,2012,1A1A,ABFLOW002,Coal,,,0.0
Ireland,2012,1A1A,ABFLOW002,Natural gas,,,0.0
Ireland,2012,1A1A,ABFLOW002,Oil,,,0.0
Ireland,2012,1A1A1,ABFLOW003,Coal,9.761509303127776,,9.761509303127776
Ireland,2012,1A1A1,ABFLOW003,Natural gas,9.761509303127776,,9.761509303127776
Ireland,2012,1A1A1,ABFLOW003,Oil,9.761509303127776,,9.761509303127776
Ireland,2012,1A1A2,ABFLOW004,Coal,9.761509303127776,,9.761509303127776
Ireland,2012,1A1A2,ABFLOW004,Natural gas,9.761509303127776,,9.761509303127776
Ireland,2012,1A1A2,ABFLOW004,Oil,9.761509303127776,,9.761509303127776
Ireland,2012,1A1A3,ABFLOW005,Coal,9.761509303127776,,9.761509303127776
Ireland,2012,1A1A3,ABFLOW005,Natural gas,9.761509303127776,,9.761509303127776
Ireland,2012,1A1A3,ABFLOW005,Oil,9.761509303127776,,9.761509303127776
Ireland,2012,1A1B,ABFLOW011,Coal,9.761509303127776,,9.761509303127776
Ireland,2012,1A1B,ABFLOW011,Natural gas,9.761509303127776,,9.761509303127776
Ireland,2012,1A1B,ABFLOW011,Oil,9.761509303127776,,9.761509303127776
Ireland,2012,1A1C,ABFLOW011,Coal,9.761509303127776,,9.761509303127776
Ireland,2012,1A1C,ABFLOW011,Natural gas,9.761509303127776,,9.761509303127776
Ireland,2012,1A1C,ABFLOW011,Oil,9.761509303127776,,9.761509303127776
Ireland,2012,1A2,ABFLOW012,Coal,,,0.0
Ireland,2012,1A2,ABFLOW012,Natural gas,,,0.0
Ireland,2012,1A2,ABFLOW012,Oil,,,0.0
Ireland,2012,1A2A,ABFLOW016,Coal,9.761509303127776,,9.761509303127776
Ireland,2012,1A2A,ABFLOW016,Natural gas,9.761509303127776,,9.761509303127776
Ireland,2012,1A2A,ABFLOW016,Oil,9.761509303127776,,9.761509303127776
Ireland,2012,1A2B,ABFLOW018,Coal,9.761509303127776,,9.761509303127776
Ireland,2012,1A2B,ABFLOW018,Natural gas,9.761509303127776,,9.761509303127776
Ireland,2012,1A2B,ABFLOW018,Oil,9.761509303127776,,9.761509303127776
Ireland,2012,1A2C,ABFLOW017,Coal,9.761509303127776,,9.761509303127776
Ireland,2012,1A2C,ABFLOW017,Natural gas,9.761509303127776,,9.761509303127776
Ireland,2012,1A2C,ABFLOW017,Oil,9.761509303127776,,9.761509303127776
Ireland,2012,1A2D,ABFLOW023,Coal,9.761509303127776,,9.761509303127776
Ireland,2012,1A2D,ABFLOW023,Natural gas,9.761509303127776,,9.761509303127776
Ireland,2012,1A2D,ABFLOW023,Oil,9.761509303127776,,9.761509303127776
Ireland,2012,1A2E,ABFLOW022,Coal,9.761509303127776,,9.761509303127776
Ireland,2012,1A2E,ABFLOW022,Natural gas,9.761509303127776,,9.761509303127776
Ireland,2012,1A2E,ABFLOW022,Oil,9.761509303127776,,9.761509303127776
Ireland,2012,1A2F,ABFLOW019,Coal,9.761509303127776,,9.761509303127776
Ireland,2012,1A2F,ABFLOW019,Natural gas,9.761509303127776,,9.761509303127776
Ireland,2012,1A2F,ABFLOW019,Oil,9.761509303127776,,9.761509303127776
Ireland,2012,1A2G,ABFLOW020,Coal,9.761509303127776,,9.761509303127776
Ireland,2012,1A2G,ABFLOW020,Natural gas,9.761509303127776,,9.761509303127776
Ireland,2012,1A2G,ABFLOW020,Oil,9.761509303127776,,9.761509303127776
Ireland,2012,1A2H,ABFLOW021,Coal,9.761509303127776,,9.761509303127776
Ireland,2012,1A2H,ABFLOW021,Natural gas,9.761509303127776,,9.761509303127776
Ireland,2012,1A2H,ABFLOW021,Oil,9.761509303127776,,9.761509303127776
Ireland,2012,1A2I,ABFLOW013,Coal,9.761509303127776,,9.761509303127776
Ireland,2012,1A2I,ABFLOW013,Natural gas,9.761509303127776,,9.761509303127776
Ireland,2012,1A2I,ABFLOW013,Oil,9.761509303127776,,9.761509303127776
Ireland,2012,1A2J,ABFLOW024,Coal,9.761509303127776,,9.761509303127776
Ireland,2012,1A2J,ABFLOW024,Natural gas,9.761509303127776,,9.761509303127776
Ireland,2012,1A2J,ABFLOW024,Oil,9.761509303127776,,9.761509303127776
Ireland,2012,1A2K,ABFLOW014,Coal,9.761509303127776,,9.761509303127776
Ireland,2012,1A2K,ABFLOW014,Natural gas,9.761509303127776,,9.761509303127776
Ireland,2012,1A2K,ABFLOW014,Oil,9.761509303127776,,9.761509303127776
Ireland,2012,1A2L,ABFLOW025,Coal,9.761509303127776,,9.761509303127776
Ireland,2012,1A2L,ABFLOW025,Natural gas,9.761509303127776,,9.761509303127776
Ireland,2012,1A2L,ABFLOW025,Oil,9.761509303127776,,9.761509303127776
Ireland,2012,1A2M,ABFLOW026,Coal,9.761509303127776,,9.761509303127776
Ireland,2012,1A2M,ABFLOW026,Natural gas,9.761509303127776,,9.761509303127776
Ireland,2012,1A2M,ABFLOW026,Oil,9.761509303127776,,9.761509303127776
Ireland,2012,1A3,ABFLOW027,Coal,,,0.0
Ireland,2012,1A3,ABFLOW027,Natural gas,,,0.0
Ireland,2012,1A3,ABFLOW027,Oil,,,0.0
Ireland,2012,1A3A1,ABFLOW040,Coal,9.761509303127776,,9.761509303127776
Ireland,2012,1A3A1,ABFLOW040,Natural gas,9.761509303127776,,9.761509303127776
Ireland,2012,1A3A1,ABFLOW040,Oil,9.761509303127776,,9.761509303127776
Ireland,2012,1A3A2,ABFLOW029,Coal,9.761509303127776,,9.761509303127776
Ireland,2012,1A3A2,ABFLOW029,Natural gas,9.761509303127776,26.45395475102378,36.21546405415155
Ireland,2012,1A3A2,ABFLOW029,Oil,9.761509303127776,19.840466063267836,29.601975366395614
Ireland,2012,1A3B,ABFLOW028,Coal,,,0.0
Ireland,2012,1A3B,ABFLOW028,Natural gas,,26.45395475102378,26.45395475102378
Ireland,2012,1A3B,ABFLOW028,Oil,,19.840466063267836,19.840466063267836
Ireland,2012,1A3C,ABFLOW030,Coal,,,0.0
Ireland,2012,1A3C,ABFLOW030,Natural gas,,,0.0
Ireland,2012,1A3C,ABFLOW030,Oil,,,0.0
Ireland,2012,1A3D1,ABFLOW039,Coal,,,0.0
Ireland,2012,1A3D1,ABFLOW039,Natural gas,,26.45395475102378,26.45395475102378
Ireland,2012,1A3D1,ABFLOW039,Oil,,19.840466063267836,19.840466063267836
Ireland,2012,1A3D2,ABFLOW032,Coal,,,0.0
Ireland,2012,1A3D2,ABFLOW032,Natural gas,,26.45395475102378,26.45395475102378
Ireland,2012,1A3D2,ABFLOW032,Oil,,19.840466063267836,19.840466063267836
Ireland,2012,1A3E1,ABFLOW033,Coal,,,0.0
Ireland,2012,1A3E1,ABFLOW033,Natural gas,,26.45395475102378,26.45395475102378
Ireland,2012,1A3E1,ABFLOW033,Oil,,19.840466063267836,19.840466063267836
Ireland,2012,1A4A,ABFLOW035,Coal,,,0.0
Ireland,2012,1A4A,ABFLOW035,Natural gas,,26.45395475102378,26.45395475102378
Ireland,2012,1A4A,ABFLOW035,Oil,,19.840466063267836,19.840466063267836
Ireland,2012,1A4B,ABFLOW034,Coal,,,0.0
Ireland,2012,1A4B,ABFLOW034,Natural gas,,26.45395475102378,26.45395475102378
Ireland,2012,1A4B,ABFLOW034,Oil,,19.840466063267836,19.840466063267836
Ireland,2012,1A4C1,ABFLOW036,Coal,,,0.0
Ireland,2012,1A4C1,ABFLOW036,Natural gas,,26.45395475102378,26.45395475102378
Ireland,2012,1A4C1,ABFLOW036,Oil,,19.840466063267836,19.840466063267836
Ireland,2012,1A4C2,ABFLOW037,Coal,,,0.0
Ireland,2012,1A4C2,ABFLOW037,Natural gas,,,0.0
Ireland,2012,1A4C2,ABFLOW037,Oil,,,0.0
Ireland,2012,1A5,ABFLOW038,Coal,,,0.0
Ireland,2012,1A5,ABFLOW038,Natural gas,,,0.0
Ireland,2012,1A5,ABFLOW038,Oil,,,0.0
Ireland,2013,1A,ABFLOW001,Coal,,,0.0
Ireland,2013,1A,ABFLOW001,Natural gas,,,0.0
Ireland,2013,1A,ABFLOW001,Oil,,,0.0
Ireland,2013,1A1A,ABFLOW002,Coal,,,0.0
Ireland,2013,1A1A,ABFLOW002,Natural gas,,,0.0
Ireland,2013,1A1A,ABFLOW002,Oil,,,0.0
Ireland,2013,1A1A1,ABFLOW003,Coal,5.8343132812393845,,5.8343132812393845
Ireland,2013,1A1A1,ABFLOW003,Natural gas,5.8343132812393845,,5.8343132812393845
Ireland,2013,1A1A1,ABFLOW003,Oil,5.8343132812393845,,5.8343132812393845
Ireland,2013,1A1A2,ABFLOW004,Coal,5.8343132812393845,,5.8343132812393845
Ireland,2013,1A1A2,ABFLOW004,Natural gas,5.8343132812393845,,5.8343132812393845
Ireland,2013,1A1A2,ABFLOW004,Oil,5.8343132812393845,,5.8343132812393845
Ireland,2013,1A1A3,ABFLOW005,Coal,5.8343132812393845,,5.8343132812393845
Ireland,2013,1A1A3,ABFLOW005,Natural gas,5.8343132812393845,,5.8343132812393845
Ireland,2013,1A1A3,ABFLOW005,Oil,5.8343132812393845,,5.8343132812393845
Ireland,2013,1A1B,ABFLOW011,Coal,5.8343132812393845,,5.8343132812393845
Ireland,2013,1A1B,ABFLOW011,Natural gas,5.8343132812393845,,5.8343132812393845
Ireland,2013,1A1B,ABFLOW011,Oil,5.8343132812393845,,5.8343132812393845
Ireland,2013,1A1C,ABFLOW011,Coal,5.8343132812393845,,5.8343132812393845
Ireland,2013,1A1C,ABFLOW011,Natural gas,5.8343132812393845,,5.8343132812393845
Ireland,2013,1A1C,ABFLOW011,Oil,5.8343132812393845,,5.8343132812393845
Ireland,2013,1A2,ABFLOW012,Coal,,,0.0
Ireland,2013,1A2,ABFLOW012,Natural gas,,,0.0
Ireland,2013,1A2,ABFLOW012,Oil,,,0.0
Ireland,2013,1A2A,ABFLOW016,Coal,5.8343132812393845,,5.8343132812393845
Ireland,2013,1A2A,ABFLOW016,Natural gas,5.8343132812393845,,5.8343132812393845
Ireland,2013,1A2A,ABFLOW016,Oil,5.8343132812393845,,5.8343132812393845
Ireland,2013,1A2B,ABFLOW018,Coal,5.8343132812393845,,5.8343132812393845
Ireland,2013,1A2B,ABFLOW018,Natural gas,5.8343132812393845,,5.8343132812393845
Ireland,2013,1A2B,ABFLOW018,Oil,5.8343132812393845,,5.8343132812393845
Ireland,2013,1A2C,ABFLOW017,Coal,5.8343132812393845,,5.8343132812393845
Ireland,2013,1A2C,ABFLOW017,Natural gas,5.8343132812393845,,5.8343132812393845
Ireland,2013,1A2C,ABFLOW017,Oil,5.8343132812393845,,5.8343132812393845
Ireland,2013,1A2D,ABFLOW023,Coal,5.8343132812393845,,5.8343132812393845
Ireland,2013,1A2D,ABFLOW023,Natural gas,5.8343132812393845,,5.8343132812393845
Ireland,2013,1A2D,ABFLOW023,Oil,5.8343132812393845,,5.8343132812393845
Ireland,2013,1A2E,ABFLOW022,Coal,5.8343132812393845,,5.8343132812393845
Ireland,2013,1A2E,ABFLOW022,Natural gas,5.8343132812393845,,5.8343132812393845
Ireland,2013,1A2E,ABFLOW022,Oil,5.8343132812393845,,5.8343132812393845
Ireland,2013,1A2F,ABFLOW019,Coal,5.8343132812393845,,5.8343132812393845
Ireland,2013,1A2F,ABFLOW019,Natural gas,5.8343132812393845,,5.8343132812393845
Ireland,2013,1A2F,ABFLOW019,Oil,5.8343132812393845,,5.8343132812393845
Ireland,2013,1A2G,ABFLOW020,Coal,5.8343132812393845,,5.8343132812393845
Ireland,2013,1A2G,ABFLOW020,Natural gas,5.8343132812393845,,5.8343132812393845
Ireland,2013,1A2G,ABFLOW020,Oil,5.8343132812393845,,5.8343132812393845
Ireland,2013,1A2H,ABFLOW021,Coal,5.8343132812393845,,5.8343132812393845
Ireland,2013,1A2H,ABFLOW021,Natural gas,5.8343132812393845,,5.8343132812393845
Ireland,2013,1A2H,ABFLOW021,Oil,5.8343132812393845,,5.8343132812393845
Ireland,2013,1A2I,ABFLOW013,Coal,5.8343132812393845,,5.8343132812393845
Ireland,2013,1A2I,ABFLOW013,Natural gas,5.8343132812393845,,5.8343132812393845
Ireland,2013,1A2I,ABFLOW013,Oil,5.8343132812393845,,5.8343132812393845
Ireland,2013,1A2J,ABFLOW024,Coal,5.8343132812393845,,5.8343132812393845
Ireland,2013,1A2J,ABFLOW024,Natural gas,5.8343132812393845,,5.8343132812393845
Ireland,2013,1A2J,ABFLOW024,Oil,5.8343132812393845,,5.8343132812393845
Ireland,2013,1A2K,ABFLOW014,Coal,5.8343132812393845,,5.8343132812393845
Ireland,2013,1A2K,ABFLOW014,Natural gas,5.8343132812393845,,5.8343132812393845
Ireland,2013,1A2K,ABFLOW014,Oil,5.8343132812393845,,5.8343132812393845
Ireland,2013,1A2L,ABFLOW025,Coal,5.8343132812393845,,5.8343132812393845
Ireland,2013,1A2L,ABFLOW025,Natural gas,5.8343132812393845,,5.8343132812393845
Ireland,2013,1A2L,ABFLOW025,Oil,5.8343132812393845,,5.8343132812393845
Ireland,2013,1A2M,ABFLOW026,Coal,5.8343132812393845,,5.8343132812393845
Ireland,2013,1A2M,ABFLOW026,Natural gas,5.8343132812393845,,5.8343132812393845
Ireland,2013,1A2M,ABFLOW026,Oil,5.8343132812393845,,5.8343132812393845
Ireland,2013,1A3,ABFLOW027,Coal,,,0.0
Ireland,2013,1A3,ABFLOW027,Natural gas,,,0.0
Ireland,2013,1A3,ABFLOW027,Oil,,,0.0
Ireland,2013,1A3A1,ABFLOW040,Coal,2.975499773432086,,2.975499773432086
Ireland,2013,1A3A1,ABFLOW040,Natural gas,2.975499773432086,,2.975499773432086
Ireland,2013,1A3A1,ABFLOW040,Oil,2.975499773432086,,2.975499773432086
Ireland,2013,1A3A2,ABFLOW029,Coal,5.8343132812393845,13.05215499158699,18.886468272826374
Ireland,2013,1A3A2,ABFLOW029,Natural gas,5.8343132812393845,26.10430998317398,31.938623264413366
Ireland,2013,1A3A2,ABFLOW029,Oil,5.8343132812393845,26.10430998317398,31.938623264413366
Ireland,2013,1A3B,ABFLOW028,Coal,,13.05215499158699,13.05215499158699
Ireland,2013,1A3B,ABFLOW028,Natural gas,,26.10430998317398,26.10430998317398
Ireland,2013,1A3B,ABFLOW028,Oil,,26.10430998317398,26.10430998317398
Ireland,2013,1A3C,ABFLOW030,Coal,,,0.0
Ireland,2013,1A3C,ABFLOW030,Natural gas,,,0.0
Ireland,2013,1A3C,ABFLOW030,Oil,,,0.0
Ireland,2013,1A3D1,ABFLOW039,Coal,,13.05215499158699,13.05215499158699
Ireland,2013,1A3D1,ABFLOW039,Natural gas,,26.10430998317398,26.10430998317398
Ireland,2013,1A3D1,ABFLOW039,Oil,,26.10430998317398,26.10430998317398
Ireland,2013,1A3D2,ABFLOW032,Coal,,13.05215499158699,13.05215499158699
Ireland,2013,1A3D2,ABFLOW032,Natural gas,,26.10430998317398,26.10430998317398
Ireland,2013,1A3D2,ABFLOW032,Oil,,26.10430998317398,26.10430998317398
Ireland,2013,1A3E1,ABFLOW033,Coal,,13.05215499158699,13.05215499158699
Ireland,2013,1A3E1,ABFLOW033,Natural gas,,26.10430998317398,26.10430998317398
Ireland,2013,1A3E1,ABFLOW033,Oil,,26.10430998317398,26.10430998317398
Ireland,2013,1A4A,ABFLOW035,Coal,,13.05215499158699,13.05215499158699
Ireland,2013,1A4A,ABFLOW035,Natural gas,,26.10430998317398,26.10430998317398
Ireland,2013,1A4A,ABFLOW035,Oil,,26.10430998317398,26.10430998317398
Ireland,2013,1A4B,ABFLOW034,Coal,,13.05215499158699,13.05215499158699
Ireland,2013,1A4B,ABFLOW034,Natural gas,,26.10430998317398,26.10430998317398
Ireland,2013,1A4B,ABFLOW034,Oil,,26.10430998317398,26.10430998317398
Ireland,2013,1A4C1,ABFLOW036,Coal,,13.05215499158699,13.05215499158699
Ireland,2013,1A4C1,ABFLOW036,Natural gas,,26.10430998317398,26.10430998317398
Ireland,2013,1A4C1,ABFLOW036,Oil,,26.10430998317398,26.10430998317398
Ireland,2013,1A4C2,ABFLOW037,Coal,,,0.0
Ireland,2013,1A4C2,ABFLOW037,Natural gas,,,0.0
Ireland,2013,1A4C2,ABFLOW037,Oil,,,0.0
Ireland,2013,1A5,ABFLOW038,Coal,,,0.0
Ireland,2013,1A5,ABFLOW038,Natural gas,,,0.0
Ireland,2013,1A5,ABFLOW038,Oil,,,0.0
Ireland,2014,1A,ABFLOW001,Coal,,,0.0
Ireland,2014,1A,ABFLOW001,Natural gas,,,0.0
Ireland,2014,1A,ABFLOW001,Oil,,,0.0
Ireland,2014,1A1A,ABFLOW002,Coal,,,0.0
Ireland,2014,1A1A,ABFLOW002,Natural gas,,,0.0
Ireland,2014,1A1A,ABFLOW002,Oil,,,0.0
Ireland,2014,1A1A1,ABFLOW003,Coal,7.74582138019619,,7.74582138019619
Ireland,2014,1A1A1,ABFLOW003,Natural gas,7.74582138019619,,7.74582138019619
Ireland,2014,1A1A1,ABFLOW003,Oil,7.74582138019619,,7.74582138019619
Ireland,2014,1A1A2,ABFLOW004,Coal,7.74582138019619,,7.74582138019619
Ireland,2014,1A1A2,ABFLOW004,Natural gas,7.74582138019619,,7.74582138019619
Ireland,2014,1A1A2,ABFLOW004,Oil,7.74582138019619,,7.74582138019619
Ireland,2014,1A1A3,ABFLOW005,Coal,7.74582138019619,,7.74582138019619
Ireland,2014,1A1A3,ABFLOW005,Natural gas,7.74582138019619,,7.74582138019619
Ireland,2014,1A1A3,ABFLOW005,Oil,7.74582138019619,,7.74582138019619
Ireland,2014,1A1B,ABFLOW011,Coal,7.74582138019619,,7.74582138019619
Ireland,2014,1A1B,ABFLOW011,Natural gas,7.74582138019619,,7.74582138019619
Ireland,2014,1A1B,ABFLOW011,Oil,7.74582138019619,,7.74582138019619
Ireland,2014,1A1C,ABFLOW011,Coal,7.74582138019619,,7.74582138019619
Ireland,2014,1A1C,ABFLOW011,Natural gas,7.74582138019619,,7.74582138019619
Ireland,2014,1A1C,ABFLOW011,Oil,7.74582138019619,,7.74582138019619
Ireland,2014,1A2,ABFLOW012,Coal,,,0.0
Ireland,2014,1A2,ABFLOW012,Natural gas,,,0.0
Ireland,2014,1A2,ABFLOW012,Oil,,,0.0
Ireland,2014,1A2A,ABFLOW016,Coal,7.74582138019619,,7.74582138019619
Ireland,2014,1A2A,ABFLOW016,Natural gas,7.74582138019619,,7.74582138019619
Ireland,2014,1A2A,ABFLOW016,Oil,7.74582138019619,,7.74582138019619
Ireland,2014,1A2B,ABFLOW018,Coal,7.74582138019619,,7.74582138019619
Ireland,2014,1A2B,ABFLOW018,Natural gas,7.74582138019619,,7.74582138019619
Ireland,2014,1A2B,ABFLOW018,Oil,7.74582138019619,,7.74582138019619
Ireland,2014,1A2C,ABFLOW017,Coal,7.74582138019619,,7.74582138019619
Ireland,2014,1A2C,ABFLOW017,Natural gas,7.74582138019619,,7.74582138019619
Ireland,2014,1A2C,ABFLOW017,Oil,7.74582138019619,,7.74582138019619
Ireland,2014,1A2D,ABFLOW023,Coal,7.74582138019619,,7.74582138019619
Ireland,2014,1A2D,ABFLOW023,Natural gas,7.74582138019619,,7.74582138019619
Ireland,2014,1A2D,ABFLOW023,Oil,7.74582138019619,,7.74582138019619
Ireland,2014,1A2E,ABFLOW022,Coal,7.74582138019619,,7.74582138019619
Ireland,2014,1A2E,ABFLOW022,Natural gas,7.74582138019619,,7.74582138019619
Ireland,2014,1A2E,ABFLOW022,Oil,7.74582138019619,,7.74582138019619
Ireland,2014,1A2F,ABFLOW019,Coal,7.74582138019619,,7.74582138019619
Ireland,2014,1A2F,ABFLOW019,Natural gas,7.74582138019619,,7.74582138019619
Ireland,2014,1A2F,ABFLOW019,Oil,7.74582138019619,,7.74582138019619
Ireland,2014,1A2G,ABFLOW020,Coal,7.74582138019619,,7.74582138019619
Ireland,2014,1A2G,ABFLOW020,Natural gas,7.74582138019619,,7.74582138019619
Ireland,2014,1A2G,ABFLOW020,Oil,7.74582138019619,,7.74582138019619
Ireland,2014,1A2H,ABFLOW021,Coal,7.74582138019619,,7.74582138019619
Ireland,2014,1A2H,ABFLOW021,Natural gas,7.74582138019619,,7.74582138019619
Ireland,2014,1A2H,ABFLOW021,Oil,7.74582138019619,,7.74582138019619
Ireland,2014,1A2I,ABFLOW013,Coal,7.74582138019619,,7.74582138019619
Ireland,2014,1A2I,ABFLOW013,Natural gas,7.74582138019619,,7.74582138019619
Ireland,2014,1A2I,ABFLOW013,Oil,7.74582138019619,,7.74582138019619
Ireland,2014,1A2J,ABFLOW024,Coal,7.74582138019619,,7.74582138019619
Ireland,2014,1A2J,ABFLOW024,Natural gas,7.74582138019619,,7.74582138019619
Ireland,2014,1A2J,ABFLOW024,Oil,7.74582138019619,,7.74582138019619
Ireland,2014,1A2K,ABFLOW014,Coal,7.74582138019619,,7.74582138019619
Ireland,2014,1A2K,ABFLOW014,Natural gas,7.74582138019619,,7.74582138019619
Ireland,2014,1A2K,ABFLOW014,Oil,7.74582138019619,,7.74582138019619
Ireland,2014,1A2L,ABFLOW025,Coal,7.74582138019619,,7.74582138019619
Ireland,2014,1A2L,ABFLOW025,Natural gas,7.74582138019619,,7.74582138019619
Ireland,2014,1A2L,ABFLOW025,Oil,7.74582138019619,,7.74582138019619
Ireland,2014,1A2M,ABFLOW026,Coal,7.74582138019619,,7.74582138019619
Ireland,2014,1A2M,ABFLOW026,Natural gas,7.74582138019619,,7.74582138019619
Ireland,2014,1A2M,ABFLOW026,Oil,7.74582138019619,,7.74582138019619
Ireland,2014,1A3,ABFLOW027,Coal,,,0.0
Ireland,2014,1A3,ABFLOW027,Natural gas,,,0.0
Ireland,2014,1A3,ABFLOW027,Oil,,,0.0
Ireland,2014,1A3A1,ABFLOW040,Coal,3.950368903900057,,3.950368903900057
Ireland,2014,1A3A1,ABFLOW040,Natural gas,3.950368903900057,,3.950368903900057
Ireland,2014,1A3A1,ABFLOW040,Oil,3.950368903900057,,3.950368903900057
Ireland,2014,1A3A2,ABFLOW029,Coal,7.74582138019619,21.688299864549332,29.434121244745523
Ireland,2014,1A3A2,ABFLOW029,Natural gas,7.74582138019619,26.036374387214085,33.78219576741027
Ireland,2014,1A3A2,ABFLOW029,Oil,7.74582138019619,26.036374387214085,33.78219576741027
Ireland,2014,1A3B,ABFLOW028,Coal,,21.688299864549332,21.688299864549332
Ireland,2014,1A3B,ABFLOW028,Natural gas,,26.036374387214085,26.036374387214085
Ireland,2014,1A3B,ABFLOW028,Oil,,26.036374387214085,26.036374387214085
Ireland,2014,1A3C,ABFLOW030,Coal,,,0.0
Ireland,2014,1A3C,ABFLOW030,Natural gas,,,0.0
Ireland,2014,1A3C,ABFLOW030,Oil,,,0.0
Ireland,2014,1A3D1,ABFLOW039,Coal,,21.688299864549332,21.688299864549332
Ireland,2014,1A3D1,ABFLOW039,Natural gas,,26.036374387214085,26.036374387214085
Ireland,2014,1A3D1,ABFLOW039,Oil,,26.036374387214085,26.036374387214085
Ireland,2014,1A3D2,ABFLOW032,Coal,,21.688299864549332,21.688299864549332
Ireland,2014,1A3D2,ABFLOW032,Natural gas,,26.036374387214085,26.036374387214085
Ireland,2014,1A3D2,ABFLOW032,Oil,,26.036374387214085,26.036374387214085
Ireland,2014,1A3E1,ABFLOW033,Coal,,21.688299864549332,21.688299864549332
Ireland,2014,1A3E1,ABFLOW033,Natural gas,,26.036374387214085,26.036374387214085
Ireland,2014,1A3E1,ABFLOW033,Oil,,26.036374387214085,26.036374387214085
Ireland,2014,1A4A,ABFLOW035,Coal,,21.688299864549332,21.688299864549332
Ireland,2014,1A4A,ABFLOW035,Natural gas,,26.036374387214085,26.036374387214085
Ireland,2014,1A4A,ABFLOW035,Oil,,26.036374387214085,26.036374387214085
Ireland,2014,1A4B,ABFLOW034,Coal,,21.688299864549332,21.688299864549332
Ireland,2014,1A4B,ABFLOW034,Natural gas,,26.036374387214085,26.036374387214085
Ireland,2014,1A4B,ABFLOW034,Oil,,26.036374387214085,26.036374387214085
Ireland,2014,1A4C1,ABFLOW036,Coal,,21.688299864549332,21.688299864549332
Ireland,2014,1A4C1,ABFLOW036,Natural gas,,26.036374387214085,26.036374387214085
Ireland,2014,1A4C1,ABFLOW036,Oil,,26.036374387214085,26.036374387214085
Ireland,2014,1A4C2,ABFLOW037,Coal,,,0.0
Ireland,2014,1A4C2,ABFLOW037,Natural gas,,,0.0
Ireland,2014,1A4C2,ABFLOW037,Oil,,,0.0
Ireland,2014,1A5,ABFLOW038,Coal,,,0.0
Ireland,2014,1A5,ABFLOW038,Natural gas,,,0.0
Ireland,2014,1A5,ABFLOW038,Oil,,,0.0
Ireland,2015,1A,ABFLOW001,Coal,,,0.0
Ireland,2015,1A,ABFLOW001,Natural gas,,,0.0
Ireland,2015,1A,ABFLOW001,Oil,,,0.0
Ireland,2015,1A1A,ABFLOW002,Coal,,,0.0
Ireland,2015,1A1A,ABFLOW002,Natural gas,,,0.0
Ireland,2015,1A1A,ABFLOW002,Oil,,,0.0
Ireland,2015,1A1A1,ABFLOW003,Coal,9.180157930674596,,9.180157930674596
Ireland,2015,1A1A1,ABFLOW003,Natural gas,9.180157930674596,,9.180157930674596
Ireland,2015,1A1A1,ABFLOW003,Oil,9.180157930674596,,9.180157930674596
Ireland,2015,1A1A2,ABFLOW004,Coal,9.180157930674596,,9.180157930674596
Ireland,2015,1A1A2,ABFLOW004,Natural gas,9.180157930674596,,9.180157930674596
Ireland,2015,1A1A2,ABFLOW004,Oil,9.180157930674596,,9.180157930674596
Ireland,2015,1A1A3,ABFLOW005,Coal,9.180157930674596,,9.180157930674596
Ireland,2015,1A1A3,ABFLOW005,Natural gas,9.180157930674596,,9.180157930674596
Ireland,2015,1A1A3,ABFLOW005,Oil,9.180157930674596,,9.180157930674596
Ireland,2015,1A1B,ABFLOW011,Coal,9.180157930674596,,9.180157930674596
Ireland,2015,1A1B,ABFLOW011,Natural gas,9.180157930674596,,9.180157930674596
Ireland,2015,1A1B,ABFLOW011,Oil,9.180157930674596,,9.180157930674596
Ireland,2015,1A1C,ABFLOW011,Coal,9.180157930674596,,9.180157930674596
Ireland,2015,1A1C,ABFLOW011,Natural gas,9.180157930674596,,9.180157930674596
Ireland,2015,1A1C,ABFLOW011,Oil,9.180157930674596,,9.180157930674596
Ireland,2015,1A2,ABFLOW012,Coal,,,0.0
Ireland,2015,1A2,ABFLOW012,Natural gas,,,0.0
Ireland,2015,1A2,ABFLOW012,Oil,,,0.0
Ireland,2015,1A2A,ABFLOW016,Coal,9.180157930674596,,9.180157930674596
Ireland,2015,1A2A,ABFLOW016,Natural gas,9.180157930674596,,9.180157930674596
Ireland,2015,1A2A,ABFLOW016,Oil,9.180157930674596,,9.180157930674596
Ireland,2015,1A2B,ABFLOW018,Coal,9.180157930674596,,9.180157930674596
Ireland,2015,1A2B,ABFLOW018,Natural gas,9.180157930674596,,9.180157930674596
Ireland,2015,1A2B,ABFLOW018,Oil,9.180157930674596,,9.180157930674596
Ireland,2015,1A2C,ABFLOW017,Coal,9.180157930674596,,9.180157930674596
Ireland,2015,1A2C,ABFLOW017,Natural gas,9.180157930674596,,9.180157930674596
Ireland,2015,1A2C,ABFLOW017,Oil,9.180157930674596,,9.180157930674596
Ireland,2015,1A2D,ABFLOW023,Coal,9.180157930674596,,9.180157930674596
Ireland,2015,1A2D,ABFLOW023,Natural gas,9.180157930674596,,9.180157930674596
Ireland,2015,1A2D,ABFLOW023,Oil,9.180157930674596,,9.180157930674596
Ireland,2015,1A2E,ABFLOW022,Coal,9.180157930674596,,9.180157930674596
Ireland,2015,1A2E,ABFLOW022,Natural gas,9.180157930674596,,9.180157930674596
Ireland,2015,1A2E,ABFLOW022,Oil,9.180157930674596,,9.180157930674596
Ireland,2015,1A2F,ABFLOW019,Coal,9.180157930674596,,9.180157930674596
Ireland,2015,1A2F,ABFLOW019,Natural gas,9.180157930674596,,9.180157930674596
Ireland,2015,1A2F,ABFLOW019,Oil,9.180157930674596,,9.180157930674596
Ireland,2015,1A2G,ABFLOW020,Coal,9.180157930674596,,9.180157930674596
Ireland,2015,1A2G,ABFLOW020,Natural gas,9.180157930674596,,9.180157930674596
Ireland,2015,1A2G,ABFLOW020,Oil,9.180157930674596,,9.180157930674596
Ireland,2015,1A2H,ABFLOW021,Coal,9.180157930674596,,9.180157930674596
Ireland,2015,1A2H,ABFLOW021,Natural gas,9.180157930674596,,9.180157930674596
Ireland,2015,1A2H,ABFLOW021,Oil,9.180157930674596,,9.180157930674596
Ireland,2015,1A2I,ABFLOW013,Coal,9.180157930674596,,9.180157930674596
Ireland,2015,1A2I,ABFLOW013,Natural gas,9.180157930674596,,9.180157930674596
Ireland,2015,1A2I,ABFLOW013,Oil,9.180157930674596,,9.180157930674596
Ireland,2015,1A2J,ABFLOW024,Coal,9.180157930674596,,9.180157930674596
Ireland,2015,1A2J,ABFLOW024,Natural gas,9.180157930674596,,9.180157930674596
Ireland,2015,1A2J,ABFLOW024,Oil,9.180157930674596,,9.180157930674596
Ireland,2015,1A2K,ABFLOW014,Coal,9.180157930674596,,9.180157930674596
Ireland,2015,1A2K,ABFLOW014,Natural gas,9.180157930674596,,9.180157930674596
Ireland,2015,1A2K,ABFLOW014,Oil,9.180157930674596,,9.180157930674596
Ireland,2015,1A2L,ABFLOW025,Coal,9.180157930674596,,9.180157930674596
Ireland,2015,1A2L,ABFLOW025,Natural gas,9.180157930674596,,9.180157930674596
Ireland,2015,1A2L,ABFLOW025,Oil,9.180157930674596,,9.180157930674596
Ireland,2015,1A2M,ABFLOW026,Coal,9.180157930674596,,9.180157930674596
Ireland,2015,1A2M,ABFLOW026,Natural gas,9.180157930674596,,9.180157930674596
Ireland,2015,1A2M,ABFLOW026,Oil,9.180157930674596,,9.180157930674596
Ireland,2015,1A3,ABFLOW027,Coal,,,0.0
Ireland,2015,1A3,ABFLOW027,Natural gas,,,0.0
Ireland,2015,1A3,ABFLOW027,Oil,,,0.0
Ireland,2015,1A3A1,ABFLOW040,Coal,4.681880544644044,,4.681880544644044
Ireland,2015,1A3A1,ABFLOW040,Natural gas,4.681880544644044,,4.681880544644044
Ireland,2015,1A3A1,ABFLOW040,Oil,4.681880544644044,,4.681880544644044
Ireland,2015,1A3A2,ABFLOW029,Coal,9.180157930674596,,9.180157930674596
Ireland,2015,1A3A2,ABFLOW029,Natural gas,9.180157930674596,23.90666127779843,33.08681920847303
Ireland,2015,1A3A2,ABFLOW029,Oil,9.180157930674596,23.90666127779843,33.08681920847303
Ireland,2015,1A3B,ABFLOW028,Coal,,,0.0
Ireland,2015,1A3B,ABFLOW028,Natural gas,,23.90666127779843,23.90666127779843
Ireland,2015,1A3B,ABFLOW028,Oil,,23.90666127779843,23.90666127779843
Ireland,2015,1A3C,ABFLOW030,Coal,,,0.0
Ireland,2015,1A3C,ABFLOW030,Natural gas,,,0.0
Ireland,2015,1A3C,ABFLOW030,Oil,,,0.0
Ireland,2015,1A3D1,ABFLOW039,Coal,,,0.0
Ireland,2015,1A3D1,ABFLOW039,Natural gas,,23.90666127779843,23.90666127779843
Ireland,2015,1A3D1,ABFLOW039,Oil,,23.90666127779843,23.90666127779843
Ireland,2015,1A3D2,ABFLOW032,Coal,,,0.0
Ireland,2015,1A3D2,ABFLOW032,Natural gas,,23.90666127779843,23.90666127779843
Ireland,2015,1A3D2,ABFLOW032,Oil,,23.90666127779843,23.90666127779843
Ireland,2015,1A3E1,ABFLOW033,Coal,,,0.0
Ireland,2015,1A3E1,ABFLOW033,Natural gas,,23.90666127779843,23.90666127779843
Ireland,2015,1A3E1,ABFLOW033,Oil,,23.90666127779843,23.90666127779843
Ireland,2015,1A4A,ABFLOW035,Coal,,,0.0
Ireland,2015,1A4A,ABFLOW035,Natural gas,,23.90666127779843,23.90666127779843
Ireland,2015,1A4A,ABFLOW035,Oil,,23.90666127779843,23.90666127779843
Ireland,2015,1A4B,ABFLOW034,Coal,,,0.0
Ireland,2015,1A4B,ABFLOW034,Natural gas,,23.90666127779843,23.90666127779843
Ireland,2015,1A4B,ABFLOW034,Oil,,23.90666127779843,23.90666127779843
Ireland,2015,1A4C1,ABFLOW036,Coal,,,0.0
Ireland,2015,1A4C1,ABFLOW036,Natural gas,,23.90666127779843,23.90666127779843
Ireland,2015,1A4C1,ABFLOW036,Oil,,23.90666127779843,23.90666127779843
Ireland,2015,1A4C2,ABFLOW037,Coal,,,0.0
Ireland,2015,1A4C2,ABFLOW037,Natural gas,,,0.0
Ireland,2015,1A4C2,ABFLOW037,Oil,,,0.0
Ireland,2015,1A5,ABFLOW038,Coal,,,0.0
Ireland,2015,1A5,ABFLOW038,Natural gas,,,0.0
Ireland,2015,1A5,ABFLOW038,Oil,,,0.0
Ireland,2016,1A,ABFLOW001,Coal,,,0.0
Ireland,2016,1A,ABFLOW001,Natural gas,,,0.0
Ireland,2016,1A,ABFLOW001,Oil,,,0.0
Ireland,2016,1A1A,ABFLOW002,Coal,,,0.0
Ireland,2016,1A1A,ABFLOW002,Natural gas,,,0.0
Ireland,2016,1A1A,ABFLOW002,Oil,,,0.0
Ireland,2016,1A1A1,ABFLOW003,Coal,6.387407007731892,,6.387407007731892
Ireland,2016,1A1A1,ABFLOW003,Natural gas,6.387407007731892,,6.387407007731892
Ireland,2016,1A1A1,ABFLOW003,Oil,6.387407007731892,,6.387407007731892
Ireland,2016,1A1A2,ABFLOW004,Coal,6.387407007731892,,6.387407007731892
Ireland,2016,1A1A2,ABFLOW004,Natural gas,6.387407007731892,,6.387407007731892
Ireland,2016,1A1A2,ABFLOW004,Oil,6.387407007731892,,6.387407007731892
Ireland,2016,1A1A3,ABFLOW005,Coal,6.387407007731892,,6.387407007731892
Ireland,2016,1A1A3,ABFLOW005,Natural gas,6.387407007731892,,6.387407007731892
Ireland,2016,1A1A3,ABFLOW005,Oil,6.387407007731892,,6.387407007731892
Ireland,2016,1A1B,ABFLOW011,Coal,6.387407007731892,,6.387407007731892
Ireland,2016,1A1B,ABFLOW011,Natural gas,6.387407007731892,,6.387407007731892
Ireland,2016,1A1B,ABFLOW011,Oil,6.387407007731892,,6.387407007731892
Ireland,2016,1A1C,ABFLOW011,Coal,6.387407007731892,,6.387407007731892
Ireland,2016,1A1C,ABFLOW011,Natural gas,6.387407007731892,,6.387407007731892
Ireland,2016,1A1C,ABFLOW011,Oil,6.387407007731892,,6.387407007731892
Ireland,2016,1A2,ABFLOW012,Coal,,,0.0
Ireland,2016,1A2,ABFLOW012,Natural gas,,,0.0
Ireland,2016,1A2,ABFLOW012,Oil,,,0.0
Ireland,2016,1A2A,ABFLOW016,Coal,6.387407007731892,,6.387407007731892
Ireland,2016,1A2A,ABFLOW016,Natural gas,6.387407007731892,,6.387407007731892
Ireland,2016,1A2A,ABFLOW016,Oil,6.387407007731892,,6.387407007731892
Ireland,2016,1A2B,ABFLOW018,Coal,6.387407007731892,,6.387407007731892
Ireland,2016,1A2B,ABFLOW018,Natural gas,6.387407007731892,,6.387407007731892
Ireland,2016,1A2B,ABFLOW018,Oil,6.387407007731892,,6.387407007731892
Ireland,2016,1A2C,ABFLOW017,Coal,6.387407007731892,,6.387407007731892
Ireland,2016,1A2C,ABFLOW017,Natural gas,6.387407007731892,,6.387407007731892
Ireland,2016,1A2C,ABFLOW017,Oil,6.387407007731892,,6.387407007731892
Ireland,2016,1A2D,ABFLOW023,Coal,6.387407007731892,,6.387407007731892
Ireland,2016,1A2D,ABFLOW023,Natural gas,6.387407007731892,,6.387407007731892
Ireland,2016,1A2D,ABFLOW023,Oil,6.387407007731892,,6.387407007731892
Ireland,2016,1A2E,ABFLOW022,Coal,6.387407007731892,,6.387407007731892
Ireland,2016,1A2E,ABFLOW022,Natural gas,6.387407007731892,,6.387407007731892
Ireland,2016,1A2E,ABFLOW022,Oil,6.387407007731892,,6.387407007731892
Ireland,2016,1A2F,ABFLOW019,Coal,6.387407007731892,,6.387407007731892
Ireland,2016,1A2F,ABFLOW019,Natural gas,6.387407007731892,,6.387407007731892
Ireland,2016,1A2F,ABFLOW019,Oil,6.387407007731892,,6.387407007731892
Ireland,2016,1A2G,ABFLOW020,Coal,6.387407007731892,,6.387407007731892
Ireland,2016,1A2G,ABFLOW020,Natural gas,6.387407007731892,,6.387407007731892
Ireland,2016,1A2G,ABFLOW020,Oil,6.387407007731892,,6.387407007731892
Ireland,2016,1A2H,ABFLOW021,Coal,6.387407007731892,,6.387407007731892
Ireland,2016,1A2H,ABFLOW021,Natural gas,6.387407007731892,,6.387407007731892
Ireland,2016,1A2H,ABFLOW021,Oil,6.387407007731892,,6.387407007731892
Ireland,2016,1A2I,ABFLOW013,Coal,6.387407007731892,,6.387407007731892
Ireland,2016,1A2I,ABFLOW013,Natural gas,6.387407007731892,,6.387407007731892
Ireland,2016,1A2I,ABFLOW013,Oil,6.387407007731892,,6.387407007731892
Ireland,2016,1A2J,ABFLOW024,Coal,6.387407007731892,,6.387407007731892
Ireland,2016,1A2J,ABFLOW024,Natural gas,6.387407007731892,,6.387407007731892
Ireland,2016,1A2J,ABFLOW024,Oil,6.387407007731892,,6.387407007731892
Ireland,2016,1A2K,ABFLOW014,Coal,6.387407007731892,,6.387407007731892
Ireland,2016,1A2K,ABFLOW014,Natural gas,6.387407007731892,,6.387407007731892
Ireland,2016,1A2K,ABFLOW014,Oil,6.387407007731892,,6.387407007731892
Ireland,2016,1A2L,ABFLOW025,Coal,6.387407007731892,,6.387407007731892
Ireland,2016,1A2L,ABFLOW025,Natural gas,6.387407007731892,,6.387407007731892
Ireland,2016,1A2L,ABFLOW025,Oil,6.387407007731892,,6.387407007731892
Ireland,2016,1A2M,ABFLOW026,Coal,6.387407007731892,,6.387407007731892
Ireland,2016,1A2M,ABFLOW026,Natural gas,6.387407007731892,,6.387407007731892
Ireland,2016,1A2M,ABFLOW026,Oil,6.387407007731892,,6.387407007731892
Ireland,2016,1A3,ABFLOW027,Coal,,,0.0
Ireland,2016,1A3,ABFLOW027,Natural gas,,,0.0
Ireland,2016,1A3,ABFLOW027,Oil,,,0.0
Ireland,2016,1A3A1,ABFLOW040,Coal,3.257577573943265,,3.257577573943265
Ireland,2016,1A3A1,ABFLOW040,Natural gas,3.257577573943265,,3.257577573943265
Ireland,2016,1A3A1,ABFLOW040,Oil,3.257577573943265,,3.257577573943265
Ireland,2016,1A3A2,ABFLOW029,Coal,6.387407007731892,23.878157038250063,30.265564045981954
Ireland,2016,1A3A2,ABFLOW029,Natural gas,6.387407007731892,23.878157038250063,30.265564045981954
Ireland,2016,1A3A2,ABFLOW029,Oil,6.387407007731892,23.878157038250063,30.265564045981954
Ireland,2016,1A3B,ABFLOW028,Coal,,23.878157038250063,23.878157038250063
Ireland,2016,1A3B,ABFLOW028,Natural gas,,23.878157038250063,23.878157038250063
Ireland,2016,1A3B,ABFLOW028,Oil,,23.878157038250063,23.878157038250063
Ireland,2016,1A3C,ABFLOW030,Coal,,,0.0
Ireland,2016,1A3C,ABFLOW030,Natural gas,,,0.0
Ireland,2016,1A3C,ABFLOW030,Oil,,,0.0
Ireland,2016,1A3D1,ABFLOW039,Coal,,23.878157038250063,23.878157038250063
Ireland,2016,1A3D1,ABFLOW039,Natural gas,,23.878157038250063,23.878157038250063
Ireland,2016,1A3D1,ABFLOW039,Oil,,23.878157038250063,23.878157038250063
Ireland,2016,1A3D2,ABFLOW032,Coal,,23.878157038250063,23.878157038250063
Ireland,2016,1A3D2,ABFLOW032,Natural gas,,23.878157038250063,23.878157038250063
Ireland,2016,1A3D2,ABFLOW032,Oil,,23.878157038250063,23.878157038250063
Ireland,2016,1A3E1,ABFLOW033,Coal,,23.878157038250063,23.878157038250063
Ireland,2016,1A3E1,ABFLOW033,Natural gas,,23.878157038250063,23.878157038250063
Ireland,2016,1A3E1,ABFLOW033,Oil,,23.878157038250063,23.878157038250063
Ireland,2016,1A4A,ABFLOW035,Coal,,23.878157038250063,23.878157038250063
Ireland,2016,1A4A,ABFLOW035,Natural gas,,23.878157038250063,23.878157038250063
Ireland,2016,1A4A,ABFLOW035,Oil,,23.878157038250063,23.878157038250063
Ireland,2016,1A4B,ABFLOW034,Coal,,23.878157038250063,23.878157038250063
Ireland,2016,1A4B,ABFLOW034,Natural gas,,23.878157038250063,23.878157038250063
Ireland,2016,1A4B,ABFLOW034,Oil,,23.878157038250063,23.878157038250063
Ireland,2016,1A4C1,ABFLOW036,Coal,,23.878157038250063,23.878157038250063
Ireland,2016,1A4C1,ABFLOW036,Natural gas,,23.878157038250063,23.878157038250063
Ireland,2016,1A4C1,ABFLOW036,Oil,,23.878157038250063,23.878157038250063
Ireland,2016,1A4C2,ABFLOW037,Coal,,,0.0
Ireland,2016,1A4C2,ABFLOW037,Natural gas,,,0.0
Ireland,2016,1A4C2,ABFLOW037,Oil,,,0.0
Ireland,2016,1A5,ABFLOW038,Coal,,,0.0
Ireland,2016,1A5,ABFLOW038,Natural gas,,,0.0
Ireland,2016,1A5,ABFLOW038,Oil,,,0.0
Ireland,2017,1A,ABFLOW001,Coal,,,0.0
Ireland,2017,1A,ABFLOW001,Natural gas,,,0.0
Ireland,2017,1A,ABFLOW001,Oil,,,0.0
Ireland,2017,1A1A,ABFLOW002,Coal,,,0.0
Ireland,2017,1A1A,ABFLOW002,Natural gas,,,0.0
Ireland,2017,1A1A,ABFLOW002,Oil,,,0.0
Ireland,2017,1A1A1,ABFLOW003,Coal,6.857622744165852,,6.857622744165852
Ireland,2017,1A1A1,ABFLOW003,Natural gas,6.857622744165852,,6.857622744165852
Ireland,2017,1A1A1,ABFLOW003,Oil,6.857622744165852,,6.857622744165852
Ireland,2017,1A1A2,ABFLOW004,Coal,6.857622744165852,,6.857622744165852
Ireland,2017,1A1A2,ABFLOW004,Natural gas,6.857622744165852,,6.857622744165852
Ireland,2017,1A1A2,ABFLOW004,Oil,6.857622744165852,,6.857622744165852
Ireland,2017,1A1A3,ABFLOW005,Coal,6.857622744165852,,6.857622744165852
Ireland,2017,1A1A3,ABFLOW005,Natural gas,6.857622744165852,,6.857622744165852
Ireland,2017,1A1A3,ABFLOW005,Oil,6.857622744165852,,6.857622744165852
Ireland,2017,1A1B,ABFLOW011,Coal,6.857622744165852,,6.857622744165852
Ireland,2017,1A1B,ABFLOW011,Natural gas,6.857622744165852,,6.857622744165852
Ireland,2017,1A1B,ABFLOW011,Oil,6.857622744165852,,6.857622744165852
Ireland,2017,1A1C,ABFLOW011,Coal,6.857622744165852,,6.857622744165852
Ireland,2017,1A1C,ABFLOW011,Natural gas,6.857622744165852,,6.857622744165852
Ireland,2017,1A1C,ABFLOW011,Oil,6.857622744165852,,6.857622744165852
Ireland,2017,1A2,ABFLOW012,Coal,,,0.0
Ireland,2017,1A2,ABFLOW012,Natural gas,,,0.0
Ireland,2017,1A2,ABFLOW012,Oil,,,0.0
Ireland,2017,1A2A,ABFLOW016,Coal,6.857622744165852,,6.857622744165852
Ireland,2017,1A2A,ABFLOW016,Natural gas,6.857622744165852,,6.857622744165852
Ireland,2017,1A2A,ABFLOW016,Oil,6.857622744165852,,6.857622744165852
Ireland,2017,1A2B,ABFLOW018,Coal,6.857622744165852,,6.857622744165852
Ireland,2017,1A2B,ABFLOW018,Natural gas,6.857622744165852,,6.857622744165852
Ireland,2017,1A2B,ABFLOW018,Oil,6.857622744165852,,6.857622744165852
Ireland,2017,1A2C,ABFLOW017,Coal,6.857622744165852,,6.857622744165852
Ireland,2017,1A2C,ABFLOW017,Natural gas,6.857622744165852,,6.857622744165852
Ireland,2017,1A2C,ABFLOW017,Oil,6.857622744165852,,6.857622744165852
Ireland,2017,1A2D,ABFLOW023,Coal,6.857622744165852,,6.857622744165852
Ireland,2017,1A2D,ABFLOW023,Natural gas,6.857622744165852,,6.857622744165852
Ireland,2017,1A2D,ABFLOW023,Oil,6.857622744165852,,6.857622744165852
Ireland,2017,1A2E,ABFLOW022,Coal,6.857622744165852,,6.857622744165852
Ireland,2017,1A2E,ABFLOW022,Natural gas,6.857622744165852,,6.857622744165852
Ireland,2017,1A2E,ABFLOW022,Oil,6.857622744165852,,6.857622744165852
Ireland,2017,1A2F,ABFLOW019,Coal,6.857622744165852,,6.857622744165852
Ireland,2017,1A2F,ABFLOW019,Natural gas,6.857622744165852,,6.857622744165852
Ireland,2017,1A2F,ABFLOW019,Oil,6.857622744165852,,6.857622744165852
Ireland,2017,1A2G,ABFLOW020,Coal,6.857622744165852,,6.857622744165852
Ireland,2017,1A2G,ABFLOW020,Natural gas,6.857622744165852,,6.857622744165852
Ireland,2017,1A2G,ABFLOW020,Oil,6.857622744165852,,6.857622744165852
Ireland,2017,1A2H,ABFLOW021,Coal,6.857622744165852,,6.857622744165852
Ireland,2017,1A2H,ABFLOW021,Natural gas,6.857622744165852,,6.857622744165852
Ireland,2017,1A2H,ABFLOW021,Oil,6.857622744165852,,6.857622744165852
Ireland,2017,1A2I,ABFLOW013,Coal,6.857622744165852,,6.857622744165852
Ireland,2017,1A2I,ABFLOW013,Natural gas,6.857622744165852,,6.857622744165852
Ireland,2017,1A2I,ABFLOW013,Oil,6.857622744165852,,6.857622744165852
Ireland,2017,1A2J,ABFLOW024,Coal,6.857622744165852,,6.857622744165852
Ireland,2017,1A2J,ABFLOW024,Natural gas,6.857622744165852,,6.857622744165852
Ireland,2017,1A2J,ABFLOW024,Oil,6.857622744165852,,6.857622744165852
Ireland,2017,1A2K,ABFLOW014,Coal,6.857622744165852,,6.857622744165852
Ireland,2017,1A2K,ABFLOW014,Natural gas,6.857622744165852,,6.857622744165852
Ireland,2017,1A2K,ABFLOW014,Oil,6.857622744165852,,6.857622744165852
Ireland,2017,1A2L,ABFLOW025,Coal,6.857622744165852,,6.857622744165852
Ireland,2017,1A2L,ABFLOW025,Natural gas,6.857622744165852,,6.857622744165852
Ireland,2017,1A2L,ABFLOW025,Oil,6.857622744165852,,6.857622744165852
Ireland,2017,1A2M,ABFLOW026,Coal,6.857622744165852,,6.857622744165852
Ireland,2017,1A2M,ABFLOW026,Natural gas,6.857622744165852,,6.857622744165852
Ireland,2017,1A2M,ABFLOW026,Oil,6.857622744165852,,6.857622744165852
Ireland,2017,1A3,ABFLOW027,Coal,,,0.0
Ireland,2017,1A3,ABFLOW027,Natural gas,,,0.0
Ireland,2017,1A3,ABFLOW027,Oil,,,0.0
Ireland,2017,1A3A1,ABFLOW040,Coal,3.4973875995245844,,3.4973875995245844
Ireland,2017,1A3A1,ABFLOW040,Natural gas,3.4973875995245844,,3.4973875995245844
Ireland,2017,1A3A1,ABFLOW040,Oil,3.4973875995245844,,3.4973875995245844
Ireland,2017,1A3A2,ABFLOW029,Coal,6.857622744165852,23.52529243281596,30.38291517698181
Ireland,2017,1A3A2,ABFLOW029,Natural gas,6.857622744165852,23.52529243281596,30.38291517698181
Ireland,2017,1A3A2,ABFLOW029,Oil,6.857622744165852,23.52529243281596,30.38291517698181
Ireland,2017,1A3B,ABFLOW028,Coal,,23.52529243281596,23.52529243281596
Ireland,2017,1A3B,ABFLOW028,Natural gas,,23.52529243281596,23.52529243281596
Ireland,2017,1A3B,ABFLOW028,Oil,,23.52529243281596,23.52529243281596
Ireland,2017,1A3C,ABFLOW030,Coal,,,0.0
Ireland,2017,1A3C,ABFLOW030,Natural gas,,,0.0
Ireland,2017,1A3C,ABFLOW030,Oil,,,0.0
Ireland,2017,1A3D1,ABFLOW039,Coal,,23.52529243281596,23.52529243281596
Ireland,2017,1A3D1,ABFLOW039,Natural gas,,23.52529243281596,23.52529243281596
Ireland,2017,1A3D1,ABFLOW039,Oil,,23.52529243281596,23.52529243281596
Ireland,2017,1A3D2,ABFLOW032,Coal,,23.52529243281596,23.52529243281596
Ireland,2017,1A3D2,ABFLOW032,Natural gas,,23.52529243281596,23.52529243281596
Ireland,2017,1A3D2,ABFLOW032,Oil,,23.52529243281596,23.52529243281596
Ireland,2017,1A3E1,ABFLOW033,Coal,,23.52529243281596,23.52529243281596
Ireland,2017,1A3E1,ABFLOW033,Natural gas,,23.52529243281596,23.52529243281596
Ireland,2017,1A3E1,ABFLOW033,Oil,,23.52529243281596,23.52529243281596
Ireland,2017,1A4A,ABFLOW035,Coal,,23.52529243281596,23.52529243281596
Ireland,2017,1A4A,ABFLOW035,Natural gas,,23.52529243281596,23.52529243281596
Ireland,2017,1A4A,ABFLOW035,Oil,,23.52529243281596,23.52529243281596
Ireland,2017,1A4B,ABFLOW034,Coal,,23.52529243281596,23.52529243281596
Ireland,2017,1A4B,ABFLOW034,Natural gas,,23.52529243281596,23.52529243281596
Ireland,2017,1A4B,ABFLOW034,Oil,,23.52529243281596,23.52529243281596
Ireland,2017,1A4C1,ABFLOW036,Coal,,23.52529243281596,23.52529243281596
Ireland,2017,1A4C1,ABFLOW036,Natural gas,,23.52529243281596,23.52529243281596
Ireland,2017,1A4C1,ABFLOW036,Oil,,23.52529243281596,23.52529243281596
Ireland,2017,1A4C2,ABFLOW037,Coal,,,0.0
Ireland,2017,1A4C2,ABFLOW037,Natural gas,,,0.0
Ireland,2017,1A4C2,ABFLOW037,Oil,,,0.0
Ireland,2017,1A5,ABFLOW038,Coal,,,0.0
Ireland,2017,1A5,ABFLOW038,Natural gas,,,0.0
Ireland,2017,1A5,ABFLOW038,Oil,,,0.0
Ireland,2018,1A,ABFLOW001,Coal,,,0.0
Ireland,2018,1A,ABFLOW001,Natural gas,,,0.0
Ireland,2018,1A,ABFLOW001,Oil,,,0.0
Ireland,2018,1A1A,ABFLOW002,Coal,,,0.0
Ireland,2018,1A1A,ABFLOW002,Natural gas,,,0.0
Ireland,2018,1A1A,ABFLOW002,Oil,,,0.0
Ireland,2018,1A1A1,ABFLOW003,Coal,18.438076323786767,,18.438076323786767
Ireland,2018,1A1A1,ABFLOW003,Natural gas,18.438076323786767,,18.438076323786767
Ireland,2018,1A1A1,ABFLOW003,Oil,18.438076323786767,,18.438076323786767
Ireland,2018,1A1A2,ABFLOW004,Coal,18.438076323786767,,18.438076323786767
Ireland,2018,1A1A2,ABFLOW004,Natural gas,18.438076323786767,,18.438076323786767
Ireland,2018,1A1A2,ABFLOW004,Oil,18.438076323786767,,18.438076323786767
Ireland,2018,1A1A3,ABFLOW005,Coal,18.438076323786767,,18.438076323786767
Ireland,2018,1A1A3,ABFLOW005,Natural gas,18.438076323786767,,18.438076323786767
Ireland,2018,1A1A3,ABFLOW005,Oil,18.438076323786767,,18.438076323786767
Ireland,2018,1A1B,ABFLOW011,Coal,18.438076323786767,,18.438076323786767
Ireland,2018,1A1B,ABFLOW011,Natural gas,18.438076323786767,,18.438076323786767
Ireland,2018,1A1B,ABFLOW011,Oil,18.438076323786767,,18.438076323786767
Ireland,2018,1A1C,ABFLOW011,Coal,18.438076323786767,,18.438076323786767
Ireland,2018,1A1C,ABFLOW011,Natural gas,18.438076323786767,,18.438076323786767
Ireland,2018,1A1C,ABFLOW011,Oil,18.438076323786767,,18.438076323786767
Ireland,2018,1A2,ABFLOW012,Coal,,,0.0
Ireland,2018,1A2,ABFLOW012,Natural gas,,,0.0
Ireland,2018,1A2,ABFLOW012,Oil,,,0.0
Ireland,2018,1A2A,ABFLOW016,Coal,18.438076323786767,,18.438076323786767
Ireland,2018,1A2A,ABFLOW016,Natural gas,18.438076323786767,,18.438076323786767
Ireland,2018,1A2A,ABFLOW016,Oil,18.438076323786767,,18.438076323786767
Ireland,2018,1A2B,ABFLOW018,Coal,18.438076323786767,,18.438076323786767
Ireland,2018,1A2B,ABFLOW018,Natural gas,18.438076323786767,,18.438076323786767
Ireland,2018,1A2B,ABFLOW018,Oil,18.438076323786767,,18.438076323786767
Ireland,2018,1A2C,ABFLOW017,Coal,18.438076323786767,,18.438076323786767
Ireland,2018,1A2C,ABFLOW017,Natural gas,18.438076323786767,,18.438076323786767
Ireland,2018,1A2C,ABFLOW017,Oil,18.438076323786767,,18.438076323786767
Ireland,2018,1A2D,ABFLOW023,Coal,18.438076323786767,,18.438076323786767
Ireland,2018,1A2D,ABFLOW023,Natural gas,18.438076323786767,,18.438076323786767
Ireland,2018,1A2D,ABFLOW023,Oil,18.438076323786767,,18.438076323786767
Ireland,2018,1A2E,ABFLOW022,Coal,18.438076323786767,,18.438076323786767
Ireland,2018,1A2E,ABFLOW022,Natural gas,18.438076323786767,,18.438076323786767
Ireland,2018,1A2E,ABFLOW022,Oil,18.438076323786767,,18.438076323786767
Ireland,2018,1A2F,ABFLOW019,Coal,18.438076323786767,,18.438076323786767
Ireland,2018,1A2F,ABFLOW019,Natural gas,18.438076323786767,,18.438076323786767
Ireland,2018,1A2F,ABFLOW019,Oil,18.438076323786767,,18.438076323786767
Ireland,2018,1A2G,ABFLOW020,Coal,18.438076323786767,,18.438076323786767
Ireland,2018,1A2G,ABFLOW020,Natural gas,18.438076323786767,,18.438076323786767
Ireland,2018,1A2G,ABFLOW020,Oil,18.438076323786767,,18.438076323786767
Ireland,2018,1A2H,ABFLOW021,Coal,18.438076323786767,,18.438076323786767
Ireland,2018,1A2H,ABFLOW021,Natural gas,18.438076323786767,,18.438076323786767
Ireland,2018,1A2H,ABFLOW021,Oil,18.438076323786767,,18.438076323786767
Ireland,2018,1A2I,ABFLOW013,Coal,18.438076323786767,,18.438076323786767
Ireland,2018,1A2I,ABFLOW013,Natural gas,18.438076323786767,,18.438076323786767
Ireland,2018,1A2I,ABFLOW013,Oil,18.438076323786767,,18.438076323786767
Ireland,2018,1A2J,ABFLOW024,Coal,18.438076323786767,,18.438076323786767
Ireland,2018,1A2J,ABFLOW024,Natural gas,18.438076323786767,,18.438076323786767
Ireland,2018,1A2J,ABFLOW024,Oil,18.438076323786767,,18.438076323786767
Ireland,2018,1A2K,ABFLOW014,Coal,18.438076323786767,,18.438076323786767
Ireland,2018,1A2K,ABFLOW014,Natural gas,18.438076323786767,,18.438076323786767
Ireland,2018,1A2K,ABFLOW014,Oil,18.438076323786767,,18.438076323786767
Ireland,2018,1A2L,ABFLOW025,Coal,18.438076323786767,,18.438076323786767
Ireland,2018,1A2L,ABFLOW025,Natural gas,18.438076323786767,,18.438076323786767
Ireland,2018,1A2L,ABFLOW025,Oil,18.438076323786767,,18.438076323786767
Ireland,2018,1A2M,ABFLOW026,Coal,18.438076323786767,,18.438076323786767
Ireland,2018,1A2M,ABFLOW026,Natural gas,18.438076323786767,,18.438076323786767
Ireland,2018,1A2M,ABFLOW026,Oil,18.438076323786767,,18.438076323786767
Ireland,2018,1A3,ABFLOW027,Coal,,,0.0
Ireland,2018,1A3,ABFLOW027,Natural gas,,,0.0
Ireland,2018,1A3,ABFLOW027,Oil,,,0.0
Ireland,2018,1A3A1,ABFLOW040,Coal,9.403418925131252,,9.403418925131252
Ireland,2018,1A3A1,ABFLOW040,Natural gas,9.403418925131252,,9.403418925131252
Ireland,2018,1A3A1,ABFLOW040,Oil,9.403418925131252,,9.403418925131252
Ireland,2018,1A3A2,ABFLOW029,Coal,18.438076323786767,23.309831003523097,41.74790732730986
Ireland,2018,1A3A2,ABFLOW029,Natural gas,18.438076323786767,23.309831003523097,41.74790732730986
Ireland,2018,1A3A2,ABFLOW029,Oil,18.438076323786767,23.309831003523097,41.74790732730986
Ireland,2018,1A3B,ABFLOW028,Coal,,23.309831003523097,23.309831003523097
Ireland,2018,1A3B,ABFLOW028,Natural gas,,23.309831003523097,23.309831003523097
Ireland,2018,1A3B,ABFLOW028,Oil,,23.309831003523097,23.309831003523097
Ireland,2018,1A3C,ABFLOW030,Coal,,,0.0
Ireland,2018,1A3C,ABFLOW030,Natural gas,,,0.0
Ireland,2018,1A3C,ABFLOW030,Oil,,,0.0
Ireland,2018,1A3D1,ABFLOW039,Coal,,23.309831003523097,23.309831003523097
Ireland,2018,1A3D1,ABFLOW039,Natural gas,,23.309831003523097,23.309831003523097
Ireland,2018,1A3D1,ABFLOW039,Oil,,23.309831003523097,23.309831003523097
Ireland,2018,1A3D2,ABFLOW032,Coal,,23.309831003523097,23.309831003523097
Ireland,2018,1A3D2,ABFLOW032,Natural gas,,23.309831003523097,23.309831003523097
Ireland,2018,1A3D2,ABFLOW032,Oil,,23.309831003523097,23.309831003523097
Ireland,2018,1A3E1,ABFLOW033,Coal,,23.309831003523097,23.309831003523097
Ireland,2018,1A3E1,ABFLOW033,Natural gas,,23.309831003523097,23.309831003523097
Ireland,2018,1A3E1,ABFLOW033,Oil,,23.309831003523097,23.309831003523097
Ireland,2018,1A4A,ABFLOW035,Coal,,23.309831003523097,23.309831003523097
Ireland,2018,1A4A,ABFLOW035,Natural gas,,23.309831003523097,23.309831003523097
Ireland,2018,1A4A,ABFLOW035,Oil,,23.309831003523097,23.309831003523097
Ireland,2018,1A4B,ABFLOW034,Coal,,23.309831003523097,23.309831003523097
Ireland,2018,1A4B,ABFLOW034,Natural gas,,23.309831003523097,23.309831003523097
Ireland,2018,1A4B,ABFLOW034,Oil,,23.309831003523097,23.309831003523097
Ireland,2018,1A4C1,ABFLOW036,Coal,,23.309831003523097,23.309831003523097
Ireland,2018,1A4C1,ABFLOW036,Natural gas,,23.309831003523097,23.309831003523097
Ireland,2018,1A4C1,ABFLOW036,Oil,,23.309831003523097,23.309831003523097
Ireland,2018,1A4C2,ABFLOW037,Coal,,,0.0
Ireland,2018,1A4C2,ABFLOW037,Natural gas,,,0.0
Ireland,2018,1A4C2,ABFLOW037,Oil,,,0.0
Ireland,2018,1A5,ABFLOW038,Coal,,,0.0
Ireland,2018,1A5,ABFLOW038,Natural gas,,,0.0
Ireland,2018,1A5,ABFLOW038,Oil,,,0.0
Ireland,2019,1A,ABFLOW001,Coal,,,0.0
Ireland,2019,1A,ABFLOW001,Natural gas,,,0.0
Ireland,2019,1A,ABFLOW001,Oil,,,0.0
Ireland,2019,1A1A,ABFLOW002,Coal,,,0.0
Ireland,2019,1A1A,ABFLOW002,Natural gas,,,0.0
Ireland,2019,1A1A,ABFLOW002,Oil,,,0.0
Ireland,2019,1A1A1,ABFLOW003,Coal,28.04618844379715,,28.04618844379715
Ireland,2019,1A1A1,ABFLOW003,Natural gas,28.04618844379715,,28.04618844379715
Ireland,2019,1A1A1,ABFLOW003,Oil,28.04618844379715,,28.04618844379715
Ireland,2019,1A1A2,ABFLOW004,Coal,28.04618844379715,,28.04618844379715
Ireland,2019,1A1A2,ABFLOW004,Natural gas,28.04618844379715,,28.04618844379715
Ireland,2019,1A1A2,ABFLOW004,Oil,28.04618844379715,,28.04618844379715
Ireland,2019,1A1A3,ABFLOW005,Coal,28.04618844379715,,28.04618844379715
Ireland,2019,1A1A3,ABFLOW005,Natural gas,28.04618844379715,,28.04618844379715
Ireland,2019,1A1A3,ABFLOW005,Oil,28.04618844379715,,28.04618844379715
Ireland,2019,1A1B,ABFLOW011,Coal,28.04618844379715,,28.04618844379715
Ireland,2019,1A1B,ABFLOW011,Natural gas,28.04618844379715,,28.04618844379715
Ireland,2019,1A1B,ABFLOW011,Oil,28.04618844379715,,28.04618844379715
Ireland,2019,1A1C,ABFLOW011,Coal,28.04618844379715,,28.04618844379715
Ireland,2019,1A1C,ABFLOW011,Natural gas,28.04618844379715,,28.04618844379715
Ireland,2019,1A1C,ABFLOW011,Oil,28.04618844379715,,28.04618844379715
Ireland,2019,1A2,ABFLOW012,Coal,,,0.0
Ireland,2019,1A2,ABFLOW012,Natural gas,,,0.0
Ireland,2019,1A2,ABFLOW012,Oil,,,0.0
Ireland,2019,1A2A,ABFLOW016,Coal,28.04618844379715,,28.04618844379715
Ireland,2019,1A2A,ABFLOW016,Natural gas,28.04618844379715,,28.04618844379715
Ireland,2019,1A2A,ABFLOW016,Oil,28.04618844379715,,28.04618844379715
Ireland,2019,1A2B,ABFLOW018,Coal,28.04618844379715,,28.04618844379715
Ireland,2019,1A2B,ABFLOW018,Natural gas,28.04618844379715,,28.04618844379715
Ireland,2019,1A2B,ABFLOW018,Oil,28.04618844379715,,28.04618844379715
Ireland,2019,1A2C,ABFLOW017,Coal,28.04618844379715,,28.04618844379715
Ireland,2019,1A2C,ABFLOW017,Natural gas,28.04618844379715,,28.04618844379715
Ireland,2019,1A2C,ABFLOW017,Oil,28.04618844379715,,28.04618844379715
Ireland,2019,1A2D,ABFLOW023,Coal,28.04618844379715,,28.04618844379715
Ireland,2019,1A2D,ABFLOW023,Natural gas,28.04618844379715,,28.04618844379715
Ireland,2019,1A2D,ABFLOW023,Oil,28.04618844379715,,28.04618844379715
Ireland,2019,1A2E,ABFLOW022,Coal,28.04618844379715,,28.04618844379715
Ireland,2019,1A2E,ABFLOW022,Natural gas,28.04618844379715,,28.04618844379715
Ireland,2019,1A2E,ABFLOW022,Oil,28.04618844379715,,28.04618844379715
Ireland,2019,1A2F,ABFLOW019,Coal,28.04618844379715,,28.04618844379715
Ireland,2019,1A2F,ABFLOW019,Natural gas,28.04618844379715,,28.04618844379715
Ireland,2019,1A2F,ABFLOW019,Oil,28.04618844379715,,28.04618844379715
Ireland,2019,1A2G,ABFLOW020,Coal,28.04618844379715,,28.04618844379715
Ireland,2019,1A2G,ABFLOW020,Natural gas,28.04618844379715,,28.04618844379715
Ireland,2019,1A2G,ABFLOW020,Oil,28.04618844379715,,28.04618844379715
Ireland,2019,1A2H,ABFLOW021,Coal,28.04618844379715,,28.04618844379715
Ireland,2019,1A2H,ABFLOW021,Natural gas,28.04618844379715,,28.04618844379715
Ireland,2019,1A2H,ABFLOW021,Oil,28.04618844379715,,28.04618844379715
Ireland,2019,1A2I,ABFLOW013,Coal,28.04618844379715,,28.04618844379715
Ireland,2019,1A2I,ABFLOW013,Natural gas,28.04618844379715,,28.04618844379715
Ireland,2019,1A2I,ABFLOW013,Oil,28.04618844379715,,28.04618844379715
Ireland,2019,1A2J,ABFLOW024,Coal,28.04618844379715,,28.04618844379715
Ireland,2019,1A2J,ABFLOW024,Natural gas,28.04618844379715,,28.04618844379715
Ireland,2019,1A2J,ABFLOW024,Oil,28.04618844379715,,28.04618844379715
Ireland,2019,1A2K,ABFLOW014,Coal,28.04618844379715,,28.04618844379715
Ireland,2019,1A2K,ABFLOW014,Natural gas,28.04618844379715,,28.04618844379715
Ireland,2019,1A2K,ABFLOW014,Oil,28.04618844379715,,28.04618844379715
Ireland,2019,1A2L,ABFLOW025,Coal,28.04618844379715,,28.04618844379715
Ireland,2019,1A2L,ABFLOW025,Natural gas,28.04618844379715,,28.04618844379715
Ireland,2019,1A2L,ABFLOW025,Oil,28.04618844379715,,28.04618844379715
Ireland,2019,1A2M,ABFLOW026,Coal,28.04618844379715,,28.04618844379715
Ireland,2019,1A2M,ABFLOW026,Natural gas,28.04618844379715,,28.04618844379715
Ireland,2019,1A2M,ABFLOW026,Oil,28.04618844379715,,28.04618844379715
Ireland,2019,1A3,ABFLOW027,Coal,,,0.0
Ireland,2019,1A3,ABFLOW027,Natural gas,,,0.0
Ireland,2019,1A3,ABFLOW027,Oil,,,0.0
Ireland,2019,1A3A1,ABFLOW040,Coal,14.303556106336547,,14.303556106336547
Ireland,2019,1A3A1,ABFLOW040,Natural gas,14.303556106336547,,14.303556106336547
Ireland,2019,1A3A1,ABFLOW040,Oil,14.303556106336547,,14.303556106336547
Ireland,2019,1A3A2,ABFLOW029,Coal,28.04618844379715,22.54516755932247,50.591356003119614
Ireland,2019,1A3A2,ABFLOW029,Natural gas,28.04618844379715,22.54516755932247,50.591356003119614
Ireland,2019,1A3A2,ABFLOW029,Oil,28.04618844379715,22.54516755932247,50.591356003119614
Ireland,2019,1A3B,ABFLOW028,Coal,,22.54516755932247,22.54516755932247
Ireland,2019,1A3B,ABFLOW028,Natural gas,,22.54516755932247,22.54516755932247
Ireland,2019,1A3B,ABFLOW028,Oil,,22.54516755932247,22.54516755932247
Ireland,2019,1A3C,ABFLOW030,Coal,,,0.0
Ireland,2019,1A3C,ABFLOW030,Natural gas,,,0.0
Ireland,2019,1A3C,ABFLOW030,Oil,,,0.0
Ireland,2019,1A3D1,ABFLOW039,Coal,,22.54516755932247,22.54516755932247
Ireland,2019,1A3D1,ABFLOW039,Natural gas,,22.54516755932247,22.54516755932247
Ireland,2019,1A3D1,ABFLOW039,Oil,,22.54516755932247,22.54516755932247
Ireland,2019,1A3D2,ABFLOW032,Coal,,22.54516755932247,22.54516755932247
Ireland,2019,1A3D2,ABFLOW032,Natural gas,,22.54516755932247,22.54516755932247
Ireland,2019,1A3D2,ABFLOW032,Oil,,22.54516755932247,22.54516755932247
Ireland,2019,1A3E1,ABFLOW033,Coal,,22.54516755932247,22.54516755932247
Ireland,2019,1A3E1,ABFLOW033,Natural gas,,22.54516755932247,22.54516755932247
Ireland,2019,1A3E1,ABFLOW033,Oil,,22.54516755932247,22.54516755932247
Ireland,2019,1A4A,ABFLOW035,Coal,,22.54516755932247,22.54516755932247
Ireland,2019,1A4A,ABFLOW035,Natural gas,,22.54516755932247,22.54516755932247
Ireland,2019,1A4A,ABFLOW035,Oil,,22.54516755932247,22.54516755932247
Ireland,2019,1A4B,ABFLOW034,Coal,,22.54516755932247,22.54516755932247
Ireland,2019,1A4B,ABFLOW034,Natural gas,,22.54516755932247,22.54516755932247
Ireland,2019,1A4B,ABFLOW034,Oil,,22.54516755932247,22.54516755932247
Ireland,2019,1A4C1,ABFLOW036,Coal,,22.54516755932247,22.54516755932247
Ireland,2019,1A4C1,ABFLOW036,Natural gas,,22.54516755932247,22.54516755932247
Ireland,2019,1A4C1,ABFLOW036,Oil,,22.54516755932247,22.54516755932247
Ireland,2019,1A4C2,ABFLOW037,Coal,,,0.0
Ireland,2019,1A4C2,ABFLOW037,Natural gas,,,0.0
Ireland,2019,1A4C2,ABFLOW037,Oil,,,0.0
Ireland,2019,1A5,ABFLOW038,Coal,,,0.0
Ireland,2019,1A5,ABFLOW038,Natural gas,,,0.0
Ireland,2019,1A5,ABFLOW038,Oil,,,0.0
Ireland,2020,1A,ABFLOW001,Coal,,,0.0
Ireland,2020,1A,ABFLOW001,Natural gas,,,0.0
Ireland,2020,1A,ABFLOW001,Oil,,,0.0
Ireland,2020,1A1A,ABFLOW002,Coal,,,0.0
Ireland,2020,1A1A,ABFLOW002,Natural gas,,,0.0
Ireland,2020,1A1A,ABFLOW002,Oil,,,0.0
Ireland,2020,1A1A1,ABFLOW003,Coal,28.458556658939315,,28.458556658939315
Ireland,2020,1A1A1,ABFLOW003,Natural gas,28.458556658939315,,28.458556658939315
Ireland,2020,1A1A1,ABFLOW003,Oil,28.458556658939315,,28.458556658939315
Ireland,2020,1A1A2,ABFLOW004,Coal,28.458556658939315,,28.458556658939315
Ireland,2020,1A1A2,ABFLOW004,Natural gas,28.458556658939315,,28.458556658939315
Ireland,2020,1A1A2,ABFLOW004,Oil,28.458556658939315,,28.458556658939315
Ireland,2020,1A1A3,ABFLOW005,Coal,28.458556658939315,,28.458556658939315
Ireland,2020,1A1A3,ABFLOW005,Natural gas,28.458556658939315,,28.458556658939315
Ireland,2020,1A1A3,ABFLOW005,Oil,28.458556658939315,,28.458556658939315
Ireland,2020,1A1B,ABFLOW011,Coal,28.458556658939315,,28.458556658939315
Ireland,2020,1A1B,ABFLOW011,Natural gas,28.458556658939315,,28.458556658939315
Ireland,2020,1A1B,ABFLOW011,Oil,28.458556658939315,,28.458556658939315
Ireland,2020,1A1C,ABFLOW011,Coal,28.458556658939315,,28.458556658939315
Ireland,2020,1A1C,ABFLOW011,Natural gas,28.458556658939315,,28.458556658939315
Ireland,2020,1A1C,ABFLOW011,Oil,28.458556658939315,,28.458556658939315
Ireland,2020,1A2,ABFLOW012,Coal,,,0.0
Ireland,2020,1A2,ABFLOW012,Natural gas,,,0.0
Ireland,2020,1A2,ABFLOW012,Oil,,,0.0
Ireland,2020,1A2A,ABFLOW016,Coal,28.458556658939315,,28.458556658939315
Ireland,2020,1A2A,ABFLOW016,Natural gas,28.458556658939315,,28.458556658939315
Ireland,2020,1A2A,ABFLOW016,Oil,28.458556658939315,,28.458556658939315
Ireland,2020,1A2B,ABFLOW018,Coal,28.458556658939315,,28.458556658939315
Ireland,2020,1A2B,ABFLOW018,Natural gas,28.458556658939315,,28.458556658939315
Ireland,2020,1A2B,ABFLOW018,Oil,28.458556658939315,,28.458556658939315
Ireland,2020,1A2C,ABFLOW017,Coal,28.458556658939315,,28.458556658939315
Ireland,2020,1A2C,ABFLOW017,Natural gas,28.458556658939315,,28.458556658939315
Ireland,2020,1A2C,ABFLOW017,Oil,28.458556658939315,,28.458556658939315
Ireland,2020,1A2D,ABFLOW023,Coal,28.458556658939315,,28.458556658939315
Ireland,2020,1A2D,ABFLOW023,Natural gas,28.458556658939315,,28.458556658939315
Ireland,2020,1A2D,ABFLOW023,Oil,28.458556658939315,,28.458556658939315
Ireland,2020,1A2E,ABFLOW022,Coal,28.458556658939315,,28.458556658939315
Ireland,2020,1A2E,ABFLOW022,Natural gas,28.458556658939315,,28.458556658939315
Ireland,2020,1A2E,ABFLOW022,Oil,28.458556658939315,,28.458556658939315
Ireland,2020,1A2F,ABFLOW019,Coal,28.458556658939315,,28.458556658939315
Ireland,2020,1A2F,ABFLOW019,Natural gas,28.458556658939315,,28.458556658939315
Ireland,2020,1A2F,ABFLOW019,Oil,28.458556658939315,,28.458556658939315
Ireland,2020,1A2G,ABFLOW020,Coal,28.458556658939315,,28.458556658939315
Ireland,2020,1A2G,ABFLOW020,Natural gas,28.458556658939315,,28.458556658939315
Ireland,2020,1A2G,ABFLOW020,Oil,28.458556658939315,,28.458556658939315
Ireland,2020,1A2H,ABFLOW021,Coal,28.458556658939315,,28.458556658939315
Ireland,2020,1A2H,ABFLOW021,Natural gas,28.458556658939315,,28.458556658939315
Ireland,2020,1A2H,ABFLOW021,Oil,28.458556658939315,,28.458556658939315
Ireland,2020,1A2I,ABFLOW013,Coal,28.458556658939315,,28.458556658939315
Ireland,2020,1A2I,ABFLOW013,Natural gas,28.458556658939315,,28.458556658939315
Ireland,2020,1A2I,ABFLOW013,Oil,28.458556658939315,,28.458556658939315
Ireland,2020,1A2J,ABFLOW024,Coal,28.458556658939315,,28.458556658939315
Ireland,2020,1A2J,ABFLOW024,Natural gas,28.458556658939315,,28.458556658939315
Ireland,2020,1A2J,ABFLOW024,Oil,28.458556658939315,,28.458556658939315
Ireland,2020,1A2K,ABFLOW014,Coal,28.458556658939315,,28.458556658939315
Ireland,2020,1A2K,ABFLOW014,Natural gas,28.458556658939315,,28.458556658939315
Ireland,2020,1A2K,ABFLOW014,Oil,28.458556658939315,,28.458556658939315
Ireland,2020,1A2L,ABFLOW025,Coal,28.458556658939315,,28.458556658939315
Ireland,2020,1A2L,ABFLOW025,Natural gas,28.458556658939315,,28.458556658939315
Ireland,2020,1A2L,ABFLOW025,Oil,28.458556658939315,,28.458556658939315
Ireland,2020,1A2M,ABFLOW026,Coal,28.458556658939315,,28.458556658939315
Ireland,2020,1A2M,ABFLOW026,Natural gas,28.458556658939315,,28.458556658939315
Ireland,2020,1A2M,ABFLOW026,Oil,28.458556658939315,,28.458556658939315
Ireland,2020,1A3,ABFLOW027,Coal,,,0.0
Ireland,2020,1A3,ABFLOW027,Natural gas,,,0.0
Ireland,2020,1A3,ABFLOW027,Oil,,,0.0
Ireland,2020,1A3A1,ABFLOW040,Coal,14.513863896059052,,14.513863896059052
Ireland,2020,1A3A1,ABFLOW040,Natural gas,14.513863896059052,,14.513863896059052
Ireland,2020,1A3A1,ABFLOW040,Oil,14.513863896059052,,14.513863896059052
Ireland,2020,1A3A2,ABFLOW029,Coal,28.458556658939315,27.585030687178655,56.043587346117974
Ireland,2020,1A3A2,ABFLOW029,Natural gas,28.458556658939315,27.585030687178655,56.043587346117974
Ireland,2020,1A3A2,ABFLOW029,Oil,28.458556658939315,27.585030687178655,56.043587346117974
Ireland,2020,1A3B,ABFLOW028,Coal,,27.585030687178655,27.585030687178655
Ireland,2020,1A3B,ABFLOW028,Natural gas,,27.585030687178655,27.585030687178655
Ireland,2020,1A3B,ABFLOW028,Oil,,27.585030687178655,27.585030687178655
Ireland,2020,1A3C,ABFLOW030,Coal,,,0.0
Ireland,2020,1A3C,ABFLOW030,Natural gas,,,0.0
Ireland,2020,1A3C,ABFLOW030,Oil,,,0.0
Ireland,2020,1A3D1,ABFLOW039,Coal,,27.585030687178655,27.585030687178655
Ireland,2020,1A3D1,ABFLOW039,Natural gas,,27.585030687178655,27.585030687178655
Ireland,2020,1A3D1,ABFLOW039,Oil,,27.585030687178655,27.585030687178655
Ireland,2020,1A3D2,ABFLOW032,Coal,,27.585030687178655,27.585030687178655
Ireland,2020,1A3D2,ABFLOW032,Natural gas,,27.585030687178655,27.585030687178655
Ireland,2020,1A3D2,ABFLOW032,Oil,,27.585030687178655,27.585030687178655
Ireland,2020,1A3E1,ABFLOW033,Coal,,27.585030687178655,27.585030687178655
Ireland,2020,1A3E1,ABFLOW033,Natural gas,,27.585030687178655,27.585030687178655
Ireland,2020,1A3E1,ABFLOW033,Oil,,27.585030687178655,27.585030687178655
Ireland,2020,1A4A,ABFLOW035,Coal,,27.585030687178655,27.585030687178655
Ireland,2020,1A4A,ABFLOW035,Natural gas,,27.585030687178655,27.585030687178655
Ireland,2020,1A4A,ABFLOW035,Oil,,27.585030687178655,27.585030687178655
Ireland,2020,1A4B,ABFLOW034,Coal,,27.585030687178655,27.585030687178655
Ireland,2020,1A4B,ABFLOW034,Natural gas,,27.585030687178655,27.585030687178655
Ireland,2020,1A4B,ABFLOW034,Oil,,27.585030687178655,27.585030687178655
Ireland,2020,1A4C1,ABFLOW036,Coal,,27.585030687178655,27.585030687178655
Ireland,2020,1A4C1,ABFLOW036,Natural gas,,27.585030687178655,27.585030687178655
Ireland,2020,1A4C1,ABFLOW036,Oil,,27.585030687178655,27.585030687178655
Ireland,2020,1A4C2,ABFLOW037,Coal,,,0.0
Ireland,2020,1A4C2,ABFLOW037,Natural gas,,,0.0
Ireland,2020,1A4C2,ABFLOW037,Oil,,,0.0
Ireland,2020,1A5,ABFLOW038,Coal,,,0.0
Ireland,2020,1A5,ABFLOW038,Natural gas,,,0.0
Ireland,2020,1A5,ABFLOW038,Oil,,,0.0
Ireland,2021,1A,ABFLOW001,Coal,,,0.0
Ireland,2021,1A,ABFLOW001,Natural gas,,,0.0
Ireland,2021,1A,ABFLOW001,Oil,,,0.0
Ireland,2021,1A1A,ABFLOW002,Coal,,,0.0
Ireland,2021,1A1A,ABFLOW002,Natural gas,,,0.0
Ireland,2021,1A1A,ABFLOW002,Oil,,,0.0
Ireland,2021,1A1A1,ABFLOW003,Coal,60.89193727539277,,60.89193727539277
Ireland,2021,1A1A1,ABFLOW003,Natural gas,60.89193727539277,,60.89193727539277
Ireland,2021,1A1A1,ABFLOW003,Oil,60.89193727539277,,60.89193727539277
Ireland,2021,1A1A2,ABFLOW004,Coal,60.89193727539277,,60.89193727539277
Ireland,2021,1A1A2,ABFLOW004,Natural gas,60.89193727539277,,60.89193727539277
Ireland,2021,1A1A2,ABFLOW004,Oil,60.89193727539277,,60.89193727539277
Ireland,2021,1A1A3,ABFLOW005,Coal,60.89193727539277,,60.89193727539277
Ireland,2021,1A1A3,ABFLOW005,Natural gas,60.89193727539277,,60.89193727539277
Ireland,2021,1A1A3,ABFLOW005,Oil,60.89193727539277,,60.89193727539277
Ireland,2021,1A1B,ABFLOW011,Coal,60.89193727539277,,60.89193727539277
Ireland,2021,1A1B,ABFLOW011,Natural gas,60.89193727539277,,60.89193727539277
Ireland,2021,1A1B,ABFLOW011,Oil,60.89193727539277,,60.89193727539277
Ireland,2021,1A1C,ABFLOW011,Coal,60.89193727539277,,60.89193727539277
Ireland,2021,1A1C,ABFLOW011,Natural gas,60.89193727539277,,60.89193727539277
Ireland,2021,1A1C,ABFLOW011,Oil,60.89193727539277,,60.89193727539277
Ireland,2021,1A2,ABFLOW012,Coal,,,0.0
Ireland,2021,1A2,ABFLOW012,Natural gas,,,0.0
Ireland,2021,1A2,ABFLOW012,Oil,,,0.0
Ireland,2021,1A2A,ABFLOW016,Coal,60.89193727539277,,60.89193727539277
Ireland,2021,1A2A,ABFLOW016,Natural gas,60.89193727539277,,60.89193727539277
Ireland,2021,1A2A,ABFLOW016,Oil,60.89193727539277,,60.89193727539277
Ireland,2021,1A2B,ABFLOW018,Coal,60.89193727539277,,60.89193727539277
Ireland,2021,1A2B,ABFLOW018,Natural gas,60.89193727539277,,60.89193727539277
Ireland,2021,1A2B,ABFLOW018,Oil,60.89193727539277,,60.89193727539277
Ireland,2021,1A2C,ABFLOW017,Coal,60.89193727539277,,60.89193727539277
Ireland,2021,1A2C,ABFLOW017,Natural gas,60.89193727539277,,60.89193727539277
Ireland,2021,1A2C,ABFLOW017,Oil,60.89193727539277,,60.89193727539277
Ireland,2021,1A2D,ABFLOW023,Coal,60.89193727539277,,60.89193727539277
Ireland,2021,1A2D,ABFLOW023,Natural gas,60.89193727539277,,60.89193727539277
Ireland,2021,1A2D,ABFLOW023,Oil,60.89193727539277,,60.89193727539277
Ireland,2021,1A2E,ABFLOW022,Coal,60.89193727539277,,60.89193727539277
Ireland,2021,1A2E,ABFLOW022,Natural gas,60.89193727539277,,60.89193727539277
Ireland,2021,1A2E,ABFLOW022,Oil,60.89193727539277,,60.89193727539277
Ireland,2021,1A2F,ABFLOW019,Coal,60.89193727539277,,60.89193727539277
Ireland,2021,1A2F,ABFLOW019,Natural gas,60.89193727539277,,60.89193727539277
Ireland,2021,1A2F,ABFLOW019,Oil,60.89193727539277,,60.89193727539277
Ireland,2021,1A2G,ABFLOW020,Coal,60.89193727539277,,60.89193727539277
Ireland,2021,1A2G,ABFLOW020,Natural gas,60.89193727539277,,60.89193727539277
Ireland,2021,1A2G,ABFLOW020,Oil,60.89193727539277,,60.89193727539277
Ireland,2021,1A2H,ABFLOW021,Coal,60.89193727539277,,60.89193727539277
Ireland,2021,1A2H,ABFLOW021,Natural gas,60.89193727539277,,60.89193727539277
Ireland,2021,1A2H,ABFLOW021,Oil,60.89193727539277,,60.89193727539277
Ireland,2021,1A2I,ABFLOW013,Coal,60.89193727539277,,60.89193727539277
Ireland,2021,1A2I,ABFLOW013,Natural gas,60.89193727539277,,60.89193727539277
Ireland,2021,1A2I,ABFLOW013,Oil,60.89193727539277,,60.89193727539277
Ireland,2021,1A2J,ABFLOW024,Coal,60.89193727539277,,60.89193727539277
Ireland,2021,1A2J,ABFLOW024,Natural gas,60.89193727539277,,60.89193727539277
Ireland,2021,1A2J,ABFLOW024,Oil,60.89193727539277,,60.89193727539277
Ireland,2021,1A2K,ABFLOW014,Coal,60.89193727539277,,60.89193727539277
Ireland,2021,1A2K,ABFLOW014,Natural gas,60.89193727539277,,60.89193727539277
Ireland,2021,1A2K,ABFLOW014,Oil,60.89193727539277,,60.89193727539277
Ireland,2021,1A2L,ABFLOW025,Coal,60.89193727539277,,60.89193727539277
Ireland,2021,1A2L,ABFLOW025,Natural gas,60.89193727539277,,60.89193727539277
Ireland,2021,1A2L,ABFLOW025,Oil,60.89193727539277,,60.89193727539277
Ireland,2021,1A2M,ABFLOW026,Coal,60.89193727539277,,60.89193727539277
Ireland,2021,1A2M,ABFLOW026,Natural gas,60.89193727539277,,60.89193727539277
Ireland,2021,1A2M,ABFLOW026,Oil,60.89193727539277,,60.89193727539277
Ireland,2021,1A3,ABFLOW027,Coal,,,0.0
Ireland,2021,1A3,ABFLOW027,Natural gas,,,0.0
Ireland,2021,1A3,ABFLOW027,Oil,,,0.0
Ireland,2021,1A3A1,ABFLOW040,Coal,31.054888010450313,,31.054888010450313
Ireland,2021,1A3A1,ABFLOW040,Natural gas,31.054888010450313,,31.054888010450313
Ireland,2021,1A3A1,ABFLOW040,Oil,31.054888010450313,,31.054888010450313
Ireland,2021,1A3A2,ABFLOW029,Coal,60.89193727539277,35.243653016004025,96.1355902913968
Ireland,2021,1A3A2,ABFLOW029,Natural gas,60.89193727539277,35.243653016004025,96.1355902913968
Ireland,2021,1A3A2,ABFLOW029,Oil,60.89193727539277,35.243653016004025,96.1355902913968
Ireland,2021,1A3B,ABFLOW028,Coal,,35.243653016004025,35.243653016004025
Ireland,2021,1A3B,ABFLOW028,Natural gas,,35.243653016004025,35.243653016004025
Ireland,2021,1A3B,ABFLOW028,Oil,,35.243653016004025,35.243653016004025
Ireland,2021,1A3C,ABFLOW030,Coal,,,0.0
Ireland,2021,1A3C,ABFLOW030,Natural gas,,,0.0
Ireland,2021,1A3C,ABFLOW030,Oil,,,0.0
Ireland,2021,1A3D1,ABFLOW039,Coal,,35.243653016004025,35.243653016004025
Ireland,2021,1A3D1,ABFLOW039,Natural gas,,35.243653016004025,35.243653016004025
Ireland,2021,1A3D1,ABFLOW039,Oil,,35.243653016004025,35.243653016004025
Ireland,2021,1A3D2,ABFLOW032,Coal,,35.243653016004025,35.243653016004025
Ireland,2021,1A3D2,ABFLOW032,Natural gas,,35.243653016004025,35.243653016004025
Ireland,2021,1A3D2,ABFLOW032,Oil,,35.243653016004025,35.243653016004025
Ireland,2021,1A3E1,ABFLOW033,Coal,,35.243653016004025,35.243653016004025
Ireland,2021,1A3E1,ABFLOW033,Natural gas,,35.243653016004025,35.243653016004025
Ireland,2021,1A3E1,ABFLOW033,Oil,,35.243653016004025,35.243653016004025
Ireland,2021,1A4A,ABFLOW035,Coal,,35.243653016004025,35.243653016004025
Ireland,2021,1A4A,ABFLOW035,Natural gas,,35.243653016004025,35.243653016004025
Ireland,2021,1A4A,ABFLOW035,Oil,,35.243653016004025,35.243653016004025
Ireland,2021,1A4B,ABFLOW034,Coal,,35.243653016004025,35.243653016004025
Ireland,2021,1A4B,ABFLOW034,Natural gas,,35.243653016004025,35.243653016004025
Ireland,2021,1A4B,ABFLOW034,Oil,,35.243653016004025,35.243653016004025
Ireland,2021,1A4C1,ABFLOW036,Coal,,35.243653016004025,35.243653016004025
Ireland,2021,1A4C1,ABFLOW036,Natural gas,,35.243653016004025,35.243653016004025
Ireland,2021,1A4C1,ABFLOW036,Oil,,35.243653016004025,35.243653016004025
Ireland,2021,1A4C2,ABFLOW037,Coal,,,0.0
Ireland,2021,1A4C2,ABFLOW037,Natural gas,,,0.0
Ireland,2021,1A4C2,ABFLOW037,Oil,,,0.0
Ireland,2021,1A5,ABFLOW038,Coal,,,0.0
Ireland,2021,1A5,ABFLOW038,Natural gas,,,0.0
Ireland,2021,1A5,ABFLOW038,Oil,,,0.0
Ireland,2022,1A,ABFLOW001,Coal,,,0.0
Ireland,2022,1A,ABFLOW001,Natural gas,,,0.0
Ireland,2022,1A,ABFLOW001,Oil,,,0.0
Ireland,2022,1A1A,ABFLOW002,Coal,,,0.0
Ireland,2022,1A1A,ABFLOW002,Natural gas,,,0.0
Ireland,2022,1A1A,ABFLOW002,Oil,,,0.0
Ireland,2022,1A1A1,ABFLOW003,Coal,86.19104774902372,,86.19104774902372
Ireland,2022,1A1A1,ABFLOW003,Natural gas,86.19104774902372,,86.19104774902372
Ireland,2022,1A1A1,ABFLOW003,Oil,86.19104774902372,,86.19104774902372
Ireland,2022,1A1A2,ABFLOW004,Coal,86.19104774902372,,86.19104774902372
Ireland,2022,1A1A2,ABFLOW004,Natural gas,86.19104774902372,,86.19104774902372
Ireland,2022,1A1A2,ABFLOW004,Oil,86.19104774902372,,86.19104774902372
Ireland,2022,1A1A3,ABFLOW005,Coal,86.19104774902372,,86.19104774902372
Ireland,2022,1A1A3,ABFLOW005,Natural gas,86.19104774902372,,86.19104774902372
Ireland,2022,1A1A3,ABFLOW005,Oil,86.19104774902372,,86.19104774902372
Ireland,2022,1A1B,ABFLOW011,Coal,86.19104774902372,,86.19104774902372
Ireland,2022,1A1B,ABFLOW011,Natural gas,86.19104774902372,,86.19104774902372
Ireland,2022,1A1B,ABFLOW011,Oil,86.19104774902372,,86.19104774902372
Ireland,2022,1A1C,ABFLOW011,Coal,86.19104774902372,,86.19104774902372
Ireland,2022,1A1C,ABFLOW011,Natural gas,86.19104774902372,,86.19104774902372
Ireland,2022,1A1C,ABFLOW011,Oil,86.19104774902372,,86.19104774902372
Ireland,2022,1A2,ABFLOW012,Coal,,,0.0
Ireland,2022,1A2,ABFLOW012,Natural gas,,,0.0
Ireland,2022,1A2,ABFLOW012,Oil,,,0.0
Ireland,2022,1A2A,ABFLOW016,Coal,86.19104774902372,,86.19104774902372
Ireland,2022,1A2A,ABFLOW016,Natural gas,86.19104774902372,,86.19104774902372
Ireland,2022,1A2A,ABFLOW016,Oil,86.19104774902372,,86.19104774902372
Ireland,2022,1A2B,ABFLOW018,Coal,86.19104774902372,,86.19104774902372
Ireland,2022,1A2B,ABFLOW018,Natural gas,86.19104774902372,,86.19104774902372
Ireland,2022,1A2B,ABFLOW018,Oil,86.19104774902372,,86.19104774902372
Ireland,2022,1A2C,ABFLOW017,Coal,86.19104774902372,,86.19104774902372
Ireland,2022,1A2C,ABFLOW017,Natural gas,86.19104774902372,,86.19104774902372
Ireland,2022,1A2C,ABFLOW017,Oil,86.19104774902372,,86.19104774902372
Ireland,2022,1A2D,ABFLOW023,Coal,86.19104774902372,,86.19104774902372
Ireland,2022,1A2D,ABFLOW023,Natural gas,86.19104774902372,,86.19104774902372
Ireland,2022,1A2D,ABFLOW023,Oil,86.19104774902372,,86.19104774902372
Ireland,2022,1A2E,ABFLOW022,Coal,86.19104774902372,,86.19104774902372
Ireland,2022,1A2E,ABFLOW022,Natural gas,86.19104774902372,,86.19104774902372
Ireland,2022,1A2E,ABFLOW022,Oil,86.19104774902372,,86.19104774902372
Ireland,2022,1A2F,ABFLOW019,Coal,86.19104774902372,,86.19104774902372
Ireland,2022,1A2F,ABFLOW019,Natural gas,86.19104774902372,,86.19104774902372
Ireland,2022,1A2F,ABFLOW019,Oil,86.19104774902372,,86.19104774902372
Ireland,2022,1A2G,ABFLOW020,Coal,86.19104774902372,,86.19104774902372
Ireland,2022,1A2G,ABFLOW020,Natural gas,86.19104774902372,,86.19104774902372
Ireland,2022,1A2G,ABFLOW020,Oil,86.19104774902372,,86.19104774902372
Ireland,2022,1A2H,ABFLOW021,Coal,86.19104774902372,,86.19104774902372
Ireland,2022,1A2H,ABFLOW021,Natural gas,86.19104774902372,,86.19104774902372
Ireland,2022,1A2H,ABFLOW021,Oil,86.19104774902372,,86.19104774902372
Ireland,2022,1A2I,ABFLOW013,Coal,86.19104774902372,,86.19104774902372
Ireland,2022,1A2I,ABFLOW013,Natural gas,86.19104774902372,,86.19104774902372
Ireland,2022,1A2I,ABFLOW013,Oil,86.19104774902372,,86.19104774902372
Ireland,2022,1A2J,ABFLOW024,Coal,86.19104774902372,,86.19104774902372
Ireland,2022,1A2J,ABFLOW024,Natural gas,86.19104774902372,,86.19104774902372
Ireland,2022,1A2J,ABFLOW024,Oil,86.19104774902372,,86.19104774902372
Ireland,2022,1A2K,ABFLOW014,Coal,86.19104774902372,,86.19104774902372
Ireland,2022,1A2K,ABFLOW014,Natural gas,86.19104774902372,,86.19104774902372
Ireland,2022,1A2K,ABFLOW014,Oil,86.19104774902372,,86.19104774902372
Ireland,2022,1A2L,ABFLOW025,Coal,86.19104774902372,,86.19104774902372
Ireland,2022,1A2L,ABFLOW025,Natural gas,86.19104774902372,,86.19104774902372
Ireland,2022,1A2L,ABFLOW025,Oil,86.19104774902372,,86.19104774902372
Ireland,2022,1A2M,ABFLOW026,Coal,86.19104774902372,,86.19104774902372
Ireland,2022,1A2M,ABFLOW026,Natural gas,86.19104774902372,,86.19104774902372
Ireland,2022,1A2M,ABFLOW026,Oil,86.19104774902372,,86.19104774902372
Ireland,2022,1A3,ABFLOW027,Coal,,,0.0
Ireland,2022,1A3,ABFLOW027,Natural gas,,,0.0
Ireland,2022,1A3,ABFLOW027,Oil,,,0.0
Ireland,2022,1A3A1,ABFLOW040,Coal,43.9574343520021,,43.9574343520021
Ireland,2022,1A3A1,ABFLOW040,Natural gas,43.9574343520021,,43.9574343520021
Ireland,2022,1A3A1,ABFLOW040,Oil,43.9574343520021,,43.9574343520021
Ireland,2022,1A3A2,ABFLOW029,Coal,86.19104774902372,43.65990805176641,129.85095580079013
Ireland,2022,1A3A2,ABFLOW029,Natural gas,86.19104774902372,43.65990805176641,129.85095580079013
Ireland,2022,1A3A2,ABFLOW029,Oil,86.19104774902372,43.65990805176641,129.85095580079013
Ireland,2022,1A3B,ABFLOW028,Coal,,43.65990805176641,43.65990805176641
Ireland,2022,1A3B,ABFLOW028,Natural gas,,43.65990805176641,43.65990805176641
Ireland,2022,1A3B,ABFLOW028,Oil,,43.65990805176641,43.65990805176641
Ireland,2022,1A3C,ABFLOW030,Coal,,,0.0
Ireland,2022,1A3C,ABFLOW030,Natural gas,,,0.0
Ireland,2022,1A3C,ABFLOW030,Oil,,,0.0
Ireland,2022,1A3D1,ABFLOW039,Coal,,43.65990805176641,43.65990805176641
Ireland,2022,1A3D1,ABFLOW039,Natural gas,,43.65990805176641,43.65990805176641
Ireland,2022,1A3D1,ABFLOW039,Oil,,43.65990805176641,43.65990805176641
Ireland,2022,1A3D2,ABFLOW032,Coal,,43.65990805176641,43.65990805176641
Ireland,2022,1A3D2,ABFLOW032,Natural gas,,43.65990805176641,43.65990805176641
Ireland,2022,1A3D2,ABFLOW032,Oil,,43.65990805176641,43.65990805176641
Ireland,2022,1A3E1,ABFLOW033,Coal,,43.65990805176641,43.65990805176641
Ireland,2022,1A3E1,ABFLOW033,Natural gas,,43.65990805176641,43.65990805176641
Ireland,2022,1A3E1,ABFLOW033,Oil,,43.65990805176641,43.65990805176641
Ireland,2022,1A4A,ABFLOW035,Coal,,43.65990805176641,43.65990805176641
Ireland,2022,1A4A,ABFLOW035,Natural gas,,43.65990805176641,43.65990805176641
Ireland,2022,1A4A,ABFLOW035,Oil,,43.65990805176641,43.65990805176641
Ireland,2022,1A4B,ABFLOW034,Coal,,43.65990805176641,43.65990805176641
Ireland,2022,1A4B,ABFLOW034,Natural gas,,43.65990805176641,43.65990805176641
Ireland,2022,1A4B,ABFLOW034,Oil,,43.65990805176641,43.65990805176641
Ireland,2022,1A4C1,ABFLOW036,Coal,,43.65990805176641,43.65990805176641
Ireland,2022,1A4C1,ABFLOW036,Natural gas,,43.65990805176641,43.65990805176641
Ireland,2022,1A4C1,ABFLOW036,Oil,,43.65990805176641,43.65990805176641
Ireland,2022,1A4C2,ABFLOW037,Coal,,,0.0
Ireland,2022,1A4C2,ABFLOW037,Natural gas,,,0.0
Ireland,2022,1A4C2,ABFLOW037,Oil,,,0.0
Ireland,2022,1A5,ABFLOW038,Coal,,,0.0
Ireland,2022,1A5,ABFLOW038,Natural gas,,,0.0
Ireland,2022,1A5,ABFLOW038,Oil,,,0.0
Ireland,2023,1A,ABFLOW001,Coal,,,0.0
Ireland,2023,1A,ABFLOW001,Natural gas,,,0.0
Ireland,2023,1A,ABFLOW001,Oil,,,0.0
Ireland,2023,1A1A,ABFLOW002,Coal,,,0.0
Ireland,2023,1A1A,ABFLOW002,Natural gas,,,0.0
Ireland,2023,1A1A,ABFLOW002,Oil,,,0.0
Ireland,2023,1A1A1,ABFLOW003,Coal,86.13807949871122,,86.13807949871122
Ireland,2023,1A1A1,ABFLOW003,Natural gas,86.13807949871122,,86.13807949871122
Ireland,2023,1A1A1,ABFLOW003,Oil,86.13807949871122,,86.13807949871122
Ireland,2023,1A1A2,ABFLOW004,Coal,86.13807949871122,,86.13807949871122
Ireland,2023,1A1A2,ABFLOW004,Natural gas,86.13807949871122,,86.13807949871122
Ireland,2023,1A1A2,ABFLOW004,Oil,86.13807949871122,,86.13807949871122
Ireland,2023,1A1A3,ABFLOW005,Coal,86.13807949871122,,86.13807949871122
Ireland,2023,1A1A3,ABFLOW005,Natural gas,86.13807949871122,,86.13807949871122
Ireland,2023,1A1A3,ABFLOW005,Oil,86.13807949871122,,86.13807949871122
Ireland,2023,1A1B,ABFLOW011,Coal,86.13807949871122,,86.13807949871122
Ireland,2023,1A1B,ABFLOW011,Natural gas,86.13807949871122,,86.13807949871122
Ireland,2023,1A1B,ABFLOW011,Oil,86.13807949871122,,86.13807949871122
Ireland,2023,1A1C,ABFLOW011,Coal,86.13807949871122,,86.13807949871122
Ireland,2023,1A1C,ABFLOW011,Natural gas,86.13807949871122,,86.13807949871122
Ireland,2023,1A1C,ABFLOW011,Oil,86.13807949871122,,86.13807949871122
Ireland,2023,1A2,ABFLOW012,Coal,,,0.0
Ireland,2023,1A2,ABFLOW012,Natural gas,,,0.0
Ireland,2023,1A2,ABFLOW012,Oil,,,0.0
Ireland,2023,1A2A,ABFLOW016,Coal,86.13807949871122,,86.13807949871122
Ireland,2023,1A2A,ABFLOW016,Natural gas,86.13807949871122,,86.13807949871122
Ireland,2023,1A2A,ABFLOW016,Oil,86.13807949871122,,86.13807949871122
Ireland,2023,1A2B,ABFLOW018,Coal,86.13807949871122,,86.13807949871122
Ireland,2023,1A2B,ABFLOW018,Natural gas,86.13807949871122,,86.13807949871122
Ireland,2023,1A2B,ABFLOW018,Oil,86.13807949871122,,86.13807949871122
Ireland,2023,1A2C,ABFLOW017,Coal,86.13807949871122,,86.13807949871122
Ireland,2023,1A2C,ABFLOW017,Natural gas,86.13807949871122,,86.13807949871122
Ireland,2023,1A2C,ABFLOW017,Oil,86.13807949871122,,86.13807949871122
Ireland,2023,1A2D,ABFLOW023,Coal,86.13807949871122,,86.13807949871122
Ireland,2023,1A2D,ABFLOW023,Natural gas,86.13807949871122,,86.13807949871122
Ireland,2023,1A2D,ABFLOW023,Oil,86.13807949871122,,86.13807949871122
Ireland,2023,1A2E,ABFLOW022,Coal,86.13807949871122,,86.13807949871122
Ireland,2023,1A2E,ABFLOW022,Natural gas,86.13807949871122,,86.13807949871122
Ireland,2023,1A2E,ABFLOW022,Oil,86.13807949871122,,86.13807949871122
Ireland,2023,1A2F,ABFLOW019,Coal,86.13807949871122,,86.13807949871122
Ireland,2023,1A2F,ABFLOW019,Natural gas,86.13807949871122,,86.13807949871122
Ireland,2023,1A2F,ABFLOW019,Oil,86.13807949871122,,86.13807949871122
Ireland,2023,1A2G,ABFLOW020,Coal,86.13807949871122,,86.13807949871122
Ireland,2023,1A2G,ABFLOW020,Natural gas,86.13807949871122,,86.13807949871122
Ireland,2023,1A2G,ABFLOW020,Oil,86.13807949871122,,86.13807949871122
Ireland,2023,1A2H,ABFLOW021,Coal,86.13807949871122,,86.13807949871122
Ireland,2023,1A2H,ABFLOW021,Natural gas,86.13807949871122,,86.13807949871122
Ireland,2023,1A2H,ABFLOW021,Oil,86.13807949871122,,86.13807949871122
Ireland,2023,1A2I,ABFLOW013,Coal,86.13807949871122,,86.13807949871122
Ireland,2023,1A2I,ABFLOW013,Natural gas,86.13807949871122,,86.13807949871122
Ireland,2023,1A2I,ABFLOW013,Oil,86.13807949871122,,86.13807949871122
Ireland,2023,1A2J,ABFLOW024,Coal,86.13807949871122,,86.13807949871122
Ireland,2023,1A2J,ABFLOW024,Natural gas,86.13807949871122,,86.13807949871122
Ireland,2023,1A2J,ABFLOW024,Oil,86.13807949871122,,86.13807949871122
Ireland,2023,1A2K,ABFLOW014,Coal,86.13807949871122,,86.13807949871122
Ireland,2023,1A2K,ABFLOW014,Natural gas,86.13807949871122,,86.13807949871122
Ireland,2023,1A2K,ABFLOW014,Oil,86.13807949871122,,86.13807949871122
Ireland,2023,1A2L,ABFLOW025,Coal,86.13807949871122,,86.13807949871122
Ireland,2023,1A2L,ABFLOW025,Natural gas,86.13807949871122,,86.13807949871122
Ireland,2023,1A2L,ABFLOW025,Oil,86.13807949871122,,86.13807949871122
Ireland,2023,1A2M,ABFLOW026,Coal,86.13807949871122,,86.13807949871122
Ireland,2023,1A2M,ABFLOW026,Natural gas,86.13807949871122,,86.13807949871122
Ireland,2023,1A2M,ABFLOW026,Oil,86.13807949871122,,86.13807949871122
Ireland,2023,1A3,ABFLOW027,Coal,,,0.0
Ireland,2023,1A3,ABFLOW027,Natural gas,,,0.0
Ireland,2023,1A3,ABFLOW027,Oil,,,0.0
Ireland,2023,1A3A1,ABFLOW040,Coal,43.930420544342724,,43.930420544342724
Ireland,2023,1A3A1,ABFLOW040,Natural gas,43.930420544342724,,43.930420544342724
Ireland,2023,1A3A1,ABFLOW040,Oil,43.930420544342724,,43.930420544342724
Ireland,2023,1A3A2,ABFLOW029,Coal,86.13807949871122,49.84128913967424,135.97936863838547
Ireland,2023,1A3A2,ABFLOW029,Natural gas,86.13807949871122,49.84128913967424,135.97936863838547
Ireland,2023,1A3A2,ABFLOW029,Oil,86.13807949871122,49.84128913967424,135.97936863838547
Ireland,2023,1A3B,ABFLOW028,Coal,,49.84128913967424,49.84128913967424
Ireland,2023,1A3B,ABFLOW028,Natural gas,,49.84128913967424,49.84128913967424
Ireland,2023,1A3B,ABFLOW028,Oil,,49.84128913967424,49.84128913967424
Ireland,2023,1A3C,ABFLOW030,Coal,,,0.0
Ireland,2023,1A3C,ABFLOW030,Natural gas,,,0.0
Ireland,2023,1A3C,ABFLOW030,Oil,,,0.0
Ireland,2023,1A3D1,ABFLOW039,Coal,,49.84128913967424,49.84128913967424
Ireland,2023,1A3D1,ABFLOW039,Natural gas,,49.84128913967424,49.84128913967424
Ireland,2023,1A3D1,ABFLOW039,Oil,,49.84128913967424,49.84128913967424
Ireland,2023,1A3D2,ABFLOW032,Coal,,49.84128913967424,49.84128913967424
Ireland,2023,1A3D2,ABFLOW032,Natural gas,,49.84128913967424,49.84128913967424
Ireland,2023,1A3D2,ABFLOW032,Oil,,49.84128913967424,49.84128913967424
Ireland,2023,1A3E1,ABFLOW033,Coal,,49.84128913967424,49.84128913967424
Ireland,2023,1A3E1,ABFLOW033,Natural gas,,49.84128913967424,49.84128913967424
Ireland,2023,1A3E1,ABFLOW033,Oil,,49.84128913967424,49.84128913967424
Ireland,2023,1A4A,ABFLOW035,Coal,,49.84128913967424,49.84128913967424
Ireland,2023,1A4A,ABFLOW035,Natural gas,,49.84128913967424,49.84128913967424
Ireland,2023,1A4A,ABFLOW035,Oil,,49.84128913967424,49.84128913967424
Ireland,2023,1A4B,ABFLOW034,Coal,,49.84128913967424,49.84128913967424
Ireland,2023,1A4B,ABFLOW034,Natural gas,,49.84128913967424,49.84128913967424
Ireland,2023,1A4B,ABFLOW034,Oil,,49.84128913967424,49.84128913967424
Ireland,2023,1A4C1,ABFLOW036,Coal,,49.84128913967424,49.84128913967424
Ireland,2023,1A4C1,ABFLOW036,Natural gas,,49.84128913967424,49.84128913967424
Ireland,2023,1A4C1,ABFLOW036,Oil,,49.84128913967424,49.84128913967424
Ireland,2023,1A4C2,ABFLOW037,Coal,,,0.0
Ireland,2023,1A4C2,ABFLOW037,Natural gas,,,0.0
Ireland,2023,1A4C2,ABFLOW037,Oil,,,0.0
Ireland,2023,1A5,ABFLOW038,Coal,,,0.0
Ireland,2023,1A5,ABFLOW038,Natural gas,,,0.0
Ireland,2023,1A5,ABFLOW038,Oil,,,0.0
Ireland,2024,1A,ABFLOW001,Coal,,,0.0
Ireland,2024,1A,ABFLOW001,Natural gas,,,0.0
Ireland,2024,1A,ABFLOW001,Oil,,,0.0
Ireland,2024,1A1A,ABFLOW002,Coal,,,0.0
Ireland,2024,1A1A,ABFLOW002,Natural gas,,,0.0
Ireland,2024,1A1A,ABFLOW002,Oil,,,0.0
Ireland,2024,1A1A1,ABFLOW003,Coal,66.6845619025456,,66.6845619025456
Ireland,2024,1A1A1,ABFLOW003,Natural gas,66.6845619025456,,66.6845619025456
Ireland,2024,1A1A1,ABFLOW003,Oil,66.6845619025456,,66.6845619025456
Ireland,2024,1A1A2,ABFLOW004,Coal,66.6845619025456,,66.6845619025456
Ireland,2024,1A1A2,ABFLOW004,Natural gas,66.6845619025456,,66.6845619025456
Ireland,2024,1A1A2,ABFLOW004,Oil,66.6845619025456,,66.6845619025456
Ireland,2024,1A1A3,ABFLOW005,Coal,66.6845619025456,,66.6845619025456
Ireland,2024,1A1A3,ABFLOW005,Natural gas,66.6845619025456,,66.6845619025456
Ireland,2024,1A1A3,ABFLOW005,Oil,66.6845619025456,,66.6845619025456
Ireland,2024,1A1B,ABFLOW011,Coal,66.6845619025456,,66.6845619025456
Ireland,2024,1A1B,ABFLOW011,Natural gas,66.6845619025456,,66.6845619025456
Ireland,2024,1A1B,ABFLOW011,Oil,66.6845619025456,,66.6845619025456
Ireland,2024,1A1C,ABFLOW011,Coal,66.6845619025456,,66.6845619025456
Ireland,2024,1A1C,ABFLOW011,Natural gas,66.6845619025456,,66.6845619025456
Ireland,2024,1A1C,ABFLOW011,Oil,66.6845619025456,,66.6845619025456
Ireland,2024,1A2,ABFLOW012,Coal,,,0.0
Ireland,2024,1A2,ABFLOW012,Natural gas,,,0.0
Ireland,2024,1A2,ABFLOW012,Oil,,,0.0
Ireland,2024,1A2A,ABFLOW016,Coal,66.6845619025456,,66.6845619025456
Ireland,2024,1A2A,ABFLOW016,Natural gas,66.6845619025456,,66.6845619025456
Ireland,2024,1A2A,ABFLOW016,Oil,66.6845619025456,,66.6845619025456
Ireland,2024,1A2B,ABFLOW018,Coal,66.6845619025456,,66.6845619025456
Ireland,2024,1A2B,ABFLOW018,Natural gas,66.6845619025456,,66.6845619025456
Ireland,2024,1A2B,ABFLOW018,Oil,66.6845619025456,,66.6845619025456
Ireland,2024,1A2C,ABFLOW017,Coal,66.6845619025456,,66.6845619025456
Ireland,2024,1A2C,ABFLOW017,Natural gas,66.6845619025456,,66.6845619025456
Ireland,2024,1A2C,ABFLOW017,Oil,66.6845619025456,,66.6845619025456
Ireland,2024,1A2D,ABFLOW023,Coal,66.6845619025456,,66.6845619025456
Ireland,2024,1A2D,ABFLOW023,Natural gas,66.6845619025456,,66.6845619025456
Ireland,2024,1A2D,ABFLOW023,Oil,66.6845619025456,,66.6845619025456
Ireland,2024,1A2E,ABFLOW022,Coal,66.6845619025456,,66.6845619025456
Ireland,2024,1A2E,ABFLOW022,Natural gas,66.6845619025456,,66.6845619025456
Ireland,2024,1A2E,ABFLOW022,Oil,66.6845619025456,,66.6845619025456
Ireland,2024,1A2F,ABFLOW019,Coal,66.6845619025456,,66.6845619025456
Ireland,2024,1A2F,ABFLOW019,Natural gas,66.6845619025456,,66.6845619025456
Ireland,2024,1A2F,ABFLOW019,Oil,66.6845619025456,,66.6845619025456
Ireland,2024,1A2G,ABFLOW020,Coal,66.6845619025456,,66.6845619025456
Ireland,2024,1A2G,ABFLOW020,Natural gas,66.6845619025456,,66.6845619025456
Ireland,2024,1A2G,ABFLOW020,Oil,66.6845619025456,,66.6845619025456
Ireland,2024,1A2H,ABFLOW021,Coal,66.6845619025456,,66.6845619025456
Ireland,2024,1A2H,ABFLOW021,Natural gas,66.6845619025456,,66.6845619025456
Ireland,2024,1A2H,ABFLOW021,Oil,66.6845619025456,,66.6845619025456
Ireland,2024,1A2I,ABFLOW013,Coal,66.6845619025456,,66.6845619025456
Ireland,2024,1A2I,ABFLOW013,Natural gas,66.6845619025456,,66.6845619025456
Ireland,2024,1A2I,ABFLOW013,Oil,66.6845619025456,,66.6845619025456
Ireland,2024,1A2J,ABFLOW024,Coal,66.6845619025456,,66.6845619025456
Ireland,2024,1A2J,ABFLOW024,Natural gas,66.6845619025456,,66.6845619025456
Ireland,2024,1A2J,ABFLOW024,Oil,66.6845619025456,,66.6845619025456
Ireland,2024,1A2K,ABFLOW014,Coal,66.6845619025456,,66.6845619025456
Ireland,2024,1A2K,ABFLOW014,Natural gas,66.6845619025456,,66.6845619025456
Ireland,2024,1A2K,ABFLOW014,Oil,66.6845619025456,,66.6845619025456
Ireland,2024,1A2L,ABFLOW025,Coal,66.6845619025456,,66.6845619025456
Ireland,2024,1A2L,ABFLOW025,Natural gas,66.6845619025456,,66.6845619025456
Ireland,2024,1A2L,ABFLOW025,Oil,66.6845619025456,,66.6845619025456
Ireland,2024,1A2M,ABFLOW026,Coal,66.6845619025456,,66.6845619025456
Ireland,2024,1A2M,ABFLOW026,Natural gas,66.6845619025456,,66.6845619025456
Ireland,2024,1A2M,ABFLOW026,Oil,66.6845619025456,,66.6845619025456
Ireland,2024,1A3,ABFLOW027,Coal,,,0.0
Ireland,2024,1A3,ABFLOW027,Natural gas,,,0.0
Ireland,2024,1A3,ABFLOW027,Oil,,,0.0
Ireland,2024,1A3A1,ABFLOW040,Coal,34.00912657029826,,34.00912657029826
Ireland,2024,1A3A1,ABFLOW040,Natural gas,34.00912657029826,,34.00912657029826
Ireland,2024,1A3A1,ABFLOW040,Oil,34.00912657029826,,34.00912657029826
Ireland,2024,1A3A2,ABFLOW029,Coal,66.6845619025456,57.548704986015615,124.23326688856122
Ireland,2024,1A3A2,ABFLOW029,Natural gas,66.6845619025456,57.548704986015615,124.23326688856122
Ireland,2024,1A3A2,ABFLOW029,Oil,66.6845619025456,57.548704986015615,124.23326688856122
Ireland,2024,1A3B,ABFLOW028,Coal,,57.548704986015615,57.548704986015615
Ireland,2024,1A3B,ABFLOW028,Natural gas,,57.548704986015615,57.548704986015615
Ireland,2024,1A3B,ABFLOW028,Oil,,57.548704986015615,57.548704986015615
Ireland,2024,1A3C,ABFLOW030,Coal,,,0.0
Ireland,2024,1A3C,ABFLOW030,Natural gas,,,0.0
Ireland,2024,1A3C,ABFLOW030,Oil,,,0.0
Ireland,2024,1A3D1,ABFLOW039,Coal,,57.548704986015615,57.548704986015615
Ireland,2024,1A3D1,ABFLOW039,Natural gas,,57.548704986015615,57.548704986015615
Ireland,2024,1A3D1,ABFLOW039,Oil,,57.548704986015615,57.548704986015615
Ireland,2024,1A3D2,ABFLOW032,Coal,66.6845619025456,57.548704986015615,124.23326688856122
Ireland,2024,1A3D2,ABFLOW032,Natural gas,66.6845619025456,57.548704986015615,124.23326688856122
Ireland,2024,1A3D2,ABFLOW032,Oil,66.6845619025456,57.548704986015615,124.23326688856122
Ireland,2024,1A3E1,ABFLOW033,Coal,,57.548704986015615,57.548704986015615
Ireland,2024,1A3E1,ABFLOW033,Natural gas,,57.548704986015615,57.548704986015615
Ireland,2024,1A3E1,ABFLOW033,Oil,,57.548704986015615,57.548704986015615
Ireland,2024,1A4A,ABFLOW035,Coal,,57.548704986015615,57.548704986015615
Ireland,2024,1A4A,ABFLOW035,Natural gas,,57.548704986015615,57.548704986015615
Ireland,2024,1A4A,ABFLOW035,Oil,,57.548704986015615,57.548704986015615
Ireland,2024,1A4B,ABFLOW034,Coal,,57.548704986015615,57.548704986015615
Ireland,2024,1A4B,ABFLOW034,Natural gas,,57.548704986015615,57.548704986015615
Ireland,2024,1A4B,ABFLOW034,Oil,,57.548704986015615,57.548704986015615
Ireland,2024,1A4C1,ABFLOW036,Coal,,57.548704986015615,57.548704986015615
Ireland,2024,1A4C1,ABFLOW036,Natural gas,,57.548704986015615,57.548704986015615
Ireland,2024,1A4C1,ABFLOW036,Oil,,57.548704986015615,57.548704986015615
Ireland,2024,1A4C2,ABFLOW037,Coal,,,0.0
Ireland,2024,1A4C2,ABFLOW037,Natural gas,,,0.0
Ireland,2024,1A4C2,ABFLOW037,Oil,,,0.0
Ireland,2024,1A5,ABFLOW038,Coal,,,0.0
Ireland,2024,1A5,ABFLOW038,Natural gas,,,0.0
Ireland,2024,1A5,ABFLOW038,Oil,,,0.0
Ireland,2025,1A,ABFLOW001,Coal,,,0.0
Ireland,2025,1A,ABFLOW001,Natural gas,,,0.0
Ireland,2025,1A,ABFLOW001,Oil,,,0.0
Ireland,2025,1A1A,ABFLOW002,Coal,,,0.0
Ireland,2025,1A1A,ABFLOW002,Natural gas,,,0.0
Ireland,2025,1A1A,ABFLOW002,Oil,,,0.0
Ireland,2025,1A1A1,ABFLOW003,Coal,74.38170119442518,,74.38170119442518
Ireland,2025,1A1A1,ABFLOW003,Natural gas,74.38170119442518,,74.38170119442518
Ireland,2025,1A1A1,ABFLOW003,Oil,74.38170119442518,,74.38170119442518
Ireland,2025,1A1A2,ABFLOW004,Coal,74.38170119442518,,74.38170119442518
Ireland,2025,1A1A2,ABFLOW004,Natural gas,74.38170119442518,,74.38170119442518
Ireland,2025,1A1A2,ABFLOW004,Oil,74.38170119442518,,74.38170119442518
Ireland,2025,1A1A3,ABFLOW005,Coal,74.38170119442518,,74.38170119442518
Ireland,2025,1A1A3,ABFLOW005,Natural gas,74.38170119442518,,74.38170119442518
Ireland,2025,1A1A3,ABFLOW005,Oil,74.38170119442518,,74.38170119442518
Ireland,2025,1A1B,ABFLOW011,Coal,74.38170119442518,,74.38170119442518
Ireland,2025,1A1B,ABFLOW011,Natural gas,74.38170119442518,,74.38170119442518
Ireland,2025,1A1B,ABFLOW011,Oil,74.38170119442518,,74.38170119442518
Ireland,2025,1A1C,ABFLOW011,Coal,74.38170119442518,,74.38170119442518
Ireland,2025,1A1C,ABFLOW011,Natural gas,74.38170119442518,,74.38170119442518
Ireland,2025,1A1C,ABFLOW011,Oil,74.38170119442518,,74.38170119442518
Ireland,2025,1A2,ABFLOW012,Coal,,,0.0
Ireland,2025,1A2,ABFLOW012,Natural gas,,,0.0
Ireland,2025,1A2,ABFLOW012,Oil,,,0.0
Ireland,2025,1A2A,ABFLOW016,Coal,74.38170119442518,,74.38170119442518
Ireland,2025,1A2A,ABFLOW016,Natural gas,74.38170119442518,,74.38170119442518
Ireland,2025,1A2A,ABFLOW016,Oil,74.38170119442518,,74.38170119442518
Ireland,2025,1A2B,ABFLOW018,Coal,74.38170119442518,,74.38170119442518
Ireland,2025,1A2B,ABFLOW018,Natural gas,74.38170119442518,,74.38170119442518
Ireland,2025,1A2B,ABFLOW018,Oil,74.38170119442518,,74.38170119442518
Ireland,2025,1A2C,ABFLOW017,Coal,74.38170119442518,,74.38170119442518
Ireland,2025,1A2C,ABFLOW017,Natural gas,74.38170119442518,,74.38170119442518
Ireland,2025,1A2C,ABFLOW017,Oil,74.38170119442518,,74.38170119442518
Ireland,2025,1A2D,ABFLOW023,Coal,74.38170119442518,,74.38170119442518
Ireland,2025,1A2D,ABFLOW023,Natural gas,74.38170119442518,,74.38170119442518
Ireland,2025,1A2D,ABFLOW023,Oil,74.38170119442518,,74.38170119442518
Ireland,2025,1A2E,ABFLOW022,Coal,74.38170119442518,,74.38170119442518
Ireland,2025,1A2E,ABFLOW022,Natural gas,74.38170119442518,,74.38170119442518
Ireland,2025,1A2E,ABFLOW022,Oil,74.38170119442518,,74.38170119442518
Ireland,2025,1A2F,ABFLOW019,Coal,74.38170119442518,,74.38170119442518
Ireland,2025,1A2F,ABFLOW019,Natural gas,74.38170119442518,,74.38170119442518
Ireland,2025,1A2F,ABFLOW019,Oil,74.38170119442518,,74.38170119442518
Ireland,2025,1A2G,ABFLOW020,Coal,74.38170119442518,,74.38170119442518
Ireland,2025,1A2G,ABFLOW020,Natural gas,74.38170119442518,,74.38170119442518
Ireland,2025,1A2G,ABFLOW020,Oil,74.38170119442518,,74.38170119442518
Ireland,2025,1A2H,ABFLOW021,Coal,74.38170119442518,,74.38170119442518
Ireland,2025,1A2H,ABFLOW021,Natural gas,74.38170119442518,,74.38170119442518
Ireland,2025,1A2H,ABFLOW021,Oil,74.38170119442518,,74.38170119442518
Ireland,2025,1A2I,ABFLOW013,Coal,74.38170119442518,,74.38170119442518
Ireland,2025,1A2I,ABFLOW013,Natural gas,74.38170119442518,,74.38170119442518
Ireland,2025,1A2I,ABFLOW013,Oil,74.38170119442518,,74.38170119442518
Ireland,2025,1A2J,ABFLOW024,Coal,74.38170119442518,,74.38170119442518
Ireland,2025,1A2J,ABFLOW024,Natural gas,74.38170119442518,,74.38170119442518
Ireland,2025,1A2J,ABFLOW024,Oil,74.38170119442518,,74.38170119442518
Ireland,2025,1A2K,ABFLOW014,Coal,74.38170119442518,,74.38170119442518
Ireland,2025,1A2K,ABFLOW014,Natural gas,74.38170119442518,,74.38170119442518
Ireland,2025,1A2K,ABFLOW014,Oil,74.38170119442518,,74.38170119442518
Ireland,2025,1A2L,ABFLOW025,Coal,74.38170119442518,,74.38170119442518
Ireland,2025,1A2L,ABFLOW025,Natural gas,74.38170119442518,,74.38170119442518
Ireland,2025,1A2L,ABFLOW025,Oil,74.38170119442518,,74.38170119442518
Ireland,2025,1A2M,ABFLOW026,Coal,74.38170119442518,,74.38170119442518
Ireland,2025,1A2M,ABFLOW026,Natural gas,74.38170119442518,,74.38170119442518
Ireland,2025,1A2M,ABFLOW026,Oil,74.38170119442518,,74.38170119442518
Ireland,2025,1A3,ABFLOW027,Coal,,,0.0
Ireland,2025,1A3,ABFLOW027,Natural gas,,,0.0
Ireland,2025,1A3,ABFLOW027,Oil,,,0.0
Ireland,2025,1A3A1,ABFLOW040,Coal,74.38170119442518,,74.38170119442518
Ireland,2025,1A3A1,ABFLOW040,Natural gas,74.38170119442518,,74.38170119442518
Ireland,2025,1A3A1,ABFLOW040,Oil,74.38170119442518,,74.38170119442518
Ireland,2025,1A3A2,ABFLOW029,Coal,74.38170119442518,65.76994855544642,140.15164974987158
Ireland,2025,1A3A2,ABFLOW029,Natural gas,74.38170119442518,65.76994855544642,140.15164974987158
Ireland,2025,1A3A2,ABFLOW029,Oil,74.38170119442518,65.76994855544642,140.15164974987158
Ireland,2025,1A3B,ABFLOW028,Coal,,65.76994855544642,65.76994855544642
Ireland,2025,1A3B,ABFLOW028,Natural gas,,65.76994855544642,65.76994855544642
Ireland,2025,1A3B,ABFLOW028,Oil,,65.76994855544642,65.76994855544642
Ireland,2025,1A3C,ABFLOW030,Coal,,,0.0
Ireland,2025,1A3C,ABFLOW030,Natural gas,,,0.0
Ireland,2025,1A3C,ABFLOW030,Oil,,,0.0
Ireland,2025,1A3D1,ABFLOW039,Coal,,65.76994855544642,65.76994855544642
Ireland,2025,1A3D1,ABFLOW039,Natural gas,,65.76994855544642,65.76994855544642
Ireland,2025,1A3D1,ABFLOW039,Oil,,65.76994855544642,65.76994855544642
Ireland,2025,1A3D2,ABFLOW032,Coal,74.38170119442518,65.76994855544642,140.15164974987158
Ireland,2025,1A3D2,ABFLOW032,Natural gas,74.38170119442518,65.76994855544642,140.15164974987158
Ireland,2025,1A3D2,ABFLOW032,Oil,74.38170119442518,65.76994855544642,140.15164974987158
Ireland,2025,1A3E1,ABFLOW033,Coal,,65.76994855544642,65.76994855544642
Ireland,2025,1A3E1,ABFLOW033,Natural gas,,65.76994855544642,65.76994855544642
Ireland,2025,1A3E1,ABFLOW033,Oil,,65.76994855544642,65.76994855544642
Ireland,2025,1A4A,ABFLOW035,Coal,,65.76994855544642,65.76994855544642
Ireland,2025,1A4A,ABFLOW035,Natural gas,,65.76994855544642,65.76994855544642
Ireland,2025,1A4A,ABFLOW035,Oil,,65.76994855544642,65.76994855544642
Ireland,2025,1A4B,ABFLOW034,Coal,,65.76994855544642,65.76994855544642
Ireland,2025,1A4B,ABFLOW034,Natural gas,,65.76994855544642,65.76994855544642
Ireland,2025,1A4B,ABFLOW034,Oil,,65.76994855544642,65.76994855544642
Ireland,2025,1A4C1,ABFLOW036,Coal,,65.76994855544642,65.76994855544642
Ireland,2025,1A4C1,ABFLOW036,Natural gas,,65.76994855544642,65.76994855544642
Ireland,2025,1A4C1,ABFLOW036,Oil,,65.76994855544642,65.76994855544642
Ireland,2025,1A4C2,ABFLOW037,Coal,,,0.0
Ireland,2025,1A4C2,ABFLOW037,Natural gas,,,0.0
Ireland,2025,1A4C2,ABFLOW037,Oil,,,0.0
Ireland,2025,1A5,ABFLOW038,Coal,,,0.0
Ireland,2025,1A5,ABFLOW038,Natural gas,,,0.0
Ireland,2025,1A5,ABFLOW038,Oil,,,0.0
