jurisdiction,year,ipcc_code,iea_code,Product,ets_price_usd_k,tax_rate_incl_ex_usd_k,all_inst_usd_k
Bulgaria,1989,1A,ABFLOW001,Coal,,,0.0
Bulgaria,1989,1A,ABFLOW001,Natural gas,,,0.0
Bulgaria,1989,1A,ABFLOW001,Oil,,,0.0
Bulgaria,1989,1A1A,ABFLOW002,Coal,,,0.0
Bulgaria,1989,1A1A,ABFLOW002,Natural gas,,,0.0
Bulgaria,1989,1A1A,ABFLOW002,Oil,,,0.0
Bulgaria,1989,1A1A1,ABFLOW003,Coal,,,0.0
Bulgaria,1989,1A1A1,ABFLOW003,Natural gas,,,0.0
Bulgaria,1989,1A1A1,ABFLOW003,Oil,,,0.0
Bulgaria,1989,1A1A2,ABFLOW004,Coal,,,0.0
Bulgaria,1989,1A1A2,ABFLOW004,Natural gas,,,0.0
Bulgaria,1989,1A1A2,ABFLOW004,Oil,,,0.0
Bulgaria,1989,1A1A3,ABFLOW005,Coal,,,0.0
Bulgaria,1989,1A1A3,ABFLOW005,Natural gas,,,0.0
Bulgaria,1989,1A1A3,ABFLOW005,Oil,,,0.0
Bulgaria,1989,1A1B,ABFLOW011,Coal,,,0.0
Bulgaria,1989,1A1B,ABFLOW011,Natural gas,,,0.0
Bulgaria,1989,1A1B,ABFLOW011,Oil,,,0.0
Bulgaria,1989,1A1C,ABFLOW011,Coal,,,0.0
Bulgaria,1989,1A1C,ABFLOW011,Natural gas,,,0.0
Bulgaria,1989,1A1C,ABFLOW011,Oil,,,0.0
Bulgaria,1989,1A2,ABFLOW012,Coal,,,0.0
Bulgaria,1989,1A2,ABFLOW012,Natural gas,,,0.0
Bulgaria,1989,1A2,ABFLOW012,Oil,,,0.0
Bulgaria,1989,1A2A,ABFLOW016,Coal,,,0.0
Bulgaria,1989,1A2A,ABFLOW016,Natural gas,,,0.0
Bulgaria,1989,1A2A,ABFLOW016,Oil,,,0.0
Bulgaria,1989,1A2B,ABFLOW018,Coal,,,0.0
Bulgaria,1989,1A2B,ABFLOW018,Natural gas,,,0.0
Bulgaria,1989,1A2B,ABFLOW018,Oil,,,0.0
Bulgaria,1989,1A2C,ABFLOW017,Coal,,,0.0
Bulgaria,1989,1A2C,ABFLOW017,Natural gas,,,0.0
Bulgaria,1989,1A2C,ABFLOW017,Oil,,,0.0
Bulgaria,1989,1A2D,ABFLOW023,Coal,,,0.0
Bulgaria,1989,1A2D,ABFLOW023,Natural gas,,,0.0
Bulgaria,1989,1A2D,ABFLOW023,Oil,,,0.0
Bulgaria,1989,1A2E,ABFLOW022,Coal,,,0.0
Bulgaria,1989,1A2E,ABFLOW022,Natural gas,,,0.0
Bulgaria,1989,1A2E,ABFLOW022,Oil,,,0.0
Bulgaria,1989,1A2F,ABFLOW019,Coal,,,0.0
Bulgaria,1989,1A2F,ABFLOW019,Natural gas,,,0.0
Bulgaria,1989,1A2F,ABFLOW019,Oil,,,0.0
Bulgaria,1989,1A2G,ABFLOW020,Coal,,,0.0
Bulgaria,1989,1A2G,ABFLOW020,Natural gas,,,0.0
Bulgaria,1989,1A2G,ABFLOW020,Oil,,,0.0
Bulgaria,1989,1A2H,ABFLOW021,Coal,,,0.0
Bulgaria,1989,1A2H,ABFLOW021,Natural gas,,,0.0
Bulgaria,1989,1A2H,ABFLOW021,Oil,,,0.0
Bulgaria,1989,1A2I,ABFLOW013,Coal,,,0.0
Bulgaria,1989,1A2I,ABFLOW013,Natural gas,,,0.0
Bulgaria,1989,1A2I,ABFLOW013,Oil,,,0.0
Bulgaria,1989,1A2J,ABFLOW024,Coal,,,0.0
Bulgaria,1989,1A2J,ABFLOW024,Natural gas,,,0.0
Bulgaria,1989,1A2J,ABFLOW024,Oil,,,0.0
Bulgaria,1989,1A2K,ABFLOW014,Coal,,,0.0
Bulgaria,1989,1A2K,ABFLOW014,Natural gas,,,0.0
Bulgaria,1989,1A2K,ABFLOW014,Oil,,,0.0
Bulgaria,1989,1A2L,ABFLOW025,Coal,,,0.0
Bulgaria,1989,1A2L,ABFLOW025,Natural gas,,,0.0
Bulgaria,1989,1A2L,ABFLOW025,Oil,,,0.0
Bulgaria,1989,1A2M,ABFLOW026,Coal,,,0.0
Bulgaria,1989,1A2M,ABFLOW026,Natural gas,,,0.0
Bulgaria,1989,1A2M,ABFLOW026,Oil,,,0.0
Bulgaria,1989,1A3,ABFLOW027,Coal,,,0.0
Bulgaria,1989,1A3,ABFLOW027,Natural gas,,,0.0
Bulgaria,1989,1A3,ABFLOW027,Oil,,,0.0
Bulgaria,1989,1A3A1,ABFLOW040,Coal,,,0.0
Bulgaria,1989,1A3A1,ABFLOW040,Natural gas,,,0.0
Bulgaria,1989,1A3A1,ABFLOW040,Oil,,,0.0
Bulgaria,1989,1A3A2,ABFLOW029,Coal,,,0.0
Bulgaria,1989,1A3A2,ABFLOW029,Natural gas,,,0.0
Bulgaria,1989,1A3A2,ABFLOW029,Oil,,,0.0
Bulgaria,1989,1A3B,ABFLOW028,Coal,,,0.0
Bulgaria,1989,1A3B,ABFLOW028,Natural gas,,,0.0
Bulgaria,1989,1A3B,ABFLOW028,Oil,,,0.0
Bulgaria,1989,1A3C,ABFLOW030,Coal,,,0.0
Bulgaria,1989,1A3C,ABFLOW030,Natural gas,,,0.0
Bulgaria,1989,1A3C,ABFLOW030,Oil,,,0.0
Bulgaria,1989,1A3D1,ABFLOW039,Coal,,,0.0
Bulgaria,1989,1A3D1,ABFLOW039,Natural gas,,,0.0
Bulgaria,1989,1A3D1,ABFLOW039,Oil,,,0.0
Bulgaria,1989,1A3D2,ABFLOW032,Coal,,,0.0
Bulgaria,1989,1A3D2,ABFLOW032,Natural gas,,,0.0
Bulgaria,1989,1A3D2,ABFLOW032,Oil,,,0.0
Bulgaria,1989,1A3E1,ABFLOW033,Coal,,,0.0
Bulgaria,1989,1A3E1,ABFLOW033,Natural gas,,,0.0
Bulgaria,1989,1A3E1,ABFLOW033,Oil,,,0.0
Bulgaria,1989,1A4A,ABFLOW035,Coal,,,0.0
Bulgaria,1989,1A4A,ABFLOW035,Natural gas,,,0.0
Bulgaria,1989,1A4A,ABFLOW035,Oil,,,0.0
Bulgaria,1989,1A4B,ABFLOW034,Coal,,,0.0
Bulgaria,1989,1A4B,ABFLOW034,Natural gas,,,0.0
Bulgaria,1989,1A4B,ABFLOW034,Oil,,,0.0
Bulgaria,1989,1A4C1,ABFLOW036,Coal,,,0.0
Bulgaria,1989,1A4C1,ABFLOW036,Natural gas,,,0.0
Bulgaria,1989,1A4C1,ABFLOW036,Oil,,,0.0
Bulgaria,1989,1A4C2,ABFLOW037,Coal,,,0.0
Bulgaria,1989,1A4C2,ABFLOW037,Natural gas,,,0.0
Bulgaria,1989,1A4C2,ABFLOW037,Oil,,,0.0
Bulgaria,1989,1A5,ABFLOW038,Coal,,,0.0
Bulgaria,1989,1A5,ABFLOW038,Natural gas,,,0.0
Bulgaria,1989,1A5,ABFLOW038,Oil,,,0.0
Bulgaria,1990,1A,ABFLOW001,Coal,,,0.0
Bulgaria,1990,1A,ABFLOW001,Natural gas,,,0.0
Bulgaria,1990,1A,ABFLOW001,Oil,,,0.0
Bulgaria,1990,1A1A,ABFLOW002,Coal,,,0.0
Bulgaria,1990,1A1A,ABFLOW002,Natural gas,,,0.0
Bulgaria,1990,1A1A,ABFLOW002,Oil,,,0.0
Bulgaria,1990,1A1A1,ABFLOW003,Coal,,,0.0
Bulgaria,1990,1A1A1,ABFLOW003,Natural gas,,,0.0
Bulgaria,1990,1A1A1,ABFLOW003,Oil,,,0.0
Bulgaria,1990,1A1A2,ABFLOW004,Coal,,,0.0
Bulgaria,1990,1A1A2,ABFLOW004,Natural gas,,,0.0
Bulgaria,1990,1A1A2,ABFLOW004,Oil,,,0.0
Bulgaria,1990,1A1A3,ABFLOW005,Coal,,,0.0
Bulgaria,1990,1A1A3,ABFLOW005,Natural gas,,,0.0
Bulgaria,1990,1A1A3,ABFLOW005,Oil,,,0.0
Bulgaria,1990,1A1B,ABFLOW011,Coal,,,0.0
Bulgaria,1990,1A1B,ABFLOW011,Natural gas,,,0.0
Bulgaria,1990,1A1B,ABFLOW011,Oil,,,0.0
Bulgaria,1990,1A1C,ABFLOW011,Coal,,,0.0
Bulgaria,1990,1A1C,ABFLOW011,Natural gas,,,0.0
Bulgaria,1990,1A1C,ABFLOW011,Oil,,,0.0
Bulgaria,1990,1A2,ABFLOW012,Coal,,,0.0
Bulgaria,1990,1A2,ABFLOW012,Natural gas,,,0.0
Bulgaria,1990,1A2,ABFLOW012,Oil,,,0.0
Bulgaria,1990,1A2A,ABFLOW016,Coal,,,0.0
Bulgaria,1990,1A2A,ABFLOW016,Natural gas,,,0.0
Bulgaria,1990,1A2A,ABFLOW016,Oil,,,0.0
Bulgaria,1990,1A2B,ABFLOW018,Coal,,,0.0
Bulgaria,1990,1A2B,ABFLOW018,Natural gas,,,0.0
Bulgaria,1990,1A2B,ABFLOW018,Oil,,,0.0
Bulgaria,1990,1A2C,ABFLOW017,Coal,,,0.0
Bulgaria,1990,1A2C,ABFLOW017,Natural gas,,,0.0
Bulgaria,1990,1A2C,ABFLOW017,Oil,,,0.0
Bulgaria,1990,1A2D,ABFLOW023,Coal,,,0.0
Bulgaria,1990,1A2D,ABFLOW023,Natural gas,,,0.0
Bulgaria,1990,1A2D,ABFLOW023,Oil,,,0.0
Bulgaria,1990,1A2E,ABFLOW022,Coal,,,0.0
Bulgaria,1990,1A2E,ABFLOW022,Natural gas,,,0.0
Bulgaria,1990,1A2E,ABFLOW022,Oil,,,0.0
Bulgaria,1990,1A2F,ABFLOW019,Coal,,,0.0
Bulgaria,1990,1A2F,ABFLOW019,Natural gas,,,0.0
Bulgaria,1990,1A2F,ABFLOW019,Oil,,,0.0
Bulgaria,1990,1A2G,ABFLOW020,Coal,,,0.0
Bulgaria,1990,1A2G,ABFLOW020,Natural gas,,,0.0
Bulgaria,1990,1A2G,ABFLOW020,Oil,,,0.0
Bulgaria,1990,1A2H,ABFLOW021,Coal,,,0.0
Bulgaria,1990,1A2H,ABFLOW021,Natural gas,,,0.0
Bulgaria,1990,1A2H,ABFLOW021,Oil,,,0.0
Bulgaria,1990,1A2I,ABFLOW013,Coal,,,0.0
Bulgaria,1990,1A2I,ABFLOW013,Natural gas,,,0.0
Bulgaria,1990,1A2I,ABFLOW013,Oil,,,0.0
Bulgaria,1990,1A2J,ABFLOW024,Coal,,,0.0
Bulgaria,1990,1A2J,ABFLOW024,Natural gas,,,0.0
Bulgaria,1990,1A2J,ABFLOW024,Oil,,,0.0
Bulgaria,1990,1A2K,ABFLOW014,Coal,,,0.0
Bulgaria,1990,1A2K,ABFLOW014,Natural gas,,,0.0
Bulgaria,1990,1A2K,ABFLOW014,Oil,,,0.0
Bulgaria,1990,1A2L,ABFLOW025,Coal,,,0.0
Bulgaria,1990,1A2L,ABFLOW025,Natural gas,,,0.0
Bulgaria,1990,1A2L,ABFLOW025,Oil,,,0.0
Bulgaria,1990,1A2M,ABFLOW026,Coal,,,0.0
Bulgaria,1990,1A2M,ABFLOW026,Natural gas,,,0.0
Bulgaria,1990,1A2M,ABFLOW026,Oil,,,0.0
Bulgaria,1990,1A3,ABFLOW027,Coal,,,0.0
Bulgaria,1990,1A3,ABFLOW027,Natural gas,,,0.0
Bulgaria,1990,1A3,ABFLOW027,Oil,,,0.0
Bulgaria,1990,1A3A1,ABFLOW040,Coal,,,0.0
Bulgaria,1990,1A3A1,ABFLOW040,Natural gas,,,0.0
Bulgaria,1990,1A3A1,ABFLOW040,Oil,,,0.0
Bulgaria,1990,1A3A2,ABFLOW029,Coal,,,0.0
Bulgaria,1990,1A3A2,ABFLOW029,Natural gas,,,0.0
Bulgaria,1990,1A3A2,ABFLOW029,Oil,,,0.0
Bulgaria,1990,1A3B,ABFLOW028,Coal,,,0.0
Bulgaria,1990,1A3B,ABFLOW028,Natural gas,,,0.0
Bulgaria,1990,1A3B,ABFLOW028,Oil,,,0.0
Bulgaria,1990,1A3C,ABFLOW030,Coal,,,0.0
Bulgaria,1990,1A3C,ABFLOW030,Natural gas,,,0.0
Bulgaria,1990,1A3C,ABFLOW030,Oil,,,0.0
Bulgaria,1990,1A3D1,ABFLOW039,Coal,,,0.0
Bulgaria,1990,1A3D1,ABFLOW039,Natural gas,,,0.0
Bulgaria,1990,1A3D1,ABFLOW039,Oil,,,0.0
Bulgaria,1990,1A3D2,ABFLOW032,Coal,,,0.0
Bulgaria,1990,1A3D2,ABFLOW032,Natural gas,,,0.0
Bulgaria,1990,1A3D2,ABFLOW032,Oil,,,0.0
Bulgaria,1990,1A3E1,ABFLOW033,Coal,,,0.0
Bulgaria,1990,1A3E1,ABFLOW033,Natural gas,,,0.0
Bulgaria,1990,1A3E1,ABFLOW033,Oil,,,0.0
Bulgaria,1990,1A4A,ABFLOW035,Coal,,,0.0
Bulgaria,1990,1A4A,ABFLOW035,Natural gas,,,0.0
Bulgaria,1990,1A4A,ABFLOW035,Oil,,,0.0
Bulgaria,1990,1A4B,ABFLOW034,Coal,,,0.0
Bulgaria,1990,1A4B,ABFLOW034,Natural gas,,,0.0
Bulgaria,1990,1A4B,ABFLOW034,Oil,,,0.0
Bulgaria,1990,1A4C1,ABFLOW036,Coal,,,0.0
Bulgaria,1990,1A4C1,ABFLOW036,Natural gas,,,0.0
Bulgaria,1990,1A4C1,ABFLOW036,Oil,,,0.0
Bulgaria,1990,1A4C2,ABFLOW037,Coal,,,0.0
Bulgaria,1990,1A4C2,ABFLOW037,Natural gas,,,0.0
Bulgaria,1990,1A4C2,ABFLOW037,Oil,,,0.0
Bulgaria,1990,1A5,ABFLOW038,Coal,,,0.0
Bulgaria,1990,1A5,ABFLOW038,Natural gas,,,0.0
Bulgaria,1990,1A5,ABFLOW038,Oil,,,0.0
Bulgaria,1991,1A,ABFLOW001,Coal,,,0.0
Bulgaria,1991,1A,ABFLOW001,Natural gas,,,0.0
Bulgaria,1991,1A,ABFLOW001,Oil,,,0.0
Bulgaria,1991,1A1A,ABFLOW002,Coal,,,0.0
Bulgaria,1991,1A1A,ABFLOW002,Natural gas,,,0.0
Bulgaria,1991,1A1A,ABFLOW002,Oil,,,0.0
Bulgaria,1991,1A1A1,ABFLOW003,Coal,,,0.0
Bulgaria,1991,1A1A1,ABFLOW003,Natural gas,,,0.0
Bulgaria,1991,1A1A1,ABFLOW003,Oil,,,0.0
Bulgaria,1991,1A1A2,ABFLOW004,Coal,,,0.0
Bulgaria,1991,1A1A2,ABFLOW004,Natural gas,,,0.0
Bulgaria,1991,1A1A2,ABFLOW004,Oil,,,0.0
Bulgaria,1991,1A1A3,ABFLOW005,Coal,,,0.0
Bulgaria,1991,1A1A3,ABFLOW005,Natural gas,,,0.0
Bulgaria,1991,1A1A3,ABFLOW005,Oil,,,0.0
Bulgaria,1991,1A1B,ABFLOW011,Coal,,,0.0
Bulgaria,1991,1A1B,ABFLOW011,Natural gas,,,0.0
Bulgaria,1991,1A1B,ABFLOW011,Oil,,,0.0
Bulgaria,1991,1A1C,ABFLOW011,Coal,,,0.0
Bulgaria,1991,1A1C,ABFLOW011,Natural gas,,,0.0
Bulgaria,1991,1A1C,ABFLOW011,Oil,,,0.0
Bulgaria,1991,1A2,ABFLOW012,Coal,,,0.0
Bulgaria,1991,1A2,ABFLOW012,Natural gas,,,0.0
Bulgaria,1991,1A2,ABFLOW012,Oil,,,0.0
Bulgaria,1991,1A2A,ABFLOW016,Coal,,,0.0
Bulgaria,1991,1A2A,ABFLOW016,Natural gas,,,0.0
Bulgaria,1991,1A2A,ABFLOW016,Oil,,,0.0
Bulgaria,1991,1A2B,ABFLOW018,Coal,,,0.0
Bulgaria,1991,1A2B,ABFLOW018,Natural gas,,,0.0
Bulgaria,1991,1A2B,ABFLOW018,Oil,,,0.0
Bulgaria,1991,1A2C,ABFLOW017,Coal,,,0.0
Bulgaria,1991,1A2C,ABFLOW017,Natural gas,,,0.0
Bulgaria,1991,1A2C,ABFLOW017,Oil,,,0.0
Bulgaria,1991,1A2D,ABFLOW023,Coal,,,0.0
Bulgaria,1991,1A2D,ABFLOW023,Natural gas,,,0.0
Bulgaria,1991,1A2D,ABFLOW023,Oil,,,0.0
Bulgaria,1991,1A2E,ABFLOW022,Coal,,,0.0
Bulgaria,1991,1A2E,ABFLOW022,Natural gas,,,0.0
Bulgaria,1991,1A2E,ABFLOW022,Oil,,,0.0
Bulgaria,1991,1A2F,ABFLOW019,Coal,,,0.0
Bulgaria,1991,1A2F,ABFLOW019,Natural gas,,,0.0
Bulgaria,1991,1A2F,ABFLOW019,Oil,,,0.0
Bulgaria,1991,1A2G,ABFLOW020,Coal,,,0.0
Bulgaria,1991,1A2G,ABFLOW020,Natural gas,,,0.0
Bulgaria,1991,1A2G,ABFLOW020,Oil,,,0.0
Bulgaria,1991,1A2H,ABFLOW021,Coal,,,0.0
Bulgaria,1991,1A2H,ABFLOW021,Natural gas,,,0.0
Bulgaria,1991,1A2H,ABFLOW021,Oil,,,0.0
Bulgaria,1991,1A2I,ABFLOW013,Coal,,,0.0
Bulgaria,1991,1A2I,ABFLOW013,Natural gas,,,0.0
Bulgaria,1991,1A2I,ABFLOW013,Oil,,,0.0
Bulgaria,1991,1A2J,ABFLOW024,Coal,,,0.0
Bulgaria,1991,1A2J,ABFLOW024,Natural gas,,,0.0
Bulgaria,1991,1A2J,ABFLOW024,Oil,,,0.0
Bulgaria,1991,1A2K,ABFLOW014,Coal,,,0.0
Bulgaria,1991,1A2K,ABFLOW014,Natural gas,,,0.0
Bulgaria,1991,1A2K,ABFLOW014,Oil,,,0.0
Bulgaria,1991,1A2L,ABFLOW025,Coal,,,0.0
Bulgaria,1991,1A2L,ABFLOW025,Natural gas,,,0.0
Bulgaria,1991,1A2L,ABFLOW025,Oil,,,0.0
Bulgaria,1991,1A2M,ABFLOW026,Coal,,,0.0
Bulgaria,1991,1A2M,ABFLOW026,Natural gas,,,0.0
Bulgaria,1991,1A2M,ABFLOW026,Oil,,,0.0
Bulgaria,1991,1A3,ABFLOW027,Coal,,,0.0
Bulgaria,1991,1A3,ABFLOW027,Natural gas,,,0.0
Bulgaria,1991,1A3,ABFLOW027,Oil,,,0.0
Bulgaria,1991,1A3A1,ABFLOW040,Coal,,,0.0
Bulgaria,1991,1A3A1,ABFLOW040,Natural gas,,,0.0
Bulgaria,1991,1A3A1,ABFLOW040,Oil,,,0.0
Bulgaria,1991,1A3A2,ABFLOW029,Coal,,,0.0
Bulgaria,1991,1A3A2,ABFLOW029,Natural gas,,,0.0
Bulgaria,1991,1A3A2,ABFLOW029,Oil,,,0.0
Bulgaria,1991,1A3B,ABFLOW028,Coal,,,0.0
Bulgaria,1991,1A3B,ABFLOW028,Natural gas,,,0.0
Bulgaria,1991,1A3B,ABFLOW028,Oil,,,0.0
Bulgaria,1991,1A3C,ABFLOW030,Coal,,,0.0
Bulgaria,1991,1A3C,ABFLOW030,Natural gas,,,0.0
Bulgaria,1991,1A3C,ABFLOW030,Oil,,,0.0
Bulgaria,1991,1A3D1,ABFLOW039,Coal,,,0.0
Bulgaria,1991,1A3D1,ABFLOW039,Natural gas,,,0.0
Bulgaria,1991,1A3D1,ABFLOW039,Oil,,,0.0
Bulgaria,1991,1A3D2,ABFLOW032,Coal,,,0.0
Bulgaria,1991,1A3D2,ABFLOW032,Natural gas,,,0.0
Bulgaria,1991,1A3D2,ABFLOW032,Oil,,,0.0
Bulgaria,1991,1A3E1,ABFLOW033,Coal,,,0.0
Bulgaria,1991,1A3E1,ABFLOW033,Natural gas,,,0.0
Bulgaria,1991,1A3E1,ABFLOW033,Oil,,,0.0
Bulgaria,1991,1A4A,ABFLOW035,Coal,,,0.0
Bulgaria,1991,1A4A,ABFLOW035,Natural gas,,,0.0
Bulgaria,1991,1A4A,ABFLOW035,Oil,,,0.0
Bulgaria,1991,1A4B,ABFLOW034,Coal,,,0.0
Bulgaria,1991,1A4B,ABFLOW034,Natural gas,,,0.0
Bulgaria,1991,1A4B,ABFLOW034,Oil,,,0.0
Bulgaria,1991,1A4C1,ABFLOW036,Coal,,,0.0
Bulgaria,1991,1A4C1,ABFLOW036,Natural gas,,,0.0
Bulgaria,1991,1A4C1,ABFLOW036,Oil,,,0.0
Bulgaria,1991,1A4C2,ABFLOW037,Coal,,,0.0
Bulgaria,1991,1A4C2,ABFLOW037,Natural gas,,,0.0
Bulgaria,1991,1A4C2,ABFLOW037,Oil,,,0.0
Bulgaria,1991,1A5,ABFLOW038,Coal,,,0.0
Bulgaria,1991,1A5,ABFLOW038,Natural gas,,,0.0
Bulgaria,1991,1A5,ABFLOW038,Oil,,,0.0
Bulgaria,1992,1A,ABFLOW001,Coal,,,0.0
Bulgaria,1992,1A,ABFLOW001,Natural gas,,,0.0
Bulgaria,1992,1A,ABFLOW001,Oil,,,0.0
Bulgaria,1992,1A1A,ABFLOW002,Coal,,,0.0
Bulgaria,1992,1A1A,ABFLOW002,Natural gas,,,0.0
Bulgaria,1992,1A1A,ABFLOW002,Oil,,,0.0
Bulgaria,1992,1A1A1,ABFLOW003,Coal,,,0.0
Bulgaria,1992,1A1A1,ABFLOW003,Natural gas,,,0.0
Bulgaria,1992,1A1A1,ABFLOW003,Oil,,,0.0
Bulgaria,1992,1A1A2,ABFLOW004,Coal,,,0.0
Bulgaria,1992,1A1A2,ABFLOW004,Natural gas,,,0.0
Bulgaria,1992,1A1A2,ABFLOW004,Oil,,,0.0
Bulgaria,1992,1A1A3,ABFLOW005,Coal,,,0.0
Bulgaria,1992,1A1A3,ABFLOW005,Natural gas,,,0.0
Bulgaria,1992,1A1A3,ABFLOW005,Oil,,,0.0
Bulgaria,1992,1A1B,ABFLOW011,Coal,,,0.0
Bulgaria,1992,1A1B,ABFLOW011,Natural gas,,,0.0
Bulgaria,1992,1A1B,ABFLOW011,Oil,,,0.0
Bulgaria,1992,1A1C,ABFLOW011,Coal,,,0.0
Bulgaria,1992,1A1C,ABFLOW011,Natural gas,,,0.0
Bulgaria,1992,1A1C,ABFLOW011,Oil,,,0.0
Bulgaria,1992,1A2,ABFLOW012,Coal,,,0.0
Bulgaria,1992,1A2,ABFLOW012,Natural gas,,,0.0
Bulgaria,1992,1A2,ABFLOW012,Oil,,,0.0
Bulgaria,1992,1A2A,ABFLOW016,Coal,,,0.0
Bulgaria,1992,1A2A,ABFLOW016,Natural gas,,,0.0
Bulgaria,1992,1A2A,ABFLOW016,Oil,,,0.0
Bulgaria,1992,1A2B,ABFLOW018,Coal,,,0.0
Bulgaria,1992,1A2B,ABFLOW018,Natural gas,,,0.0
Bulgaria,1992,1A2B,ABFLOW018,Oil,,,0.0
Bulgaria,1992,1A2C,ABFLOW017,Coal,,,0.0
Bulgaria,1992,1A2C,ABFLOW017,Natural gas,,,0.0
Bulgaria,1992,1A2C,ABFLOW017,Oil,,,0.0
Bulgaria,1992,1A2D,ABFLOW023,Coal,,,0.0
Bulgaria,1992,1A2D,ABFLOW023,Natural gas,,,0.0
Bulgaria,1992,1A2D,ABFLOW023,Oil,,,0.0
Bulgaria,1992,1A2E,ABFLOW022,Coal,,,0.0
Bulgaria,1992,1A2E,ABFLOW022,Natural gas,,,0.0
Bulgaria,1992,1A2E,ABFLOW022,Oil,,,0.0
Bulgaria,1992,1A2F,ABFLOW019,Coal,,,0.0
Bulgaria,1992,1A2F,ABFLOW019,Natural gas,,,0.0
Bulgaria,1992,1A2F,ABFLOW019,Oil,,,0.0
Bulgaria,1992,1A2G,ABFLOW020,Coal,,,0.0
Bulgaria,1992,1A2G,ABFLOW020,Natural gas,,,0.0
Bulgaria,1992,1A2G,ABFLOW020,Oil,,,0.0
Bulgaria,1992,1A2H,ABFLOW021,Coal,,,0.0
Bulgaria,1992,1A2H,ABFLOW021,Natural gas,,,0.0
Bulgaria,1992,1A2H,ABFLOW021,Oil,,,0.0
Bulgaria,1992,1A2I,ABFLOW013,Coal,,,0.0
Bulgaria,1992,1A2I,ABFLOW013,Natural gas,,,0.0
Bulgaria,1992,1A2I,ABFLOW013,Oil,,,0.0
Bulgaria,1992,1A2J,ABFLOW024,Coal,,,0.0
Bulgaria,1992,1A2J,ABFLOW024,Natural gas,,,0.0
Bulgaria,1992,1A2J,ABFLOW024,Oil,,,0.0
Bulgaria,1992,1A2K,ABFLOW014,Coal,,,0.0
Bulgaria,1992,1A2K,ABFLOW014,Natural gas,,,0.0
Bulgaria,1992,1A2K,ABFLOW014,Oil,,,0.0
Bulgaria,1992,1A2L,ABFLOW025,Coal,,,0.0
Bulgaria,1992,1A2L,ABFLOW025,Natural gas,,,0.0
Bulgaria,1992,1A2L,ABFLOW025,Oil,,,0.0
Bulgaria,1992,1A2M,ABFLOW026,Coal,,,0.0
Bulgaria,1992,1A2M,ABFLOW026,Natural gas,,,0.0
Bulgaria,1992,1A2M,ABFLOW026,Oil,,,0.0
Bulgaria,1992,1A3,ABFLOW027,Coal,,,0.0
Bulgaria,1992,1A3,ABFLOW027,Natural gas,,,0.0
Bulgaria,1992,1A3,ABFLOW027,Oil,,,0.0
Bulgaria,1992,1A3A1,ABFLOW040,Coal,,,0.0
Bulgaria,1992,1A3A1,ABFLOW040,Natural gas,,,0.0
Bulgaria,1992,1A3A1,ABFLOW040,Oil,,,0.0
Bulgaria,1992,1A3A2,ABFLOW029,Coal,,,0.0
Bulgaria,1992,1A3A2,ABFLOW029,Natural gas,,,0.0
Bulgaria,1992,1A3A2,ABFLOW029,Oil,,,0.0
Bulgaria,1992,1A3B,ABFLOW028,Coal,,,0.0
Bulgaria,1992,1A3B,ABFLOW028,Natural gas,,,0.0
Bulgaria,1992,1A3B,ABFLOW028,Oil,,,0.0
Bulgaria,1992,1A3C,ABFLOW030,Coal,,,0.0
Bulgaria,1992,1A3C,ABFLOW030,Natural gas,,,0.0
Bulgaria,1992,1A3C,ABFLOW030,Oil,,,0.0
Bulgaria,1992,1A3D1,ABFLOW039,Coal,,,0.0
Bulgaria,1992,1A3D1,ABFLOW039,Natural gas,,,0.0
Bulgaria,1992,1A3D1,ABFLOW039,Oil,,,0.0
Bulgaria,1992,1A3D2,ABFLOW032,Coal,,,0.0
Bulgaria,1992,1A3D2,ABFLOW032,Natural gas,,,0.0
Bulgaria,1992,1A3D2,ABFLOW032,Oil,,,0.0
Bulgaria,1992,1A3E1,ABFLOW033,Coal,,,0.0
Bulgaria,1992,1A3E1,ABFLOW033,Natural gas,,,0.0
Bulgaria,1992,1A3E1,ABFLOW033,Oil,,,0.0
Bulgaria,1992,1A4A,ABFLOW035,Coal,,,0.0
Bulgaria,1992,1A4A,ABFLOW035,Natural gas,,,0.0
Bulgaria,1992,1A4A,ABFLOW035,Oil,,,0.0
Bulgaria,1992,1A4B,ABFLOW034,Coal,,,0.0
Bulgaria,1992,1A4B,ABFLOW034,Natural gas,,,0.0
Bulgaria,1992,1A4B,ABFLOW034,Oil,,,0.0
Bulgaria,1992,1A4C1,ABFLOW036,Coal,,,0.0
Bulgaria,1992,1A4C1,ABFLOW036,Natural gas,,,0.0
Bulgaria,1992,1A4C1,ABFLOW036,Oil,,,0.0
Bulgaria,1992,1A4C2,ABFLOW037,Coal,,,0.0
Bulgaria,1992,1A4C2,ABFLOW037,Natural gas,,,0.0
Bulgaria,1992,1A4C2,ABFLOW037,Oil,,,0.0
Bulgaria,1992,1A5,ABFLOW038,Coal,,,0.0
Bulgaria,1992,1A5,ABFLOW038,Natural gas,,,0.0
Bulgaria,1992,1A5,ABFLOW038,Oil,,,0.0
Bulgaria,1993,1A,ABFLOW001,Coal,,,0.0
Bulgaria,1993,1A,ABFLOW001,Natural gas,,,0.0
Bulgaria,1993,1A,ABFLOW001,Oil,,,0.0
Bulgaria,1993,1A1A,ABFLOW002,Coal,,,0.0
Bulgaria,1993,1A1A,ABFLOW002,Natural gas,,,0.0
Bulgaria,1993,1A1A,ABFLOW002,Oil,,,0.0
Bulgaria,1993,1A1A1,ABFLOW003,Coal,,,0.0
Bulgaria,1993,1A1A1,ABFLOW003,Natural gas,,,0.0
Bulgaria,1993,1A1A1,ABFLOW003,Oil,,,0.0
Bulgaria,1993,1A1A2,ABFLOW004,Coal,,,0.0
Bulgaria,1993,1A1A2,ABFLOW004,Natural gas,,,0.0
Bulgaria,1993,1A1A2,ABFLOW004,Oil,,,0.0
Bulgaria,1993,1A1A3,ABFLOW005,Coal,,,0.0
Bulgaria,1993,1A1A3,ABFLOW005,Natural gas,,,0.0
Bulgaria,1993,1A1A3,ABFLOW005,Oil,,,0.0
Bulgaria,1993,1A1B,ABFLOW011,Coal,,,0.0
Bulgaria,1993,1A1B,ABFLOW011,Natural gas,,,0.0
Bulgaria,1993,1A1B,ABFLOW011,Oil,,,0.0
Bulgaria,1993,1A1C,ABFLOW011,Coal,,,0.0
Bulgaria,1993,1A1C,ABFLOW011,Natural gas,,,0.0
Bulgaria,1993,1A1C,ABFLOW011,Oil,,,0.0
Bulgaria,1993,1A2,ABFLOW012,Coal,,,0.0
Bulgaria,1993,1A2,ABFLOW012,Natural gas,,,0.0
Bulgaria,1993,1A2,ABFLOW012,Oil,,,0.0
Bulgaria,1993,1A2A,ABFLOW016,Coal,,,0.0
Bulgaria,1993,1A2A,ABFLOW016,Natural gas,,,0.0
Bulgaria,1993,1A2A,ABFLOW016,Oil,,,0.0
Bulgaria,1993,1A2B,ABFLOW018,Coal,,,0.0
Bulgaria,1993,1A2B,ABFLOW018,Natural gas,,,0.0
Bulgaria,1993,1A2B,ABFLOW018,Oil,,,0.0
Bulgaria,1993,1A2C,ABFLOW017,Coal,,,0.0
Bulgaria,1993,1A2C,ABFLOW017,Natural gas,,,0.0
Bulgaria,1993,1A2C,ABFLOW017,Oil,,,0.0
Bulgaria,1993,1A2D,ABFLOW023,Coal,,,0.0
Bulgaria,1993,1A2D,ABFLOW023,Natural gas,,,0.0
Bulgaria,1993,1A2D,ABFLOW023,Oil,,,0.0
Bulgaria,1993,1A2E,ABFLOW022,Coal,,,0.0
Bulgaria,1993,1A2E,ABFLOW022,Natural gas,,,0.0
Bulgaria,1993,1A2E,ABFLOW022,Oil,,,0.0
Bulgaria,1993,1A2F,ABFLOW019,Coal,,,0.0
Bulgaria,1993,1A2F,ABFLOW019,Natural gas,,,0.0
Bulgaria,1993,1A2F,ABFLOW019,Oil,,,0.0
Bulgaria,1993,1A2G,ABFLOW020,Coal,,,0.0
Bulgaria,1993,1A2G,ABFLOW020,Natural gas,,,0.0
Bulgaria,1993,1A2G,ABFLOW020,Oil,,,0.0
Bulgaria,1993,1A2H,ABFLOW021,Coal,,,0.0
Bulgaria,1993,1A2H,ABFLOW021,Natural gas,,,0.0
Bulgaria,1993,1A2H,ABFLOW021,Oil,,,0.0
Bulgaria,1993,1A2I,ABFLOW013,Coal,,,0.0
Bulgaria,1993,1A2I,ABFLOW013,Natural gas,,,0.0
Bulgaria,1993,1A2I,ABFLOW013,Oil,,,0.0
Bulgaria,1993,1A2J,ABFLOW024,Coal,,,0.0
Bulgaria,1993,1A2J,ABFLOW024,Natural gas,,,0.0
Bulgaria,1993,1A2J,ABFLOW024,Oil,,,0.0
Bulgaria,1993,1A2K,ABFLOW014,Coal,,,0.0
Bulgaria,1993,1A2K,ABFLOW014,Natural gas,,,0.0
Bulgaria,1993,1A2K,ABFLOW014,Oil,,,0.0
Bulgaria,1993,1A2L,ABFLOW025,Coal,,,0.0
Bulgaria,1993,1A2L,ABFLOW025,Natural gas,,,0.0
Bulgaria,1993,1A2L,ABFLOW025,Oil,,,0.0
Bulgaria,1993,1A2M,ABFLOW026,Coal,,,0.0
Bulgaria,1993,1A2M,ABFLOW026,Natural gas,,,0.0
Bulgaria,1993,1A2M,ABFLOW026,Oil,,,0.0
Bulgaria,1993,1A3,ABFLOW027,Coal,,,0.0
Bulgaria,1993,1A3,ABFLOW027,Natural gas,,,0.0
Bulgaria,1993,1A3,ABFLOW027,Oil,,,0.0
Bulgaria,1993,1A3A1,ABFLOW040,Coal,,,0.0
Bulgaria,1993,1A3A1,ABFLOW040,Natural gas,,,0.0
Bulgaria,1993,1A3A1,ABFLOW040,Oil,,,0.0
Bulgaria,1993,1A3A2,ABFLOW029,Coal,,,0.0
Bulgaria,1993,1A3A2,ABFLOW029,Natural gas,,,0.0
Bulgaria,1993,1A3A2,ABFLOW029,Oil,,,0.0
Bulgaria,1993,1A3B,ABFLOW028,Coal,,,0.0
Bulgaria,1993,1A3B,ABFLOW028,Natural gas,,,0.0
Bulgaria,1993,1A3B,ABFLOW028,Oil,,,0.0
Bulgaria,1993,1A3C,ABFLOW030,Coal,,,0.0
Bulgaria,1993,1A3C,ABFLOW030,Natural gas,,,0.0
Bulgaria,1993,1A3C,ABFLOW030,Oil,,,0.0
Bulgaria,1993,1A3D1,ABFLOW039,Coal,,,0.0
Bulgaria,1993,1A3D1,ABFLOW039,Natural gas,,,0.0
Bulgaria,1993,1A3D1,ABFLOW039,Oil,,,0.0
Bulgaria,1993,1A3D2,ABFLOW032,Coal,,,0.0
Bulgaria,1993,1A3D2,ABFLOW032,Natural gas,,,0.0
Bulgaria,1993,1A3D2,ABFLOW032,Oil,,,0.0
Bulgaria,1993,1A3E1,ABFLOW033,Coal,,,0.0
Bulgaria,1993,1A3E1,ABFLOW033,Natural gas,,,0.0
Bulgaria,1993,1A3E1,ABFLOW033,Oil,,,0.0
Bulgaria,1993,1A4A,ABFLOW035,Coal,,,0.0
Bulgaria,1993,1A4A,ABFLOW035,Natural gas,,,0.0
Bulgaria,1993,1A4A,ABFLOW035,Oil,,,0.0
Bulgaria,1993,1A4B,ABFLOW034,Coal,,,0.0
Bulgaria,1993,1A4B,ABFLOW034,Natural gas,,,0.0
Bulgaria,1993,1A4B,ABFLOW034,Oil,,,0.0
Bulgaria,1993,1A4C1,ABFLOW036,Coal,,,0.0
Bulgaria,1993,1A4C1,ABFLOW036,Natural gas,,,0.0
Bulgaria,1993,1A4C1,ABFLOW036,Oil,,,0.0
Bulgaria,1993,1A4C2,ABFLOW037,Coal,,,0.0
Bulgaria,1993,1A4C2,ABFLOW037,Natural gas,,,0.0
Bulgaria,1993,1A4C2,ABFLOW037,Oil,,,0.0
Bulgaria,1993,1A5,ABFLOW038,Coal,,,0.0
Bulgaria,1993,1A5,ABFLOW038,Natural gas,,,0.0
Bulgaria,1993,1A5,ABFLOW038,Oil,,,0.0
Bulgaria,1994,1A,ABFLOW001,Coal,,,0.0
Bulgaria,1994,1A,ABFLOW001,Natural gas,,,0.0
Bulgaria,1994,1A,ABFLOW001,Oil,,,0.0
Bulgaria,1994,1A1A,ABFLOW002,Coal,,,0.0
Bulgaria,1994,1A1A,ABFLOW002,Natural gas,,,0.0
Bulgaria,1994,1A1A,ABFLOW002,Oil,,,0.0
Bulgaria,1994,1A1A1,ABFLOW003,Coal,,,0.0
Bulgaria,1994,1A1A1,ABFLOW003,Natural gas,,,0.0
Bulgaria,1994,1A1A1,ABFLOW003,Oil,,,0.0
Bulgaria,1994,1A1A2,ABFLOW004,Coal,,,0.0
Bulgaria,1994,1A1A2,ABFLOW004,Natural gas,,,0.0
Bulgaria,1994,1A1A2,ABFLOW004,Oil,,,0.0
Bulgaria,1994,1A1A3,ABFLOW005,Coal,,,0.0
Bulgaria,1994,1A1A3,ABFLOW005,Natural gas,,,0.0
Bulgaria,1994,1A1A3,ABFLOW005,Oil,,,0.0
Bulgaria,1994,1A1B,ABFLOW011,Coal,,,0.0
Bulgaria,1994,1A1B,ABFLOW011,Natural gas,,,0.0
Bulgaria,1994,1A1B,ABFLOW011,Oil,,,0.0
Bulgaria,1994,1A1C,ABFLOW011,Coal,,,0.0
Bulgaria,1994,1A1C,ABFLOW011,Natural gas,,,0.0
Bulgaria,1994,1A1C,ABFLOW011,Oil,,,0.0
Bulgaria,1994,1A2,ABFLOW012,Coal,,,0.0
Bulgaria,1994,1A2,ABFLOW012,Natural gas,,,0.0
Bulgaria,1994,1A2,ABFLOW012,Oil,,,0.0
Bulgaria,1994,1A2A,ABFLOW016,Coal,,,0.0
Bulgaria,1994,1A2A,ABFLOW016,Natural gas,,,0.0
Bulgaria,1994,1A2A,ABFLOW016,Oil,,,0.0
Bulgaria,1994,1A2B,ABFLOW018,Coal,,,0.0
Bulgaria,1994,1A2B,ABFLOW018,Natural gas,,,0.0
Bulgaria,1994,1A2B,ABFLOW018,Oil,,,0.0
Bulgaria,1994,1A2C,ABFLOW017,Coal,,,0.0
Bulgaria,1994,1A2C,ABFLOW017,Natural gas,,,0.0
Bulgaria,1994,1A2C,ABFLOW017,Oil,,,0.0
Bulgaria,1994,1A2D,ABFLOW023,Coal,,,0.0
Bulgaria,1994,1A2D,ABFLOW023,Natural gas,,,0.0
Bulgaria,1994,1A2D,ABFLOW023,Oil,,,0.0
Bulgaria,1994,1A2E,ABFLOW022,Coal,,,0.0
Bulgaria,1994,1A2E,ABFLOW022,Natural gas,,,0.0
Bulgaria,1994,1A2E,ABFLOW022,Oil,,,0.0
Bulgaria,1994,1A2F,ABFLOW019,Coal,,,0.0
Bulgaria,1994,1A2F,ABFLOW019,Natural gas,,,0.0
Bulgaria,1994,1A2F,ABFLOW019,Oil,,,0.0
Bulgaria,1994,1A2G,ABFLOW020,Coal,,,0.0
Bulgaria,1994,1A2G,ABFLOW020,Natural gas,,,0.0
Bulgaria,1994,1A2G,ABFLOW020,Oil,,,0.0
Bulgaria,1994,1A2H,ABFLOW021,Coal,,,0.0
Bulgaria,1994,1A2H,ABFLOW021,Natural gas,,,0.0
Bulgaria,1994,1A2H,ABFLOW021,Oil,,,0.0
Bulgaria,1994,1A2I,ABFLOW013,Coal,,,0.0
Bulgaria,1994,1A2I,ABFLOW013,Natural gas,,,0.0
Bulgaria,1994,1A2I,ABFLOW013,Oil,,,0.0
Bulgaria,1994,1A2J,ABFLOW024,Coal,,,0.0
Bulgaria,1994,1A2J,ABFLOW024,Natural gas,,,0.0
Bulgaria,1994,1A2J,ABFLOW024,Oil,,,0.0
Bulgaria,1994,1A2K,ABFLOW014,Coal,,,0.0
Bulgaria,1994,1A2K,ABFLOW014,Natural gas,,,0.0
Bulgaria,1994,1A2K,ABFLOW014,Oil,,,0.0
Bulgaria,1994,1A2L,ABFLOW025,Coal,,,0.0
Bulgaria,1994,1A2L,ABFLOW025,Natural gas,,,0.0
Bulgaria,1994,1A2L,ABFLOW025,Oil,,,0.0
Bulgaria,1994,1A2M,ABFLOW026,Coal,,,0.0
Bulgaria,1994,1A2M,ABFLOW026,Natural gas,,,0.0
Bulgaria,1994,1A2M,ABFLOW026,Oil,,,0.0
Bulgaria,1994,1A3,ABFLOW027,Coal,,,0.0
Bulgaria,1994,1A3,ABFLOW027,Natural gas,,,0.0
Bulgaria,1994,1A3,ABFLOW027,Oil,,,0.0
Bulgaria,1994,1A3A1,ABFLOW040,Coal,,,0.0
Bulgaria,1994,1A3A1,ABFLOW040,Natural gas,,,0.0
Bulgaria,1994,1A3A1,ABFLOW040,Oil,,,0.0
Bulgaria,1994,1A3A2,ABFLOW029,Coal,,,0.0
Bulgaria,1994,1A3A2,ABFLOW029,Natural gas,,,0.0
Bulgaria,1994,1A3A2,ABFLOW029,Oil,,,0.0
Bulgaria,1994,1A3B,ABFLOW028,Coal,,,0.0
Bulgaria,1994,1A3B,ABFLOW028,Natural gas,,,0.0
Bulgaria,1994,1A3B,ABFLOW028,Oil,,,0.0
Bulgaria,1994,1A3C,ABFLOW030,Coal,,,0.0
Bulgaria,1994,1A3C,ABFLOW030,Natural gas,,,0.0
Bulgaria,1994,1A3C,ABFLOW030,Oil,,,0.0
Bulgaria,1994,1A3D1,ABFLOW039,Coal,,,0.0
Bulgaria,1994,1A3D1,ABFLOW039,Natural gas,,,0.0
Bulgaria,1994,1A3D1,ABFLOW039,Oil,,,0.0
Bulgaria,1994,1A3D2,ABFLOW032,Coal,,,0.0
Bulgaria,1994,1A3D2,ABFLOW032,Natural gas,,,0.0
Bulgaria,1994,1A3D2,ABFLOW032,Oil,,,0.0
Bulgaria,1994,1A3E1,ABFLOW033,Coal,,,0.0
Bulgaria,1994,1A3E1,ABFLOW033,Natural gas,,,0.0
Bulgaria,1994,1A3E1,ABFLOW033,Oil,,,0.0
Bulgaria,1994,1A4A,ABFLOW035,Coal,,,0.0
Bulgaria,1994,1A4A,ABFLOW035,Natural gas,,,0.0
Bulgaria,1994,1A4A,ABFLOW035,Oil,,,0.0
Bulgaria,1994,1A4B,ABFLOW034,Coal,,,0.0
Bulgaria,1994,1A4B,ABFLOW034,Natural gas,,,0.0
Bulgaria,1994,1A4B,ABFLOW034,Oil,,,0.0
Bulgaria,1994,1A4C1,ABFLOW036,Coal,,,0.0
Bulgaria,1994,1A4C1,ABFLOW036,Natural gas,,,0.0
Bulgaria,1994,1A4C1,ABFLOW036,Oil,,,0.0
Bulgaria,1994,1A4C2,ABFLOW037,Coal,,,0.0
Bulgaria,1994,1A4C2,ABFLOW037,Natural gas,,,0.0
Bulgaria,1994,1A4C2,ABFLOW037,Oil,,,0.0
Bulgaria,1994,1A5,ABFLOW038,Coal,,,0.0
Bulgaria,1994,1A5,ABFLOW038,Natural gas,,,0.0
Bulgaria,1994,1A5,ABFLOW038,Oil,,,0.0
Bulgaria,1995,1A,ABFLOW001,Coal,,,0.0
Bulgaria,1995,1A,ABFLOW001,Natural gas,,,0.0
Bulgaria,1995,1A,ABFLOW001,Oil,,,0.0
Bulgaria,1995,1A1A,ABFLOW002,Coal,,,0.0
Bulgaria,1995,1A1A,ABFLOW002,Natural gas,,,0.0
Bulgaria,1995,1A1A,ABFLOW002,Oil,,,0.0
Bulgaria,1995,1A1A1,ABFLOW003,Coal,,,0.0
Bulgaria,1995,1A1A1,ABFLOW003,Natural gas,,,0.0
Bulgaria,1995,1A1A1,ABFLOW003,Oil,,,0.0
Bulgaria,1995,1A1A2,ABFLOW004,Coal,,,0.0
Bulgaria,1995,1A1A2,ABFLOW004,Natural gas,,,0.0
Bulgaria,1995,1A1A2,ABFLOW004,Oil,,,0.0
Bulgaria,1995,1A1A3,ABFLOW005,Coal,,,0.0
Bulgaria,1995,1A1A3,ABFLOW005,Natural gas,,,0.0
Bulgaria,1995,1A1A3,ABFLOW005,Oil,,,0.0
Bulgaria,1995,1A1B,ABFLOW011,Coal,,,0.0
Bulgaria,1995,1A1B,ABFLOW011,Natural gas,,,0.0
Bulgaria,1995,1A1B,ABFLOW011,Oil,,,0.0
Bulgaria,1995,1A1C,ABFLOW011,Coal,,,0.0
Bulgaria,1995,1A1C,ABFLOW011,Natural gas,,,0.0
Bulgaria,1995,1A1C,ABFLOW011,Oil,,,0.0
Bulgaria,1995,1A2,ABFLOW012,Coal,,,0.0
Bulgaria,1995,1A2,ABFLOW012,Natural gas,,,0.0
Bulgaria,1995,1A2,ABFLOW012,Oil,,,0.0
Bulgaria,1995,1A2A,ABFLOW016,Coal,,,0.0
Bulgaria,1995,1A2A,ABFLOW016,Natural gas,,,0.0
Bulgaria,1995,1A2A,ABFLOW016,Oil,,,0.0
Bulgaria,1995,1A2B,ABFLOW018,Coal,,,0.0
Bulgaria,1995,1A2B,ABFLOW018,Natural gas,,,0.0
Bulgaria,1995,1A2B,ABFLOW018,Oil,,,0.0
Bulgaria,1995,1A2C,ABFLOW017,Coal,,,0.0
Bulgaria,1995,1A2C,ABFLOW017,Natural gas,,,0.0
Bulgaria,1995,1A2C,ABFLOW017,Oil,,,0.0
Bulgaria,1995,1A2D,ABFLOW023,Coal,,,0.0
Bulgaria,1995,1A2D,ABFLOW023,Natural gas,,,0.0
Bulgaria,1995,1A2D,ABFLOW023,Oil,,,0.0
Bulgaria,1995,1A2E,ABFLOW022,Coal,,,0.0
Bulgaria,1995,1A2E,ABFLOW022,Natural gas,,,0.0
Bulgaria,1995,1A2E,ABFLOW022,Oil,,,0.0
Bulgaria,1995,1A2F,ABFLOW019,Coal,,,0.0
Bulgaria,1995,1A2F,ABFLOW019,Natural gas,,,0.0
Bulgaria,1995,1A2F,ABFLOW019,Oil,,,0.0
Bulgaria,1995,1A2G,ABFLOW020,Coal,,,0.0
Bulgaria,1995,1A2G,ABFLOW020,Natural gas,,,0.0
Bulgaria,1995,1A2G,ABFLOW020,Oil,,,0.0
Bulgaria,1995,1A2H,ABFLOW021,Coal,,,0.0
Bulgaria,1995,1A2H,ABFLOW021,Natural gas,,,0.0
Bulgaria,1995,1A2H,ABFLOW021,Oil,,,0.0
Bulgaria,1995,1A2I,ABFLOW013,Coal,,,0.0
Bulgaria,1995,1A2I,ABFLOW013,Natural gas,,,0.0
Bulgaria,1995,1A2I,ABFLOW013,Oil,,,0.0
Bulgaria,1995,1A2J,ABFLOW024,Coal,,,0.0
Bulgaria,1995,1A2J,ABFLOW024,Natural gas,,,0.0
Bulgaria,1995,1A2J,ABFLOW024,Oil,,,0.0
Bulgaria,1995,1A2K,ABFLOW014,Coal,,,0.0
Bulgaria,1995,1A2K,ABFLOW014,Natural gas,,,0.0
Bulgaria,1995,1A2K,ABFLOW014,Oil,,,0.0
Bulgaria,1995,1A2L,ABFLOW025,Coal,,,0.0
Bulgaria,1995,1A2L,ABFLOW025,Natural gas,,,0.0
Bulgaria,1995,1A2L,ABFLOW025,Oil,,,0.0
Bulgaria,1995,1A2M,ABFLOW026,Coal,,,0.0
Bulgaria,1995,1A2M,ABFLOW026,Natural gas,,,0.0
Bulgaria,1995,1A2M,ABFLOW026,Oil,,,0.0
Bulgaria,1995,1A3,ABFLOW027,Coal,,,0.0
Bulgaria,1995,1A3,ABFLOW027,Natural gas,,,0.0
Bulgaria,1995,1A3,ABFLOW027,Oil,,,0.0
Bulgaria,1995,1A3A1,ABFLOW040,Coal,,,0.0
Bulgaria,1995,1A3A1,ABFLOW040,Natural gas,,,0.0
Bulgaria,1995,1A3A1,ABFLOW040,Oil,,,0.0
Bulgaria,1995,1A3A2,ABFLOW029,Coal,,,0.0
Bulgaria,1995,1A3A2,ABFLOW029,Natural gas,,,0.0
Bulgaria,1995,1A3A2,ABFLOW029,Oil,,,0.0
Bulgaria,1995,1A3B,ABFLOW028,Coal,,,0.0
Bulgaria,1995,1A3B,ABFLOW028,Natural gas,,,0.0
Bulgaria,1995,1A3B,ABFLOW028,Oil,,,0.0
Bulgaria,1995,1A3C,ABFLOW030,Coal,,,0.0
Bulgaria,1995,1A3C,ABFLOW030,Natural gas,,,0.0
Bulgaria,1995,1A3C,ABFLOW030,Oil,,,0.0
Bulgaria,1995,1A3D1,ABFLOW039,Coal,,,0.0
Bulgaria,1995,1A3D1,ABFLOW039,Natural gas,,,0.0
Bulgaria,1995,1A3D1,ABFLOW039,Oil,,,0.0
Bulgaria,1995,1A3D2,ABFLOW032,Coal,,,0.0
Bulgaria,1995,1A3D2,ABFLOW032,Natural gas,,,0.0
Bulgaria,1995,1A3D2,ABFLOW032,Oil,,,0.0
Bulgaria,1995,1A3E1,ABFLOW033,Coal,,,0.0
Bulgaria,1995,1A3E1,ABFLOW033,Natural gas,,,0.0
Bulgaria,1995,1A3E1,ABFLOW033,Oil,,,0.0
Bulgaria,1995,1A4A,ABFLOW035,Coal,,,0.0
Bulgaria,1995,1A4A,ABFLOW035,Natural gas,,,0.0
Bulgaria,1995,1A4A,ABFLOW035,Oil,,,0.0
Bulgaria,1995,1A4B,ABFLOW034,Coal,,,0.0
Bulgaria,1995,1A4B,ABFLOW034,Natural gas,,,0.0
Bulgaria,1995,1A4B,ABFLOW034,Oil,,,0.0
Bulgaria,1995,1A4C1,ABFLOW036,Coal,,,0.0
Bulgaria,1995,1A4C1,ABFLOW036,Natural gas,,,0.0
Bulgaria,1995,1A4C1,ABFLOW036,Oil,,,0.0
Bulgaria,1995,1A4C2,ABFLOW037,Coal,,,0.0
Bulgaria,1995,1A4C2,ABFLOW037,Natural gas,,,0.0
Bulgaria,1995,1A4C2,ABFLOW037,Oil,,,0.0
Bulgaria,1995,1A5,ABFLOW038,Coal,,,0.0
Bulgaria,1995,1A5,ABFLOW038,Natural gas,,,0.0
Bulgaria,1995,1A5,ABFLOW038,Oil,,,0.0
Bulgaria,1996,1A,ABFLOW001,Coal,,,0.0
Bulgaria,1996,1A,ABFLOW001,Natural gas,,,0.0
Bulgaria,1996,1A,ABFLOW001,Oil,,,0.0
Bulgaria,1996,1A1A,ABFLOW002,Coal,,,0.0
Bulgaria,1996,1A1A,ABFLOW002,Natural gas,,,0.0
Bulgaria,1996,1A1A,ABFLOW002,Oil,,,0.0
Bulgaria,1996,1A1A1,ABFLOW003,Coal,,,0.0
Bulgaria,1996,1A1A1,ABFLOW003,Natural gas,,,0.0
Bulgaria,1996,1A1A1,ABFLOW003,Oil,,,0.0
Bulgaria,1996,1A1A2,ABFLOW004,Coal,,,0.0
Bulgaria,1996,1A1A2,ABFLOW004,Natural gas,,,0.0
Bulgaria,1996,1A1A2,ABFLOW004,Oil,,,0.0
Bulgaria,1996,1A1A3,ABFLOW005,Coal,,,0.0
Bulgaria,1996,1A1A3,ABFLOW005,Natural gas,,,0.0
Bulgaria,1996,1A1A3,ABFLOW005,Oil,,,0.0
Bulgaria,1996,1A1B,ABFLOW011,Coal,,,0.0
Bulgaria,1996,1A1B,ABFLOW011,Natural gas,,,0.0
Bulgaria,1996,1A1B,ABFLOW011,Oil,,,0.0
Bulgaria,1996,1A1C,ABFLOW011,Coal,,,0.0
Bulgaria,1996,1A1C,ABFLOW011,Natural gas,,,0.0
Bulgaria,1996,1A1C,ABFLOW011,Oil,,,0.0
Bulgaria,1996,1A2,ABFLOW012,Coal,,,0.0
Bulgaria,1996,1A2,ABFLOW012,Natural gas,,,0.0
Bulgaria,1996,1A2,ABFLOW012,Oil,,,0.0
Bulgaria,1996,1A2A,ABFLOW016,Coal,,,0.0
Bulgaria,1996,1A2A,ABFLOW016,Natural gas,,,0.0
Bulgaria,1996,1A2A,ABFLOW016,Oil,,,0.0
Bulgaria,1996,1A2B,ABFLOW018,Coal,,,0.0
Bulgaria,1996,1A2B,ABFLOW018,Natural gas,,,0.0
Bulgaria,1996,1A2B,ABFLOW018,Oil,,,0.0
Bulgaria,1996,1A2C,ABFLOW017,Coal,,,0.0
Bulgaria,1996,1A2C,ABFLOW017,Natural gas,,,0.0
Bulgaria,1996,1A2C,ABFLOW017,Oil,,,0.0
Bulgaria,1996,1A2D,ABFLOW023,Coal,,,0.0
Bulgaria,1996,1A2D,ABFLOW023,Natural gas,,,0.0
Bulgaria,1996,1A2D,ABFLOW023,Oil,,,0.0
Bulgaria,1996,1A2E,ABFLOW022,Coal,,,0.0
Bulgaria,1996,1A2E,ABFLOW022,Natural gas,,,0.0
Bulgaria,1996,1A2E,ABFLOW022,Oil,,,0.0
Bulgaria,1996,1A2F,ABFLOW019,Coal,,,0.0
Bulgaria,1996,1A2F,ABFLOW019,Natural gas,,,0.0
Bulgaria,1996,1A2F,ABFLOW019,Oil,,,0.0
Bulgaria,1996,1A2G,ABFLOW020,Coal,,,0.0
Bulgaria,1996,1A2G,ABFLOW020,Natural gas,,,0.0
Bulgaria,1996,1A2G,ABFLOW020,Oil,,,0.0
Bulgaria,1996,1A2H,ABFLOW021,Coal,,,0.0
Bulgaria,1996,1A2H,ABFLOW021,Natural gas,,,0.0
Bulgaria,1996,1A2H,ABFLOW021,Oil,,,0.0
Bulgaria,1996,1A2I,ABFLOW013,Coal,,,0.0
Bulgaria,1996,1A2I,ABFLOW013,Natural gas,,,0.0
Bulgaria,1996,1A2I,ABFLOW013,Oil,,,0.0
Bulgaria,1996,1A2J,ABFLOW024,Coal,,,0.0
Bulgaria,1996,1A2J,ABFLOW024,Natural gas,,,0.0
Bulgaria,1996,1A2J,ABFLOW024,Oil,,,0.0
Bulgaria,1996,1A2K,ABFLOW014,Coal,,,0.0
Bulgaria,1996,1A2K,ABFLOW014,Natural gas,,,0.0
Bulgaria,1996,1A2K,ABFLOW014,Oil,,,0.0
Bulgaria,1996,1A2L,ABFLOW025,Coal,,,0.0
Bulgaria,1996,1A2L,ABFLOW025,Natural gas,,,0.0
Bulgaria,1996,1A2L,ABFLOW025,Oil,,,0.0
Bulgaria,1996,1A2M,ABFLOW026,Coal,,,0.0
Bulgaria,1996,1A2M,ABFLOW026,Natural gas,,,0.0
Bulgaria,1996,1A2M,ABFLOW026,Oil,,,0.0
Bulgaria,1996,1A3,ABFLOW027,Coal,,,0.0
Bulgaria,1996,1A3,ABFLOW027,Natural gas,,,0.0
Bulgaria,1996,1A3,ABFLOW027,Oil,,,0.0
Bulgaria,1996,1A3A1,ABFLOW040,Coal,,,0.0
Bulgaria,1996,1A3A1,ABFLOW040,Natural gas,,,0.0
Bulgaria,1996,1A3A1,ABFLOW040,Oil,,,0.0
Bulgaria,1996,1A3A2,ABFLOW029,Coal,,,0.0
Bulgaria,1996,1A3A2,ABFLOW029,Natural gas,,,0.0
Bulgaria,1996,1A3A2,ABFLOW029,Oil,,,0.0
Bulgaria,1996,1A3B,ABFLOW028,Coal,,,0.0
Bulgaria,1996,1A3B,ABFLOW028,Natural gas,,,0.0
Bulgaria,1996,1A3B,ABFLOW028,Oil,,,0.0
Bulgaria,1996,1A3C,ABFLOW030,Coal,,,0.0
Bulgaria,1996,1A3C,ABFLOW030,Natural gas,,,0.0
Bulgaria,1996,1A3C,ABFLOW030,Oil,,,0.0
Bulgaria,1996,1A3D1,ABFLOW039,Coal,,,0.0
Bulgaria,1996,1A3D1,ABFLOW039,Natural gas,,,0.0
Bulgaria,1996,1A3D1,ABFLOW039,Oil,,,0.0
Bulgaria,1996,1A3D2,ABFLOW032,Coal,,,0.0
Bulgaria,1996,1A3D2,ABFLOW032,Natural gas,,,0.0
Bulgaria,1996,1A3D2,ABFLOW032,Oil,,,0.0
Bulgaria,1996,1A3E1,ABFLOW033,Coal,,,0.0
Bulgaria,1996,1A3E1,ABFLOW033,Natural gas,,,0.0
Bulgaria,1996,1A3E1,ABFLOW033,Oil,,,0.0
Bulgaria,1996,1A4A,ABFLOW035,Coal,,,0.0
Bulgaria,1996,1A4A,ABFLOW035,Natural gas,,,0.0
Bulgaria,1996,1A4A,ABFLOW035,Oil,,,0.0
Bulgaria,1996,1A4B,ABFLOW034,Coal,,,0.0
Bulgaria,1996,1A4B,ABFLOW034,Natural gas,,,0.0
Bulgaria,1996,1A4B,ABFLOW034,Oil,,,0.0
Bulgaria,1996,1A4C1,ABFLOW036,Coal,,,0.0
Bulgaria,1996,1A4C1,ABFLOW036,Natural gas,,,0.0
Bulgaria,1996,1A4C1,ABFLOW036,Oil,,,0.0
Bulgaria,1996,1A4C2,ABFLOW037,Coal,,,0.0
Bulgaria,1996,1A4C2,ABFLOW037,Natural gas,,,0.0
Bulgaria,1996,1A4C2,ABFLOW037,Oil,,,0.0
Bulgaria,1996,1A5,ABFLOW038,Coal,,,0.0
Bulgaria,1996,1A5,ABFLOW038,Natural gas,,,0.0
Bulgaria,1996,1A5,ABFLOW038,Oil,,,0.0
Bulgaria,1997,1A,ABFLOW001,Coal,,,0.0
Bulgaria,1997,1A,ABFLOW001,Natural gas,,,0.0
Bulgaria,1997,1A,ABFLOW001,Oil,,,0.0
Bulgaria,1997,1A1A,ABFLOW002,Coal,,,0.0
Bulgaria,1997,1A1A,ABFLOW002,Natural gas,,,0.0
Bulgaria,1997,1A1A,ABFLOW002,Oil,,,0.0
Bulgaria,1997,1A1A1,ABFLOW003,Coal,,,0.0
Bulgaria,1997,1A1A1,ABFLOW003,Natural gas,,,0.0
Bulgaria,1997,1A1A1,ABFLOW003,Oil,,,0.0
Bulgaria,1997,1A1A2,ABFLOW004,Coal,,,0.0
Bulgaria,1997,1A1A2,ABFLOW004,Natural gas,,,0.0
Bulgaria,1997,1A1A2,ABFLOW004,Oil,,,0.0
Bulgaria,1997,1A1A3,ABFLOW005,Coal,,,0.0
Bulgaria,1997,1A1A3,ABFLOW005,Natural gas,,,0.0
Bulgaria,1997,1A1A3,ABFLOW005,Oil,,,0.0
Bulgaria,1997,1A1B,ABFLOW011,Coal,,,0.0
Bulgaria,1997,1A1B,ABFLOW011,Natural gas,,,0.0
Bulgaria,1997,1A1B,ABFLOW011,Oil,,,0.0
Bulgaria,1997,1A1C,ABFLOW011,Coal,,,0.0
Bulgaria,1997,1A1C,ABFLOW011,Natural gas,,,0.0
Bulgaria,1997,1A1C,ABFLOW011,Oil,,,0.0
Bulgaria,1997,1A2,ABFLOW012,Coal,,,0.0
Bulgaria,1997,1A2,ABFLOW012,Natural gas,,,0.0
Bulgaria,1997,1A2,ABFLOW012,Oil,,,0.0
Bulgaria,1997,1A2A,ABFLOW016,Coal,,,0.0
Bulgaria,1997,1A2A,ABFLOW016,Natural gas,,,0.0
Bulgaria,1997,1A2A,ABFLOW016,Oil,,,0.0
Bulgaria,1997,1A2B,ABFLOW018,Coal,,,0.0
Bulgaria,1997,1A2B,ABFLOW018,Natural gas,,,0.0
Bulgaria,1997,1A2B,ABFLOW018,Oil,,,0.0
Bulgaria,1997,1A2C,ABFLOW017,Coal,,,0.0
Bulgaria,1997,1A2C,ABFLOW017,Natural gas,,,0.0
Bulgaria,1997,1A2C,ABFLOW017,Oil,,,0.0
Bulgaria,1997,1A2D,ABFLOW023,Coal,,,0.0
Bulgaria,1997,1A2D,ABFLOW023,Natural gas,,,0.0
Bulgaria,1997,1A2D,ABFLOW023,Oil,,,0.0
Bulgaria,1997,1A2E,ABFLOW022,Coal,,,0.0
Bulgaria,1997,1A2E,ABFLOW022,Natural gas,,,0.0
Bulgaria,1997,1A2E,ABFLOW022,Oil,,,0.0
Bulgaria,1997,1A2F,ABFLOW019,Coal,,,0.0
Bulgaria,1997,1A2F,ABFLOW019,Natural gas,,,0.0
Bulgaria,1997,1A2F,ABFLOW019,Oil,,,0.0
Bulgaria,1997,1A2G,ABFLOW020,Coal,,,0.0
Bulgaria,1997,1A2G,ABFLOW020,Natural gas,,,0.0
Bulgaria,1997,1A2G,ABFLOW020,Oil,,,0.0
Bulgaria,1997,1A2H,ABFLOW021,Coal,,,0.0
Bulgaria,1997,1A2H,ABFLOW021,Natural gas,,,0.0
Bulgaria,1997,1A2H,ABFLOW021,Oil,,,0.0
Bulgaria,1997,1A2I,ABFLOW013,Coal,,,0.0
Bulgaria,1997,1A2I,ABFLOW013,Natural gas,,,0.0
Bulgaria,1997,1A2I,ABFLOW013,Oil,,,0.0
Bulgaria,1997,1A2J,ABFLOW024,Coal,,,0.0
Bulgaria,1997,1A2J,ABFLOW024,Natural gas,,,0.0
Bulgaria,1997,1A2J,ABFLOW024,Oil,,,0.0
Bulgaria,1997,1A2K,ABFLOW014,Coal,,,0.0
Bulgaria,1997,1A2K,ABFLOW014,Natural gas,,,0.0
Bulgaria,1997,1A2K,ABFLOW014,Oil,,,0.0
Bulgaria,1997,1A2L,ABFLOW025,Coal,,,0.0
Bulgaria,1997,1A2L,ABFLOW025,Natural gas,,,0.0
Bulgaria,1997,1A2L,ABFLOW025,Oil,,,0.0
Bulgaria,1997,1A2M,ABFLOW026,Coal,,,0.0
Bulgaria,1997,1A2M,ABFLOW026,Natural gas,,,0.0
Bulgaria,1997,1A2M,ABFLOW026,Oil,,,0.0
Bulgaria,1997,1A3,ABFLOW027,Coal,,,0.0
Bulgaria,1997,1A3,ABFLOW027,Natural gas,,,0.0
Bulgaria,1997,1A3,ABFLOW027,Oil,,,0.0
Bulgaria,1997,1A3A1,ABFLOW040,Coal,,,0.0
Bulgaria,1997,1A3A1,ABFLOW040,Natural gas,,,0.0
Bulgaria,1997,1A3A1,ABFLOW040,Oil,,,0.0
Bulgaria,1997,1A3A2,ABFLOW029,Coal,,,0.0
Bulgaria,1997,1A3A2,ABFLOW029,Natural gas,,,0.0
Bulgaria,1997,1A3A2,ABFLOW029,Oil,,,0.0
Bulgaria,1997,1A3B,ABFLOW028,Coal,,,0.0
Bulgaria,1997,1A3B,ABFLOW028,Natural gas,,,0.0
Bulgaria,1997,1A3B,ABFLOW028,Oil,,,0.0
Bulgaria,1997,1A3C,ABFLOW030,Coal,,,0.0
Bulgaria,1997,1A3C,ABFLOW030,Natural gas,,,0.0
Bulgaria,1997,1A3C,ABFLOW030,Oil,,,0.0
Bulgaria,1997,1A3D1,ABFLOW039,Coal,,,0.0
Bulgaria,1997,1A3D1,ABFLOW039,Natural gas,,,0.0
Bulgaria,1997,1A3D1,ABFLOW039,Oil,,,0.0
Bulgaria,1997,1A3D2,ABFLOW032,Coal,,,0.0
Bulgaria,1997,1A3D2,ABFLOW032,Natural gas,,,0.0
Bulgaria,1997,1A3D2,ABFLOW032,Oil,,,0.0
Bulgaria,1997,1A3E1,ABFLOW033,Coal,,,0.0
Bulgaria,1997,1A3E1,ABFLOW033,Natural gas,,,0.0
Bulgaria,1997,1A3E1,ABFLOW033,Oil,,,0.0
Bulgaria,1997,1A4A,ABFLOW035,Coal,,,0.0
Bulgaria,1997,1A4A,ABFLOW035,Natural gas,,,0.0
Bulgaria,1997,1A4A,ABFLOW035,Oil,,,0.0
Bulgaria,1997,1A4B,ABFLOW034,Coal,,,0.0
Bulgaria,1997,1A4B,ABFLOW034,Natural gas,,,0.0
Bulgaria,1997,1A4B,ABFLOW034,Oil,,,0.0
Bulgaria,1997,1A4C1,ABFLOW036,Coal,,,0.0
Bulgaria,1997,1A4C1,ABFLOW036,Natural gas,,,0.0
Bulgaria,1997,1A4C1,ABFLOW036,Oil,,,0.0
Bulgaria,1997,1A4C2,ABFLOW037,Coal,,,0.0
Bulgaria,1997,1A4C2,ABFLOW037,Natural gas,,,0.0
Bulgaria,1997,1A4C2,ABFLOW037,Oil,,,0.0
Bulgaria,1997,1A5,ABFLOW038,Coal,,,0.0
Bulgaria,1997,1A5,ABFLOW038,Natural gas,,,0.0
Bulgaria,1997,1A5,ABFLOW038,Oil,,,0.0
Bulgaria,1998,1A,ABFLOW001,Coal,,,0.0
Bulgaria,1998,1A,ABFLOW001,Natural gas,,,0.0
Bulgaria,1998,1A,ABFLOW001,Oil,,,0.0
Bulgaria,1998,1A1A,ABFLOW002,Coal,,,0.0
Bulgaria,1998,1A1A,ABFLOW002,Natural gas,,,0.0
Bulgaria,1998,1A1A,ABFLOW002,Oil,,,0.0
Bulgaria,1998,1A1A1,ABFLOW003,Coal,,,0.0
Bulgaria,1998,1A1A1,ABFLOW003,Natural gas,,,0.0
Bulgaria,1998,1A1A1,ABFLOW003,Oil,,,0.0
Bulgaria,1998,1A1A2,ABFLOW004,Coal,,,0.0
Bulgaria,1998,1A1A2,ABFLOW004,Natural gas,,,0.0
Bulgaria,1998,1A1A2,ABFLOW004,Oil,,,0.0
Bulgaria,1998,1A1A3,ABFLOW005,Coal,,,0.0
Bulgaria,1998,1A1A3,ABFLOW005,Natural gas,,,0.0
Bulgaria,1998,1A1A3,ABFLOW005,Oil,,,0.0
Bulgaria,1998,1A1B,ABFLOW011,Coal,,,0.0
Bulgaria,1998,1A1B,ABFLOW011,Natural gas,,,0.0
Bulgaria,1998,1A1B,ABFLOW011,Oil,,,0.0
Bulgaria,1998,1A1C,ABFLOW011,Coal,,,0.0
Bulgaria,1998,1A1C,ABFLOW011,Natural gas,,,0.0
Bulgaria,1998,1A1C,ABFLOW011,Oil,,,0.0
Bulgaria,1998,1A2,ABFLOW012,Coal,,,0.0
Bulgaria,1998,1A2,ABFLOW012,Natural gas,,,0.0
Bulgaria,1998,1A2,ABFLOW012,Oil,,,0.0
Bulgaria,1998,1A2A,ABFLOW016,Coal,,,0.0
Bulgaria,1998,1A2A,ABFLOW016,Natural gas,,,0.0
Bulgaria,1998,1A2A,ABFLOW016,Oil,,,0.0
Bulgaria,1998,1A2B,ABFLOW018,Coal,,,0.0
Bulgaria,1998,1A2B,ABFLOW018,Natural gas,,,0.0
Bulgaria,1998,1A2B,ABFLOW018,Oil,,,0.0
Bulgaria,1998,1A2C,ABFLOW017,Coal,,,0.0
Bulgaria,1998,1A2C,ABFLOW017,Natural gas,,,0.0
Bulgaria,1998,1A2C,ABFLOW017,Oil,,,0.0
Bulgaria,1998,1A2D,ABFLOW023,Coal,,,0.0
Bulgaria,1998,1A2D,ABFLOW023,Natural gas,,,0.0
Bulgaria,1998,1A2D,ABFLOW023,Oil,,,0.0
Bulgaria,1998,1A2E,ABFLOW022,Coal,,,0.0
Bulgaria,1998,1A2E,ABFLOW022,Natural gas,,,0.0
Bulgaria,1998,1A2E,ABFLOW022,Oil,,,0.0
Bulgaria,1998,1A2F,ABFLOW019,Coal,,,0.0
Bulgaria,1998,1A2F,ABFLOW019,Natural gas,,,0.0
Bulgaria,1998,1A2F,ABFLOW019,Oil,,,0.0
Bulgaria,1998,1A2G,ABFLOW020,Coal,,,0.0
Bulgaria,1998,1A2G,ABFLOW020,Natural gas,,,0.0
Bulgaria,1998,1A2G,ABFLOW020,Oil,,,0.0
Bulgaria,1998,1A2H,ABFLOW021,Coal,,,0.0
Bulgaria,1998,1A2H,ABFLOW021,Natural gas,,,0.0
Bulgaria,1998,1A2H,ABFLOW021,Oil,,,0.0
Bulgaria,1998,1A2I,ABFLOW013,Coal,,,0.0
Bulgaria,1998,1A2I,ABFLOW013,Natural gas,,,0.0
Bulgaria,1998,1A2I,ABFLOW013,Oil,,,0.0
Bulgaria,1998,1A2J,ABFLOW024,Coal,,,0.0
Bulgaria,1998,1A2J,ABFLOW024,Natural gas,,,0.0
Bulgaria,1998,1A2J,ABFLOW024,Oil,,,0.0
Bulgaria,1998,1A2K,ABFLOW014,Coal,,,0.0
Bulgaria,1998,1A2K,ABFLOW014,Natural gas,,,0.0
Bulgaria,1998,1A2K,ABFLOW014,Oil,,,0.0
Bulgaria,1998,1A2L,ABFLOW025,Coal,,,0.0
Bulgaria,1998,1A2L,ABFLOW025,Natural gas,,,0.0
Bulgaria,1998,1A2L,ABFLOW025,Oil,,,0.0
Bulgaria,1998,1A2M,ABFLOW026,Coal,,,0.0
Bulgaria,1998,1A2M,ABFLOW026,Natural gas,,,0.0
Bulgaria,1998,1A2M,ABFLOW026,Oil,,,0.0
Bulgaria,1998,1A3,ABFLOW027,Coal,,,0.0
Bulgaria,1998,1A3,ABFLOW027,Natural gas,,,0.0
Bulgaria,1998,1A3,ABFLOW027,Oil,,,0.0
Bulgaria,1998,1A3A1,ABFLOW040,Coal,,,0.0
Bulgaria,1998,1A3A1,ABFLOW040,Natural gas,,,0.0
Bulgaria,1998,1A3A1,ABFLOW040,Oil,,,0.0
Bulgaria,1998,1A3A2,ABFLOW029,Coal,,,0.0
Bulgaria,1998,1A3A2,ABFLOW029,Natural gas,,,0.0
Bulgaria,1998,1A3A2,ABFLOW029,Oil,,,0.0
Bulgaria,1998,1A3B,ABFLOW028,Coal,,,0.0
Bulgaria,1998,1A3B,ABFLOW028,Natural gas,,,0.0
Bulgaria,1998,1A3B,ABFLOW028,Oil,,,0.0
Bulgaria,1998,1A3C,ABFLOW030,Coal,,,0.0
Bulgaria,1998,1A3C,ABFLOW030,Natural gas,,,0.0
Bulgaria,1998,1A3C,ABFLOW030,Oil,,,0.0
Bulgaria,1998,1A3D1,ABFLOW039,Coal,,,0.0
Bulgaria,1998,1A3D1,ABFLOW039,Natural gas,,,0.0
Bulgaria,1998,1A3D1,ABFLOW039,Oil,,,0.0
Bulgaria,1998,1A3D2,ABFLOW032,Coal,,,0.0
Bulgaria,1998,1A3D2,ABFLOW032,Natural gas,,,0.0
Bulgaria,1998,1A3D2,ABFLOW032,Oil,,,0.0
Bulgaria,1998,1A3E1,ABFLOW033,Coal,,,0.0
Bulgaria,1998,1A3E1,ABFLOW033,Natural gas,,,0.0
Bulgaria,1998,1A3E1,ABFLOW033,Oil,,,0.0
Bulgaria,1998,1A4A,ABFLOW035,Coal,,,0.0
Bulgaria,1998,1A4A,ABFLOW035,Natural gas,,,0.0
Bulgaria,1998,1A4A,ABFLOW035,Oil,,,0.0
Bulgaria,1998,1A4B,ABFLOW034,Coal,,,0.0
Bulgaria,1998,1A4B,ABFLOW034,Natural gas,,,0.0
Bulgaria,1998,1A4B,ABFLOW034,Oil,,,0.0
Bulgaria,1998,1A4C1,ABFLOW036,Coal,,,0.0
Bulgaria,1998,1A4C1,ABFLOW036,Natural gas,,,0.0
Bulgaria,1998,1A4C1,ABFLOW036,Oil,,,0.0
Bulgaria,1998,1A4C2,ABFLOW037,Coal,,,0.0
Bulgaria,1998,1A4C2,ABFLOW037,Natural gas,,,0.0
Bulgaria,1998,1A4C2,ABFLOW037,Oil,,,0.0
Bulgaria,1998,1A5,ABFLOW038,Coal,,,0.0
Bulgaria,1998,1A5,ABFLOW038,Natural gas,,,0.0
Bulgaria,1998,1A5,ABFLOW038,Oil,,,0.0
Bulgaria,1999,1A,ABFLOW001,Coal,,,0.0
Bulgaria,1999,1A,ABFLOW001,Natural gas,,,0.0
Bulgaria,1999,1A,ABFLOW001,Oil,,,0.0
Bulgaria,1999,1A1A,ABFLOW002,Coal,,,0.0
Bulgaria,1999,1A1A,ABFLOW002,Natural gas,,,0.0
Bulgaria,1999,1A1A,ABFLOW002,Oil,,,0.0
Bulgaria,1999,1A1A1,ABFLOW003,Coal,,,0.0
Bulgaria,1999,1A1A1,ABFLOW003,Natural gas,,,0.0
Bulgaria,1999,1A1A1,ABFLOW003,Oil,,,0.0
Bulgaria,1999,1A1A2,ABFLOW004,Coal,,,0.0
Bulgaria,1999,1A1A2,ABFLOW004,Natural gas,,,0.0
Bulgaria,1999,1A1A2,ABFLOW004,Oil,,,0.0
Bulgaria,1999,1A1A3,ABFLOW005,Coal,,,0.0
Bulgaria,1999,1A1A3,ABFLOW005,Natural gas,,,0.0
Bulgaria,1999,1A1A3,ABFLOW005,Oil,,,0.0
Bulgaria,1999,1A1B,ABFLOW011,Coal,,,0.0
Bulgaria,1999,1A1B,ABFLOW011,Natural gas,,,0.0
Bulgaria,1999,1A1B,ABFLOW011,Oil,,,0.0
Bulgaria,1999,1A1C,ABFLOW011,Coal,,,0.0
Bulgaria,1999,1A1C,ABFLOW011,Natural gas,,,0.0
Bulgaria,1999,1A1C,ABFLOW011,Oil,,,0.0
Bulgaria,1999,1A2,ABFLOW012,Coal,,,0.0
Bulgaria,1999,1A2,ABFLOW012,Natural gas,,,0.0
Bulgaria,1999,1A2,ABFLOW012,Oil,,,0.0
Bulgaria,1999,1A2A,ABFLOW016,Coal,,,0.0
Bulgaria,1999,1A2A,ABFLOW016,Natural gas,,,0.0
Bulgaria,1999,1A2A,ABFLOW016,Oil,,,0.0
Bulgaria,1999,1A2B,ABFLOW018,Coal,,,0.0
Bulgaria,1999,1A2B,ABFLOW018,Natural gas,,,0.0
Bulgaria,1999,1A2B,ABFLOW018,Oil,,,0.0
Bulgaria,1999,1A2C,ABFLOW017,Coal,,,0.0
Bulgaria,1999,1A2C,ABFLOW017,Natural gas,,,0.0
Bulgaria,1999,1A2C,ABFLOW017,Oil,,,0.0
Bulgaria,1999,1A2D,ABFLOW023,Coal,,,0.0
Bulgaria,1999,1A2D,ABFLOW023,Natural gas,,,0.0
Bulgaria,1999,1A2D,ABFLOW023,Oil,,,0.0
Bulgaria,1999,1A2E,ABFLOW022,Coal,,,0.0
Bulgaria,1999,1A2E,ABFLOW022,Natural gas,,,0.0
Bulgaria,1999,1A2E,ABFLOW022,Oil,,,0.0
Bulgaria,1999,1A2F,ABFLOW019,Coal,,,0.0
Bulgaria,1999,1A2F,ABFLOW019,Natural gas,,,0.0
Bulgaria,1999,1A2F,ABFLOW019,Oil,,,0.0
Bulgaria,1999,1A2G,ABFLOW020,Coal,,,0.0
Bulgaria,1999,1A2G,ABFLOW020,Natural gas,,,0.0
Bulgaria,1999,1A2G,ABFLOW020,Oil,,,0.0
Bulgaria,1999,1A2H,ABFLOW021,Coal,,,0.0
Bulgaria,1999,1A2H,ABFLOW021,Natural gas,,,0.0
Bulgaria,1999,1A2H,ABFLOW021,Oil,,,0.0
Bulgaria,1999,1A2I,ABFLOW013,Coal,,,0.0
Bulgaria,1999,1A2I,ABFLOW013,Natural gas,,,0.0
Bulgaria,1999,1A2I,ABFLOW013,Oil,,,0.0
Bulgaria,1999,1A2J,ABFLOW024,Coal,,,0.0
Bulgaria,1999,1A2J,ABFLOW024,Natural gas,,,0.0
Bulgaria,1999,1A2J,ABFLOW024,Oil,,,0.0
Bulgaria,1999,1A2K,ABFLOW014,Coal,,,0.0
Bulgaria,1999,1A2K,ABFLOW014,Natural gas,,,0.0
Bulgaria,1999,1A2K,ABFLOW014,Oil,,,0.0
Bulgaria,1999,1A2L,ABFLOW025,Coal,,,0.0
Bulgaria,1999,1A2L,ABFLOW025,Natural gas,,,0.0
Bulgaria,1999,1A2L,ABFLOW025,Oil,,,0.0
Bulgaria,1999,1A2M,ABFLOW026,Coal,,,0.0
Bulgaria,1999,1A2M,ABFLOW026,Natural gas,,,0.0
Bulgaria,1999,1A2M,ABFLOW026,Oil,,,0.0
Bulgaria,1999,1A3,ABFLOW027,Coal,,,0.0
Bulgaria,1999,1A3,ABFLOW027,Natural gas,,,0.0
Bulgaria,1999,1A3,ABFLOW027,Oil,,,0.0
Bulgaria,1999,1A3A1,ABFLOW040,Coal,,,0.0
Bulgaria,1999,1A3A1,ABFLOW040,Natural gas,,,0.0
Bulgaria,1999,1A3A1,ABFLOW040,Oil,,,0.0
Bulgaria,1999,1A3A2,ABFLOW029,Coal,,,0.0
Bulgaria,1999,1A3A2,ABFLOW029,Natural gas,,,0.0
Bulgaria,1999,1A3A2,ABFLOW029,Oil,,,0.0
Bulgaria,1999,1A3B,ABFLOW028,Coal,,,0.0
Bulgaria,1999,1A3B,ABFLOW028,Natural gas,,,0.0
Bulgaria,1999,1A3B,ABFLOW028,Oil,,,0.0
Bulgaria,1999,1A3C,ABFLOW030,Coal,,,0.0
Bulgaria,1999,1A3C,ABFLOW030,Natural gas,,,0.0
Bulgaria,1999,1A3C,ABFLOW030,Oil,,,0.0
Bulgaria,1999,1A3D1,ABFLOW039,Coal,,,0.0
Bulgaria,1999,1A3D1,ABFLOW039,Natural gas,,,0.0
Bulgaria,1999,1A3D1,ABFLOW039,Oil,,,0.0
Bulgaria,1999,1A3D2,ABFLOW032,Coal,,,0.0
Bulgaria,1999,1A3D2,ABFLOW032,Natural gas,,,0.0
Bulgaria,1999,1A3D2,ABFLOW032,Oil,,,0.0
Bulgaria,1999,1A3E1,ABFLOW033,Coal,,,0.0
Bulgaria,1999,1A3E1,ABFLOW033,Natural gas,,,0.0
Bulgaria,1999,1A3E1,ABFLOW033,Oil,,,0.0
Bulgaria,1999,1A4A,ABFLOW035,Coal,,,0.0
Bulgaria,1999,1A4A,ABFLOW035,Natural gas,,,0.0
Bulgaria,1999,1A4A,ABFLOW035,Oil,,,0.0
Bulgaria,1999,1A4B,ABFLOW034,Coal,,,0.0
Bulgaria,1999,1A4B,ABFLOW034,Natural gas,,,0.0
Bulgaria,1999,1A4B,ABFLOW034,Oil,,,0.0
Bulgaria,1999,1A4C1,ABFLOW036,Coal,,,0.0
Bulgaria,1999,1A4C1,ABFLOW036,Natural gas,,,0.0
Bulgaria,1999,1A4C1,ABFLOW036,Oil,,,0.0
Bulgaria,1999,1A4C2,ABFLOW037,Coal,,,0.0
Bulgaria,1999,1A4C2,ABFLOW037,Natural gas,,,0.0
Bulgaria,1999,1A4C2,ABFLOW037,Oil,,,0.0
Bulgaria,1999,1A5,ABFLOW038,Coal,,,0.0
Bulgaria,1999,1A5,ABFLOW038,Natural gas,,,0.0
Bulgaria,1999,1A5,ABFLOW038,Oil,,,0.0
Bulgaria,2000,1A,ABFLOW001,Coal,,,0.0
Bulgaria,2000,1A,ABFLOW001,Natural gas,,,0.0
Bulgaria,2000,1A,ABFLOW001,Oil,,,0.0
Bulgaria,2000,1A1A,ABFLOW002,Coal,,,0.0
Bulgaria,2000,1A1A,ABFLOW002,Natural gas,,,0.0
Bulgaria,2000,1A1A,ABFLOW002,Oil,,,0.0
Bulgaria,2000,1A1A1,ABFLOW003,Coal,,,0.0
Bulgaria,2000,1A1A1,ABFLOW003,Natural gas,,,0.0
Bulgaria,2000,1A1A1,ABFLOW003,Oil,,,0.0
Bulgaria,2000,1A1A2,ABFLOW004,Coal,,,0.0
Bulgaria,2000,1A1A2,ABFLOW004,Natural gas,,,0.0
Bulgaria,2000,1A1A2,ABFLOW004,Oil,,,0.0
Bulgaria,2000,1A1A3,ABFLOW005,Coal,,,0.0
Bulgaria,2000,1A1A3,ABFLOW005,Natural gas,,,0.0
Bulgaria,2000,1A1A3,ABFLOW005,Oil,,,0.0
Bulgaria,2000,1A1B,ABFLOW011,Coal,,,0.0
Bulgaria,2000,1A1B,ABFLOW011,Natural gas,,,0.0
Bulgaria,2000,1A1B,ABFLOW011,Oil,,,0.0
Bulgaria,2000,1A1C,ABFLOW011,Coal,,,0.0
Bulgaria,2000,1A1C,ABFLOW011,Natural gas,,,0.0
Bulgaria,2000,1A1C,ABFLOW011,Oil,,,0.0
Bulgaria,2000,1A2,ABFLOW012,Coal,,,0.0
Bulgaria,2000,1A2,ABFLOW012,Natural gas,,,0.0
Bulgaria,2000,1A2,ABFLOW012,Oil,,,0.0
Bulgaria,2000,1A2A,ABFLOW016,Coal,,,0.0
Bulgaria,2000,1A2A,ABFLOW016,Natural gas,,,0.0
Bulgaria,2000,1A2A,ABFLOW016,Oil,,,0.0
Bulgaria,2000,1A2B,ABFLOW018,Coal,,,0.0
Bulgaria,2000,1A2B,ABFLOW018,Natural gas,,,0.0
Bulgaria,2000,1A2B,ABFLOW018,Oil,,,0.0
Bulgaria,2000,1A2C,ABFLOW017,Coal,,,0.0
Bulgaria,2000,1A2C,ABFLOW017,Natural gas,,,0.0
Bulgaria,2000,1A2C,ABFLOW017,Oil,,,0.0
Bulgaria,2000,1A2D,ABFLOW023,Coal,,,0.0
Bulgaria,2000,1A2D,ABFLOW023,Natural gas,,,0.0
Bulgaria,2000,1A2D,ABFLOW023,Oil,,,0.0
Bulgaria,2000,1A2E,ABFLOW022,Coal,,,0.0
Bulgaria,2000,1A2E,ABFLOW022,Natural gas,,,0.0
Bulgaria,2000,1A2E,ABFLOW022,Oil,,,0.0
Bulgaria,2000,1A2F,ABFLOW019,Coal,,,0.0
Bulgaria,2000,1A2F,ABFLOW019,Natural gas,,,0.0
Bulgaria,2000,1A2F,ABFLOW019,Oil,,,0.0
Bulgaria,2000,1A2G,ABFLOW020,Coal,,,0.0
Bulgaria,2000,1A2G,ABFLOW020,Natural gas,,,0.0
Bulgaria,2000,1A2G,ABFLOW020,Oil,,,0.0
Bulgaria,2000,1A2H,ABFLOW021,Coal,,,0.0
Bulgaria,2000,1A2H,ABFLOW021,Natural gas,,,0.0
Bulgaria,2000,1A2H,ABFLOW021,Oil,,,0.0
Bulgaria,2000,1A2I,ABFLOW013,Coal,,,0.0
Bulgaria,2000,1A2I,ABFLOW013,Natural gas,,,0.0
Bulgaria,2000,1A2I,ABFLOW013,Oil,,,0.0
Bulgaria,2000,1A2J,ABFLOW024,Coal,,,0.0
Bulgaria,2000,1A2J,ABFLOW024,Natural gas,,,0.0
Bulgaria,2000,1A2J,ABFLOW024,Oil,,,0.0
Bulgaria,2000,1A2K,ABFLOW014,Coal,,,0.0
Bulgaria,2000,1A2K,ABFLOW014,Natural gas,,,0.0
Bulgaria,2000,1A2K,ABFLOW014,Oil,,,0.0
Bulgaria,2000,1A2L,ABFLOW025,Coal,,,0.0
Bulgaria,2000,1A2L,ABFLOW025,Natural gas,,,0.0
Bulgaria,2000,1A2L,ABFLOW025,Oil,,,0.0
Bulgaria,2000,1A2M,ABFLOW026,Coal,,,0.0
Bulgaria,2000,1A2M,ABFLOW026,Natural gas,,,0.0
Bulgaria,2000,1A2M,ABFLOW026,Oil,,,0.0
Bulgaria,2000,1A3,ABFLOW027,Coal,,,0.0
Bulgaria,2000,1A3,ABFLOW027,Natural gas,,,0.0
Bulgaria,2000,1A3,ABFLOW027,Oil,,,0.0
Bulgaria,2000,1A3A1,ABFLOW040,Coal,,,0.0
Bulgaria,2000,1A3A1,ABFLOW040,Natural gas,,,0.0
Bulgaria,2000,1A3A1,ABFLOW040,Oil,,,0.0
Bulgaria,2000,1A3A2,ABFLOW029,Coal,,,0.0
Bulgaria,2000,1A3A2,ABFLOW029,Natural gas,,,0.0
Bulgaria,2000,1A3A2,ABFLOW029,Oil,,,0.0
Bulgaria,2000,1A3B,ABFLOW028,Coal,,,0.0
Bulgaria,2000,1A3B,ABFLOW028,Natural gas,,,0.0
Bulgaria,2000,1A3B,ABFLOW028,Oil,,,0.0
Bulgaria,2000,1A3C,ABFLOW030,Coal,,,0.0
Bulgaria,2000,1A3C,ABFLOW030,Natural gas,,,0.0
Bulgaria,2000,1A3C,ABFLOW030,Oil,,,0.0
Bulgaria,2000,1A3D1,ABFLOW039,Coal,,,0.0
Bulgaria,2000,1A3D1,ABFLOW039,Natural gas,,,0.0
Bulgaria,2000,1A3D1,ABFLOW039,Oil,,,0.0
Bulgaria,2000,1A3D2,ABFLOW032,Coal,,,0.0
Bulgaria,2000,1A3D2,ABFLOW032,Natural gas,,,0.0
Bulgaria,2000,1A3D2,ABFLOW032,Oil,,,0.0
Bulgaria,2000,1A3E1,ABFLOW033,Coal,,,0.0
Bulgaria,2000,1A3E1,ABFLOW033,Natural gas,,,0.0
Bulgaria,2000,1A3E1,ABFLOW033,Oil,,,0.0
Bulgaria,2000,1A4A,ABFLOW035,Coal,,,0.0
Bulgaria,2000,1A4A,ABFLOW035,Natural gas,,,0.0
Bulgaria,2000,1A4A,ABFLOW035,Oil,,,0.0
Bulgaria,2000,1A4B,ABFLOW034,Coal,,,0.0
Bulgaria,2000,1A4B,ABFLOW034,Natural gas,,,0.0
Bulgaria,2000,1A4B,ABFLOW034,Oil,,,0.0
Bulgaria,2000,1A4C1,ABFLOW036,Coal,,,0.0
Bulgaria,2000,1A4C1,ABFLOW036,Natural gas,,,0.0
Bulgaria,2000,1A4C1,ABFLOW036,Oil,,,0.0
Bulgaria,2000,1A4C2,ABFLOW037,Coal,,,0.0
Bulgaria,2000,1A4C2,ABFLOW037,Natural gas,,,0.0
Bulgaria,2000,1A4C2,ABFLOW037,Oil,,,0.0
Bulgaria,2000,1A5,ABFLOW038,Coal,,,0.0
Bulgaria,2000,1A5,ABFLOW038,Natural gas,,,0.0
Bulgaria,2000,1A5,ABFLOW038,Oil,,,0.0
Bulgaria,2001,1A,ABFLOW001,Coal,,,0.0
Bulgaria,2001,1A,ABFLOW001,Natural gas,,,0.0
Bulgaria,2001,1A,ABFLOW001,Oil,,,0.0
Bulgaria,2001,1A1A,ABFLOW002,Coal,,,0.0
Bulgaria,2001,1A1A,ABFLOW002,Natural gas,,,0.0
Bulgaria,2001,1A1A,ABFLOW002,Oil,,,0.0
Bulgaria,2001,1A1A1,ABFLOW003,Coal,,,0.0
Bulgaria,2001,1A1A1,ABFLOW003,Natural gas,,,0.0
Bulgaria,2001,1A1A1,ABFLOW003,Oil,,,0.0
Bulgaria,2001,1A1A2,ABFLOW004,Coal,,,0.0
Bulgaria,2001,1A1A2,ABFLOW004,Natural gas,,,0.0
Bulgaria,2001,1A1A2,ABFLOW004,Oil,,,0.0
Bulgaria,2001,1A1A3,ABFLOW005,Coal,,,0.0
Bulgaria,2001,1A1A3,ABFLOW005,Natural gas,,,0.0
Bulgaria,2001,1A1A3,ABFLOW005,Oil,,,0.0
Bulgaria,2001,1A1B,ABFLOW011,Coal,,,0.0
Bulgaria,2001,1A1B,ABFLOW011,Natural gas,,,0.0
Bulgaria,2001,1A1B,ABFLOW011,Oil,,,0.0
Bulgaria,2001,1A1C,ABFLOW011,Coal,,,0.0
Bulgaria,2001,1A1C,ABFLOW011,Natural gas,,,0.0
Bulgaria,2001,1A1C,ABFLOW011,Oil,,,0.0
Bulgaria,2001,1A2,ABFLOW012,Coal,,,0.0
Bulgaria,2001,1A2,ABFLOW012,Natural gas,,,0.0
Bulgaria,2001,1A2,ABFLOW012,Oil,,,0.0
Bulgaria,2001,1A2A,ABFLOW016,Coal,,,0.0
Bulgaria,2001,1A2A,ABFLOW016,Natural gas,,,0.0
Bulgaria,2001,1A2A,ABFLOW016,Oil,,,0.0
Bulgaria,2001,1A2B,ABFLOW018,Coal,,,0.0
Bulgaria,2001,1A2B,ABFLOW018,Natural gas,,,0.0
Bulgaria,2001,1A2B,ABFLOW018,Oil,,,0.0
Bulgaria,2001,1A2C,ABFLOW017,Coal,,,0.0
Bulgaria,2001,1A2C,ABFLOW017,Natural gas,,,0.0
Bulgaria,2001,1A2C,ABFLOW017,Oil,,,0.0
Bulgaria,2001,1A2D,ABFLOW023,Coal,,,0.0
Bulgaria,2001,1A2D,ABFLOW023,Natural gas,,,0.0
Bulgaria,2001,1A2D,ABFLOW023,Oil,,,0.0
Bulgaria,2001,1A2E,ABFLOW022,Coal,,,0.0
Bulgaria,2001,1A2E,ABFLOW022,Natural gas,,,0.0
Bulgaria,2001,1A2E,ABFLOW022,Oil,,,0.0
Bulgaria,2001,1A2F,ABFLOW019,Coal,,,0.0
Bulgaria,2001,1A2F,ABFLOW019,Natural gas,,,0.0
Bulgaria,2001,1A2F,ABFLOW019,Oil,,,0.0
Bulgaria,2001,1A2G,ABFLOW020,Coal,,,0.0
Bulgaria,2001,1A2G,ABFLOW020,Natural gas,,,0.0
Bulgaria,2001,1A2G,ABFLOW020,Oil,,,0.0
Bulgaria,2001,1A2H,ABFLOW021,Coal,,,0.0
Bulgaria,2001,1A2H,ABFLOW021,Natural gas,,,0.0
Bulgaria,2001,1A2H,ABFLOW021,Oil,,,0.0
Bulgaria,2001,1A2I,ABFLOW013,Coal,,,0.0
Bulgaria,2001,1A2I,ABFLOW013,Natural gas,,,0.0
Bulgaria,2001,1A2I,ABFLOW013,Oil,,,0.0
Bulgaria,2001,1A2J,ABFLOW024,Coal,,,0.0
Bulgaria,2001,1A2J,ABFLOW024,Natural gas,,,0.0
Bulgaria,2001,1A2J,ABFLOW024,Oil,,,0.0
Bulgaria,2001,1A2K,ABFLOW014,Coal,,,0.0
Bulgaria,2001,1A2K,ABFLOW014,Natural gas,,,0.0
Bulgaria,2001,1A2K,ABFLOW014,Oil,,,0.0
Bulgaria,2001,1A2L,ABFLOW025,Coal,,,0.0
Bulgaria,2001,1A2L,ABFLOW025,Natural gas,,,0.0
Bulgaria,2001,1A2L,ABFLOW025,Oil,,,0.0
Bulgaria,2001,1A2M,ABFLOW026,Coal,,,0.0
Bulgaria,2001,1A2M,ABFLOW026,Natural gas,,,0.0
Bulgaria,2001,1A2M,ABFLOW026,Oil,,,0.0
Bulgaria,2001,1A3,ABFLOW027,Coal,,,0.0
Bulgaria,2001,1A3,ABFLOW027,Natural gas,,,0.0
Bulgaria,2001,1A3,ABFLOW027,Oil,,,0.0
Bulgaria,2001,1A3A1,ABFLOW040,Coal,,,0.0
Bulgaria,2001,1A3A1,ABFLOW040,Natural gas,,,0.0
Bulgaria,2001,1A3A1,ABFLOW040,Oil,,,0.0
Bulgaria,2001,1A3A2,ABFLOW029,Coal,,,0.0
Bulgaria,2001,1A3A2,ABFLOW029,Natural gas,,,0.0
Bulgaria,2001,1A3A2,ABFLOW029,Oil,,,0.0
Bulgaria,2001,1A3B,ABFLOW028,Coal,,,0.0
Bulgaria,2001,1A3B,ABFLOW028,Natural gas,,,0.0
Bulgaria,2001,1A3B,ABFLOW028,Oil,,,0.0
Bulgaria,2001,1A3C,ABFLOW030,Coal,,,0.0
Bulgaria,2001,1A3C,ABFLOW030,Natural gas,,,0.0
Bulgaria,2001,1A3C,ABFLOW030,Oil,,,0.0
Bulgaria,2001,1A3D1,ABFLOW039,Coal,,,0.0
Bulgaria,2001,1A3D1,ABFLOW039,Natural gas,,,0.0
Bulgaria,2001,1A3D1,ABFLOW039,Oil,,,0.0
Bulgaria,2001,1A3D2,ABFLOW032,Coal,,,0.0
Bulgaria,2001,1A3D2,ABFLOW032,Natural gas,,,0.0
Bulgaria,2001,1A3D2,ABFLOW032,Oil,,,0.0
Bulgaria,2001,1A3E1,ABFLOW033,Coal,,,0.0
Bulgaria,2001,1A3E1,ABFLOW033,Natural gas,,,0.0
Bulgaria,2001,1A3E1,ABFLOW033,Oil,,,0.0
Bulgaria,2001,1A4A,ABFLOW035,Coal,,,0.0
Bulgaria,2001,1A4A,ABFLOW035,Natural gas,,,0.0
Bulgaria,2001,1A4A,ABFLOW035,Oil,,,0.0
Bulgaria,2001,1A4B,ABFLOW034,Coal,,,0.0
Bulgaria,2001,1A4B,ABFLOW034,Natural gas,,,0.0
Bulgaria,2001,1A4B,ABFLOW034,Oil,,,0.0
Bulgaria,2001,1A4C1,ABFLOW036,Coal,,,0.0
Bulgaria,2001,1A4C1,ABFLOW036,Natural gas,,,0.0
Bulgaria,2001,1A4C1,ABFLOW036,Oil,,,0.0
Bulgaria,2001,1A4C2,ABFLOW037,Coal,,,0.0
Bulgaria,2001,1A4C2,ABFLOW037,Natural gas,,,0.0
Bulgaria,2001,1A4C2,ABFLOW037,Oil,,,0.0
Bulgaria,2001,1A5,ABFLOW038,Coal,,,0.0
Bulgaria,2001,1A5,ABFLOW038,Natural gas,,,0.0
Bulgaria,2001,1A5,ABFLOW038,Oil,,,0.0
Bulgaria,2002,1A,ABFLOW001,Coal,,,0.0
Bulgaria,2002,1A,ABFLOW001,Natural gas,,,0.0
Bulgaria,2002,1A,ABFLOW001,Oil,,,0.0
Bulgaria,2002,1A1A,ABFLOW002,Coal,,,0.0
Bulgaria,2002,1A1A,ABFLOW002,Natural gas,,,0.0
Bulgaria,2002,1A1A,ABFLOW002,Oil,,,0.0
Bulgaria,2002,1A1A1,ABFLOW003,Coal,,,0.0
Bulgaria,2002,1A1A1,ABFLOW003,Natural gas,,,0.0
Bulgaria,2002,1A1A1,ABFLOW003,Oil,,,0.0
Bulgaria,2002,1A1A2,ABFLOW004,Coal,,,0.0
Bulgaria,2002,1A1A2,ABFLOW004,Natural gas,,,0.0
Bulgaria,2002,1A1A2,ABFLOW004,Oil,,,0.0
Bulgaria,2002,1A1A3,ABFLOW005,Coal,,,0.0
Bulgaria,2002,1A1A3,ABFLOW005,Natural gas,,,0.0
Bulgaria,2002,1A1A3,ABFLOW005,Oil,,,0.0
Bulgaria,2002,1A1B,ABFLOW011,Coal,,,0.0
Bulgaria,2002,1A1B,ABFLOW011,Natural gas,,,0.0
Bulgaria,2002,1A1B,ABFLOW011,Oil,,,0.0
Bulgaria,2002,1A1C,ABFLOW011,Coal,,,0.0
Bulgaria,2002,1A1C,ABFLOW011,Natural gas,,,0.0
Bulgaria,2002,1A1C,ABFLOW011,Oil,,,0.0
Bulgaria,2002,1A2,ABFLOW012,Coal,,,0.0
Bulgaria,2002,1A2,ABFLOW012,Natural gas,,,0.0
Bulgaria,2002,1A2,ABFLOW012,Oil,,,0.0
Bulgaria,2002,1A2A,ABFLOW016,Coal,,,0.0
Bulgaria,2002,1A2A,ABFLOW016,Natural gas,,,0.0
Bulgaria,2002,1A2A,ABFLOW016,Oil,,,0.0
Bulgaria,2002,1A2B,ABFLOW018,Coal,,,0.0
Bulgaria,2002,1A2B,ABFLOW018,Natural gas,,,0.0
Bulgaria,2002,1A2B,ABFLOW018,Oil,,,0.0
Bulgaria,2002,1A2C,ABFLOW017,Coal,,,0.0
Bulgaria,2002,1A2C,ABFLOW017,Natural gas,,,0.0
Bulgaria,2002,1A2C,ABFLOW017,Oil,,,0.0
Bulgaria,2002,1A2D,ABFLOW023,Coal,,,0.0
Bulgaria,2002,1A2D,ABFLOW023,Natural gas,,,0.0
Bulgaria,2002,1A2D,ABFLOW023,Oil,,,0.0
Bulgaria,2002,1A2E,ABFLOW022,Coal,,,0.0
Bulgaria,2002,1A2E,ABFLOW022,Natural gas,,,0.0
Bulgaria,2002,1A2E,ABFLOW022,Oil,,,0.0
Bulgaria,2002,1A2F,ABFLOW019,Coal,,,0.0
Bulgaria,2002,1A2F,ABFLOW019,Natural gas,,,0.0
Bulgaria,2002,1A2F,ABFLOW019,Oil,,,0.0
Bulgaria,2002,1A2G,ABFLOW020,Coal,,,0.0
Bulgaria,2002,1A2G,ABFLOW020,Natural gas,,,0.0
Bulgaria,2002,1A2G,ABFLOW020,Oil,,,0.0
Bulgaria,2002,1A2H,ABFLOW021,Coal,,,0.0
Bulgaria,2002,1A2H,ABFLOW021,Natural gas,,,0.0
Bulgaria,2002,1A2H,ABFLOW021,Oil,,,0.0
Bulgaria,2002,1A2I,ABFLOW013,Coal,,,0.0
Bulgaria,2002,1A2I,ABFLOW013,Natural gas,,,0.0
Bulgaria,2002,1A2I,ABFLOW013,Oil,,,0.0
Bulgaria,2002,1A2J,ABFLOW024,Coal,,,0.0
Bulgaria,2002,1A2J,ABFLOW024,Natural gas,,,0.0
Bulgaria,2002,1A2J,ABFLOW024,Oil,,,0.0
Bulgaria,2002,1A2K,ABFLOW014,Coal,,,0.0
Bulgaria,2002,1A2K,ABFLOW014,Natural gas,,,0.0
Bulgaria,2002,1A2K,ABFLOW014,Oil,,,0.0
Bulgaria,2002,1A2L,ABFLOW025,Coal,,,0.0
Bulgaria,2002,1A2L,ABFLOW025,Natural gas,,,0.0
Bulgaria,2002,1A2L,ABFLOW025,Oil,,,0.0
Bulgaria,2002,1A2M,ABFLOW026,Coal,,,0.0
Bulgaria,2002,1A2M,ABFLOW026,Natural gas,,,0.0
Bulgaria,2002,1A2M,ABFLOW026,Oil,,,0.0
Bulgaria,2002,1A3,ABFLOW027,Coal,,,0.0
Bulgaria,2002,1A3,ABFLOW027,Natural gas,,,0.0
Bulgaria,2002,1A3,ABFLOW027,Oil,,,0.0
Bulgaria,2002,1A3A1,ABFLOW040,Coal,,,0.0
Bulgaria,2002,1A3A1,ABFLOW040,Natural gas,,,0.0
Bulgaria,2002,1A3A1,ABFLOW040,Oil,,,0.0
Bulgaria,2002,1A3A2,ABFLOW029,Coal,,,0.0
Bulgaria,2002,1A3A2,ABFLOW029,Natural gas,,,0.0
Bulgaria,2002,1A3A2,ABFLOW029,Oil,,,0.0
Bulgaria,2002,1A3B,ABFLOW028,Coal,,,0.0
Bulgaria,2002,1A3B,ABFLOW028,Natural gas,,,0.0
Bulgaria,2002,1A3B,ABFLOW028,Oil,,,0.0
Bulgaria,2002,1A3C,ABFLOW030,Coal,,,0.0
Bulgaria,2002,1A3C,ABFLOW030,Natural gas,,,0.0
Bulgaria,2002,1A3C,ABFLOW030,Oil,,,0.0
Bulgaria,2002,1A3D1,ABFLOW039,Coal,,,0.0
Bulgaria,2002,1A3D1,ABFLOW039,Natural gas,,,0.0
Bulgaria,2002,1A3D1,ABFLOW039,Oil,,,0.0
Bulgaria,2002,1A3D2,ABFLOW032,Coal,,,0.0
Bulgaria,2002,1A3D2,ABFLOW032,Natural gas,,,0.0
Bulgaria,2002,1A3D2,ABFLOW032,Oil,,,0.0
Bulgaria,2002,1A3E1,ABFLOW033,Coal,,,0.0
Bulgaria,2002,1A3E1,ABFLOW033,Natural gas,,,0.0
Bulgaria,2002,1A3E1,ABFLOW033,Oil,,,0.0
Bulgaria,2002,1A4A,ABFLOW035,Coal,,,0.0
Bulgaria,2002,1A4A,ABFLOW035,Natural gas,,,0.0
Bulgaria,2002,1A4A,ABFLOW035,Oil,,,0.0
Bulgaria,2002,1A4B,ABFLOW034,Coal,,,0.0
Bulgaria,2002,1A4B,ABFLOW034,Natural gas,,,0.0
Bulgaria,2002,1A4B,ABFLOW034,Oil,,,0.0
Bulgaria,2002,1A4C1,ABFLOW036,Coal,,,0.0
Bulgaria,2002,1A4C1,ABFLOW036,Natural gas,,,0.0
Bulgaria,2002,1A4C1,ABFLOW036,Oil,,,0.0
Bulgaria,2002,1A4C2,ABFLOW037,Coal,,,0.0
Bulgaria,2002,1A4C2,ABFLOW037,Natural gas,,,0.0
Bulgaria,2002,1A4C2,ABFLOW037,Oil,,,0.0
Bulgaria,2002,1A5,ABFLOW038,Coal,,,0.0
Bulgaria,2002,1A5,ABFLOW038,Natural gas,,,0.0
Bulgaria,2002,1A5,ABFLOW038,Oil,,,0.0
Bulgaria,2003,1A,ABFLOW001,Coal,,,0.0
Bulgaria,2003,1A,ABFLOW001,Natural gas,,,0.0
Bulgaria,2003,1A,ABFLOW001,Oil,,,0.0
Bulgaria,2003,1A1A,ABFLOW002,Coal,,,0.0
Bulgaria,2003,1A1A,ABFLOW002,Natural gas,,,0.0
Bulgaria,2003,1A1A,ABFLOW002,Oil,,,0.0
Bulgaria,2003,1A1A1,ABFLOW003,Coal,,,0.0
Bulgaria,2003,1A1A1,ABFLOW003,Natural gas,,,0.0
Bulgaria,2003,1A1A1,ABFLOW003,Oil,,,0.0
Bulgaria,2003,1A1A2,ABFLOW004,Coal,,,0.0
Bulgaria,2003,1A1A2,ABFLOW004,Natural gas,,,0.0
Bulgaria,2003,1A1A2,ABFLOW004,Oil,,,0.0
Bulgaria,2003,1A1A3,ABFLOW005,Coal,,,0.0
Bulgaria,2003,1A1A3,ABFLOW005,Natural gas,,,0.0
Bulgaria,2003,1A1A3,ABFLOW005,Oil,,,0.0
Bulgaria,2003,1A1B,ABFLOW011,Coal,,,0.0
Bulgaria,2003,1A1B,ABFLOW011,Natural gas,,,0.0
Bulgaria,2003,1A1B,ABFLOW011,Oil,,,0.0
Bulgaria,2003,1A1C,ABFLOW011,Coal,,,0.0
Bulgaria,2003,1A1C,ABFLOW011,Natural gas,,,0.0
Bulgaria,2003,1A1C,ABFLOW011,Oil,,,0.0
Bulgaria,2003,1A2,ABFLOW012,Coal,,,0.0
Bulgaria,2003,1A2,ABFLOW012,Natural gas,,,0.0
Bulgaria,2003,1A2,ABFLOW012,Oil,,,0.0
Bulgaria,2003,1A2A,ABFLOW016,Coal,,,0.0
Bulgaria,2003,1A2A,ABFLOW016,Natural gas,,,0.0
Bulgaria,2003,1A2A,ABFLOW016,Oil,,,0.0
Bulgaria,2003,1A2B,ABFLOW018,Coal,,,0.0
Bulgaria,2003,1A2B,ABFLOW018,Natural gas,,,0.0
Bulgaria,2003,1A2B,ABFLOW018,Oil,,,0.0
Bulgaria,2003,1A2C,ABFLOW017,Coal,,,0.0
Bulgaria,2003,1A2C,ABFLOW017,Natural gas,,,0.0
Bulgaria,2003,1A2C,ABFLOW017,Oil,,,0.0
Bulgaria,2003,1A2D,ABFLOW023,Coal,,,0.0
Bulgaria,2003,1A2D,ABFLOW023,Natural gas,,,0.0
Bulgaria,2003,1A2D,ABFLOW023,Oil,,,0.0
Bulgaria,2003,1A2E,ABFLOW022,Coal,,,0.0
Bulgaria,2003,1A2E,ABFLOW022,Natural gas,,,0.0
Bulgaria,2003,1A2E,ABFLOW022,Oil,,,0.0
Bulgaria,2003,1A2F,ABFLOW019,Coal,,,0.0
Bulgaria,2003,1A2F,ABFLOW019,Natural gas,,,0.0
Bulgaria,2003,1A2F,ABFLOW019,Oil,,,0.0
Bulgaria,2003,1A2G,ABFLOW020,Coal,,,0.0
Bulgaria,2003,1A2G,ABFLOW020,Natural gas,,,0.0
Bulgaria,2003,1A2G,ABFLOW020,Oil,,,0.0
Bulgaria,2003,1A2H,ABFLOW021,Coal,,,0.0
Bulgaria,2003,1A2H,ABFLOW021,Natural gas,,,0.0
Bulgaria,2003,1A2H,ABFLOW021,Oil,,,0.0
Bulgaria,2003,1A2I,ABFLOW013,Coal,,,0.0
Bulgaria,2003,1A2I,ABFLOW013,Natural gas,,,0.0
Bulgaria,2003,1A2I,ABFLOW013,Oil,,,0.0
Bulgaria,2003,1A2J,ABFLOW024,Coal,,,0.0
Bulgaria,2003,1A2J,ABFLOW024,Natural gas,,,0.0
Bulgaria,2003,1A2J,ABFLOW024,Oil,,,0.0
Bulgaria,2003,1A2K,ABFLOW014,Coal,,,0.0
Bulgaria,2003,1A2K,ABFLOW014,Natural gas,,,0.0
Bulgaria,2003,1A2K,ABFLOW014,Oil,,,0.0
Bulgaria,2003,1A2L,ABFLOW025,Coal,,,0.0
Bulgaria,2003,1A2L,ABFLOW025,Natural gas,,,0.0
Bulgaria,2003,1A2L,ABFLOW025,Oil,,,0.0
Bulgaria,2003,1A2M,ABFLOW026,Coal,,,0.0
Bulgaria,2003,1A2M,ABFLOW026,Natural gas,,,0.0
Bulgaria,2003,1A2M,ABFLOW026,Oil,,,0.0
Bulgaria,2003,1A3,ABFLOW027,Coal,,,0.0
Bulgaria,2003,1A3,ABFLOW027,Natural gas,,,0.0
Bulgaria,2003,1A3,ABFLOW027,Oil,,,0.0
Bulgaria,2003,1A3A1,ABFLOW040,Coal,,,0.0
Bulgaria,2003,1A3A1,ABFLOW040,Natural gas,,,0.0
Bulgaria,2003,1A3A1,ABFLOW040,Oil,,,0.0
Bulgaria,2003,1A3A2,ABFLOW029,Coal,,,0.0
Bulgaria,2003,1A3A2,ABFLOW029,Natural gas,,,0.0
Bulgaria,2003,1A3A2,ABFLOW029,Oil,,,0.0
Bulgaria,2003,1A3B,ABFLOW028,Coal,,,0.0
Bulgaria,2003,1A3B,ABFLOW028,Natural gas,,,0.0
Bulgaria,2003,1A3B,ABFLOW028,Oil,,,0.0
Bulgaria,2003,1A3C,ABFLOW030,Coal,,,0.0
Bulgaria,2003,1A3C,ABFLOW030,Natural gas,,,0.0
Bulgaria,2003,1A3C,ABFLOW030,Oil,,,0.0
Bulgaria,2003,1A3D1,ABFLOW039,Coal,,,0.0
Bulgaria,2003,1A3D1,ABFLOW039,Natural gas,,,0.0
Bulgaria,2003,1A3D1,ABFLOW039,Oil,,,0.0
Bulgaria,2003,1A3D2,ABFLOW032,Coal,,,0.0
Bulgaria,2003,1A3D2,ABFLOW032,Natural gas,,,0.0
Bulgaria,2003,1A3D2,ABFLOW032,Oil,,,0.0
Bulgaria,2003,1A3E1,ABFLOW033,Coal,,,0.0
Bulgaria,2003,1A3E1,ABFLOW033,Natural gas,,,0.0
Bulgaria,2003,1A3E1,ABFLOW033,Oil,,,0.0
Bulgaria,2003,1A4A,ABFLOW035,Coal,,,0.0
Bulgaria,2003,1A4A,ABFLOW035,Natural gas,,,0.0
Bulgaria,2003,1A4A,ABFLOW035,Oil,,,0.0
Bulgaria,2003,1A4B,ABFLOW034,Coal,,,0.0
Bulgaria,2003,1A4B,ABFLOW034,Natural gas,,,0.0
Bulgaria,2003,1A4B,ABFLOW034,Oil,,,0.0
Bulgaria,2003,1A4C1,ABFLOW036,Coal,,,0.0
Bulgaria,2003,1A4C1,ABFLOW036,Natural gas,,,0.0
Bulgaria,2003,1A4C1,ABFLOW036,Oil,,,0.0
Bulgaria,2003,1A4C2,ABFLOW037,Coal,,,0.0
Bulgaria,2003,1A4C2,ABFLOW037,Natural gas,,,0.0
Bulgaria,2003,1A4C2,ABFLOW037,Oil,,,0.0
Bulgaria,2003,1A5,ABFLOW038,Coal,,,0.0
Bulgaria,2003,1A5,ABFLOW038,Natural gas,,,0.0
Bulgaria,2003,1A5,ABFLOW038,Oil,,,0.0
Bulgaria,2004,1A,ABFLOW001,Coal,,,0.0
Bulgaria,2004,1A,ABFLOW001,Natural gas,,,0.0
Bulgaria,2004,1A,ABFLOW001,Oil,,,0.0
Bulgaria,2004,1A1A,ABFLOW002,Coal,,,0.0
Bulgaria,2004,1A1A,ABFLOW002,Natural gas,,,0.0
Bulgaria,2004,1A1A,ABFLOW002,Oil,,,0.0
Bulgaria,2004,1A1A1,ABFLOW003,Coal,,,0.0
Bulgaria,2004,1A1A1,ABFLOW003,Natural gas,,,0.0
Bulgaria,2004,1A1A1,ABFLOW003,Oil,,,0.0
Bulgaria,2004,1A1A2,ABFLOW004,Coal,,,0.0
Bulgaria,2004,1A1A2,ABFLOW004,Natural gas,,,0.0
Bulgaria,2004,1A1A2,ABFLOW004,Oil,,,0.0
Bulgaria,2004,1A1A3,ABFLOW005,Coal,,,0.0
Bulgaria,2004,1A1A3,ABFLOW005,Natural gas,,,0.0
Bulgaria,2004,1A1A3,ABFLOW005,Oil,,,0.0
Bulgaria,2004,1A1B,ABFLOW011,Coal,,,0.0
Bulgaria,2004,1A1B,ABFLOW011,Natural gas,,,0.0
Bulgaria,2004,1A1B,ABFLOW011,Oil,,,0.0
Bulgaria,2004,1A1C,ABFLOW011,Coal,,,0.0
Bulgaria,2004,1A1C,ABFLOW011,Natural gas,,,0.0
Bulgaria,2004,1A1C,ABFLOW011,Oil,,,0.0
Bulgaria,2004,1A2,ABFLOW012,Coal,,,0.0
Bulgaria,2004,1A2,ABFLOW012,Natural gas,,,0.0
Bulgaria,2004,1A2,ABFLOW012,Oil,,,0.0
Bulgaria,2004,1A2A,ABFLOW016,Coal,,,0.0
Bulgaria,2004,1A2A,ABFLOW016,Natural gas,,,0.0
Bulgaria,2004,1A2A,ABFLOW016,Oil,,,0.0
Bulgaria,2004,1A2B,ABFLOW018,Coal,,,0.0
Bulgaria,2004,1A2B,ABFLOW018,Natural gas,,,0.0
Bulgaria,2004,1A2B,ABFLOW018,Oil,,,0.0
Bulgaria,2004,1A2C,ABFLOW017,Coal,,,0.0
Bulgaria,2004,1A2C,ABFLOW017,Natural gas,,,0.0
Bulgaria,2004,1A2C,ABFLOW017,Oil,,,0.0
Bulgaria,2004,1A2D,ABFLOW023,Coal,,,0.0
Bulgaria,2004,1A2D,ABFLOW023,Natural gas,,,0.0
Bulgaria,2004,1A2D,ABFLOW023,Oil,,,0.0
Bulgaria,2004,1A2E,ABFLOW022,Coal,,,0.0
Bulgaria,2004,1A2E,ABFLOW022,Natural gas,,,0.0
Bulgaria,2004,1A2E,ABFLOW022,Oil,,,0.0
Bulgaria,2004,1A2F,ABFLOW019,Coal,,,0.0
Bulgaria,2004,1A2F,ABFLOW019,Natural gas,,,0.0
Bulgaria,2004,1A2F,ABFLOW019,Oil,,,0.0
Bulgaria,2004,1A2G,ABFLOW020,Coal,,,0.0
Bulgaria,2004,1A2G,ABFLOW020,Natural gas,,,0.0
Bulgaria,2004,1A2G,ABFLOW020,Oil,,,0.0
Bulgaria,2004,1A2H,ABFLOW021,Coal,,,0.0
Bulgaria,2004,1A2H,ABFLOW021,Natural gas,,,0.0
Bulgaria,2004,1A2H,ABFLOW021,Oil,,,0.0
Bulgaria,2004,1A2I,ABFLOW013,Coal,,,0.0
Bulgaria,2004,1A2I,ABFLOW013,Natural gas,,,0.0
Bulgaria,2004,1A2I,ABFLOW013,Oil,,,0.0
Bulgaria,2004,1A2J,ABFLOW024,Coal,,,0.0
Bulgaria,2004,1A2J,ABFLOW024,Natural gas,,,0.0
Bulgaria,2004,1A2J,ABFLOW024,Oil,,,0.0
Bulgaria,2004,1A2K,ABFLOW014,Coal,,,0.0
Bulgaria,2004,1A2K,ABFLOW014,Natural gas,,,0.0
Bulgaria,2004,1A2K,ABFLOW014,Oil,,,0.0
Bulgaria,2004,1A2L,ABFLOW025,Coal,,,0.0
Bulgaria,2004,1A2L,ABFLOW025,Natural gas,,,0.0
Bulgaria,2004,1A2L,ABFLOW025,Oil,,,0.0
Bulgaria,2004,1A2M,ABFLOW026,Coal,,,0.0
Bulgaria,2004,1A2M,ABFLOW026,Natural gas,,,0.0
Bulgaria,2004,1A2M,ABFLOW026,Oil,,,0.0
Bulgaria,2004,1A3,ABFLOW027,Coal,,,0.0
Bulgaria,2004,1A3,ABFLOW027,Natural gas,,,0.0
Bulgaria,2004,1A3,ABFLOW027,Oil,,,0.0
Bulgaria,2004,1A3A1,ABFLOW040,Coal,,,0.0
Bulgaria,2004,1A3A1,ABFLOW040,Natural gas,,,0.0
Bulgaria,2004,1A3A1,ABFLOW040,Oil,,,0.0
Bulgaria,2004,1A3A2,ABFLOW029,Coal,,,0.0
Bulgaria,2004,1A3A2,ABFLOW029,Natural gas,,,0.0
Bulgaria,2004,1A3A2,ABFLOW029,Oil,,,0.0
Bulgaria,2004,1A3B,ABFLOW028,Coal,,,0.0
Bulgaria,2004,1A3B,ABFLOW028,Natural gas,,,0.0
Bulgaria,2004,1A3B,ABFLOW028,Oil,,,0.0
Bulgaria,2004,1A3C,ABFLOW030,Coal,,,0.0
Bulgaria,2004,1A3C,ABFLOW030,Natural gas,,,0.0
Bulgaria,2004,1A3C,ABFLOW030,Oil,,,0.0
Bulgaria,2004,1A3D1,ABFLOW039,Coal,,,0.0
Bulgaria,2004,1A3D1,ABFLOW039,Natural gas,,,0.0
Bulgaria,2004,1A3D1,ABFLOW039,Oil,,,0.0
Bulgaria,2004,1A3D2,ABFLOW032,Coal,,,0.0
Bulgaria,2004,1A3D2,ABFLOW032,Natural gas,,,0.0
Bulgaria,2004,1A3D2,ABFLOW032,Oil,,,0.0
Bulgaria,2004,1A3E1,ABFLOW033,Coal,,,0.0
Bulgaria,2004,1A3E1,ABFLOW033,Natural gas,,,0.0
Bulgaria,2004,1A3E1,ABFLOW033,Oil,,,0.0
Bulgaria,2004,1A4A,ABFLOW035,Coal,,,0.0
Bulgaria,2004,1A4A,ABFLOW035,Natural gas,,,0.0
Bulgaria,2004,1A4A,ABFLOW035,Oil,,,0.0
Bulgaria,2004,1A4B,ABFLOW034,Coal,,,0.0
Bulgaria,2004,1A4B,ABFLOW034,Natural gas,,,0.0
Bulgaria,2004,1A4B,ABFLOW034,Oil,,,0.0
Bulgaria,2004,1A4C1,ABFLOW036,Coal,,,0.0
Bulgaria,2004,1A4C1,ABFLOW036,Natural gas,,,0.0
Bulgaria,2004,1A4C1,ABFLOW036,Oil,,,0.0
Bulgaria,2004,1A4C2,ABFLOW037,Coal,,,0.0
Bulgaria,2004,1A4C2,ABFLOW037,Natural gas,,,0.0
Bulgaria,2004,1A4C2,ABFLOW037,Oil,,,0.0
Bulgaria,2004,1A5,ABFLOW038,Coal,,,0.0
Bulgaria,2004,1A5,ABFLOW038,Natural gas,,,0.0
Bulgaria,2004,1A5,ABFLOW038,Oil,,,0.0
Bulgaria,2005,1A,ABFLOW001,Coal,,,0.0
Bulgaria,2005,1A,ABFLOW001,Natural gas,,,0.0
Bulgaria,2005,1A,ABFLOW001,Oil,,,0.0
Bulgaria,2005,1A1A,ABFLOW002,Coal,,,0.0
Bulgaria,2005,1A1A,ABFLOW002,Natural gas,,,0.0
Bulgaria,2005,1A1A,ABFLOW002,Oil,,,0.0
Bulgaria,2005,1A1A1,ABFLOW003,Coal,,,0.0
Bulgaria,2005,1A1A1,ABFLOW003,Natural gas,,,0.0
Bulgaria,2005,1A1A1,ABFLOW003,Oil,,,0.0
Bulgaria,2005,1A1A2,ABFLOW004,Coal,,,0.0
Bulgaria,2005,1A1A2,ABFLOW004,Natural gas,,,0.0
Bulgaria,2005,1A1A2,ABFLOW004,Oil,,,0.0
Bulgaria,2005,1A1A3,ABFLOW005,Coal,,,0.0
Bulgaria,2005,1A1A3,ABFLOW005,Natural gas,,,0.0
Bulgaria,2005,1A1A3,ABFLOW005,Oil,,,0.0
Bulgaria,2005,1A1B,ABFLOW011,Coal,,,0.0
Bulgaria,2005,1A1B,ABFLOW011,Natural gas,,,0.0
Bulgaria,2005,1A1B,ABFLOW011,Oil,,,0.0
Bulgaria,2005,1A1C,ABFLOW011,Coal,,,0.0
Bulgaria,2005,1A1C,ABFLOW011,Natural gas,,,0.0
Bulgaria,2005,1A1C,ABFLOW011,Oil,,,0.0
Bulgaria,2005,1A2,ABFLOW012,Coal,,,0.0
Bulgaria,2005,1A2,ABFLOW012,Natural gas,,,0.0
Bulgaria,2005,1A2,ABFLOW012,Oil,,,0.0
Bulgaria,2005,1A2A,ABFLOW016,Coal,,,0.0
Bulgaria,2005,1A2A,ABFLOW016,Natural gas,,,0.0
Bulgaria,2005,1A2A,ABFLOW016,Oil,,,0.0
Bulgaria,2005,1A2B,ABFLOW018,Coal,,,0.0
Bulgaria,2005,1A2B,ABFLOW018,Natural gas,,,0.0
Bulgaria,2005,1A2B,ABFLOW018,Oil,,,0.0
Bulgaria,2005,1A2C,ABFLOW017,Coal,,,0.0
Bulgaria,2005,1A2C,ABFLOW017,Natural gas,,,0.0
Bulgaria,2005,1A2C,ABFLOW017,Oil,,,0.0
Bulgaria,2005,1A2D,ABFLOW023,Coal,,,0.0
Bulgaria,2005,1A2D,ABFLOW023,Natural gas,,,0.0
Bulgaria,2005,1A2D,ABFLOW023,Oil,,,0.0
Bulgaria,2005,1A2E,ABFLOW022,Coal,,,0.0
Bulgaria,2005,1A2E,ABFLOW022,Natural gas,,,0.0
Bulgaria,2005,1A2E,ABFLOW022,Oil,,,0.0
Bulgaria,2005,1A2F,ABFLOW019,Coal,,,0.0
Bulgaria,2005,1A2F,ABFLOW019,Natural gas,,,0.0
Bulgaria,2005,1A2F,ABFLOW019,Oil,,,0.0
Bulgaria,2005,1A2G,ABFLOW020,Coal,,,0.0
Bulgaria,2005,1A2G,ABFLOW020,Natural gas,,,0.0
Bulgaria,2005,1A2G,ABFLOW020,Oil,,,0.0
Bulgaria,2005,1A2H,ABFLOW021,Coal,,,0.0
Bulgaria,2005,1A2H,ABFLOW021,Natural gas,,,0.0
Bulgaria,2005,1A2H,ABFLOW021,Oil,,,0.0
Bulgaria,2005,1A2I,ABFLOW013,Coal,,,0.0
Bulgaria,2005,1A2I,ABFLOW013,Natural gas,,,0.0
Bulgaria,2005,1A2I,ABFLOW013,Oil,,,0.0
Bulgaria,2005,1A2J,ABFLOW024,Coal,,,0.0
Bulgaria,2005,1A2J,ABFLOW024,Natural gas,,,0.0
Bulgaria,2005,1A2J,ABFLOW024,Oil,,,0.0
Bulgaria,2005,1A2K,ABFLOW014,Coal,,,0.0
Bulgaria,2005,1A2K,ABFLOW014,Natural gas,,,0.0
Bulgaria,2005,1A2K,ABFLOW014,Oil,,,0.0
Bulgaria,2005,1A2L,ABFLOW025,Coal,,,0.0
Bulgaria,2005,1A2L,ABFLOW025,Natural gas,,,0.0
Bulgaria,2005,1A2L,ABFLOW025,Oil,,,0.0
Bulgaria,2005,1A2M,ABFLOW026,Coal,,,0.0
Bulgaria,2005,1A2M,ABFLOW026,Natural gas,,,0.0
Bulgaria,2005,1A2M,ABFLOW026,Oil,,,0.0
Bulgaria,2005,1A3,ABFLOW027,Coal,,,0.0
Bulgaria,2005,1A3,ABFLOW027,Natural gas,,,0.0
Bulgaria,2005,1A3,ABFLOW027,Oil,,,0.0
Bulgaria,2005,1A3A1,ABFLOW040,Coal,,,0.0
Bulgaria,2005,1A3A1,ABFLOW040,Natural gas,,,0.0
Bulgaria,2005,1A3A1,ABFLOW040,Oil,,,0.0
Bulgaria,2005,1A3A2,ABFLOW029,Coal,,,0.0
Bulgaria,2005,1A3A2,ABFLOW029,Natural gas,,,0.0
Bulgaria,2005,1A3A2,ABFLOW029,Oil,,,0.0
Bulgaria,2005,1A3B,ABFLOW028,Coal,,,0.0
Bulgaria,2005,1A3B,ABFLOW028,Natural gas,,,0.0
Bulgaria,2005,1A3B,ABFLOW028,Oil,,,0.0
Bulgaria,2005,1A3C,ABFLOW030,Coal,,,0.0
Bulgaria,2005,1A3C,ABFLOW030,Natural gas,,,0.0
Bulgaria,2005,1A3C,ABFLOW030,Oil,,,0.0
Bulgaria,2005,1A3D1,ABFLOW039,Coal,,,0.0
Bulgaria,2005,1A3D1,ABFLOW039,Natural gas,,,0.0
Bulgaria,2005,1A3D1,ABFLOW039,Oil,,,0.0
Bulgaria,2005,1A3D2,ABFLOW032,Coal,,,0.0
Bulgaria,2005,1A3D2,ABFLOW032,Natural gas,,,0.0
Bulgaria,2005,1A3D2,ABFLOW032,Oil,,,0.0
Bulgaria,2005,1A3E1,ABFLOW033,Coal,,,0.0
Bulgaria,2005,1A3E1,ABFLOW033,Natural gas,,,0.0
Bulgaria,2005,1A3E1,ABFLOW033,Oil,,,0.0
Bulgaria,2005,1A4A,ABFLOW035,Coal,,,0.0
Bulgaria,2005,1A4A,ABFLOW035,Natural gas,,,0.0
Bulgaria,2005,1A4A,ABFLOW035,Oil,,,0.0
Bulgaria,2005,1A4B,ABFLOW034,Coal,,,0.0
Bulgaria,2005,1A4B,ABFLOW034,Natural gas,,,0.0
Bulgaria,2005,1A4B,ABFLOW034,Oil,,,0.0
Bulgaria,2005,1A4C1,ABFLOW036,Coal,,,0.0
Bulgaria,2005,1A4C1,ABFLOW036,Natural gas,,,0.0
Bulgaria,2005,1A4C1,ABFLOW036,Oil,,,0.0
Bulgaria,2005,1A4C2,ABFLOW037,Coal,,,0.0
Bulgaria,2005,1A4C2,ABFLOW037,Natural gas,,,0.0
Bulgaria,2005,1A4C2,ABFLOW037,Oil,,,0.0
Bulgaria,2005,1A5,ABFLOW038,Coal,,,0.0
Bulgaria,2005,1A5,ABFLOW038,Natural gas,,,0.0
Bulgaria,2005,1A5,ABFLOW038,Oil,,,0.0
Bulgaria,2006,1A,ABFLOW001,Coal,,,0.0
Bulgaria,2006,1A,ABFLOW001,Natural gas,,,0.0
Bulgaria,2006,1A,ABFLOW001,Oil,,,0.0
Bulgaria,2006,1A1A,ABFLOW002,Coal,,,0.0
Bulgaria,2006,1A1A,ABFLOW002,Natural gas,,,0.0
Bulgaria,2006,1A1A,ABFLOW002,Oil,,,0.0
Bulgaria,2006,1A1A1,ABFLOW003,Coal,,,0.0
Bulgaria,2006,1A1A1,ABFLOW003,Natural gas,,,0.0
Bulgaria,2006,1A1A1,ABFLOW003,Oil,,,0.0
Bulgaria,2006,1A1A2,ABFLOW004,Coal,,,0.0
Bulgaria,2006,1A1A2,ABFLOW004,Natural gas,,,0.0
Bulgaria,2006,1A1A2,ABFLOW004,Oil,,,0.0
Bulgaria,2006,1A1A3,ABFLOW005,Coal,,,0.0
Bulgaria,2006,1A1A3,ABFLOW005,Natural gas,,,0.0
Bulgaria,2006,1A1A3,ABFLOW005,Oil,,,0.0
Bulgaria,2006,1A1B,ABFLOW011,Coal,,,0.0
Bulgaria,2006,1A1B,ABFLOW011,Natural gas,,,0.0
Bulgaria,2006,1A1B,ABFLOW011,Oil,,,0.0
Bulgaria,2006,1A1C,ABFLOW011,Coal,,,0.0
Bulgaria,2006,1A1C,ABFLOW011,Natural gas,,,0.0
Bulgaria,2006,1A1C,ABFLOW011,Oil,,,0.0
Bulgaria,2006,1A2,ABFLOW012,Coal,,,0.0
Bulgaria,2006,1A2,ABFLOW012,Natural gas,,,0.0
Bulgaria,2006,1A2,ABFLOW012,Oil,,,0.0
Bulgaria,2006,1A2A,ABFLOW016,Coal,,,0.0
Bulgaria,2006,1A2A,ABFLOW016,Natural gas,,,0.0
Bulgaria,2006,1A2A,ABFLOW016,Oil,,,0.0
Bulgaria,2006,1A2B,ABFLOW018,Coal,,,0.0
Bulgaria,2006,1A2B,ABFLOW018,Natural gas,,,0.0
Bulgaria,2006,1A2B,ABFLOW018,Oil,,,0.0
Bulgaria,2006,1A2C,ABFLOW017,Coal,,,0.0
Bulgaria,2006,1A2C,ABFLOW017,Natural gas,,,0.0
Bulgaria,2006,1A2C,ABFLOW017,Oil,,,0.0
Bulgaria,2006,1A2D,ABFLOW023,Coal,,,0.0
Bulgaria,2006,1A2D,ABFLOW023,Natural gas,,,0.0
Bulgaria,2006,1A2D,ABFLOW023,Oil,,,0.0
Bulgaria,2006,1A2E,ABFLOW022,Coal,,,0.0
Bulgaria,2006,1A2E,ABFLOW022,Natural gas,,,0.0
Bulgaria,2006,1A2E,ABFLOW022,Oil,,,0.0
Bulgaria,2006,1A2F,ABFLOW019,Coal,,,0.0
Bulgaria,2006,1A2F,ABFLOW019,Natural gas,,,0.0
Bulgaria,2006,1A2F,ABFLOW019,Oil,,,0.0
Bulgaria,2006,1A2G,ABFLOW020,Coal,,,0.0
Bulgaria,2006,1A2G,ABFLOW020,Natural gas,,,0.0
Bulgaria,2006,1A2G,ABFLOW020,Oil,,,0.0
Bulgaria,2006,1A2H,ABFLOW021,Coal,,,0.0
Bulgaria,2006,1A2H,ABFLOW021,Natural gas,,,0.0
Bulgaria,2006,1A2H,ABFLOW021,Oil,,,0.0
Bulgaria,2006,1A2I,ABFLOW013,Coal,,,0.0
Bulgaria,2006,1A2I,ABFLOW013,Natural gas,,,0.0
Bulgaria,2006,1A2I,ABFLOW013,Oil,,,0.0
Bulgaria,2006,1A2J,ABFLOW024,Coal,,,0.0
Bulgaria,2006,1A2J,ABFLOW024,Natural gas,,,0.0
Bulgaria,2006,1A2J,ABFLOW024,Oil,,,0.0
Bulgaria,2006,1A2K,ABFLOW014,Coal,,,0.0
Bulgaria,2006,1A2K,ABFLOW014,Natural gas,,,0.0
Bulgaria,2006,1A2K,ABFLOW014,Oil,,,0.0
Bulgaria,2006,1A2L,ABFLOW025,Coal,,,0.0
Bulgaria,2006,1A2L,ABFLOW025,Natural gas,,,0.0
Bulgaria,2006,1A2L,ABFLOW025,Oil,,,0.0
Bulgaria,2006,1A2M,ABFLOW026,Coal,,,0.0
Bulgaria,2006,1A2M,ABFLOW026,Natural gas,,,0.0
Bulgaria,2006,1A2M,ABFLOW026,Oil,,,0.0
Bulgaria,2006,1A3,ABFLOW027,Coal,,,0.0
Bulgaria,2006,1A3,ABFLOW027,Natural gas,,,0.0
Bulgaria,2006,1A3,ABFLOW027,Oil,,,0.0
Bulgaria,2006,1A3A1,ABFLOW040,Coal,,,0.0
Bulgaria,2006,1A3A1,ABFLOW040,Natural gas,,,0.0
Bulgaria,2006,1A3A1,ABFLOW040,Oil,,,0.0
Bulgaria,2006,1A3A2,ABFLOW029,Coal,,,0.0
Bulgaria,2006,1A3A2,ABFLOW029,Natural gas,,,0.0
Bulgaria,2006,1A3A2,ABFLOW029,Oil,,,0.0
Bulgaria,2006,1A3B,ABFLOW028,Coal,,,0.0
Bulgaria,2006,1A3B,ABFLOW028,Natural gas,,,0.0
Bulgaria,2006,1A3B,ABFLOW028,Oil,,,0.0
Bulgaria,2006,1A3C,ABFLOW030,Coal,,,0.0
Bulgaria,2006,1A3C,ABFLOW030,Natural gas,,,0.0
Bulgaria,2006,1A3C,ABFLOW030,Oil,,,0.0
Bulgaria,2006,1A3D1,ABFLOW039,Coal,,,0.0
Bulgaria,2006,1A3D1,ABFLOW039,Natural gas,,,0.0
Bulgaria,2006,1A3D1,ABFLOW039,Oil,,,0.0
Bulgaria,2006,1A3D2,ABFLOW032,Coal,,,0.0
Bulgaria,2006,1A3D2,ABFLOW032,Natural gas,,,0.0
Bulgaria,2006,1A3D2,ABFLOW032,Oil,,,0.0
Bulgaria,2006,1A3E1,ABFLOW033,Coal,,,0.0
Bulgaria,2006,1A3E1,ABFLOW033,Natural gas,,,0.0
Bulgaria,2006,1A3E1,ABFLOW033,Oil,,,0.0
Bulgaria,2006,1A4A,ABFLOW035,Coal,,,0.0
Bulgaria,2006,1A4A,ABFLOW035,Natural gas,,,0.0
Bulgaria,2006,1A4A,ABFLOW035,Oil,,,0.0
Bulgaria,2006,1A4B,ABFLOW034,Coal,,,0.0
Bulgaria,2006,1A4B,ABFLOW034,Natural gas,,,0.0
Bulgaria,2006,1A4B,ABFLOW034,Oil,,,0.0
Bulgaria,2006,1A4C1,ABFLOW036,Coal,,,0.0
Bulgaria,2006,1A4C1,ABFLOW036,Natural gas,,,0.0
Bulgaria,2006,1A4C1,ABFLOW036,Oil,,,0.0
Bulgaria,2006,1A4C2,ABFLOW037,Coal,,,0.0
Bulgaria,2006,1A4C2,ABFLOW037,Natural gas,,,0.0
Bulgaria,2006,1A4C2,ABFLOW037,Oil,,,0.0
Bulgaria,2006,1A5,ABFLOW038,Coal,,,0.0
Bulgaria,2006,1A5,ABFLOW038,Natural gas,,,0.0
Bulgaria,2006,1A5,ABFLOW038,Oil,,,0.0
Bulgaria,2007,1A,ABFLOW001,Coal,,,0.0
Bulgaria,2007,1A,ABFLOW001,Natural gas,,,0.0
Bulgaria,2007,1A,ABFLOW001,Oil,,,0.0
Bulgaria,2007,1A1A,ABFLOW002,Coal,,,0.0
Bulgaria,2007,1A1A,ABFLOW002,Natural gas,,,0.0
Bulgaria,2007,1A1A,ABFLOW002,Oil,,,0.0
Bulgaria,2007,1A1A1,ABFLOW003,Coal,1.261962949882093,,1.261962949882093
Bulgaria,2007,1A1A1,ABFLOW003,Natural gas,1.261962949882093,,1.261962949882093
Bulgaria,2007,1A1A1,ABFLOW003,Oil,1.261962949882093,,1.261962949882093
Bulgaria,2007,1A1A2,ABFLOW004,Coal,1.261962949882093,,1.261962949882093
Bulgaria,2007,1A1A2,ABFLOW004,Natural gas,1.261962949882093,,1.261962949882093
Bulgaria,2007,1A1A2,ABFLOW004,Oil,1.261962949882093,,1.261962949882093
Bulgaria,2007,1A1A3,ABFLOW005,Coal,1.261962949882093,,1.261962949882093
Bulgaria,2007,1A1A3,ABFLOW005,Natural gas,1.261962949882093,,1.261962949882093
Bulgaria,2007,1A1A3,ABFLOW005,Oil,1.261962949882093,,1.261962949882093
Bulgaria,2007,1A1B,ABFLOW011,Coal,1.261962949882093,,1.261962949882093
Bulgaria,2007,1A1B,ABFLOW011,Natural gas,1.261962949882093,,1.261962949882093
Bulgaria,2007,1A1B,ABFLOW011,Oil,1.261962949882093,,1.261962949882093
Bulgaria,2007,1A1C,ABFLOW011,Coal,1.261962949882093,,1.261962949882093
Bulgaria,2007,1A1C,ABFLOW011,Natural gas,1.261962949882093,,1.261962949882093
Bulgaria,2007,1A1C,ABFLOW011,Oil,1.261962949882093,,1.261962949882093
Bulgaria,2007,1A2,ABFLOW012,Coal,,,0.0
Bulgaria,2007,1A2,ABFLOW012,Natural gas,,,0.0
Bulgaria,2007,1A2,ABFLOW012,Oil,,,0.0
Bulgaria,2007,1A2A,ABFLOW016,Coal,1.261962949882093,,1.261962949882093
Bulgaria,2007,1A2A,ABFLOW016,Natural gas,1.261962949882093,,1.261962949882093
Bulgaria,2007,1A2A,ABFLOW016,Oil,1.261962949882093,,1.261962949882093
Bulgaria,2007,1A2B,ABFLOW018,Coal,1.261962949882093,,1.261962949882093
Bulgaria,2007,1A2B,ABFLOW018,Natural gas,1.261962949882093,,1.261962949882093
Bulgaria,2007,1A2B,ABFLOW018,Oil,1.261962949882093,,1.261962949882093
Bulgaria,2007,1A2C,ABFLOW017,Coal,1.261962949882093,,1.261962949882093
Bulgaria,2007,1A2C,ABFLOW017,Natural gas,1.261962949882093,,1.261962949882093
Bulgaria,2007,1A2C,ABFLOW017,Oil,1.261962949882093,,1.261962949882093
Bulgaria,2007,1A2D,ABFLOW023,Coal,1.261962949882093,,1.261962949882093
Bulgaria,2007,1A2D,ABFLOW023,Natural gas,1.261962949882093,,1.261962949882093
Bulgaria,2007,1A2D,ABFLOW023,Oil,1.261962949882093,,1.261962949882093
Bulgaria,2007,1A2E,ABFLOW022,Coal,1.261962949882093,,1.261962949882093
Bulgaria,2007,1A2E,ABFLOW022,Natural gas,1.261962949882093,,1.261962949882093
Bulgaria,2007,1A2E,ABFLOW022,Oil,1.261962949882093,,1.261962949882093
Bulgaria,2007,1A2F,ABFLOW019,Coal,1.261962949882093,,1.261962949882093
Bulgaria,2007,1A2F,ABFLOW019,Natural gas,1.261962949882093,,1.261962949882093
Bulgaria,2007,1A2F,ABFLOW019,Oil,1.261962949882093,,1.261962949882093
Bulgaria,2007,1A2G,ABFLOW020,Coal,1.261962949882093,,1.261962949882093
Bulgaria,2007,1A2G,ABFLOW020,Natural gas,1.261962949882093,,1.261962949882093
Bulgaria,2007,1A2G,ABFLOW020,Oil,1.261962949882093,,1.261962949882093
Bulgaria,2007,1A2H,ABFLOW021,Coal,1.261962949882093,,1.261962949882093
Bulgaria,2007,1A2H,ABFLOW021,Natural gas,1.261962949882093,,1.261962949882093
Bulgaria,2007,1A2H,ABFLOW021,Oil,1.261962949882093,,1.261962949882093
Bulgaria,2007,1A2I,ABFLOW013,Coal,1.261962949882093,,1.261962949882093
Bulgaria,2007,1A2I,ABFLOW013,Natural gas,1.261962949882093,,1.261962949882093
Bulgaria,2007,1A2I,ABFLOW013,Oil,1.261962949882093,,1.261962949882093
Bulgaria,2007,1A2J,ABFLOW024,Coal,1.261962949882093,,1.261962949882093
Bulgaria,2007,1A2J,ABFLOW024,Natural gas,1.261962949882093,,1.261962949882093
Bulgaria,2007,1A2J,ABFLOW024,Oil,1.261962949882093,,1.261962949882093
Bulgaria,2007,1A2K,ABFLOW014,Coal,1.261962949882093,,1.261962949882093
Bulgaria,2007,1A2K,ABFLOW014,Natural gas,1.261962949882093,,1.261962949882093
Bulgaria,2007,1A2K,ABFLOW014,Oil,1.261962949882093,,1.261962949882093
Bulgaria,2007,1A2L,ABFLOW025,Coal,1.261962949882093,,1.261962949882093
Bulgaria,2007,1A2L,ABFLOW025,Natural gas,1.261962949882093,,1.261962949882093
Bulgaria,2007,1A2L,ABFLOW025,Oil,1.261962949882093,,1.261962949882093
Bulgaria,2007,1A2M,ABFLOW026,Coal,1.261962949882093,,1.261962949882093
Bulgaria,2007,1A2M,ABFLOW026,Natural gas,1.261962949882093,,1.261962949882093
Bulgaria,2007,1A2M,ABFLOW026,Oil,1.261962949882093,,1.261962949882093
Bulgaria,2007,1A3,ABFLOW027,Coal,,,0.0
Bulgaria,2007,1A3,ABFLOW027,Natural gas,,,0.0
Bulgaria,2007,1A3,ABFLOW027,Oil,,,0.0
Bulgaria,2007,1A3A1,ABFLOW040,Coal,,,0.0
Bulgaria,2007,1A3A1,ABFLOW040,Natural gas,,,0.0
Bulgaria,2007,1A3A1,ABFLOW040,Oil,,,0.0
Bulgaria,2007,1A3A2,ABFLOW029,Coal,,,0.0
Bulgaria,2007,1A3A2,ABFLOW029,Natural gas,,,0.0
Bulgaria,2007,1A3A2,ABFLOW029,Oil,,,0.0
Bulgaria,2007,1A3B,ABFLOW028,Coal,,,0.0
Bulgaria,2007,1A3B,ABFLOW028,Natural gas,,,0.0
Bulgaria,2007,1A3B,ABFLOW028,Oil,,,0.0
Bulgaria,2007,1A3C,ABFLOW030,Coal,,,0.0
Bulgaria,2007,1A3C,ABFLOW030,Natural gas,,,0.0
Bulgaria,2007,1A3C,ABFLOW030,Oil,,,0.0
Bulgaria,2007,1A3D1,ABFLOW039,Coal,,,0.0
Bulgaria,2007,1A3D1,ABFLOW039,Natural gas,,,0.0
Bulgaria,2007,1A3D1,ABFLOW039,Oil,,,0.0
Bulgaria,2007,1A3D2,ABFLOW032,Coal,,,0.0
Bulgaria,2007,1A3D2,ABFLOW032,Natural gas,,,0.0
Bulgaria,2007,1A3D2,ABFLOW032,Oil,,,0.0
Bulgaria,2007,1A3E1,ABFLOW033,Coal,,,0.0
Bulgaria,2007,1A3E1,ABFLOW033,Natural gas,,,0.0
Bulgaria,2007,1A3E1,ABFLOW033,Oil,,,0.0
Bulgaria,2007,1A4A,ABFLOW035,Coal,,,0.0
Bulgaria,2007,1A4A,ABFLOW035,Natural gas,,,0.0
Bulgaria,2007,1A4A,ABFLOW035,Oil,,,0.0
Bulgaria,2007,1A4B,ABFLOW034,Coal,,,0.0
Bulgaria,2007,1A4B,ABFLOW034,Natural gas,,,0.0
Bulgaria,2007,1A4B,ABFLOW034,Oil,,,0.0
Bulgaria,2007,1A4C1,ABFLOW036,Coal,,,0.0
Bulgaria,2007,1A4C1,ABFLOW036,Natural gas,,,0.0
Bulgaria,2007,1A4C1,ABFLOW036,Oil,,,0.0
Bulgaria,2007,1A4C2,ABFLOW037,Coal,,,0.0
Bulgaria,2007,1A4C2,ABFLOW037,Natural gas,,,0.0
Bulgaria,2007,1A4C2,ABFLOW037,Oil,,,0.0
Bulgaria,2007,1A5,ABFLOW038,Coal,,,0.0
Bulgaria,2007,1A5,ABFLOW038,Natural gas,,,0.0
Bulgaria,2007,1A5,ABFLOW038,Oil,,,0.0
Bulgaria,2008,1A,ABFLOW001,Coal,,,0.0
Bulgaria,2008,1A,ABFLOW001,Natural gas,,,0.0
Bulgaria,2008,1A,ABFLOW001,Oil,,,0.0
Bulgaria,2008,1A1A,ABFLOW002,Coal,,,0.0
Bulgaria,2008,1A1A,ABFLOW002,Natural gas,,,0.0
Bulgaria,2008,1A1A,ABFLOW002,Oil,,,0.0
Bulgaria,2008,1A1A1,ABFLOW003,Coal,30.74063696200935,,30.74063696200935
Bulgaria,2008,1A1A1,ABFLOW003,Natural gas,30.74063696200935,,30.74063696200935
Bulgaria,2008,1A1A1,ABFLOW003,Oil,30.74063696200935,,30.74063696200935
Bulgaria,2008,1A1A2,ABFLOW004,Coal,30.74063696200935,,30.74063696200935
Bulgaria,2008,1A1A2,ABFLOW004,Natural gas,30.74063696200935,,30.74063696200935
Bulgaria,2008,1A1A2,ABFLOW004,Oil,30.74063696200935,,30.74063696200935
Bulgaria,2008,1A1A3,ABFLOW005,Coal,30.74063696200935,,30.74063696200935
Bulgaria,2008,1A1A3,ABFLOW005,Natural gas,30.74063696200935,,30.74063696200935
Bulgaria,2008,1A1A3,ABFLOW005,Oil,30.74063696200935,,30.74063696200935
Bulgaria,2008,1A1B,ABFLOW011,Coal,30.74063696200935,,30.74063696200935
Bulgaria,2008,1A1B,ABFLOW011,Natural gas,30.74063696200935,,30.74063696200935
Bulgaria,2008,1A1B,ABFLOW011,Oil,30.74063696200935,,30.74063696200935
Bulgaria,2008,1A1C,ABFLOW011,Coal,30.74063696200935,,30.74063696200935
Bulgaria,2008,1A1C,ABFLOW011,Natural gas,30.74063696200935,,30.74063696200935
Bulgaria,2008,1A1C,ABFLOW011,Oil,30.74063696200935,,30.74063696200935
Bulgaria,2008,1A2,ABFLOW012,Coal,,,0.0
Bulgaria,2008,1A2,ABFLOW012,Natural gas,,,0.0
Bulgaria,2008,1A2,ABFLOW012,Oil,,,0.0
Bulgaria,2008,1A2A,ABFLOW016,Coal,30.74063696200935,,30.74063696200935
Bulgaria,2008,1A2A,ABFLOW016,Natural gas,30.74063696200935,,30.74063696200935
Bulgaria,2008,1A2A,ABFLOW016,Oil,30.74063696200935,,30.74063696200935
Bulgaria,2008,1A2B,ABFLOW018,Coal,30.74063696200935,,30.74063696200935
Bulgaria,2008,1A2B,ABFLOW018,Natural gas,30.74063696200935,,30.74063696200935
Bulgaria,2008,1A2B,ABFLOW018,Oil,30.74063696200935,,30.74063696200935
Bulgaria,2008,1A2C,ABFLOW017,Coal,30.74063696200935,,30.74063696200935
Bulgaria,2008,1A2C,ABFLOW017,Natural gas,30.74063696200935,,30.74063696200935
Bulgaria,2008,1A2C,ABFLOW017,Oil,30.74063696200935,,30.74063696200935
Bulgaria,2008,1A2D,ABFLOW023,Coal,30.74063696200935,,30.74063696200935
Bulgaria,2008,1A2D,ABFLOW023,Natural gas,30.74063696200935,,30.74063696200935
Bulgaria,2008,1A2D,ABFLOW023,Oil,30.74063696200935,,30.74063696200935
Bulgaria,2008,1A2E,ABFLOW022,Coal,30.74063696200935,,30.74063696200935
Bulgaria,2008,1A2E,ABFLOW022,Natural gas,30.74063696200935,,30.74063696200935
Bulgaria,2008,1A2E,ABFLOW022,Oil,30.74063696200935,,30.74063696200935
Bulgaria,2008,1A2F,ABFLOW019,Coal,30.74063696200935,,30.74063696200935
Bulgaria,2008,1A2F,ABFLOW019,Natural gas,30.74063696200935,,30.74063696200935
Bulgaria,2008,1A2F,ABFLOW019,Oil,30.74063696200935,,30.74063696200935
Bulgaria,2008,1A2G,ABFLOW020,Coal,30.74063696200935,,30.74063696200935
Bulgaria,2008,1A2G,ABFLOW020,Natural gas,30.74063696200935,,30.74063696200935
Bulgaria,2008,1A2G,ABFLOW020,Oil,30.74063696200935,,30.74063696200935
Bulgaria,2008,1A2H,ABFLOW021,Coal,30.74063696200935,,30.74063696200935
Bulgaria,2008,1A2H,ABFLOW021,Natural gas,30.74063696200935,,30.74063696200935
Bulgaria,2008,1A2H,ABFLOW021,Oil,30.74063696200935,,30.74063696200935
Bulgaria,2008,1A2I,ABFLOW013,Coal,30.74063696200935,,30.74063696200935
Bulgaria,2008,1A2I,ABFLOW013,Natural gas,30.74063696200935,,30.74063696200935
Bulgaria,2008,1A2I,ABFLOW013,Oil,30.74063696200935,,30.74063696200935
Bulgaria,2008,1A2J,ABFLOW024,Coal,30.74063696200935,,30.74063696200935
Bulgaria,2008,1A2J,ABFLOW024,Natural gas,30.74063696200935,,30.74063696200935
Bulgaria,2008,1A2J,ABFLOW024,Oil,30.74063696200935,,30.74063696200935
Bulgaria,2008,1A2K,ABFLOW014,Coal,30.74063696200935,,30.74063696200935
Bulgaria,2008,1A2K,ABFLOW014,Natural gas,30.74063696200935,,30.74063696200935
Bulgaria,2008,1A2K,ABFLOW014,Oil,30.74063696200935,,30.74063696200935
Bulgaria,2008,1A2L,ABFLOW025,Coal,30.74063696200935,,30.74063696200935
Bulgaria,2008,1A2L,ABFLOW025,Natural gas,30.74063696200935,,30.74063696200935
Bulgaria,2008,1A2L,ABFLOW025,Oil,30.74063696200935,,30.74063696200935
Bulgaria,2008,1A2M,ABFLOW026,Coal,30.74063696200935,,30.74063696200935
Bulgaria,2008,1A2M,ABFLOW026,Natural gas,30.74063696200935,,30.74063696200935
Bulgaria,2008,1A2M,ABFLOW026,Oil,30.74063696200935,,30.74063696200935
Bulgaria,2008,1A3,ABFLOW027,Coal,,,0.0
Bulgaria,2008,1A3,ABFLOW027,Natural gas,,,0.0
Bulgaria,2008,1A3,ABFLOW027,Oil,,,0.0
Bulgaria,2008,1A3A1,ABFLOW040,Coal,,,0.0
Bulgaria,2008,1A3A1,ABFLOW040,Natural gas,,,0.0
Bulgaria,2008,1A3A1,ABFLOW040,Oil,,,0.0
Bulgaria,2008,1A3A2,ABFLOW029,Coal,,,0.0
Bulgaria,2008,1A3A2,ABFLOW029,Natural gas,,,0.0
Bulgaria,2008,1A3A2,ABFLOW029,Oil,,,0.0
Bulgaria,2008,1A3B,ABFLOW028,Coal,,,0.0
Bulgaria,2008,1A3B,ABFLOW028,Natural gas,,,0.0
Bulgaria,2008,1A3B,ABFLOW028,Oil,,,0.0
Bulgaria,2008,1A3C,ABFLOW030,Coal,,,0.0
Bulgaria,2008,1A3C,ABFLOW030,Natural gas,,,0.0
Bulgaria,2008,1A3C,ABFLOW030,Oil,,,0.0
Bulgaria,2008,1A3D1,ABFLOW039,Coal,,,0.0
Bulgaria,2008,1A3D1,ABFLOW039,Natural gas,,,0.0
Bulgaria,2008,1A3D1,ABFLOW039,Oil,,,0.0
Bulgaria,2008,1A3D2,ABFLOW032,Coal,,,0.0
Bulgaria,2008,1A3D2,ABFLOW032,Natural gas,,,0.0
Bulgaria,2008,1A3D2,ABFLOW032,Oil,,,0.0
Bulgaria,2008,1A3E1,ABFLOW033,Coal,,,0.0
Bulgaria,2008,1A3E1,ABFLOW033,Natural gas,,,0.0
Bulgaria,2008,1A3E1,ABFLOW033,Oil,,,0.0
Bulgaria,2008,1A4A,ABFLOW035,Coal,,,0.0
Bulgaria,2008,1A4A,ABFLOW035,Natural gas,,,0.0
Bulgaria,2008,1A4A,ABFLOW035,Oil,,,0.0
Bulgaria,2008,1A4B,ABFLOW034,Coal,,,0.0
Bulgaria,2008,1A4B,ABFLOW034,Natural gas,,,0.0
Bulgaria,2008,1A4B,ABFLOW034,Oil,,,0.0
Bulgaria,2008,1A4C1,ABFLOW036,Coal,,,0.0
Bulgaria,2008,1A4C1,ABFLOW036,Natural gas,,,0.0
Bulgaria,2008,1A4C1,ABFLOW036,Oil,,,0.0
Bulgaria,2008,1A4C2,ABFLOW037,Coal,,,0.0
Bulgaria,2008,1A4C2,ABFLOW037,Natural gas,,,0.0
Bulgaria,2008,1A4C2,ABFLOW037,Oil,,,0.0
Bulgaria,2008,1A5,ABFLOW038,Coal,,,0.0
Bulgaria,2008,1A5,ABFLOW038,Natural gas,,,0.0
Bulgaria,2008,1A5,ABFLOW038,Oil,,,0.0
Bulgaria,2009,1A,ABFLOW001,Coal,,,0.0
Bulgaria,2009,1A,ABFLOW001,Natural gas,,,0.0
Bulgaria,2009,1A,ABFLOW001,Oil,,,0.0
Bulgaria,2009,1A1A,ABFLOW002,Coal,,,0.0
Bulgaria,2009,1A1A,ABFLOW002,Natural gas,,,0.0
Bulgaria,2009,1A1A,ABFLOW002,Oil,,,0.0
Bulgaria,2009,1A1A1,ABFLOW003,Coal,22.377646565386655,,22.377646565386655
Bulgaria,2009,1A1A1,ABFLOW003,Natural gas,22.377646565386655,,22.377646565386655
Bulgaria,2009,1A1A1,ABFLOW003,Oil,22.377646565386655,,22.377646565386655
Bulgaria,2009,1A1A2,ABFLOW004,Coal,22.377646565386655,,22.377646565386655
Bulgaria,2009,1A1A2,ABFLOW004,Natural gas,22.377646565386655,,22.377646565386655
Bulgaria,2009,1A1A2,ABFLOW004,Oil,22.377646565386655,,22.377646565386655
Bulgaria,2009,1A1A3,ABFLOW005,Coal,22.377646565386655,,22.377646565386655
Bulgaria,2009,1A1A3,ABFLOW005,Natural gas,22.377646565386655,,22.377646565386655
Bulgaria,2009,1A1A3,ABFLOW005,Oil,22.377646565386655,,22.377646565386655
Bulgaria,2009,1A1B,ABFLOW011,Coal,22.377646565386655,,22.377646565386655
Bulgaria,2009,1A1B,ABFLOW011,Natural gas,22.377646565386655,,22.377646565386655
Bulgaria,2009,1A1B,ABFLOW011,Oil,22.377646565386655,,22.377646565386655
Bulgaria,2009,1A1C,ABFLOW011,Coal,22.377646565386655,,22.377646565386655
Bulgaria,2009,1A1C,ABFLOW011,Natural gas,22.377646565386655,,22.377646565386655
Bulgaria,2009,1A1C,ABFLOW011,Oil,22.377646565386655,,22.377646565386655
Bulgaria,2009,1A2,ABFLOW012,Coal,,,0.0
Bulgaria,2009,1A2,ABFLOW012,Natural gas,,,0.0
Bulgaria,2009,1A2,ABFLOW012,Oil,,,0.0
Bulgaria,2009,1A2A,ABFLOW016,Coal,22.377646565386655,,22.377646565386655
Bulgaria,2009,1A2A,ABFLOW016,Natural gas,22.377646565386655,,22.377646565386655
Bulgaria,2009,1A2A,ABFLOW016,Oil,22.377646565386655,,22.377646565386655
Bulgaria,2009,1A2B,ABFLOW018,Coal,22.377646565386655,,22.377646565386655
Bulgaria,2009,1A2B,ABFLOW018,Natural gas,22.377646565386655,,22.377646565386655
Bulgaria,2009,1A2B,ABFLOW018,Oil,22.377646565386655,,22.377646565386655
Bulgaria,2009,1A2C,ABFLOW017,Coal,22.377646565386655,,22.377646565386655
Bulgaria,2009,1A2C,ABFLOW017,Natural gas,22.377646565386655,,22.377646565386655
Bulgaria,2009,1A2C,ABFLOW017,Oil,22.377646565386655,,22.377646565386655
Bulgaria,2009,1A2D,ABFLOW023,Coal,22.377646565386655,,22.377646565386655
Bulgaria,2009,1A2D,ABFLOW023,Natural gas,22.377646565386655,,22.377646565386655
Bulgaria,2009,1A2D,ABFLOW023,Oil,22.377646565386655,,22.377646565386655
Bulgaria,2009,1A2E,ABFLOW022,Coal,22.377646565386655,,22.377646565386655
Bulgaria,2009,1A2E,ABFLOW022,Natural gas,22.377646565386655,,22.377646565386655
Bulgaria,2009,1A2E,ABFLOW022,Oil,22.377646565386655,,22.377646565386655
Bulgaria,2009,1A2F,ABFLOW019,Coal,22.377646565386655,,22.377646565386655
Bulgaria,2009,1A2F,ABFLOW019,Natural gas,22.377646565386655,,22.377646565386655
Bulgaria,2009,1A2F,ABFLOW019,Oil,22.377646565386655,,22.377646565386655
Bulgaria,2009,1A2G,ABFLOW020,Coal,22.377646565386655,,22.377646565386655
Bulgaria,2009,1A2G,ABFLOW020,Natural gas,22.377646565386655,,22.377646565386655
Bulgaria,2009,1A2G,ABFLOW020,Oil,22.377646565386655,,22.377646565386655
Bulgaria,2009,1A2H,ABFLOW021,Coal,22.377646565386655,,22.377646565386655
Bulgaria,2009,1A2H,ABFLOW021,Natural gas,22.377646565386655,,22.377646565386655
Bulgaria,2009,1A2H,ABFLOW021,Oil,22.377646565386655,,22.377646565386655
Bulgaria,2009,1A2I,ABFLOW013,Coal,22.377646565386655,,22.377646565386655
Bulgaria,2009,1A2I,ABFLOW013,Natural gas,22.377646565386655,,22.377646565386655
Bulgaria,2009,1A2I,ABFLOW013,Oil,22.377646565386655,,22.377646565386655
Bulgaria,2009,1A2J,ABFLOW024,Coal,22.377646565386655,,22.377646565386655
Bulgaria,2009,1A2J,ABFLOW024,Natural gas,22.377646565386655,,22.377646565386655
Bulgaria,2009,1A2J,ABFLOW024,Oil,22.377646565386655,,22.377646565386655
Bulgaria,2009,1A2K,ABFLOW014,Coal,22.377646565386655,,22.377646565386655
Bulgaria,2009,1A2K,ABFLOW014,Natural gas,22.377646565386655,,22.377646565386655
Bulgaria,2009,1A2K,ABFLOW014,Oil,22.377646565386655,,22.377646565386655
Bulgaria,2009,1A2L,ABFLOW025,Coal,22.377646565386655,,22.377646565386655
Bulgaria,2009,1A2L,ABFLOW025,Natural gas,22.377646565386655,,22.377646565386655
Bulgaria,2009,1A2L,ABFLOW025,Oil,22.377646565386655,,22.377646565386655
Bulgaria,2009,1A2M,ABFLOW026,Coal,22.377646565386655,,22.377646565386655
Bulgaria,2009,1A2M,ABFLOW026,Natural gas,22.377646565386655,,22.377646565386655
Bulgaria,2009,1A2M,ABFLOW026,Oil,22.377646565386655,,22.377646565386655
Bulgaria,2009,1A3,ABFLOW027,Coal,,,0.0
Bulgaria,2009,1A3,ABFLOW027,Natural gas,,,0.0
Bulgaria,2009,1A3,ABFLOW027,Oil,,,0.0
Bulgaria,2009,1A3A1,ABFLOW040,Coal,,,0.0
Bulgaria,2009,1A3A1,ABFLOW040,Natural gas,,,0.0
Bulgaria,2009,1A3A1,ABFLOW040,Oil,,,0.0
Bulgaria,2009,1A3A2,ABFLOW029,Coal,,,0.0
Bulgaria,2009,1A3A2,ABFLOW029,Natural gas,,,0.0
Bulgaria,2009,1A3A2,ABFLOW029,Oil,,,0.0
Bulgaria,2009,1A3B,ABFLOW028,Coal,,,0.0
Bulgaria,2009,1A3B,ABFLOW028,Natural gas,,,0.0
Bulgaria,2009,1A3B,ABFLOW028,Oil,,,0.0
Bulgaria,2009,1A3C,ABFLOW030,Coal,,,0.0
Bulgaria,2009,1A3C,ABFLOW030,Natural gas,,,0.0
Bulgaria,2009,1A3C,ABFLOW030,Oil,,,0.0
Bulgaria,2009,1A3D1,ABFLOW039,Coal,,,0.0
Bulgaria,2009,1A3D1,ABFLOW039,Natural gas,,,0.0
Bulgaria,2009,1A3D1,ABFLOW039,Oil,,,0.0
Bulgaria,2009,1A3D2,ABFLOW032,Coal,,,0.0
Bulgaria,2009,1A3D2,ABFLOW032,Natural gas,,,0.0
Bulgaria,2009,1A3D2,ABFLOW032,Oil,,,0.0
Bulgaria,2009,1A3E1,ABFLOW033,Coal,,,0.0
Bulgaria,2009,1A3E1,ABFLOW033,Natural gas,,,0.0
Bulgaria,2009,1A3E1,ABFLOW033,Oil,,,0.0
Bulgaria,2009,1A4A,ABFLOW035,Coal,,,0.0
Bulgaria,2009,1A4A,ABFLOW035,Natural gas,,,0.0
Bulgaria,2009,1A4A,ABFLOW035,Oil,,,0.0
Bulgaria,2009,1A4B,ABFLOW034,Coal,,,0.0
Bulgaria,2009,1A4B,ABFLOW034,Natural gas,,,0.0
Bulgaria,2009,1A4B,ABFLOW034,Oil,,,0.0
Bulgaria,2009,1A4C1,ABFLOW036,Coal,,,0.0
Bulgaria,2009,1A4C1,ABFLOW036,Natural gas,,,0.0
Bulgaria,2009,1A4C1,ABFLOW036,Oil,,,0.0
Bulgaria,2009,1A4C2,ABFLOW037,Coal,,,0.0
Bulgaria,2009,1A4C2,ABFLOW037,Natural gas,,,0.0
Bulgaria,2009,1A4C2,ABFLOW037,Oil,,,0.0
Bulgaria,2009,1A5,ABFLOW038,Coal,,,0.0
Bulgaria,2009,1A5,ABFLOW038,Natural gas,,,0.0
Bulgaria,2009,1A5,ABFLOW038,Oil,,,0.0
Bulgaria,2010,1A,ABFLOW001,Coal,,,0.0
Bulgaria,2010,1A,ABFLOW001,Natural gas,,,0.0
Bulgaria,2010,1A,ABFLOW001,Oil,,,0.0
Bulgaria,2010,1A1A,ABFLOW002,Coal,,,0.0
Bulgaria,2010,1A1A,ABFLOW002,Natural gas,,,0.0
Bulgaria,2010,1A1A,ABFLOW002,Oil,,,0.0
Bulgaria,2010,1A1A1,ABFLOW003,Coal,24.21764171505172,,24.21764171505172
Bulgaria,2010,1A1A1,ABFLOW003,Natural gas,24.21764171505172,,24.21764171505172
Bulgaria,2010,1A1A1,ABFLOW003,Oil,24.21764171505172,,24.21764171505172
Bulgaria,2010,1A1A2,ABFLOW004,Coal,24.21764171505172,,24.21764171505172
Bulgaria,2010,1A1A2,ABFLOW004,Natural gas,24.21764171505172,,24.21764171505172
Bulgaria,2010,1A1A2,ABFLOW004,Oil,24.21764171505172,,24.21764171505172
Bulgaria,2010,1A1A3,ABFLOW005,Coal,24.21764171505172,,24.21764171505172
Bulgaria,2010,1A1A3,ABFLOW005,Natural gas,24.21764171505172,,24.21764171505172
Bulgaria,2010,1A1A3,ABFLOW005,Oil,24.21764171505172,,24.21764171505172
Bulgaria,2010,1A1B,ABFLOW011,Coal,24.21764171505172,,24.21764171505172
Bulgaria,2010,1A1B,ABFLOW011,Natural gas,24.21764171505172,,24.21764171505172
Bulgaria,2010,1A1B,ABFLOW011,Oil,24.21764171505172,,24.21764171505172
Bulgaria,2010,1A1C,ABFLOW011,Coal,24.21764171505172,,24.21764171505172
Bulgaria,2010,1A1C,ABFLOW011,Natural gas,24.21764171505172,,24.21764171505172
Bulgaria,2010,1A1C,ABFLOW011,Oil,24.21764171505172,,24.21764171505172
Bulgaria,2010,1A2,ABFLOW012,Coal,,,0.0
Bulgaria,2010,1A2,ABFLOW012,Natural gas,,,0.0
Bulgaria,2010,1A2,ABFLOW012,Oil,,,0.0
Bulgaria,2010,1A2A,ABFLOW016,Coal,24.21764171505172,,24.21764171505172
Bulgaria,2010,1A2A,ABFLOW016,Natural gas,24.21764171505172,,24.21764171505172
Bulgaria,2010,1A2A,ABFLOW016,Oil,24.21764171505172,,24.21764171505172
Bulgaria,2010,1A2B,ABFLOW018,Coal,24.21764171505172,,24.21764171505172
Bulgaria,2010,1A2B,ABFLOW018,Natural gas,24.21764171505172,,24.21764171505172
Bulgaria,2010,1A2B,ABFLOW018,Oil,24.21764171505172,,24.21764171505172
Bulgaria,2010,1A2C,ABFLOW017,Coal,24.21764171505172,,24.21764171505172
Bulgaria,2010,1A2C,ABFLOW017,Natural gas,24.21764171505172,,24.21764171505172
Bulgaria,2010,1A2C,ABFLOW017,Oil,24.21764171505172,,24.21764171505172
Bulgaria,2010,1A2D,ABFLOW023,Coal,24.21764171505172,,24.21764171505172
Bulgaria,2010,1A2D,ABFLOW023,Natural gas,24.21764171505172,,24.21764171505172
Bulgaria,2010,1A2D,ABFLOW023,Oil,24.21764171505172,,24.21764171505172
Bulgaria,2010,1A2E,ABFLOW022,Coal,24.21764171505172,,24.21764171505172
Bulgaria,2010,1A2E,ABFLOW022,Natural gas,24.21764171505172,,24.21764171505172
Bulgaria,2010,1A2E,ABFLOW022,Oil,24.21764171505172,,24.21764171505172
Bulgaria,2010,1A2F,ABFLOW019,Coal,24.21764171505172,,24.21764171505172
Bulgaria,2010,1A2F,ABFLOW019,Natural gas,24.21764171505172,,24.21764171505172
Bulgaria,2010,1A2F,ABFLOW019,Oil,24.21764171505172,,24.21764171505172
Bulgaria,2010,1A2G,ABFLOW020,Coal,24.21764171505172,,24.21764171505172
Bulgaria,2010,1A2G,ABFLOW020,Natural gas,24.21764171505172,,24.21764171505172
Bulgaria,2010,1A2G,ABFLOW020,Oil,24.21764171505172,,24.21764171505172
Bulgaria,2010,1A2H,ABFLOW021,Coal,24.21764171505172,,24.21764171505172
Bulgaria,2010,1A2H,ABFLOW021,Natural gas,24.21764171505172,,24.21764171505172
Bulgaria,2010,1A2H,ABFLOW021,Oil,24.21764171505172,,24.21764171505172
Bulgaria,2010,1A2I,ABFLOW013,Coal,24.21764171505172,,24.21764171505172
Bulgaria,2010,1A2I,ABFLOW013,Natural gas,24.21764171505172,,24.21764171505172
Bulgaria,2010,1A2I,ABFLOW013,Oil,24.21764171505172,,24.21764171505172
Bulgaria,2010,1A2J,ABFLOW024,Coal,24.21764171505172,,24.21764171505172
Bulgaria,2010,1A2J,ABFLOW024,Natural gas,24.21764171505172,,24.21764171505172
Bulgaria,2010,1A2J,ABFLOW024,Oil,24.21764171505172,,24.21764171505172
Bulgaria,2010,1A2K,ABFLOW014,Coal,24.21764171505172,,24.21764171505172
Bulgaria,2010,1A2K,ABFLOW014,Natural gas,24.21764171505172,,24.21764171505172
Bulgaria,2010,1A2K,ABFLOW014,Oil,24.21764171505172,,24.21764171505172
Bulgaria,2010,1A2L,ABFLOW025,Coal,24.21764171505172,,24.21764171505172
Bulgaria,2010,1A2L,ABFLOW025,Natural gas,24.21764171505172,,24.21764171505172
Bulgaria,2010,1A2L,ABFLOW025,Oil,24.21764171505172,,24.21764171505172
Bulgaria,2010,1A2M,ABFLOW026,Coal,24.21764171505172,,24.21764171505172
Bulgaria,2010,1A2M,ABFLOW026,Natural gas,24.21764171505172,,24.21764171505172
Bulgaria,2010,1A2M,ABFLOW026,Oil,24.21764171505172,,24.21764171505172
Bulgaria,2010,1A3,ABFLOW027,Coal,,,0.0
Bulgaria,2010,1A3,ABFLOW027,Natural gas,,,0.0
Bulgaria,2010,1A3,ABFLOW027,Oil,,,0.0
Bulgaria,2010,1A3A1,ABFLOW040,Coal,,,0.0
Bulgaria,2010,1A3A1,ABFLOW040,Natural gas,,,0.0
Bulgaria,2010,1A3A1,ABFLOW040,Oil,,,0.0
Bulgaria,2010,1A3A2,ABFLOW029,Coal,,,0.0
Bulgaria,2010,1A3A2,ABFLOW029,Natural gas,,,0.0
Bulgaria,2010,1A3A2,ABFLOW029,Oil,,,0.0
Bulgaria,2010,1A3B,ABFLOW028,Coal,,,0.0
Bulgaria,2010,1A3B,ABFLOW028,Natural gas,,,0.0
Bulgaria,2010,1A3B,ABFLOW028,Oil,,,0.0
Bulgaria,2010,1A3C,ABFLOW030,Coal,,,0.0
Bulgaria,2010,1A3C,ABFLOW030,Natural gas,,,0.0
Bulgaria,2010,1A3C,ABFLOW030,Oil,,,0.0
Bulgaria,2010,1A3D1,ABFLOW039,Coal,,,0.0
Bulgaria,2010,1A3D1,ABFLOW039,Natural gas,,,0.0
Bulgaria,2010,1A3D1,ABFLOW039,Oil,,,0.0
Bulgaria,2010,1A3D2,ABFLOW032,Coal,,,0.0
Bulgaria,2010,1A3D2,ABFLOW032,Natural gas,,,0.0
Bulgaria,2010,1A3D2,ABFLOW032,Oil,,,0.0
Bulgaria,2010,1A3E1,ABFLOW033,Coal,,,0.0
Bulgaria,2010,1A3E1,ABFLOW033,Natural gas,,,0.0
Bulgaria,2010,1A3E1,ABFLOW033,Oil,,,0.0
Bulgaria,2010,1A4A,ABFLOW035,Coal,,,0.0
Bulgaria,2010,1A4A,ABFLOW035,Natural gas,,,0.0
Bulgaria,2010,1A4A,ABFLOW035,Oil,,,0.0
Bulgaria,2010,1A4B,ABFLOW034,Coal,,,0.0
Bulgaria,2010,1A4B,ABFLOW034,Natural gas,,,0.0
Bulgaria,2010,1A4B,ABFLOW034,Oil,,,0.0
Bulgaria,2010,1A4C1,ABFLOW036,Coal,,,0.0
Bulgaria,2010,1A4C1,ABFLOW036,Natural gas,,,0.0
Bulgaria,2010,1A4C1,ABFLOW036,Oil,,,0.0
Bulgaria,2010,1A4C2,ABFLOW037,Coal,,,0.0
Bulgaria,2010,1A4C2,ABFLOW037,Natural gas,,,0.0
Bulgaria,2010,1A4C2,ABFLOW037,Oil,,,0.0
Bulgaria,2010,1A5,ABFLOW038,Coal,,,0.0
Bulgaria,2010,1A5,ABFLOW038,Natural gas,,,0.0
Bulgaria,2010,1A5,ABFLOW038,Oil,,,0.0
Bulgaria,2011,1A,ABFLOW001,Coal,,,0.0
Bulgaria,2011,1A,ABFLOW001,Natural gas,,,0.0
Bulgaria,2011,1A,ABFLOW001,Oil,,,0.0
Bulgaria,2011,1A1A,ABFLOW002,Coal,,,0.0
Bulgaria,2011,1A1A,ABFLOW002,Natural gas,,,0.0
Bulgaria,2011,1A1A,ABFLOW002,Oil,,,0.0
Bulgaria,2011,1A1A1,ABFLOW003,Coal,20.594396795374664,,20.594396795374664
Bulgaria,2011,1A1A1,ABFLOW003,Natural gas,20.594396795374664,,20.594396795374664
Bulgaria,2011,1A1A1,ABFLOW003,Oil,20.594396795374664,,20.594396795374664
Bulgaria,2011,1A1A2,ABFLOW004,Coal,20.594396795374664,,20.594396795374664
Bulgaria,2011,1A1A2,ABFLOW004,Natural gas,20.594396795374664,,20.594396795374664
Bulgaria,2011,1A1A2,ABFLOW004,Oil,20.594396795374664,,20.594396795374664
Bulgaria,2011,1A1A3,ABFLOW005,Coal,20.594396795374664,,20.594396795374664
Bulgaria,2011,1A1A3,ABFLOW005,Natural gas,20.594396795374664,,20.594396795374664
Bulgaria,2011,1A1A3,ABFLOW005,Oil,20.594396795374664,,20.594396795374664
Bulgaria,2011,1A1B,ABFLOW011,Coal,20.594396795374664,,20.594396795374664
Bulgaria,2011,1A1B,ABFLOW011,Natural gas,20.594396795374664,,20.594396795374664
Bulgaria,2011,1A1B,ABFLOW011,Oil,20.594396795374664,,20.594396795374664
Bulgaria,2011,1A1C,ABFLOW011,Coal,20.594396795374664,,20.594396795374664
Bulgaria,2011,1A1C,ABFLOW011,Natural gas,20.594396795374664,,20.594396795374664
Bulgaria,2011,1A1C,ABFLOW011,Oil,20.594396795374664,,20.594396795374664
Bulgaria,2011,1A2,ABFLOW012,Coal,,,0.0
Bulgaria,2011,1A2,ABFLOW012,Natural gas,,,0.0
Bulgaria,2011,1A2,ABFLOW012,Oil,,,0.0
Bulgaria,2011,1A2A,ABFLOW016,Coal,20.594396795374664,,20.594396795374664
Bulgaria,2011,1A2A,ABFLOW016,Natural gas,20.594396795374664,,20.594396795374664
Bulgaria,2011,1A2A,ABFLOW016,Oil,20.594396795374664,,20.594396795374664
Bulgaria,2011,1A2B,ABFLOW018,Coal,20.594396795374664,,20.594396795374664
Bulgaria,2011,1A2B,ABFLOW018,Natural gas,20.594396795374664,,20.594396795374664
Bulgaria,2011,1A2B,ABFLOW018,Oil,20.594396795374664,,20.594396795374664
Bulgaria,2011,1A2C,ABFLOW017,Coal,20.594396795374664,,20.594396795374664
Bulgaria,2011,1A2C,ABFLOW017,Natural gas,20.594396795374664,,20.594396795374664
Bulgaria,2011,1A2C,ABFLOW017,Oil,20.594396795374664,,20.594396795374664
Bulgaria,2011,1A2D,ABFLOW023,Coal,20.594396795374664,,20.594396795374664
Bulgaria,2011,1A2D,ABFLOW023,Natural gas,20.594396795374664,,20.594396795374664
Bulgaria,2011,1A2D,ABFLOW023,Oil,20.594396795374664,,20.594396795374664
Bulgaria,2011,1A2E,ABFLOW022,Coal,20.594396795374664,,20.594396795374664
Bulgaria,2011,1A2E,ABFLOW022,Natural gas,20.594396795374664,,20.594396795374664
Bulgaria,2011,1A2E,ABFLOW022,Oil,20.594396795374664,,20.594396795374664
Bulgaria,2011,1A2F,ABFLOW019,Coal,20.594396795374664,,20.594396795374664
Bulgaria,2011,1A2F,ABFLOW019,Natural gas,20.594396795374664,,20.594396795374664
Bulgaria,2011,1A2F,ABFLOW019,Oil,20.594396795374664,,20.594396795374664
Bulgaria,2011,1A2G,ABFLOW020,Coal,20.594396795374664,,20.594396795374664
Bulgaria,2011,1A2G,ABFLOW020,Natural gas,20.594396795374664,,20.594396795374664
Bulgaria,2011,1A2G,ABFLOW020,Oil,20.594396795374664,,20.594396795374664
Bulgaria,2011,1A2H,ABFLOW021,Coal,20.594396795374664,,20.594396795374664
Bulgaria,2011,1A2H,ABFLOW021,Natural gas,20.594396795374664,,20.594396795374664
Bulgaria,2011,1A2H,ABFLOW021,Oil,20.594396795374664,,20.594396795374664
Bulgaria,2011,1A2I,ABFLOW013,Coal,20.594396795374664,,20.594396795374664
Bulgaria,2011,1A2I,ABFLOW013,Natural gas,20.594396795374664,,20.594396795374664
Bulgaria,2011,1A2I,ABFLOW013,Oil,20.594396795374664,,20.594396795374664
Bulgaria,2011,1A2J,ABFLOW024,Coal,20.594396795374664,,20.594396795374664
Bulgaria,2011,1A2J,ABFLOW024,Natural gas,20.594396795374664,,20.594396795374664
Bulgaria,2011,1A2J,ABFLOW024,Oil,20.594396795374664,,20.594396795374664
Bulgaria,2011,1A2K,ABFLOW014,Coal,20.594396795374664,,20.594396795374664
Bulgaria,2011,1A2K,ABFLOW014,Natural gas,20.594396795374664,,20.594396795374664
Bulgaria,2011,1A2K,ABFLOW014,Oil,20.594396795374664,,20.594396795374664
Bulgaria,2011,1A2L,ABFLOW025,Coal,20.594396795374664,,20.594396795374664
Bulgaria,2011,1A2L,ABFLOW025,Natural gas,20.594396795374664,,20.594396795374664
Bulgaria,2011,1A2L,ABFLOW025,Oil,20.594396795374664,,20.594396795374664
Bulgaria,2011,1A2M,ABFLOW026,Coal,20.594396795374664,,20.594396795374664
Bulgaria,2011,1A2M,ABFLOW026,Natural gas,20.594396795374664,,20.594396795374664
Bulgaria,2011,1A2M,ABFLOW026,Oil,20.594396795374664,,20.594396795374664
Bulgaria,2011,1A3,ABFLOW027,Coal,,,0.0
Bulgaria,2011,1A3,ABFLOW027,Natural gas,,,0.0
Bulgaria,2011,1A3,ABFLOW027,Oil,,,0.0
Bulgaria,2011,1A3A1,ABFLOW040,Coal,,,0.0
Bulgaria,2011,1A3A1,ABFLOW040,Natural gas,,,0.0
Bulgaria,2011,1A3A1,ABFLOW040,Oil,,,0.0
Bulgaria,2011,1A3A2,ABFLOW029,Coal,,,0.0
Bulgaria,2011,1A3A2,ABFLOW029,Natural gas,,,0.0
Bulgaria,2011,1A3A2,ABFLOW029,Oil,,,0.0
Bulgaria,2011,1A3B,ABFLOW028,Coal,,,0.0
Bulgaria,2011,1A3B,ABFLOW028,Natural gas,,,0.0
Bulgaria,2011,1A3B,ABFLOW028,Oil,,,0.0
Bulgaria,2011,1A3C,ABFLOW030,Coal,,,0.0
Bulgaria,2011,1A3C,ABFLOW030,Natural gas,,,0.0
Bulgaria,2011,1A3C,ABFLOW030,Oil,,,0.0
Bulgaria,2011,1A3D1,ABFLOW039,Coal,,,0.0
Bulgaria,2011,1A3D1,ABFLOW039,Natural gas,,,0.0
Bulgaria,2011,1A3D1,ABFLOW039,Oil,,,0.0
Bulgaria,2011,1A3D2,ABFLOW032,Coal,,,0.0
Bulgaria,2011,1A3D2,ABFLOW032,Natural gas,,,0.0
Bulgaria,2011,1A3D2,ABFLOW032,Oil,,,0.0
Bulgaria,2011,1A3E1,ABFLOW033,Coal,,,0.0
Bulgaria,2011,1A3E1,ABFLOW033,Natural gas,,,0.0
Bulgaria,2011,1A3E1,ABFLOW033,Oil,,,0.0
Bulgaria,2011,1A4A,ABFLOW035,Coal,,,0.0
Bulgaria,2011,1A4A,ABFLOW035,Natural gas,,,0.0
Bulgaria,2011,1A4A,ABFLOW035,Oil,,,0.0
Bulgaria,2011,1A4B,ABFLOW034,Coal,,,0.0
Bulgaria,2011,1A4B,ABFLOW034,Natural gas,,,0.0
Bulgaria,2011,1A4B,ABFLOW034,Oil,,,0.0
Bulgaria,2011,1A4C1,ABFLOW036,Coal,,,0.0
Bulgaria,2011,1A4C1,ABFLOW036,Natural gas,,,0.0
Bulgaria,2011,1A4C1,ABFLOW036,Oil,,,0.0
Bulgaria,2011,1A4C2,ABFLOW037,Coal,,,0.0
Bulgaria,2011,1A4C2,ABFLOW037,Natural gas,,,0.0
Bulgaria,2011,1A4C2,ABFLOW037,Oil,,,0.0
Bulgaria,2011,1A5,ABFLOW038,Coal,,,0.0
Bulgaria,2011,1A5,ABFLOW038,Natural gas,,,0.0
Bulgaria,2011,1A5,ABFLOW038,Oil,,,0.0
Bulgaria,2012,1A,ABFLOW001,Coal,,,0.0
Bulgaria,2012,1A,ABFLOW001,Natural gas,,,0.0
Bulgaria,2012,1A,ABFLOW001,Oil,,,0.0
Bulgaria,2012,1A1A,ABFLOW002,Coal,,,0.0
Bulgaria,2012,1A1A,ABFLOW002,Natural gas,,,0.0
Bulgaria,2012,1A1A,ABFLOW002,Oil,,,0.0
Bulgaria,2012,1A1A1,ABFLOW003,Coal,11.616296604681786,,11.616296604681786
Bulgaria,2012,1A1A1,ABFLOW003,Natural gas,11.616296604681786,,11.616296604681786
Bulgaria,2012,1A1A1,ABFLOW003,Oil,11.616296604681786,,11.616296604681786
Bulgaria,2012,1A1A2,ABFLOW004,Coal,11.616296604681786,,11.616296604681786
Bulgaria,2012,1A1A2,ABFLOW004,Natural gas,11.616296604681786,,11.616296604681786
Bulgaria,2012,1A1A2,ABFLOW004,Oil,11.616296604681786,,11.616296604681786
Bulgaria,2012,1A1A3,ABFLOW005,Coal,11.616296604681786,,11.616296604681786
Bulgaria,2012,1A1A3,ABFLOW005,Natural gas,11.616296604681786,,11.616296604681786
Bulgaria,2012,1A1A3,ABFLOW005,Oil,11.616296604681786,,11.616296604681786
Bulgaria,2012,1A1B,ABFLOW011,Coal,11.616296604681786,,11.616296604681786
Bulgaria,2012,1A1B,ABFLOW011,Natural gas,11.616296604681786,,11.616296604681786
Bulgaria,2012,1A1B,ABFLOW011,Oil,11.616296604681786,,11.616296604681786
Bulgaria,2012,1A1C,ABFLOW011,Coal,11.616296604681786,,11.616296604681786
Bulgaria,2012,1A1C,ABFLOW011,Natural gas,11.616296604681786,,11.616296604681786
Bulgaria,2012,1A1C,ABFLOW011,Oil,11.616296604681786,,11.616296604681786
Bulgaria,2012,1A2,ABFLOW012,Coal,,,0.0
Bulgaria,2012,1A2,ABFLOW012,Natural gas,,,0.0
Bulgaria,2012,1A2,ABFLOW012,Oil,,,0.0
Bulgaria,2012,1A2A,ABFLOW016,Coal,11.616296604681786,,11.616296604681786
Bulgaria,2012,1A2A,ABFLOW016,Natural gas,11.616296604681786,,11.616296604681786
Bulgaria,2012,1A2A,ABFLOW016,Oil,11.616296604681786,,11.616296604681786
Bulgaria,2012,1A2B,ABFLOW018,Coal,11.616296604681786,,11.616296604681786
Bulgaria,2012,1A2B,ABFLOW018,Natural gas,11.616296604681786,,11.616296604681786
Bulgaria,2012,1A2B,ABFLOW018,Oil,11.616296604681786,,11.616296604681786
Bulgaria,2012,1A2C,ABFLOW017,Coal,11.616296604681786,,11.616296604681786
Bulgaria,2012,1A2C,ABFLOW017,Natural gas,11.616296604681786,,11.616296604681786
Bulgaria,2012,1A2C,ABFLOW017,Oil,11.616296604681786,,11.616296604681786
Bulgaria,2012,1A2D,ABFLOW023,Coal,11.616296604681786,,11.616296604681786
Bulgaria,2012,1A2D,ABFLOW023,Natural gas,11.616296604681786,,11.616296604681786
Bulgaria,2012,1A2D,ABFLOW023,Oil,11.616296604681786,,11.616296604681786
Bulgaria,2012,1A2E,ABFLOW022,Coal,11.616296604681786,,11.616296604681786
Bulgaria,2012,1A2E,ABFLOW022,Natural gas,11.616296604681786,,11.616296604681786
Bulgaria,2012,1A2E,ABFLOW022,Oil,11.616296604681786,,11.616296604681786
Bulgaria,2012,1A2F,ABFLOW019,Coal,11.616296604681786,,11.616296604681786
Bulgaria,2012,1A2F,ABFLOW019,Natural gas,11.616296604681786,,11.616296604681786
Bulgaria,2012,1A2F,ABFLOW019,Oil,11.616296604681786,,11.616296604681786
Bulgaria,2012,1A2G,ABFLOW020,Coal,11.616296604681786,,11.616296604681786
Bulgaria,2012,1A2G,ABFLOW020,Natural gas,11.616296604681786,,11.616296604681786
Bulgaria,2012,1A2G,ABFLOW020,Oil,11.616296604681786,,11.616296604681786
Bulgaria,2012,1A2H,ABFLOW021,Coal,11.616296604681786,,11.616296604681786
Bulgaria,2012,1A2H,ABFLOW021,Natural gas,11.616296604681786,,11.616296604681786
Bulgaria,2012,1A2H,ABFLOW021,Oil,11.616296604681786,,11.616296604681786
Bulgaria,2012,1A2I,ABFLOW013,Coal,11.616296604681786,,11.616296604681786
Bulgaria,2012,1A2I,ABFLOW013,Natural gas,11.616296604681786,,11.616296604681786
Bulgaria,2012,1A2I,ABFLOW013,Oil,11.616296604681786,,11.616296604681786
Bulgaria,2012,1A2J,ABFLOW024,Coal,11.616296604681786,,11.616296604681786
Bulgaria,2012,1A2J,ABFLOW024,Natural gas,11.616296604681786,,11.616296604681786
Bulgaria,2012,1A2J,ABFLOW024,Oil,11.616296604681786,,11.616296604681786
Bulgaria,2012,1A2K,ABFLOW014,Coal,11.616296604681786,,11.616296604681786
Bulgaria,2012,1A2K,ABFLOW014,Natural gas,11.616296604681786,,11.616296604681786
Bulgaria,2012,1A2K,ABFLOW014,Oil,11.616296604681786,,11.616296604681786
Bulgaria,2012,1A2L,ABFLOW025,Coal,11.616296604681786,,11.616296604681786
Bulgaria,2012,1A2L,ABFLOW025,Natural gas,11.616296604681786,,11.616296604681786
Bulgaria,2012,1A2L,ABFLOW025,Oil,11.616296604681786,,11.616296604681786
Bulgaria,2012,1A2M,ABFLOW026,Coal,11.616296604681786,,11.616296604681786
Bulgaria,2012,1A2M,ABFLOW026,Natural gas,11.616296604681786,,11.616296604681786
Bulgaria,2012,1A2M,ABFLOW026,Oil,11.616296604681786,,11.616296604681786
Bulgaria,2012,1A3,ABFLOW027,Coal,,,0.0
Bulgaria,2012,1A3,ABFLOW027,Natural gas,,,0.0
Bulgaria,2012,1A3,ABFLOW027,Oil,,,0.0
Bulgaria,2012,1A3A1,ABFLOW040,Coal,11.616296604681786,,11.616296604681786
Bulgaria,2012,1A3A1,ABFLOW040,Natural gas,11.616296604681786,,11.616296604681786
Bulgaria,2012,1A3A1,ABFLOW040,Oil,11.616296604681786,,11.616296604681786
Bulgaria,2012,1A3A2,ABFLOW029,Coal,11.616296604681786,,11.616296604681786
Bulgaria,2012,1A3A2,ABFLOW029,Natural gas,11.616296604681786,,11.616296604681786
Bulgaria,2012,1A3A2,ABFLOW029,Oil,11.616296604681786,,11.616296604681786
Bulgaria,2012,1A3B,ABFLOW028,Coal,,,0.0
Bulgaria,2012,1A3B,ABFLOW028,Natural gas,,,0.0
Bulgaria,2012,1A3B,ABFLOW028,Oil,,,0.0
Bulgaria,2012,1A3C,ABFLOW030,Coal,,,0.0
Bulgaria,2012,1A3C,ABFLOW030,Natural gas,,,0.0
Bulgaria,2012,1A3C,ABFLOW030,Oil,,,0.0
Bulgaria,2012,1A3D1,ABFLOW039,Coal,,,0.0
Bulgaria,2012,1A3D1,ABFLOW039,Natural gas,,,0.0
Bulgaria,2012,1A3D1,ABFLOW039,Oil,,,0.0
Bulgaria,2012,1A3D2,ABFLOW032,Coal,,,0.0
Bulgaria,2012,1A3D2,ABFLOW032,Natural gas,,,0.0
Bulgaria,2012,1A3D2,ABFLOW032,Oil,,,0.0
Bulgaria,2012,1A3E1,ABFLOW033,Coal,,,0.0
Bulgaria,2012,1A3E1,ABFLOW033,Natural gas,,,0.0
Bulgaria,2012,1A3E1,ABFLOW033,Oil,,,0.0
Bulgaria,2012,1A4A,ABFLOW035,Coal,,,0.0
Bulgaria,2012,1A4A,ABFLOW035,Natural gas,,,0.0
Bulgaria,2012,1A4A,ABFLOW035,Oil,,,0.0
Bulgaria,2012,1A4B,ABFLOW034,Coal,,,0.0
Bulgaria,2012,1A4B,ABFLOW034,Natural gas,,,0.0
Bulgaria,2012,1A4B,ABFLOW034,Oil,,,0.0
Bulgaria,2012,1A4C1,ABFLOW036,Coal,,,0.0
Bulgaria,2012,1A4C1,ABFLOW036,Natural gas,,,0.0
Bulgaria,2012,1A4C1,ABFLOW036,Oil,,,0.0
Bulgaria,2012,1A4C2,ABFLOW037,Coal,,,0.0
Bulgaria,2012,1A4C2,ABFLOW037,Natural gas,,,0.0
Bulgaria,2012,1A4C2,ABFLOW037,Oil,,,0.0
Bulgaria,2012,1A5,ABFLOW038,Coal,,,0.0
Bulgaria,2012,1A5,ABFLOW038,Natural gas,,,0.0
Bulgaria,2012,1A5,ABFLOW038,Oil,,,0.0
Bulgaria,2013,1A,ABFLOW001,Coal,,,0.0
Bulgaria,2013,1A,ABFLOW001,Natural gas,,,0.0
Bulgaria,2013,1A,ABFLOW001,Oil,,,0.0
Bulgaria,2013,1A1A,ABFLOW002,Coal,,,0.0
Bulgaria,2013,1A1A,ABFLOW002,Natural gas,,,0.0
Bulgaria,2013,1A1A,ABFLOW002,Oil,,,0.0
Bulgaria,2013,1A1A1,ABFLOW003,Coal,7.030828159547989,,7.030828159547989
Bulgaria,2013,1A1A1,ABFLOW003,Natural gas,7.030828159547989,,7.030828159547989
Bulgaria,2013,1A1A1,ABFLOW003,Oil,7.030828159547989,,7.030828159547989
Bulgaria,2013,1A1A2,ABFLOW004,Coal,7.030828159547989,,7.030828159547989
Bulgaria,2013,1A1A2,ABFLOW004,Natural gas,7.030828159547989,,7.030828159547989
Bulgaria,2013,1A1A2,ABFLOW004,Oil,7.030828159547989,,7.030828159547989
Bulgaria,2013,1A1A3,ABFLOW005,Coal,7.030828159547989,,7.030828159547989
Bulgaria,2013,1A1A3,ABFLOW005,Natural gas,7.030828159547989,,7.030828159547989
Bulgaria,2013,1A1A3,ABFLOW005,Oil,7.030828159547989,,7.030828159547989
Bulgaria,2013,1A1B,ABFLOW011,Coal,7.030828159547989,,7.030828159547989
Bulgaria,2013,1A1B,ABFLOW011,Natural gas,7.030828159547989,,7.030828159547989
Bulgaria,2013,1A1B,ABFLOW011,Oil,7.030828159547989,,7.030828159547989
Bulgaria,2013,1A1C,ABFLOW011,Coal,7.030828159547989,,7.030828159547989
Bulgaria,2013,1A1C,ABFLOW011,Natural gas,7.030828159547989,,7.030828159547989
Bulgaria,2013,1A1C,ABFLOW011,Oil,7.030828159547989,,7.030828159547989
Bulgaria,2013,1A2,ABFLOW012,Coal,,,0.0
Bulgaria,2013,1A2,ABFLOW012,Natural gas,,,0.0
Bulgaria,2013,1A2,ABFLOW012,Oil,,,0.0
Bulgaria,2013,1A2A,ABFLOW016,Coal,7.030828159547989,,7.030828159547989
Bulgaria,2013,1A2A,ABFLOW016,Natural gas,7.030828159547989,,7.030828159547989
Bulgaria,2013,1A2A,ABFLOW016,Oil,7.030828159547989,,7.030828159547989
Bulgaria,2013,1A2B,ABFLOW018,Coal,7.030828159547989,,7.030828159547989
Bulgaria,2013,1A2B,ABFLOW018,Natural gas,7.030828159547989,,7.030828159547989
Bulgaria,2013,1A2B,ABFLOW018,Oil,7.030828159547989,,7.030828159547989
Bulgaria,2013,1A2C,ABFLOW017,Coal,7.030828159547989,,7.030828159547989
Bulgaria,2013,1A2C,ABFLOW017,Natural gas,7.030828159547989,,7.030828159547989
Bulgaria,2013,1A2C,ABFLOW017,Oil,7.030828159547989,,7.030828159547989
Bulgaria,2013,1A2D,ABFLOW023,Coal,7.030828159547989,,7.030828159547989
Bulgaria,2013,1A2D,ABFLOW023,Natural gas,7.030828159547989,,7.030828159547989
Bulgaria,2013,1A2D,ABFLOW023,Oil,7.030828159547989,,7.030828159547989
Bulgaria,2013,1A2E,ABFLOW022,Coal,7.030828159547989,,7.030828159547989
Bulgaria,2013,1A2E,ABFLOW022,Natural gas,7.030828159547989,,7.030828159547989
Bulgaria,2013,1A2E,ABFLOW022,Oil,7.030828159547989,,7.030828159547989
Bulgaria,2013,1A2F,ABFLOW019,Coal,7.030828159547989,,7.030828159547989
Bulgaria,2013,1A2F,ABFLOW019,Natural gas,7.030828159547989,,7.030828159547989
Bulgaria,2013,1A2F,ABFLOW019,Oil,7.030828159547989,,7.030828159547989
Bulgaria,2013,1A2G,ABFLOW020,Coal,7.030828159547989,,7.030828159547989
Bulgaria,2013,1A2G,ABFLOW020,Natural gas,7.030828159547989,,7.030828159547989
Bulgaria,2013,1A2G,ABFLOW020,Oil,7.030828159547989,,7.030828159547989
Bulgaria,2013,1A2H,ABFLOW021,Coal,7.030828159547989,,7.030828159547989
Bulgaria,2013,1A2H,ABFLOW021,Natural gas,7.030828159547989,,7.030828159547989
Bulgaria,2013,1A2H,ABFLOW021,Oil,7.030828159547989,,7.030828159547989
Bulgaria,2013,1A2I,ABFLOW013,Coal,7.030828159547989,,7.030828159547989
Bulgaria,2013,1A2I,ABFLOW013,Natural gas,7.030828159547989,,7.030828159547989
Bulgaria,2013,1A2I,ABFLOW013,Oil,7.030828159547989,,7.030828159547989
Bulgaria,2013,1A2J,ABFLOW024,Coal,7.030828159547989,,7.030828159547989
Bulgaria,2013,1A2J,ABFLOW024,Natural gas,7.030828159547989,,7.030828159547989
Bulgaria,2013,1A2J,ABFLOW024,Oil,7.030828159547989,,7.030828159547989
Bulgaria,2013,1A2K,ABFLOW014,Coal,7.030828159547989,,7.030828159547989
Bulgaria,2013,1A2K,ABFLOW014,Natural gas,7.030828159547989,,7.030828159547989
Bulgaria,2013,1A2K,ABFLOW014,Oil,7.030828159547989,,7.030828159547989
Bulgaria,2013,1A2L,ABFLOW025,Coal,7.030828159547989,,7.030828159547989
Bulgaria,2013,1A2L,ABFLOW025,Natural gas,7.030828159547989,,7.030828159547989
Bulgaria,2013,1A2L,ABFLOW025,Oil,7.030828159547989,,7.030828159547989
Bulgaria,2013,1A2M,ABFLOW026,Coal,7.030828159547989,,7.030828159547989
Bulgaria,2013,1A2M,ABFLOW026,Natural gas,7.030828159547989,,7.030828159547989
Bulgaria,2013,1A2M,ABFLOW026,Oil,7.030828159547989,,7.030828159547989
Bulgaria,2013,1A3,ABFLOW027,Coal,,,0.0
Bulgaria,2013,1A3,ABFLOW027,Natural gas,,,0.0
Bulgaria,2013,1A3,ABFLOW027,Oil,,,0.0
Bulgaria,2013,1A3A1,ABFLOW040,Coal,3.5857223613694744,,3.5857223613694744
Bulgaria,2013,1A3A1,ABFLOW040,Natural gas,3.5857223613694744,,3.5857223613694744
Bulgaria,2013,1A3A1,ABFLOW040,Oil,3.5857223613694744,,3.5857223613694744
Bulgaria,2013,1A3A2,ABFLOW029,Coal,7.030828159547989,,7.030828159547989
Bulgaria,2013,1A3A2,ABFLOW029,Natural gas,7.030828159547989,,7.030828159547989
Bulgaria,2013,1A3A2,ABFLOW029,Oil,7.030828159547989,,7.030828159547989
Bulgaria,2013,1A3B,ABFLOW028,Coal,,,0.0
Bulgaria,2013,1A3B,ABFLOW028,Natural gas,,,0.0
Bulgaria,2013,1A3B,ABFLOW028,Oil,,,0.0
Bulgaria,2013,1A3C,ABFLOW030,Coal,,,0.0
Bulgaria,2013,1A3C,ABFLOW030,Natural gas,,,0.0
Bulgaria,2013,1A3C,ABFLOW030,Oil,,,0.0
Bulgaria,2013,1A3D1,ABFLOW039,Coal,,,0.0
Bulgaria,2013,1A3D1,ABFLOW039,Natural gas,,,0.0
Bulgaria,2013,1A3D1,ABFLOW039,Oil,,,0.0
Bulgaria,2013,1A3D2,ABFLOW032,Coal,,,0.0
Bulgaria,2013,1A3D2,ABFLOW032,Natural gas,,,0.0
Bulgaria,2013,1A3D2,ABFLOW032,Oil,,,0.0
Bulgaria,2013,1A3E1,ABFLOW033,Coal,,,0.0
Bulgaria,2013,1A3E1,ABFLOW033,Natural gas,,,0.0
Bulgaria,2013,1A3E1,ABFLOW033,Oil,,,0.0
Bulgaria,2013,1A4A,ABFLOW035,Coal,,,0.0
Bulgaria,2013,1A4A,ABFLOW035,Natural gas,,,0.0
Bulgaria,2013,1A4A,ABFLOW035,Oil,,,0.0
Bulgaria,2013,1A4B,ABFLOW034,Coal,,,0.0
Bulgaria,2013,1A4B,ABFLOW034,Natural gas,,,0.0
Bulgaria,2013,1A4B,ABFLOW034,Oil,,,0.0
Bulgaria,2013,1A4C1,ABFLOW036,Coal,,,0.0
Bulgaria,2013,1A4C1,ABFLOW036,Natural gas,,,0.0
Bulgaria,2013,1A4C1,ABFLOW036,Oil,,,0.0
Bulgaria,2013,1A4C2,ABFLOW037,Coal,,,0.0
Bulgaria,2013,1A4C2,ABFLOW037,Natural gas,,,0.0
Bulgaria,2013,1A4C2,ABFLOW037,Oil,,,0.0
Bulgaria,2013,1A5,ABFLOW038,Coal,,,0.0
Bulgaria,2013,1A5,ABFLOW038,Natural gas,,,0.0
Bulgaria,2013,1A5,ABFLOW038,Oil,,,0.0
Bulgaria,2014,1A,ABFLOW001,Coal,,,0.0
Bulgaria,2014,1A,ABFLOW001,Natural gas,,,0.0
Bulgaria,2014,1A,ABFLOW001,Oil,,,0.0
Bulgaria,2014,1A1A,ABFLOW002,Coal,,,0.0
Bulgaria,2014,1A1A,ABFLOW002,Natural gas,,,0.0
Bulgaria,2014,1A1A,ABFLOW002,Oil,,,0.0
Bulgaria,2014,1A1A1,ABFLOW003,Coal,9.234888816221938,,9.234888816221938
Bulgaria,2014,1A1A1,ABFLOW003,Natural gas,9.234888816221938,,9.234888816221938
Bulgaria,2014,1A1A1,ABFLOW003,Oil,9.234888816221938,,9.234888816221938
Bulgaria,2014,1A1A2,ABFLOW004,Coal,9.234888816221938,,9.234888816221938
Bulgaria,2014,1A1A2,ABFLOW004,Natural gas,9.234888816221938,,9.234888816221938
Bulgaria,2014,1A1A2,ABFLOW004,Oil,9.234888816221938,,9.234888816221938
Bulgaria,2014,1A1A3,ABFLOW005,Coal,9.234888816221938,,9.234888816221938
Bulgaria,2014,1A1A3,ABFLOW005,Natural gas,9.234888816221938,,9.234888816221938
Bulgaria,2014,1A1A3,ABFLOW005,Oil,9.234888816221938,,9.234888816221938
Bulgaria,2014,1A1B,ABFLOW011,Coal,9.234888816221938,,9.234888816221938
Bulgaria,2014,1A1B,ABFLOW011,Natural gas,9.234888816221938,,9.234888816221938
Bulgaria,2014,1A1B,ABFLOW011,Oil,9.234888816221938,,9.234888816221938
Bulgaria,2014,1A1C,ABFLOW011,Coal,9.234888816221938,,9.234888816221938
Bulgaria,2014,1A1C,ABFLOW011,Natural gas,9.234888816221938,,9.234888816221938
Bulgaria,2014,1A1C,ABFLOW011,Oil,9.234888816221938,,9.234888816221938
Bulgaria,2014,1A2,ABFLOW012,Coal,,,0.0
Bulgaria,2014,1A2,ABFLOW012,Natural gas,,,0.0
Bulgaria,2014,1A2,ABFLOW012,Oil,,,0.0
Bulgaria,2014,1A2A,ABFLOW016,Coal,9.234888816221938,,9.234888816221938
Bulgaria,2014,1A2A,ABFLOW016,Natural gas,9.234888816221938,,9.234888816221938
Bulgaria,2014,1A2A,ABFLOW016,Oil,9.234888816221938,,9.234888816221938
Bulgaria,2014,1A2B,ABFLOW018,Coal,9.234888816221938,,9.234888816221938
Bulgaria,2014,1A2B,ABFLOW018,Natural gas,9.234888816221938,,9.234888816221938
Bulgaria,2014,1A2B,ABFLOW018,Oil,9.234888816221938,,9.234888816221938
Bulgaria,2014,1A2C,ABFLOW017,Coal,9.234888816221938,,9.234888816221938
Bulgaria,2014,1A2C,ABFLOW017,Natural gas,9.234888816221938,,9.234888816221938
Bulgaria,2014,1A2C,ABFLOW017,Oil,9.234888816221938,,9.234888816221938
Bulgaria,2014,1A2D,ABFLOW023,Coal,9.234888816221938,,9.234888816221938
Bulgaria,2014,1A2D,ABFLOW023,Natural gas,9.234888816221938,,9.234888816221938
Bulgaria,2014,1A2D,ABFLOW023,Oil,9.234888816221938,,9.234888816221938
Bulgaria,2014,1A2E,ABFLOW022,Coal,9.234888816221938,,9.234888816221938
Bulgaria,2014,1A2E,ABFLOW022,Natural gas,9.234888816221938,,9.234888816221938
Bulgaria,2014,1A2E,ABFLOW022,Oil,9.234888816221938,,9.234888816221938
Bulgaria,2014,1A2F,ABFLOW019,Coal,9.234888816221938,,9.234888816221938
Bulgaria,2014,1A2F,ABFLOW019,Natural gas,9.234888816221938,,9.234888816221938
Bulgaria,2014,1A2F,ABFLOW019,Oil,9.234888816221938,,9.234888816221938
Bulgaria,2014,1A2G,ABFLOW020,Coal,9.234888816221938,,9.234888816221938
Bulgaria,2014,1A2G,ABFLOW020,Natural gas,9.234888816221938,,9.234888816221938
Bulgaria,2014,1A2G,ABFLOW020,Oil,9.234888816221938,,9.234888816221938
Bulgaria,2014,1A2H,ABFLOW021,Coal,9.234888816221938,,9.234888816221938
Bulgaria,2014,1A2H,ABFLOW021,Natural gas,9.234888816221938,,9.234888816221938
Bulgaria,2014,1A2H,ABFLOW021,Oil,9.234888816221938,,9.234888816221938
Bulgaria,2014,1A2I,ABFLOW013,Coal,9.234888816221938,,9.234888816221938
Bulgaria,2014,1A2I,ABFLOW013,Natural gas,9.234888816221938,,9.234888816221938
Bulgaria,2014,1A2I,ABFLOW013,Oil,9.234888816221938,,9.234888816221938
Bulgaria,2014,1A2J,ABFLOW024,Coal,9.234888816221938,,9.234888816221938
Bulgaria,2014,1A2J,ABFLOW024,Natural gas,9.234888816221938,,9.234888816221938
Bulgaria,2014,1A2J,ABFLOW024,Oil,9.234888816221938,,9.234888816221938
Bulgaria,2014,1A2K,ABFLOW014,Coal,9.234888816221938,,9.234888816221938
Bulgaria,2014,1A2K,ABFLOW014,Natural gas,9.234888816221938,,9.234888816221938
Bulgaria,2014,1A2K,ABFLOW014,Oil,9.234888816221938,,9.234888816221938
Bulgaria,2014,1A2L,ABFLOW025,Coal,9.234888816221938,,9.234888816221938
Bulgaria,2014,1A2L,ABFLOW025,Natural gas,9.234888816221938,,9.234888816221938
Bulgaria,2014,1A2L,ABFLOW025,Oil,9.234888816221938,,9.234888816221938
Bulgaria,2014,1A2M,ABFLOW026,Coal,9.234888816221938,,9.234888816221938
Bulgaria,2014,1A2M,ABFLOW026,Natural gas,9.234888816221938,,9.234888816221938
Bulgaria,2014,1A2M,ABFLOW026,Oil,9.234888816221938,,9.234888816221938
Bulgaria,2014,1A3,ABFLOW027,Coal,,,0.0
Bulgaria,2014,1A3,ABFLOW027,Natural gas,,,0.0
Bulgaria,2014,1A3,ABFLOW027,Oil,,,0.0
Bulgaria,2014,1A3A1,ABFLOW040,Coal,4.7097932962731885,,4.7097932962731885
Bulgaria,2014,1A3A1,ABFLOW040,Natural gas,4.7097932962731885,,4.7097932962731885
Bulgaria,2014,1A3A1,ABFLOW040,Oil,4.7097932962731885,,4.7097932962731885
Bulgaria,2014,1A3A2,ABFLOW029,Coal,9.234888816221938,,9.234888816221938
Bulgaria,2014,1A3A2,ABFLOW029,Natural gas,9.234888816221938,,9.234888816221938
Bulgaria,2014,1A3A2,ABFLOW029,Oil,9.234888816221938,,9.234888816221938
Bulgaria,2014,1A3B,ABFLOW028,Coal,,,0.0
Bulgaria,2014,1A3B,ABFLOW028,Natural gas,,,0.0
Bulgaria,2014,1A3B,ABFLOW028,Oil,,,0.0
Bulgaria,2014,1A3C,ABFLOW030,Coal,,,0.0
Bulgaria,2014,1A3C,ABFLOW030,Natural gas,,,0.0
Bulgaria,2014,1A3C,ABFLOW030,Oil,,,0.0
Bulgaria,2014,1A3D1,ABFLOW039,Coal,,,0.0
Bulgaria,2014,1A3D1,ABFLOW039,Natural gas,,,0.0
Bulgaria,2014,1A3D1,ABFLOW039,Oil,,,0.0
Bulgaria,2014,1A3D2,ABFLOW032,Coal,,,0.0
Bulgaria,2014,1A3D2,ABFLOW032,Natural gas,,,0.0
Bulgaria,2014,1A3D2,ABFLOW032,Oil,,,0.0
Bulgaria,2014,1A3E1,ABFLOW033,Coal,,,0.0
Bulgaria,2014,1A3E1,ABFLOW033,Natural gas,,,0.0
Bulgaria,2014,1A3E1,ABFLOW033,Oil,,,0.0
Bulgaria,2014,1A4A,ABFLOW035,Coal,,,0.0
Bulgaria,2014,1A4A,ABFLOW035,Natural gas,,,0.0
Bulgaria,2014,1A4A,ABFLOW035,Oil,,,0.0
Bulgaria,2014,1A4B,ABFLOW034,Coal,,,0.0
Bulgaria,2014,1A4B,ABFLOW034,Natural gas,,,0.0
Bulgaria,2014,1A4B,ABFLOW034,Oil,,,0.0
Bulgaria,2014,1A4C1,ABFLOW036,Coal,,,0.0
Bulgaria,2014,1A4C1,ABFLOW036,Natural gas,,,0.0
Bulgaria,2014,1A4C1,ABFLOW036,Oil,,,0.0
Bulgaria,2014,1A4C2,ABFLOW037,Coal,,,0.0
Bulgaria,2014,1A4C2,ABFLOW037,Natural gas,,,0.0
Bulgaria,2014,1A4C2,ABFLOW037,Oil,,,0.0
Bulgaria,2014,1A5,ABFLOW038,Coal,,,0.0
Bulgaria,2014,1A5,ABFLOW038,Natural gas,,,0.0
Bulgaria,2014,1A5,ABFLOW038,Oil,,,0.0
Bulgaria,2015,1A,ABFLOW001,Coal,,,0.0
Bulgaria,2015,1A,ABFLOW001,Natural gas,,,0.0
Bulgaria,2015,1A,ABFLOW001,Oil,,,0.0
Bulgaria,2015,1A1A,ABFLOW002,Coal,,,0.0
Bulgaria,2015,1A1A,ABFLOW002,Natural gas,,,0.0
Bulgaria,2015,1A1A,ABFLOW002,Oil,,,0.0
Bulgaria,2015,1A1A1,ABFLOW003,Coal,11.578680786458577,,11.578680786458577
Bulgaria,2015,1A1A1,ABFLOW003,Natural gas,11.578680786458577,,11.578680786458577
Bulgaria,2015,1A1A1,ABFLOW003,Oil,11.578680786458577,,11.578680786458577
Bulgaria,2015,1A1A2,ABFLOW004,Coal,11.578680786458577,,11.578680786458577
Bulgaria,2015,1A1A2,ABFLOW004,Natural gas,11.578680786458577,,11.578680786458577
Bulgaria,2015,1A1A2,ABFLOW004,Oil,11.578680786458577,,11.578680786458577
Bulgaria,2015,1A1A3,ABFLOW005,Coal,11.578680786458577,,11.578680786458577
Bulgaria,2015,1A1A3,ABFLOW005,Natural gas,11.578680786458577,,11.578680786458577
Bulgaria,2015,1A1A3,ABFLOW005,Oil,11.578680786458577,,11.578680786458577
Bulgaria,2015,1A1B,ABFLOW011,Coal,11.578680786458577,,11.578680786458577
Bulgaria,2015,1A1B,ABFLOW011,Natural gas,11.578680786458577,,11.578680786458577
Bulgaria,2015,1A1B,ABFLOW011,Oil,11.578680786458577,,11.578680786458577
Bulgaria,2015,1A1C,ABFLOW011,Coal,11.578680786458577,,11.578680786458577
Bulgaria,2015,1A1C,ABFLOW011,Natural gas,11.578680786458577,,11.578680786458577
Bulgaria,2015,1A1C,ABFLOW011,Oil,11.578680786458577,,11.578680786458577
Bulgaria,2015,1A2,ABFLOW012,Coal,,,0.0
Bulgaria,2015,1A2,ABFLOW012,Natural gas,,,0.0
Bulgaria,2015,1A2,ABFLOW012,Oil,,,0.0
Bulgaria,2015,1A2A,ABFLOW016,Coal,11.578680786458577,,11.578680786458577
Bulgaria,2015,1A2A,ABFLOW016,Natural gas,11.578680786458577,,11.578680786458577
Bulgaria,2015,1A2A,ABFLOW016,Oil,11.578680786458577,,11.578680786458577
Bulgaria,2015,1A2B,ABFLOW018,Coal,11.578680786458577,,11.578680786458577
Bulgaria,2015,1A2B,ABFLOW018,Natural gas,11.578680786458577,,11.578680786458577
Bulgaria,2015,1A2B,ABFLOW018,Oil,11.578680786458577,,11.578680786458577
Bulgaria,2015,1A2C,ABFLOW017,Coal,11.578680786458577,,11.578680786458577
Bulgaria,2015,1A2C,ABFLOW017,Natural gas,11.578680786458577,,11.578680786458577
Bulgaria,2015,1A2C,ABFLOW017,Oil,11.578680786458577,,11.578680786458577
Bulgaria,2015,1A2D,ABFLOW023,Coal,11.578680786458577,,11.578680786458577
Bulgaria,2015,1A2D,ABFLOW023,Natural gas,11.578680786458577,,11.578680786458577
Bulgaria,2015,1A2D,ABFLOW023,Oil,11.578680786458577,,11.578680786458577
Bulgaria,2015,1A2E,ABFLOW022,Coal,11.578680786458577,,11.578680786458577
Bulgaria,2015,1A2E,ABFLOW022,Natural gas,11.578680786458577,,11.578680786458577
Bulgaria,2015,1A2E,ABFLOW022,Oil,11.578680786458577,,11.578680786458577
Bulgaria,2015,1A2F,ABFLOW019,Coal,11.578680786458577,,11.578680786458577
Bulgaria,2015,1A2F,ABFLOW019,Natural gas,11.578680786458577,,11.578680786458577
Bulgaria,2015,1A2F,ABFLOW019,Oil,11.578680786458577,,11.578680786458577
Bulgaria,2015,1A2G,ABFLOW020,Coal,11.578680786458577,,11.578680786458577
Bulgaria,2015,1A2G,ABFLOW020,Natural gas,11.578680786458577,,11.578680786458577
Bulgaria,2015,1A2G,ABFLOW020,Oil,11.578680786458577,,11.578680786458577
Bulgaria,2015,1A2H,ABFLOW021,Coal,11.578680786458577,,11.578680786458577
Bulgaria,2015,1A2H,ABFLOW021,Natural gas,11.578680786458577,,11.578680786458577
Bulgaria,2015,1A2H,ABFLOW021,Oil,11.578680786458577,,11.578680786458577
Bulgaria,2015,1A2I,ABFLOW013,Coal,11.578680786458577,,11.578680786458577
Bulgaria,2015,1A2I,ABFLOW013,Natural gas,11.578680786458577,,11.578680786458577
Bulgaria,2015,1A2I,ABFLOW013,Oil,11.578680786458577,,11.578680786458577
Bulgaria,2015,1A2J,ABFLOW024,Coal,11.578680786458577,,11.578680786458577
Bulgaria,2015,1A2J,ABFLOW024,Natural gas,11.578680786458577,,11.578680786458577
Bulgaria,2015,1A2J,ABFLOW024,Oil,11.578680786458577,,11.578680786458577
Bulgaria,2015,1A2K,ABFLOW014,Coal,11.578680786458577,,11.578680786458577
Bulgaria,2015,1A2K,ABFLOW014,Natural gas,11.578680786458577,,11.578680786458577
Bulgaria,2015,1A2K,ABFLOW014,Oil,11.578680786458577,,11.578680786458577
Bulgaria,2015,1A2L,ABFLOW025,Coal,11.578680786458577,,11.578680786458577
Bulgaria,2015,1A2L,ABFLOW025,Natural gas,11.578680786458577,,11.578680786458577
Bulgaria,2015,1A2L,ABFLOW025,Oil,11.578680786458577,,11.578680786458577
Bulgaria,2015,1A2M,ABFLOW026,Coal,11.578680786458577,,11.578680786458577
Bulgaria,2015,1A2M,ABFLOW026,Natural gas,11.578680786458577,,11.578680786458577
Bulgaria,2015,1A2M,ABFLOW026,Oil,11.578680786458577,,11.578680786458577
Bulgaria,2015,1A3,ABFLOW027,Coal,,,0.0
Bulgaria,2015,1A3,ABFLOW027,Natural gas,,,0.0
Bulgaria,2015,1A3,ABFLOW027,Oil,,,0.0
Bulgaria,2015,1A3A1,ABFLOW040,Coal,5.905127201093874,,5.905127201093874
Bulgaria,2015,1A3A1,ABFLOW040,Natural gas,5.905127201093874,,5.905127201093874
Bulgaria,2015,1A3A1,ABFLOW040,Oil,5.905127201093874,,5.905127201093874
Bulgaria,2015,1A3A2,ABFLOW029,Coal,11.578680786458577,,11.578680786458577
Bulgaria,2015,1A3A2,ABFLOW029,Natural gas,11.578680786458577,,11.578680786458577
Bulgaria,2015,1A3A2,ABFLOW029,Oil,11.578680786458577,,11.578680786458577
Bulgaria,2015,1A3B,ABFLOW028,Coal,,,0.0
Bulgaria,2015,1A3B,ABFLOW028,Natural gas,,,0.0
Bulgaria,2015,1A3B,ABFLOW028,Oil,,,0.0
Bulgaria,2015,1A3C,ABFLOW030,Coal,,,0.0
Bulgaria,2015,1A3C,ABFLOW030,Natural gas,,,0.0
Bulgaria,2015,1A3C,ABFLOW030,Oil,,,0.0
Bulgaria,2015,1A3D1,ABFLOW039,Coal,,,0.0
Bulgaria,2015,1A3D1,ABFLOW039,Natural gas,,,0.0
Bulgaria,2015,1A3D1,ABFLOW039,Oil,,,0.0
Bulgaria,2015,1A3D2,ABFLOW032,Coal,,,0.0
Bulgaria,2015,1A3D2,ABFLOW032,Natural gas,,,0.0
Bulgaria,2015,1A3D2,ABFLOW032,Oil,,,0.0
Bulgaria,2015,1A3E1,ABFLOW033,Coal,,,0.0
Bulgaria,2015,1A3E1,ABFLOW033,Natural gas,,,0.0
Bulgaria,2015,1A3E1,ABFLOW033,Oil,,,0.0
Bulgaria,2015,1A4A,ABFLOW035,Coal,,,0.0
Bulgaria,2015,1A4A,ABFLOW035,Natural gas,,,0.0
Bulgaria,2015,1A4A,ABFLOW035,Oil,,,0.0
Bulgaria,2015,1A4B,ABFLOW034,Coal,,,0.0
Bulgaria,2015,1A4B,ABFLOW034,Natural gas,,,0.0
Bulgaria,2015,1A4B,ABFLOW034,Oil,,,0.0
Bulgaria,2015,1A4C1,ABFLOW036,Coal,,,0.0
Bulgaria,2015,1A4C1,ABFLOW036,Natural gas,,,0.0
Bulgaria,2015,1A4C1,ABFLOW036,Oil,,,0.0
Bulgaria,2015,1A4C2,ABFLOW037,Coal,,,0.0
Bulgaria,2015,1A4C2,ABFLOW037,Natural gas,,,0.0
Bulgaria,2015,1A4C2,ABFLOW037,Oil,,,0.0
Bulgaria,2015,1A5,ABFLOW038,Coal,,,0.0
Bulgaria,2015,1A5,ABFLOW038,Natural gas,,,0.0
Bulgaria,2015,1A5,ABFLOW038,Oil,,,0.0
Bulgaria,2016,1A,ABFLOW001,Coal,,,0.0
Bulgaria,2016,1A,ABFLOW001,Natural gas,,,0.0
Bulgaria,2016,1A,ABFLOW001,Oil,,,0.0
Bulgaria,2016,1A1A,ABFLOW002,Coal,,,0.0
Bulgaria,2016,1A1A,ABFLOW002,Natural gas,,,0.0
Bulgaria,2016,1A1A,ABFLOW002,Oil,,,0.0
Bulgaria,2016,1A1A1,ABFLOW003,Coal,7.806426679055252,,7.806426679055252
Bulgaria,2016,1A1A1,ABFLOW003,Natural gas,7.806426679055252,,7.806426679055252
Bulgaria,2016,1A1A1,ABFLOW003,Oil,7.806426679055252,,7.806426679055252
Bulgaria,2016,1A1A2,ABFLOW004,Coal,7.806426679055252,,7.806426679055252
Bulgaria,2016,1A1A2,ABFLOW004,Natural gas,7.806426679055252,,7.806426679055252
Bulgaria,2016,1A1A2,ABFLOW004,Oil,7.806426679055252,,7.806426679055252
Bulgaria,2016,1A1A3,ABFLOW005,Coal,7.806426679055252,,7.806426679055252
Bulgaria,2016,1A1A3,ABFLOW005,Natural gas,7.806426679055252,,7.806426679055252
Bulgaria,2016,1A1A3,ABFLOW005,Oil,7.806426679055252,,7.806426679055252
Bulgaria,2016,1A1B,ABFLOW011,Coal,7.806426679055252,,7.806426679055252
Bulgaria,2016,1A1B,ABFLOW011,Natural gas,7.806426679055252,,7.806426679055252
Bulgaria,2016,1A1B,ABFLOW011,Oil,7.806426679055252,,7.806426679055252
Bulgaria,2016,1A1C,ABFLOW011,Coal,7.806426679055252,,7.806426679055252
Bulgaria,2016,1A1C,ABFLOW011,Natural gas,7.806426679055252,,7.806426679055252
Bulgaria,2016,1A1C,ABFLOW011,Oil,7.806426679055252,,7.806426679055252
Bulgaria,2016,1A2,ABFLOW012,Coal,,,0.0
Bulgaria,2016,1A2,ABFLOW012,Natural gas,,,0.0
Bulgaria,2016,1A2,ABFLOW012,Oil,,,0.0
Bulgaria,2016,1A2A,ABFLOW016,Coal,7.806426679055252,,7.806426679055252
Bulgaria,2016,1A2A,ABFLOW016,Natural gas,7.806426679055252,,7.806426679055252
Bulgaria,2016,1A2A,ABFLOW016,Oil,7.806426679055252,,7.806426679055252
Bulgaria,2016,1A2B,ABFLOW018,Coal,7.806426679055252,,7.806426679055252
Bulgaria,2016,1A2B,ABFLOW018,Natural gas,7.806426679055252,,7.806426679055252
Bulgaria,2016,1A2B,ABFLOW018,Oil,7.806426679055252,,7.806426679055252
Bulgaria,2016,1A2C,ABFLOW017,Coal,7.806426679055252,,7.806426679055252
Bulgaria,2016,1A2C,ABFLOW017,Natural gas,7.806426679055252,,7.806426679055252
Bulgaria,2016,1A2C,ABFLOW017,Oil,7.806426679055252,,7.806426679055252
Bulgaria,2016,1A2D,ABFLOW023,Coal,7.806426679055252,,7.806426679055252
Bulgaria,2016,1A2D,ABFLOW023,Natural gas,7.806426679055252,,7.806426679055252
Bulgaria,2016,1A2D,ABFLOW023,Oil,7.806426679055252,,7.806426679055252
Bulgaria,2016,1A2E,ABFLOW022,Coal,7.806426679055252,,7.806426679055252
Bulgaria,2016,1A2E,ABFLOW022,Natural gas,7.806426679055252,,7.806426679055252
Bulgaria,2016,1A2E,ABFLOW022,Oil,7.806426679055252,,7.806426679055252
Bulgaria,2016,1A2F,ABFLOW019,Coal,7.806426679055252,,7.806426679055252
Bulgaria,2016,1A2F,ABFLOW019,Natural gas,7.806426679055252,,7.806426679055252
Bulgaria,2016,1A2F,ABFLOW019,Oil,7.806426679055252,,7.806426679055252
Bulgaria,2016,1A2G,ABFLOW020,Coal,7.806426679055252,,7.806426679055252
Bulgaria,2016,1A2G,ABFLOW020,Natural gas,7.806426679055252,,7.806426679055252
Bulgaria,2016,1A2G,ABFLOW020,Oil,7.806426679055252,,7.806426679055252
Bulgaria,2016,1A2H,ABFLOW021,Coal,7.806426679055252,,7.806426679055252
Bulgaria,2016,1A2H,ABFLOW021,Natural gas,7.806426679055252,,7.806426679055252
Bulgaria,2016,1A2H,ABFLOW021,Oil,7.806426679055252,,7.806426679055252
Bulgaria,2016,1A2I,ABFLOW013,Coal,7.806426679055252,,7.806426679055252
Bulgaria,2016,1A2I,ABFLOW013,Natural gas,7.806426679055252,,7.806426679055252
Bulgaria,2016,1A2I,ABFLOW013,Oil,7.806426679055252,,7.806426679055252
Bulgaria,2016,1A2J,ABFLOW024,Coal,7.806426679055252,,7.806426679055252
Bulgaria,2016,1A2J,ABFLOW024,Natural gas,7.806426679055252,,7.806426679055252
Bulgaria,2016,1A2J,ABFLOW024,Oil,7.806426679055252,,7.806426679055252
Bulgaria,2016,1A2K,ABFLOW014,Coal,7.806426679055252,,7.806426679055252
Bulgaria,2016,1A2K,ABFLOW014,Natural gas,7.806426679055252,,7.806426679055252
Bulgaria,2016,1A2K,ABFLOW014,Oil,7.806426679055252,,7.806426679055252
Bulgaria,2016,1A2L,ABFLOW025,Coal,7.806426679055252,,7.806426679055252
Bulgaria,2016,1A2L,ABFLOW025,Natural gas,7.806426679055252,,7.806426679055252
Bulgaria,2016,1A2L,ABFLOW025,Oil,7.806426679055252,,7.806426679055252
Bulgaria,2016,1A2M,ABFLOW026,Coal,7.806426679055252,,7.806426679055252
Bulgaria,2016,1A2M,ABFLOW026,Natural gas,7.806426679055252,,7.806426679055252
Bulgaria,2016,1A2M,ABFLOW026,Oil,7.806426679055252,,7.806426679055252
Bulgaria,2016,1A3,ABFLOW027,Coal,,,0.0
Bulgaria,2016,1A3,ABFLOW027,Natural gas,,,0.0
Bulgaria,2016,1A3,ABFLOW027,Oil,,,0.0
Bulgaria,2016,1A3A1,ABFLOW040,Coal,3.9812776063181787,,3.9812776063181787
Bulgaria,2016,1A3A1,ABFLOW040,Natural gas,3.9812776063181787,,3.9812776063181787
Bulgaria,2016,1A3A1,ABFLOW040,Oil,3.9812776063181787,,3.9812776063181787
Bulgaria,2016,1A3A2,ABFLOW029,Coal,7.806426679055252,,7.806426679055252
Bulgaria,2016,1A3A2,ABFLOW029,Natural gas,7.806426679055252,,7.806426679055252
Bulgaria,2016,1A3A2,ABFLOW029,Oil,7.806426679055252,,7.806426679055252
Bulgaria,2016,1A3B,ABFLOW028,Coal,,,0.0
Bulgaria,2016,1A3B,ABFLOW028,Natural gas,,,0.0
Bulgaria,2016,1A3B,ABFLOW028,Oil,,,0.0
Bulgaria,2016,1A3C,ABFLOW030,Coal,,,0.0
Bulgaria,2016,1A3C,ABFLOW030,Natural gas,,,0.0
Bulgaria,2016,1A3C,ABFLOW030,Oil,,,0.0
Bulgaria,2016,1A3D1,ABFLOW039,Coal,,,0.0
Bulgaria,2016,1A3D1,ABFLOW039,Natural gas,,,0.0
Bulgaria,2016,1A3D1,ABFLOW039,Oil,,,0.0
Bulgaria,2016,1A3D2,ABFLOW032,Coal,,,0.0
Bulgaria,2016,1A3D2,ABFLOW032,Natural gas,,,0.0
Bulgaria,2016,1A3D2,ABFLOW032,Oil,,,0.0
Bulgaria,2016,1A3E1,ABFLOW033,Coal,,,0.0
Bulgaria,2016,1A3E1,ABFLOW033,Natural gas,,,0.0
Bulgaria,2016,1A3E1,ABFLOW033,Oil,,,0.0
Bulgaria,2016,1A4A,ABFLOW035,Coal,,,0.0
Bulgaria,2016,1A4A,ABFLOW035,Natural gas,,,0.0
Bulgaria,2016,1A4A,ABFLOW035,Oil,,,0.0
Bulgaria,2016,1A4B,ABFLOW034,Coal,,,0.0
Bulgaria,2016,1A4B,ABFLOW034,Natural gas,,,0.0
Bulgaria,2016,1A4B,ABFLOW034,Oil,,,0.0
Bulgaria,2016,1A4C1,ABFLOW036,Coal,,,0.0
Bulgaria,2016,1A4C1,ABFLOW036,Natural gas,,,0.0
Bulgaria,2016,1A4C1,ABFLOW036,Oil,,,0.0
Bulgaria,2016,1A4C2,ABFLOW037,Coal,,,0.0
Bulgaria,2016,1A4C2,ABFLOW037,Natural gas,,,0.0
Bulgaria,2016,1A4C2,ABFLOW037,Oil,,,0.0
Bulgaria,2016,1A5,ABFLOW038,Coal,,,0.0
Bulgaria,2016,1A5,ABFLOW038,Natural gas,,,0.0
Bulgaria,2016,1A5,ABFLOW038,Oil,,,0.0
Bulgaria,2017,1A,ABFLOW001,Coal,,,0.0
Bulgaria,2017,1A,ABFLOW001,Natural gas,,,0.0
Bulgaria,2017,1A,ABFLOW001,Oil,,,0.0
Bulgaria,2017,1A1A,ABFLOW002,Coal,,,0.0
Bulgaria,2017,1A1A,ABFLOW002,Natural gas,,,0.0
Bulgaria,2017,1A1A,ABFLOW002,Oil,,,0.0
Bulgaria,2017,1A1A1,ABFLOW003,Coal,8.11617501384589,,8.11617501384589
Bulgaria,2017,1A1A1,ABFLOW003,Natural gas,8.11617501384589,,8.11617501384589
Bulgaria,2017,1A1A1,ABFLOW003,Oil,8.11617501384589,,8.11617501384589
Bulgaria,2017,1A1A2,ABFLOW004,Coal,8.11617501384589,,8.11617501384589
Bulgaria,2017,1A1A2,ABFLOW004,Natural gas,8.11617501384589,,8.11617501384589
Bulgaria,2017,1A1A2,ABFLOW004,Oil,8.11617501384589,,8.11617501384589
Bulgaria,2017,1A1A3,ABFLOW005,Coal,8.11617501384589,,8.11617501384589
Bulgaria,2017,1A1A3,ABFLOW005,Natural gas,8.11617501384589,,8.11617501384589
Bulgaria,2017,1A1A3,ABFLOW005,Oil,8.11617501384589,,8.11617501384589
Bulgaria,2017,1A1B,ABFLOW011,Coal,8.11617501384589,,8.11617501384589
Bulgaria,2017,1A1B,ABFLOW011,Natural gas,8.11617501384589,,8.11617501384589
Bulgaria,2017,1A1B,ABFLOW011,Oil,8.11617501384589,,8.11617501384589
Bulgaria,2017,1A1C,ABFLOW011,Coal,8.11617501384589,,8.11617501384589
Bulgaria,2017,1A1C,ABFLOW011,Natural gas,8.11617501384589,,8.11617501384589
Bulgaria,2017,1A1C,ABFLOW011,Oil,8.11617501384589,,8.11617501384589
Bulgaria,2017,1A2,ABFLOW012,Coal,,,0.0
Bulgaria,2017,1A2,ABFLOW012,Natural gas,,,0.0
Bulgaria,2017,1A2,ABFLOW012,Oil,,,0.0
Bulgaria,2017,1A2A,ABFLOW016,Coal,8.11617501384589,,8.11617501384589
Bulgaria,2017,1A2A,ABFLOW016,Natural gas,8.11617501384589,,8.11617501384589
Bulgaria,2017,1A2A,ABFLOW016,Oil,8.11617501384589,,8.11617501384589
Bulgaria,2017,1A2B,ABFLOW018,Coal,8.11617501384589,,8.11617501384589
Bulgaria,2017,1A2B,ABFLOW018,Natural gas,8.11617501384589,,8.11617501384589
Bulgaria,2017,1A2B,ABFLOW018,Oil,8.11617501384589,,8.11617501384589
Bulgaria,2017,1A2C,ABFLOW017,Coal,8.11617501384589,,8.11617501384589
Bulgaria,2017,1A2C,ABFLOW017,Natural gas,8.11617501384589,,8.11617501384589
Bulgaria,2017,1A2C,ABFLOW017,Oil,8.11617501384589,,8.11617501384589
Bulgaria,2017,1A2D,ABFLOW023,Coal,8.11617501384589,,8.11617501384589
Bulgaria,2017,1A2D,ABFLOW023,Natural gas,8.11617501384589,,8.11617501384589
Bulgaria,2017,1A2D,ABFLOW023,Oil,8.11617501384589,,8.11617501384589
Bulgaria,2017,1A2E,ABFLOW022,Coal,8.11617501384589,,8.11617501384589
Bulgaria,2017,1A2E,ABFLOW022,Natural gas,8.11617501384589,,8.11617501384589
Bulgaria,2017,1A2E,ABFLOW022,Oil,8.11617501384589,,8.11617501384589
Bulgaria,2017,1A2F,ABFLOW019,Coal,8.11617501384589,,8.11617501384589
Bulgaria,2017,1A2F,ABFLOW019,Natural gas,8.11617501384589,,8.11617501384589
Bulgaria,2017,1A2F,ABFLOW019,Oil,8.11617501384589,,8.11617501384589
Bulgaria,2017,1A2G,ABFLOW020,Coal,8.11617501384589,,8.11617501384589
Bulgaria,2017,1A2G,ABFLOW020,Natural gas,8.11617501384589,,8.11617501384589
Bulgaria,2017,1A2G,ABFLOW020,Oil,8.11617501384589,,8.11617501384589
Bulgaria,2017,1A2H,ABFLOW021,Coal,8.11617501384589,,8.11617501384589
Bulgaria,2017,1A2H,ABFLOW021,Natural gas,8.11617501384589,,8.11617501384589
Bulgaria,2017,1A2H,ABFLOW021,Oil,8.11617501384589,,8.11617501384589
Bulgaria,2017,1A2I,ABFLOW013,Coal,8.11617501384589,,8.11617501384589
Bulgaria,2017,1A2I,ABFLOW013,Natural gas,8.11617501384589,,8.11617501384589
Bulgaria,2017,1A2I,ABFLOW013,Oil,8.11617501384589,,8.11617501384589
Bulgaria,2017,1A2J,ABFLOW024,Coal,8.11617501384589,,8.11617501384589
Bulgaria,2017,1A2J,ABFLOW024,Natural gas,8.11617501384589,,8.11617501384589
Bulgaria,2017,1A2J,ABFLOW024,Oil,8.11617501384589,,8.11617501384589
Bulgaria,2017,1A2K,ABFLOW014,Coal,8.11617501384589,,8.11617501384589
Bulgaria,2017,1A2K,ABFLOW014,Natural gas,8.11617501384589,,8.11617501384589
Bulgaria,2017,1A2K,ABFLOW014,Oil,8.11617501384589,,8.11617501384589
Bulgaria,2017,1A2L,ABFLOW025,Coal,8.11617501384589,,8.11617501384589
Bulgaria,2017,1A2L,ABFLOW025,Natural gas,8.11617501384589,,8.11617501384589
Bulgaria,2017,1A2L,ABFLOW025,Oil,8.11617501384589,,8.11617501384589
Bulgaria,2017,1A2M,ABFLOW026,Coal,8.11617501384589,,8.11617501384589
Bulgaria,2017,1A2M,ABFLOW026,Natural gas,8.11617501384589,,8.11617501384589
Bulgaria,2017,1A2M,ABFLOW026,Oil,8.11617501384589,,8.11617501384589
Bulgaria,2017,1A3,ABFLOW027,Coal,,,0.0
Bulgaria,2017,1A3,ABFLOW027,Natural gas,,,0.0
Bulgaria,2017,1A3,ABFLOW027,Oil,,,0.0
Bulgaria,2017,1A3A1,ABFLOW040,Coal,4.139249257061404,,4.139249257061404
Bulgaria,2017,1A3A1,ABFLOW040,Natural gas,4.139249257061404,,4.139249257061404
Bulgaria,2017,1A3A1,ABFLOW040,Oil,4.139249257061404,,4.139249257061404
Bulgaria,2017,1A3A2,ABFLOW029,Coal,8.11617501384589,,8.11617501384589
Bulgaria,2017,1A3A2,ABFLOW029,Natural gas,8.11617501384589,,8.11617501384589
Bulgaria,2017,1A3A2,ABFLOW029,Oil,8.11617501384589,,8.11617501384589
Bulgaria,2017,1A3B,ABFLOW028,Coal,,,0.0
Bulgaria,2017,1A3B,ABFLOW028,Natural gas,,,0.0
Bulgaria,2017,1A3B,ABFLOW028,Oil,,,0.0
Bulgaria,2017,1A3C,ABFLOW030,Coal,,,0.0
Bulgaria,2017,1A3C,ABFLOW030,Natural gas,,,0.0
Bulgaria,2017,1A3C,ABFLOW030,Oil,,,0.0
Bulgaria,2017,1A3D1,ABFLOW039,Coal,,,0.0
Bulgaria,2017,1A3D1,ABFLOW039,Natural gas,,,0.0
Bulgaria,2017,1A3D1,ABFLOW039,Oil,,,0.0
Bulgaria,2017,1A3D2,ABFLOW032,Coal,,,0.0
Bulgaria,2017,1A3D2,ABFLOW032,Natural gas,,,0.0
Bulgaria,2017,1A3D2,ABFLOW032,Oil,,,0.0
Bulgaria,2017,1A3E1,ABFLOW033,Coal,,,0.0
Bulgaria,2017,1A3E1,ABFLOW033,Natural gas,,,0.0
Bulgaria,2017,1A3E1,ABFLOW033,Oil,,,0.0
Bulgaria,2017,1A4A,ABFLOW035,Coal,,,0.0
Bulgaria,2017,1A4A,ABFLOW035,Natural gas,,,0.0
Bulgaria,2017,1A4A,ABFLOW035,Oil,,,0.0
Bulgaria,2017,1A4B,ABFLOW034,Coal,,,0.0
Bulgaria,2017,1A4B,ABFLOW034,Natural gas,,,0.0
Bulgaria,2017,1A4B,ABFLOW034,Oil,,,0.0
Bulgaria,2017,1A4C1,ABFLOW036,Coal,,,0.0
Bulgaria,2017,1A4C1,ABFLOW036,Natural gas,,,0.0
Bulgaria,2017,1A4C1,ABFLOW036,Oil,,,0.0
Bulgaria,2017,1A4C2,ABFLOW037,Coal,,,0.0
Bulgaria,2017,1A4C2,ABFLOW037,Natural gas,,,0.0
Bulgaria,2017,1A4C2,ABFLOW037,Oil,,,0.0
Bulgaria,2017,1A5,ABFLOW038,Coal,,,0.0
Bulgaria,2017,1A5,ABFLOW038,Natural gas,,,0.0
Bulgaria,2017,1A5,ABFLOW038,Oil,,,0.0
Bulgaria,2018,1A,ABFLOW001,Coal,,,0.0
Bulgaria,2018,1A,ABFLOW001,Natural gas,,,0.0
Bulgaria,2018,1A,ABFLOW001,Oil,,,0.0
Bulgaria,2018,1A1A,ABFLOW002,Coal,,,0.0
Bulgaria,2018,1A1A,ABFLOW002,Natural gas,,,0.0
Bulgaria,2018,1A1A,ABFLOW002,Oil,,,0.0
Bulgaria,2018,1A1A1,ABFLOW003,Coal,21.124739557416092,,21.124739557416092
Bulgaria,2018,1A1A1,ABFLOW003,Natural gas,21.124739557416092,,21.124739557416092
Bulgaria,2018,1A1A1,ABFLOW003,Oil,21.124739557416092,,21.124739557416092
Bulgaria,2018,1A1A2,ABFLOW004,Coal,21.124739557416092,,21.124739557416092
Bulgaria,2018,1A1A2,ABFLOW004,Natural gas,21.124739557416092,,21.124739557416092
Bulgaria,2018,1A1A2,ABFLOW004,Oil,21.124739557416092,,21.124739557416092
Bulgaria,2018,1A1A3,ABFLOW005,Coal,21.124739557416092,,21.124739557416092
Bulgaria,2018,1A1A3,ABFLOW005,Natural gas,21.124739557416092,,21.124739557416092
Bulgaria,2018,1A1A3,ABFLOW005,Oil,21.124739557416092,,21.124739557416092
Bulgaria,2018,1A1B,ABFLOW011,Coal,21.124739557416092,,21.124739557416092
Bulgaria,2018,1A1B,ABFLOW011,Natural gas,21.124739557416092,,21.124739557416092
Bulgaria,2018,1A1B,ABFLOW011,Oil,21.124739557416092,,21.124739557416092
Bulgaria,2018,1A1C,ABFLOW011,Coal,21.124739557416092,,21.124739557416092
Bulgaria,2018,1A1C,ABFLOW011,Natural gas,21.124739557416092,,21.124739557416092
Bulgaria,2018,1A1C,ABFLOW011,Oil,21.124739557416092,,21.124739557416092
Bulgaria,2018,1A2,ABFLOW012,Coal,,,0.0
Bulgaria,2018,1A2,ABFLOW012,Natural gas,,,0.0
Bulgaria,2018,1A2,ABFLOW012,Oil,,,0.0
Bulgaria,2018,1A2A,ABFLOW016,Coal,21.124739557416092,,21.124739557416092
Bulgaria,2018,1A2A,ABFLOW016,Natural gas,21.124739557416092,,21.124739557416092
Bulgaria,2018,1A2A,ABFLOW016,Oil,21.124739557416092,,21.124739557416092
Bulgaria,2018,1A2B,ABFLOW018,Coal,21.124739557416092,,21.124739557416092
Bulgaria,2018,1A2B,ABFLOW018,Natural gas,21.124739557416092,,21.124739557416092
Bulgaria,2018,1A2B,ABFLOW018,Oil,21.124739557416092,,21.124739557416092
Bulgaria,2018,1A2C,ABFLOW017,Coal,21.124739557416092,,21.124739557416092
Bulgaria,2018,1A2C,ABFLOW017,Natural gas,21.124739557416092,,21.124739557416092
Bulgaria,2018,1A2C,ABFLOW017,Oil,21.124739557416092,,21.124739557416092
Bulgaria,2018,1A2D,ABFLOW023,Coal,21.124739557416092,,21.124739557416092
Bulgaria,2018,1A2D,ABFLOW023,Natural gas,21.124739557416092,,21.124739557416092
Bulgaria,2018,1A2D,ABFLOW023,Oil,21.124739557416092,,21.124739557416092
Bulgaria,2018,1A2E,ABFLOW022,Coal,21.124739557416092,,21.124739557416092
Bulgaria,2018,1A2E,ABFLOW022,Natural gas,21.124739557416092,,21.124739557416092
Bulgaria,2018,1A2E,ABFLOW022,Oil,21.124739557416092,,21.124739557416092
Bulgaria,2018,1A2F,ABFLOW019,Coal,21.124739557416092,,21.124739557416092
Bulgaria,2018,1A2F,ABFLOW019,Natural gas,21.124739557416092,,21.124739557416092
Bulgaria,2018,1A2F,ABFLOW019,Oil,21.124739557416092,,21.124739557416092
Bulgaria,2018,1A2G,ABFLOW020,Coal,21.124739557416092,,21.124739557416092
Bulgaria,2018,1A2G,ABFLOW020,Natural gas,21.124739557416092,,21.124739557416092
Bulgaria,2018,1A2G,ABFLOW020,Oil,21.124739557416092,,21.124739557416092
Bulgaria,2018,1A2H,ABFLOW021,Coal,21.124739557416092,,21.124739557416092
Bulgaria,2018,1A2H,ABFLOW021,Natural gas,21.124739557416092,,21.124739557416092
Bulgaria,2018,1A2H,ABFLOW021,Oil,21.124739557416092,,21.124739557416092
Bulgaria,2018,1A2I,ABFLOW013,Coal,21.124739557416092,,21.124739557416092
Bulgaria,2018,1A2I,ABFLOW013,Natural gas,21.124739557416092,,21.124739557416092
Bulgaria,2018,1A2I,ABFLOW013,Oil,21.124739557416092,,21.124739557416092
Bulgaria,2018,1A2J,ABFLOW024,Coal,21.124739557416092,,21.124739557416092
Bulgaria,2018,1A2J,ABFLOW024,Natural gas,21.124739557416092,,21.124739557416092
Bulgaria,2018,1A2J,ABFLOW024,Oil,21.124739557416092,,21.124739557416092
Bulgaria,2018,1A2K,ABFLOW014,Coal,21.124739557416092,,21.124739557416092
Bulgaria,2018,1A2K,ABFLOW014,Natural gas,21.124739557416092,,21.124739557416092
Bulgaria,2018,1A2K,ABFLOW014,Oil,21.124739557416092,,21.124739557416092
Bulgaria,2018,1A2L,ABFLOW025,Coal,21.124739557416092,,21.124739557416092
Bulgaria,2018,1A2L,ABFLOW025,Natural gas,21.124739557416092,,21.124739557416092
Bulgaria,2018,1A2L,ABFLOW025,Oil,21.124739557416092,,21.124739557416092
Bulgaria,2018,1A2M,ABFLOW026,Coal,21.124739557416092,,21.124739557416092
Bulgaria,2018,1A2M,ABFLOW026,Natural gas,21.124739557416092,,21.124739557416092
Bulgaria,2018,1A2M,ABFLOW026,Oil,21.124739557416092,,21.124739557416092
Bulgaria,2018,1A3,ABFLOW027,Coal,,,0.0
Bulgaria,2018,1A3,ABFLOW027,Natural gas,,,0.0
Bulgaria,2018,1A3,ABFLOW027,Oil,,,0.0
Bulgaria,2018,1A3A1,ABFLOW040,Coal,10.773617174282206,,10.773617174282206
Bulgaria,2018,1A3A1,ABFLOW040,Natural gas,10.773617174282206,,10.773617174282206
Bulgaria,2018,1A3A1,ABFLOW040,Oil,10.773617174282206,,10.773617174282206
Bulgaria,2018,1A3A2,ABFLOW029,Coal,21.124739557416092,,21.124739557416092
Bulgaria,2018,1A3A2,ABFLOW029,Natural gas,21.124739557416092,,21.124739557416092
Bulgaria,2018,1A3A2,ABFLOW029,Oil,21.124739557416092,,21.124739557416092
Bulgaria,2018,1A3B,ABFLOW028,Coal,,,0.0
Bulgaria,2018,1A3B,ABFLOW028,Natural gas,,,0.0
Bulgaria,2018,1A3B,ABFLOW028,Oil,,,0.0
Bulgaria,2018,1A3C,ABFLOW030,Coal,,,0.0
Bulgaria,2018,1A3C,ABFLOW030,Natural gas,,,0.0
Bulgaria,2018,1A3C,ABFLOW030,Oil,,,0.0
Bulgaria,2018,1A3D1,ABFLOW039,Coal,,,0.0
Bulgaria,2018,1A3D1,ABFLOW039,Natural gas,,,0.0
Bulgaria,2018,1A3D1,ABFLOW039,Oil,,,0.0
Bulgaria,2018,1A3D2,ABFLOW032,Coal,,,0.0
Bulgaria,2018,1A3D2,ABFLOW032,Natural gas,,,0.0
Bulgaria,2018,1A3D2,ABFLOW032,Oil,,,0.0
Bulgaria,2018,1A3E1,ABFLOW033,Coal,,,0.0
Bulgaria,2018,1A3E1,ABFLOW033,Natural gas,,,0.0
Bulgaria,2018,1A3E1,ABFLOW033,Oil,,,0.0
Bulgaria,2018,1A4A,ABFLOW035,Coal,,,0.0
Bulgaria,2018,1A4A,ABFLOW035,Natural gas,,,0.0
Bulgaria,2018,1A4A,ABFLOW035,Oil,,,0.0
Bulgaria,2018,1A4B,ABFLOW034,Coal,,,0.0
Bulgaria,2018,1A4B,ABFLOW034,Natural gas,,,0.0
Bulgaria,2018,1A4B,ABFLOW034,Oil,,,0.0
Bulgaria,2018,1A4C1,ABFLOW036,Coal,,,0.0
Bulgaria,2018,1A4C1,ABFLOW036,Natural gas,,,0.0
Bulgaria,2018,1A4C1,ABFLOW036,Oil,,,0.0
Bulgaria,2018,1A4C2,ABFLOW037,Coal,,,0.0
Bulgaria,2018,1A4C2,ABFLOW037,Natural gas,,,0.0
Bulgaria,2018,1A4C2,ABFLOW037,Oil,,,0.0
Bulgaria,2018,1A5,ABFLOW038,Coal,,,0.0
Bulgaria,2018,1A5,ABFLOW038,Natural gas,,,0.0
Bulgaria,2018,1A5,ABFLOW038,Oil,,,0.0
Bulgaria,2019,1A,ABFLOW001,Coal,,,0.0
Bulgaria,2019,1A,ABFLOW001,Natural gas,,,0.0
Bulgaria,2019,1A,ABFLOW001,Oil,,,0.0
Bulgaria,2019,1A1A,ABFLOW002,Coal,,,0.0
Bulgaria,2019,1A1A,ABFLOW002,Natural gas,,,0.0
Bulgaria,2019,1A1A,ABFLOW002,Oil,,,0.0
Bulgaria,2019,1A1A1,ABFLOW003,Coal,31.569888267211876,,31.569888267211876
Bulgaria,2019,1A1A1,ABFLOW003,Natural gas,31.569888267211876,,31.569888267211876
Bulgaria,2019,1A1A1,ABFLOW003,Oil,31.569888267211876,,31.569888267211876
Bulgaria,2019,1A1A2,ABFLOW004,Coal,31.569888267211876,,31.569888267211876
Bulgaria,2019,1A1A2,ABFLOW004,Natural gas,31.569888267211876,,31.569888267211876
Bulgaria,2019,1A1A2,ABFLOW004,Oil,31.569888267211876,,31.569888267211876
Bulgaria,2019,1A1A3,ABFLOW005,Coal,31.569888267211876,,31.569888267211876
Bulgaria,2019,1A1A3,ABFLOW005,Natural gas,31.569888267211876,,31.569888267211876
Bulgaria,2019,1A1A3,ABFLOW005,Oil,31.569888267211876,,31.569888267211876
Bulgaria,2019,1A1B,ABFLOW011,Coal,31.569888267211876,,31.569888267211876
Bulgaria,2019,1A1B,ABFLOW011,Natural gas,31.569888267211876,,31.569888267211876
Bulgaria,2019,1A1B,ABFLOW011,Oil,31.569888267211876,,31.569888267211876
Bulgaria,2019,1A1C,ABFLOW011,Coal,31.569888267211876,,31.569888267211876
Bulgaria,2019,1A1C,ABFLOW011,Natural gas,31.569888267211876,,31.569888267211876
Bulgaria,2019,1A1C,ABFLOW011,Oil,31.569888267211876,,31.569888267211876
Bulgaria,2019,1A2,ABFLOW012,Coal,,,0.0
Bulgaria,2019,1A2,ABFLOW012,Natural gas,,,0.0
Bulgaria,2019,1A2,ABFLOW012,Oil,,,0.0
Bulgaria,2019,1A2A,ABFLOW016,Coal,31.569888267211876,,31.569888267211876
Bulgaria,2019,1A2A,ABFLOW016,Natural gas,31.569888267211876,,31.569888267211876
Bulgaria,2019,1A2A,ABFLOW016,Oil,31.569888267211876,,31.569888267211876
Bulgaria,2019,1A2B,ABFLOW018,Coal,31.569888267211876,,31.569888267211876
Bulgaria,2019,1A2B,ABFLOW018,Natural gas,31.569888267211876,,31.569888267211876
Bulgaria,2019,1A2B,ABFLOW018,Oil,31.569888267211876,,31.569888267211876
Bulgaria,2019,1A2C,ABFLOW017,Coal,31.569888267211876,,31.569888267211876
Bulgaria,2019,1A2C,ABFLOW017,Natural gas,31.569888267211876,,31.569888267211876
Bulgaria,2019,1A2C,ABFLOW017,Oil,31.569888267211876,,31.569888267211876
Bulgaria,2019,1A2D,ABFLOW023,Coal,31.569888267211876,,31.569888267211876
Bulgaria,2019,1A2D,ABFLOW023,Natural gas,31.569888267211876,,31.569888267211876
Bulgaria,2019,1A2D,ABFLOW023,Oil,31.569888267211876,,31.569888267211876
Bulgaria,2019,1A2E,ABFLOW022,Coal,31.569888267211876,,31.569888267211876
Bulgaria,2019,1A2E,ABFLOW022,Natural gas,31.569888267211876,,31.569888267211876
Bulgaria,2019,1A2E,ABFLOW022,Oil,31.569888267211876,,31.569888267211876
Bulgaria,2019,1A2F,ABFLOW019,Coal,31.569888267211876,,31.569888267211876
Bulgaria,2019,1A2F,ABFLOW019,Natural gas,31.569888267211876,,31.569888267211876
Bulgaria,2019,1A2F,ABFLOW019,Oil,31.569888267211876,,31.569888267211876
Bulgaria,2019,1A2G,ABFLOW020,Coal,31.569888267211876,,31.569888267211876
Bulgaria,2019,1A2G,ABFLOW020,Natural gas,31.569888267211876,,31.569888267211876
Bulgaria,2019,1A2G,ABFLOW020,Oil,31.569888267211876,,31.569888267211876
Bulgaria,2019,1A2H,ABFLOW021,Coal,31.569888267211876,,31.569888267211876
Bulgaria,2019,1A2H,ABFLOW021,Natural gas,31.569888267211876,,31.569888267211876
Bulgaria,2019,1A2H,ABFLOW021,Oil,31.569888267211876,,31.569888267211876
Bulgaria,2019,1A2I,ABFLOW013,Coal,31.569888267211876,,31.569888267211876
Bulgaria,2019,1A2I,ABFLOW013,Natural gas,31.569888267211876,,31.569888267211876
Bulgaria,2019,1A2I,ABFLOW013,Oil,31.569888267211876,,31.569888267211876
Bulgaria,2019,1A2J,ABFLOW024,Coal,31.569888267211876,,31.569888267211876
Bulgaria,2019,1A2J,ABFLOW024,Natural gas,31.569888267211876,,31.569888267211876
Bulgaria,2019,1A2J,ABFLOW024,Oil,31.569888267211876,,31.569888267211876
Bulgaria,2019,1A2K,ABFLOW014,Coal,31.569888267211876,,31.569888267211876
Bulgaria,2019,1A2K,ABFLOW014,Natural gas,31.569888267211876,,31.569888267211876
Bulgaria,2019,1A2K,ABFLOW014,Oil,31.569888267211876,,31.569888267211876
Bulgaria,2019,1A2L,ABFLOW025,Coal,31.569888267211876,,31.569888267211876
Bulgaria,2019,1A2L,ABFLOW025,Natural gas,31.569888267211876,,31.569888267211876
Bulgaria,2019,1A2L,ABFLOW025,Oil,31.569888267211876,,31.569888267211876
Bulgaria,2019,1A2M,ABFLOW026,Coal,31.569888267211876,,31.569888267211876
Bulgaria,2019,1A2M,ABFLOW026,Natural gas,31.569888267211876,,31.569888267211876
Bulgaria,2019,1A2M,ABFLOW026,Oil,31.569888267211876,,31.569888267211876
Bulgaria,2019,1A3,ABFLOW027,Coal,,,0.0
Bulgaria,2019,1A3,ABFLOW027,Natural gas,,,0.0
Bulgaria,2019,1A3,ABFLOW027,Oil,,,0.0
Bulgaria,2019,1A3A1,ABFLOW040,Coal,16.100643016278056,,16.100643016278056
Bulgaria,2019,1A3A1,ABFLOW040,Natural gas,16.100643016278056,,16.100643016278056
Bulgaria,2019,1A3A1,ABFLOW040,Oil,16.100643016278056,,16.100643016278056
Bulgaria,2019,1A3A2,ABFLOW029,Coal,31.569888267211876,,31.569888267211876
Bulgaria,2019,1A3A2,ABFLOW029,Natural gas,31.569888267211876,,31.569888267211876
Bulgaria,2019,1A3A2,ABFLOW029,Oil,31.569888267211876,,31.569888267211876
Bulgaria,2019,1A3B,ABFLOW028,Coal,,,0.0
Bulgaria,2019,1A3B,ABFLOW028,Natural gas,,,0.0
Bulgaria,2019,1A3B,ABFLOW028,Oil,,,0.0
Bulgaria,2019,1A3C,ABFLOW030,Coal,,,0.0
Bulgaria,2019,1A3C,ABFLOW030,Natural gas,,,0.0
Bulgaria,2019,1A3C,ABFLOW030,Oil,,,0.0
Bulgaria,2019,1A3D1,ABFLOW039,Coal,,,0.0
Bulgaria,2019,1A3D1,ABFLOW039,Natural gas,,,0.0
Bulgaria,2019,1A3D1,ABFLOW039,Oil,,,0.0
Bulgaria,2019,1A3D2,ABFLOW032,Coal,,,0.0
Bulgaria,2019,1A3D2,ABFLOW032,Natural gas,,,0.0
Bulgaria,2019,1A3D2,ABFLOW032,Oil,,,0.0
Bulgaria,2019,1A3E1,ABFLOW033,Coal,,,0.0
Bulgaria,2019,1A3E1,ABFLOW033,Natural gas,,,0.0
Bulgaria,2019,1A3E1,ABFLOW033,Oil,,,0.0
Bulgaria,2019,1A4A,ABFLOW035,Coal,,,0.0
Bulgaria,2019,1A4A,ABFLOW035,Natural gas,,,0.0
Bulgaria,2019,1A4A,ABFLOW035,Oil,,,0.0
Bulgaria,2019,1A4B,ABFLOW034,Coal,,,0.0
Bulgaria,2019,1A4B,ABFLOW034,Natural gas,,,0.0
Bulgaria,2019,1A4B,ABFLOW034,Oil,,,0.0
Bulgaria,2019,1A4C1,ABFLOW036,Coal,,,0.0
Bulgaria,2019,1A4C1,ABFLOW036,Natural gas,,,0.0
Bulgaria,2019,1A4C1,ABFLOW036,Oil,,,0.0
Bulgaria,2019,1A4C2,ABFLOW037,Coal,,,0.0
Bulgaria,2019,1A4C2,ABFLOW037,Natural gas,,,0.0
Bulgaria,2019,1A4C2,ABFLOW037,Oil,,,0.0
Bulgaria,2019,1A5,ABFLOW038,Coal,,,0.0
Bulgaria,2019,1A5,ABFLOW038,Natural gas,,,0.0
Bulgaria,2019,1A5,ABFLOW038,Oil,,,0.0
Bulgaria,2020,1A,ABFLOW001,Coal,,,0.0
Bulgaria,2020,1A,ABFLOW001,Natural gas,,,0.0
Bulgaria,2020,1A,ABFLOW001,Oil,,,0.0
Bulgaria,2020,1A1A,ABFLOW002,Coal,,,0.0
Bulgaria,2020,1A1A,ABFLOW002,Natural gas,,,0.0
Bulgaria,2020,1A1A,ABFLOW002,Oil,,,0.0
Bulgaria,2020,1A1A1,ABFLOW003,Coal,30.11051292780395,,30.11051292780395
Bulgaria,2020,1A1A1,ABFLOW003,Natural gas,30.11051292780395,,30.11051292780395
Bulgaria,2020,1A1A1,ABFLOW003,Oil,30.11051292780395,,30.11051292780395
Bulgaria,2020,1A1A2,ABFLOW004,Coal,30.11051292780395,,30.11051292780395
Bulgaria,2020,1A1A2,ABFLOW004,Natural gas,30.11051292780395,,30.11051292780395
Bulgaria,2020,1A1A2,ABFLOW004,Oil,30.11051292780395,,30.11051292780395
Bulgaria,2020,1A1A3,ABFLOW005,Coal,30.11051292780395,,30.11051292780395
Bulgaria,2020,1A1A3,ABFLOW005,Natural gas,30.11051292780395,,30.11051292780395
Bulgaria,2020,1A1A3,ABFLOW005,Oil,30.11051292780395,,30.11051292780395
Bulgaria,2020,1A1B,ABFLOW011,Coal,30.11051292780395,,30.11051292780395
Bulgaria,2020,1A1B,ABFLOW011,Natural gas,30.11051292780395,,30.11051292780395
Bulgaria,2020,1A1B,ABFLOW011,Oil,30.11051292780395,,30.11051292780395
Bulgaria,2020,1A1C,ABFLOW011,Coal,30.11051292780395,,30.11051292780395
Bulgaria,2020,1A1C,ABFLOW011,Natural gas,30.11051292780395,,30.11051292780395
Bulgaria,2020,1A1C,ABFLOW011,Oil,30.11051292780395,,30.11051292780395
Bulgaria,2020,1A2,ABFLOW012,Coal,,,0.0
Bulgaria,2020,1A2,ABFLOW012,Natural gas,,,0.0
Bulgaria,2020,1A2,ABFLOW012,Oil,,,0.0
Bulgaria,2020,1A2A,ABFLOW016,Coal,30.11051292780395,,30.11051292780395
Bulgaria,2020,1A2A,ABFLOW016,Natural gas,30.11051292780395,,30.11051292780395
Bulgaria,2020,1A2A,ABFLOW016,Oil,30.11051292780395,,30.11051292780395
Bulgaria,2020,1A2B,ABFLOW018,Coal,30.11051292780395,,30.11051292780395
Bulgaria,2020,1A2B,ABFLOW018,Natural gas,30.11051292780395,,30.11051292780395
Bulgaria,2020,1A2B,ABFLOW018,Oil,30.11051292780395,,30.11051292780395
Bulgaria,2020,1A2C,ABFLOW017,Coal,30.11051292780395,,30.11051292780395
Bulgaria,2020,1A2C,ABFLOW017,Natural gas,30.11051292780395,,30.11051292780395
Bulgaria,2020,1A2C,ABFLOW017,Oil,30.11051292780395,,30.11051292780395
Bulgaria,2020,1A2D,ABFLOW023,Coal,30.11051292780395,,30.11051292780395
Bulgaria,2020,1A2D,ABFLOW023,Natural gas,30.11051292780395,,30.11051292780395
Bulgaria,2020,1A2D,ABFLOW023,Oil,30.11051292780395,,30.11051292780395
Bulgaria,2020,1A2E,ABFLOW022,Coal,30.11051292780395,,30.11051292780395
Bulgaria,2020,1A2E,ABFLOW022,Natural gas,30.11051292780395,,30.11051292780395
Bulgaria,2020,1A2E,ABFLOW022,Oil,30.11051292780395,,30.11051292780395
Bulgaria,2020,1A2F,ABFLOW019,Coal,30.11051292780395,,30.11051292780395
Bulgaria,2020,1A2F,ABFLOW019,Natural gas,30.11051292780395,,30.11051292780395
Bulgaria,2020,1A2F,ABFLOW019,Oil,30.11051292780395,,30.11051292780395
Bulgaria,2020,1A2G,ABFLOW020,Coal,30.11051292780395,,30.11051292780395
Bulgaria,2020,1A2G,ABFLOW020,Natural gas,30.11051292780395,,30.11051292780395
Bulgaria,2020,1A2G,ABFLOW020,Oil,30.11051292780395,,30.11051292780395
Bulgaria,2020,1A2H,ABFLOW021,Coal,30.11051292780395,,30.11051292780395
Bulgaria,2020,1A2H,ABFLOW021,Natural gas,30.11051292780395,,30.11051292780395
Bulgaria,2020,1A2H,ABFLOW021,Oil,30.11051292780395,,30.11051292780395
Bulgaria,2020,1A2I,ABFLOW013,Coal,30.11051292780395,,30.11051292780395
Bulgaria,2020,1A2I,ABFLOW013,Natural gas,30.11051292780395,,30.11051292780395
Bulgaria,2020,1A2I,ABFLOW013,Oil,30.11051292780395,,30.11051292780395
Bulgaria,2020,1A2J,ABFLOW024,Coal,30.11051292780395,,30.11051292780395
Bulgaria,2020,1A2J,ABFLOW024,Natural gas,30.11051292780395,,30.11051292780395
Bulgaria,2020,1A2J,ABFLOW024,Oil,30.11051292780395,,30.11051292780395
Bulgaria,2020,1A2K,ABFLOW014,Coal,30.11051292780395,,30.11051292780395
Bulgaria,2020,1A2K,ABFLOW014,Natural gas,30.11051292780395,,30.11051292780395
Bulgaria,2020,1A2K,ABFLOW014,Oil,30.11051292780395,,30.11051292780395
Bulgaria,2020,1A2L,ABFLOW025,Coal,30.11051292780395,,30.11051292780395
Bulgaria,2020,1A2L,ABFLOW025,Natural gas,30.11051292780395,,30.11051292780395
Bulgaria,2020,1A2L,ABFLOW025,Oil,30.11051292780395,,30.11051292780395
Bulgaria,2020,1A2M,ABFLOW026,Coal,30.11051292780395,,30.11051292780395
Bulgaria,2020,1A2M,ABFLOW026,Natural gas,30.11051292780395,,30.11051292780395
Bulgaria,2020,1A2M,ABFLOW026,Oil,30.11051292780395,,30.11051292780395
Bulgaria,2020,1A3,ABFLOW027,Coal,,,0.0
Bulgaria,2020,1A3,ABFLOW027,Natural gas,,,0.0
Bulgaria,2020,1A3,ABFLOW027,Oil,,,0.0
Bulgaria,2020,1A3A1,ABFLOW040,Coal,15.356361593180015,,15.356361593180015
Bulgaria,2020,1A3A1,ABFLOW040,Natural gas,15.356361593180015,,15.356361593180015
Bulgaria,2020,1A3A1,ABFLOW040,Oil,15.356361593180015,,15.356361593180015
Bulgaria,2020,1A3A2,ABFLOW029,Coal,30.11051292780395,,30.11051292780395
Bulgaria,2020,1A3A2,ABFLOW029,Natural gas,30.11051292780395,,30.11051292780395
Bulgaria,2020,1A3A2,ABFLOW029,Oil,30.11051292780395,,30.11051292780395
Bulgaria,2020,1A3B,ABFLOW028,Coal,,,0.0
Bulgaria,2020,1A3B,ABFLOW028,Natural gas,,,0.0
Bulgaria,2020,1A3B,ABFLOW028,Oil,,,0.0
Bulgaria,2020,1A3C,ABFLOW030,Coal,,,0.0
Bulgaria,2020,1A3C,ABFLOW030,Natural gas,,,0.0
Bulgaria,2020,1A3C,ABFLOW030,Oil,,,0.0
Bulgaria,2020,1A3D1,ABFLOW039,Coal,,,0.0
Bulgaria,2020,1A3D1,ABFLOW039,Natural gas,,,0.0
Bulgaria,2020,1A3D1,ABFLOW039,Oil,,,0.0
Bulgaria,2020,1A3D2,ABFLOW032,Coal,,,0.0
Bulgaria,2020,1A3D2,ABFLOW032,Natural gas,,,0.0
Bulgaria,2020,1A3D2,ABFLOW032,Oil,,,0.0
Bulgaria,2020,1A3E1,ABFLOW033,Coal,,,0.0
Bulgaria,2020,1A3E1,ABFLOW033,Natural gas,,,0.0
Bulgaria,2020,1A3E1,ABFLOW033,Oil,,,0.0
Bulgaria,2020,1A4A,ABFLOW035,Coal,,,0.0
Bulgaria,2020,1A4A,ABFLOW035,Natural gas,,,0.0
Bulgaria,2020,1A4A,ABFLOW035,Oil,,,0.0
Bulgaria,2020,1A4B,ABFLOW034,Coal,,,0.0
Bulgaria,2020,1A4B,ABFLOW034,Natural gas,,,0.0
Bulgaria,2020,1A4B,ABFLOW034,Oil,,,0.0
Bulgaria,2020,1A4C1,ABFLOW036,Coal,,,0.0
Bulgaria,2020,1A4C1,ABFLOW036,Natural gas,,,0.0
Bulgaria,2020,1A4C1,ABFLOW036,Oil,,,0.0
Bulgaria,2020,1A4C2,ABFLOW037,Coal,,,0.0
Bulgaria,2020,1A4C2,ABFLOW037,Natural gas,,,0.0
Bulgaria,2020,1A4C2,ABFLOW037,Oil,,,0.0
Bulgaria,2020,1A5,ABFLOW038,Coal,,,0.0
Bulgaria,2020,1A5,ABFLOW038,Natural gas,,,0.0
Bulgaria,2020,1A5,ABFLOW038,Oil,,,0.0
Bulgaria,2021,1A,ABFLOW001,Coal,,,0.0
Bulgaria,2021,1A,ABFLOW001,Natural gas,,,0.0
Bulgaria,2021,1A,ABFLOW001,Oil,,,0.0
Bulgaria,2021,1A1A,ABFLOW002,Coal,,,0.0
Bulgaria,2021,1A1A,ABFLOW002,Natural gas,,,0.0
Bulgaria,2021,1A1A,ABFLOW002,Oil,,,0.0
Bulgaria,2021,1A1A1,ABFLOW003,Coal,60.89193727539277,,60.89193727539277
Bulgaria,2021,1A1A1,ABFLOW003,Natural gas,60.89193727539277,,60.89193727539277
Bulgaria,2021,1A1A1,ABFLOW003,Oil,60.89193727539277,,60.89193727539277
Bulgaria,2021,1A1A2,ABFLOW004,Coal,60.89193727539277,,60.89193727539277
Bulgaria,2021,1A1A2,ABFLOW004,Natural gas,60.89193727539277,,60.89193727539277
Bulgaria,2021,1A1A2,ABFLOW004,Oil,60.89193727539277,,60.89193727539277
Bulgaria,2021,1A1A3,ABFLOW005,Coal,60.89193727539277,,60.89193727539277
Bulgaria,2021,1A1A3,ABFLOW005,Natural gas,60.89193727539277,,60.89193727539277
Bulgaria,2021,1A1A3,ABFLOW005,Oil,60.89193727539277,,60.89193727539277
Bulgaria,2021,1A1B,ABFLOW011,Coal,60.89193727539277,,60.89193727539277
Bulgaria,2021,1A1B,ABFLOW011,Natural gas,60.89193727539277,,60.89193727539277
Bulgaria,2021,1A1B,ABFLOW011,Oil,60.89193727539277,,60.89193727539277
Bulgaria,2021,1A1C,ABFLOW011,Coal,60.89193727539277,,60.89193727539277
Bulgaria,2021,1A1C,ABFLOW011,Natural gas,60.89193727539277,,60.89193727539277
Bulgaria,2021,1A1C,ABFLOW011,Oil,60.89193727539277,,60.89193727539277
Bulgaria,2021,1A2,ABFLOW012,Coal,,,0.0
Bulgaria,2021,1A2,ABFLOW012,Natural gas,,,0.0
Bulgaria,2021,1A2,ABFLOW012,Oil,,,0.0
Bulgaria,2021,1A2A,ABFLOW016,Coal,60.89193727539277,,60.89193727539277
Bulgaria,2021,1A2A,ABFLOW016,Natural gas,60.89193727539277,,60.89193727539277
Bulgaria,2021,1A2A,ABFLOW016,Oil,60.89193727539277,,60.89193727539277
Bulgaria,2021,1A2B,ABFLOW018,Coal,60.89193727539277,,60.89193727539277
Bulgaria,2021,1A2B,ABFLOW018,Natural gas,60.89193727539277,,60.89193727539277
Bulgaria,2021,1A2B,ABFLOW018,Oil,60.89193727539277,,60.89193727539277
Bulgaria,2021,1A2C,ABFLOW017,Coal,60.89193727539277,,60.89193727539277
Bulgaria,2021,1A2C,ABFLOW017,Natural gas,60.89193727539277,,60.89193727539277
Bulgaria,2021,1A2C,ABFLOW017,Oil,60.89193727539277,,60.89193727539277
Bulgaria,2021,1A2D,ABFLOW023,Coal,60.89193727539277,,60.89193727539277
Bulgaria,2021,1A2D,ABFLOW023,Natural gas,60.89193727539277,,60.89193727539277
Bulgaria,2021,1A2D,ABFLOW023,Oil,60.89193727539277,,60.89193727539277
Bulgaria,2021,1A2E,ABFLOW022,Coal,60.89193727539277,,60.89193727539277
Bulgaria,2021,1A2E,ABFLOW022,Natural gas,60.89193727539277,,60.89193727539277
Bulgaria,2021,1A2E,ABFLOW022,Oil,60.89193727539277,,60.89193727539277
Bulgaria,2021,1A2F,ABFLOW019,Coal,60.89193727539277,,60.89193727539277
Bulgaria,2021,1A2F,ABFLOW019,Natural gas,60.89193727539277,,60.89193727539277
Bulgaria,2021,1A2F,ABFLOW019,Oil,60.89193727539277,,60.89193727539277
Bulgaria,2021,1A2G,ABFLOW020,Coal,60.89193727539277,,60.89193727539277
Bulgaria,2021,1A2G,ABFLOW020,Natural gas,60.89193727539277,,60.89193727539277
Bulgaria,2021,1A2G,ABFLOW020,Oil,60.89193727539277,,60.89193727539277
Bulgaria,2021,1A2H,ABFLOW021,Coal,60.89193727539277,,60.89193727539277
Bulgaria,2021,1A2H,ABFLOW021,Natural gas,60.89193727539277,,60.89193727539277
Bulgaria,2021,1A2H,ABFLOW021,Oil,60.89193727539277,,60.89193727539277
Bulgaria,2021,1A2I,ABFLOW013,Coal,60.89193727539277,,60.89193727539277
Bulgaria,2021,1A2I,ABFLOW013,Natural gas,60.89193727539277,,60.89193727539277
Bulgaria,2021,1A2I,ABFLOW013,Oil,60.89193727539277,,60.89193727539277
Bulgaria,2021,1A2J,ABFLOW024,Coal,60.89193727539277,,60.89193727539277
Bulgaria,2021,1A2J,ABFLOW024,Natural gas,60.89193727539277,,60.89193727539277
Bulgaria,2021,1A2J,ABFLOW024,Oil,60.89193727539277,,60.89193727539277
Bulgaria,2021,1A2K,ABFLOW014,Coal,60.89193727539277,,60.89193727539277
Bulgaria,2021,1A2K,ABFLOW014,Natural gas,60.89193727539277,,60.89193727539277
Bulgaria,2021,1A2K,ABFLOW014,Oil,60.89193727539277,,60.89193727539277
Bulgaria,2021,1A2L,ABFLOW025,Coal,60.89193727539277,,60.89193727539277
Bulgaria,2021,1A2L,ABFLOW025,Natural gas,60.89193727539277,,60.89193727539277
Bulgaria,2021,1A2L,ABFLOW025,Oil,60.89193727539277,,60.89193727539277
Bulgaria,2021,1A2M,ABFLOW026,Coal,60.89193727539277,,60.89193727539277
Bulgaria,2021,1A2M,ABFLOW026,Natural gas,60.89193727539277,,60.89193727539277
Bulgaria,2021,1A2M,ABFLOW026,Oil,60.89193727539277,,60.89193727539277
Bulgaria,2021,1A3,ABFLOW027,Coal,,,0.0
Bulgaria,2021,1A3,ABFLOW027,Natural gas,,,0.0
Bulgaria,2021,1A3,ABFLOW027,Oil,,,0.0
Bulgaria,2021,1A3A1,ABFLOW040,Coal,31.054888010450313,,31.054888010450313
Bulgaria,2021,1A3A1,ABFLOW040,Natural gas,31.054888010450313,,31.054888010450313
Bulgaria,2021,1A3A1,ABFLOW040,Oil,31.054888010450313,,31.054888010450313
Bulgaria,2021,1A3A2,ABFLOW029,Coal,60.89193727539277,,60.89193727539277
Bulgaria,2021,1A3A2,ABFLOW029,Natural gas,60.89193727539277,,60.89193727539277
Bulgaria,2021,1A3A2,ABFLOW029,Oil,60.89193727539277,,60.89193727539277
Bulgaria,2021,1A3B,ABFLOW028,Coal,,,0.0
Bulgaria,2021,1A3B,ABFLOW028,Natural gas,,,0.0
Bulgaria,2021,1A3B,ABFLOW028,Oil,,,0.0
Bulgaria,2021,1A3C,ABFLOW030,Coal,,,0.0
Bulgaria,2021,1A3C,ABFLOW030,Natural gas,,,0.0
Bulgaria,2021,1A3C,ABFLOW030,Oil,,,0.0
Bulgaria,2021,1A3D1,ABFLOW039,Coal,,,0.0
Bulgaria,2021,1A3D1,ABFLOW039,Natural gas,,,0.0
Bulgaria,2021,1A3D1,ABFLOW039,Oil,,,0.0
Bulgaria,2021,1A3D2,ABFLOW032,Coal,,,0.0
Bulgaria,2021,1A3D2,ABFLOW032,Natural gas,,,0.0
Bulgaria,2021,1A3D2,ABFLOW032,Oil,,,0.0
Bulgaria,2021,1A3E1,ABFLOW033,Coal,,,0.0
Bulgaria,2021,1A3E1,ABFLOW033,Natural gas,,,0.0
Bulgaria,2021,1A3E1,ABFLOW033,Oil,,,0.0
Bulgaria,2021,1A4A,ABFLOW035,Coal,,,0.0
Bulgaria,2021,1A4A,ABFLOW035,Natural gas,,,0.0
Bulgaria,2021,1A4A,ABFLOW035,Oil,,,0.0
Bulgaria,2021,1A4B,ABFLOW034,Coal,,,0.0
Bulgaria,2021,1A4B,ABFLOW034,Natural gas,,,0.0
Bulgaria,2021,1A4B,ABFLOW034,Oil,,,0.0
Bulgaria,2021,1A4C1,ABFLOW036,Coal,,,0.0
Bulgaria,2021,1A4C1,ABFLOW036,Natural gas,,,0.0
Bulgaria,2021,1A4C1,ABFLOW036,Oil,,,0.0
Bulgaria,2021,1A4C2,ABFLOW037,Coal,,,0.0
Bulgaria,2021,1A4C2,ABFLOW037,Natural gas,,,0.0
Bulgaria,2021,1A4C2,ABFLOW037,Oil,,,0.0
Bulgaria,2021,1A5,ABFLOW038,Coal,,,0.0
Bulgaria,2021,1A5,ABFLOW038,Natural gas,,,0.0
Bulgaria,2021,1A5,ABFLOW038,Oil,,,0.0
Bulgaria,2022,1A,ABFLOW001,Coal,,,0.0
Bulgaria,2022,1A,ABFLOW001,Natural gas,,,0.0
Bulgaria,2022,1A,ABFLOW001,Oil,,,0.0
Bulgaria,2022,1A1A,ABFLOW002,Coal,,,0.0
Bulgaria,2022,1A1A,ABFLOW002,Natural gas,,,0.0
Bulgaria,2022,1A1A,ABFLOW002,Oil,,,0.0
Bulgaria,2022,1A1A1,ABFLOW003,Coal,79.38349143487905,,79.38349143487905
Bulgaria,2022,1A1A1,ABFLOW003,Natural gas,79.38349143487905,,79.38349143487905
Bulgaria,2022,1A1A1,ABFLOW003,Oil,79.38349143487905,,79.38349143487905
Bulgaria,2022,1A1A2,ABFLOW004,Coal,79.38349143487905,,79.38349143487905
Bulgaria,2022,1A1A2,ABFLOW004,Natural gas,79.38349143487905,,79.38349143487905
Bulgaria,2022,1A1A2,ABFLOW004,Oil,79.38349143487905,,79.38349143487905
Bulgaria,2022,1A1A3,ABFLOW005,Coal,79.38349143487905,,79.38349143487905
Bulgaria,2022,1A1A3,ABFLOW005,Natural gas,79.38349143487905,,79.38349143487905
Bulgaria,2022,1A1A3,ABFLOW005,Oil,79.38349143487905,,79.38349143487905
Bulgaria,2022,1A1B,ABFLOW011,Coal,79.38349143487905,,79.38349143487905
Bulgaria,2022,1A1B,ABFLOW011,Natural gas,79.38349143487905,,79.38349143487905
Bulgaria,2022,1A1B,ABFLOW011,Oil,79.38349143487905,,79.38349143487905
Bulgaria,2022,1A1C,ABFLOW011,Coal,79.38349143487905,,79.38349143487905
Bulgaria,2022,1A1C,ABFLOW011,Natural gas,79.38349143487905,,79.38349143487905
Bulgaria,2022,1A1C,ABFLOW011,Oil,79.38349143487905,,79.38349143487905
Bulgaria,2022,1A2,ABFLOW012,Coal,,,0.0
Bulgaria,2022,1A2,ABFLOW012,Natural gas,,,0.0
Bulgaria,2022,1A2,ABFLOW012,Oil,,,0.0
Bulgaria,2022,1A2A,ABFLOW016,Coal,79.38349143487905,,79.38349143487905
Bulgaria,2022,1A2A,ABFLOW016,Natural gas,79.38349143487905,,79.38349143487905
Bulgaria,2022,1A2A,ABFLOW016,Oil,79.38349143487905,,79.38349143487905
Bulgaria,2022,1A2B,ABFLOW018,Coal,79.38349143487905,,79.38349143487905
Bulgaria,2022,1A2B,ABFLOW018,Natural gas,79.38349143487905,,79.38349143487905
Bulgaria,2022,1A2B,ABFLOW018,Oil,79.38349143487905,,79.38349143487905
Bulgaria,2022,1A2C,ABFLOW017,Coal,79.38349143487905,,79.38349143487905
Bulgaria,2022,1A2C,ABFLOW017,Natural gas,79.38349143487905,,79.38349143487905
Bulgaria,2022,1A2C,ABFLOW017,Oil,79.38349143487905,,79.38349143487905
Bulgaria,2022,1A2D,ABFLOW023,Coal,79.38349143487905,,79.38349143487905
Bulgaria,2022,1A2D,ABFLOW023,Natural gas,79.38349143487905,,79.38349143487905
Bulgaria,2022,1A2D,ABFLOW023,Oil,79.38349143487905,,79.38349143487905
Bulgaria,2022,1A2E,ABFLOW022,Coal,79.38349143487905,,79.38349143487905
Bulgaria,2022,1A2E,ABFLOW022,Natural gas,79.38349143487905,,79.38349143487905
Bulgaria,2022,1A2E,ABFLOW022,Oil,79.38349143487905,,79.38349143487905
Bulgaria,2022,1A2F,ABFLOW019,Coal,79.38349143487905,,79.38349143487905
Bulgaria,2022,1A2F,ABFLOW019,Natural gas,79.38349143487905,,79.38349143487905
Bulgaria,2022,1A2F,ABFLOW019,Oil,79.38349143487905,,79.38349143487905
Bulgaria,2022,1A2G,ABFLOW020,Coal,79.38349143487905,,79.38349143487905
Bulgaria,2022,1A2G,ABFLOW020,Natural gas,79.38349143487905,,79.38349143487905
Bulgaria,2022,1A2G,ABFLOW020,Oil,79.38349143487905,,79.38349143487905
Bulgaria,2022,1A2H,ABFLOW021,Coal,79.38349143487905,,79.38349143487905
Bulgaria,2022,1A2H,ABFLOW021,Natural gas,79.38349143487905,,79.38349143487905
Bulgaria,2022,1A2H,ABFLOW021,Oil,79.38349143487905,,79.38349143487905
Bulgaria,2022,1A2I,ABFLOW013,Coal,79.38349143487905,,79.38349143487905
Bulgaria,2022,1A2I,ABFLOW013,Natural gas,79.38349143487905,,79.38349143487905
Bulgaria,2022,1A2I,ABFLOW013,Oil,79.38349143487905,,79.38349143487905
Bulgaria,2022,1A2J,ABFLOW024,Coal,79.38349143487905,,79.38349143487905
Bulgaria,2022,1A2J,ABFLOW024,Natural gas,79.38349143487905,,79.38349143487905
Bulgaria,2022,1A2J,ABFLOW024,Oil,79.38349143487905,,79.38349143487905
Bulgaria,2022,1A2K,ABFLOW014,Coal,79.38349143487905,,79.38349143487905
Bulgaria,2022,1A2K,ABFLOW014,Natural gas,79.38349143487905,,79.38349143487905
Bulgaria,2022,1A2K,ABFLOW014,Oil,79.38349143487905,,79.38349143487905
Bulgaria,2022,1A2L,ABFLOW025,Coal,79.38349143487905,,79.38349143487905
Bulgaria,2022,1A2L,ABFLOW025,Natural gas,79.38349143487905,,79.38349143487905
Bulgaria,2022,1A2L,ABFLOW025,Oil,79.38349143487905,,79.38349143487905
Bulgaria,2022,1A2M,ABFLOW026,Coal,79.38349143487905,,79.38349143487905
Bulgaria,2022,1A2M,ABFLOW026,Natural gas,79.38349143487905,,79.38349143487905
Bulgaria,2022,1A2M,ABFLOW026,Oil,79.38349143487905,,79.38349143487905
Bulgaria,2022,1A3,ABFLOW027,Coal,,,0.0
Bulgaria,2022,1A3,ABFLOW027,Natural gas,,,0.0
Bulgaria,2022,1A3,ABFLOW027,Oil,,,0.0
Bulgaria,2022,1A3A1,ABFLOW040,Coal,40.48558063178832,,40.48558063178832
Bulgaria,2022,1A3A1,ABFLOW040,Natural gas,40.48558063178832,,40.48558063178832
Bulgaria,2022,1A3A1,ABFLOW040,Oil,40.48558063178832,,40.48558063178832
Bulgaria,2022,1A3A2,ABFLOW029,Coal,79.38349143487905,,79.38349143487905
Bulgaria,2022,1A3A2,ABFLOW029,Natural gas,79.38349143487905,,79.38349143487905
Bulgaria,2022,1A3A2,ABFLOW029,Oil,79.38349143487905,,79.38349143487905
Bulgaria,2022,1A3B,ABFLOW028,Coal,,,0.0
Bulgaria,2022,1A3B,ABFLOW028,Natural gas,,,0.0
Bulgaria,2022,1A3B,ABFLOW028,Oil,,,0.0
Bulgaria,2022,1A3C,ABFLOW030,Coal,,,0.0
Bulgaria,2022,1A3C,ABFLOW030,Natural gas,,,0.0
Bulgaria,2022,1A3C,ABFLOW030,Oil,,,0.0
Bulgaria,2022,1A3D1,ABFLOW039,Coal,,,0.0
Bulgaria,2022,1A3D1,ABFLOW039,Natural gas,,,0.0
Bulgaria,2022,1A3D1,ABFLOW039,Oil,,,0.0
Bulgaria,2022,1A3D2,ABFLOW032,Coal,,,0.0
Bulgaria,2022,1A3D2,ABFLOW032,Natural gas,,,0.0
Bulgaria,2022,1A3D2,ABFLOW032,Oil,,,0.0
Bulgaria,2022,1A3E1,ABFLOW033,Coal,,,0.0
Bulgaria,2022,1A3E1,ABFLOW033,Natural gas,,,0.0
Bulgaria,2022,1A3E1,ABFLOW033,Oil,,,0.0
Bulgaria,2022,1A4A,ABFLOW035,Coal,,,0.0
Bulgaria,2022,1A4A,ABFLOW035,Natural gas,,,0.0
Bulgaria,2022,1A4A,ABFLOW035,Oil,,,0.0
Bulgaria,2022,1A4B,ABFLOW034,Coal,,,0.0
Bulgaria,2022,1A4B,ABFLOW034,Natural gas,,,0.0
Bulgaria,2022,1A4B,ABFLOW034,Oil,,,0.0
Bulgaria,2022,1A4C1,ABFLOW036,Coal,,,0.0
Bulgaria,2022,1A4C1,ABFLOW036,Natural gas,,,0.0
Bulgaria,2022,1A4C1,ABFLOW036,Oil,,,0.0
Bulgaria,2022,1A4C2,ABFLOW037,Coal,,,0.0
Bulgaria,2022,1A4C2,ABFLOW037,Natural gas,,,0.0
Bulgaria,2022,1A4C2,ABFLOW037,Oil,,,0.0
Bulgaria,2022,1A5,ABFLOW038,Coal,,,0.0
Bulgaria,2022,1A5,ABFLOW038,Natural gas,,,0.0
Bulgaria,2022,1A5,ABFLOW038,Oil,,,0.0
Bulgaria,2023,1A,ABFLOW001,Coal,,,0.0
Bulgaria,2023,1A,ABFLOW001,Natural gas,,,0.0
Bulgaria,2023,1A,ABFLOW001,Oil,,,0.0
Bulgaria,2023,1A1A,ABFLOW002,Coal,,,0.0
Bulgaria,2023,1A1A,ABFLOW002,Natural gas,,,0.0
Bulgaria,2023,1A1A,ABFLOW002,Oil,,,0.0
Bulgaria,2023,1A1A1,ABFLOW003,Coal,76.12975640011781,,76.12975640011781
Bulgaria,2023,1A1A1,ABFLOW003,Natural gas,76.12975640011781,,76.12975640011781
Bulgaria,2023,1A1A1,ABFLOW003,Oil,76.12975640011781,,76.12975640011781
Bulgaria,2023,1A1A2,ABFLOW004,Coal,76.12975640011781,,76.12975640011781
Bulgaria,2023,1A1A2,ABFLOW004,Natural gas,76.12975640011781,,76.12975640011781
Bulgaria,2023,1A1A2,ABFLOW004,Oil,76.12975640011781,,76.12975640011781
Bulgaria,2023,1A1A3,ABFLOW005,Coal,76.12975640011781,,76.12975640011781
Bulgaria,2023,1A1A3,ABFLOW005,Natural gas,76.12975640011781,,76.12975640011781
Bulgaria,2023,1A1A3,ABFLOW005,Oil,76.12975640011781,,76.12975640011781
Bulgaria,2023,1A1B,ABFLOW011,Coal,76.12975640011781,,76.12975640011781
Bulgaria,2023,1A1B,ABFLOW011,Natural gas,76.12975640011781,,76.12975640011781
Bulgaria,2023,1A1B,ABFLOW011,Oil,76.12975640011781,,76.12975640011781
Bulgaria,2023,1A1C,ABFLOW011,Coal,76.12975640011781,,76.12975640011781
Bulgaria,2023,1A1C,ABFLOW011,Natural gas,76.12975640011781,,76.12975640011781
Bulgaria,2023,1A1C,ABFLOW011,Oil,76.12975640011781,,76.12975640011781
Bulgaria,2023,1A2,ABFLOW012,Coal,,,0.0
Bulgaria,2023,1A2,ABFLOW012,Natural gas,,,0.0
Bulgaria,2023,1A2,ABFLOW012,Oil,,,0.0
Bulgaria,2023,1A2A,ABFLOW016,Coal,76.12975640011781,,76.12975640011781
Bulgaria,2023,1A2A,ABFLOW016,Natural gas,76.12975640011781,,76.12975640011781
Bulgaria,2023,1A2A,ABFLOW016,Oil,76.12975640011781,,76.12975640011781
Bulgaria,2023,1A2B,ABFLOW018,Coal,76.12975640011781,,76.12975640011781
Bulgaria,2023,1A2B,ABFLOW018,Natural gas,76.12975640011781,,76.12975640011781
Bulgaria,2023,1A2B,ABFLOW018,Oil,76.12975640011781,,76.12975640011781
Bulgaria,2023,1A2C,ABFLOW017,Coal,76.12975640011781,,76.12975640011781
Bulgaria,2023,1A2C,ABFLOW017,Natural gas,76.12975640011781,,76.12975640011781
Bulgaria,2023,1A2C,ABFLOW017,Oil,76.12975640011781,,76.12975640011781
Bulgaria,2023,1A2D,ABFLOW023,Coal,76.12975640011781,,76.12975640011781
Bulgaria,2023,1A2D,ABFLOW023,Natural gas,76.12975640011781,,76.12975640011781
Bulgaria,2023,1A2D,ABFLOW023,Oil,76.12975640011781,,76.12975640011781
Bulgaria,2023,1A2E,ABFLOW022,Coal,76.12975640011781,,76.12975640011781
Bulgaria,2023,1A2E,ABFLOW022,Natural gas,76.12975640011781,,76.12975640011781
Bulgaria,2023,1A2E,ABFLOW022,Oil,76.12975640011781,,76.12975640011781
Bulgaria,2023,1A2F,ABFLOW019,Coal,76.12975640011781,,76.12975640011781
Bulgaria,2023,1A2F,ABFLOW019,Natural gas,76.12975640011781,,76.12975640011781
Bulgaria,2023,1A2F,ABFLOW019,Oil,76.12975640011781,,76.12975640011781
Bulgaria,2023,1A2G,ABFLOW020,Coal,76.12975640011781,,76.12975640011781
Bulgaria,2023,1A2G,ABFLOW020,Natural gas,76.12975640011781,,76.12975640011781
Bulgaria,2023,1A2G,ABFLOW020,Oil,76.12975640011781,,76.12975640011781
Bulgaria,2023,1A2H,ABFLOW021,Coal,76.12975640011781,,76.12975640011781
Bulgaria,2023,1A2H,ABFLOW021,Natural gas,76.12975640011781,,76.12975640011781
Bulgaria,2023,1A2H,ABFLOW021,Oil,76.12975640011781,,76.12975640011781
Bulgaria,2023,1A2I,ABFLOW013,Coal,76.12975640011781,,76.12975640011781
Bulgaria,2023,1A2I,ABFLOW013,Natural gas,76.12975640011781,,76.12975640011781
Bulgaria,2023,1A2I,ABFLOW013,Oil,76.12975640011781,,76.12975640011781
Bulgaria,2023,1A2J,ABFLOW024,Coal,76.12975640011781,,76.12975640011781
Bulgaria,2023,1A2J,ABFLOW024,Natural gas,76.12975640011781,,76.12975640011781
Bulgaria,2023,1A2J,ABFLOW024,Oil,76.12975640011781,,76.12975640011781
Bulgaria,2023,1A2K,ABFLOW014,Coal,76.12975640011781,,76.12975640011781
Bulgaria,2023,1A2K,ABFLOW014,Natural gas,76.12975640011781,,76.12975640011781
Bulgaria,2023,1A2K,ABFLOW014,Oil,76.12975640011781,,76.12975640011781
Bulgaria,2023,1A2L,ABFLOW025,Coal,76.12975640011781,,76.12975640011781
Bulgaria,2023,1A2L,ABFLOW025,Natural gas,76.12975640011781,,76.12975640011781
Bulgaria,2023,1A2L,ABFLOW025,Oil,76.12975640011781,,76.12975640011781
Bulgaria,2023,1A2M,ABFLOW026,Coal,76.12975640011781,,76.12975640011781
Bulgaria,2023,1A2M,ABFLOW026,Natural gas,76.12975640011781,,76.12975640011781
Bulgaria,2023,1A2M,ABFLOW026,Oil,76.12975640011781,,76.12975640011781
Bulgaria,2023,1A3,ABFLOW027,Coal,,,0.0
Bulgaria,2023,1A3,ABFLOW027,Natural gas,,,0.0
Bulgaria,2023,1A3,ABFLOW027,Oil,,,0.0
Bulgaria,2023,1A3A1,ABFLOW040,Coal,38.82617576406008,,38.82617576406008
Bulgaria,2023,1A3A1,ABFLOW040,Natural gas,38.82617576406008,,38.82617576406008
Bulgaria,2023,1A3A1,ABFLOW040,Oil,38.82617576406008,,38.82617576406008
Bulgaria,2023,1A3A2,ABFLOW029,Coal,76.12975640011781,,76.12975640011781
Bulgaria,2023,1A3A2,ABFLOW029,Natural gas,76.12975640011781,,76.12975640011781
Bulgaria,2023,1A3A2,ABFLOW029,Oil,76.12975640011781,,76.12975640011781
Bulgaria,2023,1A3B,ABFLOW028,Coal,,,0.0
Bulgaria,2023,1A3B,ABFLOW028,Natural gas,,,0.0
Bulgaria,2023,1A3B,ABFLOW028,Oil,,,0.0
Bulgaria,2023,1A3C,ABFLOW030,Coal,,,0.0
Bulgaria,2023,1A3C,ABFLOW030,Natural gas,,,0.0
Bulgaria,2023,1A3C,ABFLOW030,Oil,,,0.0
Bulgaria,2023,1A3D1,ABFLOW039,Coal,,,0.0
Bulgaria,2023,1A3D1,ABFLOW039,Natural gas,,,0.0
Bulgaria,2023,1A3D1,ABFLOW039,Oil,,,0.0
Bulgaria,2023,1A3D2,ABFLOW032,Coal,,,0.0
Bulgaria,2023,1A3D2,ABFLOW032,Natural gas,,,0.0
Bulgaria,2023,1A3D2,ABFLOW032,Oil,,,0.0
Bulgaria,2023,1A3E1,ABFLOW033,Coal,,,0.0
Bulgaria,2023,1A3E1,ABFLOW033,Natural gas,,,0.0
Bulgaria,2023,1A3E1,ABFLOW033,Oil,,,0.0
Bulgaria,2023,1A4A,ABFLOW035,Coal,,,0.0
Bulgaria,2023,1A4A,ABFLOW035,Natural gas,,,0.0
Bulgaria,2023,1A4A,ABFLOW035,Oil,,,0.0
Bulgaria,2023,1A4B,ABFLOW034,Coal,,,0.0
Bulgaria,2023,1A4B,ABFLOW034,Natural gas,,,0.0
Bulgaria,2023,1A4B,ABFLOW034,Oil,,,0.0
Bulgaria,2023,1A4C1,ABFLOW036,Coal,,,0.0
Bulgaria,2023,1A4C1,ABFLOW036,Natural gas,,,0.0
Bulgaria,2023,1A4C1,ABFLOW036,Oil,,,0.0
Bulgaria,2023,1A4C2,ABFLOW037,Coal,,,0.0
Bulgaria,2023,1A4C2,ABFLOW037,Natural gas,,,0.0
Bulgaria,2023,1A4C2,ABFLOW037,Oil,,,0.0
Bulgaria,2023,1A5,ABFLOW038,Coal,,,0.0
Bulgaria,2023,1A5,ABFLOW038,Natural gas,,,0.0
Bulgaria,2023,1A5,ABFLOW038,Oil,,,0.0
Bulgaria,2024,1A,ABFLOW001,Coal,,,0.0
Bulgaria,2024,1A,ABFLOW001,Natural gas,,,0.0
Bulgaria,2024,1A,ABFLOW001,Oil,,,0.0
Bulgaria,2024,1A1A,ABFLOW002,Coal,,,0.0
Bulgaria,2024,1A1A,ABFLOW002,Natural gas,,,0.0
Bulgaria,2024,1A1A,ABFLOW002,Oil,,,0.0
Bulgaria,2024,1A1A1,ABFLOW003,Coal,58.936529382052555,,58.936529382052555
Bulgaria,2024,1A1A1,ABFLOW003,Natural gas,58.936529382052555,,58.936529382052555
Bulgaria,2024,1A1A1,ABFLOW003,Oil,58.936529382052555,,58.936529382052555
Bulgaria,2024,1A1A2,ABFLOW004,Coal,58.936529382052555,,58.936529382052555
Bulgaria,2024,1A1A2,ABFLOW004,Natural gas,58.936529382052555,,58.936529382052555
Bulgaria,2024,1A1A2,ABFLOW004,Oil,58.936529382052555,,58.936529382052555
Bulgaria,2024,1A1A3,ABFLOW005,Coal,58.936529382052555,,58.936529382052555
Bulgaria,2024,1A1A3,ABFLOW005,Natural gas,58.936529382052555,,58.936529382052555
Bulgaria,2024,1A1A3,ABFLOW005,Oil,58.936529382052555,,58.936529382052555
Bulgaria,2024,1A1B,ABFLOW011,Coal,58.936529382052555,,58.936529382052555
Bulgaria,2024,1A1B,ABFLOW011,Natural gas,58.936529382052555,,58.936529382052555
Bulgaria,2024,1A1B,ABFLOW011,Oil,58.936529382052555,,58.936529382052555
Bulgaria,2024,1A1C,ABFLOW011,Coal,58.936529382052555,,58.936529382052555
Bulgaria,2024,1A1C,ABFLOW011,Natural gas,58.936529382052555,,58.936529382052555
Bulgaria,2024,1A1C,ABFLOW011,Oil,58.936529382052555,,58.936529382052555
Bulgaria,2024,1A2,ABFLOW012,Coal,,,0.0
Bulgaria,2024,1A2,ABFLOW012,Natural gas,,,0.0
Bulgaria,2024,1A2,ABFLOW012,Oil,,,0.0
Bulgaria,2024,1A2A,ABFLOW016,Coal,58.936529382052555,,58.936529382052555
Bulgaria,2024,1A2A,ABFLOW016,Natural gas,58.936529382052555,,58.936529382052555
Bulgaria,2024,1A2A,ABFLOW016,Oil,58.936529382052555,,58.936529382052555
Bulgaria,2024,1A2B,ABFLOW018,Coal,58.936529382052555,,58.936529382052555
Bulgaria,2024,1A2B,ABFLOW018,Natural gas,58.936529382052555,,58.936529382052555
Bulgaria,2024,1A2B,ABFLOW018,Oil,58.936529382052555,,58.936529382052555
Bulgaria,2024,1A2C,ABFLOW017,Coal,58.936529382052555,,58.936529382052555
Bulgaria,2024,1A2C,ABFLOW017,Natural gas,58.936529382052555,,58.936529382052555
Bulgaria,2024,1A2C,ABFLOW017,Oil,58.936529382052555,,58.936529382052555
Bulgaria,2024,1A2D,ABFLOW023,Coal,58.936529382052555,,58.936529382052555
Bulgaria,2024,1A2D,ABFLOW023,Natural gas,58.936529382052555,,58.936529382052555
Bulgaria,2024,1A2D,ABFLOW023,Oil,58.936529382052555,,58.936529382052555
Bulgaria,2024,1A2E,ABFLOW022,Coal,58.936529382052555,,58.936529382052555
Bulgaria,2024,1A2E,ABFLOW022,Natural gas,58.936529382052555,,58.936529382052555
Bulgaria,2024,1A2E,ABFLOW022,Oil,58.936529382052555,,58.936529382052555
Bulgaria,2024,1A2F,ABFLOW019,Coal,58.936529382052555,,58.936529382052555
Bulgaria,2024,1A2F,ABFLOW019,Natural gas,58.936529382052555,,58.936529382052555
Bulgaria,2024,1A2F,ABFLOW019,Oil,58.936529382052555,,58.936529382052555
Bulgaria,2024,1A2G,ABFLOW020,Coal,58.936529382052555,,58.936529382052555
Bulgaria,2024,1A2G,ABFLOW020,Natural gas,58.936529382052555,,58.936529382052555
Bulgaria,2024,1A2G,ABFLOW020,Oil,58.936529382052555,,58.936529382052555
Bulgaria,2024,1A2H,ABFLOW021,Coal,58.936529382052555,,58.936529382052555
Bulgaria,2024,1A2H,ABFLOW021,Natural gas,58.936529382052555,,58.936529382052555
Bulgaria,2024,1A2H,ABFLOW021,Oil,58.936529382052555,,58.936529382052555
Bulgaria,2024,1A2I,ABFLOW013,Coal,58.936529382052555,,58.936529382052555
Bulgaria,2024,1A2I,ABFLOW013,Natural gas,58.936529382052555,,58.936529382052555
Bulgaria,2024,1A2I,ABFLOW013,Oil,58.936529382052555,,58.936529382052555
Bulgaria,2024,1A2J,ABFLOW024,Coal,58.936529382052555,,58.936529382052555
Bulgaria,2024,1A2J,ABFLOW024,Natural gas,58.936529382052555,,58.936529382052555
Bulgaria,2024,1A2J,ABFLOW024,Oil,58.936529382052555,,58.936529382052555
Bulgaria,2024,1A2K,ABFLOW014,Coal,58.936529382052555,,58.936529382052555
Bulgaria,2024,1A2K,ABFLOW014,Natural gas,58.936529382052555,,58.936529382052555
Bulgaria,2024,1A2K,ABFLOW014,Oil,58.936529382052555,,58.936529382052555
Bulgaria,2024,1A2L,ABFLOW025,Coal,58.936529382052555,,58.936529382052555
Bulgaria,2024,1A2L,ABFLOW025,Natural gas,58.936529382052555,,58.936529382052555
Bulgaria,2024,1A2L,ABFLOW025,Oil,58.936529382052555,,58.936529382052555
Bulgaria,2024,1A2M,ABFLOW026,Coal,58.936529382052555,,58.936529382052555
Bulgaria,2024,1A2M,ABFLOW026,Natural gas,58.936529382052555,,58.936529382052555
Bulgaria,2024,1A2M,ABFLOW026,Oil,58.936529382052555,,58.936529382052555
Bulgaria,2024,1A3,ABFLOW027,Coal,,,0.0
Bulgaria,2024,1A3,ABFLOW027,Natural gas,,,0.0
Bulgaria,2024,1A3,ABFLOW027,Oil,,,0.0
Bulgaria,2024,1A3A1,ABFLOW040,Coal,30.057629984846805,,30.057629984846805
Bulgaria,2024,1A3A1,ABFLOW040,Natural gas,30.057629984846805,,30.057629984846805
Bulgaria,2024,1A3A1,ABFLOW040,Oil,30.057629984846805,,30.057629984846805
Bulgaria,2024,1A3A2,ABFLOW029,Coal,58.936529382052555,,58.936529382052555
Bulgaria,2024,1A3A2,ABFLOW029,Natural gas,58.936529382052555,,58.936529382052555
Bulgaria,2024,1A3A2,ABFLOW029,Oil,58.936529382052555,,58.936529382052555
Bulgaria,2024,1A3B,ABFLOW028,Coal,,,0.0
Bulgaria,2024,1A3B,ABFLOW028,Natural gas,,,0.0
Bulgaria,2024,1A3B,ABFLOW028,Oil,,,0.0
Bulgaria,2024,1A3C,ABFLOW030,Coal,,,0.0
Bulgaria,2024,1A3C,ABFLOW030,Natural gas,,,0.0
Bulgaria,2024,1A3C,ABFLOW030,Oil,,,0.0
Bulgaria,2024,1A3D1,ABFLOW039,Coal,,,0.0
Bulgaria,2024,1A3D1,ABFLOW039,Natural gas,,,0.0
Bulgaria,2024,1A3D1,ABFLOW039,Oil,,,0.0
Bulgaria,2024,1A3D2,ABFLOW032,Coal,58.936529382052555,,58.936529382052555
Bulgaria,2024,1A3D2,ABFLOW032,Natural gas,58.936529382052555,,58.936529382052555
Bulgaria,2024,1A3D2,ABFLOW032,Oil,58.936529382052555,,58.936529382052555
Bulgaria,2024,1A3E1,ABFLOW033,Coal,,,0.0
Bulgaria,2024,1A3E1,ABFLOW033,Natural gas,,,0.0
Bulgaria,2024,1A3E1,ABFLOW033,Oil,,,0.0
Bulgaria,2024,1A4A,ABFLOW035,Coal,,,0.0
Bulgaria,2024,1A4A,ABFLOW035,Natural gas,,,0.0
Bulgaria,2024,1A4A,ABFLOW035,Oil,,,0.0
Bulgaria,2024,1A4B,ABFLOW034,Coal,,,0.0
Bulgaria,2024,1A4B,ABFLOW034,Natural gas,,,0.0
Bulgaria,2024,1A4B,ABFLOW034,Oil,,,0.0
Bulgaria,2024,1A4C1,ABFLOW036,Coal,,,0.0
Bulgaria,2024,1A4C1,ABFLOW036,Natural gas,,,0.0
Bulgaria,2024,1A4C1,ABFLOW036,Oil,,,0.0
Bulgaria,2024,1A4C2,ABFLOW037,Coal,,,0.0
Bulgaria,2024,1A4C2,ABFLOW037,Natural gas,,,0.0
Bulgaria,2024,1A4C2,ABFLOW037,Oil,,,0.0
Bulgaria,2024,1A5,ABFLOW038,Coal,,,0.0
Bulgaria,2024,1A5,ABFLOW038,Natural gas,,,0.0
Bulgaria,2024,1A5,ABFLOW038,Oil,,,0.0
Bulgaria,2025,1A,ABFLOW001,Coal,,,0.0
Bulgaria,2025,1A,ABFLOW001,Natural gas,,,0.0
Bulgaria,2025,1A,ABFLOW001,Oil,,,0.0
Bulgaria,2025,1A1A,ABFLOW002,Coal,,,0.0
Bulgaria,2025,1A1A,ABFLOW002,Natural gas,,,0.0
Bulgaria,2025,1A1A,ABFLOW002,Oil,,,0.0
Bulgaria,2025,1A1A1,ABFLOW003,Coal,65.7393434531201,,65.7393434531201
Bulgaria,2025,1A1A1,ABFLOW003,Natural gas,65.7393434531201,,65.7393434531201
Bulgaria,2025,1A1A1,ABFLOW003,Oil,65.7393434531201,,65.7393434531201
Bulgaria,2025,1A1A2,ABFLOW004,Coal,65.7393434531201,,65.7393434531201
Bulgaria,2025,1A1A2,ABFLOW004,Natural gas,65.7393434531201,,65.7393434531201
Bulgaria,2025,1A1A2,ABFLOW004,Oil,65.7393434531201,,65.7393434531201
Bulgaria,2025,1A1A3,ABFLOW005,Coal,65.7393434531201,,65.7393434531201
Bulgaria,2025,1A1A3,ABFLOW005,Natural gas,65.7393434531201,,65.7393434531201
Bulgaria,2025,1A1A3,ABFLOW005,Oil,65.7393434531201,,65.7393434531201
Bulgaria,2025,1A1B,ABFLOW011,Coal,65.7393434531201,,65.7393434531201
Bulgaria,2025,1A1B,ABFLOW011,Natural gas,65.7393434531201,,65.7393434531201
Bulgaria,2025,1A1B,ABFLOW011,Oil,65.7393434531201,,65.7393434531201
Bulgaria,2025,1A1C,ABFLOW011,Coal,65.7393434531201,,65.7393434531201
Bulgaria,2025,1A1C,ABFLOW011,Natural gas,65.7393434531201,,65.7393434531201
Bulgaria,2025,1A1C,ABFLOW011,Oil,65.7393434531201,,65.7393434531201
Bulgaria,2025,1A2,ABFLOW012,Coal,,,0.0
Bulgaria,2025,1A2,ABFLOW012,Natural gas,,,0.0
Bulgaria,2025,1A2,ABFLOW012,Oil,,,0.0
Bulgaria,2025,1A2A,ABFLOW016,Coal,65.7393434531201,,65.7393434531201
Bulgaria,2025,1A2A,ABFLOW016,Natural gas,65.7393434531201,,65.7393434531201
Bulgaria,2025,1A2A,ABFLOW016,Oil,65.7393434531201,,65.7393434531201
Bulgaria,2025,1A2B,ABFLOW018,Coal,65.7393434531201,,65.7393434531201
Bulgaria,2025,1A2B,ABFLOW018,Natural gas,65.7393434531201,,65.7393434531201
Bulgaria,2025,1A2B,ABFLOW018,Oil,65.7393434531201,,65.7393434531201
Bulgaria,2025,1A2C,ABFLOW017,Coal,65.7393434531201,,65.7393434531201
Bulgaria,2025,1A2C,ABFLOW017,Natural gas,65.7393434531201,,65.7393434531201
Bulgaria,2025,1A2C,ABFLOW017,Oil,65.7393434531201,,65.7393434531201
Bulgaria,2025,1A2D,ABFLOW023,Coal,65.7393434531201,,65.7393434531201
Bulgaria,2025,1A2D,ABFLOW023,Natural gas,65.7393434531201,,65.7393434531201
Bulgaria,2025,1A2D,ABFLOW023,Oil,65.7393434531201,,65.7393434531201
Bulgaria,2025,1A2E,ABFLOW022,Coal,65.7393434531201,,65.7393434531201
Bulgaria,2025,1A2E,ABFLOW022,Natural gas,65.7393434531201,,65.7393434531201
Bulgaria,2025,1A2E,ABFLOW022,Oil,65.7393434531201,,65.7393434531201
Bulgaria,2025,1A2F,ABFLOW019,Coal,65.7393434531201,,65.7393434531201
Bulgaria,2025,1A2F,ABFLOW019,Natural gas,65.7393434531201,,65.7393434531201
Bulgaria,2025,1A2F,ABFLOW019,Oil,65.7393434531201,,65.7393434531201
Bulgaria,2025,1A2G,ABFLOW020,Coal,65.7393434531201,,65.7393434531201
Bulgaria,2025,1A2G,ABFLOW020,Natural gas,65.7393434531201,,65.7393434531201
Bulgaria,2025,1A2G,ABFLOW020,Oil,65.7393434531201,,65.7393434531201
Bulgaria,2025,1A2H,ABFLOW021,Coal,65.7393434531201,,65.7393434531201
Bulgaria,2025,1A2H,ABFLOW021,Natural gas,65.7393434531201,,65.7393434531201
Bulgaria,2025,1A2H,ABFLOW021,Oil,65.7393434531201,,65.7393434531201
Bulgaria,2025,1A2I,ABFLOW013,Coal,65.7393434531201,,65.7393434531201
Bulgaria,2025,1A2I,ABFLOW013,Natural gas,65.7393434531201,,65.7393434531201
Bulgaria,2025,1A2I,ABFLOW013,Oil,65.7393434531201,,65.7393434531201
Bulgaria,2025,1A2J,ABFLOW024,Coal,65.7393434531201,,65.7393434531201
Bulgaria,2025,1A2J,ABFLOW024,Natural gas,65.7393434531201,,65.7393434531201
Bulgaria,2025,1A2J,ABFLOW024,Oil,65.7393434531201,,65.7393434531201
Bulgaria,2025,1A2K,ABFLOW014,Coal,65.7393434531201,,65.7393434531201
Bulgaria,2025,1A2K,ABFLOW014,Natural gas,65.7393434531201,,65.7393434531201
Bulgaria,2025,1A2K,ABFLOW014,Oil,65.7393434531201,,65.7393434531201
Bulgaria,2025,1A2L,ABFLOW025,Coal,65.7393434531201,,65.7393434531201
Bulgaria,2025,1A2L,ABFLOW025,Natural gas,65.7393434531201,,65.7393434531201
Bulgaria,2025,1A2L,ABFLOW025,Oil,65.7393434531201,,65.7393434531201
Bulgaria,2025,1A2M,ABFLOW026,Coal,65.7393434531201,,65.7393434531201
Bulgaria,2025,1A2M,ABFLOW026,Natural gas,65.7393434531201,,65.7393434531201
Bulgaria,2025,1A2M,ABFLOW026,Oil,65.7393434531201,,65.7393434531201
Bulgaria,2025,1A3,ABFLOW027,Coal,,,0.0
Bulgaria,2025,1A3,ABFLOW027,Natural gas,,,0.0
Bulgaria,2025,1A3,ABFLOW027,Oil,,,0.0
Bulgaria,2025,1A3A1,ABFLOW040,Coal,65.7393434531201,,65.7393434531201
Bulgaria,2025,1A3A1,ABFLOW040,Natural gas,65.7393434531201,,65.7393434531201
Bulgaria,2025,1A3A1,ABFLOW040,Oil,65.7393434531201,,65.7393434531201
Bulgaria,2025,1A3A2,ABFLOW029,Coal,65.7393434531201,,65.7393434531201
Bulgaria,2025,1A3A2,ABFLOW029,Natural gas,65.7393434531201,,65.7393434531201
Bulgaria,2025,1A3A2,ABFLOW029,Oil,65.7393434531201,,65.7393434531201
Bulgaria,2025,1A3B,ABFLOW028,Coal,,,0.0
Bulgaria,2025,1A3B,ABFLOW028,Natural gas,,,0.0
Bulgaria,2025,1A3B,ABFLOW028,Oil,,,0.0
Bulgaria,2025,1A3C,ABFLOW030,Coal,,,0.0
Bulgaria,2025,1A3C,ABFLOW030,Natural gas,,,0.0
Bulgaria,2025,1A3C,ABFLOW030,Oil,,,0.0
Bulgaria,2025,1A3D1,ABFLOW039,Coal,,,0.0
Bulgaria,2025,1A3D1,ABFLOW039,Natural gas,,,0.0
Bulgaria,2025,1A3D1,ABFLOW039,Oil,,,0.0
Bulgaria,2025,1A3D2,ABFLOW032,Coal,65.7393434531201,,65.7393434531201
Bulgaria,2025,1A3D2,ABFLOW032,Natural gas,65.7393434531201,,65.7393434531201
Bulgaria,2025,1A3D2,ABFLOW032,Oil,65.7393434531201,,65.7393434531201
Bulgaria,2025,1A3E1,ABFLOW033,Coal,,,0.0
Bulgaria,2025,1A3E1,ABFLOW033,Natural gas,,,0.0
Bulgaria,2025,1A3E1,ABFLOW033,Oil,,,0.0
Bulgaria,2025,1A4A,ABFLOW035,Coal,,,0.0
Bulgaria,2025,1A4A,ABFLOW035,Natural gas,,,0.0
Bulgaria,2025,1A4A,ABFLOW035,Oil,,,0.0
Bulgaria,2025,1A4B,ABFLOW034,Coal,,,0.0
Bulgaria,2025,1A4B,ABFLOW034,Natural gas,,,0.0
Bulgaria,2025,1A4B,ABFLOW034,Oil,,,0.0
Bulgaria,2025,1A4C1,ABFLOW036,Coal,,,0.0
Bulgaria,2025,1A4C1,ABFLOW036,Natural gas,,,0.0
Bulgaria,2025,1A4C1,ABFLOW036,Oil,,,0.0
Bulgaria,2025,1A4C2,ABFLOW037,Coal,,,0.0
Bulgaria,2025,1A4C2,ABFLOW037,Natural gas,,,0.0
Bulgaria,2025,1A4C2,ABFLOW037,Oil,,,0.0
Bulgaria,2025,1A5,ABFLOW038,Coal,,,0.0
Bulgaria,2025,1A5,ABFLOW038,Natural gas,,,0.0
Bulgaria,2025,1A5,ABFLOW038,Oil,,,0.0
