jurisdiction,year,ipcc_code,iea_code,Product,ets_price_usd_k,tax_rate_incl_ex_usd_k,all_inst_usd_k
France,1989,1A,ABFLOW001,Coal,,,0.0
France,1989,1A,ABFLOW001,Natural gas,,,0.0
France,1989,1A,ABFLOW001,Oil,,,0.0
France,1989,1A1A,ABFLOW002,Coal,,,0.0
France,1989,1A1A,ABFLOW002,Natural gas,,,0.0
France,1989,1A1A,ABFLOW002,Oil,,,0.0
France,1989,1A1A1,ABFLOW003,Coal,,,0.0
France,1989,1A1A1,ABFLOW003,Natural gas,,,0.0
France,1989,1A1A1,ABFLOW003,Oil,,,0.0
France,1989,1A1A2,ABFLOW004,Coal,,,0.0
France,1989,1A1A2,ABFLOW004,Natural gas,,,0.0
France,1989,1A1A2,ABFLOW004,Oil,,,0.0
France,1989,1A1A3,ABFLOW005,Coal,,,0.0
France,1989,1A1A3,ABFLOW005,Natural gas,,,0.0
France,1989,1A1A3,ABFLOW005,Oil,,,0.0
France,1989,1A1B,ABFLOW011,Coal,,,0.0
France,1989,1A1B,ABFLOW011,Natural gas,,,0.0
France,1989,1A1B,ABFLOW011,Oil,,,0.0
France,1989,1A1C,ABFLOW011,Coal,,,0.0
France,1989,1A1C,ABFLOW011,Natural gas,,,0.0
France,1989,1A1C,ABFLOW011,Oil,,,0.0
France,1989,1A2,ABFLOW012,Coal,,,0.0
France,1989,1A2,ABFLOW012,Natural gas,,,0.0
France,1989,1A2,ABFLOW012,Oil,,,0.0
France,1989,1A2A,ABFLOW016,Coal,,,0.0
France,1989,1A2A,ABFLOW016,Natural gas,,,0.0
France,1989,1A2A,ABFLOW016,Oil,,,0.0
France,1989,1A2B,ABFLOW018,Coal,,,0.0
France,1989,1A2B,ABFLOW018,Natural gas,,,0.0
France,1989,1A2B,ABFLOW018,Oil,,,0.0
France,1989,1A2C,ABFLOW017,Coal,,,0.0
France,1989,1A2C,ABFLOW017,Natural gas,,,0.0
France,1989,1A2C,ABFLOW017,Oil,,,0.0
France,1989,1A2D,ABFLOW023,Coal,,,0.0
France,1989,1A2D,ABFLOW023,Natural gas,,,0.0
France,1989,1A2D,ABFLOW023,Oil,,,0.0
France,1989,1A2E,ABFLOW022,Coal,,,0.0
France,1989,1A2E,ABFLOW022,Natural gas,,,0.0
France,1989,1A2E,ABFLOW022,Oil,,,0.0
France,1989,1A2F,ABFLOW019,Coal,,,0.0
France,1989,1A2F,ABFLOW019,Natural gas,,,0.0
France,1989,1A2F,ABFLOW019,Oil,,,0.0
France,1989,1A2G,ABFLOW020,Coal,,,0.0
France,1989,1A2G,ABFLOW020,Natural gas,,,0.0
France,1989,1A2G,ABFLOW020,Oil,,,0.0
France,1989,1A2H,ABFLOW021,Coal,,,0.0
France,1989,1A2H,ABFLOW021,Natural gas,,,0.0
France,1989,1A2H,ABFLOW021,Oil,,,0.0
France,1989,1A2I,ABFLOW013,Coal,,,0.0
France,1989,1A2I,ABFLOW013,Natural gas,,,0.0
France,1989,1A2I,ABFLOW013,Oil,,,0.0
France,1989,1A2J,ABFLOW024,Coal,,,0.0
France,1989,1A2J,ABFLOW024,Natural gas,,,0.0
France,1989,1A2J,ABFLOW024,Oil,,,0.0
France,1989,1A2K,ABFLOW014,Coal,,,0.0
France,1989,1A2K,ABFLOW014,Natural gas,,,0.0
France,1989,1A2K,ABFLOW014,Oil,,,0.0
France,1989,1A2L,ABFLOW025,Coal,,,0.0
France,1989,1A2L,ABFLOW025,Natural gas,,,0.0
France,1989,1A2L,ABFLOW025,Oil,,,0.0
France,1989,1A2M,ABFLOW026,Coal,,,0.0
France,1989,1A2M,ABFLOW026,Natural gas,,,0.0
France,1989,1A2M,ABFLOW026,Oil,,,0.0
France,1989,1A3,ABFLOW027,Coal,,,0.0
France,1989,1A3,ABFLOW027,Natural gas,,,0.0
France,1989,1A3,ABFLOW027,Oil,,,0.0
France,1989,1A3A1,ABFLOW040,Coal,,,0.0
France,1989,1A3A1,ABFLOW040,Natural gas,,,0.0
France,1989,1A3A1,ABFLOW040,Oil,,,0.0
France,1989,1A3A2,ABFLOW029,Coal,,,0.0
France,1989,1A3A2,ABFLOW029,Natural gas,,,0.0
France,1989,1A3A2,ABFLOW029,Oil,,,0.0
France,1989,1A3B,ABFLOW028,Coal,,,0.0
France,1989,1A3B,ABFLOW028,Natural gas,,,0.0
France,1989,1A3B,ABFLOW028,Oil,,,0.0
France,1989,1A3C,ABFLOW030,Coal,,,0.0
France,1989,1A3C,ABFLOW030,Natural gas,,,0.0
France,1989,1A3C,ABFLOW030,Oil,,,0.0
France,1989,1A3D1,ABFLOW039,Coal,,,0.0
France,1989,1A3D1,ABFLOW039,Natural gas,,,0.0
France,1989,1A3D1,ABFLOW039,Oil,,,0.0
France,1989,1A3D2,ABFLOW032,Coal,,,0.0
France,1989,1A3D2,ABFLOW032,Natural gas,,,0.0
France,1989,1A3D2,ABFLOW032,Oil,,,0.0
France,1989,1A3E1,ABFLOW033,Coal,,,0.0
France,1989,1A3E1,ABFLOW033,Natural gas,,,0.0
France,1989,1A3E1,ABFLOW033,Oil,,,0.0
France,1989,1A4A,ABFLOW035,Coal,,,0.0
France,1989,1A4A,ABFLOW035,Natural gas,,,0.0
France,1989,1A4A,ABFLOW035,Oil,,,0.0
France,1989,1A4B,ABFLOW034,Coal,,,0.0
France,1989,1A4B,ABFLOW034,Natural gas,,,0.0
France,1989,1A4B,ABFLOW034,Oil,,,0.0
France,1989,1A4C1,ABFLOW036,Coal,,,0.0
France,1989,1A4C1,ABFLOW036,Natural gas,,,0.0
France,1989,1A4C1,ABFLOW036,Oil,,,0.0
France,1989,1A4C2,ABFLOW037,Coal,,,0.0
France,1989,1A4C2,ABFLOW037,Natural gas,,,0.0
France,1989,1A4C2,ABFLOW037,Oil,,,0.0
France,1989,1A5,ABFLOW038,Coal,,,0.0
France,1989,1A5,ABFLOW038,Natural gas,,,0.0
France,1989,1A5,ABFLOW038,Oil,,,0.0
France,1990,1A,ABFLOW001,Coal,,,0.0
France,1990,1A,ABFLOW001,Natural gas,,,0.0
France,1990,1A,ABFLOW001,Oil,,,0.0
France,1990,1A1A,ABFLOW002,Coal,,,0.0
France,1990,1A1A,ABFLOW002,Natural gas,,,0.0
France,1990,1A1A,ABFLOW002,Oil,,,0.0
France,1990,1A1A1,ABFLOW003,Coal,,,0.0
France,1990,1A1A1,ABFLOW003,Natural gas,,,0.0
France,1990,1A1A1,ABFLOW003,Oil,,,0.0
France,1990,1A1A2,ABFLOW004,Coal,,,0.0
France,1990,1A1A2,ABFLOW004,Natural gas,,,0.0
France,1990,1A1A2,ABFLOW004,Oil,,,0.0
France,1990,1A1A3,ABFLOW005,Coal,,,0.0
France,1990,1A1A3,ABFLOW005,Natural gas,,,0.0
France,1990,1A1A3,ABFLOW005,Oil,,,0.0
France,1990,1A1B,ABFLOW011,Coal,,,0.0
France,1990,1A1B,ABFLOW011,Natural gas,,,0.0
France,1990,1A1B,ABFLOW011,Oil,,,0.0
France,1990,1A1C,ABFLOW011,Coal,,,0.0
France,1990,1A1C,ABFLOW011,Natural gas,,,0.0
France,1990,1A1C,ABFLOW011,Oil,,,0.0
France,1990,1A2,ABFLOW012,Coal,,,0.0
France,1990,1A2,ABFLOW012,Natural gas,,,0.0
France,1990,1A2,ABFLOW012,Oil,,,0.0
France,1990,1A2A,ABFLOW016,Coal,,,0.0
France,1990,1A2A,ABFLOW016,Natural gas,,,0.0
France,1990,1A2A,ABFLOW016,Oil,,,0.0
France,1990,1A2B,ABFLOW018,Coal,,,0.0
France,1990,1A2B,ABFLOW018,Natural gas,,,0.0
France,1990,1A2B,ABFLOW018,Oil,,,0.0
France,1990,1A2C,ABFLOW017,Coal,,,0.0
France,1990,1A2C,ABFLOW017,Natural gas,,,0.0
France,1990,1A2C,ABFLOW017,Oil,,,0.0
France,1990,1A2D,ABFLOW023,Coal,,,0.0
France,1990,1A2D,ABFLOW023,Natural gas,,,0.0
France,1990,1A2D,ABFLOW023,Oil,,,0.0
France,1990,1A2E,ABFLOW022,Coal,,,0.0
France,1990,1A2E,ABFLOW022,Natural gas,,,0.0
France,1990,1A2E,ABFLOW022,Oil,,,0.0
France,1990,1A2F,ABFLOW019,Coal,,,0.0
France,1990,1A2F,ABFLOW019,Natural gas,,,0.0
France,1990,1A2F,ABFLOW019,Oil,,,0.0
France,1990,1A2G,ABFLOW020,Coal,,,0.0
France,1990,1A2G,ABFLOW020,Natural gas,,,0.0
France,1990,1A2G,ABFLOW020,Oil,,,0.0
France,1990,1A2H,ABFLOW021,Coal,,,0.0
France,1990,1A2H,ABFLOW021,Natural gas,,,0.0
France,1990,1A2H,ABFLOW021,Oil,,,0.0
France,1990,1A2I,ABFLOW013,Coal,,,0.0
France,1990,1A2I,ABFLOW013,Natural gas,,,0.0
France,1990,1A2I,ABFLOW013,Oil,,,0.0
France,1990,1A2J,ABFLOW024,Coal,,,0.0
France,1990,1A2J,ABFLOW024,Natural gas,,,0.0
France,1990,1A2J,ABFLOW024,Oil,,,0.0
France,1990,1A2K,ABFLOW014,Coal,,,0.0
France,1990,1A2K,ABFLOW014,Natural gas,,,0.0
France,1990,1A2K,ABFLOW014,Oil,,,0.0
France,1990,1A2L,ABFLOW025,Coal,,,0.0
France,1990,1A2L,ABFLOW025,Natural gas,,,0.0
France,1990,1A2L,ABFLOW025,Oil,,,0.0
France,1990,1A2M,ABFLOW026,Coal,,,0.0
France,1990,1A2M,ABFLOW026,Natural gas,,,0.0
France,1990,1A2M,ABFLOW026,Oil,,,0.0
France,1990,1A3,ABFLOW027,Coal,,,0.0
France,1990,1A3,ABFLOW027,Natural gas,,,0.0
France,1990,1A3,ABFLOW027,Oil,,,0.0
France,1990,1A3A1,ABFLOW040,Coal,,,0.0
France,1990,1A3A1,ABFLOW040,Natural gas,,,0.0
France,1990,1A3A1,ABFLOW040,Oil,,,0.0
France,1990,1A3A2,ABFLOW029,Coal,,,0.0
France,1990,1A3A2,ABFLOW029,Natural gas,,,0.0
France,1990,1A3A2,ABFLOW029,Oil,,,0.0
France,1990,1A3B,ABFLOW028,Coal,,,0.0
France,1990,1A3B,ABFLOW028,Natural gas,,,0.0
France,1990,1A3B,ABFLOW028,Oil,,,0.0
France,1990,1A3C,ABFLOW030,Coal,,,0.0
France,1990,1A3C,ABFLOW030,Natural gas,,,0.0
France,1990,1A3C,ABFLOW030,Oil,,,0.0
France,1990,1A3D1,ABFLOW039,Coal,,,0.0
France,1990,1A3D1,ABFLOW039,Natural gas,,,0.0
France,1990,1A3D1,ABFLOW039,Oil,,,0.0
France,1990,1A3D2,ABFLOW032,Coal,,,0.0
France,1990,1A3D2,ABFLOW032,Natural gas,,,0.0
France,1990,1A3D2,ABFLOW032,Oil,,,0.0
France,1990,1A3E1,ABFLOW033,Coal,,,0.0
France,1990,1A3E1,ABFLOW033,Natural gas,,,0.0
France,1990,1A3E1,ABFLOW033,Oil,,,0.0
France,1990,1A4A,ABFLOW035,Coal,,,0.0
France,1990,1A4A,ABFLOW035,Natural gas,,,0.0
France,1990,1A4A,ABFLOW035,Oil,,,0.0
France,1990,1A4B,ABFLOW034,Coal,,,0.0
France,1990,1A4B,ABFLOW034,Natural gas,,,0.0
France,1990,1A4B,ABFLOW034,Oil,,,0.0
France,1990,1A4C1,ABFLOW036,Coal,,,0.0
France,1990,1A4C1,ABFLOW036,Natural gas,,,0.0
France,1990,1A4C1,ABFLOW036,Oil,,,0.0
France,1990,1A4C2,ABFLOW037,Coal,,,0.0
France,1990,1A4C2,ABFLOW037,Natural gas,,,0.0
France,1990,1A4C2,ABFLOW037,Oil,,,0.0
France,1990,1A5,ABFLOW038,Coal,,,0.0
France,1990,1A5,ABFLOW038,Natural gas,,,0.0
France,1990,1A5,ABFLOW038,Oil,,,0.0
France,1991,1A,ABFLOW001,Coal,,,0.0
France,1991,1A,ABFLOW001,Natural gas,,,0.0
France,1991,1A,ABFLOW001,Oil,,,0.0
France,1991,1A1A,ABFLOW002,Coal,,,0.0
France,1991,1A1A,ABFLOW002,Natural gas,,,0.0
France,1991,1A1A,ABFLOW002,Oil,,,0.0
France,1991,1A1A1,ABFLOW003,Coal,,,0.0
France,1991,1A1A1,ABFLOW003,Natural gas,,,0.0
France,1991,1A1A1,ABFLOW003,Oil,,,0.0
France,1991,1A1A2,ABFLOW004,Coal,,,0.0
France,1991,1A1A2,ABFLOW004,Natural gas,,,0.0
France,1991,1A1A2,ABFLOW004,Oil,,,0.0
France,1991,1A1A3,ABFLOW005,Coal,,,0.0
France,1991,1A1A3,ABFLOW005,Natural gas,,,0.0
France,1991,1A1A3,ABFLOW005,Oil,,,0.0
France,1991,1A1B,ABFLOW011,Coal,,,0.0
France,1991,1A1B,ABFLOW011,Natural gas,,,0.0
France,1991,1A1B,ABFLOW011,Oil,,,0.0
France,1991,1A1C,ABFLOW011,Coal,,,0.0
France,1991,1A1C,ABFLOW011,Natural gas,,,0.0
France,1991,1A1C,ABFLOW011,Oil,,,0.0
France,1991,1A2,ABFLOW012,Coal,,,0.0
France,1991,1A2,ABFLOW012,Natural gas,,,0.0
France,1991,1A2,ABFLOW012,Oil,,,0.0
France,1991,1A2A,ABFLOW016,Coal,,,0.0
France,1991,1A2A,ABFLOW016,Natural gas,,,0.0
France,1991,1A2A,ABFLOW016,Oil,,,0.0
France,1991,1A2B,ABFLOW018,Coal,,,0.0
France,1991,1A2B,ABFLOW018,Natural gas,,,0.0
France,1991,1A2B,ABFLOW018,Oil,,,0.0
France,1991,1A2C,ABFLOW017,Coal,,,0.0
France,1991,1A2C,ABFLOW017,Natural gas,,,0.0
France,1991,1A2C,ABFLOW017,Oil,,,0.0
France,1991,1A2D,ABFLOW023,Coal,,,0.0
France,1991,1A2D,ABFLOW023,Natural gas,,,0.0
France,1991,1A2D,ABFLOW023,Oil,,,0.0
France,1991,1A2E,ABFLOW022,Coal,,,0.0
France,1991,1A2E,ABFLOW022,Natural gas,,,0.0
France,1991,1A2E,ABFLOW022,Oil,,,0.0
France,1991,1A2F,ABFLOW019,Coal,,,0.0
France,1991,1A2F,ABFLOW019,Natural gas,,,0.0
France,1991,1A2F,ABFLOW019,Oil,,,0.0
France,1991,1A2G,ABFLOW020,Coal,,,0.0
France,1991,1A2G,ABFLOW020,Natural gas,,,0.0
France,1991,1A2G,ABFLOW020,Oil,,,0.0
France,1991,1A2H,ABFLOW021,Coal,,,0.0
France,1991,1A2H,ABFLOW021,Natural gas,,,0.0
France,1991,1A2H,ABFLOW021,Oil,,,0.0
France,1991,1A2I,ABFLOW013,Coal,,,0.0
France,1991,1A2I,ABFLOW013,Natural gas,,,0.0
France,1991,1A2I,ABFLOW013,Oil,,,0.0
France,1991,1A2J,ABFLOW024,Coal,,,0.0
France,1991,1A2J,ABFLOW024,Natural gas,,,0.0
France,1991,1A2J,ABFLOW024,Oil,,,0.0
France,1991,1A2K,ABFLOW014,Coal,,,0.0
France,1991,1A2K,ABFLOW014,Natural gas,,,0.0
France,1991,1A2K,ABFLOW014,Oil,,,0.0
France,1991,1A2L,ABFLOW025,Coal,,,0.0
France,1991,1A2L,ABFLOW025,Natural gas,,,0.0
France,1991,1A2L,ABFLOW025,Oil,,,0.0
France,1991,1A2M,ABFLOW026,Coal,,,0.0
France,1991,1A2M,ABFLOW026,Natural gas,,,0.0
France,1991,1A2M,ABFLOW026,Oil,,,0.0
France,1991,1A3,ABFLOW027,Coal,,,0.0
France,1991,1A3,ABFLOW027,Natural gas,,,0.0
France,1991,1A3,ABFLOW027,Oil,,,0.0
France,1991,1A3A1,ABFLOW040,Coal,,,0.0
France,1991,1A3A1,ABFLOW040,Natural gas,,,0.0
France,1991,1A3A1,ABFLOW040,Oil,,,0.0
France,1991,1A3A2,ABFLOW029,Coal,,,0.0
France,1991,1A3A2,ABFLOW029,Natural gas,,,0.0
France,1991,1A3A2,ABFLOW029,Oil,,,0.0
France,1991,1A3B,ABFLOW028,Coal,,,0.0
France,1991,1A3B,ABFLOW028,Natural gas,,,0.0
France,1991,1A3B,ABFLOW028,Oil,,,0.0
France,1991,1A3C,ABFLOW030,Coal,,,0.0
France,1991,1A3C,ABFLOW030,Natural gas,,,0.0
France,1991,1A3C,ABFLOW030,Oil,,,0.0
France,1991,1A3D1,ABFLOW039,Coal,,,0.0
France,1991,1A3D1,ABFLOW039,Natural gas,,,0.0
France,1991,1A3D1,ABFLOW039,Oil,,,0.0
France,1991,1A3D2,ABFLOW032,Coal,,,0.0
France,1991,1A3D2,ABFLOW032,Natural gas,,,0.0
France,1991,1A3D2,ABFLOW032,Oil,,,0.0
France,1991,1A3E1,ABFLOW033,Coal,,,0.0
France,1991,1A3E1,ABFLOW033,Natural gas,,,0.0
France,1991,1A3E1,ABFLOW033,Oil,,,0.0
France,1991,1A4A,ABFLOW035,Coal,,,0.0
France,1991,1A4A,ABFLOW035,Natural gas,,,0.0
France,1991,1A4A,ABFLOW035,Oil,,,0.0
France,1991,1A4B,ABFLOW034,Coal,,,0.0
France,1991,1A4B,ABFLOW034,Natural gas,,,0.0
France,1991,1A4B,ABFLOW034,Oil,,,0.0
France,1991,1A4C1,ABFLOW036,Coal,,,0.0
France,1991,1A4C1,ABFLOW036,Natural gas,,,0.0
France,1991,1A4C1,ABFLOW036,Oil,,,0.0
France,1991,1A4C2,ABFLOW037,Coal,,,0.0
France,1991,1A4C2,ABFLOW037,Natural gas,,,0.0
France,1991,1A4C2,ABFLOW037,Oil,,,0.0
France,1991,1A5,ABFLOW038,Coal,,,0.0
France,1991,1A5,ABFLOW038,Natural gas,,,0.0
France,1991,1A5,ABFLOW038,Oil,,,0.0
France,1992,1A,ABFLOW001,Coal,,,0.0
France,1992,1A,ABFLOW001,Natural gas,,,0.0
France,1992,1A,ABFLOW001,Oil,,,0.0
France,1992,1A1A,ABFLOW002,Coal,,,0.0
France,1992,1A1A,ABFLOW002,Natural gas,,,0.0
France,1992,1A1A,ABFLOW002,Oil,,,0.0
France,1992,1A1A1,ABFLOW003,Coal,,,0.0
France,1992,1A1A1,ABFLOW003,Natural gas,,,0.0
France,1992,1A1A1,ABFLOW003,Oil,,,0.0
France,1992,1A1A2,ABFLOW004,Coal,,,0.0
France,1992,1A1A2,ABFLOW004,Natural gas,,,0.0
France,1992,1A1A2,ABFLOW004,Oil,,,0.0
France,1992,1A1A3,ABFLOW005,Coal,,,0.0
France,1992,1A1A3,ABFLOW005,Natural gas,,,0.0
France,1992,1A1A3,ABFLOW005,Oil,,,0.0
France,1992,1A1B,ABFLOW011,Coal,,,0.0
France,1992,1A1B,ABFLOW011,Natural gas,,,0.0
France,1992,1A1B,ABFLOW011,Oil,,,0.0
France,1992,1A1C,ABFLOW011,Coal,,,0.0
France,1992,1A1C,ABFLOW011,Natural gas,,,0.0
France,1992,1A1C,ABFLOW011,Oil,,,0.0
France,1992,1A2,ABFLOW012,Coal,,,0.0
France,1992,1A2,ABFLOW012,Natural gas,,,0.0
France,1992,1A2,ABFLOW012,Oil,,,0.0
France,1992,1A2A,ABFLOW016,Coal,,,0.0
France,1992,1A2A,ABFLOW016,Natural gas,,,0.0
France,1992,1A2A,ABFLOW016,Oil,,,0.0
France,1992,1A2B,ABFLOW018,Coal,,,0.0
France,1992,1A2B,ABFLOW018,Natural gas,,,0.0
France,1992,1A2B,ABFLOW018,Oil,,,0.0
France,1992,1A2C,ABFLOW017,Coal,,,0.0
France,1992,1A2C,ABFLOW017,Natural gas,,,0.0
France,1992,1A2C,ABFLOW017,Oil,,,0.0
France,1992,1A2D,ABFLOW023,Coal,,,0.0
France,1992,1A2D,ABFLOW023,Natural gas,,,0.0
France,1992,1A2D,ABFLOW023,Oil,,,0.0
France,1992,1A2E,ABFLOW022,Coal,,,0.0
France,1992,1A2E,ABFLOW022,Natural gas,,,0.0
France,1992,1A2E,ABFLOW022,Oil,,,0.0
France,1992,1A2F,ABFLOW019,Coal,,,0.0
France,1992,1A2F,ABFLOW019,Natural gas,,,0.0
France,1992,1A2F,ABFLOW019,Oil,,,0.0
France,1992,1A2G,ABFLOW020,Coal,,,0.0
France,1992,1A2G,ABFLOW020,Natural gas,,,0.0
France,1992,1A2G,ABFLOW020,Oil,,,0.0
France,1992,1A2H,ABFLOW021,Coal,,,0.0
France,1992,1A2H,ABFLOW021,Natural gas,,,0.0
France,1992,1A2H,ABFLOW021,Oil,,,0.0
France,1992,1A2I,ABFLOW013,Coal,,,0.0
France,1992,1A2I,ABFLOW013,Natural gas,,,0.0
France,1992,1A2I,ABFLOW013,Oil,,,0.0
France,1992,1A2J,ABFLOW024,Coal,,,0.0
France,1992,1A2J,ABFLOW024,Natural gas,,,0.0
France,1992,1A2J,ABFLOW024,Oil,,,0.0
France,1992,1A2K,ABFLOW014,Coal,,,0.0
France,1992,1A2K,ABFLOW014,Natural gas,,,0.0
France,1992,1A2K,ABFLOW014,Oil,,,0.0
France,1992,1A2L,ABFLOW025,Coal,,,0.0
France,1992,1A2L,ABFLOW025,Natural gas,,,0.0
France,1992,1A2L,ABFLOW025,Oil,,,0.0
France,1992,1A2M,ABFLOW026,Coal,,,0.0
France,1992,1A2M,ABFLOW026,Natural gas,,,0.0
France,1992,1A2M,ABFLOW026,Oil,,,0.0
France,1992,1A3,ABFLOW027,Coal,,,0.0
France,1992,1A3,ABFLOW027,Natural gas,,,0.0
France,1992,1A3,ABFLOW027,Oil,,,0.0
France,1992,1A3A1,ABFLOW040,Coal,,,0.0
France,1992,1A3A1,ABFLOW040,Natural gas,,,0.0
France,1992,1A3A1,ABFLOW040,Oil,,,0.0
France,1992,1A3A2,ABFLOW029,Coal,,,0.0
France,1992,1A3A2,ABFLOW029,Natural gas,,,0.0
France,1992,1A3A2,ABFLOW029,Oil,,,0.0
France,1992,1A3B,ABFLOW028,Coal,,,0.0
France,1992,1A3B,ABFLOW028,Natural gas,,,0.0
France,1992,1A3B,ABFLOW028,Oil,,,0.0
France,1992,1A3C,ABFLOW030,Coal,,,0.0
France,1992,1A3C,ABFLOW030,Natural gas,,,0.0
France,1992,1A3C,ABFLOW030,Oil,,,0.0
France,1992,1A3D1,ABFLOW039,Coal,,,0.0
France,1992,1A3D1,ABFLOW039,Natural gas,,,0.0
France,1992,1A3D1,ABFLOW039,Oil,,,0.0
France,1992,1A3D2,ABFLOW032,Coal,,,0.0
France,1992,1A3D2,ABFLOW032,Natural gas,,,0.0
France,1992,1A3D2,ABFLOW032,Oil,,,0.0
France,1992,1A3E1,ABFLOW033,Coal,,,0.0
France,1992,1A3E1,ABFLOW033,Natural gas,,,0.0
France,1992,1A3E1,ABFLOW033,Oil,,,0.0
France,1992,1A4A,ABFLOW035,Coal,,,0.0
France,1992,1A4A,ABFLOW035,Natural gas,,,0.0
France,1992,1A4A,ABFLOW035,Oil,,,0.0
France,1992,1A4B,ABFLOW034,Coal,,,0.0
France,1992,1A4B,ABFLOW034,Natural gas,,,0.0
France,1992,1A4B,ABFLOW034,Oil,,,0.0
France,1992,1A4C1,ABFLOW036,Coal,,,0.0
France,1992,1A4C1,ABFLOW036,Natural gas,,,0.0
France,1992,1A4C1,ABFLOW036,Oil,,,0.0
France,1992,1A4C2,ABFLOW037,Coal,,,0.0
France,1992,1A4C2,ABFLOW037,Natural gas,,,0.0
France,1992,1A4C2,ABFLOW037,Oil,,,0.0
France,1992,1A5,ABFLOW038,Coal,,,0.0
France,1992,1A5,ABFLOW038,Natural gas,,,0.0
France,1992,1A5,ABFLOW038,Oil,,,0.0
France,1993,1A,ABFLOW001,Coal,,,0.0
France,1993,1A,ABFLOW001,Natural gas,,,0.0
France,1993,1A,ABFLOW001,Oil,,,0.0
France,1993,1A1A,ABFLOW002,Coal,,,0.0
France,1993,1A1A,ABFLOW002,Natural gas,,,0.0
France,1993,1A1A,ABFLOW002,Oil,,,0.0
France,1993,1A1A1,ABFLOW003,Coal,,,0.0
France,1993,1A1A1,ABFLOW003,Natural gas,,,0.0
France,1993,1A1A1,ABFLOW003,Oil,,,0.0
France,1993,1A1A2,ABFLOW004,Coal,,,0.0
France,1993,1A1A2,ABFLOW004,Natural gas,,,0.0
France,1993,1A1A2,ABFLOW004,Oil,,,0.0
France,1993,1A1A3,ABFLOW005,Coal,,,0.0
France,1993,1A1A3,ABFLOW005,Natural gas,,,0.0
France,1993,1A1A3,ABFLOW005,Oil,,,0.0
France,1993,1A1B,ABFLOW011,Coal,,,0.0
France,1993,1A1B,ABFLOW011,Natural gas,,,0.0
France,1993,1A1B,ABFLOW011,Oil,,,0.0
France,1993,1A1C,ABFLOW011,Coal,,,0.0
France,1993,1A1C,ABFLOW011,Natural gas,,,0.0
France,1993,1A1C,ABFLOW011,Oil,,,0.0
France,1993,1A2,ABFLOW012,Coal,,,0.0
France,1993,1A2,ABFLOW012,Natural gas,,,0.0
France,1993,1A2,ABFLOW012,Oil,,,0.0
France,1993,1A2A,ABFLOW016,Coal,,,0.0
France,1993,1A2A,ABFLOW016,Natural gas,,,0.0
France,1993,1A2A,ABFLOW016,Oil,,,0.0
France,1993,1A2B,ABFLOW018,Coal,,,0.0
France,1993,1A2B,ABFLOW018,Natural gas,,,0.0
France,1993,1A2B,ABFLOW018,Oil,,,0.0
France,1993,1A2C,ABFLOW017,Coal,,,0.0
France,1993,1A2C,ABFLOW017,Natural gas,,,0.0
France,1993,1A2C,ABFLOW017,Oil,,,0.0
France,1993,1A2D,ABFLOW023,Coal,,,0.0
France,1993,1A2D,ABFLOW023,Natural gas,,,0.0
France,1993,1A2D,ABFLOW023,Oil,,,0.0
France,1993,1A2E,ABFLOW022,Coal,,,0.0
France,1993,1A2E,ABFLOW022,Natural gas,,,0.0
France,1993,1A2E,ABFLOW022,Oil,,,0.0
France,1993,1A2F,ABFLOW019,Coal,,,0.0
France,1993,1A2F,ABFLOW019,Natural gas,,,0.0
France,1993,1A2F,ABFLOW019,Oil,,,0.0
France,1993,1A2G,ABFLOW020,Coal,,,0.0
France,1993,1A2G,ABFLOW020,Natural gas,,,0.0
France,1993,1A2G,ABFLOW020,Oil,,,0.0
France,1993,1A2H,ABFLOW021,Coal,,,0.0
France,1993,1A2H,ABFLOW021,Natural gas,,,0.0
France,1993,1A2H,ABFLOW021,Oil,,,0.0
France,1993,1A2I,ABFLOW013,Coal,,,0.0
France,1993,1A2I,ABFLOW013,Natural gas,,,0.0
France,1993,1A2I,ABFLOW013,Oil,,,0.0
France,1993,1A2J,ABFLOW024,Coal,,,0.0
France,1993,1A2J,ABFLOW024,Natural gas,,,0.0
France,1993,1A2J,ABFLOW024,Oil,,,0.0
France,1993,1A2K,ABFLOW014,Coal,,,0.0
France,1993,1A2K,ABFLOW014,Natural gas,,,0.0
France,1993,1A2K,ABFLOW014,Oil,,,0.0
France,1993,1A2L,ABFLOW025,Coal,,,0.0
France,1993,1A2L,ABFLOW025,Natural gas,,,0.0
France,1993,1A2L,ABFLOW025,Oil,,,0.0
France,1993,1A2M,ABFLOW026,Coal,,,0.0
France,1993,1A2M,ABFLOW026,Natural gas,,,0.0
France,1993,1A2M,ABFLOW026,Oil,,,0.0
France,1993,1A3,ABFLOW027,Coal,,,0.0
France,1993,1A3,ABFLOW027,Natural gas,,,0.0
France,1993,1A3,ABFLOW027,Oil,,,0.0
France,1993,1A3A1,ABFLOW040,Coal,,,0.0
France,1993,1A3A1,ABFLOW040,Natural gas,,,0.0
France,1993,1A3A1,ABFLOW040,Oil,,,0.0
France,1993,1A3A2,ABFLOW029,Coal,,,0.0
France,1993,1A3A2,ABFLOW029,Natural gas,,,0.0
France,1993,1A3A2,ABFLOW029,Oil,,,0.0
France,1993,1A3B,ABFLOW028,Coal,,,0.0
France,1993,1A3B,ABFLOW028,Natural gas,,,0.0
France,1993,1A3B,ABFLOW028,Oil,,,0.0
France,1993,1A3C,ABFLOW030,Coal,,,0.0
France,1993,1A3C,ABFLOW030,Natural gas,,,0.0
France,1993,1A3C,ABFLOW030,Oil,,,0.0
France,1993,1A3D1,ABFLOW039,Coal,,,0.0
France,1993,1A3D1,ABFLOW039,Natural gas,,,0.0
France,1993,1A3D1,ABFLOW039,Oil,,,0.0
France,1993,1A3D2,ABFLOW032,Coal,,,0.0
France,1993,1A3D2,ABFLOW032,Natural gas,,,0.0
France,1993,1A3D2,ABFLOW032,Oil,,,0.0
France,1993,1A3E1,ABFLOW033,Coal,,,0.0
France,1993,1A3E1,ABFLOW033,Natural gas,,,0.0
France,1993,1A3E1,ABFLOW033,Oil,,,0.0
France,1993,1A4A,ABFLOW035,Coal,,,0.0
France,1993,1A4A,ABFLOW035,Natural gas,,,0.0
France,1993,1A4A,ABFLOW035,Oil,,,0.0
France,1993,1A4B,ABFLOW034,Coal,,,0.0
France,1993,1A4B,ABFLOW034,Natural gas,,,0.0
France,1993,1A4B,ABFLOW034,Oil,,,0.0
France,1993,1A4C1,ABFLOW036,Coal,,,0.0
France,1993,1A4C1,ABFLOW036,Natural gas,,,0.0
France,1993,1A4C1,ABFLOW036,Oil,,,0.0
France,1993,1A4C2,ABFLOW037,Coal,,,0.0
France,1993,1A4C2,ABFLOW037,Natural gas,,,0.0
France,1993,1A4C2,ABFLOW037,Oil,,,0.0
France,1993,1A5,ABFLOW038,Coal,,,0.0
France,1993,1A5,ABFLOW038,Natural gas,,,0.0
France,1993,1A5,ABFLOW038,Oil,,,0.0
France,1994,1A,ABFLOW001,Coal,,,0.0
France,1994,1A,ABFLOW001,Natural gas,,,0.0
France,1994,1A,ABFLOW001,Oil,,,0.0
France,1994,1A1A,ABFLOW002,Coal,,,0.0
France,1994,1A1A,ABFLOW002,Natural gas,,,0.0
France,1994,1A1A,ABFLOW002,Oil,,,0.0
France,1994,1A1A1,ABFLOW003,Coal,,,0.0
France,1994,1A1A1,ABFLOW003,Natural gas,,,0.0
France,1994,1A1A1,ABFLOW003,Oil,,,0.0
France,1994,1A1A2,ABFLOW004,Coal,,,0.0
France,1994,1A1A2,ABFLOW004,Natural gas,,,0.0
France,1994,1A1A2,ABFLOW004,Oil,,,0.0
France,1994,1A1A3,ABFLOW005,Coal,,,0.0
France,1994,1A1A3,ABFLOW005,Natural gas,,,0.0
France,1994,1A1A3,ABFLOW005,Oil,,,0.0
France,1994,1A1B,ABFLOW011,Coal,,,0.0
France,1994,1A1B,ABFLOW011,Natural gas,,,0.0
France,1994,1A1B,ABFLOW011,Oil,,,0.0
France,1994,1A1C,ABFLOW011,Coal,,,0.0
France,1994,1A1C,ABFLOW011,Natural gas,,,0.0
France,1994,1A1C,ABFLOW011,Oil,,,0.0
France,1994,1A2,ABFLOW012,Coal,,,0.0
France,1994,1A2,ABFLOW012,Natural gas,,,0.0
France,1994,1A2,ABFLOW012,Oil,,,0.0
France,1994,1A2A,ABFLOW016,Coal,,,0.0
France,1994,1A2A,ABFLOW016,Natural gas,,,0.0
France,1994,1A2A,ABFLOW016,Oil,,,0.0
France,1994,1A2B,ABFLOW018,Coal,,,0.0
France,1994,1A2B,ABFLOW018,Natural gas,,,0.0
France,1994,1A2B,ABFLOW018,Oil,,,0.0
France,1994,1A2C,ABFLOW017,Coal,,,0.0
France,1994,1A2C,ABFLOW017,Natural gas,,,0.0
France,1994,1A2C,ABFLOW017,Oil,,,0.0
France,1994,1A2D,ABFLOW023,Coal,,,0.0
France,1994,1A2D,ABFLOW023,Natural gas,,,0.0
France,1994,1A2D,ABFLOW023,Oil,,,0.0
France,1994,1A2E,ABFLOW022,Coal,,,0.0
France,1994,1A2E,ABFLOW022,Natural gas,,,0.0
France,1994,1A2E,ABFLOW022,Oil,,,0.0
France,1994,1A2F,ABFLOW019,Coal,,,0.0
France,1994,1A2F,ABFLOW019,Natural gas,,,0.0
France,1994,1A2F,ABFLOW019,Oil,,,0.0
France,1994,1A2G,ABFLOW020,Coal,,,0.0
France,1994,1A2G,ABFLOW020,Natural gas,,,0.0
France,1994,1A2G,ABFLOW020,Oil,,,0.0
France,1994,1A2H,ABFLOW021,Coal,,,0.0
France,1994,1A2H,ABFLOW021,Natural gas,,,0.0
France,1994,1A2H,ABFLOW021,Oil,,,0.0
France,1994,1A2I,ABFLOW013,Coal,,,0.0
France,1994,1A2I,ABFLOW013,Natural gas,,,0.0
France,1994,1A2I,ABFLOW013,Oil,,,0.0
France,1994,1A2J,ABFLOW024,Coal,,,0.0
France,1994,1A2J,ABFLOW024,Natural gas,,,0.0
France,1994,1A2J,ABFLOW024,Oil,,,0.0
France,1994,1A2K,ABFLOW014,Coal,,,0.0
France,1994,1A2K,ABFLOW014,Natural gas,,,0.0
France,1994,1A2K,ABFLOW014,Oil,,,0.0
France,1994,1A2L,ABFLOW025,Coal,,,0.0
France,1994,1A2L,ABFLOW025,Natural gas,,,0.0
France,1994,1A2L,ABFLOW025,Oil,,,0.0
France,1994,1A2M,ABFLOW026,Coal,,,0.0
France,1994,1A2M,ABFLOW026,Natural gas,,,0.0
France,1994,1A2M,ABFLOW026,Oil,,,0.0
France,1994,1A3,ABFLOW027,Coal,,,0.0
France,1994,1A3,ABFLOW027,Natural gas,,,0.0
France,1994,1A3,ABFLOW027,Oil,,,0.0
France,1994,1A3A1,ABFLOW040,Coal,,,0.0
France,1994,1A3A1,ABFLOW040,Natural gas,,,0.0
France,1994,1A3A1,ABFLOW040,Oil,,,0.0
France,1994,1A3A2,ABFLOW029,Coal,,,0.0
France,1994,1A3A2,ABFLOW029,Natural gas,,,0.0
France,1994,1A3A2,ABFLOW029,Oil,,,0.0
France,1994,1A3B,ABFLOW028,Coal,,,0.0
France,1994,1A3B,ABFLOW028,Natural gas,,,0.0
France,1994,1A3B,ABFLOW028,Oil,,,0.0
France,1994,1A3C,ABFLOW030,Coal,,,0.0
France,1994,1A3C,ABFLOW030,Natural gas,,,0.0
France,1994,1A3C,ABFLOW030,Oil,,,0.0
France,1994,1A3D1,ABFLOW039,Coal,,,0.0
France,1994,1A3D1,ABFLOW039,Natural gas,,,0.0
France,1994,1A3D1,ABFLOW039,Oil,,,0.0
France,1994,1A3D2,ABFLOW032,Coal,,,0.0
France,1994,1A3D2,ABFLOW032,Natural gas,,,0.0
France,1994,1A3D2,ABFLOW032,Oil,,,0.0
France,1994,1A3E1,ABFLOW033,Coal,,,0.0
France,1994,1A3E1,ABFLOW033,Natural gas,,,0.0
France,1994,1A3E1,ABFLOW033,Oil,,,0.0
France,1994,1A4A,ABFLOW035,Coal,,,0.0
France,1994,1A4A,ABFLOW035,Natural gas,,,0.0
France,1994,1A4A,ABFLOW035,Oil,,,0.0
France,1994,1A4B,ABFLOW034,Coal,,,0.0
France,1994,1A4B,ABFLOW034,Natural gas,,,0.0
France,1994,1A4B,ABFLOW034,Oil,,,0.0
France,1994,1A4C1,ABFLOW036,Coal,,,0.0
France,1994,1A4C1,ABFLOW036,Natural gas,,,0.0
France,1994,1A4C1,ABFLOW036,Oil,,,0.0
France,1994,1A4C2,ABFLOW037,Coal,,,0.0
France,1994,1A4C2,ABFLOW037,Natural gas,,,0.0
France,1994,1A4C2,ABFLOW037,Oil,,,0.0
France,1994,1A5,ABFLOW038,Coal,,,0.0
France,1994,1A5,ABFLOW038,Natural gas,,,0.0
France,1994,1A5,ABFLOW038,Oil,,,0.0
France,1995,1A,ABFLOW001,Coal,,,0.0
France,1995,1A,ABFLOW001,Natural gas,,,0.0
France,1995,1A,ABFLOW001,Oil,,,0.0
France,1995,1A1A,ABFLOW002,Coal,,,0.0
France,1995,1A1A,ABFLOW002,Natural gas,,,0.0
France,1995,1A1A,ABFLOW002,Oil,,,0.0
France,1995,1A1A1,ABFLOW003,Coal,,,0.0
France,1995,1A1A1,ABFLOW003,Natural gas,,,0.0
France,1995,1A1A1,ABFLOW003,Oil,,,0.0
France,1995,1A1A2,ABFLOW004,Coal,,,0.0
France,1995,1A1A2,ABFLOW004,Natural gas,,,0.0
France,1995,1A1A2,ABFLOW004,Oil,,,0.0
France,1995,1A1A3,ABFLOW005,Coal,,,0.0
France,1995,1A1A3,ABFLOW005,Natural gas,,,0.0
France,1995,1A1A3,ABFLOW005,Oil,,,0.0
France,1995,1A1B,ABFLOW011,Coal,,,0.0
France,1995,1A1B,ABFLOW011,Natural gas,,,0.0
France,1995,1A1B,ABFLOW011,Oil,,,0.0
France,1995,1A1C,ABFLOW011,Coal,,,0.0
France,1995,1A1C,ABFLOW011,Natural gas,,,0.0
France,1995,1A1C,ABFLOW011,Oil,,,0.0
France,1995,1A2,ABFLOW012,Coal,,,0.0
France,1995,1A2,ABFLOW012,Natural gas,,,0.0
France,1995,1A2,ABFLOW012,Oil,,,0.0
France,1995,1A2A,ABFLOW016,Coal,,,0.0
France,1995,1A2A,ABFLOW016,Natural gas,,,0.0
France,1995,1A2A,ABFLOW016,Oil,,,0.0
France,1995,1A2B,ABFLOW018,Coal,,,0.0
France,1995,1A2B,ABFLOW018,Natural gas,,,0.0
France,1995,1A2B,ABFLOW018,Oil,,,0.0
France,1995,1A2C,ABFLOW017,Coal,,,0.0
France,1995,1A2C,ABFLOW017,Natural gas,,,0.0
France,1995,1A2C,ABFLOW017,Oil,,,0.0
France,1995,1A2D,ABFLOW023,Coal,,,0.0
France,1995,1A2D,ABFLOW023,Natural gas,,,0.0
France,1995,1A2D,ABFLOW023,Oil,,,0.0
France,1995,1A2E,ABFLOW022,Coal,,,0.0
France,1995,1A2E,ABFLOW022,Natural gas,,,0.0
France,1995,1A2E,ABFLOW022,Oil,,,0.0
France,1995,1A2F,ABFLOW019,Coal,,,0.0
France,1995,1A2F,ABFLOW019,Natural gas,,,0.0
France,1995,1A2F,ABFLOW019,Oil,,,0.0
France,1995,1A2G,ABFLOW020,Coal,,,0.0
France,1995,1A2G,ABFLOW020,Natural gas,,,0.0
France,1995,1A2G,ABFLOW020,Oil,,,0.0
France,1995,1A2H,ABFLOW021,Coal,,,0.0
France,1995,1A2H,ABFLOW021,Natural gas,,,0.0
France,1995,1A2H,ABFLOW021,Oil,,,0.0
France,1995,1A2I,ABFLOW013,Coal,,,0.0
France,1995,1A2I,ABFLOW013,Natural gas,,,0.0
France,1995,1A2I,ABFLOW013,Oil,,,0.0
France,1995,1A2J,ABFLOW024,Coal,,,0.0
France,1995,1A2J,ABFLOW024,Natural gas,,,0.0
France,1995,1A2J,ABFLOW024,Oil,,,0.0
France,1995,1A2K,ABFLOW014,Coal,,,0.0
France,1995,1A2K,ABFLOW014,Natural gas,,,0.0
France,1995,1A2K,ABFLOW014,Oil,,,0.0
France,1995,1A2L,ABFLOW025,Coal,,,0.0
France,1995,1A2L,ABFLOW025,Natural gas,,,0.0
France,1995,1A2L,ABFLOW025,Oil,,,0.0
France,1995,1A2M,ABFLOW026,Coal,,,0.0
France,1995,1A2M,ABFLOW026,Natural gas,,,0.0
France,1995,1A2M,ABFLOW026,Oil,,,0.0
France,1995,1A3,ABFLOW027,Coal,,,0.0
France,1995,1A3,ABFLOW027,Natural gas,,,0.0
France,1995,1A3,ABFLOW027,Oil,,,0.0
France,1995,1A3A1,ABFLOW040,Coal,,,0.0
France,1995,1A3A1,ABFLOW040,Natural gas,,,0.0
France,1995,1A3A1,ABFLOW040,Oil,,,0.0
France,1995,1A3A2,ABFLOW029,Coal,,,0.0
France,1995,1A3A2,ABFLOW029,Natural gas,,,0.0
France,1995,1A3A2,ABFLOW029,Oil,,,0.0
France,1995,1A3B,ABFLOW028,Coal,,,0.0
France,1995,1A3B,ABFLOW028,Natural gas,,,0.0
France,1995,1A3B,ABFLOW028,Oil,,,0.0
France,1995,1A3C,ABFLOW030,Coal,,,0.0
France,1995,1A3C,ABFLOW030,Natural gas,,,0.0
France,1995,1A3C,ABFLOW030,Oil,,,0.0
France,1995,1A3D1,ABFLOW039,Coal,,,0.0
France,1995,1A3D1,ABFLOW039,Natural gas,,,0.0
France,1995,1A3D1,ABFLOW039,Oil,,,0.0
France,1995,1A3D2,ABFLOW032,Coal,,,0.0
France,1995,1A3D2,ABFLOW032,Natural gas,,,0.0
France,1995,1A3D2,ABFLOW032,Oil,,,0.0
France,1995,1A3E1,ABFLOW033,Coal,,,0.0
France,1995,1A3E1,ABFLOW033,Natural gas,,,0.0
France,1995,1A3E1,ABFLOW033,Oil,,,0.0
France,1995,1A4A,ABFLOW035,Coal,,,0.0
France,1995,1A4A,ABFLOW035,Natural gas,,,0.0
France,1995,1A4A,ABFLOW035,Oil,,,0.0
France,1995,1A4B,ABFLOW034,Coal,,,0.0
France,1995,1A4B,ABFLOW034,Natural gas,,,0.0
France,1995,1A4B,ABFLOW034,Oil,,,0.0
France,1995,1A4C1,ABFLOW036,Coal,,,0.0
France,1995,1A4C1,ABFLOW036,Natural gas,,,0.0
France,1995,1A4C1,ABFLOW036,Oil,,,0.0
France,1995,1A4C2,ABFLOW037,Coal,,,0.0
France,1995,1A4C2,ABFLOW037,Natural gas,,,0.0
France,1995,1A4C2,ABFLOW037,Oil,,,0.0
France,1995,1A5,ABFLOW038,Coal,,,0.0
France,1995,1A5,ABFLOW038,Natural gas,,,0.0
France,1995,1A5,ABFLOW038,Oil,,,0.0
France,1996,1A,ABFLOW001,Coal,,,0.0
France,1996,1A,ABFLOW001,Natural gas,,,0.0
France,1996,1A,ABFLOW001,Oil,,,0.0
France,1996,1A1A,ABFLOW002,Coal,,,0.0
France,1996,1A1A,ABFLOW002,Natural gas,,,0.0
France,1996,1A1A,ABFLOW002,Oil,,,0.0
France,1996,1A1A1,ABFLOW003,Coal,,,0.0
France,1996,1A1A1,ABFLOW003,Natural gas,,,0.0
France,1996,1A1A1,ABFLOW003,Oil,,,0.0
France,1996,1A1A2,ABFLOW004,Coal,,,0.0
France,1996,1A1A2,ABFLOW004,Natural gas,,,0.0
France,1996,1A1A2,ABFLOW004,Oil,,,0.0
France,1996,1A1A3,ABFLOW005,Coal,,,0.0
France,1996,1A1A3,ABFLOW005,Natural gas,,,0.0
France,1996,1A1A3,ABFLOW005,Oil,,,0.0
France,1996,1A1B,ABFLOW011,Coal,,,0.0
France,1996,1A1B,ABFLOW011,Natural gas,,,0.0
France,1996,1A1B,ABFLOW011,Oil,,,0.0
France,1996,1A1C,ABFLOW011,Coal,,,0.0
France,1996,1A1C,ABFLOW011,Natural gas,,,0.0
France,1996,1A1C,ABFLOW011,Oil,,,0.0
France,1996,1A2,ABFLOW012,Coal,,,0.0
France,1996,1A2,ABFLOW012,Natural gas,,,0.0
France,1996,1A2,ABFLOW012,Oil,,,0.0
France,1996,1A2A,ABFLOW016,Coal,,,0.0
France,1996,1A2A,ABFLOW016,Natural gas,,,0.0
France,1996,1A2A,ABFLOW016,Oil,,,0.0
France,1996,1A2B,ABFLOW018,Coal,,,0.0
France,1996,1A2B,ABFLOW018,Natural gas,,,0.0
France,1996,1A2B,ABFLOW018,Oil,,,0.0
France,1996,1A2C,ABFLOW017,Coal,,,0.0
France,1996,1A2C,ABFLOW017,Natural gas,,,0.0
France,1996,1A2C,ABFLOW017,Oil,,,0.0
France,1996,1A2D,ABFLOW023,Coal,,,0.0
France,1996,1A2D,ABFLOW023,Natural gas,,,0.0
France,1996,1A2D,ABFLOW023,Oil,,,0.0
France,1996,1A2E,ABFLOW022,Coal,,,0.0
France,1996,1A2E,ABFLOW022,Natural gas,,,0.0
France,1996,1A2E,ABFLOW022,Oil,,,0.0
France,1996,1A2F,ABFLOW019,Coal,,,0.0
France,1996,1A2F,ABFLOW019,Natural gas,,,0.0
France,1996,1A2F,ABFLOW019,Oil,,,0.0
France,1996,1A2G,ABFLOW020,Coal,,,0.0
France,1996,1A2G,ABFLOW020,Natural gas,,,0.0
France,1996,1A2G,ABFLOW020,Oil,,,0.0
France,1996,1A2H,ABFLOW021,Coal,,,0.0
France,1996,1A2H,ABFLOW021,Natural gas,,,0.0
France,1996,1A2H,ABFLOW021,Oil,,,0.0
France,1996,1A2I,ABFLOW013,Coal,,,0.0
France,1996,1A2I,ABFLOW013,Natural gas,,,0.0
France,1996,1A2I,ABFLOW013,Oil,,,0.0
France,1996,1A2J,ABFLOW024,Coal,,,0.0
France,1996,1A2J,ABFLOW024,Natural gas,,,0.0
France,1996,1A2J,ABFLOW024,Oil,,,0.0
France,1996,1A2K,ABFLOW014,Coal,,,0.0
France,1996,1A2K,ABFLOW014,Natural gas,,,0.0
France,1996,1A2K,ABFLOW014,Oil,,,0.0
France,1996,1A2L,ABFLOW025,Coal,,,0.0
France,1996,1A2L,ABFLOW025,Natural gas,,,0.0
France,1996,1A2L,ABFLOW025,Oil,,,0.0
France,1996,1A2M,ABFLOW026,Coal,,,0.0
France,1996,1A2M,ABFLOW026,Natural gas,,,0.0
France,1996,1A2M,ABFLOW026,Oil,,,0.0
France,1996,1A3,ABFLOW027,Coal,,,0.0
France,1996,1A3,ABFLOW027,Natural gas,,,0.0
France,1996,1A3,ABFLOW027,Oil,,,0.0
France,1996,1A3A1,ABFLOW040,Coal,,,0.0
France,1996,1A3A1,ABFLOW040,Natural gas,,,0.0
France,1996,1A3A1,ABFLOW040,Oil,,,0.0
France,1996,1A3A2,ABFLOW029,Coal,,,0.0
France,1996,1A3A2,ABFLOW029,Natural gas,,,0.0
France,1996,1A3A2,ABFLOW029,Oil,,,0.0
France,1996,1A3B,ABFLOW028,Coal,,,0.0
France,1996,1A3B,ABFLOW028,Natural gas,,,0.0
France,1996,1A3B,ABFLOW028,Oil,,,0.0
France,1996,1A3C,ABFLOW030,Coal,,,0.0
France,1996,1A3C,ABFLOW030,Natural gas,,,0.0
France,1996,1A3C,ABFLOW030,Oil,,,0.0
France,1996,1A3D1,ABFLOW039,Coal,,,0.0
France,1996,1A3D1,ABFLOW039,Natural gas,,,0.0
France,1996,1A3D1,ABFLOW039,Oil,,,0.0
France,1996,1A3D2,ABFLOW032,Coal,,,0.0
France,1996,1A3D2,ABFLOW032,Natural gas,,,0.0
France,1996,1A3D2,ABFLOW032,Oil,,,0.0
France,1996,1A3E1,ABFLOW033,Coal,,,0.0
France,1996,1A3E1,ABFLOW033,Natural gas,,,0.0
France,1996,1A3E1,ABFLOW033,Oil,,,0.0
France,1996,1A4A,ABFLOW035,Coal,,,0.0
France,1996,1A4A,ABFLOW035,Natural gas,,,0.0
France,1996,1A4A,ABFLOW035,Oil,,,0.0
France,1996,1A4B,ABFLOW034,Coal,,,0.0
France,1996,1A4B,ABFLOW034,Natural gas,,,0.0
France,1996,1A4B,ABFLOW034,Oil,,,0.0
France,1996,1A4C1,ABFLOW036,Coal,,,0.0
France,1996,1A4C1,ABFLOW036,Natural gas,,,0.0
France,1996,1A4C1,ABFLOW036,Oil,,,0.0
France,1996,1A4C2,ABFLOW037,Coal,,,0.0
France,1996,1A4C2,ABFLOW037,Natural gas,,,0.0
France,1996,1A4C2,ABFLOW037,Oil,,,0.0
France,1996,1A5,ABFLOW038,Coal,,,0.0
France,1996,1A5,ABFLOW038,Natural gas,,,0.0
France,1996,1A5,ABFLOW038,Oil,,,0.0
France,1997,1A,ABFLOW001,Coal,,,0.0
France,1997,1A,ABFLOW001,Natural gas,,,0.0
France,1997,1A,ABFLOW001,Oil,,,0.0
France,1997,1A1A,ABFLOW002,Coal,,,0.0
France,1997,1A1A,ABFLOW002,Natural gas,,,0.0
France,1997,1A1A,ABFLOW002,Oil,,,0.0
France,1997,1A1A1,ABFLOW003,Coal,,,0.0
France,1997,1A1A1,ABFLOW003,Natural gas,,,0.0
France,1997,1A1A1,ABFLOW003,Oil,,,0.0
France,1997,1A1A2,ABFLOW004,Coal,,,0.0
France,1997,1A1A2,ABFLOW004,Natural gas,,,0.0
France,1997,1A1A2,ABFLOW004,Oil,,,0.0
France,1997,1A1A3,ABFLOW005,Coal,,,0.0
France,1997,1A1A3,ABFLOW005,Natural gas,,,0.0
France,1997,1A1A3,ABFLOW005,Oil,,,0.0
France,1997,1A1B,ABFLOW011,Coal,,,0.0
France,1997,1A1B,ABFLOW011,Natural gas,,,0.0
France,1997,1A1B,ABFLOW011,Oil,,,0.0
France,1997,1A1C,ABFLOW011,Coal,,,0.0
France,1997,1A1C,ABFLOW011,Natural gas,,,0.0
France,1997,1A1C,ABFLOW011,Oil,,,0.0
France,1997,1A2,ABFLOW012,Coal,,,0.0
France,1997,1A2,ABFLOW012,Natural gas,,,0.0
France,1997,1A2,ABFLOW012,Oil,,,0.0
France,1997,1A2A,ABFLOW016,Coal,,,0.0
France,1997,1A2A,ABFLOW016,Natural gas,,,0.0
France,1997,1A2A,ABFLOW016,Oil,,,0.0
France,1997,1A2B,ABFLOW018,Coal,,,0.0
France,1997,1A2B,ABFLOW018,Natural gas,,,0.0
France,1997,1A2B,ABFLOW018,Oil,,,0.0
France,1997,1A2C,ABFLOW017,Coal,,,0.0
France,1997,1A2C,ABFLOW017,Natural gas,,,0.0
France,1997,1A2C,ABFLOW017,Oil,,,0.0
France,1997,1A2D,ABFLOW023,Coal,,,0.0
France,1997,1A2D,ABFLOW023,Natural gas,,,0.0
France,1997,1A2D,ABFLOW023,Oil,,,0.0
France,1997,1A2E,ABFLOW022,Coal,,,0.0
France,1997,1A2E,ABFLOW022,Natural gas,,,0.0
France,1997,1A2E,ABFLOW022,Oil,,,0.0
France,1997,1A2F,ABFLOW019,Coal,,,0.0
France,1997,1A2F,ABFLOW019,Natural gas,,,0.0
France,1997,1A2F,ABFLOW019,Oil,,,0.0
France,1997,1A2G,ABFLOW020,Coal,,,0.0
France,1997,1A2G,ABFLOW020,Natural gas,,,0.0
France,1997,1A2G,ABFLOW020,Oil,,,0.0
France,1997,1A2H,ABFLOW021,Coal,,,0.0
France,1997,1A2H,ABFLOW021,Natural gas,,,0.0
France,1997,1A2H,ABFLOW021,Oil,,,0.0
France,1997,1A2I,ABFLOW013,Coal,,,0.0
France,1997,1A2I,ABFLOW013,Natural gas,,,0.0
France,1997,1A2I,ABFLOW013,Oil,,,0.0
France,1997,1A2J,ABFLOW024,Coal,,,0.0
France,1997,1A2J,ABFLOW024,Natural gas,,,0.0
France,1997,1A2J,ABFLOW024,Oil,,,0.0
France,1997,1A2K,ABFLOW014,Coal,,,0.0
France,1997,1A2K,ABFLOW014,Natural gas,,,0.0
France,1997,1A2K,ABFLOW014,Oil,,,0.0
France,1997,1A2L,ABFLOW025,Coal,,,0.0
France,1997,1A2L,ABFLOW025,Natural gas,,,0.0
France,1997,1A2L,ABFLOW025,Oil,,,0.0
France,1997,1A2M,ABFLOW026,Coal,,,0.0
France,1997,1A2M,ABFLOW026,Natural gas,,,0.0
France,1997,1A2M,ABFLOW026,Oil,,,0.0
France,1997,1A3,ABFLOW027,Coal,,,0.0
France,1997,1A3,ABFLOW027,Natural gas,,,0.0
France,1997,1A3,ABFLOW027,Oil,,,0.0
France,1997,1A3A1,ABFLOW040,Coal,,,0.0
France,1997,1A3A1,ABFLOW040,Natural gas,,,0.0
France,1997,1A3A1,ABFLOW040,Oil,,,0.0
France,1997,1A3A2,ABFLOW029,Coal,,,0.0
France,1997,1A3A2,ABFLOW029,Natural gas,,,0.0
France,1997,1A3A2,ABFLOW029,Oil,,,0.0
France,1997,1A3B,ABFLOW028,Coal,,,0.0
France,1997,1A3B,ABFLOW028,Natural gas,,,0.0
France,1997,1A3B,ABFLOW028,Oil,,,0.0
France,1997,1A3C,ABFLOW030,Coal,,,0.0
France,1997,1A3C,ABFLOW030,Natural gas,,,0.0
France,1997,1A3C,ABFLOW030,Oil,,,0.0
France,1997,1A3D1,ABFLOW039,Coal,,,0.0
France,1997,1A3D1,ABFLOW039,Natural gas,,,0.0
France,1997,1A3D1,ABFLOW039,Oil,,,0.0
France,1997,1A3D2,ABFLOW032,Coal,,,0.0
France,1997,1A3D2,ABFLOW032,Natural gas,,,0.0
France,1997,1A3D2,ABFLOW032,Oil,,,0.0
France,1997,1A3E1,ABFLOW033,Coal,,,0.0
France,1997,1A3E1,ABFLOW033,Natural gas,,,0.0
France,1997,1A3E1,ABFLOW033,Oil,,,0.0
France,1997,1A4A,ABFLOW035,Coal,,,0.0
France,1997,1A4A,ABFLOW035,Natural gas,,,0.0
France,1997,1A4A,ABFLOW035,Oil,,,0.0
France,1997,1A4B,ABFLOW034,Coal,,,0.0
France,1997,1A4B,ABFLOW034,Natural gas,,,0.0
France,1997,1A4B,ABFLOW034,Oil,,,0.0
France,1997,1A4C1,ABFLOW036,Coal,,,0.0
France,1997,1A4C1,ABFLOW036,Natural gas,,,0.0
France,1997,1A4C1,ABFLOW036,Oil,,,0.0
France,1997,1A4C2,ABFLOW037,Coal,,,0.0
France,1997,1A4C2,ABFLOW037,Natural gas,,,0.0
France,1997,1A4C2,ABFLOW037,Oil,,,0.0
France,1997,1A5,ABFLOW038,Coal,,,0.0
France,1997,1A5,ABFLOW038,Natural gas,,,0.0
France,1997,1A5,ABFLOW038,Oil,,,0.0
France,1998,1A,ABFLOW001,Coal,,,0.0
France,1998,1A,ABFLOW001,Natural gas,,,0.0
France,1998,1A,ABFLOW001,Oil,,,0.0
France,1998,1A1A,ABFLOW002,Coal,,,0.0
France,1998,1A1A,ABFLOW002,Natural gas,,,0.0
France,1998,1A1A,ABFLOW002,Oil,,,0.0
France,1998,1A1A1,ABFLOW003,Coal,,,0.0
France,1998,1A1A1,ABFLOW003,Natural gas,,,0.0
France,1998,1A1A1,ABFLOW003,Oil,,,0.0
France,1998,1A1A2,ABFLOW004,Coal,,,0.0
France,1998,1A1A2,ABFLOW004,Natural gas,,,0.0
France,1998,1A1A2,ABFLOW004,Oil,,,0.0
France,1998,1A1A3,ABFLOW005,Coal,,,0.0
France,1998,1A1A3,ABFLOW005,Natural gas,,,0.0
France,1998,1A1A3,ABFLOW005,Oil,,,0.0
France,1998,1A1B,ABFLOW011,Coal,,,0.0
France,1998,1A1B,ABFLOW011,Natural gas,,,0.0
France,1998,1A1B,ABFLOW011,Oil,,,0.0
France,1998,1A1C,ABFLOW011,Coal,,,0.0
France,1998,1A1C,ABFLOW011,Natural gas,,,0.0
France,1998,1A1C,ABFLOW011,Oil,,,0.0
France,1998,1A2,ABFLOW012,Coal,,,0.0
France,1998,1A2,ABFLOW012,Natural gas,,,0.0
France,1998,1A2,ABFLOW012,Oil,,,0.0
France,1998,1A2A,ABFLOW016,Coal,,,0.0
France,1998,1A2A,ABFLOW016,Natural gas,,,0.0
France,1998,1A2A,ABFLOW016,Oil,,,0.0
France,1998,1A2B,ABFLOW018,Coal,,,0.0
France,1998,1A2B,ABFLOW018,Natural gas,,,0.0
France,1998,1A2B,ABFLOW018,Oil,,,0.0
France,1998,1A2C,ABFLOW017,Coal,,,0.0
France,1998,1A2C,ABFLOW017,Natural gas,,,0.0
France,1998,1A2C,ABFLOW017,Oil,,,0.0
France,1998,1A2D,ABFLOW023,Coal,,,0.0
France,1998,1A2D,ABFLOW023,Natural gas,,,0.0
France,1998,1A2D,ABFLOW023,Oil,,,0.0
France,1998,1A2E,ABFLOW022,Coal,,,0.0
France,1998,1A2E,ABFLOW022,Natural gas,,,0.0
France,1998,1A2E,ABFLOW022,Oil,,,0.0
France,1998,1A2F,ABFLOW019,Coal,,,0.0
France,1998,1A2F,ABFLOW019,Natural gas,,,0.0
France,1998,1A2F,ABFLOW019,Oil,,,0.0
France,1998,1A2G,ABFLOW020,Coal,,,0.0
France,1998,1A2G,ABFLOW020,Natural gas,,,0.0
France,1998,1A2G,ABFLOW020,Oil,,,0.0
France,1998,1A2H,ABFLOW021,Coal,,,0.0
France,1998,1A2H,ABFLOW021,Natural gas,,,0.0
France,1998,1A2H,ABFLOW021,Oil,,,0.0
France,1998,1A2I,ABFLOW013,Coal,,,0.0
France,1998,1A2I,ABFLOW013,Natural gas,,,0.0
France,1998,1A2I,ABFLOW013,Oil,,,0.0
France,1998,1A2J,ABFLOW024,Coal,,,0.0
France,1998,1A2J,ABFLOW024,Natural gas,,,0.0
France,1998,1A2J,ABFLOW024,Oil,,,0.0
France,1998,1A2K,ABFLOW014,Coal,,,0.0
France,1998,1A2K,ABFLOW014,Natural gas,,,0.0
France,1998,1A2K,ABFLOW014,Oil,,,0.0
France,1998,1A2L,ABFLOW025,Coal,,,0.0
France,1998,1A2L,ABFLOW025,Natural gas,,,0.0
France,1998,1A2L,ABFLOW025,Oil,,,0.0
France,1998,1A2M,ABFLOW026,Coal,,,0.0
France,1998,1A2M,ABFLOW026,Natural gas,,,0.0
France,1998,1A2M,ABFLOW026,Oil,,,0.0
France,1998,1A3,ABFLOW027,Coal,,,0.0
France,1998,1A3,ABFLOW027,Natural gas,,,0.0
France,1998,1A3,ABFLOW027,Oil,,,0.0
France,1998,1A3A1,ABFLOW040,Coal,,,0.0
France,1998,1A3A1,ABFLOW040,Natural gas,,,0.0
France,1998,1A3A1,ABFLOW040,Oil,,,0.0
France,1998,1A3A2,ABFLOW029,Coal,,,0.0
France,1998,1A3A2,ABFLOW029,Natural gas,,,0.0
France,1998,1A3A2,ABFLOW029,Oil,,,0.0
France,1998,1A3B,ABFLOW028,Coal,,,0.0
France,1998,1A3B,ABFLOW028,Natural gas,,,0.0
France,1998,1A3B,ABFLOW028,Oil,,,0.0
France,1998,1A3C,ABFLOW030,Coal,,,0.0
France,1998,1A3C,ABFLOW030,Natural gas,,,0.0
France,1998,1A3C,ABFLOW030,Oil,,,0.0
France,1998,1A3D1,ABFLOW039,Coal,,,0.0
France,1998,1A3D1,ABFLOW039,Natural gas,,,0.0
France,1998,1A3D1,ABFLOW039,Oil,,,0.0
France,1998,1A3D2,ABFLOW032,Coal,,,0.0
France,1998,1A3D2,ABFLOW032,Natural gas,,,0.0
France,1998,1A3D2,ABFLOW032,Oil,,,0.0
France,1998,1A3E1,ABFLOW033,Coal,,,0.0
France,1998,1A3E1,ABFLOW033,Natural gas,,,0.0
France,1998,1A3E1,ABFLOW033,Oil,,,0.0
France,1998,1A4A,ABFLOW035,Coal,,,0.0
France,1998,1A4A,ABFLOW035,Natural gas,,,0.0
France,1998,1A4A,ABFLOW035,Oil,,,0.0
France,1998,1A4B,ABFLOW034,Coal,,,0.0
France,1998,1A4B,ABFLOW034,Natural gas,,,0.0
France,1998,1A4B,ABFLOW034,Oil,,,0.0
France,1998,1A4C1,ABFLOW036,Coal,,,0.0
France,1998,1A4C1,ABFLOW036,Natural gas,,,0.0
France,1998,1A4C1,ABFLOW036,Oil,,,0.0
France,1998,1A4C2,ABFLOW037,Coal,,,0.0
France,1998,1A4C2,ABFLOW037,Natural gas,,,0.0
France,1998,1A4C2,ABFLOW037,Oil,,,0.0
France,1998,1A5,ABFLOW038,Coal,,,0.0
France,1998,1A5,ABFLOW038,Natural gas,,,0.0
France,1998,1A5,ABFLOW038,Oil,,,0.0
France,1999,1A,ABFLOW001,Coal,,,0.0
France,1999,1A,ABFLOW001,Natural gas,,,0.0
France,1999,1A,ABFLOW001,Oil,,,0.0
France,1999,1A1A,ABFLOW002,Coal,,,0.0
France,1999,1A1A,ABFLOW002,Natural gas,,,0.0
France,1999,1A1A,ABFLOW002,Oil,,,0.0
France,1999,1A1A1,ABFLOW003,Coal,,,0.0
France,1999,1A1A1,ABFLOW003,Natural gas,,,0.0
France,1999,1A1A1,ABFLOW003,Oil,,,0.0
France,1999,1A1A2,ABFLOW004,Coal,,,0.0
France,1999,1A1A2,ABFLOW004,Natural gas,,,0.0
France,1999,1A1A2,ABFLOW004,Oil,,,0.0
France,1999,1A1A3,ABFLOW005,Coal,,,0.0
France,1999,1A1A3,ABFLOW005,Natural gas,,,0.0
France,1999,1A1A3,ABFLOW005,Oil,,,0.0
France,1999,1A1B,ABFLOW011,Coal,,,0.0
France,1999,1A1B,ABFLOW011,Natural gas,,,0.0
France,1999,1A1B,ABFLOW011,Oil,,,0.0
France,1999,1A1C,ABFLOW011,Coal,,,0.0
France,1999,1A1C,ABFLOW011,Natural gas,,,0.0
France,1999,1A1C,ABFLOW011,Oil,,,0.0
France,1999,1A2,ABFLOW012,Coal,,,0.0
France,1999,1A2,ABFLOW012,Natural gas,,,0.0
France,1999,1A2,ABFLOW012,Oil,,,0.0
France,1999,1A2A,ABFLOW016,Coal,,,0.0
France,1999,1A2A,ABFLOW016,Natural gas,,,0.0
France,1999,1A2A,ABFLOW016,Oil,,,0.0
France,1999,1A2B,ABFLOW018,Coal,,,0.0
France,1999,1A2B,ABFLOW018,Natural gas,,,0.0
France,1999,1A2B,ABFLOW018,Oil,,,0.0
France,1999,1A2C,ABFLOW017,Coal,,,0.0
France,1999,1A2C,ABFLOW017,Natural gas,,,0.0
France,1999,1A2C,ABFLOW017,Oil,,,0.0
France,1999,1A2D,ABFLOW023,Coal,,,0.0
France,1999,1A2D,ABFLOW023,Natural gas,,,0.0
France,1999,1A2D,ABFLOW023,Oil,,,0.0
France,1999,1A2E,ABFLOW022,Coal,,,0.0
France,1999,1A2E,ABFLOW022,Natural gas,,,0.0
France,1999,1A2E,ABFLOW022,Oil,,,0.0
France,1999,1A2F,ABFLOW019,Coal,,,0.0
France,1999,1A2F,ABFLOW019,Natural gas,,,0.0
France,1999,1A2F,ABFLOW019,Oil,,,0.0
France,1999,1A2G,ABFLOW020,Coal,,,0.0
France,1999,1A2G,ABFLOW020,Natural gas,,,0.0
France,1999,1A2G,ABFLOW020,Oil,,,0.0
France,1999,1A2H,ABFLOW021,Coal,,,0.0
France,1999,1A2H,ABFLOW021,Natural gas,,,0.0
France,1999,1A2H,ABFLOW021,Oil,,,0.0
France,1999,1A2I,ABFLOW013,Coal,,,0.0
France,1999,1A2I,ABFLOW013,Natural gas,,,0.0
France,1999,1A2I,ABFLOW013,Oil,,,0.0
France,1999,1A2J,ABFLOW024,Coal,,,0.0
France,1999,1A2J,ABFLOW024,Natural gas,,,0.0
France,1999,1A2J,ABFLOW024,Oil,,,0.0
France,1999,1A2K,ABFLOW014,Coal,,,0.0
France,1999,1A2K,ABFLOW014,Natural gas,,,0.0
France,1999,1A2K,ABFLOW014,Oil,,,0.0
France,1999,1A2L,ABFLOW025,Coal,,,0.0
France,1999,1A2L,ABFLOW025,Natural gas,,,0.0
France,1999,1A2L,ABFLOW025,Oil,,,0.0
France,1999,1A2M,ABFLOW026,Coal,,,0.0
France,1999,1A2M,ABFLOW026,Natural gas,,,0.0
France,1999,1A2M,ABFLOW026,Oil,,,0.0
France,1999,1A3,ABFLOW027,Coal,,,0.0
France,1999,1A3,ABFLOW027,Natural gas,,,0.0
France,1999,1A3,ABFLOW027,Oil,,,0.0
France,1999,1A3A1,ABFLOW040,Coal,,,0.0
France,1999,1A3A1,ABFLOW040,Natural gas,,,0.0
France,1999,1A3A1,ABFLOW040,Oil,,,0.0
France,1999,1A3A2,ABFLOW029,Coal,,,0.0
France,1999,1A3A2,ABFLOW029,Natural gas,,,0.0
France,1999,1A3A2,ABFLOW029,Oil,,,0.0
France,1999,1A3B,ABFLOW028,Coal,,,0.0
France,1999,1A3B,ABFLOW028,Natural gas,,,0.0
France,1999,1A3B,ABFLOW028,Oil,,,0.0
France,1999,1A3C,ABFLOW030,Coal,,,0.0
France,1999,1A3C,ABFLOW030,Natural gas,,,0.0
France,1999,1A3C,ABFLOW030,Oil,,,0.0
France,1999,1A3D1,ABFLOW039,Coal,,,0.0
France,1999,1A3D1,ABFLOW039,Natural gas,,,0.0
France,1999,1A3D1,ABFLOW039,Oil,,,0.0
France,1999,1A3D2,ABFLOW032,Coal,,,0.0
France,1999,1A3D2,ABFLOW032,Natural gas,,,0.0
France,1999,1A3D2,ABFLOW032,Oil,,,0.0
France,1999,1A3E1,ABFLOW033,Coal,,,0.0
France,1999,1A3E1,ABFLOW033,Natural gas,,,0.0
France,1999,1A3E1,ABFLOW033,Oil,,,0.0
France,1999,1A4A,ABFLOW035,Coal,,,0.0
France,1999,1A4A,ABFLOW035,Natural gas,,,0.0
France,1999,1A4A,ABFLOW035,Oil,,,0.0
France,1999,1A4B,ABFLOW034,Coal,,,0.0
France,1999,1A4B,ABFLOW034,Natural gas,,,0.0
France,1999,1A4B,ABFLOW034,Oil,,,0.0
France,1999,1A4C1,ABFLOW036,Coal,,,0.0
France,1999,1A4C1,ABFLOW036,Natural gas,,,0.0
France,1999,1A4C1,ABFLOW036,Oil,,,0.0
France,1999,1A4C2,ABFLOW037,Coal,,,0.0
France,1999,1A4C2,ABFLOW037,Natural gas,,,0.0
France,1999,1A4C2,ABFLOW037,Oil,,,0.0
France,1999,1A5,ABFLOW038,Coal,,,0.0
France,1999,1A5,ABFLOW038,Natural gas,,,0.0
France,1999,1A5,ABFLOW038,Oil,,,0.0
France,2000,1A,ABFLOW001,Coal,,,0.0
France,2000,1A,ABFLOW001,Natural gas,,,0.0
France,2000,1A,ABFLOW001,Oil,,,0.0
France,2000,1A1A,ABFLOW002,Coal,,,0.0
France,2000,1A1A,ABFLOW002,Natural gas,,,0.0
France,2000,1A1A,ABFLOW002,Oil,,,0.0
France,2000,1A1A1,ABFLOW003,Coal,,,0.0
France,2000,1A1A1,ABFLOW003,Natural gas,,,0.0
France,2000,1A1A1,ABFLOW003,Oil,,,0.0
France,2000,1A1A2,ABFLOW004,Coal,,,0.0
France,2000,1A1A2,ABFLOW004,Natural gas,,,0.0
France,2000,1A1A2,ABFLOW004,Oil,,,0.0
France,2000,1A1A3,ABFLOW005,Coal,,,0.0
France,2000,1A1A3,ABFLOW005,Natural gas,,,0.0
France,2000,1A1A3,ABFLOW005,Oil,,,0.0
France,2000,1A1B,ABFLOW011,Coal,,,0.0
France,2000,1A1B,ABFLOW011,Natural gas,,,0.0
France,2000,1A1B,ABFLOW011,Oil,,,0.0
France,2000,1A1C,ABFLOW011,Coal,,,0.0
France,2000,1A1C,ABFLOW011,Natural gas,,,0.0
France,2000,1A1C,ABFLOW011,Oil,,,0.0
France,2000,1A2,ABFLOW012,Coal,,,0.0
France,2000,1A2,ABFLOW012,Natural gas,,,0.0
France,2000,1A2,ABFLOW012,Oil,,,0.0
France,2000,1A2A,ABFLOW016,Coal,,,0.0
France,2000,1A2A,ABFLOW016,Natural gas,,,0.0
France,2000,1A2A,ABFLOW016,Oil,,,0.0
France,2000,1A2B,ABFLOW018,Coal,,,0.0
France,2000,1A2B,ABFLOW018,Natural gas,,,0.0
France,2000,1A2B,ABFLOW018,Oil,,,0.0
France,2000,1A2C,ABFLOW017,Coal,,,0.0
France,2000,1A2C,ABFLOW017,Natural gas,,,0.0
France,2000,1A2C,ABFLOW017,Oil,,,0.0
France,2000,1A2D,ABFLOW023,Coal,,,0.0
France,2000,1A2D,ABFLOW023,Natural gas,,,0.0
France,2000,1A2D,ABFLOW023,Oil,,,0.0
France,2000,1A2E,ABFLOW022,Coal,,,0.0
France,2000,1A2E,ABFLOW022,Natural gas,,,0.0
France,2000,1A2E,ABFLOW022,Oil,,,0.0
France,2000,1A2F,ABFLOW019,Coal,,,0.0
France,2000,1A2F,ABFLOW019,Natural gas,,,0.0
France,2000,1A2F,ABFLOW019,Oil,,,0.0
France,2000,1A2G,ABFLOW020,Coal,,,0.0
France,2000,1A2G,ABFLOW020,Natural gas,,,0.0
France,2000,1A2G,ABFLOW020,Oil,,,0.0
France,2000,1A2H,ABFLOW021,Coal,,,0.0
France,2000,1A2H,ABFLOW021,Natural gas,,,0.0
France,2000,1A2H,ABFLOW021,Oil,,,0.0
France,2000,1A2I,ABFLOW013,Coal,,,0.0
France,2000,1A2I,ABFLOW013,Natural gas,,,0.0
France,2000,1A2I,ABFLOW013,Oil,,,0.0
France,2000,1A2J,ABFLOW024,Coal,,,0.0
France,2000,1A2J,ABFLOW024,Natural gas,,,0.0
France,2000,1A2J,ABFLOW024,Oil,,,0.0
France,2000,1A2K,ABFLOW014,Coal,,,0.0
France,2000,1A2K,ABFLOW014,Natural gas,,,0.0
France,2000,1A2K,ABFLOW014,Oil,,,0.0
France,2000,1A2L,ABFLOW025,Coal,,,0.0
France,2000,1A2L,ABFLOW025,Natural gas,,,0.0
France,2000,1A2L,ABFLOW025,Oil,,,0.0
France,2000,1A2M,ABFLOW026,Coal,,,0.0
France,2000,1A2M,ABFLOW026,Natural gas,,,0.0
France,2000,1A2M,ABFLOW026,Oil,,,0.0
France,2000,1A3,ABFLOW027,Coal,,,0.0
France,2000,1A3,ABFLOW027,Natural gas,,,0.0
France,2000,1A3,ABFLOW027,Oil,,,0.0
France,2000,1A3A1,ABFLOW040,Coal,,,0.0
France,2000,1A3A1,ABFLOW040,Natural gas,,,0.0
France,2000,1A3A1,ABFLOW040,Oil,,,0.0
France,2000,1A3A2,ABFLOW029,Coal,,,0.0
France,2000,1A3A2,ABFLOW029,Natural gas,,,0.0
France,2000,1A3A2,ABFLOW029,Oil,,,0.0
France,2000,1A3B,ABFLOW028,Coal,,,0.0
France,2000,1A3B,ABFLOW028,Natural gas,,,0.0
France,2000,1A3B,ABFLOW028,Oil,,,0.0
France,2000,1A3C,ABFLOW030,Coal,,,0.0
France,2000,1A3C,ABFLOW030,Natural gas,,,0.0
France,2000,1A3C,ABFLOW030,Oil,,,0.0
France,2000,1A3D1,ABFLOW039,Coal,,,0.0
France,2000,1A3D1,ABFLOW039,Natural gas,,,0.0
France,2000,1A3D1,ABFLOW039,Oil,,,0.0
France,2000,1A3D2,ABFLOW032,Coal,,,0.0
France,2000,1A3D2,ABFLOW032,Natural gas,,,0.0
France,2000,1A3D2,ABFLOW032,Oil,,,0.0
France,2000,1A3E1,ABFLOW033,Coal,,,0.0
France,2000,1A3E1,ABFLOW033,Natural gas,,,0.0
France,2000,1A3E1,ABFLOW033,Oil,,,0.0
France,2000,1A4A,ABFLOW035,Coal,,,0.0
France,2000,1A4A,ABFLOW035,Natural gas,,,0.0
France,2000,1A4A,ABFLOW035,Oil,,,0.0
France,2000,1A4B,ABFLOW034,Coal,,,0.0
France,2000,1A4B,ABFLOW034,Natural gas,,,0.0
France,2000,1A4B,ABFLOW034,Oil,,,0.0
France,2000,1A4C1,ABFLOW036,Coal,,,0.0
France,2000,1A4C1,ABFLOW036,Natural gas,,,0.0
France,2000,1A4C1,ABFLOW036,Oil,,,0.0
France,2000,1A4C2,ABFLOW037,Coal,,,0.0
France,2000,1A4C2,ABFLOW037,Natural gas,,,0.0
France,2000,1A4C2,ABFLOW037,Oil,,,0.0
France,2000,1A5,ABFLOW038,Coal,,,0.0
France,2000,1A5,ABFLOW038,Natural gas,,,0.0
France,2000,1A5,ABFLOW038,Oil,,,0.0
France,2001,1A,ABFLOW001,Coal,,,0.0
France,2001,1A,ABFLOW001,Natural gas,,,0.0
France,2001,1A,ABFLOW001,Oil,,,0.0
France,2001,1A1A,ABFLOW002,Coal,,,0.0
France,2001,1A1A,ABFLOW002,Natural gas,,,0.0
France,2001,1A1A,ABFLOW002,Oil,,,0.0
France,2001,1A1A1,ABFLOW003,Coal,,,0.0
France,2001,1A1A1,ABFLOW003,Natural gas,,,0.0
France,2001,1A1A1,ABFLOW003,Oil,,,0.0
France,2001,1A1A2,ABFLOW004,Coal,,,0.0
France,2001,1A1A2,ABFLOW004,Natural gas,,,0.0
France,2001,1A1A2,ABFLOW004,Oil,,,0.0
France,2001,1A1A3,ABFLOW005,Coal,,,0.0
France,2001,1A1A3,ABFLOW005,Natural gas,,,0.0
France,2001,1A1A3,ABFLOW005,Oil,,,0.0
France,2001,1A1B,ABFLOW011,Coal,,,0.0
France,2001,1A1B,ABFLOW011,Natural gas,,,0.0
France,2001,1A1B,ABFLOW011,Oil,,,0.0
France,2001,1A1C,ABFLOW011,Coal,,,0.0
France,2001,1A1C,ABFLOW011,Natural gas,,,0.0
France,2001,1A1C,ABFLOW011,Oil,,,0.0
France,2001,1A2,ABFLOW012,Coal,,,0.0
France,2001,1A2,ABFLOW012,Natural gas,,,0.0
France,2001,1A2,ABFLOW012,Oil,,,0.0
France,2001,1A2A,ABFLOW016,Coal,,,0.0
France,2001,1A2A,ABFLOW016,Natural gas,,,0.0
France,2001,1A2A,ABFLOW016,Oil,,,0.0
France,2001,1A2B,ABFLOW018,Coal,,,0.0
France,2001,1A2B,ABFLOW018,Natural gas,,,0.0
France,2001,1A2B,ABFLOW018,Oil,,,0.0
France,2001,1A2C,ABFLOW017,Coal,,,0.0
France,2001,1A2C,ABFLOW017,Natural gas,,,0.0
France,2001,1A2C,ABFLOW017,Oil,,,0.0
France,2001,1A2D,ABFLOW023,Coal,,,0.0
France,2001,1A2D,ABFLOW023,Natural gas,,,0.0
France,2001,1A2D,ABFLOW023,Oil,,,0.0
France,2001,1A2E,ABFLOW022,Coal,,,0.0
France,2001,1A2E,ABFLOW022,Natural gas,,,0.0
France,2001,1A2E,ABFLOW022,Oil,,,0.0
France,2001,1A2F,ABFLOW019,Coal,,,0.0
France,2001,1A2F,ABFLOW019,Natural gas,,,0.0
France,2001,1A2F,ABFLOW019,Oil,,,0.0
France,2001,1A2G,ABFLOW020,Coal,,,0.0
France,2001,1A2G,ABFLOW020,Natural gas,,,0.0
France,2001,1A2G,ABFLOW020,Oil,,,0.0
France,2001,1A2H,ABFLOW021,Coal,,,0.0
France,2001,1A2H,ABFLOW021,Natural gas,,,0.0
France,2001,1A2H,ABFLOW021,Oil,,,0.0
France,2001,1A2I,ABFLOW013,Coal,,,0.0
France,2001,1A2I,ABFLOW013,Natural gas,,,0.0
France,2001,1A2I,ABFLOW013,Oil,,,0.0
France,2001,1A2J,ABFLOW024,Coal,,,0.0
France,2001,1A2J,ABFLOW024,Natural gas,,,0.0
France,2001,1A2J,ABFLOW024,Oil,,,0.0
France,2001,1A2K,ABFLOW014,Coal,,,0.0
France,2001,1A2K,ABFLOW014,Natural gas,,,0.0
France,2001,1A2K,ABFLOW014,Oil,,,0.0
France,2001,1A2L,ABFLOW025,Coal,,,0.0
France,2001,1A2L,ABFLOW025,Natural gas,,,0.0
France,2001,1A2L,ABFLOW025,Oil,,,0.0
France,2001,1A2M,ABFLOW026,Coal,,,0.0
France,2001,1A2M,ABFLOW026,Natural gas,,,0.0
France,2001,1A2M,ABFLOW026,Oil,,,0.0
France,2001,1A3,ABFLOW027,Coal,,,0.0
France,2001,1A3,ABFLOW027,Natural gas,,,0.0
France,2001,1A3,ABFLOW027,Oil,,,0.0
France,2001,1A3A1,ABFLOW040,Coal,,,0.0
France,2001,1A3A1,ABFLOW040,Natural gas,,,0.0
France,2001,1A3A1,ABFLOW040,Oil,,,0.0
France,2001,1A3A2,ABFLOW029,Coal,,,0.0
France,2001,1A3A2,ABFLOW029,Natural gas,,,0.0
France,2001,1A3A2,ABFLOW029,Oil,,,0.0
France,2001,1A3B,ABFLOW028,Coal,,,0.0
France,2001,1A3B,ABFLOW028,Natural gas,,,0.0
France,2001,1A3B,ABFLOW028,Oil,,,0.0
France,2001,1A3C,ABFLOW030,Coal,,,0.0
France,2001,1A3C,ABFLOW030,Natural gas,,,0.0
France,2001,1A3C,ABFLOW030,Oil,,,0.0
France,2001,1A3D1,ABFLOW039,Coal,,,0.0
France,2001,1A3D1,ABFLOW039,Natural gas,,,0.0
France,2001,1A3D1,ABFLOW039,Oil,,,0.0
France,2001,1A3D2,ABFLOW032,Coal,,,0.0
France,2001,1A3D2,ABFLOW032,Natural gas,,,0.0
France,2001,1A3D2,ABFLOW032,Oil,,,0.0
France,2001,1A3E1,ABFLOW033,Coal,,,0.0
France,2001,1A3E1,ABFLOW033,Natural gas,,,0.0
France,2001,1A3E1,ABFLOW033,Oil,,,0.0
France,2001,1A4A,ABFLOW035,Coal,,,0.0
France,2001,1A4A,ABFLOW035,Natural gas,,,0.0
France,2001,1A4A,ABFLOW035,Oil,,,0.0
France,2001,1A4B,ABFLOW034,Coal,,,0.0
France,2001,1A4B,ABFLOW034,Natural gas,,,0.0
France,2001,1A4B,ABFLOW034,Oil,,,0.0
France,2001,1A4C1,ABFLOW036,Coal,,,0.0
France,2001,1A4C1,ABFLOW036,Natural gas,,,0.0
France,2001,1A4C1,ABFLOW036,Oil,,,0.0
France,2001,1A4C2,ABFLOW037,Coal,,,0.0
France,2001,1A4C2,ABFLOW037,Natural gas,,,0.0
France,2001,1A4C2,ABFLOW037,Oil,,,0.0
France,2001,1A5,ABFLOW038,Coal,,,0.0
France,2001,1A5,ABFLOW038,Natural gas,,,0.0
France,2001,1A5,ABFLOW038,Oil,,,0.0
France,2002,1A,ABFLOW001,Coal,,,0.0
France,2002,1A,ABFLOW001,Natural gas,,,0.0
France,2002,1A,ABFLOW001,Oil,,,0.0
France,2002,1A1A,ABFLOW002,Coal,,,0.0
France,2002,1A1A,ABFLOW002,Natural gas,,,0.0
France,2002,1A1A,ABFLOW002,Oil,,,0.0
France,2002,1A1A1,ABFLOW003,Coal,,,0.0
France,2002,1A1A1,ABFLOW003,Natural gas,,,0.0
France,2002,1A1A1,ABFLOW003,Oil,,,0.0
France,2002,1A1A2,ABFLOW004,Coal,,,0.0
France,2002,1A1A2,ABFLOW004,Natural gas,,,0.0
France,2002,1A1A2,ABFLOW004,Oil,,,0.0
France,2002,1A1A3,ABFLOW005,Coal,,,0.0
France,2002,1A1A3,ABFLOW005,Natural gas,,,0.0
France,2002,1A1A3,ABFLOW005,Oil,,,0.0
France,2002,1A1B,ABFLOW011,Coal,,,0.0
France,2002,1A1B,ABFLOW011,Natural gas,,,0.0
France,2002,1A1B,ABFLOW011,Oil,,,0.0
France,2002,1A1C,ABFLOW011,Coal,,,0.0
France,2002,1A1C,ABFLOW011,Natural gas,,,0.0
France,2002,1A1C,ABFLOW011,Oil,,,0.0
France,2002,1A2,ABFLOW012,Coal,,,0.0
France,2002,1A2,ABFLOW012,Natural gas,,,0.0
France,2002,1A2,ABFLOW012,Oil,,,0.0
France,2002,1A2A,ABFLOW016,Coal,,,0.0
France,2002,1A2A,ABFLOW016,Natural gas,,,0.0
France,2002,1A2A,ABFLOW016,Oil,,,0.0
France,2002,1A2B,ABFLOW018,Coal,,,0.0
France,2002,1A2B,ABFLOW018,Natural gas,,,0.0
France,2002,1A2B,ABFLOW018,Oil,,,0.0
France,2002,1A2C,ABFLOW017,Coal,,,0.0
France,2002,1A2C,ABFLOW017,Natural gas,,,0.0
France,2002,1A2C,ABFLOW017,Oil,,,0.0
France,2002,1A2D,ABFLOW023,Coal,,,0.0
France,2002,1A2D,ABFLOW023,Natural gas,,,0.0
France,2002,1A2D,ABFLOW023,Oil,,,0.0
France,2002,1A2E,ABFLOW022,Coal,,,0.0
France,2002,1A2E,ABFLOW022,Natural gas,,,0.0
France,2002,1A2E,ABFLOW022,Oil,,,0.0
France,2002,1A2F,ABFLOW019,Coal,,,0.0
France,2002,1A2F,ABFLOW019,Natural gas,,,0.0
France,2002,1A2F,ABFLOW019,Oil,,,0.0
France,2002,1A2G,ABFLOW020,Coal,,,0.0
France,2002,1A2G,ABFLOW020,Natural gas,,,0.0
France,2002,1A2G,ABFLOW020,Oil,,,0.0
France,2002,1A2H,ABFLOW021,Coal,,,0.0
France,2002,1A2H,ABFLOW021,Natural gas,,,0.0
France,2002,1A2H,ABFLOW021,Oil,,,0.0
France,2002,1A2I,ABFLOW013,Coal,,,0.0
France,2002,1A2I,ABFLOW013,Natural gas,,,0.0
France,2002,1A2I,ABFLOW013,Oil,,,0.0
France,2002,1A2J,ABFLOW024,Coal,,,0.0
France,2002,1A2J,ABFLOW024,Natural gas,,,0.0
France,2002,1A2J,ABFLOW024,Oil,,,0.0
France,2002,1A2K,ABFLOW014,Coal,,,0.0
France,2002,1A2K,ABFLOW014,Natural gas,,,0.0
France,2002,1A2K,ABFLOW014,Oil,,,0.0
France,2002,1A2L,ABFLOW025,Coal,,,0.0
France,2002,1A2L,ABFLOW025,Natural gas,,,0.0
France,2002,1A2L,ABFLOW025,Oil,,,0.0
France,2002,1A2M,ABFLOW026,Coal,,,0.0
France,2002,1A2M,ABFLOW026,Natural gas,,,0.0
France,2002,1A2M,ABFLOW026,Oil,,,0.0
France,2002,1A3,ABFLOW027,Coal,,,0.0
France,2002,1A3,ABFLOW027,Natural gas,,,0.0
France,2002,1A3,ABFLOW027,Oil,,,0.0
France,2002,1A3A1,ABFLOW040,Coal,,,0.0
France,2002,1A3A1,ABFLOW040,Natural gas,,,0.0
France,2002,1A3A1,ABFLOW040,Oil,,,0.0
France,2002,1A3A2,ABFLOW029,Coal,,,0.0
France,2002,1A3A2,ABFLOW029,Natural gas,,,0.0
France,2002,1A3A2,ABFLOW029,Oil,,,0.0
France,2002,1A3B,ABFLOW028,Coal,,,0.0
France,2002,1A3B,ABFLOW028,Natural gas,,,0.0
France,2002,1A3B,ABFLOW028,Oil,,,0.0
France,2002,1A3C,ABFLOW030,Coal,,,0.0
France,2002,1A3C,ABFLOW030,Natural gas,,,0.0
France,2002,1A3C,ABFLOW030,Oil,,,0.0
France,2002,1A3D1,ABFLOW039,Coal,,,0.0
France,2002,1A3D1,ABFLOW039,Natural gas,,,0.0
France,2002,1A3D1,ABFLOW039,Oil,,,0.0
France,2002,1A3D2,ABFLOW032,Coal,,,0.0
France,2002,1A3D2,ABFLOW032,Natural gas,,,0.0
France,2002,1A3D2,ABFLOW032,Oil,,,0.0
France,2002,1A3E1,ABFLOW033,Coal,,,0.0
France,2002,1A3E1,ABFLOW033,Natural gas,,,0.0
France,2002,1A3E1,ABFLOW033,Oil,,,0.0
France,2002,1A4A,ABFLOW035,Coal,,,0.0
France,2002,1A4A,ABFLOW035,Natural gas,,,0.0
France,2002,1A4A,ABFLOW035,Oil,,,0.0
France,2002,1A4B,ABFLOW034,Coal,,,0.0
France,2002,1A4B,ABFLOW034,Natural gas,,,0.0
France,2002,1A4B,ABFLOW034,Oil,,,0.0
France,2002,1A4C1,ABFLOW036,Coal,,,0.0
France,2002,1A4C1,ABFLOW036,Natural gas,,,0.0
France,2002,1A4C1,ABFLOW036,Oil,,,0.0
France,2002,1A4C2,ABFLOW037,Coal,,,0.0
France,2002,1A4C2,ABFLOW037,Natural gas,,,0.0
France,2002,1A4C2,ABFLOW037,Oil,,,0.0
France,2002,1A5,ABFLOW038,Coal,,,0.0
France,2002,1A5,ABFLOW038,Natural gas,,,0.0
France,2002,1A5,ABFLOW038,Oil,,,0.0
France,2003,1A,ABFLOW001,Coal,,,0.0
France,2003,1A,ABFLOW001,Natural gas,,,0.0
France,2003,1A,ABFLOW001,Oil,,,0.0
France,2003,1A1A,ABFLOW002,Coal,,,0.0
France,2003,1A1A,ABFLOW002,Natural gas,,,0.0
France,2003,1A1A,ABFLOW002,Oil,,,0.0
France,2003,1A1A1,ABFLOW003,Coal,,,0.0
France,2003,1A1A1,ABFLOW003,Natural gas,,,0.0
France,2003,1A1A1,ABFLOW003,Oil,,,0.0
France,2003,1A1A2,ABFLOW004,Coal,,,0.0
France,2003,1A1A2,ABFLOW004,Natural gas,,,0.0
France,2003,1A1A2,ABFLOW004,Oil,,,0.0
France,2003,1A1A3,ABFLOW005,Coal,,,0.0
France,2003,1A1A3,ABFLOW005,Natural gas,,,0.0
France,2003,1A1A3,ABFLOW005,Oil,,,0.0
France,2003,1A1B,ABFLOW011,Coal,,,0.0
France,2003,1A1B,ABFLOW011,Natural gas,,,0.0
France,2003,1A1B,ABFLOW011,Oil,,,0.0
France,2003,1A1C,ABFLOW011,Coal,,,0.0
France,2003,1A1C,ABFLOW011,Natural gas,,,0.0
France,2003,1A1C,ABFLOW011,Oil,,,0.0
France,2003,1A2,ABFLOW012,Coal,,,0.0
France,2003,1A2,ABFLOW012,Natural gas,,,0.0
France,2003,1A2,ABFLOW012,Oil,,,0.0
France,2003,1A2A,ABFLOW016,Coal,,,0.0
France,2003,1A2A,ABFLOW016,Natural gas,,,0.0
France,2003,1A2A,ABFLOW016,Oil,,,0.0
France,2003,1A2B,ABFLOW018,Coal,,,0.0
France,2003,1A2B,ABFLOW018,Natural gas,,,0.0
France,2003,1A2B,ABFLOW018,Oil,,,0.0
France,2003,1A2C,ABFLOW017,Coal,,,0.0
France,2003,1A2C,ABFLOW017,Natural gas,,,0.0
France,2003,1A2C,ABFLOW017,Oil,,,0.0
France,2003,1A2D,ABFLOW023,Coal,,,0.0
France,2003,1A2D,ABFLOW023,Natural gas,,,0.0
France,2003,1A2D,ABFLOW023,Oil,,,0.0
France,2003,1A2E,ABFLOW022,Coal,,,0.0
France,2003,1A2E,ABFLOW022,Natural gas,,,0.0
France,2003,1A2E,ABFLOW022,Oil,,,0.0
France,2003,1A2F,ABFLOW019,Coal,,,0.0
France,2003,1A2F,ABFLOW019,Natural gas,,,0.0
France,2003,1A2F,ABFLOW019,Oil,,,0.0
France,2003,1A2G,ABFLOW020,Coal,,,0.0
France,2003,1A2G,ABFLOW020,Natural gas,,,0.0
France,2003,1A2G,ABFLOW020,Oil,,,0.0
France,2003,1A2H,ABFLOW021,Coal,,,0.0
France,2003,1A2H,ABFLOW021,Natural gas,,,0.0
France,2003,1A2H,ABFLOW021,Oil,,,0.0
France,2003,1A2I,ABFLOW013,Coal,,,0.0
France,2003,1A2I,ABFLOW013,Natural gas,,,0.0
France,2003,1A2I,ABFLOW013,Oil,,,0.0
France,2003,1A2J,ABFLOW024,Coal,,,0.0
France,2003,1A2J,ABFLOW024,Natural gas,,,0.0
France,2003,1A2J,ABFLOW024,Oil,,,0.0
France,2003,1A2K,ABFLOW014,Coal,,,0.0
France,2003,1A2K,ABFLOW014,Natural gas,,,0.0
France,2003,1A2K,ABFLOW014,Oil,,,0.0
France,2003,1A2L,ABFLOW025,Coal,,,0.0
France,2003,1A2L,ABFLOW025,Natural gas,,,0.0
France,2003,1A2L,ABFLOW025,Oil,,,0.0
France,2003,1A2M,ABFLOW026,Coal,,,0.0
France,2003,1A2M,ABFLOW026,Natural gas,,,0.0
France,2003,1A2M,ABFLOW026,Oil,,,0.0
France,2003,1A3,ABFLOW027,Coal,,,0.0
France,2003,1A3,ABFLOW027,Natural gas,,,0.0
France,2003,1A3,ABFLOW027,Oil,,,0.0
France,2003,1A3A1,ABFLOW040,Coal,,,0.0
France,2003,1A3A1,ABFLOW040,Natural gas,,,0.0
France,2003,1A3A1,ABFLOW040,Oil,,,0.0
France,2003,1A3A2,ABFLOW029,Coal,,,0.0
France,2003,1A3A2,ABFLOW029,Natural gas,,,0.0
France,2003,1A3A2,ABFLOW029,Oil,,,0.0
France,2003,1A3B,ABFLOW028,Coal,,,0.0
France,2003,1A3B,ABFLOW028,Natural gas,,,0.0
France,2003,1A3B,ABFLOW028,Oil,,,0.0
France,2003,1A3C,ABFLOW030,Coal,,,0.0
France,2003,1A3C,ABFLOW030,Natural gas,,,0.0
France,2003,1A3C,ABFLOW030,Oil,,,0.0
France,2003,1A3D1,ABFLOW039,Coal,,,0.0
France,2003,1A3D1,ABFLOW039,Natural gas,,,0.0
France,2003,1A3D1,ABFLOW039,Oil,,,0.0
France,2003,1A3D2,ABFLOW032,Coal,,,0.0
France,2003,1A3D2,ABFLOW032,Natural gas,,,0.0
France,2003,1A3D2,ABFLOW032,Oil,,,0.0
France,2003,1A3E1,ABFLOW033,Coal,,,0.0
France,2003,1A3E1,ABFLOW033,Natural gas,,,0.0
France,2003,1A3E1,ABFLOW033,Oil,,,0.0
France,2003,1A4A,ABFLOW035,Coal,,,0.0
France,2003,1A4A,ABFLOW035,Natural gas,,,0.0
France,2003,1A4A,ABFLOW035,Oil,,,0.0
France,2003,1A4B,ABFLOW034,Coal,,,0.0
France,2003,1A4B,ABFLOW034,Natural gas,,,0.0
France,2003,1A4B,ABFLOW034,Oil,,,0.0
France,2003,1A4C1,ABFLOW036,Coal,,,0.0
France,2003,1A4C1,ABFLOW036,Natural gas,,,0.0
France,2003,1A4C1,ABFLOW036,Oil,,,0.0
France,2003,1A4C2,ABFLOW037,Coal,,,0.0
France,2003,1A4C2,ABFLOW037,Natural gas,,,0.0
France,2003,1A4C2,ABFLOW037,Oil,,,0.0
France,2003,1A5,ABFLOW038,Coal,,,0.0
France,2003,1A5,ABFLOW038,Natural gas,,,0.0
France,2003,1A5,ABFLOW038,Oil,,,0.0
France,2004,1A,ABFLOW001,Coal,,,0.0
France,2004,1A,ABFLOW001,Natural gas,,,0.0
France,2004,1A,ABFLOW001,Oil,,,0.0
France,2004,1A1A,ABFLOW002,Coal,,,0.0
France,2004,1A1A,ABFLOW002,Natural gas,,,0.0
France,2004,1A1A,ABFLOW002,Oil,,,0.0
France,2004,1A1A1,ABFLOW003,Coal,,,0.0
France,2004,1A1A1,ABFLOW003,Natural gas,,,0.0
France,2004,1A1A1,ABFLOW003,Oil,,,0.0
France,2004,1A1A2,ABFLOW004,Coal,,,0.0
France,2004,1A1A2,ABFLOW004,Natural gas,,,0.0
France,2004,1A1A2,ABFLOW004,Oil,,,0.0
France,2004,1A1A3,ABFLOW005,Coal,,,0.0
France,2004,1A1A3,ABFLOW005,Natural gas,,,0.0
France,2004,1A1A3,ABFLOW005,Oil,,,0.0
France,2004,1A1B,ABFLOW011,Coal,,,0.0
France,2004,1A1B,ABFLOW011,Natural gas,,,0.0
France,2004,1A1B,ABFLOW011,Oil,,,0.0
France,2004,1A1C,ABFLOW011,Coal,,,0.0
France,2004,1A1C,ABFLOW011,Natural gas,,,0.0
France,2004,1A1C,ABFLOW011,Oil,,,0.0
France,2004,1A2,ABFLOW012,Coal,,,0.0
France,2004,1A2,ABFLOW012,Natural gas,,,0.0
France,2004,1A2,ABFLOW012,Oil,,,0.0
France,2004,1A2A,ABFLOW016,Coal,,,0.0
France,2004,1A2A,ABFLOW016,Natural gas,,,0.0
France,2004,1A2A,ABFLOW016,Oil,,,0.0
France,2004,1A2B,ABFLOW018,Coal,,,0.0
France,2004,1A2B,ABFLOW018,Natural gas,,,0.0
France,2004,1A2B,ABFLOW018,Oil,,,0.0
France,2004,1A2C,ABFLOW017,Coal,,,0.0
France,2004,1A2C,ABFLOW017,Natural gas,,,0.0
France,2004,1A2C,ABFLOW017,Oil,,,0.0
France,2004,1A2D,ABFLOW023,Coal,,,0.0
France,2004,1A2D,ABFLOW023,Natural gas,,,0.0
France,2004,1A2D,ABFLOW023,Oil,,,0.0
France,2004,1A2E,ABFLOW022,Coal,,,0.0
France,2004,1A2E,ABFLOW022,Natural gas,,,0.0
France,2004,1A2E,ABFLOW022,Oil,,,0.0
France,2004,1A2F,ABFLOW019,Coal,,,0.0
France,2004,1A2F,ABFLOW019,Natural gas,,,0.0
France,2004,1A2F,ABFLOW019,Oil,,,0.0
France,2004,1A2G,ABFLOW020,Coal,,,0.0
France,2004,1A2G,ABFLOW020,Natural gas,,,0.0
France,2004,1A2G,ABFLOW020,Oil,,,0.0
France,2004,1A2H,ABFLOW021,Coal,,,0.0
France,2004,1A2H,ABFLOW021,Natural gas,,,0.0
France,2004,1A2H,ABFLOW021,Oil,,,0.0
France,2004,1A2I,ABFLOW013,Coal,,,0.0
France,2004,1A2I,ABFLOW013,Natural gas,,,0.0
France,2004,1A2I,ABFLOW013,Oil,,,0.0
France,2004,1A2J,ABFLOW024,Coal,,,0.0
France,2004,1A2J,ABFLOW024,Natural gas,,,0.0
France,2004,1A2J,ABFLOW024,Oil,,,0.0
France,2004,1A2K,ABFLOW014,Coal,,,0.0
France,2004,1A2K,ABFLOW014,Natural gas,,,0.0
France,2004,1A2K,ABFLOW014,Oil,,,0.0
France,2004,1A2L,ABFLOW025,Coal,,,0.0
France,2004,1A2L,ABFLOW025,Natural gas,,,0.0
France,2004,1A2L,ABFLOW025,Oil,,,0.0
France,2004,1A2M,ABFLOW026,Coal,,,0.0
France,2004,1A2M,ABFLOW026,Natural gas,,,0.0
France,2004,1A2M,ABFLOW026,Oil,,,0.0
France,2004,1A3,ABFLOW027,Coal,,,0.0
France,2004,1A3,ABFLOW027,Natural gas,,,0.0
France,2004,1A3,ABFLOW027,Oil,,,0.0
France,2004,1A3A1,ABFLOW040,Coal,,,0.0
France,2004,1A3A1,ABFLOW040,Natural gas,,,0.0
France,2004,1A3A1,ABFLOW040,Oil,,,0.0
France,2004,1A3A2,ABFLOW029,Coal,,,0.0
France,2004,1A3A2,ABFLOW029,Natural gas,,,0.0
France,2004,1A3A2,ABFLOW029,Oil,,,0.0
France,2004,1A3B,ABFLOW028,Coal,,,0.0
France,2004,1A3B,ABFLOW028,Natural gas,,,0.0
France,2004,1A3B,ABFLOW028,Oil,,,0.0
France,2004,1A3C,ABFLOW030,Coal,,,0.0
France,2004,1A3C,ABFLOW030,Natural gas,,,0.0
France,2004,1A3C,ABFLOW030,Oil,,,0.0
France,2004,1A3D1,ABFLOW039,Coal,,,0.0
France,2004,1A3D1,ABFLOW039,Natural gas,,,0.0
France,2004,1A3D1,ABFLOW039,Oil,,,0.0
France,2004,1A3D2,ABFLOW032,Coal,,,0.0
France,2004,1A3D2,ABFLOW032,Natural gas,,,0.0
France,2004,1A3D2,ABFLOW032,Oil,,,0.0
France,2004,1A3E1,ABFLOW033,Coal,,,0.0
France,2004,1A3E1,ABFLOW033,Natural gas,,,0.0
France,2004,1A3E1,ABFLOW033,Oil,,,0.0
France,2004,1A4A,ABFLOW035,Coal,,,0.0
France,2004,1A4A,ABFLOW035,Natural gas,,,0.0
France,2004,1A4A,ABFLOW035,Oil,,,0.0
France,2004,1A4B,ABFLOW034,Coal,,,0.0
France,2004,1A4B,ABFLOW034,Natural gas,,,0.0
France,2004,1A4B,ABFLOW034,Oil,,,0.0
France,2004,1A4C1,ABFLOW036,Coal,,,0.0
France,2004,1A4C1,ABFLOW036,Natural gas,,,0.0
France,2004,1A4C1,ABFLOW036,Oil,,,0.0
France,2004,1A4C2,ABFLOW037,Coal,,,0.0
France,2004,1A4C2,ABFLOW037,Natural gas,,,0.0
France,2004,1A4C2,ABFLOW037,Oil,,,0.0
France,2004,1A5,ABFLOW038,Coal,,,0.0
France,2004,1A5,ABFLOW038,Natural gas,,,0.0
France,2004,1A5,ABFLOW038,Oil,,,0.0
France,2005,1A,ABFLOW001,Coal,,,0.0
France,2005,1A,ABFLOW001,Natural gas,,,0.0
France,2005,1A,ABFLOW001,Oil,,,0.0
France,2005,1A1A,ABFLOW002,Coal,,,0.0
France,2005,1A1A,ABFLOW002,Natural gas,,,0.0
France,2005,1A1A,ABFLOW002,Oil,,,0.0
France,2005,1A1A1,ABFLOW003,Coal,28.679421474629407,,28.679421474629407
France,2005,1A1A1,ABFLOW003,Natural gas,28.679421474629407,,28.679421474629407
France,2005,1A1A1,ABFLOW003,Oil,28.679421474629407,,28.679421474629407
France,2005,1A1A2,ABFLOW004,Coal,28.679421474629407,,28.679421474629407
France,2005,1A1A2,ABFLOW004,Natural gas,28.679421474629407,,28.679421474629407
France,2005,1A1A2,ABFLOW004,Oil,28.679421474629407,,28.679421474629407
France,2005,1A1A3,ABFLOW005,Coal,28.679421474629407,,28.679421474629407
France,2005,1A1A3,ABFLOW005,Natural gas,28.679421474629407,,28.679421474629407
France,2005,1A1A3,ABFLOW005,Oil,28.679421474629407,,28.679421474629407
France,2005,1A1B,ABFLOW011,Coal,28.679421474629407,,28.679421474629407
France,2005,1A1B,ABFLOW011,Natural gas,28.679421474629407,,28.679421474629407
France,2005,1A1B,ABFLOW011,Oil,28.679421474629407,,28.679421474629407
France,2005,1A1C,ABFLOW011,Coal,28.679421474629407,,28.679421474629407
France,2005,1A1C,ABFLOW011,Natural gas,28.679421474629407,,28.679421474629407
France,2005,1A1C,ABFLOW011,Oil,28.679421474629407,,28.679421474629407
France,2005,1A2,ABFLOW012,Coal,,,0.0
France,2005,1A2,ABFLOW012,Natural gas,,,0.0
France,2005,1A2,ABFLOW012,Oil,,,0.0
France,2005,1A2A,ABFLOW016,Coal,28.679421474629407,,28.679421474629407
France,2005,1A2A,ABFLOW016,Natural gas,28.679421474629407,,28.679421474629407
France,2005,1A2A,ABFLOW016,Oil,28.679421474629407,,28.679421474629407
France,2005,1A2B,ABFLOW018,Coal,28.679421474629407,,28.679421474629407
France,2005,1A2B,ABFLOW018,Natural gas,28.679421474629407,,28.679421474629407
France,2005,1A2B,ABFLOW018,Oil,28.679421474629407,,28.679421474629407
France,2005,1A2C,ABFLOW017,Coal,28.679421474629407,,28.679421474629407
France,2005,1A2C,ABFLOW017,Natural gas,28.679421474629407,,28.679421474629407
France,2005,1A2C,ABFLOW017,Oil,28.679421474629407,,28.679421474629407
France,2005,1A2D,ABFLOW023,Coal,28.679421474629407,,28.679421474629407
France,2005,1A2D,ABFLOW023,Natural gas,28.679421474629407,,28.679421474629407
France,2005,1A2D,ABFLOW023,Oil,28.679421474629407,,28.679421474629407
France,2005,1A2E,ABFLOW022,Coal,28.679421474629407,,28.679421474629407
France,2005,1A2E,ABFLOW022,Natural gas,28.679421474629407,,28.679421474629407
France,2005,1A2E,ABFLOW022,Oil,28.679421474629407,,28.679421474629407
France,2005,1A2F,ABFLOW019,Coal,28.679421474629407,,28.679421474629407
France,2005,1A2F,ABFLOW019,Natural gas,28.679421474629407,,28.679421474629407
France,2005,1A2F,ABFLOW019,Oil,28.679421474629407,,28.679421474629407
France,2005,1A2G,ABFLOW020,Coal,28.679421474629407,,28.679421474629407
France,2005,1A2G,ABFLOW020,Natural gas,28.679421474629407,,28.679421474629407
France,2005,1A2G,ABFLOW020,Oil,28.679421474629407,,28.679421474629407
France,2005,1A2H,ABFLOW021,Coal,28.679421474629407,,28.679421474629407
France,2005,1A2H,ABFLOW021,Natural gas,28.679421474629407,,28.679421474629407
France,2005,1A2H,ABFLOW021,Oil,28.679421474629407,,28.679421474629407
France,2005,1A2I,ABFLOW013,Coal,28.679421474629407,,28.679421474629407
France,2005,1A2I,ABFLOW013,Natural gas,28.679421474629407,,28.679421474629407
France,2005,1A2I,ABFLOW013,Oil,28.679421474629407,,28.679421474629407
France,2005,1A2J,ABFLOW024,Coal,28.679421474629407,,28.679421474629407
France,2005,1A2J,ABFLOW024,Natural gas,28.679421474629407,,28.679421474629407
France,2005,1A2J,ABFLOW024,Oil,28.679421474629407,,28.679421474629407
France,2005,1A2K,ABFLOW014,Coal,28.679421474629407,,28.679421474629407
France,2005,1A2K,ABFLOW014,Natural gas,28.679421474629407,,28.679421474629407
France,2005,1A2K,ABFLOW014,Oil,28.679421474629407,,28.679421474629407
France,2005,1A2L,ABFLOW025,Coal,28.679421474629407,,28.679421474629407
France,2005,1A2L,ABFLOW025,Natural gas,28.679421474629407,,28.679421474629407
France,2005,1A2L,ABFLOW025,Oil,28.679421474629407,,28.679421474629407
France,2005,1A2M,ABFLOW026,Coal,28.679421474629407,,28.679421474629407
France,2005,1A2M,ABFLOW026,Natural gas,28.679421474629407,,28.679421474629407
France,2005,1A2M,ABFLOW026,Oil,28.679421474629407,,28.679421474629407
France,2005,1A3,ABFLOW027,Coal,,,0.0
France,2005,1A3,ABFLOW027,Natural gas,,,0.0
France,2005,1A3,ABFLOW027,Oil,,,0.0
France,2005,1A3A1,ABFLOW040,Coal,,,0.0
France,2005,1A3A1,ABFLOW040,Natural gas,,,0.0
France,2005,1A3A1,ABFLOW040,Oil,,,0.0
France,2005,1A3A2,ABFLOW029,Coal,,,0.0
France,2005,1A3A2,ABFLOW029,Natural gas,,,0.0
France,2005,1A3A2,ABFLOW029,Oil,,,0.0
France,2005,1A3B,ABFLOW028,Coal,,,0.0
France,2005,1A3B,ABFLOW028,Natural gas,,,0.0
France,2005,1A3B,ABFLOW028,Oil,,,0.0
France,2005,1A3C,ABFLOW030,Coal,,,0.0
France,2005,1A3C,ABFLOW030,Natural gas,,,0.0
France,2005,1A3C,ABFLOW030,Oil,,,0.0
France,2005,1A3D1,ABFLOW039,Coal,,,0.0
France,2005,1A3D1,ABFLOW039,Natural gas,,,0.0
France,2005,1A3D1,ABFLOW039,Oil,,,0.0
France,2005,1A3D2,ABFLOW032,Coal,,,0.0
France,2005,1A3D2,ABFLOW032,Natural gas,,,0.0
France,2005,1A3D2,ABFLOW032,Oil,,,0.0
France,2005,1A3E1,ABFLOW033,Coal,,,0.0
France,2005,1A3E1,ABFLOW033,Natural gas,,,0.0
France,2005,1A3E1,ABFLOW033,Oil,,,0.0
France,2005,1A4A,ABFLOW035,Coal,,,0.0
France,2005,1A4A,ABFLOW035,Natural gas,,,0.0
France,2005,1A4A,ABFLOW035,Oil,,,0.0
France,2005,1A4B,ABFLOW034,Coal,,,0.0
France,2005,1A4B,ABFLOW034,Natural gas,,,0.0
France,2005,1A4B,ABFLOW034,Oil,,,0.0
France,2005,1A4C1,ABFLOW036,Coal,,,0.0
France,2005,1A4C1,ABFLOW036,Natural gas,,,0.0
France,2005,1A4C1,ABFLOW036,Oil,,,0.0
France,2005,1A4C2,ABFLOW037,Coal,,,0.0
France,2005,1A4C2,ABFLOW037,Natural gas,,,0.0
France,2005,1A4C2,ABFLOW037,Oil,,,0.0
France,2005,1A5,ABFLOW038,Coal,,,0.0
France,2005,1A5,ABFLOW038,Natural gas,,,0.0
France,2005,1A5,ABFLOW038,Oil,,,0.0
France,2006,1A,ABFLOW001,Coal,,,0.0
France,2006,1A,ABFLOW001,Natural gas,,,0.0
France,2006,1A,ABFLOW001,Oil,,,0.0
France,2006,1A1A,ABFLOW002,Coal,,,0.0
France,2006,1A1A,ABFLOW002,Natural gas,,,0.0
France,2006,1A1A,ABFLOW002,Oil,,,0.0
France,2006,1A1A1,ABFLOW003,Coal,23.528803142904057,,23.528803142904057
France,2006,1A1A1,ABFLOW003,Natural gas,23.528803142904057,,23.528803142904057
France,2006,1A1A1,ABFLOW003,Oil,23.528803142904057,,23.528803142904057
France,2006,1A1A2,ABFLOW004,Coal,23.528803142904057,,23.528803142904057
France,2006,1A1A2,ABFLOW004,Natural gas,23.528803142904057,,23.528803142904057
France,2006,1A1A2,ABFLOW004,Oil,23.528803142904057,,23.528803142904057
France,2006,1A1A3,ABFLOW005,Coal,23.528803142904057,,23.528803142904057
France,2006,1A1A3,ABFLOW005,Natural gas,23.528803142904057,,23.528803142904057
France,2006,1A1A3,ABFLOW005,Oil,23.528803142904057,,23.528803142904057
France,2006,1A1B,ABFLOW011,Coal,23.528803142904057,,23.528803142904057
France,2006,1A1B,ABFLOW011,Natural gas,23.528803142904057,,23.528803142904057
France,2006,1A1B,ABFLOW011,Oil,23.528803142904057,,23.528803142904057
France,2006,1A1C,ABFLOW011,Coal,23.528803142904057,,23.528803142904057
France,2006,1A1C,ABFLOW011,Natural gas,23.528803142904057,,23.528803142904057
France,2006,1A1C,ABFLOW011,Oil,23.528803142904057,,23.528803142904057
France,2006,1A2,ABFLOW012,Coal,,,0.0
France,2006,1A2,ABFLOW012,Natural gas,,,0.0
France,2006,1A2,ABFLOW012,Oil,,,0.0
France,2006,1A2A,ABFLOW016,Coal,23.528803142904057,,23.528803142904057
France,2006,1A2A,ABFLOW016,Natural gas,23.528803142904057,,23.528803142904057
France,2006,1A2A,ABFLOW016,Oil,23.528803142904057,,23.528803142904057
France,2006,1A2B,ABFLOW018,Coal,23.528803142904057,,23.528803142904057
France,2006,1A2B,ABFLOW018,Natural gas,23.528803142904057,,23.528803142904057
France,2006,1A2B,ABFLOW018,Oil,23.528803142904057,,23.528803142904057
France,2006,1A2C,ABFLOW017,Coal,23.528803142904057,,23.528803142904057
France,2006,1A2C,ABFLOW017,Natural gas,23.528803142904057,,23.528803142904057
France,2006,1A2C,ABFLOW017,Oil,23.528803142904057,,23.528803142904057
France,2006,1A2D,ABFLOW023,Coal,23.528803142904057,,23.528803142904057
France,2006,1A2D,ABFLOW023,Natural gas,23.528803142904057,,23.528803142904057
France,2006,1A2D,ABFLOW023,Oil,23.528803142904057,,23.528803142904057
France,2006,1A2E,ABFLOW022,Coal,23.528803142904057,,23.528803142904057
France,2006,1A2E,ABFLOW022,Natural gas,23.528803142904057,,23.528803142904057
France,2006,1A2E,ABFLOW022,Oil,23.528803142904057,,23.528803142904057
France,2006,1A2F,ABFLOW019,Coal,23.528803142904057,,23.528803142904057
France,2006,1A2F,ABFLOW019,Natural gas,23.528803142904057,,23.528803142904057
France,2006,1A2F,ABFLOW019,Oil,23.528803142904057,,23.528803142904057
France,2006,1A2G,ABFLOW020,Coal,23.528803142904057,,23.528803142904057
France,2006,1A2G,ABFLOW020,Natural gas,23.528803142904057,,23.528803142904057
France,2006,1A2G,ABFLOW020,Oil,23.528803142904057,,23.528803142904057
France,2006,1A2H,ABFLOW021,Coal,23.528803142904057,,23.528803142904057
France,2006,1A2H,ABFLOW021,Natural gas,23.528803142904057,,23.528803142904057
France,2006,1A2H,ABFLOW021,Oil,23.528803142904057,,23.528803142904057
France,2006,1A2I,ABFLOW013,Coal,23.528803142904057,,23.528803142904057
France,2006,1A2I,ABFLOW013,Natural gas,23.528803142904057,,23.528803142904057
France,2006,1A2I,ABFLOW013,Oil,23.528803142904057,,23.528803142904057
France,2006,1A2J,ABFLOW024,Coal,23.528803142904057,,23.528803142904057
France,2006,1A2J,ABFLOW024,Natural gas,23.528803142904057,,23.528803142904057
France,2006,1A2J,ABFLOW024,Oil,23.528803142904057,,23.528803142904057
France,2006,1A2K,ABFLOW014,Coal,23.528803142904057,,23.528803142904057
France,2006,1A2K,ABFLOW014,Natural gas,23.528803142904057,,23.528803142904057
France,2006,1A2K,ABFLOW014,Oil,23.528803142904057,,23.528803142904057
France,2006,1A2L,ABFLOW025,Coal,23.528803142904057,,23.528803142904057
France,2006,1A2L,ABFLOW025,Natural gas,23.528803142904057,,23.528803142904057
France,2006,1A2L,ABFLOW025,Oil,23.528803142904057,,23.528803142904057
France,2006,1A2M,ABFLOW026,Coal,23.528803142904057,,23.528803142904057
France,2006,1A2M,ABFLOW026,Natural gas,23.528803142904057,,23.528803142904057
France,2006,1A2M,ABFLOW026,Oil,23.528803142904057,,23.528803142904057
France,2006,1A3,ABFLOW027,Coal,,,0.0
France,2006,1A3,ABFLOW027,Natural gas,,,0.0
France,2006,1A3,ABFLOW027,Oil,,,0.0
France,2006,1A3A1,ABFLOW040,Coal,,,0.0
France,2006,1A3A1,ABFLOW040,Natural gas,,,0.0
France,2006,1A3A1,ABFLOW040,Oil,,,0.0
France,2006,1A3A2,ABFLOW029,Coal,,,0.0
France,2006,1A3A2,ABFLOW029,Natural gas,,,0.0
France,2006,1A3A2,ABFLOW029,Oil,,,0.0
France,2006,1A3B,ABFLOW028,Coal,,,0.0
France,2006,1A3B,ABFLOW028,Natural gas,,,0.0
France,2006,1A3B,ABFLOW028,Oil,,,0.0
France,2006,1A3C,ABFLOW030,Coal,,,0.0
France,2006,1A3C,ABFLOW030,Natural gas,,,0.0
France,2006,1A3C,ABFLOW030,Oil,,,0.0
France,2006,1A3D1,ABFLOW039,Coal,,,0.0
France,2006,1A3D1,ABFLOW039,Natural gas,,,0.0
France,2006,1A3D1,ABFLOW039,Oil,,,0.0
France,2006,1A3D2,ABFLOW032,Coal,,,0.0
France,2006,1A3D2,ABFLOW032,Natural gas,,,0.0
France,2006,1A3D2,ABFLOW032,Oil,,,0.0
France,2006,1A3E1,ABFLOW033,Coal,,,0.0
France,2006,1A3E1,ABFLOW033,Natural gas,,,0.0
France,2006,1A3E1,ABFLOW033,Oil,,,0.0
France,2006,1A4A,ABFLOW035,Coal,,,0.0
France,2006,1A4A,ABFLOW035,Natural gas,,,0.0
France,2006,1A4A,ABFLOW035,Oil,,,0.0
France,2006,1A4B,ABFLOW034,Coal,,,0.0
France,2006,1A4B,ABFLOW034,Natural gas,,,0.0
France,2006,1A4B,ABFLOW034,Oil,,,0.0
France,2006,1A4C1,ABFLOW036,Coal,,,0.0
France,2006,1A4C1,ABFLOW036,Natural gas,,,0.0
France,2006,1A4C1,ABFLOW036,Oil,,,0.0
France,2006,1A4C2,ABFLOW037,Coal,,,0.0
France,2006,1A4C2,ABFLOW037,Natural gas,,,0.0
France,2006,1A4C2,ABFLOW037,Oil,,,0.0
France,2006,1A5,ABFLOW038,Coal,,,0.0
France,2006,1A5,ABFLOW038,Natural gas,,,0.0
France,2006,1A5,ABFLOW038,Oil,,,0.0
France,2007,1A,ABFLOW001,Coal,,,0.0
France,2007,1A,ABFLOW001,Natural gas,,,0.0
France,2007,1A,ABFLOW001,Oil,,,0.0
France,2007,1A1A,ABFLOW002,Coal,,,0.0
France,2007,1A1A,ABFLOW002,Natural gas,,,0.0
France,2007,1A1A,ABFLOW002,Oil,,,0.0
France,2007,1A1A1,ABFLOW003,Coal,0.8752028962019388,,0.8752028962019388
France,2007,1A1A1,ABFLOW003,Natural gas,0.8752028962019388,,0.8752028962019388
France,2007,1A1A1,ABFLOW003,Oil,0.8752028962019388,,0.8752028962019388
France,2007,1A1A2,ABFLOW004,Coal,0.8752028962019388,,0.8752028962019388
France,2007,1A1A2,ABFLOW004,Natural gas,0.8752028962019388,,0.8752028962019388
France,2007,1A1A2,ABFLOW004,Oil,0.8752028962019388,,0.8752028962019388
France,2007,1A1A3,ABFLOW005,Coal,0.8752028962019388,,0.8752028962019388
France,2007,1A1A3,ABFLOW005,Natural gas,0.8752028962019388,,0.8752028962019388
France,2007,1A1A3,ABFLOW005,Oil,0.8752028962019388,,0.8752028962019388
France,2007,1A1B,ABFLOW011,Coal,0.8752028962019388,,0.8752028962019388
France,2007,1A1B,ABFLOW011,Natural gas,0.8752028962019388,,0.8752028962019388
France,2007,1A1B,ABFLOW011,Oil,0.8752028962019388,,0.8752028962019388
France,2007,1A1C,ABFLOW011,Coal,0.8752028962019388,,0.8752028962019388
France,2007,1A1C,ABFLOW011,Natural gas,0.8752028962019388,,0.8752028962019388
France,2007,1A1C,ABFLOW011,Oil,0.8752028962019388,,0.8752028962019388
France,2007,1A2,ABFLOW012,Coal,,,0.0
France,2007,1A2,ABFLOW012,Natural gas,,,0.0
France,2007,1A2,ABFLOW012,Oil,,,0.0
France,2007,1A2A,ABFLOW016,Coal,0.8752028962019388,,0.8752028962019388
France,2007,1A2A,ABFLOW016,Natural gas,0.8752028962019388,,0.8752028962019388
France,2007,1A2A,ABFLOW016,Oil,0.8752028962019388,,0.8752028962019388
France,2007,1A2B,ABFLOW018,Coal,0.8752028962019388,,0.8752028962019388
France,2007,1A2B,ABFLOW018,Natural gas,0.8752028962019388,,0.8752028962019388
France,2007,1A2B,ABFLOW018,Oil,0.8752028962019388,,0.8752028962019388
France,2007,1A2C,ABFLOW017,Coal,0.8752028962019388,,0.8752028962019388
France,2007,1A2C,ABFLOW017,Natural gas,0.8752028962019388,,0.8752028962019388
France,2007,1A2C,ABFLOW017,Oil,0.8752028962019388,,0.8752028962019388
France,2007,1A2D,ABFLOW023,Coal,0.8752028962019388,,0.8752028962019388
France,2007,1A2D,ABFLOW023,Natural gas,0.8752028962019388,,0.8752028962019388
France,2007,1A2D,ABFLOW023,Oil,0.8752028962019388,,0.8752028962019388
France,2007,1A2E,ABFLOW022,Coal,0.8752028962019388,,0.8752028962019388
France,2007,1A2E,ABFLOW022,Natural gas,0.8752028962019388,,0.8752028962019388
France,2007,1A2E,ABFLOW022,Oil,0.8752028962019388,,0.8752028962019388
France,2007,1A2F,ABFLOW019,Coal,0.8752028962019388,,0.8752028962019388
France,2007,1A2F,ABFLOW019,Natural gas,0.8752028962019388,,0.8752028962019388
France,2007,1A2F,ABFLOW019,Oil,0.8752028962019388,,0.8752028962019388
France,2007,1A2G,ABFLOW020,Coal,0.8752028962019388,,0.8752028962019388
France,2007,1A2G,ABFLOW020,Natural gas,0.8752028962019388,,0.8752028962019388
France,2007,1A2G,ABFLOW020,Oil,0.8752028962019388,,0.8752028962019388
France,2007,1A2H,ABFLOW021,Coal,0.8752028962019388,,0.8752028962019388
France,2007,1A2H,ABFLOW021,Natural gas,0.8752028962019388,,0.8752028962019388
France,2007,1A2H,ABFLOW021,Oil,0.8752028962019388,,0.8752028962019388
France,2007,1A2I,ABFLOW013,Coal,0.8752028962019388,,0.8752028962019388
France,2007,1A2I,ABFLOW013,Natural gas,0.8752028962019388,,0.8752028962019388
France,2007,1A2I,ABFLOW013,Oil,0.8752028962019388,,0.8752028962019388
France,2007,1A2J,ABFLOW024,Coal,0.8752028962019388,,0.8752028962019388
France,2007,1A2J,ABFLOW024,Natural gas,0.8752028962019388,,0.8752028962019388
France,2007,1A2J,ABFLOW024,Oil,0.8752028962019388,,0.8752028962019388
France,2007,1A2K,ABFLOW014,Coal,0.8752028962019388,,0.8752028962019388
France,2007,1A2K,ABFLOW014,Natural gas,0.8752028962019388,,0.8752028962019388
France,2007,1A2K,ABFLOW014,Oil,0.8752028962019388,,0.8752028962019388
France,2007,1A2L,ABFLOW025,Coal,0.8752028962019388,,0.8752028962019388
France,2007,1A2L,ABFLOW025,Natural gas,0.8752028962019388,,0.8752028962019388
France,2007,1A2L,ABFLOW025,Oil,0.8752028962019388,,0.8752028962019388
France,2007,1A2M,ABFLOW026,Coal,0.8752028962019388,,0.8752028962019388
France,2007,1A2M,ABFLOW026,Natural gas,0.8752028962019388,,0.8752028962019388
France,2007,1A2M,ABFLOW026,Oil,0.8752028962019388,,0.8752028962019388
France,2007,1A3,ABFLOW027,Coal,,,0.0
France,2007,1A3,ABFLOW027,Natural gas,,,0.0
France,2007,1A3,ABFLOW027,Oil,,,0.0
France,2007,1A3A1,ABFLOW040,Coal,,,0.0
France,2007,1A3A1,ABFLOW040,Natural gas,,,0.0
France,2007,1A3A1,ABFLOW040,Oil,,,0.0
France,2007,1A3A2,ABFLOW029,Coal,,,0.0
France,2007,1A3A2,ABFLOW029,Natural gas,,,0.0
France,2007,1A3A2,ABFLOW029,Oil,,,0.0
France,2007,1A3B,ABFLOW028,Coal,,,0.0
France,2007,1A3B,ABFLOW028,Natural gas,,,0.0
France,2007,1A3B,ABFLOW028,Oil,,,0.0
France,2007,1A3C,ABFLOW030,Coal,,,0.0
France,2007,1A3C,ABFLOW030,Natural gas,,,0.0
France,2007,1A3C,ABFLOW030,Oil,,,0.0
France,2007,1A3D1,ABFLOW039,Coal,,,0.0
France,2007,1A3D1,ABFLOW039,Natural gas,,,0.0
France,2007,1A3D1,ABFLOW039,Oil,,,0.0
France,2007,1A3D2,ABFLOW032,Coal,,,0.0
France,2007,1A3D2,ABFLOW032,Natural gas,,,0.0
France,2007,1A3D2,ABFLOW032,Oil,,,0.0
France,2007,1A3E1,ABFLOW033,Coal,,,0.0
France,2007,1A3E1,ABFLOW033,Natural gas,,,0.0
France,2007,1A3E1,ABFLOW033,Oil,,,0.0
France,2007,1A4A,ABFLOW035,Coal,,,0.0
France,2007,1A4A,ABFLOW035,Natural gas,,,0.0
France,2007,1A4A,ABFLOW035,Oil,,,0.0
France,2007,1A4B,ABFLOW034,Coal,,,0.0
France,2007,1A4B,ABFLOW034,Natural gas,,,0.0
France,2007,1A4B,ABFLOW034,Oil,,,0.0
France,2007,1A4C1,ABFLOW036,Coal,,,0.0
France,2007,1A4C1,ABFLOW036,Natural gas,,,0.0
France,2007,1A4C1,ABFLOW036,Oil,,,0.0
France,2007,1A4C2,ABFLOW037,Coal,,,0.0
France,2007,1A4C2,ABFLOW037,Natural gas,,,0.0
France,2007,1A4C2,ABFLOW037,Oil,,,0.0
France,2007,1A5,ABFLOW038,Coal,,,0.0
France,2007,1A5,ABFLOW038,Natural gas,,,0.0
France,2007,1A5,ABFLOW038,Oil,,,0.0
France,2008,1A,ABFLOW001,Coal,,,0.0
France,2008,1A,ABFLOW001,Natural gas,,,0.0
France,2008,1A,ABFLOW001,Oil,,,0.0
France,2008,1A1A,ABFLOW002,Coal,,,0.0
France,2008,1A1A,ABFLOW002,Natural gas,,,0.0
France,2008,1A1A,ABFLOW002,Oil,,,0.0
France,2008,1A1A1,ABFLOW003,Coal,22.528670139263568,,22.528670139263568
France,2008,1A1A1,ABFLOW003,Natural gas,22.528670139263568,,22.528670139263568
France,2008,1A1A1,ABFLOW003,Oil,22.528670139263568,,22.528670139263568
France,2008,1A1A2,ABFLOW004,Coal,22.528670139263568,,22.528670139263568
France,2008,1A1A2,ABFLOW004,Natural gas,22.528670139263568,,22.528670139263568
France,2008,1A1A2,ABFLOW004,Oil,22.528670139263568,,22.528670139263568
France,2008,1A1A3,ABFLOW005,Coal,22.528670139263568,,22.528670139263568
France,2008,1A1A3,ABFLOW005,Natural gas,22.528670139263568,,22.528670139263568
France,2008,1A1A3,ABFLOW005,Oil,22.528670139263568,,22.528670139263568
France,2008,1A1B,ABFLOW011,Coal,22.528670139263568,,22.528670139263568
France,2008,1A1B,ABFLOW011,Natural gas,22.528670139263568,,22.528670139263568
France,2008,1A1B,ABFLOW011,Oil,22.528670139263568,,22.528670139263568
France,2008,1A1C,ABFLOW011,Coal,22.528670139263568,,22.528670139263568
France,2008,1A1C,ABFLOW011,Natural gas,22.528670139263568,,22.528670139263568
France,2008,1A1C,ABFLOW011,Oil,22.528670139263568,,22.528670139263568
France,2008,1A2,ABFLOW012,Coal,,,0.0
France,2008,1A2,ABFLOW012,Natural gas,,,0.0
France,2008,1A2,ABFLOW012,Oil,,,0.0
France,2008,1A2A,ABFLOW016,Coal,22.528670139263568,,22.528670139263568
France,2008,1A2A,ABFLOW016,Natural gas,22.528670139263568,,22.528670139263568
France,2008,1A2A,ABFLOW016,Oil,22.528670139263568,,22.528670139263568
France,2008,1A2B,ABFLOW018,Coal,22.528670139263568,,22.528670139263568
France,2008,1A2B,ABFLOW018,Natural gas,22.528670139263568,,22.528670139263568
France,2008,1A2B,ABFLOW018,Oil,22.528670139263568,,22.528670139263568
France,2008,1A2C,ABFLOW017,Coal,22.528670139263568,,22.528670139263568
France,2008,1A2C,ABFLOW017,Natural gas,22.528670139263568,,22.528670139263568
France,2008,1A2C,ABFLOW017,Oil,22.528670139263568,,22.528670139263568
France,2008,1A2D,ABFLOW023,Coal,22.528670139263568,,22.528670139263568
France,2008,1A2D,ABFLOW023,Natural gas,22.528670139263568,,22.528670139263568
France,2008,1A2D,ABFLOW023,Oil,22.528670139263568,,22.528670139263568
France,2008,1A2E,ABFLOW022,Coal,22.528670139263568,,22.528670139263568
France,2008,1A2E,ABFLOW022,Natural gas,22.528670139263568,,22.528670139263568
France,2008,1A2E,ABFLOW022,Oil,22.528670139263568,,22.528670139263568
France,2008,1A2F,ABFLOW019,Coal,22.528670139263568,,22.528670139263568
France,2008,1A2F,ABFLOW019,Natural gas,22.528670139263568,,22.528670139263568
France,2008,1A2F,ABFLOW019,Oil,22.528670139263568,,22.528670139263568
France,2008,1A2G,ABFLOW020,Coal,22.528670139263568,,22.528670139263568
France,2008,1A2G,ABFLOW020,Natural gas,22.528670139263568,,22.528670139263568
France,2008,1A2G,ABFLOW020,Oil,22.528670139263568,,22.528670139263568
France,2008,1A2H,ABFLOW021,Coal,22.528670139263568,,22.528670139263568
France,2008,1A2H,ABFLOW021,Natural gas,22.528670139263568,,22.528670139263568
France,2008,1A2H,ABFLOW021,Oil,22.528670139263568,,22.528670139263568
France,2008,1A2I,ABFLOW013,Coal,22.528670139263568,,22.528670139263568
France,2008,1A2I,ABFLOW013,Natural gas,22.528670139263568,,22.528670139263568
France,2008,1A2I,ABFLOW013,Oil,22.528670139263568,,22.528670139263568
France,2008,1A2J,ABFLOW024,Coal,22.528670139263568,,22.528670139263568
France,2008,1A2J,ABFLOW024,Natural gas,22.528670139263568,,22.528670139263568
France,2008,1A2J,ABFLOW024,Oil,22.528670139263568,,22.528670139263568
France,2008,1A2K,ABFLOW014,Coal,22.528670139263568,,22.528670139263568
France,2008,1A2K,ABFLOW014,Natural gas,22.528670139263568,,22.528670139263568
France,2008,1A2K,ABFLOW014,Oil,22.528670139263568,,22.528670139263568
France,2008,1A2L,ABFLOW025,Coal,22.528670139263568,,22.528670139263568
France,2008,1A2L,ABFLOW025,Natural gas,22.528670139263568,,22.528670139263568
France,2008,1A2L,ABFLOW025,Oil,22.528670139263568,,22.528670139263568
France,2008,1A2M,ABFLOW026,Coal,22.528670139263568,,22.528670139263568
France,2008,1A2M,ABFLOW026,Natural gas,22.528670139263568,,22.528670139263568
France,2008,1A2M,ABFLOW026,Oil,22.528670139263568,,22.528670139263568
France,2008,1A3,ABFLOW027,Coal,,,0.0
France,2008,1A3,ABFLOW027,Natural gas,,,0.0
France,2008,1A3,ABFLOW027,Oil,,,0.0
France,2008,1A3A1,ABFLOW040,Coal,,,0.0
France,2008,1A3A1,ABFLOW040,Natural gas,,,0.0
France,2008,1A3A1,ABFLOW040,Oil,,,0.0
France,2008,1A3A2,ABFLOW029,Coal,,,0.0
France,2008,1A3A2,ABFLOW029,Natural gas,,,0.0
France,2008,1A3A2,ABFLOW029,Oil,,,0.0
France,2008,1A3B,ABFLOW028,Coal,,,0.0
France,2008,1A3B,ABFLOW028,Natural gas,,,0.0
France,2008,1A3B,ABFLOW028,Oil,,,0.0
France,2008,1A3C,ABFLOW030,Coal,,,0.0
France,2008,1A3C,ABFLOW030,Natural gas,,,0.0
France,2008,1A3C,ABFLOW030,Oil,,,0.0
France,2008,1A3D1,ABFLOW039,Coal,,,0.0
France,2008,1A3D1,ABFLOW039,Natural gas,,,0.0
France,2008,1A3D1,ABFLOW039,Oil,,,0.0
France,2008,1A3D2,ABFLOW032,Coal,,,0.0
France,2008,1A3D2,ABFLOW032,Natural gas,,,0.0
France,2008,1A3D2,ABFLOW032,Oil,,,0.0
France,2008,1A3E1,ABFLOW033,Coal,,,0.0
France,2008,1A3E1,ABFLOW033,Natural gas,,,0.0
France,2008,1A3E1,ABFLOW033,Oil,,,0.0
France,2008,1A4A,ABFLOW035,Coal,,,0.0
France,2008,1A4A,ABFLOW035,Natural gas,,,0.0
France,2008,1A4A,ABFLOW035,Oil,,,0.0
France,2008,1A4B,ABFLOW034,Coal,,,0.0
France,2008,1A4B,ABFLOW034,Natural gas,,,0.0
France,2008,1A4B,ABFLOW034,Oil,,,0.0
France,2008,1A4C1,ABFLOW036,Coal,,,0.0
France,2008,1A4C1,ABFLOW036,Natural gas,,,0.0
France,2008,1A4C1,ABFLOW036,Oil,,,0.0
France,2008,1A4C2,ABFLOW037,Coal,,,0.0
France,2008,1A4C2,ABFLOW037,Natural gas,,,0.0
France,2008,1A4C2,ABFLOW037,Oil,,,0.0
France,2008,1A5,ABFLOW038,Coal,,,0.0
France,2008,1A5,ABFLOW038,Natural gas,,,0.0
France,2008,1A5,ABFLOW038,Oil,,,0.0
France,2009,1A,ABFLOW001,Coal,,,0.0
France,2009,1A,ABFLOW001,Natural gas,,,0.0
France,2009,1A,ABFLOW001,Oil,,,0.0
France,2009,1A1A,ABFLOW002,Coal,,,0.0
France,2009,1A1A,ABFLOW002,Natural gas,,,0.0
France,2009,1A1A,ABFLOW002,Oil,,,0.0
France,2009,1A1A1,ABFLOW003,Coal,17.02752777289668,,17.02752777289668
France,2009,1A1A1,ABFLOW003,Natural gas,17.02752777289668,,17.02752777289668
France,2009,1A1A1,ABFLOW003,Oil,17.02752777289668,,17.02752777289668
France,2009,1A1A2,ABFLOW004,Coal,17.02752777289668,,17.02752777289668
France,2009,1A1A2,ABFLOW004,Natural gas,17.02752777289668,,17.02752777289668
France,2009,1A1A2,ABFLOW004,Oil,17.02752777289668,,17.02752777289668
France,2009,1A1A3,ABFLOW005,Coal,17.02752777289668,,17.02752777289668
France,2009,1A1A3,ABFLOW005,Natural gas,17.02752777289668,,17.02752777289668
France,2009,1A1A3,ABFLOW005,Oil,17.02752777289668,,17.02752777289668
France,2009,1A1B,ABFLOW011,Coal,17.02752777289668,,17.02752777289668
France,2009,1A1B,ABFLOW011,Natural gas,17.02752777289668,,17.02752777289668
France,2009,1A1B,ABFLOW011,Oil,17.02752777289668,,17.02752777289668
France,2009,1A1C,ABFLOW011,Coal,17.02752777289668,,17.02752777289668
France,2009,1A1C,ABFLOW011,Natural gas,17.02752777289668,,17.02752777289668
France,2009,1A1C,ABFLOW011,Oil,17.02752777289668,,17.02752777289668
France,2009,1A2,ABFLOW012,Coal,,,0.0
France,2009,1A2,ABFLOW012,Natural gas,,,0.0
France,2009,1A2,ABFLOW012,Oil,,,0.0
France,2009,1A2A,ABFLOW016,Coal,17.02752777289668,,17.02752777289668
France,2009,1A2A,ABFLOW016,Natural gas,17.02752777289668,,17.02752777289668
France,2009,1A2A,ABFLOW016,Oil,17.02752777289668,,17.02752777289668
France,2009,1A2B,ABFLOW018,Coal,17.02752777289668,,17.02752777289668
France,2009,1A2B,ABFLOW018,Natural gas,17.02752777289668,,17.02752777289668
France,2009,1A2B,ABFLOW018,Oil,17.02752777289668,,17.02752777289668
France,2009,1A2C,ABFLOW017,Coal,17.02752777289668,,17.02752777289668
France,2009,1A2C,ABFLOW017,Natural gas,17.02752777289668,,17.02752777289668
France,2009,1A2C,ABFLOW017,Oil,17.02752777289668,,17.02752777289668
France,2009,1A2D,ABFLOW023,Coal,17.02752777289668,,17.02752777289668
France,2009,1A2D,ABFLOW023,Natural gas,17.02752777289668,,17.02752777289668
France,2009,1A2D,ABFLOW023,Oil,17.02752777289668,,17.02752777289668
France,2009,1A2E,ABFLOW022,Coal,17.02752777289668,,17.02752777289668
France,2009,1A2E,ABFLOW022,Natural gas,17.02752777289668,,17.02752777289668
France,2009,1A2E,ABFLOW022,Oil,17.02752777289668,,17.02752777289668
France,2009,1A2F,ABFLOW019,Coal,17.02752777289668,,17.02752777289668
France,2009,1A2F,ABFLOW019,Natural gas,17.02752777289668,,17.02752777289668
France,2009,1A2F,ABFLOW019,Oil,17.02752777289668,,17.02752777289668
France,2009,1A2G,ABFLOW020,Coal,17.02752777289668,,17.02752777289668
France,2009,1A2G,ABFLOW020,Natural gas,17.02752777289668,,17.02752777289668
France,2009,1A2G,ABFLOW020,Oil,17.02752777289668,,17.02752777289668
France,2009,1A2H,ABFLOW021,Coal,17.02752777289668,,17.02752777289668
France,2009,1A2H,ABFLOW021,Natural gas,17.02752777289668,,17.02752777289668
France,2009,1A2H,ABFLOW021,Oil,17.02752777289668,,17.02752777289668
France,2009,1A2I,ABFLOW013,Coal,17.02752777289668,,17.02752777289668
France,2009,1A2I,ABFLOW013,Natural gas,17.02752777289668,,17.02752777289668
France,2009,1A2I,ABFLOW013,Oil,17.02752777289668,,17.02752777289668
France,2009,1A2J,ABFLOW024,Coal,17.02752777289668,,17.02752777289668
France,2009,1A2J,ABFLOW024,Natural gas,17.02752777289668,,17.02752777289668
France,2009,1A2J,ABFLOW024,Oil,17.02752777289668,,17.02752777289668
France,2009,1A2K,ABFLOW014,Coal,17.02752777289668,,17.02752777289668
France,2009,1A2K,ABFLOW014,Natural gas,17.02752777289668,,17.02752777289668
France,2009,1A2K,ABFLOW014,Oil,17.02752777289668,,17.02752777289668
France,2009,1A2L,ABFLOW025,Coal,17.02752777289668,,17.02752777289668
France,2009,1A2L,ABFLOW025,Natural gas,17.02752777289668,,17.02752777289668
France,2009,1A2L,ABFLOW025,Oil,17.02752777289668,,17.02752777289668
France,2009,1A2M,ABFLOW026,Coal,17.02752777289668,,17.02752777289668
France,2009,1A2M,ABFLOW026,Natural gas,17.02752777289668,,17.02752777289668
France,2009,1A2M,ABFLOW026,Oil,17.02752777289668,,17.02752777289668
France,2009,1A3,ABFLOW027,Coal,,,0.0
France,2009,1A3,ABFLOW027,Natural gas,,,0.0
France,2009,1A3,ABFLOW027,Oil,,,0.0
France,2009,1A3A1,ABFLOW040,Coal,,,0.0
France,2009,1A3A1,ABFLOW040,Natural gas,,,0.0
France,2009,1A3A1,ABFLOW040,Oil,,,0.0
France,2009,1A3A2,ABFLOW029,Coal,,,0.0
France,2009,1A3A2,ABFLOW029,Natural gas,,,0.0
France,2009,1A3A2,ABFLOW029,Oil,,,0.0
France,2009,1A3B,ABFLOW028,Coal,,,0.0
France,2009,1A3B,ABFLOW028,Natural gas,,,0.0
France,2009,1A3B,ABFLOW028,Oil,,,0.0
France,2009,1A3C,ABFLOW030,Coal,,,0.0
France,2009,1A3C,ABFLOW030,Natural gas,,,0.0
France,2009,1A3C,ABFLOW030,Oil,,,0.0
France,2009,1A3D1,ABFLOW039,Coal,,,0.0
France,2009,1A3D1,ABFLOW039,Natural gas,,,0.0
France,2009,1A3D1,ABFLOW039,Oil,,,0.0
France,2009,1A3D2,ABFLOW032,Coal,,,0.0
France,2009,1A3D2,ABFLOW032,Natural gas,,,0.0
France,2009,1A3D2,ABFLOW032,Oil,,,0.0
France,2009,1A3E1,ABFLOW033,Coal,,,0.0
France,2009,1A3E1,ABFLOW033,Natural gas,,,0.0
France,2009,1A3E1,ABFLOW033,Oil,,,0.0
France,2009,1A4A,ABFLOW035,Coal,,,0.0
France,2009,1A4A,ABFLOW035,Natural gas,,,0.0
France,2009,1A4A,ABFLOW035,Oil,,,0.0
France,2009,1A4B,ABFLOW034,Coal,,,0.0
France,2009,1A4B,ABFLOW034,Natural gas,,,0.0
France,2009,1A4B,ABFLOW034,Oil,,,0.0
France,2009,1A4C1,ABFLOW036,Coal,,,0.0
France,2009,1A4C1,ABFLOW036,Natural gas,,,0.0
France,2009,1A4C1,ABFLOW036,Oil,,,0.0
France,2009,1A4C2,ABFLOW037,Coal,,,0.0
France,2009,1A4C2,ABFLOW037,Natural gas,,,0.0
France,2009,1A4C2,ABFLOW037,Oil,,,0.0
France,2009,1A5,ABFLOW038,Coal,,,0.0
France,2009,1A5,ABFLOW038,Natural gas,,,0.0
France,2009,1A5,ABFLOW038,Oil,,,0.0
France,2010,1A,ABFLOW001,Coal,,,0.0
France,2010,1A,ABFLOW001,Natural gas,,,0.0
France,2010,1A,ABFLOW001,Oil,,,0.0
France,2010,1A1A,ABFLOW002,Coal,,,0.0
France,2010,1A1A,ABFLOW002,Natural gas,,,0.0
France,2010,1A1A,ABFLOW002,Oil,,,0.0
France,2010,1A1A1,ABFLOW003,Coal,18.368309028932575,,18.368309028932575
France,2010,1A1A1,ABFLOW003,Natural gas,18.368309028932575,,18.368309028932575
France,2010,1A1A1,ABFLOW003,Oil,18.368309028932575,,18.368309028932575
France,2010,1A1A2,ABFLOW004,Coal,18.368309028932575,,18.368309028932575
France,2010,1A1A2,ABFLOW004,Natural gas,18.368309028932575,,18.368309028932575
France,2010,1A1A2,ABFLOW004,Oil,18.368309028932575,,18.368309028932575
France,2010,1A1A3,ABFLOW005,Coal,18.368309028932575,,18.368309028932575
France,2010,1A1A3,ABFLOW005,Natural gas,18.368309028932575,,18.368309028932575
France,2010,1A1A3,ABFLOW005,Oil,18.368309028932575,,18.368309028932575
France,2010,1A1B,ABFLOW011,Coal,18.368309028932575,,18.368309028932575
France,2010,1A1B,ABFLOW011,Natural gas,18.368309028932575,,18.368309028932575
France,2010,1A1B,ABFLOW011,Oil,18.368309028932575,,18.368309028932575
France,2010,1A1C,ABFLOW011,Coal,18.368309028932575,,18.368309028932575
France,2010,1A1C,ABFLOW011,Natural gas,18.368309028932575,,18.368309028932575
France,2010,1A1C,ABFLOW011,Oil,18.368309028932575,,18.368309028932575
France,2010,1A2,ABFLOW012,Coal,,,0.0
France,2010,1A2,ABFLOW012,Natural gas,,,0.0
France,2010,1A2,ABFLOW012,Oil,,,0.0
France,2010,1A2A,ABFLOW016,Coal,18.368309028932575,,18.368309028932575
France,2010,1A2A,ABFLOW016,Natural gas,18.368309028932575,,18.368309028932575
France,2010,1A2A,ABFLOW016,Oil,18.368309028932575,,18.368309028932575
France,2010,1A2B,ABFLOW018,Coal,18.368309028932575,,18.368309028932575
France,2010,1A2B,ABFLOW018,Natural gas,18.368309028932575,,18.368309028932575
France,2010,1A2B,ABFLOW018,Oil,18.368309028932575,,18.368309028932575
France,2010,1A2C,ABFLOW017,Coal,18.368309028932575,,18.368309028932575
France,2010,1A2C,ABFLOW017,Natural gas,18.368309028932575,,18.368309028932575
France,2010,1A2C,ABFLOW017,Oil,18.368309028932575,,18.368309028932575
France,2010,1A2D,ABFLOW023,Coal,18.368309028932575,,18.368309028932575
France,2010,1A2D,ABFLOW023,Natural gas,18.368309028932575,,18.368309028932575
France,2010,1A2D,ABFLOW023,Oil,18.368309028932575,,18.368309028932575
France,2010,1A2E,ABFLOW022,Coal,18.368309028932575,,18.368309028932575
France,2010,1A2E,ABFLOW022,Natural gas,18.368309028932575,,18.368309028932575
France,2010,1A2E,ABFLOW022,Oil,18.368309028932575,,18.368309028932575
France,2010,1A2F,ABFLOW019,Coal,18.368309028932575,,18.368309028932575
France,2010,1A2F,ABFLOW019,Natural gas,18.368309028932575,,18.368309028932575
France,2010,1A2F,ABFLOW019,Oil,18.368309028932575,,18.368309028932575
France,2010,1A2G,ABFLOW020,Coal,18.368309028932575,,18.368309028932575
France,2010,1A2G,ABFLOW020,Natural gas,18.368309028932575,,18.368309028932575
France,2010,1A2G,ABFLOW020,Oil,18.368309028932575,,18.368309028932575
France,2010,1A2H,ABFLOW021,Coal,18.368309028932575,,18.368309028932575
France,2010,1A2H,ABFLOW021,Natural gas,18.368309028932575,,18.368309028932575
France,2010,1A2H,ABFLOW021,Oil,18.368309028932575,,18.368309028932575
France,2010,1A2I,ABFLOW013,Coal,18.368309028932575,,18.368309028932575
France,2010,1A2I,ABFLOW013,Natural gas,18.368309028932575,,18.368309028932575
France,2010,1A2I,ABFLOW013,Oil,18.368309028932575,,18.368309028932575
France,2010,1A2J,ABFLOW024,Coal,18.368309028932575,,18.368309028932575
France,2010,1A2J,ABFLOW024,Natural gas,18.368309028932575,,18.368309028932575
France,2010,1A2J,ABFLOW024,Oil,18.368309028932575,,18.368309028932575
France,2010,1A2K,ABFLOW014,Coal,18.368309028932575,,18.368309028932575
France,2010,1A2K,ABFLOW014,Natural gas,18.368309028932575,,18.368309028932575
France,2010,1A2K,ABFLOW014,Oil,18.368309028932575,,18.368309028932575
France,2010,1A2L,ABFLOW025,Coal,18.368309028932575,,18.368309028932575
France,2010,1A2L,ABFLOW025,Natural gas,18.368309028932575,,18.368309028932575
France,2010,1A2L,ABFLOW025,Oil,18.368309028932575,,18.368309028932575
France,2010,1A2M,ABFLOW026,Coal,18.368309028932575,,18.368309028932575
France,2010,1A2M,ABFLOW026,Natural gas,18.368309028932575,,18.368309028932575
France,2010,1A2M,ABFLOW026,Oil,18.368309028932575,,18.368309028932575
France,2010,1A3,ABFLOW027,Coal,,,0.0
France,2010,1A3,ABFLOW027,Natural gas,,,0.0
France,2010,1A3,ABFLOW027,Oil,,,0.0
France,2010,1A3A1,ABFLOW040,Coal,,,0.0
France,2010,1A3A1,ABFLOW040,Natural gas,,,0.0
France,2010,1A3A1,ABFLOW040,Oil,,,0.0
France,2010,1A3A2,ABFLOW029,Coal,,,0.0
France,2010,1A3A2,ABFLOW029,Natural gas,,,0.0
France,2010,1A3A2,ABFLOW029,Oil,,,0.0
France,2010,1A3B,ABFLOW028,Coal,,,0.0
France,2010,1A3B,ABFLOW028,Natural gas,,,0.0
France,2010,1A3B,ABFLOW028,Oil,,,0.0
France,2010,1A3C,ABFLOW030,Coal,,,0.0
France,2010,1A3C,ABFLOW030,Natural gas,,,0.0
France,2010,1A3C,ABFLOW030,Oil,,,0.0
France,2010,1A3D1,ABFLOW039,Coal,,,0.0
France,2010,1A3D1,ABFLOW039,Natural gas,,,0.0
France,2010,1A3D1,ABFLOW039,Oil,,,0.0
France,2010,1A3D2,ABFLOW032,Coal,,,0.0
France,2010,1A3D2,ABFLOW032,Natural gas,,,0.0
France,2010,1A3D2,ABFLOW032,Oil,,,0.0
France,2010,1A3E1,ABFLOW033,Coal,,,0.0
France,2010,1A3E1,ABFLOW033,Natural gas,,,0.0
France,2010,1A3E1,ABFLOW033,Oil,,,0.0
France,2010,1A4A,ABFLOW035,Coal,,,0.0
France,2010,1A4A,ABFLOW035,Natural gas,,,0.0
France,2010,1A4A,ABFLOW035,Oil,,,0.0
France,2010,1A4B,ABFLOW034,Coal,,,0.0
France,2010,1A4B,ABFLOW034,Natural gas,,,0.0
France,2010,1A4B,ABFLOW034,Oil,,,0.0
France,2010,1A4C1,ABFLOW036,Coal,,,0.0
France,2010,1A4C1,ABFLOW036,Natural gas,,,0.0
France,2010,1A4C1,ABFLOW036,Oil,,,0.0
France,2010,1A4C2,ABFLOW037,Coal,,,0.0
France,2010,1A4C2,ABFLOW037,Natural gas,,,0.0
France,2010,1A4C2,ABFLOW037,Oil,,,0.0
France,2010,1A5,ABFLOW038,Coal,,,0.0
France,2010,1A5,ABFLOW038,Natural gas,,,0.0
France,2010,1A5,ABFLOW038,Oil,,,0.0
France,2011,1A,ABFLOW001,Coal,,,0.0
France,2011,1A,ABFLOW001,Natural gas,,,0.0
France,2011,1A,ABFLOW001,Oil,,,0.0
France,2011,1A1A,ABFLOW002,Coal,,,0.0
France,2011,1A1A,ABFLOW002,Natural gas,,,0.0
France,2011,1A1A,ABFLOW002,Oil,,,0.0
France,2011,1A1A1,ABFLOW003,Coal,16.435087995150123,,16.435087995150123
France,2011,1A1A1,ABFLOW003,Natural gas,16.435087995150123,,16.435087995150123
France,2011,1A1A1,ABFLOW003,Oil,16.435087995150123,,16.435087995150123
France,2011,1A1A2,ABFLOW004,Coal,16.435087995150123,,16.435087995150123
France,2011,1A1A2,ABFLOW004,Natural gas,16.435087995150123,,16.435087995150123
France,2011,1A1A2,ABFLOW004,Oil,16.435087995150123,,16.435087995150123
France,2011,1A1A3,ABFLOW005,Coal,16.435087995150123,,16.435087995150123
France,2011,1A1A3,ABFLOW005,Natural gas,16.435087995150123,,16.435087995150123
France,2011,1A1A3,ABFLOW005,Oil,16.435087995150123,,16.435087995150123
France,2011,1A1B,ABFLOW011,Coal,16.435087995150123,,16.435087995150123
France,2011,1A1B,ABFLOW011,Natural gas,16.435087995150123,,16.435087995150123
France,2011,1A1B,ABFLOW011,Oil,16.435087995150123,,16.435087995150123
France,2011,1A1C,ABFLOW011,Coal,16.435087995150123,,16.435087995150123
France,2011,1A1C,ABFLOW011,Natural gas,16.435087995150123,,16.435087995150123
France,2011,1A1C,ABFLOW011,Oil,16.435087995150123,,16.435087995150123
France,2011,1A2,ABFLOW012,Coal,,,0.0
France,2011,1A2,ABFLOW012,Natural gas,,,0.0
France,2011,1A2,ABFLOW012,Oil,,,0.0
France,2011,1A2A,ABFLOW016,Coal,16.435087995150123,,16.435087995150123
France,2011,1A2A,ABFLOW016,Natural gas,16.435087995150123,,16.435087995150123
France,2011,1A2A,ABFLOW016,Oil,16.435087995150123,,16.435087995150123
France,2011,1A2B,ABFLOW018,Coal,16.435087995150123,,16.435087995150123
France,2011,1A2B,ABFLOW018,Natural gas,16.435087995150123,,16.435087995150123
France,2011,1A2B,ABFLOW018,Oil,16.435087995150123,,16.435087995150123
France,2011,1A2C,ABFLOW017,Coal,16.435087995150123,,16.435087995150123
France,2011,1A2C,ABFLOW017,Natural gas,16.435087995150123,,16.435087995150123
France,2011,1A2C,ABFLOW017,Oil,16.435087995150123,,16.435087995150123
France,2011,1A2D,ABFLOW023,Coal,16.435087995150123,,16.435087995150123
France,2011,1A2D,ABFLOW023,Natural gas,16.435087995150123,,16.435087995150123
France,2011,1A2D,ABFLOW023,Oil,16.435087995150123,,16.435087995150123
France,2011,1A2E,ABFLOW022,Coal,16.435087995150123,,16.435087995150123
France,2011,1A2E,ABFLOW022,Natural gas,16.435087995150123,,16.435087995150123
France,2011,1A2E,ABFLOW022,Oil,16.435087995150123,,16.435087995150123
France,2011,1A2F,ABFLOW019,Coal,16.435087995150123,,16.435087995150123
France,2011,1A2F,ABFLOW019,Natural gas,16.435087995150123,,16.435087995150123
France,2011,1A2F,ABFLOW019,Oil,16.435087995150123,,16.435087995150123
France,2011,1A2G,ABFLOW020,Coal,16.435087995150123,,16.435087995150123
France,2011,1A2G,ABFLOW020,Natural gas,16.435087995150123,,16.435087995150123
France,2011,1A2G,ABFLOW020,Oil,16.435087995150123,,16.435087995150123
France,2011,1A2H,ABFLOW021,Coal,16.435087995150123,,16.435087995150123
France,2011,1A2H,ABFLOW021,Natural gas,16.435087995150123,,16.435087995150123
France,2011,1A2H,ABFLOW021,Oil,16.435087995150123,,16.435087995150123
France,2011,1A2I,ABFLOW013,Coal,16.435087995150123,,16.435087995150123
France,2011,1A2I,ABFLOW013,Natural gas,16.435087995150123,,16.435087995150123
France,2011,1A2I,ABFLOW013,Oil,16.435087995150123,,16.435087995150123
France,2011,1A2J,ABFLOW024,Coal,16.435087995150123,,16.435087995150123
France,2011,1A2J,ABFLOW024,Natural gas,16.435087995150123,,16.435087995150123
France,2011,1A2J,ABFLOW024,Oil,16.435087995150123,,16.435087995150123
France,2011,1A2K,ABFLOW014,Coal,16.435087995150123,,16.435087995150123
France,2011,1A2K,ABFLOW014,Natural gas,16.435087995150123,,16.435087995150123
France,2011,1A2K,ABFLOW014,Oil,16.435087995150123,,16.435087995150123
France,2011,1A2L,ABFLOW025,Coal,16.435087995150123,,16.435087995150123
France,2011,1A2L,ABFLOW025,Natural gas,16.435087995150123,,16.435087995150123
France,2011,1A2L,ABFLOW025,Oil,16.435087995150123,,16.435087995150123
France,2011,1A2M,ABFLOW026,Coal,16.435087995150123,,16.435087995150123
France,2011,1A2M,ABFLOW026,Natural gas,16.435087995150123,,16.435087995150123
France,2011,1A2M,ABFLOW026,Oil,16.435087995150123,,16.435087995150123
France,2011,1A3,ABFLOW027,Coal,,,0.0
France,2011,1A3,ABFLOW027,Natural gas,,,0.0
France,2011,1A3,ABFLOW027,Oil,,,0.0
France,2011,1A3A1,ABFLOW040,Coal,,,0.0
France,2011,1A3A1,ABFLOW040,Natural gas,,,0.0
France,2011,1A3A1,ABFLOW040,Oil,,,0.0
France,2011,1A3A2,ABFLOW029,Coal,,,0.0
France,2011,1A3A2,ABFLOW029,Natural gas,,,0.0
France,2011,1A3A2,ABFLOW029,Oil,,,0.0
France,2011,1A3B,ABFLOW028,Coal,,,0.0
France,2011,1A3B,ABFLOW028,Natural gas,,,0.0
France,2011,1A3B,ABFLOW028,Oil,,,0.0
France,2011,1A3C,ABFLOW030,Coal,,,0.0
France,2011,1A3C,ABFLOW030,Natural gas,,,0.0
France,2011,1A3C,ABFLOW030,Oil,,,0.0
France,2011,1A3D1,ABFLOW039,Coal,,,0.0
France,2011,1A3D1,ABFLOW039,Natural gas,,,0.0
France,2011,1A3D1,ABFLOW039,Oil,,,0.0
France,2011,1A3D2,ABFLOW032,Coal,,,0.0
France,2011,1A3D2,ABFLOW032,Natural gas,,,0.0
France,2011,1A3D2,ABFLOW032,Oil,,,0.0
France,2011,1A3E1,ABFLOW033,Coal,,,0.0
France,2011,1A3E1,ABFLOW033,Natural gas,,,0.0
France,2011,1A3E1,ABFLOW033,Oil,,,0.0
France,2011,1A4A,ABFLOW035,Coal,,,0.0
France,2011,1A4A,ABFLOW035,Natural gas,,,0.0
France,2011,1A4A,ABFLOW035,Oil,,,0.0
France,2011,1A4B,ABFLOW034,Coal,,,0.0
France,2011,1A4B,ABFLOW034,Natural gas,,,0.0
France,2011,1A4B,ABFLOW034,Oil,,,0.0
France,2011,1A4C1,ABFLOW036,Coal,,,0.0
France,2011,1A4C1,ABFLOW036,Natural gas,,,0.0
France,2011,1A4C1,ABFLOW036,Oil,,,0.0
France,2011,1A4C2,ABFLOW037,Coal,,,0.0
France,2011,1A4C2,ABFLOW037,Natural gas,,,0.0
France,2011,1A4C2,ABFLOW037,Oil,,,0.0
France,2011,1A5,ABFLOW038,Coal,,,0.0
France,2011,1A5,ABFLOW038,Natural gas,,,0.0
France,2011,1A5,ABFLOW038,Oil,,,0.0
France,2012,1A,ABFLOW001,Coal,,,0.0
France,2012,1A,ABFLOW001,Natural gas,,,0.0
France,2012,1A,ABFLOW001,Oil,,,0.0
France,2012,1A1A,ABFLOW002,Coal,,,0.0
France,2012,1A1A,ABFLOW002,Natural gas,,,0.0
France,2012,1A1A,ABFLOW002,Oil,,,0.0
France,2012,1A1A1,ABFLOW003,Coal,9.272996405372783,,9.272996405372783
France,2012,1A1A1,ABFLOW003,Natural gas,9.272996405372783,,9.272996405372783
France,2012,1A1A1,ABFLOW003,Oil,9.272996405372783,,9.272996405372783
France,2012,1A1A2,ABFLOW004,Coal,9.272996405372783,,9.272996405372783
France,2012,1A1A2,ABFLOW004,Natural gas,9.272996405372783,,9.272996405372783
France,2012,1A1A2,ABFLOW004,Oil,9.272996405372783,,9.272996405372783
France,2012,1A1A3,ABFLOW005,Coal,9.272996405372783,,9.272996405372783
France,2012,1A1A3,ABFLOW005,Natural gas,9.272996405372783,,9.272996405372783
France,2012,1A1A3,ABFLOW005,Oil,9.272996405372783,,9.272996405372783
France,2012,1A1B,ABFLOW011,Coal,9.272996405372783,,9.272996405372783
France,2012,1A1B,ABFLOW011,Natural gas,9.272996405372783,,9.272996405372783
France,2012,1A1B,ABFLOW011,Oil,9.272996405372783,,9.272996405372783
France,2012,1A1C,ABFLOW011,Coal,9.272996405372783,,9.272996405372783
France,2012,1A1C,ABFLOW011,Natural gas,9.272996405372783,,9.272996405372783
France,2012,1A1C,ABFLOW011,Oil,9.272996405372783,,9.272996405372783
France,2012,1A2,ABFLOW012,Coal,,,0.0
France,2012,1A2,ABFLOW012,Natural gas,,,0.0
France,2012,1A2,ABFLOW012,Oil,,,0.0
France,2012,1A2A,ABFLOW016,Coal,9.272996405372783,,9.272996405372783
France,2012,1A2A,ABFLOW016,Natural gas,9.272996405372783,,9.272996405372783
France,2012,1A2A,ABFLOW016,Oil,9.272996405372783,,9.272996405372783
France,2012,1A2B,ABFLOW018,Coal,9.272996405372783,,9.272996405372783
France,2012,1A2B,ABFLOW018,Natural gas,9.272996405372783,,9.272996405372783
France,2012,1A2B,ABFLOW018,Oil,9.272996405372783,,9.272996405372783
France,2012,1A2C,ABFLOW017,Coal,9.272996405372783,,9.272996405372783
France,2012,1A2C,ABFLOW017,Natural gas,9.272996405372783,,9.272996405372783
France,2012,1A2C,ABFLOW017,Oil,9.272996405372783,,9.272996405372783
France,2012,1A2D,ABFLOW023,Coal,9.272996405372783,,9.272996405372783
France,2012,1A2D,ABFLOW023,Natural gas,9.272996405372783,,9.272996405372783
France,2012,1A2D,ABFLOW023,Oil,9.272996405372783,,9.272996405372783
France,2012,1A2E,ABFLOW022,Coal,9.272996405372783,,9.272996405372783
France,2012,1A2E,ABFLOW022,Natural gas,9.272996405372783,,9.272996405372783
France,2012,1A2E,ABFLOW022,Oil,9.272996405372783,,9.272996405372783
France,2012,1A2F,ABFLOW019,Coal,9.272996405372783,,9.272996405372783
France,2012,1A2F,ABFLOW019,Natural gas,9.272996405372783,,9.272996405372783
France,2012,1A2F,ABFLOW019,Oil,9.272996405372783,,9.272996405372783
France,2012,1A2G,ABFLOW020,Coal,9.272996405372783,,9.272996405372783
France,2012,1A2G,ABFLOW020,Natural gas,9.272996405372783,,9.272996405372783
France,2012,1A2G,ABFLOW020,Oil,9.272996405372783,,9.272996405372783
France,2012,1A2H,ABFLOW021,Coal,9.272996405372783,,9.272996405372783
France,2012,1A2H,ABFLOW021,Natural gas,9.272996405372783,,9.272996405372783
France,2012,1A2H,ABFLOW021,Oil,9.272996405372783,,9.272996405372783
France,2012,1A2I,ABFLOW013,Coal,9.272996405372783,,9.272996405372783
France,2012,1A2I,ABFLOW013,Natural gas,9.272996405372783,,9.272996405372783
France,2012,1A2I,ABFLOW013,Oil,9.272996405372783,,9.272996405372783
France,2012,1A2J,ABFLOW024,Coal,9.272996405372783,,9.272996405372783
France,2012,1A2J,ABFLOW024,Natural gas,9.272996405372783,,9.272996405372783
France,2012,1A2J,ABFLOW024,Oil,9.272996405372783,,9.272996405372783
France,2012,1A2K,ABFLOW014,Coal,9.272996405372783,,9.272996405372783
France,2012,1A2K,ABFLOW014,Natural gas,9.272996405372783,,9.272996405372783
France,2012,1A2K,ABFLOW014,Oil,9.272996405372783,,9.272996405372783
France,2012,1A2L,ABFLOW025,Coal,9.272996405372783,,9.272996405372783
France,2012,1A2L,ABFLOW025,Natural gas,9.272996405372783,,9.272996405372783
France,2012,1A2L,ABFLOW025,Oil,9.272996405372783,,9.272996405372783
France,2012,1A2M,ABFLOW026,Coal,9.272996405372783,,9.272996405372783
France,2012,1A2M,ABFLOW026,Natural gas,9.272996405372783,,9.272996405372783
France,2012,1A2M,ABFLOW026,Oil,9.272996405372783,,9.272996405372783
France,2012,1A3,ABFLOW027,Coal,,,0.0
France,2012,1A3,ABFLOW027,Natural gas,,,0.0
France,2012,1A3,ABFLOW027,Oil,,,0.0
France,2012,1A3A1,ABFLOW040,Coal,9.272996405372783,,9.272996405372783
France,2012,1A3A1,ABFLOW040,Natural gas,9.272996405372783,,9.272996405372783
France,2012,1A3A1,ABFLOW040,Oil,9.272996405372783,,9.272996405372783
France,2012,1A3A2,ABFLOW029,Coal,9.272996405372783,,9.272996405372783
France,2012,1A3A2,ABFLOW029,Natural gas,9.272996405372783,,9.272996405372783
France,2012,1A3A2,ABFLOW029,Oil,9.272996405372783,,9.272996405372783
France,2012,1A3B,ABFLOW028,Coal,,,0.0
France,2012,1A3B,ABFLOW028,Natural gas,,,0.0
France,2012,1A3B,ABFLOW028,Oil,,,0.0
France,2012,1A3C,ABFLOW030,Coal,,,0.0
France,2012,1A3C,ABFLOW030,Natural gas,,,0.0
France,2012,1A3C,ABFLOW030,Oil,,,0.0
France,2012,1A3D1,ABFLOW039,Coal,,,0.0
France,2012,1A3D1,ABFLOW039,Natural gas,,,0.0
France,2012,1A3D1,ABFLOW039,Oil,,,0.0
France,2012,1A3D2,ABFLOW032,Coal,,,0.0
France,2012,1A3D2,ABFLOW032,Natural gas,,,0.0
France,2012,1A3D2,ABFLOW032,Oil,,,0.0
France,2012,1A3E1,ABFLOW033,Coal,,,0.0
France,2012,1A3E1,ABFLOW033,Natural gas,,,0.0
France,2012,1A3E1,ABFLOW033,Oil,,,0.0
France,2012,1A4A,ABFLOW035,Coal,,,0.0
France,2012,1A4A,ABFLOW035,Natural gas,,,0.0
France,2012,1A4A,ABFLOW035,Oil,,,0.0
France,2012,1A4B,ABFLOW034,Coal,,,0.0
France,2012,1A4B,ABFLOW034,Natural gas,,,0.0
France,2012,1A4B,ABFLOW034,Oil,,,0.0
France,2012,1A4C1,ABFLOW036,Coal,,,0.0
France,2012,1A4C1,ABFLOW036,Natural gas,,,0.0
France,2012,1A4C1,ABFLOW036,Oil,,,0.0
France,2012,1A4C2,ABFLOW037,Coal,,,0.0
France,2012,1A4C2,ABFLOW037,Natural gas,,,0.0
France,2012,1A4C2,ABFLOW037,Oil,,,0.0
France,2012,1A5,ABFLOW038,Coal,,,0.0
France,2012,1A5,ABFLOW038,Natural gas,,,0.0
France,2012,1A5,ABFLOW038,Oil,,,0.0
France,2013,1A,ABFLOW001,Coal,,,0.0
France,2013,1A,ABFLOW001,Natural gas,,,0.0
France,2013,1A,ABFLOW001,Oil,,,0.0
France,2013,1A1A,ABFLOW002,Coal,,,0.0
France,2013,1A1A,ABFLOW002,Natural gas,,,0.0
France,2013,1A1A,ABFLOW002,Oil,,,0.0
France,2013,1A1A1,ABFLOW003,Coal,5.57487783100087,,5.57487783100087
France,2013,1A1A1,ABFLOW003,Natural gas,5.57487783100087,,5.57487783100087
France,2013,1A1A1,ABFLOW003,Oil,5.57487783100087,,5.57487783100087
France,2013,1A1A2,ABFLOW004,Coal,5.57487783100087,,5.57487783100087
France,2013,1A1A2,ABFLOW004,Natural gas,5.57487783100087,,5.57487783100087
France,2013,1A1A2,ABFLOW004,Oil,5.57487783100087,,5.57487783100087
France,2013,1A1A3,ABFLOW005,Coal,5.57487783100087,,5.57487783100087
France,2013,1A1A3,ABFLOW005,Natural gas,5.57487783100087,,5.57487783100087
France,2013,1A1A3,ABFLOW005,Oil,5.57487783100087,,5.57487783100087
France,2013,1A1B,ABFLOW011,Coal,5.57487783100087,,5.57487783100087
France,2013,1A1B,ABFLOW011,Natural gas,5.57487783100087,,5.57487783100087
France,2013,1A1B,ABFLOW011,Oil,5.57487783100087,,5.57487783100087
France,2013,1A1C,ABFLOW011,Coal,5.57487783100087,,5.57487783100087
France,2013,1A1C,ABFLOW011,Natural gas,5.57487783100087,,5.57487783100087
France,2013,1A1C,ABFLOW011,Oil,5.57487783100087,,5.57487783100087
France,2013,1A2,ABFLOW012,Coal,,,0.0
France,2013,1A2,ABFLOW012,Natural gas,,,0.0
France,2013,1A2,ABFLOW012,Oil,,,0.0
France,2013,1A2A,ABFLOW016,Coal,5.57487783100087,,5.57487783100087
France,2013,1A2A,ABFLOW016,Natural gas,5.57487783100087,,5.57487783100087
France,2013,1A2A,ABFLOW016,Oil,5.57487783100087,,5.57487783100087
France,2013,1A2B,ABFLOW018,Coal,5.57487783100087,,5.57487783100087
France,2013,1A2B,ABFLOW018,Natural gas,5.57487783100087,,5.57487783100087
France,2013,1A2B,ABFLOW018,Oil,5.57487783100087,,5.57487783100087
France,2013,1A2C,ABFLOW017,Coal,5.57487783100087,,5.57487783100087
France,2013,1A2C,ABFLOW017,Natural gas,5.57487783100087,,5.57487783100087
France,2013,1A2C,ABFLOW017,Oil,5.57487783100087,,5.57487783100087
France,2013,1A2D,ABFLOW023,Coal,5.57487783100087,,5.57487783100087
France,2013,1A2D,ABFLOW023,Natural gas,5.57487783100087,,5.57487783100087
France,2013,1A2D,ABFLOW023,Oil,5.57487783100087,,5.57487783100087
France,2013,1A2E,ABFLOW022,Coal,5.57487783100087,,5.57487783100087
France,2013,1A2E,ABFLOW022,Natural gas,5.57487783100087,,5.57487783100087
France,2013,1A2E,ABFLOW022,Oil,5.57487783100087,,5.57487783100087
France,2013,1A2F,ABFLOW019,Coal,5.57487783100087,,5.57487783100087
France,2013,1A2F,ABFLOW019,Natural gas,5.57487783100087,,5.57487783100087
France,2013,1A2F,ABFLOW019,Oil,5.57487783100087,,5.57487783100087
France,2013,1A2G,ABFLOW020,Coal,5.57487783100087,,5.57487783100087
France,2013,1A2G,ABFLOW020,Natural gas,5.57487783100087,,5.57487783100087
France,2013,1A2G,ABFLOW020,Oil,5.57487783100087,,5.57487783100087
France,2013,1A2H,ABFLOW021,Coal,5.57487783100087,,5.57487783100087
France,2013,1A2H,ABFLOW021,Natural gas,5.57487783100087,,5.57487783100087
France,2013,1A2H,ABFLOW021,Oil,5.57487783100087,,5.57487783100087
France,2013,1A2I,ABFLOW013,Coal,5.57487783100087,,5.57487783100087
France,2013,1A2I,ABFLOW013,Natural gas,5.57487783100087,,5.57487783100087
France,2013,1A2I,ABFLOW013,Oil,5.57487783100087,,5.57487783100087
France,2013,1A2J,ABFLOW024,Coal,5.57487783100087,,5.57487783100087
France,2013,1A2J,ABFLOW024,Natural gas,5.57487783100087,,5.57487783100087
France,2013,1A2J,ABFLOW024,Oil,5.57487783100087,,5.57487783100087
France,2013,1A2K,ABFLOW014,Coal,5.57487783100087,,5.57487783100087
France,2013,1A2K,ABFLOW014,Natural gas,5.57487783100087,,5.57487783100087
France,2013,1A2K,ABFLOW014,Oil,5.57487783100087,,5.57487783100087
France,2013,1A2L,ABFLOW025,Coal,5.57487783100087,,5.57487783100087
France,2013,1A2L,ABFLOW025,Natural gas,5.57487783100087,,5.57487783100087
France,2013,1A2L,ABFLOW025,Oil,5.57487783100087,,5.57487783100087
France,2013,1A2M,ABFLOW026,Coal,5.57487783100087,,5.57487783100087
France,2013,1A2M,ABFLOW026,Natural gas,5.57487783100087,,5.57487783100087
France,2013,1A2M,ABFLOW026,Oil,5.57487783100087,,5.57487783100087
France,2013,1A3,ABFLOW027,Coal,,,0.0
France,2013,1A3,ABFLOW027,Natural gas,,,0.0
France,2013,1A3,ABFLOW027,Oil,,,0.0
France,2013,1A3A1,ABFLOW040,Coal,2.8431876938104437,,2.8431876938104437
France,2013,1A3A1,ABFLOW040,Natural gas,2.8431876938104437,,2.8431876938104437
France,2013,1A3A1,ABFLOW040,Oil,2.8431876938104437,,2.8431876938104437
France,2013,1A3A2,ABFLOW029,Coal,5.57487783100087,,5.57487783100087
France,2013,1A3A2,ABFLOW029,Natural gas,5.57487783100087,,5.57487783100087
France,2013,1A3A2,ABFLOW029,Oil,5.57487783100087,,5.57487783100087
France,2013,1A3B,ABFLOW028,Coal,,,0.0
France,2013,1A3B,ABFLOW028,Natural gas,,,0.0
France,2013,1A3B,ABFLOW028,Oil,,,0.0
France,2013,1A3C,ABFLOW030,Coal,,,0.0
France,2013,1A3C,ABFLOW030,Natural gas,,,0.0
France,2013,1A3C,ABFLOW030,Oil,,,0.0
France,2013,1A3D1,ABFLOW039,Coal,,,0.0
France,2013,1A3D1,ABFLOW039,Natural gas,,,0.0
France,2013,1A3D1,ABFLOW039,Oil,,,0.0
France,2013,1A3D2,ABFLOW032,Coal,,,0.0
France,2013,1A3D2,ABFLOW032,Natural gas,,,0.0
France,2013,1A3D2,ABFLOW032,Oil,,,0.0
France,2013,1A3E1,ABFLOW033,Coal,,,0.0
France,2013,1A3E1,ABFLOW033,Natural gas,,,0.0
France,2013,1A3E1,ABFLOW033,Oil,,,0.0
France,2013,1A4A,ABFLOW035,Coal,,,0.0
France,2013,1A4A,ABFLOW035,Natural gas,,,0.0
France,2013,1A4A,ABFLOW035,Oil,,,0.0
France,2013,1A4B,ABFLOW034,Coal,,,0.0
France,2013,1A4B,ABFLOW034,Natural gas,,,0.0
France,2013,1A4B,ABFLOW034,Oil,,,0.0
France,2013,1A4C1,ABFLOW036,Coal,,,0.0
France,2013,1A4C1,ABFLOW036,Natural gas,,,0.0
France,2013,1A4C1,ABFLOW036,Oil,,,0.0
France,2013,1A4C2,ABFLOW037,Coal,,,0.0
France,2013,1A4C2,ABFLOW037,Natural gas,,,0.0
France,2013,1A4C2,ABFLOW037,Oil,,,0.0
France,2013,1A5,ABFLOW038,Coal,,,0.0
France,2013,1A5,ABFLOW038,Natural gas,,,0.0
France,2013,1A5,ABFLOW038,Oil,,,0.0
France,2014,1A,ABFLOW001,Coal,,,0.0
France,2014,1A,ABFLOW001,Natural gas,,,0.0
France,2014,1A,ABFLOW001,Oil,,,0.0
France,2014,1A1A,ABFLOW002,Coal,,,0.0
France,2014,1A1A,ABFLOW002,Natural gas,,,0.0
France,2014,1A1A,ABFLOW002,Oil,,,0.0
France,2014,1A1A1,ABFLOW003,Coal,7.378582096505334,,7.378582096505334
France,2014,1A1A1,ABFLOW003,Natural gas,7.378582096505334,,7.378582096505334
France,2014,1A1A1,ABFLOW003,Oil,7.378582096505334,,7.378582096505334
France,2014,1A1A2,ABFLOW004,Coal,7.378582096505334,,7.378582096505334
France,2014,1A1A2,ABFLOW004,Natural gas,7.378582096505334,,7.378582096505334
France,2014,1A1A2,ABFLOW004,Oil,7.378582096505334,,7.378582096505334
France,2014,1A1A3,ABFLOW005,Coal,7.378582096505334,,7.378582096505334
France,2014,1A1A3,ABFLOW005,Natural gas,7.378582096505334,,7.378582096505334
France,2014,1A1A3,ABFLOW005,Oil,7.378582096505334,,7.378582096505334
France,2014,1A1B,ABFLOW011,Coal,7.378582096505334,8.68068481941804,16.059266915923374
France,2014,1A1B,ABFLOW011,Natural gas,7.378582096505334,8.68068481941804,16.059266915923374
France,2014,1A1B,ABFLOW011,Oil,7.378582096505334,8.68068481941804,16.059266915923374
France,2014,1A1C,ABFLOW011,Coal,7.378582096505334,8.68068481941804,16.059266915923374
France,2014,1A1C,ABFLOW011,Natural gas,7.378582096505334,8.68068481941804,16.059266915923374
France,2014,1A1C,ABFLOW011,Oil,7.378582096505334,8.68068481941804,16.059266915923374
France,2014,1A2,ABFLOW012,Coal,,,0.0
France,2014,1A2,ABFLOW012,Natural gas,,,0.0
France,2014,1A2,ABFLOW012,Oil,,,0.0
France,2014,1A2A,ABFLOW016,Coal,7.378582096505334,,7.378582096505334
France,2014,1A2A,ABFLOW016,Natural gas,7.378582096505334,,7.378582096505334
France,2014,1A2A,ABFLOW016,Oil,7.378582096505334,,7.378582096505334
France,2014,1A2B,ABFLOW018,Coal,7.378582096505334,,7.378582096505334
France,2014,1A2B,ABFLOW018,Natural gas,7.378582096505334,,7.378582096505334
France,2014,1A2B,ABFLOW018,Oil,7.378582096505334,,7.378582096505334
France,2014,1A2C,ABFLOW017,Coal,7.378582096505334,,7.378582096505334
France,2014,1A2C,ABFLOW017,Natural gas,7.378582096505334,,7.378582096505334
France,2014,1A2C,ABFLOW017,Oil,7.378582096505334,,7.378582096505334
France,2014,1A2D,ABFLOW023,Coal,7.378582096505334,,7.378582096505334
France,2014,1A2D,ABFLOW023,Natural gas,7.378582096505334,,7.378582096505334
France,2014,1A2D,ABFLOW023,Oil,7.378582096505334,,7.378582096505334
France,2014,1A2E,ABFLOW022,Coal,7.378582096505334,,7.378582096505334
France,2014,1A2E,ABFLOW022,Natural gas,7.378582096505334,,7.378582096505334
France,2014,1A2E,ABFLOW022,Oil,7.378582096505334,,7.378582096505334
France,2014,1A2F,ABFLOW019,Coal,7.378582096505334,,7.378582096505334
France,2014,1A2F,ABFLOW019,Natural gas,7.378582096505334,,7.378582096505334
France,2014,1A2F,ABFLOW019,Oil,7.378582096505334,,7.378582096505334
France,2014,1A2G,ABFLOW020,Coal,7.378582096505334,,7.378582096505334
France,2014,1A2G,ABFLOW020,Natural gas,7.378582096505334,,7.378582096505334
France,2014,1A2G,ABFLOW020,Oil,7.378582096505334,,7.378582096505334
France,2014,1A2H,ABFLOW021,Coal,7.378582096505334,,7.378582096505334
France,2014,1A2H,ABFLOW021,Natural gas,7.378582096505334,,7.378582096505334
France,2014,1A2H,ABFLOW021,Oil,7.378582096505334,,7.378582096505334
France,2014,1A2I,ABFLOW013,Coal,7.378582096505334,,7.378582096505334
France,2014,1A2I,ABFLOW013,Natural gas,7.378582096505334,,7.378582096505334
France,2014,1A2I,ABFLOW013,Oil,7.378582096505334,,7.378582096505334
France,2014,1A2J,ABFLOW024,Coal,7.378582096505334,,7.378582096505334
France,2014,1A2J,ABFLOW024,Natural gas,7.378582096505334,,7.378582096505334
France,2014,1A2J,ABFLOW024,Oil,7.378582096505334,,7.378582096505334
France,2014,1A2K,ABFLOW014,Coal,7.378582096505334,,7.378582096505334
France,2014,1A2K,ABFLOW014,Natural gas,7.378582096505334,,7.378582096505334
France,2014,1A2K,ABFLOW014,Oil,7.378582096505334,,7.378582096505334
France,2014,1A2L,ABFLOW025,Coal,7.378582096505334,,7.378582096505334
France,2014,1A2L,ABFLOW025,Natural gas,7.378582096505334,,7.378582096505334
France,2014,1A2L,ABFLOW025,Oil,7.378582096505334,,7.378582096505334
France,2014,1A2M,ABFLOW026,Coal,7.378582096505334,,7.378582096505334
France,2014,1A2M,ABFLOW026,Natural gas,7.378582096505334,,7.378582096505334
France,2014,1A2M,ABFLOW026,Oil,7.378582096505334,,7.378582096505334
France,2014,1A3,ABFLOW027,Coal,,,0.0
France,2014,1A3,ABFLOW027,Natural gas,,,0.0
France,2014,1A3,ABFLOW027,Oil,,,0.0
France,2014,1A3A1,ABFLOW040,Coal,3.7630768692177203,,3.7630768692177203
France,2014,1A3A1,ABFLOW040,Natural gas,3.7630768692177203,,3.7630768692177203
France,2014,1A3A1,ABFLOW040,Oil,3.7630768692177203,,3.7630768692177203
France,2014,1A3A2,ABFLOW029,Coal,7.378582096505334,,7.378582096505334
France,2014,1A3A2,ABFLOW029,Natural gas,7.378582096505334,,7.378582096505334
France,2014,1A3A2,ABFLOW029,Oil,7.378582096505334,,7.378582096505334
France,2014,1A3B,ABFLOW028,Coal,,,0.0
France,2014,1A3B,ABFLOW028,Natural gas,,,0.0
France,2014,1A3B,ABFLOW028,Oil,,,0.0
France,2014,1A3C,ABFLOW030,Coal,,,0.0
France,2014,1A3C,ABFLOW030,Natural gas,,,0.0
France,2014,1A3C,ABFLOW030,Oil,,,0.0
France,2014,1A3D1,ABFLOW039,Coal,,,0.0
France,2014,1A3D1,ABFLOW039,Natural gas,,,0.0
France,2014,1A3D1,ABFLOW039,Oil,,,0.0
France,2014,1A3D2,ABFLOW032,Coal,,,0.0
France,2014,1A3D2,ABFLOW032,Natural gas,,,0.0
France,2014,1A3D2,ABFLOW032,Oil,,,0.0
France,2014,1A3E1,ABFLOW033,Coal,,,0.0
France,2014,1A3E1,ABFLOW033,Natural gas,,,0.0
France,2014,1A3E1,ABFLOW033,Oil,,,0.0
France,2014,1A4A,ABFLOW035,Coal,,8.68068481941804,8.68068481941804
France,2014,1A4A,ABFLOW035,Natural gas,,8.68068481941804,8.68068481941804
France,2014,1A4A,ABFLOW035,Oil,,8.68068481941804,8.68068481941804
France,2014,1A4B,ABFLOW034,Coal,,8.68068481941804,8.68068481941804
France,2014,1A4B,ABFLOW034,Natural gas,,8.68068481941804,8.68068481941804
France,2014,1A4B,ABFLOW034,Oil,,8.68068481941804,8.68068481941804
France,2014,1A4C1,ABFLOW036,Coal,,,0.0
France,2014,1A4C1,ABFLOW036,Natural gas,,,0.0
France,2014,1A4C1,ABFLOW036,Oil,,,0.0
France,2014,1A4C2,ABFLOW037,Coal,,,0.0
France,2014,1A4C2,ABFLOW037,Natural gas,,,0.0
France,2014,1A4C2,ABFLOW037,Oil,,,0.0
France,2014,1A5,ABFLOW038,Coal,,,0.0
France,2014,1A5,ABFLOW038,Natural gas,,,0.0
France,2014,1A5,ABFLOW038,Oil,,,0.0
France,2015,1A,ABFLOW001,Coal,,,0.0
France,2015,1A,ABFLOW001,Natural gas,,,0.0
France,2015,1A,ABFLOW001,Oil,,,0.0
France,2015,1A1A,ABFLOW002,Coal,,,0.0
France,2015,1A1A,ABFLOW002,Natural gas,,,0.0
France,2015,1A1A,ABFLOW002,Oil,,,0.0
France,2015,1A1A1,ABFLOW003,Coal,9.417119761525525,,9.417119761525525
France,2015,1A1A1,ABFLOW003,Natural gas,9.417119761525525,,9.417119761525525
France,2015,1A1A1,ABFLOW003,Oil,9.417119761525525,,9.417119761525525
France,2015,1A1A2,ABFLOW004,Coal,9.417119761525525,,9.417119761525525
France,2015,1A1A2,ABFLOW004,Natural gas,9.417119761525525,,9.417119761525525
France,2015,1A1A2,ABFLOW004,Oil,9.417119761525525,,9.417119761525525
France,2015,1A1A3,ABFLOW005,Coal,9.417119761525525,,9.417119761525525
France,2015,1A1A3,ABFLOW005,Natural gas,9.417119761525525,,9.417119761525525
France,2015,1A1A3,ABFLOW005,Oil,9.417119761525525,,9.417119761525525
France,2015,1A1B,ABFLOW011,Coal,9.417119761525525,17.779718299755224,27.19683806128075
France,2015,1A1B,ABFLOW011,Natural gas,9.417119761525525,17.779718299755224,27.19683806128075
France,2015,1A1B,ABFLOW011,Oil,9.417119761525525,17.779718299755224,27.19683806128075
France,2015,1A1C,ABFLOW011,Coal,9.417119761525525,17.779718299755224,27.19683806128075
France,2015,1A1C,ABFLOW011,Natural gas,9.417119761525525,17.779718299755224,27.19683806128075
France,2015,1A1C,ABFLOW011,Oil,9.417119761525525,17.779718299755224,27.19683806128075
France,2015,1A2,ABFLOW012,Coal,,,0.0
France,2015,1A2,ABFLOW012,Natural gas,,,0.0
France,2015,1A2,ABFLOW012,Oil,,,0.0
France,2015,1A2A,ABFLOW016,Coal,9.417119761525525,,9.417119761525525
France,2015,1A2A,ABFLOW016,Natural gas,9.417119761525525,,9.417119761525525
France,2015,1A2A,ABFLOW016,Oil,9.417119761525525,,9.417119761525525
France,2015,1A2B,ABFLOW018,Coal,9.417119761525525,,9.417119761525525
France,2015,1A2B,ABFLOW018,Natural gas,9.417119761525525,,9.417119761525525
France,2015,1A2B,ABFLOW018,Oil,9.417119761525525,,9.417119761525525
France,2015,1A2C,ABFLOW017,Coal,9.417119761525525,,9.417119761525525
France,2015,1A2C,ABFLOW017,Natural gas,9.417119761525525,,9.417119761525525
France,2015,1A2C,ABFLOW017,Oil,9.417119761525525,,9.417119761525525
France,2015,1A2D,ABFLOW023,Coal,9.417119761525525,,9.417119761525525
France,2015,1A2D,ABFLOW023,Natural gas,9.417119761525525,,9.417119761525525
France,2015,1A2D,ABFLOW023,Oil,9.417119761525525,,9.417119761525525
France,2015,1A2E,ABFLOW022,Coal,9.417119761525525,,9.417119761525525
France,2015,1A2E,ABFLOW022,Natural gas,9.417119761525525,,9.417119761525525
France,2015,1A2E,ABFLOW022,Oil,9.417119761525525,,9.417119761525525
France,2015,1A2F,ABFLOW019,Coal,9.417119761525525,,9.417119761525525
France,2015,1A2F,ABFLOW019,Natural gas,9.417119761525525,,9.417119761525525
France,2015,1A2F,ABFLOW019,Oil,9.417119761525525,,9.417119761525525
France,2015,1A2G,ABFLOW020,Coal,9.417119761525525,,9.417119761525525
France,2015,1A2G,ABFLOW020,Natural gas,9.417119761525525,,9.417119761525525
France,2015,1A2G,ABFLOW020,Oil,9.417119761525525,,9.417119761525525
France,2015,1A2H,ABFLOW021,Coal,9.417119761525525,,9.417119761525525
France,2015,1A2H,ABFLOW021,Natural gas,9.417119761525525,,9.417119761525525
France,2015,1A2H,ABFLOW021,Oil,9.417119761525525,,9.417119761525525
France,2015,1A2I,ABFLOW013,Coal,9.417119761525525,,9.417119761525525
France,2015,1A2I,ABFLOW013,Natural gas,9.417119761525525,,9.417119761525525
France,2015,1A2I,ABFLOW013,Oil,9.417119761525525,,9.417119761525525
France,2015,1A2J,ABFLOW024,Coal,9.417119761525525,,9.417119761525525
France,2015,1A2J,ABFLOW024,Natural gas,9.417119761525525,,9.417119761525525
France,2015,1A2J,ABFLOW024,Oil,9.417119761525525,,9.417119761525525
France,2015,1A2K,ABFLOW014,Coal,9.417119761525525,,9.417119761525525
France,2015,1A2K,ABFLOW014,Natural gas,9.417119761525525,,9.417119761525525
France,2015,1A2K,ABFLOW014,Oil,9.417119761525525,,9.417119761525525
France,2015,1A2L,ABFLOW025,Coal,9.417119761525525,,9.417119761525525
France,2015,1A2L,ABFLOW025,Natural gas,9.417119761525525,,9.417119761525525
France,2015,1A2L,ABFLOW025,Oil,9.417119761525525,,9.417119761525525
France,2015,1A2M,ABFLOW026,Coal,9.417119761525525,,9.417119761525525
France,2015,1A2M,ABFLOW026,Natural gas,9.417119761525525,,9.417119761525525
France,2015,1A2M,ABFLOW026,Oil,9.417119761525525,,9.417119761525525
France,2015,1A3,ABFLOW027,Coal,,,0.0
France,2015,1A3,ABFLOW027,Natural gas,,,0.0
France,2015,1A3,ABFLOW027,Oil,,,0.0
France,2015,1A3A1,ABFLOW040,Coal,4.8027310783780175,,4.8027310783780175
France,2015,1A3A1,ABFLOW040,Natural gas,4.8027310783780175,,4.8027310783780175
France,2015,1A3A1,ABFLOW040,Oil,4.8027310783780175,,4.8027310783780175
France,2015,1A3A2,ABFLOW029,Coal,9.417119761525525,,9.417119761525525
France,2015,1A3A2,ABFLOW029,Natural gas,9.417119761525525,,9.417119761525525
France,2015,1A3A2,ABFLOW029,Oil,9.417119761525525,,9.417119761525525
France,2015,1A3B,ABFLOW028,Coal,,17.779718299755224,17.779718299755224
France,2015,1A3B,ABFLOW028,Natural gas,,17.779718299755224,17.779718299755224
France,2015,1A3B,ABFLOW028,Oil,,17.779718299755224,17.779718299755224
France,2015,1A3C,ABFLOW030,Coal,,,0.0
France,2015,1A3C,ABFLOW030,Natural gas,,,0.0
France,2015,1A3C,ABFLOW030,Oil,,,0.0
France,2015,1A3D1,ABFLOW039,Coal,,,0.0
France,2015,1A3D1,ABFLOW039,Natural gas,,,0.0
France,2015,1A3D1,ABFLOW039,Oil,,,0.0
France,2015,1A3D2,ABFLOW032,Coal,,,0.0
France,2015,1A3D2,ABFLOW032,Natural gas,,,0.0
France,2015,1A3D2,ABFLOW032,Oil,,,0.0
France,2015,1A3E1,ABFLOW033,Coal,,,0.0
France,2015,1A3E1,ABFLOW033,Natural gas,,,0.0
France,2015,1A3E1,ABFLOW033,Oil,,,0.0
France,2015,1A4A,ABFLOW035,Coal,,17.779718299755224,17.779718299755224
France,2015,1A4A,ABFLOW035,Natural gas,,17.779718299755224,17.779718299755224
France,2015,1A4A,ABFLOW035,Oil,,17.779718299755224,17.779718299755224
France,2015,1A4B,ABFLOW034,Coal,,17.779718299755224,17.779718299755224
France,2015,1A4B,ABFLOW034,Natural gas,,17.779718299755224,17.779718299755224
France,2015,1A4B,ABFLOW034,Oil,,17.779718299755224,17.779718299755224
France,2015,1A4C1,ABFLOW036,Coal,,,0.0
France,2015,1A4C1,ABFLOW036,Natural gas,,,0.0
France,2015,1A4C1,ABFLOW036,Oil,,,0.0
France,2015,1A4C2,ABFLOW037,Coal,,,0.0
France,2015,1A4C2,ABFLOW037,Natural gas,,,0.0
France,2015,1A4C2,ABFLOW037,Oil,,,0.0
France,2015,1A5,ABFLOW038,Coal,,,0.0
France,2015,1A5,ABFLOW038,Natural gas,,,0.0
France,2015,1A5,ABFLOW038,Oil,,,0.0
France,2016,1A,ABFLOW001,Coal,,,0.0
France,2016,1A,ABFLOW001,Natural gas,,,0.0
France,2016,1A,ABFLOW001,Oil,,,0.0
France,2016,1A1A,ABFLOW002,Coal,,,0.0
France,2016,1A1A,ABFLOW002,Natural gas,,,0.0
France,2016,1A1A,ABFLOW002,Oil,,,0.0
France,2016,1A1A1,ABFLOW003,Coal,6.526344904695384,,6.526344904695384
France,2016,1A1A1,ABFLOW003,Natural gas,6.526344904695384,,6.526344904695384
France,2016,1A1A1,ABFLOW003,Oil,6.526344904695384,,6.526344904695384
France,2016,1A1A2,ABFLOW004,Coal,6.526344904695384,,6.526344904695384
France,2016,1A1A2,ABFLOW004,Natural gas,6.526344904695384,,6.526344904695384
France,2016,1A1A2,ABFLOW004,Oil,6.526344904695384,,6.526344904695384
France,2016,1A1A3,ABFLOW005,Coal,6.526344904695384,,6.526344904695384
France,2016,1A1A3,ABFLOW005,Natural gas,6.526344904695384,,6.526344904695384
France,2016,1A1A3,ABFLOW005,Oil,6.526344904695384,,6.526344904695384
France,2016,1A1B,ABFLOW011,Coal,6.526344904695384,26.83730615014925,33.36365105484463
France,2016,1A1B,ABFLOW011,Natural gas,6.526344904695384,26.83730615014925,33.36365105484463
France,2016,1A1B,ABFLOW011,Oil,6.526344904695384,26.83730615014925,33.36365105484463
France,2016,1A1C,ABFLOW011,Coal,6.526344904695384,26.83730615014925,33.36365105484463
France,2016,1A1C,ABFLOW011,Natural gas,6.526344904695384,26.83730615014925,33.36365105484463
France,2016,1A1C,ABFLOW011,Oil,6.526344904695384,26.83730615014925,33.36365105484463
France,2016,1A2,ABFLOW012,Coal,,,0.0
France,2016,1A2,ABFLOW012,Natural gas,,,0.0
France,2016,1A2,ABFLOW012,Oil,,,0.0
France,2016,1A2A,ABFLOW016,Coal,6.526344904695384,,6.526344904695384
France,2016,1A2A,ABFLOW016,Natural gas,6.526344904695384,,6.526344904695384
France,2016,1A2A,ABFLOW016,Oil,6.526344904695384,,6.526344904695384
France,2016,1A2B,ABFLOW018,Coal,6.526344904695384,,6.526344904695384
France,2016,1A2B,ABFLOW018,Natural gas,6.526344904695384,,6.526344904695384
France,2016,1A2B,ABFLOW018,Oil,6.526344904695384,,6.526344904695384
France,2016,1A2C,ABFLOW017,Coal,6.526344904695384,,6.526344904695384
France,2016,1A2C,ABFLOW017,Natural gas,6.526344904695384,,6.526344904695384
France,2016,1A2C,ABFLOW017,Oil,6.526344904695384,,6.526344904695384
France,2016,1A2D,ABFLOW023,Coal,6.526344904695384,,6.526344904695384
France,2016,1A2D,ABFLOW023,Natural gas,6.526344904695384,,6.526344904695384
France,2016,1A2D,ABFLOW023,Oil,6.526344904695384,,6.526344904695384
France,2016,1A2E,ABFLOW022,Coal,6.526344904695384,,6.526344904695384
France,2016,1A2E,ABFLOW022,Natural gas,6.526344904695384,,6.526344904695384
France,2016,1A2E,ABFLOW022,Oil,6.526344904695384,,6.526344904695384
France,2016,1A2F,ABFLOW019,Coal,6.526344904695384,,6.526344904695384
France,2016,1A2F,ABFLOW019,Natural gas,6.526344904695384,,6.526344904695384
France,2016,1A2F,ABFLOW019,Oil,6.526344904695384,,6.526344904695384
France,2016,1A2G,ABFLOW020,Coal,6.526344904695384,,6.526344904695384
France,2016,1A2G,ABFLOW020,Natural gas,6.526344904695384,,6.526344904695384
France,2016,1A2G,ABFLOW020,Oil,6.526344904695384,,6.526344904695384
France,2016,1A2H,ABFLOW021,Coal,6.526344904695384,,6.526344904695384
France,2016,1A2H,ABFLOW021,Natural gas,6.526344904695384,,6.526344904695384
France,2016,1A2H,ABFLOW021,Oil,6.526344904695384,,6.526344904695384
France,2016,1A2I,ABFLOW013,Coal,6.526344904695384,,6.526344904695384
France,2016,1A2I,ABFLOW013,Natural gas,6.526344904695384,,6.526344904695384
France,2016,1A2I,ABFLOW013,Oil,6.526344904695384,,6.526344904695384
France,2016,1A2J,ABFLOW024,Coal,6.526344904695384,,6.526344904695384
France,2016,1A2J,ABFLOW024,Natural gas,6.526344904695384,,6.526344904695384
France,2016,1A2J,ABFLOW024,Oil,6.526344904695384,,6.526344904695384
France,2016,1A2K,ABFLOW014,Coal,6.526344904695384,,6.526344904695384
France,2016,1A2K,ABFLOW014,Natural gas,6.526344904695384,,6.526344904695384
France,2016,1A2K,ABFLOW014,Oil,6.526344904695384,,6.526344904695384
France,2016,1A2L,ABFLOW025,Coal,6.526344904695384,,6.526344904695384
France,2016,1A2L,ABFLOW025,Natural gas,6.526344904695384,,6.526344904695384
France,2016,1A2L,ABFLOW025,Oil,6.526344904695384,,6.526344904695384
France,2016,1A2M,ABFLOW026,Coal,6.526344904695384,,6.526344904695384
France,2016,1A2M,ABFLOW026,Natural gas,6.526344904695384,,6.526344904695384
France,2016,1A2M,ABFLOW026,Oil,6.526344904695384,,6.526344904695384
France,2016,1A3,ABFLOW027,Coal,,,0.0
France,2016,1A3,ABFLOW027,Natural gas,,,0.0
France,2016,1A3,ABFLOW027,Oil,,,0.0
France,2016,1A3A1,ABFLOW040,Coal,3.328435901394646,,3.328435901394646
France,2016,1A3A1,ABFLOW040,Natural gas,3.328435901394646,,3.328435901394646
France,2016,1A3A1,ABFLOW040,Oil,3.328435901394646,,3.328435901394646
France,2016,1A3A2,ABFLOW029,Coal,6.526344904695384,,6.526344904695384
France,2016,1A3A2,ABFLOW029,Natural gas,6.526344904695384,,6.526344904695384
France,2016,1A3A2,ABFLOW029,Oil,6.526344904695384,,6.526344904695384
France,2016,1A3B,ABFLOW028,Coal,,26.83730615014925,26.83730615014925
France,2016,1A3B,ABFLOW028,Natural gas,,26.83730615014925,26.83730615014925
France,2016,1A3B,ABFLOW028,Oil,,26.83730615014925,26.83730615014925
France,2016,1A3C,ABFLOW030,Coal,,,0.0
France,2016,1A3C,ABFLOW030,Natural gas,,,0.0
France,2016,1A3C,ABFLOW030,Oil,,,0.0
France,2016,1A3D1,ABFLOW039,Coal,,,0.0
France,2016,1A3D1,ABFLOW039,Natural gas,,,0.0
France,2016,1A3D1,ABFLOW039,Oil,,,0.0
France,2016,1A3D2,ABFLOW032,Coal,,,0.0
France,2016,1A3D2,ABFLOW032,Natural gas,,,0.0
France,2016,1A3D2,ABFLOW032,Oil,,,0.0
France,2016,1A3E1,ABFLOW033,Coal,,,0.0
France,2016,1A3E1,ABFLOW033,Natural gas,,,0.0
France,2016,1A3E1,ABFLOW033,Oil,,,0.0
France,2016,1A4A,ABFLOW035,Coal,,26.83730615014925,26.83730615014925
France,2016,1A4A,ABFLOW035,Natural gas,,26.83730615014925,26.83730615014925
France,2016,1A4A,ABFLOW035,Oil,,26.83730615014925,26.83730615014925
France,2016,1A4B,ABFLOW034,Coal,,26.83730615014925,26.83730615014925
France,2016,1A4B,ABFLOW034,Natural gas,,26.83730615014925,26.83730615014925
France,2016,1A4B,ABFLOW034,Oil,,26.83730615014925,26.83730615014925
France,2016,1A4C1,ABFLOW036,Coal,,,0.0
France,2016,1A4C1,ABFLOW036,Natural gas,,,0.0
France,2016,1A4C1,ABFLOW036,Oil,,,0.0
France,2016,1A4C2,ABFLOW037,Coal,,,0.0
France,2016,1A4C2,ABFLOW037,Natural gas,,,0.0
France,2016,1A4C2,ABFLOW037,Oil,,,0.0
France,2016,1A5,ABFLOW038,Coal,,,0.0
France,2016,1A5,ABFLOW038,Natural gas,,,0.0
France,2016,1A5,ABFLOW038,Oil,,,0.0
France,2017,1A,ABFLOW001,Coal,,,0.0
France,2017,1A,ABFLOW001,Natural gas,,,0.0
France,2017,1A,ABFLOW001,Oil,,,0.0
France,2017,1A1A,ABFLOW002,Coal,,,0.0
France,2017,1A1A,ABFLOW002,Natural gas,,,0.0
France,2017,1A1A,ABFLOW002,Oil,,,0.0
France,2017,1A1A1,ABFLOW003,Coal,7.070429149841209,,7.070429149841209
France,2017,1A1A1,ABFLOW003,Natural gas,7.070429149841209,,7.070429149841209
France,2017,1A1A1,ABFLOW003,Oil,7.070429149841209,,7.070429149841209
France,2017,1A1A2,ABFLOW004,Coal,7.070429149841209,,7.070429149841209
France,2017,1A1A2,ABFLOW004,Natural gas,7.070429149841209,,7.070429149841209
France,2017,1A1A2,ABFLOW004,Oil,7.070429149841209,,7.070429149841209
France,2017,1A1A3,ABFLOW005,Coal,7.070429149841209,,7.070429149841209
France,2017,1A1A3,ABFLOW005,Natural gas,7.070429149841209,,7.070429149841209
France,2017,1A1A3,ABFLOW005,Oil,7.070429149841209,,7.070429149841209
France,2017,1A1B,ABFLOW011,Coal,7.070429149841209,36.98938062952948,44.05980977937069
France,2017,1A1B,ABFLOW011,Natural gas,7.070429149841209,36.98938062952948,44.05980977937069
France,2017,1A1B,ABFLOW011,Oil,7.070429149841209,36.98938062952948,44.05980977937069
France,2017,1A1C,ABFLOW011,Coal,7.070429149841209,36.98938062952948,44.05980977937069
France,2017,1A1C,ABFLOW011,Natural gas,7.070429149841209,36.98938062952948,44.05980977937069
France,2017,1A1C,ABFLOW011,Oil,7.070429149841209,36.98938062952948,44.05980977937069
France,2017,1A2,ABFLOW012,Coal,,,0.0
France,2017,1A2,ABFLOW012,Natural gas,,,0.0
France,2017,1A2,ABFLOW012,Oil,,,0.0
France,2017,1A2A,ABFLOW016,Coal,7.070429149841209,,7.070429149841209
France,2017,1A2A,ABFLOW016,Natural gas,7.070429149841209,,7.070429149841209
France,2017,1A2A,ABFLOW016,Oil,7.070429149841209,,7.070429149841209
France,2017,1A2B,ABFLOW018,Coal,7.070429149841209,,7.070429149841209
France,2017,1A2B,ABFLOW018,Natural gas,7.070429149841209,,7.070429149841209
France,2017,1A2B,ABFLOW018,Oil,7.070429149841209,,7.070429149841209
France,2017,1A2C,ABFLOW017,Coal,7.070429149841209,,7.070429149841209
France,2017,1A2C,ABFLOW017,Natural gas,7.070429149841209,,7.070429149841209
France,2017,1A2C,ABFLOW017,Oil,7.070429149841209,,7.070429149841209
France,2017,1A2D,ABFLOW023,Coal,7.070429149841209,,7.070429149841209
France,2017,1A2D,ABFLOW023,Natural gas,7.070429149841209,,7.070429149841209
France,2017,1A2D,ABFLOW023,Oil,7.070429149841209,,7.070429149841209
France,2017,1A2E,ABFLOW022,Coal,7.070429149841209,,7.070429149841209
France,2017,1A2E,ABFLOW022,Natural gas,7.070429149841209,,7.070429149841209
France,2017,1A2E,ABFLOW022,Oil,7.070429149841209,,7.070429149841209
France,2017,1A2F,ABFLOW019,Coal,7.070429149841209,,7.070429149841209
France,2017,1A2F,ABFLOW019,Natural gas,7.070429149841209,,7.070429149841209
France,2017,1A2F,ABFLOW019,Oil,7.070429149841209,,7.070429149841209
France,2017,1A2G,ABFLOW020,Coal,7.070429149841209,,7.070429149841209
France,2017,1A2G,ABFLOW020,Natural gas,7.070429149841209,,7.070429149841209
France,2017,1A2G,ABFLOW020,Oil,7.070429149841209,,7.070429149841209
France,2017,1A2H,ABFLOW021,Coal,7.070429149841209,,7.070429149841209
France,2017,1A2H,ABFLOW021,Natural gas,7.070429149841209,,7.070429149841209
France,2017,1A2H,ABFLOW021,Oil,7.070429149841209,,7.070429149841209
France,2017,1A2I,ABFLOW013,Coal,7.070429149841209,,7.070429149841209
France,2017,1A2I,ABFLOW013,Natural gas,7.070429149841209,,7.070429149841209
France,2017,1A2I,ABFLOW013,Oil,7.070429149841209,,7.070429149841209
France,2017,1A2J,ABFLOW024,Coal,7.070429149841209,,7.070429149841209
France,2017,1A2J,ABFLOW024,Natural gas,7.070429149841209,,7.070429149841209
France,2017,1A2J,ABFLOW024,Oil,7.070429149841209,,7.070429149841209
France,2017,1A2K,ABFLOW014,Coal,7.070429149841209,,7.070429149841209
France,2017,1A2K,ABFLOW014,Natural gas,7.070429149841209,,7.070429149841209
France,2017,1A2K,ABFLOW014,Oil,7.070429149841209,,7.070429149841209
France,2017,1A2L,ABFLOW025,Coal,7.070429149841209,,7.070429149841209
France,2017,1A2L,ABFLOW025,Natural gas,7.070429149841209,,7.070429149841209
France,2017,1A2L,ABFLOW025,Oil,7.070429149841209,,7.070429149841209
France,2017,1A2M,ABFLOW026,Coal,7.070429149841209,,7.070429149841209
France,2017,1A2M,ABFLOW026,Natural gas,7.070429149841209,,7.070429149841209
France,2017,1A2M,ABFLOW026,Oil,7.070429149841209,,7.070429149841209
France,2017,1A3,ABFLOW027,Coal,,,0.0
France,2017,1A3,ABFLOW027,Natural gas,,,0.0
France,2017,1A3,ABFLOW027,Oil,,,0.0
France,2017,1A3A1,ABFLOW040,Coal,3.6059188664190165,,3.6059188664190165
France,2017,1A3A1,ABFLOW040,Natural gas,3.6059188664190165,,3.6059188664190165
France,2017,1A3A1,ABFLOW040,Oil,3.6059188664190165,,3.6059188664190165
France,2017,1A3A2,ABFLOW029,Coal,7.070429149841209,,7.070429149841209
France,2017,1A3A2,ABFLOW029,Natural gas,7.070429149841209,,7.070429149841209
France,2017,1A3A2,ABFLOW029,Oil,7.070429149841209,,7.070429149841209
France,2017,1A3B,ABFLOW028,Coal,,36.98938062952948,36.98938062952948
France,2017,1A3B,ABFLOW028,Natural gas,,36.98938062952948,36.98938062952948
France,2017,1A3B,ABFLOW028,Oil,,36.98938062952948,36.98938062952948
France,2017,1A3C,ABFLOW030,Coal,,,0.0
France,2017,1A3C,ABFLOW030,Natural gas,,,0.0
France,2017,1A3C,ABFLOW030,Oil,,,0.0
France,2017,1A3D1,ABFLOW039,Coal,,,0.0
France,2017,1A3D1,ABFLOW039,Natural gas,,,0.0
France,2017,1A3D1,ABFLOW039,Oil,,,0.0
France,2017,1A3D2,ABFLOW032,Coal,,,0.0
France,2017,1A3D2,ABFLOW032,Natural gas,,,0.0
France,2017,1A3D2,ABFLOW032,Oil,,,0.0
France,2017,1A3E1,ABFLOW033,Coal,,,0.0
France,2017,1A3E1,ABFLOW033,Natural gas,,,0.0
France,2017,1A3E1,ABFLOW033,Oil,,,0.0
France,2017,1A4A,ABFLOW035,Coal,,36.98938062952948,36.98938062952948
France,2017,1A4A,ABFLOW035,Natural gas,,36.98938062952948,36.98938062952948
France,2017,1A4A,ABFLOW035,Oil,,36.98938062952948,36.98938062952948
France,2017,1A4B,ABFLOW034,Coal,,36.98938062952948,36.98938062952948
France,2017,1A4B,ABFLOW034,Natural gas,,36.98938062952948,36.98938062952948
France,2017,1A4B,ABFLOW034,Oil,,36.98938062952948,36.98938062952948
France,2017,1A4C1,ABFLOW036,Coal,,,0.0
France,2017,1A4C1,ABFLOW036,Natural gas,,,0.0
France,2017,1A4C1,ABFLOW036,Oil,,,0.0
France,2017,1A4C2,ABFLOW037,Coal,,,0.0
France,2017,1A4C2,ABFLOW037,Natural gas,,,0.0
France,2017,1A4C2,ABFLOW037,Oil,,,0.0
France,2017,1A5,ABFLOW038,Coal,,,0.0
France,2017,1A5,ABFLOW038,Natural gas,,,0.0
France,2017,1A5,ABFLOW038,Oil,,,0.0
France,2018,1A,ABFLOW001,Coal,,,0.0
France,2018,1A,ABFLOW001,Natural gas,,,0.0
France,2018,1A,ABFLOW001,Oil,,,0.0
France,2018,1A1A,ABFLOW002,Coal,,,0.0
France,2018,1A1A,ABFLOW002,Natural gas,,,0.0
France,2018,1A1A,ABFLOW002,Oil,,,0.0
France,2018,1A1A1,ABFLOW003,Coal,18.974478987431688,,18.974478987431688
France,2018,1A1A1,ABFLOW003,Natural gas,18.974478987431688,,18.974478987431688
France,2018,1A1A1,ABFLOW003,Oil,18.974478987431688,,18.974478987431688
France,2018,1A1A2,ABFLOW004,Coal,18.974478987431688,,18.974478987431688
France,2018,1A1A2,ABFLOW004,Natural gas,18.974478987431688,,18.974478987431688
France,2018,1A1A2,ABFLOW004,Oil,18.974478987431688,,18.974478987431688
France,2018,1A1A3,ABFLOW005,Coal,18.974478987431688,,18.974478987431688
France,2018,1A1A3,ABFLOW005,Natural gas,18.974478987431688,,18.974478987431688
France,2018,1A1A3,ABFLOW005,Oil,18.974478987431688,,18.974478987431688
France,2018,1A1B,ABFLOW011,Coal,18.974478987431688,53.49315820729793,72.46763719472962
France,2018,1A1B,ABFLOW011,Natural gas,18.974478987431688,53.49315820729793,72.46763719472962
France,2018,1A1B,ABFLOW011,Oil,18.974478987431688,53.49315820729793,72.46763719472962
France,2018,1A1C,ABFLOW011,Coal,18.974478987431688,53.49315820729793,72.46763719472962
France,2018,1A1C,ABFLOW011,Natural gas,18.974478987431688,53.49315820729793,72.46763719472962
France,2018,1A1C,ABFLOW011,Oil,18.974478987431688,53.49315820729793,72.46763719472962
France,2018,1A2,ABFLOW012,Coal,,,0.0
France,2018,1A2,ABFLOW012,Natural gas,,,0.0
France,2018,1A2,ABFLOW012,Oil,,,0.0
France,2018,1A2A,ABFLOW016,Coal,18.974478987431688,,18.974478987431688
France,2018,1A2A,ABFLOW016,Natural gas,18.974478987431688,,18.974478987431688
France,2018,1A2A,ABFLOW016,Oil,18.974478987431688,,18.974478987431688
France,2018,1A2B,ABFLOW018,Coal,18.974478987431688,,18.974478987431688
France,2018,1A2B,ABFLOW018,Natural gas,18.974478987431688,,18.974478987431688
France,2018,1A2B,ABFLOW018,Oil,18.974478987431688,,18.974478987431688
France,2018,1A2C,ABFLOW017,Coal,18.974478987431688,,18.974478987431688
France,2018,1A2C,ABFLOW017,Natural gas,18.974478987431688,,18.974478987431688
France,2018,1A2C,ABFLOW017,Oil,18.974478987431688,,18.974478987431688
France,2018,1A2D,ABFLOW023,Coal,18.974478987431688,,18.974478987431688
France,2018,1A2D,ABFLOW023,Natural gas,18.974478987431688,,18.974478987431688
France,2018,1A2D,ABFLOW023,Oil,18.974478987431688,,18.974478987431688
France,2018,1A2E,ABFLOW022,Coal,18.974478987431688,,18.974478987431688
France,2018,1A2E,ABFLOW022,Natural gas,18.974478987431688,,18.974478987431688
France,2018,1A2E,ABFLOW022,Oil,18.974478987431688,,18.974478987431688
France,2018,1A2F,ABFLOW019,Coal,18.974478987431688,,18.974478987431688
France,2018,1A2F,ABFLOW019,Natural gas,18.974478987431688,,18.974478987431688
France,2018,1A2F,ABFLOW019,Oil,18.974478987431688,,18.974478987431688
France,2018,1A2G,ABFLOW020,Coal,18.974478987431688,,18.974478987431688
France,2018,1A2G,ABFLOW020,Natural gas,18.974478987431688,,18.974478987431688
France,2018,1A2G,ABFLOW020,Oil,18.974478987431688,,18.974478987431688
France,2018,1A2H,ABFLOW021,Coal,18.974478987431688,,18.974478987431688
France,2018,1A2H,ABFLOW021,Natural gas,18.974478987431688,,18.974478987431688
France,2018,1A2H,ABFLOW021,Oil,18.974478987431688,,18.974478987431688
France,2018,1A2I,ABFLOW013,Coal,18.974478987431688,,18.974478987431688
France,2018,1A2I,ABFLOW013,Natural gas,18.974478987431688,,18.974478987431688
France,2018,1A2I,ABFLOW013,Oil,18.974478987431688,,18.974478987431688
France,2018,1A2J,ABFLOW024,Coal,18.974478987431688,,18.974478987431688
France,2018,1A2J,ABFLOW024,Natural gas,18.974478987431688,,18.974478987431688
France,2018,1A2J,ABFLOW024,Oil,18.974478987431688,,18.974478987431688
France,2018,1A2K,ABFLOW014,Coal,18.974478987431688,,18.974478987431688
France,2018,1A2K,ABFLOW014,Natural gas,18.974478987431688,,18.974478987431688
France,2018,1A2K,ABFLOW014,Oil,18.974478987431688,,18.974478987431688
France,2018,1A2L,ABFLOW025,Coal,18.974478987431688,,18.974478987431688
France,2018,1A2L,ABFLOW025,Natural gas,18.974478987431688,,18.974478987431688
France,2018,1A2L,ABFLOW025,Oil,18.974478987431688,,18.974478987431688
France,2018,1A2M,ABFLOW026,Coal,18.974478987431688,,18.974478987431688
France,2018,1A2M,ABFLOW026,Natural gas,18.974478987431688,,18.974478987431688
France,2018,1A2M,ABFLOW026,Oil,18.974478987431688,,18.974478987431688
France,2018,1A3,ABFLOW027,Coal,,,0.0
France,2018,1A3,ABFLOW027,Natural gas,,,0.0
France,2018,1A3,ABFLOW027,Oil,,,0.0
France,2018,1A3A1,ABFLOW040,Coal,9.67698428359016,,9.67698428359016
France,2018,1A3A1,ABFLOW040,Natural gas,9.67698428359016,,9.67698428359016
France,2018,1A3A1,ABFLOW040,Oil,9.67698428359016,,9.67698428359016
France,2018,1A3A2,ABFLOW029,Coal,18.974478987431688,,18.974478987431688
France,2018,1A3A2,ABFLOW029,Natural gas,18.974478987431688,,18.974478987431688
France,2018,1A3A2,ABFLOW029,Oil,18.974478987431688,,18.974478987431688
France,2018,1A3B,ABFLOW028,Coal,,53.49315820729793,53.49315820729793
France,2018,1A3B,ABFLOW028,Natural gas,,53.49315820729793,53.49315820729793
France,2018,1A3B,ABFLOW028,Oil,,53.49315820729793,53.49315820729793
France,2018,1A3C,ABFLOW030,Coal,,,0.0
France,2018,1A3C,ABFLOW030,Natural gas,,,0.0
France,2018,1A3C,ABFLOW030,Oil,,,0.0
France,2018,1A3D1,ABFLOW039,Coal,,,0.0
France,2018,1A3D1,ABFLOW039,Natural gas,,,0.0
France,2018,1A3D1,ABFLOW039,Oil,,,0.0
France,2018,1A3D2,ABFLOW032,Coal,,,0.0
France,2018,1A3D2,ABFLOW032,Natural gas,,,0.0
France,2018,1A3D2,ABFLOW032,Oil,,,0.0
France,2018,1A3E1,ABFLOW033,Coal,,,0.0
France,2018,1A3E1,ABFLOW033,Natural gas,,,0.0
France,2018,1A3E1,ABFLOW033,Oil,,,0.0
France,2018,1A4A,ABFLOW035,Coal,,53.49315820729793,53.49315820729793
France,2018,1A4A,ABFLOW035,Natural gas,,53.49315820729793,53.49315820729793
France,2018,1A4A,ABFLOW035,Oil,,53.49315820729793,53.49315820729793
France,2018,1A4B,ABFLOW034,Coal,,53.49315820729793,53.49315820729793
France,2018,1A4B,ABFLOW034,Natural gas,,53.49315820729793,53.49315820729793
France,2018,1A4B,ABFLOW034,Oil,,53.49315820729793,53.49315820729793
France,2018,1A4C1,ABFLOW036,Coal,,,0.0
France,2018,1A4C1,ABFLOW036,Natural gas,,,0.0
France,2018,1A4C1,ABFLOW036,Oil,,,0.0
France,2018,1A4C2,ABFLOW037,Coal,,,0.0
France,2018,1A4C2,ABFLOW037,Natural gas,,,0.0
France,2018,1A4C2,ABFLOW037,Oil,,,0.0
France,2018,1A5,ABFLOW038,Coal,,,0.0
France,2018,1A5,ABFLOW038,Natural gas,,,0.0
France,2018,1A5,ABFLOW038,Oil,,,0.0
France,2019,1A,ABFLOW001,Coal,,,0.0
France,2019,1A,ABFLOW001,Natural gas,,,0.0
France,2019,1A,ABFLOW001,Oil,,,0.0
France,2019,1A1A,ABFLOW002,Coal,,,0.0
France,2019,1A1A,ABFLOW002,Natural gas,,,0.0
France,2019,1A1A,ABFLOW002,Oil,,,0.0
France,2019,1A1A1,ABFLOW003,Coal,29.48411438129089,,29.48411438129089
France,2019,1A1A1,ABFLOW003,Natural gas,29.48411438129089,,29.48411438129089
France,2019,1A1A1,ABFLOW003,Oil,29.48411438129089,,29.48411438129089
France,2019,1A1A2,ABFLOW004,Coal,29.48411438129089,,29.48411438129089
France,2019,1A1A2,ABFLOW004,Natural gas,29.48411438129089,,29.48411438129089
France,2019,1A1A2,ABFLOW004,Oil,29.48411438129089,,29.48411438129089
France,2019,1A1A3,ABFLOW005,Coal,29.48411438129089,,29.48411438129089
France,2019,1A1A3,ABFLOW005,Natural gas,29.48411438129089,,29.48411438129089
France,2019,1A1A3,ABFLOW005,Oil,29.48411438129089,,29.48411438129089
France,2019,1A1B,ABFLOW011,Coal,29.48411438129089,52.85335616581888,82.33747054710977
France,2019,1A1B,ABFLOW011,Natural gas,29.48411438129089,52.85335616581888,82.33747054710977
France,2019,1A1B,ABFLOW011,Oil,29.48411438129089,52.85335616581888,82.33747054710977
France,2019,1A1C,ABFLOW011,Coal,29.48411438129089,52.85335616581888,82.33747054710977
France,2019,1A1C,ABFLOW011,Natural gas,29.48411438129089,52.85335616581888,82.33747054710977
France,2019,1A1C,ABFLOW011,Oil,29.48411438129089,52.85335616581888,82.33747054710977
France,2019,1A2,ABFLOW012,Coal,,,0.0
France,2019,1A2,ABFLOW012,Natural gas,,,0.0
France,2019,1A2,ABFLOW012,Oil,,,0.0
France,2019,1A2A,ABFLOW016,Coal,29.48411438129089,,29.48411438129089
France,2019,1A2A,ABFLOW016,Natural gas,29.48411438129089,,29.48411438129089
France,2019,1A2A,ABFLOW016,Oil,29.48411438129089,,29.48411438129089
France,2019,1A2B,ABFLOW018,Coal,29.48411438129089,,29.48411438129089
France,2019,1A2B,ABFLOW018,Natural gas,29.48411438129089,,29.48411438129089
France,2019,1A2B,ABFLOW018,Oil,29.48411438129089,,29.48411438129089
France,2019,1A2C,ABFLOW017,Coal,29.48411438129089,,29.48411438129089
France,2019,1A2C,ABFLOW017,Natural gas,29.48411438129089,,29.48411438129089
France,2019,1A2C,ABFLOW017,Oil,29.48411438129089,,29.48411438129089
France,2019,1A2D,ABFLOW023,Coal,29.48411438129089,,29.48411438129089
France,2019,1A2D,ABFLOW023,Natural gas,29.48411438129089,,29.48411438129089
France,2019,1A2D,ABFLOW023,Oil,29.48411438129089,,29.48411438129089
France,2019,1A2E,ABFLOW022,Coal,29.48411438129089,,29.48411438129089
France,2019,1A2E,ABFLOW022,Natural gas,29.48411438129089,,29.48411438129089
France,2019,1A2E,ABFLOW022,Oil,29.48411438129089,,29.48411438129089
France,2019,1A2F,ABFLOW019,Coal,29.48411438129089,,29.48411438129089
France,2019,1A2F,ABFLOW019,Natural gas,29.48411438129089,,29.48411438129089
France,2019,1A2F,ABFLOW019,Oil,29.48411438129089,,29.48411438129089
France,2019,1A2G,ABFLOW020,Coal,29.48411438129089,,29.48411438129089
France,2019,1A2G,ABFLOW020,Natural gas,29.48411438129089,,29.48411438129089
France,2019,1A2G,ABFLOW020,Oil,29.48411438129089,,29.48411438129089
France,2019,1A2H,ABFLOW021,Coal,29.48411438129089,,29.48411438129089
France,2019,1A2H,ABFLOW021,Natural gas,29.48411438129089,,29.48411438129089
France,2019,1A2H,ABFLOW021,Oil,29.48411438129089,,29.48411438129089
France,2019,1A2I,ABFLOW013,Coal,29.48411438129089,,29.48411438129089
France,2019,1A2I,ABFLOW013,Natural gas,29.48411438129089,,29.48411438129089
France,2019,1A2I,ABFLOW013,Oil,29.48411438129089,,29.48411438129089
France,2019,1A2J,ABFLOW024,Coal,29.48411438129089,,29.48411438129089
France,2019,1A2J,ABFLOW024,Natural gas,29.48411438129089,,29.48411438129089
France,2019,1A2J,ABFLOW024,Oil,29.48411438129089,,29.48411438129089
France,2019,1A2K,ABFLOW014,Coal,29.48411438129089,,29.48411438129089
France,2019,1A2K,ABFLOW014,Natural gas,29.48411438129089,,29.48411438129089
France,2019,1A2K,ABFLOW014,Oil,29.48411438129089,,29.48411438129089
France,2019,1A2L,ABFLOW025,Coal,29.48411438129089,,29.48411438129089
France,2019,1A2L,ABFLOW025,Natural gas,29.48411438129089,,29.48411438129089
France,2019,1A2L,ABFLOW025,Oil,29.48411438129089,,29.48411438129089
France,2019,1A2M,ABFLOW026,Coal,29.48411438129089,,29.48411438129089
France,2019,1A2M,ABFLOW026,Natural gas,29.48411438129089,,29.48411438129089
France,2019,1A2M,ABFLOW026,Oil,29.48411438129089,,29.48411438129089
France,2019,1A3,ABFLOW027,Coal,,,0.0
France,2019,1A3,ABFLOW027,Natural gas,,,0.0
France,2019,1A3,ABFLOW027,Oil,,,0.0
France,2019,1A3A1,ABFLOW040,Coal,15.036898334458355,,15.036898334458355
France,2019,1A3A1,ABFLOW040,Natural gas,15.036898334458355,,15.036898334458355
France,2019,1A3A1,ABFLOW040,Oil,15.036898334458355,,15.036898334458355
France,2019,1A3A2,ABFLOW029,Coal,29.48411438129089,,29.48411438129089
France,2019,1A3A2,ABFLOW029,Natural gas,29.48411438129089,,29.48411438129089
France,2019,1A3A2,ABFLOW029,Oil,29.48411438129089,,29.48411438129089
France,2019,1A3B,ABFLOW028,Coal,,52.85335616581888,52.85335616581888
France,2019,1A3B,ABFLOW028,Natural gas,,52.85335616581888,52.85335616581888
France,2019,1A3B,ABFLOW028,Oil,,52.85335616581888,52.85335616581888
France,2019,1A3C,ABFLOW030,Coal,,,0.0
France,2019,1A3C,ABFLOW030,Natural gas,,,0.0
France,2019,1A3C,ABFLOW030,Oil,,,0.0
France,2019,1A3D1,ABFLOW039,Coal,,,0.0
France,2019,1A3D1,ABFLOW039,Natural gas,,,0.0
France,2019,1A3D1,ABFLOW039,Oil,,,0.0
France,2019,1A3D2,ABFLOW032,Coal,,,0.0
France,2019,1A3D2,ABFLOW032,Natural gas,,,0.0
France,2019,1A3D2,ABFLOW032,Oil,,,0.0
France,2019,1A3E1,ABFLOW033,Coal,,,0.0
France,2019,1A3E1,ABFLOW033,Natural gas,,,0.0
France,2019,1A3E1,ABFLOW033,Oil,,,0.0
France,2019,1A4A,ABFLOW035,Coal,,52.85335616581888,52.85335616581888
France,2019,1A4A,ABFLOW035,Natural gas,,52.85335616581888,52.85335616581888
France,2019,1A4A,ABFLOW035,Oil,,52.85335616581888,52.85335616581888
France,2019,1A4B,ABFLOW034,Coal,,52.85335616581888,52.85335616581888
France,2019,1A4B,ABFLOW034,Natural gas,,52.85335616581888,52.85335616581888
France,2019,1A4B,ABFLOW034,Oil,,52.85335616581888,52.85335616581888
France,2019,1A4C1,ABFLOW036,Coal,,,0.0
France,2019,1A4C1,ABFLOW036,Natural gas,,,0.0
France,2019,1A4C1,ABFLOW036,Oil,,,0.0
France,2019,1A4C2,ABFLOW037,Coal,,,0.0
France,2019,1A4C2,ABFLOW037,Natural gas,,,0.0
France,2019,1A4C2,ABFLOW037,Oil,,,0.0
France,2019,1A5,ABFLOW038,Coal,,,0.0
France,2019,1A5,ABFLOW038,Natural gas,,,0.0
France,2019,1A5,ABFLOW038,Oil,,,0.0
France,2020,1A,ABFLOW001,Coal,,,0.0
France,2020,1A,ABFLOW001,Natural gas,,,0.0
France,2020,1A,ABFLOW001,Oil,,,0.0
France,2020,1A1A,ABFLOW002,Coal,,,0.0
France,2020,1A1A,ABFLOW002,Natural gas,,,0.0
France,2020,1A1A,ABFLOW002,Oil,,,0.0
France,2020,1A1A1,ABFLOW003,Coal,28.49338119166494,,28.49338119166494
France,2020,1A1A1,ABFLOW003,Natural gas,28.49338119166494,,28.49338119166494
France,2020,1A1A1,ABFLOW003,Oil,28.49338119166494,,28.49338119166494
France,2020,1A1A2,ABFLOW004,Coal,28.49338119166494,,28.49338119166494
France,2020,1A1A2,ABFLOW004,Natural gas,28.49338119166494,,28.49338119166494
France,2020,1A1A2,ABFLOW004,Oil,28.49338119166494,,28.49338119166494
France,2020,1A1A3,ABFLOW005,Coal,28.49338119166494,,28.49338119166494
France,2020,1A1A3,ABFLOW005,Natural gas,28.49338119166494,,28.49338119166494
France,2020,1A1A3,ABFLOW005,Oil,28.49338119166494,,28.49338119166494
France,2020,1A1B,ABFLOW011,Coal,28.49338119166494,51.32491119338677,79.8182923850517
France,2020,1A1B,ABFLOW011,Natural gas,28.49338119166494,51.32491119338677,79.8182923850517
France,2020,1A1B,ABFLOW011,Oil,28.49338119166494,51.32491119338677,79.8182923850517
France,2020,1A1C,ABFLOW011,Coal,28.49338119166494,51.32491119338677,79.8182923850517
France,2020,1A1C,ABFLOW011,Natural gas,28.49338119166494,51.32491119338677,79.8182923850517
France,2020,1A1C,ABFLOW011,Oil,28.49338119166494,51.32491119338677,79.8182923850517
France,2020,1A2,ABFLOW012,Coal,,,0.0
France,2020,1A2,ABFLOW012,Natural gas,,,0.0
France,2020,1A2,ABFLOW012,Oil,,,0.0
France,2020,1A2A,ABFLOW016,Coal,28.49338119166494,,28.49338119166494
France,2020,1A2A,ABFLOW016,Natural gas,28.49338119166494,,28.49338119166494
France,2020,1A2A,ABFLOW016,Oil,28.49338119166494,,28.49338119166494
France,2020,1A2B,ABFLOW018,Coal,28.49338119166494,,28.49338119166494
France,2020,1A2B,ABFLOW018,Natural gas,28.49338119166494,,28.49338119166494
France,2020,1A2B,ABFLOW018,Oil,28.49338119166494,,28.49338119166494
France,2020,1A2C,ABFLOW017,Coal,28.49338119166494,,28.49338119166494
France,2020,1A2C,ABFLOW017,Natural gas,28.49338119166494,,28.49338119166494
France,2020,1A2C,ABFLOW017,Oil,28.49338119166494,,28.49338119166494
France,2020,1A2D,ABFLOW023,Coal,28.49338119166494,,28.49338119166494
France,2020,1A2D,ABFLOW023,Natural gas,28.49338119166494,,28.49338119166494
France,2020,1A2D,ABFLOW023,Oil,28.49338119166494,,28.49338119166494
France,2020,1A2E,ABFLOW022,Coal,28.49338119166494,,28.49338119166494
France,2020,1A2E,ABFLOW022,Natural gas,28.49338119166494,,28.49338119166494
France,2020,1A2E,ABFLOW022,Oil,28.49338119166494,,28.49338119166494
France,2020,1A2F,ABFLOW019,Coal,28.49338119166494,,28.49338119166494
France,2020,1A2F,ABFLOW019,Natural gas,28.49338119166494,,28.49338119166494
France,2020,1A2F,ABFLOW019,Oil,28.49338119166494,,28.49338119166494
France,2020,1A2G,ABFLOW020,Coal,28.49338119166494,,28.49338119166494
France,2020,1A2G,ABFLOW020,Natural gas,28.49338119166494,,28.49338119166494
France,2020,1A2G,ABFLOW020,Oil,28.49338119166494,,28.49338119166494
France,2020,1A2H,ABFLOW021,Coal,28.49338119166494,,28.49338119166494
France,2020,1A2H,ABFLOW021,Natural gas,28.49338119166494,,28.49338119166494
France,2020,1A2H,ABFLOW021,Oil,28.49338119166494,,28.49338119166494
France,2020,1A2I,ABFLOW013,Coal,28.49338119166494,,28.49338119166494
France,2020,1A2I,ABFLOW013,Natural gas,28.49338119166494,,28.49338119166494
France,2020,1A2I,ABFLOW013,Oil,28.49338119166494,,28.49338119166494
France,2020,1A2J,ABFLOW024,Coal,28.49338119166494,,28.49338119166494
France,2020,1A2J,ABFLOW024,Natural gas,28.49338119166494,,28.49338119166494
France,2020,1A2J,ABFLOW024,Oil,28.49338119166494,,28.49338119166494
France,2020,1A2K,ABFLOW014,Coal,28.49338119166494,,28.49338119166494
France,2020,1A2K,ABFLOW014,Natural gas,28.49338119166494,,28.49338119166494
France,2020,1A2K,ABFLOW014,Oil,28.49338119166494,,28.49338119166494
France,2020,1A2L,ABFLOW025,Coal,28.49338119166494,,28.49338119166494
France,2020,1A2L,ABFLOW025,Natural gas,28.49338119166494,,28.49338119166494
France,2020,1A2L,ABFLOW025,Oil,28.49338119166494,,28.49338119166494
France,2020,1A2M,ABFLOW026,Coal,28.49338119166494,,28.49338119166494
France,2020,1A2M,ABFLOW026,Natural gas,28.49338119166494,,28.49338119166494
France,2020,1A2M,ABFLOW026,Oil,28.49338119166494,,28.49338119166494
France,2020,1A3,ABFLOW027,Coal,,,0.0
France,2020,1A3,ABFLOW027,Natural gas,,,0.0
France,2020,1A3,ABFLOW027,Oil,,,0.0
France,2020,1A3A1,ABFLOW040,Coal,14.53162440774912,,14.53162440774912
France,2020,1A3A1,ABFLOW040,Natural gas,14.53162440774912,,14.53162440774912
France,2020,1A3A1,ABFLOW040,Oil,14.53162440774912,,14.53162440774912
France,2020,1A3A2,ABFLOW029,Coal,28.49338119166494,,28.49338119166494
France,2020,1A3A2,ABFLOW029,Natural gas,28.49338119166494,,28.49338119166494
France,2020,1A3A2,ABFLOW029,Oil,28.49338119166494,,28.49338119166494
France,2020,1A3B,ABFLOW028,Coal,,51.32491119338677,51.32491119338677
France,2020,1A3B,ABFLOW028,Natural gas,,51.32491119338677,51.32491119338677
France,2020,1A3B,ABFLOW028,Oil,,51.32491119338677,51.32491119338677
France,2020,1A3C,ABFLOW030,Coal,,,0.0
France,2020,1A3C,ABFLOW030,Natural gas,,,0.0
France,2020,1A3C,ABFLOW030,Oil,,,0.0
France,2020,1A3D1,ABFLOW039,Coal,,,0.0
France,2020,1A3D1,ABFLOW039,Natural gas,,,0.0
France,2020,1A3D1,ABFLOW039,Oil,,,0.0
France,2020,1A3D2,ABFLOW032,Coal,,,0.0
France,2020,1A3D2,ABFLOW032,Natural gas,,,0.0
France,2020,1A3D2,ABFLOW032,Oil,,,0.0
France,2020,1A3E1,ABFLOW033,Coal,,,0.0
France,2020,1A3E1,ABFLOW033,Natural gas,,,0.0
France,2020,1A3E1,ABFLOW033,Oil,,,0.0
France,2020,1A4A,ABFLOW035,Coal,,51.32491119338677,51.32491119338677
France,2020,1A4A,ABFLOW035,Natural gas,,51.32491119338677,51.32491119338677
France,2020,1A4A,ABFLOW035,Oil,,51.32491119338677,51.32491119338677
France,2020,1A4B,ABFLOW034,Coal,,51.32491119338677,51.32491119338677
France,2020,1A4B,ABFLOW034,Natural gas,,51.32491119338677,51.32491119338677
France,2020,1A4B,ABFLOW034,Oil,,51.32491119338677,51.32491119338677
France,2020,1A4C1,ABFLOW036,Coal,,,0.0
France,2020,1A4C1,ABFLOW036,Natural gas,,,0.0
France,2020,1A4C1,ABFLOW036,Oil,,,0.0
France,2020,1A4C2,ABFLOW037,Coal,,,0.0
France,2020,1A4C2,ABFLOW037,Natural gas,,,0.0
France,2020,1A4C2,ABFLOW037,Oil,,,0.0
France,2020,1A5,ABFLOW038,Coal,,,0.0
France,2020,1A5,ABFLOW038,Natural gas,,,0.0
France,2020,1A5,ABFLOW038,Oil,,,0.0
France,2021,1A,ABFLOW001,Coal,,,0.0
France,2021,1A,ABFLOW001,Natural gas,,,0.0
France,2021,1A,ABFLOW001,Oil,,,0.0
France,2021,1A1A,ABFLOW002,Coal,,,0.0
France,2021,1A1A,ABFLOW002,Natural gas,,,0.0
France,2021,1A1A,ABFLOW002,Oil,,,0.0
France,2021,1A1A1,ABFLOW003,Coal,60.89193727539277,,60.89193727539277
France,2021,1A1A1,ABFLOW003,Natural gas,60.89193727539277,,60.89193727539277
France,2021,1A1A1,ABFLOW003,Oil,60.89193727539277,,60.89193727539277
France,2021,1A1A2,ABFLOW004,Coal,60.89193727539277,,60.89193727539277
France,2021,1A1A2,ABFLOW004,Natural gas,60.89193727539277,,60.89193727539277
France,2021,1A1A2,ABFLOW004,Oil,60.89193727539277,,60.89193727539277
France,2021,1A1A3,ABFLOW005,Coal,60.89193727539277,,60.89193727539277
France,2021,1A1A3,ABFLOW005,Natural gas,60.89193727539277,,60.89193727539277
France,2021,1A1A3,ABFLOW005,Oil,60.89193727539277,,60.89193727539277
France,2021,1A1B,ABFLOW011,Coal,60.89193727539277,50.70538466173483,111.5973219371276
France,2021,1A1B,ABFLOW011,Natural gas,60.89193727539277,50.70538466173483,111.5973219371276
France,2021,1A1B,ABFLOW011,Oil,60.89193727539277,50.70538466173483,111.5973219371276
France,2021,1A1C,ABFLOW011,Coal,60.89193727539277,50.70538466173483,111.5973219371276
France,2021,1A1C,ABFLOW011,Natural gas,60.89193727539277,50.70538466173483,111.5973219371276
France,2021,1A1C,ABFLOW011,Oil,60.89193727539277,50.70538466173483,111.5973219371276
France,2021,1A2,ABFLOW012,Coal,,,0.0
France,2021,1A2,ABFLOW012,Natural gas,,,0.0
France,2021,1A2,ABFLOW012,Oil,,,0.0
France,2021,1A2A,ABFLOW016,Coal,60.89193727539277,,60.89193727539277
France,2021,1A2A,ABFLOW016,Natural gas,60.89193727539277,,60.89193727539277
France,2021,1A2A,ABFLOW016,Oil,60.89193727539277,,60.89193727539277
France,2021,1A2B,ABFLOW018,Coal,60.89193727539277,,60.89193727539277
France,2021,1A2B,ABFLOW018,Natural gas,60.89193727539277,,60.89193727539277
France,2021,1A2B,ABFLOW018,Oil,60.89193727539277,,60.89193727539277
France,2021,1A2C,ABFLOW017,Coal,60.89193727539277,,60.89193727539277
France,2021,1A2C,ABFLOW017,Natural gas,60.89193727539277,,60.89193727539277
France,2021,1A2C,ABFLOW017,Oil,60.89193727539277,,60.89193727539277
France,2021,1A2D,ABFLOW023,Coal,60.89193727539277,,60.89193727539277
France,2021,1A2D,ABFLOW023,Natural gas,60.89193727539277,,60.89193727539277
France,2021,1A2D,ABFLOW023,Oil,60.89193727539277,,60.89193727539277
France,2021,1A2E,ABFLOW022,Coal,60.89193727539277,,60.89193727539277
France,2021,1A2E,ABFLOW022,Natural gas,60.89193727539277,,60.89193727539277
France,2021,1A2E,ABFLOW022,Oil,60.89193727539277,,60.89193727539277
France,2021,1A2F,ABFLOW019,Coal,60.89193727539277,,60.89193727539277
France,2021,1A2F,ABFLOW019,Natural gas,60.89193727539277,,60.89193727539277
France,2021,1A2F,ABFLOW019,Oil,60.89193727539277,,60.89193727539277
France,2021,1A2G,ABFLOW020,Coal,60.89193727539277,,60.89193727539277
France,2021,1A2G,ABFLOW020,Natural gas,60.89193727539277,,60.89193727539277
France,2021,1A2G,ABFLOW020,Oil,60.89193727539277,,60.89193727539277
France,2021,1A2H,ABFLOW021,Coal,60.89193727539277,,60.89193727539277
France,2021,1A2H,ABFLOW021,Natural gas,60.89193727539277,,60.89193727539277
France,2021,1A2H,ABFLOW021,Oil,60.89193727539277,,60.89193727539277
France,2021,1A2I,ABFLOW013,Coal,60.89193727539277,,60.89193727539277
France,2021,1A2I,ABFLOW013,Natural gas,60.89193727539277,,60.89193727539277
France,2021,1A2I,ABFLOW013,Oil,60.89193727539277,,60.89193727539277
France,2021,1A2J,ABFLOW024,Coal,60.89193727539277,,60.89193727539277
France,2021,1A2J,ABFLOW024,Natural gas,60.89193727539277,,60.89193727539277
France,2021,1A2J,ABFLOW024,Oil,60.89193727539277,,60.89193727539277
France,2021,1A2K,ABFLOW014,Coal,60.89193727539277,,60.89193727539277
France,2021,1A2K,ABFLOW014,Natural gas,60.89193727539277,,60.89193727539277
France,2021,1A2K,ABFLOW014,Oil,60.89193727539277,,60.89193727539277
France,2021,1A2L,ABFLOW025,Coal,60.89193727539277,,60.89193727539277
France,2021,1A2L,ABFLOW025,Natural gas,60.89193727539277,,60.89193727539277
France,2021,1A2L,ABFLOW025,Oil,60.89193727539277,,60.89193727539277
France,2021,1A2M,ABFLOW026,Coal,60.89193727539277,,60.89193727539277
France,2021,1A2M,ABFLOW026,Natural gas,60.89193727539277,,60.89193727539277
France,2021,1A2M,ABFLOW026,Oil,60.89193727539277,,60.89193727539277
France,2021,1A3,ABFLOW027,Coal,,,0.0
France,2021,1A3,ABFLOW027,Natural gas,,,0.0
France,2021,1A3,ABFLOW027,Oil,,,0.0
France,2021,1A3A1,ABFLOW040,Coal,31.054888010450313,,31.054888010450313
France,2021,1A3A1,ABFLOW040,Natural gas,31.054888010450313,,31.054888010450313
France,2021,1A3A1,ABFLOW040,Oil,31.054888010450313,,31.054888010450313
France,2021,1A3A2,ABFLOW029,Coal,60.89193727539277,,60.89193727539277
France,2021,1A3A2,ABFLOW029,Natural gas,60.89193727539277,,60.89193727539277
France,2021,1A3A2,ABFLOW029,Oil,60.89193727539277,,60.89193727539277
France,2021,1A3B,ABFLOW028,Coal,,50.70538466173483,50.70538466173483
France,2021,1A3B,ABFLOW028,Natural gas,,50.70538466173483,50.70538466173483
France,2021,1A3B,ABFLOW028,Oil,,50.70538466173483,50.70538466173483
France,2021,1A3C,ABFLOW030,Coal,,,0.0
France,2021,1A3C,ABFLOW030,Natural gas,,,0.0
France,2021,1A3C,ABFLOW030,Oil,,,0.0
France,2021,1A3D1,ABFLOW039,Coal,,,0.0
France,2021,1A3D1,ABFLOW039,Natural gas,,,0.0
France,2021,1A3D1,ABFLOW039,Oil,,,0.0
France,2021,1A3D2,ABFLOW032,Coal,,,0.0
France,2021,1A3D2,ABFLOW032,Natural gas,,,0.0
France,2021,1A3D2,ABFLOW032,Oil,,,0.0
France,2021,1A3E1,ABFLOW033,Coal,,,0.0
France,2021,1A3E1,ABFLOW033,Natural gas,,,0.0
France,2021,1A3E1,ABFLOW033,Oil,,,0.0
France,2021,1A4A,ABFLOW035,Coal,,50.70538466173483,50.70538466173483
France,2021,1A4A,ABFLOW035,Natural gas,,50.70538466173483,50.70538466173483
France,2021,1A4A,ABFLOW035,Oil,,50.70538466173483,50.70538466173483
France,2021,1A4B,ABFLOW034,Coal,,50.70538466173483,50.70538466173483
France,2021,1A4B,ABFLOW034,Natural gas,,50.70538466173483,50.70538466173483
France,2021,1A4B,ABFLOW034,Oil,,50.70538466173483,50.70538466173483
France,2021,1A4C1,ABFLOW036,Coal,,,0.0
France,2021,1A4C1,ABFLOW036,Natural gas,,,0.0
France,2021,1A4C1,ABFLOW036,Oil,,,0.0
France,2021,1A4C2,ABFLOW037,Coal,,,0.0
France,2021,1A4C2,ABFLOW037,Natural gas,,,0.0
France,2021,1A4C2,ABFLOW037,Oil,,,0.0
France,2021,1A5,ABFLOW038,Coal,,,0.0
France,2021,1A5,ABFLOW038,Natural gas,,,0.0
France,2021,1A5,ABFLOW038,Oil,,,0.0
France,2022,1A,ABFLOW001,Coal,,,0.0
France,2022,1A,ABFLOW001,Natural gas,,,0.0
France,2022,1A,ABFLOW001,Oil,,,0.0
France,2022,1A1A,ABFLOW002,Coal,,,0.0
France,2022,1A1A,ABFLOW002,Natural gas,,,0.0
France,2022,1A1A,ABFLOW002,Oil,,,0.0
France,2022,1A1A1,ABFLOW003,Coal,89.14888348754165,,89.14888348754165
France,2022,1A1A1,ABFLOW003,Natural gas,89.14888348754165,,89.14888348754165
France,2022,1A1A1,ABFLOW003,Oil,89.14888348754165,,89.14888348754165
France,2022,1A1A2,ABFLOW004,Coal,89.14888348754165,,89.14888348754165
France,2022,1A1A2,ABFLOW004,Natural gas,89.14888348754165,,89.14888348754165
France,2022,1A1A2,ABFLOW004,Oil,89.14888348754165,,89.14888348754165
France,2022,1A1A3,ABFLOW005,Coal,89.14888348754165,,89.14888348754165
France,2022,1A1A3,ABFLOW005,Natural gas,89.14888348754165,,89.14888348754165
France,2022,1A1A3,ABFLOW005,Oil,89.14888348754165,,89.14888348754165
France,2022,1A1B,ABFLOW011,Coal,89.14888348754165,49.1233037255295,138.27218721307116
France,2022,1A1B,ABFLOW011,Natural gas,89.14888348754165,49.1233037255295,138.27218721307116
France,2022,1A1B,ABFLOW011,Oil,89.14888348754165,49.1233037255295,138.27218721307116
France,2022,1A1C,ABFLOW011,Coal,89.14888348754165,49.1233037255295,138.27218721307116
France,2022,1A1C,ABFLOW011,Natural gas,89.14888348754165,49.1233037255295,138.27218721307116
France,2022,1A1C,ABFLOW011,Oil,89.14888348754165,49.1233037255295,138.27218721307116
France,2022,1A2,ABFLOW012,Coal,,,0.0
France,2022,1A2,ABFLOW012,Natural gas,,,0.0
France,2022,1A2,ABFLOW012,Oil,,,0.0
France,2022,1A2A,ABFLOW016,Coal,89.14888348754165,,89.14888348754165
France,2022,1A2A,ABFLOW016,Natural gas,89.14888348754165,,89.14888348754165
France,2022,1A2A,ABFLOW016,Oil,89.14888348754165,,89.14888348754165
France,2022,1A2B,ABFLOW018,Coal,89.14888348754165,,89.14888348754165
France,2022,1A2B,ABFLOW018,Natural gas,89.14888348754165,,89.14888348754165
France,2022,1A2B,ABFLOW018,Oil,89.14888348754165,,89.14888348754165
France,2022,1A2C,ABFLOW017,Coal,89.14888348754165,,89.14888348754165
France,2022,1A2C,ABFLOW017,Natural gas,89.14888348754165,,89.14888348754165
France,2022,1A2C,ABFLOW017,Oil,89.14888348754165,,89.14888348754165
France,2022,1A2D,ABFLOW023,Coal,89.14888348754165,,89.14888348754165
France,2022,1A2D,ABFLOW023,Natural gas,89.14888348754165,,89.14888348754165
France,2022,1A2D,ABFLOW023,Oil,89.14888348754165,,89.14888348754165
France,2022,1A2E,ABFLOW022,Coal,89.14888348754165,,89.14888348754165
France,2022,1A2E,ABFLOW022,Natural gas,89.14888348754165,,89.14888348754165
France,2022,1A2E,ABFLOW022,Oil,89.14888348754165,,89.14888348754165
France,2022,1A2F,ABFLOW019,Coal,89.14888348754165,,89.14888348754165
France,2022,1A2F,ABFLOW019,Natural gas,89.14888348754165,,89.14888348754165
France,2022,1A2F,ABFLOW019,Oil,89.14888348754165,,89.14888348754165
France,2022,1A2G,ABFLOW020,Coal,89.14888348754165,,89.14888348754165
France,2022,1A2G,ABFLOW020,Natural gas,89.14888348754165,,89.14888348754165
France,2022,1A2G,ABFLOW020,Oil,89.14888348754165,,89.14888348754165
France,2022,1A2H,ABFLOW021,Coal,89.14888348754165,,89.14888348754165
France,2022,1A2H,ABFLOW021,Natural gas,89.14888348754165,,89.14888348754165
France,2022,1A2H,ABFLOW021,Oil,89.14888348754165,,89.14888348754165
France,2022,1A2I,ABFLOW013,Coal,89.14888348754165,,89.14888348754165
France,2022,1A2I,ABFLOW013,Natural gas,89.14888348754165,,89.14888348754165
France,2022,1A2I,ABFLOW013,Oil,89.14888348754165,,89.14888348754165
France,2022,1A2J,ABFLOW024,Coal,89.14888348754165,,89.14888348754165
France,2022,1A2J,ABFLOW024,Natural gas,89.14888348754165,,89.14888348754165
France,2022,1A2J,ABFLOW024,Oil,89.14888348754165,,89.14888348754165
France,2022,1A2K,ABFLOW014,Coal,89.14888348754165,,89.14888348754165
France,2022,1A2K,ABFLOW014,Natural gas,89.14888348754165,,89.14888348754165
France,2022,1A2K,ABFLOW014,Oil,89.14888348754165,,89.14888348754165
France,2022,1A2L,ABFLOW025,Coal,89.14888348754165,,89.14888348754165
France,2022,1A2L,ABFLOW025,Natural gas,89.14888348754165,,89.14888348754165
France,2022,1A2L,ABFLOW025,Oil,89.14888348754165,,89.14888348754165
France,2022,1A2M,ABFLOW026,Coal,89.14888348754165,,89.14888348754165
France,2022,1A2M,ABFLOW026,Natural gas,89.14888348754165,,89.14888348754165
France,2022,1A2M,ABFLOW026,Oil,89.14888348754165,,89.14888348754165
France,2022,1A3,ABFLOW027,Coal,,,0.0
France,2022,1A3,ABFLOW027,Natural gas,,,0.0
France,2022,1A3,ABFLOW027,Oil,,,0.0
France,2022,1A3A1,ABFLOW040,Coal,45.465930578646244,,45.465930578646244
France,2022,1A3A1,ABFLOW040,Natural gas,45.465930578646244,,45.465930578646244
France,2022,1A3A1,ABFLOW040,Oil,45.465930578646244,,45.465930578646244
France,2022,1A3A2,ABFLOW029,Coal,89.14888348754165,,89.14888348754165
France,2022,1A3A2,ABFLOW029,Natural gas,89.14888348754165,,89.14888348754165
France,2022,1A3A2,ABFLOW029,Oil,89.14888348754165,,89.14888348754165
France,2022,1A3B,ABFLOW028,Coal,,49.1233037255295,49.1233037255295
France,2022,1A3B,ABFLOW028,Natural gas,,49.1233037255295,49.1233037255295
France,2022,1A3B,ABFLOW028,Oil,,49.1233037255295,49.1233037255295
France,2022,1A3C,ABFLOW030,Coal,,,0.0
France,2022,1A3C,ABFLOW030,Natural gas,,,0.0
France,2022,1A3C,ABFLOW030,Oil,,,0.0
France,2022,1A3D1,ABFLOW039,Coal,,,0.0
France,2022,1A3D1,ABFLOW039,Natural gas,,,0.0
France,2022,1A3D1,ABFLOW039,Oil,,,0.0
France,2022,1A3D2,ABFLOW032,Coal,,,0.0
France,2022,1A3D2,ABFLOW032,Natural gas,,,0.0
France,2022,1A3D2,ABFLOW032,Oil,,,0.0
France,2022,1A3E1,ABFLOW033,Coal,,,0.0
France,2022,1A3E1,ABFLOW033,Natural gas,,,0.0
France,2022,1A3E1,ABFLOW033,Oil,,,0.0
France,2022,1A4A,ABFLOW035,Coal,,49.1233037255295,49.1233037255295
France,2022,1A4A,ABFLOW035,Natural gas,,49.1233037255295,49.1233037255295
France,2022,1A4A,ABFLOW035,Oil,,49.1233037255295,49.1233037255295
France,2022,1A4B,ABFLOW034,Coal,,49.1233037255295,49.1233037255295
France,2022,1A4B,ABFLOW034,Natural gas,,49.1233037255295,49.1233037255295
France,2022,1A4B,ABFLOW034,Oil,,49.1233037255295,49.1233037255295
France,2022,1A4C1,ABFLOW036,Coal,,,0.0
France,2022,1A4C1,ABFLOW036,Natural gas,,,0.0
France,2022,1A4C1,ABFLOW036,Oil,,,0.0
France,2022,1A4C2,ABFLOW037,Coal,,,0.0
France,2022,1A4C2,ABFLOW037,Natural gas,,,0.0
France,2022,1A4C2,ABFLOW037,Oil,,,0.0
France,2022,1A5,ABFLOW038,Coal,,,0.0
France,2022,1A5,ABFLOW038,Natural gas,,,0.0
France,2022,1A5,ABFLOW038,Oil,,,0.0
France,2023,1A,ABFLOW001,Coal,,,0.0
France,2023,1A,ABFLOW001,Natural gas,,,0.0
France,2023,1A,ABFLOW001,Oil,,,0.0
France,2023,1A1A,ABFLOW002,Coal,,,0.0
France,2023,1A1A,ABFLOW002,Natural gas,,,0.0
France,2023,1A1A,ABFLOW002,Oil,,,0.0
France,2023,1A1A1,ABFLOW003,Coal,87.67126290550179,,87.67126290550179
France,2023,1A1A1,ABFLOW003,Natural gas,87.67126290550179,,87.67126290550179
France,2023,1A1A1,ABFLOW003,Oil,87.67126290550179,,87.67126290550179
France,2023,1A1A2,ABFLOW004,Coal,87.67126290550179,,87.67126290550179
France,2023,1A1A2,ABFLOW004,Natural gas,87.67126290550179,,87.67126290550179
France,2023,1A1A2,ABFLOW004,Oil,87.67126290550179,,87.67126290550179
France,2023,1A1A3,ABFLOW005,Coal,87.67126290550179,,87.67126290550179
France,2023,1A1A3,ABFLOW005,Natural gas,87.67126290550179,,87.67126290550179
France,2023,1A1A3,ABFLOW005,Oil,87.67126290550179,,87.67126290550179
France,2023,1A1B,ABFLOW011,Coal,87.67126290550179,46.6492284130921,134.3204913185939
France,2023,1A1B,ABFLOW011,Natural gas,87.67126290550179,46.6492284130921,134.3204913185939
France,2023,1A1B,ABFLOW011,Oil,87.67126290550179,46.6492284130921,134.3204913185939
France,2023,1A1C,ABFLOW011,Coal,87.67126290550179,46.6492284130921,134.3204913185939
France,2023,1A1C,ABFLOW011,Natural gas,87.67126290550179,46.6492284130921,134.3204913185939
France,2023,1A1C,ABFLOW011,Oil,87.67126290550179,46.6492284130921,134.3204913185939
France,2023,1A2,ABFLOW012,Coal,,,0.0
France,2023,1A2,ABFLOW012,Natural gas,,,0.0
France,2023,1A2,ABFLOW012,Oil,,,0.0
France,2023,1A2A,ABFLOW016,Coal,87.67126290550179,,87.67126290550179
France,2023,1A2A,ABFLOW016,Natural gas,87.67126290550179,,87.67126290550179
France,2023,1A2A,ABFLOW016,Oil,87.67126290550179,,87.67126290550179
France,2023,1A2B,ABFLOW018,Coal,87.67126290550179,,87.67126290550179
France,2023,1A2B,ABFLOW018,Natural gas,87.67126290550179,,87.67126290550179
France,2023,1A2B,ABFLOW018,Oil,87.67126290550179,,87.67126290550179
France,2023,1A2C,ABFLOW017,Coal,87.67126290550179,,87.67126290550179
France,2023,1A2C,ABFLOW017,Natural gas,87.67126290550179,,87.67126290550179
France,2023,1A2C,ABFLOW017,Oil,87.67126290550179,,87.67126290550179
France,2023,1A2D,ABFLOW023,Coal,87.67126290550179,,87.67126290550179
France,2023,1A2D,ABFLOW023,Natural gas,87.67126290550179,,87.67126290550179
France,2023,1A2D,ABFLOW023,Oil,87.67126290550179,,87.67126290550179
France,2023,1A2E,ABFLOW022,Coal,87.67126290550179,,87.67126290550179
France,2023,1A2E,ABFLOW022,Natural gas,87.67126290550179,,87.67126290550179
France,2023,1A2E,ABFLOW022,Oil,87.67126290550179,,87.67126290550179
France,2023,1A2F,ABFLOW019,Coal,87.67126290550179,,87.67126290550179
France,2023,1A2F,ABFLOW019,Natural gas,87.67126290550179,,87.67126290550179
France,2023,1A2F,ABFLOW019,Oil,87.67126290550179,,87.67126290550179
France,2023,1A2G,ABFLOW020,Coal,87.67126290550179,,87.67126290550179
France,2023,1A2G,ABFLOW020,Natural gas,87.67126290550179,,87.67126290550179
France,2023,1A2G,ABFLOW020,Oil,87.67126290550179,,87.67126290550179
France,2023,1A2H,ABFLOW021,Coal,87.67126290550179,,87.67126290550179
France,2023,1A2H,ABFLOW021,Natural gas,87.67126290550179,,87.67126290550179
France,2023,1A2H,ABFLOW021,Oil,87.67126290550179,,87.67126290550179
France,2023,1A2I,ABFLOW013,Coal,87.67126290550179,,87.67126290550179
France,2023,1A2I,ABFLOW013,Natural gas,87.67126290550179,,87.67126290550179
France,2023,1A2I,ABFLOW013,Oil,87.67126290550179,,87.67126290550179
France,2023,1A2J,ABFLOW024,Coal,87.67126290550179,,87.67126290550179
France,2023,1A2J,ABFLOW024,Natural gas,87.67126290550179,,87.67126290550179
France,2023,1A2J,ABFLOW024,Oil,87.67126290550179,,87.67126290550179
France,2023,1A2K,ABFLOW014,Coal,87.67126290550179,,87.67126290550179
France,2023,1A2K,ABFLOW014,Natural gas,87.67126290550179,,87.67126290550179
France,2023,1A2K,ABFLOW014,Oil,87.67126290550179,,87.67126290550179
France,2023,1A2L,ABFLOW025,Coal,87.67126290550179,,87.67126290550179
France,2023,1A2L,ABFLOW025,Natural gas,87.67126290550179,,87.67126290550179
France,2023,1A2L,ABFLOW025,Oil,87.67126290550179,,87.67126290550179
France,2023,1A2M,ABFLOW026,Coal,87.67126290550179,,87.67126290550179
France,2023,1A2M,ABFLOW026,Natural gas,87.67126290550179,,87.67126290550179
France,2023,1A2M,ABFLOW026,Oil,87.67126290550179,,87.67126290550179
France,2023,1A3,ABFLOW027,Coal,,,0.0
France,2023,1A3,ABFLOW027,Natural gas,,,0.0
France,2023,1A3,ABFLOW027,Oil,,,0.0
France,2023,1A3A1,ABFLOW040,Coal,44.71234408180592,,44.71234408180592
France,2023,1A3A1,ABFLOW040,Natural gas,44.71234408180592,,44.71234408180592
France,2023,1A3A1,ABFLOW040,Oil,44.71234408180592,,44.71234408180592
France,2023,1A3A2,ABFLOW029,Coal,87.67126290550179,,87.67126290550179
France,2023,1A3A2,ABFLOW029,Natural gas,87.67126290550179,,87.67126290550179
France,2023,1A3A2,ABFLOW029,Oil,87.67126290550179,,87.67126290550179
France,2023,1A3B,ABFLOW028,Coal,,46.6492284130921,46.6492284130921
France,2023,1A3B,ABFLOW028,Natural gas,,46.6492284130921,46.6492284130921
France,2023,1A3B,ABFLOW028,Oil,,46.6492284130921,46.6492284130921
France,2023,1A3C,ABFLOW030,Coal,,,0.0
France,2023,1A3C,ABFLOW030,Natural gas,,,0.0
France,2023,1A3C,ABFLOW030,Oil,,,0.0
France,2023,1A3D1,ABFLOW039,Coal,,,0.0
France,2023,1A3D1,ABFLOW039,Natural gas,,,0.0
France,2023,1A3D1,ABFLOW039,Oil,,,0.0
France,2023,1A3D2,ABFLOW032,Coal,,,0.0
France,2023,1A3D2,ABFLOW032,Natural gas,,,0.0
France,2023,1A3D2,ABFLOW032,Oil,,,0.0
France,2023,1A3E1,ABFLOW033,Coal,,,0.0
France,2023,1A3E1,ABFLOW033,Natural gas,,,0.0
France,2023,1A3E1,ABFLOW033,Oil,,,0.0
France,2023,1A4A,ABFLOW035,Coal,,46.6492284130921,46.6492284130921
France,2023,1A4A,ABFLOW035,Natural gas,,46.6492284130921,46.6492284130921
France,2023,1A4A,ABFLOW035,Oil,,46.6492284130921,46.6492284130921
France,2023,1A4B,ABFLOW034,Coal,,46.6492284130921,46.6492284130921
France,2023,1A4B,ABFLOW034,Natural gas,,46.6492284130921,46.6492284130921
France,2023,1A4B,ABFLOW034,Oil,,46.6492284130921,46.6492284130921
France,2023,1A4C1,ABFLOW036,Coal,,,0.0
France,2023,1A4C1,ABFLOW036,Natural gas,,,0.0
France,2023,1A4C1,ABFLOW036,Oil,,,0.0
France,2023,1A4C2,ABFLOW037,Coal,,,0.0
France,2023,1A4C2,ABFLOW037,Natural gas,,,0.0
France,2023,1A4C2,ABFLOW037,Oil,,,0.0
France,2023,1A5,ABFLOW038,Coal,,,0.0
France,2023,1A5,ABFLOW038,Natural gas,,,0.0
France,2023,1A5,ABFLOW038,Oil,,,0.0
France,2024,1A,ABFLOW001,Coal,,,0.0
France,2024,1A,ABFLOW001,Natural gas,,,0.0
France,2024,1A,ABFLOW001,Oil,,,0.0
France,2024,1A1A,ABFLOW002,Coal,,,0.0
France,2024,1A1A,ABFLOW002,Natural gas,,,0.0
France,2024,1A1A,ABFLOW002,Oil,,,0.0
France,2024,1A1A1,ABFLOW003,Coal,67.87148950057279,,67.87148950057279
France,2024,1A1A1,ABFLOW003,Natural gas,67.87148950057279,,67.87148950057279
France,2024,1A1A1,ABFLOW003,Oil,67.87148950057279,,67.87148950057279
France,2024,1A1A2,ABFLOW004,Coal,67.87148950057279,,67.87148950057279
France,2024,1A1A2,ABFLOW004,Natural gas,67.87148950057279,,67.87148950057279
France,2024,1A1A2,ABFLOW004,Oil,67.87148950057279,,67.87148950057279
France,2024,1A1A3,ABFLOW005,Coal,67.87148950057279,,67.87148950057279
France,2024,1A1A3,ABFLOW005,Natural gas,67.87148950057279,,67.87148950057279
France,2024,1A1A3,ABFLOW005,Oil,67.87148950057279,,67.87148950057279
France,2024,1A1B,ABFLOW011,Coal,67.87148950057279,46.6492284130921,114.5207179136649
France,2024,1A1B,ABFLOW011,Natural gas,67.87148950057279,46.6492284130921,114.5207179136649
France,2024,1A1B,ABFLOW011,Oil,67.87148950057279,46.6492284130921,114.5207179136649
France,2024,1A1C,ABFLOW011,Coal,67.87148950057279,46.6492284130921,114.5207179136649
France,2024,1A1C,ABFLOW011,Natural gas,67.87148950057279,46.6492284130921,114.5207179136649
France,2024,1A1C,ABFLOW011,Oil,67.87148950057279,46.6492284130921,114.5207179136649
France,2024,1A2,ABFLOW012,Coal,,,0.0
France,2024,1A2,ABFLOW012,Natural gas,,,0.0
France,2024,1A2,ABFLOW012,Oil,,,0.0
France,2024,1A2A,ABFLOW016,Coal,67.87148950057279,,67.87148950057279
France,2024,1A2A,ABFLOW016,Natural gas,67.87148950057279,,67.87148950057279
France,2024,1A2A,ABFLOW016,Oil,67.87148950057279,,67.87148950057279
France,2024,1A2B,ABFLOW018,Coal,67.87148950057279,,67.87148950057279
France,2024,1A2B,ABFLOW018,Natural gas,67.87148950057279,,67.87148950057279
France,2024,1A2B,ABFLOW018,Oil,67.87148950057279,,67.87148950057279
France,2024,1A2C,ABFLOW017,Coal,67.87148950057279,,67.87148950057279
France,2024,1A2C,ABFLOW017,Natural gas,67.87148950057279,,67.87148950057279
France,2024,1A2C,ABFLOW017,Oil,67.87148950057279,,67.87148950057279
France,2024,1A2D,ABFLOW023,Coal,67.87148950057279,,67.87148950057279
France,2024,1A2D,ABFLOW023,Natural gas,67.87148950057279,,67.87148950057279
France,2024,1A2D,ABFLOW023,Oil,67.87148950057279,,67.87148950057279
France,2024,1A2E,ABFLOW022,Coal,67.87148950057279,,67.87148950057279
France,2024,1A2E,ABFLOW022,Natural gas,67.87148950057279,,67.87148950057279
France,2024,1A2E,ABFLOW022,Oil,67.87148950057279,,67.87148950057279
France,2024,1A2F,ABFLOW019,Coal,67.87148950057279,,67.87148950057279
France,2024,1A2F,ABFLOW019,Natural gas,67.87148950057279,,67.87148950057279
France,2024,1A2F,ABFLOW019,Oil,67.87148950057279,,67.87148950057279
France,2024,1A2G,ABFLOW020,Coal,67.87148950057279,,67.87148950057279
France,2024,1A2G,ABFLOW020,Natural gas,67.87148950057279,,67.87148950057279
France,2024,1A2G,ABFLOW020,Oil,67.87148950057279,,67.87148950057279
France,2024,1A2H,ABFLOW021,Coal,67.87148950057279,,67.87148950057279
France,2024,1A2H,ABFLOW021,Natural gas,67.87148950057279,,67.87148950057279
France,2024,1A2H,ABFLOW021,Oil,67.87148950057279,,67.87148950057279
France,2024,1A2I,ABFLOW013,Coal,67.87148950057279,,67.87148950057279
France,2024,1A2I,ABFLOW013,Natural gas,67.87148950057279,,67.87148950057279
France,2024,1A2I,ABFLOW013,Oil,67.87148950057279,,67.87148950057279
France,2024,1A2J,ABFLOW024,Coal,67.87148950057279,,67.87148950057279
France,2024,1A2J,ABFLOW024,Natural gas,67.87148950057279,,67.87148950057279
France,2024,1A2J,ABFLOW024,Oil,67.87148950057279,,67.87148950057279
France,2024,1A2K,ABFLOW014,Coal,67.87148950057279,,67.87148950057279
France,2024,1A2K,ABFLOW014,Natural gas,67.87148950057279,,67.87148950057279
France,2024,1A2K,ABFLOW014,Oil,67.87148950057279,,67.87148950057279
France,2024,1A2L,ABFLOW025,Coal,67.87148950057279,,67.87148950057279
France,2024,1A2L,ABFLOW025,Natural gas,67.87148950057279,,67.87148950057279
France,2024,1A2L,ABFLOW025,Oil,67.87148950057279,,67.87148950057279
France,2024,1A2M,ABFLOW026,Coal,67.87148950057279,,67.87148950057279
France,2024,1A2M,ABFLOW026,Natural gas,67.87148950057279,,67.87148950057279
France,2024,1A2M,ABFLOW026,Oil,67.87148950057279,,67.87148950057279
France,2024,1A3,ABFLOW027,Coal,,,0.0
France,2024,1A3,ABFLOW027,Natural gas,,,0.0
France,2024,1A3,ABFLOW027,Oil,,,0.0
France,2024,1A3A1,ABFLOW040,Coal,34.61445964529212,,34.61445964529212
France,2024,1A3A1,ABFLOW040,Natural gas,34.61445964529212,,34.61445964529212
France,2024,1A3A1,ABFLOW040,Oil,34.61445964529212,,34.61445964529212
France,2024,1A3A2,ABFLOW029,Coal,67.87148950057279,,67.87148950057279
France,2024,1A3A2,ABFLOW029,Natural gas,67.87148950057279,,67.87148950057279
France,2024,1A3A2,ABFLOW029,Oil,67.87148950057279,,67.87148950057279
France,2024,1A3B,ABFLOW028,Coal,,46.6492284130921,46.6492284130921
France,2024,1A3B,ABFLOW028,Natural gas,,46.6492284130921,46.6492284130921
France,2024,1A3B,ABFLOW028,Oil,,46.6492284130921,46.6492284130921
France,2024,1A3C,ABFLOW030,Coal,,,0.0
France,2024,1A3C,ABFLOW030,Natural gas,,,0.0
France,2024,1A3C,ABFLOW030,Oil,,,0.0
France,2024,1A3D1,ABFLOW039,Coal,,,0.0
France,2024,1A3D1,ABFLOW039,Natural gas,,,0.0
France,2024,1A3D1,ABFLOW039,Oil,,,0.0
France,2024,1A3D2,ABFLOW032,Coal,67.87148950057279,,67.87148950057279
France,2024,1A3D2,ABFLOW032,Natural gas,67.87148950057279,,67.87148950057279
France,2024,1A3D2,ABFLOW032,Oil,67.87148950057279,,67.87148950057279
France,2024,1A3E1,ABFLOW033,Coal,,,0.0
France,2024,1A3E1,ABFLOW033,Natural gas,,,0.0
France,2024,1A3E1,ABFLOW033,Oil,,,0.0
France,2024,1A4A,ABFLOW035,Coal,,46.6492284130921,46.6492284130921
France,2024,1A4A,ABFLOW035,Natural gas,,46.6492284130921,46.6492284130921
France,2024,1A4A,ABFLOW035,Oil,,46.6492284130921,46.6492284130921
France,2024,1A4B,ABFLOW034,Coal,,46.6492284130921,46.6492284130921
France,2024,1A4B,ABFLOW034,Natural gas,,46.6492284130921,46.6492284130921
France,2024,1A4B,ABFLOW034,Oil,,46.6492284130921,46.6492284130921
France,2024,1A4C1,ABFLOW036,Coal,,,0.0
France,2024,1A4C1,ABFLOW036,Natural gas,,,0.0
France,2024,1A4C1,ABFLOW036,Oil,,,0.0
France,2024,1A4C2,ABFLOW037,Coal,,,0.0
France,2024,1A4C2,ABFLOW037,Natural gas,,,0.0
France,2024,1A4C2,ABFLOW037,Oil,,,0.0
France,2024,1A5,ABFLOW038,Coal,,,0.0
France,2024,1A5,ABFLOW038,Natural gas,,,0.0
France,2024,1A5,ABFLOW038,Oil,,,0.0
France,2025,1A,ABFLOW001,Coal,,,0.0
France,2025,1A,ABFLOW001,Natural gas,,,0.0
France,2025,1A,ABFLOW001,Oil,,,0.0
France,2025,1A1A,ABFLOW002,Coal,,,0.0
France,2025,1A1A,ABFLOW002,Natural gas,,,0.0
France,2025,1A1A,ABFLOW002,Oil,,,0.0
France,2025,1A1A1,ABFLOW003,Coal,75.70563122286113,,75.70563122286113
France,2025,1A1A1,ABFLOW003,Natural gas,75.70563122286113,,75.70563122286113
France,2025,1A1A1,ABFLOW003,Oil,75.70563122286113,,75.70563122286113
France,2025,1A1A2,ABFLOW004,Coal,75.70563122286113,,75.70563122286113
France,2025,1A1A2,ABFLOW004,Natural gas,75.70563122286113,,75.70563122286113
France,2025,1A1A2,ABFLOW004,Oil,75.70563122286113,,75.70563122286113
France,2025,1A1A3,ABFLOW005,Coal,75.70563122286113,,75.70563122286113
France,2025,1A1A3,ABFLOW005,Natural gas,75.70563122286113,,75.70563122286113
France,2025,1A1A3,ABFLOW005,Oil,75.70563122286113,,75.70563122286113
France,2025,1A1B,ABFLOW011,Coal,75.70563122286113,46.6492284130921,122.35485963595323
France,2025,1A1B,ABFLOW011,Natural gas,75.70563122286113,46.6492284130921,122.35485963595323
France,2025,1A1B,ABFLOW011,Oil,75.70563122286113,46.6492284130921,122.35485963595323
France,2025,1A1C,ABFLOW011,Coal,75.70563122286113,46.6492284130921,122.35485963595323
France,2025,1A1C,ABFLOW011,Natural gas,75.70563122286113,46.6492284130921,122.35485963595323
France,2025,1A1C,ABFLOW011,Oil,75.70563122286113,46.6492284130921,122.35485963595323
France,2025,1A2,ABFLOW012,Coal,,,0.0
France,2025,1A2,ABFLOW012,Natural gas,,,0.0
France,2025,1A2,ABFLOW012,Oil,,,0.0
France,2025,1A2A,ABFLOW016,Coal,75.70563122286113,,75.70563122286113
France,2025,1A2A,ABFLOW016,Natural gas,75.70563122286113,,75.70563122286113
France,2025,1A2A,ABFLOW016,Oil,75.70563122286113,,75.70563122286113
France,2025,1A2B,ABFLOW018,Coal,75.70563122286113,,75.70563122286113
France,2025,1A2B,ABFLOW018,Natural gas,75.70563122286113,,75.70563122286113
France,2025,1A2B,ABFLOW018,Oil,75.70563122286113,,75.70563122286113
France,2025,1A2C,ABFLOW017,Coal,75.70563122286113,,75.70563122286113
France,2025,1A2C,ABFLOW017,Natural gas,75.70563122286113,,75.70563122286113
France,2025,1A2C,ABFLOW017,Oil,75.70563122286113,,75.70563122286113
France,2025,1A2D,ABFLOW023,Coal,75.70563122286113,,75.70563122286113
France,2025,1A2D,ABFLOW023,Natural gas,75.70563122286113,,75.70563122286113
France,2025,1A2D,ABFLOW023,Oil,75.70563122286113,,75.70563122286113
France,2025,1A2E,ABFLOW022,Coal,75.70563122286113,,75.70563122286113
France,2025,1A2E,ABFLOW022,Natural gas,75.70563122286113,,75.70563122286113
France,2025,1A2E,ABFLOW022,Oil,75.70563122286113,,75.70563122286113
France,2025,1A2F,ABFLOW019,Coal,75.70563122286113,,75.70563122286113
France,2025,1A2F,ABFLOW019,Natural gas,75.70563122286113,,75.70563122286113
France,2025,1A2F,ABFLOW019,Oil,75.70563122286113,,75.70563122286113
France,2025,1A2G,ABFLOW020,Coal,75.70563122286113,,75.70563122286113
France,2025,1A2G,ABFLOW020,Natural gas,75.70563122286113,,75.70563122286113
France,2025,1A2G,ABFLOW020,Oil,75.70563122286113,,75.70563122286113
France,2025,1A2H,ABFLOW021,Coal,75.70563122286113,,75.70563122286113
France,2025,1A2H,ABFLOW021,Natural gas,75.70563122286113,,75.70563122286113
France,2025,1A2H,ABFLOW021,Oil,75.70563122286113,,75.70563122286113
France,2025,1A2I,ABFLOW013,Coal,75.70563122286113,,75.70563122286113
France,2025,1A2I,ABFLOW013,Natural gas,75.70563122286113,,75.70563122286113
France,2025,1A2I,ABFLOW013,Oil,75.70563122286113,,75.70563122286113
France,2025,1A2J,ABFLOW024,Coal,75.70563122286113,,75.70563122286113
France,2025,1A2J,ABFLOW024,Natural gas,75.70563122286113,,75.70563122286113
France,2025,1A2J,ABFLOW024,Oil,75.70563122286113,,75.70563122286113
France,2025,1A2K,ABFLOW014,Coal,75.70563122286113,,75.70563122286113
France,2025,1A2K,ABFLOW014,Natural gas,75.70563122286113,,75.70563122286113
France,2025,1A2K,ABFLOW014,Oil,75.70563122286113,,75.70563122286113
France,2025,1A2L,ABFLOW025,Coal,75.70563122286113,,75.70563122286113
France,2025,1A2L,ABFLOW025,Natural gas,75.70563122286113,,75.70563122286113
France,2025,1A2L,ABFLOW025,Oil,75.70563122286113,,75.70563122286113
France,2025,1A2M,ABFLOW026,Coal,75.70563122286113,,75.70563122286113
France,2025,1A2M,ABFLOW026,Natural gas,75.70563122286113,,75.70563122286113
France,2025,1A2M,ABFLOW026,Oil,75.70563122286113,,75.70563122286113
France,2025,1A3,ABFLOW027,Coal,,,0.0
France,2025,1A3,ABFLOW027,Natural gas,,,0.0
France,2025,1A3,ABFLOW027,Oil,,,0.0
France,2025,1A3A1,ABFLOW040,Coal,75.70563122286113,,75.70563122286113
France,2025,1A3A1,ABFLOW040,Natural gas,75.70563122286113,,75.70563122286113
France,2025,1A3A1,ABFLOW040,Oil,75.70563122286113,,75.70563122286113
France,2025,1A3A2,ABFLOW029,Coal,75.70563122286113,,75.70563122286113
France,2025,1A3A2,ABFLOW029,Natural gas,75.70563122286113,,75.70563122286113
France,2025,1A3A2,ABFLOW029,Oil,75.70563122286113,,75.70563122286113
France,2025,1A3B,ABFLOW028,Coal,,46.6492284130921,46.6492284130921
France,2025,1A3B,ABFLOW028,Natural gas,,46.6492284130921,46.6492284130921
France,2025,1A3B,ABFLOW028,Oil,,46.6492284130921,46.6492284130921
France,2025,1A3C,ABFLOW030,Coal,,,0.0
France,2025,1A3C,ABFLOW030,Natural gas,,,0.0
France,2025,1A3C,ABFLOW030,Oil,,,0.0
France,2025,1A3D1,ABFLOW039,Coal,,,0.0
France,2025,1A3D1,ABFLOW039,Natural gas,,,0.0
France,2025,1A3D1,ABFLOW039,Oil,,,0.0
France,2025,1A3D2,ABFLOW032,Coal,75.70563122286113,,75.70563122286113
France,2025,1A3D2,ABFLOW032,Natural gas,75.70563122286113,,75.70563122286113
France,2025,1A3D2,ABFLOW032,Oil,75.70563122286113,,75.70563122286113
France,2025,1A3E1,ABFLOW033,Coal,,,0.0
France,2025,1A3E1,ABFLOW033,Natural gas,,,0.0
France,2025,1A3E1,ABFLOW033,Oil,,,0.0
France,2025,1A4A,ABFLOW035,Coal,,46.6492284130921,46.6492284130921
France,2025,1A4A,ABFLOW035,Natural gas,,46.6492284130921,46.6492284130921
France,2025,1A4A,ABFLOW035,Oil,,46.6492284130921,46.6492284130921
France,2025,1A4B,ABFLOW034,Coal,,46.6492284130921,46.6492284130921
France,2025,1A4B,ABFLOW034,Natural gas,,46.6492284130921,46.6492284130921
France,2025,1A4B,ABFLOW034,Oil,,46.6492284130921,46.6492284130921
France,2025,1A4C1,ABFLOW036,Coal,,,0.0
France,2025,1A4C1,ABFLOW036,Natural gas,,,0.0
France,2025,1A4C1,ABFLOW036,Oil,,,0.0
France,2025,1A4C2,ABFLOW037,Coal,,,0.0
France,2025,1A4C2,ABFLOW037,Natural gas,,,0.0
France,2025,1A4C2,ABFLOW037,Oil,,,0.0
France,2025,1A5,ABFLOW038,Coal,,,0.0
France,2025,1A5,ABFLOW038,Natural gas,,,0.0
France,2025,1A5,ABFLOW038,Oil,,,0.0
