jurisdiction,year,ipcc_code,iea_code,Product,ets_price_usd_k,tax_rate_incl_ex_usd_k,all_inst_usd_k
Spain,1989,1A,ABFLOW001,Coal,,,0.0
Spain,1989,1A,ABFLOW001,Natural gas,,,0.0
Spain,1989,1A,ABFLOW001,Oil,,,0.0
Spain,1989,1A1A,ABFLOW002,Coal,,,0.0
Spain,1989,1A1A,ABFLOW002,Natural gas,,,0.0
Spain,1989,1A1A,ABFLOW002,Oil,,,0.0
Spain,1989,1A1A1,ABFLOW003,Coal,,,0.0
Spain,1989,1A1A1,ABFLOW003,Natural gas,,,0.0
Spain,1989,1A1A1,ABFLOW003,Oil,,,0.0
Spain,1989,1A1A2,ABFLOW004,Coal,,,0.0
Spain,1989,1A1A2,ABFLOW004,Natural gas,,,0.0
Spain,1989,1A1A2,ABFLOW004,Oil,,,0.0
Spain,1989,1A1A3,ABFLOW005,Coal,,,0.0
Spain,1989,1A1A3,ABFLOW005,Natural gas,,,0.0
Spain,1989,1A1A3,ABFLOW005,Oil,,,0.0
Spain,1989,1A1B,ABFLOW011,Coal,,,0.0
Spain,1989,1A1B,ABFLOW011,Natural gas,,,0.0
Spain,1989,1A1B,ABFLOW011,Oil,,,0.0
Spain,1989,1A1C,ABFLOW011,Coal,,,0.0
Spain,1989,1A1C,ABFLOW011,Natural gas,,,0.0
Spain,1989,1A1C,ABFLOW011,Oil,,,0.0
Spain,1989,1A2,ABFLOW012,Coal,,,0.0
Spain,1989,1A2,ABFLOW012,Natural gas,,,0.0
Spain,1989,1A2,ABFLOW012,Oil,,,0.0
Spain,1989,1A2A,ABFLOW016,Coal,,,0.0
Spain,1989,1A2A,ABFLOW016,Natural gas,,,0.0
Spain,1989,1A2A,ABFLOW016,Oil,,,0.0
Spain,1989,1A2B,ABFLOW018,Coal,,,0.0
Spain,1989,1A2B,ABFLOW018,Natural gas,,,0.0
Spain,1989,1A2B,ABFLOW018,Oil,,,0.0
Spain,1989,1A2C,ABFLOW017,Coal,,,0.0
Spain,1989,1A2C,ABFLOW017,Natural gas,,,0.0
Spain,1989,1A2C,ABFLOW017,Oil,,,0.0
Spain,1989,1A2D,ABFLOW023,Coal,,,0.0
Spain,1989,1A2D,ABFLOW023,Natural gas,,,0.0
Spain,1989,1A2D,ABFLOW023,Oil,,,0.0
Spain,1989,1A2E,ABFLOW022,Coal,,,0.0
Spain,1989,1A2E,ABFLOW022,Natural gas,,,0.0
Spain,1989,1A2E,ABFLOW022,Oil,,,0.0
Spain,1989,1A2F,ABFLOW019,Coal,,,0.0
Spain,1989,1A2F,ABFLOW019,Natural gas,,,0.0
Spain,1989,1A2F,ABFLOW019,Oil,,,0.0
Spain,1989,1A2G,ABFLOW020,Coal,,,0.0
Spain,1989,1A2G,ABFLOW020,Natural gas,,,0.0
Spain,1989,1A2G,ABFLOW020,Oil,,,0.0
Spain,1989,1A2H,ABFLOW021,Coal,,,0.0
Spain,1989,1A2H,ABFLOW021,Natural gas,,,0.0
Spain,1989,1A2H,ABFLOW021,Oil,,,0.0
Spain,1989,1A2I,ABFLOW013,Coal,,,0.0
Spain,1989,1A2I,ABFLOW013,Natural gas,,,0.0
Spain,1989,1A2I,ABFLOW013,Oil,,,0.0
Spain,1989,1A2J,ABFLOW024,Coal,,,0.0
Spain,1989,1A2J,ABFLOW024,Natural gas,,,0.0
Spain,1989,1A2J,ABFLOW024,Oil,,,0.0
Spain,1989,1A2K,ABFLOW014,Coal,,,0.0
Spain,1989,1A2K,ABFLOW014,Natural gas,,,0.0
Spain,1989,1A2K,ABFLOW014,Oil,,,0.0
Spain,1989,1A2L,ABFLOW025,Coal,,,0.0
Spain,1989,1A2L,ABFLOW025,Natural gas,,,0.0
Spain,1989,1A2L,ABFLOW025,Oil,,,0.0
Spain,1989,1A2M,ABFLOW026,Coal,,,0.0
Spain,1989,1A2M,ABFLOW026,Natural gas,,,0.0
Spain,1989,1A2M,ABFLOW026,Oil,,,0.0
Spain,1989,1A3,ABFLOW027,Coal,,,0.0
Spain,1989,1A3,ABFLOW027,Natural gas,,,0.0
Spain,1989,1A3,ABFLOW027,Oil,,,0.0
Spain,1989,1A3A1,ABFLOW040,Coal,,,0.0
Spain,1989,1A3A1,ABFLOW040,Natural gas,,,0.0
Spain,1989,1A3A1,ABFLOW040,Oil,,,0.0
Spain,1989,1A3A2,ABFLOW029,Coal,,,0.0
Spain,1989,1A3A2,ABFLOW029,Natural gas,,,0.0
Spain,1989,1A3A2,ABFLOW029,Oil,,,0.0
Spain,1989,1A3B,ABFLOW028,Coal,,,0.0
Spain,1989,1A3B,ABFLOW028,Natural gas,,,0.0
Spain,1989,1A3B,ABFLOW028,Oil,,,0.0
Spain,1989,1A3C,ABFLOW030,Coal,,,0.0
Spain,1989,1A3C,ABFLOW030,Natural gas,,,0.0
Spain,1989,1A3C,ABFLOW030,Oil,,,0.0
Spain,1989,1A3D1,ABFLOW039,Coal,,,0.0
Spain,1989,1A3D1,ABFLOW039,Natural gas,,,0.0
Spain,1989,1A3D1,ABFLOW039,Oil,,,0.0
Spain,1989,1A3D2,ABFLOW032,Coal,,,0.0
Spain,1989,1A3D2,ABFLOW032,Natural gas,,,0.0
Spain,1989,1A3D2,ABFLOW032,Oil,,,0.0
Spain,1989,1A3E1,ABFLOW033,Coal,,,0.0
Spain,1989,1A3E1,ABFLOW033,Natural gas,,,0.0
Spain,1989,1A3E1,ABFLOW033,Oil,,,0.0
Spain,1989,1A4A,ABFLOW035,Coal,,,0.0
Spain,1989,1A4A,ABFLOW035,Natural gas,,,0.0
Spain,1989,1A4A,ABFLOW035,Oil,,,0.0
Spain,1989,1A4B,ABFLOW034,Coal,,,0.0
Spain,1989,1A4B,ABFLOW034,Natural gas,,,0.0
Spain,1989,1A4B,ABFLOW034,Oil,,,0.0
Spain,1989,1A4C1,ABFLOW036,Coal,,,0.0
Spain,1989,1A4C1,ABFLOW036,Natural gas,,,0.0
Spain,1989,1A4C1,ABFLOW036,Oil,,,0.0
Spain,1989,1A4C2,ABFLOW037,Coal,,,0.0
Spain,1989,1A4C2,ABFLOW037,Natural gas,,,0.0
Spain,1989,1A4C2,ABFLOW037,Oil,,,0.0
Spain,1989,1A5,ABFLOW038,Coal,,,0.0
Spain,1989,1A5,ABFLOW038,Natural gas,,,0.0
Spain,1989,1A5,ABFLOW038,Oil,,,0.0
Spain,1990,1A,ABFLOW001,Coal,,,0.0
Spain,1990,1A,ABFLOW001,Natural gas,,,0.0
Spain,1990,1A,ABFLOW001,Oil,,,0.0
Spain,1990,1A1A,ABFLOW002,Coal,,,0.0
Spain,1990,1A1A,ABFLOW002,Natural gas,,,0.0
Spain,1990,1A1A,ABFLOW002,Oil,,,0.0
Spain,1990,1A1A1,ABFLOW003,Coal,,,0.0
Spain,1990,1A1A1,ABFLOW003,Natural gas,,,0.0
Spain,1990,1A1A1,ABFLOW003,Oil,,,0.0
Spain,1990,1A1A2,ABFLOW004,Coal,,,0.0
Spain,1990,1A1A2,ABFLOW004,Natural gas,,,0.0
Spain,1990,1A1A2,ABFLOW004,Oil,,,0.0
Spain,1990,1A1A3,ABFLOW005,Coal,,,0.0
Spain,1990,1A1A3,ABFLOW005,Natural gas,,,0.0
Spain,1990,1A1A3,ABFLOW005,Oil,,,0.0
Spain,1990,1A1B,ABFLOW011,Coal,,,0.0
Spain,1990,1A1B,ABFLOW011,Natural gas,,,0.0
Spain,1990,1A1B,ABFLOW011,Oil,,,0.0
Spain,1990,1A1C,ABFLOW011,Coal,,,0.0
Spain,1990,1A1C,ABFLOW011,Natural gas,,,0.0
Spain,1990,1A1C,ABFLOW011,Oil,,,0.0
Spain,1990,1A2,ABFLOW012,Coal,,,0.0
Spain,1990,1A2,ABFLOW012,Natural gas,,,0.0
Spain,1990,1A2,ABFLOW012,Oil,,,0.0
Spain,1990,1A2A,ABFLOW016,Coal,,,0.0
Spain,1990,1A2A,ABFLOW016,Natural gas,,,0.0
Spain,1990,1A2A,ABFLOW016,Oil,,,0.0
Spain,1990,1A2B,ABFLOW018,Coal,,,0.0
Spain,1990,1A2B,ABFLOW018,Natural gas,,,0.0
Spain,1990,1A2B,ABFLOW018,Oil,,,0.0
Spain,1990,1A2C,ABFLOW017,Coal,,,0.0
Spain,1990,1A2C,ABFLOW017,Natural gas,,,0.0
Spain,1990,1A2C,ABFLOW017,Oil,,,0.0
Spain,1990,1A2D,ABFLOW023,Coal,,,0.0
Spain,1990,1A2D,ABFLOW023,Natural gas,,,0.0
Spain,1990,1A2D,ABFLOW023,Oil,,,0.0
Spain,1990,1A2E,ABFLOW022,Coal,,,0.0
Spain,1990,1A2E,ABFLOW022,Natural gas,,,0.0
Spain,1990,1A2E,ABFLOW022,Oil,,,0.0
Spain,1990,1A2F,ABFLOW019,Coal,,,0.0
Spain,1990,1A2F,ABFLOW019,Natural gas,,,0.0
Spain,1990,1A2F,ABFLOW019,Oil,,,0.0
Spain,1990,1A2G,ABFLOW020,Coal,,,0.0
Spain,1990,1A2G,ABFLOW020,Natural gas,,,0.0
Spain,1990,1A2G,ABFLOW020,Oil,,,0.0
Spain,1990,1A2H,ABFLOW021,Coal,,,0.0
Spain,1990,1A2H,ABFLOW021,Natural gas,,,0.0
Spain,1990,1A2H,ABFLOW021,Oil,,,0.0
Spain,1990,1A2I,ABFLOW013,Coal,,,0.0
Spain,1990,1A2I,ABFLOW013,Natural gas,,,0.0
Spain,1990,1A2I,ABFLOW013,Oil,,,0.0
Spain,1990,1A2J,ABFLOW024,Coal,,,0.0
Spain,1990,1A2J,ABFLOW024,Natural gas,,,0.0
Spain,1990,1A2J,ABFLOW024,Oil,,,0.0
Spain,1990,1A2K,ABFLOW014,Coal,,,0.0
Spain,1990,1A2K,ABFLOW014,Natural gas,,,0.0
Spain,1990,1A2K,ABFLOW014,Oil,,,0.0
Spain,1990,1A2L,ABFLOW025,Coal,,,0.0
Spain,1990,1A2L,ABFLOW025,Natural gas,,,0.0
Spain,1990,1A2L,ABFLOW025,Oil,,,0.0
Spain,1990,1A2M,ABFLOW026,Coal,,,0.0
Spain,1990,1A2M,ABFLOW026,Natural gas,,,0.0
Spain,1990,1A2M,ABFLOW026,Oil,,,0.0
Spain,1990,1A3,ABFLOW027,Coal,,,0.0
Spain,1990,1A3,ABFLOW027,Natural gas,,,0.0
Spain,1990,1A3,ABFLOW027,Oil,,,0.0
Spain,1990,1A3A1,ABFLOW040,Coal,,,0.0
Spain,1990,1A3A1,ABFLOW040,Natural gas,,,0.0
Spain,1990,1A3A1,ABFLOW040,Oil,,,0.0
Spain,1990,1A3A2,ABFLOW029,Coal,,,0.0
Spain,1990,1A3A2,ABFLOW029,Natural gas,,,0.0
Spain,1990,1A3A2,ABFLOW029,Oil,,,0.0
Spain,1990,1A3B,ABFLOW028,Coal,,,0.0
Spain,1990,1A3B,ABFLOW028,Natural gas,,,0.0
Spain,1990,1A3B,ABFLOW028,Oil,,,0.0
Spain,1990,1A3C,ABFLOW030,Coal,,,0.0
Spain,1990,1A3C,ABFLOW030,Natural gas,,,0.0
Spain,1990,1A3C,ABFLOW030,Oil,,,0.0
Spain,1990,1A3D1,ABFLOW039,Coal,,,0.0
Spain,1990,1A3D1,ABFLOW039,Natural gas,,,0.0
Spain,1990,1A3D1,ABFLOW039,Oil,,,0.0
Spain,1990,1A3D2,ABFLOW032,Coal,,,0.0
Spain,1990,1A3D2,ABFLOW032,Natural gas,,,0.0
Spain,1990,1A3D2,ABFLOW032,Oil,,,0.0
Spain,1990,1A3E1,ABFLOW033,Coal,,,0.0
Spain,1990,1A3E1,ABFLOW033,Natural gas,,,0.0
Spain,1990,1A3E1,ABFLOW033,Oil,,,0.0
Spain,1990,1A4A,ABFLOW035,Coal,,,0.0
Spain,1990,1A4A,ABFLOW035,Natural gas,,,0.0
Spain,1990,1A4A,ABFLOW035,Oil,,,0.0
Spain,1990,1A4B,ABFLOW034,Coal,,,0.0
Spain,1990,1A4B,ABFLOW034,Natural gas,,,0.0
Spain,1990,1A4B,ABFLOW034,Oil,,,0.0
Spain,1990,1A4C1,ABFLOW036,Coal,,,0.0
Spain,1990,1A4C1,ABFLOW036,Natural gas,,,0.0
Spain,1990,1A4C1,ABFLOW036,Oil,,,0.0
Spain,1990,1A4C2,ABFLOW037,Coal,,,0.0
Spain,1990,1A4C2,ABFLOW037,Natural gas,,,0.0
Spain,1990,1A4C2,ABFLOW037,Oil,,,0.0
Spain,1990,1A5,ABFLOW038,Coal,,,0.0
Spain,1990,1A5,ABFLOW038,Natural gas,,,0.0
Spain,1990,1A5,ABFLOW038,Oil,,,0.0
Spain,1991,1A,ABFLOW001,Coal,,,0.0
Spain,1991,1A,ABFLOW001,Natural gas,,,0.0
Spain,1991,1A,ABFLOW001,Oil,,,0.0
Spain,1991,1A1A,ABFLOW002,Coal,,,0.0
Spain,1991,1A1A,ABFLOW002,Natural gas,,,0.0
Spain,1991,1A1A,ABFLOW002,Oil,,,0.0
Spain,1991,1A1A1,ABFLOW003,Coal,,,0.0
Spain,1991,1A1A1,ABFLOW003,Natural gas,,,0.0
Spain,1991,1A1A1,ABFLOW003,Oil,,,0.0
Spain,1991,1A1A2,ABFLOW004,Coal,,,0.0
Spain,1991,1A1A2,ABFLOW004,Natural gas,,,0.0
Spain,1991,1A1A2,ABFLOW004,Oil,,,0.0
Spain,1991,1A1A3,ABFLOW005,Coal,,,0.0
Spain,1991,1A1A3,ABFLOW005,Natural gas,,,0.0
Spain,1991,1A1A3,ABFLOW005,Oil,,,0.0
Spain,1991,1A1B,ABFLOW011,Coal,,,0.0
Spain,1991,1A1B,ABFLOW011,Natural gas,,,0.0
Spain,1991,1A1B,ABFLOW011,Oil,,,0.0
Spain,1991,1A1C,ABFLOW011,Coal,,,0.0
Spain,1991,1A1C,ABFLOW011,Natural gas,,,0.0
Spain,1991,1A1C,ABFLOW011,Oil,,,0.0
Spain,1991,1A2,ABFLOW012,Coal,,,0.0
Spain,1991,1A2,ABFLOW012,Natural gas,,,0.0
Spain,1991,1A2,ABFLOW012,Oil,,,0.0
Spain,1991,1A2A,ABFLOW016,Coal,,,0.0
Spain,1991,1A2A,ABFLOW016,Natural gas,,,0.0
Spain,1991,1A2A,ABFLOW016,Oil,,,0.0
Spain,1991,1A2B,ABFLOW018,Coal,,,0.0
Spain,1991,1A2B,ABFLOW018,Natural gas,,,0.0
Spain,1991,1A2B,ABFLOW018,Oil,,,0.0
Spain,1991,1A2C,ABFLOW017,Coal,,,0.0
Spain,1991,1A2C,ABFLOW017,Natural gas,,,0.0
Spain,1991,1A2C,ABFLOW017,Oil,,,0.0
Spain,1991,1A2D,ABFLOW023,Coal,,,0.0
Spain,1991,1A2D,ABFLOW023,Natural gas,,,0.0
Spain,1991,1A2D,ABFLOW023,Oil,,,0.0
Spain,1991,1A2E,ABFLOW022,Coal,,,0.0
Spain,1991,1A2E,ABFLOW022,Natural gas,,,0.0
Spain,1991,1A2E,ABFLOW022,Oil,,,0.0
Spain,1991,1A2F,ABFLOW019,Coal,,,0.0
Spain,1991,1A2F,ABFLOW019,Natural gas,,,0.0
Spain,1991,1A2F,ABFLOW019,Oil,,,0.0
Spain,1991,1A2G,ABFLOW020,Coal,,,0.0
Spain,1991,1A2G,ABFLOW020,Natural gas,,,0.0
Spain,1991,1A2G,ABFLOW020,Oil,,,0.0
Spain,1991,1A2H,ABFLOW021,Coal,,,0.0
Spain,1991,1A2H,ABFLOW021,Natural gas,,,0.0
Spain,1991,1A2H,ABFLOW021,Oil,,,0.0
Spain,1991,1A2I,ABFLOW013,Coal,,,0.0
Spain,1991,1A2I,ABFLOW013,Natural gas,,,0.0
Spain,1991,1A2I,ABFLOW013,Oil,,,0.0
Spain,1991,1A2J,ABFLOW024,Coal,,,0.0
Spain,1991,1A2J,ABFLOW024,Natural gas,,,0.0
Spain,1991,1A2J,ABFLOW024,Oil,,,0.0
Spain,1991,1A2K,ABFLOW014,Coal,,,0.0
Spain,1991,1A2K,ABFLOW014,Natural gas,,,0.0
Spain,1991,1A2K,ABFLOW014,Oil,,,0.0
Spain,1991,1A2L,ABFLOW025,Coal,,,0.0
Spain,1991,1A2L,ABFLOW025,Natural gas,,,0.0
Spain,1991,1A2L,ABFLOW025,Oil,,,0.0
Spain,1991,1A2M,ABFLOW026,Coal,,,0.0
Spain,1991,1A2M,ABFLOW026,Natural gas,,,0.0
Spain,1991,1A2M,ABFLOW026,Oil,,,0.0
Spain,1991,1A3,ABFLOW027,Coal,,,0.0
Spain,1991,1A3,ABFLOW027,Natural gas,,,0.0
Spain,1991,1A3,ABFLOW027,Oil,,,0.0
Spain,1991,1A3A1,ABFLOW040,Coal,,,0.0
Spain,1991,1A3A1,ABFLOW040,Natural gas,,,0.0
Spain,1991,1A3A1,ABFLOW040,Oil,,,0.0
Spain,1991,1A3A2,ABFLOW029,Coal,,,0.0
Spain,1991,1A3A2,ABFLOW029,Natural gas,,,0.0
Spain,1991,1A3A2,ABFLOW029,Oil,,,0.0
Spain,1991,1A3B,ABFLOW028,Coal,,,0.0
Spain,1991,1A3B,ABFLOW028,Natural gas,,,0.0
Spain,1991,1A3B,ABFLOW028,Oil,,,0.0
Spain,1991,1A3C,ABFLOW030,Coal,,,0.0
Spain,1991,1A3C,ABFLOW030,Natural gas,,,0.0
Spain,1991,1A3C,ABFLOW030,Oil,,,0.0
Spain,1991,1A3D1,ABFLOW039,Coal,,,0.0
Spain,1991,1A3D1,ABFLOW039,Natural gas,,,0.0
Spain,1991,1A3D1,ABFLOW039,Oil,,,0.0
Spain,1991,1A3D2,ABFLOW032,Coal,,,0.0
Spain,1991,1A3D2,ABFLOW032,Natural gas,,,0.0
Spain,1991,1A3D2,ABFLOW032,Oil,,,0.0
Spain,1991,1A3E1,ABFLOW033,Coal,,,0.0
Spain,1991,1A3E1,ABFLOW033,Natural gas,,,0.0
Spain,1991,1A3E1,ABFLOW033,Oil,,,0.0
Spain,1991,1A4A,ABFLOW035,Coal,,,0.0
Spain,1991,1A4A,ABFLOW035,Natural gas,,,0.0
Spain,1991,1A4A,ABFLOW035,Oil,,,0.0
Spain,1991,1A4B,ABFLOW034,Coal,,,0.0
Spain,1991,1A4B,ABFLOW034,Natural gas,,,0.0
Spain,1991,1A4B,ABFLOW034,Oil,,,0.0
Spain,1991,1A4C1,ABFLOW036,Coal,,,0.0
Spain,1991,1A4C1,ABFLOW036,Natural gas,,,0.0
Spain,1991,1A4C1,ABFLOW036,Oil,,,0.0
Spain,1991,1A4C2,ABFLOW037,Coal,,,0.0
Spain,1991,1A4C2,ABFLOW037,Natural gas,,,0.0
Spain,1991,1A4C2,ABFLOW037,Oil,,,0.0
Spain,1991,1A5,ABFLOW038,Coal,,,0.0
Spain,1991,1A5,ABFLOW038,Natural gas,,,0.0
Spain,1991,1A5,ABFLOW038,Oil,,,0.0
Spain,1992,1A,ABFLOW001,Coal,,,0.0
Spain,1992,1A,ABFLOW001,Natural gas,,,0.0
Spain,1992,1A,ABFLOW001,Oil,,,0.0
Spain,1992,1A1A,ABFLOW002,Coal,,,0.0
Spain,1992,1A1A,ABFLOW002,Natural gas,,,0.0
Spain,1992,1A1A,ABFLOW002,Oil,,,0.0
Spain,1992,1A1A1,ABFLOW003,Coal,,,0.0
Spain,1992,1A1A1,ABFLOW003,Natural gas,,,0.0
Spain,1992,1A1A1,ABFLOW003,Oil,,,0.0
Spain,1992,1A1A2,ABFLOW004,Coal,,,0.0
Spain,1992,1A1A2,ABFLOW004,Natural gas,,,0.0
Spain,1992,1A1A2,ABFLOW004,Oil,,,0.0
Spain,1992,1A1A3,ABFLOW005,Coal,,,0.0
Spain,1992,1A1A3,ABFLOW005,Natural gas,,,0.0
Spain,1992,1A1A3,ABFLOW005,Oil,,,0.0
Spain,1992,1A1B,ABFLOW011,Coal,,,0.0
Spain,1992,1A1B,ABFLOW011,Natural gas,,,0.0
Spain,1992,1A1B,ABFLOW011,Oil,,,0.0
Spain,1992,1A1C,ABFLOW011,Coal,,,0.0
Spain,1992,1A1C,ABFLOW011,Natural gas,,,0.0
Spain,1992,1A1C,ABFLOW011,Oil,,,0.0
Spain,1992,1A2,ABFLOW012,Coal,,,0.0
Spain,1992,1A2,ABFLOW012,Natural gas,,,0.0
Spain,1992,1A2,ABFLOW012,Oil,,,0.0
Spain,1992,1A2A,ABFLOW016,Coal,,,0.0
Spain,1992,1A2A,ABFLOW016,Natural gas,,,0.0
Spain,1992,1A2A,ABFLOW016,Oil,,,0.0
Spain,1992,1A2B,ABFLOW018,Coal,,,0.0
Spain,1992,1A2B,ABFLOW018,Natural gas,,,0.0
Spain,1992,1A2B,ABFLOW018,Oil,,,0.0
Spain,1992,1A2C,ABFLOW017,Coal,,,0.0
Spain,1992,1A2C,ABFLOW017,Natural gas,,,0.0
Spain,1992,1A2C,ABFLOW017,Oil,,,0.0
Spain,1992,1A2D,ABFLOW023,Coal,,,0.0
Spain,1992,1A2D,ABFLOW023,Natural gas,,,0.0
Spain,1992,1A2D,ABFLOW023,Oil,,,0.0
Spain,1992,1A2E,ABFLOW022,Coal,,,0.0
Spain,1992,1A2E,ABFLOW022,Natural gas,,,0.0
Spain,1992,1A2E,ABFLOW022,Oil,,,0.0
Spain,1992,1A2F,ABFLOW019,Coal,,,0.0
Spain,1992,1A2F,ABFLOW019,Natural gas,,,0.0
Spain,1992,1A2F,ABFLOW019,Oil,,,0.0
Spain,1992,1A2G,ABFLOW020,Coal,,,0.0
Spain,1992,1A2G,ABFLOW020,Natural gas,,,0.0
Spain,1992,1A2G,ABFLOW020,Oil,,,0.0
Spain,1992,1A2H,ABFLOW021,Coal,,,0.0
Spain,1992,1A2H,ABFLOW021,Natural gas,,,0.0
Spain,1992,1A2H,ABFLOW021,Oil,,,0.0
Spain,1992,1A2I,ABFLOW013,Coal,,,0.0
Spain,1992,1A2I,ABFLOW013,Natural gas,,,0.0
Spain,1992,1A2I,ABFLOW013,Oil,,,0.0
Spain,1992,1A2J,ABFLOW024,Coal,,,0.0
Spain,1992,1A2J,ABFLOW024,Natural gas,,,0.0
Spain,1992,1A2J,ABFLOW024,Oil,,,0.0
Spain,1992,1A2K,ABFLOW014,Coal,,,0.0
Spain,1992,1A2K,ABFLOW014,Natural gas,,,0.0
Spain,1992,1A2K,ABFLOW014,Oil,,,0.0
Spain,1992,1A2L,ABFLOW025,Coal,,,0.0
Spain,1992,1A2L,ABFLOW025,Natural gas,,,0.0
Spain,1992,1A2L,ABFLOW025,Oil,,,0.0
Spain,1992,1A2M,ABFLOW026,Coal,,,0.0
Spain,1992,1A2M,ABFLOW026,Natural gas,,,0.0
Spain,1992,1A2M,ABFLOW026,Oil,,,0.0
Spain,1992,1A3,ABFLOW027,Coal,,,0.0
Spain,1992,1A3,ABFLOW027,Natural gas,,,0.0
Spain,1992,1A3,ABFLOW027,Oil,,,0.0
Spain,1992,1A3A1,ABFLOW040,Coal,,,0.0
Spain,1992,1A3A1,ABFLOW040,Natural gas,,,0.0
Spain,1992,1A3A1,ABFLOW040,Oil,,,0.0
Spain,1992,1A3A2,ABFLOW029,Coal,,,0.0
Spain,1992,1A3A2,ABFLOW029,Natural gas,,,0.0
Spain,1992,1A3A2,ABFLOW029,Oil,,,0.0
Spain,1992,1A3B,ABFLOW028,Coal,,,0.0
Spain,1992,1A3B,ABFLOW028,Natural gas,,,0.0
Spain,1992,1A3B,ABFLOW028,Oil,,,0.0
Spain,1992,1A3C,ABFLOW030,Coal,,,0.0
Spain,1992,1A3C,ABFLOW030,Natural gas,,,0.0
Spain,1992,1A3C,ABFLOW030,Oil,,,0.0
Spain,1992,1A3D1,ABFLOW039,Coal,,,0.0
Spain,1992,1A3D1,ABFLOW039,Natural gas,,,0.0
Spain,1992,1A3D1,ABFLOW039,Oil,,,0.0
Spain,1992,1A3D2,ABFLOW032,Coal,,,0.0
Spain,1992,1A3D2,ABFLOW032,Natural gas,,,0.0
Spain,1992,1A3D2,ABFLOW032,Oil,,,0.0
Spain,1992,1A3E1,ABFLOW033,Coal,,,0.0
Spain,1992,1A3E1,ABFLOW033,Natural gas,,,0.0
Spain,1992,1A3E1,ABFLOW033,Oil,,,0.0
Spain,1992,1A4A,ABFLOW035,Coal,,,0.0
Spain,1992,1A4A,ABFLOW035,Natural gas,,,0.0
Spain,1992,1A4A,ABFLOW035,Oil,,,0.0
Spain,1992,1A4B,ABFLOW034,Coal,,,0.0
Spain,1992,1A4B,ABFLOW034,Natural gas,,,0.0
Spain,1992,1A4B,ABFLOW034,Oil,,,0.0
Spain,1992,1A4C1,ABFLOW036,Coal,,,0.0
Spain,1992,1A4C1,ABFLOW036,Natural gas,,,0.0
Spain,1992,1A4C1,ABFLOW036,Oil,,,0.0
Spain,1992,1A4C2,ABFLOW037,Coal,,,0.0
Spain,1992,1A4C2,ABFLOW037,Natural gas,,,0.0
Spain,1992,1A4C2,ABFLOW037,Oil,,,0.0
Spain,1992,1A5,ABFLOW038,Coal,,,0.0
Spain,1992,1A5,ABFLOW038,Natural gas,,,0.0
Spain,1992,1A5,ABFLOW038,Oil,,,0.0
Spain,1993,1A,ABFLOW001,Coal,,,0.0
Spain,1993,1A,ABFLOW001,Natural gas,,,0.0
Spain,1993,1A,ABFLOW001,Oil,,,0.0
Spain,1993,1A1A,ABFLOW002,Coal,,,0.0
Spain,1993,1A1A,ABFLOW002,Natural gas,,,0.0
Spain,1993,1A1A,ABFLOW002,Oil,,,0.0
Spain,1993,1A1A1,ABFLOW003,Coal,,,0.0
Spain,1993,1A1A1,ABFLOW003,Natural gas,,,0.0
Spain,1993,1A1A1,ABFLOW003,Oil,,,0.0
Spain,1993,1A1A2,ABFLOW004,Coal,,,0.0
Spain,1993,1A1A2,ABFLOW004,Natural gas,,,0.0
Spain,1993,1A1A2,ABFLOW004,Oil,,,0.0
Spain,1993,1A1A3,ABFLOW005,Coal,,,0.0
Spain,1993,1A1A3,ABFLOW005,Natural gas,,,0.0
Spain,1993,1A1A3,ABFLOW005,Oil,,,0.0
Spain,1993,1A1B,ABFLOW011,Coal,,,0.0
Spain,1993,1A1B,ABFLOW011,Natural gas,,,0.0
Spain,1993,1A1B,ABFLOW011,Oil,,,0.0
Spain,1993,1A1C,ABFLOW011,Coal,,,0.0
Spain,1993,1A1C,ABFLOW011,Natural gas,,,0.0
Spain,1993,1A1C,ABFLOW011,Oil,,,0.0
Spain,1993,1A2,ABFLOW012,Coal,,,0.0
Spain,1993,1A2,ABFLOW012,Natural gas,,,0.0
Spain,1993,1A2,ABFLOW012,Oil,,,0.0
Spain,1993,1A2A,ABFLOW016,Coal,,,0.0
Spain,1993,1A2A,ABFLOW016,Natural gas,,,0.0
Spain,1993,1A2A,ABFLOW016,Oil,,,0.0
Spain,1993,1A2B,ABFLOW018,Coal,,,0.0
Spain,1993,1A2B,ABFLOW018,Natural gas,,,0.0
Spain,1993,1A2B,ABFLOW018,Oil,,,0.0
Spain,1993,1A2C,ABFLOW017,Coal,,,0.0
Spain,1993,1A2C,ABFLOW017,Natural gas,,,0.0
Spain,1993,1A2C,ABFLOW017,Oil,,,0.0
Spain,1993,1A2D,ABFLOW023,Coal,,,0.0
Spain,1993,1A2D,ABFLOW023,Natural gas,,,0.0
Spain,1993,1A2D,ABFLOW023,Oil,,,0.0
Spain,1993,1A2E,ABFLOW022,Coal,,,0.0
Spain,1993,1A2E,ABFLOW022,Natural gas,,,0.0
Spain,1993,1A2E,ABFLOW022,Oil,,,0.0
Spain,1993,1A2F,ABFLOW019,Coal,,,0.0
Spain,1993,1A2F,ABFLOW019,Natural gas,,,0.0
Spain,1993,1A2F,ABFLOW019,Oil,,,0.0
Spain,1993,1A2G,ABFLOW020,Coal,,,0.0
Spain,1993,1A2G,ABFLOW020,Natural gas,,,0.0
Spain,1993,1A2G,ABFLOW020,Oil,,,0.0
Spain,1993,1A2H,ABFLOW021,Coal,,,0.0
Spain,1993,1A2H,ABFLOW021,Natural gas,,,0.0
Spain,1993,1A2H,ABFLOW021,Oil,,,0.0
Spain,1993,1A2I,ABFLOW013,Coal,,,0.0
Spain,1993,1A2I,ABFLOW013,Natural gas,,,0.0
Spain,1993,1A2I,ABFLOW013,Oil,,,0.0
Spain,1993,1A2J,ABFLOW024,Coal,,,0.0
Spain,1993,1A2J,ABFLOW024,Natural gas,,,0.0
Spain,1993,1A2J,ABFLOW024,Oil,,,0.0
Spain,1993,1A2K,ABFLOW014,Coal,,,0.0
Spain,1993,1A2K,ABFLOW014,Natural gas,,,0.0
Spain,1993,1A2K,ABFLOW014,Oil,,,0.0
Spain,1993,1A2L,ABFLOW025,Coal,,,0.0
Spain,1993,1A2L,ABFLOW025,Natural gas,,,0.0
Spain,1993,1A2L,ABFLOW025,Oil,,,0.0
Spain,1993,1A2M,ABFLOW026,Coal,,,0.0
Spain,1993,1A2M,ABFLOW026,Natural gas,,,0.0
Spain,1993,1A2M,ABFLOW026,Oil,,,0.0
Spain,1993,1A3,ABFLOW027,Coal,,,0.0
Spain,1993,1A3,ABFLOW027,Natural gas,,,0.0
Spain,1993,1A3,ABFLOW027,Oil,,,0.0
Spain,1993,1A3A1,ABFLOW040,Coal,,,0.0
Spain,1993,1A3A1,ABFLOW040,Natural gas,,,0.0
Spain,1993,1A3A1,ABFLOW040,Oil,,,0.0
Spain,1993,1A3A2,ABFLOW029,Coal,,,0.0
Spain,1993,1A3A2,ABFLOW029,Natural gas,,,0.0
Spain,1993,1A3A2,ABFLOW029,Oil,,,0.0
Spain,1993,1A3B,ABFLOW028,Coal,,,0.0
Spain,1993,1A3B,ABFLOW028,Natural gas,,,0.0
Spain,1993,1A3B,ABFLOW028,Oil,,,0.0
Spain,1993,1A3C,ABFLOW030,Coal,,,0.0
Spain,1993,1A3C,ABFLOW030,Natural gas,,,0.0
Spain,1993,1A3C,ABFLOW030,Oil,,,0.0
Spain,1993,1A3D1,ABFLOW039,Coal,,,0.0
Spain,1993,1A3D1,ABFLOW039,Natural gas,,,0.0
Spain,1993,1A3D1,ABFLOW039,Oil,,,0.0
Spain,1993,1A3D2,ABFLOW032,Coal,,,0.0
Spain,1993,1A3D2,ABFLOW032,Natural gas,,,0.0
Spain,1993,1A3D2,ABFLOW032,Oil,,,0.0
Spain,1993,1A3E1,ABFLOW033,Coal,,,0.0
Spain,1993,1A3E1,ABFLOW033,Natural gas,,,0.0
Spain,1993,1A3E1,ABFLOW033,Oil,,,0.0
Spain,1993,1A4A,ABFLOW035,Coal,,,0.0
Spain,1993,1A4A,ABFLOW035,Natural gas,,,0.0
Spain,1993,1A4A,ABFLOW035,Oil,,,0.0
Spain,1993,1A4B,ABFLOW034,Coal,,,0.0
Spain,1993,1A4B,ABFLOW034,Natural gas,,,0.0
Spain,1993,1A4B,ABFLOW034,Oil,,,0.0
Spain,1993,1A4C1,ABFLOW036,Coal,,,0.0
Spain,1993,1A4C1,ABFLOW036,Natural gas,,,0.0
Spain,1993,1A4C1,ABFLOW036,Oil,,,0.0
Spain,1993,1A4C2,ABFLOW037,Coal,,,0.0
Spain,1993,1A4C2,ABFLOW037,Natural gas,,,0.0
Spain,1993,1A4C2,ABFLOW037,Oil,,,0.0
Spain,1993,1A5,ABFLOW038,Coal,,,0.0
Spain,1993,1A5,ABFLOW038,Natural gas,,,0.0
Spain,1993,1A5,ABFLOW038,Oil,,,0.0
Spain,1994,1A,ABFLOW001,Coal,,,0.0
Spain,1994,1A,ABFLOW001,Natural gas,,,0.0
Spain,1994,1A,ABFLOW001,Oil,,,0.0
Spain,1994,1A1A,ABFLOW002,Coal,,,0.0
Spain,1994,1A1A,ABFLOW002,Natural gas,,,0.0
Spain,1994,1A1A,ABFLOW002,Oil,,,0.0
Spain,1994,1A1A1,ABFLOW003,Coal,,,0.0
Spain,1994,1A1A1,ABFLOW003,Natural gas,,,0.0
Spain,1994,1A1A1,ABFLOW003,Oil,,,0.0
Spain,1994,1A1A2,ABFLOW004,Coal,,,0.0
Spain,1994,1A1A2,ABFLOW004,Natural gas,,,0.0
Spain,1994,1A1A2,ABFLOW004,Oil,,,0.0
Spain,1994,1A1A3,ABFLOW005,Coal,,,0.0
Spain,1994,1A1A3,ABFLOW005,Natural gas,,,0.0
Spain,1994,1A1A3,ABFLOW005,Oil,,,0.0
Spain,1994,1A1B,ABFLOW011,Coal,,,0.0
Spain,1994,1A1B,ABFLOW011,Natural gas,,,0.0
Spain,1994,1A1B,ABFLOW011,Oil,,,0.0
Spain,1994,1A1C,ABFLOW011,Coal,,,0.0
Spain,1994,1A1C,ABFLOW011,Natural gas,,,0.0
Spain,1994,1A1C,ABFLOW011,Oil,,,0.0
Spain,1994,1A2,ABFLOW012,Coal,,,0.0
Spain,1994,1A2,ABFLOW012,Natural gas,,,0.0
Spain,1994,1A2,ABFLOW012,Oil,,,0.0
Spain,1994,1A2A,ABFLOW016,Coal,,,0.0
Spain,1994,1A2A,ABFLOW016,Natural gas,,,0.0
Spain,1994,1A2A,ABFLOW016,Oil,,,0.0
Spain,1994,1A2B,ABFLOW018,Coal,,,0.0
Spain,1994,1A2B,ABFLOW018,Natural gas,,,0.0
Spain,1994,1A2B,ABFLOW018,Oil,,,0.0
Spain,1994,1A2C,ABFLOW017,Coal,,,0.0
Spain,1994,1A2C,ABFLOW017,Natural gas,,,0.0
Spain,1994,1A2C,ABFLOW017,Oil,,,0.0
Spain,1994,1A2D,ABFLOW023,Coal,,,0.0
Spain,1994,1A2D,ABFLOW023,Natural gas,,,0.0
Spain,1994,1A2D,ABFLOW023,Oil,,,0.0
Spain,1994,1A2E,ABFLOW022,Coal,,,0.0
Spain,1994,1A2E,ABFLOW022,Natural gas,,,0.0
Spain,1994,1A2E,ABFLOW022,Oil,,,0.0
Spain,1994,1A2F,ABFLOW019,Coal,,,0.0
Spain,1994,1A2F,ABFLOW019,Natural gas,,,0.0
Spain,1994,1A2F,ABFLOW019,Oil,,,0.0
Spain,1994,1A2G,ABFLOW020,Coal,,,0.0
Spain,1994,1A2G,ABFLOW020,Natural gas,,,0.0
Spain,1994,1A2G,ABFLOW020,Oil,,,0.0
Spain,1994,1A2H,ABFLOW021,Coal,,,0.0
Spain,1994,1A2H,ABFLOW021,Natural gas,,,0.0
Spain,1994,1A2H,ABFLOW021,Oil,,,0.0
Spain,1994,1A2I,ABFLOW013,Coal,,,0.0
Spain,1994,1A2I,ABFLOW013,Natural gas,,,0.0
Spain,1994,1A2I,ABFLOW013,Oil,,,0.0
Spain,1994,1A2J,ABFLOW024,Coal,,,0.0
Spain,1994,1A2J,ABFLOW024,Natural gas,,,0.0
Spain,1994,1A2J,ABFLOW024,Oil,,,0.0
Spain,1994,1A2K,ABFLOW014,Coal,,,0.0
Spain,1994,1A2K,ABFLOW014,Natural gas,,,0.0
Spain,1994,1A2K,ABFLOW014,Oil,,,0.0
Spain,1994,1A2L,ABFLOW025,Coal,,,0.0
Spain,1994,1A2L,ABFLOW025,Natural gas,,,0.0
Spain,1994,1A2L,ABFLOW025,Oil,,,0.0
Spain,1994,1A2M,ABFLOW026,Coal,,,0.0
Spain,1994,1A2M,ABFLOW026,Natural gas,,,0.0
Spain,1994,1A2M,ABFLOW026,Oil,,,0.0
Spain,1994,1A3,ABFLOW027,Coal,,,0.0
Spain,1994,1A3,ABFLOW027,Natural gas,,,0.0
Spain,1994,1A3,ABFLOW027,Oil,,,0.0
Spain,1994,1A3A1,ABFLOW040,Coal,,,0.0
Spain,1994,1A3A1,ABFLOW040,Natural gas,,,0.0
Spain,1994,1A3A1,ABFLOW040,Oil,,,0.0
Spain,1994,1A3A2,ABFLOW029,Coal,,,0.0
Spain,1994,1A3A2,ABFLOW029,Natural gas,,,0.0
Spain,1994,1A3A2,ABFLOW029,Oil,,,0.0
Spain,1994,1A3B,ABFLOW028,Coal,,,0.0
Spain,1994,1A3B,ABFLOW028,Natural gas,,,0.0
Spain,1994,1A3B,ABFLOW028,Oil,,,0.0
Spain,1994,1A3C,ABFLOW030,Coal,,,0.0
Spain,1994,1A3C,ABFLOW030,Natural gas,,,0.0
Spain,1994,1A3C,ABFLOW030,Oil,,,0.0
Spain,1994,1A3D1,ABFLOW039,Coal,,,0.0
Spain,1994,1A3D1,ABFLOW039,Natural gas,,,0.0
Spain,1994,1A3D1,ABFLOW039,Oil,,,0.0
Spain,1994,1A3D2,ABFLOW032,Coal,,,0.0
Spain,1994,1A3D2,ABFLOW032,Natural gas,,,0.0
Spain,1994,1A3D2,ABFLOW032,Oil,,,0.0
Spain,1994,1A3E1,ABFLOW033,Coal,,,0.0
Spain,1994,1A3E1,ABFLOW033,Natural gas,,,0.0
Spain,1994,1A3E1,ABFLOW033,Oil,,,0.0
Spain,1994,1A4A,ABFLOW035,Coal,,,0.0
Spain,1994,1A4A,ABFLOW035,Natural gas,,,0.0
Spain,1994,1A4A,ABFLOW035,Oil,,,0.0
Spain,1994,1A4B,ABFLOW034,Coal,,,0.0
Spain,1994,1A4B,ABFLOW034,Natural gas,,,0.0
Spain,1994,1A4B,ABFLOW034,Oil,,,0.0
Spain,1994,1A4C1,ABFLOW036,Coal,,,0.0
Spain,1994,1A4C1,ABFLOW036,Natural gas,,,0.0
Spain,1994,1A4C1,ABFLOW036,Oil,,,0.0
Spain,1994,1A4C2,ABFLOW037,Coal,,,0.0
Spain,1994,1A4C2,ABFLOW037,Natural gas,,,0.0
Spain,1994,1A4C2,ABFLOW037,Oil,,,0.0
Spain,1994,1A5,ABFLOW038,Coal,,,0.0
Spain,1994,1A5,ABFLOW038,Natural gas,,,0.0
Spain,1994,1A5,ABFLOW038,Oil,,,0.0
Spain,1995,1A,ABFLOW001,Coal,,,0.0
Spain,1995,1A,ABFLOW001,Natural gas,,,0.0
Spain,1995,1A,ABFLOW001,Oil,,,0.0
Spain,1995,1A1A,ABFLOW002,Coal,,,0.0
Spain,1995,1A1A,ABFLOW002,Natural gas,,,0.0
Spain,1995,1A1A,ABFLOW002,Oil,,,0.0
Spain,1995,1A1A1,ABFLOW003,Coal,,,0.0
Spain,1995,1A1A1,ABFLOW003,Natural gas,,,0.0
Spain,1995,1A1A1,ABFLOW003,Oil,,,0.0
Spain,1995,1A1A2,ABFLOW004,Coal,,,0.0
Spain,1995,1A1A2,ABFLOW004,Natural gas,,,0.0
Spain,1995,1A1A2,ABFLOW004,Oil,,,0.0
Spain,1995,1A1A3,ABFLOW005,Coal,,,0.0
Spain,1995,1A1A3,ABFLOW005,Natural gas,,,0.0
Spain,1995,1A1A3,ABFLOW005,Oil,,,0.0
Spain,1995,1A1B,ABFLOW011,Coal,,,0.0
Spain,1995,1A1B,ABFLOW011,Natural gas,,,0.0
Spain,1995,1A1B,ABFLOW011,Oil,,,0.0
Spain,1995,1A1C,ABFLOW011,Coal,,,0.0
Spain,1995,1A1C,ABFLOW011,Natural gas,,,0.0
Spain,1995,1A1C,ABFLOW011,Oil,,,0.0
Spain,1995,1A2,ABFLOW012,Coal,,,0.0
Spain,1995,1A2,ABFLOW012,Natural gas,,,0.0
Spain,1995,1A2,ABFLOW012,Oil,,,0.0
Spain,1995,1A2A,ABFLOW016,Coal,,,0.0
Spain,1995,1A2A,ABFLOW016,Natural gas,,,0.0
Spain,1995,1A2A,ABFLOW016,Oil,,,0.0
Spain,1995,1A2B,ABFLOW018,Coal,,,0.0
Spain,1995,1A2B,ABFLOW018,Natural gas,,,0.0
Spain,1995,1A2B,ABFLOW018,Oil,,,0.0
Spain,1995,1A2C,ABFLOW017,Coal,,,0.0
Spain,1995,1A2C,ABFLOW017,Natural gas,,,0.0
Spain,1995,1A2C,ABFLOW017,Oil,,,0.0
Spain,1995,1A2D,ABFLOW023,Coal,,,0.0
Spain,1995,1A2D,ABFLOW023,Natural gas,,,0.0
Spain,1995,1A2D,ABFLOW023,Oil,,,0.0
Spain,1995,1A2E,ABFLOW022,Coal,,,0.0
Spain,1995,1A2E,ABFLOW022,Natural gas,,,0.0
Spain,1995,1A2E,ABFLOW022,Oil,,,0.0
Spain,1995,1A2F,ABFLOW019,Coal,,,0.0
Spain,1995,1A2F,ABFLOW019,Natural gas,,,0.0
Spain,1995,1A2F,ABFLOW019,Oil,,,0.0
Spain,1995,1A2G,ABFLOW020,Coal,,,0.0
Spain,1995,1A2G,ABFLOW020,Natural gas,,,0.0
Spain,1995,1A2G,ABFLOW020,Oil,,,0.0
Spain,1995,1A2H,ABFLOW021,Coal,,,0.0
Spain,1995,1A2H,ABFLOW021,Natural gas,,,0.0
Spain,1995,1A2H,ABFLOW021,Oil,,,0.0
Spain,1995,1A2I,ABFLOW013,Coal,,,0.0
Spain,1995,1A2I,ABFLOW013,Natural gas,,,0.0
Spain,1995,1A2I,ABFLOW013,Oil,,,0.0
Spain,1995,1A2J,ABFLOW024,Coal,,,0.0
Spain,1995,1A2J,ABFLOW024,Natural gas,,,0.0
Spain,1995,1A2J,ABFLOW024,Oil,,,0.0
Spain,1995,1A2K,ABFLOW014,Coal,,,0.0
Spain,1995,1A2K,ABFLOW014,Natural gas,,,0.0
Spain,1995,1A2K,ABFLOW014,Oil,,,0.0
Spain,1995,1A2L,ABFLOW025,Coal,,,0.0
Spain,1995,1A2L,ABFLOW025,Natural gas,,,0.0
Spain,1995,1A2L,ABFLOW025,Oil,,,0.0
Spain,1995,1A2M,ABFLOW026,Coal,,,0.0
Spain,1995,1A2M,ABFLOW026,Natural gas,,,0.0
Spain,1995,1A2M,ABFLOW026,Oil,,,0.0
Spain,1995,1A3,ABFLOW027,Coal,,,0.0
Spain,1995,1A3,ABFLOW027,Natural gas,,,0.0
Spain,1995,1A3,ABFLOW027,Oil,,,0.0
Spain,1995,1A3A1,ABFLOW040,Coal,,,0.0
Spain,1995,1A3A1,ABFLOW040,Natural gas,,,0.0
Spain,1995,1A3A1,ABFLOW040,Oil,,,0.0
Spain,1995,1A3A2,ABFLOW029,Coal,,,0.0
Spain,1995,1A3A2,ABFLOW029,Natural gas,,,0.0
Spain,1995,1A3A2,ABFLOW029,Oil,,,0.0
Spain,1995,1A3B,ABFLOW028,Coal,,,0.0
Spain,1995,1A3B,ABFLOW028,Natural gas,,,0.0
Spain,1995,1A3B,ABFLOW028,Oil,,,0.0
Spain,1995,1A3C,ABFLOW030,Coal,,,0.0
Spain,1995,1A3C,ABFLOW030,Natural gas,,,0.0
Spain,1995,1A3C,ABFLOW030,Oil,,,0.0
Spain,1995,1A3D1,ABFLOW039,Coal,,,0.0
Spain,1995,1A3D1,ABFLOW039,Natural gas,,,0.0
Spain,1995,1A3D1,ABFLOW039,Oil,,,0.0
Spain,1995,1A3D2,ABFLOW032,Coal,,,0.0
Spain,1995,1A3D2,ABFLOW032,Natural gas,,,0.0
Spain,1995,1A3D2,ABFLOW032,Oil,,,0.0
Spain,1995,1A3E1,ABFLOW033,Coal,,,0.0
Spain,1995,1A3E1,ABFLOW033,Natural gas,,,0.0
Spain,1995,1A3E1,ABFLOW033,Oil,,,0.0
Spain,1995,1A4A,ABFLOW035,Coal,,,0.0
Spain,1995,1A4A,ABFLOW035,Natural gas,,,0.0
Spain,1995,1A4A,ABFLOW035,Oil,,,0.0
Spain,1995,1A4B,ABFLOW034,Coal,,,0.0
Spain,1995,1A4B,ABFLOW034,Natural gas,,,0.0
Spain,1995,1A4B,ABFLOW034,Oil,,,0.0
Spain,1995,1A4C1,ABFLOW036,Coal,,,0.0
Spain,1995,1A4C1,ABFLOW036,Natural gas,,,0.0
Spain,1995,1A4C1,ABFLOW036,Oil,,,0.0
Spain,1995,1A4C2,ABFLOW037,Coal,,,0.0
Spain,1995,1A4C2,ABFLOW037,Natural gas,,,0.0
Spain,1995,1A4C2,ABFLOW037,Oil,,,0.0
Spain,1995,1A5,ABFLOW038,Coal,,,0.0
Spain,1995,1A5,ABFLOW038,Natural gas,,,0.0
Spain,1995,1A5,ABFLOW038,Oil,,,0.0
Spain,1996,1A,ABFLOW001,Coal,,,0.0
Spain,1996,1A,ABFLOW001,Natural gas,,,0.0
Spain,1996,1A,ABFLOW001,Oil,,,0.0
Spain,1996,1A1A,ABFLOW002,Coal,,,0.0
Spain,1996,1A1A,ABFLOW002,Natural gas,,,0.0
Spain,1996,1A1A,ABFLOW002,Oil,,,0.0
Spain,1996,1A1A1,ABFLOW003,Coal,,,0.0
Spain,1996,1A1A1,ABFLOW003,Natural gas,,,0.0
Spain,1996,1A1A1,ABFLOW003,Oil,,,0.0
Spain,1996,1A1A2,ABFLOW004,Coal,,,0.0
Spain,1996,1A1A2,ABFLOW004,Natural gas,,,0.0
Spain,1996,1A1A2,ABFLOW004,Oil,,,0.0
Spain,1996,1A1A3,ABFLOW005,Coal,,,0.0
Spain,1996,1A1A3,ABFLOW005,Natural gas,,,0.0
Spain,1996,1A1A3,ABFLOW005,Oil,,,0.0
Spain,1996,1A1B,ABFLOW011,Coal,,,0.0
Spain,1996,1A1B,ABFLOW011,Natural gas,,,0.0
Spain,1996,1A1B,ABFLOW011,Oil,,,0.0
Spain,1996,1A1C,ABFLOW011,Coal,,,0.0
Spain,1996,1A1C,ABFLOW011,Natural gas,,,0.0
Spain,1996,1A1C,ABFLOW011,Oil,,,0.0
Spain,1996,1A2,ABFLOW012,Coal,,,0.0
Spain,1996,1A2,ABFLOW012,Natural gas,,,0.0
Spain,1996,1A2,ABFLOW012,Oil,,,0.0
Spain,1996,1A2A,ABFLOW016,Coal,,,0.0
Spain,1996,1A2A,ABFLOW016,Natural gas,,,0.0
Spain,1996,1A2A,ABFLOW016,Oil,,,0.0
Spain,1996,1A2B,ABFLOW018,Coal,,,0.0
Spain,1996,1A2B,ABFLOW018,Natural gas,,,0.0
Spain,1996,1A2B,ABFLOW018,Oil,,,0.0
Spain,1996,1A2C,ABFLOW017,Coal,,,0.0
Spain,1996,1A2C,ABFLOW017,Natural gas,,,0.0
Spain,1996,1A2C,ABFLOW017,Oil,,,0.0
Spain,1996,1A2D,ABFLOW023,Coal,,,0.0
Spain,1996,1A2D,ABFLOW023,Natural gas,,,0.0
Spain,1996,1A2D,ABFLOW023,Oil,,,0.0
Spain,1996,1A2E,ABFLOW022,Coal,,,0.0
Spain,1996,1A2E,ABFLOW022,Natural gas,,,0.0
Spain,1996,1A2E,ABFLOW022,Oil,,,0.0
Spain,1996,1A2F,ABFLOW019,Coal,,,0.0
Spain,1996,1A2F,ABFLOW019,Natural gas,,,0.0
Spain,1996,1A2F,ABFLOW019,Oil,,,0.0
Spain,1996,1A2G,ABFLOW020,Coal,,,0.0
Spain,1996,1A2G,ABFLOW020,Natural gas,,,0.0
Spain,1996,1A2G,ABFLOW020,Oil,,,0.0
Spain,1996,1A2H,ABFLOW021,Coal,,,0.0
Spain,1996,1A2H,ABFLOW021,Natural gas,,,0.0
Spain,1996,1A2H,ABFLOW021,Oil,,,0.0
Spain,1996,1A2I,ABFLOW013,Coal,,,0.0
Spain,1996,1A2I,ABFLOW013,Natural gas,,,0.0
Spain,1996,1A2I,ABFLOW013,Oil,,,0.0
Spain,1996,1A2J,ABFLOW024,Coal,,,0.0
Spain,1996,1A2J,ABFLOW024,Natural gas,,,0.0
Spain,1996,1A2J,ABFLOW024,Oil,,,0.0
Spain,1996,1A2K,ABFLOW014,Coal,,,0.0
Spain,1996,1A2K,ABFLOW014,Natural gas,,,0.0
Spain,1996,1A2K,ABFLOW014,Oil,,,0.0
Spain,1996,1A2L,ABFLOW025,Coal,,,0.0
Spain,1996,1A2L,ABFLOW025,Natural gas,,,0.0
Spain,1996,1A2L,ABFLOW025,Oil,,,0.0
Spain,1996,1A2M,ABFLOW026,Coal,,,0.0
Spain,1996,1A2M,ABFLOW026,Natural gas,,,0.0
Spain,1996,1A2M,ABFLOW026,Oil,,,0.0
Spain,1996,1A3,ABFLOW027,Coal,,,0.0
Spain,1996,1A3,ABFLOW027,Natural gas,,,0.0
Spain,1996,1A3,ABFLOW027,Oil,,,0.0
Spain,1996,1A3A1,ABFLOW040,Coal,,,0.0
Spain,1996,1A3A1,ABFLOW040,Natural gas,,,0.0
Spain,1996,1A3A1,ABFLOW040,Oil,,,0.0
Spain,1996,1A3A2,ABFLOW029,Coal,,,0.0
Spain,1996,1A3A2,ABFLOW029,Natural gas,,,0.0
Spain,1996,1A3A2,ABFLOW029,Oil,,,0.0
Spain,1996,1A3B,ABFLOW028,Coal,,,0.0
Spain,1996,1A3B,ABFLOW028,Natural gas,,,0.0
Spain,1996,1A3B,ABFLOW028,Oil,,,0.0
Spain,1996,1A3C,ABFLOW030,Coal,,,0.0
Spain,1996,1A3C,ABFLOW030,Natural gas,,,0.0
Spain,1996,1A3C,ABFLOW030,Oil,,,0.0
Spain,1996,1A3D1,ABFLOW039,Coal,,,0.0
Spain,1996,1A3D1,ABFLOW039,Natural gas,,,0.0
Spain,1996,1A3D1,ABFLOW039,Oil,,,0.0
Spain,1996,1A3D2,ABFLOW032,Coal,,,0.0
Spain,1996,1A3D2,ABFLOW032,Natural gas,,,0.0
Spain,1996,1A3D2,ABFLOW032,Oil,,,0.0
Spain,1996,1A3E1,ABFLOW033,Coal,,,0.0
Spain,1996,1A3E1,ABFLOW033,Natural gas,,,0.0
Spain,1996,1A3E1,ABFLOW033,Oil,,,0.0
Spain,1996,1A4A,ABFLOW035,Coal,,,0.0
Spain,1996,1A4A,ABFLOW035,Natural gas,,,0.0
Spain,1996,1A4A,ABFLOW035,Oil,,,0.0
Spain,1996,1A4B,ABFLOW034,Coal,,,0.0
Spain,1996,1A4B,ABFLOW034,Natural gas,,,0.0
Spain,1996,1A4B,ABFLOW034,Oil,,,0.0
Spain,1996,1A4C1,ABFLOW036,Coal,,,0.0
Spain,1996,1A4C1,ABFLOW036,Natural gas,,,0.0
Spain,1996,1A4C1,ABFLOW036,Oil,,,0.0
Spain,1996,1A4C2,ABFLOW037,Coal,,,0.0
Spain,1996,1A4C2,ABFLOW037,Natural gas,,,0.0
Spain,1996,1A4C2,ABFLOW037,Oil,,,0.0
Spain,1996,1A5,ABFLOW038,Coal,,,0.0
Spain,1996,1A5,ABFLOW038,Natural gas,,,0.0
Spain,1996,1A5,ABFLOW038,Oil,,,0.0
Spain,1997,1A,ABFLOW001,Coal,,,0.0
Spain,1997,1A,ABFLOW001,Natural gas,,,0.0
Spain,1997,1A,ABFLOW001,Oil,,,0.0
Spain,1997,1A1A,ABFLOW002,Coal,,,0.0
Spain,1997,1A1A,ABFLOW002,Natural gas,,,0.0
Spain,1997,1A1A,ABFLOW002,Oil,,,0.0
Spain,1997,1A1A1,ABFLOW003,Coal,,,0.0
Spain,1997,1A1A1,ABFLOW003,Natural gas,,,0.0
Spain,1997,1A1A1,ABFLOW003,Oil,,,0.0
Spain,1997,1A1A2,ABFLOW004,Coal,,,0.0
Spain,1997,1A1A2,ABFLOW004,Natural gas,,,0.0
Spain,1997,1A1A2,ABFLOW004,Oil,,,0.0
Spain,1997,1A1A3,ABFLOW005,Coal,,,0.0
Spain,1997,1A1A3,ABFLOW005,Natural gas,,,0.0
Spain,1997,1A1A3,ABFLOW005,Oil,,,0.0
Spain,1997,1A1B,ABFLOW011,Coal,,,0.0
Spain,1997,1A1B,ABFLOW011,Natural gas,,,0.0
Spain,1997,1A1B,ABFLOW011,Oil,,,0.0
Spain,1997,1A1C,ABFLOW011,Coal,,,0.0
Spain,1997,1A1C,ABFLOW011,Natural gas,,,0.0
Spain,1997,1A1C,ABFLOW011,Oil,,,0.0
Spain,1997,1A2,ABFLOW012,Coal,,,0.0
Spain,1997,1A2,ABFLOW012,Natural gas,,,0.0
Spain,1997,1A2,ABFLOW012,Oil,,,0.0
Spain,1997,1A2A,ABFLOW016,Coal,,,0.0
Spain,1997,1A2A,ABFLOW016,Natural gas,,,0.0
Spain,1997,1A2A,ABFLOW016,Oil,,,0.0
Spain,1997,1A2B,ABFLOW018,Coal,,,0.0
Spain,1997,1A2B,ABFLOW018,Natural gas,,,0.0
Spain,1997,1A2B,ABFLOW018,Oil,,,0.0
Spain,1997,1A2C,ABFLOW017,Coal,,,0.0
Spain,1997,1A2C,ABFLOW017,Natural gas,,,0.0
Spain,1997,1A2C,ABFLOW017,Oil,,,0.0
Spain,1997,1A2D,ABFLOW023,Coal,,,0.0
Spain,1997,1A2D,ABFLOW023,Natural gas,,,0.0
Spain,1997,1A2D,ABFLOW023,Oil,,,0.0
Spain,1997,1A2E,ABFLOW022,Coal,,,0.0
Spain,1997,1A2E,ABFLOW022,Natural gas,,,0.0
Spain,1997,1A2E,ABFLOW022,Oil,,,0.0
Spain,1997,1A2F,ABFLOW019,Coal,,,0.0
Spain,1997,1A2F,ABFLOW019,Natural gas,,,0.0
Spain,1997,1A2F,ABFLOW019,Oil,,,0.0
Spain,1997,1A2G,ABFLOW020,Coal,,,0.0
Spain,1997,1A2G,ABFLOW020,Natural gas,,,0.0
Spain,1997,1A2G,ABFLOW020,Oil,,,0.0
Spain,1997,1A2H,ABFLOW021,Coal,,,0.0
Spain,1997,1A2H,ABFLOW021,Natural gas,,,0.0
Spain,1997,1A2H,ABFLOW021,Oil,,,0.0
Spain,1997,1A2I,ABFLOW013,Coal,,,0.0
Spain,1997,1A2I,ABFLOW013,Natural gas,,,0.0
Spain,1997,1A2I,ABFLOW013,Oil,,,0.0
Spain,1997,1A2J,ABFLOW024,Coal,,,0.0
Spain,1997,1A2J,ABFLOW024,Natural gas,,,0.0
Spain,1997,1A2J,ABFLOW024,Oil,,,0.0
Spain,1997,1A2K,ABFLOW014,Coal,,,0.0
Spain,1997,1A2K,ABFLOW014,Natural gas,,,0.0
Spain,1997,1A2K,ABFLOW014,Oil,,,0.0
Spain,1997,1A2L,ABFLOW025,Coal,,,0.0
Spain,1997,1A2L,ABFLOW025,Natural gas,,,0.0
Spain,1997,1A2L,ABFLOW025,Oil,,,0.0
Spain,1997,1A2M,ABFLOW026,Coal,,,0.0
Spain,1997,1A2M,ABFLOW026,Natural gas,,,0.0
Spain,1997,1A2M,ABFLOW026,Oil,,,0.0
Spain,1997,1A3,ABFLOW027,Coal,,,0.0
Spain,1997,1A3,ABFLOW027,Natural gas,,,0.0
Spain,1997,1A3,ABFLOW027,Oil,,,0.0
Spain,1997,1A3A1,ABFLOW040,Coal,,,0.0
Spain,1997,1A3A1,ABFLOW040,Natural gas,,,0.0
Spain,1997,1A3A1,ABFLOW040,Oil,,,0.0
Spain,1997,1A3A2,ABFLOW029,Coal,,,0.0
Spain,1997,1A3A2,ABFLOW029,Natural gas,,,0.0
Spain,1997,1A3A2,ABFLOW029,Oil,,,0.0
Spain,1997,1A3B,ABFLOW028,Coal,,,0.0
Spain,1997,1A3B,ABFLOW028,Natural gas,,,0.0
Spain,1997,1A3B,ABFLOW028,Oil,,,0.0
Spain,1997,1A3C,ABFLOW030,Coal,,,0.0
Spain,1997,1A3C,ABFLOW030,Natural gas,,,0.0
Spain,1997,1A3C,ABFLOW030,Oil,,,0.0
Spain,1997,1A3D1,ABFLOW039,Coal,,,0.0
Spain,1997,1A3D1,ABFLOW039,Natural gas,,,0.0
Spain,1997,1A3D1,ABFLOW039,Oil,,,0.0
Spain,1997,1A3D2,ABFLOW032,Coal,,,0.0
Spain,1997,1A3D2,ABFLOW032,Natural gas,,,0.0
Spain,1997,1A3D2,ABFLOW032,Oil,,,0.0
Spain,1997,1A3E1,ABFLOW033,Coal,,,0.0
Spain,1997,1A3E1,ABFLOW033,Natural gas,,,0.0
Spain,1997,1A3E1,ABFLOW033,Oil,,,0.0
Spain,1997,1A4A,ABFLOW035,Coal,,,0.0
Spain,1997,1A4A,ABFLOW035,Natural gas,,,0.0
Spain,1997,1A4A,ABFLOW035,Oil,,,0.0
Spain,1997,1A4B,ABFLOW034,Coal,,,0.0
Spain,1997,1A4B,ABFLOW034,Natural gas,,,0.0
Spain,1997,1A4B,ABFLOW034,Oil,,,0.0
Spain,1997,1A4C1,ABFLOW036,Coal,,,0.0
Spain,1997,1A4C1,ABFLOW036,Natural gas,,,0.0
Spain,1997,1A4C1,ABFLOW036,Oil,,,0.0
Spain,1997,1A4C2,ABFLOW037,Coal,,,0.0
Spain,1997,1A4C2,ABFLOW037,Natural gas,,,0.0
Spain,1997,1A4C2,ABFLOW037,Oil,,,0.0
Spain,1997,1A5,ABFLOW038,Coal,,,0.0
Spain,1997,1A5,ABFLOW038,Natural gas,,,0.0
Spain,1997,1A5,ABFLOW038,Oil,,,0.0
Spain,1998,1A,ABFLOW001,Coal,,,0.0
Spain,1998,1A,ABFLOW001,Natural gas,,,0.0
Spain,1998,1A,ABFLOW001,Oil,,,0.0
Spain,1998,1A1A,ABFLOW002,Coal,,,0.0
Spain,1998,1A1A,ABFLOW002,Natural gas,,,0.0
Spain,1998,1A1A,ABFLOW002,Oil,,,0.0
Spain,1998,1A1A1,ABFLOW003,Coal,,,0.0
Spain,1998,1A1A1,ABFLOW003,Natural gas,,,0.0
Spain,1998,1A1A1,ABFLOW003,Oil,,,0.0
Spain,1998,1A1A2,ABFLOW004,Coal,,,0.0
Spain,1998,1A1A2,ABFLOW004,Natural gas,,,0.0
Spain,1998,1A1A2,ABFLOW004,Oil,,,0.0
Spain,1998,1A1A3,ABFLOW005,Coal,,,0.0
Spain,1998,1A1A3,ABFLOW005,Natural gas,,,0.0
Spain,1998,1A1A3,ABFLOW005,Oil,,,0.0
Spain,1998,1A1B,ABFLOW011,Coal,,,0.0
Spain,1998,1A1B,ABFLOW011,Natural gas,,,0.0
Spain,1998,1A1B,ABFLOW011,Oil,,,0.0
Spain,1998,1A1C,ABFLOW011,Coal,,,0.0
Spain,1998,1A1C,ABFLOW011,Natural gas,,,0.0
Spain,1998,1A1C,ABFLOW011,Oil,,,0.0
Spain,1998,1A2,ABFLOW012,Coal,,,0.0
Spain,1998,1A2,ABFLOW012,Natural gas,,,0.0
Spain,1998,1A2,ABFLOW012,Oil,,,0.0
Spain,1998,1A2A,ABFLOW016,Coal,,,0.0
Spain,1998,1A2A,ABFLOW016,Natural gas,,,0.0
Spain,1998,1A2A,ABFLOW016,Oil,,,0.0
Spain,1998,1A2B,ABFLOW018,Coal,,,0.0
Spain,1998,1A2B,ABFLOW018,Natural gas,,,0.0
Spain,1998,1A2B,ABFLOW018,Oil,,,0.0
Spain,1998,1A2C,ABFLOW017,Coal,,,0.0
Spain,1998,1A2C,ABFLOW017,Natural gas,,,0.0
Spain,1998,1A2C,ABFLOW017,Oil,,,0.0
Spain,1998,1A2D,ABFLOW023,Coal,,,0.0
Spain,1998,1A2D,ABFLOW023,Natural gas,,,0.0
Spain,1998,1A2D,ABFLOW023,Oil,,,0.0
Spain,1998,1A2E,ABFLOW022,Coal,,,0.0
Spain,1998,1A2E,ABFLOW022,Natural gas,,,0.0
Spain,1998,1A2E,ABFLOW022,Oil,,,0.0
Spain,1998,1A2F,ABFLOW019,Coal,,,0.0
Spain,1998,1A2F,ABFLOW019,Natural gas,,,0.0
Spain,1998,1A2F,ABFLOW019,Oil,,,0.0
Spain,1998,1A2G,ABFLOW020,Coal,,,0.0
Spain,1998,1A2G,ABFLOW020,Natural gas,,,0.0
Spain,1998,1A2G,ABFLOW020,Oil,,,0.0
Spain,1998,1A2H,ABFLOW021,Coal,,,0.0
Spain,1998,1A2H,ABFLOW021,Natural gas,,,0.0
Spain,1998,1A2H,ABFLOW021,Oil,,,0.0
Spain,1998,1A2I,ABFLOW013,Coal,,,0.0
Spain,1998,1A2I,ABFLOW013,Natural gas,,,0.0
Spain,1998,1A2I,ABFLOW013,Oil,,,0.0
Spain,1998,1A2J,ABFLOW024,Coal,,,0.0
Spain,1998,1A2J,ABFLOW024,Natural gas,,,0.0
Spain,1998,1A2J,ABFLOW024,Oil,,,0.0
Spain,1998,1A2K,ABFLOW014,Coal,,,0.0
Spain,1998,1A2K,ABFLOW014,Natural gas,,,0.0
Spain,1998,1A2K,ABFLOW014,Oil,,,0.0
Spain,1998,1A2L,ABFLOW025,Coal,,,0.0
Spain,1998,1A2L,ABFLOW025,Natural gas,,,0.0
Spain,1998,1A2L,ABFLOW025,Oil,,,0.0
Spain,1998,1A2M,ABFLOW026,Coal,,,0.0
Spain,1998,1A2M,ABFLOW026,Natural gas,,,0.0
Spain,1998,1A2M,ABFLOW026,Oil,,,0.0
Spain,1998,1A3,ABFLOW027,Coal,,,0.0
Spain,1998,1A3,ABFLOW027,Natural gas,,,0.0
Spain,1998,1A3,ABFLOW027,Oil,,,0.0
Spain,1998,1A3A1,ABFLOW040,Coal,,,0.0
Spain,1998,1A3A1,ABFLOW040,Natural gas,,,0.0
Spain,1998,1A3A1,ABFLOW040,Oil,,,0.0
Spain,1998,1A3A2,ABFLOW029,Coal,,,0.0
Spain,1998,1A3A2,ABFLOW029,Natural gas,,,0.0
Spain,1998,1A3A2,ABFLOW029,Oil,,,0.0
Spain,1998,1A3B,ABFLOW028,Coal,,,0.0
Spain,1998,1A3B,ABFLOW028,Natural gas,,,0.0
Spain,1998,1A3B,ABFLOW028,Oil,,,0.0
Spain,1998,1A3C,ABFLOW030,Coal,,,0.0
Spain,1998,1A3C,ABFLOW030,Natural gas,,,0.0
Spain,1998,1A3C,ABFLOW030,Oil,,,0.0
Spain,1998,1A3D1,ABFLOW039,Coal,,,0.0
Spain,1998,1A3D1,ABFLOW039,Natural gas,,,0.0
Spain,1998,1A3D1,ABFLOW039,Oil,,,0.0
Spain,1998,1A3D2,ABFLOW032,Coal,,,0.0
Spain,1998,1A3D2,ABFLOW032,Natural gas,,,0.0
Spain,1998,1A3D2,ABFLOW032,Oil,,,0.0
Spain,1998,1A3E1,ABFLOW033,Coal,,,0.0
Spain,1998,1A3E1,ABFLOW033,Natural gas,,,0.0
Spain,1998,1A3E1,ABFLOW033,Oil,,,0.0
Spain,1998,1A4A,ABFLOW035,Coal,,,0.0
Spain,1998,1A4A,ABFLOW035,Natural gas,,,0.0
Spain,1998,1A4A,ABFLOW035,Oil,,,0.0
Spain,1998,1A4B,ABFLOW034,Coal,,,0.0
Spain,1998,1A4B,ABFLOW034,Natural gas,,,0.0
Spain,1998,1A4B,ABFLOW034,Oil,,,0.0
Spain,1998,1A4C1,ABFLOW036,Coal,,,0.0
Spain,1998,1A4C1,ABFLOW036,Natural gas,,,0.0
Spain,1998,1A4C1,ABFLOW036,Oil,,,0.0
Spain,1998,1A4C2,ABFLOW037,Coal,,,0.0
Spain,1998,1A4C2,ABFLOW037,Natural gas,,,0.0
Spain,1998,1A4C2,ABFLOW037,Oil,,,0.0
Spain,1998,1A5,ABFLOW038,Coal,,,0.0
Spain,1998,1A5,ABFLOW038,Natural gas,,,0.0
Spain,1998,1A5,ABFLOW038,Oil,,,0.0
Spain,1999,1A,ABFLOW001,Coal,,,0.0
Spain,1999,1A,ABFLOW001,Natural gas,,,0.0
Spain,1999,1A,ABFLOW001,Oil,,,0.0
Spain,1999,1A1A,ABFLOW002,Coal,,,0.0
Spain,1999,1A1A,ABFLOW002,Natural gas,,,0.0
Spain,1999,1A1A,ABFLOW002,Oil,,,0.0
Spain,1999,1A1A1,ABFLOW003,Coal,,,0.0
Spain,1999,1A1A1,ABFLOW003,Natural gas,,,0.0
Spain,1999,1A1A1,ABFLOW003,Oil,,,0.0
Spain,1999,1A1A2,ABFLOW004,Coal,,,0.0
Spain,1999,1A1A2,ABFLOW004,Natural gas,,,0.0
Spain,1999,1A1A2,ABFLOW004,Oil,,,0.0
Spain,1999,1A1A3,ABFLOW005,Coal,,,0.0
Spain,1999,1A1A3,ABFLOW005,Natural gas,,,0.0
Spain,1999,1A1A3,ABFLOW005,Oil,,,0.0
Spain,1999,1A1B,ABFLOW011,Coal,,,0.0
Spain,1999,1A1B,ABFLOW011,Natural gas,,,0.0
Spain,1999,1A1B,ABFLOW011,Oil,,,0.0
Spain,1999,1A1C,ABFLOW011,Coal,,,0.0
Spain,1999,1A1C,ABFLOW011,Natural gas,,,0.0
Spain,1999,1A1C,ABFLOW011,Oil,,,0.0
Spain,1999,1A2,ABFLOW012,Coal,,,0.0
Spain,1999,1A2,ABFLOW012,Natural gas,,,0.0
Spain,1999,1A2,ABFLOW012,Oil,,,0.0
Spain,1999,1A2A,ABFLOW016,Coal,,,0.0
Spain,1999,1A2A,ABFLOW016,Natural gas,,,0.0
Spain,1999,1A2A,ABFLOW016,Oil,,,0.0
Spain,1999,1A2B,ABFLOW018,Coal,,,0.0
Spain,1999,1A2B,ABFLOW018,Natural gas,,,0.0
Spain,1999,1A2B,ABFLOW018,Oil,,,0.0
Spain,1999,1A2C,ABFLOW017,Coal,,,0.0
Spain,1999,1A2C,ABFLOW017,Natural gas,,,0.0
Spain,1999,1A2C,ABFLOW017,Oil,,,0.0
Spain,1999,1A2D,ABFLOW023,Coal,,,0.0
Spain,1999,1A2D,ABFLOW023,Natural gas,,,0.0
Spain,1999,1A2D,ABFLOW023,Oil,,,0.0
Spain,1999,1A2E,ABFLOW022,Coal,,,0.0
Spain,1999,1A2E,ABFLOW022,Natural gas,,,0.0
Spain,1999,1A2E,ABFLOW022,Oil,,,0.0
Spain,1999,1A2F,ABFLOW019,Coal,,,0.0
Spain,1999,1A2F,ABFLOW019,Natural gas,,,0.0
Spain,1999,1A2F,ABFLOW019,Oil,,,0.0
Spain,1999,1A2G,ABFLOW020,Coal,,,0.0
Spain,1999,1A2G,ABFLOW020,Natural gas,,,0.0
Spain,1999,1A2G,ABFLOW020,Oil,,,0.0
Spain,1999,1A2H,ABFLOW021,Coal,,,0.0
Spain,1999,1A2H,ABFLOW021,Natural gas,,,0.0
Spain,1999,1A2H,ABFLOW021,Oil,,,0.0
Spain,1999,1A2I,ABFLOW013,Coal,,,0.0
Spain,1999,1A2I,ABFLOW013,Natural gas,,,0.0
Spain,1999,1A2I,ABFLOW013,Oil,,,0.0
Spain,1999,1A2J,ABFLOW024,Coal,,,0.0
Spain,1999,1A2J,ABFLOW024,Natural gas,,,0.0
Spain,1999,1A2J,ABFLOW024,Oil,,,0.0
Spain,1999,1A2K,ABFLOW014,Coal,,,0.0
Spain,1999,1A2K,ABFLOW014,Natural gas,,,0.0
Spain,1999,1A2K,ABFLOW014,Oil,,,0.0
Spain,1999,1A2L,ABFLOW025,Coal,,,0.0
Spain,1999,1A2L,ABFLOW025,Natural gas,,,0.0
Spain,1999,1A2L,ABFLOW025,Oil,,,0.0
Spain,1999,1A2M,ABFLOW026,Coal,,,0.0
Spain,1999,1A2M,ABFLOW026,Natural gas,,,0.0
Spain,1999,1A2M,ABFLOW026,Oil,,,0.0
Spain,1999,1A3,ABFLOW027,Coal,,,0.0
Spain,1999,1A3,ABFLOW027,Natural gas,,,0.0
Spain,1999,1A3,ABFLOW027,Oil,,,0.0
Spain,1999,1A3A1,ABFLOW040,Coal,,,0.0
Spain,1999,1A3A1,ABFLOW040,Natural gas,,,0.0
Spain,1999,1A3A1,ABFLOW040,Oil,,,0.0
Spain,1999,1A3A2,ABFLOW029,Coal,,,0.0
Spain,1999,1A3A2,ABFLOW029,Natural gas,,,0.0
Spain,1999,1A3A2,ABFLOW029,Oil,,,0.0
Spain,1999,1A3B,ABFLOW028,Coal,,,0.0
Spain,1999,1A3B,ABFLOW028,Natural gas,,,0.0
Spain,1999,1A3B,ABFLOW028,Oil,,,0.0
Spain,1999,1A3C,ABFLOW030,Coal,,,0.0
Spain,1999,1A3C,ABFLOW030,Natural gas,,,0.0
Spain,1999,1A3C,ABFLOW030,Oil,,,0.0
Spain,1999,1A3D1,ABFLOW039,Coal,,,0.0
Spain,1999,1A3D1,ABFLOW039,Natural gas,,,0.0
Spain,1999,1A3D1,ABFLOW039,Oil,,,0.0
Spain,1999,1A3D2,ABFLOW032,Coal,,,0.0
Spain,1999,1A3D2,ABFLOW032,Natural gas,,,0.0
Spain,1999,1A3D2,ABFLOW032,Oil,,,0.0
Spain,1999,1A3E1,ABFLOW033,Coal,,,0.0
Spain,1999,1A3E1,ABFLOW033,Natural gas,,,0.0
Spain,1999,1A3E1,ABFLOW033,Oil,,,0.0
Spain,1999,1A4A,ABFLOW035,Coal,,,0.0
Spain,1999,1A4A,ABFLOW035,Natural gas,,,0.0
Spain,1999,1A4A,ABFLOW035,Oil,,,0.0
Spain,1999,1A4B,ABFLOW034,Coal,,,0.0
Spain,1999,1A4B,ABFLOW034,Natural gas,,,0.0
Spain,1999,1A4B,ABFLOW034,Oil,,,0.0
Spain,1999,1A4C1,ABFLOW036,Coal,,,0.0
Spain,1999,1A4C1,ABFLOW036,Natural gas,,,0.0
Spain,1999,1A4C1,ABFLOW036,Oil,,,0.0
Spain,1999,1A4C2,ABFLOW037,Coal,,,0.0
Spain,1999,1A4C2,ABFLOW037,Natural gas,,,0.0
Spain,1999,1A4C2,ABFLOW037,Oil,,,0.0
Spain,1999,1A5,ABFLOW038,Coal,,,0.0
Spain,1999,1A5,ABFLOW038,Natural gas,,,0.0
Spain,1999,1A5,ABFLOW038,Oil,,,0.0
Spain,2000,1A,ABFLOW001,Coal,,,0.0
Spain,2000,1A,ABFLOW001,Natural gas,,,0.0
Spain,2000,1A,ABFLOW001,Oil,,,0.0
Spain,2000,1A1A,ABFLOW002,Coal,,,0.0
Spain,2000,1A1A,ABFLOW002,Natural gas,,,0.0
Spain,2000,1A1A,ABFLOW002,Oil,,,0.0
Spain,2000,1A1A1,ABFLOW003,Coal,,,0.0
Spain,2000,1A1A1,ABFLOW003,Natural gas,,,0.0
Spain,2000,1A1A1,ABFLOW003,Oil,,,0.0
Spain,2000,1A1A2,ABFLOW004,Coal,,,0.0
Spain,2000,1A1A2,ABFLOW004,Natural gas,,,0.0
Spain,2000,1A1A2,ABFLOW004,Oil,,,0.0
Spain,2000,1A1A3,ABFLOW005,Coal,,,0.0
Spain,2000,1A1A3,ABFLOW005,Natural gas,,,0.0
Spain,2000,1A1A3,ABFLOW005,Oil,,,0.0
Spain,2000,1A1B,ABFLOW011,Coal,,,0.0
Spain,2000,1A1B,ABFLOW011,Natural gas,,,0.0
Spain,2000,1A1B,ABFLOW011,Oil,,,0.0
Spain,2000,1A1C,ABFLOW011,Coal,,,0.0
Spain,2000,1A1C,ABFLOW011,Natural gas,,,0.0
Spain,2000,1A1C,ABFLOW011,Oil,,,0.0
Spain,2000,1A2,ABFLOW012,Coal,,,0.0
Spain,2000,1A2,ABFLOW012,Natural gas,,,0.0
Spain,2000,1A2,ABFLOW012,Oil,,,0.0
Spain,2000,1A2A,ABFLOW016,Coal,,,0.0
Spain,2000,1A2A,ABFLOW016,Natural gas,,,0.0
Spain,2000,1A2A,ABFLOW016,Oil,,,0.0
Spain,2000,1A2B,ABFLOW018,Coal,,,0.0
Spain,2000,1A2B,ABFLOW018,Natural gas,,,0.0
Spain,2000,1A2B,ABFLOW018,Oil,,,0.0
Spain,2000,1A2C,ABFLOW017,Coal,,,0.0
Spain,2000,1A2C,ABFLOW017,Natural gas,,,0.0
Spain,2000,1A2C,ABFLOW017,Oil,,,0.0
Spain,2000,1A2D,ABFLOW023,Coal,,,0.0
Spain,2000,1A2D,ABFLOW023,Natural gas,,,0.0
Spain,2000,1A2D,ABFLOW023,Oil,,,0.0
Spain,2000,1A2E,ABFLOW022,Coal,,,0.0
Spain,2000,1A2E,ABFLOW022,Natural gas,,,0.0
Spain,2000,1A2E,ABFLOW022,Oil,,,0.0
Spain,2000,1A2F,ABFLOW019,Coal,,,0.0
Spain,2000,1A2F,ABFLOW019,Natural gas,,,0.0
Spain,2000,1A2F,ABFLOW019,Oil,,,0.0
Spain,2000,1A2G,ABFLOW020,Coal,,,0.0
Spain,2000,1A2G,ABFLOW020,Natural gas,,,0.0
Spain,2000,1A2G,ABFLOW020,Oil,,,0.0
Spain,2000,1A2H,ABFLOW021,Coal,,,0.0
Spain,2000,1A2H,ABFLOW021,Natural gas,,,0.0
Spain,2000,1A2H,ABFLOW021,Oil,,,0.0
Spain,2000,1A2I,ABFLOW013,Coal,,,0.0
Spain,2000,1A2I,ABFLOW013,Natural gas,,,0.0
Spain,2000,1A2I,ABFLOW013,Oil,,,0.0
Spain,2000,1A2J,ABFLOW024,Coal,,,0.0
Spain,2000,1A2J,ABFLOW024,Natural gas,,,0.0
Spain,2000,1A2J,ABFLOW024,Oil,,,0.0
Spain,2000,1A2K,ABFLOW014,Coal,,,0.0
Spain,2000,1A2K,ABFLOW014,Natural gas,,,0.0
Spain,2000,1A2K,ABFLOW014,Oil,,,0.0
Spain,2000,1A2L,ABFLOW025,Coal,,,0.0
Spain,2000,1A2L,ABFLOW025,Natural gas,,,0.0
Spain,2000,1A2L,ABFLOW025,Oil,,,0.0
Spain,2000,1A2M,ABFLOW026,Coal,,,0.0
Spain,2000,1A2M,ABFLOW026,Natural gas,,,0.0
Spain,2000,1A2M,ABFLOW026,Oil,,,0.0
Spain,2000,1A3,ABFLOW027,Coal,,,0.0
Spain,2000,1A3,ABFLOW027,Natural gas,,,0.0
Spain,2000,1A3,ABFLOW027,Oil,,,0.0
Spain,2000,1A3A1,ABFLOW040,Coal,,,0.0
Spain,2000,1A3A1,ABFLOW040,Natural gas,,,0.0
Spain,2000,1A3A1,ABFLOW040,Oil,,,0.0
Spain,2000,1A3A2,ABFLOW029,Coal,,,0.0
Spain,2000,1A3A2,ABFLOW029,Natural gas,,,0.0
Spain,2000,1A3A2,ABFLOW029,Oil,,,0.0
Spain,2000,1A3B,ABFLOW028,Coal,,,0.0
Spain,2000,1A3B,ABFLOW028,Natural gas,,,0.0
Spain,2000,1A3B,ABFLOW028,Oil,,,0.0
Spain,2000,1A3C,ABFLOW030,Coal,,,0.0
Spain,2000,1A3C,ABFLOW030,Natural gas,,,0.0
Spain,2000,1A3C,ABFLOW030,Oil,,,0.0
Spain,2000,1A3D1,ABFLOW039,Coal,,,0.0
Spain,2000,1A3D1,ABFLOW039,Natural gas,,,0.0
Spain,2000,1A3D1,ABFLOW039,Oil,,,0.0
Spain,2000,1A3D2,ABFLOW032,Coal,,,0.0
Spain,2000,1A3D2,ABFLOW032,Natural gas,,,0.0
Spain,2000,1A3D2,ABFLOW032,Oil,,,0.0
Spain,2000,1A3E1,ABFLOW033,Coal,,,0.0
Spain,2000,1A3E1,ABFLOW033,Natural gas,,,0.0
Spain,2000,1A3E1,ABFLOW033,Oil,,,0.0
Spain,2000,1A4A,ABFLOW035,Coal,,,0.0
Spain,2000,1A4A,ABFLOW035,Natural gas,,,0.0
Spain,2000,1A4A,ABFLOW035,Oil,,,0.0
Spain,2000,1A4B,ABFLOW034,Coal,,,0.0
Spain,2000,1A4B,ABFLOW034,Natural gas,,,0.0
Spain,2000,1A4B,ABFLOW034,Oil,,,0.0
Spain,2000,1A4C1,ABFLOW036,Coal,,,0.0
Spain,2000,1A4C1,ABFLOW036,Natural gas,,,0.0
Spain,2000,1A4C1,ABFLOW036,Oil,,,0.0
Spain,2000,1A4C2,ABFLOW037,Coal,,,0.0
Spain,2000,1A4C2,ABFLOW037,Natural gas,,,0.0
Spain,2000,1A4C2,ABFLOW037,Oil,,,0.0
Spain,2000,1A5,ABFLOW038,Coal,,,0.0
Spain,2000,1A5,ABFLOW038,Natural gas,,,0.0
Spain,2000,1A5,ABFLOW038,Oil,,,0.0
Spain,2001,1A,ABFLOW001,Coal,,,0.0
Spain,2001,1A,ABFLOW001,Natural gas,,,0.0
Spain,2001,1A,ABFLOW001,Oil,,,0.0
Spain,2001,1A1A,ABFLOW002,Coal,,,0.0
Spain,2001,1A1A,ABFLOW002,Natural gas,,,0.0
Spain,2001,1A1A,ABFLOW002,Oil,,,0.0
Spain,2001,1A1A1,ABFLOW003,Coal,,,0.0
Spain,2001,1A1A1,ABFLOW003,Natural gas,,,0.0
Spain,2001,1A1A1,ABFLOW003,Oil,,,0.0
Spain,2001,1A1A2,ABFLOW004,Coal,,,0.0
Spain,2001,1A1A2,ABFLOW004,Natural gas,,,0.0
Spain,2001,1A1A2,ABFLOW004,Oil,,,0.0
Spain,2001,1A1A3,ABFLOW005,Coal,,,0.0
Spain,2001,1A1A3,ABFLOW005,Natural gas,,,0.0
Spain,2001,1A1A3,ABFLOW005,Oil,,,0.0
Spain,2001,1A1B,ABFLOW011,Coal,,,0.0
Spain,2001,1A1B,ABFLOW011,Natural gas,,,0.0
Spain,2001,1A1B,ABFLOW011,Oil,,,0.0
Spain,2001,1A1C,ABFLOW011,Coal,,,0.0
Spain,2001,1A1C,ABFLOW011,Natural gas,,,0.0
Spain,2001,1A1C,ABFLOW011,Oil,,,0.0
Spain,2001,1A2,ABFLOW012,Coal,,,0.0
Spain,2001,1A2,ABFLOW012,Natural gas,,,0.0
Spain,2001,1A2,ABFLOW012,Oil,,,0.0
Spain,2001,1A2A,ABFLOW016,Coal,,,0.0
Spain,2001,1A2A,ABFLOW016,Natural gas,,,0.0
Spain,2001,1A2A,ABFLOW016,Oil,,,0.0
Spain,2001,1A2B,ABFLOW018,Coal,,,0.0
Spain,2001,1A2B,ABFLOW018,Natural gas,,,0.0
Spain,2001,1A2B,ABFLOW018,Oil,,,0.0
Spain,2001,1A2C,ABFLOW017,Coal,,,0.0
Spain,2001,1A2C,ABFLOW017,Natural gas,,,0.0
Spain,2001,1A2C,ABFLOW017,Oil,,,0.0
Spain,2001,1A2D,ABFLOW023,Coal,,,0.0
Spain,2001,1A2D,ABFLOW023,Natural gas,,,0.0
Spain,2001,1A2D,ABFLOW023,Oil,,,0.0
Spain,2001,1A2E,ABFLOW022,Coal,,,0.0
Spain,2001,1A2E,ABFLOW022,Natural gas,,,0.0
Spain,2001,1A2E,ABFLOW022,Oil,,,0.0
Spain,2001,1A2F,ABFLOW019,Coal,,,0.0
Spain,2001,1A2F,ABFLOW019,Natural gas,,,0.0
Spain,2001,1A2F,ABFLOW019,Oil,,,0.0
Spain,2001,1A2G,ABFLOW020,Coal,,,0.0
Spain,2001,1A2G,ABFLOW020,Natural gas,,,0.0
Spain,2001,1A2G,ABFLOW020,Oil,,,0.0
Spain,2001,1A2H,ABFLOW021,Coal,,,0.0
Spain,2001,1A2H,ABFLOW021,Natural gas,,,0.0
Spain,2001,1A2H,ABFLOW021,Oil,,,0.0
Spain,2001,1A2I,ABFLOW013,Coal,,,0.0
Spain,2001,1A2I,ABFLOW013,Natural gas,,,0.0
Spain,2001,1A2I,ABFLOW013,Oil,,,0.0
Spain,2001,1A2J,ABFLOW024,Coal,,,0.0
Spain,2001,1A2J,ABFLOW024,Natural gas,,,0.0
Spain,2001,1A2J,ABFLOW024,Oil,,,0.0
Spain,2001,1A2K,ABFLOW014,Coal,,,0.0
Spain,2001,1A2K,ABFLOW014,Natural gas,,,0.0
Spain,2001,1A2K,ABFLOW014,Oil,,,0.0
Spain,2001,1A2L,ABFLOW025,Coal,,,0.0
Spain,2001,1A2L,ABFLOW025,Natural gas,,,0.0
Spain,2001,1A2L,ABFLOW025,Oil,,,0.0
Spain,2001,1A2M,ABFLOW026,Coal,,,0.0
Spain,2001,1A2M,ABFLOW026,Natural gas,,,0.0
Spain,2001,1A2M,ABFLOW026,Oil,,,0.0
Spain,2001,1A3,ABFLOW027,Coal,,,0.0
Spain,2001,1A3,ABFLOW027,Natural gas,,,0.0
Spain,2001,1A3,ABFLOW027,Oil,,,0.0
Spain,2001,1A3A1,ABFLOW040,Coal,,,0.0
Spain,2001,1A3A1,ABFLOW040,Natural gas,,,0.0
Spain,2001,1A3A1,ABFLOW040,Oil,,,0.0
Spain,2001,1A3A2,ABFLOW029,Coal,,,0.0
Spain,2001,1A3A2,ABFLOW029,Natural gas,,,0.0
Spain,2001,1A3A2,ABFLOW029,Oil,,,0.0
Spain,2001,1A3B,ABFLOW028,Coal,,,0.0
Spain,2001,1A3B,ABFLOW028,Natural gas,,,0.0
Spain,2001,1A3B,ABFLOW028,Oil,,,0.0
Spain,2001,1A3C,ABFLOW030,Coal,,,0.0
Spain,2001,1A3C,ABFLOW030,Natural gas,,,0.0
Spain,2001,1A3C,ABFLOW030,Oil,,,0.0
Spain,2001,1A3D1,ABFLOW039,Coal,,,0.0
Spain,2001,1A3D1,ABFLOW039,Natural gas,,,0.0
Spain,2001,1A3D1,ABFLOW039,Oil,,,0.0
Spain,2001,1A3D2,ABFLOW032,Coal,,,0.0
Spain,2001,1A3D2,ABFLOW032,Natural gas,,,0.0
Spain,2001,1A3D2,ABFLOW032,Oil,,,0.0
Spain,2001,1A3E1,ABFLOW033,Coal,,,0.0
Spain,2001,1A3E1,ABFLOW033,Natural gas,,,0.0
Spain,2001,1A3E1,ABFLOW033,Oil,,,0.0
Spain,2001,1A4A,ABFLOW035,Coal,,,0.0
Spain,2001,1A4A,ABFLOW035,Natural gas,,,0.0
Spain,2001,1A4A,ABFLOW035,Oil,,,0.0
Spain,2001,1A4B,ABFLOW034,Coal,,,0.0
Spain,2001,1A4B,ABFLOW034,Natural gas,,,0.0
Spain,2001,1A4B,ABFLOW034,Oil,,,0.0
Spain,2001,1A4C1,ABFLOW036,Coal,,,0.0
Spain,2001,1A4C1,ABFLOW036,Natural gas,,,0.0
Spain,2001,1A4C1,ABFLOW036,Oil,,,0.0
Spain,2001,1A4C2,ABFLOW037,Coal,,,0.0
Spain,2001,1A4C2,ABFLOW037,Natural gas,,,0.0
Spain,2001,1A4C2,ABFLOW037,Oil,,,0.0
Spain,2001,1A5,ABFLOW038,Coal,,,0.0
Spain,2001,1A5,ABFLOW038,Natural gas,,,0.0
Spain,2001,1A5,ABFLOW038,Oil,,,0.0
Spain,2002,1A,ABFLOW001,Coal,,,0.0
Spain,2002,1A,ABFLOW001,Natural gas,,,0.0
Spain,2002,1A,ABFLOW001,Oil,,,0.0
Spain,2002,1A1A,ABFLOW002,Coal,,,0.0
Spain,2002,1A1A,ABFLOW002,Natural gas,,,0.0
Spain,2002,1A1A,ABFLOW002,Oil,,,0.0
Spain,2002,1A1A1,ABFLOW003,Coal,,,0.0
Spain,2002,1A1A1,ABFLOW003,Natural gas,,,0.0
Spain,2002,1A1A1,ABFLOW003,Oil,,,0.0
Spain,2002,1A1A2,ABFLOW004,Coal,,,0.0
Spain,2002,1A1A2,ABFLOW004,Natural gas,,,0.0
Spain,2002,1A1A2,ABFLOW004,Oil,,,0.0
Spain,2002,1A1A3,ABFLOW005,Coal,,,0.0
Spain,2002,1A1A3,ABFLOW005,Natural gas,,,0.0
Spain,2002,1A1A3,ABFLOW005,Oil,,,0.0
Spain,2002,1A1B,ABFLOW011,Coal,,,0.0
Spain,2002,1A1B,ABFLOW011,Natural gas,,,0.0
Spain,2002,1A1B,ABFLOW011,Oil,,,0.0
Spain,2002,1A1C,ABFLOW011,Coal,,,0.0
Spain,2002,1A1C,ABFLOW011,Natural gas,,,0.0
Spain,2002,1A1C,ABFLOW011,Oil,,,0.0
Spain,2002,1A2,ABFLOW012,Coal,,,0.0
Spain,2002,1A2,ABFLOW012,Natural gas,,,0.0
Spain,2002,1A2,ABFLOW012,Oil,,,0.0
Spain,2002,1A2A,ABFLOW016,Coal,,,0.0
Spain,2002,1A2A,ABFLOW016,Natural gas,,,0.0
Spain,2002,1A2A,ABFLOW016,Oil,,,0.0
Spain,2002,1A2B,ABFLOW018,Coal,,,0.0
Spain,2002,1A2B,ABFLOW018,Natural gas,,,0.0
Spain,2002,1A2B,ABFLOW018,Oil,,,0.0
Spain,2002,1A2C,ABFLOW017,Coal,,,0.0
Spain,2002,1A2C,ABFLOW017,Natural gas,,,0.0
Spain,2002,1A2C,ABFLOW017,Oil,,,0.0
Spain,2002,1A2D,ABFLOW023,Coal,,,0.0
Spain,2002,1A2D,ABFLOW023,Natural gas,,,0.0
Spain,2002,1A2D,ABFLOW023,Oil,,,0.0
Spain,2002,1A2E,ABFLOW022,Coal,,,0.0
Spain,2002,1A2E,ABFLOW022,Natural gas,,,0.0
Spain,2002,1A2E,ABFLOW022,Oil,,,0.0
Spain,2002,1A2F,ABFLOW019,Coal,,,0.0
Spain,2002,1A2F,ABFLOW019,Natural gas,,,0.0
Spain,2002,1A2F,ABFLOW019,Oil,,,0.0
Spain,2002,1A2G,ABFLOW020,Coal,,,0.0
Spain,2002,1A2G,ABFLOW020,Natural gas,,,0.0
Spain,2002,1A2G,ABFLOW020,Oil,,,0.0
Spain,2002,1A2H,ABFLOW021,Coal,,,0.0
Spain,2002,1A2H,ABFLOW021,Natural gas,,,0.0
Spain,2002,1A2H,ABFLOW021,Oil,,,0.0
Spain,2002,1A2I,ABFLOW013,Coal,,,0.0
Spain,2002,1A2I,ABFLOW013,Natural gas,,,0.0
Spain,2002,1A2I,ABFLOW013,Oil,,,0.0
Spain,2002,1A2J,ABFLOW024,Coal,,,0.0
Spain,2002,1A2J,ABFLOW024,Natural gas,,,0.0
Spain,2002,1A2J,ABFLOW024,Oil,,,0.0
Spain,2002,1A2K,ABFLOW014,Coal,,,0.0
Spain,2002,1A2K,ABFLOW014,Natural gas,,,0.0
Spain,2002,1A2K,ABFLOW014,Oil,,,0.0
Spain,2002,1A2L,ABFLOW025,Coal,,,0.0
Spain,2002,1A2L,ABFLOW025,Natural gas,,,0.0
Spain,2002,1A2L,ABFLOW025,Oil,,,0.0
Spain,2002,1A2M,ABFLOW026,Coal,,,0.0
Spain,2002,1A2M,ABFLOW026,Natural gas,,,0.0
Spain,2002,1A2M,ABFLOW026,Oil,,,0.0
Spain,2002,1A3,ABFLOW027,Coal,,,0.0
Spain,2002,1A3,ABFLOW027,Natural gas,,,0.0
Spain,2002,1A3,ABFLOW027,Oil,,,0.0
Spain,2002,1A3A1,ABFLOW040,Coal,,,0.0
Spain,2002,1A3A1,ABFLOW040,Natural gas,,,0.0
Spain,2002,1A3A1,ABFLOW040,Oil,,,0.0
Spain,2002,1A3A2,ABFLOW029,Coal,,,0.0
Spain,2002,1A3A2,ABFLOW029,Natural gas,,,0.0
Spain,2002,1A3A2,ABFLOW029,Oil,,,0.0
Spain,2002,1A3B,ABFLOW028,Coal,,,0.0
Spain,2002,1A3B,ABFLOW028,Natural gas,,,0.0
Spain,2002,1A3B,ABFLOW028,Oil,,,0.0
Spain,2002,1A3C,ABFLOW030,Coal,,,0.0
Spain,2002,1A3C,ABFLOW030,Natural gas,,,0.0
Spain,2002,1A3C,ABFLOW030,Oil,,,0.0
Spain,2002,1A3D1,ABFLOW039,Coal,,,0.0
Spain,2002,1A3D1,ABFLOW039,Natural gas,,,0.0
Spain,2002,1A3D1,ABFLOW039,Oil,,,0.0
Spain,2002,1A3D2,ABFLOW032,Coal,,,0.0
Spain,2002,1A3D2,ABFLOW032,Natural gas,,,0.0
Spain,2002,1A3D2,ABFLOW032,Oil,,,0.0
Spain,2002,1A3E1,ABFLOW033,Coal,,,0.0
Spain,2002,1A3E1,ABFLOW033,Natural gas,,,0.0
Spain,2002,1A3E1,ABFLOW033,Oil,,,0.0
Spain,2002,1A4A,ABFLOW035,Coal,,,0.0
Spain,2002,1A4A,ABFLOW035,Natural gas,,,0.0
Spain,2002,1A4A,ABFLOW035,Oil,,,0.0
Spain,2002,1A4B,ABFLOW034,Coal,,,0.0
Spain,2002,1A4B,ABFLOW034,Natural gas,,,0.0
Spain,2002,1A4B,ABFLOW034,Oil,,,0.0
Spain,2002,1A4C1,ABFLOW036,Coal,,,0.0
Spain,2002,1A4C1,ABFLOW036,Natural gas,,,0.0
Spain,2002,1A4C1,ABFLOW036,Oil,,,0.0
Spain,2002,1A4C2,ABFLOW037,Coal,,,0.0
Spain,2002,1A4C2,ABFLOW037,Natural gas,,,0.0
Spain,2002,1A4C2,ABFLOW037,Oil,,,0.0
Spain,2002,1A5,ABFLOW038,Coal,,,0.0
Spain,2002,1A5,ABFLOW038,Natural gas,,,0.0
Spain,2002,1A5,ABFLOW038,Oil,,,0.0
Spain,2003,1A,ABFLOW001,Coal,,,0.0
Spain,2003,1A,ABFLOW001,Natural gas,,,0.0
Spain,2003,1A,ABFLOW001,Oil,,,0.0
Spain,2003,1A1A,ABFLOW002,Coal,,,0.0
Spain,2003,1A1A,ABFLOW002,Natural gas,,,0.0
Spain,2003,1A1A,ABFLOW002,Oil,,,0.0
Spain,2003,1A1A1,ABFLOW003,Coal,,,0.0
Spain,2003,1A1A1,ABFLOW003,Natural gas,,,0.0
Spain,2003,1A1A1,ABFLOW003,Oil,,,0.0
Spain,2003,1A1A2,ABFLOW004,Coal,,,0.0
Spain,2003,1A1A2,ABFLOW004,Natural gas,,,0.0
Spain,2003,1A1A2,ABFLOW004,Oil,,,0.0
Spain,2003,1A1A3,ABFLOW005,Coal,,,0.0
Spain,2003,1A1A3,ABFLOW005,Natural gas,,,0.0
Spain,2003,1A1A3,ABFLOW005,Oil,,,0.0
Spain,2003,1A1B,ABFLOW011,Coal,,,0.0
Spain,2003,1A1B,ABFLOW011,Natural gas,,,0.0
Spain,2003,1A1B,ABFLOW011,Oil,,,0.0
Spain,2003,1A1C,ABFLOW011,Coal,,,0.0
Spain,2003,1A1C,ABFLOW011,Natural gas,,,0.0
Spain,2003,1A1C,ABFLOW011,Oil,,,0.0
Spain,2003,1A2,ABFLOW012,Coal,,,0.0
Spain,2003,1A2,ABFLOW012,Natural gas,,,0.0
Spain,2003,1A2,ABFLOW012,Oil,,,0.0
Spain,2003,1A2A,ABFLOW016,Coal,,,0.0
Spain,2003,1A2A,ABFLOW016,Natural gas,,,0.0
Spain,2003,1A2A,ABFLOW016,Oil,,,0.0
Spain,2003,1A2B,ABFLOW018,Coal,,,0.0
Spain,2003,1A2B,ABFLOW018,Natural gas,,,0.0
Spain,2003,1A2B,ABFLOW018,Oil,,,0.0
Spain,2003,1A2C,ABFLOW017,Coal,,,0.0
Spain,2003,1A2C,ABFLOW017,Natural gas,,,0.0
Spain,2003,1A2C,ABFLOW017,Oil,,,0.0
Spain,2003,1A2D,ABFLOW023,Coal,,,0.0
Spain,2003,1A2D,ABFLOW023,Natural gas,,,0.0
Spain,2003,1A2D,ABFLOW023,Oil,,,0.0
Spain,2003,1A2E,ABFLOW022,Coal,,,0.0
Spain,2003,1A2E,ABFLOW022,Natural gas,,,0.0
Spain,2003,1A2E,ABFLOW022,Oil,,,0.0
Spain,2003,1A2F,ABFLOW019,Coal,,,0.0
Spain,2003,1A2F,ABFLOW019,Natural gas,,,0.0
Spain,2003,1A2F,ABFLOW019,Oil,,,0.0
Spain,2003,1A2G,ABFLOW020,Coal,,,0.0
Spain,2003,1A2G,ABFLOW020,Natural gas,,,0.0
Spain,2003,1A2G,ABFLOW020,Oil,,,0.0
Spain,2003,1A2H,ABFLOW021,Coal,,,0.0
Spain,2003,1A2H,ABFLOW021,Natural gas,,,0.0
Spain,2003,1A2H,ABFLOW021,Oil,,,0.0
Spain,2003,1A2I,ABFLOW013,Coal,,,0.0
Spain,2003,1A2I,ABFLOW013,Natural gas,,,0.0
Spain,2003,1A2I,ABFLOW013,Oil,,,0.0
Spain,2003,1A2J,ABFLOW024,Coal,,,0.0
Spain,2003,1A2J,ABFLOW024,Natural gas,,,0.0
Spain,2003,1A2J,ABFLOW024,Oil,,,0.0
Spain,2003,1A2K,ABFLOW014,Coal,,,0.0
Spain,2003,1A2K,ABFLOW014,Natural gas,,,0.0
Spain,2003,1A2K,ABFLOW014,Oil,,,0.0
Spain,2003,1A2L,ABFLOW025,Coal,,,0.0
Spain,2003,1A2L,ABFLOW025,Natural gas,,,0.0
Spain,2003,1A2L,ABFLOW025,Oil,,,0.0
Spain,2003,1A2M,ABFLOW026,Coal,,,0.0
Spain,2003,1A2M,ABFLOW026,Natural gas,,,0.0
Spain,2003,1A2M,ABFLOW026,Oil,,,0.0
Spain,2003,1A3,ABFLOW027,Coal,,,0.0
Spain,2003,1A3,ABFLOW027,Natural gas,,,0.0
Spain,2003,1A3,ABFLOW027,Oil,,,0.0
Spain,2003,1A3A1,ABFLOW040,Coal,,,0.0
Spain,2003,1A3A1,ABFLOW040,Natural gas,,,0.0
Spain,2003,1A3A1,ABFLOW040,Oil,,,0.0
Spain,2003,1A3A2,ABFLOW029,Coal,,,0.0
Spain,2003,1A3A2,ABFLOW029,Natural gas,,,0.0
Spain,2003,1A3A2,ABFLOW029,Oil,,,0.0
Spain,2003,1A3B,ABFLOW028,Coal,,,0.0
Spain,2003,1A3B,ABFLOW028,Natural gas,,,0.0
Spain,2003,1A3B,ABFLOW028,Oil,,,0.0
Spain,2003,1A3C,ABFLOW030,Coal,,,0.0
Spain,2003,1A3C,ABFLOW030,Natural gas,,,0.0
Spain,2003,1A3C,ABFLOW030,Oil,,,0.0
Spain,2003,1A3D1,ABFLOW039,Coal,,,0.0
Spain,2003,1A3D1,ABFLOW039,Natural gas,,,0.0
Spain,2003,1A3D1,ABFLOW039,Oil,,,0.0
Spain,2003,1A3D2,ABFLOW032,Coal,,,0.0
Spain,2003,1A3D2,ABFLOW032,Natural gas,,,0.0
Spain,2003,1A3D2,ABFLOW032,Oil,,,0.0
Spain,2003,1A3E1,ABFLOW033,Coal,,,0.0
Spain,2003,1A3E1,ABFLOW033,Natural gas,,,0.0
Spain,2003,1A3E1,ABFLOW033,Oil,,,0.0
Spain,2003,1A4A,ABFLOW035,Coal,,,0.0
Spain,2003,1A4A,ABFLOW035,Natural gas,,,0.0
Spain,2003,1A4A,ABFLOW035,Oil,,,0.0
Spain,2003,1A4B,ABFLOW034,Coal,,,0.0
Spain,2003,1A4B,ABFLOW034,Natural gas,,,0.0
Spain,2003,1A4B,ABFLOW034,Oil,,,0.0
Spain,2003,1A4C1,ABFLOW036,Coal,,,0.0
Spain,2003,1A4C1,ABFLOW036,Natural gas,,,0.0
Spain,2003,1A4C1,ABFLOW036,Oil,,,0.0
Spain,2003,1A4C2,ABFLOW037,Coal,,,0.0
Spain,2003,1A4C2,ABFLOW037,Natural gas,,,0.0
Spain,2003,1A4C2,ABFLOW037,Oil,,,0.0
Spain,2003,1A5,ABFLOW038,Coal,,,0.0
Spain,2003,1A5,ABFLOW038,Natural gas,,,0.0
Spain,2003,1A5,ABFLOW038,Oil,,,0.0
Spain,2004,1A,ABFLOW001,Coal,,,0.0
Spain,2004,1A,ABFLOW001,Natural gas,,,0.0
Spain,2004,1A,ABFLOW001,Oil,,,0.0
Spain,2004,1A1A,ABFLOW002,Coal,,,0.0
Spain,2004,1A1A,ABFLOW002,Natural gas,,,0.0
Spain,2004,1A1A,ABFLOW002,Oil,,,0.0
Spain,2004,1A1A1,ABFLOW003,Coal,,,0.0
Spain,2004,1A1A1,ABFLOW003,Natural gas,,,0.0
Spain,2004,1A1A1,ABFLOW003,Oil,,,0.0
Spain,2004,1A1A2,ABFLOW004,Coal,,,0.0
Spain,2004,1A1A2,ABFLOW004,Natural gas,,,0.0
Spain,2004,1A1A2,ABFLOW004,Oil,,,0.0
Spain,2004,1A1A3,ABFLOW005,Coal,,,0.0
Spain,2004,1A1A3,ABFLOW005,Natural gas,,,0.0
Spain,2004,1A1A3,ABFLOW005,Oil,,,0.0
Spain,2004,1A1B,ABFLOW011,Coal,,,0.0
Spain,2004,1A1B,ABFLOW011,Natural gas,,,0.0
Spain,2004,1A1B,ABFLOW011,Oil,,,0.0
Spain,2004,1A1C,ABFLOW011,Coal,,,0.0
Spain,2004,1A1C,ABFLOW011,Natural gas,,,0.0
Spain,2004,1A1C,ABFLOW011,Oil,,,0.0
Spain,2004,1A2,ABFLOW012,Coal,,,0.0
Spain,2004,1A2,ABFLOW012,Natural gas,,,0.0
Spain,2004,1A2,ABFLOW012,Oil,,,0.0
Spain,2004,1A2A,ABFLOW016,Coal,,,0.0
Spain,2004,1A2A,ABFLOW016,Natural gas,,,0.0
Spain,2004,1A2A,ABFLOW016,Oil,,,0.0
Spain,2004,1A2B,ABFLOW018,Coal,,,0.0
Spain,2004,1A2B,ABFLOW018,Natural gas,,,0.0
Spain,2004,1A2B,ABFLOW018,Oil,,,0.0
Spain,2004,1A2C,ABFLOW017,Coal,,,0.0
Spain,2004,1A2C,ABFLOW017,Natural gas,,,0.0
Spain,2004,1A2C,ABFLOW017,Oil,,,0.0
Spain,2004,1A2D,ABFLOW023,Coal,,,0.0
Spain,2004,1A2D,ABFLOW023,Natural gas,,,0.0
Spain,2004,1A2D,ABFLOW023,Oil,,,0.0
Spain,2004,1A2E,ABFLOW022,Coal,,,0.0
Spain,2004,1A2E,ABFLOW022,Natural gas,,,0.0
Spain,2004,1A2E,ABFLOW022,Oil,,,0.0
Spain,2004,1A2F,ABFLOW019,Coal,,,0.0
Spain,2004,1A2F,ABFLOW019,Natural gas,,,0.0
Spain,2004,1A2F,ABFLOW019,Oil,,,0.0
Spain,2004,1A2G,ABFLOW020,Coal,,,0.0
Spain,2004,1A2G,ABFLOW020,Natural gas,,,0.0
Spain,2004,1A2G,ABFLOW020,Oil,,,0.0
Spain,2004,1A2H,ABFLOW021,Coal,,,0.0
Spain,2004,1A2H,ABFLOW021,Natural gas,,,0.0
Spain,2004,1A2H,ABFLOW021,Oil,,,0.0
Spain,2004,1A2I,ABFLOW013,Coal,,,0.0
Spain,2004,1A2I,ABFLOW013,Natural gas,,,0.0
Spain,2004,1A2I,ABFLOW013,Oil,,,0.0
Spain,2004,1A2J,ABFLOW024,Coal,,,0.0
Spain,2004,1A2J,ABFLOW024,Natural gas,,,0.0
Spain,2004,1A2J,ABFLOW024,Oil,,,0.0
Spain,2004,1A2K,ABFLOW014,Coal,,,0.0
Spain,2004,1A2K,ABFLOW014,Natural gas,,,0.0
Spain,2004,1A2K,ABFLOW014,Oil,,,0.0
Spain,2004,1A2L,ABFLOW025,Coal,,,0.0
Spain,2004,1A2L,ABFLOW025,Natural gas,,,0.0
Spain,2004,1A2L,ABFLOW025,Oil,,,0.0
Spain,2004,1A2M,ABFLOW026,Coal,,,0.0
Spain,2004,1A2M,ABFLOW026,Natural gas,,,0.0
Spain,2004,1A2M,ABFLOW026,Oil,,,0.0
Spain,2004,1A3,ABFLOW027,Coal,,,0.0
Spain,2004,1A3,ABFLOW027,Natural gas,,,0.0
Spain,2004,1A3,ABFLOW027,Oil,,,0.0
Spain,2004,1A3A1,ABFLOW040,Coal,,,0.0
Spain,2004,1A3A1,ABFLOW040,Natural gas,,,0.0
Spain,2004,1A3A1,ABFLOW040,Oil,,,0.0
Spain,2004,1A3A2,ABFLOW029,Coal,,,0.0
Spain,2004,1A3A2,ABFLOW029,Natural gas,,,0.0
Spain,2004,1A3A2,ABFLOW029,Oil,,,0.0
Spain,2004,1A3B,ABFLOW028,Coal,,,0.0
Spain,2004,1A3B,ABFLOW028,Natural gas,,,0.0
Spain,2004,1A3B,ABFLOW028,Oil,,,0.0
Spain,2004,1A3C,ABFLOW030,Coal,,,0.0
Spain,2004,1A3C,ABFLOW030,Natural gas,,,0.0
Spain,2004,1A3C,ABFLOW030,Oil,,,0.0
Spain,2004,1A3D1,ABFLOW039,Coal,,,0.0
Spain,2004,1A3D1,ABFLOW039,Natural gas,,,0.0
Spain,2004,1A3D1,ABFLOW039,Oil,,,0.0
Spain,2004,1A3D2,ABFLOW032,Coal,,,0.0
Spain,2004,1A3D2,ABFLOW032,Natural gas,,,0.0
Spain,2004,1A3D2,ABFLOW032,Oil,,,0.0
Spain,2004,1A3E1,ABFLOW033,Coal,,,0.0
Spain,2004,1A3E1,ABFLOW033,Natural gas,,,0.0
Spain,2004,1A3E1,ABFLOW033,Oil,,,0.0
Spain,2004,1A4A,ABFLOW035,Coal,,,0.0
Spain,2004,1A4A,ABFLOW035,Natural gas,,,0.0
Spain,2004,1A4A,ABFLOW035,Oil,,,0.0
Spain,2004,1A4B,ABFLOW034,Coal,,,0.0
Spain,2004,1A4B,ABFLOW034,Natural gas,,,0.0
Spain,2004,1A4B,ABFLOW034,Oil,,,0.0
Spain,2004,1A4C1,ABFLOW036,Coal,,,0.0
Spain,2004,1A4C1,ABFLOW036,Natural gas,,,0.0
Spain,2004,1A4C1,ABFLOW036,Oil,,,0.0
Spain,2004,1A4C2,ABFLOW037,Coal,,,0.0
Spain,2004,1A4C2,ABFLOW037,Natural gas,,,0.0
Spain,2004,1A4C2,ABFLOW037,Oil,,,0.0
Spain,2004,1A5,ABFLOW038,Coal,,,0.0
Spain,2004,1A5,ABFLOW038,Natural gas,,,0.0
Spain,2004,1A5,ABFLOW038,Oil,,,0.0
Spain,2005,1A,ABFLOW001,Coal,,,0.0
Spain,2005,1A,ABFLOW001,Natural gas,,,0.0
Spain,2005,1A,ABFLOW001,Oil,,,0.0
Spain,2005,1A1A,ABFLOW002,Coal,,,0.0
Spain,2005,1A1A,ABFLOW002,Natural gas,,,0.0
Spain,2005,1A1A,ABFLOW002,Oil,,,0.0
Spain,2005,1A1A1,ABFLOW003,Coal,28.39418497413179,,28.39418497413179
Spain,2005,1A1A1,ABFLOW003,Natural gas,28.39418497413179,,28.39418497413179
Spain,2005,1A1A1,ABFLOW003,Oil,28.39418497413179,,28.39418497413179
Spain,2005,1A1A2,ABFLOW004,Coal,28.39418497413179,,28.39418497413179
Spain,2005,1A1A2,ABFLOW004,Natural gas,28.39418497413179,,28.39418497413179
Spain,2005,1A1A2,ABFLOW004,Oil,28.39418497413179,,28.39418497413179
Spain,2005,1A1A3,ABFLOW005,Coal,28.39418497413179,,28.39418497413179
Spain,2005,1A1A3,ABFLOW005,Natural gas,28.39418497413179,,28.39418497413179
Spain,2005,1A1A3,ABFLOW005,Oil,28.39418497413179,,28.39418497413179
Spain,2005,1A1B,ABFLOW011,Coal,28.39418497413179,,28.39418497413179
Spain,2005,1A1B,ABFLOW011,Natural gas,28.39418497413179,,28.39418497413179
Spain,2005,1A1B,ABFLOW011,Oil,28.39418497413179,,28.39418497413179
Spain,2005,1A1C,ABFLOW011,Coal,28.39418497413179,,28.39418497413179
Spain,2005,1A1C,ABFLOW011,Natural gas,28.39418497413179,,28.39418497413179
Spain,2005,1A1C,ABFLOW011,Oil,28.39418497413179,,28.39418497413179
Spain,2005,1A2,ABFLOW012,Coal,,,0.0
Spain,2005,1A2,ABFLOW012,Natural gas,,,0.0
Spain,2005,1A2,ABFLOW012,Oil,,,0.0
Spain,2005,1A2A,ABFLOW016,Coal,28.39418497413179,,28.39418497413179
Spain,2005,1A2A,ABFLOW016,Natural gas,28.39418497413179,,28.39418497413179
Spain,2005,1A2A,ABFLOW016,Oil,28.39418497413179,,28.39418497413179
Spain,2005,1A2B,ABFLOW018,Coal,28.39418497413179,,28.39418497413179
Spain,2005,1A2B,ABFLOW018,Natural gas,28.39418497413179,,28.39418497413179
Spain,2005,1A2B,ABFLOW018,Oil,28.39418497413179,,28.39418497413179
Spain,2005,1A2C,ABFLOW017,Coal,28.39418497413179,,28.39418497413179
Spain,2005,1A2C,ABFLOW017,Natural gas,28.39418497413179,,28.39418497413179
Spain,2005,1A2C,ABFLOW017,Oil,28.39418497413179,,28.39418497413179
Spain,2005,1A2D,ABFLOW023,Coal,28.39418497413179,,28.39418497413179
Spain,2005,1A2D,ABFLOW023,Natural gas,28.39418497413179,,28.39418497413179
Spain,2005,1A2D,ABFLOW023,Oil,28.39418497413179,,28.39418497413179
Spain,2005,1A2E,ABFLOW022,Coal,28.39418497413179,,28.39418497413179
Spain,2005,1A2E,ABFLOW022,Natural gas,28.39418497413179,,28.39418497413179
Spain,2005,1A2E,ABFLOW022,Oil,28.39418497413179,,28.39418497413179
Spain,2005,1A2F,ABFLOW019,Coal,28.39418497413179,,28.39418497413179
Spain,2005,1A2F,ABFLOW019,Natural gas,28.39418497413179,,28.39418497413179
Spain,2005,1A2F,ABFLOW019,Oil,28.39418497413179,,28.39418497413179
Spain,2005,1A2G,ABFLOW020,Coal,28.39418497413179,,28.39418497413179
Spain,2005,1A2G,ABFLOW020,Natural gas,28.39418497413179,,28.39418497413179
Spain,2005,1A2G,ABFLOW020,Oil,28.39418497413179,,28.39418497413179
Spain,2005,1A2H,ABFLOW021,Coal,28.39418497413179,,28.39418497413179
Spain,2005,1A2H,ABFLOW021,Natural gas,28.39418497413179,,28.39418497413179
Spain,2005,1A2H,ABFLOW021,Oil,28.39418497413179,,28.39418497413179
Spain,2005,1A2I,ABFLOW013,Coal,28.39418497413179,,28.39418497413179
Spain,2005,1A2I,ABFLOW013,Natural gas,28.39418497413179,,28.39418497413179
Spain,2005,1A2I,ABFLOW013,Oil,28.39418497413179,,28.39418497413179
Spain,2005,1A2J,ABFLOW024,Coal,28.39418497413179,,28.39418497413179
Spain,2005,1A2J,ABFLOW024,Natural gas,28.39418497413179,,28.39418497413179
Spain,2005,1A2J,ABFLOW024,Oil,28.39418497413179,,28.39418497413179
Spain,2005,1A2K,ABFLOW014,Coal,28.39418497413179,,28.39418497413179
Spain,2005,1A2K,ABFLOW014,Natural gas,28.39418497413179,,28.39418497413179
Spain,2005,1A2K,ABFLOW014,Oil,28.39418497413179,,28.39418497413179
Spain,2005,1A2L,ABFLOW025,Coal,28.39418497413179,,28.39418497413179
Spain,2005,1A2L,ABFLOW025,Natural gas,28.39418497413179,,28.39418497413179
Spain,2005,1A2L,ABFLOW025,Oil,28.39418497413179,,28.39418497413179
Spain,2005,1A2M,ABFLOW026,Coal,28.39418497413179,,28.39418497413179
Spain,2005,1A2M,ABFLOW026,Natural gas,28.39418497413179,,28.39418497413179
Spain,2005,1A2M,ABFLOW026,Oil,28.39418497413179,,28.39418497413179
Spain,2005,1A3,ABFLOW027,Coal,,,0.0
Spain,2005,1A3,ABFLOW027,Natural gas,,,0.0
Spain,2005,1A3,ABFLOW027,Oil,,,0.0
Spain,2005,1A3A1,ABFLOW040,Coal,,,0.0
Spain,2005,1A3A1,ABFLOW040,Natural gas,,,0.0
Spain,2005,1A3A1,ABFLOW040,Oil,,,0.0
Spain,2005,1A3A2,ABFLOW029,Coal,,,0.0
Spain,2005,1A3A2,ABFLOW029,Natural gas,,,0.0
Spain,2005,1A3A2,ABFLOW029,Oil,,,0.0
Spain,2005,1A3B,ABFLOW028,Coal,,,0.0
Spain,2005,1A3B,ABFLOW028,Natural gas,,,0.0
Spain,2005,1A3B,ABFLOW028,Oil,,,0.0
Spain,2005,1A3C,ABFLOW030,Coal,,,0.0
Spain,2005,1A3C,ABFLOW030,Natural gas,,,0.0
Spain,2005,1A3C,ABFLOW030,Oil,,,0.0
Spain,2005,1A3D1,ABFLOW039,Coal,,,0.0
Spain,2005,1A3D1,ABFLOW039,Natural gas,,,0.0
Spain,2005,1A3D1,ABFLOW039,Oil,,,0.0
Spain,2005,1A3D2,ABFLOW032,Coal,,,0.0
Spain,2005,1A3D2,ABFLOW032,Natural gas,,,0.0
Spain,2005,1A3D2,ABFLOW032,Oil,,,0.0
Spain,2005,1A3E1,ABFLOW033,Coal,,,0.0
Spain,2005,1A3E1,ABFLOW033,Natural gas,,,0.0
Spain,2005,1A3E1,ABFLOW033,Oil,,,0.0
Spain,2005,1A4A,ABFLOW035,Coal,,,0.0
Spain,2005,1A4A,ABFLOW035,Natural gas,,,0.0
Spain,2005,1A4A,ABFLOW035,Oil,,,0.0
Spain,2005,1A4B,ABFLOW034,Coal,,,0.0
Spain,2005,1A4B,ABFLOW034,Natural gas,,,0.0
Spain,2005,1A4B,ABFLOW034,Oil,,,0.0
Spain,2005,1A4C1,ABFLOW036,Coal,,,0.0
Spain,2005,1A4C1,ABFLOW036,Natural gas,,,0.0
Spain,2005,1A4C1,ABFLOW036,Oil,,,0.0
Spain,2005,1A4C2,ABFLOW037,Coal,,,0.0
Spain,2005,1A4C2,ABFLOW037,Natural gas,,,0.0
Spain,2005,1A4C2,ABFLOW037,Oil,,,0.0
Spain,2005,1A5,ABFLOW038,Coal,,,0.0
Spain,2005,1A5,ABFLOW038,Natural gas,,,0.0
Spain,2005,1A5,ABFLOW038,Oil,,,0.0
Spain,2006,1A,ABFLOW001,Coal,,,0.0
Spain,2006,1A,ABFLOW001,Natural gas,,,0.0
Spain,2006,1A,ABFLOW001,Oil,,,0.0
Spain,2006,1A1A,ABFLOW002,Coal,,,0.0
Spain,2006,1A1A,ABFLOW002,Natural gas,,,0.0
Spain,2006,1A1A,ABFLOW002,Oil,,,0.0
Spain,2006,1A1A1,ABFLOW003,Coal,22.830316420866968,,22.830316420866968
Spain,2006,1A1A1,ABFLOW003,Natural gas,22.830316420866968,,22.830316420866968
Spain,2006,1A1A1,ABFLOW003,Oil,22.830316420866968,,22.830316420866968
Spain,2006,1A1A2,ABFLOW004,Coal,22.830316420866968,,22.830316420866968
Spain,2006,1A1A2,ABFLOW004,Natural gas,22.830316420866968,,22.830316420866968
Spain,2006,1A1A2,ABFLOW004,Oil,22.830316420866968,,22.830316420866968
Spain,2006,1A1A3,ABFLOW005,Coal,22.830316420866968,,22.830316420866968
Spain,2006,1A1A3,ABFLOW005,Natural gas,22.830316420866968,,22.830316420866968
Spain,2006,1A1A3,ABFLOW005,Oil,22.830316420866968,,22.830316420866968
Spain,2006,1A1B,ABFLOW011,Coal,22.830316420866968,,22.830316420866968
Spain,2006,1A1B,ABFLOW011,Natural gas,22.830316420866968,,22.830316420866968
Spain,2006,1A1B,ABFLOW011,Oil,22.830316420866968,,22.830316420866968
Spain,2006,1A1C,ABFLOW011,Coal,22.830316420866968,,22.830316420866968
Spain,2006,1A1C,ABFLOW011,Natural gas,22.830316420866968,,22.830316420866968
Spain,2006,1A1C,ABFLOW011,Oil,22.830316420866968,,22.830316420866968
Spain,2006,1A2,ABFLOW012,Coal,,,0.0
Spain,2006,1A2,ABFLOW012,Natural gas,,,0.0
Spain,2006,1A2,ABFLOW012,Oil,,,0.0
Spain,2006,1A2A,ABFLOW016,Coal,22.830316420866968,,22.830316420866968
Spain,2006,1A2A,ABFLOW016,Natural gas,22.830316420866968,,22.830316420866968
Spain,2006,1A2A,ABFLOW016,Oil,22.830316420866968,,22.830316420866968
Spain,2006,1A2B,ABFLOW018,Coal,22.830316420866968,,22.830316420866968
Spain,2006,1A2B,ABFLOW018,Natural gas,22.830316420866968,,22.830316420866968
Spain,2006,1A2B,ABFLOW018,Oil,22.830316420866968,,22.830316420866968
Spain,2006,1A2C,ABFLOW017,Coal,22.830316420866968,,22.830316420866968
Spain,2006,1A2C,ABFLOW017,Natural gas,22.830316420866968,,22.830316420866968
Spain,2006,1A2C,ABFLOW017,Oil,22.830316420866968,,22.830316420866968
Spain,2006,1A2D,ABFLOW023,Coal,22.830316420866968,,22.830316420866968
Spain,2006,1A2D,ABFLOW023,Natural gas,22.830316420866968,,22.830316420866968
Spain,2006,1A2D,ABFLOW023,Oil,22.830316420866968,,22.830316420866968
Spain,2006,1A2E,ABFLOW022,Coal,22.830316420866968,,22.830316420866968
Spain,2006,1A2E,ABFLOW022,Natural gas,22.830316420866968,,22.830316420866968
Spain,2006,1A2E,ABFLOW022,Oil,22.830316420866968,,22.830316420866968
Spain,2006,1A2F,ABFLOW019,Coal,22.830316420866968,,22.830316420866968
Spain,2006,1A2F,ABFLOW019,Natural gas,22.830316420866968,,22.830316420866968
Spain,2006,1A2F,ABFLOW019,Oil,22.830316420866968,,22.830316420866968
Spain,2006,1A2G,ABFLOW020,Coal,22.830316420866968,,22.830316420866968
Spain,2006,1A2G,ABFLOW020,Natural gas,22.830316420866968,,22.830316420866968
Spain,2006,1A2G,ABFLOW020,Oil,22.830316420866968,,22.830316420866968
Spain,2006,1A2H,ABFLOW021,Coal,22.830316420866968,,22.830316420866968
Spain,2006,1A2H,ABFLOW021,Natural gas,22.830316420866968,,22.830316420866968
Spain,2006,1A2H,ABFLOW021,Oil,22.830316420866968,,22.830316420866968
Spain,2006,1A2I,ABFLOW013,Coal,22.830316420866968,,22.830316420866968
Spain,2006,1A2I,ABFLOW013,Natural gas,22.830316420866968,,22.830316420866968
Spain,2006,1A2I,ABFLOW013,Oil,22.830316420866968,,22.830316420866968
Spain,2006,1A2J,ABFLOW024,Coal,22.830316420866968,,22.830316420866968
Spain,2006,1A2J,ABFLOW024,Natural gas,22.830316420866968,,22.830316420866968
Spain,2006,1A2J,ABFLOW024,Oil,22.830316420866968,,22.830316420866968
Spain,2006,1A2K,ABFLOW014,Coal,22.830316420866968,,22.830316420866968
Spain,2006,1A2K,ABFLOW014,Natural gas,22.830316420866968,,22.830316420866968
Spain,2006,1A2K,ABFLOW014,Oil,22.830316420866968,,22.830316420866968
Spain,2006,1A2L,ABFLOW025,Coal,22.830316420866968,,22.830316420866968
Spain,2006,1A2L,ABFLOW025,Natural gas,22.830316420866968,,22.830316420866968
Spain,2006,1A2L,ABFLOW025,Oil,22.830316420866968,,22.830316420866968
Spain,2006,1A2M,ABFLOW026,Coal,22.830316420866968,,22.830316420866968
Spain,2006,1A2M,ABFLOW026,Natural gas,22.830316420866968,,22.830316420866968
Spain,2006,1A2M,ABFLOW026,Oil,22.830316420866968,,22.830316420866968
Spain,2006,1A3,ABFLOW027,Coal,,,0.0
Spain,2006,1A3,ABFLOW027,Natural gas,,,0.0
Spain,2006,1A3,ABFLOW027,Oil,,,0.0
Spain,2006,1A3A1,ABFLOW040,Coal,,,0.0
Spain,2006,1A3A1,ABFLOW040,Natural gas,,,0.0
Spain,2006,1A3A1,ABFLOW040,Oil,,,0.0
Spain,2006,1A3A2,ABFLOW029,Coal,,,0.0
Spain,2006,1A3A2,ABFLOW029,Natural gas,,,0.0
Spain,2006,1A3A2,ABFLOW029,Oil,,,0.0
Spain,2006,1A3B,ABFLOW028,Coal,,,0.0
Spain,2006,1A3B,ABFLOW028,Natural gas,,,0.0
Spain,2006,1A3B,ABFLOW028,Oil,,,0.0
Spain,2006,1A3C,ABFLOW030,Coal,,,0.0
Spain,2006,1A3C,ABFLOW030,Natural gas,,,0.0
Spain,2006,1A3C,ABFLOW030,Oil,,,0.0
Spain,2006,1A3D1,ABFLOW039,Coal,,,0.0
Spain,2006,1A3D1,ABFLOW039,Natural gas,,,0.0
Spain,2006,1A3D1,ABFLOW039,Oil,,,0.0
Spain,2006,1A3D2,ABFLOW032,Coal,,,0.0
Spain,2006,1A3D2,ABFLOW032,Natural gas,,,0.0
Spain,2006,1A3D2,ABFLOW032,Oil,,,0.0
Spain,2006,1A3E1,ABFLOW033,Coal,,,0.0
Spain,2006,1A3E1,ABFLOW033,Natural gas,,,0.0
Spain,2006,1A3E1,ABFLOW033,Oil,,,0.0
Spain,2006,1A4A,ABFLOW035,Coal,,,0.0
Spain,2006,1A4A,ABFLOW035,Natural gas,,,0.0
Spain,2006,1A4A,ABFLOW035,Oil,,,0.0
Spain,2006,1A4B,ABFLOW034,Coal,,,0.0
Spain,2006,1A4B,ABFLOW034,Natural gas,,,0.0
Spain,2006,1A4B,ABFLOW034,Oil,,,0.0
Spain,2006,1A4C1,ABFLOW036,Coal,,,0.0
Spain,2006,1A4C1,ABFLOW036,Natural gas,,,0.0
Spain,2006,1A4C1,ABFLOW036,Oil,,,0.0
Spain,2006,1A4C2,ABFLOW037,Coal,,,0.0
Spain,2006,1A4C2,ABFLOW037,Natural gas,,,0.0
Spain,2006,1A4C2,ABFLOW037,Oil,,,0.0
Spain,2006,1A5,ABFLOW038,Coal,,,0.0
Spain,2006,1A5,ABFLOW038,Natural gas,,,0.0
Spain,2006,1A5,ABFLOW038,Oil,,,0.0
Spain,2007,1A,ABFLOW001,Coal,,,0.0
Spain,2007,1A,ABFLOW001,Natural gas,,,0.0
Spain,2007,1A,ABFLOW001,Oil,,,0.0
Spain,2007,1A1A,ABFLOW002,Coal,,,0.0
Spain,2007,1A1A,ABFLOW002,Natural gas,,,0.0
Spain,2007,1A1A,ABFLOW002,Oil,,,0.0
Spain,2007,1A1A1,ABFLOW003,Coal,0.8395761372033143,,0.8395761372033143
Spain,2007,1A1A1,ABFLOW003,Natural gas,0.8395761372033143,,0.8395761372033143
Spain,2007,1A1A1,ABFLOW003,Oil,0.8395761372033143,,0.8395761372033143
Spain,2007,1A1A2,ABFLOW004,Coal,0.8395761372033143,,0.8395761372033143
Spain,2007,1A1A2,ABFLOW004,Natural gas,0.8395761372033143,,0.8395761372033143
Spain,2007,1A1A2,ABFLOW004,Oil,0.8395761372033143,,0.8395761372033143
Spain,2007,1A1A3,ABFLOW005,Coal,0.8395761372033143,,0.8395761372033143
Spain,2007,1A1A3,ABFLOW005,Natural gas,0.8395761372033143,,0.8395761372033143
Spain,2007,1A1A3,ABFLOW005,Oil,0.8395761372033143,,0.8395761372033143
Spain,2007,1A1B,ABFLOW011,Coal,0.8395761372033143,,0.8395761372033143
Spain,2007,1A1B,ABFLOW011,Natural gas,0.8395761372033143,,0.8395761372033143
Spain,2007,1A1B,ABFLOW011,Oil,0.8395761372033143,,0.8395761372033143
Spain,2007,1A1C,ABFLOW011,Coal,0.8395761372033143,,0.8395761372033143
Spain,2007,1A1C,ABFLOW011,Natural gas,0.8395761372033143,,0.8395761372033143
Spain,2007,1A1C,ABFLOW011,Oil,0.8395761372033143,,0.8395761372033143
Spain,2007,1A2,ABFLOW012,Coal,,,0.0
Spain,2007,1A2,ABFLOW012,Natural gas,,,0.0
Spain,2007,1A2,ABFLOW012,Oil,,,0.0
Spain,2007,1A2A,ABFLOW016,Coal,0.8395761372033143,,0.8395761372033143
Spain,2007,1A2A,ABFLOW016,Natural gas,0.8395761372033143,,0.8395761372033143
Spain,2007,1A2A,ABFLOW016,Oil,0.8395761372033143,,0.8395761372033143
Spain,2007,1A2B,ABFLOW018,Coal,0.8395761372033143,,0.8395761372033143
Spain,2007,1A2B,ABFLOW018,Natural gas,0.8395761372033143,,0.8395761372033143
Spain,2007,1A2B,ABFLOW018,Oil,0.8395761372033143,,0.8395761372033143
Spain,2007,1A2C,ABFLOW017,Coal,0.8395761372033143,,0.8395761372033143
Spain,2007,1A2C,ABFLOW017,Natural gas,0.8395761372033143,,0.8395761372033143
Spain,2007,1A2C,ABFLOW017,Oil,0.8395761372033143,,0.8395761372033143
Spain,2007,1A2D,ABFLOW023,Coal,0.8395761372033143,,0.8395761372033143
Spain,2007,1A2D,ABFLOW023,Natural gas,0.8395761372033143,,0.8395761372033143
Spain,2007,1A2D,ABFLOW023,Oil,0.8395761372033143,,0.8395761372033143
Spain,2007,1A2E,ABFLOW022,Coal,0.8395761372033143,,0.8395761372033143
Spain,2007,1A2E,ABFLOW022,Natural gas,0.8395761372033143,,0.8395761372033143
Spain,2007,1A2E,ABFLOW022,Oil,0.8395761372033143,,0.8395761372033143
Spain,2007,1A2F,ABFLOW019,Coal,0.8395761372033143,,0.8395761372033143
Spain,2007,1A2F,ABFLOW019,Natural gas,0.8395761372033143,,0.8395761372033143
Spain,2007,1A2F,ABFLOW019,Oil,0.8395761372033143,,0.8395761372033143
Spain,2007,1A2G,ABFLOW020,Coal,0.8395761372033143,,0.8395761372033143
Spain,2007,1A2G,ABFLOW020,Natural gas,0.8395761372033143,,0.8395761372033143
Spain,2007,1A2G,ABFLOW020,Oil,0.8395761372033143,,0.8395761372033143
Spain,2007,1A2H,ABFLOW021,Coal,0.8395761372033143,,0.8395761372033143
Spain,2007,1A2H,ABFLOW021,Natural gas,0.8395761372033143,,0.8395761372033143
Spain,2007,1A2H,ABFLOW021,Oil,0.8395761372033143,,0.8395761372033143
Spain,2007,1A2I,ABFLOW013,Coal,0.8395761372033143,,0.8395761372033143
Spain,2007,1A2I,ABFLOW013,Natural gas,0.8395761372033143,,0.8395761372033143
Spain,2007,1A2I,ABFLOW013,Oil,0.8395761372033143,,0.8395761372033143
Spain,2007,1A2J,ABFLOW024,Coal,0.8395761372033143,,0.8395761372033143
Spain,2007,1A2J,ABFLOW024,Natural gas,0.8395761372033143,,0.8395761372033143
Spain,2007,1A2J,ABFLOW024,Oil,0.8395761372033143,,0.8395761372033143
Spain,2007,1A2K,ABFLOW014,Coal,0.8395761372033143,,0.8395761372033143
Spain,2007,1A2K,ABFLOW014,Natural gas,0.8395761372033143,,0.8395761372033143
Spain,2007,1A2K,ABFLOW014,Oil,0.8395761372033143,,0.8395761372033143
Spain,2007,1A2L,ABFLOW025,Coal,0.8395761372033143,,0.8395761372033143
Spain,2007,1A2L,ABFLOW025,Natural gas,0.8395761372033143,,0.8395761372033143
Spain,2007,1A2L,ABFLOW025,Oil,0.8395761372033143,,0.8395761372033143
Spain,2007,1A2M,ABFLOW026,Coal,0.8395761372033143,,0.8395761372033143
Spain,2007,1A2M,ABFLOW026,Natural gas,0.8395761372033143,,0.8395761372033143
Spain,2007,1A2M,ABFLOW026,Oil,0.8395761372033143,,0.8395761372033143
Spain,2007,1A3,ABFLOW027,Coal,,,0.0
Spain,2007,1A3,ABFLOW027,Natural gas,,,0.0
Spain,2007,1A3,ABFLOW027,Oil,,,0.0
Spain,2007,1A3A1,ABFLOW040,Coal,,,0.0
Spain,2007,1A3A1,ABFLOW040,Natural gas,,,0.0
Spain,2007,1A3A1,ABFLOW040,Oil,,,0.0
Spain,2007,1A3A2,ABFLOW029,Coal,,,0.0
Spain,2007,1A3A2,ABFLOW029,Natural gas,,,0.0
Spain,2007,1A3A2,ABFLOW029,Oil,,,0.0
Spain,2007,1A3B,ABFLOW028,Coal,,,0.0
Spain,2007,1A3B,ABFLOW028,Natural gas,,,0.0
Spain,2007,1A3B,ABFLOW028,Oil,,,0.0
Spain,2007,1A3C,ABFLOW030,Coal,,,0.0
Spain,2007,1A3C,ABFLOW030,Natural gas,,,0.0
Spain,2007,1A3C,ABFLOW030,Oil,,,0.0
Spain,2007,1A3D1,ABFLOW039,Coal,,,0.0
Spain,2007,1A3D1,ABFLOW039,Natural gas,,,0.0
Spain,2007,1A3D1,ABFLOW039,Oil,,,0.0
Spain,2007,1A3D2,ABFLOW032,Coal,,,0.0
Spain,2007,1A3D2,ABFLOW032,Natural gas,,,0.0
Spain,2007,1A3D2,ABFLOW032,Oil,,,0.0
Spain,2007,1A3E1,ABFLOW033,Coal,,,0.0
Spain,2007,1A3E1,ABFLOW033,Natural gas,,,0.0
Spain,2007,1A3E1,ABFLOW033,Oil,,,0.0
Spain,2007,1A4A,ABFLOW035,Coal,,,0.0
Spain,2007,1A4A,ABFLOW035,Natural gas,,,0.0
Spain,2007,1A4A,ABFLOW035,Oil,,,0.0
Spain,2007,1A4B,ABFLOW034,Coal,,,0.0
Spain,2007,1A4B,ABFLOW034,Natural gas,,,0.0
Spain,2007,1A4B,ABFLOW034,Oil,,,0.0
Spain,2007,1A4C1,ABFLOW036,Coal,,,0.0
Spain,2007,1A4C1,ABFLOW036,Natural gas,,,0.0
Spain,2007,1A4C1,ABFLOW036,Oil,,,0.0
Spain,2007,1A4C2,ABFLOW037,Coal,,,0.0
Spain,2007,1A4C2,ABFLOW037,Natural gas,,,0.0
Spain,2007,1A4C2,ABFLOW037,Oil,,,0.0
Spain,2007,1A5,ABFLOW038,Coal,,,0.0
Spain,2007,1A5,ABFLOW038,Natural gas,,,0.0
Spain,2007,1A5,ABFLOW038,Oil,,,0.0
Spain,2008,1A,ABFLOW001,Coal,,,0.0
Spain,2008,1A,ABFLOW001,Natural gas,,,0.0
Spain,2008,1A,ABFLOW001,Oil,,,0.0
Spain,2008,1A1A,ABFLOW002,Coal,,,0.0
Spain,2008,1A1A,ABFLOW002,Natural gas,,,0.0
Spain,2008,1A1A,ABFLOW002,Oil,,,0.0
Spain,2008,1A1A1,ABFLOW003,Coal,21.579694751179503,,21.579694751179503
Spain,2008,1A1A1,ABFLOW003,Natural gas,21.579694751179503,,21.579694751179503
Spain,2008,1A1A1,ABFLOW003,Oil,21.579694751179503,,21.579694751179503
Spain,2008,1A1A2,ABFLOW004,Coal,21.579694751179503,,21.579694751179503
Spain,2008,1A1A2,ABFLOW004,Natural gas,21.579694751179503,,21.579694751179503
Spain,2008,1A1A2,ABFLOW004,Oil,21.579694751179503,,21.579694751179503
Spain,2008,1A1A3,ABFLOW005,Coal,21.579694751179503,,21.579694751179503
Spain,2008,1A1A3,ABFLOW005,Natural gas,21.579694751179503,,21.579694751179503
Spain,2008,1A1A3,ABFLOW005,Oil,21.579694751179503,,21.579694751179503
Spain,2008,1A1B,ABFLOW011,Coal,21.579694751179503,,21.579694751179503
Spain,2008,1A1B,ABFLOW011,Natural gas,21.579694751179503,,21.579694751179503
Spain,2008,1A1B,ABFLOW011,Oil,21.579694751179503,,21.579694751179503
Spain,2008,1A1C,ABFLOW011,Coal,21.579694751179503,,21.579694751179503
Spain,2008,1A1C,ABFLOW011,Natural gas,21.579694751179503,,21.579694751179503
Spain,2008,1A1C,ABFLOW011,Oil,21.579694751179503,,21.579694751179503
Spain,2008,1A2,ABFLOW012,Coal,,,0.0
Spain,2008,1A2,ABFLOW012,Natural gas,,,0.0
Spain,2008,1A2,ABFLOW012,Oil,,,0.0
Spain,2008,1A2A,ABFLOW016,Coal,21.579694751179503,,21.579694751179503
Spain,2008,1A2A,ABFLOW016,Natural gas,21.579694751179503,,21.579694751179503
Spain,2008,1A2A,ABFLOW016,Oil,21.579694751179503,,21.579694751179503
Spain,2008,1A2B,ABFLOW018,Coal,21.579694751179503,,21.579694751179503
Spain,2008,1A2B,ABFLOW018,Natural gas,21.579694751179503,,21.579694751179503
Spain,2008,1A2B,ABFLOW018,Oil,21.579694751179503,,21.579694751179503
Spain,2008,1A2C,ABFLOW017,Coal,21.579694751179503,,21.579694751179503
Spain,2008,1A2C,ABFLOW017,Natural gas,21.579694751179503,,21.579694751179503
Spain,2008,1A2C,ABFLOW017,Oil,21.579694751179503,,21.579694751179503
Spain,2008,1A2D,ABFLOW023,Coal,21.579694751179503,,21.579694751179503
Spain,2008,1A2D,ABFLOW023,Natural gas,21.579694751179503,,21.579694751179503
Spain,2008,1A2D,ABFLOW023,Oil,21.579694751179503,,21.579694751179503
Spain,2008,1A2E,ABFLOW022,Coal,21.579694751179503,,21.579694751179503
Spain,2008,1A2E,ABFLOW022,Natural gas,21.579694751179503,,21.579694751179503
Spain,2008,1A2E,ABFLOW022,Oil,21.579694751179503,,21.579694751179503
Spain,2008,1A2F,ABFLOW019,Coal,21.579694751179503,,21.579694751179503
Spain,2008,1A2F,ABFLOW019,Natural gas,21.579694751179503,,21.579694751179503
Spain,2008,1A2F,ABFLOW019,Oil,21.579694751179503,,21.579694751179503
Spain,2008,1A2G,ABFLOW020,Coal,21.579694751179503,,21.579694751179503
Spain,2008,1A2G,ABFLOW020,Natural gas,21.579694751179503,,21.579694751179503
Spain,2008,1A2G,ABFLOW020,Oil,21.579694751179503,,21.579694751179503
Spain,2008,1A2H,ABFLOW021,Coal,21.579694751179503,,21.579694751179503
Spain,2008,1A2H,ABFLOW021,Natural gas,21.579694751179503,,21.579694751179503
Spain,2008,1A2H,ABFLOW021,Oil,21.579694751179503,,21.579694751179503
Spain,2008,1A2I,ABFLOW013,Coal,21.579694751179503,,21.579694751179503
Spain,2008,1A2I,ABFLOW013,Natural gas,21.579694751179503,,21.579694751179503
Spain,2008,1A2I,ABFLOW013,Oil,21.579694751179503,,21.579694751179503
Spain,2008,1A2J,ABFLOW024,Coal,21.579694751179503,,21.579694751179503
Spain,2008,1A2J,ABFLOW024,Natural gas,21.579694751179503,,21.579694751179503
Spain,2008,1A2J,ABFLOW024,Oil,21.579694751179503,,21.579694751179503
Spain,2008,1A2K,ABFLOW014,Coal,21.579694751179503,,21.579694751179503
Spain,2008,1A2K,ABFLOW014,Natural gas,21.579694751179503,,21.579694751179503
Spain,2008,1A2K,ABFLOW014,Oil,21.579694751179503,,21.579694751179503
Spain,2008,1A2L,ABFLOW025,Coal,21.579694751179503,,21.579694751179503
Spain,2008,1A2L,ABFLOW025,Natural gas,21.579694751179503,,21.579694751179503
Spain,2008,1A2L,ABFLOW025,Oil,21.579694751179503,,21.579694751179503
Spain,2008,1A2M,ABFLOW026,Coal,21.579694751179503,,21.579694751179503
Spain,2008,1A2M,ABFLOW026,Natural gas,21.579694751179503,,21.579694751179503
Spain,2008,1A2M,ABFLOW026,Oil,21.579694751179503,,21.579694751179503
Spain,2008,1A3,ABFLOW027,Coal,,,0.0
Spain,2008,1A3,ABFLOW027,Natural gas,,,0.0
Spain,2008,1A3,ABFLOW027,Oil,,,0.0
Spain,2008,1A3A1,ABFLOW040,Coal,,,0.0
Spain,2008,1A3A1,ABFLOW040,Natural gas,,,0.0
Spain,2008,1A3A1,ABFLOW040,Oil,,,0.0
Spain,2008,1A3A2,ABFLOW029,Coal,,,0.0
Spain,2008,1A3A2,ABFLOW029,Natural gas,,,0.0
Spain,2008,1A3A2,ABFLOW029,Oil,,,0.0
Spain,2008,1A3B,ABFLOW028,Coal,,,0.0
Spain,2008,1A3B,ABFLOW028,Natural gas,,,0.0
Spain,2008,1A3B,ABFLOW028,Oil,,,0.0
Spain,2008,1A3C,ABFLOW030,Coal,,,0.0
Spain,2008,1A3C,ABFLOW030,Natural gas,,,0.0
Spain,2008,1A3C,ABFLOW030,Oil,,,0.0
Spain,2008,1A3D1,ABFLOW039,Coal,,,0.0
Spain,2008,1A3D1,ABFLOW039,Natural gas,,,0.0
Spain,2008,1A3D1,ABFLOW039,Oil,,,0.0
Spain,2008,1A3D2,ABFLOW032,Coal,,,0.0
Spain,2008,1A3D2,ABFLOW032,Natural gas,,,0.0
Spain,2008,1A3D2,ABFLOW032,Oil,,,0.0
Spain,2008,1A3E1,ABFLOW033,Coal,,,0.0
Spain,2008,1A3E1,ABFLOW033,Natural gas,,,0.0
Spain,2008,1A3E1,ABFLOW033,Oil,,,0.0
Spain,2008,1A4A,ABFLOW035,Coal,,,0.0
Spain,2008,1A4A,ABFLOW035,Natural gas,,,0.0
Spain,2008,1A4A,ABFLOW035,Oil,,,0.0
Spain,2008,1A4B,ABFLOW034,Coal,,,0.0
Spain,2008,1A4B,ABFLOW034,Natural gas,,,0.0
Spain,2008,1A4B,ABFLOW034,Oil,,,0.0
Spain,2008,1A4C1,ABFLOW036,Coal,,,0.0
Spain,2008,1A4C1,ABFLOW036,Natural gas,,,0.0
Spain,2008,1A4C1,ABFLOW036,Oil,,,0.0
Spain,2008,1A4C2,ABFLOW037,Coal,,,0.0
Spain,2008,1A4C2,ABFLOW037,Natural gas,,,0.0
Spain,2008,1A4C2,ABFLOW037,Oil,,,0.0
Spain,2008,1A5,ABFLOW038,Coal,,,0.0
Spain,2008,1A5,ABFLOW038,Natural gas,,,0.0
Spain,2008,1A5,ABFLOW038,Oil,,,0.0
Spain,2009,1A,ABFLOW001,Coal,,,0.0
Spain,2009,1A,ABFLOW001,Natural gas,,,0.0
Spain,2009,1A,ABFLOW001,Oil,,,0.0
Spain,2009,1A1A,ABFLOW002,Coal,,,0.0
Spain,2009,1A1A,ABFLOW002,Natural gas,,,0.0
Spain,2009,1A1A,ABFLOW002,Oil,,,0.0
Spain,2009,1A1A1,ABFLOW003,Coal,16.289883858993974,,16.289883858993974
Spain,2009,1A1A1,ABFLOW003,Natural gas,16.289883858993974,,16.289883858993974
Spain,2009,1A1A1,ABFLOW003,Oil,16.289883858993974,,16.289883858993974
Spain,2009,1A1A2,ABFLOW004,Coal,16.289883858993974,,16.289883858993974
Spain,2009,1A1A2,ABFLOW004,Natural gas,16.289883858993974,,16.289883858993974
Spain,2009,1A1A2,ABFLOW004,Oil,16.289883858993974,,16.289883858993974
Spain,2009,1A1A3,ABFLOW005,Coal,16.289883858993974,,16.289883858993974
Spain,2009,1A1A3,ABFLOW005,Natural gas,16.289883858993974,,16.289883858993974
Spain,2009,1A1A3,ABFLOW005,Oil,16.289883858993974,,16.289883858993974
Spain,2009,1A1B,ABFLOW011,Coal,16.289883858993974,,16.289883858993974
Spain,2009,1A1B,ABFLOW011,Natural gas,16.289883858993974,,16.289883858993974
Spain,2009,1A1B,ABFLOW011,Oil,16.289883858993974,,16.289883858993974
Spain,2009,1A1C,ABFLOW011,Coal,16.289883858993974,,16.289883858993974
Spain,2009,1A1C,ABFLOW011,Natural gas,16.289883858993974,,16.289883858993974
Spain,2009,1A1C,ABFLOW011,Oil,16.289883858993974,,16.289883858993974
Spain,2009,1A2,ABFLOW012,Coal,,,0.0
Spain,2009,1A2,ABFLOW012,Natural gas,,,0.0
Spain,2009,1A2,ABFLOW012,Oil,,,0.0
Spain,2009,1A2A,ABFLOW016,Coal,16.289883858993974,,16.289883858993974
Spain,2009,1A2A,ABFLOW016,Natural gas,16.289883858993974,,16.289883858993974
Spain,2009,1A2A,ABFLOW016,Oil,16.289883858993974,,16.289883858993974
Spain,2009,1A2B,ABFLOW018,Coal,16.289883858993974,,16.289883858993974
Spain,2009,1A2B,ABFLOW018,Natural gas,16.289883858993974,,16.289883858993974
Spain,2009,1A2B,ABFLOW018,Oil,16.289883858993974,,16.289883858993974
Spain,2009,1A2C,ABFLOW017,Coal,16.289883858993974,,16.289883858993974
Spain,2009,1A2C,ABFLOW017,Natural gas,16.289883858993974,,16.289883858993974
Spain,2009,1A2C,ABFLOW017,Oil,16.289883858993974,,16.289883858993974
Spain,2009,1A2D,ABFLOW023,Coal,16.289883858993974,,16.289883858993974
Spain,2009,1A2D,ABFLOW023,Natural gas,16.289883858993974,,16.289883858993974
Spain,2009,1A2D,ABFLOW023,Oil,16.289883858993974,,16.289883858993974
Spain,2009,1A2E,ABFLOW022,Coal,16.289883858993974,,16.289883858993974
Spain,2009,1A2E,ABFLOW022,Natural gas,16.289883858993974,,16.289883858993974
Spain,2009,1A2E,ABFLOW022,Oil,16.289883858993974,,16.289883858993974
Spain,2009,1A2F,ABFLOW019,Coal,16.289883858993974,,16.289883858993974
Spain,2009,1A2F,ABFLOW019,Natural gas,16.289883858993974,,16.289883858993974
Spain,2009,1A2F,ABFLOW019,Oil,16.289883858993974,,16.289883858993974
Spain,2009,1A2G,ABFLOW020,Coal,16.289883858993974,,16.289883858993974
Spain,2009,1A2G,ABFLOW020,Natural gas,16.289883858993974,,16.289883858993974
Spain,2009,1A2G,ABFLOW020,Oil,16.289883858993974,,16.289883858993974
Spain,2009,1A2H,ABFLOW021,Coal,16.289883858993974,,16.289883858993974
Spain,2009,1A2H,ABFLOW021,Natural gas,16.289883858993974,,16.289883858993974
Spain,2009,1A2H,ABFLOW021,Oil,16.289883858993974,,16.289883858993974
Spain,2009,1A2I,ABFLOW013,Coal,16.289883858993974,,16.289883858993974
Spain,2009,1A2I,ABFLOW013,Natural gas,16.289883858993974,,16.289883858993974
Spain,2009,1A2I,ABFLOW013,Oil,16.289883858993974,,16.289883858993974
Spain,2009,1A2J,ABFLOW024,Coal,16.289883858993974,,16.289883858993974
Spain,2009,1A2J,ABFLOW024,Natural gas,16.289883858993974,,16.289883858993974
Spain,2009,1A2J,ABFLOW024,Oil,16.289883858993974,,16.289883858993974
Spain,2009,1A2K,ABFLOW014,Coal,16.289883858993974,,16.289883858993974
Spain,2009,1A2K,ABFLOW014,Natural gas,16.289883858993974,,16.289883858993974
Spain,2009,1A2K,ABFLOW014,Oil,16.289883858993974,,16.289883858993974
Spain,2009,1A2L,ABFLOW025,Coal,16.289883858993974,,16.289883858993974
Spain,2009,1A2L,ABFLOW025,Natural gas,16.289883858993974,,16.289883858993974
Spain,2009,1A2L,ABFLOW025,Oil,16.289883858993974,,16.289883858993974
Spain,2009,1A2M,ABFLOW026,Coal,16.289883858993974,,16.289883858993974
Spain,2009,1A2M,ABFLOW026,Natural gas,16.289883858993974,,16.289883858993974
Spain,2009,1A2M,ABFLOW026,Oil,16.289883858993974,,16.289883858993974
Spain,2009,1A3,ABFLOW027,Coal,,,0.0
Spain,2009,1A3,ABFLOW027,Natural gas,,,0.0
Spain,2009,1A3,ABFLOW027,Oil,,,0.0
Spain,2009,1A3A1,ABFLOW040,Coal,,,0.0
Spain,2009,1A3A1,ABFLOW040,Natural gas,,,0.0
Spain,2009,1A3A1,ABFLOW040,Oil,,,0.0
Spain,2009,1A3A2,ABFLOW029,Coal,,,0.0
Spain,2009,1A3A2,ABFLOW029,Natural gas,,,0.0
Spain,2009,1A3A2,ABFLOW029,Oil,,,0.0
Spain,2009,1A3B,ABFLOW028,Coal,,,0.0
Spain,2009,1A3B,ABFLOW028,Natural gas,,,0.0
Spain,2009,1A3B,ABFLOW028,Oil,,,0.0
Spain,2009,1A3C,ABFLOW030,Coal,,,0.0
Spain,2009,1A3C,ABFLOW030,Natural gas,,,0.0
Spain,2009,1A3C,ABFLOW030,Oil,,,0.0
Spain,2009,1A3D1,ABFLOW039,Coal,,,0.0
Spain,2009,1A3D1,ABFLOW039,Natural gas,,,0.0
Spain,2009,1A3D1,ABFLOW039,Oil,,,0.0
Spain,2009,1A3D2,ABFLOW032,Coal,,,0.0
Spain,2009,1A3D2,ABFLOW032,Natural gas,,,0.0
Spain,2009,1A3D2,ABFLOW032,Oil,,,0.0
Spain,2009,1A3E1,ABFLOW033,Coal,,,0.0
Spain,2009,1A3E1,ABFLOW033,Natural gas,,,0.0
Spain,2009,1A3E1,ABFLOW033,Oil,,,0.0
Spain,2009,1A4A,ABFLOW035,Coal,,,0.0
Spain,2009,1A4A,ABFLOW035,Natural gas,,,0.0
Spain,2009,1A4A,ABFLOW035,Oil,,,0.0
Spain,2009,1A4B,ABFLOW034,Coal,,,0.0
Spain,2009,1A4B,ABFLOW034,Natural gas,,,0.0
Spain,2009,1A4B,ABFLOW034,Oil,,,0.0
Spain,2009,1A4C1,ABFLOW036,Coal,,,0.0
Spain,2009,1A4C1,ABFLOW036,Natural gas,,,0.0
Spain,2009,1A4C1,ABFLOW036,Oil,,,0.0
Spain,2009,1A4C2,ABFLOW037,Coal,,,0.0
Spain,2009,1A4C2,ABFLOW037,Natural gas,,,0.0
Spain,2009,1A4C2,ABFLOW037,Oil,,,0.0
Spain,2009,1A5,ABFLOW038,Coal,,,0.0
Spain,2009,1A5,ABFLOW038,Natural gas,,,0.0
Spain,2009,1A5,ABFLOW038,Oil,,,0.0
Spain,2010,1A,ABFLOW001,Coal,,,0.0
Spain,2010,1A,ABFLOW001,Natural gas,,,0.0
Spain,2010,1A,ABFLOW001,Oil,,,0.0
Spain,2010,1A1A,ABFLOW002,Coal,,,0.0
Spain,2010,1A1A,ABFLOW002,Natural gas,,,0.0
Spain,2010,1A1A,ABFLOW002,Oil,,,0.0
Spain,2010,1A1A1,ABFLOW003,Coal,17.712157561152598,,17.712157561152598
Spain,2010,1A1A1,ABFLOW003,Natural gas,17.712157561152598,,17.712157561152598
Spain,2010,1A1A1,ABFLOW003,Oil,17.712157561152598,,17.712157561152598
Spain,2010,1A1A2,ABFLOW004,Coal,17.712157561152598,,17.712157561152598
Spain,2010,1A1A2,ABFLOW004,Natural gas,17.712157561152598,,17.712157561152598
Spain,2010,1A1A2,ABFLOW004,Oil,17.712157561152598,,17.712157561152598
Spain,2010,1A1A3,ABFLOW005,Coal,17.712157561152598,,17.712157561152598
Spain,2010,1A1A3,ABFLOW005,Natural gas,17.712157561152598,,17.712157561152598
Spain,2010,1A1A3,ABFLOW005,Oil,17.712157561152598,,17.712157561152598
Spain,2010,1A1B,ABFLOW011,Coal,17.712157561152598,,17.712157561152598
Spain,2010,1A1B,ABFLOW011,Natural gas,17.712157561152598,,17.712157561152598
Spain,2010,1A1B,ABFLOW011,Oil,17.712157561152598,,17.712157561152598
Spain,2010,1A1C,ABFLOW011,Coal,17.712157561152598,,17.712157561152598
Spain,2010,1A1C,ABFLOW011,Natural gas,17.712157561152598,,17.712157561152598
Spain,2010,1A1C,ABFLOW011,Oil,17.712157561152598,,17.712157561152598
Spain,2010,1A2,ABFLOW012,Coal,,,0.0
Spain,2010,1A2,ABFLOW012,Natural gas,,,0.0
Spain,2010,1A2,ABFLOW012,Oil,,,0.0
Spain,2010,1A2A,ABFLOW016,Coal,17.712157561152598,,17.712157561152598
Spain,2010,1A2A,ABFLOW016,Natural gas,17.712157561152598,,17.712157561152598
Spain,2010,1A2A,ABFLOW016,Oil,17.712157561152598,,17.712157561152598
Spain,2010,1A2B,ABFLOW018,Coal,17.712157561152598,,17.712157561152598
Spain,2010,1A2B,ABFLOW018,Natural gas,17.712157561152598,,17.712157561152598
Spain,2010,1A2B,ABFLOW018,Oil,17.712157561152598,,17.712157561152598
Spain,2010,1A2C,ABFLOW017,Coal,17.712157561152598,,17.712157561152598
Spain,2010,1A2C,ABFLOW017,Natural gas,17.712157561152598,,17.712157561152598
Spain,2010,1A2C,ABFLOW017,Oil,17.712157561152598,,17.712157561152598
Spain,2010,1A2D,ABFLOW023,Coal,17.712157561152598,,17.712157561152598
Spain,2010,1A2D,ABFLOW023,Natural gas,17.712157561152598,,17.712157561152598
Spain,2010,1A2D,ABFLOW023,Oil,17.712157561152598,,17.712157561152598
Spain,2010,1A2E,ABFLOW022,Coal,17.712157561152598,,17.712157561152598
Spain,2010,1A2E,ABFLOW022,Natural gas,17.712157561152598,,17.712157561152598
Spain,2010,1A2E,ABFLOW022,Oil,17.712157561152598,,17.712157561152598
Spain,2010,1A2F,ABFLOW019,Coal,17.712157561152598,,17.712157561152598
Spain,2010,1A2F,ABFLOW019,Natural gas,17.712157561152598,,17.712157561152598
Spain,2010,1A2F,ABFLOW019,Oil,17.712157561152598,,17.712157561152598
Spain,2010,1A2G,ABFLOW020,Coal,17.712157561152598,,17.712157561152598
Spain,2010,1A2G,ABFLOW020,Natural gas,17.712157561152598,,17.712157561152598
Spain,2010,1A2G,ABFLOW020,Oil,17.712157561152598,,17.712157561152598
Spain,2010,1A2H,ABFLOW021,Coal,17.712157561152598,,17.712157561152598
Spain,2010,1A2H,ABFLOW021,Natural gas,17.712157561152598,,17.712157561152598
Spain,2010,1A2H,ABFLOW021,Oil,17.712157561152598,,17.712157561152598
Spain,2010,1A2I,ABFLOW013,Coal,17.712157561152598,,17.712157561152598
Spain,2010,1A2I,ABFLOW013,Natural gas,17.712157561152598,,17.712157561152598
Spain,2010,1A2I,ABFLOW013,Oil,17.712157561152598,,17.712157561152598
Spain,2010,1A2J,ABFLOW024,Coal,17.712157561152598,,17.712157561152598
Spain,2010,1A2J,ABFLOW024,Natural gas,17.712157561152598,,17.712157561152598
Spain,2010,1A2J,ABFLOW024,Oil,17.712157561152598,,17.712157561152598
Spain,2010,1A2K,ABFLOW014,Coal,17.712157561152598,,17.712157561152598
Spain,2010,1A2K,ABFLOW014,Natural gas,17.712157561152598,,17.712157561152598
Spain,2010,1A2K,ABFLOW014,Oil,17.712157561152598,,17.712157561152598
Spain,2010,1A2L,ABFLOW025,Coal,17.712157561152598,,17.712157561152598
Spain,2010,1A2L,ABFLOW025,Natural gas,17.712157561152598,,17.712157561152598
Spain,2010,1A2L,ABFLOW025,Oil,17.712157561152598,,17.712157561152598
Spain,2010,1A2M,ABFLOW026,Coal,17.712157561152598,,17.712157561152598
Spain,2010,1A2M,ABFLOW026,Natural gas,17.712157561152598,,17.712157561152598
Spain,2010,1A2M,ABFLOW026,Oil,17.712157561152598,,17.712157561152598
Spain,2010,1A3,ABFLOW027,Coal,,,0.0
Spain,2010,1A3,ABFLOW027,Natural gas,,,0.0
Spain,2010,1A3,ABFLOW027,Oil,,,0.0
Spain,2010,1A3A1,ABFLOW040,Coal,,,0.0
Spain,2010,1A3A1,ABFLOW040,Natural gas,,,0.0
Spain,2010,1A3A1,ABFLOW040,Oil,,,0.0
Spain,2010,1A3A2,ABFLOW029,Coal,,,0.0
Spain,2010,1A3A2,ABFLOW029,Natural gas,,,0.0
Spain,2010,1A3A2,ABFLOW029,Oil,,,0.0
Spain,2010,1A3B,ABFLOW028,Coal,,,0.0
Spain,2010,1A3B,ABFLOW028,Natural gas,,,0.0
Spain,2010,1A3B,ABFLOW028,Oil,,,0.0
Spain,2010,1A3C,ABFLOW030,Coal,,,0.0
Spain,2010,1A3C,ABFLOW030,Natural gas,,,0.0
Spain,2010,1A3C,ABFLOW030,Oil,,,0.0
Spain,2010,1A3D1,ABFLOW039,Coal,,,0.0
Spain,2010,1A3D1,ABFLOW039,Natural gas,,,0.0
Spain,2010,1A3D1,ABFLOW039,Oil,,,0.0
Spain,2010,1A3D2,ABFLOW032,Coal,,,0.0
Spain,2010,1A3D2,ABFLOW032,Natural gas,,,0.0
Spain,2010,1A3D2,ABFLOW032,Oil,,,0.0
Spain,2010,1A3E1,ABFLOW033,Coal,,,0.0
Spain,2010,1A3E1,ABFLOW033,Natural gas,,,0.0
Spain,2010,1A3E1,ABFLOW033,Oil,,,0.0
Spain,2010,1A4A,ABFLOW035,Coal,,,0.0
Spain,2010,1A4A,ABFLOW035,Natural gas,,,0.0
Spain,2010,1A4A,ABFLOW035,Oil,,,0.0
Spain,2010,1A4B,ABFLOW034,Coal,,,0.0
Spain,2010,1A4B,ABFLOW034,Natural gas,,,0.0
Spain,2010,1A4B,ABFLOW034,Oil,,,0.0
Spain,2010,1A4C1,ABFLOW036,Coal,,,0.0
Spain,2010,1A4C1,ABFLOW036,Natural gas,,,0.0
Spain,2010,1A4C1,ABFLOW036,Oil,,,0.0
Spain,2010,1A4C2,ABFLOW037,Coal,,,0.0
Spain,2010,1A4C2,ABFLOW037,Natural gas,,,0.0
Spain,2010,1A4C2,ABFLOW037,Oil,,,0.0
Spain,2010,1A5,ABFLOW038,Coal,,,0.0
Spain,2010,1A5,ABFLOW038,Natural gas,,,0.0
Spain,2010,1A5,ABFLOW038,Oil,,,0.0
Spain,2011,1A,ABFLOW001,Coal,,,0.0
Spain,2011,1A,ABFLOW001,Natural gas,,,0.0
Spain,2011,1A,ABFLOW001,Oil,,,0.0
Spain,2011,1A1A,ABFLOW002,Coal,,,0.0
Spain,2011,1A1A,ABFLOW002,Natural gas,,,0.0
Spain,2011,1A1A,ABFLOW002,Oil,,,0.0
Spain,2011,1A1A1,ABFLOW003,Coal,16.006299747598927,,16.006299747598927
Spain,2011,1A1A1,ABFLOW003,Natural gas,16.006299747598927,,16.006299747598927
Spain,2011,1A1A1,ABFLOW003,Oil,16.006299747598927,,16.006299747598927
Spain,2011,1A1A2,ABFLOW004,Coal,16.006299747598927,,16.006299747598927
Spain,2011,1A1A2,ABFLOW004,Natural gas,16.006299747598927,,16.006299747598927
Spain,2011,1A1A2,ABFLOW004,Oil,16.006299747598927,,16.006299747598927
Spain,2011,1A1A3,ABFLOW005,Coal,16.006299747598927,,16.006299747598927
Spain,2011,1A1A3,ABFLOW005,Natural gas,16.006299747598927,,16.006299747598927
Spain,2011,1A1A3,ABFLOW005,Oil,16.006299747598927,,16.006299747598927
Spain,2011,1A1B,ABFLOW011,Coal,16.006299747598927,,16.006299747598927
Spain,2011,1A1B,ABFLOW011,Natural gas,16.006299747598927,,16.006299747598927
Spain,2011,1A1B,ABFLOW011,Oil,16.006299747598927,,16.006299747598927
Spain,2011,1A1C,ABFLOW011,Coal,16.006299747598927,,16.006299747598927
Spain,2011,1A1C,ABFLOW011,Natural gas,16.006299747598927,,16.006299747598927
Spain,2011,1A1C,ABFLOW011,Oil,16.006299747598927,,16.006299747598927
Spain,2011,1A2,ABFLOW012,Coal,,,0.0
Spain,2011,1A2,ABFLOW012,Natural gas,,,0.0
Spain,2011,1A2,ABFLOW012,Oil,,,0.0
Spain,2011,1A2A,ABFLOW016,Coal,16.006299747598927,,16.006299747598927
Spain,2011,1A2A,ABFLOW016,Natural gas,16.006299747598927,,16.006299747598927
Spain,2011,1A2A,ABFLOW016,Oil,16.006299747598927,,16.006299747598927
Spain,2011,1A2B,ABFLOW018,Coal,16.006299747598927,,16.006299747598927
Spain,2011,1A2B,ABFLOW018,Natural gas,16.006299747598927,,16.006299747598927
Spain,2011,1A2B,ABFLOW018,Oil,16.006299747598927,,16.006299747598927
Spain,2011,1A2C,ABFLOW017,Coal,16.006299747598927,,16.006299747598927
Spain,2011,1A2C,ABFLOW017,Natural gas,16.006299747598927,,16.006299747598927
Spain,2011,1A2C,ABFLOW017,Oil,16.006299747598927,,16.006299747598927
Spain,2011,1A2D,ABFLOW023,Coal,16.006299747598927,,16.006299747598927
Spain,2011,1A2D,ABFLOW023,Natural gas,16.006299747598927,,16.006299747598927
Spain,2011,1A2D,ABFLOW023,Oil,16.006299747598927,,16.006299747598927
Spain,2011,1A2E,ABFLOW022,Coal,16.006299747598927,,16.006299747598927
Spain,2011,1A2E,ABFLOW022,Natural gas,16.006299747598927,,16.006299747598927
Spain,2011,1A2E,ABFLOW022,Oil,16.006299747598927,,16.006299747598927
Spain,2011,1A2F,ABFLOW019,Coal,16.006299747598927,,16.006299747598927
Spain,2011,1A2F,ABFLOW019,Natural gas,16.006299747598927,,16.006299747598927
Spain,2011,1A2F,ABFLOW019,Oil,16.006299747598927,,16.006299747598927
Spain,2011,1A2G,ABFLOW020,Coal,16.006299747598927,,16.006299747598927
Spain,2011,1A2G,ABFLOW020,Natural gas,16.006299747598927,,16.006299747598927
Spain,2011,1A2G,ABFLOW020,Oil,16.006299747598927,,16.006299747598927
Spain,2011,1A2H,ABFLOW021,Coal,16.006299747598927,,16.006299747598927
Spain,2011,1A2H,ABFLOW021,Natural gas,16.006299747598927,,16.006299747598927
Spain,2011,1A2H,ABFLOW021,Oil,16.006299747598927,,16.006299747598927
Spain,2011,1A2I,ABFLOW013,Coal,16.006299747598927,,16.006299747598927
Spain,2011,1A2I,ABFLOW013,Natural gas,16.006299747598927,,16.006299747598927
Spain,2011,1A2I,ABFLOW013,Oil,16.006299747598927,,16.006299747598927
Spain,2011,1A2J,ABFLOW024,Coal,16.006299747598927,,16.006299747598927
Spain,2011,1A2J,ABFLOW024,Natural gas,16.006299747598927,,16.006299747598927
Spain,2011,1A2J,ABFLOW024,Oil,16.006299747598927,,16.006299747598927
Spain,2011,1A2K,ABFLOW014,Coal,16.006299747598927,,16.006299747598927
Spain,2011,1A2K,ABFLOW014,Natural gas,16.006299747598927,,16.006299747598927
Spain,2011,1A2K,ABFLOW014,Oil,16.006299747598927,,16.006299747598927
Spain,2011,1A2L,ABFLOW025,Coal,16.006299747598927,,16.006299747598927
Spain,2011,1A2L,ABFLOW025,Natural gas,16.006299747598927,,16.006299747598927
Spain,2011,1A2L,ABFLOW025,Oil,16.006299747598927,,16.006299747598927
Spain,2011,1A2M,ABFLOW026,Coal,16.006299747598927,,16.006299747598927
Spain,2011,1A2M,ABFLOW026,Natural gas,16.006299747598927,,16.006299747598927
Spain,2011,1A2M,ABFLOW026,Oil,16.006299747598927,,16.006299747598927
Spain,2011,1A3,ABFLOW027,Coal,,,0.0
Spain,2011,1A3,ABFLOW027,Natural gas,,,0.0
Spain,2011,1A3,ABFLOW027,Oil,,,0.0
Spain,2011,1A3A1,ABFLOW040,Coal,,,0.0
Spain,2011,1A3A1,ABFLOW040,Natural gas,,,0.0
Spain,2011,1A3A1,ABFLOW040,Oil,,,0.0
Spain,2011,1A3A2,ABFLOW029,Coal,,,0.0
Spain,2011,1A3A2,ABFLOW029,Natural gas,,,0.0
Spain,2011,1A3A2,ABFLOW029,Oil,,,0.0
Spain,2011,1A3B,ABFLOW028,Coal,,,0.0
Spain,2011,1A3B,ABFLOW028,Natural gas,,,0.0
Spain,2011,1A3B,ABFLOW028,Oil,,,0.0
Spain,2011,1A3C,ABFLOW030,Coal,,,0.0
Spain,2011,1A3C,ABFLOW030,Natural gas,,,0.0
Spain,2011,1A3C,ABFLOW030,Oil,,,0.0
Spain,2011,1A3D1,ABFLOW039,Coal,,,0.0
Spain,2011,1A3D1,ABFLOW039,Natural gas,,,0.0
Spain,2011,1A3D1,ABFLOW039,Oil,,,0.0
Spain,2011,1A3D2,ABFLOW032,Coal,,,0.0
Spain,2011,1A3D2,ABFLOW032,Natural gas,,,0.0
Spain,2011,1A3D2,ABFLOW032,Oil,,,0.0
Spain,2011,1A3E1,ABFLOW033,Coal,,,0.0
Spain,2011,1A3E1,ABFLOW033,Natural gas,,,0.0
Spain,2011,1A3E1,ABFLOW033,Oil,,,0.0
Spain,2011,1A4A,ABFLOW035,Coal,,,0.0
Spain,2011,1A4A,ABFLOW035,Natural gas,,,0.0
Spain,2011,1A4A,ABFLOW035,Oil,,,0.0
Spain,2011,1A4B,ABFLOW034,Coal,,,0.0
Spain,2011,1A4B,ABFLOW034,Natural gas,,,0.0
Spain,2011,1A4B,ABFLOW034,Oil,,,0.0
Spain,2011,1A4C1,ABFLOW036,Coal,,,0.0
Spain,2011,1A4C1,ABFLOW036,Natural gas,,,0.0
Spain,2011,1A4C1,ABFLOW036,Oil,,,0.0
Spain,2011,1A4C2,ABFLOW037,Coal,,,0.0
Spain,2011,1A4C2,ABFLOW037,Natural gas,,,0.0
Spain,2011,1A4C2,ABFLOW037,Oil,,,0.0
Spain,2011,1A5,ABFLOW038,Coal,,,0.0
Spain,2011,1A5,ABFLOW038,Natural gas,,,0.0
Spain,2011,1A5,ABFLOW038,Oil,,,0.0
Spain,2012,1A,ABFLOW001,Coal,,,0.0
Spain,2012,1A,ABFLOW001,Natural gas,,,0.0
Spain,2012,1A,ABFLOW001,Oil,,,0.0
Spain,2012,1A1A,ABFLOW002,Coal,,,0.0
Spain,2012,1A1A,ABFLOW002,Natural gas,,,0.0
Spain,2012,1A1A,ABFLOW002,Oil,,,0.0
Spain,2012,1A1A1,ABFLOW003,Coal,9.147351107604768,,9.147351107604768
Spain,2012,1A1A1,ABFLOW003,Natural gas,9.147351107604768,,9.147351107604768
Spain,2012,1A1A1,ABFLOW003,Oil,9.147351107604768,,9.147351107604768
Spain,2012,1A1A2,ABFLOW004,Coal,9.147351107604768,,9.147351107604768
Spain,2012,1A1A2,ABFLOW004,Natural gas,9.147351107604768,,9.147351107604768
Spain,2012,1A1A2,ABFLOW004,Oil,9.147351107604768,,9.147351107604768
Spain,2012,1A1A3,ABFLOW005,Coal,9.147351107604768,,9.147351107604768
Spain,2012,1A1A3,ABFLOW005,Natural gas,9.147351107604768,,9.147351107604768
Spain,2012,1A1A3,ABFLOW005,Oil,9.147351107604768,,9.147351107604768
Spain,2012,1A1B,ABFLOW011,Coal,9.147351107604768,,9.147351107604768
Spain,2012,1A1B,ABFLOW011,Natural gas,9.147351107604768,,9.147351107604768
Spain,2012,1A1B,ABFLOW011,Oil,9.147351107604768,,9.147351107604768
Spain,2012,1A1C,ABFLOW011,Coal,9.147351107604768,,9.147351107604768
Spain,2012,1A1C,ABFLOW011,Natural gas,9.147351107604768,,9.147351107604768
Spain,2012,1A1C,ABFLOW011,Oil,9.147351107604768,,9.147351107604768
Spain,2012,1A2,ABFLOW012,Coal,,,0.0
Spain,2012,1A2,ABFLOW012,Natural gas,,,0.0
Spain,2012,1A2,ABFLOW012,Oil,,,0.0
Spain,2012,1A2A,ABFLOW016,Coal,9.147351107604768,,9.147351107604768
Spain,2012,1A2A,ABFLOW016,Natural gas,9.147351107604768,,9.147351107604768
Spain,2012,1A2A,ABFLOW016,Oil,9.147351107604768,,9.147351107604768
Spain,2012,1A2B,ABFLOW018,Coal,9.147351107604768,,9.147351107604768
Spain,2012,1A2B,ABFLOW018,Natural gas,9.147351107604768,,9.147351107604768
Spain,2012,1A2B,ABFLOW018,Oil,9.147351107604768,,9.147351107604768
Spain,2012,1A2C,ABFLOW017,Coal,9.147351107604768,,9.147351107604768
Spain,2012,1A2C,ABFLOW017,Natural gas,9.147351107604768,,9.147351107604768
Spain,2012,1A2C,ABFLOW017,Oil,9.147351107604768,,9.147351107604768
Spain,2012,1A2D,ABFLOW023,Coal,9.147351107604768,,9.147351107604768
Spain,2012,1A2D,ABFLOW023,Natural gas,9.147351107604768,,9.147351107604768
Spain,2012,1A2D,ABFLOW023,Oil,9.147351107604768,,9.147351107604768
Spain,2012,1A2E,ABFLOW022,Coal,9.147351107604768,,9.147351107604768
Spain,2012,1A2E,ABFLOW022,Natural gas,9.147351107604768,,9.147351107604768
Spain,2012,1A2E,ABFLOW022,Oil,9.147351107604768,,9.147351107604768
Spain,2012,1A2F,ABFLOW019,Coal,9.147351107604768,,9.147351107604768
Spain,2012,1A2F,ABFLOW019,Natural gas,9.147351107604768,,9.147351107604768
Spain,2012,1A2F,ABFLOW019,Oil,9.147351107604768,,9.147351107604768
Spain,2012,1A2G,ABFLOW020,Coal,9.147351107604768,,9.147351107604768
Spain,2012,1A2G,ABFLOW020,Natural gas,9.147351107604768,,9.147351107604768
Spain,2012,1A2G,ABFLOW020,Oil,9.147351107604768,,9.147351107604768
Spain,2012,1A2H,ABFLOW021,Coal,9.147351107604768,,9.147351107604768
Spain,2012,1A2H,ABFLOW021,Natural gas,9.147351107604768,,9.147351107604768
Spain,2012,1A2H,ABFLOW021,Oil,9.147351107604768,,9.147351107604768
Spain,2012,1A2I,ABFLOW013,Coal,9.147351107604768,,9.147351107604768
Spain,2012,1A2I,ABFLOW013,Natural gas,9.147351107604768,,9.147351107604768
Spain,2012,1A2I,ABFLOW013,Oil,9.147351107604768,,9.147351107604768
Spain,2012,1A2J,ABFLOW024,Coal,9.147351107604768,,9.147351107604768
Spain,2012,1A2J,ABFLOW024,Natural gas,9.147351107604768,,9.147351107604768
Spain,2012,1A2J,ABFLOW024,Oil,9.147351107604768,,9.147351107604768
Spain,2012,1A2K,ABFLOW014,Coal,9.147351107604768,,9.147351107604768
Spain,2012,1A2K,ABFLOW014,Natural gas,9.147351107604768,,9.147351107604768
Spain,2012,1A2K,ABFLOW014,Oil,9.147351107604768,,9.147351107604768
Spain,2012,1A2L,ABFLOW025,Coal,9.147351107604768,,9.147351107604768
Spain,2012,1A2L,ABFLOW025,Natural gas,9.147351107604768,,9.147351107604768
Spain,2012,1A2L,ABFLOW025,Oil,9.147351107604768,,9.147351107604768
Spain,2012,1A2M,ABFLOW026,Coal,9.147351107604768,,9.147351107604768
Spain,2012,1A2M,ABFLOW026,Natural gas,9.147351107604768,,9.147351107604768
Spain,2012,1A2M,ABFLOW026,Oil,9.147351107604768,,9.147351107604768
Spain,2012,1A3,ABFLOW027,Coal,,,0.0
Spain,2012,1A3,ABFLOW027,Natural gas,,,0.0
Spain,2012,1A3,ABFLOW027,Oil,,,0.0
Spain,2012,1A3A1,ABFLOW040,Coal,9.147351107604768,,9.147351107604768
Spain,2012,1A3A1,ABFLOW040,Natural gas,9.147351107604768,,9.147351107604768
Spain,2012,1A3A1,ABFLOW040,Oil,9.147351107604768,,9.147351107604768
Spain,2012,1A3A2,ABFLOW029,Coal,9.147351107604768,,9.147351107604768
Spain,2012,1A3A2,ABFLOW029,Natural gas,9.147351107604768,,9.147351107604768
Spain,2012,1A3A2,ABFLOW029,Oil,9.147351107604768,,9.147351107604768
Spain,2012,1A3B,ABFLOW028,Coal,,,0.0
Spain,2012,1A3B,ABFLOW028,Natural gas,,,0.0
Spain,2012,1A3B,ABFLOW028,Oil,,,0.0
Spain,2012,1A3C,ABFLOW030,Coal,,,0.0
Spain,2012,1A3C,ABFLOW030,Natural gas,,,0.0
Spain,2012,1A3C,ABFLOW030,Oil,,,0.0
Spain,2012,1A3D1,ABFLOW039,Coal,,,0.0
Spain,2012,1A3D1,ABFLOW039,Natural gas,,,0.0
Spain,2012,1A3D1,ABFLOW039,Oil,,,0.0
Spain,2012,1A3D2,ABFLOW032,Coal,,,0.0
Spain,2012,1A3D2,ABFLOW032,Natural gas,,,0.0
Spain,2012,1A3D2,ABFLOW032,Oil,,,0.0
Spain,2012,1A3E1,ABFLOW033,Coal,,,0.0
Spain,2012,1A3E1,ABFLOW033,Natural gas,,,0.0
Spain,2012,1A3E1,ABFLOW033,Oil,,,0.0
Spain,2012,1A4A,ABFLOW035,Coal,,,0.0
Spain,2012,1A4A,ABFLOW035,Natural gas,,,0.0
Spain,2012,1A4A,ABFLOW035,Oil,,,0.0
Spain,2012,1A4B,ABFLOW034,Coal,,,0.0
Spain,2012,1A4B,ABFLOW034,Natural gas,,,0.0
Spain,2012,1A4B,ABFLOW034,Oil,,,0.0
Spain,2012,1A4C1,ABFLOW036,Coal,,,0.0
Spain,2012,1A4C1,ABFLOW036,Natural gas,,,0.0
Spain,2012,1A4C1,ABFLOW036,Oil,,,0.0
Spain,2012,1A4C2,ABFLOW037,Coal,,,0.0
Spain,2012,1A4C2,ABFLOW037,Natural gas,,,0.0
Spain,2012,1A4C2,ABFLOW037,Oil,,,0.0
Spain,2012,1A5,ABFLOW038,Coal,,,0.0
Spain,2012,1A5,ABFLOW038,Natural gas,,,0.0
Spain,2012,1A5,ABFLOW038,Oil,,,0.0
Spain,2013,1A,ABFLOW001,Coal,,,0.0
Spain,2013,1A,ABFLOW001,Natural gas,,,0.0
Spain,2013,1A,ABFLOW001,Oil,,,0.0
Spain,2013,1A1A,ABFLOW002,Coal,,,0.0
Spain,2013,1A1A,ABFLOW002,Natural gas,,,0.0
Spain,2013,1A1A,ABFLOW002,Oil,,,0.0
Spain,2013,1A1A1,ABFLOW003,Coal,5.516297723659952,,5.516297723659952
Spain,2013,1A1A1,ABFLOW003,Natural gas,5.516297723659952,,5.516297723659952
Spain,2013,1A1A1,ABFLOW003,Oil,5.516297723659952,,5.516297723659952
Spain,2013,1A1A2,ABFLOW004,Coal,5.516297723659952,,5.516297723659952
Spain,2013,1A1A2,ABFLOW004,Natural gas,5.516297723659952,,5.516297723659952
Spain,2013,1A1A2,ABFLOW004,Oil,5.516297723659952,,5.516297723659952
Spain,2013,1A1A3,ABFLOW005,Coal,5.516297723659952,,5.516297723659952
Spain,2013,1A1A3,ABFLOW005,Natural gas,5.516297723659952,,5.516297723659952
Spain,2013,1A1A3,ABFLOW005,Oil,5.516297723659952,,5.516297723659952
Spain,2013,1A1B,ABFLOW011,Coal,5.516297723659952,,5.516297723659952
Spain,2013,1A1B,ABFLOW011,Natural gas,5.516297723659952,,5.516297723659952
Spain,2013,1A1B,ABFLOW011,Oil,5.516297723659952,,5.516297723659952
Spain,2013,1A1C,ABFLOW011,Coal,5.516297723659952,,5.516297723659952
Spain,2013,1A1C,ABFLOW011,Natural gas,5.516297723659952,,5.516297723659952
Spain,2013,1A1C,ABFLOW011,Oil,5.516297723659952,,5.516297723659952
Spain,2013,1A2,ABFLOW012,Coal,,,0.0
Spain,2013,1A2,ABFLOW012,Natural gas,,,0.0
Spain,2013,1A2,ABFLOW012,Oil,,,0.0
Spain,2013,1A2A,ABFLOW016,Coal,5.516297723659952,,5.516297723659952
Spain,2013,1A2A,ABFLOW016,Natural gas,5.516297723659952,,5.516297723659952
Spain,2013,1A2A,ABFLOW016,Oil,5.516297723659952,,5.516297723659952
Spain,2013,1A2B,ABFLOW018,Coal,5.516297723659952,,5.516297723659952
Spain,2013,1A2B,ABFLOW018,Natural gas,5.516297723659952,,5.516297723659952
Spain,2013,1A2B,ABFLOW018,Oil,5.516297723659952,,5.516297723659952
Spain,2013,1A2C,ABFLOW017,Coal,5.516297723659952,,5.516297723659952
Spain,2013,1A2C,ABFLOW017,Natural gas,5.516297723659952,,5.516297723659952
Spain,2013,1A2C,ABFLOW017,Oil,5.516297723659952,,5.516297723659952
Spain,2013,1A2D,ABFLOW023,Coal,5.516297723659952,,5.516297723659952
Spain,2013,1A2D,ABFLOW023,Natural gas,5.516297723659952,,5.516297723659952
Spain,2013,1A2D,ABFLOW023,Oil,5.516297723659952,,5.516297723659952
Spain,2013,1A2E,ABFLOW022,Coal,5.516297723659952,,5.516297723659952
Spain,2013,1A2E,ABFLOW022,Natural gas,5.516297723659952,,5.516297723659952
Spain,2013,1A2E,ABFLOW022,Oil,5.516297723659952,,5.516297723659952
Spain,2013,1A2F,ABFLOW019,Coal,5.516297723659952,,5.516297723659952
Spain,2013,1A2F,ABFLOW019,Natural gas,5.516297723659952,,5.516297723659952
Spain,2013,1A2F,ABFLOW019,Oil,5.516297723659952,,5.516297723659952
Spain,2013,1A2G,ABFLOW020,Coal,5.516297723659952,,5.516297723659952
Spain,2013,1A2G,ABFLOW020,Natural gas,5.516297723659952,,5.516297723659952
Spain,2013,1A2G,ABFLOW020,Oil,5.516297723659952,,5.516297723659952
Spain,2013,1A2H,ABFLOW021,Coal,5.516297723659952,,5.516297723659952
Spain,2013,1A2H,ABFLOW021,Natural gas,5.516297723659952,,5.516297723659952
Spain,2013,1A2H,ABFLOW021,Oil,5.516297723659952,,5.516297723659952
Spain,2013,1A2I,ABFLOW013,Coal,5.516297723659952,,5.516297723659952
Spain,2013,1A2I,ABFLOW013,Natural gas,5.516297723659952,,5.516297723659952
Spain,2013,1A2I,ABFLOW013,Oil,5.516297723659952,,5.516297723659952
Spain,2013,1A2J,ABFLOW024,Coal,5.516297723659952,,5.516297723659952
Spain,2013,1A2J,ABFLOW024,Natural gas,5.516297723659952,,5.516297723659952
Spain,2013,1A2J,ABFLOW024,Oil,5.516297723659952,,5.516297723659952
Spain,2013,1A2K,ABFLOW014,Coal,5.516297723659952,,5.516297723659952
Spain,2013,1A2K,ABFLOW014,Natural gas,5.516297723659952,,5.516297723659952
Spain,2013,1A2K,ABFLOW014,Oil,5.516297723659952,,5.516297723659952
Spain,2013,1A2L,ABFLOW025,Coal,5.516297723659952,,5.516297723659952
Spain,2013,1A2L,ABFLOW025,Natural gas,5.516297723659952,,5.516297723659952
Spain,2013,1A2L,ABFLOW025,Oil,5.516297723659952,,5.516297723659952
Spain,2013,1A2M,ABFLOW026,Coal,5.516297723659952,,5.516297723659952
Spain,2013,1A2M,ABFLOW026,Natural gas,5.516297723659952,,5.516297723659952
Spain,2013,1A2M,ABFLOW026,Oil,5.516297723659952,,5.516297723659952
Spain,2013,1A3,ABFLOW027,Coal,,,0.0
Spain,2013,1A3,ABFLOW027,Natural gas,,,0.0
Spain,2013,1A3,ABFLOW027,Oil,,,0.0
Spain,2013,1A3A1,ABFLOW040,Coal,2.8133118390665754,,2.8133118390665754
Spain,2013,1A3A1,ABFLOW040,Natural gas,2.8133118390665754,,2.8133118390665754
Spain,2013,1A3A1,ABFLOW040,Oil,2.8133118390665754,,2.8133118390665754
Spain,2013,1A3A2,ABFLOW029,Coal,5.516297723659952,,5.516297723659952
Spain,2013,1A3A2,ABFLOW029,Natural gas,5.516297723659952,,5.516297723659952
Spain,2013,1A3A2,ABFLOW029,Oil,5.516297723659952,,5.516297723659952
Spain,2013,1A3B,ABFLOW028,Coal,,,0.0
Spain,2013,1A3B,ABFLOW028,Natural gas,,,0.0
Spain,2013,1A3B,ABFLOW028,Oil,,,0.0
Spain,2013,1A3C,ABFLOW030,Coal,,,0.0
Spain,2013,1A3C,ABFLOW030,Natural gas,,,0.0
Spain,2013,1A3C,ABFLOW030,Oil,,,0.0
Spain,2013,1A3D1,ABFLOW039,Coal,,,0.0
Spain,2013,1A3D1,ABFLOW039,Natural gas,,,0.0
Spain,2013,1A3D1,ABFLOW039,Oil,,,0.0
Spain,2013,1A3D2,ABFLOW032,Coal,,,0.0
Spain,2013,1A3D2,ABFLOW032,Natural gas,,,0.0
Spain,2013,1A3D2,ABFLOW032,Oil,,,0.0
Spain,2013,1A3E1,ABFLOW033,Coal,,,0.0
Spain,2013,1A3E1,ABFLOW033,Natural gas,,,0.0
Spain,2013,1A3E1,ABFLOW033,Oil,,,0.0
Spain,2013,1A4A,ABFLOW035,Coal,,,0.0
Spain,2013,1A4A,ABFLOW035,Natural gas,,,0.0
Spain,2013,1A4A,ABFLOW035,Oil,,,0.0
Spain,2013,1A4B,ABFLOW034,Coal,,,0.0
Spain,2013,1A4B,ABFLOW034,Natural gas,,,0.0
Spain,2013,1A4B,ABFLOW034,Oil,,,0.0
Spain,2013,1A4C1,ABFLOW036,Coal,,,0.0
Spain,2013,1A4C1,ABFLOW036,Natural gas,,,0.0
Spain,2013,1A4C1,ABFLOW036,Oil,,,0.0
Spain,2013,1A4C2,ABFLOW037,Coal,,,0.0
Spain,2013,1A4C2,ABFLOW037,Natural gas,,,0.0
Spain,2013,1A4C2,ABFLOW037,Oil,,,0.0
Spain,2013,1A5,ABFLOW038,Coal,,,0.0
Spain,2013,1A5,ABFLOW038,Natural gas,,,0.0
Spain,2013,1A5,ABFLOW038,Oil,,,0.0
Spain,2014,1A,ABFLOW001,Coal,,,0.0
Spain,2014,1A,ABFLOW001,Natural gas,,,0.0
Spain,2014,1A,ABFLOW001,Oil,,,0.0
Spain,2014,1A1A,ABFLOW002,Coal,,,0.0
Spain,2014,1A1A,ABFLOW002,Natural gas,,,0.0
Spain,2014,1A1A,ABFLOW002,Oil,,,0.0
Spain,2014,1A1A1,ABFLOW003,Coal,7.358963180071992,,7.358963180071992
Spain,2014,1A1A1,ABFLOW003,Natural gas,7.358963180071992,,7.358963180071992
Spain,2014,1A1A1,ABFLOW003,Oil,7.358963180071992,,7.358963180071992
Spain,2014,1A1A2,ABFLOW004,Coal,7.358963180071992,,7.358963180071992
Spain,2014,1A1A2,ABFLOW004,Natural gas,7.358963180071992,,7.358963180071992
Spain,2014,1A1A2,ABFLOW004,Oil,7.358963180071992,,7.358963180071992
Spain,2014,1A1A3,ABFLOW005,Coal,7.358963180071992,,7.358963180071992
Spain,2014,1A1A3,ABFLOW005,Natural gas,7.358963180071992,,7.358963180071992
Spain,2014,1A1A3,ABFLOW005,Oil,7.358963180071992,,7.358963180071992
Spain,2014,1A1B,ABFLOW011,Coal,7.358963180071992,,7.358963180071992
Spain,2014,1A1B,ABFLOW011,Natural gas,7.358963180071992,,7.358963180071992
Spain,2014,1A1B,ABFLOW011,Oil,7.358963180071992,,7.358963180071992
Spain,2014,1A1C,ABFLOW011,Coal,7.358963180071992,,7.358963180071992
Spain,2014,1A1C,ABFLOW011,Natural gas,7.358963180071992,,7.358963180071992
Spain,2014,1A1C,ABFLOW011,Oil,7.358963180071992,,7.358963180071992
Spain,2014,1A2,ABFLOW012,Coal,,,0.0
Spain,2014,1A2,ABFLOW012,Natural gas,,,0.0
Spain,2014,1A2,ABFLOW012,Oil,,,0.0
Spain,2014,1A2A,ABFLOW016,Coal,7.358963180071992,,7.358963180071992
Spain,2014,1A2A,ABFLOW016,Natural gas,7.358963180071992,,7.358963180071992
Spain,2014,1A2A,ABFLOW016,Oil,7.358963180071992,,7.358963180071992
Spain,2014,1A2B,ABFLOW018,Coal,7.358963180071992,,7.358963180071992
Spain,2014,1A2B,ABFLOW018,Natural gas,7.358963180071992,,7.358963180071992
Spain,2014,1A2B,ABFLOW018,Oil,7.358963180071992,,7.358963180071992
Spain,2014,1A2C,ABFLOW017,Coal,7.358963180071992,,7.358963180071992
Spain,2014,1A2C,ABFLOW017,Natural gas,7.358963180071992,,7.358963180071992
Spain,2014,1A2C,ABFLOW017,Oil,7.358963180071992,,7.358963180071992
Spain,2014,1A2D,ABFLOW023,Coal,7.358963180071992,,7.358963180071992
Spain,2014,1A2D,ABFLOW023,Natural gas,7.358963180071992,,7.358963180071992
Spain,2014,1A2D,ABFLOW023,Oil,7.358963180071992,,7.358963180071992
Spain,2014,1A2E,ABFLOW022,Coal,7.358963180071992,,7.358963180071992
Spain,2014,1A2E,ABFLOW022,Natural gas,7.358963180071992,,7.358963180071992
Spain,2014,1A2E,ABFLOW022,Oil,7.358963180071992,,7.358963180071992
Spain,2014,1A2F,ABFLOW019,Coal,7.358963180071992,,7.358963180071992
Spain,2014,1A2F,ABFLOW019,Natural gas,7.358963180071992,,7.358963180071992
Spain,2014,1A2F,ABFLOW019,Oil,7.358963180071992,,7.358963180071992
Spain,2014,1A2G,ABFLOW020,Coal,7.358963180071992,,7.358963180071992
Spain,2014,1A2G,ABFLOW020,Natural gas,7.358963180071992,,7.358963180071992
Spain,2014,1A2G,ABFLOW020,Oil,7.358963180071992,,7.358963180071992
Spain,2014,1A2H,ABFLOW021,Coal,7.358963180071992,,7.358963180071992
Spain,2014,1A2H,ABFLOW021,Natural gas,7.358963180071992,,7.358963180071992
Spain,2014,1A2H,ABFLOW021,Oil,7.358963180071992,,7.358963180071992
Spain,2014,1A2I,ABFLOW013,Coal,7.358963180071992,,7.358963180071992
Spain,2014,1A2I,ABFLOW013,Natural gas,7.358963180071992,,7.358963180071992
Spain,2014,1A2I,ABFLOW013,Oil,7.358963180071992,,7.358963180071992
Spain,2014,1A2J,ABFLOW024,Coal,7.358963180071992,,7.358963180071992
Spain,2014,1A2J,ABFLOW024,Natural gas,7.358963180071992,,7.358963180071992
Spain,2014,1A2J,ABFLOW024,Oil,7.358963180071992,,7.358963180071992
Spain,2014,1A2K,ABFLOW014,Coal,7.358963180071992,,7.358963180071992
Spain,2014,1A2K,ABFLOW014,Natural gas,7.358963180071992,,7.358963180071992
Spain,2014,1A2K,ABFLOW014,Oil,7.358963180071992,,7.358963180071992
Spain,2014,1A2L,ABFLOW025,Coal,7.358963180071992,,7.358963180071992
Spain,2014,1A2L,ABFLOW025,Natural gas,7.358963180071992,,7.358963180071992
Spain,2014,1A2L,ABFLOW025,Oil,7.358963180071992,,7.358963180071992
Spain,2014,1A2M,ABFLOW026,Coal,7.358963180071992,,7.358963180071992
Spain,2014,1A2M,ABFLOW026,Natural gas,7.358963180071992,,7.358963180071992
Spain,2014,1A2M,ABFLOW026,Oil,7.358963180071992,,7.358963180071992
Spain,2014,1A3,ABFLOW027,Coal,,,0.0
Spain,2014,1A3,ABFLOW027,Natural gas,,,0.0
Spain,2014,1A3,ABFLOW027,Oil,,,0.0
Spain,2014,1A3A1,ABFLOW040,Coal,3.753071221836716,,3.753071221836716
Spain,2014,1A3A1,ABFLOW040,Natural gas,3.753071221836716,,3.753071221836716
Spain,2014,1A3A1,ABFLOW040,Oil,3.753071221836716,,3.753071221836716
Spain,2014,1A3A2,ABFLOW029,Coal,7.358963180071992,,7.358963180071992
Spain,2014,1A3A2,ABFLOW029,Natural gas,7.358963180071992,,7.358963180071992
Spain,2014,1A3A2,ABFLOW029,Oil,7.358963180071992,,7.358963180071992
Spain,2014,1A3B,ABFLOW028,Coal,,,0.0
Spain,2014,1A3B,ABFLOW028,Natural gas,,,0.0
Spain,2014,1A3B,ABFLOW028,Oil,,,0.0
Spain,2014,1A3C,ABFLOW030,Coal,,,0.0
Spain,2014,1A3C,ABFLOW030,Natural gas,,,0.0
Spain,2014,1A3C,ABFLOW030,Oil,,,0.0
Spain,2014,1A3D1,ABFLOW039,Coal,,,0.0
Spain,2014,1A3D1,ABFLOW039,Natural gas,,,0.0
Spain,2014,1A3D1,ABFLOW039,Oil,,,0.0
Spain,2014,1A3D2,ABFLOW032,Coal,,,0.0
Spain,2014,1A3D2,ABFLOW032,Natural gas,,,0.0
Spain,2014,1A3D2,ABFLOW032,Oil,,,0.0
Spain,2014,1A3E1,ABFLOW033,Coal,,,0.0
Spain,2014,1A3E1,ABFLOW033,Natural gas,,,0.0
Spain,2014,1A3E1,ABFLOW033,Oil,,,0.0
Spain,2014,1A4A,ABFLOW035,Coal,,,0.0
Spain,2014,1A4A,ABFLOW035,Natural gas,,,0.0
Spain,2014,1A4A,ABFLOW035,Oil,,,0.0
Spain,2014,1A4B,ABFLOW034,Coal,,,0.0
Spain,2014,1A4B,ABFLOW034,Natural gas,,,0.0
Spain,2014,1A4B,ABFLOW034,Oil,,,0.0
Spain,2014,1A4C1,ABFLOW036,Coal,,,0.0
Spain,2014,1A4C1,ABFLOW036,Natural gas,,,0.0
Spain,2014,1A4C1,ABFLOW036,Oil,,,0.0
Spain,2014,1A4C2,ABFLOW037,Coal,,,0.0
Spain,2014,1A4C2,ABFLOW037,Natural gas,,,0.0
Spain,2014,1A4C2,ABFLOW037,Oil,,,0.0
Spain,2014,1A5,ABFLOW038,Coal,,,0.0
Spain,2014,1A5,ABFLOW038,Natural gas,,,0.0
Spain,2014,1A5,ABFLOW038,Oil,,,0.0
Spain,2015,1A,ABFLOW001,Coal,,,0.0
Spain,2015,1A,ABFLOW001,Natural gas,,,0.0
Spain,2015,1A,ABFLOW001,Oil,,,0.0
Spain,2015,1A1A,ABFLOW002,Coal,,,0.0
Spain,2015,1A1A,ABFLOW002,Natural gas,,,0.0
Spain,2015,1A1A,ABFLOW002,Oil,,,0.0
Spain,2015,1A1A1,ABFLOW003,Coal,9.446442006432536,,9.446442006432536
Spain,2015,1A1A1,ABFLOW003,Natural gas,9.446442006432536,,9.446442006432536
Spain,2015,1A1A1,ABFLOW003,Oil,9.446442006432536,,9.446442006432536
Spain,2015,1A1A2,ABFLOW004,Coal,9.446442006432536,,9.446442006432536
Spain,2015,1A1A2,ABFLOW004,Natural gas,9.446442006432536,,9.446442006432536
Spain,2015,1A1A2,ABFLOW004,Oil,9.446442006432536,,9.446442006432536
Spain,2015,1A1A3,ABFLOW005,Coal,9.446442006432536,,9.446442006432536
Spain,2015,1A1A3,ABFLOW005,Natural gas,9.446442006432536,,9.446442006432536
Spain,2015,1A1A3,ABFLOW005,Oil,9.446442006432536,,9.446442006432536
Spain,2015,1A1B,ABFLOW011,Coal,9.446442006432536,,9.446442006432536
Spain,2015,1A1B,ABFLOW011,Natural gas,9.446442006432536,,9.446442006432536
Spain,2015,1A1B,ABFLOW011,Oil,9.446442006432536,,9.446442006432536
Spain,2015,1A1C,ABFLOW011,Coal,9.446442006432536,,9.446442006432536
Spain,2015,1A1C,ABFLOW011,Natural gas,9.446442006432536,,9.446442006432536
Spain,2015,1A1C,ABFLOW011,Oil,9.446442006432536,,9.446442006432536
Spain,2015,1A2,ABFLOW012,Coal,,,0.0
Spain,2015,1A2,ABFLOW012,Natural gas,,,0.0
Spain,2015,1A2,ABFLOW012,Oil,,,0.0
Spain,2015,1A2A,ABFLOW016,Coal,9.446442006432536,,9.446442006432536
Spain,2015,1A2A,ABFLOW016,Natural gas,9.446442006432536,,9.446442006432536
Spain,2015,1A2A,ABFLOW016,Oil,9.446442006432536,,9.446442006432536
Spain,2015,1A2B,ABFLOW018,Coal,9.446442006432536,,9.446442006432536
Spain,2015,1A2B,ABFLOW018,Natural gas,9.446442006432536,,9.446442006432536
Spain,2015,1A2B,ABFLOW018,Oil,9.446442006432536,,9.446442006432536
Spain,2015,1A2C,ABFLOW017,Coal,9.446442006432536,,9.446442006432536
Spain,2015,1A2C,ABFLOW017,Natural gas,9.446442006432536,,9.446442006432536
Spain,2015,1A2C,ABFLOW017,Oil,9.446442006432536,,9.446442006432536
Spain,2015,1A2D,ABFLOW023,Coal,9.446442006432536,,9.446442006432536
Spain,2015,1A2D,ABFLOW023,Natural gas,9.446442006432536,,9.446442006432536
Spain,2015,1A2D,ABFLOW023,Oil,9.446442006432536,,9.446442006432536
Spain,2015,1A2E,ABFLOW022,Coal,9.446442006432536,,9.446442006432536
Spain,2015,1A2E,ABFLOW022,Natural gas,9.446442006432536,,9.446442006432536
Spain,2015,1A2E,ABFLOW022,Oil,9.446442006432536,,9.446442006432536
Spain,2015,1A2F,ABFLOW019,Coal,9.446442006432536,,9.446442006432536
Spain,2015,1A2F,ABFLOW019,Natural gas,9.446442006432536,,9.446442006432536
Spain,2015,1A2F,ABFLOW019,Oil,9.446442006432536,,9.446442006432536
Spain,2015,1A2G,ABFLOW020,Coal,9.446442006432536,,9.446442006432536
Spain,2015,1A2G,ABFLOW020,Natural gas,9.446442006432536,,9.446442006432536
Spain,2015,1A2G,ABFLOW020,Oil,9.446442006432536,,9.446442006432536
Spain,2015,1A2H,ABFLOW021,Coal,9.446442006432536,,9.446442006432536
Spain,2015,1A2H,ABFLOW021,Natural gas,9.446442006432536,,9.446442006432536
Spain,2015,1A2H,ABFLOW021,Oil,9.446442006432536,,9.446442006432536
Spain,2015,1A2I,ABFLOW013,Coal,9.446442006432536,,9.446442006432536
Spain,2015,1A2I,ABFLOW013,Natural gas,9.446442006432536,,9.446442006432536
Spain,2015,1A2I,ABFLOW013,Oil,9.446442006432536,,9.446442006432536
Spain,2015,1A2J,ABFLOW024,Coal,9.446442006432536,,9.446442006432536
Spain,2015,1A2J,ABFLOW024,Natural gas,9.446442006432536,,9.446442006432536
Spain,2015,1A2J,ABFLOW024,Oil,9.446442006432536,,9.446442006432536
Spain,2015,1A2K,ABFLOW014,Coal,9.446442006432536,,9.446442006432536
Spain,2015,1A2K,ABFLOW014,Natural gas,9.446442006432536,,9.446442006432536
Spain,2015,1A2K,ABFLOW014,Oil,9.446442006432536,,9.446442006432536
Spain,2015,1A2L,ABFLOW025,Coal,9.446442006432536,,9.446442006432536
Spain,2015,1A2L,ABFLOW025,Natural gas,9.446442006432536,,9.446442006432536
Spain,2015,1A2L,ABFLOW025,Oil,9.446442006432536,,9.446442006432536
Spain,2015,1A2M,ABFLOW026,Coal,9.446442006432536,,9.446442006432536
Spain,2015,1A2M,ABFLOW026,Natural gas,9.446442006432536,,9.446442006432536
Spain,2015,1A2M,ABFLOW026,Oil,9.446442006432536,,9.446442006432536
Spain,2015,1A3,ABFLOW027,Coal,,,0.0
Spain,2015,1A3,ABFLOW027,Natural gas,,,0.0
Spain,2015,1A3,ABFLOW027,Oil,,,0.0
Spain,2015,1A3A1,ABFLOW040,Coal,4.817685423280594,,4.817685423280594
Spain,2015,1A3A1,ABFLOW040,Natural gas,4.817685423280594,,4.817685423280594
Spain,2015,1A3A1,ABFLOW040,Oil,4.817685423280594,,4.817685423280594
Spain,2015,1A3A2,ABFLOW029,Coal,9.446442006432536,,9.446442006432536
Spain,2015,1A3A2,ABFLOW029,Natural gas,9.446442006432536,,9.446442006432536
Spain,2015,1A3A2,ABFLOW029,Oil,9.446442006432536,,9.446442006432536
Spain,2015,1A3B,ABFLOW028,Coal,,,0.0
Spain,2015,1A3B,ABFLOW028,Natural gas,,,0.0
Spain,2015,1A3B,ABFLOW028,Oil,,,0.0
Spain,2015,1A3C,ABFLOW030,Coal,,,0.0
Spain,2015,1A3C,ABFLOW030,Natural gas,,,0.0
Spain,2015,1A3C,ABFLOW030,Oil,,,0.0
Spain,2015,1A3D1,ABFLOW039,Coal,,,0.0
Spain,2015,1A3D1,ABFLOW039,Natural gas,,,0.0
Spain,2015,1A3D1,ABFLOW039,Oil,,,0.0
Spain,2015,1A3D2,ABFLOW032,Coal,,,0.0
Spain,2015,1A3D2,ABFLOW032,Natural gas,,,0.0
Spain,2015,1A3D2,ABFLOW032,Oil,,,0.0
Spain,2015,1A3E1,ABFLOW033,Coal,,,0.0
Spain,2015,1A3E1,ABFLOW033,Natural gas,,,0.0
Spain,2015,1A3E1,ABFLOW033,Oil,,,0.0
Spain,2015,1A4A,ABFLOW035,Coal,,,0.0
Spain,2015,1A4A,ABFLOW035,Natural gas,,,0.0
Spain,2015,1A4A,ABFLOW035,Oil,,,0.0
Spain,2015,1A4B,ABFLOW034,Coal,,,0.0
Spain,2015,1A4B,ABFLOW034,Natural gas,,,0.0
Spain,2015,1A4B,ABFLOW034,Oil,,,0.0
Spain,2015,1A4C1,ABFLOW036,Coal,,,0.0
Spain,2015,1A4C1,ABFLOW036,Natural gas,,,0.0
Spain,2015,1A4C1,ABFLOW036,Oil,,,0.0
Spain,2015,1A4C2,ABFLOW037,Coal,,,0.0
Spain,2015,1A4C2,ABFLOW037,Natural gas,,,0.0
Spain,2015,1A4C2,ABFLOW037,Oil,,,0.0
Spain,2015,1A5,ABFLOW038,Coal,,,0.0
Spain,2015,1A5,ABFLOW038,Natural gas,,,0.0
Spain,2015,1A5,ABFLOW038,Oil,,,0.0
Spain,2016,1A,ABFLOW001,Coal,,,0.0
Spain,2016,1A,ABFLOW001,Natural gas,,,0.0
Spain,2016,1A,ABFLOW001,Oil,,,0.0
Spain,2016,1A1A,ABFLOW002,Coal,,,0.0
Spain,2016,1A1A,ABFLOW002,Natural gas,,,0.0
Spain,2016,1A1A,ABFLOW002,Oil,,,0.0
Spain,2016,1A1A1,ABFLOW003,Coal,6.556128499341436,,6.556128499341436
Spain,2016,1A1A1,ABFLOW003,Natural gas,6.556128499341436,,6.556128499341436
Spain,2016,1A1A1,ABFLOW003,Oil,6.556128499341436,,6.556128499341436
Spain,2016,1A1A2,ABFLOW004,Coal,6.556128499341436,,6.556128499341436
Spain,2016,1A1A2,ABFLOW004,Natural gas,6.556128499341436,,6.556128499341436
Spain,2016,1A1A2,ABFLOW004,Oil,6.556128499341436,,6.556128499341436
Spain,2016,1A1A3,ABFLOW005,Coal,6.556128499341436,,6.556128499341436
Spain,2016,1A1A3,ABFLOW005,Natural gas,6.556128499341436,,6.556128499341436
Spain,2016,1A1A3,ABFLOW005,Oil,6.556128499341436,,6.556128499341436
Spain,2016,1A1B,ABFLOW011,Coal,6.556128499341436,,6.556128499341436
Spain,2016,1A1B,ABFLOW011,Natural gas,6.556128499341436,,6.556128499341436
Spain,2016,1A1B,ABFLOW011,Oil,6.556128499341436,,6.556128499341436
Spain,2016,1A1C,ABFLOW011,Coal,6.556128499341436,,6.556128499341436
Spain,2016,1A1C,ABFLOW011,Natural gas,6.556128499341436,,6.556128499341436
Spain,2016,1A1C,ABFLOW011,Oil,6.556128499341436,,6.556128499341436
Spain,2016,1A2,ABFLOW012,Coal,,,0.0
Spain,2016,1A2,ABFLOW012,Natural gas,,,0.0
Spain,2016,1A2,ABFLOW012,Oil,,,0.0
Spain,2016,1A2A,ABFLOW016,Coal,6.556128499341436,,6.556128499341436
Spain,2016,1A2A,ABFLOW016,Natural gas,6.556128499341436,,6.556128499341436
Spain,2016,1A2A,ABFLOW016,Oil,6.556128499341436,,6.556128499341436
Spain,2016,1A2B,ABFLOW018,Coal,6.556128499341436,,6.556128499341436
Spain,2016,1A2B,ABFLOW018,Natural gas,6.556128499341436,,6.556128499341436
Spain,2016,1A2B,ABFLOW018,Oil,6.556128499341436,,6.556128499341436
Spain,2016,1A2C,ABFLOW017,Coal,6.556128499341436,,6.556128499341436
Spain,2016,1A2C,ABFLOW017,Natural gas,6.556128499341436,,6.556128499341436
Spain,2016,1A2C,ABFLOW017,Oil,6.556128499341436,,6.556128499341436
Spain,2016,1A2D,ABFLOW023,Coal,6.556128499341436,,6.556128499341436
Spain,2016,1A2D,ABFLOW023,Natural gas,6.556128499341436,,6.556128499341436
Spain,2016,1A2D,ABFLOW023,Oil,6.556128499341436,,6.556128499341436
Spain,2016,1A2E,ABFLOW022,Coal,6.556128499341436,,6.556128499341436
Spain,2016,1A2E,ABFLOW022,Natural gas,6.556128499341436,,6.556128499341436
Spain,2016,1A2E,ABFLOW022,Oil,6.556128499341436,,6.556128499341436
Spain,2016,1A2F,ABFLOW019,Coal,6.556128499341436,,6.556128499341436
Spain,2016,1A2F,ABFLOW019,Natural gas,6.556128499341436,,6.556128499341436
Spain,2016,1A2F,ABFLOW019,Oil,6.556128499341436,,6.556128499341436
Spain,2016,1A2G,ABFLOW020,Coal,6.556128499341436,,6.556128499341436
Spain,2016,1A2G,ABFLOW020,Natural gas,6.556128499341436,,6.556128499341436
Spain,2016,1A2G,ABFLOW020,Oil,6.556128499341436,,6.556128499341436
Spain,2016,1A2H,ABFLOW021,Coal,6.556128499341436,,6.556128499341436
Spain,2016,1A2H,ABFLOW021,Natural gas,6.556128499341436,,6.556128499341436
Spain,2016,1A2H,ABFLOW021,Oil,6.556128499341436,,6.556128499341436
Spain,2016,1A2I,ABFLOW013,Coal,6.556128499341436,,6.556128499341436
Spain,2016,1A2I,ABFLOW013,Natural gas,6.556128499341436,,6.556128499341436
Spain,2016,1A2I,ABFLOW013,Oil,6.556128499341436,,6.556128499341436
Spain,2016,1A2J,ABFLOW024,Coal,6.556128499341436,,6.556128499341436
Spain,2016,1A2J,ABFLOW024,Natural gas,6.556128499341436,,6.556128499341436
Spain,2016,1A2J,ABFLOW024,Oil,6.556128499341436,,6.556128499341436
Spain,2016,1A2K,ABFLOW014,Coal,6.556128499341436,,6.556128499341436
Spain,2016,1A2K,ABFLOW014,Natural gas,6.556128499341436,,6.556128499341436
Spain,2016,1A2K,ABFLOW014,Oil,6.556128499341436,,6.556128499341436
Spain,2016,1A2L,ABFLOW025,Coal,6.556128499341436,,6.556128499341436
Spain,2016,1A2L,ABFLOW025,Natural gas,6.556128499341436,,6.556128499341436
Spain,2016,1A2L,ABFLOW025,Oil,6.556128499341436,,6.556128499341436
Spain,2016,1A2M,ABFLOW026,Coal,6.556128499341436,,6.556128499341436
Spain,2016,1A2M,ABFLOW026,Natural gas,6.556128499341436,,6.556128499341436
Spain,2016,1A2M,ABFLOW026,Oil,6.556128499341436,,6.556128499341436
Spain,2016,1A3,ABFLOW027,Coal,,,0.0
Spain,2016,1A3,ABFLOW027,Natural gas,,,0.0
Spain,2016,1A3,ABFLOW027,Oil,,,0.0
Spain,2016,1A3A1,ABFLOW040,Coal,3.3436255346641324,,3.3436255346641324
Spain,2016,1A3A1,ABFLOW040,Natural gas,3.3436255346641324,,3.3436255346641324
Spain,2016,1A3A1,ABFLOW040,Oil,3.3436255346641324,,3.3436255346641324
Spain,2016,1A3A2,ABFLOW029,Coal,6.556128499341436,,6.556128499341436
Spain,2016,1A3A2,ABFLOW029,Natural gas,6.556128499341436,,6.556128499341436
Spain,2016,1A3A2,ABFLOW029,Oil,6.556128499341436,,6.556128499341436
Spain,2016,1A3B,ABFLOW028,Coal,,,0.0
Spain,2016,1A3B,ABFLOW028,Natural gas,,,0.0
Spain,2016,1A3B,ABFLOW028,Oil,,,0.0
Spain,2016,1A3C,ABFLOW030,Coal,,,0.0
Spain,2016,1A3C,ABFLOW030,Natural gas,,,0.0
Spain,2016,1A3C,ABFLOW030,Oil,,,0.0
Spain,2016,1A3D1,ABFLOW039,Coal,,,0.0
Spain,2016,1A3D1,ABFLOW039,Natural gas,,,0.0
Spain,2016,1A3D1,ABFLOW039,Oil,,,0.0
Spain,2016,1A3D2,ABFLOW032,Coal,,,0.0
Spain,2016,1A3D2,ABFLOW032,Natural gas,,,0.0
Spain,2016,1A3D2,ABFLOW032,Oil,,,0.0
Spain,2016,1A3E1,ABFLOW033,Coal,,,0.0
Spain,2016,1A3E1,ABFLOW033,Natural gas,,,0.0
Spain,2016,1A3E1,ABFLOW033,Oil,,,0.0
Spain,2016,1A4A,ABFLOW035,Coal,,,0.0
Spain,2016,1A4A,ABFLOW035,Natural gas,,,0.0
Spain,2016,1A4A,ABFLOW035,Oil,,,0.0
Spain,2016,1A4B,ABFLOW034,Coal,,,0.0
Spain,2016,1A4B,ABFLOW034,Natural gas,,,0.0
Spain,2016,1A4B,ABFLOW034,Oil,,,0.0
Spain,2016,1A4C1,ABFLOW036,Coal,,,0.0
Spain,2016,1A4C1,ABFLOW036,Natural gas,,,0.0
Spain,2016,1A4C1,ABFLOW036,Oil,,,0.0
Spain,2016,1A4C2,ABFLOW037,Coal,,,0.0
Spain,2016,1A4C2,ABFLOW037,Natural gas,,,0.0
Spain,2016,1A4C2,ABFLOW037,Oil,,,0.0
Spain,2016,1A5,ABFLOW038,Coal,,,0.0
Spain,2016,1A5,ABFLOW038,Natural gas,,,0.0
Spain,2016,1A5,ABFLOW038,Oil,,,0.0
Spain,2017,1A,ABFLOW001,Coal,,,0.0
Spain,2017,1A,ABFLOW001,Natural gas,,,0.0
Spain,2017,1A,ABFLOW001,Oil,,,0.0
Spain,2017,1A1A,ABFLOW002,Coal,,,0.0
Spain,2017,1A1A,ABFLOW002,Natural gas,,,0.0
Spain,2017,1A1A,ABFLOW002,Oil,,,0.0
Spain,2017,1A1A1,ABFLOW003,Coal,7.05558654502149,,7.05558654502149
Spain,2017,1A1A1,ABFLOW003,Natural gas,7.05558654502149,,7.05558654502149
Spain,2017,1A1A1,ABFLOW003,Oil,7.05558654502149,,7.05558654502149
Spain,2017,1A1A2,ABFLOW004,Coal,7.05558654502149,,7.05558654502149
Spain,2017,1A1A2,ABFLOW004,Natural gas,7.05558654502149,,7.05558654502149
Spain,2017,1A1A2,ABFLOW004,Oil,7.05558654502149,,7.05558654502149
Spain,2017,1A1A3,ABFLOW005,Coal,7.05558654502149,,7.05558654502149
Spain,2017,1A1A3,ABFLOW005,Natural gas,7.05558654502149,,7.05558654502149
Spain,2017,1A1A3,ABFLOW005,Oil,7.05558654502149,,7.05558654502149
Spain,2017,1A1B,ABFLOW011,Coal,7.05558654502149,,7.05558654502149
Spain,2017,1A1B,ABFLOW011,Natural gas,7.05558654502149,,7.05558654502149
Spain,2017,1A1B,ABFLOW011,Oil,7.05558654502149,,7.05558654502149
Spain,2017,1A1C,ABFLOW011,Coal,7.05558654502149,,7.05558654502149
Spain,2017,1A1C,ABFLOW011,Natural gas,7.05558654502149,,7.05558654502149
Spain,2017,1A1C,ABFLOW011,Oil,7.05558654502149,,7.05558654502149
Spain,2017,1A2,ABFLOW012,Coal,,,0.0
Spain,2017,1A2,ABFLOW012,Natural gas,,,0.0
Spain,2017,1A2,ABFLOW012,Oil,,,0.0
Spain,2017,1A2A,ABFLOW016,Coal,7.05558654502149,,7.05558654502149
Spain,2017,1A2A,ABFLOW016,Natural gas,7.05558654502149,,7.05558654502149
Spain,2017,1A2A,ABFLOW016,Oil,7.05558654502149,,7.05558654502149
Spain,2017,1A2B,ABFLOW018,Coal,7.05558654502149,,7.05558654502149
Spain,2017,1A2B,ABFLOW018,Natural gas,7.05558654502149,,7.05558654502149
Spain,2017,1A2B,ABFLOW018,Oil,7.05558654502149,,7.05558654502149
Spain,2017,1A2C,ABFLOW017,Coal,7.05558654502149,,7.05558654502149
Spain,2017,1A2C,ABFLOW017,Natural gas,7.05558654502149,,7.05558654502149
Spain,2017,1A2C,ABFLOW017,Oil,7.05558654502149,,7.05558654502149
Spain,2017,1A2D,ABFLOW023,Coal,7.05558654502149,,7.05558654502149
Spain,2017,1A2D,ABFLOW023,Natural gas,7.05558654502149,,7.05558654502149
Spain,2017,1A2D,ABFLOW023,Oil,7.05558654502149,,7.05558654502149
Spain,2017,1A2E,ABFLOW022,Coal,7.05558654502149,,7.05558654502149
Spain,2017,1A2E,ABFLOW022,Natural gas,7.05558654502149,,7.05558654502149
Spain,2017,1A2E,ABFLOW022,Oil,7.05558654502149,,7.05558654502149
Spain,2017,1A2F,ABFLOW019,Coal,7.05558654502149,,7.05558654502149
Spain,2017,1A2F,ABFLOW019,Natural gas,7.05558654502149,,7.05558654502149
Spain,2017,1A2F,ABFLOW019,Oil,7.05558654502149,,7.05558654502149
Spain,2017,1A2G,ABFLOW020,Coal,7.05558654502149,,7.05558654502149
Spain,2017,1A2G,ABFLOW020,Natural gas,7.05558654502149,,7.05558654502149
Spain,2017,1A2G,ABFLOW020,Oil,7.05558654502149,,7.05558654502149
Spain,2017,1A2H,ABFLOW021,Coal,7.05558654502149,,7.05558654502149
Spain,2017,1A2H,ABFLOW021,Natural gas,7.05558654502149,,7.05558654502149
Spain,2017,1A2H,ABFLOW021,Oil,7.05558654502149,,7.05558654502149
Spain,2017,1A2I,ABFLOW013,Coal,7.05558654502149,,7.05558654502149
Spain,2017,1A2I,ABFLOW013,Natural gas,7.05558654502149,,7.05558654502149
Spain,2017,1A2I,ABFLOW013,Oil,7.05558654502149,,7.05558654502149
Spain,2017,1A2J,ABFLOW024,Coal,7.05558654502149,,7.05558654502149
Spain,2017,1A2J,ABFLOW024,Natural gas,7.05558654502149,,7.05558654502149
Spain,2017,1A2J,ABFLOW024,Oil,7.05558654502149,,7.05558654502149
Spain,2017,1A2K,ABFLOW014,Coal,7.05558654502149,,7.05558654502149
Spain,2017,1A2K,ABFLOW014,Natural gas,7.05558654502149,,7.05558654502149
Spain,2017,1A2K,ABFLOW014,Oil,7.05558654502149,,7.05558654502149
Spain,2017,1A2L,ABFLOW025,Coal,7.05558654502149,,7.05558654502149
Spain,2017,1A2L,ABFLOW025,Natural gas,7.05558654502149,,7.05558654502149
Spain,2017,1A2L,ABFLOW025,Oil,7.05558654502149,,7.05558654502149
Spain,2017,1A2M,ABFLOW026,Coal,7.05558654502149,,7.05558654502149
Spain,2017,1A2M,ABFLOW026,Natural gas,7.05558654502149,,7.05558654502149
Spain,2017,1A2M,ABFLOW026,Oil,7.05558654502149,,7.05558654502149
Spain,2017,1A3,ABFLOW027,Coal,,,0.0
Spain,2017,1A3,ABFLOW027,Natural gas,,,0.0
Spain,2017,1A3,ABFLOW027,Oil,,,0.0
Spain,2017,1A3A1,ABFLOW040,Coal,3.59834913796096,,3.59834913796096
Spain,2017,1A3A1,ABFLOW040,Natural gas,3.59834913796096,,3.59834913796096
Spain,2017,1A3A1,ABFLOW040,Oil,3.59834913796096,,3.59834913796096
Spain,2017,1A3A2,ABFLOW029,Coal,7.05558654502149,,7.05558654502149
Spain,2017,1A3A2,ABFLOW029,Natural gas,7.05558654502149,,7.05558654502149
Spain,2017,1A3A2,ABFLOW029,Oil,7.05558654502149,,7.05558654502149
Spain,2017,1A3B,ABFLOW028,Coal,,,0.0
Spain,2017,1A3B,ABFLOW028,Natural gas,,,0.0
Spain,2017,1A3B,ABFLOW028,Oil,,,0.0
Spain,2017,1A3C,ABFLOW030,Coal,,,0.0
Spain,2017,1A3C,ABFLOW030,Natural gas,,,0.0
Spain,2017,1A3C,ABFLOW030,Oil,,,0.0
Spain,2017,1A3D1,ABFLOW039,Coal,,,0.0
Spain,2017,1A3D1,ABFLOW039,Natural gas,,,0.0
Spain,2017,1A3D1,ABFLOW039,Oil,,,0.0
Spain,2017,1A3D2,ABFLOW032,Coal,,,0.0
Spain,2017,1A3D2,ABFLOW032,Natural gas,,,0.0
Spain,2017,1A3D2,ABFLOW032,Oil,,,0.0
Spain,2017,1A3E1,ABFLOW033,Coal,,,0.0
Spain,2017,1A3E1,ABFLOW033,Natural gas,,,0.0
Spain,2017,1A3E1,ABFLOW033,Oil,,,0.0
Spain,2017,1A4A,ABFLOW035,Coal,,,0.0
Spain,2017,1A4A,ABFLOW035,Natural gas,,,0.0
Spain,2017,1A4A,ABFLOW035,Oil,,,0.0
Spain,2017,1A4B,ABFLOW034,Coal,,,0.0
Spain,2017,1A4B,ABFLOW034,Natural gas,,,0.0
Spain,2017,1A4B,ABFLOW034,Oil,,,0.0
Spain,2017,1A4C1,ABFLOW036,Coal,,,0.0
Spain,2017,1A4C1,ABFLOW036,Natural gas,,,0.0
Spain,2017,1A4C1,ABFLOW036,Oil,,,0.0
Spain,2017,1A4C2,ABFLOW037,Coal,,,0.0
Spain,2017,1A4C2,ABFLOW037,Natural gas,,,0.0
Spain,2017,1A4C2,ABFLOW037,Oil,,,0.0
Spain,2017,1A5,ABFLOW038,Coal,,,0.0
Spain,2017,1A5,ABFLOW038,Natural gas,,,0.0
Spain,2017,1A5,ABFLOW038,Oil,,,0.0
Spain,2018,1A,ABFLOW001,Coal,,,0.0
Spain,2018,1A,ABFLOW001,Natural gas,,,0.0
Spain,2018,1A,ABFLOW001,Oil,,,0.0
Spain,2018,1A1A,ABFLOW002,Coal,,,0.0
Spain,2018,1A1A,ABFLOW002,Natural gas,,,0.0
Spain,2018,1A1A,ABFLOW002,Oil,,,0.0
Spain,2018,1A1A1,ABFLOW003,Coal,18.921031345933333,,18.921031345933333
Spain,2018,1A1A1,ABFLOW003,Natural gas,18.921031345933333,,18.921031345933333
Spain,2018,1A1A1,ABFLOW003,Oil,18.921031345933333,,18.921031345933333
Spain,2018,1A1A2,ABFLOW004,Coal,18.921031345933333,,18.921031345933333
Spain,2018,1A1A2,ABFLOW004,Natural gas,18.921031345933333,,18.921031345933333
Spain,2018,1A1A2,ABFLOW004,Oil,18.921031345933333,,18.921031345933333
Spain,2018,1A1A3,ABFLOW005,Coal,18.921031345933333,,18.921031345933333
Spain,2018,1A1A3,ABFLOW005,Natural gas,18.921031345933333,,18.921031345933333
Spain,2018,1A1A3,ABFLOW005,Oil,18.921031345933333,,18.921031345933333
Spain,2018,1A1B,ABFLOW011,Coal,18.921031345933333,,18.921031345933333
Spain,2018,1A1B,ABFLOW011,Natural gas,18.921031345933333,,18.921031345933333
Spain,2018,1A1B,ABFLOW011,Oil,18.921031345933333,,18.921031345933333
Spain,2018,1A1C,ABFLOW011,Coal,18.921031345933333,,18.921031345933333
Spain,2018,1A1C,ABFLOW011,Natural gas,18.921031345933333,,18.921031345933333
Spain,2018,1A1C,ABFLOW011,Oil,18.921031345933333,,18.921031345933333
Spain,2018,1A2,ABFLOW012,Coal,,,0.0
Spain,2018,1A2,ABFLOW012,Natural gas,,,0.0
Spain,2018,1A2,ABFLOW012,Oil,,,0.0
Spain,2018,1A2A,ABFLOW016,Coal,18.921031345933333,,18.921031345933333
Spain,2018,1A2A,ABFLOW016,Natural gas,18.921031345933333,,18.921031345933333
Spain,2018,1A2A,ABFLOW016,Oil,18.921031345933333,,18.921031345933333
Spain,2018,1A2B,ABFLOW018,Coal,18.921031345933333,,18.921031345933333
Spain,2018,1A2B,ABFLOW018,Natural gas,18.921031345933333,,18.921031345933333
Spain,2018,1A2B,ABFLOW018,Oil,18.921031345933333,,18.921031345933333
Spain,2018,1A2C,ABFLOW017,Coal,18.921031345933333,,18.921031345933333
Spain,2018,1A2C,ABFLOW017,Natural gas,18.921031345933333,,18.921031345933333
Spain,2018,1A2C,ABFLOW017,Oil,18.921031345933333,,18.921031345933333
Spain,2018,1A2D,ABFLOW023,Coal,18.921031345933333,,18.921031345933333
Spain,2018,1A2D,ABFLOW023,Natural gas,18.921031345933333,,18.921031345933333
Spain,2018,1A2D,ABFLOW023,Oil,18.921031345933333,,18.921031345933333
Spain,2018,1A2E,ABFLOW022,Coal,18.921031345933333,,18.921031345933333
Spain,2018,1A2E,ABFLOW022,Natural gas,18.921031345933333,,18.921031345933333
Spain,2018,1A2E,ABFLOW022,Oil,18.921031345933333,,18.921031345933333
Spain,2018,1A2F,ABFLOW019,Coal,18.921031345933333,,18.921031345933333
Spain,2018,1A2F,ABFLOW019,Natural gas,18.921031345933333,,18.921031345933333
Spain,2018,1A2F,ABFLOW019,Oil,18.921031345933333,,18.921031345933333
Spain,2018,1A2G,ABFLOW020,Coal,18.921031345933333,,18.921031345933333
Spain,2018,1A2G,ABFLOW020,Natural gas,18.921031345933333,,18.921031345933333
Spain,2018,1A2G,ABFLOW020,Oil,18.921031345933333,,18.921031345933333
Spain,2018,1A2H,ABFLOW021,Coal,18.921031345933333,,18.921031345933333
Spain,2018,1A2H,ABFLOW021,Natural gas,18.921031345933333,,18.921031345933333
Spain,2018,1A2H,ABFLOW021,Oil,18.921031345933333,,18.921031345933333
Spain,2018,1A2I,ABFLOW013,Coal,18.921031345933333,,18.921031345933333
Spain,2018,1A2I,ABFLOW013,Natural gas,18.921031345933333,,18.921031345933333
Spain,2018,1A2I,ABFLOW013,Oil,18.921031345933333,,18.921031345933333
Spain,2018,1A2J,ABFLOW024,Coal,18.921031345933333,,18.921031345933333
Spain,2018,1A2J,ABFLOW024,Natural gas,18.921031345933333,,18.921031345933333
Spain,2018,1A2J,ABFLOW024,Oil,18.921031345933333,,18.921031345933333
Spain,2018,1A2K,ABFLOW014,Coal,18.921031345933333,,18.921031345933333
Spain,2018,1A2K,ABFLOW014,Natural gas,18.921031345933333,,18.921031345933333
Spain,2018,1A2K,ABFLOW014,Oil,18.921031345933333,,18.921031345933333
Spain,2018,1A2L,ABFLOW025,Coal,18.921031345933333,,18.921031345933333
Spain,2018,1A2L,ABFLOW025,Natural gas,18.921031345933333,,18.921031345933333
Spain,2018,1A2L,ABFLOW025,Oil,18.921031345933333,,18.921031345933333
Spain,2018,1A2M,ABFLOW026,Coal,18.921031345933333,,18.921031345933333
Spain,2018,1A2M,ABFLOW026,Natural gas,18.921031345933333,,18.921031345933333
Spain,2018,1A2M,ABFLOW026,Oil,18.921031345933333,,18.921031345933333
Spain,2018,1A3,ABFLOW027,Coal,,,0.0
Spain,2018,1A3,ABFLOW027,Natural gas,,,0.0
Spain,2018,1A3,ABFLOW027,Oil,,,0.0
Spain,2018,1A3A1,ABFLOW040,Coal,9.649725986426,,9.649725986426
Spain,2018,1A3A1,ABFLOW040,Natural gas,9.649725986426,,9.649725986426
Spain,2018,1A3A1,ABFLOW040,Oil,9.649725986426,,9.649725986426
Spain,2018,1A3A2,ABFLOW029,Coal,18.921031345933333,,18.921031345933333
Spain,2018,1A3A2,ABFLOW029,Natural gas,18.921031345933333,,18.921031345933333
Spain,2018,1A3A2,ABFLOW029,Oil,18.921031345933333,,18.921031345933333
Spain,2018,1A3B,ABFLOW028,Coal,,,0.0
Spain,2018,1A3B,ABFLOW028,Natural gas,,,0.0
Spain,2018,1A3B,ABFLOW028,Oil,,,0.0
Spain,2018,1A3C,ABFLOW030,Coal,,,0.0
Spain,2018,1A3C,ABFLOW030,Natural gas,,,0.0
Spain,2018,1A3C,ABFLOW030,Oil,,,0.0
Spain,2018,1A3D1,ABFLOW039,Coal,,,0.0
Spain,2018,1A3D1,ABFLOW039,Natural gas,,,0.0
Spain,2018,1A3D1,ABFLOW039,Oil,,,0.0
Spain,2018,1A3D2,ABFLOW032,Coal,,,0.0
Spain,2018,1A3D2,ABFLOW032,Natural gas,,,0.0
Spain,2018,1A3D2,ABFLOW032,Oil,,,0.0
Spain,2018,1A3E1,ABFLOW033,Coal,,,0.0
Spain,2018,1A3E1,ABFLOW033,Natural gas,,,0.0
Spain,2018,1A3E1,ABFLOW033,Oil,,,0.0
Spain,2018,1A4A,ABFLOW035,Coal,,,0.0
Spain,2018,1A4A,ABFLOW035,Natural gas,,,0.0
Spain,2018,1A4A,ABFLOW035,Oil,,,0.0
Spain,2018,1A4B,ABFLOW034,Coal,,,0.0
Spain,2018,1A4B,ABFLOW034,Natural gas,,,0.0
Spain,2018,1A4B,ABFLOW034,Oil,,,0.0
Spain,2018,1A4C1,ABFLOW036,Coal,,,0.0
Spain,2018,1A4C1,ABFLOW036,Natural gas,,,0.0
Spain,2018,1A4C1,ABFLOW036,Oil,,,0.0
Spain,2018,1A4C2,ABFLOW037,Coal,,,0.0
Spain,2018,1A4C2,ABFLOW037,Natural gas,,,0.0
Spain,2018,1A4C2,ABFLOW037,Oil,,,0.0
Spain,2018,1A5,ABFLOW038,Coal,,,0.0
Spain,2018,1A5,ABFLOW038,Natural gas,,,0.0
Spain,2018,1A5,ABFLOW038,Oil,,,0.0
Spain,2019,1A,ABFLOW001,Coal,,,0.0
Spain,2019,1A,ABFLOW001,Natural gas,,,0.0
Spain,2019,1A,ABFLOW001,Oil,,,0.0
Spain,2019,1A1A,ABFLOW002,Coal,,,0.0
Spain,2019,1A1A,ABFLOW002,Natural gas,,,0.0
Spain,2019,1A1A,ABFLOW002,Oil,,,0.0
Spain,2019,1A1A1,ABFLOW003,Coal,29.33782853175264,,29.33782853175264
Spain,2019,1A1A1,ABFLOW003,Natural gas,29.33782853175264,,29.33782853175264
Spain,2019,1A1A1,ABFLOW003,Oil,29.33782853175264,,29.33782853175264
Spain,2019,1A1A2,ABFLOW004,Coal,29.33782853175264,,29.33782853175264
Spain,2019,1A1A2,ABFLOW004,Natural gas,29.33782853175264,,29.33782853175264
Spain,2019,1A1A2,ABFLOW004,Oil,29.33782853175264,,29.33782853175264
Spain,2019,1A1A3,ABFLOW005,Coal,29.33782853175264,,29.33782853175264
Spain,2019,1A1A3,ABFLOW005,Natural gas,29.33782853175264,,29.33782853175264
Spain,2019,1A1A3,ABFLOW005,Oil,29.33782853175264,,29.33782853175264
Spain,2019,1A1B,ABFLOW011,Coal,29.33782853175264,,29.33782853175264
Spain,2019,1A1B,ABFLOW011,Natural gas,29.33782853175264,,29.33782853175264
Spain,2019,1A1B,ABFLOW011,Oil,29.33782853175264,,29.33782853175264
Spain,2019,1A1C,ABFLOW011,Coal,29.33782853175264,,29.33782853175264
Spain,2019,1A1C,ABFLOW011,Natural gas,29.33782853175264,,29.33782853175264
Spain,2019,1A1C,ABFLOW011,Oil,29.33782853175264,,29.33782853175264
Spain,2019,1A2,ABFLOW012,Coal,,,0.0
Spain,2019,1A2,ABFLOW012,Natural gas,,,0.0
Spain,2019,1A2,ABFLOW012,Oil,,,0.0
Spain,2019,1A2A,ABFLOW016,Coal,29.33782853175264,,29.33782853175264
Spain,2019,1A2A,ABFLOW016,Natural gas,29.33782853175264,,29.33782853175264
Spain,2019,1A2A,ABFLOW016,Oil,29.33782853175264,,29.33782853175264
Spain,2019,1A2B,ABFLOW018,Coal,29.33782853175264,,29.33782853175264
Spain,2019,1A2B,ABFLOW018,Natural gas,29.33782853175264,,29.33782853175264
Spain,2019,1A2B,ABFLOW018,Oil,29.33782853175264,,29.33782853175264
Spain,2019,1A2C,ABFLOW017,Coal,29.33782853175264,,29.33782853175264
Spain,2019,1A2C,ABFLOW017,Natural gas,29.33782853175264,,29.33782853175264
Spain,2019,1A2C,ABFLOW017,Oil,29.33782853175264,,29.33782853175264
Spain,2019,1A2D,ABFLOW023,Coal,29.33782853175264,,29.33782853175264
Spain,2019,1A2D,ABFLOW023,Natural gas,29.33782853175264,,29.33782853175264
Spain,2019,1A2D,ABFLOW023,Oil,29.33782853175264,,29.33782853175264
Spain,2019,1A2E,ABFLOW022,Coal,29.33782853175264,,29.33782853175264
Spain,2019,1A2E,ABFLOW022,Natural gas,29.33782853175264,,29.33782853175264
Spain,2019,1A2E,ABFLOW022,Oil,29.33782853175264,,29.33782853175264
Spain,2019,1A2F,ABFLOW019,Coal,29.33782853175264,,29.33782853175264
Spain,2019,1A2F,ABFLOW019,Natural gas,29.33782853175264,,29.33782853175264
Spain,2019,1A2F,ABFLOW019,Oil,29.33782853175264,,29.33782853175264
Spain,2019,1A2G,ABFLOW020,Coal,29.33782853175264,,29.33782853175264
Spain,2019,1A2G,ABFLOW020,Natural gas,29.33782853175264,,29.33782853175264
Spain,2019,1A2G,ABFLOW020,Oil,29.33782853175264,,29.33782853175264
Spain,2019,1A2H,ABFLOW021,Coal,29.33782853175264,,29.33782853175264
Spain,2019,1A2H,ABFLOW021,Natural gas,29.33782853175264,,29.33782853175264
Spain,2019,1A2H,ABFLOW021,Oil,29.33782853175264,,29.33782853175264
Spain,2019,1A2I,ABFLOW013,Coal,29.33782853175264,,29.33782853175264
Spain,2019,1A2I,ABFLOW013,Natural gas,29.33782853175264,,29.33782853175264
Spain,2019,1A2I,ABFLOW013,Oil,29.33782853175264,,29.33782853175264
Spain,2019,1A2J,ABFLOW024,Coal,29.33782853175264,,29.33782853175264
Spain,2019,1A2J,ABFLOW024,Natural gas,29.33782853175264,,29.33782853175264
Spain,2019,1A2J,ABFLOW024,Oil,29.33782853175264,,29.33782853175264
Spain,2019,1A2K,ABFLOW014,Coal,29.33782853175264,,29.33782853175264
Spain,2019,1A2K,ABFLOW014,Natural gas,29.33782853175264,,29.33782853175264
Spain,2019,1A2K,ABFLOW014,Oil,29.33782853175264,,29.33782853175264
Spain,2019,1A2L,ABFLOW025,Coal,29.33782853175264,,29.33782853175264
Spain,2019,1A2L,ABFLOW025,Natural gas,29.33782853175264,,29.33782853175264
Spain,2019,1A2L,ABFLOW025,Oil,29.33782853175264,,29.33782853175264
Spain,2019,1A2M,ABFLOW026,Coal,29.33782853175264,,29.33782853175264
Spain,2019,1A2M,ABFLOW026,Natural gas,29.33782853175264,,29.33782853175264
Spain,2019,1A2M,ABFLOW026,Oil,29.33782853175264,,29.33782853175264
Spain,2019,1A3,ABFLOW027,Coal,,,0.0
Spain,2019,1A3,ABFLOW027,Natural gas,,,0.0
Spain,2019,1A3,ABFLOW027,Oil,,,0.0
Spain,2019,1A3A1,ABFLOW040,Coal,14.962292551193846,,14.962292551193846
Spain,2019,1A3A1,ABFLOW040,Natural gas,14.962292551193846,,14.962292551193846
Spain,2019,1A3A1,ABFLOW040,Oil,14.962292551193846,,14.962292551193846
Spain,2019,1A3A2,ABFLOW029,Coal,29.33782853175264,,29.33782853175264
Spain,2019,1A3A2,ABFLOW029,Natural gas,29.33782853175264,,29.33782853175264
Spain,2019,1A3A2,ABFLOW029,Oil,29.33782853175264,,29.33782853175264
Spain,2019,1A3B,ABFLOW028,Coal,,,0.0
Spain,2019,1A3B,ABFLOW028,Natural gas,,,0.0
Spain,2019,1A3B,ABFLOW028,Oil,,,0.0
Spain,2019,1A3C,ABFLOW030,Coal,,,0.0
Spain,2019,1A3C,ABFLOW030,Natural gas,,,0.0
Spain,2019,1A3C,ABFLOW030,Oil,,,0.0
Spain,2019,1A3D1,ABFLOW039,Coal,,,0.0
Spain,2019,1A3D1,ABFLOW039,Natural gas,,,0.0
Spain,2019,1A3D1,ABFLOW039,Oil,,,0.0
Spain,2019,1A3D2,ABFLOW032,Coal,,,0.0
Spain,2019,1A3D2,ABFLOW032,Natural gas,,,0.0
Spain,2019,1A3D2,ABFLOW032,Oil,,,0.0
Spain,2019,1A3E1,ABFLOW033,Coal,,,0.0
Spain,2019,1A3E1,ABFLOW033,Natural gas,,,0.0
Spain,2019,1A3E1,ABFLOW033,Oil,,,0.0
Spain,2019,1A4A,ABFLOW035,Coal,,,0.0
Spain,2019,1A4A,ABFLOW035,Natural gas,,,0.0
Spain,2019,1A4A,ABFLOW035,Oil,,,0.0
Spain,2019,1A4B,ABFLOW034,Coal,,,0.0
Spain,2019,1A4B,ABFLOW034,Natural gas,,,0.0
Spain,2019,1A4B,ABFLOW034,Oil,,,0.0
Spain,2019,1A4C1,ABFLOW036,Coal,,,0.0
Spain,2019,1A4C1,ABFLOW036,Natural gas,,,0.0
Spain,2019,1A4C1,ABFLOW036,Oil,,,0.0
Spain,2019,1A4C2,ABFLOW037,Coal,,,0.0
Spain,2019,1A4C2,ABFLOW037,Natural gas,,,0.0
Spain,2019,1A4C2,ABFLOW037,Oil,,,0.0
Spain,2019,1A5,ABFLOW038,Coal,,,0.0
Spain,2019,1A5,ABFLOW038,Natural gas,,,0.0
Spain,2019,1A5,ABFLOW038,Oil,,,0.0
Spain,2020,1A,ABFLOW001,Coal,,,0.0
Spain,2020,1A,ABFLOW001,Natural gas,,,0.0
Spain,2020,1A,ABFLOW001,Oil,,,0.0
Spain,2020,1A1A,ABFLOW002,Coal,,,0.0
Spain,2020,1A1A,ABFLOW002,Natural gas,,,0.0
Spain,2020,1A1A,ABFLOW002,Oil,,,0.0
Spain,2020,1A1A1,ABFLOW003,Coal,28.86897821198494,,28.86897821198494
Spain,2020,1A1A1,ABFLOW003,Natural gas,28.86897821198494,,28.86897821198494
Spain,2020,1A1A1,ABFLOW003,Oil,28.86897821198494,,28.86897821198494
Spain,2020,1A1A2,ABFLOW004,Coal,28.86897821198494,,28.86897821198494
Spain,2020,1A1A2,ABFLOW004,Natural gas,28.86897821198494,,28.86897821198494
Spain,2020,1A1A2,ABFLOW004,Oil,28.86897821198494,,28.86897821198494
Spain,2020,1A1A3,ABFLOW005,Coal,28.86897821198494,,28.86897821198494
Spain,2020,1A1A3,ABFLOW005,Natural gas,28.86897821198494,,28.86897821198494
Spain,2020,1A1A3,ABFLOW005,Oil,28.86897821198494,,28.86897821198494
Spain,2020,1A1B,ABFLOW011,Coal,28.86897821198494,,28.86897821198494
Spain,2020,1A1B,ABFLOW011,Natural gas,28.86897821198494,,28.86897821198494
Spain,2020,1A1B,ABFLOW011,Oil,28.86897821198494,,28.86897821198494
Spain,2020,1A1C,ABFLOW011,Coal,28.86897821198494,,28.86897821198494
Spain,2020,1A1C,ABFLOW011,Natural gas,28.86897821198494,,28.86897821198494
Spain,2020,1A1C,ABFLOW011,Oil,28.86897821198494,,28.86897821198494
Spain,2020,1A2,ABFLOW012,Coal,,,0.0
Spain,2020,1A2,ABFLOW012,Natural gas,,,0.0
Spain,2020,1A2,ABFLOW012,Oil,,,0.0
Spain,2020,1A2A,ABFLOW016,Coal,28.86897821198494,,28.86897821198494
Spain,2020,1A2A,ABFLOW016,Natural gas,28.86897821198494,,28.86897821198494
Spain,2020,1A2A,ABFLOW016,Oil,28.86897821198494,,28.86897821198494
Spain,2020,1A2B,ABFLOW018,Coal,28.86897821198494,,28.86897821198494
Spain,2020,1A2B,ABFLOW018,Natural gas,28.86897821198494,,28.86897821198494
Spain,2020,1A2B,ABFLOW018,Oil,28.86897821198494,,28.86897821198494
Spain,2020,1A2C,ABFLOW017,Coal,28.86897821198494,,28.86897821198494
Spain,2020,1A2C,ABFLOW017,Natural gas,28.86897821198494,,28.86897821198494
Spain,2020,1A2C,ABFLOW017,Oil,28.86897821198494,,28.86897821198494
Spain,2020,1A2D,ABFLOW023,Coal,28.86897821198494,,28.86897821198494
Spain,2020,1A2D,ABFLOW023,Natural gas,28.86897821198494,,28.86897821198494
Spain,2020,1A2D,ABFLOW023,Oil,28.86897821198494,,28.86897821198494
Spain,2020,1A2E,ABFLOW022,Coal,28.86897821198494,,28.86897821198494
Spain,2020,1A2E,ABFLOW022,Natural gas,28.86897821198494,,28.86897821198494
Spain,2020,1A2E,ABFLOW022,Oil,28.86897821198494,,28.86897821198494
Spain,2020,1A2F,ABFLOW019,Coal,28.86897821198494,,28.86897821198494
Spain,2020,1A2F,ABFLOW019,Natural gas,28.86897821198494,,28.86897821198494
Spain,2020,1A2F,ABFLOW019,Oil,28.86897821198494,,28.86897821198494
Spain,2020,1A2G,ABFLOW020,Coal,28.86897821198494,,28.86897821198494
Spain,2020,1A2G,ABFLOW020,Natural gas,28.86897821198494,,28.86897821198494
Spain,2020,1A2G,ABFLOW020,Oil,28.86897821198494,,28.86897821198494
Spain,2020,1A2H,ABFLOW021,Coal,28.86897821198494,,28.86897821198494
Spain,2020,1A2H,ABFLOW021,Natural gas,28.86897821198494,,28.86897821198494
Spain,2020,1A2H,ABFLOW021,Oil,28.86897821198494,,28.86897821198494
Spain,2020,1A2I,ABFLOW013,Coal,28.86897821198494,,28.86897821198494
Spain,2020,1A2I,ABFLOW013,Natural gas,28.86897821198494,,28.86897821198494
Spain,2020,1A2I,ABFLOW013,Oil,28.86897821198494,,28.86897821198494
Spain,2020,1A2J,ABFLOW024,Coal,28.86897821198494,,28.86897821198494
Spain,2020,1A2J,ABFLOW024,Natural gas,28.86897821198494,,28.86897821198494
Spain,2020,1A2J,ABFLOW024,Oil,28.86897821198494,,28.86897821198494
Spain,2020,1A2K,ABFLOW014,Coal,28.86897821198494,,28.86897821198494
Spain,2020,1A2K,ABFLOW014,Natural gas,28.86897821198494,,28.86897821198494
Spain,2020,1A2K,ABFLOW014,Oil,28.86897821198494,,28.86897821198494
Spain,2020,1A2L,ABFLOW025,Coal,28.86897821198494,,28.86897821198494
Spain,2020,1A2L,ABFLOW025,Natural gas,28.86897821198494,,28.86897821198494
Spain,2020,1A2L,ABFLOW025,Oil,28.86897821198494,,28.86897821198494
Spain,2020,1A2M,ABFLOW026,Coal,28.86897821198494,,28.86897821198494
Spain,2020,1A2M,ABFLOW026,Natural gas,28.86897821198494,,28.86897821198494
Spain,2020,1A2M,ABFLOW026,Oil,28.86897821198494,,28.86897821198494
Spain,2020,1A3,ABFLOW027,Coal,,,0.0
Spain,2020,1A3,ABFLOW027,Natural gas,,,0.0
Spain,2020,1A3,ABFLOW027,Oil,,,0.0
Spain,2020,1A3A1,ABFLOW040,Coal,14.723178888112319,,14.723178888112319
Spain,2020,1A3A1,ABFLOW040,Natural gas,14.723178888112319,,14.723178888112319
Spain,2020,1A3A1,ABFLOW040,Oil,14.723178888112319,,14.723178888112319
Spain,2020,1A3A2,ABFLOW029,Coal,28.86897821198494,,28.86897821198494
Spain,2020,1A3A2,ABFLOW029,Natural gas,28.86897821198494,,28.86897821198494
Spain,2020,1A3A2,ABFLOW029,Oil,28.86897821198494,,28.86897821198494
Spain,2020,1A3B,ABFLOW028,Coal,,,0.0
Spain,2020,1A3B,ABFLOW028,Natural gas,,,0.0
Spain,2020,1A3B,ABFLOW028,Oil,,,0.0
Spain,2020,1A3C,ABFLOW030,Coal,,,0.0
Spain,2020,1A3C,ABFLOW030,Natural gas,,,0.0
Spain,2020,1A3C,ABFLOW030,Oil,,,0.0
Spain,2020,1A3D1,ABFLOW039,Coal,,,0.0
Spain,2020,1A3D1,ABFLOW039,Natural gas,,,0.0
Spain,2020,1A3D1,ABFLOW039,Oil,,,0.0
Spain,2020,1A3D2,ABFLOW032,Coal,,,0.0
Spain,2020,1A3D2,ABFLOW032,Natural gas,,,0.0
Spain,2020,1A3D2,ABFLOW032,Oil,,,0.0
Spain,2020,1A3E1,ABFLOW033,Coal,,,0.0
Spain,2020,1A3E1,ABFLOW033,Natural gas,,,0.0
Spain,2020,1A3E1,ABFLOW033,Oil,,,0.0
Spain,2020,1A4A,ABFLOW035,Coal,,,0.0
Spain,2020,1A4A,ABFLOW035,Natural gas,,,0.0
Spain,2020,1A4A,ABFLOW035,Oil,,,0.0
Spain,2020,1A4B,ABFLOW034,Coal,,,0.0
Spain,2020,1A4B,ABFLOW034,Natural gas,,,0.0
Spain,2020,1A4B,ABFLOW034,Oil,,,0.0
Spain,2020,1A4C1,ABFLOW036,Coal,,,0.0
Spain,2020,1A4C1,ABFLOW036,Natural gas,,,0.0
Spain,2020,1A4C1,ABFLOW036,Oil,,,0.0
Spain,2020,1A4C2,ABFLOW037,Coal,,,0.0
Spain,2020,1A4C2,ABFLOW037,Natural gas,,,0.0
Spain,2020,1A4C2,ABFLOW037,Oil,,,0.0
Spain,2020,1A5,ABFLOW038,Coal,,,0.0
Spain,2020,1A5,ABFLOW038,Natural gas,,,0.0
Spain,2020,1A5,ABFLOW038,Oil,,,0.0
Spain,2021,1A,ABFLOW001,Coal,,,0.0
Spain,2021,1A,ABFLOW001,Natural gas,,,0.0
Spain,2021,1A,ABFLOW001,Oil,,,0.0
Spain,2021,1A1A,ABFLOW002,Coal,,,0.0
Spain,2021,1A1A,ABFLOW002,Natural gas,,,0.0
Spain,2021,1A1A,ABFLOW002,Oil,,,0.0
Spain,2021,1A1A1,ABFLOW003,Coal,60.89193727539277,,60.89193727539277
Spain,2021,1A1A1,ABFLOW003,Natural gas,60.89193727539277,,60.89193727539277
Spain,2021,1A1A1,ABFLOW003,Oil,60.89193727539277,,60.89193727539277
Spain,2021,1A1A2,ABFLOW004,Coal,60.89193727539277,,60.89193727539277
Spain,2021,1A1A2,ABFLOW004,Natural gas,60.89193727539277,,60.89193727539277
Spain,2021,1A1A2,ABFLOW004,Oil,60.89193727539277,,60.89193727539277
Spain,2021,1A1A3,ABFLOW005,Coal,60.89193727539277,,60.89193727539277
Spain,2021,1A1A3,ABFLOW005,Natural gas,60.89193727539277,,60.89193727539277
Spain,2021,1A1A3,ABFLOW005,Oil,60.89193727539277,,60.89193727539277
Spain,2021,1A1B,ABFLOW011,Coal,60.89193727539277,,60.89193727539277
Spain,2021,1A1B,ABFLOW011,Natural gas,60.89193727539277,,60.89193727539277
Spain,2021,1A1B,ABFLOW011,Oil,60.89193727539277,,60.89193727539277
Spain,2021,1A1C,ABFLOW011,Coal,60.89193727539277,,60.89193727539277
Spain,2021,1A1C,ABFLOW011,Natural gas,60.89193727539277,,60.89193727539277
Spain,2021,1A1C,ABFLOW011,Oil,60.89193727539277,,60.89193727539277
Spain,2021,1A2,ABFLOW012,Coal,,,0.0
Spain,2021,1A2,ABFLOW012,Natural gas,,,0.0
Spain,2021,1A2,ABFLOW012,Oil,,,0.0
Spain,2021,1A2A,ABFLOW016,Coal,60.89193727539277,,60.89193727539277
Spain,2021,1A2A,ABFLOW016,Natural gas,60.89193727539277,,60.89193727539277
Spain,2021,1A2A,ABFLOW016,Oil,60.89193727539277,,60.89193727539277
Spain,2021,1A2B,ABFLOW018,Coal,60.89193727539277,,60.89193727539277
Spain,2021,1A2B,ABFLOW018,Natural gas,60.89193727539277,,60.89193727539277
Spain,2021,1A2B,ABFLOW018,Oil,60.89193727539277,,60.89193727539277
Spain,2021,1A2C,ABFLOW017,Coal,60.89193727539277,,60.89193727539277
Spain,2021,1A2C,ABFLOW017,Natural gas,60.89193727539277,,60.89193727539277
Spain,2021,1A2C,ABFLOW017,Oil,60.89193727539277,,60.89193727539277
Spain,2021,1A2D,ABFLOW023,Coal,60.89193727539277,,60.89193727539277
Spain,2021,1A2D,ABFLOW023,Natural gas,60.89193727539277,,60.89193727539277
Spain,2021,1A2D,ABFLOW023,Oil,60.89193727539277,,60.89193727539277
Spain,2021,1A2E,ABFLOW022,Coal,60.89193727539277,,60.89193727539277
Spain,2021,1A2E,ABFLOW022,Natural gas,60.89193727539277,,60.89193727539277
Spain,2021,1A2E,ABFLOW022,Oil,60.89193727539277,,60.89193727539277
Spain,2021,1A2F,ABFLOW019,Coal,60.89193727539277,,60.89193727539277
Spain,2021,1A2F,ABFLOW019,Natural gas,60.89193727539277,,60.89193727539277
Spain,2021,1A2F,ABFLOW019,Oil,60.89193727539277,,60.89193727539277
Spain,2021,1A2G,ABFLOW020,Coal,60.89193727539277,,60.89193727539277
Spain,2021,1A2G,ABFLOW020,Natural gas,60.89193727539277,,60.89193727539277
Spain,2021,1A2G,ABFLOW020,Oil,60.89193727539277,,60.89193727539277
Spain,2021,1A2H,ABFLOW021,Coal,60.89193727539277,,60.89193727539277
Spain,2021,1A2H,ABFLOW021,Natural gas,60.89193727539277,,60.89193727539277
Spain,2021,1A2H,ABFLOW021,Oil,60.89193727539277,,60.89193727539277
Spain,2021,1A2I,ABFLOW013,Coal,60.89193727539277,,60.89193727539277
Spain,2021,1A2I,ABFLOW013,Natural gas,60.89193727539277,,60.89193727539277
Spain,2021,1A2I,ABFLOW013,Oil,60.89193727539277,,60.89193727539277
Spain,2021,1A2J,ABFLOW024,Coal,60.89193727539277,,60.89193727539277
Spain,2021,1A2J,ABFLOW024,Natural gas,60.89193727539277,,60.89193727539277
Spain,2021,1A2J,ABFLOW024,Oil,60.89193727539277,,60.89193727539277
Spain,2021,1A2K,ABFLOW014,Coal,60.89193727539277,,60.89193727539277
Spain,2021,1A2K,ABFLOW014,Natural gas,60.89193727539277,,60.89193727539277
Spain,2021,1A2K,ABFLOW014,Oil,60.89193727539277,,60.89193727539277
Spain,2021,1A2L,ABFLOW025,Coal,60.89193727539277,,60.89193727539277
Spain,2021,1A2L,ABFLOW025,Natural gas,60.89193727539277,,60.89193727539277
Spain,2021,1A2L,ABFLOW025,Oil,60.89193727539277,,60.89193727539277
Spain,2021,1A2M,ABFLOW026,Coal,60.89193727539277,,60.89193727539277
Spain,2021,1A2M,ABFLOW026,Natural gas,60.89193727539277,,60.89193727539277
Spain,2021,1A2M,ABFLOW026,Oil,60.89193727539277,,60.89193727539277
Spain,2021,1A3,ABFLOW027,Coal,,,0.0
Spain,2021,1A3,ABFLOW027,Natural gas,,,0.0
Spain,2021,1A3,ABFLOW027,Oil,,,0.0
Spain,2021,1A3A1,ABFLOW040,Coal,31.054888010450313,,31.054888010450313
Spain,2021,1A3A1,ABFLOW040,Natural gas,31.054888010450313,,31.054888010450313
Spain,2021,1A3A1,ABFLOW040,Oil,31.054888010450313,,31.054888010450313
Spain,2021,1A3A2,ABFLOW029,Coal,60.89193727539277,,60.89193727539277
Spain,2021,1A3A2,ABFLOW029,Natural gas,60.89193727539277,,60.89193727539277
Spain,2021,1A3A2,ABFLOW029,Oil,60.89193727539277,,60.89193727539277
Spain,2021,1A3B,ABFLOW028,Coal,,,0.0
Spain,2021,1A3B,ABFLOW028,Natural gas,,,0.0
Spain,2021,1A3B,ABFLOW028,Oil,,,0.0
Spain,2021,1A3C,ABFLOW030,Coal,,,0.0
Spain,2021,1A3C,ABFLOW030,Natural gas,,,0.0
Spain,2021,1A3C,ABFLOW030,Oil,,,0.0
Spain,2021,1A3D1,ABFLOW039,Coal,,,0.0
Spain,2021,1A3D1,ABFLOW039,Natural gas,,,0.0
Spain,2021,1A3D1,ABFLOW039,Oil,,,0.0
Spain,2021,1A3D2,ABFLOW032,Coal,,,0.0
Spain,2021,1A3D2,ABFLOW032,Natural gas,,,0.0
Spain,2021,1A3D2,ABFLOW032,Oil,,,0.0
Spain,2021,1A3E1,ABFLOW033,Coal,,,0.0
Spain,2021,1A3E1,ABFLOW033,Natural gas,,,0.0
Spain,2021,1A3E1,ABFLOW033,Oil,,,0.0
Spain,2021,1A4A,ABFLOW035,Coal,,,0.0
Spain,2021,1A4A,ABFLOW035,Natural gas,,,0.0
Spain,2021,1A4A,ABFLOW035,Oil,,,0.0
Spain,2021,1A4B,ABFLOW034,Coal,,,0.0
Spain,2021,1A4B,ABFLOW034,Natural gas,,,0.0
Spain,2021,1A4B,ABFLOW034,Oil,,,0.0
Spain,2021,1A4C1,ABFLOW036,Coal,,,0.0
Spain,2021,1A4C1,ABFLOW036,Natural gas,,,0.0
Spain,2021,1A4C1,ABFLOW036,Oil,,,0.0
Spain,2021,1A4C2,ABFLOW037,Coal,,,0.0
Spain,2021,1A4C2,ABFLOW037,Natural gas,,,0.0
Spain,2021,1A4C2,ABFLOW037,Oil,,,0.0
Spain,2021,1A5,ABFLOW038,Coal,,,0.0
Spain,2021,1A5,ABFLOW038,Natural gas,,,0.0
Spain,2021,1A5,ABFLOW038,Oil,,,0.0
Spain,2022,1A,ABFLOW001,Coal,,,0.0
Spain,2022,1A,ABFLOW001,Natural gas,,,0.0
Spain,2022,1A,ABFLOW001,Oil,,,0.0
Spain,2022,1A1A,ABFLOW002,Coal,,,0.0
Spain,2022,1A1A,ABFLOW002,Natural gas,,,0.0
Spain,2022,1A1A,ABFLOW002,Oil,,,0.0
Spain,2022,1A1A1,ABFLOW003,Coal,87.87928001105384,,87.87928001105384
Spain,2022,1A1A1,ABFLOW003,Natural gas,87.87928001105384,,87.87928001105384
Spain,2022,1A1A1,ABFLOW003,Oil,87.87928001105384,,87.87928001105384
Spain,2022,1A1A2,ABFLOW004,Coal,87.87928001105384,,87.87928001105384
Spain,2022,1A1A2,ABFLOW004,Natural gas,87.87928001105384,,87.87928001105384
Spain,2022,1A1A2,ABFLOW004,Oil,87.87928001105384,,87.87928001105384
Spain,2022,1A1A3,ABFLOW005,Coal,87.87928001105384,,87.87928001105384
Spain,2022,1A1A3,ABFLOW005,Natural gas,87.87928001105384,,87.87928001105384
Spain,2022,1A1A3,ABFLOW005,Oil,87.87928001105384,,87.87928001105384
Spain,2022,1A1B,ABFLOW011,Coal,87.87928001105384,,87.87928001105384
Spain,2022,1A1B,ABFLOW011,Natural gas,87.87928001105384,,87.87928001105384
Spain,2022,1A1B,ABFLOW011,Oil,87.87928001105384,,87.87928001105384
Spain,2022,1A1C,ABFLOW011,Coal,87.87928001105384,,87.87928001105384
Spain,2022,1A1C,ABFLOW011,Natural gas,87.87928001105384,,87.87928001105384
Spain,2022,1A1C,ABFLOW011,Oil,87.87928001105384,,87.87928001105384
Spain,2022,1A2,ABFLOW012,Coal,,,0.0
Spain,2022,1A2,ABFLOW012,Natural gas,,,0.0
Spain,2022,1A2,ABFLOW012,Oil,,,0.0
Spain,2022,1A2A,ABFLOW016,Coal,87.87928001105384,,87.87928001105384
Spain,2022,1A2A,ABFLOW016,Natural gas,87.87928001105384,,87.87928001105384
Spain,2022,1A2A,ABFLOW016,Oil,87.87928001105384,,87.87928001105384
Spain,2022,1A2B,ABFLOW018,Coal,87.87928001105384,,87.87928001105384
Spain,2022,1A2B,ABFLOW018,Natural gas,87.87928001105384,,87.87928001105384
Spain,2022,1A2B,ABFLOW018,Oil,87.87928001105384,,87.87928001105384
Spain,2022,1A2C,ABFLOW017,Coal,87.87928001105384,,87.87928001105384
Spain,2022,1A2C,ABFLOW017,Natural gas,87.87928001105384,,87.87928001105384
Spain,2022,1A2C,ABFLOW017,Oil,87.87928001105384,,87.87928001105384
Spain,2022,1A2D,ABFLOW023,Coal,87.87928001105384,,87.87928001105384
Spain,2022,1A2D,ABFLOW023,Natural gas,87.87928001105384,,87.87928001105384
Spain,2022,1A2D,ABFLOW023,Oil,87.87928001105384,,87.87928001105384
Spain,2022,1A2E,ABFLOW022,Coal,87.87928001105384,,87.87928001105384
Spain,2022,1A2E,ABFLOW022,Natural gas,87.87928001105384,,87.87928001105384
Spain,2022,1A2E,ABFLOW022,Oil,87.87928001105384,,87.87928001105384
Spain,2022,1A2F,ABFLOW019,Coal,87.87928001105384,,87.87928001105384
Spain,2022,1A2F,ABFLOW019,Natural gas,87.87928001105384,,87.87928001105384
Spain,2022,1A2F,ABFLOW019,Oil,87.87928001105384,,87.87928001105384
Spain,2022,1A2G,ABFLOW020,Coal,87.87928001105384,,87.87928001105384
Spain,2022,1A2G,ABFLOW020,Natural gas,87.87928001105384,,87.87928001105384
Spain,2022,1A2G,ABFLOW020,Oil,87.87928001105384,,87.87928001105384
Spain,2022,1A2H,ABFLOW021,Coal,87.87928001105384,,87.87928001105384
Spain,2022,1A2H,ABFLOW021,Natural gas,87.87928001105384,,87.87928001105384
Spain,2022,1A2H,ABFLOW021,Oil,87.87928001105384,,87.87928001105384
Spain,2022,1A2I,ABFLOW013,Coal,87.87928001105384,,87.87928001105384
Spain,2022,1A2I,ABFLOW013,Natural gas,87.87928001105384,,87.87928001105384
Spain,2022,1A2I,ABFLOW013,Oil,87.87928001105384,,87.87928001105384
Spain,2022,1A2J,ABFLOW024,Coal,87.87928001105384,,87.87928001105384
Spain,2022,1A2J,ABFLOW024,Natural gas,87.87928001105384,,87.87928001105384
Spain,2022,1A2J,ABFLOW024,Oil,87.87928001105384,,87.87928001105384
Spain,2022,1A2K,ABFLOW014,Coal,87.87928001105384,,87.87928001105384
Spain,2022,1A2K,ABFLOW014,Natural gas,87.87928001105384,,87.87928001105384
Spain,2022,1A2K,ABFLOW014,Oil,87.87928001105384,,87.87928001105384
Spain,2022,1A2L,ABFLOW025,Coal,87.87928001105384,,87.87928001105384
Spain,2022,1A2L,ABFLOW025,Natural gas,87.87928001105384,,87.87928001105384
Spain,2022,1A2L,ABFLOW025,Oil,87.87928001105384,,87.87928001105384
Spain,2022,1A2M,ABFLOW026,Coal,87.87928001105384,,87.87928001105384
Spain,2022,1A2M,ABFLOW026,Natural gas,87.87928001105384,,87.87928001105384
Spain,2022,1A2M,ABFLOW026,Oil,87.87928001105384,,87.87928001105384
Spain,2022,1A3,ABFLOW027,Coal,,,0.0
Spain,2022,1A3,ABFLOW027,Natural gas,,,0.0
Spain,2022,1A3,ABFLOW027,Oil,,,0.0
Spain,2022,1A3A1,ABFLOW040,Coal,44.81843280563746,,44.81843280563746
Spain,2022,1A3A1,ABFLOW040,Natural gas,44.81843280563746,,44.81843280563746
Spain,2022,1A3A1,ABFLOW040,Oil,44.81843280563746,,44.81843280563746
Spain,2022,1A3A2,ABFLOW029,Coal,87.87928001105384,,87.87928001105384
Spain,2022,1A3A2,ABFLOW029,Natural gas,87.87928001105384,,87.87928001105384
Spain,2022,1A3A2,ABFLOW029,Oil,87.87928001105384,,87.87928001105384
Spain,2022,1A3B,ABFLOW028,Coal,,,0.0
Spain,2022,1A3B,ABFLOW028,Natural gas,,,0.0
Spain,2022,1A3B,ABFLOW028,Oil,,,0.0
Spain,2022,1A3C,ABFLOW030,Coal,,,0.0
Spain,2022,1A3C,ABFLOW030,Natural gas,,,0.0
Spain,2022,1A3C,ABFLOW030,Oil,,,0.0
Spain,2022,1A3D1,ABFLOW039,Coal,,,0.0
Spain,2022,1A3D1,ABFLOW039,Natural gas,,,0.0
Spain,2022,1A3D1,ABFLOW039,Oil,,,0.0
Spain,2022,1A3D2,ABFLOW032,Coal,,,0.0
Spain,2022,1A3D2,ABFLOW032,Natural gas,,,0.0
Spain,2022,1A3D2,ABFLOW032,Oil,,,0.0
Spain,2022,1A3E1,ABFLOW033,Coal,,,0.0
Spain,2022,1A3E1,ABFLOW033,Natural gas,,,0.0
Spain,2022,1A3E1,ABFLOW033,Oil,,,0.0
Spain,2022,1A4A,ABFLOW035,Coal,,,0.0
Spain,2022,1A4A,ABFLOW035,Natural gas,,,0.0
Spain,2022,1A4A,ABFLOW035,Oil,,,0.0
Spain,2022,1A4B,ABFLOW034,Coal,,,0.0
Spain,2022,1A4B,ABFLOW034,Natural gas,,,0.0
Spain,2022,1A4B,ABFLOW034,Oil,,,0.0
Spain,2022,1A4C1,ABFLOW036,Coal,,,0.0
Spain,2022,1A4C1,ABFLOW036,Natural gas,,,0.0
Spain,2022,1A4C1,ABFLOW036,Oil,,,0.0
Spain,2022,1A4C2,ABFLOW037,Coal,,,0.0
Spain,2022,1A4C2,ABFLOW037,Natural gas,,,0.0
Spain,2022,1A4C2,ABFLOW037,Oil,,,0.0
Spain,2022,1A5,ABFLOW038,Coal,,,0.0
Spain,2022,1A5,ABFLOW038,Natural gas,,,0.0
Spain,2022,1A5,ABFLOW038,Oil,,,0.0
Spain,2023,1A,ABFLOW001,Coal,,,0.0
Spain,2023,1A,ABFLOW001,Natural gas,,,0.0
Spain,2023,1A,ABFLOW001,Oil,,,0.0
Spain,2023,1A1A,ABFLOW002,Coal,,,0.0
Spain,2023,1A1A,ABFLOW002,Natural gas,,,0.0
Spain,2023,1A1A,ABFLOW002,Oil,,,0.0
Spain,2023,1A1A1,ABFLOW003,Coal,85.66475546311513,,85.66475546311513
Spain,2023,1A1A1,ABFLOW003,Natural gas,85.66475546311513,,85.66475546311513
Spain,2023,1A1A1,ABFLOW003,Oil,85.66475546311513,,85.66475546311513
Spain,2023,1A1A2,ABFLOW004,Coal,85.66475546311513,,85.66475546311513
Spain,2023,1A1A2,ABFLOW004,Natural gas,85.66475546311513,,85.66475546311513
Spain,2023,1A1A2,ABFLOW004,Oil,85.66475546311513,,85.66475546311513
Spain,2023,1A1A3,ABFLOW005,Coal,85.66475546311513,,85.66475546311513
Spain,2023,1A1A3,ABFLOW005,Natural gas,85.66475546311513,,85.66475546311513
Spain,2023,1A1A3,ABFLOW005,Oil,85.66475546311513,,85.66475546311513
Spain,2023,1A1B,ABFLOW011,Coal,85.66475546311513,,85.66475546311513
Spain,2023,1A1B,ABFLOW011,Natural gas,85.66475546311513,,85.66475546311513
Spain,2023,1A1B,ABFLOW011,Oil,85.66475546311513,,85.66475546311513
Spain,2023,1A1C,ABFLOW011,Coal,85.66475546311513,,85.66475546311513
Spain,2023,1A1C,ABFLOW011,Natural gas,85.66475546311513,,85.66475546311513
Spain,2023,1A1C,ABFLOW011,Oil,85.66475546311513,,85.66475546311513
Spain,2023,1A2,ABFLOW012,Coal,,,0.0
Spain,2023,1A2,ABFLOW012,Natural gas,,,0.0
Spain,2023,1A2,ABFLOW012,Oil,,,0.0
Spain,2023,1A2A,ABFLOW016,Coal,85.66475546311513,,85.66475546311513
Spain,2023,1A2A,ABFLOW016,Natural gas,85.66475546311513,,85.66475546311513
Spain,2023,1A2A,ABFLOW016,Oil,85.66475546311513,,85.66475546311513
Spain,2023,1A2B,ABFLOW018,Coal,85.66475546311513,,85.66475546311513
Spain,2023,1A2B,ABFLOW018,Natural gas,85.66475546311513,,85.66475546311513
Spain,2023,1A2B,ABFLOW018,Oil,85.66475546311513,,85.66475546311513
Spain,2023,1A2C,ABFLOW017,Coal,85.66475546311513,,85.66475546311513
Spain,2023,1A2C,ABFLOW017,Natural gas,85.66475546311513,,85.66475546311513
Spain,2023,1A2C,ABFLOW017,Oil,85.66475546311513,,85.66475546311513
Spain,2023,1A2D,ABFLOW023,Coal,85.66475546311513,,85.66475546311513
Spain,2023,1A2D,ABFLOW023,Natural gas,85.66475546311513,,85.66475546311513
Spain,2023,1A2D,ABFLOW023,Oil,85.66475546311513,,85.66475546311513
Spain,2023,1A2E,ABFLOW022,Coal,85.66475546311513,,85.66475546311513
Spain,2023,1A2E,ABFLOW022,Natural gas,85.66475546311513,,85.66475546311513
Spain,2023,1A2E,ABFLOW022,Oil,85.66475546311513,,85.66475546311513
Spain,2023,1A2F,ABFLOW019,Coal,85.66475546311513,,85.66475546311513
Spain,2023,1A2F,ABFLOW019,Natural gas,85.66475546311513,,85.66475546311513
Spain,2023,1A2F,ABFLOW019,Oil,85.66475546311513,,85.66475546311513
Spain,2023,1A2G,ABFLOW020,Coal,85.66475546311513,,85.66475546311513
Spain,2023,1A2G,ABFLOW020,Natural gas,85.66475546311513,,85.66475546311513
Spain,2023,1A2G,ABFLOW020,Oil,85.66475546311513,,85.66475546311513
Spain,2023,1A2H,ABFLOW021,Coal,85.66475546311513,,85.66475546311513
Spain,2023,1A2H,ABFLOW021,Natural gas,85.66475546311513,,85.66475546311513
Spain,2023,1A2H,ABFLOW021,Oil,85.66475546311513,,85.66475546311513
Spain,2023,1A2I,ABFLOW013,Coal,85.66475546311513,,85.66475546311513
Spain,2023,1A2I,ABFLOW013,Natural gas,85.66475546311513,,85.66475546311513
Spain,2023,1A2I,ABFLOW013,Oil,85.66475546311513,,85.66475546311513
Spain,2023,1A2J,ABFLOW024,Coal,85.66475546311513,,85.66475546311513
Spain,2023,1A2J,ABFLOW024,Natural gas,85.66475546311513,,85.66475546311513
Spain,2023,1A2J,ABFLOW024,Oil,85.66475546311513,,85.66475546311513
Spain,2023,1A2K,ABFLOW014,Coal,85.66475546311513,,85.66475546311513
Spain,2023,1A2K,ABFLOW014,Natural gas,85.66475546311513,,85.66475546311513
Spain,2023,1A2K,ABFLOW014,Oil,85.66475546311513,,85.66475546311513
Spain,2023,1A2L,ABFLOW025,Coal,85.66475546311513,,85.66475546311513
Spain,2023,1A2L,ABFLOW025,Natural gas,85.66475546311513,,85.66475546311513
Spain,2023,1A2L,ABFLOW025,Oil,85.66475546311513,,85.66475546311513
Spain,2023,1A2M,ABFLOW026,Coal,85.66475546311513,,85.66475546311513
Spain,2023,1A2M,ABFLOW026,Natural gas,85.66475546311513,,85.66475546311513
Spain,2023,1A2M,ABFLOW026,Oil,85.66475546311513,,85.66475546311513
Spain,2023,1A3,ABFLOW027,Coal,,,0.0
Spain,2023,1A3,ABFLOW027,Natural gas,,,0.0
Spain,2023,1A3,ABFLOW027,Oil,,,0.0
Spain,2023,1A3A1,ABFLOW040,Coal,43.689025286188716,,43.689025286188716
Spain,2023,1A3A1,ABFLOW040,Natural gas,43.689025286188716,,43.689025286188716
Spain,2023,1A3A1,ABFLOW040,Oil,43.689025286188716,,43.689025286188716
Spain,2023,1A3A2,ABFLOW029,Coal,85.66475546311513,,85.66475546311513
Spain,2023,1A3A2,ABFLOW029,Natural gas,85.66475546311513,,85.66475546311513
Spain,2023,1A3A2,ABFLOW029,Oil,85.66475546311513,,85.66475546311513
Spain,2023,1A3B,ABFLOW028,Coal,,,0.0
Spain,2023,1A3B,ABFLOW028,Natural gas,,,0.0
Spain,2023,1A3B,ABFLOW028,Oil,,,0.0
Spain,2023,1A3C,ABFLOW030,Coal,,,0.0
Spain,2023,1A3C,ABFLOW030,Natural gas,,,0.0
Spain,2023,1A3C,ABFLOW030,Oil,,,0.0
Spain,2023,1A3D1,ABFLOW039,Coal,,,0.0
Spain,2023,1A3D1,ABFLOW039,Natural gas,,,0.0
Spain,2023,1A3D1,ABFLOW039,Oil,,,0.0
Spain,2023,1A3D2,ABFLOW032,Coal,,,0.0
Spain,2023,1A3D2,ABFLOW032,Natural gas,,,0.0
Spain,2023,1A3D2,ABFLOW032,Oil,,,0.0
Spain,2023,1A3E1,ABFLOW033,Coal,,,0.0
Spain,2023,1A3E1,ABFLOW033,Natural gas,,,0.0
Spain,2023,1A3E1,ABFLOW033,Oil,,,0.0
Spain,2023,1A4A,ABFLOW035,Coal,,,0.0
Spain,2023,1A4A,ABFLOW035,Natural gas,,,0.0
Spain,2023,1A4A,ABFLOW035,Oil,,,0.0
Spain,2023,1A4B,ABFLOW034,Coal,,,0.0
Spain,2023,1A4B,ABFLOW034,Natural gas,,,0.0
Spain,2023,1A4B,ABFLOW034,Oil,,,0.0
Spain,2023,1A4C1,ABFLOW036,Coal,,,0.0
Spain,2023,1A4C1,ABFLOW036,Natural gas,,,0.0
Spain,2023,1A4C1,ABFLOW036,Oil,,,0.0
Spain,2023,1A4C2,ABFLOW037,Coal,,,0.0
Spain,2023,1A4C2,ABFLOW037,Natural gas,,,0.0
Spain,2023,1A4C2,ABFLOW037,Oil,,,0.0
Spain,2023,1A5,ABFLOW038,Coal,,,0.0
Spain,2023,1A5,ABFLOW038,Natural gas,,,0.0
Spain,2023,1A5,ABFLOW038,Oil,,,0.0
Spain,2024,1A,ABFLOW001,Coal,,,0.0
Spain,2024,1A,ABFLOW001,Natural gas,,,0.0
Spain,2024,1A,ABFLOW001,Oil,,,0.0
Spain,2024,1A1A,ABFLOW002,Coal,,,0.0
Spain,2024,1A1A,ABFLOW002,Natural gas,,,0.0
Spain,2024,1A1A,ABFLOW002,Oil,,,0.0
Spain,2024,1A1A1,ABFLOW003,Coal,66.31813388214675,,66.31813388214675
Spain,2024,1A1A1,ABFLOW003,Natural gas,66.31813388214675,,66.31813388214675
Spain,2024,1A1A1,ABFLOW003,Oil,66.31813388214675,,66.31813388214675
Spain,2024,1A1A2,ABFLOW004,Coal,66.31813388214675,,66.31813388214675
Spain,2024,1A1A2,ABFLOW004,Natural gas,66.31813388214675,,66.31813388214675
Spain,2024,1A1A2,ABFLOW004,Oil,66.31813388214675,,66.31813388214675
Spain,2024,1A1A3,ABFLOW005,Coal,66.31813388214675,,66.31813388214675
Spain,2024,1A1A3,ABFLOW005,Natural gas,66.31813388214675,,66.31813388214675
Spain,2024,1A1A3,ABFLOW005,Oil,66.31813388214675,,66.31813388214675
Spain,2024,1A1B,ABFLOW011,Coal,66.31813388214675,,66.31813388214675
Spain,2024,1A1B,ABFLOW011,Natural gas,66.31813388214675,,66.31813388214675
Spain,2024,1A1B,ABFLOW011,Oil,66.31813388214675,,66.31813388214675
Spain,2024,1A1C,ABFLOW011,Coal,66.31813388214675,,66.31813388214675
Spain,2024,1A1C,ABFLOW011,Natural gas,66.31813388214675,,66.31813388214675
Spain,2024,1A1C,ABFLOW011,Oil,66.31813388214675,,66.31813388214675
Spain,2024,1A2,ABFLOW012,Coal,,,0.0
Spain,2024,1A2,ABFLOW012,Natural gas,,,0.0
Spain,2024,1A2,ABFLOW012,Oil,,,0.0
Spain,2024,1A2A,ABFLOW016,Coal,66.31813388214675,,66.31813388214675
Spain,2024,1A2A,ABFLOW016,Natural gas,66.31813388214675,,66.31813388214675
Spain,2024,1A2A,ABFLOW016,Oil,66.31813388214675,,66.31813388214675
Spain,2024,1A2B,ABFLOW018,Coal,66.31813388214675,,66.31813388214675
Spain,2024,1A2B,ABFLOW018,Natural gas,66.31813388214675,,66.31813388214675
Spain,2024,1A2B,ABFLOW018,Oil,66.31813388214675,,66.31813388214675
Spain,2024,1A2C,ABFLOW017,Coal,66.31813388214675,,66.31813388214675
Spain,2024,1A2C,ABFLOW017,Natural gas,66.31813388214675,,66.31813388214675
Spain,2024,1A2C,ABFLOW017,Oil,66.31813388214675,,66.31813388214675
Spain,2024,1A2D,ABFLOW023,Coal,66.31813388214675,,66.31813388214675
Spain,2024,1A2D,ABFLOW023,Natural gas,66.31813388214675,,66.31813388214675
Spain,2024,1A2D,ABFLOW023,Oil,66.31813388214675,,66.31813388214675
Spain,2024,1A2E,ABFLOW022,Coal,66.31813388214675,,66.31813388214675
Spain,2024,1A2E,ABFLOW022,Natural gas,66.31813388214675,,66.31813388214675
Spain,2024,1A2E,ABFLOW022,Oil,66.31813388214675,,66.31813388214675
Spain,2024,1A2F,ABFLOW019,Coal,66.31813388214675,,66.31813388214675
Spain,2024,1A2F,ABFLOW019,Natural gas,66.31813388214675,,66.31813388214675
Spain,2024,1A2F,ABFLOW019,Oil,66.31813388214675,,66.31813388214675
Spain,2024,1A2G,ABFLOW020,Coal,66.31813388214675,,66.31813388214675
Spain,2024,1A2G,ABFLOW020,Natural gas,66.31813388214675,,66.31813388214675
Spain,2024,1A2G,ABFLOW020,Oil,66.31813388214675,,66.31813388214675
Spain,2024,1A2H,ABFLOW021,Coal,66.31813388214675,,66.31813388214675
Spain,2024,1A2H,ABFLOW021,Natural gas,66.31813388214675,,66.31813388214675
Spain,2024,1A2H,ABFLOW021,Oil,66.31813388214675,,66.31813388214675
Spain,2024,1A2I,ABFLOW013,Coal,66.31813388214675,,66.31813388214675
Spain,2024,1A2I,ABFLOW013,Natural gas,66.31813388214675,,66.31813388214675
Spain,2024,1A2I,ABFLOW013,Oil,66.31813388214675,,66.31813388214675
Spain,2024,1A2J,ABFLOW024,Coal,66.31813388214675,,66.31813388214675
Spain,2024,1A2J,ABFLOW024,Natural gas,66.31813388214675,,66.31813388214675
Spain,2024,1A2J,ABFLOW024,Oil,66.31813388214675,,66.31813388214675
Spain,2024,1A2K,ABFLOW014,Coal,66.31813388214675,,66.31813388214675
Spain,2024,1A2K,ABFLOW014,Natural gas,66.31813388214675,,66.31813388214675
Spain,2024,1A2K,ABFLOW014,Oil,66.31813388214675,,66.31813388214675
Spain,2024,1A2L,ABFLOW025,Coal,66.31813388214675,,66.31813388214675
Spain,2024,1A2L,ABFLOW025,Natural gas,66.31813388214675,,66.31813388214675
Spain,2024,1A2L,ABFLOW025,Oil,66.31813388214675,,66.31813388214675
Spain,2024,1A2M,ABFLOW026,Coal,66.31813388214675,,66.31813388214675
Spain,2024,1A2M,ABFLOW026,Natural gas,66.31813388214675,,66.31813388214675
Spain,2024,1A2M,ABFLOW026,Oil,66.31813388214675,,66.31813388214675
Spain,2024,1A3,ABFLOW027,Coal,,,0.0
Spain,2024,1A3,ABFLOW027,Natural gas,,,0.0
Spain,2024,1A3,ABFLOW027,Oil,,,0.0
Spain,2024,1A3A1,ABFLOW040,Coal,33.82224827989484,,33.82224827989484
Spain,2024,1A3A1,ABFLOW040,Natural gas,33.82224827989484,,33.82224827989484
Spain,2024,1A3A1,ABFLOW040,Oil,33.82224827989484,,33.82224827989484
Spain,2024,1A3A2,ABFLOW029,Coal,66.31813388214675,,66.31813388214675
Spain,2024,1A3A2,ABFLOW029,Natural gas,66.31813388214675,,66.31813388214675
Spain,2024,1A3A2,ABFLOW029,Oil,66.31813388214675,,66.31813388214675
Spain,2024,1A3B,ABFLOW028,Coal,,,0.0
Spain,2024,1A3B,ABFLOW028,Natural gas,,,0.0
Spain,2024,1A3B,ABFLOW028,Oil,,,0.0
Spain,2024,1A3C,ABFLOW030,Coal,,,0.0
Spain,2024,1A3C,ABFLOW030,Natural gas,,,0.0
Spain,2024,1A3C,ABFLOW030,Oil,,,0.0
Spain,2024,1A3D1,ABFLOW039,Coal,,,0.0
Spain,2024,1A3D1,ABFLOW039,Natural gas,,,0.0
Spain,2024,1A3D1,ABFLOW039,Oil,,,0.0
Spain,2024,1A3D2,ABFLOW032,Coal,66.31813388214675,,66.31813388214675
Spain,2024,1A3D2,ABFLOW032,Natural gas,66.31813388214675,,66.31813388214675
Spain,2024,1A3D2,ABFLOW032,Oil,66.31813388214675,,66.31813388214675
Spain,2024,1A3E1,ABFLOW033,Coal,,,0.0
Spain,2024,1A3E1,ABFLOW033,Natural gas,,,0.0
Spain,2024,1A3E1,ABFLOW033,Oil,,,0.0
Spain,2024,1A4A,ABFLOW035,Coal,,,0.0
Spain,2024,1A4A,ABFLOW035,Natural gas,,,0.0
Spain,2024,1A4A,ABFLOW035,Oil,,,0.0
Spain,2024,1A4B,ABFLOW034,Coal,,,0.0
Spain,2024,1A4B,ABFLOW034,Natural gas,,,0.0
Spain,2024,1A4B,ABFLOW034,Oil,,,0.0
Spain,2024,1A4C1,ABFLOW036,Coal,,,0.0
Spain,2024,1A4C1,ABFLOW036,Natural gas,,,0.0
Spain,2024,1A4C1,ABFLOW036,Oil,,,0.0
Spain,2024,1A4C2,ABFLOW037,Coal,,,0.0
Spain,2024,1A4C2,ABFLOW037,Natural gas,,,0.0
Spain,2024,1A4C2,ABFLOW037,Oil,,,0.0
Spain,2024,1A5,ABFLOW038,Coal,,,0.0
Spain,2024,1A5,ABFLOW038,Natural gas,,,0.0
Spain,2024,1A5,ABFLOW038,Oil,,,0.0
Spain,2025,1A,ABFLOW001,Coal,,,0.0
Spain,2025,1A,ABFLOW001,Natural gas,,,0.0
Spain,2025,1A,ABFLOW001,Oil,,,0.0
Spain,2025,1A1A,ABFLOW002,Coal,,,0.0
Spain,2025,1A1A,ABFLOW002,Natural gas,,,0.0
Spain,2025,1A1A,ABFLOW002,Oil,,,0.0
Spain,2025,1A1A1,ABFLOW003,Coal,73.97297781460598,,73.97297781460598
Spain,2025,1A1A1,ABFLOW003,Natural gas,73.97297781460598,,73.97297781460598
Spain,2025,1A1A1,ABFLOW003,Oil,73.97297781460598,,73.97297781460598
Spain,2025,1A1A2,ABFLOW004,Coal,73.97297781460598,,73.97297781460598
Spain,2025,1A1A2,ABFLOW004,Natural gas,73.97297781460598,,73.97297781460598
Spain,2025,1A1A2,ABFLOW004,Oil,73.97297781460598,,73.97297781460598
Spain,2025,1A1A3,ABFLOW005,Coal,73.97297781460598,,73.97297781460598
Spain,2025,1A1A3,ABFLOW005,Natural gas,73.97297781460598,,73.97297781460598
Spain,2025,1A1A3,ABFLOW005,Oil,73.97297781460598,,73.97297781460598
Spain,2025,1A1B,ABFLOW011,Coal,73.97297781460598,,73.97297781460598
Spain,2025,1A1B,ABFLOW011,Natural gas,73.97297781460598,,73.97297781460598
Spain,2025,1A1B,ABFLOW011,Oil,73.97297781460598,,73.97297781460598
Spain,2025,1A1C,ABFLOW011,Coal,73.97297781460598,,73.97297781460598
Spain,2025,1A1C,ABFLOW011,Natural gas,73.97297781460598,,73.97297781460598
Spain,2025,1A1C,ABFLOW011,Oil,73.97297781460598,,73.97297781460598
Spain,2025,1A2,ABFLOW012,Coal,,,0.0
Spain,2025,1A2,ABFLOW012,Natural gas,,,0.0
Spain,2025,1A2,ABFLOW012,Oil,,,0.0
Spain,2025,1A2A,ABFLOW016,Coal,73.97297781460598,,73.97297781460598
Spain,2025,1A2A,ABFLOW016,Natural gas,73.97297781460598,,73.97297781460598
Spain,2025,1A2A,ABFLOW016,Oil,73.97297781460598,,73.97297781460598
Spain,2025,1A2B,ABFLOW018,Coal,73.97297781460598,,73.97297781460598
Spain,2025,1A2B,ABFLOW018,Natural gas,73.97297781460598,,73.97297781460598
Spain,2025,1A2B,ABFLOW018,Oil,73.97297781460598,,73.97297781460598
Spain,2025,1A2C,ABFLOW017,Coal,73.97297781460598,,73.97297781460598
Spain,2025,1A2C,ABFLOW017,Natural gas,73.97297781460598,,73.97297781460598
Spain,2025,1A2C,ABFLOW017,Oil,73.97297781460598,,73.97297781460598
Spain,2025,1A2D,ABFLOW023,Coal,73.97297781460598,,73.97297781460598
Spain,2025,1A2D,ABFLOW023,Natural gas,73.97297781460598,,73.97297781460598
Spain,2025,1A2D,ABFLOW023,Oil,73.97297781460598,,73.97297781460598
Spain,2025,1A2E,ABFLOW022,Coal,73.97297781460598,,73.97297781460598
Spain,2025,1A2E,ABFLOW022,Natural gas,73.97297781460598,,73.97297781460598
Spain,2025,1A2E,ABFLOW022,Oil,73.97297781460598,,73.97297781460598
Spain,2025,1A2F,ABFLOW019,Coal,73.97297781460598,,73.97297781460598
Spain,2025,1A2F,ABFLOW019,Natural gas,73.97297781460598,,73.97297781460598
Spain,2025,1A2F,ABFLOW019,Oil,73.97297781460598,,73.97297781460598
Spain,2025,1A2G,ABFLOW020,Coal,73.97297781460598,,73.97297781460598
Spain,2025,1A2G,ABFLOW020,Natural gas,73.97297781460598,,73.97297781460598
Spain,2025,1A2G,ABFLOW020,Oil,73.97297781460598,,73.97297781460598
Spain,2025,1A2H,ABFLOW021,Coal,73.97297781460598,,73.97297781460598
Spain,2025,1A2H,ABFLOW021,Natural gas,73.97297781460598,,73.97297781460598
Spain,2025,1A2H,ABFLOW021,Oil,73.97297781460598,,73.97297781460598
Spain,2025,1A2I,ABFLOW013,Coal,73.97297781460598,,73.97297781460598
Spain,2025,1A2I,ABFLOW013,Natural gas,73.97297781460598,,73.97297781460598
Spain,2025,1A2I,ABFLOW013,Oil,73.97297781460598,,73.97297781460598
Spain,2025,1A2J,ABFLOW024,Coal,73.97297781460598,,73.97297781460598
Spain,2025,1A2J,ABFLOW024,Natural gas,73.97297781460598,,73.97297781460598
Spain,2025,1A2J,ABFLOW024,Oil,73.97297781460598,,73.97297781460598
Spain,2025,1A2K,ABFLOW014,Coal,73.97297781460598,,73.97297781460598
Spain,2025,1A2K,ABFLOW014,Natural gas,73.97297781460598,,73.97297781460598
Spain,2025,1A2K,ABFLOW014,Oil,73.97297781460598,,73.97297781460598
Spain,2025,1A2L,ABFLOW025,Coal,73.97297781460598,,73.97297781460598
Spain,2025,1A2L,ABFLOW025,Natural gas,73.97297781460598,,73.97297781460598
Spain,2025,1A2L,ABFLOW025,Oil,73.97297781460598,,73.97297781460598
Spain,2025,1A2M,ABFLOW026,Coal,73.97297781460598,,73.97297781460598
Spain,2025,1A2M,ABFLOW026,Natural gas,73.97297781460598,,73.97297781460598
Spain,2025,1A2M,ABFLOW026,Oil,73.97297781460598,,73.97297781460598
Spain,2025,1A3,ABFLOW027,Coal,,,0.0
Spain,2025,1A3,ABFLOW027,Natural gas,,,0.0
Spain,2025,1A3,ABFLOW027,Oil,,,0.0
Spain,2025,1A3A1,ABFLOW040,Coal,73.97297781460598,,73.97297781460598
Spain,2025,1A3A1,ABFLOW040,Natural gas,73.97297781460598,,73.97297781460598
Spain,2025,1A3A1,ABFLOW040,Oil,73.97297781460598,,73.97297781460598
Spain,2025,1A3A2,ABFLOW029,Coal,73.97297781460598,,73.97297781460598
Spain,2025,1A3A2,ABFLOW029,Natural gas,73.97297781460598,,73.97297781460598
Spain,2025,1A3A2,ABFLOW029,Oil,73.97297781460598,,73.97297781460598
Spain,2025,1A3B,ABFLOW028,Coal,,,0.0
Spain,2025,1A3B,ABFLOW028,Natural gas,,,0.0
Spain,2025,1A3B,ABFLOW028,Oil,,,0.0
Spain,2025,1A3C,ABFLOW030,Coal,,,0.0
Spain,2025,1A3C,ABFLOW030,Natural gas,,,0.0
Spain,2025,1A3C,ABFLOW030,Oil,,,0.0
Spain,2025,1A3D1,ABFLOW039,Coal,,,0.0
Spain,2025,1A3D1,ABFLOW039,Natural gas,,,0.0
Spain,2025,1A3D1,ABFLOW039,Oil,,,0.0
Spain,2025,1A3D2,ABFLOW032,Coal,73.97297781460598,,73.97297781460598
Spain,2025,1A3D2,ABFLOW032,Natural gas,73.97297781460598,,73.97297781460598
Spain,2025,1A3D2,ABFLOW032,Oil,73.97297781460598,,73.97297781460598
Spain,2025,1A3E1,ABFLOW033,Coal,,,0.0
Spain,2025,1A3E1,ABFLOW033,Natural gas,,,0.0
Spain,2025,1A3E1,ABFLOW033,Oil,,,0.0
Spain,2025,1A4A,ABFLOW035,Coal,,,0.0
Spain,2025,1A4A,ABFLOW035,Natural gas,,,0.0
Spain,2025,1A4A,ABFLOW035,Oil,,,0.0
Spain,2025,1A4B,ABFLOW034,Coal,,,0.0
Spain,2025,1A4B,ABFLOW034,Natural gas,,,0.0
Spain,2025,1A4B,ABFLOW034,Oil,,,0.0
Spain,2025,1A4C1,ABFLOW036,Coal,,,0.0
Spain,2025,1A4C1,ABFLOW036,Natural gas,,,0.0
Spain,2025,1A4C1,ABFLOW036,Oil,,,0.0
Spain,2025,1A4C2,ABFLOW037,Coal,,,0.0
Spain,2025,1A4C2,ABFLOW037,Natural gas,,,0.0
Spain,2025,1A4C2,ABFLOW037,Oil,,,0.0
Spain,2025,1A5,ABFLOW038,Coal,,,0.0
Spain,2025,1A5,ABFLOW038,Natural gas,,,0.0
Spain,2025,1A5,ABFLOW038,Oil,,,0.0
