jurisdiction,year,ipcc_code,iea_code,Product,ets_price_usd_k,tax_rate_incl_ex_usd_k,all_inst_usd_k
Luxembourg,1989,1A,ABFLOW001,Coal,,,0.0
Luxembourg,1989,1A,ABFLOW001,Natural gas,,,0.0
Luxembourg,1989,1A,ABFLOW001,Oil,,,0.0
Luxembourg,1989,1A1A,ABFLOW002,Coal,,,0.0
Luxembourg,1989,1A1A,ABFLOW002,Natural gas,,,0.0
Luxembourg,1989,1A1A,ABFLOW002,Oil,,,0.0
Luxembourg,1989,1A1A1,ABFLOW003,Coal,,,0.0
Luxembourg,1989,1A1A1,ABFLOW003,Natural gas,,,0.0
Luxembourg,1989,1A1A1,ABFLOW003,Oil,,,0.0
Luxembourg,1989,1A1A2,ABFLOW004,Coal,,,0.0
Luxembourg,1989,1A1A2,ABFLOW004,Natural gas,,,0.0
Luxembourg,1989,1A1A2,ABFLOW004,Oil,,,0.0
Luxembourg,1989,1A1A3,ABFLOW005,Coal,,,0.0
Luxembourg,1989,1A1A3,ABFLOW005,Natural gas,,,0.0
Luxembourg,1989,1A1A3,ABFLOW005,Oil,,,0.0
Luxembourg,1989,1A1B,ABFLOW011,Coal,,,0.0
Luxembourg,1989,1A1B,ABFLOW011,Natural gas,,,0.0
Luxembourg,1989,1A1B,ABFLOW011,Oil,,,0.0
Luxembourg,1989,1A1C,ABFLOW011,Coal,,,0.0
Luxembourg,1989,1A1C,ABFLOW011,Natural gas,,,0.0
Luxembourg,1989,1A1C,ABFLOW011,Oil,,,0.0
Luxembourg,1989,1A2,ABFLOW012,Coal,,,0.0
Luxembourg,1989,1A2,ABFLOW012,Natural gas,,,0.0
Luxembourg,1989,1A2,ABFLOW012,Oil,,,0.0
Luxembourg,1989,1A2A,ABFLOW016,Coal,,,0.0
Luxembourg,1989,1A2A,ABFLOW016,Natural gas,,,0.0
Luxembourg,1989,1A2A,ABFLOW016,Oil,,,0.0
Luxembourg,1989,1A2B,ABFLOW018,Coal,,,0.0
Luxembourg,1989,1A2B,ABFLOW018,Natural gas,,,0.0
Luxembourg,1989,1A2B,ABFLOW018,Oil,,,0.0
Luxembourg,1989,1A2C,ABFLOW017,Coal,,,0.0
Luxembourg,1989,1A2C,ABFLOW017,Natural gas,,,0.0
Luxembourg,1989,1A2C,ABFLOW017,Oil,,,0.0
Luxembourg,1989,1A2D,ABFLOW023,Coal,,,0.0
Luxembourg,1989,1A2D,ABFLOW023,Natural gas,,,0.0
Luxembourg,1989,1A2D,ABFLOW023,Oil,,,0.0
Luxembourg,1989,1A2E,ABFLOW022,Coal,,,0.0
Luxembourg,1989,1A2E,ABFLOW022,Natural gas,,,0.0
Luxembourg,1989,1A2E,ABFLOW022,Oil,,,0.0
Luxembourg,1989,1A2F,ABFLOW019,Coal,,,0.0
Luxembourg,1989,1A2F,ABFLOW019,Natural gas,,,0.0
Luxembourg,1989,1A2F,ABFLOW019,Oil,,,0.0
Luxembourg,1989,1A2G,ABFLOW020,Coal,,,0.0
Luxembourg,1989,1A2G,ABFLOW020,Natural gas,,,0.0
Luxembourg,1989,1A2G,ABFLOW020,Oil,,,0.0
Luxembourg,1989,1A2H,ABFLOW021,Coal,,,0.0
Luxembourg,1989,1A2H,ABFLOW021,Natural gas,,,0.0
Luxembourg,1989,1A2H,ABFLOW021,Oil,,,0.0
Luxembourg,1989,1A2I,ABFLOW013,Coal,,,0.0
Luxembourg,1989,1A2I,ABFLOW013,Natural gas,,,0.0
Luxembourg,1989,1A2I,ABFLOW013,Oil,,,0.0
Luxembourg,1989,1A2J,ABFLOW024,Coal,,,0.0
Luxembourg,1989,1A2J,ABFLOW024,Natural gas,,,0.0
Luxembourg,1989,1A2J,ABFLOW024,Oil,,,0.0
Luxembourg,1989,1A2K,ABFLOW014,Coal,,,0.0
Luxembourg,1989,1A2K,ABFLOW014,Natural gas,,,0.0
Luxembourg,1989,1A2K,ABFLOW014,Oil,,,0.0
Luxembourg,1989,1A2L,ABFLOW025,Coal,,,0.0
Luxembourg,1989,1A2L,ABFLOW025,Natural gas,,,0.0
Luxembourg,1989,1A2L,ABFLOW025,Oil,,,0.0
Luxembourg,1989,1A2M,ABFLOW026,Coal,,,0.0
Luxembourg,1989,1A2M,ABFLOW026,Natural gas,,,0.0
Luxembourg,1989,1A2M,ABFLOW026,Oil,,,0.0
Luxembourg,1989,1A3,ABFLOW027,Coal,,,0.0
Luxembourg,1989,1A3,ABFLOW027,Natural gas,,,0.0
Luxembourg,1989,1A3,ABFLOW027,Oil,,,0.0
Luxembourg,1989,1A3A1,ABFLOW040,Coal,,,0.0
Luxembourg,1989,1A3A1,ABFLOW040,Natural gas,,,0.0
Luxembourg,1989,1A3A1,ABFLOW040,Oil,,,0.0
Luxembourg,1989,1A3A2,ABFLOW029,Coal,,,0.0
Luxembourg,1989,1A3A2,ABFLOW029,Natural gas,,,0.0
Luxembourg,1989,1A3A2,ABFLOW029,Oil,,,0.0
Luxembourg,1989,1A3B,ABFLOW028,Coal,,,0.0
Luxembourg,1989,1A3B,ABFLOW028,Natural gas,,,0.0
Luxembourg,1989,1A3B,ABFLOW028,Oil,,,0.0
Luxembourg,1989,1A3C,ABFLOW030,Coal,,,0.0
Luxembourg,1989,1A3C,ABFLOW030,Natural gas,,,0.0
Luxembourg,1989,1A3C,ABFLOW030,Oil,,,0.0
Luxembourg,1989,1A3D1,ABFLOW039,Coal,,,0.0
Luxembourg,1989,1A3D1,ABFLOW039,Natural gas,,,0.0
Luxembourg,1989,1A3D1,ABFLOW039,Oil,,,0.0
Luxembourg,1989,1A3D2,ABFLOW032,Coal,,,0.0
Luxembourg,1989,1A3D2,ABFLOW032,Natural gas,,,0.0
Luxembourg,1989,1A3D2,ABFLOW032,Oil,,,0.0
Luxembourg,1989,1A3E1,ABFLOW033,Coal,,,0.0
Luxembourg,1989,1A3E1,ABFLOW033,Natural gas,,,0.0
Luxembourg,1989,1A3E1,ABFLOW033,Oil,,,0.0
Luxembourg,1989,1A4A,ABFLOW035,Coal,,,0.0
Luxembourg,1989,1A4A,ABFLOW035,Natural gas,,,0.0
Luxembourg,1989,1A4A,ABFLOW035,Oil,,,0.0
Luxembourg,1989,1A4B,ABFLOW034,Coal,,,0.0
Luxembourg,1989,1A4B,ABFLOW034,Natural gas,,,0.0
Luxembourg,1989,1A4B,ABFLOW034,Oil,,,0.0
Luxembourg,1989,1A4C1,ABFLOW036,Coal,,,0.0
Luxembourg,1989,1A4C1,ABFLOW036,Natural gas,,,0.0
Luxembourg,1989,1A4C1,ABFLOW036,Oil,,,0.0
Luxembourg,1989,1A4C2,ABFLOW037,Coal,,,0.0
Luxembourg,1989,1A4C2,ABFLOW037,Natural gas,,,0.0
Luxembourg,1989,1A4C2,ABFLOW037,Oil,,,0.0
Luxembourg,1989,1A5,ABFLOW038,Coal,,,0.0
Luxembourg,1989,1A5,ABFLOW038,Natural gas,,,0.0
Luxembourg,1989,1A5,ABFLOW038,Oil,,,0.0
Luxembourg,1990,1A,ABFLOW001,Coal,,,0.0
Luxembourg,1990,1A,ABFLOW001,Natural gas,,,0.0
Luxembourg,1990,1A,ABFLOW001,Oil,,,0.0
Luxembourg,1990,1A1A,ABFLOW002,Coal,,,0.0
Luxembourg,1990,1A1A,ABFLOW002,Natural gas,,,0.0
Luxembourg,1990,1A1A,ABFLOW002,Oil,,,0.0
Luxembourg,1990,1A1A1,ABFLOW003,Coal,,,0.0
Luxembourg,1990,1A1A1,ABFLOW003,Natural gas,,,0.0
Luxembourg,1990,1A1A1,ABFLOW003,Oil,,,0.0
Luxembourg,1990,1A1A2,ABFLOW004,Coal,,,0.0
Luxembourg,1990,1A1A2,ABFLOW004,Natural gas,,,0.0
Luxembourg,1990,1A1A2,ABFLOW004,Oil,,,0.0
Luxembourg,1990,1A1A3,ABFLOW005,Coal,,,0.0
Luxembourg,1990,1A1A3,ABFLOW005,Natural gas,,,0.0
Luxembourg,1990,1A1A3,ABFLOW005,Oil,,,0.0
Luxembourg,1990,1A1B,ABFLOW011,Coal,,,0.0
Luxembourg,1990,1A1B,ABFLOW011,Natural gas,,,0.0
Luxembourg,1990,1A1B,ABFLOW011,Oil,,,0.0
Luxembourg,1990,1A1C,ABFLOW011,Coal,,,0.0
Luxembourg,1990,1A1C,ABFLOW011,Natural gas,,,0.0
Luxembourg,1990,1A1C,ABFLOW011,Oil,,,0.0
Luxembourg,1990,1A2,ABFLOW012,Coal,,,0.0
Luxembourg,1990,1A2,ABFLOW012,Natural gas,,,0.0
Luxembourg,1990,1A2,ABFLOW012,Oil,,,0.0
Luxembourg,1990,1A2A,ABFLOW016,Coal,,,0.0
Luxembourg,1990,1A2A,ABFLOW016,Natural gas,,,0.0
Luxembourg,1990,1A2A,ABFLOW016,Oil,,,0.0
Luxembourg,1990,1A2B,ABFLOW018,Coal,,,0.0
Luxembourg,1990,1A2B,ABFLOW018,Natural gas,,,0.0
Luxembourg,1990,1A2B,ABFLOW018,Oil,,,0.0
Luxembourg,1990,1A2C,ABFLOW017,Coal,,,0.0
Luxembourg,1990,1A2C,ABFLOW017,Natural gas,,,0.0
Luxembourg,1990,1A2C,ABFLOW017,Oil,,,0.0
Luxembourg,1990,1A2D,ABFLOW023,Coal,,,0.0
Luxembourg,1990,1A2D,ABFLOW023,Natural gas,,,0.0
Luxembourg,1990,1A2D,ABFLOW023,Oil,,,0.0
Luxembourg,1990,1A2E,ABFLOW022,Coal,,,0.0
Luxembourg,1990,1A2E,ABFLOW022,Natural gas,,,0.0
Luxembourg,1990,1A2E,ABFLOW022,Oil,,,0.0
Luxembourg,1990,1A2F,ABFLOW019,Coal,,,0.0
Luxembourg,1990,1A2F,ABFLOW019,Natural gas,,,0.0
Luxembourg,1990,1A2F,ABFLOW019,Oil,,,0.0
Luxembourg,1990,1A2G,ABFLOW020,Coal,,,0.0
Luxembourg,1990,1A2G,ABFLOW020,Natural gas,,,0.0
Luxembourg,1990,1A2G,ABFLOW020,Oil,,,0.0
Luxembourg,1990,1A2H,ABFLOW021,Coal,,,0.0
Luxembourg,1990,1A2H,ABFLOW021,Natural gas,,,0.0
Luxembourg,1990,1A2H,ABFLOW021,Oil,,,0.0
Luxembourg,1990,1A2I,ABFLOW013,Coal,,,0.0
Luxembourg,1990,1A2I,ABFLOW013,Natural gas,,,0.0
Luxembourg,1990,1A2I,ABFLOW013,Oil,,,0.0
Luxembourg,1990,1A2J,ABFLOW024,Coal,,,0.0
Luxembourg,1990,1A2J,ABFLOW024,Natural gas,,,0.0
Luxembourg,1990,1A2J,ABFLOW024,Oil,,,0.0
Luxembourg,1990,1A2K,ABFLOW014,Coal,,,0.0
Luxembourg,1990,1A2K,ABFLOW014,Natural gas,,,0.0
Luxembourg,1990,1A2K,ABFLOW014,Oil,,,0.0
Luxembourg,1990,1A2L,ABFLOW025,Coal,,,0.0
Luxembourg,1990,1A2L,ABFLOW025,Natural gas,,,0.0
Luxembourg,1990,1A2L,ABFLOW025,Oil,,,0.0
Luxembourg,1990,1A2M,ABFLOW026,Coal,,,0.0
Luxembourg,1990,1A2M,ABFLOW026,Natural gas,,,0.0
Luxembourg,1990,1A2M,ABFLOW026,Oil,,,0.0
Luxembourg,1990,1A3,ABFLOW027,Coal,,,0.0
Luxembourg,1990,1A3,ABFLOW027,Natural gas,,,0.0
Luxembourg,1990,1A3,ABFLOW027,Oil,,,0.0
Luxembourg,1990,1A3A1,ABFLOW040,Coal,,,0.0
Luxembourg,1990,1A3A1,ABFLOW040,Natural gas,,,0.0
Luxembourg,1990,1A3A1,ABFLOW040,Oil,,,0.0
Luxembourg,1990,1A3A2,ABFLOW029,Coal,,,0.0
Luxembourg,1990,1A3A2,ABFLOW029,Natural gas,,,0.0
Luxembourg,1990,1A3A2,ABFLOW029,Oil,,,0.0
Luxembourg,1990,1A3B,ABFLOW028,Coal,,,0.0
Luxembourg,1990,1A3B,ABFLOW028,Natural gas,,,0.0
Luxembourg,1990,1A3B,ABFLOW028,Oil,,,0.0
Luxembourg,1990,1A3C,ABFLOW030,Coal,,,0.0
Luxembourg,1990,1A3C,ABFLOW030,Natural gas,,,0.0
Luxembourg,1990,1A3C,ABFLOW030,Oil,,,0.0
Luxembourg,1990,1A3D1,ABFLOW039,Coal,,,0.0
Luxembourg,1990,1A3D1,ABFLOW039,Natural gas,,,0.0
Luxembourg,1990,1A3D1,ABFLOW039,Oil,,,0.0
Luxembourg,1990,1A3D2,ABFLOW032,Coal,,,0.0
Luxembourg,1990,1A3D2,ABFLOW032,Natural gas,,,0.0
Luxembourg,1990,1A3D2,ABFLOW032,Oil,,,0.0
Luxembourg,1990,1A3E1,ABFLOW033,Coal,,,0.0
Luxembourg,1990,1A3E1,ABFLOW033,Natural gas,,,0.0
Luxembourg,1990,1A3E1,ABFLOW033,Oil,,,0.0
Luxembourg,1990,1A4A,ABFLOW035,Coal,,,0.0
Luxembourg,1990,1A4A,ABFLOW035,Natural gas,,,0.0
Luxembourg,1990,1A4A,ABFLOW035,Oil,,,0.0
Luxembourg,1990,1A4B,ABFLOW034,Coal,,,0.0
Luxembourg,1990,1A4B,ABFLOW034,Natural gas,,,0.0
Luxembourg,1990,1A4B,ABFLOW034,Oil,,,0.0
Luxembourg,1990,1A4C1,ABFLOW036,Coal,,,0.0
Luxembourg,1990,1A4C1,ABFLOW036,Natural gas,,,0.0
Luxembourg,1990,1A4C1,ABFLOW036,Oil,,,0.0
Luxembourg,1990,1A4C2,ABFLOW037,Coal,,,0.0
Luxembourg,1990,1A4C2,ABFLOW037,Natural gas,,,0.0
Luxembourg,1990,1A4C2,ABFLOW037,Oil,,,0.0
Luxembourg,1990,1A5,ABFLOW038,Coal,,,0.0
Luxembourg,1990,1A5,ABFLOW038,Natural gas,,,0.0
Luxembourg,1990,1A5,ABFLOW038,Oil,,,0.0
Luxembourg,1991,1A,ABFLOW001,Coal,,,0.0
Luxembourg,1991,1A,ABFLOW001,Natural gas,,,0.0
Luxembourg,1991,1A,ABFLOW001,Oil,,,0.0
Luxembourg,1991,1A1A,ABFLOW002,Coal,,,0.0
Luxembourg,1991,1A1A,ABFLOW002,Natural gas,,,0.0
Luxembourg,1991,1A1A,ABFLOW002,Oil,,,0.0
Luxembourg,1991,1A1A1,ABFLOW003,Coal,,,0.0
Luxembourg,1991,1A1A1,ABFLOW003,Natural gas,,,0.0
Luxembourg,1991,1A1A1,ABFLOW003,Oil,,,0.0
Luxembourg,1991,1A1A2,ABFLOW004,Coal,,,0.0
Luxembourg,1991,1A1A2,ABFLOW004,Natural gas,,,0.0
Luxembourg,1991,1A1A2,ABFLOW004,Oil,,,0.0
Luxembourg,1991,1A1A3,ABFLOW005,Coal,,,0.0
Luxembourg,1991,1A1A3,ABFLOW005,Natural gas,,,0.0
Luxembourg,1991,1A1A3,ABFLOW005,Oil,,,0.0
Luxembourg,1991,1A1B,ABFLOW011,Coal,,,0.0
Luxembourg,1991,1A1B,ABFLOW011,Natural gas,,,0.0
Luxembourg,1991,1A1B,ABFLOW011,Oil,,,0.0
Luxembourg,1991,1A1C,ABFLOW011,Coal,,,0.0
Luxembourg,1991,1A1C,ABFLOW011,Natural gas,,,0.0
Luxembourg,1991,1A1C,ABFLOW011,Oil,,,0.0
Luxembourg,1991,1A2,ABFLOW012,Coal,,,0.0
Luxembourg,1991,1A2,ABFLOW012,Natural gas,,,0.0
Luxembourg,1991,1A2,ABFLOW012,Oil,,,0.0
Luxembourg,1991,1A2A,ABFLOW016,Coal,,,0.0
Luxembourg,1991,1A2A,ABFLOW016,Natural gas,,,0.0
Luxembourg,1991,1A2A,ABFLOW016,Oil,,,0.0
Luxembourg,1991,1A2B,ABFLOW018,Coal,,,0.0
Luxembourg,1991,1A2B,ABFLOW018,Natural gas,,,0.0
Luxembourg,1991,1A2B,ABFLOW018,Oil,,,0.0
Luxembourg,1991,1A2C,ABFLOW017,Coal,,,0.0
Luxembourg,1991,1A2C,ABFLOW017,Natural gas,,,0.0
Luxembourg,1991,1A2C,ABFLOW017,Oil,,,0.0
Luxembourg,1991,1A2D,ABFLOW023,Coal,,,0.0
Luxembourg,1991,1A2D,ABFLOW023,Natural gas,,,0.0
Luxembourg,1991,1A2D,ABFLOW023,Oil,,,0.0
Luxembourg,1991,1A2E,ABFLOW022,Coal,,,0.0
Luxembourg,1991,1A2E,ABFLOW022,Natural gas,,,0.0
Luxembourg,1991,1A2E,ABFLOW022,Oil,,,0.0
Luxembourg,1991,1A2F,ABFLOW019,Coal,,,0.0
Luxembourg,1991,1A2F,ABFLOW019,Natural gas,,,0.0
Luxembourg,1991,1A2F,ABFLOW019,Oil,,,0.0
Luxembourg,1991,1A2G,ABFLOW020,Coal,,,0.0
Luxembourg,1991,1A2G,ABFLOW020,Natural gas,,,0.0
Luxembourg,1991,1A2G,ABFLOW020,Oil,,,0.0
Luxembourg,1991,1A2H,ABFLOW021,Coal,,,0.0
Luxembourg,1991,1A2H,ABFLOW021,Natural gas,,,0.0
Luxembourg,1991,1A2H,ABFLOW021,Oil,,,0.0
Luxembourg,1991,1A2I,ABFLOW013,Coal,,,0.0
Luxembourg,1991,1A2I,ABFLOW013,Natural gas,,,0.0
Luxembourg,1991,1A2I,ABFLOW013,Oil,,,0.0
Luxembourg,1991,1A2J,ABFLOW024,Coal,,,0.0
Luxembourg,1991,1A2J,ABFLOW024,Natural gas,,,0.0
Luxembourg,1991,1A2J,ABFLOW024,Oil,,,0.0
Luxembourg,1991,1A2K,ABFLOW014,Coal,,,0.0
Luxembourg,1991,1A2K,ABFLOW014,Natural gas,,,0.0
Luxembourg,1991,1A2K,ABFLOW014,Oil,,,0.0
Luxembourg,1991,1A2L,ABFLOW025,Coal,,,0.0
Luxembourg,1991,1A2L,ABFLOW025,Natural gas,,,0.0
Luxembourg,1991,1A2L,ABFLOW025,Oil,,,0.0
Luxembourg,1991,1A2M,ABFLOW026,Coal,,,0.0
Luxembourg,1991,1A2M,ABFLOW026,Natural gas,,,0.0
Luxembourg,1991,1A2M,ABFLOW026,Oil,,,0.0
Luxembourg,1991,1A3,ABFLOW027,Coal,,,0.0
Luxembourg,1991,1A3,ABFLOW027,Natural gas,,,0.0
Luxembourg,1991,1A3,ABFLOW027,Oil,,,0.0
Luxembourg,1991,1A3A1,ABFLOW040,Coal,,,0.0
Luxembourg,1991,1A3A1,ABFLOW040,Natural gas,,,0.0
Luxembourg,1991,1A3A1,ABFLOW040,Oil,,,0.0
Luxembourg,1991,1A3A2,ABFLOW029,Coal,,,0.0
Luxembourg,1991,1A3A2,ABFLOW029,Natural gas,,,0.0
Luxembourg,1991,1A3A2,ABFLOW029,Oil,,,0.0
Luxembourg,1991,1A3B,ABFLOW028,Coal,,,0.0
Luxembourg,1991,1A3B,ABFLOW028,Natural gas,,,0.0
Luxembourg,1991,1A3B,ABFLOW028,Oil,,,0.0
Luxembourg,1991,1A3C,ABFLOW030,Coal,,,0.0
Luxembourg,1991,1A3C,ABFLOW030,Natural gas,,,0.0
Luxembourg,1991,1A3C,ABFLOW030,Oil,,,0.0
Luxembourg,1991,1A3D1,ABFLOW039,Coal,,,0.0
Luxembourg,1991,1A3D1,ABFLOW039,Natural gas,,,0.0
Luxembourg,1991,1A3D1,ABFLOW039,Oil,,,0.0
Luxembourg,1991,1A3D2,ABFLOW032,Coal,,,0.0
Luxembourg,1991,1A3D2,ABFLOW032,Natural gas,,,0.0
Luxembourg,1991,1A3D2,ABFLOW032,Oil,,,0.0
Luxembourg,1991,1A3E1,ABFLOW033,Coal,,,0.0
Luxembourg,1991,1A3E1,ABFLOW033,Natural gas,,,0.0
Luxembourg,1991,1A3E1,ABFLOW033,Oil,,,0.0
Luxembourg,1991,1A4A,ABFLOW035,Coal,,,0.0
Luxembourg,1991,1A4A,ABFLOW035,Natural gas,,,0.0
Luxembourg,1991,1A4A,ABFLOW035,Oil,,,0.0
Luxembourg,1991,1A4B,ABFLOW034,Coal,,,0.0
Luxembourg,1991,1A4B,ABFLOW034,Natural gas,,,0.0
Luxembourg,1991,1A4B,ABFLOW034,Oil,,,0.0
Luxembourg,1991,1A4C1,ABFLOW036,Coal,,,0.0
Luxembourg,1991,1A4C1,ABFLOW036,Natural gas,,,0.0
Luxembourg,1991,1A4C1,ABFLOW036,Oil,,,0.0
Luxembourg,1991,1A4C2,ABFLOW037,Coal,,,0.0
Luxembourg,1991,1A4C2,ABFLOW037,Natural gas,,,0.0
Luxembourg,1991,1A4C2,ABFLOW037,Oil,,,0.0
Luxembourg,1991,1A5,ABFLOW038,Coal,,,0.0
Luxembourg,1991,1A5,ABFLOW038,Natural gas,,,0.0
Luxembourg,1991,1A5,ABFLOW038,Oil,,,0.0
Luxembourg,1992,1A,ABFLOW001,Coal,,,0.0
Luxembourg,1992,1A,ABFLOW001,Natural gas,,,0.0
Luxembourg,1992,1A,ABFLOW001,Oil,,,0.0
Luxembourg,1992,1A1A,ABFLOW002,Coal,,,0.0
Luxembourg,1992,1A1A,ABFLOW002,Natural gas,,,0.0
Luxembourg,1992,1A1A,ABFLOW002,Oil,,,0.0
Luxembourg,1992,1A1A1,ABFLOW003,Coal,,,0.0
Luxembourg,1992,1A1A1,ABFLOW003,Natural gas,,,0.0
Luxembourg,1992,1A1A1,ABFLOW003,Oil,,,0.0
Luxembourg,1992,1A1A2,ABFLOW004,Coal,,,0.0
Luxembourg,1992,1A1A2,ABFLOW004,Natural gas,,,0.0
Luxembourg,1992,1A1A2,ABFLOW004,Oil,,,0.0
Luxembourg,1992,1A1A3,ABFLOW005,Coal,,,0.0
Luxembourg,1992,1A1A3,ABFLOW005,Natural gas,,,0.0
Luxembourg,1992,1A1A3,ABFLOW005,Oil,,,0.0
Luxembourg,1992,1A1B,ABFLOW011,Coal,,,0.0
Luxembourg,1992,1A1B,ABFLOW011,Natural gas,,,0.0
Luxembourg,1992,1A1B,ABFLOW011,Oil,,,0.0
Luxembourg,1992,1A1C,ABFLOW011,Coal,,,0.0
Luxembourg,1992,1A1C,ABFLOW011,Natural gas,,,0.0
Luxembourg,1992,1A1C,ABFLOW011,Oil,,,0.0
Luxembourg,1992,1A2,ABFLOW012,Coal,,,0.0
Luxembourg,1992,1A2,ABFLOW012,Natural gas,,,0.0
Luxembourg,1992,1A2,ABFLOW012,Oil,,,0.0
Luxembourg,1992,1A2A,ABFLOW016,Coal,,,0.0
Luxembourg,1992,1A2A,ABFLOW016,Natural gas,,,0.0
Luxembourg,1992,1A2A,ABFLOW016,Oil,,,0.0
Luxembourg,1992,1A2B,ABFLOW018,Coal,,,0.0
Luxembourg,1992,1A2B,ABFLOW018,Natural gas,,,0.0
Luxembourg,1992,1A2B,ABFLOW018,Oil,,,0.0
Luxembourg,1992,1A2C,ABFLOW017,Coal,,,0.0
Luxembourg,1992,1A2C,ABFLOW017,Natural gas,,,0.0
Luxembourg,1992,1A2C,ABFLOW017,Oil,,,0.0
Luxembourg,1992,1A2D,ABFLOW023,Coal,,,0.0
Luxembourg,1992,1A2D,ABFLOW023,Natural gas,,,0.0
Luxembourg,1992,1A2D,ABFLOW023,Oil,,,0.0
Luxembourg,1992,1A2E,ABFLOW022,Coal,,,0.0
Luxembourg,1992,1A2E,ABFLOW022,Natural gas,,,0.0
Luxembourg,1992,1A2E,ABFLOW022,Oil,,,0.0
Luxembourg,1992,1A2F,ABFLOW019,Coal,,,0.0
Luxembourg,1992,1A2F,ABFLOW019,Natural gas,,,0.0
Luxembourg,1992,1A2F,ABFLOW019,Oil,,,0.0
Luxembourg,1992,1A2G,ABFLOW020,Coal,,,0.0
Luxembourg,1992,1A2G,ABFLOW020,Natural gas,,,0.0
Luxembourg,1992,1A2G,ABFLOW020,Oil,,,0.0
Luxembourg,1992,1A2H,ABFLOW021,Coal,,,0.0
Luxembourg,1992,1A2H,ABFLOW021,Natural gas,,,0.0
Luxembourg,1992,1A2H,ABFLOW021,Oil,,,0.0
Luxembourg,1992,1A2I,ABFLOW013,Coal,,,0.0
Luxembourg,1992,1A2I,ABFLOW013,Natural gas,,,0.0
Luxembourg,1992,1A2I,ABFLOW013,Oil,,,0.0
Luxembourg,1992,1A2J,ABFLOW024,Coal,,,0.0
Luxembourg,1992,1A2J,ABFLOW024,Natural gas,,,0.0
Luxembourg,1992,1A2J,ABFLOW024,Oil,,,0.0
Luxembourg,1992,1A2K,ABFLOW014,Coal,,,0.0
Luxembourg,1992,1A2K,ABFLOW014,Natural gas,,,0.0
Luxembourg,1992,1A2K,ABFLOW014,Oil,,,0.0
Luxembourg,1992,1A2L,ABFLOW025,Coal,,,0.0
Luxembourg,1992,1A2L,ABFLOW025,Natural gas,,,0.0
Luxembourg,1992,1A2L,ABFLOW025,Oil,,,0.0
Luxembourg,1992,1A2M,ABFLOW026,Coal,,,0.0
Luxembourg,1992,1A2M,ABFLOW026,Natural gas,,,0.0
Luxembourg,1992,1A2M,ABFLOW026,Oil,,,0.0
Luxembourg,1992,1A3,ABFLOW027,Coal,,,0.0
Luxembourg,1992,1A3,ABFLOW027,Natural gas,,,0.0
Luxembourg,1992,1A3,ABFLOW027,Oil,,,0.0
Luxembourg,1992,1A3A1,ABFLOW040,Coal,,,0.0
Luxembourg,1992,1A3A1,ABFLOW040,Natural gas,,,0.0
Luxembourg,1992,1A3A1,ABFLOW040,Oil,,,0.0
Luxembourg,1992,1A3A2,ABFLOW029,Coal,,,0.0
Luxembourg,1992,1A3A2,ABFLOW029,Natural gas,,,0.0
Luxembourg,1992,1A3A2,ABFLOW029,Oil,,,0.0
Luxembourg,1992,1A3B,ABFLOW028,Coal,,,0.0
Luxembourg,1992,1A3B,ABFLOW028,Natural gas,,,0.0
Luxembourg,1992,1A3B,ABFLOW028,Oil,,,0.0
Luxembourg,1992,1A3C,ABFLOW030,Coal,,,0.0
Luxembourg,1992,1A3C,ABFLOW030,Natural gas,,,0.0
Luxembourg,1992,1A3C,ABFLOW030,Oil,,,0.0
Luxembourg,1992,1A3D1,ABFLOW039,Coal,,,0.0
Luxembourg,1992,1A3D1,ABFLOW039,Natural gas,,,0.0
Luxembourg,1992,1A3D1,ABFLOW039,Oil,,,0.0
Luxembourg,1992,1A3D2,ABFLOW032,Coal,,,0.0
Luxembourg,1992,1A3D2,ABFLOW032,Natural gas,,,0.0
Luxembourg,1992,1A3D2,ABFLOW032,Oil,,,0.0
Luxembourg,1992,1A3E1,ABFLOW033,Coal,,,0.0
Luxembourg,1992,1A3E1,ABFLOW033,Natural gas,,,0.0
Luxembourg,1992,1A3E1,ABFLOW033,Oil,,,0.0
Luxembourg,1992,1A4A,ABFLOW035,Coal,,,0.0
Luxembourg,1992,1A4A,ABFLOW035,Natural gas,,,0.0
Luxembourg,1992,1A4A,ABFLOW035,Oil,,,0.0
Luxembourg,1992,1A4B,ABFLOW034,Coal,,,0.0
Luxembourg,1992,1A4B,ABFLOW034,Natural gas,,,0.0
Luxembourg,1992,1A4B,ABFLOW034,Oil,,,0.0
Luxembourg,1992,1A4C1,ABFLOW036,Coal,,,0.0
Luxembourg,1992,1A4C1,ABFLOW036,Natural gas,,,0.0
Luxembourg,1992,1A4C1,ABFLOW036,Oil,,,0.0
Luxembourg,1992,1A4C2,ABFLOW037,Coal,,,0.0
Luxembourg,1992,1A4C2,ABFLOW037,Natural gas,,,0.0
Luxembourg,1992,1A4C2,ABFLOW037,Oil,,,0.0
Luxembourg,1992,1A5,ABFLOW038,Coal,,,0.0
Luxembourg,1992,1A5,ABFLOW038,Natural gas,,,0.0
Luxembourg,1992,1A5,ABFLOW038,Oil,,,0.0
Luxembourg,1993,1A,ABFLOW001,Coal,,,0.0
Luxembourg,1993,1A,ABFLOW001,Natural gas,,,0.0
Luxembourg,1993,1A,ABFLOW001,Oil,,,0.0
Luxembourg,1993,1A1A,ABFLOW002,Coal,,,0.0
Luxembourg,1993,1A1A,ABFLOW002,Natural gas,,,0.0
Luxembourg,1993,1A1A,ABFLOW002,Oil,,,0.0
Luxembourg,1993,1A1A1,ABFLOW003,Coal,,,0.0
Luxembourg,1993,1A1A1,ABFLOW003,Natural gas,,,0.0
Luxembourg,1993,1A1A1,ABFLOW003,Oil,,,0.0
Luxembourg,1993,1A1A2,ABFLOW004,Coal,,,0.0
Luxembourg,1993,1A1A2,ABFLOW004,Natural gas,,,0.0
Luxembourg,1993,1A1A2,ABFLOW004,Oil,,,0.0
Luxembourg,1993,1A1A3,ABFLOW005,Coal,,,0.0
Luxembourg,1993,1A1A3,ABFLOW005,Natural gas,,,0.0
Luxembourg,1993,1A1A3,ABFLOW005,Oil,,,0.0
Luxembourg,1993,1A1B,ABFLOW011,Coal,,,0.0
Luxembourg,1993,1A1B,ABFLOW011,Natural gas,,,0.0
Luxembourg,1993,1A1B,ABFLOW011,Oil,,,0.0
Luxembourg,1993,1A1C,ABFLOW011,Coal,,,0.0
Luxembourg,1993,1A1C,ABFLOW011,Natural gas,,,0.0
Luxembourg,1993,1A1C,ABFLOW011,Oil,,,0.0
Luxembourg,1993,1A2,ABFLOW012,Coal,,,0.0
Luxembourg,1993,1A2,ABFLOW012,Natural gas,,,0.0
Luxembourg,1993,1A2,ABFLOW012,Oil,,,0.0
Luxembourg,1993,1A2A,ABFLOW016,Coal,,,0.0
Luxembourg,1993,1A2A,ABFLOW016,Natural gas,,,0.0
Luxembourg,1993,1A2A,ABFLOW016,Oil,,,0.0
Luxembourg,1993,1A2B,ABFLOW018,Coal,,,0.0
Luxembourg,1993,1A2B,ABFLOW018,Natural gas,,,0.0
Luxembourg,1993,1A2B,ABFLOW018,Oil,,,0.0
Luxembourg,1993,1A2C,ABFLOW017,Coal,,,0.0
Luxembourg,1993,1A2C,ABFLOW017,Natural gas,,,0.0
Luxembourg,1993,1A2C,ABFLOW017,Oil,,,0.0
Luxembourg,1993,1A2D,ABFLOW023,Coal,,,0.0
Luxembourg,1993,1A2D,ABFLOW023,Natural gas,,,0.0
Luxembourg,1993,1A2D,ABFLOW023,Oil,,,0.0
Luxembourg,1993,1A2E,ABFLOW022,Coal,,,0.0
Luxembourg,1993,1A2E,ABFLOW022,Natural gas,,,0.0
Luxembourg,1993,1A2E,ABFLOW022,Oil,,,0.0
Luxembourg,1993,1A2F,ABFLOW019,Coal,,,0.0
Luxembourg,1993,1A2F,ABFLOW019,Natural gas,,,0.0
Luxembourg,1993,1A2F,ABFLOW019,Oil,,,0.0
Luxembourg,1993,1A2G,ABFLOW020,Coal,,,0.0
Luxembourg,1993,1A2G,ABFLOW020,Natural gas,,,0.0
Luxembourg,1993,1A2G,ABFLOW020,Oil,,,0.0
Luxembourg,1993,1A2H,ABFLOW021,Coal,,,0.0
Luxembourg,1993,1A2H,ABFLOW021,Natural gas,,,0.0
Luxembourg,1993,1A2H,ABFLOW021,Oil,,,0.0
Luxembourg,1993,1A2I,ABFLOW013,Coal,,,0.0
Luxembourg,1993,1A2I,ABFLOW013,Natural gas,,,0.0
Luxembourg,1993,1A2I,ABFLOW013,Oil,,,0.0
Luxembourg,1993,1A2J,ABFLOW024,Coal,,,0.0
Luxembourg,1993,1A2J,ABFLOW024,Natural gas,,,0.0
Luxembourg,1993,1A2J,ABFLOW024,Oil,,,0.0
Luxembourg,1993,1A2K,ABFLOW014,Coal,,,0.0
Luxembourg,1993,1A2K,ABFLOW014,Natural gas,,,0.0
Luxembourg,1993,1A2K,ABFLOW014,Oil,,,0.0
Luxembourg,1993,1A2L,ABFLOW025,Coal,,,0.0
Luxembourg,1993,1A2L,ABFLOW025,Natural gas,,,0.0
Luxembourg,1993,1A2L,ABFLOW025,Oil,,,0.0
Luxembourg,1993,1A2M,ABFLOW026,Coal,,,0.0
Luxembourg,1993,1A2M,ABFLOW026,Natural gas,,,0.0
Luxembourg,1993,1A2M,ABFLOW026,Oil,,,0.0
Luxembourg,1993,1A3,ABFLOW027,Coal,,,0.0
Luxembourg,1993,1A3,ABFLOW027,Natural gas,,,0.0
Luxembourg,1993,1A3,ABFLOW027,Oil,,,0.0
Luxembourg,1993,1A3A1,ABFLOW040,Coal,,,0.0
Luxembourg,1993,1A3A1,ABFLOW040,Natural gas,,,0.0
Luxembourg,1993,1A3A1,ABFLOW040,Oil,,,0.0
Luxembourg,1993,1A3A2,ABFLOW029,Coal,,,0.0
Luxembourg,1993,1A3A2,ABFLOW029,Natural gas,,,0.0
Luxembourg,1993,1A3A2,ABFLOW029,Oil,,,0.0
Luxembourg,1993,1A3B,ABFLOW028,Coal,,,0.0
Luxembourg,1993,1A3B,ABFLOW028,Natural gas,,,0.0
Luxembourg,1993,1A3B,ABFLOW028,Oil,,,0.0
Luxembourg,1993,1A3C,ABFLOW030,Coal,,,0.0
Luxembourg,1993,1A3C,ABFLOW030,Natural gas,,,0.0
Luxembourg,1993,1A3C,ABFLOW030,Oil,,,0.0
Luxembourg,1993,1A3D1,ABFLOW039,Coal,,,0.0
Luxembourg,1993,1A3D1,ABFLOW039,Natural gas,,,0.0
Luxembourg,1993,1A3D1,ABFLOW039,Oil,,,0.0
Luxembourg,1993,1A3D2,ABFLOW032,Coal,,,0.0
Luxembourg,1993,1A3D2,ABFLOW032,Natural gas,,,0.0
Luxembourg,1993,1A3D2,ABFLOW032,Oil,,,0.0
Luxembourg,1993,1A3E1,ABFLOW033,Coal,,,0.0
Luxembourg,1993,1A3E1,ABFLOW033,Natural gas,,,0.0
Luxembourg,1993,1A3E1,ABFLOW033,Oil,,,0.0
Luxembourg,1993,1A4A,ABFLOW035,Coal,,,0.0
Luxembourg,1993,1A4A,ABFLOW035,Natural gas,,,0.0
Luxembourg,1993,1A4A,ABFLOW035,Oil,,,0.0
Luxembourg,1993,1A4B,ABFLOW034,Coal,,,0.0
Luxembourg,1993,1A4B,ABFLOW034,Natural gas,,,0.0
Luxembourg,1993,1A4B,ABFLOW034,Oil,,,0.0
Luxembourg,1993,1A4C1,ABFLOW036,Coal,,,0.0
Luxembourg,1993,1A4C1,ABFLOW036,Natural gas,,,0.0
Luxembourg,1993,1A4C1,ABFLOW036,Oil,,,0.0
Luxembourg,1993,1A4C2,ABFLOW037,Coal,,,0.0
Luxembourg,1993,1A4C2,ABFLOW037,Natural gas,,,0.0
Luxembourg,1993,1A4C2,ABFLOW037,Oil,,,0.0
Luxembourg,1993,1A5,ABFLOW038,Coal,,,0.0
Luxembourg,1993,1A5,ABFLOW038,Natural gas,,,0.0
Luxembourg,1993,1A5,ABFLOW038,Oil,,,0.0
Luxembourg,1994,1A,ABFLOW001,Coal,,,0.0
Luxembourg,1994,1A,ABFLOW001,Natural gas,,,0.0
Luxembourg,1994,1A,ABFLOW001,Oil,,,0.0
Luxembourg,1994,1A1A,ABFLOW002,Coal,,,0.0
Luxembourg,1994,1A1A,ABFLOW002,Natural gas,,,0.0
Luxembourg,1994,1A1A,ABFLOW002,Oil,,,0.0
Luxembourg,1994,1A1A1,ABFLOW003,Coal,,,0.0
Luxembourg,1994,1A1A1,ABFLOW003,Natural gas,,,0.0
Luxembourg,1994,1A1A1,ABFLOW003,Oil,,,0.0
Luxembourg,1994,1A1A2,ABFLOW004,Coal,,,0.0
Luxembourg,1994,1A1A2,ABFLOW004,Natural gas,,,0.0
Luxembourg,1994,1A1A2,ABFLOW004,Oil,,,0.0
Luxembourg,1994,1A1A3,ABFLOW005,Coal,,,0.0
Luxembourg,1994,1A1A3,ABFLOW005,Natural gas,,,0.0
Luxembourg,1994,1A1A3,ABFLOW005,Oil,,,0.0
Luxembourg,1994,1A1B,ABFLOW011,Coal,,,0.0
Luxembourg,1994,1A1B,ABFLOW011,Natural gas,,,0.0
Luxembourg,1994,1A1B,ABFLOW011,Oil,,,0.0
Luxembourg,1994,1A1C,ABFLOW011,Coal,,,0.0
Luxembourg,1994,1A1C,ABFLOW011,Natural gas,,,0.0
Luxembourg,1994,1A1C,ABFLOW011,Oil,,,0.0
Luxembourg,1994,1A2,ABFLOW012,Coal,,,0.0
Luxembourg,1994,1A2,ABFLOW012,Natural gas,,,0.0
Luxembourg,1994,1A2,ABFLOW012,Oil,,,0.0
Luxembourg,1994,1A2A,ABFLOW016,Coal,,,0.0
Luxembourg,1994,1A2A,ABFLOW016,Natural gas,,,0.0
Luxembourg,1994,1A2A,ABFLOW016,Oil,,,0.0
Luxembourg,1994,1A2B,ABFLOW018,Coal,,,0.0
Luxembourg,1994,1A2B,ABFLOW018,Natural gas,,,0.0
Luxembourg,1994,1A2B,ABFLOW018,Oil,,,0.0
Luxembourg,1994,1A2C,ABFLOW017,Coal,,,0.0
Luxembourg,1994,1A2C,ABFLOW017,Natural gas,,,0.0
Luxembourg,1994,1A2C,ABFLOW017,Oil,,,0.0
Luxembourg,1994,1A2D,ABFLOW023,Coal,,,0.0
Luxembourg,1994,1A2D,ABFLOW023,Natural gas,,,0.0
Luxembourg,1994,1A2D,ABFLOW023,Oil,,,0.0
Luxembourg,1994,1A2E,ABFLOW022,Coal,,,0.0
Luxembourg,1994,1A2E,ABFLOW022,Natural gas,,,0.0
Luxembourg,1994,1A2E,ABFLOW022,Oil,,,0.0
Luxembourg,1994,1A2F,ABFLOW019,Coal,,,0.0
Luxembourg,1994,1A2F,ABFLOW019,Natural gas,,,0.0
Luxembourg,1994,1A2F,ABFLOW019,Oil,,,0.0
Luxembourg,1994,1A2G,ABFLOW020,Coal,,,0.0
Luxembourg,1994,1A2G,ABFLOW020,Natural gas,,,0.0
Luxembourg,1994,1A2G,ABFLOW020,Oil,,,0.0
Luxembourg,1994,1A2H,ABFLOW021,Coal,,,0.0
Luxembourg,1994,1A2H,ABFLOW021,Natural gas,,,0.0
Luxembourg,1994,1A2H,ABFLOW021,Oil,,,0.0
Luxembourg,1994,1A2I,ABFLOW013,Coal,,,0.0
Luxembourg,1994,1A2I,ABFLOW013,Natural gas,,,0.0
Luxembourg,1994,1A2I,ABFLOW013,Oil,,,0.0
Luxembourg,1994,1A2J,ABFLOW024,Coal,,,0.0
Luxembourg,1994,1A2J,ABFLOW024,Natural gas,,,0.0
Luxembourg,1994,1A2J,ABFLOW024,Oil,,,0.0
Luxembourg,1994,1A2K,ABFLOW014,Coal,,,0.0
Luxembourg,1994,1A2K,ABFLOW014,Natural gas,,,0.0
Luxembourg,1994,1A2K,ABFLOW014,Oil,,,0.0
Luxembourg,1994,1A2L,ABFLOW025,Coal,,,0.0
Luxembourg,1994,1A2L,ABFLOW025,Natural gas,,,0.0
Luxembourg,1994,1A2L,ABFLOW025,Oil,,,0.0
Luxembourg,1994,1A2M,ABFLOW026,Coal,,,0.0
Luxembourg,1994,1A2M,ABFLOW026,Natural gas,,,0.0
Luxembourg,1994,1A2M,ABFLOW026,Oil,,,0.0
Luxembourg,1994,1A3,ABFLOW027,Coal,,,0.0
Luxembourg,1994,1A3,ABFLOW027,Natural gas,,,0.0
Luxembourg,1994,1A3,ABFLOW027,Oil,,,0.0
Luxembourg,1994,1A3A1,ABFLOW040,Coal,,,0.0
Luxembourg,1994,1A3A1,ABFLOW040,Natural gas,,,0.0
Luxembourg,1994,1A3A1,ABFLOW040,Oil,,,0.0
Luxembourg,1994,1A3A2,ABFLOW029,Coal,,,0.0
Luxembourg,1994,1A3A2,ABFLOW029,Natural gas,,,0.0
Luxembourg,1994,1A3A2,ABFLOW029,Oil,,,0.0
Luxembourg,1994,1A3B,ABFLOW028,Coal,,,0.0
Luxembourg,1994,1A3B,ABFLOW028,Natural gas,,,0.0
Luxembourg,1994,1A3B,ABFLOW028,Oil,,,0.0
Luxembourg,1994,1A3C,ABFLOW030,Coal,,,0.0
Luxembourg,1994,1A3C,ABFLOW030,Natural gas,,,0.0
Luxembourg,1994,1A3C,ABFLOW030,Oil,,,0.0
Luxembourg,1994,1A3D1,ABFLOW039,Coal,,,0.0
Luxembourg,1994,1A3D1,ABFLOW039,Natural gas,,,0.0
Luxembourg,1994,1A3D1,ABFLOW039,Oil,,,0.0
Luxembourg,1994,1A3D2,ABFLOW032,Coal,,,0.0
Luxembourg,1994,1A3D2,ABFLOW032,Natural gas,,,0.0
Luxembourg,1994,1A3D2,ABFLOW032,Oil,,,0.0
Luxembourg,1994,1A3E1,ABFLOW033,Coal,,,0.0
Luxembourg,1994,1A3E1,ABFLOW033,Natural gas,,,0.0
Luxembourg,1994,1A3E1,ABFLOW033,Oil,,,0.0
Luxembourg,1994,1A4A,ABFLOW035,Coal,,,0.0
Luxembourg,1994,1A4A,ABFLOW035,Natural gas,,,0.0
Luxembourg,1994,1A4A,ABFLOW035,Oil,,,0.0
Luxembourg,1994,1A4B,ABFLOW034,Coal,,,0.0
Luxembourg,1994,1A4B,ABFLOW034,Natural gas,,,0.0
Luxembourg,1994,1A4B,ABFLOW034,Oil,,,0.0
Luxembourg,1994,1A4C1,ABFLOW036,Coal,,,0.0
Luxembourg,1994,1A4C1,ABFLOW036,Natural gas,,,0.0
Luxembourg,1994,1A4C1,ABFLOW036,Oil,,,0.0
Luxembourg,1994,1A4C2,ABFLOW037,Coal,,,0.0
Luxembourg,1994,1A4C2,ABFLOW037,Natural gas,,,0.0
Luxembourg,1994,1A4C2,ABFLOW037,Oil,,,0.0
Luxembourg,1994,1A5,ABFLOW038,Coal,,,0.0
Luxembourg,1994,1A5,ABFLOW038,Natural gas,,,0.0
Luxembourg,1994,1A5,ABFLOW038,Oil,,,0.0
Luxembourg,1995,1A,ABFLOW001,Coal,,,0.0
Luxembourg,1995,1A,ABFLOW001,Natural gas,,,0.0
Luxembourg,1995,1A,ABFLOW001,Oil,,,0.0
Luxembourg,1995,1A1A,ABFLOW002,Coal,,,0.0
Luxembourg,1995,1A1A,ABFLOW002,Natural gas,,,0.0
Luxembourg,1995,1A1A,ABFLOW002,Oil,,,0.0
Luxembourg,1995,1A1A1,ABFLOW003,Coal,,,0.0
Luxembourg,1995,1A1A1,ABFLOW003,Natural gas,,,0.0
Luxembourg,1995,1A1A1,ABFLOW003,Oil,,,0.0
Luxembourg,1995,1A1A2,ABFLOW004,Coal,,,0.0
Luxembourg,1995,1A1A2,ABFLOW004,Natural gas,,,0.0
Luxembourg,1995,1A1A2,ABFLOW004,Oil,,,0.0
Luxembourg,1995,1A1A3,ABFLOW005,Coal,,,0.0
Luxembourg,1995,1A1A3,ABFLOW005,Natural gas,,,0.0
Luxembourg,1995,1A1A3,ABFLOW005,Oil,,,0.0
Luxembourg,1995,1A1B,ABFLOW011,Coal,,,0.0
Luxembourg,1995,1A1B,ABFLOW011,Natural gas,,,0.0
Luxembourg,1995,1A1B,ABFLOW011,Oil,,,0.0
Luxembourg,1995,1A1C,ABFLOW011,Coal,,,0.0
Luxembourg,1995,1A1C,ABFLOW011,Natural gas,,,0.0
Luxembourg,1995,1A1C,ABFLOW011,Oil,,,0.0
Luxembourg,1995,1A2,ABFLOW012,Coal,,,0.0
Luxembourg,1995,1A2,ABFLOW012,Natural gas,,,0.0
Luxembourg,1995,1A2,ABFLOW012,Oil,,,0.0
Luxembourg,1995,1A2A,ABFLOW016,Coal,,,0.0
Luxembourg,1995,1A2A,ABFLOW016,Natural gas,,,0.0
Luxembourg,1995,1A2A,ABFLOW016,Oil,,,0.0
Luxembourg,1995,1A2B,ABFLOW018,Coal,,,0.0
Luxembourg,1995,1A2B,ABFLOW018,Natural gas,,,0.0
Luxembourg,1995,1A2B,ABFLOW018,Oil,,,0.0
Luxembourg,1995,1A2C,ABFLOW017,Coal,,,0.0
Luxembourg,1995,1A2C,ABFLOW017,Natural gas,,,0.0
Luxembourg,1995,1A2C,ABFLOW017,Oil,,,0.0
Luxembourg,1995,1A2D,ABFLOW023,Coal,,,0.0
Luxembourg,1995,1A2D,ABFLOW023,Natural gas,,,0.0
Luxembourg,1995,1A2D,ABFLOW023,Oil,,,0.0
Luxembourg,1995,1A2E,ABFLOW022,Coal,,,0.0
Luxembourg,1995,1A2E,ABFLOW022,Natural gas,,,0.0
Luxembourg,1995,1A2E,ABFLOW022,Oil,,,0.0
Luxembourg,1995,1A2F,ABFLOW019,Coal,,,0.0
Luxembourg,1995,1A2F,ABFLOW019,Natural gas,,,0.0
Luxembourg,1995,1A2F,ABFLOW019,Oil,,,0.0
Luxembourg,1995,1A2G,ABFLOW020,Coal,,,0.0
Luxembourg,1995,1A2G,ABFLOW020,Natural gas,,,0.0
Luxembourg,1995,1A2G,ABFLOW020,Oil,,,0.0
Luxembourg,1995,1A2H,ABFLOW021,Coal,,,0.0
Luxembourg,1995,1A2H,ABFLOW021,Natural gas,,,0.0
Luxembourg,1995,1A2H,ABFLOW021,Oil,,,0.0
Luxembourg,1995,1A2I,ABFLOW013,Coal,,,0.0
Luxembourg,1995,1A2I,ABFLOW013,Natural gas,,,0.0
Luxembourg,1995,1A2I,ABFLOW013,Oil,,,0.0
Luxembourg,1995,1A2J,ABFLOW024,Coal,,,0.0
Luxembourg,1995,1A2J,ABFLOW024,Natural gas,,,0.0
Luxembourg,1995,1A2J,ABFLOW024,Oil,,,0.0
Luxembourg,1995,1A2K,ABFLOW014,Coal,,,0.0
Luxembourg,1995,1A2K,ABFLOW014,Natural gas,,,0.0
Luxembourg,1995,1A2K,ABFLOW014,Oil,,,0.0
Luxembourg,1995,1A2L,ABFLOW025,Coal,,,0.0
Luxembourg,1995,1A2L,ABFLOW025,Natural gas,,,0.0
Luxembourg,1995,1A2L,ABFLOW025,Oil,,,0.0
Luxembourg,1995,1A2M,ABFLOW026,Coal,,,0.0
Luxembourg,1995,1A2M,ABFLOW026,Natural gas,,,0.0
Luxembourg,1995,1A2M,ABFLOW026,Oil,,,0.0
Luxembourg,1995,1A3,ABFLOW027,Coal,,,0.0
Luxembourg,1995,1A3,ABFLOW027,Natural gas,,,0.0
Luxembourg,1995,1A3,ABFLOW027,Oil,,,0.0
Luxembourg,1995,1A3A1,ABFLOW040,Coal,,,0.0
Luxembourg,1995,1A3A1,ABFLOW040,Natural gas,,,0.0
Luxembourg,1995,1A3A1,ABFLOW040,Oil,,,0.0
Luxembourg,1995,1A3A2,ABFLOW029,Coal,,,0.0
Luxembourg,1995,1A3A2,ABFLOW029,Natural gas,,,0.0
Luxembourg,1995,1A3A2,ABFLOW029,Oil,,,0.0
Luxembourg,1995,1A3B,ABFLOW028,Coal,,,0.0
Luxembourg,1995,1A3B,ABFLOW028,Natural gas,,,0.0
Luxembourg,1995,1A3B,ABFLOW028,Oil,,,0.0
Luxembourg,1995,1A3C,ABFLOW030,Coal,,,0.0
Luxembourg,1995,1A3C,ABFLOW030,Natural gas,,,0.0
Luxembourg,1995,1A3C,ABFLOW030,Oil,,,0.0
Luxembourg,1995,1A3D1,ABFLOW039,Coal,,,0.0
Luxembourg,1995,1A3D1,ABFLOW039,Natural gas,,,0.0
Luxembourg,1995,1A3D1,ABFLOW039,Oil,,,0.0
Luxembourg,1995,1A3D2,ABFLOW032,Coal,,,0.0
Luxembourg,1995,1A3D2,ABFLOW032,Natural gas,,,0.0
Luxembourg,1995,1A3D2,ABFLOW032,Oil,,,0.0
Luxembourg,1995,1A3E1,ABFLOW033,Coal,,,0.0
Luxembourg,1995,1A3E1,ABFLOW033,Natural gas,,,0.0
Luxembourg,1995,1A3E1,ABFLOW033,Oil,,,0.0
Luxembourg,1995,1A4A,ABFLOW035,Coal,,,0.0
Luxembourg,1995,1A4A,ABFLOW035,Natural gas,,,0.0
Luxembourg,1995,1A4A,ABFLOW035,Oil,,,0.0
Luxembourg,1995,1A4B,ABFLOW034,Coal,,,0.0
Luxembourg,1995,1A4B,ABFLOW034,Natural gas,,,0.0
Luxembourg,1995,1A4B,ABFLOW034,Oil,,,0.0
Luxembourg,1995,1A4C1,ABFLOW036,Coal,,,0.0
Luxembourg,1995,1A4C1,ABFLOW036,Natural gas,,,0.0
Luxembourg,1995,1A4C1,ABFLOW036,Oil,,,0.0
Luxembourg,1995,1A4C2,ABFLOW037,Coal,,,0.0
Luxembourg,1995,1A4C2,ABFLOW037,Natural gas,,,0.0
Luxembourg,1995,1A4C2,ABFLOW037,Oil,,,0.0
Luxembourg,1995,1A5,ABFLOW038,Coal,,,0.0
Luxembourg,1995,1A5,ABFLOW038,Natural gas,,,0.0
Luxembourg,1995,1A5,ABFLOW038,Oil,,,0.0
Luxembourg,1996,1A,ABFLOW001,Coal,,,0.0
Luxembourg,1996,1A,ABFLOW001,Natural gas,,,0.0
Luxembourg,1996,1A,ABFLOW001,Oil,,,0.0
Luxembourg,1996,1A1A,ABFLOW002,Coal,,,0.0
Luxembourg,1996,1A1A,ABFLOW002,Natural gas,,,0.0
Luxembourg,1996,1A1A,ABFLOW002,Oil,,,0.0
Luxembourg,1996,1A1A1,ABFLOW003,Coal,,,0.0
Luxembourg,1996,1A1A1,ABFLOW003,Natural gas,,,0.0
Luxembourg,1996,1A1A1,ABFLOW003,Oil,,,0.0
Luxembourg,1996,1A1A2,ABFLOW004,Coal,,,0.0
Luxembourg,1996,1A1A2,ABFLOW004,Natural gas,,,0.0
Luxembourg,1996,1A1A2,ABFLOW004,Oil,,,0.0
Luxembourg,1996,1A1A3,ABFLOW005,Coal,,,0.0
Luxembourg,1996,1A1A3,ABFLOW005,Natural gas,,,0.0
Luxembourg,1996,1A1A3,ABFLOW005,Oil,,,0.0
Luxembourg,1996,1A1B,ABFLOW011,Coal,,,0.0
Luxembourg,1996,1A1B,ABFLOW011,Natural gas,,,0.0
Luxembourg,1996,1A1B,ABFLOW011,Oil,,,0.0
Luxembourg,1996,1A1C,ABFLOW011,Coal,,,0.0
Luxembourg,1996,1A1C,ABFLOW011,Natural gas,,,0.0
Luxembourg,1996,1A1C,ABFLOW011,Oil,,,0.0
Luxembourg,1996,1A2,ABFLOW012,Coal,,,0.0
Luxembourg,1996,1A2,ABFLOW012,Natural gas,,,0.0
Luxembourg,1996,1A2,ABFLOW012,Oil,,,0.0
Luxembourg,1996,1A2A,ABFLOW016,Coal,,,0.0
Luxembourg,1996,1A2A,ABFLOW016,Natural gas,,,0.0
Luxembourg,1996,1A2A,ABFLOW016,Oil,,,0.0
Luxembourg,1996,1A2B,ABFLOW018,Coal,,,0.0
Luxembourg,1996,1A2B,ABFLOW018,Natural gas,,,0.0
Luxembourg,1996,1A2B,ABFLOW018,Oil,,,0.0
Luxembourg,1996,1A2C,ABFLOW017,Coal,,,0.0
Luxembourg,1996,1A2C,ABFLOW017,Natural gas,,,0.0
Luxembourg,1996,1A2C,ABFLOW017,Oil,,,0.0
Luxembourg,1996,1A2D,ABFLOW023,Coal,,,0.0
Luxembourg,1996,1A2D,ABFLOW023,Natural gas,,,0.0
Luxembourg,1996,1A2D,ABFLOW023,Oil,,,0.0
Luxembourg,1996,1A2E,ABFLOW022,Coal,,,0.0
Luxembourg,1996,1A2E,ABFLOW022,Natural gas,,,0.0
Luxembourg,1996,1A2E,ABFLOW022,Oil,,,0.0
Luxembourg,1996,1A2F,ABFLOW019,Coal,,,0.0
Luxembourg,1996,1A2F,ABFLOW019,Natural gas,,,0.0
Luxembourg,1996,1A2F,ABFLOW019,Oil,,,0.0
Luxembourg,1996,1A2G,ABFLOW020,Coal,,,0.0
Luxembourg,1996,1A2G,ABFLOW020,Natural gas,,,0.0
Luxembourg,1996,1A2G,ABFLOW020,Oil,,,0.0
Luxembourg,1996,1A2H,ABFLOW021,Coal,,,0.0
Luxembourg,1996,1A2H,ABFLOW021,Natural gas,,,0.0
Luxembourg,1996,1A2H,ABFLOW021,Oil,,,0.0
Luxembourg,1996,1A2I,ABFLOW013,Coal,,,0.0
Luxembourg,1996,1A2I,ABFLOW013,Natural gas,,,0.0
Luxembourg,1996,1A2I,ABFLOW013,Oil,,,0.0
Luxembourg,1996,1A2J,ABFLOW024,Coal,,,0.0
Luxembourg,1996,1A2J,ABFLOW024,Natural gas,,,0.0
Luxembourg,1996,1A2J,ABFLOW024,Oil,,,0.0
Luxembourg,1996,1A2K,ABFLOW014,Coal,,,0.0
Luxembourg,1996,1A2K,ABFLOW014,Natural gas,,,0.0
Luxembourg,1996,1A2K,ABFLOW014,Oil,,,0.0
Luxembourg,1996,1A2L,ABFLOW025,Coal,,,0.0
Luxembourg,1996,1A2L,ABFLOW025,Natural gas,,,0.0
Luxembourg,1996,1A2L,ABFLOW025,Oil,,,0.0
Luxembourg,1996,1A2M,ABFLOW026,Coal,,,0.0
Luxembourg,1996,1A2M,ABFLOW026,Natural gas,,,0.0
Luxembourg,1996,1A2M,ABFLOW026,Oil,,,0.0
Luxembourg,1996,1A3,ABFLOW027,Coal,,,0.0
Luxembourg,1996,1A3,ABFLOW027,Natural gas,,,0.0
Luxembourg,1996,1A3,ABFLOW027,Oil,,,0.0
Luxembourg,1996,1A3A1,ABFLOW040,Coal,,,0.0
Luxembourg,1996,1A3A1,ABFLOW040,Natural gas,,,0.0
Luxembourg,1996,1A3A1,ABFLOW040,Oil,,,0.0
Luxembourg,1996,1A3A2,ABFLOW029,Coal,,,0.0
Luxembourg,1996,1A3A2,ABFLOW029,Natural gas,,,0.0
Luxembourg,1996,1A3A2,ABFLOW029,Oil,,,0.0
Luxembourg,1996,1A3B,ABFLOW028,Coal,,,0.0
Luxembourg,1996,1A3B,ABFLOW028,Natural gas,,,0.0
Luxembourg,1996,1A3B,ABFLOW028,Oil,,,0.0
Luxembourg,1996,1A3C,ABFLOW030,Coal,,,0.0
Luxembourg,1996,1A3C,ABFLOW030,Natural gas,,,0.0
Luxembourg,1996,1A3C,ABFLOW030,Oil,,,0.0
Luxembourg,1996,1A3D1,ABFLOW039,Coal,,,0.0
Luxembourg,1996,1A3D1,ABFLOW039,Natural gas,,,0.0
Luxembourg,1996,1A3D1,ABFLOW039,Oil,,,0.0
Luxembourg,1996,1A3D2,ABFLOW032,Coal,,,0.0
Luxembourg,1996,1A3D2,ABFLOW032,Natural gas,,,0.0
Luxembourg,1996,1A3D2,ABFLOW032,Oil,,,0.0
Luxembourg,1996,1A3E1,ABFLOW033,Coal,,,0.0
Luxembourg,1996,1A3E1,ABFLOW033,Natural gas,,,0.0
Luxembourg,1996,1A3E1,ABFLOW033,Oil,,,0.0
Luxembourg,1996,1A4A,ABFLOW035,Coal,,,0.0
Luxembourg,1996,1A4A,ABFLOW035,Natural gas,,,0.0
Luxembourg,1996,1A4A,ABFLOW035,Oil,,,0.0
Luxembourg,1996,1A4B,ABFLOW034,Coal,,,0.0
Luxembourg,1996,1A4B,ABFLOW034,Natural gas,,,0.0
Luxembourg,1996,1A4B,ABFLOW034,Oil,,,0.0
Luxembourg,1996,1A4C1,ABFLOW036,Coal,,,0.0
Luxembourg,1996,1A4C1,ABFLOW036,Natural gas,,,0.0
Luxembourg,1996,1A4C1,ABFLOW036,Oil,,,0.0
Luxembourg,1996,1A4C2,ABFLOW037,Coal,,,0.0
Luxembourg,1996,1A4C2,ABFLOW037,Natural gas,,,0.0
Luxembourg,1996,1A4C2,ABFLOW037,Oil,,,0.0
Luxembourg,1996,1A5,ABFLOW038,Coal,,,0.0
Luxembourg,1996,1A5,ABFLOW038,Natural gas,,,0.0
Luxembourg,1996,1A5,ABFLOW038,Oil,,,0.0
Luxembourg,1997,1A,ABFLOW001,Coal,,,0.0
Luxembourg,1997,1A,ABFLOW001,Natural gas,,,0.0
Luxembourg,1997,1A,ABFLOW001,Oil,,,0.0
Luxembourg,1997,1A1A,ABFLOW002,Coal,,,0.0
Luxembourg,1997,1A1A,ABFLOW002,Natural gas,,,0.0
Luxembourg,1997,1A1A,ABFLOW002,Oil,,,0.0
Luxembourg,1997,1A1A1,ABFLOW003,Coal,,,0.0
Luxembourg,1997,1A1A1,ABFLOW003,Natural gas,,,0.0
Luxembourg,1997,1A1A1,ABFLOW003,Oil,,,0.0
Luxembourg,1997,1A1A2,ABFLOW004,Coal,,,0.0
Luxembourg,1997,1A1A2,ABFLOW004,Natural gas,,,0.0
Luxembourg,1997,1A1A2,ABFLOW004,Oil,,,0.0
Luxembourg,1997,1A1A3,ABFLOW005,Coal,,,0.0
Luxembourg,1997,1A1A3,ABFLOW005,Natural gas,,,0.0
Luxembourg,1997,1A1A3,ABFLOW005,Oil,,,0.0
Luxembourg,1997,1A1B,ABFLOW011,Coal,,,0.0
Luxembourg,1997,1A1B,ABFLOW011,Natural gas,,,0.0
Luxembourg,1997,1A1B,ABFLOW011,Oil,,,0.0
Luxembourg,1997,1A1C,ABFLOW011,Coal,,,0.0
Luxembourg,1997,1A1C,ABFLOW011,Natural gas,,,0.0
Luxembourg,1997,1A1C,ABFLOW011,Oil,,,0.0
Luxembourg,1997,1A2,ABFLOW012,Coal,,,0.0
Luxembourg,1997,1A2,ABFLOW012,Natural gas,,,0.0
Luxembourg,1997,1A2,ABFLOW012,Oil,,,0.0
Luxembourg,1997,1A2A,ABFLOW016,Coal,,,0.0
Luxembourg,1997,1A2A,ABFLOW016,Natural gas,,,0.0
Luxembourg,1997,1A2A,ABFLOW016,Oil,,,0.0
Luxembourg,1997,1A2B,ABFLOW018,Coal,,,0.0
Luxembourg,1997,1A2B,ABFLOW018,Natural gas,,,0.0
Luxembourg,1997,1A2B,ABFLOW018,Oil,,,0.0
Luxembourg,1997,1A2C,ABFLOW017,Coal,,,0.0
Luxembourg,1997,1A2C,ABFLOW017,Natural gas,,,0.0
Luxembourg,1997,1A2C,ABFLOW017,Oil,,,0.0
Luxembourg,1997,1A2D,ABFLOW023,Coal,,,0.0
Luxembourg,1997,1A2D,ABFLOW023,Natural gas,,,0.0
Luxembourg,1997,1A2D,ABFLOW023,Oil,,,0.0
Luxembourg,1997,1A2E,ABFLOW022,Coal,,,0.0
Luxembourg,1997,1A2E,ABFLOW022,Natural gas,,,0.0
Luxembourg,1997,1A2E,ABFLOW022,Oil,,,0.0
Luxembourg,1997,1A2F,ABFLOW019,Coal,,,0.0
Luxembourg,1997,1A2F,ABFLOW019,Natural gas,,,0.0
Luxembourg,1997,1A2F,ABFLOW019,Oil,,,0.0
Luxembourg,1997,1A2G,ABFLOW020,Coal,,,0.0
Luxembourg,1997,1A2G,ABFLOW020,Natural gas,,,0.0
Luxembourg,1997,1A2G,ABFLOW020,Oil,,,0.0
Luxembourg,1997,1A2H,ABFLOW021,Coal,,,0.0
Luxembourg,1997,1A2H,ABFLOW021,Natural gas,,,0.0
Luxembourg,1997,1A2H,ABFLOW021,Oil,,,0.0
Luxembourg,1997,1A2I,ABFLOW013,Coal,,,0.0
Luxembourg,1997,1A2I,ABFLOW013,Natural gas,,,0.0
Luxembourg,1997,1A2I,ABFLOW013,Oil,,,0.0
Luxembourg,1997,1A2J,ABFLOW024,Coal,,,0.0
Luxembourg,1997,1A2J,ABFLOW024,Natural gas,,,0.0
Luxembourg,1997,1A2J,ABFLOW024,Oil,,,0.0
Luxembourg,1997,1A2K,ABFLOW014,Coal,,,0.0
Luxembourg,1997,1A2K,ABFLOW014,Natural gas,,,0.0
Luxembourg,1997,1A2K,ABFLOW014,Oil,,,0.0
Luxembourg,1997,1A2L,ABFLOW025,Coal,,,0.0
Luxembourg,1997,1A2L,ABFLOW025,Natural gas,,,0.0
Luxembourg,1997,1A2L,ABFLOW025,Oil,,,0.0
Luxembourg,1997,1A2M,ABFLOW026,Coal,,,0.0
Luxembourg,1997,1A2M,ABFLOW026,Natural gas,,,0.0
Luxembourg,1997,1A2M,ABFLOW026,Oil,,,0.0
Luxembourg,1997,1A3,ABFLOW027,Coal,,,0.0
Luxembourg,1997,1A3,ABFLOW027,Natural gas,,,0.0
Luxembourg,1997,1A3,ABFLOW027,Oil,,,0.0
Luxembourg,1997,1A3A1,ABFLOW040,Coal,,,0.0
Luxembourg,1997,1A3A1,ABFLOW040,Natural gas,,,0.0
Luxembourg,1997,1A3A1,ABFLOW040,Oil,,,0.0
Luxembourg,1997,1A3A2,ABFLOW029,Coal,,,0.0
Luxembourg,1997,1A3A2,ABFLOW029,Natural gas,,,0.0
Luxembourg,1997,1A3A2,ABFLOW029,Oil,,,0.0
Luxembourg,1997,1A3B,ABFLOW028,Coal,,,0.0
Luxembourg,1997,1A3B,ABFLOW028,Natural gas,,,0.0
Luxembourg,1997,1A3B,ABFLOW028,Oil,,,0.0
Luxembourg,1997,1A3C,ABFLOW030,Coal,,,0.0
Luxembourg,1997,1A3C,ABFLOW030,Natural gas,,,0.0
Luxembourg,1997,1A3C,ABFLOW030,Oil,,,0.0
Luxembourg,1997,1A3D1,ABFLOW039,Coal,,,0.0
Luxembourg,1997,1A3D1,ABFLOW039,Natural gas,,,0.0
Luxembourg,1997,1A3D1,ABFLOW039,Oil,,,0.0
Luxembourg,1997,1A3D2,ABFLOW032,Coal,,,0.0
Luxembourg,1997,1A3D2,ABFLOW032,Natural gas,,,0.0
Luxembourg,1997,1A3D2,ABFLOW032,Oil,,,0.0
Luxembourg,1997,1A3E1,ABFLOW033,Coal,,,0.0
Luxembourg,1997,1A3E1,ABFLOW033,Natural gas,,,0.0
Luxembourg,1997,1A3E1,ABFLOW033,Oil,,,0.0
Luxembourg,1997,1A4A,ABFLOW035,Coal,,,0.0
Luxembourg,1997,1A4A,ABFLOW035,Natural gas,,,0.0
Luxembourg,1997,1A4A,ABFLOW035,Oil,,,0.0
Luxembourg,1997,1A4B,ABFLOW034,Coal,,,0.0
Luxembourg,1997,1A4B,ABFLOW034,Natural gas,,,0.0
Luxembourg,1997,1A4B,ABFLOW034,Oil,,,0.0
Luxembourg,1997,1A4C1,ABFLOW036,Coal,,,0.0
Luxembourg,1997,1A4C1,ABFLOW036,Natural gas,,,0.0
Luxembourg,1997,1A4C1,ABFLOW036,Oil,,,0.0
Luxembourg,1997,1A4C2,ABFLOW037,Coal,,,0.0
Luxembourg,1997,1A4C2,ABFLOW037,Natural gas,,,0.0
Luxembourg,1997,1A4C2,ABFLOW037,Oil,,,0.0
Luxembourg,1997,1A5,ABFLOW038,Coal,,,0.0
Luxembourg,1997,1A5,ABFLOW038,Natural gas,,,0.0
Luxembourg,1997,1A5,ABFLOW038,Oil,,,0.0
Luxembourg,1998,1A,ABFLOW001,Coal,,,0.0
Luxembourg,1998,1A,ABFLOW001,Natural gas,,,0.0
Luxembourg,1998,1A,ABFLOW001,Oil,,,0.0
Luxembourg,1998,1A1A,ABFLOW002,Coal,,,0.0
Luxembourg,1998,1A1A,ABFLOW002,Natural gas,,,0.0
Luxembourg,1998,1A1A,ABFLOW002,Oil,,,0.0
Luxembourg,1998,1A1A1,ABFLOW003,Coal,,,0.0
Luxembourg,1998,1A1A1,ABFLOW003,Natural gas,,,0.0
Luxembourg,1998,1A1A1,ABFLOW003,Oil,,,0.0
Luxembourg,1998,1A1A2,ABFLOW004,Coal,,,0.0
Luxembourg,1998,1A1A2,ABFLOW004,Natural gas,,,0.0
Luxembourg,1998,1A1A2,ABFLOW004,Oil,,,0.0
Luxembourg,1998,1A1A3,ABFLOW005,Coal,,,0.0
Luxembourg,1998,1A1A3,ABFLOW005,Natural gas,,,0.0
Luxembourg,1998,1A1A3,ABFLOW005,Oil,,,0.0
Luxembourg,1998,1A1B,ABFLOW011,Coal,,,0.0
Luxembourg,1998,1A1B,ABFLOW011,Natural gas,,,0.0
Luxembourg,1998,1A1B,ABFLOW011,Oil,,,0.0
Luxembourg,1998,1A1C,ABFLOW011,Coal,,,0.0
Luxembourg,1998,1A1C,ABFLOW011,Natural gas,,,0.0
Luxembourg,1998,1A1C,ABFLOW011,Oil,,,0.0
Luxembourg,1998,1A2,ABFLOW012,Coal,,,0.0
Luxembourg,1998,1A2,ABFLOW012,Natural gas,,,0.0
Luxembourg,1998,1A2,ABFLOW012,Oil,,,0.0
Luxembourg,1998,1A2A,ABFLOW016,Coal,,,0.0
Luxembourg,1998,1A2A,ABFLOW016,Natural gas,,,0.0
Luxembourg,1998,1A2A,ABFLOW016,Oil,,,0.0
Luxembourg,1998,1A2B,ABFLOW018,Coal,,,0.0
Luxembourg,1998,1A2B,ABFLOW018,Natural gas,,,0.0
Luxembourg,1998,1A2B,ABFLOW018,Oil,,,0.0
Luxembourg,1998,1A2C,ABFLOW017,Coal,,,0.0
Luxembourg,1998,1A2C,ABFLOW017,Natural gas,,,0.0
Luxembourg,1998,1A2C,ABFLOW017,Oil,,,0.0
Luxembourg,1998,1A2D,ABFLOW023,Coal,,,0.0
Luxembourg,1998,1A2D,ABFLOW023,Natural gas,,,0.0
Luxembourg,1998,1A2D,ABFLOW023,Oil,,,0.0
Luxembourg,1998,1A2E,ABFLOW022,Coal,,,0.0
Luxembourg,1998,1A2E,ABFLOW022,Natural gas,,,0.0
Luxembourg,1998,1A2E,ABFLOW022,Oil,,,0.0
Luxembourg,1998,1A2F,ABFLOW019,Coal,,,0.0
Luxembourg,1998,1A2F,ABFLOW019,Natural gas,,,0.0
Luxembourg,1998,1A2F,ABFLOW019,Oil,,,0.0
Luxembourg,1998,1A2G,ABFLOW020,Coal,,,0.0
Luxembourg,1998,1A2G,ABFLOW020,Natural gas,,,0.0
Luxembourg,1998,1A2G,ABFLOW020,Oil,,,0.0
Luxembourg,1998,1A2H,ABFLOW021,Coal,,,0.0
Luxembourg,1998,1A2H,ABFLOW021,Natural gas,,,0.0
Luxembourg,1998,1A2H,ABFLOW021,Oil,,,0.0
Luxembourg,1998,1A2I,ABFLOW013,Coal,,,0.0
Luxembourg,1998,1A2I,ABFLOW013,Natural gas,,,0.0
Luxembourg,1998,1A2I,ABFLOW013,Oil,,,0.0
Luxembourg,1998,1A2J,ABFLOW024,Coal,,,0.0
Luxembourg,1998,1A2J,ABFLOW024,Natural gas,,,0.0
Luxembourg,1998,1A2J,ABFLOW024,Oil,,,0.0
Luxembourg,1998,1A2K,ABFLOW014,Coal,,,0.0
Luxembourg,1998,1A2K,ABFLOW014,Natural gas,,,0.0
Luxembourg,1998,1A2K,ABFLOW014,Oil,,,0.0
Luxembourg,1998,1A2L,ABFLOW025,Coal,,,0.0
Luxembourg,1998,1A2L,ABFLOW025,Natural gas,,,0.0
Luxembourg,1998,1A2L,ABFLOW025,Oil,,,0.0
Luxembourg,1998,1A2M,ABFLOW026,Coal,,,0.0
Luxembourg,1998,1A2M,ABFLOW026,Natural gas,,,0.0
Luxembourg,1998,1A2M,ABFLOW026,Oil,,,0.0
Luxembourg,1998,1A3,ABFLOW027,Coal,,,0.0
Luxembourg,1998,1A3,ABFLOW027,Natural gas,,,0.0
Luxembourg,1998,1A3,ABFLOW027,Oil,,,0.0
Luxembourg,1998,1A3A1,ABFLOW040,Coal,,,0.0
Luxembourg,1998,1A3A1,ABFLOW040,Natural gas,,,0.0
Luxembourg,1998,1A3A1,ABFLOW040,Oil,,,0.0
Luxembourg,1998,1A3A2,ABFLOW029,Coal,,,0.0
Luxembourg,1998,1A3A2,ABFLOW029,Natural gas,,,0.0
Luxembourg,1998,1A3A2,ABFLOW029,Oil,,,0.0
Luxembourg,1998,1A3B,ABFLOW028,Coal,,,0.0
Luxembourg,1998,1A3B,ABFLOW028,Natural gas,,,0.0
Luxembourg,1998,1A3B,ABFLOW028,Oil,,,0.0
Luxembourg,1998,1A3C,ABFLOW030,Coal,,,0.0
Luxembourg,1998,1A3C,ABFLOW030,Natural gas,,,0.0
Luxembourg,1998,1A3C,ABFLOW030,Oil,,,0.0
Luxembourg,1998,1A3D1,ABFLOW039,Coal,,,0.0
Luxembourg,1998,1A3D1,ABFLOW039,Natural gas,,,0.0
Luxembourg,1998,1A3D1,ABFLOW039,Oil,,,0.0
Luxembourg,1998,1A3D2,ABFLOW032,Coal,,,0.0
Luxembourg,1998,1A3D2,ABFLOW032,Natural gas,,,0.0
Luxembourg,1998,1A3D2,ABFLOW032,Oil,,,0.0
Luxembourg,1998,1A3E1,ABFLOW033,Coal,,,0.0
Luxembourg,1998,1A3E1,ABFLOW033,Natural gas,,,0.0
Luxembourg,1998,1A3E1,ABFLOW033,Oil,,,0.0
Luxembourg,1998,1A4A,ABFLOW035,Coal,,,0.0
Luxembourg,1998,1A4A,ABFLOW035,Natural gas,,,0.0
Luxembourg,1998,1A4A,ABFLOW035,Oil,,,0.0
Luxembourg,1998,1A4B,ABFLOW034,Coal,,,0.0
Luxembourg,1998,1A4B,ABFLOW034,Natural gas,,,0.0
Luxembourg,1998,1A4B,ABFLOW034,Oil,,,0.0
Luxembourg,1998,1A4C1,ABFLOW036,Coal,,,0.0
Luxembourg,1998,1A4C1,ABFLOW036,Natural gas,,,0.0
Luxembourg,1998,1A4C1,ABFLOW036,Oil,,,0.0
Luxembourg,1998,1A4C2,ABFLOW037,Coal,,,0.0
Luxembourg,1998,1A4C2,ABFLOW037,Natural gas,,,0.0
Luxembourg,1998,1A4C2,ABFLOW037,Oil,,,0.0
Luxembourg,1998,1A5,ABFLOW038,Coal,,,0.0
Luxembourg,1998,1A5,ABFLOW038,Natural gas,,,0.0
Luxembourg,1998,1A5,ABFLOW038,Oil,,,0.0
Luxembourg,1999,1A,ABFLOW001,Coal,,,0.0
Luxembourg,1999,1A,ABFLOW001,Natural gas,,,0.0
Luxembourg,1999,1A,ABFLOW001,Oil,,,0.0
Luxembourg,1999,1A1A,ABFLOW002,Coal,,,0.0
Luxembourg,1999,1A1A,ABFLOW002,Natural gas,,,0.0
Luxembourg,1999,1A1A,ABFLOW002,Oil,,,0.0
Luxembourg,1999,1A1A1,ABFLOW003,Coal,,,0.0
Luxembourg,1999,1A1A1,ABFLOW003,Natural gas,,,0.0
Luxembourg,1999,1A1A1,ABFLOW003,Oil,,,0.0
Luxembourg,1999,1A1A2,ABFLOW004,Coal,,,0.0
Luxembourg,1999,1A1A2,ABFLOW004,Natural gas,,,0.0
Luxembourg,1999,1A1A2,ABFLOW004,Oil,,,0.0
Luxembourg,1999,1A1A3,ABFLOW005,Coal,,,0.0
Luxembourg,1999,1A1A3,ABFLOW005,Natural gas,,,0.0
Luxembourg,1999,1A1A3,ABFLOW005,Oil,,,0.0
Luxembourg,1999,1A1B,ABFLOW011,Coal,,,0.0
Luxembourg,1999,1A1B,ABFLOW011,Natural gas,,,0.0
Luxembourg,1999,1A1B,ABFLOW011,Oil,,,0.0
Luxembourg,1999,1A1C,ABFLOW011,Coal,,,0.0
Luxembourg,1999,1A1C,ABFLOW011,Natural gas,,,0.0
Luxembourg,1999,1A1C,ABFLOW011,Oil,,,0.0
Luxembourg,1999,1A2,ABFLOW012,Coal,,,0.0
Luxembourg,1999,1A2,ABFLOW012,Natural gas,,,0.0
Luxembourg,1999,1A2,ABFLOW012,Oil,,,0.0
Luxembourg,1999,1A2A,ABFLOW016,Coal,,,0.0
Luxembourg,1999,1A2A,ABFLOW016,Natural gas,,,0.0
Luxembourg,1999,1A2A,ABFLOW016,Oil,,,0.0
Luxembourg,1999,1A2B,ABFLOW018,Coal,,,0.0
Luxembourg,1999,1A2B,ABFLOW018,Natural gas,,,0.0
Luxembourg,1999,1A2B,ABFLOW018,Oil,,,0.0
Luxembourg,1999,1A2C,ABFLOW017,Coal,,,0.0
Luxembourg,1999,1A2C,ABFLOW017,Natural gas,,,0.0
Luxembourg,1999,1A2C,ABFLOW017,Oil,,,0.0
Luxembourg,1999,1A2D,ABFLOW023,Coal,,,0.0
Luxembourg,1999,1A2D,ABFLOW023,Natural gas,,,0.0
Luxembourg,1999,1A2D,ABFLOW023,Oil,,,0.0
Luxembourg,1999,1A2E,ABFLOW022,Coal,,,0.0
Luxembourg,1999,1A2E,ABFLOW022,Natural gas,,,0.0
Luxembourg,1999,1A2E,ABFLOW022,Oil,,,0.0
Luxembourg,1999,1A2F,ABFLOW019,Coal,,,0.0
Luxembourg,1999,1A2F,ABFLOW019,Natural gas,,,0.0
Luxembourg,1999,1A2F,ABFLOW019,Oil,,,0.0
Luxembourg,1999,1A2G,ABFLOW020,Coal,,,0.0
Luxembourg,1999,1A2G,ABFLOW020,Natural gas,,,0.0
Luxembourg,1999,1A2G,ABFLOW020,Oil,,,0.0
Luxembourg,1999,1A2H,ABFLOW021,Coal,,,0.0
Luxembourg,1999,1A2H,ABFLOW021,Natural gas,,,0.0
Luxembourg,1999,1A2H,ABFLOW021,Oil,,,0.0
Luxembourg,1999,1A2I,ABFLOW013,Coal,,,0.0
Luxembourg,1999,1A2I,ABFLOW013,Natural gas,,,0.0
Luxembourg,1999,1A2I,ABFLOW013,Oil,,,0.0
Luxembourg,1999,1A2J,ABFLOW024,Coal,,,0.0
Luxembourg,1999,1A2J,ABFLOW024,Natural gas,,,0.0
Luxembourg,1999,1A2J,ABFLOW024,Oil,,,0.0
Luxembourg,1999,1A2K,ABFLOW014,Coal,,,0.0
Luxembourg,1999,1A2K,ABFLOW014,Natural gas,,,0.0
Luxembourg,1999,1A2K,ABFLOW014,Oil,,,0.0
Luxembourg,1999,1A2L,ABFLOW025,Coal,,,0.0
Luxembourg,1999,1A2L,ABFLOW025,Natural gas,,,0.0
Luxembourg,1999,1A2L,ABFLOW025,Oil,,,0.0
Luxembourg,1999,1A2M,ABFLOW026,Coal,,,0.0
Luxembourg,1999,1A2M,ABFLOW026,Natural gas,,,0.0
Luxembourg,1999,1A2M,ABFLOW026,Oil,,,0.0
Luxembourg,1999,1A3,ABFLOW027,Coal,,,0.0
Luxembourg,1999,1A3,ABFLOW027,Natural gas,,,0.0
Luxembourg,1999,1A3,ABFLOW027,Oil,,,0.0
Luxembourg,1999,1A3A1,ABFLOW040,Coal,,,0.0
Luxembourg,1999,1A3A1,ABFLOW040,Natural gas,,,0.0
Luxembourg,1999,1A3A1,ABFLOW040,Oil,,,0.0
Luxembourg,1999,1A3A2,ABFLOW029,Coal,,,0.0
Luxembourg,1999,1A3A2,ABFLOW029,Natural gas,,,0.0
Luxembourg,1999,1A3A2,ABFLOW029,Oil,,,0.0
Luxembourg,1999,1A3B,ABFLOW028,Coal,,,0.0
Luxembourg,1999,1A3B,ABFLOW028,Natural gas,,,0.0
Luxembourg,1999,1A3B,ABFLOW028,Oil,,,0.0
Luxembourg,1999,1A3C,ABFLOW030,Coal,,,0.0
Luxembourg,1999,1A3C,ABFLOW030,Natural gas,,,0.0
Luxembourg,1999,1A3C,ABFLOW030,Oil,,,0.0
Luxembourg,1999,1A3D1,ABFLOW039,Coal,,,0.0
Luxembourg,1999,1A3D1,ABFLOW039,Natural gas,,,0.0
Luxembourg,1999,1A3D1,ABFLOW039,Oil,,,0.0
Luxembourg,1999,1A3D2,ABFLOW032,Coal,,,0.0
Luxembourg,1999,1A3D2,ABFLOW032,Natural gas,,,0.0
Luxembourg,1999,1A3D2,ABFLOW032,Oil,,,0.0
Luxembourg,1999,1A3E1,ABFLOW033,Coal,,,0.0
Luxembourg,1999,1A3E1,ABFLOW033,Natural gas,,,0.0
Luxembourg,1999,1A3E1,ABFLOW033,Oil,,,0.0
Luxembourg,1999,1A4A,ABFLOW035,Coal,,,0.0
Luxembourg,1999,1A4A,ABFLOW035,Natural gas,,,0.0
Luxembourg,1999,1A4A,ABFLOW035,Oil,,,0.0
Luxembourg,1999,1A4B,ABFLOW034,Coal,,,0.0
Luxembourg,1999,1A4B,ABFLOW034,Natural gas,,,0.0
Luxembourg,1999,1A4B,ABFLOW034,Oil,,,0.0
Luxembourg,1999,1A4C1,ABFLOW036,Coal,,,0.0
Luxembourg,1999,1A4C1,ABFLOW036,Natural gas,,,0.0
Luxembourg,1999,1A4C1,ABFLOW036,Oil,,,0.0
Luxembourg,1999,1A4C2,ABFLOW037,Coal,,,0.0
Luxembourg,1999,1A4C2,ABFLOW037,Natural gas,,,0.0
Luxembourg,1999,1A4C2,ABFLOW037,Oil,,,0.0
Luxembourg,1999,1A5,ABFLOW038,Coal,,,0.0
Luxembourg,1999,1A5,ABFLOW038,Natural gas,,,0.0
Luxembourg,1999,1A5,ABFLOW038,Oil,,,0.0
Luxembourg,2000,1A,ABFLOW001,Coal,,,0.0
Luxembourg,2000,1A,ABFLOW001,Natural gas,,,0.0
Luxembourg,2000,1A,ABFLOW001,Oil,,,0.0
Luxembourg,2000,1A1A,ABFLOW002,Coal,,,0.0
Luxembourg,2000,1A1A,ABFLOW002,Natural gas,,,0.0
Luxembourg,2000,1A1A,ABFLOW002,Oil,,,0.0
Luxembourg,2000,1A1A1,ABFLOW003,Coal,,,0.0
Luxembourg,2000,1A1A1,ABFLOW003,Natural gas,,,0.0
Luxembourg,2000,1A1A1,ABFLOW003,Oil,,,0.0
Luxembourg,2000,1A1A2,ABFLOW004,Coal,,,0.0
Luxembourg,2000,1A1A2,ABFLOW004,Natural gas,,,0.0
Luxembourg,2000,1A1A2,ABFLOW004,Oil,,,0.0
Luxembourg,2000,1A1A3,ABFLOW005,Coal,,,0.0
Luxembourg,2000,1A1A3,ABFLOW005,Natural gas,,,0.0
Luxembourg,2000,1A1A3,ABFLOW005,Oil,,,0.0
Luxembourg,2000,1A1B,ABFLOW011,Coal,,,0.0
Luxembourg,2000,1A1B,ABFLOW011,Natural gas,,,0.0
Luxembourg,2000,1A1B,ABFLOW011,Oil,,,0.0
Luxembourg,2000,1A1C,ABFLOW011,Coal,,,0.0
Luxembourg,2000,1A1C,ABFLOW011,Natural gas,,,0.0
Luxembourg,2000,1A1C,ABFLOW011,Oil,,,0.0
Luxembourg,2000,1A2,ABFLOW012,Coal,,,0.0
Luxembourg,2000,1A2,ABFLOW012,Natural gas,,,0.0
Luxembourg,2000,1A2,ABFLOW012,Oil,,,0.0
Luxembourg,2000,1A2A,ABFLOW016,Coal,,,0.0
Luxembourg,2000,1A2A,ABFLOW016,Natural gas,,,0.0
Luxembourg,2000,1A2A,ABFLOW016,Oil,,,0.0
Luxembourg,2000,1A2B,ABFLOW018,Coal,,,0.0
Luxembourg,2000,1A2B,ABFLOW018,Natural gas,,,0.0
Luxembourg,2000,1A2B,ABFLOW018,Oil,,,0.0
Luxembourg,2000,1A2C,ABFLOW017,Coal,,,0.0
Luxembourg,2000,1A2C,ABFLOW017,Natural gas,,,0.0
Luxembourg,2000,1A2C,ABFLOW017,Oil,,,0.0
Luxembourg,2000,1A2D,ABFLOW023,Coal,,,0.0
Luxembourg,2000,1A2D,ABFLOW023,Natural gas,,,0.0
Luxembourg,2000,1A2D,ABFLOW023,Oil,,,0.0
Luxembourg,2000,1A2E,ABFLOW022,Coal,,,0.0
Luxembourg,2000,1A2E,ABFLOW022,Natural gas,,,0.0
Luxembourg,2000,1A2E,ABFLOW022,Oil,,,0.0
Luxembourg,2000,1A2F,ABFLOW019,Coal,,,0.0
Luxembourg,2000,1A2F,ABFLOW019,Natural gas,,,0.0
Luxembourg,2000,1A2F,ABFLOW019,Oil,,,0.0
Luxembourg,2000,1A2G,ABFLOW020,Coal,,,0.0
Luxembourg,2000,1A2G,ABFLOW020,Natural gas,,,0.0
Luxembourg,2000,1A2G,ABFLOW020,Oil,,,0.0
Luxembourg,2000,1A2H,ABFLOW021,Coal,,,0.0
Luxembourg,2000,1A2H,ABFLOW021,Natural gas,,,0.0
Luxembourg,2000,1A2H,ABFLOW021,Oil,,,0.0
Luxembourg,2000,1A2I,ABFLOW013,Coal,,,0.0
Luxembourg,2000,1A2I,ABFLOW013,Natural gas,,,0.0
Luxembourg,2000,1A2I,ABFLOW013,Oil,,,0.0
Luxembourg,2000,1A2J,ABFLOW024,Coal,,,0.0
Luxembourg,2000,1A2J,ABFLOW024,Natural gas,,,0.0
Luxembourg,2000,1A2J,ABFLOW024,Oil,,,0.0
Luxembourg,2000,1A2K,ABFLOW014,Coal,,,0.0
Luxembourg,2000,1A2K,ABFLOW014,Natural gas,,,0.0
Luxembourg,2000,1A2K,ABFLOW014,Oil,,,0.0
Luxembourg,2000,1A2L,ABFLOW025,Coal,,,0.0
Luxembourg,2000,1A2L,ABFLOW025,Natural gas,,,0.0
Luxembourg,2000,1A2L,ABFLOW025,Oil,,,0.0
Luxembourg,2000,1A2M,ABFLOW026,Coal,,,0.0
Luxembourg,2000,1A2M,ABFLOW026,Natural gas,,,0.0
Luxembourg,2000,1A2M,ABFLOW026,Oil,,,0.0
Luxembourg,2000,1A3,ABFLOW027,Coal,,,0.0
Luxembourg,2000,1A3,ABFLOW027,Natural gas,,,0.0
Luxembourg,2000,1A3,ABFLOW027,Oil,,,0.0
Luxembourg,2000,1A3A1,ABFLOW040,Coal,,,0.0
Luxembourg,2000,1A3A1,ABFLOW040,Natural gas,,,0.0
Luxembourg,2000,1A3A1,ABFLOW040,Oil,,,0.0
Luxembourg,2000,1A3A2,ABFLOW029,Coal,,,0.0
Luxembourg,2000,1A3A2,ABFLOW029,Natural gas,,,0.0
Luxembourg,2000,1A3A2,ABFLOW029,Oil,,,0.0
Luxembourg,2000,1A3B,ABFLOW028,Coal,,,0.0
Luxembourg,2000,1A3B,ABFLOW028,Natural gas,,,0.0
Luxembourg,2000,1A3B,ABFLOW028,Oil,,,0.0
Luxembourg,2000,1A3C,ABFLOW030,Coal,,,0.0
Luxembourg,2000,1A3C,ABFLOW030,Natural gas,,,0.0
Luxembourg,2000,1A3C,ABFLOW030,Oil,,,0.0
Luxembourg,2000,1A3D1,ABFLOW039,Coal,,,0.0
Luxembourg,2000,1A3D1,ABFLOW039,Natural gas,,,0.0
Luxembourg,2000,1A3D1,ABFLOW039,Oil,,,0.0
Luxembourg,2000,1A3D2,ABFLOW032,Coal,,,0.0
Luxembourg,2000,1A3D2,ABFLOW032,Natural gas,,,0.0
Luxembourg,2000,1A3D2,ABFLOW032,Oil,,,0.0
Luxembourg,2000,1A3E1,ABFLOW033,Coal,,,0.0
Luxembourg,2000,1A3E1,ABFLOW033,Natural gas,,,0.0
Luxembourg,2000,1A3E1,ABFLOW033,Oil,,,0.0
Luxembourg,2000,1A4A,ABFLOW035,Coal,,,0.0
Luxembourg,2000,1A4A,ABFLOW035,Natural gas,,,0.0
Luxembourg,2000,1A4A,ABFLOW035,Oil,,,0.0
Luxembourg,2000,1A4B,ABFLOW034,Coal,,,0.0
Luxembourg,2000,1A4B,ABFLOW034,Natural gas,,,0.0
Luxembourg,2000,1A4B,ABFLOW034,Oil,,,0.0
Luxembourg,2000,1A4C1,ABFLOW036,Coal,,,0.0
Luxembourg,2000,1A4C1,ABFLOW036,Natural gas,,,0.0
Luxembourg,2000,1A4C1,ABFLOW036,Oil,,,0.0
Luxembourg,2000,1A4C2,ABFLOW037,Coal,,,0.0
Luxembourg,2000,1A4C2,ABFLOW037,Natural gas,,,0.0
Luxembourg,2000,1A4C2,ABFLOW037,Oil,,,0.0
Luxembourg,2000,1A5,ABFLOW038,Coal,,,0.0
Luxembourg,2000,1A5,ABFLOW038,Natural gas,,,0.0
Luxembourg,2000,1A5,ABFLOW038,Oil,,,0.0
Luxembourg,2001,1A,ABFLOW001,Coal,,,0.0
Luxembourg,2001,1A,ABFLOW001,Natural gas,,,0.0
Luxembourg,2001,1A,ABFLOW001,Oil,,,0.0
Luxembourg,2001,1A1A,ABFLOW002,Coal,,,0.0
Luxembourg,2001,1A1A,ABFLOW002,Natural gas,,,0.0
Luxembourg,2001,1A1A,ABFLOW002,Oil,,,0.0
Luxembourg,2001,1A1A1,ABFLOW003,Coal,,,0.0
Luxembourg,2001,1A1A1,ABFLOW003,Natural gas,,,0.0
Luxembourg,2001,1A1A1,ABFLOW003,Oil,,,0.0
Luxembourg,2001,1A1A2,ABFLOW004,Coal,,,0.0
Luxembourg,2001,1A1A2,ABFLOW004,Natural gas,,,0.0
Luxembourg,2001,1A1A2,ABFLOW004,Oil,,,0.0
Luxembourg,2001,1A1A3,ABFLOW005,Coal,,,0.0
Luxembourg,2001,1A1A3,ABFLOW005,Natural gas,,,0.0
Luxembourg,2001,1A1A3,ABFLOW005,Oil,,,0.0
Luxembourg,2001,1A1B,ABFLOW011,Coal,,,0.0
Luxembourg,2001,1A1B,ABFLOW011,Natural gas,,,0.0
Luxembourg,2001,1A1B,ABFLOW011,Oil,,,0.0
Luxembourg,2001,1A1C,ABFLOW011,Coal,,,0.0
Luxembourg,2001,1A1C,ABFLOW011,Natural gas,,,0.0
Luxembourg,2001,1A1C,ABFLOW011,Oil,,,0.0
Luxembourg,2001,1A2,ABFLOW012,Coal,,,0.0
Luxembourg,2001,1A2,ABFLOW012,Natural gas,,,0.0
Luxembourg,2001,1A2,ABFLOW012,Oil,,,0.0
Luxembourg,2001,1A2A,ABFLOW016,Coal,,,0.0
Luxembourg,2001,1A2A,ABFLOW016,Natural gas,,,0.0
Luxembourg,2001,1A2A,ABFLOW016,Oil,,,0.0
Luxembourg,2001,1A2B,ABFLOW018,Coal,,,0.0
Luxembourg,2001,1A2B,ABFLOW018,Natural gas,,,0.0
Luxembourg,2001,1A2B,ABFLOW018,Oil,,,0.0
Luxembourg,2001,1A2C,ABFLOW017,Coal,,,0.0
Luxembourg,2001,1A2C,ABFLOW017,Natural gas,,,0.0
Luxembourg,2001,1A2C,ABFLOW017,Oil,,,0.0
Luxembourg,2001,1A2D,ABFLOW023,Coal,,,0.0
Luxembourg,2001,1A2D,ABFLOW023,Natural gas,,,0.0
Luxembourg,2001,1A2D,ABFLOW023,Oil,,,0.0
Luxembourg,2001,1A2E,ABFLOW022,Coal,,,0.0
Luxembourg,2001,1A2E,ABFLOW022,Natural gas,,,0.0
Luxembourg,2001,1A2E,ABFLOW022,Oil,,,0.0
Luxembourg,2001,1A2F,ABFLOW019,Coal,,,0.0
Luxembourg,2001,1A2F,ABFLOW019,Natural gas,,,0.0
Luxembourg,2001,1A2F,ABFLOW019,Oil,,,0.0
Luxembourg,2001,1A2G,ABFLOW020,Coal,,,0.0
Luxembourg,2001,1A2G,ABFLOW020,Natural gas,,,0.0
Luxembourg,2001,1A2G,ABFLOW020,Oil,,,0.0
Luxembourg,2001,1A2H,ABFLOW021,Coal,,,0.0
Luxembourg,2001,1A2H,ABFLOW021,Natural gas,,,0.0
Luxembourg,2001,1A2H,ABFLOW021,Oil,,,0.0
Luxembourg,2001,1A2I,ABFLOW013,Coal,,,0.0
Luxembourg,2001,1A2I,ABFLOW013,Natural gas,,,0.0
Luxembourg,2001,1A2I,ABFLOW013,Oil,,,0.0
Luxembourg,2001,1A2J,ABFLOW024,Coal,,,0.0
Luxembourg,2001,1A2J,ABFLOW024,Natural gas,,,0.0
Luxembourg,2001,1A2J,ABFLOW024,Oil,,,0.0
Luxembourg,2001,1A2K,ABFLOW014,Coal,,,0.0
Luxembourg,2001,1A2K,ABFLOW014,Natural gas,,,0.0
Luxembourg,2001,1A2K,ABFLOW014,Oil,,,0.0
Luxembourg,2001,1A2L,ABFLOW025,Coal,,,0.0
Luxembourg,2001,1A2L,ABFLOW025,Natural gas,,,0.0
Luxembourg,2001,1A2L,ABFLOW025,Oil,,,0.0
Luxembourg,2001,1A2M,ABFLOW026,Coal,,,0.0
Luxembourg,2001,1A2M,ABFLOW026,Natural gas,,,0.0
Luxembourg,2001,1A2M,ABFLOW026,Oil,,,0.0
Luxembourg,2001,1A3,ABFLOW027,Coal,,,0.0
Luxembourg,2001,1A3,ABFLOW027,Natural gas,,,0.0
Luxembourg,2001,1A3,ABFLOW027,Oil,,,0.0
Luxembourg,2001,1A3A1,ABFLOW040,Coal,,,0.0
Luxembourg,2001,1A3A1,ABFLOW040,Natural gas,,,0.0
Luxembourg,2001,1A3A1,ABFLOW040,Oil,,,0.0
Luxembourg,2001,1A3A2,ABFLOW029,Coal,,,0.0
Luxembourg,2001,1A3A2,ABFLOW029,Natural gas,,,0.0
Luxembourg,2001,1A3A2,ABFLOW029,Oil,,,0.0
Luxembourg,2001,1A3B,ABFLOW028,Coal,,,0.0
Luxembourg,2001,1A3B,ABFLOW028,Natural gas,,,0.0
Luxembourg,2001,1A3B,ABFLOW028,Oil,,,0.0
Luxembourg,2001,1A3C,ABFLOW030,Coal,,,0.0
Luxembourg,2001,1A3C,ABFLOW030,Natural gas,,,0.0
Luxembourg,2001,1A3C,ABFLOW030,Oil,,,0.0
Luxembourg,2001,1A3D1,ABFLOW039,Coal,,,0.0
Luxembourg,2001,1A3D1,ABFLOW039,Natural gas,,,0.0
Luxembourg,2001,1A3D1,ABFLOW039,Oil,,,0.0
Luxembourg,2001,1A3D2,ABFLOW032,Coal,,,0.0
Luxembourg,2001,1A3D2,ABFLOW032,Natural gas,,,0.0
Luxembourg,2001,1A3D2,ABFLOW032,Oil,,,0.0
Luxembourg,2001,1A3E1,ABFLOW033,Coal,,,0.0
Luxembourg,2001,1A3E1,ABFLOW033,Natural gas,,,0.0
Luxembourg,2001,1A3E1,ABFLOW033,Oil,,,0.0
Luxembourg,2001,1A4A,ABFLOW035,Coal,,,0.0
Luxembourg,2001,1A4A,ABFLOW035,Natural gas,,,0.0
Luxembourg,2001,1A4A,ABFLOW035,Oil,,,0.0
Luxembourg,2001,1A4B,ABFLOW034,Coal,,,0.0
Luxembourg,2001,1A4B,ABFLOW034,Natural gas,,,0.0
Luxembourg,2001,1A4B,ABFLOW034,Oil,,,0.0
Luxembourg,2001,1A4C1,ABFLOW036,Coal,,,0.0
Luxembourg,2001,1A4C1,ABFLOW036,Natural gas,,,0.0
Luxembourg,2001,1A4C1,ABFLOW036,Oil,,,0.0
Luxembourg,2001,1A4C2,ABFLOW037,Coal,,,0.0
Luxembourg,2001,1A4C2,ABFLOW037,Natural gas,,,0.0
Luxembourg,2001,1A4C2,ABFLOW037,Oil,,,0.0
Luxembourg,2001,1A5,ABFLOW038,Coal,,,0.0
Luxembourg,2001,1A5,ABFLOW038,Natural gas,,,0.0
Luxembourg,2001,1A5,ABFLOW038,Oil,,,0.0
Luxembourg,2002,1A,ABFLOW001,Coal,,,0.0
Luxembourg,2002,1A,ABFLOW001,Natural gas,,,0.0
Luxembourg,2002,1A,ABFLOW001,Oil,,,0.0
Luxembourg,2002,1A1A,ABFLOW002,Coal,,,0.0
Luxembourg,2002,1A1A,ABFLOW002,Natural gas,,,0.0
Luxembourg,2002,1A1A,ABFLOW002,Oil,,,0.0
Luxembourg,2002,1A1A1,ABFLOW003,Coal,,,0.0
Luxembourg,2002,1A1A1,ABFLOW003,Natural gas,,,0.0
Luxembourg,2002,1A1A1,ABFLOW003,Oil,,,0.0
Luxembourg,2002,1A1A2,ABFLOW004,Coal,,,0.0
Luxembourg,2002,1A1A2,ABFLOW004,Natural gas,,,0.0
Luxembourg,2002,1A1A2,ABFLOW004,Oil,,,0.0
Luxembourg,2002,1A1A3,ABFLOW005,Coal,,,0.0
Luxembourg,2002,1A1A3,ABFLOW005,Natural gas,,,0.0
Luxembourg,2002,1A1A3,ABFLOW005,Oil,,,0.0
Luxembourg,2002,1A1B,ABFLOW011,Coal,,,0.0
Luxembourg,2002,1A1B,ABFLOW011,Natural gas,,,0.0
Luxembourg,2002,1A1B,ABFLOW011,Oil,,,0.0
Luxembourg,2002,1A1C,ABFLOW011,Coal,,,0.0
Luxembourg,2002,1A1C,ABFLOW011,Natural gas,,,0.0
Luxembourg,2002,1A1C,ABFLOW011,Oil,,,0.0
Luxembourg,2002,1A2,ABFLOW012,Coal,,,0.0
Luxembourg,2002,1A2,ABFLOW012,Natural gas,,,0.0
Luxembourg,2002,1A2,ABFLOW012,Oil,,,0.0
Luxembourg,2002,1A2A,ABFLOW016,Coal,,,0.0
Luxembourg,2002,1A2A,ABFLOW016,Natural gas,,,0.0
Luxembourg,2002,1A2A,ABFLOW016,Oil,,,0.0
Luxembourg,2002,1A2B,ABFLOW018,Coal,,,0.0
Luxembourg,2002,1A2B,ABFLOW018,Natural gas,,,0.0
Luxembourg,2002,1A2B,ABFLOW018,Oil,,,0.0
Luxembourg,2002,1A2C,ABFLOW017,Coal,,,0.0
Luxembourg,2002,1A2C,ABFLOW017,Natural gas,,,0.0
Luxembourg,2002,1A2C,ABFLOW017,Oil,,,0.0
Luxembourg,2002,1A2D,ABFLOW023,Coal,,,0.0
Luxembourg,2002,1A2D,ABFLOW023,Natural gas,,,0.0
Luxembourg,2002,1A2D,ABFLOW023,Oil,,,0.0
Luxembourg,2002,1A2E,ABFLOW022,Coal,,,0.0
Luxembourg,2002,1A2E,ABFLOW022,Natural gas,,,0.0
Luxembourg,2002,1A2E,ABFLOW022,Oil,,,0.0
Luxembourg,2002,1A2F,ABFLOW019,Coal,,,0.0
Luxembourg,2002,1A2F,ABFLOW019,Natural gas,,,0.0
Luxembourg,2002,1A2F,ABFLOW019,Oil,,,0.0
Luxembourg,2002,1A2G,ABFLOW020,Coal,,,0.0
Luxembourg,2002,1A2G,ABFLOW020,Natural gas,,,0.0
Luxembourg,2002,1A2G,ABFLOW020,Oil,,,0.0
Luxembourg,2002,1A2H,ABFLOW021,Coal,,,0.0
Luxembourg,2002,1A2H,ABFLOW021,Natural gas,,,0.0
Luxembourg,2002,1A2H,ABFLOW021,Oil,,,0.0
Luxembourg,2002,1A2I,ABFLOW013,Coal,,,0.0
Luxembourg,2002,1A2I,ABFLOW013,Natural gas,,,0.0
Luxembourg,2002,1A2I,ABFLOW013,Oil,,,0.0
Luxembourg,2002,1A2J,ABFLOW024,Coal,,,0.0
Luxembourg,2002,1A2J,ABFLOW024,Natural gas,,,0.0
Luxembourg,2002,1A2J,ABFLOW024,Oil,,,0.0
Luxembourg,2002,1A2K,ABFLOW014,Coal,,,0.0
Luxembourg,2002,1A2K,ABFLOW014,Natural gas,,,0.0
Luxembourg,2002,1A2K,ABFLOW014,Oil,,,0.0
Luxembourg,2002,1A2L,ABFLOW025,Coal,,,0.0
Luxembourg,2002,1A2L,ABFLOW025,Natural gas,,,0.0
Luxembourg,2002,1A2L,ABFLOW025,Oil,,,0.0
Luxembourg,2002,1A2M,ABFLOW026,Coal,,,0.0
Luxembourg,2002,1A2M,ABFLOW026,Natural gas,,,0.0
Luxembourg,2002,1A2M,ABFLOW026,Oil,,,0.0
Luxembourg,2002,1A3,ABFLOW027,Coal,,,0.0
Luxembourg,2002,1A3,ABFLOW027,Natural gas,,,0.0
Luxembourg,2002,1A3,ABFLOW027,Oil,,,0.0
Luxembourg,2002,1A3A1,ABFLOW040,Coal,,,0.0
Luxembourg,2002,1A3A1,ABFLOW040,Natural gas,,,0.0
Luxembourg,2002,1A3A1,ABFLOW040,Oil,,,0.0
Luxembourg,2002,1A3A2,ABFLOW029,Coal,,,0.0
Luxembourg,2002,1A3A2,ABFLOW029,Natural gas,,,0.0
Luxembourg,2002,1A3A2,ABFLOW029,Oil,,,0.0
Luxembourg,2002,1A3B,ABFLOW028,Coal,,,0.0
Luxembourg,2002,1A3B,ABFLOW028,Natural gas,,,0.0
Luxembourg,2002,1A3B,ABFLOW028,Oil,,,0.0
Luxembourg,2002,1A3C,ABFLOW030,Coal,,,0.0
Luxembourg,2002,1A3C,ABFLOW030,Natural gas,,,0.0
Luxembourg,2002,1A3C,ABFLOW030,Oil,,,0.0
Luxembourg,2002,1A3D1,ABFLOW039,Coal,,,0.0
Luxembourg,2002,1A3D1,ABFLOW039,Natural gas,,,0.0
Luxembourg,2002,1A3D1,ABFLOW039,Oil,,,0.0
Luxembourg,2002,1A3D2,ABFLOW032,Coal,,,0.0
Luxembourg,2002,1A3D2,ABFLOW032,Natural gas,,,0.0
Luxembourg,2002,1A3D2,ABFLOW032,Oil,,,0.0
Luxembourg,2002,1A3E1,ABFLOW033,Coal,,,0.0
Luxembourg,2002,1A3E1,ABFLOW033,Natural gas,,,0.0
Luxembourg,2002,1A3E1,ABFLOW033,Oil,,,0.0
Luxembourg,2002,1A4A,ABFLOW035,Coal,,,0.0
Luxembourg,2002,1A4A,ABFLOW035,Natural gas,,,0.0
Luxembourg,2002,1A4A,ABFLOW035,Oil,,,0.0
Luxembourg,2002,1A4B,ABFLOW034,Coal,,,0.0
Luxembourg,2002,1A4B,ABFLOW034,Natural gas,,,0.0
Luxembourg,2002,1A4B,ABFLOW034,Oil,,,0.0
Luxembourg,2002,1A4C1,ABFLOW036,Coal,,,0.0
Luxembourg,2002,1A4C1,ABFLOW036,Natural gas,,,0.0
Luxembourg,2002,1A4C1,ABFLOW036,Oil,,,0.0
Luxembourg,2002,1A4C2,ABFLOW037,Coal,,,0.0
Luxembourg,2002,1A4C2,ABFLOW037,Natural gas,,,0.0
Luxembourg,2002,1A4C2,ABFLOW037,Oil,,,0.0
Luxembourg,2002,1A5,ABFLOW038,Coal,,,0.0
Luxembourg,2002,1A5,ABFLOW038,Natural gas,,,0.0
Luxembourg,2002,1A5,ABFLOW038,Oil,,,0.0
Luxembourg,2003,1A,ABFLOW001,Coal,,,0.0
Luxembourg,2003,1A,ABFLOW001,Natural gas,,,0.0
Luxembourg,2003,1A,ABFLOW001,Oil,,,0.0
Luxembourg,2003,1A1A,ABFLOW002,Coal,,,0.0
Luxembourg,2003,1A1A,ABFLOW002,Natural gas,,,0.0
Luxembourg,2003,1A1A,ABFLOW002,Oil,,,0.0
Luxembourg,2003,1A1A1,ABFLOW003,Coal,,,0.0
Luxembourg,2003,1A1A1,ABFLOW003,Natural gas,,,0.0
Luxembourg,2003,1A1A1,ABFLOW003,Oil,,,0.0
Luxembourg,2003,1A1A2,ABFLOW004,Coal,,,0.0
Luxembourg,2003,1A1A2,ABFLOW004,Natural gas,,,0.0
Luxembourg,2003,1A1A2,ABFLOW004,Oil,,,0.0
Luxembourg,2003,1A1A3,ABFLOW005,Coal,,,0.0
Luxembourg,2003,1A1A3,ABFLOW005,Natural gas,,,0.0
Luxembourg,2003,1A1A3,ABFLOW005,Oil,,,0.0
Luxembourg,2003,1A1B,ABFLOW011,Coal,,,0.0
Luxembourg,2003,1A1B,ABFLOW011,Natural gas,,,0.0
Luxembourg,2003,1A1B,ABFLOW011,Oil,,,0.0
Luxembourg,2003,1A1C,ABFLOW011,Coal,,,0.0
Luxembourg,2003,1A1C,ABFLOW011,Natural gas,,,0.0
Luxembourg,2003,1A1C,ABFLOW011,Oil,,,0.0
Luxembourg,2003,1A2,ABFLOW012,Coal,,,0.0
Luxembourg,2003,1A2,ABFLOW012,Natural gas,,,0.0
Luxembourg,2003,1A2,ABFLOW012,Oil,,,0.0
Luxembourg,2003,1A2A,ABFLOW016,Coal,,,0.0
Luxembourg,2003,1A2A,ABFLOW016,Natural gas,,,0.0
Luxembourg,2003,1A2A,ABFLOW016,Oil,,,0.0
Luxembourg,2003,1A2B,ABFLOW018,Coal,,,0.0
Luxembourg,2003,1A2B,ABFLOW018,Natural gas,,,0.0
Luxembourg,2003,1A2B,ABFLOW018,Oil,,,0.0
Luxembourg,2003,1A2C,ABFLOW017,Coal,,,0.0
Luxembourg,2003,1A2C,ABFLOW017,Natural gas,,,0.0
Luxembourg,2003,1A2C,ABFLOW017,Oil,,,0.0
Luxembourg,2003,1A2D,ABFLOW023,Coal,,,0.0
Luxembourg,2003,1A2D,ABFLOW023,Natural gas,,,0.0
Luxembourg,2003,1A2D,ABFLOW023,Oil,,,0.0
Luxembourg,2003,1A2E,ABFLOW022,Coal,,,0.0
Luxembourg,2003,1A2E,ABFLOW022,Natural gas,,,0.0
Luxembourg,2003,1A2E,ABFLOW022,Oil,,,0.0
Luxembourg,2003,1A2F,ABFLOW019,Coal,,,0.0
Luxembourg,2003,1A2F,ABFLOW019,Natural gas,,,0.0
Luxembourg,2003,1A2F,ABFLOW019,Oil,,,0.0
Luxembourg,2003,1A2G,ABFLOW020,Coal,,,0.0
Luxembourg,2003,1A2G,ABFLOW020,Natural gas,,,0.0
Luxembourg,2003,1A2G,ABFLOW020,Oil,,,0.0
Luxembourg,2003,1A2H,ABFLOW021,Coal,,,0.0
Luxembourg,2003,1A2H,ABFLOW021,Natural gas,,,0.0
Luxembourg,2003,1A2H,ABFLOW021,Oil,,,0.0
Luxembourg,2003,1A2I,ABFLOW013,Coal,,,0.0
Luxembourg,2003,1A2I,ABFLOW013,Natural gas,,,0.0
Luxembourg,2003,1A2I,ABFLOW013,Oil,,,0.0
Luxembourg,2003,1A2J,ABFLOW024,Coal,,,0.0
Luxembourg,2003,1A2J,ABFLOW024,Natural gas,,,0.0
Luxembourg,2003,1A2J,ABFLOW024,Oil,,,0.0
Luxembourg,2003,1A2K,ABFLOW014,Coal,,,0.0
Luxembourg,2003,1A2K,ABFLOW014,Natural gas,,,0.0
Luxembourg,2003,1A2K,ABFLOW014,Oil,,,0.0
Luxembourg,2003,1A2L,ABFLOW025,Coal,,,0.0
Luxembourg,2003,1A2L,ABFLOW025,Natural gas,,,0.0
Luxembourg,2003,1A2L,ABFLOW025,Oil,,,0.0
Luxembourg,2003,1A2M,ABFLOW026,Coal,,,0.0
Luxembourg,2003,1A2M,ABFLOW026,Natural gas,,,0.0
Luxembourg,2003,1A2M,ABFLOW026,Oil,,,0.0
Luxembourg,2003,1A3,ABFLOW027,Coal,,,0.0
Luxembourg,2003,1A3,ABFLOW027,Natural gas,,,0.0
Luxembourg,2003,1A3,ABFLOW027,Oil,,,0.0
Luxembourg,2003,1A3A1,ABFLOW040,Coal,,,0.0
Luxembourg,2003,1A3A1,ABFLOW040,Natural gas,,,0.0
Luxembourg,2003,1A3A1,ABFLOW040,Oil,,,0.0
Luxembourg,2003,1A3A2,ABFLOW029,Coal,,,0.0
Luxembourg,2003,1A3A2,ABFLOW029,Natural gas,,,0.0
Luxembourg,2003,1A3A2,ABFLOW029,Oil,,,0.0
Luxembourg,2003,1A3B,ABFLOW028,Coal,,,0.0
Luxembourg,2003,1A3B,ABFLOW028,Natural gas,,,0.0
Luxembourg,2003,1A3B,ABFLOW028,Oil,,,0.0
Luxembourg,2003,1A3C,ABFLOW030,Coal,,,0.0
Luxembourg,2003,1A3C,ABFLOW030,Natural gas,,,0.0
Luxembourg,2003,1A3C,ABFLOW030,Oil,,,0.0
Luxembourg,2003,1A3D1,ABFLOW039,Coal,,,0.0
Luxembourg,2003,1A3D1,ABFLOW039,Natural gas,,,0.0
Luxembourg,2003,1A3D1,ABFLOW039,Oil,,,0.0
Luxembourg,2003,1A3D2,ABFLOW032,Coal,,,0.0
Luxembourg,2003,1A3D2,ABFLOW032,Natural gas,,,0.0
Luxembourg,2003,1A3D2,ABFLOW032,Oil,,,0.0
Luxembourg,2003,1A3E1,ABFLOW033,Coal,,,0.0
Luxembourg,2003,1A3E1,ABFLOW033,Natural gas,,,0.0
Luxembourg,2003,1A3E1,ABFLOW033,Oil,,,0.0
Luxembourg,2003,1A4A,ABFLOW035,Coal,,,0.0
Luxembourg,2003,1A4A,ABFLOW035,Natural gas,,,0.0
Luxembourg,2003,1A4A,ABFLOW035,Oil,,,0.0
Luxembourg,2003,1A4B,ABFLOW034,Coal,,,0.0
Luxembourg,2003,1A4B,ABFLOW034,Natural gas,,,0.0
Luxembourg,2003,1A4B,ABFLOW034,Oil,,,0.0
Luxembourg,2003,1A4C1,ABFLOW036,Coal,,,0.0
Luxembourg,2003,1A4C1,ABFLOW036,Natural gas,,,0.0
Luxembourg,2003,1A4C1,ABFLOW036,Oil,,,0.0
Luxembourg,2003,1A4C2,ABFLOW037,Coal,,,0.0
Luxembourg,2003,1A4C2,ABFLOW037,Natural gas,,,0.0
Luxembourg,2003,1A4C2,ABFLOW037,Oil,,,0.0
Luxembourg,2003,1A5,ABFLOW038,Coal,,,0.0
Luxembourg,2003,1A5,ABFLOW038,Natural gas,,,0.0
Luxembourg,2003,1A5,ABFLOW038,Oil,,,0.0
Luxembourg,2004,1A,ABFLOW001,Coal,,,0.0
Luxembourg,2004,1A,ABFLOW001,Natural gas,,,0.0
Luxembourg,2004,1A,ABFLOW001,Oil,,,0.0
Luxembourg,2004,1A1A,ABFLOW002,Coal,,,0.0
Luxembourg,2004,1A1A,ABFLOW002,Natural gas,,,0.0
Luxembourg,2004,1A1A,ABFLOW002,Oil,,,0.0
Luxembourg,2004,1A1A1,ABFLOW003,Coal,,,0.0
Luxembourg,2004,1A1A1,ABFLOW003,Natural gas,,,0.0
Luxembourg,2004,1A1A1,ABFLOW003,Oil,,,0.0
Luxembourg,2004,1A1A2,ABFLOW004,Coal,,,0.0
Luxembourg,2004,1A1A2,ABFLOW004,Natural gas,,,0.0
Luxembourg,2004,1A1A2,ABFLOW004,Oil,,,0.0
Luxembourg,2004,1A1A3,ABFLOW005,Coal,,,0.0
Luxembourg,2004,1A1A3,ABFLOW005,Natural gas,,,0.0
Luxembourg,2004,1A1A3,ABFLOW005,Oil,,,0.0
Luxembourg,2004,1A1B,ABFLOW011,Coal,,,0.0
Luxembourg,2004,1A1B,ABFLOW011,Natural gas,,,0.0
Luxembourg,2004,1A1B,ABFLOW011,Oil,,,0.0
Luxembourg,2004,1A1C,ABFLOW011,Coal,,,0.0
Luxembourg,2004,1A1C,ABFLOW011,Natural gas,,,0.0
Luxembourg,2004,1A1C,ABFLOW011,Oil,,,0.0
Luxembourg,2004,1A2,ABFLOW012,Coal,,,0.0
Luxembourg,2004,1A2,ABFLOW012,Natural gas,,,0.0
Luxembourg,2004,1A2,ABFLOW012,Oil,,,0.0
Luxembourg,2004,1A2A,ABFLOW016,Coal,,,0.0
Luxembourg,2004,1A2A,ABFLOW016,Natural gas,,,0.0
Luxembourg,2004,1A2A,ABFLOW016,Oil,,,0.0
Luxembourg,2004,1A2B,ABFLOW018,Coal,,,0.0
Luxembourg,2004,1A2B,ABFLOW018,Natural gas,,,0.0
Luxembourg,2004,1A2B,ABFLOW018,Oil,,,0.0
Luxembourg,2004,1A2C,ABFLOW017,Coal,,,0.0
Luxembourg,2004,1A2C,ABFLOW017,Natural gas,,,0.0
Luxembourg,2004,1A2C,ABFLOW017,Oil,,,0.0
Luxembourg,2004,1A2D,ABFLOW023,Coal,,,0.0
Luxembourg,2004,1A2D,ABFLOW023,Natural gas,,,0.0
Luxembourg,2004,1A2D,ABFLOW023,Oil,,,0.0
Luxembourg,2004,1A2E,ABFLOW022,Coal,,,0.0
Luxembourg,2004,1A2E,ABFLOW022,Natural gas,,,0.0
Luxembourg,2004,1A2E,ABFLOW022,Oil,,,0.0
Luxembourg,2004,1A2F,ABFLOW019,Coal,,,0.0
Luxembourg,2004,1A2F,ABFLOW019,Natural gas,,,0.0
Luxembourg,2004,1A2F,ABFLOW019,Oil,,,0.0
Luxembourg,2004,1A2G,ABFLOW020,Coal,,,0.0
Luxembourg,2004,1A2G,ABFLOW020,Natural gas,,,0.0
Luxembourg,2004,1A2G,ABFLOW020,Oil,,,0.0
Luxembourg,2004,1A2H,ABFLOW021,Coal,,,0.0
Luxembourg,2004,1A2H,ABFLOW021,Natural gas,,,0.0
Luxembourg,2004,1A2H,ABFLOW021,Oil,,,0.0
Luxembourg,2004,1A2I,ABFLOW013,Coal,,,0.0
Luxembourg,2004,1A2I,ABFLOW013,Natural gas,,,0.0
Luxembourg,2004,1A2I,ABFLOW013,Oil,,,0.0
Luxembourg,2004,1A2J,ABFLOW024,Coal,,,0.0
Luxembourg,2004,1A2J,ABFLOW024,Natural gas,,,0.0
Luxembourg,2004,1A2J,ABFLOW024,Oil,,,0.0
Luxembourg,2004,1A2K,ABFLOW014,Coal,,,0.0
Luxembourg,2004,1A2K,ABFLOW014,Natural gas,,,0.0
Luxembourg,2004,1A2K,ABFLOW014,Oil,,,0.0
Luxembourg,2004,1A2L,ABFLOW025,Coal,,,0.0
Luxembourg,2004,1A2L,ABFLOW025,Natural gas,,,0.0
Luxembourg,2004,1A2L,ABFLOW025,Oil,,,0.0
Luxembourg,2004,1A2M,ABFLOW026,Coal,,,0.0
Luxembourg,2004,1A2M,ABFLOW026,Natural gas,,,0.0
Luxembourg,2004,1A2M,ABFLOW026,Oil,,,0.0
Luxembourg,2004,1A3,ABFLOW027,Coal,,,0.0
Luxembourg,2004,1A3,ABFLOW027,Natural gas,,,0.0
Luxembourg,2004,1A3,ABFLOW027,Oil,,,0.0
Luxembourg,2004,1A3A1,ABFLOW040,Coal,,,0.0
Luxembourg,2004,1A3A1,ABFLOW040,Natural gas,,,0.0
Luxembourg,2004,1A3A1,ABFLOW040,Oil,,,0.0
Luxembourg,2004,1A3A2,ABFLOW029,Coal,,,0.0
Luxembourg,2004,1A3A2,ABFLOW029,Natural gas,,,0.0
Luxembourg,2004,1A3A2,ABFLOW029,Oil,,,0.0
Luxembourg,2004,1A3B,ABFLOW028,Coal,,,0.0
Luxembourg,2004,1A3B,ABFLOW028,Natural gas,,,0.0
Luxembourg,2004,1A3B,ABFLOW028,Oil,,,0.0
Luxembourg,2004,1A3C,ABFLOW030,Coal,,,0.0
Luxembourg,2004,1A3C,ABFLOW030,Natural gas,,,0.0
Luxembourg,2004,1A3C,ABFLOW030,Oil,,,0.0
Luxembourg,2004,1A3D1,ABFLOW039,Coal,,,0.0
Luxembourg,2004,1A3D1,ABFLOW039,Natural gas,,,0.0
Luxembourg,2004,1A3D1,ABFLOW039,Oil,,,0.0
Luxembourg,2004,1A3D2,ABFLOW032,Coal,,,0.0
Luxembourg,2004,1A3D2,ABFLOW032,Natural gas,,,0.0
Luxembourg,2004,1A3D2,ABFLOW032,Oil,,,0.0
Luxembourg,2004,1A3E1,ABFLOW033,Coal,,,0.0
Luxembourg,2004,1A3E1,ABFLOW033,Natural gas,,,0.0
Luxembourg,2004,1A3E1,ABFLOW033,Oil,,,0.0
Luxembourg,2004,1A4A,ABFLOW035,Coal,,,0.0
Luxembourg,2004,1A4A,ABFLOW035,Natural gas,,,0.0
Luxembourg,2004,1A4A,ABFLOW035,Oil,,,0.0
Luxembourg,2004,1A4B,ABFLOW034,Coal,,,0.0
Luxembourg,2004,1A4B,ABFLOW034,Natural gas,,,0.0
Luxembourg,2004,1A4B,ABFLOW034,Oil,,,0.0
Luxembourg,2004,1A4C1,ABFLOW036,Coal,,,0.0
Luxembourg,2004,1A4C1,ABFLOW036,Natural gas,,,0.0
Luxembourg,2004,1A4C1,ABFLOW036,Oil,,,0.0
Luxembourg,2004,1A4C2,ABFLOW037,Coal,,,0.0
Luxembourg,2004,1A4C2,ABFLOW037,Natural gas,,,0.0
Luxembourg,2004,1A4C2,ABFLOW037,Oil,,,0.0
Luxembourg,2004,1A5,ABFLOW038,Coal,,,0.0
Luxembourg,2004,1A5,ABFLOW038,Natural gas,,,0.0
Luxembourg,2004,1A5,ABFLOW038,Oil,,,0.0
Luxembourg,2005,1A,ABFLOW001,Coal,,,0.0
Luxembourg,2005,1A,ABFLOW001,Natural gas,,,0.0
Luxembourg,2005,1A,ABFLOW001,Oil,,,0.0
Luxembourg,2005,1A1A,ABFLOW002,Coal,,,0.0
Luxembourg,2005,1A1A,ABFLOW002,Natural gas,,,0.0
Luxembourg,2005,1A1A,ABFLOW002,Oil,,,0.0
Luxembourg,2005,1A1A1,ABFLOW003,Coal,37.48127281424403,,37.48127281424403
Luxembourg,2005,1A1A1,ABFLOW003,Natural gas,37.48127281424403,,37.48127281424403
Luxembourg,2005,1A1A1,ABFLOW003,Oil,37.48127281424403,,37.48127281424403
Luxembourg,2005,1A1A2,ABFLOW004,Coal,37.48127281424403,,37.48127281424403
Luxembourg,2005,1A1A2,ABFLOW004,Natural gas,37.48127281424403,,37.48127281424403
Luxembourg,2005,1A1A2,ABFLOW004,Oil,37.48127281424403,,37.48127281424403
Luxembourg,2005,1A1A3,ABFLOW005,Coal,37.48127281424403,,37.48127281424403
Luxembourg,2005,1A1A3,ABFLOW005,Natural gas,37.48127281424403,,37.48127281424403
Luxembourg,2005,1A1A3,ABFLOW005,Oil,37.48127281424403,,37.48127281424403
Luxembourg,2005,1A1B,ABFLOW011,Coal,37.48127281424403,,37.48127281424403
Luxembourg,2005,1A1B,ABFLOW011,Natural gas,37.48127281424403,,37.48127281424403
Luxembourg,2005,1A1B,ABFLOW011,Oil,37.48127281424403,,37.48127281424403
Luxembourg,2005,1A1C,ABFLOW011,Coal,37.48127281424403,,37.48127281424403
Luxembourg,2005,1A1C,ABFLOW011,Natural gas,37.48127281424403,,37.48127281424403
Luxembourg,2005,1A1C,ABFLOW011,Oil,37.48127281424403,,37.48127281424403
Luxembourg,2005,1A2,ABFLOW012,Coal,,,0.0
Luxembourg,2005,1A2,ABFLOW012,Natural gas,,,0.0
Luxembourg,2005,1A2,ABFLOW012,Oil,,,0.0
Luxembourg,2005,1A2A,ABFLOW016,Coal,37.48127281424403,,37.48127281424403
Luxembourg,2005,1A2A,ABFLOW016,Natural gas,37.48127281424403,,37.48127281424403
Luxembourg,2005,1A2A,ABFLOW016,Oil,37.48127281424403,,37.48127281424403
Luxembourg,2005,1A2B,ABFLOW018,Coal,37.48127281424403,,37.48127281424403
Luxembourg,2005,1A2B,ABFLOW018,Natural gas,37.48127281424403,,37.48127281424403
Luxembourg,2005,1A2B,ABFLOW018,Oil,37.48127281424403,,37.48127281424403
Luxembourg,2005,1A2C,ABFLOW017,Coal,37.48127281424403,,37.48127281424403
Luxembourg,2005,1A2C,ABFLOW017,Natural gas,37.48127281424403,,37.48127281424403
Luxembourg,2005,1A2C,ABFLOW017,Oil,37.48127281424403,,37.48127281424403
Luxembourg,2005,1A2D,ABFLOW023,Coal,37.48127281424403,,37.48127281424403
Luxembourg,2005,1A2D,ABFLOW023,Natural gas,37.48127281424403,,37.48127281424403
Luxembourg,2005,1A2D,ABFLOW023,Oil,37.48127281424403,,37.48127281424403
Luxembourg,2005,1A2E,ABFLOW022,Coal,37.48127281424403,,37.48127281424403
Luxembourg,2005,1A2E,ABFLOW022,Natural gas,37.48127281424403,,37.48127281424403
Luxembourg,2005,1A2E,ABFLOW022,Oil,37.48127281424403,,37.48127281424403
Luxembourg,2005,1A2F,ABFLOW019,Coal,37.48127281424403,,37.48127281424403
Luxembourg,2005,1A2F,ABFLOW019,Natural gas,37.48127281424403,,37.48127281424403
Luxembourg,2005,1A2F,ABFLOW019,Oil,37.48127281424403,,37.48127281424403
Luxembourg,2005,1A2G,ABFLOW020,Coal,37.48127281424403,,37.48127281424403
Luxembourg,2005,1A2G,ABFLOW020,Natural gas,37.48127281424403,,37.48127281424403
Luxembourg,2005,1A2G,ABFLOW020,Oil,37.48127281424403,,37.48127281424403
Luxembourg,2005,1A2H,ABFLOW021,Coal,37.48127281424403,,37.48127281424403
Luxembourg,2005,1A2H,ABFLOW021,Natural gas,37.48127281424403,,37.48127281424403
Luxembourg,2005,1A2H,ABFLOW021,Oil,37.48127281424403,,37.48127281424403
Luxembourg,2005,1A2I,ABFLOW013,Coal,37.48127281424403,,37.48127281424403
Luxembourg,2005,1A2I,ABFLOW013,Natural gas,37.48127281424403,,37.48127281424403
Luxembourg,2005,1A2I,ABFLOW013,Oil,37.48127281424403,,37.48127281424403
Luxembourg,2005,1A2J,ABFLOW024,Coal,37.48127281424403,,37.48127281424403
Luxembourg,2005,1A2J,ABFLOW024,Natural gas,37.48127281424403,,37.48127281424403
Luxembourg,2005,1A2J,ABFLOW024,Oil,37.48127281424403,,37.48127281424403
Luxembourg,2005,1A2K,ABFLOW014,Coal,37.48127281424403,,37.48127281424403
Luxembourg,2005,1A2K,ABFLOW014,Natural gas,37.48127281424403,,37.48127281424403
Luxembourg,2005,1A2K,ABFLOW014,Oil,37.48127281424403,,37.48127281424403
Luxembourg,2005,1A2L,ABFLOW025,Coal,37.48127281424403,,37.48127281424403
Luxembourg,2005,1A2L,ABFLOW025,Natural gas,37.48127281424403,,37.48127281424403
Luxembourg,2005,1A2L,ABFLOW025,Oil,37.48127281424403,,37.48127281424403
Luxembourg,2005,1A2M,ABFLOW026,Coal,37.48127281424403,,37.48127281424403
Luxembourg,2005,1A2M,ABFLOW026,Natural gas,37.48127281424403,,37.48127281424403
Luxembourg,2005,1A2M,ABFLOW026,Oil,37.48127281424403,,37.48127281424403
Luxembourg,2005,1A3,ABFLOW027,Coal,,,0.0
Luxembourg,2005,1A3,ABFLOW027,Natural gas,,,0.0
Luxembourg,2005,1A3,ABFLOW027,Oil,,,0.0
Luxembourg,2005,1A3A1,ABFLOW040,Coal,,,0.0
Luxembourg,2005,1A3A1,ABFLOW040,Natural gas,,,0.0
Luxembourg,2005,1A3A1,ABFLOW040,Oil,,,0.0
Luxembourg,2005,1A3A2,ABFLOW029,Coal,,,0.0
Luxembourg,2005,1A3A2,ABFLOW029,Natural gas,,,0.0
Luxembourg,2005,1A3A2,ABFLOW029,Oil,,,0.0
Luxembourg,2005,1A3B,ABFLOW028,Coal,,,0.0
Luxembourg,2005,1A3B,ABFLOW028,Natural gas,,,0.0
Luxembourg,2005,1A3B,ABFLOW028,Oil,,,0.0
Luxembourg,2005,1A3C,ABFLOW030,Coal,,,0.0
Luxembourg,2005,1A3C,ABFLOW030,Natural gas,,,0.0
Luxembourg,2005,1A3C,ABFLOW030,Oil,,,0.0
Luxembourg,2005,1A3D1,ABFLOW039,Coal,,,0.0
Luxembourg,2005,1A3D1,ABFLOW039,Natural gas,,,0.0
Luxembourg,2005,1A3D1,ABFLOW039,Oil,,,0.0
Luxembourg,2005,1A3D2,ABFLOW032,Coal,,,0.0
Luxembourg,2005,1A3D2,ABFLOW032,Natural gas,,,0.0
Luxembourg,2005,1A3D2,ABFLOW032,Oil,,,0.0
Luxembourg,2005,1A3E1,ABFLOW033,Coal,,,0.0
Luxembourg,2005,1A3E1,ABFLOW033,Natural gas,,,0.0
Luxembourg,2005,1A3E1,ABFLOW033,Oil,,,0.0
Luxembourg,2005,1A4A,ABFLOW035,Coal,,,0.0
Luxembourg,2005,1A4A,ABFLOW035,Natural gas,,,0.0
Luxembourg,2005,1A4A,ABFLOW035,Oil,,,0.0
Luxembourg,2005,1A4B,ABFLOW034,Coal,,,0.0
Luxembourg,2005,1A4B,ABFLOW034,Natural gas,,,0.0
Luxembourg,2005,1A4B,ABFLOW034,Oil,,,0.0
Luxembourg,2005,1A4C1,ABFLOW036,Coal,,,0.0
Luxembourg,2005,1A4C1,ABFLOW036,Natural gas,,,0.0
Luxembourg,2005,1A4C1,ABFLOW036,Oil,,,0.0
Luxembourg,2005,1A4C2,ABFLOW037,Coal,,,0.0
Luxembourg,2005,1A4C2,ABFLOW037,Natural gas,,,0.0
Luxembourg,2005,1A4C2,ABFLOW037,Oil,,,0.0
Luxembourg,2005,1A5,ABFLOW038,Coal,,,0.0
Luxembourg,2005,1A5,ABFLOW038,Natural gas,,,0.0
Luxembourg,2005,1A5,ABFLOW038,Oil,,,0.0
Luxembourg,2006,1A,ABFLOW001,Coal,,,0.0
Luxembourg,2006,1A,ABFLOW001,Natural gas,,,0.0
Luxembourg,2006,1A,ABFLOW001,Oil,,,0.0
Luxembourg,2006,1A1A,ABFLOW002,Coal,,,0.0
Luxembourg,2006,1A1A,ABFLOW002,Natural gas,,,0.0
Luxembourg,2006,1A1A,ABFLOW002,Oil,,,0.0
Luxembourg,2006,1A1A1,ABFLOW003,Coal,29.462395490433103,,29.462395490433103
Luxembourg,2006,1A1A1,ABFLOW003,Natural gas,29.462395490433103,,29.462395490433103
Luxembourg,2006,1A1A1,ABFLOW003,Oil,29.462395490433103,,29.462395490433103
Luxembourg,2006,1A1A2,ABFLOW004,Coal,29.462395490433103,,29.462395490433103
Luxembourg,2006,1A1A2,ABFLOW004,Natural gas,29.462395490433103,,29.462395490433103
Luxembourg,2006,1A1A2,ABFLOW004,Oil,29.462395490433103,,29.462395490433103
Luxembourg,2006,1A1A3,ABFLOW005,Coal,29.462395490433103,,29.462395490433103
Luxembourg,2006,1A1A3,ABFLOW005,Natural gas,29.462395490433103,,29.462395490433103
Luxembourg,2006,1A1A3,ABFLOW005,Oil,29.462395490433103,,29.462395490433103
Luxembourg,2006,1A1B,ABFLOW011,Coal,29.462395490433103,,29.462395490433103
Luxembourg,2006,1A1B,ABFLOW011,Natural gas,29.462395490433103,,29.462395490433103
Luxembourg,2006,1A1B,ABFLOW011,Oil,29.462395490433103,,29.462395490433103
Luxembourg,2006,1A1C,ABFLOW011,Coal,29.462395490433103,,29.462395490433103
Luxembourg,2006,1A1C,ABFLOW011,Natural gas,29.462395490433103,,29.462395490433103
Luxembourg,2006,1A1C,ABFLOW011,Oil,29.462395490433103,,29.462395490433103
Luxembourg,2006,1A2,ABFLOW012,Coal,,,0.0
Luxembourg,2006,1A2,ABFLOW012,Natural gas,,,0.0
Luxembourg,2006,1A2,ABFLOW012,Oil,,,0.0
Luxembourg,2006,1A2A,ABFLOW016,Coal,29.462395490433103,,29.462395490433103
Luxembourg,2006,1A2A,ABFLOW016,Natural gas,29.462395490433103,,29.462395490433103
Luxembourg,2006,1A2A,ABFLOW016,Oil,29.462395490433103,,29.462395490433103
Luxembourg,2006,1A2B,ABFLOW018,Coal,29.462395490433103,,29.462395490433103
Luxembourg,2006,1A2B,ABFLOW018,Natural gas,29.462395490433103,,29.462395490433103
Luxembourg,2006,1A2B,ABFLOW018,Oil,29.462395490433103,,29.462395490433103
Luxembourg,2006,1A2C,ABFLOW017,Coal,29.462395490433103,,29.462395490433103
Luxembourg,2006,1A2C,ABFLOW017,Natural gas,29.462395490433103,,29.462395490433103
Luxembourg,2006,1A2C,ABFLOW017,Oil,29.462395490433103,,29.462395490433103
Luxembourg,2006,1A2D,ABFLOW023,Coal,29.462395490433103,,29.462395490433103
Luxembourg,2006,1A2D,ABFLOW023,Natural gas,29.462395490433103,,29.462395490433103
Luxembourg,2006,1A2D,ABFLOW023,Oil,29.462395490433103,,29.462395490433103
Luxembourg,2006,1A2E,ABFLOW022,Coal,29.462395490433103,,29.462395490433103
Luxembourg,2006,1A2E,ABFLOW022,Natural gas,29.462395490433103,,29.462395490433103
Luxembourg,2006,1A2E,ABFLOW022,Oil,29.462395490433103,,29.462395490433103
Luxembourg,2006,1A2F,ABFLOW019,Coal,29.462395490433103,,29.462395490433103
Luxembourg,2006,1A2F,ABFLOW019,Natural gas,29.462395490433103,,29.462395490433103
Luxembourg,2006,1A2F,ABFLOW019,Oil,29.462395490433103,,29.462395490433103
Luxembourg,2006,1A2G,ABFLOW020,Coal,29.462395490433103,,29.462395490433103
Luxembourg,2006,1A2G,ABFLOW020,Natural gas,29.462395490433103,,29.462395490433103
Luxembourg,2006,1A2G,ABFLOW020,Oil,29.462395490433103,,29.462395490433103
Luxembourg,2006,1A2H,ABFLOW021,Coal,29.462395490433103,,29.462395490433103
Luxembourg,2006,1A2H,ABFLOW021,Natural gas,29.462395490433103,,29.462395490433103
Luxembourg,2006,1A2H,ABFLOW021,Oil,29.462395490433103,,29.462395490433103
Luxembourg,2006,1A2I,ABFLOW013,Coal,29.462395490433103,,29.462395490433103
Luxembourg,2006,1A2I,ABFLOW013,Natural gas,29.462395490433103,,29.462395490433103
Luxembourg,2006,1A2I,ABFLOW013,Oil,29.462395490433103,,29.462395490433103
Luxembourg,2006,1A2J,ABFLOW024,Coal,29.462395490433103,,29.462395490433103
Luxembourg,2006,1A2J,ABFLOW024,Natural gas,29.462395490433103,,29.462395490433103
Luxembourg,2006,1A2J,ABFLOW024,Oil,29.462395490433103,,29.462395490433103
Luxembourg,2006,1A2K,ABFLOW014,Coal,29.462395490433103,,29.462395490433103
Luxembourg,2006,1A2K,ABFLOW014,Natural gas,29.462395490433103,,29.462395490433103
Luxembourg,2006,1A2K,ABFLOW014,Oil,29.462395490433103,,29.462395490433103
Luxembourg,2006,1A2L,ABFLOW025,Coal,29.462395490433103,,29.462395490433103
Luxembourg,2006,1A2L,ABFLOW025,Natural gas,29.462395490433103,,29.462395490433103
Luxembourg,2006,1A2L,ABFLOW025,Oil,29.462395490433103,,29.462395490433103
Luxembourg,2006,1A2M,ABFLOW026,Coal,29.462395490433103,,29.462395490433103
Luxembourg,2006,1A2M,ABFLOW026,Natural gas,29.462395490433103,,29.462395490433103
Luxembourg,2006,1A2M,ABFLOW026,Oil,29.462395490433103,,29.462395490433103
Luxembourg,2006,1A3,ABFLOW027,Coal,,,0.0
Luxembourg,2006,1A3,ABFLOW027,Natural gas,,,0.0
Luxembourg,2006,1A3,ABFLOW027,Oil,,,0.0
Luxembourg,2006,1A3A1,ABFLOW040,Coal,,,0.0
Luxembourg,2006,1A3A1,ABFLOW040,Natural gas,,,0.0
Luxembourg,2006,1A3A1,ABFLOW040,Oil,,,0.0
Luxembourg,2006,1A3A2,ABFLOW029,Coal,,,0.0
Luxembourg,2006,1A3A2,ABFLOW029,Natural gas,,,0.0
Luxembourg,2006,1A3A2,ABFLOW029,Oil,,,0.0
Luxembourg,2006,1A3B,ABFLOW028,Coal,,,0.0
Luxembourg,2006,1A3B,ABFLOW028,Natural gas,,,0.0
Luxembourg,2006,1A3B,ABFLOW028,Oil,,,0.0
Luxembourg,2006,1A3C,ABFLOW030,Coal,,,0.0
Luxembourg,2006,1A3C,ABFLOW030,Natural gas,,,0.0
Luxembourg,2006,1A3C,ABFLOW030,Oil,,,0.0
Luxembourg,2006,1A3D1,ABFLOW039,Coal,,,0.0
Luxembourg,2006,1A3D1,ABFLOW039,Natural gas,,,0.0
Luxembourg,2006,1A3D1,ABFLOW039,Oil,,,0.0
Luxembourg,2006,1A3D2,ABFLOW032,Coal,,,0.0
Luxembourg,2006,1A3D2,ABFLOW032,Natural gas,,,0.0
Luxembourg,2006,1A3D2,ABFLOW032,Oil,,,0.0
Luxembourg,2006,1A3E1,ABFLOW033,Coal,,,0.0
Luxembourg,2006,1A3E1,ABFLOW033,Natural gas,,,0.0
Luxembourg,2006,1A3E1,ABFLOW033,Oil,,,0.0
Luxembourg,2006,1A4A,ABFLOW035,Coal,,,0.0
Luxembourg,2006,1A4A,ABFLOW035,Natural gas,,,0.0
Luxembourg,2006,1A4A,ABFLOW035,Oil,,,0.0
Luxembourg,2006,1A4B,ABFLOW034,Coal,,,0.0
Luxembourg,2006,1A4B,ABFLOW034,Natural gas,,,0.0
Luxembourg,2006,1A4B,ABFLOW034,Oil,,,0.0
Luxembourg,2006,1A4C1,ABFLOW036,Coal,,,0.0
Luxembourg,2006,1A4C1,ABFLOW036,Natural gas,,,0.0
Luxembourg,2006,1A4C1,ABFLOW036,Oil,,,0.0
Luxembourg,2006,1A4C2,ABFLOW037,Coal,,,0.0
Luxembourg,2006,1A4C2,ABFLOW037,Natural gas,,,0.0
Luxembourg,2006,1A4C2,ABFLOW037,Oil,,,0.0
Luxembourg,2006,1A5,ABFLOW038,Coal,,,0.0
Luxembourg,2006,1A5,ABFLOW038,Natural gas,,,0.0
Luxembourg,2006,1A5,ABFLOW038,Oil,,,0.0
Luxembourg,2007,1A,ABFLOW001,Coal,,,0.0
Luxembourg,2007,1A,ABFLOW001,Natural gas,,,0.0
Luxembourg,2007,1A,ABFLOW001,Oil,,,0.0
Luxembourg,2007,1A1A,ABFLOW002,Coal,,,0.0
Luxembourg,2007,1A1A,ABFLOW002,Natural gas,,,0.0
Luxembourg,2007,1A1A,ABFLOW002,Oil,,,0.0
Luxembourg,2007,1A1A1,ABFLOW003,Coal,1.1012129063533724,,1.1012129063533724
Luxembourg,2007,1A1A1,ABFLOW003,Natural gas,1.1012129063533724,,1.1012129063533724
Luxembourg,2007,1A1A1,ABFLOW003,Oil,1.1012129063533724,,1.1012129063533724
Luxembourg,2007,1A1A2,ABFLOW004,Coal,1.1012129063533724,,1.1012129063533724
Luxembourg,2007,1A1A2,ABFLOW004,Natural gas,1.1012129063533724,,1.1012129063533724
Luxembourg,2007,1A1A2,ABFLOW004,Oil,1.1012129063533724,,1.1012129063533724
Luxembourg,2007,1A1A3,ABFLOW005,Coal,1.1012129063533724,,1.1012129063533724
Luxembourg,2007,1A1A3,ABFLOW005,Natural gas,1.1012129063533724,,1.1012129063533724
Luxembourg,2007,1A1A3,ABFLOW005,Oil,1.1012129063533724,,1.1012129063533724
Luxembourg,2007,1A1B,ABFLOW011,Coal,1.1012129063533724,,1.1012129063533724
Luxembourg,2007,1A1B,ABFLOW011,Natural gas,1.1012129063533724,,1.1012129063533724
Luxembourg,2007,1A1B,ABFLOW011,Oil,1.1012129063533724,,1.1012129063533724
Luxembourg,2007,1A1C,ABFLOW011,Coal,1.1012129063533724,,1.1012129063533724
Luxembourg,2007,1A1C,ABFLOW011,Natural gas,1.1012129063533724,,1.1012129063533724
Luxembourg,2007,1A1C,ABFLOW011,Oil,1.1012129063533724,,1.1012129063533724
Luxembourg,2007,1A2,ABFLOW012,Coal,,,0.0
Luxembourg,2007,1A2,ABFLOW012,Natural gas,,,0.0
Luxembourg,2007,1A2,ABFLOW012,Oil,,,0.0
Luxembourg,2007,1A2A,ABFLOW016,Coal,1.1012129063533724,,1.1012129063533724
Luxembourg,2007,1A2A,ABFLOW016,Natural gas,1.1012129063533724,,1.1012129063533724
Luxembourg,2007,1A2A,ABFLOW016,Oil,1.1012129063533724,,1.1012129063533724
Luxembourg,2007,1A2B,ABFLOW018,Coal,1.1012129063533724,,1.1012129063533724
Luxembourg,2007,1A2B,ABFLOW018,Natural gas,1.1012129063533724,,1.1012129063533724
Luxembourg,2007,1A2B,ABFLOW018,Oil,1.1012129063533724,,1.1012129063533724
Luxembourg,2007,1A2C,ABFLOW017,Coal,1.1012129063533724,,1.1012129063533724
Luxembourg,2007,1A2C,ABFLOW017,Natural gas,1.1012129063533724,,1.1012129063533724
Luxembourg,2007,1A2C,ABFLOW017,Oil,1.1012129063533724,,1.1012129063533724
Luxembourg,2007,1A2D,ABFLOW023,Coal,1.1012129063533724,,1.1012129063533724
Luxembourg,2007,1A2D,ABFLOW023,Natural gas,1.1012129063533724,,1.1012129063533724
Luxembourg,2007,1A2D,ABFLOW023,Oil,1.1012129063533724,,1.1012129063533724
Luxembourg,2007,1A2E,ABFLOW022,Coal,1.1012129063533724,,1.1012129063533724
Luxembourg,2007,1A2E,ABFLOW022,Natural gas,1.1012129063533724,,1.1012129063533724
Luxembourg,2007,1A2E,ABFLOW022,Oil,1.1012129063533724,,1.1012129063533724
Luxembourg,2007,1A2F,ABFLOW019,Coal,1.1012129063533724,,1.1012129063533724
Luxembourg,2007,1A2F,ABFLOW019,Natural gas,1.1012129063533724,,1.1012129063533724
Luxembourg,2007,1A2F,ABFLOW019,Oil,1.1012129063533724,,1.1012129063533724
Luxembourg,2007,1A2G,ABFLOW020,Coal,1.1012129063533724,,1.1012129063533724
Luxembourg,2007,1A2G,ABFLOW020,Natural gas,1.1012129063533724,,1.1012129063533724
Luxembourg,2007,1A2G,ABFLOW020,Oil,1.1012129063533724,,1.1012129063533724
Luxembourg,2007,1A2H,ABFLOW021,Coal,1.1012129063533724,,1.1012129063533724
Luxembourg,2007,1A2H,ABFLOW021,Natural gas,1.1012129063533724,,1.1012129063533724
Luxembourg,2007,1A2H,ABFLOW021,Oil,1.1012129063533724,,1.1012129063533724
Luxembourg,2007,1A2I,ABFLOW013,Coal,1.1012129063533724,,1.1012129063533724
Luxembourg,2007,1A2I,ABFLOW013,Natural gas,1.1012129063533724,,1.1012129063533724
Luxembourg,2007,1A2I,ABFLOW013,Oil,1.1012129063533724,,1.1012129063533724
Luxembourg,2007,1A2J,ABFLOW024,Coal,1.1012129063533724,,1.1012129063533724
Luxembourg,2007,1A2J,ABFLOW024,Natural gas,1.1012129063533724,,1.1012129063533724
Luxembourg,2007,1A2J,ABFLOW024,Oil,1.1012129063533724,,1.1012129063533724
Luxembourg,2007,1A2K,ABFLOW014,Coal,1.1012129063533724,,1.1012129063533724
Luxembourg,2007,1A2K,ABFLOW014,Natural gas,1.1012129063533724,,1.1012129063533724
Luxembourg,2007,1A2K,ABFLOW014,Oil,1.1012129063533724,,1.1012129063533724
Luxembourg,2007,1A2L,ABFLOW025,Coal,1.1012129063533724,,1.1012129063533724
Luxembourg,2007,1A2L,ABFLOW025,Natural gas,1.1012129063533724,,1.1012129063533724
Luxembourg,2007,1A2L,ABFLOW025,Oil,1.1012129063533724,,1.1012129063533724
Luxembourg,2007,1A2M,ABFLOW026,Coal,1.1012129063533724,,1.1012129063533724
Luxembourg,2007,1A2M,ABFLOW026,Natural gas,1.1012129063533724,,1.1012129063533724
Luxembourg,2007,1A2M,ABFLOW026,Oil,1.1012129063533724,,1.1012129063533724
Luxembourg,2007,1A3,ABFLOW027,Coal,,,0.0
Luxembourg,2007,1A3,ABFLOW027,Natural gas,,,0.0
Luxembourg,2007,1A3,ABFLOW027,Oil,,,0.0
Luxembourg,2007,1A3A1,ABFLOW040,Coal,,,0.0
Luxembourg,2007,1A3A1,ABFLOW040,Natural gas,,,0.0
Luxembourg,2007,1A3A1,ABFLOW040,Oil,,,0.0
Luxembourg,2007,1A3A2,ABFLOW029,Coal,,,0.0
Luxembourg,2007,1A3A2,ABFLOW029,Natural gas,,,0.0
Luxembourg,2007,1A3A2,ABFLOW029,Oil,,,0.0
Luxembourg,2007,1A3B,ABFLOW028,Coal,,,0.0
Luxembourg,2007,1A3B,ABFLOW028,Natural gas,,,0.0
Luxembourg,2007,1A3B,ABFLOW028,Oil,,,0.0
Luxembourg,2007,1A3C,ABFLOW030,Coal,,,0.0
Luxembourg,2007,1A3C,ABFLOW030,Natural gas,,,0.0
Luxembourg,2007,1A3C,ABFLOW030,Oil,,,0.0
Luxembourg,2007,1A3D1,ABFLOW039,Coal,,,0.0
Luxembourg,2007,1A3D1,ABFLOW039,Natural gas,,,0.0
Luxembourg,2007,1A3D1,ABFLOW039,Oil,,,0.0
Luxembourg,2007,1A3D2,ABFLOW032,Coal,,,0.0
Luxembourg,2007,1A3D2,ABFLOW032,Natural gas,,,0.0
Luxembourg,2007,1A3D2,ABFLOW032,Oil,,,0.0
Luxembourg,2007,1A3E1,ABFLOW033,Coal,,,0.0
Luxembourg,2007,1A3E1,ABFLOW033,Natural gas,,,0.0
Luxembourg,2007,1A3E1,ABFLOW033,Oil,,,0.0
Luxembourg,2007,1A4A,ABFLOW035,Coal,,,0.0
Luxembourg,2007,1A4A,ABFLOW035,Natural gas,,,0.0
Luxembourg,2007,1A4A,ABFLOW035,Oil,,,0.0
Luxembourg,2007,1A4B,ABFLOW034,Coal,,,0.0
Luxembourg,2007,1A4B,ABFLOW034,Natural gas,,,0.0
Luxembourg,2007,1A4B,ABFLOW034,Oil,,,0.0
Luxembourg,2007,1A4C1,ABFLOW036,Coal,,,0.0
Luxembourg,2007,1A4C1,ABFLOW036,Natural gas,,,0.0
Luxembourg,2007,1A4C1,ABFLOW036,Oil,,,0.0
Luxembourg,2007,1A4C2,ABFLOW037,Coal,,,0.0
Luxembourg,2007,1A4C2,ABFLOW037,Natural gas,,,0.0
Luxembourg,2007,1A4C2,ABFLOW037,Oil,,,0.0
Luxembourg,2007,1A5,ABFLOW038,Coal,,,0.0
Luxembourg,2007,1A5,ABFLOW038,Natural gas,,,0.0
Luxembourg,2007,1A5,ABFLOW038,Oil,,,0.0
Luxembourg,2008,1A,ABFLOW001,Coal,,,0.0
Luxembourg,2008,1A,ABFLOW001,Natural gas,,,0.0
Luxembourg,2008,1A,ABFLOW001,Oil,,,0.0
Luxembourg,2008,1A1A,ABFLOW002,Coal,,,0.0
Luxembourg,2008,1A1A,ABFLOW002,Natural gas,,,0.0
Luxembourg,2008,1A1A,ABFLOW002,Oil,,,0.0
Luxembourg,2008,1A1A1,ABFLOW003,Coal,27.20065279140457,,27.20065279140457
Luxembourg,2008,1A1A1,ABFLOW003,Natural gas,27.20065279140457,,27.20065279140457
Luxembourg,2008,1A1A1,ABFLOW003,Oil,27.20065279140457,,27.20065279140457
Luxembourg,2008,1A1A2,ABFLOW004,Coal,27.20065279140457,,27.20065279140457
Luxembourg,2008,1A1A2,ABFLOW004,Natural gas,27.20065279140457,,27.20065279140457
Luxembourg,2008,1A1A2,ABFLOW004,Oil,27.20065279140457,,27.20065279140457
Luxembourg,2008,1A1A3,ABFLOW005,Coal,27.20065279140457,,27.20065279140457
Luxembourg,2008,1A1A3,ABFLOW005,Natural gas,27.20065279140457,,27.20065279140457
Luxembourg,2008,1A1A3,ABFLOW005,Oil,27.20065279140457,,27.20065279140457
Luxembourg,2008,1A1B,ABFLOW011,Coal,27.20065279140457,,27.20065279140457
Luxembourg,2008,1A1B,ABFLOW011,Natural gas,27.20065279140457,,27.20065279140457
Luxembourg,2008,1A1B,ABFLOW011,Oil,27.20065279140457,,27.20065279140457
Luxembourg,2008,1A1C,ABFLOW011,Coal,27.20065279140457,,27.20065279140457
Luxembourg,2008,1A1C,ABFLOW011,Natural gas,27.20065279140457,,27.20065279140457
Luxembourg,2008,1A1C,ABFLOW011,Oil,27.20065279140457,,27.20065279140457
Luxembourg,2008,1A2,ABFLOW012,Coal,,,0.0
Luxembourg,2008,1A2,ABFLOW012,Natural gas,,,0.0
Luxembourg,2008,1A2,ABFLOW012,Oil,,,0.0
Luxembourg,2008,1A2A,ABFLOW016,Coal,27.20065279140457,,27.20065279140457
Luxembourg,2008,1A2A,ABFLOW016,Natural gas,27.20065279140457,,27.20065279140457
Luxembourg,2008,1A2A,ABFLOW016,Oil,27.20065279140457,,27.20065279140457
Luxembourg,2008,1A2B,ABFLOW018,Coal,27.20065279140457,,27.20065279140457
Luxembourg,2008,1A2B,ABFLOW018,Natural gas,27.20065279140457,,27.20065279140457
Luxembourg,2008,1A2B,ABFLOW018,Oil,27.20065279140457,,27.20065279140457
Luxembourg,2008,1A2C,ABFLOW017,Coal,27.20065279140457,,27.20065279140457
Luxembourg,2008,1A2C,ABFLOW017,Natural gas,27.20065279140457,,27.20065279140457
Luxembourg,2008,1A2C,ABFLOW017,Oil,27.20065279140457,,27.20065279140457
Luxembourg,2008,1A2D,ABFLOW023,Coal,27.20065279140457,,27.20065279140457
Luxembourg,2008,1A2D,ABFLOW023,Natural gas,27.20065279140457,,27.20065279140457
Luxembourg,2008,1A2D,ABFLOW023,Oil,27.20065279140457,,27.20065279140457
Luxembourg,2008,1A2E,ABFLOW022,Coal,27.20065279140457,,27.20065279140457
Luxembourg,2008,1A2E,ABFLOW022,Natural gas,27.20065279140457,,27.20065279140457
Luxembourg,2008,1A2E,ABFLOW022,Oil,27.20065279140457,,27.20065279140457
Luxembourg,2008,1A2F,ABFLOW019,Coal,27.20065279140457,,27.20065279140457
Luxembourg,2008,1A2F,ABFLOW019,Natural gas,27.20065279140457,,27.20065279140457
Luxembourg,2008,1A2F,ABFLOW019,Oil,27.20065279140457,,27.20065279140457
Luxembourg,2008,1A2G,ABFLOW020,Coal,27.20065279140457,,27.20065279140457
Luxembourg,2008,1A2G,ABFLOW020,Natural gas,27.20065279140457,,27.20065279140457
Luxembourg,2008,1A2G,ABFLOW020,Oil,27.20065279140457,,27.20065279140457
Luxembourg,2008,1A2H,ABFLOW021,Coal,27.20065279140457,,27.20065279140457
Luxembourg,2008,1A2H,ABFLOW021,Natural gas,27.20065279140457,,27.20065279140457
Luxembourg,2008,1A2H,ABFLOW021,Oil,27.20065279140457,,27.20065279140457
Luxembourg,2008,1A2I,ABFLOW013,Coal,27.20065279140457,,27.20065279140457
Luxembourg,2008,1A2I,ABFLOW013,Natural gas,27.20065279140457,,27.20065279140457
Luxembourg,2008,1A2I,ABFLOW013,Oil,27.20065279140457,,27.20065279140457
Luxembourg,2008,1A2J,ABFLOW024,Coal,27.20065279140457,,27.20065279140457
Luxembourg,2008,1A2J,ABFLOW024,Natural gas,27.20065279140457,,27.20065279140457
Luxembourg,2008,1A2J,ABFLOW024,Oil,27.20065279140457,,27.20065279140457
Luxembourg,2008,1A2K,ABFLOW014,Coal,27.20065279140457,,27.20065279140457
Luxembourg,2008,1A2K,ABFLOW014,Natural gas,27.20065279140457,,27.20065279140457
Luxembourg,2008,1A2K,ABFLOW014,Oil,27.20065279140457,,27.20065279140457
Luxembourg,2008,1A2L,ABFLOW025,Coal,27.20065279140457,,27.20065279140457
Luxembourg,2008,1A2L,ABFLOW025,Natural gas,27.20065279140457,,27.20065279140457
Luxembourg,2008,1A2L,ABFLOW025,Oil,27.20065279140457,,27.20065279140457
Luxembourg,2008,1A2M,ABFLOW026,Coal,27.20065279140457,,27.20065279140457
Luxembourg,2008,1A2M,ABFLOW026,Natural gas,27.20065279140457,,27.20065279140457
Luxembourg,2008,1A2M,ABFLOW026,Oil,27.20065279140457,,27.20065279140457
Luxembourg,2008,1A3,ABFLOW027,Coal,,,0.0
Luxembourg,2008,1A3,ABFLOW027,Natural gas,,,0.0
Luxembourg,2008,1A3,ABFLOW027,Oil,,,0.0
Luxembourg,2008,1A3A1,ABFLOW040,Coal,,,0.0
Luxembourg,2008,1A3A1,ABFLOW040,Natural gas,,,0.0
Luxembourg,2008,1A3A1,ABFLOW040,Oil,,,0.0
Luxembourg,2008,1A3A2,ABFLOW029,Coal,,,0.0
Luxembourg,2008,1A3A2,ABFLOW029,Natural gas,,,0.0
Luxembourg,2008,1A3A2,ABFLOW029,Oil,,,0.0
Luxembourg,2008,1A3B,ABFLOW028,Coal,,,0.0
Luxembourg,2008,1A3B,ABFLOW028,Natural gas,,,0.0
Luxembourg,2008,1A3B,ABFLOW028,Oil,,,0.0
Luxembourg,2008,1A3C,ABFLOW030,Coal,,,0.0
Luxembourg,2008,1A3C,ABFLOW030,Natural gas,,,0.0
Luxembourg,2008,1A3C,ABFLOW030,Oil,,,0.0
Luxembourg,2008,1A3D1,ABFLOW039,Coal,,,0.0
Luxembourg,2008,1A3D1,ABFLOW039,Natural gas,,,0.0
Luxembourg,2008,1A3D1,ABFLOW039,Oil,,,0.0
Luxembourg,2008,1A3D2,ABFLOW032,Coal,,,0.0
Luxembourg,2008,1A3D2,ABFLOW032,Natural gas,,,0.0
Luxembourg,2008,1A3D2,ABFLOW032,Oil,,,0.0
Luxembourg,2008,1A3E1,ABFLOW033,Coal,,,0.0
Luxembourg,2008,1A3E1,ABFLOW033,Natural gas,,,0.0
Luxembourg,2008,1A3E1,ABFLOW033,Oil,,,0.0
Luxembourg,2008,1A4A,ABFLOW035,Coal,,,0.0
Luxembourg,2008,1A4A,ABFLOW035,Natural gas,,,0.0
Luxembourg,2008,1A4A,ABFLOW035,Oil,,,0.0
Luxembourg,2008,1A4B,ABFLOW034,Coal,,,0.0
Luxembourg,2008,1A4B,ABFLOW034,Natural gas,,,0.0
Luxembourg,2008,1A4B,ABFLOW034,Oil,,,0.0
Luxembourg,2008,1A4C1,ABFLOW036,Coal,,,0.0
Luxembourg,2008,1A4C1,ABFLOW036,Natural gas,,,0.0
Luxembourg,2008,1A4C1,ABFLOW036,Oil,,,0.0
Luxembourg,2008,1A4C2,ABFLOW037,Coal,,,0.0
Luxembourg,2008,1A4C2,ABFLOW037,Natural gas,,,0.0
Luxembourg,2008,1A4C2,ABFLOW037,Oil,,,0.0
Luxembourg,2008,1A5,ABFLOW038,Coal,,,0.0
Luxembourg,2008,1A5,ABFLOW038,Natural gas,,,0.0
Luxembourg,2008,1A5,ABFLOW038,Oil,,,0.0
Luxembourg,2009,1A,ABFLOW001,Coal,,,0.0
Luxembourg,2009,1A,ABFLOW001,Natural gas,,,0.0
Luxembourg,2009,1A,ABFLOW001,Oil,,,0.0
Luxembourg,2009,1A1A,ABFLOW002,Coal,,,0.0
Luxembourg,2009,1A1A,ABFLOW002,Natural gas,,,0.0
Luxembourg,2009,1A1A,ABFLOW002,Oil,,,0.0
Luxembourg,2009,1A1A1,ABFLOW003,Coal,20.40282596206151,,20.40282596206151
Luxembourg,2009,1A1A1,ABFLOW003,Natural gas,20.40282596206151,,20.40282596206151
Luxembourg,2009,1A1A1,ABFLOW003,Oil,20.40282596206151,,20.40282596206151
Luxembourg,2009,1A1A2,ABFLOW004,Coal,20.40282596206151,,20.40282596206151
Luxembourg,2009,1A1A2,ABFLOW004,Natural gas,20.40282596206151,,20.40282596206151
Luxembourg,2009,1A1A2,ABFLOW004,Oil,20.40282596206151,,20.40282596206151
Luxembourg,2009,1A1A3,ABFLOW005,Coal,20.40282596206151,,20.40282596206151
Luxembourg,2009,1A1A3,ABFLOW005,Natural gas,20.40282596206151,,20.40282596206151
Luxembourg,2009,1A1A3,ABFLOW005,Oil,20.40282596206151,,20.40282596206151
Luxembourg,2009,1A1B,ABFLOW011,Coal,20.40282596206151,,20.40282596206151
Luxembourg,2009,1A1B,ABFLOW011,Natural gas,20.40282596206151,,20.40282596206151
Luxembourg,2009,1A1B,ABFLOW011,Oil,20.40282596206151,,20.40282596206151
Luxembourg,2009,1A1C,ABFLOW011,Coal,20.40282596206151,,20.40282596206151
Luxembourg,2009,1A1C,ABFLOW011,Natural gas,20.40282596206151,,20.40282596206151
Luxembourg,2009,1A1C,ABFLOW011,Oil,20.40282596206151,,20.40282596206151
Luxembourg,2009,1A2,ABFLOW012,Coal,,,0.0
Luxembourg,2009,1A2,ABFLOW012,Natural gas,,,0.0
Luxembourg,2009,1A2,ABFLOW012,Oil,,,0.0
Luxembourg,2009,1A2A,ABFLOW016,Coal,20.40282596206151,,20.40282596206151
Luxembourg,2009,1A2A,ABFLOW016,Natural gas,20.40282596206151,,20.40282596206151
Luxembourg,2009,1A2A,ABFLOW016,Oil,20.40282596206151,,20.40282596206151
Luxembourg,2009,1A2B,ABFLOW018,Coal,20.40282596206151,,20.40282596206151
Luxembourg,2009,1A2B,ABFLOW018,Natural gas,20.40282596206151,,20.40282596206151
Luxembourg,2009,1A2B,ABFLOW018,Oil,20.40282596206151,,20.40282596206151
Luxembourg,2009,1A2C,ABFLOW017,Coal,20.40282596206151,,20.40282596206151
Luxembourg,2009,1A2C,ABFLOW017,Natural gas,20.40282596206151,,20.40282596206151
Luxembourg,2009,1A2C,ABFLOW017,Oil,20.40282596206151,,20.40282596206151
Luxembourg,2009,1A2D,ABFLOW023,Coal,20.40282596206151,,20.40282596206151
Luxembourg,2009,1A2D,ABFLOW023,Natural gas,20.40282596206151,,20.40282596206151
Luxembourg,2009,1A2D,ABFLOW023,Oil,20.40282596206151,,20.40282596206151
Luxembourg,2009,1A2E,ABFLOW022,Coal,20.40282596206151,,20.40282596206151
Luxembourg,2009,1A2E,ABFLOW022,Natural gas,20.40282596206151,,20.40282596206151
Luxembourg,2009,1A2E,ABFLOW022,Oil,20.40282596206151,,20.40282596206151
Luxembourg,2009,1A2F,ABFLOW019,Coal,20.40282596206151,,20.40282596206151
Luxembourg,2009,1A2F,ABFLOW019,Natural gas,20.40282596206151,,20.40282596206151
Luxembourg,2009,1A2F,ABFLOW019,Oil,20.40282596206151,,20.40282596206151
Luxembourg,2009,1A2G,ABFLOW020,Coal,20.40282596206151,,20.40282596206151
Luxembourg,2009,1A2G,ABFLOW020,Natural gas,20.40282596206151,,20.40282596206151
Luxembourg,2009,1A2G,ABFLOW020,Oil,20.40282596206151,,20.40282596206151
Luxembourg,2009,1A2H,ABFLOW021,Coal,20.40282596206151,,20.40282596206151
Luxembourg,2009,1A2H,ABFLOW021,Natural gas,20.40282596206151,,20.40282596206151
Luxembourg,2009,1A2H,ABFLOW021,Oil,20.40282596206151,,20.40282596206151
Luxembourg,2009,1A2I,ABFLOW013,Coal,20.40282596206151,,20.40282596206151
Luxembourg,2009,1A2I,ABFLOW013,Natural gas,20.40282596206151,,20.40282596206151
Luxembourg,2009,1A2I,ABFLOW013,Oil,20.40282596206151,,20.40282596206151
Luxembourg,2009,1A2J,ABFLOW024,Coal,20.40282596206151,,20.40282596206151
Luxembourg,2009,1A2J,ABFLOW024,Natural gas,20.40282596206151,,20.40282596206151
Luxembourg,2009,1A2J,ABFLOW024,Oil,20.40282596206151,,20.40282596206151
Luxembourg,2009,1A2K,ABFLOW014,Coal,20.40282596206151,,20.40282596206151
Luxembourg,2009,1A2K,ABFLOW014,Natural gas,20.40282596206151,,20.40282596206151
Luxembourg,2009,1A2K,ABFLOW014,Oil,20.40282596206151,,20.40282596206151
Luxembourg,2009,1A2L,ABFLOW025,Coal,20.40282596206151,,20.40282596206151
Luxembourg,2009,1A2L,ABFLOW025,Natural gas,20.40282596206151,,20.40282596206151
Luxembourg,2009,1A2L,ABFLOW025,Oil,20.40282596206151,,20.40282596206151
Luxembourg,2009,1A2M,ABFLOW026,Coal,20.40282596206151,,20.40282596206151
Luxembourg,2009,1A2M,ABFLOW026,Natural gas,20.40282596206151,,20.40282596206151
Luxembourg,2009,1A2M,ABFLOW026,Oil,20.40282596206151,,20.40282596206151
Luxembourg,2009,1A3,ABFLOW027,Coal,,,0.0
Luxembourg,2009,1A3,ABFLOW027,Natural gas,,,0.0
Luxembourg,2009,1A3,ABFLOW027,Oil,,,0.0
Luxembourg,2009,1A3A1,ABFLOW040,Coal,,,0.0
Luxembourg,2009,1A3A1,ABFLOW040,Natural gas,,,0.0
Luxembourg,2009,1A3A1,ABFLOW040,Oil,,,0.0
Luxembourg,2009,1A3A2,ABFLOW029,Coal,,,0.0
Luxembourg,2009,1A3A2,ABFLOW029,Natural gas,,,0.0
Luxembourg,2009,1A3A2,ABFLOW029,Oil,,,0.0
Luxembourg,2009,1A3B,ABFLOW028,Coal,,,0.0
Luxembourg,2009,1A3B,ABFLOW028,Natural gas,,,0.0
Luxembourg,2009,1A3B,ABFLOW028,Oil,,,0.0
Luxembourg,2009,1A3C,ABFLOW030,Coal,,,0.0
Luxembourg,2009,1A3C,ABFLOW030,Natural gas,,,0.0
Luxembourg,2009,1A3C,ABFLOW030,Oil,,,0.0
Luxembourg,2009,1A3D1,ABFLOW039,Coal,,,0.0
Luxembourg,2009,1A3D1,ABFLOW039,Natural gas,,,0.0
Luxembourg,2009,1A3D1,ABFLOW039,Oil,,,0.0
Luxembourg,2009,1A3D2,ABFLOW032,Coal,,,0.0
Luxembourg,2009,1A3D2,ABFLOW032,Natural gas,,,0.0
Luxembourg,2009,1A3D2,ABFLOW032,Oil,,,0.0
Luxembourg,2009,1A3E1,ABFLOW033,Coal,,,0.0
Luxembourg,2009,1A3E1,ABFLOW033,Natural gas,,,0.0
Luxembourg,2009,1A3E1,ABFLOW033,Oil,,,0.0
Luxembourg,2009,1A4A,ABFLOW035,Coal,,,0.0
Luxembourg,2009,1A4A,ABFLOW035,Natural gas,,,0.0
Luxembourg,2009,1A4A,ABFLOW035,Oil,,,0.0
Luxembourg,2009,1A4B,ABFLOW034,Coal,,,0.0
Luxembourg,2009,1A4B,ABFLOW034,Natural gas,,,0.0
Luxembourg,2009,1A4B,ABFLOW034,Oil,,,0.0
Luxembourg,2009,1A4C1,ABFLOW036,Coal,,,0.0
Luxembourg,2009,1A4C1,ABFLOW036,Natural gas,,,0.0
Luxembourg,2009,1A4C1,ABFLOW036,Oil,,,0.0
Luxembourg,2009,1A4C2,ABFLOW037,Coal,,,0.0
Luxembourg,2009,1A4C2,ABFLOW037,Natural gas,,,0.0
Luxembourg,2009,1A4C2,ABFLOW037,Oil,,,0.0
Luxembourg,2009,1A5,ABFLOW038,Coal,,,0.0
Luxembourg,2009,1A5,ABFLOW038,Natural gas,,,0.0
Luxembourg,2009,1A5,ABFLOW038,Oil,,,0.0
Luxembourg,2010,1A,ABFLOW001,Coal,,,0.0
Luxembourg,2010,1A,ABFLOW001,Natural gas,,,0.0
Luxembourg,2010,1A,ABFLOW001,Oil,,,0.0
Luxembourg,2010,1A1A,ABFLOW002,Coal,,,0.0
Luxembourg,2010,1A1A,ABFLOW002,Natural gas,,,0.0
Luxembourg,2010,1A1A,ABFLOW002,Oil,,,0.0
Luxembourg,2010,1A1A1,ABFLOW003,Coal,21.26087108892455,,21.26087108892455
Luxembourg,2010,1A1A1,ABFLOW003,Natural gas,21.26087108892455,,21.26087108892455
Luxembourg,2010,1A1A1,ABFLOW003,Oil,21.26087108892455,,21.26087108892455
Luxembourg,2010,1A1A2,ABFLOW004,Coal,21.26087108892455,,21.26087108892455
Luxembourg,2010,1A1A2,ABFLOW004,Natural gas,21.26087108892455,,21.26087108892455
Luxembourg,2010,1A1A2,ABFLOW004,Oil,21.26087108892455,,21.26087108892455
Luxembourg,2010,1A1A3,ABFLOW005,Coal,21.26087108892455,,21.26087108892455
Luxembourg,2010,1A1A3,ABFLOW005,Natural gas,21.26087108892455,,21.26087108892455
Luxembourg,2010,1A1A3,ABFLOW005,Oil,21.26087108892455,,21.26087108892455
Luxembourg,2010,1A1B,ABFLOW011,Coal,21.26087108892455,,21.26087108892455
Luxembourg,2010,1A1B,ABFLOW011,Natural gas,21.26087108892455,,21.26087108892455
Luxembourg,2010,1A1B,ABFLOW011,Oil,21.26087108892455,,21.26087108892455
Luxembourg,2010,1A1C,ABFLOW011,Coal,21.26087108892455,,21.26087108892455
Luxembourg,2010,1A1C,ABFLOW011,Natural gas,21.26087108892455,,21.26087108892455
Luxembourg,2010,1A1C,ABFLOW011,Oil,21.26087108892455,,21.26087108892455
Luxembourg,2010,1A2,ABFLOW012,Coal,,,0.0
Luxembourg,2010,1A2,ABFLOW012,Natural gas,,,0.0
Luxembourg,2010,1A2,ABFLOW012,Oil,,,0.0
Luxembourg,2010,1A2A,ABFLOW016,Coal,21.26087108892455,,21.26087108892455
Luxembourg,2010,1A2A,ABFLOW016,Natural gas,21.26087108892455,,21.26087108892455
Luxembourg,2010,1A2A,ABFLOW016,Oil,21.26087108892455,,21.26087108892455
Luxembourg,2010,1A2B,ABFLOW018,Coal,21.26087108892455,,21.26087108892455
Luxembourg,2010,1A2B,ABFLOW018,Natural gas,21.26087108892455,,21.26087108892455
Luxembourg,2010,1A2B,ABFLOW018,Oil,21.26087108892455,,21.26087108892455
Luxembourg,2010,1A2C,ABFLOW017,Coal,21.26087108892455,,21.26087108892455
Luxembourg,2010,1A2C,ABFLOW017,Natural gas,21.26087108892455,,21.26087108892455
Luxembourg,2010,1A2C,ABFLOW017,Oil,21.26087108892455,,21.26087108892455
Luxembourg,2010,1A2D,ABFLOW023,Coal,21.26087108892455,,21.26087108892455
Luxembourg,2010,1A2D,ABFLOW023,Natural gas,21.26087108892455,,21.26087108892455
Luxembourg,2010,1A2D,ABFLOW023,Oil,21.26087108892455,,21.26087108892455
Luxembourg,2010,1A2E,ABFLOW022,Coal,21.26087108892455,,21.26087108892455
Luxembourg,2010,1A2E,ABFLOW022,Natural gas,21.26087108892455,,21.26087108892455
Luxembourg,2010,1A2E,ABFLOW022,Oil,21.26087108892455,,21.26087108892455
Luxembourg,2010,1A2F,ABFLOW019,Coal,21.26087108892455,,21.26087108892455
Luxembourg,2010,1A2F,ABFLOW019,Natural gas,21.26087108892455,,21.26087108892455
Luxembourg,2010,1A2F,ABFLOW019,Oil,21.26087108892455,,21.26087108892455
Luxembourg,2010,1A2G,ABFLOW020,Coal,21.26087108892455,,21.26087108892455
Luxembourg,2010,1A2G,ABFLOW020,Natural gas,21.26087108892455,,21.26087108892455
Luxembourg,2010,1A2G,ABFLOW020,Oil,21.26087108892455,,21.26087108892455
Luxembourg,2010,1A2H,ABFLOW021,Coal,21.26087108892455,,21.26087108892455
Luxembourg,2010,1A2H,ABFLOW021,Natural gas,21.26087108892455,,21.26087108892455
Luxembourg,2010,1A2H,ABFLOW021,Oil,21.26087108892455,,21.26087108892455
Luxembourg,2010,1A2I,ABFLOW013,Coal,21.26087108892455,,21.26087108892455
Luxembourg,2010,1A2I,ABFLOW013,Natural gas,21.26087108892455,,21.26087108892455
Luxembourg,2010,1A2I,ABFLOW013,Oil,21.26087108892455,,21.26087108892455
Luxembourg,2010,1A2J,ABFLOW024,Coal,21.26087108892455,,21.26087108892455
Luxembourg,2010,1A2J,ABFLOW024,Natural gas,21.26087108892455,,21.26087108892455
Luxembourg,2010,1A2J,ABFLOW024,Oil,21.26087108892455,,21.26087108892455
Luxembourg,2010,1A2K,ABFLOW014,Coal,21.26087108892455,,21.26087108892455
Luxembourg,2010,1A2K,ABFLOW014,Natural gas,21.26087108892455,,21.26087108892455
Luxembourg,2010,1A2K,ABFLOW014,Oil,21.26087108892455,,21.26087108892455
Luxembourg,2010,1A2L,ABFLOW025,Coal,21.26087108892455,,21.26087108892455
Luxembourg,2010,1A2L,ABFLOW025,Natural gas,21.26087108892455,,21.26087108892455
Luxembourg,2010,1A2L,ABFLOW025,Oil,21.26087108892455,,21.26087108892455
Luxembourg,2010,1A2M,ABFLOW026,Coal,21.26087108892455,,21.26087108892455
Luxembourg,2010,1A2M,ABFLOW026,Natural gas,21.26087108892455,,21.26087108892455
Luxembourg,2010,1A2M,ABFLOW026,Oil,21.26087108892455,,21.26087108892455
Luxembourg,2010,1A3,ABFLOW027,Coal,,,0.0
Luxembourg,2010,1A3,ABFLOW027,Natural gas,,,0.0
Luxembourg,2010,1A3,ABFLOW027,Oil,,,0.0
Luxembourg,2010,1A3A1,ABFLOW040,Coal,,,0.0
Luxembourg,2010,1A3A1,ABFLOW040,Natural gas,,,0.0
Luxembourg,2010,1A3A1,ABFLOW040,Oil,,,0.0
Luxembourg,2010,1A3A2,ABFLOW029,Coal,,,0.0
Luxembourg,2010,1A3A2,ABFLOW029,Natural gas,,,0.0
Luxembourg,2010,1A3A2,ABFLOW029,Oil,,,0.0
Luxembourg,2010,1A3B,ABFLOW028,Coal,,,0.0
Luxembourg,2010,1A3B,ABFLOW028,Natural gas,,,0.0
Luxembourg,2010,1A3B,ABFLOW028,Oil,,,0.0
Luxembourg,2010,1A3C,ABFLOW030,Coal,,,0.0
Luxembourg,2010,1A3C,ABFLOW030,Natural gas,,,0.0
Luxembourg,2010,1A3C,ABFLOW030,Oil,,,0.0
Luxembourg,2010,1A3D1,ABFLOW039,Coal,,,0.0
Luxembourg,2010,1A3D1,ABFLOW039,Natural gas,,,0.0
Luxembourg,2010,1A3D1,ABFLOW039,Oil,,,0.0
Luxembourg,2010,1A3D2,ABFLOW032,Coal,,,0.0
Luxembourg,2010,1A3D2,ABFLOW032,Natural gas,,,0.0
Luxembourg,2010,1A3D2,ABFLOW032,Oil,,,0.0
Luxembourg,2010,1A3E1,ABFLOW033,Coal,,,0.0
Luxembourg,2010,1A3E1,ABFLOW033,Natural gas,,,0.0
Luxembourg,2010,1A3E1,ABFLOW033,Oil,,,0.0
Luxembourg,2010,1A4A,ABFLOW035,Coal,,,0.0
Luxembourg,2010,1A4A,ABFLOW035,Natural gas,,,0.0
Luxembourg,2010,1A4A,ABFLOW035,Oil,,,0.0
Luxembourg,2010,1A4B,ABFLOW034,Coal,,,0.0
Luxembourg,2010,1A4B,ABFLOW034,Natural gas,,,0.0
Luxembourg,2010,1A4B,ABFLOW034,Oil,,,0.0
Luxembourg,2010,1A4C1,ABFLOW036,Coal,,,0.0
Luxembourg,2010,1A4C1,ABFLOW036,Natural gas,,,0.0
Luxembourg,2010,1A4C1,ABFLOW036,Oil,,,0.0
Luxembourg,2010,1A4C2,ABFLOW037,Coal,,,0.0
Luxembourg,2010,1A4C2,ABFLOW037,Natural gas,,,0.0
Luxembourg,2010,1A4C2,ABFLOW037,Oil,,,0.0
Luxembourg,2010,1A5,ABFLOW038,Coal,,,0.0
Luxembourg,2010,1A5,ABFLOW038,Natural gas,,,0.0
Luxembourg,2010,1A5,ABFLOW038,Oil,,,0.0
Luxembourg,2011,1A,ABFLOW001,Coal,,,0.0
Luxembourg,2011,1A,ABFLOW001,Natural gas,,,0.0
Luxembourg,2011,1A,ABFLOW001,Oil,,,0.0
Luxembourg,2011,1A1A,ABFLOW002,Coal,,,0.0
Luxembourg,2011,1A1A,ABFLOW002,Natural gas,,,0.0
Luxembourg,2011,1A1A,ABFLOW002,Oil,,,0.0
Luxembourg,2011,1A1A1,ABFLOW003,Coal,18.54547426865781,,18.54547426865781
Luxembourg,2011,1A1A1,ABFLOW003,Natural gas,18.54547426865781,,18.54547426865781
Luxembourg,2011,1A1A1,ABFLOW003,Oil,18.54547426865781,,18.54547426865781
Luxembourg,2011,1A1A2,ABFLOW004,Coal,18.54547426865781,,18.54547426865781
Luxembourg,2011,1A1A2,ABFLOW004,Natural gas,18.54547426865781,,18.54547426865781
Luxembourg,2011,1A1A2,ABFLOW004,Oil,18.54547426865781,,18.54547426865781
Luxembourg,2011,1A1A3,ABFLOW005,Coal,18.54547426865781,,18.54547426865781
Luxembourg,2011,1A1A3,ABFLOW005,Natural gas,18.54547426865781,,18.54547426865781
Luxembourg,2011,1A1A3,ABFLOW005,Oil,18.54547426865781,,18.54547426865781
Luxembourg,2011,1A1B,ABFLOW011,Coal,18.54547426865781,,18.54547426865781
Luxembourg,2011,1A1B,ABFLOW011,Natural gas,18.54547426865781,,18.54547426865781
Luxembourg,2011,1A1B,ABFLOW011,Oil,18.54547426865781,,18.54547426865781
Luxembourg,2011,1A1C,ABFLOW011,Coal,18.54547426865781,,18.54547426865781
Luxembourg,2011,1A1C,ABFLOW011,Natural gas,18.54547426865781,,18.54547426865781
Luxembourg,2011,1A1C,ABFLOW011,Oil,18.54547426865781,,18.54547426865781
Luxembourg,2011,1A2,ABFLOW012,Coal,,,0.0
Luxembourg,2011,1A2,ABFLOW012,Natural gas,,,0.0
Luxembourg,2011,1A2,ABFLOW012,Oil,,,0.0
Luxembourg,2011,1A2A,ABFLOW016,Coal,18.54547426865781,,18.54547426865781
Luxembourg,2011,1A2A,ABFLOW016,Natural gas,18.54547426865781,,18.54547426865781
Luxembourg,2011,1A2A,ABFLOW016,Oil,18.54547426865781,,18.54547426865781
Luxembourg,2011,1A2B,ABFLOW018,Coal,18.54547426865781,,18.54547426865781
Luxembourg,2011,1A2B,ABFLOW018,Natural gas,18.54547426865781,,18.54547426865781
Luxembourg,2011,1A2B,ABFLOW018,Oil,18.54547426865781,,18.54547426865781
Luxembourg,2011,1A2C,ABFLOW017,Coal,18.54547426865781,,18.54547426865781
Luxembourg,2011,1A2C,ABFLOW017,Natural gas,18.54547426865781,,18.54547426865781
Luxembourg,2011,1A2C,ABFLOW017,Oil,18.54547426865781,,18.54547426865781
Luxembourg,2011,1A2D,ABFLOW023,Coal,18.54547426865781,,18.54547426865781
Luxembourg,2011,1A2D,ABFLOW023,Natural gas,18.54547426865781,,18.54547426865781
Luxembourg,2011,1A2D,ABFLOW023,Oil,18.54547426865781,,18.54547426865781
Luxembourg,2011,1A2E,ABFLOW022,Coal,18.54547426865781,,18.54547426865781
Luxembourg,2011,1A2E,ABFLOW022,Natural gas,18.54547426865781,,18.54547426865781
Luxembourg,2011,1A2E,ABFLOW022,Oil,18.54547426865781,,18.54547426865781
Luxembourg,2011,1A2F,ABFLOW019,Coal,18.54547426865781,,18.54547426865781
Luxembourg,2011,1A2F,ABFLOW019,Natural gas,18.54547426865781,,18.54547426865781
Luxembourg,2011,1A2F,ABFLOW019,Oil,18.54547426865781,,18.54547426865781
Luxembourg,2011,1A2G,ABFLOW020,Coal,18.54547426865781,,18.54547426865781
Luxembourg,2011,1A2G,ABFLOW020,Natural gas,18.54547426865781,,18.54547426865781
Luxembourg,2011,1A2G,ABFLOW020,Oil,18.54547426865781,,18.54547426865781
Luxembourg,2011,1A2H,ABFLOW021,Coal,18.54547426865781,,18.54547426865781
Luxembourg,2011,1A2H,ABFLOW021,Natural gas,18.54547426865781,,18.54547426865781
Luxembourg,2011,1A2H,ABFLOW021,Oil,18.54547426865781,,18.54547426865781
Luxembourg,2011,1A2I,ABFLOW013,Coal,18.54547426865781,,18.54547426865781
Luxembourg,2011,1A2I,ABFLOW013,Natural gas,18.54547426865781,,18.54547426865781
Luxembourg,2011,1A2I,ABFLOW013,Oil,18.54547426865781,,18.54547426865781
Luxembourg,2011,1A2J,ABFLOW024,Coal,18.54547426865781,,18.54547426865781
Luxembourg,2011,1A2J,ABFLOW024,Natural gas,18.54547426865781,,18.54547426865781
Luxembourg,2011,1A2J,ABFLOW024,Oil,18.54547426865781,,18.54547426865781
Luxembourg,2011,1A2K,ABFLOW014,Coal,18.54547426865781,,18.54547426865781
Luxembourg,2011,1A2K,ABFLOW014,Natural gas,18.54547426865781,,18.54547426865781
Luxembourg,2011,1A2K,ABFLOW014,Oil,18.54547426865781,,18.54547426865781
Luxembourg,2011,1A2L,ABFLOW025,Coal,18.54547426865781,,18.54547426865781
Luxembourg,2011,1A2L,ABFLOW025,Natural gas,18.54547426865781,,18.54547426865781
Luxembourg,2011,1A2L,ABFLOW025,Oil,18.54547426865781,,18.54547426865781
Luxembourg,2011,1A2M,ABFLOW026,Coal,18.54547426865781,,18.54547426865781
Luxembourg,2011,1A2M,ABFLOW026,Natural gas,18.54547426865781,,18.54547426865781
Luxembourg,2011,1A2M,ABFLOW026,Oil,18.54547426865781,,18.54547426865781
Luxembourg,2011,1A3,ABFLOW027,Coal,,,0.0
Luxembourg,2011,1A3,ABFLOW027,Natural gas,,,0.0
Luxembourg,2011,1A3,ABFLOW027,Oil,,,0.0
Luxembourg,2011,1A3A1,ABFLOW040,Coal,,,0.0
Luxembourg,2011,1A3A1,ABFLOW040,Natural gas,,,0.0
Luxembourg,2011,1A3A1,ABFLOW040,Oil,,,0.0
Luxembourg,2011,1A3A2,ABFLOW029,Coal,,,0.0
Luxembourg,2011,1A3A2,ABFLOW029,Natural gas,,,0.0
Luxembourg,2011,1A3A2,ABFLOW029,Oil,,,0.0
Luxembourg,2011,1A3B,ABFLOW028,Coal,,,0.0
Luxembourg,2011,1A3B,ABFLOW028,Natural gas,,,0.0
Luxembourg,2011,1A3B,ABFLOW028,Oil,,,0.0
Luxembourg,2011,1A3C,ABFLOW030,Coal,,,0.0
Luxembourg,2011,1A3C,ABFLOW030,Natural gas,,,0.0
Luxembourg,2011,1A3C,ABFLOW030,Oil,,,0.0
Luxembourg,2011,1A3D1,ABFLOW039,Coal,,,0.0
Luxembourg,2011,1A3D1,ABFLOW039,Natural gas,,,0.0
Luxembourg,2011,1A3D1,ABFLOW039,Oil,,,0.0
Luxembourg,2011,1A3D2,ABFLOW032,Coal,,,0.0
Luxembourg,2011,1A3D2,ABFLOW032,Natural gas,,,0.0
Luxembourg,2011,1A3D2,ABFLOW032,Oil,,,0.0
Luxembourg,2011,1A3E1,ABFLOW033,Coal,,,0.0
Luxembourg,2011,1A3E1,ABFLOW033,Natural gas,,,0.0
Luxembourg,2011,1A3E1,ABFLOW033,Oil,,,0.0
Luxembourg,2011,1A4A,ABFLOW035,Coal,,,0.0
Luxembourg,2011,1A4A,ABFLOW035,Natural gas,,,0.0
Luxembourg,2011,1A4A,ABFLOW035,Oil,,,0.0
Luxembourg,2011,1A4B,ABFLOW034,Coal,,,0.0
Luxembourg,2011,1A4B,ABFLOW034,Natural gas,,,0.0
Luxembourg,2011,1A4B,ABFLOW034,Oil,,,0.0
Luxembourg,2011,1A4C1,ABFLOW036,Coal,,,0.0
Luxembourg,2011,1A4C1,ABFLOW036,Natural gas,,,0.0
Luxembourg,2011,1A4C1,ABFLOW036,Oil,,,0.0
Luxembourg,2011,1A4C2,ABFLOW037,Coal,,,0.0
Luxembourg,2011,1A4C2,ABFLOW037,Natural gas,,,0.0
Luxembourg,2011,1A4C2,ABFLOW037,Oil,,,0.0
Luxembourg,2011,1A5,ABFLOW038,Coal,,,0.0
Luxembourg,2011,1A5,ABFLOW038,Natural gas,,,0.0
Luxembourg,2011,1A5,ABFLOW038,Oil,,,0.0
Luxembourg,2012,1A,ABFLOW001,Coal,,,0.0
Luxembourg,2012,1A,ABFLOW001,Natural gas,,,0.0
Luxembourg,2012,1A,ABFLOW001,Oil,,,0.0
Luxembourg,2012,1A1A,ABFLOW002,Coal,,,0.0
Luxembourg,2012,1A1A,ABFLOW002,Natural gas,,,0.0
Luxembourg,2012,1A1A,ABFLOW002,Oil,,,0.0
Luxembourg,2012,1A1A1,ABFLOW003,Coal,10.242424470345885,,10.242424470345885
Luxembourg,2012,1A1A1,ABFLOW003,Natural gas,10.242424470345885,,10.242424470345885
Luxembourg,2012,1A1A1,ABFLOW003,Oil,10.242424470345885,,10.242424470345885
Luxembourg,2012,1A1A2,ABFLOW004,Coal,10.242424470345885,,10.242424470345885
Luxembourg,2012,1A1A2,ABFLOW004,Natural gas,10.242424470345885,,10.242424470345885
Luxembourg,2012,1A1A2,ABFLOW004,Oil,10.242424470345885,,10.242424470345885
Luxembourg,2012,1A1A3,ABFLOW005,Coal,10.242424470345885,,10.242424470345885
Luxembourg,2012,1A1A3,ABFLOW005,Natural gas,10.242424470345885,,10.242424470345885
Luxembourg,2012,1A1A3,ABFLOW005,Oil,10.242424470345885,,10.242424470345885
Luxembourg,2012,1A1B,ABFLOW011,Coal,10.242424470345885,,10.242424470345885
Luxembourg,2012,1A1B,ABFLOW011,Natural gas,10.242424470345885,,10.242424470345885
Luxembourg,2012,1A1B,ABFLOW011,Oil,10.242424470345885,,10.242424470345885
Luxembourg,2012,1A1C,ABFLOW011,Coal,10.242424470345885,,10.242424470345885
Luxembourg,2012,1A1C,ABFLOW011,Natural gas,10.242424470345885,,10.242424470345885
Luxembourg,2012,1A1C,ABFLOW011,Oil,10.242424470345885,,10.242424470345885
Luxembourg,2012,1A2,ABFLOW012,Coal,,,0.0
Luxembourg,2012,1A2,ABFLOW012,Natural gas,,,0.0
Luxembourg,2012,1A2,ABFLOW012,Oil,,,0.0
Luxembourg,2012,1A2A,ABFLOW016,Coal,10.242424470345885,,10.242424470345885
Luxembourg,2012,1A2A,ABFLOW016,Natural gas,10.242424470345885,,10.242424470345885
Luxembourg,2012,1A2A,ABFLOW016,Oil,10.242424470345885,,10.242424470345885
Luxembourg,2012,1A2B,ABFLOW018,Coal,10.242424470345885,,10.242424470345885
Luxembourg,2012,1A2B,ABFLOW018,Natural gas,10.242424470345885,,10.242424470345885
Luxembourg,2012,1A2B,ABFLOW018,Oil,10.242424470345885,,10.242424470345885
Luxembourg,2012,1A2C,ABFLOW017,Coal,10.242424470345885,,10.242424470345885
Luxembourg,2012,1A2C,ABFLOW017,Natural gas,10.242424470345885,,10.242424470345885
Luxembourg,2012,1A2C,ABFLOW017,Oil,10.242424470345885,,10.242424470345885
Luxembourg,2012,1A2D,ABFLOW023,Coal,10.242424470345885,,10.242424470345885
Luxembourg,2012,1A2D,ABFLOW023,Natural gas,10.242424470345885,,10.242424470345885
Luxembourg,2012,1A2D,ABFLOW023,Oil,10.242424470345885,,10.242424470345885
Luxembourg,2012,1A2E,ABFLOW022,Coal,10.242424470345885,,10.242424470345885
Luxembourg,2012,1A2E,ABFLOW022,Natural gas,10.242424470345885,,10.242424470345885
Luxembourg,2012,1A2E,ABFLOW022,Oil,10.242424470345885,,10.242424470345885
Luxembourg,2012,1A2F,ABFLOW019,Coal,10.242424470345885,,10.242424470345885
Luxembourg,2012,1A2F,ABFLOW019,Natural gas,10.242424470345885,,10.242424470345885
Luxembourg,2012,1A2F,ABFLOW019,Oil,10.242424470345885,,10.242424470345885
Luxembourg,2012,1A2G,ABFLOW020,Coal,10.242424470345885,,10.242424470345885
Luxembourg,2012,1A2G,ABFLOW020,Natural gas,10.242424470345885,,10.242424470345885
Luxembourg,2012,1A2G,ABFLOW020,Oil,10.242424470345885,,10.242424470345885
Luxembourg,2012,1A2H,ABFLOW021,Coal,10.242424470345885,,10.242424470345885
Luxembourg,2012,1A2H,ABFLOW021,Natural gas,10.242424470345885,,10.242424470345885
Luxembourg,2012,1A2H,ABFLOW021,Oil,10.242424470345885,,10.242424470345885
Luxembourg,2012,1A2I,ABFLOW013,Coal,10.242424470345885,,10.242424470345885
Luxembourg,2012,1A2I,ABFLOW013,Natural gas,10.242424470345885,,10.242424470345885
Luxembourg,2012,1A2I,ABFLOW013,Oil,10.242424470345885,,10.242424470345885
Luxembourg,2012,1A2J,ABFLOW024,Coal,10.242424470345885,,10.242424470345885
Luxembourg,2012,1A2J,ABFLOW024,Natural gas,10.242424470345885,,10.242424470345885
Luxembourg,2012,1A2J,ABFLOW024,Oil,10.242424470345885,,10.242424470345885
Luxembourg,2012,1A2K,ABFLOW014,Coal,10.242424470345885,,10.242424470345885
Luxembourg,2012,1A2K,ABFLOW014,Natural gas,10.242424470345885,,10.242424470345885
Luxembourg,2012,1A2K,ABFLOW014,Oil,10.242424470345885,,10.242424470345885
Luxembourg,2012,1A2L,ABFLOW025,Coal,10.242424470345885,,10.242424470345885
Luxembourg,2012,1A2L,ABFLOW025,Natural gas,10.242424470345885,,10.242424470345885
Luxembourg,2012,1A2L,ABFLOW025,Oil,10.242424470345885,,10.242424470345885
Luxembourg,2012,1A2M,ABFLOW026,Coal,10.242424470345885,,10.242424470345885
Luxembourg,2012,1A2M,ABFLOW026,Natural gas,10.242424470345885,,10.242424470345885
Luxembourg,2012,1A2M,ABFLOW026,Oil,10.242424470345885,,10.242424470345885
Luxembourg,2012,1A3,ABFLOW027,Coal,,,0.0
Luxembourg,2012,1A3,ABFLOW027,Natural gas,,,0.0
Luxembourg,2012,1A3,ABFLOW027,Oil,,,0.0
Luxembourg,2012,1A3A1,ABFLOW040,Coal,10.242424470345885,,10.242424470345885
Luxembourg,2012,1A3A1,ABFLOW040,Natural gas,10.242424470345885,,10.242424470345885
Luxembourg,2012,1A3A1,ABFLOW040,Oil,10.242424470345885,,10.242424470345885
Luxembourg,2012,1A3A2,ABFLOW029,Coal,10.242424470345885,,10.242424470345885
Luxembourg,2012,1A3A2,ABFLOW029,Natural gas,10.242424470345885,,10.242424470345885
Luxembourg,2012,1A3A2,ABFLOW029,Oil,10.242424470345885,,10.242424470345885
Luxembourg,2012,1A3B,ABFLOW028,Coal,,,0.0
Luxembourg,2012,1A3B,ABFLOW028,Natural gas,,,0.0
Luxembourg,2012,1A3B,ABFLOW028,Oil,,,0.0
Luxembourg,2012,1A3C,ABFLOW030,Coal,,,0.0
Luxembourg,2012,1A3C,ABFLOW030,Natural gas,,,0.0
Luxembourg,2012,1A3C,ABFLOW030,Oil,,,0.0
Luxembourg,2012,1A3D1,ABFLOW039,Coal,,,0.0
Luxembourg,2012,1A3D1,ABFLOW039,Natural gas,,,0.0
Luxembourg,2012,1A3D1,ABFLOW039,Oil,,,0.0
Luxembourg,2012,1A3D2,ABFLOW032,Coal,,,0.0
Luxembourg,2012,1A3D2,ABFLOW032,Natural gas,,,0.0
Luxembourg,2012,1A3D2,ABFLOW032,Oil,,,0.0
Luxembourg,2012,1A3E1,ABFLOW033,Coal,,,0.0
Luxembourg,2012,1A3E1,ABFLOW033,Natural gas,,,0.0
Luxembourg,2012,1A3E1,ABFLOW033,Oil,,,0.0
Luxembourg,2012,1A4A,ABFLOW035,Coal,,,0.0
Luxembourg,2012,1A4A,ABFLOW035,Natural gas,,,0.0
Luxembourg,2012,1A4A,ABFLOW035,Oil,,,0.0
Luxembourg,2012,1A4B,ABFLOW034,Coal,,,0.0
Luxembourg,2012,1A4B,ABFLOW034,Natural gas,,,0.0
Luxembourg,2012,1A4B,ABFLOW034,Oil,,,0.0
Luxembourg,2012,1A4C1,ABFLOW036,Coal,,,0.0
Luxembourg,2012,1A4C1,ABFLOW036,Natural gas,,,0.0
Luxembourg,2012,1A4C1,ABFLOW036,Oil,,,0.0
Luxembourg,2012,1A4C2,ABFLOW037,Coal,,,0.0
Luxembourg,2012,1A4C2,ABFLOW037,Natural gas,,,0.0
Luxembourg,2012,1A4C2,ABFLOW037,Oil,,,0.0
Luxembourg,2012,1A5,ABFLOW038,Coal,,,0.0
Luxembourg,2012,1A5,ABFLOW038,Natural gas,,,0.0
Luxembourg,2012,1A5,ABFLOW038,Oil,,,0.0
Luxembourg,2013,1A,ABFLOW001,Coal,,,0.0
Luxembourg,2013,1A,ABFLOW001,Natural gas,,,0.0
Luxembourg,2013,1A,ABFLOW001,Oil,,,0.0
Luxembourg,2013,1A1A,ABFLOW002,Coal,,,0.0
Luxembourg,2013,1A1A,ABFLOW002,Natural gas,,,0.0
Luxembourg,2013,1A1A,ABFLOW002,Oil,,,0.0
Luxembourg,2013,1A1A1,ABFLOW003,Coal,6.065688349793153,,6.065688349793153
Luxembourg,2013,1A1A1,ABFLOW003,Natural gas,6.065688349793153,,6.065688349793153
Luxembourg,2013,1A1A1,ABFLOW003,Oil,6.065688349793153,,6.065688349793153
Luxembourg,2013,1A1A2,ABFLOW004,Coal,6.065688349793153,,6.065688349793153
Luxembourg,2013,1A1A2,ABFLOW004,Natural gas,6.065688349793153,,6.065688349793153
Luxembourg,2013,1A1A2,ABFLOW004,Oil,6.065688349793153,,6.065688349793153
Luxembourg,2013,1A1A3,ABFLOW005,Coal,6.065688349793153,,6.065688349793153
Luxembourg,2013,1A1A3,ABFLOW005,Natural gas,6.065688349793153,,6.065688349793153
Luxembourg,2013,1A1A3,ABFLOW005,Oil,6.065688349793153,,6.065688349793153
Luxembourg,2013,1A1B,ABFLOW011,Coal,6.065688349793153,,6.065688349793153
Luxembourg,2013,1A1B,ABFLOW011,Natural gas,6.065688349793153,,6.065688349793153
Luxembourg,2013,1A1B,ABFLOW011,Oil,6.065688349793153,,6.065688349793153
Luxembourg,2013,1A1C,ABFLOW011,Coal,6.065688349793153,,6.065688349793153
Luxembourg,2013,1A1C,ABFLOW011,Natural gas,6.065688349793153,,6.065688349793153
Luxembourg,2013,1A1C,ABFLOW011,Oil,6.065688349793153,,6.065688349793153
Luxembourg,2013,1A2,ABFLOW012,Coal,,,0.0
Luxembourg,2013,1A2,ABFLOW012,Natural gas,,,0.0
Luxembourg,2013,1A2,ABFLOW012,Oil,,,0.0
Luxembourg,2013,1A2A,ABFLOW016,Coal,6.065688349793153,,6.065688349793153
Luxembourg,2013,1A2A,ABFLOW016,Natural gas,6.065688349793153,,6.065688349793153
Luxembourg,2013,1A2A,ABFLOW016,Oil,6.065688349793153,,6.065688349793153
Luxembourg,2013,1A2B,ABFLOW018,Coal,6.065688349793153,,6.065688349793153
Luxembourg,2013,1A2B,ABFLOW018,Natural gas,6.065688349793153,,6.065688349793153
Luxembourg,2013,1A2B,ABFLOW018,Oil,6.065688349793153,,6.065688349793153
Luxembourg,2013,1A2C,ABFLOW017,Coal,6.065688349793153,,6.065688349793153
Luxembourg,2013,1A2C,ABFLOW017,Natural gas,6.065688349793153,,6.065688349793153
Luxembourg,2013,1A2C,ABFLOW017,Oil,6.065688349793153,,6.065688349793153
Luxembourg,2013,1A2D,ABFLOW023,Coal,6.065688349793153,,6.065688349793153
Luxembourg,2013,1A2D,ABFLOW023,Natural gas,6.065688349793153,,6.065688349793153
Luxembourg,2013,1A2D,ABFLOW023,Oil,6.065688349793153,,6.065688349793153
Luxembourg,2013,1A2E,ABFLOW022,Coal,6.065688349793153,,6.065688349793153
Luxembourg,2013,1A2E,ABFLOW022,Natural gas,6.065688349793153,,6.065688349793153
Luxembourg,2013,1A2E,ABFLOW022,Oil,6.065688349793153,,6.065688349793153
Luxembourg,2013,1A2F,ABFLOW019,Coal,6.065688349793153,,6.065688349793153
Luxembourg,2013,1A2F,ABFLOW019,Natural gas,6.065688349793153,,6.065688349793153
Luxembourg,2013,1A2F,ABFLOW019,Oil,6.065688349793153,,6.065688349793153
Luxembourg,2013,1A2G,ABFLOW020,Coal,6.065688349793153,,6.065688349793153
Luxembourg,2013,1A2G,ABFLOW020,Natural gas,6.065688349793153,,6.065688349793153
Luxembourg,2013,1A2G,ABFLOW020,Oil,6.065688349793153,,6.065688349793153
Luxembourg,2013,1A2H,ABFLOW021,Coal,6.065688349793153,,6.065688349793153
Luxembourg,2013,1A2H,ABFLOW021,Natural gas,6.065688349793153,,6.065688349793153
Luxembourg,2013,1A2H,ABFLOW021,Oil,6.065688349793153,,6.065688349793153
Luxembourg,2013,1A2I,ABFLOW013,Coal,6.065688349793153,,6.065688349793153
Luxembourg,2013,1A2I,ABFLOW013,Natural gas,6.065688349793153,,6.065688349793153
Luxembourg,2013,1A2I,ABFLOW013,Oil,6.065688349793153,,6.065688349793153
Luxembourg,2013,1A2J,ABFLOW024,Coal,6.065688349793153,,6.065688349793153
Luxembourg,2013,1A2J,ABFLOW024,Natural gas,6.065688349793153,,6.065688349793153
Luxembourg,2013,1A2J,ABFLOW024,Oil,6.065688349793153,,6.065688349793153
Luxembourg,2013,1A2K,ABFLOW014,Coal,6.065688349793153,,6.065688349793153
Luxembourg,2013,1A2K,ABFLOW014,Natural gas,6.065688349793153,,6.065688349793153
Luxembourg,2013,1A2K,ABFLOW014,Oil,6.065688349793153,,6.065688349793153
Luxembourg,2013,1A2L,ABFLOW025,Coal,6.065688349793153,,6.065688349793153
Luxembourg,2013,1A2L,ABFLOW025,Natural gas,6.065688349793153,,6.065688349793153
Luxembourg,2013,1A2L,ABFLOW025,Oil,6.065688349793153,,6.065688349793153
Luxembourg,2013,1A2M,ABFLOW026,Coal,6.065688349793153,,6.065688349793153
Luxembourg,2013,1A2M,ABFLOW026,Natural gas,6.065688349793153,,6.065688349793153
Luxembourg,2013,1A2M,ABFLOW026,Oil,6.065688349793153,,6.065688349793153
Luxembourg,2013,1A3,ABFLOW027,Coal,,,0.0
Luxembourg,2013,1A3,ABFLOW027,Natural gas,,,0.0
Luxembourg,2013,1A3,ABFLOW027,Oil,,,0.0
Luxembourg,2013,1A3A1,ABFLOW040,Coal,3.093501058394508,,3.093501058394508
Luxembourg,2013,1A3A1,ABFLOW040,Natural gas,3.093501058394508,,3.093501058394508
Luxembourg,2013,1A3A1,ABFLOW040,Oil,3.093501058394508,,3.093501058394508
Luxembourg,2013,1A3A2,ABFLOW029,Coal,6.065688349793153,,6.065688349793153
Luxembourg,2013,1A3A2,ABFLOW029,Natural gas,6.065688349793153,,6.065688349793153
Luxembourg,2013,1A3A2,ABFLOW029,Oil,6.065688349793153,,6.065688349793153
Luxembourg,2013,1A3B,ABFLOW028,Coal,,,0.0
Luxembourg,2013,1A3B,ABFLOW028,Natural gas,,,0.0
Luxembourg,2013,1A3B,ABFLOW028,Oil,,,0.0
Luxembourg,2013,1A3C,ABFLOW030,Coal,,,0.0
Luxembourg,2013,1A3C,ABFLOW030,Natural gas,,,0.0
Luxembourg,2013,1A3C,ABFLOW030,Oil,,,0.0
Luxembourg,2013,1A3D1,ABFLOW039,Coal,,,0.0
Luxembourg,2013,1A3D1,ABFLOW039,Natural gas,,,0.0
Luxembourg,2013,1A3D1,ABFLOW039,Oil,,,0.0
Luxembourg,2013,1A3D2,ABFLOW032,Coal,,,0.0
Luxembourg,2013,1A3D2,ABFLOW032,Natural gas,,,0.0
Luxembourg,2013,1A3D2,ABFLOW032,Oil,,,0.0
Luxembourg,2013,1A3E1,ABFLOW033,Coal,,,0.0
Luxembourg,2013,1A3E1,ABFLOW033,Natural gas,,,0.0
Luxembourg,2013,1A3E1,ABFLOW033,Oil,,,0.0
Luxembourg,2013,1A4A,ABFLOW035,Coal,,,0.0
Luxembourg,2013,1A4A,ABFLOW035,Natural gas,,,0.0
Luxembourg,2013,1A4A,ABFLOW035,Oil,,,0.0
Luxembourg,2013,1A4B,ABFLOW034,Coal,,,0.0
Luxembourg,2013,1A4B,ABFLOW034,Natural gas,,,0.0
Luxembourg,2013,1A4B,ABFLOW034,Oil,,,0.0
Luxembourg,2013,1A4C1,ABFLOW036,Coal,,,0.0
Luxembourg,2013,1A4C1,ABFLOW036,Natural gas,,,0.0
Luxembourg,2013,1A4C1,ABFLOW036,Oil,,,0.0
Luxembourg,2013,1A4C2,ABFLOW037,Coal,,,0.0
Luxembourg,2013,1A4C2,ABFLOW037,Natural gas,,,0.0
Luxembourg,2013,1A4C2,ABFLOW037,Oil,,,0.0
Luxembourg,2013,1A5,ABFLOW038,Coal,,,0.0
Luxembourg,2013,1A5,ABFLOW038,Natural gas,,,0.0
Luxembourg,2013,1A5,ABFLOW038,Oil,,,0.0
Luxembourg,2014,1A,ABFLOW001,Coal,,,0.0
Luxembourg,2014,1A,ABFLOW001,Natural gas,,,0.0
Luxembourg,2014,1A,ABFLOW001,Oil,,,0.0
Luxembourg,2014,1A1A,ABFLOW002,Coal,,,0.0
Luxembourg,2014,1A1A,ABFLOW002,Natural gas,,,0.0
Luxembourg,2014,1A1A,ABFLOW002,Oil,,,0.0
Luxembourg,2014,1A1A1,ABFLOW003,Coal,7.854351862744798,,7.854351862744798
Luxembourg,2014,1A1A1,ABFLOW003,Natural gas,7.854351862744798,,7.854351862744798
Luxembourg,2014,1A1A1,ABFLOW003,Oil,7.854351862744798,,7.854351862744798
Luxembourg,2014,1A1A2,ABFLOW004,Coal,7.854351862744798,,7.854351862744798
Luxembourg,2014,1A1A2,ABFLOW004,Natural gas,7.854351862744798,,7.854351862744798
Luxembourg,2014,1A1A2,ABFLOW004,Oil,7.854351862744798,,7.854351862744798
Luxembourg,2014,1A1A3,ABFLOW005,Coal,7.854351862744798,,7.854351862744798
Luxembourg,2014,1A1A3,ABFLOW005,Natural gas,7.854351862744798,,7.854351862744798
Luxembourg,2014,1A1A3,ABFLOW005,Oil,7.854351862744798,,7.854351862744798
Luxembourg,2014,1A1B,ABFLOW011,Coal,7.854351862744798,,7.854351862744798
Luxembourg,2014,1A1B,ABFLOW011,Natural gas,7.854351862744798,,7.854351862744798
Luxembourg,2014,1A1B,ABFLOW011,Oil,7.854351862744798,,7.854351862744798
Luxembourg,2014,1A1C,ABFLOW011,Coal,7.854351862744798,,7.854351862744798
Luxembourg,2014,1A1C,ABFLOW011,Natural gas,7.854351862744798,,7.854351862744798
Luxembourg,2014,1A1C,ABFLOW011,Oil,7.854351862744798,,7.854351862744798
Luxembourg,2014,1A2,ABFLOW012,Coal,,,0.0
Luxembourg,2014,1A2,ABFLOW012,Natural gas,,,0.0
Luxembourg,2014,1A2,ABFLOW012,Oil,,,0.0
Luxembourg,2014,1A2A,ABFLOW016,Coal,7.854351862744798,,7.854351862744798
Luxembourg,2014,1A2A,ABFLOW016,Natural gas,7.854351862744798,,7.854351862744798
Luxembourg,2014,1A2A,ABFLOW016,Oil,7.854351862744798,,7.854351862744798
Luxembourg,2014,1A2B,ABFLOW018,Coal,7.854351862744798,,7.854351862744798
Luxembourg,2014,1A2B,ABFLOW018,Natural gas,7.854351862744798,,7.854351862744798
Luxembourg,2014,1A2B,ABFLOW018,Oil,7.854351862744798,,7.854351862744798
Luxembourg,2014,1A2C,ABFLOW017,Coal,7.854351862744798,,7.854351862744798
Luxembourg,2014,1A2C,ABFLOW017,Natural gas,7.854351862744798,,7.854351862744798
Luxembourg,2014,1A2C,ABFLOW017,Oil,7.854351862744798,,7.854351862744798
Luxembourg,2014,1A2D,ABFLOW023,Coal,7.854351862744798,,7.854351862744798
Luxembourg,2014,1A2D,ABFLOW023,Natural gas,7.854351862744798,,7.854351862744798
Luxembourg,2014,1A2D,ABFLOW023,Oil,7.854351862744798,,7.854351862744798
Luxembourg,2014,1A2E,ABFLOW022,Coal,7.854351862744798,,7.854351862744798
Luxembourg,2014,1A2E,ABFLOW022,Natural gas,7.854351862744798,,7.854351862744798
Luxembourg,2014,1A2E,ABFLOW022,Oil,7.854351862744798,,7.854351862744798
Luxembourg,2014,1A2F,ABFLOW019,Coal,7.854351862744798,,7.854351862744798
Luxembourg,2014,1A2F,ABFLOW019,Natural gas,7.854351862744798,,7.854351862744798
Luxembourg,2014,1A2F,ABFLOW019,Oil,7.854351862744798,,7.854351862744798
Luxembourg,2014,1A2G,ABFLOW020,Coal,7.854351862744798,,7.854351862744798
Luxembourg,2014,1A2G,ABFLOW020,Natural gas,7.854351862744798,,7.854351862744798
Luxembourg,2014,1A2G,ABFLOW020,Oil,7.854351862744798,,7.854351862744798
Luxembourg,2014,1A2H,ABFLOW021,Coal,7.854351862744798,,7.854351862744798
Luxembourg,2014,1A2H,ABFLOW021,Natural gas,7.854351862744798,,7.854351862744798
Luxembourg,2014,1A2H,ABFLOW021,Oil,7.854351862744798,,7.854351862744798
Luxembourg,2014,1A2I,ABFLOW013,Coal,7.854351862744798,,7.854351862744798
Luxembourg,2014,1A2I,ABFLOW013,Natural gas,7.854351862744798,,7.854351862744798
Luxembourg,2014,1A2I,ABFLOW013,Oil,7.854351862744798,,7.854351862744798
Luxembourg,2014,1A2J,ABFLOW024,Coal,7.854351862744798,,7.854351862744798
Luxembourg,2014,1A2J,ABFLOW024,Natural gas,7.854351862744798,,7.854351862744798
Luxembourg,2014,1A2J,ABFLOW024,Oil,7.854351862744798,,7.854351862744798
Luxembourg,2014,1A2K,ABFLOW014,Coal,7.854351862744798,,7.854351862744798
Luxembourg,2014,1A2K,ABFLOW014,Natural gas,7.854351862744798,,7.854351862744798
Luxembourg,2014,1A2K,ABFLOW014,Oil,7.854351862744798,,7.854351862744798
Luxembourg,2014,1A2L,ABFLOW025,Coal,7.854351862744798,,7.854351862744798
Luxembourg,2014,1A2L,ABFLOW025,Natural gas,7.854351862744798,,7.854351862744798
Luxembourg,2014,1A2L,ABFLOW025,Oil,7.854351862744798,,7.854351862744798
Luxembourg,2014,1A2M,ABFLOW026,Coal,7.854351862744798,,7.854351862744798
Luxembourg,2014,1A2M,ABFLOW026,Natural gas,7.854351862744798,,7.854351862744798
Luxembourg,2014,1A2M,ABFLOW026,Oil,7.854351862744798,,7.854351862744798
Luxembourg,2014,1A3,ABFLOW027,Coal,,,0.0
Luxembourg,2014,1A3,ABFLOW027,Natural gas,,,0.0
Luxembourg,2014,1A3,ABFLOW027,Oil,,,0.0
Luxembourg,2014,1A3A1,ABFLOW040,Coal,4.005719449999847,,4.005719449999847
Luxembourg,2014,1A3A1,ABFLOW040,Natural gas,4.005719449999847,,4.005719449999847
Luxembourg,2014,1A3A1,ABFLOW040,Oil,4.005719449999847,,4.005719449999847
Luxembourg,2014,1A3A2,ABFLOW029,Coal,7.854351862744798,,7.854351862744798
Luxembourg,2014,1A3A2,ABFLOW029,Natural gas,7.854351862744798,,7.854351862744798
Luxembourg,2014,1A3A2,ABFLOW029,Oil,7.854351862744798,,7.854351862744798
Luxembourg,2014,1A3B,ABFLOW028,Coal,,,0.0
Luxembourg,2014,1A3B,ABFLOW028,Natural gas,,,0.0
Luxembourg,2014,1A3B,ABFLOW028,Oil,,,0.0
Luxembourg,2014,1A3C,ABFLOW030,Coal,,,0.0
Luxembourg,2014,1A3C,ABFLOW030,Natural gas,,,0.0
Luxembourg,2014,1A3C,ABFLOW030,Oil,,,0.0
Luxembourg,2014,1A3D1,ABFLOW039,Coal,,,0.0
Luxembourg,2014,1A3D1,ABFLOW039,Natural gas,,,0.0
Luxembourg,2014,1A3D1,ABFLOW039,Oil,,,0.0
Luxembourg,2014,1A3D2,ABFLOW032,Coal,,,0.0
Luxembourg,2014,1A3D2,ABFLOW032,Natural gas,,,0.0
Luxembourg,2014,1A3D2,ABFLOW032,Oil,,,0.0
Luxembourg,2014,1A3E1,ABFLOW033,Coal,,,0.0
Luxembourg,2014,1A3E1,ABFLOW033,Natural gas,,,0.0
Luxembourg,2014,1A3E1,ABFLOW033,Oil,,,0.0
Luxembourg,2014,1A4A,ABFLOW035,Coal,,,0.0
Luxembourg,2014,1A4A,ABFLOW035,Natural gas,,,0.0
Luxembourg,2014,1A4A,ABFLOW035,Oil,,,0.0
Luxembourg,2014,1A4B,ABFLOW034,Coal,,,0.0
Luxembourg,2014,1A4B,ABFLOW034,Natural gas,,,0.0
Luxembourg,2014,1A4B,ABFLOW034,Oil,,,0.0
Luxembourg,2014,1A4C1,ABFLOW036,Coal,,,0.0
Luxembourg,2014,1A4C1,ABFLOW036,Natural gas,,,0.0
Luxembourg,2014,1A4C1,ABFLOW036,Oil,,,0.0
Luxembourg,2014,1A4C2,ABFLOW037,Coal,,,0.0
Luxembourg,2014,1A4C2,ABFLOW037,Natural gas,,,0.0
Luxembourg,2014,1A4C2,ABFLOW037,Oil,,,0.0
Luxembourg,2014,1A5,ABFLOW038,Coal,,,0.0
Luxembourg,2014,1A5,ABFLOW038,Natural gas,,,0.0
Luxembourg,2014,1A5,ABFLOW038,Oil,,,0.0
Luxembourg,2015,1A,ABFLOW001,Coal,,,0.0
Luxembourg,2015,1A,ABFLOW001,Natural gas,,,0.0
Luxembourg,2015,1A,ABFLOW001,Oil,,,0.0
Luxembourg,2015,1A1A,ABFLOW002,Coal,,,0.0
Luxembourg,2015,1A1A,ABFLOW002,Natural gas,,,0.0
Luxembourg,2015,1A1A,ABFLOW002,Oil,,,0.0
Luxembourg,2015,1A1A1,ABFLOW003,Coal,9.917956790008084,,9.917956790008084
Luxembourg,2015,1A1A1,ABFLOW003,Natural gas,9.917956790008084,,9.917956790008084
Luxembourg,2015,1A1A1,ABFLOW003,Oil,9.917956790008084,,9.917956790008084
Luxembourg,2015,1A1A2,ABFLOW004,Coal,9.917956790008084,,9.917956790008084
Luxembourg,2015,1A1A2,ABFLOW004,Natural gas,9.917956790008084,,9.917956790008084
Luxembourg,2015,1A1A2,ABFLOW004,Oil,9.917956790008084,,9.917956790008084
Luxembourg,2015,1A1A3,ABFLOW005,Coal,9.917956790008084,,9.917956790008084
Luxembourg,2015,1A1A3,ABFLOW005,Natural gas,9.917956790008084,,9.917956790008084
Luxembourg,2015,1A1A3,ABFLOW005,Oil,9.917956790008084,,9.917956790008084
Luxembourg,2015,1A1B,ABFLOW011,Coal,9.917956790008084,,9.917956790008084
Luxembourg,2015,1A1B,ABFLOW011,Natural gas,9.917956790008084,,9.917956790008084
Luxembourg,2015,1A1B,ABFLOW011,Oil,9.917956790008084,,9.917956790008084
Luxembourg,2015,1A1C,ABFLOW011,Coal,9.917956790008084,,9.917956790008084
Luxembourg,2015,1A1C,ABFLOW011,Natural gas,9.917956790008084,,9.917956790008084
Luxembourg,2015,1A1C,ABFLOW011,Oil,9.917956790008084,,9.917956790008084
Luxembourg,2015,1A2,ABFLOW012,Coal,,,0.0
Luxembourg,2015,1A2,ABFLOW012,Natural gas,,,0.0
Luxembourg,2015,1A2,ABFLOW012,Oil,,,0.0
Luxembourg,2015,1A2A,ABFLOW016,Coal,9.917956790008084,,9.917956790008084
Luxembourg,2015,1A2A,ABFLOW016,Natural gas,9.917956790008084,,9.917956790008084
Luxembourg,2015,1A2A,ABFLOW016,Oil,9.917956790008084,,9.917956790008084
Luxembourg,2015,1A2B,ABFLOW018,Coal,9.917956790008084,,9.917956790008084
Luxembourg,2015,1A2B,ABFLOW018,Natural gas,9.917956790008084,,9.917956790008084
Luxembourg,2015,1A2B,ABFLOW018,Oil,9.917956790008084,,9.917956790008084
Luxembourg,2015,1A2C,ABFLOW017,Coal,9.917956790008084,,9.917956790008084
Luxembourg,2015,1A2C,ABFLOW017,Natural gas,9.917956790008084,,9.917956790008084
Luxembourg,2015,1A2C,ABFLOW017,Oil,9.917956790008084,,9.917956790008084
Luxembourg,2015,1A2D,ABFLOW023,Coal,9.917956790008084,,9.917956790008084
Luxembourg,2015,1A2D,ABFLOW023,Natural gas,9.917956790008084,,9.917956790008084
Luxembourg,2015,1A2D,ABFLOW023,Oil,9.917956790008084,,9.917956790008084
Luxembourg,2015,1A2E,ABFLOW022,Coal,9.917956790008084,,9.917956790008084
Luxembourg,2015,1A2E,ABFLOW022,Natural gas,9.917956790008084,,9.917956790008084
Luxembourg,2015,1A2E,ABFLOW022,Oil,9.917956790008084,,9.917956790008084
Luxembourg,2015,1A2F,ABFLOW019,Coal,9.917956790008084,,9.917956790008084
Luxembourg,2015,1A2F,ABFLOW019,Natural gas,9.917956790008084,,9.917956790008084
Luxembourg,2015,1A2F,ABFLOW019,Oil,9.917956790008084,,9.917956790008084
Luxembourg,2015,1A2G,ABFLOW020,Coal,9.917956790008084,,9.917956790008084
Luxembourg,2015,1A2G,ABFLOW020,Natural gas,9.917956790008084,,9.917956790008084
Luxembourg,2015,1A2G,ABFLOW020,Oil,9.917956790008084,,9.917956790008084
Luxembourg,2015,1A2H,ABFLOW021,Coal,9.917956790008084,,9.917956790008084
Luxembourg,2015,1A2H,ABFLOW021,Natural gas,9.917956790008084,,9.917956790008084
Luxembourg,2015,1A2H,ABFLOW021,Oil,9.917956790008084,,9.917956790008084
Luxembourg,2015,1A2I,ABFLOW013,Coal,9.917956790008084,,9.917956790008084
Luxembourg,2015,1A2I,ABFLOW013,Natural gas,9.917956790008084,,9.917956790008084
Luxembourg,2015,1A2I,ABFLOW013,Oil,9.917956790008084,,9.917956790008084
Luxembourg,2015,1A2J,ABFLOW024,Coal,9.917956790008084,,9.917956790008084
Luxembourg,2015,1A2J,ABFLOW024,Natural gas,9.917956790008084,,9.917956790008084
Luxembourg,2015,1A2J,ABFLOW024,Oil,9.917956790008084,,9.917956790008084
Luxembourg,2015,1A2K,ABFLOW014,Coal,9.917956790008084,,9.917956790008084
Luxembourg,2015,1A2K,ABFLOW014,Natural gas,9.917956790008084,,9.917956790008084
Luxembourg,2015,1A2K,ABFLOW014,Oil,9.917956790008084,,9.917956790008084
Luxembourg,2015,1A2L,ABFLOW025,Coal,9.917956790008084,,9.917956790008084
Luxembourg,2015,1A2L,ABFLOW025,Natural gas,9.917956790008084,,9.917956790008084
Luxembourg,2015,1A2L,ABFLOW025,Oil,9.917956790008084,,9.917956790008084
Luxembourg,2015,1A2M,ABFLOW026,Coal,9.917956790008084,,9.917956790008084
Luxembourg,2015,1A2M,ABFLOW026,Natural gas,9.917956790008084,,9.917956790008084
Luxembourg,2015,1A2M,ABFLOW026,Oil,9.917956790008084,,9.917956790008084
Luxembourg,2015,1A3,ABFLOW027,Coal,,,0.0
Luxembourg,2015,1A3,ABFLOW027,Natural gas,,,0.0
Luxembourg,2015,1A3,ABFLOW027,Oil,,,0.0
Luxembourg,2015,1A3A1,ABFLOW040,Coal,5.058157962904123,,5.058157962904123
Luxembourg,2015,1A3A1,ABFLOW040,Natural gas,5.058157962904123,,5.058157962904123
Luxembourg,2015,1A3A1,ABFLOW040,Oil,5.058157962904123,,5.058157962904123
Luxembourg,2015,1A3A2,ABFLOW029,Coal,9.917956790008084,,9.917956790008084
Luxembourg,2015,1A3A2,ABFLOW029,Natural gas,9.917956790008084,,9.917956790008084
Luxembourg,2015,1A3A2,ABFLOW029,Oil,9.917956790008084,,9.917956790008084
Luxembourg,2015,1A3B,ABFLOW028,Coal,,,0.0
Luxembourg,2015,1A3B,ABFLOW028,Natural gas,,,0.0
Luxembourg,2015,1A3B,ABFLOW028,Oil,,,0.0
Luxembourg,2015,1A3C,ABFLOW030,Coal,,,0.0
Luxembourg,2015,1A3C,ABFLOW030,Natural gas,,,0.0
Luxembourg,2015,1A3C,ABFLOW030,Oil,,,0.0
Luxembourg,2015,1A3D1,ABFLOW039,Coal,,,0.0
Luxembourg,2015,1A3D1,ABFLOW039,Natural gas,,,0.0
Luxembourg,2015,1A3D1,ABFLOW039,Oil,,,0.0
Luxembourg,2015,1A3D2,ABFLOW032,Coal,,,0.0
Luxembourg,2015,1A3D2,ABFLOW032,Natural gas,,,0.0
Luxembourg,2015,1A3D2,ABFLOW032,Oil,,,0.0
Luxembourg,2015,1A3E1,ABFLOW033,Coal,,,0.0
Luxembourg,2015,1A3E1,ABFLOW033,Natural gas,,,0.0
Luxembourg,2015,1A3E1,ABFLOW033,Oil,,,0.0
Luxembourg,2015,1A4A,ABFLOW035,Coal,,,0.0
Luxembourg,2015,1A4A,ABFLOW035,Natural gas,,,0.0
Luxembourg,2015,1A4A,ABFLOW035,Oil,,,0.0
Luxembourg,2015,1A4B,ABFLOW034,Coal,,,0.0
Luxembourg,2015,1A4B,ABFLOW034,Natural gas,,,0.0
Luxembourg,2015,1A4B,ABFLOW034,Oil,,,0.0
Luxembourg,2015,1A4C1,ABFLOW036,Coal,,,0.0
Luxembourg,2015,1A4C1,ABFLOW036,Natural gas,,,0.0
Luxembourg,2015,1A4C1,ABFLOW036,Oil,,,0.0
Luxembourg,2015,1A4C2,ABFLOW037,Coal,,,0.0
Luxembourg,2015,1A4C2,ABFLOW037,Natural gas,,,0.0
Luxembourg,2015,1A4C2,ABFLOW037,Oil,,,0.0
Luxembourg,2015,1A5,ABFLOW038,Coal,,,0.0
Luxembourg,2015,1A5,ABFLOW038,Natural gas,,,0.0
Luxembourg,2015,1A5,ABFLOW038,Oil,,,0.0
Luxembourg,2016,1A,ABFLOW001,Coal,,,0.0
Luxembourg,2016,1A,ABFLOW001,Natural gas,,,0.0
Luxembourg,2016,1A,ABFLOW001,Oil,,,0.0
Luxembourg,2016,1A1A,ABFLOW002,Coal,,,0.0
Luxembourg,2016,1A1A,ABFLOW002,Natural gas,,,0.0
Luxembourg,2016,1A1A,ABFLOW002,Oil,,,0.0
Luxembourg,2016,1A1A1,ABFLOW003,Coal,6.9863756159046355,,6.9863756159046355
Luxembourg,2016,1A1A1,ABFLOW003,Natural gas,6.9863756159046355,,6.9863756159046355
Luxembourg,2016,1A1A1,ABFLOW003,Oil,6.9863756159046355,,6.9863756159046355
Luxembourg,2016,1A1A2,ABFLOW004,Coal,6.9863756159046355,,6.9863756159046355
Luxembourg,2016,1A1A2,ABFLOW004,Natural gas,6.9863756159046355,,6.9863756159046355
Luxembourg,2016,1A1A2,ABFLOW004,Oil,6.9863756159046355,,6.9863756159046355
Luxembourg,2016,1A1A3,ABFLOW005,Coal,6.9863756159046355,,6.9863756159046355
Luxembourg,2016,1A1A3,ABFLOW005,Natural gas,6.9863756159046355,,6.9863756159046355
Luxembourg,2016,1A1A3,ABFLOW005,Oil,6.9863756159046355,,6.9863756159046355
Luxembourg,2016,1A1B,ABFLOW011,Coal,6.9863756159046355,,6.9863756159046355
Luxembourg,2016,1A1B,ABFLOW011,Natural gas,6.9863756159046355,,6.9863756159046355
Luxembourg,2016,1A1B,ABFLOW011,Oil,6.9863756159046355,,6.9863756159046355
Luxembourg,2016,1A1C,ABFLOW011,Coal,6.9863756159046355,,6.9863756159046355
Luxembourg,2016,1A1C,ABFLOW011,Natural gas,6.9863756159046355,,6.9863756159046355
Luxembourg,2016,1A1C,ABFLOW011,Oil,6.9863756159046355,,6.9863756159046355
Luxembourg,2016,1A2,ABFLOW012,Coal,,,0.0
Luxembourg,2016,1A2,ABFLOW012,Natural gas,,,0.0
Luxembourg,2016,1A2,ABFLOW012,Oil,,,0.0
Luxembourg,2016,1A2A,ABFLOW016,Coal,6.9863756159046355,,6.9863756159046355
Luxembourg,2016,1A2A,ABFLOW016,Natural gas,6.9863756159046355,,6.9863756159046355
Luxembourg,2016,1A2A,ABFLOW016,Oil,6.9863756159046355,,6.9863756159046355
Luxembourg,2016,1A2B,ABFLOW018,Coal,6.9863756159046355,,6.9863756159046355
Luxembourg,2016,1A2B,ABFLOW018,Natural gas,6.9863756159046355,,6.9863756159046355
Luxembourg,2016,1A2B,ABFLOW018,Oil,6.9863756159046355,,6.9863756159046355
Luxembourg,2016,1A2C,ABFLOW017,Coal,6.9863756159046355,,6.9863756159046355
Luxembourg,2016,1A2C,ABFLOW017,Natural gas,6.9863756159046355,,6.9863756159046355
Luxembourg,2016,1A2C,ABFLOW017,Oil,6.9863756159046355,,6.9863756159046355
Luxembourg,2016,1A2D,ABFLOW023,Coal,6.9863756159046355,,6.9863756159046355
Luxembourg,2016,1A2D,ABFLOW023,Natural gas,6.9863756159046355,,6.9863756159046355
Luxembourg,2016,1A2D,ABFLOW023,Oil,6.9863756159046355,,6.9863756159046355
Luxembourg,2016,1A2E,ABFLOW022,Coal,6.9863756159046355,,6.9863756159046355
Luxembourg,2016,1A2E,ABFLOW022,Natural gas,6.9863756159046355,,6.9863756159046355
Luxembourg,2016,1A2E,ABFLOW022,Oil,6.9863756159046355,,6.9863756159046355
Luxembourg,2016,1A2F,ABFLOW019,Coal,6.9863756159046355,,6.9863756159046355
Luxembourg,2016,1A2F,ABFLOW019,Natural gas,6.9863756159046355,,6.9863756159046355
Luxembourg,2016,1A2F,ABFLOW019,Oil,6.9863756159046355,,6.9863756159046355
Luxembourg,2016,1A2G,ABFLOW020,Coal,6.9863756159046355,,6.9863756159046355
Luxembourg,2016,1A2G,ABFLOW020,Natural gas,6.9863756159046355,,6.9863756159046355
Luxembourg,2016,1A2G,ABFLOW020,Oil,6.9863756159046355,,6.9863756159046355
Luxembourg,2016,1A2H,ABFLOW021,Coal,6.9863756159046355,,6.9863756159046355
Luxembourg,2016,1A2H,ABFLOW021,Natural gas,6.9863756159046355,,6.9863756159046355
Luxembourg,2016,1A2H,ABFLOW021,Oil,6.9863756159046355,,6.9863756159046355
Luxembourg,2016,1A2I,ABFLOW013,Coal,6.9863756159046355,,6.9863756159046355
Luxembourg,2016,1A2I,ABFLOW013,Natural gas,6.9863756159046355,,6.9863756159046355
Luxembourg,2016,1A2I,ABFLOW013,Oil,6.9863756159046355,,6.9863756159046355
Luxembourg,2016,1A2J,ABFLOW024,Coal,6.9863756159046355,,6.9863756159046355
Luxembourg,2016,1A2J,ABFLOW024,Natural gas,6.9863756159046355,,6.9863756159046355
Luxembourg,2016,1A2J,ABFLOW024,Oil,6.9863756159046355,,6.9863756159046355
Luxembourg,2016,1A2K,ABFLOW014,Coal,6.9863756159046355,,6.9863756159046355
Luxembourg,2016,1A2K,ABFLOW014,Natural gas,6.9863756159046355,,6.9863756159046355
Luxembourg,2016,1A2K,ABFLOW014,Oil,6.9863756159046355,,6.9863756159046355
Luxembourg,2016,1A2L,ABFLOW025,Coal,6.9863756159046355,,6.9863756159046355
Luxembourg,2016,1A2L,ABFLOW025,Natural gas,6.9863756159046355,,6.9863756159046355
Luxembourg,2016,1A2L,ABFLOW025,Oil,6.9863756159046355,,6.9863756159046355
Luxembourg,2016,1A2M,ABFLOW026,Coal,6.9863756159046355,,6.9863756159046355
Luxembourg,2016,1A2M,ABFLOW026,Natural gas,6.9863756159046355,,6.9863756159046355
Luxembourg,2016,1A2M,ABFLOW026,Oil,6.9863756159046355,,6.9863756159046355
Luxembourg,2016,1A3,ABFLOW027,Coal,,,0.0
Luxembourg,2016,1A3,ABFLOW027,Natural gas,,,0.0
Luxembourg,2016,1A3,ABFLOW027,Oil,,,0.0
Luxembourg,2016,1A3A1,ABFLOW040,Coal,3.563051564111364,,3.563051564111364
Luxembourg,2016,1A3A1,ABFLOW040,Natural gas,3.563051564111364,,3.563051564111364
Luxembourg,2016,1A3A1,ABFLOW040,Oil,3.563051564111364,,3.563051564111364
Luxembourg,2016,1A3A2,ABFLOW029,Coal,6.9863756159046355,,6.9863756159046355
Luxembourg,2016,1A3A2,ABFLOW029,Natural gas,6.9863756159046355,,6.9863756159046355
Luxembourg,2016,1A3A2,ABFLOW029,Oil,6.9863756159046355,,6.9863756159046355
Luxembourg,2016,1A3B,ABFLOW028,Coal,,,0.0
Luxembourg,2016,1A3B,ABFLOW028,Natural gas,,,0.0
Luxembourg,2016,1A3B,ABFLOW028,Oil,,,0.0
Luxembourg,2016,1A3C,ABFLOW030,Coal,,,0.0
Luxembourg,2016,1A3C,ABFLOW030,Natural gas,,,0.0
Luxembourg,2016,1A3C,ABFLOW030,Oil,,,0.0
Luxembourg,2016,1A3D1,ABFLOW039,Coal,,,0.0
Luxembourg,2016,1A3D1,ABFLOW039,Natural gas,,,0.0
Luxembourg,2016,1A3D1,ABFLOW039,Oil,,,0.0
Luxembourg,2016,1A3D2,ABFLOW032,Coal,,,0.0
Luxembourg,2016,1A3D2,ABFLOW032,Natural gas,,,0.0
Luxembourg,2016,1A3D2,ABFLOW032,Oil,,,0.0
Luxembourg,2016,1A3E1,ABFLOW033,Coal,,,0.0
Luxembourg,2016,1A3E1,ABFLOW033,Natural gas,,,0.0
Luxembourg,2016,1A3E1,ABFLOW033,Oil,,,0.0
Luxembourg,2016,1A4A,ABFLOW035,Coal,,,0.0
Luxembourg,2016,1A4A,ABFLOW035,Natural gas,,,0.0
Luxembourg,2016,1A4A,ABFLOW035,Oil,,,0.0
Luxembourg,2016,1A4B,ABFLOW034,Coal,,,0.0
Luxembourg,2016,1A4B,ABFLOW034,Natural gas,,,0.0
Luxembourg,2016,1A4B,ABFLOW034,Oil,,,0.0
Luxembourg,2016,1A4C1,ABFLOW036,Coal,,,0.0
Luxembourg,2016,1A4C1,ABFLOW036,Natural gas,,,0.0
Luxembourg,2016,1A4C1,ABFLOW036,Oil,,,0.0
Luxembourg,2016,1A4C2,ABFLOW037,Coal,,,0.0
Luxembourg,2016,1A4C2,ABFLOW037,Natural gas,,,0.0
Luxembourg,2016,1A4C2,ABFLOW037,Oil,,,0.0
Luxembourg,2016,1A5,ABFLOW038,Coal,,,0.0
Luxembourg,2016,1A5,ABFLOW038,Natural gas,,,0.0
Luxembourg,2016,1A5,ABFLOW038,Oil,,,0.0
Luxembourg,2017,1A,ABFLOW001,Coal,,,0.0
Luxembourg,2017,1A,ABFLOW001,Natural gas,,,0.0
Luxembourg,2017,1A,ABFLOW001,Oil,,,0.0
Luxembourg,2017,1A1A,ABFLOW002,Coal,,,0.0
Luxembourg,2017,1A1A,ABFLOW002,Natural gas,,,0.0
Luxembourg,2017,1A1A,ABFLOW002,Oil,,,0.0
Luxembourg,2017,1A1A1,ABFLOW003,Coal,7.453469919577574,,7.453469919577574
Luxembourg,2017,1A1A1,ABFLOW003,Natural gas,7.453469919577574,,7.453469919577574
Luxembourg,2017,1A1A1,ABFLOW003,Oil,7.453469919577574,,7.453469919577574
Luxembourg,2017,1A1A2,ABFLOW004,Coal,7.453469919577574,,7.453469919577574
Luxembourg,2017,1A1A2,ABFLOW004,Natural gas,7.453469919577574,,7.453469919577574
Luxembourg,2017,1A1A2,ABFLOW004,Oil,7.453469919577574,,7.453469919577574
Luxembourg,2017,1A1A3,ABFLOW005,Coal,7.453469919577574,,7.453469919577574
Luxembourg,2017,1A1A3,ABFLOW005,Natural gas,7.453469919577574,,7.453469919577574
Luxembourg,2017,1A1A3,ABFLOW005,Oil,7.453469919577574,,7.453469919577574
Luxembourg,2017,1A1B,ABFLOW011,Coal,7.453469919577574,,7.453469919577574
Luxembourg,2017,1A1B,ABFLOW011,Natural gas,7.453469919577574,,7.453469919577574
Luxembourg,2017,1A1B,ABFLOW011,Oil,7.453469919577574,,7.453469919577574
Luxembourg,2017,1A1C,ABFLOW011,Coal,7.453469919577574,,7.453469919577574
Luxembourg,2017,1A1C,ABFLOW011,Natural gas,7.453469919577574,,7.453469919577574
Luxembourg,2017,1A1C,ABFLOW011,Oil,7.453469919577574,,7.453469919577574
Luxembourg,2017,1A2,ABFLOW012,Coal,,,0.0
Luxembourg,2017,1A2,ABFLOW012,Natural gas,,,0.0
Luxembourg,2017,1A2,ABFLOW012,Oil,,,0.0
Luxembourg,2017,1A2A,ABFLOW016,Coal,7.453469919577574,,7.453469919577574
Luxembourg,2017,1A2A,ABFLOW016,Natural gas,7.453469919577574,,7.453469919577574
Luxembourg,2017,1A2A,ABFLOW016,Oil,7.453469919577574,,7.453469919577574
Luxembourg,2017,1A2B,ABFLOW018,Coal,7.453469919577574,,7.453469919577574
Luxembourg,2017,1A2B,ABFLOW018,Natural gas,7.453469919577574,,7.453469919577574
Luxembourg,2017,1A2B,ABFLOW018,Oil,7.453469919577574,,7.453469919577574
Luxembourg,2017,1A2C,ABFLOW017,Coal,7.453469919577574,,7.453469919577574
Luxembourg,2017,1A2C,ABFLOW017,Natural gas,7.453469919577574,,7.453469919577574
Luxembourg,2017,1A2C,ABFLOW017,Oil,7.453469919577574,,7.453469919577574
Luxembourg,2017,1A2D,ABFLOW023,Coal,7.453469919577574,,7.453469919577574
Luxembourg,2017,1A2D,ABFLOW023,Natural gas,7.453469919577574,,7.453469919577574
Luxembourg,2017,1A2D,ABFLOW023,Oil,7.453469919577574,,7.453469919577574
Luxembourg,2017,1A2E,ABFLOW022,Coal,7.453469919577574,,7.453469919577574
Luxembourg,2017,1A2E,ABFLOW022,Natural gas,7.453469919577574,,7.453469919577574
Luxembourg,2017,1A2E,ABFLOW022,Oil,7.453469919577574,,7.453469919577574
Luxembourg,2017,1A2F,ABFLOW019,Coal,7.453469919577574,,7.453469919577574
Luxembourg,2017,1A2F,ABFLOW019,Natural gas,7.453469919577574,,7.453469919577574
Luxembourg,2017,1A2F,ABFLOW019,Oil,7.453469919577574,,7.453469919577574
Luxembourg,2017,1A2G,ABFLOW020,Coal,7.453469919577574,,7.453469919577574
Luxembourg,2017,1A2G,ABFLOW020,Natural gas,7.453469919577574,,7.453469919577574
Luxembourg,2017,1A2G,ABFLOW020,Oil,7.453469919577574,,7.453469919577574
Luxembourg,2017,1A2H,ABFLOW021,Coal,7.453469919577574,,7.453469919577574
Luxembourg,2017,1A2H,ABFLOW021,Natural gas,7.453469919577574,,7.453469919577574
Luxembourg,2017,1A2H,ABFLOW021,Oil,7.453469919577574,,7.453469919577574
Luxembourg,2017,1A2I,ABFLOW013,Coal,7.453469919577574,,7.453469919577574
Luxembourg,2017,1A2I,ABFLOW013,Natural gas,7.453469919577574,,7.453469919577574
Luxembourg,2017,1A2I,ABFLOW013,Oil,7.453469919577574,,7.453469919577574
Luxembourg,2017,1A2J,ABFLOW024,Coal,7.453469919577574,,7.453469919577574
Luxembourg,2017,1A2J,ABFLOW024,Natural gas,7.453469919577574,,7.453469919577574
Luxembourg,2017,1A2J,ABFLOW024,Oil,7.453469919577574,,7.453469919577574
Luxembourg,2017,1A2K,ABFLOW014,Coal,7.453469919577574,,7.453469919577574
Luxembourg,2017,1A2K,ABFLOW014,Natural gas,7.453469919577574,,7.453469919577574
Luxembourg,2017,1A2K,ABFLOW014,Oil,7.453469919577574,,7.453469919577574
Luxembourg,2017,1A2L,ABFLOW025,Coal,7.453469919577574,,7.453469919577574
Luxembourg,2017,1A2L,ABFLOW025,Natural gas,7.453469919577574,,7.453469919577574
Luxembourg,2017,1A2L,ABFLOW025,Oil,7.453469919577574,,7.453469919577574
Luxembourg,2017,1A2M,ABFLOW026,Coal,7.453469919577574,,7.453469919577574
Luxembourg,2017,1A2M,ABFLOW026,Natural gas,7.453469919577574,,7.453469919577574
Luxembourg,2017,1A2M,ABFLOW026,Oil,7.453469919577574,,7.453469919577574
Luxembourg,2017,1A3,ABFLOW027,Coal,,,0.0
Luxembourg,2017,1A3,ABFLOW027,Natural gas,,,0.0
Luxembourg,2017,1A3,ABFLOW027,Oil,,,0.0
Luxembourg,2017,1A3A1,ABFLOW040,Coal,3.801269658984563,,3.801269658984563
Luxembourg,2017,1A3A1,ABFLOW040,Natural gas,3.801269658984563,,3.801269658984563
Luxembourg,2017,1A3A1,ABFLOW040,Oil,3.801269658984563,,3.801269658984563
Luxembourg,2017,1A3A2,ABFLOW029,Coal,7.453469919577574,,7.453469919577574
Luxembourg,2017,1A3A2,ABFLOW029,Natural gas,7.453469919577574,,7.453469919577574
Luxembourg,2017,1A3A2,ABFLOW029,Oil,7.453469919577574,,7.453469919577574
Luxembourg,2017,1A3B,ABFLOW028,Coal,,,0.0
Luxembourg,2017,1A3B,ABFLOW028,Natural gas,,,0.0
Luxembourg,2017,1A3B,ABFLOW028,Oil,,,0.0
Luxembourg,2017,1A3C,ABFLOW030,Coal,,,0.0
Luxembourg,2017,1A3C,ABFLOW030,Natural gas,,,0.0
Luxembourg,2017,1A3C,ABFLOW030,Oil,,,0.0
Luxembourg,2017,1A3D1,ABFLOW039,Coal,,,0.0
Luxembourg,2017,1A3D1,ABFLOW039,Natural gas,,,0.0
Luxembourg,2017,1A3D1,ABFLOW039,Oil,,,0.0
Luxembourg,2017,1A3D2,ABFLOW032,Coal,,,0.0
Luxembourg,2017,1A3D2,ABFLOW032,Natural gas,,,0.0
Luxembourg,2017,1A3D2,ABFLOW032,Oil,,,0.0
Luxembourg,2017,1A3E1,ABFLOW033,Coal,,,0.0
Luxembourg,2017,1A3E1,ABFLOW033,Natural gas,,,0.0
Luxembourg,2017,1A3E1,ABFLOW033,Oil,,,0.0
Luxembourg,2017,1A4A,ABFLOW035,Coal,,,0.0
Luxembourg,2017,1A4A,ABFLOW035,Natural gas,,,0.0
Luxembourg,2017,1A4A,ABFLOW035,Oil,,,0.0
Luxembourg,2017,1A4B,ABFLOW034,Coal,,,0.0
Luxembourg,2017,1A4B,ABFLOW034,Natural gas,,,0.0
Luxembourg,2017,1A4B,ABFLOW034,Oil,,,0.0
Luxembourg,2017,1A4C1,ABFLOW036,Coal,,,0.0
Luxembourg,2017,1A4C1,ABFLOW036,Natural gas,,,0.0
Luxembourg,2017,1A4C1,ABFLOW036,Oil,,,0.0
Luxembourg,2017,1A4C2,ABFLOW037,Coal,,,0.0
Luxembourg,2017,1A4C2,ABFLOW037,Natural gas,,,0.0
Luxembourg,2017,1A4C2,ABFLOW037,Oil,,,0.0
Luxembourg,2017,1A5,ABFLOW038,Coal,,,0.0
Luxembourg,2017,1A5,ABFLOW038,Natural gas,,,0.0
Luxembourg,2017,1A5,ABFLOW038,Oil,,,0.0
Luxembourg,2018,1A,ABFLOW001,Coal,,,0.0
Luxembourg,2018,1A,ABFLOW001,Natural gas,,,0.0
Luxembourg,2018,1A,ABFLOW001,Oil,,,0.0
Luxembourg,2018,1A1A,ABFLOW002,Coal,,,0.0
Luxembourg,2018,1A1A,ABFLOW002,Natural gas,,,0.0
Luxembourg,2018,1A1A,ABFLOW002,Oil,,,0.0
Luxembourg,2018,1A1A1,ABFLOW003,Coal,19.807171222476875,,19.807171222476875
Luxembourg,2018,1A1A1,ABFLOW003,Natural gas,19.807171222476875,,19.807171222476875
Luxembourg,2018,1A1A1,ABFLOW003,Oil,19.807171222476875,,19.807171222476875
Luxembourg,2018,1A1A2,ABFLOW004,Coal,19.807171222476875,,19.807171222476875
Luxembourg,2018,1A1A2,ABFLOW004,Natural gas,19.807171222476875,,19.807171222476875
Luxembourg,2018,1A1A2,ABFLOW004,Oil,19.807171222476875,,19.807171222476875
Luxembourg,2018,1A1A3,ABFLOW005,Coal,19.807171222476875,,19.807171222476875
Luxembourg,2018,1A1A3,ABFLOW005,Natural gas,19.807171222476875,,19.807171222476875
Luxembourg,2018,1A1A3,ABFLOW005,Oil,19.807171222476875,,19.807171222476875
Luxembourg,2018,1A1B,ABFLOW011,Coal,19.807171222476875,,19.807171222476875
Luxembourg,2018,1A1B,ABFLOW011,Natural gas,19.807171222476875,,19.807171222476875
Luxembourg,2018,1A1B,ABFLOW011,Oil,19.807171222476875,,19.807171222476875
Luxembourg,2018,1A1C,ABFLOW011,Coal,19.807171222476875,,19.807171222476875
Luxembourg,2018,1A1C,ABFLOW011,Natural gas,19.807171222476875,,19.807171222476875
Luxembourg,2018,1A1C,ABFLOW011,Oil,19.807171222476875,,19.807171222476875
Luxembourg,2018,1A2,ABFLOW012,Coal,,,0.0
Luxembourg,2018,1A2,ABFLOW012,Natural gas,,,0.0
Luxembourg,2018,1A2,ABFLOW012,Oil,,,0.0
Luxembourg,2018,1A2A,ABFLOW016,Coal,19.807171222476875,,19.807171222476875
Luxembourg,2018,1A2A,ABFLOW016,Natural gas,19.807171222476875,,19.807171222476875
Luxembourg,2018,1A2A,ABFLOW016,Oil,19.807171222476875,,19.807171222476875
Luxembourg,2018,1A2B,ABFLOW018,Coal,19.807171222476875,,19.807171222476875
Luxembourg,2018,1A2B,ABFLOW018,Natural gas,19.807171222476875,,19.807171222476875
Luxembourg,2018,1A2B,ABFLOW018,Oil,19.807171222476875,,19.807171222476875
Luxembourg,2018,1A2C,ABFLOW017,Coal,19.807171222476875,,19.807171222476875
Luxembourg,2018,1A2C,ABFLOW017,Natural gas,19.807171222476875,,19.807171222476875
Luxembourg,2018,1A2C,ABFLOW017,Oil,19.807171222476875,,19.807171222476875
Luxembourg,2018,1A2D,ABFLOW023,Coal,19.807171222476875,,19.807171222476875
Luxembourg,2018,1A2D,ABFLOW023,Natural gas,19.807171222476875,,19.807171222476875
Luxembourg,2018,1A2D,ABFLOW023,Oil,19.807171222476875,,19.807171222476875
Luxembourg,2018,1A2E,ABFLOW022,Coal,19.807171222476875,,19.807171222476875
Luxembourg,2018,1A2E,ABFLOW022,Natural gas,19.807171222476875,,19.807171222476875
Luxembourg,2018,1A2E,ABFLOW022,Oil,19.807171222476875,,19.807171222476875
Luxembourg,2018,1A2F,ABFLOW019,Coal,19.807171222476875,,19.807171222476875
Luxembourg,2018,1A2F,ABFLOW019,Natural gas,19.807171222476875,,19.807171222476875
Luxembourg,2018,1A2F,ABFLOW019,Oil,19.807171222476875,,19.807171222476875
Luxembourg,2018,1A2G,ABFLOW020,Coal,19.807171222476875,,19.807171222476875
Luxembourg,2018,1A2G,ABFLOW020,Natural gas,19.807171222476875,,19.807171222476875
Luxembourg,2018,1A2G,ABFLOW020,Oil,19.807171222476875,,19.807171222476875
Luxembourg,2018,1A2H,ABFLOW021,Coal,19.807171222476875,,19.807171222476875
Luxembourg,2018,1A2H,ABFLOW021,Natural gas,19.807171222476875,,19.807171222476875
Luxembourg,2018,1A2H,ABFLOW021,Oil,19.807171222476875,,19.807171222476875
Luxembourg,2018,1A2I,ABFLOW013,Coal,19.807171222476875,,19.807171222476875
Luxembourg,2018,1A2I,ABFLOW013,Natural gas,19.807171222476875,,19.807171222476875
Luxembourg,2018,1A2I,ABFLOW013,Oil,19.807171222476875,,19.807171222476875
Luxembourg,2018,1A2J,ABFLOW024,Coal,19.807171222476875,,19.807171222476875
Luxembourg,2018,1A2J,ABFLOW024,Natural gas,19.807171222476875,,19.807171222476875
Luxembourg,2018,1A2J,ABFLOW024,Oil,19.807171222476875,,19.807171222476875
Luxembourg,2018,1A2K,ABFLOW014,Coal,19.807171222476875,,19.807171222476875
Luxembourg,2018,1A2K,ABFLOW014,Natural gas,19.807171222476875,,19.807171222476875
Luxembourg,2018,1A2K,ABFLOW014,Oil,19.807171222476875,,19.807171222476875
Luxembourg,2018,1A2L,ABFLOW025,Coal,19.807171222476875,,19.807171222476875
Luxembourg,2018,1A2L,ABFLOW025,Natural gas,19.807171222476875,,19.807171222476875
Luxembourg,2018,1A2L,ABFLOW025,Oil,19.807171222476875,,19.807171222476875
Luxembourg,2018,1A2M,ABFLOW026,Coal,19.807171222476875,,19.807171222476875
Luxembourg,2018,1A2M,ABFLOW026,Natural gas,19.807171222476875,,19.807171222476875
Luxembourg,2018,1A2M,ABFLOW026,Oil,19.807171222476875,,19.807171222476875
Luxembourg,2018,1A3,ABFLOW027,Coal,,,0.0
Luxembourg,2018,1A3,ABFLOW027,Natural gas,,,0.0
Luxembourg,2018,1A3,ABFLOW027,Oil,,,0.0
Luxembourg,2018,1A3A1,ABFLOW040,Coal,10.101657323463206,,10.101657323463206
Luxembourg,2018,1A3A1,ABFLOW040,Natural gas,10.101657323463206,,10.101657323463206
Luxembourg,2018,1A3A1,ABFLOW040,Oil,10.101657323463206,,10.101657323463206
Luxembourg,2018,1A3A2,ABFLOW029,Coal,19.807171222476875,,19.807171222476875
Luxembourg,2018,1A3A2,ABFLOW029,Natural gas,19.807171222476875,,19.807171222476875
Luxembourg,2018,1A3A2,ABFLOW029,Oil,19.807171222476875,,19.807171222476875
Luxembourg,2018,1A3B,ABFLOW028,Coal,,,0.0
Luxembourg,2018,1A3B,ABFLOW028,Natural gas,,,0.0
Luxembourg,2018,1A3B,ABFLOW028,Oil,,,0.0
Luxembourg,2018,1A3C,ABFLOW030,Coal,,,0.0
Luxembourg,2018,1A3C,ABFLOW030,Natural gas,,,0.0
Luxembourg,2018,1A3C,ABFLOW030,Oil,,,0.0
Luxembourg,2018,1A3D1,ABFLOW039,Coal,,,0.0
Luxembourg,2018,1A3D1,ABFLOW039,Natural gas,,,0.0
Luxembourg,2018,1A3D1,ABFLOW039,Oil,,,0.0
Luxembourg,2018,1A3D2,ABFLOW032,Coal,,,0.0
Luxembourg,2018,1A3D2,ABFLOW032,Natural gas,,,0.0
Luxembourg,2018,1A3D2,ABFLOW032,Oil,,,0.0
Luxembourg,2018,1A3E1,ABFLOW033,Coal,,,0.0
Luxembourg,2018,1A3E1,ABFLOW033,Natural gas,,,0.0
Luxembourg,2018,1A3E1,ABFLOW033,Oil,,,0.0
Luxembourg,2018,1A4A,ABFLOW035,Coal,,,0.0
Luxembourg,2018,1A4A,ABFLOW035,Natural gas,,,0.0
Luxembourg,2018,1A4A,ABFLOW035,Oil,,,0.0
Luxembourg,2018,1A4B,ABFLOW034,Coal,,,0.0
Luxembourg,2018,1A4B,ABFLOW034,Natural gas,,,0.0
Luxembourg,2018,1A4B,ABFLOW034,Oil,,,0.0
Luxembourg,2018,1A4C1,ABFLOW036,Coal,,,0.0
Luxembourg,2018,1A4C1,ABFLOW036,Natural gas,,,0.0
Luxembourg,2018,1A4C1,ABFLOW036,Oil,,,0.0
Luxembourg,2018,1A4C2,ABFLOW037,Coal,,,0.0
Luxembourg,2018,1A4C2,ABFLOW037,Natural gas,,,0.0
Luxembourg,2018,1A4C2,ABFLOW037,Oil,,,0.0
Luxembourg,2018,1A5,ABFLOW038,Coal,,,0.0
Luxembourg,2018,1A5,ABFLOW038,Natural gas,,,0.0
Luxembourg,2018,1A5,ABFLOW038,Oil,,,0.0
Luxembourg,2019,1A,ABFLOW001,Coal,,,0.0
Luxembourg,2019,1A,ABFLOW001,Natural gas,,,0.0
Luxembourg,2019,1A,ABFLOW001,Oil,,,0.0
Luxembourg,2019,1A1A,ABFLOW002,Coal,,,0.0
Luxembourg,2019,1A1A,ABFLOW002,Natural gas,,,0.0
Luxembourg,2019,1A1A,ABFLOW002,Oil,,,0.0
Luxembourg,2019,1A1A1,ABFLOW003,Coal,30.872515551082216,,30.872515551082216
Luxembourg,2019,1A1A1,ABFLOW003,Natural gas,30.872515551082216,,30.872515551082216
Luxembourg,2019,1A1A1,ABFLOW003,Oil,30.872515551082216,,30.872515551082216
Luxembourg,2019,1A1A2,ABFLOW004,Coal,30.872515551082216,,30.872515551082216
Luxembourg,2019,1A1A2,ABFLOW004,Natural gas,30.872515551082216,,30.872515551082216
Luxembourg,2019,1A1A2,ABFLOW004,Oil,30.872515551082216,,30.872515551082216
Luxembourg,2019,1A1A3,ABFLOW005,Coal,30.872515551082216,,30.872515551082216
Luxembourg,2019,1A1A3,ABFLOW005,Natural gas,30.872515551082216,,30.872515551082216
Luxembourg,2019,1A1A3,ABFLOW005,Oil,30.872515551082216,,30.872515551082216
Luxembourg,2019,1A1B,ABFLOW011,Coal,30.872515551082216,,30.872515551082216
Luxembourg,2019,1A1B,ABFLOW011,Natural gas,30.872515551082216,,30.872515551082216
Luxembourg,2019,1A1B,ABFLOW011,Oil,30.872515551082216,,30.872515551082216
Luxembourg,2019,1A1C,ABFLOW011,Coal,30.872515551082216,,30.872515551082216
Luxembourg,2019,1A1C,ABFLOW011,Natural gas,30.872515551082216,,30.872515551082216
Luxembourg,2019,1A1C,ABFLOW011,Oil,30.872515551082216,,30.872515551082216
Luxembourg,2019,1A2,ABFLOW012,Coal,,,0.0
Luxembourg,2019,1A2,ABFLOW012,Natural gas,,,0.0
Luxembourg,2019,1A2,ABFLOW012,Oil,,,0.0
Luxembourg,2019,1A2A,ABFLOW016,Coal,30.872515551082216,,30.872515551082216
Luxembourg,2019,1A2A,ABFLOW016,Natural gas,30.872515551082216,,30.872515551082216
Luxembourg,2019,1A2A,ABFLOW016,Oil,30.872515551082216,,30.872515551082216
Luxembourg,2019,1A2B,ABFLOW018,Coal,30.872515551082216,,30.872515551082216
Luxembourg,2019,1A2B,ABFLOW018,Natural gas,30.872515551082216,,30.872515551082216
Luxembourg,2019,1A2B,ABFLOW018,Oil,30.872515551082216,,30.872515551082216
Luxembourg,2019,1A2C,ABFLOW017,Coal,30.872515551082216,,30.872515551082216
Luxembourg,2019,1A2C,ABFLOW017,Natural gas,30.872515551082216,,30.872515551082216
Luxembourg,2019,1A2C,ABFLOW017,Oil,30.872515551082216,,30.872515551082216
Luxembourg,2019,1A2D,ABFLOW023,Coal,30.872515551082216,,30.872515551082216
Luxembourg,2019,1A2D,ABFLOW023,Natural gas,30.872515551082216,,30.872515551082216
Luxembourg,2019,1A2D,ABFLOW023,Oil,30.872515551082216,,30.872515551082216
Luxembourg,2019,1A2E,ABFLOW022,Coal,30.872515551082216,,30.872515551082216
Luxembourg,2019,1A2E,ABFLOW022,Natural gas,30.872515551082216,,30.872515551082216
Luxembourg,2019,1A2E,ABFLOW022,Oil,30.872515551082216,,30.872515551082216
Luxembourg,2019,1A2F,ABFLOW019,Coal,30.872515551082216,,30.872515551082216
Luxembourg,2019,1A2F,ABFLOW019,Natural gas,30.872515551082216,,30.872515551082216
Luxembourg,2019,1A2F,ABFLOW019,Oil,30.872515551082216,,30.872515551082216
Luxembourg,2019,1A2G,ABFLOW020,Coal,30.872515551082216,,30.872515551082216
Luxembourg,2019,1A2G,ABFLOW020,Natural gas,30.872515551082216,,30.872515551082216
Luxembourg,2019,1A2G,ABFLOW020,Oil,30.872515551082216,,30.872515551082216
Luxembourg,2019,1A2H,ABFLOW021,Coal,30.872515551082216,,30.872515551082216
Luxembourg,2019,1A2H,ABFLOW021,Natural gas,30.872515551082216,,30.872515551082216
Luxembourg,2019,1A2H,ABFLOW021,Oil,30.872515551082216,,30.872515551082216
Luxembourg,2019,1A2I,ABFLOW013,Coal,30.872515551082216,,30.872515551082216
Luxembourg,2019,1A2I,ABFLOW013,Natural gas,30.872515551082216,,30.872515551082216
Luxembourg,2019,1A2I,ABFLOW013,Oil,30.872515551082216,,30.872515551082216
Luxembourg,2019,1A2J,ABFLOW024,Coal,30.872515551082216,,30.872515551082216
Luxembourg,2019,1A2J,ABFLOW024,Natural gas,30.872515551082216,,30.872515551082216
Luxembourg,2019,1A2J,ABFLOW024,Oil,30.872515551082216,,30.872515551082216
Luxembourg,2019,1A2K,ABFLOW014,Coal,30.872515551082216,,30.872515551082216
Luxembourg,2019,1A2K,ABFLOW014,Natural gas,30.872515551082216,,30.872515551082216
Luxembourg,2019,1A2K,ABFLOW014,Oil,30.872515551082216,,30.872515551082216
Luxembourg,2019,1A2L,ABFLOW025,Coal,30.872515551082216,,30.872515551082216
Luxembourg,2019,1A2L,ABFLOW025,Natural gas,30.872515551082216,,30.872515551082216
Luxembourg,2019,1A2L,ABFLOW025,Oil,30.872515551082216,,30.872515551082216
Luxembourg,2019,1A2M,ABFLOW026,Coal,30.872515551082216,,30.872515551082216
Luxembourg,2019,1A2M,ABFLOW026,Natural gas,30.872515551082216,,30.872515551082216
Luxembourg,2019,1A2M,ABFLOW026,Oil,30.872515551082216,,30.872515551082216
Luxembourg,2019,1A3,ABFLOW027,Coal,,,0.0
Luxembourg,2019,1A3,ABFLOW027,Natural gas,,,0.0
Luxembourg,2019,1A3,ABFLOW027,Oil,,,0.0
Luxembourg,2019,1A3A1,ABFLOW040,Coal,15.744982931051931,,15.744982931051931
Luxembourg,2019,1A3A1,ABFLOW040,Natural gas,15.744982931051931,,15.744982931051931
Luxembourg,2019,1A3A1,ABFLOW040,Oil,15.744982931051931,,15.744982931051931
Luxembourg,2019,1A3A2,ABFLOW029,Coal,30.872515551082216,,30.872515551082216
Luxembourg,2019,1A3A2,ABFLOW029,Natural gas,30.872515551082216,,30.872515551082216
Luxembourg,2019,1A3A2,ABFLOW029,Oil,30.872515551082216,,30.872515551082216
Luxembourg,2019,1A3B,ABFLOW028,Coal,,,0.0
Luxembourg,2019,1A3B,ABFLOW028,Natural gas,,,0.0
Luxembourg,2019,1A3B,ABFLOW028,Oil,,,0.0
Luxembourg,2019,1A3C,ABFLOW030,Coal,,,0.0
Luxembourg,2019,1A3C,ABFLOW030,Natural gas,,,0.0
Luxembourg,2019,1A3C,ABFLOW030,Oil,,,0.0
Luxembourg,2019,1A3D1,ABFLOW039,Coal,,,0.0
Luxembourg,2019,1A3D1,ABFLOW039,Natural gas,,,0.0
Luxembourg,2019,1A3D1,ABFLOW039,Oil,,,0.0
Luxembourg,2019,1A3D2,ABFLOW032,Coal,,,0.0
Luxembourg,2019,1A3D2,ABFLOW032,Natural gas,,,0.0
Luxembourg,2019,1A3D2,ABFLOW032,Oil,,,0.0
Luxembourg,2019,1A3E1,ABFLOW033,Coal,,,0.0
Luxembourg,2019,1A3E1,ABFLOW033,Natural gas,,,0.0
Luxembourg,2019,1A3E1,ABFLOW033,Oil,,,0.0
Luxembourg,2019,1A4A,ABFLOW035,Coal,,,0.0
Luxembourg,2019,1A4A,ABFLOW035,Natural gas,,,0.0
Luxembourg,2019,1A4A,ABFLOW035,Oil,,,0.0
Luxembourg,2019,1A4B,ABFLOW034,Coal,,,0.0
Luxembourg,2019,1A4B,ABFLOW034,Natural gas,,,0.0
Luxembourg,2019,1A4B,ABFLOW034,Oil,,,0.0
Luxembourg,2019,1A4C1,ABFLOW036,Coal,,,0.0
Luxembourg,2019,1A4C1,ABFLOW036,Natural gas,,,0.0
Luxembourg,2019,1A4C1,ABFLOW036,Oil,,,0.0
Luxembourg,2019,1A4C2,ABFLOW037,Coal,,,0.0
Luxembourg,2019,1A4C2,ABFLOW037,Natural gas,,,0.0
Luxembourg,2019,1A4C2,ABFLOW037,Oil,,,0.0
Luxembourg,2019,1A5,ABFLOW038,Coal,,,0.0
Luxembourg,2019,1A5,ABFLOW038,Natural gas,,,0.0
Luxembourg,2019,1A5,ABFLOW038,Oil,,,0.0
Luxembourg,2020,1A,ABFLOW001,Coal,,,0.0
Luxembourg,2020,1A,ABFLOW001,Natural gas,,,0.0
Luxembourg,2020,1A,ABFLOW001,Oil,,,0.0
Luxembourg,2020,1A1A,ABFLOW002,Coal,,,0.0
Luxembourg,2020,1A1A,ABFLOW002,Natural gas,,,0.0
Luxembourg,2020,1A1A,ABFLOW002,Oil,,,0.0
Luxembourg,2020,1A1A1,ABFLOW003,Coal,29.456676740889396,,29.456676740889396
Luxembourg,2020,1A1A1,ABFLOW003,Natural gas,29.456676740889396,,29.456676740889396
Luxembourg,2020,1A1A1,ABFLOW003,Oil,29.456676740889396,,29.456676740889396
Luxembourg,2020,1A1A2,ABFLOW004,Coal,29.456676740889396,,29.456676740889396
Luxembourg,2020,1A1A2,ABFLOW004,Natural gas,29.456676740889396,,29.456676740889396
Luxembourg,2020,1A1A2,ABFLOW004,Oil,29.456676740889396,,29.456676740889396
Luxembourg,2020,1A1A3,ABFLOW005,Coal,29.456676740889396,,29.456676740889396
Luxembourg,2020,1A1A3,ABFLOW005,Natural gas,29.456676740889396,,29.456676740889396
Luxembourg,2020,1A1A3,ABFLOW005,Oil,29.456676740889396,,29.456676740889396
Luxembourg,2020,1A1B,ABFLOW011,Coal,29.456676740889396,,29.456676740889396
Luxembourg,2020,1A1B,ABFLOW011,Natural gas,29.456676740889396,,29.456676740889396
Luxembourg,2020,1A1B,ABFLOW011,Oil,29.456676740889396,,29.456676740889396
Luxembourg,2020,1A1C,ABFLOW011,Coal,29.456676740889396,,29.456676740889396
Luxembourg,2020,1A1C,ABFLOW011,Natural gas,29.456676740889396,,29.456676740889396
Luxembourg,2020,1A1C,ABFLOW011,Oil,29.456676740889396,,29.456676740889396
Luxembourg,2020,1A2,ABFLOW012,Coal,,,0.0
Luxembourg,2020,1A2,ABFLOW012,Natural gas,,,0.0
Luxembourg,2020,1A2,ABFLOW012,Oil,,,0.0
Luxembourg,2020,1A2A,ABFLOW016,Coal,29.456676740889396,,29.456676740889396
Luxembourg,2020,1A2A,ABFLOW016,Natural gas,29.456676740889396,,29.456676740889396
Luxembourg,2020,1A2A,ABFLOW016,Oil,29.456676740889396,,29.456676740889396
Luxembourg,2020,1A2B,ABFLOW018,Coal,29.456676740889396,,29.456676740889396
Luxembourg,2020,1A2B,ABFLOW018,Natural gas,29.456676740889396,,29.456676740889396
Luxembourg,2020,1A2B,ABFLOW018,Oil,29.456676740889396,,29.456676740889396
Luxembourg,2020,1A2C,ABFLOW017,Coal,29.456676740889396,,29.456676740889396
Luxembourg,2020,1A2C,ABFLOW017,Natural gas,29.456676740889396,,29.456676740889396
Luxembourg,2020,1A2C,ABFLOW017,Oil,29.456676740889396,,29.456676740889396
Luxembourg,2020,1A2D,ABFLOW023,Coal,29.456676740889396,,29.456676740889396
Luxembourg,2020,1A2D,ABFLOW023,Natural gas,29.456676740889396,,29.456676740889396
Luxembourg,2020,1A2D,ABFLOW023,Oil,29.456676740889396,,29.456676740889396
Luxembourg,2020,1A2E,ABFLOW022,Coal,29.456676740889396,,29.456676740889396
Luxembourg,2020,1A2E,ABFLOW022,Natural gas,29.456676740889396,,29.456676740889396
Luxembourg,2020,1A2E,ABFLOW022,Oil,29.456676740889396,,29.456676740889396
Luxembourg,2020,1A2F,ABFLOW019,Coal,29.456676740889396,,29.456676740889396
Luxembourg,2020,1A2F,ABFLOW019,Natural gas,29.456676740889396,,29.456676740889396
Luxembourg,2020,1A2F,ABFLOW019,Oil,29.456676740889396,,29.456676740889396
Luxembourg,2020,1A2G,ABFLOW020,Coal,29.456676740889396,,29.456676740889396
Luxembourg,2020,1A2G,ABFLOW020,Natural gas,29.456676740889396,,29.456676740889396
Luxembourg,2020,1A2G,ABFLOW020,Oil,29.456676740889396,,29.456676740889396
Luxembourg,2020,1A2H,ABFLOW021,Coal,29.456676740889396,,29.456676740889396
Luxembourg,2020,1A2H,ABFLOW021,Natural gas,29.456676740889396,,29.456676740889396
Luxembourg,2020,1A2H,ABFLOW021,Oil,29.456676740889396,,29.456676740889396
Luxembourg,2020,1A2I,ABFLOW013,Coal,29.456676740889396,,29.456676740889396
Luxembourg,2020,1A2I,ABFLOW013,Natural gas,29.456676740889396,,29.456676740889396
Luxembourg,2020,1A2I,ABFLOW013,Oil,29.456676740889396,,29.456676740889396
Luxembourg,2020,1A2J,ABFLOW024,Coal,29.456676740889396,,29.456676740889396
Luxembourg,2020,1A2J,ABFLOW024,Natural gas,29.456676740889396,,29.456676740889396
Luxembourg,2020,1A2J,ABFLOW024,Oil,29.456676740889396,,29.456676740889396
Luxembourg,2020,1A2K,ABFLOW014,Coal,29.456676740889396,,29.456676740889396
Luxembourg,2020,1A2K,ABFLOW014,Natural gas,29.456676740889396,,29.456676740889396
Luxembourg,2020,1A2K,ABFLOW014,Oil,29.456676740889396,,29.456676740889396
Luxembourg,2020,1A2L,ABFLOW025,Coal,29.456676740889396,,29.456676740889396
Luxembourg,2020,1A2L,ABFLOW025,Natural gas,29.456676740889396,,29.456676740889396
Luxembourg,2020,1A2L,ABFLOW025,Oil,29.456676740889396,,29.456676740889396
Luxembourg,2020,1A2M,ABFLOW026,Coal,29.456676740889396,,29.456676740889396
Luxembourg,2020,1A2M,ABFLOW026,Natural gas,29.456676740889396,,29.456676740889396
Luxembourg,2020,1A2M,ABFLOW026,Oil,29.456676740889396,,29.456676740889396
Luxembourg,2020,1A3,ABFLOW027,Coal,,,0.0
Luxembourg,2020,1A3,ABFLOW027,Natural gas,,,0.0
Luxembourg,2020,1A3,ABFLOW027,Oil,,,0.0
Luxembourg,2020,1A3A1,ABFLOW040,Coal,15.022905137853591,,15.022905137853591
Luxembourg,2020,1A3A1,ABFLOW040,Natural gas,15.022905137853591,,15.022905137853591
Luxembourg,2020,1A3A1,ABFLOW040,Oil,15.022905137853591,,15.022905137853591
Luxembourg,2020,1A3A2,ABFLOW029,Coal,29.456676740889396,,29.456676740889396
Luxembourg,2020,1A3A2,ABFLOW029,Natural gas,29.456676740889396,,29.456676740889396
Luxembourg,2020,1A3A2,ABFLOW029,Oil,29.456676740889396,,29.456676740889396
Luxembourg,2020,1A3B,ABFLOW028,Coal,,,0.0
Luxembourg,2020,1A3B,ABFLOW028,Natural gas,,,0.0
Luxembourg,2020,1A3B,ABFLOW028,Oil,,,0.0
Luxembourg,2020,1A3C,ABFLOW030,Coal,,,0.0
Luxembourg,2020,1A3C,ABFLOW030,Natural gas,,,0.0
Luxembourg,2020,1A3C,ABFLOW030,Oil,,,0.0
Luxembourg,2020,1A3D1,ABFLOW039,Coal,,,0.0
Luxembourg,2020,1A3D1,ABFLOW039,Natural gas,,,0.0
Luxembourg,2020,1A3D1,ABFLOW039,Oil,,,0.0
Luxembourg,2020,1A3D2,ABFLOW032,Coal,,,0.0
Luxembourg,2020,1A3D2,ABFLOW032,Natural gas,,,0.0
Luxembourg,2020,1A3D2,ABFLOW032,Oil,,,0.0
Luxembourg,2020,1A3E1,ABFLOW033,Coal,,,0.0
Luxembourg,2020,1A3E1,ABFLOW033,Natural gas,,,0.0
Luxembourg,2020,1A3E1,ABFLOW033,Oil,,,0.0
Luxembourg,2020,1A4A,ABFLOW035,Coal,,,0.0
Luxembourg,2020,1A4A,ABFLOW035,Natural gas,,,0.0
Luxembourg,2020,1A4A,ABFLOW035,Oil,,,0.0
Luxembourg,2020,1A4B,ABFLOW034,Coal,,,0.0
Luxembourg,2020,1A4B,ABFLOW034,Natural gas,,,0.0
Luxembourg,2020,1A4B,ABFLOW034,Oil,,,0.0
Luxembourg,2020,1A4C1,ABFLOW036,Coal,,,0.0
Luxembourg,2020,1A4C1,ABFLOW036,Natural gas,,,0.0
Luxembourg,2020,1A4C1,ABFLOW036,Oil,,,0.0
Luxembourg,2020,1A4C2,ABFLOW037,Coal,,,0.0
Luxembourg,2020,1A4C2,ABFLOW037,Natural gas,,,0.0
Luxembourg,2020,1A4C2,ABFLOW037,Oil,,,0.0
Luxembourg,2020,1A5,ABFLOW038,Coal,,,0.0
Luxembourg,2020,1A5,ABFLOW038,Natural gas,,,0.0
Luxembourg,2020,1A5,ABFLOW038,Oil,,,0.0
Luxembourg,2021,1A,ABFLOW001,Coal,,,0.0
Luxembourg,2021,1A,ABFLOW001,Natural gas,,,0.0
Luxembourg,2021,1A,ABFLOW001,Oil,,,0.0
Luxembourg,2021,1A1A,ABFLOW002,Coal,,,0.0
Luxembourg,2021,1A1A,ABFLOW002,Natural gas,,,0.0
Luxembourg,2021,1A1A,ABFLOW002,Oil,,,0.0
Luxembourg,2021,1A1A1,ABFLOW003,Coal,60.89193727539277,,60.89193727539277
Luxembourg,2021,1A1A1,ABFLOW003,Natural gas,60.89193727539277,,60.89193727539277
Luxembourg,2021,1A1A1,ABFLOW003,Oil,60.89193727539277,,60.89193727539277
Luxembourg,2021,1A1A2,ABFLOW004,Coal,60.89193727539277,,60.89193727539277
Luxembourg,2021,1A1A2,ABFLOW004,Natural gas,60.89193727539277,,60.89193727539277
Luxembourg,2021,1A1A2,ABFLOW004,Oil,60.89193727539277,,60.89193727539277
Luxembourg,2021,1A1A3,ABFLOW005,Coal,60.89193727539277,,60.89193727539277
Luxembourg,2021,1A1A3,ABFLOW005,Natural gas,60.89193727539277,,60.89193727539277
Luxembourg,2021,1A1A3,ABFLOW005,Oil,60.89193727539277,,60.89193727539277
Luxembourg,2021,1A1B,ABFLOW011,Coal,60.89193727539277,,60.89193727539277
Luxembourg,2021,1A1B,ABFLOW011,Natural gas,60.89193727539277,22.73784065548647,83.62977793087924
Luxembourg,2021,1A1B,ABFLOW011,Oil,60.89193727539277,22.73784065548647,83.62977793087924
Luxembourg,2021,1A1C,ABFLOW011,Coal,60.89193727539277,,60.89193727539277
Luxembourg,2021,1A1C,ABFLOW011,Natural gas,60.89193727539277,22.73784065548647,83.62977793087924
Luxembourg,2021,1A1C,ABFLOW011,Oil,60.89193727539277,22.73784065548647,83.62977793087924
Luxembourg,2021,1A2,ABFLOW012,Coal,,,0.0
Luxembourg,2021,1A2,ABFLOW012,Natural gas,,,0.0
Luxembourg,2021,1A2,ABFLOW012,Oil,,,0.0
Luxembourg,2021,1A2A,ABFLOW016,Coal,60.89193727539277,,60.89193727539277
Luxembourg,2021,1A2A,ABFLOW016,Natural gas,60.89193727539277,,60.89193727539277
Luxembourg,2021,1A2A,ABFLOW016,Oil,60.89193727539277,,60.89193727539277
Luxembourg,2021,1A2B,ABFLOW018,Coal,60.89193727539277,,60.89193727539277
Luxembourg,2021,1A2B,ABFLOW018,Natural gas,60.89193727539277,,60.89193727539277
Luxembourg,2021,1A2B,ABFLOW018,Oil,60.89193727539277,,60.89193727539277
Luxembourg,2021,1A2C,ABFLOW017,Coal,60.89193727539277,,60.89193727539277
Luxembourg,2021,1A2C,ABFLOW017,Natural gas,60.89193727539277,,60.89193727539277
Luxembourg,2021,1A2C,ABFLOW017,Oil,60.89193727539277,,60.89193727539277
Luxembourg,2021,1A2D,ABFLOW023,Coal,60.89193727539277,,60.89193727539277
Luxembourg,2021,1A2D,ABFLOW023,Natural gas,60.89193727539277,,60.89193727539277
Luxembourg,2021,1A2D,ABFLOW023,Oil,60.89193727539277,,60.89193727539277
Luxembourg,2021,1A2E,ABFLOW022,Coal,60.89193727539277,,60.89193727539277
Luxembourg,2021,1A2E,ABFLOW022,Natural gas,60.89193727539277,,60.89193727539277
Luxembourg,2021,1A2E,ABFLOW022,Oil,60.89193727539277,,60.89193727539277
Luxembourg,2021,1A2F,ABFLOW019,Coal,60.89193727539277,,60.89193727539277
Luxembourg,2021,1A2F,ABFLOW019,Natural gas,60.89193727539277,,60.89193727539277
Luxembourg,2021,1A2F,ABFLOW019,Oil,60.89193727539277,,60.89193727539277
Luxembourg,2021,1A2G,ABFLOW020,Coal,60.89193727539277,,60.89193727539277
Luxembourg,2021,1A2G,ABFLOW020,Natural gas,60.89193727539277,,60.89193727539277
Luxembourg,2021,1A2G,ABFLOW020,Oil,60.89193727539277,,60.89193727539277
Luxembourg,2021,1A2H,ABFLOW021,Coal,60.89193727539277,,60.89193727539277
Luxembourg,2021,1A2H,ABFLOW021,Natural gas,60.89193727539277,,60.89193727539277
Luxembourg,2021,1A2H,ABFLOW021,Oil,60.89193727539277,,60.89193727539277
Luxembourg,2021,1A2I,ABFLOW013,Coal,60.89193727539277,,60.89193727539277
Luxembourg,2021,1A2I,ABFLOW013,Natural gas,60.89193727539277,,60.89193727539277
Luxembourg,2021,1A2I,ABFLOW013,Oil,60.89193727539277,,60.89193727539277
Luxembourg,2021,1A2J,ABFLOW024,Coal,60.89193727539277,,60.89193727539277
Luxembourg,2021,1A2J,ABFLOW024,Natural gas,60.89193727539277,,60.89193727539277
Luxembourg,2021,1A2J,ABFLOW024,Oil,60.89193727539277,,60.89193727539277
Luxembourg,2021,1A2K,ABFLOW014,Coal,60.89193727539277,,60.89193727539277
Luxembourg,2021,1A2K,ABFLOW014,Natural gas,60.89193727539277,,60.89193727539277
Luxembourg,2021,1A2K,ABFLOW014,Oil,60.89193727539277,,60.89193727539277
Luxembourg,2021,1A2L,ABFLOW025,Coal,60.89193727539277,,60.89193727539277
Luxembourg,2021,1A2L,ABFLOW025,Natural gas,60.89193727539277,,60.89193727539277
Luxembourg,2021,1A2L,ABFLOW025,Oil,60.89193727539277,,60.89193727539277
Luxembourg,2021,1A2M,ABFLOW026,Coal,60.89193727539277,,60.89193727539277
Luxembourg,2021,1A2M,ABFLOW026,Natural gas,60.89193727539277,,60.89193727539277
Luxembourg,2021,1A2M,ABFLOW026,Oil,60.89193727539277,,60.89193727539277
Luxembourg,2021,1A3,ABFLOW027,Coal,,,0.0
Luxembourg,2021,1A3,ABFLOW027,Natural gas,,,0.0
Luxembourg,2021,1A3,ABFLOW027,Oil,,,0.0
Luxembourg,2021,1A3A1,ABFLOW040,Coal,31.054888010450313,,31.054888010450313
Luxembourg,2021,1A3A1,ABFLOW040,Natural gas,31.054888010450313,22.73784065548647,53.79272866593678
Luxembourg,2021,1A3A1,ABFLOW040,Oil,31.054888010450313,22.73784065548647,53.79272866593678
Luxembourg,2021,1A3A2,ABFLOW029,Coal,60.89193727539277,,60.89193727539277
Luxembourg,2021,1A3A2,ABFLOW029,Natural gas,60.89193727539277,22.73784065548647,83.62977793087924
Luxembourg,2021,1A3A2,ABFLOW029,Oil,60.89193727539277,22.73784065548647,83.62977793087924
Luxembourg,2021,1A3B,ABFLOW028,Coal,,,0.0
Luxembourg,2021,1A3B,ABFLOW028,Natural gas,,22.73784065548647,22.73784065548647
Luxembourg,2021,1A3B,ABFLOW028,Oil,,22.73784065548647,22.73784065548647
Luxembourg,2021,1A3C,ABFLOW030,Coal,,,0.0
Luxembourg,2021,1A3C,ABFLOW030,Natural gas,,22.73784065548647,22.73784065548647
Luxembourg,2021,1A3C,ABFLOW030,Oil,,22.73784065548647,22.73784065548647
Luxembourg,2021,1A3D1,ABFLOW039,Coal,,,0.0
Luxembourg,2021,1A3D1,ABFLOW039,Natural gas,,22.73784065548647,22.73784065548647
Luxembourg,2021,1A3D1,ABFLOW039,Oil,,22.73784065548647,22.73784065548647
Luxembourg,2021,1A3D2,ABFLOW032,Coal,,,0.0
Luxembourg,2021,1A3D2,ABFLOW032,Natural gas,,22.73784065548647,22.73784065548647
Luxembourg,2021,1A3D2,ABFLOW032,Oil,,22.73784065548647,22.73784065548647
Luxembourg,2021,1A3E1,ABFLOW033,Coal,,,0.0
Luxembourg,2021,1A3E1,ABFLOW033,Natural gas,,,0.0
Luxembourg,2021,1A3E1,ABFLOW033,Oil,,,0.0
Luxembourg,2021,1A4A,ABFLOW035,Coal,,,0.0
Luxembourg,2021,1A4A,ABFLOW035,Natural gas,,22.73784065548647,22.73784065548647
Luxembourg,2021,1A4A,ABFLOW035,Oil,,22.73784065548647,22.73784065548647
Luxembourg,2021,1A4B,ABFLOW034,Coal,,,0.0
Luxembourg,2021,1A4B,ABFLOW034,Natural gas,,22.73784065548647,22.73784065548647
Luxembourg,2021,1A4B,ABFLOW034,Oil,,22.73784065548647,22.73784065548647
Luxembourg,2021,1A4C1,ABFLOW036,Coal,,,0.0
Luxembourg,2021,1A4C1,ABFLOW036,Natural gas,,22.73784065548647,22.73784065548647
Luxembourg,2021,1A4C1,ABFLOW036,Oil,,22.73784065548647,22.73784065548647
Luxembourg,2021,1A4C2,ABFLOW037,Coal,,,0.0
Luxembourg,2021,1A4C2,ABFLOW037,Natural gas,,22.73784065548647,22.73784065548647
Luxembourg,2021,1A4C2,ABFLOW037,Oil,,22.73784065548647,22.73784065548647
Luxembourg,2021,1A5,ABFLOW038,Coal,,,0.0
Luxembourg,2021,1A5,ABFLOW038,Natural gas,,,0.0
Luxembourg,2021,1A5,ABFLOW038,Oil,,,0.0
Luxembourg,2022,1A,ABFLOW001,Coal,,,0.0
Luxembourg,2022,1A,ABFLOW001,Natural gas,,,0.0
Luxembourg,2022,1A,ABFLOW001,Oil,,,0.0
Luxembourg,2022,1A1A,ABFLOW002,Coal,,,0.0
Luxembourg,2022,1A1A,ABFLOW002,Natural gas,,,0.0
Luxembourg,2022,1A1A,ABFLOW002,Oil,,,0.0
Luxembourg,2022,1A1A1,ABFLOW003,Coal,87.07130304679565,,87.07130304679565
Luxembourg,2022,1A1A1,ABFLOW003,Natural gas,87.07130304679565,,87.07130304679565
Luxembourg,2022,1A1A1,ABFLOW003,Oil,87.07130304679565,,87.07130304679565
Luxembourg,2022,1A1A2,ABFLOW004,Coal,87.07130304679565,,87.07130304679565
Luxembourg,2022,1A1A2,ABFLOW004,Natural gas,87.07130304679565,,87.07130304679565
Luxembourg,2022,1A1A2,ABFLOW004,Oil,87.07130304679565,,87.07130304679565
Luxembourg,2022,1A1A3,ABFLOW005,Coal,87.07130304679565,,87.07130304679565
Luxembourg,2022,1A1A3,ABFLOW005,Natural gas,87.07130304679565,,87.07130304679565
Luxembourg,2022,1A1A3,ABFLOW005,Oil,87.07130304679565,,87.07130304679565
Luxembourg,2022,1A1B,ABFLOW011,Coal,87.07130304679565,,87.07130304679565
Luxembourg,2022,1A1B,ABFLOW011,Natural gas,87.07130304679565,26.89378028378912,113.96508333058478
Luxembourg,2022,1A1B,ABFLOW011,Oil,87.07130304679565,26.89378028378912,113.96508333058478
Luxembourg,2022,1A1C,ABFLOW011,Coal,87.07130304679565,,87.07130304679565
Luxembourg,2022,1A1C,ABFLOW011,Natural gas,87.07130304679565,26.89378028378912,113.96508333058478
Luxembourg,2022,1A1C,ABFLOW011,Oil,87.07130304679565,26.89378028378912,113.96508333058478
Luxembourg,2022,1A2,ABFLOW012,Coal,,,0.0
Luxembourg,2022,1A2,ABFLOW012,Natural gas,,,0.0
Luxembourg,2022,1A2,ABFLOW012,Oil,,,0.0
Luxembourg,2022,1A2A,ABFLOW016,Coal,87.07130304679565,,87.07130304679565
Luxembourg,2022,1A2A,ABFLOW016,Natural gas,87.07130304679565,,87.07130304679565
Luxembourg,2022,1A2A,ABFLOW016,Oil,87.07130304679565,,87.07130304679565
Luxembourg,2022,1A2B,ABFLOW018,Coal,87.07130304679565,,87.07130304679565
Luxembourg,2022,1A2B,ABFLOW018,Natural gas,87.07130304679565,,87.07130304679565
Luxembourg,2022,1A2B,ABFLOW018,Oil,87.07130304679565,,87.07130304679565
Luxembourg,2022,1A2C,ABFLOW017,Coal,87.07130304679565,,87.07130304679565
Luxembourg,2022,1A2C,ABFLOW017,Natural gas,87.07130304679565,,87.07130304679565
Luxembourg,2022,1A2C,ABFLOW017,Oil,87.07130304679565,,87.07130304679565
Luxembourg,2022,1A2D,ABFLOW023,Coal,87.07130304679565,,87.07130304679565
Luxembourg,2022,1A2D,ABFLOW023,Natural gas,87.07130304679565,,87.07130304679565
Luxembourg,2022,1A2D,ABFLOW023,Oil,87.07130304679565,,87.07130304679565
Luxembourg,2022,1A2E,ABFLOW022,Coal,87.07130304679565,,87.07130304679565
Luxembourg,2022,1A2E,ABFLOW022,Natural gas,87.07130304679565,,87.07130304679565
Luxembourg,2022,1A2E,ABFLOW022,Oil,87.07130304679565,,87.07130304679565
Luxembourg,2022,1A2F,ABFLOW019,Coal,87.07130304679565,,87.07130304679565
Luxembourg,2022,1A2F,ABFLOW019,Natural gas,87.07130304679565,,87.07130304679565
Luxembourg,2022,1A2F,ABFLOW019,Oil,87.07130304679565,,87.07130304679565
Luxembourg,2022,1A2G,ABFLOW020,Coal,87.07130304679565,,87.07130304679565
Luxembourg,2022,1A2G,ABFLOW020,Natural gas,87.07130304679565,,87.07130304679565
Luxembourg,2022,1A2G,ABFLOW020,Oil,87.07130304679565,,87.07130304679565
Luxembourg,2022,1A2H,ABFLOW021,Coal,87.07130304679565,,87.07130304679565
Luxembourg,2022,1A2H,ABFLOW021,Natural gas,87.07130304679565,,87.07130304679565
Luxembourg,2022,1A2H,ABFLOW021,Oil,87.07130304679565,,87.07130304679565
Luxembourg,2022,1A2I,ABFLOW013,Coal,87.07130304679565,,87.07130304679565
Luxembourg,2022,1A2I,ABFLOW013,Natural gas,87.07130304679565,,87.07130304679565
Luxembourg,2022,1A2I,ABFLOW013,Oil,87.07130304679565,,87.07130304679565
Luxembourg,2022,1A2J,ABFLOW024,Coal,87.07130304679565,,87.07130304679565
Luxembourg,2022,1A2J,ABFLOW024,Natural gas,87.07130304679565,,87.07130304679565
Luxembourg,2022,1A2J,ABFLOW024,Oil,87.07130304679565,,87.07130304679565
Luxembourg,2022,1A2K,ABFLOW014,Coal,87.07130304679565,,87.07130304679565
Luxembourg,2022,1A2K,ABFLOW014,Natural gas,87.07130304679565,,87.07130304679565
Luxembourg,2022,1A2K,ABFLOW014,Oil,87.07130304679565,,87.07130304679565
Luxembourg,2022,1A2L,ABFLOW025,Coal,87.07130304679565,,87.07130304679565
Luxembourg,2022,1A2L,ABFLOW025,Natural gas,87.07130304679565,,87.07130304679565
Luxembourg,2022,1A2L,ABFLOW025,Oil,87.07130304679565,,87.07130304679565
Luxembourg,2022,1A2M,ABFLOW026,Coal,87.07130304679565,,87.07130304679565
Luxembourg,2022,1A2M,ABFLOW026,Natural gas,87.07130304679565,,87.07130304679565
Luxembourg,2022,1A2M,ABFLOW026,Oil,87.07130304679565,,87.07130304679565
Luxembourg,2022,1A3,ABFLOW027,Coal,,,0.0
Luxembourg,2022,1A3,ABFLOW027,Natural gas,,,0.0
Luxembourg,2022,1A3,ABFLOW027,Oil,,,0.0
Luxembourg,2022,1A3A1,ABFLOW040,Coal,44.40636455386578,,44.40636455386578
Luxembourg,2022,1A3A1,ABFLOW040,Natural gas,44.40636455386578,26.89378028378912,71.3001448376549
Luxembourg,2022,1A3A1,ABFLOW040,Oil,44.40636455386578,26.89378028378912,71.3001448376549
Luxembourg,2022,1A3A2,ABFLOW029,Coal,87.07130304679565,,87.07130304679565
Luxembourg,2022,1A3A2,ABFLOW029,Natural gas,87.07130304679565,26.89378028378912,113.96508333058478
Luxembourg,2022,1A3A2,ABFLOW029,Oil,87.07130304679565,26.89378028378912,113.96508333058478
Luxembourg,2022,1A3B,ABFLOW028,Coal,,,0.0
Luxembourg,2022,1A3B,ABFLOW028,Natural gas,,26.89378028378912,26.89378028378912
Luxembourg,2022,1A3B,ABFLOW028,Oil,,26.89378028378912,26.89378028378912
Luxembourg,2022,1A3C,ABFLOW030,Coal,,,0.0
Luxembourg,2022,1A3C,ABFLOW030,Natural gas,,26.89378028378912,26.89378028378912
Luxembourg,2022,1A3C,ABFLOW030,Oil,,26.89378028378912,26.89378028378912
Luxembourg,2022,1A3D1,ABFLOW039,Coal,,,0.0
Luxembourg,2022,1A3D1,ABFLOW039,Natural gas,,26.89378028378912,26.89378028378912
Luxembourg,2022,1A3D1,ABFLOW039,Oil,,26.89378028378912,26.89378028378912
Luxembourg,2022,1A3D2,ABFLOW032,Coal,,,0.0
Luxembourg,2022,1A3D2,ABFLOW032,Natural gas,,26.89378028378912,26.89378028378912
Luxembourg,2022,1A3D2,ABFLOW032,Oil,,26.89378028378912,26.89378028378912
Luxembourg,2022,1A3E1,ABFLOW033,Coal,,,0.0
Luxembourg,2022,1A3E1,ABFLOW033,Natural gas,,,0.0
Luxembourg,2022,1A3E1,ABFLOW033,Oil,,,0.0
Luxembourg,2022,1A4A,ABFLOW035,Coal,,,0.0
Luxembourg,2022,1A4A,ABFLOW035,Natural gas,,26.89378028378912,26.89378028378912
Luxembourg,2022,1A4A,ABFLOW035,Oil,,26.89378028378912,26.89378028378912
Luxembourg,2022,1A4B,ABFLOW034,Coal,,,0.0
Luxembourg,2022,1A4B,ABFLOW034,Natural gas,,26.89378028378912,26.89378028378912
Luxembourg,2022,1A4B,ABFLOW034,Oil,,26.89378028378912,26.89378028378912
Luxembourg,2022,1A4C1,ABFLOW036,Coal,,,0.0
Luxembourg,2022,1A4C1,ABFLOW036,Natural gas,,26.89378028378912,26.89378028378912
Luxembourg,2022,1A4C1,ABFLOW036,Oil,,26.89378028378912,26.89378028378912
Luxembourg,2022,1A4C2,ABFLOW037,Coal,,,0.0
Luxembourg,2022,1A4C2,ABFLOW037,Natural gas,,26.89378028378912,26.89378028378912
Luxembourg,2022,1A4C2,ABFLOW037,Oil,,26.89378028378912,26.89378028378912
Luxembourg,2022,1A5,ABFLOW038,Coal,,,0.0
Luxembourg,2022,1A5,ABFLOW038,Natural gas,,,0.0
Luxembourg,2022,1A5,ABFLOW038,Oil,,,0.0
Luxembourg,2023,1A,ABFLOW001,Coal,,,0.0
Luxembourg,2023,1A,ABFLOW001,Natural gas,,,0.0
Luxembourg,2023,1A,ABFLOW001,Oil,,,0.0
Luxembourg,2023,1A1A,ABFLOW002,Coal,,,0.0
Luxembourg,2023,1A1A,ABFLOW002,Natural gas,,,0.0
Luxembourg,2023,1A1A,ABFLOW002,Oil,,,0.0
Luxembourg,2023,1A1A1,ABFLOW003,Coal,87.17919859222698,,87.17919859222698
Luxembourg,2023,1A1A1,ABFLOW003,Natural gas,87.17919859222698,,87.17919859222698
Luxembourg,2023,1A1A1,ABFLOW003,Oil,87.17919859222698,,87.17919859222698
Luxembourg,2023,1A1A2,ABFLOW004,Coal,87.17919859222698,,87.17919859222698
Luxembourg,2023,1A1A2,ABFLOW004,Natural gas,87.17919859222698,,87.17919859222698
Luxembourg,2023,1A1A2,ABFLOW004,Oil,87.17919859222698,,87.17919859222698
Luxembourg,2023,1A1A3,ABFLOW005,Coal,87.17919859222698,,87.17919859222698
Luxembourg,2023,1A1A3,ABFLOW005,Natural gas,87.17919859222698,,87.17919859222698
Luxembourg,2023,1A1A3,ABFLOW005,Oil,87.17919859222698,,87.17919859222698
Luxembourg,2023,1A1B,ABFLOW011,Coal,87.17919859222698,,87.17919859222698
Luxembourg,2023,1A1B,ABFLOW011,Natural gas,87.17919859222698,31.2022901189073,118.38148871113428
Luxembourg,2023,1A1B,ABFLOW011,Oil,87.17919859222698,31.2022901189073,118.38148871113428
Luxembourg,2023,1A1C,ABFLOW011,Coal,87.17919859222698,,87.17919859222698
Luxembourg,2023,1A1C,ABFLOW011,Natural gas,87.17919859222698,31.2022901189073,118.38148871113428
Luxembourg,2023,1A1C,ABFLOW011,Oil,87.17919859222698,31.2022901189073,118.38148871113428
Luxembourg,2023,1A2,ABFLOW012,Coal,,,0.0
Luxembourg,2023,1A2,ABFLOW012,Natural gas,,,0.0
Luxembourg,2023,1A2,ABFLOW012,Oil,,,0.0
Luxembourg,2023,1A2A,ABFLOW016,Coal,87.17919859222698,,87.17919859222698
Luxembourg,2023,1A2A,ABFLOW016,Natural gas,87.17919859222698,,87.17919859222698
Luxembourg,2023,1A2A,ABFLOW016,Oil,87.17919859222698,,87.17919859222698
Luxembourg,2023,1A2B,ABFLOW018,Coal,87.17919859222698,,87.17919859222698
Luxembourg,2023,1A2B,ABFLOW018,Natural gas,87.17919859222698,,87.17919859222698
Luxembourg,2023,1A2B,ABFLOW018,Oil,87.17919859222698,,87.17919859222698
Luxembourg,2023,1A2C,ABFLOW017,Coal,87.17919859222698,,87.17919859222698
Luxembourg,2023,1A2C,ABFLOW017,Natural gas,87.17919859222698,,87.17919859222698
Luxembourg,2023,1A2C,ABFLOW017,Oil,87.17919859222698,,87.17919859222698
Luxembourg,2023,1A2D,ABFLOW023,Coal,87.17919859222698,,87.17919859222698
Luxembourg,2023,1A2D,ABFLOW023,Natural gas,87.17919859222698,,87.17919859222698
Luxembourg,2023,1A2D,ABFLOW023,Oil,87.17919859222698,,87.17919859222698
Luxembourg,2023,1A2E,ABFLOW022,Coal,87.17919859222698,,87.17919859222698
Luxembourg,2023,1A2E,ABFLOW022,Natural gas,87.17919859222698,,87.17919859222698
Luxembourg,2023,1A2E,ABFLOW022,Oil,87.17919859222698,,87.17919859222698
Luxembourg,2023,1A2F,ABFLOW019,Coal,87.17919859222698,,87.17919859222698
Luxembourg,2023,1A2F,ABFLOW019,Natural gas,87.17919859222698,,87.17919859222698
Luxembourg,2023,1A2F,ABFLOW019,Oil,87.17919859222698,,87.17919859222698
Luxembourg,2023,1A2G,ABFLOW020,Coal,87.17919859222698,,87.17919859222698
Luxembourg,2023,1A2G,ABFLOW020,Natural gas,87.17919859222698,,87.17919859222698
Luxembourg,2023,1A2G,ABFLOW020,Oil,87.17919859222698,,87.17919859222698
Luxembourg,2023,1A2H,ABFLOW021,Coal,87.17919859222698,,87.17919859222698
Luxembourg,2023,1A2H,ABFLOW021,Natural gas,87.17919859222698,,87.17919859222698
Luxembourg,2023,1A2H,ABFLOW021,Oil,87.17919859222698,,87.17919859222698
Luxembourg,2023,1A2I,ABFLOW013,Coal,87.17919859222698,,87.17919859222698
Luxembourg,2023,1A2I,ABFLOW013,Natural gas,87.17919859222698,,87.17919859222698
Luxembourg,2023,1A2I,ABFLOW013,Oil,87.17919859222698,,87.17919859222698
Luxembourg,2023,1A2J,ABFLOW024,Coal,87.17919859222698,,87.17919859222698
Luxembourg,2023,1A2J,ABFLOW024,Natural gas,87.17919859222698,,87.17919859222698
Luxembourg,2023,1A2J,ABFLOW024,Oil,87.17919859222698,,87.17919859222698
Luxembourg,2023,1A2K,ABFLOW014,Coal,87.17919859222698,,87.17919859222698
Luxembourg,2023,1A2K,ABFLOW014,Natural gas,87.17919859222698,,87.17919859222698
Luxembourg,2023,1A2K,ABFLOW014,Oil,87.17919859222698,,87.17919859222698
Luxembourg,2023,1A2L,ABFLOW025,Coal,87.17919859222698,,87.17919859222698
Luxembourg,2023,1A2L,ABFLOW025,Natural gas,87.17919859222698,,87.17919859222698
Luxembourg,2023,1A2L,ABFLOW025,Oil,87.17919859222698,,87.17919859222698
Luxembourg,2023,1A2M,ABFLOW026,Coal,87.17919859222698,,87.17919859222698
Luxembourg,2023,1A2M,ABFLOW026,Natural gas,87.17919859222698,,87.17919859222698
Luxembourg,2023,1A2M,ABFLOW026,Oil,87.17919859222698,,87.17919859222698
Luxembourg,2023,1A3,ABFLOW027,Coal,,,0.0
Luxembourg,2023,1A3,ABFLOW027,Natural gas,,,0.0
Luxembourg,2023,1A3,ABFLOW027,Oil,,,0.0
Luxembourg,2023,1A3A1,ABFLOW040,Coal,44.46139128203576,,44.46139128203576
Luxembourg,2023,1A3A1,ABFLOW040,Natural gas,44.46139128203576,31.2022901189073,75.66368140094306
Luxembourg,2023,1A3A1,ABFLOW040,Oil,44.46139128203576,31.2022901189073,75.66368140094306
Luxembourg,2023,1A3A2,ABFLOW029,Coal,87.17919859222698,,87.17919859222698
Luxembourg,2023,1A3A2,ABFLOW029,Natural gas,87.17919859222698,31.2022901189073,118.38148871113428
Luxembourg,2023,1A3A2,ABFLOW029,Oil,87.17919859222698,31.2022901189073,118.38148871113428
Luxembourg,2023,1A3B,ABFLOW028,Coal,,,0.0
Luxembourg,2023,1A3B,ABFLOW028,Natural gas,,31.2022901189073,31.2022901189073
Luxembourg,2023,1A3B,ABFLOW028,Oil,,31.2022901189073,31.2022901189073
Luxembourg,2023,1A3C,ABFLOW030,Coal,,,0.0
Luxembourg,2023,1A3C,ABFLOW030,Natural gas,,31.2022901189073,31.2022901189073
Luxembourg,2023,1A3C,ABFLOW030,Oil,,31.2022901189073,31.2022901189073
Luxembourg,2023,1A3D1,ABFLOW039,Coal,,,0.0
Luxembourg,2023,1A3D1,ABFLOW039,Natural gas,,31.2022901189073,31.2022901189073
Luxembourg,2023,1A3D1,ABFLOW039,Oil,,31.2022901189073,31.2022901189073
Luxembourg,2023,1A3D2,ABFLOW032,Coal,,,0.0
Luxembourg,2023,1A3D2,ABFLOW032,Natural gas,,31.2022901189073,31.2022901189073
Luxembourg,2023,1A3D2,ABFLOW032,Oil,,31.2022901189073,31.2022901189073
Luxembourg,2023,1A3E1,ABFLOW033,Coal,,,0.0
Luxembourg,2023,1A3E1,ABFLOW033,Natural gas,,,0.0
Luxembourg,2023,1A3E1,ABFLOW033,Oil,,,0.0
Luxembourg,2023,1A4A,ABFLOW035,Coal,,,0.0
Luxembourg,2023,1A4A,ABFLOW035,Natural gas,,31.2022901189073,31.2022901189073
Luxembourg,2023,1A4A,ABFLOW035,Oil,,31.2022901189073,31.2022901189073
Luxembourg,2023,1A4B,ABFLOW034,Coal,,,0.0
Luxembourg,2023,1A4B,ABFLOW034,Natural gas,,31.2022901189073,31.2022901189073
Luxembourg,2023,1A4B,ABFLOW034,Oil,,31.2022901189073,31.2022901189073
Luxembourg,2023,1A4C1,ABFLOW036,Coal,,,0.0
Luxembourg,2023,1A4C1,ABFLOW036,Natural gas,,31.2022901189073,31.2022901189073
Luxembourg,2023,1A4C1,ABFLOW036,Oil,,31.2022901189073,31.2022901189073
Luxembourg,2023,1A4C2,ABFLOW037,Coal,,,0.0
Luxembourg,2023,1A4C2,ABFLOW037,Natural gas,,31.2022901189073,31.2022901189073
Luxembourg,2023,1A4C2,ABFLOW037,Oil,,31.2022901189073,31.2022901189073
Luxembourg,2023,1A5,ABFLOW038,Coal,,,0.0
Luxembourg,2023,1A5,ABFLOW038,Natural gas,,,0.0
Luxembourg,2023,1A5,ABFLOW038,Oil,,,0.0
Luxembourg,2024,1A,ABFLOW001,Coal,,,0.0
Luxembourg,2024,1A,ABFLOW001,Natural gas,,,0.0
Luxembourg,2024,1A,ABFLOW001,Oil,,,0.0
Luxembourg,2024,1A1A,ABFLOW002,Coal,,,0.0
Luxembourg,2024,1A1A,ABFLOW002,Natural gas,,,0.0
Luxembourg,2024,1A1A,ABFLOW002,Oil,,,0.0
Luxembourg,2024,1A1A1,ABFLOW003,Coal,67.49055352719648,,67.49055352719648
Luxembourg,2024,1A1A1,ABFLOW003,Natural gas,67.49055352719648,,67.49055352719648
Luxembourg,2024,1A1A1,ABFLOW003,Oil,67.49055352719648,,67.49055352719648
Luxembourg,2024,1A1A2,ABFLOW004,Coal,67.49055352719648,,67.49055352719648
Luxembourg,2024,1A1A2,ABFLOW004,Natural gas,67.49055352719648,,67.49055352719648
Luxembourg,2024,1A1A2,ABFLOW004,Oil,67.49055352719648,,67.49055352719648
Luxembourg,2024,1A1A3,ABFLOW005,Coal,67.49055352719648,,67.49055352719648
Luxembourg,2024,1A1A3,ABFLOW005,Natural gas,67.49055352719648,,67.49055352719648
Luxembourg,2024,1A1A3,ABFLOW005,Oil,67.49055352719648,,67.49055352719648
Luxembourg,2024,1A1B,ABFLOW011,Coal,67.49055352719648,,67.49055352719648
Luxembourg,2024,1A1B,ABFLOW011,Natural gas,67.49055352719648,36.40267180539185,103.89322533258833
Luxembourg,2024,1A1B,ABFLOW011,Oil,67.49055352719648,36.40267180539185,103.89322533258833
Luxembourg,2024,1A1C,ABFLOW011,Coal,67.49055352719648,,67.49055352719648
Luxembourg,2024,1A1C,ABFLOW011,Natural gas,67.49055352719648,36.40267180539185,103.89322533258833
Luxembourg,2024,1A1C,ABFLOW011,Oil,67.49055352719648,36.40267180539185,103.89322533258833
Luxembourg,2024,1A2,ABFLOW012,Coal,,,0.0
Luxembourg,2024,1A2,ABFLOW012,Natural gas,,,0.0
Luxembourg,2024,1A2,ABFLOW012,Oil,,,0.0
Luxembourg,2024,1A2A,ABFLOW016,Coal,67.49055352719648,,67.49055352719648
Luxembourg,2024,1A2A,ABFLOW016,Natural gas,67.49055352719648,,67.49055352719648
Luxembourg,2024,1A2A,ABFLOW016,Oil,67.49055352719648,,67.49055352719648
Luxembourg,2024,1A2B,ABFLOW018,Coal,67.49055352719648,,67.49055352719648
Luxembourg,2024,1A2B,ABFLOW018,Natural gas,67.49055352719648,,67.49055352719648
Luxembourg,2024,1A2B,ABFLOW018,Oil,67.49055352719648,,67.49055352719648
Luxembourg,2024,1A2C,ABFLOW017,Coal,67.49055352719648,,67.49055352719648
Luxembourg,2024,1A2C,ABFLOW017,Natural gas,67.49055352719648,,67.49055352719648
Luxembourg,2024,1A2C,ABFLOW017,Oil,67.49055352719648,,67.49055352719648
Luxembourg,2024,1A2D,ABFLOW023,Coal,67.49055352719648,,67.49055352719648
Luxembourg,2024,1A2D,ABFLOW023,Natural gas,67.49055352719648,,67.49055352719648
Luxembourg,2024,1A2D,ABFLOW023,Oil,67.49055352719648,,67.49055352719648
Luxembourg,2024,1A2E,ABFLOW022,Coal,67.49055352719648,,67.49055352719648
Luxembourg,2024,1A2E,ABFLOW022,Natural gas,67.49055352719648,,67.49055352719648
Luxembourg,2024,1A2E,ABFLOW022,Oil,67.49055352719648,,67.49055352719648
Luxembourg,2024,1A2F,ABFLOW019,Coal,67.49055352719648,,67.49055352719648
Luxembourg,2024,1A2F,ABFLOW019,Natural gas,67.49055352719648,,67.49055352719648
Luxembourg,2024,1A2F,ABFLOW019,Oil,67.49055352719648,,67.49055352719648
Luxembourg,2024,1A2G,ABFLOW020,Coal,67.49055352719648,,67.49055352719648
Luxembourg,2024,1A2G,ABFLOW020,Natural gas,67.49055352719648,,67.49055352719648
Luxembourg,2024,1A2G,ABFLOW020,Oil,67.49055352719648,,67.49055352719648
Luxembourg,2024,1A2H,ABFLOW021,Coal,67.49055352719648,,67.49055352719648
Luxembourg,2024,1A2H,ABFLOW021,Natural gas,67.49055352719648,,67.49055352719648
Luxembourg,2024,1A2H,ABFLOW021,Oil,67.49055352719648,,67.49055352719648
Luxembourg,2024,1A2I,ABFLOW013,Coal,67.49055352719648,,67.49055352719648
Luxembourg,2024,1A2I,ABFLOW013,Natural gas,67.49055352719648,,67.49055352719648
Luxembourg,2024,1A2I,ABFLOW013,Oil,67.49055352719648,,67.49055352719648
Luxembourg,2024,1A2J,ABFLOW024,Coal,67.49055352719648,,67.49055352719648
Luxembourg,2024,1A2J,ABFLOW024,Natural gas,67.49055352719648,,67.49055352719648
Luxembourg,2024,1A2J,ABFLOW024,Oil,67.49055352719648,,67.49055352719648
Luxembourg,2024,1A2K,ABFLOW014,Coal,67.49055352719648,,67.49055352719648
Luxembourg,2024,1A2K,ABFLOW014,Natural gas,67.49055352719648,,67.49055352719648
Luxembourg,2024,1A2K,ABFLOW014,Oil,67.49055352719648,,67.49055352719648
Luxembourg,2024,1A2L,ABFLOW025,Coal,67.49055352719648,,67.49055352719648
Luxembourg,2024,1A2L,ABFLOW025,Natural gas,67.49055352719648,,67.49055352719648
Luxembourg,2024,1A2L,ABFLOW025,Oil,67.49055352719648,,67.49055352719648
Luxembourg,2024,1A2M,ABFLOW026,Coal,67.49055352719648,,67.49055352719648
Luxembourg,2024,1A2M,ABFLOW026,Natural gas,67.49055352719648,,67.49055352719648
Luxembourg,2024,1A2M,ABFLOW026,Oil,67.49055352719648,,67.49055352719648
Luxembourg,2024,1A3,ABFLOW027,Coal,,,0.0
Luxembourg,2024,1A3,ABFLOW027,Natural gas,,,0.0
Luxembourg,2024,1A3,ABFLOW027,Oil,,,0.0
Luxembourg,2024,1A3A1,ABFLOW040,Coal,34.42018229887021,,34.42018229887021
Luxembourg,2024,1A3A1,ABFLOW040,Natural gas,34.42018229887021,36.40267180539185,70.82285410426206
Luxembourg,2024,1A3A1,ABFLOW040,Oil,34.42018229887021,36.40267180539185,70.82285410426206
Luxembourg,2024,1A3A2,ABFLOW029,Coal,67.49055352719648,,67.49055352719648
Luxembourg,2024,1A3A2,ABFLOW029,Natural gas,67.49055352719648,36.40267180539185,103.89322533258833
Luxembourg,2024,1A3A2,ABFLOW029,Oil,67.49055352719648,36.40267180539185,103.89322533258833
Luxembourg,2024,1A3B,ABFLOW028,Coal,,,0.0
Luxembourg,2024,1A3B,ABFLOW028,Natural gas,,36.40267180539185,36.40267180539185
Luxembourg,2024,1A3B,ABFLOW028,Oil,,36.40267180539185,36.40267180539185
Luxembourg,2024,1A3C,ABFLOW030,Coal,,,0.0
Luxembourg,2024,1A3C,ABFLOW030,Natural gas,,36.40267180539185,36.40267180539185
Luxembourg,2024,1A3C,ABFLOW030,Oil,,36.40267180539185,36.40267180539185
Luxembourg,2024,1A3D1,ABFLOW039,Coal,,,0.0
Luxembourg,2024,1A3D1,ABFLOW039,Natural gas,,36.40267180539185,36.40267180539185
Luxembourg,2024,1A3D1,ABFLOW039,Oil,,36.40267180539185,36.40267180539185
Luxembourg,2024,1A3D2,ABFLOW032,Coal,67.49055352719648,,67.49055352719648
Luxembourg,2024,1A3D2,ABFLOW032,Natural gas,67.49055352719648,36.40267180539185,103.89322533258833
Luxembourg,2024,1A3D2,ABFLOW032,Oil,67.49055352719648,36.40267180539185,103.89322533258833
Luxembourg,2024,1A3E1,ABFLOW033,Coal,,,0.0
Luxembourg,2024,1A3E1,ABFLOW033,Natural gas,,,0.0
Luxembourg,2024,1A3E1,ABFLOW033,Oil,,,0.0
Luxembourg,2024,1A4A,ABFLOW035,Coal,,,0.0
Luxembourg,2024,1A4A,ABFLOW035,Natural gas,,36.40267180539185,36.40267180539185
Luxembourg,2024,1A4A,ABFLOW035,Oil,,36.40267180539185,36.40267180539185
Luxembourg,2024,1A4B,ABFLOW034,Coal,,,0.0
Luxembourg,2024,1A4B,ABFLOW034,Natural gas,,36.40267180539185,36.40267180539185
Luxembourg,2024,1A4B,ABFLOW034,Oil,,36.40267180539185,36.40267180539185
Luxembourg,2024,1A4C1,ABFLOW036,Coal,,,0.0
Luxembourg,2024,1A4C1,ABFLOW036,Natural gas,,36.40267180539185,36.40267180539185
Luxembourg,2024,1A4C1,ABFLOW036,Oil,,36.40267180539185,36.40267180539185
Luxembourg,2024,1A4C2,ABFLOW037,Coal,,,0.0
Luxembourg,2024,1A4C2,ABFLOW037,Natural gas,,36.40267180539185,36.40267180539185
Luxembourg,2024,1A4C2,ABFLOW037,Oil,,36.40267180539185,36.40267180539185
Luxembourg,2024,1A5,ABFLOW038,Coal,,,0.0
Luxembourg,2024,1A5,ABFLOW038,Natural gas,,,0.0
Luxembourg,2024,1A5,ABFLOW038,Oil,,,0.0
Luxembourg,2025,1A,ABFLOW001,Coal,,,0.0
Luxembourg,2025,1A,ABFLOW001,Natural gas,,,0.0
Luxembourg,2025,1A,ABFLOW001,Oil,,,0.0
Luxembourg,2025,1A1A,ABFLOW002,Coal,,,0.0
Luxembourg,2025,1A1A,ABFLOW002,Natural gas,,,0.0
Luxembourg,2025,1A1A,ABFLOW002,Oil,,,0.0
Luxembourg,2025,1A1A1,ABFLOW003,Coal,75.28072529355033,,75.28072529355033
Luxembourg,2025,1A1A1,ABFLOW003,Natural gas,75.28072529355033,,75.28072529355033
Luxembourg,2025,1A1A1,ABFLOW003,Oil,75.28072529355033,,75.28072529355033
Luxembourg,2025,1A1A2,ABFLOW004,Coal,75.28072529355033,,75.28072529355033
Luxembourg,2025,1A1A2,ABFLOW004,Natural gas,75.28072529355033,,75.28072529355033
Luxembourg,2025,1A1A2,ABFLOW004,Oil,75.28072529355033,,75.28072529355033
Luxembourg,2025,1A1A3,ABFLOW005,Coal,75.28072529355033,,75.28072529355033
Luxembourg,2025,1A1A3,ABFLOW005,Natural gas,75.28072529355033,,75.28072529355033
Luxembourg,2025,1A1A3,ABFLOW005,Oil,75.28072529355033,,75.28072529355033
Luxembourg,2025,1A1B,ABFLOW011,Coal,75.28072529355033,,75.28072529355033
Luxembourg,2025,1A1B,ABFLOW011,Natural gas,75.28072529355033,41.603053491876395,116.88377878542673
Luxembourg,2025,1A1B,ABFLOW011,Oil,75.28072529355033,41.603053491876395,116.88377878542673
Luxembourg,2025,1A1C,ABFLOW011,Coal,75.28072529355033,,75.28072529355033
Luxembourg,2025,1A1C,ABFLOW011,Natural gas,75.28072529355033,41.603053491876395,116.88377878542673
Luxembourg,2025,1A1C,ABFLOW011,Oil,75.28072529355033,41.603053491876395,116.88377878542673
Luxembourg,2025,1A2,ABFLOW012,Coal,,,0.0
Luxembourg,2025,1A2,ABFLOW012,Natural gas,,,0.0
Luxembourg,2025,1A2,ABFLOW012,Oil,,,0.0
Luxembourg,2025,1A2A,ABFLOW016,Coal,75.28072529355033,,75.28072529355033
Luxembourg,2025,1A2A,ABFLOW016,Natural gas,75.28072529355033,,75.28072529355033
Luxembourg,2025,1A2A,ABFLOW016,Oil,75.28072529355033,,75.28072529355033
Luxembourg,2025,1A2B,ABFLOW018,Coal,75.28072529355033,,75.28072529355033
Luxembourg,2025,1A2B,ABFLOW018,Natural gas,75.28072529355033,,75.28072529355033
Luxembourg,2025,1A2B,ABFLOW018,Oil,75.28072529355033,,75.28072529355033
Luxembourg,2025,1A2C,ABFLOW017,Coal,75.28072529355033,,75.28072529355033
Luxembourg,2025,1A2C,ABFLOW017,Natural gas,75.28072529355033,,75.28072529355033
Luxembourg,2025,1A2C,ABFLOW017,Oil,75.28072529355033,,75.28072529355033
Luxembourg,2025,1A2D,ABFLOW023,Coal,75.28072529355033,,75.28072529355033
Luxembourg,2025,1A2D,ABFLOW023,Natural gas,75.28072529355033,,75.28072529355033
Luxembourg,2025,1A2D,ABFLOW023,Oil,75.28072529355033,,75.28072529355033
Luxembourg,2025,1A2E,ABFLOW022,Coal,75.28072529355033,,75.28072529355033
Luxembourg,2025,1A2E,ABFLOW022,Natural gas,75.28072529355033,,75.28072529355033
Luxembourg,2025,1A2E,ABFLOW022,Oil,75.28072529355033,,75.28072529355033
Luxembourg,2025,1A2F,ABFLOW019,Coal,75.28072529355033,,75.28072529355033
Luxembourg,2025,1A2F,ABFLOW019,Natural gas,75.28072529355033,,75.28072529355033
Luxembourg,2025,1A2F,ABFLOW019,Oil,75.28072529355033,,75.28072529355033
Luxembourg,2025,1A2G,ABFLOW020,Coal,75.28072529355033,,75.28072529355033
Luxembourg,2025,1A2G,ABFLOW020,Natural gas,75.28072529355033,,75.28072529355033
Luxembourg,2025,1A2G,ABFLOW020,Oil,75.28072529355033,,75.28072529355033
Luxembourg,2025,1A2H,ABFLOW021,Coal,75.28072529355033,,75.28072529355033
Luxembourg,2025,1A2H,ABFLOW021,Natural gas,75.28072529355033,,75.28072529355033
Luxembourg,2025,1A2H,ABFLOW021,Oil,75.28072529355033,,75.28072529355033
Luxembourg,2025,1A2I,ABFLOW013,Coal,75.28072529355033,,75.28072529355033
Luxembourg,2025,1A2I,ABFLOW013,Natural gas,75.28072529355033,,75.28072529355033
Luxembourg,2025,1A2I,ABFLOW013,Oil,75.28072529355033,,75.28072529355033
Luxembourg,2025,1A2J,ABFLOW024,Coal,75.28072529355033,,75.28072529355033
Luxembourg,2025,1A2J,ABFLOW024,Natural gas,75.28072529355033,,75.28072529355033
Luxembourg,2025,1A2J,ABFLOW024,Oil,75.28072529355033,,75.28072529355033
Luxembourg,2025,1A2K,ABFLOW014,Coal,75.28072529355033,,75.28072529355033
Luxembourg,2025,1A2K,ABFLOW014,Natural gas,75.28072529355033,,75.28072529355033
Luxembourg,2025,1A2K,ABFLOW014,Oil,75.28072529355033,,75.28072529355033
Luxembourg,2025,1A2L,ABFLOW025,Coal,75.28072529355033,,75.28072529355033
Luxembourg,2025,1A2L,ABFLOW025,Natural gas,75.28072529355033,,75.28072529355033
Luxembourg,2025,1A2L,ABFLOW025,Oil,75.28072529355033,,75.28072529355033
Luxembourg,2025,1A2M,ABFLOW026,Coal,75.28072529355033,,75.28072529355033
Luxembourg,2025,1A2M,ABFLOW026,Natural gas,75.28072529355033,,75.28072529355033
Luxembourg,2025,1A2M,ABFLOW026,Oil,75.28072529355033,,75.28072529355033
Luxembourg,2025,1A3,ABFLOW027,Coal,,,0.0
Luxembourg,2025,1A3,ABFLOW027,Natural gas,,,0.0
Luxembourg,2025,1A3,ABFLOW027,Oil,,,0.0
Luxembourg,2025,1A3A1,ABFLOW040,Coal,75.28072529355033,,75.28072529355033
Luxembourg,2025,1A3A1,ABFLOW040,Natural gas,75.28072529355033,41.603053491876395,116.88377878542673
Luxembourg,2025,1A3A1,ABFLOW040,Oil,75.28072529355033,41.603053491876395,116.88377878542673
Luxembourg,2025,1A3A2,ABFLOW029,Coal,75.28072529355033,,75.28072529355033
Luxembourg,2025,1A3A2,ABFLOW029,Natural gas,75.28072529355033,41.603053491876395,116.88377878542673
Luxembourg,2025,1A3A2,ABFLOW029,Oil,75.28072529355033,41.603053491876395,116.88377878542673
Luxembourg,2025,1A3B,ABFLOW028,Coal,,,0.0
Luxembourg,2025,1A3B,ABFLOW028,Natural gas,,41.603053491876395,41.603053491876395
Luxembourg,2025,1A3B,ABFLOW028,Oil,,41.603053491876395,41.603053491876395
Luxembourg,2025,1A3C,ABFLOW030,Coal,,,0.0
Luxembourg,2025,1A3C,ABFLOW030,Natural gas,,41.603053491876395,41.603053491876395
Luxembourg,2025,1A3C,ABFLOW030,Oil,,41.603053491876395,41.603053491876395
Luxembourg,2025,1A3D1,ABFLOW039,Coal,,,0.0
Luxembourg,2025,1A3D1,ABFLOW039,Natural gas,,41.603053491876395,41.603053491876395
Luxembourg,2025,1A3D1,ABFLOW039,Oil,,41.603053491876395,41.603053491876395
Luxembourg,2025,1A3D2,ABFLOW032,Coal,75.28072529355033,,75.28072529355033
Luxembourg,2025,1A3D2,ABFLOW032,Natural gas,75.28072529355033,41.603053491876395,116.88377878542673
Luxembourg,2025,1A3D2,ABFLOW032,Oil,75.28072529355033,41.603053491876395,116.88377878542673
Luxembourg,2025,1A3E1,ABFLOW033,Coal,,,0.0
Luxembourg,2025,1A3E1,ABFLOW033,Natural gas,,,0.0
Luxembourg,2025,1A3E1,ABFLOW033,Oil,,,0.0
Luxembourg,2025,1A4A,ABFLOW035,Coal,,,0.0
Luxembourg,2025,1A4A,ABFLOW035,Natural gas,,41.603053491876395,41.603053491876395
Luxembourg,2025,1A4A,ABFLOW035,Oil,,41.603053491876395,41.603053491876395
Luxembourg,2025,1A4B,ABFLOW034,Coal,,,0.0
Luxembourg,2025,1A4B,ABFLOW034,Natural gas,,41.603053491876395,41.603053491876395
Luxembourg,2025,1A4B,ABFLOW034,Oil,,41.603053491876395,41.603053491876395
Luxembourg,2025,1A4C1,ABFLOW036,Coal,,,0.0
Luxembourg,2025,1A4C1,ABFLOW036,Natural gas,,41.603053491876395,41.603053491876395
Luxembourg,2025,1A4C1,ABFLOW036,Oil,,41.603053491876395,41.603053491876395
Luxembourg,2025,1A4C2,ABFLOW037,Coal,,,0.0
Luxembourg,2025,1A4C2,ABFLOW037,Natural gas,,41.603053491876395,41.603053491876395
Luxembourg,2025,1A4C2,ABFLOW037,Oil,,41.603053491876395,41.603053491876395
Luxembourg,2025,1A5,ABFLOW038,Coal,,,0.0
Luxembourg,2025,1A5,ABFLOW038,Natural gas,,,0.0
Luxembourg,2025,1A5,ABFLOW038,Oil,,,0.0
