jurisdiction,year,ipcc_code,iea_code,Product,ets_price_usd_k,tax_rate_incl_ex_usd_k,all_inst_usd_k
Finland,1989,1A,ABFLOW001,Coal,,,0.0
Finland,1989,1A,ABFLOW001,Natural gas,,,0.0
Finland,1989,1A,ABFLOW001,Oil,,,0.0
Finland,1989,1A1A,ABFLOW002,Coal,,,0.0
Finland,1989,1A1A,ABFLOW002,Natural gas,,,0.0
Finland,1989,1A1A,ABFLOW002,Oil,,,0.0
Finland,1989,1A1A1,ABFLOW003,Coal,,,0.0
Finland,1989,1A1A1,ABFLOW003,Natural gas,,,0.0
Finland,1989,1A1A1,ABFLOW003,Oil,,,0.0
Finland,1989,1A1A2,ABFLOW004,Coal,,,0.0
Finland,1989,1A1A2,ABFLOW004,Natural gas,,,0.0
Finland,1989,1A1A2,ABFLOW004,Oil,,,0.0
Finland,1989,1A1A3,ABFLOW005,Coal,,,0.0
Finland,1989,1A1A3,ABFLOW005,Natural gas,,,0.0
Finland,1989,1A1A3,ABFLOW005,Oil,,,0.0
Finland,1989,1A1B,ABFLOW011,Coal,,,0.0
Finland,1989,1A1B,ABFLOW011,Natural gas,,,0.0
Finland,1989,1A1B,ABFLOW011,Oil,,,0.0
Finland,1989,1A1C,ABFLOW011,Coal,,,0.0
Finland,1989,1A1C,ABFLOW011,Natural gas,,,0.0
Finland,1989,1A1C,ABFLOW011,Oil,,,0.0
Finland,1989,1A2,ABFLOW012,Coal,,,0.0
Finland,1989,1A2,ABFLOW012,Natural gas,,,0.0
Finland,1989,1A2,ABFLOW012,Oil,,,0.0
Finland,1989,1A2A,ABFLOW016,Coal,,,0.0
Finland,1989,1A2A,ABFLOW016,Natural gas,,,0.0
Finland,1989,1A2A,ABFLOW016,Oil,,,0.0
Finland,1989,1A2B,ABFLOW018,Coal,,,0.0
Finland,1989,1A2B,ABFLOW018,Natural gas,,,0.0
Finland,1989,1A2B,ABFLOW018,Oil,,,0.0
Finland,1989,1A2C,ABFLOW017,Coal,,,0.0
Finland,1989,1A2C,ABFLOW017,Natural gas,,,0.0
Finland,1989,1A2C,ABFLOW017,Oil,,,0.0
Finland,1989,1A2D,ABFLOW023,Coal,,,0.0
Finland,1989,1A2D,ABFLOW023,Natural gas,,,0.0
Finland,1989,1A2D,ABFLOW023,Oil,,,0.0
Finland,1989,1A2E,ABFLOW022,Coal,,,0.0
Finland,1989,1A2E,ABFLOW022,Natural gas,,,0.0
Finland,1989,1A2E,ABFLOW022,Oil,,,0.0
Finland,1989,1A2F,ABFLOW019,Coal,,,0.0
Finland,1989,1A2F,ABFLOW019,Natural gas,,,0.0
Finland,1989,1A2F,ABFLOW019,Oil,,,0.0
Finland,1989,1A2G,ABFLOW020,Coal,,,0.0
Finland,1989,1A2G,ABFLOW020,Natural gas,,,0.0
Finland,1989,1A2G,ABFLOW020,Oil,,,0.0
Finland,1989,1A2H,ABFLOW021,Coal,,,0.0
Finland,1989,1A2H,ABFLOW021,Natural gas,,,0.0
Finland,1989,1A2H,ABFLOW021,Oil,,,0.0
Finland,1989,1A2I,ABFLOW013,Coal,,,0.0
Finland,1989,1A2I,ABFLOW013,Natural gas,,,0.0
Finland,1989,1A2I,ABFLOW013,Oil,,,0.0
Finland,1989,1A2J,ABFLOW024,Coal,,,0.0
Finland,1989,1A2J,ABFLOW024,Natural gas,,,0.0
Finland,1989,1A2J,ABFLOW024,Oil,,,0.0
Finland,1989,1A2K,ABFLOW014,Coal,,,0.0
Finland,1989,1A2K,ABFLOW014,Natural gas,,,0.0
Finland,1989,1A2K,ABFLOW014,Oil,,,0.0
Finland,1989,1A2L,ABFLOW025,Coal,,,0.0
Finland,1989,1A2L,ABFLOW025,Natural gas,,,0.0
Finland,1989,1A2L,ABFLOW025,Oil,,,0.0
Finland,1989,1A2M,ABFLOW026,Coal,,,0.0
Finland,1989,1A2M,ABFLOW026,Natural gas,,,0.0
Finland,1989,1A2M,ABFLOW026,Oil,,,0.0
Finland,1989,1A3,ABFLOW027,Coal,,,0.0
Finland,1989,1A3,ABFLOW027,Natural gas,,,0.0
Finland,1989,1A3,ABFLOW027,Oil,,,0.0
Finland,1989,1A3A1,ABFLOW040,Coal,,,0.0
Finland,1989,1A3A1,ABFLOW040,Natural gas,,,0.0
Finland,1989,1A3A1,ABFLOW040,Oil,,,0.0
Finland,1989,1A3A2,ABFLOW029,Coal,,,0.0
Finland,1989,1A3A2,ABFLOW029,Natural gas,,,0.0
Finland,1989,1A3A2,ABFLOW029,Oil,,,0.0
Finland,1989,1A3B,ABFLOW028,Coal,,,0.0
Finland,1989,1A3B,ABFLOW028,Natural gas,,,0.0
Finland,1989,1A3B,ABFLOW028,Oil,,,0.0
Finland,1989,1A3C,ABFLOW030,Coal,,,0.0
Finland,1989,1A3C,ABFLOW030,Natural gas,,,0.0
Finland,1989,1A3C,ABFLOW030,Oil,,,0.0
Finland,1989,1A3D1,ABFLOW039,Coal,,,0.0
Finland,1989,1A3D1,ABFLOW039,Natural gas,,,0.0
Finland,1989,1A3D1,ABFLOW039,Oil,,,0.0
Finland,1989,1A3D2,ABFLOW032,Coal,,,0.0
Finland,1989,1A3D2,ABFLOW032,Natural gas,,,0.0
Finland,1989,1A3D2,ABFLOW032,Oil,,,0.0
Finland,1989,1A3E1,ABFLOW033,Coal,,,0.0
Finland,1989,1A3E1,ABFLOW033,Natural gas,,,0.0
Finland,1989,1A3E1,ABFLOW033,Oil,,,0.0
Finland,1989,1A4A,ABFLOW035,Coal,,,0.0
Finland,1989,1A4A,ABFLOW035,Natural gas,,,0.0
Finland,1989,1A4A,ABFLOW035,Oil,,,0.0
Finland,1989,1A4B,ABFLOW034,Coal,,,0.0
Finland,1989,1A4B,ABFLOW034,Natural gas,,,0.0
Finland,1989,1A4B,ABFLOW034,Oil,,,0.0
Finland,1989,1A4C1,ABFLOW036,Coal,,,0.0
Finland,1989,1A4C1,ABFLOW036,Natural gas,,,0.0
Finland,1989,1A4C1,ABFLOW036,Oil,,,0.0
Finland,1989,1A4C2,ABFLOW037,Coal,,,0.0
Finland,1989,1A4C2,ABFLOW037,Natural gas,,,0.0
Finland,1989,1A4C2,ABFLOW037,Oil,,,0.0
Finland,1989,1A5,ABFLOW038,Coal,,,0.0
Finland,1989,1A5,ABFLOW038,Natural gas,,,0.0
Finland,1989,1A5,ABFLOW038,Oil,,,0.0
Finland,1990,1A,ABFLOW001,Coal,,,0.0
Finland,1990,1A,ABFLOW001,Natural gas,,,0.0
Finland,1990,1A,ABFLOW001,Oil,,,0.0
Finland,1990,1A1A,ABFLOW002,Coal,,,0.0
Finland,1990,1A1A,ABFLOW002,Natural gas,,,0.0
Finland,1990,1A1A,ABFLOW002,Oil,,,0.0
Finland,1990,1A1A1,ABFLOW003,Coal,,,0.0
Finland,1990,1A1A1,ABFLOW003,Natural gas,,,0.0
Finland,1990,1A1A1,ABFLOW003,Oil,,,0.0
Finland,1990,1A1A2,ABFLOW004,Coal,,,0.0
Finland,1990,1A1A2,ABFLOW004,Natural gas,,,0.0
Finland,1990,1A1A2,ABFLOW004,Oil,,,0.0
Finland,1990,1A1A3,ABFLOW005,Coal,,,0.0
Finland,1990,1A1A3,ABFLOW005,Natural gas,,,0.0
Finland,1990,1A1A3,ABFLOW005,Oil,,,0.0
Finland,1990,1A1B,ABFLOW011,Coal,,2.2930241183425837,2.2930241183425837
Finland,1990,1A1B,ABFLOW011,Natural gas,,2.2930241183425837,2.2930241183425837
Finland,1990,1A1B,ABFLOW011,Oil,,2.2930241183425837,2.2930241183425837
Finland,1990,1A1C,ABFLOW011,Coal,,2.2930241183425837,2.2930241183425837
Finland,1990,1A1C,ABFLOW011,Natural gas,,2.2930241183425837,2.2930241183425837
Finland,1990,1A1C,ABFLOW011,Oil,,2.2930241183425837,2.2930241183425837
Finland,1990,1A2,ABFLOW012,Coal,,,0.0
Finland,1990,1A2,ABFLOW012,Natural gas,,,0.0
Finland,1990,1A2,ABFLOW012,Oil,,,0.0
Finland,1990,1A2A,ABFLOW016,Coal,,2.2930241183425837,2.2930241183425837
Finland,1990,1A2A,ABFLOW016,Natural gas,,2.2930241183425837,2.2930241183425837
Finland,1990,1A2A,ABFLOW016,Oil,,2.2930241183425837,2.2930241183425837
Finland,1990,1A2B,ABFLOW018,Coal,,2.2930241183425837,2.2930241183425837
Finland,1990,1A2B,ABFLOW018,Natural gas,,2.2930241183425837,2.2930241183425837
Finland,1990,1A2B,ABFLOW018,Oil,,2.2930241183425837,2.2930241183425837
Finland,1990,1A2C,ABFLOW017,Coal,,2.2930241183425837,2.2930241183425837
Finland,1990,1A2C,ABFLOW017,Natural gas,,2.2930241183425837,2.2930241183425837
Finland,1990,1A2C,ABFLOW017,Oil,,2.2930241183425837,2.2930241183425837
Finland,1990,1A2D,ABFLOW023,Coal,,2.2930241183425837,2.2930241183425837
Finland,1990,1A2D,ABFLOW023,Natural gas,,2.2930241183425837,2.2930241183425837
Finland,1990,1A2D,ABFLOW023,Oil,,2.2930241183425837,2.2930241183425837
Finland,1990,1A2E,ABFLOW022,Coal,,2.2930241183425837,2.2930241183425837
Finland,1990,1A2E,ABFLOW022,Natural gas,,2.2930241183425837,2.2930241183425837
Finland,1990,1A2E,ABFLOW022,Oil,,2.2930241183425837,2.2930241183425837
Finland,1990,1A2F,ABFLOW019,Coal,,2.2930241183425837,2.2930241183425837
Finland,1990,1A2F,ABFLOW019,Natural gas,,2.2930241183425837,2.2930241183425837
Finland,1990,1A2F,ABFLOW019,Oil,,2.2930241183425837,2.2930241183425837
Finland,1990,1A2G,ABFLOW020,Coal,,2.2930241183425837,2.2930241183425837
Finland,1990,1A2G,ABFLOW020,Natural gas,,2.2930241183425837,2.2930241183425837
Finland,1990,1A2G,ABFLOW020,Oil,,2.2930241183425837,2.2930241183425837
Finland,1990,1A2H,ABFLOW021,Coal,,2.2930241183425837,2.2930241183425837
Finland,1990,1A2H,ABFLOW021,Natural gas,,2.2930241183425837,2.2930241183425837
Finland,1990,1A2H,ABFLOW021,Oil,,2.2930241183425837,2.2930241183425837
Finland,1990,1A2I,ABFLOW013,Coal,,2.2930241183425837,2.2930241183425837
Finland,1990,1A2I,ABFLOW013,Natural gas,,2.2930241183425837,2.2930241183425837
Finland,1990,1A2I,ABFLOW013,Oil,,2.2930241183425837,2.2930241183425837
Finland,1990,1A2J,ABFLOW024,Coal,,2.2930241183425837,2.2930241183425837
Finland,1990,1A2J,ABFLOW024,Natural gas,,2.2930241183425837,2.2930241183425837
Finland,1990,1A2J,ABFLOW024,Oil,,2.2930241183425837,2.2930241183425837
Finland,1990,1A2K,ABFLOW014,Coal,,2.2930241183425837,2.2930241183425837
Finland,1990,1A2K,ABFLOW014,Natural gas,,2.2930241183425837,2.2930241183425837
Finland,1990,1A2K,ABFLOW014,Oil,,2.2930241183425837,2.2930241183425837
Finland,1990,1A2L,ABFLOW025,Coal,,2.2930241183425837,2.2930241183425837
Finland,1990,1A2L,ABFLOW025,Natural gas,,2.2930241183425837,2.2930241183425837
Finland,1990,1A2L,ABFLOW025,Oil,,2.2930241183425837,2.2930241183425837
Finland,1990,1A2M,ABFLOW026,Coal,,2.2930241183425837,2.2930241183425837
Finland,1990,1A2M,ABFLOW026,Natural gas,,2.2930241183425837,2.2930241183425837
Finland,1990,1A2M,ABFLOW026,Oil,,2.2930241183425837,2.2930241183425837
Finland,1990,1A3,ABFLOW027,Coal,,,0.0
Finland,1990,1A3,ABFLOW027,Natural gas,,,0.0
Finland,1990,1A3,ABFLOW027,Oil,,,0.0
Finland,1990,1A3A1,ABFLOW040,Coal,,,0.0
Finland,1990,1A3A1,ABFLOW040,Natural gas,,,0.0
Finland,1990,1A3A1,ABFLOW040,Oil,,,0.0
Finland,1990,1A3A2,ABFLOW029,Coal,,2.2930241183425837,2.2930241183425837
Finland,1990,1A3A2,ABFLOW029,Natural gas,,2.2930241183425837,2.2930241183425837
Finland,1990,1A3A2,ABFLOW029,Oil,,2.2930241183425837,2.2930241183425837
Finland,1990,1A3B,ABFLOW028,Coal,,2.2930241183425837,2.2930241183425837
Finland,1990,1A3B,ABFLOW028,Natural gas,,2.2930241183425837,2.2930241183425837
Finland,1990,1A3B,ABFLOW028,Oil,,2.2930241183425837,2.2930241183425837
Finland,1990,1A3C,ABFLOW030,Coal,,,0.0
Finland,1990,1A3C,ABFLOW030,Natural gas,,,0.0
Finland,1990,1A3C,ABFLOW030,Oil,,,0.0
Finland,1990,1A3D1,ABFLOW039,Coal,,,0.0
Finland,1990,1A3D1,ABFLOW039,Natural gas,,,0.0
Finland,1990,1A3D1,ABFLOW039,Oil,,,0.0
Finland,1990,1A3D2,ABFLOW032,Coal,,,0.0
Finland,1990,1A3D2,ABFLOW032,Natural gas,,,0.0
Finland,1990,1A3D2,ABFLOW032,Oil,,,0.0
Finland,1990,1A3E1,ABFLOW033,Coal,,,0.0
Finland,1990,1A3E1,ABFLOW033,Natural gas,,,0.0
Finland,1990,1A3E1,ABFLOW033,Oil,,,0.0
Finland,1990,1A4A,ABFLOW035,Coal,,2.2930241183425837,2.2930241183425837
Finland,1990,1A4A,ABFLOW035,Natural gas,,2.2930241183425837,2.2930241183425837
Finland,1990,1A4A,ABFLOW035,Oil,,2.2930241183425837,2.2930241183425837
Finland,1990,1A4B,ABFLOW034,Coal,,2.2930241183425837,2.2930241183425837
Finland,1990,1A4B,ABFLOW034,Natural gas,,2.2930241183425837,2.2930241183425837
Finland,1990,1A4B,ABFLOW034,Oil,,2.2930241183425837,2.2930241183425837
Finland,1990,1A4C1,ABFLOW036,Coal,,2.2930241183425837,2.2930241183425837
Finland,1990,1A4C1,ABFLOW036,Natural gas,,2.2930241183425837,2.2930241183425837
Finland,1990,1A4C1,ABFLOW036,Oil,,2.2930241183425837,2.2930241183425837
Finland,1990,1A4C2,ABFLOW037,Coal,,2.2930241183425837,2.2930241183425837
Finland,1990,1A4C2,ABFLOW037,Natural gas,,2.2930241183425837,2.2930241183425837
Finland,1990,1A4C2,ABFLOW037,Oil,,2.2930241183425837,2.2930241183425837
Finland,1990,1A5,ABFLOW038,Coal,,,0.0
Finland,1990,1A5,ABFLOW038,Natural gas,,,0.0
Finland,1990,1A5,ABFLOW038,Oil,,,0.0
Finland,1991,1A,ABFLOW001,Coal,,,0.0
Finland,1991,1A,ABFLOW001,Natural gas,,,0.0
Finland,1991,1A,ABFLOW001,Oil,,,0.0
Finland,1991,1A1A,ABFLOW002,Coal,,,0.0
Finland,1991,1A1A,ABFLOW002,Natural gas,,,0.0
Finland,1991,1A1A,ABFLOW002,Oil,,,0.0
Finland,1991,1A1A1,ABFLOW003,Coal,,,0.0
Finland,1991,1A1A1,ABFLOW003,Natural gas,,,0.0
Finland,1991,1A1A1,ABFLOW003,Oil,,,0.0
Finland,1991,1A1A2,ABFLOW004,Coal,,,0.0
Finland,1991,1A1A2,ABFLOW004,Natural gas,,,0.0
Finland,1991,1A1A2,ABFLOW004,Oil,,,0.0
Finland,1991,1A1A3,ABFLOW005,Coal,,,0.0
Finland,1991,1A1A3,ABFLOW005,Natural gas,,,0.0
Finland,1991,1A1A3,ABFLOW005,Oil,,,0.0
Finland,1991,1A1B,ABFLOW011,Coal,,2.258773058206249,2.258773058206249
Finland,1991,1A1B,ABFLOW011,Natural gas,,2.258773058206249,2.258773058206249
Finland,1991,1A1B,ABFLOW011,Oil,,2.258773058206249,2.258773058206249
Finland,1991,1A1C,ABFLOW011,Coal,,2.258773058206249,2.258773058206249
Finland,1991,1A1C,ABFLOW011,Natural gas,,2.258773058206249,2.258773058206249
Finland,1991,1A1C,ABFLOW011,Oil,,2.258773058206249,2.258773058206249
Finland,1991,1A2,ABFLOW012,Coal,,,0.0
Finland,1991,1A2,ABFLOW012,Natural gas,,,0.0
Finland,1991,1A2,ABFLOW012,Oil,,,0.0
Finland,1991,1A2A,ABFLOW016,Coal,,2.258773058206249,2.258773058206249
Finland,1991,1A2A,ABFLOW016,Natural gas,,2.258773058206249,2.258773058206249
Finland,1991,1A2A,ABFLOW016,Oil,,2.258773058206249,2.258773058206249
Finland,1991,1A2B,ABFLOW018,Coal,,2.258773058206249,2.258773058206249
Finland,1991,1A2B,ABFLOW018,Natural gas,,2.258773058206249,2.258773058206249
Finland,1991,1A2B,ABFLOW018,Oil,,2.258773058206249,2.258773058206249
Finland,1991,1A2C,ABFLOW017,Coal,,2.258773058206249,2.258773058206249
Finland,1991,1A2C,ABFLOW017,Natural gas,,2.258773058206249,2.258773058206249
Finland,1991,1A2C,ABFLOW017,Oil,,2.258773058206249,2.258773058206249
Finland,1991,1A2D,ABFLOW023,Coal,,2.258773058206249,2.258773058206249
Finland,1991,1A2D,ABFLOW023,Natural gas,,2.258773058206249,2.258773058206249
Finland,1991,1A2D,ABFLOW023,Oil,,2.258773058206249,2.258773058206249
Finland,1991,1A2E,ABFLOW022,Coal,,2.258773058206249,2.258773058206249
Finland,1991,1A2E,ABFLOW022,Natural gas,,2.258773058206249,2.258773058206249
Finland,1991,1A2E,ABFLOW022,Oil,,2.258773058206249,2.258773058206249
Finland,1991,1A2F,ABFLOW019,Coal,,2.258773058206249,2.258773058206249
Finland,1991,1A2F,ABFLOW019,Natural gas,,2.258773058206249,2.258773058206249
Finland,1991,1A2F,ABFLOW019,Oil,,2.258773058206249,2.258773058206249
Finland,1991,1A2G,ABFLOW020,Coal,,2.258773058206249,2.258773058206249
Finland,1991,1A2G,ABFLOW020,Natural gas,,2.258773058206249,2.258773058206249
Finland,1991,1A2G,ABFLOW020,Oil,,2.258773058206249,2.258773058206249
Finland,1991,1A2H,ABFLOW021,Coal,,2.258773058206249,2.258773058206249
Finland,1991,1A2H,ABFLOW021,Natural gas,,2.258773058206249,2.258773058206249
Finland,1991,1A2H,ABFLOW021,Oil,,2.258773058206249,2.258773058206249
Finland,1991,1A2I,ABFLOW013,Coal,,2.258773058206249,2.258773058206249
Finland,1991,1A2I,ABFLOW013,Natural gas,,2.258773058206249,2.258773058206249
Finland,1991,1A2I,ABFLOW013,Oil,,2.258773058206249,2.258773058206249
Finland,1991,1A2J,ABFLOW024,Coal,,2.258773058206249,2.258773058206249
Finland,1991,1A2J,ABFLOW024,Natural gas,,2.258773058206249,2.258773058206249
Finland,1991,1A2J,ABFLOW024,Oil,,2.258773058206249,2.258773058206249
Finland,1991,1A2K,ABFLOW014,Coal,,2.258773058206249,2.258773058206249
Finland,1991,1A2K,ABFLOW014,Natural gas,,2.258773058206249,2.258773058206249
Finland,1991,1A2K,ABFLOW014,Oil,,2.258773058206249,2.258773058206249
Finland,1991,1A2L,ABFLOW025,Coal,,2.258773058206249,2.258773058206249
Finland,1991,1A2L,ABFLOW025,Natural gas,,2.258773058206249,2.258773058206249
Finland,1991,1A2L,ABFLOW025,Oil,,2.258773058206249,2.258773058206249
Finland,1991,1A2M,ABFLOW026,Coal,,2.258773058206249,2.258773058206249
Finland,1991,1A2M,ABFLOW026,Natural gas,,2.258773058206249,2.258773058206249
Finland,1991,1A2M,ABFLOW026,Oil,,2.258773058206249,2.258773058206249
Finland,1991,1A3,ABFLOW027,Coal,,,0.0
Finland,1991,1A3,ABFLOW027,Natural gas,,,0.0
Finland,1991,1A3,ABFLOW027,Oil,,,0.0
Finland,1991,1A3A1,ABFLOW040,Coal,,,0.0
Finland,1991,1A3A1,ABFLOW040,Natural gas,,,0.0
Finland,1991,1A3A1,ABFLOW040,Oil,,,0.0
Finland,1991,1A3A2,ABFLOW029,Coal,,2.258773058206249,2.258773058206249
Finland,1991,1A3A2,ABFLOW029,Natural gas,,2.258773058206249,2.258773058206249
Finland,1991,1A3A2,ABFLOW029,Oil,,2.258773058206249,2.258773058206249
Finland,1991,1A3B,ABFLOW028,Coal,,2.258773058206249,2.258773058206249
Finland,1991,1A3B,ABFLOW028,Natural gas,,2.258773058206249,2.258773058206249
Finland,1991,1A3B,ABFLOW028,Oil,,2.258773058206249,2.258773058206249
Finland,1991,1A3C,ABFLOW030,Coal,,,0.0
Finland,1991,1A3C,ABFLOW030,Natural gas,,,0.0
Finland,1991,1A3C,ABFLOW030,Oil,,,0.0
Finland,1991,1A3D1,ABFLOW039,Coal,,,0.0
Finland,1991,1A3D1,ABFLOW039,Natural gas,,,0.0
Finland,1991,1A3D1,ABFLOW039,Oil,,,0.0
Finland,1991,1A3D2,ABFLOW032,Coal,,,0.0
Finland,1991,1A3D2,ABFLOW032,Natural gas,,,0.0
Finland,1991,1A3D2,ABFLOW032,Oil,,,0.0
Finland,1991,1A3E1,ABFLOW033,Coal,,,0.0
Finland,1991,1A3E1,ABFLOW033,Natural gas,,,0.0
Finland,1991,1A3E1,ABFLOW033,Oil,,,0.0
Finland,1991,1A4A,ABFLOW035,Coal,,2.258773058206249,2.258773058206249
Finland,1991,1A4A,ABFLOW035,Natural gas,,2.258773058206249,2.258773058206249
Finland,1991,1A4A,ABFLOW035,Oil,,2.258773058206249,2.258773058206249
Finland,1991,1A4B,ABFLOW034,Coal,,2.258773058206249,2.258773058206249
Finland,1991,1A4B,ABFLOW034,Natural gas,,2.258773058206249,2.258773058206249
Finland,1991,1A4B,ABFLOW034,Oil,,2.258773058206249,2.258773058206249
Finland,1991,1A4C1,ABFLOW036,Coal,,2.258773058206249,2.258773058206249
Finland,1991,1A4C1,ABFLOW036,Natural gas,,2.258773058206249,2.258773058206249
Finland,1991,1A4C1,ABFLOW036,Oil,,2.258773058206249,2.258773058206249
Finland,1991,1A4C2,ABFLOW037,Coal,,2.258773058206249,2.258773058206249
Finland,1991,1A4C2,ABFLOW037,Natural gas,,2.258773058206249,2.258773058206249
Finland,1991,1A4C2,ABFLOW037,Oil,,2.258773058206249,2.258773058206249
Finland,1991,1A5,ABFLOW038,Coal,,,0.0
Finland,1991,1A5,ABFLOW038,Natural gas,,,0.0
Finland,1991,1A5,ABFLOW038,Oil,,,0.0
Finland,1992,1A,ABFLOW001,Coal,,,0.0
Finland,1992,1A,ABFLOW001,Natural gas,,,0.0
Finland,1992,1A,ABFLOW001,Oil,,,0.0
Finland,1992,1A1A,ABFLOW002,Coal,,,0.0
Finland,1992,1A1A,ABFLOW002,Natural gas,,,0.0
Finland,1992,1A1A,ABFLOW002,Oil,,,0.0
Finland,1992,1A1A1,ABFLOW003,Coal,,,0.0
Finland,1992,1A1A1,ABFLOW003,Natural gas,,,0.0
Finland,1992,1A1A1,ABFLOW003,Oil,,,0.0
Finland,1992,1A1A2,ABFLOW004,Coal,,,0.0
Finland,1992,1A1A2,ABFLOW004,Natural gas,,,0.0
Finland,1992,1A1A2,ABFLOW004,Oil,,,0.0
Finland,1992,1A1A3,ABFLOW005,Coal,,,0.0
Finland,1992,1A1A3,ABFLOW005,Natural gas,,,0.0
Finland,1992,1A1A3,ABFLOW005,Oil,,,0.0
Finland,1992,1A1B,ABFLOW011,Coal,,2.238765391780561,2.238765391780561
Finland,1992,1A1B,ABFLOW011,Natural gas,,2.238765391780561,2.238765391780561
Finland,1992,1A1B,ABFLOW011,Oil,,2.238765391780561,2.238765391780561
Finland,1992,1A1C,ABFLOW011,Coal,,2.238765391780561,2.238765391780561
Finland,1992,1A1C,ABFLOW011,Natural gas,,2.238765391780561,2.238765391780561
Finland,1992,1A1C,ABFLOW011,Oil,,2.238765391780561,2.238765391780561
Finland,1992,1A2,ABFLOW012,Coal,,,0.0
Finland,1992,1A2,ABFLOW012,Natural gas,,,0.0
Finland,1992,1A2,ABFLOW012,Oil,,,0.0
Finland,1992,1A2A,ABFLOW016,Coal,,2.238765391780561,2.238765391780561
Finland,1992,1A2A,ABFLOW016,Natural gas,,2.238765391780561,2.238765391780561
Finland,1992,1A2A,ABFLOW016,Oil,,2.238765391780561,2.238765391780561
Finland,1992,1A2B,ABFLOW018,Coal,,2.238765391780561,2.238765391780561
Finland,1992,1A2B,ABFLOW018,Natural gas,,2.238765391780561,2.238765391780561
Finland,1992,1A2B,ABFLOW018,Oil,,2.238765391780561,2.238765391780561
Finland,1992,1A2C,ABFLOW017,Coal,,2.238765391780561,2.238765391780561
Finland,1992,1A2C,ABFLOW017,Natural gas,,2.238765391780561,2.238765391780561
Finland,1992,1A2C,ABFLOW017,Oil,,2.238765391780561,2.238765391780561
Finland,1992,1A2D,ABFLOW023,Coal,,2.238765391780561,2.238765391780561
Finland,1992,1A2D,ABFLOW023,Natural gas,,2.238765391780561,2.238765391780561
Finland,1992,1A2D,ABFLOW023,Oil,,2.238765391780561,2.238765391780561
Finland,1992,1A2E,ABFLOW022,Coal,,2.238765391780561,2.238765391780561
Finland,1992,1A2E,ABFLOW022,Natural gas,,2.238765391780561,2.238765391780561
Finland,1992,1A2E,ABFLOW022,Oil,,2.238765391780561,2.238765391780561
Finland,1992,1A2F,ABFLOW019,Coal,,2.238765391780561,2.238765391780561
Finland,1992,1A2F,ABFLOW019,Natural gas,,2.238765391780561,2.238765391780561
Finland,1992,1A2F,ABFLOW019,Oil,,2.238765391780561,2.238765391780561
Finland,1992,1A2G,ABFLOW020,Coal,,2.238765391780561,2.238765391780561
Finland,1992,1A2G,ABFLOW020,Natural gas,,2.238765391780561,2.238765391780561
Finland,1992,1A2G,ABFLOW020,Oil,,2.238765391780561,2.238765391780561
Finland,1992,1A2H,ABFLOW021,Coal,,2.238765391780561,2.238765391780561
Finland,1992,1A2H,ABFLOW021,Natural gas,,2.238765391780561,2.238765391780561
Finland,1992,1A2H,ABFLOW021,Oil,,2.238765391780561,2.238765391780561
Finland,1992,1A2I,ABFLOW013,Coal,,2.238765391780561,2.238765391780561
Finland,1992,1A2I,ABFLOW013,Natural gas,,2.238765391780561,2.238765391780561
Finland,1992,1A2I,ABFLOW013,Oil,,2.238765391780561,2.238765391780561
Finland,1992,1A2J,ABFLOW024,Coal,,2.238765391780561,2.238765391780561
Finland,1992,1A2J,ABFLOW024,Natural gas,,2.238765391780561,2.238765391780561
Finland,1992,1A2J,ABFLOW024,Oil,,2.238765391780561,2.238765391780561
Finland,1992,1A2K,ABFLOW014,Coal,,2.238765391780561,2.238765391780561
Finland,1992,1A2K,ABFLOW014,Natural gas,,2.238765391780561,2.238765391780561
Finland,1992,1A2K,ABFLOW014,Oil,,2.238765391780561,2.238765391780561
Finland,1992,1A2L,ABFLOW025,Coal,,2.238765391780561,2.238765391780561
Finland,1992,1A2L,ABFLOW025,Natural gas,,2.238765391780561,2.238765391780561
Finland,1992,1A2L,ABFLOW025,Oil,,2.238765391780561,2.238765391780561
Finland,1992,1A2M,ABFLOW026,Coal,,2.238765391780561,2.238765391780561
Finland,1992,1A2M,ABFLOW026,Natural gas,,2.238765391780561,2.238765391780561
Finland,1992,1A2M,ABFLOW026,Oil,,2.238765391780561,2.238765391780561
Finland,1992,1A3,ABFLOW027,Coal,,,0.0
Finland,1992,1A3,ABFLOW027,Natural gas,,,0.0
Finland,1992,1A3,ABFLOW027,Oil,,,0.0
Finland,1992,1A3A1,ABFLOW040,Coal,,,0.0
Finland,1992,1A3A1,ABFLOW040,Natural gas,,,0.0
Finland,1992,1A3A1,ABFLOW040,Oil,,,0.0
Finland,1992,1A3A2,ABFLOW029,Coal,,2.238765391780561,2.238765391780561
Finland,1992,1A3A2,ABFLOW029,Natural gas,,2.238765391780561,2.238765391780561
Finland,1992,1A3A2,ABFLOW029,Oil,,2.238765391780561,2.238765391780561
Finland,1992,1A3B,ABFLOW028,Coal,,2.238765391780561,2.238765391780561
Finland,1992,1A3B,ABFLOW028,Natural gas,,2.238765391780561,2.238765391780561
Finland,1992,1A3B,ABFLOW028,Oil,,2.238765391780561,2.238765391780561
Finland,1992,1A3C,ABFLOW030,Coal,,,0.0
Finland,1992,1A3C,ABFLOW030,Natural gas,,,0.0
Finland,1992,1A3C,ABFLOW030,Oil,,,0.0
Finland,1992,1A3D1,ABFLOW039,Coal,,,0.0
Finland,1992,1A3D1,ABFLOW039,Natural gas,,,0.0
Finland,1992,1A3D1,ABFLOW039,Oil,,,0.0
Finland,1992,1A3D2,ABFLOW032,Coal,,,0.0
Finland,1992,1A3D2,ABFLOW032,Natural gas,,,0.0
Finland,1992,1A3D2,ABFLOW032,Oil,,,0.0
Finland,1992,1A3E1,ABFLOW033,Coal,,,0.0
Finland,1992,1A3E1,ABFLOW033,Natural gas,,,0.0
Finland,1992,1A3E1,ABFLOW033,Oil,,,0.0
Finland,1992,1A4A,ABFLOW035,Coal,,2.238765391780561,2.238765391780561
Finland,1992,1A4A,ABFLOW035,Natural gas,,2.238765391780561,2.238765391780561
Finland,1992,1A4A,ABFLOW035,Oil,,2.238765391780561,2.238765391780561
Finland,1992,1A4B,ABFLOW034,Coal,,2.238765391780561,2.238765391780561
Finland,1992,1A4B,ABFLOW034,Natural gas,,2.238765391780561,2.238765391780561
Finland,1992,1A4B,ABFLOW034,Oil,,2.238765391780561,2.238765391780561
Finland,1992,1A4C1,ABFLOW036,Coal,,2.238765391780561,2.238765391780561
Finland,1992,1A4C1,ABFLOW036,Natural gas,,2.238765391780561,2.238765391780561
Finland,1992,1A4C1,ABFLOW036,Oil,,2.238765391780561,2.238765391780561
Finland,1992,1A4C2,ABFLOW037,Coal,,2.238765391780561,2.238765391780561
Finland,1992,1A4C2,ABFLOW037,Natural gas,,2.238765391780561,2.238765391780561
Finland,1992,1A4C2,ABFLOW037,Oil,,2.238765391780561,2.238765391780561
Finland,1992,1A5,ABFLOW038,Coal,,,0.0
Finland,1992,1A5,ABFLOW038,Natural gas,,,0.0
Finland,1992,1A5,ABFLOW038,Oil,,,0.0
Finland,1993,1A,ABFLOW001,Coal,,,0.0
Finland,1993,1A,ABFLOW001,Natural gas,,,0.0
Finland,1993,1A,ABFLOW001,Oil,,,0.0
Finland,1993,1A1A,ABFLOW002,Coal,,,0.0
Finland,1993,1A1A,ABFLOW002,Natural gas,,,0.0
Finland,1993,1A1A,ABFLOW002,Oil,,,0.0
Finland,1993,1A1A1,ABFLOW003,Coal,,,0.0
Finland,1993,1A1A1,ABFLOW003,Natural gas,,,0.0
Finland,1993,1A1A1,ABFLOW003,Oil,,,0.0
Finland,1993,1A1A2,ABFLOW004,Coal,,,0.0
Finland,1993,1A1A2,ABFLOW004,Natural gas,,,0.0
Finland,1993,1A1A2,ABFLOW004,Oil,,,0.0
Finland,1993,1A1A3,ABFLOW005,Coal,,,0.0
Finland,1993,1A1A3,ABFLOW005,Natural gas,,,0.0
Finland,1993,1A1A3,ABFLOW005,Oil,,,0.0
Finland,1993,1A1B,ABFLOW011,Coal,,4.399853949722071,4.399853949722071
Finland,1993,1A1B,ABFLOW011,Natural gas,,4.399853949722071,4.399853949722071
Finland,1993,1A1B,ABFLOW011,Oil,,4.399853949722071,4.399853949722071
Finland,1993,1A1C,ABFLOW011,Coal,,4.399853949722071,4.399853949722071
Finland,1993,1A1C,ABFLOW011,Natural gas,,4.399853949722071,4.399853949722071
Finland,1993,1A1C,ABFLOW011,Oil,,4.399853949722071,4.399853949722071
Finland,1993,1A2,ABFLOW012,Coal,,,0.0
Finland,1993,1A2,ABFLOW012,Natural gas,,,0.0
Finland,1993,1A2,ABFLOW012,Oil,,,0.0
Finland,1993,1A2A,ABFLOW016,Coal,,4.399853949722071,4.399853949722071
Finland,1993,1A2A,ABFLOW016,Natural gas,,4.399853949722071,4.399853949722071
Finland,1993,1A2A,ABFLOW016,Oil,,4.399853949722071,4.399853949722071
Finland,1993,1A2B,ABFLOW018,Coal,,4.399853949722071,4.399853949722071
Finland,1993,1A2B,ABFLOW018,Natural gas,,4.399853949722071,4.399853949722071
Finland,1993,1A2B,ABFLOW018,Oil,,4.399853949722071,4.399853949722071
Finland,1993,1A2C,ABFLOW017,Coal,,4.399853949722071,4.399853949722071
Finland,1993,1A2C,ABFLOW017,Natural gas,,4.399853949722071,4.399853949722071
Finland,1993,1A2C,ABFLOW017,Oil,,4.399853949722071,4.399853949722071
Finland,1993,1A2D,ABFLOW023,Coal,,4.399853949722071,4.399853949722071
Finland,1993,1A2D,ABFLOW023,Natural gas,,4.399853949722071,4.399853949722071
Finland,1993,1A2D,ABFLOW023,Oil,,4.399853949722071,4.399853949722071
Finland,1993,1A2E,ABFLOW022,Coal,,4.399853949722071,4.399853949722071
Finland,1993,1A2E,ABFLOW022,Natural gas,,4.399853949722071,4.399853949722071
Finland,1993,1A2E,ABFLOW022,Oil,,4.399853949722071,4.399853949722071
Finland,1993,1A2F,ABFLOW019,Coal,,4.399853949722071,4.399853949722071
Finland,1993,1A2F,ABFLOW019,Natural gas,,4.399853949722071,4.399853949722071
Finland,1993,1A2F,ABFLOW019,Oil,,4.399853949722071,4.399853949722071
Finland,1993,1A2G,ABFLOW020,Coal,,4.399853949722071,4.399853949722071
Finland,1993,1A2G,ABFLOW020,Natural gas,,4.399853949722071,4.399853949722071
Finland,1993,1A2G,ABFLOW020,Oil,,4.399853949722071,4.399853949722071
Finland,1993,1A2H,ABFLOW021,Coal,,4.399853949722071,4.399853949722071
Finland,1993,1A2H,ABFLOW021,Natural gas,,4.399853949722071,4.399853949722071
Finland,1993,1A2H,ABFLOW021,Oil,,4.399853949722071,4.399853949722071
Finland,1993,1A2I,ABFLOW013,Coal,,4.399853949722071,4.399853949722071
Finland,1993,1A2I,ABFLOW013,Natural gas,,4.399853949722071,4.399853949722071
Finland,1993,1A2I,ABFLOW013,Oil,,4.399853949722071,4.399853949722071
Finland,1993,1A2J,ABFLOW024,Coal,,4.399853949722071,4.399853949722071
Finland,1993,1A2J,ABFLOW024,Natural gas,,4.399853949722071,4.399853949722071
Finland,1993,1A2J,ABFLOW024,Oil,,4.399853949722071,4.399853949722071
Finland,1993,1A2K,ABFLOW014,Coal,,4.399853949722071,4.399853949722071
Finland,1993,1A2K,ABFLOW014,Natural gas,,4.399853949722071,4.399853949722071
Finland,1993,1A2K,ABFLOW014,Oil,,4.399853949722071,4.399853949722071
Finland,1993,1A2L,ABFLOW025,Coal,,4.399853949722071,4.399853949722071
Finland,1993,1A2L,ABFLOW025,Natural gas,,4.399853949722071,4.399853949722071
Finland,1993,1A2L,ABFLOW025,Oil,,4.399853949722071,4.399853949722071
Finland,1993,1A2M,ABFLOW026,Coal,,4.399853949722071,4.399853949722071
Finland,1993,1A2M,ABFLOW026,Natural gas,,4.399853949722071,4.399853949722071
Finland,1993,1A2M,ABFLOW026,Oil,,4.399853949722071,4.399853949722071
Finland,1993,1A3,ABFLOW027,Coal,,,0.0
Finland,1993,1A3,ABFLOW027,Natural gas,,,0.0
Finland,1993,1A3,ABFLOW027,Oil,,,0.0
Finland,1993,1A3A1,ABFLOW040,Coal,,,0.0
Finland,1993,1A3A1,ABFLOW040,Natural gas,,,0.0
Finland,1993,1A3A1,ABFLOW040,Oil,,,0.0
Finland,1993,1A3A2,ABFLOW029,Coal,,4.399853949722071,4.399853949722071
Finland,1993,1A3A2,ABFLOW029,Natural gas,,4.399853949722071,4.399853949722071
Finland,1993,1A3A2,ABFLOW029,Oil,,4.399853949722071,4.399853949722071
Finland,1993,1A3B,ABFLOW028,Coal,,4.399853949722071,4.399853949722071
Finland,1993,1A3B,ABFLOW028,Natural gas,,4.399853949722071,4.399853949722071
Finland,1993,1A3B,ABFLOW028,Oil,,4.399853949722071,4.399853949722071
Finland,1993,1A3C,ABFLOW030,Coal,,,0.0
Finland,1993,1A3C,ABFLOW030,Natural gas,,,0.0
Finland,1993,1A3C,ABFLOW030,Oil,,,0.0
Finland,1993,1A3D1,ABFLOW039,Coal,,,0.0
Finland,1993,1A3D1,ABFLOW039,Natural gas,,,0.0
Finland,1993,1A3D1,ABFLOW039,Oil,,,0.0
Finland,1993,1A3D2,ABFLOW032,Coal,,,0.0
Finland,1993,1A3D2,ABFLOW032,Natural gas,,,0.0
Finland,1993,1A3D2,ABFLOW032,Oil,,,0.0
Finland,1993,1A3E1,ABFLOW033,Coal,,,0.0
Finland,1993,1A3E1,ABFLOW033,Natural gas,,,0.0
Finland,1993,1A3E1,ABFLOW033,Oil,,,0.0
Finland,1993,1A4A,ABFLOW035,Coal,,4.399853949722071,4.399853949722071
Finland,1993,1A4A,ABFLOW035,Natural gas,,4.399853949722071,4.399853949722071
Finland,1993,1A4A,ABFLOW035,Oil,,4.399853949722071,4.399853949722071
Finland,1993,1A4B,ABFLOW034,Coal,,4.399853949722071,4.399853949722071
Finland,1993,1A4B,ABFLOW034,Natural gas,,4.399853949722071,4.399853949722071
Finland,1993,1A4B,ABFLOW034,Oil,,4.399853949722071,4.399853949722071
Finland,1993,1A4C1,ABFLOW036,Coal,,4.399853949722071,4.399853949722071
Finland,1993,1A4C1,ABFLOW036,Natural gas,,4.399853949722071,4.399853949722071
Finland,1993,1A4C1,ABFLOW036,Oil,,4.399853949722071,4.399853949722071
Finland,1993,1A4C2,ABFLOW037,Coal,,4.399853949722071,4.399853949722071
Finland,1993,1A4C2,ABFLOW037,Natural gas,,4.399853949722071,4.399853949722071
Finland,1993,1A4C2,ABFLOW037,Oil,,4.399853949722071,4.399853949722071
Finland,1993,1A5,ABFLOW038,Coal,,,0.0
Finland,1993,1A5,ABFLOW038,Natural gas,,,0.0
Finland,1993,1A5,ABFLOW038,Oil,,,0.0
Finland,1994,1A,ABFLOW001,Coal,,,0.0
Finland,1994,1A,ABFLOW001,Natural gas,,,0.0
Finland,1994,1A,ABFLOW001,Oil,,,0.0
Finland,1994,1A1A,ABFLOW002,Coal,,,0.0
Finland,1994,1A1A,ABFLOW002,Natural gas,,,0.0
Finland,1994,1A1A,ABFLOW002,Oil,,,0.0
Finland,1994,1A1A1,ABFLOW003,Coal,,,0.0
Finland,1994,1A1A1,ABFLOW003,Natural gas,,,0.0
Finland,1994,1A1A1,ABFLOW003,Oil,,,0.0
Finland,1994,1A1A2,ABFLOW004,Coal,,,0.0
Finland,1994,1A1A2,ABFLOW004,Natural gas,,,0.0
Finland,1994,1A1A2,ABFLOW004,Oil,,,0.0
Finland,1994,1A1A3,ABFLOW005,Coal,,,0.0
Finland,1994,1A1A3,ABFLOW005,Natural gas,,,0.0
Finland,1994,1A1A3,ABFLOW005,Oil,,,0.0
Finland,1994,1A1B,ABFLOW011,Coal,,5.822718896608079,5.822718896608079
Finland,1994,1A1B,ABFLOW011,Natural gas,,6.583146700777431,6.583146700777431
Finland,1994,1A1B,ABFLOW011,Oil,,5.850200756480239,5.850200756480239
Finland,1994,1A1C,ABFLOW011,Coal,,5.822718896608079,5.822718896608079
Finland,1994,1A1C,ABFLOW011,Natural gas,,6.583146700777431,6.583146700777431
Finland,1994,1A1C,ABFLOW011,Oil,,5.850200756480239,5.850200756480239
Finland,1994,1A2,ABFLOW012,Coal,,,0.0
Finland,1994,1A2,ABFLOW012,Natural gas,,,0.0
Finland,1994,1A2,ABFLOW012,Oil,,,0.0
Finland,1994,1A2A,ABFLOW016,Coal,,5.822718896608079,5.822718896608079
Finland,1994,1A2A,ABFLOW016,Natural gas,,6.583146700777431,6.583146700777431
Finland,1994,1A2A,ABFLOW016,Oil,,5.850200756480239,5.850200756480239
Finland,1994,1A2B,ABFLOW018,Coal,,5.822718896608079,5.822718896608079
Finland,1994,1A2B,ABFLOW018,Natural gas,,6.583146700777431,6.583146700777431
Finland,1994,1A2B,ABFLOW018,Oil,,5.850200756480239,5.850200756480239
Finland,1994,1A2C,ABFLOW017,Coal,,5.822718896608079,5.822718896608079
Finland,1994,1A2C,ABFLOW017,Natural gas,,6.583146700777431,6.583146700777431
Finland,1994,1A2C,ABFLOW017,Oil,,5.850200756480239,5.850200756480239
Finland,1994,1A2D,ABFLOW023,Coal,,5.822718896608079,5.822718896608079
Finland,1994,1A2D,ABFLOW023,Natural gas,,6.583146700777431,6.583146700777431
Finland,1994,1A2D,ABFLOW023,Oil,,5.850200756480239,5.850200756480239
Finland,1994,1A2E,ABFLOW022,Coal,,5.822718896608079,5.822718896608079
Finland,1994,1A2E,ABFLOW022,Natural gas,,6.583146700777431,6.583146700777431
Finland,1994,1A2E,ABFLOW022,Oil,,5.850200756480239,5.850200756480239
Finland,1994,1A2F,ABFLOW019,Coal,,5.822718896608079,5.822718896608079
Finland,1994,1A2F,ABFLOW019,Natural gas,,6.583146700777431,6.583146700777431
Finland,1994,1A2F,ABFLOW019,Oil,,5.850200756480239,5.850200756480239
Finland,1994,1A2G,ABFLOW020,Coal,,5.822718896608079,5.822718896608079
Finland,1994,1A2G,ABFLOW020,Natural gas,,6.583146700777431,6.583146700777431
Finland,1994,1A2G,ABFLOW020,Oil,,5.850200756480239,5.850200756480239
Finland,1994,1A2H,ABFLOW021,Coal,,5.822718896608079,5.822718896608079
Finland,1994,1A2H,ABFLOW021,Natural gas,,6.583146700777431,6.583146700777431
Finland,1994,1A2H,ABFLOW021,Oil,,5.850200756480239,5.850200756480239
Finland,1994,1A2I,ABFLOW013,Coal,,5.822718896608079,5.822718896608079
Finland,1994,1A2I,ABFLOW013,Natural gas,,6.583146700777431,6.583146700777431
Finland,1994,1A2I,ABFLOW013,Oil,,5.850200756480239,5.850200756480239
Finland,1994,1A2J,ABFLOW024,Coal,,5.822718896608079,5.822718896608079
Finland,1994,1A2J,ABFLOW024,Natural gas,,6.583146700777431,6.583146700777431
Finland,1994,1A2J,ABFLOW024,Oil,,5.850200756480239,5.850200756480239
Finland,1994,1A2K,ABFLOW014,Coal,,5.822718896608079,5.822718896608079
Finland,1994,1A2K,ABFLOW014,Natural gas,,6.583146700777431,6.583146700777431
Finland,1994,1A2K,ABFLOW014,Oil,,5.850200756480239,5.850200756480239
Finland,1994,1A2L,ABFLOW025,Coal,,5.822718896608079,5.822718896608079
Finland,1994,1A2L,ABFLOW025,Natural gas,,6.583146700777431,6.583146700777431
Finland,1994,1A2L,ABFLOW025,Oil,,5.850200756480239,5.850200756480239
Finland,1994,1A2M,ABFLOW026,Coal,,5.822718896608079,5.822718896608079
Finland,1994,1A2M,ABFLOW026,Natural gas,,6.583146700777431,6.583146700777431
Finland,1994,1A2M,ABFLOW026,Oil,,5.850200756480239,5.850200756480239
Finland,1994,1A3,ABFLOW027,Coal,,,0.0
Finland,1994,1A3,ABFLOW027,Natural gas,,,0.0
Finland,1994,1A3,ABFLOW027,Oil,,,0.0
Finland,1994,1A3A1,ABFLOW040,Coal,,,0.0
Finland,1994,1A3A1,ABFLOW040,Natural gas,,,0.0
Finland,1994,1A3A1,ABFLOW040,Oil,,,0.0
Finland,1994,1A3A2,ABFLOW029,Coal,,5.822718896608079,5.822718896608079
Finland,1994,1A3A2,ABFLOW029,Natural gas,,6.583146700777431,6.583146700777431
Finland,1994,1A3A2,ABFLOW029,Oil,,5.850200756480239,5.850200756480239
Finland,1994,1A3B,ABFLOW028,Coal,,5.822718896608079,5.822718896608079
Finland,1994,1A3B,ABFLOW028,Natural gas,,6.583146700777431,6.583146700777431
Finland,1994,1A3B,ABFLOW028,Oil,,5.850200756480239,5.850200756480239
Finland,1994,1A3C,ABFLOW030,Coal,,,0.0
Finland,1994,1A3C,ABFLOW030,Natural gas,,,0.0
Finland,1994,1A3C,ABFLOW030,Oil,,,0.0
Finland,1994,1A3D1,ABFLOW039,Coal,,,0.0
Finland,1994,1A3D1,ABFLOW039,Natural gas,,,0.0
Finland,1994,1A3D1,ABFLOW039,Oil,,,0.0
Finland,1994,1A3D2,ABFLOW032,Coal,,,0.0
Finland,1994,1A3D2,ABFLOW032,Natural gas,,,0.0
Finland,1994,1A3D2,ABFLOW032,Oil,,,0.0
Finland,1994,1A3E1,ABFLOW033,Coal,,,0.0
Finland,1994,1A3E1,ABFLOW033,Natural gas,,,0.0
Finland,1994,1A3E1,ABFLOW033,Oil,,,0.0
Finland,1994,1A4A,ABFLOW035,Coal,,5.822718896608079,5.822718896608079
Finland,1994,1A4A,ABFLOW035,Natural gas,,6.583146700777431,6.583146700777431
Finland,1994,1A4A,ABFLOW035,Oil,,5.850200756480239,5.850200756480239
Finland,1994,1A4B,ABFLOW034,Coal,,5.822718896608079,5.822718896608079
Finland,1994,1A4B,ABFLOW034,Natural gas,,6.583146700777431,6.583146700777431
Finland,1994,1A4B,ABFLOW034,Oil,,5.850200756480239,5.850200756480239
Finland,1994,1A4C1,ABFLOW036,Coal,,5.822718896608079,5.822718896608079
Finland,1994,1A4C1,ABFLOW036,Natural gas,,6.583146700777431,6.583146700777431
Finland,1994,1A4C1,ABFLOW036,Oil,,5.850200756480239,5.850200756480239
Finland,1994,1A4C2,ABFLOW037,Coal,,5.822718896608079,5.822718896608079
Finland,1994,1A4C2,ABFLOW037,Natural gas,,6.583146700777431,6.583146700777431
Finland,1994,1A4C2,ABFLOW037,Oil,,5.850200756480239,5.850200756480239
Finland,1994,1A5,ABFLOW038,Coal,,,0.0
Finland,1994,1A5,ABFLOW038,Natural gas,,,0.0
Finland,1994,1A5,ABFLOW038,Oil,,,0.0
Finland,1995,1A,ABFLOW001,Coal,,,0.0
Finland,1995,1A,ABFLOW001,Natural gas,,,0.0
Finland,1995,1A,ABFLOW001,Oil,,,0.0
Finland,1995,1A1A,ABFLOW002,Coal,,,0.0
Finland,1995,1A1A,ABFLOW002,Natural gas,,,0.0
Finland,1995,1A1A,ABFLOW002,Oil,,,0.0
Finland,1995,1A1A1,ABFLOW003,Coal,,,0.0
Finland,1995,1A1A1,ABFLOW003,Natural gas,,,0.0
Finland,1995,1A1A1,ABFLOW003,Oil,,,0.0
Finland,1995,1A1A2,ABFLOW004,Coal,,,0.0
Finland,1995,1A1A2,ABFLOW004,Natural gas,,,0.0
Finland,1995,1A1A2,ABFLOW004,Oil,,,0.0
Finland,1995,1A1A3,ABFLOW005,Coal,,,0.0
Finland,1995,1A1A3,ABFLOW005,Natural gas,,,0.0
Finland,1995,1A1A3,ABFLOW005,Oil,,,0.0
Finland,1995,1A1B,ABFLOW011,Coal,,9.657747300243162,9.657747300243162
Finland,1995,1A1B,ABFLOW011,Natural gas,,5.445417798745813,5.445417798745813
Finland,1995,1A1B,ABFLOW011,Oil,,9.933023592911416,9.933023592911416
Finland,1995,1A1C,ABFLOW011,Coal,,9.657747300243162,9.657747300243162
Finland,1995,1A1C,ABFLOW011,Natural gas,,5.445417798745813,5.445417798745813
Finland,1995,1A1C,ABFLOW011,Oil,,9.933023592911416,9.933023592911416
Finland,1995,1A2,ABFLOW012,Coal,,,0.0
Finland,1995,1A2,ABFLOW012,Natural gas,,,0.0
Finland,1995,1A2,ABFLOW012,Oil,,,0.0
Finland,1995,1A2A,ABFLOW016,Coal,,9.657747300243162,9.657747300243162
Finland,1995,1A2A,ABFLOW016,Natural gas,,5.445417798745813,5.445417798745813
Finland,1995,1A2A,ABFLOW016,Oil,,9.933023592911416,9.933023592911416
Finland,1995,1A2B,ABFLOW018,Coal,,9.657747300243162,9.657747300243162
Finland,1995,1A2B,ABFLOW018,Natural gas,,5.445417798745813,5.445417798745813
Finland,1995,1A2B,ABFLOW018,Oil,,9.933023592911416,9.933023592911416
Finland,1995,1A2C,ABFLOW017,Coal,,9.657747300243162,9.657747300243162
Finland,1995,1A2C,ABFLOW017,Natural gas,,5.445417798745813,5.445417798745813
Finland,1995,1A2C,ABFLOW017,Oil,,9.933023592911416,9.933023592911416
Finland,1995,1A2D,ABFLOW023,Coal,,9.657747300243162,9.657747300243162
Finland,1995,1A2D,ABFLOW023,Natural gas,,5.445417798745813,5.445417798745813
Finland,1995,1A2D,ABFLOW023,Oil,,9.933023592911416,9.933023592911416
Finland,1995,1A2E,ABFLOW022,Coal,,9.657747300243162,9.657747300243162
Finland,1995,1A2E,ABFLOW022,Natural gas,,5.445417798745813,5.445417798745813
Finland,1995,1A2E,ABFLOW022,Oil,,9.933023592911416,9.933023592911416
Finland,1995,1A2F,ABFLOW019,Coal,,9.657747300243162,9.657747300243162
Finland,1995,1A2F,ABFLOW019,Natural gas,,5.445417798745813,5.445417798745813
Finland,1995,1A2F,ABFLOW019,Oil,,9.933023592911416,9.933023592911416
Finland,1995,1A2G,ABFLOW020,Coal,,9.657747300243162,9.657747300243162
Finland,1995,1A2G,ABFLOW020,Natural gas,,5.445417798745813,5.445417798745813
Finland,1995,1A2G,ABFLOW020,Oil,,9.933023592911416,9.933023592911416
Finland,1995,1A2H,ABFLOW021,Coal,,9.657747300243162,9.657747300243162
Finland,1995,1A2H,ABFLOW021,Natural gas,,5.445417798745813,5.445417798745813
Finland,1995,1A2H,ABFLOW021,Oil,,9.933023592911416,9.933023592911416
Finland,1995,1A2I,ABFLOW013,Coal,,9.657747300243162,9.657747300243162
Finland,1995,1A2I,ABFLOW013,Natural gas,,5.445417798745813,5.445417798745813
Finland,1995,1A2I,ABFLOW013,Oil,,9.933023592911416,9.933023592911416
Finland,1995,1A2J,ABFLOW024,Coal,,9.657747300243162,9.657747300243162
Finland,1995,1A2J,ABFLOW024,Natural gas,,5.445417798745813,5.445417798745813
Finland,1995,1A2J,ABFLOW024,Oil,,9.933023592911416,9.933023592911416
Finland,1995,1A2K,ABFLOW014,Coal,,9.657747300243162,9.657747300243162
Finland,1995,1A2K,ABFLOW014,Natural gas,,5.445417798745813,5.445417798745813
Finland,1995,1A2K,ABFLOW014,Oil,,9.933023592911416,9.933023592911416
Finland,1995,1A2L,ABFLOW025,Coal,,9.657747300243162,9.657747300243162
Finland,1995,1A2L,ABFLOW025,Natural gas,,5.445417798745813,5.445417798745813
Finland,1995,1A2L,ABFLOW025,Oil,,9.933023592911416,9.933023592911416
Finland,1995,1A2M,ABFLOW026,Coal,,9.657747300243162,9.657747300243162
Finland,1995,1A2M,ABFLOW026,Natural gas,,5.445417798745813,5.445417798745813
Finland,1995,1A2M,ABFLOW026,Oil,,9.933023592911416,9.933023592911416
Finland,1995,1A3,ABFLOW027,Coal,,,0.0
Finland,1995,1A3,ABFLOW027,Natural gas,,,0.0
Finland,1995,1A3,ABFLOW027,Oil,,,0.0
Finland,1995,1A3A1,ABFLOW040,Coal,,,0.0
Finland,1995,1A3A1,ABFLOW040,Natural gas,,,0.0
Finland,1995,1A3A1,ABFLOW040,Oil,,,0.0
Finland,1995,1A3A2,ABFLOW029,Coal,,9.657747300243162,9.657747300243162
Finland,1995,1A3A2,ABFLOW029,Natural gas,,5.445417798745813,5.445417798745813
Finland,1995,1A3A2,ABFLOW029,Oil,,9.933023592911416,9.933023592911416
Finland,1995,1A3B,ABFLOW028,Coal,,9.657747300243162,9.657747300243162
Finland,1995,1A3B,ABFLOW028,Natural gas,,5.445417798745813,5.445417798745813
Finland,1995,1A3B,ABFLOW028,Oil,,9.933023592911416,9.933023592911416
Finland,1995,1A3C,ABFLOW030,Coal,,,0.0
Finland,1995,1A3C,ABFLOW030,Natural gas,,,0.0
Finland,1995,1A3C,ABFLOW030,Oil,,,0.0
Finland,1995,1A3D1,ABFLOW039,Coal,,,0.0
Finland,1995,1A3D1,ABFLOW039,Natural gas,,,0.0
Finland,1995,1A3D1,ABFLOW039,Oil,,,0.0
Finland,1995,1A3D2,ABFLOW032,Coal,,,0.0
Finland,1995,1A3D2,ABFLOW032,Natural gas,,,0.0
Finland,1995,1A3D2,ABFLOW032,Oil,,,0.0
Finland,1995,1A3E1,ABFLOW033,Coal,,,0.0
Finland,1995,1A3E1,ABFLOW033,Natural gas,,,0.0
Finland,1995,1A3E1,ABFLOW033,Oil,,,0.0
Finland,1995,1A4A,ABFLOW035,Coal,,9.657747300243162,9.657747300243162
Finland,1995,1A4A,ABFLOW035,Natural gas,,5.445417798745813,5.445417798745813
Finland,1995,1A4A,ABFLOW035,Oil,,9.933023592911416,9.933023592911416
Finland,1995,1A4B,ABFLOW034,Coal,,9.657747300243162,9.657747300243162
Finland,1995,1A4B,ABFLOW034,Natural gas,,5.445417798745813,5.445417798745813
Finland,1995,1A4B,ABFLOW034,Oil,,9.933023592911416,9.933023592911416
Finland,1995,1A4C1,ABFLOW036,Coal,,9.657747300243162,9.657747300243162
Finland,1995,1A4C1,ABFLOW036,Natural gas,,5.445417798745813,5.445417798745813
Finland,1995,1A4C1,ABFLOW036,Oil,,9.933023592911416,9.933023592911416
Finland,1995,1A4C2,ABFLOW037,Coal,,9.657747300243162,9.657747300243162
Finland,1995,1A4C2,ABFLOW037,Natural gas,,5.445417798745813,5.445417798745813
Finland,1995,1A4C2,ABFLOW037,Oil,,9.933023592911416,9.933023592911416
Finland,1995,1A5,ABFLOW038,Coal,,,0.0
Finland,1995,1A5,ABFLOW038,Natural gas,,,0.0
Finland,1995,1A5,ABFLOW038,Oil,,,0.0
Finland,1996,1A,ABFLOW001,Coal,,,0.0
Finland,1996,1A,ABFLOW001,Natural gas,,,0.0
Finland,1996,1A,ABFLOW001,Oil,,,0.0
Finland,1996,1A1A,ABFLOW002,Coal,,,0.0
Finland,1996,1A1A,ABFLOW002,Natural gas,,,0.0
Finland,1996,1A1A,ABFLOW002,Oil,,,0.0
Finland,1996,1A1A1,ABFLOW003,Coal,,,0.0
Finland,1996,1A1A1,ABFLOW003,Natural gas,,,0.0
Finland,1996,1A1A1,ABFLOW003,Oil,,,0.0
Finland,1996,1A1A2,ABFLOW004,Coal,,,0.0
Finland,1996,1A1A2,ABFLOW004,Natural gas,,,0.0
Finland,1996,1A1A2,ABFLOW004,Oil,,,0.0
Finland,1996,1A1A3,ABFLOW005,Coal,,,0.0
Finland,1996,1A1A3,ABFLOW005,Natural gas,,,0.0
Finland,1996,1A1A3,ABFLOW005,Oil,,,0.0
Finland,1996,1A1B,ABFLOW011,Coal,,9.665610946229046,9.665610946229046
Finland,1996,1A1B,ABFLOW011,Natural gas,,5.449851631655636,5.449851631655636
Finland,1996,1A1B,ABFLOW011,Oil,,9.94111137763758,9.94111137763758
Finland,1996,1A1C,ABFLOW011,Coal,,9.665610946229046,9.665610946229046
Finland,1996,1A1C,ABFLOW011,Natural gas,,5.449851631655636,5.449851631655636
Finland,1996,1A1C,ABFLOW011,Oil,,9.94111137763758,9.94111137763758
Finland,1996,1A2,ABFLOW012,Coal,,,0.0
Finland,1996,1A2,ABFLOW012,Natural gas,,,0.0
Finland,1996,1A2,ABFLOW012,Oil,,,0.0
Finland,1996,1A2A,ABFLOW016,Coal,,9.665610946229046,9.665610946229046
Finland,1996,1A2A,ABFLOW016,Natural gas,,5.449851631655636,5.449851631655636
Finland,1996,1A2A,ABFLOW016,Oil,,9.94111137763758,9.94111137763758
Finland,1996,1A2B,ABFLOW018,Coal,,9.665610946229046,9.665610946229046
Finland,1996,1A2B,ABFLOW018,Natural gas,,5.449851631655636,5.449851631655636
Finland,1996,1A2B,ABFLOW018,Oil,,9.94111137763758,9.94111137763758
Finland,1996,1A2C,ABFLOW017,Coal,,9.665610946229046,9.665610946229046
Finland,1996,1A2C,ABFLOW017,Natural gas,,5.449851631655636,5.449851631655636
Finland,1996,1A2C,ABFLOW017,Oil,,9.94111137763758,9.94111137763758
Finland,1996,1A2D,ABFLOW023,Coal,,9.665610946229046,9.665610946229046
Finland,1996,1A2D,ABFLOW023,Natural gas,,5.449851631655636,5.449851631655636
Finland,1996,1A2D,ABFLOW023,Oil,,9.94111137763758,9.94111137763758
Finland,1996,1A2E,ABFLOW022,Coal,,9.665610946229046,9.665610946229046
Finland,1996,1A2E,ABFLOW022,Natural gas,,5.449851631655636,5.449851631655636
Finland,1996,1A2E,ABFLOW022,Oil,,9.94111137763758,9.94111137763758
Finland,1996,1A2F,ABFLOW019,Coal,,9.665610946229046,9.665610946229046
Finland,1996,1A2F,ABFLOW019,Natural gas,,5.449851631655636,5.449851631655636
Finland,1996,1A2F,ABFLOW019,Oil,,9.94111137763758,9.94111137763758
Finland,1996,1A2G,ABFLOW020,Coal,,9.665610946229046,9.665610946229046
Finland,1996,1A2G,ABFLOW020,Natural gas,,5.449851631655636,5.449851631655636
Finland,1996,1A2G,ABFLOW020,Oil,,9.94111137763758,9.94111137763758
Finland,1996,1A2H,ABFLOW021,Coal,,9.665610946229046,9.665610946229046
Finland,1996,1A2H,ABFLOW021,Natural gas,,5.449851631655636,5.449851631655636
Finland,1996,1A2H,ABFLOW021,Oil,,9.94111137763758,9.94111137763758
Finland,1996,1A2I,ABFLOW013,Coal,,9.665610946229046,9.665610946229046
Finland,1996,1A2I,ABFLOW013,Natural gas,,5.449851631655636,5.449851631655636
Finland,1996,1A2I,ABFLOW013,Oil,,9.94111137763758,9.94111137763758
Finland,1996,1A2J,ABFLOW024,Coal,,9.665610946229046,9.665610946229046
Finland,1996,1A2J,ABFLOW024,Natural gas,,5.449851631655636,5.449851631655636
Finland,1996,1A2J,ABFLOW024,Oil,,9.94111137763758,9.94111137763758
Finland,1996,1A2K,ABFLOW014,Coal,,9.665610946229046,9.665610946229046
Finland,1996,1A2K,ABFLOW014,Natural gas,,5.449851631655636,5.449851631655636
Finland,1996,1A2K,ABFLOW014,Oil,,9.94111137763758,9.94111137763758
Finland,1996,1A2L,ABFLOW025,Coal,,9.665610946229046,9.665610946229046
Finland,1996,1A2L,ABFLOW025,Natural gas,,5.449851631655636,5.449851631655636
Finland,1996,1A2L,ABFLOW025,Oil,,9.94111137763758,9.94111137763758
Finland,1996,1A2M,ABFLOW026,Coal,,9.665610946229046,9.665610946229046
Finland,1996,1A2M,ABFLOW026,Natural gas,,5.449851631655636,5.449851631655636
Finland,1996,1A2M,ABFLOW026,Oil,,9.94111137763758,9.94111137763758
Finland,1996,1A3,ABFLOW027,Coal,,,0.0
Finland,1996,1A3,ABFLOW027,Natural gas,,,0.0
Finland,1996,1A3,ABFLOW027,Oil,,,0.0
Finland,1996,1A3A1,ABFLOW040,Coal,,,0.0
Finland,1996,1A3A1,ABFLOW040,Natural gas,,,0.0
Finland,1996,1A3A1,ABFLOW040,Oil,,,0.0
Finland,1996,1A3A2,ABFLOW029,Coal,,9.665610946229046,9.665610946229046
Finland,1996,1A3A2,ABFLOW029,Natural gas,,5.449851631655636,5.449851631655636
Finland,1996,1A3A2,ABFLOW029,Oil,,9.94111137763758,9.94111137763758
Finland,1996,1A3B,ABFLOW028,Coal,,9.665610946229046,9.665610946229046
Finland,1996,1A3B,ABFLOW028,Natural gas,,5.449851631655636,5.449851631655636
Finland,1996,1A3B,ABFLOW028,Oil,,9.94111137763758,9.94111137763758
Finland,1996,1A3C,ABFLOW030,Coal,,,0.0
Finland,1996,1A3C,ABFLOW030,Natural gas,,,0.0
Finland,1996,1A3C,ABFLOW030,Oil,,,0.0
Finland,1996,1A3D1,ABFLOW039,Coal,,,0.0
Finland,1996,1A3D1,ABFLOW039,Natural gas,,,0.0
Finland,1996,1A3D1,ABFLOW039,Oil,,,0.0
Finland,1996,1A3D2,ABFLOW032,Coal,,,0.0
Finland,1996,1A3D2,ABFLOW032,Natural gas,,,0.0
Finland,1996,1A3D2,ABFLOW032,Oil,,,0.0
Finland,1996,1A3E1,ABFLOW033,Coal,,,0.0
Finland,1996,1A3E1,ABFLOW033,Natural gas,,,0.0
Finland,1996,1A3E1,ABFLOW033,Oil,,,0.0
Finland,1996,1A4A,ABFLOW035,Coal,,9.665610946229046,9.665610946229046
Finland,1996,1A4A,ABFLOW035,Natural gas,,5.449851631655636,5.449851631655636
Finland,1996,1A4A,ABFLOW035,Oil,,9.94111137763758,9.94111137763758
Finland,1996,1A4B,ABFLOW034,Coal,,9.665610946229046,9.665610946229046
Finland,1996,1A4B,ABFLOW034,Natural gas,,5.449851631655636,5.449851631655636
Finland,1996,1A4B,ABFLOW034,Oil,,9.94111137763758,9.94111137763758
Finland,1996,1A4C1,ABFLOW036,Coal,,9.665610946229046,9.665610946229046
Finland,1996,1A4C1,ABFLOW036,Natural gas,,5.449851631655636,5.449851631655636
Finland,1996,1A4C1,ABFLOW036,Oil,,9.94111137763758,9.94111137763758
Finland,1996,1A4C2,ABFLOW037,Coal,,9.665610946229046,9.665610946229046
Finland,1996,1A4C2,ABFLOW037,Natural gas,,5.449851631655636,5.449851631655636
Finland,1996,1A4C2,ABFLOW037,Oil,,9.94111137763758,9.94111137763758
Finland,1996,1A5,ABFLOW038,Coal,,,0.0
Finland,1996,1A5,ABFLOW038,Natural gas,,,0.0
Finland,1996,1A5,ABFLOW038,Oil,,,0.0
Finland,1997,1A,ABFLOW001,Coal,,,0.0
Finland,1997,1A,ABFLOW001,Natural gas,,,0.0
Finland,1997,1A,ABFLOW001,Oil,,,0.0
Finland,1997,1A1A,ABFLOW002,Coal,,,0.0
Finland,1997,1A1A,ABFLOW002,Natural gas,,,0.0
Finland,1997,1A1A,ABFLOW002,Oil,,,0.0
Finland,1997,1A1A1,ABFLOW003,Coal,,,0.0
Finland,1997,1A1A1,ABFLOW003,Natural gas,,,0.0
Finland,1997,1A1A1,ABFLOW003,Oil,,,0.0
Finland,1997,1A1A2,ABFLOW004,Coal,,,0.0
Finland,1997,1A1A2,ABFLOW004,Natural gas,,,0.0
Finland,1997,1A1A2,ABFLOW004,Oil,,,0.0
Finland,1997,1A1A3,ABFLOW005,Coal,,,0.0
Finland,1997,1A1A3,ABFLOW005,Natural gas,,,0.0
Finland,1997,1A1A3,ABFLOW005,Oil,,,0.0
Finland,1997,1A1B,ABFLOW011,Coal,,18.37070062566952,18.37070062566952
Finland,1997,1A1B,ABFLOW011,Natural gas,,9.021190203114513,9.021190203114513
Finland,1997,1A1B,ABFLOW011,Oil,,17.500214695326925,17.500214695326925
Finland,1997,1A1C,ABFLOW011,Coal,,18.37070062566952,18.37070062566952
Finland,1997,1A1C,ABFLOW011,Natural gas,,9.021190203114513,9.021190203114513
Finland,1997,1A1C,ABFLOW011,Oil,,17.500214695326925,17.500214695326925
Finland,1997,1A2,ABFLOW012,Coal,,,0.0
Finland,1997,1A2,ABFLOW012,Natural gas,,,0.0
Finland,1997,1A2,ABFLOW012,Oil,,,0.0
Finland,1997,1A2A,ABFLOW016,Coal,,18.37070062566952,18.37070062566952
Finland,1997,1A2A,ABFLOW016,Natural gas,,9.021190203114513,9.021190203114513
Finland,1997,1A2A,ABFLOW016,Oil,,17.500214695326925,17.500214695326925
Finland,1997,1A2B,ABFLOW018,Coal,,18.37070062566952,18.37070062566952
Finland,1997,1A2B,ABFLOW018,Natural gas,,9.021190203114513,9.021190203114513
Finland,1997,1A2B,ABFLOW018,Oil,,17.500214695326925,17.500214695326925
Finland,1997,1A2C,ABFLOW017,Coal,,18.37070062566952,18.37070062566952
Finland,1997,1A2C,ABFLOW017,Natural gas,,9.021190203114513,9.021190203114513
Finland,1997,1A2C,ABFLOW017,Oil,,17.500214695326925,17.500214695326925
Finland,1997,1A2D,ABFLOW023,Coal,,18.37070062566952,18.37070062566952
Finland,1997,1A2D,ABFLOW023,Natural gas,,9.021190203114513,9.021190203114513
Finland,1997,1A2D,ABFLOW023,Oil,,17.500214695326925,17.500214695326925
Finland,1997,1A2E,ABFLOW022,Coal,,18.37070062566952,18.37070062566952
Finland,1997,1A2E,ABFLOW022,Natural gas,,9.021190203114513,9.021190203114513
Finland,1997,1A2E,ABFLOW022,Oil,,17.500214695326925,17.500214695326925
Finland,1997,1A2F,ABFLOW019,Coal,,18.37070062566952,18.37070062566952
Finland,1997,1A2F,ABFLOW019,Natural gas,,9.021190203114513,9.021190203114513
Finland,1997,1A2F,ABFLOW019,Oil,,17.500214695326925,17.500214695326925
Finland,1997,1A2G,ABFLOW020,Coal,,18.37070062566952,18.37070062566952
Finland,1997,1A2G,ABFLOW020,Natural gas,,9.021190203114513,9.021190203114513
Finland,1997,1A2G,ABFLOW020,Oil,,17.500214695326925,17.500214695326925
Finland,1997,1A2H,ABFLOW021,Coal,,18.37070062566952,18.37070062566952
Finland,1997,1A2H,ABFLOW021,Natural gas,,9.021190203114513,9.021190203114513
Finland,1997,1A2H,ABFLOW021,Oil,,17.500214695326925,17.500214695326925
Finland,1997,1A2I,ABFLOW013,Coal,,18.37070062566952,18.37070062566952
Finland,1997,1A2I,ABFLOW013,Natural gas,,9.021190203114513,9.021190203114513
Finland,1997,1A2I,ABFLOW013,Oil,,17.500214695326925,17.500214695326925
Finland,1997,1A2J,ABFLOW024,Coal,,18.37070062566952,18.37070062566952
Finland,1997,1A2J,ABFLOW024,Natural gas,,9.021190203114513,9.021190203114513
Finland,1997,1A2J,ABFLOW024,Oil,,17.500214695326925,17.500214695326925
Finland,1997,1A2K,ABFLOW014,Coal,,18.37070062566952,18.37070062566952
Finland,1997,1A2K,ABFLOW014,Natural gas,,9.021190203114513,9.021190203114513
Finland,1997,1A2K,ABFLOW014,Oil,,17.500214695326925,17.500214695326925
Finland,1997,1A2L,ABFLOW025,Coal,,18.37070062566952,18.37070062566952
Finland,1997,1A2L,ABFLOW025,Natural gas,,9.021190203114513,9.021190203114513
Finland,1997,1A2L,ABFLOW025,Oil,,17.500214695326925,17.500214695326925
Finland,1997,1A2M,ABFLOW026,Coal,,18.37070062566952,18.37070062566952
Finland,1997,1A2M,ABFLOW026,Natural gas,,9.021190203114513,9.021190203114513
Finland,1997,1A2M,ABFLOW026,Oil,,17.500214695326925,17.500214695326925
Finland,1997,1A3,ABFLOW027,Coal,,,0.0
Finland,1997,1A3,ABFLOW027,Natural gas,,,0.0
Finland,1997,1A3,ABFLOW027,Oil,,,0.0
Finland,1997,1A3A1,ABFLOW040,Coal,,,0.0
Finland,1997,1A3A1,ABFLOW040,Natural gas,,,0.0
Finland,1997,1A3A1,ABFLOW040,Oil,,,0.0
Finland,1997,1A3A2,ABFLOW029,Coal,,18.37070062566952,18.37070062566952
Finland,1997,1A3A2,ABFLOW029,Natural gas,,9.021190203114513,9.021190203114513
Finland,1997,1A3A2,ABFLOW029,Oil,,17.500214695326925,17.500214695326925
Finland,1997,1A3B,ABFLOW028,Coal,,18.37070062566952,18.37070062566952
Finland,1997,1A3B,ABFLOW028,Natural gas,,9.021190203114513,9.021190203114513
Finland,1997,1A3B,ABFLOW028,Oil,,17.500214695326925,17.500214695326925
Finland,1997,1A3C,ABFLOW030,Coal,,,0.0
Finland,1997,1A3C,ABFLOW030,Natural gas,,,0.0
Finland,1997,1A3C,ABFLOW030,Oil,,,0.0
Finland,1997,1A3D1,ABFLOW039,Coal,,,0.0
Finland,1997,1A3D1,ABFLOW039,Natural gas,,,0.0
Finland,1997,1A3D1,ABFLOW039,Oil,,,0.0
Finland,1997,1A3D2,ABFLOW032,Coal,,,0.0
Finland,1997,1A3D2,ABFLOW032,Natural gas,,,0.0
Finland,1997,1A3D2,ABFLOW032,Oil,,,0.0
Finland,1997,1A3E1,ABFLOW033,Coal,,,0.0
Finland,1997,1A3E1,ABFLOW033,Natural gas,,,0.0
Finland,1997,1A3E1,ABFLOW033,Oil,,,0.0
Finland,1997,1A4A,ABFLOW035,Coal,,18.37070062566952,18.37070062566952
Finland,1997,1A4A,ABFLOW035,Natural gas,,9.021190203114513,9.021190203114513
Finland,1997,1A4A,ABFLOW035,Oil,,17.500214695326925,17.500214695326925
Finland,1997,1A4B,ABFLOW034,Coal,,18.37070062566952,18.37070062566952
Finland,1997,1A4B,ABFLOW034,Natural gas,,9.021190203114513,9.021190203114513
Finland,1997,1A4B,ABFLOW034,Oil,,17.500214695326925,17.500214695326925
Finland,1997,1A4C1,ABFLOW036,Coal,,18.37070062566952,18.37070062566952
Finland,1997,1A4C1,ABFLOW036,Natural gas,,9.021190203114513,9.021190203114513
Finland,1997,1A4C1,ABFLOW036,Oil,,17.500214695326925,17.500214695326925
Finland,1997,1A4C2,ABFLOW037,Coal,,18.37070062566952,18.37070062566952
Finland,1997,1A4C2,ABFLOW037,Natural gas,,9.021190203114513,9.021190203114513
Finland,1997,1A4C2,ABFLOW037,Oil,,17.500214695326925,17.500214695326925
Finland,1997,1A5,ABFLOW038,Coal,,,0.0
Finland,1997,1A5,ABFLOW038,Natural gas,,,0.0
Finland,1997,1A5,ABFLOW038,Oil,,,0.0
Finland,1998,1A,ABFLOW001,Coal,,,0.0
Finland,1998,1A,ABFLOW001,Natural gas,,,0.0
Finland,1998,1A,ABFLOW001,Oil,,,0.0
Finland,1998,1A1A,ABFLOW002,Coal,,,0.0
Finland,1998,1A1A,ABFLOW002,Natural gas,,,0.0
Finland,1998,1A1A,ABFLOW002,Oil,,,0.0
Finland,1998,1A1A1,ABFLOW003,Coal,,,0.0
Finland,1998,1A1A1,ABFLOW003,Natural gas,,,0.0
Finland,1998,1A1A1,ABFLOW003,Oil,,,0.0
Finland,1998,1A1A2,ABFLOW004,Coal,,,0.0
Finland,1998,1A1A2,ABFLOW004,Natural gas,,,0.0
Finland,1998,1A1A2,ABFLOW004,Oil,,,0.0
Finland,1998,1A1A3,ABFLOW005,Coal,,,0.0
Finland,1998,1A1A3,ABFLOW005,Natural gas,,,0.0
Finland,1998,1A1A3,ABFLOW005,Oil,,,0.0
Finland,1998,1A1B,ABFLOW011,Coal,,22.605375683127185,22.605375683127185
Finland,1998,1A1B,ABFLOW011,Natural gas,,11.045425084561652,11.045425084561652
Finland,1998,1A1B,ABFLOW011,Oil,,21.71860352946524,21.71860352946524
Finland,1998,1A1C,ABFLOW011,Coal,,22.605375683127185,22.605375683127185
Finland,1998,1A1C,ABFLOW011,Natural gas,,11.045425084561652,11.045425084561652
Finland,1998,1A1C,ABFLOW011,Oil,,21.71860352946524,21.71860352946524
Finland,1998,1A2,ABFLOW012,Coal,,,0.0
Finland,1998,1A2,ABFLOW012,Natural gas,,,0.0
Finland,1998,1A2,ABFLOW012,Oil,,,0.0
Finland,1998,1A2A,ABFLOW016,Coal,,22.605375683127185,22.605375683127185
Finland,1998,1A2A,ABFLOW016,Natural gas,,11.045425084561652,11.045425084561652
Finland,1998,1A2A,ABFLOW016,Oil,,21.71860352946524,21.71860352946524
Finland,1998,1A2B,ABFLOW018,Coal,,22.605375683127185,22.605375683127185
Finland,1998,1A2B,ABFLOW018,Natural gas,,11.045425084561652,11.045425084561652
Finland,1998,1A2B,ABFLOW018,Oil,,21.71860352946524,21.71860352946524
Finland,1998,1A2C,ABFLOW017,Coal,,22.605375683127185,22.605375683127185
Finland,1998,1A2C,ABFLOW017,Natural gas,,11.045425084561652,11.045425084561652
Finland,1998,1A2C,ABFLOW017,Oil,,21.71860352946524,21.71860352946524
Finland,1998,1A2D,ABFLOW023,Coal,,22.605375683127185,22.605375683127185
Finland,1998,1A2D,ABFLOW023,Natural gas,,11.045425084561652,11.045425084561652
Finland,1998,1A2D,ABFLOW023,Oil,,21.71860352946524,21.71860352946524
Finland,1998,1A2E,ABFLOW022,Coal,,22.605375683127185,22.605375683127185
Finland,1998,1A2E,ABFLOW022,Natural gas,,11.045425084561652,11.045425084561652
Finland,1998,1A2E,ABFLOW022,Oil,,21.71860352946524,21.71860352946524
Finland,1998,1A2F,ABFLOW019,Coal,,22.605375683127185,22.605375683127185
Finland,1998,1A2F,ABFLOW019,Natural gas,,11.045425084561652,11.045425084561652
Finland,1998,1A2F,ABFLOW019,Oil,,21.71860352946524,21.71860352946524
Finland,1998,1A2G,ABFLOW020,Coal,,22.605375683127185,22.605375683127185
Finland,1998,1A2G,ABFLOW020,Natural gas,,11.045425084561652,11.045425084561652
Finland,1998,1A2G,ABFLOW020,Oil,,21.71860352946524,21.71860352946524
Finland,1998,1A2H,ABFLOW021,Coal,,22.605375683127185,22.605375683127185
Finland,1998,1A2H,ABFLOW021,Natural gas,,11.045425084561652,11.045425084561652
Finland,1998,1A2H,ABFLOW021,Oil,,21.71860352946524,21.71860352946524
Finland,1998,1A2I,ABFLOW013,Coal,,22.605375683127185,22.605375683127185
Finland,1998,1A2I,ABFLOW013,Natural gas,,11.045425084561652,11.045425084561652
Finland,1998,1A2I,ABFLOW013,Oil,,21.71860352946524,21.71860352946524
Finland,1998,1A2J,ABFLOW024,Coal,,22.605375683127185,22.605375683127185
Finland,1998,1A2J,ABFLOW024,Natural gas,,11.045425084561652,11.045425084561652
Finland,1998,1A2J,ABFLOW024,Oil,,21.71860352946524,21.71860352946524
Finland,1998,1A2K,ABFLOW014,Coal,,22.605375683127185,22.605375683127185
Finland,1998,1A2K,ABFLOW014,Natural gas,,11.045425084561652,11.045425084561652
Finland,1998,1A2K,ABFLOW014,Oil,,21.71860352946524,21.71860352946524
Finland,1998,1A2L,ABFLOW025,Coal,,22.605375683127185,22.605375683127185
Finland,1998,1A2L,ABFLOW025,Natural gas,,11.045425084561652,11.045425084561652
Finland,1998,1A2L,ABFLOW025,Oil,,21.71860352946524,21.71860352946524
Finland,1998,1A2M,ABFLOW026,Coal,,22.605375683127185,22.605375683127185
Finland,1998,1A2M,ABFLOW026,Natural gas,,11.045425084561652,11.045425084561652
Finland,1998,1A2M,ABFLOW026,Oil,,21.71860352946524,21.71860352946524
Finland,1998,1A3,ABFLOW027,Coal,,,0.0
Finland,1998,1A3,ABFLOW027,Natural gas,,,0.0
Finland,1998,1A3,ABFLOW027,Oil,,,0.0
Finland,1998,1A3A1,ABFLOW040,Coal,,,0.0
Finland,1998,1A3A1,ABFLOW040,Natural gas,,,0.0
Finland,1998,1A3A1,ABFLOW040,Oil,,,0.0
Finland,1998,1A3A2,ABFLOW029,Coal,,22.605375683127185,22.605375683127185
Finland,1998,1A3A2,ABFLOW029,Natural gas,,11.045425084561652,11.045425084561652
Finland,1998,1A3A2,ABFLOW029,Oil,,21.71860352946524,21.71860352946524
Finland,1998,1A3B,ABFLOW028,Coal,,22.605375683127185,22.605375683127185
Finland,1998,1A3B,ABFLOW028,Natural gas,,11.045425084561652,11.045425084561652
Finland,1998,1A3B,ABFLOW028,Oil,,21.71860352946524,21.71860352946524
Finland,1998,1A3C,ABFLOW030,Coal,,,0.0
Finland,1998,1A3C,ABFLOW030,Natural gas,,,0.0
Finland,1998,1A3C,ABFLOW030,Oil,,,0.0
Finland,1998,1A3D1,ABFLOW039,Coal,,,0.0
Finland,1998,1A3D1,ABFLOW039,Natural gas,,,0.0
Finland,1998,1A3D1,ABFLOW039,Oil,,,0.0
Finland,1998,1A3D2,ABFLOW032,Coal,,,0.0
Finland,1998,1A3D2,ABFLOW032,Natural gas,,,0.0
Finland,1998,1A3D2,ABFLOW032,Oil,,,0.0
Finland,1998,1A3E1,ABFLOW033,Coal,,,0.0
Finland,1998,1A3E1,ABFLOW033,Natural gas,,,0.0
Finland,1998,1A3E1,ABFLOW033,Oil,,,0.0
Finland,1998,1A4A,ABFLOW035,Coal,,22.605375683127185,22.605375683127185
Finland,1998,1A4A,ABFLOW035,Natural gas,,11.045425084561652,11.045425084561652
Finland,1998,1A4A,ABFLOW035,Oil,,21.71860352946524,21.71860352946524
Finland,1998,1A4B,ABFLOW034,Coal,,22.605375683127185,22.605375683127185
Finland,1998,1A4B,ABFLOW034,Natural gas,,11.045425084561652,11.045425084561652
Finland,1998,1A4B,ABFLOW034,Oil,,21.71860352946524,21.71860352946524
Finland,1998,1A4C1,ABFLOW036,Coal,,22.605375683127185,22.605375683127185
Finland,1998,1A4C1,ABFLOW036,Natural gas,,11.045425084561652,11.045425084561652
Finland,1998,1A4C1,ABFLOW036,Oil,,21.71860352946524,21.71860352946524
Finland,1998,1A4C2,ABFLOW037,Coal,,22.605375683127185,22.605375683127185
Finland,1998,1A4C2,ABFLOW037,Natural gas,,11.045425084561652,11.045425084561652
Finland,1998,1A4C2,ABFLOW037,Oil,,21.71860352946524,21.71860352946524
Finland,1998,1A5,ABFLOW038,Coal,,,0.0
Finland,1998,1A5,ABFLOW038,Natural gas,,,0.0
Finland,1998,1A5,ABFLOW038,Oil,,,0.0
Finland,1999,1A,ABFLOW001,Coal,,,0.0
Finland,1999,1A,ABFLOW001,Natural gas,,,0.0
Finland,1999,1A,ABFLOW001,Oil,,,0.0
Finland,1999,1A1A,ABFLOW002,Coal,,,0.0
Finland,1999,1A1A,ABFLOW002,Natural gas,,,0.0
Finland,1999,1A1A,ABFLOW002,Oil,,,0.0
Finland,1999,1A1A1,ABFLOW003,Coal,,,0.0
Finland,1999,1A1A1,ABFLOW003,Natural gas,,,0.0
Finland,1999,1A1A1,ABFLOW003,Oil,,,0.0
Finland,1999,1A1A2,ABFLOW004,Coal,,,0.0
Finland,1999,1A1A2,ABFLOW004,Natural gas,,,0.0
Finland,1999,1A1A2,ABFLOW004,Oil,,,0.0
Finland,1999,1A1A3,ABFLOW005,Coal,,,0.0
Finland,1999,1A1A3,ABFLOW005,Natural gas,,,0.0
Finland,1999,1A1A3,ABFLOW005,Oil,,,0.0
Finland,1999,1A1B,ABFLOW011,Coal,,25.697171385404843,25.697171385404843
Finland,1999,1A1B,ABFLOW011,Natural gas,,12.57629236331987,12.57629236331987
Finland,1999,1A1B,ABFLOW011,Oil,,24.41138107765935,24.41138107765935
Finland,1999,1A1C,ABFLOW011,Coal,,25.697171385404843,25.697171385404843
Finland,1999,1A1C,ABFLOW011,Natural gas,,12.57629236331987,12.57629236331987
Finland,1999,1A1C,ABFLOW011,Oil,,24.41138107765935,24.41138107765935
Finland,1999,1A2,ABFLOW012,Coal,,,0.0
Finland,1999,1A2,ABFLOW012,Natural gas,,,0.0
Finland,1999,1A2,ABFLOW012,Oil,,,0.0
Finland,1999,1A2A,ABFLOW016,Coal,,25.697171385404843,25.697171385404843
Finland,1999,1A2A,ABFLOW016,Natural gas,,12.57629236331987,12.57629236331987
Finland,1999,1A2A,ABFLOW016,Oil,,24.41138107765935,24.41138107765935
Finland,1999,1A2B,ABFLOW018,Coal,,25.697171385404843,25.697171385404843
Finland,1999,1A2B,ABFLOW018,Natural gas,,12.57629236331987,12.57629236331987
Finland,1999,1A2B,ABFLOW018,Oil,,24.41138107765935,24.41138107765935
Finland,1999,1A2C,ABFLOW017,Coal,,25.697171385404843,25.697171385404843
Finland,1999,1A2C,ABFLOW017,Natural gas,,12.57629236331987,12.57629236331987
Finland,1999,1A2C,ABFLOW017,Oil,,24.41138107765935,24.41138107765935
Finland,1999,1A2D,ABFLOW023,Coal,,25.697171385404843,25.697171385404843
Finland,1999,1A2D,ABFLOW023,Natural gas,,12.57629236331987,12.57629236331987
Finland,1999,1A2D,ABFLOW023,Oil,,24.41138107765935,24.41138107765935
Finland,1999,1A2E,ABFLOW022,Coal,,25.697171385404843,25.697171385404843
Finland,1999,1A2E,ABFLOW022,Natural gas,,12.57629236331987,12.57629236331987
Finland,1999,1A2E,ABFLOW022,Oil,,24.41138107765935,24.41138107765935
Finland,1999,1A2F,ABFLOW019,Coal,,25.697171385404843,25.697171385404843
Finland,1999,1A2F,ABFLOW019,Natural gas,,12.57629236331987,12.57629236331987
Finland,1999,1A2F,ABFLOW019,Oil,,24.41138107765935,24.41138107765935
Finland,1999,1A2G,ABFLOW020,Coal,,25.697171385404843,25.697171385404843
Finland,1999,1A2G,ABFLOW020,Natural gas,,12.57629236331987,12.57629236331987
Finland,1999,1A2G,ABFLOW020,Oil,,24.41138107765935,24.41138107765935
Finland,1999,1A2H,ABFLOW021,Coal,,25.697171385404843,25.697171385404843
Finland,1999,1A2H,ABFLOW021,Natural gas,,12.57629236331987,12.57629236331987
Finland,1999,1A2H,ABFLOW021,Oil,,24.41138107765935,24.41138107765935
Finland,1999,1A2I,ABFLOW013,Coal,,25.697171385404843,25.697171385404843
Finland,1999,1A2I,ABFLOW013,Natural gas,,12.57629236331987,12.57629236331987
Finland,1999,1A2I,ABFLOW013,Oil,,24.41138107765935,24.41138107765935
Finland,1999,1A2J,ABFLOW024,Coal,,25.697171385404843,25.697171385404843
Finland,1999,1A2J,ABFLOW024,Natural gas,,12.57629236331987,12.57629236331987
Finland,1999,1A2J,ABFLOW024,Oil,,24.41138107765935,24.41138107765935
Finland,1999,1A2K,ABFLOW014,Coal,,25.697171385404843,25.697171385404843
Finland,1999,1A2K,ABFLOW014,Natural gas,,12.57629236331987,12.57629236331987
Finland,1999,1A2K,ABFLOW014,Oil,,24.41138107765935,24.41138107765935
Finland,1999,1A2L,ABFLOW025,Coal,,25.697171385404843,25.697171385404843
Finland,1999,1A2L,ABFLOW025,Natural gas,,12.57629236331987,12.57629236331987
Finland,1999,1A2L,ABFLOW025,Oil,,24.41138107765935,24.41138107765935
Finland,1999,1A2M,ABFLOW026,Coal,,25.697171385404843,25.697171385404843
Finland,1999,1A2M,ABFLOW026,Natural gas,,12.57629236331987,12.57629236331987
Finland,1999,1A2M,ABFLOW026,Oil,,24.41138107765935,24.41138107765935
Finland,1999,1A3,ABFLOW027,Coal,,,0.0
Finland,1999,1A3,ABFLOW027,Natural gas,,,0.0
Finland,1999,1A3,ABFLOW027,Oil,,,0.0
Finland,1999,1A3A1,ABFLOW040,Coal,,,0.0
Finland,1999,1A3A1,ABFLOW040,Natural gas,,,0.0
Finland,1999,1A3A1,ABFLOW040,Oil,,,0.0
Finland,1999,1A3A2,ABFLOW029,Coal,,25.697171385404843,25.697171385404843
Finland,1999,1A3A2,ABFLOW029,Natural gas,,12.57629236331987,12.57629236331987
Finland,1999,1A3A2,ABFLOW029,Oil,,24.41138107765935,24.41138107765935
Finland,1999,1A3B,ABFLOW028,Coal,,25.697171385404843,25.697171385404843
Finland,1999,1A3B,ABFLOW028,Natural gas,,12.57629236331987,12.57629236331987
Finland,1999,1A3B,ABFLOW028,Oil,,24.41138107765935,24.41138107765935
Finland,1999,1A3C,ABFLOW030,Coal,,,0.0
Finland,1999,1A3C,ABFLOW030,Natural gas,,,0.0
Finland,1999,1A3C,ABFLOW030,Oil,,,0.0
Finland,1999,1A3D1,ABFLOW039,Coal,,,0.0
Finland,1999,1A3D1,ABFLOW039,Natural gas,,,0.0
Finland,1999,1A3D1,ABFLOW039,Oil,,,0.0
Finland,1999,1A3D2,ABFLOW032,Coal,,,0.0
Finland,1999,1A3D2,ABFLOW032,Natural gas,,,0.0
Finland,1999,1A3D2,ABFLOW032,Oil,,,0.0
Finland,1999,1A3E1,ABFLOW033,Coal,,,0.0
Finland,1999,1A3E1,ABFLOW033,Natural gas,,,0.0
Finland,1999,1A3E1,ABFLOW033,Oil,,,0.0
Finland,1999,1A4A,ABFLOW035,Coal,,25.697171385404843,25.697171385404843
Finland,1999,1A4A,ABFLOW035,Natural gas,,12.57629236331987,12.57629236331987
Finland,1999,1A4A,ABFLOW035,Oil,,24.41138107765935,24.41138107765935
Finland,1999,1A4B,ABFLOW034,Coal,,25.697171385404843,25.697171385404843
Finland,1999,1A4B,ABFLOW034,Natural gas,,12.57629236331987,12.57629236331987
Finland,1999,1A4B,ABFLOW034,Oil,,24.41138107765935,24.41138107765935
Finland,1999,1A4C1,ABFLOW036,Coal,,25.697171385404843,25.697171385404843
Finland,1999,1A4C1,ABFLOW036,Natural gas,,12.57629236331987,12.57629236331987
Finland,1999,1A4C1,ABFLOW036,Oil,,24.41138107765935,24.41138107765935
Finland,1999,1A4C2,ABFLOW037,Coal,,25.697171385404843,25.697171385404843
Finland,1999,1A4C2,ABFLOW037,Natural gas,,12.57629236331987,12.57629236331987
Finland,1999,1A4C2,ABFLOW037,Oil,,24.41138107765935,24.41138107765935
Finland,1999,1A5,ABFLOW038,Coal,,,0.0
Finland,1999,1A5,ABFLOW038,Natural gas,,,0.0
Finland,1999,1A5,ABFLOW038,Oil,,,0.0
Finland,2000,1A,ABFLOW001,Coal,,,0.0
Finland,2000,1A,ABFLOW001,Natural gas,,,0.0
Finland,2000,1A,ABFLOW001,Oil,,,0.0
Finland,2000,1A1A,ABFLOW002,Coal,,,0.0
Finland,2000,1A1A,ABFLOW002,Natural gas,,,0.0
Finland,2000,1A1A,ABFLOW002,Oil,,,0.0
Finland,2000,1A1A1,ABFLOW003,Coal,,,0.0
Finland,2000,1A1A1,ABFLOW003,Natural gas,,,0.0
Finland,2000,1A1A1,ABFLOW003,Oil,,,0.0
Finland,2000,1A1A2,ABFLOW004,Coal,,,0.0
Finland,2000,1A1A2,ABFLOW004,Natural gas,,,0.0
Finland,2000,1A1A2,ABFLOW004,Oil,,,0.0
Finland,2000,1A1A3,ABFLOW005,Coal,,,0.0
Finland,2000,1A1A3,ABFLOW005,Natural gas,,,0.0
Finland,2000,1A1A3,ABFLOW005,Oil,,,0.0
Finland,2000,1A1B,ABFLOW011,Coal,,25.2831864442193,25.2831864442193
Finland,2000,1A1B,ABFLOW011,Natural gas,,12.373686575458011,12.373686575458011
Finland,2000,1A1B,ABFLOW011,Oil,,24.018110393967195,24.018110393967195
Finland,2000,1A1C,ABFLOW011,Coal,,25.2831864442193,25.2831864442193
Finland,2000,1A1C,ABFLOW011,Natural gas,,12.373686575458011,12.373686575458011
Finland,2000,1A1C,ABFLOW011,Oil,,24.018110393967195,24.018110393967195
Finland,2000,1A2,ABFLOW012,Coal,,,0.0
Finland,2000,1A2,ABFLOW012,Natural gas,,,0.0
Finland,2000,1A2,ABFLOW012,Oil,,,0.0
Finland,2000,1A2A,ABFLOW016,Coal,,25.2831864442193,25.2831864442193
Finland,2000,1A2A,ABFLOW016,Natural gas,,12.373686575458011,12.373686575458011
Finland,2000,1A2A,ABFLOW016,Oil,,24.018110393967195,24.018110393967195
Finland,2000,1A2B,ABFLOW018,Coal,,25.2831864442193,25.2831864442193
Finland,2000,1A2B,ABFLOW018,Natural gas,,12.373686575458011,12.373686575458011
Finland,2000,1A2B,ABFLOW018,Oil,,24.018110393967195,24.018110393967195
Finland,2000,1A2C,ABFLOW017,Coal,,25.2831864442193,25.2831864442193
Finland,2000,1A2C,ABFLOW017,Natural gas,,12.373686575458011,12.373686575458011
Finland,2000,1A2C,ABFLOW017,Oil,,24.018110393967195,24.018110393967195
Finland,2000,1A2D,ABFLOW023,Coal,,25.2831864442193,25.2831864442193
Finland,2000,1A2D,ABFLOW023,Natural gas,,12.373686575458011,12.373686575458011
Finland,2000,1A2D,ABFLOW023,Oil,,24.018110393967195,24.018110393967195
Finland,2000,1A2E,ABFLOW022,Coal,,25.2831864442193,25.2831864442193
Finland,2000,1A2E,ABFLOW022,Natural gas,,12.373686575458011,12.373686575458011
Finland,2000,1A2E,ABFLOW022,Oil,,24.018110393967195,24.018110393967195
Finland,2000,1A2F,ABFLOW019,Coal,,25.2831864442193,25.2831864442193
Finland,2000,1A2F,ABFLOW019,Natural gas,,12.373686575458011,12.373686575458011
Finland,2000,1A2F,ABFLOW019,Oil,,24.018110393967195,24.018110393967195
Finland,2000,1A2G,ABFLOW020,Coal,,25.2831864442193,25.2831864442193
Finland,2000,1A2G,ABFLOW020,Natural gas,,12.373686575458011,12.373686575458011
Finland,2000,1A2G,ABFLOW020,Oil,,24.018110393967195,24.018110393967195
Finland,2000,1A2H,ABFLOW021,Coal,,25.2831864442193,25.2831864442193
Finland,2000,1A2H,ABFLOW021,Natural gas,,12.373686575458011,12.373686575458011
Finland,2000,1A2H,ABFLOW021,Oil,,24.018110393967195,24.018110393967195
Finland,2000,1A2I,ABFLOW013,Coal,,25.2831864442193,25.2831864442193
Finland,2000,1A2I,ABFLOW013,Natural gas,,12.373686575458011,12.373686575458011
Finland,2000,1A2I,ABFLOW013,Oil,,24.018110393967195,24.018110393967195
Finland,2000,1A2J,ABFLOW024,Coal,,25.2831864442193,25.2831864442193
Finland,2000,1A2J,ABFLOW024,Natural gas,,12.373686575458011,12.373686575458011
Finland,2000,1A2J,ABFLOW024,Oil,,24.018110393967195,24.018110393967195
Finland,2000,1A2K,ABFLOW014,Coal,,25.2831864442193,25.2831864442193
Finland,2000,1A2K,ABFLOW014,Natural gas,,12.373686575458011,12.373686575458011
Finland,2000,1A2K,ABFLOW014,Oil,,24.018110393967195,24.018110393967195
Finland,2000,1A2L,ABFLOW025,Coal,,25.2831864442193,25.2831864442193
Finland,2000,1A2L,ABFLOW025,Natural gas,,12.373686575458011,12.373686575458011
Finland,2000,1A2L,ABFLOW025,Oil,,24.018110393967195,24.018110393967195
Finland,2000,1A2M,ABFLOW026,Coal,,25.2831864442193,25.2831864442193
Finland,2000,1A2M,ABFLOW026,Natural gas,,12.373686575458011,12.373686575458011
Finland,2000,1A2M,ABFLOW026,Oil,,24.018110393967195,24.018110393967195
Finland,2000,1A3,ABFLOW027,Coal,,,0.0
Finland,2000,1A3,ABFLOW027,Natural gas,,,0.0
Finland,2000,1A3,ABFLOW027,Oil,,,0.0
Finland,2000,1A3A1,ABFLOW040,Coal,,,0.0
Finland,2000,1A3A1,ABFLOW040,Natural gas,,,0.0
Finland,2000,1A3A1,ABFLOW040,Oil,,,0.0
Finland,2000,1A3A2,ABFLOW029,Coal,,25.2831864442193,25.2831864442193
Finland,2000,1A3A2,ABFLOW029,Natural gas,,12.373686575458011,12.373686575458011
Finland,2000,1A3A2,ABFLOW029,Oil,,24.018110393967195,24.018110393967195
Finland,2000,1A3B,ABFLOW028,Coal,,25.2831864442193,25.2831864442193
Finland,2000,1A3B,ABFLOW028,Natural gas,,12.373686575458011,12.373686575458011
Finland,2000,1A3B,ABFLOW028,Oil,,24.018110393967195,24.018110393967195
Finland,2000,1A3C,ABFLOW030,Coal,,,0.0
Finland,2000,1A3C,ABFLOW030,Natural gas,,,0.0
Finland,2000,1A3C,ABFLOW030,Oil,,,0.0
Finland,2000,1A3D1,ABFLOW039,Coal,,,0.0
Finland,2000,1A3D1,ABFLOW039,Natural gas,,,0.0
Finland,2000,1A3D1,ABFLOW039,Oil,,,0.0
Finland,2000,1A3D2,ABFLOW032,Coal,,,0.0
Finland,2000,1A3D2,ABFLOW032,Natural gas,,,0.0
Finland,2000,1A3D2,ABFLOW032,Oil,,,0.0
Finland,2000,1A3E1,ABFLOW033,Coal,,,0.0
Finland,2000,1A3E1,ABFLOW033,Natural gas,,,0.0
Finland,2000,1A3E1,ABFLOW033,Oil,,,0.0
Finland,2000,1A4A,ABFLOW035,Coal,,25.2831864442193,25.2831864442193
Finland,2000,1A4A,ABFLOW035,Natural gas,,12.373686575458011,12.373686575458011
Finland,2000,1A4A,ABFLOW035,Oil,,24.018110393967195,24.018110393967195
Finland,2000,1A4B,ABFLOW034,Coal,,25.2831864442193,25.2831864442193
Finland,2000,1A4B,ABFLOW034,Natural gas,,12.373686575458011,12.373686575458011
Finland,2000,1A4B,ABFLOW034,Oil,,24.018110393967195,24.018110393967195
Finland,2000,1A4C1,ABFLOW036,Coal,,25.2831864442193,25.2831864442193
Finland,2000,1A4C1,ABFLOW036,Natural gas,,12.373686575458011,12.373686575458011
Finland,2000,1A4C1,ABFLOW036,Oil,,24.018110393967195,24.018110393967195
Finland,2000,1A4C2,ABFLOW037,Coal,,25.2831864442193,25.2831864442193
Finland,2000,1A4C2,ABFLOW037,Natural gas,,12.373686575458011,12.373686575458011
Finland,2000,1A4C2,ABFLOW037,Oil,,24.018110393967195,24.018110393967195
Finland,2000,1A5,ABFLOW038,Coal,,,0.0
Finland,2000,1A5,ABFLOW038,Natural gas,,,0.0
Finland,2000,1A5,ABFLOW038,Oil,,,0.0
Finland,2001,1A,ABFLOW001,Coal,,,0.0
Finland,2001,1A,ABFLOW001,Natural gas,,,0.0
Finland,2001,1A,ABFLOW001,Oil,,,0.0
Finland,2001,1A1A,ABFLOW002,Coal,,,0.0
Finland,2001,1A1A,ABFLOW002,Natural gas,,,0.0
Finland,2001,1A1A,ABFLOW002,Oil,,,0.0
Finland,2001,1A1A1,ABFLOW003,Coal,,,0.0
Finland,2001,1A1A1,ABFLOW003,Natural gas,,,0.0
Finland,2001,1A1A1,ABFLOW003,Oil,,,0.0
Finland,2001,1A1A2,ABFLOW004,Coal,,,0.0
Finland,2001,1A1A2,ABFLOW004,Natural gas,,,0.0
Finland,2001,1A1A2,ABFLOW004,Oil,,,0.0
Finland,2001,1A1A3,ABFLOW005,Coal,,,0.0
Finland,2001,1A1A3,ABFLOW005,Natural gas,,,0.0
Finland,2001,1A1A3,ABFLOW005,Oil,,,0.0
Finland,2001,1A1B,ABFLOW011,Coal,,24.47439790738241,24.47439790738241
Finland,2001,1A1B,ABFLOW011,Natural gas,,11.977862422409808,11.977862422409808
Finland,2001,1A1B,ABFLOW011,Oil,,23.249790609355355,23.249790609355355
Finland,2001,1A1C,ABFLOW011,Coal,,24.47439790738241,24.47439790738241
Finland,2001,1A1C,ABFLOW011,Natural gas,,11.977862422409808,11.977862422409808
Finland,2001,1A1C,ABFLOW011,Oil,,23.249790609355355,23.249790609355355
Finland,2001,1A2,ABFLOW012,Coal,,,0.0
Finland,2001,1A2,ABFLOW012,Natural gas,,,0.0
Finland,2001,1A2,ABFLOW012,Oil,,,0.0
Finland,2001,1A2A,ABFLOW016,Coal,,24.47439790738241,24.47439790738241
Finland,2001,1A2A,ABFLOW016,Natural gas,,11.977862422409808,11.977862422409808
Finland,2001,1A2A,ABFLOW016,Oil,,23.249790609355355,23.249790609355355
Finland,2001,1A2B,ABFLOW018,Coal,,24.47439790738241,24.47439790738241
Finland,2001,1A2B,ABFLOW018,Natural gas,,11.977862422409808,11.977862422409808
Finland,2001,1A2B,ABFLOW018,Oil,,23.249790609355355,23.249790609355355
Finland,2001,1A2C,ABFLOW017,Coal,,24.47439790738241,24.47439790738241
Finland,2001,1A2C,ABFLOW017,Natural gas,,11.977862422409808,11.977862422409808
Finland,2001,1A2C,ABFLOW017,Oil,,23.249790609355355,23.249790609355355
Finland,2001,1A2D,ABFLOW023,Coal,,24.47439790738241,24.47439790738241
Finland,2001,1A2D,ABFLOW023,Natural gas,,11.977862422409808,11.977862422409808
Finland,2001,1A2D,ABFLOW023,Oil,,23.249790609355355,23.249790609355355
Finland,2001,1A2E,ABFLOW022,Coal,,24.47439790738241,24.47439790738241
Finland,2001,1A2E,ABFLOW022,Natural gas,,11.977862422409808,11.977862422409808
Finland,2001,1A2E,ABFLOW022,Oil,,23.249790609355355,23.249790609355355
Finland,2001,1A2F,ABFLOW019,Coal,,24.47439790738241,24.47439790738241
Finland,2001,1A2F,ABFLOW019,Natural gas,,11.977862422409808,11.977862422409808
Finland,2001,1A2F,ABFLOW019,Oil,,23.249790609355355,23.249790609355355
Finland,2001,1A2G,ABFLOW020,Coal,,24.47439790738241,24.47439790738241
Finland,2001,1A2G,ABFLOW020,Natural gas,,11.977862422409808,11.977862422409808
Finland,2001,1A2G,ABFLOW020,Oil,,23.249790609355355,23.249790609355355
Finland,2001,1A2H,ABFLOW021,Coal,,24.47439790738241,24.47439790738241
Finland,2001,1A2H,ABFLOW021,Natural gas,,11.977862422409808,11.977862422409808
Finland,2001,1A2H,ABFLOW021,Oil,,23.249790609355355,23.249790609355355
Finland,2001,1A2I,ABFLOW013,Coal,,24.47439790738241,24.47439790738241
Finland,2001,1A2I,ABFLOW013,Natural gas,,11.977862422409808,11.977862422409808
Finland,2001,1A2I,ABFLOW013,Oil,,23.249790609355355,23.249790609355355
Finland,2001,1A2J,ABFLOW024,Coal,,24.47439790738241,24.47439790738241
Finland,2001,1A2J,ABFLOW024,Natural gas,,11.977862422409808,11.977862422409808
Finland,2001,1A2J,ABFLOW024,Oil,,23.249790609355355,23.249790609355355
Finland,2001,1A2K,ABFLOW014,Coal,,24.47439790738241,24.47439790738241
Finland,2001,1A2K,ABFLOW014,Natural gas,,11.977862422409808,11.977862422409808
Finland,2001,1A2K,ABFLOW014,Oil,,23.249790609355355,23.249790609355355
Finland,2001,1A2L,ABFLOW025,Coal,,24.47439790738241,24.47439790738241
Finland,2001,1A2L,ABFLOW025,Natural gas,,11.977862422409808,11.977862422409808
Finland,2001,1A2L,ABFLOW025,Oil,,23.249790609355355,23.249790609355355
Finland,2001,1A2M,ABFLOW026,Coal,,24.47439790738241,24.47439790738241
Finland,2001,1A2M,ABFLOW026,Natural gas,,11.977862422409808,11.977862422409808
Finland,2001,1A2M,ABFLOW026,Oil,,23.249790609355355,23.249790609355355
Finland,2001,1A3,ABFLOW027,Coal,,,0.0
Finland,2001,1A3,ABFLOW027,Natural gas,,,0.0
Finland,2001,1A3,ABFLOW027,Oil,,,0.0
Finland,2001,1A3A1,ABFLOW040,Coal,,,0.0
Finland,2001,1A3A1,ABFLOW040,Natural gas,,,0.0
Finland,2001,1A3A1,ABFLOW040,Oil,,,0.0
Finland,2001,1A3A2,ABFLOW029,Coal,,24.47439790738241,24.47439790738241
Finland,2001,1A3A2,ABFLOW029,Natural gas,,11.977862422409808,11.977862422409808
Finland,2001,1A3A2,ABFLOW029,Oil,,23.249790609355355,23.249790609355355
Finland,2001,1A3B,ABFLOW028,Coal,,24.47439790738241,24.47439790738241
Finland,2001,1A3B,ABFLOW028,Natural gas,,11.977862422409808,11.977862422409808
Finland,2001,1A3B,ABFLOW028,Oil,,23.249790609355355,23.249790609355355
Finland,2001,1A3C,ABFLOW030,Coal,,,0.0
Finland,2001,1A3C,ABFLOW030,Natural gas,,,0.0
Finland,2001,1A3C,ABFLOW030,Oil,,,0.0
Finland,2001,1A3D1,ABFLOW039,Coal,,,0.0
Finland,2001,1A3D1,ABFLOW039,Natural gas,,,0.0
Finland,2001,1A3D1,ABFLOW039,Oil,,,0.0
Finland,2001,1A3D2,ABFLOW032,Coal,,,0.0
Finland,2001,1A3D2,ABFLOW032,Natural gas,,,0.0
Finland,2001,1A3D2,ABFLOW032,Oil,,,0.0
Finland,2001,1A3E1,ABFLOW033,Coal,,,0.0
Finland,2001,1A3E1,ABFLOW033,Natural gas,,,0.0
Finland,2001,1A3E1,ABFLOW033,Oil,,,0.0
Finland,2001,1A4A,ABFLOW035,Coal,,24.47439790738241,24.47439790738241
Finland,2001,1A4A,ABFLOW035,Natural gas,,11.977862422409808,11.977862422409808
Finland,2001,1A4A,ABFLOW035,Oil,,23.249790609355355,23.249790609355355
Finland,2001,1A4B,ABFLOW034,Coal,,24.47439790738241,24.47439790738241
Finland,2001,1A4B,ABFLOW034,Natural gas,,11.977862422409808,11.977862422409808
Finland,2001,1A4B,ABFLOW034,Oil,,23.249790609355355,23.249790609355355
Finland,2001,1A4C1,ABFLOW036,Coal,,24.47439790738241,24.47439790738241
Finland,2001,1A4C1,ABFLOW036,Natural gas,,11.977862422409808,11.977862422409808
Finland,2001,1A4C1,ABFLOW036,Oil,,23.249790609355355,23.249790609355355
Finland,2001,1A4C2,ABFLOW037,Coal,,24.47439790738241,24.47439790738241
Finland,2001,1A4C2,ABFLOW037,Natural gas,,11.977862422409808,11.977862422409808
Finland,2001,1A4C2,ABFLOW037,Oil,,23.249790609355355,23.249790609355355
Finland,2001,1A5,ABFLOW038,Coal,,,0.0
Finland,2001,1A5,ABFLOW038,Natural gas,,,0.0
Finland,2001,1A5,ABFLOW038,Oil,,,0.0
Finland,2002,1A,ABFLOW001,Coal,,,0.0
Finland,2002,1A,ABFLOW001,Natural gas,,,0.0
Finland,2002,1A,ABFLOW001,Oil,,,0.0
Finland,2002,1A1A,ABFLOW002,Coal,,,0.0
Finland,2002,1A1A,ABFLOW002,Natural gas,,,0.0
Finland,2002,1A1A,ABFLOW002,Oil,,,0.0
Finland,2002,1A1A1,ABFLOW003,Coal,,,0.0
Finland,2002,1A1A1,ABFLOW003,Natural gas,,,0.0
Finland,2002,1A1A1,ABFLOW003,Oil,,,0.0
Finland,2002,1A1A2,ABFLOW004,Coal,,,0.0
Finland,2002,1A1A2,ABFLOW004,Natural gas,,,0.0
Finland,2002,1A1A2,ABFLOW004,Oil,,,0.0
Finland,2002,1A1A3,ABFLOW005,Coal,,,0.0
Finland,2002,1A1A3,ABFLOW005,Natural gas,,,0.0
Finland,2002,1A1A3,ABFLOW005,Oil,,,0.0
Finland,2002,1A1B,ABFLOW011,Coal,,24.245728349453785,24.245728349453785
Finland,2002,1A1B,ABFLOW011,Natural gas,,11.86595068037524,11.86595068037524
Finland,2002,1A1B,ABFLOW011,Oil,,23.03256282051685,23.03256282051685
Finland,2002,1A1C,ABFLOW011,Coal,,24.245728349453785,24.245728349453785
Finland,2002,1A1C,ABFLOW011,Natural gas,,11.86595068037524,11.86595068037524
Finland,2002,1A1C,ABFLOW011,Oil,,23.03256282051685,23.03256282051685
Finland,2002,1A2,ABFLOW012,Coal,,,0.0
Finland,2002,1A2,ABFLOW012,Natural gas,,,0.0
Finland,2002,1A2,ABFLOW012,Oil,,,0.0
Finland,2002,1A2A,ABFLOW016,Coal,,24.245728349453785,24.245728349453785
Finland,2002,1A2A,ABFLOW016,Natural gas,,11.86595068037524,11.86595068037524
Finland,2002,1A2A,ABFLOW016,Oil,,23.03256282051685,23.03256282051685
Finland,2002,1A2B,ABFLOW018,Coal,,24.245728349453785,24.245728349453785
Finland,2002,1A2B,ABFLOW018,Natural gas,,11.86595068037524,11.86595068037524
Finland,2002,1A2B,ABFLOW018,Oil,,23.03256282051685,23.03256282051685
Finland,2002,1A2C,ABFLOW017,Coal,,24.245728349453785,24.245728349453785
Finland,2002,1A2C,ABFLOW017,Natural gas,,11.86595068037524,11.86595068037524
Finland,2002,1A2C,ABFLOW017,Oil,,23.03256282051685,23.03256282051685
Finland,2002,1A2D,ABFLOW023,Coal,,24.245728349453785,24.245728349453785
Finland,2002,1A2D,ABFLOW023,Natural gas,,11.86595068037524,11.86595068037524
Finland,2002,1A2D,ABFLOW023,Oil,,23.03256282051685,23.03256282051685
Finland,2002,1A2E,ABFLOW022,Coal,,24.245728349453785,24.245728349453785
Finland,2002,1A2E,ABFLOW022,Natural gas,,11.86595068037524,11.86595068037524
Finland,2002,1A2E,ABFLOW022,Oil,,23.03256282051685,23.03256282051685
Finland,2002,1A2F,ABFLOW019,Coal,,24.245728349453785,24.245728349453785
Finland,2002,1A2F,ABFLOW019,Natural gas,,11.86595068037524,11.86595068037524
Finland,2002,1A2F,ABFLOW019,Oil,,23.03256282051685,23.03256282051685
Finland,2002,1A2G,ABFLOW020,Coal,,24.245728349453785,24.245728349453785
Finland,2002,1A2G,ABFLOW020,Natural gas,,11.86595068037524,11.86595068037524
Finland,2002,1A2G,ABFLOW020,Oil,,23.03256282051685,23.03256282051685
Finland,2002,1A2H,ABFLOW021,Coal,,24.245728349453785,24.245728349453785
Finland,2002,1A2H,ABFLOW021,Natural gas,,11.86595068037524,11.86595068037524
Finland,2002,1A2H,ABFLOW021,Oil,,23.03256282051685,23.03256282051685
Finland,2002,1A2I,ABFLOW013,Coal,,24.245728349453785,24.245728349453785
Finland,2002,1A2I,ABFLOW013,Natural gas,,11.86595068037524,11.86595068037524
Finland,2002,1A2I,ABFLOW013,Oil,,23.03256282051685,23.03256282051685
Finland,2002,1A2J,ABFLOW024,Coal,,24.245728349453785,24.245728349453785
Finland,2002,1A2J,ABFLOW024,Natural gas,,11.86595068037524,11.86595068037524
Finland,2002,1A2J,ABFLOW024,Oil,,23.03256282051685,23.03256282051685
Finland,2002,1A2K,ABFLOW014,Coal,,24.245728349453785,24.245728349453785
Finland,2002,1A2K,ABFLOW014,Natural gas,,11.86595068037524,11.86595068037524
Finland,2002,1A2K,ABFLOW014,Oil,,23.03256282051685,23.03256282051685
Finland,2002,1A2L,ABFLOW025,Coal,,24.245728349453785,24.245728349453785
Finland,2002,1A2L,ABFLOW025,Natural gas,,11.86595068037524,11.86595068037524
Finland,2002,1A2L,ABFLOW025,Oil,,23.03256282051685,23.03256282051685
Finland,2002,1A2M,ABFLOW026,Coal,,24.245728349453785,24.245728349453785
Finland,2002,1A2M,ABFLOW026,Natural gas,,11.86595068037524,11.86595068037524
Finland,2002,1A2M,ABFLOW026,Oil,,23.03256282051685,23.03256282051685
Finland,2002,1A3,ABFLOW027,Coal,,,0.0
Finland,2002,1A3,ABFLOW027,Natural gas,,,0.0
Finland,2002,1A3,ABFLOW027,Oil,,,0.0
Finland,2002,1A3A1,ABFLOW040,Coal,,,0.0
Finland,2002,1A3A1,ABFLOW040,Natural gas,,,0.0
Finland,2002,1A3A1,ABFLOW040,Oil,,,0.0
Finland,2002,1A3A2,ABFLOW029,Coal,,24.245728349453785,24.245728349453785
Finland,2002,1A3A2,ABFLOW029,Natural gas,,11.86595068037524,11.86595068037524
Finland,2002,1A3A2,ABFLOW029,Oil,,23.03256282051685,23.03256282051685
Finland,2002,1A3B,ABFLOW028,Coal,,24.245728349453785,24.245728349453785
Finland,2002,1A3B,ABFLOW028,Natural gas,,11.86595068037524,11.86595068037524
Finland,2002,1A3B,ABFLOW028,Oil,,23.03256282051685,23.03256282051685
Finland,2002,1A3C,ABFLOW030,Coal,,,0.0
Finland,2002,1A3C,ABFLOW030,Natural gas,,,0.0
Finland,2002,1A3C,ABFLOW030,Oil,,,0.0
Finland,2002,1A3D1,ABFLOW039,Coal,,,0.0
Finland,2002,1A3D1,ABFLOW039,Natural gas,,,0.0
Finland,2002,1A3D1,ABFLOW039,Oil,,,0.0
Finland,2002,1A3D2,ABFLOW032,Coal,,,0.0
Finland,2002,1A3D2,ABFLOW032,Natural gas,,,0.0
Finland,2002,1A3D2,ABFLOW032,Oil,,,0.0
Finland,2002,1A3E1,ABFLOW033,Coal,,,0.0
Finland,2002,1A3E1,ABFLOW033,Natural gas,,,0.0
Finland,2002,1A3E1,ABFLOW033,Oil,,,0.0
Finland,2002,1A4A,ABFLOW035,Coal,,24.245728349453785,24.245728349453785
Finland,2002,1A4A,ABFLOW035,Natural gas,,11.86595068037524,11.86595068037524
Finland,2002,1A4A,ABFLOW035,Oil,,23.03256282051685,23.03256282051685
Finland,2002,1A4B,ABFLOW034,Coal,,24.245728349453785,24.245728349453785
Finland,2002,1A4B,ABFLOW034,Natural gas,,11.86595068037524,11.86595068037524
Finland,2002,1A4B,ABFLOW034,Oil,,23.03256282051685,23.03256282051685
Finland,2002,1A4C1,ABFLOW036,Coal,,24.245728349453785,24.245728349453785
Finland,2002,1A4C1,ABFLOW036,Natural gas,,11.86595068037524,11.86595068037524
Finland,2002,1A4C1,ABFLOW036,Oil,,23.03256282051685,23.03256282051685
Finland,2002,1A4C2,ABFLOW037,Coal,,24.245728349453785,24.245728349453785
Finland,2002,1A4C2,ABFLOW037,Natural gas,,11.86595068037524,11.86595068037524
Finland,2002,1A4C2,ABFLOW037,Oil,,23.03256282051685,23.03256282051685
Finland,2002,1A5,ABFLOW038,Coal,,,0.0
Finland,2002,1A5,ABFLOW038,Natural gas,,,0.0
Finland,2002,1A5,ABFLOW038,Oil,,,0.0
Finland,2003,1A,ABFLOW001,Coal,,,0.0
Finland,2003,1A,ABFLOW001,Natural gas,,,0.0
Finland,2003,1A,ABFLOW001,Oil,,,0.0
Finland,2003,1A1A,ABFLOW002,Coal,,,0.0
Finland,2003,1A1A,ABFLOW002,Natural gas,,,0.0
Finland,2003,1A1A,ABFLOW002,Oil,,,0.0
Finland,2003,1A1A1,ABFLOW003,Coal,,,0.0
Finland,2003,1A1A1,ABFLOW003,Natural gas,,,0.0
Finland,2003,1A1A1,ABFLOW003,Oil,,,0.0
Finland,2003,1A1A2,ABFLOW004,Coal,,,0.0
Finland,2003,1A1A2,ABFLOW004,Natural gas,,,0.0
Finland,2003,1A1A2,ABFLOW004,Oil,,,0.0
Finland,2003,1A1A3,ABFLOW005,Coal,,,0.0
Finland,2003,1A1A3,ABFLOW005,Natural gas,,,0.0
Finland,2003,1A1A3,ABFLOW005,Oil,,,0.0
Finland,2003,1A1B,ABFLOW011,Coal,,25.45741467232871,25.45741467232871
Finland,2003,1A1B,ABFLOW011,Natural gas,,12.442830356889475,12.442830356889475
Finland,2003,1A1B,ABFLOW011,Oil,,24.52148031365769,24.52148031365769
Finland,2003,1A1C,ABFLOW011,Coal,,25.45741467232871,25.45741467232871
Finland,2003,1A1C,ABFLOW011,Natural gas,,12.442830356889475,12.442830356889475
Finland,2003,1A1C,ABFLOW011,Oil,,24.52148031365769,24.52148031365769
Finland,2003,1A2,ABFLOW012,Coal,,,0.0
Finland,2003,1A2,ABFLOW012,Natural gas,,,0.0
Finland,2003,1A2,ABFLOW012,Oil,,,0.0
Finland,2003,1A2A,ABFLOW016,Coal,,25.45741467232871,25.45741467232871
Finland,2003,1A2A,ABFLOW016,Natural gas,,12.442830356889475,12.442830356889475
Finland,2003,1A2A,ABFLOW016,Oil,,24.52148031365769,24.52148031365769
Finland,2003,1A2B,ABFLOW018,Coal,,25.45741467232871,25.45741467232871
Finland,2003,1A2B,ABFLOW018,Natural gas,,12.442830356889475,12.442830356889475
Finland,2003,1A2B,ABFLOW018,Oil,,24.52148031365769,24.52148031365769
Finland,2003,1A2C,ABFLOW017,Coal,,25.45741467232871,25.45741467232871
Finland,2003,1A2C,ABFLOW017,Natural gas,,12.442830356889475,12.442830356889475
Finland,2003,1A2C,ABFLOW017,Oil,,24.52148031365769,24.52148031365769
Finland,2003,1A2D,ABFLOW023,Coal,,25.45741467232871,25.45741467232871
Finland,2003,1A2D,ABFLOW023,Natural gas,,12.442830356889475,12.442830356889475
Finland,2003,1A2D,ABFLOW023,Oil,,24.52148031365769,24.52148031365769
Finland,2003,1A2E,ABFLOW022,Coal,,25.45741467232871,25.45741467232871
Finland,2003,1A2E,ABFLOW022,Natural gas,,12.442830356889475,12.442830356889475
Finland,2003,1A2E,ABFLOW022,Oil,,24.52148031365769,24.52148031365769
Finland,2003,1A2F,ABFLOW019,Coal,,25.45741467232871,25.45741467232871
Finland,2003,1A2F,ABFLOW019,Natural gas,,12.442830356889475,12.442830356889475
Finland,2003,1A2F,ABFLOW019,Oil,,24.52148031365769,24.52148031365769
Finland,2003,1A2G,ABFLOW020,Coal,,25.45741467232871,25.45741467232871
Finland,2003,1A2G,ABFLOW020,Natural gas,,12.442830356889475,12.442830356889475
Finland,2003,1A2G,ABFLOW020,Oil,,24.52148031365769,24.52148031365769
Finland,2003,1A2H,ABFLOW021,Coal,,25.45741467232871,25.45741467232871
Finland,2003,1A2H,ABFLOW021,Natural gas,,12.442830356889475,12.442830356889475
Finland,2003,1A2H,ABFLOW021,Oil,,24.52148031365769,24.52148031365769
Finland,2003,1A2I,ABFLOW013,Coal,,25.45741467232871,25.45741467232871
Finland,2003,1A2I,ABFLOW013,Natural gas,,12.442830356889475,12.442830356889475
Finland,2003,1A2I,ABFLOW013,Oil,,24.52148031365769,24.52148031365769
Finland,2003,1A2J,ABFLOW024,Coal,,25.45741467232871,25.45741467232871
Finland,2003,1A2J,ABFLOW024,Natural gas,,12.442830356889475,12.442830356889475
Finland,2003,1A2J,ABFLOW024,Oil,,24.52148031365769,24.52148031365769
Finland,2003,1A2K,ABFLOW014,Coal,,25.45741467232871,25.45741467232871
Finland,2003,1A2K,ABFLOW014,Natural gas,,12.442830356889475,12.442830356889475
Finland,2003,1A2K,ABFLOW014,Oil,,24.52148031365769,24.52148031365769
Finland,2003,1A2L,ABFLOW025,Coal,,25.45741467232871,25.45741467232871
Finland,2003,1A2L,ABFLOW025,Natural gas,,12.442830356889475,12.442830356889475
Finland,2003,1A2L,ABFLOW025,Oil,,24.52148031365769,24.52148031365769
Finland,2003,1A2M,ABFLOW026,Coal,,25.45741467232871,25.45741467232871
Finland,2003,1A2M,ABFLOW026,Natural gas,,12.442830356889475,12.442830356889475
Finland,2003,1A2M,ABFLOW026,Oil,,24.52148031365769,24.52148031365769
Finland,2003,1A3,ABFLOW027,Coal,,,0.0
Finland,2003,1A3,ABFLOW027,Natural gas,,,0.0
Finland,2003,1A3,ABFLOW027,Oil,,,0.0
Finland,2003,1A3A1,ABFLOW040,Coal,,,0.0
Finland,2003,1A3A1,ABFLOW040,Natural gas,,,0.0
Finland,2003,1A3A1,ABFLOW040,Oil,,,0.0
Finland,2003,1A3A2,ABFLOW029,Coal,,25.45741467232871,25.45741467232871
Finland,2003,1A3A2,ABFLOW029,Natural gas,,12.442830356889475,12.442830356889475
Finland,2003,1A3A2,ABFLOW029,Oil,,24.52148031365769,24.52148031365769
Finland,2003,1A3B,ABFLOW028,Coal,,25.45741467232871,25.45741467232871
Finland,2003,1A3B,ABFLOW028,Natural gas,,12.442830356889475,12.442830356889475
Finland,2003,1A3B,ABFLOW028,Oil,,24.52148031365769,24.52148031365769
Finland,2003,1A3C,ABFLOW030,Coal,,,0.0
Finland,2003,1A3C,ABFLOW030,Natural gas,,,0.0
Finland,2003,1A3C,ABFLOW030,Oil,,,0.0
Finland,2003,1A3D1,ABFLOW039,Coal,,,0.0
Finland,2003,1A3D1,ABFLOW039,Natural gas,,,0.0
Finland,2003,1A3D1,ABFLOW039,Oil,,,0.0
Finland,2003,1A3D2,ABFLOW032,Coal,,,0.0
Finland,2003,1A3D2,ABFLOW032,Natural gas,,,0.0
Finland,2003,1A3D2,ABFLOW032,Oil,,,0.0
Finland,2003,1A3E1,ABFLOW033,Coal,,,0.0
Finland,2003,1A3E1,ABFLOW033,Natural gas,,,0.0
Finland,2003,1A3E1,ABFLOW033,Oil,,,0.0
Finland,2003,1A4A,ABFLOW035,Coal,,25.45741467232871,25.45741467232871
Finland,2003,1A4A,ABFLOW035,Natural gas,,12.442830356889475,12.442830356889475
Finland,2003,1A4A,ABFLOW035,Oil,,24.52148031365769,24.52148031365769
Finland,2003,1A4B,ABFLOW034,Coal,,25.45741467232871,25.45741467232871
Finland,2003,1A4B,ABFLOW034,Natural gas,,12.442830356889475,12.442830356889475
Finland,2003,1A4B,ABFLOW034,Oil,,24.52148031365769,24.52148031365769
Finland,2003,1A4C1,ABFLOW036,Coal,,25.45741467232871,25.45741467232871
Finland,2003,1A4C1,ABFLOW036,Natural gas,,12.442830356889475,12.442830356889475
Finland,2003,1A4C1,ABFLOW036,Oil,,24.52148031365769,24.52148031365769
Finland,2003,1A4C2,ABFLOW037,Coal,,25.45741467232871,25.45741467232871
Finland,2003,1A4C2,ABFLOW037,Natural gas,,12.442830356889475,12.442830356889475
Finland,2003,1A4C2,ABFLOW037,Oil,,24.52148031365769,24.52148031365769
Finland,2003,1A5,ABFLOW038,Coal,,,0.0
Finland,2003,1A5,ABFLOW038,Natural gas,,,0.0
Finland,2003,1A5,ABFLOW038,Oil,,,0.0
Finland,2004,1A,ABFLOW001,Coal,,,0.0
Finland,2004,1A,ABFLOW001,Natural gas,,,0.0
Finland,2004,1A,ABFLOW001,Oil,,,0.0
Finland,2004,1A1A,ABFLOW002,Coal,,,0.0
Finland,2004,1A1A,ABFLOW002,Natural gas,,,0.0
Finland,2004,1A1A,ABFLOW002,Oil,,,0.0
Finland,2004,1A1A1,ABFLOW003,Coal,,,0.0
Finland,2004,1A1A1,ABFLOW003,Natural gas,,,0.0
Finland,2004,1A1A1,ABFLOW003,Oil,,,0.0
Finland,2004,1A1A2,ABFLOW004,Coal,,,0.0
Finland,2004,1A1A2,ABFLOW004,Natural gas,,,0.0
Finland,2004,1A1A2,ABFLOW004,Oil,,,0.0
Finland,2004,1A1A3,ABFLOW005,Coal,,,0.0
Finland,2004,1A1A3,ABFLOW005,Natural gas,,,0.0
Finland,2004,1A1A3,ABFLOW005,Oil,,,0.0
Finland,2004,1A1B,ABFLOW011,Coal,,25.305017775292665,25.305017775292665
Finland,2004,1A1B,ABFLOW011,Natural gas,,12.368343266933834,12.368343266933834
Finland,2004,1A1B,ABFLOW011,Oil,,24.374686243692924,24.374686243692924
Finland,2004,1A1C,ABFLOW011,Coal,,25.305017775292665,25.305017775292665
Finland,2004,1A1C,ABFLOW011,Natural gas,,12.368343266933834,12.368343266933834
Finland,2004,1A1C,ABFLOW011,Oil,,24.374686243692924,24.374686243692924
Finland,2004,1A2,ABFLOW012,Coal,,,0.0
Finland,2004,1A2,ABFLOW012,Natural gas,,,0.0
Finland,2004,1A2,ABFLOW012,Oil,,,0.0
Finland,2004,1A2A,ABFLOW016,Coal,,25.305017775292665,25.305017775292665
Finland,2004,1A2A,ABFLOW016,Natural gas,,12.368343266933834,12.368343266933834
Finland,2004,1A2A,ABFLOW016,Oil,,24.374686243692924,24.374686243692924
Finland,2004,1A2B,ABFLOW018,Coal,,25.305017775292665,25.305017775292665
Finland,2004,1A2B,ABFLOW018,Natural gas,,12.368343266933834,12.368343266933834
Finland,2004,1A2B,ABFLOW018,Oil,,24.374686243692924,24.374686243692924
Finland,2004,1A2C,ABFLOW017,Coal,,25.305017775292665,25.305017775292665
Finland,2004,1A2C,ABFLOW017,Natural gas,,12.368343266933834,12.368343266933834
Finland,2004,1A2C,ABFLOW017,Oil,,24.374686243692924,24.374686243692924
Finland,2004,1A2D,ABFLOW023,Coal,,25.305017775292665,25.305017775292665
Finland,2004,1A2D,ABFLOW023,Natural gas,,12.368343266933834,12.368343266933834
Finland,2004,1A2D,ABFLOW023,Oil,,24.374686243692924,24.374686243692924
Finland,2004,1A2E,ABFLOW022,Coal,,25.305017775292665,25.305017775292665
Finland,2004,1A2E,ABFLOW022,Natural gas,,12.368343266933834,12.368343266933834
Finland,2004,1A2E,ABFLOW022,Oil,,24.374686243692924,24.374686243692924
Finland,2004,1A2F,ABFLOW019,Coal,,25.305017775292665,25.305017775292665
Finland,2004,1A2F,ABFLOW019,Natural gas,,12.368343266933834,12.368343266933834
Finland,2004,1A2F,ABFLOW019,Oil,,24.374686243692924,24.374686243692924
Finland,2004,1A2G,ABFLOW020,Coal,,25.305017775292665,25.305017775292665
Finland,2004,1A2G,ABFLOW020,Natural gas,,12.368343266933834,12.368343266933834
Finland,2004,1A2G,ABFLOW020,Oil,,24.374686243692924,24.374686243692924
Finland,2004,1A2H,ABFLOW021,Coal,,25.305017775292665,25.305017775292665
Finland,2004,1A2H,ABFLOW021,Natural gas,,12.368343266933834,12.368343266933834
Finland,2004,1A2H,ABFLOW021,Oil,,24.374686243692924,24.374686243692924
Finland,2004,1A2I,ABFLOW013,Coal,,25.305017775292665,25.305017775292665
Finland,2004,1A2I,ABFLOW013,Natural gas,,12.368343266933834,12.368343266933834
Finland,2004,1A2I,ABFLOW013,Oil,,24.374686243692924,24.374686243692924
Finland,2004,1A2J,ABFLOW024,Coal,,25.305017775292665,25.305017775292665
Finland,2004,1A2J,ABFLOW024,Natural gas,,12.368343266933834,12.368343266933834
Finland,2004,1A2J,ABFLOW024,Oil,,24.374686243692924,24.374686243692924
Finland,2004,1A2K,ABFLOW014,Coal,,25.305017775292665,25.305017775292665
Finland,2004,1A2K,ABFLOW014,Natural gas,,12.368343266933834,12.368343266933834
Finland,2004,1A2K,ABFLOW014,Oil,,24.374686243692924,24.374686243692924
Finland,2004,1A2L,ABFLOW025,Coal,,25.305017775292665,25.305017775292665
Finland,2004,1A2L,ABFLOW025,Natural gas,,12.368343266933834,12.368343266933834
Finland,2004,1A2L,ABFLOW025,Oil,,24.374686243692924,24.374686243692924
Finland,2004,1A2M,ABFLOW026,Coal,,25.305017775292665,25.305017775292665
Finland,2004,1A2M,ABFLOW026,Natural gas,,12.368343266933834,12.368343266933834
Finland,2004,1A2M,ABFLOW026,Oil,,24.374686243692924,24.374686243692924
Finland,2004,1A3,ABFLOW027,Coal,,,0.0
Finland,2004,1A3,ABFLOW027,Natural gas,,,0.0
Finland,2004,1A3,ABFLOW027,Oil,,,0.0
Finland,2004,1A3A1,ABFLOW040,Coal,,,0.0
Finland,2004,1A3A1,ABFLOW040,Natural gas,,,0.0
Finland,2004,1A3A1,ABFLOW040,Oil,,,0.0
Finland,2004,1A3A2,ABFLOW029,Coal,,25.305017775292665,25.305017775292665
Finland,2004,1A3A2,ABFLOW029,Natural gas,,12.368343266933834,12.368343266933834
Finland,2004,1A3A2,ABFLOW029,Oil,,24.374686243692924,24.374686243692924
Finland,2004,1A3B,ABFLOW028,Coal,,25.305017775292665,25.305017775292665
Finland,2004,1A3B,ABFLOW028,Natural gas,,12.368343266933834,12.368343266933834
Finland,2004,1A3B,ABFLOW028,Oil,,24.374686243692924,24.374686243692924
Finland,2004,1A3C,ABFLOW030,Coal,,,0.0
Finland,2004,1A3C,ABFLOW030,Natural gas,,,0.0
Finland,2004,1A3C,ABFLOW030,Oil,,,0.0
Finland,2004,1A3D1,ABFLOW039,Coal,,,0.0
Finland,2004,1A3D1,ABFLOW039,Natural gas,,,0.0
Finland,2004,1A3D1,ABFLOW039,Oil,,,0.0
Finland,2004,1A3D2,ABFLOW032,Coal,,,0.0
Finland,2004,1A3D2,ABFLOW032,Natural gas,,,0.0
Finland,2004,1A3D2,ABFLOW032,Oil,,,0.0
Finland,2004,1A3E1,ABFLOW033,Coal,,,0.0
Finland,2004,1A3E1,ABFLOW033,Natural gas,,,0.0
Finland,2004,1A3E1,ABFLOW033,Oil,,,0.0
Finland,2004,1A4A,ABFLOW035,Coal,,25.305017775292665,25.305017775292665
Finland,2004,1A4A,ABFLOW035,Natural gas,,12.368343266933834,12.368343266933834
Finland,2004,1A4A,ABFLOW035,Oil,,24.374686243692924,24.374686243692924
Finland,2004,1A4B,ABFLOW034,Coal,,25.305017775292665,25.305017775292665
Finland,2004,1A4B,ABFLOW034,Natural gas,,12.368343266933834,12.368343266933834
Finland,2004,1A4B,ABFLOW034,Oil,,24.374686243692924,24.374686243692924
Finland,2004,1A4C1,ABFLOW036,Coal,,25.305017775292665,25.305017775292665
Finland,2004,1A4C1,ABFLOW036,Natural gas,,12.368343266933834,12.368343266933834
Finland,2004,1A4C1,ABFLOW036,Oil,,24.374686243692924,24.374686243692924
Finland,2004,1A4C2,ABFLOW037,Coal,,25.305017775292665,25.305017775292665
Finland,2004,1A4C2,ABFLOW037,Natural gas,,12.368343266933834,12.368343266933834
Finland,2004,1A4C2,ABFLOW037,Oil,,24.374686243692924,24.374686243692924
Finland,2004,1A5,ABFLOW038,Coal,,,0.0
Finland,2004,1A5,ABFLOW038,Natural gas,,,0.0
Finland,2004,1A5,ABFLOW038,Oil,,,0.0
Finland,2005,1A,ABFLOW001,Coal,,,0.0
Finland,2005,1A,ABFLOW001,Natural gas,,,0.0
Finland,2005,1A,ABFLOW001,Oil,,,0.0
Finland,2005,1A1A,ABFLOW002,Coal,,,0.0
Finland,2005,1A1A,ABFLOW002,Natural gas,,,0.0
Finland,2005,1A1A,ABFLOW002,Oil,,,0.0
Finland,2005,1A1A1,ABFLOW003,Coal,31.259467084196416,,31.259467084196416
Finland,2005,1A1A1,ABFLOW003,Natural gas,31.259467084196416,,31.259467084196416
Finland,2005,1A1A1,ABFLOW003,Oil,31.259467084196416,,31.259467084196416
Finland,2005,1A1A2,ABFLOW004,Coal,31.259467084196416,,31.259467084196416
Finland,2005,1A1A2,ABFLOW004,Natural gas,31.259467084196416,,31.259467084196416
Finland,2005,1A1A2,ABFLOW004,Oil,31.259467084196416,,31.259467084196416
Finland,2005,1A1A3,ABFLOW005,Coal,31.259467084196416,,31.259467084196416
Finland,2005,1A1A3,ABFLOW005,Natural gas,31.259467084196416,,31.259467084196416
Finland,2005,1A1A3,ABFLOW005,Oil,31.259467084196416,,31.259467084196416
Finland,2005,1A1B,ABFLOW011,Coal,31.259467084196416,25.07200502885459,56.33147211305101
Finland,2005,1A1B,ABFLOW011,Natural gas,31.259467084196416,12.254453537271958,43.51392062146837
Finland,2005,1A1B,ABFLOW011,Oil,31.259467084196416,24.150240142305293,55.40970722650171
Finland,2005,1A1C,ABFLOW011,Coal,31.259467084196416,25.07200502885459,56.33147211305101
Finland,2005,1A1C,ABFLOW011,Natural gas,31.259467084196416,12.254453537271958,43.51392062146837
Finland,2005,1A1C,ABFLOW011,Oil,31.259467084196416,24.150240142305293,55.40970722650171
Finland,2005,1A2,ABFLOW012,Coal,,,0.0
Finland,2005,1A2,ABFLOW012,Natural gas,,,0.0
Finland,2005,1A2,ABFLOW012,Oil,,,0.0
Finland,2005,1A2A,ABFLOW016,Coal,31.259467084196416,25.07200502885459,56.33147211305101
Finland,2005,1A2A,ABFLOW016,Natural gas,31.259467084196416,12.254453537271958,43.51392062146837
Finland,2005,1A2A,ABFLOW016,Oil,31.259467084196416,24.150240142305293,55.40970722650171
Finland,2005,1A2B,ABFLOW018,Coal,31.259467084196416,25.07200502885459,56.33147211305101
Finland,2005,1A2B,ABFLOW018,Natural gas,31.259467084196416,12.254453537271958,43.51392062146837
Finland,2005,1A2B,ABFLOW018,Oil,31.259467084196416,24.150240142305293,55.40970722650171
Finland,2005,1A2C,ABFLOW017,Coal,31.259467084196416,25.07200502885459,56.33147211305101
Finland,2005,1A2C,ABFLOW017,Natural gas,31.259467084196416,12.254453537271958,43.51392062146837
Finland,2005,1A2C,ABFLOW017,Oil,31.259467084196416,24.150240142305293,55.40970722650171
Finland,2005,1A2D,ABFLOW023,Coal,31.259467084196416,25.07200502885459,56.33147211305101
Finland,2005,1A2D,ABFLOW023,Natural gas,31.259467084196416,12.254453537271958,43.51392062146837
Finland,2005,1A2D,ABFLOW023,Oil,31.259467084196416,24.150240142305293,55.40970722650171
Finland,2005,1A2E,ABFLOW022,Coal,31.259467084196416,25.07200502885459,56.33147211305101
Finland,2005,1A2E,ABFLOW022,Natural gas,31.259467084196416,12.254453537271958,43.51392062146837
Finland,2005,1A2E,ABFLOW022,Oil,31.259467084196416,24.150240142305293,55.40970722650171
Finland,2005,1A2F,ABFLOW019,Coal,31.259467084196416,25.07200502885459,56.33147211305101
Finland,2005,1A2F,ABFLOW019,Natural gas,31.259467084196416,12.254453537271958,43.51392062146837
Finland,2005,1A2F,ABFLOW019,Oil,31.259467084196416,24.150240142305293,55.40970722650171
Finland,2005,1A2G,ABFLOW020,Coal,31.259467084196416,25.07200502885459,56.33147211305101
Finland,2005,1A2G,ABFLOW020,Natural gas,31.259467084196416,12.254453537271958,43.51392062146837
Finland,2005,1A2G,ABFLOW020,Oil,31.259467084196416,24.150240142305293,55.40970722650171
Finland,2005,1A2H,ABFLOW021,Coal,31.259467084196416,25.07200502885459,56.33147211305101
Finland,2005,1A2H,ABFLOW021,Natural gas,31.259467084196416,12.254453537271958,43.51392062146837
Finland,2005,1A2H,ABFLOW021,Oil,31.259467084196416,24.150240142305293,55.40970722650171
Finland,2005,1A2I,ABFLOW013,Coal,31.259467084196416,25.07200502885459,56.33147211305101
Finland,2005,1A2I,ABFLOW013,Natural gas,31.259467084196416,12.254453537271958,43.51392062146837
Finland,2005,1A2I,ABFLOW013,Oil,31.259467084196416,24.150240142305293,55.40970722650171
Finland,2005,1A2J,ABFLOW024,Coal,31.259467084196416,25.07200502885459,56.33147211305101
Finland,2005,1A2J,ABFLOW024,Natural gas,31.259467084196416,12.254453537271958,43.51392062146837
Finland,2005,1A2J,ABFLOW024,Oil,31.259467084196416,24.150240142305293,55.40970722650171
Finland,2005,1A2K,ABFLOW014,Coal,31.259467084196416,25.07200502885459,56.33147211305101
Finland,2005,1A2K,ABFLOW014,Natural gas,31.259467084196416,12.254453537271958,43.51392062146837
Finland,2005,1A2K,ABFLOW014,Oil,31.259467084196416,24.150240142305293,55.40970722650171
Finland,2005,1A2L,ABFLOW025,Coal,31.259467084196416,25.07200502885459,56.33147211305101
Finland,2005,1A2L,ABFLOW025,Natural gas,31.259467084196416,12.254453537271958,43.51392062146837
Finland,2005,1A2L,ABFLOW025,Oil,31.259467084196416,24.150240142305293,55.40970722650171
Finland,2005,1A2M,ABFLOW026,Coal,31.259467084196416,25.07200502885459,56.33147211305101
Finland,2005,1A2M,ABFLOW026,Natural gas,31.259467084196416,12.254453537271958,43.51392062146837
Finland,2005,1A2M,ABFLOW026,Oil,31.259467084196416,24.150240142305293,55.40970722650171
Finland,2005,1A3,ABFLOW027,Coal,,,0.0
Finland,2005,1A3,ABFLOW027,Natural gas,,,0.0
Finland,2005,1A3,ABFLOW027,Oil,,,0.0
Finland,2005,1A3A1,ABFLOW040,Coal,,,0.0
Finland,2005,1A3A1,ABFLOW040,Natural gas,,,0.0
Finland,2005,1A3A1,ABFLOW040,Oil,,,0.0
Finland,2005,1A3A2,ABFLOW029,Coal,,25.07200502885459,25.07200502885459
Finland,2005,1A3A2,ABFLOW029,Natural gas,,12.254453537271958,12.254453537271958
Finland,2005,1A3A2,ABFLOW029,Oil,,24.150240142305293,24.150240142305293
Finland,2005,1A3B,ABFLOW028,Coal,,25.07200502885459,25.07200502885459
Finland,2005,1A3B,ABFLOW028,Natural gas,,12.254453537271958,12.254453537271958
Finland,2005,1A3B,ABFLOW028,Oil,,24.150240142305293,24.150240142305293
Finland,2005,1A3C,ABFLOW030,Coal,,,0.0
Finland,2005,1A3C,ABFLOW030,Natural gas,,,0.0
Finland,2005,1A3C,ABFLOW030,Oil,,,0.0
Finland,2005,1A3D1,ABFLOW039,Coal,,,0.0
Finland,2005,1A3D1,ABFLOW039,Natural gas,,,0.0
Finland,2005,1A3D1,ABFLOW039,Oil,,,0.0
Finland,2005,1A3D2,ABFLOW032,Coal,,,0.0
Finland,2005,1A3D2,ABFLOW032,Natural gas,,,0.0
Finland,2005,1A3D2,ABFLOW032,Oil,,,0.0
Finland,2005,1A3E1,ABFLOW033,Coal,,,0.0
Finland,2005,1A3E1,ABFLOW033,Natural gas,,,0.0
Finland,2005,1A3E1,ABFLOW033,Oil,,,0.0
Finland,2005,1A4A,ABFLOW035,Coal,,25.07200502885459,25.07200502885459
Finland,2005,1A4A,ABFLOW035,Natural gas,,12.254453537271958,12.254453537271958
Finland,2005,1A4A,ABFLOW035,Oil,,24.150240142305293,24.150240142305293
Finland,2005,1A4B,ABFLOW034,Coal,,25.07200502885459,25.07200502885459
Finland,2005,1A4B,ABFLOW034,Natural gas,,12.254453537271958,12.254453537271958
Finland,2005,1A4B,ABFLOW034,Oil,,24.150240142305293,24.150240142305293
Finland,2005,1A4C1,ABFLOW036,Coal,,25.07200502885459,25.07200502885459
Finland,2005,1A4C1,ABFLOW036,Natural gas,,12.254453537271958,12.254453537271958
Finland,2005,1A4C1,ABFLOW036,Oil,,24.150240142305293,24.150240142305293
Finland,2005,1A4C2,ABFLOW037,Coal,,25.07200502885459,25.07200502885459
Finland,2005,1A4C2,ABFLOW037,Natural gas,,12.254453537271958,12.254453537271958
Finland,2005,1A4C2,ABFLOW037,Oil,,24.150240142305293,24.150240142305293
Finland,2005,1A5,ABFLOW038,Coal,,,0.0
Finland,2005,1A5,ABFLOW038,Natural gas,,,0.0
Finland,2005,1A5,ABFLOW038,Oil,,,0.0
Finland,2006,1A,ABFLOW001,Coal,,,0.0
Finland,2006,1A,ABFLOW001,Natural gas,,,0.0
Finland,2006,1A,ABFLOW001,Oil,,,0.0
Finland,2006,1A1A,ABFLOW002,Coal,,,0.0
Finland,2006,1A1A,ABFLOW002,Natural gas,,,0.0
Finland,2006,1A1A,ABFLOW002,Oil,,,0.0
Finland,2006,1A1A1,ABFLOW003,Coal,25.91922526348747,,25.91922526348747
Finland,2006,1A1A1,ABFLOW003,Natural gas,25.91922526348747,,25.91922526348747
Finland,2006,1A1A1,ABFLOW003,Oil,25.91922526348747,,25.91922526348747
Finland,2006,1A1A2,ABFLOW004,Coal,25.91922526348747,,25.91922526348747
Finland,2006,1A1A2,ABFLOW004,Natural gas,25.91922526348747,,25.91922526348747
Finland,2006,1A1A2,ABFLOW004,Oil,25.91922526348747,,25.91922526348747
Finland,2006,1A1A3,ABFLOW005,Coal,25.91922526348747,,25.91922526348747
Finland,2006,1A1A3,ABFLOW005,Natural gas,25.91922526348747,,25.91922526348747
Finland,2006,1A1A3,ABFLOW005,Oil,25.91922526348747,,25.91922526348747
Finland,2006,1A1B,ABFLOW011,Coal,25.91922526348747,24.84340096091561,50.76262622440308
Finland,2006,1A1B,ABFLOW011,Natural gas,25.91922526348747,12.142718639095062,38.06194390258253
Finland,2006,1A1B,ABFLOW011,Oil,25.91922526348747,23.93004063564914,49.84926589913661
Finland,2006,1A1C,ABFLOW011,Coal,25.91922526348747,24.84340096091561,50.76262622440308
Finland,2006,1A1C,ABFLOW011,Natural gas,25.91922526348747,12.142718639095062,38.06194390258253
Finland,2006,1A1C,ABFLOW011,Oil,25.91922526348747,23.93004063564914,49.84926589913661
Finland,2006,1A2,ABFLOW012,Coal,,,0.0
Finland,2006,1A2,ABFLOW012,Natural gas,,,0.0
Finland,2006,1A2,ABFLOW012,Oil,,,0.0
Finland,2006,1A2A,ABFLOW016,Coal,25.91922526348747,24.84340096091561,50.76262622440308
Finland,2006,1A2A,ABFLOW016,Natural gas,25.91922526348747,12.142718639095062,38.06194390258253
Finland,2006,1A2A,ABFLOW016,Oil,25.91922526348747,23.93004063564914,49.84926589913661
Finland,2006,1A2B,ABFLOW018,Coal,25.91922526348747,24.84340096091561,50.76262622440308
Finland,2006,1A2B,ABFLOW018,Natural gas,25.91922526348747,12.142718639095062,38.06194390258253
Finland,2006,1A2B,ABFLOW018,Oil,25.91922526348747,23.93004063564914,49.84926589913661
Finland,2006,1A2C,ABFLOW017,Coal,25.91922526348747,24.84340096091561,50.76262622440308
Finland,2006,1A2C,ABFLOW017,Natural gas,25.91922526348747,12.142718639095062,38.06194390258253
Finland,2006,1A2C,ABFLOW017,Oil,25.91922526348747,23.93004063564914,49.84926589913661
Finland,2006,1A2D,ABFLOW023,Coal,25.91922526348747,24.84340096091561,50.76262622440308
Finland,2006,1A2D,ABFLOW023,Natural gas,25.91922526348747,12.142718639095062,38.06194390258253
Finland,2006,1A2D,ABFLOW023,Oil,25.91922526348747,23.93004063564914,49.84926589913661
Finland,2006,1A2E,ABFLOW022,Coal,25.91922526348747,24.84340096091561,50.76262622440308
Finland,2006,1A2E,ABFLOW022,Natural gas,25.91922526348747,12.142718639095062,38.06194390258253
Finland,2006,1A2E,ABFLOW022,Oil,25.91922526348747,23.93004063564914,49.84926589913661
Finland,2006,1A2F,ABFLOW019,Coal,25.91922526348747,24.84340096091561,50.76262622440308
Finland,2006,1A2F,ABFLOW019,Natural gas,25.91922526348747,12.142718639095062,38.06194390258253
Finland,2006,1A2F,ABFLOW019,Oil,25.91922526348747,23.93004063564914,49.84926589913661
Finland,2006,1A2G,ABFLOW020,Coal,25.91922526348747,24.84340096091561,50.76262622440308
Finland,2006,1A2G,ABFLOW020,Natural gas,25.91922526348747,12.142718639095062,38.06194390258253
Finland,2006,1A2G,ABFLOW020,Oil,25.91922526348747,23.93004063564914,49.84926589913661
Finland,2006,1A2H,ABFLOW021,Coal,25.91922526348747,24.84340096091561,50.76262622440308
Finland,2006,1A2H,ABFLOW021,Natural gas,25.91922526348747,12.142718639095062,38.06194390258253
Finland,2006,1A2H,ABFLOW021,Oil,25.91922526348747,23.93004063564914,49.84926589913661
Finland,2006,1A2I,ABFLOW013,Coal,25.91922526348747,24.84340096091561,50.76262622440308
Finland,2006,1A2I,ABFLOW013,Natural gas,25.91922526348747,12.142718639095062,38.06194390258253
Finland,2006,1A2I,ABFLOW013,Oil,25.91922526348747,23.93004063564914,49.84926589913661
Finland,2006,1A2J,ABFLOW024,Coal,25.91922526348747,24.84340096091561,50.76262622440308
Finland,2006,1A2J,ABFLOW024,Natural gas,25.91922526348747,12.142718639095062,38.06194390258253
Finland,2006,1A2J,ABFLOW024,Oil,25.91922526348747,23.93004063564914,49.84926589913661
Finland,2006,1A2K,ABFLOW014,Coal,25.91922526348747,24.84340096091561,50.76262622440308
Finland,2006,1A2K,ABFLOW014,Natural gas,25.91922526348747,12.142718639095062,38.06194390258253
Finland,2006,1A2K,ABFLOW014,Oil,25.91922526348747,23.93004063564914,49.84926589913661
Finland,2006,1A2L,ABFLOW025,Coal,25.91922526348747,24.84340096091561,50.76262622440308
Finland,2006,1A2L,ABFLOW025,Natural gas,25.91922526348747,12.142718639095062,38.06194390258253
Finland,2006,1A2L,ABFLOW025,Oil,25.91922526348747,23.93004063564914,49.84926589913661
Finland,2006,1A2M,ABFLOW026,Coal,25.91922526348747,24.84340096091561,50.76262622440308
Finland,2006,1A2M,ABFLOW026,Natural gas,25.91922526348747,12.142718639095062,38.06194390258253
Finland,2006,1A2M,ABFLOW026,Oil,25.91922526348747,23.93004063564914,49.84926589913661
Finland,2006,1A3,ABFLOW027,Coal,,,0.0
Finland,2006,1A3,ABFLOW027,Natural gas,,,0.0
Finland,2006,1A3,ABFLOW027,Oil,,,0.0
Finland,2006,1A3A1,ABFLOW040,Coal,,,0.0
Finland,2006,1A3A1,ABFLOW040,Natural gas,,,0.0
Finland,2006,1A3A1,ABFLOW040,Oil,,,0.0
Finland,2006,1A3A2,ABFLOW029,Coal,,24.84340096091561,24.84340096091561
Finland,2006,1A3A2,ABFLOW029,Natural gas,,12.142718639095062,12.142718639095062
Finland,2006,1A3A2,ABFLOW029,Oil,,23.93004063564914,23.93004063564914
Finland,2006,1A3B,ABFLOW028,Coal,,24.84340096091561,24.84340096091561
Finland,2006,1A3B,ABFLOW028,Natural gas,,12.142718639095062,12.142718639095062
Finland,2006,1A3B,ABFLOW028,Oil,,23.93004063564914,23.93004063564914
Finland,2006,1A3C,ABFLOW030,Coal,,,0.0
Finland,2006,1A3C,ABFLOW030,Natural gas,,,0.0
Finland,2006,1A3C,ABFLOW030,Oil,,,0.0
Finland,2006,1A3D1,ABFLOW039,Coal,,,0.0
Finland,2006,1A3D1,ABFLOW039,Natural gas,,,0.0
Finland,2006,1A3D1,ABFLOW039,Oil,,,0.0
Finland,2006,1A3D2,ABFLOW032,Coal,,,0.0
Finland,2006,1A3D2,ABFLOW032,Natural gas,,,0.0
Finland,2006,1A3D2,ABFLOW032,Oil,,,0.0
Finland,2006,1A3E1,ABFLOW033,Coal,,,0.0
Finland,2006,1A3E1,ABFLOW033,Natural gas,,,0.0
Finland,2006,1A3E1,ABFLOW033,Oil,,,0.0
Finland,2006,1A4A,ABFLOW035,Coal,,24.84340096091561,24.84340096091561
Finland,2006,1A4A,ABFLOW035,Natural gas,,12.142718639095062,12.142718639095062
Finland,2006,1A4A,ABFLOW035,Oil,,23.93004063564914,23.93004063564914
Finland,2006,1A4B,ABFLOW034,Coal,,24.84340096091561,24.84340096091561
Finland,2006,1A4B,ABFLOW034,Natural gas,,12.142718639095062,12.142718639095062
Finland,2006,1A4B,ABFLOW034,Oil,,23.93004063564914,23.93004063564914
Finland,2006,1A4C1,ABFLOW036,Coal,,24.84340096091561,24.84340096091561
Finland,2006,1A4C1,ABFLOW036,Natural gas,,12.142718639095062,12.142718639095062
Finland,2006,1A4C1,ABFLOW036,Oil,,23.93004063564914,23.93004063564914
Finland,2006,1A4C2,ABFLOW037,Coal,,24.84340096091561,24.84340096091561
Finland,2006,1A4C2,ABFLOW037,Natural gas,,12.142718639095062,12.142718639095062
Finland,2006,1A4C2,ABFLOW037,Oil,,23.93004063564914,23.93004063564914
Finland,2006,1A5,ABFLOW038,Coal,,,0.0
Finland,2006,1A5,ABFLOW038,Natural gas,,,0.0
Finland,2006,1A5,ABFLOW038,Oil,,,0.0
Finland,2007,1A,ABFLOW001,Coal,,,0.0
Finland,2007,1A,ABFLOW001,Natural gas,,,0.0
Finland,2007,1A,ABFLOW001,Oil,,,0.0
Finland,2007,1A1A,ABFLOW002,Coal,,,0.0
Finland,2007,1A1A,ABFLOW002,Natural gas,,,0.0
Finland,2007,1A1A,ABFLOW002,Oil,,,0.0
Finland,2007,1A1A1,ABFLOW003,Coal,0.9606539410069874,,0.9606539410069874
Finland,2007,1A1A1,ABFLOW003,Natural gas,0.9606539410069874,,0.9606539410069874
Finland,2007,1A1A1,ABFLOW003,Oil,0.9606539410069874,,0.9606539410069874
Finland,2007,1A1A2,ABFLOW004,Coal,0.9606539410069874,,0.9606539410069874
Finland,2007,1A1A2,ABFLOW004,Natural gas,0.9606539410069874,,0.9606539410069874
Finland,2007,1A1A2,ABFLOW004,Oil,0.9606539410069874,,0.9606539410069874
Finland,2007,1A1A3,ABFLOW005,Coal,0.9606539410069874,,0.9606539410069874
Finland,2007,1A1A3,ABFLOW005,Natural gas,0.9606539410069874,,0.9606539410069874
Finland,2007,1A1A3,ABFLOW005,Oil,0.9606539410069874,,0.9606539410069874
Finland,2007,1A1B,ABFLOW011,Coal,0.9606539410069874,24.177457497873657,25.138111438880646
Finland,2007,1A1B,ABFLOW011,Natural gas,0.9606539410069874,11.81722519663182,12.777879137638807
Finland,2007,1A1B,ABFLOW011,Oil,0.9606539410069874,23.288580388048175,24.249234329055163
Finland,2007,1A1C,ABFLOW011,Coal,0.9606539410069874,24.177457497873657,25.138111438880646
Finland,2007,1A1C,ABFLOW011,Natural gas,0.9606539410069874,11.81722519663182,12.777879137638807
Finland,2007,1A1C,ABFLOW011,Oil,0.9606539410069874,23.288580388048175,24.249234329055163
Finland,2007,1A2,ABFLOW012,Coal,,,0.0
Finland,2007,1A2,ABFLOW012,Natural gas,,,0.0
Finland,2007,1A2,ABFLOW012,Oil,,,0.0
Finland,2007,1A2A,ABFLOW016,Coal,0.9606539410069874,24.177457497873657,25.138111438880646
Finland,2007,1A2A,ABFLOW016,Natural gas,0.9606539410069874,11.81722519663182,12.777879137638807
Finland,2007,1A2A,ABFLOW016,Oil,0.9606539410069874,23.288580388048175,24.249234329055163
Finland,2007,1A2B,ABFLOW018,Coal,0.9606539410069874,24.177457497873657,25.138111438880646
Finland,2007,1A2B,ABFLOW018,Natural gas,0.9606539410069874,11.81722519663182,12.777879137638807
Finland,2007,1A2B,ABFLOW018,Oil,0.9606539410069874,23.288580388048175,24.249234329055163
Finland,2007,1A2C,ABFLOW017,Coal,0.9606539410069874,24.177457497873657,25.138111438880646
Finland,2007,1A2C,ABFLOW017,Natural gas,0.9606539410069874,11.81722519663182,12.777879137638807
Finland,2007,1A2C,ABFLOW017,Oil,0.9606539410069874,23.288580388048175,24.249234329055163
Finland,2007,1A2D,ABFLOW023,Coal,0.9606539410069874,24.177457497873657,25.138111438880646
Finland,2007,1A2D,ABFLOW023,Natural gas,0.9606539410069874,11.81722519663182,12.777879137638807
Finland,2007,1A2D,ABFLOW023,Oil,0.9606539410069874,23.288580388048175,24.249234329055163
Finland,2007,1A2E,ABFLOW022,Coal,0.9606539410069874,24.177457497873657,25.138111438880646
Finland,2007,1A2E,ABFLOW022,Natural gas,0.9606539410069874,11.81722519663182,12.777879137638807
Finland,2007,1A2E,ABFLOW022,Oil,0.9606539410069874,23.288580388048175,24.249234329055163
Finland,2007,1A2F,ABFLOW019,Coal,0.9606539410069874,24.177457497873657,25.138111438880646
Finland,2007,1A2F,ABFLOW019,Natural gas,0.9606539410069874,11.81722519663182,12.777879137638807
Finland,2007,1A2F,ABFLOW019,Oil,0.9606539410069874,23.288580388048175,24.249234329055163
Finland,2007,1A2G,ABFLOW020,Coal,0.9606539410069874,24.177457497873657,25.138111438880646
Finland,2007,1A2G,ABFLOW020,Natural gas,0.9606539410069874,11.81722519663182,12.777879137638807
Finland,2007,1A2G,ABFLOW020,Oil,0.9606539410069874,23.288580388048175,24.249234329055163
Finland,2007,1A2H,ABFLOW021,Coal,0.9606539410069874,24.177457497873657,25.138111438880646
Finland,2007,1A2H,ABFLOW021,Natural gas,0.9606539410069874,11.81722519663182,12.777879137638807
Finland,2007,1A2H,ABFLOW021,Oil,0.9606539410069874,23.288580388048175,24.249234329055163
Finland,2007,1A2I,ABFLOW013,Coal,0.9606539410069874,24.177457497873657,25.138111438880646
Finland,2007,1A2I,ABFLOW013,Natural gas,0.9606539410069874,11.81722519663182,12.777879137638807
Finland,2007,1A2I,ABFLOW013,Oil,0.9606539410069874,23.288580388048175,24.249234329055163
Finland,2007,1A2J,ABFLOW024,Coal,0.9606539410069874,24.177457497873657,25.138111438880646
Finland,2007,1A2J,ABFLOW024,Natural gas,0.9606539410069874,11.81722519663182,12.777879137638807
Finland,2007,1A2J,ABFLOW024,Oil,0.9606539410069874,23.288580388048175,24.249234329055163
Finland,2007,1A2K,ABFLOW014,Coal,0.9606539410069874,24.177457497873657,25.138111438880646
Finland,2007,1A2K,ABFLOW014,Natural gas,0.9606539410069874,11.81722519663182,12.777879137638807
Finland,2007,1A2K,ABFLOW014,Oil,0.9606539410069874,23.288580388048175,24.249234329055163
Finland,2007,1A2L,ABFLOW025,Coal,0.9606539410069874,24.177457497873657,25.138111438880646
Finland,2007,1A2L,ABFLOW025,Natural gas,0.9606539410069874,11.81722519663182,12.777879137638807
Finland,2007,1A2L,ABFLOW025,Oil,0.9606539410069874,23.288580388048175,24.249234329055163
Finland,2007,1A2M,ABFLOW026,Coal,0.9606539410069874,24.177457497873657,25.138111438880646
Finland,2007,1A2M,ABFLOW026,Natural gas,0.9606539410069874,11.81722519663182,12.777879137638807
Finland,2007,1A2M,ABFLOW026,Oil,0.9606539410069874,23.288580388048175,24.249234329055163
Finland,2007,1A3,ABFLOW027,Coal,,,0.0
Finland,2007,1A3,ABFLOW027,Natural gas,,,0.0
Finland,2007,1A3,ABFLOW027,Oil,,,0.0
Finland,2007,1A3A1,ABFLOW040,Coal,,,0.0
Finland,2007,1A3A1,ABFLOW040,Natural gas,,,0.0
Finland,2007,1A3A1,ABFLOW040,Oil,,,0.0
Finland,2007,1A3A2,ABFLOW029,Coal,,24.177457497873657,24.177457497873657
Finland,2007,1A3A2,ABFLOW029,Natural gas,,11.81722519663182,11.81722519663182
Finland,2007,1A3A2,ABFLOW029,Oil,,23.288580388048175,23.288580388048175
Finland,2007,1A3B,ABFLOW028,Coal,,24.177457497873657,24.177457497873657
Finland,2007,1A3B,ABFLOW028,Natural gas,,11.81722519663182,11.81722519663182
Finland,2007,1A3B,ABFLOW028,Oil,,23.288580388048175,23.288580388048175
Finland,2007,1A3C,ABFLOW030,Coal,,,0.0
Finland,2007,1A3C,ABFLOW030,Natural gas,,,0.0
Finland,2007,1A3C,ABFLOW030,Oil,,,0.0
Finland,2007,1A3D1,ABFLOW039,Coal,,,0.0
Finland,2007,1A3D1,ABFLOW039,Natural gas,,,0.0
Finland,2007,1A3D1,ABFLOW039,Oil,,,0.0
Finland,2007,1A3D2,ABFLOW032,Coal,,,0.0
Finland,2007,1A3D2,ABFLOW032,Natural gas,,,0.0
Finland,2007,1A3D2,ABFLOW032,Oil,,,0.0
Finland,2007,1A3E1,ABFLOW033,Coal,,,0.0
Finland,2007,1A3E1,ABFLOW033,Natural gas,,,0.0
Finland,2007,1A3E1,ABFLOW033,Oil,,,0.0
Finland,2007,1A4A,ABFLOW035,Coal,,24.177457497873657,24.177457497873657
Finland,2007,1A4A,ABFLOW035,Natural gas,,11.81722519663182,11.81722519663182
Finland,2007,1A4A,ABFLOW035,Oil,,23.288580388048175,23.288580388048175
Finland,2007,1A4B,ABFLOW034,Coal,,24.177457497873657,24.177457497873657
Finland,2007,1A4B,ABFLOW034,Natural gas,,11.81722519663182,11.81722519663182
Finland,2007,1A4B,ABFLOW034,Oil,,23.288580388048175,23.288580388048175
Finland,2007,1A4C1,ABFLOW036,Coal,,24.177457497873657,24.177457497873657
Finland,2007,1A4C1,ABFLOW036,Natural gas,,11.81722519663182,11.81722519663182
Finland,2007,1A4C1,ABFLOW036,Oil,,23.288580388048175,23.288580388048175
Finland,2007,1A4C2,ABFLOW037,Coal,,24.177457497873657,24.177457497873657
Finland,2007,1A4C2,ABFLOW037,Natural gas,,11.81722519663182,11.81722519663182
Finland,2007,1A4C2,ABFLOW037,Oil,,23.288580388048175,23.288580388048175
Finland,2007,1A5,ABFLOW038,Coal,,,0.0
Finland,2007,1A5,ABFLOW038,Natural gas,,,0.0
Finland,2007,1A5,ABFLOW038,Oil,,,0.0
Finland,2008,1A,ABFLOW001,Coal,,,0.0
Finland,2008,1A,ABFLOW001,Natural gas,,,0.0
Finland,2008,1A,ABFLOW001,Oil,,,0.0
Finland,2008,1A1A,ABFLOW002,Coal,,,0.0
Finland,2008,1A1A,ABFLOW002,Natural gas,,,0.0
Finland,2008,1A1A,ABFLOW002,Oil,,,0.0
Finland,2008,1A1A1,ABFLOW003,Coal,24.551448964108936,,24.551448964108936
Finland,2008,1A1A1,ABFLOW003,Natural gas,24.551448964108936,,24.551448964108936
Finland,2008,1A1A1,ABFLOW003,Oil,24.551448964108936,,24.551448964108936
Finland,2008,1A1A2,ABFLOW004,Coal,24.551448964108936,,24.551448964108936
Finland,2008,1A1A2,ABFLOW004,Natural gas,24.551448964108936,,24.551448964108936
Finland,2008,1A1A2,ABFLOW004,Oil,24.551448964108936,,24.551448964108936
Finland,2008,1A1A3,ABFLOW005,Coal,24.551448964108936,,24.551448964108936
Finland,2008,1A1A3,ABFLOW005,Natural gas,24.551448964108936,,24.551448964108936
Finland,2008,1A1A3,ABFLOW005,Oil,24.551448964108936,,24.551448964108936
Finland,2008,1A1B,ABFLOW011,Coal,24.551448964108936,26.591885532439,51.143334496547936
Finland,2008,1A1B,ABFLOW011,Natural gas,24.551448964108936,12.69965230300928,37.251101267118216
Finland,2008,1A1B,ABFLOW011,Oil,24.551448964108936,25.42727740816806,49.978726372276995
Finland,2008,1A1C,ABFLOW011,Coal,24.551448964108936,26.591885532439,51.143334496547936
Finland,2008,1A1C,ABFLOW011,Natural gas,24.551448964108936,12.69965230300928,37.251101267118216
Finland,2008,1A1C,ABFLOW011,Oil,24.551448964108936,25.42727740816806,49.978726372276995
Finland,2008,1A2,ABFLOW012,Coal,,,0.0
Finland,2008,1A2,ABFLOW012,Natural gas,,,0.0
Finland,2008,1A2,ABFLOW012,Oil,,,0.0
Finland,2008,1A2A,ABFLOW016,Coal,24.551448964108936,26.591885532439,51.143334496547936
Finland,2008,1A2A,ABFLOW016,Natural gas,24.551448964108936,12.69965230300928,37.251101267118216
Finland,2008,1A2A,ABFLOW016,Oil,24.551448964108936,25.42727740816806,49.978726372276995
Finland,2008,1A2B,ABFLOW018,Coal,24.551448964108936,26.591885532439,51.143334496547936
Finland,2008,1A2B,ABFLOW018,Natural gas,24.551448964108936,12.69965230300928,37.251101267118216
Finland,2008,1A2B,ABFLOW018,Oil,24.551448964108936,25.42727740816806,49.978726372276995
Finland,2008,1A2C,ABFLOW017,Coal,24.551448964108936,26.591885532439,51.143334496547936
Finland,2008,1A2C,ABFLOW017,Natural gas,24.551448964108936,12.69965230300928,37.251101267118216
Finland,2008,1A2C,ABFLOW017,Oil,24.551448964108936,25.42727740816806,49.978726372276995
Finland,2008,1A2D,ABFLOW023,Coal,24.551448964108936,26.591885532439,51.143334496547936
Finland,2008,1A2D,ABFLOW023,Natural gas,24.551448964108936,12.69965230300928,37.251101267118216
Finland,2008,1A2D,ABFLOW023,Oil,24.551448964108936,25.42727740816806,49.978726372276995
Finland,2008,1A2E,ABFLOW022,Coal,24.551448964108936,26.591885532439,51.143334496547936
Finland,2008,1A2E,ABFLOW022,Natural gas,24.551448964108936,12.69965230300928,37.251101267118216
Finland,2008,1A2E,ABFLOW022,Oil,24.551448964108936,25.42727740816806,49.978726372276995
Finland,2008,1A2F,ABFLOW019,Coal,24.551448964108936,26.591885532439,51.143334496547936
Finland,2008,1A2F,ABFLOW019,Natural gas,24.551448964108936,12.69965230300928,37.251101267118216
Finland,2008,1A2F,ABFLOW019,Oil,24.551448964108936,25.42727740816806,49.978726372276995
Finland,2008,1A2G,ABFLOW020,Coal,24.551448964108936,26.591885532439,51.143334496547936
Finland,2008,1A2G,ABFLOW020,Natural gas,24.551448964108936,12.69965230300928,37.251101267118216
Finland,2008,1A2G,ABFLOW020,Oil,24.551448964108936,25.42727740816806,49.978726372276995
Finland,2008,1A2H,ABFLOW021,Coal,24.551448964108936,26.591885532439,51.143334496547936
Finland,2008,1A2H,ABFLOW021,Natural gas,24.551448964108936,12.69965230300928,37.251101267118216
Finland,2008,1A2H,ABFLOW021,Oil,24.551448964108936,25.42727740816806,49.978726372276995
Finland,2008,1A2I,ABFLOW013,Coal,24.551448964108936,26.591885532439,51.143334496547936
Finland,2008,1A2I,ABFLOW013,Natural gas,24.551448964108936,12.69965230300928,37.251101267118216
Finland,2008,1A2I,ABFLOW013,Oil,24.551448964108936,25.42727740816806,49.978726372276995
Finland,2008,1A2J,ABFLOW024,Coal,24.551448964108936,26.591885532439,51.143334496547936
Finland,2008,1A2J,ABFLOW024,Natural gas,24.551448964108936,12.69965230300928,37.251101267118216
Finland,2008,1A2J,ABFLOW024,Oil,24.551448964108936,25.42727740816806,49.978726372276995
Finland,2008,1A2K,ABFLOW014,Coal,24.551448964108936,26.591885532439,51.143334496547936
Finland,2008,1A2K,ABFLOW014,Natural gas,24.551448964108936,12.69965230300928,37.251101267118216
Finland,2008,1A2K,ABFLOW014,Oil,24.551448964108936,25.42727740816806,49.978726372276995
Finland,2008,1A2L,ABFLOW025,Coal,24.551448964108936,26.591885532439,51.143334496547936
Finland,2008,1A2L,ABFLOW025,Natural gas,24.551448964108936,12.69965230300928,37.251101267118216
Finland,2008,1A2L,ABFLOW025,Oil,24.551448964108936,25.42727740816806,49.978726372276995
Finland,2008,1A2M,ABFLOW026,Coal,24.551448964108936,26.591885532439,51.143334496547936
Finland,2008,1A2M,ABFLOW026,Natural gas,24.551448964108936,12.69965230300928,37.251101267118216
Finland,2008,1A2M,ABFLOW026,Oil,24.551448964108936,25.42727740816806,49.978726372276995
Finland,2008,1A3,ABFLOW027,Coal,,,0.0
Finland,2008,1A3,ABFLOW027,Natural gas,,,0.0
Finland,2008,1A3,ABFLOW027,Oil,,,0.0
Finland,2008,1A3A1,ABFLOW040,Coal,,,0.0
Finland,2008,1A3A1,ABFLOW040,Natural gas,,,0.0
Finland,2008,1A3A1,ABFLOW040,Oil,,,0.0
Finland,2008,1A3A2,ABFLOW029,Coal,,26.591885532439,26.591885532439
Finland,2008,1A3A2,ABFLOW029,Natural gas,,12.69965230300928,12.69965230300928
Finland,2008,1A3A2,ABFLOW029,Oil,,25.42727740816806,25.42727740816806
Finland,2008,1A3B,ABFLOW028,Coal,,26.591885532439,26.591885532439
Finland,2008,1A3B,ABFLOW028,Natural gas,,12.69965230300928,12.69965230300928
Finland,2008,1A3B,ABFLOW028,Oil,,25.42727740816806,25.42727740816806
Finland,2008,1A3C,ABFLOW030,Coal,,,0.0
Finland,2008,1A3C,ABFLOW030,Natural gas,,,0.0
Finland,2008,1A3C,ABFLOW030,Oil,,,0.0
Finland,2008,1A3D1,ABFLOW039,Coal,,,0.0
Finland,2008,1A3D1,ABFLOW039,Natural gas,,,0.0
Finland,2008,1A3D1,ABFLOW039,Oil,,,0.0
Finland,2008,1A3D2,ABFLOW032,Coal,,,0.0
Finland,2008,1A3D2,ABFLOW032,Natural gas,,,0.0
Finland,2008,1A3D2,ABFLOW032,Oil,,,0.0
Finland,2008,1A3E1,ABFLOW033,Coal,,,0.0
Finland,2008,1A3E1,ABFLOW033,Natural gas,,,0.0
Finland,2008,1A3E1,ABFLOW033,Oil,,,0.0
Finland,2008,1A4A,ABFLOW035,Coal,,26.591885532439,26.591885532439
Finland,2008,1A4A,ABFLOW035,Natural gas,,12.69965230300928,12.69965230300928
Finland,2008,1A4A,ABFLOW035,Oil,,25.42727740816806,25.42727740816806
Finland,2008,1A4B,ABFLOW034,Coal,,26.591885532439,26.591885532439
Finland,2008,1A4B,ABFLOW034,Natural gas,,12.69965230300928,12.69965230300928
Finland,2008,1A4B,ABFLOW034,Oil,,25.42727740816806,25.42727740816806
Finland,2008,1A4C1,ABFLOW036,Coal,,26.591885532439,26.591885532439
Finland,2008,1A4C1,ABFLOW036,Natural gas,,12.69965230300928,12.69965230300928
Finland,2008,1A4C1,ABFLOW036,Oil,,25.42727740816806,25.42727740816806
Finland,2008,1A4C2,ABFLOW037,Coal,,26.591885532439,26.591885532439
Finland,2008,1A4C2,ABFLOW037,Natural gas,,12.69965230300928,12.69965230300928
Finland,2008,1A4C2,ABFLOW037,Oil,,25.42727740816806,25.42727740816806
Finland,2008,1A5,ABFLOW038,Coal,,,0.0
Finland,2008,1A5,ABFLOW038,Natural gas,,,0.0
Finland,2008,1A5,ABFLOW038,Oil,,,0.0
Finland,2009,1A,ABFLOW001,Coal,,,0.0
Finland,2009,1A,ABFLOW001,Natural gas,,,0.0
Finland,2009,1A,ABFLOW001,Oil,,,0.0
Finland,2009,1A1A,ABFLOW002,Coal,,,0.0
Finland,2009,1A1A,ABFLOW002,Natural gas,,,0.0
Finland,2009,1A1A,ABFLOW002,Oil,,,0.0
Finland,2009,1A1A1,ABFLOW003,Coal,18.25202421701068,,18.25202421701068
Finland,2009,1A1A1,ABFLOW003,Natural gas,18.25202421701068,,18.25202421701068
Finland,2009,1A1A1,ABFLOW003,Oil,18.25202421701068,,18.25202421701068
Finland,2009,1A1A2,ABFLOW004,Coal,18.25202421701068,,18.25202421701068
Finland,2009,1A1A2,ABFLOW004,Natural gas,18.25202421701068,,18.25202421701068
Finland,2009,1A1A2,ABFLOW004,Oil,18.25202421701068,,18.25202421701068
Finland,2009,1A1A3,ABFLOW005,Coal,18.25202421701068,,18.25202421701068
Finland,2009,1A1A3,ABFLOW005,Natural gas,18.25202421701068,,18.25202421701068
Finland,2009,1A1A3,ABFLOW005,Oil,18.25202421701068,,18.25202421701068
Finland,2009,1A1B,ABFLOW011,Coal,18.25202421701068,26.12805370618413,44.380077923194804
Finland,2009,1A1B,ABFLOW011,Natural gas,18.25202421701068,12.478137250482412,30.73016146749309
Finland,2009,1A1B,ABFLOW011,Oil,18.25202421701068,24.983759384501308,43.23578360151198
Finland,2009,1A1C,ABFLOW011,Coal,18.25202421701068,26.12805370618413,44.380077923194804
Finland,2009,1A1C,ABFLOW011,Natural gas,18.25202421701068,12.478137250482412,30.73016146749309
Finland,2009,1A1C,ABFLOW011,Oil,18.25202421701068,24.983759384501308,43.23578360151198
Finland,2009,1A2,ABFLOW012,Coal,,,0.0
Finland,2009,1A2,ABFLOW012,Natural gas,,,0.0
Finland,2009,1A2,ABFLOW012,Oil,,,0.0
Finland,2009,1A2A,ABFLOW016,Coal,18.25202421701068,26.12805370618413,44.380077923194804
Finland,2009,1A2A,ABFLOW016,Natural gas,18.25202421701068,12.478137250482412,30.73016146749309
Finland,2009,1A2A,ABFLOW016,Oil,18.25202421701068,24.983759384501308,43.23578360151198
Finland,2009,1A2B,ABFLOW018,Coal,18.25202421701068,26.12805370618413,44.380077923194804
Finland,2009,1A2B,ABFLOW018,Natural gas,18.25202421701068,12.478137250482412,30.73016146749309
Finland,2009,1A2B,ABFLOW018,Oil,18.25202421701068,24.983759384501308,43.23578360151198
Finland,2009,1A2C,ABFLOW017,Coal,18.25202421701068,26.12805370618413,44.380077923194804
Finland,2009,1A2C,ABFLOW017,Natural gas,18.25202421701068,12.478137250482412,30.73016146749309
Finland,2009,1A2C,ABFLOW017,Oil,18.25202421701068,24.983759384501308,43.23578360151198
Finland,2009,1A2D,ABFLOW023,Coal,18.25202421701068,26.12805370618413,44.380077923194804
Finland,2009,1A2D,ABFLOW023,Natural gas,18.25202421701068,12.478137250482412,30.73016146749309
Finland,2009,1A2D,ABFLOW023,Oil,18.25202421701068,24.983759384501308,43.23578360151198
Finland,2009,1A2E,ABFLOW022,Coal,18.25202421701068,26.12805370618413,44.380077923194804
Finland,2009,1A2E,ABFLOW022,Natural gas,18.25202421701068,12.478137250482412,30.73016146749309
Finland,2009,1A2E,ABFLOW022,Oil,18.25202421701068,24.983759384501308,43.23578360151198
Finland,2009,1A2F,ABFLOW019,Coal,18.25202421701068,26.12805370618413,44.380077923194804
Finland,2009,1A2F,ABFLOW019,Natural gas,18.25202421701068,12.478137250482412,30.73016146749309
Finland,2009,1A2F,ABFLOW019,Oil,18.25202421701068,24.983759384501308,43.23578360151198
Finland,2009,1A2G,ABFLOW020,Coal,18.25202421701068,26.12805370618413,44.380077923194804
Finland,2009,1A2G,ABFLOW020,Natural gas,18.25202421701068,12.478137250482412,30.73016146749309
Finland,2009,1A2G,ABFLOW020,Oil,18.25202421701068,24.983759384501308,43.23578360151198
Finland,2009,1A2H,ABFLOW021,Coal,18.25202421701068,26.12805370618413,44.380077923194804
Finland,2009,1A2H,ABFLOW021,Natural gas,18.25202421701068,12.478137250482412,30.73016146749309
Finland,2009,1A2H,ABFLOW021,Oil,18.25202421701068,24.983759384501308,43.23578360151198
Finland,2009,1A2I,ABFLOW013,Coal,18.25202421701068,26.12805370618413,44.380077923194804
Finland,2009,1A2I,ABFLOW013,Natural gas,18.25202421701068,12.478137250482412,30.73016146749309
Finland,2009,1A2I,ABFLOW013,Oil,18.25202421701068,24.983759384501308,43.23578360151198
Finland,2009,1A2J,ABFLOW024,Coal,18.25202421701068,26.12805370618413,44.380077923194804
Finland,2009,1A2J,ABFLOW024,Natural gas,18.25202421701068,12.478137250482412,30.73016146749309
Finland,2009,1A2J,ABFLOW024,Oil,18.25202421701068,24.983759384501308,43.23578360151198
Finland,2009,1A2K,ABFLOW014,Coal,18.25202421701068,26.12805370618413,44.380077923194804
Finland,2009,1A2K,ABFLOW014,Natural gas,18.25202421701068,12.478137250482412,30.73016146749309
Finland,2009,1A2K,ABFLOW014,Oil,18.25202421701068,24.983759384501308,43.23578360151198
Finland,2009,1A2L,ABFLOW025,Coal,18.25202421701068,26.12805370618413,44.380077923194804
Finland,2009,1A2L,ABFLOW025,Natural gas,18.25202421701068,12.478137250482412,30.73016146749309
Finland,2009,1A2L,ABFLOW025,Oil,18.25202421701068,24.983759384501308,43.23578360151198
Finland,2009,1A2M,ABFLOW026,Coal,18.25202421701068,26.12805370618413,44.380077923194804
Finland,2009,1A2M,ABFLOW026,Natural gas,18.25202421701068,12.478137250482412,30.73016146749309
Finland,2009,1A2M,ABFLOW026,Oil,18.25202421701068,24.983759384501308,43.23578360151198
Finland,2009,1A3,ABFLOW027,Coal,,,0.0
Finland,2009,1A3,ABFLOW027,Natural gas,,,0.0
Finland,2009,1A3,ABFLOW027,Oil,,,0.0
Finland,2009,1A3A1,ABFLOW040,Coal,,,0.0
Finland,2009,1A3A1,ABFLOW040,Natural gas,,,0.0
Finland,2009,1A3A1,ABFLOW040,Oil,,,0.0
Finland,2009,1A3A2,ABFLOW029,Coal,,26.12805370618413,26.12805370618413
Finland,2009,1A3A2,ABFLOW029,Natural gas,,12.478137250482412,12.478137250482412
Finland,2009,1A3A2,ABFLOW029,Oil,,24.983759384501308,24.983759384501308
Finland,2009,1A3B,ABFLOW028,Coal,,26.12805370618413,26.12805370618413
Finland,2009,1A3B,ABFLOW028,Natural gas,,12.478137250482412,12.478137250482412
Finland,2009,1A3B,ABFLOW028,Oil,,24.983759384501308,24.983759384501308
Finland,2009,1A3C,ABFLOW030,Coal,,,0.0
Finland,2009,1A3C,ABFLOW030,Natural gas,,,0.0
Finland,2009,1A3C,ABFLOW030,Oil,,,0.0
Finland,2009,1A3D1,ABFLOW039,Coal,,,0.0
Finland,2009,1A3D1,ABFLOW039,Natural gas,,,0.0
Finland,2009,1A3D1,ABFLOW039,Oil,,,0.0
Finland,2009,1A3D2,ABFLOW032,Coal,,,0.0
Finland,2009,1A3D2,ABFLOW032,Natural gas,,,0.0
Finland,2009,1A3D2,ABFLOW032,Oil,,,0.0
Finland,2009,1A3E1,ABFLOW033,Coal,,,0.0
Finland,2009,1A3E1,ABFLOW033,Natural gas,,,0.0
Finland,2009,1A3E1,ABFLOW033,Oil,,,0.0
Finland,2009,1A4A,ABFLOW035,Coal,,26.12805370618413,26.12805370618413
Finland,2009,1A4A,ABFLOW035,Natural gas,,12.478137250482412,12.478137250482412
Finland,2009,1A4A,ABFLOW035,Oil,,24.983759384501308,24.983759384501308
Finland,2009,1A4B,ABFLOW034,Coal,,26.12805370618413,26.12805370618413
Finland,2009,1A4B,ABFLOW034,Natural gas,,12.478137250482412,12.478137250482412
Finland,2009,1A4B,ABFLOW034,Oil,,24.983759384501308,24.983759384501308
Finland,2009,1A4C1,ABFLOW036,Coal,,26.12805370618413,26.12805370618413
Finland,2009,1A4C1,ABFLOW036,Natural gas,,12.478137250482412,12.478137250482412
Finland,2009,1A4C1,ABFLOW036,Oil,,24.983759384501308,24.983759384501308
Finland,2009,1A4C2,ABFLOW037,Coal,,26.12805370618413,26.12805370618413
Finland,2009,1A4C2,ABFLOW037,Natural gas,,12.478137250482412,12.478137250482412
Finland,2009,1A4C2,ABFLOW037,Oil,,24.983759384501308,24.983759384501308
Finland,2009,1A5,ABFLOW038,Coal,,,0.0
Finland,2009,1A5,ABFLOW038,Natural gas,,,0.0
Finland,2009,1A5,ABFLOW038,Oil,,,0.0
Finland,2010,1A,ABFLOW001,Coal,,,0.0
Finland,2010,1A,ABFLOW001,Natural gas,,,0.0
Finland,2010,1A,ABFLOW001,Oil,,,0.0
Finland,2010,1A1A,ABFLOW002,Coal,,,0.0
Finland,2010,1A1A,ABFLOW002,Natural gas,,,0.0
Finland,2010,1A1A,ABFLOW002,Oil,,,0.0
Finland,2010,1A1A1,ABFLOW003,Coal,19.83453096057658,,19.83453096057658
Finland,2010,1A1A1,ABFLOW003,Natural gas,19.83453096057658,,19.83453096057658
Finland,2010,1A1A1,ABFLOW003,Oil,19.83453096057658,,19.83453096057658
Finland,2010,1A1A2,ABFLOW004,Coal,19.83453096057658,,19.83453096057658
Finland,2010,1A1A2,ABFLOW004,Natural gas,19.83453096057658,,19.83453096057658
Finland,2010,1A1A2,ABFLOW004,Oil,19.83453096057658,,19.83453096057658
Finland,2010,1A1A3,ABFLOW005,Coal,19.83453096057658,,19.83453096057658
Finland,2010,1A1A3,ABFLOW005,Natural gas,19.83453096057658,,19.83453096057658
Finland,2010,1A1A3,ABFLOW005,Oil,19.83453096057658,,19.83453096057658
Finland,2010,1A1B,ABFLOW011,Coal,19.83453096057658,26.03721685266308,45.87174781323966
Finland,2010,1A1B,ABFLOW011,Natural gas,19.83453096057658,12.434755728904731,32.26928668948131
Finland,2010,1A1B,ABFLOW011,Oil,19.83453096057658,24.896900787334616,44.731431747911195
Finland,2010,1A1C,ABFLOW011,Coal,19.83453096057658,26.03721685266308,45.87174781323966
Finland,2010,1A1C,ABFLOW011,Natural gas,19.83453096057658,12.434755728904731,32.26928668948131
Finland,2010,1A1C,ABFLOW011,Oil,19.83453096057658,24.896900787334616,44.731431747911195
Finland,2010,1A2,ABFLOW012,Coal,,,0.0
Finland,2010,1A2,ABFLOW012,Natural gas,,,0.0
Finland,2010,1A2,ABFLOW012,Oil,,,0.0
Finland,2010,1A2A,ABFLOW016,Coal,19.83453096057658,26.03721685266308,45.87174781323966
Finland,2010,1A2A,ABFLOW016,Natural gas,19.83453096057658,12.434755728904731,32.26928668948131
Finland,2010,1A2A,ABFLOW016,Oil,19.83453096057658,24.896900787334616,44.731431747911195
Finland,2010,1A2B,ABFLOW018,Coal,19.83453096057658,26.03721685266308,45.87174781323966
Finland,2010,1A2B,ABFLOW018,Natural gas,19.83453096057658,12.434755728904731,32.26928668948131
Finland,2010,1A2B,ABFLOW018,Oil,19.83453096057658,24.896900787334616,44.731431747911195
Finland,2010,1A2C,ABFLOW017,Coal,19.83453096057658,26.03721685266308,45.87174781323966
Finland,2010,1A2C,ABFLOW017,Natural gas,19.83453096057658,12.434755728904731,32.26928668948131
Finland,2010,1A2C,ABFLOW017,Oil,19.83453096057658,24.896900787334616,44.731431747911195
Finland,2010,1A2D,ABFLOW023,Coal,19.83453096057658,26.03721685266308,45.87174781323966
Finland,2010,1A2D,ABFLOW023,Natural gas,19.83453096057658,12.434755728904731,32.26928668948131
Finland,2010,1A2D,ABFLOW023,Oil,19.83453096057658,24.896900787334616,44.731431747911195
Finland,2010,1A2E,ABFLOW022,Coal,19.83453096057658,26.03721685266308,45.87174781323966
Finland,2010,1A2E,ABFLOW022,Natural gas,19.83453096057658,12.434755728904731,32.26928668948131
Finland,2010,1A2E,ABFLOW022,Oil,19.83453096057658,24.896900787334616,44.731431747911195
Finland,2010,1A2F,ABFLOW019,Coal,19.83453096057658,26.03721685266308,45.87174781323966
Finland,2010,1A2F,ABFLOW019,Natural gas,19.83453096057658,12.434755728904731,32.26928668948131
Finland,2010,1A2F,ABFLOW019,Oil,19.83453096057658,24.896900787334616,44.731431747911195
Finland,2010,1A2G,ABFLOW020,Coal,19.83453096057658,26.03721685266308,45.87174781323966
Finland,2010,1A2G,ABFLOW020,Natural gas,19.83453096057658,12.434755728904731,32.26928668948131
Finland,2010,1A2G,ABFLOW020,Oil,19.83453096057658,24.896900787334616,44.731431747911195
Finland,2010,1A2H,ABFLOW021,Coal,19.83453096057658,26.03721685266308,45.87174781323966
Finland,2010,1A2H,ABFLOW021,Natural gas,19.83453096057658,12.434755728904731,32.26928668948131
Finland,2010,1A2H,ABFLOW021,Oil,19.83453096057658,24.896900787334616,44.731431747911195
Finland,2010,1A2I,ABFLOW013,Coal,19.83453096057658,26.03721685266308,45.87174781323966
Finland,2010,1A2I,ABFLOW013,Natural gas,19.83453096057658,12.434755728904731,32.26928668948131
Finland,2010,1A2I,ABFLOW013,Oil,19.83453096057658,24.896900787334616,44.731431747911195
Finland,2010,1A2J,ABFLOW024,Coal,19.83453096057658,26.03721685266308,45.87174781323966
Finland,2010,1A2J,ABFLOW024,Natural gas,19.83453096057658,12.434755728904731,32.26928668948131
Finland,2010,1A2J,ABFLOW024,Oil,19.83453096057658,24.896900787334616,44.731431747911195
Finland,2010,1A2K,ABFLOW014,Coal,19.83453096057658,26.03721685266308,45.87174781323966
Finland,2010,1A2K,ABFLOW014,Natural gas,19.83453096057658,12.434755728904731,32.26928668948131
Finland,2010,1A2K,ABFLOW014,Oil,19.83453096057658,24.896900787334616,44.731431747911195
Finland,2010,1A2L,ABFLOW025,Coal,19.83453096057658,26.03721685266308,45.87174781323966
Finland,2010,1A2L,ABFLOW025,Natural gas,19.83453096057658,12.434755728904731,32.26928668948131
Finland,2010,1A2L,ABFLOW025,Oil,19.83453096057658,24.896900787334616,44.731431747911195
Finland,2010,1A2M,ABFLOW026,Coal,19.83453096057658,26.03721685266308,45.87174781323966
Finland,2010,1A2M,ABFLOW026,Natural gas,19.83453096057658,12.434755728904731,32.26928668948131
Finland,2010,1A2M,ABFLOW026,Oil,19.83453096057658,24.896900787334616,44.731431747911195
Finland,2010,1A3,ABFLOW027,Coal,,,0.0
Finland,2010,1A3,ABFLOW027,Natural gas,,,0.0
Finland,2010,1A3,ABFLOW027,Oil,,,0.0
Finland,2010,1A3A1,ABFLOW040,Coal,,,0.0
Finland,2010,1A3A1,ABFLOW040,Natural gas,,,0.0
Finland,2010,1A3A1,ABFLOW040,Oil,,,0.0
Finland,2010,1A3A2,ABFLOW029,Coal,,26.03721685266308,26.03721685266308
Finland,2010,1A3A2,ABFLOW029,Natural gas,,12.434755728904731,12.434755728904731
Finland,2010,1A3A2,ABFLOW029,Oil,,24.896900787334616,24.896900787334616
Finland,2010,1A3B,ABFLOW028,Coal,,26.03721685266308,26.03721685266308
Finland,2010,1A3B,ABFLOW028,Natural gas,,12.434755728904731,12.434755728904731
Finland,2010,1A3B,ABFLOW028,Oil,,24.896900787334616,24.896900787334616
Finland,2010,1A3C,ABFLOW030,Coal,,,0.0
Finland,2010,1A3C,ABFLOW030,Natural gas,,,0.0
Finland,2010,1A3C,ABFLOW030,Oil,,,0.0
Finland,2010,1A3D1,ABFLOW039,Coal,,,0.0
Finland,2010,1A3D1,ABFLOW039,Natural gas,,,0.0
Finland,2010,1A3D1,ABFLOW039,Oil,,,0.0
Finland,2010,1A3D2,ABFLOW032,Coal,,,0.0
Finland,2010,1A3D2,ABFLOW032,Natural gas,,,0.0
Finland,2010,1A3D2,ABFLOW032,Oil,,,0.0
Finland,2010,1A3E1,ABFLOW033,Coal,,,0.0
Finland,2010,1A3E1,ABFLOW033,Natural gas,,,0.0
Finland,2010,1A3E1,ABFLOW033,Oil,,,0.0
Finland,2010,1A4A,ABFLOW035,Coal,,26.03721685266308,26.03721685266308
Finland,2010,1A4A,ABFLOW035,Natural gas,,12.434755728904731,12.434755728904731
Finland,2010,1A4A,ABFLOW035,Oil,,24.896900787334616,24.896900787334616
Finland,2010,1A4B,ABFLOW034,Coal,,26.03721685266308,26.03721685266308
Finland,2010,1A4B,ABFLOW034,Natural gas,,12.434755728904731,12.434755728904731
Finland,2010,1A4B,ABFLOW034,Oil,,24.896900787334616,24.896900787334616
Finland,2010,1A4C1,ABFLOW036,Coal,,26.03721685266308,26.03721685266308
Finland,2010,1A4C1,ABFLOW036,Natural gas,,12.434755728904731,12.434755728904731
Finland,2010,1A4C1,ABFLOW036,Oil,,24.896900787334616,24.896900787334616
Finland,2010,1A4C2,ABFLOW037,Coal,,26.03721685266308,26.03721685266308
Finland,2010,1A4C2,ABFLOW037,Natural gas,,12.434755728904731,12.434755728904731
Finland,2010,1A4C2,ABFLOW037,Oil,,24.896900787334616,24.896900787334616
Finland,2010,1A5,ABFLOW038,Coal,,,0.0
Finland,2010,1A5,ABFLOW038,Natural gas,,,0.0
Finland,2010,1A5,ABFLOW038,Oil,,,0.0
Finland,2011,1A,ABFLOW001,Coal,,,0.0
Finland,2011,1A,ABFLOW001,Natural gas,,,0.0
Finland,2011,1A,ABFLOW001,Oil,,,0.0
Finland,2011,1A1A,ABFLOW002,Coal,,,0.0
Finland,2011,1A1A,ABFLOW002,Natural gas,,,0.0
Finland,2011,1A1A,ABFLOW002,Oil,,,0.0
Finland,2011,1A1A1,ABFLOW003,Coal,17.444389299578383,,17.444389299578383
Finland,2011,1A1A1,ABFLOW003,Natural gas,17.444389299578383,,17.444389299578383
Finland,2011,1A1A1,ABFLOW003,Oil,17.444389299578383,,17.444389299578383
Finland,2011,1A1A2,ABFLOW004,Coal,17.444389299578383,,17.444389299578383
Finland,2011,1A1A2,ABFLOW004,Natural gas,17.444389299578383,,17.444389299578383
Finland,2011,1A1A2,ABFLOW004,Oil,17.444389299578383,,17.444389299578383
Finland,2011,1A1A3,ABFLOW005,Coal,17.444389299578383,,17.444389299578383
Finland,2011,1A1A3,ABFLOW005,Natural gas,17.444389299578383,,17.444389299578383
Finland,2011,1A1A3,ABFLOW005,Oil,17.444389299578383,,17.444389299578383
Finland,2011,1A1B,ABFLOW011,Coal,17.444389299578383,37.2373507026309,54.68174000220928
Finland,2011,1A1B,ABFLOW011,Natural gas,17.444389299578383,39.64209237807061,57.08648167764899
Finland,2011,1A1B,ABFLOW011,Oil,17.444389299578383,24.265765640835465,41.710154940413844
Finland,2011,1A1C,ABFLOW011,Coal,17.444389299578383,37.2373507026309,54.68174000220928
Finland,2011,1A1C,ABFLOW011,Natural gas,17.444389299578383,39.64209237807061,57.08648167764899
Finland,2011,1A1C,ABFLOW011,Oil,17.444389299578383,24.265765640835465,41.710154940413844
Finland,2011,1A2,ABFLOW012,Coal,,,0.0
Finland,2011,1A2,ABFLOW012,Natural gas,,,0.0
Finland,2011,1A2,ABFLOW012,Oil,,,0.0
Finland,2011,1A2A,ABFLOW016,Coal,17.444389299578383,37.2373507026309,54.68174000220928
Finland,2011,1A2A,ABFLOW016,Natural gas,17.444389299578383,39.64209237807061,57.08648167764899
Finland,2011,1A2A,ABFLOW016,Oil,17.444389299578383,24.265765640835465,41.710154940413844
Finland,2011,1A2B,ABFLOW018,Coal,17.444389299578383,37.2373507026309,54.68174000220928
Finland,2011,1A2B,ABFLOW018,Natural gas,17.444389299578383,39.64209237807061,57.08648167764899
Finland,2011,1A2B,ABFLOW018,Oil,17.444389299578383,24.265765640835465,41.710154940413844
Finland,2011,1A2C,ABFLOW017,Coal,17.444389299578383,37.2373507026309,54.68174000220928
Finland,2011,1A2C,ABFLOW017,Natural gas,17.444389299578383,39.64209237807061,57.08648167764899
Finland,2011,1A2C,ABFLOW017,Oil,17.444389299578383,24.265765640835465,41.710154940413844
Finland,2011,1A2D,ABFLOW023,Coal,17.444389299578383,37.2373507026309,54.68174000220928
Finland,2011,1A2D,ABFLOW023,Natural gas,17.444389299578383,39.64209237807061,57.08648167764899
Finland,2011,1A2D,ABFLOW023,Oil,17.444389299578383,24.265765640835465,41.710154940413844
Finland,2011,1A2E,ABFLOW022,Coal,17.444389299578383,37.2373507026309,54.68174000220928
Finland,2011,1A2E,ABFLOW022,Natural gas,17.444389299578383,39.64209237807061,57.08648167764899
Finland,2011,1A2E,ABFLOW022,Oil,17.444389299578383,24.265765640835465,41.710154940413844
Finland,2011,1A2F,ABFLOW019,Coal,17.444389299578383,37.2373507026309,54.68174000220928
Finland,2011,1A2F,ABFLOW019,Natural gas,17.444389299578383,39.64209237807061,57.08648167764899
Finland,2011,1A2F,ABFLOW019,Oil,17.444389299578383,24.265765640835465,41.710154940413844
Finland,2011,1A2G,ABFLOW020,Coal,17.444389299578383,37.2373507026309,54.68174000220928
Finland,2011,1A2G,ABFLOW020,Natural gas,17.444389299578383,39.64209237807061,57.08648167764899
Finland,2011,1A2G,ABFLOW020,Oil,17.444389299578383,24.265765640835465,41.710154940413844
Finland,2011,1A2H,ABFLOW021,Coal,17.444389299578383,37.2373507026309,54.68174000220928
Finland,2011,1A2H,ABFLOW021,Natural gas,17.444389299578383,39.64209237807061,57.08648167764899
Finland,2011,1A2H,ABFLOW021,Oil,17.444389299578383,24.265765640835465,41.710154940413844
Finland,2011,1A2I,ABFLOW013,Coal,17.444389299578383,37.2373507026309,54.68174000220928
Finland,2011,1A2I,ABFLOW013,Natural gas,17.444389299578383,39.64209237807061,57.08648167764899
Finland,2011,1A2I,ABFLOW013,Oil,17.444389299578383,24.265765640835465,41.710154940413844
Finland,2011,1A2J,ABFLOW024,Coal,17.444389299578383,37.2373507026309,54.68174000220928
Finland,2011,1A2J,ABFLOW024,Natural gas,17.444389299578383,39.64209237807061,57.08648167764899
Finland,2011,1A2J,ABFLOW024,Oil,17.444389299578383,24.265765640835465,41.710154940413844
Finland,2011,1A2K,ABFLOW014,Coal,17.444389299578383,37.2373507026309,54.68174000220928
Finland,2011,1A2K,ABFLOW014,Natural gas,17.444389299578383,39.64209237807061,57.08648167764899
Finland,2011,1A2K,ABFLOW014,Oil,17.444389299578383,24.265765640835465,41.710154940413844
Finland,2011,1A2L,ABFLOW025,Coal,17.444389299578383,37.2373507026309,54.68174000220928
Finland,2011,1A2L,ABFLOW025,Natural gas,17.444389299578383,39.64209237807061,57.08648167764899
Finland,2011,1A2L,ABFLOW025,Oil,17.444389299578383,24.265765640835465,41.710154940413844
Finland,2011,1A2M,ABFLOW026,Coal,17.444389299578383,37.2373507026309,54.68174000220928
Finland,2011,1A2M,ABFLOW026,Natural gas,17.444389299578383,39.64209237807061,57.08648167764899
Finland,2011,1A2M,ABFLOW026,Oil,17.444389299578383,24.265765640835465,41.710154940413844
Finland,2011,1A3,ABFLOW027,Coal,,,0.0
Finland,2011,1A3,ABFLOW027,Natural gas,,,0.0
Finland,2011,1A3,ABFLOW027,Oil,,,0.0
Finland,2011,1A3A1,ABFLOW040,Coal,,,0.0
Finland,2011,1A3A1,ABFLOW040,Natural gas,,,0.0
Finland,2011,1A3A1,ABFLOW040,Oil,,,0.0
Finland,2011,1A3A2,ABFLOW029,Coal,,37.2373507026309,37.2373507026309
Finland,2011,1A3A2,ABFLOW029,Natural gas,,39.64209237807061,39.64209237807061
Finland,2011,1A3A2,ABFLOW029,Oil,,24.265765640835465,24.265765640835465
Finland,2011,1A3B,ABFLOW028,Coal,,37.2373507026309,37.2373507026309
Finland,2011,1A3B,ABFLOW028,Natural gas,,39.64209237807061,39.64209237807061
Finland,2011,1A3B,ABFLOW028,Oil,,24.265765640835465,24.265765640835465
Finland,2011,1A3C,ABFLOW030,Coal,,,0.0
Finland,2011,1A3C,ABFLOW030,Natural gas,,,0.0
Finland,2011,1A3C,ABFLOW030,Oil,,,0.0
Finland,2011,1A3D1,ABFLOW039,Coal,,,0.0
Finland,2011,1A3D1,ABFLOW039,Natural gas,,,0.0
Finland,2011,1A3D1,ABFLOW039,Oil,,,0.0
Finland,2011,1A3D2,ABFLOW032,Coal,,,0.0
Finland,2011,1A3D2,ABFLOW032,Natural gas,,,0.0
Finland,2011,1A3D2,ABFLOW032,Oil,,,0.0
Finland,2011,1A3E1,ABFLOW033,Coal,,,0.0
Finland,2011,1A3E1,ABFLOW033,Natural gas,,,0.0
Finland,2011,1A3E1,ABFLOW033,Oil,,,0.0
Finland,2011,1A4A,ABFLOW035,Coal,,37.2373507026309,37.2373507026309
Finland,2011,1A4A,ABFLOW035,Natural gas,,39.64209237807061,39.64209237807061
Finland,2011,1A4A,ABFLOW035,Oil,,24.265765640835465,24.265765640835465
Finland,2011,1A4B,ABFLOW034,Coal,,37.2373507026309,37.2373507026309
Finland,2011,1A4B,ABFLOW034,Natural gas,,39.64209237807061,39.64209237807061
Finland,2011,1A4B,ABFLOW034,Oil,,24.265765640835465,24.265765640835465
Finland,2011,1A4C1,ABFLOW036,Coal,,37.2373507026309,37.2373507026309
Finland,2011,1A4C1,ABFLOW036,Natural gas,,39.64209237807061,39.64209237807061
Finland,2011,1A4C1,ABFLOW036,Oil,,24.265765640835465,24.265765640835465
Finland,2011,1A4C2,ABFLOW037,Coal,,37.2373507026309,37.2373507026309
Finland,2011,1A4C2,ABFLOW037,Natural gas,,39.64209237807061,39.64209237807061
Finland,2011,1A4C2,ABFLOW037,Oil,,24.265765640835465,24.265765640835465
Finland,2011,1A5,ABFLOW038,Coal,,,0.0
Finland,2011,1A5,ABFLOW038,Natural gas,,,0.0
Finland,2011,1A5,ABFLOW038,Oil,,,0.0
Finland,2012,1A,ABFLOW001,Coal,,,0.0
Finland,2012,1A,ABFLOW001,Natural gas,,,0.0
Finland,2012,1A,ABFLOW001,Oil,,,0.0
Finland,2012,1A1A,ABFLOW002,Coal,,,0.0
Finland,2012,1A1A,ABFLOW002,Natural gas,,,0.0
Finland,2012,1A1A,ABFLOW002,Oil,,,0.0
Finland,2012,1A1A1,ABFLOW003,Coal,9.66431634030045,,9.66431634030045
Finland,2012,1A1A1,ABFLOW003,Natural gas,9.66431634030045,,9.66431634030045
Finland,2012,1A1A1,ABFLOW003,Oil,9.66431634030045,,9.66431634030045
Finland,2012,1A1A2,ABFLOW004,Coal,9.66431634030045,,9.66431634030045
Finland,2012,1A1A2,ABFLOW004,Natural gas,9.66431634030045,,9.66431634030045
Finland,2012,1A1A2,ABFLOW004,Oil,9.66431634030045,,9.66431634030045
Finland,2012,1A1A3,ABFLOW005,Coal,9.66431634030045,,9.66431634030045
Finland,2012,1A1A3,ABFLOW005,Natural gas,9.66431634030045,,9.66431634030045
Finland,2012,1A1A3,ABFLOW005,Oil,9.66431634030045,,9.66431634030045
Finland,2012,1A1B,ABFLOW011,Coal,9.66431634030045,36.171961223420624,45.836277563721076
Finland,2012,1A1B,ABFLOW011,Natural gas,9.66431634030045,38.50790137477524,48.17221771507569
Finland,2012,1A1B,ABFLOW011,Oil,9.66431634030045,69.40498184768616,79.0692981879866
Finland,2012,1A1C,ABFLOW011,Coal,9.66431634030045,36.171961223420624,45.836277563721076
Finland,2012,1A1C,ABFLOW011,Natural gas,9.66431634030045,38.50790137477524,48.17221771507569
Finland,2012,1A1C,ABFLOW011,Oil,9.66431634030045,69.40498184768616,79.0692981879866
Finland,2012,1A2,ABFLOW012,Coal,,,0.0
Finland,2012,1A2,ABFLOW012,Natural gas,,,0.0
Finland,2012,1A2,ABFLOW012,Oil,,,0.0
Finland,2012,1A2A,ABFLOW016,Coal,9.66431634030045,36.171961223420624,45.836277563721076
Finland,2012,1A2A,ABFLOW016,Natural gas,9.66431634030045,38.50790137477524,48.17221771507569
Finland,2012,1A2A,ABFLOW016,Oil,9.66431634030045,69.40498184768616,79.0692981879866
Finland,2012,1A2B,ABFLOW018,Coal,9.66431634030045,36.171961223420624,45.836277563721076
Finland,2012,1A2B,ABFLOW018,Natural gas,9.66431634030045,38.50790137477524,48.17221771507569
Finland,2012,1A2B,ABFLOW018,Oil,9.66431634030045,69.40498184768616,79.0692981879866
Finland,2012,1A2C,ABFLOW017,Coal,9.66431634030045,36.171961223420624,45.836277563721076
Finland,2012,1A2C,ABFLOW017,Natural gas,9.66431634030045,38.50790137477524,48.17221771507569
Finland,2012,1A2C,ABFLOW017,Oil,9.66431634030045,69.40498184768616,79.0692981879866
Finland,2012,1A2D,ABFLOW023,Coal,9.66431634030045,36.171961223420624,45.836277563721076
Finland,2012,1A2D,ABFLOW023,Natural gas,9.66431634030045,38.50790137477524,48.17221771507569
Finland,2012,1A2D,ABFLOW023,Oil,9.66431634030045,69.40498184768616,79.0692981879866
Finland,2012,1A2E,ABFLOW022,Coal,9.66431634030045,36.171961223420624,45.836277563721076
Finland,2012,1A2E,ABFLOW022,Natural gas,9.66431634030045,38.50790137477524,48.17221771507569
Finland,2012,1A2E,ABFLOW022,Oil,9.66431634030045,69.40498184768616,79.0692981879866
Finland,2012,1A2F,ABFLOW019,Coal,9.66431634030045,36.171961223420624,45.836277563721076
Finland,2012,1A2F,ABFLOW019,Natural gas,9.66431634030045,38.50790137477524,48.17221771507569
Finland,2012,1A2F,ABFLOW019,Oil,9.66431634030045,69.40498184768616,79.0692981879866
Finland,2012,1A2G,ABFLOW020,Coal,9.66431634030045,36.171961223420624,45.836277563721076
Finland,2012,1A2G,ABFLOW020,Natural gas,9.66431634030045,38.50790137477524,48.17221771507569
Finland,2012,1A2G,ABFLOW020,Oil,9.66431634030045,69.40498184768616,79.0692981879866
Finland,2012,1A2H,ABFLOW021,Coal,9.66431634030045,36.171961223420624,45.836277563721076
Finland,2012,1A2H,ABFLOW021,Natural gas,9.66431634030045,38.50790137477524,48.17221771507569
Finland,2012,1A2H,ABFLOW021,Oil,9.66431634030045,69.40498184768616,79.0692981879866
Finland,2012,1A2I,ABFLOW013,Coal,9.66431634030045,36.171961223420624,45.836277563721076
Finland,2012,1A2I,ABFLOW013,Natural gas,9.66431634030045,38.50790137477524,48.17221771507569
Finland,2012,1A2I,ABFLOW013,Oil,9.66431634030045,69.40498184768616,79.0692981879866
Finland,2012,1A2J,ABFLOW024,Coal,9.66431634030045,36.171961223420624,45.836277563721076
Finland,2012,1A2J,ABFLOW024,Natural gas,9.66431634030045,38.50790137477524,48.17221771507569
Finland,2012,1A2J,ABFLOW024,Oil,9.66431634030045,69.40498184768616,79.0692981879866
Finland,2012,1A2K,ABFLOW014,Coal,9.66431634030045,36.171961223420624,45.836277563721076
Finland,2012,1A2K,ABFLOW014,Natural gas,9.66431634030045,38.50790137477524,48.17221771507569
Finland,2012,1A2K,ABFLOW014,Oil,9.66431634030045,69.40498184768616,79.0692981879866
Finland,2012,1A2L,ABFLOW025,Coal,9.66431634030045,36.171961223420624,45.836277563721076
Finland,2012,1A2L,ABFLOW025,Natural gas,9.66431634030045,38.50790137477524,48.17221771507569
Finland,2012,1A2L,ABFLOW025,Oil,9.66431634030045,69.40498184768616,79.0692981879866
Finland,2012,1A2M,ABFLOW026,Coal,9.66431634030045,36.171961223420624,45.836277563721076
Finland,2012,1A2M,ABFLOW026,Natural gas,9.66431634030045,38.50790137477524,48.17221771507569
Finland,2012,1A2M,ABFLOW026,Oil,9.66431634030045,69.40498184768616,79.0692981879866
Finland,2012,1A3,ABFLOW027,Coal,,,0.0
Finland,2012,1A3,ABFLOW027,Natural gas,,,0.0
Finland,2012,1A3,ABFLOW027,Oil,,,0.0
Finland,2012,1A3A1,ABFLOW040,Coal,9.66431634030045,,9.66431634030045
Finland,2012,1A3A1,ABFLOW040,Natural gas,9.66431634030045,,9.66431634030045
Finland,2012,1A3A1,ABFLOW040,Oil,9.66431634030045,,9.66431634030045
Finland,2012,1A3A2,ABFLOW029,Coal,9.66431634030045,36.171961223420624,45.836277563721076
Finland,2012,1A3A2,ABFLOW029,Natural gas,9.66431634030045,38.50790137477524,48.17221771507569
Finland,2012,1A3A2,ABFLOW029,Oil,9.66431634030045,69.40498184768616,79.0692981879866
Finland,2012,1A3B,ABFLOW028,Coal,,36.171961223420624,36.171961223420624
Finland,2012,1A3B,ABFLOW028,Natural gas,,38.50790137477524,38.50790137477524
Finland,2012,1A3B,ABFLOW028,Oil,,69.40498184768616,69.40498184768616
Finland,2012,1A3C,ABFLOW030,Coal,,,0.0
Finland,2012,1A3C,ABFLOW030,Natural gas,,,0.0
Finland,2012,1A3C,ABFLOW030,Oil,,,0.0
Finland,2012,1A3D1,ABFLOW039,Coal,,,0.0
Finland,2012,1A3D1,ABFLOW039,Natural gas,,,0.0
Finland,2012,1A3D1,ABFLOW039,Oil,,,0.0
Finland,2012,1A3D2,ABFLOW032,Coal,,,0.0
Finland,2012,1A3D2,ABFLOW032,Natural gas,,,0.0
Finland,2012,1A3D2,ABFLOW032,Oil,,,0.0
Finland,2012,1A3E1,ABFLOW033,Coal,,,0.0
Finland,2012,1A3E1,ABFLOW033,Natural gas,,,0.0
Finland,2012,1A3E1,ABFLOW033,Oil,,,0.0
Finland,2012,1A4A,ABFLOW035,Coal,,36.171961223420624,36.171961223420624
Finland,2012,1A4A,ABFLOW035,Natural gas,,38.50790137477524,38.50790137477524
Finland,2012,1A4A,ABFLOW035,Oil,,69.40498184768616,69.40498184768616
Finland,2012,1A4B,ABFLOW034,Coal,,36.171961223420624,36.171961223420624
Finland,2012,1A4B,ABFLOW034,Natural gas,,38.50790137477524,38.50790137477524
Finland,2012,1A4B,ABFLOW034,Oil,,69.40498184768616,69.40498184768616
Finland,2012,1A4C1,ABFLOW036,Coal,,36.171961223420624,36.171961223420624
Finland,2012,1A4C1,ABFLOW036,Natural gas,,38.50790137477524,38.50790137477524
Finland,2012,1A4C1,ABFLOW036,Oil,,69.40498184768616,69.40498184768616
Finland,2012,1A4C2,ABFLOW037,Coal,,36.171961223420624,36.171961223420624
Finland,2012,1A4C2,ABFLOW037,Natural gas,,38.50790137477524,38.50790137477524
Finland,2012,1A4C2,ABFLOW037,Oil,,69.40498184768616,69.40498184768616
Finland,2012,1A5,ABFLOW038,Coal,,,0.0
Finland,2012,1A5,ABFLOW038,Natural gas,,,0.0
Finland,2012,1A5,ABFLOW038,Oil,,,0.0
Finland,2013,1A,ABFLOW001,Coal,,,0.0
Finland,2013,1A,ABFLOW001,Natural gas,,,0.0
Finland,2013,1A,ABFLOW001,Oil,,,0.0
Finland,2013,1A1A,ABFLOW002,Coal,,,0.0
Finland,2013,1A1A,ABFLOW002,Natural gas,,,0.0
Finland,2013,1A1A,ABFLOW002,Oil,,,0.0
Finland,2013,1A1A1,ABFLOW003,Coal,5.707400943557311,,5.707400943557311
Finland,2013,1A1A1,ABFLOW003,Natural gas,5.707400943557311,,5.707400943557311
Finland,2013,1A1A1,ABFLOW003,Oil,5.707400943557311,,5.707400943557311
Finland,2013,1A1A2,ABFLOW004,Coal,5.707400943557311,,5.707400943557311
Finland,2013,1A1A2,ABFLOW004,Natural gas,5.707400943557311,,5.707400943557311
Finland,2013,1A1A2,ABFLOW004,Oil,5.707400943557311,,5.707400943557311
Finland,2013,1A1A3,ABFLOW005,Coal,5.707400943557311,,5.707400943557311
Finland,2013,1A1A3,ABFLOW005,Natural gas,5.707400943557311,,5.707400943557311
Finland,2013,1A1A3,ABFLOW005,Oil,5.707400943557311,,5.707400943557311
Finland,2013,1A1B,ABFLOW011,Coal,5.707400943557311,41.145880225174594,46.853281168731904
Finland,2013,1A1B,ABFLOW011,Natural gas,5.707400943557311,43.80389453929783,49.51129548285514
Finland,2013,1A1B,ABFLOW011,Oil,5.707400943557311,67.67164429721197,73.37904524076929
Finland,2013,1A1C,ABFLOW011,Coal,5.707400943557311,41.145880225174594,46.853281168731904
Finland,2013,1A1C,ABFLOW011,Natural gas,5.707400943557311,43.80389453929783,49.51129548285514
Finland,2013,1A1C,ABFLOW011,Oil,5.707400943557311,67.67164429721197,73.37904524076929
Finland,2013,1A2,ABFLOW012,Coal,,,0.0
Finland,2013,1A2,ABFLOW012,Natural gas,,,0.0
Finland,2013,1A2,ABFLOW012,Oil,,,0.0
Finland,2013,1A2A,ABFLOW016,Coal,5.707400943557311,41.145880225174594,46.853281168731904
Finland,2013,1A2A,ABFLOW016,Natural gas,5.707400943557311,43.80389453929783,49.51129548285514
Finland,2013,1A2A,ABFLOW016,Oil,5.707400943557311,67.67164429721197,73.37904524076929
Finland,2013,1A2B,ABFLOW018,Coal,5.707400943557311,41.145880225174594,46.853281168731904
Finland,2013,1A2B,ABFLOW018,Natural gas,5.707400943557311,43.80389453929783,49.51129548285514
Finland,2013,1A2B,ABFLOW018,Oil,5.707400943557311,67.67164429721197,73.37904524076929
Finland,2013,1A2C,ABFLOW017,Coal,5.707400943557311,41.145880225174594,46.853281168731904
Finland,2013,1A2C,ABFLOW017,Natural gas,5.707400943557311,43.80389453929783,49.51129548285514
Finland,2013,1A2C,ABFLOW017,Oil,5.707400943557311,67.67164429721197,73.37904524076929
Finland,2013,1A2D,ABFLOW023,Coal,5.707400943557311,41.145880225174594,46.853281168731904
Finland,2013,1A2D,ABFLOW023,Natural gas,5.707400943557311,43.80389453929783,49.51129548285514
Finland,2013,1A2D,ABFLOW023,Oil,5.707400943557311,67.67164429721197,73.37904524076929
Finland,2013,1A2E,ABFLOW022,Coal,5.707400943557311,41.145880225174594,46.853281168731904
Finland,2013,1A2E,ABFLOW022,Natural gas,5.707400943557311,43.80389453929783,49.51129548285514
Finland,2013,1A2E,ABFLOW022,Oil,5.707400943557311,67.67164429721197,73.37904524076929
Finland,2013,1A2F,ABFLOW019,Coal,5.707400943557311,41.145880225174594,46.853281168731904
Finland,2013,1A2F,ABFLOW019,Natural gas,5.707400943557311,43.80389453929783,49.51129548285514
Finland,2013,1A2F,ABFLOW019,Oil,5.707400943557311,67.67164429721197,73.37904524076929
Finland,2013,1A2G,ABFLOW020,Coal,5.707400943557311,41.145880225174594,46.853281168731904
Finland,2013,1A2G,ABFLOW020,Natural gas,5.707400943557311,43.80389453929783,49.51129548285514
Finland,2013,1A2G,ABFLOW020,Oil,5.707400943557311,67.67164429721197,73.37904524076929
Finland,2013,1A2H,ABFLOW021,Coal,5.707400943557311,41.145880225174594,46.853281168731904
Finland,2013,1A2H,ABFLOW021,Natural gas,5.707400943557311,43.80389453929783,49.51129548285514
Finland,2013,1A2H,ABFLOW021,Oil,5.707400943557311,67.67164429721197,73.37904524076929
Finland,2013,1A2I,ABFLOW013,Coal,5.707400943557311,41.145880225174594,46.853281168731904
Finland,2013,1A2I,ABFLOW013,Natural gas,5.707400943557311,43.80389453929783,49.51129548285514
Finland,2013,1A2I,ABFLOW013,Oil,5.707400943557311,67.67164429721197,73.37904524076929
Finland,2013,1A2J,ABFLOW024,Coal,5.707400943557311,41.145880225174594,46.853281168731904
Finland,2013,1A2J,ABFLOW024,Natural gas,5.707400943557311,43.80389453929783,49.51129548285514
Finland,2013,1A2J,ABFLOW024,Oil,5.707400943557311,67.67164429721197,73.37904524076929
Finland,2013,1A2K,ABFLOW014,Coal,5.707400943557311,41.145880225174594,46.853281168731904
Finland,2013,1A2K,ABFLOW014,Natural gas,5.707400943557311,43.80389453929783,49.51129548285514
Finland,2013,1A2K,ABFLOW014,Oil,5.707400943557311,67.67164429721197,73.37904524076929
Finland,2013,1A2L,ABFLOW025,Coal,5.707400943557311,41.145880225174594,46.853281168731904
Finland,2013,1A2L,ABFLOW025,Natural gas,5.707400943557311,43.80389453929783,49.51129548285514
Finland,2013,1A2L,ABFLOW025,Oil,5.707400943557311,67.67164429721197,73.37904524076929
Finland,2013,1A2M,ABFLOW026,Coal,5.707400943557311,41.145880225174594,46.853281168731904
Finland,2013,1A2M,ABFLOW026,Natural gas,5.707400943557311,43.80389453929783,49.51129548285514
Finland,2013,1A2M,ABFLOW026,Oil,5.707400943557311,67.67164429721197,73.37904524076929
Finland,2013,1A3,ABFLOW027,Coal,,,0.0
Finland,2013,1A3,ABFLOW027,Natural gas,,,0.0
Finland,2013,1A3,ABFLOW027,Oil,,,0.0
Finland,2013,1A3A1,ABFLOW040,Coal,2.910774481214229,,2.910774481214229
Finland,2013,1A3A1,ABFLOW040,Natural gas,2.910774481214229,,2.910774481214229
Finland,2013,1A3A1,ABFLOW040,Oil,2.910774481214229,,2.910774481214229
Finland,2013,1A3A2,ABFLOW029,Coal,5.707400943557311,41.145880225174594,46.853281168731904
Finland,2013,1A3A2,ABFLOW029,Natural gas,5.707400943557311,43.80389453929783,49.51129548285514
Finland,2013,1A3A2,ABFLOW029,Oil,5.707400943557311,67.67164429721197,73.37904524076929
Finland,2013,1A3B,ABFLOW028,Coal,,41.145880225174594,41.145880225174594
Finland,2013,1A3B,ABFLOW028,Natural gas,,43.80389453929783,43.80389453929783
Finland,2013,1A3B,ABFLOW028,Oil,,67.67164429721197,67.67164429721197
Finland,2013,1A3C,ABFLOW030,Coal,,,0.0
Finland,2013,1A3C,ABFLOW030,Natural gas,,,0.0
Finland,2013,1A3C,ABFLOW030,Oil,,,0.0
Finland,2013,1A3D1,ABFLOW039,Coal,,,0.0
Finland,2013,1A3D1,ABFLOW039,Natural gas,,,0.0
Finland,2013,1A3D1,ABFLOW039,Oil,,,0.0
Finland,2013,1A3D2,ABFLOW032,Coal,,,0.0
Finland,2013,1A3D2,ABFLOW032,Natural gas,,,0.0
Finland,2013,1A3D2,ABFLOW032,Oil,,,0.0
Finland,2013,1A3E1,ABFLOW033,Coal,,,0.0
Finland,2013,1A3E1,ABFLOW033,Natural gas,,,0.0
Finland,2013,1A3E1,ABFLOW033,Oil,,,0.0
Finland,2013,1A4A,ABFLOW035,Coal,,41.145880225174594,41.145880225174594
Finland,2013,1A4A,ABFLOW035,Natural gas,,43.80389453929783,43.80389453929783
Finland,2013,1A4A,ABFLOW035,Oil,,67.67164429721197,67.67164429721197
Finland,2013,1A4B,ABFLOW034,Coal,,41.145880225174594,41.145880225174594
Finland,2013,1A4B,ABFLOW034,Natural gas,,43.80389453929783,43.80389453929783
Finland,2013,1A4B,ABFLOW034,Oil,,67.67164429721197,67.67164429721197
Finland,2013,1A4C1,ABFLOW036,Coal,,41.145880225174594,41.145880225174594
Finland,2013,1A4C1,ABFLOW036,Natural gas,,43.80389453929783,43.80389453929783
Finland,2013,1A4C1,ABFLOW036,Oil,,67.67164429721197,67.67164429721197
Finland,2013,1A4C2,ABFLOW037,Coal,,41.145880225174594,41.145880225174594
Finland,2013,1A4C2,ABFLOW037,Natural gas,,43.80389453929783,43.80389453929783
Finland,2013,1A4C2,ABFLOW037,Oil,,67.67164429721197,67.67164429721197
Finland,2013,1A5,ABFLOW038,Coal,,,0.0
Finland,2013,1A5,ABFLOW038,Natural gas,,,0.0
Finland,2013,1A5,ABFLOW038,Oil,,,0.0
Finland,2014,1A,ABFLOW001,Coal,,,0.0
Finland,2014,1A,ABFLOW001,Natural gas,,,0.0
Finland,2014,1A,ABFLOW001,Oil,,,0.0
Finland,2014,1A1A,ABFLOW002,Coal,,,0.0
Finland,2014,1A1A,ABFLOW002,Natural gas,,,0.0
Finland,2014,1A1A,ABFLOW002,Oil,,,0.0
Finland,2014,1A1A1,ABFLOW003,Coal,7.47417415924116,,7.47417415924116
Finland,2014,1A1A1,ABFLOW003,Natural gas,7.47417415924116,,7.47417415924116
Finland,2014,1A1A1,ABFLOW003,Oil,7.47417415924116,,7.47417415924116
Finland,2014,1A1A2,ABFLOW004,Coal,7.47417415924116,,7.47417415924116
Finland,2014,1A1A2,ABFLOW004,Natural gas,7.47417415924116,,7.47417415924116
Finland,2014,1A1A2,ABFLOW004,Oil,7.47417415924116,,7.47417415924116
Finland,2014,1A1A3,ABFLOW005,Coal,7.47417415924116,,7.47417415924116
Finland,2014,1A1A3,ABFLOW005,Natural gas,7.47417415924116,,7.47417415924116
Finland,2014,1A1A3,ABFLOW005,Oil,7.47417415924116,,7.47417415924116
Finland,2014,1A1B,ABFLOW011,Coal,7.47417415924116,40.48011573999041,47.95428989923157
Finland,2014,1A1B,ABFLOW011,Natural gas,7.47417415924116,43.09512182286983,50.56929598211099
Finland,2014,1A1B,ABFLOW011,Oil,7.47417415924116,77.92402302297131,85.39819718221247
Finland,2014,1A1C,ABFLOW011,Coal,7.47417415924116,40.48011573999041,47.95428989923157
Finland,2014,1A1C,ABFLOW011,Natural gas,7.47417415924116,43.09512182286983,50.56929598211099
Finland,2014,1A1C,ABFLOW011,Oil,7.47417415924116,77.92402302297131,85.39819718221247
Finland,2014,1A2,ABFLOW012,Coal,,,0.0
Finland,2014,1A2,ABFLOW012,Natural gas,,,0.0
Finland,2014,1A2,ABFLOW012,Oil,,,0.0
Finland,2014,1A2A,ABFLOW016,Coal,7.47417415924116,40.48011573999041,47.95428989923157
Finland,2014,1A2A,ABFLOW016,Natural gas,7.47417415924116,43.09512182286983,50.56929598211099
Finland,2014,1A2A,ABFLOW016,Oil,7.47417415924116,77.92402302297131,85.39819718221247
Finland,2014,1A2B,ABFLOW018,Coal,7.47417415924116,40.48011573999041,47.95428989923157
Finland,2014,1A2B,ABFLOW018,Natural gas,7.47417415924116,43.09512182286983,50.56929598211099
Finland,2014,1A2B,ABFLOW018,Oil,7.47417415924116,77.92402302297131,85.39819718221247
Finland,2014,1A2C,ABFLOW017,Coal,7.47417415924116,40.48011573999041,47.95428989923157
Finland,2014,1A2C,ABFLOW017,Natural gas,7.47417415924116,43.09512182286983,50.56929598211099
Finland,2014,1A2C,ABFLOW017,Oil,7.47417415924116,77.92402302297131,85.39819718221247
Finland,2014,1A2D,ABFLOW023,Coal,7.47417415924116,40.48011573999041,47.95428989923157
Finland,2014,1A2D,ABFLOW023,Natural gas,7.47417415924116,43.09512182286983,50.56929598211099
Finland,2014,1A2D,ABFLOW023,Oil,7.47417415924116,77.92402302297131,85.39819718221247
Finland,2014,1A2E,ABFLOW022,Coal,7.47417415924116,40.48011573999041,47.95428989923157
Finland,2014,1A2E,ABFLOW022,Natural gas,7.47417415924116,43.09512182286983,50.56929598211099
Finland,2014,1A2E,ABFLOW022,Oil,7.47417415924116,77.92402302297131,85.39819718221247
Finland,2014,1A2F,ABFLOW019,Coal,7.47417415924116,40.48011573999041,47.95428989923157
Finland,2014,1A2F,ABFLOW019,Natural gas,7.47417415924116,43.09512182286983,50.56929598211099
Finland,2014,1A2F,ABFLOW019,Oil,7.47417415924116,77.92402302297131,85.39819718221247
Finland,2014,1A2G,ABFLOW020,Coal,7.47417415924116,40.48011573999041,47.95428989923157
Finland,2014,1A2G,ABFLOW020,Natural gas,7.47417415924116,43.09512182286983,50.56929598211099
Finland,2014,1A2G,ABFLOW020,Oil,7.47417415924116,77.92402302297131,85.39819718221247
Finland,2014,1A2H,ABFLOW021,Coal,7.47417415924116,40.48011573999041,47.95428989923157
Finland,2014,1A2H,ABFLOW021,Natural gas,7.47417415924116,43.09512182286983,50.56929598211099
Finland,2014,1A2H,ABFLOW021,Oil,7.47417415924116,77.92402302297131,85.39819718221247
Finland,2014,1A2I,ABFLOW013,Coal,7.47417415924116,40.48011573999041,47.95428989923157
Finland,2014,1A2I,ABFLOW013,Natural gas,7.47417415924116,43.09512182286983,50.56929598211099
Finland,2014,1A2I,ABFLOW013,Oil,7.47417415924116,77.92402302297131,85.39819718221247
Finland,2014,1A2J,ABFLOW024,Coal,7.47417415924116,40.48011573999041,47.95428989923157
Finland,2014,1A2J,ABFLOW024,Natural gas,7.47417415924116,43.09512182286983,50.56929598211099
Finland,2014,1A2J,ABFLOW024,Oil,7.47417415924116,77.92402302297131,85.39819718221247
Finland,2014,1A2K,ABFLOW014,Coal,7.47417415924116,40.48011573999041,47.95428989923157
Finland,2014,1A2K,ABFLOW014,Natural gas,7.47417415924116,43.09512182286983,50.56929598211099
Finland,2014,1A2K,ABFLOW014,Oil,7.47417415924116,77.92402302297131,85.39819718221247
Finland,2014,1A2L,ABFLOW025,Coal,7.47417415924116,40.48011573999041,47.95428989923157
Finland,2014,1A2L,ABFLOW025,Natural gas,7.47417415924116,43.09512182286983,50.56929598211099
Finland,2014,1A2L,ABFLOW025,Oil,7.47417415924116,77.92402302297131,85.39819718221247
Finland,2014,1A2M,ABFLOW026,Coal,7.47417415924116,40.48011573999041,47.95428989923157
Finland,2014,1A2M,ABFLOW026,Natural gas,7.47417415924116,43.09512182286983,50.56929598211099
Finland,2014,1A2M,ABFLOW026,Oil,7.47417415924116,77.92402302297131,85.39819718221247
Finland,2014,1A3,ABFLOW027,Coal,,,0.0
Finland,2014,1A3,ABFLOW027,Natural gas,,,0.0
Finland,2014,1A3,ABFLOW027,Oil,,,0.0
Finland,2014,1A3A1,ABFLOW040,Coal,3.811828821212992,,3.811828821212992
Finland,2014,1A3A1,ABFLOW040,Natural gas,3.811828821212992,,3.811828821212992
Finland,2014,1A3A1,ABFLOW040,Oil,3.811828821212992,,3.811828821212992
Finland,2014,1A3A2,ABFLOW029,Coal,7.47417415924116,40.48011573999041,47.95428989923157
Finland,2014,1A3A2,ABFLOW029,Natural gas,7.47417415924116,43.09512182286983,50.56929598211099
Finland,2014,1A3A2,ABFLOW029,Oil,7.47417415924116,77.92402302297131,85.39819718221247
Finland,2014,1A3B,ABFLOW028,Coal,,40.48011573999041,40.48011573999041
Finland,2014,1A3B,ABFLOW028,Natural gas,,43.09512182286983,43.09512182286983
Finland,2014,1A3B,ABFLOW028,Oil,,77.92402302297131,77.92402302297131
Finland,2014,1A3C,ABFLOW030,Coal,,,0.0
Finland,2014,1A3C,ABFLOW030,Natural gas,,,0.0
Finland,2014,1A3C,ABFLOW030,Oil,,,0.0
Finland,2014,1A3D1,ABFLOW039,Coal,,,0.0
Finland,2014,1A3D1,ABFLOW039,Natural gas,,,0.0
Finland,2014,1A3D1,ABFLOW039,Oil,,,0.0
Finland,2014,1A3D2,ABFLOW032,Coal,,,0.0
Finland,2014,1A3D2,ABFLOW032,Natural gas,,,0.0
Finland,2014,1A3D2,ABFLOW032,Oil,,,0.0
Finland,2014,1A3E1,ABFLOW033,Coal,,,0.0
Finland,2014,1A3E1,ABFLOW033,Natural gas,,,0.0
Finland,2014,1A3E1,ABFLOW033,Oil,,,0.0
Finland,2014,1A4A,ABFLOW035,Coal,,40.48011573999041,40.48011573999041
Finland,2014,1A4A,ABFLOW035,Natural gas,,43.09512182286983,43.09512182286983
Finland,2014,1A4A,ABFLOW035,Oil,,77.92402302297131,77.92402302297131
Finland,2014,1A4B,ABFLOW034,Coal,,40.48011573999041,40.48011573999041
Finland,2014,1A4B,ABFLOW034,Natural gas,,43.09512182286983,43.09512182286983
Finland,2014,1A4B,ABFLOW034,Oil,,77.92402302297131,77.92402302297131
Finland,2014,1A4C1,ABFLOW036,Coal,,40.48011573999041,40.48011573999041
Finland,2014,1A4C1,ABFLOW036,Natural gas,,43.09512182286983,43.09512182286983
Finland,2014,1A4C1,ABFLOW036,Oil,,77.92402302297131,77.92402302297131
Finland,2014,1A4C2,ABFLOW037,Coal,,40.48011573999041,40.48011573999041
Finland,2014,1A4C2,ABFLOW037,Natural gas,,43.09512182286983,43.09512182286983
Finland,2014,1A4C2,ABFLOW037,Oil,,77.92402302297131,77.92402302297131
Finland,2014,1A5,ABFLOW038,Coal,,,0.0
Finland,2014,1A5,ABFLOW038,Natural gas,,,0.0
Finland,2014,1A5,ABFLOW038,Oil,,,0.0
Finland,2015,1A,ABFLOW001,Coal,,,0.0
Finland,2015,1A,ABFLOW001,Natural gas,,,0.0
Finland,2015,1A,ABFLOW001,Oil,,,0.0
Finland,2015,1A1A,ABFLOW002,Coal,,,0.0
Finland,2015,1A1A,ABFLOW002,Natural gas,,,0.0
Finland,2015,1A1A,ABFLOW002,Oil,,,0.0
Finland,2015,1A1A1,ABFLOW003,Coal,9.492355465028632,,9.492355465028632
Finland,2015,1A1A1,ABFLOW003,Natural gas,9.492355465028632,,9.492355465028632
Finland,2015,1A1A1,ABFLOW003,Oil,9.492355465028632,,9.492355465028632
Finland,2015,1A1A2,ABFLOW004,Coal,9.492355465028632,,9.492355465028632
Finland,2015,1A1A2,ABFLOW004,Natural gas,9.492355465028632,,9.492355465028632
Finland,2015,1A1A2,ABFLOW004,Oil,9.492355465028632,,9.492355465028632
Finland,2015,1A1A3,ABFLOW005,Coal,9.492355465028632,,9.492355465028632
Finland,2015,1A1A3,ABFLOW005,Natural gas,9.492355465028632,,9.492355465028632
Finland,2015,1A1A3,ABFLOW005,Oil,9.492355465028632,,9.492355465028632
Finland,2015,1A1B,ABFLOW011,Coal,9.492355465028632,50.0714957566184,59.56385122164703
Finland,2015,1A1B,ABFLOW011,Natural gas,9.492355465028632,53.2941522909713,62.78650775599993
Finland,2015,1A1B,ABFLOW011,Oil,9.492355465028632,76.67219409491774,86.16454955994638
Finland,2015,1A1C,ABFLOW011,Coal,9.492355465028632,50.0714957566184,59.56385122164703
Finland,2015,1A1C,ABFLOW011,Natural gas,9.492355465028632,53.2941522909713,62.78650775599993
Finland,2015,1A1C,ABFLOW011,Oil,9.492355465028632,76.67219409491774,86.16454955994638
Finland,2015,1A2,ABFLOW012,Coal,,,0.0
Finland,2015,1A2,ABFLOW012,Natural gas,,,0.0
Finland,2015,1A2,ABFLOW012,Oil,,,0.0
Finland,2015,1A2A,ABFLOW016,Coal,9.492355465028632,50.0714957566184,59.56385122164703
Finland,2015,1A2A,ABFLOW016,Natural gas,9.492355465028632,53.2941522909713,62.78650775599993
Finland,2015,1A2A,ABFLOW016,Oil,9.492355465028632,76.67219409491774,86.16454955994638
Finland,2015,1A2B,ABFLOW018,Coal,9.492355465028632,50.0714957566184,59.56385122164703
Finland,2015,1A2B,ABFLOW018,Natural gas,9.492355465028632,53.2941522909713,62.78650775599993
Finland,2015,1A2B,ABFLOW018,Oil,9.492355465028632,76.67219409491774,86.16454955994638
Finland,2015,1A2C,ABFLOW017,Coal,9.492355465028632,50.0714957566184,59.56385122164703
Finland,2015,1A2C,ABFLOW017,Natural gas,9.492355465028632,53.2941522909713,62.78650775599993
Finland,2015,1A2C,ABFLOW017,Oil,9.492355465028632,76.67219409491774,86.16454955994638
Finland,2015,1A2D,ABFLOW023,Coal,9.492355465028632,50.0714957566184,59.56385122164703
Finland,2015,1A2D,ABFLOW023,Natural gas,9.492355465028632,53.2941522909713,62.78650775599993
Finland,2015,1A2D,ABFLOW023,Oil,9.492355465028632,76.67219409491774,86.16454955994638
Finland,2015,1A2E,ABFLOW022,Coal,9.492355465028632,50.0714957566184,59.56385122164703
Finland,2015,1A2E,ABFLOW022,Natural gas,9.492355465028632,53.2941522909713,62.78650775599993
Finland,2015,1A2E,ABFLOW022,Oil,9.492355465028632,76.67219409491774,86.16454955994638
Finland,2015,1A2F,ABFLOW019,Coal,9.492355465028632,50.0714957566184,59.56385122164703
Finland,2015,1A2F,ABFLOW019,Natural gas,9.492355465028632,53.2941522909713,62.78650775599993
Finland,2015,1A2F,ABFLOW019,Oil,9.492355465028632,76.67219409491774,86.16454955994638
Finland,2015,1A2G,ABFLOW020,Coal,9.492355465028632,50.0714957566184,59.56385122164703
Finland,2015,1A2G,ABFLOW020,Natural gas,9.492355465028632,53.2941522909713,62.78650775599993
Finland,2015,1A2G,ABFLOW020,Oil,9.492355465028632,76.67219409491774,86.16454955994638
Finland,2015,1A2H,ABFLOW021,Coal,9.492355465028632,50.0714957566184,59.56385122164703
Finland,2015,1A2H,ABFLOW021,Natural gas,9.492355465028632,53.2941522909713,62.78650775599993
Finland,2015,1A2H,ABFLOW021,Oil,9.492355465028632,76.67219409491774,86.16454955994638
Finland,2015,1A2I,ABFLOW013,Coal,9.492355465028632,50.0714957566184,59.56385122164703
Finland,2015,1A2I,ABFLOW013,Natural gas,9.492355465028632,53.2941522909713,62.78650775599993
Finland,2015,1A2I,ABFLOW013,Oil,9.492355465028632,76.67219409491774,86.16454955994638
Finland,2015,1A2J,ABFLOW024,Coal,9.492355465028632,50.0714957566184,59.56385122164703
Finland,2015,1A2J,ABFLOW024,Natural gas,9.492355465028632,53.2941522909713,62.78650775599993
Finland,2015,1A2J,ABFLOW024,Oil,9.492355465028632,76.67219409491774,86.16454955994638
Finland,2015,1A2K,ABFLOW014,Coal,9.492355465028632,50.0714957566184,59.56385122164703
Finland,2015,1A2K,ABFLOW014,Natural gas,9.492355465028632,53.2941522909713,62.78650775599993
Finland,2015,1A2K,ABFLOW014,Oil,9.492355465028632,76.67219409491774,86.16454955994638
Finland,2015,1A2L,ABFLOW025,Coal,9.492355465028632,50.0714957566184,59.56385122164703
Finland,2015,1A2L,ABFLOW025,Natural gas,9.492355465028632,53.2941522909713,62.78650775599993
Finland,2015,1A2L,ABFLOW025,Oil,9.492355465028632,76.67219409491774,86.16454955994638
Finland,2015,1A2M,ABFLOW026,Coal,9.492355465028632,50.0714957566184,59.56385122164703
Finland,2015,1A2M,ABFLOW026,Natural gas,9.492355465028632,53.2941522909713,62.78650775599993
Finland,2015,1A2M,ABFLOW026,Oil,9.492355465028632,76.67219409491774,86.16454955994638
Finland,2015,1A3,ABFLOW027,Coal,,,0.0
Finland,2015,1A3,ABFLOW027,Natural gas,,,0.0
Finland,2015,1A3,ABFLOW027,Oil,,,0.0
Finland,2015,1A3A1,ABFLOW040,Coal,4.841101287164602,,4.841101287164602
Finland,2015,1A3A1,ABFLOW040,Natural gas,4.841101287164602,,4.841101287164602
Finland,2015,1A3A1,ABFLOW040,Oil,4.841101287164602,,4.841101287164602
Finland,2015,1A3A2,ABFLOW029,Coal,9.492355465028632,50.0714957566184,59.56385122164703
Finland,2015,1A3A2,ABFLOW029,Natural gas,9.492355465028632,53.2941522909713,62.78650775599993
Finland,2015,1A3A2,ABFLOW029,Oil,9.492355465028632,76.67219409491774,86.16454955994638
Finland,2015,1A3B,ABFLOW028,Coal,,50.0714957566184,50.0714957566184
Finland,2015,1A3B,ABFLOW028,Natural gas,,53.2941522909713,53.2941522909713
Finland,2015,1A3B,ABFLOW028,Oil,,76.67219409491774,76.67219409491774
Finland,2015,1A3C,ABFLOW030,Coal,,,0.0
Finland,2015,1A3C,ABFLOW030,Natural gas,,,0.0
Finland,2015,1A3C,ABFLOW030,Oil,,,0.0
Finland,2015,1A3D1,ABFLOW039,Coal,,,0.0
Finland,2015,1A3D1,ABFLOW039,Natural gas,,,0.0
Finland,2015,1A3D1,ABFLOW039,Oil,,,0.0
Finland,2015,1A3D2,ABFLOW032,Coal,,,0.0
Finland,2015,1A3D2,ABFLOW032,Natural gas,,,0.0
Finland,2015,1A3D2,ABFLOW032,Oil,,,0.0
Finland,2015,1A3E1,ABFLOW033,Coal,,,0.0
Finland,2015,1A3E1,ABFLOW033,Natural gas,,,0.0
Finland,2015,1A3E1,ABFLOW033,Oil,,,0.0
Finland,2015,1A4A,ABFLOW035,Coal,,50.0714957566184,50.0714957566184
Finland,2015,1A4A,ABFLOW035,Natural gas,,53.2941522909713,53.2941522909713
Finland,2015,1A4A,ABFLOW035,Oil,,76.67219409491774,76.67219409491774
Finland,2015,1A4B,ABFLOW034,Coal,,50.0714957566184,50.0714957566184
Finland,2015,1A4B,ABFLOW034,Natural gas,,53.2941522909713,53.2941522909713
Finland,2015,1A4B,ABFLOW034,Oil,,76.67219409491774,76.67219409491774
Finland,2015,1A4C1,ABFLOW036,Coal,,50.0714957566184,50.0714957566184
Finland,2015,1A4C1,ABFLOW036,Natural gas,,53.2941522909713,53.2941522909713
Finland,2015,1A4C1,ABFLOW036,Oil,,76.67219409491774,76.67219409491774
Finland,2015,1A4C2,ABFLOW037,Coal,,50.0714957566184,50.0714957566184
Finland,2015,1A4C2,ABFLOW037,Natural gas,,53.2941522909713,53.2941522909713
Finland,2015,1A4C2,ABFLOW037,Oil,,76.67219409491774,76.67219409491774
Finland,2015,1A5,ABFLOW038,Coal,,,0.0
Finland,2015,1A5,ABFLOW038,Natural gas,,,0.0
Finland,2015,1A5,ABFLOW038,Oil,,,0.0
Finland,2016,1A,ABFLOW001,Coal,,,0.0
Finland,2016,1A,ABFLOW001,Natural gas,,,0.0
Finland,2016,1A,ABFLOW001,Oil,,,0.0
Finland,2016,1A1A,ABFLOW002,Coal,,,0.0
Finland,2016,1A1A,ABFLOW002,Natural gas,,,0.0
Finland,2016,1A1A,ABFLOW002,Oil,,,0.0
Finland,2016,1A1A1,ABFLOW003,Coal,6.608865464003356,,6.608865464003356
Finland,2016,1A1A1,ABFLOW003,Natural gas,6.608865464003356,,6.608865464003356
Finland,2016,1A1A1,ABFLOW003,Oil,6.608865464003356,,6.608865464003356
Finland,2016,1A1A2,ABFLOW004,Coal,6.608865464003356,,6.608865464003356
Finland,2016,1A1A2,ABFLOW004,Natural gas,6.608865464003356,,6.608865464003356
Finland,2016,1A1A2,ABFLOW004,Oil,6.608865464003356,,6.608865464003356
Finland,2016,1A1A3,ABFLOW005,Coal,6.608865464003356,,6.608865464003356
Finland,2016,1A1A3,ABFLOW005,Natural gas,6.608865464003356,,6.608865464003356
Finland,2016,1A1A3,ABFLOW005,Oil,6.608865464003356,,6.608865464003356
Finland,2016,1A1B,ABFLOW011,Coal,6.608865464003356,61.416195712922374,68.02506117692573
Finland,2016,1A1B,ABFLOW011,Natural gas,6.608865464003356,65.37315796359147,71.98202342759483
Finland,2016,1A1B,ABFLOW011,Oil,6.608865464003356,76.6298979928309,83.23876345683426
Finland,2016,1A1C,ABFLOW011,Coal,6.608865464003356,61.416195712922374,68.02506117692573
Finland,2016,1A1C,ABFLOW011,Natural gas,6.608865464003356,65.37315796359147,71.98202342759483
Finland,2016,1A1C,ABFLOW011,Oil,6.608865464003356,76.6298979928309,83.23876345683426
Finland,2016,1A2,ABFLOW012,Coal,,,0.0
Finland,2016,1A2,ABFLOW012,Natural gas,,,0.0
Finland,2016,1A2,ABFLOW012,Oil,,,0.0
Finland,2016,1A2A,ABFLOW016,Coal,6.608865464003356,61.416195712922374,68.02506117692573
Finland,2016,1A2A,ABFLOW016,Natural gas,6.608865464003356,65.37315796359147,71.98202342759483
Finland,2016,1A2A,ABFLOW016,Oil,6.608865464003356,76.6298979928309,83.23876345683426
Finland,2016,1A2B,ABFLOW018,Coal,6.608865464003356,61.416195712922374,68.02506117692573
Finland,2016,1A2B,ABFLOW018,Natural gas,6.608865464003356,65.37315796359147,71.98202342759483
Finland,2016,1A2B,ABFLOW018,Oil,6.608865464003356,76.6298979928309,83.23876345683426
Finland,2016,1A2C,ABFLOW017,Coal,6.608865464003356,61.416195712922374,68.02506117692573
Finland,2016,1A2C,ABFLOW017,Natural gas,6.608865464003356,65.37315796359147,71.98202342759483
Finland,2016,1A2C,ABFLOW017,Oil,6.608865464003356,76.6298979928309,83.23876345683426
Finland,2016,1A2D,ABFLOW023,Coal,6.608865464003356,61.416195712922374,68.02506117692573
Finland,2016,1A2D,ABFLOW023,Natural gas,6.608865464003356,65.37315796359147,71.98202342759483
Finland,2016,1A2D,ABFLOW023,Oil,6.608865464003356,76.6298979928309,83.23876345683426
Finland,2016,1A2E,ABFLOW022,Coal,6.608865464003356,61.416195712922374,68.02506117692573
Finland,2016,1A2E,ABFLOW022,Natural gas,6.608865464003356,65.37315796359147,71.98202342759483
Finland,2016,1A2E,ABFLOW022,Oil,6.608865464003356,76.6298979928309,83.23876345683426
Finland,2016,1A2F,ABFLOW019,Coal,6.608865464003356,61.416195712922374,68.02506117692573
Finland,2016,1A2F,ABFLOW019,Natural gas,6.608865464003356,65.37315796359147,71.98202342759483
Finland,2016,1A2F,ABFLOW019,Oil,6.608865464003356,76.6298979928309,83.23876345683426
Finland,2016,1A2G,ABFLOW020,Coal,6.608865464003356,61.416195712922374,68.02506117692573
Finland,2016,1A2G,ABFLOW020,Natural gas,6.608865464003356,65.37315796359147,71.98202342759483
Finland,2016,1A2G,ABFLOW020,Oil,6.608865464003356,76.6298979928309,83.23876345683426
Finland,2016,1A2H,ABFLOW021,Coal,6.608865464003356,61.416195712922374,68.02506117692573
Finland,2016,1A2H,ABFLOW021,Natural gas,6.608865464003356,65.37315796359147,71.98202342759483
Finland,2016,1A2H,ABFLOW021,Oil,6.608865464003356,76.6298979928309,83.23876345683426
Finland,2016,1A2I,ABFLOW013,Coal,6.608865464003356,61.416195712922374,68.02506117692573
Finland,2016,1A2I,ABFLOW013,Natural gas,6.608865464003356,65.37315796359147,71.98202342759483
Finland,2016,1A2I,ABFLOW013,Oil,6.608865464003356,76.6298979928309,83.23876345683426
Finland,2016,1A2J,ABFLOW024,Coal,6.608865464003356,61.416195712922374,68.02506117692573
Finland,2016,1A2J,ABFLOW024,Natural gas,6.608865464003356,65.37315796359147,71.98202342759483
Finland,2016,1A2J,ABFLOW024,Oil,6.608865464003356,76.6298979928309,83.23876345683426
Finland,2016,1A2K,ABFLOW014,Coal,6.608865464003356,61.416195712922374,68.02506117692573
Finland,2016,1A2K,ABFLOW014,Natural gas,6.608865464003356,65.37315796359147,71.98202342759483
Finland,2016,1A2K,ABFLOW014,Oil,6.608865464003356,76.6298979928309,83.23876345683426
Finland,2016,1A2L,ABFLOW025,Coal,6.608865464003356,61.416195712922374,68.02506117692573
Finland,2016,1A2L,ABFLOW025,Natural gas,6.608865464003356,65.37315796359147,71.98202342759483
Finland,2016,1A2L,ABFLOW025,Oil,6.608865464003356,76.6298979928309,83.23876345683426
Finland,2016,1A2M,ABFLOW026,Coal,6.608865464003356,61.416195712922374,68.02506117692573
Finland,2016,1A2M,ABFLOW026,Natural gas,6.608865464003356,65.37315796359147,71.98202342759483
Finland,2016,1A2M,ABFLOW026,Oil,6.608865464003356,76.6298979928309,83.23876345683426
Finland,2016,1A3,ABFLOW027,Coal,,,0.0
Finland,2016,1A3,ABFLOW027,Natural gas,,,0.0
Finland,2016,1A3,ABFLOW027,Oil,,,0.0
Finland,2016,1A3A1,ABFLOW040,Coal,3.3705213866417116,,3.3705213866417116
Finland,2016,1A3A1,ABFLOW040,Natural gas,3.3705213866417116,,3.3705213866417116
Finland,2016,1A3A1,ABFLOW040,Oil,3.3705213866417116,,3.3705213866417116
Finland,2016,1A3A2,ABFLOW029,Coal,6.608865464003356,61.416195712922374,68.02506117692573
Finland,2016,1A3A2,ABFLOW029,Natural gas,6.608865464003356,65.37315796359147,71.98202342759483
Finland,2016,1A3A2,ABFLOW029,Oil,6.608865464003356,76.6298979928309,83.23876345683426
Finland,2016,1A3B,ABFLOW028,Coal,,61.416195712922374,61.416195712922374
Finland,2016,1A3B,ABFLOW028,Natural gas,,65.37315796359147,65.37315796359147
Finland,2016,1A3B,ABFLOW028,Oil,,76.6298979928309,76.6298979928309
Finland,2016,1A3C,ABFLOW030,Coal,,,0.0
Finland,2016,1A3C,ABFLOW030,Natural gas,,,0.0
Finland,2016,1A3C,ABFLOW030,Oil,,,0.0
Finland,2016,1A3D1,ABFLOW039,Coal,,,0.0
Finland,2016,1A3D1,ABFLOW039,Natural gas,,,0.0
Finland,2016,1A3D1,ABFLOW039,Oil,,,0.0
Finland,2016,1A3D2,ABFLOW032,Coal,,,0.0
Finland,2016,1A3D2,ABFLOW032,Natural gas,,,0.0
Finland,2016,1A3D2,ABFLOW032,Oil,,,0.0
Finland,2016,1A3E1,ABFLOW033,Coal,,,0.0
Finland,2016,1A3E1,ABFLOW033,Natural gas,,,0.0
Finland,2016,1A3E1,ABFLOW033,Oil,,,0.0
Finland,2016,1A4A,ABFLOW035,Coal,,61.416195712922374,61.416195712922374
Finland,2016,1A4A,ABFLOW035,Natural gas,,65.37315796359147,65.37315796359147
Finland,2016,1A4A,ABFLOW035,Oil,,76.6298979928309,76.6298979928309
Finland,2016,1A4B,ABFLOW034,Coal,,61.416195712922374,61.416195712922374
Finland,2016,1A4B,ABFLOW034,Natural gas,,65.37315796359147,65.37315796359147
Finland,2016,1A4B,ABFLOW034,Oil,,76.6298979928309,76.6298979928309
Finland,2016,1A4C1,ABFLOW036,Coal,,61.416195712922374,61.416195712922374
Finland,2016,1A4C1,ABFLOW036,Natural gas,,65.37315796359147,65.37315796359147
Finland,2016,1A4C1,ABFLOW036,Oil,,76.6298979928309,76.6298979928309
Finland,2016,1A4C2,ABFLOW037,Coal,,61.416195712922374,61.416195712922374
Finland,2016,1A4C2,ABFLOW037,Natural gas,,65.37315796359147,65.37315796359147
Finland,2016,1A4C2,ABFLOW037,Oil,,76.6298979928309,76.6298979928309
Finland,2016,1A5,ABFLOW038,Coal,,,0.0
Finland,2016,1A5,ABFLOW038,Natural gas,,,0.0
Finland,2016,1A5,ABFLOW038,Oil,,,0.0
Finland,2017,1A,ABFLOW001,Coal,,,0.0
Finland,2017,1A,ABFLOW001,Natural gas,,,0.0
Finland,2017,1A,ABFLOW001,Oil,,,0.0
Finland,2017,1A1A,ABFLOW002,Coal,,,0.0
Finland,2017,1A1A,ABFLOW002,Natural gas,,,0.0
Finland,2017,1A1A,ABFLOW002,Oil,,,0.0
Finland,2017,1A1A1,ABFLOW003,Coal,7.142099179607957,,7.142099179607957
Finland,2017,1A1A1,ABFLOW003,Natural gas,7.142099179607957,,7.142099179607957
Finland,2017,1A1A1,ABFLOW003,Oil,7.142099179607957,,7.142099179607957
Finland,2017,1A1A2,ABFLOW004,Coal,7.142099179607957,,7.142099179607957
Finland,2017,1A1A2,ABFLOW004,Natural gas,7.142099179607957,,7.142099179607957
Finland,2017,1A1A2,ABFLOW004,Oil,7.142099179607957,,7.142099179607957
Finland,2017,1A1A3,ABFLOW005,Coal,7.142099179607957,,7.142099179607957
Finland,2017,1A1A3,ABFLOW005,Natural gas,7.142099179607957,,7.142099179607957
Finland,2017,1A1A3,ABFLOW005,Oil,7.142099179607957,,7.142099179607957
Finland,2017,1A1B,ABFLOW011,Coal,7.142099179607957,65.41913347922721,72.56123265883517
Finland,2017,1A1B,ABFLOW011,Natural gas,7.142099179607957,69.62221573656883,76.76431491617679
Finland,2017,1A1B,ABFLOW011,Oil,7.142099179607957,81.26230627047241,88.40440545008036
Finland,2017,1A1C,ABFLOW011,Coal,7.142099179607957,65.41913347922721,72.56123265883517
Finland,2017,1A1C,ABFLOW011,Natural gas,7.142099179607957,69.62221573656883,76.76431491617679
Finland,2017,1A1C,ABFLOW011,Oil,7.142099179607957,81.26230627047241,88.40440545008036
Finland,2017,1A2,ABFLOW012,Coal,,,0.0
Finland,2017,1A2,ABFLOW012,Natural gas,,,0.0
Finland,2017,1A2,ABFLOW012,Oil,,,0.0
Finland,2017,1A2A,ABFLOW016,Coal,7.142099179607957,65.41913347922721,72.56123265883517
Finland,2017,1A2A,ABFLOW016,Natural gas,7.142099179607957,69.62221573656883,76.76431491617679
Finland,2017,1A2A,ABFLOW016,Oil,7.142099179607957,81.26230627047241,88.40440545008036
Finland,2017,1A2B,ABFLOW018,Coal,7.142099179607957,65.41913347922721,72.56123265883517
Finland,2017,1A2B,ABFLOW018,Natural gas,7.142099179607957,69.62221573656883,76.76431491617679
Finland,2017,1A2B,ABFLOW018,Oil,7.142099179607957,81.26230627047241,88.40440545008036
Finland,2017,1A2C,ABFLOW017,Coal,7.142099179607957,65.41913347922721,72.56123265883517
Finland,2017,1A2C,ABFLOW017,Natural gas,7.142099179607957,69.62221573656883,76.76431491617679
Finland,2017,1A2C,ABFLOW017,Oil,7.142099179607957,81.26230627047241,88.40440545008036
Finland,2017,1A2D,ABFLOW023,Coal,7.142099179607957,65.41913347922721,72.56123265883517
Finland,2017,1A2D,ABFLOW023,Natural gas,7.142099179607957,69.62221573656883,76.76431491617679
Finland,2017,1A2D,ABFLOW023,Oil,7.142099179607957,81.26230627047241,88.40440545008036
Finland,2017,1A2E,ABFLOW022,Coal,7.142099179607957,65.41913347922721,72.56123265883517
Finland,2017,1A2E,ABFLOW022,Natural gas,7.142099179607957,69.62221573656883,76.76431491617679
Finland,2017,1A2E,ABFLOW022,Oil,7.142099179607957,81.26230627047241,88.40440545008036
Finland,2017,1A2F,ABFLOW019,Coal,7.142099179607957,65.41913347922721,72.56123265883517
Finland,2017,1A2F,ABFLOW019,Natural gas,7.142099179607957,69.62221573656883,76.76431491617679
Finland,2017,1A2F,ABFLOW019,Oil,7.142099179607957,81.26230627047241,88.40440545008036
Finland,2017,1A2G,ABFLOW020,Coal,7.142099179607957,65.41913347922721,72.56123265883517
Finland,2017,1A2G,ABFLOW020,Natural gas,7.142099179607957,69.62221573656883,76.76431491617679
Finland,2017,1A2G,ABFLOW020,Oil,7.142099179607957,81.26230627047241,88.40440545008036
Finland,2017,1A2H,ABFLOW021,Coal,7.142099179607957,65.41913347922721,72.56123265883517
Finland,2017,1A2H,ABFLOW021,Natural gas,7.142099179607957,69.62221573656883,76.76431491617679
Finland,2017,1A2H,ABFLOW021,Oil,7.142099179607957,81.26230627047241,88.40440545008036
Finland,2017,1A2I,ABFLOW013,Coal,7.142099179607957,65.41913347922721,72.56123265883517
Finland,2017,1A2I,ABFLOW013,Natural gas,7.142099179607957,69.62221573656883,76.76431491617679
Finland,2017,1A2I,ABFLOW013,Oil,7.142099179607957,81.26230627047241,88.40440545008036
Finland,2017,1A2J,ABFLOW024,Coal,7.142099179607957,65.41913347922721,72.56123265883517
Finland,2017,1A2J,ABFLOW024,Natural gas,7.142099179607957,69.62221573656883,76.76431491617679
Finland,2017,1A2J,ABFLOW024,Oil,7.142099179607957,81.26230627047241,88.40440545008036
Finland,2017,1A2K,ABFLOW014,Coal,7.142099179607957,65.41913347922721,72.56123265883517
Finland,2017,1A2K,ABFLOW014,Natural gas,7.142099179607957,69.62221573656883,76.76431491617679
Finland,2017,1A2K,ABFLOW014,Oil,7.142099179607957,81.26230627047241,88.40440545008036
Finland,2017,1A2L,ABFLOW025,Coal,7.142099179607957,65.41913347922721,72.56123265883517
Finland,2017,1A2L,ABFLOW025,Natural gas,7.142099179607957,69.62221573656883,76.76431491617679
Finland,2017,1A2L,ABFLOW025,Oil,7.142099179607957,81.26230627047241,88.40440545008036
Finland,2017,1A2M,ABFLOW026,Coal,7.142099179607957,65.41913347922721,72.56123265883517
Finland,2017,1A2M,ABFLOW026,Natural gas,7.142099179607957,69.62221573656883,76.76431491617679
Finland,2017,1A2M,ABFLOW026,Oil,7.142099179607957,81.26230627047241,88.40440545008036
Finland,2017,1A3,ABFLOW027,Coal,,,0.0
Finland,2017,1A3,ABFLOW027,Natural gas,,,0.0
Finland,2017,1A3,ABFLOW027,Oil,,,0.0
Finland,2017,1A3A1,ABFLOW040,Coal,3.642470581600058,,3.642470581600058
Finland,2017,1A3A1,ABFLOW040,Natural gas,3.642470581600058,,3.642470581600058
Finland,2017,1A3A1,ABFLOW040,Oil,3.642470581600058,,3.642470581600058
Finland,2017,1A3A2,ABFLOW029,Coal,7.142099179607957,65.41913347922721,72.56123265883517
Finland,2017,1A3A2,ABFLOW029,Natural gas,7.142099179607957,69.62221573656883,76.76431491617679
Finland,2017,1A3A2,ABFLOW029,Oil,7.142099179607957,81.26230627047241,88.40440545008036
Finland,2017,1A3B,ABFLOW028,Coal,,65.41913347922721,65.41913347922721
Finland,2017,1A3B,ABFLOW028,Natural gas,,69.62221573656883,69.62221573656883
Finland,2017,1A3B,ABFLOW028,Oil,,81.26230627047241,81.26230627047241
Finland,2017,1A3C,ABFLOW030,Coal,,,0.0
Finland,2017,1A3C,ABFLOW030,Natural gas,,,0.0
Finland,2017,1A3C,ABFLOW030,Oil,,,0.0
Finland,2017,1A3D1,ABFLOW039,Coal,,,0.0
Finland,2017,1A3D1,ABFLOW039,Natural gas,,,0.0
Finland,2017,1A3D1,ABFLOW039,Oil,,,0.0
Finland,2017,1A3D2,ABFLOW032,Coal,,,0.0
Finland,2017,1A3D2,ABFLOW032,Natural gas,,,0.0
Finland,2017,1A3D2,ABFLOW032,Oil,,,0.0
Finland,2017,1A3E1,ABFLOW033,Coal,,,0.0
Finland,2017,1A3E1,ABFLOW033,Natural gas,,,0.0
Finland,2017,1A3E1,ABFLOW033,Oil,,,0.0
Finland,2017,1A4A,ABFLOW035,Coal,,65.41913347922721,65.41913347922721
Finland,2017,1A4A,ABFLOW035,Natural gas,,69.62221573656883,69.62221573656883
Finland,2017,1A4A,ABFLOW035,Oil,,81.26230627047241,81.26230627047241
Finland,2017,1A4B,ABFLOW034,Coal,,65.41913347922721,65.41913347922721
Finland,2017,1A4B,ABFLOW034,Natural gas,,69.62221573656883,69.62221573656883
Finland,2017,1A4B,ABFLOW034,Oil,,81.26230627047241,81.26230627047241
Finland,2017,1A4C1,ABFLOW036,Coal,,65.41913347922721,65.41913347922721
Finland,2017,1A4C1,ABFLOW036,Natural gas,,69.62221573656883,69.62221573656883
Finland,2017,1A4C1,ABFLOW036,Oil,,81.26230627047241,81.26230627047241
Finland,2017,1A4C2,ABFLOW037,Coal,,65.41913347922721,65.41913347922721
Finland,2017,1A4C2,ABFLOW037,Natural gas,,69.62221573656883,69.62221573656883
Finland,2017,1A4C2,ABFLOW037,Oil,,81.26230627047241,81.26230627047241
Finland,2017,1A5,ABFLOW038,Coal,,,0.0
Finland,2017,1A5,ABFLOW038,Natural gas,,,0.0
Finland,2017,1A5,ABFLOW038,Oil,,,0.0
Finland,2018,1A,ABFLOW001,Coal,,,0.0
Finland,2018,1A,ABFLOW001,Natural gas,,,0.0
Finland,2018,1A,ABFLOW001,Oil,,,0.0
Finland,2018,1A1A,ABFLOW002,Coal,,,0.0
Finland,2018,1A1A,ABFLOW002,Natural gas,,,0.0
Finland,2018,1A1A,ABFLOW002,Oil,,,0.0
Finland,2018,1A1A1,ABFLOW003,Coal,19.002849710630063,,19.002849710630063
Finland,2018,1A1A1,ABFLOW003,Natural gas,19.002849710630063,,19.002849710630063
Finland,2018,1A1A1,ABFLOW003,Oil,19.002849710630063,,19.002849710630063
Finland,2018,1A1A2,ABFLOW004,Coal,19.002849710630063,,19.002849710630063
Finland,2018,1A1A2,ABFLOW004,Natural gas,19.002849710630063,,19.002849710630063
Finland,2018,1A1A2,ABFLOW004,Oil,19.002849710630063,,19.002849710630063
Finland,2018,1A1A3,ABFLOW005,Coal,19.002849710630063,,19.002849710630063
Finland,2018,1A1A3,ABFLOW005,Natural gas,19.002849710630063,,19.002849710630063
Finland,2018,1A1A3,ABFLOW005,Oil,19.002849710630063,,19.002849710630063
Finland,2018,1A1B,ABFLOW011,Coal,19.002849710630063,68.56877956539854,87.5716292760286
Finland,2018,1A1B,ABFLOW011,Natural gas,19.002849710630063,73.02292950849233,92.02577921912238
Finland,2018,1A1B,ABFLOW011,Oil,19.002849710630063,79.6790369200454,98.68188663067546
Finland,2018,1A1C,ABFLOW011,Coal,19.002849710630063,68.56877956539854,87.5716292760286
Finland,2018,1A1C,ABFLOW011,Natural gas,19.002849710630063,73.02292950849233,92.02577921912238
Finland,2018,1A1C,ABFLOW011,Oil,19.002849710630063,79.6790369200454,98.68188663067546
Finland,2018,1A2,ABFLOW012,Coal,,,0.0
Finland,2018,1A2,ABFLOW012,Natural gas,,,0.0
Finland,2018,1A2,ABFLOW012,Oil,,,0.0
Finland,2018,1A2A,ABFLOW016,Coal,19.002849710630063,68.56877956539854,87.5716292760286
Finland,2018,1A2A,ABFLOW016,Natural gas,19.002849710630063,73.02292950849233,92.02577921912238
Finland,2018,1A2A,ABFLOW016,Oil,19.002849710630063,79.6790369200454,98.68188663067546
Finland,2018,1A2B,ABFLOW018,Coal,19.002849710630063,68.56877956539854,87.5716292760286
Finland,2018,1A2B,ABFLOW018,Natural gas,19.002849710630063,73.02292950849233,92.02577921912238
Finland,2018,1A2B,ABFLOW018,Oil,19.002849710630063,79.6790369200454,98.68188663067546
Finland,2018,1A2C,ABFLOW017,Coal,19.002849710630063,68.56877956539854,87.5716292760286
Finland,2018,1A2C,ABFLOW017,Natural gas,19.002849710630063,73.02292950849233,92.02577921912238
Finland,2018,1A2C,ABFLOW017,Oil,19.002849710630063,79.6790369200454,98.68188663067546
Finland,2018,1A2D,ABFLOW023,Coal,19.002849710630063,68.56877956539854,87.5716292760286
Finland,2018,1A2D,ABFLOW023,Natural gas,19.002849710630063,73.02292950849233,92.02577921912238
Finland,2018,1A2D,ABFLOW023,Oil,19.002849710630063,79.6790369200454,98.68188663067546
Finland,2018,1A2E,ABFLOW022,Coal,19.002849710630063,68.56877956539854,87.5716292760286
Finland,2018,1A2E,ABFLOW022,Natural gas,19.002849710630063,73.02292950849233,92.02577921912238
Finland,2018,1A2E,ABFLOW022,Oil,19.002849710630063,79.6790369200454,98.68188663067546
Finland,2018,1A2F,ABFLOW019,Coal,19.002849710630063,68.56877956539854,87.5716292760286
Finland,2018,1A2F,ABFLOW019,Natural gas,19.002849710630063,73.02292950849233,92.02577921912238
Finland,2018,1A2F,ABFLOW019,Oil,19.002849710630063,79.6790369200454,98.68188663067546
Finland,2018,1A2G,ABFLOW020,Coal,19.002849710630063,68.56877956539854,87.5716292760286
Finland,2018,1A2G,ABFLOW020,Natural gas,19.002849710630063,73.02292950849233,92.02577921912238
Finland,2018,1A2G,ABFLOW020,Oil,19.002849710630063,79.6790369200454,98.68188663067546
Finland,2018,1A2H,ABFLOW021,Coal,19.002849710630063,68.56877956539854,87.5716292760286
Finland,2018,1A2H,ABFLOW021,Natural gas,19.002849710630063,73.02292950849233,92.02577921912238
Finland,2018,1A2H,ABFLOW021,Oil,19.002849710630063,79.6790369200454,98.68188663067546
Finland,2018,1A2I,ABFLOW013,Coal,19.002849710630063,68.56877956539854,87.5716292760286
Finland,2018,1A2I,ABFLOW013,Natural gas,19.002849710630063,73.02292950849233,92.02577921912238
Finland,2018,1A2I,ABFLOW013,Oil,19.002849710630063,79.6790369200454,98.68188663067546
Finland,2018,1A2J,ABFLOW024,Coal,19.002849710630063,68.56877956539854,87.5716292760286
Finland,2018,1A2J,ABFLOW024,Natural gas,19.002849710630063,73.02292950849233,92.02577921912238
Finland,2018,1A2J,ABFLOW024,Oil,19.002849710630063,79.6790369200454,98.68188663067546
Finland,2018,1A2K,ABFLOW014,Coal,19.002849710630063,68.56877956539854,87.5716292760286
Finland,2018,1A2K,ABFLOW014,Natural gas,19.002849710630063,73.02292950849233,92.02577921912238
Finland,2018,1A2K,ABFLOW014,Oil,19.002849710630063,79.6790369200454,98.68188663067546
Finland,2018,1A2L,ABFLOW025,Coal,19.002849710630063,68.56877956539854,87.5716292760286
Finland,2018,1A2L,ABFLOW025,Natural gas,19.002849710630063,73.02292950849233,92.02577921912238
Finland,2018,1A2L,ABFLOW025,Oil,19.002849710630063,79.6790369200454,98.68188663067546
Finland,2018,1A2M,ABFLOW026,Coal,19.002849710630063,68.56877956539854,87.5716292760286
Finland,2018,1A2M,ABFLOW026,Natural gas,19.002849710630063,73.02292950849233,92.02577921912238
Finland,2018,1A2M,ABFLOW026,Oil,19.002849710630063,79.6790369200454,98.68188663067546
Finland,2018,1A3,ABFLOW027,Coal,,,0.0
Finland,2018,1A3,ABFLOW027,Natural gas,,,0.0
Finland,2018,1A3,ABFLOW027,Oil,,,0.0
Finland,2018,1A3A1,ABFLOW040,Coal,9.691453352421332,,9.691453352421332
Finland,2018,1A3A1,ABFLOW040,Natural gas,9.691453352421332,,9.691453352421332
Finland,2018,1A3A1,ABFLOW040,Oil,9.691453352421332,,9.691453352421332
Finland,2018,1A3A2,ABFLOW029,Coal,19.002849710630063,68.56877956539854,87.5716292760286
Finland,2018,1A3A2,ABFLOW029,Natural gas,19.002849710630063,73.02292950849233,92.02577921912238
Finland,2018,1A3A2,ABFLOW029,Oil,19.002849710630063,79.6790369200454,98.68188663067546
Finland,2018,1A3B,ABFLOW028,Coal,,68.56877956539854,68.56877956539854
Finland,2018,1A3B,ABFLOW028,Natural gas,,73.02292950849233,73.02292950849233
Finland,2018,1A3B,ABFLOW028,Oil,,79.6790369200454,79.6790369200454
Finland,2018,1A3C,ABFLOW030,Coal,,,0.0
Finland,2018,1A3C,ABFLOW030,Natural gas,,,0.0
Finland,2018,1A3C,ABFLOW030,Oil,,,0.0
Finland,2018,1A3D1,ABFLOW039,Coal,,,0.0
Finland,2018,1A3D1,ABFLOW039,Natural gas,,,0.0
Finland,2018,1A3D1,ABFLOW039,Oil,,,0.0
Finland,2018,1A3D2,ABFLOW032,Coal,,,0.0
Finland,2018,1A3D2,ABFLOW032,Natural gas,,,0.0
Finland,2018,1A3D2,ABFLOW032,Oil,,,0.0
Finland,2018,1A3E1,ABFLOW033,Coal,,,0.0
Finland,2018,1A3E1,ABFLOW033,Natural gas,,,0.0
Finland,2018,1A3E1,ABFLOW033,Oil,,,0.0
Finland,2018,1A4A,ABFLOW035,Coal,,68.56877956539854,68.56877956539854
Finland,2018,1A4A,ABFLOW035,Natural gas,,73.02292950849233,73.02292950849233
Finland,2018,1A4A,ABFLOW035,Oil,,79.6790369200454,79.6790369200454
Finland,2018,1A4B,ABFLOW034,Coal,,68.56877956539854,68.56877956539854
Finland,2018,1A4B,ABFLOW034,Natural gas,,73.02292950849233,73.02292950849233
Finland,2018,1A4B,ABFLOW034,Oil,,79.6790369200454,79.6790369200454
Finland,2018,1A4C1,ABFLOW036,Coal,,68.56877956539854,68.56877956539854
Finland,2018,1A4C1,ABFLOW036,Natural gas,,73.02292950849233,73.02292950849233
Finland,2018,1A4C1,ABFLOW036,Oil,,79.6790369200454,79.6790369200454
Finland,2018,1A4C2,ABFLOW037,Coal,,68.56877956539854,68.56877956539854
Finland,2018,1A4C2,ABFLOW037,Natural gas,,73.02292950849233,73.02292950849233
Finland,2018,1A4C2,ABFLOW037,Oil,,79.6790369200454,79.6790369200454
Finland,2018,1A5,ABFLOW038,Coal,,,0.0
Finland,2018,1A5,ABFLOW038,Natural gas,,,0.0
Finland,2018,1A5,ABFLOW038,Oil,,,0.0
Finland,2019,1A,ABFLOW001,Coal,,,0.0
Finland,2019,1A,ABFLOW001,Natural gas,,,0.0
Finland,2019,1A,ABFLOW001,Oil,,,0.0
Finland,2019,1A1A,ABFLOW002,Coal,,,0.0
Finland,2019,1A1A,ABFLOW002,Natural gas,,,0.0
Finland,2019,1A1A,ABFLOW002,Oil,,,0.0
Finland,2019,1A1A1,ABFLOW003,Coal,29.44924845145433,,29.44924845145433
Finland,2019,1A1A1,ABFLOW003,Natural gas,29.44924845145433,,29.44924845145433
Finland,2019,1A1A1,ABFLOW003,Oil,29.44924845145433,,29.44924845145433
Finland,2019,1A1A2,ABFLOW004,Coal,29.44924845145433,,29.44924845145433
Finland,2019,1A1A2,ABFLOW004,Natural gas,29.44924845145433,,29.44924845145433
Finland,2019,1A1A2,ABFLOW004,Oil,29.44924845145433,,29.44924845145433
Finland,2019,1A1A3,ABFLOW005,Coal,29.44924845145433,,29.44924845145433
Finland,2019,1A1A3,ABFLOW005,Natural gas,29.44924845145433,,29.44924845145433
Finland,2019,1A1A3,ABFLOW005,Oil,29.44924845145433,,29.44924845145433
Finland,2019,1A1B,ABFLOW011,Coal,29.44924845145433,91.14116281197684,120.59041126343118
Finland,2019,1A1B,ABFLOW011,Natural gas,29.44924845145433,91.14116281197684,120.59041126343118
Finland,2019,1A1B,ABFLOW011,Oil,29.44924845145433,91.14116281197684,120.59041126343118
Finland,2019,1A1C,ABFLOW011,Coal,29.44924845145433,91.14116281197684,120.59041126343118
Finland,2019,1A1C,ABFLOW011,Natural gas,29.44924845145433,91.14116281197684,120.59041126343118
Finland,2019,1A1C,ABFLOW011,Oil,29.44924845145433,91.14116281197684,120.59041126343118
Finland,2019,1A2,ABFLOW012,Coal,,,0.0
Finland,2019,1A2,ABFLOW012,Natural gas,,,0.0
Finland,2019,1A2,ABFLOW012,Oil,,,0.0
Finland,2019,1A2A,ABFLOW016,Coal,29.44924845145433,91.14116281197684,120.59041126343118
Finland,2019,1A2A,ABFLOW016,Natural gas,29.44924845145433,91.14116281197684,120.59041126343118
Finland,2019,1A2A,ABFLOW016,Oil,29.44924845145433,91.14116281197684,120.59041126343118
Finland,2019,1A2B,ABFLOW018,Coal,29.44924845145433,91.14116281197684,120.59041126343118
Finland,2019,1A2B,ABFLOW018,Natural gas,29.44924845145433,91.14116281197684,120.59041126343118
Finland,2019,1A2B,ABFLOW018,Oil,29.44924845145433,91.14116281197684,120.59041126343118
Finland,2019,1A2C,ABFLOW017,Coal,29.44924845145433,91.14116281197684,120.59041126343118
Finland,2019,1A2C,ABFLOW017,Natural gas,29.44924845145433,91.14116281197684,120.59041126343118
Finland,2019,1A2C,ABFLOW017,Oil,29.44924845145433,91.14116281197684,120.59041126343118
Finland,2019,1A2D,ABFLOW023,Coal,29.44924845145433,91.14116281197684,120.59041126343118
Finland,2019,1A2D,ABFLOW023,Natural gas,29.44924845145433,91.14116281197684,120.59041126343118
Finland,2019,1A2D,ABFLOW023,Oil,29.44924845145433,91.14116281197684,120.59041126343118
Finland,2019,1A2E,ABFLOW022,Coal,29.44924845145433,91.14116281197684,120.59041126343118
Finland,2019,1A2E,ABFLOW022,Natural gas,29.44924845145433,91.14116281197684,120.59041126343118
Finland,2019,1A2E,ABFLOW022,Oil,29.44924845145433,91.14116281197684,120.59041126343118
Finland,2019,1A2F,ABFLOW019,Coal,29.44924845145433,91.14116281197684,120.59041126343118
Finland,2019,1A2F,ABFLOW019,Natural gas,29.44924845145433,91.14116281197684,120.59041126343118
Finland,2019,1A2F,ABFLOW019,Oil,29.44924845145433,91.14116281197684,120.59041126343118
Finland,2019,1A2G,ABFLOW020,Coal,29.44924845145433,91.14116281197684,120.59041126343118
Finland,2019,1A2G,ABFLOW020,Natural gas,29.44924845145433,91.14116281197684,120.59041126343118
Finland,2019,1A2G,ABFLOW020,Oil,29.44924845145433,91.14116281197684,120.59041126343118
Finland,2019,1A2H,ABFLOW021,Coal,29.44924845145433,91.14116281197684,120.59041126343118
Finland,2019,1A2H,ABFLOW021,Natural gas,29.44924845145433,91.14116281197684,120.59041126343118
Finland,2019,1A2H,ABFLOW021,Oil,29.44924845145433,91.14116281197684,120.59041126343118
Finland,2019,1A2I,ABFLOW013,Coal,29.44924845145433,91.14116281197684,120.59041126343118
Finland,2019,1A2I,ABFLOW013,Natural gas,29.44924845145433,91.14116281197684,120.59041126343118
Finland,2019,1A2I,ABFLOW013,Oil,29.44924845145433,91.14116281197684,120.59041126343118
Finland,2019,1A2J,ABFLOW024,Coal,29.44924845145433,91.14116281197684,120.59041126343118
Finland,2019,1A2J,ABFLOW024,Natural gas,29.44924845145433,91.14116281197684,120.59041126343118
Finland,2019,1A2J,ABFLOW024,Oil,29.44924845145433,91.14116281197684,120.59041126343118
Finland,2019,1A2K,ABFLOW014,Coal,29.44924845145433,91.14116281197684,120.59041126343118
Finland,2019,1A2K,ABFLOW014,Natural gas,29.44924845145433,91.14116281197684,120.59041126343118
Finland,2019,1A2K,ABFLOW014,Oil,29.44924845145433,91.14116281197684,120.59041126343118
Finland,2019,1A2L,ABFLOW025,Coal,29.44924845145433,91.14116281197684,120.59041126343118
Finland,2019,1A2L,ABFLOW025,Natural gas,29.44924845145433,91.14116281197684,120.59041126343118
Finland,2019,1A2L,ABFLOW025,Oil,29.44924845145433,91.14116281197684,120.59041126343118
Finland,2019,1A2M,ABFLOW026,Coal,29.44924845145433,91.14116281197684,120.59041126343118
Finland,2019,1A2M,ABFLOW026,Natural gas,29.44924845145433,91.14116281197684,120.59041126343118
Finland,2019,1A2M,ABFLOW026,Oil,29.44924845145433,91.14116281197684,120.59041126343118
Finland,2019,1A3,ABFLOW027,Coal,,,0.0
Finland,2019,1A3,ABFLOW027,Natural gas,,,0.0
Finland,2019,1A3,ABFLOW027,Oil,,,0.0
Finland,2019,1A3A1,ABFLOW040,Coal,15.01911671024171,,15.01911671024171
Finland,2019,1A3A1,ABFLOW040,Natural gas,15.01911671024171,,15.01911671024171
Finland,2019,1A3A1,ABFLOW040,Oil,15.01911671024171,,15.01911671024171
Finland,2019,1A3A2,ABFLOW029,Coal,29.44924845145433,91.14116281197684,120.59041126343118
Finland,2019,1A3A2,ABFLOW029,Natural gas,29.44924845145433,91.14116281197684,120.59041126343118
Finland,2019,1A3A2,ABFLOW029,Oil,29.44924845145433,91.14116281197684,120.59041126343118
Finland,2019,1A3B,ABFLOW028,Coal,,91.14116281197684,91.14116281197684
Finland,2019,1A3B,ABFLOW028,Natural gas,,91.14116281197684,91.14116281197684
Finland,2019,1A3B,ABFLOW028,Oil,,91.14116281197684,91.14116281197684
Finland,2019,1A3C,ABFLOW030,Coal,,,0.0
Finland,2019,1A3C,ABFLOW030,Natural gas,,,0.0
Finland,2019,1A3C,ABFLOW030,Oil,,,0.0
Finland,2019,1A3D1,ABFLOW039,Coal,,,0.0
Finland,2019,1A3D1,ABFLOW039,Natural gas,,,0.0
Finland,2019,1A3D1,ABFLOW039,Oil,,,0.0
Finland,2019,1A3D2,ABFLOW032,Coal,,,0.0
Finland,2019,1A3D2,ABFLOW032,Natural gas,,,0.0
Finland,2019,1A3D2,ABFLOW032,Oil,,,0.0
Finland,2019,1A3E1,ABFLOW033,Coal,,,0.0
Finland,2019,1A3E1,ABFLOW033,Natural gas,,,0.0
Finland,2019,1A3E1,ABFLOW033,Oil,,,0.0
Finland,2019,1A4A,ABFLOW035,Coal,,91.14116281197684,91.14116281197684
Finland,2019,1A4A,ABFLOW035,Natural gas,,91.14116281197684,91.14116281197684
Finland,2019,1A4A,ABFLOW035,Oil,,91.14116281197684,91.14116281197684
Finland,2019,1A4B,ABFLOW034,Coal,,91.14116281197684,91.14116281197684
Finland,2019,1A4B,ABFLOW034,Natural gas,,91.14116281197684,91.14116281197684
Finland,2019,1A4B,ABFLOW034,Oil,,91.14116281197684,91.14116281197684
Finland,2019,1A4C1,ABFLOW036,Coal,,91.14116281197684,91.14116281197684
Finland,2019,1A4C1,ABFLOW036,Natural gas,,91.14116281197684,91.14116281197684
Finland,2019,1A4C1,ABFLOW036,Oil,,91.14116281197684,91.14116281197684
Finland,2019,1A4C2,ABFLOW037,Coal,,91.14116281197684,91.14116281197684
Finland,2019,1A4C2,ABFLOW037,Natural gas,,91.14116281197684,91.14116281197684
Finland,2019,1A4C2,ABFLOW037,Oil,,91.14116281197684,91.14116281197684
Finland,2019,1A5,ABFLOW038,Coal,,,0.0
Finland,2019,1A5,ABFLOW038,Natural gas,,,0.0
Finland,2019,1A5,ABFLOW038,Oil,,,0.0
Finland,2020,1A,ABFLOW001,Coal,,,0.0
Finland,2020,1A,ABFLOW001,Natural gas,,,0.0
Finland,2020,1A,ABFLOW001,Oil,,,0.0
Finland,2020,1A1A,ABFLOW002,Coal,,,0.0
Finland,2020,1A1A,ABFLOW002,Natural gas,,,0.0
Finland,2020,1A1A,ABFLOW002,Oil,,,0.0
Finland,2020,1A1A1,ABFLOW003,Coal,28.834776639095363,,28.834776639095363
Finland,2020,1A1A1,ABFLOW003,Natural gas,28.834776639095363,,28.834776639095363
Finland,2020,1A1A1,ABFLOW003,Oil,28.834776639095363,,28.834776639095363
Finland,2020,1A1A2,ABFLOW004,Coal,28.834776639095363,,28.834776639095363
Finland,2020,1A1A2,ABFLOW004,Natural gas,28.834776639095363,,28.834776639095363
Finland,2020,1A1A2,ABFLOW004,Oil,28.834776639095363,,28.834776639095363
Finland,2020,1A1A3,ABFLOW005,Coal,28.834776639095363,,28.834776639095363
Finland,2020,1A1A3,ABFLOW005,Natural gas,28.834776639095363,,28.834776639095363
Finland,2020,1A1A3,ABFLOW005,Oil,28.834776639095363,,28.834776639095363
Finland,2020,1A1B,ABFLOW011,Coal,28.834776639095363,89.67196289217863,118.506739531274
Finland,2020,1A1B,ABFLOW011,Natural gas,28.834776639095363,89.67196289217863,118.506739531274
Finland,2020,1A1B,ABFLOW011,Oil,28.834776639095363,89.67196289217863,118.506739531274
Finland,2020,1A1C,ABFLOW011,Coal,28.834776639095363,89.67196289217863,118.506739531274
Finland,2020,1A1C,ABFLOW011,Natural gas,28.834776639095363,89.67196289217863,118.506739531274
Finland,2020,1A1C,ABFLOW011,Oil,28.834776639095363,89.67196289217863,118.506739531274
Finland,2020,1A2,ABFLOW012,Coal,,,0.0
Finland,2020,1A2,ABFLOW012,Natural gas,,,0.0
Finland,2020,1A2,ABFLOW012,Oil,,,0.0
Finland,2020,1A2A,ABFLOW016,Coal,28.834776639095363,89.67196289217863,118.506739531274
Finland,2020,1A2A,ABFLOW016,Natural gas,28.834776639095363,89.67196289217863,118.506739531274
Finland,2020,1A2A,ABFLOW016,Oil,28.834776639095363,89.67196289217863,118.506739531274
Finland,2020,1A2B,ABFLOW018,Coal,28.834776639095363,89.67196289217863,118.506739531274
Finland,2020,1A2B,ABFLOW018,Natural gas,28.834776639095363,89.67196289217863,118.506739531274
Finland,2020,1A2B,ABFLOW018,Oil,28.834776639095363,89.67196289217863,118.506739531274
Finland,2020,1A2C,ABFLOW017,Coal,28.834776639095363,89.67196289217863,118.506739531274
Finland,2020,1A2C,ABFLOW017,Natural gas,28.834776639095363,89.67196289217863,118.506739531274
Finland,2020,1A2C,ABFLOW017,Oil,28.834776639095363,89.67196289217863,118.506739531274
Finland,2020,1A2D,ABFLOW023,Coal,28.834776639095363,89.67196289217863,118.506739531274
Finland,2020,1A2D,ABFLOW023,Natural gas,28.834776639095363,89.67196289217863,118.506739531274
Finland,2020,1A2D,ABFLOW023,Oil,28.834776639095363,89.67196289217863,118.506739531274
Finland,2020,1A2E,ABFLOW022,Coal,28.834776639095363,89.67196289217863,118.506739531274
Finland,2020,1A2E,ABFLOW022,Natural gas,28.834776639095363,89.67196289217863,118.506739531274
Finland,2020,1A2E,ABFLOW022,Oil,28.834776639095363,89.67196289217863,118.506739531274
Finland,2020,1A2F,ABFLOW019,Coal,28.834776639095363,89.67196289217863,118.506739531274
Finland,2020,1A2F,ABFLOW019,Natural gas,28.834776639095363,89.67196289217863,118.506739531274
Finland,2020,1A2F,ABFLOW019,Oil,28.834776639095363,89.67196289217863,118.506739531274
Finland,2020,1A2G,ABFLOW020,Coal,28.834776639095363,89.67196289217863,118.506739531274
Finland,2020,1A2G,ABFLOW020,Natural gas,28.834776639095363,89.67196289217863,118.506739531274
Finland,2020,1A2G,ABFLOW020,Oil,28.834776639095363,89.67196289217863,118.506739531274
Finland,2020,1A2H,ABFLOW021,Coal,28.834776639095363,89.67196289217863,118.506739531274
Finland,2020,1A2H,ABFLOW021,Natural gas,28.834776639095363,89.67196289217863,118.506739531274
Finland,2020,1A2H,ABFLOW021,Oil,28.834776639095363,89.67196289217863,118.506739531274
Finland,2020,1A2I,ABFLOW013,Coal,28.834776639095363,89.67196289217863,118.506739531274
Finland,2020,1A2I,ABFLOW013,Natural gas,28.834776639095363,89.67196289217863,118.506739531274
Finland,2020,1A2I,ABFLOW013,Oil,28.834776639095363,89.67196289217863,118.506739531274
Finland,2020,1A2J,ABFLOW024,Coal,28.834776639095363,89.67196289217863,118.506739531274
Finland,2020,1A2J,ABFLOW024,Natural gas,28.834776639095363,89.67196289217863,118.506739531274
Finland,2020,1A2J,ABFLOW024,Oil,28.834776639095363,89.67196289217863,118.506739531274
Finland,2020,1A2K,ABFLOW014,Coal,28.834776639095363,89.67196289217863,118.506739531274
Finland,2020,1A2K,ABFLOW014,Natural gas,28.834776639095363,89.67196289217863,118.506739531274
Finland,2020,1A2K,ABFLOW014,Oil,28.834776639095363,89.67196289217863,118.506739531274
Finland,2020,1A2L,ABFLOW025,Coal,28.834776639095363,89.67196289217863,118.506739531274
Finland,2020,1A2L,ABFLOW025,Natural gas,28.834776639095363,89.67196289217863,118.506739531274
Finland,2020,1A2L,ABFLOW025,Oil,28.834776639095363,89.67196289217863,118.506739531274
Finland,2020,1A2M,ABFLOW026,Coal,28.834776639095363,89.67196289217863,118.506739531274
Finland,2020,1A2M,ABFLOW026,Natural gas,28.834776639095363,89.67196289217863,118.506739531274
Finland,2020,1A2M,ABFLOW026,Oil,28.834776639095363,89.67196289217863,118.506739531274
Finland,2020,1A3,ABFLOW027,Coal,,,0.0
Finland,2020,1A3,ABFLOW027,Natural gas,,,0.0
Finland,2020,1A3,ABFLOW027,Oil,,,0.0
Finland,2020,1A3A1,ABFLOW040,Coal,14.705736085938636,,14.705736085938636
Finland,2020,1A3A1,ABFLOW040,Natural gas,14.705736085938636,,14.705736085938636
Finland,2020,1A3A1,ABFLOW040,Oil,14.705736085938636,,14.705736085938636
Finland,2020,1A3A2,ABFLOW029,Coal,28.834776639095363,89.67196289217863,118.506739531274
Finland,2020,1A3A2,ABFLOW029,Natural gas,28.834776639095363,89.67196289217863,118.506739531274
Finland,2020,1A3A2,ABFLOW029,Oil,28.834776639095363,89.67196289217863,118.506739531274
Finland,2020,1A3B,ABFLOW028,Coal,,89.67196289217863,89.67196289217863
Finland,2020,1A3B,ABFLOW028,Natural gas,,89.67196289217863,89.67196289217863
Finland,2020,1A3B,ABFLOW028,Oil,,89.67196289217863,89.67196289217863
Finland,2020,1A3C,ABFLOW030,Coal,,,0.0
Finland,2020,1A3C,ABFLOW030,Natural gas,,,0.0
Finland,2020,1A3C,ABFLOW030,Oil,,,0.0
Finland,2020,1A3D1,ABFLOW039,Coal,,,0.0
Finland,2020,1A3D1,ABFLOW039,Natural gas,,,0.0
Finland,2020,1A3D1,ABFLOW039,Oil,,,0.0
Finland,2020,1A3D2,ABFLOW032,Coal,,,0.0
Finland,2020,1A3D2,ABFLOW032,Natural gas,,,0.0
Finland,2020,1A3D2,ABFLOW032,Oil,,,0.0
Finland,2020,1A3E1,ABFLOW033,Coal,,,0.0
Finland,2020,1A3E1,ABFLOW033,Natural gas,,,0.0
Finland,2020,1A3E1,ABFLOW033,Oil,,,0.0
Finland,2020,1A4A,ABFLOW035,Coal,,89.67196289217863,89.67196289217863
Finland,2020,1A4A,ABFLOW035,Natural gas,,89.67196289217863,89.67196289217863
Finland,2020,1A4A,ABFLOW035,Oil,,89.67196289217863,89.67196289217863
Finland,2020,1A4B,ABFLOW034,Coal,,89.67196289217863,89.67196289217863
Finland,2020,1A4B,ABFLOW034,Natural gas,,89.67196289217863,89.67196289217863
Finland,2020,1A4B,ABFLOW034,Oil,,89.67196289217863,89.67196289217863
Finland,2020,1A4C1,ABFLOW036,Coal,,89.67196289217863,89.67196289217863
Finland,2020,1A4C1,ABFLOW036,Natural gas,,89.67196289217863,89.67196289217863
Finland,2020,1A4C1,ABFLOW036,Oil,,89.67196289217863,89.67196289217863
Finland,2020,1A4C2,ABFLOW037,Coal,,89.67196289217863,89.67196289217863
Finland,2020,1A4C2,ABFLOW037,Natural gas,,89.67196289217863,89.67196289217863
Finland,2020,1A4C2,ABFLOW037,Oil,,89.67196289217863,89.67196289217863
Finland,2020,1A5,ABFLOW038,Coal,,,0.0
Finland,2020,1A5,ABFLOW038,Natural gas,,,0.0
Finland,2020,1A5,ABFLOW038,Oil,,,0.0
Finland,2021,1A,ABFLOW001,Coal,,,0.0
Finland,2021,1A,ABFLOW001,Natural gas,,,0.0
Finland,2021,1A,ABFLOW001,Oil,,,0.0
Finland,2021,1A1A,ABFLOW002,Coal,,,0.0
Finland,2021,1A1A,ABFLOW002,Natural gas,,,0.0
Finland,2021,1A1A,ABFLOW002,Oil,,,0.0
Finland,2021,1A1A1,ABFLOW003,Coal,60.89193727539277,,60.89193727539277
Finland,2021,1A1A1,ABFLOW003,Natural gas,60.89193727539277,,60.89193727539277
Finland,2021,1A1A1,ABFLOW003,Oil,60.89193727539277,,60.89193727539277
Finland,2021,1A1A2,ABFLOW004,Coal,60.89193727539277,,60.89193727539277
Finland,2021,1A1A2,ABFLOW004,Natural gas,60.89193727539277,,60.89193727539277
Finland,2021,1A1A2,ABFLOW004,Oil,60.89193727539277,,60.89193727539277
Finland,2021,1A1A3,ABFLOW005,Coal,60.89193727539277,,60.89193727539277
Finland,2021,1A1A3,ABFLOW005,Natural gas,60.89193727539277,,60.89193727539277
Finland,2021,1A1A3,ABFLOW005,Oil,60.89193727539277,,60.89193727539277
Finland,2021,1A1B,ABFLOW011,Coal,60.89193727539277,87.54068652362291,148.4326237990157
Finland,2021,1A1B,ABFLOW011,Natural gas,60.89193727539277,87.54068652362291,148.4326237990157
Finland,2021,1A1B,ABFLOW011,Oil,60.89193727539277,87.54068652362291,148.4326237990157
Finland,2021,1A1C,ABFLOW011,Coal,60.89193727539277,87.54068652362291,148.4326237990157
Finland,2021,1A1C,ABFLOW011,Natural gas,60.89193727539277,87.54068652362291,148.4326237990157
Finland,2021,1A1C,ABFLOW011,Oil,60.89193727539277,87.54068652362291,148.4326237990157
Finland,2021,1A2,ABFLOW012,Coal,,,0.0
Finland,2021,1A2,ABFLOW012,Natural gas,,,0.0
Finland,2021,1A2,ABFLOW012,Oil,,,0.0
Finland,2021,1A2A,ABFLOW016,Coal,60.89193727539277,87.54068652362291,148.4326237990157
Finland,2021,1A2A,ABFLOW016,Natural gas,60.89193727539277,87.54068652362291,148.4326237990157
Finland,2021,1A2A,ABFLOW016,Oil,60.89193727539277,87.54068652362291,148.4326237990157
Finland,2021,1A2B,ABFLOW018,Coal,60.89193727539277,87.54068652362291,148.4326237990157
Finland,2021,1A2B,ABFLOW018,Natural gas,60.89193727539277,87.54068652362291,148.4326237990157
Finland,2021,1A2B,ABFLOW018,Oil,60.89193727539277,87.54068652362291,148.4326237990157
Finland,2021,1A2C,ABFLOW017,Coal,60.89193727539277,87.54068652362291,148.4326237990157
Finland,2021,1A2C,ABFLOW017,Natural gas,60.89193727539277,87.54068652362291,148.4326237990157
Finland,2021,1A2C,ABFLOW017,Oil,60.89193727539277,87.54068652362291,148.4326237990157
Finland,2021,1A2D,ABFLOW023,Coal,60.89193727539277,87.54068652362291,148.4326237990157
Finland,2021,1A2D,ABFLOW023,Natural gas,60.89193727539277,87.54068652362291,148.4326237990157
Finland,2021,1A2D,ABFLOW023,Oil,60.89193727539277,87.54068652362291,148.4326237990157
Finland,2021,1A2E,ABFLOW022,Coal,60.89193727539277,87.54068652362291,148.4326237990157
Finland,2021,1A2E,ABFLOW022,Natural gas,60.89193727539277,87.54068652362291,148.4326237990157
Finland,2021,1A2E,ABFLOW022,Oil,60.89193727539277,87.54068652362291,148.4326237990157
Finland,2021,1A2F,ABFLOW019,Coal,60.89193727539277,87.54068652362291,148.4326237990157
Finland,2021,1A2F,ABFLOW019,Natural gas,60.89193727539277,87.54068652362291,148.4326237990157
Finland,2021,1A2F,ABFLOW019,Oil,60.89193727539277,87.54068652362291,148.4326237990157
Finland,2021,1A2G,ABFLOW020,Coal,60.89193727539277,87.54068652362291,148.4326237990157
Finland,2021,1A2G,ABFLOW020,Natural gas,60.89193727539277,87.54068652362291,148.4326237990157
Finland,2021,1A2G,ABFLOW020,Oil,60.89193727539277,87.54068652362291,148.4326237990157
Finland,2021,1A2H,ABFLOW021,Coal,60.89193727539277,87.54068652362291,148.4326237990157
Finland,2021,1A2H,ABFLOW021,Natural gas,60.89193727539277,87.54068652362291,148.4326237990157
Finland,2021,1A2H,ABFLOW021,Oil,60.89193727539277,87.54068652362291,148.4326237990157
Finland,2021,1A2I,ABFLOW013,Coal,60.89193727539277,87.54068652362291,148.4326237990157
Finland,2021,1A2I,ABFLOW013,Natural gas,60.89193727539277,87.54068652362291,148.4326237990157
Finland,2021,1A2I,ABFLOW013,Oil,60.89193727539277,87.54068652362291,148.4326237990157
Finland,2021,1A2J,ABFLOW024,Coal,60.89193727539277,87.54068652362291,148.4326237990157
Finland,2021,1A2J,ABFLOW024,Natural gas,60.89193727539277,87.54068652362291,148.4326237990157
Finland,2021,1A2J,ABFLOW024,Oil,60.89193727539277,87.54068652362291,148.4326237990157
Finland,2021,1A2K,ABFLOW014,Coal,60.89193727539277,87.54068652362291,148.4326237990157
Finland,2021,1A2K,ABFLOW014,Natural gas,60.89193727539277,87.54068652362291,148.4326237990157
Finland,2021,1A2K,ABFLOW014,Oil,60.89193727539277,87.54068652362291,148.4326237990157
Finland,2021,1A2L,ABFLOW025,Coal,60.89193727539277,87.54068652362291,148.4326237990157
Finland,2021,1A2L,ABFLOW025,Natural gas,60.89193727539277,87.54068652362291,148.4326237990157
Finland,2021,1A2L,ABFLOW025,Oil,60.89193727539277,87.54068652362291,148.4326237990157
Finland,2021,1A2M,ABFLOW026,Coal,60.89193727539277,87.54068652362291,148.4326237990157
Finland,2021,1A2M,ABFLOW026,Natural gas,60.89193727539277,87.54068652362291,148.4326237990157
Finland,2021,1A2M,ABFLOW026,Oil,60.89193727539277,87.54068652362291,148.4326237990157
Finland,2021,1A3,ABFLOW027,Coal,,,0.0
Finland,2021,1A3,ABFLOW027,Natural gas,,,0.0
Finland,2021,1A3,ABFLOW027,Oil,,,0.0
Finland,2021,1A3A1,ABFLOW040,Coal,31.054888010450313,,31.054888010450313
Finland,2021,1A3A1,ABFLOW040,Natural gas,31.054888010450313,,31.054888010450313
Finland,2021,1A3A1,ABFLOW040,Oil,31.054888010450313,,31.054888010450313
Finland,2021,1A3A2,ABFLOW029,Coal,60.89193727539277,87.54068652362291,148.4326237990157
Finland,2021,1A3A2,ABFLOW029,Natural gas,60.89193727539277,87.54068652362291,148.4326237990157
Finland,2021,1A3A2,ABFLOW029,Oil,60.89193727539277,87.54068652362291,148.4326237990157
Finland,2021,1A3B,ABFLOW028,Coal,,87.54068652362291,87.54068652362291
Finland,2021,1A3B,ABFLOW028,Natural gas,,87.54068652362291,87.54068652362291
Finland,2021,1A3B,ABFLOW028,Oil,,87.54068652362291,87.54068652362291
Finland,2021,1A3C,ABFLOW030,Coal,,,0.0
Finland,2021,1A3C,ABFLOW030,Natural gas,,,0.0
Finland,2021,1A3C,ABFLOW030,Oil,,,0.0
Finland,2021,1A3D1,ABFLOW039,Coal,,,0.0
Finland,2021,1A3D1,ABFLOW039,Natural gas,,,0.0
Finland,2021,1A3D1,ABFLOW039,Oil,,,0.0
Finland,2021,1A3D2,ABFLOW032,Coal,,,0.0
Finland,2021,1A3D2,ABFLOW032,Natural gas,,,0.0
Finland,2021,1A3D2,ABFLOW032,Oil,,,0.0
Finland,2021,1A3E1,ABFLOW033,Coal,,,0.0
Finland,2021,1A3E1,ABFLOW033,Natural gas,,,0.0
Finland,2021,1A3E1,ABFLOW033,Oil,,,0.0
Finland,2021,1A4A,ABFLOW035,Coal,,87.54068652362291,87.54068652362291
Finland,2021,1A4A,ABFLOW035,Natural gas,,87.54068652362291,87.54068652362291
Finland,2021,1A4A,ABFLOW035,Oil,,87.54068652362291,87.54068652362291
Finland,2021,1A4B,ABFLOW034,Coal,,87.54068652362291,87.54068652362291
Finland,2021,1A4B,ABFLOW034,Natural gas,,87.54068652362291,87.54068652362291
Finland,2021,1A4B,ABFLOW034,Oil,,87.54068652362291,87.54068652362291
Finland,2021,1A4C1,ABFLOW036,Coal,,87.54068652362291,87.54068652362291
Finland,2021,1A4C1,ABFLOW036,Natural gas,,87.54068652362291,87.54068652362291
Finland,2021,1A4C1,ABFLOW036,Oil,,87.54068652362291,87.54068652362291
Finland,2021,1A4C2,ABFLOW037,Coal,,87.54068652362291,87.54068652362291
Finland,2021,1A4C2,ABFLOW037,Natural gas,,87.54068652362291,87.54068652362291
Finland,2021,1A4C2,ABFLOW037,Oil,,87.54068652362291,87.54068652362291
Finland,2021,1A5,ABFLOW038,Coal,,,0.0
Finland,2021,1A5,ABFLOW038,Natural gas,,,0.0
Finland,2021,1A5,ABFLOW038,Oil,,,0.0
Finland,2022,1A,ABFLOW001,Coal,,,0.0
Finland,2022,1A,ABFLOW001,Natural gas,,,0.0
Finland,2022,1A,ABFLOW001,Oil,,,0.0
Finland,2022,1A1A,ABFLOW002,Coal,,,0.0
Finland,2022,1A1A,ABFLOW002,Natural gas,,,0.0
Finland,2022,1A1A,ABFLOW002,Oil,,,0.0
Finland,2022,1A1A1,ABFLOW003,Coal,87.26461340186965,,87.26461340186965
Finland,2022,1A1A1,ABFLOW003,Natural gas,87.26461340186965,,87.26461340186965
Finland,2022,1A1A1,ABFLOW003,Oil,87.26461340186965,,87.26461340186965
Finland,2022,1A1A2,ABFLOW004,Coal,87.26461340186965,,87.26461340186965
Finland,2022,1A1A2,ABFLOW004,Natural gas,87.26461340186965,,87.26461340186965
Finland,2022,1A1A2,ABFLOW004,Oil,87.26461340186965,,87.26461340186965
Finland,2022,1A1A3,ABFLOW005,Coal,87.26461340186965,,87.26461340186965
Finland,2022,1A1A3,ABFLOW005,Natural gas,87.26461340186965,,87.26461340186965
Finland,2022,1A1A3,ABFLOW005,Oil,87.26461340186965,,87.26461340186965
Finland,2022,1A1B,ABFLOW011,Coal,87.26461340186965,83.0167436612795,170.28135706314916
Finland,2022,1A1B,ABFLOW011,Natural gas,87.26461340186965,83.0167436612795,170.28135706314916
Finland,2022,1A1B,ABFLOW011,Oil,87.26461340186965,83.0167436612795,170.28135706314916
Finland,2022,1A1C,ABFLOW011,Coal,87.26461340186965,83.0167436612795,170.28135706314916
Finland,2022,1A1C,ABFLOW011,Natural gas,87.26461340186965,83.0167436612795,170.28135706314916
Finland,2022,1A1C,ABFLOW011,Oil,87.26461340186965,83.0167436612795,170.28135706314916
Finland,2022,1A2,ABFLOW012,Coal,,,0.0
Finland,2022,1A2,ABFLOW012,Natural gas,,,0.0
Finland,2022,1A2,ABFLOW012,Oil,,,0.0
Finland,2022,1A2A,ABFLOW016,Coal,87.26461340186965,83.0167436612795,170.28135706314916
Finland,2022,1A2A,ABFLOW016,Natural gas,87.26461340186965,83.0167436612795,170.28135706314916
Finland,2022,1A2A,ABFLOW016,Oil,87.26461340186965,83.0167436612795,170.28135706314916
Finland,2022,1A2B,ABFLOW018,Coal,87.26461340186965,83.0167436612795,170.28135706314916
Finland,2022,1A2B,ABFLOW018,Natural gas,87.26461340186965,83.0167436612795,170.28135706314916
Finland,2022,1A2B,ABFLOW018,Oil,87.26461340186965,83.0167436612795,170.28135706314916
Finland,2022,1A2C,ABFLOW017,Coal,87.26461340186965,83.0167436612795,170.28135706314916
Finland,2022,1A2C,ABFLOW017,Natural gas,87.26461340186965,83.0167436612795,170.28135706314916
Finland,2022,1A2C,ABFLOW017,Oil,87.26461340186965,83.0167436612795,170.28135706314916
Finland,2022,1A2D,ABFLOW023,Coal,87.26461340186965,83.0167436612795,170.28135706314916
Finland,2022,1A2D,ABFLOW023,Natural gas,87.26461340186965,83.0167436612795,170.28135706314916
Finland,2022,1A2D,ABFLOW023,Oil,87.26461340186965,83.0167436612795,170.28135706314916
Finland,2022,1A2E,ABFLOW022,Coal,87.26461340186965,83.0167436612795,170.28135706314916
Finland,2022,1A2E,ABFLOW022,Natural gas,87.26461340186965,83.0167436612795,170.28135706314916
Finland,2022,1A2E,ABFLOW022,Oil,87.26461340186965,83.0167436612795,170.28135706314916
Finland,2022,1A2F,ABFLOW019,Coal,87.26461340186965,83.0167436612795,170.28135706314916
Finland,2022,1A2F,ABFLOW019,Natural gas,87.26461340186965,83.0167436612795,170.28135706314916
Finland,2022,1A2F,ABFLOW019,Oil,87.26461340186965,83.0167436612795,170.28135706314916
Finland,2022,1A2G,ABFLOW020,Coal,87.26461340186965,83.0167436612795,170.28135706314916
Finland,2022,1A2G,ABFLOW020,Natural gas,87.26461340186965,83.0167436612795,170.28135706314916
Finland,2022,1A2G,ABFLOW020,Oil,87.26461340186965,83.0167436612795,170.28135706314916
Finland,2022,1A2H,ABFLOW021,Coal,87.26461340186965,83.0167436612795,170.28135706314916
Finland,2022,1A2H,ABFLOW021,Natural gas,87.26461340186965,83.0167436612795,170.28135706314916
Finland,2022,1A2H,ABFLOW021,Oil,87.26461340186965,83.0167436612795,170.28135706314916
Finland,2022,1A2I,ABFLOW013,Coal,87.26461340186965,83.0167436612795,170.28135706314916
Finland,2022,1A2I,ABFLOW013,Natural gas,87.26461340186965,83.0167436612795,170.28135706314916
Finland,2022,1A2I,ABFLOW013,Oil,87.26461340186965,83.0167436612795,170.28135706314916
Finland,2022,1A2J,ABFLOW024,Coal,87.26461340186965,83.0167436612795,170.28135706314916
Finland,2022,1A2J,ABFLOW024,Natural gas,87.26461340186965,83.0167436612795,170.28135706314916
Finland,2022,1A2J,ABFLOW024,Oil,87.26461340186965,83.0167436612795,170.28135706314916
Finland,2022,1A2K,ABFLOW014,Coal,87.26461340186965,83.0167436612795,170.28135706314916
Finland,2022,1A2K,ABFLOW014,Natural gas,87.26461340186965,83.0167436612795,170.28135706314916
Finland,2022,1A2K,ABFLOW014,Oil,87.26461340186965,83.0167436612795,170.28135706314916
Finland,2022,1A2L,ABFLOW025,Coal,87.26461340186965,83.0167436612795,170.28135706314916
Finland,2022,1A2L,ABFLOW025,Natural gas,87.26461340186965,83.0167436612795,170.28135706314916
Finland,2022,1A2L,ABFLOW025,Oil,87.26461340186965,83.0167436612795,170.28135706314916
Finland,2022,1A2M,ABFLOW026,Coal,87.26461340186965,83.0167436612795,170.28135706314916
Finland,2022,1A2M,ABFLOW026,Natural gas,87.26461340186965,83.0167436612795,170.28135706314916
Finland,2022,1A2M,ABFLOW026,Oil,87.26461340186965,83.0167436612795,170.28135706314916
Finland,2022,1A3,ABFLOW027,Coal,,,0.0
Finland,2022,1A3,ABFLOW027,Natural gas,,,0.0
Finland,2022,1A3,ABFLOW027,Oil,,,0.0
Finland,2022,1A3A1,ABFLOW040,Coal,44.50495283495352,,44.50495283495352
Finland,2022,1A3A1,ABFLOW040,Natural gas,44.50495283495352,,44.50495283495352
Finland,2022,1A3A1,ABFLOW040,Oil,44.50495283495352,,44.50495283495352
Finland,2022,1A3A2,ABFLOW029,Coal,87.26461340186965,83.0167436612795,170.28135706314916
Finland,2022,1A3A2,ABFLOW029,Natural gas,87.26461340186965,83.0167436612795,170.28135706314916
Finland,2022,1A3A2,ABFLOW029,Oil,87.26461340186965,83.0167436612795,170.28135706314916
Finland,2022,1A3B,ABFLOW028,Coal,,83.0167436612795,83.0167436612795
Finland,2022,1A3B,ABFLOW028,Natural gas,,83.0167436612795,83.0167436612795
Finland,2022,1A3B,ABFLOW028,Oil,,83.0167436612795,83.0167436612795
Finland,2022,1A3C,ABFLOW030,Coal,,,0.0
Finland,2022,1A3C,ABFLOW030,Natural gas,,,0.0
Finland,2022,1A3C,ABFLOW030,Oil,,,0.0
Finland,2022,1A3D1,ABFLOW039,Coal,,,0.0
Finland,2022,1A3D1,ABFLOW039,Natural gas,,,0.0
Finland,2022,1A3D1,ABFLOW039,Oil,,,0.0
Finland,2022,1A3D2,ABFLOW032,Coal,,,0.0
Finland,2022,1A3D2,ABFLOW032,Natural gas,,,0.0
Finland,2022,1A3D2,ABFLOW032,Oil,,,0.0
Finland,2022,1A3E1,ABFLOW033,Coal,,,0.0
Finland,2022,1A3E1,ABFLOW033,Natural gas,,,0.0
Finland,2022,1A3E1,ABFLOW033,Oil,,,0.0
Finland,2022,1A4A,ABFLOW035,Coal,,83.0167436612795,83.0167436612795
Finland,2022,1A4A,ABFLOW035,Natural gas,,83.0167436612795,83.0167436612795
Finland,2022,1A4A,ABFLOW035,Oil,,83.0167436612795,83.0167436612795
Finland,2022,1A4B,ABFLOW034,Coal,,83.0167436612795,83.0167436612795
Finland,2022,1A4B,ABFLOW034,Natural gas,,83.0167436612795,83.0167436612795
Finland,2022,1A4B,ABFLOW034,Oil,,83.0167436612795,83.0167436612795
Finland,2022,1A4C1,ABFLOW036,Coal,,83.0167436612795,83.0167436612795
Finland,2022,1A4C1,ABFLOW036,Natural gas,,83.0167436612795,83.0167436612795
Finland,2022,1A4C1,ABFLOW036,Oil,,83.0167436612795,83.0167436612795
Finland,2022,1A4C2,ABFLOW037,Coal,,83.0167436612795,83.0167436612795
Finland,2022,1A4C2,ABFLOW037,Natural gas,,83.0167436612795,83.0167436612795
Finland,2022,1A4C2,ABFLOW037,Oil,,83.0167436612795,83.0167436612795
Finland,2022,1A5,ABFLOW038,Coal,,,0.0
Finland,2022,1A5,ABFLOW038,Natural gas,,,0.0
Finland,2022,1A5,ABFLOW038,Oil,,,0.0
Finland,2023,1A,ABFLOW001,Coal,,,0.0
Finland,2023,1A,ABFLOW001,Natural gas,,,0.0
Finland,2023,1A,ABFLOW001,Oil,,,0.0
Finland,2023,1A1A,ABFLOW002,Coal,,,0.0
Finland,2023,1A1A,ABFLOW002,Natural gas,,,0.0
Finland,2023,1A1A,ABFLOW002,Oil,,,0.0
Finland,2023,1A1A1,ABFLOW003,Coal,86.96621723841015,,86.96621723841015
Finland,2023,1A1A1,ABFLOW003,Natural gas,86.96621723841015,,86.96621723841015
Finland,2023,1A1A1,ABFLOW003,Oil,86.96621723841015,,86.96621723841015
Finland,2023,1A1A2,ABFLOW004,Coal,86.96621723841015,,86.96621723841015
Finland,2023,1A1A2,ABFLOW004,Natural gas,86.96621723841015,,86.96621723841015
Finland,2023,1A1A2,ABFLOW004,Oil,86.96621723841015,,86.96621723841015
Finland,2023,1A1A3,ABFLOW005,Coal,86.96621723841015,,86.96621723841015
Finland,2023,1A1A3,ABFLOW005,Natural gas,86.96621723841015,,86.96621723841015
Finland,2023,1A1A3,ABFLOW005,Oil,86.96621723841015,,86.96621723841015
Finland,2023,1A1B,ABFLOW011,Coal,86.96621723841015,79.89022580956313,166.8564430479733
Finland,2023,1A1B,ABFLOW011,Natural gas,86.96621723841015,79.89022580956313,166.8564430479733
Finland,2023,1A1B,ABFLOW011,Oil,86.96621723841015,79.89022580956313,166.8564430479733
Finland,2023,1A1C,ABFLOW011,Coal,86.96621723841015,79.89022580956313,166.8564430479733
Finland,2023,1A1C,ABFLOW011,Natural gas,86.96621723841015,79.89022580956313,166.8564430479733
Finland,2023,1A1C,ABFLOW011,Oil,86.96621723841015,79.89022580956313,166.8564430479733
Finland,2023,1A2,ABFLOW012,Coal,,,0.0
Finland,2023,1A2,ABFLOW012,Natural gas,,,0.0
Finland,2023,1A2,ABFLOW012,Oil,,,0.0
Finland,2023,1A2A,ABFLOW016,Coal,86.96621723841015,79.89022580956313,166.8564430479733
Finland,2023,1A2A,ABFLOW016,Natural gas,86.96621723841015,79.89022580956313,166.8564430479733
Finland,2023,1A2A,ABFLOW016,Oil,86.96621723841015,79.89022580956313,166.8564430479733
Finland,2023,1A2B,ABFLOW018,Coal,86.96621723841015,79.89022580956313,166.8564430479733
Finland,2023,1A2B,ABFLOW018,Natural gas,86.96621723841015,79.89022580956313,166.8564430479733
Finland,2023,1A2B,ABFLOW018,Oil,86.96621723841015,79.89022580956313,166.8564430479733
Finland,2023,1A2C,ABFLOW017,Coal,86.96621723841015,79.89022580956313,166.8564430479733
Finland,2023,1A2C,ABFLOW017,Natural gas,86.96621723841015,79.89022580956313,166.8564430479733
Finland,2023,1A2C,ABFLOW017,Oil,86.96621723841015,79.89022580956313,166.8564430479733
Finland,2023,1A2D,ABFLOW023,Coal,86.96621723841015,79.89022580956313,166.8564430479733
Finland,2023,1A2D,ABFLOW023,Natural gas,86.96621723841015,79.89022580956313,166.8564430479733
Finland,2023,1A2D,ABFLOW023,Oil,86.96621723841015,79.89022580956313,166.8564430479733
Finland,2023,1A2E,ABFLOW022,Coal,86.96621723841015,79.89022580956313,166.8564430479733
Finland,2023,1A2E,ABFLOW022,Natural gas,86.96621723841015,79.89022580956313,166.8564430479733
Finland,2023,1A2E,ABFLOW022,Oil,86.96621723841015,79.89022580956313,166.8564430479733
Finland,2023,1A2F,ABFLOW019,Coal,86.96621723841015,79.89022580956313,166.8564430479733
Finland,2023,1A2F,ABFLOW019,Natural gas,86.96621723841015,79.89022580956313,166.8564430479733
Finland,2023,1A2F,ABFLOW019,Oil,86.96621723841015,79.89022580956313,166.8564430479733
Finland,2023,1A2G,ABFLOW020,Coal,86.96621723841015,79.89022580956313,166.8564430479733
Finland,2023,1A2G,ABFLOW020,Natural gas,86.96621723841015,79.89022580956313,166.8564430479733
Finland,2023,1A2G,ABFLOW020,Oil,86.96621723841015,79.89022580956313,166.8564430479733
Finland,2023,1A2H,ABFLOW021,Coal,86.96621723841015,79.89022580956313,166.8564430479733
Finland,2023,1A2H,ABFLOW021,Natural gas,86.96621723841015,79.89022580956313,166.8564430479733
Finland,2023,1A2H,ABFLOW021,Oil,86.96621723841015,79.89022580956313,166.8564430479733
Finland,2023,1A2I,ABFLOW013,Coal,86.96621723841015,79.89022580956313,166.8564430479733
Finland,2023,1A2I,ABFLOW013,Natural gas,86.96621723841015,79.89022580956313,166.8564430479733
Finland,2023,1A2I,ABFLOW013,Oil,86.96621723841015,79.89022580956313,166.8564430479733
Finland,2023,1A2J,ABFLOW024,Coal,86.96621723841015,79.89022580956313,166.8564430479733
Finland,2023,1A2J,ABFLOW024,Natural gas,86.96621723841015,79.89022580956313,166.8564430479733
Finland,2023,1A2J,ABFLOW024,Oil,86.96621723841015,79.89022580956313,166.8564430479733
Finland,2023,1A2K,ABFLOW014,Coal,86.96621723841015,79.89022580956313,166.8564430479733
Finland,2023,1A2K,ABFLOW014,Natural gas,86.96621723841015,79.89022580956313,166.8564430479733
Finland,2023,1A2K,ABFLOW014,Oil,86.96621723841015,79.89022580956313,166.8564430479733
Finland,2023,1A2L,ABFLOW025,Coal,86.96621723841015,79.89022580956313,166.8564430479733
Finland,2023,1A2L,ABFLOW025,Natural gas,86.96621723841015,79.89022580956313,166.8564430479733
Finland,2023,1A2L,ABFLOW025,Oil,86.96621723841015,79.89022580956313,166.8564430479733
Finland,2023,1A2M,ABFLOW026,Coal,86.96621723841015,79.89022580956313,166.8564430479733
Finland,2023,1A2M,ABFLOW026,Natural gas,86.96621723841015,79.89022580956313,166.8564430479733
Finland,2023,1A2M,ABFLOW026,Oil,86.96621723841015,79.89022580956313,166.8564430479733
Finland,2023,1A3,ABFLOW027,Coal,,,0.0
Finland,2023,1A3,ABFLOW027,Natural gas,,,0.0
Finland,2023,1A3,ABFLOW027,Oil,,,0.0
Finland,2023,1A3A1,ABFLOW040,Coal,44.35277079158918,,44.35277079158918
Finland,2023,1A3A1,ABFLOW040,Natural gas,44.35277079158918,,44.35277079158918
Finland,2023,1A3A1,ABFLOW040,Oil,44.35277079158918,,44.35277079158918
Finland,2023,1A3A2,ABFLOW029,Coal,86.96621723841015,79.89022580956313,166.8564430479733
Finland,2023,1A3A2,ABFLOW029,Natural gas,86.96621723841015,79.89022580956313,166.8564430479733
Finland,2023,1A3A2,ABFLOW029,Oil,86.96621723841015,79.89022580956313,166.8564430479733
Finland,2023,1A3B,ABFLOW028,Coal,,79.89022580956313,79.89022580956313
Finland,2023,1A3B,ABFLOW028,Natural gas,,79.89022580956313,79.89022580956313
Finland,2023,1A3B,ABFLOW028,Oil,,79.89022580956313,79.89022580956313
Finland,2023,1A3C,ABFLOW030,Coal,,,0.0
Finland,2023,1A3C,ABFLOW030,Natural gas,,,0.0
Finland,2023,1A3C,ABFLOW030,Oil,,,0.0
Finland,2023,1A3D1,ABFLOW039,Coal,,,0.0
Finland,2023,1A3D1,ABFLOW039,Natural gas,,,0.0
Finland,2023,1A3D1,ABFLOW039,Oil,,,0.0
Finland,2023,1A3D2,ABFLOW032,Coal,,,0.0
Finland,2023,1A3D2,ABFLOW032,Natural gas,,,0.0
Finland,2023,1A3D2,ABFLOW032,Oil,,,0.0
Finland,2023,1A3E1,ABFLOW033,Coal,,,0.0
Finland,2023,1A3E1,ABFLOW033,Natural gas,,,0.0
Finland,2023,1A3E1,ABFLOW033,Oil,,,0.0
Finland,2023,1A4A,ABFLOW035,Coal,,79.89022580956313,79.89022580956313
Finland,2023,1A4A,ABFLOW035,Natural gas,,79.89022580956313,79.89022580956313
Finland,2023,1A4A,ABFLOW035,Oil,,79.89022580956313,79.89022580956313
Finland,2023,1A4B,ABFLOW034,Coal,,79.89022580956313,79.89022580956313
Finland,2023,1A4B,ABFLOW034,Natural gas,,79.89022580956313,79.89022580956313
Finland,2023,1A4B,ABFLOW034,Oil,,79.89022580956313,79.89022580956313
Finland,2023,1A4C1,ABFLOW036,Coal,,79.89022580956313,79.89022580956313
Finland,2023,1A4C1,ABFLOW036,Natural gas,,79.89022580956313,79.89022580956313
Finland,2023,1A4C1,ABFLOW036,Oil,,79.89022580956313,79.89022580956313
Finland,2023,1A4C2,ABFLOW037,Coal,,79.89022580956313,79.89022580956313
Finland,2023,1A4C2,ABFLOW037,Natural gas,,79.89022580956313,79.89022580956313
Finland,2023,1A4C2,ABFLOW037,Oil,,79.89022580956313,79.89022580956313
Finland,2023,1A5,ABFLOW038,Coal,,,0.0
Finland,2023,1A5,ABFLOW038,Natural gas,,,0.0
Finland,2023,1A5,ABFLOW038,Oil,,,0.0
Finland,2024,1A,ABFLOW001,Coal,,,0.0
Finland,2024,1A,ABFLOW001,Natural gas,,,0.0
Finland,2024,1A,ABFLOW001,Oil,,,0.0
Finland,2024,1A1A,ABFLOW002,Coal,,,0.0
Finland,2024,1A1A,ABFLOW002,Natural gas,,,0.0
Finland,2024,1A1A,ABFLOW002,Oil,,,0.0
Finland,2024,1A1A1,ABFLOW003,Coal,67.32567211405912,,67.32567211405912
Finland,2024,1A1A1,ABFLOW003,Natural gas,67.32567211405912,,67.32567211405912
Finland,2024,1A1A1,ABFLOW003,Oil,67.32567211405912,,67.32567211405912
Finland,2024,1A1A2,ABFLOW004,Coal,67.32567211405912,,67.32567211405912
Finland,2024,1A1A2,ABFLOW004,Natural gas,67.32567211405912,,67.32567211405912
Finland,2024,1A1A2,ABFLOW004,Oil,67.32567211405912,,67.32567211405912
Finland,2024,1A1A3,ABFLOW005,Coal,67.32567211405912,,67.32567211405912
Finland,2024,1A1A3,ABFLOW005,Natural gas,67.32567211405912,,67.32567211405912
Finland,2024,1A1A3,ABFLOW005,Oil,67.32567211405912,,67.32567211405912
Finland,2024,1A1B,ABFLOW011,Coal,67.32567211405912,96.51154291955277,163.83721503361187
Finland,2024,1A1B,ABFLOW011,Natural gas,67.32567211405912,96.51154291955277,163.83721503361187
Finland,2024,1A1B,ABFLOW011,Oil,67.32567211405912,96.51154291955277,163.83721503361187
Finland,2024,1A1C,ABFLOW011,Coal,67.32567211405912,96.51154291955277,163.83721503361187
Finland,2024,1A1C,ABFLOW011,Natural gas,67.32567211405912,96.51154291955277,163.83721503361187
Finland,2024,1A1C,ABFLOW011,Oil,67.32567211405912,96.51154291955277,163.83721503361187
Finland,2024,1A2,ABFLOW012,Coal,,,0.0
Finland,2024,1A2,ABFLOW012,Natural gas,,,0.0
Finland,2024,1A2,ABFLOW012,Oil,,,0.0
Finland,2024,1A2A,ABFLOW016,Coal,67.32567211405912,96.51154291955277,163.83721503361187
Finland,2024,1A2A,ABFLOW016,Natural gas,67.32567211405912,96.51154291955277,163.83721503361187
Finland,2024,1A2A,ABFLOW016,Oil,67.32567211405912,96.51154291955277,163.83721503361187
Finland,2024,1A2B,ABFLOW018,Coal,67.32567211405912,96.51154291955277,163.83721503361187
Finland,2024,1A2B,ABFLOW018,Natural gas,67.32567211405912,96.51154291955277,163.83721503361187
Finland,2024,1A2B,ABFLOW018,Oil,67.32567211405912,96.51154291955277,163.83721503361187
Finland,2024,1A2C,ABFLOW017,Coal,67.32567211405912,96.51154291955277,163.83721503361187
Finland,2024,1A2C,ABFLOW017,Natural gas,67.32567211405912,96.51154291955277,163.83721503361187
Finland,2024,1A2C,ABFLOW017,Oil,67.32567211405912,96.51154291955277,163.83721503361187
Finland,2024,1A2D,ABFLOW023,Coal,67.32567211405912,96.51154291955277,163.83721503361187
Finland,2024,1A2D,ABFLOW023,Natural gas,67.32567211405912,96.51154291955277,163.83721503361187
Finland,2024,1A2D,ABFLOW023,Oil,67.32567211405912,96.51154291955277,163.83721503361187
Finland,2024,1A2E,ABFLOW022,Coal,67.32567211405912,96.51154291955277,163.83721503361187
Finland,2024,1A2E,ABFLOW022,Natural gas,67.32567211405912,96.51154291955277,163.83721503361187
Finland,2024,1A2E,ABFLOW022,Oil,67.32567211405912,96.51154291955277,163.83721503361187
Finland,2024,1A2F,ABFLOW019,Coal,67.32567211405912,96.51154291955277,163.83721503361187
Finland,2024,1A2F,ABFLOW019,Natural gas,67.32567211405912,96.51154291955277,163.83721503361187
Finland,2024,1A2F,ABFLOW019,Oil,67.32567211405912,96.51154291955277,163.83721503361187
Finland,2024,1A2G,ABFLOW020,Coal,67.32567211405912,96.51154291955277,163.83721503361187
Finland,2024,1A2G,ABFLOW020,Natural gas,67.32567211405912,96.51154291955277,163.83721503361187
Finland,2024,1A2G,ABFLOW020,Oil,67.32567211405912,96.51154291955277,163.83721503361187
Finland,2024,1A2H,ABFLOW021,Coal,67.32567211405912,96.51154291955277,163.83721503361187
Finland,2024,1A2H,ABFLOW021,Natural gas,67.32567211405912,96.51154291955277,163.83721503361187
Finland,2024,1A2H,ABFLOW021,Oil,67.32567211405912,96.51154291955277,163.83721503361187
Finland,2024,1A2I,ABFLOW013,Coal,67.32567211405912,96.51154291955277,163.83721503361187
Finland,2024,1A2I,ABFLOW013,Natural gas,67.32567211405912,96.51154291955277,163.83721503361187
Finland,2024,1A2I,ABFLOW013,Oil,67.32567211405912,96.51154291955277,163.83721503361187
Finland,2024,1A2J,ABFLOW024,Coal,67.32567211405912,96.51154291955277,163.83721503361187
Finland,2024,1A2J,ABFLOW024,Natural gas,67.32567211405912,96.51154291955277,163.83721503361187
Finland,2024,1A2J,ABFLOW024,Oil,67.32567211405912,96.51154291955277,163.83721503361187
Finland,2024,1A2K,ABFLOW014,Coal,67.32567211405912,96.51154291955277,163.83721503361187
Finland,2024,1A2K,ABFLOW014,Natural gas,67.32567211405912,96.51154291955277,163.83721503361187
Finland,2024,1A2K,ABFLOW014,Oil,67.32567211405912,96.51154291955277,163.83721503361187
Finland,2024,1A2L,ABFLOW025,Coal,67.32567211405912,96.51154291955277,163.83721503361187
Finland,2024,1A2L,ABFLOW025,Natural gas,67.32567211405912,96.51154291955277,163.83721503361187
Finland,2024,1A2L,ABFLOW025,Oil,67.32567211405912,96.51154291955277,163.83721503361187
Finland,2024,1A2M,ABFLOW026,Coal,67.32567211405912,96.51154291955277,163.83721503361187
Finland,2024,1A2M,ABFLOW026,Natural gas,67.32567211405912,96.51154291955277,163.83721503361187
Finland,2024,1A2M,ABFLOW026,Oil,67.32567211405912,96.51154291955277,163.83721503361187
Finland,2024,1A3,ABFLOW027,Coal,,,0.0
Finland,2024,1A3,ABFLOW027,Natural gas,,,0.0
Finland,2024,1A3,ABFLOW027,Oil,,,0.0
Finland,2024,1A3A1,ABFLOW040,Coal,34.33609277817015,,34.33609277817015
Finland,2024,1A3A1,ABFLOW040,Natural gas,34.33609277817015,,34.33609277817015
Finland,2024,1A3A1,ABFLOW040,Oil,34.33609277817015,,34.33609277817015
Finland,2024,1A3A2,ABFLOW029,Coal,67.32567211405912,96.51154291955277,163.83721503361187
Finland,2024,1A3A2,ABFLOW029,Natural gas,67.32567211405912,96.51154291955277,163.83721503361187
Finland,2024,1A3A2,ABFLOW029,Oil,67.32567211405912,96.51154291955277,163.83721503361187
Finland,2024,1A3B,ABFLOW028,Coal,,77.69179205023997,77.69179205023997
Finland,2024,1A3B,ABFLOW028,Natural gas,,77.69179205023997,77.69179205023997
Finland,2024,1A3B,ABFLOW028,Oil,,77.69179205023997,77.69179205023997
Finland,2024,1A3C,ABFLOW030,Coal,,,0.0
Finland,2024,1A3C,ABFLOW030,Natural gas,,,0.0
Finland,2024,1A3C,ABFLOW030,Oil,,,0.0
Finland,2024,1A3D1,ABFLOW039,Coal,,,0.0
Finland,2024,1A3D1,ABFLOW039,Natural gas,,,0.0
Finland,2024,1A3D1,ABFLOW039,Oil,,,0.0
Finland,2024,1A3D2,ABFLOW032,Coal,67.32567211405912,,67.32567211405912
Finland,2024,1A3D2,ABFLOW032,Natural gas,67.32567211405912,,67.32567211405912
Finland,2024,1A3D2,ABFLOW032,Oil,67.32567211405912,,67.32567211405912
Finland,2024,1A3E1,ABFLOW033,Coal,,,0.0
Finland,2024,1A3E1,ABFLOW033,Natural gas,,,0.0
Finland,2024,1A3E1,ABFLOW033,Oil,,,0.0
Finland,2024,1A4A,ABFLOW035,Coal,,96.51154291955277,96.51154291955277
Finland,2024,1A4A,ABFLOW035,Natural gas,,96.51154291955277,96.51154291955277
Finland,2024,1A4A,ABFLOW035,Oil,,96.51154291955277,96.51154291955277
Finland,2024,1A4B,ABFLOW034,Coal,,96.51154291955277,96.51154291955277
Finland,2024,1A4B,ABFLOW034,Natural gas,,96.51154291955277,96.51154291955277
Finland,2024,1A4B,ABFLOW034,Oil,,96.51154291955277,96.51154291955277
Finland,2024,1A4C1,ABFLOW036,Coal,,96.51154291955277,96.51154291955277
Finland,2024,1A4C1,ABFLOW036,Natural gas,,96.51154291955277,96.51154291955277
Finland,2024,1A4C1,ABFLOW036,Oil,,96.51154291955277,96.51154291955277
Finland,2024,1A4C2,ABFLOW037,Coal,,96.51154291955277,96.51154291955277
Finland,2024,1A4C2,ABFLOW037,Natural gas,,96.51154291955277,96.51154291955277
Finland,2024,1A4C2,ABFLOW037,Oil,,96.51154291955277,96.51154291955277
Finland,2024,1A5,ABFLOW038,Coal,,,0.0
Finland,2024,1A5,ABFLOW038,Natural gas,,,0.0
Finland,2024,1A5,ABFLOW038,Oil,,,0.0
Finland,2025,1A,ABFLOW001,Coal,,,0.0
Finland,2025,1A,ABFLOW001,Natural gas,,,0.0
Finland,2025,1A,ABFLOW001,Oil,,,0.0
Finland,2025,1A1A,ABFLOW002,Coal,,,0.0
Finland,2025,1A1A,ABFLOW002,Natural gas,,,0.0
Finland,2025,1A1A,ABFLOW002,Oil,,,0.0
Finland,2025,1A1A1,ABFLOW003,Coal,75.09681226098934,,75.09681226098934
Finland,2025,1A1A1,ABFLOW003,Natural gas,75.09681226098934,,75.09681226098934
Finland,2025,1A1A1,ABFLOW003,Oil,75.09681226098934,,75.09681226098934
Finland,2025,1A1A2,ABFLOW004,Coal,75.09681226098934,,75.09681226098934
Finland,2025,1A1A2,ABFLOW004,Natural gas,75.09681226098934,,75.09681226098934
Finland,2025,1A1A2,ABFLOW004,Oil,75.09681226098934,,75.09681226098934
Finland,2025,1A1A3,ABFLOW005,Coal,75.09681226098934,,75.09681226098934
Finland,2025,1A1A3,ABFLOW005,Natural gas,75.09681226098934,,75.09681226098934
Finland,2025,1A1A3,ABFLOW005,Oil,75.09681226098934,,75.09681226098934
Finland,2025,1A1B,ABFLOW011,Coal,75.09681226098934,,75.09681226098934
Finland,2025,1A1B,ABFLOW011,Natural gas,75.09681226098934,,75.09681226098934
Finland,2025,1A1B,ABFLOW011,Oil,75.09681226098934,,75.09681226098934
Finland,2025,1A1C,ABFLOW011,Coal,75.09681226098934,,75.09681226098934
Finland,2025,1A1C,ABFLOW011,Natural gas,75.09681226098934,,75.09681226098934
Finland,2025,1A1C,ABFLOW011,Oil,75.09681226098934,,75.09681226098934
Finland,2025,1A2,ABFLOW012,Coal,,,0.0
Finland,2025,1A2,ABFLOW012,Natural gas,,,0.0
Finland,2025,1A2,ABFLOW012,Oil,,,0.0
Finland,2025,1A2A,ABFLOW016,Coal,75.09681226098934,,75.09681226098934
Finland,2025,1A2A,ABFLOW016,Natural gas,75.09681226098934,,75.09681226098934
Finland,2025,1A2A,ABFLOW016,Oil,75.09681226098934,,75.09681226098934
Finland,2025,1A2B,ABFLOW018,Coal,75.09681226098934,,75.09681226098934
Finland,2025,1A2B,ABFLOW018,Natural gas,75.09681226098934,,75.09681226098934
Finland,2025,1A2B,ABFLOW018,Oil,75.09681226098934,,75.09681226098934
Finland,2025,1A2C,ABFLOW017,Coal,75.09681226098934,,75.09681226098934
Finland,2025,1A2C,ABFLOW017,Natural gas,75.09681226098934,,75.09681226098934
Finland,2025,1A2C,ABFLOW017,Oil,75.09681226098934,,75.09681226098934
Finland,2025,1A2D,ABFLOW023,Coal,75.09681226098934,,75.09681226098934
Finland,2025,1A2D,ABFLOW023,Natural gas,75.09681226098934,,75.09681226098934
Finland,2025,1A2D,ABFLOW023,Oil,75.09681226098934,,75.09681226098934
Finland,2025,1A2E,ABFLOW022,Coal,75.09681226098934,,75.09681226098934
Finland,2025,1A2E,ABFLOW022,Natural gas,75.09681226098934,,75.09681226098934
Finland,2025,1A2E,ABFLOW022,Oil,75.09681226098934,,75.09681226098934
Finland,2025,1A2F,ABFLOW019,Coal,75.09681226098934,,75.09681226098934
Finland,2025,1A2F,ABFLOW019,Natural gas,75.09681226098934,,75.09681226098934
Finland,2025,1A2F,ABFLOW019,Oil,75.09681226098934,,75.09681226098934
Finland,2025,1A2G,ABFLOW020,Coal,75.09681226098934,,75.09681226098934
Finland,2025,1A2G,ABFLOW020,Natural gas,75.09681226098934,,75.09681226098934
Finland,2025,1A2G,ABFLOW020,Oil,75.09681226098934,,75.09681226098934
Finland,2025,1A2H,ABFLOW021,Coal,75.09681226098934,,75.09681226098934
Finland,2025,1A2H,ABFLOW021,Natural gas,75.09681226098934,,75.09681226098934
Finland,2025,1A2H,ABFLOW021,Oil,75.09681226098934,,75.09681226098934
Finland,2025,1A2I,ABFLOW013,Coal,75.09681226098934,,75.09681226098934
Finland,2025,1A2I,ABFLOW013,Natural gas,75.09681226098934,,75.09681226098934
Finland,2025,1A2I,ABFLOW013,Oil,75.09681226098934,,75.09681226098934
Finland,2025,1A2J,ABFLOW024,Coal,75.09681226098934,,75.09681226098934
Finland,2025,1A2J,ABFLOW024,Natural gas,75.09681226098934,,75.09681226098934
Finland,2025,1A2J,ABFLOW024,Oil,75.09681226098934,,75.09681226098934
Finland,2025,1A2K,ABFLOW014,Coal,75.09681226098934,,75.09681226098934
Finland,2025,1A2K,ABFLOW014,Natural gas,75.09681226098934,,75.09681226098934
Finland,2025,1A2K,ABFLOW014,Oil,75.09681226098934,,75.09681226098934
Finland,2025,1A2L,ABFLOW025,Coal,75.09681226098934,,75.09681226098934
Finland,2025,1A2L,ABFLOW025,Natural gas,75.09681226098934,,75.09681226098934
Finland,2025,1A2L,ABFLOW025,Oil,75.09681226098934,,75.09681226098934
Finland,2025,1A2M,ABFLOW026,Coal,75.09681226098934,,75.09681226098934
Finland,2025,1A2M,ABFLOW026,Natural gas,75.09681226098934,,75.09681226098934
Finland,2025,1A2M,ABFLOW026,Oil,75.09681226098934,,75.09681226098934
Finland,2025,1A3,ABFLOW027,Coal,,,0.0
Finland,2025,1A3,ABFLOW027,Natural gas,,,0.0
Finland,2025,1A3,ABFLOW027,Oil,,,0.0
Finland,2025,1A3A1,ABFLOW040,Coal,75.09681226098934,,75.09681226098934
Finland,2025,1A3A1,ABFLOW040,Natural gas,75.09681226098934,,75.09681226098934
Finland,2025,1A3A1,ABFLOW040,Oil,75.09681226098934,,75.09681226098934
Finland,2025,1A3A2,ABFLOW029,Coal,75.09681226098934,,75.09681226098934
Finland,2025,1A3A2,ABFLOW029,Natural gas,75.09681226098934,,75.09681226098934
Finland,2025,1A3A2,ABFLOW029,Oil,75.09681226098934,,75.09681226098934
Finland,2025,1A3B,ABFLOW028,Coal,,,0.0
Finland,2025,1A3B,ABFLOW028,Natural gas,,,0.0
Finland,2025,1A3B,ABFLOW028,Oil,,,0.0
Finland,2025,1A3C,ABFLOW030,Coal,,,0.0
Finland,2025,1A3C,ABFLOW030,Natural gas,,,0.0
Finland,2025,1A3C,ABFLOW030,Oil,,,0.0
Finland,2025,1A3D1,ABFLOW039,Coal,,,0.0
Finland,2025,1A3D1,ABFLOW039,Natural gas,,,0.0
Finland,2025,1A3D1,ABFLOW039,Oil,,,0.0
Finland,2025,1A3D2,ABFLOW032,Coal,75.09681226098934,,75.09681226098934
Finland,2025,1A3D2,ABFLOW032,Natural gas,75.09681226098934,,75.09681226098934
Finland,2025,1A3D2,ABFLOW032,Oil,75.09681226098934,,75.09681226098934
Finland,2025,1A3E1,ABFLOW033,Coal,,,0.0
Finland,2025,1A3E1,ABFLOW033,Natural gas,,,0.0
Finland,2025,1A3E1,ABFLOW033,Oil,,,0.0
Finland,2025,1A4A,ABFLOW035,Coal,,,0.0
Finland,2025,1A4A,ABFLOW035,Natural gas,,,0.0
Finland,2025,1A4A,ABFLOW035,Oil,,,0.0
Finland,2025,1A4B,ABFLOW034,Coal,,,0.0
Finland,2025,1A4B,ABFLOW034,Natural gas,,,0.0
Finland,2025,1A4B,ABFLOW034,Oil,,,0.0
Finland,2025,1A4C1,ABFLOW036,Coal,,,0.0
Finland,2025,1A4C1,ABFLOW036,Natural gas,,,0.0
Finland,2025,1A4C1,ABFLOW036,Oil,,,0.0
Finland,2025,1A4C2,ABFLOW037,Coal,,,0.0
Finland,2025,1A4C2,ABFLOW037,Natural gas,,,0.0
Finland,2025,1A4C2,ABFLOW037,Oil,,,0.0
Finland,2025,1A5,ABFLOW038,Coal,,,0.0
Finland,2025,1A5,ABFLOW038,Natural gas,,,0.0
Finland,2025,1A5,ABFLOW038,Oil,,,0.0
