jurisdiction,year,ipcc_code,iea_code,Product,ets_price_usd_k,tax_rate_incl_ex_usd_k,all_inst_usd_k
Cyprus,1989,1A,ABFLOW001,Coal,,,0.0
Cyprus,1989,1A,ABFLOW001,Natural gas,,,0.0
Cyprus,1989,1A,ABFLOW001,Oil,,,0.0
Cyprus,1989,1A1A,ABFLOW002,Coal,,,0.0
Cyprus,1989,1A1A,ABFLOW002,Natural gas,,,0.0
Cyprus,1989,1A1A,ABFLOW002,Oil,,,0.0
Cyprus,1989,1A1A1,ABFLOW003,Coal,,,0.0
Cyprus,1989,1A1A1,ABFLOW003,Natural gas,,,0.0
Cyprus,1989,1A1A1,ABFLOW003,Oil,,,0.0
Cyprus,1989,1A1A2,ABFLOW004,Coal,,,0.0
Cyprus,1989,1A1A2,ABFLOW004,Natural gas,,,0.0
Cyprus,1989,1A1A2,ABFLOW004,Oil,,,0.0
Cyprus,1989,1A1A3,ABFLOW005,Coal,,,0.0
Cyprus,1989,1A1A3,ABFLOW005,Natural gas,,,0.0
Cyprus,1989,1A1A3,ABFLOW005,Oil,,,0.0
Cyprus,1989,1A1B,ABFLOW011,Coal,,,0.0
Cyprus,1989,1A1B,ABFLOW011,Natural gas,,,0.0
Cyprus,1989,1A1B,ABFLOW011,Oil,,,0.0
Cyprus,1989,1A1C,ABFLOW011,Coal,,,0.0
Cyprus,1989,1A1C,ABFLOW011,Natural gas,,,0.0
Cyprus,1989,1A1C,ABFLOW011,Oil,,,0.0
Cyprus,1989,1A2,ABFLOW012,Coal,,,0.0
Cyprus,1989,1A2,ABFLOW012,Natural gas,,,0.0
Cyprus,1989,1A2,ABFLOW012,Oil,,,0.0
Cyprus,1989,1A2A,ABFLOW016,Coal,,,0.0
Cyprus,1989,1A2A,ABFLOW016,Natural gas,,,0.0
Cyprus,1989,1A2A,ABFLOW016,Oil,,,0.0
Cyprus,1989,1A2B,ABFLOW018,Coal,,,0.0
Cyprus,1989,1A2B,ABFLOW018,Natural gas,,,0.0
Cyprus,1989,1A2B,ABFLOW018,Oil,,,0.0
Cyprus,1989,1A2C,ABFLOW017,Coal,,,0.0
Cyprus,1989,1A2C,ABFLOW017,Natural gas,,,0.0
Cyprus,1989,1A2C,ABFLOW017,Oil,,,0.0
Cyprus,1989,1A2D,ABFLOW023,Coal,,,0.0
Cyprus,1989,1A2D,ABFLOW023,Natural gas,,,0.0
Cyprus,1989,1A2D,ABFLOW023,Oil,,,0.0
Cyprus,1989,1A2E,ABFLOW022,Coal,,,0.0
Cyprus,1989,1A2E,ABFLOW022,Natural gas,,,0.0
Cyprus,1989,1A2E,ABFLOW022,Oil,,,0.0
Cyprus,1989,1A2F,ABFLOW019,Coal,,,0.0
Cyprus,1989,1A2F,ABFLOW019,Natural gas,,,0.0
Cyprus,1989,1A2F,ABFLOW019,Oil,,,0.0
Cyprus,1989,1A2G,ABFLOW020,Coal,,,0.0
Cyprus,1989,1A2G,ABFLOW020,Natural gas,,,0.0
Cyprus,1989,1A2G,ABFLOW020,Oil,,,0.0
Cyprus,1989,1A2H,ABFLOW021,Coal,,,0.0
Cyprus,1989,1A2H,ABFLOW021,Natural gas,,,0.0
Cyprus,1989,1A2H,ABFLOW021,Oil,,,0.0
Cyprus,1989,1A2I,ABFLOW013,Coal,,,0.0
Cyprus,1989,1A2I,ABFLOW013,Natural gas,,,0.0
Cyprus,1989,1A2I,ABFLOW013,Oil,,,0.0
Cyprus,1989,1A2J,ABFLOW024,Coal,,,0.0
Cyprus,1989,1A2J,ABFLOW024,Natural gas,,,0.0
Cyprus,1989,1A2J,ABFLOW024,Oil,,,0.0
Cyprus,1989,1A2K,ABFLOW014,Coal,,,0.0
Cyprus,1989,1A2K,ABFLOW014,Natural gas,,,0.0
Cyprus,1989,1A2K,ABFLOW014,Oil,,,0.0
Cyprus,1989,1A2L,ABFLOW025,Coal,,,0.0
Cyprus,1989,1A2L,ABFLOW025,Natural gas,,,0.0
Cyprus,1989,1A2L,ABFLOW025,Oil,,,0.0
Cyprus,1989,1A2M,ABFLOW026,Coal,,,0.0
Cyprus,1989,1A2M,ABFLOW026,Natural gas,,,0.0
Cyprus,1989,1A2M,ABFLOW026,Oil,,,0.0
Cyprus,1989,1A3,ABFLOW027,Coal,,,0.0
Cyprus,1989,1A3,ABFLOW027,Natural gas,,,0.0
Cyprus,1989,1A3,ABFLOW027,Oil,,,0.0
Cyprus,1989,1A3A1,ABFLOW040,Coal,,,0.0
Cyprus,1989,1A3A1,ABFLOW040,Natural gas,,,0.0
Cyprus,1989,1A3A1,ABFLOW040,Oil,,,0.0
Cyprus,1989,1A3A2,ABFLOW029,Coal,,,0.0
Cyprus,1989,1A3A2,ABFLOW029,Natural gas,,,0.0
Cyprus,1989,1A3A2,ABFLOW029,Oil,,,0.0
Cyprus,1989,1A3B,ABFLOW028,Coal,,,0.0
Cyprus,1989,1A3B,ABFLOW028,Natural gas,,,0.0
Cyprus,1989,1A3B,ABFLOW028,Oil,,,0.0
Cyprus,1989,1A3C,ABFLOW030,Coal,,,0.0
Cyprus,1989,1A3C,ABFLOW030,Natural gas,,,0.0
Cyprus,1989,1A3C,ABFLOW030,Oil,,,0.0
Cyprus,1989,1A3D1,ABFLOW039,Coal,,,0.0
Cyprus,1989,1A3D1,ABFLOW039,Natural gas,,,0.0
Cyprus,1989,1A3D1,ABFLOW039,Oil,,,0.0
Cyprus,1989,1A3D2,ABFLOW032,Coal,,,0.0
Cyprus,1989,1A3D2,ABFLOW032,Natural gas,,,0.0
Cyprus,1989,1A3D2,ABFLOW032,Oil,,,0.0
Cyprus,1989,1A3E1,ABFLOW033,Coal,,,0.0
Cyprus,1989,1A3E1,ABFLOW033,Natural gas,,,0.0
Cyprus,1989,1A3E1,ABFLOW033,Oil,,,0.0
Cyprus,1989,1A4A,ABFLOW035,Coal,,,0.0
Cyprus,1989,1A4A,ABFLOW035,Natural gas,,,0.0
Cyprus,1989,1A4A,ABFLOW035,Oil,,,0.0
Cyprus,1989,1A4B,ABFLOW034,Coal,,,0.0
Cyprus,1989,1A4B,ABFLOW034,Natural gas,,,0.0
Cyprus,1989,1A4B,ABFLOW034,Oil,,,0.0
Cyprus,1989,1A4C1,ABFLOW036,Coal,,,0.0
Cyprus,1989,1A4C1,ABFLOW036,Natural gas,,,0.0
Cyprus,1989,1A4C1,ABFLOW036,Oil,,,0.0
Cyprus,1989,1A4C2,ABFLOW037,Coal,,,0.0
Cyprus,1989,1A4C2,ABFLOW037,Natural gas,,,0.0
Cyprus,1989,1A4C2,ABFLOW037,Oil,,,0.0
Cyprus,1989,1A5,ABFLOW038,Coal,,,0.0
Cyprus,1989,1A5,ABFLOW038,Natural gas,,,0.0
Cyprus,1989,1A5,ABFLOW038,Oil,,,0.0
Cyprus,1990,1A,ABFLOW001,Coal,,,0.0
Cyprus,1990,1A,ABFLOW001,Natural gas,,,0.0
Cyprus,1990,1A,ABFLOW001,Oil,,,0.0
Cyprus,1990,1A1A,ABFLOW002,Coal,,,0.0
Cyprus,1990,1A1A,ABFLOW002,Natural gas,,,0.0
Cyprus,1990,1A1A,ABFLOW002,Oil,,,0.0
Cyprus,1990,1A1A1,ABFLOW003,Coal,,,0.0
Cyprus,1990,1A1A1,ABFLOW003,Natural gas,,,0.0
Cyprus,1990,1A1A1,ABFLOW003,Oil,,,0.0
Cyprus,1990,1A1A2,ABFLOW004,Coal,,,0.0
Cyprus,1990,1A1A2,ABFLOW004,Natural gas,,,0.0
Cyprus,1990,1A1A2,ABFLOW004,Oil,,,0.0
Cyprus,1990,1A1A3,ABFLOW005,Coal,,,0.0
Cyprus,1990,1A1A3,ABFLOW005,Natural gas,,,0.0
Cyprus,1990,1A1A3,ABFLOW005,Oil,,,0.0
Cyprus,1990,1A1B,ABFLOW011,Coal,,,0.0
Cyprus,1990,1A1B,ABFLOW011,Natural gas,,,0.0
Cyprus,1990,1A1B,ABFLOW011,Oil,,,0.0
Cyprus,1990,1A1C,ABFLOW011,Coal,,,0.0
Cyprus,1990,1A1C,ABFLOW011,Natural gas,,,0.0
Cyprus,1990,1A1C,ABFLOW011,Oil,,,0.0
Cyprus,1990,1A2,ABFLOW012,Coal,,,0.0
Cyprus,1990,1A2,ABFLOW012,Natural gas,,,0.0
Cyprus,1990,1A2,ABFLOW012,Oil,,,0.0
Cyprus,1990,1A2A,ABFLOW016,Coal,,,0.0
Cyprus,1990,1A2A,ABFLOW016,Natural gas,,,0.0
Cyprus,1990,1A2A,ABFLOW016,Oil,,,0.0
Cyprus,1990,1A2B,ABFLOW018,Coal,,,0.0
Cyprus,1990,1A2B,ABFLOW018,Natural gas,,,0.0
Cyprus,1990,1A2B,ABFLOW018,Oil,,,0.0
Cyprus,1990,1A2C,ABFLOW017,Coal,,,0.0
Cyprus,1990,1A2C,ABFLOW017,Natural gas,,,0.0
Cyprus,1990,1A2C,ABFLOW017,Oil,,,0.0
Cyprus,1990,1A2D,ABFLOW023,Coal,,,0.0
Cyprus,1990,1A2D,ABFLOW023,Natural gas,,,0.0
Cyprus,1990,1A2D,ABFLOW023,Oil,,,0.0
Cyprus,1990,1A2E,ABFLOW022,Coal,,,0.0
Cyprus,1990,1A2E,ABFLOW022,Natural gas,,,0.0
Cyprus,1990,1A2E,ABFLOW022,Oil,,,0.0
Cyprus,1990,1A2F,ABFLOW019,Coal,,,0.0
Cyprus,1990,1A2F,ABFLOW019,Natural gas,,,0.0
Cyprus,1990,1A2F,ABFLOW019,Oil,,,0.0
Cyprus,1990,1A2G,ABFLOW020,Coal,,,0.0
Cyprus,1990,1A2G,ABFLOW020,Natural gas,,,0.0
Cyprus,1990,1A2G,ABFLOW020,Oil,,,0.0
Cyprus,1990,1A2H,ABFLOW021,Coal,,,0.0
Cyprus,1990,1A2H,ABFLOW021,Natural gas,,,0.0
Cyprus,1990,1A2H,ABFLOW021,Oil,,,0.0
Cyprus,1990,1A2I,ABFLOW013,Coal,,,0.0
Cyprus,1990,1A2I,ABFLOW013,Natural gas,,,0.0
Cyprus,1990,1A2I,ABFLOW013,Oil,,,0.0
Cyprus,1990,1A2J,ABFLOW024,Coal,,,0.0
Cyprus,1990,1A2J,ABFLOW024,Natural gas,,,0.0
Cyprus,1990,1A2J,ABFLOW024,Oil,,,0.0
Cyprus,1990,1A2K,ABFLOW014,Coal,,,0.0
Cyprus,1990,1A2K,ABFLOW014,Natural gas,,,0.0
Cyprus,1990,1A2K,ABFLOW014,Oil,,,0.0
Cyprus,1990,1A2L,ABFLOW025,Coal,,,0.0
Cyprus,1990,1A2L,ABFLOW025,Natural gas,,,0.0
Cyprus,1990,1A2L,ABFLOW025,Oil,,,0.0
Cyprus,1990,1A2M,ABFLOW026,Coal,,,0.0
Cyprus,1990,1A2M,ABFLOW026,Natural gas,,,0.0
Cyprus,1990,1A2M,ABFLOW026,Oil,,,0.0
Cyprus,1990,1A3,ABFLOW027,Coal,,,0.0
Cyprus,1990,1A3,ABFLOW027,Natural gas,,,0.0
Cyprus,1990,1A3,ABFLOW027,Oil,,,0.0
Cyprus,1990,1A3A1,ABFLOW040,Coal,,,0.0
Cyprus,1990,1A3A1,ABFLOW040,Natural gas,,,0.0
Cyprus,1990,1A3A1,ABFLOW040,Oil,,,0.0
Cyprus,1990,1A3A2,ABFLOW029,Coal,,,0.0
Cyprus,1990,1A3A2,ABFLOW029,Natural gas,,,0.0
Cyprus,1990,1A3A2,ABFLOW029,Oil,,,0.0
Cyprus,1990,1A3B,ABFLOW028,Coal,,,0.0
Cyprus,1990,1A3B,ABFLOW028,Natural gas,,,0.0
Cyprus,1990,1A3B,ABFLOW028,Oil,,,0.0
Cyprus,1990,1A3C,ABFLOW030,Coal,,,0.0
Cyprus,1990,1A3C,ABFLOW030,Natural gas,,,0.0
Cyprus,1990,1A3C,ABFLOW030,Oil,,,0.0
Cyprus,1990,1A3D1,ABFLOW039,Coal,,,0.0
Cyprus,1990,1A3D1,ABFLOW039,Natural gas,,,0.0
Cyprus,1990,1A3D1,ABFLOW039,Oil,,,0.0
Cyprus,1990,1A3D2,ABFLOW032,Coal,,,0.0
Cyprus,1990,1A3D2,ABFLOW032,Natural gas,,,0.0
Cyprus,1990,1A3D2,ABFLOW032,Oil,,,0.0
Cyprus,1990,1A3E1,ABFLOW033,Coal,,,0.0
Cyprus,1990,1A3E1,ABFLOW033,Natural gas,,,0.0
Cyprus,1990,1A3E1,ABFLOW033,Oil,,,0.0
Cyprus,1990,1A4A,ABFLOW035,Coal,,,0.0
Cyprus,1990,1A4A,ABFLOW035,Natural gas,,,0.0
Cyprus,1990,1A4A,ABFLOW035,Oil,,,0.0
Cyprus,1990,1A4B,ABFLOW034,Coal,,,0.0
Cyprus,1990,1A4B,ABFLOW034,Natural gas,,,0.0
Cyprus,1990,1A4B,ABFLOW034,Oil,,,0.0
Cyprus,1990,1A4C1,ABFLOW036,Coal,,,0.0
Cyprus,1990,1A4C1,ABFLOW036,Natural gas,,,0.0
Cyprus,1990,1A4C1,ABFLOW036,Oil,,,0.0
Cyprus,1990,1A4C2,ABFLOW037,Coal,,,0.0
Cyprus,1990,1A4C2,ABFLOW037,Natural gas,,,0.0
Cyprus,1990,1A4C2,ABFLOW037,Oil,,,0.0
Cyprus,1990,1A5,ABFLOW038,Coal,,,0.0
Cyprus,1990,1A5,ABFLOW038,Natural gas,,,0.0
Cyprus,1990,1A5,ABFLOW038,Oil,,,0.0
Cyprus,1991,1A,ABFLOW001,Coal,,,0.0
Cyprus,1991,1A,ABFLOW001,Natural gas,,,0.0
Cyprus,1991,1A,ABFLOW001,Oil,,,0.0
Cyprus,1991,1A1A,ABFLOW002,Coal,,,0.0
Cyprus,1991,1A1A,ABFLOW002,Natural gas,,,0.0
Cyprus,1991,1A1A,ABFLOW002,Oil,,,0.0
Cyprus,1991,1A1A1,ABFLOW003,Coal,,,0.0
Cyprus,1991,1A1A1,ABFLOW003,Natural gas,,,0.0
Cyprus,1991,1A1A1,ABFLOW003,Oil,,,0.0
Cyprus,1991,1A1A2,ABFLOW004,Coal,,,0.0
Cyprus,1991,1A1A2,ABFLOW004,Natural gas,,,0.0
Cyprus,1991,1A1A2,ABFLOW004,Oil,,,0.0
Cyprus,1991,1A1A3,ABFLOW005,Coal,,,0.0
Cyprus,1991,1A1A3,ABFLOW005,Natural gas,,,0.0
Cyprus,1991,1A1A3,ABFLOW005,Oil,,,0.0
Cyprus,1991,1A1B,ABFLOW011,Coal,,,0.0
Cyprus,1991,1A1B,ABFLOW011,Natural gas,,,0.0
Cyprus,1991,1A1B,ABFLOW011,Oil,,,0.0
Cyprus,1991,1A1C,ABFLOW011,Coal,,,0.0
Cyprus,1991,1A1C,ABFLOW011,Natural gas,,,0.0
Cyprus,1991,1A1C,ABFLOW011,Oil,,,0.0
Cyprus,1991,1A2,ABFLOW012,Coal,,,0.0
Cyprus,1991,1A2,ABFLOW012,Natural gas,,,0.0
Cyprus,1991,1A2,ABFLOW012,Oil,,,0.0
Cyprus,1991,1A2A,ABFLOW016,Coal,,,0.0
Cyprus,1991,1A2A,ABFLOW016,Natural gas,,,0.0
Cyprus,1991,1A2A,ABFLOW016,Oil,,,0.0
Cyprus,1991,1A2B,ABFLOW018,Coal,,,0.0
Cyprus,1991,1A2B,ABFLOW018,Natural gas,,,0.0
Cyprus,1991,1A2B,ABFLOW018,Oil,,,0.0
Cyprus,1991,1A2C,ABFLOW017,Coal,,,0.0
Cyprus,1991,1A2C,ABFLOW017,Natural gas,,,0.0
Cyprus,1991,1A2C,ABFLOW017,Oil,,,0.0
Cyprus,1991,1A2D,ABFLOW023,Coal,,,0.0
Cyprus,1991,1A2D,ABFLOW023,Natural gas,,,0.0
Cyprus,1991,1A2D,ABFLOW023,Oil,,,0.0
Cyprus,1991,1A2E,ABFLOW022,Coal,,,0.0
Cyprus,1991,1A2E,ABFLOW022,Natural gas,,,0.0
Cyprus,1991,1A2E,ABFLOW022,Oil,,,0.0
Cyprus,1991,1A2F,ABFLOW019,Coal,,,0.0
Cyprus,1991,1A2F,ABFLOW019,Natural gas,,,0.0
Cyprus,1991,1A2F,ABFLOW019,Oil,,,0.0
Cyprus,1991,1A2G,ABFLOW020,Coal,,,0.0
Cyprus,1991,1A2G,ABFLOW020,Natural gas,,,0.0
Cyprus,1991,1A2G,ABFLOW020,Oil,,,0.0
Cyprus,1991,1A2H,ABFLOW021,Coal,,,0.0
Cyprus,1991,1A2H,ABFLOW021,Natural gas,,,0.0
Cyprus,1991,1A2H,ABFLOW021,Oil,,,0.0
Cyprus,1991,1A2I,ABFLOW013,Coal,,,0.0
Cyprus,1991,1A2I,ABFLOW013,Natural gas,,,0.0
Cyprus,1991,1A2I,ABFLOW013,Oil,,,0.0
Cyprus,1991,1A2J,ABFLOW024,Coal,,,0.0
Cyprus,1991,1A2J,ABFLOW024,Natural gas,,,0.0
Cyprus,1991,1A2J,ABFLOW024,Oil,,,0.0
Cyprus,1991,1A2K,ABFLOW014,Coal,,,0.0
Cyprus,1991,1A2K,ABFLOW014,Natural gas,,,0.0
Cyprus,1991,1A2K,ABFLOW014,Oil,,,0.0
Cyprus,1991,1A2L,ABFLOW025,Coal,,,0.0
Cyprus,1991,1A2L,ABFLOW025,Natural gas,,,0.0
Cyprus,1991,1A2L,ABFLOW025,Oil,,,0.0
Cyprus,1991,1A2M,ABFLOW026,Coal,,,0.0
Cyprus,1991,1A2M,ABFLOW026,Natural gas,,,0.0
Cyprus,1991,1A2M,ABFLOW026,Oil,,,0.0
Cyprus,1991,1A3,ABFLOW027,Coal,,,0.0
Cyprus,1991,1A3,ABFLOW027,Natural gas,,,0.0
Cyprus,1991,1A3,ABFLOW027,Oil,,,0.0
Cyprus,1991,1A3A1,ABFLOW040,Coal,,,0.0
Cyprus,1991,1A3A1,ABFLOW040,Natural gas,,,0.0
Cyprus,1991,1A3A1,ABFLOW040,Oil,,,0.0
Cyprus,1991,1A3A2,ABFLOW029,Coal,,,0.0
Cyprus,1991,1A3A2,ABFLOW029,Natural gas,,,0.0
Cyprus,1991,1A3A2,ABFLOW029,Oil,,,0.0
Cyprus,1991,1A3B,ABFLOW028,Coal,,,0.0
Cyprus,1991,1A3B,ABFLOW028,Natural gas,,,0.0
Cyprus,1991,1A3B,ABFLOW028,Oil,,,0.0
Cyprus,1991,1A3C,ABFLOW030,Coal,,,0.0
Cyprus,1991,1A3C,ABFLOW030,Natural gas,,,0.0
Cyprus,1991,1A3C,ABFLOW030,Oil,,,0.0
Cyprus,1991,1A3D1,ABFLOW039,Coal,,,0.0
Cyprus,1991,1A3D1,ABFLOW039,Natural gas,,,0.0
Cyprus,1991,1A3D1,ABFLOW039,Oil,,,0.0
Cyprus,1991,1A3D2,ABFLOW032,Coal,,,0.0
Cyprus,1991,1A3D2,ABFLOW032,Natural gas,,,0.0
Cyprus,1991,1A3D2,ABFLOW032,Oil,,,0.0
Cyprus,1991,1A3E1,ABFLOW033,Coal,,,0.0
Cyprus,1991,1A3E1,ABFLOW033,Natural gas,,,0.0
Cyprus,1991,1A3E1,ABFLOW033,Oil,,,0.0
Cyprus,1991,1A4A,ABFLOW035,Coal,,,0.0
Cyprus,1991,1A4A,ABFLOW035,Natural gas,,,0.0
Cyprus,1991,1A4A,ABFLOW035,Oil,,,0.0
Cyprus,1991,1A4B,ABFLOW034,Coal,,,0.0
Cyprus,1991,1A4B,ABFLOW034,Natural gas,,,0.0
Cyprus,1991,1A4B,ABFLOW034,Oil,,,0.0
Cyprus,1991,1A4C1,ABFLOW036,Coal,,,0.0
Cyprus,1991,1A4C1,ABFLOW036,Natural gas,,,0.0
Cyprus,1991,1A4C1,ABFLOW036,Oil,,,0.0
Cyprus,1991,1A4C2,ABFLOW037,Coal,,,0.0
Cyprus,1991,1A4C2,ABFLOW037,Natural gas,,,0.0
Cyprus,1991,1A4C2,ABFLOW037,Oil,,,0.0
Cyprus,1991,1A5,ABFLOW038,Coal,,,0.0
Cyprus,1991,1A5,ABFLOW038,Natural gas,,,0.0
Cyprus,1991,1A5,ABFLOW038,Oil,,,0.0
Cyprus,1992,1A,ABFLOW001,Coal,,,0.0
Cyprus,1992,1A,ABFLOW001,Natural gas,,,0.0
Cyprus,1992,1A,ABFLOW001,Oil,,,0.0
Cyprus,1992,1A1A,ABFLOW002,Coal,,,0.0
Cyprus,1992,1A1A,ABFLOW002,Natural gas,,,0.0
Cyprus,1992,1A1A,ABFLOW002,Oil,,,0.0
Cyprus,1992,1A1A1,ABFLOW003,Coal,,,0.0
Cyprus,1992,1A1A1,ABFLOW003,Natural gas,,,0.0
Cyprus,1992,1A1A1,ABFLOW003,Oil,,,0.0
Cyprus,1992,1A1A2,ABFLOW004,Coal,,,0.0
Cyprus,1992,1A1A2,ABFLOW004,Natural gas,,,0.0
Cyprus,1992,1A1A2,ABFLOW004,Oil,,,0.0
Cyprus,1992,1A1A3,ABFLOW005,Coal,,,0.0
Cyprus,1992,1A1A3,ABFLOW005,Natural gas,,,0.0
Cyprus,1992,1A1A3,ABFLOW005,Oil,,,0.0
Cyprus,1992,1A1B,ABFLOW011,Coal,,,0.0
Cyprus,1992,1A1B,ABFLOW011,Natural gas,,,0.0
Cyprus,1992,1A1B,ABFLOW011,Oil,,,0.0
Cyprus,1992,1A1C,ABFLOW011,Coal,,,0.0
Cyprus,1992,1A1C,ABFLOW011,Natural gas,,,0.0
Cyprus,1992,1A1C,ABFLOW011,Oil,,,0.0
Cyprus,1992,1A2,ABFLOW012,Coal,,,0.0
Cyprus,1992,1A2,ABFLOW012,Natural gas,,,0.0
Cyprus,1992,1A2,ABFLOW012,Oil,,,0.0
Cyprus,1992,1A2A,ABFLOW016,Coal,,,0.0
Cyprus,1992,1A2A,ABFLOW016,Natural gas,,,0.0
Cyprus,1992,1A2A,ABFLOW016,Oil,,,0.0
Cyprus,1992,1A2B,ABFLOW018,Coal,,,0.0
Cyprus,1992,1A2B,ABFLOW018,Natural gas,,,0.0
Cyprus,1992,1A2B,ABFLOW018,Oil,,,0.0
Cyprus,1992,1A2C,ABFLOW017,Coal,,,0.0
Cyprus,1992,1A2C,ABFLOW017,Natural gas,,,0.0
Cyprus,1992,1A2C,ABFLOW017,Oil,,,0.0
Cyprus,1992,1A2D,ABFLOW023,Coal,,,0.0
Cyprus,1992,1A2D,ABFLOW023,Natural gas,,,0.0
Cyprus,1992,1A2D,ABFLOW023,Oil,,,0.0
Cyprus,1992,1A2E,ABFLOW022,Coal,,,0.0
Cyprus,1992,1A2E,ABFLOW022,Natural gas,,,0.0
Cyprus,1992,1A2E,ABFLOW022,Oil,,,0.0
Cyprus,1992,1A2F,ABFLOW019,Coal,,,0.0
Cyprus,1992,1A2F,ABFLOW019,Natural gas,,,0.0
Cyprus,1992,1A2F,ABFLOW019,Oil,,,0.0
Cyprus,1992,1A2G,ABFLOW020,Coal,,,0.0
Cyprus,1992,1A2G,ABFLOW020,Natural gas,,,0.0
Cyprus,1992,1A2G,ABFLOW020,Oil,,,0.0
Cyprus,1992,1A2H,ABFLOW021,Coal,,,0.0
Cyprus,1992,1A2H,ABFLOW021,Natural gas,,,0.0
Cyprus,1992,1A2H,ABFLOW021,Oil,,,0.0
Cyprus,1992,1A2I,ABFLOW013,Coal,,,0.0
Cyprus,1992,1A2I,ABFLOW013,Natural gas,,,0.0
Cyprus,1992,1A2I,ABFLOW013,Oil,,,0.0
Cyprus,1992,1A2J,ABFLOW024,Coal,,,0.0
Cyprus,1992,1A2J,ABFLOW024,Natural gas,,,0.0
Cyprus,1992,1A2J,ABFLOW024,Oil,,,0.0
Cyprus,1992,1A2K,ABFLOW014,Coal,,,0.0
Cyprus,1992,1A2K,ABFLOW014,Natural gas,,,0.0
Cyprus,1992,1A2K,ABFLOW014,Oil,,,0.0
Cyprus,1992,1A2L,ABFLOW025,Coal,,,0.0
Cyprus,1992,1A2L,ABFLOW025,Natural gas,,,0.0
Cyprus,1992,1A2L,ABFLOW025,Oil,,,0.0
Cyprus,1992,1A2M,ABFLOW026,Coal,,,0.0
Cyprus,1992,1A2M,ABFLOW026,Natural gas,,,0.0
Cyprus,1992,1A2M,ABFLOW026,Oil,,,0.0
Cyprus,1992,1A3,ABFLOW027,Coal,,,0.0
Cyprus,1992,1A3,ABFLOW027,Natural gas,,,0.0
Cyprus,1992,1A3,ABFLOW027,Oil,,,0.0
Cyprus,1992,1A3A1,ABFLOW040,Coal,,,0.0
Cyprus,1992,1A3A1,ABFLOW040,Natural gas,,,0.0
Cyprus,1992,1A3A1,ABFLOW040,Oil,,,0.0
Cyprus,1992,1A3A2,ABFLOW029,Coal,,,0.0
Cyprus,1992,1A3A2,ABFLOW029,Natural gas,,,0.0
Cyprus,1992,1A3A2,ABFLOW029,Oil,,,0.0
Cyprus,1992,1A3B,ABFLOW028,Coal,,,0.0
Cyprus,1992,1A3B,ABFLOW028,Natural gas,,,0.0
Cyprus,1992,1A3B,ABFLOW028,Oil,,,0.0
Cyprus,1992,1A3C,ABFLOW030,Coal,,,0.0
Cyprus,1992,1A3C,ABFLOW030,Natural gas,,,0.0
Cyprus,1992,1A3C,ABFLOW030,Oil,,,0.0
Cyprus,1992,1A3D1,ABFLOW039,Coal,,,0.0
Cyprus,1992,1A3D1,ABFLOW039,Natural gas,,,0.0
Cyprus,1992,1A3D1,ABFLOW039,Oil,,,0.0
Cyprus,1992,1A3D2,ABFLOW032,Coal,,,0.0
Cyprus,1992,1A3D2,ABFLOW032,Natural gas,,,0.0
Cyprus,1992,1A3D2,ABFLOW032,Oil,,,0.0
Cyprus,1992,1A3E1,ABFLOW033,Coal,,,0.0
Cyprus,1992,1A3E1,ABFLOW033,Natural gas,,,0.0
Cyprus,1992,1A3E1,ABFLOW033,Oil,,,0.0
Cyprus,1992,1A4A,ABFLOW035,Coal,,,0.0
Cyprus,1992,1A4A,ABFLOW035,Natural gas,,,0.0
Cyprus,1992,1A4A,ABFLOW035,Oil,,,0.0
Cyprus,1992,1A4B,ABFLOW034,Coal,,,0.0
Cyprus,1992,1A4B,ABFLOW034,Natural gas,,,0.0
Cyprus,1992,1A4B,ABFLOW034,Oil,,,0.0
Cyprus,1992,1A4C1,ABFLOW036,Coal,,,0.0
Cyprus,1992,1A4C1,ABFLOW036,Natural gas,,,0.0
Cyprus,1992,1A4C1,ABFLOW036,Oil,,,0.0
Cyprus,1992,1A4C2,ABFLOW037,Coal,,,0.0
Cyprus,1992,1A4C2,ABFLOW037,Natural gas,,,0.0
Cyprus,1992,1A4C2,ABFLOW037,Oil,,,0.0
Cyprus,1992,1A5,ABFLOW038,Coal,,,0.0
Cyprus,1992,1A5,ABFLOW038,Natural gas,,,0.0
Cyprus,1992,1A5,ABFLOW038,Oil,,,0.0
Cyprus,1993,1A,ABFLOW001,Coal,,,0.0
Cyprus,1993,1A,ABFLOW001,Natural gas,,,0.0
Cyprus,1993,1A,ABFLOW001,Oil,,,0.0
Cyprus,1993,1A1A,ABFLOW002,Coal,,,0.0
Cyprus,1993,1A1A,ABFLOW002,Natural gas,,,0.0
Cyprus,1993,1A1A,ABFLOW002,Oil,,,0.0
Cyprus,1993,1A1A1,ABFLOW003,Coal,,,0.0
Cyprus,1993,1A1A1,ABFLOW003,Natural gas,,,0.0
Cyprus,1993,1A1A1,ABFLOW003,Oil,,,0.0
Cyprus,1993,1A1A2,ABFLOW004,Coal,,,0.0
Cyprus,1993,1A1A2,ABFLOW004,Natural gas,,,0.0
Cyprus,1993,1A1A2,ABFLOW004,Oil,,,0.0
Cyprus,1993,1A1A3,ABFLOW005,Coal,,,0.0
Cyprus,1993,1A1A3,ABFLOW005,Natural gas,,,0.0
Cyprus,1993,1A1A3,ABFLOW005,Oil,,,0.0
Cyprus,1993,1A1B,ABFLOW011,Coal,,,0.0
Cyprus,1993,1A1B,ABFLOW011,Natural gas,,,0.0
Cyprus,1993,1A1B,ABFLOW011,Oil,,,0.0
Cyprus,1993,1A1C,ABFLOW011,Coal,,,0.0
Cyprus,1993,1A1C,ABFLOW011,Natural gas,,,0.0
Cyprus,1993,1A1C,ABFLOW011,Oil,,,0.0
Cyprus,1993,1A2,ABFLOW012,Coal,,,0.0
Cyprus,1993,1A2,ABFLOW012,Natural gas,,,0.0
Cyprus,1993,1A2,ABFLOW012,Oil,,,0.0
Cyprus,1993,1A2A,ABFLOW016,Coal,,,0.0
Cyprus,1993,1A2A,ABFLOW016,Natural gas,,,0.0
Cyprus,1993,1A2A,ABFLOW016,Oil,,,0.0
Cyprus,1993,1A2B,ABFLOW018,Coal,,,0.0
Cyprus,1993,1A2B,ABFLOW018,Natural gas,,,0.0
Cyprus,1993,1A2B,ABFLOW018,Oil,,,0.0
Cyprus,1993,1A2C,ABFLOW017,Coal,,,0.0
Cyprus,1993,1A2C,ABFLOW017,Natural gas,,,0.0
Cyprus,1993,1A2C,ABFLOW017,Oil,,,0.0
Cyprus,1993,1A2D,ABFLOW023,Coal,,,0.0
Cyprus,1993,1A2D,ABFLOW023,Natural gas,,,0.0
Cyprus,1993,1A2D,ABFLOW023,Oil,,,0.0
Cyprus,1993,1A2E,ABFLOW022,Coal,,,0.0
Cyprus,1993,1A2E,ABFLOW022,Natural gas,,,0.0
Cyprus,1993,1A2E,ABFLOW022,Oil,,,0.0
Cyprus,1993,1A2F,ABFLOW019,Coal,,,0.0
Cyprus,1993,1A2F,ABFLOW019,Natural gas,,,0.0
Cyprus,1993,1A2F,ABFLOW019,Oil,,,0.0
Cyprus,1993,1A2G,ABFLOW020,Coal,,,0.0
Cyprus,1993,1A2G,ABFLOW020,Natural gas,,,0.0
Cyprus,1993,1A2G,ABFLOW020,Oil,,,0.0
Cyprus,1993,1A2H,ABFLOW021,Coal,,,0.0
Cyprus,1993,1A2H,ABFLOW021,Natural gas,,,0.0
Cyprus,1993,1A2H,ABFLOW021,Oil,,,0.0
Cyprus,1993,1A2I,ABFLOW013,Coal,,,0.0
Cyprus,1993,1A2I,ABFLOW013,Natural gas,,,0.0
Cyprus,1993,1A2I,ABFLOW013,Oil,,,0.0
Cyprus,1993,1A2J,ABFLOW024,Coal,,,0.0
Cyprus,1993,1A2J,ABFLOW024,Natural gas,,,0.0
Cyprus,1993,1A2J,ABFLOW024,Oil,,,0.0
Cyprus,1993,1A2K,ABFLOW014,Coal,,,0.0
Cyprus,1993,1A2K,ABFLOW014,Natural gas,,,0.0
Cyprus,1993,1A2K,ABFLOW014,Oil,,,0.0
Cyprus,1993,1A2L,ABFLOW025,Coal,,,0.0
Cyprus,1993,1A2L,ABFLOW025,Natural gas,,,0.0
Cyprus,1993,1A2L,ABFLOW025,Oil,,,0.0
Cyprus,1993,1A2M,ABFLOW026,Coal,,,0.0
Cyprus,1993,1A2M,ABFLOW026,Natural gas,,,0.0
Cyprus,1993,1A2M,ABFLOW026,Oil,,,0.0
Cyprus,1993,1A3,ABFLOW027,Coal,,,0.0
Cyprus,1993,1A3,ABFLOW027,Natural gas,,,0.0
Cyprus,1993,1A3,ABFLOW027,Oil,,,0.0
Cyprus,1993,1A3A1,ABFLOW040,Coal,,,0.0
Cyprus,1993,1A3A1,ABFLOW040,Natural gas,,,0.0
Cyprus,1993,1A3A1,ABFLOW040,Oil,,,0.0
Cyprus,1993,1A3A2,ABFLOW029,Coal,,,0.0
Cyprus,1993,1A3A2,ABFLOW029,Natural gas,,,0.0
Cyprus,1993,1A3A2,ABFLOW029,Oil,,,0.0
Cyprus,1993,1A3B,ABFLOW028,Coal,,,0.0
Cyprus,1993,1A3B,ABFLOW028,Natural gas,,,0.0
Cyprus,1993,1A3B,ABFLOW028,Oil,,,0.0
Cyprus,1993,1A3C,ABFLOW030,Coal,,,0.0
Cyprus,1993,1A3C,ABFLOW030,Natural gas,,,0.0
Cyprus,1993,1A3C,ABFLOW030,Oil,,,0.0
Cyprus,1993,1A3D1,ABFLOW039,Coal,,,0.0
Cyprus,1993,1A3D1,ABFLOW039,Natural gas,,,0.0
Cyprus,1993,1A3D1,ABFLOW039,Oil,,,0.0
Cyprus,1993,1A3D2,ABFLOW032,Coal,,,0.0
Cyprus,1993,1A3D2,ABFLOW032,Natural gas,,,0.0
Cyprus,1993,1A3D2,ABFLOW032,Oil,,,0.0
Cyprus,1993,1A3E1,ABFLOW033,Coal,,,0.0
Cyprus,1993,1A3E1,ABFLOW033,Natural gas,,,0.0
Cyprus,1993,1A3E1,ABFLOW033,Oil,,,0.0
Cyprus,1993,1A4A,ABFLOW035,Coal,,,0.0
Cyprus,1993,1A4A,ABFLOW035,Natural gas,,,0.0
Cyprus,1993,1A4A,ABFLOW035,Oil,,,0.0
Cyprus,1993,1A4B,ABFLOW034,Coal,,,0.0
Cyprus,1993,1A4B,ABFLOW034,Natural gas,,,0.0
Cyprus,1993,1A4B,ABFLOW034,Oil,,,0.0
Cyprus,1993,1A4C1,ABFLOW036,Coal,,,0.0
Cyprus,1993,1A4C1,ABFLOW036,Natural gas,,,0.0
Cyprus,1993,1A4C1,ABFLOW036,Oil,,,0.0
Cyprus,1993,1A4C2,ABFLOW037,Coal,,,0.0
Cyprus,1993,1A4C2,ABFLOW037,Natural gas,,,0.0
Cyprus,1993,1A4C2,ABFLOW037,Oil,,,0.0
Cyprus,1993,1A5,ABFLOW038,Coal,,,0.0
Cyprus,1993,1A5,ABFLOW038,Natural gas,,,0.0
Cyprus,1993,1A5,ABFLOW038,Oil,,,0.0
Cyprus,1994,1A,ABFLOW001,Coal,,,0.0
Cyprus,1994,1A,ABFLOW001,Natural gas,,,0.0
Cyprus,1994,1A,ABFLOW001,Oil,,,0.0
Cyprus,1994,1A1A,ABFLOW002,Coal,,,0.0
Cyprus,1994,1A1A,ABFLOW002,Natural gas,,,0.0
Cyprus,1994,1A1A,ABFLOW002,Oil,,,0.0
Cyprus,1994,1A1A1,ABFLOW003,Coal,,,0.0
Cyprus,1994,1A1A1,ABFLOW003,Natural gas,,,0.0
Cyprus,1994,1A1A1,ABFLOW003,Oil,,,0.0
Cyprus,1994,1A1A2,ABFLOW004,Coal,,,0.0
Cyprus,1994,1A1A2,ABFLOW004,Natural gas,,,0.0
Cyprus,1994,1A1A2,ABFLOW004,Oil,,,0.0
Cyprus,1994,1A1A3,ABFLOW005,Coal,,,0.0
Cyprus,1994,1A1A3,ABFLOW005,Natural gas,,,0.0
Cyprus,1994,1A1A3,ABFLOW005,Oil,,,0.0
Cyprus,1994,1A1B,ABFLOW011,Coal,,,0.0
Cyprus,1994,1A1B,ABFLOW011,Natural gas,,,0.0
Cyprus,1994,1A1B,ABFLOW011,Oil,,,0.0
Cyprus,1994,1A1C,ABFLOW011,Coal,,,0.0
Cyprus,1994,1A1C,ABFLOW011,Natural gas,,,0.0
Cyprus,1994,1A1C,ABFLOW011,Oil,,,0.0
Cyprus,1994,1A2,ABFLOW012,Coal,,,0.0
Cyprus,1994,1A2,ABFLOW012,Natural gas,,,0.0
Cyprus,1994,1A2,ABFLOW012,Oil,,,0.0
Cyprus,1994,1A2A,ABFLOW016,Coal,,,0.0
Cyprus,1994,1A2A,ABFLOW016,Natural gas,,,0.0
Cyprus,1994,1A2A,ABFLOW016,Oil,,,0.0
Cyprus,1994,1A2B,ABFLOW018,Coal,,,0.0
Cyprus,1994,1A2B,ABFLOW018,Natural gas,,,0.0
Cyprus,1994,1A2B,ABFLOW018,Oil,,,0.0
Cyprus,1994,1A2C,ABFLOW017,Coal,,,0.0
Cyprus,1994,1A2C,ABFLOW017,Natural gas,,,0.0
Cyprus,1994,1A2C,ABFLOW017,Oil,,,0.0
Cyprus,1994,1A2D,ABFLOW023,Coal,,,0.0
Cyprus,1994,1A2D,ABFLOW023,Natural gas,,,0.0
Cyprus,1994,1A2D,ABFLOW023,Oil,,,0.0
Cyprus,1994,1A2E,ABFLOW022,Coal,,,0.0
Cyprus,1994,1A2E,ABFLOW022,Natural gas,,,0.0
Cyprus,1994,1A2E,ABFLOW022,Oil,,,0.0
Cyprus,1994,1A2F,ABFLOW019,Coal,,,0.0
Cyprus,1994,1A2F,ABFLOW019,Natural gas,,,0.0
Cyprus,1994,1A2F,ABFLOW019,Oil,,,0.0
Cyprus,1994,1A2G,ABFLOW020,Coal,,,0.0
Cyprus,1994,1A2G,ABFLOW020,Natural gas,,,0.0
Cyprus,1994,1A2G,ABFLOW020,Oil,,,0.0
Cyprus,1994,1A2H,ABFLOW021,Coal,,,0.0
Cyprus,1994,1A2H,ABFLOW021,Natural gas,,,0.0
Cyprus,1994,1A2H,ABFLOW021,Oil,,,0.0
Cyprus,1994,1A2I,ABFLOW013,Coal,,,0.0
Cyprus,1994,1A2I,ABFLOW013,Natural gas,,,0.0
Cyprus,1994,1A2I,ABFLOW013,Oil,,,0.0
Cyprus,1994,1A2J,ABFLOW024,Coal,,,0.0
Cyprus,1994,1A2J,ABFLOW024,Natural gas,,,0.0
Cyprus,1994,1A2J,ABFLOW024,Oil,,,0.0
Cyprus,1994,1A2K,ABFLOW014,Coal,,,0.0
Cyprus,1994,1A2K,ABFLOW014,Natural gas,,,0.0
Cyprus,1994,1A2K,ABFLOW014,Oil,,,0.0
Cyprus,1994,1A2L,ABFLOW025,Coal,,,0.0
Cyprus,1994,1A2L,ABFLOW025,Natural gas,,,0.0
Cyprus,1994,1A2L,ABFLOW025,Oil,,,0.0
Cyprus,1994,1A2M,ABFLOW026,Coal,,,0.0
Cyprus,1994,1A2M,ABFLOW026,Natural gas,,,0.0
Cyprus,1994,1A2M,ABFLOW026,Oil,,,0.0
Cyprus,1994,1A3,ABFLOW027,Coal,,,0.0
Cyprus,1994,1A3,ABFLOW027,Natural gas,,,0.0
Cyprus,1994,1A3,ABFLOW027,Oil,,,0.0
Cyprus,1994,1A3A1,ABFLOW040,Coal,,,0.0
Cyprus,1994,1A3A1,ABFLOW040,Natural gas,,,0.0
Cyprus,1994,1A3A1,ABFLOW040,Oil,,,0.0
Cyprus,1994,1A3A2,ABFLOW029,Coal,,,0.0
Cyprus,1994,1A3A2,ABFLOW029,Natural gas,,,0.0
Cyprus,1994,1A3A2,ABFLOW029,Oil,,,0.0
Cyprus,1994,1A3B,ABFLOW028,Coal,,,0.0
Cyprus,1994,1A3B,ABFLOW028,Natural gas,,,0.0
Cyprus,1994,1A3B,ABFLOW028,Oil,,,0.0
Cyprus,1994,1A3C,ABFLOW030,Coal,,,0.0
Cyprus,1994,1A3C,ABFLOW030,Natural gas,,,0.0
Cyprus,1994,1A3C,ABFLOW030,Oil,,,0.0
Cyprus,1994,1A3D1,ABFLOW039,Coal,,,0.0
Cyprus,1994,1A3D1,ABFLOW039,Natural gas,,,0.0
Cyprus,1994,1A3D1,ABFLOW039,Oil,,,0.0
Cyprus,1994,1A3D2,ABFLOW032,Coal,,,0.0
Cyprus,1994,1A3D2,ABFLOW032,Natural gas,,,0.0
Cyprus,1994,1A3D2,ABFLOW032,Oil,,,0.0
Cyprus,1994,1A3E1,ABFLOW033,Coal,,,0.0
Cyprus,1994,1A3E1,ABFLOW033,Natural gas,,,0.0
Cyprus,1994,1A3E1,ABFLOW033,Oil,,,0.0
Cyprus,1994,1A4A,ABFLOW035,Coal,,,0.0
Cyprus,1994,1A4A,ABFLOW035,Natural gas,,,0.0
Cyprus,1994,1A4A,ABFLOW035,Oil,,,0.0
Cyprus,1994,1A4B,ABFLOW034,Coal,,,0.0
Cyprus,1994,1A4B,ABFLOW034,Natural gas,,,0.0
Cyprus,1994,1A4B,ABFLOW034,Oil,,,0.0
Cyprus,1994,1A4C1,ABFLOW036,Coal,,,0.0
Cyprus,1994,1A4C1,ABFLOW036,Natural gas,,,0.0
Cyprus,1994,1A4C1,ABFLOW036,Oil,,,0.0
Cyprus,1994,1A4C2,ABFLOW037,Coal,,,0.0
Cyprus,1994,1A4C2,ABFLOW037,Natural gas,,,0.0
Cyprus,1994,1A4C2,ABFLOW037,Oil,,,0.0
Cyprus,1994,1A5,ABFLOW038,Coal,,,0.0
Cyprus,1994,1A5,ABFLOW038,Natural gas,,,0.0
Cyprus,1994,1A5,ABFLOW038,Oil,,,0.0
Cyprus,1995,1A,ABFLOW001,Coal,,,0.0
Cyprus,1995,1A,ABFLOW001,Natural gas,,,0.0
Cyprus,1995,1A,ABFLOW001,Oil,,,0.0
Cyprus,1995,1A1A,ABFLOW002,Coal,,,0.0
Cyprus,1995,1A1A,ABFLOW002,Natural gas,,,0.0
Cyprus,1995,1A1A,ABFLOW002,Oil,,,0.0
Cyprus,1995,1A1A1,ABFLOW003,Coal,,,0.0
Cyprus,1995,1A1A1,ABFLOW003,Natural gas,,,0.0
Cyprus,1995,1A1A1,ABFLOW003,Oil,,,0.0
Cyprus,1995,1A1A2,ABFLOW004,Coal,,,0.0
Cyprus,1995,1A1A2,ABFLOW004,Natural gas,,,0.0
Cyprus,1995,1A1A2,ABFLOW004,Oil,,,0.0
Cyprus,1995,1A1A3,ABFLOW005,Coal,,,0.0
Cyprus,1995,1A1A3,ABFLOW005,Natural gas,,,0.0
Cyprus,1995,1A1A3,ABFLOW005,Oil,,,0.0
Cyprus,1995,1A1B,ABFLOW011,Coal,,,0.0
Cyprus,1995,1A1B,ABFLOW011,Natural gas,,,0.0
Cyprus,1995,1A1B,ABFLOW011,Oil,,,0.0
Cyprus,1995,1A1C,ABFLOW011,Coal,,,0.0
Cyprus,1995,1A1C,ABFLOW011,Natural gas,,,0.0
Cyprus,1995,1A1C,ABFLOW011,Oil,,,0.0
Cyprus,1995,1A2,ABFLOW012,Coal,,,0.0
Cyprus,1995,1A2,ABFLOW012,Natural gas,,,0.0
Cyprus,1995,1A2,ABFLOW012,Oil,,,0.0
Cyprus,1995,1A2A,ABFLOW016,Coal,,,0.0
Cyprus,1995,1A2A,ABFLOW016,Natural gas,,,0.0
Cyprus,1995,1A2A,ABFLOW016,Oil,,,0.0
Cyprus,1995,1A2B,ABFLOW018,Coal,,,0.0
Cyprus,1995,1A2B,ABFLOW018,Natural gas,,,0.0
Cyprus,1995,1A2B,ABFLOW018,Oil,,,0.0
Cyprus,1995,1A2C,ABFLOW017,Coal,,,0.0
Cyprus,1995,1A2C,ABFLOW017,Natural gas,,,0.0
Cyprus,1995,1A2C,ABFLOW017,Oil,,,0.0
Cyprus,1995,1A2D,ABFLOW023,Coal,,,0.0
Cyprus,1995,1A2D,ABFLOW023,Natural gas,,,0.0
Cyprus,1995,1A2D,ABFLOW023,Oil,,,0.0
Cyprus,1995,1A2E,ABFLOW022,Coal,,,0.0
Cyprus,1995,1A2E,ABFLOW022,Natural gas,,,0.0
Cyprus,1995,1A2E,ABFLOW022,Oil,,,0.0
Cyprus,1995,1A2F,ABFLOW019,Coal,,,0.0
Cyprus,1995,1A2F,ABFLOW019,Natural gas,,,0.0
Cyprus,1995,1A2F,ABFLOW019,Oil,,,0.0
Cyprus,1995,1A2G,ABFLOW020,Coal,,,0.0
Cyprus,1995,1A2G,ABFLOW020,Natural gas,,,0.0
Cyprus,1995,1A2G,ABFLOW020,Oil,,,0.0
Cyprus,1995,1A2H,ABFLOW021,Coal,,,0.0
Cyprus,1995,1A2H,ABFLOW021,Natural gas,,,0.0
Cyprus,1995,1A2H,ABFLOW021,Oil,,,0.0
Cyprus,1995,1A2I,ABFLOW013,Coal,,,0.0
Cyprus,1995,1A2I,ABFLOW013,Natural gas,,,0.0
Cyprus,1995,1A2I,ABFLOW013,Oil,,,0.0
Cyprus,1995,1A2J,ABFLOW024,Coal,,,0.0
Cyprus,1995,1A2J,ABFLOW024,Natural gas,,,0.0
Cyprus,1995,1A2J,ABFLOW024,Oil,,,0.0
Cyprus,1995,1A2K,ABFLOW014,Coal,,,0.0
Cyprus,1995,1A2K,ABFLOW014,Natural gas,,,0.0
Cyprus,1995,1A2K,ABFLOW014,Oil,,,0.0
Cyprus,1995,1A2L,ABFLOW025,Coal,,,0.0
Cyprus,1995,1A2L,ABFLOW025,Natural gas,,,0.0
Cyprus,1995,1A2L,ABFLOW025,Oil,,,0.0
Cyprus,1995,1A2M,ABFLOW026,Coal,,,0.0
Cyprus,1995,1A2M,ABFLOW026,Natural gas,,,0.0
Cyprus,1995,1A2M,ABFLOW026,Oil,,,0.0
Cyprus,1995,1A3,ABFLOW027,Coal,,,0.0
Cyprus,1995,1A3,ABFLOW027,Natural gas,,,0.0
Cyprus,1995,1A3,ABFLOW027,Oil,,,0.0
Cyprus,1995,1A3A1,ABFLOW040,Coal,,,0.0
Cyprus,1995,1A3A1,ABFLOW040,Natural gas,,,0.0
Cyprus,1995,1A3A1,ABFLOW040,Oil,,,0.0
Cyprus,1995,1A3A2,ABFLOW029,Coal,,,0.0
Cyprus,1995,1A3A2,ABFLOW029,Natural gas,,,0.0
Cyprus,1995,1A3A2,ABFLOW029,Oil,,,0.0
Cyprus,1995,1A3B,ABFLOW028,Coal,,,0.0
Cyprus,1995,1A3B,ABFLOW028,Natural gas,,,0.0
Cyprus,1995,1A3B,ABFLOW028,Oil,,,0.0
Cyprus,1995,1A3C,ABFLOW030,Coal,,,0.0
Cyprus,1995,1A3C,ABFLOW030,Natural gas,,,0.0
Cyprus,1995,1A3C,ABFLOW030,Oil,,,0.0
Cyprus,1995,1A3D1,ABFLOW039,Coal,,,0.0
Cyprus,1995,1A3D1,ABFLOW039,Natural gas,,,0.0
Cyprus,1995,1A3D1,ABFLOW039,Oil,,,0.0
Cyprus,1995,1A3D2,ABFLOW032,Coal,,,0.0
Cyprus,1995,1A3D2,ABFLOW032,Natural gas,,,0.0
Cyprus,1995,1A3D2,ABFLOW032,Oil,,,0.0
Cyprus,1995,1A3E1,ABFLOW033,Coal,,,0.0
Cyprus,1995,1A3E1,ABFLOW033,Natural gas,,,0.0
Cyprus,1995,1A3E1,ABFLOW033,Oil,,,0.0
Cyprus,1995,1A4A,ABFLOW035,Coal,,,0.0
Cyprus,1995,1A4A,ABFLOW035,Natural gas,,,0.0
Cyprus,1995,1A4A,ABFLOW035,Oil,,,0.0
Cyprus,1995,1A4B,ABFLOW034,Coal,,,0.0
Cyprus,1995,1A4B,ABFLOW034,Natural gas,,,0.0
Cyprus,1995,1A4B,ABFLOW034,Oil,,,0.0
Cyprus,1995,1A4C1,ABFLOW036,Coal,,,0.0
Cyprus,1995,1A4C1,ABFLOW036,Natural gas,,,0.0
Cyprus,1995,1A4C1,ABFLOW036,Oil,,,0.0
Cyprus,1995,1A4C2,ABFLOW037,Coal,,,0.0
Cyprus,1995,1A4C2,ABFLOW037,Natural gas,,,0.0
Cyprus,1995,1A4C2,ABFLOW037,Oil,,,0.0
Cyprus,1995,1A5,ABFLOW038,Coal,,,0.0
Cyprus,1995,1A5,ABFLOW038,Natural gas,,,0.0
Cyprus,1995,1A5,ABFLOW038,Oil,,,0.0
Cyprus,1996,1A,ABFLOW001,Coal,,,0.0
Cyprus,1996,1A,ABFLOW001,Natural gas,,,0.0
Cyprus,1996,1A,ABFLOW001,Oil,,,0.0
Cyprus,1996,1A1A,ABFLOW002,Coal,,,0.0
Cyprus,1996,1A1A,ABFLOW002,Natural gas,,,0.0
Cyprus,1996,1A1A,ABFLOW002,Oil,,,0.0
Cyprus,1996,1A1A1,ABFLOW003,Coal,,,0.0
Cyprus,1996,1A1A1,ABFLOW003,Natural gas,,,0.0
Cyprus,1996,1A1A1,ABFLOW003,Oil,,,0.0
Cyprus,1996,1A1A2,ABFLOW004,Coal,,,0.0
Cyprus,1996,1A1A2,ABFLOW004,Natural gas,,,0.0
Cyprus,1996,1A1A2,ABFLOW004,Oil,,,0.0
Cyprus,1996,1A1A3,ABFLOW005,Coal,,,0.0
Cyprus,1996,1A1A3,ABFLOW005,Natural gas,,,0.0
Cyprus,1996,1A1A3,ABFLOW005,Oil,,,0.0
Cyprus,1996,1A1B,ABFLOW011,Coal,,,0.0
Cyprus,1996,1A1B,ABFLOW011,Natural gas,,,0.0
Cyprus,1996,1A1B,ABFLOW011,Oil,,,0.0
Cyprus,1996,1A1C,ABFLOW011,Coal,,,0.0
Cyprus,1996,1A1C,ABFLOW011,Natural gas,,,0.0
Cyprus,1996,1A1C,ABFLOW011,Oil,,,0.0
Cyprus,1996,1A2,ABFLOW012,Coal,,,0.0
Cyprus,1996,1A2,ABFLOW012,Natural gas,,,0.0
Cyprus,1996,1A2,ABFLOW012,Oil,,,0.0
Cyprus,1996,1A2A,ABFLOW016,Coal,,,0.0
Cyprus,1996,1A2A,ABFLOW016,Natural gas,,,0.0
Cyprus,1996,1A2A,ABFLOW016,Oil,,,0.0
Cyprus,1996,1A2B,ABFLOW018,Coal,,,0.0
Cyprus,1996,1A2B,ABFLOW018,Natural gas,,,0.0
Cyprus,1996,1A2B,ABFLOW018,Oil,,,0.0
Cyprus,1996,1A2C,ABFLOW017,Coal,,,0.0
Cyprus,1996,1A2C,ABFLOW017,Natural gas,,,0.0
Cyprus,1996,1A2C,ABFLOW017,Oil,,,0.0
Cyprus,1996,1A2D,ABFLOW023,Coal,,,0.0
Cyprus,1996,1A2D,ABFLOW023,Natural gas,,,0.0
Cyprus,1996,1A2D,ABFLOW023,Oil,,,0.0
Cyprus,1996,1A2E,ABFLOW022,Coal,,,0.0
Cyprus,1996,1A2E,ABFLOW022,Natural gas,,,0.0
Cyprus,1996,1A2E,ABFLOW022,Oil,,,0.0
Cyprus,1996,1A2F,ABFLOW019,Coal,,,0.0
Cyprus,1996,1A2F,ABFLOW019,Natural gas,,,0.0
Cyprus,1996,1A2F,ABFLOW019,Oil,,,0.0
Cyprus,1996,1A2G,ABFLOW020,Coal,,,0.0
Cyprus,1996,1A2G,ABFLOW020,Natural gas,,,0.0
Cyprus,1996,1A2G,ABFLOW020,Oil,,,0.0
Cyprus,1996,1A2H,ABFLOW021,Coal,,,0.0
Cyprus,1996,1A2H,ABFLOW021,Natural gas,,,0.0
Cyprus,1996,1A2H,ABFLOW021,Oil,,,0.0
Cyprus,1996,1A2I,ABFLOW013,Coal,,,0.0
Cyprus,1996,1A2I,ABFLOW013,Natural gas,,,0.0
Cyprus,1996,1A2I,ABFLOW013,Oil,,,0.0
Cyprus,1996,1A2J,ABFLOW024,Coal,,,0.0
Cyprus,1996,1A2J,ABFLOW024,Natural gas,,,0.0
Cyprus,1996,1A2J,ABFLOW024,Oil,,,0.0
Cyprus,1996,1A2K,ABFLOW014,Coal,,,0.0
Cyprus,1996,1A2K,ABFLOW014,Natural gas,,,0.0
Cyprus,1996,1A2K,ABFLOW014,Oil,,,0.0
Cyprus,1996,1A2L,ABFLOW025,Coal,,,0.0
Cyprus,1996,1A2L,ABFLOW025,Natural gas,,,0.0
Cyprus,1996,1A2L,ABFLOW025,Oil,,,0.0
Cyprus,1996,1A2M,ABFLOW026,Coal,,,0.0
Cyprus,1996,1A2M,ABFLOW026,Natural gas,,,0.0
Cyprus,1996,1A2M,ABFLOW026,Oil,,,0.0
Cyprus,1996,1A3,ABFLOW027,Coal,,,0.0
Cyprus,1996,1A3,ABFLOW027,Natural gas,,,0.0
Cyprus,1996,1A3,ABFLOW027,Oil,,,0.0
Cyprus,1996,1A3A1,ABFLOW040,Coal,,,0.0
Cyprus,1996,1A3A1,ABFLOW040,Natural gas,,,0.0
Cyprus,1996,1A3A1,ABFLOW040,Oil,,,0.0
Cyprus,1996,1A3A2,ABFLOW029,Coal,,,0.0
Cyprus,1996,1A3A2,ABFLOW029,Natural gas,,,0.0
Cyprus,1996,1A3A2,ABFLOW029,Oil,,,0.0
Cyprus,1996,1A3B,ABFLOW028,Coal,,,0.0
Cyprus,1996,1A3B,ABFLOW028,Natural gas,,,0.0
Cyprus,1996,1A3B,ABFLOW028,Oil,,,0.0
Cyprus,1996,1A3C,ABFLOW030,Coal,,,0.0
Cyprus,1996,1A3C,ABFLOW030,Natural gas,,,0.0
Cyprus,1996,1A3C,ABFLOW030,Oil,,,0.0
Cyprus,1996,1A3D1,ABFLOW039,Coal,,,0.0
Cyprus,1996,1A3D1,ABFLOW039,Natural gas,,,0.0
Cyprus,1996,1A3D1,ABFLOW039,Oil,,,0.0
Cyprus,1996,1A3D2,ABFLOW032,Coal,,,0.0
Cyprus,1996,1A3D2,ABFLOW032,Natural gas,,,0.0
Cyprus,1996,1A3D2,ABFLOW032,Oil,,,0.0
Cyprus,1996,1A3E1,ABFLOW033,Coal,,,0.0
Cyprus,1996,1A3E1,ABFLOW033,Natural gas,,,0.0
Cyprus,1996,1A3E1,ABFLOW033,Oil,,,0.0
Cyprus,1996,1A4A,ABFLOW035,Coal,,,0.0
Cyprus,1996,1A4A,ABFLOW035,Natural gas,,,0.0
Cyprus,1996,1A4A,ABFLOW035,Oil,,,0.0
Cyprus,1996,1A4B,ABFLOW034,Coal,,,0.0
Cyprus,1996,1A4B,ABFLOW034,Natural gas,,,0.0
Cyprus,1996,1A4B,ABFLOW034,Oil,,,0.0
Cyprus,1996,1A4C1,ABFLOW036,Coal,,,0.0
Cyprus,1996,1A4C1,ABFLOW036,Natural gas,,,0.0
Cyprus,1996,1A4C1,ABFLOW036,Oil,,,0.0
Cyprus,1996,1A4C2,ABFLOW037,Coal,,,0.0
Cyprus,1996,1A4C2,ABFLOW037,Natural gas,,,0.0
Cyprus,1996,1A4C2,ABFLOW037,Oil,,,0.0
Cyprus,1996,1A5,ABFLOW038,Coal,,,0.0
Cyprus,1996,1A5,ABFLOW038,Natural gas,,,0.0
Cyprus,1996,1A5,ABFLOW038,Oil,,,0.0
Cyprus,1997,1A,ABFLOW001,Coal,,,0.0
Cyprus,1997,1A,ABFLOW001,Natural gas,,,0.0
Cyprus,1997,1A,ABFLOW001,Oil,,,0.0
Cyprus,1997,1A1A,ABFLOW002,Coal,,,0.0
Cyprus,1997,1A1A,ABFLOW002,Natural gas,,,0.0
Cyprus,1997,1A1A,ABFLOW002,Oil,,,0.0
Cyprus,1997,1A1A1,ABFLOW003,Coal,,,0.0
Cyprus,1997,1A1A1,ABFLOW003,Natural gas,,,0.0
Cyprus,1997,1A1A1,ABFLOW003,Oil,,,0.0
Cyprus,1997,1A1A2,ABFLOW004,Coal,,,0.0
Cyprus,1997,1A1A2,ABFLOW004,Natural gas,,,0.0
Cyprus,1997,1A1A2,ABFLOW004,Oil,,,0.0
Cyprus,1997,1A1A3,ABFLOW005,Coal,,,0.0
Cyprus,1997,1A1A3,ABFLOW005,Natural gas,,,0.0
Cyprus,1997,1A1A3,ABFLOW005,Oil,,,0.0
Cyprus,1997,1A1B,ABFLOW011,Coal,,,0.0
Cyprus,1997,1A1B,ABFLOW011,Natural gas,,,0.0
Cyprus,1997,1A1B,ABFLOW011,Oil,,,0.0
Cyprus,1997,1A1C,ABFLOW011,Coal,,,0.0
Cyprus,1997,1A1C,ABFLOW011,Natural gas,,,0.0
Cyprus,1997,1A1C,ABFLOW011,Oil,,,0.0
Cyprus,1997,1A2,ABFLOW012,Coal,,,0.0
Cyprus,1997,1A2,ABFLOW012,Natural gas,,,0.0
Cyprus,1997,1A2,ABFLOW012,Oil,,,0.0
Cyprus,1997,1A2A,ABFLOW016,Coal,,,0.0
Cyprus,1997,1A2A,ABFLOW016,Natural gas,,,0.0
Cyprus,1997,1A2A,ABFLOW016,Oil,,,0.0
Cyprus,1997,1A2B,ABFLOW018,Coal,,,0.0
Cyprus,1997,1A2B,ABFLOW018,Natural gas,,,0.0
Cyprus,1997,1A2B,ABFLOW018,Oil,,,0.0
Cyprus,1997,1A2C,ABFLOW017,Coal,,,0.0
Cyprus,1997,1A2C,ABFLOW017,Natural gas,,,0.0
Cyprus,1997,1A2C,ABFLOW017,Oil,,,0.0
Cyprus,1997,1A2D,ABFLOW023,Coal,,,0.0
Cyprus,1997,1A2D,ABFLOW023,Natural gas,,,0.0
Cyprus,1997,1A2D,ABFLOW023,Oil,,,0.0
Cyprus,1997,1A2E,ABFLOW022,Coal,,,0.0
Cyprus,1997,1A2E,ABFLOW022,Natural gas,,,0.0
Cyprus,1997,1A2E,ABFLOW022,Oil,,,0.0
Cyprus,1997,1A2F,ABFLOW019,Coal,,,0.0
Cyprus,1997,1A2F,ABFLOW019,Natural gas,,,0.0
Cyprus,1997,1A2F,ABFLOW019,Oil,,,0.0
Cyprus,1997,1A2G,ABFLOW020,Coal,,,0.0
Cyprus,1997,1A2G,ABFLOW020,Natural gas,,,0.0
Cyprus,1997,1A2G,ABFLOW020,Oil,,,0.0
Cyprus,1997,1A2H,ABFLOW021,Coal,,,0.0
Cyprus,1997,1A2H,ABFLOW021,Natural gas,,,0.0
Cyprus,1997,1A2H,ABFLOW021,Oil,,,0.0
Cyprus,1997,1A2I,ABFLOW013,Coal,,,0.0
Cyprus,1997,1A2I,ABFLOW013,Natural gas,,,0.0
Cyprus,1997,1A2I,ABFLOW013,Oil,,,0.0
Cyprus,1997,1A2J,ABFLOW024,Coal,,,0.0
Cyprus,1997,1A2J,ABFLOW024,Natural gas,,,0.0
Cyprus,1997,1A2J,ABFLOW024,Oil,,,0.0
Cyprus,1997,1A2K,ABFLOW014,Coal,,,0.0
Cyprus,1997,1A2K,ABFLOW014,Natural gas,,,0.0
Cyprus,1997,1A2K,ABFLOW014,Oil,,,0.0
Cyprus,1997,1A2L,ABFLOW025,Coal,,,0.0
Cyprus,1997,1A2L,ABFLOW025,Natural gas,,,0.0
Cyprus,1997,1A2L,ABFLOW025,Oil,,,0.0
Cyprus,1997,1A2M,ABFLOW026,Coal,,,0.0
Cyprus,1997,1A2M,ABFLOW026,Natural gas,,,0.0
Cyprus,1997,1A2M,ABFLOW026,Oil,,,0.0
Cyprus,1997,1A3,ABFLOW027,Coal,,,0.0
Cyprus,1997,1A3,ABFLOW027,Natural gas,,,0.0
Cyprus,1997,1A3,ABFLOW027,Oil,,,0.0
Cyprus,1997,1A3A1,ABFLOW040,Coal,,,0.0
Cyprus,1997,1A3A1,ABFLOW040,Natural gas,,,0.0
Cyprus,1997,1A3A1,ABFLOW040,Oil,,,0.0
Cyprus,1997,1A3A2,ABFLOW029,Coal,,,0.0
Cyprus,1997,1A3A2,ABFLOW029,Natural gas,,,0.0
Cyprus,1997,1A3A2,ABFLOW029,Oil,,,0.0
Cyprus,1997,1A3B,ABFLOW028,Coal,,,0.0
Cyprus,1997,1A3B,ABFLOW028,Natural gas,,,0.0
Cyprus,1997,1A3B,ABFLOW028,Oil,,,0.0
Cyprus,1997,1A3C,ABFLOW030,Coal,,,0.0
Cyprus,1997,1A3C,ABFLOW030,Natural gas,,,0.0
Cyprus,1997,1A3C,ABFLOW030,Oil,,,0.0
Cyprus,1997,1A3D1,ABFLOW039,Coal,,,0.0
Cyprus,1997,1A3D1,ABFLOW039,Natural gas,,,0.0
Cyprus,1997,1A3D1,ABFLOW039,Oil,,,0.0
Cyprus,1997,1A3D2,ABFLOW032,Coal,,,0.0
Cyprus,1997,1A3D2,ABFLOW032,Natural gas,,,0.0
Cyprus,1997,1A3D2,ABFLOW032,Oil,,,0.0
Cyprus,1997,1A3E1,ABFLOW033,Coal,,,0.0
Cyprus,1997,1A3E1,ABFLOW033,Natural gas,,,0.0
Cyprus,1997,1A3E1,ABFLOW033,Oil,,,0.0
Cyprus,1997,1A4A,ABFLOW035,Coal,,,0.0
Cyprus,1997,1A4A,ABFLOW035,Natural gas,,,0.0
Cyprus,1997,1A4A,ABFLOW035,Oil,,,0.0
Cyprus,1997,1A4B,ABFLOW034,Coal,,,0.0
Cyprus,1997,1A4B,ABFLOW034,Natural gas,,,0.0
Cyprus,1997,1A4B,ABFLOW034,Oil,,,0.0
Cyprus,1997,1A4C1,ABFLOW036,Coal,,,0.0
Cyprus,1997,1A4C1,ABFLOW036,Natural gas,,,0.0
Cyprus,1997,1A4C1,ABFLOW036,Oil,,,0.0
Cyprus,1997,1A4C2,ABFLOW037,Coal,,,0.0
Cyprus,1997,1A4C2,ABFLOW037,Natural gas,,,0.0
Cyprus,1997,1A4C2,ABFLOW037,Oil,,,0.0
Cyprus,1997,1A5,ABFLOW038,Coal,,,0.0
Cyprus,1997,1A5,ABFLOW038,Natural gas,,,0.0
Cyprus,1997,1A5,ABFLOW038,Oil,,,0.0
Cyprus,1998,1A,ABFLOW001,Coal,,,0.0
Cyprus,1998,1A,ABFLOW001,Natural gas,,,0.0
Cyprus,1998,1A,ABFLOW001,Oil,,,0.0
Cyprus,1998,1A1A,ABFLOW002,Coal,,,0.0
Cyprus,1998,1A1A,ABFLOW002,Natural gas,,,0.0
Cyprus,1998,1A1A,ABFLOW002,Oil,,,0.0
Cyprus,1998,1A1A1,ABFLOW003,Coal,,,0.0
Cyprus,1998,1A1A1,ABFLOW003,Natural gas,,,0.0
Cyprus,1998,1A1A1,ABFLOW003,Oil,,,0.0
Cyprus,1998,1A1A2,ABFLOW004,Coal,,,0.0
Cyprus,1998,1A1A2,ABFLOW004,Natural gas,,,0.0
Cyprus,1998,1A1A2,ABFLOW004,Oil,,,0.0
Cyprus,1998,1A1A3,ABFLOW005,Coal,,,0.0
Cyprus,1998,1A1A3,ABFLOW005,Natural gas,,,0.0
Cyprus,1998,1A1A3,ABFLOW005,Oil,,,0.0
Cyprus,1998,1A1B,ABFLOW011,Coal,,,0.0
Cyprus,1998,1A1B,ABFLOW011,Natural gas,,,0.0
Cyprus,1998,1A1B,ABFLOW011,Oil,,,0.0
Cyprus,1998,1A1C,ABFLOW011,Coal,,,0.0
Cyprus,1998,1A1C,ABFLOW011,Natural gas,,,0.0
Cyprus,1998,1A1C,ABFLOW011,Oil,,,0.0
Cyprus,1998,1A2,ABFLOW012,Coal,,,0.0
Cyprus,1998,1A2,ABFLOW012,Natural gas,,,0.0
Cyprus,1998,1A2,ABFLOW012,Oil,,,0.0
Cyprus,1998,1A2A,ABFLOW016,Coal,,,0.0
Cyprus,1998,1A2A,ABFLOW016,Natural gas,,,0.0
Cyprus,1998,1A2A,ABFLOW016,Oil,,,0.0
Cyprus,1998,1A2B,ABFLOW018,Coal,,,0.0
Cyprus,1998,1A2B,ABFLOW018,Natural gas,,,0.0
Cyprus,1998,1A2B,ABFLOW018,Oil,,,0.0
Cyprus,1998,1A2C,ABFLOW017,Coal,,,0.0
Cyprus,1998,1A2C,ABFLOW017,Natural gas,,,0.0
Cyprus,1998,1A2C,ABFLOW017,Oil,,,0.0
Cyprus,1998,1A2D,ABFLOW023,Coal,,,0.0
Cyprus,1998,1A2D,ABFLOW023,Natural gas,,,0.0
Cyprus,1998,1A2D,ABFLOW023,Oil,,,0.0
Cyprus,1998,1A2E,ABFLOW022,Coal,,,0.0
Cyprus,1998,1A2E,ABFLOW022,Natural gas,,,0.0
Cyprus,1998,1A2E,ABFLOW022,Oil,,,0.0
Cyprus,1998,1A2F,ABFLOW019,Coal,,,0.0
Cyprus,1998,1A2F,ABFLOW019,Natural gas,,,0.0
Cyprus,1998,1A2F,ABFLOW019,Oil,,,0.0
Cyprus,1998,1A2G,ABFLOW020,Coal,,,0.0
Cyprus,1998,1A2G,ABFLOW020,Natural gas,,,0.0
Cyprus,1998,1A2G,ABFLOW020,Oil,,,0.0
Cyprus,1998,1A2H,ABFLOW021,Coal,,,0.0
Cyprus,1998,1A2H,ABFLOW021,Natural gas,,,0.0
Cyprus,1998,1A2H,ABFLOW021,Oil,,,0.0
Cyprus,1998,1A2I,ABFLOW013,Coal,,,0.0
Cyprus,1998,1A2I,ABFLOW013,Natural gas,,,0.0
Cyprus,1998,1A2I,ABFLOW013,Oil,,,0.0
Cyprus,1998,1A2J,ABFLOW024,Coal,,,0.0
Cyprus,1998,1A2J,ABFLOW024,Natural gas,,,0.0
Cyprus,1998,1A2J,ABFLOW024,Oil,,,0.0
Cyprus,1998,1A2K,ABFLOW014,Coal,,,0.0
Cyprus,1998,1A2K,ABFLOW014,Natural gas,,,0.0
Cyprus,1998,1A2K,ABFLOW014,Oil,,,0.0
Cyprus,1998,1A2L,ABFLOW025,Coal,,,0.0
Cyprus,1998,1A2L,ABFLOW025,Natural gas,,,0.0
Cyprus,1998,1A2L,ABFLOW025,Oil,,,0.0
Cyprus,1998,1A2M,ABFLOW026,Coal,,,0.0
Cyprus,1998,1A2M,ABFLOW026,Natural gas,,,0.0
Cyprus,1998,1A2M,ABFLOW026,Oil,,,0.0
Cyprus,1998,1A3,ABFLOW027,Coal,,,0.0
Cyprus,1998,1A3,ABFLOW027,Natural gas,,,0.0
Cyprus,1998,1A3,ABFLOW027,Oil,,,0.0
Cyprus,1998,1A3A1,ABFLOW040,Coal,,,0.0
Cyprus,1998,1A3A1,ABFLOW040,Natural gas,,,0.0
Cyprus,1998,1A3A1,ABFLOW040,Oil,,,0.0
Cyprus,1998,1A3A2,ABFLOW029,Coal,,,0.0
Cyprus,1998,1A3A2,ABFLOW029,Natural gas,,,0.0
Cyprus,1998,1A3A2,ABFLOW029,Oil,,,0.0
Cyprus,1998,1A3B,ABFLOW028,Coal,,,0.0
Cyprus,1998,1A3B,ABFLOW028,Natural gas,,,0.0
Cyprus,1998,1A3B,ABFLOW028,Oil,,,0.0
Cyprus,1998,1A3C,ABFLOW030,Coal,,,0.0
Cyprus,1998,1A3C,ABFLOW030,Natural gas,,,0.0
Cyprus,1998,1A3C,ABFLOW030,Oil,,,0.0
Cyprus,1998,1A3D1,ABFLOW039,Coal,,,0.0
Cyprus,1998,1A3D1,ABFLOW039,Natural gas,,,0.0
Cyprus,1998,1A3D1,ABFLOW039,Oil,,,0.0
Cyprus,1998,1A3D2,ABFLOW032,Coal,,,0.0
Cyprus,1998,1A3D2,ABFLOW032,Natural gas,,,0.0
Cyprus,1998,1A3D2,ABFLOW032,Oil,,,0.0
Cyprus,1998,1A3E1,ABFLOW033,Coal,,,0.0
Cyprus,1998,1A3E1,ABFLOW033,Natural gas,,,0.0
Cyprus,1998,1A3E1,ABFLOW033,Oil,,,0.0
Cyprus,1998,1A4A,ABFLOW035,Coal,,,0.0
Cyprus,1998,1A4A,ABFLOW035,Natural gas,,,0.0
Cyprus,1998,1A4A,ABFLOW035,Oil,,,0.0
Cyprus,1998,1A4B,ABFLOW034,Coal,,,0.0
Cyprus,1998,1A4B,ABFLOW034,Natural gas,,,0.0
Cyprus,1998,1A4B,ABFLOW034,Oil,,,0.0
Cyprus,1998,1A4C1,ABFLOW036,Coal,,,0.0
Cyprus,1998,1A4C1,ABFLOW036,Natural gas,,,0.0
Cyprus,1998,1A4C1,ABFLOW036,Oil,,,0.0
Cyprus,1998,1A4C2,ABFLOW037,Coal,,,0.0
Cyprus,1998,1A4C2,ABFLOW037,Natural gas,,,0.0
Cyprus,1998,1A4C2,ABFLOW037,Oil,,,0.0
Cyprus,1998,1A5,ABFLOW038,Coal,,,0.0
Cyprus,1998,1A5,ABFLOW038,Natural gas,,,0.0
Cyprus,1998,1A5,ABFLOW038,Oil,,,0.0
Cyprus,1999,1A,ABFLOW001,Coal,,,0.0
Cyprus,1999,1A,ABFLOW001,Natural gas,,,0.0
Cyprus,1999,1A,ABFLOW001,Oil,,,0.0
Cyprus,1999,1A1A,ABFLOW002,Coal,,,0.0
Cyprus,1999,1A1A,ABFLOW002,Natural gas,,,0.0
Cyprus,1999,1A1A,ABFLOW002,Oil,,,0.0
Cyprus,1999,1A1A1,ABFLOW003,Coal,,,0.0
Cyprus,1999,1A1A1,ABFLOW003,Natural gas,,,0.0
Cyprus,1999,1A1A1,ABFLOW003,Oil,,,0.0
Cyprus,1999,1A1A2,ABFLOW004,Coal,,,0.0
Cyprus,1999,1A1A2,ABFLOW004,Natural gas,,,0.0
Cyprus,1999,1A1A2,ABFLOW004,Oil,,,0.0
Cyprus,1999,1A1A3,ABFLOW005,Coal,,,0.0
Cyprus,1999,1A1A3,ABFLOW005,Natural gas,,,0.0
Cyprus,1999,1A1A3,ABFLOW005,Oil,,,0.0
Cyprus,1999,1A1B,ABFLOW011,Coal,,,0.0
Cyprus,1999,1A1B,ABFLOW011,Natural gas,,,0.0
Cyprus,1999,1A1B,ABFLOW011,Oil,,,0.0
Cyprus,1999,1A1C,ABFLOW011,Coal,,,0.0
Cyprus,1999,1A1C,ABFLOW011,Natural gas,,,0.0
Cyprus,1999,1A1C,ABFLOW011,Oil,,,0.0
Cyprus,1999,1A2,ABFLOW012,Coal,,,0.0
Cyprus,1999,1A2,ABFLOW012,Natural gas,,,0.0
Cyprus,1999,1A2,ABFLOW012,Oil,,,0.0
Cyprus,1999,1A2A,ABFLOW016,Coal,,,0.0
Cyprus,1999,1A2A,ABFLOW016,Natural gas,,,0.0
Cyprus,1999,1A2A,ABFLOW016,Oil,,,0.0
Cyprus,1999,1A2B,ABFLOW018,Coal,,,0.0
Cyprus,1999,1A2B,ABFLOW018,Natural gas,,,0.0
Cyprus,1999,1A2B,ABFLOW018,Oil,,,0.0
Cyprus,1999,1A2C,ABFLOW017,Coal,,,0.0
Cyprus,1999,1A2C,ABFLOW017,Natural gas,,,0.0
Cyprus,1999,1A2C,ABFLOW017,Oil,,,0.0
Cyprus,1999,1A2D,ABFLOW023,Coal,,,0.0
Cyprus,1999,1A2D,ABFLOW023,Natural gas,,,0.0
Cyprus,1999,1A2D,ABFLOW023,Oil,,,0.0
Cyprus,1999,1A2E,ABFLOW022,Coal,,,0.0
Cyprus,1999,1A2E,ABFLOW022,Natural gas,,,0.0
Cyprus,1999,1A2E,ABFLOW022,Oil,,,0.0
Cyprus,1999,1A2F,ABFLOW019,Coal,,,0.0
Cyprus,1999,1A2F,ABFLOW019,Natural gas,,,0.0
Cyprus,1999,1A2F,ABFLOW019,Oil,,,0.0
Cyprus,1999,1A2G,ABFLOW020,Coal,,,0.0
Cyprus,1999,1A2G,ABFLOW020,Natural gas,,,0.0
Cyprus,1999,1A2G,ABFLOW020,Oil,,,0.0
Cyprus,1999,1A2H,ABFLOW021,Coal,,,0.0
Cyprus,1999,1A2H,ABFLOW021,Natural gas,,,0.0
Cyprus,1999,1A2H,ABFLOW021,Oil,,,0.0
Cyprus,1999,1A2I,ABFLOW013,Coal,,,0.0
Cyprus,1999,1A2I,ABFLOW013,Natural gas,,,0.0
Cyprus,1999,1A2I,ABFLOW013,Oil,,,0.0
Cyprus,1999,1A2J,ABFLOW024,Coal,,,0.0
Cyprus,1999,1A2J,ABFLOW024,Natural gas,,,0.0
Cyprus,1999,1A2J,ABFLOW024,Oil,,,0.0
Cyprus,1999,1A2K,ABFLOW014,Coal,,,0.0
Cyprus,1999,1A2K,ABFLOW014,Natural gas,,,0.0
Cyprus,1999,1A2K,ABFLOW014,Oil,,,0.0
Cyprus,1999,1A2L,ABFLOW025,Coal,,,0.0
Cyprus,1999,1A2L,ABFLOW025,Natural gas,,,0.0
Cyprus,1999,1A2L,ABFLOW025,Oil,,,0.0
Cyprus,1999,1A2M,ABFLOW026,Coal,,,0.0
Cyprus,1999,1A2M,ABFLOW026,Natural gas,,,0.0
Cyprus,1999,1A2M,ABFLOW026,Oil,,,0.0
Cyprus,1999,1A3,ABFLOW027,Coal,,,0.0
Cyprus,1999,1A3,ABFLOW027,Natural gas,,,0.0
Cyprus,1999,1A3,ABFLOW027,Oil,,,0.0
Cyprus,1999,1A3A1,ABFLOW040,Coal,,,0.0
Cyprus,1999,1A3A1,ABFLOW040,Natural gas,,,0.0
Cyprus,1999,1A3A1,ABFLOW040,Oil,,,0.0
Cyprus,1999,1A3A2,ABFLOW029,Coal,,,0.0
Cyprus,1999,1A3A2,ABFLOW029,Natural gas,,,0.0
Cyprus,1999,1A3A2,ABFLOW029,Oil,,,0.0
Cyprus,1999,1A3B,ABFLOW028,Coal,,,0.0
Cyprus,1999,1A3B,ABFLOW028,Natural gas,,,0.0
Cyprus,1999,1A3B,ABFLOW028,Oil,,,0.0
Cyprus,1999,1A3C,ABFLOW030,Coal,,,0.0
Cyprus,1999,1A3C,ABFLOW030,Natural gas,,,0.0
Cyprus,1999,1A3C,ABFLOW030,Oil,,,0.0
Cyprus,1999,1A3D1,ABFLOW039,Coal,,,0.0
Cyprus,1999,1A3D1,ABFLOW039,Natural gas,,,0.0
Cyprus,1999,1A3D1,ABFLOW039,Oil,,,0.0
Cyprus,1999,1A3D2,ABFLOW032,Coal,,,0.0
Cyprus,1999,1A3D2,ABFLOW032,Natural gas,,,0.0
Cyprus,1999,1A3D2,ABFLOW032,Oil,,,0.0
Cyprus,1999,1A3E1,ABFLOW033,Coal,,,0.0
Cyprus,1999,1A3E1,ABFLOW033,Natural gas,,,0.0
Cyprus,1999,1A3E1,ABFLOW033,Oil,,,0.0
Cyprus,1999,1A4A,ABFLOW035,Coal,,,0.0
Cyprus,1999,1A4A,ABFLOW035,Natural gas,,,0.0
Cyprus,1999,1A4A,ABFLOW035,Oil,,,0.0
Cyprus,1999,1A4B,ABFLOW034,Coal,,,0.0
Cyprus,1999,1A4B,ABFLOW034,Natural gas,,,0.0
Cyprus,1999,1A4B,ABFLOW034,Oil,,,0.0
Cyprus,1999,1A4C1,ABFLOW036,Coal,,,0.0
Cyprus,1999,1A4C1,ABFLOW036,Natural gas,,,0.0
Cyprus,1999,1A4C1,ABFLOW036,Oil,,,0.0
Cyprus,1999,1A4C2,ABFLOW037,Coal,,,0.0
Cyprus,1999,1A4C2,ABFLOW037,Natural gas,,,0.0
Cyprus,1999,1A4C2,ABFLOW037,Oil,,,0.0
Cyprus,1999,1A5,ABFLOW038,Coal,,,0.0
Cyprus,1999,1A5,ABFLOW038,Natural gas,,,0.0
Cyprus,1999,1A5,ABFLOW038,Oil,,,0.0
Cyprus,2000,1A,ABFLOW001,Coal,,,0.0
Cyprus,2000,1A,ABFLOW001,Natural gas,,,0.0
Cyprus,2000,1A,ABFLOW001,Oil,,,0.0
Cyprus,2000,1A1A,ABFLOW002,Coal,,,0.0
Cyprus,2000,1A1A,ABFLOW002,Natural gas,,,0.0
Cyprus,2000,1A1A,ABFLOW002,Oil,,,0.0
Cyprus,2000,1A1A1,ABFLOW003,Coal,,,0.0
Cyprus,2000,1A1A1,ABFLOW003,Natural gas,,,0.0
Cyprus,2000,1A1A1,ABFLOW003,Oil,,,0.0
Cyprus,2000,1A1A2,ABFLOW004,Coal,,,0.0
Cyprus,2000,1A1A2,ABFLOW004,Natural gas,,,0.0
Cyprus,2000,1A1A2,ABFLOW004,Oil,,,0.0
Cyprus,2000,1A1A3,ABFLOW005,Coal,,,0.0
Cyprus,2000,1A1A3,ABFLOW005,Natural gas,,,0.0
Cyprus,2000,1A1A3,ABFLOW005,Oil,,,0.0
Cyprus,2000,1A1B,ABFLOW011,Coal,,,0.0
Cyprus,2000,1A1B,ABFLOW011,Natural gas,,,0.0
Cyprus,2000,1A1B,ABFLOW011,Oil,,,0.0
Cyprus,2000,1A1C,ABFLOW011,Coal,,,0.0
Cyprus,2000,1A1C,ABFLOW011,Natural gas,,,0.0
Cyprus,2000,1A1C,ABFLOW011,Oil,,,0.0
Cyprus,2000,1A2,ABFLOW012,Coal,,,0.0
Cyprus,2000,1A2,ABFLOW012,Natural gas,,,0.0
Cyprus,2000,1A2,ABFLOW012,Oil,,,0.0
Cyprus,2000,1A2A,ABFLOW016,Coal,,,0.0
Cyprus,2000,1A2A,ABFLOW016,Natural gas,,,0.0
Cyprus,2000,1A2A,ABFLOW016,Oil,,,0.0
Cyprus,2000,1A2B,ABFLOW018,Coal,,,0.0
Cyprus,2000,1A2B,ABFLOW018,Natural gas,,,0.0
Cyprus,2000,1A2B,ABFLOW018,Oil,,,0.0
Cyprus,2000,1A2C,ABFLOW017,Coal,,,0.0
Cyprus,2000,1A2C,ABFLOW017,Natural gas,,,0.0
Cyprus,2000,1A2C,ABFLOW017,Oil,,,0.0
Cyprus,2000,1A2D,ABFLOW023,Coal,,,0.0
Cyprus,2000,1A2D,ABFLOW023,Natural gas,,,0.0
Cyprus,2000,1A2D,ABFLOW023,Oil,,,0.0
Cyprus,2000,1A2E,ABFLOW022,Coal,,,0.0
Cyprus,2000,1A2E,ABFLOW022,Natural gas,,,0.0
Cyprus,2000,1A2E,ABFLOW022,Oil,,,0.0
Cyprus,2000,1A2F,ABFLOW019,Coal,,,0.0
Cyprus,2000,1A2F,ABFLOW019,Natural gas,,,0.0
Cyprus,2000,1A2F,ABFLOW019,Oil,,,0.0
Cyprus,2000,1A2G,ABFLOW020,Coal,,,0.0
Cyprus,2000,1A2G,ABFLOW020,Natural gas,,,0.0
Cyprus,2000,1A2G,ABFLOW020,Oil,,,0.0
Cyprus,2000,1A2H,ABFLOW021,Coal,,,0.0
Cyprus,2000,1A2H,ABFLOW021,Natural gas,,,0.0
Cyprus,2000,1A2H,ABFLOW021,Oil,,,0.0
Cyprus,2000,1A2I,ABFLOW013,Coal,,,0.0
Cyprus,2000,1A2I,ABFLOW013,Natural gas,,,0.0
Cyprus,2000,1A2I,ABFLOW013,Oil,,,0.0
Cyprus,2000,1A2J,ABFLOW024,Coal,,,0.0
Cyprus,2000,1A2J,ABFLOW024,Natural gas,,,0.0
Cyprus,2000,1A2J,ABFLOW024,Oil,,,0.0
Cyprus,2000,1A2K,ABFLOW014,Coal,,,0.0
Cyprus,2000,1A2K,ABFLOW014,Natural gas,,,0.0
Cyprus,2000,1A2K,ABFLOW014,Oil,,,0.0
Cyprus,2000,1A2L,ABFLOW025,Coal,,,0.0
Cyprus,2000,1A2L,ABFLOW025,Natural gas,,,0.0
Cyprus,2000,1A2L,ABFLOW025,Oil,,,0.0
Cyprus,2000,1A2M,ABFLOW026,Coal,,,0.0
Cyprus,2000,1A2M,ABFLOW026,Natural gas,,,0.0
Cyprus,2000,1A2M,ABFLOW026,Oil,,,0.0
Cyprus,2000,1A3,ABFLOW027,Coal,,,0.0
Cyprus,2000,1A3,ABFLOW027,Natural gas,,,0.0
Cyprus,2000,1A3,ABFLOW027,Oil,,,0.0
Cyprus,2000,1A3A1,ABFLOW040,Coal,,,0.0
Cyprus,2000,1A3A1,ABFLOW040,Natural gas,,,0.0
Cyprus,2000,1A3A1,ABFLOW040,Oil,,,0.0
Cyprus,2000,1A3A2,ABFLOW029,Coal,,,0.0
Cyprus,2000,1A3A2,ABFLOW029,Natural gas,,,0.0
Cyprus,2000,1A3A2,ABFLOW029,Oil,,,0.0
Cyprus,2000,1A3B,ABFLOW028,Coal,,,0.0
Cyprus,2000,1A3B,ABFLOW028,Natural gas,,,0.0
Cyprus,2000,1A3B,ABFLOW028,Oil,,,0.0
Cyprus,2000,1A3C,ABFLOW030,Coal,,,0.0
Cyprus,2000,1A3C,ABFLOW030,Natural gas,,,0.0
Cyprus,2000,1A3C,ABFLOW030,Oil,,,0.0
Cyprus,2000,1A3D1,ABFLOW039,Coal,,,0.0
Cyprus,2000,1A3D1,ABFLOW039,Natural gas,,,0.0
Cyprus,2000,1A3D1,ABFLOW039,Oil,,,0.0
Cyprus,2000,1A3D2,ABFLOW032,Coal,,,0.0
Cyprus,2000,1A3D2,ABFLOW032,Natural gas,,,0.0
Cyprus,2000,1A3D2,ABFLOW032,Oil,,,0.0
Cyprus,2000,1A3E1,ABFLOW033,Coal,,,0.0
Cyprus,2000,1A3E1,ABFLOW033,Natural gas,,,0.0
Cyprus,2000,1A3E1,ABFLOW033,Oil,,,0.0
Cyprus,2000,1A4A,ABFLOW035,Coal,,,0.0
Cyprus,2000,1A4A,ABFLOW035,Natural gas,,,0.0
Cyprus,2000,1A4A,ABFLOW035,Oil,,,0.0
Cyprus,2000,1A4B,ABFLOW034,Coal,,,0.0
Cyprus,2000,1A4B,ABFLOW034,Natural gas,,,0.0
Cyprus,2000,1A4B,ABFLOW034,Oil,,,0.0
Cyprus,2000,1A4C1,ABFLOW036,Coal,,,0.0
Cyprus,2000,1A4C1,ABFLOW036,Natural gas,,,0.0
Cyprus,2000,1A4C1,ABFLOW036,Oil,,,0.0
Cyprus,2000,1A4C2,ABFLOW037,Coal,,,0.0
Cyprus,2000,1A4C2,ABFLOW037,Natural gas,,,0.0
Cyprus,2000,1A4C2,ABFLOW037,Oil,,,0.0
Cyprus,2000,1A5,ABFLOW038,Coal,,,0.0
Cyprus,2000,1A5,ABFLOW038,Natural gas,,,0.0
Cyprus,2000,1A5,ABFLOW038,Oil,,,0.0
Cyprus,2001,1A,ABFLOW001,Coal,,,0.0
Cyprus,2001,1A,ABFLOW001,Natural gas,,,0.0
Cyprus,2001,1A,ABFLOW001,Oil,,,0.0
Cyprus,2001,1A1A,ABFLOW002,Coal,,,0.0
Cyprus,2001,1A1A,ABFLOW002,Natural gas,,,0.0
Cyprus,2001,1A1A,ABFLOW002,Oil,,,0.0
Cyprus,2001,1A1A1,ABFLOW003,Coal,,,0.0
Cyprus,2001,1A1A1,ABFLOW003,Natural gas,,,0.0
Cyprus,2001,1A1A1,ABFLOW003,Oil,,,0.0
Cyprus,2001,1A1A2,ABFLOW004,Coal,,,0.0
Cyprus,2001,1A1A2,ABFLOW004,Natural gas,,,0.0
Cyprus,2001,1A1A2,ABFLOW004,Oil,,,0.0
Cyprus,2001,1A1A3,ABFLOW005,Coal,,,0.0
Cyprus,2001,1A1A3,ABFLOW005,Natural gas,,,0.0
Cyprus,2001,1A1A3,ABFLOW005,Oil,,,0.0
Cyprus,2001,1A1B,ABFLOW011,Coal,,,0.0
Cyprus,2001,1A1B,ABFLOW011,Natural gas,,,0.0
Cyprus,2001,1A1B,ABFLOW011,Oil,,,0.0
Cyprus,2001,1A1C,ABFLOW011,Coal,,,0.0
Cyprus,2001,1A1C,ABFLOW011,Natural gas,,,0.0
Cyprus,2001,1A1C,ABFLOW011,Oil,,,0.0
Cyprus,2001,1A2,ABFLOW012,Coal,,,0.0
Cyprus,2001,1A2,ABFLOW012,Natural gas,,,0.0
Cyprus,2001,1A2,ABFLOW012,Oil,,,0.0
Cyprus,2001,1A2A,ABFLOW016,Coal,,,0.0
Cyprus,2001,1A2A,ABFLOW016,Natural gas,,,0.0
Cyprus,2001,1A2A,ABFLOW016,Oil,,,0.0
Cyprus,2001,1A2B,ABFLOW018,Coal,,,0.0
Cyprus,2001,1A2B,ABFLOW018,Natural gas,,,0.0
Cyprus,2001,1A2B,ABFLOW018,Oil,,,0.0
Cyprus,2001,1A2C,ABFLOW017,Coal,,,0.0
Cyprus,2001,1A2C,ABFLOW017,Natural gas,,,0.0
Cyprus,2001,1A2C,ABFLOW017,Oil,,,0.0
Cyprus,2001,1A2D,ABFLOW023,Coal,,,0.0
Cyprus,2001,1A2D,ABFLOW023,Natural gas,,,0.0
Cyprus,2001,1A2D,ABFLOW023,Oil,,,0.0
Cyprus,2001,1A2E,ABFLOW022,Coal,,,0.0
Cyprus,2001,1A2E,ABFLOW022,Natural gas,,,0.0
Cyprus,2001,1A2E,ABFLOW022,Oil,,,0.0
Cyprus,2001,1A2F,ABFLOW019,Coal,,,0.0
Cyprus,2001,1A2F,ABFLOW019,Natural gas,,,0.0
Cyprus,2001,1A2F,ABFLOW019,Oil,,,0.0
Cyprus,2001,1A2G,ABFLOW020,Coal,,,0.0
Cyprus,2001,1A2G,ABFLOW020,Natural gas,,,0.0
Cyprus,2001,1A2G,ABFLOW020,Oil,,,0.0
Cyprus,2001,1A2H,ABFLOW021,Coal,,,0.0
Cyprus,2001,1A2H,ABFLOW021,Natural gas,,,0.0
Cyprus,2001,1A2H,ABFLOW021,Oil,,,0.0
Cyprus,2001,1A2I,ABFLOW013,Coal,,,0.0
Cyprus,2001,1A2I,ABFLOW013,Natural gas,,,0.0
Cyprus,2001,1A2I,ABFLOW013,Oil,,,0.0
Cyprus,2001,1A2J,ABFLOW024,Coal,,,0.0
Cyprus,2001,1A2J,ABFLOW024,Natural gas,,,0.0
Cyprus,2001,1A2J,ABFLOW024,Oil,,,0.0
Cyprus,2001,1A2K,ABFLOW014,Coal,,,0.0
Cyprus,2001,1A2K,ABFLOW014,Natural gas,,,0.0
Cyprus,2001,1A2K,ABFLOW014,Oil,,,0.0
Cyprus,2001,1A2L,ABFLOW025,Coal,,,0.0
Cyprus,2001,1A2L,ABFLOW025,Natural gas,,,0.0
Cyprus,2001,1A2L,ABFLOW025,Oil,,,0.0
Cyprus,2001,1A2M,ABFLOW026,Coal,,,0.0
Cyprus,2001,1A2M,ABFLOW026,Natural gas,,,0.0
Cyprus,2001,1A2M,ABFLOW026,Oil,,,0.0
Cyprus,2001,1A3,ABFLOW027,Coal,,,0.0
Cyprus,2001,1A3,ABFLOW027,Natural gas,,,0.0
Cyprus,2001,1A3,ABFLOW027,Oil,,,0.0
Cyprus,2001,1A3A1,ABFLOW040,Coal,,,0.0
Cyprus,2001,1A3A1,ABFLOW040,Natural gas,,,0.0
Cyprus,2001,1A3A1,ABFLOW040,Oil,,,0.0
Cyprus,2001,1A3A2,ABFLOW029,Coal,,,0.0
Cyprus,2001,1A3A2,ABFLOW029,Natural gas,,,0.0
Cyprus,2001,1A3A2,ABFLOW029,Oil,,,0.0
Cyprus,2001,1A3B,ABFLOW028,Coal,,,0.0
Cyprus,2001,1A3B,ABFLOW028,Natural gas,,,0.0
Cyprus,2001,1A3B,ABFLOW028,Oil,,,0.0
Cyprus,2001,1A3C,ABFLOW030,Coal,,,0.0
Cyprus,2001,1A3C,ABFLOW030,Natural gas,,,0.0
Cyprus,2001,1A3C,ABFLOW030,Oil,,,0.0
Cyprus,2001,1A3D1,ABFLOW039,Coal,,,0.0
Cyprus,2001,1A3D1,ABFLOW039,Natural gas,,,0.0
Cyprus,2001,1A3D1,ABFLOW039,Oil,,,0.0
Cyprus,2001,1A3D2,ABFLOW032,Coal,,,0.0
Cyprus,2001,1A3D2,ABFLOW032,Natural gas,,,0.0
Cyprus,2001,1A3D2,ABFLOW032,Oil,,,0.0
Cyprus,2001,1A3E1,ABFLOW033,Coal,,,0.0
Cyprus,2001,1A3E1,ABFLOW033,Natural gas,,,0.0
Cyprus,2001,1A3E1,ABFLOW033,Oil,,,0.0
Cyprus,2001,1A4A,ABFLOW035,Coal,,,0.0
Cyprus,2001,1A4A,ABFLOW035,Natural gas,,,0.0
Cyprus,2001,1A4A,ABFLOW035,Oil,,,0.0
Cyprus,2001,1A4B,ABFLOW034,Coal,,,0.0
Cyprus,2001,1A4B,ABFLOW034,Natural gas,,,0.0
Cyprus,2001,1A4B,ABFLOW034,Oil,,,0.0
Cyprus,2001,1A4C1,ABFLOW036,Coal,,,0.0
Cyprus,2001,1A4C1,ABFLOW036,Natural gas,,,0.0
Cyprus,2001,1A4C1,ABFLOW036,Oil,,,0.0
Cyprus,2001,1A4C2,ABFLOW037,Coal,,,0.0
Cyprus,2001,1A4C2,ABFLOW037,Natural gas,,,0.0
Cyprus,2001,1A4C2,ABFLOW037,Oil,,,0.0
Cyprus,2001,1A5,ABFLOW038,Coal,,,0.0
Cyprus,2001,1A5,ABFLOW038,Natural gas,,,0.0
Cyprus,2001,1A5,ABFLOW038,Oil,,,0.0
Cyprus,2002,1A,ABFLOW001,Coal,,,0.0
Cyprus,2002,1A,ABFLOW001,Natural gas,,,0.0
Cyprus,2002,1A,ABFLOW001,Oil,,,0.0
Cyprus,2002,1A1A,ABFLOW002,Coal,,,0.0
Cyprus,2002,1A1A,ABFLOW002,Natural gas,,,0.0
Cyprus,2002,1A1A,ABFLOW002,Oil,,,0.0
Cyprus,2002,1A1A1,ABFLOW003,Coal,,,0.0
Cyprus,2002,1A1A1,ABFLOW003,Natural gas,,,0.0
Cyprus,2002,1A1A1,ABFLOW003,Oil,,,0.0
Cyprus,2002,1A1A2,ABFLOW004,Coal,,,0.0
Cyprus,2002,1A1A2,ABFLOW004,Natural gas,,,0.0
Cyprus,2002,1A1A2,ABFLOW004,Oil,,,0.0
Cyprus,2002,1A1A3,ABFLOW005,Coal,,,0.0
Cyprus,2002,1A1A3,ABFLOW005,Natural gas,,,0.0
Cyprus,2002,1A1A3,ABFLOW005,Oil,,,0.0
Cyprus,2002,1A1B,ABFLOW011,Coal,,,0.0
Cyprus,2002,1A1B,ABFLOW011,Natural gas,,,0.0
Cyprus,2002,1A1B,ABFLOW011,Oil,,,0.0
Cyprus,2002,1A1C,ABFLOW011,Coal,,,0.0
Cyprus,2002,1A1C,ABFLOW011,Natural gas,,,0.0
Cyprus,2002,1A1C,ABFLOW011,Oil,,,0.0
Cyprus,2002,1A2,ABFLOW012,Coal,,,0.0
Cyprus,2002,1A2,ABFLOW012,Natural gas,,,0.0
Cyprus,2002,1A2,ABFLOW012,Oil,,,0.0
Cyprus,2002,1A2A,ABFLOW016,Coal,,,0.0
Cyprus,2002,1A2A,ABFLOW016,Natural gas,,,0.0
Cyprus,2002,1A2A,ABFLOW016,Oil,,,0.0
Cyprus,2002,1A2B,ABFLOW018,Coal,,,0.0
Cyprus,2002,1A2B,ABFLOW018,Natural gas,,,0.0
Cyprus,2002,1A2B,ABFLOW018,Oil,,,0.0
Cyprus,2002,1A2C,ABFLOW017,Coal,,,0.0
Cyprus,2002,1A2C,ABFLOW017,Natural gas,,,0.0
Cyprus,2002,1A2C,ABFLOW017,Oil,,,0.0
Cyprus,2002,1A2D,ABFLOW023,Coal,,,0.0
Cyprus,2002,1A2D,ABFLOW023,Natural gas,,,0.0
Cyprus,2002,1A2D,ABFLOW023,Oil,,,0.0
Cyprus,2002,1A2E,ABFLOW022,Coal,,,0.0
Cyprus,2002,1A2E,ABFLOW022,Natural gas,,,0.0
Cyprus,2002,1A2E,ABFLOW022,Oil,,,0.0
Cyprus,2002,1A2F,ABFLOW019,Coal,,,0.0
Cyprus,2002,1A2F,ABFLOW019,Natural gas,,,0.0
Cyprus,2002,1A2F,ABFLOW019,Oil,,,0.0
Cyprus,2002,1A2G,ABFLOW020,Coal,,,0.0
Cyprus,2002,1A2G,ABFLOW020,Natural gas,,,0.0
Cyprus,2002,1A2G,ABFLOW020,Oil,,,0.0
Cyprus,2002,1A2H,ABFLOW021,Coal,,,0.0
Cyprus,2002,1A2H,ABFLOW021,Natural gas,,,0.0
Cyprus,2002,1A2H,ABFLOW021,Oil,,,0.0
Cyprus,2002,1A2I,ABFLOW013,Coal,,,0.0
Cyprus,2002,1A2I,ABFLOW013,Natural gas,,,0.0
Cyprus,2002,1A2I,ABFLOW013,Oil,,,0.0
Cyprus,2002,1A2J,ABFLOW024,Coal,,,0.0
Cyprus,2002,1A2J,ABFLOW024,Natural gas,,,0.0
Cyprus,2002,1A2J,ABFLOW024,Oil,,,0.0
Cyprus,2002,1A2K,ABFLOW014,Coal,,,0.0
Cyprus,2002,1A2K,ABFLOW014,Natural gas,,,0.0
Cyprus,2002,1A2K,ABFLOW014,Oil,,,0.0
Cyprus,2002,1A2L,ABFLOW025,Coal,,,0.0
Cyprus,2002,1A2L,ABFLOW025,Natural gas,,,0.0
Cyprus,2002,1A2L,ABFLOW025,Oil,,,0.0
Cyprus,2002,1A2M,ABFLOW026,Coal,,,0.0
Cyprus,2002,1A2M,ABFLOW026,Natural gas,,,0.0
Cyprus,2002,1A2M,ABFLOW026,Oil,,,0.0
Cyprus,2002,1A3,ABFLOW027,Coal,,,0.0
Cyprus,2002,1A3,ABFLOW027,Natural gas,,,0.0
Cyprus,2002,1A3,ABFLOW027,Oil,,,0.0
Cyprus,2002,1A3A1,ABFLOW040,Coal,,,0.0
Cyprus,2002,1A3A1,ABFLOW040,Natural gas,,,0.0
Cyprus,2002,1A3A1,ABFLOW040,Oil,,,0.0
Cyprus,2002,1A3A2,ABFLOW029,Coal,,,0.0
Cyprus,2002,1A3A2,ABFLOW029,Natural gas,,,0.0
Cyprus,2002,1A3A2,ABFLOW029,Oil,,,0.0
Cyprus,2002,1A3B,ABFLOW028,Coal,,,0.0
Cyprus,2002,1A3B,ABFLOW028,Natural gas,,,0.0
Cyprus,2002,1A3B,ABFLOW028,Oil,,,0.0
Cyprus,2002,1A3C,ABFLOW030,Coal,,,0.0
Cyprus,2002,1A3C,ABFLOW030,Natural gas,,,0.0
Cyprus,2002,1A3C,ABFLOW030,Oil,,,0.0
Cyprus,2002,1A3D1,ABFLOW039,Coal,,,0.0
Cyprus,2002,1A3D1,ABFLOW039,Natural gas,,,0.0
Cyprus,2002,1A3D1,ABFLOW039,Oil,,,0.0
Cyprus,2002,1A3D2,ABFLOW032,Coal,,,0.0
Cyprus,2002,1A3D2,ABFLOW032,Natural gas,,,0.0
Cyprus,2002,1A3D2,ABFLOW032,Oil,,,0.0
Cyprus,2002,1A3E1,ABFLOW033,Coal,,,0.0
Cyprus,2002,1A3E1,ABFLOW033,Natural gas,,,0.0
Cyprus,2002,1A3E1,ABFLOW033,Oil,,,0.0
Cyprus,2002,1A4A,ABFLOW035,Coal,,,0.0
Cyprus,2002,1A4A,ABFLOW035,Natural gas,,,0.0
Cyprus,2002,1A4A,ABFLOW035,Oil,,,0.0
Cyprus,2002,1A4B,ABFLOW034,Coal,,,0.0
Cyprus,2002,1A4B,ABFLOW034,Natural gas,,,0.0
Cyprus,2002,1A4B,ABFLOW034,Oil,,,0.0
Cyprus,2002,1A4C1,ABFLOW036,Coal,,,0.0
Cyprus,2002,1A4C1,ABFLOW036,Natural gas,,,0.0
Cyprus,2002,1A4C1,ABFLOW036,Oil,,,0.0
Cyprus,2002,1A4C2,ABFLOW037,Coal,,,0.0
Cyprus,2002,1A4C2,ABFLOW037,Natural gas,,,0.0
Cyprus,2002,1A4C2,ABFLOW037,Oil,,,0.0
Cyprus,2002,1A5,ABFLOW038,Coal,,,0.0
Cyprus,2002,1A5,ABFLOW038,Natural gas,,,0.0
Cyprus,2002,1A5,ABFLOW038,Oil,,,0.0
Cyprus,2003,1A,ABFLOW001,Coal,,,0.0
Cyprus,2003,1A,ABFLOW001,Natural gas,,,0.0
Cyprus,2003,1A,ABFLOW001,Oil,,,0.0
Cyprus,2003,1A1A,ABFLOW002,Coal,,,0.0
Cyprus,2003,1A1A,ABFLOW002,Natural gas,,,0.0
Cyprus,2003,1A1A,ABFLOW002,Oil,,,0.0
Cyprus,2003,1A1A1,ABFLOW003,Coal,,,0.0
Cyprus,2003,1A1A1,ABFLOW003,Natural gas,,,0.0
Cyprus,2003,1A1A1,ABFLOW003,Oil,,,0.0
Cyprus,2003,1A1A2,ABFLOW004,Coal,,,0.0
Cyprus,2003,1A1A2,ABFLOW004,Natural gas,,,0.0
Cyprus,2003,1A1A2,ABFLOW004,Oil,,,0.0
Cyprus,2003,1A1A3,ABFLOW005,Coal,,,0.0
Cyprus,2003,1A1A3,ABFLOW005,Natural gas,,,0.0
Cyprus,2003,1A1A3,ABFLOW005,Oil,,,0.0
Cyprus,2003,1A1B,ABFLOW011,Coal,,,0.0
Cyprus,2003,1A1B,ABFLOW011,Natural gas,,,0.0
Cyprus,2003,1A1B,ABFLOW011,Oil,,,0.0
Cyprus,2003,1A1C,ABFLOW011,Coal,,,0.0
Cyprus,2003,1A1C,ABFLOW011,Natural gas,,,0.0
Cyprus,2003,1A1C,ABFLOW011,Oil,,,0.0
Cyprus,2003,1A2,ABFLOW012,Coal,,,0.0
Cyprus,2003,1A2,ABFLOW012,Natural gas,,,0.0
Cyprus,2003,1A2,ABFLOW012,Oil,,,0.0
Cyprus,2003,1A2A,ABFLOW016,Coal,,,0.0
Cyprus,2003,1A2A,ABFLOW016,Natural gas,,,0.0
Cyprus,2003,1A2A,ABFLOW016,Oil,,,0.0
Cyprus,2003,1A2B,ABFLOW018,Coal,,,0.0
Cyprus,2003,1A2B,ABFLOW018,Natural gas,,,0.0
Cyprus,2003,1A2B,ABFLOW018,Oil,,,0.0
Cyprus,2003,1A2C,ABFLOW017,Coal,,,0.0
Cyprus,2003,1A2C,ABFLOW017,Natural gas,,,0.0
Cyprus,2003,1A2C,ABFLOW017,Oil,,,0.0
Cyprus,2003,1A2D,ABFLOW023,Coal,,,0.0
Cyprus,2003,1A2D,ABFLOW023,Natural gas,,,0.0
Cyprus,2003,1A2D,ABFLOW023,Oil,,,0.0
Cyprus,2003,1A2E,ABFLOW022,Coal,,,0.0
Cyprus,2003,1A2E,ABFLOW022,Natural gas,,,0.0
Cyprus,2003,1A2E,ABFLOW022,Oil,,,0.0
Cyprus,2003,1A2F,ABFLOW019,Coal,,,0.0
Cyprus,2003,1A2F,ABFLOW019,Natural gas,,,0.0
Cyprus,2003,1A2F,ABFLOW019,Oil,,,0.0
Cyprus,2003,1A2G,ABFLOW020,Coal,,,0.0
Cyprus,2003,1A2G,ABFLOW020,Natural gas,,,0.0
Cyprus,2003,1A2G,ABFLOW020,Oil,,,0.0
Cyprus,2003,1A2H,ABFLOW021,Coal,,,0.0
Cyprus,2003,1A2H,ABFLOW021,Natural gas,,,0.0
Cyprus,2003,1A2H,ABFLOW021,Oil,,,0.0
Cyprus,2003,1A2I,ABFLOW013,Coal,,,0.0
Cyprus,2003,1A2I,ABFLOW013,Natural gas,,,0.0
Cyprus,2003,1A2I,ABFLOW013,Oil,,,0.0
Cyprus,2003,1A2J,ABFLOW024,Coal,,,0.0
Cyprus,2003,1A2J,ABFLOW024,Natural gas,,,0.0
Cyprus,2003,1A2J,ABFLOW024,Oil,,,0.0
Cyprus,2003,1A2K,ABFLOW014,Coal,,,0.0
Cyprus,2003,1A2K,ABFLOW014,Natural gas,,,0.0
Cyprus,2003,1A2K,ABFLOW014,Oil,,,0.0
Cyprus,2003,1A2L,ABFLOW025,Coal,,,0.0
Cyprus,2003,1A2L,ABFLOW025,Natural gas,,,0.0
Cyprus,2003,1A2L,ABFLOW025,Oil,,,0.0
Cyprus,2003,1A2M,ABFLOW026,Coal,,,0.0
Cyprus,2003,1A2M,ABFLOW026,Natural gas,,,0.0
Cyprus,2003,1A2M,ABFLOW026,Oil,,,0.0
Cyprus,2003,1A3,ABFLOW027,Coal,,,0.0
Cyprus,2003,1A3,ABFLOW027,Natural gas,,,0.0
Cyprus,2003,1A3,ABFLOW027,Oil,,,0.0
Cyprus,2003,1A3A1,ABFLOW040,Coal,,,0.0
Cyprus,2003,1A3A1,ABFLOW040,Natural gas,,,0.0
Cyprus,2003,1A3A1,ABFLOW040,Oil,,,0.0
Cyprus,2003,1A3A2,ABFLOW029,Coal,,,0.0
Cyprus,2003,1A3A2,ABFLOW029,Natural gas,,,0.0
Cyprus,2003,1A3A2,ABFLOW029,Oil,,,0.0
Cyprus,2003,1A3B,ABFLOW028,Coal,,,0.0
Cyprus,2003,1A3B,ABFLOW028,Natural gas,,,0.0
Cyprus,2003,1A3B,ABFLOW028,Oil,,,0.0
Cyprus,2003,1A3C,ABFLOW030,Coal,,,0.0
Cyprus,2003,1A3C,ABFLOW030,Natural gas,,,0.0
Cyprus,2003,1A3C,ABFLOW030,Oil,,,0.0
Cyprus,2003,1A3D1,ABFLOW039,Coal,,,0.0
Cyprus,2003,1A3D1,ABFLOW039,Natural gas,,,0.0
Cyprus,2003,1A3D1,ABFLOW039,Oil,,,0.0
Cyprus,2003,1A3D2,ABFLOW032,Coal,,,0.0
Cyprus,2003,1A3D2,ABFLOW032,Natural gas,,,0.0
Cyprus,2003,1A3D2,ABFLOW032,Oil,,,0.0
Cyprus,2003,1A3E1,ABFLOW033,Coal,,,0.0
Cyprus,2003,1A3E1,ABFLOW033,Natural gas,,,0.0
Cyprus,2003,1A3E1,ABFLOW033,Oil,,,0.0
Cyprus,2003,1A4A,ABFLOW035,Coal,,,0.0
Cyprus,2003,1A4A,ABFLOW035,Natural gas,,,0.0
Cyprus,2003,1A4A,ABFLOW035,Oil,,,0.0
Cyprus,2003,1A4B,ABFLOW034,Coal,,,0.0
Cyprus,2003,1A4B,ABFLOW034,Natural gas,,,0.0
Cyprus,2003,1A4B,ABFLOW034,Oil,,,0.0
Cyprus,2003,1A4C1,ABFLOW036,Coal,,,0.0
Cyprus,2003,1A4C1,ABFLOW036,Natural gas,,,0.0
Cyprus,2003,1A4C1,ABFLOW036,Oil,,,0.0
Cyprus,2003,1A4C2,ABFLOW037,Coal,,,0.0
Cyprus,2003,1A4C2,ABFLOW037,Natural gas,,,0.0
Cyprus,2003,1A4C2,ABFLOW037,Oil,,,0.0
Cyprus,2003,1A5,ABFLOW038,Coal,,,0.0
Cyprus,2003,1A5,ABFLOW038,Natural gas,,,0.0
Cyprus,2003,1A5,ABFLOW038,Oil,,,0.0
Cyprus,2004,1A,ABFLOW001,Coal,,,0.0
Cyprus,2004,1A,ABFLOW001,Natural gas,,,0.0
Cyprus,2004,1A,ABFLOW001,Oil,,,0.0
Cyprus,2004,1A1A,ABFLOW002,Coal,,,0.0
Cyprus,2004,1A1A,ABFLOW002,Natural gas,,,0.0
Cyprus,2004,1A1A,ABFLOW002,Oil,,,0.0
Cyprus,2004,1A1A1,ABFLOW003,Coal,,,0.0
Cyprus,2004,1A1A1,ABFLOW003,Natural gas,,,0.0
Cyprus,2004,1A1A1,ABFLOW003,Oil,,,0.0
Cyprus,2004,1A1A2,ABFLOW004,Coal,,,0.0
Cyprus,2004,1A1A2,ABFLOW004,Natural gas,,,0.0
Cyprus,2004,1A1A2,ABFLOW004,Oil,,,0.0
Cyprus,2004,1A1A3,ABFLOW005,Coal,,,0.0
Cyprus,2004,1A1A3,ABFLOW005,Natural gas,,,0.0
Cyprus,2004,1A1A3,ABFLOW005,Oil,,,0.0
Cyprus,2004,1A1B,ABFLOW011,Coal,,,0.0
Cyprus,2004,1A1B,ABFLOW011,Natural gas,,,0.0
Cyprus,2004,1A1B,ABFLOW011,Oil,,,0.0
Cyprus,2004,1A1C,ABFLOW011,Coal,,,0.0
Cyprus,2004,1A1C,ABFLOW011,Natural gas,,,0.0
Cyprus,2004,1A1C,ABFLOW011,Oil,,,0.0
Cyprus,2004,1A2,ABFLOW012,Coal,,,0.0
Cyprus,2004,1A2,ABFLOW012,Natural gas,,,0.0
Cyprus,2004,1A2,ABFLOW012,Oil,,,0.0
Cyprus,2004,1A2A,ABFLOW016,Coal,,,0.0
Cyprus,2004,1A2A,ABFLOW016,Natural gas,,,0.0
Cyprus,2004,1A2A,ABFLOW016,Oil,,,0.0
Cyprus,2004,1A2B,ABFLOW018,Coal,,,0.0
Cyprus,2004,1A2B,ABFLOW018,Natural gas,,,0.0
Cyprus,2004,1A2B,ABFLOW018,Oil,,,0.0
Cyprus,2004,1A2C,ABFLOW017,Coal,,,0.0
Cyprus,2004,1A2C,ABFLOW017,Natural gas,,,0.0
Cyprus,2004,1A2C,ABFLOW017,Oil,,,0.0
Cyprus,2004,1A2D,ABFLOW023,Coal,,,0.0
Cyprus,2004,1A2D,ABFLOW023,Natural gas,,,0.0
Cyprus,2004,1A2D,ABFLOW023,Oil,,,0.0
Cyprus,2004,1A2E,ABFLOW022,Coal,,,0.0
Cyprus,2004,1A2E,ABFLOW022,Natural gas,,,0.0
Cyprus,2004,1A2E,ABFLOW022,Oil,,,0.0
Cyprus,2004,1A2F,ABFLOW019,Coal,,,0.0
Cyprus,2004,1A2F,ABFLOW019,Natural gas,,,0.0
Cyprus,2004,1A2F,ABFLOW019,Oil,,,0.0
Cyprus,2004,1A2G,ABFLOW020,Coal,,,0.0
Cyprus,2004,1A2G,ABFLOW020,Natural gas,,,0.0
Cyprus,2004,1A2G,ABFLOW020,Oil,,,0.0
Cyprus,2004,1A2H,ABFLOW021,Coal,,,0.0
Cyprus,2004,1A2H,ABFLOW021,Natural gas,,,0.0
Cyprus,2004,1A2H,ABFLOW021,Oil,,,0.0
Cyprus,2004,1A2I,ABFLOW013,Coal,,,0.0
Cyprus,2004,1A2I,ABFLOW013,Natural gas,,,0.0
Cyprus,2004,1A2I,ABFLOW013,Oil,,,0.0
Cyprus,2004,1A2J,ABFLOW024,Coal,,,0.0
Cyprus,2004,1A2J,ABFLOW024,Natural gas,,,0.0
Cyprus,2004,1A2J,ABFLOW024,Oil,,,0.0
Cyprus,2004,1A2K,ABFLOW014,Coal,,,0.0
Cyprus,2004,1A2K,ABFLOW014,Natural gas,,,0.0
Cyprus,2004,1A2K,ABFLOW014,Oil,,,0.0
Cyprus,2004,1A2L,ABFLOW025,Coal,,,0.0
Cyprus,2004,1A2L,ABFLOW025,Natural gas,,,0.0
Cyprus,2004,1A2L,ABFLOW025,Oil,,,0.0
Cyprus,2004,1A2M,ABFLOW026,Coal,,,0.0
Cyprus,2004,1A2M,ABFLOW026,Natural gas,,,0.0
Cyprus,2004,1A2M,ABFLOW026,Oil,,,0.0
Cyprus,2004,1A3,ABFLOW027,Coal,,,0.0
Cyprus,2004,1A3,ABFLOW027,Natural gas,,,0.0
Cyprus,2004,1A3,ABFLOW027,Oil,,,0.0
Cyprus,2004,1A3A1,ABFLOW040,Coal,,,0.0
Cyprus,2004,1A3A1,ABFLOW040,Natural gas,,,0.0
Cyprus,2004,1A3A1,ABFLOW040,Oil,,,0.0
Cyprus,2004,1A3A2,ABFLOW029,Coal,,,0.0
Cyprus,2004,1A3A2,ABFLOW029,Natural gas,,,0.0
Cyprus,2004,1A3A2,ABFLOW029,Oil,,,0.0
Cyprus,2004,1A3B,ABFLOW028,Coal,,,0.0
Cyprus,2004,1A3B,ABFLOW028,Natural gas,,,0.0
Cyprus,2004,1A3B,ABFLOW028,Oil,,,0.0
Cyprus,2004,1A3C,ABFLOW030,Coal,,,0.0
Cyprus,2004,1A3C,ABFLOW030,Natural gas,,,0.0
Cyprus,2004,1A3C,ABFLOW030,Oil,,,0.0
Cyprus,2004,1A3D1,ABFLOW039,Coal,,,0.0
Cyprus,2004,1A3D1,ABFLOW039,Natural gas,,,0.0
Cyprus,2004,1A3D1,ABFLOW039,Oil,,,0.0
Cyprus,2004,1A3D2,ABFLOW032,Coal,,,0.0
Cyprus,2004,1A3D2,ABFLOW032,Natural gas,,,0.0
Cyprus,2004,1A3D2,ABFLOW032,Oil,,,0.0
Cyprus,2004,1A3E1,ABFLOW033,Coal,,,0.0
Cyprus,2004,1A3E1,ABFLOW033,Natural gas,,,0.0
Cyprus,2004,1A3E1,ABFLOW033,Oil,,,0.0
Cyprus,2004,1A4A,ABFLOW035,Coal,,,0.0
Cyprus,2004,1A4A,ABFLOW035,Natural gas,,,0.0
Cyprus,2004,1A4A,ABFLOW035,Oil,,,0.0
Cyprus,2004,1A4B,ABFLOW034,Coal,,,0.0
Cyprus,2004,1A4B,ABFLOW034,Natural gas,,,0.0
Cyprus,2004,1A4B,ABFLOW034,Oil,,,0.0
Cyprus,2004,1A4C1,ABFLOW036,Coal,,,0.0
Cyprus,2004,1A4C1,ABFLOW036,Natural gas,,,0.0
Cyprus,2004,1A4C1,ABFLOW036,Oil,,,0.0
Cyprus,2004,1A4C2,ABFLOW037,Coal,,,0.0
Cyprus,2004,1A4C2,ABFLOW037,Natural gas,,,0.0
Cyprus,2004,1A4C2,ABFLOW037,Oil,,,0.0
Cyprus,2004,1A5,ABFLOW038,Coal,,,0.0
Cyprus,2004,1A5,ABFLOW038,Natural gas,,,0.0
Cyprus,2004,1A5,ABFLOW038,Oil,,,0.0
Cyprus,2005,1A,ABFLOW001,Coal,,,0.0
Cyprus,2005,1A,ABFLOW001,Natural gas,,,0.0
Cyprus,2005,1A,ABFLOW001,Oil,,,0.0
Cyprus,2005,1A1A,ABFLOW002,Coal,,,0.0
Cyprus,2005,1A1A,ABFLOW002,Natural gas,,,0.0
Cyprus,2005,1A1A,ABFLOW002,Oil,,,0.0
Cyprus,2005,1A1A1,ABFLOW003,Coal,28.372755050032385,,28.372755050032385
Cyprus,2005,1A1A1,ABFLOW003,Natural gas,28.372755050032385,,28.372755050032385
Cyprus,2005,1A1A1,ABFLOW003,Oil,28.372755050032385,,28.372755050032385
Cyprus,2005,1A1A2,ABFLOW004,Coal,28.372755050032385,,28.372755050032385
Cyprus,2005,1A1A2,ABFLOW004,Natural gas,28.372755050032385,,28.372755050032385
Cyprus,2005,1A1A2,ABFLOW004,Oil,28.372755050032385,,28.372755050032385
Cyprus,2005,1A1A3,ABFLOW005,Coal,28.372755050032385,,28.372755050032385
Cyprus,2005,1A1A3,ABFLOW005,Natural gas,28.372755050032385,,28.372755050032385
Cyprus,2005,1A1A3,ABFLOW005,Oil,28.372755050032385,,28.372755050032385
Cyprus,2005,1A1B,ABFLOW011,Coal,28.372755050032385,,28.372755050032385
Cyprus,2005,1A1B,ABFLOW011,Natural gas,28.372755050032385,,28.372755050032385
Cyprus,2005,1A1B,ABFLOW011,Oil,28.372755050032385,,28.372755050032385
Cyprus,2005,1A1C,ABFLOW011,Coal,28.372755050032385,,28.372755050032385
Cyprus,2005,1A1C,ABFLOW011,Natural gas,28.372755050032385,,28.372755050032385
Cyprus,2005,1A1C,ABFLOW011,Oil,28.372755050032385,,28.372755050032385
Cyprus,2005,1A2,ABFLOW012,Coal,,,0.0
Cyprus,2005,1A2,ABFLOW012,Natural gas,,,0.0
Cyprus,2005,1A2,ABFLOW012,Oil,,,0.0
Cyprus,2005,1A2A,ABFLOW016,Coal,28.372755050032385,,28.372755050032385
Cyprus,2005,1A2A,ABFLOW016,Natural gas,28.372755050032385,,28.372755050032385
Cyprus,2005,1A2A,ABFLOW016,Oil,28.372755050032385,,28.372755050032385
Cyprus,2005,1A2B,ABFLOW018,Coal,28.372755050032385,,28.372755050032385
Cyprus,2005,1A2B,ABFLOW018,Natural gas,28.372755050032385,,28.372755050032385
Cyprus,2005,1A2B,ABFLOW018,Oil,28.372755050032385,,28.372755050032385
Cyprus,2005,1A2C,ABFLOW017,Coal,28.372755050032385,,28.372755050032385
Cyprus,2005,1A2C,ABFLOW017,Natural gas,28.372755050032385,,28.372755050032385
Cyprus,2005,1A2C,ABFLOW017,Oil,28.372755050032385,,28.372755050032385
Cyprus,2005,1A2D,ABFLOW023,Coal,28.372755050032385,,28.372755050032385
Cyprus,2005,1A2D,ABFLOW023,Natural gas,28.372755050032385,,28.372755050032385
Cyprus,2005,1A2D,ABFLOW023,Oil,28.372755050032385,,28.372755050032385
Cyprus,2005,1A2E,ABFLOW022,Coal,28.372755050032385,,28.372755050032385
Cyprus,2005,1A2E,ABFLOW022,Natural gas,28.372755050032385,,28.372755050032385
Cyprus,2005,1A2E,ABFLOW022,Oil,28.372755050032385,,28.372755050032385
Cyprus,2005,1A2F,ABFLOW019,Coal,28.372755050032385,,28.372755050032385
Cyprus,2005,1A2F,ABFLOW019,Natural gas,28.372755050032385,,28.372755050032385
Cyprus,2005,1A2F,ABFLOW019,Oil,28.372755050032385,,28.372755050032385
Cyprus,2005,1A2G,ABFLOW020,Coal,28.372755050032385,,28.372755050032385
Cyprus,2005,1A2G,ABFLOW020,Natural gas,28.372755050032385,,28.372755050032385
Cyprus,2005,1A2G,ABFLOW020,Oil,28.372755050032385,,28.372755050032385
Cyprus,2005,1A2H,ABFLOW021,Coal,28.372755050032385,,28.372755050032385
Cyprus,2005,1A2H,ABFLOW021,Natural gas,28.372755050032385,,28.372755050032385
Cyprus,2005,1A2H,ABFLOW021,Oil,28.372755050032385,,28.372755050032385
Cyprus,2005,1A2I,ABFLOW013,Coal,28.372755050032385,,28.372755050032385
Cyprus,2005,1A2I,ABFLOW013,Natural gas,28.372755050032385,,28.372755050032385
Cyprus,2005,1A2I,ABFLOW013,Oil,28.372755050032385,,28.372755050032385
Cyprus,2005,1A2J,ABFLOW024,Coal,28.372755050032385,,28.372755050032385
Cyprus,2005,1A2J,ABFLOW024,Natural gas,28.372755050032385,,28.372755050032385
Cyprus,2005,1A2J,ABFLOW024,Oil,28.372755050032385,,28.372755050032385
Cyprus,2005,1A2K,ABFLOW014,Coal,28.372755050032385,,28.372755050032385
Cyprus,2005,1A2K,ABFLOW014,Natural gas,28.372755050032385,,28.372755050032385
Cyprus,2005,1A2K,ABFLOW014,Oil,28.372755050032385,,28.372755050032385
Cyprus,2005,1A2L,ABFLOW025,Coal,28.372755050032385,,28.372755050032385
Cyprus,2005,1A2L,ABFLOW025,Natural gas,28.372755050032385,,28.372755050032385
Cyprus,2005,1A2L,ABFLOW025,Oil,28.372755050032385,,28.372755050032385
Cyprus,2005,1A2M,ABFLOW026,Coal,28.372755050032385,,28.372755050032385
Cyprus,2005,1A2M,ABFLOW026,Natural gas,28.372755050032385,,28.372755050032385
Cyprus,2005,1A2M,ABFLOW026,Oil,28.372755050032385,,28.372755050032385
Cyprus,2005,1A3,ABFLOW027,Coal,,,0.0
Cyprus,2005,1A3,ABFLOW027,Natural gas,,,0.0
Cyprus,2005,1A3,ABFLOW027,Oil,,,0.0
Cyprus,2005,1A3A1,ABFLOW040,Coal,,,0.0
Cyprus,2005,1A3A1,ABFLOW040,Natural gas,,,0.0
Cyprus,2005,1A3A1,ABFLOW040,Oil,,,0.0
Cyprus,2005,1A3A2,ABFLOW029,Coal,,,0.0
Cyprus,2005,1A3A2,ABFLOW029,Natural gas,,,0.0
Cyprus,2005,1A3A2,ABFLOW029,Oil,,,0.0
Cyprus,2005,1A3B,ABFLOW028,Coal,,,0.0
Cyprus,2005,1A3B,ABFLOW028,Natural gas,,,0.0
Cyprus,2005,1A3B,ABFLOW028,Oil,,,0.0
Cyprus,2005,1A3C,ABFLOW030,Coal,,,0.0
Cyprus,2005,1A3C,ABFLOW030,Natural gas,,,0.0
Cyprus,2005,1A3C,ABFLOW030,Oil,,,0.0
Cyprus,2005,1A3D1,ABFLOW039,Coal,,,0.0
Cyprus,2005,1A3D1,ABFLOW039,Natural gas,,,0.0
Cyprus,2005,1A3D1,ABFLOW039,Oil,,,0.0
Cyprus,2005,1A3D2,ABFLOW032,Coal,,,0.0
Cyprus,2005,1A3D2,ABFLOW032,Natural gas,,,0.0
Cyprus,2005,1A3D2,ABFLOW032,Oil,,,0.0
Cyprus,2005,1A3E1,ABFLOW033,Coal,,,0.0
Cyprus,2005,1A3E1,ABFLOW033,Natural gas,,,0.0
Cyprus,2005,1A3E1,ABFLOW033,Oil,,,0.0
Cyprus,2005,1A4A,ABFLOW035,Coal,,,0.0
Cyprus,2005,1A4A,ABFLOW035,Natural gas,,,0.0
Cyprus,2005,1A4A,ABFLOW035,Oil,,,0.0
Cyprus,2005,1A4B,ABFLOW034,Coal,,,0.0
Cyprus,2005,1A4B,ABFLOW034,Natural gas,,,0.0
Cyprus,2005,1A4B,ABFLOW034,Oil,,,0.0
Cyprus,2005,1A4C1,ABFLOW036,Coal,,,0.0
Cyprus,2005,1A4C1,ABFLOW036,Natural gas,,,0.0
Cyprus,2005,1A4C1,ABFLOW036,Oil,,,0.0
Cyprus,2005,1A4C2,ABFLOW037,Coal,,,0.0
Cyprus,2005,1A4C2,ABFLOW037,Natural gas,,,0.0
Cyprus,2005,1A4C2,ABFLOW037,Oil,,,0.0
Cyprus,2005,1A5,ABFLOW038,Coal,,,0.0
Cyprus,2005,1A5,ABFLOW038,Natural gas,,,0.0
Cyprus,2005,1A5,ABFLOW038,Oil,,,0.0
Cyprus,2006,1A,ABFLOW001,Coal,,,0.0
Cyprus,2006,1A,ABFLOW001,Natural gas,,,0.0
Cyprus,2006,1A,ABFLOW001,Oil,,,0.0
Cyprus,2006,1A1A,ABFLOW002,Coal,,,0.0
Cyprus,2006,1A1A,ABFLOW002,Natural gas,,,0.0
Cyprus,2006,1A1A,ABFLOW002,Oil,,,0.0
Cyprus,2006,1A1A1,ABFLOW003,Coal,23.031383294894436,,23.031383294894436
Cyprus,2006,1A1A1,ABFLOW003,Natural gas,23.031383294894436,,23.031383294894436
Cyprus,2006,1A1A1,ABFLOW003,Oil,23.031383294894436,,23.031383294894436
Cyprus,2006,1A1A2,ABFLOW004,Coal,23.031383294894436,,23.031383294894436
Cyprus,2006,1A1A2,ABFLOW004,Natural gas,23.031383294894436,,23.031383294894436
Cyprus,2006,1A1A2,ABFLOW004,Oil,23.031383294894436,,23.031383294894436
Cyprus,2006,1A1A3,ABFLOW005,Coal,23.031383294894436,,23.031383294894436
Cyprus,2006,1A1A3,ABFLOW005,Natural gas,23.031383294894436,,23.031383294894436
Cyprus,2006,1A1A3,ABFLOW005,Oil,23.031383294894436,,23.031383294894436
Cyprus,2006,1A1B,ABFLOW011,Coal,23.031383294894436,,23.031383294894436
Cyprus,2006,1A1B,ABFLOW011,Natural gas,23.031383294894436,,23.031383294894436
Cyprus,2006,1A1B,ABFLOW011,Oil,23.031383294894436,,23.031383294894436
Cyprus,2006,1A1C,ABFLOW011,Coal,23.031383294894436,,23.031383294894436
Cyprus,2006,1A1C,ABFLOW011,Natural gas,23.031383294894436,,23.031383294894436
Cyprus,2006,1A1C,ABFLOW011,Oil,23.031383294894436,,23.031383294894436
Cyprus,2006,1A2,ABFLOW012,Coal,,,0.0
Cyprus,2006,1A2,ABFLOW012,Natural gas,,,0.0
Cyprus,2006,1A2,ABFLOW012,Oil,,,0.0
Cyprus,2006,1A2A,ABFLOW016,Coal,23.031383294894436,,23.031383294894436
Cyprus,2006,1A2A,ABFLOW016,Natural gas,23.031383294894436,,23.031383294894436
Cyprus,2006,1A2A,ABFLOW016,Oil,23.031383294894436,,23.031383294894436
Cyprus,2006,1A2B,ABFLOW018,Coal,23.031383294894436,,23.031383294894436
Cyprus,2006,1A2B,ABFLOW018,Natural gas,23.031383294894436,,23.031383294894436
Cyprus,2006,1A2B,ABFLOW018,Oil,23.031383294894436,,23.031383294894436
Cyprus,2006,1A2C,ABFLOW017,Coal,23.031383294894436,,23.031383294894436
Cyprus,2006,1A2C,ABFLOW017,Natural gas,23.031383294894436,,23.031383294894436
Cyprus,2006,1A2C,ABFLOW017,Oil,23.031383294894436,,23.031383294894436
Cyprus,2006,1A2D,ABFLOW023,Coal,23.031383294894436,,23.031383294894436
Cyprus,2006,1A2D,ABFLOW023,Natural gas,23.031383294894436,,23.031383294894436
Cyprus,2006,1A2D,ABFLOW023,Oil,23.031383294894436,,23.031383294894436
Cyprus,2006,1A2E,ABFLOW022,Coal,23.031383294894436,,23.031383294894436
Cyprus,2006,1A2E,ABFLOW022,Natural gas,23.031383294894436,,23.031383294894436
Cyprus,2006,1A2E,ABFLOW022,Oil,23.031383294894436,,23.031383294894436
Cyprus,2006,1A2F,ABFLOW019,Coal,23.031383294894436,,23.031383294894436
Cyprus,2006,1A2F,ABFLOW019,Natural gas,23.031383294894436,,23.031383294894436
Cyprus,2006,1A2F,ABFLOW019,Oil,23.031383294894436,,23.031383294894436
Cyprus,2006,1A2G,ABFLOW020,Coal,23.031383294894436,,23.031383294894436
Cyprus,2006,1A2G,ABFLOW020,Natural gas,23.031383294894436,,23.031383294894436
Cyprus,2006,1A2G,ABFLOW020,Oil,23.031383294894436,,23.031383294894436
Cyprus,2006,1A2H,ABFLOW021,Coal,23.031383294894436,,23.031383294894436
Cyprus,2006,1A2H,ABFLOW021,Natural gas,23.031383294894436,,23.031383294894436
Cyprus,2006,1A2H,ABFLOW021,Oil,23.031383294894436,,23.031383294894436
Cyprus,2006,1A2I,ABFLOW013,Coal,23.031383294894436,,23.031383294894436
Cyprus,2006,1A2I,ABFLOW013,Natural gas,23.031383294894436,,23.031383294894436
Cyprus,2006,1A2I,ABFLOW013,Oil,23.031383294894436,,23.031383294894436
Cyprus,2006,1A2J,ABFLOW024,Coal,23.031383294894436,,23.031383294894436
Cyprus,2006,1A2J,ABFLOW024,Natural gas,23.031383294894436,,23.031383294894436
Cyprus,2006,1A2J,ABFLOW024,Oil,23.031383294894436,,23.031383294894436
Cyprus,2006,1A2K,ABFLOW014,Coal,23.031383294894436,,23.031383294894436
Cyprus,2006,1A2K,ABFLOW014,Natural gas,23.031383294894436,,23.031383294894436
Cyprus,2006,1A2K,ABFLOW014,Oil,23.031383294894436,,23.031383294894436
Cyprus,2006,1A2L,ABFLOW025,Coal,23.031383294894436,,23.031383294894436
Cyprus,2006,1A2L,ABFLOW025,Natural gas,23.031383294894436,,23.031383294894436
Cyprus,2006,1A2L,ABFLOW025,Oil,23.031383294894436,,23.031383294894436
Cyprus,2006,1A2M,ABFLOW026,Coal,23.031383294894436,,23.031383294894436
Cyprus,2006,1A2M,ABFLOW026,Natural gas,23.031383294894436,,23.031383294894436
Cyprus,2006,1A2M,ABFLOW026,Oil,23.031383294894436,,23.031383294894436
Cyprus,2006,1A3,ABFLOW027,Coal,,,0.0
Cyprus,2006,1A3,ABFLOW027,Natural gas,,,0.0
Cyprus,2006,1A3,ABFLOW027,Oil,,,0.0
Cyprus,2006,1A3A1,ABFLOW040,Coal,,,0.0
Cyprus,2006,1A3A1,ABFLOW040,Natural gas,,,0.0
Cyprus,2006,1A3A1,ABFLOW040,Oil,,,0.0
Cyprus,2006,1A3A2,ABFLOW029,Coal,,,0.0
Cyprus,2006,1A3A2,ABFLOW029,Natural gas,,,0.0
Cyprus,2006,1A3A2,ABFLOW029,Oil,,,0.0
Cyprus,2006,1A3B,ABFLOW028,Coal,,,0.0
Cyprus,2006,1A3B,ABFLOW028,Natural gas,,,0.0
Cyprus,2006,1A3B,ABFLOW028,Oil,,,0.0
Cyprus,2006,1A3C,ABFLOW030,Coal,,,0.0
Cyprus,2006,1A3C,ABFLOW030,Natural gas,,,0.0
Cyprus,2006,1A3C,ABFLOW030,Oil,,,0.0
Cyprus,2006,1A3D1,ABFLOW039,Coal,,,0.0
Cyprus,2006,1A3D1,ABFLOW039,Natural gas,,,0.0
Cyprus,2006,1A3D1,ABFLOW039,Oil,,,0.0
Cyprus,2006,1A3D2,ABFLOW032,Coal,,,0.0
Cyprus,2006,1A3D2,ABFLOW032,Natural gas,,,0.0
Cyprus,2006,1A3D2,ABFLOW032,Oil,,,0.0
Cyprus,2006,1A3E1,ABFLOW033,Coal,,,0.0
Cyprus,2006,1A3E1,ABFLOW033,Natural gas,,,0.0
Cyprus,2006,1A3E1,ABFLOW033,Oil,,,0.0
Cyprus,2006,1A4A,ABFLOW035,Coal,,,0.0
Cyprus,2006,1A4A,ABFLOW035,Natural gas,,,0.0
Cyprus,2006,1A4A,ABFLOW035,Oil,,,0.0
Cyprus,2006,1A4B,ABFLOW034,Coal,,,0.0
Cyprus,2006,1A4B,ABFLOW034,Natural gas,,,0.0
Cyprus,2006,1A4B,ABFLOW034,Oil,,,0.0
Cyprus,2006,1A4C1,ABFLOW036,Coal,,,0.0
Cyprus,2006,1A4C1,ABFLOW036,Natural gas,,,0.0
Cyprus,2006,1A4C1,ABFLOW036,Oil,,,0.0
Cyprus,2006,1A4C2,ABFLOW037,Coal,,,0.0
Cyprus,2006,1A4C2,ABFLOW037,Natural gas,,,0.0
Cyprus,2006,1A4C2,ABFLOW037,Oil,,,0.0
Cyprus,2006,1A5,ABFLOW038,Coal,,,0.0
Cyprus,2006,1A5,ABFLOW038,Natural gas,,,0.0
Cyprus,2006,1A5,ABFLOW038,Oil,,,0.0
Cyprus,2007,1A,ABFLOW001,Coal,,,0.0
Cyprus,2007,1A,ABFLOW001,Natural gas,,,0.0
Cyprus,2007,1A,ABFLOW001,Oil,,,0.0
Cyprus,2007,1A1A,ABFLOW002,Coal,,,0.0
Cyprus,2007,1A1A,ABFLOW002,Natural gas,,,0.0
Cyprus,2007,1A1A,ABFLOW002,Oil,,,0.0
Cyprus,2007,1A1A1,ABFLOW003,Coal,0.8422776656755562,,0.8422776656755562
Cyprus,2007,1A1A1,ABFLOW003,Natural gas,0.8422776656755562,,0.8422776656755562
Cyprus,2007,1A1A1,ABFLOW003,Oil,0.8422776656755562,,0.8422776656755562
Cyprus,2007,1A1A2,ABFLOW004,Coal,0.8422776656755562,,0.8422776656755562
Cyprus,2007,1A1A2,ABFLOW004,Natural gas,0.8422776656755562,,0.8422776656755562
Cyprus,2007,1A1A2,ABFLOW004,Oil,0.8422776656755562,,0.8422776656755562
Cyprus,2007,1A1A3,ABFLOW005,Coal,0.8422776656755562,,0.8422776656755562
Cyprus,2007,1A1A3,ABFLOW005,Natural gas,0.8422776656755562,,0.8422776656755562
Cyprus,2007,1A1A3,ABFLOW005,Oil,0.8422776656755562,,0.8422776656755562
Cyprus,2007,1A1B,ABFLOW011,Coal,0.8422776656755562,,0.8422776656755562
Cyprus,2007,1A1B,ABFLOW011,Natural gas,0.8422776656755562,,0.8422776656755562
Cyprus,2007,1A1B,ABFLOW011,Oil,0.8422776656755562,,0.8422776656755562
Cyprus,2007,1A1C,ABFLOW011,Coal,0.8422776656755562,,0.8422776656755562
Cyprus,2007,1A1C,ABFLOW011,Natural gas,0.8422776656755562,,0.8422776656755562
Cyprus,2007,1A1C,ABFLOW011,Oil,0.8422776656755562,,0.8422776656755562
Cyprus,2007,1A2,ABFLOW012,Coal,,,0.0
Cyprus,2007,1A2,ABFLOW012,Natural gas,,,0.0
Cyprus,2007,1A2,ABFLOW012,Oil,,,0.0
Cyprus,2007,1A2A,ABFLOW016,Coal,0.8422776656755562,,0.8422776656755562
Cyprus,2007,1A2A,ABFLOW016,Natural gas,0.8422776656755562,,0.8422776656755562
Cyprus,2007,1A2A,ABFLOW016,Oil,0.8422776656755562,,0.8422776656755562
Cyprus,2007,1A2B,ABFLOW018,Coal,0.8422776656755562,,0.8422776656755562
Cyprus,2007,1A2B,ABFLOW018,Natural gas,0.8422776656755562,,0.8422776656755562
Cyprus,2007,1A2B,ABFLOW018,Oil,0.8422776656755562,,0.8422776656755562
Cyprus,2007,1A2C,ABFLOW017,Coal,0.8422776656755562,,0.8422776656755562
Cyprus,2007,1A2C,ABFLOW017,Natural gas,0.8422776656755562,,0.8422776656755562
Cyprus,2007,1A2C,ABFLOW017,Oil,0.8422776656755562,,0.8422776656755562
Cyprus,2007,1A2D,ABFLOW023,Coal,0.8422776656755562,,0.8422776656755562
Cyprus,2007,1A2D,ABFLOW023,Natural gas,0.8422776656755562,,0.8422776656755562
Cyprus,2007,1A2D,ABFLOW023,Oil,0.8422776656755562,,0.8422776656755562
Cyprus,2007,1A2E,ABFLOW022,Coal,0.8422776656755562,,0.8422776656755562
Cyprus,2007,1A2E,ABFLOW022,Natural gas,0.8422776656755562,,0.8422776656755562
Cyprus,2007,1A2E,ABFLOW022,Oil,0.8422776656755562,,0.8422776656755562
Cyprus,2007,1A2F,ABFLOW019,Coal,0.8422776656755562,,0.8422776656755562
Cyprus,2007,1A2F,ABFLOW019,Natural gas,0.8422776656755562,,0.8422776656755562
Cyprus,2007,1A2F,ABFLOW019,Oil,0.8422776656755562,,0.8422776656755562
Cyprus,2007,1A2G,ABFLOW020,Coal,0.8422776656755562,,0.8422776656755562
Cyprus,2007,1A2G,ABFLOW020,Natural gas,0.8422776656755562,,0.8422776656755562
Cyprus,2007,1A2G,ABFLOW020,Oil,0.8422776656755562,,0.8422776656755562
Cyprus,2007,1A2H,ABFLOW021,Coal,0.8422776656755562,,0.8422776656755562
Cyprus,2007,1A2H,ABFLOW021,Natural gas,0.8422776656755562,,0.8422776656755562
Cyprus,2007,1A2H,ABFLOW021,Oil,0.8422776656755562,,0.8422776656755562
Cyprus,2007,1A2I,ABFLOW013,Coal,0.8422776656755562,,0.8422776656755562
Cyprus,2007,1A2I,ABFLOW013,Natural gas,0.8422776656755562,,0.8422776656755562
Cyprus,2007,1A2I,ABFLOW013,Oil,0.8422776656755562,,0.8422776656755562
Cyprus,2007,1A2J,ABFLOW024,Coal,0.8422776656755562,,0.8422776656755562
Cyprus,2007,1A2J,ABFLOW024,Natural gas,0.8422776656755562,,0.8422776656755562
Cyprus,2007,1A2J,ABFLOW024,Oil,0.8422776656755562,,0.8422776656755562
Cyprus,2007,1A2K,ABFLOW014,Coal,0.8422776656755562,,0.8422776656755562
Cyprus,2007,1A2K,ABFLOW014,Natural gas,0.8422776656755562,,0.8422776656755562
Cyprus,2007,1A2K,ABFLOW014,Oil,0.8422776656755562,,0.8422776656755562
Cyprus,2007,1A2L,ABFLOW025,Coal,0.8422776656755562,,0.8422776656755562
Cyprus,2007,1A2L,ABFLOW025,Natural gas,0.8422776656755562,,0.8422776656755562
Cyprus,2007,1A2L,ABFLOW025,Oil,0.8422776656755562,,0.8422776656755562
Cyprus,2007,1A2M,ABFLOW026,Coal,0.8422776656755562,,0.8422776656755562
Cyprus,2007,1A2M,ABFLOW026,Natural gas,0.8422776656755562,,0.8422776656755562
Cyprus,2007,1A2M,ABFLOW026,Oil,0.8422776656755562,,0.8422776656755562
Cyprus,2007,1A3,ABFLOW027,Coal,,,0.0
Cyprus,2007,1A3,ABFLOW027,Natural gas,,,0.0
Cyprus,2007,1A3,ABFLOW027,Oil,,,0.0
Cyprus,2007,1A3A1,ABFLOW040,Coal,,,0.0
Cyprus,2007,1A3A1,ABFLOW040,Natural gas,,,0.0
Cyprus,2007,1A3A1,ABFLOW040,Oil,,,0.0
Cyprus,2007,1A3A2,ABFLOW029,Coal,,,0.0
Cyprus,2007,1A3A2,ABFLOW029,Natural gas,,,0.0
Cyprus,2007,1A3A2,ABFLOW029,Oil,,,0.0
Cyprus,2007,1A3B,ABFLOW028,Coal,,,0.0
Cyprus,2007,1A3B,ABFLOW028,Natural gas,,,0.0
Cyprus,2007,1A3B,ABFLOW028,Oil,,,0.0
Cyprus,2007,1A3C,ABFLOW030,Coal,,,0.0
Cyprus,2007,1A3C,ABFLOW030,Natural gas,,,0.0
Cyprus,2007,1A3C,ABFLOW030,Oil,,,0.0
Cyprus,2007,1A3D1,ABFLOW039,Coal,,,0.0
Cyprus,2007,1A3D1,ABFLOW039,Natural gas,,,0.0
Cyprus,2007,1A3D1,ABFLOW039,Oil,,,0.0
Cyprus,2007,1A3D2,ABFLOW032,Coal,,,0.0
Cyprus,2007,1A3D2,ABFLOW032,Natural gas,,,0.0
Cyprus,2007,1A3D2,ABFLOW032,Oil,,,0.0
Cyprus,2007,1A3E1,ABFLOW033,Coal,,,0.0
Cyprus,2007,1A3E1,ABFLOW033,Natural gas,,,0.0
Cyprus,2007,1A3E1,ABFLOW033,Oil,,,0.0
Cyprus,2007,1A4A,ABFLOW035,Coal,,,0.0
Cyprus,2007,1A4A,ABFLOW035,Natural gas,,,0.0
Cyprus,2007,1A4A,ABFLOW035,Oil,,,0.0
Cyprus,2007,1A4B,ABFLOW034,Coal,,,0.0
Cyprus,2007,1A4B,ABFLOW034,Natural gas,,,0.0
Cyprus,2007,1A4B,ABFLOW034,Oil,,,0.0
Cyprus,2007,1A4C1,ABFLOW036,Coal,,,0.0
Cyprus,2007,1A4C1,ABFLOW036,Natural gas,,,0.0
Cyprus,2007,1A4C1,ABFLOW036,Oil,,,0.0
Cyprus,2007,1A4C2,ABFLOW037,Coal,,,0.0
Cyprus,2007,1A4C2,ABFLOW037,Natural gas,,,0.0
Cyprus,2007,1A4C2,ABFLOW037,Oil,,,0.0
Cyprus,2007,1A5,ABFLOW038,Coal,,,0.0
Cyprus,2007,1A5,ABFLOW038,Natural gas,,,0.0
Cyprus,2007,1A5,ABFLOW038,Oil,,,0.0
Cyprus,2008,1A,ABFLOW001,Coal,,,0.0
Cyprus,2008,1A,ABFLOW001,Natural gas,,,0.0
Cyprus,2008,1A,ABFLOW001,Oil,,,0.0
Cyprus,2008,1A1A,ABFLOW002,Coal,,,0.0
Cyprus,2008,1A1A,ABFLOW002,Natural gas,,,0.0
Cyprus,2008,1A1A,ABFLOW002,Oil,,,0.0
Cyprus,2008,1A1A1,ABFLOW003,Coal,21.177276167946506,,21.177276167946506
Cyprus,2008,1A1A1,ABFLOW003,Natural gas,21.177276167946506,,21.177276167946506
Cyprus,2008,1A1A1,ABFLOW003,Oil,21.177276167946506,,21.177276167946506
Cyprus,2008,1A1A2,ABFLOW004,Coal,21.177276167946506,,21.177276167946506
Cyprus,2008,1A1A2,ABFLOW004,Natural gas,21.177276167946506,,21.177276167946506
Cyprus,2008,1A1A2,ABFLOW004,Oil,21.177276167946506,,21.177276167946506
Cyprus,2008,1A1A3,ABFLOW005,Coal,21.177276167946506,,21.177276167946506
Cyprus,2008,1A1A3,ABFLOW005,Natural gas,21.177276167946506,,21.177276167946506
Cyprus,2008,1A1A3,ABFLOW005,Oil,21.177276167946506,,21.177276167946506
Cyprus,2008,1A1B,ABFLOW011,Coal,21.177276167946506,,21.177276167946506
Cyprus,2008,1A1B,ABFLOW011,Natural gas,21.177276167946506,,21.177276167946506
Cyprus,2008,1A1B,ABFLOW011,Oil,21.177276167946506,,21.177276167946506
Cyprus,2008,1A1C,ABFLOW011,Coal,21.177276167946506,,21.177276167946506
Cyprus,2008,1A1C,ABFLOW011,Natural gas,21.177276167946506,,21.177276167946506
Cyprus,2008,1A1C,ABFLOW011,Oil,21.177276167946506,,21.177276167946506
Cyprus,2008,1A2,ABFLOW012,Coal,,,0.0
Cyprus,2008,1A2,ABFLOW012,Natural gas,,,0.0
Cyprus,2008,1A2,ABFLOW012,Oil,,,0.0
Cyprus,2008,1A2A,ABFLOW016,Coal,21.177276167946506,,21.177276167946506
Cyprus,2008,1A2A,ABFLOW016,Natural gas,21.177276167946506,,21.177276167946506
Cyprus,2008,1A2A,ABFLOW016,Oil,21.177276167946506,,21.177276167946506
Cyprus,2008,1A2B,ABFLOW018,Coal,21.177276167946506,,21.177276167946506
Cyprus,2008,1A2B,ABFLOW018,Natural gas,21.177276167946506,,21.177276167946506
Cyprus,2008,1A2B,ABFLOW018,Oil,21.177276167946506,,21.177276167946506
Cyprus,2008,1A2C,ABFLOW017,Coal,21.177276167946506,,21.177276167946506
Cyprus,2008,1A2C,ABFLOW017,Natural gas,21.177276167946506,,21.177276167946506
Cyprus,2008,1A2C,ABFLOW017,Oil,21.177276167946506,,21.177276167946506
Cyprus,2008,1A2D,ABFLOW023,Coal,21.177276167946506,,21.177276167946506
Cyprus,2008,1A2D,ABFLOW023,Natural gas,21.177276167946506,,21.177276167946506
Cyprus,2008,1A2D,ABFLOW023,Oil,21.177276167946506,,21.177276167946506
Cyprus,2008,1A2E,ABFLOW022,Coal,21.177276167946506,,21.177276167946506
Cyprus,2008,1A2E,ABFLOW022,Natural gas,21.177276167946506,,21.177276167946506
Cyprus,2008,1A2E,ABFLOW022,Oil,21.177276167946506,,21.177276167946506
Cyprus,2008,1A2F,ABFLOW019,Coal,21.177276167946506,,21.177276167946506
Cyprus,2008,1A2F,ABFLOW019,Natural gas,21.177276167946506,,21.177276167946506
Cyprus,2008,1A2F,ABFLOW019,Oil,21.177276167946506,,21.177276167946506
Cyprus,2008,1A2G,ABFLOW020,Coal,21.177276167946506,,21.177276167946506
Cyprus,2008,1A2G,ABFLOW020,Natural gas,21.177276167946506,,21.177276167946506
Cyprus,2008,1A2G,ABFLOW020,Oil,21.177276167946506,,21.177276167946506
Cyprus,2008,1A2H,ABFLOW021,Coal,21.177276167946506,,21.177276167946506
Cyprus,2008,1A2H,ABFLOW021,Natural gas,21.177276167946506,,21.177276167946506
Cyprus,2008,1A2H,ABFLOW021,Oil,21.177276167946506,,21.177276167946506
Cyprus,2008,1A2I,ABFLOW013,Coal,21.177276167946506,,21.177276167946506
Cyprus,2008,1A2I,ABFLOW013,Natural gas,21.177276167946506,,21.177276167946506
Cyprus,2008,1A2I,ABFLOW013,Oil,21.177276167946506,,21.177276167946506
Cyprus,2008,1A2J,ABFLOW024,Coal,21.177276167946506,,21.177276167946506
Cyprus,2008,1A2J,ABFLOW024,Natural gas,21.177276167946506,,21.177276167946506
Cyprus,2008,1A2J,ABFLOW024,Oil,21.177276167946506,,21.177276167946506
Cyprus,2008,1A2K,ABFLOW014,Coal,21.177276167946506,,21.177276167946506
Cyprus,2008,1A2K,ABFLOW014,Natural gas,21.177276167946506,,21.177276167946506
Cyprus,2008,1A2K,ABFLOW014,Oil,21.177276167946506,,21.177276167946506
Cyprus,2008,1A2L,ABFLOW025,Coal,21.177276167946506,,21.177276167946506
Cyprus,2008,1A2L,ABFLOW025,Natural gas,21.177276167946506,,21.177276167946506
Cyprus,2008,1A2L,ABFLOW025,Oil,21.177276167946506,,21.177276167946506
Cyprus,2008,1A2M,ABFLOW026,Coal,21.177276167946506,,21.177276167946506
Cyprus,2008,1A2M,ABFLOW026,Natural gas,21.177276167946506,,21.177276167946506
Cyprus,2008,1A2M,ABFLOW026,Oil,21.177276167946506,,21.177276167946506
Cyprus,2008,1A3,ABFLOW027,Coal,,,0.0
Cyprus,2008,1A3,ABFLOW027,Natural gas,,,0.0
Cyprus,2008,1A3,ABFLOW027,Oil,,,0.0
Cyprus,2008,1A3A1,ABFLOW040,Coal,,,0.0
Cyprus,2008,1A3A1,ABFLOW040,Natural gas,,,0.0
Cyprus,2008,1A3A1,ABFLOW040,Oil,,,0.0
Cyprus,2008,1A3A2,ABFLOW029,Coal,,,0.0
Cyprus,2008,1A3A2,ABFLOW029,Natural gas,,,0.0
Cyprus,2008,1A3A2,ABFLOW029,Oil,,,0.0
Cyprus,2008,1A3B,ABFLOW028,Coal,,,0.0
Cyprus,2008,1A3B,ABFLOW028,Natural gas,,,0.0
Cyprus,2008,1A3B,ABFLOW028,Oil,,,0.0
Cyprus,2008,1A3C,ABFLOW030,Coal,,,0.0
Cyprus,2008,1A3C,ABFLOW030,Natural gas,,,0.0
Cyprus,2008,1A3C,ABFLOW030,Oil,,,0.0
Cyprus,2008,1A3D1,ABFLOW039,Coal,,,0.0
Cyprus,2008,1A3D1,ABFLOW039,Natural gas,,,0.0
Cyprus,2008,1A3D1,ABFLOW039,Oil,,,0.0
Cyprus,2008,1A3D2,ABFLOW032,Coal,,,0.0
Cyprus,2008,1A3D2,ABFLOW032,Natural gas,,,0.0
Cyprus,2008,1A3D2,ABFLOW032,Oil,,,0.0
Cyprus,2008,1A3E1,ABFLOW033,Coal,,,0.0
Cyprus,2008,1A3E1,ABFLOW033,Natural gas,,,0.0
Cyprus,2008,1A3E1,ABFLOW033,Oil,,,0.0
Cyprus,2008,1A4A,ABFLOW035,Coal,,,0.0
Cyprus,2008,1A4A,ABFLOW035,Natural gas,,,0.0
Cyprus,2008,1A4A,ABFLOW035,Oil,,,0.0
Cyprus,2008,1A4B,ABFLOW034,Coal,,,0.0
Cyprus,2008,1A4B,ABFLOW034,Natural gas,,,0.0
Cyprus,2008,1A4B,ABFLOW034,Oil,,,0.0
Cyprus,2008,1A4C1,ABFLOW036,Coal,,,0.0
Cyprus,2008,1A4C1,ABFLOW036,Natural gas,,,0.0
Cyprus,2008,1A4C1,ABFLOW036,Oil,,,0.0
Cyprus,2008,1A4C2,ABFLOW037,Coal,,,0.0
Cyprus,2008,1A4C2,ABFLOW037,Natural gas,,,0.0
Cyprus,2008,1A4C2,ABFLOW037,Oil,,,0.0
Cyprus,2008,1A5,ABFLOW038,Coal,,,0.0
Cyprus,2008,1A5,ABFLOW038,Natural gas,,,0.0
Cyprus,2008,1A5,ABFLOW038,Oil,,,0.0
Cyprus,2009,1A,ABFLOW001,Coal,,,0.0
Cyprus,2009,1A,ABFLOW001,Natural gas,,,0.0
Cyprus,2009,1A,ABFLOW001,Oil,,,0.0
Cyprus,2009,1A1A,ABFLOW002,Coal,,,0.0
Cyprus,2009,1A1A,ABFLOW002,Natural gas,,,0.0
Cyprus,2009,1A1A,ABFLOW002,Oil,,,0.0
Cyprus,2009,1A1A1,ABFLOW003,Coal,15.981039473462763,,15.981039473462763
Cyprus,2009,1A1A1,ABFLOW003,Natural gas,15.981039473462763,,15.981039473462763
Cyprus,2009,1A1A1,ABFLOW003,Oil,15.981039473462763,,15.981039473462763
Cyprus,2009,1A1A2,ABFLOW004,Coal,15.981039473462763,,15.981039473462763
Cyprus,2009,1A1A2,ABFLOW004,Natural gas,15.981039473462763,,15.981039473462763
Cyprus,2009,1A1A2,ABFLOW004,Oil,15.981039473462763,,15.981039473462763
Cyprus,2009,1A1A3,ABFLOW005,Coal,15.981039473462763,,15.981039473462763
Cyprus,2009,1A1A3,ABFLOW005,Natural gas,15.981039473462763,,15.981039473462763
Cyprus,2009,1A1A3,ABFLOW005,Oil,15.981039473462763,,15.981039473462763
Cyprus,2009,1A1B,ABFLOW011,Coal,15.981039473462763,,15.981039473462763
Cyprus,2009,1A1B,ABFLOW011,Natural gas,15.981039473462763,,15.981039473462763
Cyprus,2009,1A1B,ABFLOW011,Oil,15.981039473462763,,15.981039473462763
Cyprus,2009,1A1C,ABFLOW011,Coal,15.981039473462763,,15.981039473462763
Cyprus,2009,1A1C,ABFLOW011,Natural gas,15.981039473462763,,15.981039473462763
Cyprus,2009,1A1C,ABFLOW011,Oil,15.981039473462763,,15.981039473462763
Cyprus,2009,1A2,ABFLOW012,Coal,,,0.0
Cyprus,2009,1A2,ABFLOW012,Natural gas,,,0.0
Cyprus,2009,1A2,ABFLOW012,Oil,,,0.0
Cyprus,2009,1A2A,ABFLOW016,Coal,15.981039473462763,,15.981039473462763
Cyprus,2009,1A2A,ABFLOW016,Natural gas,15.981039473462763,,15.981039473462763
Cyprus,2009,1A2A,ABFLOW016,Oil,15.981039473462763,,15.981039473462763
Cyprus,2009,1A2B,ABFLOW018,Coal,15.981039473462763,,15.981039473462763
Cyprus,2009,1A2B,ABFLOW018,Natural gas,15.981039473462763,,15.981039473462763
Cyprus,2009,1A2B,ABFLOW018,Oil,15.981039473462763,,15.981039473462763
Cyprus,2009,1A2C,ABFLOW017,Coal,15.981039473462763,,15.981039473462763
Cyprus,2009,1A2C,ABFLOW017,Natural gas,15.981039473462763,,15.981039473462763
Cyprus,2009,1A2C,ABFLOW017,Oil,15.981039473462763,,15.981039473462763
Cyprus,2009,1A2D,ABFLOW023,Coal,15.981039473462763,,15.981039473462763
Cyprus,2009,1A2D,ABFLOW023,Natural gas,15.981039473462763,,15.981039473462763
Cyprus,2009,1A2D,ABFLOW023,Oil,15.981039473462763,,15.981039473462763
Cyprus,2009,1A2E,ABFLOW022,Coal,15.981039473462763,,15.981039473462763
Cyprus,2009,1A2E,ABFLOW022,Natural gas,15.981039473462763,,15.981039473462763
Cyprus,2009,1A2E,ABFLOW022,Oil,15.981039473462763,,15.981039473462763
Cyprus,2009,1A2F,ABFLOW019,Coal,15.981039473462763,,15.981039473462763
Cyprus,2009,1A2F,ABFLOW019,Natural gas,15.981039473462763,,15.981039473462763
Cyprus,2009,1A2F,ABFLOW019,Oil,15.981039473462763,,15.981039473462763
Cyprus,2009,1A2G,ABFLOW020,Coal,15.981039473462763,,15.981039473462763
Cyprus,2009,1A2G,ABFLOW020,Natural gas,15.981039473462763,,15.981039473462763
Cyprus,2009,1A2G,ABFLOW020,Oil,15.981039473462763,,15.981039473462763
Cyprus,2009,1A2H,ABFLOW021,Coal,15.981039473462763,,15.981039473462763
Cyprus,2009,1A2H,ABFLOW021,Natural gas,15.981039473462763,,15.981039473462763
Cyprus,2009,1A2H,ABFLOW021,Oil,15.981039473462763,,15.981039473462763
Cyprus,2009,1A2I,ABFLOW013,Coal,15.981039473462763,,15.981039473462763
Cyprus,2009,1A2I,ABFLOW013,Natural gas,15.981039473462763,,15.981039473462763
Cyprus,2009,1A2I,ABFLOW013,Oil,15.981039473462763,,15.981039473462763
Cyprus,2009,1A2J,ABFLOW024,Coal,15.981039473462763,,15.981039473462763
Cyprus,2009,1A2J,ABFLOW024,Natural gas,15.981039473462763,,15.981039473462763
Cyprus,2009,1A2J,ABFLOW024,Oil,15.981039473462763,,15.981039473462763
Cyprus,2009,1A2K,ABFLOW014,Coal,15.981039473462763,,15.981039473462763
Cyprus,2009,1A2K,ABFLOW014,Natural gas,15.981039473462763,,15.981039473462763
Cyprus,2009,1A2K,ABFLOW014,Oil,15.981039473462763,,15.981039473462763
Cyprus,2009,1A2L,ABFLOW025,Coal,15.981039473462763,,15.981039473462763
Cyprus,2009,1A2L,ABFLOW025,Natural gas,15.981039473462763,,15.981039473462763
Cyprus,2009,1A2L,ABFLOW025,Oil,15.981039473462763,,15.981039473462763
Cyprus,2009,1A2M,ABFLOW026,Coal,15.981039473462763,,15.981039473462763
Cyprus,2009,1A2M,ABFLOW026,Natural gas,15.981039473462763,,15.981039473462763
Cyprus,2009,1A2M,ABFLOW026,Oil,15.981039473462763,,15.981039473462763
Cyprus,2009,1A3,ABFLOW027,Coal,,,0.0
Cyprus,2009,1A3,ABFLOW027,Natural gas,,,0.0
Cyprus,2009,1A3,ABFLOW027,Oil,,,0.0
Cyprus,2009,1A3A1,ABFLOW040,Coal,,,0.0
Cyprus,2009,1A3A1,ABFLOW040,Natural gas,,,0.0
Cyprus,2009,1A3A1,ABFLOW040,Oil,,,0.0
Cyprus,2009,1A3A2,ABFLOW029,Coal,,,0.0
Cyprus,2009,1A3A2,ABFLOW029,Natural gas,,,0.0
Cyprus,2009,1A3A2,ABFLOW029,Oil,,,0.0
Cyprus,2009,1A3B,ABFLOW028,Coal,,,0.0
Cyprus,2009,1A3B,ABFLOW028,Natural gas,,,0.0
Cyprus,2009,1A3B,ABFLOW028,Oil,,,0.0
Cyprus,2009,1A3C,ABFLOW030,Coal,,,0.0
Cyprus,2009,1A3C,ABFLOW030,Natural gas,,,0.0
Cyprus,2009,1A3C,ABFLOW030,Oil,,,0.0
Cyprus,2009,1A3D1,ABFLOW039,Coal,,,0.0
Cyprus,2009,1A3D1,ABFLOW039,Natural gas,,,0.0
Cyprus,2009,1A3D1,ABFLOW039,Oil,,,0.0
Cyprus,2009,1A3D2,ABFLOW032,Coal,,,0.0
Cyprus,2009,1A3D2,ABFLOW032,Natural gas,,,0.0
Cyprus,2009,1A3D2,ABFLOW032,Oil,,,0.0
Cyprus,2009,1A3E1,ABFLOW033,Coal,,,0.0
Cyprus,2009,1A3E1,ABFLOW033,Natural gas,,,0.0
Cyprus,2009,1A3E1,ABFLOW033,Oil,,,0.0
Cyprus,2009,1A4A,ABFLOW035,Coal,,,0.0
Cyprus,2009,1A4A,ABFLOW035,Natural gas,,,0.0
Cyprus,2009,1A4A,ABFLOW035,Oil,,,0.0
Cyprus,2009,1A4B,ABFLOW034,Coal,,,0.0
Cyprus,2009,1A4B,ABFLOW034,Natural gas,,,0.0
Cyprus,2009,1A4B,ABFLOW034,Oil,,,0.0
Cyprus,2009,1A4C1,ABFLOW036,Coal,,,0.0
Cyprus,2009,1A4C1,ABFLOW036,Natural gas,,,0.0
Cyprus,2009,1A4C1,ABFLOW036,Oil,,,0.0
Cyprus,2009,1A4C2,ABFLOW037,Coal,,,0.0
Cyprus,2009,1A4C2,ABFLOW037,Natural gas,,,0.0
Cyprus,2009,1A4C2,ABFLOW037,Oil,,,0.0
Cyprus,2009,1A5,ABFLOW038,Coal,,,0.0
Cyprus,2009,1A5,ABFLOW038,Natural gas,,,0.0
Cyprus,2009,1A5,ABFLOW038,Oil,,,0.0
Cyprus,2010,1A,ABFLOW001,Coal,,,0.0
Cyprus,2010,1A,ABFLOW001,Natural gas,,,0.0
Cyprus,2010,1A,ABFLOW001,Oil,,,0.0
Cyprus,2010,1A1A,ABFLOW002,Coal,,,0.0
Cyprus,2010,1A1A,ABFLOW002,Natural gas,,,0.0
Cyprus,2010,1A1A,ABFLOW002,Oil,,,0.0
Cyprus,2010,1A1A1,ABFLOW003,Coal,17.105560372786897,,17.105560372786897
Cyprus,2010,1A1A1,ABFLOW003,Natural gas,17.105560372786897,,17.105560372786897
Cyprus,2010,1A1A1,ABFLOW003,Oil,17.105560372786897,,17.105560372786897
Cyprus,2010,1A1A2,ABFLOW004,Coal,17.105560372786897,,17.105560372786897
Cyprus,2010,1A1A2,ABFLOW004,Natural gas,17.105560372786897,,17.105560372786897
Cyprus,2010,1A1A2,ABFLOW004,Oil,17.105560372786897,,17.105560372786897
Cyprus,2010,1A1A3,ABFLOW005,Coal,17.105560372786897,,17.105560372786897
Cyprus,2010,1A1A3,ABFLOW005,Natural gas,17.105560372786897,,17.105560372786897
Cyprus,2010,1A1A3,ABFLOW005,Oil,17.105560372786897,,17.105560372786897
Cyprus,2010,1A1B,ABFLOW011,Coal,17.105560372786897,,17.105560372786897
Cyprus,2010,1A1B,ABFLOW011,Natural gas,17.105560372786897,,17.105560372786897
Cyprus,2010,1A1B,ABFLOW011,Oil,17.105560372786897,,17.105560372786897
Cyprus,2010,1A1C,ABFLOW011,Coal,17.105560372786897,,17.105560372786897
Cyprus,2010,1A1C,ABFLOW011,Natural gas,17.105560372786897,,17.105560372786897
Cyprus,2010,1A1C,ABFLOW011,Oil,17.105560372786897,,17.105560372786897
Cyprus,2010,1A2,ABFLOW012,Coal,,,0.0
Cyprus,2010,1A2,ABFLOW012,Natural gas,,,0.0
Cyprus,2010,1A2,ABFLOW012,Oil,,,0.0
Cyprus,2010,1A2A,ABFLOW016,Coal,17.105560372786897,,17.105560372786897
Cyprus,2010,1A2A,ABFLOW016,Natural gas,17.105560372786897,,17.105560372786897
Cyprus,2010,1A2A,ABFLOW016,Oil,17.105560372786897,,17.105560372786897
Cyprus,2010,1A2B,ABFLOW018,Coal,17.105560372786897,,17.105560372786897
Cyprus,2010,1A2B,ABFLOW018,Natural gas,17.105560372786897,,17.105560372786897
Cyprus,2010,1A2B,ABFLOW018,Oil,17.105560372786897,,17.105560372786897
Cyprus,2010,1A2C,ABFLOW017,Coal,17.105560372786897,,17.105560372786897
Cyprus,2010,1A2C,ABFLOW017,Natural gas,17.105560372786897,,17.105560372786897
Cyprus,2010,1A2C,ABFLOW017,Oil,17.105560372786897,,17.105560372786897
Cyprus,2010,1A2D,ABFLOW023,Coal,17.105560372786897,,17.105560372786897
Cyprus,2010,1A2D,ABFLOW023,Natural gas,17.105560372786897,,17.105560372786897
Cyprus,2010,1A2D,ABFLOW023,Oil,17.105560372786897,,17.105560372786897
Cyprus,2010,1A2E,ABFLOW022,Coal,17.105560372786897,,17.105560372786897
Cyprus,2010,1A2E,ABFLOW022,Natural gas,17.105560372786897,,17.105560372786897
Cyprus,2010,1A2E,ABFLOW022,Oil,17.105560372786897,,17.105560372786897
Cyprus,2010,1A2F,ABFLOW019,Coal,17.105560372786897,,17.105560372786897
Cyprus,2010,1A2F,ABFLOW019,Natural gas,17.105560372786897,,17.105560372786897
Cyprus,2010,1A2F,ABFLOW019,Oil,17.105560372786897,,17.105560372786897
Cyprus,2010,1A2G,ABFLOW020,Coal,17.105560372786897,,17.105560372786897
Cyprus,2010,1A2G,ABFLOW020,Natural gas,17.105560372786897,,17.105560372786897
Cyprus,2010,1A2G,ABFLOW020,Oil,17.105560372786897,,17.105560372786897
Cyprus,2010,1A2H,ABFLOW021,Coal,17.105560372786897,,17.105560372786897
Cyprus,2010,1A2H,ABFLOW021,Natural gas,17.105560372786897,,17.105560372786897
Cyprus,2010,1A2H,ABFLOW021,Oil,17.105560372786897,,17.105560372786897
Cyprus,2010,1A2I,ABFLOW013,Coal,17.105560372786897,,17.105560372786897
Cyprus,2010,1A2I,ABFLOW013,Natural gas,17.105560372786897,,17.105560372786897
Cyprus,2010,1A2I,ABFLOW013,Oil,17.105560372786897,,17.105560372786897
Cyprus,2010,1A2J,ABFLOW024,Coal,17.105560372786897,,17.105560372786897
Cyprus,2010,1A2J,ABFLOW024,Natural gas,17.105560372786897,,17.105560372786897
Cyprus,2010,1A2J,ABFLOW024,Oil,17.105560372786897,,17.105560372786897
Cyprus,2010,1A2K,ABFLOW014,Coal,17.105560372786897,,17.105560372786897
Cyprus,2010,1A2K,ABFLOW014,Natural gas,17.105560372786897,,17.105560372786897
Cyprus,2010,1A2K,ABFLOW014,Oil,17.105560372786897,,17.105560372786897
Cyprus,2010,1A2L,ABFLOW025,Coal,17.105560372786897,,17.105560372786897
Cyprus,2010,1A2L,ABFLOW025,Natural gas,17.105560372786897,,17.105560372786897
Cyprus,2010,1A2L,ABFLOW025,Oil,17.105560372786897,,17.105560372786897
Cyprus,2010,1A2M,ABFLOW026,Coal,17.105560372786897,,17.105560372786897
Cyprus,2010,1A2M,ABFLOW026,Natural gas,17.105560372786897,,17.105560372786897
Cyprus,2010,1A2M,ABFLOW026,Oil,17.105560372786897,,17.105560372786897
Cyprus,2010,1A3,ABFLOW027,Coal,,,0.0
Cyprus,2010,1A3,ABFLOW027,Natural gas,,,0.0
Cyprus,2010,1A3,ABFLOW027,Oil,,,0.0
Cyprus,2010,1A3A1,ABFLOW040,Coal,,,0.0
Cyprus,2010,1A3A1,ABFLOW040,Natural gas,,,0.0
Cyprus,2010,1A3A1,ABFLOW040,Oil,,,0.0
Cyprus,2010,1A3A2,ABFLOW029,Coal,,,0.0
Cyprus,2010,1A3A2,ABFLOW029,Natural gas,,,0.0
Cyprus,2010,1A3A2,ABFLOW029,Oil,,,0.0
Cyprus,2010,1A3B,ABFLOW028,Coal,,,0.0
Cyprus,2010,1A3B,ABFLOW028,Natural gas,,,0.0
Cyprus,2010,1A3B,ABFLOW028,Oil,,,0.0
Cyprus,2010,1A3C,ABFLOW030,Coal,,,0.0
Cyprus,2010,1A3C,ABFLOW030,Natural gas,,,0.0
Cyprus,2010,1A3C,ABFLOW030,Oil,,,0.0
Cyprus,2010,1A3D1,ABFLOW039,Coal,,,0.0
Cyprus,2010,1A3D1,ABFLOW039,Natural gas,,,0.0
Cyprus,2010,1A3D1,ABFLOW039,Oil,,,0.0
Cyprus,2010,1A3D2,ABFLOW032,Coal,,,0.0
Cyprus,2010,1A3D2,ABFLOW032,Natural gas,,,0.0
Cyprus,2010,1A3D2,ABFLOW032,Oil,,,0.0
Cyprus,2010,1A3E1,ABFLOW033,Coal,,,0.0
Cyprus,2010,1A3E1,ABFLOW033,Natural gas,,,0.0
Cyprus,2010,1A3E1,ABFLOW033,Oil,,,0.0
Cyprus,2010,1A4A,ABFLOW035,Coal,,,0.0
Cyprus,2010,1A4A,ABFLOW035,Natural gas,,,0.0
Cyprus,2010,1A4A,ABFLOW035,Oil,,,0.0
Cyprus,2010,1A4B,ABFLOW034,Coal,,,0.0
Cyprus,2010,1A4B,ABFLOW034,Natural gas,,,0.0
Cyprus,2010,1A4B,ABFLOW034,Oil,,,0.0
Cyprus,2010,1A4C1,ABFLOW036,Coal,,,0.0
Cyprus,2010,1A4C1,ABFLOW036,Natural gas,,,0.0
Cyprus,2010,1A4C1,ABFLOW036,Oil,,,0.0
Cyprus,2010,1A4C2,ABFLOW037,Coal,,,0.0
Cyprus,2010,1A4C2,ABFLOW037,Natural gas,,,0.0
Cyprus,2010,1A4C2,ABFLOW037,Oil,,,0.0
Cyprus,2010,1A5,ABFLOW038,Coal,,,0.0
Cyprus,2010,1A5,ABFLOW038,Natural gas,,,0.0
Cyprus,2010,1A5,ABFLOW038,Oil,,,0.0
Cyprus,2011,1A,ABFLOW001,Coal,,,0.0
Cyprus,2011,1A,ABFLOW001,Natural gas,,,0.0
Cyprus,2011,1A,ABFLOW001,Oil,,,0.0
Cyprus,2011,1A1A,ABFLOW002,Coal,,,0.0
Cyprus,2011,1A1A,ABFLOW002,Natural gas,,,0.0
Cyprus,2011,1A1A,ABFLOW002,Oil,,,0.0
Cyprus,2011,1A1A1,ABFLOW003,Coal,15.190052382421824,,15.190052382421824
Cyprus,2011,1A1A1,ABFLOW003,Natural gas,15.190052382421824,,15.190052382421824
Cyprus,2011,1A1A1,ABFLOW003,Oil,15.190052382421824,,15.190052382421824
Cyprus,2011,1A1A2,ABFLOW004,Coal,15.190052382421824,,15.190052382421824
Cyprus,2011,1A1A2,ABFLOW004,Natural gas,15.190052382421824,,15.190052382421824
Cyprus,2011,1A1A2,ABFLOW004,Oil,15.190052382421824,,15.190052382421824
Cyprus,2011,1A1A3,ABFLOW005,Coal,15.190052382421824,,15.190052382421824
Cyprus,2011,1A1A3,ABFLOW005,Natural gas,15.190052382421824,,15.190052382421824
Cyprus,2011,1A1A3,ABFLOW005,Oil,15.190052382421824,,15.190052382421824
Cyprus,2011,1A1B,ABFLOW011,Coal,15.190052382421824,,15.190052382421824
Cyprus,2011,1A1B,ABFLOW011,Natural gas,15.190052382421824,,15.190052382421824
Cyprus,2011,1A1B,ABFLOW011,Oil,15.190052382421824,,15.190052382421824
Cyprus,2011,1A1C,ABFLOW011,Coal,15.190052382421824,,15.190052382421824
Cyprus,2011,1A1C,ABFLOW011,Natural gas,15.190052382421824,,15.190052382421824
Cyprus,2011,1A1C,ABFLOW011,Oil,15.190052382421824,,15.190052382421824
Cyprus,2011,1A2,ABFLOW012,Coal,,,0.0
Cyprus,2011,1A2,ABFLOW012,Natural gas,,,0.0
Cyprus,2011,1A2,ABFLOW012,Oil,,,0.0
Cyprus,2011,1A2A,ABFLOW016,Coal,15.190052382421824,,15.190052382421824
Cyprus,2011,1A2A,ABFLOW016,Natural gas,15.190052382421824,,15.190052382421824
Cyprus,2011,1A2A,ABFLOW016,Oil,15.190052382421824,,15.190052382421824
Cyprus,2011,1A2B,ABFLOW018,Coal,15.190052382421824,,15.190052382421824
Cyprus,2011,1A2B,ABFLOW018,Natural gas,15.190052382421824,,15.190052382421824
Cyprus,2011,1A2B,ABFLOW018,Oil,15.190052382421824,,15.190052382421824
Cyprus,2011,1A2C,ABFLOW017,Coal,15.190052382421824,,15.190052382421824
Cyprus,2011,1A2C,ABFLOW017,Natural gas,15.190052382421824,,15.190052382421824
Cyprus,2011,1A2C,ABFLOW017,Oil,15.190052382421824,,15.190052382421824
Cyprus,2011,1A2D,ABFLOW023,Coal,15.190052382421824,,15.190052382421824
Cyprus,2011,1A2D,ABFLOW023,Natural gas,15.190052382421824,,15.190052382421824
Cyprus,2011,1A2D,ABFLOW023,Oil,15.190052382421824,,15.190052382421824
Cyprus,2011,1A2E,ABFLOW022,Coal,15.190052382421824,,15.190052382421824
Cyprus,2011,1A2E,ABFLOW022,Natural gas,15.190052382421824,,15.190052382421824
Cyprus,2011,1A2E,ABFLOW022,Oil,15.190052382421824,,15.190052382421824
Cyprus,2011,1A2F,ABFLOW019,Coal,15.190052382421824,,15.190052382421824
Cyprus,2011,1A2F,ABFLOW019,Natural gas,15.190052382421824,,15.190052382421824
Cyprus,2011,1A2F,ABFLOW019,Oil,15.190052382421824,,15.190052382421824
Cyprus,2011,1A2G,ABFLOW020,Coal,15.190052382421824,,15.190052382421824
Cyprus,2011,1A2G,ABFLOW020,Natural gas,15.190052382421824,,15.190052382421824
Cyprus,2011,1A2G,ABFLOW020,Oil,15.190052382421824,,15.190052382421824
Cyprus,2011,1A2H,ABFLOW021,Coal,15.190052382421824,,15.190052382421824
Cyprus,2011,1A2H,ABFLOW021,Natural gas,15.190052382421824,,15.190052382421824
Cyprus,2011,1A2H,ABFLOW021,Oil,15.190052382421824,,15.190052382421824
Cyprus,2011,1A2I,ABFLOW013,Coal,15.190052382421824,,15.190052382421824
Cyprus,2011,1A2I,ABFLOW013,Natural gas,15.190052382421824,,15.190052382421824
Cyprus,2011,1A2I,ABFLOW013,Oil,15.190052382421824,,15.190052382421824
Cyprus,2011,1A2J,ABFLOW024,Coal,15.190052382421824,,15.190052382421824
Cyprus,2011,1A2J,ABFLOW024,Natural gas,15.190052382421824,,15.190052382421824
Cyprus,2011,1A2J,ABFLOW024,Oil,15.190052382421824,,15.190052382421824
Cyprus,2011,1A2K,ABFLOW014,Coal,15.190052382421824,,15.190052382421824
Cyprus,2011,1A2K,ABFLOW014,Natural gas,15.190052382421824,,15.190052382421824
Cyprus,2011,1A2K,ABFLOW014,Oil,15.190052382421824,,15.190052382421824
Cyprus,2011,1A2L,ABFLOW025,Coal,15.190052382421824,,15.190052382421824
Cyprus,2011,1A2L,ABFLOW025,Natural gas,15.190052382421824,,15.190052382421824
Cyprus,2011,1A2L,ABFLOW025,Oil,15.190052382421824,,15.190052382421824
Cyprus,2011,1A2M,ABFLOW026,Coal,15.190052382421824,,15.190052382421824
Cyprus,2011,1A2M,ABFLOW026,Natural gas,15.190052382421824,,15.190052382421824
Cyprus,2011,1A2M,ABFLOW026,Oil,15.190052382421824,,15.190052382421824
Cyprus,2011,1A3,ABFLOW027,Coal,,,0.0
Cyprus,2011,1A3,ABFLOW027,Natural gas,,,0.0
Cyprus,2011,1A3,ABFLOW027,Oil,,,0.0
Cyprus,2011,1A3A1,ABFLOW040,Coal,,,0.0
Cyprus,2011,1A3A1,ABFLOW040,Natural gas,,,0.0
Cyprus,2011,1A3A1,ABFLOW040,Oil,,,0.0
Cyprus,2011,1A3A2,ABFLOW029,Coal,,,0.0
Cyprus,2011,1A3A2,ABFLOW029,Natural gas,,,0.0
Cyprus,2011,1A3A2,ABFLOW029,Oil,,,0.0
Cyprus,2011,1A3B,ABFLOW028,Coal,,,0.0
Cyprus,2011,1A3B,ABFLOW028,Natural gas,,,0.0
Cyprus,2011,1A3B,ABFLOW028,Oil,,,0.0
Cyprus,2011,1A3C,ABFLOW030,Coal,,,0.0
Cyprus,2011,1A3C,ABFLOW030,Natural gas,,,0.0
Cyprus,2011,1A3C,ABFLOW030,Oil,,,0.0
Cyprus,2011,1A3D1,ABFLOW039,Coal,,,0.0
Cyprus,2011,1A3D1,ABFLOW039,Natural gas,,,0.0
Cyprus,2011,1A3D1,ABFLOW039,Oil,,,0.0
Cyprus,2011,1A3D2,ABFLOW032,Coal,,,0.0
Cyprus,2011,1A3D2,ABFLOW032,Natural gas,,,0.0
Cyprus,2011,1A3D2,ABFLOW032,Oil,,,0.0
Cyprus,2011,1A3E1,ABFLOW033,Coal,,,0.0
Cyprus,2011,1A3E1,ABFLOW033,Natural gas,,,0.0
Cyprus,2011,1A3E1,ABFLOW033,Oil,,,0.0
Cyprus,2011,1A4A,ABFLOW035,Coal,,,0.0
Cyprus,2011,1A4A,ABFLOW035,Natural gas,,,0.0
Cyprus,2011,1A4A,ABFLOW035,Oil,,,0.0
Cyprus,2011,1A4B,ABFLOW034,Coal,,,0.0
Cyprus,2011,1A4B,ABFLOW034,Natural gas,,,0.0
Cyprus,2011,1A4B,ABFLOW034,Oil,,,0.0
Cyprus,2011,1A4C1,ABFLOW036,Coal,,,0.0
Cyprus,2011,1A4C1,ABFLOW036,Natural gas,,,0.0
Cyprus,2011,1A4C1,ABFLOW036,Oil,,,0.0
Cyprus,2011,1A4C2,ABFLOW037,Coal,,,0.0
Cyprus,2011,1A4C2,ABFLOW037,Natural gas,,,0.0
Cyprus,2011,1A4C2,ABFLOW037,Oil,,,0.0
Cyprus,2011,1A5,ABFLOW038,Coal,,,0.0
Cyprus,2011,1A5,ABFLOW038,Natural gas,,,0.0
Cyprus,2011,1A5,ABFLOW038,Oil,,,0.0
Cyprus,2012,1A,ABFLOW001,Coal,,,0.0
Cyprus,2012,1A,ABFLOW001,Natural gas,,,0.0
Cyprus,2012,1A,ABFLOW001,Oil,,,0.0
Cyprus,2012,1A1A,ABFLOW002,Coal,,,0.0
Cyprus,2012,1A1A,ABFLOW002,Natural gas,,,0.0
Cyprus,2012,1A1A,ABFLOW002,Oil,,,0.0
Cyprus,2012,1A1A1,ABFLOW003,Coal,8.520224409444488,,8.520224409444488
Cyprus,2012,1A1A1,ABFLOW003,Natural gas,8.520224409444488,,8.520224409444488
Cyprus,2012,1A1A1,ABFLOW003,Oil,8.520224409444488,,8.520224409444488
Cyprus,2012,1A1A2,ABFLOW004,Coal,8.520224409444488,,8.520224409444488
Cyprus,2012,1A1A2,ABFLOW004,Natural gas,8.520224409444488,,8.520224409444488
Cyprus,2012,1A1A2,ABFLOW004,Oil,8.520224409444488,,8.520224409444488
Cyprus,2012,1A1A3,ABFLOW005,Coal,8.520224409444488,,8.520224409444488
Cyprus,2012,1A1A3,ABFLOW005,Natural gas,8.520224409444488,,8.520224409444488
Cyprus,2012,1A1A3,ABFLOW005,Oil,8.520224409444488,,8.520224409444488
Cyprus,2012,1A1B,ABFLOW011,Coal,8.520224409444488,,8.520224409444488
Cyprus,2012,1A1B,ABFLOW011,Natural gas,8.520224409444488,,8.520224409444488
Cyprus,2012,1A1B,ABFLOW011,Oil,8.520224409444488,,8.520224409444488
Cyprus,2012,1A1C,ABFLOW011,Coal,8.520224409444488,,8.520224409444488
Cyprus,2012,1A1C,ABFLOW011,Natural gas,8.520224409444488,,8.520224409444488
Cyprus,2012,1A1C,ABFLOW011,Oil,8.520224409444488,,8.520224409444488
Cyprus,2012,1A2,ABFLOW012,Coal,,,0.0
Cyprus,2012,1A2,ABFLOW012,Natural gas,,,0.0
Cyprus,2012,1A2,ABFLOW012,Oil,,,0.0
Cyprus,2012,1A2A,ABFLOW016,Coal,8.520224409444488,,8.520224409444488
Cyprus,2012,1A2A,ABFLOW016,Natural gas,8.520224409444488,,8.520224409444488
Cyprus,2012,1A2A,ABFLOW016,Oil,8.520224409444488,,8.520224409444488
Cyprus,2012,1A2B,ABFLOW018,Coal,8.520224409444488,,8.520224409444488
Cyprus,2012,1A2B,ABFLOW018,Natural gas,8.520224409444488,,8.520224409444488
Cyprus,2012,1A2B,ABFLOW018,Oil,8.520224409444488,,8.520224409444488
Cyprus,2012,1A2C,ABFLOW017,Coal,8.520224409444488,,8.520224409444488
Cyprus,2012,1A2C,ABFLOW017,Natural gas,8.520224409444488,,8.520224409444488
Cyprus,2012,1A2C,ABFLOW017,Oil,8.520224409444488,,8.520224409444488
Cyprus,2012,1A2D,ABFLOW023,Coal,8.520224409444488,,8.520224409444488
Cyprus,2012,1A2D,ABFLOW023,Natural gas,8.520224409444488,,8.520224409444488
Cyprus,2012,1A2D,ABFLOW023,Oil,8.520224409444488,,8.520224409444488
Cyprus,2012,1A2E,ABFLOW022,Coal,8.520224409444488,,8.520224409444488
Cyprus,2012,1A2E,ABFLOW022,Natural gas,8.520224409444488,,8.520224409444488
Cyprus,2012,1A2E,ABFLOW022,Oil,8.520224409444488,,8.520224409444488
Cyprus,2012,1A2F,ABFLOW019,Coal,8.520224409444488,,8.520224409444488
Cyprus,2012,1A2F,ABFLOW019,Natural gas,8.520224409444488,,8.520224409444488
Cyprus,2012,1A2F,ABFLOW019,Oil,8.520224409444488,,8.520224409444488
Cyprus,2012,1A2G,ABFLOW020,Coal,8.520224409444488,,8.520224409444488
Cyprus,2012,1A2G,ABFLOW020,Natural gas,8.520224409444488,,8.520224409444488
Cyprus,2012,1A2G,ABFLOW020,Oil,8.520224409444488,,8.520224409444488
Cyprus,2012,1A2H,ABFLOW021,Coal,8.520224409444488,,8.520224409444488
Cyprus,2012,1A2H,ABFLOW021,Natural gas,8.520224409444488,,8.520224409444488
Cyprus,2012,1A2H,ABFLOW021,Oil,8.520224409444488,,8.520224409444488
Cyprus,2012,1A2I,ABFLOW013,Coal,8.520224409444488,,8.520224409444488
Cyprus,2012,1A2I,ABFLOW013,Natural gas,8.520224409444488,,8.520224409444488
Cyprus,2012,1A2I,ABFLOW013,Oil,8.520224409444488,,8.520224409444488
Cyprus,2012,1A2J,ABFLOW024,Coal,8.520224409444488,,8.520224409444488
Cyprus,2012,1A2J,ABFLOW024,Natural gas,8.520224409444488,,8.520224409444488
Cyprus,2012,1A2J,ABFLOW024,Oil,8.520224409444488,,8.520224409444488
Cyprus,2012,1A2K,ABFLOW014,Coal,8.520224409444488,,8.520224409444488
Cyprus,2012,1A2K,ABFLOW014,Natural gas,8.520224409444488,,8.520224409444488
Cyprus,2012,1A2K,ABFLOW014,Oil,8.520224409444488,,8.520224409444488
Cyprus,2012,1A2L,ABFLOW025,Coal,8.520224409444488,,8.520224409444488
Cyprus,2012,1A2L,ABFLOW025,Natural gas,8.520224409444488,,8.520224409444488
Cyprus,2012,1A2L,ABFLOW025,Oil,8.520224409444488,,8.520224409444488
Cyprus,2012,1A2M,ABFLOW026,Coal,8.520224409444488,,8.520224409444488
Cyprus,2012,1A2M,ABFLOW026,Natural gas,8.520224409444488,,8.520224409444488
Cyprus,2012,1A2M,ABFLOW026,Oil,8.520224409444488,,8.520224409444488
Cyprus,2012,1A3,ABFLOW027,Coal,,,0.0
Cyprus,2012,1A3,ABFLOW027,Natural gas,,,0.0
Cyprus,2012,1A3,ABFLOW027,Oil,,,0.0
Cyprus,2012,1A3A1,ABFLOW040,Coal,8.520224409444488,,8.520224409444488
Cyprus,2012,1A3A1,ABFLOW040,Natural gas,8.520224409444488,,8.520224409444488
Cyprus,2012,1A3A1,ABFLOW040,Oil,8.520224409444488,,8.520224409444488
Cyprus,2012,1A3A2,ABFLOW029,Coal,8.520224409444488,,8.520224409444488
Cyprus,2012,1A3A2,ABFLOW029,Natural gas,8.520224409444488,,8.520224409444488
Cyprus,2012,1A3A2,ABFLOW029,Oil,8.520224409444488,,8.520224409444488
Cyprus,2012,1A3B,ABFLOW028,Coal,,,0.0
Cyprus,2012,1A3B,ABFLOW028,Natural gas,,,0.0
Cyprus,2012,1A3B,ABFLOW028,Oil,,,0.0
Cyprus,2012,1A3C,ABFLOW030,Coal,,,0.0
Cyprus,2012,1A3C,ABFLOW030,Natural gas,,,0.0
Cyprus,2012,1A3C,ABFLOW030,Oil,,,0.0
Cyprus,2012,1A3D1,ABFLOW039,Coal,,,0.0
Cyprus,2012,1A3D1,ABFLOW039,Natural gas,,,0.0
Cyprus,2012,1A3D1,ABFLOW039,Oil,,,0.0
Cyprus,2012,1A3D2,ABFLOW032,Coal,,,0.0
Cyprus,2012,1A3D2,ABFLOW032,Natural gas,,,0.0
Cyprus,2012,1A3D2,ABFLOW032,Oil,,,0.0
Cyprus,2012,1A3E1,ABFLOW033,Coal,,,0.0
Cyprus,2012,1A3E1,ABFLOW033,Natural gas,,,0.0
Cyprus,2012,1A3E1,ABFLOW033,Oil,,,0.0
Cyprus,2012,1A4A,ABFLOW035,Coal,,,0.0
Cyprus,2012,1A4A,ABFLOW035,Natural gas,,,0.0
Cyprus,2012,1A4A,ABFLOW035,Oil,,,0.0
Cyprus,2012,1A4B,ABFLOW034,Coal,,,0.0
Cyprus,2012,1A4B,ABFLOW034,Natural gas,,,0.0
Cyprus,2012,1A4B,ABFLOW034,Oil,,,0.0
Cyprus,2012,1A4C1,ABFLOW036,Coal,,,0.0
Cyprus,2012,1A4C1,ABFLOW036,Natural gas,,,0.0
Cyprus,2012,1A4C1,ABFLOW036,Oil,,,0.0
Cyprus,2012,1A4C2,ABFLOW037,Coal,,,0.0
Cyprus,2012,1A4C2,ABFLOW037,Natural gas,,,0.0
Cyprus,2012,1A4C2,ABFLOW037,Oil,,,0.0
Cyprus,2012,1A5,ABFLOW038,Coal,,,0.0
Cyprus,2012,1A5,ABFLOW038,Natural gas,,,0.0
Cyprus,2012,1A5,ABFLOW038,Oil,,,0.0
Cyprus,2013,1A,ABFLOW001,Coal,,,0.0
Cyprus,2013,1A,ABFLOW001,Natural gas,,,0.0
Cyprus,2013,1A,ABFLOW001,Oil,,,0.0
Cyprus,2013,1A1A,ABFLOW002,Coal,,,0.0
Cyprus,2013,1A1A,ABFLOW002,Natural gas,,,0.0
Cyprus,2013,1A1A,ABFLOW002,Oil,,,0.0
Cyprus,2013,1A1A1,ABFLOW003,Coal,5.209475036836058,,5.209475036836058
Cyprus,2013,1A1A1,ABFLOW003,Natural gas,5.209475036836058,,5.209475036836058
Cyprus,2013,1A1A1,ABFLOW003,Oil,5.209475036836058,,5.209475036836058
Cyprus,2013,1A1A2,ABFLOW004,Coal,5.209475036836058,,5.209475036836058
Cyprus,2013,1A1A2,ABFLOW004,Natural gas,5.209475036836058,,5.209475036836058
Cyprus,2013,1A1A2,ABFLOW004,Oil,5.209475036836058,,5.209475036836058
Cyprus,2013,1A1A3,ABFLOW005,Coal,5.209475036836058,,5.209475036836058
Cyprus,2013,1A1A3,ABFLOW005,Natural gas,5.209475036836058,,5.209475036836058
Cyprus,2013,1A1A3,ABFLOW005,Oil,5.209475036836058,,5.209475036836058
Cyprus,2013,1A1B,ABFLOW011,Coal,5.209475036836058,,5.209475036836058
Cyprus,2013,1A1B,ABFLOW011,Natural gas,5.209475036836058,,5.209475036836058
Cyprus,2013,1A1B,ABFLOW011,Oil,5.209475036836058,,5.209475036836058
Cyprus,2013,1A1C,ABFLOW011,Coal,5.209475036836058,,5.209475036836058
Cyprus,2013,1A1C,ABFLOW011,Natural gas,5.209475036836058,,5.209475036836058
Cyprus,2013,1A1C,ABFLOW011,Oil,5.209475036836058,,5.209475036836058
Cyprus,2013,1A2,ABFLOW012,Coal,,,0.0
Cyprus,2013,1A2,ABFLOW012,Natural gas,,,0.0
Cyprus,2013,1A2,ABFLOW012,Oil,,,0.0
Cyprus,2013,1A2A,ABFLOW016,Coal,5.209475036836058,,5.209475036836058
Cyprus,2013,1A2A,ABFLOW016,Natural gas,5.209475036836058,,5.209475036836058
Cyprus,2013,1A2A,ABFLOW016,Oil,5.209475036836058,,5.209475036836058
Cyprus,2013,1A2B,ABFLOW018,Coal,5.209475036836058,,5.209475036836058
Cyprus,2013,1A2B,ABFLOW018,Natural gas,5.209475036836058,,5.209475036836058
Cyprus,2013,1A2B,ABFLOW018,Oil,5.209475036836058,,5.209475036836058
Cyprus,2013,1A2C,ABFLOW017,Coal,5.209475036836058,,5.209475036836058
Cyprus,2013,1A2C,ABFLOW017,Natural gas,5.209475036836058,,5.209475036836058
Cyprus,2013,1A2C,ABFLOW017,Oil,5.209475036836058,,5.209475036836058
Cyprus,2013,1A2D,ABFLOW023,Coal,5.209475036836058,,5.209475036836058
Cyprus,2013,1A2D,ABFLOW023,Natural gas,5.209475036836058,,5.209475036836058
Cyprus,2013,1A2D,ABFLOW023,Oil,5.209475036836058,,5.209475036836058
Cyprus,2013,1A2E,ABFLOW022,Coal,5.209475036836058,,5.209475036836058
Cyprus,2013,1A2E,ABFLOW022,Natural gas,5.209475036836058,,5.209475036836058
Cyprus,2013,1A2E,ABFLOW022,Oil,5.209475036836058,,5.209475036836058
Cyprus,2013,1A2F,ABFLOW019,Coal,5.209475036836058,,5.209475036836058
Cyprus,2013,1A2F,ABFLOW019,Natural gas,5.209475036836058,,5.209475036836058
Cyprus,2013,1A2F,ABFLOW019,Oil,5.209475036836058,,5.209475036836058
Cyprus,2013,1A2G,ABFLOW020,Coal,5.209475036836058,,5.209475036836058
Cyprus,2013,1A2G,ABFLOW020,Natural gas,5.209475036836058,,5.209475036836058
Cyprus,2013,1A2G,ABFLOW020,Oil,5.209475036836058,,5.209475036836058
Cyprus,2013,1A2H,ABFLOW021,Coal,5.209475036836058,,5.209475036836058
Cyprus,2013,1A2H,ABFLOW021,Natural gas,5.209475036836058,,5.209475036836058
Cyprus,2013,1A2H,ABFLOW021,Oil,5.209475036836058,,5.209475036836058
Cyprus,2013,1A2I,ABFLOW013,Coal,5.209475036836058,,5.209475036836058
Cyprus,2013,1A2I,ABFLOW013,Natural gas,5.209475036836058,,5.209475036836058
Cyprus,2013,1A2I,ABFLOW013,Oil,5.209475036836058,,5.209475036836058
Cyprus,2013,1A2J,ABFLOW024,Coal,5.209475036836058,,5.209475036836058
Cyprus,2013,1A2J,ABFLOW024,Natural gas,5.209475036836058,,5.209475036836058
Cyprus,2013,1A2J,ABFLOW024,Oil,5.209475036836058,,5.209475036836058
Cyprus,2013,1A2K,ABFLOW014,Coal,5.209475036836058,,5.209475036836058
Cyprus,2013,1A2K,ABFLOW014,Natural gas,5.209475036836058,,5.209475036836058
Cyprus,2013,1A2K,ABFLOW014,Oil,5.209475036836058,,5.209475036836058
Cyprus,2013,1A2L,ABFLOW025,Coal,5.209475036836058,,5.209475036836058
Cyprus,2013,1A2L,ABFLOW025,Natural gas,5.209475036836058,,5.209475036836058
Cyprus,2013,1A2L,ABFLOW025,Oil,5.209475036836058,,5.209475036836058
Cyprus,2013,1A2M,ABFLOW026,Coal,5.209475036836058,,5.209475036836058
Cyprus,2013,1A2M,ABFLOW026,Natural gas,5.209475036836058,,5.209475036836058
Cyprus,2013,1A2M,ABFLOW026,Oil,5.209475036836058,,5.209475036836058
Cyprus,2013,1A3,ABFLOW027,Coal,,,0.0
Cyprus,2013,1A3,ABFLOW027,Natural gas,,,0.0
Cyprus,2013,1A3,ABFLOW027,Oil,,,0.0
Cyprus,2013,1A3A1,ABFLOW040,Coal,2.6568322687863897,,2.6568322687863897
Cyprus,2013,1A3A1,ABFLOW040,Natural gas,2.6568322687863897,,2.6568322687863897
Cyprus,2013,1A3A1,ABFLOW040,Oil,2.6568322687863897,,2.6568322687863897
Cyprus,2013,1A3A2,ABFLOW029,Coal,5.209475036836058,,5.209475036836058
Cyprus,2013,1A3A2,ABFLOW029,Natural gas,5.209475036836058,,5.209475036836058
Cyprus,2013,1A3A2,ABFLOW029,Oil,5.209475036836058,,5.209475036836058
Cyprus,2013,1A3B,ABFLOW028,Coal,,,0.0
Cyprus,2013,1A3B,ABFLOW028,Natural gas,,,0.0
Cyprus,2013,1A3B,ABFLOW028,Oil,,,0.0
Cyprus,2013,1A3C,ABFLOW030,Coal,,,0.0
Cyprus,2013,1A3C,ABFLOW030,Natural gas,,,0.0
Cyprus,2013,1A3C,ABFLOW030,Oil,,,0.0
Cyprus,2013,1A3D1,ABFLOW039,Coal,,,0.0
Cyprus,2013,1A3D1,ABFLOW039,Natural gas,,,0.0
Cyprus,2013,1A3D1,ABFLOW039,Oil,,,0.0
Cyprus,2013,1A3D2,ABFLOW032,Coal,,,0.0
Cyprus,2013,1A3D2,ABFLOW032,Natural gas,,,0.0
Cyprus,2013,1A3D2,ABFLOW032,Oil,,,0.0
Cyprus,2013,1A3E1,ABFLOW033,Coal,,,0.0
Cyprus,2013,1A3E1,ABFLOW033,Natural gas,,,0.0
Cyprus,2013,1A3E1,ABFLOW033,Oil,,,0.0
Cyprus,2013,1A4A,ABFLOW035,Coal,,,0.0
Cyprus,2013,1A4A,ABFLOW035,Natural gas,,,0.0
Cyprus,2013,1A4A,ABFLOW035,Oil,,,0.0
Cyprus,2013,1A4B,ABFLOW034,Coal,,,0.0
Cyprus,2013,1A4B,ABFLOW034,Natural gas,,,0.0
Cyprus,2013,1A4B,ABFLOW034,Oil,,,0.0
Cyprus,2013,1A4C1,ABFLOW036,Coal,,,0.0
Cyprus,2013,1A4C1,ABFLOW036,Natural gas,,,0.0
Cyprus,2013,1A4C1,ABFLOW036,Oil,,,0.0
Cyprus,2013,1A4C2,ABFLOW037,Coal,,,0.0
Cyprus,2013,1A4C2,ABFLOW037,Natural gas,,,0.0
Cyprus,2013,1A4C2,ABFLOW037,Oil,,,0.0
Cyprus,2013,1A5,ABFLOW038,Coal,,,0.0
Cyprus,2013,1A5,ABFLOW038,Natural gas,,,0.0
Cyprus,2013,1A5,ABFLOW038,Oil,,,0.0
Cyprus,2014,1A,ABFLOW001,Coal,,,0.0
Cyprus,2014,1A,ABFLOW001,Natural gas,,,0.0
Cyprus,2014,1A,ABFLOW001,Oil,,,0.0
Cyprus,2014,1A1A,ABFLOW002,Coal,,,0.0
Cyprus,2014,1A1A,ABFLOW002,Natural gas,,,0.0
Cyprus,2014,1A1A,ABFLOW002,Oil,,,0.0
Cyprus,2014,1A1A1,ABFLOW003,Coal,7.0283704614640925,,7.0283704614640925
Cyprus,2014,1A1A1,ABFLOW003,Natural gas,7.0283704614640925,,7.0283704614640925
Cyprus,2014,1A1A1,ABFLOW003,Oil,7.0283704614640925,,7.0283704614640925
Cyprus,2014,1A1A2,ABFLOW004,Coal,7.0283704614640925,,7.0283704614640925
Cyprus,2014,1A1A2,ABFLOW004,Natural gas,7.0283704614640925,,7.0283704614640925
Cyprus,2014,1A1A2,ABFLOW004,Oil,7.0283704614640925,,7.0283704614640925
Cyprus,2014,1A1A3,ABFLOW005,Coal,7.0283704614640925,,7.0283704614640925
Cyprus,2014,1A1A3,ABFLOW005,Natural gas,7.0283704614640925,,7.0283704614640925
Cyprus,2014,1A1A3,ABFLOW005,Oil,7.0283704614640925,,7.0283704614640925
Cyprus,2014,1A1B,ABFLOW011,Coal,7.0283704614640925,,7.0283704614640925
Cyprus,2014,1A1B,ABFLOW011,Natural gas,7.0283704614640925,,7.0283704614640925
Cyprus,2014,1A1B,ABFLOW011,Oil,7.0283704614640925,,7.0283704614640925
Cyprus,2014,1A1C,ABFLOW011,Coal,7.0283704614640925,,7.0283704614640925
Cyprus,2014,1A1C,ABFLOW011,Natural gas,7.0283704614640925,,7.0283704614640925
Cyprus,2014,1A1C,ABFLOW011,Oil,7.0283704614640925,,7.0283704614640925
Cyprus,2014,1A2,ABFLOW012,Coal,,,0.0
Cyprus,2014,1A2,ABFLOW012,Natural gas,,,0.0
Cyprus,2014,1A2,ABFLOW012,Oil,,,0.0
Cyprus,2014,1A2A,ABFLOW016,Coal,7.0283704614640925,,7.0283704614640925
Cyprus,2014,1A2A,ABFLOW016,Natural gas,7.0283704614640925,,7.0283704614640925
Cyprus,2014,1A2A,ABFLOW016,Oil,7.0283704614640925,,7.0283704614640925
Cyprus,2014,1A2B,ABFLOW018,Coal,7.0283704614640925,,7.0283704614640925
Cyprus,2014,1A2B,ABFLOW018,Natural gas,7.0283704614640925,,7.0283704614640925
Cyprus,2014,1A2B,ABFLOW018,Oil,7.0283704614640925,,7.0283704614640925
Cyprus,2014,1A2C,ABFLOW017,Coal,7.0283704614640925,,7.0283704614640925
Cyprus,2014,1A2C,ABFLOW017,Natural gas,7.0283704614640925,,7.0283704614640925
Cyprus,2014,1A2C,ABFLOW017,Oil,7.0283704614640925,,7.0283704614640925
Cyprus,2014,1A2D,ABFLOW023,Coal,7.0283704614640925,,7.0283704614640925
Cyprus,2014,1A2D,ABFLOW023,Natural gas,7.0283704614640925,,7.0283704614640925
Cyprus,2014,1A2D,ABFLOW023,Oil,7.0283704614640925,,7.0283704614640925
Cyprus,2014,1A2E,ABFLOW022,Coal,7.0283704614640925,,7.0283704614640925
Cyprus,2014,1A2E,ABFLOW022,Natural gas,7.0283704614640925,,7.0283704614640925
Cyprus,2014,1A2E,ABFLOW022,Oil,7.0283704614640925,,7.0283704614640925
Cyprus,2014,1A2F,ABFLOW019,Coal,7.0283704614640925,,7.0283704614640925
Cyprus,2014,1A2F,ABFLOW019,Natural gas,7.0283704614640925,,7.0283704614640925
Cyprus,2014,1A2F,ABFLOW019,Oil,7.0283704614640925,,7.0283704614640925
Cyprus,2014,1A2G,ABFLOW020,Coal,7.0283704614640925,,7.0283704614640925
Cyprus,2014,1A2G,ABFLOW020,Natural gas,7.0283704614640925,,7.0283704614640925
Cyprus,2014,1A2G,ABFLOW020,Oil,7.0283704614640925,,7.0283704614640925
Cyprus,2014,1A2H,ABFLOW021,Coal,7.0283704614640925,,7.0283704614640925
Cyprus,2014,1A2H,ABFLOW021,Natural gas,7.0283704614640925,,7.0283704614640925
Cyprus,2014,1A2H,ABFLOW021,Oil,7.0283704614640925,,7.0283704614640925
Cyprus,2014,1A2I,ABFLOW013,Coal,7.0283704614640925,,7.0283704614640925
Cyprus,2014,1A2I,ABFLOW013,Natural gas,7.0283704614640925,,7.0283704614640925
Cyprus,2014,1A2I,ABFLOW013,Oil,7.0283704614640925,,7.0283704614640925
Cyprus,2014,1A2J,ABFLOW024,Coal,7.0283704614640925,,7.0283704614640925
Cyprus,2014,1A2J,ABFLOW024,Natural gas,7.0283704614640925,,7.0283704614640925
Cyprus,2014,1A2J,ABFLOW024,Oil,7.0283704614640925,,7.0283704614640925
Cyprus,2014,1A2K,ABFLOW014,Coal,7.0283704614640925,,7.0283704614640925
Cyprus,2014,1A2K,ABFLOW014,Natural gas,7.0283704614640925,,7.0283704614640925
Cyprus,2014,1A2K,ABFLOW014,Oil,7.0283704614640925,,7.0283704614640925
Cyprus,2014,1A2L,ABFLOW025,Coal,7.0283704614640925,,7.0283704614640925
Cyprus,2014,1A2L,ABFLOW025,Natural gas,7.0283704614640925,,7.0283704614640925
Cyprus,2014,1A2L,ABFLOW025,Oil,7.0283704614640925,,7.0283704614640925
Cyprus,2014,1A2M,ABFLOW026,Coal,7.0283704614640925,,7.0283704614640925
Cyprus,2014,1A2M,ABFLOW026,Natural gas,7.0283704614640925,,7.0283704614640925
Cyprus,2014,1A2M,ABFLOW026,Oil,7.0283704614640925,,7.0283704614640925
Cyprus,2014,1A3,ABFLOW027,Coal,,,0.0
Cyprus,2014,1A3,ABFLOW027,Natural gas,,,0.0
Cyprus,2014,1A3,ABFLOW027,Oil,,,0.0
Cyprus,2014,1A3A1,ABFLOW040,Coal,3.5844689353466874,,3.5844689353466874
Cyprus,2014,1A3A1,ABFLOW040,Natural gas,3.5844689353466874,,3.5844689353466874
Cyprus,2014,1A3A1,ABFLOW040,Oil,3.5844689353466874,,3.5844689353466874
Cyprus,2014,1A3A2,ABFLOW029,Coal,7.0283704614640925,,7.0283704614640925
Cyprus,2014,1A3A2,ABFLOW029,Natural gas,7.0283704614640925,,7.0283704614640925
Cyprus,2014,1A3A2,ABFLOW029,Oil,7.0283704614640925,,7.0283704614640925
Cyprus,2014,1A3B,ABFLOW028,Coal,,,0.0
Cyprus,2014,1A3B,ABFLOW028,Natural gas,,,0.0
Cyprus,2014,1A3B,ABFLOW028,Oil,,,0.0
Cyprus,2014,1A3C,ABFLOW030,Coal,,,0.0
Cyprus,2014,1A3C,ABFLOW030,Natural gas,,,0.0
Cyprus,2014,1A3C,ABFLOW030,Oil,,,0.0
Cyprus,2014,1A3D1,ABFLOW039,Coal,,,0.0
Cyprus,2014,1A3D1,ABFLOW039,Natural gas,,,0.0
Cyprus,2014,1A3D1,ABFLOW039,Oil,,,0.0
Cyprus,2014,1A3D2,ABFLOW032,Coal,,,0.0
Cyprus,2014,1A3D2,ABFLOW032,Natural gas,,,0.0
Cyprus,2014,1A3D2,ABFLOW032,Oil,,,0.0
Cyprus,2014,1A3E1,ABFLOW033,Coal,,,0.0
Cyprus,2014,1A3E1,ABFLOW033,Natural gas,,,0.0
Cyprus,2014,1A3E1,ABFLOW033,Oil,,,0.0
Cyprus,2014,1A4A,ABFLOW035,Coal,,,0.0
Cyprus,2014,1A4A,ABFLOW035,Natural gas,,,0.0
Cyprus,2014,1A4A,ABFLOW035,Oil,,,0.0
Cyprus,2014,1A4B,ABFLOW034,Coal,,,0.0
Cyprus,2014,1A4B,ABFLOW034,Natural gas,,,0.0
Cyprus,2014,1A4B,ABFLOW034,Oil,,,0.0
Cyprus,2014,1A4C1,ABFLOW036,Coal,,,0.0
Cyprus,2014,1A4C1,ABFLOW036,Natural gas,,,0.0
Cyprus,2014,1A4C1,ABFLOW036,Oil,,,0.0
Cyprus,2014,1A4C2,ABFLOW037,Coal,,,0.0
Cyprus,2014,1A4C2,ABFLOW037,Natural gas,,,0.0
Cyprus,2014,1A4C2,ABFLOW037,Oil,,,0.0
Cyprus,2014,1A5,ABFLOW038,Coal,,,0.0
Cyprus,2014,1A5,ABFLOW038,Natural gas,,,0.0
Cyprus,2014,1A5,ABFLOW038,Oil,,,0.0
Cyprus,2015,1A,ABFLOW001,Coal,,,0.0
Cyprus,2015,1A,ABFLOW001,Natural gas,,,0.0
Cyprus,2015,1A,ABFLOW001,Oil,,,0.0
Cyprus,2015,1A1A,ABFLOW002,Coal,,,0.0
Cyprus,2015,1A1A,ABFLOW002,Natural gas,,,0.0
Cyprus,2015,1A1A,ABFLOW002,Oil,,,0.0
Cyprus,2015,1A1A1,ABFLOW003,Coal,9.14085691207696,,9.14085691207696
Cyprus,2015,1A1A1,ABFLOW003,Natural gas,9.14085691207696,,9.14085691207696
Cyprus,2015,1A1A1,ABFLOW003,Oil,9.14085691207696,,9.14085691207696
Cyprus,2015,1A1A2,ABFLOW004,Coal,9.14085691207696,,9.14085691207696
Cyprus,2015,1A1A2,ABFLOW004,Natural gas,9.14085691207696,,9.14085691207696
Cyprus,2015,1A1A2,ABFLOW004,Oil,9.14085691207696,,9.14085691207696
Cyprus,2015,1A1A3,ABFLOW005,Coal,9.14085691207696,,9.14085691207696
Cyprus,2015,1A1A3,ABFLOW005,Natural gas,9.14085691207696,,9.14085691207696
Cyprus,2015,1A1A3,ABFLOW005,Oil,9.14085691207696,,9.14085691207696
Cyprus,2015,1A1B,ABFLOW011,Coal,9.14085691207696,,9.14085691207696
Cyprus,2015,1A1B,ABFLOW011,Natural gas,9.14085691207696,,9.14085691207696
Cyprus,2015,1A1B,ABFLOW011,Oil,9.14085691207696,,9.14085691207696
Cyprus,2015,1A1C,ABFLOW011,Coal,9.14085691207696,,9.14085691207696
Cyprus,2015,1A1C,ABFLOW011,Natural gas,9.14085691207696,,9.14085691207696
Cyprus,2015,1A1C,ABFLOW011,Oil,9.14085691207696,,9.14085691207696
Cyprus,2015,1A2,ABFLOW012,Coal,,,0.0
Cyprus,2015,1A2,ABFLOW012,Natural gas,,,0.0
Cyprus,2015,1A2,ABFLOW012,Oil,,,0.0
Cyprus,2015,1A2A,ABFLOW016,Coal,9.14085691207696,,9.14085691207696
Cyprus,2015,1A2A,ABFLOW016,Natural gas,9.14085691207696,,9.14085691207696
Cyprus,2015,1A2A,ABFLOW016,Oil,9.14085691207696,,9.14085691207696
Cyprus,2015,1A2B,ABFLOW018,Coal,9.14085691207696,,9.14085691207696
Cyprus,2015,1A2B,ABFLOW018,Natural gas,9.14085691207696,,9.14085691207696
Cyprus,2015,1A2B,ABFLOW018,Oil,9.14085691207696,,9.14085691207696
Cyprus,2015,1A2C,ABFLOW017,Coal,9.14085691207696,,9.14085691207696
Cyprus,2015,1A2C,ABFLOW017,Natural gas,9.14085691207696,,9.14085691207696
Cyprus,2015,1A2C,ABFLOW017,Oil,9.14085691207696,,9.14085691207696
Cyprus,2015,1A2D,ABFLOW023,Coal,9.14085691207696,,9.14085691207696
Cyprus,2015,1A2D,ABFLOW023,Natural gas,9.14085691207696,,9.14085691207696
Cyprus,2015,1A2D,ABFLOW023,Oil,9.14085691207696,,9.14085691207696
Cyprus,2015,1A2E,ABFLOW022,Coal,9.14085691207696,,9.14085691207696
Cyprus,2015,1A2E,ABFLOW022,Natural gas,9.14085691207696,,9.14085691207696
Cyprus,2015,1A2E,ABFLOW022,Oil,9.14085691207696,,9.14085691207696
Cyprus,2015,1A2F,ABFLOW019,Coal,9.14085691207696,,9.14085691207696
Cyprus,2015,1A2F,ABFLOW019,Natural gas,9.14085691207696,,9.14085691207696
Cyprus,2015,1A2F,ABFLOW019,Oil,9.14085691207696,,9.14085691207696
Cyprus,2015,1A2G,ABFLOW020,Coal,9.14085691207696,,9.14085691207696
Cyprus,2015,1A2G,ABFLOW020,Natural gas,9.14085691207696,,9.14085691207696
Cyprus,2015,1A2G,ABFLOW020,Oil,9.14085691207696,,9.14085691207696
Cyprus,2015,1A2H,ABFLOW021,Coal,9.14085691207696,,9.14085691207696
Cyprus,2015,1A2H,ABFLOW021,Natural gas,9.14085691207696,,9.14085691207696
Cyprus,2015,1A2H,ABFLOW021,Oil,9.14085691207696,,9.14085691207696
Cyprus,2015,1A2I,ABFLOW013,Coal,9.14085691207696,,9.14085691207696
Cyprus,2015,1A2I,ABFLOW013,Natural gas,9.14085691207696,,9.14085691207696
Cyprus,2015,1A2I,ABFLOW013,Oil,9.14085691207696,,9.14085691207696
Cyprus,2015,1A2J,ABFLOW024,Coal,9.14085691207696,,9.14085691207696
Cyprus,2015,1A2J,ABFLOW024,Natural gas,9.14085691207696,,9.14085691207696
Cyprus,2015,1A2J,ABFLOW024,Oil,9.14085691207696,,9.14085691207696
Cyprus,2015,1A2K,ABFLOW014,Coal,9.14085691207696,,9.14085691207696
Cyprus,2015,1A2K,ABFLOW014,Natural gas,9.14085691207696,,9.14085691207696
Cyprus,2015,1A2K,ABFLOW014,Oil,9.14085691207696,,9.14085691207696
Cyprus,2015,1A2L,ABFLOW025,Coal,9.14085691207696,,9.14085691207696
Cyprus,2015,1A2L,ABFLOW025,Natural gas,9.14085691207696,,9.14085691207696
Cyprus,2015,1A2L,ABFLOW025,Oil,9.14085691207696,,9.14085691207696
Cyprus,2015,1A2M,ABFLOW026,Coal,9.14085691207696,,9.14085691207696
Cyprus,2015,1A2M,ABFLOW026,Natural gas,9.14085691207696,,9.14085691207696
Cyprus,2015,1A2M,ABFLOW026,Oil,9.14085691207696,,9.14085691207696
Cyprus,2015,1A3,ABFLOW027,Coal,,,0.0
Cyprus,2015,1A3,ABFLOW027,Natural gas,,,0.0
Cyprus,2015,1A3,ABFLOW027,Oil,,,0.0
Cyprus,2015,1A3A1,ABFLOW040,Coal,4.661837025159249,,4.661837025159249
Cyprus,2015,1A3A1,ABFLOW040,Natural gas,4.661837025159249,,4.661837025159249
Cyprus,2015,1A3A1,ABFLOW040,Oil,4.661837025159249,,4.661837025159249
Cyprus,2015,1A3A2,ABFLOW029,Coal,9.14085691207696,,9.14085691207696
Cyprus,2015,1A3A2,ABFLOW029,Natural gas,9.14085691207696,,9.14085691207696
Cyprus,2015,1A3A2,ABFLOW029,Oil,9.14085691207696,,9.14085691207696
Cyprus,2015,1A3B,ABFLOW028,Coal,,,0.0
Cyprus,2015,1A3B,ABFLOW028,Natural gas,,,0.0
Cyprus,2015,1A3B,ABFLOW028,Oil,,,0.0
Cyprus,2015,1A3C,ABFLOW030,Coal,,,0.0
Cyprus,2015,1A3C,ABFLOW030,Natural gas,,,0.0
Cyprus,2015,1A3C,ABFLOW030,Oil,,,0.0
Cyprus,2015,1A3D1,ABFLOW039,Coal,,,0.0
Cyprus,2015,1A3D1,ABFLOW039,Natural gas,,,0.0
Cyprus,2015,1A3D1,ABFLOW039,Oil,,,0.0
Cyprus,2015,1A3D2,ABFLOW032,Coal,,,0.0
Cyprus,2015,1A3D2,ABFLOW032,Natural gas,,,0.0
Cyprus,2015,1A3D2,ABFLOW032,Oil,,,0.0
Cyprus,2015,1A3E1,ABFLOW033,Coal,,,0.0
Cyprus,2015,1A3E1,ABFLOW033,Natural gas,,,0.0
Cyprus,2015,1A3E1,ABFLOW033,Oil,,,0.0
Cyprus,2015,1A4A,ABFLOW035,Coal,,,0.0
Cyprus,2015,1A4A,ABFLOW035,Natural gas,,,0.0
Cyprus,2015,1A4A,ABFLOW035,Oil,,,0.0
Cyprus,2015,1A4B,ABFLOW034,Coal,,,0.0
Cyprus,2015,1A4B,ABFLOW034,Natural gas,,,0.0
Cyprus,2015,1A4B,ABFLOW034,Oil,,,0.0
Cyprus,2015,1A4C1,ABFLOW036,Coal,,,0.0
Cyprus,2015,1A4C1,ABFLOW036,Natural gas,,,0.0
Cyprus,2015,1A4C1,ABFLOW036,Oil,,,0.0
Cyprus,2015,1A4C2,ABFLOW037,Coal,,,0.0
Cyprus,2015,1A4C2,ABFLOW037,Natural gas,,,0.0
Cyprus,2015,1A4C2,ABFLOW037,Oil,,,0.0
Cyprus,2015,1A5,ABFLOW038,Coal,,,0.0
Cyprus,2015,1A5,ABFLOW038,Natural gas,,,0.0
Cyprus,2015,1A5,ABFLOW038,Oil,,,0.0
Cyprus,2016,1A,ABFLOW001,Coal,,,0.0
Cyprus,2016,1A,ABFLOW001,Natural gas,,,0.0
Cyprus,2016,1A,ABFLOW001,Oil,,,0.0
Cyprus,2016,1A1A,ABFLOW002,Coal,,,0.0
Cyprus,2016,1A1A,ABFLOW002,Natural gas,,,0.0
Cyprus,2016,1A1A,ABFLOW002,Oil,,,0.0
Cyprus,2016,1A1A1,ABFLOW003,Coal,6.404463413678443,,6.404463413678443
Cyprus,2016,1A1A1,ABFLOW003,Natural gas,6.404463413678443,,6.404463413678443
Cyprus,2016,1A1A1,ABFLOW003,Oil,6.404463413678443,,6.404463413678443
Cyprus,2016,1A1A2,ABFLOW004,Coal,6.404463413678443,,6.404463413678443
Cyprus,2016,1A1A2,ABFLOW004,Natural gas,6.404463413678443,,6.404463413678443
Cyprus,2016,1A1A2,ABFLOW004,Oil,6.404463413678443,,6.404463413678443
Cyprus,2016,1A1A3,ABFLOW005,Coal,6.404463413678443,,6.404463413678443
Cyprus,2016,1A1A3,ABFLOW005,Natural gas,6.404463413678443,,6.404463413678443
Cyprus,2016,1A1A3,ABFLOW005,Oil,6.404463413678443,,6.404463413678443
Cyprus,2016,1A1B,ABFLOW011,Coal,6.404463413678443,,6.404463413678443
Cyprus,2016,1A1B,ABFLOW011,Natural gas,6.404463413678443,,6.404463413678443
Cyprus,2016,1A1B,ABFLOW011,Oil,6.404463413678443,,6.404463413678443
Cyprus,2016,1A1C,ABFLOW011,Coal,6.404463413678443,,6.404463413678443
Cyprus,2016,1A1C,ABFLOW011,Natural gas,6.404463413678443,,6.404463413678443
Cyprus,2016,1A1C,ABFLOW011,Oil,6.404463413678443,,6.404463413678443
Cyprus,2016,1A2,ABFLOW012,Coal,,,0.0
Cyprus,2016,1A2,ABFLOW012,Natural gas,,,0.0
Cyprus,2016,1A2,ABFLOW012,Oil,,,0.0
Cyprus,2016,1A2A,ABFLOW016,Coal,6.404463413678443,,6.404463413678443
Cyprus,2016,1A2A,ABFLOW016,Natural gas,6.404463413678443,,6.404463413678443
Cyprus,2016,1A2A,ABFLOW016,Oil,6.404463413678443,,6.404463413678443
Cyprus,2016,1A2B,ABFLOW018,Coal,6.404463413678443,,6.404463413678443
Cyprus,2016,1A2B,ABFLOW018,Natural gas,6.404463413678443,,6.404463413678443
Cyprus,2016,1A2B,ABFLOW018,Oil,6.404463413678443,,6.404463413678443
Cyprus,2016,1A2C,ABFLOW017,Coal,6.404463413678443,,6.404463413678443
Cyprus,2016,1A2C,ABFLOW017,Natural gas,6.404463413678443,,6.404463413678443
Cyprus,2016,1A2C,ABFLOW017,Oil,6.404463413678443,,6.404463413678443
Cyprus,2016,1A2D,ABFLOW023,Coal,6.404463413678443,,6.404463413678443
Cyprus,2016,1A2D,ABFLOW023,Natural gas,6.404463413678443,,6.404463413678443
Cyprus,2016,1A2D,ABFLOW023,Oil,6.404463413678443,,6.404463413678443
Cyprus,2016,1A2E,ABFLOW022,Coal,6.404463413678443,,6.404463413678443
Cyprus,2016,1A2E,ABFLOW022,Natural gas,6.404463413678443,,6.404463413678443
Cyprus,2016,1A2E,ABFLOW022,Oil,6.404463413678443,,6.404463413678443
Cyprus,2016,1A2F,ABFLOW019,Coal,6.404463413678443,,6.404463413678443
Cyprus,2016,1A2F,ABFLOW019,Natural gas,6.404463413678443,,6.404463413678443
Cyprus,2016,1A2F,ABFLOW019,Oil,6.404463413678443,,6.404463413678443
Cyprus,2016,1A2G,ABFLOW020,Coal,6.404463413678443,,6.404463413678443
Cyprus,2016,1A2G,ABFLOW020,Natural gas,6.404463413678443,,6.404463413678443
Cyprus,2016,1A2G,ABFLOW020,Oil,6.404463413678443,,6.404463413678443
Cyprus,2016,1A2H,ABFLOW021,Coal,6.404463413678443,,6.404463413678443
Cyprus,2016,1A2H,ABFLOW021,Natural gas,6.404463413678443,,6.404463413678443
Cyprus,2016,1A2H,ABFLOW021,Oil,6.404463413678443,,6.404463413678443
Cyprus,2016,1A2I,ABFLOW013,Coal,6.404463413678443,,6.404463413678443
Cyprus,2016,1A2I,ABFLOW013,Natural gas,6.404463413678443,,6.404463413678443
Cyprus,2016,1A2I,ABFLOW013,Oil,6.404463413678443,,6.404463413678443
Cyprus,2016,1A2J,ABFLOW024,Coal,6.404463413678443,,6.404463413678443
Cyprus,2016,1A2J,ABFLOW024,Natural gas,6.404463413678443,,6.404463413678443
Cyprus,2016,1A2J,ABFLOW024,Oil,6.404463413678443,,6.404463413678443
Cyprus,2016,1A2K,ABFLOW014,Coal,6.404463413678443,,6.404463413678443
Cyprus,2016,1A2K,ABFLOW014,Natural gas,6.404463413678443,,6.404463413678443
Cyprus,2016,1A2K,ABFLOW014,Oil,6.404463413678443,,6.404463413678443
Cyprus,2016,1A2L,ABFLOW025,Coal,6.404463413678443,,6.404463413678443
Cyprus,2016,1A2L,ABFLOW025,Natural gas,6.404463413678443,,6.404463413678443
Cyprus,2016,1A2L,ABFLOW025,Oil,6.404463413678443,,6.404463413678443
Cyprus,2016,1A2M,ABFLOW026,Coal,6.404463413678443,,6.404463413678443
Cyprus,2016,1A2M,ABFLOW026,Natural gas,6.404463413678443,,6.404463413678443
Cyprus,2016,1A2M,ABFLOW026,Oil,6.404463413678443,,6.404463413678443
Cyprus,2016,1A3,ABFLOW027,Coal,,,0.0
Cyprus,2016,1A3,ABFLOW027,Natural gas,,,0.0
Cyprus,2016,1A3,ABFLOW027,Oil,,,0.0
Cyprus,2016,1A3A1,ABFLOW040,Coal,3.266276340976006,,3.266276340976006
Cyprus,2016,1A3A1,ABFLOW040,Natural gas,3.266276340976006,,3.266276340976006
Cyprus,2016,1A3A1,ABFLOW040,Oil,3.266276340976006,,3.266276340976006
Cyprus,2016,1A3A2,ABFLOW029,Coal,6.404463413678443,,6.404463413678443
Cyprus,2016,1A3A2,ABFLOW029,Natural gas,6.404463413678443,,6.404463413678443
Cyprus,2016,1A3A2,ABFLOW029,Oil,6.404463413678443,,6.404463413678443
Cyprus,2016,1A3B,ABFLOW028,Coal,,,0.0
Cyprus,2016,1A3B,ABFLOW028,Natural gas,,,0.0
Cyprus,2016,1A3B,ABFLOW028,Oil,,,0.0
Cyprus,2016,1A3C,ABFLOW030,Coal,,,0.0
Cyprus,2016,1A3C,ABFLOW030,Natural gas,,,0.0
Cyprus,2016,1A3C,ABFLOW030,Oil,,,0.0
Cyprus,2016,1A3D1,ABFLOW039,Coal,,,0.0
Cyprus,2016,1A3D1,ABFLOW039,Natural gas,,,0.0
Cyprus,2016,1A3D1,ABFLOW039,Oil,,,0.0
Cyprus,2016,1A3D2,ABFLOW032,Coal,,,0.0
Cyprus,2016,1A3D2,ABFLOW032,Natural gas,,,0.0
Cyprus,2016,1A3D2,ABFLOW032,Oil,,,0.0
Cyprus,2016,1A3E1,ABFLOW033,Coal,,,0.0
Cyprus,2016,1A3E1,ABFLOW033,Natural gas,,,0.0
Cyprus,2016,1A3E1,ABFLOW033,Oil,,,0.0
Cyprus,2016,1A4A,ABFLOW035,Coal,,,0.0
Cyprus,2016,1A4A,ABFLOW035,Natural gas,,,0.0
Cyprus,2016,1A4A,ABFLOW035,Oil,,,0.0
Cyprus,2016,1A4B,ABFLOW034,Coal,,,0.0
Cyprus,2016,1A4B,ABFLOW034,Natural gas,,,0.0
Cyprus,2016,1A4B,ABFLOW034,Oil,,,0.0
Cyprus,2016,1A4C1,ABFLOW036,Coal,,,0.0
Cyprus,2016,1A4C1,ABFLOW036,Natural gas,,,0.0
Cyprus,2016,1A4C1,ABFLOW036,Oil,,,0.0
Cyprus,2016,1A4C2,ABFLOW037,Coal,,,0.0
Cyprus,2016,1A4C2,ABFLOW037,Natural gas,,,0.0
Cyprus,2016,1A4C2,ABFLOW037,Oil,,,0.0
Cyprus,2016,1A5,ABFLOW038,Coal,,,0.0
Cyprus,2016,1A5,ABFLOW038,Natural gas,,,0.0
Cyprus,2016,1A5,ABFLOW038,Oil,,,0.0
Cyprus,2017,1A,ABFLOW001,Coal,,,0.0
Cyprus,2017,1A,ABFLOW001,Natural gas,,,0.0
Cyprus,2017,1A,ABFLOW001,Oil,,,0.0
Cyprus,2017,1A1A,ABFLOW002,Coal,,,0.0
Cyprus,2017,1A1A,ABFLOW002,Natural gas,,,0.0
Cyprus,2017,1A1A,ABFLOW002,Oil,,,0.0
Cyprus,2017,1A1A1,ABFLOW003,Coal,6.908574814742669,,6.908574814742669
Cyprus,2017,1A1A1,ABFLOW003,Natural gas,6.908574814742669,,6.908574814742669
Cyprus,2017,1A1A1,ABFLOW003,Oil,6.908574814742669,,6.908574814742669
Cyprus,2017,1A1A2,ABFLOW004,Coal,6.908574814742669,,6.908574814742669
Cyprus,2017,1A1A2,ABFLOW004,Natural gas,6.908574814742669,,6.908574814742669
Cyprus,2017,1A1A2,ABFLOW004,Oil,6.908574814742669,,6.908574814742669
Cyprus,2017,1A1A3,ABFLOW005,Coal,6.908574814742669,,6.908574814742669
Cyprus,2017,1A1A3,ABFLOW005,Natural gas,6.908574814742669,,6.908574814742669
Cyprus,2017,1A1A3,ABFLOW005,Oil,6.908574814742669,,6.908574814742669
Cyprus,2017,1A1B,ABFLOW011,Coal,6.908574814742669,,6.908574814742669
Cyprus,2017,1A1B,ABFLOW011,Natural gas,6.908574814742669,,6.908574814742669
Cyprus,2017,1A1B,ABFLOW011,Oil,6.908574814742669,,6.908574814742669
Cyprus,2017,1A1C,ABFLOW011,Coal,6.908574814742669,,6.908574814742669
Cyprus,2017,1A1C,ABFLOW011,Natural gas,6.908574814742669,,6.908574814742669
Cyprus,2017,1A1C,ABFLOW011,Oil,6.908574814742669,,6.908574814742669
Cyprus,2017,1A2,ABFLOW012,Coal,,,0.0
Cyprus,2017,1A2,ABFLOW012,Natural gas,,,0.0
Cyprus,2017,1A2,ABFLOW012,Oil,,,0.0
Cyprus,2017,1A2A,ABFLOW016,Coal,6.908574814742669,,6.908574814742669
Cyprus,2017,1A2A,ABFLOW016,Natural gas,6.908574814742669,,6.908574814742669
Cyprus,2017,1A2A,ABFLOW016,Oil,6.908574814742669,,6.908574814742669
Cyprus,2017,1A2B,ABFLOW018,Coal,6.908574814742669,,6.908574814742669
Cyprus,2017,1A2B,ABFLOW018,Natural gas,6.908574814742669,,6.908574814742669
Cyprus,2017,1A2B,ABFLOW018,Oil,6.908574814742669,,6.908574814742669
Cyprus,2017,1A2C,ABFLOW017,Coal,6.908574814742669,,6.908574814742669
Cyprus,2017,1A2C,ABFLOW017,Natural gas,6.908574814742669,,6.908574814742669
Cyprus,2017,1A2C,ABFLOW017,Oil,6.908574814742669,,6.908574814742669
Cyprus,2017,1A2D,ABFLOW023,Coal,6.908574814742669,,6.908574814742669
Cyprus,2017,1A2D,ABFLOW023,Natural gas,6.908574814742669,,6.908574814742669
Cyprus,2017,1A2D,ABFLOW023,Oil,6.908574814742669,,6.908574814742669
Cyprus,2017,1A2E,ABFLOW022,Coal,6.908574814742669,,6.908574814742669
Cyprus,2017,1A2E,ABFLOW022,Natural gas,6.908574814742669,,6.908574814742669
Cyprus,2017,1A2E,ABFLOW022,Oil,6.908574814742669,,6.908574814742669
Cyprus,2017,1A2F,ABFLOW019,Coal,6.908574814742669,,6.908574814742669
Cyprus,2017,1A2F,ABFLOW019,Natural gas,6.908574814742669,,6.908574814742669
Cyprus,2017,1A2F,ABFLOW019,Oil,6.908574814742669,,6.908574814742669
Cyprus,2017,1A2G,ABFLOW020,Coal,6.908574814742669,,6.908574814742669
Cyprus,2017,1A2G,ABFLOW020,Natural gas,6.908574814742669,,6.908574814742669
Cyprus,2017,1A2G,ABFLOW020,Oil,6.908574814742669,,6.908574814742669
Cyprus,2017,1A2H,ABFLOW021,Coal,6.908574814742669,,6.908574814742669
Cyprus,2017,1A2H,ABFLOW021,Natural gas,6.908574814742669,,6.908574814742669
Cyprus,2017,1A2H,ABFLOW021,Oil,6.908574814742669,,6.908574814742669
Cyprus,2017,1A2I,ABFLOW013,Coal,6.908574814742669,,6.908574814742669
Cyprus,2017,1A2I,ABFLOW013,Natural gas,6.908574814742669,,6.908574814742669
Cyprus,2017,1A2I,ABFLOW013,Oil,6.908574814742669,,6.908574814742669
Cyprus,2017,1A2J,ABFLOW024,Coal,6.908574814742669,,6.908574814742669
Cyprus,2017,1A2J,ABFLOW024,Natural gas,6.908574814742669,,6.908574814742669
Cyprus,2017,1A2J,ABFLOW024,Oil,6.908574814742669,,6.908574814742669
Cyprus,2017,1A2K,ABFLOW014,Coal,6.908574814742669,,6.908574814742669
Cyprus,2017,1A2K,ABFLOW014,Natural gas,6.908574814742669,,6.908574814742669
Cyprus,2017,1A2K,ABFLOW014,Oil,6.908574814742669,,6.908574814742669
Cyprus,2017,1A2L,ABFLOW025,Coal,6.908574814742669,,6.908574814742669
Cyprus,2017,1A2L,ABFLOW025,Natural gas,6.908574814742669,,6.908574814742669
Cyprus,2017,1A2L,ABFLOW025,Oil,6.908574814742669,,6.908574814742669
Cyprus,2017,1A2M,ABFLOW026,Coal,6.908574814742669,,6.908574814742669
Cyprus,2017,1A2M,ABFLOW026,Natural gas,6.908574814742669,,6.908574814742669
Cyprus,2017,1A2M,ABFLOW026,Oil,6.908574814742669,,6.908574814742669
Cyprus,2017,1A3,ABFLOW027,Coal,,,0.0
Cyprus,2017,1A3,ABFLOW027,Natural gas,,,0.0
Cyprus,2017,1A3,ABFLOW027,Oil,,,0.0
Cyprus,2017,1A3A1,ABFLOW040,Coal,3.5233731555187613,,3.5233731555187613
Cyprus,2017,1A3A1,ABFLOW040,Natural gas,3.5233731555187613,,3.5233731555187613
Cyprus,2017,1A3A1,ABFLOW040,Oil,3.5233731555187613,,3.5233731555187613
Cyprus,2017,1A3A2,ABFLOW029,Coal,6.908574814742669,,6.908574814742669
Cyprus,2017,1A3A2,ABFLOW029,Natural gas,6.908574814742669,,6.908574814742669
Cyprus,2017,1A3A2,ABFLOW029,Oil,6.908574814742669,,6.908574814742669
Cyprus,2017,1A3B,ABFLOW028,Coal,,,0.0
Cyprus,2017,1A3B,ABFLOW028,Natural gas,,,0.0
Cyprus,2017,1A3B,ABFLOW028,Oil,,,0.0
Cyprus,2017,1A3C,ABFLOW030,Coal,,,0.0
Cyprus,2017,1A3C,ABFLOW030,Natural gas,,,0.0
Cyprus,2017,1A3C,ABFLOW030,Oil,,,0.0
Cyprus,2017,1A3D1,ABFLOW039,Coal,,,0.0
Cyprus,2017,1A3D1,ABFLOW039,Natural gas,,,0.0
Cyprus,2017,1A3D1,ABFLOW039,Oil,,,0.0
Cyprus,2017,1A3D2,ABFLOW032,Coal,,,0.0
Cyprus,2017,1A3D2,ABFLOW032,Natural gas,,,0.0
Cyprus,2017,1A3D2,ABFLOW032,Oil,,,0.0
Cyprus,2017,1A3E1,ABFLOW033,Coal,,,0.0
Cyprus,2017,1A3E1,ABFLOW033,Natural gas,,,0.0
Cyprus,2017,1A3E1,ABFLOW033,Oil,,,0.0
Cyprus,2017,1A4A,ABFLOW035,Coal,,,0.0
Cyprus,2017,1A4A,ABFLOW035,Natural gas,,,0.0
Cyprus,2017,1A4A,ABFLOW035,Oil,,,0.0
Cyprus,2017,1A4B,ABFLOW034,Coal,,,0.0
Cyprus,2017,1A4B,ABFLOW034,Natural gas,,,0.0
Cyprus,2017,1A4B,ABFLOW034,Oil,,,0.0
Cyprus,2017,1A4C1,ABFLOW036,Coal,,,0.0
Cyprus,2017,1A4C1,ABFLOW036,Natural gas,,,0.0
Cyprus,2017,1A4C1,ABFLOW036,Oil,,,0.0
Cyprus,2017,1A4C2,ABFLOW037,Coal,,,0.0
Cyprus,2017,1A4C2,ABFLOW037,Natural gas,,,0.0
Cyprus,2017,1A4C2,ABFLOW037,Oil,,,0.0
Cyprus,2017,1A5,ABFLOW038,Coal,,,0.0
Cyprus,2017,1A5,ABFLOW038,Natural gas,,,0.0
Cyprus,2017,1A5,ABFLOW038,Oil,,,0.0
Cyprus,2018,1A,ABFLOW001,Coal,,,0.0
Cyprus,2018,1A,ABFLOW001,Natural gas,,,0.0
Cyprus,2018,1A,ABFLOW001,Oil,,,0.0
Cyprus,2018,1A1A,ABFLOW002,Coal,,,0.0
Cyprus,2018,1A1A,ABFLOW002,Natural gas,,,0.0
Cyprus,2018,1A1A,ABFLOW002,Oil,,,0.0
Cyprus,2018,1A1A1,ABFLOW003,Coal,18.55642480120037,,18.55642480120037
Cyprus,2018,1A1A1,ABFLOW003,Natural gas,18.55642480120037,,18.55642480120037
Cyprus,2018,1A1A1,ABFLOW003,Oil,18.55642480120037,,18.55642480120037
Cyprus,2018,1A1A2,ABFLOW004,Coal,18.55642480120037,,18.55642480120037
Cyprus,2018,1A1A2,ABFLOW004,Natural gas,18.55642480120037,,18.55642480120037
Cyprus,2018,1A1A2,ABFLOW004,Oil,18.55642480120037,,18.55642480120037
Cyprus,2018,1A1A3,ABFLOW005,Coal,18.55642480120037,,18.55642480120037
Cyprus,2018,1A1A3,ABFLOW005,Natural gas,18.55642480120037,,18.55642480120037
Cyprus,2018,1A1A3,ABFLOW005,Oil,18.55642480120037,,18.55642480120037
Cyprus,2018,1A1B,ABFLOW011,Coal,18.55642480120037,,18.55642480120037
Cyprus,2018,1A1B,ABFLOW011,Natural gas,18.55642480120037,,18.55642480120037
Cyprus,2018,1A1B,ABFLOW011,Oil,18.55642480120037,,18.55642480120037
Cyprus,2018,1A1C,ABFLOW011,Coal,18.55642480120037,,18.55642480120037
Cyprus,2018,1A1C,ABFLOW011,Natural gas,18.55642480120037,,18.55642480120037
Cyprus,2018,1A1C,ABFLOW011,Oil,18.55642480120037,,18.55642480120037
Cyprus,2018,1A2,ABFLOW012,Coal,,,0.0
Cyprus,2018,1A2,ABFLOW012,Natural gas,,,0.0
Cyprus,2018,1A2,ABFLOW012,Oil,,,0.0
Cyprus,2018,1A2A,ABFLOW016,Coal,18.55642480120037,,18.55642480120037
Cyprus,2018,1A2A,ABFLOW016,Natural gas,18.55642480120037,,18.55642480120037
Cyprus,2018,1A2A,ABFLOW016,Oil,18.55642480120037,,18.55642480120037
Cyprus,2018,1A2B,ABFLOW018,Coal,18.55642480120037,,18.55642480120037
Cyprus,2018,1A2B,ABFLOW018,Natural gas,18.55642480120037,,18.55642480120037
Cyprus,2018,1A2B,ABFLOW018,Oil,18.55642480120037,,18.55642480120037
Cyprus,2018,1A2C,ABFLOW017,Coal,18.55642480120037,,18.55642480120037
Cyprus,2018,1A2C,ABFLOW017,Natural gas,18.55642480120037,,18.55642480120037
Cyprus,2018,1A2C,ABFLOW017,Oil,18.55642480120037,,18.55642480120037
Cyprus,2018,1A2D,ABFLOW023,Coal,18.55642480120037,,18.55642480120037
Cyprus,2018,1A2D,ABFLOW023,Natural gas,18.55642480120037,,18.55642480120037
Cyprus,2018,1A2D,ABFLOW023,Oil,18.55642480120037,,18.55642480120037
Cyprus,2018,1A2E,ABFLOW022,Coal,18.55642480120037,,18.55642480120037
Cyprus,2018,1A2E,ABFLOW022,Natural gas,18.55642480120037,,18.55642480120037
Cyprus,2018,1A2E,ABFLOW022,Oil,18.55642480120037,,18.55642480120037
Cyprus,2018,1A2F,ABFLOW019,Coal,18.55642480120037,,18.55642480120037
Cyprus,2018,1A2F,ABFLOW019,Natural gas,18.55642480120037,,18.55642480120037
Cyprus,2018,1A2F,ABFLOW019,Oil,18.55642480120037,,18.55642480120037
Cyprus,2018,1A2G,ABFLOW020,Coal,18.55642480120037,,18.55642480120037
Cyprus,2018,1A2G,ABFLOW020,Natural gas,18.55642480120037,,18.55642480120037
Cyprus,2018,1A2G,ABFLOW020,Oil,18.55642480120037,,18.55642480120037
Cyprus,2018,1A2H,ABFLOW021,Coal,18.55642480120037,,18.55642480120037
Cyprus,2018,1A2H,ABFLOW021,Natural gas,18.55642480120037,,18.55642480120037
Cyprus,2018,1A2H,ABFLOW021,Oil,18.55642480120037,,18.55642480120037
Cyprus,2018,1A2I,ABFLOW013,Coal,18.55642480120037,,18.55642480120037
Cyprus,2018,1A2I,ABFLOW013,Natural gas,18.55642480120037,,18.55642480120037
Cyprus,2018,1A2I,ABFLOW013,Oil,18.55642480120037,,18.55642480120037
Cyprus,2018,1A2J,ABFLOW024,Coal,18.55642480120037,,18.55642480120037
Cyprus,2018,1A2J,ABFLOW024,Natural gas,18.55642480120037,,18.55642480120037
Cyprus,2018,1A2J,ABFLOW024,Oil,18.55642480120037,,18.55642480120037
Cyprus,2018,1A2K,ABFLOW014,Coal,18.55642480120037,,18.55642480120037
Cyprus,2018,1A2K,ABFLOW014,Natural gas,18.55642480120037,,18.55642480120037
Cyprus,2018,1A2K,ABFLOW014,Oil,18.55642480120037,,18.55642480120037
Cyprus,2018,1A2L,ABFLOW025,Coal,18.55642480120037,,18.55642480120037
Cyprus,2018,1A2L,ABFLOW025,Natural gas,18.55642480120037,,18.55642480120037
Cyprus,2018,1A2L,ABFLOW025,Oil,18.55642480120037,,18.55642480120037
Cyprus,2018,1A2M,ABFLOW026,Coal,18.55642480120037,,18.55642480120037
Cyprus,2018,1A2M,ABFLOW026,Natural gas,18.55642480120037,,18.55642480120037
Cyprus,2018,1A2M,ABFLOW026,Oil,18.55642480120037,,18.55642480120037
Cyprus,2018,1A3,ABFLOW027,Coal,,,0.0
Cyprus,2018,1A3,ABFLOW027,Natural gas,,,0.0
Cyprus,2018,1A3,ABFLOW027,Oil,,,0.0
Cyprus,2018,1A3A1,ABFLOW040,Coal,9.463776648612189,,9.463776648612189
Cyprus,2018,1A3A1,ABFLOW040,Natural gas,9.463776648612189,,9.463776648612189
Cyprus,2018,1A3A1,ABFLOW040,Oil,9.463776648612189,,9.463776648612189
Cyprus,2018,1A3A2,ABFLOW029,Coal,18.55642480120037,,18.55642480120037
Cyprus,2018,1A3A2,ABFLOW029,Natural gas,18.55642480120037,,18.55642480120037
Cyprus,2018,1A3A2,ABFLOW029,Oil,18.55642480120037,,18.55642480120037
Cyprus,2018,1A3B,ABFLOW028,Coal,,,0.0
Cyprus,2018,1A3B,ABFLOW028,Natural gas,,,0.0
Cyprus,2018,1A3B,ABFLOW028,Oil,,,0.0
Cyprus,2018,1A3C,ABFLOW030,Coal,,,0.0
Cyprus,2018,1A3C,ABFLOW030,Natural gas,,,0.0
Cyprus,2018,1A3C,ABFLOW030,Oil,,,0.0
Cyprus,2018,1A3D1,ABFLOW039,Coal,,,0.0
Cyprus,2018,1A3D1,ABFLOW039,Natural gas,,,0.0
Cyprus,2018,1A3D1,ABFLOW039,Oil,,,0.0
Cyprus,2018,1A3D2,ABFLOW032,Coal,,,0.0
Cyprus,2018,1A3D2,ABFLOW032,Natural gas,,,0.0
Cyprus,2018,1A3D2,ABFLOW032,Oil,,,0.0
Cyprus,2018,1A3E1,ABFLOW033,Coal,,,0.0
Cyprus,2018,1A3E1,ABFLOW033,Natural gas,,,0.0
Cyprus,2018,1A3E1,ABFLOW033,Oil,,,0.0
Cyprus,2018,1A4A,ABFLOW035,Coal,,,0.0
Cyprus,2018,1A4A,ABFLOW035,Natural gas,,,0.0
Cyprus,2018,1A4A,ABFLOW035,Oil,,,0.0
Cyprus,2018,1A4B,ABFLOW034,Coal,,,0.0
Cyprus,2018,1A4B,ABFLOW034,Natural gas,,,0.0
Cyprus,2018,1A4B,ABFLOW034,Oil,,,0.0
Cyprus,2018,1A4C1,ABFLOW036,Coal,,,0.0
Cyprus,2018,1A4C1,ABFLOW036,Natural gas,,,0.0
Cyprus,2018,1A4C1,ABFLOW036,Oil,,,0.0
Cyprus,2018,1A4C2,ABFLOW037,Coal,,,0.0
Cyprus,2018,1A4C2,ABFLOW037,Natural gas,,,0.0
Cyprus,2018,1A4C2,ABFLOW037,Oil,,,0.0
Cyprus,2018,1A5,ABFLOW038,Coal,,,0.0
Cyprus,2018,1A5,ABFLOW038,Natural gas,,,0.0
Cyprus,2018,1A5,ABFLOW038,Oil,,,0.0
Cyprus,2019,1A,ABFLOW001,Coal,,,0.0
Cyprus,2019,1A,ABFLOW001,Natural gas,,,0.0
Cyprus,2019,1A,ABFLOW001,Oil,,,0.0
Cyprus,2019,1A1A,ABFLOW002,Coal,,,0.0
Cyprus,2019,1A1A,ABFLOW002,Natural gas,,,0.0
Cyprus,2019,1A1A,ABFLOW002,Oil,,,0.0
Cyprus,2019,1A1A1,ABFLOW003,Coal,28.794799608116033,,28.794799608116033
Cyprus,2019,1A1A1,ABFLOW003,Natural gas,28.794799608116033,,28.794799608116033
Cyprus,2019,1A1A1,ABFLOW003,Oil,28.794799608116033,,28.794799608116033
Cyprus,2019,1A1A2,ABFLOW004,Coal,28.794799608116033,,28.794799608116033
Cyprus,2019,1A1A2,ABFLOW004,Natural gas,28.794799608116033,,28.794799608116033
Cyprus,2019,1A1A2,ABFLOW004,Oil,28.794799608116033,,28.794799608116033
Cyprus,2019,1A1A3,ABFLOW005,Coal,28.794799608116033,,28.794799608116033
Cyprus,2019,1A1A3,ABFLOW005,Natural gas,28.794799608116033,,28.794799608116033
Cyprus,2019,1A1A3,ABFLOW005,Oil,28.794799608116033,,28.794799608116033
Cyprus,2019,1A1B,ABFLOW011,Coal,28.794799608116033,,28.794799608116033
Cyprus,2019,1A1B,ABFLOW011,Natural gas,28.794799608116033,,28.794799608116033
Cyprus,2019,1A1B,ABFLOW011,Oil,28.794799608116033,,28.794799608116033
Cyprus,2019,1A1C,ABFLOW011,Coal,28.794799608116033,,28.794799608116033
Cyprus,2019,1A1C,ABFLOW011,Natural gas,28.794799608116033,,28.794799608116033
Cyprus,2019,1A1C,ABFLOW011,Oil,28.794799608116033,,28.794799608116033
Cyprus,2019,1A2,ABFLOW012,Coal,,,0.0
Cyprus,2019,1A2,ABFLOW012,Natural gas,,,0.0
Cyprus,2019,1A2,ABFLOW012,Oil,,,0.0
Cyprus,2019,1A2A,ABFLOW016,Coal,28.794799608116033,,28.794799608116033
Cyprus,2019,1A2A,ABFLOW016,Natural gas,28.794799608116033,,28.794799608116033
Cyprus,2019,1A2A,ABFLOW016,Oil,28.794799608116033,,28.794799608116033
Cyprus,2019,1A2B,ABFLOW018,Coal,28.794799608116033,,28.794799608116033
Cyprus,2019,1A2B,ABFLOW018,Natural gas,28.794799608116033,,28.794799608116033
Cyprus,2019,1A2B,ABFLOW018,Oil,28.794799608116033,,28.794799608116033
Cyprus,2019,1A2C,ABFLOW017,Coal,28.794799608116033,,28.794799608116033
Cyprus,2019,1A2C,ABFLOW017,Natural gas,28.794799608116033,,28.794799608116033
Cyprus,2019,1A2C,ABFLOW017,Oil,28.794799608116033,,28.794799608116033
Cyprus,2019,1A2D,ABFLOW023,Coal,28.794799608116033,,28.794799608116033
Cyprus,2019,1A2D,ABFLOW023,Natural gas,28.794799608116033,,28.794799608116033
Cyprus,2019,1A2D,ABFLOW023,Oil,28.794799608116033,,28.794799608116033
Cyprus,2019,1A2E,ABFLOW022,Coal,28.794799608116033,,28.794799608116033
Cyprus,2019,1A2E,ABFLOW022,Natural gas,28.794799608116033,,28.794799608116033
Cyprus,2019,1A2E,ABFLOW022,Oil,28.794799608116033,,28.794799608116033
Cyprus,2019,1A2F,ABFLOW019,Coal,28.794799608116033,,28.794799608116033
Cyprus,2019,1A2F,ABFLOW019,Natural gas,28.794799608116033,,28.794799608116033
Cyprus,2019,1A2F,ABFLOW019,Oil,28.794799608116033,,28.794799608116033
Cyprus,2019,1A2G,ABFLOW020,Coal,28.794799608116033,,28.794799608116033
Cyprus,2019,1A2G,ABFLOW020,Natural gas,28.794799608116033,,28.794799608116033
Cyprus,2019,1A2G,ABFLOW020,Oil,28.794799608116033,,28.794799608116033
Cyprus,2019,1A2H,ABFLOW021,Coal,28.794799608116033,,28.794799608116033
Cyprus,2019,1A2H,ABFLOW021,Natural gas,28.794799608116033,,28.794799608116033
Cyprus,2019,1A2H,ABFLOW021,Oil,28.794799608116033,,28.794799608116033
Cyprus,2019,1A2I,ABFLOW013,Coal,28.794799608116033,,28.794799608116033
Cyprus,2019,1A2I,ABFLOW013,Natural gas,28.794799608116033,,28.794799608116033
Cyprus,2019,1A2I,ABFLOW013,Oil,28.794799608116033,,28.794799608116033
Cyprus,2019,1A2J,ABFLOW024,Coal,28.794799608116033,,28.794799608116033
Cyprus,2019,1A2J,ABFLOW024,Natural gas,28.794799608116033,,28.794799608116033
Cyprus,2019,1A2J,ABFLOW024,Oil,28.794799608116033,,28.794799608116033
Cyprus,2019,1A2K,ABFLOW014,Coal,28.794799608116033,,28.794799608116033
Cyprus,2019,1A2K,ABFLOW014,Natural gas,28.794799608116033,,28.794799608116033
Cyprus,2019,1A2K,ABFLOW014,Oil,28.794799608116033,,28.794799608116033
Cyprus,2019,1A2L,ABFLOW025,Coal,28.794799608116033,,28.794799608116033
Cyprus,2019,1A2L,ABFLOW025,Natural gas,28.794799608116033,,28.794799608116033
Cyprus,2019,1A2L,ABFLOW025,Oil,28.794799608116033,,28.794799608116033
Cyprus,2019,1A2M,ABFLOW026,Coal,28.794799608116033,,28.794799608116033
Cyprus,2019,1A2M,ABFLOW026,Natural gas,28.794799608116033,,28.794799608116033
Cyprus,2019,1A2M,ABFLOW026,Oil,28.794799608116033,,28.794799608116033
Cyprus,2019,1A3,ABFLOW027,Coal,,,0.0
Cyprus,2019,1A3,ABFLOW027,Natural gas,,,0.0
Cyprus,2019,1A3,ABFLOW027,Oil,,,0.0
Cyprus,2019,1A3A1,ABFLOW040,Coal,14.685347800139176,,14.685347800139176
Cyprus,2019,1A3A1,ABFLOW040,Natural gas,14.685347800139176,,14.685347800139176
Cyprus,2019,1A3A1,ABFLOW040,Oil,14.685347800139176,,14.685347800139176
Cyprus,2019,1A3A2,ABFLOW029,Coal,28.794799608116033,,28.794799608116033
Cyprus,2019,1A3A2,ABFLOW029,Natural gas,28.794799608116033,,28.794799608116033
Cyprus,2019,1A3A2,ABFLOW029,Oil,28.794799608116033,,28.794799608116033
Cyprus,2019,1A3B,ABFLOW028,Coal,,,0.0
Cyprus,2019,1A3B,ABFLOW028,Natural gas,,,0.0
Cyprus,2019,1A3B,ABFLOW028,Oil,,,0.0
Cyprus,2019,1A3C,ABFLOW030,Coal,,,0.0
Cyprus,2019,1A3C,ABFLOW030,Natural gas,,,0.0
Cyprus,2019,1A3C,ABFLOW030,Oil,,,0.0
Cyprus,2019,1A3D1,ABFLOW039,Coal,,,0.0
Cyprus,2019,1A3D1,ABFLOW039,Natural gas,,,0.0
Cyprus,2019,1A3D1,ABFLOW039,Oil,,,0.0
Cyprus,2019,1A3D2,ABFLOW032,Coal,,,0.0
Cyprus,2019,1A3D2,ABFLOW032,Natural gas,,,0.0
Cyprus,2019,1A3D2,ABFLOW032,Oil,,,0.0
Cyprus,2019,1A3E1,ABFLOW033,Coal,,,0.0
Cyprus,2019,1A3E1,ABFLOW033,Natural gas,,,0.0
Cyprus,2019,1A3E1,ABFLOW033,Oil,,,0.0
Cyprus,2019,1A4A,ABFLOW035,Coal,,,0.0
Cyprus,2019,1A4A,ABFLOW035,Natural gas,,,0.0
Cyprus,2019,1A4A,ABFLOW035,Oil,,,0.0
Cyprus,2019,1A4B,ABFLOW034,Coal,,,0.0
Cyprus,2019,1A4B,ABFLOW034,Natural gas,,,0.0
Cyprus,2019,1A4B,ABFLOW034,Oil,,,0.0
Cyprus,2019,1A4C1,ABFLOW036,Coal,,,0.0
Cyprus,2019,1A4C1,ABFLOW036,Natural gas,,,0.0
Cyprus,2019,1A4C1,ABFLOW036,Oil,,,0.0
Cyprus,2019,1A4C2,ABFLOW037,Coal,,,0.0
Cyprus,2019,1A4C2,ABFLOW037,Natural gas,,,0.0
Cyprus,2019,1A4C2,ABFLOW037,Oil,,,0.0
Cyprus,2019,1A5,ABFLOW038,Coal,,,0.0
Cyprus,2019,1A5,ABFLOW038,Natural gas,,,0.0
Cyprus,2019,1A5,ABFLOW038,Oil,,,0.0
Cyprus,2020,1A,ABFLOW001,Coal,,,0.0
Cyprus,2020,1A,ABFLOW001,Natural gas,,,0.0
Cyprus,2020,1A,ABFLOW001,Oil,,,0.0
Cyprus,2020,1A1A,ABFLOW002,Coal,,,0.0
Cyprus,2020,1A1A,ABFLOW002,Natural gas,,,0.0
Cyprus,2020,1A1A,ABFLOW002,Oil,,,0.0
Cyprus,2020,1A1A1,ABFLOW003,Coal,29.006290762711973,,29.006290762711973
Cyprus,2020,1A1A1,ABFLOW003,Natural gas,29.006290762711973,,29.006290762711973
Cyprus,2020,1A1A1,ABFLOW003,Oil,29.006290762711973,,29.006290762711973
Cyprus,2020,1A1A2,ABFLOW004,Coal,29.006290762711973,,29.006290762711973
Cyprus,2020,1A1A2,ABFLOW004,Natural gas,29.006290762711973,,29.006290762711973
Cyprus,2020,1A1A2,ABFLOW004,Oil,29.006290762711973,,29.006290762711973
Cyprus,2020,1A1A3,ABFLOW005,Coal,29.006290762711973,,29.006290762711973
Cyprus,2020,1A1A3,ABFLOW005,Natural gas,29.006290762711973,,29.006290762711973
Cyprus,2020,1A1A3,ABFLOW005,Oil,29.006290762711973,,29.006290762711973
Cyprus,2020,1A1B,ABFLOW011,Coal,29.006290762711973,,29.006290762711973
Cyprus,2020,1A1B,ABFLOW011,Natural gas,29.006290762711973,,29.006290762711973
Cyprus,2020,1A1B,ABFLOW011,Oil,29.006290762711973,,29.006290762711973
Cyprus,2020,1A1C,ABFLOW011,Coal,29.006290762711973,,29.006290762711973
Cyprus,2020,1A1C,ABFLOW011,Natural gas,29.006290762711973,,29.006290762711973
Cyprus,2020,1A1C,ABFLOW011,Oil,29.006290762711973,,29.006290762711973
Cyprus,2020,1A2,ABFLOW012,Coal,,,0.0
Cyprus,2020,1A2,ABFLOW012,Natural gas,,,0.0
Cyprus,2020,1A2,ABFLOW012,Oil,,,0.0
Cyprus,2020,1A2A,ABFLOW016,Coal,29.006290762711973,,29.006290762711973
Cyprus,2020,1A2A,ABFLOW016,Natural gas,29.006290762711973,,29.006290762711973
Cyprus,2020,1A2A,ABFLOW016,Oil,29.006290762711973,,29.006290762711973
Cyprus,2020,1A2B,ABFLOW018,Coal,29.006290762711973,,29.006290762711973
Cyprus,2020,1A2B,ABFLOW018,Natural gas,29.006290762711973,,29.006290762711973
Cyprus,2020,1A2B,ABFLOW018,Oil,29.006290762711973,,29.006290762711973
Cyprus,2020,1A2C,ABFLOW017,Coal,29.006290762711973,,29.006290762711973
Cyprus,2020,1A2C,ABFLOW017,Natural gas,29.006290762711973,,29.006290762711973
Cyprus,2020,1A2C,ABFLOW017,Oil,29.006290762711973,,29.006290762711973
Cyprus,2020,1A2D,ABFLOW023,Coal,29.006290762711973,,29.006290762711973
Cyprus,2020,1A2D,ABFLOW023,Natural gas,29.006290762711973,,29.006290762711973
Cyprus,2020,1A2D,ABFLOW023,Oil,29.006290762711973,,29.006290762711973
Cyprus,2020,1A2E,ABFLOW022,Coal,29.006290762711973,,29.006290762711973
Cyprus,2020,1A2E,ABFLOW022,Natural gas,29.006290762711973,,29.006290762711973
Cyprus,2020,1A2E,ABFLOW022,Oil,29.006290762711973,,29.006290762711973
Cyprus,2020,1A2F,ABFLOW019,Coal,29.006290762711973,,29.006290762711973
Cyprus,2020,1A2F,ABFLOW019,Natural gas,29.006290762711973,,29.006290762711973
Cyprus,2020,1A2F,ABFLOW019,Oil,29.006290762711973,,29.006290762711973
Cyprus,2020,1A2G,ABFLOW020,Coal,29.006290762711973,,29.006290762711973
Cyprus,2020,1A2G,ABFLOW020,Natural gas,29.006290762711973,,29.006290762711973
Cyprus,2020,1A2G,ABFLOW020,Oil,29.006290762711973,,29.006290762711973
Cyprus,2020,1A2H,ABFLOW021,Coal,29.006290762711973,,29.006290762711973
Cyprus,2020,1A2H,ABFLOW021,Natural gas,29.006290762711973,,29.006290762711973
Cyprus,2020,1A2H,ABFLOW021,Oil,29.006290762711973,,29.006290762711973
Cyprus,2020,1A2I,ABFLOW013,Coal,29.006290762711973,,29.006290762711973
Cyprus,2020,1A2I,ABFLOW013,Natural gas,29.006290762711973,,29.006290762711973
Cyprus,2020,1A2I,ABFLOW013,Oil,29.006290762711973,,29.006290762711973
Cyprus,2020,1A2J,ABFLOW024,Coal,29.006290762711973,,29.006290762711973
Cyprus,2020,1A2J,ABFLOW024,Natural gas,29.006290762711973,,29.006290762711973
Cyprus,2020,1A2J,ABFLOW024,Oil,29.006290762711973,,29.006290762711973
Cyprus,2020,1A2K,ABFLOW014,Coal,29.006290762711973,,29.006290762711973
Cyprus,2020,1A2K,ABFLOW014,Natural gas,29.006290762711973,,29.006290762711973
Cyprus,2020,1A2K,ABFLOW014,Oil,29.006290762711973,,29.006290762711973
Cyprus,2020,1A2L,ABFLOW025,Coal,29.006290762711973,,29.006290762711973
Cyprus,2020,1A2L,ABFLOW025,Natural gas,29.006290762711973,,29.006290762711973
Cyprus,2020,1A2L,ABFLOW025,Oil,29.006290762711973,,29.006290762711973
Cyprus,2020,1A2M,ABFLOW026,Coal,29.006290762711973,,29.006290762711973
Cyprus,2020,1A2M,ABFLOW026,Natural gas,29.006290762711973,,29.006290762711973
Cyprus,2020,1A2M,ABFLOW026,Oil,29.006290762711973,,29.006290762711973
Cyprus,2020,1A3,ABFLOW027,Coal,,,0.0
Cyprus,2020,1A3,ABFLOW027,Natural gas,,,0.0
Cyprus,2020,1A3,ABFLOW027,Oil,,,0.0
Cyprus,2020,1A3A1,ABFLOW040,Coal,14.793208288983108,,14.793208288983108
Cyprus,2020,1A3A1,ABFLOW040,Natural gas,14.793208288983108,,14.793208288983108
Cyprus,2020,1A3A1,ABFLOW040,Oil,14.793208288983108,,14.793208288983108
Cyprus,2020,1A3A2,ABFLOW029,Coal,29.006290762711973,,29.006290762711973
Cyprus,2020,1A3A2,ABFLOW029,Natural gas,29.006290762711973,,29.006290762711973
Cyprus,2020,1A3A2,ABFLOW029,Oil,29.006290762711973,,29.006290762711973
Cyprus,2020,1A3B,ABFLOW028,Coal,,,0.0
Cyprus,2020,1A3B,ABFLOW028,Natural gas,,,0.0
Cyprus,2020,1A3B,ABFLOW028,Oil,,,0.0
Cyprus,2020,1A3C,ABFLOW030,Coal,,,0.0
Cyprus,2020,1A3C,ABFLOW030,Natural gas,,,0.0
Cyprus,2020,1A3C,ABFLOW030,Oil,,,0.0
Cyprus,2020,1A3D1,ABFLOW039,Coal,,,0.0
Cyprus,2020,1A3D1,ABFLOW039,Natural gas,,,0.0
Cyprus,2020,1A3D1,ABFLOW039,Oil,,,0.0
Cyprus,2020,1A3D2,ABFLOW032,Coal,,,0.0
Cyprus,2020,1A3D2,ABFLOW032,Natural gas,,,0.0
Cyprus,2020,1A3D2,ABFLOW032,Oil,,,0.0
Cyprus,2020,1A3E1,ABFLOW033,Coal,,,0.0
Cyprus,2020,1A3E1,ABFLOW033,Natural gas,,,0.0
Cyprus,2020,1A3E1,ABFLOW033,Oil,,,0.0
Cyprus,2020,1A4A,ABFLOW035,Coal,,,0.0
Cyprus,2020,1A4A,ABFLOW035,Natural gas,,,0.0
Cyprus,2020,1A4A,ABFLOW035,Oil,,,0.0
Cyprus,2020,1A4B,ABFLOW034,Coal,,,0.0
Cyprus,2020,1A4B,ABFLOW034,Natural gas,,,0.0
Cyprus,2020,1A4B,ABFLOW034,Oil,,,0.0
Cyprus,2020,1A4C1,ABFLOW036,Coal,,,0.0
Cyprus,2020,1A4C1,ABFLOW036,Natural gas,,,0.0
Cyprus,2020,1A4C1,ABFLOW036,Oil,,,0.0
Cyprus,2020,1A4C2,ABFLOW037,Coal,,,0.0
Cyprus,2020,1A4C2,ABFLOW037,Natural gas,,,0.0
Cyprus,2020,1A4C2,ABFLOW037,Oil,,,0.0
Cyprus,2020,1A5,ABFLOW038,Coal,,,0.0
Cyprus,2020,1A5,ABFLOW038,Natural gas,,,0.0
Cyprus,2020,1A5,ABFLOW038,Oil,,,0.0
Cyprus,2021,1A,ABFLOW001,Coal,,,0.0
Cyprus,2021,1A,ABFLOW001,Natural gas,,,0.0
Cyprus,2021,1A,ABFLOW001,Oil,,,0.0
Cyprus,2021,1A1A,ABFLOW002,Coal,,,0.0
Cyprus,2021,1A1A,ABFLOW002,Natural gas,,,0.0
Cyprus,2021,1A1A,ABFLOW002,Oil,,,0.0
Cyprus,2021,1A1A1,ABFLOW003,Coal,60.89193727539277,,60.89193727539277
Cyprus,2021,1A1A1,ABFLOW003,Natural gas,60.89193727539277,,60.89193727539277
Cyprus,2021,1A1A1,ABFLOW003,Oil,60.89193727539277,,60.89193727539277
Cyprus,2021,1A1A2,ABFLOW004,Coal,60.89193727539277,,60.89193727539277
Cyprus,2021,1A1A2,ABFLOW004,Natural gas,60.89193727539277,,60.89193727539277
Cyprus,2021,1A1A2,ABFLOW004,Oil,60.89193727539277,,60.89193727539277
Cyprus,2021,1A1A3,ABFLOW005,Coal,60.89193727539277,,60.89193727539277
Cyprus,2021,1A1A3,ABFLOW005,Natural gas,60.89193727539277,,60.89193727539277
Cyprus,2021,1A1A3,ABFLOW005,Oil,60.89193727539277,,60.89193727539277
Cyprus,2021,1A1B,ABFLOW011,Coal,60.89193727539277,,60.89193727539277
Cyprus,2021,1A1B,ABFLOW011,Natural gas,60.89193727539277,,60.89193727539277
Cyprus,2021,1A1B,ABFLOW011,Oil,60.89193727539277,,60.89193727539277
Cyprus,2021,1A1C,ABFLOW011,Coal,60.89193727539277,,60.89193727539277
Cyprus,2021,1A1C,ABFLOW011,Natural gas,60.89193727539277,,60.89193727539277
Cyprus,2021,1A1C,ABFLOW011,Oil,60.89193727539277,,60.89193727539277
Cyprus,2021,1A2,ABFLOW012,Coal,,,0.0
Cyprus,2021,1A2,ABFLOW012,Natural gas,,,0.0
Cyprus,2021,1A2,ABFLOW012,Oil,,,0.0
Cyprus,2021,1A2A,ABFLOW016,Coal,60.89193727539277,,60.89193727539277
Cyprus,2021,1A2A,ABFLOW016,Natural gas,60.89193727539277,,60.89193727539277
Cyprus,2021,1A2A,ABFLOW016,Oil,60.89193727539277,,60.89193727539277
Cyprus,2021,1A2B,ABFLOW018,Coal,60.89193727539277,,60.89193727539277
Cyprus,2021,1A2B,ABFLOW018,Natural gas,60.89193727539277,,60.89193727539277
Cyprus,2021,1A2B,ABFLOW018,Oil,60.89193727539277,,60.89193727539277
Cyprus,2021,1A2C,ABFLOW017,Coal,60.89193727539277,,60.89193727539277
Cyprus,2021,1A2C,ABFLOW017,Natural gas,60.89193727539277,,60.89193727539277
Cyprus,2021,1A2C,ABFLOW017,Oil,60.89193727539277,,60.89193727539277
Cyprus,2021,1A2D,ABFLOW023,Coal,60.89193727539277,,60.89193727539277
Cyprus,2021,1A2D,ABFLOW023,Natural gas,60.89193727539277,,60.89193727539277
Cyprus,2021,1A2D,ABFLOW023,Oil,60.89193727539277,,60.89193727539277
Cyprus,2021,1A2E,ABFLOW022,Coal,60.89193727539277,,60.89193727539277
Cyprus,2021,1A2E,ABFLOW022,Natural gas,60.89193727539277,,60.89193727539277
Cyprus,2021,1A2E,ABFLOW022,Oil,60.89193727539277,,60.89193727539277
Cyprus,2021,1A2F,ABFLOW019,Coal,60.89193727539277,,60.89193727539277
Cyprus,2021,1A2F,ABFLOW019,Natural gas,60.89193727539277,,60.89193727539277
Cyprus,2021,1A2F,ABFLOW019,Oil,60.89193727539277,,60.89193727539277
Cyprus,2021,1A2G,ABFLOW020,Coal,60.89193727539277,,60.89193727539277
Cyprus,2021,1A2G,ABFLOW020,Natural gas,60.89193727539277,,60.89193727539277
Cyprus,2021,1A2G,ABFLOW020,Oil,60.89193727539277,,60.89193727539277
Cyprus,2021,1A2H,ABFLOW021,Coal,60.89193727539277,,60.89193727539277
Cyprus,2021,1A2H,ABFLOW021,Natural gas,60.89193727539277,,60.89193727539277
Cyprus,2021,1A2H,ABFLOW021,Oil,60.89193727539277,,60.89193727539277
Cyprus,2021,1A2I,ABFLOW013,Coal,60.89193727539277,,60.89193727539277
Cyprus,2021,1A2I,ABFLOW013,Natural gas,60.89193727539277,,60.89193727539277
Cyprus,2021,1A2I,ABFLOW013,Oil,60.89193727539277,,60.89193727539277
Cyprus,2021,1A2J,ABFLOW024,Coal,60.89193727539277,,60.89193727539277
Cyprus,2021,1A2J,ABFLOW024,Natural gas,60.89193727539277,,60.89193727539277
Cyprus,2021,1A2J,ABFLOW024,Oil,60.89193727539277,,60.89193727539277
Cyprus,2021,1A2K,ABFLOW014,Coal,60.89193727539277,,60.89193727539277
Cyprus,2021,1A2K,ABFLOW014,Natural gas,60.89193727539277,,60.89193727539277
Cyprus,2021,1A2K,ABFLOW014,Oil,60.89193727539277,,60.89193727539277
Cyprus,2021,1A2L,ABFLOW025,Coal,60.89193727539277,,60.89193727539277
Cyprus,2021,1A2L,ABFLOW025,Natural gas,60.89193727539277,,60.89193727539277
Cyprus,2021,1A2L,ABFLOW025,Oil,60.89193727539277,,60.89193727539277
Cyprus,2021,1A2M,ABFLOW026,Coal,60.89193727539277,,60.89193727539277
Cyprus,2021,1A2M,ABFLOW026,Natural gas,60.89193727539277,,60.89193727539277
Cyprus,2021,1A2M,ABFLOW026,Oil,60.89193727539277,,60.89193727539277
Cyprus,2021,1A3,ABFLOW027,Coal,,,0.0
Cyprus,2021,1A3,ABFLOW027,Natural gas,,,0.0
Cyprus,2021,1A3,ABFLOW027,Oil,,,0.0
Cyprus,2021,1A3A1,ABFLOW040,Coal,31.054888010450313,,31.054888010450313
Cyprus,2021,1A3A1,ABFLOW040,Natural gas,31.054888010450313,,31.054888010450313
Cyprus,2021,1A3A1,ABFLOW040,Oil,31.054888010450313,,31.054888010450313
Cyprus,2021,1A3A2,ABFLOW029,Coal,60.89193727539277,,60.89193727539277
Cyprus,2021,1A3A2,ABFLOW029,Natural gas,60.89193727539277,,60.89193727539277
Cyprus,2021,1A3A2,ABFLOW029,Oil,60.89193727539277,,60.89193727539277
Cyprus,2021,1A3B,ABFLOW028,Coal,,,0.0
Cyprus,2021,1A3B,ABFLOW028,Natural gas,,,0.0
Cyprus,2021,1A3B,ABFLOW028,Oil,,,0.0
Cyprus,2021,1A3C,ABFLOW030,Coal,,,0.0
Cyprus,2021,1A3C,ABFLOW030,Natural gas,,,0.0
Cyprus,2021,1A3C,ABFLOW030,Oil,,,0.0
Cyprus,2021,1A3D1,ABFLOW039,Coal,,,0.0
Cyprus,2021,1A3D1,ABFLOW039,Natural gas,,,0.0
Cyprus,2021,1A3D1,ABFLOW039,Oil,,,0.0
Cyprus,2021,1A3D2,ABFLOW032,Coal,,,0.0
Cyprus,2021,1A3D2,ABFLOW032,Natural gas,,,0.0
Cyprus,2021,1A3D2,ABFLOW032,Oil,,,0.0
Cyprus,2021,1A3E1,ABFLOW033,Coal,,,0.0
Cyprus,2021,1A3E1,ABFLOW033,Natural gas,,,0.0
Cyprus,2021,1A3E1,ABFLOW033,Oil,,,0.0
Cyprus,2021,1A4A,ABFLOW035,Coal,,,0.0
Cyprus,2021,1A4A,ABFLOW035,Natural gas,,,0.0
Cyprus,2021,1A4A,ABFLOW035,Oil,,,0.0
Cyprus,2021,1A4B,ABFLOW034,Coal,,,0.0
Cyprus,2021,1A4B,ABFLOW034,Natural gas,,,0.0
Cyprus,2021,1A4B,ABFLOW034,Oil,,,0.0
Cyprus,2021,1A4C1,ABFLOW036,Coal,,,0.0
Cyprus,2021,1A4C1,ABFLOW036,Natural gas,,,0.0
Cyprus,2021,1A4C1,ABFLOW036,Oil,,,0.0
Cyprus,2021,1A4C2,ABFLOW037,Coal,,,0.0
Cyprus,2021,1A4C2,ABFLOW037,Natural gas,,,0.0
Cyprus,2021,1A4C2,ABFLOW037,Oil,,,0.0
Cyprus,2021,1A5,ABFLOW038,Coal,,,0.0
Cyprus,2021,1A5,ABFLOW038,Natural gas,,,0.0
Cyprus,2021,1A5,ABFLOW038,Oil,,,0.0
Cyprus,2022,1A,ABFLOW001,Coal,,,0.0
Cyprus,2022,1A,ABFLOW001,Natural gas,,,0.0
Cyprus,2022,1A,ABFLOW001,Oil,,,0.0
Cyprus,2022,1A1A,ABFLOW002,Coal,,,0.0
Cyprus,2022,1A1A,ABFLOW002,Natural gas,,,0.0
Cyprus,2022,1A1A,ABFLOW002,Oil,,,0.0
Cyprus,2022,1A1A1,ABFLOW003,Coal,86.25109056729264,,86.25109056729264
Cyprus,2022,1A1A1,ABFLOW003,Natural gas,86.25109056729264,,86.25109056729264
Cyprus,2022,1A1A1,ABFLOW003,Oil,86.25109056729264,,86.25109056729264
Cyprus,2022,1A1A2,ABFLOW004,Coal,86.25109056729264,,86.25109056729264
Cyprus,2022,1A1A2,ABFLOW004,Natural gas,86.25109056729264,,86.25109056729264
Cyprus,2022,1A1A2,ABFLOW004,Oil,86.25109056729264,,86.25109056729264
Cyprus,2022,1A1A3,ABFLOW005,Coal,86.25109056729264,,86.25109056729264
Cyprus,2022,1A1A3,ABFLOW005,Natural gas,86.25109056729264,,86.25109056729264
Cyprus,2022,1A1A3,ABFLOW005,Oil,86.25109056729264,,86.25109056729264
Cyprus,2022,1A1B,ABFLOW011,Coal,86.25109056729264,,86.25109056729264
Cyprus,2022,1A1B,ABFLOW011,Natural gas,86.25109056729264,,86.25109056729264
Cyprus,2022,1A1B,ABFLOW011,Oil,86.25109056729264,,86.25109056729264
Cyprus,2022,1A1C,ABFLOW011,Coal,86.25109056729264,,86.25109056729264
Cyprus,2022,1A1C,ABFLOW011,Natural gas,86.25109056729264,,86.25109056729264
Cyprus,2022,1A1C,ABFLOW011,Oil,86.25109056729264,,86.25109056729264
Cyprus,2022,1A2,ABFLOW012,Coal,,,0.0
Cyprus,2022,1A2,ABFLOW012,Natural gas,,,0.0
Cyprus,2022,1A2,ABFLOW012,Oil,,,0.0
Cyprus,2022,1A2A,ABFLOW016,Coal,86.25109056729264,,86.25109056729264
Cyprus,2022,1A2A,ABFLOW016,Natural gas,86.25109056729264,,86.25109056729264
Cyprus,2022,1A2A,ABFLOW016,Oil,86.25109056729264,,86.25109056729264
Cyprus,2022,1A2B,ABFLOW018,Coal,86.25109056729264,,86.25109056729264
Cyprus,2022,1A2B,ABFLOW018,Natural gas,86.25109056729264,,86.25109056729264
Cyprus,2022,1A2B,ABFLOW018,Oil,86.25109056729264,,86.25109056729264
Cyprus,2022,1A2C,ABFLOW017,Coal,86.25109056729264,,86.25109056729264
Cyprus,2022,1A2C,ABFLOW017,Natural gas,86.25109056729264,,86.25109056729264
Cyprus,2022,1A2C,ABFLOW017,Oil,86.25109056729264,,86.25109056729264
Cyprus,2022,1A2D,ABFLOW023,Coal,86.25109056729264,,86.25109056729264
Cyprus,2022,1A2D,ABFLOW023,Natural gas,86.25109056729264,,86.25109056729264
Cyprus,2022,1A2D,ABFLOW023,Oil,86.25109056729264,,86.25109056729264
Cyprus,2022,1A2E,ABFLOW022,Coal,86.25109056729264,,86.25109056729264
Cyprus,2022,1A2E,ABFLOW022,Natural gas,86.25109056729264,,86.25109056729264
Cyprus,2022,1A2E,ABFLOW022,Oil,86.25109056729264,,86.25109056729264
Cyprus,2022,1A2F,ABFLOW019,Coal,86.25109056729264,,86.25109056729264
Cyprus,2022,1A2F,ABFLOW019,Natural gas,86.25109056729264,,86.25109056729264
Cyprus,2022,1A2F,ABFLOW019,Oil,86.25109056729264,,86.25109056729264
Cyprus,2022,1A2G,ABFLOW020,Coal,86.25109056729264,,86.25109056729264
Cyprus,2022,1A2G,ABFLOW020,Natural gas,86.25109056729264,,86.25109056729264
Cyprus,2022,1A2G,ABFLOW020,Oil,86.25109056729264,,86.25109056729264
Cyprus,2022,1A2H,ABFLOW021,Coal,86.25109056729264,,86.25109056729264
Cyprus,2022,1A2H,ABFLOW021,Natural gas,86.25109056729264,,86.25109056729264
Cyprus,2022,1A2H,ABFLOW021,Oil,86.25109056729264,,86.25109056729264
Cyprus,2022,1A2I,ABFLOW013,Coal,86.25109056729264,,86.25109056729264
Cyprus,2022,1A2I,ABFLOW013,Natural gas,86.25109056729264,,86.25109056729264
Cyprus,2022,1A2I,ABFLOW013,Oil,86.25109056729264,,86.25109056729264
Cyprus,2022,1A2J,ABFLOW024,Coal,86.25109056729264,,86.25109056729264
Cyprus,2022,1A2J,ABFLOW024,Natural gas,86.25109056729264,,86.25109056729264
Cyprus,2022,1A2J,ABFLOW024,Oil,86.25109056729264,,86.25109056729264
Cyprus,2022,1A2K,ABFLOW014,Coal,86.25109056729264,,86.25109056729264
Cyprus,2022,1A2K,ABFLOW014,Natural gas,86.25109056729264,,86.25109056729264
Cyprus,2022,1A2K,ABFLOW014,Oil,86.25109056729264,,86.25109056729264
Cyprus,2022,1A2L,ABFLOW025,Coal,86.25109056729264,,86.25109056729264
Cyprus,2022,1A2L,ABFLOW025,Natural gas,86.25109056729264,,86.25109056729264
Cyprus,2022,1A2L,ABFLOW025,Oil,86.25109056729264,,86.25109056729264
Cyprus,2022,1A2M,ABFLOW026,Coal,86.25109056729264,,86.25109056729264
Cyprus,2022,1A2M,ABFLOW026,Natural gas,86.25109056729264,,86.25109056729264
Cyprus,2022,1A2M,ABFLOW026,Oil,86.25109056729264,,86.25109056729264
Cyprus,2022,1A3,ABFLOW027,Coal,,,0.0
Cyprus,2022,1A3,ABFLOW027,Natural gas,,,0.0
Cyprus,2022,1A3,ABFLOW027,Oil,,,0.0
Cyprus,2022,1A3A1,ABFLOW040,Coal,43.988056189319245,,43.988056189319245
Cyprus,2022,1A3A1,ABFLOW040,Natural gas,43.988056189319245,,43.988056189319245
Cyprus,2022,1A3A1,ABFLOW040,Oil,43.988056189319245,,43.988056189319245
Cyprus,2022,1A3A2,ABFLOW029,Coal,86.25109056729264,,86.25109056729264
Cyprus,2022,1A3A2,ABFLOW029,Natural gas,86.25109056729264,,86.25109056729264
Cyprus,2022,1A3A2,ABFLOW029,Oil,86.25109056729264,,86.25109056729264
Cyprus,2022,1A3B,ABFLOW028,Coal,,,0.0
Cyprus,2022,1A3B,ABFLOW028,Natural gas,,,0.0
Cyprus,2022,1A3B,ABFLOW028,Oil,,,0.0
Cyprus,2022,1A3C,ABFLOW030,Coal,,,0.0
Cyprus,2022,1A3C,ABFLOW030,Natural gas,,,0.0
Cyprus,2022,1A3C,ABFLOW030,Oil,,,0.0
Cyprus,2022,1A3D1,ABFLOW039,Coal,,,0.0
Cyprus,2022,1A3D1,ABFLOW039,Natural gas,,,0.0
Cyprus,2022,1A3D1,ABFLOW039,Oil,,,0.0
Cyprus,2022,1A3D2,ABFLOW032,Coal,,,0.0
Cyprus,2022,1A3D2,ABFLOW032,Natural gas,,,0.0
Cyprus,2022,1A3D2,ABFLOW032,Oil,,,0.0
Cyprus,2022,1A3E1,ABFLOW033,Coal,,,0.0
Cyprus,2022,1A3E1,ABFLOW033,Natural gas,,,0.0
Cyprus,2022,1A3E1,ABFLOW033,Oil,,,0.0
Cyprus,2022,1A4A,ABFLOW035,Coal,,,0.0
Cyprus,2022,1A4A,ABFLOW035,Natural gas,,,0.0
Cyprus,2022,1A4A,ABFLOW035,Oil,,,0.0
Cyprus,2022,1A4B,ABFLOW034,Coal,,,0.0
Cyprus,2022,1A4B,ABFLOW034,Natural gas,,,0.0
Cyprus,2022,1A4B,ABFLOW034,Oil,,,0.0
Cyprus,2022,1A4C1,ABFLOW036,Coal,,,0.0
Cyprus,2022,1A4C1,ABFLOW036,Natural gas,,,0.0
Cyprus,2022,1A4C1,ABFLOW036,Oil,,,0.0
Cyprus,2022,1A4C2,ABFLOW037,Coal,,,0.0
Cyprus,2022,1A4C2,ABFLOW037,Natural gas,,,0.0
Cyprus,2022,1A4C2,ABFLOW037,Oil,,,0.0
Cyprus,2022,1A5,ABFLOW038,Coal,,,0.0
Cyprus,2022,1A5,ABFLOW038,Natural gas,,,0.0
Cyprus,2022,1A5,ABFLOW038,Oil,,,0.0
Cyprus,2023,1A,ABFLOW001,Coal,,,0.0
Cyprus,2023,1A,ABFLOW001,Natural gas,,,0.0
Cyprus,2023,1A,ABFLOW001,Oil,,,0.0
Cyprus,2023,1A1A,ABFLOW002,Coal,,,0.0
Cyprus,2023,1A1A,ABFLOW002,Natural gas,,,0.0
Cyprus,2023,1A1A,ABFLOW002,Oil,,,0.0
Cyprus,2023,1A1A1,ABFLOW003,Coal,86.02554700500434,,86.02554700500434
Cyprus,2023,1A1A1,ABFLOW003,Natural gas,86.02554700500434,,86.02554700500434
Cyprus,2023,1A1A1,ABFLOW003,Oil,86.02554700500434,,86.02554700500434
Cyprus,2023,1A1A2,ABFLOW004,Coal,86.02554700500434,,86.02554700500434
Cyprus,2023,1A1A2,ABFLOW004,Natural gas,86.02554700500434,,86.02554700500434
Cyprus,2023,1A1A2,ABFLOW004,Oil,86.02554700500434,,86.02554700500434
Cyprus,2023,1A1A3,ABFLOW005,Coal,86.02554700500434,,86.02554700500434
Cyprus,2023,1A1A3,ABFLOW005,Natural gas,86.02554700500434,,86.02554700500434
Cyprus,2023,1A1A3,ABFLOW005,Oil,86.02554700500434,,86.02554700500434
Cyprus,2023,1A1B,ABFLOW011,Coal,86.02554700500434,,86.02554700500434
Cyprus,2023,1A1B,ABFLOW011,Natural gas,86.02554700500434,,86.02554700500434
Cyprus,2023,1A1B,ABFLOW011,Oil,86.02554700500434,,86.02554700500434
Cyprus,2023,1A1C,ABFLOW011,Coal,86.02554700500434,,86.02554700500434
Cyprus,2023,1A1C,ABFLOW011,Natural gas,86.02554700500434,,86.02554700500434
Cyprus,2023,1A1C,ABFLOW011,Oil,86.02554700500434,,86.02554700500434
Cyprus,2023,1A2,ABFLOW012,Coal,,,0.0
Cyprus,2023,1A2,ABFLOW012,Natural gas,,,0.0
Cyprus,2023,1A2,ABFLOW012,Oil,,,0.0
Cyprus,2023,1A2A,ABFLOW016,Coal,86.02554700500434,,86.02554700500434
Cyprus,2023,1A2A,ABFLOW016,Natural gas,86.02554700500434,,86.02554700500434
Cyprus,2023,1A2A,ABFLOW016,Oil,86.02554700500434,,86.02554700500434
Cyprus,2023,1A2B,ABFLOW018,Coal,86.02554700500434,,86.02554700500434
Cyprus,2023,1A2B,ABFLOW018,Natural gas,86.02554700500434,,86.02554700500434
Cyprus,2023,1A2B,ABFLOW018,Oil,86.02554700500434,,86.02554700500434
Cyprus,2023,1A2C,ABFLOW017,Coal,86.02554700500434,,86.02554700500434
Cyprus,2023,1A2C,ABFLOW017,Natural gas,86.02554700500434,,86.02554700500434
Cyprus,2023,1A2C,ABFLOW017,Oil,86.02554700500434,,86.02554700500434
Cyprus,2023,1A2D,ABFLOW023,Coal,86.02554700500434,,86.02554700500434
Cyprus,2023,1A2D,ABFLOW023,Natural gas,86.02554700500434,,86.02554700500434
Cyprus,2023,1A2D,ABFLOW023,Oil,86.02554700500434,,86.02554700500434
Cyprus,2023,1A2E,ABFLOW022,Coal,86.02554700500434,,86.02554700500434
Cyprus,2023,1A2E,ABFLOW022,Natural gas,86.02554700500434,,86.02554700500434
Cyprus,2023,1A2E,ABFLOW022,Oil,86.02554700500434,,86.02554700500434
Cyprus,2023,1A2F,ABFLOW019,Coal,86.02554700500434,,86.02554700500434
Cyprus,2023,1A2F,ABFLOW019,Natural gas,86.02554700500434,,86.02554700500434
Cyprus,2023,1A2F,ABFLOW019,Oil,86.02554700500434,,86.02554700500434
Cyprus,2023,1A2G,ABFLOW020,Coal,86.02554700500434,,86.02554700500434
Cyprus,2023,1A2G,ABFLOW020,Natural gas,86.02554700500434,,86.02554700500434
Cyprus,2023,1A2G,ABFLOW020,Oil,86.02554700500434,,86.02554700500434
Cyprus,2023,1A2H,ABFLOW021,Coal,86.02554700500434,,86.02554700500434
Cyprus,2023,1A2H,ABFLOW021,Natural gas,86.02554700500434,,86.02554700500434
Cyprus,2023,1A2H,ABFLOW021,Oil,86.02554700500434,,86.02554700500434
Cyprus,2023,1A2I,ABFLOW013,Coal,86.02554700500434,,86.02554700500434
Cyprus,2023,1A2I,ABFLOW013,Natural gas,86.02554700500434,,86.02554700500434
Cyprus,2023,1A2I,ABFLOW013,Oil,86.02554700500434,,86.02554700500434
Cyprus,2023,1A2J,ABFLOW024,Coal,86.02554700500434,,86.02554700500434
Cyprus,2023,1A2J,ABFLOW024,Natural gas,86.02554700500434,,86.02554700500434
Cyprus,2023,1A2J,ABFLOW024,Oil,86.02554700500434,,86.02554700500434
Cyprus,2023,1A2K,ABFLOW014,Coal,86.02554700500434,,86.02554700500434
Cyprus,2023,1A2K,ABFLOW014,Natural gas,86.02554700500434,,86.02554700500434
Cyprus,2023,1A2K,ABFLOW014,Oil,86.02554700500434,,86.02554700500434
Cyprus,2023,1A2L,ABFLOW025,Coal,86.02554700500434,,86.02554700500434
Cyprus,2023,1A2L,ABFLOW025,Natural gas,86.02554700500434,,86.02554700500434
Cyprus,2023,1A2L,ABFLOW025,Oil,86.02554700500434,,86.02554700500434
Cyprus,2023,1A2M,ABFLOW026,Coal,86.02554700500434,,86.02554700500434
Cyprus,2023,1A2M,ABFLOW026,Natural gas,86.02554700500434,,86.02554700500434
Cyprus,2023,1A2M,ABFLOW026,Oil,86.02554700500434,,86.02554700500434
Cyprus,2023,1A3,ABFLOW027,Coal,,,0.0
Cyprus,2023,1A3,ABFLOW027,Natural gas,,,0.0
Cyprus,2023,1A3,ABFLOW027,Oil,,,0.0
Cyprus,2023,1A3A1,ABFLOW040,Coal,43.87302897255221,,43.87302897255221
Cyprus,2023,1A3A1,ABFLOW040,Natural gas,43.87302897255221,,43.87302897255221
Cyprus,2023,1A3A1,ABFLOW040,Oil,43.87302897255221,,43.87302897255221
Cyprus,2023,1A3A2,ABFLOW029,Coal,86.02554700500434,,86.02554700500434
Cyprus,2023,1A3A2,ABFLOW029,Natural gas,86.02554700500434,,86.02554700500434
Cyprus,2023,1A3A2,ABFLOW029,Oil,86.02554700500434,,86.02554700500434
Cyprus,2023,1A3B,ABFLOW028,Coal,,,0.0
Cyprus,2023,1A3B,ABFLOW028,Natural gas,,,0.0
Cyprus,2023,1A3B,ABFLOW028,Oil,,,0.0
Cyprus,2023,1A3C,ABFLOW030,Coal,,,0.0
Cyprus,2023,1A3C,ABFLOW030,Natural gas,,,0.0
Cyprus,2023,1A3C,ABFLOW030,Oil,,,0.0
Cyprus,2023,1A3D1,ABFLOW039,Coal,,,0.0
Cyprus,2023,1A3D1,ABFLOW039,Natural gas,,,0.0
Cyprus,2023,1A3D1,ABFLOW039,Oil,,,0.0
Cyprus,2023,1A3D2,ABFLOW032,Coal,,,0.0
Cyprus,2023,1A3D2,ABFLOW032,Natural gas,,,0.0
Cyprus,2023,1A3D2,ABFLOW032,Oil,,,0.0
Cyprus,2023,1A3E1,ABFLOW033,Coal,,,0.0
Cyprus,2023,1A3E1,ABFLOW033,Natural gas,,,0.0
Cyprus,2023,1A3E1,ABFLOW033,Oil,,,0.0
Cyprus,2023,1A4A,ABFLOW035,Coal,,,0.0
Cyprus,2023,1A4A,ABFLOW035,Natural gas,,,0.0
Cyprus,2023,1A4A,ABFLOW035,Oil,,,0.0
Cyprus,2023,1A4B,ABFLOW034,Coal,,,0.0
Cyprus,2023,1A4B,ABFLOW034,Natural gas,,,0.0
Cyprus,2023,1A4B,ABFLOW034,Oil,,,0.0
Cyprus,2023,1A4C1,ABFLOW036,Coal,,,0.0
Cyprus,2023,1A4C1,ABFLOW036,Natural gas,,,0.0
Cyprus,2023,1A4C1,ABFLOW036,Oil,,,0.0
Cyprus,2023,1A4C2,ABFLOW037,Coal,,,0.0
Cyprus,2023,1A4C2,ABFLOW037,Natural gas,,,0.0
Cyprus,2023,1A4C2,ABFLOW037,Oil,,,0.0
Cyprus,2023,1A5,ABFLOW038,Coal,,,0.0
Cyprus,2023,1A5,ABFLOW038,Natural gas,,,0.0
Cyprus,2023,1A5,ABFLOW038,Oil,,,0.0
Cyprus,2024,1A,ABFLOW001,Coal,,,0.0
Cyprus,2024,1A,ABFLOW001,Natural gas,,,0.0
Cyprus,2024,1A,ABFLOW001,Oil,,,0.0
Cyprus,2024,1A1A,ABFLOW002,Coal,,,0.0
Cyprus,2024,1A1A,ABFLOW002,Natural gas,,,0.0
Cyprus,2024,1A1A,ABFLOW002,Oil,,,0.0
Cyprus,2024,1A1A1,ABFLOW003,Coal,66.59744386965798,,66.59744386965798
Cyprus,2024,1A1A1,ABFLOW003,Natural gas,66.59744386965798,,66.59744386965798
Cyprus,2024,1A1A1,ABFLOW003,Oil,66.59744386965798,,66.59744386965798
Cyprus,2024,1A1A2,ABFLOW004,Coal,66.59744386965798,,66.59744386965798
Cyprus,2024,1A1A2,ABFLOW004,Natural gas,66.59744386965798,,66.59744386965798
Cyprus,2024,1A1A2,ABFLOW004,Oil,66.59744386965798,,66.59744386965798
Cyprus,2024,1A1A3,ABFLOW005,Coal,66.59744386965798,,66.59744386965798
Cyprus,2024,1A1A3,ABFLOW005,Natural gas,66.59744386965798,,66.59744386965798
Cyprus,2024,1A1A3,ABFLOW005,Oil,66.59744386965798,,66.59744386965798
Cyprus,2024,1A1B,ABFLOW011,Coal,66.59744386965798,,66.59744386965798
Cyprus,2024,1A1B,ABFLOW011,Natural gas,66.59744386965798,,66.59744386965798
Cyprus,2024,1A1B,ABFLOW011,Oil,66.59744386965798,,66.59744386965798
Cyprus,2024,1A1C,ABFLOW011,Coal,66.59744386965798,,66.59744386965798
Cyprus,2024,1A1C,ABFLOW011,Natural gas,66.59744386965798,,66.59744386965798
Cyprus,2024,1A1C,ABFLOW011,Oil,66.59744386965798,,66.59744386965798
Cyprus,2024,1A2,ABFLOW012,Coal,,,0.0
Cyprus,2024,1A2,ABFLOW012,Natural gas,,,0.0
Cyprus,2024,1A2,ABFLOW012,Oil,,,0.0
Cyprus,2024,1A2A,ABFLOW016,Coal,66.59744386965798,,66.59744386965798
Cyprus,2024,1A2A,ABFLOW016,Natural gas,66.59744386965798,,66.59744386965798
Cyprus,2024,1A2A,ABFLOW016,Oil,66.59744386965798,,66.59744386965798
Cyprus,2024,1A2B,ABFLOW018,Coal,66.59744386965798,,66.59744386965798
Cyprus,2024,1A2B,ABFLOW018,Natural gas,66.59744386965798,,66.59744386965798
Cyprus,2024,1A2B,ABFLOW018,Oil,66.59744386965798,,66.59744386965798
Cyprus,2024,1A2C,ABFLOW017,Coal,66.59744386965798,,66.59744386965798
Cyprus,2024,1A2C,ABFLOW017,Natural gas,66.59744386965798,,66.59744386965798
Cyprus,2024,1A2C,ABFLOW017,Oil,66.59744386965798,,66.59744386965798
Cyprus,2024,1A2D,ABFLOW023,Coal,66.59744386965798,,66.59744386965798
Cyprus,2024,1A2D,ABFLOW023,Natural gas,66.59744386965798,,66.59744386965798
Cyprus,2024,1A2D,ABFLOW023,Oil,66.59744386965798,,66.59744386965798
Cyprus,2024,1A2E,ABFLOW022,Coal,66.59744386965798,,66.59744386965798
Cyprus,2024,1A2E,ABFLOW022,Natural gas,66.59744386965798,,66.59744386965798
Cyprus,2024,1A2E,ABFLOW022,Oil,66.59744386965798,,66.59744386965798
Cyprus,2024,1A2F,ABFLOW019,Coal,66.59744386965798,,66.59744386965798
Cyprus,2024,1A2F,ABFLOW019,Natural gas,66.59744386965798,,66.59744386965798
Cyprus,2024,1A2F,ABFLOW019,Oil,66.59744386965798,,66.59744386965798
Cyprus,2024,1A2G,ABFLOW020,Coal,66.59744386965798,,66.59744386965798
Cyprus,2024,1A2G,ABFLOW020,Natural gas,66.59744386965798,,66.59744386965798
Cyprus,2024,1A2G,ABFLOW020,Oil,66.59744386965798,,66.59744386965798
Cyprus,2024,1A2H,ABFLOW021,Coal,66.59744386965798,,66.59744386965798
Cyprus,2024,1A2H,ABFLOW021,Natural gas,66.59744386965798,,66.59744386965798
Cyprus,2024,1A2H,ABFLOW021,Oil,66.59744386965798,,66.59744386965798
Cyprus,2024,1A2I,ABFLOW013,Coal,66.59744386965798,,66.59744386965798
Cyprus,2024,1A2I,ABFLOW013,Natural gas,66.59744386965798,,66.59744386965798
Cyprus,2024,1A2I,ABFLOW013,Oil,66.59744386965798,,66.59744386965798
Cyprus,2024,1A2J,ABFLOW024,Coal,66.59744386965798,,66.59744386965798
Cyprus,2024,1A2J,ABFLOW024,Natural gas,66.59744386965798,,66.59744386965798
Cyprus,2024,1A2J,ABFLOW024,Oil,66.59744386965798,,66.59744386965798
Cyprus,2024,1A2K,ABFLOW014,Coal,66.59744386965798,,66.59744386965798
Cyprus,2024,1A2K,ABFLOW014,Natural gas,66.59744386965798,,66.59744386965798
Cyprus,2024,1A2K,ABFLOW014,Oil,66.59744386965798,,66.59744386965798
Cyprus,2024,1A2L,ABFLOW025,Coal,66.59744386965798,,66.59744386965798
Cyprus,2024,1A2L,ABFLOW025,Natural gas,66.59744386965798,,66.59744386965798
Cyprus,2024,1A2L,ABFLOW025,Oil,66.59744386965798,,66.59744386965798
Cyprus,2024,1A2M,ABFLOW026,Coal,66.59744386965798,,66.59744386965798
Cyprus,2024,1A2M,ABFLOW026,Natural gas,66.59744386965798,,66.59744386965798
Cyprus,2024,1A2M,ABFLOW026,Oil,66.59744386965798,,66.59744386965798
Cyprus,2024,1A3,ABFLOW027,Coal,,,0.0
Cyprus,2024,1A3,ABFLOW027,Natural gas,,,0.0
Cyprus,2024,1A3,ABFLOW027,Oil,,,0.0
Cyprus,2024,1A3A1,ABFLOW040,Coal,33.96469637352557,,33.96469637352557
Cyprus,2024,1A3A1,ABFLOW040,Natural gas,33.96469637352557,,33.96469637352557
Cyprus,2024,1A3A1,ABFLOW040,Oil,33.96469637352557,,33.96469637352557
Cyprus,2024,1A3A2,ABFLOW029,Coal,66.59744386965798,,66.59744386965798
Cyprus,2024,1A3A2,ABFLOW029,Natural gas,66.59744386965798,,66.59744386965798
Cyprus,2024,1A3A2,ABFLOW029,Oil,66.59744386965798,,66.59744386965798
Cyprus,2024,1A3B,ABFLOW028,Coal,,,0.0
Cyprus,2024,1A3B,ABFLOW028,Natural gas,,,0.0
Cyprus,2024,1A3B,ABFLOW028,Oil,,,0.0
Cyprus,2024,1A3C,ABFLOW030,Coal,,,0.0
Cyprus,2024,1A3C,ABFLOW030,Natural gas,,,0.0
Cyprus,2024,1A3C,ABFLOW030,Oil,,,0.0
Cyprus,2024,1A3D1,ABFLOW039,Coal,,,0.0
Cyprus,2024,1A3D1,ABFLOW039,Natural gas,,,0.0
Cyprus,2024,1A3D1,ABFLOW039,Oil,,,0.0
Cyprus,2024,1A3D2,ABFLOW032,Coal,66.59744386965798,,66.59744386965798
Cyprus,2024,1A3D2,ABFLOW032,Natural gas,66.59744386965798,,66.59744386965798
Cyprus,2024,1A3D2,ABFLOW032,Oil,66.59744386965798,,66.59744386965798
Cyprus,2024,1A3E1,ABFLOW033,Coal,,,0.0
Cyprus,2024,1A3E1,ABFLOW033,Natural gas,,,0.0
Cyprus,2024,1A3E1,ABFLOW033,Oil,,,0.0
Cyprus,2024,1A4A,ABFLOW035,Coal,,,0.0
Cyprus,2024,1A4A,ABFLOW035,Natural gas,,,0.0
Cyprus,2024,1A4A,ABFLOW035,Oil,,,0.0
Cyprus,2024,1A4B,ABFLOW034,Coal,,,0.0
Cyprus,2024,1A4B,ABFLOW034,Natural gas,,,0.0
Cyprus,2024,1A4B,ABFLOW034,Oil,,,0.0
Cyprus,2024,1A4C1,ABFLOW036,Coal,,,0.0
Cyprus,2024,1A4C1,ABFLOW036,Natural gas,,,0.0
Cyprus,2024,1A4C1,ABFLOW036,Oil,,,0.0
Cyprus,2024,1A4C2,ABFLOW037,Coal,,,0.0
Cyprus,2024,1A4C2,ABFLOW037,Natural gas,,,0.0
Cyprus,2024,1A4C2,ABFLOW037,Oil,,,0.0
Cyprus,2024,1A5,ABFLOW038,Coal,,,0.0
Cyprus,2024,1A5,ABFLOW038,Natural gas,,,0.0
Cyprus,2024,1A5,ABFLOW038,Oil,,,0.0
Cyprus,2025,1A,ABFLOW001,Coal,,,0.0
Cyprus,2025,1A,ABFLOW001,Natural gas,,,0.0
Cyprus,2025,1A,ABFLOW001,Oil,,,0.0
Cyprus,2025,1A1A,ABFLOW002,Coal,,,0.0
Cyprus,2025,1A1A,ABFLOW002,Natural gas,,,0.0
Cyprus,2025,1A1A,ABFLOW002,Oil,,,0.0
Cyprus,2025,1A1A1,ABFLOW003,Coal,74.28452746626358,,74.28452746626358
Cyprus,2025,1A1A1,ABFLOW003,Natural gas,74.28452746626358,,74.28452746626358
Cyprus,2025,1A1A1,ABFLOW003,Oil,74.28452746626358,,74.28452746626358
Cyprus,2025,1A1A2,ABFLOW004,Coal,74.28452746626358,,74.28452746626358
Cyprus,2025,1A1A2,ABFLOW004,Natural gas,74.28452746626358,,74.28452746626358
Cyprus,2025,1A1A2,ABFLOW004,Oil,74.28452746626358,,74.28452746626358
Cyprus,2025,1A1A3,ABFLOW005,Coal,74.28452746626358,,74.28452746626358
Cyprus,2025,1A1A3,ABFLOW005,Natural gas,74.28452746626358,,74.28452746626358
Cyprus,2025,1A1A3,ABFLOW005,Oil,74.28452746626358,,74.28452746626358
Cyprus,2025,1A1B,ABFLOW011,Coal,74.28452746626358,,74.28452746626358
Cyprus,2025,1A1B,ABFLOW011,Natural gas,74.28452746626358,,74.28452746626358
Cyprus,2025,1A1B,ABFLOW011,Oil,74.28452746626358,,74.28452746626358
Cyprus,2025,1A1C,ABFLOW011,Coal,74.28452746626358,,74.28452746626358
Cyprus,2025,1A1C,ABFLOW011,Natural gas,74.28452746626358,,74.28452746626358
Cyprus,2025,1A1C,ABFLOW011,Oil,74.28452746626358,,74.28452746626358
Cyprus,2025,1A2,ABFLOW012,Coal,,,0.0
Cyprus,2025,1A2,ABFLOW012,Natural gas,,,0.0
Cyprus,2025,1A2,ABFLOW012,Oil,,,0.0
Cyprus,2025,1A2A,ABFLOW016,Coal,74.28452746626358,,74.28452746626358
Cyprus,2025,1A2A,ABFLOW016,Natural gas,74.28452746626358,,74.28452746626358
Cyprus,2025,1A2A,ABFLOW016,Oil,74.28452746626358,,74.28452746626358
Cyprus,2025,1A2B,ABFLOW018,Coal,74.28452746626358,,74.28452746626358
Cyprus,2025,1A2B,ABFLOW018,Natural gas,74.28452746626358,,74.28452746626358
Cyprus,2025,1A2B,ABFLOW018,Oil,74.28452746626358,,74.28452746626358
Cyprus,2025,1A2C,ABFLOW017,Coal,74.28452746626358,,74.28452746626358
Cyprus,2025,1A2C,ABFLOW017,Natural gas,74.28452746626358,,74.28452746626358
Cyprus,2025,1A2C,ABFLOW017,Oil,74.28452746626358,,74.28452746626358
Cyprus,2025,1A2D,ABFLOW023,Coal,74.28452746626358,,74.28452746626358
Cyprus,2025,1A2D,ABFLOW023,Natural gas,74.28452746626358,,74.28452746626358
Cyprus,2025,1A2D,ABFLOW023,Oil,74.28452746626358,,74.28452746626358
Cyprus,2025,1A2E,ABFLOW022,Coal,74.28452746626358,,74.28452746626358
Cyprus,2025,1A2E,ABFLOW022,Natural gas,74.28452746626358,,74.28452746626358
Cyprus,2025,1A2E,ABFLOW022,Oil,74.28452746626358,,74.28452746626358
Cyprus,2025,1A2F,ABFLOW019,Coal,74.28452746626358,,74.28452746626358
Cyprus,2025,1A2F,ABFLOW019,Natural gas,74.28452746626358,,74.28452746626358
Cyprus,2025,1A2F,ABFLOW019,Oil,74.28452746626358,,74.28452746626358
Cyprus,2025,1A2G,ABFLOW020,Coal,74.28452746626358,,74.28452746626358
Cyprus,2025,1A2G,ABFLOW020,Natural gas,74.28452746626358,,74.28452746626358
Cyprus,2025,1A2G,ABFLOW020,Oil,74.28452746626358,,74.28452746626358
Cyprus,2025,1A2H,ABFLOW021,Coal,74.28452746626358,,74.28452746626358
Cyprus,2025,1A2H,ABFLOW021,Natural gas,74.28452746626358,,74.28452746626358
Cyprus,2025,1A2H,ABFLOW021,Oil,74.28452746626358,,74.28452746626358
Cyprus,2025,1A2I,ABFLOW013,Coal,74.28452746626358,,74.28452746626358
Cyprus,2025,1A2I,ABFLOW013,Natural gas,74.28452746626358,,74.28452746626358
Cyprus,2025,1A2I,ABFLOW013,Oil,74.28452746626358,,74.28452746626358
Cyprus,2025,1A2J,ABFLOW024,Coal,74.28452746626358,,74.28452746626358
Cyprus,2025,1A2J,ABFLOW024,Natural gas,74.28452746626358,,74.28452746626358
Cyprus,2025,1A2J,ABFLOW024,Oil,74.28452746626358,,74.28452746626358
Cyprus,2025,1A2K,ABFLOW014,Coal,74.28452746626358,,74.28452746626358
Cyprus,2025,1A2K,ABFLOW014,Natural gas,74.28452746626358,,74.28452746626358
Cyprus,2025,1A2K,ABFLOW014,Oil,74.28452746626358,,74.28452746626358
Cyprus,2025,1A2L,ABFLOW025,Coal,74.28452746626358,,74.28452746626358
Cyprus,2025,1A2L,ABFLOW025,Natural gas,74.28452746626358,,74.28452746626358
Cyprus,2025,1A2L,ABFLOW025,Oil,74.28452746626358,,74.28452746626358
Cyprus,2025,1A2M,ABFLOW026,Coal,74.28452746626358,,74.28452746626358
Cyprus,2025,1A2M,ABFLOW026,Natural gas,74.28452746626358,,74.28452746626358
Cyprus,2025,1A2M,ABFLOW026,Oil,74.28452746626358,,74.28452746626358
Cyprus,2025,1A3,ABFLOW027,Coal,,,0.0
Cyprus,2025,1A3,ABFLOW027,Natural gas,,,0.0
Cyprus,2025,1A3,ABFLOW027,Oil,,,0.0
Cyprus,2025,1A3A1,ABFLOW040,Coal,74.28452746626358,,74.28452746626358
Cyprus,2025,1A3A1,ABFLOW040,Natural gas,74.28452746626358,,74.28452746626358
Cyprus,2025,1A3A1,ABFLOW040,Oil,74.28452746626358,,74.28452746626358
Cyprus,2025,1A3A2,ABFLOW029,Coal,74.28452746626358,,74.28452746626358
Cyprus,2025,1A3A2,ABFLOW029,Natural gas,74.28452746626358,,74.28452746626358
Cyprus,2025,1A3A2,ABFLOW029,Oil,74.28452746626358,,74.28452746626358
Cyprus,2025,1A3B,ABFLOW028,Coal,,,0.0
Cyprus,2025,1A3B,ABFLOW028,Natural gas,,,0.0
Cyprus,2025,1A3B,ABFLOW028,Oil,,,0.0
Cyprus,2025,1A3C,ABFLOW030,Coal,,,0.0
Cyprus,2025,1A3C,ABFLOW030,Natural gas,,,0.0
Cyprus,2025,1A3C,ABFLOW030,Oil,,,0.0
Cyprus,2025,1A3D1,ABFLOW039,Coal,,,0.0
Cyprus,2025,1A3D1,ABFLOW039,Natural gas,,,0.0
Cyprus,2025,1A3D1,ABFLOW039,Oil,,,0.0
Cyprus,2025,1A3D2,ABFLOW032,Coal,74.28452746626358,,74.28452746626358
Cyprus,2025,1A3D2,ABFLOW032,Natural gas,74.28452746626358,,74.28452746626358
Cyprus,2025,1A3D2,ABFLOW032,Oil,74.28452746626358,,74.28452746626358
Cyprus,2025,1A3E1,ABFLOW033,Coal,,,0.0
Cyprus,2025,1A3E1,ABFLOW033,Natural gas,,,0.0
Cyprus,2025,1A3E1,ABFLOW033,Oil,,,0.0
Cyprus,2025,1A4A,ABFLOW035,Coal,,,0.0
Cyprus,2025,1A4A,ABFLOW035,Natural gas,,,0.0
Cyprus,2025,1A4A,ABFLOW035,Oil,,,0.0
Cyprus,2025,1A4B,ABFLOW034,Coal,,,0.0
Cyprus,2025,1A4B,ABFLOW034,Natural gas,,,0.0
Cyprus,2025,1A4B,ABFLOW034,Oil,,,0.0
Cyprus,2025,1A4C1,ABFLOW036,Coal,,,0.0
Cyprus,2025,1A4C1,ABFLOW036,Natural gas,,,0.0
Cyprus,2025,1A4C1,ABFLOW036,Oil,,,0.0
Cyprus,2025,1A4C2,ABFLOW037,Coal,,,0.0
Cyprus,2025,1A4C2,ABFLOW037,Natural gas,,,0.0
Cyprus,2025,1A4C2,ABFLOW037,Oil,,,0.0
Cyprus,2025,1A5,ABFLOW038,Coal,,,0.0
Cyprus,2025,1A5,ABFLOW038,Natural gas,,,0.0
Cyprus,2025,1A5,ABFLOW038,Oil,,,0.0
