jurisdiction,year,ecp_ets_jurGHG_usd_k,ecp_tax_jurGHG_usd_k,ecp_all_jurGHG_usd_k,ecp_ets_jurCO2_usd_k,ecp_tax_jurCO2_usd_k,ecp_all_jurCO2_usd_k,ecp_ets_supraGHG_usd_k,ecp_tax_supraGHG_usd_k,ecp_all_supraGHG_usd_k,ecp_ets_supraCO2_usd_k,ecp_tax_supraCO2_usd_k,ecp_all_supraCO2_usd_k
Afghanistan,1989,0.0,0.0,0.0,0.0,0.0,0.0,NA,NA,NA,NA,NA,NA
Afghanistan,1990,0.0,0.0,0.0,0.0,0.0,0.0,NA,NA,NA,NA,NA,NA
Afghanistan,1991,0.0,0.0,0.0,0.0,0.0,0.0,NA,NA,NA,NA,NA,NA
Afghanistan,1992,0.0,0.0,0.0,0.0,0.0,0.0,NA,NA,NA,NA,NA,NA
Afghanistan,1993,0.0,0.0,0.0,0.0,0.0,0.0,NA,NA,NA,NA,NA,NA
Afghanistan,1994,0.0,0.0,0.0,0.0,0.0,0.0,NA,NA,NA,NA,NA,NA
Afghanistan,1995,0.0,0.0,0.0,0.0,0.0,0.0,NA,NA,NA,NA,NA,NA
Afghanistan,1996,0.0,0.0,0.0,0.0,0.0,0.0,NA,NA,NA,NA,NA,NA
Afghanistan,1997,0.0,0.0,0.0,0.0,0.0,0.0,NA,NA,NA,NA,NA,NA
Afghanistan,1998,0.0,0.0,0.0,0.0,0.0,0.0,NA,NA,NA,NA,NA,NA
Afghanistan,1999,0.0,0.0,0.0,0.0,0.0,0.0,NA,NA,NA,NA,NA,NA
Afghanistan,2000,0.0,0.0,0.0,0.0,0.0,0.0,NA,NA,NA,NA,NA,NA
Afghanistan,2001,0.0,0.0,0.0,0.0,0.0,0.0,NA,NA,NA,NA,NA,NA
Afghanistan,2002,0.0,0.0,0.0,0.0,0.0,0.0,NA,NA,NA,NA,NA,NA
Afghanistan,2003,0.0,0.0,0.0,0.0,0.0,0.0,NA,NA,NA,NA,NA,NA
Afghanistan,2004,0.0,0.0,0.0,0.0,0.0,0.0,NA,NA,NA,NA,NA,NA
Afghanistan,2005,0.0,0.0,0.0,0.0,0.0,0.0,NA,NA,NA,NA,NA,NA
Afghanistan,2006,0.0,0.0,0.0,0.0,0.0,0.0,NA,NA,NA,NA,NA,NA
Afghanistan,2007,0.0,0.0,0.0,0.0,0.0,0.0,NA,NA,NA,NA,NA,NA
Afghanistan,2008,0.0,0.0,0.0,0.0,0.0,0.0,NA,NA,NA,NA,NA,NA
Afghanistan,2009,0.0,0.0,0.0,0.0,0.0,0.0,NA,NA,NA,NA,NA,NA
Afghanistan,2010,0.0,0.0,0.0,0.0,0.0,0.0,NA,NA,NA,NA,NA,NA
Afghanistan,2011,0.0,0.0,0.0,0.0,0.0,0.0,NA,NA,NA,NA,NA,NA
Afghanistan,2012,0.0,0.0,0.0,0.0,0.0,0.0,NA,NA,NA,NA,NA,NA
Afghanistan,2013,0.0,0.0,0.0,0.0,0.0,0.0,NA,NA,NA,NA,NA,NA
Afghanistan,2014,0.0,0.0,0.0,0.0,0.0,0.0,NA,NA,NA,NA,NA,NA
Afghanistan,2015,0.0,0.0,0.0,0.0,0.0,0.0,NA,NA,NA,NA,NA,NA
Afghanistan,2016,0.0,0.0,0.0,0.0,0.0,0.0,NA,NA,NA,NA,NA,NA
Afghanistan,2017,0.0,0.0,0.0,0.0,0.0,0.0,NA,NA,NA,NA,NA,NA
Afghanistan,2018,0.0,0.0,0.0,0.0,0.0,0.0,NA,NA,NA,NA,NA,NA
Afghanistan,2019,0.0,0.0,0.0,0.0,0.0,0.0,NA,NA,NA,NA,NA,NA
Afghanistan,2020,0.0,0.0,0.0,0.0,0.0,0.0,NA,NA,NA,NA,NA,NA
Afghanistan,2021,0.0,0.0,0.0,0.0,0.0,0.0,NA,NA,NA,NA,NA,NA
Afghanistan,2022,0.0,0.0,0.0,0.0,0.0,0.0,NA,NA,NA,NA,NA,NA
Afghanistan,2023,0.0,0.0,0.0,0.0,0.0,0.0,NA,NA,NA,NA,NA,NA
Afghanistan,2024,0.0,0.0,0.0,0.0,0.0,0.0,NA,NA,NA,NA,NA,NA
Afghanistan,2025,0.0,0.0,0.0,0.0,0.0,0.0,NA,NA,NA,NA,NA,NA
Aguascalientes,1989,0.0,0.0,0.0,0.0,0.0,0.0,0.0,0.0,0.0,0.0,0.0,0.0
Aguascalientes,1990,0.0,0.0,0.0,0.0,0.0,0.0,0.0,0.0,0.0,0.0,0.0,0.0
Aguascalientes,1991,0.0,0.0,0.0,0.0,0.0,0.0,0.0,0.0,0.0,0.0,0.0,0.0
Aguascalientes,1992,0.0,0.0,0.0,0.0,0.0,0.0,0.0,0.0,0.0,0.0,0.0,0.0
Aguascalientes,1993,0.0,0.0,0.0,0.0,0.0,0.0,0.0,0.0,0.0,0.0,0.0,0.0
Aguascalientes,1994,0.0,0.0,0.0,0.0,0.0,0.0,0.0,0.0,0.0,0.0,0.0,0.0
Aguascalientes,1995,0.0,0.0,0.0,0.0,0.0,0.0,0.0,0.0,0.0,0.0,0.0,0.0
Aguascalientes,1996,0.0,0.0,0.0,0.0,0.0,0.0,0.0,0.0,0.0,0.0,0.0,0.0
Aguascalientes,1997,0.0,0.0,0.0,0.0,0.0,0.0,0.0,0.0,0.0,0.0,0.0,0.0
Aguascalientes,1998,0.0,0.0,0.0,0.0,0.0,0.0,0.0,0.0,0.0,0.0,0.0,0.0
Aguascalientes,1999,0.0,0.0,0.0,0.0,0.0,0.0,0.0,0.0,0.0,0.0,0.0,0.0
Aguascalientes,2000,0.0,0.0,0.0,0.0,0.0,0.0,0.0,0.0,0.0,0.0,0.0,0.0
Aguascalientes,2001,0.0,0.0,0.0,0.0,0.0,0.0,0.0,0.0,0.0,0.0,0.0,0.0
Aguascalientes,2002,0.0,0.0,0.0,0.0,0.0,0.0,0.0,0.0,0.0,0.0,0.0,0.0
Aguascalientes,2003,0.0,0.0,0.0,0.0,0.0,0.0,0.0,0.0,0.0,0.0,0.0,0.0
Aguascalientes,2004,0.0,0.0,0.0,0.0,0.0,0.0,0.0,0.0,0.0,0.0,0.0,0.0
Aguascalientes,2005,0.0,0.0,0.0,0.0,0.0,0.0,0.0,0.0,0.0,0.0,0.0,0.0
Aguascalientes,2006,0.0,0.0,0.0,0.0,0.0,0.0,0.0,0.0,0.0,0.0,0.0,0.0
Aguascalientes,2007,0.0,0.0,0.0,0.0,0.0,0.0,0.0,0.0,0.0,0.0,0.0,0.0
Aguascalientes,2008,0.0,0.0,0.0,0.0,0.0,0.0,0.0,0.0,0.0,0.0,0.0,0.0
Aguascalientes,2009,0.0,0.0,0.0,0.0,0.0,0.0,0.0,0.0,0.0,0.0,0.0,0.0
Aguascalientes,2010,0.0,0.0,0.0,0.0,0.0,0.0,0.0,0.0,0.0,0.0,0.0,0.0
Aguascalientes,2011,0.0,0.0,0.0,0.0,0.0,0.0,0.0,0.0,0.0,0.0,0.0,0.0
Aguascalientes,2012,0.0,0.0,0.0,0.0,0.0,0.0,0.0,0.0,0.0,0.0,0.0,0.0
Aguascalientes,2013,0.0,0.0,0.0,0.0,0.0,0.0,0.0,0.0,0.0,0.0,0.0,0.0
Aguascalientes,2014,0.0,0.0,0.0,0.0,0.0,0.0,0.0,0.0,0.0,0.0,0.0,0.0
Aguascalientes,2015,0.0,0.0,0.0,0.0,0.0,0.0,0.0,0.0,0.0,0.0,0.0,0.0
Aguascalientes,2016,0.0,0.0,0.0,0.0,0.0,0.0,0.0,0.0,0.0,0.0,0.0,0.0
Aguascalientes,2017,0.0,0.0,0.0,0.0,0.0,0.0,0.0,0.0,0.0,0.0,0.0,0.0
Aguascalientes,2018,0.0,0.0,0.0,0.0,0.0,0.0,0.0,0.0,0.0,0.0,0.0,0.0
Aguascalientes,2019,0.0,0.0,0.0,0.0,0.0,0.0,0.0,0.0,0.0,0.0,0.0,0.0
Aguascalientes,2020,0.0,0.0,0.0,0.0,0.0,0.0,0.0,0.0,0.0,0.0,0.0,0.0
Aguascalientes,2021,0.0,0.0,0.0,0.0,0.0,0.0,0.0,0.0,0.0,0.0,0.0,0.0
Aguascalientes,2022,0.0,0.0,0.0,0.0,0.0,0.0,0.0,0.0,0.0,0.0,0.0,0.0
Aguascalientes,2023,0.0,0.0,0.0,0.0,0.0,0.0,0.0,0.0,0.0,0.0,0.0,0.0
Aguascalientes,2024,0.0,0.0,0.0,0.0,0.0,0.0,0.0,0.0,0.0,0.0,0.0,0.0
Aguascalientes,2025,0.0,0.0,0.0,0.0,0.0,0.0,0.0,0.0,0.0,0.0,0.0,0.0
Aichi,1989,0.0,0.0,0.0,0.0,0.0,0.0,0.0,0.0,0.0,0.0,0.0,0.0
Aichi,1990,0.0,0.0,0.0,0.0,0.0,0.0,0.0,0.0,0.0,0.0,0.0,0.0
Aichi,1991,0.0,0.0,0.0,0.0,0.0,0.0,0.0,0.0,0.0,0.0,0.0,0.0
Aichi,1992,0.0,0.0,0.0,0.0,0.0,0.0,0.0,0.0,0.0,0.0,0.0,0.0
Aichi,1993,0.0,0.0,0.0,0.0,0.0,0.0,0.0,0.0,0.0,0.0,0.0,0.0
Aichi,1994,0.0,0.0,0.0,0.0,0.0,0.0,0.0,0.0,0.0,0.0,0.0,0.0
Aichi,1995,0.0,0.0,0.0,0.0,0.0,0.0,0.0,0.0,0.0,0.0,0.0,0.0
Aichi,1996,0.0,0.0,0.0,0.0,0.0,0.0,0.0,0.0,0.0,0.0,0.0,0.0
Aichi,1997,0.0,0.0,0.0,0.0,0.0,0.0,0.0,0.0,0.0,0.0,0.0,0.0
Aichi,1998,0.0,0.0,0.0,0.0,0.0,0.0,0.0,0.0,0.0,0.0,0.0,0.0
Aichi,1999,0.0,0.0,0.0,0.0,0.0,0.0,0.0,0.0,0.0,0.0,0.0,0.0
Aichi,2000,0.0,0.0,0.0,0.0,0.0,0.0,0.0,0.0,0.0,0.0,0.0,0.0
Aichi,2001,0.0,0.0,0.0,0.0,0.0,0.0,0.0,0.0,0.0,0.0,0.0,0.0
Aichi,2002,0.0,0.0,0.0,0.0,0.0,0.0,0.0,0.0,0.0,0.0,0.0,0.0
Aichi,2003,0.0,0.0,0.0,0.0,0.0,0.0,0.0,0.0,0.0,0.0,0.0,0.0
Aichi,2004,0.0,0.0,0.0,0.0,0.0,0.0,0.0,0.0,0.0,0.0,0.0,0.0
Aichi,2005,0.0,0.0,0.0,0.0,0.0,0.0,0.0,0.0,0.0,0.0,0.0,0.0
Aichi,2006,0.0,0.0,0.0,0.0,0.0,0.0,0.0,0.0,0.0,0.0,0.0,0.0
Aichi,2007,0.0,0.0,0.0,0.0,0.0,0.0,0.0,0.0,0.0,0.0,0.0,0.0
Aichi,2008,0.0,0.0,0.0,0.0,0.0,0.0,0.0,0.0,0.0,0.0,0.0,0.0
Aichi,2009,0.0,0.0,0.0,0.0,0.0,0.0,0.0,0.0,0.0,0.0,0.0,0.0
Aichi,2010,0.0,0.0,0.0,0.0,0.0,0.0,0.0,0.0,0.0,0.0,0.0,0.0
Aichi,2011,0.0,0.0,0.0,0.0,0.0,0.0,0.0,0.0,0.0,0.0,0.0,0.0
Aichi,2012,0.0,0.0,0.0,0.0,0.0,0.0,0.0,0.0,0.0,0.0,0.0,0.0
Aichi,2013,0.0,0.0,0.0,0.0,0.0,0.0,0.0,0.0,0.0,0.0,0.0,0.0
Aichi,2014,0.0,0.0,0.0,0.0,0.0,0.0,0.0,0.0,0.0,0.0,0.0,0.0
Aichi,2015,0.0,0.0,0.0,0.0,0.0,0.0,0.0,0.0,0.0,0.0,0.0,0.0
Aichi,2016,0.0,0.0,0.0,0.0,0.0,0.0,0.0,0.0,0.0,0.0,0.0,0.0
Aichi,2017,0.0,0.0,0.0,0.0,0.0,0.0,0.0,0.0,0.0,0.0,0.0,0.0
Aichi,2018,0.0,0.0,0.0,0.0,0.0,0.0,0.0,0.0,0.0,0.0,0.0,0.0
Aichi,2019,0.0,0.0,0.0,0.0,0.0,0.0,0.0,0.0,0.0,0.0,0.0,0.0
Aichi,2020,0.0,0.0,0.0,0.0,0.0,0.0,0.0,0.0,0.0,0.0,0.0,0.0
Aichi,2021,0.0,0.0,0.0,0.0,0.0,0.0,0.0,0.0,0.0,0.0,0.0,0.0
Aichi,2022,0.0,0.0,0.0,0.0,0.0,0.0,0.0,0.0,0.0,0.0,0.0,0.0
Aichi,2023,0.0,0.0,0.0,0.0,0.0,0.0,0.0,0.0,0.0,0.0,0.0,0.0
Aichi,2024,0.0,0.0,0.0,0.0,0.0,0.0,0.0,0.0,0.0,0.0,0.0,0.0
Aichi,2025,0.0,0.0,0.0,0.0,0.0,0.0,0.0,0.0,0.0,0.0,0.0,0.0
Akita,1989,0.0,0.0,0.0,0.0,0.0,0.0,0.0,0.0,0.0,0.0,0.0,0.0
Akita,1990,0.0,0.0,0.0,0.0,0.0,0.0,0.0,0.0,0.0,0.0,0.0,0.0
Akita,1991,0.0,0.0,0.0,0.0,0.0,0.0,0.0,0.0,0.0,0.0,0.0,0.0
Akita,1992,0.0,0.0,0.0,0.0,0.0,0.0,0.0,0.0,0.0,0.0,0.0,0.0
Akita,1993,0.0,0.0,0.0,0.0,0.0,0.0,0.0,0.0,0.0,0.0,0.0,0.0
Akita,1994,0.0,0.0,0.0,0.0,0.0,0.0,0.0,0.0,0.0,0.0,0.0,0.0
Akita,1995,0.0,0.0,0.0,0.0,0.0,0.0,0.0,0.0,0.0,0.0,0.0,0.0
Akita,1996,0.0,0.0,0.0,0.0,0.0,0.0,0.0,0.0,0.0,0.0,0.0,0.0
Akita,1997,0.0,0.0,0.0,0.0,0.0,0.0,0.0,0.0,0.0,0.0,0.0,0.0
Akita,1998,0.0,0.0,0.0,0.0,0.0,0.0,0.0,0.0,0.0,0.0,0.0,0.0
Akita,1999,0.0,0.0,0.0,0.0,0.0,0.0,0.0,0.0,0.0,0.0,0.0,0.0
Akita,2000,0.0,0.0,0.0,0.0,0.0,0.0,0.0,0.0,0.0,0.0,0.0,0.0
Akita,2001,0.0,0.0,0.0,0.0,0.0,0.0,0.0,0.0,0.0,0.0,0.0,0.0
Akita,2002,0.0,0.0,0.0,0.0,0.0,0.0,0.0,0.0,0.0,0.0,0.0,0.0
Akita,2003,0.0,0.0,0.0,0.0,0.0,0.0,0.0,0.0,0.0,0.0,0.0,0.0
Akita,2004,0.0,0.0,0.0,0.0,0.0,0.0,0.0,0.0,0.0,0.0,0.0,0.0
Akita,2005,0.0,0.0,0.0,0.0,0.0,0.0,0.0,0.0,0.0,0.0,0.0,0.0
Akita,2006,0.0,0.0,0.0,0.0,0.0,0.0,0.0,0.0,0.0,0.0,0.0,0.0
Akita,2007,0.0,0.0,0.0,0.0,0.0,0.0,0.0,0.0,0.0,0.0,0.0,0.0
Akita,2008,0.0,0.0,0.0,0.0,0.0,0.0,0.0,0.0,0.0,0.0,0.0,0.0
Akita,2009,0.0,0.0,0.0,0.0,0.0,0.0,0.0,0.0,0.0,0.0,0.0,0.0
Akita,2010,0.0,0.0,0.0,0.0,0.0,0.0,0.0,0.0,0.0,0.0,0.0,0.0
Akita,2011,0.0,0.0,0.0,0.0,0.0,0.0,0.0,0.0,0.0,0.0,0.0,0.0
Akita,2012,0.0,0.0,0.0,0.0,0.0,0.0,0.0,0.0,0.0,0.0,0.0,0.0
Akita,2013,0.0,0.0,0.0,0.0,0.0,0.0,0.0,0.0,0.0,0.0,0.0,0.0
Akita,2014,0.0,0.0,0.0,0.0,0.0,0.0,0.0,0.0,0.0,0.0,0.0,0.0
Akita,2015,0.0,0.0,0.0,0.0,0.0,0.0,0.0,0.0,0.0,0.0,0.0,0.0
Akita,2016,0.0,0.0,0.0,0.0,0.0,0.0,0.0,0.0,0.0,0.0,0.0,0.0
Akita,2017,0.0,0.0,0.0,0.0,0.0,0.0,0.0,0.0,0.0,0.0,0.0,0.0
Akita,2018,0.0,0.0,0.0,0.0,0.0,0.0,0.0,0.0,0.0,0.0,0.0,0.0
Akita,2019,0.0,0.0,0.0,0.0,0.0,0.0,0.0,0.0,0.0,0.0,0.0,0.0
Akita,2020,0.0,0.0,0.0,0.0,0.0,0.0,0.0,0.0,0.0,0.0,0.0,0.0
Akita,2021,0.0,0.0,0.0,0.0,0.0,0.0,0.0,0.0,0.0,0.0,0.0,0.0
Akita,2022,0.0,0.0,0.0,0.0,0.0,0.0,0.0,0.0,0.0,0.0,0.0,0.0
Akita,2023,0.0,0.0,0.0,0.0,0.0,0.0,0.0,0.0,0.0,0.0,0.0,0.0
Akita,2024,0.0,0.0,0.0,0.0,0.0,0.0,0.0,0.0,0.0,0.0,0.0,0.0
Akita,2025,0.0,0.0,0.0,0.0,0.0,0.0,0.0,0.0,0.0,0.0,0.0,0.0
Alabama,1989,0.0,0.0,0.0,0.0,0.0,0.0,0.0,0.0,0.0,0.0,0.0,0.0
Alabama,1990,0.0,0.0,0.0,0.0,0.0,0.0,0.0,0.0,0.0,0.0,0.0,0.0
Alabama,1991,0.0,0.0,0.0,0.0,0.0,0.0,0.0,0.0,0.0,0.0,0.0,0.0
Alabama,1992,0.0,0.0,0.0,0.0,0.0,0.0,0.0,0.0,0.0,0.0,0.0,0.0
Alabama,1993,0.0,0.0,0.0,0.0,0.0,0.0,0.0,0.0,0.0,0.0,0.0,0.0
Alabama,1994,0.0,0.0,0.0,0.0,0.0,0.0,0.0,0.0,0.0,0.0,0.0,0.0
Alabama,1995,0.0,0.0,0.0,0.0,0.0,0.0,0.0,0.0,0.0,0.0,0.0,0.0
Alabama,1996,0.0,0.0,0.0,0.0,0.0,0.0,0.0,0.0,0.0,0.0,0.0,0.0
Alabama,1997,0.0,0.0,0.0,0.0,0.0,0.0,0.0,0.0,0.0,0.0,0.0,0.0
Alabama,1998,0.0,0.0,0.0,0.0,0.0,0.0,0.0,0.0,0.0,0.0,0.0,0.0
Alabama,1999,0.0,0.0,0.0,0.0,0.0,0.0,0.0,0.0,0.0,0.0,0.0,0.0
Alabama,2000,0.0,0.0,0.0,0.0,0.0,0.0,0.0,0.0,0.0,0.0,0.0,0.0
Alabama,2001,0.0,0.0,0.0,0.0,0.0,0.0,0.0,0.0,0.0,0.0,0.0,0.0
Alabama,2002,0.0,0.0,0.0,0.0,0.0,0.0,0.0,0.0,0.0,0.0,0.0,0.0
Alabama,2003,0.0,0.0,0.0,0.0,0.0,0.0,0.0,0.0,0.0,0.0,0.0,0.0
Alabama,2004,0.0,0.0,0.0,0.0,0.0,0.0,0.0,0.0,0.0,0.0,0.0,0.0
Alabama,2005,0.0,0.0,0.0,0.0,0.0,0.0,0.0,0.0,0.0,0.0,0.0,0.0
Alabama,2006,0.0,0.0,0.0,0.0,0.0,0.0,0.0,0.0,0.0,0.0,0.0,0.0
Alabama,2007,0.0,0.0,0.0,0.0,0.0,0.0,0.0,0.0,0.0,0.0,0.0,0.0
Alabama,2008,0.0,0.0,0.0,0.0,0.0,0.0,0.0,0.0,0.0,0.0,0.0,0.0
Alabama,2009,0.0,0.0,0.0,0.0,0.0,0.0,0.0,0.0,0.0,0.0,0.0,0.0
Alabama,2010,0.0,0.0,0.0,0.0,0.0,0.0,0.0,0.0,0.0,0.0,0.0,0.0
Alabama,2011,0.0,0.0,0.0,0.0,0.0,0.0,0.0,0.0,0.0,0.0,0.0,0.0
Alabama,2012,0.0,0.0,0.0,0.0,0.0,0.0,0.0,0.0,0.0,0.0,0.0,0.0
Alabama,2013,0.0,0.0,0.0,0.0,0.0,0.0,0.0,0.0,0.0,0.0,0.0,0.0
Alabama,2014,0.0,0.0,0.0,0.0,0.0,0.0,0.0,0.0,0.0,0.0,0.0,0.0
Alabama,2015,0.0,0.0,0.0,0.0,0.0,0.0,0.0,0.0,0.0,0.0,0.0,0.0
Alabama,2016,0.0,0.0,0.0,0.0,0.0,0.0,0.0,0.0,0.0,0.0,0.0,0.0
Alabama,2017,0.0,0.0,0.0,0.0,0.0,0.0,0.0,0.0,0.0,0.0,0.0,0.0
Alabama,2018,0.0,0.0,0.0,0.0,0.0,0.0,0.0,0.0,0.0,0.0,0.0,0.0
Alabama,2019,0.0,0.0,0.0,0.0,0.0,0.0,0.0,0.0,0.0,0.0,0.0,0.0
Alabama,2020,0.0,0.0,0.0,0.0,0.0,0.0,0.0,0.0,0.0,0.0,0.0,0.0
Alabama,2021,0.0,0.0,0.0,0.0,0.0,0.0,0.0,0.0,0.0,0.0,0.0,0.0
Alabama,2022,0.0,0.0,0.0,0.0,0.0,0.0,0.0,0.0,0.0,0.0,0.0,0.0
Alabama,2023,0.0,0.0,0.0,0.0,0.0,0.0,0.0,0.0,0.0,0.0,0.0,0.0
Alabama,2024,0.0,0.0,0.0,0.0,0.0,0.0,0.0,0.0,0.0,0.0,0.0,0.0
Alabama,2025,0.0,0.0,0.0,0.0,0.0,0.0,0.0,0.0,0.0,0.0,0.0,0.0
Alaska,1989,0.0,0.0,0.0,0.0,0.0,0.0,0.0,0.0,0.0,0.0,0.0,0.0
Alaska,1990,0.0,0.0,0.0,0.0,0.0,0.0,0.0,0.0,0.0,0.0,0.0,0.0
Alaska,1991,0.0,0.0,0.0,0.0,0.0,0.0,0.0,0.0,0.0,0.0,0.0,0.0
Alaska,1992,0.0,0.0,0.0,0.0,0.0,0.0,0.0,0.0,0.0,0.0,0.0,0.0
Alaska,1993,0.0,0.0,0.0,0.0,0.0,0.0,0.0,0.0,0.0,0.0,0.0,0.0
Alaska,1994,0.0,0.0,0.0,0.0,0.0,0.0,0.0,0.0,0.0,0.0,0.0,0.0
Alaska,1995,0.0,0.0,0.0,0.0,0.0,0.0,0.0,0.0,0.0,0.0,0.0,0.0
Alaska,1996,0.0,0.0,0.0,0.0,0.0,0.0,0.0,0.0,0.0,0.0,0.0,0.0
Alaska,1997,0.0,0.0,0.0,0.0,0.0,0.0,0.0,0.0,0.0,0.0,0.0,0.0
Alaska,1998,0.0,0.0,0.0,0.0,0.0,0.0,0.0,0.0,0.0,0.0,0.0,0.0
Alaska,1999,0.0,0.0,0.0,0.0,0.0,0.0,0.0,0.0,0.0,0.0,0.0,0.0
Alaska,2000,0.0,0.0,0.0,0.0,0.0,0.0,0.0,0.0,0.0,0.0,0.0,0.0
Alaska,2001,0.0,0.0,0.0,0.0,0.0,0.0,0.0,0.0,0.0,0.0,0.0,0.0
Alaska,2002,0.0,0.0,0.0,0.0,0.0,0.0,0.0,0.0,0.0,0.0,0.0,0.0
Alaska,2003,0.0,0.0,0.0,0.0,0.0,0.0,0.0,0.0,0.0,0.0,0.0,0.0
Alaska,2004,0.0,0.0,0.0,0.0,0.0,0.0,0.0,0.0,0.0,0.0,0.0,0.0
Alaska,2005,0.0,0.0,0.0,0.0,0.0,0.0,0.0,0.0,0.0,0.0,0.0,0.0
Alaska,2006,0.0,0.0,0.0,0.0,0.0,0.0,0.0,0.0,0.0,0.0,0.0,0.0
Alaska,2007,0.0,0.0,0.0,0.0,0.0,0.0,0.0,0.0,0.0,0.0,0.0,0.0
Alaska,2008,0.0,0.0,0.0,0.0,0.0,0.0,0.0,0.0,0.0,0.0,0.0,0.0
Alaska,2009,0.0,0.0,0.0,0.0,0.0,0.0,0.0,0.0,0.0,0.0,0.0,0.0
Alaska,2010,0.0,0.0,0.0,0.0,0.0,0.0,0.0,0.0,0.0,0.0,0.0,0.0
Alaska,2011,0.0,0.0,0.0,0.0,0.0,0.0,0.0,0.0,0.0,0.0,0.0,0.0
Alaska,2012,0.0,0.0,0.0,0.0,0.0,0.0,0.0,0.0,0.0,0.0,0.0,0.0
Alaska,2013,0.0,0.0,0.0,0.0,0.0,0.0,0.0,0.0,0.0,0.0,0.0,0.0
Alaska,2014,0.0,0.0,0.0,0.0,0.0,0.0,0.0,0.0,0.0,0.0,0.0,0.0
Alaska,2015,0.0,0.0,0.0,0.0,0.0,0.0,0.0,0.0,0.0,0.0,0.0,0.0
Alaska,2016,0.0,0.0,0.0,0.0,0.0,0.0,0.0,0.0,0.0,0.0,0.0,0.0
Alaska,2017,0.0,0.0,0.0,0.0,0.0,0.0,0.0,0.0,0.0,0.0,0.0,0.0
Alaska,2018,0.0,0.0,0.0,0.0,0.0,0.0,0.0,0.0,0.0,0.0,0.0,0.0
Alaska,2019,0.0,0.0,0.0,0.0,0.0,0.0,0.0,0.0,0.0,0.0,0.0,0.0
Alaska,2020,0.0,0.0,0.0,0.0,0.0,0.0,0.0,0.0,0.0,0.0,0.0,0.0
Alaska,2021,0.0,0.0,0.0,0.0,0.0,0.0,0.0,0.0,0.0,0.0,0.0,0.0
Alaska,2022,0.0,0.0,0.0,0.0,0.0,0.0,0.0,0.0,0.0,0.0,0.0,0.0
Alaska,2023,0.0,0.0,0.0,0.0,0.0,0.0,0.0,0.0,0.0,0.0,0.0,0.0
Alaska,2024,0.0,0.0,0.0,0.0,0.0,0.0,0.0,0.0,0.0,0.0,0.0,0.0
Alaska,2025,0.0,0.0,0.0,0.0,0.0,0.0,0.0,0.0,0.0,0.0,0.0,0.0
Albania,1989,0.0,0.0,0.0,0.0,0.0,0.0,NA,NA,NA,NA,NA,NA
Albania,1990,0.0,0.0,0.0,0.0,0.0,0.0,NA,NA,NA,NA,NA,NA
Albania,1991,0.0,0.0,0.0,0.0,0.0,0.0,NA,NA,NA,NA,NA,NA
Albania,1992,0.0,0.0,0.0,0.0,0.0,0.0,NA,NA,NA,NA,NA,NA
Albania,1993,0.0,0.0,0.0,0.0,0.0,0.0,NA,NA,NA,NA,NA,NA
Albania,1994,0.0,0.0,0.0,0.0,0.0,0.0,NA,NA,NA,NA,NA,NA
Albania,1995,0.0,0.0,0.0,0.0,0.0,0.0,NA,NA,NA,NA,NA,NA
Albania,1996,0.0,0.0,0.0,0.0,0.0,0.0,NA,NA,NA,NA,NA,NA
Albania,1997,0.0,0.0,0.0,0.0,0.0,0.0,NA,NA,NA,NA,NA,NA
Albania,1998,0.0,0.0,0.0,0.0,0.0,0.0,NA,NA,NA,NA,NA,NA
Albania,1999,0.0,0.0,0.0,0.0,0.0,0.0,NA,NA,NA,NA,NA,NA
Albania,2000,0.0,0.0,0.0,0.0,0.0,0.0,NA,NA,NA,NA,NA,NA
Albania,2001,0.0,0.0,0.0,0.0,0.0,0.0,NA,NA,NA,NA,NA,NA
Albania,2002,0.0,0.0,0.0,0.0,0.0,0.0,NA,NA,NA,NA,NA,NA
Albania,2003,0.0,0.0,0.0,0.0,0.0,0.0,NA,NA,NA,NA,NA,NA
Albania,2004,0.0,0.0,0.0,0.0,0.0,0.0,NA,NA,NA,NA,NA,NA
Albania,2005,0.0,0.0,0.0,0.0,0.0,0.0,NA,NA,NA,NA,NA,NA
Albania,2006,0.0,0.0,0.0,0.0,0.0,0.0,NA,NA,NA,NA,NA,NA
Albania,2007,0.0,0.0,0.0,0.0,0.0,0.0,NA,NA,NA,NA,NA,NA
Albania,2008,0.0,0.0,0.0,0.0,0.0,0.0,NA,NA,NA,NA,NA,NA
Albania,2009,0.0,0.0,0.0,0.0,0.0,0.0,NA,NA,NA,NA,NA,NA
Albania,2010,0.0,0.0,0.0,0.0,0.0,0.0,NA,NA,NA,NA,NA,NA
Albania,2011,0.0,0.0,0.0,0.0,0.0,0.0,NA,NA,NA,NA,NA,NA
Albania,2012,0.0,0.0,0.0,0.0,0.0,0.0,NA,NA,NA,NA,NA,NA
Albania,2013,0.0,0.0,0.0,0.0,0.0,0.0,NA,NA,NA,NA,NA,NA
Albania,2014,0.0,0.0,0.0,0.0,0.0,0.0,NA,NA,NA,NA,NA,NA
Albania,2015,0.0,0.0,0.0,0.0,0.0,0.0,NA,NA,NA,NA,NA,NA
Albania,2016,0.0,0.0,0.0,0.0,0.0,0.0,NA,NA,NA,NA,NA,NA
Albania,2017,0.0,0.0,0.0,0.0,0.0,0.0,NA,NA,NA,NA,NA,NA
Albania,2018,0.0,0.0,0.0,0.0,0.0,0.0,NA,NA,NA,NA,NA,NA
Albania,2019,0.0,0.0,0.0,0.0,0.0,0.0,NA,NA,NA,NA,NA,NA
Albania,2020,0.0,0.0,0.0,0.0,0.0,0.0,NA,NA,NA,NA,NA,NA
Albania,2021,0.0,0.0,0.0,0.0,0.0,0.0,NA,NA,NA,NA,NA,NA
Albania,2022,0.0,0.0,0.0,0.0,0.0,0.0,NA,NA,NA,NA,NA,NA
Albania,2023,0.0,0.0,0.0,0.0,0.0,0.0,NA,NA,NA,NA,NA,NA
Albania,2024,0.0,0.0,0.0,0.0,0.0,0.0,NA,NA,NA,NA,NA,NA
Albania,2025,0.0,0.0,0.0,0.0,0.0,0.0,NA,NA,NA,NA,NA,NA
Alberta,1989,0.0,0.0,0.0,0.0,0.0,0.0,0.0,0.0,0.0,0.0,0.0,0.0
Alberta,1990,0.0,0.0,0.0,0.0,0.0,0.0,0.0,0.0,0.0,0.0,0.0,0.0
Alberta,1991,0.0,0.0,0.0,0.0,0.0,0.0,0.0,0.0,0.0,0.0,0.0,0.0
Alberta,1992,0.0,0.0,0.0,0.0,0.0,0.0,0.0,0.0,0.0,0.0,0.0,0.0
Alberta,1993,0.0,0.0,0.0,0.0,0.0,0.0,0.0,0.0,0.0,0.0,0.0,0.0
Alberta,1994,0.0,0.0,0.0,0.0,0.0,0.0,0.0,0.0,0.0,0.0,0.0,0.0
Alberta,1995,0.0,0.0,0.0,0.0,0.0,0.0,0.0,0.0,0.0,0.0,0.0,0.0
Alberta,1996,0.0,0.0,0.0,0.0,0.0,0.0,0.0,0.0,0.0,0.0,0.0,0.0
Alberta,1997,0.0,0.0,0.0,0.0,0.0,0.0,0.0,0.0,0.0,0.0,0.0,0.0
Alberta,1998,0.0,0.0,0.0,0.0,0.0,0.0,0.0,0.0,0.0,0.0,0.0,0.0
Alberta,1999,0.0,0.0,0.0,0.0,0.0,0.0,0.0,0.0,0.0,0.0,0.0,0.0
Alberta,2000,0.0,0.0,0.0,0.0,0.0,0.0,0.0,0.0,0.0,0.0,0.0,0.0
Alberta,2001,0.0,0.0,0.0,0.0,0.0,0.0,0.0,0.0,0.0,0.0,0.0,0.0
Alberta,2002,0.0,0.0,0.0,0.0,0.0,0.0,0.0,0.0,0.0,0.0,0.0,0.0
Alberta,2003,0.0,0.0,0.0,0.0,0.0,0.0,0.0,0.0,0.0,0.0,0.0,0.0
Alberta,2004,0.0,0.0,0.0,0.0,0.0,0.0,0.0,0.0,0.0,0.0,0.0,0.0
Alberta,2005,0.0,0.0,0.0,0.0,0.0,0.0,0.0,0.0,0.0,0.0,0.0,0.0
Alberta,2006,0.0,0.0,0.0,0.0,0.0,0.0,0.0,0.0,0.0,0.0,0.0,0.0
Alberta,2007,0.1716713289161269,0.0,0.1716713289161269,0.23628786412922823,0.0,0.23628786412922823,0.06153609112783745,0.0,0.06153609112783745,0.07984869394202244,0.0,0.07984869394202244
Alberta,2008,0.16507443222034038,0.0,0.16507443222034038,0.22720791676719598,0.0,0.22720791676719598,0.059171414167532785,0.0,0.059171414167532785,0.07678030978868282,0.0,0.07678030978868282
Alberta,2009,0.1690036350214393,0.0,0.1690036350214393,0.23261605884580622,0.0,0.23261605884580622,0.06057984843057916,0.0,0.06057984843057916,0.07860788177686479,0.0,0.07860788177686479
Alberta,2010,0.16432267718000967,0.0,0.16432267718000967,0.2261732035512523,0.0,0.2261732035512523,0.05890194536945408,0.0,0.05890194536945408,0.07643064943180362,0.0,0.07643064943180362
Alberta,2011,0.1591588399639978,0.0,0.1591588399639978,0.21906571464098362,0.0,0.21906571464098362,0.057050952780883436,0.0,0.057050952780883436,0.07402881762895665,0.0,0.07402881762895665
Alberta,2012,0.1572429234642665,0.0,0.1572429234642665,0.21642865334233988,0.0,0.21642865334233988,0.05636418689478493,0.0,0.05636418689478493,0.07313767621838214,0.0,0.07313767621838214
Alberta,2013,0.1545525683238028,0.0,0.1545525683238028,0.21272565719322847,0.0,0.21272565719322847,0.05539982120754367,0.0,0.05539982120754367,0.07188632373242809,0.0,0.07188632373242809
Alberta,2014,0.15160952574001652,0.0,0.15160952574001652,0.2086748628610894,0.0,0.2086748628610894,0.054344878965455826,0.0,0.054344878965455826,0.07051743990066196,0.0,0.07051743990066196
Alberta,2015,0.15293648114001784,0.0,0.15293648114001784,0.2105012799992374,0.0,0.2105012799992374,0.05482053001873655,0.0,0.05482053001873655,0.07113464054959028,0.0,0.07113464054959028
Alberta,2016,0.20246368788410898,0.0,0.20246368788410898,0.27867036782383015,0.0,0.27867036782383015,0.07257370247189937,0.0,0.07257370247189937,0.09417100193900048,0.0,0.09417100193900048
Alberta,2017,0.2960831895352791,0.0,0.2960831895352791,0.4075279483275929,0.0,0.4075279483275929,0.1061318872970647,0.0,0.1061318872970647,0.13771580922595977,0.0,0.13771580922595977
Alberta,2018,0.2912739129691192,0.0,0.2912739129691192,0.4009084755536629,0.0,0.4009084755536629,0.10440798801287625,0.0,0.10440798801287625,0.13547889258391838,0.0,0.13547889258391838
Alberta,2019,0.28683917621152427,0.0,0.28683917621152427,0.3948045181657671,0.0,0.3948045181657671,0.10281834362108232,0.0,0.10281834362108232,0.13341618391668578,0.0,0.13341618391668578
Alberta,2020,0.28380021442981607,0.0,0.28380021442981607,0.39062170095858506,0.0,0.39062170095858506,0.10172901886129918,0.0,0.10172901886129918,0.13200268563050616,0.0,0.13200268563050616
Alberta,2021,0.35146125396946,0.0,0.35146125396946,0.48375013782993176,0.0,0.48375013782993176,0.12598231684182534,0.0,0.12598231684182534,0.163473553084673,0.0,0.163473553084673
Alberta,2022,0.40809194474290483,0.0,0.40809194474290483,0.56169643819065,0.0,0.56169643819065,0.14628175397013968,0.0,0.14628175397013968,0.18981392525889532,0.0,0.18981392525889532
Alberta,2023,0.0,0.0,0.0,0.0,0.0,0.0,0.0,0.0,0.0,0.0,0.0,0.0
Alberta,2024,0.0,0.0,0.0,0.0,0.0,0.0,0.0,0.0,0.0,0.0,0.0,0.0
Alberta,2025,0.0,0.0,0.0,0.0,0.0,0.0,0.0,0.0,0.0,0.0,0.0,0.0
Algeria,1989,0.0,0.0,0.0,0.0,0.0,0.0,NA,NA,NA,NA,NA,NA
Algeria,1990,0.0,0.0,0.0,0.0,0.0,0.0,NA,NA,NA,NA,NA,NA
Algeria,1991,0.0,0.0,0.0,0.0,0.0,0.0,NA,NA,NA,NA,NA,NA
Algeria,1992,0.0,0.0,0.0,0.0,0.0,0.0,NA,NA,NA,NA,NA,NA
Algeria,1993,0.0,0.0,0.0,0.0,0.0,0.0,NA,NA,NA,NA,NA,NA
Algeria,1994,0.0,0.0,0.0,0.0,0.0,0.0,NA,NA,NA,NA,NA,NA
Algeria,1995,0.0,0.0,0.0,0.0,0.0,0.0,NA,NA,NA,NA,NA,NA
Algeria,1996,0.0,0.0,0.0,0.0,0.0,0.0,NA,NA,NA,NA,NA,NA
Algeria,1997,0.0,0.0,0.0,0.0,0.0,0.0,NA,NA,NA,NA,NA,NA
Algeria,1998,0.0,0.0,0.0,0.0,0.0,0.0,NA,NA,NA,NA,NA,NA
Algeria,1999,0.0,0.0,0.0,0.0,0.0,0.0,NA,NA,NA,NA,NA,NA
Algeria,2000,0.0,0.0,0.0,0.0,0.0,0.0,NA,NA,NA,NA,NA,NA
Algeria,2001,0.0,0.0,0.0,0.0,0.0,0.0,NA,NA,NA,NA,NA,NA
Algeria,2002,0.0,0.0,0.0,0.0,0.0,0.0,NA,NA,NA,NA,NA,NA
Algeria,2003,0.0,0.0,0.0,0.0,0.0,0.0,NA,NA,NA,NA,NA,NA
Algeria,2004,0.0,0.0,0.0,0.0,0.0,0.0,NA,NA,NA,NA,NA,NA
Algeria,2005,0.0,0.0,0.0,0.0,0.0,0.0,NA,NA,NA,NA,NA,NA
Algeria,2006,0.0,0.0,0.0,0.0,0.0,0.0,NA,NA,NA,NA,NA,NA
Algeria,2007,0.0,0.0,0.0,0.0,0.0,0.0,NA,NA,NA,NA,NA,NA
Algeria,2008,0.0,0.0,0.0,0.0,0.0,0.0,NA,NA,NA,NA,NA,NA
Algeria,2009,0.0,0.0,0.0,0.0,0.0,0.0,NA,NA,NA,NA,NA,NA
Algeria,2010,0.0,0.0,0.0,0.0,0.0,0.0,NA,NA,NA,NA,NA,NA
Algeria,2011,0.0,0.0,0.0,0.0,0.0,0.0,NA,NA,NA,NA,NA,NA
Algeria,2012,0.0,0.0,0.0,0.0,0.0,0.0,NA,NA,NA,NA,NA,NA
Algeria,2013,0.0,0.0,0.0,0.0,0.0,0.0,NA,NA,NA,NA,NA,NA
Algeria,2014,0.0,0.0,0.0,0.0,0.0,0.0,NA,NA,NA,NA,NA,NA
Algeria,2015,0.0,0.0,0.0,0.0,0.0,0.0,NA,NA,NA,NA,NA,NA
Algeria,2016,0.0,0.0,0.0,0.0,0.0,0.0,NA,NA,NA,NA,NA,NA
Algeria,2017,0.0,0.0,0.0,0.0,0.0,0.0,NA,NA,NA,NA,NA,NA
Algeria,2018,0.0,0.0,0.0,0.0,0.0,0.0,NA,NA,NA,NA,NA,NA
Algeria,2019,0.0,0.0,0.0,0.0,0.0,0.0,NA,NA,NA,NA,NA,NA
Algeria,2020,0.0,0.0,0.0,0.0,0.0,0.0,NA,NA,NA,NA,NA,NA
Algeria,2021,0.0,0.0,0.0,0.0,0.0,0.0,NA,NA,NA,NA,NA,NA
Algeria,2022,0.0,0.0,0.0,0.0,0.0,0.0,NA,NA,NA,NA,NA,NA
Algeria,2023,0.0,0.0,0.0,0.0,0.0,0.0,NA,NA,NA,NA,NA,NA
Algeria,2024,0.0,0.0,0.0,0.0,0.0,0.0,NA,NA,NA,NA,NA,NA
Algeria,2025,0.0,0.0,0.0,0.0,0.0,0.0,NA,NA,NA,NA,NA,NA
Andorra,1989,0.0,0.0,0.0,0.0,0.0,0.0,NA,NA,NA,NA,NA,NA
Andorra,1990,0.0,0.0,0.0,0.0,0.0,0.0,NA,NA,NA,NA,NA,NA
Andorra,1991,0.0,0.0,0.0,0.0,0.0,0.0,NA,NA,NA,NA,NA,NA
Andorra,1992,0.0,0.0,0.0,0.0,0.0,0.0,NA,NA,NA,NA,NA,NA
Andorra,1993,0.0,0.0,0.0,0.0,0.0,0.0,NA,NA,NA,NA,NA,NA
Andorra,1994,0.0,0.0,0.0,0.0,0.0,0.0,NA,NA,NA,NA,NA,NA
Andorra,1995,0.0,0.0,0.0,0.0,0.0,0.0,NA,NA,NA,NA,NA,NA
Andorra,1996,0.0,0.0,0.0,0.0,0.0,0.0,NA,NA,NA,NA,NA,NA
Andorra,1997,0.0,0.0,0.0,0.0,0.0,0.0,NA,NA,NA,NA,NA,NA
Andorra,1998,0.0,0.0,0.0,0.0,0.0,0.0,NA,NA,NA,NA,NA,NA
Andorra,1999,0.0,0.0,0.0,0.0,0.0,0.0,NA,NA,NA,NA,NA,NA
Andorra,2000,0.0,0.0,0.0,0.0,0.0,0.0,NA,NA,NA,NA,NA,NA
Andorra,2001,0.0,0.0,0.0,0.0,0.0,0.0,NA,NA,NA,NA,NA,NA
Andorra,2002,0.0,0.0,0.0,0.0,0.0,0.0,NA,NA,NA,NA,NA,NA
Andorra,2003,0.0,0.0,0.0,0.0,0.0,0.0,NA,NA,NA,NA,NA,NA
Andorra,2004,0.0,0.0,0.0,0.0,0.0,0.0,NA,NA,NA,NA,NA,NA
Andorra,2005,0.0,0.0,0.0,0.0,0.0,0.0,NA,NA,NA,NA,NA,NA
Andorra,2006,0.0,0.0,0.0,0.0,0.0,0.0,NA,NA,NA,NA,NA,NA
Andorra,2007,0.0,0.0,0.0,0.0,0.0,0.0,NA,NA,NA,NA,NA,NA
Andorra,2008,0.0,0.0,0.0,0.0,0.0,0.0,NA,NA,NA,NA,NA,NA
Andorra,2009,0.0,0.0,0.0,0.0,0.0,0.0,NA,NA,NA,NA,NA,NA
Andorra,2010,0.0,0.0,0.0,0.0,0.0,0.0,NA,NA,NA,NA,NA,NA
Andorra,2011,0.0,0.0,0.0,0.0,0.0,0.0,NA,NA,NA,NA,NA,NA
Andorra,2012,0.0,0.0,0.0,0.0,0.0,0.0,NA,NA,NA,NA,NA,NA
Andorra,2013,0.0,0.0,0.0,0.0,0.0,0.0,NA,NA,NA,NA,NA,NA
Andorra,2014,0.0,0.0,0.0,0.0,0.0,0.0,NA,NA,NA,NA,NA,NA
Andorra,2015,0.0,0.0,0.0,0.0,0.0,0.0,NA,NA,NA,NA,NA,NA
Andorra,2016,0.0,0.0,0.0,0.0,0.0,0.0,NA,NA,NA,NA,NA,NA
Andorra,2017,0.0,0.0,0.0,0.0,0.0,0.0,NA,NA,NA,NA,NA,NA
Andorra,2018,0.0,0.0,0.0,0.0,0.0,0.0,NA,NA,NA,NA,NA,NA
Andorra,2019,0.0,0.0,0.0,0.0,0.0,0.0,NA,NA,NA,NA,NA,NA
Andorra,2020,0.0,0.0,0.0,0.0,0.0,0.0,NA,NA,NA,NA,NA,NA
Andorra,2021,0.0,0.0,0.0,0.0,0.0,0.0,NA,NA,NA,NA,NA,NA
Andorra,2022,0.0,0.0,0.0,0.0,0.0,0.0,NA,NA,NA,NA,NA,NA
Andorra,2023,0.0,0.0,0.0,0.0,0.0,0.0,NA,NA,NA,NA,NA,NA
Andorra,2024,0.0,0.0,0.0,0.0,0.0,0.0,NA,NA,NA,NA,NA,NA
Andorra,2025,0.0,0.0,0.0,0.0,0.0,0.0,NA,NA,NA,NA,NA,NA
Angola,1989,0.0,0.0,0.0,0.0,0.0,0.0,NA,NA,NA,NA,NA,NA
Angola,1990,0.0,0.0,0.0,0.0,0.0,0.0,NA,NA,NA,NA,NA,NA
Angola,1991,0.0,0.0,0.0,0.0,0.0,0.0,NA,NA,NA,NA,NA,NA
Angola,1992,0.0,0.0,0.0,0.0,0.0,0.0,NA,NA,NA,NA,NA,NA
Angola,1993,0.0,0.0,0.0,0.0,0.0,0.0,NA,NA,NA,NA,NA,NA
Angola,1994,0.0,0.0,0.0,0.0,0.0,0.0,NA,NA,NA,NA,NA,NA
Angola,1995,0.0,0.0,0.0,0.0,0.0,0.0,NA,NA,NA,NA,NA,NA
Angola,1996,0.0,0.0,0.0,0.0,0.0,0.0,NA,NA,NA,NA,NA,NA
Angola,1997,0.0,0.0,0.0,0.0,0.0,0.0,NA,NA,NA,NA,NA,NA
Angola,1998,0.0,0.0,0.0,0.0,0.0,0.0,NA,NA,NA,NA,NA,NA
Angola,1999,0.0,0.0,0.0,0.0,0.0,0.0,NA,NA,NA,NA,NA,NA
Angola,2000,0.0,0.0,0.0,0.0,0.0,0.0,NA,NA,NA,NA,NA,NA
Angola,2001,0.0,0.0,0.0,0.0,0.0,0.0,NA,NA,NA,NA,NA,NA
Angola,2002,0.0,0.0,0.0,0.0,0.0,0.0,NA,NA,NA,NA,NA,NA
Angola,2003,0.0,0.0,0.0,0.0,0.0,0.0,NA,NA,NA,NA,NA,NA
Angola,2004,0.0,0.0,0.0,0.0,0.0,0.0,NA,NA,NA,NA,NA,NA
Angola,2005,0.0,0.0,0.0,0.0,0.0,0.0,NA,NA,NA,NA,NA,NA
Angola,2006,0.0,0.0,0.0,0.0,0.0,0.0,NA,NA,NA,NA,NA,NA
Angola,2007,0.0,0.0,0.0,0.0,0.0,0.0,NA,NA,NA,NA,NA,NA
Angola,2008,0.0,0.0,0.0,0.0,0.0,0.0,NA,NA,NA,NA,NA,NA
Angola,2009,0.0,0.0,0.0,0.0,0.0,0.0,NA,NA,NA,NA,NA,NA
Angola,2010,0.0,0.0,0.0,0.0,0.0,0.0,NA,NA,NA,NA,NA,NA
Angola,2011,0.0,0.0,0.0,0.0,0.0,0.0,NA,NA,NA,NA,NA,NA
Angola,2012,0.0,0.0,0.0,0.0,0.0,0.0,NA,NA,NA,NA,NA,NA
Angola,2013,0.0,0.0,0.0,0.0,0.0,0.0,NA,NA,NA,NA,NA,NA
Angola,2014,0.0,0.0,0.0,0.0,0.0,0.0,NA,NA,NA,NA,NA,NA
Angola,2015,0.0,0.0,0.0,0.0,0.0,0.0,NA,NA,NA,NA,NA,NA
Angola,2016,0.0,0.0,0.0,0.0,0.0,0.0,NA,NA,NA,NA,NA,NA
Angola,2017,0.0,0.0,0.0,0.0,0.0,0.0,NA,NA,NA,NA,NA,NA
Angola,2018,0.0,0.0,0.0,0.0,0.0,0.0,NA,NA,NA,NA,NA,NA
Angola,2019,0.0,0.0,0.0,0.0,0.0,0.0,NA,NA,NA,NA,NA,NA
Angola,2020,0.0,0.0,0.0,0.0,0.0,0.0,NA,NA,NA,NA,NA,NA
Angola,2021,0.0,0.0,0.0,0.0,0.0,0.0,NA,NA,NA,NA,NA,NA
Angola,2022,0.0,0.0,0.0,0.0,0.0,0.0,NA,NA,NA,NA,NA,NA
Angola,2023,0.0,0.0,0.0,0.0,0.0,0.0,NA,NA,NA,NA,NA,NA
Angola,2024,0.0,0.0,0.0,0.0,0.0,0.0,NA,NA,NA,NA,NA,NA
Angola,2025,0.0,0.0,0.0,0.0,0.0,0.0,NA,NA,NA,NA,NA,NA
Anhui Province,1989,0.0,0.0,0.0,0.0,0.0,0.0,0.0,0.0,0.0,0.0,0.0,0.0
Anhui Province,1990,0.0,0.0,0.0,0.0,0.0,0.0,0.0,0.0,0.0,0.0,0.0,0.0
Anhui Province,1991,0.0,0.0,0.0,0.0,0.0,0.0,0.0,0.0,0.0,0.0,0.0,0.0
Anhui Province,1992,0.0,0.0,0.0,0.0,0.0,0.0,0.0,0.0,0.0,0.0,0.0,0.0
Anhui Province,1993,0.0,0.0,0.0,0.0,0.0,0.0,0.0,0.0,0.0,0.0,0.0,0.0
Anhui Province,1994,0.0,0.0,0.0,0.0,0.0,0.0,0.0,0.0,0.0,0.0,0.0,0.0
Anhui Province,1995,0.0,0.0,0.0,0.0,0.0,0.0,0.0,0.0,0.0,0.0,0.0,0.0
Anhui Province,1996,0.0,0.0,0.0,0.0,0.0,0.0,0.0,0.0,0.0,0.0,0.0,0.0
Anhui Province,1997,0.0,0.0,0.0,0.0,0.0,0.0,0.0,0.0,0.0,0.0,0.0,0.0
Anhui Province,1998,0.0,0.0,0.0,0.0,0.0,0.0,0.0,0.0,0.0,0.0,0.0,0.0
Anhui Province,1999,0.0,0.0,0.0,0.0,0.0,0.0,0.0,0.0,0.0,0.0,0.0,0.0
Anhui Province,2000,0.0,0.0,0.0,0.0,0.0,0.0,0.0,0.0,0.0,0.0,0.0,0.0
Anhui Province,2001,0.0,0.0,0.0,0.0,0.0,0.0,0.0,0.0,0.0,0.0,0.0,0.0
Anhui Province,2002,0.0,0.0,0.0,0.0,0.0,0.0,0.0,0.0,0.0,0.0,0.0,0.0
Anhui Province,2003,0.0,0.0,0.0,0.0,0.0,0.0,0.0,0.0,0.0,0.0,0.0,0.0
Anhui Province,2004,0.0,0.0,0.0,0.0,0.0,0.0,0.0,0.0,0.0,0.0,0.0,0.0
Anhui Province,2005,0.0,0.0,0.0,0.0,0.0,0.0,0.0,0.0,0.0,0.0,0.0,0.0
Anhui Province,2006,0.0,0.0,0.0,0.0,0.0,0.0,0.0,0.0,0.0,0.0,0.0,0.0
Anhui Province,2007,0.0,0.0,0.0,0.0,0.0,0.0,0.0,0.0,0.0,0.0,0.0,0.0
Anhui Province,2008,0.0,0.0,0.0,0.0,0.0,0.0,0.0,0.0,0.0,0.0,0.0,0.0
Anhui Province,2009,0.0,0.0,0.0,0.0,0.0,0.0,0.0,0.0,0.0,0.0,0.0,0.0
Anhui Province,2010,0.0,0.0,0.0,0.0,0.0,0.0,0.0,0.0,0.0,0.0,0.0,0.0
Anhui Province,2011,0.0,0.0,0.0,0.0,0.0,0.0,0.0,0.0,0.0,0.0,0.0,0.0
Anhui Province,2012,0.0,0.0,0.0,0.0,0.0,0.0,0.0,0.0,0.0,0.0,0.0,0.0
Anhui Province,2013,0.0,0.0,0.0,0.0,0.0,0.0,0.0,0.0,0.0,0.0,0.0,0.0
Anhui Province,2014,0.0,0.0,0.0,0.0,0.0,0.0,0.0,0.0,0.0,0.0,0.0,0.0
Anhui Province,2015,0.0,0.0,0.0,0.0,0.0,0.0,0.0,0.0,0.0,0.0,0.0,0.0
Anhui Province,2016,0.0,0.0,0.0,0.0,0.0,0.0,0.0,0.0,0.0,0.0,0.0,0.0
Anhui Province,2017,0.0,0.0,0.0,0.0,0.0,0.0,0.0,0.0,0.0,0.0,0.0,0.0
Anhui Province,2018,0.0,0.0,0.0,0.0,0.0,0.0,0.0,0.0,0.0,0.0,0.0,0.0
Anhui Province,2019,0.0,0.0,0.0,0.0,0.0,0.0,0.0,0.0,0.0,0.0,0.0,0.0
Anhui Province,2020,0.0,0.0,0.0,0.0,0.0,0.0,0.0,0.0,0.0,0.0,0.0,0.0
Anhui Province,2021,0.0,0.0,0.0,0.0,0.0,0.0,0.0,0.0,0.0,0.0,0.0,0.0
Anhui Province,2022,0.0,0.0,0.0,0.0,0.0,0.0,0.0,0.0,0.0,0.0,0.0,0.0
Anhui Province,2023,0.0,0.0,0.0,0.0,0.0,0.0,0.0,0.0,0.0,0.0,0.0,0.0
Anhui Province,2024,0.0,0.0,0.0,0.0,0.0,0.0,0.0,0.0,0.0,0.0,0.0,0.0
Anhui Province,2025,0.0,0.0,0.0,0.0,0.0,0.0,0.0,0.0,0.0,0.0,0.0,0.0
Antigua and Barbuda,1989,0.0,0.0,0.0,0.0,0.0,0.0,NA,NA,NA,NA,NA,NA
Antigua and Barbuda,1990,0.0,0.0,0.0,0.0,0.0,0.0,NA,NA,NA,NA,NA,NA
Antigua and Barbuda,1991,0.0,0.0,0.0,0.0,0.0,0.0,NA,NA,NA,NA,NA,NA
Antigua and Barbuda,1992,0.0,0.0,0.0,0.0,0.0,0.0,NA,NA,NA,NA,NA,NA
Antigua and Barbuda,1993,0.0,0.0,0.0,0.0,0.0,0.0,NA,NA,NA,NA,NA,NA
Antigua and Barbuda,1994,0.0,0.0,0.0,0.0,0.0,0.0,NA,NA,NA,NA,NA,NA
Antigua and Barbuda,1995,0.0,0.0,0.0,0.0,0.0,0.0,NA,NA,NA,NA,NA,NA
Antigua and Barbuda,1996,0.0,0.0,0.0,0.0,0.0,0.0,NA,NA,NA,NA,NA,NA
Antigua and Barbuda,1997,0.0,0.0,0.0,0.0,0.0,0.0,NA,NA,NA,NA,NA,NA
Antigua and Barbuda,1998,0.0,0.0,0.0,0.0,0.0,0.0,NA,NA,NA,NA,NA,NA
Antigua and Barbuda,1999,0.0,0.0,0.0,0.0,0.0,0.0,NA,NA,NA,NA,NA,NA
Antigua and Barbuda,2000,0.0,0.0,0.0,0.0,0.0,0.0,NA,NA,NA,NA,NA,NA
Antigua and Barbuda,2001,0.0,0.0,0.0,0.0,0.0,0.0,NA,NA,NA,NA,NA,NA
Antigua and Barbuda,2002,0.0,0.0,0.0,0.0,0.0,0.0,NA,NA,NA,NA,NA,NA
Antigua and Barbuda,2003,0.0,0.0,0.0,0.0,0.0,0.0,NA,NA,NA,NA,NA,NA
Antigua and Barbuda,2004,0.0,0.0,0.0,0.0,0.0,0.0,NA,NA,NA,NA,NA,NA
Antigua and Barbuda,2005,0.0,0.0,0.0,0.0,0.0,0.0,NA,NA,NA,NA,NA,NA
Antigua and Barbuda,2006,0.0,0.0,0.0,0.0,0.0,0.0,NA,NA,NA,NA,NA,NA
Antigua and Barbuda,2007,0.0,0.0,0.0,0.0,0.0,0.0,NA,NA,NA,NA,NA,NA
Antigua and Barbuda,2008,0.0,0.0,0.0,0.0,0.0,0.0,NA,NA,NA,NA,NA,NA
Antigua and Barbuda,2009,0.0,0.0,0.0,0.0,0.0,0.0,NA,NA,NA,NA,NA,NA
Antigua and Barbuda,2010,0.0,0.0,0.0,0.0,0.0,0.0,NA,NA,NA,NA,NA,NA
Antigua and Barbuda,2011,0.0,0.0,0.0,0.0,0.0,0.0,NA,NA,NA,NA,NA,NA
Antigua and Barbuda,2012,0.0,0.0,0.0,0.0,0.0,0.0,NA,NA,NA,NA,NA,NA
Antigua and Barbuda,2013,0.0,0.0,0.0,0.0,0.0,0.0,NA,NA,NA,NA,NA,NA
Antigua and Barbuda,2014,0.0,0.0,0.0,0.0,0.0,0.0,NA,NA,NA,NA,NA,NA
Antigua and Barbuda,2015,0.0,0.0,0.0,0.0,0.0,0.0,NA,NA,NA,NA,NA,NA
Antigua and Barbuda,2016,0.0,0.0,0.0,0.0,0.0,0.0,NA,NA,NA,NA,NA,NA
Antigua and Barbuda,2017,0.0,0.0,0.0,0.0,0.0,0.0,NA,NA,NA,NA,NA,NA
Antigua and Barbuda,2018,0.0,0.0,0.0,0.0,0.0,0.0,NA,NA,NA,NA,NA,NA
Antigua and Barbuda,2019,0.0,0.0,0.0,0.0,0.0,0.0,NA,NA,NA,NA,NA,NA
Antigua and Barbuda,2020,0.0,0.0,0.0,0.0,0.0,0.0,NA,NA,NA,NA,NA,NA
Antigua and Barbuda,2021,0.0,0.0,0.0,0.0,0.0,0.0,NA,NA,NA,NA,NA,NA
Antigua and Barbuda,2022,0.0,0.0,0.0,0.0,0.0,0.0,NA,NA,NA,NA,NA,NA
Antigua and Barbuda,2023,0.0,0.0,0.0,0.0,0.0,0.0,NA,NA,NA,NA,NA,NA
Antigua and Barbuda,2024,0.0,0.0,0.0,0.0,0.0,0.0,NA,NA,NA,NA,NA,NA
Antigua and Barbuda,2025,0.0,0.0,0.0,0.0,0.0,0.0,NA,NA,NA,NA,NA,NA
Aomori,1989,0.0,0.0,0.0,0.0,0.0,0.0,0.0,0.0,0.0,0.0,0.0,0.0
Aomori,1990,0.0,0.0,0.0,0.0,0.0,0.0,0.0,0.0,0.0,0.0,0.0,0.0
Aomori,1991,0.0,0.0,0.0,0.0,0.0,0.0,0.0,0.0,0.0,0.0,0.0,0.0
Aomori,1992,0.0,0.0,0.0,0.0,0.0,0.0,0.0,0.0,0.0,0.0,0.0,0.0
Aomori,1993,0.0,0.0,0.0,0.0,0.0,0.0,0.0,0.0,0.0,0.0,0.0,0.0
Aomori,1994,0.0,0.0,0.0,0.0,0.0,0.0,0.0,0.0,0.0,0.0,0.0,0.0
Aomori,1995,0.0,0.0,0.0,0.0,0.0,0.0,0.0,0.0,0.0,0.0,0.0,0.0
Aomori,1996,0.0,0.0,0.0,0.0,0.0,0.0,0.0,0.0,0.0,0.0,0.0,0.0
Aomori,1997,0.0,0.0,0.0,0.0,0.0,0.0,0.0,0.0,0.0,0.0,0.0,0.0
Aomori,1998,0.0,0.0,0.0,0.0,0.0,0.0,0.0,0.0,0.0,0.0,0.0,0.0
Aomori,1999,0.0,0.0,0.0,0.0,0.0,0.0,0.0,0.0,0.0,0.0,0.0,0.0
Aomori,2000,0.0,0.0,0.0,0.0,0.0,0.0,0.0,0.0,0.0,0.0,0.0,0.0
Aomori,2001,0.0,0.0,0.0,0.0,0.0,0.0,0.0,0.0,0.0,0.0,0.0,0.0
Aomori,2002,0.0,0.0,0.0,0.0,0.0,0.0,0.0,0.0,0.0,0.0,0.0,0.0
Aomori,2003,0.0,0.0,0.0,0.0,0.0,0.0,0.0,0.0,0.0,0.0,0.0,0.0
Aomori,2004,0.0,0.0,0.0,0.0,0.0,0.0,0.0,0.0,0.0,0.0,0.0,0.0
Aomori,2005,0.0,0.0,0.0,0.0,0.0,0.0,0.0,0.0,0.0,0.0,0.0,0.0
Aomori,2006,0.0,0.0,0.0,0.0,0.0,0.0,0.0,0.0,0.0,0.0,0.0,0.0
Aomori,2007,0.0,0.0,0.0,0.0,0.0,0.0,0.0,0.0,0.0,0.0,0.0,0.0
Aomori,2008,0.0,0.0,0.0,0.0,0.0,0.0,0.0,0.0,0.0,0.0,0.0,0.0
Aomori,2009,0.0,0.0,0.0,0.0,0.0,0.0,0.0,0.0,0.0,0.0,0.0,0.0
Aomori,2010,0.0,0.0,0.0,0.0,0.0,0.0,0.0,0.0,0.0,0.0,0.0,0.0
Aomori,2011,0.0,0.0,0.0,0.0,0.0,0.0,0.0,0.0,0.0,0.0,0.0,0.0
Aomori,2012,0.0,0.0,0.0,0.0,0.0,0.0,0.0,0.0,0.0,0.0,0.0,0.0
Aomori,2013,0.0,0.0,0.0,0.0,0.0,0.0,0.0,0.0,0.0,0.0,0.0,0.0
Aomori,2014,0.0,0.0,0.0,0.0,0.0,0.0,0.0,0.0,0.0,0.0,0.0,0.0
Aomori,2015,0.0,0.0,0.0,0.0,0.0,0.0,0.0,0.0,0.0,0.0,0.0,0.0
Aomori,2016,0.0,0.0,0.0,0.0,0.0,0.0,0.0,0.0,0.0,0.0,0.0,0.0
Aomori,2017,0.0,0.0,0.0,0.0,0.0,0.0,0.0,0.0,0.0,0.0,0.0,0.0
Aomori,2018,0.0,0.0,0.0,0.0,0.0,0.0,0.0,0.0,0.0,0.0,0.0,0.0
Aomori,2019,0.0,0.0,0.0,0.0,0.0,0.0,0.0,0.0,0.0,0.0,0.0,0.0
Aomori,2020,0.0,0.0,0.0,0.0,0.0,0.0,0.0,0.0,0.0,0.0,0.0,0.0
Aomori,2021,0.0,0.0,0.0,0.0,0.0,0.0,0.0,0.0,0.0,0.0,0.0,0.0
Aomori,2022,0.0,0.0,0.0,0.0,0.0,0.0,0.0,0.0,0.0,0.0,0.0,0.0
Aomori,2023,0.0,0.0,0.0,0.0,0.0,0.0,0.0,0.0,0.0,0.0,0.0,0.0
Aomori,2024,0.0,0.0,0.0,0.0,0.0,0.0,0.0,0.0,0.0,0.0,0.0,0.0
Aomori,2025,0.0,0.0,0.0,0.0,0.0,0.0,0.0,0.0,0.0,0.0,0.0,0.0
Argentina,1989,0.0,0.0,0.0,0.0,0.0,0.0,NA,NA,NA,NA,NA,NA
Argentina,1990,0.0,0.0,0.0,0.0,0.0,0.0,NA,NA,NA,NA,NA,NA
Argentina,1991,0.0,0.0,0.0,0.0,0.0,0.0,NA,NA,NA,NA,NA,NA
Argentina,1992,0.0,0.0,0.0,0.0,0.0,0.0,NA,NA,NA,NA,NA,NA
Argentina,1993,0.0,0.0,0.0,0.0,0.0,0.0,NA,NA,NA,NA,NA,NA
Argentina,1994,0.0,0.0,0.0,0.0,0.0,0.0,NA,NA,NA,NA,NA,NA
Argentina,1995,0.0,0.0,0.0,0.0,0.0,0.0,NA,NA,NA,NA,NA,NA
Argentina,1996,0.0,0.0,0.0,0.0,0.0,0.0,NA,NA,NA,NA,NA,NA
Argentina,1997,0.0,0.0,0.0,0.0,0.0,0.0,NA,NA,NA,NA,NA,NA
Argentina,1998,0.0,0.0,0.0,0.0,0.0,0.0,NA,NA,NA,NA,NA,NA
Argentina,1999,0.0,0.0,0.0,0.0,0.0,0.0,NA,NA,NA,NA,NA,NA
Argentina,2000,0.0,0.0,0.0,0.0,0.0,0.0,NA,NA,NA,NA,NA,NA
Argentina,2001,0.0,0.0,0.0,0.0,0.0,0.0,NA,NA,NA,NA,NA,NA
Argentina,2002,0.0,0.0,0.0,0.0,0.0,0.0,NA,NA,NA,NA,NA,NA
Argentina,2003,0.0,0.0,0.0,0.0,0.0,0.0,NA,NA,NA,NA,NA,NA
Argentina,2004,0.0,0.0,0.0,0.0,0.0,0.0,NA,NA,NA,NA,NA,NA
Argentina,2005,0.0,0.0,0.0,0.0,0.0,0.0,NA,NA,NA,NA,NA,NA
Argentina,2006,0.0,0.0,0.0,0.0,0.0,0.0,NA,NA,NA,NA,NA,NA
Argentina,2007,0.0,0.0,0.0,0.0,0.0,0.0,NA,NA,NA,NA,NA,NA
Argentina,2008,0.0,0.0,0.0,0.0,0.0,0.0,NA,NA,NA,NA,NA,NA
Argentina,2009,0.0,0.0,0.0,0.0,0.0,0.0,NA,NA,NA,NA,NA,NA
Argentina,2010,0.0,0.0,0.0,0.0,0.0,0.0,NA,NA,NA,NA,NA,NA
Argentina,2011,0.0,0.0,0.0,0.0,0.0,0.0,NA,NA,NA,NA,NA,NA
Argentina,2012,0.0,0.0,0.0,0.0,0.0,0.0,NA,NA,NA,NA,NA,NA
Argentina,2013,0.0,0.0,0.0,0.0,0.0,0.0,NA,NA,NA,NA,NA,NA
Argentina,2014,0.0,0.0,0.0,0.0,0.0,0.0,NA,NA,NA,NA,NA,NA
Argentina,2015,0.0,0.0,0.0,0.0,0.0,0.0,NA,NA,NA,NA,NA,NA
Argentina,2016,0.0,0.0,0.0,0.0,0.0,0.0,NA,NA,NA,NA,NA,NA
Argentina,2017,0.0,0.0,0.0,0.0,0.0,0.0,NA,NA,NA,NA,NA,NA
Argentina,2018,0.0,0.0,0.0,0.0,0.0,0.0,NA,NA,NA,NA,NA,NA
Argentina,2019,0.0,0.0,0.0,0.0,0.0,0.0,NA,NA,NA,NA,NA,NA
Argentina,2020,0.0,0.0,0.0,0.0,0.0,0.0,NA,NA,NA,NA,NA,NA
Argentina,2021,0.0,0.0,0.0,0.0,0.0,0.0,NA,NA,NA,NA,NA,NA
Argentina,2022,0.0,0.0,0.0,0.0,0.0,0.0,NA,NA,NA,NA,NA,NA
Argentina,2023,0.0,0.0,0.0,0.0,0.0,0.0,NA,NA,NA,NA,NA,NA
Argentina,2024,0.0,0.0,0.0,0.0,0.0,0.0,NA,NA,NA,NA,NA,NA
Argentina,2025,0.0,0.0,0.0,0.0,0.0,0.0,NA,NA,NA,NA,NA,NA
Arizona,1989,0.0,0.0,0.0,0.0,0.0,0.0,0.0,0.0,0.0,0.0,0.0,0.0
Arizona,1990,0.0,0.0,0.0,0.0,0.0,0.0,0.0,0.0,0.0,0.0,0.0,0.0
Arizona,1991,0.0,0.0,0.0,0.0,0.0,0.0,0.0,0.0,0.0,0.0,0.0,0.0
Arizona,1992,0.0,0.0,0.0,0.0,0.0,0.0,0.0,0.0,0.0,0.0,0.0,0.0
Arizona,1993,0.0,0.0,0.0,0.0,0.0,0.0,0.0,0.0,0.0,0.0,0.0,0.0
Arizona,1994,0.0,0.0,0.0,0.0,0.0,0.0,0.0,0.0,0.0,0.0,0.0,0.0
Arizona,1995,0.0,0.0,0.0,0.0,0.0,0.0,0.0,0.0,0.0,0.0,0.0,0.0
Arizona,1996,0.0,0.0,0.0,0.0,0.0,0.0,0.0,0.0,0.0,0.0,0.0,0.0
Arizona,1997,0.0,0.0,0.0,0.0,0.0,0.0,0.0,0.0,0.0,0.0,0.0,0.0
Arizona,1998,0.0,0.0,0.0,0.0,0.0,0.0,0.0,0.0,0.0,0.0,0.0,0.0
Arizona,1999,0.0,0.0,0.0,0.0,0.0,0.0,0.0,0.0,0.0,0.0,0.0,0.0
Arizona,2000,0.0,0.0,0.0,0.0,0.0,0.0,0.0,0.0,0.0,0.0,0.0,0.0
Arizona,2001,0.0,0.0,0.0,0.0,0.0,0.0,0.0,0.0,0.0,0.0,0.0,0.0
Arizona,2002,0.0,0.0,0.0,0.0,0.0,0.0,0.0,0.0,0.0,0.0,0.0,0.0
Arizona,2003,0.0,0.0,0.0,0.0,0.0,0.0,0.0,0.0,0.0,0.0,0.0,0.0
Arizona,2004,0.0,0.0,0.0,0.0,0.0,0.0,0.0,0.0,0.0,0.0,0.0,0.0
Arizona,2005,0.0,0.0,0.0,0.0,0.0,0.0,0.0,0.0,0.0,0.0,0.0,0.0
Arizona,2006,0.0,0.0,0.0,0.0,0.0,0.0,0.0,0.0,0.0,0.0,0.0,0.0
Arizona,2007,0.0,0.0,0.0,0.0,0.0,0.0,0.0,0.0,0.0,0.0,0.0,0.0
Arizona,2008,0.0,0.0,0.0,0.0,0.0,0.0,0.0,0.0,0.0,0.0,0.0,0.0
Arizona,2009,0.0,0.0,0.0,0.0,0.0,0.0,0.0,0.0,0.0,0.0,0.0,0.0
Arizona,2010,0.0,0.0,0.0,0.0,0.0,0.0,0.0,0.0,0.0,0.0,0.0,0.0
Arizona,2011,0.0,0.0,0.0,0.0,0.0,0.0,0.0,0.0,0.0,0.0,0.0,0.0
Arizona,2012,0.0,0.0,0.0,0.0,0.0,0.0,0.0,0.0,0.0,0.0,0.0,0.0
Arizona,2013,0.0,0.0,0.0,0.0,0.0,0.0,0.0,0.0,0.0,0.0,0.0,0.0
Arizona,2014,0.0,0.0,0.0,0.0,0.0,0.0,0.0,0.0,0.0,0.0,0.0,0.0
Arizona,2015,0.0,0.0,0.0,0.0,0.0,0.0,0.0,0.0,0.0,0.0,0.0,0.0
Arizona,2016,0.0,0.0,0.0,0.0,0.0,0.0,0.0,0.0,0.0,0.0,0.0,0.0
Arizona,2017,0.0,0.0,0.0,0.0,0.0,0.0,0.0,0.0,0.0,0.0,0.0,0.0
Arizona,2018,0.0,0.0,0.0,0.0,0.0,0.0,0.0,0.0,0.0,0.0,0.0,0.0
Arizona,2019,0.0,0.0,0.0,0.0,0.0,0.0,0.0,0.0,0.0,0.0,0.0,0.0
Arizona,2020,0.0,0.0,0.0,0.0,0.0,0.0,0.0,0.0,0.0,0.0,0.0,0.0
Arizona,2021,0.0,0.0,0.0,0.0,0.0,0.0,0.0,0.0,0.0,0.0,0.0,0.0
Arizona,2022,0.0,0.0,0.0,0.0,0.0,0.0,0.0,0.0,0.0,0.0,0.0,0.0
Arizona,2023,0.0,0.0,0.0,0.0,0.0,0.0,0.0,0.0,0.0,0.0,0.0,0.0
Arizona,2024,0.0,0.0,0.0,0.0,0.0,0.0,0.0,0.0,0.0,0.0,0.0,0.0
Arizona,2025,0.0,0.0,0.0,0.0,0.0,0.0,0.0,0.0,0.0,0.0,0.0,0.0
Arkansas,1989,0.0,0.0,0.0,0.0,0.0,0.0,0.0,0.0,0.0,0.0,0.0,0.0
Arkansas,1990,0.0,0.0,0.0,0.0,0.0,0.0,0.0,0.0,0.0,0.0,0.0,0.0
Arkansas,1991,0.0,0.0,0.0,0.0,0.0,0.0,0.0,0.0,0.0,0.0,0.0,0.0
Arkansas,1992,0.0,0.0,0.0,0.0,0.0,0.0,0.0,0.0,0.0,0.0,0.0,0.0
Arkansas,1993,0.0,0.0,0.0,0.0,0.0,0.0,0.0,0.0,0.0,0.0,0.0,0.0
Arkansas,1994,0.0,0.0,0.0,0.0,0.0,0.0,0.0,0.0,0.0,0.0,0.0,0.0
Arkansas,1995,0.0,0.0,0.0,0.0,0.0,0.0,0.0,0.0,0.0,0.0,0.0,0.0
Arkansas,1996,0.0,0.0,0.0,0.0,0.0,0.0,0.0,0.0,0.0,0.0,0.0,0.0
Arkansas,1997,0.0,0.0,0.0,0.0,0.0,0.0,0.0,0.0,0.0,0.0,0.0,0.0
Arkansas,1998,0.0,0.0,0.0,0.0,0.0,0.0,0.0,0.0,0.0,0.0,0.0,0.0
Arkansas,1999,0.0,0.0,0.0,0.0,0.0,0.0,0.0,0.0,0.0,0.0,0.0,0.0
Arkansas,2000,0.0,0.0,0.0,0.0,0.0,0.0,0.0,0.0,0.0,0.0,0.0,0.0
Arkansas,2001,0.0,0.0,0.0,0.0,0.0,0.0,0.0,0.0,0.0,0.0,0.0,0.0
Arkansas,2002,0.0,0.0,0.0,0.0,0.0,0.0,0.0,0.0,0.0,0.0,0.0,0.0
Arkansas,2003,0.0,0.0,0.0,0.0,0.0,0.0,0.0,0.0,0.0,0.0,0.0,0.0
Arkansas,2004,0.0,0.0,0.0,0.0,0.0,0.0,0.0,0.0,0.0,0.0,0.0,0.0
Arkansas,2005,0.0,0.0,0.0,0.0,0.0,0.0,0.0,0.0,0.0,0.0,0.0,0.0
Arkansas,2006,0.0,0.0,0.0,0.0,0.0,0.0,0.0,0.0,0.0,0.0,0.0,0.0
Arkansas,2007,0.0,0.0,0.0,0.0,0.0,0.0,0.0,0.0,0.0,0.0,0.0,0.0
Arkansas,2008,0.0,0.0,0.0,0.0,0.0,0.0,0.0,0.0,0.0,0.0,0.0,0.0
Arkansas,2009,0.0,0.0,0.0,0.0,0.0,0.0,0.0,0.0,0.0,0.0,0.0,0.0
Arkansas,2010,0.0,0.0,0.0,0.0,0.0,0.0,0.0,0.0,0.0,0.0,0.0,0.0
Arkansas,2011,0.0,0.0,0.0,0.0,0.0,0.0,0.0,0.0,0.0,0.0,0.0,0.0
Arkansas,2012,0.0,0.0,0.0,0.0,0.0,0.0,0.0,0.0,0.0,0.0,0.0,0.0
Arkansas,2013,0.0,0.0,0.0,0.0,0.0,0.0,0.0,0.0,0.0,0.0,0.0,0.0
Arkansas,2014,0.0,0.0,0.0,0.0,0.0,0.0,0.0,0.0,0.0,0.0,0.0,0.0
Arkansas,2015,0.0,0.0,0.0,0.0,0.0,0.0,0.0,0.0,0.0,0.0,0.0,0.0
Arkansas,2016,0.0,0.0,0.0,0.0,0.0,0.0,0.0,0.0,0.0,0.0,0.0,0.0
Arkansas,2017,0.0,0.0,0.0,0.0,0.0,0.0,0.0,0.0,0.0,0.0,0.0,0.0
Arkansas,2018,0.0,0.0,0.0,0.0,0.0,0.0,0.0,0.0,0.0,0.0,0.0,0.0
Arkansas,2019,0.0,0.0,0.0,0.0,0.0,0.0,0.0,0.0,0.0,0.0,0.0,0.0
Arkansas,2020,0.0,0.0,0.0,0.0,0.0,0.0,0.0,0.0,0.0,0.0,0.0,0.0
Arkansas,2021,0.0,0.0,0.0,0.0,0.0,0.0,0.0,0.0,0.0,0.0,0.0,0.0
Arkansas,2022,0.0,0.0,0.0,0.0,0.0,0.0,0.0,0.0,0.0,0.0,0.0,0.0
Arkansas,2023,0.0,0.0,0.0,0.0,0.0,0.0,0.0,0.0,0.0,0.0,0.0,0.0
Arkansas,2024,0.0,0.0,0.0,0.0,0.0,0.0,0.0,0.0,0.0,0.0,0.0,0.0
Arkansas,2025,0.0,0.0,0.0,0.0,0.0,0.0,0.0,0.0,0.0,0.0,0.0,0.0
Armenia,1989,0.0,0.0,0.0,0.0,0.0,0.0,NA,NA,NA,NA,NA,NA
Armenia,1990,0.0,0.0,0.0,0.0,0.0,0.0,NA,NA,NA,NA,NA,NA
Armenia,1991,0.0,0.0,0.0,0.0,0.0,0.0,NA,NA,NA,NA,NA,NA
Armenia,1992,0.0,0.0,0.0,0.0,0.0,0.0,NA,NA,NA,NA,NA,NA
Armenia,1993,0.0,0.0,0.0,0.0,0.0,0.0,NA,NA,NA,NA,NA,NA
Armenia,1994,0.0,0.0,0.0,0.0,0.0,0.0,NA,NA,NA,NA,NA,NA
Armenia,1995,0.0,0.0,0.0,0.0,0.0,0.0,NA,NA,NA,NA,NA,NA
Armenia,1996,0.0,0.0,0.0,0.0,0.0,0.0,NA,NA,NA,NA,NA,NA
Armenia,1997,0.0,0.0,0.0,0.0,0.0,0.0,NA,NA,NA,NA,NA,NA
Armenia,1998,0.0,0.0,0.0,0.0,0.0,0.0,NA,NA,NA,NA,NA,NA
Armenia,1999,0.0,0.0,0.0,0.0,0.0,0.0,NA,NA,NA,NA,NA,NA
Armenia,2000,0.0,0.0,0.0,0.0,0.0,0.0,NA,NA,NA,NA,NA,NA
Armenia,2001,0.0,0.0,0.0,0.0,0.0,0.0,NA,NA,NA,NA,NA,NA
Armenia,2002,0.0,0.0,0.0,0.0,0.0,0.0,NA,NA,NA,NA,NA,NA
Armenia,2003,0.0,0.0,0.0,0.0,0.0,0.0,NA,NA,NA,NA,NA,NA
Armenia,2004,0.0,0.0,0.0,0.0,0.0,0.0,NA,NA,NA,NA,NA,NA
Armenia,2005,0.0,0.0,0.0,0.0,0.0,0.0,NA,NA,NA,NA,NA,NA
Armenia,2006,0.0,0.0,0.0,0.0,0.0,0.0,NA,NA,NA,NA,NA,NA
Armenia,2007,0.0,0.0,0.0,0.0,0.0,0.0,NA,NA,NA,NA,NA,NA
Armenia,2008,0.0,0.0,0.0,0.0,0.0,0.0,NA,NA,NA,NA,NA,NA
Armenia,2009,0.0,0.0,0.0,0.0,0.0,0.0,NA,NA,NA,NA,NA,NA
Armenia,2010,0.0,0.0,0.0,0.0,0.0,0.0,NA,NA,NA,NA,NA,NA
Armenia,2011,0.0,0.0,0.0,0.0,0.0,0.0,NA,NA,NA,NA,NA,NA
Armenia,2012,0.0,0.0,0.0,0.0,0.0,0.0,NA,NA,NA,NA,NA,NA
Armenia,2013,0.0,0.0,0.0,0.0,0.0,0.0,NA,NA,NA,NA,NA,NA
Armenia,2014,0.0,0.0,0.0,0.0,0.0,0.0,NA,NA,NA,NA,NA,NA
Armenia,2015,0.0,0.0,0.0,0.0,0.0,0.0,NA,NA,NA,NA,NA,NA
Armenia,2016,0.0,0.0,0.0,0.0,0.0,0.0,NA,NA,NA,NA,NA,NA
Armenia,2017,0.0,0.0,0.0,0.0,0.0,0.0,NA,NA,NA,NA,NA,NA
Armenia,2018,0.0,0.0,0.0,0.0,0.0,0.0,NA,NA,NA,NA,NA,NA
Armenia,2019,0.0,0.0,0.0,0.0,0.0,0.0,NA,NA,NA,NA,NA,NA
Armenia,2020,0.0,0.0,0.0,0.0,0.0,0.0,NA,NA,NA,NA,NA,NA
Armenia,2021,0.0,0.0,0.0,0.0,0.0,0.0,NA,NA,NA,NA,NA,NA
Armenia,2022,0.0,0.0,0.0,0.0,0.0,0.0,NA,NA,NA,NA,NA,NA
Armenia,2023,0.0,0.0,0.0,0.0,0.0,0.0,NA,NA,NA,NA,NA,NA
Armenia,2024,0.0,0.0,0.0,0.0,0.0,0.0,NA,NA,NA,NA,NA,NA
Armenia,2025,0.0,0.0,0.0,0.0,0.0,0.0,NA,NA,NA,NA,NA,NA
Australia,1989,0.0,0.0,0.0,0.0,0.0,0.0,NA,NA,NA,NA,NA,NA
Australia,1990,0.0,0.0,0.0,0.0,0.0,0.0,NA,NA,NA,NA,NA,NA
Australia,1991,0.0,0.0,0.0,0.0,0.0,0.0,NA,NA,NA,NA,NA,NA
Australia,1992,0.0,0.0,0.0,0.0,0.0,0.0,NA,NA,NA,NA,NA,NA
Australia,1993,0.0,0.0,0.0,0.0,0.0,0.0,NA,NA,NA,NA,NA,NA
Australia,1994,0.0,0.0,0.0,0.0,0.0,0.0,NA,NA,NA,NA,NA,NA
Australia,1995,0.0,0.0,0.0,0.0,0.0,0.0,NA,NA,NA,NA,NA,NA
Australia,1996,0.0,0.0,0.0,0.0,0.0,0.0,NA,NA,NA,NA,NA,NA
Australia,1997,0.0,0.0,0.0,0.0,0.0,0.0,NA,NA,NA,NA,NA,NA
Australia,1998,0.0,0.0,0.0,0.0,0.0,0.0,NA,NA,NA,NA,NA,NA
Australia,1999,0.0,0.0,0.0,0.0,0.0,0.0,NA,NA,NA,NA,NA,NA
Australia,2000,0.0,0.0,0.0,0.0,0.0,0.0,NA,NA,NA,NA,NA,NA
Australia,2001,0.0,0.0,0.0,0.0,0.0,0.0,NA,NA,NA,NA,NA,NA
Australia,2002,0.0,0.0,0.0,0.0,0.0,0.0,NA,NA,NA,NA,NA,NA
Australia,2003,0.0,0.0,0.0,0.0,0.0,0.0,NA,NA,NA,NA,NA,NA
Australia,2004,0.0,0.0,0.0,0.0,0.0,0.0,NA,NA,NA,NA,NA,NA
Australia,2005,0.0,0.0,0.0,0.0,0.0,0.0,NA,NA,NA,NA,NA,NA
Australia,2006,0.0,0.0,0.0,0.0,0.0,0.0,NA,NA,NA,NA,NA,NA
Australia,2007,0.0,0.0,0.0,0.0,0.0,0.0,NA,NA,NA,NA,NA,NA
Australia,2008,0.0,0.0,0.0,0.0,0.0,0.0,NA,NA,NA,NA,NA,NA
Australia,2009,0.0,0.0,0.0,0.0,0.0,0.0,NA,NA,NA,NA,NA,NA
Australia,2010,0.0,0.0,0.0,0.0,0.0,0.0,NA,NA,NA,NA,NA,NA
Australia,2011,0.0,0.0,0.0,0.0,0.0,0.0,NA,NA,NA,NA,NA,NA
Australia,2012,0.0,0.0,0.0,0.0,0.0,0.0,NA,NA,NA,NA,NA,NA
Australia,2013,0.0,0.0,0.0,0.0,0.0,0.0,NA,NA,NA,NA,NA,NA
Australia,2014,0.0,0.0,0.0,0.0,0.0,0.0,NA,NA,NA,NA,NA,NA
Australia,2015,0.0,0.0,0.0,0.0,0.0,0.0,NA,NA,NA,NA,NA,NA
Australia,2016,0.0,0.0,0.0,0.0,0.0,0.0,NA,NA,NA,NA,NA,NA
Australia,2017,0.0,0.0,0.0,0.0,0.0,0.0,NA,NA,NA,NA,NA,NA
Australia,2018,0.0,0.0,0.0,0.0,0.0,0.0,NA,NA,NA,NA,NA,NA
Australia,2019,0.0,0.0,0.0,0.0,0.0,0.0,NA,NA,NA,NA,NA,NA
Australia,2020,0.0,0.0,0.0,0.0,0.0,0.0,NA,NA,NA,NA,NA,NA
Australia,2021,0.0,0.0,0.0,0.0,0.0,0.0,NA,NA,NA,NA,NA,NA
Australia,2022,0.0,0.0,0.0,0.0,0.0,0.0,NA,NA,NA,NA,NA,NA
Australia,2023,0.0,0.0,0.0,0.0,0.0,0.0,NA,NA,NA,NA,NA,NA
Australia,2024,0.0,0.0,0.0,0.0,0.0,0.0,NA,NA,NA,NA,NA,NA
Australia,2025,0.0,0.0,0.0,0.0,0.0,0.0,NA,NA,NA,NA,NA,NA
Austria,1989,0.0,0.0,0.0,0.0,0.0,0.0,NA,NA,NA,NA,NA,NA
Austria,1990,0.0,0.0,0.0,0.0,0.0,0.0,NA,NA,NA,NA,NA,NA
Austria,1991,0.0,0.0,0.0,0.0,0.0,0.0,NA,NA,NA,NA,NA,NA
Austria,1992,0.0,0.0,0.0,0.0,0.0,0.0,NA,NA,NA,NA,NA,NA
Austria,1993,0.0,0.0,0.0,0.0,0.0,0.0,NA,NA,NA,NA,NA,NA
Austria,1994,0.0,0.0,0.0,0.0,0.0,0.0,NA,NA,NA,NA,NA,NA
Austria,1995,0.0,0.0,0.0,0.0,0.0,0.0,NA,NA,NA,NA,NA,NA
Austria,1996,0.0,0.0,0.0,0.0,0.0,0.0,NA,NA,NA,NA,NA,NA
Austria,1997,0.0,0.0,0.0,0.0,0.0,0.0,NA,NA,NA,NA,NA,NA
Austria,1998,0.0,0.0,0.0,0.0,0.0,0.0,NA,NA,NA,NA,NA,NA
Austria,1999,0.0,0.0,0.0,0.0,0.0,0.0,NA,NA,NA,NA,NA,NA
Austria,2000,0.0,0.0,0.0,0.0,0.0,0.0,NA,NA,NA,NA,NA,NA
Austria,2001,0.0,0.0,0.0,0.0,0.0,0.0,NA,NA,NA,NA,NA,NA
Austria,2002,0.0,0.0,0.0,0.0,0.0,0.0,NA,NA,NA,NA,NA,NA
Austria,2003,0.0,0.0,0.0,0.0,0.0,0.0,NA,NA,NA,NA,NA,NA
Austria,2004,0.0,0.0,0.0,0.0,0.0,0.0,NA,NA,NA,NA,NA,NA
Austria,2005,11.42258801820207,0.0,11.42258801820207,13.745082500594293,0.0,13.745082500594293,NA,NA,NA,NA,NA,NA
Austria,2006,9.366834886617335,0.0,9.366834886617335,11.271343944195332,0.0,11.271343944195332,NA,NA,NA,NA,NA,NA
Austria,2007,0.34884744414562846,0.0,0.34884744414562846,0.4197767521915626,0.0,0.4197767521915626,NA,NA,NA,NA,NA,NA
Austria,2008,9.012041995813268,0.0,9.012041995813268,10.844412889082847,0.0,10.844412889082847,NA,NA,NA,NA,NA,NA
Austria,2009,6.702086766629538,0.0,6.702086766629538,8.064786665392154,0.0,8.064786665392154,NA,NA,NA,NA,NA,NA
Austria,2010,7.24401866939334,0.0,7.24401866939334,8.716906719212055,0.0,8.716906719212055,NA,NA,NA,NA,NA,NA
Austria,2011,6.419953163294663,0.0,6.419953163294663,7.72528832685029,0.0,7.72528832685029,NA,NA,NA,NA,NA,NA
Austria,2012,3.7270328605372365,0.0,3.7270328605372365,4.484830764173325,0.0,4.484830764173325,NA,NA,NA,NA,NA,NA
Austria,2013,2.219505275095184,0.0,2.219505275095184,2.670785558235463,0.0,2.670785558235463,NA,NA,NA,NA,NA,NA
Austria,2014,2.8962546177404627,0.0,2.8962546177404627,3.4851347698203923,0.0,3.4851347698203923,NA,NA,NA,NA,NA,NA
Austria,2015,3.6545728870650174,0.0,3.6545728870650174,4.397637887061812,0.0,4.397637887061812,NA,NA,NA,NA,NA,NA
Austria,2016,2.50045179994105,0.0,2.50045179994105,3.0088554558898406,0.0,3.0088554558898406,NA,NA,NA,NA,NA,NA
Austria,2017,2.698472718255283,0.0,2.698472718255283,3.2471389214875956,0.0,3.2471389214875956,NA,NA,NA,NA,NA,NA
Austria,2018,7.192228392630106,0.0,7.192228392630106,8.654586199054549,0.0,8.654586199054549,NA,NA,NA,NA,NA,NA
Austria,2019,11.14689566445879,0.0,11.14689566445879,13.41333507689785,0.0,13.41333507689785,NA,NA,NA,NA,NA,NA
Austria,2020,10.812743696769015,0.0,10.812743696769015,13.011241754761661,0.0,13.011241754761661,NA,NA,NA,NA,NA,NA
Austria,2021,22.94776034609545,0.0,22.94776034609545,27.613607236672056,0.0,27.613607236672056,NA,NA,NA,NA,NA,NA
Austria,2022,33.104657209219404,0.0,33.104657209219404,39.83565228558738,0.0,39.83565228558738,NA,NA,NA,NA,NA,NA
Austria,2023,32.14565262972483,0.0,32.14565262972483,38.6816583708462,0.0,38.6816583708462,NA,NA,NA,NA,NA,NA
Austria,2024,24.885843463885042,0.0,24.885843463885042,29.94575055695789,0.0,29.94575055695789,NA,NA,NA,NA,NA,NA
Austria,2025,27.7583194624133,0.0,27.7583194624133,33.40227192653123,0.0,33.40227192653123,NA,NA,NA,NA,NA,NA
Azerbaijan,1989,0.0,0.0,0.0,0.0,0.0,0.0,NA,NA,NA,NA,NA,NA
Azerbaijan,1990,0.0,0.0,0.0,0.0,0.0,0.0,NA,NA,NA,NA,NA,NA
Azerbaijan,1991,0.0,0.0,0.0,0.0,0.0,0.0,NA,NA,NA,NA,NA,NA
Azerbaijan,1992,0.0,0.0,0.0,0.0,0.0,0.0,NA,NA,NA,NA,NA,NA
Azerbaijan,1993,0.0,0.0,0.0,0.0,0.0,0.0,NA,NA,NA,NA,NA,NA
Azerbaijan,1994,0.0,0.0,0.0,0.0,0.0,0.0,NA,NA,NA,NA,NA,NA
Azerbaijan,1995,0.0,0.0,0.0,0.0,0.0,0.0,NA,NA,NA,NA,NA,NA
Azerbaijan,1996,0.0,0.0,0.0,0.0,0.0,0.0,NA,NA,NA,NA,NA,NA
Azerbaijan,1997,0.0,0.0,0.0,0.0,0.0,0.0,NA,NA,NA,NA,NA,NA
Azerbaijan,1998,0.0,0.0,0.0,0.0,0.0,0.0,NA,NA,NA,NA,NA,NA
Azerbaijan,1999,0.0,0.0,0.0,0.0,0.0,0.0,NA,NA,NA,NA,NA,NA
Azerbaijan,2000,0.0,0.0,0.0,0.0,0.0,0.0,NA,NA,NA,NA,NA,NA
Azerbaijan,2001,0.0,0.0,0.0,0.0,0.0,0.0,NA,NA,NA,NA,NA,NA
Azerbaijan,2002,0.0,0.0,0.0,0.0,0.0,0.0,NA,NA,NA,NA,NA,NA
Azerbaijan,2003,0.0,0.0,0.0,0.0,0.0,0.0,NA,NA,NA,NA,NA,NA
Azerbaijan,2004,0.0,0.0,0.0,0.0,0.0,0.0,NA,NA,NA,NA,NA,NA
Azerbaijan,2005,0.0,0.0,0.0,0.0,0.0,0.0,NA,NA,NA,NA,NA,NA
Azerbaijan,2006,0.0,0.0,0.0,0.0,0.0,0.0,NA,NA,NA,NA,NA,NA
Azerbaijan,2007,0.0,0.0,0.0,0.0,0.0,0.0,NA,NA,NA,NA,NA,NA
Azerbaijan,2008,0.0,0.0,0.0,0.0,0.0,0.0,NA,NA,NA,NA,NA,NA
Azerbaijan,2009,0.0,0.0,0.0,0.0,0.0,0.0,NA,NA,NA,NA,NA,NA
Azerbaijan,2010,0.0,0.0,0.0,0.0,0.0,0.0,NA,NA,NA,NA,NA,NA
Azerbaijan,2011,0.0,0.0,0.0,0.0,0.0,0.0,NA,NA,NA,NA,NA,NA
Azerbaijan,2012,0.0,0.0,0.0,0.0,0.0,0.0,NA,NA,NA,NA,NA,NA
Azerbaijan,2013,0.0,0.0,0.0,0.0,0.0,0.0,NA,NA,NA,NA,NA,NA
Azerbaijan,2014,0.0,0.0,0.0,0.0,0.0,0.0,NA,NA,NA,NA,NA,NA
Azerbaijan,2015,0.0,0.0,0.0,0.0,0.0,0.0,NA,NA,NA,NA,NA,NA
Azerbaijan,2016,0.0,0.0,0.0,0.0,0.0,0.0,NA,NA,NA,NA,NA,NA
Azerbaijan,2017,0.0,0.0,0.0,0.0,0.0,0.0,NA,NA,NA,NA,NA,NA
Azerbaijan,2018,0.0,0.0,0.0,0.0,0.0,0.0,NA,NA,NA,NA,NA,NA
Azerbaijan,2019,0.0,0.0,0.0,0.0,0.0,0.0,NA,NA,NA,NA,NA,NA
Azerbaijan,2020,0.0,0.0,0.0,0.0,0.0,0.0,NA,NA,NA,NA,NA,NA
Azerbaijan,2021,0.0,0.0,0.0,0.0,0.0,0.0,NA,NA,NA,NA,NA,NA
Azerbaijan,2022,0.0,0.0,0.0,0.0,0.0,0.0,NA,NA,NA,NA,NA,NA
Azerbaijan,2023,0.0,0.0,0.0,0.0,0.0,0.0,NA,NA,NA,NA,NA,NA
Azerbaijan,2024,0.0,0.0,0.0,0.0,0.0,0.0,NA,NA,NA,NA,NA,NA
Azerbaijan,2025,0.0,0.0,0.0,0.0,0.0,0.0,NA,NA,NA,NA,NA,NA
"Bahamas, The",1989,0.0,0.0,0.0,0.0,0.0,0.0,NA,NA,NA,NA,NA,NA
"Bahamas, The",1990,0.0,0.0,0.0,0.0,0.0,0.0,NA,NA,NA,NA,NA,NA
"Bahamas, The",1991,0.0,0.0,0.0,0.0,0.0,0.0,NA,NA,NA,NA,NA,NA
"Bahamas, The",1992,0.0,0.0,0.0,0.0,0.0,0.0,NA,NA,NA,NA,NA,NA
"Bahamas, The",1993,0.0,0.0,0.0,0.0,0.0,0.0,NA,NA,NA,NA,NA,NA
"Bahamas, The",1994,0.0,0.0,0.0,0.0,0.0,0.0,NA,NA,NA,NA,NA,NA
"Bahamas, The",1995,0.0,0.0,0.0,0.0,0.0,0.0,NA,NA,NA,NA,NA,NA
"Bahamas, The",1996,0.0,0.0,0.0,0.0,0.0,0.0,NA,NA,NA,NA,NA,NA
"Bahamas, The",1997,0.0,0.0,0.0,0.0,0.0,0.0,NA,NA,NA,NA,NA,NA
"Bahamas, The",1998,0.0,0.0,0.0,0.0,0.0,0.0,NA,NA,NA,NA,NA,NA
"Bahamas, The",1999,0.0,0.0,0.0,0.0,0.0,0.0,NA,NA,NA,NA,NA,NA
"Bahamas, The",2000,0.0,0.0,0.0,0.0,0.0,0.0,NA,NA,NA,NA,NA,NA
"Bahamas, The",2001,0.0,0.0,0.0,0.0,0.0,0.0,NA,NA,NA,NA,NA,NA
"Bahamas, The",2002,0.0,0.0,0.0,0.0,0.0,0.0,NA,NA,NA,NA,NA,NA
"Bahamas, The",2003,0.0,0.0,0.0,0.0,0.0,0.0,NA,NA,NA,NA,NA,NA
"Bahamas, The",2004,0.0,0.0,0.0,0.0,0.0,0.0,NA,NA,NA,NA,NA,NA
"Bahamas, The",2005,0.0,0.0,0.0,0.0,0.0,0.0,NA,NA,NA,NA,NA,NA
"Bahamas, The",2006,0.0,0.0,0.0,0.0,0.0,0.0,NA,NA,NA,NA,NA,NA
"Bahamas, The",2007,0.0,0.0,0.0,0.0,0.0,0.0,NA,NA,NA,NA,NA,NA
"Bahamas, The",2008,0.0,0.0,0.0,0.0,0.0,0.0,NA,NA,NA,NA,NA,NA
"Bahamas, The",2009,0.0,0.0,0.0,0.0,0.0,0.0,NA,NA,NA,NA,NA,NA
"Bahamas, The",2010,0.0,0.0,0.0,0.0,0.0,0.0,NA,NA,NA,NA,NA,NA
"Bahamas, The",2011,0.0,0.0,0.0,0.0,0.0,0.0,NA,NA,NA,NA,NA,NA
"Bahamas, The",2012,0.0,0.0,0.0,0.0,0.0,0.0,NA,NA,NA,NA,NA,NA
"Bahamas, The",2013,0.0,0.0,0.0,0.0,0.0,0.0,NA,NA,NA,NA,NA,NA
"Bahamas, The",2014,0.0,0.0,0.0,0.0,0.0,0.0,NA,NA,NA,NA,NA,NA
"Bahamas, The",2015,0.0,0.0,0.0,0.0,0.0,0.0,NA,NA,NA,NA,NA,NA
"Bahamas, The",2016,0.0,0.0,0.0,0.0,0.0,0.0,NA,NA,NA,NA,NA,NA
"Bahamas, The",2017,0.0,0.0,0.0,0.0,0.0,0.0,NA,NA,NA,NA,NA,NA
"Bahamas, The",2018,0.0,0.0,0.0,0.0,0.0,0.0,NA,NA,NA,NA,NA,NA
"Bahamas, The",2019,0.0,0.0,0.0,0.0,0.0,0.0,NA,NA,NA,NA,NA,NA
"Bahamas, The",2020,0.0,0.0,0.0,0.0,0.0,0.0,NA,NA,NA,NA,NA,NA
"Bahamas, The",2021,0.0,0.0,0.0,0.0,0.0,0.0,NA,NA,NA,NA,NA,NA
"Bahamas, The",2022,0.0,0.0,0.0,0.0,0.0,0.0,NA,NA,NA,NA,NA,NA
"Bahamas, The",2023,0.0,0.0,0.0,0.0,0.0,0.0,NA,NA,NA,NA,NA,NA
"Bahamas, The",2024,0.0,0.0,0.0,0.0,0.0,0.0,NA,NA,NA,NA,NA,NA
"Bahamas, The",2025,0.0,0.0,0.0,0.0,0.0,0.0,NA,NA,NA,NA,NA,NA
Bahrain,1989,0.0,0.0,0.0,0.0,0.0,0.0,NA,NA,NA,NA,NA,NA
Bahrain,1990,0.0,0.0,0.0,0.0,0.0,0.0,NA,NA,NA,NA,NA,NA
Bahrain,1991,0.0,0.0,0.0,0.0,0.0,0.0,NA,NA,NA,NA,NA,NA
Bahrain,1992,0.0,0.0,0.0,0.0,0.0,0.0,NA,NA,NA,NA,NA,NA
Bahrain,1993,0.0,0.0,0.0,0.0,0.0,0.0,NA,NA,NA,NA,NA,NA
Bahrain,1994,0.0,0.0,0.0,0.0,0.0,0.0,NA,NA,NA,NA,NA,NA
Bahrain,1995,0.0,0.0,0.0,0.0,0.0,0.0,NA,NA,NA,NA,NA,NA
Bahrain,1996,0.0,0.0,0.0,0.0,0.0,0.0,NA,NA,NA,NA,NA,NA
Bahrain,1997,0.0,0.0,0.0,0.0,0.0,0.0,NA,NA,NA,NA,NA,NA
Bahrain,1998,0.0,0.0,0.0,0.0,0.0,0.0,NA,NA,NA,NA,NA,NA
Bahrain,1999,0.0,0.0,0.0,0.0,0.0,0.0,NA,NA,NA,NA,NA,NA
Bahrain,2000,0.0,0.0,0.0,0.0,0.0,0.0,NA,NA,NA,NA,NA,NA
Bahrain,2001,0.0,0.0,0.0,0.0,0.0,0.0,NA,NA,NA,NA,NA,NA
Bahrain,2002,0.0,0.0,0.0,0.0,0.0,0.0,NA,NA,NA,NA,NA,NA
Bahrain,2003,0.0,0.0,0.0,0.0,0.0,0.0,NA,NA,NA,NA,NA,NA
Bahrain,2004,0.0,0.0,0.0,0.0,0.0,0.0,NA,NA,NA,NA,NA,NA
Bahrain,2005,0.0,0.0,0.0,0.0,0.0,0.0,NA,NA,NA,NA,NA,NA
Bahrain,2006,0.0,0.0,0.0,0.0,0.0,0.0,NA,NA,NA,NA,NA,NA
Bahrain,2007,0.0,0.0,0.0,0.0,0.0,0.0,NA,NA,NA,NA,NA,NA
Bahrain,2008,0.0,0.0,0.0,0.0,0.0,0.0,NA,NA,NA,NA,NA,NA
Bahrain,2009,0.0,0.0,0.0,0.0,0.0,0.0,NA,NA,NA,NA,NA,NA
Bahrain,2010,0.0,0.0,0.0,0.0,0.0,0.0,NA,NA,NA,NA,NA,NA
Bahrain,2011,0.0,0.0,0.0,0.0,0.0,0.0,NA,NA,NA,NA,NA,NA
Bahrain,2012,0.0,0.0,0.0,0.0,0.0,0.0,NA,NA,NA,NA,NA,NA
Bahrain,2013,0.0,0.0,0.0,0.0,0.0,0.0,NA,NA,NA,NA,NA,NA
Bahrain,2014,0.0,0.0,0.0,0.0,0.0,0.0,NA,NA,NA,NA,NA,NA
Bahrain,2015,0.0,0.0,0.0,0.0,0.0,0.0,NA,NA,NA,NA,NA,NA
Bahrain,2016,0.0,0.0,0.0,0.0,0.0,0.0,NA,NA,NA,NA,NA,NA
Bahrain,2017,0.0,0.0,0.0,0.0,0.0,0.0,NA,NA,NA,NA,NA,NA
Bahrain,2018,0.0,0.0,0.0,0.0,0.0,0.0,NA,NA,NA,NA,NA,NA
Bahrain,2019,0.0,0.0,0.0,0.0,0.0,0.0,NA,NA,NA,NA,NA,NA
Bahrain,2020,0.0,0.0,0.0,0.0,0.0,0.0,NA,NA,NA,NA,NA,NA
Bahrain,2021,0.0,0.0,0.0,0.0,0.0,0.0,NA,NA,NA,NA,NA,NA
Bahrain,2022,0.0,0.0,0.0,0.0,0.0,0.0,NA,NA,NA,NA,NA,NA
Bahrain,2023,0.0,0.0,0.0,0.0,0.0,0.0,NA,NA,NA,NA,NA,NA
Bahrain,2024,0.0,0.0,0.0,0.0,0.0,0.0,NA,NA,NA,NA,NA,NA
Bahrain,2025,0.0,0.0,0.0,0.0,0.0,0.0,NA,NA,NA,NA,NA,NA
Baja California,1989,0.0,0.0,0.0,0.0,0.0,0.0,0.0,0.0,0.0,0.0,0.0,0.0
Baja California,1990,0.0,0.0,0.0,0.0,0.0,0.0,0.0,0.0,0.0,0.0,0.0,0.0
Baja California,1991,0.0,0.0,0.0,0.0,0.0,0.0,0.0,0.0,0.0,0.0,0.0,0.0
Baja California,1992,0.0,0.0,0.0,0.0,0.0,0.0,0.0,0.0,0.0,0.0,0.0,0.0
Baja California,1993,0.0,0.0,0.0,0.0,0.0,0.0,0.0,0.0,0.0,0.0,0.0,0.0
Baja California,1994,0.0,0.0,0.0,0.0,0.0,0.0,0.0,0.0,0.0,0.0,0.0,0.0
Baja California,1995,0.0,0.0,0.0,0.0,0.0,0.0,0.0,0.0,0.0,0.0,0.0,0.0
Baja California,1996,0.0,0.0,0.0,0.0,0.0,0.0,0.0,0.0,0.0,0.0,0.0,0.0
Baja California,1997,0.0,0.0,0.0,0.0,0.0,0.0,0.0,0.0,0.0,0.0,0.0,0.0
Baja California,1998,0.0,0.0,0.0,0.0,0.0,0.0,0.0,0.0,0.0,0.0,0.0,0.0
Baja California,1999,0.0,0.0,0.0,0.0,0.0,0.0,0.0,0.0,0.0,0.0,0.0,0.0
Baja California,2000,0.0,0.0,0.0,0.0,0.0,0.0,0.0,0.0,0.0,0.0,0.0,0.0
Baja California,2001,0.0,0.0,0.0,0.0,0.0,0.0,0.0,0.0,0.0,0.0,0.0,0.0
Baja California,2002,0.0,0.0,0.0,0.0,0.0,0.0,0.0,0.0,0.0,0.0,0.0,0.0
Baja California,2003,0.0,0.0,0.0,0.0,0.0,0.0,0.0,0.0,0.0,0.0,0.0,0.0
Baja California,2004,0.0,0.0,0.0,0.0,0.0,0.0,0.0,0.0,0.0,0.0,0.0,0.0
Baja California,2005,0.0,0.0,0.0,0.0,0.0,0.0,0.0,0.0,0.0,0.0,0.0,0.0
Baja California,2006,0.0,0.0,0.0,0.0,0.0,0.0,0.0,0.0,0.0,0.0,0.0,0.0
Baja California,2007,0.0,0.0,0.0,0.0,0.0,0.0,0.0,0.0,0.0,0.0,0.0,0.0
Baja California,2008,0.0,0.0,0.0,0.0,0.0,0.0,0.0,0.0,0.0,0.0,0.0,0.0
Baja California,2009,0.0,0.0,0.0,0.0,0.0,0.0,0.0,0.0,0.0,0.0,0.0,0.0
Baja California,2010,0.0,0.0,0.0,0.0,0.0,0.0,0.0,0.0,0.0,0.0,0.0,0.0
Baja California,2011,0.0,0.0,0.0,0.0,0.0,0.0,0.0,0.0,0.0,0.0,0.0,0.0
Baja California,2012,0.0,0.0,0.0,0.0,0.0,0.0,0.0,0.0,0.0,0.0,0.0,0.0
Baja California,2013,0.0,0.0,0.0,0.0,0.0,0.0,0.0,0.0,0.0,0.0,0.0,0.0
Baja California,2014,0.0,0.0,0.0,0.0,0.0,0.0,0.0,0.0,0.0,0.0,0.0,0.0
Baja California,2015,0.0,0.0,0.0,0.0,0.0,0.0,0.0,0.0,0.0,0.0,0.0,0.0
Baja California,2016,0.0,0.0,0.0,0.0,0.0,0.0,0.0,0.0,0.0,0.0,0.0,0.0
Baja California,2017,0.0,0.0,0.0,0.0,0.0,0.0,0.0,0.0,0.0,0.0,0.0,0.0
Baja California,2018,0.0,0.0,0.0,0.0,0.0,0.0,0.0,0.0,0.0,0.0,0.0,0.0
Baja California,2019,0.0,0.0,0.0,0.0,0.0,0.0,0.0,0.0,0.0,0.0,0.0,0.0
Baja California,2020,0.0,0.0,0.0,0.0,0.0,0.0,0.0,0.0,0.0,0.0,0.0,0.0
Baja California,2021,0.0,0.0,0.0,0.0,0.0,0.0,0.0,0.0,0.0,0.0,0.0,0.0
Baja California,2022,0.0,0.0,0.0,0.0,0.0,0.0,0.0,0.0,0.0,0.0,0.0,0.0
Baja California,2023,0.0,0.0,0.0,0.0,0.0,0.0,0.0,0.0,0.0,0.0,0.0,0.0
Baja California,2024,0.0,0.0,0.0,0.0,0.0,0.0,0.0,0.0,0.0,0.0,0.0,0.0
Baja California,2025,0.0,0.0,0.0,0.0,0.0,0.0,0.0,0.0,0.0,0.0,0.0,0.0
Baja California Sur,1989,0.0,0.0,0.0,0.0,0.0,0.0,0.0,0.0,0.0,0.0,0.0,0.0
Baja California Sur,1990,0.0,0.0,0.0,0.0,0.0,0.0,0.0,0.0,0.0,0.0,0.0,0.0
Baja California Sur,1991,0.0,0.0,0.0,0.0,0.0,0.0,0.0,0.0,0.0,0.0,0.0,0.0
Baja California Sur,1992,0.0,0.0,0.0,0.0,0.0,0.0,0.0,0.0,0.0,0.0,0.0,0.0
Baja California Sur,1993,0.0,0.0,0.0,0.0,0.0,0.0,0.0,0.0,0.0,0.0,0.0,0.0
Baja California Sur,1994,0.0,0.0,0.0,0.0,0.0,0.0,0.0,0.0,0.0,0.0,0.0,0.0
Baja California Sur,1995,0.0,0.0,0.0,0.0,0.0,0.0,0.0,0.0,0.0,0.0,0.0,0.0
Baja California Sur,1996,0.0,0.0,0.0,0.0,0.0,0.0,0.0,0.0,0.0,0.0,0.0,0.0
Baja California Sur,1997,0.0,0.0,0.0,0.0,0.0,0.0,0.0,0.0,0.0,0.0,0.0,0.0
Baja California Sur,1998,0.0,0.0,0.0,0.0,0.0,0.0,0.0,0.0,0.0,0.0,0.0,0.0
Baja California Sur,1999,0.0,0.0,0.0,0.0,0.0,0.0,0.0,0.0,0.0,0.0,0.0,0.0
Baja California Sur,2000,0.0,0.0,0.0,0.0,0.0,0.0,0.0,0.0,0.0,0.0,0.0,0.0
Baja California Sur,2001,0.0,0.0,0.0,0.0,0.0,0.0,0.0,0.0,0.0,0.0,0.0,0.0
Baja California Sur,2002,0.0,0.0,0.0,0.0,0.0,0.0,0.0,0.0,0.0,0.0,0.0,0.0
Baja California Sur,2003,0.0,0.0,0.0,0.0,0.0,0.0,0.0,0.0,0.0,0.0,0.0,0.0
Baja California Sur,2004,0.0,0.0,0.0,0.0,0.0,0.0,0.0,0.0,0.0,0.0,0.0,0.0
Baja California Sur,2005,0.0,0.0,0.0,0.0,0.0,0.0,0.0,0.0,0.0,0.0,0.0,0.0
Baja California Sur,2006,0.0,0.0,0.0,0.0,0.0,0.0,0.0,0.0,0.0,0.0,0.0,0.0
Baja California Sur,2007,0.0,0.0,0.0,0.0,0.0,0.0,0.0,0.0,0.0,0.0,0.0,0.0
Baja California Sur,2008,0.0,0.0,0.0,0.0,0.0,0.0,0.0,0.0,0.0,0.0,0.0,0.0
Baja California Sur,2009,0.0,0.0,0.0,0.0,0.0,0.0,0.0,0.0,0.0,0.0,0.0,0.0
Baja California Sur,2010,0.0,0.0,0.0,0.0,0.0,0.0,0.0,0.0,0.0,0.0,0.0,0.0
Baja California Sur,2011,0.0,0.0,0.0,0.0,0.0,0.0,0.0,0.0,0.0,0.0,0.0,0.0
Baja California Sur,2012,0.0,0.0,0.0,0.0,0.0,0.0,0.0,0.0,0.0,0.0,0.0,0.0
Baja California Sur,2013,0.0,0.0,0.0,0.0,0.0,0.0,0.0,0.0,0.0,0.0,0.0,0.0
Baja California Sur,2014,0.0,0.0,0.0,0.0,0.0,0.0,0.0,0.0,0.0,0.0,0.0,0.0
Baja California Sur,2015,0.0,0.0,0.0,0.0,0.0,0.0,0.0,0.0,0.0,0.0,0.0,0.0
Baja California Sur,2016,0.0,0.0,0.0,0.0,0.0,0.0,0.0,0.0,0.0,0.0,0.0,0.0
Baja California Sur,2017,0.0,0.0,0.0,0.0,0.0,0.0,0.0,0.0,0.0,0.0,0.0,0.0
Baja California Sur,2018,0.0,0.0,0.0,0.0,0.0,0.0,0.0,0.0,0.0,0.0,0.0,0.0
Baja California Sur,2019,0.0,0.0,0.0,0.0,0.0,0.0,0.0,0.0,0.0,0.0,0.0,0.0
Baja California Sur,2020,0.0,0.0,0.0,0.0,0.0,0.0,0.0,0.0,0.0,0.0,0.0,0.0
Baja California Sur,2021,0.0,0.0,0.0,0.0,0.0,0.0,0.0,0.0,0.0,0.0,0.0,0.0
Baja California Sur,2022,0.0,0.0,0.0,0.0,0.0,0.0,0.0,0.0,0.0,0.0,0.0,0.0
Baja California Sur,2023,0.0,0.0,0.0,0.0,0.0,0.0,0.0,0.0,0.0,0.0,0.0,0.0
Baja California Sur,2024,0.0,0.0,0.0,0.0,0.0,0.0,0.0,0.0,0.0,0.0,0.0,0.0
Baja California Sur,2025,0.0,0.0,0.0,0.0,0.0,0.0,0.0,0.0,0.0,0.0,0.0,0.0
Bangladesh,1989,0.0,0.0,0.0,0.0,0.0,0.0,NA,NA,NA,NA,NA,NA
Bangladesh,1990,0.0,0.0,0.0,0.0,0.0,0.0,NA,NA,NA,NA,NA,NA
Bangladesh,1991,0.0,0.0,0.0,0.0,0.0,0.0,NA,NA,NA,NA,NA,NA
Bangladesh,1992,0.0,0.0,0.0,0.0,0.0,0.0,NA,NA,NA,NA,NA,NA
Bangladesh,1993,0.0,0.0,0.0,0.0,0.0,0.0,NA,NA,NA,NA,NA,NA
Bangladesh,1994,0.0,0.0,0.0,0.0,0.0,0.0,NA,NA,NA,NA,NA,NA
Bangladesh,1995,0.0,0.0,0.0,0.0,0.0,0.0,NA,NA,NA,NA,NA,NA
Bangladesh,1996,0.0,0.0,0.0,0.0,0.0,0.0,NA,NA,NA,NA,NA,NA
Bangladesh,1997,0.0,0.0,0.0,0.0,0.0,0.0,NA,NA,NA,NA,NA,NA
Bangladesh,1998,0.0,0.0,0.0,0.0,0.0,0.0,NA,NA,NA,NA,NA,NA
Bangladesh,1999,0.0,0.0,0.0,0.0,0.0,0.0,NA,NA,NA,NA,NA,NA
Bangladesh,2000,0.0,0.0,0.0,0.0,0.0,0.0,NA,NA,NA,NA,NA,NA
Bangladesh,2001,0.0,0.0,0.0,0.0,0.0,0.0,NA,NA,NA,NA,NA,NA
Bangladesh,2002,0.0,0.0,0.0,0.0,0.0,0.0,NA,NA,NA,NA,NA,NA
Bangladesh,2003,0.0,0.0,0.0,0.0,0.0,0.0,NA,NA,NA,NA,NA,NA
Bangladesh,2004,0.0,0.0,0.0,0.0,0.0,0.0,NA,NA,NA,NA,NA,NA
Bangladesh,2005,0.0,0.0,0.0,0.0,0.0,0.0,NA,NA,NA,NA,NA,NA
Bangladesh,2006,0.0,0.0,0.0,0.0,0.0,0.0,NA,NA,NA,NA,NA,NA
Bangladesh,2007,0.0,0.0,0.0,0.0,0.0,0.0,NA,NA,NA,NA,NA,NA
Bangladesh,2008,0.0,0.0,0.0,0.0,0.0,0.0,NA,NA,NA,NA,NA,NA
Bangladesh,2009,0.0,0.0,0.0,0.0,0.0,0.0,NA,NA,NA,NA,NA,NA
Bangladesh,2010,0.0,0.0,0.0,0.0,0.0,0.0,NA,NA,NA,NA,NA,NA
Bangladesh,2011,0.0,0.0,0.0,0.0,0.0,0.0,NA,NA,NA,NA,NA,NA
Bangladesh,2012,0.0,0.0,0.0,0.0,0.0,0.0,NA,NA,NA,NA,NA,NA
Bangladesh,2013,0.0,0.0,0.0,0.0,0.0,0.0,NA,NA,NA,NA,NA,NA
Bangladesh,2014,0.0,0.0,0.0,0.0,0.0,0.0,NA,NA,NA,NA,NA,NA
Bangladesh,2015,0.0,0.0,0.0,0.0,0.0,0.0,NA,NA,NA,NA,NA,NA
Bangladesh,2016,0.0,0.0,0.0,0.0,0.0,0.0,NA,NA,NA,NA,NA,NA
Bangladesh,2017,0.0,0.0,0.0,0.0,0.0,0.0,NA,NA,NA,NA,NA,NA
Bangladesh,2018,0.0,0.0,0.0,0.0,0.0,0.0,NA,NA,NA,NA,NA,NA
Bangladesh,2019,0.0,0.0,0.0,0.0,0.0,0.0,NA,NA,NA,NA,NA,NA
Bangladesh,2020,0.0,0.0,0.0,0.0,0.0,0.0,NA,NA,NA,NA,NA,NA
Bangladesh,2021,0.0,0.0,0.0,0.0,0.0,0.0,NA,NA,NA,NA,NA,NA
Bangladesh,2022,0.0,0.0,0.0,0.0,0.0,0.0,NA,NA,NA,NA,NA,NA
Bangladesh,2023,0.0,0.0,0.0,0.0,0.0,0.0,NA,NA,NA,NA,NA,NA
Bangladesh,2024,0.0,0.0,0.0,0.0,0.0,0.0,NA,NA,NA,NA,NA,NA
Bangladesh,2025,0.0,0.0,0.0,0.0,0.0,0.0,NA,NA,NA,NA,NA,NA
Barbados,1989,0.0,0.0,0.0,0.0,0.0,0.0,NA,NA,NA,NA,NA,NA
Barbados,1990,0.0,0.0,0.0,0.0,0.0,0.0,NA,NA,NA,NA,NA,NA
Barbados,1991,0.0,0.0,0.0,0.0,0.0,0.0,NA,NA,NA,NA,NA,NA
Barbados,1992,0.0,0.0,0.0,0.0,0.0,0.0,NA,NA,NA,NA,NA,NA
Barbados,1993,0.0,0.0,0.0,0.0,0.0,0.0,NA,NA,NA,NA,NA,NA
Barbados,1994,0.0,0.0,0.0,0.0,0.0,0.0,NA,NA,NA,NA,NA,NA
Barbados,1995,0.0,0.0,0.0,0.0,0.0,0.0,NA,NA,NA,NA,NA,NA
Barbados,1996,0.0,0.0,0.0,0.0,0.0,0.0,NA,NA,NA,NA,NA,NA
Barbados,1997,0.0,0.0,0.0,0.0,0.0,0.0,NA,NA,NA,NA,NA,NA
Barbados,1998,0.0,0.0,0.0,0.0,0.0,0.0,NA,NA,NA,NA,NA,NA
Barbados,1999,0.0,0.0,0.0,0.0,0.0,0.0,NA,NA,NA,NA,NA,NA
Barbados,2000,0.0,0.0,0.0,0.0,0.0,0.0,NA,NA,NA,NA,NA,NA
Barbados,2001,0.0,0.0,0.0,0.0,0.0,0.0,NA,NA,NA,NA,NA,NA
Barbados,2002,0.0,0.0,0.0,0.0,0.0,0.0,NA,NA,NA,NA,NA,NA
Barbados,2003,0.0,0.0,0.0,0.0,0.0,0.0,NA,NA,NA,NA,NA,NA
Barbados,2004,0.0,0.0,0.0,0.0,0.0,0.0,NA,NA,NA,NA,NA,NA
Barbados,2005,0.0,0.0,0.0,0.0,0.0,0.0,NA,NA,NA,NA,NA,NA
Barbados,2006,0.0,0.0,0.0,0.0,0.0,0.0,NA,NA,NA,NA,NA,NA
Barbados,2007,0.0,0.0,0.0,0.0,0.0,0.0,NA,NA,NA,NA,NA,NA
Barbados,2008,0.0,0.0,0.0,0.0,0.0,0.0,NA,NA,NA,NA,NA,NA
Barbados,2009,0.0,0.0,0.0,0.0,0.0,0.0,NA,NA,NA,NA,NA,NA
Barbados,2010,0.0,0.0,0.0,0.0,0.0,0.0,NA,NA,NA,NA,NA,NA
Barbados,2011,0.0,0.0,0.0,0.0,0.0,0.0,NA,NA,NA,NA,NA,NA
Barbados,2012,0.0,0.0,0.0,0.0,0.0,0.0,NA,NA,NA,NA,NA,NA
Barbados,2013,0.0,0.0,0.0,0.0,0.0,0.0,NA,NA,NA,NA,NA,NA
Barbados,2014,0.0,0.0,0.0,0.0,0.0,0.0,NA,NA,NA,NA,NA,NA
Barbados,2015,0.0,0.0,0.0,0.0,0.0,0.0,NA,NA,NA,NA,NA,NA
Barbados,2016,0.0,0.0,0.0,0.0,0.0,0.0,NA,NA,NA,NA,NA,NA
Barbados,2017,0.0,0.0,0.0,0.0,0.0,0.0,NA,NA,NA,NA,NA,NA
Barbados,2018,0.0,0.0,0.0,0.0,0.0,0.0,NA,NA,NA,NA,NA,NA
Barbados,2019,0.0,0.0,0.0,0.0,0.0,0.0,NA,NA,NA,NA,NA,NA
Barbados,2020,0.0,0.0,0.0,0.0,0.0,0.0,NA,NA,NA,NA,NA,NA
Barbados,2021,0.0,0.0,0.0,0.0,0.0,0.0,NA,NA,NA,NA,NA,NA
Barbados,2022,0.0,0.0,0.0,0.0,0.0,0.0,NA,NA,NA,NA,NA,NA
Barbados,2023,0.0,0.0,0.0,0.0,0.0,0.0,NA,NA,NA,NA,NA,NA
Barbados,2024,0.0,0.0,0.0,0.0,0.0,0.0,NA,NA,NA,NA,NA,NA
Barbados,2025,0.0,0.0,0.0,0.0,0.0,0.0,NA,NA,NA,NA,NA,NA
Beijing Municipality,1989,0.0,0.0,0.0,0.0,0.0,0.0,0.0,0.0,0.0,0.0,0.0,0.0
Beijing Municipality,1990,0.0,0.0,0.0,0.0,0.0,0.0,0.0,0.0,0.0,0.0,0.0,0.0
Beijing Municipality,1991,0.0,0.0,0.0,0.0,0.0,0.0,0.0,0.0,0.0,0.0,0.0,0.0
Beijing Municipality,1992,0.0,0.0,0.0,0.0,0.0,0.0,0.0,0.0,0.0,0.0,0.0,0.0
Beijing Municipality,1993,0.0,0.0,0.0,0.0,0.0,0.0,0.0,0.0,0.0,0.0,0.0,0.0
Beijing Municipality,1994,0.0,0.0,0.0,0.0,0.0,0.0,0.0,0.0,0.0,0.0,0.0,0.0
Beijing Municipality,1995,0.0,0.0,0.0,0.0,0.0,0.0,0.0,0.0,0.0,0.0,0.0,0.0
Beijing Municipality,1996,0.0,0.0,0.0,0.0,0.0,0.0,0.0,0.0,0.0,0.0,0.0,0.0
Beijing Municipality,1997,0.0,0.0,0.0,0.0,0.0,0.0,0.0,0.0,0.0,0.0,0.0,0.0
Beijing Municipality,1998,0.0,0.0,0.0,0.0,0.0,0.0,0.0,0.0,0.0,0.0,0.0,0.0
Beijing Municipality,1999,0.0,0.0,0.0,0.0,0.0,0.0,0.0,0.0,0.0,0.0,0.0,0.0
Beijing Municipality,2000,0.0,0.0,0.0,0.0,0.0,0.0,0.0,0.0,0.0,0.0,0.0,0.0
Beijing Municipality,2001,0.0,0.0,0.0,0.0,0.0,0.0,0.0,0.0,0.0,0.0,0.0,0.0
Beijing Municipality,2002,0.0,0.0,0.0,0.0,0.0,0.0,0.0,0.0,0.0,0.0,0.0,0.0
Beijing Municipality,2003,0.0,0.0,0.0,0.0,0.0,0.0,0.0,0.0,0.0,0.0,0.0,0.0
Beijing Municipality,2004,0.0,0.0,0.0,0.0,0.0,0.0,0.0,0.0,0.0,0.0,0.0,0.0
Beijing Municipality,2005,0.0,0.0,0.0,0.0,0.0,0.0,0.0,0.0,0.0,0.0,0.0,0.0
Beijing Municipality,2006,0.0,0.0,0.0,0.0,0.0,0.0,0.0,0.0,0.0,0.0,0.0,0.0
Beijing Municipality,2007,0.0,0.0,0.0,0.0,0.0,0.0,0.0,0.0,0.0,0.0,0.0,0.0
Beijing Municipality,2008,0.0,0.0,0.0,0.0,0.0,0.0,0.0,0.0,0.0,0.0,0.0,0.0
Beijing Municipality,2009,0.0,0.0,0.0,0.0,0.0,0.0,0.0,0.0,0.0,0.0,0.0,0.0
Beijing Municipality,2010,0.0,0.0,0.0,0.0,0.0,0.0,0.0,0.0,0.0,0.0,0.0,0.0
Beijing Municipality,2011,0.0,0.0,0.0,0.0,0.0,0.0,0.0,0.0,0.0,0.0,0.0,0.0
Beijing Municipality,2012,0.0,0.0,0.0,0.0,0.0,0.0,0.0,0.0,0.0,0.0,0.0,0.0
Beijing Municipality,2013,0.0,0.0,0.0,3.314917260654073,0.0,3.314917260654073,0.02373188104792601,0.0,0.02373188104792601,0.028698551065273425,0.0,0.028698551065273425
Beijing Municipality,2014,0.0,0.0,0.0,3.4882602041569784,0.0,3.4882602041569784,0.024972863489489756,0.0,0.024972863489489756,0.03019924955176939,0.0,0.03019924955176939
Beijing Municipality,2015,0.0,0.0,0.0,3.0320603788768077,0.0,3.0320603788768077,0.021706875491497482,0.0,0.021706875491497482,0.02624974705975591,0.0,0.02624974705975591
Beijing Municipality,2016,0.0,0.0,0.0,3.045757212425664,0.0,3.045757212425664,0.021804932727607976,0.0,0.021804932727607976,0.02636832597021621,0.0,0.02636832597021621
Beijing Municipality,2017,0.0,0.0,0.0,3.065172570905746,0.0,3.065172570905746,0.021943929553689005,0.0,0.021943929553689005,0.026536412414908124,0.0,0.026536412414908124
Beijing Municipality,2018,0.0,0.0,0.0,3.245596153153595,0.0,3.245596153153595,0.023235603117602276,0.0,0.023235603117602276,0.02809841079416716,0.0,0.02809841079416716
Beijing Municipality,2019,0.0,0.0,0.0,4.508021007143649,0.0,4.508021007143649,0.032273450554230566,0.0,0.032273450554230566,0.03902772253546695,0.0,0.03902772253546695
Beijing Municipality,2020,0.0,0.0,0.0,4.968764618528658,0.0,4.968764618528658,0.03557196804930176,0.0,0.03557196804930176,0.04301656238262567,0.0,0.04301656238262567
Beijing Municipality,2021,0.0,0.0,0.0,0.2654396664582331,0.0,0.2654396664582331,0.0019003136713418296,0.0,0.0019003136713418296,0.0022980162772140134,0.0,0.0022980162772140134
Beijing Municipality,2022,0.0,0.0,0.0,0.36610271568363806,0.0,0.36610271568363806,0.002620972234526441,0.0,0.002620972234526441,0.003169496145767778,0.0,0.003169496145767778
Beijing Municipality,2023,0.0,0.0,0.0,0.0,0.0,0.0,0.0,0.0,0.0,0.0,0.0,0.0
Beijing Municipality,2024,0.0,0.0,0.0,0.0,0.0,0.0,0.0,0.0,0.0,0.0,0.0,0.0
Beijing Municipality,2025,0.0,0.0,0.0,0.44640073744624265,0.0,0.44640073744624265,0.0031958351801186047,0.0,0.0031958351801186047,0.0038646679092825794,0.0,0.0038646679092825794
Belarus,1989,0.0,0.0,0.0,0.0,0.0,0.0,NA,NA,NA,NA,NA,NA
Belarus,1990,0.0,0.0,0.0,0.0,0.0,0.0,NA,NA,NA,NA,NA,NA
Belarus,1991,0.0,0.0,0.0,0.0,0.0,0.0,NA,NA,NA,NA,NA,NA
Belarus,1992,0.0,0.0,0.0,0.0,0.0,0.0,NA,NA,NA,NA,NA,NA
Belarus,1993,0.0,0.0,0.0,0.0,0.0,0.0,NA,NA,NA,NA,NA,NA
Belarus,1994,0.0,0.0,0.0,0.0,0.0,0.0,NA,NA,NA,NA,NA,NA
Belarus,1995,0.0,0.0,0.0,0.0,0.0,0.0,NA,NA,NA,NA,NA,NA
Belarus,1996,0.0,0.0,0.0,0.0,0.0,0.0,NA,NA,NA,NA,NA,NA
Belarus,1997,0.0,0.0,0.0,0.0,0.0,0.0,NA,NA,NA,NA,NA,NA
Belarus,1998,0.0,0.0,0.0,0.0,0.0,0.0,NA,NA,NA,NA,NA,NA
Belarus,1999,0.0,0.0,0.0,0.0,0.0,0.0,NA,NA,NA,NA,NA,NA
Belarus,2000,0.0,0.0,0.0,0.0,0.0,0.0,NA,NA,NA,NA,NA,NA
Belarus,2001,0.0,0.0,0.0,0.0,0.0,0.0,NA,NA,NA,NA,NA,NA
Belarus,2002,0.0,0.0,0.0,0.0,0.0,0.0,NA,NA,NA,NA,NA,NA
Belarus,2003,0.0,0.0,0.0,0.0,0.0,0.0,NA,NA,NA,NA,NA,NA
Belarus,2004,0.0,0.0,0.0,0.0,0.0,0.0,NA,NA,NA,NA,NA,NA
Belarus,2005,0.0,0.0,0.0,0.0,0.0,0.0,NA,NA,NA,NA,NA,NA
Belarus,2006,0.0,0.0,0.0,0.0,0.0,0.0,NA,NA,NA,NA,NA,NA
Belarus,2007,0.0,0.0,0.0,0.0,0.0,0.0,NA,NA,NA,NA,NA,NA
Belarus,2008,0.0,0.0,0.0,0.0,0.0,0.0,NA,NA,NA,NA,NA,NA
Belarus,2009,0.0,0.0,0.0,0.0,0.0,0.0,NA,NA,NA,NA,NA,NA
Belarus,2010,0.0,0.0,0.0,0.0,0.0,0.0,NA,NA,NA,NA,NA,NA
Belarus,2011,0.0,0.0,0.0,0.0,0.0,0.0,NA,NA,NA,NA,NA,NA
Belarus,2012,0.0,0.0,0.0,0.0,0.0,0.0,NA,NA,NA,NA,NA,NA
Belarus,2013,0.0,0.0,0.0,0.0,0.0,0.0,NA,NA,NA,NA,NA,NA
Belarus,2014,0.0,0.0,0.0,0.0,0.0,0.0,NA,NA,NA,NA,NA,NA
Belarus,2015,0.0,0.0,0.0,0.0,0.0,0.0,NA,NA,NA,NA,NA,NA
Belarus,2016,0.0,0.0,0.0,0.0,0.0,0.0,NA,NA,NA,NA,NA,NA
Belarus,2017,0.0,0.0,0.0,0.0,0.0,0.0,NA,NA,NA,NA,NA,NA
Belarus,2018,0.0,0.0,0.0,0.0,0.0,0.0,NA,NA,NA,NA,NA,NA
Belarus,2019,0.0,0.0,0.0,0.0,0.0,0.0,NA,NA,NA,NA,NA,NA
Belarus,2020,0.0,0.0,0.0,0.0,0.0,0.0,NA,NA,NA,NA,NA,NA
Belarus,2021,0.0,0.0,0.0,0.0,0.0,0.0,NA,NA,NA,NA,NA,NA
Belarus,2022,0.0,0.0,0.0,0.0,0.0,0.0,NA,NA,NA,NA,NA,NA
Belarus,2023,0.0,0.0,0.0,0.0,0.0,0.0,NA,NA,NA,NA,NA,NA
Belarus,2024,0.0,0.0,0.0,0.0,0.0,0.0,NA,NA,NA,NA,NA,NA
Belarus,2025,0.0,0.0,0.0,0.0,0.0,0.0,NA,NA,NA,NA,NA,NA
Belgium,1989,0.0,0.0,0.0,0.0,0.0,0.0,NA,NA,NA,NA,NA,NA
Belgium,1990,0.0,0.0,0.0,0.0,0.0,0.0,NA,NA,NA,NA,NA,NA
Belgium,1991,0.0,0.0,0.0,0.0,0.0,0.0,NA,NA,NA,NA,NA,NA
Belgium,1992,0.0,0.0,0.0,0.0,0.0,0.0,NA,NA,NA,NA,NA,NA
Belgium,1993,0.0,0.0,0.0,0.0,0.0,0.0,NA,NA,NA,NA,NA,NA
Belgium,1994,0.0,0.0,0.0,0.0,0.0,0.0,NA,NA,NA,NA,NA,NA
Belgium,1995,0.0,0.0,0.0,0.0,0.0,0.0,NA,NA,NA,NA,NA,NA
Belgium,1996,0.0,0.0,0.0,0.0,0.0,0.0,NA,NA,NA,NA,NA,NA
Belgium,1997,0.0,0.0,0.0,0.0,0.0,0.0,NA,NA,NA,NA,NA,NA
Belgium,1998,0.0,0.0,0.0,0.0,0.0,0.0,NA,NA,NA,NA,NA,NA
Belgium,1999,0.0,0.0,0.0,0.0,0.0,0.0,NA,NA,NA,NA,NA,NA
Belgium,2000,0.0,0.0,0.0,0.0,0.0,0.0,NA,NA,NA,NA,NA,NA
Belgium,2001,0.0,0.0,0.0,0.0,0.0,0.0,NA,NA,NA,NA,NA,NA
Belgium,2002,0.0,0.0,0.0,0.0,0.0,0.0,NA,NA,NA,NA,NA,NA
Belgium,2003,0.0,0.0,0.0,0.0,0.0,0.0,NA,NA,NA,NA,NA,NA
Belgium,2004,0.0,0.0,0.0,0.0,0.0,0.0,NA,NA,NA,NA,NA,NA
Belgium,2005,10.391707461143225,0.0,10.391707461143225,12.805723969773117,0.0,12.805723969773117,NA,NA,NA,NA,NA,NA
Belgium,2006,8.503144470858512,0.0,8.503144470858512,10.478443641343361,0.0,10.478443641343361,NA,NA,NA,NA,NA,NA
Belgium,2007,0.3176989331884079,0.0,0.3176989331884079,0.3915010944173143,0.0,0.3915010944173143,NA,NA,NA,NA,NA,NA
Belgium,2008,8.209365822391286,0.0,8.209365822391286,10.116419566420987,0.0,10.116419566420987,NA,NA,NA,NA,NA,NA
Belgium,2009,6.163159232062362,0.0,6.163159232062362,7.594874682785461,0.0,7.594874682785461,NA,NA,NA,NA,NA,NA
Belgium,2010,6.608343002129865,0.0,6.608343002129865,8.143475622200302,0.0,8.143475622200302,NA,NA,NA,NA,NA,NA
Belgium,2011,5.829533690348213,0.0,5.829533690348213,7.183747193637743,0.0,7.183747193637743,NA,NA,NA,NA,NA,NA
Belgium,2012,3.4246951064041933,0.0,3.4246951064041933,4.220259315153985,0.0,4.220259315153985,NA,NA,NA,NA,NA,NA
Belgium,2013,2.0454159089834882,0.0,2.0454159089834882,2.520570525273769,0.0,2.520570525273769,NA,NA,NA,NA,NA,NA
Belgium,2014,2.69995503036777,0.0,2.69995503036777,3.3271605247715823,0.0,3.3271605247715823,NA,NA,NA,NA,NA,NA
Belgium,2015,3.4463218082648166,0.0,3.4463218082648166,4.246909947443172,0.0,4.246909947443172,NA,NA,NA,NA,NA,NA
Belgium,2016,2.35610306359185,0.0,2.35610306359185,2.9034309895185166,0.0,2.9034309895185166,NA,NA,NA,NA,NA,NA
Belgium,2017,2.517564334761483,0.0,2.517564334761483,3.1024000692523623,0.0,3.1024000692523623,NA,NA,NA,NA,NA,NA
Belgium,2018,6.716202065900378,0.0,6.716202065900378,8.27639058381253,0.0,8.27639058381253,NA,NA,NA,NA,NA,NA
Belgium,2019,10.370233492464715,0.0,10.370233492464715,12.779261550920314,0.0,12.779261550920314,NA,NA,NA,NA,NA,NA
Belgium,2020,10.158081458793731,0.0,10.158081458793731,12.517826133018573,0.0,12.517826133018573,NA,NA,NA,NA,NA,NA
Belgium,2021,21.387051581722048,0.0,21.387051581722048,26.355310723181386,0.0,26.355310723181386,NA,NA,NA,NA,NA,NA
Belgium,2022,30.249868582364634,0.0,30.249868582364634,37.276979614383556,0.0,37.276979614383556,NA,NA,NA,NA,NA,NA
Belgium,2023,29.974916702714808,0.0,29.974916702714808,36.93815580810037,0.0,36.93815580810037,NA,NA,NA,NA,NA,NA
Belgium,2024,23.2053489004911,0.0,23.2053489004911,28.596002509993237,0.0,28.596002509993237,NA,NA,NA,NA,NA,NA
Belgium,2025,25.883851955887593,0.0,25.883851955887593,31.89672771880583,0.0,31.89672771880583,NA,NA,NA,NA,NA,NA
Belize,1989,0.0,0.0,0.0,0.0,0.0,0.0,NA,NA,NA,NA,NA,NA
Belize,1990,0.0,0.0,0.0,0.0,0.0,0.0,NA,NA,NA,NA,NA,NA
Belize,1991,0.0,0.0,0.0,0.0,0.0,0.0,NA,NA,NA,NA,NA,NA
Belize,1992,0.0,0.0,0.0,0.0,0.0,0.0,NA,NA,NA,NA,NA,NA
Belize,1993,0.0,0.0,0.0,0.0,0.0,0.0,NA,NA,NA,NA,NA,NA
Belize,1994,0.0,0.0,0.0,0.0,0.0,0.0,NA,NA,NA,NA,NA,NA
Belize,1995,0.0,0.0,0.0,0.0,0.0,0.0,NA,NA,NA,NA,NA,NA
Belize,1996,0.0,0.0,0.0,0.0,0.0,0.0,NA,NA,NA,NA,NA,NA
Belize,1997,0.0,0.0,0.0,0.0,0.0,0.0,NA,NA,NA,NA,NA,NA
Belize,1998,0.0,0.0,0.0,0.0,0.0,0.0,NA,NA,NA,NA,NA,NA
Belize,1999,0.0,0.0,0.0,0.0,0.0,0.0,NA,NA,NA,NA,NA,NA
Belize,2000,0.0,0.0,0.0,0.0,0.0,0.0,NA,NA,NA,NA,NA,NA
Belize,2001,0.0,0.0,0.0,0.0,0.0,0.0,NA,NA,NA,NA,NA,NA
Belize,2002,0.0,0.0,0.0,0.0,0.0,0.0,NA,NA,NA,NA,NA,NA
Belize,2003,0.0,0.0,0.0,0.0,0.0,0.0,NA,NA,NA,NA,NA,NA
Belize,2004,0.0,0.0,0.0,0.0,0.0,0.0,NA,NA,NA,NA,NA,NA
Belize,2005,0.0,0.0,0.0,0.0,0.0,0.0,NA,NA,NA,NA,NA,NA
Belize,2006,0.0,0.0,0.0,0.0,0.0,0.0,NA,NA,NA,NA,NA,NA
Belize,2007,0.0,0.0,0.0,0.0,0.0,0.0,NA,NA,NA,NA,NA,NA
Belize,2008,0.0,0.0,0.0,0.0,0.0,0.0,NA,NA,NA,NA,NA,NA
Belize,2009,0.0,0.0,0.0,0.0,0.0,0.0,NA,NA,NA,NA,NA,NA
Belize,2010,0.0,0.0,0.0,0.0,0.0,0.0,NA,NA,NA,NA,NA,NA
Belize,2011,0.0,0.0,0.0,0.0,0.0,0.0,NA,NA,NA,NA,NA,NA
Belize,2012,0.0,0.0,0.0,0.0,0.0,0.0,NA,NA,NA,NA,NA,NA
Belize,2013,0.0,0.0,0.0,0.0,0.0,0.0,NA,NA,NA,NA,NA,NA
Belize,2014,0.0,0.0,0.0,0.0,0.0,0.0,NA,NA,NA,NA,NA,NA
Belize,2015,0.0,0.0,0.0,0.0,0.0,0.0,NA,NA,NA,NA,NA,NA
Belize,2016,0.0,0.0,0.0,0.0,0.0,0.0,NA,NA,NA,NA,NA,NA
Belize,2017,0.0,0.0,0.0,0.0,0.0,0.0,NA,NA,NA,NA,NA,NA
Belize,2018,0.0,0.0,0.0,0.0,0.0,0.0,NA,NA,NA,NA,NA,NA
Belize,2019,0.0,0.0,0.0,0.0,0.0,0.0,NA,NA,NA,NA,NA,NA
Belize,2020,0.0,0.0,0.0,0.0,0.0,0.0,NA,NA,NA,NA,NA,NA
Belize,2021,0.0,0.0,0.0,0.0,0.0,0.0,NA,NA,NA,NA,NA,NA
Belize,2022,0.0,0.0,0.0,0.0,0.0,0.0,NA,NA,NA,NA,NA,NA
Belize,2023,0.0,0.0,0.0,0.0,0.0,0.0,NA,NA,NA,NA,NA,NA
Belize,2024,0.0,0.0,0.0,0.0,0.0,0.0,NA,NA,NA,NA,NA,NA
Belize,2025,0.0,0.0,0.0,0.0,0.0,0.0,NA,NA,NA,NA,NA,NA
Benin,1989,0.0,0.0,0.0,0.0,0.0,0.0,NA,NA,NA,NA,NA,NA
Benin,1990,0.0,0.0,0.0,0.0,0.0,0.0,NA,NA,NA,NA,NA,NA
Benin,1991,0.0,0.0,0.0,0.0,0.0,0.0,NA,NA,NA,NA,NA,NA
Benin,1992,0.0,0.0,0.0,0.0,0.0,0.0,NA,NA,NA,NA,NA,NA
Benin,1993,0.0,0.0,0.0,0.0,0.0,0.0,NA,NA,NA,NA,NA,NA
Benin,1994,0.0,0.0,0.0,0.0,0.0,0.0,NA,NA,NA,NA,NA,NA
Benin,1995,0.0,0.0,0.0,0.0,0.0,0.0,NA,NA,NA,NA,NA,NA
Benin,1996,0.0,0.0,0.0,0.0,0.0,0.0,NA,NA,NA,NA,NA,NA
Benin,1997,0.0,0.0,0.0,0.0,0.0,0.0,NA,NA,NA,NA,NA,NA
Benin,1998,0.0,0.0,0.0,0.0,0.0,0.0,NA,NA,NA,NA,NA,NA
Benin,1999,0.0,0.0,0.0,0.0,0.0,0.0,NA,NA,NA,NA,NA,NA
Benin,2000,0.0,0.0,0.0,0.0,0.0,0.0,NA,NA,NA,NA,NA,NA
Benin,2001,0.0,0.0,0.0,0.0,0.0,0.0,NA,NA,NA,NA,NA,NA
Benin,2002,0.0,0.0,0.0,0.0,0.0,0.0,NA,NA,NA,NA,NA,NA
Benin,2003,0.0,0.0,0.0,0.0,0.0,0.0,NA,NA,NA,NA,NA,NA
Benin,2004,0.0,0.0,0.0,0.0,0.0,0.0,NA,NA,NA,NA,NA,NA
Benin,2005,0.0,0.0,0.0,0.0,0.0,0.0,NA,NA,NA,NA,NA,NA
Benin,2006,0.0,0.0,0.0,0.0,0.0,0.0,NA,NA,NA,NA,NA,NA
Benin,2007,0.0,0.0,0.0,0.0,0.0,0.0,NA,NA,NA,NA,NA,NA
Benin,2008,0.0,0.0,0.0,0.0,0.0,0.0,NA,NA,NA,NA,NA,NA
Benin,2009,0.0,0.0,0.0,0.0,0.0,0.0,NA,NA,NA,NA,NA,NA
Benin,2010,0.0,0.0,0.0,0.0,0.0,0.0,NA,NA,NA,NA,NA,NA
Benin,2011,0.0,0.0,0.0,0.0,0.0,0.0,NA,NA,NA,NA,NA,NA
Benin,2012,0.0,0.0,0.0,0.0,0.0,0.0,NA,NA,NA,NA,NA,NA
Benin,2013,0.0,0.0,0.0,0.0,0.0,0.0,NA,NA,NA,NA,NA,NA
Benin,2014,0.0,0.0,0.0,0.0,0.0,0.0,NA,NA,NA,NA,NA,NA
Benin,2015,0.0,0.0,0.0,0.0,0.0,0.0,NA,NA,NA,NA,NA,NA
Benin,2016,0.0,0.0,0.0,0.0,0.0,0.0,NA,NA,NA,NA,NA,NA
Benin,2017,0.0,0.0,0.0,0.0,0.0,0.0,NA,NA,NA,NA,NA,NA
Benin,2018,0.0,0.0,0.0,0.0,0.0,0.0,NA,NA,NA,NA,NA,NA
Benin,2019,0.0,0.0,0.0,0.0,0.0,0.0,NA,NA,NA,NA,NA,NA
Benin,2020,0.0,0.0,0.0,0.0,0.0,0.0,NA,NA,NA,NA,NA,NA
Benin,2021,0.0,0.0,0.0,0.0,0.0,0.0,NA,NA,NA,NA,NA,NA
Benin,2022,0.0,0.0,0.0,0.0,0.0,0.0,NA,NA,NA,NA,NA,NA
Benin,2023,0.0,0.0,0.0,0.0,0.0,0.0,NA,NA,NA,NA,NA,NA
Benin,2024,0.0,0.0,0.0,0.0,0.0,0.0,NA,NA,NA,NA,NA,NA
Benin,2025,0.0,0.0,0.0,0.0,0.0,0.0,NA,NA,NA,NA,NA,NA
Bhutan,1989,0.0,0.0,0.0,0.0,0.0,0.0,NA,NA,NA,NA,NA,NA
Bhutan,1990,0.0,0.0,0.0,0.0,0.0,0.0,NA,NA,NA,NA,NA,NA
Bhutan,1991,0.0,0.0,0.0,0.0,0.0,0.0,NA,NA,NA,NA,NA,NA
Bhutan,1992,0.0,0.0,0.0,0.0,0.0,0.0,NA,NA,NA,NA,NA,NA
Bhutan,1993,0.0,0.0,0.0,0.0,0.0,0.0,NA,NA,NA,NA,NA,NA
Bhutan,1994,0.0,0.0,0.0,0.0,0.0,0.0,NA,NA,NA,NA,NA,NA
Bhutan,1995,0.0,0.0,0.0,0.0,0.0,0.0,NA,NA,NA,NA,NA,NA
Bhutan,1996,0.0,0.0,0.0,0.0,0.0,0.0,NA,NA,NA,NA,NA,NA
Bhutan,1997,0.0,0.0,0.0,0.0,0.0,0.0,NA,NA,NA,NA,NA,NA
Bhutan,1998,0.0,0.0,0.0,0.0,0.0,0.0,NA,NA,NA,NA,NA,NA
Bhutan,1999,0.0,0.0,0.0,0.0,0.0,0.0,NA,NA,NA,NA,NA,NA
Bhutan,2000,0.0,0.0,0.0,0.0,0.0,0.0,NA,NA,NA,NA,NA,NA
Bhutan,2001,0.0,0.0,0.0,0.0,0.0,0.0,NA,NA,NA,NA,NA,NA
Bhutan,2002,0.0,0.0,0.0,0.0,0.0,0.0,NA,NA,NA,NA,NA,NA
Bhutan,2003,0.0,0.0,0.0,0.0,0.0,0.0,NA,NA,NA,NA,NA,NA
Bhutan,2004,0.0,0.0,0.0,0.0,0.0,0.0,NA,NA,NA,NA,NA,NA
Bhutan,2005,0.0,0.0,0.0,0.0,0.0,0.0,NA,NA,NA,NA,NA,NA
Bhutan,2006,0.0,0.0,0.0,0.0,0.0,0.0,NA,NA,NA,NA,NA,NA
Bhutan,2007,0.0,0.0,0.0,0.0,0.0,0.0,NA,NA,NA,NA,NA,NA
Bhutan,2008,0.0,0.0,0.0,0.0,0.0,0.0,NA,NA,NA,NA,NA,NA
Bhutan,2009,0.0,0.0,0.0,0.0,0.0,0.0,NA,NA,NA,NA,NA,NA
Bhutan,2010,0.0,0.0,0.0,0.0,0.0,0.0,NA,NA,NA,NA,NA,NA
Bhutan,2011,0.0,0.0,0.0,0.0,0.0,0.0,NA,NA,NA,NA,NA,NA
Bhutan,2012,0.0,0.0,0.0,0.0,0.0,0.0,NA,NA,NA,NA,NA,NA
Bhutan,2013,0.0,0.0,0.0,0.0,0.0,0.0,NA,NA,NA,NA,NA,NA
Bhutan,2014,0.0,0.0,0.0,0.0,0.0,0.0,NA,NA,NA,NA,NA,NA
Bhutan,2015,0.0,0.0,0.0,0.0,0.0,0.0,NA,NA,NA,NA,NA,NA
Bhutan,2016,0.0,0.0,0.0,0.0,0.0,0.0,NA,NA,NA,NA,NA,NA
Bhutan,2017,0.0,0.0,0.0,0.0,0.0,0.0,NA,NA,NA,NA,NA,NA
Bhutan,2018,0.0,0.0,0.0,0.0,0.0,0.0,NA,NA,NA,NA,NA,NA
Bhutan,2019,0.0,0.0,0.0,0.0,0.0,0.0,NA,NA,NA,NA,NA,NA
Bhutan,2020,0.0,0.0,0.0,0.0,0.0,0.0,NA,NA,NA,NA,NA,NA
Bhutan,2021,0.0,0.0,0.0,0.0,0.0,0.0,NA,NA,NA,NA,NA,NA
Bhutan,2022,0.0,0.0,0.0,0.0,0.0,0.0,NA,NA,NA,NA,NA,NA
Bhutan,2023,0.0,0.0,0.0,0.0,0.0,0.0,NA,NA,NA,NA,NA,NA
Bhutan,2024,0.0,0.0,0.0,0.0,0.0,0.0,NA,NA,NA,NA,NA,NA
Bhutan,2025,0.0,0.0,0.0,0.0,0.0,0.0,NA,NA,NA,NA,NA,NA
Bolivia,1989,0.0,0.0,0.0,0.0,0.0,0.0,NA,NA,NA,NA,NA,NA
Bolivia,1990,0.0,0.0,0.0,0.0,0.0,0.0,NA,NA,NA,NA,NA,NA
Bolivia,1991,0.0,0.0,0.0,0.0,0.0,0.0,NA,NA,NA,NA,NA,NA
Bolivia,1992,0.0,0.0,0.0,0.0,0.0,0.0,NA,NA,NA,NA,NA,NA
Bolivia,1993,0.0,0.0,0.0,0.0,0.0,0.0,NA,NA,NA,NA,NA,NA
Bolivia,1994,0.0,0.0,0.0,0.0,0.0,0.0,NA,NA,NA,NA,NA,NA
Bolivia,1995,0.0,0.0,0.0,0.0,0.0,0.0,NA,NA,NA,NA,NA,NA
Bolivia,1996,0.0,0.0,0.0,0.0,0.0,0.0,NA,NA,NA,NA,NA,NA
Bolivia,1997,0.0,0.0,0.0,0.0,0.0,0.0,NA,NA,NA,NA,NA,NA
Bolivia,1998,0.0,0.0,0.0,0.0,0.0,0.0,NA,NA,NA,NA,NA,NA
Bolivia,1999,0.0,0.0,0.0,0.0,0.0,0.0,NA,NA,NA,NA,NA,NA
Bolivia,2000,0.0,0.0,0.0,0.0,0.0,0.0,NA,NA,NA,NA,NA,NA
Bolivia,2001,0.0,0.0,0.0,0.0,0.0,0.0,NA,NA,NA,NA,NA,NA
Bolivia,2002,0.0,0.0,0.0,0.0,0.0,0.0,NA,NA,NA,NA,NA,NA
Bolivia,2003,0.0,0.0,0.0,0.0,0.0,0.0,NA,NA,NA,NA,NA,NA
Bolivia,2004,0.0,0.0,0.0,0.0,0.0,0.0,NA,NA,NA,NA,NA,NA
Bolivia,2005,0.0,0.0,0.0,0.0,0.0,0.0,NA,NA,NA,NA,NA,NA
Bolivia,2006,0.0,0.0,0.0,0.0,0.0,0.0,NA,NA,NA,NA,NA,NA
Bolivia,2007,0.0,0.0,0.0,0.0,0.0,0.0,NA,NA,NA,NA,NA,NA
Bolivia,2008,0.0,0.0,0.0,0.0,0.0,0.0,NA,NA,NA,NA,NA,NA
Bolivia,2009,0.0,0.0,0.0,0.0,0.0,0.0,NA,NA,NA,NA,NA,NA
Bolivia,2010,0.0,0.0,0.0,0.0,0.0,0.0,NA,NA,NA,NA,NA,NA
Bolivia,2011,0.0,0.0,0.0,0.0,0.0,0.0,NA,NA,NA,NA,NA,NA
Bolivia,2012,0.0,0.0,0.0,0.0,0.0,0.0,NA,NA,NA,NA,NA,NA
Bolivia,2013,0.0,0.0,0.0,0.0,0.0,0.0,NA,NA,NA,NA,NA,NA
Bolivia,2014,0.0,0.0,0.0,0.0,0.0,0.0,NA,NA,NA,NA,NA,NA
Bolivia,2015,0.0,0.0,0.0,0.0,0.0,0.0,NA,NA,NA,NA,NA,NA
Bolivia,2016,0.0,0.0,0.0,0.0,0.0,0.0,NA,NA,NA,NA,NA,NA
Bolivia,2017,0.0,0.0,0.0,0.0,0.0,0.0,NA,NA,NA,NA,NA,NA
Bolivia,2018,0.0,0.0,0.0,0.0,0.0,0.0,NA,NA,NA,NA,NA,NA
Bolivia,2019,0.0,0.0,0.0,0.0,0.0,0.0,NA,NA,NA,NA,NA,NA
Bolivia,2020,0.0,0.0,0.0,0.0,0.0,0.0,NA,NA,NA,NA,NA,NA
Bolivia,2021,0.0,0.0,0.0,0.0,0.0,0.0,NA,NA,NA,NA,NA,NA
Bolivia,2022,0.0,0.0,0.0,0.0,0.0,0.0,NA,NA,NA,NA,NA,NA
Bolivia,2023,0.0,0.0,0.0,0.0,0.0,0.0,NA,NA,NA,NA,NA,NA
Bolivia,2024,0.0,0.0,0.0,0.0,0.0,0.0,NA,NA,NA,NA,NA,NA
Bolivia,2025,0.0,0.0,0.0,0.0,0.0,0.0,NA,NA,NA,NA,NA,NA
Bosnia and Herzegovina,1989,0.0,0.0,0.0,0.0,0.0,0.0,NA,NA,NA,NA,NA,NA
Bosnia and Herzegovina,1990,0.0,0.0,0.0,0.0,0.0,0.0,NA,NA,NA,NA,NA,NA
Bosnia and Herzegovina,1991,0.0,0.0,0.0,0.0,0.0,0.0,NA,NA,NA,NA,NA,NA
Bosnia and Herzegovina,1992,0.0,0.0,0.0,0.0,0.0,0.0,NA,NA,NA,NA,NA,NA
Bosnia and Herzegovina,1993,0.0,0.0,0.0,0.0,0.0,0.0,NA,NA,NA,NA,NA,NA
Bosnia and Herzegovina,1994,0.0,0.0,0.0,0.0,0.0,0.0,NA,NA,NA,NA,NA,NA
Bosnia and Herzegovina,1995,0.0,0.0,0.0,0.0,0.0,0.0,NA,NA,NA,NA,NA,NA
Bosnia and Herzegovina,1996,0.0,0.0,0.0,0.0,0.0,0.0,NA,NA,NA,NA,NA,NA
Bosnia and Herzegovina,1997,0.0,0.0,0.0,0.0,0.0,0.0,NA,NA,NA,NA,NA,NA
Bosnia and Herzegovina,1998,0.0,0.0,0.0,0.0,0.0,0.0,NA,NA,NA,NA,NA,NA
Bosnia and Herzegovina,1999,0.0,0.0,0.0,0.0,0.0,0.0,NA,NA,NA,NA,NA,NA
Bosnia and Herzegovina,2000,0.0,0.0,0.0,0.0,0.0,0.0,NA,NA,NA,NA,NA,NA
Bosnia and Herzegovina,2001,0.0,0.0,0.0,0.0,0.0,0.0,NA,NA,NA,NA,NA,NA
Bosnia and Herzegovina,2002,0.0,0.0,0.0,0.0,0.0,0.0,NA,NA,NA,NA,NA,NA
Bosnia and Herzegovina,2003,0.0,0.0,0.0,0.0,0.0,0.0,NA,NA,NA,NA,NA,NA
Bosnia and Herzegovina,2004,0.0,0.0,0.0,0.0,0.0,0.0,NA,NA,NA,NA,NA,NA
Bosnia and Herzegovina,2005,0.0,0.0,0.0,0.0,0.0,0.0,NA,NA,NA,NA,NA,NA
Bosnia and Herzegovina,2006,0.0,0.0,0.0,0.0,0.0,0.0,NA,NA,NA,NA,NA,NA
Bosnia and Herzegovina,2007,0.0,0.0,0.0,0.0,0.0,0.0,NA,NA,NA,NA,NA,NA
Bosnia and Herzegovina,2008,0.0,0.0,0.0,0.0,0.0,0.0,NA,NA,NA,NA,NA,NA
Bosnia and Herzegovina,2009,0.0,0.0,0.0,0.0,0.0,0.0,NA,NA,NA,NA,NA,NA
Bosnia and Herzegovina,2010,0.0,0.0,0.0,0.0,0.0,0.0,NA,NA,NA,NA,NA,NA
Bosnia and Herzegovina,2011,0.0,0.0,0.0,0.0,0.0,0.0,NA,NA,NA,NA,NA,NA
Bosnia and Herzegovina,2012,0.0,0.0,0.0,0.0,0.0,0.0,NA,NA,NA,NA,NA,NA
Bosnia and Herzegovina,2013,0.0,0.0,0.0,0.0,0.0,0.0,NA,NA,NA,NA,NA,NA
Bosnia and Herzegovina,2014,0.0,0.0,0.0,0.0,0.0,0.0,NA,NA,NA,NA,NA,NA
Bosnia and Herzegovina,2015,0.0,0.0,0.0,0.0,0.0,0.0,NA,NA,NA,NA,NA,NA
Bosnia and Herzegovina,2016,0.0,0.0,0.0,0.0,0.0,0.0,NA,NA,NA,NA,NA,NA
Bosnia and Herzegovina,2017,0.0,0.0,0.0,0.0,0.0,0.0,NA,NA,NA,NA,NA,NA
Bosnia and Herzegovina,2018,0.0,0.0,0.0,0.0,0.0,0.0,NA,NA,NA,NA,NA,NA
Bosnia and Herzegovina,2019,0.0,0.0,0.0,0.0,0.0,0.0,NA,NA,NA,NA,NA,NA
Bosnia and Herzegovina,2020,0.0,0.0,0.0,0.0,0.0,0.0,NA,NA,NA,NA,NA,NA
Bosnia and Herzegovina,2021,0.0,0.0,0.0,0.0,0.0,0.0,NA,NA,NA,NA,NA,NA
Bosnia and Herzegovina,2022,0.0,0.0,0.0,0.0,0.0,0.0,NA,NA,NA,NA,NA,NA
Bosnia and Herzegovina,2023,0.0,0.0,0.0,0.0,0.0,0.0,NA,NA,NA,NA,NA,NA
Bosnia and Herzegovina,2024,0.0,0.0,0.0,0.0,0.0,0.0,NA,NA,NA,NA,NA,NA
Bosnia and Herzegovina,2025,0.0,0.0,0.0,0.0,0.0,0.0,NA,NA,NA,NA,NA,NA
Botswana,1989,0.0,0.0,0.0,0.0,0.0,0.0,NA,NA,NA,NA,NA,NA
Botswana,1990,0.0,0.0,0.0,0.0,0.0,0.0,NA,NA,NA,NA,NA,NA
Botswana,1991,0.0,0.0,0.0,0.0,0.0,0.0,NA,NA,NA,NA,NA,NA
Botswana,1992,0.0,0.0,0.0,0.0,0.0,0.0,NA,NA,NA,NA,NA,NA
Botswana,1993,0.0,0.0,0.0,0.0,0.0,0.0,NA,NA,NA,NA,NA,NA
Botswana,1994,0.0,0.0,0.0,0.0,0.0,0.0,NA,NA,NA,NA,NA,NA
Botswana,1995,0.0,0.0,0.0,0.0,0.0,0.0,NA,NA,NA,NA,NA,NA
Botswana,1996,0.0,0.0,0.0,0.0,0.0,0.0,NA,NA,NA,NA,NA,NA
Botswana,1997,0.0,0.0,0.0,0.0,0.0,0.0,NA,NA,NA,NA,NA,NA
Botswana,1998,0.0,0.0,0.0,0.0,0.0,0.0,NA,NA,NA,NA,NA,NA
Botswana,1999,0.0,0.0,0.0,0.0,0.0,0.0,NA,NA,NA,NA,NA,NA
Botswana,2000,0.0,0.0,0.0,0.0,0.0,0.0,NA,NA,NA,NA,NA,NA
Botswana,2001,0.0,0.0,0.0,0.0,0.0,0.0,NA,NA,NA,NA,NA,NA
Botswana,2002,0.0,0.0,0.0,0.0,0.0,0.0,NA,NA,NA,NA,NA,NA
Botswana,2003,0.0,0.0,0.0,0.0,0.0,0.0,NA,NA,NA,NA,NA,NA
Botswana,2004,0.0,0.0,0.0,0.0,0.0,0.0,NA,NA,NA,NA,NA,NA
Botswana,2005,0.0,0.0,0.0,0.0,0.0,0.0,NA,NA,NA,NA,NA,NA
Botswana,2006,0.0,0.0,0.0,0.0,0.0,0.0,NA,NA,NA,NA,NA,NA
Botswana,2007,0.0,0.0,0.0,0.0,0.0,0.0,NA,NA,NA,NA,NA,NA
Botswana,2008,0.0,0.0,0.0,0.0,0.0,0.0,NA,NA,NA,NA,NA,NA
Botswana,2009,0.0,0.0,0.0,0.0,0.0,0.0,NA,NA,NA,NA,NA,NA
Botswana,2010,0.0,0.0,0.0,0.0,0.0,0.0,NA,NA,NA,NA,NA,NA
Botswana,2011,0.0,0.0,0.0,0.0,0.0,0.0,NA,NA,NA,NA,NA,NA
Botswana,2012,0.0,0.0,0.0,0.0,0.0,0.0,NA,NA,NA,NA,NA,NA
Botswana,2013,0.0,0.0,0.0,0.0,0.0,0.0,NA,NA,NA,NA,NA,NA
Botswana,2014,0.0,0.0,0.0,0.0,0.0,0.0,NA,NA,NA,NA,NA,NA
Botswana,2015,0.0,0.0,0.0,0.0,0.0,0.0,NA,NA,NA,NA,NA,NA
Botswana,2016,0.0,0.0,0.0,0.0,0.0,0.0,NA,NA,NA,NA,NA,NA
Botswana,2017,0.0,0.0,0.0,0.0,0.0,0.0,NA,NA,NA,NA,NA,NA
Botswana,2018,0.0,0.0,0.0,0.0,0.0,0.0,NA,NA,NA,NA,NA,NA
Botswana,2019,0.0,0.0,0.0,0.0,0.0,0.0,NA,NA,NA,NA,NA,NA
Botswana,2020,0.0,0.0,0.0,0.0,0.0,0.0,NA,NA,NA,NA,NA,NA
Botswana,2021,0.0,0.0,0.0,0.0,0.0,0.0,NA,NA,NA,NA,NA,NA
Botswana,2022,0.0,0.0,0.0,0.0,0.0,0.0,NA,NA,NA,NA,NA,NA
Botswana,2023,0.0,0.0,0.0,0.0,0.0,0.0,NA,NA,NA,NA,NA,NA
Botswana,2024,0.0,0.0,0.0,0.0,0.0,0.0,NA,NA,NA,NA,NA,NA
Botswana,2025,0.0,0.0,0.0,0.0,0.0,0.0,NA,NA,NA,NA,NA,NA
Brazil,1989,0.0,0.0,0.0,0.0,0.0,0.0,NA,NA,NA,NA,NA,NA
Brazil,1990,0.0,0.0,0.0,0.0,0.0,0.0,NA,NA,NA,NA,NA,NA
Brazil,1991,0.0,0.0,0.0,0.0,0.0,0.0,NA,NA,NA,NA,NA,NA
Brazil,1992,0.0,0.0,0.0,0.0,0.0,0.0,NA,NA,NA,NA,NA,NA
Brazil,1993,0.0,0.0,0.0,0.0,0.0,0.0,NA,NA,NA,NA,NA,NA
Brazil,1994,0.0,0.0,0.0,0.0,0.0,0.0,NA,NA,NA,NA,NA,NA
Brazil,1995,0.0,0.0,0.0,0.0,0.0,0.0,NA,NA,NA,NA,NA,NA
Brazil,1996,0.0,0.0,0.0,0.0,0.0,0.0,NA,NA,NA,NA,NA,NA
Brazil,1997,0.0,0.0,0.0,0.0,0.0,0.0,NA,NA,NA,NA,NA,NA
Brazil,1998,0.0,0.0,0.0,0.0,0.0,0.0,NA,NA,NA,NA,NA,NA
Brazil,1999,0.0,0.0,0.0,0.0,0.0,0.0,NA,NA,NA,NA,NA,NA
Brazil,2000,0.0,0.0,0.0,0.0,0.0,0.0,NA,NA,NA,NA,NA,NA
Brazil,2001,0.0,0.0,0.0,0.0,0.0,0.0,NA,NA,NA,NA,NA,NA
Brazil,2002,0.0,0.0,0.0,0.0,0.0,0.0,NA,NA,NA,NA,NA,NA
Brazil,2003,0.0,0.0,0.0,0.0,0.0,0.0,NA,NA,NA,NA,NA,NA
Brazil,2004,0.0,0.0,0.0,0.0,0.0,0.0,NA,NA,NA,NA,NA,NA
Brazil,2005,0.0,0.0,0.0,0.0,0.0,0.0,NA,NA,NA,NA,NA,NA
Brazil,2006,0.0,0.0,0.0,0.0,0.0,0.0,NA,NA,NA,NA,NA,NA
Brazil,2007,0.0,0.0,0.0,0.0,0.0,0.0,NA,NA,NA,NA,NA,NA
Brazil,2008,0.0,0.0,0.0,0.0,0.0,0.0,NA,NA,NA,NA,NA,NA
Brazil,2009,0.0,0.0,0.0,0.0,0.0,0.0,NA,NA,NA,NA,NA,NA
Brazil,2010,0.0,0.0,0.0,0.0,0.0,0.0,NA,NA,NA,NA,NA,NA
Brazil,2011,0.0,0.0,0.0,0.0,0.0,0.0,NA,NA,NA,NA,NA,NA
Brazil,2012,0.0,0.0,0.0,0.0,0.0,0.0,NA,NA,NA,NA,NA,NA
Brazil,2013,0.0,0.0,0.0,0.0,0.0,0.0,NA,NA,NA,NA,NA,NA
Brazil,2014,0.0,0.0,0.0,0.0,0.0,0.0,NA,NA,NA,NA,NA,NA
Brazil,2015,0.0,0.0,0.0,0.0,0.0,0.0,NA,NA,NA,NA,NA,NA
Brazil,2016,0.0,0.0,0.0,0.0,0.0,0.0,NA,NA,NA,NA,NA,NA
Brazil,2017,0.0,0.0,0.0,0.0,0.0,0.0,NA,NA,NA,NA,NA,NA
Brazil,2018,0.0,0.0,0.0,0.0,0.0,0.0,NA,NA,NA,NA,NA,NA
Brazil,2019,0.0,0.0,0.0,0.0,0.0,0.0,NA,NA,NA,NA,NA,NA
Brazil,2020,0.0,0.0,0.0,0.0,0.0,0.0,NA,NA,NA,NA,NA,NA
Brazil,2021,0.0,0.0,0.0,0.0,0.0,0.0,NA,NA,NA,NA,NA,NA
Brazil,2022,0.0,0.0,0.0,0.0,0.0,0.0,NA,NA,NA,NA,NA,NA
Brazil,2023,0.0,0.0,0.0,0.0,0.0,0.0,NA,NA,NA,NA,NA,NA
Brazil,2024,0.0,0.0,0.0,0.0,0.0,0.0,NA,NA,NA,NA,NA,NA
Brazil,2025,0.0,0.0,0.0,0.0,0.0,0.0,NA,NA,NA,NA,NA,NA
British Columbia,1989,0.0,0.0,0.0,0.0,0.0,0.0,0.0,0.0,0.0,0.0,0.0,0.0
British Columbia,1990,0.0,0.0,0.0,0.0,0.0,0.0,0.0,0.0,0.0,0.0,0.0,0.0
British Columbia,1991,0.0,0.0,0.0,0.0,0.0,0.0,0.0,0.0,0.0,0.0,0.0,0.0
British Columbia,1992,0.0,0.0,0.0,0.0,0.0,0.0,0.0,0.0,0.0,0.0,0.0,0.0
British Columbia,1993,0.0,0.0,0.0,0.0,0.0,0.0,0.0,0.0,0.0,0.0,0.0,0.0
British Columbia,1994,0.0,0.0,0.0,0.0,0.0,0.0,0.0,0.0,0.0,0.0,0.0,0.0
British Columbia,1995,0.0,0.0,0.0,0.0,0.0,0.0,0.0,0.0,0.0,0.0,0.0,0.0
British Columbia,1996,0.0,0.0,0.0,0.0,0.0,0.0,0.0,0.0,0.0,0.0,0.0,0.0
British Columbia,1997,0.0,0.0,0.0,0.0,0.0,0.0,0.0,0.0,0.0,0.0,0.0,0.0
British Columbia,1998,0.0,0.0,0.0,0.0,0.0,0.0,0.0,0.0,0.0,0.0,0.0,0.0
British Columbia,1999,0.0,0.0,0.0,0.0,0.0,0.0,0.0,0.0,0.0,0.0,0.0,0.0
British Columbia,2000,0.0,0.0,0.0,0.0,0.0,0.0,0.0,0.0,0.0,0.0,0.0,0.0
British Columbia,2001,0.0,0.0,0.0,0.0,0.0,0.0,0.0,0.0,0.0,0.0,0.0,0.0
British Columbia,2002,0.0,0.0,0.0,0.0,0.0,0.0,0.0,0.0,0.0,0.0,0.0,0.0
British Columbia,2003,0.0,0.0,0.0,0.0,0.0,0.0,0.0,0.0,0.0,0.0,0.0,0.0
British Columbia,2004,0.0,0.0,0.0,0.0,0.0,0.0,0.0,0.0,0.0,0.0,0.0,0.0
British Columbia,2005,0.0,0.0,0.0,0.0,0.0,0.0,0.0,0.0,0.0,0.0,0.0,0.0
British Columbia,2006,0.0,0.0,0.0,0.0,0.0,0.0,0.0,0.0,0.0,0.0,0.0,0.0
British Columbia,2007,0.0,0.0,0.0,0.0,0.0,0.0,0.0,0.0,0.0,0.0,0.0,0.0
British Columbia,2008,0.0,10.0177023035749,10.0177023035749,0.0,22.240157583280176,22.240157583280176,0.0,0.29839008904542574,0.29839008904542574,0.0,0.3871883712279327,0.3871883712279327
British Columbia,2009,0.0,18.715601816559357,18.715601816559357,0.0,41.550239870640475,41.550239870640475,0.0,0.5574681621941375,0.5574681621941375,0.0,0.7233658142664307,0.7233658142664307
British Columbia,2010,0.0,24.80282270020041,24.80282270020041,0.0,55.06439187814216,55.06439187814216,0.0,0.7387838298458547,0.7387838298458547,0.0,0.9586394396765764,0.9586394396765764
British Columbia,2011,0.0,30.42140777458523,30.42140777458523,0.0,67.53813222923965,67.53813222923965,0.0,0.9061405799118558,0.9061405799118558,0.0,1.1758000956465893,1.1758000956465893
British Columbia,2012,0.0,36.463263676760356,36.463263676760356,0.0,80.95157009032425,80.95157009032425,0.0,1.0861049935086056,1.0861049935086056,0.0,1.409320345606727,1.409320345606727
British Columbia,2013,0.0,37.27707717990919,37.27707717990919,0.0,82.75830580725332,82.75830580725332,0.0,1.11034547064719,1.11034547064719,0.0,1.440774576848461,1.440774576848461
British Columbia,2014,0.0,36.567234394833555,36.567234394833555,0.0,81.18239399424179,81.18239399424179,0.0,1.08920189446292,1.08920189446292,0.0,1.413338857214104,1.413338857214104
British Columbia,2015,0.0,36.88728743178156,36.88728743178156,0.0,81.89293916328629,81.89293916328629,0.0,1.0987350839409198,1.0987350839409198,0.0,1.4257090405482828,1.4257090405482828
British Columbia,2016,0.0,36.72559085891862,36.72559085891862,0.0,81.5339589149049,81.5339589149049,0.0,1.09391874449373,1.09391874449373,0.0,1.4194594005826795,1.4194594005826795
British Columbia,2017,0.0,35.70667258293774,35.70667258293774,0.0,79.27187302578716,79.27187302578716,0.0,1.0635689590951911,1.0635689590951911,0.0,1.3800777843461274,1.3800777843461274
British Columbia,2018,0.0,39.54574952816062,39.54574952816062,0.0,87.79495283477944,87.79495283477944,0.0,1.1779207811820283,1.1779207811820283,0.0,1.5284597091023764,1.5284597091023764
British Columbia,2019,0.0,44.708965503044,44.708965503044,0.0,99.25773476202215,99.25773476202215,0.0,1.3317137795980845,1.3317137795980845,0.0,1.728020159496249,1.728020159496249
British Columbia,2020,0.0,45.75956056229284,45.75956056229284,0.0,101.59014582454411,101.59014582454411,0.0,1.3630070985428961,1.3630070985428961,0.0,1.7686260966147347,1.7686260966147347
British Columbia,2021,0.0,46.38423152686715,46.38423152686715,0.0,102.97696889722361,102.97696889722361,0.0,1.3816137230057637,1.3816137230057637,0.0,1.792769889871657,1.792769889871657
British Columbia,2022,0.0,48.007927163772635,48.007927163772635,0.0,106.58171235413148,106.58171235413148,0.0,1.4299775764121483,1.4299775764121483,0.0,1.8555264032888097,1.8555264032888097
British Columbia,2023,0.0,59.45029147205584,59.45029147205584,0.0,131.98474167460807,131.98474167460807,0.0,1.7708030473008578,1.7708030473008578,0.0,2.297778555056166,2.297778555056166
British Columbia,2024,0.0,56.71785579951403,56.71785579951403,0.0,125.91850032485067,125.91850032485067,0.0,1.6894139523833844,1.6894139523833844,0.0,2.1921687769377822,2.1921687769377822
British Columbia,2025,0.0,23.055401425562227,23.055401425562227,0.0,51.18496690277022,51.18496690277022,0.0,0.6867346499103433,0.6867346499103433,0.0,0.8911008787697754,0.8911008787697754
Brunei Darussalam,1989,0.0,0.0,0.0,0.0,0.0,0.0,NA,NA,NA,NA,NA,NA
Brunei Darussalam,1990,0.0,0.0,0.0,0.0,0.0,0.0,NA,NA,NA,NA,NA,NA
Brunei Darussalam,1991,0.0,0.0,0.0,0.0,0.0,0.0,NA,NA,NA,NA,NA,NA
Brunei Darussalam,1992,0.0,0.0,0.0,0.0,0.0,0.0,NA,NA,NA,NA,NA,NA
Brunei Darussalam,1993,0.0,0.0,0.0,0.0,0.0,0.0,NA,NA,NA,NA,NA,NA
Brunei Darussalam,1994,0.0,0.0,0.0,0.0,0.0,0.0,NA,NA,NA,NA,NA,NA
Brunei Darussalam,1995,0.0,0.0,0.0,0.0,0.0,0.0,NA,NA,NA,NA,NA,NA
Brunei Darussalam,1996,0.0,0.0,0.0,0.0,0.0,0.0,NA,NA,NA,NA,NA,NA
Brunei Darussalam,1997,0.0,0.0,0.0,0.0,0.0,0.0,NA,NA,NA,NA,NA,NA
Brunei Darussalam,1998,0.0,0.0,0.0,0.0,0.0,0.0,NA,NA,NA,NA,NA,NA
Brunei Darussalam,1999,0.0,0.0,0.0,0.0,0.0,0.0,NA,NA,NA,NA,NA,NA
Brunei Darussalam,2000,0.0,0.0,0.0,0.0,0.0,0.0,NA,NA,NA,NA,NA,NA
Brunei Darussalam,2001,0.0,0.0,0.0,0.0,0.0,0.0,NA,NA,NA,NA,NA,NA
Brunei Darussalam,2002,0.0,0.0,0.0,0.0,0.0,0.0,NA,NA,NA,NA,NA,NA
Brunei Darussalam,2003,0.0,0.0,0.0,0.0,0.0,0.0,NA,NA,NA,NA,NA,NA
Brunei Darussalam,2004,0.0,0.0,0.0,0.0,0.0,0.0,NA,NA,NA,NA,NA,NA
Brunei Darussalam,2005,0.0,0.0,0.0,0.0,0.0,0.0,NA,NA,NA,NA,NA,NA
Brunei Darussalam,2006,0.0,0.0,0.0,0.0,0.0,0.0,NA,NA,NA,NA,NA,NA
Brunei Darussalam,2007,0.0,0.0,0.0,0.0,0.0,0.0,NA,NA,NA,NA,NA,NA
Brunei Darussalam,2008,0.0,0.0,0.0,0.0,0.0,0.0,NA,NA,NA,NA,NA,NA
Brunei Darussalam,2009,0.0,0.0,0.0,0.0,0.0,0.0,NA,NA,NA,NA,NA,NA
Brunei Darussalam,2010,0.0,0.0,0.0,0.0,0.0,0.0,NA,NA,NA,NA,NA,NA
Brunei Darussalam,2011,0.0,0.0,0.0,0.0,0.0,0.0,NA,NA,NA,NA,NA,NA
Brunei Darussalam,2012,0.0,0.0,0.0,0.0,0.0,0.0,NA,NA,NA,NA,NA,NA
Brunei Darussalam,2013,0.0,0.0,0.0,0.0,0.0,0.0,NA,NA,NA,NA,NA,NA
Brunei Darussalam,2014,0.0,0.0,0.0,0.0,0.0,0.0,NA,NA,NA,NA,NA,NA
Brunei Darussalam,2015,0.0,0.0,0.0,0.0,0.0,0.0,NA,NA,NA,NA,NA,NA
Brunei Darussalam,2016,0.0,0.0,0.0,0.0,0.0,0.0,NA,NA,NA,NA,NA,NA
Brunei Darussalam,2017,0.0,0.0,0.0,0.0,0.0,0.0,NA,NA,NA,NA,NA,NA
Brunei Darussalam,2018,0.0,0.0,0.0,0.0,0.0,0.0,NA,NA,NA,NA,NA,NA
Brunei Darussalam,2019,0.0,0.0,0.0,0.0,0.0,0.0,NA,NA,NA,NA,NA,NA
Brunei Darussalam,2020,0.0,0.0,0.0,0.0,0.0,0.0,NA,NA,NA,NA,NA,NA
Brunei Darussalam,2021,0.0,0.0,0.0,0.0,0.0,0.0,NA,NA,NA,NA,NA,NA
Brunei Darussalam,2022,0.0,0.0,0.0,0.0,0.0,0.0,NA,NA,NA,NA,NA,NA
Brunei Darussalam,2023,0.0,0.0,0.0,0.0,0.0,0.0,NA,NA,NA,NA,NA,NA
Brunei Darussalam,2024,0.0,0.0,0.0,0.0,0.0,0.0,NA,NA,NA,NA,NA,NA
Brunei Darussalam,2025,0.0,0.0,0.0,0.0,0.0,0.0,NA,NA,NA,NA,NA,NA
Bulgaria,1989,0.0,0.0,0.0,0.0,0.0,0.0,NA,NA,NA,NA,NA,NA
Bulgaria,1990,0.0,0.0,0.0,0.0,0.0,0.0,NA,NA,NA,NA,NA,NA
Bulgaria,1991,0.0,0.0,0.0,0.0,0.0,0.0,NA,NA,NA,NA,NA,NA
Bulgaria,1992,0.0,0.0,0.0,0.0,0.0,0.0,NA,NA,NA,NA,NA,NA
Bulgaria,1993,0.0,0.0,0.0,0.0,0.0,0.0,NA,NA,NA,NA,NA,NA
Bulgaria,1994,0.0,0.0,0.0,0.0,0.0,0.0,NA,NA,NA,NA,NA,NA
Bulgaria,1995,0.0,0.0,0.0,0.0,0.0,0.0,NA,NA,NA,NA,NA,NA
Bulgaria,1996,0.0,0.0,0.0,0.0,0.0,0.0,NA,NA,NA,NA,NA,NA
Bulgaria,1997,0.0,0.0,0.0,0.0,0.0,0.0,NA,NA,NA,NA,NA,NA
Bulgaria,1998,0.0,0.0,0.0,0.0,0.0,0.0,NA,NA,NA,NA,NA,NA
Bulgaria,1999,0.0,0.0,0.0,0.0,0.0,0.0,NA,NA,NA,NA,NA,NA
Bulgaria,2000,0.0,0.0,0.0,0.0,0.0,0.0,NA,NA,NA,NA,NA,NA
Bulgaria,2001,0.0,0.0,0.0,0.0,0.0,0.0,NA,NA,NA,NA,NA,NA
Bulgaria,2002,0.0,0.0,0.0,0.0,0.0,0.0,NA,NA,NA,NA,NA,NA
Bulgaria,2003,0.0,0.0,0.0,0.0,0.0,0.0,NA,NA,NA,NA,NA,NA
Bulgaria,2004,0.0,0.0,0.0,0.0,0.0,0.0,NA,NA,NA,NA,NA,NA
Bulgaria,2005,0.0,0.0,0.0,0.0,0.0,0.0,NA,NA,NA,NA,NA,NA
Bulgaria,2006,0.0,0.0,0.0,0.0,0.0,0.0,NA,NA,NA,NA,NA,NA
Bulgaria,2007,0.7185810018716295,0.0,0.7185810018716295,0.914203510079755,0.0,0.914203510079755,NA,NA,NA,NA,NA,NA
Bulgaria,2008,17.504188778598127,0.0,17.504188778598127,22.269432090206866,0.0,22.269432090206866,NA,NA,NA,NA,NA,NA
Bulgaria,2009,12.742174158113883,0.0,12.742174158113883,16.21103300957611,0.0,16.21103300957611,NA,NA,NA,NA,NA,NA
Bulgaria,2010,13.789895533934619,0.0,13.789895533934619,17.543980244287468,0.0,17.543980244287468,NA,NA,NA,NA,NA,NA
Bulgaria,2011,11.726764469230154,0.0,11.726764469230154,14.919193816320718,0.0,14.919193816320718,NA,NA,NA,NA,NA,NA
Bulgaria,2012,6.671211756013977,0.0,6.671211756013977,8.487345459938597,0.0,8.487345459938597,NA,NA,NA,NA,NA,NA
Bulgaria,2013,4.037788037676878,0.0,4.037788037676878,5.137013067959859,0.0,5.137013067959859,NA,NA,NA,NA,NA,NA
Bulgaria,2014,5.303574876990623,0.0,5.303574876990623,6.7473906990123815,0.0,6.7473906990123815,NA,NA,NA,NA,NA,NA
Bulgaria,2015,6.649609080283261,0.0,6.649609080283261,8.45986179153003,0.0,8.45986179153003,NA,NA,NA,NA,NA,NA
Bulgaria,2016,4.4832124390474934,0.0,4.4832124390474934,5.7036973389711525,0.0,5.7036973389711525,NA,NA,NA,NA,NA,NA
Bulgaria,2017,4.661100177522441,0.0,4.661100177522441,5.93001224917664,0.0,5.93001224917664,NA,NA,NA,NA,NA,NA
Bulgaria,2018,12.131888128731909,0.0,12.131888128731909,15.434606094920065,0.0,15.434606094920065,NA,NA,NA,NA,NA,NA
Bulgaria,2019,18.130512409556452,0.0,18.130512409556452,23.06626259418154,0.0,23.06626259418154,NA,NA,NA,NA,NA,NA
Bulgaria,2020,17.292396592440422,0.0,17.292396592440422,21.99998277344434,0.0,21.99998277344434,NA,NA,NA,NA,NA,NA
Bulgaria,2021,34.97009603166843,0.0,34.97009603166843,44.49016110460517,0.0,44.49016110460517,NA,NA,NA,NA,NA,NA
Bulgaria,2022,45.58975199379452,0.0,45.58975199379452,58.00085333154696,0.0,58.00085333154696,NA,NA,NA,NA,NA,NA
Bulgaria,2023,43.7211396336293,0.0,43.7211396336293,55.62354030185092,0.0,55.62354030185092,NA,NA,NA,NA,NA,NA
Bulgaria,2024,33.847109888167566,0.0,33.847109888167566,43.06145943912081,0.0,43.06145943912081,NA,NA,NA,NA,NA,NA
Bulgaria,2025,37.753949972346554,0.0,37.753949972346554,48.03187600868491,0.0,48.03187600868491,NA,NA,NA,NA,NA,NA
Burkina Faso,1989,0.0,0.0,0.0,0.0,0.0,0.0,NA,NA,NA,NA,NA,NA
Burkina Faso,1990,0.0,0.0,0.0,0.0,0.0,0.0,NA,NA,NA,NA,NA,NA
Burkina Faso,1991,0.0,0.0,0.0,0.0,0.0,0.0,NA,NA,NA,NA,NA,NA
Burkina Faso,1992,0.0,0.0,0.0,0.0,0.0,0.0,NA,NA,NA,NA,NA,NA
Burkina Faso,1993,0.0,0.0,0.0,0.0,0.0,0.0,NA,NA,NA,NA,NA,NA
Burkina Faso,1994,0.0,0.0,0.0,0.0,0.0,0.0,NA,NA,NA,NA,NA,NA
Burkina Faso,1995,0.0,0.0,0.0,0.0,0.0,0.0,NA,NA,NA,NA,NA,NA
Burkina Faso,1996,0.0,0.0,0.0,0.0,0.0,0.0,NA,NA,NA,NA,NA,NA
Burkina Faso,1997,0.0,0.0,0.0,0.0,0.0,0.0,NA,NA,NA,NA,NA,NA
Burkina Faso,1998,0.0,0.0,0.0,0.0,0.0,0.0,NA,NA,NA,NA,NA,NA
Burkina Faso,1999,0.0,0.0,0.0,0.0,0.0,0.0,NA,NA,NA,NA,NA,NA
Burkina Faso,2000,0.0,0.0,0.0,0.0,0.0,0.0,NA,NA,NA,NA,NA,NA
Burkina Faso,2001,0.0,0.0,0.0,0.0,0.0,0.0,NA,NA,NA,NA,NA,NA
Burkina Faso,2002,0.0,0.0,0.0,0.0,0.0,0.0,NA,NA,NA,NA,NA,NA
Burkina Faso,2003,0.0,0.0,0.0,0.0,0.0,0.0,NA,NA,NA,NA,NA,NA
Burkina Faso,2004,0.0,0.0,0.0,0.0,0.0,0.0,NA,NA,NA,NA,NA,NA
Burkina Faso,2005,0.0,0.0,0.0,0.0,0.0,0.0,NA,NA,NA,NA,NA,NA
Burkina Faso,2006,0.0,0.0,0.0,0.0,0.0,0.0,NA,NA,NA,NA,NA,NA
Burkina Faso,2007,0.0,0.0,0.0,0.0,0.0,0.0,NA,NA,NA,NA,NA,NA
Burkina Faso,2008,0.0,0.0,0.0,0.0,0.0,0.0,NA,NA,NA,NA,NA,NA
Burkina Faso,2009,0.0,0.0,0.0,0.0,0.0,0.0,NA,NA,NA,NA,NA,NA
Burkina Faso,2010,0.0,0.0,0.0,0.0,0.0,0.0,NA,NA,NA,NA,NA,NA
Burkina Faso,2011,0.0,0.0,0.0,0.0,0.0,0.0,NA,NA,NA,NA,NA,NA
Burkina Faso,2012,0.0,0.0,0.0,0.0,0.0,0.0,NA,NA,NA,NA,NA,NA
Burkina Faso,2013,0.0,0.0,0.0,0.0,0.0,0.0,NA,NA,NA,NA,NA,NA
Burkina Faso,2014,0.0,0.0,0.0,0.0,0.0,0.0,NA,NA,NA,NA,NA,NA
Burkina Faso,2015,0.0,0.0,0.0,0.0,0.0,0.0,NA,NA,NA,NA,NA,NA
Burkina Faso,2016,0.0,0.0,0.0,0.0,0.0,0.0,NA,NA,NA,NA,NA,NA
Burkina Faso,2017,0.0,0.0,0.0,0.0,0.0,0.0,NA,NA,NA,NA,NA,NA
Burkina Faso,2018,0.0,0.0,0.0,0.0,0.0,0.0,NA,NA,NA,NA,NA,NA
Burkina Faso,2019,0.0,0.0,0.0,0.0,0.0,0.0,NA,NA,NA,NA,NA,NA
Burkina Faso,2020,0.0,0.0,0.0,0.0,0.0,0.0,NA,NA,NA,NA,NA,NA
Burkina Faso,2021,0.0,0.0,0.0,0.0,0.0,0.0,NA,NA,NA,NA,NA,NA
Burkina Faso,2022,0.0,0.0,0.0,0.0,0.0,0.0,NA,NA,NA,NA,NA,NA
Burkina Faso,2023,0.0,0.0,0.0,0.0,0.0,0.0,NA,NA,NA,NA,NA,NA
Burkina Faso,2024,0.0,0.0,0.0,0.0,0.0,0.0,NA,NA,NA,NA,NA,NA
Burkina Faso,2025,0.0,0.0,0.0,0.0,0.0,0.0,NA,NA,NA,NA,NA,NA
Burundi,1989,0.0,0.0,0.0,0.0,0.0,0.0,NA,NA,NA,NA,NA,NA
Burundi,1990,0.0,0.0,0.0,0.0,0.0,0.0,NA,NA,NA,NA,NA,NA
Burundi,1991,0.0,0.0,0.0,0.0,0.0,0.0,NA,NA,NA,NA,NA,NA
Burundi,1992,0.0,0.0,0.0,0.0,0.0,0.0,NA,NA,NA,NA,NA,NA
Burundi,1993,0.0,0.0,0.0,0.0,0.0,0.0,NA,NA,NA,NA,NA,NA
Burundi,1994,0.0,0.0,0.0,0.0,0.0,0.0,NA,NA,NA,NA,NA,NA
Burundi,1995,0.0,0.0,0.0,0.0,0.0,0.0,NA,NA,NA,NA,NA,NA
Burundi,1996,0.0,0.0,0.0,0.0,0.0,0.0,NA,NA,NA,NA,NA,NA
Burundi,1997,0.0,0.0,0.0,0.0,0.0,0.0,NA,NA,NA,NA,NA,NA
Burundi,1998,0.0,0.0,0.0,0.0,0.0,0.0,NA,NA,NA,NA,NA,NA
Burundi,1999,0.0,0.0,0.0,0.0,0.0,0.0,NA,NA,NA,NA,NA,NA
Burundi,2000,0.0,0.0,0.0,0.0,0.0,0.0,NA,NA,NA,NA,NA,NA
Burundi,2001,0.0,0.0,0.0,0.0,0.0,0.0,NA,NA,NA,NA,NA,NA
Burundi,2002,0.0,0.0,0.0,0.0,0.0,0.0,NA,NA,NA,NA,NA,NA
Burundi,2003,0.0,0.0,0.0,0.0,0.0,0.0,NA,NA,NA,NA,NA,NA
Burundi,2004,0.0,0.0,0.0,0.0,0.0,0.0,NA,NA,NA,NA,NA,NA
Burundi,2005,0.0,0.0,0.0,0.0,0.0,0.0,NA,NA,NA,NA,NA,NA
Burundi,2006,0.0,0.0,0.0,0.0,0.0,0.0,NA,NA,NA,NA,NA,NA
Burundi,2007,0.0,0.0,0.0,0.0,0.0,0.0,NA,NA,NA,NA,NA,NA
Burundi,2008,0.0,0.0,0.0,0.0,0.0,0.0,NA,NA,NA,NA,NA,NA
Burundi,2009,0.0,0.0,0.0,0.0,0.0,0.0,NA,NA,NA,NA,NA,NA
Burundi,2010,0.0,0.0,0.0,0.0,0.0,0.0,NA,NA,NA,NA,NA,NA
Burundi,2011,0.0,0.0,0.0,0.0,0.0,0.0,NA,NA,NA,NA,NA,NA
Burundi,2012,0.0,0.0,0.0,0.0,0.0,0.0,NA,NA,NA,NA,NA,NA
Burundi,2013,0.0,0.0,0.0,0.0,0.0,0.0,NA,NA,NA,NA,NA,NA
Burundi,2014,0.0,0.0,0.0,0.0,0.0,0.0,NA,NA,NA,NA,NA,NA
Burundi,2015,0.0,0.0,0.0,0.0,0.0,0.0,NA,NA,NA,NA,NA,NA
Burundi,2016,0.0,0.0,0.0,0.0,0.0,0.0,NA,NA,NA,NA,NA,NA
Burundi,2017,0.0,0.0,0.0,0.0,0.0,0.0,NA,NA,NA,NA,NA,NA
Burundi,2018,0.0,0.0,0.0,0.0,0.0,0.0,NA,NA,NA,NA,NA,NA
Burundi,2019,0.0,0.0,0.0,0.0,0.0,0.0,NA,NA,NA,NA,NA,NA
Burundi,2020,0.0,0.0,0.0,0.0,0.0,0.0,NA,NA,NA,NA,NA,NA
Burundi,2021,0.0,0.0,0.0,0.0,0.0,0.0,NA,NA,NA,NA,NA,NA
Burundi,2022,0.0,0.0,0.0,0.0,0.0,0.0,NA,NA,NA,NA,NA,NA
Burundi,2023,0.0,0.0,0.0,0.0,0.0,0.0,NA,NA,NA,NA,NA,NA
Burundi,2024,0.0,0.0,0.0,0.0,0.0,0.0,NA,NA,NA,NA,NA,NA
Burundi,2025,0.0,0.0,0.0,0.0,0.0,0.0,NA,NA,NA,NA,NA,NA
Cabo Verde,1989,0.0,0.0,0.0,0.0,0.0,0.0,NA,NA,NA,NA,NA,NA
Cabo Verde,1990,0.0,0.0,0.0,0.0,0.0,0.0,NA,NA,NA,NA,NA,NA
Cabo Verde,1991,0.0,0.0,0.0,0.0,0.0,0.0,NA,NA,NA,NA,NA,NA
Cabo Verde,1992,0.0,0.0,0.0,0.0,0.0,0.0,NA,NA,NA,NA,NA,NA
Cabo Verde,1993,0.0,0.0,0.0,0.0,0.0,0.0,NA,NA,NA,NA,NA,NA
Cabo Verde,1994,0.0,0.0,0.0,0.0,0.0,0.0,NA,NA,NA,NA,NA,NA
Cabo Verde,1995,0.0,0.0,0.0,0.0,0.0,0.0,NA,NA,NA,NA,NA,NA
Cabo Verde,1996,0.0,0.0,0.0,0.0,0.0,0.0,NA,NA,NA,NA,NA,NA
Cabo Verde,1997,0.0,0.0,0.0,0.0,0.0,0.0,NA,NA,NA,NA,NA,NA
Cabo Verde,1998,0.0,0.0,0.0,0.0,0.0,0.0,NA,NA,NA,NA,NA,NA
Cabo Verde,1999,0.0,0.0,0.0,0.0,0.0,0.0,NA,NA,NA,NA,NA,NA
Cabo Verde,2000,0.0,0.0,0.0,0.0,0.0,0.0,NA,NA,NA,NA,NA,NA
Cabo Verde,2001,0.0,0.0,0.0,0.0,0.0,0.0,NA,NA,NA,NA,NA,NA
Cabo Verde,2002,0.0,0.0,0.0,0.0,0.0,0.0,NA,NA,NA,NA,NA,NA
Cabo Verde,2003,0.0,0.0,0.0,0.0,0.0,0.0,NA,NA,NA,NA,NA,NA
Cabo Verde,2004,0.0,0.0,0.0,0.0,0.0,0.0,NA,NA,NA,NA,NA,NA
Cabo Verde,2005,0.0,0.0,0.0,0.0,0.0,0.0,NA,NA,NA,NA,NA,NA
Cabo Verde,2006,0.0,0.0,0.0,0.0,0.0,0.0,NA,NA,NA,NA,NA,NA
Cabo Verde,2007,0.0,0.0,0.0,0.0,0.0,0.0,NA,NA,NA,NA,NA,NA
Cabo Verde,2008,0.0,0.0,0.0,0.0,0.0,0.0,NA,NA,NA,NA,NA,NA
Cabo Verde,2009,0.0,0.0,0.0,0.0,0.0,0.0,NA,NA,NA,NA,NA,NA
Cabo Verde,2010,0.0,0.0,0.0,0.0,0.0,0.0,NA,NA,NA,NA,NA,NA
Cabo Verde,2011,0.0,0.0,0.0,0.0,0.0,0.0,NA,NA,NA,NA,NA,NA
Cabo Verde,2012,0.0,0.0,0.0,0.0,0.0,0.0,NA,NA,NA,NA,NA,NA
Cabo Verde,2013,0.0,0.0,0.0,0.0,0.0,0.0,NA,NA,NA,NA,NA,NA
Cabo Verde,2014,0.0,0.0,0.0,0.0,0.0,0.0,NA,NA,NA,NA,NA,NA
Cabo Verde,2015,0.0,0.0,0.0,0.0,0.0,0.0,NA,NA,NA,NA,NA,NA
Cabo Verde,2016,0.0,0.0,0.0,0.0,0.0,0.0,NA,NA,NA,NA,NA,NA
Cabo Verde,2017,0.0,0.0,0.0,0.0,0.0,0.0,NA,NA,NA,NA,NA,NA
Cabo Verde,2018,0.0,0.0,0.0,0.0,0.0,0.0,NA,NA,NA,NA,NA,NA
Cabo Verde,2019,0.0,0.0,0.0,0.0,0.0,0.0,NA,NA,NA,NA,NA,NA
Cabo Verde,2020,0.0,0.0,0.0,0.0,0.0,0.0,NA,NA,NA,NA,NA,NA
Cabo Verde,2021,0.0,0.0,0.0,0.0,0.0,0.0,NA,NA,NA,NA,NA,NA
Cabo Verde,2022,0.0,0.0,0.0,0.0,0.0,0.0,NA,NA,NA,NA,NA,NA
Cabo Verde,2023,0.0,0.0,0.0,0.0,0.0,0.0,NA,NA,NA,NA,NA,NA
Cabo Verde,2024,0.0,0.0,0.0,0.0,0.0,0.0,NA,NA,NA,NA,NA,NA
Cabo Verde,2025,0.0,0.0,0.0,0.0,0.0,0.0,NA,NA,NA,NA,NA,NA
California,1989,0.0,0.0,0.0,0.0,0.0,0.0,0.0,0.0,0.0,0.0,0.0,0.0
California,1990,0.0,0.0,0.0,0.0,0.0,0.0,0.0,0.0,0.0,0.0,0.0,0.0
California,1991,0.0,0.0,0.0,0.0,0.0,0.0,0.0,0.0,0.0,0.0,0.0,0.0
California,1992,0.0,0.0,0.0,0.0,0.0,0.0,0.0,0.0,0.0,0.0,0.0,0.0
California,1993,0.0,0.0,0.0,0.0,0.0,0.0,0.0,0.0,0.0,0.0,0.0,0.0
California,1994,0.0,0.0,0.0,0.0,0.0,0.0,0.0,0.0,0.0,0.0,0.0,0.0
California,1995,0.0,0.0,0.0,0.0,0.0,0.0,0.0,0.0,0.0,0.0,0.0,0.0
California,1996,0.0,0.0,0.0,0.0,0.0,0.0,0.0,0.0,0.0,0.0,0.0,0.0
California,1997,0.0,0.0,0.0,0.0,0.0,0.0,0.0,0.0,0.0,0.0,0.0,0.0
California,1998,0.0,0.0,0.0,0.0,0.0,0.0,0.0,0.0,0.0,0.0,0.0,0.0
California,1999,0.0,0.0,0.0,0.0,0.0,0.0,0.0,0.0,0.0,0.0,0.0,0.0
California,2000,0.0,0.0,0.0,0.0,0.0,0.0,0.0,0.0,0.0,0.0,0.0,0.0
California,2001,0.0,0.0,0.0,0.0,0.0,0.0,0.0,0.0,0.0,0.0,0.0,0.0
California,2002,0.0,0.0,0.0,0.0,0.0,0.0,0.0,0.0,0.0,0.0,0.0,0.0
California,2003,0.0,0.0,0.0,0.0,0.0,0.0,0.0,0.0,0.0,0.0,0.0,0.0
California,2004,0.0,0.0,0.0,0.0,0.0,0.0,0.0,0.0,0.0,0.0,0.0,0.0
California,2005,0.0,0.0,0.0,0.0,0.0,0.0,0.0,0.0,0.0,0.0,0.0,0.0
California,2006,0.0,0.0,0.0,0.0,0.0,0.0,0.0,0.0,0.0,0.0,0.0,0.0
California,2007,0.0,0.0,0.0,0.0,0.0,0.0,0.0,0.0,0.0,0.0,0.0,0.0
California,2008,0.0,0.0,0.0,0.0,0.0,0.0,0.0,0.0,0.0,0.0,0.0,0.0
California,2009,0.0,0.0,0.0,0.0,0.0,0.0,0.0,0.0,0.0,0.0,0.0,0.0
California,2010,0.0,0.0,0.0,0.0,0.0,0.0,0.0,0.0,0.0,0.0,0.0,0.0
California,2011,0.0,0.0,0.0,0.0,0.0,0.0,0.0,0.0,0.0,0.0,0.0,0.0
California,2012,0.0,0.0,0.0,0.0,0.0,0.0,0.0,0.0,0.0,0.0,0.0,0.0
California,2013,4.587823674792971,0.0,4.587823674792971,5.424088448424079,0.0,5.424088448424079,0.307451628003799,0.0,0.307451628003799,0.3764984222732209,0.0,0.3764984222732209
California,2014,4.014164488375473,0.0,4.014164488375473,4.745863131379844,0.0,4.745863131379844,0.26900802962567394,0.0,0.26900802962567394,0.3294212471421443,0.0,0.3294212471421443
California,2015,10.16251728111604,0.0,10.16251728111604,12.014932678052196,0.0,12.014932678052196,0.6810380485768912,0.0,0.6810380485768912,0.8339840399025775,0.0,0.8339840399025775
California,2016,10.301527108358147,0.0,10.301527108358147,12.179281103712945,0.0,12.179281103712945,0.6903537504703476,0.0,0.6903537504703476,0.8453918411493175,0.0,0.8453918411493175
California,2017,11.519484636344304,0.0,11.519484636344304,13.619246940786878,0.0,13.619246940786878,0.7719748090293875,0.0,0.7719748090293875,0.9453431732377882,0.0,0.9453431732377882
California,2018,11.564600570882412,0.0,11.564600570882412,13.67258657123356,0.0,13.67258657123356,0.7749982398553945,0.0,0.7749982398553945,0.9490455993502621,0.0,0.9490455993502621
California,2019,12.829516514240145,0.0,12.829516514240145,15.168070365497677,0.0,15.168070365497677,0.8597662025410673,0.0,0.8597662025410673,1.0528505602076386,0.0,1.0528505602076386
California,2020,12.917814800822399,0.0,12.917814800822399,15.272463592050364,0.0,15.272463592050364,0.8656834857419925,0.0,0.8656834857419925,1.0600967335447486,0.0,1.0600967335447486
California,2021,16.048322449850826,0.0,16.048322449850826,18.973597633032128,0.0,18.973597633032128,1.0754735172247452,0.0,1.0754735172247452,1.317000937873534,0.0,1.317000937873534
California,2022,19.16320428787649,0.0,19.16320428787649,22.656257602871392,0.0,22.656257602871392,1.2842163896682186,0.0,1.2842163896682186,1.5726228145440873,0.0,1.5726228145440873
California,2023,21.49491320225769,0.0,21.49491320225769,25.41298852456559,0.0,25.41298852456559,1.4404751634515898,0.0,1.4404751634515898,1.763973831865942,0.0,1.763973831865942
California,2024,22.957815643427672,0.0,22.957815643427672,27.14254763467668,0.0,27.14254763467668,1.5385111319260627,0.0,1.5385111319260627,1.8840264973740595,0.0,1.8840264973740595
California,2025,18.296033197565976,0.0,18.296033197565976,21.63101927045601,0.0,21.63101927045601,1.2261031790540753,0.0,1.2261031790540753,1.5014586699548578,0.0,1.5014586699548578
Cambodia,1989,0.0,0.0,0.0,0.0,0.0,0.0,NA,NA,NA,NA,NA,NA
Cambodia,1990,0.0,0.0,0.0,0.0,0.0,0.0,NA,NA,NA,NA,NA,NA
Cambodia,1991,0.0,0.0,0.0,0.0,0.0,0.0,NA,NA,NA,NA,NA,NA
Cambodia,1992,0.0,0.0,0.0,0.0,0.0,0.0,NA,NA,NA,NA,NA,NA
Cambodia,1993,0.0,0.0,0.0,0.0,0.0,0.0,NA,NA,NA,NA,NA,NA
Cambodia,1994,0.0,0.0,0.0,0.0,0.0,0.0,NA,NA,NA,NA,NA,NA
Cambodia,1995,0.0,0.0,0.0,0.0,0.0,0.0,NA,NA,NA,NA,NA,NA
Cambodia,1996,0.0,0.0,0.0,0.0,0.0,0.0,NA,NA,NA,NA,NA,NA
Cambodia,1997,0.0,0.0,0.0,0.0,0.0,0.0,NA,NA,NA,NA,NA,NA
Cambodia,1998,0.0,0.0,0.0,0.0,0.0,0.0,NA,NA,NA,NA,NA,NA
Cambodia,1999,0.0,0.0,0.0,0.0,0.0,0.0,NA,NA,NA,NA,NA,NA
Cambodia,2000,0.0,0.0,0.0,0.0,0.0,0.0,NA,NA,NA,NA,NA,NA
Cambodia,2001,0.0,0.0,0.0,0.0,0.0,0.0,NA,NA,NA,NA,NA,NA
Cambodia,2002,0.0,0.0,0.0,0.0,0.0,0.0,NA,NA,NA,NA,NA,NA
Cambodia,2003,0.0,0.0,0.0,0.0,0.0,0.0,NA,NA,NA,NA,NA,NA
Cambodia,2004,0.0,0.0,0.0,0.0,0.0,0.0,NA,NA,NA,NA,NA,NA
Cambodia,2005,0.0,0.0,0.0,0.0,0.0,0.0,NA,NA,NA,NA,NA,NA
Cambodia,2006,0.0,0.0,0.0,0.0,0.0,0.0,NA,NA,NA,NA,NA,NA
Cambodia,2007,0.0,0.0,0.0,0.0,0.0,0.0,NA,NA,NA,NA,NA,NA
Cambodia,2008,0.0,0.0,0.0,0.0,0.0,0.0,NA,NA,NA,NA,NA,NA
Cambodia,2009,0.0,0.0,0.0,0.0,0.0,0.0,NA,NA,NA,NA,NA,NA
Cambodia,2010,0.0,0.0,0.0,0.0,0.0,0.0,NA,NA,NA,NA,NA,NA
Cambodia,2011,0.0,0.0,0.0,0.0,0.0,0.0,NA,NA,NA,NA,NA,NA
Cambodia,2012,0.0,0.0,0.0,0.0,0.0,0.0,NA,NA,NA,NA,NA,NA
Cambodia,2013,0.0,0.0,0.0,0.0,0.0,0.0,NA,NA,NA,NA,NA,NA
Cambodia,2014,0.0,0.0,0.0,0.0,0.0,0.0,NA,NA,NA,NA,NA,NA
Cambodia,2015,0.0,0.0,0.0,0.0,0.0,0.0,NA,NA,NA,NA,NA,NA
Cambodia,2016,0.0,0.0,0.0,0.0,0.0,0.0,NA,NA,NA,NA,NA,NA
Cambodia,2017,0.0,0.0,0.0,0.0,0.0,0.0,NA,NA,NA,NA,NA,NA
Cambodia,2018,0.0,0.0,0.0,0.0,0.0,0.0,NA,NA,NA,NA,NA,NA
Cambodia,2019,0.0,0.0,0.0,0.0,0.0,0.0,NA,NA,NA,NA,NA,NA
Cambodia,2020,0.0,0.0,0.0,0.0,0.0,0.0,NA,NA,NA,NA,NA,NA
Cambodia,2021,0.0,0.0,0.0,0.0,0.0,0.0,NA,NA,NA,NA,NA,NA
Cambodia,2022,0.0,0.0,0.0,0.0,0.0,0.0,NA,NA,NA,NA,NA,NA
Cambodia,2023,0.0,0.0,0.0,0.0,0.0,0.0,NA,NA,NA,NA,NA,NA
Cambodia,2024,0.0,0.0,0.0,0.0,0.0,0.0,NA,NA,NA,NA,NA,NA
Cambodia,2025,0.0,0.0,0.0,0.0,0.0,0.0,NA,NA,NA,NA,NA,NA
Cameroon,1989,0.0,0.0,0.0,0.0,0.0,0.0,NA,NA,NA,NA,NA,NA
Cameroon,1990,0.0,0.0,0.0,0.0,0.0,0.0,NA,NA,NA,NA,NA,NA
Cameroon,1991,0.0,0.0,0.0,0.0,0.0,0.0,NA,NA,NA,NA,NA,NA
Cameroon,1992,0.0,0.0,0.0,0.0,0.0,0.0,NA,NA,NA,NA,NA,NA
Cameroon,1993,0.0,0.0,0.0,0.0,0.0,0.0,NA,NA,NA,NA,NA,NA
Cameroon,1994,0.0,0.0,0.0,0.0,0.0,0.0,NA,NA,NA,NA,NA,NA
Cameroon,1995,0.0,0.0,0.0,0.0,0.0,0.0,NA,NA,NA,NA,NA,NA
Cameroon,1996,0.0,0.0,0.0,0.0,0.0,0.0,NA,NA,NA,NA,NA,NA
Cameroon,1997,0.0,0.0,0.0,0.0,0.0,0.0,NA,NA,NA,NA,NA,NA
Cameroon,1998,0.0,0.0,0.0,0.0,0.0,0.0,NA,NA,NA,NA,NA,NA
Cameroon,1999,0.0,0.0,0.0,0.0,0.0,0.0,NA,NA,NA,NA,NA,NA
Cameroon,2000,0.0,0.0,0.0,0.0,0.0,0.0,NA,NA,NA,NA,NA,NA
Cameroon,2001,0.0,0.0,0.0,0.0,0.0,0.0,NA,NA,NA,NA,NA,NA
Cameroon,2002,0.0,0.0,0.0,0.0,0.0,0.0,NA,NA,NA,NA,NA,NA
Cameroon,2003,0.0,0.0,0.0,0.0,0.0,0.0,NA,NA,NA,NA,NA,NA
Cameroon,2004,0.0,0.0,0.0,0.0,0.0,0.0,NA,NA,NA,NA,NA,NA
Cameroon,2005,0.0,0.0,0.0,0.0,0.0,0.0,NA,NA,NA,NA,NA,NA
Cameroon,2006,0.0,0.0,0.0,0.0,0.0,0.0,NA,NA,NA,NA,NA,NA
Cameroon,2007,0.0,0.0,0.0,0.0,0.0,0.0,NA,NA,NA,NA,NA,NA
Cameroon,2008,0.0,0.0,0.0,0.0,0.0,0.0,NA,NA,NA,NA,NA,NA
Cameroon,2009,0.0,0.0,0.0,0.0,0.0,0.0,NA,NA,NA,NA,NA,NA
Cameroon,2010,0.0,0.0,0.0,0.0,0.0,0.0,NA,NA,NA,NA,NA,NA
Cameroon,2011,0.0,0.0,0.0,0.0,0.0,0.0,NA,NA,NA,NA,NA,NA
Cameroon,2012,0.0,0.0,0.0,0.0,0.0,0.0,NA,NA,NA,NA,NA,NA
Cameroon,2013,0.0,0.0,0.0,0.0,0.0,0.0,NA,NA,NA,NA,NA,NA
Cameroon,2014,0.0,0.0,0.0,0.0,0.0,0.0,NA,NA,NA,NA,NA,NA
Cameroon,2015,0.0,0.0,0.0,0.0,0.0,0.0,NA,NA,NA,NA,NA,NA
Cameroon,2016,0.0,0.0,0.0,0.0,0.0,0.0,NA,NA,NA,NA,NA,NA
Cameroon,2017,0.0,0.0,0.0,0.0,0.0,0.0,NA,NA,NA,NA,NA,NA
Cameroon,2018,0.0,0.0,0.0,0.0,0.0,0.0,NA,NA,NA,NA,NA,NA
Cameroon,2019,0.0,0.0,0.0,0.0,0.0,0.0,NA,NA,NA,NA,NA,NA
Cameroon,2020,0.0,0.0,0.0,0.0,0.0,0.0,NA,NA,NA,NA,NA,NA
Cameroon,2021,0.0,0.0,0.0,0.0,0.0,0.0,NA,NA,NA,NA,NA,NA
Cameroon,2022,0.0,0.0,0.0,0.0,0.0,0.0,NA,NA,NA,NA,NA,NA
Cameroon,2023,0.0,0.0,0.0,0.0,0.0,0.0,NA,NA,NA,NA,NA,NA
Cameroon,2024,0.0,0.0,0.0,0.0,0.0,0.0,NA,NA,NA,NA,NA,NA
Cameroon,2025,0.0,0.0,0.0,0.0,0.0,0.0,NA,NA,NA,NA,NA,NA
Campeche,1989,0.0,0.0,0.0,0.0,0.0,0.0,0.0,0.0,0.0,0.0,0.0,0.0
Campeche,1990,0.0,0.0,0.0,0.0,0.0,0.0,0.0,0.0,0.0,0.0,0.0,0.0
Campeche,1991,0.0,0.0,0.0,0.0,0.0,0.0,0.0,0.0,0.0,0.0,0.0,0.0
Campeche,1992,0.0,0.0,0.0,0.0,0.0,0.0,0.0,0.0,0.0,0.0,0.0,0.0
Campeche,1993,0.0,0.0,0.0,0.0,0.0,0.0,0.0,0.0,0.0,0.0,0.0,0.0
Campeche,1994,0.0,0.0,0.0,0.0,0.0,0.0,0.0,0.0,0.0,0.0,0.0,0.0
Campeche,1995,0.0,0.0,0.0,0.0,0.0,0.0,0.0,0.0,0.0,0.0,0.0,0.0
Campeche,1996,0.0,0.0,0.0,0.0,0.0,0.0,0.0,0.0,0.0,0.0,0.0,0.0
Campeche,1997,0.0,0.0,0.0,0.0,0.0,0.0,0.0,0.0,0.0,0.0,0.0,0.0
Campeche,1998,0.0,0.0,0.0,0.0,0.0,0.0,0.0,0.0,0.0,0.0,0.0,0.0
Campeche,1999,0.0,0.0,0.0,0.0,0.0,0.0,0.0,0.0,0.0,0.0,0.0,0.0
Campeche,2000,0.0,0.0,0.0,0.0,0.0,0.0,0.0,0.0,0.0,0.0,0.0,0.0
Campeche,2001,0.0,0.0,0.0,0.0,0.0,0.0,0.0,0.0,0.0,0.0,0.0,0.0
Campeche,2002,0.0,0.0,0.0,0.0,0.0,0.0,0.0,0.0,0.0,0.0,0.0,0.0
Campeche,2003,0.0,0.0,0.0,0.0,0.0,0.0,0.0,0.0,0.0,0.0,0.0,0.0
Campeche,2004,0.0,0.0,0.0,0.0,0.0,0.0,0.0,0.0,0.0,0.0,0.0,0.0
Campeche,2005,0.0,0.0,0.0,0.0,0.0,0.0,0.0,0.0,0.0,0.0,0.0,0.0
Campeche,2006,0.0,0.0,0.0,0.0,0.0,0.0,0.0,0.0,0.0,0.0,0.0,0.0
Campeche,2007,0.0,0.0,0.0,0.0,0.0,0.0,0.0,0.0,0.0,0.0,0.0,0.0
Campeche,2008,0.0,0.0,0.0,0.0,0.0,0.0,0.0,0.0,0.0,0.0,0.0,0.0
Campeche,2009,0.0,0.0,0.0,0.0,0.0,0.0,0.0,0.0,0.0,0.0,0.0,0.0
Campeche,2010,0.0,0.0,0.0,0.0,0.0,0.0,0.0,0.0,0.0,0.0,0.0,0.0
Campeche,2011,0.0,0.0,0.0,0.0,0.0,0.0,0.0,0.0,0.0,0.0,0.0,0.0
Campeche,2012,0.0,0.0,0.0,0.0,0.0,0.0,0.0,0.0,0.0,0.0,0.0,0.0
Campeche,2013,0.0,0.0,0.0,0.0,0.0,0.0,0.0,0.0,0.0,0.0,0.0,0.0
Campeche,2014,0.0,0.0,0.0,0.0,0.0,0.0,0.0,0.0,0.0,0.0,0.0,0.0
Campeche,2015,0.0,0.0,0.0,0.0,0.0,0.0,0.0,0.0,0.0,0.0,0.0,0.0
Campeche,2016,0.0,0.0,0.0,0.0,0.0,0.0,0.0,0.0,0.0,0.0,0.0,0.0
Campeche,2017,0.0,0.0,0.0,0.0,0.0,0.0,0.0,0.0,0.0,0.0,0.0,0.0
Campeche,2018,0.0,0.0,0.0,0.0,0.0,0.0,0.0,0.0,0.0,0.0,0.0,0.0
Campeche,2019,0.0,0.0,0.0,0.0,0.0,0.0,0.0,0.0,0.0,0.0,0.0,0.0
Campeche,2020,0.0,0.0,0.0,0.0,0.0,0.0,0.0,0.0,0.0,0.0,0.0,0.0
Campeche,2021,0.0,0.0,0.0,0.0,0.0,0.0,0.0,0.0,0.0,0.0,0.0,0.0
Campeche,2022,0.0,0.0,0.0,0.0,0.0,0.0,0.0,0.0,0.0,0.0,0.0,0.0
Campeche,2023,0.0,0.0,0.0,0.0,0.0,0.0,0.0,0.0,0.0,0.0,0.0,0.0
Campeche,2024,0.0,0.0,0.0,0.0,0.0,0.0,0.0,0.0,0.0,0.0,0.0,0.0
Campeche,2025,0.0,0.0,0.0,0.0,0.0,0.0,0.0,0.0,0.0,0.0,0.0,0.0
Canada,1989,0.0,0.0,0.0,0.0,0.0,0.0,NA,NA,NA,NA,NA,NA
Canada,1990,0.0,0.0,0.0,0.0,0.0,0.0,NA,NA,NA,NA,NA,NA
Canada,1991,0.0,0.0,0.0,0.0,0.0,0.0,NA,NA,NA,NA,NA,NA
Canada,1992,0.0,0.0,0.0,0.0,0.0,0.0,NA,NA,NA,NA,NA,NA
Canada,1993,0.0,0.0,0.0,0.0,0.0,0.0,NA,NA,NA,NA,NA,NA
Canada,1994,0.0,0.0,0.0,0.0,0.0,0.0,NA,NA,NA,NA,NA,NA
Canada,1995,0.0,0.0,0.0,0.0,0.0,0.0,NA,NA,NA,NA,NA,NA
Canada,1996,0.0,0.0,0.0,0.0,0.0,0.0,NA,NA,NA,NA,NA,NA
Canada,1997,0.0,0.0,0.0,0.0,0.0,0.0,NA,NA,NA,NA,NA,NA
Canada,1998,0.0,0.0,0.0,0.0,0.0,0.0,NA,NA,NA,NA,NA,NA
Canada,1999,0.0,0.0,0.0,0.0,0.0,0.0,NA,NA,NA,NA,NA,NA
Canada,2000,0.0,0.0,0.0,0.0,0.0,0.0,NA,NA,NA,NA,NA,NA
Canada,2001,0.0,0.0,0.0,0.0,0.0,0.0,NA,NA,NA,NA,NA,NA
Canada,2002,0.0,0.0,0.0,0.0,0.0,0.0,NA,NA,NA,NA,NA,NA
Canada,2003,0.0,0.0,0.0,0.0,0.0,0.0,NA,NA,NA,NA,NA,NA
Canada,2004,0.0,0.0,0.0,0.0,0.0,0.0,NA,NA,NA,NA,NA,NA
Canada,2005,0.0,0.0,0.0,0.0,0.0,0.0,NA,NA,NA,NA,NA,NA
Canada,2006,0.0,0.0,0.0,0.0,0.0,0.0,NA,NA,NA,NA,NA,NA
Canada,2007,0.06153609112783745,0.0,0.06153609112783745,0.07984869394202244,0.0,0.07984869394202244,NA,NA,NA,NA,NA,NA
Canada,2008,0.059171414167532785,0.29839008904542574,0.35756150321295854,0.07678030978868282,0.3871883712279327,0.46396868101661554,NA,NA,NA,NA,NA,NA
Canada,2009,0.06057984843057916,0.5574681621941375,0.6180480106247167,0.07860788177686479,0.7233658142664307,0.8019736960432954,NA,NA,NA,NA,NA,NA
Canada,2010,0.05890194536945408,0.7387838298458547,0.7976857752153087,0.07643064943180362,0.9586394396765764,1.03507008910838,NA,NA,NA,NA,NA,NA
Canada,2011,0.057050952780883436,0.9061405799118558,0.9631915326927393,0.07402881762895665,1.1758000956465893,1.249828913275546,NA,NA,NA,NA,NA,NA
Canada,2012,0.05636418689478493,1.0861049935086056,1.1424691804033904,0.07313767621838214,1.409320345606727,1.482458021825109,NA,NA,NA,NA,NA,NA
Canada,2013,0.09260758163841046,1.11034547064719,1.2029530522856005,0.12016678842330882,1.440774576848461,1.5609413652717699,NA,NA,NA,NA,NA,NA
Canada,2014,0.09994346137971888,1.08920189446292,1.189145355842639,0.12968576185050193,1.413338857214104,1.543024619064606,NA,NA,NA,NA,NA,NA
Canada,2015,0.7308995701404728,1.0987350839409198,1.8296346540813926,0.9484088932015555,1.4257090405482828,2.3741179337498384,NA,NA,NA,NA,NA,NA
Canada,2016,0.7594883996679733,1.09391874449373,1.8534071441617033,0.9855055084928928,1.4194594005826795,2.4049649090755723,NA,NA,NA,NA,NA,NA
Canada,2017,0.8684182294839526,1.0635689590951911,1.9319871885791438,1.12685190347374,1.3800777843461274,2.5069296878198672,NA,NA,NA,NA,NA,NA
Canada,2018,0.8744962859197883,1.1779207811820283,2.0524170671018167,1.134738736374763,1.5284597091023764,2.663198445477139,NA,NA,NA,NA,NA,NA
Canada,2019,0.9580158496430324,1.3317137795980845,2.289729629241117,1.2431129921924466,1.728020159496249,2.9711331516886954,NA,NA,NA,NA,NA,NA
Canada,2020,0.9650106144637826,1.3630070985428961,2.3280177130066786,1.2521893378805113,1.7686260966147347,3.020815434495246,NA,NA,NA,NA,NA,NA
Canada,2021,1.1676027797681097,1.3816137230057637,2.5492165027738736,1.515071160660426,1.792769889871657,3.307841050532083,NA,NA,NA,NA,NA,NA
Canada,2022,1.38401639568304,1.4299775764121483,2.8139939720951883,1.7958875769352067,1.8555264032888097,3.6514139802240164,NA,NA,NA,NA,NA,NA
Canada,2023,1.41655548915726,1.7708030473008578,3.1873585364581176,1.8381100201933633,2.297778555056166,4.135888575249529,NA,NA,NA,NA,NA,NA
Canada,2024,1.5129635306153313,1.6894139523833844,3.202377482998716,1.9632082520577028,2.1921687769377822,4.155377028995485,NA,NA,NA,NA,NA,NA
Canada,2025,1.2057432385022775,0.6867346499103433,1.8924778884126208,1.564561886516674,0.8911008787697754,2.4556627652864496,NA,NA,NA,NA,NA,NA
Central African Republic,1989,0.0,0.0,0.0,0.0,0.0,0.0,NA,NA,NA,NA,NA,NA
Central African Republic,1990,0.0,0.0,0.0,0.0,0.0,0.0,NA,NA,NA,NA,NA,NA
Central African Republic,1991,0.0,0.0,0.0,0.0,0.0,0.0,NA,NA,NA,NA,NA,NA
Central African Republic,1992,0.0,0.0,0.0,0.0,0.0,0.0,NA,NA,NA,NA,NA,NA
Central African Republic,1993,0.0,0.0,0.0,0.0,0.0,0.0,NA,NA,NA,NA,NA,NA
Central African Republic,1994,0.0,0.0,0.0,0.0,0.0,0.0,NA,NA,NA,NA,NA,NA
Central African Republic,1995,0.0,0.0,0.0,0.0,0.0,0.0,NA,NA,NA,NA,NA,NA
Central African Republic,1996,0.0,0.0,0.0,0.0,0.0,0.0,NA,NA,NA,NA,NA,NA
Central African Republic,1997,0.0,0.0,0.0,0.0,0.0,0.0,NA,NA,NA,NA,NA,NA
Central African Republic,1998,0.0,0.0,0.0,0.0,0.0,0.0,NA,NA,NA,NA,NA,NA
Central African Republic,1999,0.0,0.0,0.0,0.0,0.0,0.0,NA,NA,NA,NA,NA,NA
Central African Republic,2000,0.0,0.0,0.0,0.0,0.0,0.0,NA,NA,NA,NA,NA,NA
Central African Republic,2001,0.0,0.0,0.0,0.0,0.0,0.0,NA,NA,NA,NA,NA,NA
Central African Republic,2002,0.0,0.0,0.0,0.0,0.0,0.0,NA,NA,NA,NA,NA,NA
Central African Republic,2003,0.0,0.0,0.0,0.0,0.0,0.0,NA,NA,NA,NA,NA,NA
Central African Republic,2004,0.0,0.0,0.0,0.0,0.0,0.0,NA,NA,NA,NA,NA,NA
Central African Republic,2005,0.0,0.0,0.0,0.0,0.0,0.0,NA,NA,NA,NA,NA,NA
Central African Republic,2006,0.0,0.0,0.0,0.0,0.0,0.0,NA,NA,NA,NA,NA,NA
Central African Republic,2007,0.0,0.0,0.0,0.0,0.0,0.0,NA,NA,NA,NA,NA,NA
Central African Republic,2008,0.0,0.0,0.0,0.0,0.0,0.0,NA,NA,NA,NA,NA,NA
Central African Republic,2009,0.0,0.0,0.0,0.0,0.0,0.0,NA,NA,NA,NA,NA,NA
Central African Republic,2010,0.0,0.0,0.0,0.0,0.0,0.0,NA,NA,NA,NA,NA,NA
Central African Republic,2011,0.0,0.0,0.0,0.0,0.0,0.0,NA,NA,NA,NA,NA,NA
Central African Republic,2012,0.0,0.0,0.0,0.0,0.0,0.0,NA,NA,NA,NA,NA,NA
Central African Republic,2013,0.0,0.0,0.0,0.0,0.0,0.0,NA,NA,NA,NA,NA,NA
Central African Republic,2014,0.0,0.0,0.0,0.0,0.0,0.0,NA,NA,NA,NA,NA,NA
Central African Republic,2015,0.0,0.0,0.0,0.0,0.0,0.0,NA,NA,NA,NA,NA,NA
Central African Republic,2016,0.0,0.0,0.0,0.0,0.0,0.0,NA,NA,NA,NA,NA,NA
Central African Republic,2017,0.0,0.0,0.0,0.0,0.0,0.0,NA,NA,NA,NA,NA,NA
Central African Republic,2018,0.0,0.0,0.0,0.0,0.0,0.0,NA,NA,NA,NA,NA,NA
Central African Republic,2019,0.0,0.0,0.0,0.0,0.0,0.0,NA,NA,NA,NA,NA,NA
Central African Republic,2020,0.0,0.0,0.0,0.0,0.0,0.0,NA,NA,NA,NA,NA,NA
Central African Republic,2021,0.0,0.0,0.0,0.0,0.0,0.0,NA,NA,NA,NA,NA,NA
Central African Republic,2022,0.0,0.0,0.0,0.0,0.0,0.0,NA,NA,NA,NA,NA,NA
Central African Republic,2023,0.0,0.0,0.0,0.0,0.0,0.0,NA,NA,NA,NA,NA,NA
Central African Republic,2024,0.0,0.0,0.0,0.0,0.0,0.0,NA,NA,NA,NA,NA,NA
Central African Republic,2025,0.0,0.0,0.0,0.0,0.0,0.0,NA,NA,NA,NA,NA,NA
Chad,1989,0.0,0.0,0.0,0.0,0.0,0.0,NA,NA,NA,NA,NA,NA
Chad,1990,0.0,0.0,0.0,0.0,0.0,0.0,NA,NA,NA,NA,NA,NA
Chad,1991,0.0,0.0,0.0,0.0,0.0,0.0,NA,NA,NA,NA,NA,NA
Chad,1992,0.0,0.0,0.0,0.0,0.0,0.0,NA,NA,NA,NA,NA,NA
Chad,1993,0.0,0.0,0.0,0.0,0.0,0.0,NA,NA,NA,NA,NA,NA
Chad,1994,0.0,0.0,0.0,0.0,0.0,0.0,NA,NA,NA,NA,NA,NA
Chad,1995,0.0,0.0,0.0,0.0,0.0,0.0,NA,NA,NA,NA,NA,NA
Chad,1996,0.0,0.0,0.0,0.0,0.0,0.0,NA,NA,NA,NA,NA,NA
Chad,1997,0.0,0.0,0.0,0.0,0.0,0.0,NA,NA,NA,NA,NA,NA
Chad,1998,0.0,0.0,0.0,0.0,0.0,0.0,NA,NA,NA,NA,NA,NA
Chad,1999,0.0,0.0,0.0,0.0,0.0,0.0,NA,NA,NA,NA,NA,NA
Chad,2000,0.0,0.0,0.0,0.0,0.0,0.0,NA,NA,NA,NA,NA,NA
Chad,2001,0.0,0.0,0.0,0.0,0.0,0.0,NA,NA,NA,NA,NA,NA
Chad,2002,0.0,0.0,0.0,0.0,0.0,0.0,NA,NA,NA,NA,NA,NA
Chad,2003,0.0,0.0,0.0,0.0,0.0,0.0,NA,NA,NA,NA,NA,NA
Chad,2004,0.0,0.0,0.0,0.0,0.0,0.0,NA,NA,NA,NA,NA,NA
Chad,2005,0.0,0.0,0.0,0.0,0.0,0.0,NA,NA,NA,NA,NA,NA
Chad,2006,0.0,0.0,0.0,0.0,0.0,0.0,NA,NA,NA,NA,NA,NA
Chad,2007,0.0,0.0,0.0,0.0,0.0,0.0,NA,NA,NA,NA,NA,NA
Chad,2008,0.0,0.0,0.0,0.0,0.0,0.0,NA,NA,NA,NA,NA,NA
Chad,2009,0.0,0.0,0.0,0.0,0.0,0.0,NA,NA,NA,NA,NA,NA
Chad,2010,0.0,0.0,0.0,0.0,0.0,0.0,NA,NA,NA,NA,NA,NA
Chad,2011,0.0,0.0,0.0,0.0,0.0,0.0,NA,NA,NA,NA,NA,NA
Chad,2012,0.0,0.0,0.0,0.0,0.0,0.0,NA,NA,NA,NA,NA,NA
Chad,2013,0.0,0.0,0.0,0.0,0.0,0.0,NA,NA,NA,NA,NA,NA
Chad,2014,0.0,0.0,0.0,0.0,0.0,0.0,NA,NA,NA,NA,NA,NA
Chad,2015,0.0,0.0,0.0,0.0,0.0,0.0,NA,NA,NA,NA,NA,NA
Chad,2016,0.0,0.0,0.0,0.0,0.0,0.0,NA,NA,NA,NA,NA,NA
Chad,2017,0.0,0.0,0.0,0.0,0.0,0.0,NA,NA,NA,NA,NA,NA
Chad,2018,0.0,0.0,0.0,0.0,0.0,0.0,NA,NA,NA,NA,NA,NA
Chad,2019,0.0,0.0,0.0,0.0,0.0,0.0,NA,NA,NA,NA,NA,NA
Chad,2020,0.0,0.0,0.0,0.0,0.0,0.0,NA,NA,NA,NA,NA,NA
Chad,2021,0.0,0.0,0.0,0.0,0.0,0.0,NA,NA,NA,NA,NA,NA
Chad,2022,0.0,0.0,0.0,0.0,0.0,0.0,NA,NA,NA,NA,NA,NA
Chad,2023,0.0,0.0,0.0,0.0,0.0,0.0,NA,NA,NA,NA,NA,NA
Chad,2024,0.0,0.0,0.0,0.0,0.0,0.0,NA,NA,NA,NA,NA,NA
Chad,2025,0.0,0.0,0.0,0.0,0.0,0.0,NA,NA,NA,NA,NA,NA
Chiapas,1989,0.0,0.0,0.0,0.0,0.0,0.0,0.0,0.0,0.0,0.0,0.0,0.0
Chiapas,1990,0.0,0.0,0.0,0.0,0.0,0.0,0.0,0.0,0.0,0.0,0.0,0.0
Chiapas,1991,0.0,0.0,0.0,0.0,0.0,0.0,0.0,0.0,0.0,0.0,0.0,0.0
Chiapas,1992,0.0,0.0,0.0,0.0,0.0,0.0,0.0,0.0,0.0,0.0,0.0,0.0
Chiapas,1993,0.0,0.0,0.0,0.0,0.0,0.0,0.0,0.0,0.0,0.0,0.0,0.0
Chiapas,1994,0.0,0.0,0.0,0.0,0.0,0.0,0.0,0.0,0.0,0.0,0.0,0.0
Chiapas,1995,0.0,0.0,0.0,0.0,0.0,0.0,0.0,0.0,0.0,0.0,0.0,0.0
Chiapas,1996,0.0,0.0,0.0,0.0,0.0,0.0,0.0,0.0,0.0,0.0,0.0,0.0
Chiapas,1997,0.0,0.0,0.0,0.0,0.0,0.0,0.0,0.0,0.0,0.0,0.0,0.0
Chiapas,1998,0.0,0.0,0.0,0.0,0.0,0.0,0.0,0.0,0.0,0.0,0.0,0.0
Chiapas,1999,0.0,0.0,0.0,0.0,0.0,0.0,0.0,0.0,0.0,0.0,0.0,0.0
Chiapas,2000,0.0,0.0,0.0,0.0,0.0,0.0,0.0,0.0,0.0,0.0,0.0,0.0
Chiapas,2001,0.0,0.0,0.0,0.0,0.0,0.0,0.0,0.0,0.0,0.0,0.0,0.0
Chiapas,2002,0.0,0.0,0.0,0.0,0.0,0.0,0.0,0.0,0.0,0.0,0.0,0.0
Chiapas,2003,0.0,0.0,0.0,0.0,0.0,0.0,0.0,0.0,0.0,0.0,0.0,0.0
Chiapas,2004,0.0,0.0,0.0,0.0,0.0,0.0,0.0,0.0,0.0,0.0,0.0,0.0
Chiapas,2005,0.0,0.0,0.0,0.0,0.0,0.0,0.0,0.0,0.0,0.0,0.0,0.0
Chiapas,2006,0.0,0.0,0.0,0.0,0.0,0.0,0.0,0.0,0.0,0.0,0.0,0.0
Chiapas,2007,0.0,0.0,0.0,0.0,0.0,0.0,0.0,0.0,0.0,0.0,0.0,0.0
Chiapas,2008,0.0,0.0,0.0,0.0,0.0,0.0,0.0,0.0,0.0,0.0,0.0,0.0
Chiapas,2009,0.0,0.0,0.0,0.0,0.0,0.0,0.0,0.0,0.0,0.0,0.0,0.0
Chiapas,2010,0.0,0.0,0.0,0.0,0.0,0.0,0.0,0.0,0.0,0.0,0.0,0.0
Chiapas,2011,0.0,0.0,0.0,0.0,0.0,0.0,0.0,0.0,0.0,0.0,0.0,0.0
Chiapas,2012,0.0,0.0,0.0,0.0,0.0,0.0,0.0,0.0,0.0,0.0,0.0,0.0
Chiapas,2013,0.0,0.0,0.0,0.0,0.0,0.0,0.0,0.0,0.0,0.0,0.0,0.0
Chiapas,2014,0.0,0.0,0.0,0.0,0.0,0.0,0.0,0.0,0.0,0.0,0.0,0.0
Chiapas,2015,0.0,0.0,0.0,0.0,0.0,0.0,0.0,0.0,0.0,0.0,0.0,0.0
Chiapas,2016,0.0,0.0,0.0,0.0,0.0,0.0,0.0,0.0,0.0,0.0,0.0,0.0
Chiapas,2017,0.0,0.0,0.0,0.0,0.0,0.0,0.0,0.0,0.0,0.0,0.0,0.0
Chiapas,2018,0.0,0.0,0.0,0.0,0.0,0.0,0.0,0.0,0.0,0.0,0.0,0.0
Chiapas,2019,0.0,0.0,0.0,0.0,0.0,0.0,0.0,0.0,0.0,0.0,0.0,0.0
Chiapas,2020,0.0,0.0,0.0,0.0,0.0,0.0,0.0,0.0,0.0,0.0,0.0,0.0
Chiapas,2021,0.0,0.0,0.0,0.0,0.0,0.0,0.0,0.0,0.0,0.0,0.0,0.0
Chiapas,2022,0.0,0.0,0.0,0.0,0.0,0.0,0.0,0.0,0.0,0.0,0.0,0.0
Chiapas,2023,0.0,0.0,0.0,0.0,0.0,0.0,0.0,0.0,0.0,0.0,0.0,0.0
Chiapas,2024,0.0,0.0,0.0,0.0,0.0,0.0,0.0,0.0,0.0,0.0,0.0,0.0
Chiapas,2025,0.0,0.0,0.0,0.0,0.0,0.0,0.0,0.0,0.0,0.0,0.0,0.0
Chiba,1989,0.0,0.0,0.0,0.0,0.0,0.0,0.0,0.0,0.0,0.0,0.0,0.0
Chiba,1990,0.0,0.0,0.0,0.0,0.0,0.0,0.0,0.0,0.0,0.0,0.0,0.0
Chiba,1991,0.0,0.0,0.0,0.0,0.0,0.0,0.0,0.0,0.0,0.0,0.0,0.0
Chiba,1992,0.0,0.0,0.0,0.0,0.0,0.0,0.0,0.0,0.0,0.0,0.0,0.0
Chiba,1993,0.0,0.0,0.0,0.0,0.0,0.0,0.0,0.0,0.0,0.0,0.0,0.0
Chiba,1994,0.0,0.0,0.0,0.0,0.0,0.0,0.0,0.0,0.0,0.0,0.0,0.0
Chiba,1995,0.0,0.0,0.0,0.0,0.0,0.0,0.0,0.0,0.0,0.0,0.0,0.0
Chiba,1996,0.0,0.0,0.0,0.0,0.0,0.0,0.0,0.0,0.0,0.0,0.0,0.0
Chiba,1997,0.0,0.0,0.0,0.0,0.0,0.0,0.0,0.0,0.0,0.0,0.0,0.0
Chiba,1998,0.0,0.0,0.0,0.0,0.0,0.0,0.0,0.0,0.0,0.0,0.0,0.0
Chiba,1999,0.0,0.0,0.0,0.0,0.0,0.0,0.0,0.0,0.0,0.0,0.0,0.0
Chiba,2000,0.0,0.0,0.0,0.0,0.0,0.0,0.0,0.0,0.0,0.0,0.0,0.0
Chiba,2001,0.0,0.0,0.0,0.0,0.0,0.0,0.0,0.0,0.0,0.0,0.0,0.0
Chiba,2002,0.0,0.0,0.0,0.0,0.0,0.0,0.0,0.0,0.0,0.0,0.0,0.0
Chiba,2003,0.0,0.0,0.0,0.0,0.0,0.0,0.0,0.0,0.0,0.0,0.0,0.0
Chiba,2004,0.0,0.0,0.0,0.0,0.0,0.0,0.0,0.0,0.0,0.0,0.0,0.0
Chiba,2005,0.0,0.0,0.0,0.0,0.0,0.0,0.0,0.0,0.0,0.0,0.0,0.0
Chiba,2006,0.0,0.0,0.0,0.0,0.0,0.0,0.0,0.0,0.0,0.0,0.0,0.0
Chiba,2007,0.0,0.0,0.0,0.0,0.0,0.0,0.0,0.0,0.0,0.0,0.0,0.0
Chiba,2008,0.0,0.0,0.0,0.0,0.0,0.0,0.0,0.0,0.0,0.0,0.0,0.0
Chiba,2009,0.0,0.0,0.0,0.0,0.0,0.0,0.0,0.0,0.0,0.0,0.0,0.0
Chiba,2010,0.0,0.0,0.0,0.0,0.0,0.0,0.0,0.0,0.0,0.0,0.0,0.0
Chiba,2011,0.0,0.0,0.0,0.0,0.0,0.0,0.0,0.0,0.0,0.0,0.0,0.0
Chiba,2012,0.0,0.0,0.0,0.0,0.0,0.0,0.0,0.0,0.0,0.0,0.0,0.0
Chiba,2013,0.0,0.0,0.0,0.0,0.0,0.0,0.0,0.0,0.0,0.0,0.0,0.0
Chiba,2014,0.0,0.0,0.0,0.0,0.0,0.0,0.0,0.0,0.0,0.0,0.0,0.0
Chiba,2015,0.0,0.0,0.0,0.0,0.0,0.0,0.0,0.0,0.0,0.0,0.0,0.0
Chiba,2016,0.0,0.0,0.0,0.0,0.0,0.0,0.0,0.0,0.0,0.0,0.0,0.0
Chiba,2017,0.0,0.0,0.0,0.0,0.0,0.0,0.0,0.0,0.0,0.0,0.0,0.0
Chiba,2018,0.0,0.0,0.0,0.0,0.0,0.0,0.0,0.0,0.0,0.0,0.0,0.0
Chiba,2019,0.0,0.0,0.0,0.0,0.0,0.0,0.0,0.0,0.0,0.0,0.0,0.0
Chiba,2020,0.0,0.0,0.0,0.0,0.0,0.0,0.0,0.0,0.0,0.0,0.0,0.0
Chiba,2021,0.0,0.0,0.0,0.0,0.0,0.0,0.0,0.0,0.0,0.0,0.0,0.0
Chiba,2022,0.0,0.0,0.0,0.0,0.0,0.0,0.0,0.0,0.0,0.0,0.0,0.0
Chiba,2023,0.0,0.0,0.0,0.0,0.0,0.0,0.0,0.0,0.0,0.0,0.0,0.0
Chiba,2024,0.0,0.0,0.0,0.0,0.0,0.0,0.0,0.0,0.0,0.0,0.0,0.0
Chiba,2025,0.0,0.0,0.0,0.0,0.0,0.0,0.0,0.0,0.0,0.0,0.0,0.0
Chihuahua,1989,0.0,0.0,0.0,0.0,0.0,0.0,0.0,0.0,0.0,0.0,0.0,0.0
Chihuahua,1990,0.0,0.0,0.0,0.0,0.0,0.0,0.0,0.0,0.0,0.0,0.0,0.0
Chihuahua,1991,0.0,0.0,0.0,0.0,0.0,0.0,0.0,0.0,0.0,0.0,0.0,0.0
Chihuahua,1992,0.0,0.0,0.0,0.0,0.0,0.0,0.0,0.0,0.0,0.0,0.0,0.0
Chihuahua,1993,0.0,0.0,0.0,0.0,0.0,0.0,0.0,0.0,0.0,0.0,0.0,0.0
Chihuahua,1994,0.0,0.0,0.0,0.0,0.0,0.0,0.0,0.0,0.0,0.0,0.0,0.0
Chihuahua,1995,0.0,0.0,0.0,0.0,0.0,0.0,0.0,0.0,0.0,0.0,0.0,0.0
Chihuahua,1996,0.0,0.0,0.0,0.0,0.0,0.0,0.0,0.0,0.0,0.0,0.0,0.0
Chihuahua,1997,0.0,0.0,0.0,0.0,0.0,0.0,0.0,0.0,0.0,0.0,0.0,0.0
Chihuahua,1998,0.0,0.0,0.0,0.0,0.0,0.0,0.0,0.0,0.0,0.0,0.0,0.0
Chihuahua,1999,0.0,0.0,0.0,0.0,0.0,0.0,0.0,0.0,0.0,0.0,0.0,0.0
Chihuahua,2000,0.0,0.0,0.0,0.0,0.0,0.0,0.0,0.0,0.0,0.0,0.0,0.0
Chihuahua,2001,0.0,0.0,0.0,0.0,0.0,0.0,0.0,0.0,0.0,0.0,0.0,0.0
Chihuahua,2002,0.0,0.0,0.0,0.0,0.0,0.0,0.0,0.0,0.0,0.0,0.0,0.0
Chihuahua,2003,0.0,0.0,0.0,0.0,0.0,0.0,0.0,0.0,0.0,0.0,0.0,0.0
Chihuahua,2004,0.0,0.0,0.0,0.0,0.0,0.0,0.0,0.0,0.0,0.0,0.0,0.0
Chihuahua,2005,0.0,0.0,0.0,0.0,0.0,0.0,0.0,0.0,0.0,0.0,0.0,0.0
Chihuahua,2006,0.0,0.0,0.0,0.0,0.0,0.0,0.0,0.0,0.0,0.0,0.0,0.0
Chihuahua,2007,0.0,0.0,0.0,0.0,0.0,0.0,0.0,0.0,0.0,0.0,0.0,0.0
Chihuahua,2008,0.0,0.0,0.0,0.0,0.0,0.0,0.0,0.0,0.0,0.0,0.0,0.0
Chihuahua,2009,0.0,0.0,0.0,0.0,0.0,0.0,0.0,0.0,0.0,0.0,0.0,0.0
Chihuahua,2010,0.0,0.0,0.0,0.0,0.0,0.0,0.0,0.0,0.0,0.0,0.0,0.0
Chihuahua,2011,0.0,0.0,0.0,0.0,0.0,0.0,0.0,0.0,0.0,0.0,0.0,0.0
Chihuahua,2012,0.0,0.0,0.0,0.0,0.0,0.0,0.0,0.0,0.0,0.0,0.0,0.0
Chihuahua,2013,0.0,0.0,0.0,0.0,0.0,0.0,0.0,0.0,0.0,0.0,0.0,0.0
Chihuahua,2014,0.0,0.0,0.0,0.0,0.0,0.0,0.0,0.0,0.0,0.0,0.0,0.0
Chihuahua,2015,0.0,0.0,0.0,0.0,0.0,0.0,0.0,0.0,0.0,0.0,0.0,0.0
Chihuahua,2016,0.0,0.0,0.0,0.0,0.0,0.0,0.0,0.0,0.0,0.0,0.0,0.0
Chihuahua,2017,0.0,0.0,0.0,0.0,0.0,0.0,0.0,0.0,0.0,0.0,0.0,0.0
Chihuahua,2018,0.0,0.0,0.0,0.0,0.0,0.0,0.0,0.0,0.0,0.0,0.0,0.0
Chihuahua,2019,0.0,0.0,0.0,0.0,0.0,0.0,0.0,0.0,0.0,0.0,0.0,0.0
Chihuahua,2020,0.0,0.0,0.0,0.0,0.0,0.0,0.0,0.0,0.0,0.0,0.0,0.0
Chihuahua,2021,0.0,0.0,0.0,0.0,0.0,0.0,0.0,0.0,0.0,0.0,0.0,0.0
Chihuahua,2022,0.0,0.0,0.0,0.0,0.0,0.0,0.0,0.0,0.0,0.0,0.0,0.0
Chihuahua,2023,0.0,0.0,0.0,0.0,0.0,0.0,0.0,0.0,0.0,0.0,0.0,0.0
Chihuahua,2024,0.0,0.0,0.0,0.0,0.0,0.0,0.0,0.0,0.0,0.0,0.0,0.0
Chihuahua,2025,0.0,0.0,0.0,0.0,0.0,0.0,0.0,0.0,0.0,0.0,0.0,0.0
Chile,1989,0.0,0.0,0.0,0.0,0.0,0.0,NA,NA,NA,NA,NA,NA
Chile,1990,0.0,0.0,0.0,0.0,0.0,0.0,NA,NA,NA,NA,NA,NA
Chile,1991,0.0,0.0,0.0,0.0,0.0,0.0,NA,NA,NA,NA,NA,NA
Chile,1992,0.0,0.0,0.0,0.0,0.0,0.0,NA,NA,NA,NA,NA,NA
Chile,1993,0.0,0.0,0.0,0.0,0.0,0.0,NA,NA,NA,NA,NA,NA
Chile,1994,0.0,0.0,0.0,0.0,0.0,0.0,NA,NA,NA,NA,NA,NA
Chile,1995,0.0,0.0,0.0,0.0,0.0,0.0,NA,NA,NA,NA,NA,NA
Chile,1996,0.0,0.0,0.0,0.0,0.0,0.0,NA,NA,NA,NA,NA,NA
Chile,1997,0.0,0.0,0.0,0.0,0.0,0.0,NA,NA,NA,NA,NA,NA
Chile,1998,0.0,0.0,0.0,0.0,0.0,0.0,NA,NA,NA,NA,NA,NA
Chile,1999,0.0,0.0,0.0,0.0,0.0,0.0,NA,NA,NA,NA,NA,NA
Chile,2000,0.0,0.0,0.0,0.0,0.0,0.0,NA,NA,NA,NA,NA,NA
Chile,2001,0.0,0.0,0.0,0.0,0.0,0.0,NA,NA,NA,NA,NA,NA
Chile,2002,0.0,0.0,0.0,0.0,0.0,0.0,NA,NA,NA,NA,NA,NA
Chile,2003,0.0,0.0,0.0,0.0,0.0,0.0,NA,NA,NA,NA,NA,NA
Chile,2004,0.0,0.0,0.0,0.0,0.0,0.0,NA,NA,NA,NA,NA,NA
Chile,2005,0.0,0.0,0.0,0.0,0.0,0.0,NA,NA,NA,NA,NA,NA
Chile,2006,0.0,0.0,0.0,0.0,0.0,0.0,NA,NA,NA,NA,NA,NA
Chile,2007,0.0,0.0,0.0,0.0,0.0,0.0,NA,NA,NA,NA,NA,NA
Chile,2008,0.0,0.0,0.0,0.0,0.0,0.0,NA,NA,NA,NA,NA,NA
Chile,2009,0.0,0.0,0.0,0.0,0.0,0.0,NA,NA,NA,NA,NA,NA
Chile,2010,0.0,0.0,0.0,0.0,0.0,0.0,NA,NA,NA,NA,NA,NA
Chile,2011,0.0,0.0,0.0,0.0,0.0,0.0,NA,NA,NA,NA,NA,NA
Chile,2012,0.0,0.0,0.0,0.0,0.0,0.0,NA,NA,NA,NA,NA,NA
Chile,2013,0.0,0.0,0.0,0.0,0.0,0.0,NA,NA,NA,NA,NA,NA
Chile,2014,0.0,0.0,0.0,0.0,0.0,0.0,NA,NA,NA,NA,NA,NA
Chile,2015,0.0,0.0,0.0,0.0,0.0,0.0,NA,NA,NA,NA,NA,NA
Chile,2016,0.0,0.0,0.0,0.0,0.0,0.0,NA,NA,NA,NA,NA,NA
Chile,2017,0.0,0.0,0.0,0.0,0.0,0.0,NA,NA,NA,NA,NA,NA
Chile,2018,0.0,0.0,0.0,0.0,0.0,0.0,NA,NA,NA,NA,NA,NA
Chile,2019,0.0,0.0,0.0,0.0,0.0,0.0,NA,NA,NA,NA,NA,NA
Chile,2020,0.0,0.0,0.0,0.0,0.0,0.0,NA,NA,NA,NA,NA,NA
Chile,2021,0.0,0.0,0.0,0.0,0.0,0.0,NA,NA,NA,NA,NA,NA
Chile,2022,0.0,0.0,0.0,0.0,0.0,0.0,NA,NA,NA,NA,NA,NA
Chile,2023,0.0,0.0,0.0,0.0,0.0,0.0,NA,NA,NA,NA,NA,NA
Chile,2024,0.0,0.0,0.0,0.0,0.0,0.0,NA,NA,NA,NA,NA,NA
Chile,2025,0.0,0.0,0.0,0.0,0.0,0.0,NA,NA,NA,NA,NA,NA
China,1989,0.0,0.0,0.0,0.0,0.0,0.0,NA,NA,NA,NA,NA,NA
China,1990,0.0,0.0,0.0,0.0,0.0,0.0,NA,NA,NA,NA,NA,NA
China,1991,0.0,0.0,0.0,0.0,0.0,0.0,NA,NA,NA,NA,NA,NA
China,1992,0.0,0.0,0.0,0.0,0.0,0.0,NA,NA,NA,NA,NA,NA
China,1993,0.0,0.0,0.0,0.0,0.0,0.0,NA,NA,NA,NA,NA,NA
China,1994,0.0,0.0,0.0,0.0,0.0,0.0,NA,NA,NA,NA,NA,NA
China,1995,0.0,0.0,0.0,0.0,0.0,0.0,NA,NA,NA,NA,NA,NA
China,1996,0.0,0.0,0.0,0.0,0.0,0.0,NA,NA,NA,NA,NA,NA
China,1997,0.0,0.0,0.0,0.0,0.0,0.0,NA,NA,NA,NA,NA,NA
China,1998,0.0,0.0,0.0,0.0,0.0,0.0,NA,NA,NA,NA,NA,NA
China,1999,0.0,0.0,0.0,0.0,0.0,0.0,NA,NA,NA,NA,NA,NA
China,2000,0.0,0.0,0.0,0.0,0.0,0.0,NA,NA,NA,NA,NA,NA
China,2001,0.0,0.0,0.0,0.0,0.0,0.0,NA,NA,NA,NA,NA,NA
China,2002,0.0,0.0,0.0,0.0,0.0,0.0,NA,NA,NA,NA,NA,NA
China,2003,0.0,0.0,0.0,0.0,0.0,0.0,NA,NA,NA,NA,NA,NA
China,2004,0.0,0.0,0.0,0.0,0.0,0.0,NA,NA,NA,NA,NA,NA
China,2005,0.0,0.0,0.0,0.0,0.0,0.0,NA,NA,NA,NA,NA,NA
China,2006,0.0,0.0,0.0,0.0,0.0,0.0,NA,NA,NA,NA,NA,NA
China,2007,0.0,0.0,0.0,0.0,0.0,0.0,NA,NA,NA,NA,NA,NA
China,2008,0.0,0.0,0.0,0.0,0.0,0.0,NA,NA,NA,NA,NA,NA
China,2009,0.0,0.0,0.0,0.0,0.0,0.0,NA,NA,NA,NA,NA,NA
China,2010,0.0,0.0,0.0,0.0,0.0,0.0,NA,NA,NA,NA,NA,NA
China,2011,0.0,0.0,0.0,0.0,0.0,0.0,NA,NA,NA,NA,NA,NA
China,2012,0.0,0.0,0.0,0.0,0.0,0.0,NA,NA,NA,NA,NA,NA
China,2013,0.29827456147423237,0.0,0.29827456147423237,0.3606982403397973,0.0,0.3606982403397973,NA,NA,NA,NA,NA,NA
China,2014,0.35825319936505656,0.0,0.35825319936505656,0.43322936414154034,0.0,0.43322936414154034,NA,NA,NA,NA,NA,NA
China,2015,0.2158554441439417,0.0,0.2158554441439417,0.2610302349810387,0.0,0.2610302349810387,NA,NA,NA,NA,NA,NA
China,2016,0.1600672131391818,0.0,0.1600672131391818,0.1935664973574553,0.0,0.1935664973574553,NA,NA,NA,NA,NA,NA
China,2017,0.1611933121712015,0.0,0.1611933121712015,0.19492826933455687,0.0,0.19492826933455687,NA,NA,NA,NA,NA,NA
China,2018,0.178032253394631,0.0,0.178032253394631,0.21529130813497094,0.0,0.21529130813497094,NA,NA,NA,NA,NA,NA
China,2019,0.23803333195311463,0.0,0.23803333195311463,0.28784956904588216,0.0,0.28784956904588216,NA,NA,NA,NA,NA,NA
China,2020,0.26838917518867894,0.0,0.26838917518867894,0.3245583623971539,0.0,0.3245583623971539,NA,NA,NA,NA,NA,NA
China,2021,0.07977580386253819,0.0,0.07977580386253819,0.09647149234815375,0.0,0.09647149234815375,NA,NA,NA,NA,NA,NA
China,2022,0.1101362997198045,0.0,0.1101362997198045,0.13318591203394284,0.0,0.13318591203394284,NA,NA,NA,NA,NA,NA
China,2023,0.0,0.0,0.0,0.0,0.0,0.0,NA,NA,NA,NA,NA,NA
China,2024,0.0,0.0,0.0,0.0,0.0,0.0,NA,NA,NA,NA,NA,NA
China,2025,0.09923444632926388,0.0,0.09923444632926388,0.12000249030674283,0.0,0.12000249030674283,NA,NA,NA,NA,NA,NA
Chongqing Municipality,1989,0.0,0.0,0.0,0.0,0.0,0.0,0.0,0.0,0.0,0.0,0.0,0.0
Chongqing Municipality,1990,0.0,0.0,0.0,0.0,0.0,0.0,0.0,0.0,0.0,0.0,0.0,0.0
Chongqing Municipality,1991,0.0,0.0,0.0,0.0,0.0,0.0,0.0,0.0,0.0,0.0,0.0,0.0
Chongqing Municipality,1992,0.0,0.0,0.0,0.0,0.0,0.0,0.0,0.0,0.0,0.0,0.0,0.0
Chongqing Municipality,1993,0.0,0.0,0.0,0.0,0.0,0.0,0.0,0.0,0.0,0.0,0.0,0.0
Chongqing Municipality,1994,0.0,0.0,0.0,0.0,0.0,0.0,0.0,0.0,0.0,0.0,0.0,0.0
Chongqing Municipality,1995,0.0,0.0,0.0,0.0,0.0,0.0,0.0,0.0,0.0,0.0,0.0,0.0
Chongqing Municipality,1996,0.0,0.0,0.0,0.0,0.0,0.0,0.0,0.0,0.0,0.0,0.0,0.0
Chongqing Municipality,1997,0.0,0.0,0.0,0.0,0.0,0.0,0.0,0.0,0.0,0.0,0.0,0.0
Chongqing Municipality,1998,0.0,0.0,0.0,0.0,0.0,0.0,0.0,0.0,0.0,0.0,0.0,0.0
Chongqing Municipality,1999,0.0,0.0,0.0,0.0,0.0,0.0,0.0,0.0,0.0,0.0,0.0,0.0
Chongqing Municipality,2000,0.0,0.0,0.0,0.0,0.0,0.0,0.0,0.0,0.0,0.0,0.0,0.0
Chongqing Municipality,2001,0.0,0.0,0.0,0.0,0.0,0.0,0.0,0.0,0.0,0.0,0.0,0.0
Chongqing Municipality,2002,0.0,0.0,0.0,0.0,0.0,0.0,0.0,0.0,0.0,0.0,0.0,0.0
Chongqing Municipality,2003,0.0,0.0,0.0,0.0,0.0,0.0,0.0,0.0,0.0,0.0,0.0,0.0
Chongqing Municipality,2004,0.0,0.0,0.0,0.0,0.0,0.0,0.0,0.0,0.0,0.0,0.0,0.0
Chongqing Municipality,2005,0.0,0.0,0.0,0.0,0.0,0.0,0.0,0.0,0.0,0.0,0.0,0.0
Chongqing Municipality,2006,0.0,0.0,0.0,0.0,0.0,0.0,0.0,0.0,0.0,0.0,0.0,0.0
Chongqing Municipality,2007,0.0,0.0,0.0,0.0,0.0,0.0,0.0,0.0,0.0,0.0,0.0,0.0
Chongqing Municipality,2008,0.0,0.0,0.0,0.0,0.0,0.0,0.0,0.0,0.0,0.0,0.0,0.0
Chongqing Municipality,2009,0.0,0.0,0.0,0.0,0.0,0.0,0.0,0.0,0.0,0.0,0.0,0.0
Chongqing Municipality,2010,0.0,0.0,0.0,0.0,0.0,0.0,0.0,0.0,0.0,0.0,0.0,0.0
Chongqing Municipality,2011,0.0,0.0,0.0,0.0,0.0,0.0,0.0,0.0,0.0,0.0,0.0,0.0
Chongqing Municipality,2012,0.0,0.0,0.0,0.0,0.0,0.0,0.0,0.0,0.0,0.0,0.0,0.0
Chongqing Municipality,2013,0.0,0.0,0.0,0.0,0.0,0.0,0.0,0.0,0.0,0.0,0.0,0.0
Chongqing Municipality,2014,0.0,0.0,0.0,2.0913484340918327,0.0,2.0913484340918327,0.025547433949398093,0.0,0.025547433949398093,0.03089406761743293,0.0,0.03089406761743293
Chongqing Municipality,2015,0.0,0.0,0.0,1.1355118094024514,0.0,1.1355118094024514,0.013871152447185578,0.0,0.013871152447185578,0.01677414344172002,0.0,0.01677414344172002
Chongqing Municipality,2016,0.0,0.0,0.0,1.1694005370208802,0.0,1.1694005370208802,0.014285129389692008,0.0,0.014285129389692008,0.017274758559433365,0.0,0.017274758559433365
Chongqing Municipality,2017,0.0,0.0,0.0,0.2902943151471014,0.0,0.2902943151471014,0.003546168931590227,0.0,0.003546168931590227,0.004288320422801975,0.0,0.004288320422801975
Chongqing Municipality,2018,0.0,0.0,0.0,0.5845888826810681,0.0,0.5845888826810681,0.0071412040310405885,0.0,0.0071412040310405885,0.008635733852638081,0.0,0.008635733852638081
Chongqing Municipality,2019,0.0,0.0,0.0,0.5980386215640361,0.0,0.5980386215640361,0.007305502963799963,0.0,0.007305502963799963,0.00883441769494467,0.0,0.00883441769494467
Chongqing Municipality,2020,0.0,0.0,0.0,1.6118010780516234,0.0,1.6118010780516234,0.01968939317324889,0.0,0.01968939317324889,0.023810040775343898,0.0,0.023810040775343898
Chongqing Municipality,2021,0.0,0.0,0.0,0.551013643963631,0.0,0.551013643963631,0.006731056597219269,0.0,0.006731056597219269,0.008139749693184331,0.0,0.008139749693184331
Chongqing Municipality,2022,0.0,0.0,0.0,0.6943691525315983,0.0,0.6943691525315983,0.008482254688709412,0.0,0.008482254688709412,0.010257443092731829,0.0,0.010257443092731829
Chongqing Municipality,2023,0.0,0.0,0.0,0.0,0.0,0.0,0.0,0.0,0.0,0.0,0.0,0.0
Chongqing Municipality,2024,0.0,0.0,0.0,0.0,0.0,0.0,0.0,0.0,0.0,0.0,0.0,0.0
Chongqing Municipality,2025,0.0,0.0,0.0,0.6746163589634749,0.0,0.6746163589634749,0.008240959082118221,0.0,0.008240959082118221,0.009965648511695504,0.0,0.009965648511695504
Ciudad de Mexico,1989,0.0,0.0,0.0,0.0,0.0,0.0,0.0,0.0,0.0,0.0,0.0,0.0
Ciudad de Mexico,1990,0.0,0.0,0.0,0.0,0.0,0.0,0.0,0.0,0.0,0.0,0.0,0.0
Ciudad de Mexico,1991,0.0,0.0,0.0,0.0,0.0,0.0,0.0,0.0,0.0,0.0,0.0,0.0
Ciudad de Mexico,1992,0.0,0.0,0.0,0.0,0.0,0.0,0.0,0.0,0.0,0.0,0.0,0.0
Ciudad de Mexico,1993,0.0,0.0,0.0,0.0,0.0,0.0,0.0,0.0,0.0,0.0,0.0,0.0
Ciudad de Mexico,1994,0.0,0.0,0.0,0.0,0.0,0.0,0.0,0.0,0.0,0.0,0.0,0.0
Ciudad de Mexico,1995,0.0,0.0,0.0,0.0,0.0,0.0,0.0,0.0,0.0,0.0,0.0,0.0
Ciudad de Mexico,1996,0.0,0.0,0.0,0.0,0.0,0.0,0.0,0.0,0.0,0.0,0.0,0.0
Ciudad de Mexico,1997,0.0,0.0,0.0,0.0,0.0,0.0,0.0,0.0,0.0,0.0,0.0,0.0
Ciudad de Mexico,1998,0.0,0.0,0.0,0.0,0.0,0.0,0.0,0.0,0.0,0.0,0.0,0.0
Ciudad de Mexico,1999,0.0,0.0,0.0,0.0,0.0,0.0,0.0,0.0,0.0,0.0,0.0,0.0
Ciudad de Mexico,2000,0.0,0.0,0.0,0.0,0.0,0.0,0.0,0.0,0.0,0.0,0.0,0.0
Ciudad de Mexico,2001,0.0,0.0,0.0,0.0,0.0,0.0,0.0,0.0,0.0,0.0,0.0,0.0
Ciudad de Mexico,2002,0.0,0.0,0.0,0.0,0.0,0.0,0.0,0.0,0.0,0.0,0.0,0.0
Ciudad de Mexico,2003,0.0,0.0,0.0,0.0,0.0,0.0,0.0,0.0,0.0,0.0,0.0,0.0
Ciudad de Mexico,2004,0.0,0.0,0.0,0.0,0.0,0.0,0.0,0.0,0.0,0.0,0.0,0.0
Ciudad de Mexico,2005,0.0,0.0,0.0,0.0,0.0,0.0,0.0,0.0,0.0,0.0,0.0,0.0
Ciudad de Mexico,2006,0.0,0.0,0.0,0.0,0.0,0.0,0.0,0.0,0.0,0.0,0.0,0.0
Ciudad de Mexico,2007,0.0,0.0,0.0,0.0,0.0,0.0,0.0,0.0,0.0,0.0,0.0,0.0
Ciudad de Mexico,2008,0.0,0.0,0.0,0.0,0.0,0.0,0.0,0.0,0.0,0.0,0.0,0.0
Ciudad de Mexico,2009,0.0,0.0,0.0,0.0,0.0,0.0,0.0,0.0,0.0,0.0,0.0,0.0
Ciudad de Mexico,2010,0.0,0.0,0.0,0.0,0.0,0.0,0.0,0.0,0.0,0.0,0.0,0.0
Ciudad de Mexico,2011,0.0,0.0,0.0,0.0,0.0,0.0,0.0,0.0,0.0,0.0,0.0,0.0
Ciudad de Mexico,2012,0.0,0.0,0.0,0.0,0.0,0.0,0.0,0.0,0.0,0.0,0.0,0.0
Ciudad de Mexico,2013,0.0,0.0,0.0,0.0,0.0,0.0,0.0,0.0,0.0,0.0,0.0,0.0
Ciudad de Mexico,2014,0.0,0.0,0.0,0.0,0.0,0.0,0.0,0.0,0.0,0.0,0.0,0.0
Ciudad de Mexico,2015,0.0,0.0,0.0,0.0,0.0,0.0,0.0,0.0,0.0,0.0,0.0,0.0
Ciudad de Mexico,2016,0.0,0.0,0.0,0.0,0.0,0.0,0.0,0.0,0.0,0.0,0.0,0.0
Ciudad de Mexico,2017,0.0,0.0,0.0,0.0,0.0,0.0,0.0,0.0,0.0,0.0,0.0,0.0
Ciudad de Mexico,2018,0.0,0.0,0.0,0.0,0.0,0.0,0.0,0.0,0.0,0.0,0.0,0.0
Ciudad de Mexico,2019,0.0,0.0,0.0,0.0,0.0,0.0,0.0,0.0,0.0,0.0,0.0,0.0
Ciudad de Mexico,2020,0.0,0.0,0.0,0.0,0.0,0.0,0.0,0.0,0.0,0.0,0.0,0.0
Ciudad de Mexico,2021,0.0,0.0,0.0,0.0,0.0,0.0,0.0,0.0,0.0,0.0,0.0,0.0
Ciudad de Mexico,2022,0.0,0.0,0.0,0.0,0.0,0.0,0.0,0.0,0.0,0.0,0.0,0.0
Ciudad de Mexico,2023,0.0,0.0,0.0,0.0,0.0,0.0,0.0,0.0,0.0,0.0,0.0,0.0
Ciudad de Mexico,2024,0.0,0.0,0.0,0.0,0.0,0.0,0.0,0.0,0.0,0.0,0.0,0.0
Ciudad de Mexico,2025,0.0,0.0,0.0,0.0,0.0,0.0,0.0,0.0,0.0,0.0,0.0,0.0
Coahuila de Zaragoza,1989,0.0,0.0,0.0,0.0,0.0,0.0,0.0,0.0,0.0,0.0,0.0,0.0
Coahuila de Zaragoza,1990,0.0,0.0,0.0,0.0,0.0,0.0,0.0,0.0,0.0,0.0,0.0,0.0
Coahuila de Zaragoza,1991,0.0,0.0,0.0,0.0,0.0,0.0,0.0,0.0,0.0,0.0,0.0,0.0
Coahuila de Zaragoza,1992,0.0,0.0,0.0,0.0,0.0,0.0,0.0,0.0,0.0,0.0,0.0,0.0
Coahuila de Zaragoza,1993,0.0,0.0,0.0,0.0,0.0,0.0,0.0,0.0,0.0,0.0,0.0,0.0
Coahuila de Zaragoza,1994,0.0,0.0,0.0,0.0,0.0,0.0,0.0,0.0,0.0,0.0,0.0,0.0
Coahuila de Zaragoza,1995,0.0,0.0,0.0,0.0,0.0,0.0,0.0,0.0,0.0,0.0,0.0,0.0
Coahuila de Zaragoza,1996,0.0,0.0,0.0,0.0,0.0,0.0,0.0,0.0,0.0,0.0,0.0,0.0
Coahuila de Zaragoza,1997,0.0,0.0,0.0,0.0,0.0,0.0,0.0,0.0,0.0,0.0,0.0,0.0
Coahuila de Zaragoza,1998,0.0,0.0,0.0,0.0,0.0,0.0,0.0,0.0,0.0,0.0,0.0,0.0
Coahuila de Zaragoza,1999,0.0,0.0,0.0,0.0,0.0,0.0,0.0,0.0,0.0,0.0,0.0,0.0
Coahuila de Zaragoza,2000,0.0,0.0,0.0,0.0,0.0,0.0,0.0,0.0,0.0,0.0,0.0,0.0
Coahuila de Zaragoza,2001,0.0,0.0,0.0,0.0,0.0,0.0,0.0,0.0,0.0,0.0,0.0,0.0
Coahuila de Zaragoza,2002,0.0,0.0,0.0,0.0,0.0,0.0,0.0,0.0,0.0,0.0,0.0,0.0
Coahuila de Zaragoza,2003,0.0,0.0,0.0,0.0,0.0,0.0,0.0,0.0,0.0,0.0,0.0,0.0
Coahuila de Zaragoza,2004,0.0,0.0,0.0,0.0,0.0,0.0,0.0,0.0,0.0,0.0,0.0,0.0
Coahuila de Zaragoza,2005,0.0,0.0,0.0,0.0,0.0,0.0,0.0,0.0,0.0,0.0,0.0,0.0
Coahuila de Zaragoza,2006,0.0,0.0,0.0,0.0,0.0,0.0,0.0,0.0,0.0,0.0,0.0,0.0
Coahuila de Zaragoza,2007,0.0,0.0,0.0,0.0,0.0,0.0,0.0,0.0,0.0,0.0,0.0,0.0
Coahuila de Zaragoza,2008,0.0,0.0,0.0,0.0,0.0,0.0,0.0,0.0,0.0,0.0,0.0,0.0
Coahuila de Zaragoza,2009,0.0,0.0,0.0,0.0,0.0,0.0,0.0,0.0,0.0,0.0,0.0,0.0
Coahuila de Zaragoza,2010,0.0,0.0,0.0,0.0,0.0,0.0,0.0,0.0,0.0,0.0,0.0,0.0
Coahuila de Zaragoza,2011,0.0,0.0,0.0,0.0,0.0,0.0,0.0,0.0,0.0,0.0,0.0,0.0
Coahuila de Zaragoza,2012,0.0,0.0,0.0,0.0,0.0,0.0,0.0,0.0,0.0,0.0,0.0,0.0
Coahuila de Zaragoza,2013,0.0,0.0,0.0,0.0,0.0,0.0,0.0,0.0,0.0,0.0,0.0,0.0
Coahuila de Zaragoza,2014,0.0,0.0,0.0,0.0,0.0,0.0,0.0,0.0,0.0,0.0,0.0,0.0
Coahuila de Zaragoza,2015,0.0,0.0,0.0,0.0,0.0,0.0,0.0,0.0,0.0,0.0,0.0,0.0
Coahuila de Zaragoza,2016,0.0,0.0,0.0,0.0,0.0,0.0,0.0,0.0,0.0,0.0,0.0,0.0
Coahuila de Zaragoza,2017,0.0,0.0,0.0,0.0,0.0,0.0,0.0,0.0,0.0,0.0,0.0,0.0
Coahuila de Zaragoza,2018,0.0,0.0,0.0,0.0,0.0,0.0,0.0,0.0,0.0,0.0,0.0,0.0
Coahuila de Zaragoza,2019,0.0,0.0,0.0,0.0,0.0,0.0,0.0,0.0,0.0,0.0,0.0,0.0
Coahuila de Zaragoza,2020,0.0,0.0,0.0,0.0,0.0,0.0,0.0,0.0,0.0,0.0,0.0,0.0
Coahuila de Zaragoza,2021,0.0,0.0,0.0,0.0,0.0,0.0,0.0,0.0,0.0,0.0,0.0,0.0
Coahuila de Zaragoza,2022,0.0,0.0,0.0,0.0,0.0,0.0,0.0,0.0,0.0,0.0,0.0,0.0
Coahuila de Zaragoza,2023,0.0,0.0,0.0,0.0,0.0,0.0,0.0,0.0,0.0,0.0,0.0,0.0
Coahuila de Zaragoza,2024,0.0,0.0,0.0,0.0,0.0,0.0,0.0,0.0,0.0,0.0,0.0,0.0
Coahuila de Zaragoza,2025,0.0,0.0,0.0,0.0,0.0,0.0,0.0,0.0,0.0,0.0,0.0,0.0
Colima,1989,0.0,0.0,0.0,0.0,0.0,0.0,0.0,0.0,0.0,0.0,0.0,0.0
Colima,1990,0.0,0.0,0.0,0.0,0.0,0.0,0.0,0.0,0.0,0.0,0.0,0.0
Colima,1991,0.0,0.0,0.0,0.0,0.0,0.0,0.0,0.0,0.0,0.0,0.0,0.0
Colima,1992,0.0,0.0,0.0,0.0,0.0,0.0,0.0,0.0,0.0,0.0,0.0,0.0
Colima,1993,0.0,0.0,0.0,0.0,0.0,0.0,0.0,0.0,0.0,0.0,0.0,0.0
Colima,1994,0.0,0.0,0.0,0.0,0.0,0.0,0.0,0.0,0.0,0.0,0.0,0.0
Colima,1995,0.0,0.0,0.0,0.0,0.0,0.0,0.0,0.0,0.0,0.0,0.0,0.0
Colima,1996,0.0,0.0,0.0,0.0,0.0,0.0,0.0,0.0,0.0,0.0,0.0,0.0
Colima,1997,0.0,0.0,0.0,0.0,0.0,0.0,0.0,0.0,0.0,0.0,0.0,0.0
Colima,1998,0.0,0.0,0.0,0.0,0.0,0.0,0.0,0.0,0.0,0.0,0.0,0.0
Colima,1999,0.0,0.0,0.0,0.0,0.0,0.0,0.0,0.0,0.0,0.0,0.0,0.0
Colima,2000,0.0,0.0,0.0,0.0,0.0,0.0,0.0,0.0,0.0,0.0,0.0,0.0
Colima,2001,0.0,0.0,0.0,0.0,0.0,0.0,0.0,0.0,0.0,0.0,0.0,0.0
Colima,2002,0.0,0.0,0.0,0.0,0.0,0.0,0.0,0.0,0.0,0.0,0.0,0.0
Colima,2003,0.0,0.0,0.0,0.0,0.0,0.0,0.0,0.0,0.0,0.0,0.0,0.0
Colima,2004,0.0,0.0,0.0,0.0,0.0,0.0,0.0,0.0,0.0,0.0,0.0,0.0
Colima,2005,0.0,0.0,0.0,0.0,0.0,0.0,0.0,0.0,0.0,0.0,0.0,0.0
Colima,2006,0.0,0.0,0.0,0.0,0.0,0.0,0.0,0.0,0.0,0.0,0.0,0.0
Colima,2007,0.0,0.0,0.0,0.0,0.0,0.0,0.0,0.0,0.0,0.0,0.0,0.0
Colima,2008,0.0,0.0,0.0,0.0,0.0,0.0,0.0,0.0,0.0,0.0,0.0,0.0
Colima,2009,0.0,0.0,0.0,0.0,0.0,0.0,0.0,0.0,0.0,0.0,0.0,0.0
Colima,2010,0.0,0.0,0.0,0.0,0.0,0.0,0.0,0.0,0.0,0.0,0.0,0.0
Colima,2011,0.0,0.0,0.0,0.0,0.0,0.0,0.0,0.0,0.0,0.0,0.0,0.0
Colima,2012,0.0,0.0,0.0,0.0,0.0,0.0,0.0,0.0,0.0,0.0,0.0,0.0
Colima,2013,0.0,0.0,0.0,0.0,0.0,0.0,0.0,0.0,0.0,0.0,0.0,0.0
Colima,2014,0.0,0.0,0.0,0.0,0.0,0.0,0.0,0.0,0.0,0.0,0.0,0.0
Colima,2015,0.0,0.0,0.0,0.0,0.0,0.0,0.0,0.0,0.0,0.0,0.0,0.0
Colima,2016,0.0,0.0,0.0,0.0,0.0,0.0,0.0,0.0,0.0,0.0,0.0,0.0
Colima,2017,0.0,0.0,0.0,0.0,0.0,0.0,0.0,0.0,0.0,0.0,0.0,0.0
Colima,2018,0.0,0.0,0.0,0.0,0.0,0.0,0.0,0.0,0.0,0.0,0.0,0.0
Colima,2019,0.0,0.0,0.0,0.0,0.0,0.0,0.0,0.0,0.0,0.0,0.0,0.0
Colima,2020,0.0,0.0,0.0,0.0,0.0,0.0,0.0,0.0,0.0,0.0,0.0,0.0
Colima,2021,0.0,0.0,0.0,0.0,0.0,0.0,0.0,0.0,0.0,0.0,0.0,0.0
Colima,2022,0.0,0.0,0.0,0.0,0.0,0.0,0.0,0.0,0.0,0.0,0.0,0.0
Colima,2023,0.0,0.0,0.0,0.0,0.0,0.0,0.0,0.0,0.0,0.0,0.0,0.0
Colima,2024,0.0,0.0,0.0,0.0,0.0,0.0,0.0,0.0,0.0,0.0,0.0,0.0
Colima,2025,0.0,0.0,0.0,0.0,0.0,0.0,0.0,0.0,0.0,0.0,0.0,0.0
Colombia,1989,0.0,0.0,0.0,0.0,0.0,0.0,NA,NA,NA,NA,NA,NA
Colombia,1990,0.0,0.0,0.0,0.0,0.0,0.0,NA,NA,NA,NA,NA,NA
Colombia,1991,0.0,0.0,0.0,0.0,0.0,0.0,NA,NA,NA,NA,NA,NA
Colombia,1992,0.0,0.0,0.0,0.0,0.0,0.0,NA,NA,NA,NA,NA,NA
Colombia,1993,0.0,0.0,0.0,0.0,0.0,0.0,NA,NA,NA,NA,NA,NA
Colombia,1994,0.0,0.0,0.0,0.0,0.0,0.0,NA,NA,NA,NA,NA,NA
Colombia,1995,0.0,0.0,0.0,0.0,0.0,0.0,NA,NA,NA,NA,NA,NA
Colombia,1996,0.0,0.0,0.0,0.0,0.0,0.0,NA,NA,NA,NA,NA,NA
Colombia,1997,0.0,0.0,0.0,0.0,0.0,0.0,NA,NA,NA,NA,NA,NA
Colombia,1998,0.0,0.0,0.0,0.0,0.0,0.0,NA,NA,NA,NA,NA,NA
Colombia,1999,0.0,0.0,0.0,0.0,0.0,0.0,NA,NA,NA,NA,NA,NA
Colombia,2000,0.0,0.0,0.0,0.0,0.0,0.0,NA,NA,NA,NA,NA,NA
Colombia,2001,0.0,0.0,0.0,0.0,0.0,0.0,NA,NA,NA,NA,NA,NA
Colombia,2002,0.0,0.0,0.0,0.0,0.0,0.0,NA,NA,NA,NA,NA,NA
Colombia,2003,0.0,0.0,0.0,0.0,0.0,0.0,NA,NA,NA,NA,NA,NA
Colombia,2004,0.0,0.0,0.0,0.0,0.0,0.0,NA,NA,NA,NA,NA,NA
Colombia,2005,0.0,0.0,0.0,0.0,0.0,0.0,NA,NA,NA,NA,NA,NA
Colombia,2006,0.0,0.0,0.0,0.0,0.0,0.0,NA,NA,NA,NA,NA,NA
Colombia,2007,0.0,0.0,0.0,0.0,0.0,0.0,NA,NA,NA,NA,NA,NA
Colombia,2008,0.0,0.0,0.0,0.0,0.0,0.0,NA,NA,NA,NA,NA,NA
Colombia,2009,0.0,0.0,0.0,0.0,0.0,0.0,NA,NA,NA,NA,NA,NA
Colombia,2010,0.0,0.0,0.0,0.0,0.0,0.0,NA,NA,NA,NA,NA,NA
Colombia,2011,0.0,0.0,0.0,0.0,0.0,0.0,NA,NA,NA,NA,NA,NA
Colombia,2012,0.0,0.0,0.0,0.0,0.0,0.0,NA,NA,NA,NA,NA,NA
Colombia,2013,0.0,0.0,0.0,0.0,0.0,0.0,NA,NA,NA,NA,NA,NA
Colombia,2014,0.0,0.0,0.0,0.0,0.0,0.0,NA,NA,NA,NA,NA,NA
Colombia,2015,0.0,0.0,0.0,0.0,0.0,0.0,NA,NA,NA,NA,NA,NA
Colombia,2016,0.0,0.0,0.0,0.0,0.0,0.0,NA,NA,NA,NA,NA,NA
Colombia,2017,0.0,0.0,0.0,0.0,0.0,0.0,NA,NA,NA,NA,NA,NA
Colombia,2018,0.0,0.0,0.0,0.0,0.0,0.0,NA,NA,NA,NA,NA,NA
Colombia,2019,0.0,0.0,0.0,0.0,0.0,0.0,NA,NA,NA,NA,NA,NA
Colombia,2020,0.0,0.0,0.0,0.0,0.0,0.0,NA,NA,NA,NA,NA,NA
Colombia,2021,0.0,0.0,0.0,0.0,0.0,0.0,NA,NA,NA,NA,NA,NA
Colombia,2022,0.0,0.0,0.0,0.0,0.0,0.0,NA,NA,NA,NA,NA,NA
Colombia,2023,0.0,0.0,0.0,0.0,0.0,0.0,NA,NA,NA,NA,NA,NA
Colombia,2024,0.0,0.0,0.0,0.0,0.0,0.0,NA,NA,NA,NA,NA,NA
Colombia,2025,0.0,0.0,0.0,0.0,0.0,0.0,NA,NA,NA,NA,NA,NA
Colorado,1989,0.0,0.0,0.0,0.0,0.0,0.0,0.0,0.0,0.0,0.0,0.0,0.0
Colorado,1990,0.0,0.0,0.0,0.0,0.0,0.0,0.0,0.0,0.0,0.0,0.0,0.0
Colorado,1991,0.0,0.0,0.0,0.0,0.0,0.0,0.0,0.0,0.0,0.0,0.0,0.0
Colorado,1992,0.0,0.0,0.0,0.0,0.0,0.0,0.0,0.0,0.0,0.0,0.0,0.0
Colorado,1993,0.0,0.0,0.0,0.0,0.0,0.0,0.0,0.0,0.0,0.0,0.0,0.0
Colorado,1994,0.0,0.0,0.0,0.0,0.0,0.0,0.0,0.0,0.0,0.0,0.0,0.0
Colorado,1995,0.0,0.0,0.0,0.0,0.0,0.0,0.0,0.0,0.0,0.0,0.0,0.0
Colorado,1996,0.0,0.0,0.0,0.0,0.0,0.0,0.0,0.0,0.0,0.0,0.0,0.0
Colorado,1997,0.0,0.0,0.0,0.0,0.0,0.0,0.0,0.0,0.0,0.0,0.0,0.0
Colorado,1998,0.0,0.0,0.0,0.0,0.0,0.0,0.0,0.0,0.0,0.0,0.0,0.0
Colorado,1999,0.0,0.0,0.0,0.0,0.0,0.0,0.0,0.0,0.0,0.0,0.0,0.0
Colorado,2000,0.0,0.0,0.0,0.0,0.0,0.0,0.0,0.0,0.0,0.0,0.0,0.0
Colorado,2001,0.0,0.0,0.0,0.0,0.0,0.0,0.0,0.0,0.0,0.0,0.0,0.0
Colorado,2002,0.0,0.0,0.0,0.0,0.0,0.0,0.0,0.0,0.0,0.0,0.0,0.0
Colorado,2003,0.0,0.0,0.0,0.0,0.0,0.0,0.0,0.0,0.0,0.0,0.0,0.0
Colorado,2004,0.0,0.0,0.0,0.0,0.0,0.0,0.0,0.0,0.0,0.0,0.0,0.0
Colorado,2005,0.0,0.0,0.0,0.0,0.0,0.0,0.0,0.0,0.0,0.0,0.0,0.0
Colorado,2006,0.0,0.0,0.0,0.0,0.0,0.0,0.0,0.0,0.0,0.0,0.0,0.0
Colorado,2007,0.0,0.0,0.0,0.0,0.0,0.0,0.0,0.0,0.0,0.0,0.0,0.0
Colorado,2008,0.0,0.0,0.0,0.0,0.0,0.0,0.0,0.0,0.0,0.0,0.0,0.0
Colorado,2009,0.0,0.0,0.0,0.0,0.0,0.0,0.0,0.0,0.0,0.0,0.0,0.0
Colorado,2010,0.0,0.0,0.0,0.0,0.0,0.0,0.0,0.0,0.0,0.0,0.0,0.0
Colorado,2011,0.0,0.0,0.0,0.0,0.0,0.0,0.0,0.0,0.0,0.0,0.0,0.0
Colorado,2012,0.0,0.0,0.0,0.0,0.0,0.0,0.0,0.0,0.0,0.0,0.0,0.0
Colorado,2013,0.0,0.0,0.0,0.0,0.0,0.0,0.0,0.0,0.0,0.0,0.0,0.0
Colorado,2014,0.0,0.0,0.0,0.0,0.0,0.0,0.0,0.0,0.0,0.0,0.0,0.0
Colorado,2015,0.0,0.0,0.0,0.0,0.0,0.0,0.0,0.0,0.0,0.0,0.0,0.0
Colorado,2016,0.0,0.0,0.0,0.0,0.0,0.0,0.0,0.0,0.0,0.0,0.0,0.0
Colorado,2017,0.0,0.0,0.0,0.0,0.0,0.0,0.0,0.0,0.0,0.0,0.0,0.0
Colorado,2018,0.0,0.0,0.0,0.0,0.0,0.0,0.0,0.0,0.0,0.0,0.0,0.0
Colorado,2019,0.0,0.0,0.0,0.0,0.0,0.0,0.0,0.0,0.0,0.0,0.0,0.0
Colorado,2020,0.0,0.0,0.0,0.0,0.0,0.0,0.0,0.0,0.0,0.0,0.0,0.0
Colorado,2021,0.0,0.0,0.0,0.0,0.0,0.0,0.0,0.0,0.0,0.0,0.0,0.0
Colorado,2022,0.0,0.0,0.0,0.0,0.0,0.0,0.0,0.0,0.0,0.0,0.0,0.0
Colorado,2023,0.0,0.0,0.0,0.0,0.0,0.0,0.0,0.0,0.0,0.0,0.0,0.0
Colorado,2024,0.0,0.0,0.0,0.0,0.0,0.0,0.0,0.0,0.0,0.0,0.0,0.0
Colorado,2025,0.0,0.0,0.0,0.0,0.0,0.0,0.0,0.0,0.0,0.0,0.0,0.0
Comoros,1989,0.0,0.0,0.0,0.0,0.0,0.0,NA,NA,NA,NA,NA,NA
Comoros,1990,0.0,0.0,0.0,0.0,0.0,0.0,NA,NA,NA,NA,NA,NA
Comoros,1991,0.0,0.0,0.0,0.0,0.0,0.0,NA,NA,NA,NA,NA,NA
Comoros,1992,0.0,0.0,0.0,0.0,0.0,0.0,NA,NA,NA,NA,NA,NA
Comoros,1993,0.0,0.0,0.0,0.0,0.0,0.0,NA,NA,NA,NA,NA,NA
Comoros,1994,0.0,0.0,0.0,0.0,0.0,0.0,NA,NA,NA,NA,NA,NA
Comoros,1995,0.0,0.0,0.0,0.0,0.0,0.0,NA,NA,NA,NA,NA,NA
Comoros,1996,0.0,0.0,0.0,0.0,0.0,0.0,NA,NA,NA,NA,NA,NA
Comoros,1997,0.0,0.0,0.0,0.0,0.0,0.0,NA,NA,NA,NA,NA,NA
Comoros,1998,0.0,0.0,0.0,0.0,0.0,0.0,NA,NA,NA,NA,NA,NA
Comoros,1999,0.0,0.0,0.0,0.0,0.0,0.0,NA,NA,NA,NA,NA,NA
Comoros,2000,0.0,0.0,0.0,0.0,0.0,0.0,NA,NA,NA,NA,NA,NA
Comoros,2001,0.0,0.0,0.0,0.0,0.0,0.0,NA,NA,NA,NA,NA,NA
Comoros,2002,0.0,0.0,0.0,0.0,0.0,0.0,NA,NA,NA,NA,NA,NA
Comoros,2003,0.0,0.0,0.0,0.0,0.0,0.0,NA,NA,NA,NA,NA,NA
Comoros,2004,0.0,0.0,0.0,0.0,0.0,0.0,NA,NA,NA,NA,NA,NA
Comoros,2005,0.0,0.0,0.0,0.0,0.0,0.0,NA,NA,NA,NA,NA,NA
Comoros,2006,0.0,0.0,0.0,0.0,0.0,0.0,NA,NA,NA,NA,NA,NA
Comoros,2007,0.0,0.0,0.0,0.0,0.0,0.0,NA,NA,NA,NA,NA,NA
Comoros,2008,0.0,0.0,0.0,0.0,0.0,0.0,NA,NA,NA,NA,NA,NA
Comoros,2009,0.0,0.0,0.0,0.0,0.0,0.0,NA,NA,NA,NA,NA,NA
Comoros,2010,0.0,0.0,0.0,0.0,0.0,0.0,NA,NA,NA,NA,NA,NA
Comoros,2011,0.0,0.0,0.0,0.0,0.0,0.0,NA,NA,NA,NA,NA,NA
Comoros,2012,0.0,0.0,0.0,0.0,0.0,0.0,NA,NA,NA,NA,NA,NA
Comoros,2013,0.0,0.0,0.0,0.0,0.0,0.0,NA,NA,NA,NA,NA,NA
Comoros,2014,0.0,0.0,0.0,0.0,0.0,0.0,NA,NA,NA,NA,NA,NA
Comoros,2015,0.0,0.0,0.0,0.0,0.0,0.0,NA,NA,NA,NA,NA,NA
Comoros,2016,0.0,0.0,0.0,0.0,0.0,0.0,NA,NA,NA,NA,NA,NA
Comoros,2017,0.0,0.0,0.0,0.0,0.0,0.0,NA,NA,NA,NA,NA,NA
Comoros,2018,0.0,0.0,0.0,0.0,0.0,0.0,NA,NA,NA,NA,NA,NA
Comoros,2019,0.0,0.0,0.0,0.0,0.0,0.0,NA,NA,NA,NA,NA,NA
Comoros,2020,0.0,0.0,0.0,0.0,0.0,0.0,NA,NA,NA,NA,NA,NA
Comoros,2021,0.0,0.0,0.0,0.0,0.0,0.0,NA,NA,NA,NA,NA,NA
Comoros,2022,0.0,0.0,0.0,0.0,0.0,0.0,NA,NA,NA,NA,NA,NA
Comoros,2023,0.0,0.0,0.0,0.0,0.0,0.0,NA,NA,NA,NA,NA,NA
Comoros,2024,0.0,0.0,0.0,0.0,0.0,0.0,NA,NA,NA,NA,NA,NA
Comoros,2025,0.0,0.0,0.0,0.0,0.0,0.0,NA,NA,NA,NA,NA,NA
"Congo, Dem. Rep.",1989,0.0,0.0,0.0,0.0,0.0,0.0,NA,NA,NA,NA,NA,NA
"Congo, Dem. Rep.",1990,0.0,0.0,0.0,0.0,0.0,0.0,NA,NA,NA,NA,NA,NA
"Congo, Dem. Rep.",1991,0.0,0.0,0.0,0.0,0.0,0.0,NA,NA,NA,NA,NA,NA
"Congo, Dem. Rep.",1992,0.0,0.0,0.0,0.0,0.0,0.0,NA,NA,NA,NA,NA,NA
"Congo, Dem. Rep.",1993,0.0,0.0,0.0,0.0,0.0,0.0,NA,NA,NA,NA,NA,NA
"Congo, Dem. Rep.",1994,0.0,0.0,0.0,0.0,0.0,0.0,NA,NA,NA,NA,NA,NA
"Congo, Dem. Rep.",1995,0.0,0.0,0.0,0.0,0.0,0.0,NA,NA,NA,NA,NA,NA
"Congo, Dem. Rep.",1996,0.0,0.0,0.0,0.0,0.0,0.0,NA,NA,NA,NA,NA,NA
"Congo, Dem. Rep.",1997,0.0,0.0,0.0,0.0,0.0,0.0,NA,NA,NA,NA,NA,NA
"Congo, Dem. Rep.",1998,0.0,0.0,0.0,0.0,0.0,0.0,NA,NA,NA,NA,NA,NA
"Congo, Dem. Rep.",1999,0.0,0.0,0.0,0.0,0.0,0.0,NA,NA,NA,NA,NA,NA
"Congo, Dem. Rep.",2000,0.0,0.0,0.0,0.0,0.0,0.0,NA,NA,NA,NA,NA,NA
"Congo, Dem. Rep.",2001,0.0,0.0,0.0,0.0,0.0,0.0,NA,NA,NA,NA,NA,NA
"Congo, Dem. Rep.",2002,0.0,0.0,0.0,0.0,0.0,0.0,NA,NA,NA,NA,NA,NA
"Congo, Dem. Rep.",2003,0.0,0.0,0.0,0.0,0.0,0.0,NA,NA,NA,NA,NA,NA
"Congo, Dem. Rep.",2004,0.0,0.0,0.0,0.0,0.0,0.0,NA,NA,NA,NA,NA,NA
"Congo, Dem. Rep.",2005,0.0,0.0,0.0,0.0,0.0,0.0,NA,NA,NA,NA,NA,NA
"Congo, Dem. Rep.",2006,0.0,0.0,0.0,0.0,0.0,0.0,NA,NA,NA,NA,NA,NA
"Congo, Dem. Rep.",2007,0.0,0.0,0.0,0.0,0.0,0.0,NA,NA,NA,NA,NA,NA
"Congo, Dem. Rep.",2008,0.0,0.0,0.0,0.0,0.0,0.0,NA,NA,NA,NA,NA,NA
"Congo, Dem. Rep.",2009,0.0,0.0,0.0,0.0,0.0,0.0,NA,NA,NA,NA,NA,NA
"Congo, Dem. Rep.",2010,0.0,0.0,0.0,0.0,0.0,0.0,NA,NA,NA,NA,NA,NA
"Congo, Dem. Rep.",2011,0.0,0.0,0.0,0.0,0.0,0.0,NA,NA,NA,NA,NA,NA
"Congo, Dem. Rep.",2012,0.0,0.0,0.0,0.0,0.0,0.0,NA,NA,NA,NA,NA,NA
"Congo, Dem. Rep.",2013,0.0,0.0,0.0,0.0,0.0,0.0,NA,NA,NA,NA,NA,NA
"Congo, Dem. Rep.",2014,0.0,0.0,0.0,0.0,0.0,0.0,NA,NA,NA,NA,NA,NA
"Congo, Dem. Rep.",2015,0.0,0.0,0.0,0.0,0.0,0.0,NA,NA,NA,NA,NA,NA
"Congo, Dem. Rep.",2016,0.0,0.0,0.0,0.0,0.0,0.0,NA,NA,NA,NA,NA,NA
"Congo, Dem. Rep.",2017,0.0,0.0,0.0,0.0,0.0,0.0,NA,NA,NA,NA,NA,NA
"Congo, Dem. Rep.",2018,0.0,0.0,0.0,0.0,0.0,0.0,NA,NA,NA,NA,NA,NA
"Congo, Dem. Rep.",2019,0.0,0.0,0.0,0.0,0.0,0.0,NA,NA,NA,NA,NA,NA
"Congo, Dem. Rep.",2020,0.0,0.0,0.0,0.0,0.0,0.0,NA,NA,NA,NA,NA,NA
"Congo, Dem. Rep.",2021,0.0,0.0,0.0,0.0,0.0,0.0,NA,NA,NA,NA,NA,NA
"Congo, Dem. Rep.",2022,0.0,0.0,0.0,0.0,0.0,0.0,NA,NA,NA,NA,NA,NA
"Congo, Dem. Rep.",2023,0.0,0.0,0.0,0.0,0.0,0.0,NA,NA,NA,NA,NA,NA
"Congo, Dem. Rep.",2024,0.0,0.0,0.0,0.0,0.0,0.0,NA,NA,NA,NA,NA,NA
"Congo, Dem. Rep.",2025,0.0,0.0,0.0,0.0,0.0,0.0,NA,NA,NA,NA,NA,NA
"Congo, Rep.",1989,0.0,0.0,0.0,0.0,0.0,0.0,NA,NA,NA,NA,NA,NA
"Congo, Rep.",1990,0.0,0.0,0.0,0.0,0.0,0.0,NA,NA,NA,NA,NA,NA
"Congo, Rep.",1991,0.0,0.0,0.0,0.0,0.0,0.0,NA,NA,NA,NA,NA,NA
"Congo, Rep.",1992,0.0,0.0,0.0,0.0,0.0,0.0,NA,NA,NA,NA,NA,NA
"Congo, Rep.",1993,0.0,0.0,0.0,0.0,0.0,0.0,NA,NA,NA,NA,NA,NA
"Congo, Rep.",1994,0.0,0.0,0.0,0.0,0.0,0.0,NA,NA,NA,NA,NA,NA
"Congo, Rep.",1995,0.0,0.0,0.0,0.0,0.0,0.0,NA,NA,NA,NA,NA,NA
"Congo, Rep.",1996,0.0,0.0,0.0,0.0,0.0,0.0,NA,NA,NA,NA,NA,NA
"Congo, Rep.",1997,0.0,0.0,0.0,0.0,0.0,0.0,NA,NA,NA,NA,NA,NA
"Congo, Rep.",1998,0.0,0.0,0.0,0.0,0.0,0.0,NA,NA,NA,NA,NA,NA
"Congo, Rep.",1999,0.0,0.0,0.0,0.0,0.0,0.0,NA,NA,NA,NA,NA,NA
"Congo, Rep.",2000,0.0,0.0,0.0,0.0,0.0,0.0,NA,NA,NA,NA,NA,NA
"Congo, Rep.",2001,0.0,0.0,0.0,0.0,0.0,0.0,NA,NA,NA,NA,NA,NA
"Congo, Rep.",2002,0.0,0.0,0.0,0.0,0.0,0.0,NA,NA,NA,NA,NA,NA
"Congo, Rep.",2003,0.0,0.0,0.0,0.0,0.0,0.0,NA,NA,NA,NA,NA,NA
"Congo, Rep.",2004,0.0,0.0,0.0,0.0,0.0,0.0,NA,NA,NA,NA,NA,NA
"Congo, Rep.",2005,0.0,0.0,0.0,0.0,0.0,0.0,NA,NA,NA,NA,NA,NA
"Congo, Rep.",2006,0.0,0.0,0.0,0.0,0.0,0.0,NA,NA,NA,NA,NA,NA
"Congo, Rep.",2007,0.0,0.0,0.0,0.0,0.0,0.0,NA,NA,NA,NA,NA,NA
"Congo, Rep.",2008,0.0,0.0,0.0,0.0,0.0,0.0,NA,NA,NA,NA,NA,NA
"Congo, Rep.",2009,0.0,0.0,0.0,0.0,0.0,0.0,NA,NA,NA,NA,NA,NA
"Congo, Rep.",2010,0.0,0.0,0.0,0.0,0.0,0.0,NA,NA,NA,NA,NA,NA
"Congo, Rep.",2011,0.0,0.0,0.0,0.0,0.0,0.0,NA,NA,NA,NA,NA,NA
"Congo, Rep.",2012,0.0,0.0,0.0,0.0,0.0,0.0,NA,NA,NA,NA,NA,NA
"Congo, Rep.",2013,0.0,0.0,0.0,0.0,0.0,0.0,NA,NA,NA,NA,NA,NA
"Congo, Rep.",2014,0.0,0.0,0.0,0.0,0.0,0.0,NA,NA,NA,NA,NA,NA
"Congo, Rep.",2015,0.0,0.0,0.0,0.0,0.0,0.0,NA,NA,NA,NA,NA,NA
"Congo, Rep.",2016,0.0,0.0,0.0,0.0,0.0,0.0,NA,NA,NA,NA,NA,NA
"Congo, Rep.",2017,0.0,0.0,0.0,0.0,0.0,0.0,NA,NA,NA,NA,NA,NA
"Congo, Rep.",2018,0.0,0.0,0.0,0.0,0.0,0.0,NA,NA,NA,NA,NA,NA
"Congo, Rep.",2019,0.0,0.0,0.0,0.0,0.0,0.0,NA,NA,NA,NA,NA,NA
"Congo, Rep.",2020,0.0,0.0,0.0,0.0,0.0,0.0,NA,NA,NA,NA,NA,NA
"Congo, Rep.",2021,0.0,0.0,0.0,0.0,0.0,0.0,NA,NA,NA,NA,NA,NA
"Congo, Rep.",2022,0.0,0.0,0.0,0.0,0.0,0.0,NA,NA,NA,NA,NA,NA
"Congo, Rep.",2023,0.0,0.0,0.0,0.0,0.0,0.0,NA,NA,NA,NA,NA,NA
"Congo, Rep.",2024,0.0,0.0,0.0,0.0,0.0,0.0,NA,NA,NA,NA,NA,NA
"Congo, Rep.",2025,0.0,0.0,0.0,0.0,0.0,0.0,NA,NA,NA,NA,NA,NA
Connecticut,1989,0.0,0.0,0.0,0.0,0.0,0.0,0.0,0.0,0.0,0.0,0.0,0.0
Connecticut,1990,0.0,0.0,0.0,0.0,0.0,0.0,0.0,0.0,0.0,0.0,0.0,0.0
Connecticut,1991,0.0,0.0,0.0,0.0,0.0,0.0,0.0,0.0,0.0,0.0,0.0,0.0
Connecticut,1992,0.0,0.0,0.0,0.0,0.0,0.0,0.0,0.0,0.0,0.0,0.0,0.0
Connecticut,1993,0.0,0.0,0.0,0.0,0.0,0.0,0.0,0.0,0.0,0.0,0.0,0.0
Connecticut,1994,0.0,0.0,0.0,0.0,0.0,0.0,0.0,0.0,0.0,0.0,0.0,0.0
Connecticut,1995,0.0,0.0,0.0,0.0,0.0,0.0,0.0,0.0,0.0,0.0,0.0,0.0
Connecticut,1996,0.0,0.0,0.0,0.0,0.0,0.0,0.0,0.0,0.0,0.0,0.0,0.0
Connecticut,1997,0.0,0.0,0.0,0.0,0.0,0.0,0.0,0.0,0.0,0.0,0.0,0.0
Connecticut,1998,0.0,0.0,0.0,0.0,0.0,0.0,0.0,0.0,0.0,0.0,0.0,0.0
Connecticut,1999,0.0,0.0,0.0,0.0,0.0,0.0,0.0,0.0,0.0,0.0,0.0,0.0
Connecticut,2000,0.0,0.0,0.0,0.0,0.0,0.0,0.0,0.0,0.0,0.0,0.0,0.0
Connecticut,2001,0.0,0.0,0.0,0.0,0.0,0.0,0.0,0.0,0.0,0.0,0.0,0.0
Connecticut,2002,0.0,0.0,0.0,0.0,0.0,0.0,0.0,0.0,0.0,0.0,0.0,0.0
Connecticut,2003,0.0,0.0,0.0,0.0,0.0,0.0,0.0,0.0,0.0,0.0,0.0,0.0
Connecticut,2004,0.0,0.0,0.0,0.0,0.0,0.0,0.0,0.0,0.0,0.0,0.0,0.0
Connecticut,2005,0.0,0.0,0.0,0.0,0.0,0.0,0.0,0.0,0.0,0.0,0.0,0.0
Connecticut,2006,0.0,0.0,0.0,0.0,0.0,0.0,0.0,0.0,0.0,0.0,0.0,0.0
Connecticut,2007,0.0,0.0,0.0,0.0,0.0,0.0,0.0,0.0,0.0,0.0,0.0,0.0
Connecticut,2008,0.0,0.0,0.0,0.0,0.0,0.0,0.0,0.0,0.0,0.0,0.0,0.0
Connecticut,2009,0.8092184798948563,0.0,0.8092184798948563,0.8701966894288882,0.0,0.8701966894288882,0.005039357806418509,0.0,0.005039357806418509,0.006171085434497564,0.0,0.006171085434497564
Connecticut,2010,0.5384402812062332,0.0,0.5384402812062332,0.5790141498272549,0.0,0.5790141498272549,0.003353103397662602,0.0,0.003353103397662602,0.004106135807885027,0.0,0.004106135807885027
Connecticut,2011,0.4681775968439198,0.0,0.4681775968439198,0.5034568598721164,0.0,0.5034568598721164,0.0029155468962500904,0.0,0.0029155468962500904,0.003570313852715008,0.0,0.003570313852715008
Connecticut,2012,0.5941412953218337,0.0,0.5941412953218337,0.6389124829542061,0.0,0.6389124829542061,0.003699978002337164,0.0,0.003699978002337164,0.004530910730153469,0.0,0.004530910730153469
Connecticut,2013,0.7605608691769637,0.0,0.7605608691769637,0.8178725114544415,0.0,0.8178725114544415,0.00473634555879319,0.0,0.00473634555879319,0.00580002337865122,0.0,0.00580002337865122
Connecticut,2014,1.1072282096110853,0.0,1.1072282096110853,1.1906627769685043,0.0,1.1906627769685043,0.006895194882740935,0.0,0.006895194882740935,0.008443702222276963,0.0,0.008443702222276963
Connecticut,2015,1.5629164772682038,0.0,1.5629164772682038,1.6806891811830162,0.0,1.6806891811830162,0.009732965257448148,0.0,0.009732965257448148,0.011918772677385272,0.0,0.011918772677385272
Connecticut,2016,1.0611999611813663,0.0,1.0611999611813663,1.1411660954184784,0.0,1.1411660954184784,0.006608556825401695,0.0,0.006608556825401695,0.008092691635498247,0.0,0.008092691635498247
Connecticut,2017,0.9025512768600177,0.0,0.9025512768600177,0.9705625275209383,0.0,0.9705625275209383,0.005620582000708254,0.0,0.005620582000708254,0.006882839649487146,0.0,0.006882839649487146
Connecticut,2018,1.0273517496039075,0.0,1.0273517496039075,1.1047672706392662,0.0,1.1047672706392662,0.006397769190808457,0.0,0.006397769190808457,0.007834565788598919,0.0,0.007834565788598919
Connecticut,2019,1.2176274537139002,0.0,1.2176274537139002,1.3093810948524507,0.0,1.3093810948524507,0.007582699316233989,0.0,0.007582699316233989,0.00928560485325858,0.0,0.00928560485325858
Connecticut,2020,1.6061784184281085,0.0,1.6061784184281085,1.7272111019138772,0.0,1.7272111019138772,0.010002376308136598,0.0,0.010002376308136598,0.012248687455152911,0.0,0.012248687455152911
Connecticut,2021,2.205454220370171,0.0,2.205454220370171,2.371644999385649,0.0,2.371644999385649,0.013734329131441913,0.0,0.013734329131441913,0.016818753839563737,0.0,0.016818753839563737
Connecticut,2022,2.6074265250502746,0.0,2.6074265250502746,2.80390770403888,0.0,2.80390770403888,0.01623758668410794,0.0,0.01623758668410794,0.01988418733634339,0.0,0.01988418733634339
Connecticut,2023,2.619379806569686,0.0,2.619379806569686,2.81676171845456,0.0,2.81676171845456,0.01631202500210704,0.0,0.01631202500210704,0.019975342844171722,0.0,0.019975342844171722
Connecticut,2024,3.8649948613572276,0.0,3.8649948613572276,4.1562394045298205,0.0,4.1562394045298205,0.024069015365144247,0.0,0.024069015365144247,0.02947438063504008,0.0,0.02947438063504008
Connecticut,2025,0.0,0.0,0.0,0.0,0.0,0.0,0.0,0.0,0.0,0.0,0.0,0.0
Costa Rica,1989,0.0,0.0,0.0,0.0,0.0,0.0,NA,NA,NA,NA,NA,NA
Costa Rica,1990,0.0,0.0,0.0,0.0,0.0,0.0,NA,NA,NA,NA,NA,NA
Costa Rica,1991,0.0,0.0,0.0,0.0,0.0,0.0,NA,NA,NA,NA,NA,NA
Costa Rica,1992,0.0,0.0,0.0,0.0,0.0,0.0,NA,NA,NA,NA,NA,NA
Costa Rica,1993,0.0,0.0,0.0,0.0,0.0,0.0,NA,NA,NA,NA,NA,NA
Costa Rica,1994,0.0,0.0,0.0,0.0,0.0,0.0,NA,NA,NA,NA,NA,NA
Costa Rica,1995,0.0,0.0,0.0,0.0,0.0,0.0,NA,NA,NA,NA,NA,NA
Costa Rica,1996,0.0,0.0,0.0,0.0,0.0,0.0,NA,NA,NA,NA,NA,NA
Costa Rica,1997,0.0,0.0,0.0,0.0,0.0,0.0,NA,NA,NA,NA,NA,NA
Costa Rica,1998,0.0,0.0,0.0,0.0,0.0,0.0,NA,NA,NA,NA,NA,NA
Costa Rica,1999,0.0,0.0,0.0,0.0,0.0,0.0,NA,NA,NA,NA,NA,NA
Costa Rica,2000,0.0,0.0,0.0,0.0,0.0,0.0,NA,NA,NA,NA,NA,NA
Costa Rica,2001,0.0,0.0,0.0,0.0,0.0,0.0,NA,NA,NA,NA,NA,NA
Costa Rica,2002,0.0,0.0,0.0,0.0,0.0,0.0,NA,NA,NA,NA,NA,NA
Costa Rica,2003,0.0,0.0,0.0,0.0,0.0,0.0,NA,NA,NA,NA,NA,NA
Costa Rica,2004,0.0,0.0,0.0,0.0,0.0,0.0,NA,NA,NA,NA,NA,NA
Costa Rica,2005,0.0,0.0,0.0,0.0,0.0,0.0,NA,NA,NA,NA,NA,NA
Costa Rica,2006,0.0,0.0,0.0,0.0,0.0,0.0,NA,NA,NA,NA,NA,NA
Costa Rica,2007,0.0,0.0,0.0,0.0,0.0,0.0,NA,NA,NA,NA,NA,NA
Costa Rica,2008,0.0,0.0,0.0,0.0,0.0,0.0,NA,NA,NA,NA,NA,NA
Costa Rica,2009,0.0,0.0,0.0,0.0,0.0,0.0,NA,NA,NA,NA,NA,NA
Costa Rica,2010,0.0,0.0,0.0,0.0,0.0,0.0,NA,NA,NA,NA,NA,NA
Costa Rica,2011,0.0,0.0,0.0,0.0,0.0,0.0,NA,NA,NA,NA,NA,NA
Costa Rica,2012,0.0,0.0,0.0,0.0,0.0,0.0,NA,NA,NA,NA,NA,NA
Costa Rica,2013,0.0,0.0,0.0,0.0,0.0,0.0,NA,NA,NA,NA,NA,NA
Costa Rica,2014,0.0,0.0,0.0,0.0,0.0,0.0,NA,NA,NA,NA,NA,NA
Costa Rica,2015,0.0,0.0,0.0,0.0,0.0,0.0,NA,NA,NA,NA,NA,NA
Costa Rica,2016,0.0,0.0,0.0,0.0,0.0,0.0,NA,NA,NA,NA,NA,NA
Costa Rica,2017,0.0,0.0,0.0,0.0,0.0,0.0,NA,NA,NA,NA,NA,NA
Costa Rica,2018,0.0,0.0,0.0,0.0,0.0,0.0,NA,NA,NA,NA,NA,NA
Costa Rica,2019,0.0,0.0,0.0,0.0,0.0,0.0,NA,NA,NA,NA,NA,NA
Costa Rica,2020,0.0,0.0,0.0,0.0,0.0,0.0,NA,NA,NA,NA,NA,NA
Costa Rica,2021,0.0,0.0,0.0,0.0,0.0,0.0,NA,NA,NA,NA,NA,NA
Costa Rica,2022,0.0,0.0,0.0,0.0,0.0,0.0,NA,NA,NA,NA,NA,NA
Costa Rica,2023,0.0,0.0,0.0,0.0,0.0,0.0,NA,NA,NA,NA,NA,NA
Costa Rica,2024,0.0,0.0,0.0,0.0,0.0,0.0,NA,NA,NA,NA,NA,NA
Costa Rica,2025,0.0,0.0,0.0,0.0,0.0,0.0,NA,NA,NA,NA,NA,NA
Cote d'Ivoire,1989,0.0,0.0,0.0,0.0,0.0,0.0,NA,NA,NA,NA,NA,NA
Cote d'Ivoire,1990,0.0,0.0,0.0,0.0,0.0,0.0,NA,NA,NA,NA,NA,NA
Cote d'Ivoire,1991,0.0,0.0,0.0,0.0,0.0,0.0,NA,NA,NA,NA,NA,NA
Cote d'Ivoire,1992,0.0,0.0,0.0,0.0,0.0,0.0,NA,NA,NA,NA,NA,NA
Cote d'Ivoire,1993,0.0,0.0,0.0,0.0,0.0,0.0,NA,NA,NA,NA,NA,NA
Cote d'Ivoire,1994,0.0,0.0,0.0,0.0,0.0,0.0,NA,NA,NA,NA,NA,NA
Cote d'Ivoire,1995,0.0,0.0,0.0,0.0,0.0,0.0,NA,NA,NA,NA,NA,NA
Cote d'Ivoire,1996,0.0,0.0,0.0,0.0,0.0,0.0,NA,NA,NA,NA,NA,NA
Cote d'Ivoire,1997,0.0,0.0,0.0,0.0,0.0,0.0,NA,NA,NA,NA,NA,NA
Cote d'Ivoire,1998,0.0,0.0,0.0,0.0,0.0,0.0,NA,NA,NA,NA,NA,NA
Cote d'Ivoire,1999,0.0,0.0,0.0,0.0,0.0,0.0,NA,NA,NA,NA,NA,NA
Cote d'Ivoire,2000,0.0,0.0,0.0,0.0,0.0,0.0,NA,NA,NA,NA,NA,NA
Cote d'Ivoire,2001,0.0,0.0,0.0,0.0,0.0,0.0,NA,NA,NA,NA,NA,NA
Cote d'Ivoire,2002,0.0,0.0,0.0,0.0,0.0,0.0,NA,NA,NA,NA,NA,NA
Cote d'Ivoire,2003,0.0,0.0,0.0,0.0,0.0,0.0,NA,NA,NA,NA,NA,NA
Cote d'Ivoire,2004,0.0,0.0,0.0,0.0,0.0,0.0,NA,NA,NA,NA,NA,NA
Cote d'Ivoire,2005,0.0,0.0,0.0,0.0,0.0,0.0,NA,NA,NA,NA,NA,NA
Cote d'Ivoire,2006,0.0,0.0,0.0,0.0,0.0,0.0,NA,NA,NA,NA,NA,NA
Cote d'Ivoire,2007,0.0,0.0,0.0,0.0,0.0,0.0,NA,NA,NA,NA,NA,NA
Cote d'Ivoire,2008,0.0,0.0,0.0,0.0,0.0,0.0,NA,NA,NA,NA,NA,NA
Cote d'Ivoire,2009,0.0,0.0,0.0,0.0,0.0,0.0,NA,NA,NA,NA,NA,NA
Cote d'Ivoire,2010,0.0,0.0,0.0,0.0,0.0,0.0,NA,NA,NA,NA,NA,NA
Cote d'Ivoire,2011,0.0,0.0,0.0,0.0,0.0,0.0,NA,NA,NA,NA,NA,NA
Cote d'Ivoire,2012,0.0,0.0,0.0,0.0,0.0,0.0,NA,NA,NA,NA,NA,NA
Cote d'Ivoire,2013,0.0,0.0,0.0,0.0,0.0,0.0,NA,NA,NA,NA,NA,NA
Cote d'Ivoire,2014,0.0,0.0,0.0,0.0,0.0,0.0,NA,NA,NA,NA,NA,NA
Cote d'Ivoire,2015,0.0,0.0,0.0,0.0,0.0,0.0,NA,NA,NA,NA,NA,NA
Cote d'Ivoire,2016,0.0,0.0,0.0,0.0,0.0,0.0,NA,NA,NA,NA,NA,NA
Cote d'Ivoire,2017,0.0,0.0,0.0,0.0,0.0,0.0,NA,NA,NA,NA,NA,NA
Cote d'Ivoire,2018,0.0,0.0,0.0,0.0,0.0,0.0,NA,NA,NA,NA,NA,NA
Cote d'Ivoire,2019,0.0,0.0,0.0,0.0,0.0,0.0,NA,NA,NA,NA,NA,NA
Cote d'Ivoire,2020,0.0,0.0,0.0,0.0,0.0,0.0,NA,NA,NA,NA,NA,NA
Cote d'Ivoire,2021,0.0,0.0,0.0,0.0,0.0,0.0,NA,NA,NA,NA,NA,NA
Cote d'Ivoire,2022,0.0,0.0,0.0,0.0,0.0,0.0,NA,NA,NA,NA,NA,NA
Cote d'Ivoire,2023,0.0,0.0,0.0,0.0,0.0,0.0,NA,NA,NA,NA,NA,NA
Cote d'Ivoire,2024,0.0,0.0,0.0,0.0,0.0,0.0,NA,NA,NA,NA,NA,NA
Cote d'Ivoire,2025,0.0,0.0,0.0,0.0,0.0,0.0,NA,NA,NA,NA,NA,NA
Croatia,1989,0.0,0.0,0.0,0.0,0.0,0.0,NA,NA,NA,NA,NA,NA
Croatia,1990,0.0,0.0,0.0,0.0,0.0,0.0,NA,NA,NA,NA,NA,NA
Croatia,1991,0.0,0.0,0.0,0.0,0.0,0.0,NA,NA,NA,NA,NA,NA
Croatia,1992,0.0,0.0,0.0,0.0,0.0,0.0,NA,NA,NA,NA,NA,NA
Croatia,1993,0.0,0.0,0.0,0.0,0.0,0.0,NA,NA,NA,NA,NA,NA
Croatia,1994,0.0,0.0,0.0,0.0,0.0,0.0,NA,NA,NA,NA,NA,NA
Croatia,1995,0.0,0.0,0.0,0.0,0.0,0.0,NA,NA,NA,NA,NA,NA
Croatia,1996,0.0,0.0,0.0,0.0,0.0,0.0,NA,NA,NA,NA,NA,NA
Croatia,1997,0.0,0.0,0.0,0.0,0.0,0.0,NA,NA,NA,NA,NA,NA
Croatia,1998,0.0,0.0,0.0,0.0,0.0,0.0,NA,NA,NA,NA,NA,NA
Croatia,1999,0.0,0.0,0.0,0.0,0.0,0.0,NA,NA,NA,NA,NA,NA
Croatia,2000,0.0,0.0,0.0,0.0,0.0,0.0,NA,NA,NA,NA,NA,NA
Croatia,2001,0.0,0.0,0.0,0.0,0.0,0.0,NA,NA,NA,NA,NA,NA
Croatia,2002,0.0,0.0,0.0,0.0,0.0,0.0,NA,NA,NA,NA,NA,NA
Croatia,2003,0.0,0.0,0.0,0.0,0.0,0.0,NA,NA,NA,NA,NA,NA
Croatia,2004,0.0,0.0,0.0,0.0,0.0,0.0,NA,NA,NA,NA,NA,NA
Croatia,2005,0.0,0.0,0.0,0.0,0.0,0.0,NA,NA,NA,NA,NA,NA
Croatia,2006,0.0,0.0,0.0,0.0,0.0,0.0,NA,NA,NA,NA,NA,NA
Croatia,2007,0.0,0.0,0.0,0.0,0.0,0.0,NA,NA,NA,NA,NA,NA
Croatia,2008,0.0,0.0,0.0,0.0,0.0,0.0,NA,NA,NA,NA,NA,NA
Croatia,2009,0.0,0.0,0.0,0.0,0.0,0.0,NA,NA,NA,NA,NA,NA
Croatia,2010,0.0,0.0,0.0,0.0,0.0,0.0,NA,NA,NA,NA,NA,NA
Croatia,2011,0.0,0.0,0.0,0.0,0.0,0.0,NA,NA,NA,NA,NA,NA
Croatia,2012,0.0,0.0,0.0,0.0,0.0,0.0,NA,NA,NA,NA,NA,NA
Croatia,2013,2.113749344447165,0.0,2.113749344447165,2.902358032759209,0.0,2.902358032759209,NA,NA,NA,NA,NA,NA
Croatia,2014,2.8100477521847957,0.0,2.8100477521847957,3.8584351013121565,0.0,3.8584351013121565,NA,NA,NA,NA,NA,NA
Croatia,2015,3.622581363710894,0.0,3.622581363710894,4.974113012931525,0.0,4.974113012931525,NA,NA,NA,NA,NA,NA
Croatia,2016,2.523161680102024,0.0,2.523161680102024,3.464516069245494,0.0,3.464516069245494,NA,NA,NA,NA,NA,NA
Croatia,2017,2.7160864238016647,0.0,2.7160864238016647,3.72941818787447,0.0,3.72941818787447,NA,NA,NA,NA,NA,NA
Croatia,2018,7.223910589317182,0.0,7.223910589317182,9.91904502864441,0.0,9.91904502864441,NA,NA,NA,NA,NA,NA
Croatia,2019,11.139496405069169,0.0,11.139496405069169,15.295478130875878,0.0,15.295478130875878,NA,NA,NA,NA,NA,NA
Croatia,2020,10.997420076788293,0.0,10.997420076788293,15.100395221100317,0.0,15.100395221100317,NA,NA,NA,NA,NA,NA
Croatia,2021,23.30426051872114,0.0,23.30426051872114,31.998736222772724,0.0,31.998736222772724,NA,NA,NA,NA,NA,NA
Croatia,2022,32.60488757340951,0.0,32.60488757340951,44.7692899844026,0.0,44.7692899844026,NA,NA,NA,NA,NA,NA
Croatia,2023,30.217408207814383,0.0,30.217408207814383,41.49107729897456,0.0,41.49107729897456,NA,NA,NA,NA,NA,NA
Croatia,2024,23.39307586023712,0.0,23.39307586023712,32.12068725758124,0.0,32.12068725758124,NA,NA,NA,NA,NA,NA
Croatia,2025,26.09324750753525,0.0,26.09324750753525,35.82825310068932,0.0,35.82825310068932,NA,NA,NA,NA,NA,NA
Cuba,1989,0.0,0.0,0.0,0.0,0.0,0.0,NA,NA,NA,NA,NA,NA
Cuba,1990,0.0,0.0,0.0,0.0,0.0,0.0,NA,NA,NA,NA,NA,NA
Cuba,1991,0.0,0.0,0.0,0.0,0.0,0.0,NA,NA,NA,NA,NA,NA
Cuba,1992,0.0,0.0,0.0,0.0,0.0,0.0,NA,NA,NA,NA,NA,NA
Cuba,1993,0.0,0.0,0.0,0.0,0.0,0.0,NA,NA,NA,NA,NA,NA
Cuba,1994,0.0,0.0,0.0,0.0,0.0,0.0,NA,NA,NA,NA,NA,NA
Cuba,1995,0.0,0.0,0.0,0.0,0.0,0.0,NA,NA,NA,NA,NA,NA
Cuba,1996,0.0,0.0,0.0,0.0,0.0,0.0,NA,NA,NA,NA,NA,NA
Cuba,1997,0.0,0.0,0.0,0.0,0.0,0.0,NA,NA,NA,NA,NA,NA
Cuba,1998,0.0,0.0,0.0,0.0,0.0,0.0,NA,NA,NA,NA,NA,NA
Cuba,1999,0.0,0.0,0.0,0.0,0.0,0.0,NA,NA,NA,NA,NA,NA
Cuba,2000,0.0,0.0,0.0,0.0,0.0,0.0,NA,NA,NA,NA,NA,NA
Cuba,2001,0.0,0.0,0.0,0.0,0.0,0.0,NA,NA,NA,NA,NA,NA
Cuba,2002,0.0,0.0,0.0,0.0,0.0,0.0,NA,NA,NA,NA,NA,NA
Cuba,2003,0.0,0.0,0.0,0.0,0.0,0.0,NA,NA,NA,NA,NA,NA
Cuba,2004,0.0,0.0,0.0,0.0,0.0,0.0,NA,NA,NA,NA,NA,NA
Cuba,2005,0.0,0.0,0.0,0.0,0.0,0.0,NA,NA,NA,NA,NA,NA
Cuba,2006,0.0,0.0,0.0,0.0,0.0,0.0,NA,NA,NA,NA,NA,NA
Cuba,2007,0.0,0.0,0.0,0.0,0.0,0.0,NA,NA,NA,NA,NA,NA
Cuba,2008,0.0,0.0,0.0,0.0,0.0,0.0,NA,NA,NA,NA,NA,NA
Cuba,2009,0.0,0.0,0.0,0.0,0.0,0.0,NA,NA,NA,NA,NA,NA
Cuba,2010,0.0,0.0,0.0,0.0,0.0,0.0,NA,NA,NA,NA,NA,NA
Cuba,2011,0.0,0.0,0.0,0.0,0.0,0.0,NA,NA,NA,NA,NA,NA
Cuba,2012,0.0,0.0,0.0,0.0,0.0,0.0,NA,NA,NA,NA,NA,NA
Cuba,2013,0.0,0.0,0.0,0.0,0.0,0.0,NA,NA,NA,NA,NA,NA
Cuba,2014,0.0,0.0,0.0,0.0,0.0,0.0,NA,NA,NA,NA,NA,NA
Cuba,2015,0.0,0.0,0.0,0.0,0.0,0.0,NA,NA,NA,NA,NA,NA
Cuba,2016,0.0,0.0,0.0,0.0,0.0,0.0,NA,NA,NA,NA,NA,NA
Cuba,2017,0.0,0.0,0.0,0.0,0.0,0.0,NA,NA,NA,NA,NA,NA
Cuba,2018,0.0,0.0,0.0,0.0,0.0,0.0,NA,NA,NA,NA,NA,NA
Cuba,2019,0.0,0.0,0.0,0.0,0.0,0.0,NA,NA,NA,NA,NA,NA
Cuba,2020,0.0,0.0,0.0,0.0,0.0,0.0,NA,NA,NA,NA,NA,NA
Cuba,2021,0.0,0.0,0.0,0.0,0.0,0.0,NA,NA,NA,NA,NA,NA
Cuba,2022,0.0,0.0,0.0,0.0,0.0,0.0,NA,NA,NA,NA,NA,NA
Cuba,2023,0.0,0.0,0.0,0.0,0.0,0.0,NA,NA,NA,NA,NA,NA
Cuba,2024,0.0,0.0,0.0,0.0,0.0,0.0,NA,NA,NA,NA,NA,NA
Cuba,2025,0.0,0.0,0.0,0.0,0.0,0.0,NA,NA,NA,NA,NA,NA
Cyprus,1989,0.0,0.0,0.0,0.0,0.0,0.0,NA,NA,NA,NA,NA,NA
Cyprus,1990,0.0,0.0,0.0,0.0,0.0,0.0,NA,NA,NA,NA,NA,NA
Cyprus,1991,0.0,0.0,0.0,0.0,0.0,0.0,NA,NA,NA,NA,NA,NA
Cyprus,1992,0.0,0.0,0.0,0.0,0.0,0.0,NA,NA,NA,NA,NA,NA
Cyprus,1993,0.0,0.0,0.0,0.0,0.0,0.0,NA,NA,NA,NA,NA,NA
Cyprus,1994,0.0,0.0,0.0,0.0,0.0,0.0,NA,NA,NA,NA,NA,NA
Cyprus,1995,0.0,0.0,0.0,0.0,0.0,0.0,NA,NA,NA,NA,NA,NA
Cyprus,1996,0.0,0.0,0.0,0.0,0.0,0.0,NA,NA,NA,NA,NA,NA
Cyprus,1997,0.0,0.0,0.0,0.0,0.0,0.0,NA,NA,NA,NA,NA,NA
Cyprus,1998,0.0,0.0,0.0,0.0,0.0,0.0,NA,NA,NA,NA,NA,NA
Cyprus,1999,0.0,0.0,0.0,0.0,0.0,0.0,NA,NA,NA,NA,NA,NA
Cyprus,2000,0.0,0.0,0.0,0.0,0.0,0.0,NA,NA,NA,NA,NA,NA
Cyprus,2001,0.0,0.0,0.0,0.0,0.0,0.0,NA,NA,NA,NA,NA,NA
Cyprus,2002,0.0,0.0,0.0,0.0,0.0,0.0,NA,NA,NA,NA,NA,NA
Cyprus,2003,0.0,0.0,0.0,0.0,0.0,0.0,NA,NA,NA,NA,NA,NA
Cyprus,2004,0.0,0.0,0.0,0.0,0.0,0.0,NA,NA,NA,NA,NA,NA
Cyprus,2005,15.007744827806414,0.0,15.007744827806414,18.288002083814177,0.0,18.288002083814177,NA,NA,NA,NA,NA,NA
Cyprus,2006,12.182430747795305,0.0,12.182430747795305,14.84515638144459,0.0,14.84515638144459,NA,NA,NA,NA,NA,NA
Cyprus,2007,0.4455220601005668,0.0,0.4455220601005668,0.542900246305377,0.0,0.542900246305377,NA,NA,NA,NA,NA,NA
Cyprus,2008,11.201702348470542,0.0,11.201702348470542,13.650069230357378,0.0,13.650069230357378,NA,NA,NA,NA,NA,NA
Cyprus,2009,8.453157336250896,0.0,8.453157336250896,10.300772084939634,0.0,10.300772084939634,NA,NA,NA,NA,NA,NA
Cyprus,2010,9.047971716484048,0.0,9.047971716484048,11.025595617721972,0.0,11.025595617721972,NA,NA,NA,NA,NA,NA
Cyprus,2011,8.034765382297248,0.0,8.034765382297248,9.790931798237892,0.0,9.790931798237892,NA,NA,NA,NA,NA,NA
Cyprus,2012,4.888940079032539,0.0,4.888940079032539,5.957520425542713,0.0,5.957520425542713,NA,NA,NA,NA,NA,NA
Cyprus,2013,2.9892183673091615,0.0,2.9892183673091615,3.6425747077627952,0.0,3.6425747077627952,NA,NA,NA,NA,NA,NA
Cyprus,2014,4.032908100548557,0.0,4.032908100548557,4.914384712219499,0.0,4.914384712219499,NA,NA,NA,NA,NA,NA
Cyprus,2015,5.245061581314424,0.0,5.245061581314424,6.391479747915738,0.0,6.391479747915738,NA,NA,NA,NA,NA,NA
Cyprus,2016,3.6749076506861096,0.0,3.6749076506861096,4.47813575888173,0.0,4.47813575888173,NA,NA,NA,NA,NA,NA
Cyprus,2017,3.964168861955171,0.0,3.964168861955171,4.830621071975131,0.0,4.830621071975131,NA,NA,NA,NA,NA,NA
Cyprus,2018,10.647753459824289,0.0,10.647753459824289,12.975043199056582,0.0,12.975043199056582,NA,NA,NA,NA,NA,NA
Cyprus,2019,16.52257535796612,0.0,16.52257535796612,20.13393058340176,0.0,20.13393058340176,NA,NA,NA,NA,NA,NA
Cyprus,2020,16.64392985901879,0.0,16.64392985901879,20.28180965474761,0.0,20.28180965474761,NA,NA,NA,NA,NA,NA
Cyprus,2021,34.94004598113781,0.0,34.94004598113781,42.57692551699704,0.0,42.57692551699704,NA,NA,NA,NA,NA,NA
Cyprus,2022,49.49123324349098,0.0,49.49123324349098,60.30857980810889,0.0,60.30857980810889,NA,NA,NA,NA,NA,NA
Cyprus,2023,49.361815412662864,0.0,49.361815412662864,60.15087499722471,0.0,60.15087499722471,NA,NA,NA,NA,NA,NA
Cyprus,2024,38.21388931195053,0.0,38.21388931195053,46.56633594094382,0.0,46.56633594094382,NA,NA,NA,NA,NA,NA
Cyprus,2025,42.624769739543524,0.0,42.624769739543524,51.94130675613366,0.0,51.94130675613366,NA,NA,NA,NA,NA,NA
Czech Republic,1989,0.0,0.0,0.0,0.0,0.0,0.0,NA,NA,NA,NA,NA,NA
Czech Republic,1990,0.0,0.0,0.0,0.0,0.0,0.0,NA,NA,NA,NA,NA,NA
Czech Republic,1991,0.0,0.0,0.0,0.0,0.0,0.0,NA,NA,NA,NA,NA,NA
Czech Republic,1992,0.0,0.0,0.0,0.0,0.0,0.0,NA,NA,NA,NA,NA,NA
Czech Republic,1993,0.0,0.0,0.0,0.0,0.0,0.0,NA,NA,NA,NA,NA,NA
Czech Republic,1994,0.0,0.0,0.0,0.0,0.0,0.0,NA,NA,NA,NA,NA,NA
Czech Republic,1995,0.0,0.0,0.0,0.0,0.0,0.0,NA,NA,NA,NA,NA,NA
Czech Republic,1996,0.0,0.0,0.0,0.0,0.0,0.0,NA,NA,NA,NA,NA,NA
Czech Republic,1997,0.0,0.0,0.0,0.0,0.0,0.0,NA,NA,NA,NA,NA,NA
Czech Republic,1998,0.0,0.0,0.0,0.0,0.0,0.0,NA,NA,NA,NA,NA,NA
Czech Republic,1999,0.0,0.0,0.0,0.0,0.0,0.0,NA,NA,NA,NA,NA,NA
Czech Republic,2000,0.0,0.0,0.0,0.0,0.0,0.0,NA,NA,NA,NA,NA,NA
Czech Republic,2001,0.0,0.0,0.0,0.0,0.0,0.0,NA,NA,NA,NA,NA,NA
Czech Republic,2002,0.0,0.0,0.0,0.0,0.0,0.0,NA,NA,NA,NA,NA,NA
Czech Republic,2003,0.0,0.0,0.0,0.0,0.0,0.0,NA,NA,NA,NA,NA,NA
Czech Republic,2004,0.0,0.0,0.0,0.0,0.0,0.0,NA,NA,NA,NA,NA,NA
Czech Republic,2005,17.55735179698524,0.0,17.55735179698524,21.461152558175364,0.0,21.461152558175364,NA,NA,NA,NA,NA,NA
Czech Republic,2006,14.592183807853923,0.0,14.592183807853923,17.836692371287032,0.0,17.836692371287032,NA,NA,NA,NA,NA,NA
Czech Republic,2007,0.5366238469917102,0.0,0.5366238469917102,0.6559398239443801,0.0,0.6559398239443801,NA,NA,NA,NA,NA,NA
Czech Republic,2008,13.85043887775855,0.0,13.85043887775855,16.930023684112737,0.0,16.930023684112737,NA,NA,NA,NA,NA,NA
Czech Republic,2009,10.209416710503612,0.0,10.209416710503612,12.479436083961442,0.0,12.479436083961442,NA,NA,NA,NA,NA,NA
Czech Republic,2010,11.187584498169892,0.0,11.187584498169892,13.675095222158102,0.0,13.675095222158102,NA,NA,NA,NA,NA,NA
Czech Republic,2011,10.117725372359967,0.0,10.117725372359967,12.367357575828919,0.0,12.367357575828919,NA,NA,NA,NA,NA,NA
Czech Republic,2012,5.738727625574316,0.0,5.738727625574316,7.014708737761553,0.0,7.014708737761553,NA,NA,NA,NA,NA,NA
Czech Republic,2013,3.432251905037413,0.0,3.432251905037413,4.195398178713036,0.0,4.195398178713036,NA,NA,NA,NA,NA,NA
Czech Republic,2014,4.4482558078489225,0.0,4.4482558078489225,5.437306127591947,0.0,5.437306127591947,NA,NA,NA,NA,NA,NA
Czech Republic,2015,5.67159629542792,0.0,5.67159629542792,6.932651048517528,0.0,6.932651048517528,NA,NA,NA,NA,NA,NA
Czech Republic,2016,3.89286496808903,0.0,3.89286496808903,4.758426551712693,0.0,4.758426551712693,NA,NA,NA,NA,NA,NA
Czech Republic,2017,4.171892520838018,0.0,4.171892520838018,5.099494666467253,0.0,5.099494666467253,NA,NA,NA,NA,NA,NA
Czech Republic,2018,11.010866173965413,0.0,11.010866173965413,13.459084347657733,0.0,13.459084347657733,NA,NA,NA,NA,NA,NA
Czech Republic,2019,16.676126837170894,0.0,16.676126837170894,20.38399106370129,0.0,20.38399106370129,NA,NA,NA,NA,NA,NA
Czech Republic,2020,15.878581726770589,0.0,15.878581726770589,19.409115268977693,0.0,19.409115268977693,NA,NA,NA,NA,NA,NA
Czech Republic,2021,33.01600789059316,0.0,33.01600789059316,40.3569735570035,0.0,40.3569735570035,NA,NA,NA,NA,NA,NA
Czech Republic,2022,45.91273083085579,0.0,45.91273083085579,56.1212267155591,0.0,56.1212267155591,NA,NA,NA,NA,NA,NA
Czech Republic,2023,43.959763668269524,0.0,43.959763668269524,53.73402580382663,0.0,53.73402580382663,NA,NA,NA,NA,NA,NA
Czech Republic,2024,34.031842811190764,0.0,34.031842811190764,41.598674951208665,0.0,41.598674951208665,NA,NA,NA,NA,NA,NA
Czech Republic,2025,37.96000589727211,0.0,37.96000589727211,46.400248003829304,0.0,46.400248003829304,NA,NA,NA,NA,NA,NA
Delaware,1989,0.0,0.0,0.0,0.0,0.0,0.0,0.0,0.0,0.0,0.0,0.0,0.0
Delaware,1990,0.0,0.0,0.0,0.0,0.0,0.0,0.0,0.0,0.0,0.0,0.0,0.0
Delaware,1991,0.0,0.0,0.0,0.0,0.0,0.0,0.0,0.0,0.0,0.0,0.0,0.0
Delaware,1992,0.0,0.0,0.0,0.0,0.0,0.0,0.0,0.0,0.0,0.0,0.0,0.0
Delaware,1993,0.0,0.0,0.0,0.0,0.0,0.0,0.0,0.0,0.0,0.0,0.0,0.0
Delaware,1994,0.0,0.0,0.0,0.0,0.0,0.0,0.0,0.0,0.0,0.0,0.0,0.0
Delaware,1995,0.0,0.0,0.0,0.0,0.0,0.0,0.0,0.0,0.0,0.0,0.0,0.0
Delaware,1996,0.0,0.0,0.0,0.0,0.0,0.0,0.0,0.0,0.0,0.0,0.0,0.0
Delaware,1997,0.0,0.0,0.0,0.0,0.0,0.0,0.0,0.0,0.0,0.0,0.0,0.0
Delaware,1998,0.0,0.0,0.0,0.0,0.0,0.0,0.0,0.0,0.0,0.0,0.0,0.0
Delaware,1999,0.0,0.0,0.0,0.0,0.0,0.0,0.0,0.0,0.0,0.0,0.0,0.0
Delaware,2000,0.0,0.0,0.0,0.0,0.0,0.0,0.0,0.0,0.0,0.0,0.0,0.0
Delaware,2001,0.0,0.0,0.0,0.0,0.0,0.0,0.0,0.0,0.0,0.0,0.0,0.0
Delaware,2002,0.0,0.0,0.0,0.0,0.0,0.0,0.0,0.0,0.0,0.0,0.0,0.0
Delaware,2003,0.0,0.0,0.0,0.0,0.0,0.0,0.0,0.0,0.0,0.0,0.0,0.0
Delaware,2004,0.0,0.0,0.0,0.0,0.0,0.0,0.0,0.0,0.0,0.0,0.0,0.0
Delaware,2005,0.0,0.0,0.0,0.0,0.0,0.0,0.0,0.0,0.0,0.0,0.0,0.0
Delaware,2006,0.0,0.0,0.0,0.0,0.0,0.0,0.0,0.0,0.0,0.0,0.0,0.0
Delaware,2007,0.0,0.0,0.0,0.0,0.0,0.0,0.0,0.0,0.0,0.0,0.0,0.0
Delaware,2008,0.0,0.0,0.0,0.0,0.0,0.0,0.0,0.0,0.0,0.0,0.0,0.0
Delaware,2009,0.7232750168780203,0.0,0.7232750168780203,0.791293026281253,0.0,0.791293026281253,0.002209265817923273,0.0,0.002209265817923273,0.002705417760285827,0.0,0.002705417760285827
Delaware,2010,0.48125495543285823,0.0,0.48125495543285823,0.5265129877443836,0.0,0.5265129877443836,0.0014700080853522872,0.0,0.0014700080853522872,0.0018001391908621656,0.0,0.0018001391908621656
Delaware,2011,0.4184545554411893,0.0,0.4184545554411893,0.4578067316157253,0.0,0.4578067316157253,0.0012781823291518597,0.0,0.0012781823291518597,0.0015652336383050133,0.0,0.0015652336383050133
Delaware,2012,0.5310402148226566,0.0,0.5310402148226566,0.5809801373727449,0.0,0.5809801373727449,0.0016220786936820017,0.0,0.0016220786936820017,0.0019863614739640753,0.0,0.0019863614739640753
Delaware,2013,0.6797851126215079,0.0,0.6797851126215079,0.7437132576610664,0.0,0.7437132576610664,0.002076424565762516,0.0,0.002076424565762516,0.0025427433188588778,0.0,0.0025427433188588778
Delaware,2014,0.9896344706541202,0.0,0.9896344706541202,1.082701374888236,0.0,1.082701374888236,0.0030228689740896563,0.0,0.0030228689740896563,0.003701738081118121,0.0,0.003701738081118121
Delaware,2015,1.3969261325099425,0.0,1.3969261325099425,1.5282954354713734,0.0,1.5282954354713734,0.00426695390093704,0.0,0.00426695390093704,0.005225216799292765,0.0,0.005225216799292765
Delaware,2016,0.9484946759176032,0.0,0.9484946759176032,1.037692724073551,0.0,1.037692724073551,0.0028972062038475936,0.0,0.0028972062038475936,0.003547854248914005,0.0,0.003547854248914005
Delaware,2017,0.8066953563505211,0.0,0.8066953563505211,0.8825583559749747,0.0,0.8825583559749747,0.0024640758144190227,0.0,0.0024640758144190227,0.0030174524119901567,0.0,0.0030174524119901567
Delaware,2018,0.918241330982675,0.0,0.918241330982675,1.0045943032653466,0.0,1.0045943032653466,0.002804796429857223,0.0,0.002804796429857223,0.003434691295977651,0.0,0.003434691295977651
Delaware,2019,1.088308706507161,0.0,1.088308706507161,1.190655103251718,0.0,1.190655103251718,0.0033242724669419296,0.0,0.0033242724669419296,0.00407083009166723,0.0,0.00407083009166723
Delaware,2020,1.4355934170567208,0.0,1.4355934170567208,1.5705990570442152,0.0,1.5705990570442152,0.0043850643126444,0.0,0.0043850643126444,0.0053698521812895455,0.0,0.0053698521812895455
Delaware,2021,1.9712228255948854,0.0,1.9712228255948854,2.1565999636936453,0.0,2.1565999636936453,0.0060211608398902695,0.0,0.0060211608398902695,0.007373379582312624,0.0,0.007373379582312624
Delaware,2022,2.330503455826878,0.0,2.330503455826878,2.549667953802939,0.0,2.549667953802939,0.007118594591770208,0.0,0.007118594591770208,0.008717272534888151,0.0,0.008717272534888151
Delaware,2023,2.3411872329618526,0.0,2.3411872329618526,2.5613564514614646,0.0,2.5613564514614646,0.007151228518118851,0.0,0.007151228518118851,0.008757235314928113,0.0,0.008757235314928113
Delaware,2024,3.4545111030396027,0.0,3.4545111030396027,3.779379186696565,0.0,3.779379186696565,0.010551910572723314,0.0,0.010551910572723314,0.012921634887389039,0.0,0.012921634887389039
Delaware,2025,0.0,0.0,0.0,0.0,0.0,0.0,0.0,0.0,0.0,0.0,0.0,0.0
Denmark,1989,0.0,0.0,0.0,0.0,0.0,0.0,NA,NA,NA,NA,NA,NA
Denmark,1990,0.0,0.0,0.0,0.0,0.0,0.0,NA,NA,NA,NA,NA,NA
Denmark,1991,0.0,0.0,0.0,0.0,0.0,0.0,NA,NA,NA,NA,NA,NA
Denmark,1992,0.0,7.366299513897195,7.366299513897195,0.0,10.494852354918352,10.494852354918352,NA,NA,NA,NA,NA,NA
Denmark,1993,0.0,7.324012288419986,7.324012288419986,0.0,10.43460525431578,10.43460525431578,NA,NA,NA,NA,NA,NA
Denmark,1994,0.0,7.210962661201976,7.210962661201976,0.0,10.27354213922071,10.27354213922071,NA,NA,NA,NA,NA,NA
Denmark,1995,0.0,7.119890667605743,7.119890667605743,0.0,10.143790813652512,10.143790813652512,NA,NA,NA,NA,NA,NA
Denmark,1996,0.0,9.635994586154604,9.635994586154604,0.0,13.728513249250497,13.728513249250497,NA,NA,NA,NA,NA,NA
Denmark,1997,0.0,9.44583401718028,9.44583401718028,0.0,13.457589281069769,13.457589281069769,NA,NA,NA,NA,NA,NA
Denmark,1998,0.0,9.330843946892728,9.330843946892728,0.0,13.293761594227439,13.293761594227439,NA,NA,NA,NA,NA,NA
Denmark,1999,0.0,9.22000585563534,9.22000585563534,0.0,13.135849280065806,13.135849280065806,NA,NA,NA,NA,NA,NA
Denmark,2000,0.0,9.003692922472757,9.003692922472757,0.0,12.827665735299838,12.827665735299838,NA,NA,NA,NA,NA,NA
Denmark,2001,0.0,8.782604341721438,8.782604341721438,0.0,12.512678270024217,12.512678270024217,NA,NA,NA,NA,NA,NA
Denmark,2002,0.0,8.577655915252146,8.577655915252146,0.0,12.220685869754558,12.220685869754558,NA,NA,NA,NA,NA,NA
Denmark,2003,0.0,8.451347510059724,8.451347510059724,0.0,12.04073281989841,12.04073281989841,NA,NA,NA,NA,NA,NA
Denmark,2004,0.0,8.278744839805453,8.278744839805453,0.0,11.794823793668105,11.794823793668105,NA,NA,NA,NA,NA,NA
Denmark,2005,10.995926809422707,8.88688470074391,19.88281151016662,15.666024460811828,12.661247707011407,28.327272167823235,NA,NA,NA,NA,NA,NA
Denmark,2006,9.013080748441075,8.833597746877551,17.846678495318628,12.841040679840892,12.585329165793294,25.426369845634184,NA,NA,NA,NA,NA,NA
Denmark,2007,0.3351301127195405,8.6244704173573,8.95960053007684,0.47746375857285134,12.28738303387824,12.764846792451092,NA,NA,NA,NA,NA,NA
Denmark,2008,8.46497118579753,8.422945086930257,16.887916272727786,12.060142628735237,12.000267558242495,24.060410186977734,NA,NA,NA,NA,NA,NA
Denmark,2009,6.368328551012601,8.524615400368761,14.892943951381362,9.073031549205771,12.14511843301379,21.21814998221956,NA,NA,NA,NA,NA,NA
Denmark,2010,6.7301456571524065,11.261508301616356,17.99165395876876,9.588516576831553,16.044401493067017,25.632918069898572,NA,NA,NA,NA,NA,NA
Denmark,2011,6.034085062447297,11.390790532242919,17.424875594690217,8.596830974348903,16.228591386510878,24.825422360859783,NA,NA,NA,NA,NA,NA
Denmark,2012,3.6354627208168258,11.326864616577456,14.962327337394282,5.179485903987751,16.137515393022387,21.317001297010137,NA,NA,NA,NA,NA,NA
Denmark,2013,2.183475161537626,11.433927030339769,13.617402191877394,3.1108223875145424,16.290048455664873,19.400870843179415,NA,NA,NA,NA,NA,NA
Denmark,2014,2.87710621458456,11.518769864558779,14.395876079143338,4.099046593817933,16.41092502561991,20.50997161943784,NA,NA,NA,NA,NA,NA
Denmark,2015,3.698512258859251,11.684916124736766,15.383428383596017,5.269313312112104,16.647635529530348,21.91694884164245,NA,NA,NA,NA,NA,NA
Denmark,2016,2.565495404742831,11.731110135989697,14.296605540732529,3.65509105884196,16.713448673140157,20.368539731982118,NA,NA,NA,NA,NA,NA
Denmark,2017,2.765235988503906,11.671098721791687,14.436334710295593,3.939663785202451,16.62794971529439,20.56761350049684,NA,NA,NA,NA,NA,NA
Denmark,2018,7.459372049474881,11.65613350103126,19.115505550506143,10.627453875850662,16.606628591704027,27.23408246755469,NA,NA,NA,NA,NA,NA
Denmark,2019,11.62080094923862,11.686337858067992,23.30713880730661,16.556289895363115,16.649661089497215,33.20595098486033,NA,NA,NA,NA,NA,NA
Denmark,2020,11.246813470654773,11.475271085652379,22.722084556307152,16.023465596959163,16.348951810794656,32.372417407753815,NA,NA,NA,NA,NA,NA
Denmark,2021,23.673236187717105,11.260718933322204,34.93395512103931,33.727534168884,16.04327687090291,49.770811039786906,NA,NA,NA,NA,NA,NA
Denmark,2022,32.79197633220276,10.362230117744678,43.15420644994744,46.71910901575213,14.763189434294885,61.48229845004702,NA,NA,NA,NA,NA,NA
Denmark,2023,35.29611855454185,10.92056368285389,46.21668223739574,50.28678948402323,15.5586537402957,65.84544322431893,NA,NA,NA,NA,NA,NA
Denmark,2024,27.32480473639013,11.761994016150284,39.08679875254042,38.92996623262071,16.757449295409295,55.68741552803,NA,NA,NA,NA,NA,NA
Denmark,2025,30.478800536599127,0.0,30.478800536599127,43.42350063056074,0.0,43.42350063056074,NA,NA,NA,NA,NA,NA
Djibouti,1989,0.0,0.0,0.0,0.0,0.0,0.0,NA,NA,NA,NA,NA,NA
Djibouti,1990,0.0,0.0,0.0,0.0,0.0,0.0,NA,NA,NA,NA,NA,NA
Djibouti,1991,0.0,0.0,0.0,0.0,0.0,0.0,NA,NA,NA,NA,NA,NA
Djibouti,1992,0.0,0.0,0.0,0.0,0.0,0.0,NA,NA,NA,NA,NA,NA
Djibouti,1993,0.0,0.0,0.0,0.0,0.0,0.0,NA,NA,NA,NA,NA,NA
Djibouti,1994,0.0,0.0,0.0,0.0,0.0,0.0,NA,NA,NA,NA,NA,NA
Djibouti,1995,0.0,0.0,0.0,0.0,0.0,0.0,NA,NA,NA,NA,NA,NA
Djibouti,1996,0.0,0.0,0.0,0.0,0.0,0.0,NA,NA,NA,NA,NA,NA
Djibouti,1997,0.0,0.0,0.0,0.0,0.0,0.0,NA,NA,NA,NA,NA,NA
Djibouti,1998,0.0,0.0,0.0,0.0,0.0,0.0,NA,NA,NA,NA,NA,NA
Djibouti,1999,0.0,0.0,0.0,0.0,0.0,0.0,NA,NA,NA,NA,NA,NA
Djibouti,2000,0.0,0.0,0.0,0.0,0.0,0.0,NA,NA,NA,NA,NA,NA
Djibouti,2001,0.0,0.0,0.0,0.0,0.0,0.0,NA,NA,NA,NA,NA,NA
Djibouti,2002,0.0,0.0,0.0,0.0,0.0,0.0,NA,NA,NA,NA,NA,NA
Djibouti,2003,0.0,0.0,0.0,0.0,0.0,0.0,NA,NA,NA,NA,NA,NA
Djibouti,2004,0.0,0.0,0.0,0.0,0.0,0.0,NA,NA,NA,NA,NA,NA
Djibouti,2005,0.0,0.0,0.0,0.0,0.0,0.0,NA,NA,NA,NA,NA,NA
Djibouti,2006,0.0,0.0,0.0,0.0,0.0,0.0,NA,NA,NA,NA,NA,NA
Djibouti,2007,0.0,0.0,0.0,0.0,0.0,0.0,NA,NA,NA,NA,NA,NA
Djibouti,2008,0.0,0.0,0.0,0.0,0.0,0.0,NA,NA,NA,NA,NA,NA
Djibouti,2009,0.0,0.0,0.0,0.0,0.0,0.0,NA,NA,NA,NA,NA,NA
Djibouti,2010,0.0,0.0,0.0,0.0,0.0,0.0,NA,NA,NA,NA,NA,NA
Djibouti,2011,0.0,0.0,0.0,0.0,0.0,0.0,NA,NA,NA,NA,NA,NA
Djibouti,2012,0.0,0.0,0.0,0.0,0.0,0.0,NA,NA,NA,NA,NA,NA
Djibouti,2013,0.0,0.0,0.0,0.0,0.0,0.0,NA,NA,NA,NA,NA,NA
Djibouti,2014,0.0,0.0,0.0,0.0,0.0,0.0,NA,NA,NA,NA,NA,NA
Djibouti,2015,0.0,0.0,0.0,0.0,0.0,0.0,NA,NA,NA,NA,NA,NA
Djibouti,2016,0.0,0.0,0.0,0.0,0.0,0.0,NA,NA,NA,NA,NA,NA
Djibouti,2017,0.0,0.0,0.0,0.0,0.0,0.0,NA,NA,NA,NA,NA,NA
Djibouti,2018,0.0,0.0,0.0,0.0,0.0,0.0,NA,NA,NA,NA,NA,NA
Djibouti,2019,0.0,0.0,0.0,0.0,0.0,0.0,NA,NA,NA,NA,NA,NA
Djibouti,2020,0.0,0.0,0.0,0.0,0.0,0.0,NA,NA,NA,NA,NA,NA
Djibouti,2021,0.0,0.0,0.0,0.0,0.0,0.0,NA,NA,NA,NA,NA,NA
Djibouti,2022,0.0,0.0,0.0,0.0,0.0,0.0,NA,NA,NA,NA,NA,NA
Djibouti,2023,0.0,0.0,0.0,0.0,0.0,0.0,NA,NA,NA,NA,NA,NA
Djibouti,2024,0.0,0.0,0.0,0.0,0.0,0.0,NA,NA,NA,NA,NA,NA
Djibouti,2025,0.0,0.0,0.0,0.0,0.0,0.0,NA,NA,NA,NA,NA,NA
Dominica,1989,0.0,0.0,0.0,0.0,0.0,0.0,NA,NA,NA,NA,NA,NA
Dominica,1990,0.0,0.0,0.0,0.0,0.0,0.0,NA,NA,NA,NA,NA,NA
Dominica,1991,0.0,0.0,0.0,0.0,0.0,0.0,NA,NA,NA,NA,NA,NA
Dominica,1992,0.0,0.0,0.0,0.0,0.0,0.0,NA,NA,NA,NA,NA,NA
Dominica,1993,0.0,0.0,0.0,0.0,0.0,0.0,NA,NA,NA,NA,NA,NA
Dominica,1994,0.0,0.0,0.0,0.0,0.0,0.0,NA,NA,NA,NA,NA,NA
Dominica,1995,0.0,0.0,0.0,0.0,0.0,0.0,NA,NA,NA,NA,NA,NA
Dominica,1996,0.0,0.0,0.0,0.0,0.0,0.0,NA,NA,NA,NA,NA,NA
Dominica,1997,0.0,0.0,0.0,0.0,0.0,0.0,NA,NA,NA,NA,NA,NA
Dominica,1998,0.0,0.0,0.0,0.0,0.0,0.0,NA,NA,NA,NA,NA,NA
Dominica,1999,0.0,0.0,0.0,0.0,0.0,0.0,NA,NA,NA,NA,NA,NA
Dominica,2000,0.0,0.0,0.0,0.0,0.0,0.0,NA,NA,NA,NA,NA,NA
Dominica,2001,0.0,0.0,0.0,0.0,0.0,0.0,NA,NA,NA,NA,NA,NA
Dominica,2002,0.0,0.0,0.0,0.0,0.0,0.0,NA,NA,NA,NA,NA,NA
Dominica,2003,0.0,0.0,0.0,0.0,0.0,0.0,NA,NA,NA,NA,NA,NA
Dominica,2004,0.0,0.0,0.0,0.0,0.0,0.0,NA,NA,NA,NA,NA,NA
Dominica,2005,0.0,0.0,0.0,0.0,0.0,0.0,NA,NA,NA,NA,NA,NA
Dominica,2006,0.0,0.0,0.0,0.0,0.0,0.0,NA,NA,NA,NA,NA,NA
Dominica,2007,0.0,0.0,0.0,0.0,0.0,0.0,NA,NA,NA,NA,NA,NA
Dominica,2008,0.0,0.0,0.0,0.0,0.0,0.0,NA,NA,NA,NA,NA,NA
Dominica,2009,0.0,0.0,0.0,0.0,0.0,0.0,NA,NA,NA,NA,NA,NA
Dominica,2010,0.0,0.0,0.0,0.0,0.0,0.0,NA,NA,NA,NA,NA,NA
Dominica,2011,0.0,0.0,0.0,0.0,0.0,0.0,NA,NA,NA,NA,NA,NA
Dominica,2012,0.0,0.0,0.0,0.0,0.0,0.0,NA,NA,NA,NA,NA,NA
Dominica,2013,0.0,0.0,0.0,0.0,0.0,0.0,NA,NA,NA,NA,NA,NA
Dominica,2014,0.0,0.0,0.0,0.0,0.0,0.0,NA,NA,NA,NA,NA,NA
Dominica,2015,0.0,0.0,0.0,0.0,0.0,0.0,NA,NA,NA,NA,NA,NA
Dominica,2016,0.0,0.0,0.0,0.0,0.0,0.0,NA,NA,NA,NA,NA,NA
Dominica,2017,0.0,0.0,0.0,0.0,0.0,0.0,NA,NA,NA,NA,NA,NA
Dominica,2018,0.0,0.0,0.0,0.0,0.0,0.0,NA,NA,NA,NA,NA,NA
Dominica,2019,0.0,0.0,0.0,0.0,0.0,0.0,NA,NA,NA,NA,NA,NA
Dominica,2020,0.0,0.0,0.0,0.0,0.0,0.0,NA,NA,NA,NA,NA,NA
Dominica,2021,0.0,0.0,0.0,0.0,0.0,0.0,NA,NA,NA,NA,NA,NA
Dominica,2022,0.0,0.0,0.0,0.0,0.0,0.0,NA,NA,NA,NA,NA,NA
Dominica,2023,0.0,0.0,0.0,0.0,0.0,0.0,NA,NA,NA,NA,NA,NA
Dominica,2024,0.0,0.0,0.0,0.0,0.0,0.0,NA,NA,NA,NA,NA,NA
Dominica,2025,0.0,0.0,0.0,0.0,0.0,0.0,NA,NA,NA,NA,NA,NA
Dominican Republic,1989,0.0,0.0,0.0,0.0,0.0,0.0,NA,NA,NA,NA,NA,NA
Dominican Republic,1990,0.0,0.0,0.0,0.0,0.0,0.0,NA,NA,NA,NA,NA,NA
Dominican Republic,1991,0.0,0.0,0.0,0.0,0.0,0.0,NA,NA,NA,NA,NA,NA
Dominican Republic,1992,0.0,0.0,0.0,0.0,0.0,0.0,NA,NA,NA,NA,NA,NA
Dominican Republic,1993,0.0,0.0,0.0,0.0,0.0,0.0,NA,NA,NA,NA,NA,NA
Dominican Republic,1994,0.0,0.0,0.0,0.0,0.0,0.0,NA,NA,NA,NA,NA,NA
Dominican Republic,1995,0.0,0.0,0.0,0.0,0.0,0.0,NA,NA,NA,NA,NA,NA
Dominican Republic,1996,0.0,0.0,0.0,0.0,0.0,0.0,NA,NA,NA,NA,NA,NA
Dominican Republic,1997,0.0,0.0,0.0,0.0,0.0,0.0,NA,NA,NA,NA,NA,NA
Dominican Republic,1998,0.0,0.0,0.0,0.0,0.0,0.0,NA,NA,NA,NA,NA,NA
Dominican Republic,1999,0.0,0.0,0.0,0.0,0.0,0.0,NA,NA,NA,NA,NA,NA
Dominican Republic,2000,0.0,0.0,0.0,0.0,0.0,0.0,NA,NA,NA,NA,NA,NA
Dominican Republic,2001,0.0,0.0,0.0,0.0,0.0,0.0,NA,NA,NA,NA,NA,NA
Dominican Republic,2002,0.0,0.0,0.0,0.0,0.0,0.0,NA,NA,NA,NA,NA,NA
Dominican Republic,2003,0.0,0.0,0.0,0.0,0.0,0.0,NA,NA,NA,NA,NA,NA
Dominican Republic,2004,0.0,0.0,0.0,0.0,0.0,0.0,NA,NA,NA,NA,NA,NA
Dominican Republic,2005,0.0,0.0,0.0,0.0,0.0,0.0,NA,NA,NA,NA,NA,NA
Dominican Republic,2006,0.0,0.0,0.0,0.0,0.0,0.0,NA,NA,NA,NA,NA,NA
Dominican Republic,2007,0.0,0.0,0.0,0.0,0.0,0.0,NA,NA,NA,NA,NA,NA
Dominican Republic,2008,0.0,0.0,0.0,0.0,0.0,0.0,NA,NA,NA,NA,NA,NA
Dominican Republic,2009,0.0,0.0,0.0,0.0,0.0,0.0,NA,NA,NA,NA,NA,NA
Dominican Republic,2010,0.0,0.0,0.0,0.0,0.0,0.0,NA,NA,NA,NA,NA,NA
Dominican Republic,2011,0.0,0.0,0.0,0.0,0.0,0.0,NA,NA,NA,NA,NA,NA
Dominican Republic,2012,0.0,0.0,0.0,0.0,0.0,0.0,NA,NA,NA,NA,NA,NA
Dominican Republic,2013,0.0,0.0,0.0,0.0,0.0,0.0,NA,NA,NA,NA,NA,NA
Dominican Republic,2014,0.0,0.0,0.0,0.0,0.0,0.0,NA,NA,NA,NA,NA,NA
Dominican Republic,2015,0.0,0.0,0.0,0.0,0.0,0.0,NA,NA,NA,NA,NA,NA
Dominican Republic,2016,0.0,0.0,0.0,0.0,0.0,0.0,NA,NA,NA,NA,NA,NA
Dominican Republic,2017,0.0,0.0,0.0,0.0,0.0,0.0,NA,NA,NA,NA,NA,NA
Dominican Republic,2018,0.0,0.0,0.0,0.0,0.0,0.0,NA,NA,NA,NA,NA,NA
Dominican Republic,2019,0.0,0.0,0.0,0.0,0.0,0.0,NA,NA,NA,NA,NA,NA
Dominican Republic,2020,0.0,0.0,0.0,0.0,0.0,0.0,NA,NA,NA,NA,NA,NA
Dominican Republic,2021,0.0,0.0,0.0,0.0,0.0,0.0,NA,NA,NA,NA,NA,NA
Dominican Republic,2022,0.0,0.0,0.0,0.0,0.0,0.0,NA,NA,NA,NA,NA,NA
Dominican Republic,2023,0.0,0.0,0.0,0.0,0.0,0.0,NA,NA,NA,NA,NA,NA
Dominican Republic,2024,0.0,0.0,0.0,0.0,0.0,0.0,NA,NA,NA,NA,NA,NA
Dominican Republic,2025,0.0,0.0,0.0,0.0,0.0,0.0,NA,NA,NA,NA,NA,NA
Durango,1989,0.0,0.0,0.0,0.0,0.0,0.0,0.0,0.0,0.0,0.0,0.0,0.0
Durango,1990,0.0,0.0,0.0,0.0,0.0,0.0,0.0,0.0,0.0,0.0,0.0,0.0
Durango,1991,0.0,0.0,0.0,0.0,0.0,0.0,0.0,0.0,0.0,0.0,0.0,0.0
Durango,1992,0.0,0.0,0.0,0.0,0.0,0.0,0.0,0.0,0.0,0.0,0.0,0.0
Durango,1993,0.0,0.0,0.0,0.0,0.0,0.0,0.0,0.0,0.0,0.0,0.0,0.0
Durango,1994,0.0,0.0,0.0,0.0,0.0,0.0,0.0,0.0,0.0,0.0,0.0,0.0
Durango,1995,0.0,0.0,0.0,0.0,0.0,0.0,0.0,0.0,0.0,0.0,0.0,0.0
Durango,1996,0.0,0.0,0.0,0.0,0.0,0.0,0.0,0.0,0.0,0.0,0.0,0.0
Durango,1997,0.0,0.0,0.0,0.0,0.0,0.0,0.0,0.0,0.0,0.0,0.0,0.0
Durango,1998,0.0,0.0,0.0,0.0,0.0,0.0,0.0,0.0,0.0,0.0,0.0,0.0
Durango,1999,0.0,0.0,0.0,0.0,0.0,0.0,0.0,0.0,0.0,0.0,0.0,0.0
Durango,2000,0.0,0.0,0.0,0.0,0.0,0.0,0.0,0.0,0.0,0.0,0.0,0.0
Durango,2001,0.0,0.0,0.0,0.0,0.0,0.0,0.0,0.0,0.0,0.0,0.0,0.0
Durango,2002,0.0,0.0,0.0,0.0,0.0,0.0,0.0,0.0,0.0,0.0,0.0,0.0
Durango,2003,0.0,0.0,0.0,0.0,0.0,0.0,0.0,0.0,0.0,0.0,0.0,0.0
Durango,2004,0.0,0.0,0.0,0.0,0.0,0.0,0.0,0.0,0.0,0.0,0.0,0.0
Durango,2005,0.0,0.0,0.0,0.0,0.0,0.0,0.0,0.0,0.0,0.0,0.0,0.0
Durango,2006,0.0,0.0,0.0,0.0,0.0,0.0,0.0,0.0,0.0,0.0,0.0,0.0
Durango,2007,0.0,0.0,0.0,0.0,0.0,0.0,0.0,0.0,0.0,0.0,0.0,0.0
Durango,2008,0.0,0.0,0.0,0.0,0.0,0.0,0.0,0.0,0.0,0.0,0.0,0.0
Durango,2009,0.0,0.0,0.0,0.0,0.0,0.0,0.0,0.0,0.0,0.0,0.0,0.0
Durango,2010,0.0,0.0,0.0,0.0,0.0,0.0,0.0,0.0,0.0,0.0,0.0,0.0
Durango,2011,0.0,0.0,0.0,0.0,0.0,0.0,0.0,0.0,0.0,0.0,0.0,0.0
Durango,2012,0.0,0.0,0.0,0.0,0.0,0.0,0.0,0.0,0.0,0.0,0.0,0.0
Durango,2013,0.0,0.0,0.0,0.0,0.0,0.0,0.0,0.0,0.0,0.0,0.0,0.0
Durango,2014,0.0,0.0,0.0,0.0,0.0,0.0,0.0,0.0,0.0,0.0,0.0,0.0
Durango,2015,0.0,0.0,0.0,0.0,0.0,0.0,0.0,0.0,0.0,0.0,0.0,0.0
Durango,2016,0.0,0.0,0.0,0.0,0.0,0.0,0.0,0.0,0.0,0.0,0.0,0.0
Durango,2017,0.0,0.0,0.0,0.0,0.0,0.0,0.0,0.0,0.0,0.0,0.0,0.0
Durango,2018,0.0,0.0,0.0,0.0,0.0,0.0,0.0,0.0,0.0,0.0,0.0,0.0
Durango,2019,0.0,0.0,0.0,0.0,0.0,0.0,0.0,0.0,0.0,0.0,0.0,0.0
Durango,2020,0.0,0.0,0.0,0.0,0.0,0.0,0.0,0.0,0.0,0.0,0.0,0.0
Durango,2021,0.0,0.0,0.0,0.0,0.0,0.0,0.0,0.0,0.0,0.0,0.0,0.0
Durango,2022,0.0,0.0,0.0,0.0,0.0,0.0,0.0,0.0,0.0,0.0,0.0,0.0
Durango,2023,0.0,0.0,0.0,0.0,0.0,0.0,0.0,0.0,0.0,0.0,0.0,0.0
Durango,2024,0.0,0.0,0.0,0.0,0.0,0.0,0.0,0.0,0.0,0.0,0.0,0.0
Durango,2025,0.0,0.0,0.0,0.0,0.0,0.0,0.0,0.0,0.0,0.0,0.0,0.0
Ecuador,1989,0.0,0.0,0.0,0.0,0.0,0.0,NA,NA,NA,NA,NA,NA
Ecuador,1990,0.0,0.0,0.0,0.0,0.0,0.0,NA,NA,NA,NA,NA,NA
Ecuador,1991,0.0,0.0,0.0,0.0,0.0,0.0,NA,NA,NA,NA,NA,NA
Ecuador,1992,0.0,0.0,0.0,0.0,0.0,0.0,NA,NA,NA,NA,NA,NA
Ecuador,1993,0.0,0.0,0.0,0.0,0.0,0.0,NA,NA,NA,NA,NA,NA
Ecuador,1994,0.0,0.0,0.0,0.0,0.0,0.0,NA,NA,NA,NA,NA,NA
Ecuador,1995,0.0,0.0,0.0,0.0,0.0,0.0,NA,NA,NA,NA,NA,NA
Ecuador,1996,0.0,0.0,0.0,0.0,0.0,0.0,NA,NA,NA,NA,NA,NA
Ecuador,1997,0.0,0.0,0.0,0.0,0.0,0.0,NA,NA,NA,NA,NA,NA
Ecuador,1998,0.0,0.0,0.0,0.0,0.0,0.0,NA,NA,NA,NA,NA,NA
Ecuador,1999,0.0,0.0,0.0,0.0,0.0,0.0,NA,NA,NA,NA,NA,NA
Ecuador,2000,0.0,0.0,0.0,0.0,0.0,0.0,NA,NA,NA,NA,NA,NA
Ecuador,2001,0.0,0.0,0.0,0.0,0.0,0.0,NA,NA,NA,NA,NA,NA
Ecuador,2002,0.0,0.0,0.0,0.0,0.0,0.0,NA,NA,NA,NA,NA,NA
Ecuador,2003,0.0,0.0,0.0,0.0,0.0,0.0,NA,NA,NA,NA,NA,NA
Ecuador,2004,0.0,0.0,0.0,0.0,0.0,0.0,NA,NA,NA,NA,NA,NA
Ecuador,2005,0.0,0.0,0.0,0.0,0.0,0.0,NA,NA,NA,NA,NA,NA
Ecuador,2006,0.0,0.0,0.0,0.0,0.0,0.0,NA,NA,NA,NA,NA,NA
Ecuador,2007,0.0,0.0,0.0,0.0,0.0,0.0,NA,NA,NA,NA,NA,NA
Ecuador,2008,0.0,0.0,0.0,0.0,0.0,0.0,NA,NA,NA,NA,NA,NA
Ecuador,2009,0.0,0.0,0.0,0.0,0.0,0.0,NA,NA,NA,NA,NA,NA
Ecuador,2010,0.0,0.0,0.0,0.0,0.0,0.0,NA,NA,NA,NA,NA,NA
Ecuador,2011,0.0,0.0,0.0,0.0,0.0,0.0,NA,NA,NA,NA,NA,NA
Ecuador,2012,0.0,0.0,0.0,0.0,0.0,0.0,NA,NA,NA,NA,NA,NA
Ecuador,2013,0.0,0.0,0.0,0.0,0.0,0.0,NA,NA,NA,NA,NA,NA
Ecuador,2014,0.0,0.0,0.0,0.0,0.0,0.0,NA,NA,NA,NA,NA,NA
Ecuador,2015,0.0,0.0,0.0,0.0,0.0,0.0,NA,NA,NA,NA,NA,NA
Ecuador,2016,0.0,0.0,0.0,0.0,0.0,0.0,NA,NA,NA,NA,NA,NA
Ecuador,2017,0.0,0.0,0.0,0.0,0.0,0.0,NA,NA,NA,NA,NA,NA
Ecuador,2018,0.0,0.0,0.0,0.0,0.0,0.0,NA,NA,NA,NA,NA,NA
Ecuador,2019,0.0,0.0,0.0,0.0,0.0,0.0,NA,NA,NA,NA,NA,NA
Ecuador,2020,0.0,0.0,0.0,0.0,0.0,0.0,NA,NA,NA,NA,NA,NA
Ecuador,2021,0.0,0.0,0.0,0.0,0.0,0.0,NA,NA,NA,NA,NA,NA
Ecuador,2022,0.0,0.0,0.0,0.0,0.0,0.0,NA,NA,NA,NA,NA,NA
Ecuador,2023,0.0,0.0,0.0,0.0,0.0,0.0,NA,NA,NA,NA,NA,NA
Ecuador,2024,0.0,0.0,0.0,0.0,0.0,0.0,NA,NA,NA,NA,NA,NA
Ecuador,2025,0.0,0.0,0.0,0.0,0.0,0.0,NA,NA,NA,NA,NA,NA
"Egypt, Arab Rep.",1989,0.0,0.0,0.0,0.0,0.0,0.0,NA,NA,NA,NA,NA,NA
"Egypt, Arab Rep.",1990,0.0,0.0,0.0,0.0,0.0,0.0,NA,NA,NA,NA,NA,NA
"Egypt, Arab Rep.",1991,0.0,0.0,0.0,0.0,0.0,0.0,NA,NA,NA,NA,NA,NA
"Egypt, Arab Rep.",1992,0.0,0.0,0.0,0.0,0.0,0.0,NA,NA,NA,NA,NA,NA
"Egypt, Arab Rep.",1993,0.0,0.0,0.0,0.0,0.0,0.0,NA,NA,NA,NA,NA,NA
"Egypt, Arab Rep.",1994,0.0,0.0,0.0,0.0,0.0,0.0,NA,NA,NA,NA,NA,NA
"Egypt, Arab Rep.",1995,0.0,0.0,0.0,0.0,0.0,0.0,NA,NA,NA,NA,NA,NA
"Egypt, Arab Rep.",1996,0.0,0.0,0.0,0.0,0.0,0.0,NA,NA,NA,NA,NA,NA
"Egypt, Arab Rep.",1997,0.0,0.0,0.0,0.0,0.0,0.0,NA,NA,NA,NA,NA,NA
"Egypt, Arab Rep.",1998,0.0,0.0,0.0,0.0,0.0,0.0,NA,NA,NA,NA,NA,NA
"Egypt, Arab Rep.",1999,0.0,0.0,0.0,0.0,0.0,0.0,NA,NA,NA,NA,NA,NA
"Egypt, Arab Rep.",2000,0.0,0.0,0.0,0.0,0.0,0.0,NA,NA,NA,NA,NA,NA
"Egypt, Arab Rep.",2001,0.0,0.0,0.0,0.0,0.0,0.0,NA,NA,NA,NA,NA,NA
"Egypt, Arab Rep.",2002,0.0,0.0,0.0,0.0,0.0,0.0,NA,NA,NA,NA,NA,NA
"Egypt, Arab Rep.",2003,0.0,0.0,0.0,0.0,0.0,0.0,NA,NA,NA,NA,NA,NA
"Egypt, Arab Rep.",2004,0.0,0.0,0.0,0.0,0.0,0.0,NA,NA,NA,NA,NA,NA
"Egypt, Arab Rep.",2005,0.0,0.0,0.0,0.0,0.0,0.0,NA,NA,NA,NA,NA,NA
"Egypt, Arab Rep.",2006,0.0,0.0,0.0,0.0,0.0,0.0,NA,NA,NA,NA,NA,NA
"Egypt, Arab Rep.",2007,0.0,0.0,0.0,0.0,0.0,0.0,NA,NA,NA,NA,NA,NA
"Egypt, Arab Rep.",2008,0.0,0.0,0.0,0.0,0.0,0.0,NA,NA,NA,NA,NA,NA
"Egypt, Arab Rep.",2009,0.0,0.0,0.0,0.0,0.0,0.0,NA,NA,NA,NA,NA,NA
"Egypt, Arab Rep.",2010,0.0,0.0,0.0,0.0,0.0,0.0,NA,NA,NA,NA,NA,NA
"Egypt, Arab Rep.",2011,0.0,0.0,0.0,0.0,0.0,0.0,NA,NA,NA,NA,NA,NA
"Egypt, Arab Rep.",2012,0.0,0.0,0.0,0.0,0.0,0.0,NA,NA,NA,NA,NA,NA
"Egypt, Arab Rep.",2013,0.0,0.0,0.0,0.0,0.0,0.0,NA,NA,NA,NA,NA,NA
"Egypt, Arab Rep.",2014,0.0,0.0,0.0,0.0,0.0,0.0,NA,NA,NA,NA,NA,NA
"Egypt, Arab Rep.",2015,0.0,0.0,0.0,0.0,0.0,0.0,NA,NA,NA,NA,NA,NA
"Egypt, Arab Rep.",2016,0.0,0.0,0.0,0.0,0.0,0.0,NA,NA,NA,NA,NA,NA
"Egypt, Arab Rep.",2017,0.0,0.0,0.0,0.0,0.0,0.0,NA,NA,NA,NA,NA,NA
"Egypt, Arab Rep.",2018,0.0,0.0,0.0,0.0,0.0,0.0,NA,NA,NA,NA,NA,NA
"Egypt, Arab Rep.",2019,0.0,0.0,0.0,0.0,0.0,0.0,NA,NA,NA,NA,NA,NA
"Egypt, Arab Rep.",2020,0.0,0.0,0.0,0.0,0.0,0.0,NA,NA,NA,NA,NA,NA
"Egypt, Arab Rep.",2021,0.0,0.0,0.0,0.0,0.0,0.0,NA,NA,NA,NA,NA,NA
"Egypt, Arab Rep.",2022,0.0,0.0,0.0,0.0,0.0,0.0,NA,NA,NA,NA,NA,NA
"Egypt, Arab Rep.",2023,0.0,0.0,0.0,0.0,0.0,0.0,NA,NA,NA,NA,NA,NA
"Egypt, Arab Rep.",2024,0.0,0.0,0.0,0.0,0.0,0.0,NA,NA,NA,NA,NA,NA
"Egypt, Arab Rep.",2025,0.0,0.0,0.0,0.0,0.0,0.0,NA,NA,NA,NA,NA,NA
Ehime,1989,0.0,0.0,0.0,0.0,0.0,0.0,0.0,0.0,0.0,0.0,0.0,0.0
Ehime,1990,0.0,0.0,0.0,0.0,0.0,0.0,0.0,0.0,0.0,0.0,0.0,0.0
Ehime,1991,0.0,0.0,0.0,0.0,0.0,0.0,0.0,0.0,0.0,0.0,0.0,0.0
Ehime,1992,0.0,0.0,0.0,0.0,0.0,0.0,0.0,0.0,0.0,0.0,0.0,0.0
Ehime,1993,0.0,0.0,0.0,0.0,0.0,0.0,0.0,0.0,0.0,0.0,0.0,0.0
Ehime,1994,0.0,0.0,0.0,0.0,0.0,0.0,0.0,0.0,0.0,0.0,0.0,0.0
Ehime,1995,0.0,0.0,0.0,0.0,0.0,0.0,0.0,0.0,0.0,0.0,0.0,0.0
Ehime,1996,0.0,0.0,0.0,0.0,0.0,0.0,0.0,0.0,0.0,0.0,0.0,0.0
Ehime,1997,0.0,0.0,0.0,0.0,0.0,0.0,0.0,0.0,0.0,0.0,0.0,0.0
Ehime,1998,0.0,0.0,0.0,0.0,0.0,0.0,0.0,0.0,0.0,0.0,0.0,0.0
Ehime,1999,0.0,0.0,0.0,0.0,0.0,0.0,0.0,0.0,0.0,0.0,0.0,0.0
Ehime,2000,0.0,0.0,0.0,0.0,0.0,0.0,0.0,0.0,0.0,0.0,0.0,0.0
Ehime,2001,0.0,0.0,0.0,0.0,0.0,0.0,0.0,0.0,0.0,0.0,0.0,0.0
Ehime,2002,0.0,0.0,0.0,0.0,0.0,0.0,0.0,0.0,0.0,0.0,0.0,0.0
Ehime,2003,0.0,0.0,0.0,0.0,0.0,0.0,0.0,0.0,0.0,0.0,0.0,0.0
Ehime,2004,0.0,0.0,0.0,0.0,0.0,0.0,0.0,0.0,0.0,0.0,0.0,0.0
Ehime,2005,0.0,0.0,0.0,0.0,0.0,0.0,0.0,0.0,0.0,0.0,0.0,0.0
Ehime,2006,0.0,0.0,0.0,0.0,0.0,0.0,0.0,0.0,0.0,0.0,0.0,0.0
Ehime,2007,0.0,0.0,0.0,0.0,0.0,0.0,0.0,0.0,0.0,0.0,0.0,0.0
Ehime,2008,0.0,0.0,0.0,0.0,0.0,0.0,0.0,0.0,0.0,0.0,0.0,0.0
Ehime,2009,0.0,0.0,0.0,0.0,0.0,0.0,0.0,0.0,0.0,0.0,0.0,0.0
Ehime,2010,0.0,0.0,0.0,0.0,0.0,0.0,0.0,0.0,0.0,0.0,0.0,0.0
Ehime,2011,0.0,0.0,0.0,0.0,0.0,0.0,0.0,0.0,0.0,0.0,0.0,0.0
Ehime,2012,0.0,0.0,0.0,0.0,0.0,0.0,0.0,0.0,0.0,0.0,0.0,0.0
Ehime,2013,0.0,0.0,0.0,0.0,0.0,0.0,0.0,0.0,0.0,0.0,0.0,0.0
Ehime,2014,0.0,0.0,0.0,0.0,0.0,0.0,0.0,0.0,0.0,0.0,0.0,0.0
Ehime,2015,0.0,0.0,0.0,0.0,0.0,0.0,0.0,0.0,0.0,0.0,0.0,0.0
Ehime,2016,0.0,0.0,0.0,0.0,0.0,0.0,0.0,0.0,0.0,0.0,0.0,0.0
Ehime,2017,0.0,0.0,0.0,0.0,0.0,0.0,0.0,0.0,0.0,0.0,0.0,0.0
Ehime,2018,0.0,0.0,0.0,0.0,0.0,0.0,0.0,0.0,0.0,0.0,0.0,0.0
Ehime,2019,0.0,0.0,0.0,0.0,0.0,0.0,0.0,0.0,0.0,0.0,0.0,0.0
Ehime,2020,0.0,0.0,0.0,0.0,0.0,0.0,0.0,0.0,0.0,0.0,0.0,0.0
Ehime,2021,0.0,0.0,0.0,0.0,0.0,0.0,0.0,0.0,0.0,0.0,0.0,0.0
Ehime,2022,0.0,0.0,0.0,0.0,0.0,0.0,0.0,0.0,0.0,0.0,0.0,0.0
Ehime,2023,0.0,0.0,0.0,0.0,0.0,0.0,0.0,0.0,0.0,0.0,0.0,0.0
Ehime,2024,0.0,0.0,0.0,0.0,0.0,0.0,0.0,0.0,0.0,0.0,0.0,0.0
Ehime,2025,0.0,0.0,0.0,0.0,0.0,0.0,0.0,0.0,0.0,0.0,0.0,0.0
El Salvador,1989,0.0,0.0,0.0,0.0,0.0,0.0,NA,NA,NA,NA,NA,NA
El Salvador,1990,0.0,0.0,0.0,0.0,0.0,0.0,NA,NA,NA,NA,NA,NA
El Salvador,1991,0.0,0.0,0.0,0.0,0.0,0.0,NA,NA,NA,NA,NA,NA
El Salvador,1992,0.0,0.0,0.0,0.0,0.0,0.0,NA,NA,NA,NA,NA,NA
El Salvador,1993,0.0,0.0,0.0,0.0,0.0,0.0,NA,NA,NA,NA,NA,NA
El Salvador,1994,0.0,0.0,0.0,0.0,0.0,0.0,NA,NA,NA,NA,NA,NA
El Salvador,1995,0.0,0.0,0.0,0.0,0.0,0.0,NA,NA,NA,NA,NA,NA
El Salvador,1996,0.0,0.0,0.0,0.0,0.0,0.0,NA,NA,NA,NA,NA,NA
El Salvador,1997,0.0,0.0,0.0,0.0,0.0,0.0,NA,NA,NA,NA,NA,NA
El Salvador,1998,0.0,0.0,0.0,0.0,0.0,0.0,NA,NA,NA,NA,NA,NA
El Salvador,1999,0.0,0.0,0.0,0.0,0.0,0.0,NA,NA,NA,NA,NA,NA
El Salvador,2000,0.0,0.0,0.0,0.0,0.0,0.0,NA,NA,NA,NA,NA,NA
El Salvador,2001,0.0,0.0,0.0,0.0,0.0,0.0,NA,NA,NA,NA,NA,NA
El Salvador,2002,0.0,0.0,0.0,0.0,0.0,0.0,NA,NA,NA,NA,NA,NA
El Salvador,2003,0.0,0.0,0.0,0.0,0.0,0.0,NA,NA,NA,NA,NA,NA
El Salvador,2004,0.0,0.0,0.0,0.0,0.0,0.0,NA,NA,NA,NA,NA,NA
El Salvador,2005,0.0,0.0,0.0,0.0,0.0,0.0,NA,NA,NA,NA,NA,NA
El Salvador,2006,0.0,0.0,0.0,0.0,0.0,0.0,NA,NA,NA,NA,NA,NA
El Salvador,2007,0.0,0.0,0.0,0.0,0.0,0.0,NA,NA,NA,NA,NA,NA
El Salvador,2008,0.0,0.0,0.0,0.0,0.0,0.0,NA,NA,NA,NA,NA,NA
El Salvador,2009,0.0,0.0,0.0,0.0,0.0,0.0,NA,NA,NA,NA,NA,NA
El Salvador,2010,0.0,0.0,0.0,0.0,0.0,0.0,NA,NA,NA,NA,NA,NA
El Salvador,2011,0.0,0.0,0.0,0.0,0.0,0.0,NA,NA,NA,NA,NA,NA
El Salvador,2012,0.0,0.0,0.0,0.0,0.0,0.0,NA,NA,NA,NA,NA,NA
El Salvador,2013,0.0,0.0,0.0,0.0,0.0,0.0,NA,NA,NA,NA,NA,NA
El Salvador,2014,0.0,0.0,0.0,0.0,0.0,0.0,NA,NA,NA,NA,NA,NA
El Salvador,2015,0.0,0.0,0.0,0.0,0.0,0.0,NA,NA,NA,NA,NA,NA
El Salvador,2016,0.0,0.0,0.0,0.0,0.0,0.0,NA,NA,NA,NA,NA,NA
El Salvador,2017,0.0,0.0,0.0,0.0,0.0,0.0,NA,NA,NA,NA,NA,NA
El Salvador,2018,0.0,0.0,0.0,0.0,0.0,0.0,NA,NA,NA,NA,NA,NA
El Salvador,2019,0.0,0.0,0.0,0.0,0.0,0.0,NA,NA,NA,NA,NA,NA
El Salvador,2020,0.0,0.0,0.0,0.0,0.0,0.0,NA,NA,NA,NA,NA,NA
El Salvador,2021,0.0,0.0,0.0,0.0,0.0,0.0,NA,NA,NA,NA,NA,NA
El Salvador,2022,0.0,0.0,0.0,0.0,0.0,0.0,NA,NA,NA,NA,NA,NA
El Salvador,2023,0.0,0.0,0.0,0.0,0.0,0.0,NA,NA,NA,NA,NA,NA
El Salvador,2024,0.0,0.0,0.0,0.0,0.0,0.0,NA,NA,NA,NA,NA,NA
El Salvador,2025,0.0,0.0,0.0,0.0,0.0,0.0,NA,NA,NA,NA,NA,NA
Equatorial Guinea,1989,0.0,0.0,0.0,0.0,0.0,0.0,NA,NA,NA,NA,NA,NA
Equatorial Guinea,1990,0.0,0.0,0.0,0.0,0.0,0.0,NA,NA,NA,NA,NA,NA
Equatorial Guinea,1991,0.0,0.0,0.0,0.0,0.0,0.0,NA,NA,NA,NA,NA,NA
Equatorial Guinea,1992,0.0,0.0,0.0,0.0,0.0,0.0,NA,NA,NA,NA,NA,NA
Equatorial Guinea,1993,0.0,0.0,0.0,0.0,0.0,0.0,NA,NA,NA,NA,NA,NA
Equatorial Guinea,1994,0.0,0.0,0.0,0.0,0.0,0.0,NA,NA,NA,NA,NA,NA
Equatorial Guinea,1995,0.0,0.0,0.0,0.0,0.0,0.0,NA,NA,NA,NA,NA,NA
Equatorial Guinea,1996,0.0,0.0,0.0,0.0,0.0,0.0,NA,NA,NA,NA,NA,NA
Equatorial Guinea,1997,0.0,0.0,0.0,0.0,0.0,0.0,NA,NA,NA,NA,NA,NA
Equatorial Guinea,1998,0.0,0.0,0.0,0.0,0.0,0.0,NA,NA,NA,NA,NA,NA
Equatorial Guinea,1999,0.0,0.0,0.0,0.0,0.0,0.0,NA,NA,NA,NA,NA,NA
Equatorial Guinea,2000,0.0,0.0,0.0,0.0,0.0,0.0,NA,NA,NA,NA,NA,NA
Equatorial Guinea,2001,0.0,0.0,0.0,0.0,0.0,0.0,NA,NA,NA,NA,NA,NA
Equatorial Guinea,2002,0.0,0.0,0.0,0.0,0.0,0.0,NA,NA,NA,NA,NA,NA
Equatorial Guinea,2003,0.0,0.0,0.0,0.0,0.0,0.0,NA,NA,NA,NA,NA,NA
Equatorial Guinea,2004,0.0,0.0,0.0,0.0,0.0,0.0,NA,NA,NA,NA,NA,NA
Equatorial Guinea,2005,0.0,0.0,0.0,0.0,0.0,0.0,NA,NA,NA,NA,NA,NA
Equatorial Guinea,2006,0.0,0.0,0.0,0.0,0.0,0.0,NA,NA,NA,NA,NA,NA
Equatorial Guinea,2007,0.0,0.0,0.0,0.0,0.0,0.0,NA,NA,NA,NA,NA,NA
Equatorial Guinea,2008,0.0,0.0,0.0,0.0,0.0,0.0,NA,NA,NA,NA,NA,NA
Equatorial Guinea,2009,0.0,0.0,0.0,0.0,0.0,0.0,NA,NA,NA,NA,NA,NA
Equatorial Guinea,2010,0.0,0.0,0.0,0.0,0.0,0.0,NA,NA,NA,NA,NA,NA
Equatorial Guinea,2011,0.0,0.0,0.0,0.0,0.0,0.0,NA,NA,NA,NA,NA,NA
Equatorial Guinea,2012,0.0,0.0,0.0,0.0,0.0,0.0,NA,NA,NA,NA,NA,NA
Equatorial Guinea,2013,0.0,0.0,0.0,0.0,0.0,0.0,NA,NA,NA,NA,NA,NA
Equatorial Guinea,2014,0.0,0.0,0.0,0.0,0.0,0.0,NA,NA,NA,NA,NA,NA
Equatorial Guinea,2015,0.0,0.0,0.0,0.0,0.0,0.0,NA,NA,NA,NA,NA,NA
Equatorial Guinea,2016,0.0,0.0,0.0,0.0,0.0,0.0,NA,NA,NA,NA,NA,NA
Equatorial Guinea,2017,0.0,0.0,0.0,0.0,0.0,0.0,NA,NA,NA,NA,NA,NA
Equatorial Guinea,2018,0.0,0.0,0.0,0.0,0.0,0.0,NA,NA,NA,NA,NA,NA
Equatorial Guinea,2019,0.0,0.0,0.0,0.0,0.0,0.0,NA,NA,NA,NA,NA,NA
Equatorial Guinea,2020,0.0,0.0,0.0,0.0,0.0,0.0,NA,NA,NA,NA,NA,NA
Equatorial Guinea,2021,0.0,0.0,0.0,0.0,0.0,0.0,NA,NA,NA,NA,NA,NA
Equatorial Guinea,2022,0.0,0.0,0.0,0.0,0.0,0.0,NA,NA,NA,NA,NA,NA
Equatorial Guinea,2023,0.0,0.0,0.0,0.0,0.0,0.0,NA,NA,NA,NA,NA,NA
Equatorial Guinea,2024,0.0,0.0,0.0,0.0,0.0,0.0,NA,NA,NA,NA,NA,NA
Equatorial Guinea,2025,0.0,0.0,0.0,0.0,0.0,0.0,NA,NA,NA,NA,NA,NA
Eritrea,1989,0.0,0.0,0.0,0.0,0.0,0.0,NA,NA,NA,NA,NA,NA
Eritrea,1990,0.0,0.0,0.0,0.0,0.0,0.0,NA,NA,NA,NA,NA,NA
Eritrea,1991,0.0,0.0,0.0,0.0,0.0,0.0,NA,NA,NA,NA,NA,NA
Eritrea,1992,0.0,0.0,0.0,0.0,0.0,0.0,NA,NA,NA,NA,NA,NA
Eritrea,1993,0.0,0.0,0.0,0.0,0.0,0.0,NA,NA,NA,NA,NA,NA
Eritrea,1994,0.0,0.0,0.0,0.0,0.0,0.0,NA,NA,NA,NA,NA,NA
Eritrea,1995,0.0,0.0,0.0,0.0,0.0,0.0,NA,NA,NA,NA,NA,NA
Eritrea,1996,0.0,0.0,0.0,0.0,0.0,0.0,NA,NA,NA,NA,NA,NA
Eritrea,1997,0.0,0.0,0.0,0.0,0.0,0.0,NA,NA,NA,NA,NA,NA
Eritrea,1998,0.0,0.0,0.0,0.0,0.0,0.0,NA,NA,NA,NA,NA,NA
Eritrea,1999,0.0,0.0,0.0,0.0,0.0,0.0,NA,NA,NA,NA,NA,NA
Eritrea,2000,0.0,0.0,0.0,0.0,0.0,0.0,NA,NA,NA,NA,NA,NA
Eritrea,2001,0.0,0.0,0.0,0.0,0.0,0.0,NA,NA,NA,NA,NA,NA
Eritrea,2002,0.0,0.0,0.0,0.0,0.0,0.0,NA,NA,NA,NA,NA,NA
Eritrea,2003,0.0,0.0,0.0,0.0,0.0,0.0,NA,NA,NA,NA,NA,NA
Eritrea,2004,0.0,0.0,0.0,0.0,0.0,0.0,NA,NA,NA,NA,NA,NA
Eritrea,2005,0.0,0.0,0.0,0.0,0.0,0.0,NA,NA,NA,NA,NA,NA
Eritrea,2006,0.0,0.0,0.0,0.0,0.0,0.0,NA,NA,NA,NA,NA,NA
Eritrea,2007,0.0,0.0,0.0,0.0,0.0,0.0,NA,NA,NA,NA,NA,NA
Eritrea,2008,0.0,0.0,0.0,0.0,0.0,0.0,NA,NA,NA,NA,NA,NA
Eritrea,2009,0.0,0.0,0.0,0.0,0.0,0.0,NA,NA,NA,NA,NA,NA
Eritrea,2010,0.0,0.0,0.0,0.0,0.0,0.0,NA,NA,NA,NA,NA,NA
Eritrea,2011,0.0,0.0,0.0,0.0,0.0,0.0,NA,NA,NA,NA,NA,NA
Eritrea,2012,0.0,0.0,0.0,0.0,0.0,0.0,NA,NA,NA,NA,NA,NA
Eritrea,2013,0.0,0.0,0.0,0.0,0.0,0.0,NA,NA,NA,NA,NA,NA
Eritrea,2014,0.0,0.0,0.0,0.0,0.0,0.0,NA,NA,NA,NA,NA,NA
Eritrea,2015,0.0,0.0,0.0,0.0,0.0,0.0,NA,NA,NA,NA,NA,NA
Eritrea,2016,0.0,0.0,0.0,0.0,0.0,0.0,NA,NA,NA,NA,NA,NA
Eritrea,2017,0.0,0.0,0.0,0.0,0.0,0.0,NA,NA,NA,NA,NA,NA
Eritrea,2018,0.0,0.0,0.0,0.0,0.0,0.0,NA,NA,NA,NA,NA,NA
Eritrea,2019,0.0,0.0,0.0,0.0,0.0,0.0,NA,NA,NA,NA,NA,NA
Eritrea,2020,0.0,0.0,0.0,0.0,0.0,0.0,NA,NA,NA,NA,NA,NA
Eritrea,2021,0.0,0.0,0.0,0.0,0.0,0.0,NA,NA,NA,NA,NA,NA
Eritrea,2022,0.0,0.0,0.0,0.0,0.0,0.0,NA,NA,NA,NA,NA,NA
Eritrea,2023,0.0,0.0,0.0,0.0,0.0,0.0,NA,NA,NA,NA,NA,NA
Eritrea,2024,0.0,0.0,0.0,0.0,0.0,0.0,NA,NA,NA,NA,NA,NA
Eritrea,2025,0.0,0.0,0.0,0.0,0.0,0.0,NA,NA,NA,NA,NA,NA
Estonia,1989,0.0,0.0,0.0,0.0,0.0,0.0,NA,NA,NA,NA,NA,NA
Estonia,1990,0.0,0.0,0.0,0.0,0.0,0.0,NA,NA,NA,NA,NA,NA
Estonia,1991,0.0,0.0,0.0,0.0,0.0,0.0,NA,NA,NA,NA,NA,NA
Estonia,1992,0.0,0.0,0.0,0.0,0.0,0.0,NA,NA,NA,NA,NA,NA
Estonia,1993,0.0,0.0,0.0,0.0,0.0,0.0,NA,NA,NA,NA,NA,NA
Estonia,1994,0.0,0.0,0.0,0.0,0.0,0.0,NA,NA,NA,NA,NA,NA
Estonia,1995,0.0,0.0,0.0,0.0,0.0,0.0,NA,NA,NA,NA,NA,NA
Estonia,1996,0.0,0.0,0.0,0.0,0.0,0.0,NA,NA,NA,NA,NA,NA
Estonia,1997,0.0,0.0,0.0,0.0,0.0,0.0,NA,NA,NA,NA,NA,NA
Estonia,1998,0.0,0.0,0.0,0.0,0.0,0.0,NA,NA,NA,NA,NA,NA
Estonia,1999,0.0,0.0,0.0,0.0,0.0,0.0,NA,NA,NA,NA,NA,NA
Estonia,2000,0.0,0.04070231482899709,0.04070231482899709,0.0,0.048309437436043684,0.048309437436043684,NA,NA,NA,NA,NA,NA
Estonia,2001,0.0,0.0380934061791533,0.0380934061791533,0.0,0.04521293273537757,0.04521293273537757,NA,NA,NA,NA,NA,NA
Estonia,2002,0.0,0.03634732477545035,0.03634732477545035,0.0,0.04314051472463749,0.04314051472463749,NA,NA,NA,NA,NA,NA
Estonia,2003,0.0,0.034986562313179995,0.034986562313179995,0.0,0.04152543043981116,0.04152543043981116,NA,NA,NA,NA,NA,NA
Estonia,2004,0.0,0.0334193726017367,0.0334193726017367,0.0,0.039665338363145196,0.039665338363145196,NA,NA,NA,NA,NA,NA
Estonia,2005,19.109892820207307,0.07098831823961263,19.18088113844692,22.68146604157287,0.08425579068646369,22.765721832259334,NA,NA,NA,NA,NA,NA
Estonia,2006,14.673554752206746,0.09047175457551748,14.764026506782264,17.415991651685626,0.1073806142416582,17.523372265927286,NA,NA,NA,NA,NA,NA
Estonia,2007,0.49738367664802097,0.08052372027635137,0.5779073969243723,0.590342974587252,0.09557332655774484,0.6859163011449969,NA,NA,NA,NA,NA,NA
Estonia,2008,12.264391241089312,0.11310029091402345,12.377491532003335,14.556563768959608,0.1342383461693642,14.690802115128973,NA,NA,NA,NA,NA,NA
Estonia,2009,9.315554315584498,0.15138720957850976,9.466941525163007,11.056599367419441,0.1796809582078125,11.236280325627254,NA,NA,NA,NA,NA,NA
Estonia,2010,9.977316706926478,0.14868626126553347,10.126002968192012,11.842042872939341,0.17647521194763274,12.018518084886974,NA,NA,NA,NA,NA,NA
Estonia,2011,8.530710378427749,0.1408825344146406,8.671592912842389,10.125070798628542,0.16721299539668105,10.292283794025224,NA,NA,NA,NA,NA,NA
Estonia,2012,4.706836998195688,0.1351967961561601,4.842033794351848,5.586528639496377,0.1604646122192186,5.746993251715596,NA,NA,NA,NA,NA,NA
Estonia,2013,2.7379762220337986,0.12984216617488636,2.867818388208685,3.249694558047234,0.15410922031680965,3.403803778364044,NA,NA,NA,NA,NA,NA
Estonia,2014,3.543293935876229,0.12623617257779585,3.6695301084540253,4.205523381947254,0.14982927892268255,4.355352660869936,NA,NA,NA,NA,NA,NA
Estonia,2015,4.514549341055452,0.12460824721856972,4.6391575882740215,5.358303080793711,0.14789709991462144,5.5062001807083325,NA,NA,NA,NA,NA,NA
Estonia,2016,3.0700371316897246,0.12164197125687934,3.191679102946604,3.643816509277151,0.14437643718103083,3.7881929464581816,NA,NA,NA,NA,NA,NA
Estonia,2017,3.2248355029439595,0.11725533583229542,3.342090838776255,3.8275461635419328,0.13916995468761506,3.966716118229548,NA,NA,NA,NA,NA,NA
Estonia,2018,8.346047957033218,0.11183249133100646,8.457880448364223,9.905895605998172,0.13273359920608907,10.038629205204261,NA,NA,NA,NA,NA,NA
Estonia,2019,12.642488111801702,0.10771489963598017,12.750203011437682,15.005325643982777,0.12784644378965232,15.13317208777243,NA,NA,NA,NA,NA,NA
Estonia,2020,12.487438476945727,0.10690950640405722,12.594347983349783,14.82129776581355,0.12689052533360237,14.948188291147153,NA,NA,NA,NA,NA,NA
Estonia,2021,25.635199983942705,0.10145880543331713,25.736658789376023,30.426330664183098,0.12042110710432374,30.546751771287422,NA,NA,NA,NA,NA,NA
Estonia,2022,33.459289099254015,0.08762885006018573,33.5469179493142,39.712715116717575,0.10400638065329673,39.81672149737087,NA,NA,NA,NA,NA,NA
Estonia,2023,32.06691419612985,0.08109668772301923,32.14801088385287,38.06011013460306,0.09625337964892605,38.156363514251986,NA,NA,NA,NA,NA,NA
Estonia,2024,24.824887403804176,0.08109668772301923,24.905984091527195,29.46457345066085,0.09625337964892605,29.560826830309775,NA,NA,NA,NA,NA,NA
Estonia,2025,27.690327481697427,0.5474026421303797,28.237730123827806,32.865554420693975,0.6497103126302509,33.51526473332422,NA,NA,NA,NA,NA,NA
Ethiopia,1989,0.0,0.0,0.0,0.0,0.0,0.0,NA,NA,NA,NA,NA,NA
Ethiopia,1990,0.0,0.0,0.0,0.0,0.0,0.0,NA,NA,NA,NA,NA,NA
Ethiopia,1991,0.0,0.0,0.0,0.0,0.0,0.0,NA,NA,NA,NA,NA,NA
Ethiopia,1992,0.0,0.0,0.0,0.0,0.0,0.0,NA,NA,NA,NA,NA,NA
Ethiopia,1993,0.0,0.0,0.0,0.0,0.0,0.0,NA,NA,NA,NA,NA,NA
Ethiopia,1994,0.0,0.0,0.0,0.0,0.0,0.0,NA,NA,NA,NA,NA,NA
Ethiopia,1995,0.0,0.0,0.0,0.0,0.0,0.0,NA,NA,NA,NA,NA,NA
Ethiopia,1996,0.0,0.0,0.0,0.0,0.0,0.0,NA,NA,NA,NA,NA,NA
Ethiopia,1997,0.0,0.0,0.0,0.0,0.0,0.0,NA,NA,NA,NA,NA,NA
Ethiopia,1998,0.0,0.0,0.0,0.0,0.0,0.0,NA,NA,NA,NA,NA,NA
Ethiopia,1999,0.0,0.0,0.0,0.0,0.0,0.0,NA,NA,NA,NA,NA,NA
Ethiopia,2000,0.0,0.0,0.0,0.0,0.0,0.0,NA,NA,NA,NA,NA,NA
Ethiopia,2001,0.0,0.0,0.0,0.0,0.0,0.0,NA,NA,NA,NA,NA,NA
Ethiopia,2002,0.0,0.0,0.0,0.0,0.0,0.0,NA,NA,NA,NA,NA,NA
Ethiopia,2003,0.0,0.0,0.0,0.0,0.0,0.0,NA,NA,NA,NA,NA,NA
Ethiopia,2004,0.0,0.0,0.0,0.0,0.0,0.0,NA,NA,NA,NA,NA,NA
Ethiopia,2005,0.0,0.0,0.0,0.0,0.0,0.0,NA,NA,NA,NA,NA,NA
Ethiopia,2006,0.0,0.0,0.0,0.0,0.0,0.0,NA,NA,NA,NA,NA,NA
Ethiopia,2007,0.0,0.0,0.0,0.0,0.0,0.0,NA,NA,NA,NA,NA,NA
Ethiopia,2008,0.0,0.0,0.0,0.0,0.0,0.0,NA,NA,NA,NA,NA,NA
Ethiopia,2009,0.0,0.0,0.0,0.0,0.0,0.0,NA,NA,NA,NA,NA,NA
Ethiopia,2010,0.0,0.0,0.0,0.0,0.0,0.0,NA,NA,NA,NA,NA,NA
Ethiopia,2011,0.0,0.0,0.0,0.0,0.0,0.0,NA,NA,NA,NA,NA,NA
Ethiopia,2012,0.0,0.0,0.0,0.0,0.0,0.0,NA,NA,NA,NA,NA,NA
Ethiopia,2013,0.0,0.0,0.0,0.0,0.0,0.0,NA,NA,NA,NA,NA,NA
Ethiopia,2014,0.0,0.0,0.0,0.0,0.0,0.0,NA,NA,NA,NA,NA,NA
Ethiopia,2015,0.0,0.0,0.0,0.0,0.0,0.0,NA,NA,NA,NA,NA,NA
Ethiopia,2016,0.0,0.0,0.0,0.0,0.0,0.0,NA,NA,NA,NA,NA,NA
Ethiopia,2017,0.0,0.0,0.0,0.0,0.0,0.0,NA,NA,NA,NA,NA,NA
Ethiopia,2018,0.0,0.0,0.0,0.0,0.0,0.0,NA,NA,NA,NA,NA,NA
Ethiopia,2019,0.0,0.0,0.0,0.0,0.0,0.0,NA,NA,NA,NA,NA,NA
Ethiopia,2020,0.0,0.0,0.0,0.0,0.0,0.0,NA,NA,NA,NA,NA,NA
Ethiopia,2021,0.0,0.0,0.0,0.0,0.0,0.0,NA,NA,NA,NA,NA,NA
Ethiopia,2022,0.0,0.0,0.0,0.0,0.0,0.0,NA,NA,NA,NA,NA,NA
Ethiopia,2023,0.0,0.0,0.0,0.0,0.0,0.0,NA,NA,NA,NA,NA,NA
Ethiopia,2024,0.0,0.0,0.0,0.0,0.0,0.0,NA,NA,NA,NA,NA,NA
Ethiopia,2025,0.0,0.0,0.0,0.0,0.0,0.0,NA,NA,NA,NA,NA,NA
Federated States of Micronesia,1989,0.0,0.0,0.0,0.0,0.0,0.0,NA,NA,NA,NA,NA,NA
Federated States of Micronesia,1990,0.0,0.0,0.0,0.0,0.0,0.0,NA,NA,NA,NA,NA,NA
Federated States of Micronesia,1991,0.0,0.0,0.0,0.0,0.0,0.0,NA,NA,NA,NA,NA,NA
Federated States of Micronesia,1992,0.0,0.0,0.0,0.0,0.0,0.0,NA,NA,NA,NA,NA,NA
Federated States of Micronesia,1993,0.0,0.0,0.0,0.0,0.0,0.0,NA,NA,NA,NA,NA,NA
Federated States of Micronesia,1994,0.0,0.0,0.0,0.0,0.0,0.0,NA,NA,NA,NA,NA,NA
Federated States of Micronesia,1995,0.0,0.0,0.0,0.0,0.0,0.0,NA,NA,NA,NA,NA,NA
Federated States of Micronesia,1996,0.0,0.0,0.0,0.0,0.0,0.0,NA,NA,NA,NA,NA,NA
Federated States of Micronesia,1997,0.0,0.0,0.0,0.0,0.0,0.0,NA,NA,NA,NA,NA,NA
Federated States of Micronesia,1998,0.0,0.0,0.0,0.0,0.0,0.0,NA,NA,NA,NA,NA,NA
Federated States of Micronesia,1999,0.0,0.0,0.0,0.0,0.0,0.0,NA,NA,NA,NA,NA,NA
Federated States of Micronesia,2000,0.0,0.0,0.0,0.0,0.0,0.0,NA,NA,NA,NA,NA,NA
Federated States of Micronesia,2001,0.0,0.0,0.0,0.0,0.0,0.0,NA,NA,NA,NA,NA,NA
Federated States of Micronesia,2002,0.0,0.0,0.0,0.0,0.0,0.0,NA,NA,NA,NA,NA,NA
Federated States of Micronesia,2003,0.0,0.0,0.0,0.0,0.0,0.0,NA,NA,NA,NA,NA,NA
Federated States of Micronesia,2004,0.0,0.0,0.0,0.0,0.0,0.0,NA,NA,NA,NA,NA,NA
Federated States of Micronesia,2005,0.0,0.0,0.0,0.0,0.0,0.0,NA,NA,NA,NA,NA,NA
Federated States of Micronesia,2006,0.0,0.0,0.0,0.0,0.0,0.0,NA,NA,NA,NA,NA,NA
Federated States of Micronesia,2007,0.0,0.0,0.0,0.0,0.0,0.0,NA,NA,NA,NA,NA,NA
Federated States of Micronesia,2008,0.0,0.0,0.0,0.0,0.0,0.0,NA,NA,NA,NA,NA,NA
Federated States of Micronesia,2009,0.0,0.0,0.0,0.0,0.0,0.0,NA,NA,NA,NA,NA,NA
Federated States of Micronesia,2010,0.0,0.0,0.0,0.0,0.0,0.0,NA,NA,NA,NA,NA,NA
Federated States of Micronesia,2011,0.0,0.0,0.0,0.0,0.0,0.0,NA,NA,NA,NA,NA,NA
Federated States of Micronesia,2012,0.0,0.0,0.0,0.0,0.0,0.0,NA,NA,NA,NA,NA,NA
Federated States of Micronesia,2013,0.0,0.0,0.0,0.0,0.0,0.0,NA,NA,NA,NA,NA,NA
Federated States of Micronesia,2014,0.0,0.0,0.0,0.0,0.0,0.0,NA,NA,NA,NA,NA,NA
Federated States of Micronesia,2015,0.0,0.0,0.0,0.0,0.0,0.0,NA,NA,NA,NA,NA,NA
Federated States of Micronesia,2016,0.0,0.0,0.0,0.0,0.0,0.0,NA,NA,NA,NA,NA,NA
Federated States of Micronesia,2017,0.0,0.0,0.0,0.0,0.0,0.0,NA,NA,NA,NA,NA,NA
Federated States of Micronesia,2018,0.0,0.0,0.0,0.0,0.0,0.0,NA,NA,NA,NA,NA,NA
Federated States of Micronesia,2019,0.0,0.0,0.0,0.0,0.0,0.0,NA,NA,NA,NA,NA,NA
Federated States of Micronesia,2020,0.0,0.0,0.0,0.0,0.0,0.0,NA,NA,NA,NA,NA,NA
Federated States of Micronesia,2021,0.0,0.0,0.0,0.0,0.0,0.0,NA,NA,NA,NA,NA,NA
Federated States of Micronesia,2022,0.0,0.0,0.0,0.0,0.0,0.0,NA,NA,NA,NA,NA,NA
Federated States of Micronesia,2023,0.0,0.0,0.0,0.0,0.0,0.0,NA,NA,NA,NA,NA,NA
Federated States of Micronesia,2024,0.0,0.0,0.0,0.0,0.0,0.0,NA,NA,NA,NA,NA,NA
Federated States of Micronesia,2025,0.0,0.0,0.0,0.0,0.0,0.0,NA,NA,NA,NA,NA,NA
Fiji,1989,0.0,0.0,0.0,0.0,0.0,0.0,NA,NA,NA,NA,NA,NA
Fiji,1990,0.0,0.0,0.0,0.0,0.0,0.0,NA,NA,NA,NA,NA,NA
Fiji,1991,0.0,0.0,0.0,0.0,0.0,0.0,NA,NA,NA,NA,NA,NA
Fiji,1992,0.0,0.0,0.0,0.0,0.0,0.0,NA,NA,NA,NA,NA,NA
Fiji,1993,0.0,0.0,0.0,0.0,0.0,0.0,NA,NA,NA,NA,NA,NA
Fiji,1994,0.0,0.0,0.0,0.0,0.0,0.0,NA,NA,NA,NA,NA,NA
Fiji,1995,0.0,0.0,0.0,0.0,0.0,0.0,NA,NA,NA,NA,NA,NA
Fiji,1996,0.0,0.0,0.0,0.0,0.0,0.0,NA,NA,NA,NA,NA,NA
Fiji,1997,0.0,0.0,0.0,0.0,0.0,0.0,NA,NA,NA,NA,NA,NA
Fiji,1998,0.0,0.0,0.0,0.0,0.0,0.0,NA,NA,NA,NA,NA,NA
Fiji,1999,0.0,0.0,0.0,0.0,0.0,0.0,NA,NA,NA,NA,NA,NA
Fiji,2000,0.0,0.0,0.0,0.0,0.0,0.0,NA,NA,NA,NA,NA,NA
Fiji,2001,0.0,0.0,0.0,0.0,0.0,0.0,NA,NA,NA,NA,NA,NA
Fiji,2002,0.0,0.0,0.0,0.0,0.0,0.0,NA,NA,NA,NA,NA,NA
Fiji,2003,0.0,0.0,0.0,0.0,0.0,0.0,NA,NA,NA,NA,NA,NA
Fiji,2004,0.0,0.0,0.0,0.0,0.0,0.0,NA,NA,NA,NA,NA,NA
Fiji,2005,0.0,0.0,0.0,0.0,0.0,0.0,NA,NA,NA,NA,NA,NA
Fiji,2006,0.0,0.0,0.0,0.0,0.0,0.0,NA,NA,NA,NA,NA,NA
Fiji,2007,0.0,0.0,0.0,0.0,0.0,0.0,NA,NA,NA,NA,NA,NA
Fiji,2008,0.0,0.0,0.0,0.0,0.0,0.0,NA,NA,NA,NA,NA,NA
Fiji,2009,0.0,0.0,0.0,0.0,0.0,0.0,NA,NA,NA,NA,NA,NA
Fiji,2010,0.0,0.0,0.0,0.0,0.0,0.0,NA,NA,NA,NA,NA,NA
Fiji,2011,0.0,0.0,0.0,0.0,0.0,0.0,NA,NA,NA,NA,NA,NA
Fiji,2012,0.0,0.0,0.0,0.0,0.0,0.0,NA,NA,NA,NA,NA,NA
Fiji,2013,0.0,0.0,0.0,0.0,0.0,0.0,NA,NA,NA,NA,NA,NA
Fiji,2014,0.0,0.0,0.0,0.0,0.0,0.0,NA,NA,NA,NA,NA,NA
Fiji,2015,0.0,0.0,0.0,0.0,0.0,0.0,NA,NA,NA,NA,NA,NA
Fiji,2016,0.0,0.0,0.0,0.0,0.0,0.0,NA,NA,NA,NA,NA,NA
Fiji,2017,0.0,0.0,0.0,0.0,0.0,0.0,NA,NA,NA,NA,NA,NA
Fiji,2018,0.0,0.0,0.0,0.0,0.0,0.0,NA,NA,NA,NA,NA,NA
Fiji,2019,0.0,0.0,0.0,0.0,0.0,0.0,NA,NA,NA,NA,NA,NA
Fiji,2020,0.0,0.0,0.0,0.0,0.0,0.0,NA,NA,NA,NA,NA,NA
Fiji,2021,0.0,0.0,0.0,0.0,0.0,0.0,NA,NA,NA,NA,NA,NA
Fiji,2022,0.0,0.0,0.0,0.0,0.0,0.0,NA,NA,NA,NA,NA,NA
Fiji,2023,0.0,0.0,0.0,0.0,0.0,0.0,NA,NA,NA,NA,NA,NA
Fiji,2024,0.0,0.0,0.0,0.0,0.0,0.0,NA,NA,NA,NA,NA,NA
Fiji,2025,0.0,0.0,0.0,0.0,0.0,0.0,NA,NA,NA,NA,NA,NA
Finland,1989,0.0,0.0,0.0,0.0,0.0,0.0,NA,NA,NA,NA,NA,NA
Finland,1990,0.0,1.0796107544482578,1.0796107544482578,0.0,1.3858963297520295,1.3858963297520295,NA,NA,NA,NA,NA,NA
Finland,1991,0.0,1.0634845338042425,1.0634845338042425,0.0,1.3651951002475737,1.3651951002475737,NA,NA,NA,NA,NA,NA
Finland,1992,0.0,1.0540644445553782,1.0540644445553782,0.0,1.3531025316415768,1.3531025316415768,NA,NA,NA,NA,NA,NA
Finland,1993,0.0,2.0715567726147706,2.0715567726147706,0.0,2.6592574371927173,2.6592574371927173,NA,NA,NA,NA,NA,NA
Finland,1994,0.0,2.7856700861277384,2.7856700861277384,0.0,3.5759647005716086,3.5759647005716086,NA,NA,NA,NA,NA,NA
Finland,1995,0.0,4.44511607429822,4.44511607429822,0.0,5.706195522144462,5.706195522144462,NA,NA,NA,NA,NA,NA
Finland,1996,0.0,4.448735429628997,4.448735429628997,0.0,5.710841688596886,5.710841688596886,NA,NA,NA,NA,NA,NA
Finland,1997,0.0,7.9280574768422705,7.9280574768422705,0.0,10.177247414355424,10.177247414355424,NA,NA,NA,NA,NA,NA
Finland,1998,0.0,9.814626239936713,9.814626239936713,0.0,12.59903574299579,12.59903574299579,NA,NA,NA,NA,NA,NA
Finland,1999,0.0,11.065137690290896,11.065137690290896,0.0,14.204317296757685,14.204317296757685,NA,NA,NA,NA,NA,NA
Finland,2000,0.0,10.886876810631325,10.886876810631325,0.0,13.975483804834179,13.975483804834179,NA,NA,NA,NA,NA,NA
Finland,2001,0.0,10.538614490697077,10.538614490697077,0.0,13.528419463358192,13.528419463358192,NA,NA,NA,NA,NA,NA
Finland,2002,0.0,10.440149951308307,10.440149951308307,0.0,13.40202053375568,13.40202053375568,NA,NA,NA,NA,NA,NA
Finland,2003,0.0,11.074033211482547,11.074033211482547,0.0,14.215736477346566,14.215736477346566,NA,NA,NA,NA,NA,NA
Finland,2004,0.0,11.007740215087338,11.007740215087338,0.0,14.130636157612035,14.130636157612035,NA,NA,NA,NA,NA,NA
Finland,2005,15.78967642834748,10.906379141075421,26.696055569422903,20.269207693473085,14.000518946502341,34.269726639975424,NA,NA,NA,NA,NA,NA
Finland,2006,13.09223151762625,10.806935852225354,23.899167369851604,16.80649765091949,13.872863596212492,30.67936124713198,NA,NA,NA,NA,NA,NA
Finland,2007,0.48524227387694996,10.517248933046075,11.002491206923025,0.6229055088935987,13.50099249691716,14.123898005810759,NA,NA,NA,NA,NA,NA
Finland,2008,12.401344973227415,11.491360775959636,23.89270574918705,15.919606591144207,14.751459873515152,30.67106646465936,NA,NA,NA,NA,NA,NA
Finland,2009,9.219400822564262,11.290921478476767,20.51032230104103,11.834944872362346,14.494155946544224,26.329100818906568,NA,NA,NA,NA,NA,NA
Finland,2010,10.018751283635174,11.251667434069496,21.270418717704672,12.861071062398244,14.443765529583473,27.30483659198172,NA,NA,NA,NA,NA,NA
Finland,2011,8.811451001022418,13.30924093549774,22.12069193652016,11.311259684836795,17.08507264149878,28.396332326335575,NA,NA,NA,NA,NA,NA
Finland,2012,5.070263725479854,28.24111250657543,33.31137623205528,6.508697564437012,36.25311623630445,42.761813800741464,NA,NA,NA,NA,NA,NA
Finland,2013,2.9943171303505243,28.356932694920175,31.3512498252707,3.8438049120650066,36.401794612540336,40.24559952460534,NA,NA,NA,NA,NA,NA
Finland,2014,3.9212327890687813,31.689173324106804,35.610406113175586,5.033686546824958,40.67939192139678,45.71307846822174,NA,NA,NA,NA,NA,NA
Finland,2015,4.980046584671179,32.610359793287074,37.59040637795825,6.392885820424364,41.86191899552417,48.25480481594853,NA,NA,NA,NA,NA,NA
Finland,2016,3.467259312382055,34.1812073684534,37.648466680835455,4.450920793008029,43.878416033973444,48.329336826981475,NA,NA,NA,NA,NA,NA
Finland,2017,3.7470137689035803,36.287520638464414,40.03453440736799,4.810041589950347,46.58229038701108,51.39233197696142,NA,NA,NA,NA,NA,NA
Finland,2018,9.969609455639734,36.200774174266606,46.17038362990634,12.79798769760628,46.47093395057752,59.2689216481838,NA,NA,NA,NA,NA,NA
Finland,2019,15.450183014333183,42.91144552629125,58.36162854062444,19.833399996561198,55.08542279169325,74.91882278825445,NA,NA,NA,NA,NA,NA
Finland,2020,15.127807997743373,42.21971096442578,57.347518962169154,19.419567186490777,54.19744313189269,73.61701031838346,NA,NA,NA,NA,NA,NA
Finland,2021,31.946199800411364,41.21625493019212,73.16245473060349,41.00933681004475,52.909306616781116,93.91864342682587,NA,NA,NA,NA,NA,NA
Finland,2022,45.78229729551335,39.08627412116965,84.86857141668301,58.77073521918973,50.175050243820934,108.94578546301067,NA,NA,NA,NA,NA,NA
Finland,2023,45.62574744861916,37.61423452521144,83.2399819738306,58.56977218011295,48.285393008671626,106.85516518878458,NA,NA,NA,NA,NA,NA
Finland,2024,35.32157900191956,42.23762723344848,77.55920623536804,45.34231110436089,54.22044224650793,99.56275335086882,NA,NA,NA,NA,NA,NA
Finland,2025,39.39861131389948,0.0,39.39861131389948,50.57599749936262,0.0,50.57599749936262,NA,NA,NA,NA,NA,NA
Florida,1989,0.0,0.0,0.0,0.0,0.0,0.0,0.0,0.0,0.0,0.0,0.0,0.0
Florida,1990,0.0,0.0,0.0,0.0,0.0,0.0,0.0,0.0,0.0,0.0,0.0,0.0
Florida,1991,0.0,0.0,0.0,0.0,0.0,0.0,0.0,0.0,0.0,0.0,0.0,0.0
Florida,1992,0.0,0.0,0.0,0.0,0.0,0.0,0.0,0.0,0.0,0.0,0.0,0.0
Florida,1993,0.0,0.0,0.0,0.0,0.0,0.0,0.0,0.0,0.0,0.0,0.0,0.0
Florida,1994,0.0,0.0,0.0,0.0,0.0,0.0,0.0,0.0,0.0,0.0,0.0,0.0
Florida,1995,0.0,0.0,0.0,0.0,0.0,0.0,0.0,0.0,0.0,0.0,0.0,0.0
Florida,1996,0.0,0.0,0.0,0.0,0.0,0.0,0.0,0.0,0.0,0.0,0.0,0.0
Florida,1997,0.0,0.0,0.0,0.0,0.0,0.0,0.0,0.0,0.0,0.0,0.0,0.0
Florida,1998,0.0,0.0,0.0,0.0,0.0,0.0,0.0,0.0,0.0,0.0,0.0,0.0
Florida,1999,0.0,0.0,0.0,0.0,0.0,0.0,0.0,0.0,0.0,0.0,0.0,0.0
Florida,2000,0.0,0.0,0.0,0.0,0.0,0.0,0.0,0.0,0.0,0.0,0.0,0.0
Florida,2001,0.0,0.0,0.0,0.0,0.0,0.0,0.0,0.0,0.0,0.0,0.0,0.0
Florida,2002,0.0,0.0,0.0,0.0,0.0,0.0,0.0,0.0,0.0,0.0,0.0,0.0
Florida,2003,0.0,0.0,0.0,0.0,0.0,0.0,0.0,0.0,0.0,0.0,0.0,0.0
Florida,2004,0.0,0.0,0.0,0.0,0.0,0.0,0.0,0.0,0.0,0.0,0.0,0.0
Florida,2005,0.0,0.0,0.0,0.0,0.0,0.0,0.0,0.0,0.0,0.0,0.0,0.0
Florida,2006,0.0,0.0,0.0,0.0,0.0,0.0,0.0,0.0,0.0,0.0,0.0,0.0
Florida,2007,0.0,0.0,0.0,0.0,0.0,0.0,0.0,0.0,0.0,0.0,0.0,0.0
Florida,2008,0.0,0.0,0.0,0.0,0.0,0.0,0.0,0.0,0.0,0.0,0.0,0.0
Florida,2009,0.0,0.0,0.0,0.0,0.0,0.0,0.0,0.0,0.0,0.0,0.0,0.0
Florida,2010,0.0,0.0,0.0,0.0,0.0,0.0,0.0,0.0,0.0,0.0,0.0,0.0
Florida,2011,0.0,0.0,0.0,0.0,0.0,0.0,0.0,0.0,0.0,0.0,0.0,0.0
Florida,2012,0.0,0.0,0.0,0.0,0.0,0.0,0.0,0.0,0.0,0.0,0.0,0.0
Florida,2013,0.0,0.0,0.0,0.0,0.0,0.0,0.0,0.0,0.0,0.0,0.0,0.0
Florida,2014,0.0,0.0,0.0,0.0,0.0,0.0,0.0,0.0,0.0,0.0,0.0,0.0
Florida,2015,0.0,0.0,0.0,0.0,0.0,0.0,0.0,0.0,0.0,0.0,0.0,0.0
Florida,2016,0.0,0.0,0.0,0.0,0.0,0.0,0.0,0.0,0.0,0.0,0.0,0.0
Florida,2017,0.0,0.0,0.0,0.0,0.0,0.0,0.0,0.0,0.0,0.0,0.0,0.0
Florida,2018,0.0,0.0,0.0,0.0,0.0,0.0,0.0,0.0,0.0,0.0,0.0,0.0
Florida,2019,0.0,0.0,0.0,0.0,0.0,0.0,0.0,0.0,0.0,0.0,0.0,0.0
Florida,2020,0.0,0.0,0.0,0.0,0.0,0.0,0.0,0.0,0.0,0.0,0.0,0.0
Florida,2021,0.0,0.0,0.0,0.0,0.0,0.0,0.0,0.0,0.0,0.0,0.0,0.0
Florida,2022,0.0,0.0,0.0,0.0,0.0,0.0,0.0,0.0,0.0,0.0,0.0,0.0
Florida,2023,0.0,0.0,0.0,0.0,0.0,0.0,0.0,0.0,0.0,0.0,0.0,0.0
Florida,2024,0.0,0.0,0.0,0.0,0.0,0.0,0.0,0.0,0.0,0.0,0.0,0.0
Florida,2025,0.0,0.0,0.0,0.0,0.0,0.0,0.0,0.0,0.0,0.0,0.0,0.0
France,1989,0.0,0.0,0.0,0.0,0.0,0.0,NA,NA,NA,NA,NA,NA
France,1990,0.0,0.0,0.0,0.0,0.0,0.0,NA,NA,NA,NA,NA,NA
France,1991,0.0,0.0,0.0,0.0,0.0,0.0,NA,NA,NA,NA,NA,NA
France,1992,0.0,0.0,0.0,0.0,0.0,0.0,NA,NA,NA,NA,NA,NA
France,1993,0.0,0.0,0.0,0.0,0.0,0.0,NA,NA,NA,NA,NA,NA
France,1994,0.0,0.0,0.0,0.0,0.0,0.0,NA,NA,NA,NA,NA,NA
France,1995,0.0,0.0,0.0,0.0,0.0,0.0,NA,NA,NA,NA,NA,NA
France,1996,0.0,0.0,0.0,0.0,0.0,0.0,NA,NA,NA,NA,NA,NA
France,1997,0.0,0.0,0.0,0.0,0.0,0.0,NA,NA,NA,NA,NA,NA
France,1998,0.0,0.0,0.0,0.0,0.0,0.0,NA,NA,NA,NA,NA,NA
France,1999,0.0,0.0,0.0,0.0,0.0,0.0,NA,NA,NA,NA,NA,NA
France,2000,0.0,0.0,0.0,0.0,0.0,0.0,NA,NA,NA,NA,NA,NA
France,2001,0.0,0.0,0.0,0.0,0.0,0.0,NA,NA,NA,NA,NA,NA
France,2002,0.0,0.0,0.0,0.0,0.0,0.0,NA,NA,NA,NA,NA,NA
France,2003,0.0,0.0,0.0,0.0,0.0,0.0,NA,NA,NA,NA,NA,NA
France,2004,0.0,0.0,0.0,0.0,0.0,0.0,NA,NA,NA,NA,NA,NA
France,2005,6.689593299506841,0.0,6.689593299506841,9.177942495039034,0.0,9.177942495039034,NA,NA,NA,NA,NA,NA
France,2006,5.488190338477543,0.0,5.488190338477543,7.529649871553329,0.0,7.529649871553329,NA,NA,NA,NA,NA,NA
France,2007,0.2041446838570556,0.0,0.2041446838570556,0.2800810281315762,0.0,0.2800810281315762,NA,NA,NA,NA,NA,NA
France,2008,5.254905191994109,0.0,5.254905191994109,7.209588910668075,0.0,7.209588910668075,NA,NA,NA,NA,NA,NA
France,2009,3.9717410547315852,0.0,3.9717410547315852,5.449122147410583,0.0,5.449122147410583,NA,NA,NA,NA,NA,NA
France,2010,4.284483810523105,0.0,4.284483810523105,5.878196816061397,0.0,5.878196816061397,NA,NA,NA,NA,NA,NA
France,2011,3.8335520340401943,0.0,3.8335520340401943,5.259530519255125,0.0,5.259530519255125,NA,NA,NA,NA,NA,NA
France,2012,2.4266089606571484,0.0,2.4266089606571484,3.329242377186008,0.0,3.329242377186008,NA,NA,NA,NA,NA,NA
France,2013,1.4588648488462082,0.0,1.4588648488462082,2.001523424709747,0.0,2.001523424709747,NA,NA,NA,NA,NA,NA
France,2014,1.9308681519546491,1.7783704201250727,3.709238572079722,2.6490992906023876,2.439876494732433,5.088975785334821,NA,NA,NA,NA,NA,NA
France,2015,2.4643239572118314,8.352042694192829,10.81636665140466,3.380986340395997,11.458778453551677,14.839764793947674,NA,NA,NA,NA,NA,NA
France,2016,1.7078500124185352,12.60685478724689,14.314704799665424,2.3431243877388703,17.296266469471217,19.63939085721009,NA,NA,NA,NA,NA,NA
France,2017,1.8502289853962737,17.375803206838917,19.22603219223519,2.538464517995927,23.839135728810135,26.37760024680606,NA,NA,NA,NA,NA,NA
France,2018,4.965346552709195,25.128471309959657,30.093817862668853,6.812322227730174,34.475588327327735,41.287910555057906,NA,NA,NA,NA,NA,NA
France,2019,7.715566040037144,24.827923580452698,32.543489620489844,10.585549563582184,34.06324490749192,44.648794471074105,NA,NA,NA,NA,NA,NA
France,2020,7.456305502184049,24.109934833372655,31.566240335556706,10.229851062774367,33.07818361336638,43.30803467614074,NA,NA,NA,NA,NA,NA
France,2021,15.934538758003645,23.818911547440536,39.75345030544418,21.861759580617477,32.67890747453158,54.54066705514906,NA,NA,NA,NA,NA,NA
France,2022,23.328972647730904,23.07572724597512,46.404699893706024,32.006724451394845,31.659278555899377,63.66600300729422,NA,NA,NA,NA,NA,NA
France,2023,22.942300725508236,21.913527581742525,44.85582830725076,31.476220950252635,30.064771803617923,61.540992753870555,NA,NA,NA,NA,NA,NA
France,2024,17.760986567385224,21.913527581742525,39.674514149127745,24.367596963277187,30.064771803617923,54.43236876689511,NA,NA,NA,NA,NA,NA
France,2025,19.811068080556982,21.913527581742525,41.72459566229951,27.18025378643863,30.064771803617923,57.24502559005656,NA,NA,NA,NA,NA,NA
Fujian Province,1989,0.0,0.0,0.0,0.0,0.0,0.0,0.0,0.0,0.0,0.0,0.0,0.0
Fujian Province,1990,0.0,0.0,0.0,0.0,0.0,0.0,0.0,0.0,0.0,0.0,0.0,0.0
Fujian Province,1991,0.0,0.0,0.0,0.0,0.0,0.0,0.0,0.0,0.0,0.0,0.0,0.0
Fujian Province,1992,0.0,0.0,0.0,0.0,0.0,0.0,0.0,0.0,0.0,0.0,0.0,0.0
Fujian Province,1993,0.0,0.0,0.0,0.0,0.0,0.0,0.0,0.0,0.0,0.0,0.0,0.0
Fujian Province,1994,0.0,0.0,0.0,0.0,0.0,0.0,0.0,0.0,0.0,0.0,0.0,0.0
Fujian Province,1995,0.0,0.0,0.0,0.0,0.0,0.0,0.0,0.0,0.0,0.0,0.0,0.0
Fujian Province,1996,0.0,0.0,0.0,0.0,0.0,0.0,0.0,0.0,0.0,0.0,0.0,0.0
Fujian Province,1997,0.0,0.0,0.0,0.0,0.0,0.0,0.0,0.0,0.0,0.0,0.0,0.0
Fujian Province,1998,0.0,0.0,0.0,0.0,0.0,0.0,0.0,0.0,0.0,0.0,0.0,0.0
Fujian Province,1999,0.0,0.0,0.0,0.0,0.0,0.0,0.0,0.0,0.0,0.0,0.0,0.0
Fujian Province,2000,0.0,0.0,0.0,0.0,0.0,0.0,0.0,0.0,0.0,0.0,0.0,0.0
Fujian Province,2001,0.0,0.0,0.0,0.0,0.0,0.0,0.0,0.0,0.0,0.0,0.0,0.0
Fujian Province,2002,0.0,0.0,0.0,0.0,0.0,0.0,0.0,0.0,0.0,0.0,0.0,0.0
Fujian Province,2003,0.0,0.0,0.0,0.0,0.0,0.0,0.0,0.0,0.0,0.0,0.0,0.0
Fujian Province,2004,0.0,0.0,0.0,0.0,0.0,0.0,0.0,0.0,0.0,0.0,0.0,0.0
Fujian Province,2005,0.0,0.0,0.0,0.0,0.0,0.0,0.0,0.0,0.0,0.0,0.0,0.0
Fujian Province,2006,0.0,0.0,0.0,0.0,0.0,0.0,0.0,0.0,0.0,0.0,0.0,0.0
Fujian Province,2007,0.0,0.0,0.0,0.0,0.0,0.0,0.0,0.0,0.0,0.0,0.0,0.0
Fujian Province,2008,0.0,0.0,0.0,0.0,0.0,0.0,0.0,0.0,0.0,0.0,0.0,0.0
Fujian Province,2009,0.0,0.0,0.0,0.0,0.0,0.0,0.0,0.0,0.0,0.0,0.0,0.0
Fujian Province,2010,0.0,0.0,0.0,0.0,0.0,0.0,0.0,0.0,0.0,0.0,0.0,0.0
Fujian Province,2011,0.0,0.0,0.0,0.0,0.0,0.0,0.0,0.0,0.0,0.0,0.0,0.0
Fujian Province,2012,0.0,0.0,0.0,0.0,0.0,0.0,0.0,0.0,0.0,0.0,0.0,0.0
Fujian Province,2013,0.0,0.0,0.0,0.0,0.0,0.0,0.0,0.0,0.0,0.0,0.0,0.0
Fujian Province,2014,0.0,0.0,0.0,0.0,0.0,0.0,0.0,0.0,0.0,0.0,0.0,0.0
Fujian Province,2015,0.0,0.0,0.0,0.0,0.0,0.0,0.0,0.0,0.0,0.0,0.0,0.0
Fujian Province,2016,0.0,0.0,0.0,0.0,0.0,0.0,0.0,0.0,0.0,0.0,0.0,0.0
Fujian Province,2017,0.0,0.0,0.0,0.0,0.0,0.0,0.0,0.0,0.0,0.0,0.0,0.0
Fujian Province,2018,0.0,0.0,0.0,0.0,0.0,0.0,0.0,0.0,0.0,0.0,0.0,0.0
Fujian Province,2019,0.0,0.0,0.0,0.0,0.0,0.0,0.0,0.0,0.0,0.0,0.0,0.0
Fujian Province,2020,0.0,0.0,0.0,0.0,0.0,0.0,0.0,0.0,0.0,0.0,0.0,0.0
Fujian Province,2021,0.0,0.0,0.0,0.0,0.0,0.0,0.0,0.0,0.0,0.0,0.0,0.0
Fujian Province,2022,0.0,0.0,0.0,0.0,0.0,0.0,0.0,0.0,0.0,0.0,0.0,0.0
Fujian Province,2023,0.0,0.0,0.0,0.0,0.0,0.0,0.0,0.0,0.0,0.0,0.0,0.0
Fujian Province,2024,0.0,0.0,0.0,0.0,0.0,0.0,0.0,0.0,0.0,0.0,0.0,0.0
Fujian Province,2025,0.0,0.0,0.0,0.0,0.0,0.0,0.0,0.0,0.0,0.0,0.0,0.0
Fukui,1989,0.0,0.0,0.0,0.0,0.0,0.0,0.0,0.0,0.0,0.0,0.0,0.0
Fukui,1990,0.0,0.0,0.0,0.0,0.0,0.0,0.0,0.0,0.0,0.0,0.0,0.0
Fukui,1991,0.0,0.0,0.0,0.0,0.0,0.0,0.0,0.0,0.0,0.0,0.0,0.0
Fukui,1992,0.0,0.0,0.0,0.0,0.0,0.0,0.0,0.0,0.0,0.0,0.0,0.0
Fukui,1993,0.0,0.0,0.0,0.0,0.0,0.0,0.0,0.0,0.0,0.0,0.0,0.0
Fukui,1994,0.0,0.0,0.0,0.0,0.0,0.0,0.0,0.0,0.0,0.0,0.0,0.0
Fukui,1995,0.0,0.0,0.0,0.0,0.0,0.0,0.0,0.0,0.0,0.0,0.0,0.0
Fukui,1996,0.0,0.0,0.0,0.0,0.0,0.0,0.0,0.0,0.0,0.0,0.0,0.0
Fukui,1997,0.0,0.0,0.0,0.0,0.0,0.0,0.0,0.0,0.0,0.0,0.0,0.0
Fukui,1998,0.0,0.0,0.0,0.0,0.0,0.0,0.0,0.0,0.0,0.0,0.0,0.0
Fukui,1999,0.0,0.0,0.0,0.0,0.0,0.0,0.0,0.0,0.0,0.0,0.0,0.0
Fukui,2000,0.0,0.0,0.0,0.0,0.0,0.0,0.0,0.0,0.0,0.0,0.0,0.0
Fukui,2001,0.0,0.0,0.0,0.0,0.0,0.0,0.0,0.0,0.0,0.0,0.0,0.0
Fukui,2002,0.0,0.0,0.0,0.0,0.0,0.0,0.0,0.0,0.0,0.0,0.0,0.0
Fukui,2003,0.0,0.0,0.0,0.0,0.0,0.0,0.0,0.0,0.0,0.0,0.0,0.0
Fukui,2004,0.0,0.0,0.0,0.0,0.0,0.0,0.0,0.0,0.0,0.0,0.0,0.0
Fukui,2005,0.0,0.0,0.0,0.0,0.0,0.0,0.0,0.0,0.0,0.0,0.0,0.0
Fukui,2006,0.0,0.0,0.0,0.0,0.0,0.0,0.0,0.0,0.0,0.0,0.0,0.0
Fukui,2007,0.0,0.0,0.0,0.0,0.0,0.0,0.0,0.0,0.0,0.0,0.0,0.0
Fukui,2008,0.0,0.0,0.0,0.0,0.0,0.0,0.0,0.0,0.0,0.0,0.0,0.0
Fukui,2009,0.0,0.0,0.0,0.0,0.0,0.0,0.0,0.0,0.0,0.0,0.0,0.0
Fukui,2010,0.0,0.0,0.0,0.0,0.0,0.0,0.0,0.0,0.0,0.0,0.0,0.0
Fukui,2011,0.0,0.0,0.0,0.0,0.0,0.0,0.0,0.0,0.0,0.0,0.0,0.0
Fukui,2012,0.0,0.0,0.0,0.0,0.0,0.0,0.0,0.0,0.0,0.0,0.0,0.0
Fukui,2013,0.0,0.0,0.0,0.0,0.0,0.0,0.0,0.0,0.0,0.0,0.0,0.0
Fukui,2014,0.0,0.0,0.0,0.0,0.0,0.0,0.0,0.0,0.0,0.0,0.0,0.0
Fukui,2015,0.0,0.0,0.0,0.0,0.0,0.0,0.0,0.0,0.0,0.0,0.0,0.0
Fukui,2016,0.0,0.0,0.0,0.0,0.0,0.0,0.0,0.0,0.0,0.0,0.0,0.0
Fukui,2017,0.0,0.0,0.0,0.0,0.0,0.0,0.0,0.0,0.0,0.0,0.0,0.0
Fukui,2018,0.0,0.0,0.0,0.0,0.0,0.0,0.0,0.0,0.0,0.0,0.0,0.0
Fukui,2019,0.0,0.0,0.0,0.0,0.0,0.0,0.0,0.0,0.0,0.0,0.0,0.0
Fukui,2020,0.0,0.0,0.0,0.0,0.0,0.0,0.0,0.0,0.0,0.0,0.0,0.0
Fukui,2021,0.0,0.0,0.0,0.0,0.0,0.0,0.0,0.0,0.0,0.0,0.0,0.0
Fukui,2022,0.0,0.0,0.0,0.0,0.0,0.0,0.0,0.0,0.0,0.0,0.0,0.0
Fukui,2023,0.0,0.0,0.0,0.0,0.0,0.0,0.0,0.0,0.0,0.0,0.0,0.0
Fukui,2024,0.0,0.0,0.0,0.0,0.0,0.0,0.0,0.0,0.0,0.0,0.0,0.0
Fukui,2025,0.0,0.0,0.0,0.0,0.0,0.0,0.0,0.0,0.0,0.0,0.0,0.0
Fukuoka,1989,0.0,0.0,0.0,0.0,0.0,0.0,0.0,0.0,0.0,0.0,0.0,0.0
Fukuoka,1990,0.0,0.0,0.0,0.0,0.0,0.0,0.0,0.0,0.0,0.0,0.0,0.0
Fukuoka,1991,0.0,0.0,0.0,0.0,0.0,0.0,0.0,0.0,0.0,0.0,0.0,0.0
Fukuoka,1992,0.0,0.0,0.0,0.0,0.0,0.0,0.0,0.0,0.0,0.0,0.0,0.0
Fukuoka,1993,0.0,0.0,0.0,0.0,0.0,0.0,0.0,0.0,0.0,0.0,0.0,0.0
Fukuoka,1994,0.0,0.0,0.0,0.0,0.0,0.0,0.0,0.0,0.0,0.0,0.0,0.0
Fukuoka,1995,0.0,0.0,0.0,0.0,0.0,0.0,0.0,0.0,0.0,0.0,0.0,0.0
Fukuoka,1996,0.0,0.0,0.0,0.0,0.0,0.0,0.0,0.0,0.0,0.0,0.0,0.0
Fukuoka,1997,0.0,0.0,0.0,0.0,0.0,0.0,0.0,0.0,0.0,0.0,0.0,0.0
Fukuoka,1998,0.0,0.0,0.0,0.0,0.0,0.0,0.0,0.0,0.0,0.0,0.0,0.0
Fukuoka,1999,0.0,0.0,0.0,0.0,0.0,0.0,0.0,0.0,0.0,0.0,0.0,0.0
Fukuoka,2000,0.0,0.0,0.0,0.0,0.0,0.0,0.0,0.0,0.0,0.0,0.0,0.0
Fukuoka,2001,0.0,0.0,0.0,0.0,0.0,0.0,0.0,0.0,0.0,0.0,0.0,0.0
Fukuoka,2002,0.0,0.0,0.0,0.0,0.0,0.0,0.0,0.0,0.0,0.0,0.0,0.0
Fukuoka,2003,0.0,0.0,0.0,0.0,0.0,0.0,0.0,0.0,0.0,0.0,0.0,0.0
Fukuoka,2004,0.0,0.0,0.0,0.0,0.0,0.0,0.0,0.0,0.0,0.0,0.0,0.0
Fukuoka,2005,0.0,0.0,0.0,0.0,0.0,0.0,0.0,0.0,0.0,0.0,0.0,0.0
Fukuoka,2006,0.0,0.0,0.0,0.0,0.0,0.0,0.0,0.0,0.0,0.0,0.0,0.0
Fukuoka,2007,0.0,0.0,0.0,0.0,0.0,0.0,0.0,0.0,0.0,0.0,0.0,0.0
Fukuoka,2008,0.0,0.0,0.0,0.0,0.0,0.0,0.0,0.0,0.0,0.0,0.0,0.0
Fukuoka,2009,0.0,0.0,0.0,0.0,0.0,0.0,0.0,0.0,0.0,0.0,0.0,0.0
Fukuoka,2010,0.0,0.0,0.0,0.0,0.0,0.0,0.0,0.0,0.0,0.0,0.0,0.0
Fukuoka,2011,0.0,0.0,0.0,0.0,0.0,0.0,0.0,0.0,0.0,0.0,0.0,0.0
Fukuoka,2012,0.0,0.0,0.0,0.0,0.0,0.0,0.0,0.0,0.0,0.0,0.0,0.0
Fukuoka,2013,0.0,0.0,0.0,0.0,0.0,0.0,0.0,0.0,0.0,0.0,0.0,0.0
Fukuoka,2014,0.0,0.0,0.0,0.0,0.0,0.0,0.0,0.0,0.0,0.0,0.0,0.0
Fukuoka,2015,0.0,0.0,0.0,0.0,0.0,0.0,0.0,0.0,0.0,0.0,0.0,0.0
Fukuoka,2016,0.0,0.0,0.0,0.0,0.0,0.0,0.0,0.0,0.0,0.0,0.0,0.0
Fukuoka,2017,0.0,0.0,0.0,0.0,0.0,0.0,0.0,0.0,0.0,0.0,0.0,0.0
Fukuoka,2018,0.0,0.0,0.0,0.0,0.0,0.0,0.0,0.0,0.0,0.0,0.0,0.0
Fukuoka,2019,0.0,0.0,0.0,0.0,0.0,0.0,0.0,0.0,0.0,0.0,0.0,0.0
Fukuoka,2020,0.0,0.0,0.0,0.0,0.0,0.0,0.0,0.0,0.0,0.0,0.0,0.0
Fukuoka,2021,0.0,0.0,0.0,0.0,0.0,0.0,0.0,0.0,0.0,0.0,0.0,0.0
Fukuoka,2022,0.0,0.0,0.0,0.0,0.0,0.0,0.0,0.0,0.0,0.0,0.0,0.0
Fukuoka,2023,0.0,0.0,0.0,0.0,0.0,0.0,0.0,0.0,0.0,0.0,0.0,0.0
Fukuoka,2024,0.0,0.0,0.0,0.0,0.0,0.0,0.0,0.0,0.0,0.0,0.0,0.0
Fukuoka,2025,0.0,0.0,0.0,0.0,0.0,0.0,0.0,0.0,0.0,0.0,0.0,0.0
Fukushima,1989,0.0,0.0,0.0,0.0,0.0,0.0,0.0,0.0,0.0,0.0,0.0,0.0
Fukushima,1990,0.0,0.0,0.0,0.0,0.0,0.0,0.0,0.0,0.0,0.0,0.0,0.0
Fukushima,1991,0.0,0.0,0.0,0.0,0.0,0.0,0.0,0.0,0.0,0.0,0.0,0.0
Fukushima,1992,0.0,0.0,0.0,0.0,0.0,0.0,0.0,0.0,0.0,0.0,0.0,0.0
Fukushima,1993,0.0,0.0,0.0,0.0,0.0,0.0,0.0,0.0,0.0,0.0,0.0,0.0
Fukushima,1994,0.0,0.0,0.0,0.0,0.0,0.0,0.0,0.0,0.0,0.0,0.0,0.0
Fukushima,1995,0.0,0.0,0.0,0.0,0.0,0.0,0.0,0.0,0.0,0.0,0.0,0.0
Fukushima,1996,0.0,0.0,0.0,0.0,0.0,0.0,0.0,0.0,0.0,0.0,0.0,0.0
Fukushima,1997,0.0,0.0,0.0,0.0,0.0,0.0,0.0,0.0,0.0,0.0,0.0,0.0
Fukushima,1998,0.0,0.0,0.0,0.0,0.0,0.0,0.0,0.0,0.0,0.0,0.0,0.0
Fukushima,1999,0.0,0.0,0.0,0.0,0.0,0.0,0.0,0.0,0.0,0.0,0.0,0.0
Fukushima,2000,0.0,0.0,0.0,0.0,0.0,0.0,0.0,0.0,0.0,0.0,0.0,0.0
Fukushima,2001,0.0,0.0,0.0,0.0,0.0,0.0,0.0,0.0,0.0,0.0,0.0,0.0
Fukushima,2002,0.0,0.0,0.0,0.0,0.0,0.0,0.0,0.0,0.0,0.0,0.0,0.0
Fukushima,2003,0.0,0.0,0.0,0.0,0.0,0.0,0.0,0.0,0.0,0.0,0.0,0.0
Fukushima,2004,0.0,0.0,0.0,0.0,0.0,0.0,0.0,0.0,0.0,0.0,0.0,0.0
Fukushima,2005,0.0,0.0,0.0,0.0,0.0,0.0,0.0,0.0,0.0,0.0,0.0,0.0
Fukushima,2006,0.0,0.0,0.0,0.0,0.0,0.0,0.0,0.0,0.0,0.0,0.0,0.0
Fukushima,2007,0.0,0.0,0.0,0.0,0.0,0.0,0.0,0.0,0.0,0.0,0.0,0.0
Fukushima,2008,0.0,0.0,0.0,0.0,0.0,0.0,0.0,0.0,0.0,0.0,0.0,0.0
Fukushima,2009,0.0,0.0,0.0,0.0,0.0,0.0,0.0,0.0,0.0,0.0,0.0,0.0
Fukushima,2010,0.0,0.0,0.0,0.0,0.0,0.0,0.0,0.0,0.0,0.0,0.0,0.0
Fukushima,2011,0.0,0.0,0.0,0.0,0.0,0.0,0.0,0.0,0.0,0.0,0.0,0.0
Fukushima,2012,0.0,0.0,0.0,0.0,0.0,0.0,0.0,0.0,0.0,0.0,0.0,0.0
Fukushima,2013,0.0,0.0,0.0,0.0,0.0,0.0,0.0,0.0,0.0,0.0,0.0,0.0
Fukushima,2014,0.0,0.0,0.0,0.0,0.0,0.0,0.0,0.0,0.0,0.0,0.0,0.0
Fukushima,2015,0.0,0.0,0.0,0.0,0.0,0.0,0.0,0.0,0.0,0.0,0.0,0.0
Fukushima,2016,0.0,0.0,0.0,0.0,0.0,0.0,0.0,0.0,0.0,0.0,0.0,0.0
Fukushima,2017,0.0,0.0,0.0,0.0,0.0,0.0,0.0,0.0,0.0,0.0,0.0,0.0
Fukushima,2018,0.0,0.0,0.0,0.0,0.0,0.0,0.0,0.0,0.0,0.0,0.0,0.0
Fukushima,2019,0.0,0.0,0.0,0.0,0.0,0.0,0.0,0.0,0.0,0.0,0.0,0.0
Fukushima,2020,0.0,0.0,0.0,0.0,0.0,0.0,0.0,0.0,0.0,0.0,0.0,0.0
Fukushima,2021,0.0,0.0,0.0,0.0,0.0,0.0,0.0,0.0,0.0,0.0,0.0,0.0
Fukushima,2022,0.0,0.0,0.0,0.0,0.0,0.0,0.0,0.0,0.0,0.0,0.0,0.0
Fukushima,2023,0.0,0.0,0.0,0.0,0.0,0.0,0.0,0.0,0.0,0.0,0.0,0.0
Fukushima,2024,0.0,0.0,0.0,0.0,0.0,0.0,0.0,0.0,0.0,0.0,0.0,0.0
Fukushima,2025,0.0,0.0,0.0,0.0,0.0,0.0,0.0,0.0,0.0,0.0,0.0,0.0
Gabon,1989,0.0,0.0,0.0,0.0,0.0,0.0,NA,NA,NA,NA,NA,NA
Gabon,1990,0.0,0.0,0.0,0.0,0.0,0.0,NA,NA,NA,NA,NA,NA
Gabon,1991,0.0,0.0,0.0,0.0,0.0,0.0,NA,NA,NA,NA,NA,NA
Gabon,1992,0.0,0.0,0.0,0.0,0.0,0.0,NA,NA,NA,NA,NA,NA
Gabon,1993,0.0,0.0,0.0,0.0,0.0,0.0,NA,NA,NA,NA,NA,NA
Gabon,1994,0.0,0.0,0.0,0.0,0.0,0.0,NA,NA,NA,NA,NA,NA
Gabon,1995,0.0,0.0,0.0,0.0,0.0,0.0,NA,NA,NA,NA,NA,NA
Gabon,1996,0.0,0.0,0.0,0.0,0.0,0.0,NA,NA,NA,NA,NA,NA
Gabon,1997,0.0,0.0,0.0,0.0,0.0,0.0,NA,NA,NA,NA,NA,NA
Gabon,1998,0.0,0.0,0.0,0.0,0.0,0.0,NA,NA,NA,NA,NA,NA
Gabon,1999,0.0,0.0,0.0,0.0,0.0,0.0,NA,NA,NA,NA,NA,NA
Gabon,2000,0.0,0.0,0.0,0.0,0.0,0.0,NA,NA,NA,NA,NA,NA
Gabon,2001,0.0,0.0,0.0,0.0,0.0,0.0,NA,NA,NA,NA,NA,NA
Gabon,2002,0.0,0.0,0.0,0.0,0.0,0.0,NA,NA,NA,NA,NA,NA
Gabon,2003,0.0,0.0,0.0,0.0,0.0,0.0,NA,NA,NA,NA,NA,NA
Gabon,2004,0.0,0.0,0.0,0.0,0.0,0.0,NA,NA,NA,NA,NA,NA
Gabon,2005,0.0,0.0,0.0,0.0,0.0,0.0,NA,NA,NA,NA,NA,NA
Gabon,2006,0.0,0.0,0.0,0.0,0.0,0.0,NA,NA,NA,NA,NA,NA
Gabon,2007,0.0,0.0,0.0,0.0,0.0,0.0,NA,NA,NA,NA,NA,NA
Gabon,2008,0.0,0.0,0.0,0.0,0.0,0.0,NA,NA,NA,NA,NA,NA
Gabon,2009,0.0,0.0,0.0,0.0,0.0,0.0,NA,NA,NA,NA,NA,NA
Gabon,2010,0.0,0.0,0.0,0.0,0.0,0.0,NA,NA,NA,NA,NA,NA
Gabon,2011,0.0,0.0,0.0,0.0,0.0,0.0,NA,NA,NA,NA,NA,NA
Gabon,2012,0.0,0.0,0.0,0.0,0.0,0.0,NA,NA,NA,NA,NA,NA
Gabon,2013,0.0,0.0,0.0,0.0,0.0,0.0,NA,NA,NA,NA,NA,NA
Gabon,2014,0.0,0.0,0.0,0.0,0.0,0.0,NA,NA,NA,NA,NA,NA
Gabon,2015,0.0,0.0,0.0,0.0,0.0,0.0,NA,NA,NA,NA,NA,NA
Gabon,2016,0.0,0.0,0.0,0.0,0.0,0.0,NA,NA,NA,NA,NA,NA
Gabon,2017,0.0,0.0,0.0,0.0,0.0,0.0,NA,NA,NA,NA,NA,NA
Gabon,2018,0.0,0.0,0.0,0.0,0.0,0.0,NA,NA,NA,NA,NA,NA
Gabon,2019,0.0,0.0,0.0,0.0,0.0,0.0,NA,NA,NA,NA,NA,NA
Gabon,2020,0.0,0.0,0.0,0.0,0.0,0.0,NA,NA,NA,NA,NA,NA
Gabon,2021,0.0,0.0,0.0,0.0,0.0,0.0,NA,NA,NA,NA,NA,NA
Gabon,2022,0.0,0.0,0.0,0.0,0.0,0.0,NA,NA,NA,NA,NA,NA
Gabon,2023,0.0,0.0,0.0,0.0,0.0,0.0,NA,NA,NA,NA,NA,NA
Gabon,2024,0.0,0.0,0.0,0.0,0.0,0.0,NA,NA,NA,NA,NA,NA
Gabon,2025,0.0,0.0,0.0,0.0,0.0,0.0,NA,NA,NA,NA,NA,NA
"Gambia, The",1989,0.0,0.0,0.0,0.0,0.0,0.0,NA,NA,NA,NA,NA,NA
"Gambia, The",1990,0.0,0.0,0.0,0.0,0.0,0.0,NA,NA,NA,NA,NA,NA
"Gambia, The",1991,0.0,0.0,0.0,0.0,0.0,0.0,NA,NA,NA,NA,NA,NA
"Gambia, The",1992,0.0,0.0,0.0,0.0,0.0,0.0,NA,NA,NA,NA,NA,NA
"Gambia, The",1993,0.0,0.0,0.0,0.0,0.0,0.0,NA,NA,NA,NA,NA,NA
"Gambia, The",1994,0.0,0.0,0.0,0.0,0.0,0.0,NA,NA,NA,NA,NA,NA
"Gambia, The",1995,0.0,0.0,0.0,0.0,0.0,0.0,NA,NA,NA,NA,NA,NA
"Gambia, The",1996,0.0,0.0,0.0,0.0,0.0,0.0,NA,NA,NA,NA,NA,NA
"Gambia, The",1997,0.0,0.0,0.0,0.0,0.0,0.0,NA,NA,NA,NA,NA,NA
"Gambia, The",1998,0.0,0.0,0.0,0.0,0.0,0.0,NA,NA,NA,NA,NA,NA
"Gambia, The",1999,0.0,0.0,0.0,0.0,0.0,0.0,NA,NA,NA,NA,NA,NA
"Gambia, The",2000,0.0,0.0,0.0,0.0,0.0,0.0,NA,NA,NA,NA,NA,NA
"Gambia, The",2001,0.0,0.0,0.0,0.0,0.0,0.0,NA,NA,NA,NA,NA,NA
"Gambia, The",2002,0.0,0.0,0.0,0.0,0.0,0.0,NA,NA,NA,NA,NA,NA
"Gambia, The",2003,0.0,0.0,0.0,0.0,0.0,0.0,NA,NA,NA,NA,NA,NA
"Gambia, The",2004,0.0,0.0,0.0,0.0,0.0,0.0,NA,NA,NA,NA,NA,NA
"Gambia, The",2005,0.0,0.0,0.0,0.0,0.0,0.0,NA,NA,NA,NA,NA,NA
"Gambia, The",2006,0.0,0.0,0.0,0.0,0.0,0.0,NA,NA,NA,NA,NA,NA
"Gambia, The",2007,0.0,0.0,0.0,0.0,0.0,0.0,NA,NA,NA,NA,NA,NA
"Gambia, The",2008,0.0,0.0,0.0,0.0,0.0,0.0,NA,NA,NA,NA,NA,NA
"Gambia, The",2009,0.0,0.0,0.0,0.0,0.0,0.0,NA,NA,NA,NA,NA,NA
"Gambia, The",2010,0.0,0.0,0.0,0.0,0.0,0.0,NA,NA,NA,NA,NA,NA
"Gambia, The",2011,0.0,0.0,0.0,0.0,0.0,0.0,NA,NA,NA,NA,NA,NA
"Gambia, The",2012,0.0,0.0,0.0,0.0,0.0,0.0,NA,NA,NA,NA,NA,NA
"Gambia, The",2013,0.0,0.0,0.0,0.0,0.0,0.0,NA,NA,NA,NA,NA,NA
"Gambia, The",2014,0.0,0.0,0.0,0.0,0.0,0.0,NA,NA,NA,NA,NA,NA
"Gambia, The",2015,0.0,0.0,0.0,0.0,0.0,0.0,NA,NA,NA,NA,NA,NA
"Gambia, The",2016,0.0,0.0,0.0,0.0,0.0,0.0,NA,NA,NA,NA,NA,NA
"Gambia, The",2017,0.0,0.0,0.0,0.0,0.0,0.0,NA,NA,NA,NA,NA,NA
"Gambia, The",2018,0.0,0.0,0.0,0.0,0.0,0.0,NA,NA,NA,NA,NA,NA
"Gambia, The",2019,0.0,0.0,0.0,0.0,0.0,0.0,NA,NA,NA,NA,NA,NA
"Gambia, The",2020,0.0,0.0,0.0,0.0,0.0,0.0,NA,NA,NA,NA,NA,NA
"Gambia, The",2021,0.0,0.0,0.0,0.0,0.0,0.0,NA,NA,NA,NA,NA,NA
"Gambia, The",2022,0.0,0.0,0.0,0.0,0.0,0.0,NA,NA,NA,NA,NA,NA
"Gambia, The",2023,0.0,0.0,0.0,0.0,0.0,0.0,NA,NA,NA,NA,NA,NA
"Gambia, The",2024,0.0,0.0,0.0,0.0,0.0,0.0,NA,NA,NA,NA,NA,NA
"Gambia, The",2025,0.0,0.0,0.0,0.0,0.0,0.0,NA,NA,NA,NA,NA,NA
Gansu Province,1989,0.0,0.0,0.0,0.0,0.0,0.0,0.0,0.0,0.0,0.0,0.0,0.0
Gansu Province,1990,0.0,0.0,0.0,0.0,0.0,0.0,0.0,0.0,0.0,0.0,0.0,0.0
Gansu Province,1991,0.0,0.0,0.0,0.0,0.0,0.0,0.0,0.0,0.0,0.0,0.0,0.0
Gansu Province,1992,0.0,0.0,0.0,0.0,0.0,0.0,0.0,0.0,0.0,0.0,0.0,0.0
Gansu Province,1993,0.0,0.0,0.0,0.0,0.0,0.0,0.0,0.0,0.0,0.0,0.0,0.0
Gansu Province,1994,0.0,0.0,0.0,0.0,0.0,0.0,0.0,0.0,0.0,0.0,0.0,0.0
Gansu Province,1995,0.0,0.0,0.0,0.0,0.0,0.0,0.0,0.0,0.0,0.0,0.0,0.0
Gansu Province,1996,0.0,0.0,0.0,0.0,0.0,0.0,0.0,0.0,0.0,0.0,0.0,0.0
Gansu Province,1997,0.0,0.0,0.0,0.0,0.0,0.0,0.0,0.0,0.0,0.0,0.0,0.0
Gansu Province,1998,0.0,0.0,0.0,0.0,0.0,0.0,0.0,0.0,0.0,0.0,0.0,0.0
Gansu Province,1999,0.0,0.0,0.0,0.0,0.0,0.0,0.0,0.0,0.0,0.0,0.0,0.0
Gansu Province,2000,0.0,0.0,0.0,0.0,0.0,0.0,0.0,0.0,0.0,0.0,0.0,0.0
Gansu Province,2001,0.0,0.0,0.0,0.0,0.0,0.0,0.0,0.0,0.0,0.0,0.0,0.0
Gansu Province,2002,0.0,0.0,0.0,0.0,0.0,0.0,0.0,0.0,0.0,0.0,0.0,0.0
Gansu Province,2003,0.0,0.0,0.0,0.0,0.0,0.0,0.0,0.0,0.0,0.0,0.0,0.0
Gansu Province,2004,0.0,0.0,0.0,0.0,0.0,0.0,0.0,0.0,0.0,0.0,0.0,0.0
Gansu Province,2005,0.0,0.0,0.0,0.0,0.0,0.0,0.0,0.0,0.0,0.0,0.0,0.0
Gansu Province,2006,0.0,0.0,0.0,0.0,0.0,0.0,0.0,0.0,0.0,0.0,0.0,0.0
Gansu Province,2007,0.0,0.0,0.0,0.0,0.0,0.0,0.0,0.0,0.0,0.0,0.0,0.0
Gansu Province,2008,0.0,0.0,0.0,0.0,0.0,0.0,0.0,0.0,0.0,0.0,0.0,0.0
Gansu Province,2009,0.0,0.0,0.0,0.0,0.0,0.0,0.0,0.0,0.0,0.0,0.0,0.0
Gansu Province,2010,0.0,0.0,0.0,0.0,0.0,0.0,0.0,0.0,0.0,0.0,0.0,0.0
Gansu Province,2011,0.0,0.0,0.0,0.0,0.0,0.0,0.0,0.0,0.0,0.0,0.0,0.0
Gansu Province,2012,0.0,0.0,0.0,0.0,0.0,0.0,0.0,0.0,0.0,0.0,0.0,0.0
Gansu Province,2013,0.0,0.0,0.0,0.0,0.0,0.0,0.0,0.0,0.0,0.0,0.0,0.0
Gansu Province,2014,0.0,0.0,0.0,0.0,0.0,0.0,0.0,0.0,0.0,0.0,0.0,0.0
Gansu Province,2015,0.0,0.0,0.0,0.0,0.0,0.0,0.0,0.0,0.0,0.0,0.0,0.0
Gansu Province,2016,0.0,0.0,0.0,0.0,0.0,0.0,0.0,0.0,0.0,0.0,0.0,0.0
Gansu Province,2017,0.0,0.0,0.0,0.0,0.0,0.0,0.0,0.0,0.0,0.0,0.0,0.0
Gansu Province,2018,0.0,0.0,0.0,0.0,0.0,0.0,0.0,0.0,0.0,0.0,0.0,0.0
Gansu Province,2019,0.0,0.0,0.0,0.0,0.0,0.0,0.0,0.0,0.0,0.0,0.0,0.0
Gansu Province,2020,0.0,0.0,0.0,0.0,0.0,0.0,0.0,0.0,0.0,0.0,0.0,0.0
Gansu Province,2021,0.0,0.0,0.0,0.0,0.0,0.0,0.0,0.0,0.0,0.0,0.0,0.0
Gansu Province,2022,0.0,0.0,0.0,0.0,0.0,0.0,0.0,0.0,0.0,0.0,0.0,0.0
Gansu Province,2023,0.0,0.0,0.0,0.0,0.0,0.0,0.0,0.0,0.0,0.0,0.0,0.0
Gansu Province,2024,0.0,0.0,0.0,0.0,0.0,0.0,0.0,0.0,0.0,0.0,0.0,0.0
Gansu Province,2025,0.0,0.0,0.0,0.0,0.0,0.0,0.0,0.0,0.0,0.0,0.0,0.0
Georgia,1989,0.0,0.0,0.0,0.0,0.0,0.0,NA,NA,NA,NA,NA,NA
Georgia,1990,0.0,0.0,0.0,0.0,0.0,0.0,NA,NA,NA,NA,NA,NA
Georgia,1991,0.0,0.0,0.0,0.0,0.0,0.0,NA,NA,NA,NA,NA,NA
Georgia,1992,0.0,0.0,0.0,0.0,0.0,0.0,NA,NA,NA,NA,NA,NA
Georgia,1993,0.0,0.0,0.0,0.0,0.0,0.0,NA,NA,NA,NA,NA,NA
Georgia,1994,0.0,0.0,0.0,0.0,0.0,0.0,NA,NA,NA,NA,NA,NA
Georgia,1995,0.0,0.0,0.0,0.0,0.0,0.0,NA,NA,NA,NA,NA,NA
Georgia,1996,0.0,0.0,0.0,0.0,0.0,0.0,NA,NA,NA,NA,NA,NA
Georgia,1997,0.0,0.0,0.0,0.0,0.0,0.0,NA,NA,NA,NA,NA,NA
Georgia,1998,0.0,0.0,0.0,0.0,0.0,0.0,NA,NA,NA,NA,NA,NA
Georgia,1999,0.0,0.0,0.0,0.0,0.0,0.0,NA,NA,NA,NA,NA,NA
Georgia,2000,0.0,0.0,0.0,0.0,0.0,0.0,NA,NA,NA,NA,NA,NA
Georgia,2001,0.0,0.0,0.0,0.0,0.0,0.0,NA,NA,NA,NA,NA,NA
Georgia,2002,0.0,0.0,0.0,0.0,0.0,0.0,NA,NA,NA,NA,NA,NA
Georgia,2003,0.0,0.0,0.0,0.0,0.0,0.0,NA,NA,NA,NA,NA,NA
Georgia,2004,0.0,0.0,0.0,0.0,0.0,0.0,NA,NA,NA,NA,NA,NA
Georgia,2005,0.0,0.0,0.0,0.0,0.0,0.0,NA,NA,NA,NA,NA,NA
Georgia,2006,0.0,0.0,0.0,0.0,0.0,0.0,NA,NA,NA,NA,NA,NA
Georgia,2007,0.0,0.0,0.0,0.0,0.0,0.0,NA,NA,NA,NA,NA,NA
Georgia,2008,0.0,0.0,0.0,0.0,0.0,0.0,NA,NA,NA,NA,NA,NA
Georgia,2009,0.0,0.0,0.0,0.0,0.0,0.0,NA,NA,NA,NA,NA,NA
Georgia,2010,0.0,0.0,0.0,0.0,0.0,0.0,NA,NA,NA,NA,NA,NA
Georgia,2011,0.0,0.0,0.0,0.0,0.0,0.0,NA,NA,NA,NA,NA,NA
Georgia,2012,0.0,0.0,0.0,0.0,0.0,0.0,NA,NA,NA,NA,NA,NA
Georgia,2013,0.0,0.0,0.0,0.0,0.0,0.0,NA,NA,NA,NA,NA,NA
Georgia,2014,0.0,0.0,0.0,0.0,0.0,0.0,NA,NA,NA,NA,NA,NA
Georgia,2015,0.0,0.0,0.0,0.0,0.0,0.0,NA,NA,NA,NA,NA,NA
Georgia,2016,0.0,0.0,0.0,0.0,0.0,0.0,NA,NA,NA,NA,NA,NA
Georgia,2017,0.0,0.0,0.0,0.0,0.0,0.0,NA,NA,NA,NA,NA,NA
Georgia,2018,0.0,0.0,0.0,0.0,0.0,0.0,NA,NA,NA,NA,NA,NA
Georgia,2019,0.0,0.0,0.0,0.0,0.0,0.0,NA,NA,NA,NA,NA,NA
Georgia,2020,0.0,0.0,0.0,0.0,0.0,0.0,NA,NA,NA,NA,NA,NA
Georgia,2021,0.0,0.0,0.0,0.0,0.0,0.0,NA,NA,NA,NA,NA,NA
Georgia,2022,0.0,0.0,0.0,0.0,0.0,0.0,NA,NA,NA,NA,NA,NA
Georgia,2023,0.0,0.0,0.0,0.0,0.0,0.0,NA,NA,NA,NA,NA,NA
Georgia,2024,0.0,0.0,0.0,0.0,0.0,0.0,NA,NA,NA,NA,NA,NA
Georgia,2025,0.0,0.0,0.0,0.0,0.0,0.0,NA,NA,NA,NA,NA,NA
Georgia_US,1989,0.0,0.0,0.0,0.0,0.0,0.0,0.0,0.0,0.0,0.0,0.0,0.0
Georgia_US,1990,0.0,0.0,0.0,0.0,0.0,0.0,0.0,0.0,0.0,0.0,0.0,0.0
Georgia_US,1991,0.0,0.0,0.0,0.0,0.0,0.0,0.0,0.0,0.0,0.0,0.0,0.0
Georgia_US,1992,0.0,0.0,0.0,0.0,0.0,0.0,0.0,0.0,0.0,0.0,0.0,0.0
Georgia_US,1993,0.0,0.0,0.0,0.0,0.0,0.0,0.0,0.0,0.0,0.0,0.0,0.0
Georgia_US,1994,0.0,0.0,0.0,0.0,0.0,0.0,0.0,0.0,0.0,0.0,0.0,0.0
Georgia_US,1995,0.0,0.0,0.0,0.0,0.0,0.0,0.0,0.0,0.0,0.0,0.0,0.0
Georgia_US,1996,0.0,0.0,0.0,0.0,0.0,0.0,0.0,0.0,0.0,0.0,0.0,0.0
Georgia_US,1997,0.0,0.0,0.0,0.0,0.0,0.0,0.0,0.0,0.0,0.0,0.0,0.0
Georgia_US,1998,0.0,0.0,0.0,0.0,0.0,0.0,0.0,0.0,0.0,0.0,0.0,0.0
Georgia_US,1999,0.0,0.0,0.0,0.0,0.0,0.0,0.0,0.0,0.0,0.0,0.0,0.0
Georgia_US,2000,0.0,0.0,0.0,0.0,0.0,0.0,0.0,0.0,0.0,0.0,0.0,0.0
Georgia_US,2001,0.0,0.0,0.0,0.0,0.0,0.0,0.0,0.0,0.0,0.0,0.0,0.0
Georgia_US,2002,0.0,0.0,0.0,0.0,0.0,0.0,0.0,0.0,0.0,0.0,0.0,0.0
Georgia_US,2003,0.0,0.0,0.0,0.0,0.0,0.0,0.0,0.0,0.0,0.0,0.0,0.0
Georgia_US,2004,0.0,0.0,0.0,0.0,0.0,0.0,0.0,0.0,0.0,0.0,0.0,0.0
Georgia_US,2005,0.0,0.0,0.0,0.0,0.0,0.0,0.0,0.0,0.0,0.0,0.0,0.0
Georgia_US,2006,0.0,0.0,0.0,0.0,0.0,0.0,0.0,0.0,0.0,0.0,0.0,0.0
Georgia_US,2007,0.0,0.0,0.0,0.0,0.0,0.0,0.0,0.0,0.0,0.0,0.0,0.0
Georgia_US,2008,0.0,0.0,0.0,0.0,0.0,0.0,0.0,0.0,0.0,0.0,0.0,0.0
Georgia_US,2009,0.0,0.0,0.0,0.0,0.0,0.0,0.0,0.0,0.0,0.0,0.0,0.0
Georgia_US,2010,0.0,0.0,0.0,0.0,0.0,0.0,0.0,0.0,0.0,0.0,0.0,0.0
Georgia_US,2011,0.0,0.0,0.0,0.0,0.0,0.0,0.0,0.0,0.0,0.0,0.0,0.0
Georgia_US,2012,0.0,0.0,0.0,0.0,0.0,0.0,0.0,0.0,0.0,0.0,0.0,0.0
Georgia_US,2013,0.0,0.0,0.0,0.0,0.0,0.0,0.0,0.0,0.0,0.0,0.0,0.0
Georgia_US,2014,0.0,0.0,0.0,0.0,0.0,0.0,0.0,0.0,0.0,0.0,0.0,0.0
Georgia_US,2015,0.0,0.0,0.0,0.0,0.0,0.0,0.0,0.0,0.0,0.0,0.0,0.0
Georgia_US,2016,0.0,0.0,0.0,0.0,0.0,0.0,0.0,0.0,0.0,0.0,0.0,0.0
Georgia_US,2017,0.0,0.0,0.0,0.0,0.0,0.0,0.0,0.0,0.0,0.0,0.0,0.0
Georgia_US,2018,0.0,0.0,0.0,0.0,0.0,0.0,0.0,0.0,0.0,0.0,0.0,0.0
Georgia_US,2019,0.0,0.0,0.0,0.0,0.0,0.0,0.0,0.0,0.0,0.0,0.0,0.0
Georgia_US,2020,0.0,0.0,0.0,0.0,0.0,0.0,0.0,0.0,0.0,0.0,0.0,0.0
Georgia_US,2021,0.0,0.0,0.0,0.0,0.0,0.0,0.0,0.0,0.0,0.0,0.0,0.0
Georgia_US,2022,0.0,0.0,0.0,0.0,0.0,0.0,0.0,0.0,0.0,0.0,0.0,0.0
Georgia_US,2023,0.0,0.0,0.0,0.0,0.0,0.0,0.0,0.0,0.0,0.0,0.0,0.0
Georgia_US,2024,0.0,0.0,0.0,0.0,0.0,0.0,0.0,0.0,0.0,0.0,0.0,0.0
Georgia_US,2025,0.0,0.0,0.0,0.0,0.0,0.0,0.0,0.0,0.0,0.0,0.0,0.0
Germany,1989,0.0,0.0,0.0,0.0,0.0,0.0,NA,NA,NA,NA,NA,NA
Germany,1990,0.0,0.0,0.0,0.0,0.0,0.0,NA,NA,NA,NA,NA,NA
Germany,1991,0.0,0.0,0.0,0.0,0.0,0.0,NA,NA,NA,NA,NA,NA
Germany,1992,0.0,0.0,0.0,0.0,0.0,0.0,NA,NA,NA,NA,NA,NA
Germany,1993,0.0,0.0,0.0,0.0,0.0,0.0,NA,NA,NA,NA,NA,NA
Germany,1994,0.0,0.0,0.0,0.0,0.0,0.0,NA,NA,NA,NA,NA,NA
Germany,1995,0.0,0.0,0.0,0.0,0.0,0.0,NA,NA,NA,NA,NA,NA
Germany,1996,0.0,0.0,0.0,0.0,0.0,0.0,NA,NA,NA,NA,NA,NA
Germany,1997,0.0,0.0,0.0,0.0,0.0,0.0,NA,NA,NA,NA,NA,NA
Germany,1998,0.0,0.0,0.0,0.0,0.0,0.0,NA,NA,NA,NA,NA,NA
Germany,1999,0.0,0.0,0.0,0.0,0.0,0.0,NA,NA,NA,NA,NA,NA
Germany,2000,0.0,0.0,0.0,0.0,0.0,0.0,NA,NA,NA,NA,NA,NA
Germany,2001,0.0,0.0,0.0,0.0,0.0,0.0,NA,NA,NA,NA,NA,NA
Germany,2002,0.0,0.0,0.0,0.0,0.0,0.0,NA,NA,NA,NA,NA,NA
Germany,2003,0.0,0.0,0.0,0.0,0.0,0.0,NA,NA,NA,NA,NA,NA
Germany,2004,0.0,0.0,0.0,0.0,0.0,0.0,NA,NA,NA,NA,NA,NA
Germany,2005,14.375232423646889,0.0,14.375232423646889,16.523882135808687,0.0,16.523882135808687,NA,NA,NA,NA,NA,NA
Germany,2006,11.975574846033949,0.0,11.975574846033949,13.765550457390017,0.0,13.765550457390017,NA,NA,NA,NA,NA,NA
Germany,2007,0.4478424419187359,0.0,0.4478424419187359,0.5147809445852835,0.0,0.5147809445852835,NA,NA,NA,NA,NA,NA
Germany,2008,11.682453349588192,0.0,11.682453349588192,13.428616422794923,0.0,13.428616422794923,NA,NA,NA,NA,NA,NA
Germany,2009,8.666273961263776,0.0,8.666273961263776,9.96161211675363,0.0,9.96161211675363,NA,NA,NA,NA,NA,NA
Germany,2010,9.386459874569507,0.0,9.386459874569507,10.789443402998293,0.0,10.789443402998293,NA,NA,NA,NA,NA,NA
Germany,2011,8.366993184268717,0.0,8.366993184268717,9.617598180920163,0.0,9.617598180920163,NA,NA,NA,NA,NA,NA
Germany,2012,4.863401465225651,0.0,4.863401465225651,5.5903285750228315,0.0,5.5903285750228315,NA,NA,NA,NA,NA,NA
Germany,2013,2.8881002604330037,0.0,2.8881002604330037,3.3197813359379724,0.0,3.3197813359379724,NA,NA,NA,NA,NA,NA
Germany,2014,3.7726282172549186,0.0,3.7726282172549186,4.336518684845828,0.0,4.336518684845828,NA,NA,NA,NA,NA,NA
Germany,2015,4.78883276716953,0.0,4.78883276716953,5.504614178108235,0.0,5.504614178108235,NA,NA,NA,NA,NA,NA
Germany,2016,3.29458226965816,0.0,3.29458226965816,3.787019750790621,0.0,3.787019750790621,NA,NA,NA,NA,NA,NA
Germany,2017,3.538230121146168,0.0,3.538230121146168,4.0670853707390116,0.0,4.0670853707390116,NA,NA,NA,NA,NA,NA
Germany,2018,9.42535215466356,0.0,9.42535215466356,10.834148868157234,0.0,10.834148868157234,NA,NA,NA,NA,NA,NA
Germany,2019,14.530256898937067,0.0,14.530256898937067,16.702077943874137,0.0,16.702077943874137,NA,NA,NA,NA,NA,NA
Germany,2020,14.210769730094924,0.0,14.210769730094924,16.33483738968549,0.0,16.33483738968549,NA,NA,NA,NA,NA,NA
Germany,2021,29.90212414995451,0.0,29.90212414995451,34.37156078613285,0.0,34.37156078613285,NA,NA,NA,NA,NA,NA
Germany,2022,42.59343074893488,0.0,42.59343074893488,48.95982261110311,0.0,48.95982261110311,NA,NA,NA,NA,NA,NA
Germany,2023,41.556222398783326,0.0,41.556222398783326,47.767583903366585,0.0,47.767583903366585,NA,NA,NA,NA,NA,NA
Germany,2024,32.17111991716833,0.0,32.17111991716833,36.97970078131063,0.0,36.97970078131063,NA,NA,NA,NA,NA,NA
Germany,2025,35.88450700577353,0.0,35.88450700577353,41.24812363309083,0.0,41.24812363309083,NA,NA,NA,NA,NA,NA
Ghana,1989,0.0,0.0,0.0,0.0,0.0,0.0,NA,NA,NA,NA,NA,NA
Ghana,1990,0.0,0.0,0.0,0.0,0.0,0.0,NA,NA,NA,NA,NA,NA
Ghana,1991,0.0,0.0,0.0,0.0,0.0,0.0,NA,NA,NA,NA,NA,NA
Ghana,1992,0.0,0.0,0.0,0.0,0.0,0.0,NA,NA,NA,NA,NA,NA
Ghana,1993,0.0,0.0,0.0,0.0,0.0,0.0,NA,NA,NA,NA,NA,NA
Ghana,1994,0.0,0.0,0.0,0.0,0.0,0.0,NA,NA,NA,NA,NA,NA
Ghana,1995,0.0,0.0,0.0,0.0,0.0,0.0,NA,NA,NA,NA,NA,NA
Ghana,1996,0.0,0.0,0.0,0.0,0.0,0.0,NA,NA,NA,NA,NA,NA
Ghana,1997,0.0,0.0,0.0,0.0,0.0,0.0,NA,NA,NA,NA,NA,NA
Ghana,1998,0.0,0.0,0.0,0.0,0.0,0.0,NA,NA,NA,NA,NA,NA
Ghana,1999,0.0,0.0,0.0,0.0,0.0,0.0,NA,NA,NA,NA,NA,NA
Ghana,2000,0.0,0.0,0.0,0.0,0.0,0.0,NA,NA,NA,NA,NA,NA
Ghana,2001,0.0,0.0,0.0,0.0,0.0,0.0,NA,NA,NA,NA,NA,NA
Ghana,2002,0.0,0.0,0.0,0.0,0.0,0.0,NA,NA,NA,NA,NA,NA
Ghana,2003,0.0,0.0,0.0,0.0,0.0,0.0,NA,NA,NA,NA,NA,NA
Ghana,2004,0.0,0.0,0.0,0.0,0.0,0.0,NA,NA,NA,NA,NA,NA
Ghana,2005,0.0,0.0,0.0,0.0,0.0,0.0,NA,NA,NA,NA,NA,NA
Ghana,2006,0.0,0.0,0.0,0.0,0.0,0.0,NA,NA,NA,NA,NA,NA
Ghana,2007,0.0,0.0,0.0,0.0,0.0,0.0,NA,NA,NA,NA,NA,NA
Ghana,2008,0.0,0.0,0.0,0.0,0.0,0.0,NA,NA,NA,NA,NA,NA
Ghana,2009,0.0,0.0,0.0,0.0,0.0,0.0,NA,NA,NA,NA,NA,NA
Ghana,2010,0.0,0.0,0.0,0.0,0.0,0.0,NA,NA,NA,NA,NA,NA
Ghana,2011,0.0,0.0,0.0,0.0,0.0,0.0,NA,NA,NA,NA,NA,NA
Ghana,2012,0.0,0.0,0.0,0.0,0.0,0.0,NA,NA,NA,NA,NA,NA
Ghana,2013,0.0,0.0,0.0,0.0,0.0,0.0,NA,NA,NA,NA,NA,NA
Ghana,2014,0.0,0.0,0.0,0.0,0.0,0.0,NA,NA,NA,NA,NA,NA
Ghana,2015,0.0,0.0,0.0,0.0,0.0,0.0,NA,NA,NA,NA,NA,NA
Ghana,2016,0.0,0.0,0.0,0.0,0.0,0.0,NA,NA,NA,NA,NA,NA
Ghana,2017,0.0,0.0,0.0,0.0,0.0,0.0,NA,NA,NA,NA,NA,NA
Ghana,2018,0.0,0.0,0.0,0.0,0.0,0.0,NA,NA,NA,NA,NA,NA
Ghana,2019,0.0,0.0,0.0,0.0,0.0,0.0,NA,NA,NA,NA,NA,NA
Ghana,2020,0.0,0.0,0.0,0.0,0.0,0.0,NA,NA,NA,NA,NA,NA
Ghana,2021,0.0,0.0,0.0,0.0,0.0,0.0,NA,NA,NA,NA,NA,NA
Ghana,2022,0.0,0.0,0.0,0.0,0.0,0.0,NA,NA,NA,NA,NA,NA
Ghana,2023,0.0,0.0,0.0,0.0,0.0,0.0,NA,NA,NA,NA,NA,NA
Ghana,2024,0.0,0.0,0.0,0.0,0.0,0.0,NA,NA,NA,NA,NA,NA
Ghana,2025,0.0,0.0,0.0,0.0,0.0,0.0,NA,NA,NA,NA,NA,NA
Gifu,1989,0.0,0.0,0.0,0.0,0.0,0.0,0.0,0.0,0.0,0.0,0.0,0.0
Gifu,1990,0.0,0.0,0.0,0.0,0.0,0.0,0.0,0.0,0.0,0.0,0.0,0.0
Gifu,1991,0.0,0.0,0.0,0.0,0.0,0.0,0.0,0.0,0.0,0.0,0.0,0.0
Gifu,1992,0.0,0.0,0.0,0.0,0.0,0.0,0.0,0.0,0.0,0.0,0.0,0.0
Gifu,1993,0.0,0.0,0.0,0.0,0.0,0.0,0.0,0.0,0.0,0.0,0.0,0.0
Gifu,1994,0.0,0.0,0.0,0.0,0.0,0.0,0.0,0.0,0.0,0.0,0.0,0.0
Gifu,1995,0.0,0.0,0.0,0.0,0.0,0.0,0.0,0.0,0.0,0.0,0.0,0.0
Gifu,1996,0.0,0.0,0.0,0.0,0.0,0.0,0.0,0.0,0.0,0.0,0.0,0.0
Gifu,1997,0.0,0.0,0.0,0.0,0.0,0.0,0.0,0.0,0.0,0.0,0.0,0.0
Gifu,1998,0.0,0.0,0.0,0.0,0.0,0.0,0.0,0.0,0.0,0.0,0.0,0.0
Gifu,1999,0.0,0.0,0.0,0.0,0.0,0.0,0.0,0.0,0.0,0.0,0.0,0.0
Gifu,2000,0.0,0.0,0.0,0.0,0.0,0.0,0.0,0.0,0.0,0.0,0.0,0.0
Gifu,2001,0.0,0.0,0.0,0.0,0.0,0.0,0.0,0.0,0.0,0.0,0.0,0.0
Gifu,2002,0.0,0.0,0.0,0.0,0.0,0.0,0.0,0.0,0.0,0.0,0.0,0.0
Gifu,2003,0.0,0.0,0.0,0.0,0.0,0.0,0.0,0.0,0.0,0.0,0.0,0.0
Gifu,2004,0.0,0.0,0.0,0.0,0.0,0.0,0.0,0.0,0.0,0.0,0.0,0.0
Gifu,2005,0.0,0.0,0.0,0.0,0.0,0.0,0.0,0.0,0.0,0.0,0.0,0.0
Gifu,2006,0.0,0.0,0.0,0.0,0.0,0.0,0.0,0.0,0.0,0.0,0.0,0.0
Gifu,2007,0.0,0.0,0.0,0.0,0.0,0.0,0.0,0.0,0.0,0.0,0.0,0.0
Gifu,2008,0.0,0.0,0.0,0.0,0.0,0.0,0.0,0.0,0.0,0.0,0.0,0.0
Gifu,2009,0.0,0.0,0.0,0.0,0.0,0.0,0.0,0.0,0.0,0.0,0.0,0.0
Gifu,2010,0.0,0.0,0.0,0.0,0.0,0.0,0.0,0.0,0.0,0.0,0.0,0.0
Gifu,2011,0.0,0.0,0.0,0.0,0.0,0.0,0.0,0.0,0.0,0.0,0.0,0.0
Gifu,2012,0.0,0.0,0.0,0.0,0.0,0.0,0.0,0.0,0.0,0.0,0.0,0.0
Gifu,2013,0.0,0.0,0.0,0.0,0.0,0.0,0.0,0.0,0.0,0.0,0.0,0.0
Gifu,2014,0.0,0.0,0.0,0.0,0.0,0.0,0.0,0.0,0.0,0.0,0.0,0.0
Gifu,2015,0.0,0.0,0.0,0.0,0.0,0.0,0.0,0.0,0.0,0.0,0.0,0.0
Gifu,2016,0.0,0.0,0.0,0.0,0.0,0.0,0.0,0.0,0.0,0.0,0.0,0.0
Gifu,2017,0.0,0.0,0.0,0.0,0.0,0.0,0.0,0.0,0.0,0.0,0.0,0.0
Gifu,2018,0.0,0.0,0.0,0.0,0.0,0.0,0.0,0.0,0.0,0.0,0.0,0.0
Gifu,2019,0.0,0.0,0.0,0.0,0.0,0.0,0.0,0.0,0.0,0.0,0.0,0.0
Gifu,2020,0.0,0.0,0.0,0.0,0.0,0.0,0.0,0.0,0.0,0.0,0.0,0.0
Gifu,2021,0.0,0.0,0.0,0.0,0.0,0.0,0.0,0.0,0.0,0.0,0.0,0.0
Gifu,2022,0.0,0.0,0.0,0.0,0.0,0.0,0.0,0.0,0.0,0.0,0.0,0.0
Gifu,2023,0.0,0.0,0.0,0.0,0.0,0.0,0.0,0.0,0.0,0.0,0.0,0.0
Gifu,2024,0.0,0.0,0.0,0.0,0.0,0.0,0.0,0.0,0.0,0.0,0.0,0.0
Gifu,2025,0.0,0.0,0.0,0.0,0.0,0.0,0.0,0.0,0.0,0.0,0.0,0.0
Greece,1989,0.0,0.0,0.0,0.0,0.0,0.0,NA,NA,NA,NA,NA,NA
Greece,1990,0.0,0.0,0.0,0.0,0.0,0.0,NA,NA,NA,NA,NA,NA
Greece,1991,0.0,0.0,0.0,0.0,0.0,0.0,NA,NA,NA,NA,NA,NA
Greece,1992,0.0,0.0,0.0,0.0,0.0,0.0,NA,NA,NA,NA,NA,NA
Greece,1993,0.0,0.0,0.0,0.0,0.0,0.0,NA,NA,NA,NA,NA,NA
Greece,1994,0.0,0.0,0.0,0.0,0.0,0.0,NA,NA,NA,NA,NA,NA
Greece,1995,0.0,0.0,0.0,0.0,0.0,0.0,NA,NA,NA,NA,NA,NA
Greece,1996,0.0,0.0,0.0,0.0,0.0,0.0,NA,NA,NA,NA,NA,NA
Greece,1997,0.0,0.0,0.0,0.0,0.0,0.0,NA,NA,NA,NA,NA,NA
Greece,1998,0.0,0.0,0.0,0.0,0.0,0.0,NA,NA,NA,NA,NA,NA
Greece,1999,0.0,0.0,0.0,0.0,0.0,0.0,NA,NA,NA,NA,NA,NA
Greece,2000,0.0,0.0,0.0,0.0,0.0,0.0,NA,NA,NA,NA,NA,NA
Greece,2001,0.0,0.0,0.0,0.0,0.0,0.0,NA,NA,NA,NA,NA,NA
Greece,2002,0.0,0.0,0.0,0.0,0.0,0.0,NA,NA,NA,NA,NA,NA
Greece,2003,0.0,0.0,0.0,0.0,0.0,0.0,NA,NA,NA,NA,NA,NA
Greece,2004,0.0,0.0,0.0,0.0,0.0,0.0,NA,NA,NA,NA,NA,NA
Greece,2005,13.530246098116761,0.0,13.530246098116761,17.711688993198496,0.0,17.711688993198496,NA,NA,NA,NA,NA,NA
Greece,2006,10.953492136386743,0.0,10.953492136386743,14.338604390657046,0.0,14.338604390657046,NA,NA,NA,NA,NA,NA
Greece,2007,0.40356698225850907,0.0,0.40356698225850907,0.5282869820587563,0.0,0.5282869820587563,NA,NA,NA,NA,NA,NA
Greece,2008,10.212347490765145,0.0,10.212347490765145,13.368413355916653,0.0,13.368413355916653,NA,NA,NA,NA,NA,NA
Greece,2009,7.548062787181048,0.0,7.548062787181048,9.88074715110271,0.0,9.88074715110271,NA,NA,NA,NA,NA,NA
Greece,2010,8.135050921933558,0.0,8.135050921933558,10.649140512911643,0.0,10.649140512911643,NA,NA,NA,NA,NA,NA
Greece,2011,7.269832549153158,0.0,7.269832549153158,9.516531496138422,0.0,9.516531496138422,NA,NA,NA,NA,NA,NA
Greece,2012,4.317037246979705,0.0,4.317037246979705,5.651192190894512,0.0,5.651192190894512,NA,NA,NA,NA,NA,NA
Greece,2013,2.66707408461522,0.0,2.66707408461522,3.491317627629799,0.0,3.491317627629799,NA,NA,NA,NA,NA,NA
Greece,2014,3.619757278978973,0.0,3.619757278978973,4.738421954133236,0.0,4.738421954133236,NA,NA,NA,NA,NA,NA
Greece,2015,4.680403698996737,0.0,4.680403698996737,6.126854905527873,0.0,6.126854905527873,NA,NA,NA,NA,NA,NA
Greece,2016,3.276490990802376,0.0,3.276490990802376,4.289071240632189,0.0,4.289071240632189,NA,NA,NA,NA,NA,NA
Greece,2017,3.5632013866016314,0.0,3.5632013866016314,4.664387796198762,0.0,4.664387796198762,NA,NA,NA,NA,NA,NA
Greece,2018,9.691683421534787,0.0,9.691683421534787,12.686841121585688,0.0,12.686841121585688,NA,NA,NA,NA,NA,NA
Greece,2019,15.20478654917531,0.0,15.20478654917531,19.90373631152536,0.0,19.90373631152536,NA,NA,NA,NA,NA,NA
Greece,2020,15.186725129111071,0.0,15.186725129111071,19.88009311592984,0.0,19.88009311592984,NA,NA,NA,NA,NA,NA
Greece,2021,32.400158183241636,0.0,32.400158183241636,42.4132363085314,0.0,42.4132363085314,NA,NA,NA,NA,NA,NA
Greece,2022,45.97663513303853,0.0,45.97663513303853,60.185443525930054,0.0,60.185443525930054,NA,NA,NA,NA,NA,NA
Greece,2023,44.970737576851505,0.0,44.970737576851505,58.868679252390145,0.0,58.868679252390145,NA,NA,NA,NA,NA,NA
Greece,2024,34.81449727227266,0.0,34.81449727227266,45.57371267821041,0.0,45.57371267821041,NA,NA,NA,NA,NA,NA
Greece,2025,38.832999114919026,0.0,38.832999114919026,50.83410885573848,0.0,50.83410885573848,NA,NA,NA,NA,NA,NA
Grenada,1989,0.0,0.0,0.0,0.0,0.0,0.0,NA,NA,NA,NA,NA,NA
Grenada,1990,0.0,0.0,0.0,0.0,0.0,0.0,NA,NA,NA,NA,NA,NA
Grenada,1991,0.0,0.0,0.0,0.0,0.0,0.0,NA,NA,NA,NA,NA,NA
Grenada,1992,0.0,0.0,0.0,0.0,0.0,0.0,NA,NA,NA,NA,NA,NA
Grenada,1993,0.0,0.0,0.0,0.0,0.0,0.0,NA,NA,NA,NA,NA,NA
Grenada,1994,0.0,0.0,0.0,0.0,0.0,0.0,NA,NA,NA,NA,NA,NA
Grenada,1995,0.0,0.0,0.0,0.0,0.0,0.0,NA,NA,NA,NA,NA,NA
Grenada,1996,0.0,0.0,0.0,0.0,0.0,0.0,NA,NA,NA,NA,NA,NA
Grenada,1997,0.0,0.0,0.0,0.0,0.0,0.0,NA,NA,NA,NA,NA,NA
Grenada,1998,0.0,0.0,0.0,0.0,0.0,0.0,NA,NA,NA,NA,NA,NA
Grenada,1999,0.0,0.0,0.0,0.0,0.0,0.0,NA,NA,NA,NA,NA,NA
Grenada,2000,0.0,0.0,0.0,0.0,0.0,0.0,NA,NA,NA,NA,NA,NA
Grenada,2001,0.0,0.0,0.0,0.0,0.0,0.0,NA,NA,NA,NA,NA,NA
Grenada,2002,0.0,0.0,0.0,0.0,0.0,0.0,NA,NA,NA,NA,NA,NA
Grenada,2003,0.0,0.0,0.0,0.0,0.0,0.0,NA,NA,NA,NA,NA,NA
Grenada,2004,0.0,0.0,0.0,0.0,0.0,0.0,NA,NA,NA,NA,NA,NA
Grenada,2005,0.0,0.0,0.0,0.0,0.0,0.0,NA,NA,NA,NA,NA,NA
Grenada,2006,0.0,0.0,0.0,0.0,0.0,0.0,NA,NA,NA,NA,NA,NA
Grenada,2007,0.0,0.0,0.0,0.0,0.0,0.0,NA,NA,NA,NA,NA,NA
Grenada,2008,0.0,0.0,0.0,0.0,0.0,0.0,NA,NA,NA,NA,NA,NA
Grenada,2009,0.0,0.0,0.0,0.0,0.0,0.0,NA,NA,NA,NA,NA,NA
Grenada,2010,0.0,0.0,0.0,0.0,0.0,0.0,NA,NA,NA,NA,NA,NA
Grenada,2011,0.0,0.0,0.0,0.0,0.0,0.0,NA,NA,NA,NA,NA,NA
Grenada,2012,0.0,0.0,0.0,0.0,0.0,0.0,NA,NA,NA,NA,NA,NA
Grenada,2013,0.0,0.0,0.0,0.0,0.0,0.0,NA,NA,NA,NA,NA,NA
Grenada,2014,0.0,0.0,0.0,0.0,0.0,0.0,NA,NA,NA,NA,NA,NA
Grenada,2015,0.0,0.0,0.0,0.0,0.0,0.0,NA,NA,NA,NA,NA,NA
Grenada,2016,0.0,0.0,0.0,0.0,0.0,0.0,NA,NA,NA,NA,NA,NA
Grenada,2017,0.0,0.0,0.0,0.0,0.0,0.0,NA,NA,NA,NA,NA,NA
Grenada,2018,0.0,0.0,0.0,0.0,0.0,0.0,NA,NA,NA,NA,NA,NA
Grenada,2019,0.0,0.0,0.0,0.0,0.0,0.0,NA,NA,NA,NA,NA,NA
Grenada,2020,0.0,0.0,0.0,0.0,0.0,0.0,NA,NA,NA,NA,NA,NA
Grenada,2021,0.0,0.0,0.0,0.0,0.0,0.0,NA,NA,NA,NA,NA,NA
Grenada,2022,0.0,0.0,0.0,0.0,0.0,0.0,NA,NA,NA,NA,NA,NA
Grenada,2023,0.0,0.0,0.0,0.0,0.0,0.0,NA,NA,NA,NA,NA,NA
Grenada,2024,0.0,0.0,0.0,0.0,0.0,0.0,NA,NA,NA,NA,NA,NA
Grenada,2025,0.0,0.0,0.0,0.0,0.0,0.0,NA,NA,NA,NA,NA,NA
Guanajuato,1989,0.0,0.0,0.0,0.0,0.0,0.0,0.0,0.0,0.0,0.0,0.0,0.0
Guanajuato,1990,0.0,0.0,0.0,0.0,0.0,0.0,0.0,0.0,0.0,0.0,0.0,0.0
Guanajuato,1991,0.0,0.0,0.0,0.0,0.0,0.0,0.0,0.0,0.0,0.0,0.0,0.0
Guanajuato,1992,0.0,0.0,0.0,0.0,0.0,0.0,0.0,0.0,0.0,0.0,0.0,0.0
Guanajuato,1993,0.0,0.0,0.0,0.0,0.0,0.0,0.0,0.0,0.0,0.0,0.0,0.0
Guanajuato,1994,0.0,0.0,0.0,0.0,0.0,0.0,0.0,0.0,0.0,0.0,0.0,0.0
Guanajuato,1995,0.0,0.0,0.0,0.0,0.0,0.0,0.0,0.0,0.0,0.0,0.0,0.0
Guanajuato,1996,0.0,0.0,0.0,0.0,0.0,0.0,0.0,0.0,0.0,0.0,0.0,0.0
Guanajuato,1997,0.0,0.0,0.0,0.0,0.0,0.0,0.0,0.0,0.0,0.0,0.0,0.0
Guanajuato,1998,0.0,0.0,0.0,0.0,0.0,0.0,0.0,0.0,0.0,0.0,0.0,0.0
Guanajuato,1999,0.0,0.0,0.0,0.0,0.0,0.0,0.0,0.0,0.0,0.0,0.0,0.0
Guanajuato,2000,0.0,0.0,0.0,0.0,0.0,0.0,0.0,0.0,0.0,0.0,0.0,0.0
Guanajuato,2001,0.0,0.0,0.0,0.0,0.0,0.0,0.0,0.0,0.0,0.0,0.0,0.0
Guanajuato,2002,0.0,0.0,0.0,0.0,0.0,0.0,0.0,0.0,0.0,0.0,0.0,0.0
Guanajuato,2003,0.0,0.0,0.0,0.0,0.0,0.0,0.0,0.0,0.0,0.0,0.0,0.0
Guanajuato,2004,0.0,0.0,0.0,0.0,0.0,0.0,0.0,0.0,0.0,0.0,0.0,0.0
Guanajuato,2005,0.0,0.0,0.0,0.0,0.0,0.0,0.0,0.0,0.0,0.0,0.0,0.0
Guanajuato,2006,0.0,0.0,0.0,0.0,0.0,0.0,0.0,0.0,0.0,0.0,0.0,0.0
Guanajuato,2007,0.0,0.0,0.0,0.0,0.0,0.0,0.0,0.0,0.0,0.0,0.0,0.0
Guanajuato,2008,0.0,0.0,0.0,0.0,0.0,0.0,0.0,0.0,0.0,0.0,0.0,0.0
Guanajuato,2009,0.0,0.0,0.0,0.0,0.0,0.0,0.0,0.0,0.0,0.0,0.0,0.0
Guanajuato,2010,0.0,0.0,0.0,0.0,0.0,0.0,0.0,0.0,0.0,0.0,0.0,0.0
Guanajuato,2011,0.0,0.0,0.0,0.0,0.0,0.0,0.0,0.0,0.0,0.0,0.0,0.0
Guanajuato,2012,0.0,0.0,0.0,0.0,0.0,0.0,0.0,0.0,0.0,0.0,0.0,0.0
Guanajuato,2013,0.0,0.0,0.0,0.0,0.0,0.0,0.0,0.0,0.0,0.0,0.0,0.0
Guanajuato,2014,0.0,0.0,0.0,0.0,0.0,0.0,0.0,0.0,0.0,0.0,0.0,0.0
Guanajuato,2015,0.0,0.0,0.0,0.0,0.0,0.0,0.0,0.0,0.0,0.0,0.0,0.0
Guanajuato,2016,0.0,0.0,0.0,0.0,0.0,0.0,0.0,0.0,0.0,0.0,0.0,0.0
Guanajuato,2017,0.0,0.0,0.0,0.0,0.0,0.0,0.0,0.0,0.0,0.0,0.0,0.0
Guanajuato,2018,0.0,0.0,0.0,0.0,0.0,0.0,0.0,0.0,0.0,0.0,0.0,0.0
Guanajuato,2019,0.0,0.0,0.0,0.0,0.0,0.0,0.0,0.0,0.0,0.0,0.0,0.0
Guanajuato,2020,0.0,0.0,0.0,0.0,0.0,0.0,0.0,0.0,0.0,0.0,0.0,0.0
Guanajuato,2021,0.0,0.0,0.0,0.0,0.0,0.0,0.0,0.0,0.0,0.0,0.0,0.0
Guanajuato,2022,0.0,0.0,0.0,0.0,0.0,0.0,0.0,0.0,0.0,0.0,0.0,0.0
Guanajuato,2023,0.0,0.0,0.0,0.0,0.0,0.0,0.0,0.0,0.0,0.0,0.0,0.0
Guanajuato,2024,0.0,0.0,0.0,0.0,0.0,0.0,0.0,0.0,0.0,0.0,0.0,0.0
Guanajuato,2025,0.0,0.0,0.0,0.0,0.0,0.0,0.0,0.0,0.0,0.0,0.0,0.0
Guangdong Province,1989,0.0,0.0,0.0,0.0,0.0,0.0,0.0,0.0,0.0,0.0,0.0,0.0
Guangdong Province,1990,0.0,0.0,0.0,0.0,0.0,0.0,0.0,0.0,0.0,0.0,0.0,0.0
Guangdong Province,1991,0.0,0.0,0.0,0.0,0.0,0.0,0.0,0.0,0.0,0.0,0.0,0.0
Guangdong Province,1992,0.0,0.0,0.0,0.0,0.0,0.0,0.0,0.0,0.0,0.0,0.0,0.0
Guangdong Province,1993,0.0,0.0,0.0,0.0,0.0,0.0,0.0,0.0,0.0,0.0,0.0,0.0
Guangdong Province,1994,0.0,0.0,0.0,0.0,0.0,0.0,0.0,0.0,0.0,0.0,0.0,0.0
Guangdong Province,1995,0.0,0.0,0.0,0.0,0.0,0.0,0.0,0.0,0.0,0.0,0.0,0.0
Guangdong Province,1996,0.0,0.0,0.0,0.0,0.0,0.0,0.0,0.0,0.0,0.0,0.0,0.0
Guangdong Province,1997,0.0,0.0,0.0,0.0,0.0,0.0,0.0,0.0,0.0,0.0,0.0,0.0
Guangdong Province,1998,0.0,0.0,0.0,0.0,0.0,0.0,0.0,0.0,0.0,0.0,0.0,0.0
Guangdong Province,1999,0.0,0.0,0.0,0.0,0.0,0.0,0.0,0.0,0.0,0.0,0.0,0.0
Guangdong Province,2000,0.0,0.0,0.0,0.0,0.0,0.0,0.0,0.0,0.0,0.0,0.0,0.0
Guangdong Province,2001,0.0,0.0,0.0,0.0,0.0,0.0,0.0,0.0,0.0,0.0,0.0,0.0
Guangdong Province,2002,0.0,0.0,0.0,0.0,0.0,0.0,0.0,0.0,0.0,0.0,0.0,0.0
Guangdong Province,2003,0.0,0.0,0.0,0.0,0.0,0.0,0.0,0.0,0.0,0.0,0.0,0.0
Guangdong Province,2004,0.0,0.0,0.0,0.0,0.0,0.0,0.0,0.0,0.0,0.0,0.0,0.0
Guangdong Province,2005,0.0,0.0,0.0,0.0,0.0,0.0,0.0,0.0,0.0,0.0,0.0,0.0
Guangdong Province,2006,0.0,0.0,0.0,0.0,0.0,0.0,0.0,0.0,0.0,0.0,0.0,0.0
Guangdong Province,2007,0.0,0.0,0.0,0.0,0.0,0.0,0.0,0.0,0.0,0.0,0.0,0.0
Guangdong Province,2008,0.0,0.0,0.0,0.0,0.0,0.0,0.0,0.0,0.0,0.0,0.0,0.0
Guangdong Province,2009,0.0,0.0,0.0,0.0,0.0,0.0,0.0,0.0,0.0,0.0,0.0,0.0
Guangdong Province,2010,0.0,0.0,0.0,0.0,0.0,0.0,0.0,0.0,0.0,0.0,0.0,0.0
Guangdong Province,2011,0.0,0.0,0.0,0.0,0.0,0.0,0.0,0.0,0.0,0.0,0.0,0.0
Guangdong Province,2012,0.0,0.0,0.0,0.0,0.0,0.0,0.0,0.0,0.0,0.0,0.0,0.0
Guangdong Province,2013,0.0,0.0,0.0,6.294308809410641,0.0,6.294308809410641,0.1942530912413205,0.0,0.1942530912413205,0.23490688527041348,0.0,0.23490688527041348
Guangdong Province,2014,0.0,0.0,0.0,5.292658376457162,0.0,5.292658376457162,0.16334045272356737,0.0,0.16334045272356737,0.19752476906679264,0.0,0.19752476906679264
Guangdong Province,2015,0.0,0.0,0.0,1.9671764383564496,0.0,1.9671764383564496,0.06071041566891465,0.0,0.06071041566891465,0.07341604994352469,0.0,0.07341604994352469
Guangdong Province,2016,0.0,0.0,0.0,1.2843879008812336,0.0,1.2843879008812336,0.039638398377611794,0.0,0.039638398377611794,0.04793402586538575,0.0,0.04793402586538575
Guangdong Province,2017,0.0,0.0,0.0,1.3892036225874242,0.0,1.3892036225874242,0.0428731900868581,0.0,0.0428731900868581,0.05184580322790719,0.0,0.05184580322790719
Guangdong Province,2018,0.0,0.0,0.0,1.4142695343842173,0.0,1.4142695343842173,0.04364676682081648,0.0,0.04364676682081648,0.05278127612015616,0.0,0.05278127612015616
Guangdong Province,2019,0.0,0.0,0.0,2.171195470873268,0.0,2.171195470873268,0.06700679052729505,0.0,0.06700679052729505,0.08103014656883731,0.0,0.08103014656883731
Guangdong Province,2020,0.0,0.0,0.0,2.6271229685906845,0.0,2.6271229685906845,0.08107748970892943,0.0,0.08107748970892943,0.09804559840650463,0.0,0.09804559840650463
Guangdong Province,2021,0.0,0.0,0.0,0.36944651670119316,0.0,0.36944651670119316,0.011401748800479432,0.0,0.011401748800479432,0.013787936553498572,0.0,0.013787936553498572
Guangdong Province,2022,0.0,0.0,0.0,0.6943339654040962,0.0,0.6943339654040962,0.021428328863041395,0.0,0.021428328863041395,0.025912905465755698,0.0,0.025912905465755698
Guangdong Province,2023,0.0,0.0,0.0,0.0,0.0,0.0,0.0,0.0,0.0,0.0,0.0,0.0
Guangdong Province,2024,0.0,0.0,0.0,0.0,0.0,0.0,0.0,0.0,0.0,0.0,0.0,0.0
Guangdong Province,2025,0.0,0.0,0.0,0.3358208435197463,0.0,0.3358208435197463,0.010364003249959165,0.0,0.010364003249959165,0.012533008905149816,0.0,0.012533008905149816
Guangxi Zhuang Autonomous Region,1989,0.0,0.0,0.0,0.0,0.0,0.0,0.0,0.0,0.0,0.0,0.0,0.0
Guangxi Zhuang Autonomous Region,1990,0.0,0.0,0.0,0.0,0.0,0.0,0.0,0.0,0.0,0.0,0.0,0.0
Guangxi Zhuang Autonomous Region,1991,0.0,0.0,0.0,0.0,0.0,0.0,0.0,0.0,0.0,0.0,0.0,0.0
Guangxi Zhuang Autonomous Region,1992,0.0,0.0,0.0,0.0,0.0,0.0,0.0,0.0,0.0,0.0,0.0,0.0
Guangxi Zhuang Autonomous Region,1993,0.0,0.0,0.0,0.0,0.0,0.0,0.0,0.0,0.0,0.0,0.0,0.0
Guangxi Zhuang Autonomous Region,1994,0.0,0.0,0.0,0.0,0.0,0.0,0.0,0.0,0.0,0.0,0.0,0.0
Guangxi Zhuang Autonomous Region,1995,0.0,0.0,0.0,0.0,0.0,0.0,0.0,0.0,0.0,0.0,0.0,0.0
Guangxi Zhuang Autonomous Region,1996,0.0,0.0,0.0,0.0,0.0,0.0,0.0,0.0,0.0,0.0,0.0,0.0
Guangxi Zhuang Autonomous Region,1997,0.0,0.0,0.0,0.0,0.0,0.0,0.0,0.0,0.0,0.0,0.0,0.0
Guangxi Zhuang Autonomous Region,1998,0.0,0.0,0.0,0.0,0.0,0.0,0.0,0.0,0.0,0.0,0.0,0.0
Guangxi Zhuang Autonomous Region,1999,0.0,0.0,0.0,0.0,0.0,0.0,0.0,0.0,0.0,0.0,0.0,0.0
Guangxi Zhuang Autonomous Region,2000,0.0,0.0,0.0,0.0,0.0,0.0,0.0,0.0,0.0,0.0,0.0,0.0
Guangxi Zhuang Autonomous Region,2001,0.0,0.0,0.0,0.0,0.0,0.0,0.0,0.0,0.0,0.0,0.0,0.0
Guangxi Zhuang Autonomous Region,2002,0.0,0.0,0.0,0.0,0.0,0.0,0.0,0.0,0.0,0.0,0.0,0.0
Guangxi Zhuang Autonomous Region,2003,0.0,0.0,0.0,0.0,0.0,0.0,0.0,0.0,0.0,0.0,0.0,0.0
Guangxi Zhuang Autonomous Region,2004,0.0,0.0,0.0,0.0,0.0,0.0,0.0,0.0,0.0,0.0,0.0,0.0
Guangxi Zhuang Autonomous Region,2005,0.0,0.0,0.0,0.0,0.0,0.0,0.0,0.0,0.0,0.0,0.0,0.0
Guangxi Zhuang Autonomous Region,2006,0.0,0.0,0.0,0.0,0.0,0.0,0.0,0.0,0.0,0.0,0.0,0.0
Guangxi Zhuang Autonomous Region,2007,0.0,0.0,0.0,0.0,0.0,0.0,0.0,0.0,0.0,0.0,0.0,0.0
Guangxi Zhuang Autonomous Region,2008,0.0,0.0,0.0,0.0,0.0,0.0,0.0,0.0,0.0,0.0,0.0,0.0
Guangxi Zhuang Autonomous Region,2009,0.0,0.0,0.0,0.0,0.0,0.0,0.0,0.0,0.0,0.0,0.0,0.0
Guangxi Zhuang Autonomous Region,2010,0.0,0.0,0.0,0.0,0.0,0.0,0.0,0.0,0.0,0.0,0.0,0.0
Guangxi Zhuang Autonomous Region,2011,0.0,0.0,0.0,0.0,0.0,0.0,0.0,0.0,0.0,0.0,0.0,0.0
Guangxi Zhuang Autonomous Region,2012,0.0,0.0,0.0,0.0,0.0,0.0,0.0,0.0,0.0,0.0,0.0,0.0
Guangxi Zhuang Autonomous Region,2013,0.0,0.0,0.0,0.0,0.0,0.0,0.0,0.0,0.0,0.0,0.0,0.0
Guangxi Zhuang Autonomous Region,2014,0.0,0.0,0.0,0.0,0.0,0.0,0.0,0.0,0.0,0.0,0.0,0.0
Guangxi Zhuang Autonomous Region,2015,0.0,0.0,0.0,0.0,0.0,0.0,0.0,0.0,0.0,0.0,0.0,0.0
Guangxi Zhuang Autonomous Region,2016,0.0,0.0,0.0,0.0,0.0,0.0,0.0,0.0,0.0,0.0,0.0,0.0
Guangxi Zhuang Autonomous Region,2017,0.0,0.0,0.0,0.0,0.0,0.0,0.0,0.0,0.0,0.0,0.0,0.0
Guangxi Zhuang Autonomous Region,2018,0.0,0.0,0.0,0.0,0.0,0.0,0.0,0.0,0.0,0.0,0.0,0.0
Guangxi Zhuang Autonomous Region,2019,0.0,0.0,0.0,0.0,0.0,0.0,0.0,0.0,0.0,0.0,0.0,0.0
Guangxi Zhuang Autonomous Region,2020,0.0,0.0,0.0,0.0,0.0,0.0,0.0,0.0,0.0,0.0,0.0,0.0
Guangxi Zhuang Autonomous Region,2021,0.0,0.0,0.0,0.0,0.0,0.0,0.0,0.0,0.0,0.0,0.0,0.0
Guangxi Zhuang Autonomous Region,2022,0.0,0.0,0.0,0.0,0.0,0.0,0.0,0.0,0.0,0.0,0.0,0.0
Guangxi Zhuang Autonomous Region,2023,0.0,0.0,0.0,0.0,0.0,0.0,0.0,0.0,0.0,0.0,0.0,0.0
Guangxi Zhuang Autonomous Region,2024,0.0,0.0,0.0,0.0,0.0,0.0,0.0,0.0,0.0,0.0,0.0,0.0
Guangxi Zhuang Autonomous Region,2025,0.0,0.0,0.0,0.0,0.0,0.0,0.0,0.0,0.0,0.0,0.0,0.0
Guatemala,1989,0.0,0.0,0.0,0.0,0.0,0.0,NA,NA,NA,NA,NA,NA
Guatemala,1990,0.0,0.0,0.0,0.0,0.0,0.0,NA,NA,NA,NA,NA,NA
Guatemala,1991,0.0,0.0,0.0,0.0,0.0,0.0,NA,NA,NA,NA,NA,NA
Guatemala,1992,0.0,0.0,0.0,0.0,0.0,0.0,NA,NA,NA,NA,NA,NA
Guatemala,1993,0.0,0.0,0.0,0.0,0.0,0.0,NA,NA,NA,NA,NA,NA
Guatemala,1994,0.0,0.0,0.0,0.0,0.0,0.0,NA,NA,NA,NA,NA,NA
Guatemala,1995,0.0,0.0,0.0,0.0,0.0,0.0,NA,NA,NA,NA,NA,NA
Guatemala,1996,0.0,0.0,0.0,0.0,0.0,0.0,NA,NA,NA,NA,NA,NA
Guatemala,1997,0.0,0.0,0.0,0.0,0.0,0.0,NA,NA,NA,NA,NA,NA
Guatemala,1998,0.0,0.0,0.0,0.0,0.0,0.0,NA,NA,NA,NA,NA,NA
Guatemala,1999,0.0,0.0,0.0,0.0,0.0,0.0,NA,NA,NA,NA,NA,NA
Guatemala,2000,0.0,0.0,0.0,0.0,0.0,0.0,NA,NA,NA,NA,NA,NA
Guatemala,2001,0.0,0.0,0.0,0.0,0.0,0.0,NA,NA,NA,NA,NA,NA
Guatemala,2002,0.0,0.0,0.0,0.0,0.0,0.0,NA,NA,NA,NA,NA,NA
Guatemala,2003,0.0,0.0,0.0,0.0,0.0,0.0,NA,NA,NA,NA,NA,NA
Guatemala,2004,0.0,0.0,0.0,0.0,0.0,0.0,NA,NA,NA,NA,NA,NA
Guatemala,2005,0.0,0.0,0.0,0.0,0.0,0.0,NA,NA,NA,NA,NA,NA
Guatemala,2006,0.0,0.0,0.0,0.0,0.0,0.0,NA,NA,NA,NA,NA,NA
Guatemala,2007,0.0,0.0,0.0,0.0,0.0,0.0,NA,NA,NA,NA,NA,NA
Guatemala,2008,0.0,0.0,0.0,0.0,0.0,0.0,NA,NA,NA,NA,NA,NA
Guatemala,2009,0.0,0.0,0.0,0.0,0.0,0.0,NA,NA,NA,NA,NA,NA
Guatemala,2010,0.0,0.0,0.0,0.0,0.0,0.0,NA,NA,NA,NA,NA,NA
Guatemala,2011,0.0,0.0,0.0,0.0,0.0,0.0,NA,NA,NA,NA,NA,NA
Guatemala,2012,0.0,0.0,0.0,0.0,0.0,0.0,NA,NA,NA,NA,NA,NA
Guatemala,2013,0.0,0.0,0.0,0.0,0.0,0.0,NA,NA,NA,NA,NA,NA
Guatemala,2014,0.0,0.0,0.0,0.0,0.0,0.0,NA,NA,NA,NA,NA,NA
Guatemala,2015,0.0,0.0,0.0,0.0,0.0,0.0,NA,NA,NA,NA,NA,NA
Guatemala,2016,0.0,0.0,0.0,0.0,0.0,0.0,NA,NA,NA,NA,NA,NA
Guatemala,2017,0.0,0.0,0.0,0.0,0.0,0.0,NA,NA,NA,NA,NA,NA
Guatemala,2018,0.0,0.0,0.0,0.0,0.0,0.0,NA,NA,NA,NA,NA,NA
Guatemala,2019,0.0,0.0,0.0,0.0,0.0,0.0,NA,NA,NA,NA,NA,NA
Guatemala,2020,0.0,0.0,0.0,0.0,0.0,0.0,NA,NA,NA,NA,NA,NA
Guatemala,2021,0.0,0.0,0.0,0.0,0.0,0.0,NA,NA,NA,NA,NA,NA
Guatemala,2022,0.0,0.0,0.0,0.0,0.0,0.0,NA,NA,NA,NA,NA,NA
Guatemala,2023,0.0,0.0,0.0,0.0,0.0,0.0,NA,NA,NA,NA,NA,NA
Guatemala,2024,0.0,0.0,0.0,0.0,0.0,0.0,NA,NA,NA,NA,NA,NA
Guatemala,2025,0.0,0.0,0.0,0.0,0.0,0.0,NA,NA,NA,NA,NA,NA
Guerrero,1989,0.0,0.0,0.0,0.0,0.0,0.0,0.0,0.0,0.0,0.0,0.0,0.0
Guerrero,1990,0.0,0.0,0.0,0.0,0.0,0.0,0.0,0.0,0.0,0.0,0.0,0.0
Guerrero,1991,0.0,0.0,0.0,0.0,0.0,0.0,0.0,0.0,0.0,0.0,0.0,0.0
Guerrero,1992,0.0,0.0,0.0,0.0,0.0,0.0,0.0,0.0,0.0,0.0,0.0,0.0
Guerrero,1993,0.0,0.0,0.0,0.0,0.0,0.0,0.0,0.0,0.0,0.0,0.0,0.0
Guerrero,1994,0.0,0.0,0.0,0.0,0.0,0.0,0.0,0.0,0.0,0.0,0.0,0.0
Guerrero,1995,0.0,0.0,0.0,0.0,0.0,0.0,0.0,0.0,0.0,0.0,0.0,0.0
Guerrero,1996,0.0,0.0,0.0,0.0,0.0,0.0,0.0,0.0,0.0,0.0,0.0,0.0
Guerrero,1997,0.0,0.0,0.0,0.0,0.0,0.0,0.0,0.0,0.0,0.0,0.0,0.0
Guerrero,1998,0.0,0.0,0.0,0.0,0.0,0.0,0.0,0.0,0.0,0.0,0.0,0.0
Guerrero,1999,0.0,0.0,0.0,0.0,0.0,0.0,0.0,0.0,0.0,0.0,0.0,0.0
Guerrero,2000,0.0,0.0,0.0,0.0,0.0,0.0,0.0,0.0,0.0,0.0,0.0,0.0
Guerrero,2001,0.0,0.0,0.0,0.0,0.0,0.0,0.0,0.0,0.0,0.0,0.0,0.0
Guerrero,2002,0.0,0.0,0.0,0.0,0.0,0.0,0.0,0.0,0.0,0.0,0.0,0.0
Guerrero,2003,0.0,0.0,0.0,0.0,0.0,0.0,0.0,0.0,0.0,0.0,0.0,0.0
Guerrero,2004,0.0,0.0,0.0,0.0,0.0,0.0,0.0,0.0,0.0,0.0,0.0,0.0
Guerrero,2005,0.0,0.0,0.0,0.0,0.0,0.0,0.0,0.0,0.0,0.0,0.0,0.0
Guerrero,2006,0.0,0.0,0.0,0.0,0.0,0.0,0.0,0.0,0.0,0.0,0.0,0.0
Guerrero,2007,0.0,0.0,0.0,0.0,0.0,0.0,0.0,0.0,0.0,0.0,0.0,0.0
Guerrero,2008,0.0,0.0,0.0,0.0,0.0,0.0,0.0,0.0,0.0,0.0,0.0,0.0
Guerrero,2009,0.0,0.0,0.0,0.0,0.0,0.0,0.0,0.0,0.0,0.0,0.0,0.0
Guerrero,2010,0.0,0.0,0.0,0.0,0.0,0.0,0.0,0.0,0.0,0.0,0.0,0.0
Guerrero,2011,0.0,0.0,0.0,0.0,0.0,0.0,0.0,0.0,0.0,0.0,0.0,0.0
Guerrero,2012,0.0,0.0,0.0,0.0,0.0,0.0,0.0,0.0,0.0,0.0,0.0,0.0
Guerrero,2013,0.0,0.0,0.0,0.0,0.0,0.0,0.0,0.0,0.0,0.0,0.0,0.0
Guerrero,2014,0.0,0.0,0.0,0.0,0.0,0.0,0.0,0.0,0.0,0.0,0.0,0.0
Guerrero,2015,0.0,0.0,0.0,0.0,0.0,0.0,0.0,0.0,0.0,0.0,0.0,0.0
Guerrero,2016,0.0,0.0,0.0,0.0,0.0,0.0,0.0,0.0,0.0,0.0,0.0,0.0
Guerrero,2017,0.0,0.0,0.0,0.0,0.0,0.0,0.0,0.0,0.0,0.0,0.0,0.0
Guerrero,2018,0.0,0.0,0.0,0.0,0.0,0.0,0.0,0.0,0.0,0.0,0.0,0.0
Guerrero,2019,0.0,0.0,0.0,0.0,0.0,0.0,0.0,0.0,0.0,0.0,0.0,0.0
Guerrero,2020,0.0,0.0,0.0,0.0,0.0,0.0,0.0,0.0,0.0,0.0,0.0,0.0
Guerrero,2021,0.0,0.0,0.0,0.0,0.0,0.0,0.0,0.0,0.0,0.0,0.0,0.0
Guerrero,2022,0.0,0.0,0.0,0.0,0.0,0.0,0.0,0.0,0.0,0.0,0.0,0.0
Guerrero,2023,0.0,0.0,0.0,0.0,0.0,0.0,0.0,0.0,0.0,0.0,0.0,0.0
Guerrero,2024,0.0,0.0,0.0,0.0,0.0,0.0,0.0,0.0,0.0,0.0,0.0,0.0
Guerrero,2025,0.0,0.0,0.0,0.0,0.0,0.0,0.0,0.0,0.0,0.0,0.0,0.0
Guinea,1989,0.0,0.0,0.0,0.0,0.0,0.0,NA,NA,NA,NA,NA,NA
Guinea,1990,0.0,0.0,0.0,0.0,0.0,0.0,NA,NA,NA,NA,NA,NA
Guinea,1991,0.0,0.0,0.0,0.0,0.0,0.0,NA,NA,NA,NA,NA,NA
Guinea,1992,0.0,0.0,0.0,0.0,0.0,0.0,NA,NA,NA,NA,NA,NA
Guinea,1993,0.0,0.0,0.0,0.0,0.0,0.0,NA,NA,NA,NA,NA,NA
Guinea,1994,0.0,0.0,0.0,0.0,0.0,0.0,NA,NA,NA,NA,NA,NA
Guinea,1995,0.0,0.0,0.0,0.0,0.0,0.0,NA,NA,NA,NA,NA,NA
Guinea,1996,0.0,0.0,0.0,0.0,0.0,0.0,NA,NA,NA,NA,NA,NA
Guinea,1997,0.0,0.0,0.0,0.0,0.0,0.0,NA,NA,NA,NA,NA,NA
Guinea,1998,0.0,0.0,0.0,0.0,0.0,0.0,NA,NA,NA,NA,NA,NA
Guinea,1999,0.0,0.0,0.0,0.0,0.0,0.0,NA,NA,NA,NA,NA,NA
Guinea,2000,0.0,0.0,0.0,0.0,0.0,0.0,NA,NA,NA,NA,NA,NA
Guinea,2001,0.0,0.0,0.0,0.0,0.0,0.0,NA,NA,NA,NA,NA,NA
Guinea,2002,0.0,0.0,0.0,0.0,0.0,0.0,NA,NA,NA,NA,NA,NA
Guinea,2003,0.0,0.0,0.0,0.0,0.0,0.0,NA,NA,NA,NA,NA,NA
Guinea,2004,0.0,0.0,0.0,0.0,0.0,0.0,NA,NA,NA,NA,NA,NA
Guinea,2005,0.0,0.0,0.0,0.0,0.0,0.0,NA,NA,NA,NA,NA,NA
Guinea,2006,0.0,0.0,0.0,0.0,0.0,0.0,NA,NA,NA,NA,NA,NA
Guinea,2007,0.0,0.0,0.0,0.0,0.0,0.0,NA,NA,NA,NA,NA,NA
Guinea,2008,0.0,0.0,0.0,0.0,0.0,0.0,NA,NA,NA,NA,NA,NA
Guinea,2009,0.0,0.0,0.0,0.0,0.0,0.0,NA,NA,NA,NA,NA,NA
Guinea,2010,0.0,0.0,0.0,0.0,0.0,0.0,NA,NA,NA,NA,NA,NA
Guinea,2011,0.0,0.0,0.0,0.0,0.0,0.0,NA,NA,NA,NA,NA,NA
Guinea,2012,0.0,0.0,0.0,0.0,0.0,0.0,NA,NA,NA,NA,NA,NA
Guinea,2013,0.0,0.0,0.0,0.0,0.0,0.0,NA,NA,NA,NA,NA,NA
Guinea,2014,0.0,0.0,0.0,0.0,0.0,0.0,NA,NA,NA,NA,NA,NA
Guinea,2015,0.0,0.0,0.0,0.0,0.0,0.0,NA,NA,NA,NA,NA,NA
Guinea,2016,0.0,0.0,0.0,0.0,0.0,0.0,NA,NA,NA,NA,NA,NA
Guinea,2017,0.0,0.0,0.0,0.0,0.0,0.0,NA,NA,NA,NA,NA,NA
Guinea,2018,0.0,0.0,0.0,0.0,0.0,0.0,NA,NA,NA,NA,NA,NA
Guinea,2019,0.0,0.0,0.0,0.0,0.0,0.0,NA,NA,NA,NA,NA,NA
Guinea,2020,0.0,0.0,0.0,0.0,0.0,0.0,NA,NA,NA,NA,NA,NA
Guinea,2021,0.0,0.0,0.0,0.0,0.0,0.0,NA,NA,NA,NA,NA,NA
Guinea,2022,0.0,0.0,0.0,0.0,0.0,0.0,NA,NA,NA,NA,NA,NA
Guinea,2023,0.0,0.0,0.0,0.0,0.0,0.0,NA,NA,NA,NA,NA,NA
Guinea,2024,0.0,0.0,0.0,0.0,0.0,0.0,NA,NA,NA,NA,NA,NA
Guinea,2025,0.0,0.0,0.0,0.0,0.0,0.0,NA,NA,NA,NA,NA,NA
Guinea-Bissau,1989,0.0,0.0,0.0,0.0,0.0,0.0,NA,NA,NA,NA,NA,NA
Guinea-Bissau,1990,0.0,0.0,0.0,0.0,0.0,0.0,NA,NA,NA,NA,NA,NA
Guinea-Bissau,1991,0.0,0.0,0.0,0.0,0.0,0.0,NA,NA,NA,NA,NA,NA
Guinea-Bissau,1992,0.0,0.0,0.0,0.0,0.0,0.0,NA,NA,NA,NA,NA,NA
Guinea-Bissau,1993,0.0,0.0,0.0,0.0,0.0,0.0,NA,NA,NA,NA,NA,NA
Guinea-Bissau,1994,0.0,0.0,0.0,0.0,0.0,0.0,NA,NA,NA,NA,NA,NA
Guinea-Bissau,1995,0.0,0.0,0.0,0.0,0.0,0.0,NA,NA,NA,NA,NA,NA
Guinea-Bissau,1996,0.0,0.0,0.0,0.0,0.0,0.0,NA,NA,NA,NA,NA,NA
Guinea-Bissau,1997,0.0,0.0,0.0,0.0,0.0,0.0,NA,NA,NA,NA,NA,NA
Guinea-Bissau,1998,0.0,0.0,0.0,0.0,0.0,0.0,NA,NA,NA,NA,NA,NA
Guinea-Bissau,1999,0.0,0.0,0.0,0.0,0.0,0.0,NA,NA,NA,NA,NA,NA
Guinea-Bissau,2000,0.0,0.0,0.0,0.0,0.0,0.0,NA,NA,NA,NA,NA,NA
Guinea-Bissau,2001,0.0,0.0,0.0,0.0,0.0,0.0,NA,NA,NA,NA,NA,NA
Guinea-Bissau,2002,0.0,0.0,0.0,0.0,0.0,0.0,NA,NA,NA,NA,NA,NA
Guinea-Bissau,2003,0.0,0.0,0.0,0.0,0.0,0.0,NA,NA,NA,NA,NA,NA
Guinea-Bissau,2004,0.0,0.0,0.0,0.0,0.0,0.0,NA,NA,NA,NA,NA,NA
Guinea-Bissau,2005,0.0,0.0,0.0,0.0,0.0,0.0,NA,NA,NA,NA,NA,NA
Guinea-Bissau,2006,0.0,0.0,0.0,0.0,0.0,0.0,NA,NA,NA,NA,NA,NA
Guinea-Bissau,2007,0.0,0.0,0.0,0.0,0.0,0.0,NA,NA,NA,NA,NA,NA
Guinea-Bissau,2008,0.0,0.0,0.0,0.0,0.0,0.0,NA,NA,NA,NA,NA,NA
Guinea-Bissau,2009,0.0,0.0,0.0,0.0,0.0,0.0,NA,NA,NA,NA,NA,NA
Guinea-Bissau,2010,0.0,0.0,0.0,0.0,0.0,0.0,NA,NA,NA,NA,NA,NA
Guinea-Bissau,2011,0.0,0.0,0.0,0.0,0.0,0.0,NA,NA,NA,NA,NA,NA
Guinea-Bissau,2012,0.0,0.0,0.0,0.0,0.0,0.0,NA,NA,NA,NA,NA,NA
Guinea-Bissau,2013,0.0,0.0,0.0,0.0,0.0,0.0,NA,NA,NA,NA,NA,NA
Guinea-Bissau,2014,0.0,0.0,0.0,0.0,0.0,0.0,NA,NA,NA,NA,NA,NA
Guinea-Bissau,2015,0.0,0.0,0.0,0.0,0.0,0.0,NA,NA,NA,NA,NA,NA
Guinea-Bissau,2016,0.0,0.0,0.0,0.0,0.0,0.0,NA,NA,NA,NA,NA,NA
Guinea-Bissau,2017,0.0,0.0,0.0,0.0,0.0,0.0,NA,NA,NA,NA,NA,NA
Guinea-Bissau,2018,0.0,0.0,0.0,0.0,0.0,0.0,NA,NA,NA,NA,NA,NA
Guinea-Bissau,2019,0.0,0.0,0.0,0.0,0.0,0.0,NA,NA,NA,NA,NA,NA
Guinea-Bissau,2020,0.0,0.0,0.0,0.0,0.0,0.0,NA,NA,NA,NA,NA,NA
Guinea-Bissau,2021,0.0,0.0,0.0,0.0,0.0,0.0,NA,NA,NA,NA,NA,NA
Guinea-Bissau,2022,0.0,0.0,0.0,0.0,0.0,0.0,NA,NA,NA,NA,NA,NA
Guinea-Bissau,2023,0.0,0.0,0.0,0.0,0.0,0.0,NA,NA,NA,NA,NA,NA
Guinea-Bissau,2024,0.0,0.0,0.0,0.0,0.0,0.0,NA,NA,NA,NA,NA,NA
Guinea-Bissau,2025,0.0,0.0,0.0,0.0,0.0,0.0,NA,NA,NA,NA,NA,NA
Guizhou Province,1989,0.0,0.0,0.0,0.0,0.0,0.0,0.0,0.0,0.0,0.0,0.0,0.0
Guizhou Province,1990,0.0,0.0,0.0,0.0,0.0,0.0,0.0,0.0,0.0,0.0,0.0,0.0
Guizhou Province,1991,0.0,0.0,0.0,0.0,0.0,0.0,0.0,0.0,0.0,0.0,0.0,0.0
Guizhou Province,1992,0.0,0.0,0.0,0.0,0.0,0.0,0.0,0.0,0.0,0.0,0.0,0.0
Guizhou Province,1993,0.0,0.0,0.0,0.0,0.0,0.0,0.0,0.0,0.0,0.0,0.0,0.0
Guizhou Province,1994,0.0,0.0,0.0,0.0,0.0,0.0,0.0,0.0,0.0,0.0,0.0,0.0
Guizhou Province,1995,0.0,0.0,0.0,0.0,0.0,0.0,0.0,0.0,0.0,0.0,0.0,0.0
Guizhou Province,1996,0.0,0.0,0.0,0.0,0.0,0.0,0.0,0.0,0.0,0.0,0.0,0.0
Guizhou Province,1997,0.0,0.0,0.0,0.0,0.0,0.0,0.0,0.0,0.0,0.0,0.0,0.0
Guizhou Province,1998,0.0,0.0,0.0,0.0,0.0,0.0,0.0,0.0,0.0,0.0,0.0,0.0
Guizhou Province,1999,0.0,0.0,0.0,0.0,0.0,0.0,0.0,0.0,0.0,0.0,0.0,0.0
Guizhou Province,2000,0.0,0.0,0.0,0.0,0.0,0.0,0.0,0.0,0.0,0.0,0.0,0.0
Guizhou Province,2001,0.0,0.0,0.0,0.0,0.0,0.0,0.0,0.0,0.0,0.0,0.0,0.0
Guizhou Province,2002,0.0,0.0,0.0,0.0,0.0,0.0,0.0,0.0,0.0,0.0,0.0,0.0
Guizhou Province,2003,0.0,0.0,0.0,0.0,0.0,0.0,0.0,0.0,0.0,0.0,0.0,0.0
Guizhou Province,2004,0.0,0.0,0.0,0.0,0.0,0.0,0.0,0.0,0.0,0.0,0.0,0.0
Guizhou Province,2005,0.0,0.0,0.0,0.0,0.0,0.0,0.0,0.0,0.0,0.0,0.0,0.0
Guizhou Province,2006,0.0,0.0,0.0,0.0,0.0,0.0,0.0,0.0,0.0,0.0,0.0,0.0
Guizhou Province,2007,0.0,0.0,0.0,0.0,0.0,0.0,0.0,0.0,0.0,0.0,0.0,0.0
Guizhou Province,2008,0.0,0.0,0.0,0.0,0.0,0.0,0.0,0.0,0.0,0.0,0.0,0.0
Guizhou Province,2009,0.0,0.0,0.0,0.0,0.0,0.0,0.0,0.0,0.0,0.0,0.0,0.0
Guizhou Province,2010,0.0,0.0,0.0,0.0,0.0,0.0,0.0,0.0,0.0,0.0,0.0,0.0
Guizhou Province,2011,0.0,0.0,0.0,0.0,0.0,0.0,0.0,0.0,0.0,0.0,0.0,0.0
Guizhou Province,2012,0.0,0.0,0.0,0.0,0.0,0.0,0.0,0.0,0.0,0.0,0.0,0.0
Guizhou Province,2013,0.0,0.0,0.0,0.0,0.0,0.0,0.0,0.0,0.0,0.0,0.0,0.0
Guizhou Province,2014,0.0,0.0,0.0,0.0,0.0,0.0,0.0,0.0,0.0,0.0,0.0,0.0
Guizhou Province,2015,0.0,0.0,0.0,0.0,0.0,0.0,0.0,0.0,0.0,0.0,0.0,0.0
Guizhou Province,2016,0.0,0.0,0.0,0.0,0.0,0.0,0.0,0.0,0.0,0.0,0.0,0.0
Guizhou Province,2017,0.0,0.0,0.0,0.0,0.0,0.0,0.0,0.0,0.0,0.0,0.0,0.0
Guizhou Province,2018,0.0,0.0,0.0,0.0,0.0,0.0,0.0,0.0,0.0,0.0,0.0,0.0
Guizhou Province,2019,0.0,0.0,0.0,0.0,0.0,0.0,0.0,0.0,0.0,0.0,0.0,0.0
Guizhou Province,2020,0.0,0.0,0.0,0.0,0.0,0.0,0.0,0.0,0.0,0.0,0.0,0.0
Guizhou Province,2021,0.0,0.0,0.0,0.0,0.0,0.0,0.0,0.0,0.0,0.0,0.0,0.0
Guizhou Province,2022,0.0,0.0,0.0,0.0,0.0,0.0,0.0,0.0,0.0,0.0,0.0,0.0
Guizhou Province,2023,0.0,0.0,0.0,0.0,0.0,0.0,0.0,0.0,0.0,0.0,0.0,0.0
Guizhou Province,2024,0.0,0.0,0.0,0.0,0.0,0.0,0.0,0.0,0.0,0.0,0.0,0.0
Guizhou Province,2025,0.0,0.0,0.0,0.0,0.0,0.0,0.0,0.0,0.0,0.0,0.0,0.0
Gunma,1989,0.0,0.0,0.0,0.0,0.0,0.0,0.0,0.0,0.0,0.0,0.0,0.0
Gunma,1990,0.0,0.0,0.0,0.0,0.0,0.0,0.0,0.0,0.0,0.0,0.0,0.0
Gunma,1991,0.0,0.0,0.0,0.0,0.0,0.0,0.0,0.0,0.0,0.0,0.0,0.0
Gunma,1992,0.0,0.0,0.0,0.0,0.0,0.0,0.0,0.0,0.0,0.0,0.0,0.0
Gunma,1993,0.0,0.0,0.0,0.0,0.0,0.0,0.0,0.0,0.0,0.0,0.0,0.0
Gunma,1994,0.0,0.0,0.0,0.0,0.0,0.0,0.0,0.0,0.0,0.0,0.0,0.0
Gunma,1995,0.0,0.0,0.0,0.0,0.0,0.0,0.0,0.0,0.0,0.0,0.0,0.0
Gunma,1996,0.0,0.0,0.0,0.0,0.0,0.0,0.0,0.0,0.0,0.0,0.0,0.0
Gunma,1997,0.0,0.0,0.0,0.0,0.0,0.0,0.0,0.0,0.0,0.0,0.0,0.0
Gunma,1998,0.0,0.0,0.0,0.0,0.0,0.0,0.0,0.0,0.0,0.0,0.0,0.0
Gunma,1999,0.0,0.0,0.0,0.0,0.0,0.0,0.0,0.0,0.0,0.0,0.0,0.0
Gunma,2000,0.0,0.0,0.0,0.0,0.0,0.0,0.0,0.0,0.0,0.0,0.0,0.0
Gunma,2001,0.0,0.0,0.0,0.0,0.0,0.0,0.0,0.0,0.0,0.0,0.0,0.0
Gunma,2002,0.0,0.0,0.0,0.0,0.0,0.0,0.0,0.0,0.0,0.0,0.0,0.0
Gunma,2003,0.0,0.0,0.0,0.0,0.0,0.0,0.0,0.0,0.0,0.0,0.0,0.0
Gunma,2004,0.0,0.0,0.0,0.0,0.0,0.0,0.0,0.0,0.0,0.0,0.0,0.0
Gunma,2005,0.0,0.0,0.0,0.0,0.0,0.0,0.0,0.0,0.0,0.0,0.0,0.0
Gunma,2006,0.0,0.0,0.0,0.0,0.0,0.0,0.0,0.0,0.0,0.0,0.0,0.0
Gunma,2007,0.0,0.0,0.0,0.0,0.0,0.0,0.0,0.0,0.0,0.0,0.0,0.0
Gunma,2008,0.0,0.0,0.0,0.0,0.0,0.0,0.0,0.0,0.0,0.0,0.0,0.0
Gunma,2009,0.0,0.0,0.0,0.0,0.0,0.0,0.0,0.0,0.0,0.0,0.0,0.0
Gunma,2010,0.0,0.0,0.0,0.0,0.0,0.0,0.0,0.0,0.0,0.0,0.0,0.0
Gunma,2011,0.0,0.0,0.0,0.0,0.0,0.0,0.0,0.0,0.0,0.0,0.0,0.0
Gunma,2012,0.0,0.0,0.0,0.0,0.0,0.0,0.0,0.0,0.0,0.0,0.0,0.0
Gunma,2013,0.0,0.0,0.0,0.0,0.0,0.0,0.0,0.0,0.0,0.0,0.0,0.0
Gunma,2014,0.0,0.0,0.0,0.0,0.0,0.0,0.0,0.0,0.0,0.0,0.0,0.0
Gunma,2015,0.0,0.0,0.0,0.0,0.0,0.0,0.0,0.0,0.0,0.0,0.0,0.0
Gunma,2016,0.0,0.0,0.0,0.0,0.0,0.0,0.0,0.0,0.0,0.0,0.0,0.0
Gunma,2017,0.0,0.0,0.0,0.0,0.0,0.0,0.0,0.0,0.0,0.0,0.0,0.0
Gunma,2018,0.0,0.0,0.0,0.0,0.0,0.0,0.0,0.0,0.0,0.0,0.0,0.0
Gunma,2019,0.0,0.0,0.0,0.0,0.0,0.0,0.0,0.0,0.0,0.0,0.0,0.0
Gunma,2020,0.0,0.0,0.0,0.0,0.0,0.0,0.0,0.0,0.0,0.0,0.0,0.0
Gunma,2021,0.0,0.0,0.0,0.0,0.0,0.0,0.0,0.0,0.0,0.0,0.0,0.0
Gunma,2022,0.0,0.0,0.0,0.0,0.0,0.0,0.0,0.0,0.0,0.0,0.0,0.0
Gunma,2023,0.0,0.0,0.0,0.0,0.0,0.0,0.0,0.0,0.0,0.0,0.0,0.0
Gunma,2024,0.0,0.0,0.0,0.0,0.0,0.0,0.0,0.0,0.0,0.0,0.0,0.0
Gunma,2025,0.0,0.0,0.0,0.0,0.0,0.0,0.0,0.0,0.0,0.0,0.0,0.0
Guyana,1989,0.0,0.0,0.0,0.0,0.0,0.0,NA,NA,NA,NA,NA,NA
Guyana,1990,0.0,0.0,0.0,0.0,0.0,0.0,NA,NA,NA,NA,NA,NA
Guyana,1991,0.0,0.0,0.0,0.0,0.0,0.0,NA,NA,NA,NA,NA,NA
Guyana,1992,0.0,0.0,0.0,0.0,0.0,0.0,NA,NA,NA,NA,NA,NA
Guyana,1993,0.0,0.0,0.0,0.0,0.0,0.0,NA,NA,NA,NA,NA,NA
Guyana,1994,0.0,0.0,0.0,0.0,0.0,0.0,NA,NA,NA,NA,NA,NA
Guyana,1995,0.0,0.0,0.0,0.0,0.0,0.0,NA,NA,NA,NA,NA,NA
Guyana,1996,0.0,0.0,0.0,0.0,0.0,0.0,NA,NA,NA,NA,NA,NA
Guyana,1997,0.0,0.0,0.0,0.0,0.0,0.0,NA,NA,NA,NA,NA,NA
Guyana,1998,0.0,0.0,0.0,0.0,0.0,0.0,NA,NA,NA,NA,NA,NA
Guyana,1999,0.0,0.0,0.0,0.0,0.0,0.0,NA,NA,NA,NA,NA,NA
Guyana,2000,0.0,0.0,0.0,0.0,0.0,0.0,NA,NA,NA,NA,NA,NA
Guyana,2001,0.0,0.0,0.0,0.0,0.0,0.0,NA,NA,NA,NA,NA,NA
Guyana,2002,0.0,0.0,0.0,0.0,0.0,0.0,NA,NA,NA,NA,NA,NA
Guyana,2003,0.0,0.0,0.0,0.0,0.0,0.0,NA,NA,NA,NA,NA,NA
Guyana,2004,0.0,0.0,0.0,0.0,0.0,0.0,NA,NA,NA,NA,NA,NA
Guyana,2005,0.0,0.0,0.0,0.0,0.0,0.0,NA,NA,NA,NA,NA,NA
Guyana,2006,0.0,0.0,0.0,0.0,0.0,0.0,NA,NA,NA,NA,NA,NA
Guyana,2007,0.0,0.0,0.0,0.0,0.0,0.0,NA,NA,NA,NA,NA,NA
Guyana,2008,0.0,0.0,0.0,0.0,0.0,0.0,NA,NA,NA,NA,NA,NA
Guyana,2009,0.0,0.0,0.0,0.0,0.0,0.0,NA,NA,NA,NA,NA,NA
Guyana,2010,0.0,0.0,0.0,0.0,0.0,0.0,NA,NA,NA,NA,NA,NA
Guyana,2011,0.0,0.0,0.0,0.0,0.0,0.0,NA,NA,NA,NA,NA,NA
Guyana,2012,0.0,0.0,0.0,0.0,0.0,0.0,NA,NA,NA,NA,NA,NA
Guyana,2013,0.0,0.0,0.0,0.0,0.0,0.0,NA,NA,NA,NA,NA,NA
Guyana,2014,0.0,0.0,0.0,0.0,0.0,0.0,NA,NA,NA,NA,NA,NA
Guyana,2015,0.0,0.0,0.0,0.0,0.0,0.0,NA,NA,NA,NA,NA,NA
Guyana,2016,0.0,0.0,0.0,0.0,0.0,0.0,NA,NA,NA,NA,NA,NA
Guyana,2017,0.0,0.0,0.0,0.0,0.0,0.0,NA,NA,NA,NA,NA,NA
Guyana,2018,0.0,0.0,0.0,0.0,0.0,0.0,NA,NA,NA,NA,NA,NA
Guyana,2019,0.0,0.0,0.0,0.0,0.0,0.0,NA,NA,NA,NA,NA,NA
Guyana,2020,0.0,0.0,0.0,0.0,0.0,0.0,NA,NA,NA,NA,NA,NA
Guyana,2021,0.0,0.0,0.0,0.0,0.0,0.0,NA,NA,NA,NA,NA,NA
Guyana,2022,0.0,0.0,0.0,0.0,0.0,0.0,NA,NA,NA,NA,NA,NA
Guyana,2023,0.0,0.0,0.0,0.0,0.0,0.0,NA,NA,NA,NA,NA,NA
Guyana,2024,0.0,0.0,0.0,0.0,0.0,0.0,NA,NA,NA,NA,NA,NA
Guyana,2025,0.0,0.0,0.0,0.0,0.0,0.0,NA,NA,NA,NA,NA,NA
Hainan Province,1989,0.0,0.0,0.0,0.0,0.0,0.0,0.0,0.0,0.0,0.0,0.0,0.0
Hainan Province,1990,0.0,0.0,0.0,0.0,0.0,0.0,0.0,0.0,0.0,0.0,0.0,0.0
Hainan Province,1991,0.0,0.0,0.0,0.0,0.0,0.0,0.0,0.0,0.0,0.0,0.0,0.0
Hainan Province,1992,0.0,0.0,0.0,0.0,0.0,0.0,0.0,0.0,0.0,0.0,0.0,0.0
Hainan Province,1993,0.0,0.0,0.0,0.0,0.0,0.0,0.0,0.0,0.0,0.0,0.0,0.0
Hainan Province,1994,0.0,0.0,0.0,0.0,0.0,0.0,0.0,0.0,0.0,0.0,0.0,0.0
Hainan Province,1995,0.0,0.0,0.0,0.0,0.0,0.0,0.0,0.0,0.0,0.0,0.0,0.0
Hainan Province,1996,0.0,0.0,0.0,0.0,0.0,0.0,0.0,0.0,0.0,0.0,0.0,0.0
Hainan Province,1997,0.0,0.0,0.0,0.0,0.0,0.0,0.0,0.0,0.0,0.0,0.0,0.0
Hainan Province,1998,0.0,0.0,0.0,0.0,0.0,0.0,0.0,0.0,0.0,0.0,0.0,0.0
Hainan Province,1999,0.0,0.0,0.0,0.0,0.0,0.0,0.0,0.0,0.0,0.0,0.0,0.0
Hainan Province,2000,0.0,0.0,0.0,0.0,0.0,0.0,0.0,0.0,0.0,0.0,0.0,0.0
Hainan Province,2001,0.0,0.0,0.0,0.0,0.0,0.0,0.0,0.0,0.0,0.0,0.0,0.0
Hainan Province,2002,0.0,0.0,0.0,0.0,0.0,0.0,0.0,0.0,0.0,0.0,0.0,0.0
Hainan Province,2003,0.0,0.0,0.0,0.0,0.0,0.0,0.0,0.0,0.0,0.0,0.0,0.0
Hainan Province,2004,0.0,0.0,0.0,0.0,0.0,0.0,0.0,0.0,0.0,0.0,0.0,0.0
Hainan Province,2005,0.0,0.0,0.0,0.0,0.0,0.0,0.0,0.0,0.0,0.0,0.0,0.0
Hainan Province,2006,0.0,0.0,0.0,0.0,0.0,0.0,0.0,0.0,0.0,0.0,0.0,0.0
Hainan Province,2007,0.0,0.0,0.0,0.0,0.0,0.0,0.0,0.0,0.0,0.0,0.0,0.0
Hainan Province,2008,0.0,0.0,0.0,0.0,0.0,0.0,0.0,0.0,0.0,0.0,0.0,0.0
Hainan Province,2009,0.0,0.0,0.0,0.0,0.0,0.0,0.0,0.0,0.0,0.0,0.0,0.0
Hainan Province,2010,0.0,0.0,0.0,0.0,0.0,0.0,0.0,0.0,0.0,0.0,0.0,0.0
Hainan Province,2011,0.0,0.0,0.0,0.0,0.0,0.0,0.0,0.0,0.0,0.0,0.0,0.0
Hainan Province,2012,0.0,0.0,0.0,0.0,0.0,0.0,0.0,0.0,0.0,0.0,0.0,0.0
Hainan Province,2013,0.0,0.0,0.0,0.0,0.0,0.0,0.0,0.0,0.0,0.0,0.0,0.0
Hainan Province,2014,0.0,0.0,0.0,0.0,0.0,0.0,0.0,0.0,0.0,0.0,0.0,0.0
Hainan Province,2015,0.0,0.0,0.0,0.0,0.0,0.0,0.0,0.0,0.0,0.0,0.0,0.0
Hainan Province,2016,0.0,0.0,0.0,0.0,0.0,0.0,0.0,0.0,0.0,0.0,0.0,0.0
Hainan Province,2017,0.0,0.0,0.0,0.0,0.0,0.0,0.0,0.0,0.0,0.0,0.0,0.0
Hainan Province,2018,0.0,0.0,0.0,0.0,0.0,0.0,0.0,0.0,0.0,0.0,0.0,0.0
Hainan Province,2019,0.0,0.0,0.0,0.0,0.0,0.0,0.0,0.0,0.0,0.0,0.0,0.0
Hainan Province,2020,0.0,0.0,0.0,0.0,0.0,0.0,0.0,0.0,0.0,0.0,0.0,0.0
Hainan Province,2021,0.0,0.0,0.0,0.0,0.0,0.0,0.0,0.0,0.0,0.0,0.0,0.0
Hainan Province,2022,0.0,0.0,0.0,0.0,0.0,0.0,0.0,0.0,0.0,0.0,0.0,0.0
Hainan Province,2023,0.0,0.0,0.0,0.0,0.0,0.0,0.0,0.0,0.0,0.0,0.0,0.0
Hainan Province,2024,0.0,0.0,0.0,0.0,0.0,0.0,0.0,0.0,0.0,0.0,0.0,0.0
Hainan Province,2025,0.0,0.0,0.0,0.0,0.0,0.0,0.0,0.0,0.0,0.0,0.0,0.0
Haiti,1989,0.0,0.0,0.0,0.0,0.0,0.0,NA,NA,NA,NA,NA,NA
Haiti,1990,0.0,0.0,0.0,0.0,0.0,0.0,NA,NA,NA,NA,NA,NA
Haiti,1991,0.0,0.0,0.0,0.0,0.0,0.0,NA,NA,NA,NA,NA,NA
Haiti,1992,0.0,0.0,0.0,0.0,0.0,0.0,NA,NA,NA,NA,NA,NA
Haiti,1993,0.0,0.0,0.0,0.0,0.0,0.0,NA,NA,NA,NA,NA,NA
Haiti,1994,0.0,0.0,0.0,0.0,0.0,0.0,NA,NA,NA,NA,NA,NA
Haiti,1995,0.0,0.0,0.0,0.0,0.0,0.0,NA,NA,NA,NA,NA,NA
Haiti,1996,0.0,0.0,0.0,0.0,0.0,0.0,NA,NA,NA,NA,NA,NA
Haiti,1997,0.0,0.0,0.0,0.0,0.0,0.0,NA,NA,NA,NA,NA,NA
Haiti,1998,0.0,0.0,0.0,0.0,0.0,0.0,NA,NA,NA,NA,NA,NA
Haiti,1999,0.0,0.0,0.0,0.0,0.0,0.0,NA,NA,NA,NA,NA,NA
Haiti,2000,0.0,0.0,0.0,0.0,0.0,0.0,NA,NA,NA,NA,NA,NA
Haiti,2001,0.0,0.0,0.0,0.0,0.0,0.0,NA,NA,NA,NA,NA,NA
Haiti,2002,0.0,0.0,0.0,0.0,0.0,0.0,NA,NA,NA,NA,NA,NA
Haiti,2003,0.0,0.0,0.0,0.0,0.0,0.0,NA,NA,NA,NA,NA,NA
Haiti,2004,0.0,0.0,0.0,0.0,0.0,0.0,NA,NA,NA,NA,NA,NA
Haiti,2005,0.0,0.0,0.0,0.0,0.0,0.0,NA,NA,NA,NA,NA,NA
Haiti,2006,0.0,0.0,0.0,0.0,0.0,0.0,NA,NA,NA,NA,NA,NA
Haiti,2007,0.0,0.0,0.0,0.0,0.0,0.0,NA,NA,NA,NA,NA,NA
Haiti,2008,0.0,0.0,0.0,0.0,0.0,0.0,NA,NA,NA,NA,NA,NA
Haiti,2009,0.0,0.0,0.0,0.0,0.0,0.0,NA,NA,NA,NA,NA,NA
Haiti,2010,0.0,0.0,0.0,0.0,0.0,0.0,NA,NA,NA,NA,NA,NA
Haiti,2011,0.0,0.0,0.0,0.0,0.0,0.0,NA,NA,NA,NA,NA,NA
Haiti,2012,0.0,0.0,0.0,0.0,0.0,0.0,NA,NA,NA,NA,NA,NA
Haiti,2013,0.0,0.0,0.0,0.0,0.0,0.0,NA,NA,NA,NA,NA,NA
Haiti,2014,0.0,0.0,0.0,0.0,0.0,0.0,NA,NA,NA,NA,NA,NA
Haiti,2015,0.0,0.0,0.0,0.0,0.0,0.0,NA,NA,NA,NA,NA,NA
Haiti,2016,0.0,0.0,0.0,0.0,0.0,0.0,NA,NA,NA,NA,NA,NA
Haiti,2017,0.0,0.0,0.0,0.0,0.0,0.0,NA,NA,NA,NA,NA,NA
Haiti,2018,0.0,0.0,0.0,0.0,0.0,0.0,NA,NA,NA,NA,NA,NA
Haiti,2019,0.0,0.0,0.0,0.0,0.0,0.0,NA,NA,NA,NA,NA,NA
Haiti,2020,0.0,0.0,0.0,0.0,0.0,0.0,NA,NA,NA,NA,NA,NA
Haiti,2021,0.0,0.0,0.0,0.0,0.0,0.0,NA,NA,NA,NA,NA,NA
Haiti,2022,0.0,0.0,0.0,0.0,0.0,0.0,NA,NA,NA,NA,NA,NA
Haiti,2023,0.0,0.0,0.0,0.0,0.0,0.0,NA,NA,NA,NA,NA,NA
Haiti,2024,0.0,0.0,0.0,0.0,0.0,0.0,NA,NA,NA,NA,NA,NA
Haiti,2025,0.0,0.0,0.0,0.0,0.0,0.0,NA,NA,NA,NA,NA,NA
Hawaii,1989,0.0,0.0,0.0,0.0,0.0,0.0,0.0,0.0,0.0,0.0,0.0,0.0
Hawaii,1990,0.0,0.0,0.0,0.0,0.0,0.0,0.0,0.0,0.0,0.0,0.0,0.0
Hawaii,1991,0.0,0.0,0.0,0.0,0.0,0.0,0.0,0.0,0.0,0.0,0.0,0.0
Hawaii,1992,0.0,0.0,0.0,0.0,0.0,0.0,0.0,0.0,0.0,0.0,0.0,0.0
Hawaii,1993,0.0,0.0,0.0,0.0,0.0,0.0,0.0,0.0,0.0,0.0,0.0,0.0
Hawaii,1994,0.0,0.0,0.0,0.0,0.0,0.0,0.0,0.0,0.0,0.0,0.0,0.0
Hawaii,1995,0.0,0.0,0.0,0.0,0.0,0.0,0.0,0.0,0.0,0.0,0.0,0.0
Hawaii,1996,0.0,0.0,0.0,0.0,0.0,0.0,0.0,0.0,0.0,0.0,0.0,0.0
Hawaii,1997,0.0,0.0,0.0,0.0,0.0,0.0,0.0,0.0,0.0,0.0,0.0,0.0
Hawaii,1998,0.0,0.0,0.0,0.0,0.0,0.0,0.0,0.0,0.0,0.0,0.0,0.0
Hawaii,1999,0.0,0.0,0.0,0.0,0.0,0.0,0.0,0.0,0.0,0.0,0.0,0.0
Hawaii,2000,0.0,0.0,0.0,0.0,0.0,0.0,0.0,0.0,0.0,0.0,0.0,0.0
Hawaii,2001,0.0,0.0,0.0,0.0,0.0,0.0,0.0,0.0,0.0,0.0,0.0,0.0
Hawaii,2002,0.0,0.0,0.0,0.0,0.0,0.0,0.0,0.0,0.0,0.0,0.0,0.0
Hawaii,2003,0.0,0.0,0.0,0.0,0.0,0.0,0.0,0.0,0.0,0.0,0.0,0.0
Hawaii,2004,0.0,0.0,0.0,0.0,0.0,0.0,0.0,0.0,0.0,0.0,0.0,0.0
Hawaii,2005,0.0,0.0,0.0,0.0,0.0,0.0,0.0,0.0,0.0,0.0,0.0,0.0
Hawaii,2006,0.0,0.0,0.0,0.0,0.0,0.0,0.0,0.0,0.0,0.0,0.0,0.0
Hawaii,2007,0.0,0.0,0.0,0.0,0.0,0.0,0.0,0.0,0.0,0.0,0.0,0.0
Hawaii,2008,0.0,0.0,0.0,0.0,0.0,0.0,0.0,0.0,0.0,0.0,0.0,0.0
Hawaii,2009,0.0,0.0,0.0,0.0,0.0,0.0,0.0,0.0,0.0,0.0,0.0,0.0
Hawaii,2010,0.0,0.0,0.0,0.0,0.0,0.0,0.0,0.0,0.0,0.0,0.0,0.0
Hawaii,2011,0.0,0.0,0.0,0.0,0.0,0.0,0.0,0.0,0.0,0.0,0.0,0.0
Hawaii,2012,0.0,0.0,0.0,0.0,0.0,0.0,0.0,0.0,0.0,0.0,0.0,0.0
Hawaii,2013,0.0,0.0,0.0,0.0,0.0,0.0,0.0,0.0,0.0,0.0,0.0,0.0
Hawaii,2014,0.0,0.0,0.0,0.0,0.0,0.0,0.0,0.0,0.0,0.0,0.0,0.0
Hawaii,2015,0.0,0.0,0.0,0.0,0.0,0.0,0.0,0.0,0.0,0.0,0.0,0.0
Hawaii,2016,0.0,0.0,0.0,0.0,0.0,0.0,0.0,0.0,0.0,0.0,0.0,0.0
Hawaii,2017,0.0,0.0,0.0,0.0,0.0,0.0,0.0,0.0,0.0,0.0,0.0,0.0
Hawaii,2018,0.0,0.0,0.0,0.0,0.0,0.0,0.0,0.0,0.0,0.0,0.0,0.0
Hawaii,2019,0.0,0.0,0.0,0.0,0.0,0.0,0.0,0.0,0.0,0.0,0.0,0.0
Hawaii,2020,0.0,0.0,0.0,0.0,0.0,0.0,0.0,0.0,0.0,0.0,0.0,0.0
Hawaii,2021,0.0,0.0,0.0,0.0,0.0,0.0,0.0,0.0,0.0,0.0,0.0,0.0
Hawaii,2022,0.0,0.0,0.0,0.0,0.0,0.0,0.0,0.0,0.0,0.0,0.0,0.0
Hawaii,2023,0.0,0.0,0.0,0.0,0.0,0.0,0.0,0.0,0.0,0.0,0.0,0.0
Hawaii,2024,0.0,0.0,0.0,0.0,0.0,0.0,0.0,0.0,0.0,0.0,0.0,0.0
Hawaii,2025,0.0,0.0,0.0,0.0,0.0,0.0,0.0,0.0,0.0,0.0,0.0,0.0
Hebei Province,1989,0.0,0.0,0.0,0.0,0.0,0.0,0.0,0.0,0.0,0.0,0.0,0.0
Hebei Province,1990,0.0,0.0,0.0,0.0,0.0,0.0,0.0,0.0,0.0,0.0,0.0,0.0
Hebei Province,1991,0.0,0.0,0.0,0.0,0.0,0.0,0.0,0.0,0.0,0.0,0.0,0.0
Hebei Province,1992,0.0,0.0,0.0,0.0,0.0,0.0,0.0,0.0,0.0,0.0,0.0,0.0
Hebei Province,1993,0.0,0.0,0.0,0.0,0.0,0.0,0.0,0.0,0.0,0.0,0.0,0.0
Hebei Province,1994,0.0,0.0,0.0,0.0,0.0,0.0,0.0,0.0,0.0,0.0,0.0,0.0
Hebei Province,1995,0.0,0.0,0.0,0.0,0.0,0.0,0.0,0.0,0.0,0.0,0.0,0.0
Hebei Province,1996,0.0,0.0,0.0,0.0,0.0,0.0,0.0,0.0,0.0,0.0,0.0,0.0
Hebei Province,1997,0.0,0.0,0.0,0.0,0.0,0.0,0.0,0.0,0.0,0.0,0.0,0.0
Hebei Province,1998,0.0,0.0,0.0,0.0,0.0,0.0,0.0,0.0,0.0,0.0,0.0,0.0
Hebei Province,1999,0.0,0.0,0.0,0.0,0.0,0.0,0.0,0.0,0.0,0.0,0.0,0.0
Hebei Province,2000,0.0,0.0,0.0,0.0,0.0,0.0,0.0,0.0,0.0,0.0,0.0,0.0
Hebei Province,2001,0.0,0.0,0.0,0.0,0.0,0.0,0.0,0.0,0.0,0.0,0.0,0.0
Hebei Province,2002,0.0,0.0,0.0,0.0,0.0,0.0,0.0,0.0,0.0,0.0,0.0,0.0
Hebei Province,2003,0.0,0.0,0.0,0.0,0.0,0.0,0.0,0.0,0.0,0.0,0.0,0.0
Hebei Province,2004,0.0,0.0,0.0,0.0,0.0,0.0,0.0,0.0,0.0,0.0,0.0,0.0
Hebei Province,2005,0.0,0.0,0.0,0.0,0.0,0.0,0.0,0.0,0.0,0.0,0.0,0.0
Hebei Province,2006,0.0,0.0,0.0,0.0,0.0,0.0,0.0,0.0,0.0,0.0,0.0,0.0
Hebei Province,2007,0.0,0.0,0.0,0.0,0.0,0.0,0.0,0.0,0.0,0.0,0.0,0.0
Hebei Province,2008,0.0,0.0,0.0,0.0,0.0,0.0,0.0,0.0,0.0,0.0,0.0,0.0
Hebei Province,2009,0.0,0.0,0.0,0.0,0.0,0.0,0.0,0.0,0.0,0.0,0.0,0.0
Hebei Province,2010,0.0,0.0,0.0,0.0,0.0,0.0,0.0,0.0,0.0,0.0,0.0,0.0
Hebei Province,2011,0.0,0.0,0.0,0.0,0.0,0.0,0.0,0.0,0.0,0.0,0.0,0.0
Hebei Province,2012,0.0,0.0,0.0,0.0,0.0,0.0,0.0,0.0,0.0,0.0,0.0,0.0
Hebei Province,2013,0.0,0.0,0.0,0.0,0.0,0.0,0.0,0.0,0.0,0.0,0.0,0.0
Hebei Province,2014,0.0,0.0,0.0,0.0,0.0,0.0,0.0,0.0,0.0,0.0,0.0,0.0
Hebei Province,2015,0.0,0.0,0.0,0.0,0.0,0.0,0.0,0.0,0.0,0.0,0.0,0.0
Hebei Province,2016,0.0,0.0,0.0,0.0,0.0,0.0,0.0,0.0,0.0,0.0,0.0,0.0
Hebei Province,2017,0.0,0.0,0.0,0.0,0.0,0.0,0.0,0.0,0.0,0.0,0.0,0.0
Hebei Province,2018,0.0,0.0,0.0,0.0,0.0,0.0,0.0,0.0,0.0,0.0,0.0,0.0
Hebei Province,2019,0.0,0.0,0.0,0.0,0.0,0.0,0.0,0.0,0.0,0.0,0.0,0.0
Hebei Province,2020,0.0,0.0,0.0,0.0,0.0,0.0,0.0,0.0,0.0,0.0,0.0,0.0
Hebei Province,2021,0.0,0.0,0.0,0.0,0.0,0.0,0.0,0.0,0.0,0.0,0.0,0.0
Hebei Province,2022,0.0,0.0,0.0,0.0,0.0,0.0,0.0,0.0,0.0,0.0,0.0,0.0
Hebei Province,2023,0.0,0.0,0.0,0.0,0.0,0.0,0.0,0.0,0.0,0.0,0.0,0.0
Hebei Province,2024,0.0,0.0,0.0,0.0,0.0,0.0,0.0,0.0,0.0,0.0,0.0,0.0
Hebei Province,2025,0.0,0.0,0.0,0.0,0.0,0.0,0.0,0.0,0.0,0.0,0.0,0.0
Heilongjiang Province,1989,0.0,0.0,0.0,0.0,0.0,0.0,0.0,0.0,0.0,0.0,0.0,0.0
Heilongjiang Province,1990,0.0,0.0,0.0,0.0,0.0,0.0,0.0,0.0,0.0,0.0,0.0,0.0
Heilongjiang Province,1991,0.0,0.0,0.0,0.0,0.0,0.0,0.0,0.0,0.0,0.0,0.0,0.0
Heilongjiang Province,1992,0.0,0.0,0.0,0.0,0.0,0.0,0.0,0.0,0.0,0.0,0.0,0.0
Heilongjiang Province,1993,0.0,0.0,0.0,0.0,0.0,0.0,0.0,0.0,0.0,0.0,0.0,0.0
Heilongjiang Province,1994,0.0,0.0,0.0,0.0,0.0,0.0,0.0,0.0,0.0,0.0,0.0,0.0
Heilongjiang Province,1995,0.0,0.0,0.0,0.0,0.0,0.0,0.0,0.0,0.0,0.0,0.0,0.0
Heilongjiang Province,1996,0.0,0.0,0.0,0.0,0.0,0.0,0.0,0.0,0.0,0.0,0.0,0.0
Heilongjiang Province,1997,0.0,0.0,0.0,0.0,0.0,0.0,0.0,0.0,0.0,0.0,0.0,0.0
Heilongjiang Province,1998,0.0,0.0,0.0,0.0,0.0,0.0,0.0,0.0,0.0,0.0,0.0,0.0
Heilongjiang Province,1999,0.0,0.0,0.0,0.0,0.0,0.0,0.0,0.0,0.0,0.0,0.0,0.0
Heilongjiang Province,2000,0.0,0.0,0.0,0.0,0.0,0.0,0.0,0.0,0.0,0.0,0.0,0.0
Heilongjiang Province,2001,0.0,0.0,0.0,0.0,0.0,0.0,0.0,0.0,0.0,0.0,0.0,0.0
Heilongjiang Province,2002,0.0,0.0,0.0,0.0,0.0,0.0,0.0,0.0,0.0,0.0,0.0,0.0
Heilongjiang Province,2003,0.0,0.0,0.0,0.0,0.0,0.0,0.0,0.0,0.0,0.0,0.0,0.0
Heilongjiang Province,2004,0.0,0.0,0.0,0.0,0.0,0.0,0.0,0.0,0.0,0.0,0.0,0.0
Heilongjiang Province,2005,0.0,0.0,0.0,0.0,0.0,0.0,0.0,0.0,0.0,0.0,0.0,0.0
Heilongjiang Province,2006,0.0,0.0,0.0,0.0,0.0,0.0,0.0,0.0,0.0,0.0,0.0,0.0
Heilongjiang Province,2007,0.0,0.0,0.0,0.0,0.0,0.0,0.0,0.0,0.0,0.0,0.0,0.0
Heilongjiang Province,2008,0.0,0.0,0.0,0.0,0.0,0.0,0.0,0.0,0.0,0.0,0.0,0.0
Heilongjiang Province,2009,0.0,0.0,0.0,0.0,0.0,0.0,0.0,0.0,0.0,0.0,0.0,0.0
Heilongjiang Province,2010,0.0,0.0,0.0,0.0,0.0,0.0,0.0,0.0,0.0,0.0,0.0,0.0
Heilongjiang Province,2011,0.0,0.0,0.0,0.0,0.0,0.0,0.0,0.0,0.0,0.0,0.0,0.0
Heilongjiang Province,2012,0.0,0.0,0.0,0.0,0.0,0.0,0.0,0.0,0.0,0.0,0.0,0.0
Heilongjiang Province,2013,0.0,0.0,0.0,0.0,0.0,0.0,0.0,0.0,0.0,0.0,0.0,0.0
Heilongjiang Province,2014,0.0,0.0,0.0,0.0,0.0,0.0,0.0,0.0,0.0,0.0,0.0,0.0
Heilongjiang Province,2015,0.0,0.0,0.0,0.0,0.0,0.0,0.0,0.0,0.0,0.0,0.0,0.0
Heilongjiang Province,2016,0.0,0.0,0.0,0.0,0.0,0.0,0.0,0.0,0.0,0.0,0.0,0.0
Heilongjiang Province,2017,0.0,0.0,0.0,0.0,0.0,0.0,0.0,0.0,0.0,0.0,0.0,0.0
Heilongjiang Province,2018,0.0,0.0,0.0,0.0,0.0,0.0,0.0,0.0,0.0,0.0,0.0,0.0
Heilongjiang Province,2019,0.0,0.0,0.0,0.0,0.0,0.0,0.0,0.0,0.0,0.0,0.0,0.0
Heilongjiang Province,2020,0.0,0.0,0.0,0.0,0.0,0.0,0.0,0.0,0.0,0.0,0.0,0.0
Heilongjiang Province,2021,0.0,0.0,0.0,0.0,0.0,0.0,0.0,0.0,0.0,0.0,0.0,0.0
Heilongjiang Province,2022,0.0,0.0,0.0,0.0,0.0,0.0,0.0,0.0,0.0,0.0,0.0,0.0
Heilongjiang Province,2023,0.0,0.0,0.0,0.0,0.0,0.0,0.0,0.0,0.0,0.0,0.0,0.0
Heilongjiang Province,2024,0.0,0.0,0.0,0.0,0.0,0.0,0.0,0.0,0.0,0.0,0.0,0.0
Heilongjiang Province,2025,0.0,0.0,0.0,0.0,0.0,0.0,0.0,0.0,0.0,0.0,0.0,0.0
Henan Province,1989,0.0,0.0,0.0,0.0,0.0,0.0,0.0,0.0,0.0,0.0,0.0,0.0
Henan Province,1990,0.0,0.0,0.0,0.0,0.0,0.0,0.0,0.0,0.0,0.0,0.0,0.0
Henan Province,1991,0.0,0.0,0.0,0.0,0.0,0.0,0.0,0.0,0.0,0.0,0.0,0.0
Henan Province,1992,0.0,0.0,0.0,0.0,0.0,0.0,0.0,0.0,0.0,0.0,0.0,0.0
Henan Province,1993,0.0,0.0,0.0,0.0,0.0,0.0,0.0,0.0,0.0,0.0,0.0,0.0
Henan Province,1994,0.0,0.0,0.0,0.0,0.0,0.0,0.0,0.0,0.0,0.0,0.0,0.0
Henan Province,1995,0.0,0.0,0.0,0.0,0.0,0.0,0.0,0.0,0.0,0.0,0.0,0.0
Henan Province,1996,0.0,0.0,0.0,0.0,0.0,0.0,0.0,0.0,0.0,0.0,0.0,0.0
Henan Province,1997,0.0,0.0,0.0,0.0,0.0,0.0,0.0,0.0,0.0,0.0,0.0,0.0
Henan Province,1998,0.0,0.0,0.0,0.0,0.0,0.0,0.0,0.0,0.0,0.0,0.0,0.0
Henan Province,1999,0.0,0.0,0.0,0.0,0.0,0.0,0.0,0.0,0.0,0.0,0.0,0.0
Henan Province,2000,0.0,0.0,0.0,0.0,0.0,0.0,0.0,0.0,0.0,0.0,0.0,0.0
Henan Province,2001,0.0,0.0,0.0,0.0,0.0,0.0,0.0,0.0,0.0,0.0,0.0,0.0
Henan Province,2002,0.0,0.0,0.0,0.0,0.0,0.0,0.0,0.0,0.0,0.0,0.0,0.0
Henan Province,2003,0.0,0.0,0.0,0.0,0.0,0.0,0.0,0.0,0.0,0.0,0.0,0.0
Henan Province,2004,0.0,0.0,0.0,0.0,0.0,0.0,0.0,0.0,0.0,0.0,0.0,0.0
Henan Province,2005,0.0,0.0,0.0,0.0,0.0,0.0,0.0,0.0,0.0,0.0,0.0,0.0
Henan Province,2006,0.0,0.0,0.0,0.0,0.0,0.0,0.0,0.0,0.0,0.0,0.0,0.0
Henan Province,2007,0.0,0.0,0.0,0.0,0.0,0.0,0.0,0.0,0.0,0.0,0.0,0.0
Henan Province,2008,0.0,0.0,0.0,0.0,0.0,0.0,0.0,0.0,0.0,0.0,0.0,0.0
Henan Province,2009,0.0,0.0,0.0,0.0,0.0,0.0,0.0,0.0,0.0,0.0,0.0,0.0
Henan Province,2010,0.0,0.0,0.0,0.0,0.0,0.0,0.0,0.0,0.0,0.0,0.0,0.0
Henan Province,2011,0.0,0.0,0.0,0.0,0.0,0.0,0.0,0.0,0.0,0.0,0.0,0.0
Henan Province,2012,0.0,0.0,0.0,0.0,0.0,0.0,0.0,0.0,0.0,0.0,0.0,0.0
Henan Province,2013,0.0,0.0,0.0,0.0,0.0,0.0,0.0,0.0,0.0,0.0,0.0,0.0
Henan Province,2014,0.0,0.0,0.0,0.0,0.0,0.0,0.0,0.0,0.0,0.0,0.0,0.0
Henan Province,2015,0.0,0.0,0.0,0.0,0.0,0.0,0.0,0.0,0.0,0.0,0.0,0.0
Henan Province,2016,0.0,0.0,0.0,0.0,0.0,0.0,0.0,0.0,0.0,0.0,0.0,0.0
Henan Province,2017,0.0,0.0,0.0,0.0,0.0,0.0,0.0,0.0,0.0,0.0,0.0,0.0
Henan Province,2018,0.0,0.0,0.0,0.0,0.0,0.0,0.0,0.0,0.0,0.0,0.0,0.0
Henan Province,2019,0.0,0.0,0.0,0.0,0.0,0.0,0.0,0.0,0.0,0.0,0.0,0.0
Henan Province,2020,0.0,0.0,0.0,0.0,0.0,0.0,0.0,0.0,0.0,0.0,0.0,0.0
Henan Province,2021,0.0,0.0,0.0,0.0,0.0,0.0,0.0,0.0,0.0,0.0,0.0,0.0
Henan Province,2022,0.0,0.0,0.0,0.0,0.0,0.0,0.0,0.0,0.0,0.0,0.0,0.0
Henan Province,2023,0.0,0.0,0.0,0.0,0.0,0.0,0.0,0.0,0.0,0.0,0.0,0.0
Henan Province,2024,0.0,0.0,0.0,0.0,0.0,0.0,0.0,0.0,0.0,0.0,0.0,0.0
Henan Province,2025,0.0,0.0,0.0,0.0,0.0,0.0,0.0,0.0,0.0,0.0,0.0,0.0
Hidalgo,1989,0.0,0.0,0.0,0.0,0.0,0.0,0.0,0.0,0.0,0.0,0.0,0.0
Hidalgo,1990,0.0,0.0,0.0,0.0,0.0,0.0,0.0,0.0,0.0,0.0,0.0,0.0
Hidalgo,1991,0.0,0.0,0.0,0.0,0.0,0.0,0.0,0.0,0.0,0.0,0.0,0.0
Hidalgo,1992,0.0,0.0,0.0,0.0,0.0,0.0,0.0,0.0,0.0,0.0,0.0,0.0
Hidalgo,1993,0.0,0.0,0.0,0.0,0.0,0.0,0.0,0.0,0.0,0.0,0.0,0.0
Hidalgo,1994,0.0,0.0,0.0,0.0,0.0,0.0,0.0,0.0,0.0,0.0,0.0,0.0
Hidalgo,1995,0.0,0.0,0.0,0.0,0.0,0.0,0.0,0.0,0.0,0.0,0.0,0.0
Hidalgo,1996,0.0,0.0,0.0,0.0,0.0,0.0,0.0,0.0,0.0,0.0,0.0,0.0
Hidalgo,1997,0.0,0.0,0.0,0.0,0.0,0.0,0.0,0.0,0.0,0.0,0.0,0.0
Hidalgo,1998,0.0,0.0,0.0,0.0,0.0,0.0,0.0,0.0,0.0,0.0,0.0,0.0
Hidalgo,1999,0.0,0.0,0.0,0.0,0.0,0.0,0.0,0.0,0.0,0.0,0.0,0.0
Hidalgo,2000,0.0,0.0,0.0,0.0,0.0,0.0,0.0,0.0,0.0,0.0,0.0,0.0
Hidalgo,2001,0.0,0.0,0.0,0.0,0.0,0.0,0.0,0.0,0.0,0.0,0.0,0.0
Hidalgo,2002,0.0,0.0,0.0,0.0,0.0,0.0,0.0,0.0,0.0,0.0,0.0,0.0
Hidalgo,2003,0.0,0.0,0.0,0.0,0.0,0.0,0.0,0.0,0.0,0.0,0.0,0.0
Hidalgo,2004,0.0,0.0,0.0,0.0,0.0,0.0,0.0,0.0,0.0,0.0,0.0,0.0
Hidalgo,2005,0.0,0.0,0.0,0.0,0.0,0.0,0.0,0.0,0.0,0.0,0.0,0.0
Hidalgo,2006,0.0,0.0,0.0,0.0,0.0,0.0,0.0,0.0,0.0,0.0,0.0,0.0
Hidalgo,2007,0.0,0.0,0.0,0.0,0.0,0.0,0.0,0.0,0.0,0.0,0.0,0.0
Hidalgo,2008,0.0,0.0,0.0,0.0,0.0,0.0,0.0,0.0,0.0,0.0,0.0,0.0
Hidalgo,2009,0.0,0.0,0.0,0.0,0.0,0.0,0.0,0.0,0.0,0.0,0.0,0.0
Hidalgo,2010,0.0,0.0,0.0,0.0,0.0,0.0,0.0,0.0,0.0,0.0,0.0,0.0
Hidalgo,2011,0.0,0.0,0.0,0.0,0.0,0.0,0.0,0.0,0.0,0.0,0.0,0.0
Hidalgo,2012,0.0,0.0,0.0,0.0,0.0,0.0,0.0,0.0,0.0,0.0,0.0,0.0
Hidalgo,2013,0.0,0.0,0.0,0.0,0.0,0.0,0.0,0.0,0.0,0.0,0.0,0.0
Hidalgo,2014,0.0,0.0,0.0,0.0,0.0,0.0,0.0,0.0,0.0,0.0,0.0,0.0
Hidalgo,2015,0.0,0.0,0.0,0.0,0.0,0.0,0.0,0.0,0.0,0.0,0.0,0.0
Hidalgo,2016,0.0,0.0,0.0,0.0,0.0,0.0,0.0,0.0,0.0,0.0,0.0,0.0
Hidalgo,2017,0.0,0.0,0.0,0.0,0.0,0.0,0.0,0.0,0.0,0.0,0.0,0.0
Hidalgo,2018,0.0,0.0,0.0,0.0,0.0,0.0,0.0,0.0,0.0,0.0,0.0,0.0
Hidalgo,2019,0.0,0.0,0.0,0.0,0.0,0.0,0.0,0.0,0.0,0.0,0.0,0.0
Hidalgo,2020,0.0,0.0,0.0,0.0,0.0,0.0,0.0,0.0,0.0,0.0,0.0,0.0
Hidalgo,2021,0.0,0.0,0.0,0.0,0.0,0.0,0.0,0.0,0.0,0.0,0.0,0.0
Hidalgo,2022,0.0,0.0,0.0,0.0,0.0,0.0,0.0,0.0,0.0,0.0,0.0,0.0
Hidalgo,2023,0.0,0.0,0.0,0.0,0.0,0.0,0.0,0.0,0.0,0.0,0.0,0.0
Hidalgo,2024,0.0,0.0,0.0,0.0,0.0,0.0,0.0,0.0,0.0,0.0,0.0,0.0
Hidalgo,2025,0.0,0.0,0.0,0.0,0.0,0.0,0.0,0.0,0.0,0.0,0.0,0.0
Hiroshima,1989,0.0,0.0,0.0,0.0,0.0,0.0,0.0,0.0,0.0,0.0,0.0,0.0
Hiroshima,1990,0.0,0.0,0.0,0.0,0.0,0.0,0.0,0.0,0.0,0.0,0.0,0.0
Hiroshima,1991,0.0,0.0,0.0,0.0,0.0,0.0,0.0,0.0,0.0,0.0,0.0,0.0
Hiroshima,1992,0.0,0.0,0.0,0.0,0.0,0.0,0.0,0.0,0.0,0.0,0.0,0.0
Hiroshima,1993,0.0,0.0,0.0,0.0,0.0,0.0,0.0,0.0,0.0,0.0,0.0,0.0
Hiroshima,1994,0.0,0.0,0.0,0.0,0.0,0.0,0.0,0.0,0.0,0.0,0.0,0.0
Hiroshima,1995,0.0,0.0,0.0,0.0,0.0,0.0,0.0,0.0,0.0,0.0,0.0,0.0
Hiroshima,1996,0.0,0.0,0.0,0.0,0.0,0.0,0.0,0.0,0.0,0.0,0.0,0.0
Hiroshima,1997,0.0,0.0,0.0,0.0,0.0,0.0,0.0,0.0,0.0,0.0,0.0,0.0
Hiroshima,1998,0.0,0.0,0.0,0.0,0.0,0.0,0.0,0.0,0.0,0.0,0.0,0.0
Hiroshima,1999,0.0,0.0,0.0,0.0,0.0,0.0,0.0,0.0,0.0,0.0,0.0,0.0
Hiroshima,2000,0.0,0.0,0.0,0.0,0.0,0.0,0.0,0.0,0.0,0.0,0.0,0.0
Hiroshima,2001,0.0,0.0,0.0,0.0,0.0,0.0,0.0,0.0,0.0,0.0,0.0,0.0
Hiroshima,2002,0.0,0.0,0.0,0.0,0.0,0.0,0.0,0.0,0.0,0.0,0.0,0.0
Hiroshima,2003,0.0,0.0,0.0,0.0,0.0,0.0,0.0,0.0,0.0,0.0,0.0,0.0
Hiroshima,2004,0.0,0.0,0.0,0.0,0.0,0.0,0.0,0.0,0.0,0.0,0.0,0.0
Hiroshima,2005,0.0,0.0,0.0,0.0,0.0,0.0,0.0,0.0,0.0,0.0,0.0,0.0
Hiroshima,2006,0.0,0.0,0.0,0.0,0.0,0.0,0.0,0.0,0.0,0.0,0.0,0.0
Hiroshima,2007,0.0,0.0,0.0,0.0,0.0,0.0,0.0,0.0,0.0,0.0,0.0,0.0
Hiroshima,2008,0.0,0.0,0.0,0.0,0.0,0.0,0.0,0.0,0.0,0.0,0.0,0.0
Hiroshima,2009,0.0,0.0,0.0,0.0,0.0,0.0,0.0,0.0,0.0,0.0,0.0,0.0
Hiroshima,2010,0.0,0.0,0.0,0.0,0.0,0.0,0.0,0.0,0.0,0.0,0.0,0.0
Hiroshima,2011,0.0,0.0,0.0,0.0,0.0,0.0,0.0,0.0,0.0,0.0,0.0,0.0
Hiroshima,2012,0.0,0.0,0.0,0.0,0.0,0.0,0.0,0.0,0.0,0.0,0.0,0.0
Hiroshima,2013,0.0,0.0,0.0,0.0,0.0,0.0,0.0,0.0,0.0,0.0,0.0,0.0
Hiroshima,2014,0.0,0.0,0.0,0.0,0.0,0.0,0.0,0.0,0.0,0.0,0.0,0.0
Hiroshima,2015,0.0,0.0,0.0,0.0,0.0,0.0,0.0,0.0,0.0,0.0,0.0,0.0
Hiroshima,2016,0.0,0.0,0.0,0.0,0.0,0.0,0.0,0.0,0.0,0.0,0.0,0.0
Hiroshima,2017,0.0,0.0,0.0,0.0,0.0,0.0,0.0,0.0,0.0,0.0,0.0,0.0
Hiroshima,2018,0.0,0.0,0.0,0.0,0.0,0.0,0.0,0.0,0.0,0.0,0.0,0.0
Hiroshima,2019,0.0,0.0,0.0,0.0,0.0,0.0,0.0,0.0,0.0,0.0,0.0,0.0
Hiroshima,2020,0.0,0.0,0.0,0.0,0.0,0.0,0.0,0.0,0.0,0.0,0.0,0.0
Hiroshima,2021,0.0,0.0,0.0,0.0,0.0,0.0,0.0,0.0,0.0,0.0,0.0,0.0
Hiroshima,2022,0.0,0.0,0.0,0.0,0.0,0.0,0.0,0.0,0.0,0.0,0.0,0.0
Hiroshima,2023,0.0,0.0,0.0,0.0,0.0,0.0,0.0,0.0,0.0,0.0,0.0,0.0
Hiroshima,2024,0.0,0.0,0.0,0.0,0.0,0.0,0.0,0.0,0.0,0.0,0.0,0.0
Hiroshima,2025,0.0,0.0,0.0,0.0,0.0,0.0,0.0,0.0,0.0,0.0,0.0,0.0
Hokkaido,1989,0.0,0.0,0.0,0.0,0.0,0.0,0.0,0.0,0.0,0.0,0.0,0.0
Hokkaido,1990,0.0,0.0,0.0,0.0,0.0,0.0,0.0,0.0,0.0,0.0,0.0,0.0
Hokkaido,1991,0.0,0.0,0.0,0.0,0.0,0.0,0.0,0.0,0.0,0.0,0.0,0.0
Hokkaido,1992,0.0,0.0,0.0,0.0,0.0,0.0,0.0,0.0,0.0,0.0,0.0,0.0
Hokkaido,1993,0.0,0.0,0.0,0.0,0.0,0.0,0.0,0.0,0.0,0.0,0.0,0.0
Hokkaido,1994,0.0,0.0,0.0,0.0,0.0,0.0,0.0,0.0,0.0,0.0,0.0,0.0
Hokkaido,1995,0.0,0.0,0.0,0.0,0.0,0.0,0.0,0.0,0.0,0.0,0.0,0.0
Hokkaido,1996,0.0,0.0,0.0,0.0,0.0,0.0,0.0,0.0,0.0,0.0,0.0,0.0
Hokkaido,1997,0.0,0.0,0.0,0.0,0.0,0.0,0.0,0.0,0.0,0.0,0.0,0.0
Hokkaido,1998,0.0,0.0,0.0,0.0,0.0,0.0,0.0,0.0,0.0,0.0,0.0,0.0
Hokkaido,1999,0.0,0.0,0.0,0.0,0.0,0.0,0.0,0.0,0.0,0.0,0.0,0.0
Hokkaido,2000,0.0,0.0,0.0,0.0,0.0,0.0,0.0,0.0,0.0,0.0,0.0,0.0
Hokkaido,2001,0.0,0.0,0.0,0.0,0.0,0.0,0.0,0.0,0.0,0.0,0.0,0.0
Hokkaido,2002,0.0,0.0,0.0,0.0,0.0,0.0,0.0,0.0,0.0,0.0,0.0,0.0
Hokkaido,2003,0.0,0.0,0.0,0.0,0.0,0.0,0.0,0.0,0.0,0.0,0.0,0.0
Hokkaido,2004,0.0,0.0,0.0,0.0,0.0,0.0,0.0,0.0,0.0,0.0,0.0,0.0
Hokkaido,2005,0.0,0.0,0.0,0.0,0.0,0.0,0.0,0.0,0.0,0.0,0.0,0.0
Hokkaido,2006,0.0,0.0,0.0,0.0,0.0,0.0,0.0,0.0,0.0,0.0,0.0,0.0
Hokkaido,2007,0.0,0.0,0.0,0.0,0.0,0.0,0.0,0.0,0.0,0.0,0.0,0.0
Hokkaido,2008,0.0,0.0,0.0,0.0,0.0,0.0,0.0,0.0,0.0,0.0,0.0,0.0
Hokkaido,2009,0.0,0.0,0.0,0.0,0.0,0.0,0.0,0.0,0.0,0.0,0.0,0.0
Hokkaido,2010,0.0,0.0,0.0,0.0,0.0,0.0,0.0,0.0,0.0,0.0,0.0,0.0
Hokkaido,2011,0.0,0.0,0.0,0.0,0.0,0.0,0.0,0.0,0.0,0.0,0.0,0.0
Hokkaido,2012,0.0,0.0,0.0,0.0,0.0,0.0,0.0,0.0,0.0,0.0,0.0,0.0
Hokkaido,2013,0.0,0.0,0.0,0.0,0.0,0.0,0.0,0.0,0.0,0.0,0.0,0.0
Hokkaido,2014,0.0,0.0,0.0,0.0,0.0,0.0,0.0,0.0,0.0,0.0,0.0,0.0
Hokkaido,2015,0.0,0.0,0.0,0.0,0.0,0.0,0.0,0.0,0.0,0.0,0.0,0.0
Hokkaido,2016,0.0,0.0,0.0,0.0,0.0,0.0,0.0,0.0,0.0,0.0,0.0,0.0
Hokkaido,2017,0.0,0.0,0.0,0.0,0.0,0.0,0.0,0.0,0.0,0.0,0.0,0.0
Hokkaido,2018,0.0,0.0,0.0,0.0,0.0,0.0,0.0,0.0,0.0,0.0,0.0,0.0
Hokkaido,2019,0.0,0.0,0.0,0.0,0.0,0.0,0.0,0.0,0.0,0.0,0.0,0.0
Hokkaido,2020,0.0,0.0,0.0,0.0,0.0,0.0,0.0,0.0,0.0,0.0,0.0,0.0
Hokkaido,2021,0.0,0.0,0.0,0.0,0.0,0.0,0.0,0.0,0.0,0.0,0.0,0.0
Hokkaido,2022,0.0,0.0,0.0,0.0,0.0,0.0,0.0,0.0,0.0,0.0,0.0,0.0
Hokkaido,2023,0.0,0.0,0.0,0.0,0.0,0.0,0.0,0.0,0.0,0.0,0.0,0.0
Hokkaido,2024,0.0,0.0,0.0,0.0,0.0,0.0,0.0,0.0,0.0,0.0,0.0,0.0
Hokkaido,2025,0.0,0.0,0.0,0.0,0.0,0.0,0.0,0.0,0.0,0.0,0.0,0.0
Honduras,1989,0.0,0.0,0.0,0.0,0.0,0.0,NA,NA,NA,NA,NA,NA
Honduras,1990,0.0,0.0,0.0,0.0,0.0,0.0,NA,NA,NA,NA,NA,NA
Honduras,1991,0.0,0.0,0.0,0.0,0.0,0.0,NA,NA,NA,NA,NA,NA
Honduras,1992,0.0,0.0,0.0,0.0,0.0,0.0,NA,NA,NA,NA,NA,NA
Honduras,1993,0.0,0.0,0.0,0.0,0.0,0.0,NA,NA,NA,NA,NA,NA
Honduras,1994,0.0,0.0,0.0,0.0,0.0,0.0,NA,NA,NA,NA,NA,NA
Honduras,1995,0.0,0.0,0.0,0.0,0.0,0.0,NA,NA,NA,NA,NA,NA
Honduras,1996,0.0,0.0,0.0,0.0,0.0,0.0,NA,NA,NA,NA,NA,NA
Honduras,1997,0.0,0.0,0.0,0.0,0.0,0.0,NA,NA,NA,NA,NA,NA
Honduras,1998,0.0,0.0,0.0,0.0,0.0,0.0,NA,NA,NA,NA,NA,NA
Honduras,1999,0.0,0.0,0.0,0.0,0.0,0.0,NA,NA,NA,NA,NA,NA
Honduras,2000,0.0,0.0,0.0,0.0,0.0,0.0,NA,NA,NA,NA,NA,NA
Honduras,2001,0.0,0.0,0.0,0.0,0.0,0.0,NA,NA,NA,NA,NA,NA
Honduras,2002,0.0,0.0,0.0,0.0,0.0,0.0,NA,NA,NA,NA,NA,NA
Honduras,2003,0.0,0.0,0.0,0.0,0.0,0.0,NA,NA,NA,NA,NA,NA
Honduras,2004,0.0,0.0,0.0,0.0,0.0,0.0,NA,NA,NA,NA,NA,NA
Honduras,2005,0.0,0.0,0.0,0.0,0.0,0.0,NA,NA,NA,NA,NA,NA
Honduras,2006,0.0,0.0,0.0,0.0,0.0,0.0,NA,NA,NA,NA,NA,NA
Honduras,2007,0.0,0.0,0.0,0.0,0.0,0.0,NA,NA,NA,NA,NA,NA
Honduras,2008,0.0,0.0,0.0,0.0,0.0,0.0,NA,NA,NA,NA,NA,NA
Honduras,2009,0.0,0.0,0.0,0.0,0.0,0.0,NA,NA,NA,NA,NA,NA
Honduras,2010,0.0,0.0,0.0,0.0,0.0,0.0,NA,NA,NA,NA,NA,NA
Honduras,2011,0.0,0.0,0.0,0.0,0.0,0.0,NA,NA,NA,NA,NA,NA
Honduras,2012,0.0,0.0,0.0,0.0,0.0,0.0,NA,NA,NA,NA,NA,NA
Honduras,2013,0.0,0.0,0.0,0.0,0.0,0.0,NA,NA,NA,NA,NA,NA
Honduras,2014,0.0,0.0,0.0,0.0,0.0,0.0,NA,NA,NA,NA,NA,NA
Honduras,2015,0.0,0.0,0.0,0.0,0.0,0.0,NA,NA,NA,NA,NA,NA
Honduras,2016,0.0,0.0,0.0,0.0,0.0,0.0,NA,NA,NA,NA,NA,NA
Honduras,2017,0.0,0.0,0.0,0.0,0.0,0.0,NA,NA,NA,NA,NA,NA
Honduras,2018,0.0,0.0,0.0,0.0,0.0,0.0,NA,NA,NA,NA,NA,NA
Honduras,2019,0.0,0.0,0.0,0.0,0.0,0.0,NA,NA,NA,NA,NA,NA
Honduras,2020,0.0,0.0,0.0,0.0,0.0,0.0,NA,NA,NA,NA,NA,NA
Honduras,2021,0.0,0.0,0.0,0.0,0.0,0.0,NA,NA,NA,NA,NA,NA
Honduras,2022,0.0,0.0,0.0,0.0,0.0,0.0,NA,NA,NA,NA,NA,NA
Honduras,2023,0.0,0.0,0.0,0.0,0.0,0.0,NA,NA,NA,NA,NA,NA
Honduras,2024,0.0,0.0,0.0,0.0,0.0,0.0,NA,NA,NA,NA,NA,NA
Honduras,2025,0.0,0.0,0.0,0.0,0.0,0.0,NA,NA,NA,NA,NA,NA
"Hong Kong SAR, China",1989,0.0,0.0,0.0,0.0,0.0,0.0,NA,NA,NA,NA,NA,NA
"Hong Kong SAR, China",1990,0.0,0.0,0.0,0.0,0.0,0.0,NA,NA,NA,NA,NA,NA
"Hong Kong SAR, China",1991,0.0,0.0,0.0,0.0,0.0,0.0,NA,NA,NA,NA,NA,NA
"Hong Kong SAR, China",1992,0.0,0.0,0.0,0.0,0.0,0.0,NA,NA,NA,NA,NA,NA
"Hong Kong SAR, China",1993,0.0,0.0,0.0,0.0,0.0,0.0,NA,NA,NA,NA,NA,NA
"Hong Kong SAR, China",1994,0.0,0.0,0.0,0.0,0.0,0.0,NA,NA,NA,NA,NA,NA
"Hong Kong SAR, China",1995,0.0,0.0,0.0,0.0,0.0,0.0,NA,NA,NA,NA,NA,NA
"Hong Kong SAR, China",1996,0.0,0.0,0.0,0.0,0.0,0.0,NA,NA,NA,NA,NA,NA
"Hong Kong SAR, China",1997,0.0,0.0,0.0,0.0,0.0,0.0,NA,NA,NA,NA,NA,NA
"Hong Kong SAR, China",1998,0.0,0.0,0.0,0.0,0.0,0.0,NA,NA,NA,NA,NA,NA
"Hong Kong SAR, China",1999,0.0,0.0,0.0,0.0,0.0,0.0,NA,NA,NA,NA,NA,NA
"Hong Kong SAR, China",2000,0.0,0.0,0.0,0.0,0.0,0.0,NA,NA,NA,NA,NA,NA
"Hong Kong SAR, China",2001,0.0,0.0,0.0,0.0,0.0,0.0,NA,NA,NA,NA,NA,NA
"Hong Kong SAR, China",2002,0.0,0.0,0.0,0.0,0.0,0.0,NA,NA,NA,NA,NA,NA
"Hong Kong SAR, China",2003,0.0,0.0,0.0,0.0,0.0,0.0,NA,NA,NA,NA,NA,NA
"Hong Kong SAR, China",2004,0.0,0.0,0.0,0.0,0.0,0.0,NA,NA,NA,NA,NA,NA
"Hong Kong SAR, China",2005,0.0,0.0,0.0,0.0,0.0,0.0,NA,NA,NA,NA,NA,NA
"Hong Kong SAR, China",2006,0.0,0.0,0.0,0.0,0.0,0.0,NA,NA,NA,NA,NA,NA
"Hong Kong SAR, China",2007,0.0,0.0,0.0,0.0,0.0,0.0,NA,NA,NA,NA,NA,NA
"Hong Kong SAR, China",2008,0.0,0.0,0.0,0.0,0.0,0.0,NA,NA,NA,NA,NA,NA
"Hong Kong SAR, China",2009,0.0,0.0,0.0,0.0,0.0,0.0,NA,NA,NA,NA,NA,NA
"Hong Kong SAR, China",2010,0.0,0.0,0.0,0.0,0.0,0.0,NA,NA,NA,NA,NA,NA
"Hong Kong SAR, China",2011,0.0,0.0,0.0,0.0,0.0,0.0,NA,NA,NA,NA,NA,NA
"Hong Kong SAR, China",2012,0.0,0.0,0.0,0.0,0.0,0.0,NA,NA,NA,NA,NA,NA
"Hong Kong SAR, China",2013,0.0,0.0,0.0,0.0,0.0,0.0,NA,NA,NA,NA,NA,NA
"Hong Kong SAR, China",2014,0.0,0.0,0.0,0.0,0.0,0.0,NA,NA,NA,NA,NA,NA
"Hong Kong SAR, China",2015,0.0,0.0,0.0,0.0,0.0,0.0,NA,NA,NA,NA,NA,NA
"Hong Kong SAR, China",2016,0.0,0.0,0.0,0.0,0.0,0.0,NA,NA,NA,NA,NA,NA
"Hong Kong SAR, China",2017,0.0,0.0,0.0,0.0,0.0,0.0,NA,NA,NA,NA,NA,NA
"Hong Kong SAR, China",2018,0.0,0.0,0.0,0.0,0.0,0.0,NA,NA,NA,NA,NA,NA
"Hong Kong SAR, China",2019,0.0,0.0,0.0,0.0,0.0,0.0,NA,NA,NA,NA,NA,NA
"Hong Kong SAR, China",2020,0.0,0.0,0.0,0.0,0.0,0.0,NA,NA,NA,NA,NA,NA
"Hong Kong SAR, China",2021,0.0,0.0,0.0,0.0,0.0,0.0,NA,NA,NA,NA,NA,NA
"Hong Kong SAR, China",2022,0.0,0.0,0.0,0.0,0.0,0.0,NA,NA,NA,NA,NA,NA
"Hong Kong SAR, China",2023,0.0,0.0,0.0,0.0,0.0,0.0,NA,NA,NA,NA,NA,NA
"Hong Kong SAR, China",2024,0.0,0.0,0.0,0.0,0.0,0.0,NA,NA,NA,NA,NA,NA
"Hong Kong SAR, China",2025,0.0,0.0,0.0,0.0,0.0,0.0,NA,NA,NA,NA,NA,NA
Hong Kong Special Administrative Region,1989,0.0,0.0,0.0,0.0,0.0,0.0,0.0,0.0,0.0,0.0,0.0,0.0
Hong Kong Special Administrative Region,1990,0.0,0.0,0.0,0.0,0.0,0.0,0.0,0.0,0.0,0.0,0.0,0.0
Hong Kong Special Administrative Region,1991,0.0,0.0,0.0,0.0,0.0,0.0,0.0,0.0,0.0,0.0,0.0,0.0
Hong Kong Special Administrative Region,1992,0.0,0.0,0.0,0.0,0.0,0.0,0.0,0.0,0.0,0.0,0.0,0.0
Hong Kong Special Administrative Region,1993,0.0,0.0,0.0,0.0,0.0,0.0,0.0,0.0,0.0,0.0,0.0,0.0
Hong Kong Special Administrative Region,1994,0.0,0.0,0.0,0.0,0.0,0.0,0.0,0.0,0.0,0.0,0.0,0.0
Hong Kong Special Administrative Region,1995,0.0,0.0,0.0,0.0,0.0,0.0,0.0,0.0,0.0,0.0,0.0,0.0
Hong Kong Special Administrative Region,1996,0.0,0.0,0.0,0.0,0.0,0.0,0.0,0.0,0.0,0.0,0.0,0.0
Hong Kong Special Administrative Region,1997,0.0,0.0,0.0,0.0,0.0,0.0,0.0,0.0,0.0,0.0,0.0,0.0
Hong Kong Special Administrative Region,1998,0.0,0.0,0.0,0.0,0.0,0.0,0.0,0.0,0.0,0.0,0.0,0.0
Hong Kong Special Administrative Region,1999,0.0,0.0,0.0,0.0,0.0,0.0,0.0,0.0,0.0,0.0,0.0,0.0
Hong Kong Special Administrative Region,2000,0.0,0.0,0.0,0.0,0.0,0.0,0.0,0.0,0.0,0.0,0.0,0.0
Hong Kong Special Administrative Region,2001,0.0,0.0,0.0,0.0,0.0,0.0,0.0,0.0,0.0,0.0,0.0,0.0
Hong Kong Special Administrative Region,2002,0.0,0.0,0.0,0.0,0.0,0.0,0.0,0.0,0.0,0.0,0.0,0.0
Hong Kong Special Administrative Region,2003,0.0,0.0,0.0,0.0,0.0,0.0,0.0,0.0,0.0,0.0,0.0,0.0
Hong Kong Special Administrative Region,2004,0.0,0.0,0.0,0.0,0.0,0.0,0.0,0.0,0.0,0.0,0.0,0.0
Hong Kong Special Administrative Region,2005,0.0,0.0,0.0,0.0,0.0,0.0,0.0,0.0,0.0,0.0,0.0,0.0
Hong Kong Special Administrative Region,2006,0.0,0.0,0.0,0.0,0.0,0.0,0.0,0.0,0.0,0.0,0.0,0.0
Hong Kong Special Administrative Region,2007,0.0,0.0,0.0,0.0,0.0,0.0,0.0,0.0,0.0,0.0,0.0,0.0
Hong Kong Special Administrative Region,2008,0.0,0.0,0.0,0.0,0.0,0.0,0.0,0.0,0.0,0.0,0.0,0.0
Hong Kong Special Administrative Region,2009,0.0,0.0,0.0,0.0,0.0,0.0,0.0,0.0,0.0,0.0,0.0,0.0
Hong Kong Special Administrative Region,2010,0.0,0.0,0.0,0.0,0.0,0.0,0.0,0.0,0.0,0.0,0.0,0.0
Hong Kong Special Administrative Region,2011,0.0,0.0,0.0,0.0,0.0,0.0,0.0,0.0,0.0,0.0,0.0,0.0
Hong Kong Special Administrative Region,2012,0.0,0.0,0.0,0.0,0.0,0.0,0.0,0.0,0.0,0.0,0.0,0.0
Hong Kong Special Administrative Region,2013,0.0,0.0,0.0,0.0,0.0,0.0,0.0,0.0,0.0,0.0,0.0,0.0
Hong Kong Special Administrative Region,2014,0.0,0.0,0.0,0.0,0.0,0.0,0.0,0.0,0.0,0.0,0.0,0.0
Hong Kong Special Administrative Region,2015,0.0,0.0,0.0,0.0,0.0,0.0,0.0,0.0,0.0,0.0,0.0,0.0
Hong Kong Special Administrative Region,2016,0.0,0.0,0.0,0.0,0.0,0.0,0.0,0.0,0.0,0.0,0.0,0.0
Hong Kong Special Administrative Region,2017,0.0,0.0,0.0,0.0,0.0,0.0,0.0,0.0,0.0,0.0,0.0,0.0
Hong Kong Special Administrative Region,2018,0.0,0.0,0.0,0.0,0.0,0.0,0.0,0.0,0.0,0.0,0.0,0.0
Hong Kong Special Administrative Region,2019,0.0,0.0,0.0,0.0,0.0,0.0,0.0,0.0,0.0,0.0,0.0,0.0
Hong Kong Special Administrative Region,2020,0.0,0.0,0.0,0.0,0.0,0.0,0.0,0.0,0.0,0.0,0.0,0.0
Hong Kong Special Administrative Region,2021,0.0,0.0,0.0,0.0,0.0,0.0,0.0,0.0,0.0,0.0,0.0,0.0
Hong Kong Special Administrative Region,2022,0.0,0.0,0.0,0.0,0.0,0.0,0.0,0.0,0.0,0.0,0.0,0.0
Hong Kong Special Administrative Region,2023,0.0,0.0,0.0,0.0,0.0,0.0,0.0,0.0,0.0,0.0,0.0,0.0
Hong Kong Special Administrative Region,2024,0.0,0.0,0.0,0.0,0.0,0.0,0.0,0.0,0.0,0.0,0.0,0.0
Hong Kong Special Administrative Region,2025,0.0,0.0,0.0,0.0,0.0,0.0,0.0,0.0,0.0,0.0,0.0,0.0
Hubei Province,1989,0.0,0.0,0.0,0.0,0.0,0.0,0.0,0.0,0.0,0.0,0.0,0.0
Hubei Province,1990,0.0,0.0,0.0,0.0,0.0,0.0,0.0,0.0,0.0,0.0,0.0,0.0
Hubei Province,1991,0.0,0.0,0.0,0.0,0.0,0.0,0.0,0.0,0.0,0.0,0.0,0.0
Hubei Province,1992,0.0,0.0,0.0,0.0,0.0,0.0,0.0,0.0,0.0,0.0,0.0,0.0
Hubei Province,1993,0.0,0.0,0.0,0.0,0.0,0.0,0.0,0.0,0.0,0.0,0.0,0.0
Hubei Province,1994,0.0,0.0,0.0,0.0,0.0,0.0,0.0,0.0,0.0,0.0,0.0,0.0
Hubei Province,1995,0.0,0.0,0.0,0.0,0.0,0.0,0.0,0.0,0.0,0.0,0.0,0.0
Hubei Province,1996,0.0,0.0,0.0,0.0,0.0,0.0,0.0,0.0,0.0,0.0,0.0,0.0
Hubei Province,1997,0.0,0.0,0.0,0.0,0.0,0.0,0.0,0.0,0.0,0.0,0.0,0.0
Hubei Province,1998,0.0,0.0,0.0,0.0,0.0,0.0,0.0,0.0,0.0,0.0,0.0,0.0
Hubei Province,1999,0.0,0.0,0.0,0.0,0.0,0.0,0.0,0.0,0.0,0.0,0.0,0.0
Hubei Province,2000,0.0,0.0,0.0,0.0,0.0,0.0,0.0,0.0,0.0,0.0,0.0,0.0
Hubei Province,2001,0.0,0.0,0.0,0.0,0.0,0.0,0.0,0.0,0.0,0.0,0.0,0.0
Hubei Province,2002,0.0,0.0,0.0,0.0,0.0,0.0,0.0,0.0,0.0,0.0,0.0,0.0
Hubei Province,2003,0.0,0.0,0.0,0.0,0.0,0.0,0.0,0.0,0.0,0.0,0.0,0.0
Hubei Province,2004,0.0,0.0,0.0,0.0,0.0,0.0,0.0,0.0,0.0,0.0,0.0,0.0
Hubei Province,2005,0.0,0.0,0.0,0.0,0.0,0.0,0.0,0.0,0.0,0.0,0.0,0.0
Hubei Province,2006,0.0,0.0,0.0,0.0,0.0,0.0,0.0,0.0,0.0,0.0,0.0,0.0
Hubei Province,2007,0.0,0.0,0.0,0.0,0.0,0.0,0.0,0.0,0.0,0.0,0.0,0.0
Hubei Province,2008,0.0,0.0,0.0,0.0,0.0,0.0,0.0,0.0,0.0,0.0,0.0,0.0
Hubei Province,2009,0.0,0.0,0.0,0.0,0.0,0.0,0.0,0.0,0.0,0.0,0.0,0.0
Hubei Province,2010,0.0,0.0,0.0,0.0,0.0,0.0,0.0,0.0,0.0,0.0,0.0,0.0
Hubei Province,2011,0.0,0.0,0.0,0.0,0.0,0.0,0.0,0.0,0.0,0.0,0.0,0.0
Hubei Province,2012,0.0,0.0,0.0,0.0,0.0,0.0,0.0,0.0,0.0,0.0,0.0,0.0
Hubei Province,2013,0.0,0.0,0.0,0.0,0.0,0.0,0.0,0.0,0.0,0.0,0.0,0.0
Hubei Province,2014,0.0,0.0,0.0,2.587000863339761,0.0,2.587000863339761,0.05468849889693078,0.0,0.05468849889693078,0.06613385070939745,0.0,0.06613385070939745
Hubei Province,2015,0.0,0.0,0.0,2.62696113362607,0.0,2.62696113362607,0.055533248208167026,0.0,0.055533248208167026,0.06715539136169169,0.0,0.06715539136169169
Hubei Province,2016,0.0,0.0,0.0,1.9070019631526967,0.0,1.9070019631526967,0.04031350597374119,0.0,0.04031350597374119,0.04875042174158903,0.0,0.04875042174158903
Hubei Province,2017,0.0,0.0,0.0,1.5613489642924705,0.0,1.5613489642924705,0.03300649501956446,0.0,0.03300649501956446,0.03991418046010496,0.0,0.03991418046010496
Hubei Province,2018,0.0,0.0,0.0,2.094829871514982,0.0,2.094829871514982,0.04428413718026606,0.0,0.04428413718026606,0.0535520370122749,0.0,0.0535520370122749
Hubei Province,2019,0.0,0.0,0.0,3.1178922920858625,0.0,3.1178922920858625,0.06591140018266493,0.0,0.06591140018266493,0.0797055100733867,0.0,0.0797055100733867
Hubei Province,2020,0.0,0.0,0.0,2.6340741242262666,0.0,2.6340741242262666,0.055683614906572594,0.0,0.055683614906572594,0.06733722719526906,0.0,0.06733722719526906
Hubei Province,2021,0.0,0.0,0.0,1.1504165153349835,0.0,1.1504165153349835,0.024319494137580958,0.0,0.024319494137580958,0.029409141356284484,0.0,0.029409141356284484
Hubei Province,2022,0.0,0.0,0.0,1.5589301591936175,0.0,1.5589301591936175,0.03295536213365976,0.0,0.03295536213365976,0.03985234635035667,0.0,0.03985234635035667
Hubei Province,2023,0.0,0.0,0.0,0.0,0.0,0.0,0.0,0.0,0.0,0.0,0.0,0.0
Hubei Province,2024,0.0,0.0,0.0,0.0,0.0,0.0,0.0,0.0,0.0,0.0,0.0,0.0
Hubei Province,2025,0.0,0.0,0.0,1.2842862491040545,0.0,1.2842862491040545,0.027149464119929873,0.0,0.027149464119929873,0.03283137484412379,0.0,0.03283137484412379
Hunan Province,1989,0.0,0.0,0.0,0.0,0.0,0.0,0.0,0.0,0.0,0.0,0.0,0.0
Hunan Province,1990,0.0,0.0,0.0,0.0,0.0,0.0,0.0,0.0,0.0,0.0,0.0,0.0
Hunan Province,1991,0.0,0.0,0.0,0.0,0.0,0.0,0.0,0.0,0.0,0.0,0.0,0.0
Hunan Province,1992,0.0,0.0,0.0,0.0,0.0,0.0,0.0,0.0,0.0,0.0,0.0,0.0
Hunan Province,1993,0.0,0.0,0.0,0.0,0.0,0.0,0.0,0.0,0.0,0.0,0.0,0.0
Hunan Province,1994,0.0,0.0,0.0,0.0,0.0,0.0,0.0,0.0,0.0,0.0,0.0,0.0
Hunan Province,1995,0.0,0.0,0.0,0.0,0.0,0.0,0.0,0.0,0.0,0.0,0.0,0.0
Hunan Province,1996,0.0,0.0,0.0,0.0,0.0,0.0,0.0,0.0,0.0,0.0,0.0,0.0
Hunan Province,1997,0.0,0.0,0.0,0.0,0.0,0.0,0.0,0.0,0.0,0.0,0.0,0.0
Hunan Province,1998,0.0,0.0,0.0,0.0,0.0,0.0,0.0,0.0,0.0,0.0,0.0,0.0
Hunan Province,1999,0.0,0.0,0.0,0.0,0.0,0.0,0.0,0.0,0.0,0.0,0.0,0.0
Hunan Province,2000,0.0,0.0,0.0,0.0,0.0,0.0,0.0,0.0,0.0,0.0,0.0,0.0
Hunan Province,2001,0.0,0.0,0.0,0.0,0.0,0.0,0.0,0.0,0.0,0.0,0.0,0.0
Hunan Province,2002,0.0,0.0,0.0,0.0,0.0,0.0,0.0,0.0,0.0,0.0,0.0,0.0
Hunan Province,2003,0.0,0.0,0.0,0.0,0.0,0.0,0.0,0.0,0.0,0.0,0.0,0.0
Hunan Province,2004,0.0,0.0,0.0,0.0,0.0,0.0,0.0,0.0,0.0,0.0,0.0,0.0
Hunan Province,2005,0.0,0.0,0.0,0.0,0.0,0.0,0.0,0.0,0.0,0.0,0.0,0.0
Hunan Province,2006,0.0,0.0,0.0,0.0,0.0,0.0,0.0,0.0,0.0,0.0,0.0,0.0
Hunan Province,2007,0.0,0.0,0.0,0.0,0.0,0.0,0.0,0.0,0.0,0.0,0.0,0.0
Hunan Province,2008,0.0,0.0,0.0,0.0,0.0,0.0,0.0,0.0,0.0,0.0,0.0,0.0
Hunan Province,2009,0.0,0.0,0.0,0.0,0.0,0.0,0.0,0.0,0.0,0.0,0.0,0.0
Hunan Province,2010,0.0,0.0,0.0,0.0,0.0,0.0,0.0,0.0,0.0,0.0,0.0,0.0
Hunan Province,2011,0.0,0.0,0.0,0.0,0.0,0.0,0.0,0.0,0.0,0.0,0.0,0.0
Hunan Province,2012,0.0,0.0,0.0,0.0,0.0,0.0,0.0,0.0,0.0,0.0,0.0,0.0
Hunan Province,2013,0.0,0.0,0.0,0.0,0.0,0.0,0.0,0.0,0.0,0.0,0.0,0.0
Hunan Province,2014,0.0,0.0,0.0,0.0,0.0,0.0,0.0,0.0,0.0,0.0,0.0,0.0
Hunan Province,2015,0.0,0.0,0.0,0.0,0.0,0.0,0.0,0.0,0.0,0.0,0.0,0.0
Hunan Province,2016,0.0,0.0,0.0,0.0,0.0,0.0,0.0,0.0,0.0,0.0,0.0,0.0
Hunan Province,2017,0.0,0.0,0.0,0.0,0.0,0.0,0.0,0.0,0.0,0.0,0.0,0.0
Hunan Province,2018,0.0,0.0,0.0,0.0,0.0,0.0,0.0,0.0,0.0,0.0,0.0,0.0
Hunan Province,2019,0.0,0.0,0.0,0.0,0.0,0.0,0.0,0.0,0.0,0.0,0.0,0.0
Hunan Province,2020,0.0,0.0,0.0,0.0,0.0,0.0,0.0,0.0,0.0,0.0,0.0,0.0
Hunan Province,2021,0.0,0.0,0.0,0.0,0.0,0.0,0.0,0.0,0.0,0.0,0.0,0.0
Hunan Province,2022,0.0,0.0,0.0,0.0,0.0,0.0,0.0,0.0,0.0,0.0,0.0,0.0
Hunan Province,2023,0.0,0.0,0.0,0.0,0.0,0.0,0.0,0.0,0.0,0.0,0.0,0.0
Hunan Province,2024,0.0,0.0,0.0,0.0,0.0,0.0,0.0,0.0,0.0,0.0,0.0,0.0
Hunan Province,2025,0.0,0.0,0.0,0.0,0.0,0.0,0.0,0.0,0.0,0.0,0.0,0.0
Hungary,1989,0.0,0.0,0.0,0.0,0.0,0.0,NA,NA,NA,NA,NA,NA
Hungary,1990,0.0,0.0,0.0,0.0,0.0,0.0,NA,NA,NA,NA,NA,NA
Hungary,1991,0.0,0.0,0.0,0.0,0.0,0.0,NA,NA,NA,NA,NA,NA
Hungary,1992,0.0,0.0,0.0,0.0,0.0,0.0,NA,NA,NA,NA,NA,NA
Hungary,1993,0.0,0.0,0.0,0.0,0.0,0.0,NA,NA,NA,NA,NA,NA
Hungary,1994,0.0,0.0,0.0,0.0,0.0,0.0,NA,NA,NA,NA,NA,NA
Hungary,1995,0.0,0.0,0.0,0.0,0.0,0.0,NA,NA,NA,NA,NA,NA
Hungary,1996,0.0,0.0,0.0,0.0,0.0,0.0,NA,NA,NA,NA,NA,NA
Hungary,1997,0.0,0.0,0.0,0.0,0.0,0.0,NA,NA,NA,NA,NA,NA
Hungary,1998,0.0,0.0,0.0,0.0,0.0,0.0,NA,NA,NA,NA,NA,NA
Hungary,1999,0.0,0.0,0.0,0.0,0.0,0.0,NA,NA,NA,NA,NA,NA
Hungary,2000,0.0,0.0,0.0,0.0,0.0,0.0,NA,NA,NA,NA,NA,NA
Hungary,2001,0.0,0.0,0.0,0.0,0.0,0.0,NA,NA,NA,NA,NA,NA
Hungary,2002,0.0,0.0,0.0,0.0,0.0,0.0,NA,NA,NA,NA,NA,NA
Hungary,2003,0.0,0.0,0.0,0.0,0.0,0.0,NA,NA,NA,NA,NA,NA
Hungary,2004,0.0,0.0,0.0,0.0,0.0,0.0,NA,NA,NA,NA,NA,NA
Hungary,2005,14.477884141090863,0.0,14.477884141090863,19.02415609923138,0.0,19.02415609923138,NA,NA,NA,NA,NA,NA
Hungary,2006,11.687624198521046,0.0,11.687624198521046,15.357712840839552,0.0,15.357712840839552,NA,NA,NA,NA,NA,NA
Hungary,2007,0.42213471518240137,0.0,0.42213471518240137,0.554691323557552,0.0,0.554691323557552,NA,NA,NA,NA,NA,NA
Hungary,2008,10.606453312083103,0.0,10.606453312083103,13.93703814051072,0.0,13.93703814051072,NA,NA,NA,NA,NA,NA
Hungary,2009,7.701624586113219,0.0,7.701624586113219,10.120049788770901,0.0,10.120049788770901,NA,NA,NA,NA,NA,NA
Hungary,2010,8.191131509208793,0.0,8.191131509208793,10.763269200245137,0.0,10.763269200245137,NA,NA,NA,NA,NA,NA
Hungary,2011,7.2515767883610005,0.0,7.2515767883610005,9.528680257621412,0.0,9.528680257621412,NA,NA,NA,NA,NA,NA
Hungary,2012,4.072441761868668,0.0,4.072441761868668,5.351249328134279,0.0,5.351249328134279,NA,NA,NA,NA,NA,NA
Hungary,2013,2.398977626129695,0.0,2.398977626129695,3.1522924477979792,0.0,3.1522924477979792,NA,NA,NA,NA,NA,NA
Hungary,2014,3.079550624751108,0.0,3.079550624751108,4.046575537545111,0.0,4.046575537545111,NA,NA,NA,NA,NA,NA
Hungary,2015,3.86759492485859,0.0,3.86759492485859,5.082077523350111,0.0,5.082077523350111,NA,NA,NA,NA,NA,NA
Hungary,2016,2.6591102211628876,0.0,2.6591102211628876,3.4941105647398047,0.0,3.4941105647398047,NA,NA,NA,NA,NA,NA
Hungary,2017,2.7854395954665754,0.0,2.7854395954665754,3.6601092502694503,0.0,3.6601092502694503,NA,NA,NA,NA,NA,NA
Hungary,2018,7.208981296857841,0.0,7.208981296857841,9.472709145297085,0.0,9.472709145297085,NA,NA,NA,NA,NA,NA
Hungary,2019,10.819783566969376,0.0,10.819783566969376,14.217357283148885,0.0,14.217357283148885,NA,NA,NA,NA,NA,NA
Hungary,2020,10.120924041908284,0.0,10.120924041908284,13.299045424410998,0.0,13.299045424410998,NA,NA,NA,NA,NA,NA
Hungary,2021,20.568768755312856,0.0,20.568768755312856,27.027669496226643,0.0,27.027669496226643,NA,NA,NA,NA,NA,NA
Hungary,2022,27.211072010443797,0.0,27.211072010443797,35.755755227027535,0.0,35.755755227027535,NA,NA,NA,NA,NA,NA
Hungary,2023,24.55733185396156,0.0,24.55733185396156,32.26870100752106,0.0,32.26870100752106,NA,NA,NA,NA,NA,NA
Hungary,2024,19.011277308560793,0.0,19.011277308560793,24.9811024621575,0.0,24.9811024621575,NA,NA,NA,NA,NA,NA
Hungary,2025,21.205675013000928,0.0,21.205675013000928,27.86457383589089,0.0,27.86457383589089,NA,NA,NA,NA,NA,NA
Hyogo,1989,0.0,0.0,0.0,0.0,0.0,0.0,0.0,0.0,0.0,0.0,0.0,0.0
Hyogo,1990,0.0,0.0,0.0,0.0,0.0,0.0,0.0,0.0,0.0,0.0,0.0,0.0
Hyogo,1991,0.0,0.0,0.0,0.0,0.0,0.0,0.0,0.0,0.0,0.0,0.0,0.0
Hyogo,1992,0.0,0.0,0.0,0.0,0.0,0.0,0.0,0.0,0.0,0.0,0.0,0.0
Hyogo,1993,0.0,0.0,0.0,0.0,0.0,0.0,0.0,0.0,0.0,0.0,0.0,0.0
Hyogo,1994,0.0,0.0,0.0,0.0,0.0,0.0,0.0,0.0,0.0,0.0,0.0,0.0
Hyogo,1995,0.0,0.0,0.0,0.0,0.0,0.0,0.0,0.0,0.0,0.0,0.0,0.0
Hyogo,1996,0.0,0.0,0.0,0.0,0.0,0.0,0.0,0.0,0.0,0.0,0.0,0.0
Hyogo,1997,0.0,0.0,0.0,0.0,0.0,0.0,0.0,0.0,0.0,0.0,0.0,0.0
Hyogo,1998,0.0,0.0,0.0,0.0,0.0,0.0,0.0,0.0,0.0,0.0,0.0,0.0
Hyogo,1999,0.0,0.0,0.0,0.0,0.0,0.0,0.0,0.0,0.0,0.0,0.0,0.0
Hyogo,2000,0.0,0.0,0.0,0.0,0.0,0.0,0.0,0.0,0.0,0.0,0.0,0.0
Hyogo,2001,0.0,0.0,0.0,0.0,0.0,0.0,0.0,0.0,0.0,0.0,0.0,0.0
Hyogo,2002,0.0,0.0,0.0,0.0,0.0,0.0,0.0,0.0,0.0,0.0,0.0,0.0
Hyogo,2003,0.0,0.0,0.0,0.0,0.0,0.0,0.0,0.0,0.0,0.0,0.0,0.0
Hyogo,2004,0.0,0.0,0.0,0.0,0.0,0.0,0.0,0.0,0.0,0.0,0.0,0.0
Hyogo,2005,0.0,0.0,0.0,0.0,0.0,0.0,0.0,0.0,0.0,0.0,0.0,0.0
Hyogo,2006,0.0,0.0,0.0,0.0,0.0,0.0,0.0,0.0,0.0,0.0,0.0,0.0
Hyogo,2007,0.0,0.0,0.0,0.0,0.0,0.0,0.0,0.0,0.0,0.0,0.0,0.0
Hyogo,2008,0.0,0.0,0.0,0.0,0.0,0.0,0.0,0.0,0.0,0.0,0.0,0.0
Hyogo,2009,0.0,0.0,0.0,0.0,0.0,0.0,0.0,0.0,0.0,0.0,0.0,0.0
Hyogo,2010,0.0,0.0,0.0,0.0,0.0,0.0,0.0,0.0,0.0,0.0,0.0,0.0
Hyogo,2011,0.0,0.0,0.0,0.0,0.0,0.0,0.0,0.0,0.0,0.0,0.0,0.0
Hyogo,2012,0.0,0.0,0.0,0.0,0.0,0.0,0.0,0.0,0.0,0.0,0.0,0.0
Hyogo,2013,0.0,0.0,0.0,0.0,0.0,0.0,0.0,0.0,0.0,0.0,0.0,0.0
Hyogo,2014,0.0,0.0,0.0,0.0,0.0,0.0,0.0,0.0,0.0,0.0,0.0,0.0
Hyogo,2015,0.0,0.0,0.0,0.0,0.0,0.0,0.0,0.0,0.0,0.0,0.0,0.0
Hyogo,2016,0.0,0.0,0.0,0.0,0.0,0.0,0.0,0.0,0.0,0.0,0.0,0.0
Hyogo,2017,0.0,0.0,0.0,0.0,0.0,0.0,0.0,0.0,0.0,0.0,0.0,0.0
Hyogo,2018,0.0,0.0,0.0,0.0,0.0,0.0,0.0,0.0,0.0,0.0,0.0,0.0
Hyogo,2019,0.0,0.0,0.0,0.0,0.0,0.0,0.0,0.0,0.0,0.0,0.0,0.0
Hyogo,2020,0.0,0.0,0.0,0.0,0.0,0.0,0.0,0.0,0.0,0.0,0.0,0.0
Hyogo,2021,0.0,0.0,0.0,0.0,0.0,0.0,0.0,0.0,0.0,0.0,0.0,0.0
Hyogo,2022,0.0,0.0,0.0,0.0,0.0,0.0,0.0,0.0,0.0,0.0,0.0,0.0
Hyogo,2023,0.0,0.0,0.0,0.0,0.0,0.0,0.0,0.0,0.0,0.0,0.0,0.0
Hyogo,2024,0.0,0.0,0.0,0.0,0.0,0.0,0.0,0.0,0.0,0.0,0.0,0.0
Hyogo,2025,0.0,0.0,0.0,0.0,0.0,0.0,0.0,0.0,0.0,0.0,0.0,0.0
Ibaraki,1989,0.0,0.0,0.0,0.0,0.0,0.0,0.0,0.0,0.0,0.0,0.0,0.0
Ibaraki,1990,0.0,0.0,0.0,0.0,0.0,0.0,0.0,0.0,0.0,0.0,0.0,0.0
Ibaraki,1991,0.0,0.0,0.0,0.0,0.0,0.0,0.0,0.0,0.0,0.0,0.0,0.0
Ibaraki,1992,0.0,0.0,0.0,0.0,0.0,0.0,0.0,0.0,0.0,0.0,0.0,0.0
Ibaraki,1993,0.0,0.0,0.0,0.0,0.0,0.0,0.0,0.0,0.0,0.0,0.0,0.0
Ibaraki,1994,0.0,0.0,0.0,0.0,0.0,0.0,0.0,0.0,0.0,0.0,0.0,0.0
Ibaraki,1995,0.0,0.0,0.0,0.0,0.0,0.0,0.0,0.0,0.0,0.0,0.0,0.0
Ibaraki,1996,0.0,0.0,0.0,0.0,0.0,0.0,0.0,0.0,0.0,0.0,0.0,0.0
Ibaraki,1997,0.0,0.0,0.0,0.0,0.0,0.0,0.0,0.0,0.0,0.0,0.0,0.0
Ibaraki,1998,0.0,0.0,0.0,0.0,0.0,0.0,0.0,0.0,0.0,0.0,0.0,0.0
Ibaraki,1999,0.0,0.0,0.0,0.0,0.0,0.0,0.0,0.0,0.0,0.0,0.0,0.0
Ibaraki,2000,0.0,0.0,0.0,0.0,0.0,0.0,0.0,0.0,0.0,0.0,0.0,0.0
Ibaraki,2001,0.0,0.0,0.0,0.0,0.0,0.0,0.0,0.0,0.0,0.0,0.0,0.0
Ibaraki,2002,0.0,0.0,0.0,0.0,0.0,0.0,0.0,0.0,0.0,0.0,0.0,0.0
Ibaraki,2003,0.0,0.0,0.0,0.0,0.0,0.0,0.0,0.0,0.0,0.0,0.0,0.0
Ibaraki,2004,0.0,0.0,0.0,0.0,0.0,0.0,0.0,0.0,0.0,0.0,0.0,0.0
Ibaraki,2005,0.0,0.0,0.0,0.0,0.0,0.0,0.0,0.0,0.0,0.0,0.0,0.0
Ibaraki,2006,0.0,0.0,0.0,0.0,0.0,0.0,0.0,0.0,0.0,0.0,0.0,0.0
Ibaraki,2007,0.0,0.0,0.0,0.0,0.0,0.0,0.0,0.0,0.0,0.0,0.0,0.0
Ibaraki,2008,0.0,0.0,0.0,0.0,0.0,0.0,0.0,0.0,0.0,0.0,0.0,0.0
Ibaraki,2009,0.0,0.0,0.0,0.0,0.0,0.0,0.0,0.0,0.0,0.0,0.0,0.0
Ibaraki,2010,0.0,0.0,0.0,0.0,0.0,0.0,0.0,0.0,0.0,0.0,0.0,0.0
Ibaraki,2011,0.0,0.0,0.0,0.0,0.0,0.0,0.0,0.0,0.0,0.0,0.0,0.0
Ibaraki,2012,0.0,0.0,0.0,0.0,0.0,0.0,0.0,0.0,0.0,0.0,0.0,0.0
Ibaraki,2013,0.0,0.0,0.0,0.0,0.0,0.0,0.0,0.0,0.0,0.0,0.0,0.0
Ibaraki,2014,0.0,0.0,0.0,0.0,0.0,0.0,0.0,0.0,0.0,0.0,0.0,0.0
Ibaraki,2015,0.0,0.0,0.0,0.0,0.0,0.0,0.0,0.0,0.0,0.0,0.0,0.0
Ibaraki,2016,0.0,0.0,0.0,0.0,0.0,0.0,0.0,0.0,0.0,0.0,0.0,0.0
Ibaraki,2017,0.0,0.0,0.0,0.0,0.0,0.0,0.0,0.0,0.0,0.0,0.0,0.0
Ibaraki,2018,0.0,0.0,0.0,0.0,0.0,0.0,0.0,0.0,0.0,0.0,0.0,0.0
Ibaraki,2019,0.0,0.0,0.0,0.0,0.0,0.0,0.0,0.0,0.0,0.0,0.0,0.0
Ibaraki,2020,0.0,0.0,0.0,0.0,0.0,0.0,0.0,0.0,0.0,0.0,0.0,0.0
Ibaraki,2021,0.0,0.0,0.0,0.0,0.0,0.0,0.0,0.0,0.0,0.0,0.0,0.0
Ibaraki,2022,0.0,0.0,0.0,0.0,0.0,0.0,0.0,0.0,0.0,0.0,0.0,0.0
Ibaraki,2023,0.0,0.0,0.0,0.0,0.0,0.0,0.0,0.0,0.0,0.0,0.0,0.0
Ibaraki,2024,0.0,0.0,0.0,0.0,0.0,0.0,0.0,0.0,0.0,0.0,0.0,0.0
Ibaraki,2025,0.0,0.0,0.0,0.0,0.0,0.0,0.0,0.0,0.0,0.0,0.0,0.0
Iceland,1989,0.0,0.0,0.0,0.0,0.0,0.0,NA,NA,NA,NA,NA,NA
Iceland,1990,0.0,0.0,0.0,0.0,0.0,0.0,NA,NA,NA,NA,NA,NA
Iceland,1991,0.0,0.0,0.0,0.0,0.0,0.0,NA,NA,NA,NA,NA,NA
Iceland,1992,0.0,0.0,0.0,0.0,0.0,0.0,NA,NA,NA,NA,NA,NA
Iceland,1993,0.0,0.0,0.0,0.0,0.0,0.0,NA,NA,NA,NA,NA,NA
Iceland,1994,0.0,0.0,0.0,0.0,0.0,0.0,NA,NA,NA,NA,NA,NA
Iceland,1995,0.0,0.0,0.0,0.0,0.0,0.0,NA,NA,NA,NA,NA,NA
Iceland,1996,0.0,0.0,0.0,0.0,0.0,0.0,NA,NA,NA,NA,NA,NA
Iceland,1997,0.0,0.0,0.0,0.0,0.0,0.0,NA,NA,NA,NA,NA,NA
Iceland,1998,0.0,0.0,0.0,0.0,0.0,0.0,NA,NA,NA,NA,NA,NA
Iceland,1999,0.0,0.0,0.0,0.0,0.0,0.0,NA,NA,NA,NA,NA,NA
Iceland,2000,0.0,0.0,0.0,0.0,0.0,0.0,NA,NA,NA,NA,NA,NA
Iceland,2001,0.0,0.0,0.0,0.0,0.0,0.0,NA,NA,NA,NA,NA,NA
Iceland,2002,0.0,0.0,0.0,0.0,0.0,0.0,NA,NA,NA,NA,NA,NA
Iceland,2003,0.0,0.0,0.0,0.0,0.0,0.0,NA,NA,NA,NA,NA,NA
Iceland,2004,0.0,0.0,0.0,0.0,0.0,0.0,NA,NA,NA,NA,NA,NA
Iceland,2005,0.0,0.0,0.0,0.0,0.0,0.0,NA,NA,NA,NA,NA,NA
Iceland,2006,0.0,0.0,0.0,0.0,0.0,0.0,NA,NA,NA,NA,NA,NA
Iceland,2007,0.0,0.0,0.0,0.0,0.0,0.0,NA,NA,NA,NA,NA,NA
Iceland,2008,3.569624084283621,0.0,3.569624084283621,4.74992044294114,0.0,4.74992044294114,NA,NA,NA,NA,NA,NA
Iceland,2009,2.437475438753472,0.0,2.437475438753472,3.243426798546369,0.0,3.243426798546369,NA,NA,NA,NA,NA,NA
Iceland,2010,2.4989016543917306,2.690425274342336,5.189326928734067,3.325163595055918,3.580014508269666,6.905178103325584,NA,NA,NA,NA,NA,NA
Iceland,2011,2.1872058228716846,6.975495073375967,9.162700896247651,2.910405523292816,9.281942822646858,12.192348345939674,NA,NA,NA,NA,NA,NA
Iceland,2012,2.0624991023437826,5.161999330787031,7.2244984331308135,2.7444645202007485,6.868814633929298,9.613279154130046,NA,NA,NA,NA,NA,NA
Iceland,2013,1.2232488280372007,2.5976951511406563,3.8209439791778568,1.6277161062083523,3.4566231657999165,5.084339272008268,NA,NA,NA,NA,NA,NA
Iceland,2014,1.5635068508776018,3.6047905965260014,5.168297447403603,2.080480459093624,4.796714763985325,6.8771952230789495,NA,NA,NA,NA,NA,NA
Iceland,2015,1.9028951478663405,3.2806396434779046,5.183534791344245,2.53208751123657,4.365383284219436,6.897470795456006,NA,NA,NA,NA,NA,NA
Iceland,2016,1.296277479860266,3.5315905942849266,4.827868074145193,1.7248916849316296,4.699311177820873,6.424202862752503,NA,NA,NA,NA,NA,NA
Iceland,2017,1.399466114088867,3.636995201109462,5.036461315198329,1.8621996455540353,4.839567822474399,6.701767468028435,NA,NA,NA,NA,NA,NA
Iceland,2018,3.700148553000839,10.026743879593944,13.726892432594783,4.923602832914248,13.34208717929362,18.265690012207866,NA,NA,NA,NA,NA,NA
Iceland,2019,5.570913826723384,10.558834679207028,16.12974850593041,7.412936725724533,14.050113824931376,21.463050550655908,NA,NA,NA,NA,NA,NA
Iceland,2020,5.329997723575073,11.166292342681844,16.49629006625692,7.092361702596423,14.85842739124332,21.95078909383974,NA,NA,NA,NA,NA,NA
Iceland,2021,10.839007578819968,11.071433299258704,21.910440878078674,14.422925905981833,14.732203200988327,29.155129106970158,NA,NA,NA,NA,NA,NA
Iceland,2022,15.043307051154418,10.415987221545091,25.45929427269951,20.01737718162527,13.860033849183239,33.87741103080851,NA,NA,NA,NA,NA,NA
Iceland,2023,14.738553967427618,10.605149802906862,25.34370377033448,19.611857477515088,14.111743046296109,33.7236005238112,NA,NA,NA,NA,NA,NA
Iceland,2024,11.409982903201842,10.97959312595076,22.3895760291526,15.182694246193682,14.609996070383367,29.79269031657705,NA,NA,NA,NA,NA,NA
Iceland,2025,12.726992796020177,17.13919225114087,29.866185047161046,16.935173517329307,22.8062669141057,39.74144043143501,NA,NA,NA,NA,NA,NA
Idaho,1989,0.0,0.0,0.0,0.0,0.0,0.0,0.0,0.0,0.0,0.0,0.0,0.0
Idaho,1990,0.0,0.0,0.0,0.0,0.0,0.0,0.0,0.0,0.0,0.0,0.0,0.0
Idaho,1991,0.0,0.0,0.0,0.0,0.0,0.0,0.0,0.0,0.0,0.0,0.0,0.0
Idaho,1992,0.0,0.0,0.0,0.0,0.0,0.0,0.0,0.0,0.0,0.0,0.0,0.0
Idaho,1993,0.0,0.0,0.0,0.0,0.0,0.0,0.0,0.0,0.0,0.0,0.0,0.0
Idaho,1994,0.0,0.0,0.0,0.0,0.0,0.0,0.0,0.0,0.0,0.0,0.0,0.0
Idaho,1995,0.0,0.0,0.0,0.0,0.0,0.0,0.0,0.0,0.0,0.0,0.0,0.0
Idaho,1996,0.0,0.0,0.0,0.0,0.0,0.0,0.0,0.0,0.0,0.0,0.0,0.0
Idaho,1997,0.0,0.0,0.0,0.0,0.0,0.0,0.0,0.0,0.0,0.0,0.0,0.0
Idaho,1998,0.0,0.0,0.0,0.0,0.0,0.0,0.0,0.0,0.0,0.0,0.0,0.0
Idaho,1999,0.0,0.0,0.0,0.0,0.0,0.0,0.0,0.0,0.0,0.0,0.0,0.0
Idaho,2000,0.0,0.0,0.0,0.0,0.0,0.0,0.0,0.0,0.0,0.0,0.0,0.0
Idaho,2001,0.0,0.0,0.0,0.0,0.0,0.0,0.0,0.0,0.0,0.0,0.0,0.0
Idaho,2002,0.0,0.0,0.0,0.0,0.0,0.0,0.0,0.0,0.0,0.0,0.0,0.0
Idaho,2003,0.0,0.0,0.0,0.0,0.0,0.0,0.0,0.0,0.0,0.0,0.0,0.0
Idaho,2004,0.0,0.0,0.0,0.0,0.0,0.0,0.0,0.0,0.0,0.0,0.0,0.0
Idaho,2005,0.0,0.0,0.0,0.0,0.0,0.0,0.0,0.0,0.0,0.0,0.0,0.0
Idaho,2006,0.0,0.0,0.0,0.0,0.0,0.0,0.0,0.0,0.0,0.0,0.0,0.0
Idaho,2007,0.0,0.0,0.0,0.0,0.0,0.0,0.0,0.0,0.0,0.0,0.0,0.0
Idaho,2008,0.0,0.0,0.0,0.0,0.0,0.0,0.0,0.0,0.0,0.0,0.0,0.0
Idaho,2009,0.0,0.0,0.0,0.0,0.0,0.0,0.0,0.0,0.0,0.0,0.0,0.0
Idaho,2010,0.0,0.0,0.0,0.0,0.0,0.0,0.0,0.0,0.0,0.0,0.0,0.0
Idaho,2011,0.0,0.0,0.0,0.0,0.0,0.0,0.0,0.0,0.0,0.0,0.0,0.0
Idaho,2012,0.0,0.0,0.0,0.0,0.0,0.0,0.0,0.0,0.0,0.0,0.0,0.0
Idaho,2013,0.0,0.0,0.0,0.0,0.0,0.0,0.0,0.0,0.0,0.0,0.0,0.0
Idaho,2014,0.0,0.0,0.0,0.0,0.0,0.0,0.0,0.0,0.0,0.0,0.0,0.0
Idaho,2015,0.0,0.0,0.0,0.0,0.0,0.0,0.0,0.0,0.0,0.0,0.0,0.0
Idaho,2016,0.0,0.0,0.0,0.0,0.0,0.0,0.0,0.0,0.0,0.0,0.0,0.0
Idaho,2017,0.0,0.0,0.0,0.0,0.0,0.0,0.0,0.0,0.0,0.0,0.0,0.0
Idaho,2018,0.0,0.0,0.0,0.0,0.0,0.0,0.0,0.0,0.0,0.0,0.0,0.0
Idaho,2019,0.0,0.0,0.0,0.0,0.0,0.0,0.0,0.0,0.0,0.0,0.0,0.0
Idaho,2020,0.0,0.0,0.0,0.0,0.0,0.0,0.0,0.0,0.0,0.0,0.0,0.0
Idaho,2021,0.0,0.0,0.0,0.0,0.0,0.0,0.0,0.0,0.0,0.0,0.0,0.0
Idaho,2022,0.0,0.0,0.0,0.0,0.0,0.0,0.0,0.0,0.0,0.0,0.0,0.0
Idaho,2023,0.0,0.0,0.0,0.0,0.0,0.0,0.0,0.0,0.0,0.0,0.0,0.0
Idaho,2024,0.0,0.0,0.0,0.0,0.0,0.0,0.0,0.0,0.0,0.0,0.0,0.0
Idaho,2025,0.0,0.0,0.0,0.0,0.0,0.0,0.0,0.0,0.0,0.0,0.0,0.0
Illinois,1989,0.0,0.0,0.0,0.0,0.0,0.0,0.0,0.0,0.0,0.0,0.0,0.0
Illinois,1990,0.0,0.0,0.0,0.0,0.0,0.0,0.0,0.0,0.0,0.0,0.0,0.0
Illinois,1991,0.0,0.0,0.0,0.0,0.0,0.0,0.0,0.0,0.0,0.0,0.0,0.0
Illinois,1992,0.0,0.0,0.0,0.0,0.0,0.0,0.0,0.0,0.0,0.0,0.0,0.0
Illinois,1993,0.0,0.0,0.0,0.0,0.0,0.0,0.0,0.0,0.0,0.0,0.0,0.0
Illinois,1994,0.0,0.0,0.0,0.0,0.0,0.0,0.0,0.0,0.0,0.0,0.0,0.0
Illinois,1995,0.0,0.0,0.0,0.0,0.0,0.0,0.0,0.0,0.0,0.0,0.0,0.0
Illinois,1996,0.0,0.0,0.0,0.0,0.0,0.0,0.0,0.0,0.0,0.0,0.0,0.0
Illinois,1997,0.0,0.0,0.0,0.0,0.0,0.0,0.0,0.0,0.0,0.0,0.0,0.0
Illinois,1998,0.0,0.0,0.0,0.0,0.0,0.0,0.0,0.0,0.0,0.0,0.0,0.0
Illinois,1999,0.0,0.0,0.0,0.0,0.0,0.0,0.0,0.0,0.0,0.0,0.0,0.0
Illinois,2000,0.0,0.0,0.0,0.0,0.0,0.0,0.0,0.0,0.0,0.0,0.0,0.0
Illinois,2001,0.0,0.0,0.0,0.0,0.0,0.0,0.0,0.0,0.0,0.0,0.0,0.0
Illinois,2002,0.0,0.0,0.0,0.0,0.0,0.0,0.0,0.0,0.0,0.0,0.0,0.0
Illinois,2003,0.0,0.0,0.0,0.0,0.0,0.0,0.0,0.0,0.0,0.0,0.0,0.0
Illinois,2004,0.0,0.0,0.0,0.0,0.0,0.0,0.0,0.0,0.0,0.0,0.0,0.0
Illinois,2005,0.0,0.0,0.0,0.0,0.0,0.0,0.0,0.0,0.0,0.0,0.0,0.0
Illinois,2006,0.0,0.0,0.0,0.0,0.0,0.0,0.0,0.0,0.0,0.0,0.0,0.0
Illinois,2007,0.0,0.0,0.0,0.0,0.0,0.0,0.0,0.0,0.0,0.0,0.0,0.0
Illinois,2008,0.0,0.0,0.0,0.0,0.0,0.0,0.0,0.0,0.0,0.0,0.0,0.0
Illinois,2009,0.0,0.0,0.0,0.0,0.0,0.0,0.0,0.0,0.0,0.0,0.0,0.0
Illinois,2010,0.0,0.0,0.0,0.0,0.0,0.0,0.0,0.0,0.0,0.0,0.0,0.0
Illinois,2011,0.0,0.0,0.0,0.0,0.0,0.0,0.0,0.0,0.0,0.0,0.0,0.0
Illinois,2012,0.0,0.0,0.0,0.0,0.0,0.0,0.0,0.0,0.0,0.0,0.0,0.0
Illinois,2013,0.0,0.0,0.0,0.0,0.0,0.0,0.0,0.0,0.0,0.0,0.0,0.0
Illinois,2014,0.0,0.0,0.0,0.0,0.0,0.0,0.0,0.0,0.0,0.0,0.0,0.0
Illinois,2015,0.0,0.0,0.0,0.0,0.0,0.0,0.0,0.0,0.0,0.0,0.0,0.0
Illinois,2016,0.0,0.0,0.0,0.0,0.0,0.0,0.0,0.0,0.0,0.0,0.0,0.0
Illinois,2017,0.0,0.0,0.0,0.0,0.0,0.0,0.0,0.0,0.0,0.0,0.0,0.0
Illinois,2018,0.0,0.0,0.0,0.0,0.0,0.0,0.0,0.0,0.0,0.0,0.0,0.0
Illinois,2019,0.0,0.0,0.0,0.0,0.0,0.0,0.0,0.0,0.0,0.0,0.0,0.0
Illinois,2020,0.0,0.0,0.0,0.0,0.0,0.0,0.0,0.0,0.0,0.0,0.0,0.0
Illinois,2021,0.0,0.0,0.0,0.0,0.0,0.0,0.0,0.0,0.0,0.0,0.0,0.0
Illinois,2022,0.0,0.0,0.0,0.0,0.0,0.0,0.0,0.0,0.0,0.0,0.0,0.0
Illinois,2023,0.0,0.0,0.0,0.0,0.0,0.0,0.0,0.0,0.0,0.0,0.0,0.0
Illinois,2024,0.0,0.0,0.0,0.0,0.0,0.0,0.0,0.0,0.0,0.0,0.0,0.0
Illinois,2025,0.0,0.0,0.0,0.0,0.0,0.0,0.0,0.0,0.0,0.0,0.0,0.0
India,1989,0.0,0.0,0.0,0.0,0.0,0.0,NA,NA,NA,NA,NA,NA
India,1990,0.0,0.0,0.0,0.0,0.0,0.0,NA,NA,NA,NA,NA,NA
India,1991,0.0,0.0,0.0,0.0,0.0,0.0,NA,NA,NA,NA,NA,NA
India,1992,0.0,0.0,0.0,0.0,0.0,0.0,NA,NA,NA,NA,NA,NA
India,1993,0.0,0.0,0.0,0.0,0.0,0.0,NA,NA,NA,NA,NA,NA
India,1994,0.0,0.0,0.0,0.0,0.0,0.0,NA,NA,NA,NA,NA,NA
India,1995,0.0,0.0,0.0,0.0,0.0,0.0,NA,NA,NA,NA,NA,NA
India,1996,0.0,0.0,0.0,0.0,0.0,0.0,NA,NA,NA,NA,NA,NA
India,1997,0.0,0.0,0.0,0.0,0.0,0.0,NA,NA,NA,NA,NA,NA
India,1998,0.0,0.0,0.0,0.0,0.0,0.0,NA,NA,NA,NA,NA,NA
India,1999,0.0,0.0,0.0,0.0,0.0,0.0,NA,NA,NA,NA,NA,NA
India,2000,0.0,0.0,0.0,0.0,0.0,0.0,NA,NA,NA,NA,NA,NA
India,2001,0.0,0.0,0.0,0.0,0.0,0.0,NA,NA,NA,NA,NA,NA
India,2002,0.0,0.0,0.0,0.0,0.0,0.0,NA,NA,NA,NA,NA,NA
India,2003,0.0,0.0,0.0,0.0,0.0,0.0,NA,NA,NA,NA,NA,NA
India,2004,0.0,0.0,0.0,0.0,0.0,0.0,NA,NA,NA,NA,NA,NA
India,2005,0.0,0.0,0.0,0.0,0.0,0.0,NA,NA,NA,NA,NA,NA
India,2006,0.0,0.0,0.0,0.0,0.0,0.0,NA,NA,NA,NA,NA,NA
India,2007,0.0,0.0,0.0,0.0,0.0,0.0,NA,NA,NA,NA,NA,NA
India,2008,0.0,0.0,0.0,0.0,0.0,0.0,NA,NA,NA,NA,NA,NA
India,2009,0.0,0.0,0.0,0.0,0.0,0.0,NA,NA,NA,NA,NA,NA
India,2010,0.0,0.0,0.0,0.0,0.0,0.0,NA,NA,NA,NA,NA,NA
India,2011,0.0,0.0,0.0,0.0,0.0,0.0,NA,NA,NA,NA,NA,NA
India,2012,0.0,0.0,0.0,0.0,0.0,0.0,NA,NA,NA,NA,NA,NA
India,2013,0.0,0.0,0.0,0.0,0.0,0.0,NA,NA,NA,NA,NA,NA
India,2014,0.0,0.0,0.0,0.0,0.0,0.0,NA,NA,NA,NA,NA,NA
India,2015,0.0,0.0,0.0,0.0,0.0,0.0,NA,NA,NA,NA,NA,NA
India,2016,0.0,0.0,0.0,0.0,0.0,0.0,NA,NA,NA,NA,NA,NA
India,2017,0.0,0.0,0.0,0.0,0.0,0.0,NA,NA,NA,NA,NA,NA
India,2018,0.0,0.0,0.0,0.0,0.0,0.0,NA,NA,NA,NA,NA,NA
India,2019,0.0,0.0,0.0,0.0,0.0,0.0,NA,NA,NA,NA,NA,NA
India,2020,0.0,0.0,0.0,0.0,0.0,0.0,NA,NA,NA,NA,NA,NA
India,2021,0.0,0.0,0.0,0.0,0.0,0.0,NA,NA,NA,NA,NA,NA
India,2022,0.0,0.0,0.0,0.0,0.0,0.0,NA,NA,NA,NA,NA,NA
India,2023,0.0,0.0,0.0,0.0,0.0,0.0,NA,NA,NA,NA,NA,NA
India,2024,0.0,0.0,0.0,0.0,0.0,0.0,NA,NA,NA,NA,NA,NA
India,2025,0.0,0.0,0.0,0.0,0.0,0.0,NA,NA,NA,NA,NA,NA
Indiana,1989,0.0,0.0,0.0,0.0,0.0,0.0,0.0,0.0,0.0,0.0,0.0,0.0
Indiana,1990,0.0,0.0,0.0,0.0,0.0,0.0,0.0,0.0,0.0,0.0,0.0,0.0
Indiana,1991,0.0,0.0,0.0,0.0,0.0,0.0,0.0,0.0,0.0,0.0,0.0,0.0
Indiana,1992,0.0,0.0,0.0,0.0,0.0,0.0,0.0,0.0,0.0,0.0,0.0,0.0
Indiana,1993,0.0,0.0,0.0,0.0,0.0,0.0,0.0,0.0,0.0,0.0,0.0,0.0
Indiana,1994,0.0,0.0,0.0,0.0,0.0,0.0,0.0,0.0,0.0,0.0,0.0,0.0
Indiana,1995,0.0,0.0,0.0,0.0,0.0,0.0,0.0,0.0,0.0,0.0,0.0,0.0
Indiana,1996,0.0,0.0,0.0,0.0,0.0,0.0,0.0,0.0,0.0,0.0,0.0,0.0
Indiana,1997,0.0,0.0,0.0,0.0,0.0,0.0,0.0,0.0,0.0,0.0,0.0,0.0
Indiana,1998,0.0,0.0,0.0,0.0,0.0,0.0,0.0,0.0,0.0,0.0,0.0,0.0
Indiana,1999,0.0,0.0,0.0,0.0,0.0,0.0,0.0,0.0,0.0,0.0,0.0,0.0
Indiana,2000,0.0,0.0,0.0,0.0,0.0,0.0,0.0,0.0,0.0,0.0,0.0,0.0
Indiana,2001,0.0,0.0,0.0,0.0,0.0,0.0,0.0,0.0,0.0,0.0,0.0,0.0
Indiana,2002,0.0,0.0,0.0,0.0,0.0,0.0,0.0,0.0,0.0,0.0,0.0,0.0
Indiana,2003,0.0,0.0,0.0,0.0,0.0,0.0,0.0,0.0,0.0,0.0,0.0,0.0
Indiana,2004,0.0,0.0,0.0,0.0,0.0,0.0,0.0,0.0,0.0,0.0,0.0,0.0
Indiana,2005,0.0,0.0,0.0,0.0,0.0,0.0,0.0,0.0,0.0,0.0,0.0,0.0
Indiana,2006,0.0,0.0,0.0,0.0,0.0,0.0,0.0,0.0,0.0,0.0,0.0,0.0
Indiana,2007,0.0,0.0,0.0,0.0,0.0,0.0,0.0,0.0,0.0,0.0,0.0,0.0
Indiana,2008,0.0,0.0,0.0,0.0,0.0,0.0,0.0,0.0,0.0,0.0,0.0,0.0
Indiana,2009,0.0,0.0,0.0,0.0,0.0,0.0,0.0,0.0,0.0,0.0,0.0,0.0
Indiana,2010,0.0,0.0,0.0,0.0,0.0,0.0,0.0,0.0,0.0,0.0,0.0,0.0
Indiana,2011,0.0,0.0,0.0,0.0,0.0,0.0,0.0,0.0,0.0,0.0,0.0,0.0
Indiana,2012,0.0,0.0,0.0,0.0,0.0,0.0,0.0,0.0,0.0,0.0,0.0,0.0
Indiana,2013,0.0,0.0,0.0,0.0,0.0,0.0,0.0,0.0,0.0,0.0,0.0,0.0
Indiana,2014,0.0,0.0,0.0,0.0,0.0,0.0,0.0,0.0,0.0,0.0,0.0,0.0
Indiana,2015,0.0,0.0,0.0,0.0,0.0,0.0,0.0,0.0,0.0,0.0,0.0,0.0
Indiana,2016,0.0,0.0,0.0,0.0,0.0,0.0,0.0,0.0,0.0,0.0,0.0,0.0
Indiana,2017,0.0,0.0,0.0,0.0,0.0,0.0,0.0,0.0,0.0,0.0,0.0,0.0
Indiana,2018,0.0,0.0,0.0,0.0,0.0,0.0,0.0,0.0,0.0,0.0,0.0,0.0
Indiana,2019,0.0,0.0,0.0,0.0,0.0,0.0,0.0,0.0,0.0,0.0,0.0,0.0
Indiana,2020,0.0,0.0,0.0,0.0,0.0,0.0,0.0,0.0,0.0,0.0,0.0,0.0
Indiana,2021,0.0,0.0,0.0,0.0,0.0,0.0,0.0,0.0,0.0,0.0,0.0,0.0
Indiana,2022,0.0,0.0,0.0,0.0,0.0,0.0,0.0,0.0,0.0,0.0,0.0,0.0
Indiana,2023,0.0,0.0,0.0,0.0,0.0,0.0,0.0,0.0,0.0,0.0,0.0,0.0
Indiana,2024,0.0,0.0,0.0,0.0,0.0,0.0,0.0,0.0,0.0,0.0,0.0,0.0
Indiana,2025,0.0,0.0,0.0,0.0,0.0,0.0,0.0,0.0,0.0,0.0,0.0,0.0
Indonesia,1989,0.0,0.0,0.0,0.0,0.0,0.0,NA,NA,NA,NA,NA,NA
Indonesia,1990,0.0,0.0,0.0,0.0,0.0,0.0,NA,NA,NA,NA,NA,NA
Indonesia,1991,0.0,0.0,0.0,0.0,0.0,0.0,NA,NA,NA,NA,NA,NA
Indonesia,1992,0.0,0.0,0.0,0.0,0.0,0.0,NA,NA,NA,NA,NA,NA
Indonesia,1993,0.0,0.0,0.0,0.0,0.0,0.0,NA,NA,NA,NA,NA,NA
Indonesia,1994,0.0,0.0,0.0,0.0,0.0,0.0,NA,NA,NA,NA,NA,NA
Indonesia,1995,0.0,0.0,0.0,0.0,0.0,0.0,NA,NA,NA,NA,NA,NA
Indonesia,1996,0.0,0.0,0.0,0.0,0.0,0.0,NA,NA,NA,NA,NA,NA
Indonesia,1997,0.0,0.0,0.0,0.0,0.0,0.0,NA,NA,NA,NA,NA,NA
Indonesia,1998,0.0,0.0,0.0,0.0,0.0,0.0,NA,NA,NA,NA,NA,NA
Indonesia,1999,0.0,0.0,0.0,0.0,0.0,0.0,NA,NA,NA,NA,NA,NA
Indonesia,2000,0.0,0.0,0.0,0.0,0.0,0.0,NA,NA,NA,NA,NA,NA
Indonesia,2001,0.0,0.0,0.0,0.0,0.0,0.0,NA,NA,NA,NA,NA,NA
Indonesia,2002,0.0,0.0,0.0,0.0,0.0,0.0,NA,NA,NA,NA,NA,NA
Indonesia,2003,0.0,0.0,0.0,0.0,0.0,0.0,NA,NA,NA,NA,NA,NA
Indonesia,2004,0.0,0.0,0.0,0.0,0.0,0.0,NA,NA,NA,NA,NA,NA
Indonesia,2005,0.0,0.0,0.0,0.0,0.0,0.0,NA,NA,NA,NA,NA,NA
Indonesia,2006,0.0,0.0,0.0,0.0,0.0,0.0,NA,NA,NA,NA,NA,NA
Indonesia,2007,0.0,0.0,0.0,0.0,0.0,0.0,NA,NA,NA,NA,NA,NA
Indonesia,2008,0.0,0.0,0.0,0.0,0.0,0.0,NA,NA,NA,NA,NA,NA
Indonesia,2009,0.0,0.0,0.0,0.0,0.0,0.0,NA,NA,NA,NA,NA,NA
Indonesia,2010,0.0,0.0,0.0,0.0,0.0,0.0,NA,NA,NA,NA,NA,NA
Indonesia,2011,0.0,0.0,0.0,0.0,0.0,0.0,NA,NA,NA,NA,NA,NA
Indonesia,2012,0.0,0.0,0.0,0.0,0.0,0.0,NA,NA,NA,NA,NA,NA
Indonesia,2013,0.0,0.0,0.0,0.0,0.0,0.0,NA,NA,NA,NA,NA,NA
Indonesia,2014,0.0,0.0,0.0,0.0,0.0,0.0,NA,NA,NA,NA,NA,NA
Indonesia,2015,0.0,0.0,0.0,0.0,0.0,0.0,NA,NA,NA,NA,NA,NA
Indonesia,2016,0.0,0.0,0.0,0.0,0.0,0.0,NA,NA,NA,NA,NA,NA
Indonesia,2017,0.0,0.0,0.0,0.0,0.0,0.0,NA,NA,NA,NA,NA,NA
Indonesia,2018,0.0,0.0,0.0,0.0,0.0,0.0,NA,NA,NA,NA,NA,NA
Indonesia,2019,0.0,0.0,0.0,0.0,0.0,0.0,NA,NA,NA,NA,NA,NA
Indonesia,2020,0.0,0.0,0.0,0.0,0.0,0.0,NA,NA,NA,NA,NA,NA
Indonesia,2021,0.0,0.0,0.0,0.0,0.0,0.0,NA,NA,NA,NA,NA,NA
Indonesia,2022,0.0,0.0,0.0,0.0,0.0,0.0,NA,NA,NA,NA,NA,NA
Indonesia,2023,0.0,0.0,0.0,0.0,0.0,0.0,NA,NA,NA,NA,NA,NA
Indonesia,2024,0.0,0.0,0.0,0.0,0.0,0.0,NA,NA,NA,NA,NA,NA
Indonesia,2025,0.0,0.0,0.0,0.0,0.0,0.0,NA,NA,NA,NA,NA,NA
Inner Mongolia Autonomous Region,1989,0.0,0.0,0.0,0.0,0.0,0.0,0.0,0.0,0.0,0.0,0.0,0.0
Inner Mongolia Autonomous Region,1990,0.0,0.0,0.0,0.0,0.0,0.0,0.0,0.0,0.0,0.0,0.0,0.0
Inner Mongolia Autonomous Region,1991,0.0,0.0,0.0,0.0,0.0,0.0,0.0,0.0,0.0,0.0,0.0,0.0
Inner Mongolia Autonomous Region,1992,0.0,0.0,0.0,0.0,0.0,0.0,0.0,0.0,0.0,0.0,0.0,0.0
Inner Mongolia Autonomous Region,1993,0.0,0.0,0.0,0.0,0.0,0.0,0.0,0.0,0.0,0.0,0.0,0.0
Inner Mongolia Autonomous Region,1994,0.0,0.0,0.0,0.0,0.0,0.0,0.0,0.0,0.0,0.0,0.0,0.0
Inner Mongolia Autonomous Region,1995,0.0,0.0,0.0,0.0,0.0,0.0,0.0,0.0,0.0,0.0,0.0,0.0
Inner Mongolia Autonomous Region,1996,0.0,0.0,0.0,0.0,0.0,0.0,0.0,0.0,0.0,0.0,0.0,0.0
Inner Mongolia Autonomous Region,1997,0.0,0.0,0.0,0.0,0.0,0.0,0.0,0.0,0.0,0.0,0.0,0.0
Inner Mongolia Autonomous Region,1998,0.0,0.0,0.0,0.0,0.0,0.0,0.0,0.0,0.0,0.0,0.0,0.0
Inner Mongolia Autonomous Region,1999,0.0,0.0,0.0,0.0,0.0,0.0,0.0,0.0,0.0,0.0,0.0,0.0
Inner Mongolia Autonomous Region,2000,0.0,0.0,0.0,0.0,0.0,0.0,0.0,0.0,0.0,0.0,0.0,0.0
Inner Mongolia Autonomous Region,2001,0.0,0.0,0.0,0.0,0.0,0.0,0.0,0.0,0.0,0.0,0.0,0.0
Inner Mongolia Autonomous Region,2002,0.0,0.0,0.0,0.0,0.0,0.0,0.0,0.0,0.0,0.0,0.0,0.0
Inner Mongolia Autonomous Region,2003,0.0,0.0,0.0,0.0,0.0,0.0,0.0,0.0,0.0,0.0,0.0,0.0
Inner Mongolia Autonomous Region,2004,0.0,0.0,0.0,0.0,0.0,0.0,0.0,0.0,0.0,0.0,0.0,0.0
Inner Mongolia Autonomous Region,2005,0.0,0.0,0.0,0.0,0.0,0.0,0.0,0.0,0.0,0.0,0.0,0.0
Inner Mongolia Autonomous Region,2006,0.0,0.0,0.0,0.0,0.0,0.0,0.0,0.0,0.0,0.0,0.0,0.0
Inner Mongolia Autonomous Region,2007,0.0,0.0,0.0,0.0,0.0,0.0,0.0,0.0,0.0,0.0,0.0,0.0
Inner Mongolia Autonomous Region,2008,0.0,0.0,0.0,0.0,0.0,0.0,0.0,0.0,0.0,0.0,0.0,0.0
Inner Mongolia Autonomous Region,2009,0.0,0.0,0.0,0.0,0.0,0.0,0.0,0.0,0.0,0.0,0.0,0.0
Inner Mongolia Autonomous Region,2010,0.0,0.0,0.0,0.0,0.0,0.0,0.0,0.0,0.0,0.0,0.0,0.0
Inner Mongolia Autonomous Region,2011,0.0,0.0,0.0,0.0,0.0,0.0,0.0,0.0,0.0,0.0,0.0,0.0
Inner Mongolia Autonomous Region,2012,0.0,0.0,0.0,0.0,0.0,0.0,0.0,0.0,0.0,0.0,0.0,0.0
Inner Mongolia Autonomous Region,2013,0.0,0.0,0.0,0.0,0.0,0.0,0.0,0.0,0.0,0.0,0.0,0.0
Inner Mongolia Autonomous Region,2014,0.0,0.0,0.0,0.0,0.0,0.0,0.0,0.0,0.0,0.0,0.0,0.0
Inner Mongolia Autonomous Region,2015,0.0,0.0,0.0,0.0,0.0,0.0,0.0,0.0,0.0,0.0,0.0,0.0
Inner Mongolia Autonomous Region,2016,0.0,0.0,0.0,0.0,0.0,0.0,0.0,0.0,0.0,0.0,0.0,0.0
Inner Mongolia Autonomous Region,2017,0.0,0.0,0.0,0.0,0.0,0.0,0.0,0.0,0.0,0.0,0.0,0.0
Inner Mongolia Autonomous Region,2018,0.0,0.0,0.0,0.0,0.0,0.0,0.0,0.0,0.0,0.0,0.0,0.0
Inner Mongolia Autonomous Region,2019,0.0,0.0,0.0,0.0,0.0,0.0,0.0,0.0,0.0,0.0,0.0,0.0
Inner Mongolia Autonomous Region,2020,0.0,0.0,0.0,0.0,0.0,0.0,0.0,0.0,0.0,0.0,0.0,0.0
Inner Mongolia Autonomous Region,2021,0.0,0.0,0.0,0.0,0.0,0.0,0.0,0.0,0.0,0.0,0.0,0.0
Inner Mongolia Autonomous Region,2022,0.0,0.0,0.0,0.0,0.0,0.0,0.0,0.0,0.0,0.0,0.0,0.0
Inner Mongolia Autonomous Region,2023,0.0,0.0,0.0,0.0,0.0,0.0,0.0,0.0,0.0,0.0,0.0,0.0
Inner Mongolia Autonomous Region,2024,0.0,0.0,0.0,0.0,0.0,0.0,0.0,0.0,0.0,0.0,0.0,0.0
Inner Mongolia Autonomous Region,2025,0.0,0.0,0.0,0.0,0.0,0.0,0.0,0.0,0.0,0.0,0.0,0.0
Iowa,1989,0.0,0.0,0.0,0.0,0.0,0.0,0.0,0.0,0.0,0.0,0.0,0.0
Iowa,1990,0.0,0.0,0.0,0.0,0.0,0.0,0.0,0.0,0.0,0.0,0.0,0.0
Iowa,1991,0.0,0.0,0.0,0.0,0.0,0.0,0.0,0.0,0.0,0.0,0.0,0.0
Iowa,1992,0.0,0.0,0.0,0.0,0.0,0.0,0.0,0.0,0.0,0.0,0.0,0.0
Iowa,1993,0.0,0.0,0.0,0.0,0.0,0.0,0.0,0.0,0.0,0.0,0.0,0.0
Iowa,1994,0.0,0.0,0.0,0.0,0.0,0.0,0.0,0.0,0.0,0.0,0.0,0.0
Iowa,1995,0.0,0.0,0.0,0.0,0.0,0.0,0.0,0.0,0.0,0.0,0.0,0.0
Iowa,1996,0.0,0.0,0.0,0.0,0.0,0.0,0.0,0.0,0.0,0.0,0.0,0.0
Iowa,1997,0.0,0.0,0.0,0.0,0.0,0.0,0.0,0.0,0.0,0.0,0.0,0.0
Iowa,1998,0.0,0.0,0.0,0.0,0.0,0.0,0.0,0.0,0.0,0.0,0.0,0.0
Iowa,1999,0.0,0.0,0.0,0.0,0.0,0.0,0.0,0.0,0.0,0.0,0.0,0.0
Iowa,2000,0.0,0.0,0.0,0.0,0.0,0.0,0.0,0.0,0.0,0.0,0.0,0.0
Iowa,2001,0.0,0.0,0.0,0.0,0.0,0.0,0.0,0.0,0.0,0.0,0.0,0.0
Iowa,2002,0.0,0.0,0.0,0.0,0.0,0.0,0.0,0.0,0.0,0.0,0.0,0.0
Iowa,2003,0.0,0.0,0.0,0.0,0.0,0.0,0.0,0.0,0.0,0.0,0.0,0.0
Iowa,2004,0.0,0.0,0.0,0.0,0.0,0.0,0.0,0.0,0.0,0.0,0.0,0.0
Iowa,2005,0.0,0.0,0.0,0.0,0.0,0.0,0.0,0.0,0.0,0.0,0.0,0.0
Iowa,2006,0.0,0.0,0.0,0.0,0.0,0.0,0.0,0.0,0.0,0.0,0.0,0.0
Iowa,2007,0.0,0.0,0.0,0.0,0.0,0.0,0.0,0.0,0.0,0.0,0.0,0.0
Iowa,2008,0.0,0.0,0.0,0.0,0.0,0.0,0.0,0.0,0.0,0.0,0.0,0.0
Iowa,2009,0.0,0.0,0.0,0.0,0.0,0.0,0.0,0.0,0.0,0.0,0.0,0.0
Iowa,2010,0.0,0.0,0.0,0.0,0.0,0.0,0.0,0.0,0.0,0.0,0.0,0.0
Iowa,2011,0.0,0.0,0.0,0.0,0.0,0.0,0.0,0.0,0.0,0.0,0.0,0.0
Iowa,2012,0.0,0.0,0.0,0.0,0.0,0.0,0.0,0.0,0.0,0.0,0.0,0.0
Iowa,2013,0.0,0.0,0.0,0.0,0.0,0.0,0.0,0.0,0.0,0.0,0.0,0.0
Iowa,2014,0.0,0.0,0.0,0.0,0.0,0.0,0.0,0.0,0.0,0.0,0.0,0.0
Iowa,2015,0.0,0.0,0.0,0.0,0.0,0.0,0.0,0.0,0.0,0.0,0.0,0.0
Iowa,2016,0.0,0.0,0.0,0.0,0.0,0.0,0.0,0.0,0.0,0.0,0.0,0.0
Iowa,2017,0.0,0.0,0.0,0.0,0.0,0.0,0.0,0.0,0.0,0.0,0.0,0.0
Iowa,2018,0.0,0.0,0.0,0.0,0.0,0.0,0.0,0.0,0.0,0.0,0.0,0.0
Iowa,2019,0.0,0.0,0.0,0.0,0.0,0.0,0.0,0.0,0.0,0.0,0.0,0.0
Iowa,2020,0.0,0.0,0.0,0.0,0.0,0.0,0.0,0.0,0.0,0.0,0.0,0.0
Iowa,2021,0.0,0.0,0.0,0.0,0.0,0.0,0.0,0.0,0.0,0.0,0.0,0.0
Iowa,2022,0.0,0.0,0.0,0.0,0.0,0.0,0.0,0.0,0.0,0.0,0.0,0.0
Iowa,2023,0.0,0.0,0.0,0.0,0.0,0.0,0.0,0.0,0.0,0.0,0.0,0.0
Iowa,2024,0.0,0.0,0.0,0.0,0.0,0.0,0.0,0.0,0.0,0.0,0.0,0.0
Iowa,2025,0.0,0.0,0.0,0.0,0.0,0.0,0.0,0.0,0.0,0.0,0.0,0.0
"Iran, Islamic Rep.",1989,0.0,0.0,0.0,0.0,0.0,0.0,NA,NA,NA,NA,NA,NA
"Iran, Islamic Rep.",1990,0.0,0.0,0.0,0.0,0.0,0.0,NA,NA,NA,NA,NA,NA
"Iran, Islamic Rep.",1991,0.0,0.0,0.0,0.0,0.0,0.0,NA,NA,NA,NA,NA,NA
"Iran, Islamic Rep.",1992,0.0,0.0,0.0,0.0,0.0,0.0,NA,NA,NA,NA,NA,NA
"Iran, Islamic Rep.",1993,0.0,0.0,0.0,0.0,0.0,0.0,NA,NA,NA,NA,NA,NA
"Iran, Islamic Rep.",1994,0.0,0.0,0.0,0.0,0.0,0.0,NA,NA,NA,NA,NA,NA
"Iran, Islamic Rep.",1995,0.0,0.0,0.0,0.0,0.0,0.0,NA,NA,NA,NA,NA,NA
"Iran, Islamic Rep.",1996,0.0,0.0,0.0,0.0,0.0,0.0,NA,NA,NA,NA,NA,NA
"Iran, Islamic Rep.",1997,0.0,0.0,0.0,0.0,0.0,0.0,NA,NA,NA,NA,NA,NA
"Iran, Islamic Rep.",1998,0.0,0.0,0.0,0.0,0.0,0.0,NA,NA,NA,NA,NA,NA
"Iran, Islamic Rep.",1999,0.0,0.0,0.0,0.0,0.0,0.0,NA,NA,NA,NA,NA,NA
"Iran, Islamic Rep.",2000,0.0,0.0,0.0,0.0,0.0,0.0,NA,NA,NA,NA,NA,NA
"Iran, Islamic Rep.",2001,0.0,0.0,0.0,0.0,0.0,0.0,NA,NA,NA,NA,NA,NA
"Iran, Islamic Rep.",2002,0.0,0.0,0.0,0.0,0.0,0.0,NA,NA,NA,NA,NA,NA
"Iran, Islamic Rep.",2003,0.0,0.0,0.0,0.0,0.0,0.0,NA,NA,NA,NA,NA,NA
"Iran, Islamic Rep.",2004,0.0,0.0,0.0,0.0,0.0,0.0,NA,NA,NA,NA,NA,NA
"Iran, Islamic Rep.",2005,0.0,0.0,0.0,0.0,0.0,0.0,NA,NA,NA,NA,NA,NA
"Iran, Islamic Rep.",2006,0.0,0.0,0.0,0.0,0.0,0.0,NA,NA,NA,NA,NA,NA
"Iran, Islamic Rep.",2007,0.0,0.0,0.0,0.0,0.0,0.0,NA,NA,NA,NA,NA,NA
"Iran, Islamic Rep.",2008,0.0,0.0,0.0,0.0,0.0,0.0,NA,NA,NA,NA,NA,NA
"Iran, Islamic Rep.",2009,0.0,0.0,0.0,0.0,0.0,0.0,NA,NA,NA,NA,NA,NA
"Iran, Islamic Rep.",2010,0.0,0.0,0.0,0.0,0.0,0.0,NA,NA,NA,NA,NA,NA
"Iran, Islamic Rep.",2011,0.0,0.0,0.0,0.0,0.0,0.0,NA,NA,NA,NA,NA,NA
"Iran, Islamic Rep.",2012,0.0,0.0,0.0,0.0,0.0,0.0,NA,NA,NA,NA,NA,NA
"Iran, Islamic Rep.",2013,0.0,0.0,0.0,0.0,0.0,0.0,NA,NA,NA,NA,NA,NA
"Iran, Islamic Rep.",2014,0.0,0.0,0.0,0.0,0.0,0.0,NA,NA,NA,NA,NA,NA
"Iran, Islamic Rep.",2015,0.0,0.0,0.0,0.0,0.0,0.0,NA,NA,NA,NA,NA,NA
"Iran, Islamic Rep.",2016,0.0,0.0,0.0,0.0,0.0,0.0,NA,NA,NA,NA,NA,NA
"Iran, Islamic Rep.",2017,0.0,0.0,0.0,0.0,0.0,0.0,NA,NA,NA,NA,NA,NA
"Iran, Islamic Rep.",2018,0.0,0.0,0.0,0.0,0.0,0.0,NA,NA,NA,NA,NA,NA
"Iran, Islamic Rep.",2019,0.0,0.0,0.0,0.0,0.0,0.0,NA,NA,NA,NA,NA,NA
"Iran, Islamic Rep.",2020,0.0,0.0,0.0,0.0,0.0,0.0,NA,NA,NA,NA,NA,NA
"Iran, Islamic Rep.",2021,0.0,0.0,0.0,0.0,0.0,0.0,NA,NA,NA,NA,NA,NA
"Iran, Islamic Rep.",2022,0.0,0.0,0.0,0.0,0.0,0.0,NA,NA,NA,NA,NA,NA
"Iran, Islamic Rep.",2023,0.0,0.0,0.0,0.0,0.0,0.0,NA,NA,NA,NA,NA,NA
"Iran, Islamic Rep.",2024,0.0,0.0,0.0,0.0,0.0,0.0,NA,NA,NA,NA,NA,NA
"Iran, Islamic Rep.",2025,0.0,0.0,0.0,0.0,0.0,0.0,NA,NA,NA,NA,NA,NA
Iraq,1989,0.0,0.0,0.0,0.0,0.0,0.0,NA,NA,NA,NA,NA,NA
Iraq,1990,0.0,0.0,0.0,0.0,0.0,0.0,NA,NA,NA,NA,NA,NA
Iraq,1991,0.0,0.0,0.0,0.0,0.0,0.0,NA,NA,NA,NA,NA,NA
Iraq,1992,0.0,0.0,0.0,0.0,0.0,0.0,NA,NA,NA,NA,NA,NA
Iraq,1993,0.0,0.0,0.0,0.0,0.0,0.0,NA,NA,NA,NA,NA,NA
Iraq,1994,0.0,0.0,0.0,0.0,0.0,0.0,NA,NA,NA,NA,NA,NA
Iraq,1995,0.0,0.0,0.0,0.0,0.0,0.0,NA,NA,NA,NA,NA,NA
Iraq,1996,0.0,0.0,0.0,0.0,0.0,0.0,NA,NA,NA,NA,NA,NA
Iraq,1997,0.0,0.0,0.0,0.0,0.0,0.0,NA,NA,NA,NA,NA,NA
Iraq,1998,0.0,0.0,0.0,0.0,0.0,0.0,NA,NA,NA,NA,NA,NA
Iraq,1999,0.0,0.0,0.0,0.0,0.0,0.0,NA,NA,NA,NA,NA,NA
Iraq,2000,0.0,0.0,0.0,0.0,0.0,0.0,NA,NA,NA,NA,NA,NA
Iraq,2001,0.0,0.0,0.0,0.0,0.0,0.0,NA,NA,NA,NA,NA,NA
Iraq,2002,0.0,0.0,0.0,0.0,0.0,0.0,NA,NA,NA,NA,NA,NA
Iraq,2003,0.0,0.0,0.0,0.0,0.0,0.0,NA,NA,NA,NA,NA,NA
Iraq,2004,0.0,0.0,0.0,0.0,0.0,0.0,NA,NA,NA,NA,NA,NA
Iraq,2005,0.0,0.0,0.0,0.0,0.0,0.0,NA,NA,NA,NA,NA,NA
Iraq,2006,0.0,0.0,0.0,0.0,0.0,0.0,NA,NA,NA,NA,NA,NA
Iraq,2007,0.0,0.0,0.0,0.0,0.0,0.0,NA,NA,NA,NA,NA,NA
Iraq,2008,0.0,0.0,0.0,0.0,0.0,0.0,NA,NA,NA,NA,NA,NA
Iraq,2009,0.0,0.0,0.0,0.0,0.0,0.0,NA,NA,NA,NA,NA,NA
Iraq,2010,0.0,0.0,0.0,0.0,0.0,0.0,NA,NA,NA,NA,NA,NA
Iraq,2011,0.0,0.0,0.0,0.0,0.0,0.0,NA,NA,NA,NA,NA,NA
Iraq,2012,0.0,0.0,0.0,0.0,0.0,0.0,NA,NA,NA,NA,NA,NA
Iraq,2013,0.0,0.0,0.0,0.0,0.0,0.0,NA,NA,NA,NA,NA,NA
Iraq,2014,0.0,0.0,0.0,0.0,0.0,0.0,NA,NA,NA,NA,NA,NA
Iraq,2015,0.0,0.0,0.0,0.0,0.0,0.0,NA,NA,NA,NA,NA,NA
Iraq,2016,0.0,0.0,0.0,0.0,0.0,0.0,NA,NA,NA,NA,NA,NA
Iraq,2017,0.0,0.0,0.0,0.0,0.0,0.0,NA,NA,NA,NA,NA,NA
Iraq,2018,0.0,0.0,0.0,0.0,0.0,0.0,NA,NA,NA,NA,NA,NA
Iraq,2019,0.0,0.0,0.0,0.0,0.0,0.0,NA,NA,NA,NA,NA,NA
Iraq,2020,0.0,0.0,0.0,0.0,0.0,0.0,NA,NA,NA,NA,NA,NA
Iraq,2021,0.0,0.0,0.0,0.0,0.0,0.0,NA,NA,NA,NA,NA,NA
Iraq,2022,0.0,0.0,0.0,0.0,0.0,0.0,NA,NA,NA,NA,NA,NA
Iraq,2023,0.0,0.0,0.0,0.0,0.0,0.0,NA,NA,NA,NA,NA,NA
Iraq,2024,0.0,0.0,0.0,0.0,0.0,0.0,NA,NA,NA,NA,NA,NA
Iraq,2025,0.0,0.0,0.0,0.0,0.0,0.0,NA,NA,NA,NA,NA,NA
Ireland,1989,0.0,0.0,0.0,0.0,0.0,0.0,NA,NA,NA,NA,NA,NA
Ireland,1990,0.0,0.0,0.0,0.0,0.0,0.0,NA,NA,NA,NA,NA,NA
Ireland,1991,0.0,0.0,0.0,0.0,0.0,0.0,NA,NA,NA,NA,NA,NA
Ireland,1992,0.0,0.0,0.0,0.0,0.0,0.0,NA,NA,NA,NA,NA,NA
Ireland,1993,0.0,0.0,0.0,0.0,0.0,0.0,NA,NA,NA,NA,NA,NA
Ireland,1994,0.0,0.0,0.0,0.0,0.0,0.0,NA,NA,NA,NA,NA,NA
Ireland,1995,0.0,0.0,0.0,0.0,0.0,0.0,NA,NA,NA,NA,NA,NA
Ireland,1996,0.0,0.0,0.0,0.0,0.0,0.0,NA,NA,NA,NA,NA,NA
Ireland,1997,0.0,0.0,0.0,0.0,0.0,0.0,NA,NA,NA,NA,NA,NA
Ireland,1998,0.0,0.0,0.0,0.0,0.0,0.0,NA,NA,NA,NA,NA,NA
Ireland,1999,0.0,0.0,0.0,0.0,0.0,0.0,NA,NA,NA,NA,NA,NA
Ireland,2000,0.0,0.0,0.0,0.0,0.0,0.0,NA,NA,NA,NA,NA,NA
Ireland,2001,0.0,0.0,0.0,0.0,0.0,0.0,NA,NA,NA,NA,NA,NA
Ireland,2002,0.0,0.0,0.0,0.0,0.0,0.0,NA,NA,NA,NA,NA,NA
Ireland,2003,0.0,0.0,0.0,0.0,0.0,0.0,NA,NA,NA,NA,NA,NA
Ireland,2004,0.0,0.0,0.0,0.0,0.0,0.0,NA,NA,NA,NA,NA,NA
Ireland,2005,7.1556555240429764,0.0,7.1556555240429764,12.32824934009398,0.0,12.32824934009398,NA,NA,NA,NA,NA,NA
Ireland,2006,5.789803026571002,0.0,5.789803026571002,9.975065890436985,0.0,9.975065890436985,NA,NA,NA,NA,NA,NA
Ireland,2007,0.21788891290014462,0.0,0.21788891290014462,0.375393817889838,0.0,0.375393817889838,NA,NA,NA,NA,NA,NA
Ireland,2008,5.766836593647324,0.0,5.766836593647324,9.935497759944354,0.0,9.935497759944354,NA,NA,NA,NA,NA,NA
Ireland,2009,4.574854116841852,0.0,4.574854116841852,7.881869390928362,0.0,7.881869390928362,NA,NA,NA,NA,NA,NA
Ireland,2010,5.13564461569773,5.826257875306077,10.961902491003809,8.84803735055434,10.03787277980601,18.88591013036035,NA,NA,NA,NA,NA,NA
Ireland,2011,4.549430868097656,5.71961353026641,10.269044398364066,7.8380684912762515,9.85413865901966,17.69220715029591,NA,NA,NA,NA,NA,NA
Ireland,2012,2.7245165457010265,5.799181562685524,8.52369810838655,4.6939821507277015,9.991223869433655,14.685206020161356,NA,NA,NA,NA,NA,NA
Ireland,2013,1.6284042327805461,7.346458356814431,8.974862589594977,2.805525411435728,12.656977419485049,15.462502830920776,NA,NA,NA,NA,NA,NA
Ireland,2014,2.161921671644289,7.327339443999404,9.489261115643693,3.724705490954753,12.62403805795441,16.348743548909162,NA,NA,NA,NA,NA,NA
Ireland,2015,2.5622566549475367,6.727980614734478,9.290237269682015,4.4144297904465,11.591421959186427,16.005851749632928,NA,NA,NA,NA,NA,NA
Ireland,2016,1.7827771849908598,6.719958751334537,8.502735936325397,3.0714896183236347,11.577601348085969,14.649090966409602,NA,NA,NA,NA,NA,NA
Ireland,2017,1.914018216903089,6.620653114407672,8.534671331310761,3.2976005818305856,11.40651085207233,14.704111433902916,NA,NA,NA,NA,NA,NA
Ireland,2018,5.146216886661081,6.560016444876087,11.706233331537168,8.866251977025568,11.302041879435722,20.16829385646129,NA,NA,NA,NA,NA,NA
Ireland,2019,7.827919032407241,6.344819484932726,14.172738517339967,13.486470571609935,10.931285940933945,24.417756512543882,NA,NA,NA,NA,NA,NA
Ireland,2020,7.943014351193245,7.763173182720763,15.706187533914008,13.684764603946158,13.374922024312044,27.059686628258202,NA,NA,NA,NA,NA,NA
Ireland,2021,16.995434359053345,9.918516497504818,26.913950856558163,29.280888622658015,17.088293875274122,46.36918249793214,NA,NA,NA,NA,NA,NA
Ireland,2022,24.056621613655444,12.287078132744806,36.34369974640025,41.446381611991235,21.16901273024229,62.61539434223353,NA,NA,NA,NA,NA,NA
Ireland,2023,24.041837744697087,14.026685836575547,38.068523581272636,41.42091095844768,24.166127034405505,65.58703799285318,NA,NA,NA,NA,NA,NA
Ireland,2024,18.612202949813817,16.195760965942902,34.807963915756716,32.06636735974314,27.903156988179553,59.96952434792269,NA,NA,NA,NA,NA,NA
Ireland,2025,20.76053705513213,18.50944110393474,39.269978159066866,35.767663268580804,31.889322272205202,67.65698554078601,NA,NA,NA,NA,NA,NA
Ishikawa,1989,0.0,0.0,0.0,0.0,0.0,0.0,0.0,0.0,0.0,0.0,0.0,0.0
Ishikawa,1990,0.0,0.0,0.0,0.0,0.0,0.0,0.0,0.0,0.0,0.0,0.0,0.0
Ishikawa,1991,0.0,0.0,0.0,0.0,0.0,0.0,0.0,0.0,0.0,0.0,0.0,0.0
Ishikawa,1992,0.0,0.0,0.0,0.0,0.0,0.0,0.0,0.0,0.0,0.0,0.0,0.0
Ishikawa,1993,0.0,0.0,0.0,0.0,0.0,0.0,0.0,0.0,0.0,0.0,0.0,0.0
Ishikawa,1994,0.0,0.0,0.0,0.0,0.0,0.0,0.0,0.0,0.0,0.0,0.0,0.0
Ishikawa,1995,0.0,0.0,0.0,0.0,0.0,0.0,0.0,0.0,0.0,0.0,0.0,0.0
Ishikawa,1996,0.0,0.0,0.0,0.0,0.0,0.0,0.0,0.0,0.0,0.0,0.0,0.0
Ishikawa,1997,0.0,0.0,0.0,0.0,0.0,0.0,0.0,0.0,0.0,0.0,0.0,0.0
Ishikawa,1998,0.0,0.0,0.0,0.0,0.0,0.0,0.0,0.0,0.0,0.0,0.0,0.0
Ishikawa,1999,0.0,0.0,0.0,0.0,0.0,0.0,0.0,0.0,0.0,0.0,0.0,0.0
Ishikawa,2000,0.0,0.0,0.0,0.0,0.0,0.0,0.0,0.0,0.0,0.0,0.0,0.0
Ishikawa,2001,0.0,0.0,0.0,0.0,0.0,0.0,0.0,0.0,0.0,0.0,0.0,0.0
Ishikawa,2002,0.0,0.0,0.0,0.0,0.0,0.0,0.0,0.0,0.0,0.0,0.0,0.0
Ishikawa,2003,0.0,0.0,0.0,0.0,0.0,0.0,0.0,0.0,0.0,0.0,0.0,0.0
Ishikawa,2004,0.0,0.0,0.0,0.0,0.0,0.0,0.0,0.0,0.0,0.0,0.0,0.0
Ishikawa,2005,0.0,0.0,0.0,0.0,0.0,0.0,0.0,0.0,0.0,0.0,0.0,0.0
Ishikawa,2006,0.0,0.0,0.0,0.0,0.0,0.0,0.0,0.0,0.0,0.0,0.0,0.0
Ishikawa,2007,0.0,0.0,0.0,0.0,0.0,0.0,0.0,0.0,0.0,0.0,0.0,0.0
Ishikawa,2008,0.0,0.0,0.0,0.0,0.0,0.0,0.0,0.0,0.0,0.0,0.0,0.0
Ishikawa,2009,0.0,0.0,0.0,0.0,0.0,0.0,0.0,0.0,0.0,0.0,0.0,0.0
Ishikawa,2010,0.0,0.0,0.0,0.0,0.0,0.0,0.0,0.0,0.0,0.0,0.0,0.0
Ishikawa,2011,0.0,0.0,0.0,0.0,0.0,0.0,0.0,0.0,0.0,0.0,0.0,0.0
Ishikawa,2012,0.0,0.0,0.0,0.0,0.0,0.0,0.0,0.0,0.0,0.0,0.0,0.0
Ishikawa,2013,0.0,0.0,0.0,0.0,0.0,0.0,0.0,0.0,0.0,0.0,0.0,0.0
Ishikawa,2014,0.0,0.0,0.0,0.0,0.0,0.0,0.0,0.0,0.0,0.0,0.0,0.0
Ishikawa,2015,0.0,0.0,0.0,0.0,0.0,0.0,0.0,0.0,0.0,0.0,0.0,0.0
Ishikawa,2016,0.0,0.0,0.0,0.0,0.0,0.0,0.0,0.0,0.0,0.0,0.0,0.0
Ishikawa,2017,0.0,0.0,0.0,0.0,0.0,0.0,0.0,0.0,0.0,0.0,0.0,0.0
Ishikawa,2018,0.0,0.0,0.0,0.0,0.0,0.0,0.0,0.0,0.0,0.0,0.0,0.0
Ishikawa,2019,0.0,0.0,0.0,0.0,0.0,0.0,0.0,0.0,0.0,0.0,0.0,0.0
Ishikawa,2020,0.0,0.0,0.0,0.0,0.0,0.0,0.0,0.0,0.0,0.0,0.0,0.0
Ishikawa,2021,0.0,0.0,0.0,0.0,0.0,0.0,0.0,0.0,0.0,0.0,0.0,0.0
Ishikawa,2022,0.0,0.0,0.0,0.0,0.0,0.0,0.0,0.0,0.0,0.0,0.0,0.0
Ishikawa,2023,0.0,0.0,0.0,0.0,0.0,0.0,0.0,0.0,0.0,0.0,0.0,0.0
Ishikawa,2024,0.0,0.0,0.0,0.0,0.0,0.0,0.0,0.0,0.0,0.0,0.0,0.0
Ishikawa,2025,0.0,0.0,0.0,0.0,0.0,0.0,0.0,0.0,0.0,0.0,0.0,0.0
Israel,1989,0.0,0.0,0.0,0.0,0.0,0.0,NA,NA,NA,NA,NA,NA
Israel,1990,0.0,0.0,0.0,0.0,0.0,0.0,NA,NA,NA,NA,NA,NA
Israel,1991,0.0,0.0,0.0,0.0,0.0,0.0,NA,NA,NA,NA,NA,NA
Israel,1992,0.0,0.0,0.0,0.0,0.0,0.0,NA,NA,NA,NA,NA,NA
Israel,1993,0.0,0.0,0.0,0.0,0.0,0.0,NA,NA,NA,NA,NA,NA
Israel,1994,0.0,0.0,0.0,0.0,0.0,0.0,NA,NA,NA,NA,NA,NA
Israel,1995,0.0,0.0,0.0,0.0,0.0,0.0,NA,NA,NA,NA,NA,NA
Israel,1996,0.0,0.0,0.0,0.0,0.0,0.0,NA,NA,NA,NA,NA,NA
Israel,1997,0.0,0.0,0.0,0.0,0.0,0.0,NA,NA,NA,NA,NA,NA
Israel,1998,0.0,0.0,0.0,0.0,0.0,0.0,NA,NA,NA,NA,NA,NA
Israel,1999,0.0,0.0,0.0,0.0,0.0,0.0,NA,NA,NA,NA,NA,NA
Israel,2000,0.0,0.0,0.0,0.0,0.0,0.0,NA,NA,NA,NA,NA,NA
Israel,2001,0.0,0.0,0.0,0.0,0.0,0.0,NA,NA,NA,NA,NA,NA
Israel,2002,0.0,0.0,0.0,0.0,0.0,0.0,NA,NA,NA,NA,NA,NA
Israel,2003,0.0,0.0,0.0,0.0,0.0,0.0,NA,NA,NA,NA,NA,NA
Israel,2004,0.0,0.0,0.0,0.0,0.0,0.0,NA,NA,NA,NA,NA,NA
Israel,2005,0.0,0.0,0.0,0.0,0.0,0.0,NA,NA,NA,NA,NA,NA
Israel,2006,0.0,0.0,0.0,0.0,0.0,0.0,NA,NA,NA,NA,NA,NA
Israel,2007,0.0,0.0,0.0,0.0,0.0,0.0,NA,NA,NA,NA,NA,NA
Israel,2008,0.0,0.0,0.0,0.0,0.0,0.0,NA,NA,NA,NA,NA,NA
Israel,2009,0.0,0.0,0.0,0.0,0.0,0.0,NA,NA,NA,NA,NA,NA
Israel,2010,0.0,0.0,0.0,0.0,0.0,0.0,NA,NA,NA,NA,NA,NA
Israel,2011,0.0,0.0,0.0,0.0,0.0,0.0,NA,NA,NA,NA,NA,NA
Israel,2012,0.0,0.0,0.0,0.0,0.0,0.0,NA,NA,NA,NA,NA,NA
Israel,2013,0.0,0.0,0.0,0.0,0.0,0.0,NA,NA,NA,NA,NA,NA
Israel,2014,0.0,0.0,0.0,0.0,0.0,0.0,NA,NA,NA,NA,NA,NA
Israel,2015,0.0,0.0,0.0,0.0,0.0,0.0,NA,NA,NA,NA,NA,NA
Israel,2016,0.0,0.0,0.0,0.0,0.0,0.0,NA,NA,NA,NA,NA,NA
Israel,2017,0.0,0.0,0.0,0.0,0.0,0.0,NA,NA,NA,NA,NA,NA
Israel,2018,0.0,0.0,0.0,0.0,0.0,0.0,NA,NA,NA,NA,NA,NA
Israel,2019,0.0,0.0,0.0,0.0,0.0,0.0,NA,NA,NA,NA,NA,NA
Israel,2020,0.0,0.0,0.0,0.0,0.0,0.0,NA,NA,NA,NA,NA,NA
Israel,2021,0.0,0.0,0.0,0.0,0.0,0.0,NA,NA,NA,NA,NA,NA
Israel,2022,0.0,0.0,0.0,0.0,0.0,0.0,NA,NA,NA,NA,NA,NA
Israel,2023,0.0,0.0,0.0,0.0,0.0,0.0,NA,NA,NA,NA,NA,NA
Israel,2024,0.0,0.0,0.0,0.0,0.0,0.0,NA,NA,NA,NA,NA,NA
Israel,2025,0.0,0.0,0.0,0.0,0.0,0.0,NA,NA,NA,NA,NA,NA
Italy,1989,0.0,0.0,0.0,0.0,0.0,0.0,NA,NA,NA,NA,NA,NA
Italy,1990,0.0,0.0,0.0,0.0,0.0,0.0,NA,NA,NA,NA,NA,NA
Italy,1991,0.0,0.0,0.0,0.0,0.0,0.0,NA,NA,NA,NA,NA,NA
Italy,1992,0.0,0.0,0.0,0.0,0.0,0.0,NA,NA,NA,NA,NA,NA
Italy,1993,0.0,0.0,0.0,0.0,0.0,0.0,NA,NA,NA,NA,NA,NA
Italy,1994,0.0,0.0,0.0,0.0,0.0,0.0,NA,NA,NA,NA,NA,NA
Italy,1995,0.0,0.0,0.0,0.0,0.0,0.0,NA,NA,NA,NA,NA,NA
Italy,1996,0.0,0.0,0.0,0.0,0.0,0.0,NA,NA,NA,NA,NA,NA
Italy,1997,0.0,0.0,0.0,0.0,0.0,0.0,NA,NA,NA,NA,NA,NA
Italy,1998,0.0,0.0,0.0,0.0,0.0,0.0,NA,NA,NA,NA,NA,NA
Italy,1999,0.0,0.0,0.0,0.0,0.0,0.0,NA,NA,NA,NA,NA,NA
Italy,2000,0.0,0.0,0.0,0.0,0.0,0.0,NA,NA,NA,NA,NA,NA
Italy,2001,0.0,0.0,0.0,0.0,0.0,0.0,NA,NA,NA,NA,NA,NA
Italy,2002,0.0,0.0,0.0,0.0,0.0,0.0,NA,NA,NA,NA,NA,NA
Italy,2003,0.0,0.0,0.0,0.0,0.0,0.0,NA,NA,NA,NA,NA,NA
Italy,2004,0.0,0.0,0.0,0.0,0.0,0.0,NA,NA,NA,NA,NA,NA
Italy,2005,10.932529389445053,0.0,10.932529389445053,13.168198354632867,0.0,13.168198354632867,NA,NA,NA,NA,NA,NA
Italy,2006,8.94995180742497,0.0,8.94995180742497,10.780189695017997,0.0,10.780189695017997,NA,NA,NA,NA,NA,NA
Italy,2007,0.332646631044809,0.0,0.332646631044809,0.4006718540201219,0.0,0.4006718540201219,NA,NA,NA,NA,NA,NA
Italy,2008,8.554005435541166,0.0,8.554005435541166,10.303273495936292,0.0,10.303273495936292,NA,NA,NA,NA,NA,NA
Italy,2009,6.359381933281513,0.0,6.359381933281513,7.6598561711774575,0.0,7.6598561711774575,NA,NA,NA,NA,NA,NA
Italy,2010,6.89365671356349,0.0,6.89365671356349,8.30338851689641,0.0,8.30338851689641,NA,NA,NA,NA,NA,NA
Italy,2011,6.114922056937741,0.0,6.114922056937741,7.365404994622492,0.0,7.365404994622492,NA,NA,NA,NA,NA,NA
Italy,2012,3.5791680946526396,0.0,3.5791680946526396,4.3110970696738065,0.0,4.3110970696738065,NA,NA,NA,NA,NA,NA
Italy,2013,2.143736266665645,0.0,2.143736266665645,2.5821238044626282,0.0,2.5821238044626282,NA,NA,NA,NA,NA,NA
Italy,2014,2.8279951011531335,0.0,2.8279951011531335,3.4063114866965676,0.0,3.4063114866965676,NA,NA,NA,NA,NA,NA
Italy,2015,3.6219011103304037,0.0,3.6219011103304037,4.3625688569145264,0.0,4.3625688569145264,NA,NA,NA,NA,NA,NA
Italy,2016,2.4919651268679512,0.0,2.4919651268679512,3.0015644060473687,0.0,3.0015644060473687,NA,NA,NA,NA,NA,NA
Italy,2017,2.6964036481088525,0.0,2.6964036481088525,3.2478099822657245,0.0,3.2478099822657245,NA,NA,NA,NA,NA,NA
Italy,2018,7.239324863080931,0.0,7.239324863080931,8.719744750259858,0.0,8.719744750259858,NA,NA,NA,NA,NA,NA
Italy,2019,11.267264994212164,0.0,11.267264994212164,13.571386371139544,0.0,13.571386371139544,NA,NA,NA,NA,NA,NA
Italy,2020,11.038795018642453,0.0,11.038795018642453,13.296194981369789,0.0,13.296194981369789,NA,NA,NA,NA,NA,NA
Italy,2021,23.576192002671096,0.0,23.576192002671096,28.397451466063803,0.0,28.397451466063803,NA,NA,NA,NA,NA,NA
Italy,2022,34.40357492669601,0.0,34.40357492669601,41.43900122332106,0.0,41.43900122332106,NA,NA,NA,NA,NA,NA
Italy,2023,33.668625448780624,0.0,33.668625448780624,40.55375681545627,0.0,40.55375681545627,NA,NA,NA,NA,NA,NA
Italy,2024,26.064866444421078,0.0,26.064866444421078,31.395052251908343,0.0,31.395052251908343,NA,NA,NA,NA,NA,NA
Italy,2025,29.073432474143896,0.0,29.073432474143896,35.0188608721394,0.0,35.0188608721394,NA,NA,NA,NA,NA,NA
Iwate,1989,0.0,0.0,0.0,0.0,0.0,0.0,0.0,0.0,0.0,0.0,0.0,0.0
Iwate,1990,0.0,0.0,0.0,0.0,0.0,0.0,0.0,0.0,0.0,0.0,0.0,0.0
Iwate,1991,0.0,0.0,0.0,0.0,0.0,0.0,0.0,0.0,0.0,0.0,0.0,0.0
Iwate,1992,0.0,0.0,0.0,0.0,0.0,0.0,0.0,0.0,0.0,0.0,0.0,0.0
Iwate,1993,0.0,0.0,0.0,0.0,0.0,0.0,0.0,0.0,0.0,0.0,0.0,0.0
Iwate,1994,0.0,0.0,0.0,0.0,0.0,0.0,0.0,0.0,0.0,0.0,0.0,0.0
Iwate,1995,0.0,0.0,0.0,0.0,0.0,0.0,0.0,0.0,0.0,0.0,0.0,0.0
Iwate,1996,0.0,0.0,0.0,0.0,0.0,0.0,0.0,0.0,0.0,0.0,0.0,0.0
Iwate,1997,0.0,0.0,0.0,0.0,0.0,0.0,0.0,0.0,0.0,0.0,0.0,0.0
Iwate,1998,0.0,0.0,0.0,0.0,0.0,0.0,0.0,0.0,0.0,0.0,0.0,0.0
Iwate,1999,0.0,0.0,0.0,0.0,0.0,0.0,0.0,0.0,0.0,0.0,0.0,0.0
Iwate,2000,0.0,0.0,0.0,0.0,0.0,0.0,0.0,0.0,0.0,0.0,0.0,0.0
Iwate,2001,0.0,0.0,0.0,0.0,0.0,0.0,0.0,0.0,0.0,0.0,0.0,0.0
Iwate,2002,0.0,0.0,0.0,0.0,0.0,0.0,0.0,0.0,0.0,0.0,0.0,0.0
Iwate,2003,0.0,0.0,0.0,0.0,0.0,0.0,0.0,0.0,0.0,0.0,0.0,0.0
Iwate,2004,0.0,0.0,0.0,0.0,0.0,0.0,0.0,0.0,0.0,0.0,0.0,0.0
Iwate,2005,0.0,0.0,0.0,0.0,0.0,0.0,0.0,0.0,0.0,0.0,0.0,0.0
Iwate,2006,0.0,0.0,0.0,0.0,0.0,0.0,0.0,0.0,0.0,0.0,0.0,0.0
Iwate,2007,0.0,0.0,0.0,0.0,0.0,0.0,0.0,0.0,0.0,0.0,0.0,0.0
Iwate,2008,0.0,0.0,0.0,0.0,0.0,0.0,0.0,0.0,0.0,0.0,0.0,0.0
Iwate,2009,0.0,0.0,0.0,0.0,0.0,0.0,0.0,0.0,0.0,0.0,0.0,0.0
Iwate,2010,0.0,0.0,0.0,0.0,0.0,0.0,0.0,0.0,0.0,0.0,0.0,0.0
Iwate,2011,0.0,0.0,0.0,0.0,0.0,0.0,0.0,0.0,0.0,0.0,0.0,0.0
Iwate,2012,0.0,0.0,0.0,0.0,0.0,0.0,0.0,0.0,0.0,0.0,0.0,0.0
Iwate,2013,0.0,0.0,0.0,0.0,0.0,0.0,0.0,0.0,0.0,0.0,0.0,0.0
Iwate,2014,0.0,0.0,0.0,0.0,0.0,0.0,0.0,0.0,0.0,0.0,0.0,0.0
Iwate,2015,0.0,0.0,0.0,0.0,0.0,0.0,0.0,0.0,0.0,0.0,0.0,0.0
Iwate,2016,0.0,0.0,0.0,0.0,0.0,0.0,0.0,0.0,0.0,0.0,0.0,0.0
Iwate,2017,0.0,0.0,0.0,0.0,0.0,0.0,0.0,0.0,0.0,0.0,0.0,0.0
Iwate,2018,0.0,0.0,0.0,0.0,0.0,0.0,0.0,0.0,0.0,0.0,0.0,0.0
Iwate,2019,0.0,0.0,0.0,0.0,0.0,0.0,0.0,0.0,0.0,0.0,0.0,0.0
Iwate,2020,0.0,0.0,0.0,0.0,0.0,0.0,0.0,0.0,0.0,0.0,0.0,0.0
Iwate,2021,0.0,0.0,0.0,0.0,0.0,0.0,0.0,0.0,0.0,0.0,0.0,0.0
Iwate,2022,0.0,0.0,0.0,0.0,0.0,0.0,0.0,0.0,0.0,0.0,0.0,0.0
Iwate,2023,0.0,0.0,0.0,0.0,0.0,0.0,0.0,0.0,0.0,0.0,0.0,0.0
Iwate,2024,0.0,0.0,0.0,0.0,0.0,0.0,0.0,0.0,0.0,0.0,0.0,0.0
Iwate,2025,0.0,0.0,0.0,0.0,0.0,0.0,0.0,0.0,0.0,0.0,0.0,0.0
Jalisco,1989,0.0,0.0,0.0,0.0,0.0,0.0,0.0,0.0,0.0,0.0,0.0,0.0
Jalisco,1990,0.0,0.0,0.0,0.0,0.0,0.0,0.0,0.0,0.0,0.0,0.0,0.0
Jalisco,1991,0.0,0.0,0.0,0.0,0.0,0.0,0.0,0.0,0.0,0.0,0.0,0.0
Jalisco,1992,0.0,0.0,0.0,0.0,0.0,0.0,0.0,0.0,0.0,0.0,0.0,0.0
Jalisco,1993,0.0,0.0,0.0,0.0,0.0,0.0,0.0,0.0,0.0,0.0,0.0,0.0
Jalisco,1994,0.0,0.0,0.0,0.0,0.0,0.0,0.0,0.0,0.0,0.0,0.0,0.0
Jalisco,1995,0.0,0.0,0.0,0.0,0.0,0.0,0.0,0.0,0.0,0.0,0.0,0.0
Jalisco,1996,0.0,0.0,0.0,0.0,0.0,0.0,0.0,0.0,0.0,0.0,0.0,0.0
Jalisco,1997,0.0,0.0,0.0,0.0,0.0,0.0,0.0,0.0,0.0,0.0,0.0,0.0
Jalisco,1998,0.0,0.0,0.0,0.0,0.0,0.0,0.0,0.0,0.0,0.0,0.0,0.0
Jalisco,1999,0.0,0.0,0.0,0.0,0.0,0.0,0.0,0.0,0.0,0.0,0.0,0.0
Jalisco,2000,0.0,0.0,0.0,0.0,0.0,0.0,0.0,0.0,0.0,0.0,0.0,0.0
Jalisco,2001,0.0,0.0,0.0,0.0,0.0,0.0,0.0,0.0,0.0,0.0,0.0,0.0
Jalisco,2002,0.0,0.0,0.0,0.0,0.0,0.0,0.0,0.0,0.0,0.0,0.0,0.0
Jalisco,2003,0.0,0.0,0.0,0.0,0.0,0.0,0.0,0.0,0.0,0.0,0.0,0.0
Jalisco,2004,0.0,0.0,0.0,0.0,0.0,0.0,0.0,0.0,0.0,0.0,0.0,0.0
Jalisco,2005,0.0,0.0,0.0,0.0,0.0,0.0,0.0,0.0,0.0,0.0,0.0,0.0
Jalisco,2006,0.0,0.0,0.0,0.0,0.0,0.0,0.0,0.0,0.0,0.0,0.0,0.0
Jalisco,2007,0.0,0.0,0.0,0.0,0.0,0.0,0.0,0.0,0.0,0.0,0.0,0.0
Jalisco,2008,0.0,0.0,0.0,0.0,0.0,0.0,0.0,0.0,0.0,0.0,0.0,0.0
Jalisco,2009,0.0,0.0,0.0,0.0,0.0,0.0,0.0,0.0,0.0,0.0,0.0,0.0
Jalisco,2010,0.0,0.0,0.0,0.0,0.0,0.0,0.0,0.0,0.0,0.0,0.0,0.0
Jalisco,2011,0.0,0.0,0.0,0.0,0.0,0.0,0.0,0.0,0.0,0.0,0.0,0.0
Jalisco,2012,0.0,0.0,0.0,0.0,0.0,0.0,0.0,0.0,0.0,0.0,0.0,0.0
Jalisco,2013,0.0,0.0,0.0,0.0,0.0,0.0,0.0,0.0,0.0,0.0,0.0,0.0
Jalisco,2014,0.0,0.0,0.0,0.0,0.0,0.0,0.0,0.0,0.0,0.0,0.0,0.0
Jalisco,2015,0.0,0.0,0.0,0.0,0.0,0.0,0.0,0.0,0.0,0.0,0.0,0.0
Jalisco,2016,0.0,0.0,0.0,0.0,0.0,0.0,0.0,0.0,0.0,0.0,0.0,0.0
Jalisco,2017,0.0,0.0,0.0,0.0,0.0,0.0,0.0,0.0,0.0,0.0,0.0,0.0
Jalisco,2018,0.0,0.0,0.0,0.0,0.0,0.0,0.0,0.0,0.0,0.0,0.0,0.0
Jalisco,2019,0.0,0.0,0.0,0.0,0.0,0.0,0.0,0.0,0.0,0.0,0.0,0.0
Jalisco,2020,0.0,0.0,0.0,0.0,0.0,0.0,0.0,0.0,0.0,0.0,0.0,0.0
Jalisco,2021,0.0,0.0,0.0,0.0,0.0,0.0,0.0,0.0,0.0,0.0,0.0,0.0
Jalisco,2022,0.0,0.0,0.0,0.0,0.0,0.0,0.0,0.0,0.0,0.0,0.0,0.0
Jalisco,2023,0.0,0.0,0.0,0.0,0.0,0.0,0.0,0.0,0.0,0.0,0.0,0.0
Jalisco,2024,0.0,0.0,0.0,0.0,0.0,0.0,0.0,0.0,0.0,0.0,0.0,0.0
Jalisco,2025,0.0,0.0,0.0,0.0,0.0,0.0,0.0,0.0,0.0,0.0,0.0,0.0
Jamaica,1989,0.0,0.0,0.0,0.0,0.0,0.0,NA,NA,NA,NA,NA,NA
Jamaica,1990,0.0,0.0,0.0,0.0,0.0,0.0,NA,NA,NA,NA,NA,NA
Jamaica,1991,0.0,0.0,0.0,0.0,0.0,0.0,NA,NA,NA,NA,NA,NA
Jamaica,1992,0.0,0.0,0.0,0.0,0.0,0.0,NA,NA,NA,NA,NA,NA
Jamaica,1993,0.0,0.0,0.0,0.0,0.0,0.0,NA,NA,NA,NA,NA,NA
Jamaica,1994,0.0,0.0,0.0,0.0,0.0,0.0,NA,NA,NA,NA,NA,NA
Jamaica,1995,0.0,0.0,0.0,0.0,0.0,0.0,NA,NA,NA,NA,NA,NA
Jamaica,1996,0.0,0.0,0.0,0.0,0.0,0.0,NA,NA,NA,NA,NA,NA
Jamaica,1997,0.0,0.0,0.0,0.0,0.0,0.0,NA,NA,NA,NA,NA,NA
Jamaica,1998,0.0,0.0,0.0,0.0,0.0,0.0,NA,NA,NA,NA,NA,NA
Jamaica,1999,0.0,0.0,0.0,0.0,0.0,0.0,NA,NA,NA,NA,NA,NA
Jamaica,2000,0.0,0.0,0.0,0.0,0.0,0.0,NA,NA,NA,NA,NA,NA
Jamaica,2001,0.0,0.0,0.0,0.0,0.0,0.0,NA,NA,NA,NA,NA,NA
Jamaica,2002,0.0,0.0,0.0,0.0,0.0,0.0,NA,NA,NA,NA,NA,NA
Jamaica,2003,0.0,0.0,0.0,0.0,0.0,0.0,NA,NA,NA,NA,NA,NA
Jamaica,2004,0.0,0.0,0.0,0.0,0.0,0.0,NA,NA,NA,NA,NA,NA
Jamaica,2005,0.0,0.0,0.0,0.0,0.0,0.0,NA,NA,NA,NA,NA,NA
Jamaica,2006,0.0,0.0,0.0,0.0,0.0,0.0,NA,NA,NA,NA,NA,NA
Jamaica,2007,0.0,0.0,0.0,0.0,0.0,0.0,NA,NA,NA,NA,NA,NA
Jamaica,2008,0.0,0.0,0.0,0.0,0.0,0.0,NA,NA,NA,NA,NA,NA
Jamaica,2009,0.0,0.0,0.0,0.0,0.0,0.0,NA,NA,NA,NA,NA,NA
Jamaica,2010,0.0,0.0,0.0,0.0,0.0,0.0,NA,NA,NA,NA,NA,NA
Jamaica,2011,0.0,0.0,0.0,0.0,0.0,0.0,NA,NA,NA,NA,NA,NA
Jamaica,2012,0.0,0.0,0.0,0.0,0.0,0.0,NA,NA,NA,NA,NA,NA
Jamaica,2013,0.0,0.0,0.0,0.0,0.0,0.0,NA,NA,NA,NA,NA,NA
Jamaica,2014,0.0,0.0,0.0,0.0,0.0,0.0,NA,NA,NA,NA,NA,NA
Jamaica,2015,0.0,0.0,0.0,0.0,0.0,0.0,NA,NA,NA,NA,NA,NA
Jamaica,2016,0.0,0.0,0.0,0.0,0.0,0.0,NA,NA,NA,NA,NA,NA
Jamaica,2017,0.0,0.0,0.0,0.0,0.0,0.0,NA,NA,NA,NA,NA,NA
Jamaica,2018,0.0,0.0,0.0,0.0,0.0,0.0,NA,NA,NA,NA,NA,NA
Jamaica,2019,0.0,0.0,0.0,0.0,0.0,0.0,NA,NA,NA,NA,NA,NA
Jamaica,2020,0.0,0.0,0.0,0.0,0.0,0.0,NA,NA,NA,NA,NA,NA
Jamaica,2021,0.0,0.0,0.0,0.0,0.0,0.0,NA,NA,NA,NA,NA,NA
Jamaica,2022,0.0,0.0,0.0,0.0,0.0,0.0,NA,NA,NA,NA,NA,NA
Jamaica,2023,0.0,0.0,0.0,0.0,0.0,0.0,NA,NA,NA,NA,NA,NA
Jamaica,2024,0.0,0.0,0.0,0.0,0.0,0.0,NA,NA,NA,NA,NA,NA
Jamaica,2025,0.0,0.0,0.0,0.0,0.0,0.0,NA,NA,NA,NA,NA,NA
Japan,1989,0.0,0.0,0.0,0.0,0.0,0.0,NA,NA,NA,NA,NA,NA
Japan,1990,0.0,0.0,0.0,0.0,0.0,0.0,NA,NA,NA,NA,NA,NA
Japan,1991,0.0,0.0,0.0,0.0,0.0,0.0,NA,NA,NA,NA,NA,NA
Japan,1992,0.0,0.0,0.0,0.0,0.0,0.0,NA,NA,NA,NA,NA,NA
Japan,1993,0.0,0.0,0.0,0.0,0.0,0.0,NA,NA,NA,NA,NA,NA
Japan,1994,0.0,0.0,0.0,0.0,0.0,0.0,NA,NA,NA,NA,NA,NA
Japan,1995,0.0,0.0,0.0,0.0,0.0,0.0,NA,NA,NA,NA,NA,NA
Japan,1996,0.0,0.0,0.0,0.0,0.0,0.0,NA,NA,NA,NA,NA,NA
Japan,1997,0.0,0.0,0.0,0.0,0.0,0.0,NA,NA,NA,NA,NA,NA
Japan,1998,0.0,0.0,0.0,0.0,0.0,0.0,NA,NA,NA,NA,NA,NA
Japan,1999,0.0,0.0,0.0,0.0,0.0,0.0,NA,NA,NA,NA,NA,NA
Japan,2000,0.0,0.0,0.0,0.0,0.0,0.0,NA,NA,NA,NA,NA,NA
Japan,2001,0.0,0.0,0.0,0.0,0.0,0.0,NA,NA,NA,NA,NA,NA
Japan,2002,0.0,0.0,0.0,0.0,0.0,0.0,NA,NA,NA,NA,NA,NA
Japan,2003,0.0,0.0,0.0,0.0,0.0,0.0,NA,NA,NA,NA,NA,NA
Japan,2004,0.0,0.0,0.0,0.0,0.0,0.0,NA,NA,NA,NA,NA,NA
Japan,2005,0.0,0.0,0.0,0.0,0.0,0.0,NA,NA,NA,NA,NA,NA
Japan,2006,0.0,0.0,0.0,0.0,0.0,0.0,NA,NA,NA,NA,NA,NA
Japan,2007,0.0,0.0,0.0,0.0,0.0,0.0,NA,NA,NA,NA,NA,NA
Japan,2008,0.0,0.0,0.0,0.0,0.0,0.0,NA,NA,NA,NA,NA,NA
Japan,2009,0.0,0.0,0.0,0.0,0.0,0.0,NA,NA,NA,NA,NA,NA
Japan,2010,0.0,0.0,0.0,0.0,0.0,0.0,NA,NA,NA,NA,NA,NA
Japan,2011,0.0,0.0,0.0,0.0,0.0,0.0,NA,NA,NA,NA,NA,NA
Japan,2012,0.0,0.5676724413134963,0.5676724413134963,0.0,0.61200767820746,0.61200767820746,NA,NA,NA,NA,NA,NA
Japan,2013,0.0,0.5696912850903019,0.5696912850903019,0.0,0.6141841937516135,0.6141841937516135,NA,NA,NA,NA,NA,NA
Japan,2014,0.0,1.1169972258185965,1.1169972258185965,0.0,1.2042347469883432,1.2042347469883432,NA,NA,NA,NA,NA,NA
Japan,2015,0.0,1.0939016904277148,1.0939016904277148,0.0,1.1793354495011747,1.1793354495011747,NA,NA,NA,NA,NA,NA
Japan,2016,0.0,1.6396642620320114,1.6396642620320114,0.0,1.7677220964330473,1.7677220964330473,NA,NA,NA,NA,NA,NA
Japan,2017,0.0,1.6408842524692997,1.6408842524692997,0.0,1.7690373681648097,1.7690373681648097,NA,NA,NA,NA,NA,NA
Japan,2018,0.0,1.6408881492508507,1.6408881492508507,0.0,1.7690415692851318,1.7690415692851318,NA,NA,NA,NA,NA,NA
Japan,2019,0.0,1.630537446214238,1.630537446214238,0.0,1.7578824759907756,1.7578824759907756,NA,NA,NA,NA,NA,NA
Japan,2020,0.0,1.6153299273301602,1.6153299273301602,0.0,1.7414872493667644,1.7414872493667644,NA,NA,NA,NA,NA,NA
Japan,2021,0.0,1.6184058798314127,1.6184058798314127,0.0,1.7448034338625489,1.7448034338625489,NA,NA,NA,NA,NA,NA
Japan,2022,0.0,1.6130187216255543,1.6130187216255543,0.0,1.7389955384183469,1.7389955384183469,NA,NA,NA,NA,NA,NA
Japan,2023,0.0,1.5540724752465649,1.5540724752465649,0.0,1.6754455882006163,1.6754455882006163,NA,NA,NA,NA,NA,NA
Japan,2024,0.0,1.5540724752465649,1.5540724752465649,0.0,1.6754455882006163,1.6754455882006163,NA,NA,NA,NA,NA,NA
Japan,2025,0.0,0.0,0.0,0.0,0.0,0.0,NA,NA,NA,NA,NA,NA
Jiangsu Province,1989,0.0,0.0,0.0,0.0,0.0,0.0,0.0,0.0,0.0,0.0,0.0,0.0
Jiangsu Province,1990,0.0,0.0,0.0,0.0,0.0,0.0,0.0,0.0,0.0,0.0,0.0,0.0
Jiangsu Province,1991,0.0,0.0,0.0,0.0,0.0,0.0,0.0,0.0,0.0,0.0,0.0,0.0
Jiangsu Province,1992,0.0,0.0,0.0,0.0,0.0,0.0,0.0,0.0,0.0,0.0,0.0,0.0
Jiangsu Province,1993,0.0,0.0,0.0,0.0,0.0,0.0,0.0,0.0,0.0,0.0,0.0,0.0
Jiangsu Province,1994,0.0,0.0,0.0,0.0,0.0,0.0,0.0,0.0,0.0,0.0,0.0,0.0
Jiangsu Province,1995,0.0,0.0,0.0,0.0,0.0,0.0,0.0,0.0,0.0,0.0,0.0,0.0
Jiangsu Province,1996,0.0,0.0,0.0,0.0,0.0,0.0,0.0,0.0,0.0,0.0,0.0,0.0
Jiangsu Province,1997,0.0,0.0,0.0,0.0,0.0,0.0,0.0,0.0,0.0,0.0,0.0,0.0
Jiangsu Province,1998,0.0,0.0,0.0,0.0,0.0,0.0,0.0,0.0,0.0,0.0,0.0,0.0
Jiangsu Province,1999,0.0,0.0,0.0,0.0,0.0,0.0,0.0,0.0,0.0,0.0,0.0,0.0
Jiangsu Province,2000,0.0,0.0,0.0,0.0,0.0,0.0,0.0,0.0,0.0,0.0,0.0,0.0
Jiangsu Province,2001,0.0,0.0,0.0,0.0,0.0,0.0,0.0,0.0,0.0,0.0,0.0,0.0
Jiangsu Province,2002,0.0,0.0,0.0,0.0,0.0,0.0,0.0,0.0,0.0,0.0,0.0,0.0
Jiangsu Province,2003,0.0,0.0,0.0,0.0,0.0,0.0,0.0,0.0,0.0,0.0,0.0,0.0
Jiangsu Province,2004,0.0,0.0,0.0,0.0,0.0,0.0,0.0,0.0,0.0,0.0,0.0,0.0
Jiangsu Province,2005,0.0,0.0,0.0,0.0,0.0,0.0,0.0,0.0,0.0,0.0,0.0,0.0
Jiangsu Province,2006,0.0,0.0,0.0,0.0,0.0,0.0,0.0,0.0,0.0,0.0,0.0,0.0
Jiangsu Province,2007,0.0,0.0,0.0,0.0,0.0,0.0,0.0,0.0,0.0,0.0,0.0,0.0
Jiangsu Province,2008,0.0,0.0,0.0,0.0,0.0,0.0,0.0,0.0,0.0,0.0,0.0,0.0
Jiangsu Province,2009,0.0,0.0,0.0,0.0,0.0,0.0,0.0,0.0,0.0,0.0,0.0,0.0
Jiangsu Province,2010,0.0,0.0,0.0,0.0,0.0,0.0,0.0,0.0,0.0,0.0,0.0,0.0
Jiangsu Province,2011,0.0,0.0,0.0,0.0,0.0,0.0,0.0,0.0,0.0,0.0,0.0,0.0
Jiangsu Province,2012,0.0,0.0,0.0,0.0,0.0,0.0,0.0,0.0,0.0,0.0,0.0,0.0
Jiangsu Province,2013,0.0,0.0,0.0,0.0,0.0,0.0,0.0,0.0,0.0,0.0,0.0,0.0
Jiangsu Province,2014,0.0,0.0,0.0,0.0,0.0,0.0,0.0,0.0,0.0,0.0,0.0,0.0
Jiangsu Province,2015,0.0,0.0,0.0,0.0,0.0,0.0,0.0,0.0,0.0,0.0,0.0,0.0
Jiangsu Province,2016,0.0,0.0,0.0,0.0,0.0,0.0,0.0,0.0,0.0,0.0,0.0,0.0
Jiangsu Province,2017,0.0,0.0,0.0,0.0,0.0,0.0,0.0,0.0,0.0,0.0,0.0,0.0
Jiangsu Province,2018,0.0,0.0,0.0,0.0,0.0,0.0,0.0,0.0,0.0,0.0,0.0,0.0
Jiangsu Province,2019,0.0,0.0,0.0,0.0,0.0,0.0,0.0,0.0,0.0,0.0,0.0,0.0
Jiangsu Province,2020,0.0,0.0,0.0,0.0,0.0,0.0,0.0,0.0,0.0,0.0,0.0,0.0
Jiangsu Province,2021,0.0,0.0,0.0,0.0,0.0,0.0,0.0,0.0,0.0,0.0,0.0,0.0
Jiangsu Province,2022,0.0,0.0,0.0,0.0,0.0,0.0,0.0,0.0,0.0,0.0,0.0,0.0
Jiangsu Province,2023,0.0,0.0,0.0,0.0,0.0,0.0,0.0,0.0,0.0,0.0,0.0,0.0
Jiangsu Province,2024,0.0,0.0,0.0,0.0,0.0,0.0,0.0,0.0,0.0,0.0,0.0,0.0
Jiangsu Province,2025,0.0,0.0,0.0,0.0,0.0,0.0,0.0,0.0,0.0,0.0,0.0,0.0
Jiangxi Province,1989,0.0,0.0,0.0,0.0,0.0,0.0,0.0,0.0,0.0,0.0,0.0,0.0
Jiangxi Province,1990,0.0,0.0,0.0,0.0,0.0,0.0,0.0,0.0,0.0,0.0,0.0,0.0
Jiangxi Province,1991,0.0,0.0,0.0,0.0,0.0,0.0,0.0,0.0,0.0,0.0,0.0,0.0
Jiangxi Province,1992,0.0,0.0,0.0,0.0,0.0,0.0,0.0,0.0,0.0,0.0,0.0,0.0
Jiangxi Province,1993,0.0,0.0,0.0,0.0,0.0,0.0,0.0,0.0,0.0,0.0,0.0,0.0
Jiangxi Province,1994,0.0,0.0,0.0,0.0,0.0,0.0,0.0,0.0,0.0,0.0,0.0,0.0
Jiangxi Province,1995,0.0,0.0,0.0,0.0,0.0,0.0,0.0,0.0,0.0,0.0,0.0,0.0
Jiangxi Province,1996,0.0,0.0,0.0,0.0,0.0,0.0,0.0,0.0,0.0,0.0,0.0,0.0
Jiangxi Province,1997,0.0,0.0,0.0,0.0,0.0,0.0,0.0,0.0,0.0,0.0,0.0,0.0
Jiangxi Province,1998,0.0,0.0,0.0,0.0,0.0,0.0,0.0,0.0,0.0,0.0,0.0,0.0
Jiangxi Province,1999,0.0,0.0,0.0,0.0,0.0,0.0,0.0,0.0,0.0,0.0,0.0,0.0
Jiangxi Province,2000,0.0,0.0,0.0,0.0,0.0,0.0,0.0,0.0,0.0,0.0,0.0,0.0
Jiangxi Province,2001,0.0,0.0,0.0,0.0,0.0,0.0,0.0,0.0,0.0,0.0,0.0,0.0
Jiangxi Province,2002,0.0,0.0,0.0,0.0,0.0,0.0,0.0,0.0,0.0,0.0,0.0,0.0
Jiangxi Province,2003,0.0,0.0,0.0,0.0,0.0,0.0,0.0,0.0,0.0,0.0,0.0,0.0
Jiangxi Province,2004,0.0,0.0,0.0,0.0,0.0,0.0,0.0,0.0,0.0,0.0,0.0,0.0
Jiangxi Province,2005,0.0,0.0,0.0,0.0,0.0,0.0,0.0,0.0,0.0,0.0,0.0,0.0
Jiangxi Province,2006,0.0,0.0,0.0,0.0,0.0,0.0,0.0,0.0,0.0,0.0,0.0,0.0
Jiangxi Province,2007,0.0,0.0,0.0,0.0,0.0,0.0,0.0,0.0,0.0,0.0,0.0,0.0
Jiangxi Province,2008,0.0,0.0,0.0,0.0,0.0,0.0,0.0,0.0,0.0,0.0,0.0,0.0
Jiangxi Province,2009,0.0,0.0,0.0,0.0,0.0,0.0,0.0,0.0,0.0,0.0,0.0,0.0
Jiangxi Province,2010,0.0,0.0,0.0,0.0,0.0,0.0,0.0,0.0,0.0,0.0,0.0,0.0
Jiangxi Province,2011,0.0,0.0,0.0,0.0,0.0,0.0,0.0,0.0,0.0,0.0,0.0,0.0
Jiangxi Province,2012,0.0,0.0,0.0,0.0,0.0,0.0,0.0,0.0,0.0,0.0,0.0,0.0
Jiangxi Province,2013,0.0,0.0,0.0,0.0,0.0,0.0,0.0,0.0,0.0,0.0,0.0,0.0
Jiangxi Province,2014,0.0,0.0,0.0,0.0,0.0,0.0,0.0,0.0,0.0,0.0,0.0,0.0
Jiangxi Province,2015,0.0,0.0,0.0,0.0,0.0,0.0,0.0,0.0,0.0,0.0,0.0,0.0
Jiangxi Province,2016,0.0,0.0,0.0,0.0,0.0,0.0,0.0,0.0,0.0,0.0,0.0,0.0
Jiangxi Province,2017,0.0,0.0,0.0,0.0,0.0,0.0,0.0,0.0,0.0,0.0,0.0,0.0
Jiangxi Province,2018,0.0,0.0,0.0,0.0,0.0,0.0,0.0,0.0,0.0,0.0,0.0,0.0
Jiangxi Province,2019,0.0,0.0,0.0,0.0,0.0,0.0,0.0,0.0,0.0,0.0,0.0,0.0
Jiangxi Province,2020,0.0,0.0,0.0,0.0,0.0,0.0,0.0,0.0,0.0,0.0,0.0,0.0
Jiangxi Province,2021,0.0,0.0,0.0,0.0,0.0,0.0,0.0,0.0,0.0,0.0,0.0,0.0
Jiangxi Province,2022,0.0,0.0,0.0,0.0,0.0,0.0,0.0,0.0,0.0,0.0,0.0,0.0
Jiangxi Province,2023,0.0,0.0,0.0,0.0,0.0,0.0,0.0,0.0,0.0,0.0,0.0,0.0
Jiangxi Province,2024,0.0,0.0,0.0,0.0,0.0,0.0,0.0,0.0,0.0,0.0,0.0,0.0
Jiangxi Province,2025,0.0,0.0,0.0,0.0,0.0,0.0,0.0,0.0,0.0,0.0,0.0,0.0
Jilin Province,1989,0.0,0.0,0.0,0.0,0.0,0.0,0.0,0.0,0.0,0.0,0.0,0.0
Jilin Province,1990,0.0,0.0,0.0,0.0,0.0,0.0,0.0,0.0,0.0,0.0,0.0,0.0
Jilin Province,1991,0.0,0.0,0.0,0.0,0.0,0.0,0.0,0.0,0.0,0.0,0.0,0.0
Jilin Province,1992,0.0,0.0,0.0,0.0,0.0,0.0,0.0,0.0,0.0,0.0,0.0,0.0
Jilin Province,1993,0.0,0.0,0.0,0.0,0.0,0.0,0.0,0.0,0.0,0.0,0.0,0.0
Jilin Province,1994,0.0,0.0,0.0,0.0,0.0,0.0,0.0,0.0,0.0,0.0,0.0,0.0
Jilin Province,1995,0.0,0.0,0.0,0.0,0.0,0.0,0.0,0.0,0.0,0.0,0.0,0.0
Jilin Province,1996,0.0,0.0,0.0,0.0,0.0,0.0,0.0,0.0,0.0,0.0,0.0,0.0
Jilin Province,1997,0.0,0.0,0.0,0.0,0.0,0.0,0.0,0.0,0.0,0.0,0.0,0.0
Jilin Province,1998,0.0,0.0,0.0,0.0,0.0,0.0,0.0,0.0,0.0,0.0,0.0,0.0
Jilin Province,1999,0.0,0.0,0.0,0.0,0.0,0.0,0.0,0.0,0.0,0.0,0.0,0.0
Jilin Province,2000,0.0,0.0,0.0,0.0,0.0,0.0,0.0,0.0,0.0,0.0,0.0,0.0
Jilin Province,2001,0.0,0.0,0.0,0.0,0.0,0.0,0.0,0.0,0.0,0.0,0.0,0.0
Jilin Province,2002,0.0,0.0,0.0,0.0,0.0,0.0,0.0,0.0,0.0,0.0,0.0,0.0
Jilin Province,2003,0.0,0.0,0.0,0.0,0.0,0.0,0.0,0.0,0.0,0.0,0.0,0.0
Jilin Province,2004,0.0,0.0,0.0,0.0,0.0,0.0,0.0,0.0,0.0,0.0,0.0,0.0
Jilin Province,2005,0.0,0.0,0.0,0.0,0.0,0.0,0.0,0.0,0.0,0.0,0.0,0.0
Jilin Province,2006,0.0,0.0,0.0,0.0,0.0,0.0,0.0,0.0,0.0,0.0,0.0,0.0
Jilin Province,2007,0.0,0.0,0.0,0.0,0.0,0.0,0.0,0.0,0.0,0.0,0.0,0.0
Jilin Province,2008,0.0,0.0,0.0,0.0,0.0,0.0,0.0,0.0,0.0,0.0,0.0,0.0
Jilin Province,2009,0.0,0.0,0.0,0.0,0.0,0.0,0.0,0.0,0.0,0.0,0.0,0.0
Jilin Province,2010,0.0,0.0,0.0,0.0,0.0,0.0,0.0,0.0,0.0,0.0,0.0,0.0
Jilin Province,2011,0.0,0.0,0.0,0.0,0.0,0.0,0.0,0.0,0.0,0.0,0.0,0.0
Jilin Province,2012,0.0,0.0,0.0,0.0,0.0,0.0,0.0,0.0,0.0,0.0,0.0,0.0
Jilin Province,2013,0.0,0.0,0.0,0.0,0.0,0.0,0.0,0.0,0.0,0.0,0.0,0.0
Jilin Province,2014,0.0,0.0,0.0,0.0,0.0,0.0,0.0,0.0,0.0,0.0,0.0,0.0
Jilin Province,2015,0.0,0.0,0.0,0.0,0.0,0.0,0.0,0.0,0.0,0.0,0.0,0.0
Jilin Province,2016,0.0,0.0,0.0,0.0,0.0,0.0,0.0,0.0,0.0,0.0,0.0,0.0
Jilin Province,2017,0.0,0.0,0.0,0.0,0.0,0.0,0.0,0.0,0.0,0.0,0.0,0.0
Jilin Province,2018,0.0,0.0,0.0,0.0,0.0,0.0,0.0,0.0,0.0,0.0,0.0,0.0
Jilin Province,2019,0.0,0.0,0.0,0.0,0.0,0.0,0.0,0.0,0.0,0.0,0.0,0.0
Jilin Province,2020,0.0,0.0,0.0,0.0,0.0,0.0,0.0,0.0,0.0,0.0,0.0,0.0
Jilin Province,2021,0.0,0.0,0.0,0.0,0.0,0.0,0.0,0.0,0.0,0.0,0.0,0.0
Jilin Province,2022,0.0,0.0,0.0,0.0,0.0,0.0,0.0,0.0,0.0,0.0,0.0,0.0
Jilin Province,2023,0.0,0.0,0.0,0.0,0.0,0.0,0.0,0.0,0.0,0.0,0.0,0.0
Jilin Province,2024,0.0,0.0,0.0,0.0,0.0,0.0,0.0,0.0,0.0,0.0,0.0,0.0
Jilin Province,2025,0.0,0.0,0.0,0.0,0.0,0.0,0.0,0.0,0.0,0.0,0.0,0.0
Jordan,1989,0.0,0.0,0.0,0.0,0.0,0.0,NA,NA,NA,NA,NA,NA
Jordan,1990,0.0,0.0,0.0,0.0,0.0,0.0,NA,NA,NA,NA,NA,NA
Jordan,1991,0.0,0.0,0.0,0.0,0.0,0.0,NA,NA,NA,NA,NA,NA
Jordan,1992,0.0,0.0,0.0,0.0,0.0,0.0,NA,NA,NA,NA,NA,NA
Jordan,1993,0.0,0.0,0.0,0.0,0.0,0.0,NA,NA,NA,NA,NA,NA
Jordan,1994,0.0,0.0,0.0,0.0,0.0,0.0,NA,NA,NA,NA,NA,NA
Jordan,1995,0.0,0.0,0.0,0.0,0.0,0.0,NA,NA,NA,NA,NA,NA
Jordan,1996,0.0,0.0,0.0,0.0,0.0,0.0,NA,NA,NA,NA,NA,NA
Jordan,1997,0.0,0.0,0.0,0.0,0.0,0.0,NA,NA,NA,NA,NA,NA
Jordan,1998,0.0,0.0,0.0,0.0,0.0,0.0,NA,NA,NA,NA,NA,NA
Jordan,1999,0.0,0.0,0.0,0.0,0.0,0.0,NA,NA,NA,NA,NA,NA
Jordan,2000,0.0,0.0,0.0,0.0,0.0,0.0,NA,NA,NA,NA,NA,NA
Jordan,2001,0.0,0.0,0.0,0.0,0.0,0.0,NA,NA,NA,NA,NA,NA
Jordan,2002,0.0,0.0,0.0,0.0,0.0,0.0,NA,NA,NA,NA,NA,NA
Jordan,2003,0.0,0.0,0.0,0.0,0.0,0.0,NA,NA,NA,NA,NA,NA
Jordan,2004,0.0,0.0,0.0,0.0,0.0,0.0,NA,NA,NA,NA,NA,NA
Jordan,2005,0.0,0.0,0.0,0.0,0.0,0.0,NA,NA,NA,NA,NA,NA
Jordan,2006,0.0,0.0,0.0,0.0,0.0,0.0,NA,NA,NA,NA,NA,NA
Jordan,2007,0.0,0.0,0.0,0.0,0.0,0.0,NA,NA,NA,NA,NA,NA
Jordan,2008,0.0,0.0,0.0,0.0,0.0,0.0,NA,NA,NA,NA,NA,NA
Jordan,2009,0.0,0.0,0.0,0.0,0.0,0.0,NA,NA,NA,NA,NA,NA
Jordan,2010,0.0,0.0,0.0,0.0,0.0,0.0,NA,NA,NA,NA,NA,NA
Jordan,2011,0.0,0.0,0.0,0.0,0.0,0.0,NA,NA,NA,NA,NA,NA
Jordan,2012,0.0,0.0,0.0,0.0,0.0,0.0,NA,NA,NA,NA,NA,NA
Jordan,2013,0.0,0.0,0.0,0.0,0.0,0.0,NA,NA,NA,NA,NA,NA
Jordan,2014,0.0,0.0,0.0,0.0,0.0,0.0,NA,NA,NA,NA,NA,NA
Jordan,2015,0.0,0.0,0.0,0.0,0.0,0.0,NA,NA,NA,NA,NA,NA
Jordan,2016,0.0,0.0,0.0,0.0,0.0,0.0,NA,NA,NA,NA,NA,NA
Jordan,2017,0.0,0.0,0.0,0.0,0.0,0.0,NA,NA,NA,NA,NA,NA
Jordan,2018,0.0,0.0,0.0,0.0,0.0,0.0,NA,NA,NA,NA,NA,NA
Jordan,2019,0.0,0.0,0.0,0.0,0.0,0.0,NA,NA,NA,NA,NA,NA
Jordan,2020,0.0,0.0,0.0,0.0,0.0,0.0,NA,NA,NA,NA,NA,NA
Jordan,2021,0.0,0.0,0.0,0.0,0.0,0.0,NA,NA,NA,NA,NA,NA
Jordan,2022,0.0,0.0,0.0,0.0,0.0,0.0,NA,NA,NA,NA,NA,NA
Jordan,2023,0.0,0.0,0.0,0.0,0.0,0.0,NA,NA,NA,NA,NA,NA
Jordan,2024,0.0,0.0,0.0,0.0,0.0,0.0,NA,NA,NA,NA,NA,NA
Jordan,2025,0.0,0.0,0.0,0.0,0.0,0.0,NA,NA,NA,NA,NA,NA
Kagawa,1989,0.0,0.0,0.0,0.0,0.0,0.0,0.0,0.0,0.0,0.0,0.0,0.0
Kagawa,1990,0.0,0.0,0.0,0.0,0.0,0.0,0.0,0.0,0.0,0.0,0.0,0.0
Kagawa,1991,0.0,0.0,0.0,0.0,0.0,0.0,0.0,0.0,0.0,0.0,0.0,0.0
Kagawa,1992,0.0,0.0,0.0,0.0,0.0,0.0,0.0,0.0,0.0,0.0,0.0,0.0
Kagawa,1993,0.0,0.0,0.0,0.0,0.0,0.0,0.0,0.0,0.0,0.0,0.0,0.0
Kagawa,1994,0.0,0.0,0.0,0.0,0.0,0.0,0.0,0.0,0.0,0.0,0.0,0.0
Kagawa,1995,0.0,0.0,0.0,0.0,0.0,0.0,0.0,0.0,0.0,0.0,0.0,0.0
Kagawa,1996,0.0,0.0,0.0,0.0,0.0,0.0,0.0,0.0,0.0,0.0,0.0,0.0
Kagawa,1997,0.0,0.0,0.0,0.0,0.0,0.0,0.0,0.0,0.0,0.0,0.0,0.0
Kagawa,1998,0.0,0.0,0.0,0.0,0.0,0.0,0.0,0.0,0.0,0.0,0.0,0.0
Kagawa,1999,0.0,0.0,0.0,0.0,0.0,0.0,0.0,0.0,0.0,0.0,0.0,0.0
Kagawa,2000,0.0,0.0,0.0,0.0,0.0,0.0,0.0,0.0,0.0,0.0,0.0,0.0
Kagawa,2001,0.0,0.0,0.0,0.0,0.0,0.0,0.0,0.0,0.0,0.0,0.0,0.0
Kagawa,2002,0.0,0.0,0.0,0.0,0.0,0.0,0.0,0.0,0.0,0.0,0.0,0.0
Kagawa,2003,0.0,0.0,0.0,0.0,0.0,0.0,0.0,0.0,0.0,0.0,0.0,0.0
Kagawa,2004,0.0,0.0,0.0,0.0,0.0,0.0,0.0,0.0,0.0,0.0,0.0,0.0
Kagawa,2005,0.0,0.0,0.0,0.0,0.0,0.0,0.0,0.0,0.0,0.0,0.0,0.0
Kagawa,2006,0.0,0.0,0.0,0.0,0.0,0.0,0.0,0.0,0.0,0.0,0.0,0.0
Kagawa,2007,0.0,0.0,0.0,0.0,0.0,0.0,0.0,0.0,0.0,0.0,0.0,0.0
Kagawa,2008,0.0,0.0,0.0,0.0,0.0,0.0,0.0,0.0,0.0,0.0,0.0,0.0
Kagawa,2009,0.0,0.0,0.0,0.0,0.0,0.0,0.0,0.0,0.0,0.0,0.0,0.0
Kagawa,2010,0.0,0.0,0.0,0.0,0.0,0.0,0.0,0.0,0.0,0.0,0.0,0.0
Kagawa,2011,0.0,0.0,0.0,0.0,0.0,0.0,0.0,0.0,0.0,0.0,0.0,0.0
Kagawa,2012,0.0,0.0,0.0,0.0,0.0,0.0,0.0,0.0,0.0,0.0,0.0,0.0
Kagawa,2013,0.0,0.0,0.0,0.0,0.0,0.0,0.0,0.0,0.0,0.0,0.0,0.0
Kagawa,2014,0.0,0.0,0.0,0.0,0.0,0.0,0.0,0.0,0.0,0.0,0.0,0.0
Kagawa,2015,0.0,0.0,0.0,0.0,0.0,0.0,0.0,0.0,0.0,0.0,0.0,0.0
Kagawa,2016,0.0,0.0,0.0,0.0,0.0,0.0,0.0,0.0,0.0,0.0,0.0,0.0
Kagawa,2017,0.0,0.0,0.0,0.0,0.0,0.0,0.0,0.0,0.0,0.0,0.0,0.0
Kagawa,2018,0.0,0.0,0.0,0.0,0.0,0.0,0.0,0.0,0.0,0.0,0.0,0.0
Kagawa,2019,0.0,0.0,0.0,0.0,0.0,0.0,0.0,0.0,0.0,0.0,0.0,0.0
Kagawa,2020,0.0,0.0,0.0,0.0,0.0,0.0,0.0,0.0,0.0,0.0,0.0,0.0
Kagawa,2021,0.0,0.0,0.0,0.0,0.0,0.0,0.0,0.0,0.0,0.0,0.0,0.0
Kagawa,2022,0.0,0.0,0.0,0.0,0.0,0.0,0.0,0.0,0.0,0.0,0.0,0.0
Kagawa,2023,0.0,0.0,0.0,0.0,0.0,0.0,0.0,0.0,0.0,0.0,0.0,0.0
Kagawa,2024,0.0,0.0,0.0,0.0,0.0,0.0,0.0,0.0,0.0,0.0,0.0,0.0
Kagawa,2025,0.0,0.0,0.0,0.0,0.0,0.0,0.0,0.0,0.0,0.0,0.0,0.0
Kagoshima,1989,0.0,0.0,0.0,0.0,0.0,0.0,0.0,0.0,0.0,0.0,0.0,0.0
Kagoshima,1990,0.0,0.0,0.0,0.0,0.0,0.0,0.0,0.0,0.0,0.0,0.0,0.0
Kagoshima,1991,0.0,0.0,0.0,0.0,0.0,0.0,0.0,0.0,0.0,0.0,0.0,0.0
Kagoshima,1992,0.0,0.0,0.0,0.0,0.0,0.0,0.0,0.0,0.0,0.0,0.0,0.0
Kagoshima,1993,0.0,0.0,0.0,0.0,0.0,0.0,0.0,0.0,0.0,0.0,0.0,0.0
Kagoshima,1994,0.0,0.0,0.0,0.0,0.0,0.0,0.0,0.0,0.0,0.0,0.0,0.0
Kagoshima,1995,0.0,0.0,0.0,0.0,0.0,0.0,0.0,0.0,0.0,0.0,0.0,0.0
Kagoshima,1996,0.0,0.0,0.0,0.0,0.0,0.0,0.0,0.0,0.0,0.0,0.0,0.0
Kagoshima,1997,0.0,0.0,0.0,0.0,0.0,0.0,0.0,0.0,0.0,0.0,0.0,0.0
Kagoshima,1998,0.0,0.0,0.0,0.0,0.0,0.0,0.0,0.0,0.0,0.0,0.0,0.0
Kagoshima,1999,0.0,0.0,0.0,0.0,0.0,0.0,0.0,0.0,0.0,0.0,0.0,0.0
Kagoshima,2000,0.0,0.0,0.0,0.0,0.0,0.0,0.0,0.0,0.0,0.0,0.0,0.0
Kagoshima,2001,0.0,0.0,0.0,0.0,0.0,0.0,0.0,0.0,0.0,0.0,0.0,0.0
Kagoshima,2002,0.0,0.0,0.0,0.0,0.0,0.0,0.0,0.0,0.0,0.0,0.0,0.0
Kagoshima,2003,0.0,0.0,0.0,0.0,0.0,0.0,0.0,0.0,0.0,0.0,0.0,0.0
Kagoshima,2004,0.0,0.0,0.0,0.0,0.0,0.0,0.0,0.0,0.0,0.0,0.0,0.0
Kagoshima,2005,0.0,0.0,0.0,0.0,0.0,0.0,0.0,0.0,0.0,0.0,0.0,0.0
Kagoshima,2006,0.0,0.0,0.0,0.0,0.0,0.0,0.0,0.0,0.0,0.0,0.0,0.0
Kagoshima,2007,0.0,0.0,0.0,0.0,0.0,0.0,0.0,0.0,0.0,0.0,0.0,0.0
Kagoshima,2008,0.0,0.0,0.0,0.0,0.0,0.0,0.0,0.0,0.0,0.0,0.0,0.0
Kagoshima,2009,0.0,0.0,0.0,0.0,0.0,0.0,0.0,0.0,0.0,0.0,0.0,0.0
Kagoshima,2010,0.0,0.0,0.0,0.0,0.0,0.0,0.0,0.0,0.0,0.0,0.0,0.0
Kagoshima,2011,0.0,0.0,0.0,0.0,0.0,0.0,0.0,0.0,0.0,0.0,0.0,0.0
Kagoshima,2012,0.0,0.0,0.0,0.0,0.0,0.0,0.0,0.0,0.0,0.0,0.0,0.0
Kagoshima,2013,0.0,0.0,0.0,0.0,0.0,0.0,0.0,0.0,0.0,0.0,0.0,0.0
Kagoshima,2014,0.0,0.0,0.0,0.0,0.0,0.0,0.0,0.0,0.0,0.0,0.0,0.0
Kagoshima,2015,0.0,0.0,0.0,0.0,0.0,0.0,0.0,0.0,0.0,0.0,0.0,0.0
Kagoshima,2016,0.0,0.0,0.0,0.0,0.0,0.0,0.0,0.0,0.0,0.0,0.0,0.0
Kagoshima,2017,0.0,0.0,0.0,0.0,0.0,0.0,0.0,0.0,0.0,0.0,0.0,0.0
Kagoshima,2018,0.0,0.0,0.0,0.0,0.0,0.0,0.0,0.0,0.0,0.0,0.0,0.0
Kagoshima,2019,0.0,0.0,0.0,0.0,0.0,0.0,0.0,0.0,0.0,0.0,0.0,0.0
Kagoshima,2020,0.0,0.0,0.0,0.0,0.0,0.0,0.0,0.0,0.0,0.0,0.0,0.0
Kagoshima,2021,0.0,0.0,0.0,0.0,0.0,0.0,0.0,0.0,0.0,0.0,0.0,0.0
Kagoshima,2022,0.0,0.0,0.0,0.0,0.0,0.0,0.0,0.0,0.0,0.0,0.0,0.0
Kagoshima,2023,0.0,0.0,0.0,0.0,0.0,0.0,0.0,0.0,0.0,0.0,0.0,0.0
Kagoshima,2024,0.0,0.0,0.0,0.0,0.0,0.0,0.0,0.0,0.0,0.0,0.0,0.0
Kagoshima,2025,0.0,0.0,0.0,0.0,0.0,0.0,0.0,0.0,0.0,0.0,0.0,0.0
Kanagawa,1989,0.0,0.0,0.0,0.0,0.0,0.0,0.0,0.0,0.0,0.0,0.0,0.0
Kanagawa,1990,0.0,0.0,0.0,0.0,0.0,0.0,0.0,0.0,0.0,0.0,0.0,0.0
Kanagawa,1991,0.0,0.0,0.0,0.0,0.0,0.0,0.0,0.0,0.0,0.0,0.0,0.0
Kanagawa,1992,0.0,0.0,0.0,0.0,0.0,0.0,0.0,0.0,0.0,0.0,0.0,0.0
Kanagawa,1993,0.0,0.0,0.0,0.0,0.0,0.0,0.0,0.0,0.0,0.0,0.0,0.0
Kanagawa,1994,0.0,0.0,0.0,0.0,0.0,0.0,0.0,0.0,0.0,0.0,0.0,0.0
Kanagawa,1995,0.0,0.0,0.0,0.0,0.0,0.0,0.0,0.0,0.0,0.0,0.0,0.0
Kanagawa,1996,0.0,0.0,0.0,0.0,0.0,0.0,0.0,0.0,0.0,0.0,0.0,0.0
Kanagawa,1997,0.0,0.0,0.0,0.0,0.0,0.0,0.0,0.0,0.0,0.0,0.0,0.0
Kanagawa,1998,0.0,0.0,0.0,0.0,0.0,0.0,0.0,0.0,0.0,0.0,0.0,0.0
Kanagawa,1999,0.0,0.0,0.0,0.0,0.0,0.0,0.0,0.0,0.0,0.0,0.0,0.0
Kanagawa,2000,0.0,0.0,0.0,0.0,0.0,0.0,0.0,0.0,0.0,0.0,0.0,0.0
Kanagawa,2001,0.0,0.0,0.0,0.0,0.0,0.0,0.0,0.0,0.0,0.0,0.0,0.0
Kanagawa,2002,0.0,0.0,0.0,0.0,0.0,0.0,0.0,0.0,0.0,0.0,0.0,0.0
Kanagawa,2003,0.0,0.0,0.0,0.0,0.0,0.0,0.0,0.0,0.0,0.0,0.0,0.0
Kanagawa,2004,0.0,0.0,0.0,0.0,0.0,0.0,0.0,0.0,0.0,0.0,0.0,0.0
Kanagawa,2005,0.0,0.0,0.0,0.0,0.0,0.0,0.0,0.0,0.0,0.0,0.0,0.0
Kanagawa,2006,0.0,0.0,0.0,0.0,0.0,0.0,0.0,0.0,0.0,0.0,0.0,0.0
Kanagawa,2007,0.0,0.0,0.0,0.0,0.0,0.0,0.0,0.0,0.0,0.0,0.0,0.0
Kanagawa,2008,0.0,0.0,0.0,0.0,0.0,0.0,0.0,0.0,0.0,0.0,0.0,0.0
Kanagawa,2009,0.0,0.0,0.0,0.0,0.0,0.0,0.0,0.0,0.0,0.0,0.0,0.0
Kanagawa,2010,0.0,0.0,0.0,0.0,0.0,0.0,0.0,0.0,0.0,0.0,0.0,0.0
Kanagawa,2011,0.0,0.0,0.0,0.0,0.0,0.0,0.0,0.0,0.0,0.0,0.0,0.0
Kanagawa,2012,0.0,0.0,0.0,0.0,0.0,0.0,0.0,0.0,0.0,0.0,0.0,0.0
Kanagawa,2013,0.0,0.0,0.0,0.0,0.0,0.0,0.0,0.0,0.0,0.0,0.0,0.0
Kanagawa,2014,0.0,0.0,0.0,0.0,0.0,0.0,0.0,0.0,0.0,0.0,0.0,0.0
Kanagawa,2015,0.0,0.0,0.0,0.0,0.0,0.0,0.0,0.0,0.0,0.0,0.0,0.0
Kanagawa,2016,0.0,0.0,0.0,0.0,0.0,0.0,0.0,0.0,0.0,0.0,0.0,0.0
Kanagawa,2017,0.0,0.0,0.0,0.0,0.0,0.0,0.0,0.0,0.0,0.0,0.0,0.0
Kanagawa,2018,0.0,0.0,0.0,0.0,0.0,0.0,0.0,0.0,0.0,0.0,0.0,0.0
Kanagawa,2019,0.0,0.0,0.0,0.0,0.0,0.0,0.0,0.0,0.0,0.0,0.0,0.0
Kanagawa,2020,0.0,0.0,0.0,0.0,0.0,0.0,0.0,0.0,0.0,0.0,0.0,0.0
Kanagawa,2021,0.0,0.0,0.0,0.0,0.0,0.0,0.0,0.0,0.0,0.0,0.0,0.0
Kanagawa,2022,0.0,0.0,0.0,0.0,0.0,0.0,0.0,0.0,0.0,0.0,0.0,0.0
Kanagawa,2023,0.0,0.0,0.0,0.0,0.0,0.0,0.0,0.0,0.0,0.0,0.0,0.0
Kanagawa,2024,0.0,0.0,0.0,0.0,0.0,0.0,0.0,0.0,0.0,0.0,0.0,0.0
Kanagawa,2025,0.0,0.0,0.0,0.0,0.0,0.0,0.0,0.0,0.0,0.0,0.0,0.0
Kansas,1989,0.0,0.0,0.0,0.0,0.0,0.0,0.0,0.0,0.0,0.0,0.0,0.0
Kansas,1990,0.0,0.0,0.0,0.0,0.0,0.0,0.0,0.0,0.0,0.0,0.0,0.0
Kansas,1991,0.0,0.0,0.0,0.0,0.0,0.0,0.0,0.0,0.0,0.0,0.0,0.0
Kansas,1992,0.0,0.0,0.0,0.0,0.0,0.0,0.0,0.0,0.0,0.0,0.0,0.0
Kansas,1993,0.0,0.0,0.0,0.0,0.0,0.0,0.0,0.0,0.0,0.0,0.0,0.0
Kansas,1994,0.0,0.0,0.0,0.0,0.0,0.0,0.0,0.0,0.0,0.0,0.0,0.0
Kansas,1995,0.0,0.0,0.0,0.0,0.0,0.0,0.0,0.0,0.0,0.0,0.0,0.0
Kansas,1996,0.0,0.0,0.0,0.0,0.0,0.0,0.0,0.0,0.0,0.0,0.0,0.0
Kansas,1997,0.0,0.0,0.0,0.0,0.0,0.0,0.0,0.0,0.0,0.0,0.0,0.0
Kansas,1998,0.0,0.0,0.0,0.0,0.0,0.0,0.0,0.0,0.0,0.0,0.0,0.0
Kansas,1999,0.0,0.0,0.0,0.0,0.0,0.0,0.0,0.0,0.0,0.0,0.0,0.0
Kansas,2000,0.0,0.0,0.0,0.0,0.0,0.0,0.0,0.0,0.0,0.0,0.0,0.0
Kansas,2001,0.0,0.0,0.0,0.0,0.0,0.0,0.0,0.0,0.0,0.0,0.0,0.0
Kansas,2002,0.0,0.0,0.0,0.0,0.0,0.0,0.0,0.0,0.0,0.0,0.0,0.0
Kansas,2003,0.0,0.0,0.0,0.0,0.0,0.0,0.0,0.0,0.0,0.0,0.0,0.0
Kansas,2004,0.0,0.0,0.0,0.0,0.0,0.0,0.0,0.0,0.0,0.0,0.0,0.0
Kansas,2005,0.0,0.0,0.0,0.0,0.0,0.0,0.0,0.0,0.0,0.0,0.0,0.0
Kansas,2006,0.0,0.0,0.0,0.0,0.0,0.0,0.0,0.0,0.0,0.0,0.0,0.0
Kansas,2007,0.0,0.0,0.0,0.0,0.0,0.0,0.0,0.0,0.0,0.0,0.0,0.0
Kansas,2008,0.0,0.0,0.0,0.0,0.0,0.0,0.0,0.0,0.0,0.0,0.0,0.0
Kansas,2009,0.0,0.0,0.0,0.0,0.0,0.0,0.0,0.0,0.0,0.0,0.0,0.0
Kansas,2010,0.0,0.0,0.0,0.0,0.0,0.0,0.0,0.0,0.0,0.0,0.0,0.0
Kansas,2011,0.0,0.0,0.0,0.0,0.0,0.0,0.0,0.0,0.0,0.0,0.0,0.0
Kansas,2012,0.0,0.0,0.0,0.0,0.0,0.0,0.0,0.0,0.0,0.0,0.0,0.0
Kansas,2013,0.0,0.0,0.0,0.0,0.0,0.0,0.0,0.0,0.0,0.0,0.0,0.0
Kansas,2014,0.0,0.0,0.0,0.0,0.0,0.0,0.0,0.0,0.0,0.0,0.0,0.0
Kansas,2015,0.0,0.0,0.0,0.0,0.0,0.0,0.0,0.0,0.0,0.0,0.0,0.0
Kansas,2016,0.0,0.0,0.0,0.0,0.0,0.0,0.0,0.0,0.0,0.0,0.0,0.0
Kansas,2017,0.0,0.0,0.0,0.0,0.0,0.0,0.0,0.0,0.0,0.0,0.0,0.0
Kansas,2018,0.0,0.0,0.0,0.0,0.0,0.0,0.0,0.0,0.0,0.0,0.0,0.0
Kansas,2019,0.0,0.0,0.0,0.0,0.0,0.0,0.0,0.0,0.0,0.0,0.0,0.0
Kansas,2020,0.0,0.0,0.0,0.0,0.0,0.0,0.0,0.0,0.0,0.0,0.0,0.0
Kansas,2021,0.0,0.0,0.0,0.0,0.0,0.0,0.0,0.0,0.0,0.0,0.0,0.0
Kansas,2022,0.0,0.0,0.0,0.0,0.0,0.0,0.0,0.0,0.0,0.0,0.0,0.0
Kansas,2023,0.0,0.0,0.0,0.0,0.0,0.0,0.0,0.0,0.0,0.0,0.0,0.0
Kansas,2024,0.0,0.0,0.0,0.0,0.0,0.0,0.0,0.0,0.0,0.0,0.0,0.0
Kansas,2025,0.0,0.0,0.0,0.0,0.0,0.0,0.0,0.0,0.0,0.0,0.0,0.0
Kazakhstan,1989,0.0,0.0,0.0,0.0,0.0,0.0,NA,NA,NA,NA,NA,NA
Kazakhstan,1990,0.0,0.0,0.0,0.0,0.0,0.0,NA,NA,NA,NA,NA,NA
Kazakhstan,1991,0.0,0.0,0.0,0.0,0.0,0.0,NA,NA,NA,NA,NA,NA
Kazakhstan,1992,0.0,0.0,0.0,0.0,0.0,0.0,NA,NA,NA,NA,NA,NA
Kazakhstan,1993,0.0,0.0,0.0,0.0,0.0,0.0,NA,NA,NA,NA,NA,NA
Kazakhstan,1994,0.0,0.0,0.0,0.0,0.0,0.0,NA,NA,NA,NA,NA,NA
Kazakhstan,1995,0.0,0.0,0.0,0.0,0.0,0.0,NA,NA,NA,NA,NA,NA
Kazakhstan,1996,0.0,0.0,0.0,0.0,0.0,0.0,NA,NA,NA,NA,NA,NA
Kazakhstan,1997,0.0,0.0,0.0,0.0,0.0,0.0,NA,NA,NA,NA,NA,NA
Kazakhstan,1998,0.0,0.0,0.0,0.0,0.0,0.0,NA,NA,NA,NA,NA,NA
Kazakhstan,1999,0.0,0.0,0.0,0.0,0.0,0.0,NA,NA,NA,NA,NA,NA
Kazakhstan,2000,0.0,0.0,0.0,0.0,0.0,0.0,NA,NA,NA,NA,NA,NA
Kazakhstan,2001,0.0,0.0,0.0,0.0,0.0,0.0,NA,NA,NA,NA,NA,NA
Kazakhstan,2002,0.0,0.0,0.0,0.0,0.0,0.0,NA,NA,NA,NA,NA,NA
Kazakhstan,2003,0.0,0.0,0.0,0.0,0.0,0.0,NA,NA,NA,NA,NA,NA
Kazakhstan,2004,0.0,0.0,0.0,0.0,0.0,0.0,NA,NA,NA,NA,NA,NA
Kazakhstan,2005,0.0,0.0,0.0,0.0,0.0,0.0,NA,NA,NA,NA,NA,NA
Kazakhstan,2006,0.0,0.0,0.0,0.0,0.0,0.0,NA,NA,NA,NA,NA,NA
Kazakhstan,2007,0.0,0.0,0.0,0.0,0.0,0.0,NA,NA,NA,NA,NA,NA
Kazakhstan,2008,0.0,0.0,0.0,0.0,0.0,0.0,NA,NA,NA,NA,NA,NA
Kazakhstan,2009,0.0,0.0,0.0,0.0,0.0,0.0,NA,NA,NA,NA,NA,NA
Kazakhstan,2010,0.0,0.0,0.0,0.0,0.0,0.0,NA,NA,NA,NA,NA,NA
Kazakhstan,2011,0.0,0.0,0.0,0.0,0.0,0.0,NA,NA,NA,NA,NA,NA
Kazakhstan,2012,0.0,0.0,0.0,0.0,0.0,0.0,NA,NA,NA,NA,NA,NA
Kazakhstan,2013,0.0,0.0,0.0,0.0,0.0,0.0,NA,NA,NA,NA,NA,NA
Kazakhstan,2014,0.2774890008615849,0.0,0.2774890008615849,0.36299310250455985,0.0,0.36299310250455985,NA,NA,NA,NA,NA,NA
Kazakhstan,2015,0.724177618951027,0.0,0.724177618951027,0.9473221635855825,0.0,0.9473221635855825,NA,NA,NA,NA,NA,NA
Kazakhstan,2016,0.0,0.0,0.0,0.0,0.0,0.0,NA,NA,NA,NA,NA,NA
Kazakhstan,2017,0.0,0.0,0.0,0.0,0.0,0.0,NA,NA,NA,NA,NA,NA
Kazakhstan,2018,0.0,0.0,0.0,0.0,0.0,0.0,NA,NA,NA,NA,NA,NA
Kazakhstan,2019,0.5529346949530523,0.0,0.5529346949530523,0.7233132836985431,0.0,0.7233132836985431,NA,NA,NA,NA,NA,NA
Kazakhstan,2020,0.5613690191833314,0.0,0.5613690191833314,0.7343465192876019,0.0,0.7343465192876019,NA,NA,NA,NA,NA,NA
Kazakhstan,2021,0.5445976355379226,0.0,0.5445976355379226,0.7124072836283915,0.0,0.7124072836283915,NA,NA,NA,NA,NA,NA
Kazakhstan,2022,0.5079361967893656,0.0,0.5079361967893656,0.6644491687038373,0.0,0.6644491687038373,NA,NA,NA,NA,NA,NA
Kazakhstan,2023,0.38844695855342115,0.0,0.38844695855342115,0.5081411018309188,0.0,0.5081411018309188,NA,NA,NA,NA,NA,NA
Kazakhstan,2024,0.38598323577189836,0.0,0.38598323577189836,0.5049182195782913,0.0,0.5049182195782913,NA,NA,NA,NA,NA,NA
Kazakhstan,2025,0.4130266995037465,0.0,0.4130266995037465,0.5402947237712981,0.0,0.5402947237712981,NA,NA,NA,NA,NA,NA
Kentucky,1989,0.0,0.0,0.0,0.0,0.0,0.0,0.0,0.0,0.0,0.0,0.0,0.0
Kentucky,1990,0.0,0.0,0.0,0.0,0.0,0.0,0.0,0.0,0.0,0.0,0.0,0.0
Kentucky,1991,0.0,0.0,0.0,0.0,0.0,0.0,0.0,0.0,0.0,0.0,0.0,0.0
Kentucky,1992,0.0,0.0,0.0,0.0,0.0,0.0,0.0,0.0,0.0,0.0,0.0,0.0
Kentucky,1993,0.0,0.0,0.0,0.0,0.0,0.0,0.0,0.0,0.0,0.0,0.0,0.0
Kentucky,1994,0.0,0.0,0.0,0.0,0.0,0.0,0.0,0.0,0.0,0.0,0.0,0.0
Kentucky,1995,0.0,0.0,0.0,0.0,0.0,0.0,0.0,0.0,0.0,0.0,0.0,0.0
Kentucky,1996,0.0,0.0,0.0,0.0,0.0,0.0,0.0,0.0,0.0,0.0,0.0,0.0
Kentucky,1997,0.0,0.0,0.0,0.0,0.0,0.0,0.0,0.0,0.0,0.0,0.0,0.0
Kentucky,1998,0.0,0.0,0.0,0.0,0.0,0.0,0.0,0.0,0.0,0.0,0.0,0.0
Kentucky,1999,0.0,0.0,0.0,0.0,0.0,0.0,0.0,0.0,0.0,0.0,0.0,0.0
Kentucky,2000,0.0,0.0,0.0,0.0,0.0,0.0,0.0,0.0,0.0,0.0,0.0,0.0
Kentucky,2001,0.0,0.0,0.0,0.0,0.0,0.0,0.0,0.0,0.0,0.0,0.0,0.0
Kentucky,2002,0.0,0.0,0.0,0.0,0.0,0.0,0.0,0.0,0.0,0.0,0.0,0.0
Kentucky,2003,0.0,0.0,0.0,0.0,0.0,0.0,0.0,0.0,0.0,0.0,0.0,0.0
Kentucky,2004,0.0,0.0,0.0,0.0,0.0,0.0,0.0,0.0,0.0,0.0,0.0,0.0
Kentucky,2005,0.0,0.0,0.0,0.0,0.0,0.0,0.0,0.0,0.0,0.0,0.0,0.0
Kentucky,2006,0.0,0.0,0.0,0.0,0.0,0.0,0.0,0.0,0.0,0.0,0.0,0.0
Kentucky,2007,0.0,0.0,0.0,0.0,0.0,0.0,0.0,0.0,0.0,0.0,0.0,0.0
Kentucky,2008,0.0,0.0,0.0,0.0,0.0,0.0,0.0,0.0,0.0,0.0,0.0,0.0
Kentucky,2009,0.0,0.0,0.0,0.0,0.0,0.0,0.0,0.0,0.0,0.0,0.0,0.0
Kentucky,2010,0.0,0.0,0.0,0.0,0.0,0.0,0.0,0.0,0.0,0.0,0.0,0.0
Kentucky,2011,0.0,0.0,0.0,0.0,0.0,0.0,0.0,0.0,0.0,0.0,0.0,0.0
Kentucky,2012,0.0,0.0,0.0,0.0,0.0,0.0,0.0,0.0,0.0,0.0,0.0,0.0
Kentucky,2013,0.0,0.0,0.0,0.0,0.0,0.0,0.0,0.0,0.0,0.0,0.0,0.0
Kentucky,2014,0.0,0.0,0.0,0.0,0.0,0.0,0.0,0.0,0.0,0.0,0.0,0.0
Kentucky,2015,0.0,0.0,0.0,0.0,0.0,0.0,0.0,0.0,0.0,0.0,0.0,0.0
Kentucky,2016,0.0,0.0,0.0,0.0,0.0,0.0,0.0,0.0,0.0,0.0,0.0,0.0
Kentucky,2017,0.0,0.0,0.0,0.0,0.0,0.0,0.0,0.0,0.0,0.0,0.0,0.0
Kentucky,2018,0.0,0.0,0.0,0.0,0.0,0.0,0.0,0.0,0.0,0.0,0.0,0.0
Kentucky,2019,0.0,0.0,0.0,0.0,0.0,0.0,0.0,0.0,0.0,0.0,0.0,0.0
Kentucky,2020,0.0,0.0,0.0,0.0,0.0,0.0,0.0,0.0,0.0,0.0,0.0,0.0
Kentucky,2021,0.0,0.0,0.0,0.0,0.0,0.0,0.0,0.0,0.0,0.0,0.0,0.0
Kentucky,2022,0.0,0.0,0.0,0.0,0.0,0.0,0.0,0.0,0.0,0.0,0.0,0.0
Kentucky,2023,0.0,0.0,0.0,0.0,0.0,0.0,0.0,0.0,0.0,0.0,0.0,0.0
Kentucky,2024,0.0,0.0,0.0,0.0,0.0,0.0,0.0,0.0,0.0,0.0,0.0,0.0
Kentucky,2025,0.0,0.0,0.0,0.0,0.0,0.0,0.0,0.0,0.0,0.0,0.0,0.0
Kenya,1989,0.0,0.0,0.0,0.0,0.0,0.0,NA,NA,NA,NA,NA,NA
Kenya,1990,0.0,0.0,0.0,0.0,0.0,0.0,NA,NA,NA,NA,NA,NA
Kenya,1991,0.0,0.0,0.0,0.0,0.0,0.0,NA,NA,NA,NA,NA,NA
Kenya,1992,0.0,0.0,0.0,0.0,0.0,0.0,NA,NA,NA,NA,NA,NA
Kenya,1993,0.0,0.0,0.0,0.0,0.0,0.0,NA,NA,NA,NA,NA,NA
Kenya,1994,0.0,0.0,0.0,0.0,0.0,0.0,NA,NA,NA,NA,NA,NA
Kenya,1995,0.0,0.0,0.0,0.0,0.0,0.0,NA,NA,NA,NA,NA,NA
Kenya,1996,0.0,0.0,0.0,0.0,0.0,0.0,NA,NA,NA,NA,NA,NA
Kenya,1997,0.0,0.0,0.0,0.0,0.0,0.0,NA,NA,NA,NA,NA,NA
Kenya,1998,0.0,0.0,0.0,0.0,0.0,0.0,NA,NA,NA,NA,NA,NA
Kenya,1999,0.0,0.0,0.0,0.0,0.0,0.0,NA,NA,NA,NA,NA,NA
Kenya,2000,0.0,0.0,0.0,0.0,0.0,0.0,NA,NA,NA,NA,NA,NA
Kenya,2001,0.0,0.0,0.0,0.0,0.0,0.0,NA,NA,NA,NA,NA,NA
Kenya,2002,0.0,0.0,0.0,0.0,0.0,0.0,NA,NA,NA,NA,NA,NA
Kenya,2003,0.0,0.0,0.0,0.0,0.0,0.0,NA,NA,NA,NA,NA,NA
Kenya,2004,0.0,0.0,0.0,0.0,0.0,0.0,NA,NA,NA,NA,NA,NA
Kenya,2005,0.0,0.0,0.0,0.0,0.0,0.0,NA,NA,NA,NA,NA,NA
Kenya,2006,0.0,0.0,0.0,0.0,0.0,0.0,NA,NA,NA,NA,NA,NA
Kenya,2007,0.0,0.0,0.0,0.0,0.0,0.0,NA,NA,NA,NA,NA,NA
Kenya,2008,0.0,0.0,0.0,0.0,0.0,0.0,NA,NA,NA,NA,NA,NA
Kenya,2009,0.0,0.0,0.0,0.0,0.0,0.0,NA,NA,NA,NA,NA,NA
Kenya,2010,0.0,0.0,0.0,0.0,0.0,0.0,NA,NA,NA,NA,NA,NA
Kenya,2011,0.0,0.0,0.0,0.0,0.0,0.0,NA,NA,NA,NA,NA,NA
Kenya,2012,0.0,0.0,0.0,0.0,0.0,0.0,NA,NA,NA,NA,NA,NA
Kenya,2013,0.0,0.0,0.0,0.0,0.0,0.0,NA,NA,NA,NA,NA,NA
Kenya,2014,0.0,0.0,0.0,0.0,0.0,0.0,NA,NA,NA,NA,NA,NA
Kenya,2015,0.0,0.0,0.0,0.0,0.0,0.0,NA,NA,NA,NA,NA,NA
Kenya,2016,0.0,0.0,0.0,0.0,0.0,0.0,NA,NA,NA,NA,NA,NA
Kenya,2017,0.0,0.0,0.0,0.0,0.0,0.0,NA,NA,NA,NA,NA,NA
Kenya,2018,0.0,0.0,0.0,0.0,0.0,0.0,NA,NA,NA,NA,NA,NA
Kenya,2019,0.0,0.0,0.0,0.0,0.0,0.0,NA,NA,NA,NA,NA,NA
Kenya,2020,0.0,0.0,0.0,0.0,0.0,0.0,NA,NA,NA,NA,NA,NA
Kenya,2021,0.0,0.0,0.0,0.0,0.0,0.0,NA,NA,NA,NA,NA,NA
Kenya,2022,0.0,0.0,0.0,0.0,0.0,0.0,NA,NA,NA,NA,NA,NA
Kenya,2023,0.0,0.0,0.0,0.0,0.0,0.0,NA,NA,NA,NA,NA,NA
Kenya,2024,0.0,0.0,0.0,0.0,0.0,0.0,NA,NA,NA,NA,NA,NA
Kenya,2025,0.0,0.0,0.0,0.0,0.0,0.0,NA,NA,NA,NA,NA,NA
Kiribati,1989,0.0,0.0,0.0,0.0,0.0,0.0,NA,NA,NA,NA,NA,NA
Kiribati,1990,0.0,0.0,0.0,0.0,0.0,0.0,NA,NA,NA,NA,NA,NA
Kiribati,1991,0.0,0.0,0.0,0.0,0.0,0.0,NA,NA,NA,NA,NA,NA
Kiribati,1992,0.0,0.0,0.0,0.0,0.0,0.0,NA,NA,NA,NA,NA,NA
Kiribati,1993,0.0,0.0,0.0,0.0,0.0,0.0,NA,NA,NA,NA,NA,NA
Kiribati,1994,0.0,0.0,0.0,0.0,0.0,0.0,NA,NA,NA,NA,NA,NA
Kiribati,1995,0.0,0.0,0.0,0.0,0.0,0.0,NA,NA,NA,NA,NA,NA
Kiribati,1996,0.0,0.0,0.0,0.0,0.0,0.0,NA,NA,NA,NA,NA,NA
Kiribati,1997,0.0,0.0,0.0,0.0,0.0,0.0,NA,NA,NA,NA,NA,NA
Kiribati,1998,0.0,0.0,0.0,0.0,0.0,0.0,NA,NA,NA,NA,NA,NA
Kiribati,1999,0.0,0.0,0.0,0.0,0.0,0.0,NA,NA,NA,NA,NA,NA
Kiribati,2000,0.0,0.0,0.0,0.0,0.0,0.0,NA,NA,NA,NA,NA,NA
Kiribati,2001,0.0,0.0,0.0,0.0,0.0,0.0,NA,NA,NA,NA,NA,NA
Kiribati,2002,0.0,0.0,0.0,0.0,0.0,0.0,NA,NA,NA,NA,NA,NA
Kiribati,2003,0.0,0.0,0.0,0.0,0.0,0.0,NA,NA,NA,NA,NA,NA
Kiribati,2004,0.0,0.0,0.0,0.0,0.0,0.0,NA,NA,NA,NA,NA,NA
Kiribati,2005,0.0,0.0,0.0,0.0,0.0,0.0,NA,NA,NA,NA,NA,NA
Kiribati,2006,0.0,0.0,0.0,0.0,0.0,0.0,NA,NA,NA,NA,NA,NA
Kiribati,2007,0.0,0.0,0.0,0.0,0.0,0.0,NA,NA,NA,NA,NA,NA
Kiribati,2008,0.0,0.0,0.0,0.0,0.0,0.0,NA,NA,NA,NA,NA,NA
Kiribati,2009,0.0,0.0,0.0,0.0,0.0,0.0,NA,NA,NA,NA,NA,NA
Kiribati,2010,0.0,0.0,0.0,0.0,0.0,0.0,NA,NA,NA,NA,NA,NA
Kiribati,2011,0.0,0.0,0.0,0.0,0.0,0.0,NA,NA,NA,NA,NA,NA
Kiribati,2012,0.0,0.0,0.0,0.0,0.0,0.0,NA,NA,NA,NA,NA,NA
Kiribati,2013,0.0,0.0,0.0,0.0,0.0,0.0,NA,NA,NA,NA,NA,NA
Kiribati,2014,0.0,0.0,0.0,0.0,0.0,0.0,NA,NA,NA,NA,NA,NA
Kiribati,2015,0.0,0.0,0.0,0.0,0.0,0.0,NA,NA,NA,NA,NA,NA
Kiribati,2016,0.0,0.0,0.0,0.0,0.0,0.0,NA,NA,NA,NA,NA,NA
Kiribati,2017,0.0,0.0,0.0,0.0,0.0,0.0,NA,NA,NA,NA,NA,NA
Kiribati,2018,0.0,0.0,0.0,0.0,0.0,0.0,NA,NA,NA,NA,NA,NA
Kiribati,2019,0.0,0.0,0.0,0.0,0.0,0.0,NA,NA,NA,NA,NA,NA
Kiribati,2020,0.0,0.0,0.0,0.0,0.0,0.0,NA,NA,NA,NA,NA,NA
Kiribati,2021,0.0,0.0,0.0,0.0,0.0,0.0,NA,NA,NA,NA,NA,NA
Kiribati,2022,0.0,0.0,0.0,0.0,0.0,0.0,NA,NA,NA,NA,NA,NA
Kiribati,2023,0.0,0.0,0.0,0.0,0.0,0.0,NA,NA,NA,NA,NA,NA
Kiribati,2024,0.0,0.0,0.0,0.0,0.0,0.0,NA,NA,NA,NA,NA,NA
Kiribati,2025,0.0,0.0,0.0,0.0,0.0,0.0,NA,NA,NA,NA,NA,NA
Kochi,1989,0.0,0.0,0.0,0.0,0.0,0.0,0.0,0.0,0.0,0.0,0.0,0.0
Kochi,1990,0.0,0.0,0.0,0.0,0.0,0.0,0.0,0.0,0.0,0.0,0.0,0.0
Kochi,1991,0.0,0.0,0.0,0.0,0.0,0.0,0.0,0.0,0.0,0.0,0.0,0.0
Kochi,1992,0.0,0.0,0.0,0.0,0.0,0.0,0.0,0.0,0.0,0.0,0.0,0.0
Kochi,1993,0.0,0.0,0.0,0.0,0.0,0.0,0.0,0.0,0.0,0.0,0.0,0.0
Kochi,1994,0.0,0.0,0.0,0.0,0.0,0.0,0.0,0.0,0.0,0.0,0.0,0.0
Kochi,1995,0.0,0.0,0.0,0.0,0.0,0.0,0.0,0.0,0.0,0.0,0.0,0.0
Kochi,1996,0.0,0.0,0.0,0.0,0.0,0.0,0.0,0.0,0.0,0.0,0.0,0.0
Kochi,1997,0.0,0.0,0.0,0.0,0.0,0.0,0.0,0.0,0.0,0.0,0.0,0.0
Kochi,1998,0.0,0.0,0.0,0.0,0.0,0.0,0.0,0.0,0.0,0.0,0.0,0.0
Kochi,1999,0.0,0.0,0.0,0.0,0.0,0.0,0.0,0.0,0.0,0.0,0.0,0.0
Kochi,2000,0.0,0.0,0.0,0.0,0.0,0.0,0.0,0.0,0.0,0.0,0.0,0.0
Kochi,2001,0.0,0.0,0.0,0.0,0.0,0.0,0.0,0.0,0.0,0.0,0.0,0.0
Kochi,2002,0.0,0.0,0.0,0.0,0.0,0.0,0.0,0.0,0.0,0.0,0.0,0.0
Kochi,2003,0.0,0.0,0.0,0.0,0.0,0.0,0.0,0.0,0.0,0.0,0.0,0.0
Kochi,2004,0.0,0.0,0.0,0.0,0.0,0.0,0.0,0.0,0.0,0.0,0.0,0.0
Kochi,2005,0.0,0.0,0.0,0.0,0.0,0.0,0.0,0.0,0.0,0.0,0.0,0.0
Kochi,2006,0.0,0.0,0.0,0.0,0.0,0.0,0.0,0.0,0.0,0.0,0.0,0.0
Kochi,2007,0.0,0.0,0.0,0.0,0.0,0.0,0.0,0.0,0.0,0.0,0.0,0.0
Kochi,2008,0.0,0.0,0.0,0.0,0.0,0.0,0.0,0.0,0.0,0.0,0.0,0.0
Kochi,2009,0.0,0.0,0.0,0.0,0.0,0.0,0.0,0.0,0.0,0.0,0.0,0.0
Kochi,2010,0.0,0.0,0.0,0.0,0.0,0.0,0.0,0.0,0.0,0.0,0.0,0.0
Kochi,2011,0.0,0.0,0.0,0.0,0.0,0.0,0.0,0.0,0.0,0.0,0.0,0.0
Kochi,2012,0.0,0.0,0.0,0.0,0.0,0.0,0.0,0.0,0.0,0.0,0.0,0.0
Kochi,2013,0.0,0.0,0.0,0.0,0.0,0.0,0.0,0.0,0.0,0.0,0.0,0.0
Kochi,2014,0.0,0.0,0.0,0.0,0.0,0.0,0.0,0.0,0.0,0.0,0.0,0.0
Kochi,2015,0.0,0.0,0.0,0.0,0.0,0.0,0.0,0.0,0.0,0.0,0.0,0.0
Kochi,2016,0.0,0.0,0.0,0.0,0.0,0.0,0.0,0.0,0.0,0.0,0.0,0.0
Kochi,2017,0.0,0.0,0.0,0.0,0.0,0.0,0.0,0.0,0.0,0.0,0.0,0.0
Kochi,2018,0.0,0.0,0.0,0.0,0.0,0.0,0.0,0.0,0.0,0.0,0.0,0.0
Kochi,2019,0.0,0.0,0.0,0.0,0.0,0.0,0.0,0.0,0.0,0.0,0.0,0.0
Kochi,2020,0.0,0.0,0.0,0.0,0.0,0.0,0.0,0.0,0.0,0.0,0.0,0.0
Kochi,2021,0.0,0.0,0.0,0.0,0.0,0.0,0.0,0.0,0.0,0.0,0.0,0.0
Kochi,2022,0.0,0.0,0.0,0.0,0.0,0.0,0.0,0.0,0.0,0.0,0.0,0.0
Kochi,2023,0.0,0.0,0.0,0.0,0.0,0.0,0.0,0.0,0.0,0.0,0.0,0.0
Kochi,2024,0.0,0.0,0.0,0.0,0.0,0.0,0.0,0.0,0.0,0.0,0.0,0.0
Kochi,2025,0.0,0.0,0.0,0.0,0.0,0.0,0.0,0.0,0.0,0.0,0.0,0.0
"Korea, Dem. Rep.",1989,0.0,0.0,0.0,0.0,0.0,0.0,NA,NA,NA,NA,NA,NA
"Korea, Dem. Rep.",1990,0.0,0.0,0.0,0.0,0.0,0.0,NA,NA,NA,NA,NA,NA
"Korea, Dem. Rep.",1991,0.0,0.0,0.0,0.0,0.0,0.0,NA,NA,NA,NA,NA,NA
"Korea, Dem. Rep.",1992,0.0,0.0,0.0,0.0,0.0,0.0,NA,NA,NA,NA,NA,NA
"Korea, Dem. Rep.",1993,0.0,0.0,0.0,0.0,0.0,0.0,NA,NA,NA,NA,NA,NA
"Korea, Dem. Rep.",1994,0.0,0.0,0.0,0.0,0.0,0.0,NA,NA,NA,NA,NA,NA
"Korea, Dem. Rep.",1995,0.0,0.0,0.0,0.0,0.0,0.0,NA,NA,NA,NA,NA,NA
"Korea, Dem. Rep.",1996,0.0,0.0,0.0,0.0,0.0,0.0,NA,NA,NA,NA,NA,NA
"Korea, Dem. Rep.",1997,0.0,0.0,0.0,0.0,0.0,0.0,NA,NA,NA,NA,NA,NA
"Korea, Dem. Rep.",1998,0.0,0.0,0.0,0.0,0.0,0.0,NA,NA,NA,NA,NA,NA
"Korea, Dem. Rep.",1999,0.0,0.0,0.0,0.0,0.0,0.0,NA,NA,NA,NA,NA,NA
"Korea, Dem. Rep.",2000,0.0,0.0,0.0,0.0,0.0,0.0,NA,NA,NA,NA,NA,NA
"Korea, Dem. Rep.",2001,0.0,0.0,0.0,0.0,0.0,0.0,NA,NA,NA,NA,NA,NA
"Korea, Dem. Rep.",2002,0.0,0.0,0.0,0.0,0.0,0.0,NA,NA,NA,NA,NA,NA
"Korea, Dem. Rep.",2003,0.0,0.0,0.0,0.0,0.0,0.0,NA,NA,NA,NA,NA,NA
"Korea, Dem. Rep.",2004,0.0,0.0,0.0,0.0,0.0,0.0,NA,NA,NA,NA,NA,NA
"Korea, Dem. Rep.",2005,0.0,0.0,0.0,0.0,0.0,0.0,NA,NA,NA,NA,NA,NA
"Korea, Dem. Rep.",2006,0.0,0.0,0.0,0.0,0.0,0.0,NA,NA,NA,NA,NA,NA
"Korea, Dem. Rep.",2007,0.0,0.0,0.0,0.0,0.0,0.0,NA,NA,NA,NA,NA,NA
"Korea, Dem. Rep.",2008,0.0,0.0,0.0,0.0,0.0,0.0,NA,NA,NA,NA,NA,NA
"Korea, Dem. Rep.",2009,0.0,0.0,0.0,0.0,0.0,0.0,NA,NA,NA,NA,NA,NA
"Korea, Dem. Rep.",2010,0.0,0.0,0.0,0.0,0.0,0.0,NA,NA,NA,NA,NA,NA
"Korea, Dem. Rep.",2011,0.0,0.0,0.0,0.0,0.0,0.0,NA,NA,NA,NA,NA,NA
"Korea, Dem. Rep.",2012,0.0,0.0,0.0,0.0,0.0,0.0,NA,NA,NA,NA,NA,NA
"Korea, Dem. Rep.",2013,0.0,0.0,0.0,0.0,0.0,0.0,NA,NA,NA,NA,NA,NA
"Korea, Dem. Rep.",2014,0.0,0.0,0.0,0.0,0.0,0.0,NA,NA,NA,NA,NA,NA
"Korea, Dem. Rep.",2015,0.0,0.0,0.0,0.0,0.0,0.0,NA,NA,NA,NA,NA,NA
"Korea, Dem. Rep.",2016,0.0,0.0,0.0,0.0,0.0,0.0,NA,NA,NA,NA,NA,NA
"Korea, Dem. Rep.",2017,0.0,0.0,0.0,0.0,0.0,0.0,NA,NA,NA,NA,NA,NA
"Korea, Dem. Rep.",2018,0.0,0.0,0.0,0.0,0.0,0.0,NA,NA,NA,NA,NA,NA
"Korea, Dem. Rep.",2019,0.0,0.0,0.0,0.0,0.0,0.0,NA,NA,NA,NA,NA,NA
"Korea, Dem. Rep.",2020,0.0,0.0,0.0,0.0,0.0,0.0,NA,NA,NA,NA,NA,NA
"Korea, Dem. Rep.",2021,0.0,0.0,0.0,0.0,0.0,0.0,NA,NA,NA,NA,NA,NA
"Korea, Dem. Rep.",2022,0.0,0.0,0.0,0.0,0.0,0.0,NA,NA,NA,NA,NA,NA
"Korea, Dem. Rep.",2023,0.0,0.0,0.0,0.0,0.0,0.0,NA,NA,NA,NA,NA,NA
"Korea, Dem. Rep.",2024,0.0,0.0,0.0,0.0,0.0,0.0,NA,NA,NA,NA,NA,NA
"Korea, Dem. Rep.",2025,0.0,0.0,0.0,0.0,0.0,0.0,NA,NA,NA,NA,NA,NA
"Korea, Rep.",1989,0.0,0.0,0.0,0.0,0.0,0.0,NA,NA,NA,NA,NA,NA
"Korea, Rep.",1990,0.0,0.0,0.0,0.0,0.0,0.0,NA,NA,NA,NA,NA,NA
"Korea, Rep.",1991,0.0,0.0,0.0,0.0,0.0,0.0,NA,NA,NA,NA,NA,NA
"Korea, Rep.",1992,0.0,0.0,0.0,0.0,0.0,0.0,NA,NA,NA,NA,NA,NA
"Korea, Rep.",1993,0.0,0.0,0.0,0.0,0.0,0.0,NA,NA,NA,NA,NA,NA
"Korea, Rep.",1994,0.0,0.0,0.0,0.0,0.0,0.0,NA,NA,NA,NA,NA,NA
"Korea, Rep.",1995,0.0,0.0,0.0,0.0,0.0,0.0,NA,NA,NA,NA,NA,NA
"Korea, Rep.",1996,0.0,0.0,0.0,0.0,0.0,0.0,NA,NA,NA,NA,NA,NA
"Korea, Rep.",1997,0.0,0.0,0.0,0.0,0.0,0.0,NA,NA,NA,NA,NA,NA
"Korea, Rep.",1998,0.0,0.0,0.0,0.0,0.0,0.0,NA,NA,NA,NA,NA,NA
"Korea, Rep.",1999,0.0,0.0,0.0,0.0,0.0,0.0,NA,NA,NA,NA,NA,NA
"Korea, Rep.",2000,0.0,0.0,0.0,0.0,0.0,0.0,NA,NA,NA,NA,NA,NA
"Korea, Rep.",2001,0.0,0.0,0.0,0.0,0.0,0.0,NA,NA,NA,NA,NA,NA
"Korea, Rep.",2002,0.0,0.0,0.0,0.0,0.0,0.0,NA,NA,NA,NA,NA,NA
"Korea, Rep.",2003,0.0,0.0,0.0,0.0,0.0,0.0,NA,NA,NA,NA,NA,NA
"Korea, Rep.",2004,0.0,0.0,0.0,0.0,0.0,0.0,NA,NA,NA,NA,NA,NA
"Korea, Rep.",2005,0.0,0.0,0.0,0.0,0.0,0.0,NA,NA,NA,NA,NA,NA
"Korea, Rep.",2006,0.0,0.0,0.0,0.0,0.0,0.0,NA,NA,NA,NA,NA,NA
"Korea, Rep.",2007,0.0,0.0,0.0,0.0,0.0,0.0,NA,NA,NA,NA,NA,NA
"Korea, Rep.",2008,0.0,0.0,0.0,0.0,0.0,0.0,NA,NA,NA,NA,NA,NA
"Korea, Rep.",2009,0.0,0.0,0.0,0.0,0.0,0.0,NA,NA,NA,NA,NA,NA
"Korea, Rep.",2010,0.0,0.0,0.0,0.0,0.0,0.0,NA,NA,NA,NA,NA,NA
"Korea, Rep.",2011,0.0,0.0,0.0,0.0,0.0,0.0,NA,NA,NA,NA,NA,NA
"Korea, Rep.",2012,0.0,0.0,0.0,0.0,0.0,0.0,NA,NA,NA,NA,NA,NA
"Korea, Rep.",2013,0.0,0.0,0.0,0.0,0.0,0.0,NA,NA,NA,NA,NA,NA
"Korea, Rep.",2014,0.0,0.0,0.0,0.0,0.0,0.0,NA,NA,NA,NA,NA,NA
"Korea, Rep.",2015,6.070840188154225,0.0,6.070840188154225,6.692430109095084,0.0,6.692430109095084,NA,NA,NA,NA,NA,NA
"Korea, Rep.",2016,9.754834849433205,0.0,9.754834849433205,10.75362691691042,0.0,10.75362691691042,NA,NA,NA,NA,NA,NA
"Korea, Rep.",2017,11.870298985423222,0.0,11.870298985423222,13.085692238945338,0.0,13.085692238945338,NA,NA,NA,NA,NA,NA
"Korea, Rep.",2018,12.536281123849113,0.0,12.536281123849113,13.81986391488861,0.0,13.81986391488861,NA,NA,NA,NA,NA,NA
"Korea, Rep.",2019,16.588848803408673,0.0,16.588848803408673,18.28737172554571,0.0,18.28737172554571,NA,NA,NA,NA,NA,NA
"Korea, Rep.",2020,16.520953321184834,0.0,16.520953321184834,18.21252446298838,0.0,18.21252446298838,NA,NA,NA,NA,NA,NA
"Korea, Rep.",2021,12.260583243784437,0.0,12.260583243784437,13.515937483558929,0.0,13.515937483558929,NA,NA,NA,NA,NA,NA
"Korea, Rep.",2022,12.501524759723148,0.0,12.501524759723148,13.781548866139156,0.0,13.781548866139156,NA,NA,NA,NA,NA,NA
"Korea, Rep.",2023,5.881615829958358,0.0,5.881615829958358,6.483831175024108,0.0,6.483831175024108,NA,NA,NA,NA,NA,NA
"Korea, Rep.",2024,4.888693098453419,0.0,4.888693098453419,5.389243642099946,0.0,5.389243642099946,NA,NA,NA,NA,NA,NA
"Korea, Rep.",2025,4.840080015668577,0.0,4.840080015668577,5.335653093042169,0.0,5.335653093042169,NA,NA,NA,NA,NA,NA
Kosovo,1989,0.0,0.0,0.0,0.0,0.0,0.0,NA,NA,NA,NA,NA,NA
Kosovo,1990,0.0,0.0,0.0,0.0,0.0,0.0,NA,NA,NA,NA,NA,NA
Kosovo,1991,0.0,0.0,0.0,0.0,0.0,0.0,NA,NA,NA,NA,NA,NA
Kosovo,1992,0.0,0.0,0.0,0.0,0.0,0.0,NA,NA,NA,NA,NA,NA
Kosovo,1993,0.0,0.0,0.0,0.0,0.0,0.0,NA,NA,NA,NA,NA,NA
Kosovo,1994,0.0,0.0,0.0,0.0,0.0,0.0,NA,NA,NA,NA,NA,NA
Kosovo,1995,0.0,0.0,0.0,0.0,0.0,0.0,NA,NA,NA,NA,NA,NA
Kosovo,1996,0.0,0.0,0.0,0.0,0.0,0.0,NA,NA,NA,NA,NA,NA
Kosovo,1997,0.0,0.0,0.0,0.0,0.0,0.0,NA,NA,NA,NA,NA,NA
Kosovo,1998,0.0,0.0,0.0,0.0,0.0,0.0,NA,NA,NA,NA,NA,NA
Kosovo,1999,0.0,0.0,0.0,0.0,0.0,0.0,NA,NA,NA,NA,NA,NA
Kosovo,2000,0.0,0.0,0.0,0.0,0.0,0.0,NA,NA,NA,NA,NA,NA
Kosovo,2001,0.0,0.0,0.0,0.0,0.0,0.0,NA,NA,NA,NA,NA,NA
Kosovo,2002,0.0,0.0,0.0,0.0,0.0,0.0,NA,NA,NA,NA,NA,NA
Kosovo,2003,0.0,0.0,0.0,0.0,0.0,0.0,NA,NA,NA,NA,NA,NA
Kosovo,2004,0.0,0.0,0.0,0.0,0.0,0.0,NA,NA,NA,NA,NA,NA
Kosovo,2005,0.0,0.0,0.0,0.0,0.0,0.0,NA,NA,NA,NA,NA,NA
Kosovo,2006,0.0,0.0,0.0,0.0,0.0,0.0,NA,NA,NA,NA,NA,NA
Kosovo,2007,0.0,0.0,0.0,0.0,0.0,0.0,NA,NA,NA,NA,NA,NA
Kosovo,2008,0.0,0.0,0.0,0.0,0.0,0.0,NA,NA,NA,NA,NA,NA
Kosovo,2009,0.0,0.0,0.0,0.0,0.0,0.0,NA,NA,NA,NA,NA,NA
Kosovo,2010,0.0,0.0,0.0,0.0,0.0,0.0,NA,NA,NA,NA,NA,NA
Kosovo,2011,0.0,0.0,0.0,0.0,0.0,0.0,NA,NA,NA,NA,NA,NA
Kosovo,2012,0.0,0.0,0.0,0.0,0.0,0.0,NA,NA,NA,NA,NA,NA
Kosovo,2013,0.0,0.0,0.0,0.0,0.0,0.0,NA,NA,NA,NA,NA,NA
Kosovo,2014,0.0,0.0,0.0,0.0,0.0,0.0,NA,NA,NA,NA,NA,NA
Kosovo,2015,0.0,0.0,0.0,0.0,0.0,0.0,NA,NA,NA,NA,NA,NA
Kosovo,2016,0.0,0.0,0.0,0.0,0.0,0.0,NA,NA,NA,NA,NA,NA
Kosovo,2017,0.0,0.0,0.0,0.0,0.0,0.0,NA,NA,NA,NA,NA,NA
Kosovo,2018,0.0,0.0,0.0,0.0,0.0,0.0,NA,NA,NA,NA,NA,NA
Kosovo,2019,0.0,0.0,0.0,0.0,0.0,0.0,NA,NA,NA,NA,NA,NA
Kosovo,2020,0.0,0.0,0.0,0.0,0.0,0.0,NA,NA,NA,NA,NA,NA
Kosovo,2021,0.0,0.0,0.0,0.0,0.0,0.0,NA,NA,NA,NA,NA,NA
Kosovo,2022,0.0,0.0,0.0,0.0,0.0,0.0,NA,NA,NA,NA,NA,NA
Kosovo,2023,0.0,0.0,0.0,0.0,0.0,0.0,NA,NA,NA,NA,NA,NA
Kosovo,2024,0.0,0.0,0.0,0.0,0.0,0.0,NA,NA,NA,NA,NA,NA
Kosovo,2025,0.0,0.0,0.0,0.0,0.0,0.0,NA,NA,NA,NA,NA,NA
Kumamoto,1989,0.0,0.0,0.0,0.0,0.0,0.0,0.0,0.0,0.0,0.0,0.0,0.0
Kumamoto,1990,0.0,0.0,0.0,0.0,0.0,0.0,0.0,0.0,0.0,0.0,0.0,0.0
Kumamoto,1991,0.0,0.0,0.0,0.0,0.0,0.0,0.0,0.0,0.0,0.0,0.0,0.0
Kumamoto,1992,0.0,0.0,0.0,0.0,0.0,0.0,0.0,0.0,0.0,0.0,0.0,0.0
Kumamoto,1993,0.0,0.0,0.0,0.0,0.0,0.0,0.0,0.0,0.0,0.0,0.0,0.0
Kumamoto,1994,0.0,0.0,0.0,0.0,0.0,0.0,0.0,0.0,0.0,0.0,0.0,0.0
Kumamoto,1995,0.0,0.0,0.0,0.0,0.0,0.0,0.0,0.0,0.0,0.0,0.0,0.0
Kumamoto,1996,0.0,0.0,0.0,0.0,0.0,0.0,0.0,0.0,0.0,0.0,0.0,0.0
Kumamoto,1997,0.0,0.0,0.0,0.0,0.0,0.0,0.0,0.0,0.0,0.0,0.0,0.0
Kumamoto,1998,0.0,0.0,0.0,0.0,0.0,0.0,0.0,0.0,0.0,0.0,0.0,0.0
Kumamoto,1999,0.0,0.0,0.0,0.0,0.0,0.0,0.0,0.0,0.0,0.0,0.0,0.0
Kumamoto,2000,0.0,0.0,0.0,0.0,0.0,0.0,0.0,0.0,0.0,0.0,0.0,0.0
Kumamoto,2001,0.0,0.0,0.0,0.0,0.0,0.0,0.0,0.0,0.0,0.0,0.0,0.0
Kumamoto,2002,0.0,0.0,0.0,0.0,0.0,0.0,0.0,0.0,0.0,0.0,0.0,0.0
Kumamoto,2003,0.0,0.0,0.0,0.0,0.0,0.0,0.0,0.0,0.0,0.0,0.0,0.0
Kumamoto,2004,0.0,0.0,0.0,0.0,0.0,0.0,0.0,0.0,0.0,0.0,0.0,0.0
Kumamoto,2005,0.0,0.0,0.0,0.0,0.0,0.0,0.0,0.0,0.0,0.0,0.0,0.0
Kumamoto,2006,0.0,0.0,0.0,0.0,0.0,0.0,0.0,0.0,0.0,0.0,0.0,0.0
Kumamoto,2007,0.0,0.0,0.0,0.0,0.0,0.0,0.0,0.0,0.0,0.0,0.0,0.0
Kumamoto,2008,0.0,0.0,0.0,0.0,0.0,0.0,0.0,0.0,0.0,0.0,0.0,0.0
Kumamoto,2009,0.0,0.0,0.0,0.0,0.0,0.0,0.0,0.0,0.0,0.0,0.0,0.0
Kumamoto,2010,0.0,0.0,0.0,0.0,0.0,0.0,0.0,0.0,0.0,0.0,0.0,0.0
Kumamoto,2011,0.0,0.0,0.0,0.0,0.0,0.0,0.0,0.0,0.0,0.0,0.0,0.0
Kumamoto,2012,0.0,0.0,0.0,0.0,0.0,0.0,0.0,0.0,0.0,0.0,0.0,0.0
Kumamoto,2013,0.0,0.0,0.0,0.0,0.0,0.0,0.0,0.0,0.0,0.0,0.0,0.0
Kumamoto,2014,0.0,0.0,0.0,0.0,0.0,0.0,0.0,0.0,0.0,0.0,0.0,0.0
Kumamoto,2015,0.0,0.0,0.0,0.0,0.0,0.0,0.0,0.0,0.0,0.0,0.0,0.0
Kumamoto,2016,0.0,0.0,0.0,0.0,0.0,0.0,0.0,0.0,0.0,0.0,0.0,0.0
Kumamoto,2017,0.0,0.0,0.0,0.0,0.0,0.0,0.0,0.0,0.0,0.0,0.0,0.0
Kumamoto,2018,0.0,0.0,0.0,0.0,0.0,0.0,0.0,0.0,0.0,0.0,0.0,0.0
Kumamoto,2019,0.0,0.0,0.0,0.0,0.0,0.0,0.0,0.0,0.0,0.0,0.0,0.0
Kumamoto,2020,0.0,0.0,0.0,0.0,0.0,0.0,0.0,0.0,0.0,0.0,0.0,0.0
Kumamoto,2021,0.0,0.0,0.0,0.0,0.0,0.0,0.0,0.0,0.0,0.0,0.0,0.0
Kumamoto,2022,0.0,0.0,0.0,0.0,0.0,0.0,0.0,0.0,0.0,0.0,0.0,0.0
Kumamoto,2023,0.0,0.0,0.0,0.0,0.0,0.0,0.0,0.0,0.0,0.0,0.0,0.0
Kumamoto,2024,0.0,0.0,0.0,0.0,0.0,0.0,0.0,0.0,0.0,0.0,0.0,0.0
Kumamoto,2025,0.0,0.0,0.0,0.0,0.0,0.0,0.0,0.0,0.0,0.0,0.0,0.0
Kuwait,1989,0.0,0.0,0.0,0.0,0.0,0.0,NA,NA,NA,NA,NA,NA
Kuwait,1990,0.0,0.0,0.0,0.0,0.0,0.0,NA,NA,NA,NA,NA,NA
Kuwait,1991,0.0,0.0,0.0,0.0,0.0,0.0,NA,NA,NA,NA,NA,NA
Kuwait,1992,0.0,0.0,0.0,0.0,0.0,0.0,NA,NA,NA,NA,NA,NA
Kuwait,1993,0.0,0.0,0.0,0.0,0.0,0.0,NA,NA,NA,NA,NA,NA
Kuwait,1994,0.0,0.0,0.0,0.0,0.0,0.0,NA,NA,NA,NA,NA,NA
Kuwait,1995,0.0,0.0,0.0,0.0,0.0,0.0,NA,NA,NA,NA,NA,NA
Kuwait,1996,0.0,0.0,0.0,0.0,0.0,0.0,NA,NA,NA,NA,NA,NA
Kuwait,1997,0.0,0.0,0.0,0.0,0.0,0.0,NA,NA,NA,NA,NA,NA
Kuwait,1998,0.0,0.0,0.0,0.0,0.0,0.0,NA,NA,NA,NA,NA,NA
Kuwait,1999,0.0,0.0,0.0,0.0,0.0,0.0,NA,NA,NA,NA,NA,NA
Kuwait,2000,0.0,0.0,0.0,0.0,0.0,0.0,NA,NA,NA,NA,NA,NA
Kuwait,2001,0.0,0.0,0.0,0.0,0.0,0.0,NA,NA,NA,NA,NA,NA
Kuwait,2002,0.0,0.0,0.0,0.0,0.0,0.0,NA,NA,NA,NA,NA,NA
Kuwait,2003,0.0,0.0,0.0,0.0,0.0,0.0,NA,NA,NA,NA,NA,NA
Kuwait,2004,0.0,0.0,0.0,0.0,0.0,0.0,NA,NA,NA,NA,NA,NA
Kuwait,2005,0.0,0.0,0.0,0.0,0.0,0.0,NA,NA,NA,NA,NA,NA
Kuwait,2006,0.0,0.0,0.0,0.0,0.0,0.0,NA,NA,NA,NA,NA,NA
Kuwait,2007,0.0,0.0,0.0,0.0,0.0,0.0,NA,NA,NA,NA,NA,NA
Kuwait,2008,0.0,0.0,0.0,0.0,0.0,0.0,NA,NA,NA,NA,NA,NA
Kuwait,2009,0.0,0.0,0.0,0.0,0.0,0.0,NA,NA,NA,NA,NA,NA
Kuwait,2010,0.0,0.0,0.0,0.0,0.0,0.0,NA,NA,NA,NA,NA,NA
Kuwait,2011,0.0,0.0,0.0,0.0,0.0,0.0,NA,NA,NA,NA,NA,NA
Kuwait,2012,0.0,0.0,0.0,0.0,0.0,0.0,NA,NA,NA,NA,NA,NA
Kuwait,2013,0.0,0.0,0.0,0.0,0.0,0.0,NA,NA,NA,NA,NA,NA
Kuwait,2014,0.0,0.0,0.0,0.0,0.0,0.0,NA,NA,NA,NA,NA,NA
Kuwait,2015,0.0,0.0,0.0,0.0,0.0,0.0,NA,NA,NA,NA,NA,NA
Kuwait,2016,0.0,0.0,0.0,0.0,0.0,0.0,NA,NA,NA,NA,NA,NA
Kuwait,2017,0.0,0.0,0.0,0.0,0.0,0.0,NA,NA,NA,NA,NA,NA
Kuwait,2018,0.0,0.0,0.0,0.0,0.0,0.0,NA,NA,NA,NA,NA,NA
Kuwait,2019,0.0,0.0,0.0,0.0,0.0,0.0,NA,NA,NA,NA,NA,NA
Kuwait,2020,0.0,0.0,0.0,0.0,0.0,0.0,NA,NA,NA,NA,NA,NA
Kuwait,2021,0.0,0.0,0.0,0.0,0.0,0.0,NA,NA,NA,NA,NA,NA
Kuwait,2022,0.0,0.0,0.0,0.0,0.0,0.0,NA,NA,NA,NA,NA,NA
Kuwait,2023,0.0,0.0,0.0,0.0,0.0,0.0,NA,NA,NA,NA,NA,NA
Kuwait,2024,0.0,0.0,0.0,0.0,0.0,0.0,NA,NA,NA,NA,NA,NA
Kuwait,2025,0.0,0.0,0.0,0.0,0.0,0.0,NA,NA,NA,NA,NA,NA
Kyoto,1989,0.0,0.0,0.0,0.0,0.0,0.0,0.0,0.0,0.0,0.0,0.0,0.0
Kyoto,1990,0.0,0.0,0.0,0.0,0.0,0.0,0.0,0.0,0.0,0.0,0.0,0.0
Kyoto,1991,0.0,0.0,0.0,0.0,0.0,0.0,0.0,0.0,0.0,0.0,0.0,0.0
Kyoto,1992,0.0,0.0,0.0,0.0,0.0,0.0,0.0,0.0,0.0,0.0,0.0,0.0
Kyoto,1993,0.0,0.0,0.0,0.0,0.0,0.0,0.0,0.0,0.0,0.0,0.0,0.0
Kyoto,1994,0.0,0.0,0.0,0.0,0.0,0.0,0.0,0.0,0.0,0.0,0.0,0.0
Kyoto,1995,0.0,0.0,0.0,0.0,0.0,0.0,0.0,0.0,0.0,0.0,0.0,0.0
Kyoto,1996,0.0,0.0,0.0,0.0,0.0,0.0,0.0,0.0,0.0,0.0,0.0,0.0
Kyoto,1997,0.0,0.0,0.0,0.0,0.0,0.0,0.0,0.0,0.0,0.0,0.0,0.0
Kyoto,1998,0.0,0.0,0.0,0.0,0.0,0.0,0.0,0.0,0.0,0.0,0.0,0.0
Kyoto,1999,0.0,0.0,0.0,0.0,0.0,0.0,0.0,0.0,0.0,0.0,0.0,0.0
Kyoto,2000,0.0,0.0,0.0,0.0,0.0,0.0,0.0,0.0,0.0,0.0,0.0,0.0
Kyoto,2001,0.0,0.0,0.0,0.0,0.0,0.0,0.0,0.0,0.0,0.0,0.0,0.0
Kyoto,2002,0.0,0.0,0.0,0.0,0.0,0.0,0.0,0.0,0.0,0.0,0.0,0.0
Kyoto,2003,0.0,0.0,0.0,0.0,0.0,0.0,0.0,0.0,0.0,0.0,0.0,0.0
Kyoto,2004,0.0,0.0,0.0,0.0,0.0,0.0,0.0,0.0,0.0,0.0,0.0,0.0
Kyoto,2005,0.0,0.0,0.0,0.0,0.0,0.0,0.0,0.0,0.0,0.0,0.0,0.0
Kyoto,2006,0.0,0.0,0.0,0.0,0.0,0.0,0.0,0.0,0.0,0.0,0.0,0.0
Kyoto,2007,0.0,0.0,0.0,0.0,0.0,0.0,0.0,0.0,0.0,0.0,0.0,0.0
Kyoto,2008,0.0,0.0,0.0,0.0,0.0,0.0,0.0,0.0,0.0,0.0,0.0,0.0
Kyoto,2009,0.0,0.0,0.0,0.0,0.0,0.0,0.0,0.0,0.0,0.0,0.0,0.0
Kyoto,2010,0.0,0.0,0.0,0.0,0.0,0.0,0.0,0.0,0.0,0.0,0.0,0.0
Kyoto,2011,0.0,0.0,0.0,0.0,0.0,0.0,0.0,0.0,0.0,0.0,0.0,0.0
Kyoto,2012,0.0,0.0,0.0,0.0,0.0,0.0,0.0,0.0,0.0,0.0,0.0,0.0
Kyoto,2013,0.0,0.0,0.0,0.0,0.0,0.0,0.0,0.0,0.0,0.0,0.0,0.0
Kyoto,2014,0.0,0.0,0.0,0.0,0.0,0.0,0.0,0.0,0.0,0.0,0.0,0.0
Kyoto,2015,0.0,0.0,0.0,0.0,0.0,0.0,0.0,0.0,0.0,0.0,0.0,0.0
Kyoto,2016,0.0,0.0,0.0,0.0,0.0,0.0,0.0,0.0,0.0,0.0,0.0,0.0
Kyoto,2017,0.0,0.0,0.0,0.0,0.0,0.0,0.0,0.0,0.0,0.0,0.0,0.0
Kyoto,2018,0.0,0.0,0.0,0.0,0.0,0.0,0.0,0.0,0.0,0.0,0.0,0.0
Kyoto,2019,0.0,0.0,0.0,0.0,0.0,0.0,0.0,0.0,0.0,0.0,0.0,0.0
Kyoto,2020,0.0,0.0,0.0,0.0,0.0,0.0,0.0,0.0,0.0,0.0,0.0,0.0
Kyoto,2021,0.0,0.0,0.0,0.0,0.0,0.0,0.0,0.0,0.0,0.0,0.0,0.0
Kyoto,2022,0.0,0.0,0.0,0.0,0.0,0.0,0.0,0.0,0.0,0.0,0.0,0.0
Kyoto,2023,0.0,0.0,0.0,0.0,0.0,0.0,0.0,0.0,0.0,0.0,0.0,0.0
Kyoto,2024,0.0,0.0,0.0,0.0,0.0,0.0,0.0,0.0,0.0,0.0,0.0,0.0
Kyoto,2025,0.0,0.0,0.0,0.0,0.0,0.0,0.0,0.0,0.0,0.0,0.0,0.0
Kyrgyz Republic,1989,0.0,0.0,0.0,0.0,0.0,0.0,NA,NA,NA,NA,NA,NA
Kyrgyz Republic,1990,0.0,0.0,0.0,0.0,0.0,0.0,NA,NA,NA,NA,NA,NA
Kyrgyz Republic,1991,0.0,0.0,0.0,0.0,0.0,0.0,NA,NA,NA,NA,NA,NA
Kyrgyz Republic,1992,0.0,0.0,0.0,0.0,0.0,0.0,NA,NA,NA,NA,NA,NA
Kyrgyz Republic,1993,0.0,0.0,0.0,0.0,0.0,0.0,NA,NA,NA,NA,NA,NA
Kyrgyz Republic,1994,0.0,0.0,0.0,0.0,0.0,0.0,NA,NA,NA,NA,NA,NA
Kyrgyz Republic,1995,0.0,0.0,0.0,0.0,0.0,0.0,NA,NA,NA,NA,NA,NA
Kyrgyz Republic,1996,0.0,0.0,0.0,0.0,0.0,0.0,NA,NA,NA,NA,NA,NA
Kyrgyz Republic,1997,0.0,0.0,0.0,0.0,0.0,0.0,NA,NA,NA,NA,NA,NA
Kyrgyz Republic,1998,0.0,0.0,0.0,0.0,0.0,0.0,NA,NA,NA,NA,NA,NA
Kyrgyz Republic,1999,0.0,0.0,0.0,0.0,0.0,0.0,NA,NA,NA,NA,NA,NA
Kyrgyz Republic,2000,0.0,0.0,0.0,0.0,0.0,0.0,NA,NA,NA,NA,NA,NA
Kyrgyz Republic,2001,0.0,0.0,0.0,0.0,0.0,0.0,NA,NA,NA,NA,NA,NA
Kyrgyz Republic,2002,0.0,0.0,0.0,0.0,0.0,0.0,NA,NA,NA,NA,NA,NA
Kyrgyz Republic,2003,0.0,0.0,0.0,0.0,0.0,0.0,NA,NA,NA,NA,NA,NA
Kyrgyz Republic,2004,0.0,0.0,0.0,0.0,0.0,0.0,NA,NA,NA,NA,NA,NA
Kyrgyz Republic,2005,0.0,0.0,0.0,0.0,0.0,0.0,NA,NA,NA,NA,NA,NA
Kyrgyz Republic,2006,0.0,0.0,0.0,0.0,0.0,0.0,NA,NA,NA,NA,NA,NA
Kyrgyz Republic,2007,0.0,0.0,0.0,0.0,0.0,0.0,NA,NA,NA,NA,NA,NA
Kyrgyz Republic,2008,0.0,0.0,0.0,0.0,0.0,0.0,NA,NA,NA,NA,NA,NA
Kyrgyz Republic,2009,0.0,0.0,0.0,0.0,0.0,0.0,NA,NA,NA,NA,NA,NA
Kyrgyz Republic,2010,0.0,0.0,0.0,0.0,0.0,0.0,NA,NA,NA,NA,NA,NA
Kyrgyz Republic,2011,0.0,0.0,0.0,0.0,0.0,0.0,NA,NA,NA,NA,NA,NA
Kyrgyz Republic,2012,0.0,0.0,0.0,0.0,0.0,0.0,NA,NA,NA,NA,NA,NA
Kyrgyz Republic,2013,0.0,0.0,0.0,0.0,0.0,0.0,NA,NA,NA,NA,NA,NA
Kyrgyz Republic,2014,0.0,0.0,0.0,0.0,0.0,0.0,NA,NA,NA,NA,NA,NA
Kyrgyz Republic,2015,0.0,0.0,0.0,0.0,0.0,0.0,NA,NA,NA,NA,NA,NA
Kyrgyz Republic,2016,0.0,0.0,0.0,0.0,0.0,0.0,NA,NA,NA,NA,NA,NA
Kyrgyz Republic,2017,0.0,0.0,0.0,0.0,0.0,0.0,NA,NA,NA,NA,NA,NA
Kyrgyz Republic,2018,0.0,0.0,0.0,0.0,0.0,0.0,NA,NA,NA,NA,NA,NA
Kyrgyz Republic,2019,0.0,0.0,0.0,0.0,0.0,0.0,NA,NA,NA,NA,NA,NA
Kyrgyz Republic,2020,0.0,0.0,0.0,0.0,0.0,0.0,NA,NA,NA,NA,NA,NA
Kyrgyz Republic,2021,0.0,0.0,0.0,0.0,0.0,0.0,NA,NA,NA,NA,NA,NA
Kyrgyz Republic,2022,0.0,0.0,0.0,0.0,0.0,0.0,NA,NA,NA,NA,NA,NA
Kyrgyz Republic,2023,0.0,0.0,0.0,0.0,0.0,0.0,NA,NA,NA,NA,NA,NA
Kyrgyz Republic,2024,0.0,0.0,0.0,0.0,0.0,0.0,NA,NA,NA,NA,NA,NA
Kyrgyz Republic,2025,0.0,0.0,0.0,0.0,0.0,0.0,NA,NA,NA,NA,NA,NA
Lao PDR,1989,0.0,0.0,0.0,0.0,0.0,0.0,NA,NA,NA,NA,NA,NA
Lao PDR,1990,0.0,0.0,0.0,0.0,0.0,0.0,NA,NA,NA,NA,NA,NA
Lao PDR,1991,0.0,0.0,0.0,0.0,0.0,0.0,NA,NA,NA,NA,NA,NA
Lao PDR,1992,0.0,0.0,0.0,0.0,0.0,0.0,NA,NA,NA,NA,NA,NA
Lao PDR,1993,0.0,0.0,0.0,0.0,0.0,0.0,NA,NA,NA,NA,NA,NA
Lao PDR,1994,0.0,0.0,0.0,0.0,0.0,0.0,NA,NA,NA,NA,NA,NA
Lao PDR,1995,0.0,0.0,0.0,0.0,0.0,0.0,NA,NA,NA,NA,NA,NA
Lao PDR,1996,0.0,0.0,0.0,0.0,0.0,0.0,NA,NA,NA,NA,NA,NA
Lao PDR,1997,0.0,0.0,0.0,0.0,0.0,0.0,NA,NA,NA,NA,NA,NA
Lao PDR,1998,0.0,0.0,0.0,0.0,0.0,0.0,NA,NA,NA,NA,NA,NA
Lao PDR,1999,0.0,0.0,0.0,0.0,0.0,0.0,NA,NA,NA,NA,NA,NA
Lao PDR,2000,0.0,0.0,0.0,0.0,0.0,0.0,NA,NA,NA,NA,NA,NA
Lao PDR,2001,0.0,0.0,0.0,0.0,0.0,0.0,NA,NA,NA,NA,NA,NA
Lao PDR,2002,0.0,0.0,0.0,0.0,0.0,0.0,NA,NA,NA,NA,NA,NA
Lao PDR,2003,0.0,0.0,0.0,0.0,0.0,0.0,NA,NA,NA,NA,NA,NA
Lao PDR,2004,0.0,0.0,0.0,0.0,0.0,0.0,NA,NA,NA,NA,NA,NA
Lao PDR,2005,0.0,0.0,0.0,0.0,0.0,0.0,NA,NA,NA,NA,NA,NA
Lao PDR,2006,0.0,0.0,0.0,0.0,0.0,0.0,NA,NA,NA,NA,NA,NA
Lao PDR,2007,0.0,0.0,0.0,0.0,0.0,0.0,NA,NA,NA,NA,NA,NA
Lao PDR,2008,0.0,0.0,0.0,0.0,0.0,0.0,NA,NA,NA,NA,NA,NA
Lao PDR,2009,0.0,0.0,0.0,0.0,0.0,0.0,NA,NA,NA,NA,NA,NA
Lao PDR,2010,0.0,0.0,0.0,0.0,0.0,0.0,NA,NA,NA,NA,NA,NA
Lao PDR,2011,0.0,0.0,0.0,0.0,0.0,0.0,NA,NA,NA,NA,NA,NA
Lao PDR,2012,0.0,0.0,0.0,0.0,0.0,0.0,NA,NA,NA,NA,NA,NA
Lao PDR,2013,0.0,0.0,0.0,0.0,0.0,0.0,NA,NA,NA,NA,NA,NA
Lao PDR,2014,0.0,0.0,0.0,0.0,0.0,0.0,NA,NA,NA,NA,NA,NA
Lao PDR,2015,0.0,0.0,0.0,0.0,0.0,0.0,NA,NA,NA,NA,NA,NA
Lao PDR,2016,0.0,0.0,0.0,0.0,0.0,0.0,NA,NA,NA,NA,NA,NA
Lao PDR,2017,0.0,0.0,0.0,0.0,0.0,0.0,NA,NA,NA,NA,NA,NA
Lao PDR,2018,0.0,0.0,0.0,0.0,0.0,0.0,NA,NA,NA,NA,NA,NA
Lao PDR,2019,0.0,0.0,0.0,0.0,0.0,0.0,NA,NA,NA,NA,NA,NA
Lao PDR,2020,0.0,0.0,0.0,0.0,0.0,0.0,NA,NA,NA,NA,NA,NA
Lao PDR,2021,0.0,0.0,0.0,0.0,0.0,0.0,NA,NA,NA,NA,NA,NA
Lao PDR,2022,0.0,0.0,0.0,0.0,0.0,0.0,NA,NA,NA,NA,NA,NA
Lao PDR,2023,0.0,0.0,0.0,0.0,0.0,0.0,NA,NA,NA,NA,NA,NA
Lao PDR,2024,0.0,0.0,0.0,0.0,0.0,0.0,NA,NA,NA,NA,NA,NA
Lao PDR,2025,0.0,0.0,0.0,0.0,0.0,0.0,NA,NA,NA,NA,NA,NA
Latvia,1989,0.0,0.0,0.0,0.0,0.0,0.0,NA,NA,NA,NA,NA,NA
Latvia,1990,0.0,0.0,0.0,0.0,0.0,0.0,NA,NA,NA,NA,NA,NA
Latvia,1991,0.0,0.0,0.0,0.0,0.0,0.0,NA,NA,NA,NA,NA,NA
Latvia,1992,0.0,0.0,0.0,0.0,0.0,0.0,NA,NA,NA,NA,NA,NA
Latvia,1993,0.0,0.0,0.0,0.0,0.0,0.0,NA,NA,NA,NA,NA,NA
Latvia,1994,0.0,0.0,0.0,0.0,0.0,0.0,NA,NA,NA,NA,NA,NA
Latvia,1995,0.0,0.0,0.0,0.0,0.0,0.0,NA,NA,NA,NA,NA,NA
Latvia,1996,0.0,0.0,0.0,0.0,0.0,0.0,NA,NA,NA,NA,NA,NA
Latvia,1997,0.0,0.0,0.0,0.0,0.0,0.0,NA,NA,NA,NA,NA,NA
Latvia,1998,0.0,0.0,0.0,0.0,0.0,0.0,NA,NA,NA,NA,NA,NA
Latvia,1999,0.0,0.0,0.0,0.0,0.0,0.0,NA,NA,NA,NA,NA,NA
Latvia,2000,0.0,0.0,0.0,0.0,0.0,0.0,NA,NA,NA,NA,NA,NA
Latvia,2001,0.0,0.0,0.0,0.0,0.0,0.0,NA,NA,NA,NA,NA,NA
Latvia,2002,0.0,0.0,0.0,0.0,0.0,0.0,NA,NA,NA,NA,NA,NA
Latvia,2003,0.0,0.0,0.0,0.0,0.0,0.0,NA,NA,NA,NA,NA,NA
Latvia,2004,0.0,0.0,0.0,0.0,0.0,0.0,NA,NA,NA,NA,NA,NA
Latvia,2005,9.152529345982531,0.0,9.152529345982531,13.941945589558118,0.0,13.941945589558118,NA,NA,NA,NA,NA,NA
Latvia,2006,6.948227505695465,0.0052107784529214765,6.953438284148387,10.584157249471023,0.007937520539255281,10.592094770010277,NA,NA,NA,NA,NA,NA
Latvia,2007,0.22134415514308972,0.00435864264916789,0.2257027977922576,0.3371710759852676,0.00663947159980427,0.34381054758507185,NA,NA,NA,NA,NA,NA
Latvia,2008,5.186883800439044,0.007757358876902564,5.194641159315946,7.901122082369949,0.011816698017791597,7.912938780387741,NA,NA,NA,NA,NA,NA
Latvia,2009,4.163096491224262,0.01234352270131093,4.175440013925573,6.341598324424509,0.018802750079210822,6.36040107450372,NA,NA,NA,NA,NA,NA
Latvia,2010,4.561906256553415,0.018900630192813277,4.580806886746228,6.949100779605832,0.02879111858540278,6.977891898191235,NA,NA,NA,NA,NA,NA
Latvia,2011,3.9314357056452813,0.031024778676696927,3.962460484321978,5.988712040678896,0.04725969837271877,6.035971739051615,NA,NA,NA,NA,NA,NA
Latvia,2012,2.323961927089772,0.05181468986555216,2.375776616955324,3.5400652120183946,0.07892873756940755,3.6189939495878023,NA,NA,NA,NA,NA,NA
Latvia,2013,1.3813500006781423,0.07667601275890973,1.458026013437052,2.1041950068200834,0.11679971268032292,2.2209947195004065,NA,NA,NA,NA,NA,NA
Latvia,2014,1.808508555477903,0.07541659383611884,1.8839251493140219,2.7548808559451294,0.11488125392075413,2.8697621098658836,NA,NA,NA,NA,NA,NA
Latvia,2015,2.3253472987310695,0.07512593969376474,2.4004732384248344,3.5421755331453917,0.11443850371642299,3.6566140368618147,NA,NA,NA,NA,NA,NA
Latvia,2016,1.6100826528686731,0.0917024386624335,1.7017850915311066,2.452620897723727,0.1396892992014973,2.592310196925224,NA,NA,NA,NA,NA,NA
Latvia,2017,1.708257872902527,0.1147931152287379,1.8230509881312649,2.6021701123958105,0.17486306856557046,2.777033180961381,NA,NA,NA,NA,NA,NA
Latvia,2018,4.468316589427312,0.11065433248508469,4.578970921912397,6.806536686392656,0.1685585071008925,6.975095193493549,NA,NA,NA,NA,NA,NA
Latvia,2019,6.736515733760884,0.10607570285565272,6.842591436616536,10.261659075097345,0.16158393179441738,10.423243006891763,NA,NA,NA,NA,NA,NA
Latvia,2020,6.547325482912553,0.20719260569280418,6.754518088605358,9.97346768191049,0.3156141789805695,10.28908186089106,NA,NA,NA,NA,NA,NA
Latvia,2021,13.710815855716424,0.26743757623149866,13.978253431947923,20.885532449317527,0.4073846688139286,21.292917118131456,NA,NA,NA,NA,NA,NA
Latvia,2022,18.864332965033178,0.304360272457224,19.1686932374904,28.735827424278668,0.4636285990259419,29.19945602330461,NA,NA,NA,NA,NA,NA
Latvia,2023,18.359297156921706,0.2860342938587207,18.645331450780425,27.96651202617406,0.43571284078716704,28.402224866961227,NA,NA,NA,NA,NA,NA
Latvia,2024,14.213013511246118,0.2860342938587207,14.499047805104839,21.65052452133661,0.43571284078716704,22.08623736212378,NA,NA,NA,NA,NA,NA
Latvia,2025,15.85356631135759,0.2860342938587207,16.13960060521631,24.149560253572876,0.43571284078716704,24.585273094360044,NA,NA,NA,NA,NA,NA
Lebanon,1989,0.0,0.0,0.0,0.0,0.0,0.0,NA,NA,NA,NA,NA,NA
Lebanon,1990,0.0,0.0,0.0,0.0,0.0,0.0,NA,NA,NA,NA,NA,NA
Lebanon,1991,0.0,0.0,0.0,0.0,0.0,0.0,NA,NA,NA,NA,NA,NA
Lebanon,1992,0.0,0.0,0.0,0.0,0.0,0.0,NA,NA,NA,NA,NA,NA
Lebanon,1993,0.0,0.0,0.0,0.0,0.0,0.0,NA,NA,NA,NA,NA,NA
Lebanon,1994,0.0,0.0,0.0,0.0,0.0,0.0,NA,NA,NA,NA,NA,NA
Lebanon,1995,0.0,0.0,0.0,0.0,0.0,0.0,NA,NA,NA,NA,NA,NA
Lebanon,1996,0.0,0.0,0.0,0.0,0.0,0.0,NA,NA,NA,NA,NA,NA
Lebanon,1997,0.0,0.0,0.0,0.0,0.0,0.0,NA,NA,NA,NA,NA,NA
Lebanon,1998,0.0,0.0,0.0,0.0,0.0,0.0,NA,NA,NA,NA,NA,NA
Lebanon,1999,0.0,0.0,0.0,0.0,0.0,0.0,NA,NA,NA,NA,NA,NA
Lebanon,2000,0.0,0.0,0.0,0.0,0.0,0.0,NA,NA,NA,NA,NA,NA
Lebanon,2001,0.0,0.0,0.0,0.0,0.0,0.0,NA,NA,NA,NA,NA,NA
Lebanon,2002,0.0,0.0,0.0,0.0,0.0,0.0,NA,NA,NA,NA,NA,NA
Lebanon,2003,0.0,0.0,0.0,0.0,0.0,0.0,NA,NA,NA,NA,NA,NA
Lebanon,2004,0.0,0.0,0.0,0.0,0.0,0.0,NA,NA,NA,NA,NA,NA
Lebanon,2005,0.0,0.0,0.0,0.0,0.0,0.0,NA,NA,NA,NA,NA,NA
Lebanon,2006,0.0,0.0,0.0,0.0,0.0,0.0,NA,NA,NA,NA,NA,NA
Lebanon,2007,0.0,0.0,0.0,0.0,0.0,0.0,NA,NA,NA,NA,NA,NA
Lebanon,2008,0.0,0.0,0.0,0.0,0.0,0.0,NA,NA,NA,NA,NA,NA
Lebanon,2009,0.0,0.0,0.0,0.0,0.0,0.0,NA,NA,NA,NA,NA,NA
Lebanon,2010,0.0,0.0,0.0,0.0,0.0,0.0,NA,NA,NA,NA,NA,NA
Lebanon,2011,0.0,0.0,0.0,0.0,0.0,0.0,NA,NA,NA,NA,NA,NA
Lebanon,2012,0.0,0.0,0.0,0.0,0.0,0.0,NA,NA,NA,NA,NA,NA
Lebanon,2013,0.0,0.0,0.0,0.0,0.0,0.0,NA,NA,NA,NA,NA,NA
Lebanon,2014,0.0,0.0,0.0,0.0,0.0,0.0,NA,NA,NA,NA,NA,NA
Lebanon,2015,0.0,0.0,0.0,0.0,0.0,0.0,NA,NA,NA,NA,NA,NA
Lebanon,2016,0.0,0.0,0.0,0.0,0.0,0.0,NA,NA,NA,NA,NA,NA
Lebanon,2017,0.0,0.0,0.0,0.0,0.0,0.0,NA,NA,NA,NA,NA,NA
Lebanon,2018,0.0,0.0,0.0,0.0,0.0,0.0,NA,NA,NA,NA,NA,NA
Lebanon,2019,0.0,0.0,0.0,0.0,0.0,0.0,NA,NA,NA,NA,NA,NA
Lebanon,2020,0.0,0.0,0.0,0.0,0.0,0.0,NA,NA,NA,NA,NA,NA
Lebanon,2021,0.0,0.0,0.0,0.0,0.0,0.0,NA,NA,NA,NA,NA,NA
Lebanon,2022,0.0,0.0,0.0,0.0,0.0,0.0,NA,NA,NA,NA,NA,NA
Lebanon,2023,0.0,0.0,0.0,0.0,0.0,0.0,NA,NA,NA,NA,NA,NA
Lebanon,2024,0.0,0.0,0.0,0.0,0.0,0.0,NA,NA,NA,NA,NA,NA
Lebanon,2025,0.0,0.0,0.0,0.0,0.0,0.0,NA,NA,NA,NA,NA,NA
Lesotho,1989,0.0,0.0,0.0,0.0,0.0,0.0,NA,NA,NA,NA,NA,NA
Lesotho,1990,0.0,0.0,0.0,0.0,0.0,0.0,NA,NA,NA,NA,NA,NA
Lesotho,1991,0.0,0.0,0.0,0.0,0.0,0.0,NA,NA,NA,NA,NA,NA
Lesotho,1992,0.0,0.0,0.0,0.0,0.0,0.0,NA,NA,NA,NA,NA,NA
Lesotho,1993,0.0,0.0,0.0,0.0,0.0,0.0,NA,NA,NA,NA,NA,NA
Lesotho,1994,0.0,0.0,0.0,0.0,0.0,0.0,NA,NA,NA,NA,NA,NA
Lesotho,1995,0.0,0.0,0.0,0.0,0.0,0.0,NA,NA,NA,NA,NA,NA
Lesotho,1996,0.0,0.0,0.0,0.0,0.0,0.0,NA,NA,NA,NA,NA,NA
Lesotho,1997,0.0,0.0,0.0,0.0,0.0,0.0,NA,NA,NA,NA,NA,NA
Lesotho,1998,0.0,0.0,0.0,0.0,0.0,0.0,NA,NA,NA,NA,NA,NA
Lesotho,1999,0.0,0.0,0.0,0.0,0.0,0.0,NA,NA,NA,NA,NA,NA
Lesotho,2000,0.0,0.0,0.0,0.0,0.0,0.0,NA,NA,NA,NA,NA,NA
Lesotho,2001,0.0,0.0,0.0,0.0,0.0,0.0,NA,NA,NA,NA,NA,NA
Lesotho,2002,0.0,0.0,0.0,0.0,0.0,0.0,NA,NA,NA,NA,NA,NA
Lesotho,2003,0.0,0.0,0.0,0.0,0.0,0.0,NA,NA,NA,NA,NA,NA
Lesotho,2004,0.0,0.0,0.0,0.0,0.0,0.0,NA,NA,NA,NA,NA,NA
Lesotho,2005,0.0,0.0,0.0,0.0,0.0,0.0,NA,NA,NA,NA,NA,NA
Lesotho,2006,0.0,0.0,0.0,0.0,0.0,0.0,NA,NA,NA,NA,NA,NA
Lesotho,2007,0.0,0.0,0.0,0.0,0.0,0.0,NA,NA,NA,NA,NA,NA
Lesotho,2008,0.0,0.0,0.0,0.0,0.0,0.0,NA,NA,NA,NA,NA,NA
Lesotho,2009,0.0,0.0,0.0,0.0,0.0,0.0,NA,NA,NA,NA,NA,NA
Lesotho,2010,0.0,0.0,0.0,0.0,0.0,0.0,NA,NA,NA,NA,NA,NA
Lesotho,2011,0.0,0.0,0.0,0.0,0.0,0.0,NA,NA,NA,NA,NA,NA
Lesotho,2012,0.0,0.0,0.0,0.0,0.0,0.0,NA,NA,NA,NA,NA,NA
Lesotho,2013,0.0,0.0,0.0,0.0,0.0,0.0,NA,NA,NA,NA,NA,NA
Lesotho,2014,0.0,0.0,0.0,0.0,0.0,0.0,NA,NA,NA,NA,NA,NA
Lesotho,2015,0.0,0.0,0.0,0.0,0.0,0.0,NA,NA,NA,NA,NA,NA
Lesotho,2016,0.0,0.0,0.0,0.0,0.0,0.0,NA,NA,NA,NA,NA,NA
Lesotho,2017,0.0,0.0,0.0,0.0,0.0,0.0,NA,NA,NA,NA,NA,NA
Lesotho,2018,0.0,0.0,0.0,0.0,0.0,0.0,NA,NA,NA,NA,NA,NA
Lesotho,2019,0.0,0.0,0.0,0.0,0.0,0.0,NA,NA,NA,NA,NA,NA
Lesotho,2020,0.0,0.0,0.0,0.0,0.0,0.0,NA,NA,NA,NA,NA,NA
Lesotho,2021,0.0,0.0,0.0,0.0,0.0,0.0,NA,NA,NA,NA,NA,NA
Lesotho,2022,0.0,0.0,0.0,0.0,0.0,0.0,NA,NA,NA,NA,NA,NA
Lesotho,2023,0.0,0.0,0.0,0.0,0.0,0.0,NA,NA,NA,NA,NA,NA
Lesotho,2024,0.0,0.0,0.0,0.0,0.0,0.0,NA,NA,NA,NA,NA,NA
Lesotho,2025,0.0,0.0,0.0,0.0,0.0,0.0,NA,NA,NA,NA,NA,NA
Liaoning Province,1989,0.0,0.0,0.0,0.0,0.0,0.0,0.0,0.0,0.0,0.0,0.0,0.0
Liaoning Province,1990,0.0,0.0,0.0,0.0,0.0,0.0,0.0,0.0,0.0,0.0,0.0,0.0
Liaoning Province,1991,0.0,0.0,0.0,0.0,0.0,0.0,0.0,0.0,0.0,0.0,0.0,0.0
Liaoning Province,1992,0.0,0.0,0.0,0.0,0.0,0.0,0.0,0.0,0.0,0.0,0.0,0.0
Liaoning Province,1993,0.0,0.0,0.0,0.0,0.0,0.0,0.0,0.0,0.0,0.0,0.0,0.0
Liaoning Province,1994,0.0,0.0,0.0,0.0,0.0,0.0,0.0,0.0,0.0,0.0,0.0,0.0
Liaoning Province,1995,0.0,0.0,0.0,0.0,0.0,0.0,0.0,0.0,0.0,0.0,0.0,0.0
Liaoning Province,1996,0.0,0.0,0.0,0.0,0.0,0.0,0.0,0.0,0.0,0.0,0.0,0.0
Liaoning Province,1997,0.0,0.0,0.0,0.0,0.0,0.0,0.0,0.0,0.0,0.0,0.0,0.0
Liaoning Province,1998,0.0,0.0,0.0,0.0,0.0,0.0,0.0,0.0,0.0,0.0,0.0,0.0
Liaoning Province,1999,0.0,0.0,0.0,0.0,0.0,0.0,0.0,0.0,0.0,0.0,0.0,0.0
Liaoning Province,2000,0.0,0.0,0.0,0.0,0.0,0.0,0.0,0.0,0.0,0.0,0.0,0.0
Liaoning Province,2001,0.0,0.0,0.0,0.0,0.0,0.0,0.0,0.0,0.0,0.0,0.0,0.0
Liaoning Province,2002,0.0,0.0,0.0,0.0,0.0,0.0,0.0,0.0,0.0,0.0,0.0,0.0
Liaoning Province,2003,0.0,0.0,0.0,0.0,0.0,0.0,0.0,0.0,0.0,0.0,0.0,0.0
Liaoning Province,2004,0.0,0.0,0.0,0.0,0.0,0.0,0.0,0.0,0.0,0.0,0.0,0.0
Liaoning Province,2005,0.0,0.0,0.0,0.0,0.0,0.0,0.0,0.0,0.0,0.0,0.0,0.0
Liaoning Province,2006,0.0,0.0,0.0,0.0,0.0,0.0,0.0,0.0,0.0,0.0,0.0,0.0
Liaoning Province,2007,0.0,0.0,0.0,0.0,0.0,0.0,0.0,0.0,0.0,0.0,0.0,0.0
Liaoning Province,2008,0.0,0.0,0.0,0.0,0.0,0.0,0.0,0.0,0.0,0.0,0.0,0.0
Liaoning Province,2009,0.0,0.0,0.0,0.0,0.0,0.0,0.0,0.0,0.0,0.0,0.0,0.0
Liaoning Province,2010,0.0,0.0,0.0,0.0,0.0,0.0,0.0,0.0,0.0,0.0,0.0,0.0
Liaoning Province,2011,0.0,0.0,0.0,0.0,0.0,0.0,0.0,0.0,0.0,0.0,0.0,0.0
Liaoning Province,2012,0.0,0.0,0.0,0.0,0.0,0.0,0.0,0.0,0.0,0.0,0.0,0.0
Liaoning Province,2013,0.0,0.0,0.0,0.0,0.0,0.0,0.0,0.0,0.0,0.0,0.0,0.0
Liaoning Province,2014,0.0,0.0,0.0,0.0,0.0,0.0,0.0,0.0,0.0,0.0,0.0,0.0
Liaoning Province,2015,0.0,0.0,0.0,0.0,0.0,0.0,0.0,0.0,0.0,0.0,0.0,0.0
Liaoning Province,2016,0.0,0.0,0.0,0.0,0.0,0.0,0.0,0.0,0.0,0.0,0.0,0.0
Liaoning Province,2017,0.0,0.0,0.0,0.0,0.0,0.0,0.0,0.0,0.0,0.0,0.0,0.0
Liaoning Province,2018,0.0,0.0,0.0,0.0,0.0,0.0,0.0,0.0,0.0,0.0,0.0,0.0
Liaoning Province,2019,0.0,0.0,0.0,0.0,0.0,0.0,0.0,0.0,0.0,0.0,0.0,0.0
Liaoning Province,2020,0.0,0.0,0.0,0.0,0.0,0.0,0.0,0.0,0.0,0.0,0.0,0.0
Liaoning Province,2021,0.0,0.0,0.0,0.0,0.0,0.0,0.0,0.0,0.0,0.0,0.0,0.0
Liaoning Province,2022,0.0,0.0,0.0,0.0,0.0,0.0,0.0,0.0,0.0,0.0,0.0,0.0
Liaoning Province,2023,0.0,0.0,0.0,0.0,0.0,0.0,0.0,0.0,0.0,0.0,0.0,0.0
Liaoning Province,2024,0.0,0.0,0.0,0.0,0.0,0.0,0.0,0.0,0.0,0.0,0.0,0.0
Liaoning Province,2025,0.0,0.0,0.0,0.0,0.0,0.0,0.0,0.0,0.0,0.0,0.0,0.0
Liberia,1989,0.0,0.0,0.0,0.0,0.0,0.0,NA,NA,NA,NA,NA,NA
Liberia,1990,0.0,0.0,0.0,0.0,0.0,0.0,NA,NA,NA,NA,NA,NA
Liberia,1991,0.0,0.0,0.0,0.0,0.0,0.0,NA,NA,NA,NA,NA,NA
Liberia,1992,0.0,0.0,0.0,0.0,0.0,0.0,NA,NA,NA,NA,NA,NA
Liberia,1993,0.0,0.0,0.0,0.0,0.0,0.0,NA,NA,NA,NA,NA,NA
Liberia,1994,0.0,0.0,0.0,0.0,0.0,0.0,NA,NA,NA,NA,NA,NA
Liberia,1995,0.0,0.0,0.0,0.0,0.0,0.0,NA,NA,NA,NA,NA,NA
Liberia,1996,0.0,0.0,0.0,0.0,0.0,0.0,NA,NA,NA,NA,NA,NA
Liberia,1997,0.0,0.0,0.0,0.0,0.0,0.0,NA,NA,NA,NA,NA,NA
Liberia,1998,0.0,0.0,0.0,0.0,0.0,0.0,NA,NA,NA,NA,NA,NA
Liberia,1999,0.0,0.0,0.0,0.0,0.0,0.0,NA,NA,NA,NA,NA,NA
Liberia,2000,0.0,0.0,0.0,0.0,0.0,0.0,NA,NA,NA,NA,NA,NA
Liberia,2001,0.0,0.0,0.0,0.0,0.0,0.0,NA,NA,NA,NA,NA,NA
Liberia,2002,0.0,0.0,0.0,0.0,0.0,0.0,NA,NA,NA,NA,NA,NA
Liberia,2003,0.0,0.0,0.0,0.0,0.0,0.0,NA,NA,NA,NA,NA,NA
Liberia,2004,0.0,0.0,0.0,0.0,0.0,0.0,NA,NA,NA,NA,NA,NA
Liberia,2005,0.0,0.0,0.0,0.0,0.0,0.0,NA,NA,NA,NA,NA,NA
Liberia,2006,0.0,0.0,0.0,0.0,0.0,0.0,NA,NA,NA,NA,NA,NA
Liberia,2007,0.0,0.0,0.0,0.0,0.0,0.0,NA,NA,NA,NA,NA,NA
Liberia,2008,0.0,0.0,0.0,0.0,0.0,0.0,NA,NA,NA,NA,NA,NA
Liberia,2009,0.0,0.0,0.0,0.0,0.0,0.0,NA,NA,NA,NA,NA,NA
Liberia,2010,0.0,0.0,0.0,0.0,0.0,0.0,NA,NA,NA,NA,NA,NA
Liberia,2011,0.0,0.0,0.0,0.0,0.0,0.0,NA,NA,NA,NA,NA,NA
Liberia,2012,0.0,0.0,0.0,0.0,0.0,0.0,NA,NA,NA,NA,NA,NA
Liberia,2013,0.0,0.0,0.0,0.0,0.0,0.0,NA,NA,NA,NA,NA,NA
Liberia,2014,0.0,0.0,0.0,0.0,0.0,0.0,NA,NA,NA,NA,NA,NA
Liberia,2015,0.0,0.0,0.0,0.0,0.0,0.0,NA,NA,NA,NA,NA,NA
Liberia,2016,0.0,0.0,0.0,0.0,0.0,0.0,NA,NA,NA,NA,NA,NA
Liberia,2017,0.0,0.0,0.0,0.0,0.0,0.0,NA,NA,NA,NA,NA,NA
Liberia,2018,0.0,0.0,0.0,0.0,0.0,0.0,NA,NA,NA,NA,NA,NA
Liberia,2019,0.0,0.0,0.0,0.0,0.0,0.0,NA,NA,NA,NA,NA,NA
Liberia,2020,0.0,0.0,0.0,0.0,0.0,0.0,NA,NA,NA,NA,NA,NA
Liberia,2021,0.0,0.0,0.0,0.0,0.0,0.0,NA,NA,NA,NA,NA,NA
Liberia,2022,0.0,0.0,0.0,0.0,0.0,0.0,NA,NA,NA,NA,NA,NA
Liberia,2023,0.0,0.0,0.0,0.0,0.0,0.0,NA,NA,NA,NA,NA,NA
Liberia,2024,0.0,0.0,0.0,0.0,0.0,0.0,NA,NA,NA,NA,NA,NA
Liberia,2025,0.0,0.0,0.0,0.0,0.0,0.0,NA,NA,NA,NA,NA,NA
Libya,1989,0.0,0.0,0.0,0.0,0.0,0.0,NA,NA,NA,NA,NA,NA
Libya,1990,0.0,0.0,0.0,0.0,0.0,0.0,NA,NA,NA,NA,NA,NA
Libya,1991,0.0,0.0,0.0,0.0,0.0,0.0,NA,NA,NA,NA,NA,NA
Libya,1992,0.0,0.0,0.0,0.0,0.0,0.0,NA,NA,NA,NA,NA,NA
Libya,1993,0.0,0.0,0.0,0.0,0.0,0.0,NA,NA,NA,NA,NA,NA
Libya,1994,0.0,0.0,0.0,0.0,0.0,0.0,NA,NA,NA,NA,NA,NA
Libya,1995,0.0,0.0,0.0,0.0,0.0,0.0,NA,NA,NA,NA,NA,NA
Libya,1996,0.0,0.0,0.0,0.0,0.0,0.0,NA,NA,NA,NA,NA,NA
Libya,1997,0.0,0.0,0.0,0.0,0.0,0.0,NA,NA,NA,NA,NA,NA
Libya,1998,0.0,0.0,0.0,0.0,0.0,0.0,NA,NA,NA,NA,NA,NA
Libya,1999,0.0,0.0,0.0,0.0,0.0,0.0,NA,NA,NA,NA,NA,NA
Libya,2000,0.0,0.0,0.0,0.0,0.0,0.0,NA,NA,NA,NA,NA,NA
Libya,2001,0.0,0.0,0.0,0.0,0.0,0.0,NA,NA,NA,NA,NA,NA
Libya,2002,0.0,0.0,0.0,0.0,0.0,0.0,NA,NA,NA,NA,NA,NA
Libya,2003,0.0,0.0,0.0,0.0,0.0,0.0,NA,NA,NA,NA,NA,NA
Libya,2004,0.0,0.0,0.0,0.0,0.0,0.0,NA,NA,NA,NA,NA,NA
Libya,2005,0.0,0.0,0.0,0.0,0.0,0.0,NA,NA,NA,NA,NA,NA
Libya,2006,0.0,0.0,0.0,0.0,0.0,0.0,NA,NA,NA,NA,NA,NA
Libya,2007,0.0,0.0,0.0,0.0,0.0,0.0,NA,NA,NA,NA,NA,NA
Libya,2008,0.0,0.0,0.0,0.0,0.0,0.0,NA,NA,NA,NA,NA,NA
Libya,2009,0.0,0.0,0.0,0.0,0.0,0.0,NA,NA,NA,NA,NA,NA
Libya,2010,0.0,0.0,0.0,0.0,0.0,0.0,NA,NA,NA,NA,NA,NA
Libya,2011,0.0,0.0,0.0,0.0,0.0,0.0,NA,NA,NA,NA,NA,NA
Libya,2012,0.0,0.0,0.0,0.0,0.0,0.0,NA,NA,NA,NA,NA,NA
Libya,2013,0.0,0.0,0.0,0.0,0.0,0.0,NA,NA,NA,NA,NA,NA
Libya,2014,0.0,0.0,0.0,0.0,0.0,0.0,NA,NA,NA,NA,NA,NA
Libya,2015,0.0,0.0,0.0,0.0,0.0,0.0,NA,NA,NA,NA,NA,NA
Libya,2016,0.0,0.0,0.0,0.0,0.0,0.0,NA,NA,NA,NA,NA,NA
Libya,2017,0.0,0.0,0.0,0.0,0.0,0.0,NA,NA,NA,NA,NA,NA
Libya,2018,0.0,0.0,0.0,0.0,0.0,0.0,NA,NA,NA,NA,NA,NA
Libya,2019,0.0,0.0,0.0,0.0,0.0,0.0,NA,NA,NA,NA,NA,NA
Libya,2020,0.0,0.0,0.0,0.0,0.0,0.0,NA,NA,NA,NA,NA,NA
Libya,2021,0.0,0.0,0.0,0.0,0.0,0.0,NA,NA,NA,NA,NA,NA
Libya,2022,0.0,0.0,0.0,0.0,0.0,0.0,NA,NA,NA,NA,NA,NA
Libya,2023,0.0,0.0,0.0,0.0,0.0,0.0,NA,NA,NA,NA,NA,NA
Libya,2024,0.0,0.0,0.0,0.0,0.0,0.0,NA,NA,NA,NA,NA,NA
Libya,2025,0.0,0.0,0.0,0.0,0.0,0.0,NA,NA,NA,NA,NA,NA
Liechtenstein,1989,0.0,0.0,0.0,0.0,0.0,0.0,NA,NA,NA,NA,NA,NA
Liechtenstein,1990,0.0,0.0,0.0,0.0,0.0,0.0,NA,NA,NA,NA,NA,NA
Liechtenstein,1991,0.0,0.0,0.0,0.0,0.0,0.0,NA,NA,NA,NA,NA,NA
Liechtenstein,1992,0.0,0.0,0.0,0.0,0.0,0.0,NA,NA,NA,NA,NA,NA
Liechtenstein,1993,0.0,0.0,0.0,0.0,0.0,0.0,NA,NA,NA,NA,NA,NA
Liechtenstein,1994,0.0,0.0,0.0,0.0,0.0,0.0,NA,NA,NA,NA,NA,NA
Liechtenstein,1995,0.0,0.0,0.0,0.0,0.0,0.0,NA,NA,NA,NA,NA,NA
Liechtenstein,1996,0.0,0.0,0.0,0.0,0.0,0.0,NA,NA,NA,NA,NA,NA
Liechtenstein,1997,0.0,0.0,0.0,0.0,0.0,0.0,NA,NA,NA,NA,NA,NA
Liechtenstein,1998,0.0,0.0,0.0,0.0,0.0,0.0,NA,NA,NA,NA,NA,NA
Liechtenstein,1999,0.0,0.0,0.0,0.0,0.0,0.0,NA,NA,NA,NA,NA,NA
Liechtenstein,2000,0.0,0.0,0.0,0.0,0.0,0.0,NA,NA,NA,NA,NA,NA
Liechtenstein,2001,0.0,0.0,0.0,0.0,0.0,0.0,NA,NA,NA,NA,NA,NA
Liechtenstein,2002,0.0,0.0,0.0,0.0,0.0,0.0,NA,NA,NA,NA,NA,NA
Liechtenstein,2003,0.0,0.0,0.0,0.0,0.0,0.0,NA,NA,NA,NA,NA,NA
Liechtenstein,2004,0.0,0.0,0.0,0.0,0.0,0.0,NA,NA,NA,NA,NA,NA
Liechtenstein,2005,0.0,0.0,0.0,0.0,0.0,0.0,NA,NA,NA,NA,NA,NA
Liechtenstein,2006,0.0,0.0,0.0,0.0,0.0,0.0,NA,NA,NA,NA,NA,NA
Liechtenstein,2007,0.0,0.0,0.0,0.0,0.0,0.0,NA,NA,NA,NA,NA,NA
Liechtenstein,2008,0.0,0.0,0.0,0.0,0.0,0.0,NA,NA,NA,NA,NA,NA
Liechtenstein,2009,0.0,0.0,0.0,0.0,0.0,0.0,NA,NA,NA,NA,NA,NA
Liechtenstein,2010,0.0,0.0,0.0,0.0,0.0,0.0,NA,NA,NA,NA,NA,NA
Liechtenstein,2011,0.0,0.0,0.0,0.0,0.0,0.0,NA,NA,NA,NA,NA,NA
Liechtenstein,2012,0.0,0.0,0.0,0.0,0.0,0.0,NA,NA,NA,NA,NA,NA
Liechtenstein,2013,0.0,0.0,0.0,0.0,0.0,0.0,NA,NA,NA,NA,NA,NA
Liechtenstein,2014,0.0,0.0,0.0,0.0,0.0,0.0,NA,NA,NA,NA,NA,NA
Liechtenstein,2015,0.0,0.0,0.0,0.0,0.0,0.0,NA,NA,NA,NA,NA,NA
Liechtenstein,2016,0.0,0.0,0.0,0.0,0.0,0.0,NA,NA,NA,NA,NA,NA
Liechtenstein,2017,0.0,0.0,0.0,0.0,0.0,0.0,NA,NA,NA,NA,NA,NA
Liechtenstein,2018,0.0,0.0,0.0,0.0,0.0,0.0,NA,NA,NA,NA,NA,NA
Liechtenstein,2019,0.0,0.0,0.0,0.0,0.0,0.0,NA,NA,NA,NA,NA,NA
Liechtenstein,2020,0.0,0.0,0.0,0.0,0.0,0.0,NA,NA,NA,NA,NA,NA
Liechtenstein,2021,0.0,0.0,0.0,0.0,0.0,0.0,NA,NA,NA,NA,NA,NA
Liechtenstein,2022,0.0,0.0,0.0,0.0,0.0,0.0,NA,NA,NA,NA,NA,NA
Liechtenstein,2023,0.0,0.0,0.0,0.0,0.0,0.0,NA,NA,NA,NA,NA,NA
Liechtenstein,2024,0.0,0.0,0.0,0.0,0.0,0.0,NA,NA,NA,NA,NA,NA
Liechtenstein,2025,0.0,0.0,0.0,0.0,0.0,0.0,NA,NA,NA,NA,NA,NA
Lithuania,1989,0.0,0.0,0.0,0.0,0.0,0.0,NA,NA,NA,NA,NA,NA
Lithuania,1990,0.0,0.0,0.0,0.0,0.0,0.0,NA,NA,NA,NA,NA,NA
Lithuania,1991,0.0,0.0,0.0,0.0,0.0,0.0,NA,NA,NA,NA,NA,NA
Lithuania,1992,0.0,0.0,0.0,0.0,0.0,0.0,NA,NA,NA,NA,NA,NA
Lithuania,1993,0.0,0.0,0.0,0.0,0.0,0.0,NA,NA,NA,NA,NA,NA
Lithuania,1994,0.0,0.0,0.0,0.0,0.0,0.0,NA,NA,NA,NA,NA,NA
Lithuania,1995,0.0,0.0,0.0,0.0,0.0,0.0,NA,NA,NA,NA,NA,NA
Lithuania,1996,0.0,0.0,0.0,0.0,0.0,0.0,NA,NA,NA,NA,NA,NA
Lithuania,1997,0.0,0.0,0.0,0.0,0.0,0.0,NA,NA,NA,NA,NA,NA
Lithuania,1998,0.0,0.0,0.0,0.0,0.0,0.0,NA,NA,NA,NA,NA,NA
Lithuania,1999,0.0,0.0,0.0,0.0,0.0,0.0,NA,NA,NA,NA,NA,NA
Lithuania,2000,0.0,0.0,0.0,0.0,0.0,0.0,NA,NA,NA,NA,NA,NA
Lithuania,2001,0.0,0.0,0.0,0.0,0.0,0.0,NA,NA,NA,NA,NA,NA
Lithuania,2002,0.0,0.0,0.0,0.0,0.0,0.0,NA,NA,NA,NA,NA,NA
Lithuania,2003,0.0,0.0,0.0,0.0,0.0,0.0,NA,NA,NA,NA,NA,NA
Lithuania,2004,0.0,0.0,0.0,0.0,0.0,0.0,NA,NA,NA,NA,NA,NA
Lithuania,2005,10.541887063394316,0.0,10.541887063394316,17.74278494964902,0.0,17.74278494964902,NA,NA,NA,NA,NA,NA
Lithuania,2006,8.28415283864179,0.0,8.28415283864179,13.942849266184355,0.0,13.942849266184355,NA,NA,NA,NA,NA,NA
Lithuania,2007,0.28967920877376613,0.0,0.28967920877376613,0.4875517898028505,0.0,0.4875517898028505,NA,NA,NA,NA,NA,NA
Lithuania,2008,6.952690149045601,0.0,6.952690149045601,11.701897904447799,0.0,11.701897904447799,NA,NA,NA,NA,NA,NA
Lithuania,2009,5.428229136592432,0.0,5.428229136592432,9.13611592011949,0.0,9.13611592011949,NA,NA,NA,NA,NA,NA
Lithuania,2010,5.7964679753084,0.0,5.7964679753084,9.755889447018024,0.0,9.755889447018024,NA,NA,NA,NA,NA,NA
Lithuania,2011,4.95214137681459,0.0,4.95214137681459,8.334824586973811,0.0,8.334824586973811,NA,NA,NA,NA,NA,NA
Lithuania,2012,2.8106126319920315,0.0,2.8106126319920315,4.7304714237893695,0.0,4.7304714237893695,NA,NA,NA,NA,NA,NA
Lithuania,2013,1.6882855645141,0.0,1.6882855645141,2.8415109671195333,0.0,2.8415109671195333,NA,NA,NA,NA,NA,NA
Lithuania,2014,2.2336631734078476,0.0,2.2336631734078476,3.759422302420812,0.0,3.759422302420812,NA,NA,NA,NA,NA,NA
Lithuania,2015,2.8831798301413043,0.0,2.8831798301413043,4.852607449665798,0.0,4.852607449665798,NA,NA,NA,NA,NA,NA
Lithuania,2016,1.9888259707164053,0.0,1.9888259707164053,3.347342965115793,0.0,3.347342965115793,NA,NA,NA,NA,NA,NA
Lithuania,2017,2.0819887738540297,0.0,2.0819887738540297,3.5041429356938427,0.0,3.5041429356938427,NA,NA,NA,NA,NA,NA
Lithuania,2018,5.4536323440518695,0.0,5.4536323440518695,9.178871419611532,0.0,9.178871419611532,NA,NA,NA,NA,NA,NA
Lithuania,2019,8.377842451693915,0.0,8.377842451693915,14.10053589727832,0.0,14.10053589727832,NA,NA,NA,NA,NA,NA
Lithuania,2020,8.170851930264035,0.0,8.170851930264035,13.752155357223135,0.0,13.752155357223135,NA,NA,NA,NA,NA,NA
Lithuania,2021,16.674482427408005,0.0,16.674482427408005,28.06440194977221,0.0,28.06440194977221,NA,NA,NA,NA,NA,NA
Lithuania,2022,21.71040585399998,0.0,21.71040585399998,36.54023799730347,0.0,36.54023799730347,NA,NA,NA,NA,NA,NA
Lithuania,2023,20.622400957483958,0.0,20.622400957483958,34.70904432325236,0.0,34.70904432325236,NA,NA,NA,NA,NA,NA
Lithuania,2024,15.965015487128776,0.0,15.965015487128776,26.870315988258717,0.0,26.870315988258717,NA,NA,NA,NA,NA,NA
Lithuania,2025,17.807795052525513,0.0,17.807795052525513,29.97185192217854,0.0,29.97185192217854,NA,NA,NA,NA,NA,NA
Louisiana,1989,0.0,0.0,0.0,0.0,0.0,0.0,0.0,0.0,0.0,0.0,0.0,0.0
Louisiana,1990,0.0,0.0,0.0,0.0,0.0,0.0,0.0,0.0,0.0,0.0,0.0,0.0
Louisiana,1991,0.0,0.0,0.0,0.0,0.0,0.0,0.0,0.0,0.0,0.0,0.0,0.0
Louisiana,1992,0.0,0.0,0.0,0.0,0.0,0.0,0.0,0.0,0.0,0.0,0.0,0.0
Louisiana,1993,0.0,0.0,0.0,0.0,0.0,0.0,0.0,0.0,0.0,0.0,0.0,0.0
Louisiana,1994,0.0,0.0,0.0,0.0,0.0,0.0,0.0,0.0,0.0,0.0,0.0,0.0
Louisiana,1995,0.0,0.0,0.0,0.0,0.0,0.0,0.0,0.0,0.0,0.0,0.0,0.0
Louisiana,1996,0.0,0.0,0.0,0.0,0.0,0.0,0.0,0.0,0.0,0.0,0.0,0.0
Louisiana,1997,0.0,0.0,0.0,0.0,0.0,0.0,0.0,0.0,0.0,0.0,0.0,0.0
Louisiana,1998,0.0,0.0,0.0,0.0,0.0,0.0,0.0,0.0,0.0,0.0,0.0,0.0
Louisiana,1999,0.0,0.0,0.0,0.0,0.0,0.0,0.0,0.0,0.0,0.0,0.0,0.0
Louisiana,2000,0.0,0.0,0.0,0.0,0.0,0.0,0.0,0.0,0.0,0.0,0.0,0.0
Louisiana,2001,0.0,0.0,0.0,0.0,0.0,0.0,0.0,0.0,0.0,0.0,0.0,0.0
Louisiana,2002,0.0,0.0,0.0,0.0,0.0,0.0,0.0,0.0,0.0,0.0,0.0,0.0
Louisiana,2003,0.0,0.0,0.0,0.0,0.0,0.0,0.0,0.0,0.0,0.0,0.0,0.0
Louisiana,2004,0.0,0.0,0.0,0.0,0.0,0.0,0.0,0.0,0.0,0.0,0.0,0.0
Louisiana,2005,0.0,0.0,0.0,0.0,0.0,0.0,0.0,0.0,0.0,0.0,0.0,0.0
Louisiana,2006,0.0,0.0,0.0,0.0,0.0,0.0,0.0,0.0,0.0,0.0,0.0,0.0
Louisiana,2007,0.0,0.0,0.0,0.0,0.0,0.0,0.0,0.0,0.0,0.0,0.0,0.0
Louisiana,2008,0.0,0.0,0.0,0.0,0.0,0.0,0.0,0.0,0.0,0.0,0.0,0.0
Louisiana,2009,0.0,0.0,0.0,0.0,0.0,0.0,0.0,0.0,0.0,0.0,0.0,0.0
Louisiana,2010,0.0,0.0,0.0,0.0,0.0,0.0,0.0,0.0,0.0,0.0,0.0,0.0
Louisiana,2011,0.0,0.0,0.0,0.0,0.0,0.0,0.0,0.0,0.0,0.0,0.0,0.0
Louisiana,2012,0.0,0.0,0.0,0.0,0.0,0.0,0.0,0.0,0.0,0.0,0.0,0.0
Louisiana,2013,0.0,0.0,0.0,0.0,0.0,0.0,0.0,0.0,0.0,0.0,0.0,0.0
Louisiana,2014,0.0,0.0,0.0,0.0,0.0,0.0,0.0,0.0,0.0,0.0,0.0,0.0
Louisiana,2015,0.0,0.0,0.0,0.0,0.0,0.0,0.0,0.0,0.0,0.0,0.0,0.0
Louisiana,2016,0.0,0.0,0.0,0.0,0.0,0.0,0.0,0.0,0.0,0.0,0.0,0.0
Louisiana,2017,0.0,0.0,0.0,0.0,0.0,0.0,0.0,0.0,0.0,0.0,0.0,0.0
Louisiana,2018,0.0,0.0,0.0,0.0,0.0,0.0,0.0,0.0,0.0,0.0,0.0,0.0
Louisiana,2019,0.0,0.0,0.0,0.0,0.0,0.0,0.0,0.0,0.0,0.0,0.0,0.0
Louisiana,2020,0.0,0.0,0.0,0.0,0.0,0.0,0.0,0.0,0.0,0.0,0.0,0.0
Louisiana,2021,0.0,0.0,0.0,0.0,0.0,0.0,0.0,0.0,0.0,0.0,0.0,0.0
Louisiana,2022,0.0,0.0,0.0,0.0,0.0,0.0,0.0,0.0,0.0,0.0,0.0,0.0
Louisiana,2023,0.0,0.0,0.0,0.0,0.0,0.0,0.0,0.0,0.0,0.0,0.0,0.0
Louisiana,2024,0.0,0.0,0.0,0.0,0.0,0.0,0.0,0.0,0.0,0.0,0.0,0.0
Louisiana,2025,0.0,0.0,0.0,0.0,0.0,0.0,0.0,0.0,0.0,0.0,0.0,0.0
Luxembourg,1989,0.0,0.0,0.0,0.0,0.0,0.0,NA,NA,NA,NA,NA,NA
Luxembourg,1990,0.0,0.0,0.0,0.0,0.0,0.0,NA,NA,NA,NA,NA,NA
Luxembourg,1991,0.0,0.0,0.0,0.0,0.0,0.0,NA,NA,NA,NA,NA,NA
Luxembourg,1992,0.0,0.0,0.0,0.0,0.0,0.0,NA,NA,NA,NA,NA,NA
Luxembourg,1993,0.0,0.0,0.0,0.0,0.0,0.0,NA,NA,NA,NA,NA,NA
Luxembourg,1994,0.0,0.0,0.0,0.0,0.0,0.0,NA,NA,NA,NA,NA,NA
Luxembourg,1995,0.0,0.0,0.0,0.0,0.0,0.0,NA,NA,NA,NA,NA,NA
Luxembourg,1996,0.0,0.0,0.0,0.0,0.0,0.0,NA,NA,NA,NA,NA,NA
Luxembourg,1997,0.0,0.0,0.0,0.0,0.0,0.0,NA,NA,NA,NA,NA,NA
Luxembourg,1998,0.0,0.0,0.0,0.0,0.0,0.0,NA,NA,NA,NA,NA,NA
Luxembourg,1999,0.0,0.0,0.0,0.0,0.0,0.0,NA,NA,NA,NA,NA,NA
Luxembourg,2000,0.0,0.0,0.0,0.0,0.0,0.0,NA,NA,NA,NA,NA,NA
Luxembourg,2001,0.0,0.0,0.0,0.0,0.0,0.0,NA,NA,NA,NA,NA,NA
Luxembourg,2002,0.0,0.0,0.0,0.0,0.0,0.0,NA,NA,NA,NA,NA,NA
Luxembourg,2003,0.0,0.0,0.0,0.0,0.0,0.0,NA,NA,NA,NA,NA,NA
Luxembourg,2004,0.0,0.0,0.0,0.0,0.0,0.0,NA,NA,NA,NA,NA,NA
Luxembourg,2005,6.030955405021494,0.0,6.030955405021494,6.624731855808678,0.0,6.624731855808678,NA,NA,NA,NA,NA,NA
Luxembourg,2006,4.740671273585516,0.0,4.740671273585516,5.2074130705543045,0.0,5.2074130705543045,NA,NA,NA,NA,NA,NA
Luxembourg,2007,0.17719157944730676,0.0,0.17719157944730676,0.1946369392763639,0.0,0.1946369392763639,NA,NA,NA,NA,NA,NA
Luxembourg,2008,4.3767436817164835,0.0,4.3767436817164835,4.807655063878426,0.0,4.807655063878426,NA,NA,NA,NA,NA,NA
Luxembourg,2009,3.2829336966071634,0.0,3.2829336966071634,3.606154245861764,0.0,3.606154245861764,NA,NA,NA,NA,NA,NA
Luxembourg,2010,3.420998162060439,0.0,3.420998162060439,3.757811819333782,0.0,3.757811819333782,NA,NA,NA,NA,NA,NA
Luxembourg,2011,2.984074976150319,0.0,2.984074976150319,3.277871452699638,0.0,3.277871452699638,NA,NA,NA,NA,NA,NA
Luxembourg,2012,2.346879836922818,0.0,2.346879836922818,2.5779413995455096,0.0,2.5779413995455096,NA,NA,NA,NA,NA,NA
Luxembourg,2013,1.3898507844897456,0.0,1.3898507844897456,1.5266882522732044,0.0,1.5266882522732044,NA,NA,NA,NA,NA,NA
Luxembourg,2014,1.7996930387079009,0.0,1.7996930387079009,1.9768814397596857,0.0,1.9768814397596857,NA,NA,NA,NA,NA,NA
Luxembourg,2015,2.272533508187608,0.0,2.272533508187608,2.496275318591821,0.0,2.496275318591821,NA,NA,NA,NA,NA,NA
Luxembourg,2016,1.600810834740003,0.0,1.600810834740003,1.7584183300702059,0.0,1.7584183300702059,NA,NA,NA,NA,NA,NA
Luxembourg,2017,1.7078376628513852,0.0,1.7078376628513852,1.8759824621188836,0.0,1.8759824621188836,NA,NA,NA,NA,NA,NA
Luxembourg,2018,4.538481187056202,0.0,4.538481187056202,4.985316401418896,0.0,4.985316401418896,NA,NA,NA,NA,NA,NA
Luxembourg,2019,7.073919311945314,0.0,7.073919311945314,7.770380555665427,0.0,7.770380555665427,NA,NA,NA,NA,NA,NA
Luxembourg,2020,6.749503587368132,0.0,6.749503587368132,7.414024548897034,0.0,7.414024548897034,NA,NA,NA,NA,NA,NA
Luxembourg,2021,13.9523664769541,0.0,13.9523664769541,15.326043795123287,0.0,15.326043795123287,NA,NA,NA,NA,NA,NA
Luxembourg,2022,19.950929204969803,0.0,19.950929204969803,21.91519375969853,0.0,21.91519375969853,NA,NA,NA,NA,NA,NA
Luxembourg,2023,19.97565166016581,0.0,19.97565166016581,21.94235025904097,0.0,21.94235025904097,NA,NA,NA,NA,NA,NA
Luxembourg,2024,15.464328754809824,0.0,15.464328754809824,16.986866002256846,0.0,16.986866002256846,NA,NA,NA,NA,NA,NA
Luxembourg,2025,17.249316000510632,0.0,17.249316000510632,18.947593793240102,0.0,18.947593793240102,NA,NA,NA,NA,NA,NA
"Macao SAR, China",1989,0.0,0.0,0.0,0.0,0.0,0.0,NA,NA,NA,NA,NA,NA
"Macao SAR, China",1990,0.0,0.0,0.0,0.0,0.0,0.0,NA,NA,NA,NA,NA,NA
"Macao SAR, China",1991,0.0,0.0,0.0,0.0,0.0,0.0,NA,NA,NA,NA,NA,NA
"Macao SAR, China",1992,0.0,0.0,0.0,0.0,0.0,0.0,NA,NA,NA,NA,NA,NA
"Macao SAR, China",1993,0.0,0.0,0.0,0.0,0.0,0.0,NA,NA,NA,NA,NA,NA
"Macao SAR, China",1994,0.0,0.0,0.0,0.0,0.0,0.0,NA,NA,NA,NA,NA,NA
"Macao SAR, China",1995,0.0,0.0,0.0,0.0,0.0,0.0,NA,NA,NA,NA,NA,NA
"Macao SAR, China",1996,0.0,0.0,0.0,0.0,0.0,0.0,NA,NA,NA,NA,NA,NA
"Macao SAR, China",1997,0.0,0.0,0.0,0.0,0.0,0.0,NA,NA,NA,NA,NA,NA
"Macao SAR, China",1998,0.0,0.0,0.0,0.0,0.0,0.0,NA,NA,NA,NA,NA,NA
"Macao SAR, China",1999,0.0,0.0,0.0,0.0,0.0,0.0,NA,NA,NA,NA,NA,NA
"Macao SAR, China",2000,0.0,0.0,0.0,0.0,0.0,0.0,NA,NA,NA,NA,NA,NA
"Macao SAR, China",2001,0.0,0.0,0.0,0.0,0.0,0.0,NA,NA,NA,NA,NA,NA
"Macao SAR, China",2002,0.0,0.0,0.0,0.0,0.0,0.0,NA,NA,NA,NA,NA,NA
"Macao SAR, China",2003,0.0,0.0,0.0,0.0,0.0,0.0,NA,NA,NA,NA,NA,NA
"Macao SAR, China",2004,0.0,0.0,0.0,0.0,0.0,0.0,NA,NA,NA,NA,NA,NA
"Macao SAR, China",2005,0.0,0.0,0.0,0.0,0.0,0.0,NA,NA,NA,NA,NA,NA
"Macao SAR, China",2006,0.0,0.0,0.0,0.0,0.0,0.0,NA,NA,NA,NA,NA,NA
"Macao SAR, China",2007,0.0,0.0,0.0,0.0,0.0,0.0,NA,NA,NA,NA,NA,NA
"Macao SAR, China",2008,0.0,0.0,0.0,0.0,0.0,0.0,NA,NA,NA,NA,NA,NA
"Macao SAR, China",2009,0.0,0.0,0.0,0.0,0.0,0.0,NA,NA,NA,NA,NA,NA
"Macao SAR, China",2010,0.0,0.0,0.0,0.0,0.0,0.0,NA,NA,NA,NA,NA,NA
"Macao SAR, China",2011,0.0,0.0,0.0,0.0,0.0,0.0,NA,NA,NA,NA,NA,NA
"Macao SAR, China",2012,0.0,0.0,0.0,0.0,0.0,0.0,NA,NA,NA,NA,NA,NA
"Macao SAR, China",2013,0.0,0.0,0.0,0.0,0.0,0.0,NA,NA,NA,NA,NA,NA
"Macao SAR, China",2014,0.0,0.0,0.0,0.0,0.0,0.0,NA,NA,NA,NA,NA,NA
"Macao SAR, China",2015,0.0,0.0,0.0,0.0,0.0,0.0,NA,NA,NA,NA,NA,NA
"Macao SAR, China",2016,0.0,0.0,0.0,0.0,0.0,0.0,NA,NA,NA,NA,NA,NA
"Macao SAR, China",2017,0.0,0.0,0.0,0.0,0.0,0.0,NA,NA,NA,NA,NA,NA
"Macao SAR, China",2018,0.0,0.0,0.0,0.0,0.0,0.0,NA,NA,NA,NA,NA,NA
"Macao SAR, China",2019,0.0,0.0,0.0,0.0,0.0,0.0,NA,NA,NA,NA,NA,NA
"Macao SAR, China",2020,0.0,0.0,0.0,0.0,0.0,0.0,NA,NA,NA,NA,NA,NA
"Macao SAR, China",2021,0.0,0.0,0.0,0.0,0.0,0.0,NA,NA,NA,NA,NA,NA
"Macao SAR, China",2022,0.0,0.0,0.0,0.0,0.0,0.0,NA,NA,NA,NA,NA,NA
"Macao SAR, China",2023,0.0,0.0,0.0,0.0,0.0,0.0,NA,NA,NA,NA,NA,NA
"Macao SAR, China",2024,0.0,0.0,0.0,0.0,0.0,0.0,NA,NA,NA,NA,NA,NA
"Macao SAR, China",2025,0.0,0.0,0.0,0.0,0.0,0.0,NA,NA,NA,NA,NA,NA
Macau Special Administrative Region,1989,0.0,0.0,0.0,0.0,0.0,0.0,0.0,0.0,0.0,0.0,0.0,0.0
Macau Special Administrative Region,1990,0.0,0.0,0.0,0.0,0.0,0.0,0.0,0.0,0.0,0.0,0.0,0.0
Macau Special Administrative Region,1991,0.0,0.0,0.0,0.0,0.0,0.0,0.0,0.0,0.0,0.0,0.0,0.0
Macau Special Administrative Region,1992,0.0,0.0,0.0,0.0,0.0,0.0,0.0,0.0,0.0,0.0,0.0,0.0
Macau Special Administrative Region,1993,0.0,0.0,0.0,0.0,0.0,0.0,0.0,0.0,0.0,0.0,0.0,0.0
Macau Special Administrative Region,1994,0.0,0.0,0.0,0.0,0.0,0.0,0.0,0.0,0.0,0.0,0.0,0.0
Macau Special Administrative Region,1995,0.0,0.0,0.0,0.0,0.0,0.0,0.0,0.0,0.0,0.0,0.0,0.0
Macau Special Administrative Region,1996,0.0,0.0,0.0,0.0,0.0,0.0,0.0,0.0,0.0,0.0,0.0,0.0
Macau Special Administrative Region,1997,0.0,0.0,0.0,0.0,0.0,0.0,0.0,0.0,0.0,0.0,0.0,0.0
Macau Special Administrative Region,1998,0.0,0.0,0.0,0.0,0.0,0.0,0.0,0.0,0.0,0.0,0.0,0.0
Macau Special Administrative Region,1999,0.0,0.0,0.0,0.0,0.0,0.0,0.0,0.0,0.0,0.0,0.0,0.0
Macau Special Administrative Region,2000,0.0,0.0,0.0,0.0,0.0,0.0,0.0,0.0,0.0,0.0,0.0,0.0
Macau Special Administrative Region,2001,0.0,0.0,0.0,0.0,0.0,0.0,0.0,0.0,0.0,0.0,0.0,0.0
Macau Special Administrative Region,2002,0.0,0.0,0.0,0.0,0.0,0.0,0.0,0.0,0.0,0.0,0.0,0.0
Macau Special Administrative Region,2003,0.0,0.0,0.0,0.0,0.0,0.0,0.0,0.0,0.0,0.0,0.0,0.0
Macau Special Administrative Region,2004,0.0,0.0,0.0,0.0,0.0,0.0,0.0,0.0,0.0,0.0,0.0,0.0
Macau Special Administrative Region,2005,0.0,0.0,0.0,0.0,0.0,0.0,0.0,0.0,0.0,0.0,0.0,0.0
Macau Special Administrative Region,2006,0.0,0.0,0.0,0.0,0.0,0.0,0.0,0.0,0.0,0.0,0.0,0.0
Macau Special Administrative Region,2007,0.0,0.0,0.0,0.0,0.0,0.0,0.0,0.0,0.0,0.0,0.0,0.0
Macau Special Administrative Region,2008,0.0,0.0,0.0,0.0,0.0,0.0,0.0,0.0,0.0,0.0,0.0,0.0
Macau Special Administrative Region,2009,0.0,0.0,0.0,0.0,0.0,0.0,0.0,0.0,0.0,0.0,0.0,0.0
Macau Special Administrative Region,2010,0.0,0.0,0.0,0.0,0.0,0.0,0.0,0.0,0.0,0.0,0.0,0.0
Macau Special Administrative Region,2011,0.0,0.0,0.0,0.0,0.0,0.0,0.0,0.0,0.0,0.0,0.0,0.0
Macau Special Administrative Region,2012,0.0,0.0,0.0,0.0,0.0,0.0,0.0,0.0,0.0,0.0,0.0,0.0
Macau Special Administrative Region,2013,0.0,0.0,0.0,0.0,0.0,0.0,0.0,0.0,0.0,0.0,0.0,0.0
Macau Special Administrative Region,2014,0.0,0.0,0.0,0.0,0.0,0.0,0.0,0.0,0.0,0.0,0.0,0.0
Macau Special Administrative Region,2015,0.0,0.0,0.0,0.0,0.0,0.0,0.0,0.0,0.0,0.0,0.0,0.0
Macau Special Administrative Region,2016,0.0,0.0,0.0,0.0,0.0,0.0,0.0,0.0,0.0,0.0,0.0,0.0
Macau Special Administrative Region,2017,0.0,0.0,0.0,0.0,0.0,0.0,0.0,0.0,0.0,0.0,0.0,0.0
Macau Special Administrative Region,2018,0.0,0.0,0.0,0.0,0.0,0.0,0.0,0.0,0.0,0.0,0.0,0.0
Macau Special Administrative Region,2019,0.0,0.0,0.0,0.0,0.0,0.0,0.0,0.0,0.0,0.0,0.0,0.0
Macau Special Administrative Region,2020,0.0,0.0,0.0,0.0,0.0,0.0,0.0,0.0,0.0,0.0,0.0,0.0
Macau Special Administrative Region,2021,0.0,0.0,0.0,0.0,0.0,0.0,0.0,0.0,0.0,0.0,0.0,0.0
Macau Special Administrative Region,2022,0.0,0.0,0.0,0.0,0.0,0.0,0.0,0.0,0.0,0.0,0.0,0.0
Macau Special Administrative Region,2023,0.0,0.0,0.0,0.0,0.0,0.0,0.0,0.0,0.0,0.0,0.0,0.0
Macau Special Administrative Region,2024,0.0,0.0,0.0,0.0,0.0,0.0,0.0,0.0,0.0,0.0,0.0,0.0
Macau Special Administrative Region,2025,0.0,0.0,0.0,0.0,0.0,0.0,0.0,0.0,0.0,0.0,0.0,0.0
Madagascar,1989,0.0,0.0,0.0,0.0,0.0,0.0,NA,NA,NA,NA,NA,NA
Madagascar,1990,0.0,0.0,0.0,0.0,0.0,0.0,NA,NA,NA,NA,NA,NA
Madagascar,1991,0.0,0.0,0.0,0.0,0.0,0.0,NA,NA,NA,NA,NA,NA
Madagascar,1992,0.0,0.0,0.0,0.0,0.0,0.0,NA,NA,NA,NA,NA,NA
Madagascar,1993,0.0,0.0,0.0,0.0,0.0,0.0,NA,NA,NA,NA,NA,NA
Madagascar,1994,0.0,0.0,0.0,0.0,0.0,0.0,NA,NA,NA,NA,NA,NA
Madagascar,1995,0.0,0.0,0.0,0.0,0.0,0.0,NA,NA,NA,NA,NA,NA
Madagascar,1996,0.0,0.0,0.0,0.0,0.0,0.0,NA,NA,NA,NA,NA,NA
Madagascar,1997,0.0,0.0,0.0,0.0,0.0,0.0,NA,NA,NA,NA,NA,NA
Madagascar,1998,0.0,0.0,0.0,0.0,0.0,0.0,NA,NA,NA,NA,NA,NA
Madagascar,1999,0.0,0.0,0.0,0.0,0.0,0.0,NA,NA,NA,NA,NA,NA
Madagascar,2000,0.0,0.0,0.0,0.0,0.0,0.0,NA,NA,NA,NA,NA,NA
Madagascar,2001,0.0,0.0,0.0,0.0,0.0,0.0,NA,NA,NA,NA,NA,NA
Madagascar,2002,0.0,0.0,0.0,0.0,0.0,0.0,NA,NA,NA,NA,NA,NA
Madagascar,2003,0.0,0.0,0.0,0.0,0.0,0.0,NA,NA,NA,NA,NA,NA
Madagascar,2004,0.0,0.0,0.0,0.0,0.0,0.0,NA,NA,NA,NA,NA,NA
Madagascar,2005,0.0,0.0,0.0,0.0,0.0,0.0,NA,NA,NA,NA,NA,NA
Madagascar,2006,0.0,0.0,0.0,0.0,0.0,0.0,NA,NA,NA,NA,NA,NA
Madagascar,2007,0.0,0.0,0.0,0.0,0.0,0.0,NA,NA,NA,NA,NA,NA
Madagascar,2008,0.0,0.0,0.0,0.0,0.0,0.0,NA,NA,NA,NA,NA,NA
Madagascar,2009,0.0,0.0,0.0,0.0,0.0,0.0,NA,NA,NA,NA,NA,NA
Madagascar,2010,0.0,0.0,0.0,0.0,0.0,0.0,NA,NA,NA,NA,NA,NA
Madagascar,2011,0.0,0.0,0.0,0.0,0.0,0.0,NA,NA,NA,NA,NA,NA
Madagascar,2012,0.0,0.0,0.0,0.0,0.0,0.0,NA,NA,NA,NA,NA,NA
Madagascar,2013,0.0,0.0,0.0,0.0,0.0,0.0,NA,NA,NA,NA,NA,NA
Madagascar,2014,0.0,0.0,0.0,0.0,0.0,0.0,NA,NA,NA,NA,NA,NA
Madagascar,2015,0.0,0.0,0.0,0.0,0.0,0.0,NA,NA,NA,NA,NA,NA
Madagascar,2016,0.0,0.0,0.0,0.0,0.0,0.0,NA,NA,NA,NA,NA,NA
Madagascar,2017,0.0,0.0,0.0,0.0,0.0,0.0,NA,NA,NA,NA,NA,NA
Madagascar,2018,0.0,0.0,0.0,0.0,0.0,0.0,NA,NA,NA,NA,NA,NA
Madagascar,2019,0.0,0.0,0.0,0.0,0.0,0.0,NA,NA,NA,NA,NA,NA
Madagascar,2020,0.0,0.0,0.0,0.0,0.0,0.0,NA,NA,NA,NA,NA,NA
Madagascar,2021,0.0,0.0,0.0,0.0,0.0,0.0,NA,NA,NA,NA,NA,NA
Madagascar,2022,0.0,0.0,0.0,0.0,0.0,0.0,NA,NA,NA,NA,NA,NA
Madagascar,2023,0.0,0.0,0.0,0.0,0.0,0.0,NA,NA,NA,NA,NA,NA
Madagascar,2024,0.0,0.0,0.0,0.0,0.0,0.0,NA,NA,NA,NA,NA,NA
Madagascar,2025,0.0,0.0,0.0,0.0,0.0,0.0,NA,NA,NA,NA,NA,NA
Maine,1989,0.0,0.0,0.0,0.0,0.0,0.0,0.0,0.0,0.0,0.0,0.0,0.0
Maine,1990,0.0,0.0,0.0,0.0,0.0,0.0,0.0,0.0,0.0,0.0,0.0,0.0
Maine,1991,0.0,0.0,0.0,0.0,0.0,0.0,0.0,0.0,0.0,0.0,0.0,0.0
Maine,1992,0.0,0.0,0.0,0.0,0.0,0.0,0.0,0.0,0.0,0.0,0.0,0.0
Maine,1993,0.0,0.0,0.0,0.0,0.0,0.0,0.0,0.0,0.0,0.0,0.0,0.0
Maine,1994,0.0,0.0,0.0,0.0,0.0,0.0,0.0,0.0,0.0,0.0,0.0,0.0
Maine,1995,0.0,0.0,0.0,0.0,0.0,0.0,0.0,0.0,0.0,0.0,0.0,0.0
Maine,1996,0.0,0.0,0.0,0.0,0.0,0.0,0.0,0.0,0.0,0.0,0.0,0.0
Maine,1997,0.0,0.0,0.0,0.0,0.0,0.0,0.0,0.0,0.0,0.0,0.0,0.0
Maine,1998,0.0,0.0,0.0,0.0,0.0,0.0,0.0,0.0,0.0,0.0,0.0,0.0
Maine,1999,0.0,0.0,0.0,0.0,0.0,0.0,0.0,0.0,0.0,0.0,0.0,0.0
Maine,2000,0.0,0.0,0.0,0.0,0.0,0.0,0.0,0.0,0.0,0.0,0.0,0.0
Maine,2001,0.0,0.0,0.0,0.0,0.0,0.0,0.0,0.0,0.0,0.0,0.0,0.0
Maine,2002,0.0,0.0,0.0,0.0,0.0,0.0,0.0,0.0,0.0,0.0,0.0,0.0
Maine,2003,0.0,0.0,0.0,0.0,0.0,0.0,0.0,0.0,0.0,0.0,0.0,0.0
Maine,2004,0.0,0.0,0.0,0.0,0.0,0.0,0.0,0.0,0.0,0.0,0.0,0.0
Maine,2005,0.0,0.0,0.0,0.0,0.0,0.0,0.0,0.0,0.0,0.0,0.0,0.0
Maine,2006,0.0,0.0,0.0,0.0,0.0,0.0,0.0,0.0,0.0,0.0,0.0,0.0
Maine,2007,0.0,0.0,0.0,0.0,0.0,0.0,0.0,0.0,0.0,0.0,0.0,0.0
Maine,2008,0.0,0.0,0.0,0.0,0.0,0.0,0.0,0.0,0.0,0.0,0.0,0.0
Maine,2009,0.3461192626046957,0.0,0.3461192626046957,0.3978597912103046,0.0,0.3978597912103046,0.001070644350295594,0.0,0.001070644350295594,0.0013110872475101934,0.0,0.0013110872475101934
Maine,2010,0.23030189957102964,0.0,0.23030189957102964,0.2647291716419579,0.0,0.2647291716419579,0.0007123886309664204,0.0,0.0007123886309664204,0.0008723752654870408,0.0,0.0008723752654870408
Maine,2011,0.20024911518173805,0.0,0.20024911518173805,0.23018386944631627,0.0,0.23018386944631627,0.0006194269056498065,0.0,0.0006194269056498065,0.0007585364052385298,0.0,0.0007585364052385298
Maine,2012,0.2541263603452452,0.0,0.2541263603452452,0.2921150932401825,0.0,0.2921150932401825,0.000786084397375946,0.0,0.000786084397375946,0.0009626214611619564,0.0,0.0009626214611619564
Maine,2013,0.3253074092422126,0.0,0.3253074092422126,0.37393682439480586,0.0,0.37393682439480586,0.001006267426994531,0.0,0.001006267426994531,0.0012322526997440165,0.0,0.0012322526997440165
Maine,2014,0.4735841073420626,0.0,0.4735841073420626,0.5443790462561654,0.0,0.5443790462561654,0.001464929010595559,0.0,0.001464929010595559,0.0017939194689340961,0.0,0.0017939194689340961
Maine,2015,0.6684912814831998,0.0,0.6684912814831998,0.7684224208595275,0.0,0.7684224208595275,0.002067831788256385,0.0,0.002067831788256385,0.002532220794730422,0.0,0.002532220794730422
Maine,2016,0.45389688590397814,0.0,0.45389688590397814,0.5217488298621904,0.0,0.5217488298621904,0.001404030890545602,0.0,0.001404030890545602,0.0017193449862192714,0.0,0.0017193449862192714
Maine,2017,0.38603960508947543,0.0,0.38603960508947543,0.4437477288145691,0.0,0.4437477288145691,0.0011941292116163828,0.0,0.0011941292116163828,0.00146230406091191,0.0,0.00146230406091191
Maine,2018,0.4394193148613594,0.0,0.4394193148613594,0.5051070418585357,0.0,0.5051070418585357,0.0013592476862646953,0.0,0.0013592476862646953,0.0016645044707678705,0.0,0.0016645044707678705
Maine,2019,0.5208041176487316,0.0,0.5208041176487316,0.5986578613102018,0.0,0.5986578613102018,0.0016109938001576324,0.0,0.0016109938001576324,0.001972787160013979,0.0,0.001972787160013979
Maine,2020,0.6869952968327497,0.0,0.6869952968327497,0.7896925565581939,0.0,0.7896925565581939,0.0021250699186704243,0.0,0.0021250699186704243,0.0026023133355787937,0.0,0.0026023133355787937
Maine,2021,0.9433177904712725,0.0,0.9433177904712725,1.0843320777280965,0.0,1.0843320777280965,0.0029179475747781996,0.0,0.0029179475747781996,0.0035732536702208924,0.0,0.0035732536702208924
Maine,2022,1.11524955073145,0.0,1.11524955073145,1.2819654995860983,0.0,1.2819654995860983,0.003449780927171451,0.0,0.003449780927171451,0.0042245249592636775,0.0,0.0042245249592636775
Maine,2023,1.12036221324225,0.0,1.12036221324225,1.287842441608244,0.0,1.287842441608244,0.003465595832100356,0.0,0.003465595832100356,0.004243891539928068,0.0,0.004243891539928068
Maine,2024,1.6531371991871946,0.0,1.6531371991871946,1.9002606672653934,0.0,1.9002606672653934,0.005113618899028706,0.0,0.005113618899028706,0.006262023916058246,0.0,0.006262023916058246
Maine,2025,0.0,0.0,0.0,0.0,0.0,0.0,0.0,0.0,0.0,0.0,0.0,0.0
Malawi,1989,0.0,0.0,0.0,0.0,0.0,0.0,NA,NA,NA,NA,NA,NA
Malawi,1990,0.0,0.0,0.0,0.0,0.0,0.0,NA,NA,NA,NA,NA,NA
Malawi,1991,0.0,0.0,0.0,0.0,0.0,0.0,NA,NA,NA,NA,NA,NA
Malawi,1992,0.0,0.0,0.0,0.0,0.0,0.0,NA,NA,NA,NA,NA,NA
Malawi,1993,0.0,0.0,0.0,0.0,0.0,0.0,NA,NA,NA,NA,NA,NA
Malawi,1994,0.0,0.0,0.0,0.0,0.0,0.0,NA,NA,NA,NA,NA,NA
Malawi,1995,0.0,0.0,0.0,0.0,0.0,0.0,NA,NA,NA,NA,NA,NA
Malawi,1996,0.0,0.0,0.0,0.0,0.0,0.0,NA,NA,NA,NA,NA,NA
Malawi,1997,0.0,0.0,0.0,0.0,0.0,0.0,NA,NA,NA,NA,NA,NA
Malawi,1998,0.0,0.0,0.0,0.0,0.0,0.0,NA,NA,NA,NA,NA,NA
Malawi,1999,0.0,0.0,0.0,0.0,0.0,0.0,NA,NA,NA,NA,NA,NA
Malawi,2000,0.0,0.0,0.0,0.0,0.0,0.0,NA,NA,NA,NA,NA,NA
Malawi,2001,0.0,0.0,0.0,0.0,0.0,0.0,NA,NA,NA,NA,NA,NA
Malawi,2002,0.0,0.0,0.0,0.0,0.0,0.0,NA,NA,NA,NA,NA,NA
Malawi,2003,0.0,0.0,0.0,0.0,0.0,0.0,NA,NA,NA,NA,NA,NA
Malawi,2004,0.0,0.0,0.0,0.0,0.0,0.0,NA,NA,NA,NA,NA,NA
Malawi,2005,0.0,0.0,0.0,0.0,0.0,0.0,NA,NA,NA,NA,NA,NA
Malawi,2006,0.0,0.0,0.0,0.0,0.0,0.0,NA,NA,NA,NA,NA,NA
Malawi,2007,0.0,0.0,0.0,0.0,0.0,0.0,NA,NA,NA,NA,NA,NA
Malawi,2008,0.0,0.0,0.0,0.0,0.0,0.0,NA,NA,NA,NA,NA,NA
Malawi,2009,0.0,0.0,0.0,0.0,0.0,0.0,NA,NA,NA,NA,NA,NA
Malawi,2010,0.0,0.0,0.0,0.0,0.0,0.0,NA,NA,NA,NA,NA,NA
Malawi,2011,0.0,0.0,0.0,0.0,0.0,0.0,NA,NA,NA,NA,NA,NA
Malawi,2012,0.0,0.0,0.0,0.0,0.0,0.0,NA,NA,NA,NA,NA,NA
Malawi,2013,0.0,0.0,0.0,0.0,0.0,0.0,NA,NA,NA,NA,NA,NA
Malawi,2014,0.0,0.0,0.0,0.0,0.0,0.0,NA,NA,NA,NA,NA,NA
Malawi,2015,0.0,0.0,0.0,0.0,0.0,0.0,NA,NA,NA,NA,NA,NA
Malawi,2016,0.0,0.0,0.0,0.0,0.0,0.0,NA,NA,NA,NA,NA,NA
Malawi,2017,0.0,0.0,0.0,0.0,0.0,0.0,NA,NA,NA,NA,NA,NA
Malawi,2018,0.0,0.0,0.0,0.0,0.0,0.0,NA,NA,NA,NA,NA,NA
Malawi,2019,0.0,0.0,0.0,0.0,0.0,0.0,NA,NA,NA,NA,NA,NA
Malawi,2020,0.0,0.0,0.0,0.0,0.0,0.0,NA,NA,NA,NA,NA,NA
Malawi,2021,0.0,0.0,0.0,0.0,0.0,0.0,NA,NA,NA,NA,NA,NA
Malawi,2022,0.0,0.0,0.0,0.0,0.0,0.0,NA,NA,NA,NA,NA,NA
Malawi,2023,0.0,0.0,0.0,0.0,0.0,0.0,NA,NA,NA,NA,NA,NA
Malawi,2024,0.0,0.0,0.0,0.0,0.0,0.0,NA,NA,NA,NA,NA,NA
Malawi,2025,0.0,0.0,0.0,0.0,0.0,0.0,NA,NA,NA,NA,NA,NA
Malaysia,1989,0.0,0.0,0.0,0.0,0.0,0.0,NA,NA,NA,NA,NA,NA
Malaysia,1990,0.0,0.0,0.0,0.0,0.0,0.0,NA,NA,NA,NA,NA,NA
Malaysia,1991,0.0,0.0,0.0,0.0,0.0,0.0,NA,NA,NA,NA,NA,NA
Malaysia,1992,0.0,0.0,0.0,0.0,0.0,0.0,NA,NA,NA,NA,NA,NA
Malaysia,1993,0.0,0.0,0.0,0.0,0.0,0.0,NA,NA,NA,NA,NA,NA
Malaysia,1994,0.0,0.0,0.0,0.0,0.0,0.0,NA,NA,NA,NA,NA,NA
Malaysia,1995,0.0,0.0,0.0,0.0,0.0,0.0,NA,NA,NA,NA,NA,NA
Malaysia,1996,0.0,0.0,0.0,0.0,0.0,0.0,NA,NA,NA,NA,NA,NA
Malaysia,1997,0.0,0.0,0.0,0.0,0.0,0.0,NA,NA,NA,NA,NA,NA
Malaysia,1998,0.0,0.0,0.0,0.0,0.0,0.0,NA,NA,NA,NA,NA,NA
Malaysia,1999,0.0,0.0,0.0,0.0,0.0,0.0,NA,NA,NA,NA,NA,NA
Malaysia,2000,0.0,0.0,0.0,0.0,0.0,0.0,NA,NA,NA,NA,NA,NA
Malaysia,2001,0.0,0.0,0.0,0.0,0.0,0.0,NA,NA,NA,NA,NA,NA
Malaysia,2002,0.0,0.0,0.0,0.0,0.0,0.0,NA,NA,NA,NA,NA,NA
Malaysia,2003,0.0,0.0,0.0,0.0,0.0,0.0,NA,NA,NA,NA,NA,NA
Malaysia,2004,0.0,0.0,0.0,0.0,0.0,0.0,NA,NA,NA,NA,NA,NA
Malaysia,2005,0.0,0.0,0.0,0.0,0.0,0.0,NA,NA,NA,NA,NA,NA
Malaysia,2006,0.0,0.0,0.0,0.0,0.0,0.0,NA,NA,NA,NA,NA,NA
Malaysia,2007,0.0,0.0,0.0,0.0,0.0,0.0,NA,NA,NA,NA,NA,NA
Malaysia,2008,0.0,0.0,0.0,0.0,0.0,0.0,NA,NA,NA,NA,NA,NA
Malaysia,2009,0.0,0.0,0.0,0.0,0.0,0.0,NA,NA,NA,NA,NA,NA
Malaysia,2010,0.0,0.0,0.0,0.0,0.0,0.0,NA,NA,NA,NA,NA,NA
Malaysia,2011,0.0,0.0,0.0,0.0,0.0,0.0,NA,NA,NA,NA,NA,NA
Malaysia,2012,0.0,0.0,0.0,0.0,0.0,0.0,NA,NA,NA,NA,NA,NA
Malaysia,2013,0.0,0.0,0.0,0.0,0.0,0.0,NA,NA,NA,NA,NA,NA
Malaysia,2014,0.0,0.0,0.0,0.0,0.0,0.0,NA,NA,NA,NA,NA,NA
Malaysia,2015,0.0,0.0,0.0,0.0,0.0,0.0,NA,NA,NA,NA,NA,NA
Malaysia,2016,0.0,0.0,0.0,0.0,0.0,0.0,NA,NA,NA,NA,NA,NA
Malaysia,2017,0.0,0.0,0.0,0.0,0.0,0.0,NA,NA,NA,NA,NA,NA
Malaysia,2018,0.0,0.0,0.0,0.0,0.0,0.0,NA,NA,NA,NA,NA,NA
Malaysia,2019,0.0,0.0,0.0,0.0,0.0,0.0,NA,NA,NA,NA,NA,NA
Malaysia,2020,0.0,0.0,0.0,0.0,0.0,0.0,NA,NA,NA,NA,NA,NA
Malaysia,2021,0.0,0.0,0.0,0.0,0.0,0.0,NA,NA,NA,NA,NA,NA
Malaysia,2022,0.0,0.0,0.0,0.0,0.0,0.0,NA,NA,NA,NA,NA,NA
Malaysia,2023,0.0,0.0,0.0,0.0,0.0,0.0,NA,NA,NA,NA,NA,NA
Malaysia,2024,0.0,0.0,0.0,0.0,0.0,0.0,NA,NA,NA,NA,NA,NA
Malaysia,2025,0.0,0.0,0.0,0.0,0.0,0.0,NA,NA,NA,NA,NA,NA
Maldives,1989,0.0,0.0,0.0,0.0,0.0,0.0,NA,NA,NA,NA,NA,NA
Maldives,1990,0.0,0.0,0.0,0.0,0.0,0.0,NA,NA,NA,NA,NA,NA
Maldives,1991,0.0,0.0,0.0,0.0,0.0,0.0,NA,NA,NA,NA,NA,NA
Maldives,1992,0.0,0.0,0.0,0.0,0.0,0.0,NA,NA,NA,NA,NA,NA
Maldives,1993,0.0,0.0,0.0,0.0,0.0,0.0,NA,NA,NA,NA,NA,NA
Maldives,1994,0.0,0.0,0.0,0.0,0.0,0.0,NA,NA,NA,NA,NA,NA
Maldives,1995,0.0,0.0,0.0,0.0,0.0,0.0,NA,NA,NA,NA,NA,NA
Maldives,1996,0.0,0.0,0.0,0.0,0.0,0.0,NA,NA,NA,NA,NA,NA
Maldives,1997,0.0,0.0,0.0,0.0,0.0,0.0,NA,NA,NA,NA,NA,NA
Maldives,1998,0.0,0.0,0.0,0.0,0.0,0.0,NA,NA,NA,NA,NA,NA
Maldives,1999,0.0,0.0,0.0,0.0,0.0,0.0,NA,NA,NA,NA,NA,NA
Maldives,2000,0.0,0.0,0.0,0.0,0.0,0.0,NA,NA,NA,NA,NA,NA
Maldives,2001,0.0,0.0,0.0,0.0,0.0,0.0,NA,NA,NA,NA,NA,NA
Maldives,2002,0.0,0.0,0.0,0.0,0.0,0.0,NA,NA,NA,NA,NA,NA
Maldives,2003,0.0,0.0,0.0,0.0,0.0,0.0,NA,NA,NA,NA,NA,NA
Maldives,2004,0.0,0.0,0.0,0.0,0.0,0.0,NA,NA,NA,NA,NA,NA
Maldives,2005,0.0,0.0,0.0,0.0,0.0,0.0,NA,NA,NA,NA,NA,NA
Maldives,2006,0.0,0.0,0.0,0.0,0.0,0.0,NA,NA,NA,NA,NA,NA
Maldives,2007,0.0,0.0,0.0,0.0,0.0,0.0,NA,NA,NA,NA,NA,NA
Maldives,2008,0.0,0.0,0.0,0.0,0.0,0.0,NA,NA,NA,NA,NA,NA
Maldives,2009,0.0,0.0,0.0,0.0,0.0,0.0,NA,NA,NA,NA,NA,NA
Maldives,2010,0.0,0.0,0.0,0.0,0.0,0.0,NA,NA,NA,NA,NA,NA
Maldives,2011,0.0,0.0,0.0,0.0,0.0,0.0,NA,NA,NA,NA,NA,NA
Maldives,2012,0.0,0.0,0.0,0.0,0.0,0.0,NA,NA,NA,NA,NA,NA
Maldives,2013,0.0,0.0,0.0,0.0,0.0,0.0,NA,NA,NA,NA,NA,NA
Maldives,2014,0.0,0.0,0.0,0.0,0.0,0.0,NA,NA,NA,NA,NA,NA
Maldives,2015,0.0,0.0,0.0,0.0,0.0,0.0,NA,NA,NA,NA,NA,NA
Maldives,2016,0.0,0.0,0.0,0.0,0.0,0.0,NA,NA,NA,NA,NA,NA
Maldives,2017,0.0,0.0,0.0,0.0,0.0,0.0,NA,NA,NA,NA,NA,NA
Maldives,2018,0.0,0.0,0.0,0.0,0.0,0.0,NA,NA,NA,NA,NA,NA
Maldives,2019,0.0,0.0,0.0,0.0,0.0,0.0,NA,NA,NA,NA,NA,NA
Maldives,2020,0.0,0.0,0.0,0.0,0.0,0.0,NA,NA,NA,NA,NA,NA
Maldives,2021,0.0,0.0,0.0,0.0,0.0,0.0,NA,NA,NA,NA,NA,NA
Maldives,2022,0.0,0.0,0.0,0.0,0.0,0.0,NA,NA,NA,NA,NA,NA
Maldives,2023,0.0,0.0,0.0,0.0,0.0,0.0,NA,NA,NA,NA,NA,NA
Maldives,2024,0.0,0.0,0.0,0.0,0.0,0.0,NA,NA,NA,NA,NA,NA
Maldives,2025,0.0,0.0,0.0,0.0,0.0,0.0,NA,NA,NA,NA,NA,NA
Mali,1989,0.0,0.0,0.0,0.0,0.0,0.0,NA,NA,NA,NA,NA,NA
Mali,1990,0.0,0.0,0.0,0.0,0.0,0.0,NA,NA,NA,NA,NA,NA
Mali,1991,0.0,0.0,0.0,0.0,0.0,0.0,NA,NA,NA,NA,NA,NA
Mali,1992,0.0,0.0,0.0,0.0,0.0,0.0,NA,NA,NA,NA,NA,NA
Mali,1993,0.0,0.0,0.0,0.0,0.0,0.0,NA,NA,NA,NA,NA,NA
Mali,1994,0.0,0.0,0.0,0.0,0.0,0.0,NA,NA,NA,NA,NA,NA
Mali,1995,0.0,0.0,0.0,0.0,0.0,0.0,NA,NA,NA,NA,NA,NA
Mali,1996,0.0,0.0,0.0,0.0,0.0,0.0,NA,NA,NA,NA,NA,NA
Mali,1997,0.0,0.0,0.0,0.0,0.0,0.0,NA,NA,NA,NA,NA,NA
Mali,1998,0.0,0.0,0.0,0.0,0.0,0.0,NA,NA,NA,NA,NA,NA
Mali,1999,0.0,0.0,0.0,0.0,0.0,0.0,NA,NA,NA,NA,NA,NA
Mali,2000,0.0,0.0,0.0,0.0,0.0,0.0,NA,NA,NA,NA,NA,NA
Mali,2001,0.0,0.0,0.0,0.0,0.0,0.0,NA,NA,NA,NA,NA,NA
Mali,2002,0.0,0.0,0.0,0.0,0.0,0.0,NA,NA,NA,NA,NA,NA
Mali,2003,0.0,0.0,0.0,0.0,0.0,0.0,NA,NA,NA,NA,NA,NA
Mali,2004,0.0,0.0,0.0,0.0,0.0,0.0,NA,NA,NA,NA,NA,NA
Mali,2005,0.0,0.0,0.0,0.0,0.0,0.0,NA,NA,NA,NA,NA,NA
Mali,2006,0.0,0.0,0.0,0.0,0.0,0.0,NA,NA,NA,NA,NA,NA
Mali,2007,0.0,0.0,0.0,0.0,0.0,0.0,NA,NA,NA,NA,NA,NA
Mali,2008,0.0,0.0,0.0,0.0,0.0,0.0,NA,NA,NA,NA,NA,NA
Mali,2009,0.0,0.0,0.0,0.0,0.0,0.0,NA,NA,NA,NA,NA,NA
Mali,2010,0.0,0.0,0.0,0.0,0.0,0.0,NA,NA,NA,NA,NA,NA
Mali,2011,0.0,0.0,0.0,0.0,0.0,0.0,NA,NA,NA,NA,NA,NA
Mali,2012,0.0,0.0,0.0,0.0,0.0,0.0,NA,NA,NA,NA,NA,NA
Mali,2013,0.0,0.0,0.0,0.0,0.0,0.0,NA,NA,NA,NA,NA,NA
Mali,2014,0.0,0.0,0.0,0.0,0.0,0.0,NA,NA,NA,NA,NA,NA
Mali,2015,0.0,0.0,0.0,0.0,0.0,0.0,NA,NA,NA,NA,NA,NA
Mali,2016,0.0,0.0,0.0,0.0,0.0,0.0,NA,NA,NA,NA,NA,NA
Mali,2017,0.0,0.0,0.0,0.0,0.0,0.0,NA,NA,NA,NA,NA,NA
Mali,2018,0.0,0.0,0.0,0.0,0.0,0.0,NA,NA,NA,NA,NA,NA
Mali,2019,0.0,0.0,0.0,0.0,0.0,0.0,NA,NA,NA,NA,NA,NA
Mali,2020,0.0,0.0,0.0,0.0,0.0,0.0,NA,NA,NA,NA,NA,NA
Mali,2021,0.0,0.0,0.0,0.0,0.0,0.0,NA,NA,NA,NA,NA,NA
Mali,2022,0.0,0.0,0.0,0.0,0.0,0.0,NA,NA,NA,NA,NA,NA
Mali,2023,0.0,0.0,0.0,0.0,0.0,0.0,NA,NA,NA,NA,NA,NA
Mali,2024,0.0,0.0,0.0,0.0,0.0,0.0,NA,NA,NA,NA,NA,NA
Mali,2025,0.0,0.0,0.0,0.0,0.0,0.0,NA,NA,NA,NA,NA,NA
Malta,1989,0.0,0.0,0.0,0.0,0.0,0.0,NA,NA,NA,NA,NA,NA
Malta,1990,0.0,0.0,0.0,0.0,0.0,0.0,NA,NA,NA,NA,NA,NA
Malta,1991,0.0,0.0,0.0,0.0,0.0,0.0,NA,NA,NA,NA,NA,NA
Malta,1992,0.0,0.0,0.0,0.0,0.0,0.0,NA,NA,NA,NA,NA,NA
Malta,1993,0.0,0.0,0.0,0.0,0.0,0.0,NA,NA,NA,NA,NA,NA
Malta,1994,0.0,0.0,0.0,0.0,0.0,0.0,NA,NA,NA,NA,NA,NA
Malta,1995,0.0,0.0,0.0,0.0,0.0,0.0,NA,NA,NA,NA,NA,NA
Malta,1996,0.0,0.0,0.0,0.0,0.0,0.0,NA,NA,NA,NA,NA,NA
Malta,1997,0.0,0.0,0.0,0.0,0.0,0.0,NA,NA,NA,NA,NA,NA
Malta,1998,0.0,0.0,0.0,0.0,0.0,0.0,NA,NA,NA,NA,NA,NA
Malta,1999,0.0,0.0,0.0,0.0,0.0,0.0,NA,NA,NA,NA,NA,NA
Malta,2000,0.0,0.0,0.0,0.0,0.0,0.0,NA,NA,NA,NA,NA,NA
Malta,2001,0.0,0.0,0.0,0.0,0.0,0.0,NA,NA,NA,NA,NA,NA
Malta,2002,0.0,0.0,0.0,0.0,0.0,0.0,NA,NA,NA,NA,NA,NA
Malta,2003,0.0,0.0,0.0,0.0,0.0,0.0,NA,NA,NA,NA,NA,NA
Malta,2004,0.0,0.0,0.0,0.0,0.0,0.0,NA,NA,NA,NA,NA,NA
Malta,2005,15.245129525124899,0.0,15.245129525124899,18.66338269845114,0.0,18.66338269845114,NA,NA,NA,NA,NA,NA
Malta,2006,12.473591702602812,0.0,12.473591702602812,15.27041244131337,0.0,15.27041244131337,NA,NA,NA,NA,NA,NA
Malta,2007,0.4646380867954945,0.0,0.4646380867954945,0.5688189408852811,0.0,0.5688189408852811,NA,NA,NA,NA,NA,NA
Malta,2008,11.836200966225974,0.0,11.836200966225974,14.49010636245432,0.0,14.49010636245432,NA,NA,NA,NA,NA,NA
Malta,2009,8.758710682255792,0.0,8.758710682255792,10.722583179011247,0.0,10.722583179011247,NA,NA,NA,NA,NA,NA
Malta,2010,9.294278850734807,0.0,9.294278850734807,11.378236099044441,0.0,11.378236099044441,NA,NA,NA,NA,NA,NA
Malta,2011,8.264337981717047,0.0,8.264337981717047,10.117362548342593,0.0,10.117362548342593,NA,NA,NA,NA,NA,NA
Malta,2012,5.527786818896698,0.0,5.527786818896698,6.767223637326078,0.0,6.767223637326078,NA,NA,NA,NA,NA,NA
Malta,2013,3.2742718040014673,0.0,3.2742718040014673,4.008426929801815,0.0,4.008426929801815,NA,NA,NA,NA,NA,NA
Malta,2014,4.2615894780016506,0.0,4.2615894780016506,5.2171203400114,0.0,5.2171203400114,NA,NA,NA,NA,NA,NA
Malta,2015,5.278944975344825,0.0,5.278944975344825,6.462586635066259,0.0,6.462586635066259,NA,NA,NA,NA,NA,NA
Malta,2016,3.600848677411015,0.0,3.600848677411015,4.408228660502826,0.0,4.408228660502826,NA,NA,NA,NA,NA,NA
Malta,2017,3.8418901201737463,0.0,3.8418901201737463,4.703316261106915,0.0,4.703316261106915,NA,NA,NA,NA,NA,NA
Malta,2018,10.240987599008687,0.0,10.240987599008687,12.537215276222819,0.0,12.537215276222819,NA,NA,NA,NA,NA,NA
Malta,2019,15.71211831272401,0.0,15.71211831272401,19.23507941276794,0.0,19.23507941276794,NA,NA,NA,NA,NA,NA
Malta,2020,15.354134681819948,0.0,15.354134681819948,18.796828921531866,0.0,18.796828921531866,NA,NA,NA,NA,NA,NA
Malta,2021,32.42674199915449,0.0,32.42674199915449,39.6974453117479,0.0,39.6974453117479,NA,NA,NA,NA,NA,NA
Malta,2022,46.64269640979348,0.0,46.64269640979348,57.1008919110195,0.0,57.1008919110195,NA,NA,NA,NA,NA,NA
Malta,2023,45.869105691264295,0.0,45.869105691264295,56.15384717728434,0.0,56.15384717728434,NA,NA,NA,NA,NA,NA
Malta,2024,35.5099769542608,0.0,35.5099769542608,43.47200123280817,0.0,43.47200123280817,NA,NA,NA,NA,NA,NA
Malta,2025,39.6087553082046,0.0,39.6087553082046,48.48980504285183,0.0,48.48980504285183,NA,NA,NA,NA,NA,NA
Manitoba,1989,0.0,0.0,0.0,0.0,0.0,0.0,0.0,0.0,0.0,0.0,0.0,0.0
Manitoba,1990,0.0,0.0,0.0,0.0,0.0,0.0,0.0,0.0,0.0,0.0,0.0,0.0
Manitoba,1991,0.0,0.0,0.0,0.0,0.0,0.0,0.0,0.0,0.0,0.0,0.0,0.0
Manitoba,1992,0.0,0.0,0.0,0.0,0.0,0.0,0.0,0.0,0.0,0.0,0.0,0.0
Manitoba,1993,0.0,0.0,0.0,0.0,0.0,0.0,0.0,0.0,0.0,0.0,0.0,0.0
Manitoba,1994,0.0,0.0,0.0,0.0,0.0,0.0,0.0,0.0,0.0,0.0,0.0,0.0
Manitoba,1995,0.0,0.0,0.0,0.0,0.0,0.0,0.0,0.0,0.0,0.0,0.0,0.0
Manitoba,1996,0.0,0.0,0.0,0.0,0.0,0.0,0.0,0.0,0.0,0.0,0.0,0.0
Manitoba,1997,0.0,0.0,0.0,0.0,0.0,0.0,0.0,0.0,0.0,0.0,0.0,0.0
Manitoba,1998,0.0,0.0,0.0,0.0,0.0,0.0,0.0,0.0,0.0,0.0,0.0,0.0
Manitoba,1999,0.0,0.0,0.0,0.0,0.0,0.0,0.0,0.0,0.0,0.0,0.0,0.0
Manitoba,2000,0.0,0.0,0.0,0.0,0.0,0.0,0.0,0.0,0.0,0.0,0.0,0.0
Manitoba,2001,0.0,0.0,0.0,0.0,0.0,0.0,0.0,0.0,0.0,0.0,0.0,0.0
Manitoba,2002,0.0,0.0,0.0,0.0,0.0,0.0,0.0,0.0,0.0,0.0,0.0,0.0
Manitoba,2003,0.0,0.0,0.0,0.0,0.0,0.0,0.0,0.0,0.0,0.0,0.0,0.0
Manitoba,2004,0.0,0.0,0.0,0.0,0.0,0.0,0.0,0.0,0.0,0.0,0.0,0.0
Manitoba,2005,0.0,0.0,0.0,0.0,0.0,0.0,0.0,0.0,0.0,0.0,0.0,0.0
Manitoba,2006,0.0,0.0,0.0,0.0,0.0,0.0,0.0,0.0,0.0,0.0,0.0,0.0
Manitoba,2007,0.0,0.0,0.0,0.0,0.0,0.0,0.0,0.0,0.0,0.0,0.0,0.0
Manitoba,2008,0.0,0.0,0.0,0.0,0.0,0.0,0.0,0.0,0.0,0.0,0.0,0.0
Manitoba,2009,0.0,0.0,0.0,0.0,0.0,0.0,0.0,0.0,0.0,0.0,0.0,0.0
Manitoba,2010,0.0,0.0,0.0,0.0,0.0,0.0,0.0,0.0,0.0,0.0,0.0,0.0
Manitoba,2011,0.0,0.0,0.0,0.0,0.0,0.0,0.0,0.0,0.0,0.0,0.0,0.0
Manitoba,2012,0.0,0.0,0.0,0.0,0.0,0.0,0.0,0.0,0.0,0.0,0.0,0.0
Manitoba,2013,0.0,0.0,0.0,0.0,0.0,0.0,0.0,0.0,0.0,0.0,0.0,0.0
Manitoba,2014,0.0,0.0,0.0,0.0,0.0,0.0,0.0,0.0,0.0,0.0,0.0,0.0
Manitoba,2015,0.0,0.0,0.0,0.0,0.0,0.0,0.0,0.0,0.0,0.0,0.0,0.0
Manitoba,2016,0.0,0.0,0.0,0.0,0.0,0.0,0.0,0.0,0.0,0.0,0.0,0.0
Manitoba,2017,0.0,0.0,0.0,0.0,0.0,0.0,0.0,0.0,0.0,0.0,0.0,0.0
Manitoba,2018,0.0,0.0,0.0,0.0,0.0,0.0,0.0,0.0,0.0,0.0,0.0,0.0
Manitoba,2019,0.0,0.0,0.0,0.0,0.0,0.0,0.0,0.0,0.0,0.0,0.0,0.0
Manitoba,2020,0.0,0.0,0.0,0.0,0.0,0.0,0.0,0.0,0.0,0.0,0.0,0.0
Manitoba,2021,0.0,0.0,0.0,0.0,0.0,0.0,0.0,0.0,0.0,0.0,0.0,0.0
Manitoba,2022,0.0,0.0,0.0,0.0,0.0,0.0,0.0,0.0,0.0,0.0,0.0,0.0
Manitoba,2023,0.0,0.0,0.0,0.0,0.0,0.0,0.0,0.0,0.0,0.0,0.0,0.0
Manitoba,2024,0.0,0.0,0.0,0.0,0.0,0.0,0.0,0.0,0.0,0.0,0.0,0.0
Manitoba,2025,0.0,0.0,0.0,0.0,0.0,0.0,0.0,0.0,0.0,0.0,0.0,0.0
Marshall Islands,1989,0.0,0.0,0.0,0.0,0.0,0.0,NA,NA,NA,NA,NA,NA
Marshall Islands,1990,0.0,0.0,0.0,0.0,0.0,0.0,NA,NA,NA,NA,NA,NA
Marshall Islands,1991,0.0,0.0,0.0,0.0,0.0,0.0,NA,NA,NA,NA,NA,NA
Marshall Islands,1992,0.0,0.0,0.0,0.0,0.0,0.0,NA,NA,NA,NA,NA,NA
Marshall Islands,1993,0.0,0.0,0.0,0.0,0.0,0.0,NA,NA,NA,NA,NA,NA
Marshall Islands,1994,0.0,0.0,0.0,0.0,0.0,0.0,NA,NA,NA,NA,NA,NA
Marshall Islands,1995,0.0,0.0,0.0,0.0,0.0,0.0,NA,NA,NA,NA,NA,NA
Marshall Islands,1996,0.0,0.0,0.0,0.0,0.0,0.0,NA,NA,NA,NA,NA,NA
Marshall Islands,1997,0.0,0.0,0.0,0.0,0.0,0.0,NA,NA,NA,NA,NA,NA
Marshall Islands,1998,0.0,0.0,0.0,0.0,0.0,0.0,NA,NA,NA,NA,NA,NA
Marshall Islands,1999,0.0,0.0,0.0,0.0,0.0,0.0,NA,NA,NA,NA,NA,NA
Marshall Islands,2000,0.0,0.0,0.0,0.0,0.0,0.0,NA,NA,NA,NA,NA,NA
Marshall Islands,2001,0.0,0.0,0.0,0.0,0.0,0.0,NA,NA,NA,NA,NA,NA
Marshall Islands,2002,0.0,0.0,0.0,0.0,0.0,0.0,NA,NA,NA,NA,NA,NA
Marshall Islands,2003,0.0,0.0,0.0,0.0,0.0,0.0,NA,NA,NA,NA,NA,NA
Marshall Islands,2004,0.0,0.0,0.0,0.0,0.0,0.0,NA,NA,NA,NA,NA,NA
Marshall Islands,2005,0.0,0.0,0.0,0.0,0.0,0.0,NA,NA,NA,NA,NA,NA
Marshall Islands,2006,0.0,0.0,0.0,0.0,0.0,0.0,NA,NA,NA,NA,NA,NA
Marshall Islands,2007,0.0,0.0,0.0,0.0,0.0,0.0,NA,NA,NA,NA,NA,NA
Marshall Islands,2008,0.0,0.0,0.0,0.0,0.0,0.0,NA,NA,NA,NA,NA,NA
Marshall Islands,2009,0.0,0.0,0.0,0.0,0.0,0.0,NA,NA,NA,NA,NA,NA
Marshall Islands,2010,0.0,0.0,0.0,0.0,0.0,0.0,NA,NA,NA,NA,NA,NA
Marshall Islands,2011,0.0,0.0,0.0,0.0,0.0,0.0,NA,NA,NA,NA,NA,NA
Marshall Islands,2012,0.0,0.0,0.0,0.0,0.0,0.0,NA,NA,NA,NA,NA,NA
Marshall Islands,2013,0.0,0.0,0.0,0.0,0.0,0.0,NA,NA,NA,NA,NA,NA
Marshall Islands,2014,0.0,0.0,0.0,0.0,0.0,0.0,NA,NA,NA,NA,NA,NA
Marshall Islands,2015,0.0,0.0,0.0,0.0,0.0,0.0,NA,NA,NA,NA,NA,NA
Marshall Islands,2016,0.0,0.0,0.0,0.0,0.0,0.0,NA,NA,NA,NA,NA,NA
Marshall Islands,2017,0.0,0.0,0.0,0.0,0.0,0.0,NA,NA,NA,NA,NA,NA
Marshall Islands,2018,0.0,0.0,0.0,0.0,0.0,0.0,NA,NA,NA,NA,NA,NA
Marshall Islands,2019,0.0,0.0,0.0,0.0,0.0,0.0,NA,NA,NA,NA,NA,NA
Marshall Islands,2020,0.0,0.0,0.0,0.0,0.0,0.0,NA,NA,NA,NA,NA,NA
Marshall Islands,2021,0.0,0.0,0.0,0.0,0.0,0.0,NA,NA,NA,NA,NA,NA
Marshall Islands,2022,0.0,0.0,0.0,0.0,0.0,0.0,NA,NA,NA,NA,NA,NA
Marshall Islands,2023,0.0,0.0,0.0,0.0,0.0,0.0,NA,NA,NA,NA,NA,NA
Marshall Islands,2024,0.0,0.0,0.0,0.0,0.0,0.0,NA,NA,NA,NA,NA,NA
Marshall Islands,2025,0.0,0.0,0.0,0.0,0.0,0.0,NA,NA,NA,NA,NA,NA
Maryland,1989,0.0,0.0,0.0,0.0,0.0,0.0,0.0,0.0,0.0,0.0,0.0,0.0
Maryland,1990,0.0,0.0,0.0,0.0,0.0,0.0,0.0,0.0,0.0,0.0,0.0,0.0
Maryland,1991,0.0,0.0,0.0,0.0,0.0,0.0,0.0,0.0,0.0,0.0,0.0,0.0
Maryland,1992,0.0,0.0,0.0,0.0,0.0,0.0,0.0,0.0,0.0,0.0,0.0,0.0
Maryland,1993,0.0,0.0,0.0,0.0,0.0,0.0,0.0,0.0,0.0,0.0,0.0,0.0
Maryland,1994,0.0,0.0,0.0,0.0,0.0,0.0,0.0,0.0,0.0,0.0,0.0,0.0
Maryland,1995,0.0,0.0,0.0,0.0,0.0,0.0,0.0,0.0,0.0,0.0,0.0,0.0
Maryland,1996,0.0,0.0,0.0,0.0,0.0,0.0,0.0,0.0,0.0,0.0,0.0,0.0
Maryland,1997,0.0,0.0,0.0,0.0,0.0,0.0,0.0,0.0,0.0,0.0,0.0,0.0
Maryland,1998,0.0,0.0,0.0,0.0,0.0,0.0,0.0,0.0,0.0,0.0,0.0,0.0
Maryland,1999,0.0,0.0,0.0,0.0,0.0,0.0,0.0,0.0,0.0,0.0,0.0,0.0
Maryland,2000,0.0,0.0,0.0,0.0,0.0,0.0,0.0,0.0,0.0,0.0,0.0,0.0
Maryland,2001,0.0,0.0,0.0,0.0,0.0,0.0,0.0,0.0,0.0,0.0,0.0,0.0
Maryland,2002,0.0,0.0,0.0,0.0,0.0,0.0,0.0,0.0,0.0,0.0,0.0,0.0
Maryland,2003,0.0,0.0,0.0,0.0,0.0,0.0,0.0,0.0,0.0,0.0,0.0,0.0
Maryland,2004,0.0,0.0,0.0,0.0,0.0,0.0,0.0,0.0,0.0,0.0,0.0,0.0
Maryland,2005,0.0,0.0,0.0,0.0,0.0,0.0,0.0,0.0,0.0,0.0,0.0,0.0
Maryland,2006,0.0,0.0,0.0,0.0,0.0,0.0,0.0,0.0,0.0,0.0,0.0,0.0
Maryland,2007,0.0,0.0,0.0,0.0,0.0,0.0,0.0,0.0,0.0,0.0,0.0,0.0
Maryland,2008,0.0,0.0,0.0,0.0,0.0,0.0,0.0,0.0,0.0,0.0,0.0,0.0
Maryland,2009,1.0067207013618844,0.0,1.0067207013618844,1.1087431192734558,0.0,1.1087431192734558,0.011433485956065819,0.0,0.011433485956065819,0.014001192485110595,0.0,0.014001192485110595
Maryland,2010,0.6698549168178418,0.0,0.6698549168178418,0.7377389070559096,0.0,0.7377389070559096,0.007607648053405175,0.0,0.007607648053405175,0.009316156521641824,0.0,0.009316156521641824
Maryland,2011,0.5824435432046395,0.0,0.5824435432046395,0.6414691483147105,0.0,0.6414691483147105,0.006614903281935822,0.0,0.006614903281935822,0.008100463364949278,0.0,0.008100463364949278
Maryland,2012,0.7391506205001298,0.0,0.7391506205001298,0.8140571297258243,0.0,0.8140571297258243,0.008394650301193794,0.0,0.008394650301193794,0.010279901961995231,0.0,0.010279901961995231
Maryland,2013,0.9461874520533973,0.0,0.9461874520533973,1.0420753497846036,0.0,1.0420753497846036,0.010746000286100612,0.0,0.010746000286100612,0.013159312831527657,0.0,0.013159312831527657
Maryland,2014,1.3774642910925206,0.0,1.3774642910925206,1.5170583586169062,0.0,1.5170583586169062,0.015644079441182707,0.0,0.015644079441182707,0.019157391573315856,0.0,0.019157391573315856
Maryland,2015,1.944370292148951,0.0,1.944370292148951,2.141415369549378,0.0,2.141415369549378,0.022082520403725468,0.0,0.022082520403725468,0.027041763108556754,0.0,0.027041763108556754
Maryland,2016,1.320202140396646,0.0,1.320202140396646,1.4539931852346928,0.0,1.4539931852346928,0.014993744154633296,0.0,0.014993744154633296,0.0183610054525976,0.0,0.0183610054525976
Maryland,2017,1.1228328035385946,0.0,1.1228328035385946,1.2366221766710512,0.0,1.2366221766710512,0.01275218943337663,0.0,0.01275218943337663,0.015616047419778872,0.0,0.015616047419778872
Maryland,2018,1.278092751961112,0.0,1.278092751961112,1.407616375240072,0.0,1.407616375240072,0.014515501181537695,0.0,0.014515501181537695,0.01777535974955542,0.0,0.01777535974955542
Maryland,2019,1.5148081694323339,0.0,1.5148081694323339,1.6683208486775523,0.0,1.6683208486775523,0.017203915552653895,0.0,0.017203915552653895,0.021067532166119746,0.0,0.021067532166119746
Maryland,2020,1.9981909757206295,0.0,1.9981909757206295,2.200690312941291,0.0,2.200690312941291,0.02269377040477362,0.0,0.02269377040477362,0.02779028625837169,0.0,0.02779028625837169
Maryland,2021,2.7437292581863333,0.0,2.7437292581863333,3.0217824388115218,0.0,3.0217824388115218,0.03116096639145564,0.0,0.03116096639145564,0.03815902605253709,0.0,0.03815902605253709
Maryland,2022,3.243809088973425,0.0,3.243809088973425,3.5725410262951725,0.0,3.5725410262951725,0.03684045198709421,0.0,0.03684045198709421,0.045113997733659504,0.0,0.045113997733659504
Maryland,2023,3.2586797527728493,0.0,3.2586797527728493,3.588918702987761,0.0,3.588918702987761,0.03700934046378699,0.0,0.03700934046378699,0.045320814804129445,0.0,0.045320814804129445
Maryland,2024,4.808306327966201,0.0,4.808306327966201,5.295586501081746,0.0,5.295586501081746,0.05460869414813189,0.0,0.05460869414813189,0.06687259170707163,0.0,0.06687259170707163
Maryland,2025,0.0,0.0,0.0,0.0,0.0,0.0,0.0,0.0,0.0,0.0,0.0,0.0
Massachusetts,1989,0.0,0.0,0.0,0.0,0.0,0.0,0.0,0.0,0.0,0.0,0.0,0.0
Massachusetts,1990,0.0,0.0,0.0,0.0,0.0,0.0,0.0,0.0,0.0,0.0,0.0,0.0
Massachusetts,1991,0.0,0.0,0.0,0.0,0.0,0.0,0.0,0.0,0.0,0.0,0.0,0.0
Massachusetts,1992,0.0,0.0,0.0,0.0,0.0,0.0,0.0,0.0,0.0,0.0,0.0,0.0
Massachusetts,1993,0.0,0.0,0.0,0.0,0.0,0.0,0.0,0.0,0.0,0.0,0.0,0.0
Massachusetts,1994,0.0,0.0,0.0,0.0,0.0,0.0,0.0,0.0,0.0,0.0,0.0,0.0
Massachusetts,1995,0.0,0.0,0.0,0.0,0.0,0.0,0.0,0.0,0.0,0.0,0.0,0.0
Massachusetts,1996,0.0,0.0,0.0,0.0,0.0,0.0,0.0,0.0,0.0,0.0,0.0,0.0
Massachusetts,1997,0.0,0.0,0.0,0.0,0.0,0.0,0.0,0.0,0.0,0.0,0.0,0.0
Massachusetts,1998,0.0,0.0,0.0,0.0,0.0,0.0,0.0,0.0,0.0,0.0,0.0,0.0
Massachusetts,1999,0.0,0.0,0.0,0.0,0.0,0.0,0.0,0.0,0.0,0.0,0.0,0.0
Massachusetts,2000,0.0,0.0,0.0,0.0,0.0,0.0,0.0,0.0,0.0,0.0,0.0,0.0
Massachusetts,2001,0.0,0.0,0.0,0.0,0.0,0.0,0.0,0.0,0.0,0.0,0.0,0.0
Massachusetts,2002,0.0,0.0,0.0,0.0,0.0,0.0,0.0,0.0,0.0,0.0,0.0,0.0
Massachusetts,2003,0.0,0.0,0.0,0.0,0.0,0.0,0.0,0.0,0.0,0.0,0.0,0.0
Massachusetts,2004,0.0,0.0,0.0,0.0,0.0,0.0,0.0,0.0,0.0,0.0,0.0,0.0
Massachusetts,2005,0.0,0.0,0.0,0.0,0.0,0.0,0.0,0.0,0.0,0.0,0.0,0.0
Massachusetts,2006,0.0,0.0,0.0,0.0,0.0,0.0,0.0,0.0,0.0,0.0,0.0,0.0
Massachusetts,2007,0.0,0.0,0.0,0.0,0.0,0.0,0.0,0.0,0.0,0.0,0.0,0.0
Massachusetts,2008,0.0,0.0,0.0,0.0,0.0,0.0,0.0,0.0,0.0,0.0,0.0,0.0
Massachusetts,2009,0.6845553308166157,0.0,0.6845553308166157,0.7391901182216928,0.0,0.7391901182216928,0.007678684392865763,0.0,0.007678684392865763,0.00940314604225235,0.0,0.00940314604225235
Massachusetts,2010,0.45549153162445905,0.0,0.45549153162445905,0.4918445945177518,0.0,0.4918445945177518,0.005109266639987959,0.0,0.005109266639987959,0.006256694236482943,0.0,0.006256694236482943
Massachusetts,2011,0.3960530779401629,0.0,0.3960530779401629,0.427662320816958,0.0,0.427662320816958,0.004442543139205017,0.0,0.004442543139205017,0.005440239473283072,0.0,0.005440239473283072
Massachusetts,2012,0.5026115951080318,0.0,0.5026115951080318,0.5427253396220018,0.0,0.5427253396220018,0.005637814267585181,0.0,0.005637814267585181,0.006903941900054101,0.0,0.006903941900054101
Massachusetts,2013,0.643393607957715,0.0,0.643393607957715,0.6947432526191952,0.0,0.6947432526191952,0.0072169717092130554,0.0,0.0072169717092130554,0.00883774296383173,0.0,0.00883774296383173
Massachusetts,2014,0.9366555413048514,0.0,0.9366555413048514,1.0114106035580834,0.0,1.0114106035580834,0.010506502488161214,0.0,0.010506502488161214,0.012866029157450056,0.0,0.012866029157450056
Massachusetts,2015,1.3221433181729736,0.0,1.3221433181729736,1.42766440004265,0.0,1.42766440004265,0.014830534224714484,0.0,0.014830534224714484,0.018161142204148658,0.0,0.018161142204148658
Massachusetts,2016,0.8977181175885645,0.0,0.8977181175885645,0.9693655597984275,0.0,0.9693655597984275,0.010069739856524138,0.0,0.010069739856524138,0.012331179357541931,0.0,0.012331179357541931
Massachusetts,2017,0.7635098595253863,0.0,0.7635098595253863,0.8244460570524559,0.0,0.8244460570524559,0.008564320483989156,0.0,0.008564320483989156,0.010487676292363954,0.0,0.010487676292363954
Massachusetts,2018,0.8690843502566954,0.0,0.8690843502566954,0.938446513658026,0.0,0.938446513658026,0.009748553748663598,0.0,0.009748553748663598,0.0119378619968543,0.0,0.0119378619968543
Massachusetts,2019,1.0300473668085477,0.0,1.0300473668085477,1.1122560888348763,0.0,1.1122560888348763,0.011554082312075529,0.0,0.011554082312075529,0.014148872099183071,0.0,0.014148872099183071
Massachusetts,2020,1.3587405946542712,0.0,1.3587405946542712,1.467182527958667,0.0,1.467182527958667,0.015241047331672693,0.0,0.015241047331672693,0.018663847420236614,0.0,0.018663847420236614
Massachusetts,2021,1.8656957063345487,0.0,1.8656957063345487,2.0145980429163957,0.0,2.0145980429163957,0.020927582997532095,0.0,0.020927582997532095,0.025627452460474064,0.0,0.025627452460474064
Massachusetts,2022,2.2057426662670006,0.0,2.2057426662670006,2.381784362557711,0.0,2.381784362557711,0.02474190328185438,0.0,0.02474190328185438,0.030298384204814472,0.0,0.030298384204814472
Massachusetts,2023,2.2158544998300798,0.0,2.2158544998300798,2.392703227856757,0.0,2.392703227856757,0.024855328121408907,0.0,0.024855328121408907,0.030437281739415737,0.0,0.030437281739415737
Massachusetts,2024,3.269577872547711,0.0,3.269577872547711,3.530524919381595,0.0,3.530524919381595,0.0366749851341337,0.0,0.0366749851341337,0.0449113707074745,0.0,0.0449113707074745
Massachusetts,2025,0.0,0.0,0.0,0.0,0.0,0.0,0.0,0.0,0.0,0.0,0.0,0.0
Mauritania,1989,0.0,0.0,0.0,0.0,0.0,0.0,NA,NA,NA,NA,NA,NA
Mauritania,1990,0.0,0.0,0.0,0.0,0.0,0.0,NA,NA,NA,NA,NA,NA
Mauritania,1991,0.0,0.0,0.0,0.0,0.0,0.0,NA,NA,NA,NA,NA,NA
Mauritania,1992,0.0,0.0,0.0,0.0,0.0,0.0,NA,NA,NA,NA,NA,NA
Mauritania,1993,0.0,0.0,0.0,0.0,0.0,0.0,NA,NA,NA,NA,NA,NA
Mauritania,1994,0.0,0.0,0.0,0.0,0.0,0.0,NA,NA,NA,NA,NA,NA
Mauritania,1995,0.0,0.0,0.0,0.0,0.0,0.0,NA,NA,NA,NA,NA,NA
Mauritania,1996,0.0,0.0,0.0,0.0,0.0,0.0,NA,NA,NA,NA,NA,NA
Mauritania,1997,0.0,0.0,0.0,0.0,0.0,0.0,NA,NA,NA,NA,NA,NA
Mauritania,1998,0.0,0.0,0.0,0.0,0.0,0.0,NA,NA,NA,NA,NA,NA
Mauritania,1999,0.0,0.0,0.0,0.0,0.0,0.0,NA,NA,NA,NA,NA,NA
Mauritania,2000,0.0,0.0,0.0,0.0,0.0,0.0,NA,NA,NA,NA,NA,NA
Mauritania,2001,0.0,0.0,0.0,0.0,0.0,0.0,NA,NA,NA,NA,NA,NA
Mauritania,2002,0.0,0.0,0.0,0.0,0.0,0.0,NA,NA,NA,NA,NA,NA
Mauritania,2003,0.0,0.0,0.0,0.0,0.0,0.0,NA,NA,NA,NA,NA,NA
Mauritania,2004,0.0,0.0,0.0,0.0,0.0,0.0,NA,NA,NA,NA,NA,NA
Mauritania,2005,0.0,0.0,0.0,0.0,0.0,0.0,NA,NA,NA,NA,NA,NA
Mauritania,2006,0.0,0.0,0.0,0.0,0.0,0.0,NA,NA,NA,NA,NA,NA
Mauritania,2007,0.0,0.0,0.0,0.0,0.0,0.0,NA,NA,NA,NA,NA,NA
Mauritania,2008,0.0,0.0,0.0,0.0,0.0,0.0,NA,NA,NA,NA,NA,NA
Mauritania,2009,0.0,0.0,0.0,0.0,0.0,0.0,NA,NA,NA,NA,NA,NA
Mauritania,2010,0.0,0.0,0.0,0.0,0.0,0.0,NA,NA,NA,NA,NA,NA
Mauritania,2011,0.0,0.0,0.0,0.0,0.0,0.0,NA,NA,NA,NA,NA,NA
Mauritania,2012,0.0,0.0,0.0,0.0,0.0,0.0,NA,NA,NA,NA,NA,NA
Mauritania,2013,0.0,0.0,0.0,0.0,0.0,0.0,NA,NA,NA,NA,NA,NA
Mauritania,2014,0.0,0.0,0.0,0.0,0.0,0.0,NA,NA,NA,NA,NA,NA
Mauritania,2015,0.0,0.0,0.0,0.0,0.0,0.0,NA,NA,NA,NA,NA,NA
Mauritania,2016,0.0,0.0,0.0,0.0,0.0,0.0,NA,NA,NA,NA,NA,NA
Mauritania,2017,0.0,0.0,0.0,0.0,0.0,0.0,NA,NA,NA,NA,NA,NA
Mauritania,2018,0.0,0.0,0.0,0.0,0.0,0.0,NA,NA,NA,NA,NA,NA
Mauritania,2019,0.0,0.0,0.0,0.0,0.0,0.0,NA,NA,NA,NA,NA,NA
Mauritania,2020,0.0,0.0,0.0,0.0,0.0,0.0,NA,NA,NA,NA,NA,NA
Mauritania,2021,0.0,0.0,0.0,0.0,0.0,0.0,NA,NA,NA,NA,NA,NA
Mauritania,2022,0.0,0.0,0.0,0.0,0.0,0.0,NA,NA,NA,NA,NA,NA
Mauritania,2023,0.0,0.0,0.0,0.0,0.0,0.0,NA,NA,NA,NA,NA,NA
Mauritania,2024,0.0,0.0,0.0,0.0,0.0,0.0,NA,NA,NA,NA,NA,NA
Mauritania,2025,0.0,0.0,0.0,0.0,0.0,0.0,NA,NA,NA,NA,NA,NA
Mauritius,1989,0.0,0.0,0.0,0.0,0.0,0.0,NA,NA,NA,NA,NA,NA
Mauritius,1990,0.0,0.0,0.0,0.0,0.0,0.0,NA,NA,NA,NA,NA,NA
Mauritius,1991,0.0,0.0,0.0,0.0,0.0,0.0,NA,NA,NA,NA,NA,NA
Mauritius,1992,0.0,0.0,0.0,0.0,0.0,0.0,NA,NA,NA,NA,NA,NA
Mauritius,1993,0.0,0.0,0.0,0.0,0.0,0.0,NA,NA,NA,NA,NA,NA
Mauritius,1994,0.0,0.0,0.0,0.0,0.0,0.0,NA,NA,NA,NA,NA,NA
Mauritius,1995,0.0,0.0,0.0,0.0,0.0,0.0,NA,NA,NA,NA,NA,NA
Mauritius,1996,0.0,0.0,0.0,0.0,0.0,0.0,NA,NA,NA,NA,NA,NA
Mauritius,1997,0.0,0.0,0.0,0.0,0.0,0.0,NA,NA,NA,NA,NA,NA
Mauritius,1998,0.0,0.0,0.0,0.0,0.0,0.0,NA,NA,NA,NA,NA,NA
Mauritius,1999,0.0,0.0,0.0,0.0,0.0,0.0,NA,NA,NA,NA,NA,NA
Mauritius,2000,0.0,0.0,0.0,0.0,0.0,0.0,NA,NA,NA,NA,NA,NA
Mauritius,2001,0.0,0.0,0.0,0.0,0.0,0.0,NA,NA,NA,NA,NA,NA
Mauritius,2002,0.0,0.0,0.0,0.0,0.0,0.0,NA,NA,NA,NA,NA,NA
Mauritius,2003,0.0,0.0,0.0,0.0,0.0,0.0,NA,NA,NA,NA,NA,NA
Mauritius,2004,0.0,0.0,0.0,0.0,0.0,0.0,NA,NA,NA,NA,NA,NA
Mauritius,2005,0.0,0.0,0.0,0.0,0.0,0.0,NA,NA,NA,NA,NA,NA
Mauritius,2006,0.0,0.0,0.0,0.0,0.0,0.0,NA,NA,NA,NA,NA,NA
Mauritius,2007,0.0,0.0,0.0,0.0,0.0,0.0,NA,NA,NA,NA,NA,NA
Mauritius,2008,0.0,0.0,0.0,0.0,0.0,0.0,NA,NA,NA,NA,NA,NA
Mauritius,2009,0.0,0.0,0.0,0.0,0.0,0.0,NA,NA,NA,NA,NA,NA
Mauritius,2010,0.0,0.0,0.0,0.0,0.0,0.0,NA,NA,NA,NA,NA,NA
Mauritius,2011,0.0,0.0,0.0,0.0,0.0,0.0,NA,NA,NA,NA,NA,NA
Mauritius,2012,0.0,0.0,0.0,0.0,0.0,0.0,NA,NA,NA,NA,NA,NA
Mauritius,2013,0.0,0.0,0.0,0.0,0.0,0.0,NA,NA,NA,NA,NA,NA
Mauritius,2014,0.0,0.0,0.0,0.0,0.0,0.0,NA,NA,NA,NA,NA,NA
Mauritius,2015,0.0,0.0,0.0,0.0,0.0,0.0,NA,NA,NA,NA,NA,NA
Mauritius,2016,0.0,0.0,0.0,0.0,0.0,0.0,NA,NA,NA,NA,NA,NA
Mauritius,2017,0.0,0.0,0.0,0.0,0.0,0.0,NA,NA,NA,NA,NA,NA
Mauritius,2018,0.0,0.0,0.0,0.0,0.0,0.0,NA,NA,NA,NA,NA,NA
Mauritius,2019,0.0,0.0,0.0,0.0,0.0,0.0,NA,NA,NA,NA,NA,NA
Mauritius,2020,0.0,0.0,0.0,0.0,0.0,0.0,NA,NA,NA,NA,NA,NA
Mauritius,2021,0.0,0.0,0.0,0.0,0.0,0.0,NA,NA,NA,NA,NA,NA
Mauritius,2022,0.0,0.0,0.0,0.0,0.0,0.0,NA,NA,NA,NA,NA,NA
Mauritius,2023,0.0,0.0,0.0,0.0,0.0,0.0,NA,NA,NA,NA,NA,NA
Mauritius,2024,0.0,0.0,0.0,0.0,0.0,0.0,NA,NA,NA,NA,NA,NA
Mauritius,2025,0.0,0.0,0.0,0.0,0.0,0.0,NA,NA,NA,NA,NA,NA
Mexico,1989,0.0,0.0,0.0,0.0,0.0,0.0,NA,NA,NA,NA,NA,NA
Mexico,1990,0.0,0.0,0.0,0.0,0.0,0.0,NA,NA,NA,NA,NA,NA
Mexico,1991,0.0,0.0,0.0,0.0,0.0,0.0,NA,NA,NA,NA,NA,NA
Mexico,1992,0.0,0.0,0.0,0.0,0.0,0.0,NA,NA,NA,NA,NA,NA
Mexico,1993,0.0,0.0,0.0,0.0,0.0,0.0,NA,NA,NA,NA,NA,NA
Mexico,1994,0.0,0.0,0.0,0.0,0.0,0.0,NA,NA,NA,NA,NA,NA
Mexico,1995,0.0,0.0,0.0,0.0,0.0,0.0,NA,NA,NA,NA,NA,NA
Mexico,1996,0.0,0.0,0.0,0.0,0.0,0.0,NA,NA,NA,NA,NA,NA
Mexico,1997,0.0,0.0,0.0,0.0,0.0,0.0,NA,NA,NA,NA,NA,NA
Mexico,1998,0.0,0.0,0.0,0.0,0.0,0.0,NA,NA,NA,NA,NA,NA
Mexico,1999,0.0,0.0,0.0,0.0,0.0,0.0,NA,NA,NA,NA,NA,NA
Mexico,2000,0.0,0.0,0.0,0.0,0.0,0.0,NA,NA,NA,NA,NA,NA
Mexico,2001,0.0,0.0,0.0,0.0,0.0,0.0,NA,NA,NA,NA,NA,NA
Mexico,2002,0.0,0.0,0.0,0.0,0.0,0.0,NA,NA,NA,NA,NA,NA
Mexico,2003,0.0,0.0,0.0,0.0,0.0,0.0,NA,NA,NA,NA,NA,NA
Mexico,2004,0.0,0.0,0.0,0.0,0.0,0.0,NA,NA,NA,NA,NA,NA
Mexico,2005,0.0,0.0,0.0,0.0,0.0,0.0,NA,NA,NA,NA,NA,NA
Mexico,2006,0.0,0.0,0.0,0.0,0.0,0.0,NA,NA,NA,NA,NA,NA
Mexico,2007,0.0,0.0,0.0,0.0,0.0,0.0,NA,NA,NA,NA,NA,NA
Mexico,2008,0.0,0.0,0.0,0.0,0.0,0.0,NA,NA,NA,NA,NA,NA
Mexico,2009,0.0,0.0,0.0,0.0,0.0,0.0,NA,NA,NA,NA,NA,NA
Mexico,2010,0.0,0.0,0.0,0.0,0.0,0.0,NA,NA,NA,NA,NA,NA
Mexico,2011,0.0,0.0,0.0,0.0,0.0,0.0,NA,NA,NA,NA,NA,NA
Mexico,2012,0.0,0.0,0.0,0.0,0.0,0.0,NA,NA,NA,NA,NA,NA
Mexico,2013,0.0,0.0,0.0,0.0,0.0,0.0,NA,NA,NA,NA,NA,NA
Mexico,2014,0.0,1.2744960645538428,1.2744960645538428,0.0,1.787926787414905,1.787926787414905,NA,NA,NA,NA,NA,NA
Mexico,2015,0.0,1.2856734044268896,1.2856734044268896,0.0,1.8036069185089598,1.8036069185089598,NA,NA,NA,NA,NA,NA
Mexico,2016,0.0,1.2120122928167805,1.2120122928167805,0.0,1.700271429054485,1.700271429054485,NA,NA,NA,NA,NA,NA
Mexico,2017,0.0,1.2006527121633892,1.2006527121633892,0.0,1.6843356414841186,1.6843356414841186,NA,NA,NA,NA,NA,NA
Mexico,2018,0.0,1.2171145907632988,1.2171145907632988,0.0,1.7074291876617238,1.7074291876617238,NA,NA,NA,NA,NA,NA
Mexico,2019,0.0,1.2220357378572781,1.2220357378572781,0.0,1.7143328187978581,1.7143328187978581,NA,NA,NA,NA,NA,NA
Mexico,2020,0.0,1.2028180420960877,1.2028180420960877,0.0,1.687373274551756,1.687373274551756,NA,NA,NA,NA,NA,NA
Mexico,2021,0.0,1.189485555293744,1.189485555293744,0.0,1.6686697956162517,1.6686697956162517,NA,NA,NA,NA,NA,NA
Mexico,2022,0.0,0.05941688156246177,0.05941688156246177,0.0,0.08335297151927472,0.08335297151927472,NA,NA,NA,NA,NA,NA
Mexico,2023,0.0,0.5331631137606667,0.5331631137606667,0.0,0.7479478671344023,0.7479478671344023,NA,NA,NA,NA,NA,NA
Mexico,2024,0.0,0.5561769979576248,0.5561769979576248,0.0,0.7802328942777463,0.7802328942777463,NA,NA,NA,NA,NA,NA
Mexico,2025,0.0,0.06687736760554341,0.06687736760554341,0.0,0.09381891426679521,0.09381891426679521,NA,NA,NA,NA,NA,NA
Mexico State,1989,0.0,0.0,0.0,0.0,0.0,0.0,0.0,0.0,0.0,0.0,0.0,0.0
Mexico State,1990,0.0,0.0,0.0,0.0,0.0,0.0,0.0,0.0,0.0,0.0,0.0,0.0
Mexico State,1991,0.0,0.0,0.0,0.0,0.0,0.0,0.0,0.0,0.0,0.0,0.0,0.0
Mexico State,1992,0.0,0.0,0.0,0.0,0.0,0.0,0.0,0.0,0.0,0.0,0.0,0.0
Mexico State,1993,0.0,0.0,0.0,0.0,0.0,0.0,0.0,0.0,0.0,0.0,0.0,0.0
Mexico State,1994,0.0,0.0,0.0,0.0,0.0,0.0,0.0,0.0,0.0,0.0,0.0,0.0
Mexico State,1995,0.0,0.0,0.0,0.0,0.0,0.0,0.0,0.0,0.0,0.0,0.0,0.0
Mexico State,1996,0.0,0.0,0.0,0.0,0.0,0.0,0.0,0.0,0.0,0.0,0.0,0.0
Mexico State,1997,0.0,0.0,0.0,0.0,0.0,0.0,0.0,0.0,0.0,0.0,0.0,0.0
Mexico State,1998,0.0,0.0,0.0,0.0,0.0,0.0,0.0,0.0,0.0,0.0,0.0,0.0
Mexico State,1999,0.0,0.0,0.0,0.0,0.0,0.0,0.0,0.0,0.0,0.0,0.0,0.0
Mexico State,2000,0.0,0.0,0.0,0.0,0.0,0.0,0.0,0.0,0.0,0.0,0.0,0.0
Mexico State,2001,0.0,0.0,0.0,0.0,0.0,0.0,0.0,0.0,0.0,0.0,0.0,0.0
Mexico State,2002,0.0,0.0,0.0,0.0,0.0,0.0,0.0,0.0,0.0,0.0,0.0,0.0
Mexico State,2003,0.0,0.0,0.0,0.0,0.0,0.0,0.0,0.0,0.0,0.0,0.0,0.0
Mexico State,2004,0.0,0.0,0.0,0.0,0.0,0.0,0.0,0.0,0.0,0.0,0.0,0.0
Mexico State,2005,0.0,0.0,0.0,0.0,0.0,0.0,0.0,0.0,0.0,0.0,0.0,0.0
Mexico State,2006,0.0,0.0,0.0,0.0,0.0,0.0,0.0,0.0,0.0,0.0,0.0,0.0
Mexico State,2007,0.0,0.0,0.0,0.0,0.0,0.0,0.0,0.0,0.0,0.0,0.0,0.0
Mexico State,2008,0.0,0.0,0.0,0.0,0.0,0.0,0.0,0.0,0.0,0.0,0.0,0.0
Mexico State,2009,0.0,0.0,0.0,0.0,0.0,0.0,0.0,0.0,0.0,0.0,0.0,0.0
Mexico State,2010,0.0,0.0,0.0,0.0,0.0,0.0,0.0,0.0,0.0,0.0,0.0,0.0
Mexico State,2011,0.0,0.0,0.0,0.0,0.0,0.0,0.0,0.0,0.0,0.0,0.0,0.0
Mexico State,2012,0.0,0.0,0.0,0.0,0.0,0.0,0.0,0.0,0.0,0.0,0.0,0.0
Mexico State,2013,0.0,0.0,0.0,0.0,0.0,0.0,0.0,0.0,0.0,0.0,0.0,0.0
Mexico State,2014,0.0,0.0,0.0,0.0,0.0,0.0,0.0,0.0,0.0,0.0,0.0,0.0
Mexico State,2015,0.0,0.0,0.0,0.0,0.0,0.0,0.0,0.0,0.0,0.0,0.0,0.0
Mexico State,2016,0.0,0.0,0.0,0.0,0.0,0.0,0.0,0.0,0.0,0.0,0.0,0.0
Mexico State,2017,0.0,0.0,0.0,0.0,0.0,0.0,0.0,0.0,0.0,0.0,0.0,0.0
Mexico State,2018,0.0,0.0,0.0,0.0,0.0,0.0,0.0,0.0,0.0,0.0,0.0,0.0
Mexico State,2019,0.0,0.0,0.0,0.0,0.0,0.0,0.0,0.0,0.0,0.0,0.0,0.0
Mexico State,2020,0.0,0.0,0.0,0.0,0.0,0.0,0.0,0.0,0.0,0.0,0.0,0.0
Mexico State,2021,0.0,0.0,0.0,0.0,0.0,0.0,0.0,0.0,0.0,0.0,0.0,0.0
Mexico State,2022,0.0,0.0,0.0,0.0,0.0,0.0,0.0,0.0,0.0,0.0,0.0,0.0
Mexico State,2023,0.0,0.0,0.0,0.0,0.0,0.0,0.0,0.0,0.0,0.0,0.0,0.0
Mexico State,2024,0.0,0.0,0.0,0.0,0.0,0.0,0.0,0.0,0.0,0.0,0.0,0.0
Mexico State,2025,0.0,0.0,0.0,0.0,0.0,0.0,0.0,0.0,0.0,0.0,0.0,0.0
Michigan,1989,0.0,0.0,0.0,0.0,0.0,0.0,0.0,0.0,0.0,0.0,0.0,0.0
Michigan,1990,0.0,0.0,0.0,0.0,0.0,0.0,0.0,0.0,0.0,0.0,0.0,0.0
Michigan,1991,0.0,0.0,0.0,0.0,0.0,0.0,0.0,0.0,0.0,0.0,0.0,0.0
Michigan,1992,0.0,0.0,0.0,0.0,0.0,0.0,0.0,0.0,0.0,0.0,0.0,0.0
Michigan,1993,0.0,0.0,0.0,0.0,0.0,0.0,0.0,0.0,0.0,0.0,0.0,0.0
Michigan,1994,0.0,0.0,0.0,0.0,0.0,0.0,0.0,0.0,0.0,0.0,0.0,0.0
Michigan,1995,0.0,0.0,0.0,0.0,0.0,0.0,0.0,0.0,0.0,0.0,0.0,0.0
Michigan,1996,0.0,0.0,0.0,0.0,0.0,0.0,0.0,0.0,0.0,0.0,0.0,0.0
Michigan,1997,0.0,0.0,0.0,0.0,0.0,0.0,0.0,0.0,0.0,0.0,0.0,0.0
Michigan,1998,0.0,0.0,0.0,0.0,0.0,0.0,0.0,0.0,0.0,0.0,0.0,0.0
Michigan,1999,0.0,0.0,0.0,0.0,0.0,0.0,0.0,0.0,0.0,0.0,0.0,0.0
Michigan,2000,0.0,0.0,0.0,0.0,0.0,0.0,0.0,0.0,0.0,0.0,0.0,0.0
Michigan,2001,0.0,0.0,0.0,0.0,0.0,0.0,0.0,0.0,0.0,0.0,0.0,0.0
Michigan,2002,0.0,0.0,0.0,0.0,0.0,0.0,0.0,0.0,0.0,0.0,0.0,0.0
Michigan,2003,0.0,0.0,0.0,0.0,0.0,0.0,0.0,0.0,0.0,0.0,0.0,0.0
Michigan,2004,0.0,0.0,0.0,0.0,0.0,0.0,0.0,0.0,0.0,0.0,0.0,0.0
Michigan,2005,0.0,0.0,0.0,0.0,0.0,0.0,0.0,0.0,0.0,0.0,0.0,0.0
Michigan,2006,0.0,0.0,0.0,0.0,0.0,0.0,0.0,0.0,0.0,0.0,0.0,0.0
Michigan,2007,0.0,0.0,0.0,0.0,0.0,0.0,0.0,0.0,0.0,0.0,0.0,0.0
Michigan,2008,0.0,0.0,0.0,0.0,0.0,0.0,0.0,0.0,0.0,0.0,0.0,0.0
Michigan,2009,0.0,0.0,0.0,0.0,0.0,0.0,0.0,0.0,0.0,0.0,0.0,0.0
Michigan,2010,0.0,0.0,0.0,0.0,0.0,0.0,0.0,0.0,0.0,0.0,0.0,0.0
Michigan,2011,0.0,0.0,0.0,0.0,0.0,0.0,0.0,0.0,0.0,0.0,0.0,0.0
Michigan,2012,0.0,0.0,0.0,0.0,0.0,0.0,0.0,0.0,0.0,0.0,0.0,0.0
Michigan,2013,0.0,0.0,0.0,0.0,0.0,0.0,0.0,0.0,0.0,0.0,0.0,0.0
Michigan,2014,0.0,0.0,0.0,0.0,0.0,0.0,0.0,0.0,0.0,0.0,0.0,0.0
Michigan,2015,0.0,0.0,0.0,0.0,0.0,0.0,0.0,0.0,0.0,0.0,0.0,0.0
Michigan,2016,0.0,0.0,0.0,0.0,0.0,0.0,0.0,0.0,0.0,0.0,0.0,0.0
Michigan,2017,0.0,0.0,0.0,0.0,0.0,0.0,0.0,0.0,0.0,0.0,0.0,0.0
Michigan,2018,0.0,0.0,0.0,0.0,0.0,0.0,0.0,0.0,0.0,0.0,0.0,0.0
Michigan,2019,0.0,0.0,0.0,0.0,0.0,0.0,0.0,0.0,0.0,0.0,0.0,0.0
Michigan,2020,0.0,0.0,0.0,0.0,0.0,0.0,0.0,0.0,0.0,0.0,0.0,0.0
Michigan,2021,0.0,0.0,0.0,0.0,0.0,0.0,0.0,0.0,0.0,0.0,0.0,0.0
Michigan,2022,0.0,0.0,0.0,0.0,0.0,0.0,0.0,0.0,0.0,0.0,0.0,0.0
Michigan,2023,0.0,0.0,0.0,0.0,0.0,0.0,0.0,0.0,0.0,0.0,0.0,0.0
Michigan,2024,0.0,0.0,0.0,0.0,0.0,0.0,0.0,0.0,0.0,0.0,0.0,0.0
Michigan,2025,0.0,0.0,0.0,0.0,0.0,0.0,0.0,0.0,0.0,0.0,0.0,0.0
Michoacan de Ocampo,1989,0.0,0.0,0.0,0.0,0.0,0.0,0.0,0.0,0.0,0.0,0.0,0.0
Michoacan de Ocampo,1990,0.0,0.0,0.0,0.0,0.0,0.0,0.0,0.0,0.0,0.0,0.0,0.0
Michoacan de Ocampo,1991,0.0,0.0,0.0,0.0,0.0,0.0,0.0,0.0,0.0,0.0,0.0,0.0
Michoacan de Ocampo,1992,0.0,0.0,0.0,0.0,0.0,0.0,0.0,0.0,0.0,0.0,0.0,0.0
Michoacan de Ocampo,1993,0.0,0.0,0.0,0.0,0.0,0.0,0.0,0.0,0.0,0.0,0.0,0.0
Michoacan de Ocampo,1994,0.0,0.0,0.0,0.0,0.0,0.0,0.0,0.0,0.0,0.0,0.0,0.0
Michoacan de Ocampo,1995,0.0,0.0,0.0,0.0,0.0,0.0,0.0,0.0,0.0,0.0,0.0,0.0
Michoacan de Ocampo,1996,0.0,0.0,0.0,0.0,0.0,0.0,0.0,0.0,0.0,0.0,0.0,0.0
Michoacan de Ocampo,1997,0.0,0.0,0.0,0.0,0.0,0.0,0.0,0.0,0.0,0.0,0.0,0.0
Michoacan de Ocampo,1998,0.0,0.0,0.0,0.0,0.0,0.0,0.0,0.0,0.0,0.0,0.0,0.0
Michoacan de Ocampo,1999,0.0,0.0,0.0,0.0,0.0,0.0,0.0,0.0,0.0,0.0,0.0,0.0
Michoacan de Ocampo,2000,0.0,0.0,0.0,0.0,0.0,0.0,0.0,0.0,0.0,0.0,0.0,0.0
Michoacan de Ocampo,2001,0.0,0.0,0.0,0.0,0.0,0.0,0.0,0.0,0.0,0.0,0.0,0.0
Michoacan de Ocampo,2002,0.0,0.0,0.0,0.0,0.0,0.0,0.0,0.0,0.0,0.0,0.0,0.0
Michoacan de Ocampo,2003,0.0,0.0,0.0,0.0,0.0,0.0,0.0,0.0,0.0,0.0,0.0,0.0
Michoacan de Ocampo,2004,0.0,0.0,0.0,0.0,0.0,0.0,0.0,0.0,0.0,0.0,0.0,0.0
Michoacan de Ocampo,2005,0.0,0.0,0.0,0.0,0.0,0.0,0.0,0.0,0.0,0.0,0.0,0.0
Michoacan de Ocampo,2006,0.0,0.0,0.0,0.0,0.0,0.0,0.0,0.0,0.0,0.0,0.0,0.0
Michoacan de Ocampo,2007,0.0,0.0,0.0,0.0,0.0,0.0,0.0,0.0,0.0,0.0,0.0,0.0
Michoacan de Ocampo,2008,0.0,0.0,0.0,0.0,0.0,0.0,0.0,0.0,0.0,0.0,0.0,0.0
Michoacan de Ocampo,2009,0.0,0.0,0.0,0.0,0.0,0.0,0.0,0.0,0.0,0.0,0.0,0.0
Michoacan de Ocampo,2010,0.0,0.0,0.0,0.0,0.0,0.0,0.0,0.0,0.0,0.0,0.0,0.0
Michoacan de Ocampo,2011,0.0,0.0,0.0,0.0,0.0,0.0,0.0,0.0,0.0,0.0,0.0,0.0
Michoacan de Ocampo,2012,0.0,0.0,0.0,0.0,0.0,0.0,0.0,0.0,0.0,0.0,0.0,0.0
Michoacan de Ocampo,2013,0.0,0.0,0.0,0.0,0.0,0.0,0.0,0.0,0.0,0.0,0.0,0.0
Michoacan de Ocampo,2014,0.0,0.0,0.0,0.0,0.0,0.0,0.0,0.0,0.0,0.0,0.0,0.0
Michoacan de Ocampo,2015,0.0,0.0,0.0,0.0,0.0,0.0,0.0,0.0,0.0,0.0,0.0,0.0
Michoacan de Ocampo,2016,0.0,0.0,0.0,0.0,0.0,0.0,0.0,0.0,0.0,0.0,0.0,0.0
Michoacan de Ocampo,2017,0.0,0.0,0.0,0.0,0.0,0.0,0.0,0.0,0.0,0.0,0.0,0.0
Michoacan de Ocampo,2018,0.0,0.0,0.0,0.0,0.0,0.0,0.0,0.0,0.0,0.0,0.0,0.0
Michoacan de Ocampo,2019,0.0,0.0,0.0,0.0,0.0,0.0,0.0,0.0,0.0,0.0,0.0,0.0
Michoacan de Ocampo,2020,0.0,0.0,0.0,0.0,0.0,0.0,0.0,0.0,0.0,0.0,0.0,0.0
Michoacan de Ocampo,2021,0.0,0.0,0.0,0.0,0.0,0.0,0.0,0.0,0.0,0.0,0.0,0.0
Michoacan de Ocampo,2022,0.0,0.0,0.0,0.0,0.0,0.0,0.0,0.0,0.0,0.0,0.0,0.0
Michoacan de Ocampo,2023,0.0,0.0,0.0,0.0,0.0,0.0,0.0,0.0,0.0,0.0,0.0,0.0
Michoacan de Ocampo,2024,0.0,0.0,0.0,0.0,0.0,0.0,0.0,0.0,0.0,0.0,0.0,0.0
Michoacan de Ocampo,2025,0.0,0.0,0.0,0.0,0.0,0.0,0.0,0.0,0.0,0.0,0.0,0.0
Mie,1989,0.0,0.0,0.0,0.0,0.0,0.0,0.0,0.0,0.0,0.0,0.0,0.0
Mie,1990,0.0,0.0,0.0,0.0,0.0,0.0,0.0,0.0,0.0,0.0,0.0,0.0
Mie,1991,0.0,0.0,0.0,0.0,0.0,0.0,0.0,0.0,0.0,0.0,0.0,0.0
Mie,1992,0.0,0.0,0.0,0.0,0.0,0.0,0.0,0.0,0.0,0.0,0.0,0.0
Mie,1993,0.0,0.0,0.0,0.0,0.0,0.0,0.0,0.0,0.0,0.0,0.0,0.0
Mie,1994,0.0,0.0,0.0,0.0,0.0,0.0,0.0,0.0,0.0,0.0,0.0,0.0
Mie,1995,0.0,0.0,0.0,0.0,0.0,0.0,0.0,0.0,0.0,0.0,0.0,0.0
Mie,1996,0.0,0.0,0.0,0.0,0.0,0.0,0.0,0.0,0.0,0.0,0.0,0.0
Mie,1997,0.0,0.0,0.0,0.0,0.0,0.0,0.0,0.0,0.0,0.0,0.0,0.0
Mie,1998,0.0,0.0,0.0,0.0,0.0,0.0,0.0,0.0,0.0,0.0,0.0,0.0
Mie,1999,0.0,0.0,0.0,0.0,0.0,0.0,0.0,0.0,0.0,0.0,0.0,0.0
Mie,2000,0.0,0.0,0.0,0.0,0.0,0.0,0.0,0.0,0.0,0.0,0.0,0.0
Mie,2001,0.0,0.0,0.0,0.0,0.0,0.0,0.0,0.0,0.0,0.0,0.0,0.0
Mie,2002,0.0,0.0,0.0,0.0,0.0,0.0,0.0,0.0,0.0,0.0,0.0,0.0
Mie,2003,0.0,0.0,0.0,0.0,0.0,0.0,0.0,0.0,0.0,0.0,0.0,0.0
Mie,2004,0.0,0.0,0.0,0.0,0.0,0.0,0.0,0.0,0.0,0.0,0.0,0.0
Mie,2005,0.0,0.0,0.0,0.0,0.0,0.0,0.0,0.0,0.0,0.0,0.0,0.0
Mie,2006,0.0,0.0,0.0,0.0,0.0,0.0,0.0,0.0,0.0,0.0,0.0,0.0
Mie,2007,0.0,0.0,0.0,0.0,0.0,0.0,0.0,0.0,0.0,0.0,0.0,0.0
Mie,2008,0.0,0.0,0.0,0.0,0.0,0.0,0.0,0.0,0.0,0.0,0.0,0.0
Mie,2009,0.0,0.0,0.0,0.0,0.0,0.0,0.0,0.0,0.0,0.0,0.0,0.0
Mie,2010,0.0,0.0,0.0,0.0,0.0,0.0,0.0,0.0,0.0,0.0,0.0,0.0
Mie,2011,0.0,0.0,0.0,0.0,0.0,0.0,0.0,0.0,0.0,0.0,0.0,0.0
Mie,2012,0.0,0.0,0.0,0.0,0.0,0.0,0.0,0.0,0.0,0.0,0.0,0.0
Mie,2013,0.0,0.0,0.0,0.0,0.0,0.0,0.0,0.0,0.0,0.0,0.0,0.0
Mie,2014,0.0,0.0,0.0,0.0,0.0,0.0,0.0,0.0,0.0,0.0,0.0,0.0
Mie,2015,0.0,0.0,0.0,0.0,0.0,0.0,0.0,0.0,0.0,0.0,0.0,0.0
Mie,2016,0.0,0.0,0.0,0.0,0.0,0.0,0.0,0.0,0.0,0.0,0.0,0.0
Mie,2017,0.0,0.0,0.0,0.0,0.0,0.0,0.0,0.0,0.0,0.0,0.0,0.0
Mie,2018,0.0,0.0,0.0,0.0,0.0,0.0,0.0,0.0,0.0,0.0,0.0,0.0
Mie,2019,0.0,0.0,0.0,0.0,0.0,0.0,0.0,0.0,0.0,0.0,0.0,0.0
Mie,2020,0.0,0.0,0.0,0.0,0.0,0.0,0.0,0.0,0.0,0.0,0.0,0.0
Mie,2021,0.0,0.0,0.0,0.0,0.0,0.0,0.0,0.0,0.0,0.0,0.0,0.0
Mie,2022,0.0,0.0,0.0,0.0,0.0,0.0,0.0,0.0,0.0,0.0,0.0,0.0
Mie,2023,0.0,0.0,0.0,0.0,0.0,0.0,0.0,0.0,0.0,0.0,0.0,0.0
Mie,2024,0.0,0.0,0.0,0.0,0.0,0.0,0.0,0.0,0.0,0.0,0.0,0.0
Mie,2025,0.0,0.0,0.0,0.0,0.0,0.0,0.0,0.0,0.0,0.0,0.0,0.0
Minnesota,1989,0.0,0.0,0.0,0.0,0.0,0.0,0.0,0.0,0.0,0.0,0.0,0.0
Minnesota,1990,0.0,0.0,0.0,0.0,0.0,0.0,0.0,0.0,0.0,0.0,0.0,0.0
Minnesota,1991,0.0,0.0,0.0,0.0,0.0,0.0,0.0,0.0,0.0,0.0,0.0,0.0
Minnesota,1992,0.0,0.0,0.0,0.0,0.0,0.0,0.0,0.0,0.0,0.0,0.0,0.0
Minnesota,1993,0.0,0.0,0.0,0.0,0.0,0.0,0.0,0.0,0.0,0.0,0.0,0.0
Minnesota,1994,0.0,0.0,0.0,0.0,0.0,0.0,0.0,0.0,0.0,0.0,0.0,0.0
Minnesota,1995,0.0,0.0,0.0,0.0,0.0,0.0,0.0,0.0,0.0,0.0,0.0,0.0
Minnesota,1996,0.0,0.0,0.0,0.0,0.0,0.0,0.0,0.0,0.0,0.0,0.0,0.0
Minnesota,1997,0.0,0.0,0.0,0.0,0.0,0.0,0.0,0.0,0.0,0.0,0.0,0.0
Minnesota,1998,0.0,0.0,0.0,0.0,0.0,0.0,0.0,0.0,0.0,0.0,0.0,0.0
Minnesota,1999,0.0,0.0,0.0,0.0,0.0,0.0,0.0,0.0,0.0,0.0,0.0,0.0
Minnesota,2000,0.0,0.0,0.0,0.0,0.0,0.0,0.0,0.0,0.0,0.0,0.0,0.0
Minnesota,2001,0.0,0.0,0.0,0.0,0.0,0.0,0.0,0.0,0.0,0.0,0.0,0.0
Minnesota,2002,0.0,0.0,0.0,0.0,0.0,0.0,0.0,0.0,0.0,0.0,0.0,0.0
Minnesota,2003,0.0,0.0,0.0,0.0,0.0,0.0,0.0,0.0,0.0,0.0,0.0,0.0
Minnesota,2004,0.0,0.0,0.0,0.0,0.0,0.0,0.0,0.0,0.0,0.0,0.0,0.0
Minnesota,2005,0.0,0.0,0.0,0.0,0.0,0.0,0.0,0.0,0.0,0.0,0.0,0.0
Minnesota,2006,0.0,0.0,0.0,0.0,0.0,0.0,0.0,0.0,0.0,0.0,0.0,0.0
Minnesota,2007,0.0,0.0,0.0,0.0,0.0,0.0,0.0,0.0,0.0,0.0,0.0,0.0
Minnesota,2008,0.0,0.0,0.0,0.0,0.0,0.0,0.0,0.0,0.0,0.0,0.0,0.0
Minnesota,2009,0.0,0.0,0.0,0.0,0.0,0.0,0.0,0.0,0.0,0.0,0.0,0.0
Minnesota,2010,0.0,0.0,0.0,0.0,0.0,0.0,0.0,0.0,0.0,0.0,0.0,0.0
Minnesota,2011,0.0,0.0,0.0,0.0,0.0,0.0,0.0,0.0,0.0,0.0,0.0,0.0
Minnesota,2012,0.0,0.0,0.0,0.0,0.0,0.0,0.0,0.0,0.0,0.0,0.0,0.0
Minnesota,2013,0.0,0.0,0.0,0.0,0.0,0.0,0.0,0.0,0.0,0.0,0.0,0.0
Minnesota,2014,0.0,0.0,0.0,0.0,0.0,0.0,0.0,0.0,0.0,0.0,0.0,0.0
Minnesota,2015,0.0,0.0,0.0,0.0,0.0,0.0,0.0,0.0,0.0,0.0,0.0,0.0
Minnesota,2016,0.0,0.0,0.0,0.0,0.0,0.0,0.0,0.0,0.0,0.0,0.0,0.0
Minnesota,2017,0.0,0.0,0.0,0.0,0.0,0.0,0.0,0.0,0.0,0.0,0.0,0.0
Minnesota,2018,0.0,0.0,0.0,0.0,0.0,0.0,0.0,0.0,0.0,0.0,0.0,0.0
Minnesota,2019,0.0,0.0,0.0,0.0,0.0,0.0,0.0,0.0,0.0,0.0,0.0,0.0
Minnesota,2020,0.0,0.0,0.0,0.0,0.0,0.0,0.0,0.0,0.0,0.0,0.0,0.0
Minnesota,2021,0.0,0.0,0.0,0.0,0.0,0.0,0.0,0.0,0.0,0.0,0.0,0.0
Minnesota,2022,0.0,0.0,0.0,0.0,0.0,0.0,0.0,0.0,0.0,0.0,0.0,0.0
Minnesota,2023,0.0,0.0,0.0,0.0,0.0,0.0,0.0,0.0,0.0,0.0,0.0,0.0
Minnesota,2024,0.0,0.0,0.0,0.0,0.0,0.0,0.0,0.0,0.0,0.0,0.0,0.0
Minnesota,2025,0.0,0.0,0.0,0.0,0.0,0.0,0.0,0.0,0.0,0.0,0.0,0.0
Mississippi,1989,0.0,0.0,0.0,0.0,0.0,0.0,0.0,0.0,0.0,0.0,0.0,0.0
Mississippi,1990,0.0,0.0,0.0,0.0,0.0,0.0,0.0,0.0,0.0,0.0,0.0,0.0
Mississippi,1991,0.0,0.0,0.0,0.0,0.0,0.0,0.0,0.0,0.0,0.0,0.0,0.0
Mississippi,1992,0.0,0.0,0.0,0.0,0.0,0.0,0.0,0.0,0.0,0.0,0.0,0.0
Mississippi,1993,0.0,0.0,0.0,0.0,0.0,0.0,0.0,0.0,0.0,0.0,0.0,0.0
Mississippi,1994,0.0,0.0,0.0,0.0,0.0,0.0,0.0,0.0,0.0,0.0,0.0,0.0
Mississippi,1995,0.0,0.0,0.0,0.0,0.0,0.0,0.0,0.0,0.0,0.0,0.0,0.0
Mississippi,1996,0.0,0.0,0.0,0.0,0.0,0.0,0.0,0.0,0.0,0.0,0.0,0.0
Mississippi,1997,0.0,0.0,0.0,0.0,0.0,0.0,0.0,0.0,0.0,0.0,0.0,0.0
Mississippi,1998,0.0,0.0,0.0,0.0,0.0,0.0,0.0,0.0,0.0,0.0,0.0,0.0
Mississippi,1999,0.0,0.0,0.0,0.0,0.0,0.0,0.0,0.0,0.0,0.0,0.0,0.0
Mississippi,2000,0.0,0.0,0.0,0.0,0.0,0.0,0.0,0.0,0.0,0.0,0.0,0.0
Mississippi,2001,0.0,0.0,0.0,0.0,0.0,0.0,0.0,0.0,0.0,0.0,0.0,0.0
Mississippi,2002,0.0,0.0,0.0,0.0,0.0,0.0,0.0,0.0,0.0,0.0,0.0,0.0
Mississippi,2003,0.0,0.0,0.0,0.0,0.0,0.0,0.0,0.0,0.0,0.0,0.0,0.0
Mississippi,2004,0.0,0.0,0.0,0.0,0.0,0.0,0.0,0.0,0.0,0.0,0.0,0.0
Mississippi,2005,0.0,0.0,0.0,0.0,0.0,0.0,0.0,0.0,0.0,0.0,0.0,0.0
Mississippi,2006,0.0,0.0,0.0,0.0,0.0,0.0,0.0,0.0,0.0,0.0,0.0,0.0
Mississippi,2007,0.0,0.0,0.0,0.0,0.0,0.0,0.0,0.0,0.0,0.0,0.0,0.0
Mississippi,2008,0.0,0.0,0.0,0.0,0.0,0.0,0.0,0.0,0.0,0.0,0.0,0.0
Mississippi,2009,0.0,0.0,0.0,0.0,0.0,0.0,0.0,0.0,0.0,0.0,0.0,0.0
Mississippi,2010,0.0,0.0,0.0,0.0,0.0,0.0,0.0,0.0,0.0,0.0,0.0,0.0
Mississippi,2011,0.0,0.0,0.0,0.0,0.0,0.0,0.0,0.0,0.0,0.0,0.0,0.0
Mississippi,2012,0.0,0.0,0.0,0.0,0.0,0.0,0.0,0.0,0.0,0.0,0.0,0.0
Mississippi,2013,0.0,0.0,0.0,0.0,0.0,0.0,0.0,0.0,0.0,0.0,0.0,0.0
Mississippi,2014,0.0,0.0,0.0,0.0,0.0,0.0,0.0,0.0,0.0,0.0,0.0,0.0
Mississippi,2015,0.0,0.0,0.0,0.0,0.0,0.0,0.0,0.0,0.0,0.0,0.0,0.0
Mississippi,2016,0.0,0.0,0.0,0.0,0.0,0.0,0.0,0.0,0.0,0.0,0.0,0.0
Mississippi,2017,0.0,0.0,0.0,0.0,0.0,0.0,0.0,0.0,0.0,0.0,0.0,0.0
Mississippi,2018,0.0,0.0,0.0,0.0,0.0,0.0,0.0,0.0,0.0,0.0,0.0,0.0
Mississippi,2019,0.0,0.0,0.0,0.0,0.0,0.0,0.0,0.0,0.0,0.0,0.0,0.0
Mississippi,2020,0.0,0.0,0.0,0.0,0.0,0.0,0.0,0.0,0.0,0.0,0.0,0.0
Mississippi,2021,0.0,0.0,0.0,0.0,0.0,0.0,0.0,0.0,0.0,0.0,0.0,0.0
Mississippi,2022,0.0,0.0,0.0,0.0,0.0,0.0,0.0,0.0,0.0,0.0,0.0,0.0
Mississippi,2023,0.0,0.0,0.0,0.0,0.0,0.0,0.0,0.0,0.0,0.0,0.0,0.0
Mississippi,2024,0.0,0.0,0.0,0.0,0.0,0.0,0.0,0.0,0.0,0.0,0.0,0.0
Mississippi,2025,0.0,0.0,0.0,0.0,0.0,0.0,0.0,0.0,0.0,0.0,0.0,0.0
Missouri,1989,0.0,0.0,0.0,0.0,0.0,0.0,0.0,0.0,0.0,0.0,0.0,0.0
Missouri,1990,0.0,0.0,0.0,0.0,0.0,0.0,0.0,0.0,0.0,0.0,0.0,0.0
Missouri,1991,0.0,0.0,0.0,0.0,0.0,0.0,0.0,0.0,0.0,0.0,0.0,0.0
Missouri,1992,0.0,0.0,0.0,0.0,0.0,0.0,0.0,0.0,0.0,0.0,0.0,0.0
Missouri,1993,0.0,0.0,0.0,0.0,0.0,0.0,0.0,0.0,0.0,0.0,0.0,0.0
Missouri,1994,0.0,0.0,0.0,0.0,0.0,0.0,0.0,0.0,0.0,0.0,0.0,0.0
Missouri,1995,0.0,0.0,0.0,0.0,0.0,0.0,0.0,0.0,0.0,0.0,0.0,0.0
Missouri,1996,0.0,0.0,0.0,0.0,0.0,0.0,0.0,0.0,0.0,0.0,0.0,0.0
Missouri,1997,0.0,0.0,0.0,0.0,0.0,0.0,0.0,0.0,0.0,0.0,0.0,0.0
Missouri,1998,0.0,0.0,0.0,0.0,0.0,0.0,0.0,0.0,0.0,0.0,0.0,0.0
Missouri,1999,0.0,0.0,0.0,0.0,0.0,0.0,0.0,0.0,0.0,0.0,0.0,0.0
Missouri,2000,0.0,0.0,0.0,0.0,0.0,0.0,0.0,0.0,0.0,0.0,0.0,0.0
Missouri,2001,0.0,0.0,0.0,0.0,0.0,0.0,0.0,0.0,0.0,0.0,0.0,0.0
Missouri,2002,0.0,0.0,0.0,0.0,0.0,0.0,0.0,0.0,0.0,0.0,0.0,0.0
Missouri,2003,0.0,0.0,0.0,0.0,0.0,0.0,0.0,0.0,0.0,0.0,0.0,0.0
Missouri,2004,0.0,0.0,0.0,0.0,0.0,0.0,0.0,0.0,0.0,0.0,0.0,0.0
Missouri,2005,0.0,0.0,0.0,0.0,0.0,0.0,0.0,0.0,0.0,0.0,0.0,0.0
Missouri,2006,0.0,0.0,0.0,0.0,0.0,0.0,0.0,0.0,0.0,0.0,0.0,0.0
Missouri,2007,0.0,0.0,0.0,0.0,0.0,0.0,0.0,0.0,0.0,0.0,0.0,0.0
Missouri,2008,0.0,0.0,0.0,0.0,0.0,0.0,0.0,0.0,0.0,0.0,0.0,0.0
Missouri,2009,0.0,0.0,0.0,0.0,0.0,0.0,0.0,0.0,0.0,0.0,0.0,0.0
Missouri,2010,0.0,0.0,0.0,0.0,0.0,0.0,0.0,0.0,0.0,0.0,0.0,0.0
Missouri,2011,0.0,0.0,0.0,0.0,0.0,0.0,0.0,0.0,0.0,0.0,0.0,0.0
Missouri,2012,0.0,0.0,0.0,0.0,0.0,0.0,0.0,0.0,0.0,0.0,0.0,0.0
Missouri,2013,0.0,0.0,0.0,0.0,0.0,0.0,0.0,0.0,0.0,0.0,0.0,0.0
Missouri,2014,0.0,0.0,0.0,0.0,0.0,0.0,0.0,0.0,0.0,0.0,0.0,0.0
Missouri,2015,0.0,0.0,0.0,0.0,0.0,0.0,0.0,0.0,0.0,0.0,0.0,0.0
Missouri,2016,0.0,0.0,0.0,0.0,0.0,0.0,0.0,0.0,0.0,0.0,0.0,0.0
Missouri,2017,0.0,0.0,0.0,0.0,0.0,0.0,0.0,0.0,0.0,0.0,0.0,0.0
Missouri,2018,0.0,0.0,0.0,0.0,0.0,0.0,0.0,0.0,0.0,0.0,0.0,0.0
Missouri,2019,0.0,0.0,0.0,0.0,0.0,0.0,0.0,0.0,0.0,0.0,0.0,0.0
Missouri,2020,0.0,0.0,0.0,0.0,0.0,0.0,0.0,0.0,0.0,0.0,0.0,0.0
Missouri,2021,0.0,0.0,0.0,0.0,0.0,0.0,0.0,0.0,0.0,0.0,0.0,0.0
Missouri,2022,0.0,0.0,0.0,0.0,0.0,0.0,0.0,0.0,0.0,0.0,0.0,0.0
Missouri,2023,0.0,0.0,0.0,0.0,0.0,0.0,0.0,0.0,0.0,0.0,0.0,0.0
Missouri,2024,0.0,0.0,0.0,0.0,0.0,0.0,0.0,0.0,0.0,0.0,0.0,0.0
Missouri,2025,0.0,0.0,0.0,0.0,0.0,0.0,0.0,0.0,0.0,0.0,0.0,0.0
Miyagi,1989,0.0,0.0,0.0,0.0,0.0,0.0,0.0,0.0,0.0,0.0,0.0,0.0
Miyagi,1990,0.0,0.0,0.0,0.0,0.0,0.0,0.0,0.0,0.0,0.0,0.0,0.0
Miyagi,1991,0.0,0.0,0.0,0.0,0.0,0.0,0.0,0.0,0.0,0.0,0.0,0.0
Miyagi,1992,0.0,0.0,0.0,0.0,0.0,0.0,0.0,0.0,0.0,0.0,0.0,0.0
Miyagi,1993,0.0,0.0,0.0,0.0,0.0,0.0,0.0,0.0,0.0,0.0,0.0,0.0
Miyagi,1994,0.0,0.0,0.0,0.0,0.0,0.0,0.0,0.0,0.0,0.0,0.0,0.0
Miyagi,1995,0.0,0.0,0.0,0.0,0.0,0.0,0.0,0.0,0.0,0.0,0.0,0.0
Miyagi,1996,0.0,0.0,0.0,0.0,0.0,0.0,0.0,0.0,0.0,0.0,0.0,0.0
Miyagi,1997,0.0,0.0,0.0,0.0,0.0,0.0,0.0,0.0,0.0,0.0,0.0,0.0
Miyagi,1998,0.0,0.0,0.0,0.0,0.0,0.0,0.0,0.0,0.0,0.0,0.0,0.0
Miyagi,1999,0.0,0.0,0.0,0.0,0.0,0.0,0.0,0.0,0.0,0.0,0.0,0.0
Miyagi,2000,0.0,0.0,0.0,0.0,0.0,0.0,0.0,0.0,0.0,0.0,0.0,0.0
Miyagi,2001,0.0,0.0,0.0,0.0,0.0,0.0,0.0,0.0,0.0,0.0,0.0,0.0
Miyagi,2002,0.0,0.0,0.0,0.0,0.0,0.0,0.0,0.0,0.0,0.0,0.0,0.0
Miyagi,2003,0.0,0.0,0.0,0.0,0.0,0.0,0.0,0.0,0.0,0.0,0.0,0.0
Miyagi,2004,0.0,0.0,0.0,0.0,0.0,0.0,0.0,0.0,0.0,0.0,0.0,0.0
Miyagi,2005,0.0,0.0,0.0,0.0,0.0,0.0,0.0,0.0,0.0,0.0,0.0,0.0
Miyagi,2006,0.0,0.0,0.0,0.0,0.0,0.0,0.0,0.0,0.0,0.0,0.0,0.0
Miyagi,2007,0.0,0.0,0.0,0.0,0.0,0.0,0.0,0.0,0.0,0.0,0.0,0.0
Miyagi,2008,0.0,0.0,0.0,0.0,0.0,0.0,0.0,0.0,0.0,0.0,0.0,0.0
Miyagi,2009,0.0,0.0,0.0,0.0,0.0,0.0,0.0,0.0,0.0,0.0,0.0,0.0
Miyagi,2010,0.0,0.0,0.0,0.0,0.0,0.0,0.0,0.0,0.0,0.0,0.0,0.0
Miyagi,2011,0.0,0.0,0.0,0.0,0.0,0.0,0.0,0.0,0.0,0.0,0.0,0.0
Miyagi,2012,0.0,0.0,0.0,0.0,0.0,0.0,0.0,0.0,0.0,0.0,0.0,0.0
Miyagi,2013,0.0,0.0,0.0,0.0,0.0,0.0,0.0,0.0,0.0,0.0,0.0,0.0
Miyagi,2014,0.0,0.0,0.0,0.0,0.0,0.0,0.0,0.0,0.0,0.0,0.0,0.0
Miyagi,2015,0.0,0.0,0.0,0.0,0.0,0.0,0.0,0.0,0.0,0.0,0.0,0.0
Miyagi,2016,0.0,0.0,0.0,0.0,0.0,0.0,0.0,0.0,0.0,0.0,0.0,0.0
Miyagi,2017,0.0,0.0,0.0,0.0,0.0,0.0,0.0,0.0,0.0,0.0,0.0,0.0
Miyagi,2018,0.0,0.0,0.0,0.0,0.0,0.0,0.0,0.0,0.0,0.0,0.0,0.0
Miyagi,2019,0.0,0.0,0.0,0.0,0.0,0.0,0.0,0.0,0.0,0.0,0.0,0.0
Miyagi,2020,0.0,0.0,0.0,0.0,0.0,0.0,0.0,0.0,0.0,0.0,0.0,0.0
Miyagi,2021,0.0,0.0,0.0,0.0,0.0,0.0,0.0,0.0,0.0,0.0,0.0,0.0
Miyagi,2022,0.0,0.0,0.0,0.0,0.0,0.0,0.0,0.0,0.0,0.0,0.0,0.0
Miyagi,2023,0.0,0.0,0.0,0.0,0.0,0.0,0.0,0.0,0.0,0.0,0.0,0.0
Miyagi,2024,0.0,0.0,0.0,0.0,0.0,0.0,0.0,0.0,0.0,0.0,0.0,0.0
Miyagi,2025,0.0,0.0,0.0,0.0,0.0,0.0,0.0,0.0,0.0,0.0,0.0,0.0
Miyazaki,1989,0.0,0.0,0.0,0.0,0.0,0.0,0.0,0.0,0.0,0.0,0.0,0.0
Miyazaki,1990,0.0,0.0,0.0,0.0,0.0,0.0,0.0,0.0,0.0,0.0,0.0,0.0
Miyazaki,1991,0.0,0.0,0.0,0.0,0.0,0.0,0.0,0.0,0.0,0.0,0.0,0.0
Miyazaki,1992,0.0,0.0,0.0,0.0,0.0,0.0,0.0,0.0,0.0,0.0,0.0,0.0
Miyazaki,1993,0.0,0.0,0.0,0.0,0.0,0.0,0.0,0.0,0.0,0.0,0.0,0.0
Miyazaki,1994,0.0,0.0,0.0,0.0,0.0,0.0,0.0,0.0,0.0,0.0,0.0,0.0
Miyazaki,1995,0.0,0.0,0.0,0.0,0.0,0.0,0.0,0.0,0.0,0.0,0.0,0.0
Miyazaki,1996,0.0,0.0,0.0,0.0,0.0,0.0,0.0,0.0,0.0,0.0,0.0,0.0
Miyazaki,1997,0.0,0.0,0.0,0.0,0.0,0.0,0.0,0.0,0.0,0.0,0.0,0.0
Miyazaki,1998,0.0,0.0,0.0,0.0,0.0,0.0,0.0,0.0,0.0,0.0,0.0,0.0
Miyazaki,1999,0.0,0.0,0.0,0.0,0.0,0.0,0.0,0.0,0.0,0.0,0.0,0.0
Miyazaki,2000,0.0,0.0,0.0,0.0,0.0,0.0,0.0,0.0,0.0,0.0,0.0,0.0
Miyazaki,2001,0.0,0.0,0.0,0.0,0.0,0.0,0.0,0.0,0.0,0.0,0.0,0.0
Miyazaki,2002,0.0,0.0,0.0,0.0,0.0,0.0,0.0,0.0,0.0,0.0,0.0,0.0
Miyazaki,2003,0.0,0.0,0.0,0.0,0.0,0.0,0.0,0.0,0.0,0.0,0.0,0.0
Miyazaki,2004,0.0,0.0,0.0,0.0,0.0,0.0,0.0,0.0,0.0,0.0,0.0,0.0
Miyazaki,2005,0.0,0.0,0.0,0.0,0.0,0.0,0.0,0.0,0.0,0.0,0.0,0.0
Miyazaki,2006,0.0,0.0,0.0,0.0,0.0,0.0,0.0,0.0,0.0,0.0,0.0,0.0
Miyazaki,2007,0.0,0.0,0.0,0.0,0.0,0.0,0.0,0.0,0.0,0.0,0.0,0.0
Miyazaki,2008,0.0,0.0,0.0,0.0,0.0,0.0,0.0,0.0,0.0,0.0,0.0,0.0
Miyazaki,2009,0.0,0.0,0.0,0.0,0.0,0.0,0.0,0.0,0.0,0.0,0.0,0.0
Miyazaki,2010,0.0,0.0,0.0,0.0,0.0,0.0,0.0,0.0,0.0,0.0,0.0,0.0
Miyazaki,2011,0.0,0.0,0.0,0.0,0.0,0.0,0.0,0.0,0.0,0.0,0.0,0.0
Miyazaki,2012,0.0,0.0,0.0,0.0,0.0,0.0,0.0,0.0,0.0,0.0,0.0,0.0
Miyazaki,2013,0.0,0.0,0.0,0.0,0.0,0.0,0.0,0.0,0.0,0.0,0.0,0.0
Miyazaki,2014,0.0,0.0,0.0,0.0,0.0,0.0,0.0,0.0,0.0,0.0,0.0,0.0
Miyazaki,2015,0.0,0.0,0.0,0.0,0.0,0.0,0.0,0.0,0.0,0.0,0.0,0.0
Miyazaki,2016,0.0,0.0,0.0,0.0,0.0,0.0,0.0,0.0,0.0,0.0,0.0,0.0
Miyazaki,2017,0.0,0.0,0.0,0.0,0.0,0.0,0.0,0.0,0.0,0.0,0.0,0.0
Miyazaki,2018,0.0,0.0,0.0,0.0,0.0,0.0,0.0,0.0,0.0,0.0,0.0,0.0
Miyazaki,2019,0.0,0.0,0.0,0.0,0.0,0.0,0.0,0.0,0.0,0.0,0.0,0.0
Miyazaki,2020,0.0,0.0,0.0,0.0,0.0,0.0,0.0,0.0,0.0,0.0,0.0,0.0
Miyazaki,2021,0.0,0.0,0.0,0.0,0.0,0.0,0.0,0.0,0.0,0.0,0.0,0.0
Miyazaki,2022,0.0,0.0,0.0,0.0,0.0,0.0,0.0,0.0,0.0,0.0,0.0,0.0
Miyazaki,2023,0.0,0.0,0.0,0.0,0.0,0.0,0.0,0.0,0.0,0.0,0.0,0.0
Miyazaki,2024,0.0,0.0,0.0,0.0,0.0,0.0,0.0,0.0,0.0,0.0,0.0,0.0
Miyazaki,2025,0.0,0.0,0.0,0.0,0.0,0.0,0.0,0.0,0.0,0.0,0.0,0.0
Moldova,1989,0.0,0.0,0.0,0.0,0.0,0.0,NA,NA,NA,NA,NA,NA
Moldova,1990,0.0,0.0,0.0,0.0,0.0,0.0,NA,NA,NA,NA,NA,NA
Moldova,1991,0.0,0.0,0.0,0.0,0.0,0.0,NA,NA,NA,NA,NA,NA
Moldova,1992,0.0,0.0,0.0,0.0,0.0,0.0,NA,NA,NA,NA,NA,NA
Moldova,1993,0.0,0.0,0.0,0.0,0.0,0.0,NA,NA,NA,NA,NA,NA
Moldova,1994,0.0,0.0,0.0,0.0,0.0,0.0,NA,NA,NA,NA,NA,NA
Moldova,1995,0.0,0.0,0.0,0.0,0.0,0.0,NA,NA,NA,NA,NA,NA
Moldova,1996,0.0,0.0,0.0,0.0,0.0,0.0,NA,NA,NA,NA,NA,NA
Moldova,1997,0.0,0.0,0.0,0.0,0.0,0.0,NA,NA,NA,NA,NA,NA
Moldova,1998,0.0,0.0,0.0,0.0,0.0,0.0,NA,NA,NA,NA,NA,NA
Moldova,1999,0.0,0.0,0.0,0.0,0.0,0.0,NA,NA,NA,NA,NA,NA
Moldova,2000,0.0,0.0,0.0,0.0,0.0,0.0,NA,NA,NA,NA,NA,NA
Moldova,2001,0.0,0.0,0.0,0.0,0.0,0.0,NA,NA,NA,NA,NA,NA
Moldova,2002,0.0,0.0,0.0,0.0,0.0,0.0,NA,NA,NA,NA,NA,NA
Moldova,2003,0.0,0.0,0.0,0.0,0.0,0.0,NA,NA,NA,NA,NA,NA
Moldova,2004,0.0,0.0,0.0,0.0,0.0,0.0,NA,NA,NA,NA,NA,NA
Moldova,2005,0.0,0.0,0.0,0.0,0.0,0.0,NA,NA,NA,NA,NA,NA
Moldova,2006,0.0,0.0,0.0,0.0,0.0,0.0,NA,NA,NA,NA,NA,NA
Moldova,2007,0.0,0.0,0.0,0.0,0.0,0.0,NA,NA,NA,NA,NA,NA
Moldova,2008,0.0,0.0,0.0,0.0,0.0,0.0,NA,NA,NA,NA,NA,NA
Moldova,2009,0.0,0.0,0.0,0.0,0.0,0.0,NA,NA,NA,NA,NA,NA
Moldova,2010,0.0,0.0,0.0,0.0,0.0,0.0,NA,NA,NA,NA,NA,NA
Moldova,2011,0.0,0.0,0.0,0.0,0.0,0.0,NA,NA,NA,NA,NA,NA
Moldova,2012,0.0,0.0,0.0,0.0,0.0,0.0,NA,NA,NA,NA,NA,NA
Moldova,2013,0.0,0.0,0.0,0.0,0.0,0.0,NA,NA,NA,NA,NA,NA
Moldova,2014,0.0,0.0,0.0,0.0,0.0,0.0,NA,NA,NA,NA,NA,NA
Moldova,2015,0.0,0.0,0.0,0.0,0.0,0.0,NA,NA,NA,NA,NA,NA
Moldova,2016,0.0,0.0,0.0,0.0,0.0,0.0,NA,NA,NA,NA,NA,NA
Moldova,2017,0.0,0.0,0.0,0.0,0.0,0.0,NA,NA,NA,NA,NA,NA
Moldova,2018,0.0,0.0,0.0,0.0,0.0,0.0,NA,NA,NA,NA,NA,NA
Moldova,2019,0.0,0.0,0.0,0.0,0.0,0.0,NA,NA,NA,NA,NA,NA
Moldova,2020,0.0,0.0,0.0,0.0,0.0,0.0,NA,NA,NA,NA,NA,NA
Moldova,2021,0.0,0.0,0.0,0.0,0.0,0.0,NA,NA,NA,NA,NA,NA
Moldova,2022,0.0,0.0,0.0,0.0,0.0,0.0,NA,NA,NA,NA,NA,NA
Moldova,2023,0.0,0.0,0.0,0.0,0.0,0.0,NA,NA,NA,NA,NA,NA
Moldova,2024,0.0,0.0,0.0,0.0,0.0,0.0,NA,NA,NA,NA,NA,NA
Moldova,2025,0.0,0.0,0.0,0.0,0.0,0.0,NA,NA,NA,NA,NA,NA
Monaco,1989,0.0,0.0,0.0,0.0,0.0,0.0,NA,NA,NA,NA,NA,NA
Monaco,1990,0.0,0.0,0.0,0.0,0.0,0.0,NA,NA,NA,NA,NA,NA
Monaco,1991,0.0,0.0,0.0,0.0,0.0,0.0,NA,NA,NA,NA,NA,NA
Monaco,1992,0.0,0.0,0.0,0.0,0.0,0.0,NA,NA,NA,NA,NA,NA
Monaco,1993,0.0,0.0,0.0,0.0,0.0,0.0,NA,NA,NA,NA,NA,NA
Monaco,1994,0.0,0.0,0.0,0.0,0.0,0.0,NA,NA,NA,NA,NA,NA
Monaco,1995,0.0,0.0,0.0,0.0,0.0,0.0,NA,NA,NA,NA,NA,NA
Monaco,1996,0.0,0.0,0.0,0.0,0.0,0.0,NA,NA,NA,NA,NA,NA
Monaco,1997,0.0,0.0,0.0,0.0,0.0,0.0,NA,NA,NA,NA,NA,NA
Monaco,1998,0.0,0.0,0.0,0.0,0.0,0.0,NA,NA,NA,NA,NA,NA
Monaco,1999,0.0,0.0,0.0,0.0,0.0,0.0,NA,NA,NA,NA,NA,NA
Monaco,2000,0.0,0.0,0.0,0.0,0.0,0.0,NA,NA,NA,NA,NA,NA
Monaco,2001,0.0,0.0,0.0,0.0,0.0,0.0,NA,NA,NA,NA,NA,NA
Monaco,2002,0.0,0.0,0.0,0.0,0.0,0.0,NA,NA,NA,NA,NA,NA
Monaco,2003,0.0,0.0,0.0,0.0,0.0,0.0,NA,NA,NA,NA,NA,NA
Monaco,2004,0.0,0.0,0.0,0.0,0.0,0.0,NA,NA,NA,NA,NA,NA
Monaco,2005,0.0,0.0,0.0,0.0,0.0,0.0,NA,NA,NA,NA,NA,NA
Monaco,2006,0.0,0.0,0.0,0.0,0.0,0.0,NA,NA,NA,NA,NA,NA
Monaco,2007,0.0,0.0,0.0,0.0,0.0,0.0,NA,NA,NA,NA,NA,NA
Monaco,2008,0.0,0.0,0.0,0.0,0.0,0.0,NA,NA,NA,NA,NA,NA
Monaco,2009,0.0,0.0,0.0,0.0,0.0,0.0,NA,NA,NA,NA,NA,NA
Monaco,2010,0.0,0.0,0.0,0.0,0.0,0.0,NA,NA,NA,NA,NA,NA
Monaco,2011,0.0,0.0,0.0,0.0,0.0,0.0,NA,NA,NA,NA,NA,NA
Monaco,2012,0.0,0.0,0.0,0.0,0.0,0.0,NA,NA,NA,NA,NA,NA
Monaco,2013,0.0,0.0,0.0,0.0,0.0,0.0,NA,NA,NA,NA,NA,NA
Monaco,2014,0.0,0.0,0.0,0.0,0.0,0.0,NA,NA,NA,NA,NA,NA
Monaco,2015,0.0,0.0,0.0,0.0,0.0,0.0,NA,NA,NA,NA,NA,NA
Monaco,2016,0.0,0.0,0.0,0.0,0.0,0.0,NA,NA,NA,NA,NA,NA
Monaco,2017,0.0,0.0,0.0,0.0,0.0,0.0,NA,NA,NA,NA,NA,NA
Monaco,2018,0.0,0.0,0.0,0.0,0.0,0.0,NA,NA,NA,NA,NA,NA
Monaco,2019,0.0,0.0,0.0,0.0,0.0,0.0,NA,NA,NA,NA,NA,NA
Monaco,2020,0.0,0.0,0.0,0.0,0.0,0.0,NA,NA,NA,NA,NA,NA
Monaco,2021,0.0,0.0,0.0,0.0,0.0,0.0,NA,NA,NA,NA,NA,NA
Monaco,2022,0.0,0.0,0.0,0.0,0.0,0.0,NA,NA,NA,NA,NA,NA
Monaco,2023,0.0,0.0,0.0,0.0,0.0,0.0,NA,NA,NA,NA,NA,NA
Monaco,2024,0.0,0.0,0.0,0.0,0.0,0.0,NA,NA,NA,NA,NA,NA
Monaco,2025,0.0,0.0,0.0,0.0,0.0,0.0,NA,NA,NA,NA,NA,NA
Mongolia,1989,0.0,0.0,0.0,0.0,0.0,0.0,NA,NA,NA,NA,NA,NA
Mongolia,1990,0.0,0.0,0.0,0.0,0.0,0.0,NA,NA,NA,NA,NA,NA
Mongolia,1991,0.0,0.0,0.0,0.0,0.0,0.0,NA,NA,NA,NA,NA,NA
Mongolia,1992,0.0,0.0,0.0,0.0,0.0,0.0,NA,NA,NA,NA,NA,NA
Mongolia,1993,0.0,0.0,0.0,0.0,0.0,0.0,NA,NA,NA,NA,NA,NA
Mongolia,1994,0.0,0.0,0.0,0.0,0.0,0.0,NA,NA,NA,NA,NA,NA
Mongolia,1995,0.0,0.0,0.0,0.0,0.0,0.0,NA,NA,NA,NA,NA,NA
Mongolia,1996,0.0,0.0,0.0,0.0,0.0,0.0,NA,NA,NA,NA,NA,NA
Mongolia,1997,0.0,0.0,0.0,0.0,0.0,0.0,NA,NA,NA,NA,NA,NA
Mongolia,1998,0.0,0.0,0.0,0.0,0.0,0.0,NA,NA,NA,NA,NA,NA
Mongolia,1999,0.0,0.0,0.0,0.0,0.0,0.0,NA,NA,NA,NA,NA,NA
Mongolia,2000,0.0,0.0,0.0,0.0,0.0,0.0,NA,NA,NA,NA,NA,NA
Mongolia,2001,0.0,0.0,0.0,0.0,0.0,0.0,NA,NA,NA,NA,NA,NA
Mongolia,2002,0.0,0.0,0.0,0.0,0.0,0.0,NA,NA,NA,NA,NA,NA
Mongolia,2003,0.0,0.0,0.0,0.0,0.0,0.0,NA,NA,NA,NA,NA,NA
Mongolia,2004,0.0,0.0,0.0,0.0,0.0,0.0,NA,NA,NA,NA,NA,NA
Mongolia,2005,0.0,0.0,0.0,0.0,0.0,0.0,NA,NA,NA,NA,NA,NA
Mongolia,2006,0.0,0.0,0.0,0.0,0.0,0.0,NA,NA,NA,NA,NA,NA
Mongolia,2007,0.0,0.0,0.0,0.0,0.0,0.0,NA,NA,NA,NA,NA,NA
Mongolia,2008,0.0,0.0,0.0,0.0,0.0,0.0,NA,NA,NA,NA,NA,NA
Mongolia,2009,0.0,0.0,0.0,0.0,0.0,0.0,NA,NA,NA,NA,NA,NA
Mongolia,2010,0.0,0.0,0.0,0.0,0.0,0.0,NA,NA,NA,NA,NA,NA
Mongolia,2011,0.0,0.0,0.0,0.0,0.0,0.0,NA,NA,NA,NA,NA,NA
Mongolia,2012,0.0,0.0,0.0,0.0,0.0,0.0,NA,NA,NA,NA,NA,NA
Mongolia,2013,0.0,0.0,0.0,0.0,0.0,0.0,NA,NA,NA,NA,NA,NA
Mongolia,2014,0.0,0.0,0.0,0.0,0.0,0.0,NA,NA,NA,NA,NA,NA
Mongolia,2015,0.0,0.0,0.0,0.0,0.0,0.0,NA,NA,NA,NA,NA,NA
Mongolia,2016,0.0,0.0,0.0,0.0,0.0,0.0,NA,NA,NA,NA,NA,NA
Mongolia,2017,0.0,0.0,0.0,0.0,0.0,0.0,NA,NA,NA,NA,NA,NA
Mongolia,2018,0.0,0.0,0.0,0.0,0.0,0.0,NA,NA,NA,NA,NA,NA
Mongolia,2019,0.0,0.0,0.0,0.0,0.0,0.0,NA,NA,NA,NA,NA,NA
Mongolia,2020,0.0,0.0,0.0,0.0,0.0,0.0,NA,NA,NA,NA,NA,NA
Mongolia,2021,0.0,0.0,0.0,0.0,0.0,0.0,NA,NA,NA,NA,NA,NA
Mongolia,2022,0.0,0.0,0.0,0.0,0.0,0.0,NA,NA,NA,NA,NA,NA
Mongolia,2023,0.0,0.0,0.0,0.0,0.0,0.0,NA,NA,NA,NA,NA,NA
Mongolia,2024,0.0,0.0,0.0,0.0,0.0,0.0,NA,NA,NA,NA,NA,NA
Mongolia,2025,0.0,0.0,0.0,0.0,0.0,0.0,NA,NA,NA,NA,NA,NA
Montana,1989,0.0,0.0,0.0,0.0,0.0,0.0,0.0,0.0,0.0,0.0,0.0,0.0
Montana,1990,0.0,0.0,0.0,0.0,0.0,0.0,0.0,0.0,0.0,0.0,0.0,0.0
Montana,1991,0.0,0.0,0.0,0.0,0.0,0.0,0.0,0.0,0.0,0.0,0.0,0.0
Montana,1992,0.0,0.0,0.0,0.0,0.0,0.0,0.0,0.0,0.0,0.0,0.0,0.0
Montana,1993,0.0,0.0,0.0,0.0,0.0,0.0,0.0,0.0,0.0,0.0,0.0,0.0
Montana,1994,0.0,0.0,0.0,0.0,0.0,0.0,0.0,0.0,0.0,0.0,0.0,0.0
Montana,1995,0.0,0.0,0.0,0.0,0.0,0.0,0.0,0.0,0.0,0.0,0.0,0.0
Montana,1996,0.0,0.0,0.0,0.0,0.0,0.0,0.0,0.0,0.0,0.0,0.0,0.0
Montana,1997,0.0,0.0,0.0,0.0,0.0,0.0,0.0,0.0,0.0,0.0,0.0,0.0
Montana,1998,0.0,0.0,0.0,0.0,0.0,0.0,0.0,0.0,0.0,0.0,0.0,0.0
Montana,1999,0.0,0.0,0.0,0.0,0.0,0.0,0.0,0.0,0.0,0.0,0.0,0.0
Montana,2000,0.0,0.0,0.0,0.0,0.0,0.0,0.0,0.0,0.0,0.0,0.0,0.0
Montana,2001,0.0,0.0,0.0,0.0,0.0,0.0,0.0,0.0,0.0,0.0,0.0,0.0
Montana,2002,0.0,0.0,0.0,0.0,0.0,0.0,0.0,0.0,0.0,0.0,0.0,0.0
Montana,2003,0.0,0.0,0.0,0.0,0.0,0.0,0.0,0.0,0.0,0.0,0.0,0.0
Montana,2004,0.0,0.0,0.0,0.0,0.0,0.0,0.0,0.0,0.0,0.0,0.0,0.0
Montana,2005,0.0,0.0,0.0,0.0,0.0,0.0,0.0,0.0,0.0,0.0,0.0,0.0
Montana,2006,0.0,0.0,0.0,0.0,0.0,0.0,0.0,0.0,0.0,0.0,0.0,0.0
Montana,2007,0.0,0.0,0.0,0.0,0.0,0.0,0.0,0.0,0.0,0.0,0.0,0.0
Montana,2008,0.0,0.0,0.0,0.0,0.0,0.0,0.0,0.0,0.0,0.0,0.0,0.0
Montana,2009,0.0,0.0,0.0,0.0,0.0,0.0,0.0,0.0,0.0,0.0,0.0,0.0
Montana,2010,0.0,0.0,0.0,0.0,0.0,0.0,0.0,0.0,0.0,0.0,0.0,0.0
Montana,2011,0.0,0.0,0.0,0.0,0.0,0.0,0.0,0.0,0.0,0.0,0.0,0.0
Montana,2012,0.0,0.0,0.0,0.0,0.0,0.0,0.0,0.0,0.0,0.0,0.0,0.0
Montana,2013,0.0,0.0,0.0,0.0,0.0,0.0,0.0,0.0,0.0,0.0,0.0,0.0
Montana,2014,0.0,0.0,0.0,0.0,0.0,0.0,0.0,0.0,0.0,0.0,0.0,0.0
Montana,2015,0.0,0.0,0.0,0.0,0.0,0.0,0.0,0.0,0.0,0.0,0.0,0.0
Montana,2016,0.0,0.0,0.0,0.0,0.0,0.0,0.0,0.0,0.0,0.0,0.0,0.0
Montana,2017,0.0,0.0,0.0,0.0,0.0,0.0,0.0,0.0,0.0,0.0,0.0,0.0
Montana,2018,0.0,0.0,0.0,0.0,0.0,0.0,0.0,0.0,0.0,0.0,0.0,0.0
Montana,2019,0.0,0.0,0.0,0.0,0.0,0.0,0.0,0.0,0.0,0.0,0.0,0.0
Montana,2020,0.0,0.0,0.0,0.0,0.0,0.0,0.0,0.0,0.0,0.0,0.0,0.0
Montana,2021,0.0,0.0,0.0,0.0,0.0,0.0,0.0,0.0,0.0,0.0,0.0,0.0
Montana,2022,0.0,0.0,0.0,0.0,0.0,0.0,0.0,0.0,0.0,0.0,0.0,0.0
Montana,2023,0.0,0.0,0.0,0.0,0.0,0.0,0.0,0.0,0.0,0.0,0.0,0.0
Montana,2024,0.0,0.0,0.0,0.0,0.0,0.0,0.0,0.0,0.0,0.0,0.0,0.0
Montana,2025,0.0,0.0,0.0,0.0,0.0,0.0,0.0,0.0,0.0,0.0,0.0,0.0
Montenegro,1989,0.0,0.0,0.0,0.0,0.0,0.0,NA,NA,NA,NA,NA,NA
Montenegro,1990,0.0,0.0,0.0,0.0,0.0,0.0,NA,NA,NA,NA,NA,NA
Montenegro,1991,0.0,0.0,0.0,0.0,0.0,0.0,NA,NA,NA,NA,NA,NA
Montenegro,1992,0.0,0.0,0.0,0.0,0.0,0.0,NA,NA,NA,NA,NA,NA
Montenegro,1993,0.0,0.0,0.0,0.0,0.0,0.0,NA,NA,NA,NA,NA,NA
Montenegro,1994,0.0,0.0,0.0,0.0,0.0,0.0,NA,NA,NA,NA,NA,NA
Montenegro,1995,0.0,0.0,0.0,0.0,0.0,0.0,NA,NA,NA,NA,NA,NA
Montenegro,1996,0.0,0.0,0.0,0.0,0.0,0.0,NA,NA,NA,NA,NA,NA
Montenegro,1997,0.0,0.0,0.0,0.0,0.0,0.0,NA,NA,NA,NA,NA,NA
Montenegro,1998,0.0,0.0,0.0,0.0,0.0,0.0,NA,NA,NA,NA,NA,NA
Montenegro,1999,0.0,0.0,0.0,0.0,0.0,0.0,NA,NA,NA,NA,NA,NA
Montenegro,2000,0.0,0.0,0.0,0.0,0.0,0.0,NA,NA,NA,NA,NA,NA
Montenegro,2001,0.0,0.0,0.0,0.0,0.0,0.0,NA,NA,NA,NA,NA,NA
Montenegro,2002,0.0,0.0,0.0,0.0,0.0,0.0,NA,NA,NA,NA,NA,NA
Montenegro,2003,0.0,0.0,0.0,0.0,0.0,0.0,NA,NA,NA,NA,NA,NA
Montenegro,2004,0.0,0.0,0.0,0.0,0.0,0.0,NA,NA,NA,NA,NA,NA
Montenegro,2005,0.0,0.0,0.0,0.0,0.0,0.0,NA,NA,NA,NA,NA,NA
Montenegro,2006,0.0,0.0,0.0,0.0,0.0,0.0,NA,NA,NA,NA,NA,NA
Montenegro,2007,0.0,0.0,0.0,0.0,0.0,0.0,NA,NA,NA,NA,NA,NA
Montenegro,2008,0.0,0.0,0.0,0.0,0.0,0.0,NA,NA,NA,NA,NA,NA
Montenegro,2009,0.0,0.0,0.0,0.0,0.0,0.0,NA,NA,NA,NA,NA,NA
Montenegro,2010,0.0,0.0,0.0,0.0,0.0,0.0,NA,NA,NA,NA,NA,NA
Montenegro,2011,0.0,0.0,0.0,0.0,0.0,0.0,NA,NA,NA,NA,NA,NA
Montenegro,2012,0.0,0.0,0.0,0.0,0.0,0.0,NA,NA,NA,NA,NA,NA
Montenegro,2013,0.0,0.0,0.0,0.0,0.0,0.0,NA,NA,NA,NA,NA,NA
Montenegro,2014,0.0,0.0,0.0,0.0,0.0,0.0,NA,NA,NA,NA,NA,NA
Montenegro,2015,0.0,0.0,0.0,0.0,0.0,0.0,NA,NA,NA,NA,NA,NA
Montenegro,2016,0.0,0.0,0.0,0.0,0.0,0.0,NA,NA,NA,NA,NA,NA
Montenegro,2017,0.0,0.0,0.0,0.0,0.0,0.0,NA,NA,NA,NA,NA,NA
Montenegro,2018,0.0,0.0,0.0,0.0,0.0,0.0,NA,NA,NA,NA,NA,NA
Montenegro,2019,0.0,0.0,0.0,0.0,0.0,0.0,NA,NA,NA,NA,NA,NA
Montenegro,2020,0.0,0.0,0.0,0.0,0.0,0.0,NA,NA,NA,NA,NA,NA
Montenegro,2021,0.0,0.0,0.0,0.0,0.0,0.0,NA,NA,NA,NA,NA,NA
Montenegro,2022,0.0,0.0,0.0,0.0,0.0,0.0,NA,NA,NA,NA,NA,NA
Montenegro,2023,0.0,0.0,0.0,0.0,0.0,0.0,NA,NA,NA,NA,NA,NA
Montenegro,2024,0.0,0.0,0.0,0.0,0.0,0.0,NA,NA,NA,NA,NA,NA
Montenegro,2025,0.0,0.0,0.0,0.0,0.0,0.0,NA,NA,NA,NA,NA,NA
Morelos,1989,0.0,0.0,0.0,0.0,0.0,0.0,0.0,0.0,0.0,0.0,0.0,0.0
Morelos,1990,0.0,0.0,0.0,0.0,0.0,0.0,0.0,0.0,0.0,0.0,0.0,0.0
Morelos,1991,0.0,0.0,0.0,0.0,0.0,0.0,0.0,0.0,0.0,0.0,0.0,0.0
Morelos,1992,0.0,0.0,0.0,0.0,0.0,0.0,0.0,0.0,0.0,0.0,0.0,0.0
Morelos,1993,0.0,0.0,0.0,0.0,0.0,0.0,0.0,0.0,0.0,0.0,0.0,0.0
Morelos,1994,0.0,0.0,0.0,0.0,0.0,0.0,0.0,0.0,0.0,0.0,0.0,0.0
Morelos,1995,0.0,0.0,0.0,0.0,0.0,0.0,0.0,0.0,0.0,0.0,0.0,0.0
Morelos,1996,0.0,0.0,0.0,0.0,0.0,0.0,0.0,0.0,0.0,0.0,0.0,0.0
Morelos,1997,0.0,0.0,0.0,0.0,0.0,0.0,0.0,0.0,0.0,0.0,0.0,0.0
Morelos,1998,0.0,0.0,0.0,0.0,0.0,0.0,0.0,0.0,0.0,0.0,0.0,0.0
Morelos,1999,0.0,0.0,0.0,0.0,0.0,0.0,0.0,0.0,0.0,0.0,0.0,0.0
Morelos,2000,0.0,0.0,0.0,0.0,0.0,0.0,0.0,0.0,0.0,0.0,0.0,0.0
Morelos,2001,0.0,0.0,0.0,0.0,0.0,0.0,0.0,0.0,0.0,0.0,0.0,0.0
Morelos,2002,0.0,0.0,0.0,0.0,0.0,0.0,0.0,0.0,0.0,0.0,0.0,0.0
Morelos,2003,0.0,0.0,0.0,0.0,0.0,0.0,0.0,0.0,0.0,0.0,0.0,0.0
Morelos,2004,0.0,0.0,0.0,0.0,0.0,0.0,0.0,0.0,0.0,0.0,0.0,0.0
Morelos,2005,0.0,0.0,0.0,0.0,0.0,0.0,0.0,0.0,0.0,0.0,0.0,0.0
Morelos,2006,0.0,0.0,0.0,0.0,0.0,0.0,0.0,0.0,0.0,0.0,0.0,0.0
Morelos,2007,0.0,0.0,0.0,0.0,0.0,0.0,0.0,0.0,0.0,0.0,0.0,0.0
Morelos,2008,0.0,0.0,0.0,0.0,0.0,0.0,0.0,0.0,0.0,0.0,0.0,0.0
Morelos,2009,0.0,0.0,0.0,0.0,0.0,0.0,0.0,0.0,0.0,0.0,0.0,0.0
Morelos,2010,0.0,0.0,0.0,0.0,0.0,0.0,0.0,0.0,0.0,0.0,0.0,0.0
Morelos,2011,0.0,0.0,0.0,0.0,0.0,0.0,0.0,0.0,0.0,0.0,0.0,0.0
Morelos,2012,0.0,0.0,0.0,0.0,0.0,0.0,0.0,0.0,0.0,0.0,0.0,0.0
Morelos,2013,0.0,0.0,0.0,0.0,0.0,0.0,0.0,0.0,0.0,0.0,0.0,0.0
Morelos,2014,0.0,0.0,0.0,0.0,0.0,0.0,0.0,0.0,0.0,0.0,0.0,0.0
Morelos,2015,0.0,0.0,0.0,0.0,0.0,0.0,0.0,0.0,0.0,0.0,0.0,0.0
Morelos,2016,0.0,0.0,0.0,0.0,0.0,0.0,0.0,0.0,0.0,0.0,0.0,0.0
Morelos,2017,0.0,0.0,0.0,0.0,0.0,0.0,0.0,0.0,0.0,0.0,0.0,0.0
Morelos,2018,0.0,0.0,0.0,0.0,0.0,0.0,0.0,0.0,0.0,0.0,0.0,0.0
Morelos,2019,0.0,0.0,0.0,0.0,0.0,0.0,0.0,0.0,0.0,0.0,0.0,0.0
Morelos,2020,0.0,0.0,0.0,0.0,0.0,0.0,0.0,0.0,0.0,0.0,0.0,0.0
Morelos,2021,0.0,0.0,0.0,0.0,0.0,0.0,0.0,0.0,0.0,0.0,0.0,0.0
Morelos,2022,0.0,0.0,0.0,0.0,0.0,0.0,0.0,0.0,0.0,0.0,0.0,0.0
Morelos,2023,0.0,0.0,0.0,0.0,0.0,0.0,0.0,0.0,0.0,0.0,0.0,0.0
Morelos,2024,0.0,0.0,0.0,0.0,0.0,0.0,0.0,0.0,0.0,0.0,0.0,0.0
Morelos,2025,0.0,0.0,0.0,0.0,0.0,0.0,0.0,0.0,0.0,0.0,0.0,0.0
Morocco,1989,0.0,0.0,0.0,0.0,0.0,0.0,NA,NA,NA,NA,NA,NA
Morocco,1990,0.0,0.0,0.0,0.0,0.0,0.0,NA,NA,NA,NA,NA,NA
Morocco,1991,0.0,0.0,0.0,0.0,0.0,0.0,NA,NA,NA,NA,NA,NA
Morocco,1992,0.0,0.0,0.0,0.0,0.0,0.0,NA,NA,NA,NA,NA,NA
Morocco,1993,0.0,0.0,0.0,0.0,0.0,0.0,NA,NA,NA,NA,NA,NA
Morocco,1994,0.0,0.0,0.0,0.0,0.0,0.0,NA,NA,NA,NA,NA,NA
Morocco,1995,0.0,0.0,0.0,0.0,0.0,0.0,NA,NA,NA,NA,NA,NA
Morocco,1996,0.0,0.0,0.0,0.0,0.0,0.0,NA,NA,NA,NA,NA,NA
Morocco,1997,0.0,0.0,0.0,0.0,0.0,0.0,NA,NA,NA,NA,NA,NA
Morocco,1998,0.0,0.0,0.0,0.0,0.0,0.0,NA,NA,NA,NA,NA,NA
Morocco,1999,0.0,0.0,0.0,0.0,0.0,0.0,NA,NA,NA,NA,NA,NA
Morocco,2000,0.0,0.0,0.0,0.0,0.0,0.0,NA,NA,NA,NA,NA,NA
Morocco,2001,0.0,0.0,0.0,0.0,0.0,0.0,NA,NA,NA,NA,NA,NA
Morocco,2002,0.0,0.0,0.0,0.0,0.0,0.0,NA,NA,NA,NA,NA,NA
Morocco,2003,0.0,0.0,0.0,0.0,0.0,0.0,NA,NA,NA,NA,NA,NA
Morocco,2004,0.0,0.0,0.0,0.0,0.0,0.0,NA,NA,NA,NA,NA,NA
Morocco,2005,0.0,0.0,0.0,0.0,0.0,0.0,NA,NA,NA,NA,NA,NA
Morocco,2006,0.0,0.0,0.0,0.0,0.0,0.0,NA,NA,NA,NA,NA,NA
Morocco,2007,0.0,0.0,0.0,0.0,0.0,0.0,NA,NA,NA,NA,NA,NA
Morocco,2008,0.0,0.0,0.0,0.0,0.0,0.0,NA,NA,NA,NA,NA,NA
Morocco,2009,0.0,0.0,0.0,0.0,0.0,0.0,NA,NA,NA,NA,NA,NA
Morocco,2010,0.0,0.0,0.0,0.0,0.0,0.0,NA,NA,NA,NA,NA,NA
Morocco,2011,0.0,0.0,0.0,0.0,0.0,0.0,NA,NA,NA,NA,NA,NA
Morocco,2012,0.0,0.0,0.0,0.0,0.0,0.0,NA,NA,NA,NA,NA,NA
Morocco,2013,0.0,0.0,0.0,0.0,0.0,0.0,NA,NA,NA,NA,NA,NA
Morocco,2014,0.0,0.0,0.0,0.0,0.0,0.0,NA,NA,NA,NA,NA,NA
Morocco,2015,0.0,0.0,0.0,0.0,0.0,0.0,NA,NA,NA,NA,NA,NA
Morocco,2016,0.0,0.0,0.0,0.0,0.0,0.0,NA,NA,NA,NA,NA,NA
Morocco,2017,0.0,0.0,0.0,0.0,0.0,0.0,NA,NA,NA,NA,NA,NA
Morocco,2018,0.0,0.0,0.0,0.0,0.0,0.0,NA,NA,NA,NA,NA,NA
Morocco,2019,0.0,0.0,0.0,0.0,0.0,0.0,NA,NA,NA,NA,NA,NA
Morocco,2020,0.0,0.0,0.0,0.0,0.0,0.0,NA,NA,NA,NA,NA,NA
Morocco,2021,0.0,0.0,0.0,0.0,0.0,0.0,NA,NA,NA,NA,NA,NA
Morocco,2022,0.0,0.0,0.0,0.0,0.0,0.0,NA,NA,NA,NA,NA,NA
Morocco,2023,0.0,0.0,0.0,0.0,0.0,0.0,NA,NA,NA,NA,NA,NA
Morocco,2024,0.0,0.0,0.0,0.0,0.0,0.0,NA,NA,NA,NA,NA,NA
Morocco,2025,0.0,0.0,0.0,0.0,0.0,0.0,NA,NA,NA,NA,NA,NA
Mozambique,1989,0.0,0.0,0.0,0.0,0.0,0.0,NA,NA,NA,NA,NA,NA
Mozambique,1990,0.0,0.0,0.0,0.0,0.0,0.0,NA,NA,NA,NA,NA,NA
Mozambique,1991,0.0,0.0,0.0,0.0,0.0,0.0,NA,NA,NA,NA,NA,NA
Mozambique,1992,0.0,0.0,0.0,0.0,0.0,0.0,NA,NA,NA,NA,NA,NA
Mozambique,1993,0.0,0.0,0.0,0.0,0.0,0.0,NA,NA,NA,NA,NA,NA
Mozambique,1994,0.0,0.0,0.0,0.0,0.0,0.0,NA,NA,NA,NA,NA,NA
Mozambique,1995,0.0,0.0,0.0,0.0,0.0,0.0,NA,NA,NA,NA,NA,NA
Mozambique,1996,0.0,0.0,0.0,0.0,0.0,0.0,NA,NA,NA,NA,NA,NA
Mozambique,1997,0.0,0.0,0.0,0.0,0.0,0.0,NA,NA,NA,NA,NA,NA
Mozambique,1998,0.0,0.0,0.0,0.0,0.0,0.0,NA,NA,NA,NA,NA,NA
Mozambique,1999,0.0,0.0,0.0,0.0,0.0,0.0,NA,NA,NA,NA,NA,NA
Mozambique,2000,0.0,0.0,0.0,0.0,0.0,0.0,NA,NA,NA,NA,NA,NA
Mozambique,2001,0.0,0.0,0.0,0.0,0.0,0.0,NA,NA,NA,NA,NA,NA
Mozambique,2002,0.0,0.0,0.0,0.0,0.0,0.0,NA,NA,NA,NA,NA,NA
Mozambique,2003,0.0,0.0,0.0,0.0,0.0,0.0,NA,NA,NA,NA,NA,NA
Mozambique,2004,0.0,0.0,0.0,0.0,0.0,0.0,NA,NA,NA,NA,NA,NA
Mozambique,2005,0.0,0.0,0.0,0.0,0.0,0.0,NA,NA,NA,NA,NA,NA
Mozambique,2006,0.0,0.0,0.0,0.0,0.0,0.0,NA,NA,NA,NA,NA,NA
Mozambique,2007,0.0,0.0,0.0,0.0,0.0,0.0,NA,NA,NA,NA,NA,NA
Mozambique,2008,0.0,0.0,0.0,0.0,0.0,0.0,NA,NA,NA,NA,NA,NA
Mozambique,2009,0.0,0.0,0.0,0.0,0.0,0.0,NA,NA,NA,NA,NA,NA
Mozambique,2010,0.0,0.0,0.0,0.0,0.0,0.0,NA,NA,NA,NA,NA,NA
Mozambique,2011,0.0,0.0,0.0,0.0,0.0,0.0,NA,NA,NA,NA,NA,NA
Mozambique,2012,0.0,0.0,0.0,0.0,0.0,0.0,NA,NA,NA,NA,NA,NA
Mozambique,2013,0.0,0.0,0.0,0.0,0.0,0.0,NA,NA,NA,NA,NA,NA
Mozambique,2014,0.0,0.0,0.0,0.0,0.0,0.0,NA,NA,NA,NA,NA,NA
Mozambique,2015,0.0,0.0,0.0,0.0,0.0,0.0,NA,NA,NA,NA,NA,NA
Mozambique,2016,0.0,0.0,0.0,0.0,0.0,0.0,NA,NA,NA,NA,NA,NA
Mozambique,2017,0.0,0.0,0.0,0.0,0.0,0.0,NA,NA,NA,NA,NA,NA
Mozambique,2018,0.0,0.0,0.0,0.0,0.0,0.0,NA,NA,NA,NA,NA,NA
Mozambique,2019,0.0,0.0,0.0,0.0,0.0,0.0,NA,NA,NA,NA,NA,NA
Mozambique,2020,0.0,0.0,0.0,0.0,0.0,0.0,NA,NA,NA,NA,NA,NA
Mozambique,2021,0.0,0.0,0.0,0.0,0.0,0.0,NA,NA,NA,NA,NA,NA
Mozambique,2022,0.0,0.0,0.0,0.0,0.0,0.0,NA,NA,NA,NA,NA,NA
Mozambique,2023,0.0,0.0,0.0,0.0,0.0,0.0,NA,NA,NA,NA,NA,NA
Mozambique,2024,0.0,0.0,0.0,0.0,0.0,0.0,NA,NA,NA,NA,NA,NA
Mozambique,2025,0.0,0.0,0.0,0.0,0.0,0.0,NA,NA,NA,NA,NA,NA
Myanmar,1989,0.0,0.0,0.0,0.0,0.0,0.0,NA,NA,NA,NA,NA,NA
Myanmar,1990,0.0,0.0,0.0,0.0,0.0,0.0,NA,NA,NA,NA,NA,NA
Myanmar,1991,0.0,0.0,0.0,0.0,0.0,0.0,NA,NA,NA,NA,NA,NA
Myanmar,1992,0.0,0.0,0.0,0.0,0.0,0.0,NA,NA,NA,NA,NA,NA
Myanmar,1993,0.0,0.0,0.0,0.0,0.0,0.0,NA,NA,NA,NA,NA,NA
Myanmar,1994,0.0,0.0,0.0,0.0,0.0,0.0,NA,NA,NA,NA,NA,NA
Myanmar,1995,0.0,0.0,0.0,0.0,0.0,0.0,NA,NA,NA,NA,NA,NA
Myanmar,1996,0.0,0.0,0.0,0.0,0.0,0.0,NA,NA,NA,NA,NA,NA
Myanmar,1997,0.0,0.0,0.0,0.0,0.0,0.0,NA,NA,NA,NA,NA,NA
Myanmar,1998,0.0,0.0,0.0,0.0,0.0,0.0,NA,NA,NA,NA,NA,NA
Myanmar,1999,0.0,0.0,0.0,0.0,0.0,0.0,NA,NA,NA,NA,NA,NA
Myanmar,2000,0.0,0.0,0.0,0.0,0.0,0.0,NA,NA,NA,NA,NA,NA
Myanmar,2001,0.0,0.0,0.0,0.0,0.0,0.0,NA,NA,NA,NA,NA,NA
Myanmar,2002,0.0,0.0,0.0,0.0,0.0,0.0,NA,NA,NA,NA,NA,NA
Myanmar,2003,0.0,0.0,0.0,0.0,0.0,0.0,NA,NA,NA,NA,NA,NA
Myanmar,2004,0.0,0.0,0.0,0.0,0.0,0.0,NA,NA,NA,NA,NA,NA
Myanmar,2005,0.0,0.0,0.0,0.0,0.0,0.0,NA,NA,NA,NA,NA,NA
Myanmar,2006,0.0,0.0,0.0,0.0,0.0,0.0,NA,NA,NA,NA,NA,NA
Myanmar,2007,0.0,0.0,0.0,0.0,0.0,0.0,NA,NA,NA,NA,NA,NA
Myanmar,2008,0.0,0.0,0.0,0.0,0.0,0.0,NA,NA,NA,NA,NA,NA
Myanmar,2009,0.0,0.0,0.0,0.0,0.0,0.0,NA,NA,NA,NA,NA,NA
Myanmar,2010,0.0,0.0,0.0,0.0,0.0,0.0,NA,NA,NA,NA,NA,NA
Myanmar,2011,0.0,0.0,0.0,0.0,0.0,0.0,NA,NA,NA,NA,NA,NA
Myanmar,2012,0.0,0.0,0.0,0.0,0.0,0.0,NA,NA,NA,NA,NA,NA
Myanmar,2013,0.0,0.0,0.0,0.0,0.0,0.0,NA,NA,NA,NA,NA,NA
Myanmar,2014,0.0,0.0,0.0,0.0,0.0,0.0,NA,NA,NA,NA,NA,NA
Myanmar,2015,0.0,0.0,0.0,0.0,0.0,0.0,NA,NA,NA,NA,NA,NA
Myanmar,2016,0.0,0.0,0.0,0.0,0.0,0.0,NA,NA,NA,NA,NA,NA
Myanmar,2017,0.0,0.0,0.0,0.0,0.0,0.0,NA,NA,NA,NA,NA,NA
Myanmar,2018,0.0,0.0,0.0,0.0,0.0,0.0,NA,NA,NA,NA,NA,NA
Myanmar,2019,0.0,0.0,0.0,0.0,0.0,0.0,NA,NA,NA,NA,NA,NA
Myanmar,2020,0.0,0.0,0.0,0.0,0.0,0.0,NA,NA,NA,NA,NA,NA
Myanmar,2021,0.0,0.0,0.0,0.0,0.0,0.0,NA,NA,NA,NA,NA,NA
Myanmar,2022,0.0,0.0,0.0,0.0,0.0,0.0,NA,NA,NA,NA,NA,NA
Myanmar,2023,0.0,0.0,0.0,0.0,0.0,0.0,NA,NA,NA,NA,NA,NA
Myanmar,2024,0.0,0.0,0.0,0.0,0.0,0.0,NA,NA,NA,NA,NA,NA
Myanmar,2025,0.0,0.0,0.0,0.0,0.0,0.0,NA,NA,NA,NA,NA,NA
Nagano,1989,0.0,0.0,0.0,0.0,0.0,0.0,0.0,0.0,0.0,0.0,0.0,0.0
Nagano,1990,0.0,0.0,0.0,0.0,0.0,0.0,0.0,0.0,0.0,0.0,0.0,0.0
Nagano,1991,0.0,0.0,0.0,0.0,0.0,0.0,0.0,0.0,0.0,0.0,0.0,0.0
Nagano,1992,0.0,0.0,0.0,0.0,0.0,0.0,0.0,0.0,0.0,0.0,0.0,0.0
Nagano,1993,0.0,0.0,0.0,0.0,0.0,0.0,0.0,0.0,0.0,0.0,0.0,0.0
Nagano,1994,0.0,0.0,0.0,0.0,0.0,0.0,0.0,0.0,0.0,0.0,0.0,0.0
Nagano,1995,0.0,0.0,0.0,0.0,0.0,0.0,0.0,0.0,0.0,0.0,0.0,0.0
Nagano,1996,0.0,0.0,0.0,0.0,0.0,0.0,0.0,0.0,0.0,0.0,0.0,0.0
Nagano,1997,0.0,0.0,0.0,0.0,0.0,0.0,0.0,0.0,0.0,0.0,0.0,0.0
Nagano,1998,0.0,0.0,0.0,0.0,0.0,0.0,0.0,0.0,0.0,0.0,0.0,0.0
Nagano,1999,0.0,0.0,0.0,0.0,0.0,0.0,0.0,0.0,0.0,0.0,0.0,0.0
Nagano,2000,0.0,0.0,0.0,0.0,0.0,0.0,0.0,0.0,0.0,0.0,0.0,0.0
Nagano,2001,0.0,0.0,0.0,0.0,0.0,0.0,0.0,0.0,0.0,0.0,0.0,0.0
Nagano,2002,0.0,0.0,0.0,0.0,0.0,0.0,0.0,0.0,0.0,0.0,0.0,0.0
Nagano,2003,0.0,0.0,0.0,0.0,0.0,0.0,0.0,0.0,0.0,0.0,0.0,0.0
Nagano,2004,0.0,0.0,0.0,0.0,0.0,0.0,0.0,0.0,0.0,0.0,0.0,0.0
Nagano,2005,0.0,0.0,0.0,0.0,0.0,0.0,0.0,0.0,0.0,0.0,0.0,0.0
Nagano,2006,0.0,0.0,0.0,0.0,0.0,0.0,0.0,0.0,0.0,0.0,0.0,0.0
Nagano,2007,0.0,0.0,0.0,0.0,0.0,0.0,0.0,0.0,0.0,0.0,0.0,0.0
Nagano,2008,0.0,0.0,0.0,0.0,0.0,0.0,0.0,0.0,0.0,0.0,0.0,0.0
Nagano,2009,0.0,0.0,0.0,0.0,0.0,0.0,0.0,0.0,0.0,0.0,0.0,0.0
Nagano,2010,0.0,0.0,0.0,0.0,0.0,0.0,0.0,0.0,0.0,0.0,0.0,0.0
Nagano,2011,0.0,0.0,0.0,0.0,0.0,0.0,0.0,0.0,0.0,0.0,0.0,0.0
Nagano,2012,0.0,0.0,0.0,0.0,0.0,0.0,0.0,0.0,0.0,0.0,0.0,0.0
Nagano,2013,0.0,0.0,0.0,0.0,0.0,0.0,0.0,0.0,0.0,0.0,0.0,0.0
Nagano,2014,0.0,0.0,0.0,0.0,0.0,0.0,0.0,0.0,0.0,0.0,0.0,0.0
Nagano,2015,0.0,0.0,0.0,0.0,0.0,0.0,0.0,0.0,0.0,0.0,0.0,0.0
Nagano,2016,0.0,0.0,0.0,0.0,0.0,0.0,0.0,0.0,0.0,0.0,0.0,0.0
Nagano,2017,0.0,0.0,0.0,0.0,0.0,0.0,0.0,0.0,0.0,0.0,0.0,0.0
Nagano,2018,0.0,0.0,0.0,0.0,0.0,0.0,0.0,0.0,0.0,0.0,0.0,0.0
Nagano,2019,0.0,0.0,0.0,0.0,0.0,0.0,0.0,0.0,0.0,0.0,0.0,0.0
Nagano,2020,0.0,0.0,0.0,0.0,0.0,0.0,0.0,0.0,0.0,0.0,0.0,0.0
Nagano,2021,0.0,0.0,0.0,0.0,0.0,0.0,0.0,0.0,0.0,0.0,0.0,0.0
Nagano,2022,0.0,0.0,0.0,0.0,0.0,0.0,0.0,0.0,0.0,0.0,0.0,0.0
Nagano,2023,0.0,0.0,0.0,0.0,0.0,0.0,0.0,0.0,0.0,0.0,0.0,0.0
Nagano,2024,0.0,0.0,0.0,0.0,0.0,0.0,0.0,0.0,0.0,0.0,0.0,0.0
Nagano,2025,0.0,0.0,0.0,0.0,0.0,0.0,0.0,0.0,0.0,0.0,0.0,0.0
Nagasaki,1989,0.0,0.0,0.0,0.0,0.0,0.0,0.0,0.0,0.0,0.0,0.0,0.0
Nagasaki,1990,0.0,0.0,0.0,0.0,0.0,0.0,0.0,0.0,0.0,0.0,0.0,0.0
Nagasaki,1991,0.0,0.0,0.0,0.0,0.0,0.0,0.0,0.0,0.0,0.0,0.0,0.0
Nagasaki,1992,0.0,0.0,0.0,0.0,0.0,0.0,0.0,0.0,0.0,0.0,0.0,0.0
Nagasaki,1993,0.0,0.0,0.0,0.0,0.0,0.0,0.0,0.0,0.0,0.0,0.0,0.0
Nagasaki,1994,0.0,0.0,0.0,0.0,0.0,0.0,0.0,0.0,0.0,0.0,0.0,0.0
Nagasaki,1995,0.0,0.0,0.0,0.0,0.0,0.0,0.0,0.0,0.0,0.0,0.0,0.0
Nagasaki,1996,0.0,0.0,0.0,0.0,0.0,0.0,0.0,0.0,0.0,0.0,0.0,0.0
Nagasaki,1997,0.0,0.0,0.0,0.0,0.0,0.0,0.0,0.0,0.0,0.0,0.0,0.0
Nagasaki,1998,0.0,0.0,0.0,0.0,0.0,0.0,0.0,0.0,0.0,0.0,0.0,0.0
Nagasaki,1999,0.0,0.0,0.0,0.0,0.0,0.0,0.0,0.0,0.0,0.0,0.0,0.0
Nagasaki,2000,0.0,0.0,0.0,0.0,0.0,0.0,0.0,0.0,0.0,0.0,0.0,0.0
Nagasaki,2001,0.0,0.0,0.0,0.0,0.0,0.0,0.0,0.0,0.0,0.0,0.0,0.0
Nagasaki,2002,0.0,0.0,0.0,0.0,0.0,0.0,0.0,0.0,0.0,0.0,0.0,0.0
Nagasaki,2003,0.0,0.0,0.0,0.0,0.0,0.0,0.0,0.0,0.0,0.0,0.0,0.0
Nagasaki,2004,0.0,0.0,0.0,0.0,0.0,0.0,0.0,0.0,0.0,0.0,0.0,0.0
Nagasaki,2005,0.0,0.0,0.0,0.0,0.0,0.0,0.0,0.0,0.0,0.0,0.0,0.0
Nagasaki,2006,0.0,0.0,0.0,0.0,0.0,0.0,0.0,0.0,0.0,0.0,0.0,0.0
Nagasaki,2007,0.0,0.0,0.0,0.0,0.0,0.0,0.0,0.0,0.0,0.0,0.0,0.0
Nagasaki,2008,0.0,0.0,0.0,0.0,0.0,0.0,0.0,0.0,0.0,0.0,0.0,0.0
Nagasaki,2009,0.0,0.0,0.0,0.0,0.0,0.0,0.0,0.0,0.0,0.0,0.0,0.0
Nagasaki,2010,0.0,0.0,0.0,0.0,0.0,0.0,0.0,0.0,0.0,0.0,0.0,0.0
Nagasaki,2011,0.0,0.0,0.0,0.0,0.0,0.0,0.0,0.0,0.0,0.0,0.0,0.0
Nagasaki,2012,0.0,0.0,0.0,0.0,0.0,0.0,0.0,0.0,0.0,0.0,0.0,0.0
Nagasaki,2013,0.0,0.0,0.0,0.0,0.0,0.0,0.0,0.0,0.0,0.0,0.0,0.0
Nagasaki,2014,0.0,0.0,0.0,0.0,0.0,0.0,0.0,0.0,0.0,0.0,0.0,0.0
Nagasaki,2015,0.0,0.0,0.0,0.0,0.0,0.0,0.0,0.0,0.0,0.0,0.0,0.0
Nagasaki,2016,0.0,0.0,0.0,0.0,0.0,0.0,0.0,0.0,0.0,0.0,0.0,0.0
Nagasaki,2017,0.0,0.0,0.0,0.0,0.0,0.0,0.0,0.0,0.0,0.0,0.0,0.0
Nagasaki,2018,0.0,0.0,0.0,0.0,0.0,0.0,0.0,0.0,0.0,0.0,0.0,0.0
Nagasaki,2019,0.0,0.0,0.0,0.0,0.0,0.0,0.0,0.0,0.0,0.0,0.0,0.0
Nagasaki,2020,0.0,0.0,0.0,0.0,0.0,0.0,0.0,0.0,0.0,0.0,0.0,0.0
Nagasaki,2021,0.0,0.0,0.0,0.0,0.0,0.0,0.0,0.0,0.0,0.0,0.0,0.0
Nagasaki,2022,0.0,0.0,0.0,0.0,0.0,0.0,0.0,0.0,0.0,0.0,0.0,0.0
Nagasaki,2023,0.0,0.0,0.0,0.0,0.0,0.0,0.0,0.0,0.0,0.0,0.0,0.0
Nagasaki,2024,0.0,0.0,0.0,0.0,0.0,0.0,0.0,0.0,0.0,0.0,0.0,0.0
Nagasaki,2025,0.0,0.0,0.0,0.0,0.0,0.0,0.0,0.0,0.0,0.0,0.0,0.0
Namibia,1989,0.0,0.0,0.0,0.0,0.0,0.0,NA,NA,NA,NA,NA,NA
Namibia,1990,0.0,0.0,0.0,0.0,0.0,0.0,NA,NA,NA,NA,NA,NA
Namibia,1991,0.0,0.0,0.0,0.0,0.0,0.0,NA,NA,NA,NA,NA,NA
Namibia,1992,0.0,0.0,0.0,0.0,0.0,0.0,NA,NA,NA,NA,NA,NA
Namibia,1993,0.0,0.0,0.0,0.0,0.0,0.0,NA,NA,NA,NA,NA,NA
Namibia,1994,0.0,0.0,0.0,0.0,0.0,0.0,NA,NA,NA,NA,NA,NA
Namibia,1995,0.0,0.0,0.0,0.0,0.0,0.0,NA,NA,NA,NA,NA,NA
Namibia,1996,0.0,0.0,0.0,0.0,0.0,0.0,NA,NA,NA,NA,NA,NA
Namibia,1997,0.0,0.0,0.0,0.0,0.0,0.0,NA,NA,NA,NA,NA,NA
Namibia,1998,0.0,0.0,0.0,0.0,0.0,0.0,NA,NA,NA,NA,NA,NA
Namibia,1999,0.0,0.0,0.0,0.0,0.0,0.0,NA,NA,NA,NA,NA,NA
Namibia,2000,0.0,0.0,0.0,0.0,0.0,0.0,NA,NA,NA,NA,NA,NA
Namibia,2001,0.0,0.0,0.0,0.0,0.0,0.0,NA,NA,NA,NA,NA,NA
Namibia,2002,0.0,0.0,0.0,0.0,0.0,0.0,NA,NA,NA,NA,NA,NA
Namibia,2003,0.0,0.0,0.0,0.0,0.0,0.0,NA,NA,NA,NA,NA,NA
Namibia,2004,0.0,0.0,0.0,0.0,0.0,0.0,NA,NA,NA,NA,NA,NA
Namibia,2005,0.0,0.0,0.0,0.0,0.0,0.0,NA,NA,NA,NA,NA,NA
Namibia,2006,0.0,0.0,0.0,0.0,0.0,0.0,NA,NA,NA,NA,NA,NA
Namibia,2007,0.0,0.0,0.0,0.0,0.0,0.0,NA,NA,NA,NA,NA,NA
Namibia,2008,0.0,0.0,0.0,0.0,0.0,0.0,NA,NA,NA,NA,NA,NA
Namibia,2009,0.0,0.0,0.0,0.0,0.0,0.0,NA,NA,NA,NA,NA,NA
Namibia,2010,0.0,0.0,0.0,0.0,0.0,0.0,NA,NA,NA,NA,NA,NA
Namibia,2011,0.0,0.0,0.0,0.0,0.0,0.0,NA,NA,NA,NA,NA,NA
Namibia,2012,0.0,0.0,0.0,0.0,0.0,0.0,NA,NA,NA,NA,NA,NA
Namibia,2013,0.0,0.0,0.0,0.0,0.0,0.0,NA,NA,NA,NA,NA,NA
Namibia,2014,0.0,0.0,0.0,0.0,0.0,0.0,NA,NA,NA,NA,NA,NA
Namibia,2015,0.0,0.0,0.0,0.0,0.0,0.0,NA,NA,NA,NA,NA,NA
Namibia,2016,0.0,0.0,0.0,0.0,0.0,0.0,NA,NA,NA,NA,NA,NA
Namibia,2017,0.0,0.0,0.0,0.0,0.0,0.0,NA,NA,NA,NA,NA,NA
Namibia,2018,0.0,0.0,0.0,0.0,0.0,0.0,NA,NA,NA,NA,NA,NA
Namibia,2019,0.0,0.0,0.0,0.0,0.0,0.0,NA,NA,NA,NA,NA,NA
Namibia,2020,0.0,0.0,0.0,0.0,0.0,0.0,NA,NA,NA,NA,NA,NA
Namibia,2021,0.0,0.0,0.0,0.0,0.0,0.0,NA,NA,NA,NA,NA,NA
Namibia,2022,0.0,0.0,0.0,0.0,0.0,0.0,NA,NA,NA,NA,NA,NA
Namibia,2023,0.0,0.0,0.0,0.0,0.0,0.0,NA,NA,NA,NA,NA,NA
Namibia,2024,0.0,0.0,0.0,0.0,0.0,0.0,NA,NA,NA,NA,NA,NA
Namibia,2025,0.0,0.0,0.0,0.0,0.0,0.0,NA,NA,NA,NA,NA,NA
Nara,1989,0.0,0.0,0.0,0.0,0.0,0.0,0.0,0.0,0.0,0.0,0.0,0.0
Nara,1990,0.0,0.0,0.0,0.0,0.0,0.0,0.0,0.0,0.0,0.0,0.0,0.0
Nara,1991,0.0,0.0,0.0,0.0,0.0,0.0,0.0,0.0,0.0,0.0,0.0,0.0
Nara,1992,0.0,0.0,0.0,0.0,0.0,0.0,0.0,0.0,0.0,0.0,0.0,0.0
Nara,1993,0.0,0.0,0.0,0.0,0.0,0.0,0.0,0.0,0.0,0.0,0.0,0.0
Nara,1994,0.0,0.0,0.0,0.0,0.0,0.0,0.0,0.0,0.0,0.0,0.0,0.0
Nara,1995,0.0,0.0,0.0,0.0,0.0,0.0,0.0,0.0,0.0,0.0,0.0,0.0
Nara,1996,0.0,0.0,0.0,0.0,0.0,0.0,0.0,0.0,0.0,0.0,0.0,0.0
Nara,1997,0.0,0.0,0.0,0.0,0.0,0.0,0.0,0.0,0.0,0.0,0.0,0.0
Nara,1998,0.0,0.0,0.0,0.0,0.0,0.0,0.0,0.0,0.0,0.0,0.0,0.0
Nara,1999,0.0,0.0,0.0,0.0,0.0,0.0,0.0,0.0,0.0,0.0,0.0,0.0
Nara,2000,0.0,0.0,0.0,0.0,0.0,0.0,0.0,0.0,0.0,0.0,0.0,0.0
Nara,2001,0.0,0.0,0.0,0.0,0.0,0.0,0.0,0.0,0.0,0.0,0.0,0.0
Nara,2002,0.0,0.0,0.0,0.0,0.0,0.0,0.0,0.0,0.0,0.0,0.0,0.0
Nara,2003,0.0,0.0,0.0,0.0,0.0,0.0,0.0,0.0,0.0,0.0,0.0,0.0
Nara,2004,0.0,0.0,0.0,0.0,0.0,0.0,0.0,0.0,0.0,0.0,0.0,0.0
Nara,2005,0.0,0.0,0.0,0.0,0.0,0.0,0.0,0.0,0.0,0.0,0.0,0.0
Nara,2006,0.0,0.0,0.0,0.0,0.0,0.0,0.0,0.0,0.0,0.0,0.0,0.0
Nara,2007,0.0,0.0,0.0,0.0,0.0,0.0,0.0,0.0,0.0,0.0,0.0,0.0
Nara,2008,0.0,0.0,0.0,0.0,0.0,0.0,0.0,0.0,0.0,0.0,0.0,0.0
Nara,2009,0.0,0.0,0.0,0.0,0.0,0.0,0.0,0.0,0.0,0.0,0.0,0.0
Nara,2010,0.0,0.0,0.0,0.0,0.0,0.0,0.0,0.0,0.0,0.0,0.0,0.0
Nara,2011,0.0,0.0,0.0,0.0,0.0,0.0,0.0,0.0,0.0,0.0,0.0,0.0
Nara,2012,0.0,0.0,0.0,0.0,0.0,0.0,0.0,0.0,0.0,0.0,0.0,0.0
Nara,2013,0.0,0.0,0.0,0.0,0.0,0.0,0.0,0.0,0.0,0.0,0.0,0.0
Nara,2014,0.0,0.0,0.0,0.0,0.0,0.0,0.0,0.0,0.0,0.0,0.0,0.0
Nara,2015,0.0,0.0,0.0,0.0,0.0,0.0,0.0,0.0,0.0,0.0,0.0,0.0
Nara,2016,0.0,0.0,0.0,0.0,0.0,0.0,0.0,0.0,0.0,0.0,0.0,0.0
Nara,2017,0.0,0.0,0.0,0.0,0.0,0.0,0.0,0.0,0.0,0.0,0.0,0.0
Nara,2018,0.0,0.0,0.0,0.0,0.0,0.0,0.0,0.0,0.0,0.0,0.0,0.0
Nara,2019,0.0,0.0,0.0,0.0,0.0,0.0,0.0,0.0,0.0,0.0,0.0,0.0
Nara,2020,0.0,0.0,0.0,0.0,0.0,0.0,0.0,0.0,0.0,0.0,0.0,0.0
Nara,2021,0.0,0.0,0.0,0.0,0.0,0.0,0.0,0.0,0.0,0.0,0.0,0.0
Nara,2022,0.0,0.0,0.0,0.0,0.0,0.0,0.0,0.0,0.0,0.0,0.0,0.0
Nara,2023,0.0,0.0,0.0,0.0,0.0,0.0,0.0,0.0,0.0,0.0,0.0,0.0
Nara,2024,0.0,0.0,0.0,0.0,0.0,0.0,0.0,0.0,0.0,0.0,0.0,0.0
Nara,2025,0.0,0.0,0.0,0.0,0.0,0.0,0.0,0.0,0.0,0.0,0.0,0.0
Nauru,1989,0.0,0.0,0.0,0.0,0.0,0.0,NA,NA,NA,NA,NA,NA
Nauru,1990,0.0,0.0,0.0,0.0,0.0,0.0,NA,NA,NA,NA,NA,NA
Nauru,1991,0.0,0.0,0.0,0.0,0.0,0.0,NA,NA,NA,NA,NA,NA
Nauru,1992,0.0,0.0,0.0,0.0,0.0,0.0,NA,NA,NA,NA,NA,NA
Nauru,1993,0.0,0.0,0.0,0.0,0.0,0.0,NA,NA,NA,NA,NA,NA
Nauru,1994,0.0,0.0,0.0,0.0,0.0,0.0,NA,NA,NA,NA,NA,NA
Nauru,1995,0.0,0.0,0.0,0.0,0.0,0.0,NA,NA,NA,NA,NA,NA
Nauru,1996,0.0,0.0,0.0,0.0,0.0,0.0,NA,NA,NA,NA,NA,NA
Nauru,1997,0.0,0.0,0.0,0.0,0.0,0.0,NA,NA,NA,NA,NA,NA
Nauru,1998,0.0,0.0,0.0,0.0,0.0,0.0,NA,NA,NA,NA,NA,NA
Nauru,1999,0.0,0.0,0.0,0.0,0.0,0.0,NA,NA,NA,NA,NA,NA
Nauru,2000,0.0,0.0,0.0,0.0,0.0,0.0,NA,NA,NA,NA,NA,NA
Nauru,2001,0.0,0.0,0.0,0.0,0.0,0.0,NA,NA,NA,NA,NA,NA
Nauru,2002,0.0,0.0,0.0,0.0,0.0,0.0,NA,NA,NA,NA,NA,NA
Nauru,2003,0.0,0.0,0.0,0.0,0.0,0.0,NA,NA,NA,NA,NA,NA
Nauru,2004,0.0,0.0,0.0,0.0,0.0,0.0,NA,NA,NA,NA,NA,NA
Nauru,2005,0.0,0.0,0.0,0.0,0.0,0.0,NA,NA,NA,NA,NA,NA
Nauru,2006,0.0,0.0,0.0,0.0,0.0,0.0,NA,NA,NA,NA,NA,NA
Nauru,2007,0.0,0.0,0.0,0.0,0.0,0.0,NA,NA,NA,NA,NA,NA
Nauru,2008,0.0,0.0,0.0,0.0,0.0,0.0,NA,NA,NA,NA,NA,NA
Nauru,2009,0.0,0.0,0.0,0.0,0.0,0.0,NA,NA,NA,NA,NA,NA
Nauru,2010,0.0,0.0,0.0,0.0,0.0,0.0,NA,NA,NA,NA,NA,NA
Nauru,2011,0.0,0.0,0.0,0.0,0.0,0.0,NA,NA,NA,NA,NA,NA
Nauru,2012,0.0,0.0,0.0,0.0,0.0,0.0,NA,NA,NA,NA,NA,NA
Nauru,2013,0.0,0.0,0.0,0.0,0.0,0.0,NA,NA,NA,NA,NA,NA
Nauru,2014,0.0,0.0,0.0,0.0,0.0,0.0,NA,NA,NA,NA,NA,NA
Nauru,2015,0.0,0.0,0.0,0.0,0.0,0.0,NA,NA,NA,NA,NA,NA
Nauru,2016,0.0,0.0,0.0,0.0,0.0,0.0,NA,NA,NA,NA,NA,NA
Nauru,2017,0.0,0.0,0.0,0.0,0.0,0.0,NA,NA,NA,NA,NA,NA
Nauru,2018,0.0,0.0,0.0,0.0,0.0,0.0,NA,NA,NA,NA,NA,NA
Nauru,2019,0.0,0.0,0.0,0.0,0.0,0.0,NA,NA,NA,NA,NA,NA
Nauru,2020,0.0,0.0,0.0,0.0,0.0,0.0,NA,NA,NA,NA,NA,NA
Nauru,2021,0.0,0.0,0.0,0.0,0.0,0.0,NA,NA,NA,NA,NA,NA
Nauru,2022,0.0,0.0,0.0,0.0,0.0,0.0,NA,NA,NA,NA,NA,NA
Nauru,2023,0.0,0.0,0.0,0.0,0.0,0.0,NA,NA,NA,NA,NA,NA
Nauru,2024,0.0,0.0,0.0,0.0,0.0,0.0,NA,NA,NA,NA,NA,NA
Nauru,2025,0.0,0.0,0.0,0.0,0.0,0.0,NA,NA,NA,NA,NA,NA
Nayarit,1989,0.0,0.0,0.0,0.0,0.0,0.0,0.0,0.0,0.0,0.0,0.0,0.0
Nayarit,1990,0.0,0.0,0.0,0.0,0.0,0.0,0.0,0.0,0.0,0.0,0.0,0.0
Nayarit,1991,0.0,0.0,0.0,0.0,0.0,0.0,0.0,0.0,0.0,0.0,0.0,0.0
Nayarit,1992,0.0,0.0,0.0,0.0,0.0,0.0,0.0,0.0,0.0,0.0,0.0,0.0
Nayarit,1993,0.0,0.0,0.0,0.0,0.0,0.0,0.0,0.0,0.0,0.0,0.0,0.0
Nayarit,1994,0.0,0.0,0.0,0.0,0.0,0.0,0.0,0.0,0.0,0.0,0.0,0.0
Nayarit,1995,0.0,0.0,0.0,0.0,0.0,0.0,0.0,0.0,0.0,0.0,0.0,0.0
Nayarit,1996,0.0,0.0,0.0,0.0,0.0,0.0,0.0,0.0,0.0,0.0,0.0,0.0
Nayarit,1997,0.0,0.0,0.0,0.0,0.0,0.0,0.0,0.0,0.0,0.0,0.0,0.0
Nayarit,1998,0.0,0.0,0.0,0.0,0.0,0.0,0.0,0.0,0.0,0.0,0.0,0.0
Nayarit,1999,0.0,0.0,0.0,0.0,0.0,0.0,0.0,0.0,0.0,0.0,0.0,0.0
Nayarit,2000,0.0,0.0,0.0,0.0,0.0,0.0,0.0,0.0,0.0,0.0,0.0,0.0
Nayarit,2001,0.0,0.0,0.0,0.0,0.0,0.0,0.0,0.0,0.0,0.0,0.0,0.0
Nayarit,2002,0.0,0.0,0.0,0.0,0.0,0.0,0.0,0.0,0.0,0.0,0.0,0.0
Nayarit,2003,0.0,0.0,0.0,0.0,0.0,0.0,0.0,0.0,0.0,0.0,0.0,0.0
Nayarit,2004,0.0,0.0,0.0,0.0,0.0,0.0,0.0,0.0,0.0,0.0,0.0,0.0
Nayarit,2005,0.0,0.0,0.0,0.0,0.0,0.0,0.0,0.0,0.0,0.0,0.0,0.0
Nayarit,2006,0.0,0.0,0.0,0.0,0.0,0.0,0.0,0.0,0.0,0.0,0.0,0.0
Nayarit,2007,0.0,0.0,0.0,0.0,0.0,0.0,0.0,0.0,0.0,0.0,0.0,0.0
Nayarit,2008,0.0,0.0,0.0,0.0,0.0,0.0,0.0,0.0,0.0,0.0,0.0,0.0
Nayarit,2009,0.0,0.0,0.0,0.0,0.0,0.0,0.0,0.0,0.0,0.0,0.0,0.0
Nayarit,2010,0.0,0.0,0.0,0.0,0.0,0.0,0.0,0.0,0.0,0.0,0.0,0.0
Nayarit,2011,0.0,0.0,0.0,0.0,0.0,0.0,0.0,0.0,0.0,0.0,0.0,0.0
Nayarit,2012,0.0,0.0,0.0,0.0,0.0,0.0,0.0,0.0,0.0,0.0,0.0,0.0
Nayarit,2013,0.0,0.0,0.0,0.0,0.0,0.0,0.0,0.0,0.0,0.0,0.0,0.0
Nayarit,2014,0.0,0.0,0.0,0.0,0.0,0.0,0.0,0.0,0.0,0.0,0.0,0.0
Nayarit,2015,0.0,0.0,0.0,0.0,0.0,0.0,0.0,0.0,0.0,0.0,0.0,0.0
Nayarit,2016,0.0,0.0,0.0,0.0,0.0,0.0,0.0,0.0,0.0,0.0,0.0,0.0
Nayarit,2017,0.0,0.0,0.0,0.0,0.0,0.0,0.0,0.0,0.0,0.0,0.0,0.0
Nayarit,2018,0.0,0.0,0.0,0.0,0.0,0.0,0.0,0.0,0.0,0.0,0.0,0.0
Nayarit,2019,0.0,0.0,0.0,0.0,0.0,0.0,0.0,0.0,0.0,0.0,0.0,0.0
Nayarit,2020,0.0,0.0,0.0,0.0,0.0,0.0,0.0,0.0,0.0,0.0,0.0,0.0
Nayarit,2021,0.0,0.0,0.0,0.0,0.0,0.0,0.0,0.0,0.0,0.0,0.0,0.0
Nayarit,2022,0.0,0.0,0.0,0.0,0.0,0.0,0.0,0.0,0.0,0.0,0.0,0.0
Nayarit,2023,0.0,0.0,0.0,0.0,0.0,0.0,0.0,0.0,0.0,0.0,0.0,0.0
Nayarit,2024,0.0,0.0,0.0,0.0,0.0,0.0,0.0,0.0,0.0,0.0,0.0,0.0
Nayarit,2025,0.0,0.0,0.0,0.0,0.0,0.0,0.0,0.0,0.0,0.0,0.0,0.0
Nebraska,1989,0.0,0.0,0.0,0.0,0.0,0.0,0.0,0.0,0.0,0.0,0.0,0.0
Nebraska,1990,0.0,0.0,0.0,0.0,0.0,0.0,0.0,0.0,0.0,0.0,0.0,0.0
Nebraska,1991,0.0,0.0,0.0,0.0,0.0,0.0,0.0,0.0,0.0,0.0,0.0,0.0
Nebraska,1992,0.0,0.0,0.0,0.0,0.0,0.0,0.0,0.0,0.0,0.0,0.0,0.0
Nebraska,1993,0.0,0.0,0.0,0.0,0.0,0.0,0.0,0.0,0.0,0.0,0.0,0.0
Nebraska,1994,0.0,0.0,0.0,0.0,0.0,0.0,0.0,0.0,0.0,0.0,0.0,0.0
Nebraska,1995,0.0,0.0,0.0,0.0,0.0,0.0,0.0,0.0,0.0,0.0,0.0,0.0
Nebraska,1996,0.0,0.0,0.0,0.0,0.0,0.0,0.0,0.0,0.0,0.0,0.0,0.0
Nebraska,1997,0.0,0.0,0.0,0.0,0.0,0.0,0.0,0.0,0.0,0.0,0.0,0.0
Nebraska,1998,0.0,0.0,0.0,0.0,0.0,0.0,0.0,0.0,0.0,0.0,0.0,0.0
Nebraska,1999,0.0,0.0,0.0,0.0,0.0,0.0,0.0,0.0,0.0,0.0,0.0,0.0
Nebraska,2000,0.0,0.0,0.0,0.0,0.0,0.0,0.0,0.0,0.0,0.0,0.0,0.0
Nebraska,2001,0.0,0.0,0.0,0.0,0.0,0.0,0.0,0.0,0.0,0.0,0.0,0.0
Nebraska,2002,0.0,0.0,0.0,0.0,0.0,0.0,0.0,0.0,0.0,0.0,0.0,0.0
Nebraska,2003,0.0,0.0,0.0,0.0,0.0,0.0,0.0,0.0,0.0,0.0,0.0,0.0
Nebraska,2004,0.0,0.0,0.0,0.0,0.0,0.0,0.0,0.0,0.0,0.0,0.0,0.0
Nebraska,2005,0.0,0.0,0.0,0.0,0.0,0.0,0.0,0.0,0.0,0.0,0.0,0.0
Nebraska,2006,0.0,0.0,0.0,0.0,0.0,0.0,0.0,0.0,0.0,0.0,0.0,0.0
Nebraska,2007,0.0,0.0,0.0,0.0,0.0,0.0,0.0,0.0,0.0,0.0,0.0,0.0
Nebraska,2008,0.0,0.0,0.0,0.0,0.0,0.0,0.0,0.0,0.0,0.0,0.0,0.0
Nebraska,2009,0.0,0.0,0.0,0.0,0.0,0.0,0.0,0.0,0.0,0.0,0.0,0.0
Nebraska,2010,0.0,0.0,0.0,0.0,0.0,0.0,0.0,0.0,0.0,0.0,0.0,0.0
Nebraska,2011,0.0,0.0,0.0,0.0,0.0,0.0,0.0,0.0,0.0,0.0,0.0,0.0
Nebraska,2012,0.0,0.0,0.0,0.0,0.0,0.0,0.0,0.0,0.0,0.0,0.0,0.0
Nebraska,2013,0.0,0.0,0.0,0.0,0.0,0.0,0.0,0.0,0.0,0.0,0.0,0.0
Nebraska,2014,0.0,0.0,0.0,0.0,0.0,0.0,0.0,0.0,0.0,0.0,0.0,0.0
Nebraska,2015,0.0,0.0,0.0,0.0,0.0,0.0,0.0,0.0,0.0,0.0,0.0,0.0
Nebraska,2016,0.0,0.0,0.0,0.0,0.0,0.0,0.0,0.0,0.0,0.0,0.0,0.0
Nebraska,2017,0.0,0.0,0.0,0.0,0.0,0.0,0.0,0.0,0.0,0.0,0.0,0.0
Nebraska,2018,0.0,0.0,0.0,0.0,0.0,0.0,0.0,0.0,0.0,0.0,0.0,0.0
Nebraska,2019,0.0,0.0,0.0,0.0,0.0,0.0,0.0,0.0,0.0,0.0,0.0,0.0
Nebraska,2020,0.0,0.0,0.0,0.0,0.0,0.0,0.0,0.0,0.0,0.0,0.0,0.0
Nebraska,2021,0.0,0.0,0.0,0.0,0.0,0.0,0.0,0.0,0.0,0.0,0.0,0.0
Nebraska,2022,0.0,0.0,0.0,0.0,0.0,0.0,0.0,0.0,0.0,0.0,0.0,0.0
Nebraska,2023,0.0,0.0,0.0,0.0,0.0,0.0,0.0,0.0,0.0,0.0,0.0,0.0
Nebraska,2024,0.0,0.0,0.0,0.0,0.0,0.0,0.0,0.0,0.0,0.0,0.0,0.0
Nebraska,2025,0.0,0.0,0.0,0.0,0.0,0.0,0.0,0.0,0.0,0.0,0.0,0.0
Nepal,1989,0.0,0.0,0.0,0.0,0.0,0.0,NA,NA,NA,NA,NA,NA
Nepal,1990,0.0,0.0,0.0,0.0,0.0,0.0,NA,NA,NA,NA,NA,NA
Nepal,1991,0.0,0.0,0.0,0.0,0.0,0.0,NA,NA,NA,NA,NA,NA
Nepal,1992,0.0,0.0,0.0,0.0,0.0,0.0,NA,NA,NA,NA,NA,NA
Nepal,1993,0.0,0.0,0.0,0.0,0.0,0.0,NA,NA,NA,NA,NA,NA
Nepal,1994,0.0,0.0,0.0,0.0,0.0,0.0,NA,NA,NA,NA,NA,NA
Nepal,1995,0.0,0.0,0.0,0.0,0.0,0.0,NA,NA,NA,NA,NA,NA
Nepal,1996,0.0,0.0,0.0,0.0,0.0,0.0,NA,NA,NA,NA,NA,NA
Nepal,1997,0.0,0.0,0.0,0.0,0.0,0.0,NA,NA,NA,NA,NA,NA
Nepal,1998,0.0,0.0,0.0,0.0,0.0,0.0,NA,NA,NA,NA,NA,NA
Nepal,1999,0.0,0.0,0.0,0.0,0.0,0.0,NA,NA,NA,NA,NA,NA
Nepal,2000,0.0,0.0,0.0,0.0,0.0,0.0,NA,NA,NA,NA,NA,NA
Nepal,2001,0.0,0.0,0.0,0.0,0.0,0.0,NA,NA,NA,NA,NA,NA
Nepal,2002,0.0,0.0,0.0,0.0,0.0,0.0,NA,NA,NA,NA,NA,NA
Nepal,2003,0.0,0.0,0.0,0.0,0.0,0.0,NA,NA,NA,NA,NA,NA
Nepal,2004,0.0,0.0,0.0,0.0,0.0,0.0,NA,NA,NA,NA,NA,NA
Nepal,2005,0.0,0.0,0.0,0.0,0.0,0.0,NA,NA,NA,NA,NA,NA
Nepal,2006,0.0,0.0,0.0,0.0,0.0,0.0,NA,NA,NA,NA,NA,NA
Nepal,2007,0.0,0.0,0.0,0.0,0.0,0.0,NA,NA,NA,NA,NA,NA
Nepal,2008,0.0,0.0,0.0,0.0,0.0,0.0,NA,NA,NA,NA,NA,NA
Nepal,2009,0.0,0.0,0.0,0.0,0.0,0.0,NA,NA,NA,NA,NA,NA
Nepal,2010,0.0,0.0,0.0,0.0,0.0,0.0,NA,NA,NA,NA,NA,NA
Nepal,2011,0.0,0.0,0.0,0.0,0.0,0.0,NA,NA,NA,NA,NA,NA
Nepal,2012,0.0,0.0,0.0,0.0,0.0,0.0,NA,NA,NA,NA,NA,NA
Nepal,2013,0.0,0.0,0.0,0.0,0.0,0.0,NA,NA,NA,NA,NA,NA
Nepal,2014,0.0,0.0,0.0,0.0,0.0,0.0,NA,NA,NA,NA,NA,NA
Nepal,2015,0.0,0.0,0.0,0.0,0.0,0.0,NA,NA,NA,NA,NA,NA
Nepal,2016,0.0,0.0,0.0,0.0,0.0,0.0,NA,NA,NA,NA,NA,NA
Nepal,2017,0.0,0.0,0.0,0.0,0.0,0.0,NA,NA,NA,NA,NA,NA
Nepal,2018,0.0,0.0,0.0,0.0,0.0,0.0,NA,NA,NA,NA,NA,NA
Nepal,2019,0.0,0.0,0.0,0.0,0.0,0.0,NA,NA,NA,NA,NA,NA
Nepal,2020,0.0,0.0,0.0,0.0,0.0,0.0,NA,NA,NA,NA,NA,NA
Nepal,2021,0.0,0.0,0.0,0.0,0.0,0.0,NA,NA,NA,NA,NA,NA
Nepal,2022,0.0,0.0,0.0,0.0,0.0,0.0,NA,NA,NA,NA,NA,NA
Nepal,2023,0.0,0.0,0.0,0.0,0.0,0.0,NA,NA,NA,NA,NA,NA
Nepal,2024,0.0,0.0,0.0,0.0,0.0,0.0,NA,NA,NA,NA,NA,NA
Nepal,2025,0.0,0.0,0.0,0.0,0.0,0.0,NA,NA,NA,NA,NA,NA
Netherlands,1989,0.0,0.0,0.0,0.0,0.0,0.0,NA,NA,NA,NA,NA,NA
Netherlands,1990,0.0,0.0,0.0,0.0,0.0,0.0,NA,NA,NA,NA,NA,NA
Netherlands,1991,0.0,0.0,0.0,0.0,0.0,0.0,NA,NA,NA,NA,NA,NA
Netherlands,1992,0.0,0.0,0.0,0.0,0.0,0.0,NA,NA,NA,NA,NA,NA
Netherlands,1993,0.0,0.0,0.0,0.0,0.0,0.0,NA,NA,NA,NA,NA,NA
Netherlands,1994,0.0,0.0,0.0,0.0,0.0,0.0,NA,NA,NA,NA,NA,NA
Netherlands,1995,0.0,0.0,0.0,0.0,0.0,0.0,NA,NA,NA,NA,NA,NA
Netherlands,1996,0.0,0.0,0.0,0.0,0.0,0.0,NA,NA,NA,NA,NA,NA
Netherlands,1997,0.0,0.0,0.0,0.0,0.0,0.0,NA,NA,NA,NA,NA,NA
Netherlands,1998,0.0,0.0,0.0,0.0,0.0,0.0,NA,NA,NA,NA,NA,NA
Netherlands,1999,0.0,0.0,0.0,0.0,0.0,0.0,NA,NA,NA,NA,NA,NA
Netherlands,2000,0.0,0.0,0.0,0.0,0.0,0.0,NA,NA,NA,NA,NA,NA
Netherlands,2001,0.0,0.0,0.0,0.0,0.0,0.0,NA,NA,NA,NA,NA,NA
Netherlands,2002,0.0,0.0,0.0,0.0,0.0,0.0,NA,NA,NA,NA,NA,NA
Netherlands,2003,0.0,0.0,0.0,0.0,0.0,0.0,NA,NA,NA,NA,NA,NA
Netherlands,2004,0.0,0.0,0.0,0.0,0.0,0.0,NA,NA,NA,NA,NA,NA
Netherlands,2005,15.231702154467216,0.0,15.231702154467216,18.018520838281617,0.0,18.018520838281617,NA,NA,NA,NA,NA,NA
Netherlands,2006,12.425632755849808,0.0,12.425632755849808,14.699048108319962,0.0,14.699048108319962,NA,NA,NA,NA,NA,NA
Netherlands,2007,0.46371731659304305,0.0,0.46371731659304305,0.5485598423189523,0.0,0.5485598423189523,NA,NA,NA,NA,NA,NA
Netherlands,2008,11.923593843603772,0.0,11.923593843603772,14.105155284642315,0.0,14.105155284642315,NA,NA,NA,NA,NA,NA
Netherlands,2009,8.982279540944365,0.0,8.982279540944365,10.62569300807326,0.0,10.62569300807326,NA,NA,NA,NA,NA,NA
Netherlands,2010,9.72604316180058,0.0,9.72604316180058,11.505536912926866,0.0,11.505536912926866,NA,NA,NA,NA,NA,NA
Netherlands,2011,8.755254067690311,0.0,8.755254067690311,10.357130559886917,0.0,10.357130559886917,NA,NA,NA,NA,NA,NA
Netherlands,2012,5.208068901127087,0.0,5.208068901127087,6.160946233749889,0.0,6.160946233749889,NA,NA,NA,NA,NA,NA
Netherlands,2013,3.1187730718303928,0.0,3.1187730718303928,3.6893892103953863,0.0,3.6893892103953863,NA,NA,NA,NA,NA,NA
Netherlands,2014,4.137151945121683,0.0,4.137151945121683,4.894092451279282,0.0,4.894092451279282,NA,NA,NA,NA,NA,NA
Netherlands,2015,5.293029925022697,0.0,5.293029925022697,6.261451874155667,0.0,6.261451874155667,NA,NA,NA,NA,NA,NA
Netherlands,2016,3.666466366243641,0.0,3.666466366243641,4.33728942130372,0.0,4.33728942130372,NA,NA,NA,NA,NA,NA
Netherlands,2017,3.9387291588160243,0.0,3.9387291588160243,4.659365887328592,0.0,4.659365887328592,NA,NA,NA,NA,NA,NA
Netherlands,2018,10.423862437803157,0.0,10.423862437803157,12.33103041578658,0.0,12.33103041578658,NA,NA,NA,NA,NA,NA
Netherlands,2019,15.911744241757331,0.0,15.911744241757331,18.82298460710287,0.0,18.82298460710287,NA,NA,NA,NA,NA,NA
Netherlands,2020,15.470554939304007,0.0,15.470554939304007,18.30107454352205,0.0,18.30107454352205,NA,NA,NA,NA,NA,NA
Netherlands,2021,32.570559549114996,0.0,32.570559549114996,38.52972569963891,0.0,38.52972569963891,NA,NA,NA,NA,NA,NA
Netherlands,2022,46.366577962659754,0.0,46.366577962659754,54.84988760596056,0.0,54.84988760596056,NA,NA,NA,NA,NA,NA
Netherlands,2023,44.731428489571186,0.0,44.731428489571186,52.9155683450032,0.0,52.9155683450032,NA,NA,NA,NA,NA,NA
Netherlands,2024,34.62923400964298,0.0,34.62923400964298,40.965058815405136,0.0,40.965058815405136,NA,NA,NA,NA,NA,NA
Netherlands,2025,38.6263516353515,0.0,38.6263516353515,45.69349602495027,0.0,45.69349602495027,NA,NA,NA,NA,NA,NA
Nevada,1989,0.0,0.0,0.0,0.0,0.0,0.0,0.0,0.0,0.0,0.0,0.0,0.0
Nevada,1990,0.0,0.0,0.0,0.0,0.0,0.0,0.0,0.0,0.0,0.0,0.0,0.0
Nevada,1991,0.0,0.0,0.0,0.0,0.0,0.0,0.0,0.0,0.0,0.0,0.0,0.0
Nevada,1992,0.0,0.0,0.0,0.0,0.0,0.0,0.0,0.0,0.0,0.0,0.0,0.0
Nevada,1993,0.0,0.0,0.0,0.0,0.0,0.0,0.0,0.0,0.0,0.0,0.0,0.0
Nevada,1994,0.0,0.0,0.0,0.0,0.0,0.0,0.0,0.0,0.0,0.0,0.0,0.0
Nevada,1995,0.0,0.0,0.0,0.0,0.0,0.0,0.0,0.0,0.0,0.0,0.0,0.0
Nevada,1996,0.0,0.0,0.0,0.0,0.0,0.0,0.0,0.0,0.0,0.0,0.0,0.0
Nevada,1997,0.0,0.0,0.0,0.0,0.0,0.0,0.0,0.0,0.0,0.0,0.0,0.0
Nevada,1998,0.0,0.0,0.0,0.0,0.0,0.0,0.0,0.0,0.0,0.0,0.0,0.0
Nevada,1999,0.0,0.0,0.0,0.0,0.0,0.0,0.0,0.0,0.0,0.0,0.0,0.0
Nevada,2000,0.0,0.0,0.0,0.0,0.0,0.0,0.0,0.0,0.0,0.0,0.0,0.0
Nevada,2001,0.0,0.0,0.0,0.0,0.0,0.0,0.0,0.0,0.0,0.0,0.0,0.0
Nevada,2002,0.0,0.0,0.0,0.0,0.0,0.0,0.0,0.0,0.0,0.0,0.0,0.0
Nevada,2003,0.0,0.0,0.0,0.0,0.0,0.0,0.0,0.0,0.0,0.0,0.0,0.0
Nevada,2004,0.0,0.0,0.0,0.0,0.0,0.0,0.0,0.0,0.0,0.0,0.0,0.0
Nevada,2005,0.0,0.0,0.0,0.0,0.0,0.0,0.0,0.0,0.0,0.0,0.0,0.0
Nevada,2006,0.0,0.0,0.0,0.0,0.0,0.0,0.0,0.0,0.0,0.0,0.0,0.0
Nevada,2007,0.0,0.0,0.0,0.0,0.0,0.0,0.0,0.0,0.0,0.0,0.0,0.0
Nevada,2008,0.0,0.0,0.0,0.0,0.0,0.0,0.0,0.0,0.0,0.0,0.0,0.0
Nevada,2009,0.0,0.0,0.0,0.0,0.0,0.0,0.0,0.0,0.0,0.0,0.0,0.0
Nevada,2010,0.0,0.0,0.0,0.0,0.0,0.0,0.0,0.0,0.0,0.0,0.0,0.0
Nevada,2011,0.0,0.0,0.0,0.0,0.0,0.0,0.0,0.0,0.0,0.0,0.0,0.0
Nevada,2012,0.0,0.0,0.0,0.0,0.0,0.0,0.0,0.0,0.0,0.0,0.0,0.0
Nevada,2013,0.0,0.0,0.0,0.0,0.0,0.0,0.0,0.0,0.0,0.0,0.0,0.0
Nevada,2014,0.0,0.0,0.0,0.0,0.0,0.0,0.0,0.0,0.0,0.0,0.0,0.0
Nevada,2015,0.0,0.0,0.0,0.0,0.0,0.0,0.0,0.0,0.0,0.0,0.0,0.0
Nevada,2016,0.0,0.0,0.0,0.0,0.0,0.0,0.0,0.0,0.0,0.0,0.0,0.0
Nevada,2017,0.0,0.0,0.0,0.0,0.0,0.0,0.0,0.0,0.0,0.0,0.0,0.0
Nevada,2018,0.0,0.0,0.0,0.0,0.0,0.0,0.0,0.0,0.0,0.0,0.0,0.0
Nevada,2019,0.0,0.0,0.0,0.0,0.0,0.0,0.0,0.0,0.0,0.0,0.0,0.0
Nevada,2020,0.0,0.0,0.0,0.0,0.0,0.0,0.0,0.0,0.0,0.0,0.0,0.0
Nevada,2021,0.0,0.0,0.0,0.0,0.0,0.0,0.0,0.0,0.0,0.0,0.0,0.0
Nevada,2022,0.0,0.0,0.0,0.0,0.0,0.0,0.0,0.0,0.0,0.0,0.0,0.0
Nevada,2023,0.0,0.0,0.0,0.0,0.0,0.0,0.0,0.0,0.0,0.0,0.0,0.0
Nevada,2024,0.0,0.0,0.0,0.0,0.0,0.0,0.0,0.0,0.0,0.0,0.0,0.0
Nevada,2025,0.0,0.0,0.0,0.0,0.0,0.0,0.0,0.0,0.0,0.0,0.0,0.0
New Brunswick,1989,0.0,0.0,0.0,0.0,0.0,0.0,0.0,0.0,0.0,0.0,0.0,0.0
New Brunswick,1990,0.0,0.0,0.0,0.0,0.0,0.0,0.0,0.0,0.0,0.0,0.0,0.0
New Brunswick,1991,0.0,0.0,0.0,0.0,0.0,0.0,0.0,0.0,0.0,0.0,0.0,0.0
New Brunswick,1992,0.0,0.0,0.0,0.0,0.0,0.0,0.0,0.0,0.0,0.0,0.0,0.0
New Brunswick,1993,0.0,0.0,0.0,0.0,0.0,0.0,0.0,0.0,0.0,0.0,0.0,0.0
New Brunswick,1994,0.0,0.0,0.0,0.0,0.0,0.0,0.0,0.0,0.0,0.0,0.0,0.0
New Brunswick,1995,0.0,0.0,0.0,0.0,0.0,0.0,0.0,0.0,0.0,0.0,0.0,0.0
New Brunswick,1996,0.0,0.0,0.0,0.0,0.0,0.0,0.0,0.0,0.0,0.0,0.0,0.0
New Brunswick,1997,0.0,0.0,0.0,0.0,0.0,0.0,0.0,0.0,0.0,0.0,0.0,0.0
New Brunswick,1998,0.0,0.0,0.0,0.0,0.0,0.0,0.0,0.0,0.0,0.0,0.0,0.0
New Brunswick,1999,0.0,0.0,0.0,0.0,0.0,0.0,0.0,0.0,0.0,0.0,0.0,0.0
New Brunswick,2000,0.0,0.0,0.0,0.0,0.0,0.0,0.0,0.0,0.0,0.0,0.0,0.0
New Brunswick,2001,0.0,0.0,0.0,0.0,0.0,0.0,0.0,0.0,0.0,0.0,0.0,0.0
New Brunswick,2002,0.0,0.0,0.0,0.0,0.0,0.0,0.0,0.0,0.0,0.0,0.0,0.0
New Brunswick,2003,0.0,0.0,0.0,0.0,0.0,0.0,0.0,0.0,0.0,0.0,0.0,0.0
New Brunswick,2004,0.0,0.0,0.0,0.0,0.0,0.0,0.0,0.0,0.0,0.0,0.0,0.0
New Brunswick,2005,0.0,0.0,0.0,0.0,0.0,0.0,0.0,0.0,0.0,0.0,0.0,0.0
New Brunswick,2006,0.0,0.0,0.0,0.0,0.0,0.0,0.0,0.0,0.0,0.0,0.0,0.0
New Brunswick,2007,0.0,0.0,0.0,0.0,0.0,0.0,0.0,0.0,0.0,0.0,0.0,0.0
New Brunswick,2008,0.0,0.0,0.0,0.0,0.0,0.0,0.0,0.0,0.0,0.0,0.0,0.0
New Brunswick,2009,0.0,0.0,0.0,0.0,0.0,0.0,0.0,0.0,0.0,0.0,0.0,0.0
New Brunswick,2010,0.0,0.0,0.0,0.0,0.0,0.0,0.0,0.0,0.0,0.0,0.0,0.0
New Brunswick,2011,0.0,0.0,0.0,0.0,0.0,0.0,0.0,0.0,0.0,0.0,0.0,0.0
New Brunswick,2012,0.0,0.0,0.0,0.0,0.0,0.0,0.0,0.0,0.0,0.0,0.0,0.0
New Brunswick,2013,0.0,0.0,0.0,0.0,0.0,0.0,0.0,0.0,0.0,0.0,0.0,0.0
New Brunswick,2014,0.0,0.0,0.0,0.0,0.0,0.0,0.0,0.0,0.0,0.0,0.0,0.0
New Brunswick,2015,0.0,0.0,0.0,0.0,0.0,0.0,0.0,0.0,0.0,0.0,0.0,0.0
New Brunswick,2016,0.0,0.0,0.0,0.0,0.0,0.0,0.0,0.0,0.0,0.0,0.0,0.0
New Brunswick,2017,0.0,0.0,0.0,0.0,0.0,0.0,0.0,0.0,0.0,0.0,0.0,0.0
New Brunswick,2018,0.0,0.0,0.0,0.0,0.0,0.0,0.0,0.0,0.0,0.0,0.0,0.0
New Brunswick,2019,0.0,0.0,0.0,0.0,0.0,0.0,0.0,0.0,0.0,0.0,0.0,0.0
New Brunswick,2020,0.0,0.0,0.0,0.0,0.0,0.0,0.0,0.0,0.0,0.0,0.0,0.0
New Brunswick,2021,0.0,0.0,0.0,0.0,0.0,0.0,0.0,0.0,0.0,0.0,0.0,0.0
New Brunswick,2022,0.0,0.0,0.0,0.0,0.0,0.0,0.0,0.0,0.0,0.0,0.0,0.0
New Brunswick,2023,0.0,0.0,0.0,0.0,0.0,0.0,0.0,0.0,0.0,0.0,0.0,0.0
New Brunswick,2024,0.0,0.0,0.0,0.0,0.0,0.0,0.0,0.0,0.0,0.0,0.0,0.0
New Brunswick,2025,0.0,0.0,0.0,0.0,0.0,0.0,0.0,0.0,0.0,0.0,0.0,0.0
New Hampshire,1989,0.0,0.0,0.0,0.0,0.0,0.0,0.0,0.0,0.0,0.0,0.0,0.0
New Hampshire,1990,0.0,0.0,0.0,0.0,0.0,0.0,0.0,0.0,0.0,0.0,0.0,0.0
New Hampshire,1991,0.0,0.0,0.0,0.0,0.0,0.0,0.0,0.0,0.0,0.0,0.0,0.0
New Hampshire,1992,0.0,0.0,0.0,0.0,0.0,0.0,0.0,0.0,0.0,0.0,0.0,0.0
New Hampshire,1993,0.0,0.0,0.0,0.0,0.0,0.0,0.0,0.0,0.0,0.0,0.0,0.0
New Hampshire,1994,0.0,0.0,0.0,0.0,0.0,0.0,0.0,0.0,0.0,0.0,0.0,0.0
New Hampshire,1995,0.0,0.0,0.0,0.0,0.0,0.0,0.0,0.0,0.0,0.0,0.0,0.0
New Hampshire,1996,0.0,0.0,0.0,0.0,0.0,0.0,0.0,0.0,0.0,0.0,0.0,0.0
New Hampshire,1997,0.0,0.0,0.0,0.0,0.0,0.0,0.0,0.0,0.0,0.0,0.0,0.0
New Hampshire,1998,0.0,0.0,0.0,0.0,0.0,0.0,0.0,0.0,0.0,0.0,0.0,0.0
New Hampshire,1999,0.0,0.0,0.0,0.0,0.0,0.0,0.0,0.0,0.0,0.0,0.0,0.0
New Hampshire,2000,0.0,0.0,0.0,0.0,0.0,0.0,0.0,0.0,0.0,0.0,0.0,0.0
New Hampshire,2001,0.0,0.0,0.0,0.0,0.0,0.0,0.0,0.0,0.0,0.0,0.0,0.0
New Hampshire,2002,0.0,0.0,0.0,0.0,0.0,0.0,0.0,0.0,0.0,0.0,0.0,0.0
New Hampshire,2003,0.0,0.0,0.0,0.0,0.0,0.0,0.0,0.0,0.0,0.0,0.0,0.0
New Hampshire,2004,0.0,0.0,0.0,0.0,0.0,0.0,0.0,0.0,0.0,0.0,0.0,0.0
New Hampshire,2005,0.0,0.0,0.0,0.0,0.0,0.0,0.0,0.0,0.0,0.0,0.0,0.0
New Hampshire,2006,0.0,0.0,0.0,0.0,0.0,0.0,0.0,0.0,0.0,0.0,0.0,0.0
New Hampshire,2007,0.0,0.0,0.0,0.0,0.0,0.0,0.0,0.0,0.0,0.0,0.0,0.0
New Hampshire,2008,0.0,0.0,0.0,0.0,0.0,0.0,0.0,0.0,0.0,0.0,0.0,0.0
New Hampshire,2009,0.8899134226369528,0.0,0.8899134226369528,0.9852167631114892,0.0,0.9852167631114892,0.0023776980539062516,0.0,0.0023776980539062516,0.002911676128534762,0.0,0.002911676128534762
New Hampshire,2010,0.5921333304154169,0.0,0.5921333304154169,0.655546560241397,0.0,0.655546560241397,0.0015820800446069167,0.0,0.0015820800446069167,0.0019373800183523208,0.0,0.0019373800183523208
New Hampshire,2011,0.5148640793070505,0.0,0.5148640793070505,0.570002326916477,0.0,0.570002326916477,0.0013756296829045879,0.0,0.0013756296829045879,0.0016845654993226731,0.0,0.0016845654993226731
New Hampshire,2012,0.6533888273516755,0.0,0.6533888273516755,0.7233620812563516,0.0,0.7233620812563516,0.0017457443653728932,0.0,0.0017457443653728932,0.002137799703721647,0.0,0.002137799703721647
New Hampshire,2013,0.8364036944645038,0.0,0.8364036944645038,0.9259765271019882,0.0,0.9259765271019882,0.0022347291163621,0.0,0.0022347291163621,0.002736599548947463,0.0,0.002736599548947463
New Hampshire,2014,1.2176405632545781,0.0,1.2176405632545781,1.3480411283248264,0.0,1.3480411283248264,0.0032533295081996244,0.0,0.0032533295081996244,0.003983954923006416,0.0,0.003983954923006416
New Hampshire,2015,1.7187698824700028,0.0,1.7187698824700028,1.9028378009210352,0.0,1.9028378009210352,0.004592262236647722,0.0,0.004592262236647722,0.005623582148478315,0.0,0.005623582148478315
New Hampshire,2016,1.1670223963246813,0.0,1.1670223963246813,1.292002119013631,0.0,1.292002119013631,0.0031180863329198457,0.0,0.0031180863329198457,0.0038183391399752445,0.0,0.0038183391399752445
New Hampshire,2017,0.9925533287378844,0.0,0.9925533287378844,1.09884866648832,0.0,1.09884866648832,0.002651934511949728,0.0,0.002651934511949728,0.003247499992774926,0.0,0.003247499992774926
New Hampshire,2018,1.129798854644133,0.0,1.129798854644133,1.250792203180036,0.0,1.250792203180036,0.0030186313293633425,0.0,0.0030186313293633425,0.0036965487556818877,0.0,0.0036965487556818877
New Hampshire,2019,1.3390487757670184,0.0,1.3390487757670184,1.4824512890258807,0.0,1.4824512890258807,0.0035777117045751833,0.0,0.0035777117045751833,0.004381186142570525,0.0,0.004381186142570525
New Hampshire,2020,1.7663458870769806,0.0,1.7663458870769806,1.9555088541587453,0.0,1.9555088541587453,0.004719377269064526,0.0,0.004719377269064526,0.0057792443886260396,0.0,0.0057792443886260396
New Hampshire,2021,2.4253812319928048,0.0,2.4253812319928048,2.6851221544841595,0.0,2.6851221544841595,0.006480208173736761,0.0,0.006480208173736761,0.007935518732669627,0.0,0.007935518732669627
New Hampshire,2022,2.8674380539151296,0.0,2.8674380539151296,3.1745200893025216,0.0,3.1745200893025216,0.007661309187008577,0.0,0.007661309187008577,0.009381868751790834,0.0,0.009381868751790834
New Hampshire,2023,2.880583311880648,0.0,2.880583311880648,3.189073110049953,0.0,3.189073110049953,0.007696431091553059,0.0,0.007696431091553059,0.009424878254567202,0.0,0.009424878254567202
New Hampshire,2024,4.2504106010919935,0.0,4.2504106010919935,4.7055990704063895,0.0,4.7055990704063895,0.011356377775011755,0.0,0.011356377775011755,0.01390676752239466,0.0,0.01390676752239466
New Hampshire,2025,0.0,0.0,0.0,0.0,0.0,0.0,0.0,0.0,0.0,0.0,0.0,0.0
New Jersey,1989,0.0,0.0,0.0,0.0,0.0,0.0,0.0,0.0,0.0,0.0,0.0,0.0
New Jersey,1990,0.0,0.0,0.0,0.0,0.0,0.0,0.0,0.0,0.0,0.0,0.0,0.0
New Jersey,1991,0.0,0.0,0.0,0.0,0.0,0.0,0.0,0.0,0.0,0.0,0.0,0.0
New Jersey,1992,0.0,0.0,0.0,0.0,0.0,0.0,0.0,0.0,0.0,0.0,0.0,0.0
New Jersey,1993,0.0,0.0,0.0,0.0,0.0,0.0,0.0,0.0,0.0,0.0,0.0,0.0
New Jersey,1994,0.0,0.0,0.0,0.0,0.0,0.0,0.0,0.0,0.0,0.0,0.0,0.0
New Jersey,1995,0.0,0.0,0.0,0.0,0.0,0.0,0.0,0.0,0.0,0.0,0.0,0.0
New Jersey,1996,0.0,0.0,0.0,0.0,0.0,0.0,0.0,0.0,0.0,0.0,0.0,0.0
New Jersey,1997,0.0,0.0,0.0,0.0,0.0,0.0,0.0,0.0,0.0,0.0,0.0,0.0
New Jersey,1998,0.0,0.0,0.0,0.0,0.0,0.0,0.0,0.0,0.0,0.0,0.0,0.0
New Jersey,1999,0.0,0.0,0.0,0.0,0.0,0.0,0.0,0.0,0.0,0.0,0.0,0.0
New Jersey,2000,0.0,0.0,0.0,0.0,0.0,0.0,0.0,0.0,0.0,0.0,0.0,0.0
New Jersey,2001,0.0,0.0,0.0,0.0,0.0,0.0,0.0,0.0,0.0,0.0,0.0,0.0
New Jersey,2002,0.0,0.0,0.0,0.0,0.0,0.0,0.0,0.0,0.0,0.0,0.0,0.0
New Jersey,2003,0.0,0.0,0.0,0.0,0.0,0.0,0.0,0.0,0.0,0.0,0.0,0.0
New Jersey,2004,0.0,0.0,0.0,0.0,0.0,0.0,0.0,0.0,0.0,0.0,0.0,0.0
New Jersey,2005,0.0,0.0,0.0,0.0,0.0,0.0,0.0,0.0,0.0,0.0,0.0,0.0
New Jersey,2006,0.0,0.0,0.0,0.0,0.0,0.0,0.0,0.0,0.0,0.0,0.0,0.0
New Jersey,2007,0.0,0.0,0.0,0.0,0.0,0.0,0.0,0.0,0.0,0.0,0.0,0.0
New Jersey,2008,0.0,0.0,0.0,0.0,0.0,0.0,0.0,0.0,0.0,0.0,0.0,0.0
New Jersey,2009,0.0,0.0,0.0,0.0,0.0,0.0,0.0,0.0,0.0,0.0,0.0,0.0
New Jersey,2010,0.0,0.0,0.0,0.0,0.0,0.0,0.0,0.0,0.0,0.0,0.0,0.0
New Jersey,2011,0.0,0.0,0.0,0.0,0.0,0.0,0.0,0.0,0.0,0.0,0.0,0.0
New Jersey,2012,0.0,0.0,0.0,0.0,0.0,0.0,0.0,0.0,0.0,0.0,0.0,0.0
New Jersey,2013,0.0,0.0,0.0,0.0,0.0,0.0,0.0,0.0,0.0,0.0,0.0,0.0
New Jersey,2014,0.0,0.0,0.0,0.0,0.0,0.0,0.0,0.0,0.0,0.0,0.0,0.0
New Jersey,2015,0.0,0.0,0.0,0.0,0.0,0.0,0.0,0.0,0.0,0.0,0.0,0.0
New Jersey,2016,0.0,0.0,0.0,0.0,0.0,0.0,0.0,0.0,0.0,0.0,0.0,0.0
New Jersey,2017,0.0,0.0,0.0,0.0,0.0,0.0,0.0,0.0,0.0,0.0,0.0,0.0
New Jersey,2018,0.0,0.0,0.0,0.0,0.0,0.0,0.0,0.0,0.0,0.0,0.0,0.0
New Jersey,2019,0.0,0.0,0.0,0.0,0.0,0.0,0.0,0.0,0.0,0.0,0.0,0.0
New Jersey,2020,0.0,0.0,0.0,0.0,0.0,0.0,0.0,0.0,0.0,0.0,0.0,0.0
New Jersey,2021,0.0,0.0,0.0,0.0,0.0,0.0,0.0,0.0,0.0,0.0,0.0,0.0
New Jersey,2022,0.0,0.0,0.0,0.0,0.0,0.0,0.0,0.0,0.0,0.0,0.0,0.0
New Jersey,2023,0.0,0.0,0.0,0.0,0.0,0.0,0.0,0.0,0.0,0.0,0.0,0.0
New Jersey,2024,0.0,0.0,0.0,0.0,0.0,0.0,0.0,0.0,0.0,0.0,0.0,0.0
New Jersey,2025,0.0,0.0,0.0,0.0,0.0,0.0,0.0,0.0,0.0,0.0,0.0,0.0
New Mexico,1989,0.0,0.0,0.0,0.0,0.0,0.0,0.0,0.0,0.0,0.0,0.0,0.0
New Mexico,1990,0.0,0.0,0.0,0.0,0.0,0.0,0.0,0.0,0.0,0.0,0.0,0.0
New Mexico,1991,0.0,0.0,0.0,0.0,0.0,0.0,0.0,0.0,0.0,0.0,0.0,0.0
New Mexico,1992,0.0,0.0,0.0,0.0,0.0,0.0,0.0,0.0,0.0,0.0,0.0,0.0
New Mexico,1993,0.0,0.0,0.0,0.0,0.0,0.0,0.0,0.0,0.0,0.0,0.0,0.0
New Mexico,1994,0.0,0.0,0.0,0.0,0.0,0.0,0.0,0.0,0.0,0.0,0.0,0.0
New Mexico,1995,0.0,0.0,0.0,0.0,0.0,0.0,0.0,0.0,0.0,0.0,0.0,0.0
New Mexico,1996,0.0,0.0,0.0,0.0,0.0,0.0,0.0,0.0,0.0,0.0,0.0,0.0
New Mexico,1997,0.0,0.0,0.0,0.0,0.0,0.0,0.0,0.0,0.0,0.0,0.0,0.0
New Mexico,1998,0.0,0.0,0.0,0.0,0.0,0.0,0.0,0.0,0.0,0.0,0.0,0.0
New Mexico,1999,0.0,0.0,0.0,0.0,0.0,0.0,0.0,0.0,0.0,0.0,0.0,0.0
New Mexico,2000,0.0,0.0,0.0,0.0,0.0,0.0,0.0,0.0,0.0,0.0,0.0,0.0
New Mexico,2001,0.0,0.0,0.0,0.0,0.0,0.0,0.0,0.0,0.0,0.0,0.0,0.0
New Mexico,2002,0.0,0.0,0.0,0.0,0.0,0.0,0.0,0.0,0.0,0.0,0.0,0.0
New Mexico,2003,0.0,0.0,0.0,0.0,0.0,0.0,0.0,0.0,0.0,0.0,0.0,0.0
New Mexico,2004,0.0,0.0,0.0,0.0,0.0,0.0,0.0,0.0,0.0,0.0,0.0,0.0
New Mexico,2005,0.0,0.0,0.0,0.0,0.0,0.0,0.0,0.0,0.0,0.0,0.0,0.0
New Mexico,2006,0.0,0.0,0.0,0.0,0.0,0.0,0.0,0.0,0.0,0.0,0.0,0.0
New Mexico,2007,0.0,0.0,0.0,0.0,0.0,0.0,0.0,0.0,0.0,0.0,0.0,0.0
New Mexico,2008,0.0,0.0,0.0,0.0,0.0,0.0,0.0,0.0,0.0,0.0,0.0,0.0
New Mexico,2009,0.0,0.0,0.0,0.0,0.0,0.0,0.0,0.0,0.0,0.0,0.0,0.0
New Mexico,2010,0.0,0.0,0.0,0.0,0.0,0.0,0.0,0.0,0.0,0.0,0.0,0.0
New Mexico,2011,0.0,0.0,0.0,0.0,0.0,0.0,0.0,0.0,0.0,0.0,0.0,0.0
New Mexico,2012,0.0,0.0,0.0,0.0,0.0,0.0,0.0,0.0,0.0,0.0,0.0,0.0
New Mexico,2013,0.0,0.0,0.0,0.0,0.0,0.0,0.0,0.0,0.0,0.0,0.0,0.0
New Mexico,2014,0.0,0.0,0.0,0.0,0.0,0.0,0.0,0.0,0.0,0.0,0.0,0.0
New Mexico,2015,0.0,0.0,0.0,0.0,0.0,0.0,0.0,0.0,0.0,0.0,0.0,0.0
New Mexico,2016,0.0,0.0,0.0,0.0,0.0,0.0,0.0,0.0,0.0,0.0,0.0,0.0
New Mexico,2017,0.0,0.0,0.0,0.0,0.0,0.0,0.0,0.0,0.0,0.0,0.0,0.0
New Mexico,2018,0.0,0.0,0.0,0.0,0.0,0.0,0.0,0.0,0.0,0.0,0.0,0.0
New Mexico,2019,0.0,0.0,0.0,0.0,0.0,0.0,0.0,0.0,0.0,0.0,0.0,0.0
New Mexico,2020,0.0,0.0,0.0,0.0,0.0,0.0,0.0,0.0,0.0,0.0,0.0,0.0
New Mexico,2021,0.0,0.0,0.0,0.0,0.0,0.0,0.0,0.0,0.0,0.0,0.0,0.0
New Mexico,2022,0.0,0.0,0.0,0.0,0.0,0.0,0.0,0.0,0.0,0.0,0.0,0.0
New Mexico,2023,0.0,0.0,0.0,0.0,0.0,0.0,0.0,0.0,0.0,0.0,0.0,0.0
New Mexico,2024,0.0,0.0,0.0,0.0,0.0,0.0,0.0,0.0,0.0,0.0,0.0,0.0
New Mexico,2025,0.0,0.0,0.0,0.0,0.0,0.0,0.0,0.0,0.0,0.0,0.0,0.0
New York,1989,0.0,0.0,0.0,0.0,0.0,0.0,0.0,0.0,0.0,0.0,0.0,0.0
New York,1990,0.0,0.0,0.0,0.0,0.0,0.0,0.0,0.0,0.0,0.0,0.0,0.0
New York,1991,0.0,0.0,0.0,0.0,0.0,0.0,0.0,0.0,0.0,0.0,0.0,0.0
New York,1992,0.0,0.0,0.0,0.0,0.0,0.0,0.0,0.0,0.0,0.0,0.0,0.0
New York,1993,0.0,0.0,0.0,0.0,0.0,0.0,0.0,0.0,0.0,0.0,0.0,0.0
New York,1994,0.0,0.0,0.0,0.0,0.0,0.0,0.0,0.0,0.0,0.0,0.0,0.0
New York,1995,0.0,0.0,0.0,0.0,0.0,0.0,0.0,0.0,0.0,0.0,0.0,0.0
New York,1996,0.0,0.0,0.0,0.0,0.0,0.0,0.0,0.0,0.0,0.0,0.0,0.0
New York,1997,0.0,0.0,0.0,0.0,0.0,0.0,0.0,0.0,0.0,0.0,0.0,0.0
New York,1998,0.0,0.0,0.0,0.0,0.0,0.0,0.0,0.0,0.0,0.0,0.0,0.0
New York,1999,0.0,0.0,0.0,0.0,0.0,0.0,0.0,0.0,0.0,0.0,0.0,0.0
New York,2000,0.0,0.0,0.0,0.0,0.0,0.0,0.0,0.0,0.0,0.0,0.0,0.0
New York,2001,0.0,0.0,0.0,0.0,0.0,0.0,0.0,0.0,0.0,0.0,0.0,0.0
New York,2002,0.0,0.0,0.0,0.0,0.0,0.0,0.0,0.0,0.0,0.0,0.0,0.0
New York,2003,0.0,0.0,0.0,0.0,0.0,0.0,0.0,0.0,0.0,0.0,0.0,0.0
New York,2004,0.0,0.0,0.0,0.0,0.0,0.0,0.0,0.0,0.0,0.0,0.0,0.0
New York,2005,0.0,0.0,0.0,0.0,0.0,0.0,0.0,0.0,0.0,0.0,0.0,0.0
New York,2006,0.0,0.0,0.0,0.0,0.0,0.0,0.0,0.0,0.0,0.0,0.0,0.0
New York,2007,0.0,0.0,0.0,0.0,0.0,0.0,0.0,0.0,0.0,0.0,0.0,0.0
New York,2008,0.0,0.0,0.0,0.0,0.0,0.0,0.0,0.0,0.0,0.0,0.0,0.0
New York,2009,0.6511578397547652,0.0,0.6511578397547652,0.7478658181035152,0.0,0.7478658181035152,0.019746353919866164,0.0,0.019746353919866164,0.0241809456165455,0.0,0.0241809456165455
New York,2010,0.43326940629526245,0.0,0.43326940629526245,0.4976172583904754,0.0,0.4976172583904754,0.013138889708490116,0.0,0.013138889708490116,0.01608959197187033,0.0,0.01608959197187033
New York,2011,0.37673078427728823,0.0,0.37673078427728823,0.43268169249781535,0.0,0.43268169249781535,0.011424356653142245,0.0,0.011424356653142245,0.013990012943894646,0.0,0.013990012943894646
New York,2012,0.4780906170372325,0.0,0.4780906170372325,0.549095178786178,0.0,0.549095178786178,0.014498092403125832,0.0,0.014498092403125832,0.0177540413468905,0.0,0.0177540413468905
New York,2013,0.6120042792888599,0.0,0.6120042792888599,0.7028972901341253,0.0,0.7028972901341253,0.018559022653957088,0.0,0.018559022653957088,0.022726966168679606,0.0,0.022726966168679606
New York,2014,0.8909588040791769,0.0,0.8909588040791769,1.02328129100027,0.0,1.02328129100027,0.027018315374954183,0.0,0.027018315374954183,0.03308602779954986,0.0,0.03308602779954986
New York,2015,1.2576397380189885,0.0,1.2576397380189885,1.4444205600093574,0.0,1.4444205600093574,0.0381379104334572,0.0,0.0381379104334572,0.046702836476171204,0.0,0.046702836476171204
New York,2016,0.8539210255807351,0.0,0.8539210255807351,0.980742774489579,0.0,0.980742774489579,0.02589514517260926,0.0,0.02589514517260926,0.031710618562419614,0.0,0.031710618562419614
New York,2017,0.7262604034752591,0.0,0.7262604034752591,0.8341223857579131,0.0,0.8341223857579131,0.022023838291508977,0.0,0.022023838291508977,0.026969902299724426,0.0,0.026969902299724426
New York,2018,0.8266842176259735,0.0,0.8266842176259735,0.9494608388051565,0.0,0.9494608388051565,0.0250691892880503,0.0,0.0250691892880503,0.030699171365269343,0.0,0.030699171365269343
New York,2019,0.9797943102948636,0.0,0.9797943102948636,1.1253103759263696,0.0,1.1253103759263696,0.02971225106809744,0.0,0.02971225106809744,0.03638496150420866,0.0,0.03638496150420866
New York,2020,1.292451538353728,0.0,1.292451538353728,1.484402502861802,0.0,1.484402502861802,0.03919357787386822,0.0,0.03919357787386822,0.047995583333101326,0.0,0.047995583333101326
New York,2021,1.7746737642482735,0.0,1.7746737642482735,2.038242904464189,0.0,2.038242904464189,0.05381696126755584,0.0,0.05381696126755584,0.06590305323907228,0.0,0.06590305323907228
New York,2022,2.098130808371574,0.0,2.098130808371574,2.4097388032400078,0.0,2.4097388032400078,0.0636257923699164,0.0,0.0636257923699164,0.07791472954197876,0.0,0.07791472954197876
New York,2023,2.107749314579158,0.0,2.107749314579158,2.420785820682933,0.0,2.420785820682933,0.06391747345883168,0.0,0.06391747345883168,0.0782719157130085,0.0,0.0782719157130085
New York,2024,3.1100645463653334,0.0,3.1100645463653334,3.5719618567415496,0.0,3.5719618567415496,0.09431267120931329,0.0,0.09431267120931329,0.1154931985276094,0.0,0.1154931985276094
New York,2025,0.0,0.0,0.0,0.0,0.0,0.0,0.0,0.0,0.0,0.0,0.0,0.0
New Zealand,1989,0.0,0.0,0.0,0.0,0.0,0.0,NA,NA,NA,NA,NA,NA
New Zealand,1990,0.0,0.0,0.0,0.0,0.0,0.0,NA,NA,NA,NA,NA,NA
New Zealand,1991,0.0,0.0,0.0,0.0,0.0,0.0,NA,NA,NA,NA,NA,NA
New Zealand,1992,0.0,0.0,0.0,0.0,0.0,0.0,NA,NA,NA,NA,NA,NA
New Zealand,1993,0.0,0.0,0.0,0.0,0.0,0.0,NA,NA,NA,NA,NA,NA
New Zealand,1994,0.0,0.0,0.0,0.0,0.0,0.0,NA,NA,NA,NA,NA,NA
New Zealand,1995,0.0,0.0,0.0,0.0,0.0,0.0,NA,NA,NA,NA,NA,NA
New Zealand,1996,0.0,0.0,0.0,0.0,0.0,0.0,NA,NA,NA,NA,NA,NA
New Zealand,1997,0.0,0.0,0.0,0.0,0.0,0.0,NA,NA,NA,NA,NA,NA
New Zealand,1998,0.0,0.0,0.0,0.0,0.0,0.0,NA,NA,NA,NA,NA,NA
New Zealand,1999,0.0,0.0,0.0,0.0,0.0,0.0,NA,NA,NA,NA,NA,NA
New Zealand,2000,0.0,0.0,0.0,0.0,0.0,0.0,NA,NA,NA,NA,NA,NA
New Zealand,2001,0.0,0.0,0.0,0.0,0.0,0.0,NA,NA,NA,NA,NA,NA
New Zealand,2002,0.0,0.0,0.0,0.0,0.0,0.0,NA,NA,NA,NA,NA,NA
New Zealand,2003,0.0,0.0,0.0,0.0,0.0,0.0,NA,NA,NA,NA,NA,NA
New Zealand,2004,0.0,0.0,0.0,0.0,0.0,0.0,NA,NA,NA,NA,NA,NA
New Zealand,2005,0.0,0.0,0.0,0.0,0.0,0.0,NA,NA,NA,NA,NA,NA
New Zealand,2006,0.0,0.0,0.0,0.0,0.0,0.0,NA,NA,NA,NA,NA,NA
New Zealand,2007,0.0,0.0,0.0,0.0,0.0,0.0,NA,NA,NA,NA,NA,NA
New Zealand,2008,0.0,0.0,0.0,0.0,0.0,0.0,NA,NA,NA,NA,NA,NA
New Zealand,2009,0.0,0.0,0.0,0.0,0.0,0.0,NA,NA,NA,NA,NA,NA
New Zealand,2010,5.9505260099540775,0.0,5.9505260099540775,14.449528877705086,0.0,14.449528877705086,NA,NA,NA,NA,NA,NA
New Zealand,2011,5.013575830082895,0.0,5.013575830082895,12.174353765728037,0.0,12.174353765728037,NA,NA,NA,NA,NA,NA
New Zealand,2012,1.6259065238578299,0.0,1.6259065238578299,3.948152353192406,0.0,3.948152353192406,NA,NA,NA,NA,NA,NA
New Zealand,2013,0.7833258611619619,0.0,0.7833258611619619,1.9021326236670504,0.0,1.9021326236670504,NA,NA,NA,NA,NA,NA
New Zealand,2014,1.1282579996884146,0.0,1.1282579996884146,2.7397236010275563,0.0,2.7397236010275563,NA,NA,NA,NA,NA,NA
New Zealand,2015,1.8862645032694294,0.0,1.8862645032694294,4.580373796432158,0.0,4.580373796432158,NA,NA,NA,NA,NA,NA
New Zealand,2016,4.202186656308557,0.0,4.202186656308557,10.204075629325093,0.0,10.204075629325093,NA,NA,NA,NA,NA,NA
New Zealand,2017,4.724396358928427,0.0,4.724396358928427,11.472145740370927,0.0,11.472145740370927,NA,NA,NA,NA,NA,NA
New Zealand,2018,5.877508371144546,0.0,5.877508371144546,14.272221782702857,0.0,14.272221782702857,NA,NA,NA,NA,NA,NA
New Zealand,2019,6.231319771679444,0.0,6.231319771679444,15.131374072893376,0.0,15.131374072893376,NA,NA,NA,NA,NA,NA
New Zealand,2020,7.5917624576572615,0.0,7.5917624576572615,18.434906541218954,0.0,18.434906541218954,NA,NA,NA,NA,NA,NA
New Zealand,2021,11.63437166806092,0.0,11.63437166806092,28.251483836955373,0.0,28.251483836955373,NA,NA,NA,NA,NA,NA
New Zealand,2022,17.61081305697263,0.0,17.61081305697263,42.763942448266974,0.0,42.763942448266974,NA,NA,NA,NA,NA,NA
New Zealand,2023,13.053589161327519,0.0,13.053589161327519,31.697737851877022,0.0,31.697737851877022,NA,NA,NA,NA,NA,NA
New Zealand,2024,12.625707324826077,0.0,12.625707324826077,30.658721982955417,0.0,30.658721982955417,NA,NA,NA,NA,NA,NA
New Zealand,2025,12.334066471091264,0.0,12.334066471091264,29.95053703747153,0.0,29.95053703747153,NA,NA,NA,NA,NA,NA
Newfoundland and Labrador,1989,0.0,0.0,0.0,0.0,0.0,0.0,0.0,0.0,0.0,0.0,0.0,0.0
Newfoundland and Labrador,1990,0.0,0.0,0.0,0.0,0.0,0.0,0.0,0.0,0.0,0.0,0.0,0.0
Newfoundland and Labrador,1991,0.0,0.0,0.0,0.0,0.0,0.0,0.0,0.0,0.0,0.0,0.0,0.0
Newfoundland and Labrador,1992,0.0,0.0,0.0,0.0,0.0,0.0,0.0,0.0,0.0,0.0,0.0,0.0
Newfoundland and Labrador,1993,0.0,0.0,0.0,0.0,0.0,0.0,0.0,0.0,0.0,0.0,0.0,0.0
Newfoundland and Labrador,1994,0.0,0.0,0.0,0.0,0.0,0.0,0.0,0.0,0.0,0.0,0.0,0.0
Newfoundland and Labrador,1995,0.0,0.0,0.0,0.0,0.0,0.0,0.0,0.0,0.0,0.0,0.0,0.0
Newfoundland and Labrador,1996,0.0,0.0,0.0,0.0,0.0,0.0,0.0,0.0,0.0,0.0,0.0,0.0
Newfoundland and Labrador,1997,0.0,0.0,0.0,0.0,0.0,0.0,0.0,0.0,0.0,0.0,0.0,0.0
Newfoundland and Labrador,1998,0.0,0.0,0.0,0.0,0.0,0.0,0.0,0.0,0.0,0.0,0.0,0.0
Newfoundland and Labrador,1999,0.0,0.0,0.0,0.0,0.0,0.0,0.0,0.0,0.0,0.0,0.0,0.0
Newfoundland and Labrador,2000,0.0,0.0,0.0,0.0,0.0,0.0,0.0,0.0,0.0,0.0,0.0,0.0
Newfoundland and Labrador,2001,0.0,0.0,0.0,0.0,0.0,0.0,0.0,0.0,0.0,0.0,0.0,0.0
Newfoundland and Labrador,2002,0.0,0.0,0.0,0.0,0.0,0.0,0.0,0.0,0.0,0.0,0.0,0.0
Newfoundland and Labrador,2003,0.0,0.0,0.0,0.0,0.0,0.0,0.0,0.0,0.0,0.0,0.0,0.0
Newfoundland and Labrador,2004,0.0,0.0,0.0,0.0,0.0,0.0,0.0,0.0,0.0,0.0,0.0,0.0
Newfoundland and Labrador,2005,0.0,0.0,0.0,0.0,0.0,0.0,0.0,0.0,0.0,0.0,0.0,0.0
Newfoundland and Labrador,2006,0.0,0.0,0.0,0.0,0.0,0.0,0.0,0.0,0.0,0.0,0.0,0.0
Newfoundland and Labrador,2007,0.0,0.0,0.0,0.0,0.0,0.0,0.0,0.0,0.0,0.0,0.0,0.0
Newfoundland and Labrador,2008,0.0,0.0,0.0,0.0,0.0,0.0,0.0,0.0,0.0,0.0,0.0,0.0
Newfoundland and Labrador,2009,0.0,0.0,0.0,0.0,0.0,0.0,0.0,0.0,0.0,0.0,0.0,0.0
Newfoundland and Labrador,2010,0.0,0.0,0.0,0.0,0.0,0.0,0.0,0.0,0.0,0.0,0.0,0.0
Newfoundland and Labrador,2011,0.0,0.0,0.0,0.0,0.0,0.0,0.0,0.0,0.0,0.0,0.0,0.0
Newfoundland and Labrador,2012,0.0,0.0,0.0,0.0,0.0,0.0,0.0,0.0,0.0,0.0,0.0,0.0
Newfoundland and Labrador,2013,0.0,0.0,0.0,0.0,0.0,0.0,0.0,0.0,0.0,0.0,0.0,0.0
Newfoundland and Labrador,2014,0.0,0.0,0.0,0.0,0.0,0.0,0.0,0.0,0.0,0.0,0.0,0.0
Newfoundland and Labrador,2015,0.0,0.0,0.0,0.0,0.0,0.0,0.0,0.0,0.0,0.0,0.0,0.0
Newfoundland and Labrador,2016,0.0,0.0,0.0,0.0,0.0,0.0,0.0,0.0,0.0,0.0,0.0,0.0
Newfoundland and Labrador,2017,0.0,0.0,0.0,0.0,0.0,0.0,0.0,0.0,0.0,0.0,0.0,0.0
Newfoundland and Labrador,2018,0.0,0.0,0.0,0.0,0.0,0.0,0.0,0.0,0.0,0.0,0.0,0.0
Newfoundland and Labrador,2019,0.0,0.0,0.0,0.0,0.0,0.0,0.0,0.0,0.0,0.0,0.0,0.0
Newfoundland and Labrador,2020,0.0,0.0,0.0,0.0,0.0,0.0,0.0,0.0,0.0,0.0,0.0,0.0
Newfoundland and Labrador,2021,0.0,0.0,0.0,0.0,0.0,0.0,0.0,0.0,0.0,0.0,0.0,0.0
Newfoundland and Labrador,2022,0.0,0.0,0.0,0.0,0.0,0.0,0.0,0.0,0.0,0.0,0.0,0.0
Newfoundland and Labrador,2023,0.0,0.0,0.0,0.0,0.0,0.0,0.0,0.0,0.0,0.0,0.0,0.0
Newfoundland and Labrador,2024,0.0,0.0,0.0,0.0,0.0,0.0,0.0,0.0,0.0,0.0,0.0,0.0
Newfoundland and Labrador,2025,0.0,0.0,0.0,0.0,0.0,0.0,0.0,0.0,0.0,0.0,0.0,0.0
Nicaragua,1989,0.0,0.0,0.0,0.0,0.0,0.0,NA,NA,NA,NA,NA,NA
Nicaragua,1990,0.0,0.0,0.0,0.0,0.0,0.0,NA,NA,NA,NA,NA,NA
Nicaragua,1991,0.0,0.0,0.0,0.0,0.0,0.0,NA,NA,NA,NA,NA,NA
Nicaragua,1992,0.0,0.0,0.0,0.0,0.0,0.0,NA,NA,NA,NA,NA,NA
Nicaragua,1993,0.0,0.0,0.0,0.0,0.0,0.0,NA,NA,NA,NA,NA,NA
Nicaragua,1994,0.0,0.0,0.0,0.0,0.0,0.0,NA,NA,NA,NA,NA,NA
Nicaragua,1995,0.0,0.0,0.0,0.0,0.0,0.0,NA,NA,NA,NA,NA,NA
Nicaragua,1996,0.0,0.0,0.0,0.0,0.0,0.0,NA,NA,NA,NA,NA,NA
Nicaragua,1997,0.0,0.0,0.0,0.0,0.0,0.0,NA,NA,NA,NA,NA,NA
Nicaragua,1998,0.0,0.0,0.0,0.0,0.0,0.0,NA,NA,NA,NA,NA,NA
Nicaragua,1999,0.0,0.0,0.0,0.0,0.0,0.0,NA,NA,NA,NA,NA,NA
Nicaragua,2000,0.0,0.0,0.0,0.0,0.0,0.0,NA,NA,NA,NA,NA,NA
Nicaragua,2001,0.0,0.0,0.0,0.0,0.0,0.0,NA,NA,NA,NA,NA,NA
Nicaragua,2002,0.0,0.0,0.0,0.0,0.0,0.0,NA,NA,NA,NA,NA,NA
Nicaragua,2003,0.0,0.0,0.0,0.0,0.0,0.0,NA,NA,NA,NA,NA,NA
Nicaragua,2004,0.0,0.0,0.0,0.0,0.0,0.0,NA,NA,NA,NA,NA,NA
Nicaragua,2005,0.0,0.0,0.0,0.0,0.0,0.0,NA,NA,NA,NA,NA,NA
Nicaragua,2006,0.0,0.0,0.0,0.0,0.0,0.0,NA,NA,NA,NA,NA,NA
Nicaragua,2007,0.0,0.0,0.0,0.0,0.0,0.0,NA,NA,NA,NA,NA,NA
Nicaragua,2008,0.0,0.0,0.0,0.0,0.0,0.0,NA,NA,NA,NA,NA,NA
Nicaragua,2009,0.0,0.0,0.0,0.0,0.0,0.0,NA,NA,NA,NA,NA,NA
Nicaragua,2010,0.0,0.0,0.0,0.0,0.0,0.0,NA,NA,NA,NA,NA,NA
Nicaragua,2011,0.0,0.0,0.0,0.0,0.0,0.0,NA,NA,NA,NA,NA,NA
Nicaragua,2012,0.0,0.0,0.0,0.0,0.0,0.0,NA,NA,NA,NA,NA,NA
Nicaragua,2013,0.0,0.0,0.0,0.0,0.0,0.0,NA,NA,NA,NA,NA,NA
Nicaragua,2014,0.0,0.0,0.0,0.0,0.0,0.0,NA,NA,NA,NA,NA,NA
Nicaragua,2015,0.0,0.0,0.0,0.0,0.0,0.0,NA,NA,NA,NA,NA,NA
Nicaragua,2016,0.0,0.0,0.0,0.0,0.0,0.0,NA,NA,NA,NA,NA,NA
Nicaragua,2017,0.0,0.0,0.0,0.0,0.0,0.0,NA,NA,NA,NA,NA,NA
Nicaragua,2018,0.0,0.0,0.0,0.0,0.0,0.0,NA,NA,NA,NA,NA,NA
Nicaragua,2019,0.0,0.0,0.0,0.0,0.0,0.0,NA,NA,NA,NA,NA,NA
Nicaragua,2020,0.0,0.0,0.0,0.0,0.0,0.0,NA,NA,NA,NA,NA,NA
Nicaragua,2021,0.0,0.0,0.0,0.0,0.0,0.0,NA,NA,NA,NA,NA,NA
Nicaragua,2022,0.0,0.0,0.0,0.0,0.0,0.0,NA,NA,NA,NA,NA,NA
Nicaragua,2023,0.0,0.0,0.0,0.0,0.0,0.0,NA,NA,NA,NA,NA,NA
Nicaragua,2024,0.0,0.0,0.0,0.0,0.0,0.0,NA,NA,NA,NA,NA,NA
Nicaragua,2025,0.0,0.0,0.0,0.0,0.0,0.0,NA,NA,NA,NA,NA,NA
Niger,1989,0.0,0.0,0.0,0.0,0.0,0.0,NA,NA,NA,NA,NA,NA
Niger,1990,0.0,0.0,0.0,0.0,0.0,0.0,NA,NA,NA,NA,NA,NA
Niger,1991,0.0,0.0,0.0,0.0,0.0,0.0,NA,NA,NA,NA,NA,NA
Niger,1992,0.0,0.0,0.0,0.0,0.0,0.0,NA,NA,NA,NA,NA,NA
Niger,1993,0.0,0.0,0.0,0.0,0.0,0.0,NA,NA,NA,NA,NA,NA
Niger,1994,0.0,0.0,0.0,0.0,0.0,0.0,NA,NA,NA,NA,NA,NA
Niger,1995,0.0,0.0,0.0,0.0,0.0,0.0,NA,NA,NA,NA,NA,NA
Niger,1996,0.0,0.0,0.0,0.0,0.0,0.0,NA,NA,NA,NA,NA,NA
Niger,1997,0.0,0.0,0.0,0.0,0.0,0.0,NA,NA,NA,NA,NA,NA
Niger,1998,0.0,0.0,0.0,0.0,0.0,0.0,NA,NA,NA,NA,NA,NA
Niger,1999,0.0,0.0,0.0,0.0,0.0,0.0,NA,NA,NA,NA,NA,NA
Niger,2000,0.0,0.0,0.0,0.0,0.0,0.0,NA,NA,NA,NA,NA,NA
Niger,2001,0.0,0.0,0.0,0.0,0.0,0.0,NA,NA,NA,NA,NA,NA
Niger,2002,0.0,0.0,0.0,0.0,0.0,0.0,NA,NA,NA,NA,NA,NA
Niger,2003,0.0,0.0,0.0,0.0,0.0,0.0,NA,NA,NA,NA,NA,NA
Niger,2004,0.0,0.0,0.0,0.0,0.0,0.0,NA,NA,NA,NA,NA,NA
Niger,2005,0.0,0.0,0.0,0.0,0.0,0.0,NA,NA,NA,NA,NA,NA
Niger,2006,0.0,0.0,0.0,0.0,0.0,0.0,NA,NA,NA,NA,NA,NA
Niger,2007,0.0,0.0,0.0,0.0,0.0,0.0,NA,NA,NA,NA,NA,NA
Niger,2008,0.0,0.0,0.0,0.0,0.0,0.0,NA,NA,NA,NA,NA,NA
Niger,2009,0.0,0.0,0.0,0.0,0.0,0.0,NA,NA,NA,NA,NA,NA
Niger,2010,0.0,0.0,0.0,0.0,0.0,0.0,NA,NA,NA,NA,NA,NA
Niger,2011,0.0,0.0,0.0,0.0,0.0,0.0,NA,NA,NA,NA,NA,NA
Niger,2012,0.0,0.0,0.0,0.0,0.0,0.0,NA,NA,NA,NA,NA,NA
Niger,2013,0.0,0.0,0.0,0.0,0.0,0.0,NA,NA,NA,NA,NA,NA
Niger,2014,0.0,0.0,0.0,0.0,0.0,0.0,NA,NA,NA,NA,NA,NA
Niger,2015,0.0,0.0,0.0,0.0,0.0,0.0,NA,NA,NA,NA,NA,NA
Niger,2016,0.0,0.0,0.0,0.0,0.0,0.0,NA,NA,NA,NA,NA,NA
Niger,2017,0.0,0.0,0.0,0.0,0.0,0.0,NA,NA,NA,NA,NA,NA
Niger,2018,0.0,0.0,0.0,0.0,0.0,0.0,NA,NA,NA,NA,NA,NA
Niger,2019,0.0,0.0,0.0,0.0,0.0,0.0,NA,NA,NA,NA,NA,NA
Niger,2020,0.0,0.0,0.0,0.0,0.0,0.0,NA,NA,NA,NA,NA,NA
Niger,2021,0.0,0.0,0.0,0.0,0.0,0.0,NA,NA,NA,NA,NA,NA
Niger,2022,0.0,0.0,0.0,0.0,0.0,0.0,NA,NA,NA,NA,NA,NA
Niger,2023,0.0,0.0,0.0,0.0,0.0,0.0,NA,NA,NA,NA,NA,NA
Niger,2024,0.0,0.0,0.0,0.0,0.0,0.0,NA,NA,NA,NA,NA,NA
Niger,2025,0.0,0.0,0.0,0.0,0.0,0.0,NA,NA,NA,NA,NA,NA
Nigeria,1989,0.0,0.0,0.0,0.0,0.0,0.0,NA,NA,NA,NA,NA,NA
Nigeria,1990,0.0,0.0,0.0,0.0,0.0,0.0,NA,NA,NA,NA,NA,NA
Nigeria,1991,0.0,0.0,0.0,0.0,0.0,0.0,NA,NA,NA,NA,NA,NA
Nigeria,1992,0.0,0.0,0.0,0.0,0.0,0.0,NA,NA,NA,NA,NA,NA
Nigeria,1993,0.0,0.0,0.0,0.0,0.0,0.0,NA,NA,NA,NA,NA,NA
Nigeria,1994,0.0,0.0,0.0,0.0,0.0,0.0,NA,NA,NA,NA,NA,NA
Nigeria,1995,0.0,0.0,0.0,0.0,0.0,0.0,NA,NA,NA,NA,NA,NA
Nigeria,1996,0.0,0.0,0.0,0.0,0.0,0.0,NA,NA,NA,NA,NA,NA
Nigeria,1997,0.0,0.0,0.0,0.0,0.0,0.0,NA,NA,NA,NA,NA,NA
Nigeria,1998,0.0,0.0,0.0,0.0,0.0,0.0,NA,NA,NA,NA,NA,NA
Nigeria,1999,0.0,0.0,0.0,0.0,0.0,0.0,NA,NA,NA,NA,NA,NA
Nigeria,2000,0.0,0.0,0.0,0.0,0.0,0.0,NA,NA,NA,NA,NA,NA
Nigeria,2001,0.0,0.0,0.0,0.0,0.0,0.0,NA,NA,NA,NA,NA,NA
Nigeria,2002,0.0,0.0,0.0,0.0,0.0,0.0,NA,NA,NA,NA,NA,NA
Nigeria,2003,0.0,0.0,0.0,0.0,0.0,0.0,NA,NA,NA,NA,NA,NA
Nigeria,2004,0.0,0.0,0.0,0.0,0.0,0.0,NA,NA,NA,NA,NA,NA
Nigeria,2005,0.0,0.0,0.0,0.0,0.0,0.0,NA,NA,NA,NA,NA,NA
Nigeria,2006,0.0,0.0,0.0,0.0,0.0,0.0,NA,NA,NA,NA,NA,NA
Nigeria,2007,0.0,0.0,0.0,0.0,0.0,0.0,NA,NA,NA,NA,NA,NA
Nigeria,2008,0.0,0.0,0.0,0.0,0.0,0.0,NA,NA,NA,NA,NA,NA
Nigeria,2009,0.0,0.0,0.0,0.0,0.0,0.0,NA,NA,NA,NA,NA,NA
Nigeria,2010,0.0,0.0,0.0,0.0,0.0,0.0,NA,NA,NA,NA,NA,NA
Nigeria,2011,0.0,0.0,0.0,0.0,0.0,0.0,NA,NA,NA,NA,NA,NA
Nigeria,2012,0.0,0.0,0.0,0.0,0.0,0.0,NA,NA,NA,NA,NA,NA
Nigeria,2013,0.0,0.0,0.0,0.0,0.0,0.0,NA,NA,NA,NA,NA,NA
Nigeria,2014,0.0,0.0,0.0,0.0,0.0,0.0,NA,NA,NA,NA,NA,NA
Nigeria,2015,0.0,0.0,0.0,0.0,0.0,0.0,NA,NA,NA,NA,NA,NA
Nigeria,2016,0.0,0.0,0.0,0.0,0.0,0.0,NA,NA,NA,NA,NA,NA
Nigeria,2017,0.0,0.0,0.0,0.0,0.0,0.0,NA,NA,NA,NA,NA,NA
Nigeria,2018,0.0,0.0,0.0,0.0,0.0,0.0,NA,NA,NA,NA,NA,NA
Nigeria,2019,0.0,0.0,0.0,0.0,0.0,0.0,NA,NA,NA,NA,NA,NA
Nigeria,2020,0.0,0.0,0.0,0.0,0.0,0.0,NA,NA,NA,NA,NA,NA
Nigeria,2021,0.0,0.0,0.0,0.0,0.0,0.0,NA,NA,NA,NA,NA,NA
Nigeria,2022,0.0,0.0,0.0,0.0,0.0,0.0,NA,NA,NA,NA,NA,NA
Nigeria,2023,0.0,0.0,0.0,0.0,0.0,0.0,NA,NA,NA,NA,NA,NA
Nigeria,2024,0.0,0.0,0.0,0.0,0.0,0.0,NA,NA,NA,NA,NA,NA
Nigeria,2025,0.0,0.0,0.0,0.0,0.0,0.0,NA,NA,NA,NA,NA,NA
Niigata,1989,0.0,0.0,0.0,0.0,0.0,0.0,0.0,0.0,0.0,0.0,0.0,0.0
Niigata,1990,0.0,0.0,0.0,0.0,0.0,0.0,0.0,0.0,0.0,0.0,0.0,0.0
Niigata,1991,0.0,0.0,0.0,0.0,0.0,0.0,0.0,0.0,0.0,0.0,0.0,0.0
Niigata,1992,0.0,0.0,0.0,0.0,0.0,0.0,0.0,0.0,0.0,0.0,0.0,0.0
Niigata,1993,0.0,0.0,0.0,0.0,0.0,0.0,0.0,0.0,0.0,0.0,0.0,0.0
Niigata,1994,0.0,0.0,0.0,0.0,0.0,0.0,0.0,0.0,0.0,0.0,0.0,0.0
Niigata,1995,0.0,0.0,0.0,0.0,0.0,0.0,0.0,0.0,0.0,0.0,0.0,0.0
Niigata,1996,0.0,0.0,0.0,0.0,0.0,0.0,0.0,0.0,0.0,0.0,0.0,0.0
Niigata,1997,0.0,0.0,0.0,0.0,0.0,0.0,0.0,0.0,0.0,0.0,0.0,0.0
Niigata,1998,0.0,0.0,0.0,0.0,0.0,0.0,0.0,0.0,0.0,0.0,0.0,0.0
Niigata,1999,0.0,0.0,0.0,0.0,0.0,0.0,0.0,0.0,0.0,0.0,0.0,0.0
Niigata,2000,0.0,0.0,0.0,0.0,0.0,0.0,0.0,0.0,0.0,0.0,0.0,0.0
Niigata,2001,0.0,0.0,0.0,0.0,0.0,0.0,0.0,0.0,0.0,0.0,0.0,0.0
Niigata,2002,0.0,0.0,0.0,0.0,0.0,0.0,0.0,0.0,0.0,0.0,0.0,0.0
Niigata,2003,0.0,0.0,0.0,0.0,0.0,0.0,0.0,0.0,0.0,0.0,0.0,0.0
Niigata,2004,0.0,0.0,0.0,0.0,0.0,0.0,0.0,0.0,0.0,0.0,0.0,0.0
Niigata,2005,0.0,0.0,0.0,0.0,0.0,0.0,0.0,0.0,0.0,0.0,0.0,0.0
Niigata,2006,0.0,0.0,0.0,0.0,0.0,0.0,0.0,0.0,0.0,0.0,0.0,0.0
Niigata,2007,0.0,0.0,0.0,0.0,0.0,0.0,0.0,0.0,0.0,0.0,0.0,0.0
Niigata,2008,0.0,0.0,0.0,0.0,0.0,0.0,0.0,0.0,0.0,0.0,0.0,0.0
Niigata,2009,0.0,0.0,0.0,0.0,0.0,0.0,0.0,0.0,0.0,0.0,0.0,0.0
Niigata,2010,0.0,0.0,0.0,0.0,0.0,0.0,0.0,0.0,0.0,0.0,0.0,0.0
Niigata,2011,0.0,0.0,0.0,0.0,0.0,0.0,0.0,0.0,0.0,0.0,0.0,0.0
Niigata,2012,0.0,0.0,0.0,0.0,0.0,0.0,0.0,0.0,0.0,0.0,0.0,0.0
Niigata,2013,0.0,0.0,0.0,0.0,0.0,0.0,0.0,0.0,0.0,0.0,0.0,0.0
Niigata,2014,0.0,0.0,0.0,0.0,0.0,0.0,0.0,0.0,0.0,0.0,0.0,0.0
Niigata,2015,0.0,0.0,0.0,0.0,0.0,0.0,0.0,0.0,0.0,0.0,0.0,0.0
Niigata,2016,0.0,0.0,0.0,0.0,0.0,0.0,0.0,0.0,0.0,0.0,0.0,0.0
Niigata,2017,0.0,0.0,0.0,0.0,0.0,0.0,0.0,0.0,0.0,0.0,0.0,0.0
Niigata,2018,0.0,0.0,0.0,0.0,0.0,0.0,0.0,0.0,0.0,0.0,0.0,0.0
Niigata,2019,0.0,0.0,0.0,0.0,0.0,0.0,0.0,0.0,0.0,0.0,0.0,0.0
Niigata,2020,0.0,0.0,0.0,0.0,0.0,0.0,0.0,0.0,0.0,0.0,0.0,0.0
Niigata,2021,0.0,0.0,0.0,0.0,0.0,0.0,0.0,0.0,0.0,0.0,0.0,0.0
Niigata,2022,0.0,0.0,0.0,0.0,0.0,0.0,0.0,0.0,0.0,0.0,0.0,0.0
Niigata,2023,0.0,0.0,0.0,0.0,0.0,0.0,0.0,0.0,0.0,0.0,0.0,0.0
Niigata,2024,0.0,0.0,0.0,0.0,0.0,0.0,0.0,0.0,0.0,0.0,0.0,0.0
Niigata,2025,0.0,0.0,0.0,0.0,0.0,0.0,0.0,0.0,0.0,0.0,0.0,0.0
Ningxia Hui Autonomous Region,1989,0.0,0.0,0.0,0.0,0.0,0.0,0.0,0.0,0.0,0.0,0.0,0.0
Ningxia Hui Autonomous Region,1990,0.0,0.0,0.0,0.0,0.0,0.0,0.0,0.0,0.0,0.0,0.0,0.0
Ningxia Hui Autonomous Region,1991,0.0,0.0,0.0,0.0,0.0,0.0,0.0,0.0,0.0,0.0,0.0,0.0
Ningxia Hui Autonomous Region,1992,0.0,0.0,0.0,0.0,0.0,0.0,0.0,0.0,0.0,0.0,0.0,0.0
Ningxia Hui Autonomous Region,1993,0.0,0.0,0.0,0.0,0.0,0.0,0.0,0.0,0.0,0.0,0.0,0.0
Ningxia Hui Autonomous Region,1994,0.0,0.0,0.0,0.0,0.0,0.0,0.0,0.0,0.0,0.0,0.0,0.0
Ningxia Hui Autonomous Region,1995,0.0,0.0,0.0,0.0,0.0,0.0,0.0,0.0,0.0,0.0,0.0,0.0
Ningxia Hui Autonomous Region,1996,0.0,0.0,0.0,0.0,0.0,0.0,0.0,0.0,0.0,0.0,0.0,0.0
Ningxia Hui Autonomous Region,1997,0.0,0.0,0.0,0.0,0.0,0.0,0.0,0.0,0.0,0.0,0.0,0.0
Ningxia Hui Autonomous Region,1998,0.0,0.0,0.0,0.0,0.0,0.0,0.0,0.0,0.0,0.0,0.0,0.0
Ningxia Hui Autonomous Region,1999,0.0,0.0,0.0,0.0,0.0,0.0,0.0,0.0,0.0,0.0,0.0,0.0
Ningxia Hui Autonomous Region,2000,0.0,0.0,0.0,0.0,0.0,0.0,0.0,0.0,0.0,0.0,0.0,0.0
Ningxia Hui Autonomous Region,2001,0.0,0.0,0.0,0.0,0.0,0.0,0.0,0.0,0.0,0.0,0.0,0.0
Ningxia Hui Autonomous Region,2002,0.0,0.0,0.0,0.0,0.0,0.0,0.0,0.0,0.0,0.0,0.0,0.0
Ningxia Hui Autonomous Region,2003,0.0,0.0,0.0,0.0,0.0,0.0,0.0,0.0,0.0,0.0,0.0,0.0
Ningxia Hui Autonomous Region,2004,0.0,0.0,0.0,0.0,0.0,0.0,0.0,0.0,0.0,0.0,0.0,0.0
Ningxia Hui Autonomous Region,2005,0.0,0.0,0.0,0.0,0.0,0.0,0.0,0.0,0.0,0.0,0.0,0.0
Ningxia Hui Autonomous Region,2006,0.0,0.0,0.0,0.0,0.0,0.0,0.0,0.0,0.0,0.0,0.0,0.0
Ningxia Hui Autonomous Region,2007,0.0,0.0,0.0,0.0,0.0,0.0,0.0,0.0,0.0,0.0,0.0,0.0
Ningxia Hui Autonomous Region,2008,0.0,0.0,0.0,0.0,0.0,0.0,0.0,0.0,0.0,0.0,0.0,0.0
Ningxia Hui Autonomous Region,2009,0.0,0.0,0.0,0.0,0.0,0.0,0.0,0.0,0.0,0.0,0.0,0.0
Ningxia Hui Autonomous Region,2010,0.0,0.0,0.0,0.0,0.0,0.0,0.0,0.0,0.0,0.0,0.0,0.0
Ningxia Hui Autonomous Region,2011,0.0,0.0,0.0,0.0,0.0,0.0,0.0,0.0,0.0,0.0,0.0,0.0
Ningxia Hui Autonomous Region,2012,0.0,0.0,0.0,0.0,0.0,0.0,0.0,0.0,0.0,0.0,0.0,0.0
Ningxia Hui Autonomous Region,2013,0.0,0.0,0.0,0.0,0.0,0.0,0.0,0.0,0.0,0.0,0.0,0.0
Ningxia Hui Autonomous Region,2014,0.0,0.0,0.0,0.0,0.0,0.0,0.0,0.0,0.0,0.0,0.0,0.0
Ningxia Hui Autonomous Region,2015,0.0,0.0,0.0,0.0,0.0,0.0,0.0,0.0,0.0,0.0,0.0,0.0
Ningxia Hui Autonomous Region,2016,0.0,0.0,0.0,0.0,0.0,0.0,0.0,0.0,0.0,0.0,0.0,0.0
Ningxia Hui Autonomous Region,2017,0.0,0.0,0.0,0.0,0.0,0.0,0.0,0.0,0.0,0.0,0.0,0.0
Ningxia Hui Autonomous Region,2018,0.0,0.0,0.0,0.0,0.0,0.0,0.0,0.0,0.0,0.0,0.0,0.0
Ningxia Hui Autonomous Region,2019,0.0,0.0,0.0,0.0,0.0,0.0,0.0,0.0,0.0,0.0,0.0,0.0
Ningxia Hui Autonomous Region,2020,0.0,0.0,0.0,0.0,0.0,0.0,0.0,0.0,0.0,0.0,0.0,0.0
Ningxia Hui Autonomous Region,2021,0.0,0.0,0.0,0.0,0.0,0.0,0.0,0.0,0.0,0.0,0.0,0.0
Ningxia Hui Autonomous Region,2022,0.0,0.0,0.0,0.0,0.0,0.0,0.0,0.0,0.0,0.0,0.0,0.0
Ningxia Hui Autonomous Region,2023,0.0,0.0,0.0,0.0,0.0,0.0,0.0,0.0,0.0,0.0,0.0,0.0
Ningxia Hui Autonomous Region,2024,0.0,0.0,0.0,0.0,0.0,0.0,0.0,0.0,0.0,0.0,0.0,0.0
Ningxia Hui Autonomous Region,2025,0.0,0.0,0.0,0.0,0.0,0.0,0.0,0.0,0.0,0.0,0.0,0.0
North Carolina,1989,0.0,0.0,0.0,0.0,0.0,0.0,0.0,0.0,0.0,0.0,0.0,0.0
North Carolina,1990,0.0,0.0,0.0,0.0,0.0,0.0,0.0,0.0,0.0,0.0,0.0,0.0
North Carolina,1991,0.0,0.0,0.0,0.0,0.0,0.0,0.0,0.0,0.0,0.0,0.0,0.0
North Carolina,1992,0.0,0.0,0.0,0.0,0.0,0.0,0.0,0.0,0.0,0.0,0.0,0.0
North Carolina,1993,0.0,0.0,0.0,0.0,0.0,0.0,0.0,0.0,0.0,0.0,0.0,0.0
North Carolina,1994,0.0,0.0,0.0,0.0,0.0,0.0,0.0,0.0,0.0,0.0,0.0,0.0
North Carolina,1995,0.0,0.0,0.0,0.0,0.0,0.0,0.0,0.0,0.0,0.0,0.0,0.0
North Carolina,1996,0.0,0.0,0.0,0.0,0.0,0.0,0.0,0.0,0.0,0.0,0.0,0.0
North Carolina,1997,0.0,0.0,0.0,0.0,0.0,0.0,0.0,0.0,0.0,0.0,0.0,0.0
North Carolina,1998,0.0,0.0,0.0,0.0,0.0,0.0,0.0,0.0,0.0,0.0,0.0,0.0
North Carolina,1999,0.0,0.0,0.0,0.0,0.0,0.0,0.0,0.0,0.0,0.0,0.0,0.0
North Carolina,2000,0.0,0.0,0.0,0.0,0.0,0.0,0.0,0.0,0.0,0.0,0.0,0.0
North Carolina,2001,0.0,0.0,0.0,0.0,0.0,0.0,0.0,0.0,0.0,0.0,0.0,0.0
North Carolina,2002,0.0,0.0,0.0,0.0,0.0,0.0,0.0,0.0,0.0,0.0,0.0,0.0
North Carolina,2003,0.0,0.0,0.0,0.0,0.0,0.0,0.0,0.0,0.0,0.0,0.0,0.0
North Carolina,2004,0.0,0.0,0.0,0.0,0.0,0.0,0.0,0.0,0.0,0.0,0.0,0.0
North Carolina,2005,0.0,0.0,0.0,0.0,0.0,0.0,0.0,0.0,0.0,0.0,0.0,0.0
North Carolina,2006,0.0,0.0,0.0,0.0,0.0,0.0,0.0,0.0,0.0,0.0,0.0,0.0
North Carolina,2007,0.0,0.0,0.0,0.0,0.0,0.0,0.0,0.0,0.0,0.0,0.0,0.0
North Carolina,2008,0.0,0.0,0.0,0.0,0.0,0.0,0.0,0.0,0.0,0.0,0.0,0.0
North Carolina,2009,0.0,0.0,0.0,0.0,0.0,0.0,0.0,0.0,0.0,0.0,0.0,0.0
North Carolina,2010,0.0,0.0,0.0,0.0,0.0,0.0,0.0,0.0,0.0,0.0,0.0,0.0
North Carolina,2011,0.0,0.0,0.0,0.0,0.0,0.0,0.0,0.0,0.0,0.0,0.0,0.0
North Carolina,2012,0.0,0.0,0.0,0.0,0.0,0.0,0.0,0.0,0.0,0.0,0.0,0.0
North Carolina,2013,0.0,0.0,0.0,0.0,0.0,0.0,0.0,0.0,0.0,0.0,0.0,0.0
North Carolina,2014,0.0,0.0,0.0,0.0,0.0,0.0,0.0,0.0,0.0,0.0,0.0,0.0
North Carolina,2015,0.0,0.0,0.0,0.0,0.0,0.0,0.0,0.0,0.0,0.0,0.0,0.0
North Carolina,2016,0.0,0.0,0.0,0.0,0.0,0.0,0.0,0.0,0.0,0.0,0.0,0.0
North Carolina,2017,0.0,0.0,0.0,0.0,0.0,0.0,0.0,0.0,0.0,0.0,0.0,0.0
North Carolina,2018,0.0,0.0,0.0,0.0,0.0,0.0,0.0,0.0,0.0,0.0,0.0,0.0
North Carolina,2019,0.0,0.0,0.0,0.0,0.0,0.0,0.0,0.0,0.0,0.0,0.0,0.0
North Carolina,2020,0.0,0.0,0.0,0.0,0.0,0.0,0.0,0.0,0.0,0.0,0.0,0.0
North Carolina,2021,0.0,0.0,0.0,0.0,0.0,0.0,0.0,0.0,0.0,0.0,0.0,0.0
North Carolina,2022,0.0,0.0,0.0,0.0,0.0,0.0,0.0,0.0,0.0,0.0,0.0,0.0
North Carolina,2023,0.0,0.0,0.0,0.0,0.0,0.0,0.0,0.0,0.0,0.0,0.0,0.0
North Carolina,2024,0.0,0.0,0.0,0.0,0.0,0.0,0.0,0.0,0.0,0.0,0.0,0.0
North Carolina,2025,0.0,0.0,0.0,0.0,0.0,0.0,0.0,0.0,0.0,0.0,0.0,0.0
North Dakota,1989,0.0,0.0,0.0,0.0,0.0,0.0,0.0,0.0,0.0,0.0,0.0,0.0
North Dakota,1990,0.0,0.0,0.0,0.0,0.0,0.0,0.0,0.0,0.0,0.0,0.0,0.0
North Dakota,1991,0.0,0.0,0.0,0.0,0.0,0.0,0.0,0.0,0.0,0.0,0.0,0.0
North Dakota,1992,0.0,0.0,0.0,0.0,0.0,0.0,0.0,0.0,0.0,0.0,0.0,0.0
North Dakota,1993,0.0,0.0,0.0,0.0,0.0,0.0,0.0,0.0,0.0,0.0,0.0,0.0
North Dakota,1994,0.0,0.0,0.0,0.0,0.0,0.0,0.0,0.0,0.0,0.0,0.0,0.0
North Dakota,1995,0.0,0.0,0.0,0.0,0.0,0.0,0.0,0.0,0.0,0.0,0.0,0.0
North Dakota,1996,0.0,0.0,0.0,0.0,0.0,0.0,0.0,0.0,0.0,0.0,0.0,0.0
North Dakota,1997,0.0,0.0,0.0,0.0,0.0,0.0,0.0,0.0,0.0,0.0,0.0,0.0
North Dakota,1998,0.0,0.0,0.0,0.0,0.0,0.0,0.0,0.0,0.0,0.0,0.0,0.0
North Dakota,1999,0.0,0.0,0.0,0.0,0.0,0.0,0.0,0.0,0.0,0.0,0.0,0.0
North Dakota,2000,0.0,0.0,0.0,0.0,0.0,0.0,0.0,0.0,0.0,0.0,0.0,0.0
North Dakota,2001,0.0,0.0,0.0,0.0,0.0,0.0,0.0,0.0,0.0,0.0,0.0,0.0
North Dakota,2002,0.0,0.0,0.0,0.0,0.0,0.0,0.0,0.0,0.0,0.0,0.0,0.0
North Dakota,2003,0.0,0.0,0.0,0.0,0.0,0.0,0.0,0.0,0.0,0.0,0.0,0.0
North Dakota,2004,0.0,0.0,0.0,0.0,0.0,0.0,0.0,0.0,0.0,0.0,0.0,0.0
North Dakota,2005,0.0,0.0,0.0,0.0,0.0,0.0,0.0,0.0,0.0,0.0,0.0,0.0
North Dakota,2006,0.0,0.0,0.0,0.0,0.0,0.0,0.0,0.0,0.0,0.0,0.0,0.0
North Dakota,2007,0.0,0.0,0.0,0.0,0.0,0.0,0.0,0.0,0.0,0.0,0.0,0.0
North Dakota,2008,0.0,0.0,0.0,0.0,0.0,0.0,0.0,0.0,0.0,0.0,0.0,0.0
North Dakota,2009,0.0,0.0,0.0,0.0,0.0,0.0,0.0,0.0,0.0,0.0,0.0,0.0
North Dakota,2010,0.0,0.0,0.0,0.0,0.0,0.0,0.0,0.0,0.0,0.0,0.0,0.0
North Dakota,2011,0.0,0.0,0.0,0.0,0.0,0.0,0.0,0.0,0.0,0.0,0.0,0.0
North Dakota,2012,0.0,0.0,0.0,0.0,0.0,0.0,0.0,0.0,0.0,0.0,0.0,0.0
North Dakota,2013,0.0,0.0,0.0,0.0,0.0,0.0,0.0,0.0,0.0,0.0,0.0,0.0
North Dakota,2014,0.0,0.0,0.0,0.0,0.0,0.0,0.0,0.0,0.0,0.0,0.0,0.0
North Dakota,2015,0.0,0.0,0.0,0.0,0.0,0.0,0.0,0.0,0.0,0.0,0.0,0.0
North Dakota,2016,0.0,0.0,0.0,0.0,0.0,0.0,0.0,0.0,0.0,0.0,0.0,0.0
North Dakota,2017,0.0,0.0,0.0,0.0,0.0,0.0,0.0,0.0,0.0,0.0,0.0,0.0
North Dakota,2018,0.0,0.0,0.0,0.0,0.0,0.0,0.0,0.0,0.0,0.0,0.0,0.0
North Dakota,2019,0.0,0.0,0.0,0.0,0.0,0.0,0.0,0.0,0.0,0.0,0.0,0.0
North Dakota,2020,0.0,0.0,0.0,0.0,0.0,0.0,0.0,0.0,0.0,0.0,0.0,0.0
North Dakota,2021,0.0,0.0,0.0,0.0,0.0,0.0,0.0,0.0,0.0,0.0,0.0,0.0
North Dakota,2022,0.0,0.0,0.0,0.0,0.0,0.0,0.0,0.0,0.0,0.0,0.0,0.0
North Dakota,2023,0.0,0.0,0.0,0.0,0.0,0.0,0.0,0.0,0.0,0.0,0.0,0.0
North Dakota,2024,0.0,0.0,0.0,0.0,0.0,0.0,0.0,0.0,0.0,0.0,0.0,0.0
North Dakota,2025,0.0,0.0,0.0,0.0,0.0,0.0,0.0,0.0,0.0,0.0,0.0,0.0
North Macedonia,1989,0.0,0.0,0.0,0.0,0.0,0.0,NA,NA,NA,NA,NA,NA
North Macedonia,1990,0.0,0.0,0.0,0.0,0.0,0.0,NA,NA,NA,NA,NA,NA
North Macedonia,1991,0.0,0.0,0.0,0.0,0.0,0.0,NA,NA,NA,NA,NA,NA
North Macedonia,1992,0.0,0.0,0.0,0.0,0.0,0.0,NA,NA,NA,NA,NA,NA
North Macedonia,1993,0.0,0.0,0.0,0.0,0.0,0.0,NA,NA,NA,NA,NA,NA
North Macedonia,1994,0.0,0.0,0.0,0.0,0.0,0.0,NA,NA,NA,NA,NA,NA
North Macedonia,1995,0.0,0.0,0.0,0.0,0.0,0.0,NA,NA,NA,NA,NA,NA
North Macedonia,1996,0.0,0.0,0.0,0.0,0.0,0.0,NA,NA,NA,NA,NA,NA
North Macedonia,1997,0.0,0.0,0.0,0.0,0.0,0.0,NA,NA,NA,NA,NA,NA
North Macedonia,1998,0.0,0.0,0.0,0.0,0.0,0.0,NA,NA,NA,NA,NA,NA
North Macedonia,1999,0.0,0.0,0.0,0.0,0.0,0.0,NA,NA,NA,NA,NA,NA
North Macedonia,2000,0.0,0.0,0.0,0.0,0.0,0.0,NA,NA,NA,NA,NA,NA
North Macedonia,2001,0.0,0.0,0.0,0.0,0.0,0.0,NA,NA,NA,NA,NA,NA
North Macedonia,2002,0.0,0.0,0.0,0.0,0.0,0.0,NA,NA,NA,NA,NA,NA
North Macedonia,2003,0.0,0.0,0.0,0.0,0.0,0.0,NA,NA,NA,NA,NA,NA
North Macedonia,2004,0.0,0.0,0.0,0.0,0.0,0.0,NA,NA,NA,NA,NA,NA
North Macedonia,2005,0.0,0.0,0.0,0.0,0.0,0.0,NA,NA,NA,NA,NA,NA
North Macedonia,2006,0.0,0.0,0.0,0.0,0.0,0.0,NA,NA,NA,NA,NA,NA
North Macedonia,2007,0.0,0.0,0.0,0.0,0.0,0.0,NA,NA,NA,NA,NA,NA
North Macedonia,2008,0.0,0.0,0.0,0.0,0.0,0.0,NA,NA,NA,NA,NA,NA
North Macedonia,2009,0.0,0.0,0.0,0.0,0.0,0.0,NA,NA,NA,NA,NA,NA
North Macedonia,2010,0.0,0.0,0.0,0.0,0.0,0.0,NA,NA,NA,NA,NA,NA
North Macedonia,2011,0.0,0.0,0.0,0.0,0.0,0.0,NA,NA,NA,NA,NA,NA
North Macedonia,2012,0.0,0.0,0.0,0.0,0.0,0.0,NA,NA,NA,NA,NA,NA
North Macedonia,2013,0.0,0.0,0.0,0.0,0.0,0.0,NA,NA,NA,NA,NA,NA
North Macedonia,2014,0.0,0.0,0.0,0.0,0.0,0.0,NA,NA,NA,NA,NA,NA
North Macedonia,2015,0.0,0.0,0.0,0.0,0.0,0.0,NA,NA,NA,NA,NA,NA
North Macedonia,2016,0.0,0.0,0.0,0.0,0.0,0.0,NA,NA,NA,NA,NA,NA
North Macedonia,2017,0.0,0.0,0.0,0.0,0.0,0.0,NA,NA,NA,NA,NA,NA
North Macedonia,2018,0.0,0.0,0.0,0.0,0.0,0.0,NA,NA,NA,NA,NA,NA
North Macedonia,2019,0.0,0.0,0.0,0.0,0.0,0.0,NA,NA,NA,NA,NA,NA
North Macedonia,2020,0.0,0.0,0.0,0.0,0.0,0.0,NA,NA,NA,NA,NA,NA
North Macedonia,2021,0.0,0.0,0.0,0.0,0.0,0.0,NA,NA,NA,NA,NA,NA
North Macedonia,2022,0.0,0.0,0.0,0.0,0.0,0.0,NA,NA,NA,NA,NA,NA
North Macedonia,2023,0.0,0.0,0.0,0.0,0.0,0.0,NA,NA,NA,NA,NA,NA
North Macedonia,2024,0.0,0.0,0.0,0.0,0.0,0.0,NA,NA,NA,NA,NA,NA
North Macedonia,2025,0.0,0.0,0.0,0.0,0.0,0.0,NA,NA,NA,NA,NA,NA
Northwest Territories,1989,0.0,0.0,0.0,0.0,0.0,0.0,0.0,0.0,0.0,0.0,0.0,0.0
Northwest Territories,1990,0.0,0.0,0.0,0.0,0.0,0.0,0.0,0.0,0.0,0.0,0.0,0.0
Northwest Territories,1991,0.0,0.0,0.0,0.0,0.0,0.0,0.0,0.0,0.0,0.0,0.0,0.0
Northwest Territories,1992,0.0,0.0,0.0,0.0,0.0,0.0,0.0,0.0,0.0,0.0,0.0,0.0
Northwest Territories,1993,0.0,0.0,0.0,0.0,0.0,0.0,0.0,0.0,0.0,0.0,0.0,0.0
Northwest Territories,1994,0.0,0.0,0.0,0.0,0.0,0.0,0.0,0.0,0.0,0.0,0.0,0.0
Northwest Territories,1995,0.0,0.0,0.0,0.0,0.0,0.0,0.0,0.0,0.0,0.0,0.0,0.0
Northwest Territories,1996,0.0,0.0,0.0,0.0,0.0,0.0,0.0,0.0,0.0,0.0,0.0,0.0
Northwest Territories,1997,0.0,0.0,0.0,0.0,0.0,0.0,0.0,0.0,0.0,0.0,0.0,0.0
Northwest Territories,1998,0.0,0.0,0.0,0.0,0.0,0.0,0.0,0.0,0.0,0.0,0.0,0.0
Northwest Territories,1999,0.0,0.0,0.0,0.0,0.0,0.0,0.0,0.0,0.0,0.0,0.0,0.0
Northwest Territories,2000,0.0,0.0,0.0,0.0,0.0,0.0,0.0,0.0,0.0,0.0,0.0,0.0
Northwest Territories,2001,0.0,0.0,0.0,0.0,0.0,0.0,0.0,0.0,0.0,0.0,0.0,0.0
Northwest Territories,2002,0.0,0.0,0.0,0.0,0.0,0.0,0.0,0.0,0.0,0.0,0.0,0.0
Northwest Territories,2003,0.0,0.0,0.0,0.0,0.0,0.0,0.0,0.0,0.0,0.0,0.0,0.0
Northwest Territories,2004,0.0,0.0,0.0,0.0,0.0,0.0,0.0,0.0,0.0,0.0,0.0,0.0
Northwest Territories,2005,0.0,0.0,0.0,0.0,0.0,0.0,0.0,0.0,0.0,0.0,0.0,0.0
Northwest Territories,2006,0.0,0.0,0.0,0.0,0.0,0.0,0.0,0.0,0.0,0.0,0.0,0.0
Northwest Territories,2007,0.0,0.0,0.0,0.0,0.0,0.0,0.0,0.0,0.0,0.0,0.0,0.0
Northwest Territories,2008,0.0,0.0,0.0,0.0,0.0,0.0,0.0,0.0,0.0,0.0,0.0,0.0
Northwest Territories,2009,0.0,0.0,0.0,0.0,0.0,0.0,0.0,0.0,0.0,0.0,0.0,0.0
Northwest Territories,2010,0.0,0.0,0.0,0.0,0.0,0.0,0.0,0.0,0.0,0.0,0.0,0.0
Northwest Territories,2011,0.0,0.0,0.0,0.0,0.0,0.0,0.0,0.0,0.0,0.0,0.0,0.0
Northwest Territories,2012,0.0,0.0,0.0,0.0,0.0,0.0,0.0,0.0,0.0,0.0,0.0,0.0
Northwest Territories,2013,0.0,0.0,0.0,0.0,0.0,0.0,0.0,0.0,0.0,0.0,0.0,0.0
Northwest Territories,2014,0.0,0.0,0.0,0.0,0.0,0.0,0.0,0.0,0.0,0.0,0.0,0.0
Northwest Territories,2015,0.0,0.0,0.0,0.0,0.0,0.0,0.0,0.0,0.0,0.0,0.0,0.0
Northwest Territories,2016,0.0,0.0,0.0,0.0,0.0,0.0,0.0,0.0,0.0,0.0,0.0,0.0
Northwest Territories,2017,0.0,0.0,0.0,0.0,0.0,0.0,0.0,0.0,0.0,0.0,0.0,0.0
Northwest Territories,2018,0.0,0.0,0.0,0.0,0.0,0.0,0.0,0.0,0.0,0.0,0.0,0.0
Northwest Territories,2019,0.0,0.0,0.0,0.0,0.0,0.0,0.0,0.0,0.0,0.0,0.0,0.0
Northwest Territories,2020,0.0,0.0,0.0,0.0,0.0,0.0,0.0,0.0,0.0,0.0,0.0,0.0
Northwest Territories,2021,0.0,0.0,0.0,0.0,0.0,0.0,0.0,0.0,0.0,0.0,0.0,0.0
Northwest Territories,2022,0.0,0.0,0.0,0.0,0.0,0.0,0.0,0.0,0.0,0.0,0.0,0.0
Northwest Territories,2023,0.0,0.0,0.0,0.0,0.0,0.0,0.0,0.0,0.0,0.0,0.0,0.0
Northwest Territories,2024,0.0,0.0,0.0,0.0,0.0,0.0,0.0,0.0,0.0,0.0,0.0,0.0
Northwest Territories,2025,0.0,0.0,0.0,0.0,0.0,0.0,0.0,0.0,0.0,0.0,0.0,0.0
Norway,1989,0.0,0.0,0.0,0.0,0.0,0.0,NA,NA,NA,NA,NA,NA
Norway,1990,0.0,0.0,0.0,0.0,0.0,0.0,NA,NA,NA,NA,NA,NA
Norway,1991,0.0,21.581512211289635,21.581512211289635,0.0,27.216870846385937,27.216870846385937,NA,NA,NA,NA,NA,NA
Norway,1992,0.0,28.960628067179414,28.960628067179414,0.0,36.52281943997939,36.52281943997939,NA,NA,NA,NA,NA,NA
Norway,1993,0.0,28.311468645689335,28.311468645689335,0.0,35.70415168581861,35.70415168581861,NA,NA,NA,NA,NA,NA
Norway,1994,0.0,29.064595476912288,29.064595476912288,0.0,36.653934791639166,36.653934791639166,NA,NA,NA,NA,NA,NA
Norway,1995,0.0,28.545140980616573,28.545140980616573,0.0,35.99884047768006,35.99884047768006,NA,NA,NA,NA,NA,NA
Norway,1996,0.0,28.03813193658195,28.03813193658195,0.0,35.35944136911244,35.35944136911244,NA,NA,NA,NA,NA,NA
Norway,1997,0.0,27.920080036241526,27.920080036241526,0.0,35.210563788464725,35.210563788464725,NA,NA,NA,NA,NA,NA
Norway,1998,0.0,28.76111824242691,28.76111824242691,0.0,36.27121366371533,36.27121366371533,NA,NA,NA,NA,NA,NA
Norway,1999,0.0,27.88384095166332,27.88384095166332,0.0,35.164861963916934,35.164861963916934,NA,NA,NA,NA,NA,NA
Norway,2000,0.0,24.702327036971788,24.702327036971788,0.0,31.152591995789212,31.152591995789212,NA,NA,NA,NA,NA,NA
Norway,2001,0.0,18.602340180022903,18.602340180022903,0.0,23.459778219589577,23.459778219589577,NA,NA,NA,NA,NA,NA
Norway,2002,0.0,19.15185378256071,19.15185378256071,0.0,24.152780665487693,24.152780665487693,NA,NA,NA,NA,NA,NA
Norway,2003,0.0,19.1293064538713,19.1293064538713,0.0,24.124345784425483,24.124345784425483,NA,NA,NA,NA,NA,NA
Norway,2004,0.0,18.31301481302959,18.31301481302959,0.0,23.09490429097206,23.09490429097206,NA,NA,NA,NA,NA,NA
Norway,2005,0.0,17.280633617799673,17.280633617799673,0.0,21.792947997097915,21.792947997097915,NA,NA,NA,NA,NA,NA
Norway,2006,0.0,16.096595208067633,16.096595208067633,0.0,20.299733797864036,20.299733797864036,NA,NA,NA,NA,NA,NA
Norway,2007,0.0,15.813658615037234,15.813658615037234,0.0,19.94291687813973,19.94291687813973,NA,NA,NA,NA,NA,NA
Norway,2008,14.306188810609108,14.659971353951567,28.966160164560677,18.041816965850717,18.487979111282797,36.52979607713351,NA,NA,NA,NA,NA,NA
Norway,2009,11.407925913913141,15.827244603398546,27.235170517311687,14.38676044497438,19.960050436109636,34.34681088108402,NA,NA,NA,NA,NA,NA
Norway,2010,11.741055843626686,15.293311782275108,27.034367625901794,14.8068771718892,19.2866972210573,34.0935743929465,NA,NA,NA,NA,NA,NA
Norway,2011,9.932043765166974,15.88626655798686,25.81831032315383,12.525496348480806,20.034484187526324,32.55998053600713,NA,NA,NA,NA,NA,NA
Norway,2012,5.822412833549414,15.558908662017807,21.38132149556722,7.342759698838775,19.62164668624717,26.964406385085947,NA,NA,NA,NA,NA,NA
Norway,2013,3.438783035113668,15.512183453316915,18.950966488430584,4.336717131734253,19.562720603680198,23.899437735414452,NA,NA,NA,NA,NA,NA
Norway,2014,4.56555668760731,16.306187335571213,20.871744023178522,5.7577136157984,20.564054565048277,26.321768180846675,NA,NA,NA,NA,NA,NA
Norway,2015,6.063057585916781,17.326962531085712,23.390020117002493,7.6462415438976645,21.85137430369843,29.497615847596094,NA,NA,NA,NA,NA,NA
Norway,2016,4.292207987895271,18.194772736471535,22.486980724366806,5.412988177504124,22.94578687534418,28.3587750528483,NA,NA,NA,NA,NA,NA
Norway,2017,4.493909131015239,18.74129267988547,23.23520181090071,5.667357468595451,23.635013958657183,29.302371427252634,NA,NA,NA,NA,NA,NA
Norway,2018,11.424125886446229,19.573843643343228,30.997969529789458,14.407190549956427,24.68496040465324,39.092150954609664,NA,NA,NA,NA,NA,NA
Norway,2019,18.06572507577088,20.02792324259567,38.09364831836655,22.78304232436315,25.25760914612407,48.04065147048722,NA,NA,NA,NA,NA,NA
Norway,2020,18.44284584447493,20.696596115750683,39.13944196022561,23.258636766254885,26.100885699174025,49.35952246542891,NA,NA,NA,NA,NA,NA
Norway,2021,33.186749041517444,17.278894968027874,50.465644009545315,41.85246398080964,21.790755351567668,63.643219332377306,NA,NA,NA,NA,NA,NA
Norway,2022,39.13169518109278,17.515196336554002,56.64689151764678,49.349752849422885,22.08875966957072,71.4385125189936,NA,NA,NA,NA,NA,NA
Norway,2023,45.33865982733666,24.366255082632716,69.70491490996938,57.17747842634196,30.728765023573885,87.90624344991585,NA,NA,NA,NA,NA,NA
Norway,2024,35.09932756139199,30.167744388021458,65.26707194941345,44.26445448682093,38.04513764823433,82.30959213505525,NA,NA,NA,NA,NA,NA
Norway,2025,39.15070625510174,36.33021525018994,75.48092150529168,49.37372808993833,45.81675123620698,95.19047932614532,NA,NA,NA,NA,NA,NA
Nova Scotia,1989,0.0,0.0,0.0,0.0,0.0,0.0,0.0,0.0,0.0,0.0,0.0,0.0
Nova Scotia,1990,0.0,0.0,0.0,0.0,0.0,0.0,0.0,0.0,0.0,0.0,0.0,0.0
Nova Scotia,1991,0.0,0.0,0.0,0.0,0.0,0.0,0.0,0.0,0.0,0.0,0.0,0.0
Nova Scotia,1992,0.0,0.0,0.0,0.0,0.0,0.0,0.0,0.0,0.0,0.0,0.0,0.0
Nova Scotia,1993,0.0,0.0,0.0,0.0,0.0,0.0,0.0,0.0,0.0,0.0,0.0,0.0
Nova Scotia,1994,0.0,0.0,0.0,0.0,0.0,0.0,0.0,0.0,0.0,0.0,0.0,0.0
Nova Scotia,1995,0.0,0.0,0.0,0.0,0.0,0.0,0.0,0.0,0.0,0.0,0.0,0.0
Nova Scotia,1996,0.0,0.0,0.0,0.0,0.0,0.0,0.0,0.0,0.0,0.0,0.0,0.0
Nova Scotia,1997,0.0,0.0,0.0,0.0,0.0,0.0,0.0,0.0,0.0,0.0,0.0,0.0
Nova Scotia,1998,0.0,0.0,0.0,0.0,0.0,0.0,0.0,0.0,0.0,0.0,0.0,0.0
Nova Scotia,1999,0.0,0.0,0.0,0.0,0.0,0.0,0.0,0.0,0.0,0.0,0.0,0.0
Nova Scotia,2000,0.0,0.0,0.0,0.0,0.0,0.0,0.0,0.0,0.0,0.0,0.0,0.0
Nova Scotia,2001,0.0,0.0,0.0,0.0,0.0,0.0,0.0,0.0,0.0,0.0,0.0,0.0
Nova Scotia,2002,0.0,0.0,0.0,0.0,0.0,0.0,0.0,0.0,0.0,0.0,0.0,0.0
Nova Scotia,2003,0.0,0.0,0.0,0.0,0.0,0.0,0.0,0.0,0.0,0.0,0.0,0.0
Nova Scotia,2004,0.0,0.0,0.0,0.0,0.0,0.0,0.0,0.0,0.0,0.0,0.0,0.0
Nova Scotia,2005,0.0,0.0,0.0,0.0,0.0,0.0,0.0,0.0,0.0,0.0,0.0,0.0
Nova Scotia,2006,0.0,0.0,0.0,0.0,0.0,0.0,0.0,0.0,0.0,0.0,0.0,0.0
Nova Scotia,2007,0.0,0.0,0.0,0.0,0.0,0.0,0.0,0.0,0.0,0.0,0.0,0.0
Nova Scotia,2008,0.0,0.0,0.0,0.0,0.0,0.0,0.0,0.0,0.0,0.0,0.0,0.0
Nova Scotia,2009,0.0,0.0,0.0,0.0,0.0,0.0,0.0,0.0,0.0,0.0,0.0,0.0
Nova Scotia,2010,0.0,0.0,0.0,0.0,0.0,0.0,0.0,0.0,0.0,0.0,0.0,0.0
Nova Scotia,2011,0.0,0.0,0.0,0.0,0.0,0.0,0.0,0.0,0.0,0.0,0.0,0.0
Nova Scotia,2012,0.0,0.0,0.0,0.0,0.0,0.0,0.0,0.0,0.0,0.0,0.0,0.0
Nova Scotia,2013,0.0,0.0,0.0,0.0,0.0,0.0,0.0,0.0,0.0,0.0,0.0,0.0
Nova Scotia,2014,0.0,0.0,0.0,0.0,0.0,0.0,0.0,0.0,0.0,0.0,0.0,0.0
Nova Scotia,2015,0.0,0.0,0.0,0.0,0.0,0.0,0.0,0.0,0.0,0.0,0.0,0.0
Nova Scotia,2016,0.0,0.0,0.0,0.0,0.0,0.0,0.0,0.0,0.0,0.0,0.0,0.0
Nova Scotia,2017,0.0,0.0,0.0,0.0,0.0,0.0,0.0,0.0,0.0,0.0,0.0,0.0
Nova Scotia,2018,0.0,0.0,0.0,0.0,0.0,0.0,0.0,0.0,0.0,0.0,0.0,0.0
Nova Scotia,2019,0.0,0.0,0.0,0.0,0.0,0.0,0.0,0.0,0.0,0.0,0.0,0.0
Nova Scotia,2020,0.0,0.0,0.0,0.0,0.0,0.0,0.0,0.0,0.0,0.0,0.0,0.0
Nova Scotia,2021,0.0,0.0,0.0,0.0,0.0,0.0,0.0,0.0,0.0,0.0,0.0,0.0
Nova Scotia,2022,0.0,0.0,0.0,0.0,0.0,0.0,0.0,0.0,0.0,0.0,0.0,0.0
Nova Scotia,2023,0.0,0.0,0.0,0.0,0.0,0.0,0.0,0.0,0.0,0.0,0.0,0.0
Nova Scotia,2024,0.0,0.0,0.0,0.0,0.0,0.0,0.0,0.0,0.0,0.0,0.0,0.0
Nova Scotia,2025,0.0,0.0,0.0,0.0,0.0,0.0,0.0,0.0,0.0,0.0,0.0,0.0
Nuevo Leon,1989,0.0,0.0,0.0,0.0,0.0,0.0,0.0,0.0,0.0,0.0,0.0,0.0
Nuevo Leon,1990,0.0,0.0,0.0,0.0,0.0,0.0,0.0,0.0,0.0,0.0,0.0,0.0
Nuevo Leon,1991,0.0,0.0,0.0,0.0,0.0,0.0,0.0,0.0,0.0,0.0,0.0,0.0
Nuevo Leon,1992,0.0,0.0,0.0,0.0,0.0,0.0,0.0,0.0,0.0,0.0,0.0,0.0
Nuevo Leon,1993,0.0,0.0,0.0,0.0,0.0,0.0,0.0,0.0,0.0,0.0,0.0,0.0
Nuevo Leon,1994,0.0,0.0,0.0,0.0,0.0,0.0,0.0,0.0,0.0,0.0,0.0,0.0
Nuevo Leon,1995,0.0,0.0,0.0,0.0,0.0,0.0,0.0,0.0,0.0,0.0,0.0,0.0
Nuevo Leon,1996,0.0,0.0,0.0,0.0,0.0,0.0,0.0,0.0,0.0,0.0,0.0,0.0
Nuevo Leon,1997,0.0,0.0,0.0,0.0,0.0,0.0,0.0,0.0,0.0,0.0,0.0,0.0
Nuevo Leon,1998,0.0,0.0,0.0,0.0,0.0,0.0,0.0,0.0,0.0,0.0,0.0,0.0
Nuevo Leon,1999,0.0,0.0,0.0,0.0,0.0,0.0,0.0,0.0,0.0,0.0,0.0,0.0
Nuevo Leon,2000,0.0,0.0,0.0,0.0,0.0,0.0,0.0,0.0,0.0,0.0,0.0,0.0
Nuevo Leon,2001,0.0,0.0,0.0,0.0,0.0,0.0,0.0,0.0,0.0,0.0,0.0,0.0
Nuevo Leon,2002,0.0,0.0,0.0,0.0,0.0,0.0,0.0,0.0,0.0,0.0,0.0,0.0
Nuevo Leon,2003,0.0,0.0,0.0,0.0,0.0,0.0,0.0,0.0,0.0,0.0,0.0,0.0
Nuevo Leon,2004,0.0,0.0,0.0,0.0,0.0,0.0,0.0,0.0,0.0,0.0,0.0,0.0
Nuevo Leon,2005,0.0,0.0,0.0,0.0,0.0,0.0,0.0,0.0,0.0,0.0,0.0,0.0
Nuevo Leon,2006,0.0,0.0,0.0,0.0,0.0,0.0,0.0,0.0,0.0,0.0,0.0,0.0
Nuevo Leon,2007,0.0,0.0,0.0,0.0,0.0,0.0,0.0,0.0,0.0,0.0,0.0,0.0
Nuevo Leon,2008,0.0,0.0,0.0,0.0,0.0,0.0,0.0,0.0,0.0,0.0,0.0,0.0
Nuevo Leon,2009,0.0,0.0,0.0,0.0,0.0,0.0,0.0,0.0,0.0,0.0,0.0,0.0
Nuevo Leon,2010,0.0,0.0,0.0,0.0,0.0,0.0,0.0,0.0,0.0,0.0,0.0,0.0
Nuevo Leon,2011,0.0,0.0,0.0,0.0,0.0,0.0,0.0,0.0,0.0,0.0,0.0,0.0
Nuevo Leon,2012,0.0,0.0,0.0,0.0,0.0,0.0,0.0,0.0,0.0,0.0,0.0,0.0
Nuevo Leon,2013,0.0,0.0,0.0,0.0,0.0,0.0,0.0,0.0,0.0,0.0,0.0,0.0
Nuevo Leon,2014,0.0,0.0,0.0,0.0,0.0,0.0,0.0,0.0,0.0,0.0,0.0,0.0
Nuevo Leon,2015,0.0,0.0,0.0,0.0,0.0,0.0,0.0,0.0,0.0,0.0,0.0,0.0
Nuevo Leon,2016,0.0,0.0,0.0,0.0,0.0,0.0,0.0,0.0,0.0,0.0,0.0,0.0
Nuevo Leon,2017,0.0,0.0,0.0,0.0,0.0,0.0,0.0,0.0,0.0,0.0,0.0,0.0
Nuevo Leon,2018,0.0,0.0,0.0,0.0,0.0,0.0,0.0,0.0,0.0,0.0,0.0,0.0
Nuevo Leon,2019,0.0,0.0,0.0,0.0,0.0,0.0,0.0,0.0,0.0,0.0,0.0,0.0
Nuevo Leon,2020,0.0,0.0,0.0,0.0,0.0,0.0,0.0,0.0,0.0,0.0,0.0,0.0
Nuevo Leon,2021,0.0,0.0,0.0,0.0,0.0,0.0,0.0,0.0,0.0,0.0,0.0,0.0
Nuevo Leon,2022,0.0,0.0,0.0,0.0,0.0,0.0,0.0,0.0,0.0,0.0,0.0,0.0
Nuevo Leon,2023,0.0,0.0,0.0,0.0,0.0,0.0,0.0,0.0,0.0,0.0,0.0,0.0
Nuevo Leon,2024,0.0,0.0,0.0,0.0,0.0,0.0,0.0,0.0,0.0,0.0,0.0,0.0
Nuevo Leon,2025,0.0,0.0,0.0,0.0,0.0,0.0,0.0,0.0,0.0,0.0,0.0,0.0
Nunavut,1989,0.0,0.0,0.0,0.0,0.0,0.0,0.0,0.0,0.0,0.0,0.0,0.0
Nunavut,1990,0.0,0.0,0.0,0.0,0.0,0.0,0.0,0.0,0.0,0.0,0.0,0.0
Nunavut,1991,0.0,0.0,0.0,0.0,0.0,0.0,0.0,0.0,0.0,0.0,0.0,0.0
Nunavut,1992,0.0,0.0,0.0,0.0,0.0,0.0,0.0,0.0,0.0,0.0,0.0,0.0
Nunavut,1993,0.0,0.0,0.0,0.0,0.0,0.0,0.0,0.0,0.0,0.0,0.0,0.0
Nunavut,1994,0.0,0.0,0.0,0.0,0.0,0.0,0.0,0.0,0.0,0.0,0.0,0.0
Nunavut,1995,0.0,0.0,0.0,0.0,0.0,0.0,0.0,0.0,0.0,0.0,0.0,0.0
Nunavut,1996,0.0,0.0,0.0,0.0,0.0,0.0,0.0,0.0,0.0,0.0,0.0,0.0
Nunavut,1997,0.0,0.0,0.0,0.0,0.0,0.0,0.0,0.0,0.0,0.0,0.0,0.0
Nunavut,1998,0.0,0.0,0.0,0.0,0.0,0.0,0.0,0.0,0.0,0.0,0.0,0.0
Nunavut,1999,0.0,0.0,0.0,0.0,0.0,0.0,0.0,0.0,0.0,0.0,0.0,0.0
Nunavut,2000,0.0,0.0,0.0,0.0,0.0,0.0,0.0,0.0,0.0,0.0,0.0,0.0
Nunavut,2001,0.0,0.0,0.0,0.0,0.0,0.0,0.0,0.0,0.0,0.0,0.0,0.0
Nunavut,2002,0.0,0.0,0.0,0.0,0.0,0.0,0.0,0.0,0.0,0.0,0.0,0.0
Nunavut,2003,0.0,0.0,0.0,0.0,0.0,0.0,0.0,0.0,0.0,0.0,0.0,0.0
Nunavut,2004,0.0,0.0,0.0,0.0,0.0,0.0,0.0,0.0,0.0,0.0,0.0,0.0
Nunavut,2005,0.0,0.0,0.0,0.0,0.0,0.0,0.0,0.0,0.0,0.0,0.0,0.0
Nunavut,2006,0.0,0.0,0.0,0.0,0.0,0.0,0.0,0.0,0.0,0.0,0.0,0.0
Nunavut,2007,0.0,0.0,0.0,0.0,0.0,0.0,0.0,0.0,0.0,0.0,0.0,0.0
Nunavut,2008,0.0,0.0,0.0,0.0,0.0,0.0,0.0,0.0,0.0,0.0,0.0,0.0
Nunavut,2009,0.0,0.0,0.0,0.0,0.0,0.0,0.0,0.0,0.0,0.0,0.0,0.0
Nunavut,2010,0.0,0.0,0.0,0.0,0.0,0.0,0.0,0.0,0.0,0.0,0.0,0.0
Nunavut,2011,0.0,0.0,0.0,0.0,0.0,0.0,0.0,0.0,0.0,0.0,0.0,0.0
Nunavut,2012,0.0,0.0,0.0,0.0,0.0,0.0,0.0,0.0,0.0,0.0,0.0,0.0
Nunavut,2013,0.0,0.0,0.0,0.0,0.0,0.0,0.0,0.0,0.0,0.0,0.0,0.0
Nunavut,2014,0.0,0.0,0.0,0.0,0.0,0.0,0.0,0.0,0.0,0.0,0.0,0.0
Nunavut,2015,0.0,0.0,0.0,0.0,0.0,0.0,0.0,0.0,0.0,0.0,0.0,0.0
Nunavut,2016,0.0,0.0,0.0,0.0,0.0,0.0,0.0,0.0,0.0,0.0,0.0,0.0
Nunavut,2017,0.0,0.0,0.0,0.0,0.0,0.0,0.0,0.0,0.0,0.0,0.0,0.0
Nunavut,2018,0.0,0.0,0.0,0.0,0.0,0.0,0.0,0.0,0.0,0.0,0.0,0.0
Nunavut,2019,0.0,0.0,0.0,0.0,0.0,0.0,0.0,0.0,0.0,0.0,0.0,0.0
Nunavut,2020,0.0,0.0,0.0,0.0,0.0,0.0,0.0,0.0,0.0,0.0,0.0,0.0
Nunavut,2021,0.0,0.0,0.0,0.0,0.0,0.0,0.0,0.0,0.0,0.0,0.0,0.0
Nunavut,2022,0.0,0.0,0.0,0.0,0.0,0.0,0.0,0.0,0.0,0.0,0.0,0.0
Nunavut,2023,0.0,0.0,0.0,0.0,0.0,0.0,0.0,0.0,0.0,0.0,0.0,0.0
Nunavut,2024,0.0,0.0,0.0,0.0,0.0,0.0,0.0,0.0,0.0,0.0,0.0,0.0
Nunavut,2025,0.0,0.0,0.0,0.0,0.0,0.0,0.0,0.0,0.0,0.0,0.0,0.0
Oaxaca,1989,0.0,0.0,0.0,0.0,0.0,0.0,0.0,0.0,0.0,0.0,0.0,0.0
Oaxaca,1990,0.0,0.0,0.0,0.0,0.0,0.0,0.0,0.0,0.0,0.0,0.0,0.0
Oaxaca,1991,0.0,0.0,0.0,0.0,0.0,0.0,0.0,0.0,0.0,0.0,0.0,0.0
Oaxaca,1992,0.0,0.0,0.0,0.0,0.0,0.0,0.0,0.0,0.0,0.0,0.0,0.0
Oaxaca,1993,0.0,0.0,0.0,0.0,0.0,0.0,0.0,0.0,0.0,0.0,0.0,0.0
Oaxaca,1994,0.0,0.0,0.0,0.0,0.0,0.0,0.0,0.0,0.0,0.0,0.0,0.0
Oaxaca,1995,0.0,0.0,0.0,0.0,0.0,0.0,0.0,0.0,0.0,0.0,0.0,0.0
Oaxaca,1996,0.0,0.0,0.0,0.0,0.0,0.0,0.0,0.0,0.0,0.0,0.0,0.0
Oaxaca,1997,0.0,0.0,0.0,0.0,0.0,0.0,0.0,0.0,0.0,0.0,0.0,0.0
Oaxaca,1998,0.0,0.0,0.0,0.0,0.0,0.0,0.0,0.0,0.0,0.0,0.0,0.0
Oaxaca,1999,0.0,0.0,0.0,0.0,0.0,0.0,0.0,0.0,0.0,0.0,0.0,0.0
Oaxaca,2000,0.0,0.0,0.0,0.0,0.0,0.0,0.0,0.0,0.0,0.0,0.0,0.0
Oaxaca,2001,0.0,0.0,0.0,0.0,0.0,0.0,0.0,0.0,0.0,0.0,0.0,0.0
Oaxaca,2002,0.0,0.0,0.0,0.0,0.0,0.0,0.0,0.0,0.0,0.0,0.0,0.0
Oaxaca,2003,0.0,0.0,0.0,0.0,0.0,0.0,0.0,0.0,0.0,0.0,0.0,0.0
Oaxaca,2004,0.0,0.0,0.0,0.0,0.0,0.0,0.0,0.0,0.0,0.0,0.0,0.0
Oaxaca,2005,0.0,0.0,0.0,0.0,0.0,0.0,0.0,0.0,0.0,0.0,0.0,0.0
Oaxaca,2006,0.0,0.0,0.0,0.0,0.0,0.0,0.0,0.0,0.0,0.0,0.0,0.0
Oaxaca,2007,0.0,0.0,0.0,0.0,0.0,0.0,0.0,0.0,0.0,0.0,0.0,0.0
Oaxaca,2008,0.0,0.0,0.0,0.0,0.0,0.0,0.0,0.0,0.0,0.0,0.0,0.0
Oaxaca,2009,0.0,0.0,0.0,0.0,0.0,0.0,0.0,0.0,0.0,0.0,0.0,0.0
Oaxaca,2010,0.0,0.0,0.0,0.0,0.0,0.0,0.0,0.0,0.0,0.0,0.0,0.0
Oaxaca,2011,0.0,0.0,0.0,0.0,0.0,0.0,0.0,0.0,0.0,0.0,0.0,0.0
Oaxaca,2012,0.0,0.0,0.0,0.0,0.0,0.0,0.0,0.0,0.0,0.0,0.0,0.0
Oaxaca,2013,0.0,0.0,0.0,0.0,0.0,0.0,0.0,0.0,0.0,0.0,0.0,0.0
Oaxaca,2014,0.0,0.0,0.0,0.0,0.0,0.0,0.0,0.0,0.0,0.0,0.0,0.0
Oaxaca,2015,0.0,0.0,0.0,0.0,0.0,0.0,0.0,0.0,0.0,0.0,0.0,0.0
Oaxaca,2016,0.0,0.0,0.0,0.0,0.0,0.0,0.0,0.0,0.0,0.0,0.0,0.0
Oaxaca,2017,0.0,0.0,0.0,0.0,0.0,0.0,0.0,0.0,0.0,0.0,0.0,0.0
Oaxaca,2018,0.0,0.0,0.0,0.0,0.0,0.0,0.0,0.0,0.0,0.0,0.0,0.0
Oaxaca,2019,0.0,0.0,0.0,0.0,0.0,0.0,0.0,0.0,0.0,0.0,0.0,0.0
Oaxaca,2020,0.0,0.0,0.0,0.0,0.0,0.0,0.0,0.0,0.0,0.0,0.0,0.0
Oaxaca,2021,0.0,0.0,0.0,0.0,0.0,0.0,0.0,0.0,0.0,0.0,0.0,0.0
Oaxaca,2022,0.0,0.0,0.0,0.0,0.0,0.0,0.0,0.0,0.0,0.0,0.0,0.0
Oaxaca,2023,0.0,0.0,0.0,0.0,0.0,0.0,0.0,0.0,0.0,0.0,0.0,0.0
Oaxaca,2024,0.0,0.0,0.0,0.0,0.0,0.0,0.0,0.0,0.0,0.0,0.0,0.0
Oaxaca,2025,0.0,0.0,0.0,0.0,0.0,0.0,0.0,0.0,0.0,0.0,0.0,0.0
Ohio,1989,0.0,0.0,0.0,0.0,0.0,0.0,0.0,0.0,0.0,0.0,0.0,0.0
Ohio,1990,0.0,0.0,0.0,0.0,0.0,0.0,0.0,0.0,0.0,0.0,0.0,0.0
Ohio,1991,0.0,0.0,0.0,0.0,0.0,0.0,0.0,0.0,0.0,0.0,0.0,0.0
Ohio,1992,0.0,0.0,0.0,0.0,0.0,0.0,0.0,0.0,0.0,0.0,0.0,0.0
Ohio,1993,0.0,0.0,0.0,0.0,0.0,0.0,0.0,0.0,0.0,0.0,0.0,0.0
Ohio,1994,0.0,0.0,0.0,0.0,0.0,0.0,0.0,0.0,0.0,0.0,0.0,0.0
Ohio,1995,0.0,0.0,0.0,0.0,0.0,0.0,0.0,0.0,0.0,0.0,0.0,0.0
Ohio,1996,0.0,0.0,0.0,0.0,0.0,0.0,0.0,0.0,0.0,0.0,0.0,0.0
Ohio,1997,0.0,0.0,0.0,0.0,0.0,0.0,0.0,0.0,0.0,0.0,0.0,0.0
Ohio,1998,0.0,0.0,0.0,0.0,0.0,0.0,0.0,0.0,0.0,0.0,0.0,0.0
Ohio,1999,0.0,0.0,0.0,0.0,0.0,0.0,0.0,0.0,0.0,0.0,0.0,0.0
Ohio,2000,0.0,0.0,0.0,0.0,0.0,0.0,0.0,0.0,0.0,0.0,0.0,0.0
Ohio,2001,0.0,0.0,0.0,0.0,0.0,0.0,0.0,0.0,0.0,0.0,0.0,0.0
Ohio,2002,0.0,0.0,0.0,0.0,0.0,0.0,0.0,0.0,0.0,0.0,0.0,0.0
Ohio,2003,0.0,0.0,0.0,0.0,0.0,0.0,0.0,0.0,0.0,0.0,0.0,0.0
Ohio,2004,0.0,0.0,0.0,0.0,0.0,0.0,0.0,0.0,0.0,0.0,0.0,0.0
Ohio,2005,0.0,0.0,0.0,0.0,0.0,0.0,0.0,0.0,0.0,0.0,0.0,0.0
Ohio,2006,0.0,0.0,0.0,0.0,0.0,0.0,0.0,0.0,0.0,0.0,0.0,0.0
Ohio,2007,0.0,0.0,0.0,0.0,0.0,0.0,0.0,0.0,0.0,0.0,0.0,0.0
Ohio,2008,0.0,0.0,0.0,0.0,0.0,0.0,0.0,0.0,0.0,0.0,0.0,0.0
Ohio,2009,0.0,0.0,0.0,0.0,0.0,0.0,0.0,0.0,0.0,0.0,0.0,0.0
Ohio,2010,0.0,0.0,0.0,0.0,0.0,0.0,0.0,0.0,0.0,0.0,0.0,0.0
Ohio,2011,0.0,0.0,0.0,0.0,0.0,0.0,0.0,0.0,0.0,0.0,0.0,0.0
Ohio,2012,0.0,0.0,0.0,0.0,0.0,0.0,0.0,0.0,0.0,0.0,0.0,0.0
Ohio,2013,0.0,0.0,0.0,0.0,0.0,0.0,0.0,0.0,0.0,0.0,0.0,0.0
Ohio,2014,0.0,0.0,0.0,0.0,0.0,0.0,0.0,0.0,0.0,0.0,0.0,0.0
Ohio,2015,0.0,0.0,0.0,0.0,0.0,0.0,0.0,0.0,0.0,0.0,0.0,0.0
Ohio,2016,0.0,0.0,0.0,0.0,0.0,0.0,0.0,0.0,0.0,0.0,0.0,0.0
Ohio,2017,0.0,0.0,0.0,0.0,0.0,0.0,0.0,0.0,0.0,0.0,0.0,0.0
Ohio,2018,0.0,0.0,0.0,0.0,0.0,0.0,0.0,0.0,0.0,0.0,0.0,0.0
Ohio,2019,0.0,0.0,0.0,0.0,0.0,0.0,0.0,0.0,0.0,0.0,0.0,0.0
Ohio,2020,0.0,0.0,0.0,0.0,0.0,0.0,0.0,0.0,0.0,0.0,0.0,0.0
Ohio,2021,0.0,0.0,0.0,0.0,0.0,0.0,0.0,0.0,0.0,0.0,0.0,0.0
Ohio,2022,0.0,0.0,0.0,0.0,0.0,0.0,0.0,0.0,0.0,0.0,0.0,0.0
Ohio,2023,0.0,0.0,0.0,0.0,0.0,0.0,0.0,0.0,0.0,0.0,0.0,0.0
Ohio,2024,0.0,0.0,0.0,0.0,0.0,0.0,0.0,0.0,0.0,0.0,0.0,0.0
Ohio,2025,0.0,0.0,0.0,0.0,0.0,0.0,0.0,0.0,0.0,0.0,0.0,0.0
Oita,1989,0.0,0.0,0.0,0.0,0.0,0.0,0.0,0.0,0.0,0.0,0.0,0.0
Oita,1990,0.0,0.0,0.0,0.0,0.0,0.0,0.0,0.0,0.0,0.0,0.0,0.0
Oita,1991,0.0,0.0,0.0,0.0,0.0,0.0,0.0,0.0,0.0,0.0,0.0,0.0
Oita,1992,0.0,0.0,0.0,0.0,0.0,0.0,0.0,0.0,0.0,0.0,0.0,0.0
Oita,1993,0.0,0.0,0.0,0.0,0.0,0.0,0.0,0.0,0.0,0.0,0.0,0.0
Oita,1994,0.0,0.0,0.0,0.0,0.0,0.0,0.0,0.0,0.0,0.0,0.0,0.0
Oita,1995,0.0,0.0,0.0,0.0,0.0,0.0,0.0,0.0,0.0,0.0,0.0,0.0
Oita,1996,0.0,0.0,0.0,0.0,0.0,0.0,0.0,0.0,0.0,0.0,0.0,0.0
Oita,1997,0.0,0.0,0.0,0.0,0.0,0.0,0.0,0.0,0.0,0.0,0.0,0.0
Oita,1998,0.0,0.0,0.0,0.0,0.0,0.0,0.0,0.0,0.0,0.0,0.0,0.0
Oita,1999,0.0,0.0,0.0,0.0,0.0,0.0,0.0,0.0,0.0,0.0,0.0,0.0
Oita,2000,0.0,0.0,0.0,0.0,0.0,0.0,0.0,0.0,0.0,0.0,0.0,0.0
Oita,2001,0.0,0.0,0.0,0.0,0.0,0.0,0.0,0.0,0.0,0.0,0.0,0.0
Oita,2002,0.0,0.0,0.0,0.0,0.0,0.0,0.0,0.0,0.0,0.0,0.0,0.0
Oita,2003,0.0,0.0,0.0,0.0,0.0,0.0,0.0,0.0,0.0,0.0,0.0,0.0
Oita,2004,0.0,0.0,0.0,0.0,0.0,0.0,0.0,0.0,0.0,0.0,0.0,0.0
Oita,2005,0.0,0.0,0.0,0.0,0.0,0.0,0.0,0.0,0.0,0.0,0.0,0.0
Oita,2006,0.0,0.0,0.0,0.0,0.0,0.0,0.0,0.0,0.0,0.0,0.0,0.0
Oita,2007,0.0,0.0,0.0,0.0,0.0,0.0,0.0,0.0,0.0,0.0,0.0,0.0
Oita,2008,0.0,0.0,0.0,0.0,0.0,0.0,0.0,0.0,0.0,0.0,0.0,0.0
Oita,2009,0.0,0.0,0.0,0.0,0.0,0.0,0.0,0.0,0.0,0.0,0.0,0.0
Oita,2010,0.0,0.0,0.0,0.0,0.0,0.0,0.0,0.0,0.0,0.0,0.0,0.0
Oita,2011,0.0,0.0,0.0,0.0,0.0,0.0,0.0,0.0,0.0,0.0,0.0,0.0
Oita,2012,0.0,0.0,0.0,0.0,0.0,0.0,0.0,0.0,0.0,0.0,0.0,0.0
Oita,2013,0.0,0.0,0.0,0.0,0.0,0.0,0.0,0.0,0.0,0.0,0.0,0.0
Oita,2014,0.0,0.0,0.0,0.0,0.0,0.0,0.0,0.0,0.0,0.0,0.0,0.0
Oita,2015,0.0,0.0,0.0,0.0,0.0,0.0,0.0,0.0,0.0,0.0,0.0,0.0
Oita,2016,0.0,0.0,0.0,0.0,0.0,0.0,0.0,0.0,0.0,0.0,0.0,0.0
Oita,2017,0.0,0.0,0.0,0.0,0.0,0.0,0.0,0.0,0.0,0.0,0.0,0.0
Oita,2018,0.0,0.0,0.0,0.0,0.0,0.0,0.0,0.0,0.0,0.0,0.0,0.0
Oita,2019,0.0,0.0,0.0,0.0,0.0,0.0,0.0,0.0,0.0,0.0,0.0,0.0
Oita,2020,0.0,0.0,0.0,0.0,0.0,0.0,0.0,0.0,0.0,0.0,0.0,0.0
Oita,2021,0.0,0.0,0.0,0.0,0.0,0.0,0.0,0.0,0.0,0.0,0.0,0.0
Oita,2022,0.0,0.0,0.0,0.0,0.0,0.0,0.0,0.0,0.0,0.0,0.0,0.0
Oita,2023,0.0,0.0,0.0,0.0,0.0,0.0,0.0,0.0,0.0,0.0,0.0,0.0
Oita,2024,0.0,0.0,0.0,0.0,0.0,0.0,0.0,0.0,0.0,0.0,0.0,0.0
Oita,2025,0.0,0.0,0.0,0.0,0.0,0.0,0.0,0.0,0.0,0.0,0.0,0.0
Okayama,1989,0.0,0.0,0.0,0.0,0.0,0.0,0.0,0.0,0.0,0.0,0.0,0.0
Okayama,1990,0.0,0.0,0.0,0.0,0.0,0.0,0.0,0.0,0.0,0.0,0.0,0.0
Okayama,1991,0.0,0.0,0.0,0.0,0.0,0.0,0.0,0.0,0.0,0.0,0.0,0.0
Okayama,1992,0.0,0.0,0.0,0.0,0.0,0.0,0.0,0.0,0.0,0.0,0.0,0.0
Okayama,1993,0.0,0.0,0.0,0.0,0.0,0.0,0.0,0.0,0.0,0.0,0.0,0.0
Okayama,1994,0.0,0.0,0.0,0.0,0.0,0.0,0.0,0.0,0.0,0.0,0.0,0.0
Okayama,1995,0.0,0.0,0.0,0.0,0.0,0.0,0.0,0.0,0.0,0.0,0.0,0.0
Okayama,1996,0.0,0.0,0.0,0.0,0.0,0.0,0.0,0.0,0.0,0.0,0.0,0.0
Okayama,1997,0.0,0.0,0.0,0.0,0.0,0.0,0.0,0.0,0.0,0.0,0.0,0.0
Okayama,1998,0.0,0.0,0.0,0.0,0.0,0.0,0.0,0.0,0.0,0.0,0.0,0.0
Okayama,1999,0.0,0.0,0.0,0.0,0.0,0.0,0.0,0.0,0.0,0.0,0.0,0.0
Okayama,2000,0.0,0.0,0.0,0.0,0.0,0.0,0.0,0.0,0.0,0.0,0.0,0.0
Okayama,2001,0.0,0.0,0.0,0.0,0.0,0.0,0.0,0.0,0.0,0.0,0.0,0.0
Okayama,2002,0.0,0.0,0.0,0.0,0.0,0.0,0.0,0.0,0.0,0.0,0.0,0.0
Okayama,2003,0.0,0.0,0.0,0.0,0.0,0.0,0.0,0.0,0.0,0.0,0.0,0.0
Okayama,2004,0.0,0.0,0.0,0.0,0.0,0.0,0.0,0.0,0.0,0.0,0.0,0.0
Okayama,2005,0.0,0.0,0.0,0.0,0.0,0.0,0.0,0.0,0.0,0.0,0.0,0.0
Okayama,2006,0.0,0.0,0.0,0.0,0.0,0.0,0.0,0.0,0.0,0.0,0.0,0.0
Okayama,2007,0.0,0.0,0.0,0.0,0.0,0.0,0.0,0.0,0.0,0.0,0.0,0.0
Okayama,2008,0.0,0.0,0.0,0.0,0.0,0.0,0.0,0.0,0.0,0.0,0.0,0.0
Okayama,2009,0.0,0.0,0.0,0.0,0.0,0.0,0.0,0.0,0.0,0.0,0.0,0.0
Okayama,2010,0.0,0.0,0.0,0.0,0.0,0.0,0.0,0.0,0.0,0.0,0.0,0.0
Okayama,2011,0.0,0.0,0.0,0.0,0.0,0.0,0.0,0.0,0.0,0.0,0.0,0.0
Okayama,2012,0.0,0.0,0.0,0.0,0.0,0.0,0.0,0.0,0.0,0.0,0.0,0.0
Okayama,2013,0.0,0.0,0.0,0.0,0.0,0.0,0.0,0.0,0.0,0.0,0.0,0.0
Okayama,2014,0.0,0.0,0.0,0.0,0.0,0.0,0.0,0.0,0.0,0.0,0.0,0.0
Okayama,2015,0.0,0.0,0.0,0.0,0.0,0.0,0.0,0.0,0.0,0.0,0.0,0.0
Okayama,2016,0.0,0.0,0.0,0.0,0.0,0.0,0.0,0.0,0.0,0.0,0.0,0.0
Okayama,2017,0.0,0.0,0.0,0.0,0.0,0.0,0.0,0.0,0.0,0.0,0.0,0.0
Okayama,2018,0.0,0.0,0.0,0.0,0.0,0.0,0.0,0.0,0.0,0.0,0.0,0.0
Okayama,2019,0.0,0.0,0.0,0.0,0.0,0.0,0.0,0.0,0.0,0.0,0.0,0.0
Okayama,2020,0.0,0.0,0.0,0.0,0.0,0.0,0.0,0.0,0.0,0.0,0.0,0.0
Okayama,2021,0.0,0.0,0.0,0.0,0.0,0.0,0.0,0.0,0.0,0.0,0.0,0.0
Okayama,2022,0.0,0.0,0.0,0.0,0.0,0.0,0.0,0.0,0.0,0.0,0.0,0.0
Okayama,2023,0.0,0.0,0.0,0.0,0.0,0.0,0.0,0.0,0.0,0.0,0.0,0.0
Okayama,2024,0.0,0.0,0.0,0.0,0.0,0.0,0.0,0.0,0.0,0.0,0.0,0.0
Okayama,2025,0.0,0.0,0.0,0.0,0.0,0.0,0.0,0.0,0.0,0.0,0.0,0.0
Okinawa,1989,0.0,0.0,0.0,0.0,0.0,0.0,0.0,0.0,0.0,0.0,0.0,0.0
Okinawa,1990,0.0,0.0,0.0,0.0,0.0,0.0,0.0,0.0,0.0,0.0,0.0,0.0
Okinawa,1991,0.0,0.0,0.0,0.0,0.0,0.0,0.0,0.0,0.0,0.0,0.0,0.0
Okinawa,1992,0.0,0.0,0.0,0.0,0.0,0.0,0.0,0.0,0.0,0.0,0.0,0.0
Okinawa,1993,0.0,0.0,0.0,0.0,0.0,0.0,0.0,0.0,0.0,0.0,0.0,0.0
Okinawa,1994,0.0,0.0,0.0,0.0,0.0,0.0,0.0,0.0,0.0,0.0,0.0,0.0
Okinawa,1995,0.0,0.0,0.0,0.0,0.0,0.0,0.0,0.0,0.0,0.0,0.0,0.0
Okinawa,1996,0.0,0.0,0.0,0.0,0.0,0.0,0.0,0.0,0.0,0.0,0.0,0.0
Okinawa,1997,0.0,0.0,0.0,0.0,0.0,0.0,0.0,0.0,0.0,0.0,0.0,0.0
Okinawa,1998,0.0,0.0,0.0,0.0,0.0,0.0,0.0,0.0,0.0,0.0,0.0,0.0
Okinawa,1999,0.0,0.0,0.0,0.0,0.0,0.0,0.0,0.0,0.0,0.0,0.0,0.0
Okinawa,2000,0.0,0.0,0.0,0.0,0.0,0.0,0.0,0.0,0.0,0.0,0.0,0.0
Okinawa,2001,0.0,0.0,0.0,0.0,0.0,0.0,0.0,0.0,0.0,0.0,0.0,0.0
Okinawa,2002,0.0,0.0,0.0,0.0,0.0,0.0,0.0,0.0,0.0,0.0,0.0,0.0
Okinawa,2003,0.0,0.0,0.0,0.0,0.0,0.0,0.0,0.0,0.0,0.0,0.0,0.0
Okinawa,2004,0.0,0.0,0.0,0.0,0.0,0.0,0.0,0.0,0.0,0.0,0.0,0.0
Okinawa,2005,0.0,0.0,0.0,0.0,0.0,0.0,0.0,0.0,0.0,0.0,0.0,0.0
Okinawa,2006,0.0,0.0,0.0,0.0,0.0,0.0,0.0,0.0,0.0,0.0,0.0,0.0
Okinawa,2007,0.0,0.0,0.0,0.0,0.0,0.0,0.0,0.0,0.0,0.0,0.0,0.0
Okinawa,2008,0.0,0.0,0.0,0.0,0.0,0.0,0.0,0.0,0.0,0.0,0.0,0.0
Okinawa,2009,0.0,0.0,0.0,0.0,0.0,0.0,0.0,0.0,0.0,0.0,0.0,0.0
Okinawa,2010,0.0,0.0,0.0,0.0,0.0,0.0,0.0,0.0,0.0,0.0,0.0,0.0
Okinawa,2011,0.0,0.0,0.0,0.0,0.0,0.0,0.0,0.0,0.0,0.0,0.0,0.0
Okinawa,2012,0.0,0.0,0.0,0.0,0.0,0.0,0.0,0.0,0.0,0.0,0.0,0.0
Okinawa,2013,0.0,0.0,0.0,0.0,0.0,0.0,0.0,0.0,0.0,0.0,0.0,0.0
Okinawa,2014,0.0,0.0,0.0,0.0,0.0,0.0,0.0,0.0,0.0,0.0,0.0,0.0
Okinawa,2015,0.0,0.0,0.0,0.0,0.0,0.0,0.0,0.0,0.0,0.0,0.0,0.0
Okinawa,2016,0.0,0.0,0.0,0.0,0.0,0.0,0.0,0.0,0.0,0.0,0.0,0.0
Okinawa,2017,0.0,0.0,0.0,0.0,0.0,0.0,0.0,0.0,0.0,0.0,0.0,0.0
Okinawa,2018,0.0,0.0,0.0,0.0,0.0,0.0,0.0,0.0,0.0,0.0,0.0,0.0
Okinawa,2019,0.0,0.0,0.0,0.0,0.0,0.0,0.0,0.0,0.0,0.0,0.0,0.0
Okinawa,2020,0.0,0.0,0.0,0.0,0.0,0.0,0.0,0.0,0.0,0.0,0.0,0.0
Okinawa,2021,0.0,0.0,0.0,0.0,0.0,0.0,0.0,0.0,0.0,0.0,0.0,0.0
Okinawa,2022,0.0,0.0,0.0,0.0,0.0,0.0,0.0,0.0,0.0,0.0,0.0,0.0
Okinawa,2023,0.0,0.0,0.0,0.0,0.0,0.0,0.0,0.0,0.0,0.0,0.0,0.0
Okinawa,2024,0.0,0.0,0.0,0.0,0.0,0.0,0.0,0.0,0.0,0.0,0.0,0.0
Okinawa,2025,0.0,0.0,0.0,0.0,0.0,0.0,0.0,0.0,0.0,0.0,0.0,0.0
Oklahoma,1989,0.0,0.0,0.0,0.0,0.0,0.0,0.0,0.0,0.0,0.0,0.0,0.0
Oklahoma,1990,0.0,0.0,0.0,0.0,0.0,0.0,0.0,0.0,0.0,0.0,0.0,0.0
Oklahoma,1991,0.0,0.0,0.0,0.0,0.0,0.0,0.0,0.0,0.0,0.0,0.0,0.0
Oklahoma,1992,0.0,0.0,0.0,0.0,0.0,0.0,0.0,0.0,0.0,0.0,0.0,0.0
Oklahoma,1993,0.0,0.0,0.0,0.0,0.0,0.0,0.0,0.0,0.0,0.0,0.0,0.0
Oklahoma,1994,0.0,0.0,0.0,0.0,0.0,0.0,0.0,0.0,0.0,0.0,0.0,0.0
Oklahoma,1995,0.0,0.0,0.0,0.0,0.0,0.0,0.0,0.0,0.0,0.0,0.0,0.0
Oklahoma,1996,0.0,0.0,0.0,0.0,0.0,0.0,0.0,0.0,0.0,0.0,0.0,0.0
Oklahoma,1997,0.0,0.0,0.0,0.0,0.0,0.0,0.0,0.0,0.0,0.0,0.0,0.0
Oklahoma,1998,0.0,0.0,0.0,0.0,0.0,0.0,0.0,0.0,0.0,0.0,0.0,0.0
Oklahoma,1999,0.0,0.0,0.0,0.0,0.0,0.0,0.0,0.0,0.0,0.0,0.0,0.0
Oklahoma,2000,0.0,0.0,0.0,0.0,0.0,0.0,0.0,0.0,0.0,0.0,0.0,0.0
Oklahoma,2001,0.0,0.0,0.0,0.0,0.0,0.0,0.0,0.0,0.0,0.0,0.0,0.0
Oklahoma,2002,0.0,0.0,0.0,0.0,0.0,0.0,0.0,0.0,0.0,0.0,0.0,0.0
Oklahoma,2003,0.0,0.0,0.0,0.0,0.0,0.0,0.0,0.0,0.0,0.0,0.0,0.0
Oklahoma,2004,0.0,0.0,0.0,0.0,0.0,0.0,0.0,0.0,0.0,0.0,0.0,0.0
Oklahoma,2005,0.0,0.0,0.0,0.0,0.0,0.0,0.0,0.0,0.0,0.0,0.0,0.0
Oklahoma,2006,0.0,0.0,0.0,0.0,0.0,0.0,0.0,0.0,0.0,0.0,0.0,0.0
Oklahoma,2007,0.0,0.0,0.0,0.0,0.0,0.0,0.0,0.0,0.0,0.0,0.0,0.0
Oklahoma,2008,0.0,0.0,0.0,0.0,0.0,0.0,0.0,0.0,0.0,0.0,0.0,0.0
Oklahoma,2009,0.0,0.0,0.0,0.0,0.0,0.0,0.0,0.0,0.0,0.0,0.0,0.0
Oklahoma,2010,0.0,0.0,0.0,0.0,0.0,0.0,0.0,0.0,0.0,0.0,0.0,0.0
Oklahoma,2011,0.0,0.0,0.0,0.0,0.0,0.0,0.0,0.0,0.0,0.0,0.0,0.0
Oklahoma,2012,0.0,0.0,0.0,0.0,0.0,0.0,0.0,0.0,0.0,0.0,0.0,0.0
Oklahoma,2013,0.0,0.0,0.0,0.0,0.0,0.0,0.0,0.0,0.0,0.0,0.0,0.0
Oklahoma,2014,0.0,0.0,0.0,0.0,0.0,0.0,0.0,0.0,0.0,0.0,0.0,0.0
Oklahoma,2015,0.0,0.0,0.0,0.0,0.0,0.0,0.0,0.0,0.0,0.0,0.0,0.0
Oklahoma,2016,0.0,0.0,0.0,0.0,0.0,0.0,0.0,0.0,0.0,0.0,0.0,0.0
Oklahoma,2017,0.0,0.0,0.0,0.0,0.0,0.0,0.0,0.0,0.0,0.0,0.0,0.0
Oklahoma,2018,0.0,0.0,0.0,0.0,0.0,0.0,0.0,0.0,0.0,0.0,0.0,0.0
Oklahoma,2019,0.0,0.0,0.0,0.0,0.0,0.0,0.0,0.0,0.0,0.0,0.0,0.0
Oklahoma,2020,0.0,0.0,0.0,0.0,0.0,0.0,0.0,0.0,0.0,0.0,0.0,0.0
Oklahoma,2021,0.0,0.0,0.0,0.0,0.0,0.0,0.0,0.0,0.0,0.0,0.0,0.0
Oklahoma,2022,0.0,0.0,0.0,0.0,0.0,0.0,0.0,0.0,0.0,0.0,0.0,0.0
Oklahoma,2023,0.0,0.0,0.0,0.0,0.0,0.0,0.0,0.0,0.0,0.0,0.0,0.0
Oklahoma,2024,0.0,0.0,0.0,0.0,0.0,0.0,0.0,0.0,0.0,0.0,0.0,0.0
Oklahoma,2025,0.0,0.0,0.0,0.0,0.0,0.0,0.0,0.0,0.0,0.0,0.0,0.0
Oman,1989,0.0,0.0,0.0,0.0,0.0,0.0,NA,NA,NA,NA,NA,NA
Oman,1990,0.0,0.0,0.0,0.0,0.0,0.0,NA,NA,NA,NA,NA,NA
Oman,1991,0.0,0.0,0.0,0.0,0.0,0.0,NA,NA,NA,NA,NA,NA
Oman,1992,0.0,0.0,0.0,0.0,0.0,0.0,NA,NA,NA,NA,NA,NA
Oman,1993,0.0,0.0,0.0,0.0,0.0,0.0,NA,NA,NA,NA,NA,NA
Oman,1994,0.0,0.0,0.0,0.0,0.0,0.0,NA,NA,NA,NA,NA,NA
Oman,1995,0.0,0.0,0.0,0.0,0.0,0.0,NA,NA,NA,NA,NA,NA
Oman,1996,0.0,0.0,0.0,0.0,0.0,0.0,NA,NA,NA,NA,NA,NA
Oman,1997,0.0,0.0,0.0,0.0,0.0,0.0,NA,NA,NA,NA,NA,NA
Oman,1998,0.0,0.0,0.0,0.0,0.0,0.0,NA,NA,NA,NA,NA,NA
Oman,1999,0.0,0.0,0.0,0.0,0.0,0.0,NA,NA,NA,NA,NA,NA
Oman,2000,0.0,0.0,0.0,0.0,0.0,0.0,NA,NA,NA,NA,NA,NA
Oman,2001,0.0,0.0,0.0,0.0,0.0,0.0,NA,NA,NA,NA,NA,NA
Oman,2002,0.0,0.0,0.0,0.0,0.0,0.0,NA,NA,NA,NA,NA,NA
Oman,2003,0.0,0.0,0.0,0.0,0.0,0.0,NA,NA,NA,NA,NA,NA
Oman,2004,0.0,0.0,0.0,0.0,0.0,0.0,NA,NA,NA,NA,NA,NA
Oman,2005,0.0,0.0,0.0,0.0,0.0,0.0,NA,NA,NA,NA,NA,NA
Oman,2006,0.0,0.0,0.0,0.0,0.0,0.0,NA,NA,NA,NA,NA,NA
Oman,2007,0.0,0.0,0.0,0.0,0.0,0.0,NA,NA,NA,NA,NA,NA
Oman,2008,0.0,0.0,0.0,0.0,0.0,0.0,NA,NA,NA,NA,NA,NA
Oman,2009,0.0,0.0,0.0,0.0,0.0,0.0,NA,NA,NA,NA,NA,NA
Oman,2010,0.0,0.0,0.0,0.0,0.0,0.0,NA,NA,NA,NA,NA,NA
Oman,2011,0.0,0.0,0.0,0.0,0.0,0.0,NA,NA,NA,NA,NA,NA
Oman,2012,0.0,0.0,0.0,0.0,0.0,0.0,NA,NA,NA,NA,NA,NA
Oman,2013,0.0,0.0,0.0,0.0,0.0,0.0,NA,NA,NA,NA,NA,NA
Oman,2014,0.0,0.0,0.0,0.0,0.0,0.0,NA,NA,NA,NA,NA,NA
Oman,2015,0.0,0.0,0.0,0.0,0.0,0.0,NA,NA,NA,NA,NA,NA
Oman,2016,0.0,0.0,0.0,0.0,0.0,0.0,NA,NA,NA,NA,NA,NA
Oman,2017,0.0,0.0,0.0,0.0,0.0,0.0,NA,NA,NA,NA,NA,NA
Oman,2018,0.0,0.0,0.0,0.0,0.0,0.0,NA,NA,NA,NA,NA,NA
Oman,2019,0.0,0.0,0.0,0.0,0.0,0.0,NA,NA,NA,NA,NA,NA
Oman,2020,0.0,0.0,0.0,0.0,0.0,0.0,NA,NA,NA,NA,NA,NA
Oman,2021,0.0,0.0,0.0,0.0,0.0,0.0,NA,NA,NA,NA,NA,NA
Oman,2022,0.0,0.0,0.0,0.0,0.0,0.0,NA,NA,NA,NA,NA,NA
Oman,2023,0.0,0.0,0.0,0.0,0.0,0.0,NA,NA,NA,NA,NA,NA
Oman,2024,0.0,0.0,0.0,0.0,0.0,0.0,NA,NA,NA,NA,NA,NA
Oman,2025,0.0,0.0,0.0,0.0,0.0,0.0,NA,NA,NA,NA,NA,NA
Ontario,1989,0.0,0.0,0.0,0.0,0.0,0.0,0.0,0.0,0.0,0.0,0.0,0.0
Ontario,1990,0.0,0.0,0.0,0.0,0.0,0.0,0.0,0.0,0.0,0.0,0.0,0.0
Ontario,1991,0.0,0.0,0.0,0.0,0.0,0.0,0.0,0.0,0.0,0.0,0.0,0.0
Ontario,1992,0.0,0.0,0.0,0.0,0.0,0.0,0.0,0.0,0.0,0.0,0.0,0.0
Ontario,1993,0.0,0.0,0.0,0.0,0.0,0.0,0.0,0.0,0.0,0.0,0.0,0.0
Ontario,1994,0.0,0.0,0.0,0.0,0.0,0.0,0.0,0.0,0.0,0.0,0.0,0.0
Ontario,1995,0.0,0.0,0.0,0.0,0.0,0.0,0.0,0.0,0.0,0.0,0.0,0.0
Ontario,1996,0.0,0.0,0.0,0.0,0.0,0.0,0.0,0.0,0.0,0.0,0.0,0.0
Ontario,1997,0.0,0.0,0.0,0.0,0.0,0.0,0.0,0.0,0.0,0.0,0.0,0.0
Ontario,1998,0.0,0.0,0.0,0.0,0.0,0.0,0.0,0.0,0.0,0.0,0.0,0.0
Ontario,1999,0.0,0.0,0.0,0.0,0.0,0.0,0.0,0.0,0.0,0.0,0.0,0.0
Ontario,2000,0.0,0.0,0.0,0.0,0.0,0.0,0.0,0.0,0.0,0.0,0.0,0.0
Ontario,2001,0.0,0.0,0.0,0.0,0.0,0.0,0.0,0.0,0.0,0.0,0.0,0.0
Ontario,2002,0.0,0.0,0.0,0.0,0.0,0.0,0.0,0.0,0.0,0.0,0.0,0.0
Ontario,2003,0.0,0.0,0.0,0.0,0.0,0.0,0.0,0.0,0.0,0.0,0.0,0.0
Ontario,2004,0.0,0.0,0.0,0.0,0.0,0.0,0.0,0.0,0.0,0.0,0.0,0.0
Ontario,2005,0.0,0.0,0.0,0.0,0.0,0.0,0.0,0.0,0.0,0.0,0.0,0.0
Ontario,2006,0.0,0.0,0.0,0.0,0.0,0.0,0.0,0.0,0.0,0.0,0.0,0.0
Ontario,2007,0.0,0.0,0.0,0.0,0.0,0.0,0.0,0.0,0.0,0.0,0.0,0.0
Ontario,2008,0.0,0.0,0.0,0.0,0.0,0.0,0.0,0.0,0.0,0.0,0.0,0.0
Ontario,2009,0.0,0.0,0.0,0.0,0.0,0.0,0.0,0.0,0.0,0.0,0.0,0.0
Ontario,2010,0.0,0.0,0.0,0.0,0.0,0.0,0.0,0.0,0.0,0.0,0.0,0.0
Ontario,2011,0.0,0.0,0.0,0.0,0.0,0.0,0.0,0.0,0.0,0.0,0.0,0.0
Ontario,2012,0.0,0.0,0.0,0.0,0.0,0.0,0.0,0.0,0.0,0.0,0.0,0.0
Ontario,2013,0.0,0.0,0.0,0.0,0.0,0.0,0.0,0.0,0.0,0.0,0.0,0.0
Ontario,2014,0.0,0.0,0.0,0.0,0.0,0.0,0.0,0.0,0.0,0.0,0.0,0.0
Ontario,2015,0.0,0.0,0.0,0.0,0.0,0.0,0.0,0.0,0.0,0.0,0.0,0.0
Ontario,2016,0.0,0.0,0.0,0.0,0.0,0.0,0.0,0.0,0.0,0.0,0.0,0.0
Ontario,2017,0.0,0.0,0.0,0.0,0.0,0.0,0.0,0.0,0.0,0.0,0.0,0.0
Ontario,2018,0.0,0.0,0.0,0.0,0.0,0.0,0.0,0.0,0.0,0.0,0.0,0.0
Ontario,2019,0.0,0.0,0.0,0.0,0.0,0.0,0.0,0.0,0.0,0.0,0.0,0.0
Ontario,2020,0.0,0.0,0.0,0.0,0.0,0.0,0.0,0.0,0.0,0.0,0.0,0.0
Ontario,2021,0.0,0.0,0.0,0.0,0.0,0.0,0.0,0.0,0.0,0.0,0.0,0.0
Ontario,2022,0.0,0.0,0.0,0.0,0.0,0.0,0.0,0.0,0.0,0.0,0.0,0.0
Ontario,2023,0.0,0.0,0.0,0.0,0.0,0.0,0.0,0.0,0.0,0.0,0.0,0.0
Ontario,2024,0.0,0.0,0.0,0.0,0.0,0.0,0.0,0.0,0.0,0.0,0.0,0.0
Ontario,2025,0.0,0.0,0.0,0.0,0.0,0.0,0.0,0.0,0.0,0.0,0.0,0.0
Oregon,1989,0.0,0.0,0.0,0.0,0.0,0.0,0.0,0.0,0.0,0.0,0.0,0.0
Oregon,1990,0.0,0.0,0.0,0.0,0.0,0.0,0.0,0.0,0.0,0.0,0.0,0.0
Oregon,1991,0.0,0.0,0.0,0.0,0.0,0.0,0.0,0.0,0.0,0.0,0.0,0.0
Oregon,1992,0.0,0.0,0.0,0.0,0.0,0.0,0.0,0.0,0.0,0.0,0.0,0.0
Oregon,1993,0.0,0.0,0.0,0.0,0.0,0.0,0.0,0.0,0.0,0.0,0.0,0.0
Oregon,1994,0.0,0.0,0.0,0.0,0.0,0.0,0.0,0.0,0.0,0.0,0.0,0.0
Oregon,1995,0.0,0.0,0.0,0.0,0.0,0.0,0.0,0.0,0.0,0.0,0.0,0.0
Oregon,1996,0.0,0.0,0.0,0.0,0.0,0.0,0.0,0.0,0.0,0.0,0.0,0.0
Oregon,1997,0.0,0.0,0.0,0.0,0.0,0.0,0.0,0.0,0.0,0.0,0.0,0.0
Oregon,1998,0.0,0.0,0.0,0.0,0.0,0.0,0.0,0.0,0.0,0.0,0.0,0.0
Oregon,1999,0.0,0.0,0.0,0.0,0.0,0.0,0.0,0.0,0.0,0.0,0.0,0.0
Oregon,2000,0.0,0.0,0.0,0.0,0.0,0.0,0.0,0.0,0.0,0.0,0.0,0.0
Oregon,2001,0.0,0.0,0.0,0.0,0.0,0.0,0.0,0.0,0.0,0.0,0.0,0.0
Oregon,2002,0.0,0.0,0.0,0.0,0.0,0.0,0.0,0.0,0.0,0.0,0.0,0.0
Oregon,2003,0.0,0.0,0.0,0.0,0.0,0.0,0.0,0.0,0.0,0.0,0.0,0.0
Oregon,2004,0.0,0.0,0.0,0.0,0.0,0.0,0.0,0.0,0.0,0.0,0.0,0.0
Oregon,2005,0.0,0.0,0.0,0.0,0.0,0.0,0.0,0.0,0.0,0.0,0.0,0.0
Oregon,2006,0.0,0.0,0.0,0.0,0.0,0.0,0.0,0.0,0.0,0.0,0.0,0.0
Oregon,2007,0.0,0.0,0.0,0.0,0.0,0.0,0.0,0.0,0.0,0.0,0.0,0.0
Oregon,2008,0.0,0.0,0.0,0.0,0.0,0.0,0.0,0.0,0.0,0.0,0.0,0.0
Oregon,2009,0.0,0.0,0.0,0.0,0.0,0.0,0.0,0.0,0.0,0.0,0.0,0.0
Oregon,2010,0.0,0.0,0.0,0.0,0.0,0.0,0.0,0.0,0.0,0.0,0.0,0.0
Oregon,2011,0.0,0.0,0.0,0.0,0.0,0.0,0.0,0.0,0.0,0.0,0.0,0.0
Oregon,2012,0.0,0.0,0.0,0.0,0.0,0.0,0.0,0.0,0.0,0.0,0.0,0.0
Oregon,2013,0.0,0.0,0.0,0.0,0.0,0.0,0.0,0.0,0.0,0.0,0.0,0.0
Oregon,2014,0.0,0.0,0.0,0.0,0.0,0.0,0.0,0.0,0.0,0.0,0.0,0.0
Oregon,2015,0.0,0.0,0.0,0.0,0.0,0.0,0.0,0.0,0.0,0.0,0.0,0.0
Oregon,2016,0.0,0.0,0.0,0.0,0.0,0.0,0.0,0.0,0.0,0.0,0.0,0.0
Oregon,2017,0.0,0.0,0.0,0.0,0.0,0.0,0.0,0.0,0.0,0.0,0.0,0.0
Oregon,2018,0.0,0.0,0.0,0.0,0.0,0.0,0.0,0.0,0.0,0.0,0.0,0.0
Oregon,2019,0.0,0.0,0.0,0.0,0.0,0.0,0.0,0.0,0.0,0.0,0.0,0.0
Oregon,2020,0.0,0.0,0.0,0.0,0.0,0.0,0.0,0.0,0.0,0.0,0.0,0.0
Oregon,2021,0.0,0.0,0.0,0.0,0.0,0.0,0.0,0.0,0.0,0.0,0.0,0.0
Oregon,2022,0.0,0.0,0.0,0.0,0.0,0.0,0.0,0.0,0.0,0.0,0.0,0.0
Oregon,2023,0.0,0.0,0.0,0.0,0.0,0.0,0.0,0.0,0.0,0.0,0.0,0.0
Oregon,2024,0.0,0.0,0.0,0.0,0.0,0.0,0.0,0.0,0.0,0.0,0.0,0.0
Oregon,2025,0.0,0.0,0.0,0.0,0.0,0.0,0.0,0.0,0.0,0.0,0.0,0.0
Osaka,1989,0.0,0.0,0.0,0.0,0.0,0.0,0.0,0.0,0.0,0.0,0.0,0.0
Osaka,1990,0.0,0.0,0.0,0.0,0.0,0.0,0.0,0.0,0.0,0.0,0.0,0.0
Osaka,1991,0.0,0.0,0.0,0.0,0.0,0.0,0.0,0.0,0.0,0.0,0.0,0.0
Osaka,1992,0.0,0.0,0.0,0.0,0.0,0.0,0.0,0.0,0.0,0.0,0.0,0.0
Osaka,1993,0.0,0.0,0.0,0.0,0.0,0.0,0.0,0.0,0.0,0.0,0.0,0.0
Osaka,1994,0.0,0.0,0.0,0.0,0.0,0.0,0.0,0.0,0.0,0.0,0.0,0.0
Osaka,1995,0.0,0.0,0.0,0.0,0.0,0.0,0.0,0.0,0.0,0.0,0.0,0.0
Osaka,1996,0.0,0.0,0.0,0.0,0.0,0.0,0.0,0.0,0.0,0.0,0.0,0.0
Osaka,1997,0.0,0.0,0.0,0.0,0.0,0.0,0.0,0.0,0.0,0.0,0.0,0.0
Osaka,1998,0.0,0.0,0.0,0.0,0.0,0.0,0.0,0.0,0.0,0.0,0.0,0.0
Osaka,1999,0.0,0.0,0.0,0.0,0.0,0.0,0.0,0.0,0.0,0.0,0.0,0.0
Osaka,2000,0.0,0.0,0.0,0.0,0.0,0.0,0.0,0.0,0.0,0.0,0.0,0.0
Osaka,2001,0.0,0.0,0.0,0.0,0.0,0.0,0.0,0.0,0.0,0.0,0.0,0.0
Osaka,2002,0.0,0.0,0.0,0.0,0.0,0.0,0.0,0.0,0.0,0.0,0.0,0.0
Osaka,2003,0.0,0.0,0.0,0.0,0.0,0.0,0.0,0.0,0.0,0.0,0.0,0.0
Osaka,2004,0.0,0.0,0.0,0.0,0.0,0.0,0.0,0.0,0.0,0.0,0.0,0.0
Osaka,2005,0.0,0.0,0.0,0.0,0.0,0.0,0.0,0.0,0.0,0.0,0.0,0.0
Osaka,2006,0.0,0.0,0.0,0.0,0.0,0.0,0.0,0.0,0.0,0.0,0.0,0.0
Osaka,2007,0.0,0.0,0.0,0.0,0.0,0.0,0.0,0.0,0.0,0.0,0.0,0.0
Osaka,2008,0.0,0.0,0.0,0.0,0.0,0.0,0.0,0.0,0.0,0.0,0.0,0.0
Osaka,2009,0.0,0.0,0.0,0.0,0.0,0.0,0.0,0.0,0.0,0.0,0.0,0.0
Osaka,2010,0.0,0.0,0.0,0.0,0.0,0.0,0.0,0.0,0.0,0.0,0.0,0.0
Osaka,2011,0.0,0.0,0.0,0.0,0.0,0.0,0.0,0.0,0.0,0.0,0.0,0.0
Osaka,2012,0.0,0.0,0.0,0.0,0.0,0.0,0.0,0.0,0.0,0.0,0.0,0.0
Osaka,2013,0.0,0.0,0.0,0.0,0.0,0.0,0.0,0.0,0.0,0.0,0.0,0.0
Osaka,2014,0.0,0.0,0.0,0.0,0.0,0.0,0.0,0.0,0.0,0.0,0.0,0.0
Osaka,2015,0.0,0.0,0.0,0.0,0.0,0.0,0.0,0.0,0.0,0.0,0.0,0.0
Osaka,2016,0.0,0.0,0.0,0.0,0.0,0.0,0.0,0.0,0.0,0.0,0.0,0.0
Osaka,2017,0.0,0.0,0.0,0.0,0.0,0.0,0.0,0.0,0.0,0.0,0.0,0.0
Osaka,2018,0.0,0.0,0.0,0.0,0.0,0.0,0.0,0.0,0.0,0.0,0.0,0.0
Osaka,2019,0.0,0.0,0.0,0.0,0.0,0.0,0.0,0.0,0.0,0.0,0.0,0.0
Osaka,2020,0.0,0.0,0.0,0.0,0.0,0.0,0.0,0.0,0.0,0.0,0.0,0.0
Osaka,2021,0.0,0.0,0.0,0.0,0.0,0.0,0.0,0.0,0.0,0.0,0.0,0.0
Osaka,2022,0.0,0.0,0.0,0.0,0.0,0.0,0.0,0.0,0.0,0.0,0.0,0.0
Osaka,2023,0.0,0.0,0.0,0.0,0.0,0.0,0.0,0.0,0.0,0.0,0.0,0.0
Osaka,2024,0.0,0.0,0.0,0.0,0.0,0.0,0.0,0.0,0.0,0.0,0.0,0.0
Osaka,2025,0.0,0.0,0.0,0.0,0.0,0.0,0.0,0.0,0.0,0.0,0.0,0.0
Pakistan,1989,0.0,0.0,0.0,0.0,0.0,0.0,NA,NA,NA,NA,NA,NA
Pakistan,1990,0.0,0.0,0.0,0.0,0.0,0.0,NA,NA,NA,NA,NA,NA
Pakistan,1991,0.0,0.0,0.0,0.0,0.0,0.0,NA,NA,NA,NA,NA,NA
Pakistan,1992,0.0,0.0,0.0,0.0,0.0,0.0,NA,NA,NA,NA,NA,NA
Pakistan,1993,0.0,0.0,0.0,0.0,0.0,0.0,NA,NA,NA,NA,NA,NA
Pakistan,1994,0.0,0.0,0.0,0.0,0.0,0.0,NA,NA,NA,NA,NA,NA
Pakistan,1995,0.0,0.0,0.0,0.0,0.0,0.0,NA,NA,NA,NA,NA,NA
Pakistan,1996,0.0,0.0,0.0,0.0,0.0,0.0,NA,NA,NA,NA,NA,NA
Pakistan,1997,0.0,0.0,0.0,0.0,0.0,0.0,NA,NA,NA,NA,NA,NA
Pakistan,1998,0.0,0.0,0.0,0.0,0.0,0.0,NA,NA,NA,NA,NA,NA
Pakistan,1999,0.0,0.0,0.0,0.0,0.0,0.0,NA,NA,NA,NA,NA,NA
Pakistan,2000,0.0,0.0,0.0,0.0,0.0,0.0,NA,NA,NA,NA,NA,NA
Pakistan,2001,0.0,0.0,0.0,0.0,0.0,0.0,NA,NA,NA,NA,NA,NA
Pakistan,2002,0.0,0.0,0.0,0.0,0.0,0.0,NA,NA,NA,NA,NA,NA
Pakistan,2003,0.0,0.0,0.0,0.0,0.0,0.0,NA,NA,NA,NA,NA,NA
Pakistan,2004,0.0,0.0,0.0,0.0,0.0,0.0,NA,NA,NA,NA,NA,NA
Pakistan,2005,0.0,0.0,0.0,0.0,0.0,0.0,NA,NA,NA,NA,NA,NA
Pakistan,2006,0.0,0.0,0.0,0.0,0.0,0.0,NA,NA,NA,NA,NA,NA
Pakistan,2007,0.0,0.0,0.0,0.0,0.0,0.0,NA,NA,NA,NA,NA,NA
Pakistan,2008,0.0,0.0,0.0,0.0,0.0,0.0,NA,NA,NA,NA,NA,NA
Pakistan,2009,0.0,0.0,0.0,0.0,0.0,0.0,NA,NA,NA,NA,NA,NA
Pakistan,2010,0.0,0.0,0.0,0.0,0.0,0.0,NA,NA,NA,NA,NA,NA
Pakistan,2011,0.0,0.0,0.0,0.0,0.0,0.0,NA,NA,NA,NA,NA,NA
Pakistan,2012,0.0,0.0,0.0,0.0,0.0,0.0,NA,NA,NA,NA,NA,NA
Pakistan,2013,0.0,0.0,0.0,0.0,0.0,0.0,NA,NA,NA,NA,NA,NA
Pakistan,2014,0.0,0.0,0.0,0.0,0.0,0.0,NA,NA,NA,NA,NA,NA
Pakistan,2015,0.0,0.0,0.0,0.0,0.0,0.0,NA,NA,NA,NA,NA,NA
Pakistan,2016,0.0,0.0,0.0,0.0,0.0,0.0,NA,NA,NA,NA,NA,NA
Pakistan,2017,0.0,0.0,0.0,0.0,0.0,0.0,NA,NA,NA,NA,NA,NA
Pakistan,2018,0.0,0.0,0.0,0.0,0.0,0.0,NA,NA,NA,NA,NA,NA
Pakistan,2019,0.0,0.0,0.0,0.0,0.0,0.0,NA,NA,NA,NA,NA,NA
Pakistan,2020,0.0,0.0,0.0,0.0,0.0,0.0,NA,NA,NA,NA,NA,NA
Pakistan,2021,0.0,0.0,0.0,0.0,0.0,0.0,NA,NA,NA,NA,NA,NA
Pakistan,2022,0.0,0.0,0.0,0.0,0.0,0.0,NA,NA,NA,NA,NA,NA
Pakistan,2023,0.0,0.0,0.0,0.0,0.0,0.0,NA,NA,NA,NA,NA,NA
Pakistan,2024,0.0,0.0,0.0,0.0,0.0,0.0,NA,NA,NA,NA,NA,NA
Pakistan,2025,0.0,0.0,0.0,0.0,0.0,0.0,NA,NA,NA,NA,NA,NA
Palau,1989,0.0,0.0,0.0,0.0,0.0,0.0,NA,NA,NA,NA,NA,NA
Palau,1990,0.0,0.0,0.0,0.0,0.0,0.0,NA,NA,NA,NA,NA,NA
Palau,1991,0.0,0.0,0.0,0.0,0.0,0.0,NA,NA,NA,NA,NA,NA
Palau,1992,0.0,0.0,0.0,0.0,0.0,0.0,NA,NA,NA,NA,NA,NA
Palau,1993,0.0,0.0,0.0,0.0,0.0,0.0,NA,NA,NA,NA,NA,NA
Palau,1994,0.0,0.0,0.0,0.0,0.0,0.0,NA,NA,NA,NA,NA,NA
Palau,1995,0.0,0.0,0.0,0.0,0.0,0.0,NA,NA,NA,NA,NA,NA
Palau,1996,0.0,0.0,0.0,0.0,0.0,0.0,NA,NA,NA,NA,NA,NA
Palau,1997,0.0,0.0,0.0,0.0,0.0,0.0,NA,NA,NA,NA,NA,NA
Palau,1998,0.0,0.0,0.0,0.0,0.0,0.0,NA,NA,NA,NA,NA,NA
Palau,1999,0.0,0.0,0.0,0.0,0.0,0.0,NA,NA,NA,NA,NA,NA
Palau,2000,0.0,0.0,0.0,0.0,0.0,0.0,NA,NA,NA,NA,NA,NA
Palau,2001,0.0,0.0,0.0,0.0,0.0,0.0,NA,NA,NA,NA,NA,NA
Palau,2002,0.0,0.0,0.0,0.0,0.0,0.0,NA,NA,NA,NA,NA,NA
Palau,2003,0.0,0.0,0.0,0.0,0.0,0.0,NA,NA,NA,NA,NA,NA
Palau,2004,0.0,0.0,0.0,0.0,0.0,0.0,NA,NA,NA,NA,NA,NA
Palau,2005,0.0,0.0,0.0,0.0,0.0,0.0,NA,NA,NA,NA,NA,NA
Palau,2006,0.0,0.0,0.0,0.0,0.0,0.0,NA,NA,NA,NA,NA,NA
Palau,2007,0.0,0.0,0.0,0.0,0.0,0.0,NA,NA,NA,NA,NA,NA
Palau,2008,0.0,0.0,0.0,0.0,0.0,0.0,NA,NA,NA,NA,NA,NA
Palau,2009,0.0,0.0,0.0,0.0,0.0,0.0,NA,NA,NA,NA,NA,NA
Palau,2010,0.0,0.0,0.0,0.0,0.0,0.0,NA,NA,NA,NA,NA,NA
Palau,2011,0.0,0.0,0.0,0.0,0.0,0.0,NA,NA,NA,NA,NA,NA
Palau,2012,0.0,0.0,0.0,0.0,0.0,0.0,NA,NA,NA,NA,NA,NA
Palau,2013,0.0,0.0,0.0,0.0,0.0,0.0,NA,NA,NA,NA,NA,NA
Palau,2014,0.0,0.0,0.0,0.0,0.0,0.0,NA,NA,NA,NA,NA,NA
Palau,2015,0.0,0.0,0.0,0.0,0.0,0.0,NA,NA,NA,NA,NA,NA
Palau,2016,0.0,0.0,0.0,0.0,0.0,0.0,NA,NA,NA,NA,NA,NA
Palau,2017,0.0,0.0,0.0,0.0,0.0,0.0,NA,NA,NA,NA,NA,NA
Palau,2018,0.0,0.0,0.0,0.0,0.0,0.0,NA,NA,NA,NA,NA,NA
Palau,2019,0.0,0.0,0.0,0.0,0.0,0.0,NA,NA,NA,NA,NA,NA
Palau,2020,0.0,0.0,0.0,0.0,0.0,0.0,NA,NA,NA,NA,NA,NA
Palau,2021,0.0,0.0,0.0,0.0,0.0,0.0,NA,NA,NA,NA,NA,NA
Palau,2022,0.0,0.0,0.0,0.0,0.0,0.0,NA,NA,NA,NA,NA,NA
Palau,2023,0.0,0.0,0.0,0.0,0.0,0.0,NA,NA,NA,NA,NA,NA
Palau,2024,0.0,0.0,0.0,0.0,0.0,0.0,NA,NA,NA,NA,NA,NA
Palau,2025,0.0,0.0,0.0,0.0,0.0,0.0,NA,NA,NA,NA,NA,NA
Panama,1989,0.0,0.0,0.0,0.0,0.0,0.0,NA,NA,NA,NA,NA,NA
Panama,1990,0.0,0.0,0.0,0.0,0.0,0.0,NA,NA,NA,NA,NA,NA
Panama,1991,0.0,0.0,0.0,0.0,0.0,0.0,NA,NA,NA,NA,NA,NA
Panama,1992,0.0,0.0,0.0,0.0,0.0,0.0,NA,NA,NA,NA,NA,NA
Panama,1993,0.0,0.0,0.0,0.0,0.0,0.0,NA,NA,NA,NA,NA,NA
Panama,1994,0.0,0.0,0.0,0.0,0.0,0.0,NA,NA,NA,NA,NA,NA
Panama,1995,0.0,0.0,0.0,0.0,0.0,0.0,NA,NA,NA,NA,NA,NA
Panama,1996,0.0,0.0,0.0,0.0,0.0,0.0,NA,NA,NA,NA,NA,NA
Panama,1997,0.0,0.0,0.0,0.0,0.0,0.0,NA,NA,NA,NA,NA,NA
Panama,1998,0.0,0.0,0.0,0.0,0.0,0.0,NA,NA,NA,NA,NA,NA
Panama,1999,0.0,0.0,0.0,0.0,0.0,0.0,NA,NA,NA,NA,NA,NA
Panama,2000,0.0,0.0,0.0,0.0,0.0,0.0,NA,NA,NA,NA,NA,NA
Panama,2001,0.0,0.0,0.0,0.0,0.0,0.0,NA,NA,NA,NA,NA,NA
Panama,2002,0.0,0.0,0.0,0.0,0.0,0.0,NA,NA,NA,NA,NA,NA
Panama,2003,0.0,0.0,0.0,0.0,0.0,0.0,NA,NA,NA,NA,NA,NA
Panama,2004,0.0,0.0,0.0,0.0,0.0,0.0,NA,NA,NA,NA,NA,NA
Panama,2005,0.0,0.0,0.0,0.0,0.0,0.0,NA,NA,NA,NA,NA,NA
Panama,2006,0.0,0.0,0.0,0.0,0.0,0.0,NA,NA,NA,NA,NA,NA
Panama,2007,0.0,0.0,0.0,0.0,0.0,0.0,NA,NA,NA,NA,NA,NA
Panama,2008,0.0,0.0,0.0,0.0,0.0,0.0,NA,NA,NA,NA,NA,NA
Panama,2009,0.0,0.0,0.0,0.0,0.0,0.0,NA,NA,NA,NA,NA,NA
Panama,2010,0.0,0.0,0.0,0.0,0.0,0.0,NA,NA,NA,NA,NA,NA
Panama,2011,0.0,0.0,0.0,0.0,0.0,0.0,NA,NA,NA,NA,NA,NA
Panama,2012,0.0,0.0,0.0,0.0,0.0,0.0,NA,NA,NA,NA,NA,NA
Panama,2013,0.0,0.0,0.0,0.0,0.0,0.0,NA,NA,NA,NA,NA,NA
Panama,2014,0.0,0.0,0.0,0.0,0.0,0.0,NA,NA,NA,NA,NA,NA
Panama,2015,0.0,0.0,0.0,0.0,0.0,0.0,NA,NA,NA,NA,NA,NA
Panama,2016,0.0,0.0,0.0,0.0,0.0,0.0,NA,NA,NA,NA,NA,NA
Panama,2017,0.0,0.0,0.0,0.0,0.0,0.0,NA,NA,NA,NA,NA,NA
Panama,2018,0.0,0.0,0.0,0.0,0.0,0.0,NA,NA,NA,NA,NA,NA
Panama,2019,0.0,0.0,0.0,0.0,0.0,0.0,NA,NA,NA,NA,NA,NA
Panama,2020,0.0,0.0,0.0,0.0,0.0,0.0,NA,NA,NA,NA,NA,NA
Panama,2021,0.0,0.0,0.0,0.0,0.0,0.0,NA,NA,NA,NA,NA,NA
Panama,2022,0.0,0.0,0.0,0.0,0.0,0.0,NA,NA,NA,NA,NA,NA
Panama,2023,0.0,0.0,0.0,0.0,0.0,0.0,NA,NA,NA,NA,NA,NA
Panama,2024,0.0,0.0,0.0,0.0,0.0,0.0,NA,NA,NA,NA,NA,NA
Panama,2025,0.0,0.0,0.0,0.0,0.0,0.0,NA,NA,NA,NA,NA,NA
Papua New Guinea,1989,0.0,0.0,0.0,0.0,0.0,0.0,NA,NA,NA,NA,NA,NA
Papua New Guinea,1990,0.0,0.0,0.0,0.0,0.0,0.0,NA,NA,NA,NA,NA,NA
Papua New Guinea,1991,0.0,0.0,0.0,0.0,0.0,0.0,NA,NA,NA,NA,NA,NA
Papua New Guinea,1992,0.0,0.0,0.0,0.0,0.0,0.0,NA,NA,NA,NA,NA,NA
Papua New Guinea,1993,0.0,0.0,0.0,0.0,0.0,0.0,NA,NA,NA,NA,NA,NA
Papua New Guinea,1994,0.0,0.0,0.0,0.0,0.0,0.0,NA,NA,NA,NA,NA,NA
Papua New Guinea,1995,0.0,0.0,0.0,0.0,0.0,0.0,NA,NA,NA,NA,NA,NA
Papua New Guinea,1996,0.0,0.0,0.0,0.0,0.0,0.0,NA,NA,NA,NA,NA,NA
Papua New Guinea,1997,0.0,0.0,0.0,0.0,0.0,0.0,NA,NA,NA,NA,NA,NA
Papua New Guinea,1998,0.0,0.0,0.0,0.0,0.0,0.0,NA,NA,NA,NA,NA,NA
Papua New Guinea,1999,0.0,0.0,0.0,0.0,0.0,0.0,NA,NA,NA,NA,NA,NA
Papua New Guinea,2000,0.0,0.0,0.0,0.0,0.0,0.0,NA,NA,NA,NA,NA,NA
Papua New Guinea,2001,0.0,0.0,0.0,0.0,0.0,0.0,NA,NA,NA,NA,NA,NA
Papua New Guinea,2002,0.0,0.0,0.0,0.0,0.0,0.0,NA,NA,NA,NA,NA,NA
Papua New Guinea,2003,0.0,0.0,0.0,0.0,0.0,0.0,NA,NA,NA,NA,NA,NA
Papua New Guinea,2004,0.0,0.0,0.0,0.0,0.0,0.0,NA,NA,NA,NA,NA,NA
Papua New Guinea,2005,0.0,0.0,0.0,0.0,0.0,0.0,NA,NA,NA,NA,NA,NA
Papua New Guinea,2006,0.0,0.0,0.0,0.0,0.0,0.0,NA,NA,NA,NA,NA,NA
Papua New Guinea,2007,0.0,0.0,0.0,0.0,0.0,0.0,NA,NA,NA,NA,NA,NA
Papua New Guinea,2008,0.0,0.0,0.0,0.0,0.0,0.0,NA,NA,NA,NA,NA,NA
Papua New Guinea,2009,0.0,0.0,0.0,0.0,0.0,0.0,NA,NA,NA,NA,NA,NA
Papua New Guinea,2010,0.0,0.0,0.0,0.0,0.0,0.0,NA,NA,NA,NA,NA,NA
Papua New Guinea,2011,0.0,0.0,0.0,0.0,0.0,0.0,NA,NA,NA,NA,NA,NA
Papua New Guinea,2012,0.0,0.0,0.0,0.0,0.0,0.0,NA,NA,NA,NA,NA,NA
Papua New Guinea,2013,0.0,0.0,0.0,0.0,0.0,0.0,NA,NA,NA,NA,NA,NA
Papua New Guinea,2014,0.0,0.0,0.0,0.0,0.0,0.0,NA,NA,NA,NA,NA,NA
Papua New Guinea,2015,0.0,0.0,0.0,0.0,0.0,0.0,NA,NA,NA,NA,NA,NA
Papua New Guinea,2016,0.0,0.0,0.0,0.0,0.0,0.0,NA,NA,NA,NA,NA,NA
Papua New Guinea,2017,0.0,0.0,0.0,0.0,0.0,0.0,NA,NA,NA,NA,NA,NA
Papua New Guinea,2018,0.0,0.0,0.0,0.0,0.0,0.0,NA,NA,NA,NA,NA,NA
Papua New Guinea,2019,0.0,0.0,0.0,0.0,0.0,0.0,NA,NA,NA,NA,NA,NA
Papua New Guinea,2020,0.0,0.0,0.0,0.0,0.0,0.0,NA,NA,NA,NA,NA,NA
Papua New Guinea,2021,0.0,0.0,0.0,0.0,0.0,0.0,NA,NA,NA,NA,NA,NA
Papua New Guinea,2022,0.0,0.0,0.0,0.0,0.0,0.0,NA,NA,NA,NA,NA,NA
Papua New Guinea,2023,0.0,0.0,0.0,0.0,0.0,0.0,NA,NA,NA,NA,NA,NA
Papua New Guinea,2024,0.0,0.0,0.0,0.0,0.0,0.0,NA,NA,NA,NA,NA,NA
Papua New Guinea,2025,0.0,0.0,0.0,0.0,0.0,0.0,NA,NA,NA,NA,NA,NA
Paraguay,1989,0.0,0.0,0.0,0.0,0.0,0.0,NA,NA,NA,NA,NA,NA
Paraguay,1990,0.0,0.0,0.0,0.0,0.0,0.0,NA,NA,NA,NA,NA,NA
Paraguay,1991,0.0,0.0,0.0,0.0,0.0,0.0,NA,NA,NA,NA,NA,NA
Paraguay,1992,0.0,0.0,0.0,0.0,0.0,0.0,NA,NA,NA,NA,NA,NA
Paraguay,1993,0.0,0.0,0.0,0.0,0.0,0.0,NA,NA,NA,NA,NA,NA
Paraguay,1994,0.0,0.0,0.0,0.0,0.0,0.0,NA,NA,NA,NA,NA,NA
Paraguay,1995,0.0,0.0,0.0,0.0,0.0,0.0,NA,NA,NA,NA,NA,NA
Paraguay,1996,0.0,0.0,0.0,0.0,0.0,0.0,NA,NA,NA,NA,NA,NA
Paraguay,1997,0.0,0.0,0.0,0.0,0.0,0.0,NA,NA,NA,NA,NA,NA
Paraguay,1998,0.0,0.0,0.0,0.0,0.0,0.0,NA,NA,NA,NA,NA,NA
Paraguay,1999,0.0,0.0,0.0,0.0,0.0,0.0,NA,NA,NA,NA,NA,NA
Paraguay,2000,0.0,0.0,0.0,0.0,0.0,0.0,NA,NA,NA,NA,NA,NA
Paraguay,2001,0.0,0.0,0.0,0.0,0.0,0.0,NA,NA,NA,NA,NA,NA
Paraguay,2002,0.0,0.0,0.0,0.0,0.0,0.0,NA,NA,NA,NA,NA,NA
Paraguay,2003,0.0,0.0,0.0,0.0,0.0,0.0,NA,NA,NA,NA,NA,NA
Paraguay,2004,0.0,0.0,0.0,0.0,0.0,0.0,NA,NA,NA,NA,NA,NA
Paraguay,2005,0.0,0.0,0.0,0.0,0.0,0.0,NA,NA,NA,NA,NA,NA
Paraguay,2006,0.0,0.0,0.0,0.0,0.0,0.0,NA,NA,NA,NA,NA,NA
Paraguay,2007,0.0,0.0,0.0,0.0,0.0,0.0,NA,NA,NA,NA,NA,NA
Paraguay,2008,0.0,0.0,0.0,0.0,0.0,0.0,NA,NA,NA,NA,NA,NA
Paraguay,2009,0.0,0.0,0.0,0.0,0.0,0.0,NA,NA,NA,NA,NA,NA
Paraguay,2010,0.0,0.0,0.0,0.0,0.0,0.0,NA,NA,NA,NA,NA,NA
Paraguay,2011,0.0,0.0,0.0,0.0,0.0,0.0,NA,NA,NA,NA,NA,NA
Paraguay,2012,0.0,0.0,0.0,0.0,0.0,0.0,NA,NA,NA,NA,NA,NA
Paraguay,2013,0.0,0.0,0.0,0.0,0.0,0.0,NA,NA,NA,NA,NA,NA
Paraguay,2014,0.0,0.0,0.0,0.0,0.0,0.0,NA,NA,NA,NA,NA,NA
Paraguay,2015,0.0,0.0,0.0,0.0,0.0,0.0,NA,NA,NA,NA,NA,NA
Paraguay,2016,0.0,0.0,0.0,0.0,0.0,0.0,NA,NA,NA,NA,NA,NA
Paraguay,2017,0.0,0.0,0.0,0.0,0.0,0.0,NA,NA,NA,NA,NA,NA
Paraguay,2018,0.0,0.0,0.0,0.0,0.0,0.0,NA,NA,NA,NA,NA,NA
Paraguay,2019,0.0,0.0,0.0,0.0,0.0,0.0,NA,NA,NA,NA,NA,NA
Paraguay,2020,0.0,0.0,0.0,0.0,0.0,0.0,NA,NA,NA,NA,NA,NA
Paraguay,2021,0.0,0.0,0.0,0.0,0.0,0.0,NA,NA,NA,NA,NA,NA
Paraguay,2022,0.0,0.0,0.0,0.0,0.0,0.0,NA,NA,NA,NA,NA,NA
Paraguay,2023,0.0,0.0,0.0,0.0,0.0,0.0,NA,NA,NA,NA,NA,NA
Paraguay,2024,0.0,0.0,0.0,0.0,0.0,0.0,NA,NA,NA,NA,NA,NA
Paraguay,2025,0.0,0.0,0.0,0.0,0.0,0.0,NA,NA,NA,NA,NA,NA
Pennsylvania,1989,0.0,0.0,0.0,0.0,0.0,0.0,0.0,0.0,0.0,0.0,0.0,0.0
Pennsylvania,1990,0.0,0.0,0.0,0.0,0.0,0.0,0.0,0.0,0.0,0.0,0.0,0.0
Pennsylvania,1991,0.0,0.0,0.0,0.0,0.0,0.0,0.0,0.0,0.0,0.0,0.0,0.0
Pennsylvania,1992,0.0,0.0,0.0,0.0,0.0,0.0,0.0,0.0,0.0,0.0,0.0,0.0
Pennsylvania,1993,0.0,0.0,0.0,0.0,0.0,0.0,0.0,0.0,0.0,0.0,0.0,0.0
Pennsylvania,1994,0.0,0.0,0.0,0.0,0.0,0.0,0.0,0.0,0.0,0.0,0.0,0.0
Pennsylvania,1995,0.0,0.0,0.0,0.0,0.0,0.0,0.0,0.0,0.0,0.0,0.0,0.0
Pennsylvania,1996,0.0,0.0,0.0,0.0,0.0,0.0,0.0,0.0,0.0,0.0,0.0,0.0
Pennsylvania,1997,0.0,0.0,0.0,0.0,0.0,0.0,0.0,0.0,0.0,0.0,0.0,0.0
Pennsylvania,1998,0.0,0.0,0.0,0.0,0.0,0.0,0.0,0.0,0.0,0.0,0.0,0.0
Pennsylvania,1999,0.0,0.0,0.0,0.0,0.0,0.0,0.0,0.0,0.0,0.0,0.0,0.0
Pennsylvania,2000,0.0,0.0,0.0,0.0,0.0,0.0,0.0,0.0,0.0,0.0,0.0,0.0
Pennsylvania,2001,0.0,0.0,0.0,0.0,0.0,0.0,0.0,0.0,0.0,0.0,0.0,0.0
Pennsylvania,2002,0.0,0.0,0.0,0.0,0.0,0.0,0.0,0.0,0.0,0.0,0.0,0.0
Pennsylvania,2003,0.0,0.0,0.0,0.0,0.0,0.0,0.0,0.0,0.0,0.0,0.0,0.0
Pennsylvania,2004,0.0,0.0,0.0,0.0,0.0,0.0,0.0,0.0,0.0,0.0,0.0,0.0
Pennsylvania,2005,0.0,0.0,0.0,0.0,0.0,0.0,0.0,0.0,0.0,0.0,0.0,0.0
Pennsylvania,2006,0.0,0.0,0.0,0.0,0.0,0.0,0.0,0.0,0.0,0.0,0.0,0.0
Pennsylvania,2007,0.0,0.0,0.0,0.0,0.0,0.0,0.0,0.0,0.0,0.0,0.0,0.0
Pennsylvania,2008,0.0,0.0,0.0,0.0,0.0,0.0,0.0,0.0,0.0,0.0,0.0,0.0
Pennsylvania,2009,0.0,0.0,0.0,0.0,0.0,0.0,0.0,0.0,0.0,0.0,0.0,0.0
Pennsylvania,2010,0.0,0.0,0.0,0.0,0.0,0.0,0.0,0.0,0.0,0.0,0.0,0.0
Pennsylvania,2011,0.0,0.0,0.0,0.0,0.0,0.0,0.0,0.0,0.0,0.0,0.0,0.0
Pennsylvania,2012,0.0,0.0,0.0,0.0,0.0,0.0,0.0,0.0,0.0,0.0,0.0,0.0
Pennsylvania,2013,0.0,0.0,0.0,0.0,0.0,0.0,0.0,0.0,0.0,0.0,0.0,0.0
Pennsylvania,2014,0.0,0.0,0.0,0.0,0.0,0.0,0.0,0.0,0.0,0.0,0.0,0.0
Pennsylvania,2015,0.0,0.0,0.0,0.0,0.0,0.0,0.0,0.0,0.0,0.0,0.0,0.0
Pennsylvania,2016,0.0,0.0,0.0,0.0,0.0,0.0,0.0,0.0,0.0,0.0,0.0,0.0
Pennsylvania,2017,0.0,0.0,0.0,0.0,0.0,0.0,0.0,0.0,0.0,0.0,0.0,0.0
Pennsylvania,2018,0.0,0.0,0.0,0.0,0.0,0.0,0.0,0.0,0.0,0.0,0.0,0.0
Pennsylvania,2019,0.0,0.0,0.0,0.0,0.0,0.0,0.0,0.0,0.0,0.0,0.0,0.0
Pennsylvania,2020,0.0,0.0,0.0,0.0,0.0,0.0,0.0,0.0,0.0,0.0,0.0,0.0
Pennsylvania,2021,0.0,0.0,0.0,0.0,0.0,0.0,0.0,0.0,0.0,0.0,0.0,0.0
Pennsylvania,2022,0.0,0.0,0.0,0.0,0.0,0.0,0.0,0.0,0.0,0.0,0.0,0.0
Pennsylvania,2023,0.0,0.0,0.0,0.0,0.0,0.0,0.0,0.0,0.0,0.0,0.0,0.0
Pennsylvania,2024,0.0,0.0,0.0,0.0,0.0,0.0,0.0,0.0,0.0,0.0,0.0,0.0
Pennsylvania,2025,0.0,0.0,0.0,0.0,0.0,0.0,0.0,0.0,0.0,0.0,0.0,0.0
Peru,1989,0.0,0.0,0.0,0.0,0.0,0.0,NA,NA,NA,NA,NA,NA
Peru,1990,0.0,0.0,0.0,0.0,0.0,0.0,NA,NA,NA,NA,NA,NA
Peru,1991,0.0,0.0,0.0,0.0,0.0,0.0,NA,NA,NA,NA,NA,NA
Peru,1992,0.0,0.0,0.0,0.0,0.0,0.0,NA,NA,NA,NA,NA,NA
Peru,1993,0.0,0.0,0.0,0.0,0.0,0.0,NA,NA,NA,NA,NA,NA
Peru,1994,0.0,0.0,0.0,0.0,0.0,0.0,NA,NA,NA,NA,NA,NA
Peru,1995,0.0,0.0,0.0,0.0,0.0,0.0,NA,NA,NA,NA,NA,NA
Peru,1996,0.0,0.0,0.0,0.0,0.0,0.0,NA,NA,NA,NA,NA,NA
Peru,1997,0.0,0.0,0.0,0.0,0.0,0.0,NA,NA,NA,NA,NA,NA
Peru,1998,0.0,0.0,0.0,0.0,0.0,0.0,NA,NA,NA,NA,NA,NA
Peru,1999,0.0,0.0,0.0,0.0,0.0,0.0,NA,NA,NA,NA,NA,NA
Peru,2000,0.0,0.0,0.0,0.0,0.0,0.0,NA,NA,NA,NA,NA,NA
Peru,2001,0.0,0.0,0.0,0.0,0.0,0.0,NA,NA,NA,NA,NA,NA
Peru,2002,0.0,0.0,0.0,0.0,0.0,0.0,NA,NA,NA,NA,NA,NA
Peru,2003,0.0,0.0,0.0,0.0,0.0,0.0,NA,NA,NA,NA,NA,NA
Peru,2004,0.0,0.0,0.0,0.0,0.0,0.0,NA,NA,NA,NA,NA,NA
Peru,2005,0.0,0.0,0.0,0.0,0.0,0.0,NA,NA,NA,NA,NA,NA
Peru,2006,0.0,0.0,0.0,0.0,0.0,0.0,NA,NA,NA,NA,NA,NA
Peru,2007,0.0,0.0,0.0,0.0,0.0,0.0,NA,NA,NA,NA,NA,NA
Peru,2008,0.0,0.0,0.0,0.0,0.0,0.0,NA,NA,NA,NA,NA,NA
Peru,2009,0.0,0.0,0.0,0.0,0.0,0.0,NA,NA,NA,NA,NA,NA
Peru,2010,0.0,0.0,0.0,0.0,0.0,0.0,NA,NA,NA,NA,NA,NA
Peru,2011,0.0,0.0,0.0,0.0,0.0,0.0,NA,NA,NA,NA,NA,NA
Peru,2012,0.0,0.0,0.0,0.0,0.0,0.0,NA,NA,NA,NA,NA,NA
Peru,2013,0.0,0.0,0.0,0.0,0.0,0.0,NA,NA,NA,NA,NA,NA
Peru,2014,0.0,0.0,0.0,0.0,0.0,0.0,NA,NA,NA,NA,NA,NA
Peru,2015,0.0,0.0,0.0,0.0,0.0,0.0,NA,NA,NA,NA,NA,NA
Peru,2016,0.0,0.0,0.0,0.0,0.0,0.0,NA,NA,NA,NA,NA,NA
Peru,2017,0.0,0.0,0.0,0.0,0.0,0.0,NA,NA,NA,NA,NA,NA
Peru,2018,0.0,0.0,0.0,0.0,0.0,0.0,NA,NA,NA,NA,NA,NA
Peru,2019,0.0,0.0,0.0,0.0,0.0,0.0,NA,NA,NA,NA,NA,NA
Peru,2020,0.0,0.0,0.0,0.0,0.0,0.0,NA,NA,NA,NA,NA,NA
Peru,2021,0.0,0.0,0.0,0.0,0.0,0.0,NA,NA,NA,NA,NA,NA
Peru,2022,0.0,0.0,0.0,0.0,0.0,0.0,NA,NA,NA,NA,NA,NA
Peru,2023,0.0,0.0,0.0,0.0,0.0,0.0,NA,NA,NA,NA,NA,NA
Peru,2024,0.0,0.0,0.0,0.0,0.0,0.0,NA,NA,NA,NA,NA,NA
Peru,2025,0.0,0.0,0.0,0.0,0.0,0.0,NA,NA,NA,NA,NA,NA
Philippines,1989,0.0,0.0,0.0,0.0,0.0,0.0,NA,NA,NA,NA,NA,NA
Philippines,1990,0.0,0.0,0.0,0.0,0.0,0.0,NA,NA,NA,NA,NA,NA
Philippines,1991,0.0,0.0,0.0,0.0,0.0,0.0,NA,NA,NA,NA,NA,NA
Philippines,1992,0.0,0.0,0.0,0.0,0.0,0.0,NA,NA,NA,NA,NA,NA
Philippines,1993,0.0,0.0,0.0,0.0,0.0,0.0,NA,NA,NA,NA,NA,NA
Philippines,1994,0.0,0.0,0.0,0.0,0.0,0.0,NA,NA,NA,NA,NA,NA
Philippines,1995,0.0,0.0,0.0,0.0,0.0,0.0,NA,NA,NA,NA,NA,NA
Philippines,1996,0.0,0.0,0.0,0.0,0.0,0.0,NA,NA,NA,NA,NA,NA
Philippines,1997,0.0,0.0,0.0,0.0,0.0,0.0,NA,NA,NA,NA,NA,NA
Philippines,1998,0.0,0.0,0.0,0.0,0.0,0.0,NA,NA,NA,NA,NA,NA
Philippines,1999,0.0,0.0,0.0,0.0,0.0,0.0,NA,NA,NA,NA,NA,NA
Philippines,2000,0.0,0.0,0.0,0.0,0.0,0.0,NA,NA,NA,NA,NA,NA
Philippines,2001,0.0,0.0,0.0,0.0,0.0,0.0,NA,NA,NA,NA,NA,NA
Philippines,2002,0.0,0.0,0.0,0.0,0.0,0.0,NA,NA,NA,NA,NA,NA
Philippines,2003,0.0,0.0,0.0,0.0,0.0,0.0,NA,NA,NA,NA,NA,NA
Philippines,2004,0.0,0.0,0.0,0.0,0.0,0.0,NA,NA,NA,NA,NA,NA
Philippines,2005,0.0,0.0,0.0,0.0,0.0,0.0,NA,NA,NA,NA,NA,NA
Philippines,2006,0.0,0.0,0.0,0.0,0.0,0.0,NA,NA,NA,NA,NA,NA
Philippines,2007,0.0,0.0,0.0,0.0,0.0,0.0,NA,NA,NA,NA,NA,NA
Philippines,2008,0.0,0.0,0.0,0.0,0.0,0.0,NA,NA,NA,NA,NA,NA
Philippines,2009,0.0,0.0,0.0,0.0,0.0,0.0,NA,NA,NA,NA,NA,NA
Philippines,2010,0.0,0.0,0.0,0.0,0.0,0.0,NA,NA,NA,NA,NA,NA
Philippines,2011,0.0,0.0,0.0,0.0,0.0,0.0,NA,NA,NA,NA,NA,NA
Philippines,2012,0.0,0.0,0.0,0.0,0.0,0.0,NA,NA,NA,NA,NA,NA
Philippines,2013,0.0,0.0,0.0,0.0,0.0,0.0,NA,NA,NA,NA,NA,NA
Philippines,2014,0.0,0.0,0.0,0.0,0.0,0.0,NA,NA,NA,NA,NA,NA
Philippines,2015,0.0,0.0,0.0,0.0,0.0,0.0,NA,NA,NA,NA,NA,NA
Philippines,2016,0.0,0.0,0.0,0.0,0.0,0.0,NA,NA,NA,NA,NA,NA
Philippines,2017,0.0,0.0,0.0,0.0,0.0,0.0,NA,NA,NA,NA,NA,NA
Philippines,2018,0.0,0.0,0.0,0.0,0.0,0.0,NA,NA,NA,NA,NA,NA
Philippines,2019,0.0,0.0,0.0,0.0,0.0,0.0,NA,NA,NA,NA,NA,NA
Philippines,2020,0.0,0.0,0.0,0.0,0.0,0.0,NA,NA,NA,NA,NA,NA
Philippines,2021,0.0,0.0,0.0,0.0,0.0,0.0,NA,NA,NA,NA,NA,NA
Philippines,2022,0.0,0.0,0.0,0.0,0.0,0.0,NA,NA,NA,NA,NA,NA
Philippines,2023,0.0,0.0,0.0,0.0,0.0,0.0,NA,NA,NA,NA,NA,NA
Philippines,2024,0.0,0.0,0.0,0.0,0.0,0.0,NA,NA,NA,NA,NA,NA
Philippines,2025,0.0,0.0,0.0,0.0,0.0,0.0,NA,NA,NA,NA,NA,NA
Poland,1989,0.0,0.0,0.0,0.0,0.0,0.0,NA,NA,NA,NA,NA,NA
Poland,1990,0.0,0.0,0.0,0.0,0.0,0.0,NA,NA,NA,NA,NA,NA
Poland,1991,0.0,0.0,0.0,0.0,0.0,0.0,NA,NA,NA,NA,NA,NA
Poland,1992,0.0,0.0,0.0,0.0,0.0,0.0,NA,NA,NA,NA,NA,NA
Poland,1993,0.0,0.0010874908489832702,0.0010874908489832702,0.0,0.0013715052018482292,0.0013715052018482292,NA,NA,NA,NA,NA,NA
Poland,1994,0.0,0.0007924352369879139,0.0007924352369879139,0.0,0.0009993914437743264,0.0009993914437743264,NA,NA,NA,NA,NA,NA
Poland,1995,0.0,0.0006217928018554677,0.0006217928018554677,0.0,0.0007841832076231831,0.0007841832076231831,NA,NA,NA,NA,NA,NA
Poland,1996,0.0,0.0006851350807086635,0.0006851350807086635,0.0,0.000864068261391958,0.000864068261391958,NA,NA,NA,NA,NA,NA
Poland,1997,0.0,0.0006952532608942561,0.0006952532608942561,0.0,0.0008768289542941116,0.0008768289542941116,NA,NA,NA,NA,NA,NA
Poland,1998,0.0,0.000626085744925854,0.000626085744925854,0.0,0.000789597316401917,0.000789597316401917,NA,NA,NA,NA,NA,NA
Poland,1999,0.0,0.0006682803473722574,0.0006682803473722574,0.0,0.0008428116646415044,0.0008428116646415044,NA,NA,NA,NA,NA,NA
Poland,2000,0.0,0.0006671753910371106,0.0006671753910371106,0.0,0.0008414181325829258,0.0008414181325829258,NA,NA,NA,NA,NA,NA
Poland,2001,0.0,0.0006823932047275194,0.0006823932047275194,0.0,0.0008606103038611173,0.0008606103038611173,NA,NA,NA,NA,NA,NA
Poland,2002,0.0,0.0007055032612380118,0.0007055032612380118,0.0,0.0008897558941424334,0.0008897558941424334,NA,NA,NA,NA,NA,NA
Poland,2003,0.0,0.0007000800382963517,0.0007000800382963517,0.0,0.0008829163161522154,0.0008829163161522154,NA,NA,NA,NA,NA,NA
Poland,2004,0.0,0.0006671678706055357,0.0006671678706055357,0.0,0.000841408648079185,0.000841408648079185,NA,NA,NA,NA,NA,NA
Poland,2005,15.409954775919259,0.0007151262203450835,15.410669902139604,19.43449285589746,0.000901892031641761,19.435394747929102,NA,NA,NA,NA,NA,NA
Poland,2006,12.67298323763615,0.0007347623415731282,12.673717999977722,15.982720635859607,0.0009266564169545795,15.983647292276562,NA,NA,NA,NA,NA,NA
Poland,2007,0.46499384897143675,0.0007078966616361655,0.4657017456330729,0.5864338842832565,0.0008927743665270445,0.5873266586497835,NA,NA,NA,NA,NA,NA
Poland,2008,11.78132576284875,0.0006811001633146726,11.782006863012064,14.858193596316132,0.000858979565519197,14.859052575881652,NA,NA,NA,NA,NA,NA
Poland,2009,8.580374229143107,0.0006841171447636049,8.58105834628787,10.821266128424499,0.0008627844763880644,10.822128912900887,NA,NA,NA,NA,NA,NA
Poland,2010,9.211381427385557,0.0006734814096164961,9.212054908795174,11.617070208617278,0.0008493710613755356,11.617919579678654,NA,NA,NA,NA,NA,NA
Poland,2011,8.064838454951595,0.0006534485426344281,8.065491903494229,10.171090546070342,0.0008241063142748798,10.171914652384617,NA,NA,NA,NA,NA,NA
Poland,2012,4.528402457445879,0.0006394857950457073,4.529041943240925,5.711061874457092,0.0008064969882121103,5.711868371445304,NA,NA,NA,NA,NA,NA
Poland,2013,2.735400597365912,0.0006377576263208775,2.736038354992233,3.4497910046172877,0.0008043174826116801,3.4505953220998995,NA,NA,NA,NA,NA,NA
Poland,2014,3.6236056823247718,0.0006346966595695683,3.624240378984341,4.569964011560783,0.0008004570990268159,4.57076446865981,NA,NA,NA,NA,NA,NA
Poland,2015,4.616224886261971,0.000626423417109959,4.616851309679081,5.8218204321707745,0.0007900231766815251,5.822610455347456,NA,NA,NA,NA,NA,NA
Poland,2016,3.213067151161283,0.0007563016060125533,3.2138234527672958,4.052207258410838,0.0009538209795348303,4.053161079390373,NA,NA,NA,NA,NA,NA
Poland,2017,3.440439574811733,0.0007431464070065995,3.4411827212187394,4.3389613603740695,0.0009372301053358588,4.339898590479406,NA,NA,NA,NA,NA,NA
Poland,2018,9.222645172145318,0.0007341385394446418,9.223379310684763,11.631275647260505,0.0009258696996548957,11.63220151696016,NA,NA,NA,NA,NA,NA
Poland,2019,14.078314885923747,0.0007125728993823739,14.07902745882313,17.755075472454685,0.0008986718730669847,17.75597414432775,NA,NA,NA,NA,NA,NA
Poland,2020,13.440715628040032,0.0007071702981387511,13.44142279833817,16.9509577185447,0.0008918583024368797,16.951849576847138,NA,NA,NA,NA,NA,NA
Poland,2021,27.600568881450158,0.0006936975546940731,27.601262579004853,34.808866511631315,0.0008748669523626991,34.80974137858368,NA,NA,NA,NA,NA,NA
Poland,2022,37.68199917131616,0.0006469216991446077,37.6826460930153,47.52321173812088,0.0008158748888736389,47.52402761300975,NA,NA,NA,NA,NA,NA
Poland,2023,35.62190620902331,0.0006274504295971129,35.622533659452905,44.925094966180076,0.0007913184087010053,44.92588628458878,NA,NA,NA,NA,NA,NA
Poland,2024,27.5770161525116,0.0007197225515966884,27.577735875063198,34.77916263845651,0.0009076887629217413,34.780070327219434,NA,NA,NA,NA,NA,NA
Poland,2025,30.760123734300965,0.0007935402491963486,30.760917274550163,38.793585941924526,0.00100078504629833,38.79458672697083,NA,NA,NA,NA,NA,NA
Portugal,1989,0.0,0.0,0.0,0.0,0.0,0.0,NA,NA,NA,NA,NA,NA
Portugal,1990,0.0,0.0,0.0,0.0,0.0,0.0,NA,NA,NA,NA,NA,NA
Portugal,1991,0.0,0.0,0.0,0.0,0.0,0.0,NA,NA,NA,NA,NA,NA
Portugal,1992,0.0,0.0,0.0,0.0,0.0,0.0,NA,NA,NA,NA,NA,NA
Portugal,1993,0.0,0.0,0.0,0.0,0.0,0.0,NA,NA,NA,NA,NA,NA
Portugal,1994,0.0,0.0,0.0,0.0,0.0,0.0,NA,NA,NA,NA,NA,NA
Portugal,1995,0.0,0.0,0.0,0.0,0.0,0.0,NA,NA,NA,NA,NA,NA
Portugal,1996,0.0,0.0,0.0,0.0,0.0,0.0,NA,NA,NA,NA,NA,NA
Portugal,1997,0.0,0.0,0.0,0.0,0.0,0.0,NA,NA,NA,NA,NA,NA
Portugal,1998,0.0,0.0,0.0,0.0,0.0,0.0,NA,NA,NA,NA,NA,NA
Portugal,1999,0.0,0.0,0.0,0.0,0.0,0.0,NA,NA,NA,NA,NA,NA
Portugal,2000,0.0,0.0,0.0,0.0,0.0,0.0,NA,NA,NA,NA,NA,NA
Portugal,2001,0.0,0.0,0.0,0.0,0.0,0.0,NA,NA,NA,NA,NA,NA
Portugal,2002,0.0,0.0,0.0,0.0,0.0,0.0,NA,NA,NA,NA,NA,NA
Portugal,2003,0.0,0.0,0.0,0.0,0.0,0.0,NA,NA,NA,NA,NA,NA
Portugal,2004,0.0,0.0,0.0,0.0,0.0,0.0,NA,NA,NA,NA,NA,NA
Portugal,2005,13.46762172530348,0.0,13.46762172530348,17.176658517621266,0.0,17.176658517621266,NA,NA,NA,NA,NA,NA
Portugal,2006,10.921812883434182,0.0,10.921812883434182,13.929723756618063,0.0,13.929723756618063,NA,NA,NA,NA,NA,NA
Portugal,2007,0.4039659924871566,0.0,0.4039659924871566,0.5152198396430301,0.0,0.5152198396430301,NA,NA,NA,NA,NA,NA
Portugal,2008,10.456073328328488,0.0,10.456073328328488,13.335717668581825,0.0,13.335717668581825,NA,NA,NA,NA,NA,NA
Portugal,2009,7.825308340791385,0.0,7.825308340791385,9.98042950020845,0.0,9.98042950020845,NA,NA,NA,NA,NA,NA
Portugal,2010,8.46722888045422,0.0,8.46722888045422,10.799137519347383,0.0,10.799137519347383,NA,NA,NA,NA,NA,NA
Portugal,2011,7.660532443259216,0.0,7.660532443259216,9.77027366263195,0.0,9.77027366263195,NA,NA,NA,NA,NA,NA
Portugal,2012,4.679108197180055,0.0,4.679108197180055,5.9677532759150305,0.0,5.9677532759150305,NA,NA,NA,NA,NA,NA
Portugal,2013,2.771069155581242,0.0,2.771069155581242,3.5342326644580258,0.0,3.5342326644580258,NA,NA,NA,NA,NA,NA
Portugal,2014,3.66202979356713,0.0,3.66202979356713,4.670567419285032,0.0,4.670567419285032,NA,NA,NA,NA,NA,NA
Portugal,2015,4.635812681165437,2.6368167649784215,7.272629446143859,5.912534001933639,3.363006629483615,9.275540631417254,NA,NA,NA,NA,NA,NA
Portugal,2016,3.170589230219368,3.5725685985728632,6.743157828792231,4.0437821627261785,4.556468254017585,8.600250416743764,NA,NA,NA,NA,NA,NA
Portugal,2017,3.4029138553771037,3.518655745705169,6.921569601082273,4.340089917203063,4.487707586224306,8.82779750342737,NA,NA,NA,NA,NA,NA
Portugal,2018,9.066042072520098,3.0606430754621576,12.126685147982256,11.562866255256065,3.903556397991344,15.46642265324741,NA,NA,NA,NA,NA,NA
Portugal,2019,14.001264338216885,6.307958437930114,20.309222776147,17.85726843668685,8.045195376114686,25.902463812801535,NA,NA,NA,NA,NA,NA
Portugal,2020,13.646723948929298,11.37324933370396,25.01997328263326,17.405086208695135,14.505487607641758,31.910573816336893,NA,NA,NA,NA,NA,NA
Portugal,2021,28.93569829973699,11.133004926346796,40.068703226083784,36.90470513659283,14.199078931328174,51.103784067921005,NA,NA,NA,NA,NA,NA
Portugal,2022,41.51593540085884,10.754944089218895,52.27087949007773,52.94958976167019,13.716898630256075,66.66648839192626,NA,NA,NA,NA,NA,NA
Portugal,2023,40.21721260772338,10.060529528177463,50.277742135900844,51.29319352618443,12.831239526669707,64.12443305285414,NA,NA,NA,NA,NA,NA
Portugal,2024,31.134513554225368,10.060529528177463,41.19504308240283,39.70908289088651,12.831239526669707,52.54032241755622,NA,NA,NA,NA,NA,NA
Portugal,2025,34.72824920719421,28.253320424965047,62.98156963215926,44.29254769058971,36.03439767073077,80.32694536132047,NA,NA,NA,NA,NA,NA
Prince Edward Island,1989,0.0,0.0,0.0,0.0,0.0,0.0,0.0,0.0,0.0,0.0,0.0,0.0
Prince Edward Island,1990,0.0,0.0,0.0,0.0,0.0,0.0,0.0,0.0,0.0,0.0,0.0,0.0
Prince Edward Island,1991,0.0,0.0,0.0,0.0,0.0,0.0,0.0,0.0,0.0,0.0,0.0,0.0
Prince Edward Island,1992,0.0,0.0,0.0,0.0,0.0,0.0,0.0,0.0,0.0,0.0,0.0,0.0
Prince Edward Island,1993,0.0,0.0,0.0,0.0,0.0,0.0,0.0,0.0,0.0,0.0,0.0,0.0
Prince Edward Island,1994,0.0,0.0,0.0,0.0,0.0,0.0,0.0,0.0,0.0,0.0,0.0,0.0
Prince Edward Island,1995,0.0,0.0,0.0,0.0,0.0,0.0,0.0,0.0,0.0,0.0,0.0,0.0
Prince Edward Island,1996,0.0,0.0,0.0,0.0,0.0,0.0,0.0,0.0,0.0,0.0,0.0,0.0
Prince Edward Island,1997,0.0,0.0,0.0,0.0,0.0,0.0,0.0,0.0,0.0,0.0,0.0,0.0
Prince Edward Island,1998,0.0,0.0,0.0,0.0,0.0,0.0,0.0,0.0,0.0,0.0,0.0,0.0
Prince Edward Island,1999,0.0,0.0,0.0,0.0,0.0,0.0,0.0,0.0,0.0,0.0,0.0,0.0
Prince Edward Island,2000,0.0,0.0,0.0,0.0,0.0,0.0,0.0,0.0,0.0,0.0,0.0,0.0
Prince Edward Island,2001,0.0,0.0,0.0,0.0,0.0,0.0,0.0,0.0,0.0,0.0,0.0,0.0
Prince Edward Island,2002,0.0,0.0,0.0,0.0,0.0,0.0,0.0,0.0,0.0,0.0,0.0,0.0
Prince Edward Island,2003,0.0,0.0,0.0,0.0,0.0,0.0,0.0,0.0,0.0,0.0,0.0,0.0
Prince Edward Island,2004,0.0,0.0,0.0,0.0,0.0,0.0,0.0,0.0,0.0,0.0,0.0,0.0
Prince Edward Island,2005,0.0,0.0,0.0,0.0,0.0,0.0,0.0,0.0,0.0,0.0,0.0,0.0
Prince Edward Island,2006,0.0,0.0,0.0,0.0,0.0,0.0,0.0,0.0,0.0,0.0,0.0,0.0
Prince Edward Island,2007,0.0,0.0,0.0,0.0,0.0,0.0,0.0,0.0,0.0,0.0,0.0,0.0
Prince Edward Island,2008,0.0,0.0,0.0,0.0,0.0,0.0,0.0,0.0,0.0,0.0,0.0,0.0
Prince Edward Island,2009,0.0,0.0,0.0,0.0,0.0,0.0,0.0,0.0,0.0,0.0,0.0,0.0
Prince Edward Island,2010,0.0,0.0,0.0,0.0,0.0,0.0,0.0,0.0,0.0,0.0,0.0,0.0
Prince Edward Island,2011,0.0,0.0,0.0,0.0,0.0,0.0,0.0,0.0,0.0,0.0,0.0,0.0
Prince Edward Island,2012,0.0,0.0,0.0,0.0,0.0,0.0,0.0,0.0,0.0,0.0,0.0,0.0
Prince Edward Island,2013,0.0,0.0,0.0,0.0,0.0,0.0,0.0,0.0,0.0,0.0,0.0,0.0
Prince Edward Island,2014,0.0,0.0,0.0,0.0,0.0,0.0,0.0,0.0,0.0,0.0,0.0,0.0
Prince Edward Island,2015,0.0,0.0,0.0,0.0,0.0,0.0,0.0,0.0,0.0,0.0,0.0,0.0
Prince Edward Island,2016,0.0,0.0,0.0,0.0,0.0,0.0,0.0,0.0,0.0,0.0,0.0,0.0
Prince Edward Island,2017,0.0,0.0,0.0,0.0,0.0,0.0,0.0,0.0,0.0,0.0,0.0,0.0
Prince Edward Island,2018,0.0,0.0,0.0,0.0,0.0,0.0,0.0,0.0,0.0,0.0,0.0,0.0
Prince Edward Island,2019,0.0,0.0,0.0,0.0,0.0,0.0,0.0,0.0,0.0,0.0,0.0,0.0
Prince Edward Island,2020,0.0,0.0,0.0,0.0,0.0,0.0,0.0,0.0,0.0,0.0,0.0,0.0
Prince Edward Island,2021,0.0,0.0,0.0,0.0,0.0,0.0,0.0,0.0,0.0,0.0,0.0,0.0
Prince Edward Island,2022,0.0,0.0,0.0,0.0,0.0,0.0,0.0,0.0,0.0,0.0,0.0,0.0
Prince Edward Island,2023,0.0,0.0,0.0,0.0,0.0,0.0,0.0,0.0,0.0,0.0,0.0,0.0
Prince Edward Island,2024,0.0,0.0,0.0,0.0,0.0,0.0,0.0,0.0,0.0,0.0,0.0,0.0
Prince Edward Island,2025,0.0,0.0,0.0,0.0,0.0,0.0,0.0,0.0,0.0,0.0,0.0,0.0
Puebla,1989,0.0,0.0,0.0,0.0,0.0,0.0,0.0,0.0,0.0,0.0,0.0,0.0
Puebla,1990,0.0,0.0,0.0,0.0,0.0,0.0,0.0,0.0,0.0,0.0,0.0,0.0
Puebla,1991,0.0,0.0,0.0,0.0,0.0,0.0,0.0,0.0,0.0,0.0,0.0,0.0
Puebla,1992,0.0,0.0,0.0,0.0,0.0,0.0,0.0,0.0,0.0,0.0,0.0,0.0
Puebla,1993,0.0,0.0,0.0,0.0,0.0,0.0,0.0,0.0,0.0,0.0,0.0,0.0
Puebla,1994,0.0,0.0,0.0,0.0,0.0,0.0,0.0,0.0,0.0,0.0,0.0,0.0
Puebla,1995,0.0,0.0,0.0,0.0,0.0,0.0,0.0,0.0,0.0,0.0,0.0,0.0
Puebla,1996,0.0,0.0,0.0,0.0,0.0,0.0,0.0,0.0,0.0,0.0,0.0,0.0
Puebla,1997,0.0,0.0,0.0,0.0,0.0,0.0,0.0,0.0,0.0,0.0,0.0,0.0
Puebla,1998,0.0,0.0,0.0,0.0,0.0,0.0,0.0,0.0,0.0,0.0,0.0,0.0
Puebla,1999,0.0,0.0,0.0,0.0,0.0,0.0,0.0,0.0,0.0,0.0,0.0,0.0
Puebla,2000,0.0,0.0,0.0,0.0,0.0,0.0,0.0,0.0,0.0,0.0,0.0,0.0
Puebla,2001,0.0,0.0,0.0,0.0,0.0,0.0,0.0,0.0,0.0,0.0,0.0,0.0
Puebla,2002,0.0,0.0,0.0,0.0,0.0,0.0,0.0,0.0,0.0,0.0,0.0,0.0
Puebla,2003,0.0,0.0,0.0,0.0,0.0,0.0,0.0,0.0,0.0,0.0,0.0,0.0
Puebla,2004,0.0,0.0,0.0,0.0,0.0,0.0,0.0,0.0,0.0,0.0,0.0,0.0
Puebla,2005,0.0,0.0,0.0,0.0,0.0,0.0,0.0,0.0,0.0,0.0,0.0,0.0
Puebla,2006,0.0,0.0,0.0,0.0,0.0,0.0,0.0,0.0,0.0,0.0,0.0,0.0
Puebla,2007,0.0,0.0,0.0,0.0,0.0,0.0,0.0,0.0,0.0,0.0,0.0,0.0
Puebla,2008,0.0,0.0,0.0,0.0,0.0,0.0,0.0,0.0,0.0,0.0,0.0,0.0
Puebla,2009,0.0,0.0,0.0,0.0,0.0,0.0,0.0,0.0,0.0,0.0,0.0,0.0
Puebla,2010,0.0,0.0,0.0,0.0,0.0,0.0,0.0,0.0,0.0,0.0,0.0,0.0
Puebla,2011,0.0,0.0,0.0,0.0,0.0,0.0,0.0,0.0,0.0,0.0,0.0,0.0
Puebla,2012,0.0,0.0,0.0,0.0,0.0,0.0,0.0,0.0,0.0,0.0,0.0,0.0
Puebla,2013,0.0,0.0,0.0,0.0,0.0,0.0,0.0,0.0,0.0,0.0,0.0,0.0
Puebla,2014,0.0,0.0,0.0,0.0,0.0,0.0,0.0,0.0,0.0,0.0,0.0,0.0
Puebla,2015,0.0,0.0,0.0,0.0,0.0,0.0,0.0,0.0,0.0,0.0,0.0,0.0
Puebla,2016,0.0,0.0,0.0,0.0,0.0,0.0,0.0,0.0,0.0,0.0,0.0,0.0
Puebla,2017,0.0,0.0,0.0,0.0,0.0,0.0,0.0,0.0,0.0,0.0,0.0,0.0
Puebla,2018,0.0,0.0,0.0,0.0,0.0,0.0,0.0,0.0,0.0,0.0,0.0,0.0
Puebla,2019,0.0,0.0,0.0,0.0,0.0,0.0,0.0,0.0,0.0,0.0,0.0,0.0
Puebla,2020,0.0,0.0,0.0,0.0,0.0,0.0,0.0,0.0,0.0,0.0,0.0,0.0
Puebla,2021,0.0,0.0,0.0,0.0,0.0,0.0,0.0,0.0,0.0,0.0,0.0,0.0
Puebla,2022,0.0,0.0,0.0,0.0,0.0,0.0,0.0,0.0,0.0,0.0,0.0,0.0
Puebla,2023,0.0,0.0,0.0,0.0,0.0,0.0,0.0,0.0,0.0,0.0,0.0,0.0
Puebla,2024,0.0,0.0,0.0,0.0,0.0,0.0,0.0,0.0,0.0,0.0,0.0,0.0
Puebla,2025,0.0,0.0,0.0,0.0,0.0,0.0,0.0,0.0,0.0,0.0,0.0,0.0
Puerto Rico,1989,0.0,0.0,0.0,0.0,0.0,0.0,NA,NA,NA,NA,NA,NA
Puerto Rico,1990,0.0,0.0,0.0,0.0,0.0,0.0,NA,NA,NA,NA,NA,NA
Puerto Rico,1991,0.0,0.0,0.0,0.0,0.0,0.0,NA,NA,NA,NA,NA,NA
Puerto Rico,1992,0.0,0.0,0.0,0.0,0.0,0.0,NA,NA,NA,NA,NA,NA
Puerto Rico,1993,0.0,0.0,0.0,0.0,0.0,0.0,NA,NA,NA,NA,NA,NA
Puerto Rico,1994,0.0,0.0,0.0,0.0,0.0,0.0,NA,NA,NA,NA,NA,NA
Puerto Rico,1995,0.0,0.0,0.0,0.0,0.0,0.0,NA,NA,NA,NA,NA,NA
Puerto Rico,1996,0.0,0.0,0.0,0.0,0.0,0.0,NA,NA,NA,NA,NA,NA
Puerto Rico,1997,0.0,0.0,0.0,0.0,0.0,0.0,NA,NA,NA,NA,NA,NA
Puerto Rico,1998,0.0,0.0,0.0,0.0,0.0,0.0,NA,NA,NA,NA,NA,NA
Puerto Rico,1999,0.0,0.0,0.0,0.0,0.0,0.0,NA,NA,NA,NA,NA,NA
Puerto Rico,2000,0.0,0.0,0.0,0.0,0.0,0.0,NA,NA,NA,NA,NA,NA
Puerto Rico,2001,0.0,0.0,0.0,0.0,0.0,0.0,NA,NA,NA,NA,NA,NA
Puerto Rico,2002,0.0,0.0,0.0,0.0,0.0,0.0,NA,NA,NA,NA,NA,NA
Puerto Rico,2003,0.0,0.0,0.0,0.0,0.0,0.0,NA,NA,NA,NA,NA,NA
Puerto Rico,2004,0.0,0.0,0.0,0.0,0.0,0.0,NA,NA,NA,NA,NA,NA
Puerto Rico,2005,0.0,0.0,0.0,0.0,0.0,0.0,NA,NA,NA,NA,NA,NA
Puerto Rico,2006,0.0,0.0,0.0,0.0,0.0,0.0,NA,NA,NA,NA,NA,NA
Puerto Rico,2007,0.0,0.0,0.0,0.0,0.0,0.0,NA,NA,NA,NA,NA,NA
Puerto Rico,2008,0.0,0.0,0.0,0.0,0.0,0.0,NA,NA,NA,NA,NA,NA
Puerto Rico,2009,0.0,0.0,0.0,0.0,0.0,0.0,NA,NA,NA,NA,NA,NA
Puerto Rico,2010,0.0,0.0,0.0,0.0,0.0,0.0,NA,NA,NA,NA,NA,NA
Puerto Rico,2011,0.0,0.0,0.0,0.0,0.0,0.0,NA,NA,NA,NA,NA,NA
Puerto Rico,2012,0.0,0.0,0.0,0.0,0.0,0.0,NA,NA,NA,NA,NA,NA
Puerto Rico,2013,0.0,0.0,0.0,0.0,0.0,0.0,NA,NA,NA,NA,NA,NA
Puerto Rico,2014,0.0,0.0,0.0,0.0,0.0,0.0,NA,NA,NA,NA,NA,NA
Puerto Rico,2015,0.0,0.0,0.0,0.0,0.0,0.0,NA,NA,NA,NA,NA,NA
Puerto Rico,2016,0.0,0.0,0.0,0.0,0.0,0.0,NA,NA,NA,NA,NA,NA
Puerto Rico,2017,0.0,0.0,0.0,0.0,0.0,0.0,NA,NA,NA,NA,NA,NA
Puerto Rico,2018,0.0,0.0,0.0,0.0,0.0,0.0,NA,NA,NA,NA,NA,NA
Puerto Rico,2019,0.0,0.0,0.0,0.0,0.0,0.0,NA,NA,NA,NA,NA,NA
Puerto Rico,2020,0.0,0.0,0.0,0.0,0.0,0.0,NA,NA,NA,NA,NA,NA
Puerto Rico,2021,0.0,0.0,0.0,0.0,0.0,0.0,NA,NA,NA,NA,NA,NA
Puerto Rico,2022,0.0,0.0,0.0,0.0,0.0,0.0,NA,NA,NA,NA,NA,NA
Puerto Rico,2023,0.0,0.0,0.0,0.0,0.0,0.0,NA,NA,NA,NA,NA,NA
Puerto Rico,2024,0.0,0.0,0.0,0.0,0.0,0.0,NA,NA,NA,NA,NA,NA
Puerto Rico,2025,0.0,0.0,0.0,0.0,0.0,0.0,NA,NA,NA,NA,NA,NA
Qatar,1989,0.0,0.0,0.0,0.0,0.0,0.0,NA,NA,NA,NA,NA,NA
Qatar,1990,0.0,0.0,0.0,0.0,0.0,0.0,NA,NA,NA,NA,NA,NA
Qatar,1991,0.0,0.0,0.0,0.0,0.0,0.0,NA,NA,NA,NA,NA,NA
Qatar,1992,0.0,0.0,0.0,0.0,0.0,0.0,NA,NA,NA,NA,NA,NA
Qatar,1993,0.0,0.0,0.0,0.0,0.0,0.0,NA,NA,NA,NA,NA,NA
Qatar,1994,0.0,0.0,0.0,0.0,0.0,0.0,NA,NA,NA,NA,NA,NA
Qatar,1995,0.0,0.0,0.0,0.0,0.0,0.0,NA,NA,NA,NA,NA,NA
Qatar,1996,0.0,0.0,0.0,0.0,0.0,0.0,NA,NA,NA,NA,NA,NA
Qatar,1997,0.0,0.0,0.0,0.0,0.0,0.0,NA,NA,NA,NA,NA,NA
Qatar,1998,0.0,0.0,0.0,0.0,0.0,0.0,NA,NA,NA,NA,NA,NA
Qatar,1999,0.0,0.0,0.0,0.0,0.0,0.0,NA,NA,NA,NA,NA,NA
Qatar,2000,0.0,0.0,0.0,0.0,0.0,0.0,NA,NA,NA,NA,NA,NA
Qatar,2001,0.0,0.0,0.0,0.0,0.0,0.0,NA,NA,NA,NA,NA,NA
Qatar,2002,0.0,0.0,0.0,0.0,0.0,0.0,NA,NA,NA,NA,NA,NA
Qatar,2003,0.0,0.0,0.0,0.0,0.0,0.0,NA,NA,NA,NA,NA,NA
Qatar,2004,0.0,0.0,0.0,0.0,0.0,0.0,NA,NA,NA,NA,NA,NA
Qatar,2005,0.0,0.0,0.0,0.0,0.0,0.0,NA,NA,NA,NA,NA,NA
Qatar,2006,0.0,0.0,0.0,0.0,0.0,0.0,NA,NA,NA,NA,NA,NA
Qatar,2007,0.0,0.0,0.0,0.0,0.0,0.0,NA,NA,NA,NA,NA,NA
Qatar,2008,0.0,0.0,0.0,0.0,0.0,0.0,NA,NA,NA,NA,NA,NA
Qatar,2009,0.0,0.0,0.0,0.0,0.0,0.0,NA,NA,NA,NA,NA,NA
Qatar,2010,0.0,0.0,0.0,0.0,0.0,0.0,NA,NA,NA,NA,NA,NA
Qatar,2011,0.0,0.0,0.0,0.0,0.0,0.0,NA,NA,NA,NA,NA,NA
Qatar,2012,0.0,0.0,0.0,0.0,0.0,0.0,NA,NA,NA,NA,NA,NA
Qatar,2013,0.0,0.0,0.0,0.0,0.0,0.0,NA,NA,NA,NA,NA,NA
Qatar,2014,0.0,0.0,0.0,0.0,0.0,0.0,NA,NA,NA,NA,NA,NA
Qatar,2015,0.0,0.0,0.0,0.0,0.0,0.0,NA,NA,NA,NA,NA,NA
Qatar,2016,0.0,0.0,0.0,0.0,0.0,0.0,NA,NA,NA,NA,NA,NA
Qatar,2017,0.0,0.0,0.0,0.0,0.0,0.0,NA,NA,NA,NA,NA,NA
Qatar,2018,0.0,0.0,0.0,0.0,0.0,0.0,NA,NA,NA,NA,NA,NA
Qatar,2019,0.0,0.0,0.0,0.0,0.0,0.0,NA,NA,NA,NA,NA,NA
Qatar,2020,0.0,0.0,0.0,0.0,0.0,0.0,NA,NA,NA,NA,NA,NA
Qatar,2021,0.0,0.0,0.0,0.0,0.0,0.0,NA,NA,NA,NA,NA,NA
Qatar,2022,0.0,0.0,0.0,0.0,0.0,0.0,NA,NA,NA,NA,NA,NA
Qatar,2023,0.0,0.0,0.0,0.0,0.0,0.0,NA,NA,NA,NA,NA,NA
Qatar,2024,0.0,0.0,0.0,0.0,0.0,0.0,NA,NA,NA,NA,NA,NA
Qatar,2025,0.0,0.0,0.0,0.0,0.0,0.0,NA,NA,NA,NA,NA,NA
Qinghai Province,1989,0.0,0.0,0.0,0.0,0.0,0.0,0.0,0.0,0.0,0.0,0.0,0.0
Qinghai Province,1990,0.0,0.0,0.0,0.0,0.0,0.0,0.0,0.0,0.0,0.0,0.0,0.0
Qinghai Province,1991,0.0,0.0,0.0,0.0,0.0,0.0,0.0,0.0,0.0,0.0,0.0,0.0
Qinghai Province,1992,0.0,0.0,0.0,0.0,0.0,0.0,0.0,0.0,0.0,0.0,0.0,0.0
Qinghai Province,1993,0.0,0.0,0.0,0.0,0.0,0.0,0.0,0.0,0.0,0.0,0.0,0.0
Qinghai Province,1994,0.0,0.0,0.0,0.0,0.0,0.0,0.0,0.0,0.0,0.0,0.0,0.0
Qinghai Province,1995,0.0,0.0,0.0,0.0,0.0,0.0,0.0,0.0,0.0,0.0,0.0,0.0
Qinghai Province,1996,0.0,0.0,0.0,0.0,0.0,0.0,0.0,0.0,0.0,0.0,0.0,0.0
Qinghai Province,1997,0.0,0.0,0.0,0.0,0.0,0.0,0.0,0.0,0.0,0.0,0.0,0.0
Qinghai Province,1998,0.0,0.0,0.0,0.0,0.0,0.0,0.0,0.0,0.0,0.0,0.0,0.0
Qinghai Province,1999,0.0,0.0,0.0,0.0,0.0,0.0,0.0,0.0,0.0,0.0,0.0,0.0
Qinghai Province,2000,0.0,0.0,0.0,0.0,0.0,0.0,0.0,0.0,0.0,0.0,0.0,0.0
Qinghai Province,2001,0.0,0.0,0.0,0.0,0.0,0.0,0.0,0.0,0.0,0.0,0.0,0.0
Qinghai Province,2002,0.0,0.0,0.0,0.0,0.0,0.0,0.0,0.0,0.0,0.0,0.0,0.0
Qinghai Province,2003,0.0,0.0,0.0,0.0,0.0,0.0,0.0,0.0,0.0,0.0,0.0,0.0
Qinghai Province,2004,0.0,0.0,0.0,0.0,0.0,0.0,0.0,0.0,0.0,0.0,0.0,0.0
Qinghai Province,2005,0.0,0.0,0.0,0.0,0.0,0.0,0.0,0.0,0.0,0.0,0.0,0.0
Qinghai Province,2006,0.0,0.0,0.0,0.0,0.0,0.0,0.0,0.0,0.0,0.0,0.0,0.0
Qinghai Province,2007,0.0,0.0,0.0,0.0,0.0,0.0,0.0,0.0,0.0,0.0,0.0,0.0
Qinghai Province,2008,0.0,0.0,0.0,0.0,0.0,0.0,0.0,0.0,0.0,0.0,0.0,0.0
Qinghai Province,2009,0.0,0.0,0.0,0.0,0.0,0.0,0.0,0.0,0.0,0.0,0.0,0.0
Qinghai Province,2010,0.0,0.0,0.0,0.0,0.0,0.0,0.0,0.0,0.0,0.0,0.0,0.0
Qinghai Province,2011,0.0,0.0,0.0,0.0,0.0,0.0,0.0,0.0,0.0,0.0,0.0,0.0
Qinghai Province,2012,0.0,0.0,0.0,0.0,0.0,0.0,0.0,0.0,0.0,0.0,0.0,0.0
Qinghai Province,2013,0.0,0.0,0.0,0.0,0.0,0.0,0.0,0.0,0.0,0.0,0.0,0.0
Qinghai Province,2014,0.0,0.0,0.0,0.0,0.0,0.0,0.0,0.0,0.0,0.0,0.0,0.0
Qinghai Province,2015,0.0,0.0,0.0,0.0,0.0,0.0,0.0,0.0,0.0,0.0,0.0,0.0
Qinghai Province,2016,0.0,0.0,0.0,0.0,0.0,0.0,0.0,0.0,0.0,0.0,0.0,0.0
Qinghai Province,2017,0.0,0.0,0.0,0.0,0.0,0.0,0.0,0.0,0.0,0.0,0.0,0.0
Qinghai Province,2018,0.0,0.0,0.0,0.0,0.0,0.0,0.0,0.0,0.0,0.0,0.0,0.0
Qinghai Province,2019,0.0,0.0,0.0,0.0,0.0,0.0,0.0,0.0,0.0,0.0,0.0,0.0
Qinghai Province,2020,0.0,0.0,0.0,0.0,0.0,0.0,0.0,0.0,0.0,0.0,0.0,0.0
Qinghai Province,2021,0.0,0.0,0.0,0.0,0.0,0.0,0.0,0.0,0.0,0.0,0.0,0.0
Qinghai Province,2022,0.0,0.0,0.0,0.0,0.0,0.0,0.0,0.0,0.0,0.0,0.0,0.0
Qinghai Province,2023,0.0,0.0,0.0,0.0,0.0,0.0,0.0,0.0,0.0,0.0,0.0,0.0
Qinghai Province,2024,0.0,0.0,0.0,0.0,0.0,0.0,0.0,0.0,0.0,0.0,0.0,0.0
Qinghai Province,2025,0.0,0.0,0.0,0.0,0.0,0.0,0.0,0.0,0.0,0.0,0.0,0.0
Quebec,1989,0.0,0.0,0.0,0.0,0.0,0.0,0.0,0.0,0.0,0.0,0.0,0.0
Quebec,1990,0.0,0.0,0.0,0.0,0.0,0.0,0.0,0.0,0.0,0.0,0.0,0.0
Quebec,1991,0.0,0.0,0.0,0.0,0.0,0.0,0.0,0.0,0.0,0.0,0.0,0.0
Quebec,1992,0.0,0.0,0.0,0.0,0.0,0.0,0.0,0.0,0.0,0.0,0.0,0.0
Quebec,1993,0.0,0.0,0.0,0.0,0.0,0.0,0.0,0.0,0.0,0.0,0.0,0.0
Quebec,1994,0.0,0.0,0.0,0.0,0.0,0.0,0.0,0.0,0.0,0.0,0.0,0.0
Quebec,1995,0.0,0.0,0.0,0.0,0.0,0.0,0.0,0.0,0.0,0.0,0.0,0.0
Quebec,1996,0.0,0.0,0.0,0.0,0.0,0.0,0.0,0.0,0.0,0.0,0.0,0.0
Quebec,1997,0.0,0.0,0.0,0.0,0.0,0.0,0.0,0.0,0.0,0.0,0.0,0.0
Quebec,1998,0.0,0.0,0.0,0.0,0.0,0.0,0.0,0.0,0.0,0.0,0.0,0.0
Quebec,1999,0.0,0.0,0.0,0.0,0.0,0.0,0.0,0.0,0.0,0.0,0.0,0.0
Quebec,2000,0.0,0.0,0.0,0.0,0.0,0.0,0.0,0.0,0.0,0.0,0.0,0.0
Quebec,2001,0.0,0.0,0.0,0.0,0.0,0.0,0.0,0.0,0.0,0.0,0.0,0.0
Quebec,2002,0.0,0.0,0.0,0.0,0.0,0.0,0.0,0.0,0.0,0.0,0.0,0.0
Quebec,2003,0.0,0.0,0.0,0.0,0.0,0.0,0.0,0.0,0.0,0.0,0.0,0.0
Quebec,2004,0.0,0.0,0.0,0.0,0.0,0.0,0.0,0.0,0.0,0.0,0.0,0.0
Quebec,2005,0.0,0.0,0.0,0.0,0.0,0.0,0.0,0.0,0.0,0.0,0.0,0.0
Quebec,2006,0.0,0.0,0.0,0.0,0.0,0.0,0.0,0.0,0.0,0.0,0.0,0.0
Quebec,2007,0.0,0.0,0.0,0.0,0.0,0.0,0.0,0.0,0.0,0.0,0.0,0.0
Quebec,2008,0.0,0.0,0.0,0.0,0.0,0.0,0.0,0.0,0.0,0.0,0.0,0.0
Quebec,2009,0.0,0.0,0.0,0.0,0.0,0.0,0.0,0.0,0.0,0.0,0.0,0.0
Quebec,2010,0.0,0.0,0.0,0.0,0.0,0.0,0.0,0.0,0.0,0.0,0.0,0.0
Quebec,2011,0.0,0.0,0.0,0.0,0.0,0.0,0.0,0.0,0.0,0.0,0.0,0.0
Quebec,2012,0.0,0.0,0.0,0.0,0.0,0.0,0.0,0.0,0.0,0.0,0.0,0.0
Quebec,2013,0.42423009953038243,0.0,0.42423009953038243,0.561658873373867,0.0,0.561658873373867,0.03720776043086678,0.0,0.03720776043086678,0.04828046469088072,0.0,0.04828046469088072
Quebec,2014,0.519899368627399,0.0,0.519899368627399,0.6883200743518598,0.0,0.6883200743518598,0.04559858241426305,0.0,0.04559858241426305,0.05916832194983997,0.0,0.05916832194983997
Quebec,2015,7.708420908970255,0.0,7.708420908970255,10.205553561655574,0.0,10.205553561655574,0.6760790401217363,0.0,0.6760790401217363,0.8772742526519652,0.0,0.8772742526519652
Quebec,2016,7.831965347708094,0.0,7.831965347708094,10.3691200562299,0.0,10.3691200562299,0.686914697196074,0.0,0.686914697196074,0.8913345065538922,0.0,0.8913345065538922
Quebec,2017,8.691326945556265,0.0,8.691326945556265,11.506870695334662,0.0,11.506870695334662,0.762286342186888,0.0,0.762286342186888,0.9891360942477802,0.0,0.9891360942477802
Quebec,2018,8.78028216385776,0.0,8.78028216385776,11.624642837733921,0.0,11.624642837733921,0.7700882979069121,0.0,0.7700882979069121,0.9992598437908446,0.0,0.9992598437908446
Quebec,2019,9.750668110538976,0.0,9.750668110538976,12.909384015114174,0.0,12.909384015114174,0.8551975060219501,0.0,0.8551975060219501,1.1096968082757608,0.0,1.1096968082757608
Quebec,2020,9.842840122174408,0.0,9.842840122174408,13.031415026749293,0.0,13.031415026749293,0.8632815956024834,0.0,0.8632815956024834,1.1201866522500052,0.0,1.1201866522500052
Quebec,2021,11.876198608651562,0.0,11.876198608651562,15.723477277740415,0.0,15.723477277740415,1.0416204629262844,0.0,1.0416204629262844,1.351597607575753,0.0,1.351597607575753
Quebec,2022,14.112225088679805,0.0,14.112225088679805,18.68386154796793,0.0,18.68386154796793,1.2377346417129003,0.0,1.2377346417129003,1.6060736516763114,0.0,1.6060736516763114
Quebec,2023,16.151078946879107,0.0,16.151078946879107,21.383199389007114,0.0,21.383199389007114,1.41655548915726,0.0,1.41655548915726,1.8381100201933633,0.0,1.8381100201933633
Quebec,2024,17.25029030896253,0.0,17.25029030896253,22.838498802959506,0.0,22.838498802959506,1.5129635306153313,0.0,1.5129635306153313,1.9632082520577028,0.0,1.9632082520577028
Quebec,2025,13.747470101790018,0.0,13.747470101790018,18.20094467049789,0.0,18.20094467049789,1.2057432385022775,0.0,1.2057432385022775,1.564561886516674,0.0,1.564561886516674
Queretaro de Arteaga,1989,0.0,0.0,0.0,0.0,0.0,0.0,0.0,0.0,0.0,0.0,0.0,0.0
Queretaro de Arteaga,1990,0.0,0.0,0.0,0.0,0.0,0.0,0.0,0.0,0.0,0.0,0.0,0.0
Queretaro de Arteaga,1991,0.0,0.0,0.0,0.0,0.0,0.0,0.0,0.0,0.0,0.0,0.0,0.0
Queretaro de Arteaga,1992,0.0,0.0,0.0,0.0,0.0,0.0,0.0,0.0,0.0,0.0,0.0,0.0
Queretaro de Arteaga,1993,0.0,0.0,0.0,0.0,0.0,0.0,0.0,0.0,0.0,0.0,0.0,0.0
Queretaro de Arteaga,1994,0.0,0.0,0.0,0.0,0.0,0.0,0.0,0.0,0.0,0.0,0.0,0.0
Queretaro de Arteaga,1995,0.0,0.0,0.0,0.0,0.0,0.0,0.0,0.0,0.0,0.0,0.0,0.0
Queretaro de Arteaga,1996,0.0,0.0,0.0,0.0,0.0,0.0,0.0,0.0,0.0,0.0,0.0,0.0
Queretaro de Arteaga,1997,0.0,0.0,0.0,0.0,0.0,0.0,0.0,0.0,0.0,0.0,0.0,0.0
Queretaro de Arteaga,1998,0.0,0.0,0.0,0.0,0.0,0.0,0.0,0.0,0.0,0.0,0.0,0.0
Queretaro de Arteaga,1999,0.0,0.0,0.0,0.0,0.0,0.0,0.0,0.0,0.0,0.0,0.0,0.0
Queretaro de Arteaga,2000,0.0,0.0,0.0,0.0,0.0,0.0,0.0,0.0,0.0,0.0,0.0,0.0
Queretaro de Arteaga,2001,0.0,0.0,0.0,0.0,0.0,0.0,0.0,0.0,0.0,0.0,0.0,0.0
Queretaro de Arteaga,2002,0.0,0.0,0.0,0.0,0.0,0.0,0.0,0.0,0.0,0.0,0.0,0.0
Queretaro de Arteaga,2003,0.0,0.0,0.0,0.0,0.0,0.0,0.0,0.0,0.0,0.0,0.0,0.0
Queretaro de Arteaga,2004,0.0,0.0,0.0,0.0,0.0,0.0,0.0,0.0,0.0,0.0,0.0,0.0
Queretaro de Arteaga,2005,0.0,0.0,0.0,0.0,0.0,0.0,0.0,0.0,0.0,0.0,0.0,0.0
Queretaro de Arteaga,2006,0.0,0.0,0.0,0.0,0.0,0.0,0.0,0.0,0.0,0.0,0.0,0.0
Queretaro de Arteaga,2007,0.0,0.0,0.0,0.0,0.0,0.0,0.0,0.0,0.0,0.0,0.0,0.0
Queretaro de Arteaga,2008,0.0,0.0,0.0,0.0,0.0,0.0,0.0,0.0,0.0,0.0,0.0,0.0
Queretaro de Arteaga,2009,0.0,0.0,0.0,0.0,0.0,0.0,0.0,0.0,0.0,0.0,0.0,0.0
Queretaro de Arteaga,2010,0.0,0.0,0.0,0.0,0.0,0.0,0.0,0.0,0.0,0.0,0.0,0.0
Queretaro de Arteaga,2011,0.0,0.0,0.0,0.0,0.0,0.0,0.0,0.0,0.0,0.0,0.0,0.0
Queretaro de Arteaga,2012,0.0,0.0,0.0,0.0,0.0,0.0,0.0,0.0,0.0,0.0,0.0,0.0
Queretaro de Arteaga,2013,0.0,0.0,0.0,0.0,0.0,0.0,0.0,0.0,0.0,0.0,0.0,0.0
Queretaro de Arteaga,2014,0.0,0.0,0.0,0.0,0.0,0.0,0.0,0.0,0.0,0.0,0.0,0.0
Queretaro de Arteaga,2015,0.0,0.0,0.0,0.0,0.0,0.0,0.0,0.0,0.0,0.0,0.0,0.0
Queretaro de Arteaga,2016,0.0,0.0,0.0,0.0,0.0,0.0,0.0,0.0,0.0,0.0,0.0,0.0
Queretaro de Arteaga,2017,0.0,0.0,0.0,0.0,0.0,0.0,0.0,0.0,0.0,0.0,0.0,0.0
Queretaro de Arteaga,2018,0.0,0.0,0.0,0.0,0.0,0.0,0.0,0.0,0.0,0.0,0.0,0.0
Queretaro de Arteaga,2019,0.0,0.0,0.0,0.0,0.0,0.0,0.0,0.0,0.0,0.0,0.0,0.0
Queretaro de Arteaga,2020,0.0,0.0,0.0,0.0,0.0,0.0,0.0,0.0,0.0,0.0,0.0,0.0
Queretaro de Arteaga,2021,0.0,0.0,0.0,0.0,0.0,0.0,0.0,0.0,0.0,0.0,0.0,0.0
Queretaro de Arteaga,2022,0.0,0.0,0.0,0.0,0.0,0.0,0.0,0.0,0.0,0.0,0.0,0.0
Queretaro de Arteaga,2023,0.0,0.0,0.0,0.0,0.0,0.0,0.0,0.0,0.0,0.0,0.0,0.0
Queretaro de Arteaga,2024,0.0,0.0,0.0,0.0,0.0,0.0,0.0,0.0,0.0,0.0,0.0,0.0
Queretaro de Arteaga,2025,0.0,0.0,0.0,0.0,0.0,0.0,0.0,0.0,0.0,0.0,0.0,0.0
Quintana Roo,1989,0.0,0.0,0.0,0.0,0.0,0.0,0.0,0.0,0.0,0.0,0.0,0.0
Quintana Roo,1990,0.0,0.0,0.0,0.0,0.0,0.0,0.0,0.0,0.0,0.0,0.0,0.0
Quintana Roo,1991,0.0,0.0,0.0,0.0,0.0,0.0,0.0,0.0,0.0,0.0,0.0,0.0
Quintana Roo,1992,0.0,0.0,0.0,0.0,0.0,0.0,0.0,0.0,0.0,0.0,0.0,0.0
Quintana Roo,1993,0.0,0.0,0.0,0.0,0.0,0.0,0.0,0.0,0.0,0.0,0.0,0.0
Quintana Roo,1994,0.0,0.0,0.0,0.0,0.0,0.0,0.0,0.0,0.0,0.0,0.0,0.0
Quintana Roo,1995,0.0,0.0,0.0,0.0,0.0,0.0,0.0,0.0,0.0,0.0,0.0,0.0
Quintana Roo,1996,0.0,0.0,0.0,0.0,0.0,0.0,0.0,0.0,0.0,0.0,0.0,0.0
Quintana Roo,1997,0.0,0.0,0.0,0.0,0.0,0.0,0.0,0.0,0.0,0.0,0.0,0.0
Quintana Roo,1998,0.0,0.0,0.0,0.0,0.0,0.0,0.0,0.0,0.0,0.0,0.0,0.0
Quintana Roo,1999,0.0,0.0,0.0,0.0,0.0,0.0,0.0,0.0,0.0,0.0,0.0,0.0
Quintana Roo,2000,0.0,0.0,0.0,0.0,0.0,0.0,0.0,0.0,0.0,0.0,0.0,0.0
Quintana Roo,2001,0.0,0.0,0.0,0.0,0.0,0.0,0.0,0.0,0.0,0.0,0.0,0.0
Quintana Roo,2002,0.0,0.0,0.0,0.0,0.0,0.0,0.0,0.0,0.0,0.0,0.0,0.0
Quintana Roo,2003,0.0,0.0,0.0,0.0,0.0,0.0,0.0,0.0,0.0,0.0,0.0,0.0
Quintana Roo,2004,0.0,0.0,0.0,0.0,0.0,0.0,0.0,0.0,0.0,0.0,0.0,0.0
Quintana Roo,2005,0.0,0.0,0.0,0.0,0.0,0.0,0.0,0.0,0.0,0.0,0.0,0.0
Quintana Roo,2006,0.0,0.0,0.0,0.0,0.0,0.0,0.0,0.0,0.0,0.0,0.0,0.0
Quintana Roo,2007,0.0,0.0,0.0,0.0,0.0,0.0,0.0,0.0,0.0,0.0,0.0,0.0
Quintana Roo,2008,0.0,0.0,0.0,0.0,0.0,0.0,0.0,0.0,0.0,0.0,0.0,0.0
Quintana Roo,2009,0.0,0.0,0.0,0.0,0.0,0.0,0.0,0.0,0.0,0.0,0.0,0.0
Quintana Roo,2010,0.0,0.0,0.0,0.0,0.0,0.0,0.0,0.0,0.0,0.0,0.0,0.0
Quintana Roo,2011,0.0,0.0,0.0,0.0,0.0,0.0,0.0,0.0,0.0,0.0,0.0,0.0
Quintana Roo,2012,0.0,0.0,0.0,0.0,0.0,0.0,0.0,0.0,0.0,0.0,0.0,0.0
Quintana Roo,2013,0.0,0.0,0.0,0.0,0.0,0.0,0.0,0.0,0.0,0.0,0.0,0.0
Quintana Roo,2014,0.0,0.0,0.0,0.0,0.0,0.0,0.0,0.0,0.0,0.0,0.0,0.0
Quintana Roo,2015,0.0,0.0,0.0,0.0,0.0,0.0,0.0,0.0,0.0,0.0,0.0,0.0
Quintana Roo,2016,0.0,0.0,0.0,0.0,0.0,0.0,0.0,0.0,0.0,0.0,0.0,0.0
Quintana Roo,2017,0.0,0.0,0.0,0.0,0.0,0.0,0.0,0.0,0.0,0.0,0.0,0.0
Quintana Roo,2018,0.0,0.0,0.0,0.0,0.0,0.0,0.0,0.0,0.0,0.0,0.0,0.0
Quintana Roo,2019,0.0,0.0,0.0,0.0,0.0,0.0,0.0,0.0,0.0,0.0,0.0,0.0
Quintana Roo,2020,0.0,0.0,0.0,0.0,0.0,0.0,0.0,0.0,0.0,0.0,0.0,0.0
Quintana Roo,2021,0.0,0.0,0.0,0.0,0.0,0.0,0.0,0.0,0.0,0.0,0.0,0.0
Quintana Roo,2022,0.0,0.0,0.0,0.0,0.0,0.0,0.0,0.0,0.0,0.0,0.0,0.0
Quintana Roo,2023,0.0,0.0,0.0,0.0,0.0,0.0,0.0,0.0,0.0,0.0,0.0,0.0
Quintana Roo,2024,0.0,0.0,0.0,0.0,0.0,0.0,0.0,0.0,0.0,0.0,0.0,0.0
Quintana Roo,2025,0.0,0.0,0.0,0.0,0.0,0.0,0.0,0.0,0.0,0.0,0.0,0.0
Rhode Island,1989,0.0,0.0,0.0,0.0,0.0,0.0,0.0,0.0,0.0,0.0,0.0,0.0
Rhode Island,1990,0.0,0.0,0.0,0.0,0.0,0.0,0.0,0.0,0.0,0.0,0.0,0.0
Rhode Island,1991,0.0,0.0,0.0,0.0,0.0,0.0,0.0,0.0,0.0,0.0,0.0,0.0
Rhode Island,1992,0.0,0.0,0.0,0.0,0.0,0.0,0.0,0.0,0.0,0.0,0.0,0.0
Rhode Island,1993,0.0,0.0,0.0,0.0,0.0,0.0,0.0,0.0,0.0,0.0,0.0,0.0
Rhode Island,1994,0.0,0.0,0.0,0.0,0.0,0.0,0.0,0.0,0.0,0.0,0.0,0.0
Rhode Island,1995,0.0,0.0,0.0,0.0,0.0,0.0,0.0,0.0,0.0,0.0,0.0,0.0
Rhode Island,1996,0.0,0.0,0.0,0.0,0.0,0.0,0.0,0.0,0.0,0.0,0.0,0.0
Rhode Island,1997,0.0,0.0,0.0,0.0,0.0,0.0,0.0,0.0,0.0,0.0,0.0,0.0
Rhode Island,1998,0.0,0.0,0.0,0.0,0.0,0.0,0.0,0.0,0.0,0.0,0.0,0.0
Rhode Island,1999,0.0,0.0,0.0,0.0,0.0,0.0,0.0,0.0,0.0,0.0,0.0,0.0
Rhode Island,2000,0.0,0.0,0.0,0.0,0.0,0.0,0.0,0.0,0.0,0.0,0.0,0.0
Rhode Island,2001,0.0,0.0,0.0,0.0,0.0,0.0,0.0,0.0,0.0,0.0,0.0,0.0
Rhode Island,2002,0.0,0.0,0.0,0.0,0.0,0.0,0.0,0.0,0.0,0.0,0.0,0.0
Rhode Island,2003,0.0,0.0,0.0,0.0,0.0,0.0,0.0,0.0,0.0,0.0,0.0,0.0
Rhode Island,2004,0.0,0.0,0.0,0.0,0.0,0.0,0.0,0.0,0.0,0.0,0.0,0.0
Rhode Island,2005,0.0,0.0,0.0,0.0,0.0,0.0,0.0,0.0,0.0,0.0,0.0,0.0
Rhode Island,2006,0.0,0.0,0.0,0.0,0.0,0.0,0.0,0.0,0.0,0.0,0.0,0.0
Rhode Island,2007,0.0,0.0,0.0,0.0,0.0,0.0,0.0,0.0,0.0,0.0,0.0,0.0
Rhode Island,2008,0.0,0.0,0.0,0.0,0.0,0.0,0.0,0.0,0.0,0.0,0.0,0.0
Rhode Island,2009,1.0780607919843637,0.0,1.0780607919843637,1.1644649784306627,0.0,1.1644649784306627,0.0018877995262686065,0.0,0.0018877995262686065,0.0023117572927585273,0.0,0.0023117572927585273
Rhode Island,2010,0.7173234057493316,0.0,0.7173234057493316,0.7748152890953297,0.0,0.7748152890953297,0.0012561098554214117,0.0,0.0012561098554214117,0.0015382041781289949,0.0,0.0015382041781289949
Rhode Island,2011,0.6237177268967861,0.0,0.6237177268967861,0.6737073222566675,0.0,0.6737073222566675,0.0010921963196470303,0.0,0.0010921963196470303,0.0013374793096058814,0.0,0.0013374793096058814
Rhode Island,2012,0.7915296688089675,0.0,0.7915296688089675,0.854969019901275,0.0,0.854969019901275,0.0013860529433174938,0.0,0.0013860529433174938,0.0016973295920870595,0.0,0.0016973295920870595
Rhode Island,2013,1.0132379244277383,0.0,1.0132379244277383,1.094446701509379,0.0,1.094446701509379,0.0017742877655454272,0.0,0.0017742877655454272,0.002172753316428292,0.0,0.002172753316428292
Rhode Island,2014,1.4750766946348663,0.0,1.4750766946348663,1.5933008269782953,0.0,1.5933008269782953,0.0025830167519736227,0.0,0.0025830167519736227,0.0031631048374586974,0.0,0.0031631048374586974
Rhode Island,2015,2.0821558295456835,0.0,2.0821558295456835,2.2490360109268863,0.0,2.2490360109268863,0.003646077120937323,0.0,0.003646077120937323,0.004464904910187782,0.0,0.004464904910187782
Rhode Island,2016,1.4137567282862933,0.0,1.4137567282862933,1.5270662010440506,0.0,1.5270662010440506,0.002475638945189122,0.0,0.002475638945189122,0.003031612364629691,0.0,0.003031612364629691
Rhode Island,2017,1.2024010431208074,0.0,1.2024010431208074,1.2987708254981092,0.0,1.2987708254981092,0.002105532578928315,0.0,0.002105532578928315,0.002578388344073368,0.0,0.002578388344073368
Rhode Island,2018,1.3686633070569725,0.0,1.3686633070569725,1.4783586419067662,0.0,1.4783586419067662,0.0023966755510396597,0.0,0.0023966755510396597,0.002934915549239129,0.0,0.002934915549239129
Rhode Island,2019,1.6221532870372297,0.0,1.6221532870372297,1.7521652827426393,0.0,1.7521652827426393,0.0028405635652208757,0.0,0.0028405635652208757,0.0034784909340575695,0.0,0.0034784909340575695
Rhode Island,2020,2.1397904532083656,0.0,2.1397904532083656,2.311289922115596,0.0,2.311289922115596,0.0037470014992804124,0.0,0.0037470014992804124,0.004588494658148425,0.0,0.004588494658148425
Rhode Island,2021,2.9381604382124995,0.0,2.9381604382124995,3.1736474944156665,0.0,3.1736474944156665,0.005145032566437281,0.0,0.005145032566437281,0.006300492394153272,0.0,0.006300492394153272
Rhode Island,2022,3.4736778440872627,0.0,3.4736778440872627,3.7520854351308364,0.0,3.7520854351308364,0.006082780708875647,0.0,0.006082780708875647,0.007448837902713487,0.0,0.007448837902713487
Rhode Island,2023,3.489602300166544,0.0,3.489602300166544,3.7692862011198747,0.0,3.7692862011198747,0.006110666131354669,0.0,0.006110666131354669,0.007482985770577905,0.0,0.007482985770577905
Rhode Island,2024,5.149041358758463,0.0,5.149041358758463,5.561725627484121,0.0,5.561725627484121,0.009016521062703368,0.0,0.009016521062703368,0.01104143105873922,0.0,0.01104143105873922
Rhode Island,2025,0.0,0.0,0.0,0.0,0.0,0.0,0.0,0.0,0.0,0.0,0.0,0.0
Romania,1989,0.0,0.0,0.0,0.0,0.0,0.0,NA,NA,NA,NA,NA,NA
Romania,1990,0.0,0.0,0.0,0.0,0.0,0.0,NA,NA,NA,NA,NA,NA
Romania,1991,0.0,0.0,0.0,0.0,0.0,0.0,NA,NA,NA,NA,NA,NA
Romania,1992,0.0,0.0,0.0,0.0,0.0,0.0,NA,NA,NA,NA,NA,NA
Romania,1993,0.0,0.0,0.0,0.0,0.0,0.0,NA,NA,NA,NA,NA,NA
Romania,1994,0.0,0.0,0.0,0.0,0.0,0.0,NA,NA,NA,NA,NA,NA
Romania,1995,0.0,0.0,0.0,0.0,0.0,0.0,NA,NA,NA,NA,NA,NA
Romania,1996,0.0,0.0,0.0,0.0,0.0,0.0,NA,NA,NA,NA,NA,NA
Romania,1997,0.0,0.0,0.0,0.0,0.0,0.0,NA,NA,NA,NA,NA,NA
Romania,1998,0.0,0.0,0.0,0.0,0.0,0.0,NA,NA,NA,NA,NA,NA
Romania,1999,0.0,0.0,0.0,0.0,0.0,0.0,NA,NA,NA,NA,NA,NA
Romania,2000,0.0,0.0,0.0,0.0,0.0,0.0,NA,NA,NA,NA,NA,NA
Romania,2001,0.0,0.0,0.0,0.0,0.0,0.0,NA,NA,NA,NA,NA,NA
Romania,2002,0.0,0.0,0.0,0.0,0.0,0.0,NA,NA,NA,NA,NA,NA
Romania,2003,0.0,0.0,0.0,0.0,0.0,0.0,NA,NA,NA,NA,NA,NA
Romania,2004,0.0,0.0,0.0,0.0,0.0,0.0,NA,NA,NA,NA,NA,NA
Romania,2005,0.0,0.0,0.0,0.0,0.0,0.0,NA,NA,NA,NA,NA,NA
Romania,2006,0.0,0.0,0.0,0.0,0.0,0.0,NA,NA,NA,NA,NA,NA
Romania,2007,0.6287969364532446,0.0,0.6287969364532446,0.8826900029107039,0.0,0.8826900029107039,NA,NA,NA,NA,NA,NA
Romania,2008,14.27258088032921,0.0,14.27258088032921,20.035505468366438,0.0,20.035505468366438,NA,NA,NA,NA,NA,NA
Romania,2009,10.374397933619143,0.0,10.374397933619143,14.563330085346232,0.0,14.563330085346232,NA,NA,NA,NA,NA,NA
Romania,2010,10.679690587711619,0.0,10.679690587711619,14.991892564116423,0.0,14.991892564116423,NA,NA,NA,NA,NA,NA
Romania,2011,9.26794257308421,0.0,9.26794257308421,13.010114684965915,0.0,13.010114684965915,NA,NA,NA,NA,NA,NA
Romania,2012,5.140970397109663,0.0,5.140970397109663,7.216770489348581,0.0,7.216770489348581,NA,NA,NA,NA,NA,NA
Romania,2013,3.0710118731628584,0.0,3.0710118731628584,4.311012541745251,0.0,4.311012541745251,NA,NA,NA,NA,NA,NA
Romania,2014,4.018921046731427,0.0,4.018921046731427,5.641664621406805,0.0,5.641664621406805,NA,NA,NA,NA,NA,NA
Romania,2015,5.023455220597015,0.0,5.023455220597015,7.051805513400874,0.0,7.051805513400874,NA,NA,NA,NA,NA,NA
Romania,2016,3.4100710799352605,0.0,3.4100710799352605,4.786975694334635,0.0,4.786975694334635,NA,NA,NA,NA,NA,NA
Romania,2017,3.5508599957314346,0.0,3.5508599957314346,4.98461178524005,0.0,4.98461178524005,NA,NA,NA,NA,NA,NA
Romania,2018,9.074049625577565,0.0,9.074049625577565,12.737932432672562,0.0,12.737932432672562,NA,NA,NA,NA,NA,NA
Romania,2019,13.343765959976873,0.0,13.343765959976873,18.731657441730462,0.0,18.731657441730462,NA,NA,NA,NA,NA,NA
Romania,2020,12.755106221058458,0.0,12.755106221058458,17.90531107053127,0.0,17.90531107053127,NA,NA,NA,NA,NA,NA
Romania,2021,26.125698819256254,0.0,26.125698819256254,36.67462710122191,0.0,36.67462710122191,NA,NA,NA,NA,NA,NA
Romania,2022,35.22216725988426,0.0,35.22216725988426,49.44403052679362,0.0,49.44403052679362,NA,NA,NA,NA,NA,NA
Romania,2023,32.34500262262259,0.0,32.34500262262259,45.40513606849036,0.0,45.40513606849036,NA,NA,NA,NA,NA,NA
Romania,2024,25.04017203748485,0.0,25.04017203748485,35.15079073591434,0.0,35.15079073591434,NA,NA,NA,NA,NA,NA
Romania,2025,27.930461582264652,0.0,27.930461582264652,39.20810962344706,0.0,39.20810962344706,NA,NA,NA,NA,NA,NA
Russian Federation,1989,0.0,0.0,0.0,0.0,0.0,0.0,NA,NA,NA,NA,NA,NA
Russian Federation,1990,0.0,0.0,0.0,0.0,0.0,0.0,NA,NA,NA,NA,NA,NA
Russian Federation,1991,0.0,0.0,0.0,0.0,0.0,0.0,NA,NA,NA,NA,NA,NA
Russian Federation,1992,0.0,0.0,0.0,0.0,0.0,0.0,NA,NA,NA,NA,NA,NA
Russian Federation,1993,0.0,0.0,0.0,0.0,0.0,0.0,NA,NA,NA,NA,NA,NA
Russian Federation,1994,0.0,0.0,0.0,0.0,0.0,0.0,NA,NA,NA,NA,NA,NA
Russian Federation,1995,0.0,0.0,0.0,0.0,0.0,0.0,NA,NA,NA,NA,NA,NA
Russian Federation,1996,0.0,0.0,0.0,0.0,0.0,0.0,NA,NA,NA,NA,NA,NA
Russian Federation,1997,0.0,0.0,0.0,0.0,0.0,0.0,NA,NA,NA,NA,NA,NA
Russian Federation,1998,0.0,0.0,0.0,0.0,0.0,0.0,NA,NA,NA,NA,NA,NA
Russian Federation,1999,0.0,0.0,0.0,0.0,0.0,0.0,NA,NA,NA,NA,NA,NA
Russian Federation,2000,0.0,0.0,0.0,0.0,0.0,0.0,NA,NA,NA,NA,NA,NA
Russian Federation,2001,0.0,0.0,0.0,0.0,0.0,0.0,NA,NA,NA,NA,NA,NA
Russian Federation,2002,0.0,0.0,0.0,0.0,0.0,0.0,NA,NA,NA,NA,NA,NA
Russian Federation,2003,0.0,0.0,0.0,0.0,0.0,0.0,NA,NA,NA,NA,NA,NA
Russian Federation,2004,0.0,0.0,0.0,0.0,0.0,0.0,NA,NA,NA,NA,NA,NA
Russian Federation,2005,0.0,0.0,0.0,0.0,0.0,0.0,NA,NA,NA,NA,NA,NA
Russian Federation,2006,0.0,0.0,0.0,0.0,0.0,0.0,NA,NA,NA,NA,NA,NA
Russian Federation,2007,0.0,0.0,0.0,0.0,0.0,0.0,NA,NA,NA,NA,NA,NA
Russian Federation,2008,0.0,0.0,0.0,0.0,0.0,0.0,NA,NA,NA,NA,NA,NA
Russian Federation,2009,0.0,0.0,0.0,0.0,0.0,0.0,NA,NA,NA,NA,NA,NA
Russian Federation,2010,0.0,0.0,0.0,0.0,0.0,0.0,NA,NA,NA,NA,NA,NA
Russian Federation,2011,0.0,0.0,0.0,0.0,0.0,0.0,NA,NA,NA,NA,NA,NA
Russian Federation,2012,0.0,0.0,0.0,0.0,0.0,0.0,NA,NA,NA,NA,NA,NA
Russian Federation,2013,0.0,0.0,0.0,0.0,0.0,0.0,NA,NA,NA,NA,NA,NA
Russian Federation,2014,0.0,0.0,0.0,0.0,0.0,0.0,NA,NA,NA,NA,NA,NA
Russian Federation,2015,0.0,0.0,0.0,0.0,0.0,0.0,NA,NA,NA,NA,NA,NA
Russian Federation,2016,0.0,0.0,0.0,0.0,0.0,0.0,NA,NA,NA,NA,NA,NA
Russian Federation,2017,0.0,0.0,0.0,0.0,0.0,0.0,NA,NA,NA,NA,NA,NA
Russian Federation,2018,0.0,0.0,0.0,0.0,0.0,0.0,NA,NA,NA,NA,NA,NA
Russian Federation,2019,0.0,0.0,0.0,0.0,0.0,0.0,NA,NA,NA,NA,NA,NA
Russian Federation,2020,0.0,0.0,0.0,0.0,0.0,0.0,NA,NA,NA,NA,NA,NA
Russian Federation,2021,0.0,0.0,0.0,0.0,0.0,0.0,NA,NA,NA,NA,NA,NA
Russian Federation,2022,0.0,0.0,0.0,0.0,0.0,0.0,NA,NA,NA,NA,NA,NA
Russian Federation,2023,0.0,0.0,0.0,0.0,0.0,0.0,NA,NA,NA,NA,NA,NA
Russian Federation,2024,0.0,0.0,0.0,0.0,0.0,0.0,NA,NA,NA,NA,NA,NA
Russian Federation,2025,0.0,0.0,0.0,0.0,0.0,0.0,NA,NA,NA,NA,NA,NA
Rwanda,1989,0.0,0.0,0.0,0.0,0.0,0.0,NA,NA,NA,NA,NA,NA
Rwanda,1990,0.0,0.0,0.0,0.0,0.0,0.0,NA,NA,NA,NA,NA,NA
Rwanda,1991,0.0,0.0,0.0,0.0,0.0,0.0,NA,NA,NA,NA,NA,NA
Rwanda,1992,0.0,0.0,0.0,0.0,0.0,0.0,NA,NA,NA,NA,NA,NA
Rwanda,1993,0.0,0.0,0.0,0.0,0.0,0.0,NA,NA,NA,NA,NA,NA
Rwanda,1994,0.0,0.0,0.0,0.0,0.0,0.0,NA,NA,NA,NA,NA,NA
Rwanda,1995,0.0,0.0,0.0,0.0,0.0,0.0,NA,NA,NA,NA,NA,NA
Rwanda,1996,0.0,0.0,0.0,0.0,0.0,0.0,NA,NA,NA,NA,NA,NA
Rwanda,1997,0.0,0.0,0.0,0.0,0.0,0.0,NA,NA,NA,NA,NA,NA
Rwanda,1998,0.0,0.0,0.0,0.0,0.0,0.0,NA,NA,NA,NA,NA,NA
Rwanda,1999,0.0,0.0,0.0,0.0,0.0,0.0,NA,NA,NA,NA,NA,NA
Rwanda,2000,0.0,0.0,0.0,0.0,0.0,0.0,NA,NA,NA,NA,NA,NA
Rwanda,2001,0.0,0.0,0.0,0.0,0.0,0.0,NA,NA,NA,NA,NA,NA
Rwanda,2002,0.0,0.0,0.0,0.0,0.0,0.0,NA,NA,NA,NA,NA,NA
Rwanda,2003,0.0,0.0,0.0,0.0,0.0,0.0,NA,NA,NA,NA,NA,NA
Rwanda,2004,0.0,0.0,0.0,0.0,0.0,0.0,NA,NA,NA,NA,NA,NA
Rwanda,2005,0.0,0.0,0.0,0.0,0.0,0.0,NA,NA,NA,NA,NA,NA
Rwanda,2006,0.0,0.0,0.0,0.0,0.0,0.0,NA,NA,NA,NA,NA,NA
Rwanda,2007,0.0,0.0,0.0,0.0,0.0,0.0,NA,NA,NA,NA,NA,NA
Rwanda,2008,0.0,0.0,0.0,0.0,0.0,0.0,NA,NA,NA,NA,NA,NA
Rwanda,2009,0.0,0.0,0.0,0.0,0.0,0.0,NA,NA,NA,NA,NA,NA
Rwanda,2010,0.0,0.0,0.0,0.0,0.0,0.0,NA,NA,NA,NA,NA,NA
Rwanda,2011,0.0,0.0,0.0,0.0,0.0,0.0,NA,NA,NA,NA,NA,NA
Rwanda,2012,0.0,0.0,0.0,0.0,0.0,0.0,NA,NA,NA,NA,NA,NA
Rwanda,2013,0.0,0.0,0.0,0.0,0.0,0.0,NA,NA,NA,NA,NA,NA
Rwanda,2014,0.0,0.0,0.0,0.0,0.0,0.0,NA,NA,NA,NA,NA,NA
Rwanda,2015,0.0,0.0,0.0,0.0,0.0,0.0,NA,NA,NA,NA,NA,NA
Rwanda,2016,0.0,0.0,0.0,0.0,0.0,0.0,NA,NA,NA,NA,NA,NA
Rwanda,2017,0.0,0.0,0.0,0.0,0.0,0.0,NA,NA,NA,NA,NA,NA
Rwanda,2018,0.0,0.0,0.0,0.0,0.0,0.0,NA,NA,NA,NA,NA,NA
Rwanda,2019,0.0,0.0,0.0,0.0,0.0,0.0,NA,NA,NA,NA,NA,NA
Rwanda,2020,0.0,0.0,0.0,0.0,0.0,0.0,NA,NA,NA,NA,NA,NA
Rwanda,2021,0.0,0.0,0.0,0.0,0.0,0.0,NA,NA,NA,NA,NA,NA
Rwanda,2022,0.0,0.0,0.0,0.0,0.0,0.0,NA,NA,NA,NA,NA,NA
Rwanda,2023,0.0,0.0,0.0,0.0,0.0,0.0,NA,NA,NA,NA,NA,NA
Rwanda,2024,0.0,0.0,0.0,0.0,0.0,0.0,NA,NA,NA,NA,NA,NA
Rwanda,2025,0.0,0.0,0.0,0.0,0.0,0.0,NA,NA,NA,NA,NA,NA
Saga,1989,0.0,0.0,0.0,0.0,0.0,0.0,0.0,0.0,0.0,0.0,0.0,0.0
Saga,1990,0.0,0.0,0.0,0.0,0.0,0.0,0.0,0.0,0.0,0.0,0.0,0.0
Saga,1991,0.0,0.0,0.0,0.0,0.0,0.0,0.0,0.0,0.0,0.0,0.0,0.0
Saga,1992,0.0,0.0,0.0,0.0,0.0,0.0,0.0,0.0,0.0,0.0,0.0,0.0
Saga,1993,0.0,0.0,0.0,0.0,0.0,0.0,0.0,0.0,0.0,0.0,0.0,0.0
Saga,1994,0.0,0.0,0.0,0.0,0.0,0.0,0.0,0.0,0.0,0.0,0.0,0.0
Saga,1995,0.0,0.0,0.0,0.0,0.0,0.0,0.0,0.0,0.0,0.0,0.0,0.0
Saga,1996,0.0,0.0,0.0,0.0,0.0,0.0,0.0,0.0,0.0,0.0,0.0,0.0
Saga,1997,0.0,0.0,0.0,0.0,0.0,0.0,0.0,0.0,0.0,0.0,0.0,0.0
Saga,1998,0.0,0.0,0.0,0.0,0.0,0.0,0.0,0.0,0.0,0.0,0.0,0.0
Saga,1999,0.0,0.0,0.0,0.0,0.0,0.0,0.0,0.0,0.0,0.0,0.0,0.0
Saga,2000,0.0,0.0,0.0,0.0,0.0,0.0,0.0,0.0,0.0,0.0,0.0,0.0
Saga,2001,0.0,0.0,0.0,0.0,0.0,0.0,0.0,0.0,0.0,0.0,0.0,0.0
Saga,2002,0.0,0.0,0.0,0.0,0.0,0.0,0.0,0.0,0.0,0.0,0.0,0.0
Saga,2003,0.0,0.0,0.0,0.0,0.0,0.0,0.0,0.0,0.0,0.0,0.0,0.0
Saga,2004,0.0,0.0,0.0,0.0,0.0,0.0,0.0,0.0,0.0,0.0,0.0,0.0
Saga,2005,0.0,0.0,0.0,0.0,0.0,0.0,0.0,0.0,0.0,0.0,0.0,0.0
Saga,2006,0.0,0.0,0.0,0.0,0.0,0.0,0.0,0.0,0.0,0.0,0.0,0.0
Saga,2007,0.0,0.0,0.0,0.0,0.0,0.0,0.0,0.0,0.0,0.0,0.0,0.0
Saga,2008,0.0,0.0,0.0,0.0,0.0,0.0,0.0,0.0,0.0,0.0,0.0,0.0
Saga,2009,0.0,0.0,0.0,0.0,0.0,0.0,0.0,0.0,0.0,0.0,0.0,0.0
Saga,2010,0.0,0.0,0.0,0.0,0.0,0.0,0.0,0.0,0.0,0.0,0.0,0.0
Saga,2011,0.0,0.0,0.0,0.0,0.0,0.0,0.0,0.0,0.0,0.0,0.0,0.0
Saga,2012,0.0,0.0,0.0,0.0,0.0,0.0,0.0,0.0,0.0,0.0,0.0,0.0
Saga,2013,0.0,0.0,0.0,0.0,0.0,0.0,0.0,0.0,0.0,0.0,0.0,0.0
Saga,2014,0.0,0.0,0.0,0.0,0.0,0.0,0.0,0.0,0.0,0.0,0.0,0.0
Saga,2015,0.0,0.0,0.0,0.0,0.0,0.0,0.0,0.0,0.0,0.0,0.0,0.0
Saga,2016,0.0,0.0,0.0,0.0,0.0,0.0,0.0,0.0,0.0,0.0,0.0,0.0
Saga,2017,0.0,0.0,0.0,0.0,0.0,0.0,0.0,0.0,0.0,0.0,0.0,0.0
Saga,2018,0.0,0.0,0.0,0.0,0.0,0.0,0.0,0.0,0.0,0.0,0.0,0.0
Saga,2019,0.0,0.0,0.0,0.0,0.0,0.0,0.0,0.0,0.0,0.0,0.0,0.0
Saga,2020,0.0,0.0,0.0,0.0,0.0,0.0,0.0,0.0,0.0,0.0,0.0,0.0
Saga,2021,0.0,0.0,0.0,0.0,0.0,0.0,0.0,0.0,0.0,0.0,0.0,0.0
Saga,2022,0.0,0.0,0.0,0.0,0.0,0.0,0.0,0.0,0.0,0.0,0.0,0.0
Saga,2023,0.0,0.0,0.0,0.0,0.0,0.0,0.0,0.0,0.0,0.0,0.0,0.0
Saga,2024,0.0,0.0,0.0,0.0,0.0,0.0,0.0,0.0,0.0,0.0,0.0,0.0
Saga,2025,0.0,0.0,0.0,0.0,0.0,0.0,0.0,0.0,0.0,0.0,0.0,0.0
Saitama,1989,0.0,0.0,0.0,0.0,0.0,0.0,0.0,0.0,0.0,0.0,0.0,0.0
Saitama,1990,0.0,0.0,0.0,0.0,0.0,0.0,0.0,0.0,0.0,0.0,0.0,0.0
Saitama,1991,0.0,0.0,0.0,0.0,0.0,0.0,0.0,0.0,0.0,0.0,0.0,0.0
Saitama,1992,0.0,0.0,0.0,0.0,0.0,0.0,0.0,0.0,0.0,0.0,0.0,0.0
Saitama,1993,0.0,0.0,0.0,0.0,0.0,0.0,0.0,0.0,0.0,0.0,0.0,0.0
Saitama,1994,0.0,0.0,0.0,0.0,0.0,0.0,0.0,0.0,0.0,0.0,0.0,0.0
Saitama,1995,0.0,0.0,0.0,0.0,0.0,0.0,0.0,0.0,0.0,0.0,0.0,0.0
Saitama,1996,0.0,0.0,0.0,0.0,0.0,0.0,0.0,0.0,0.0,0.0,0.0,0.0
Saitama,1997,0.0,0.0,0.0,0.0,0.0,0.0,0.0,0.0,0.0,0.0,0.0,0.0
Saitama,1998,0.0,0.0,0.0,0.0,0.0,0.0,0.0,0.0,0.0,0.0,0.0,0.0
Saitama,1999,0.0,0.0,0.0,0.0,0.0,0.0,0.0,0.0,0.0,0.0,0.0,0.0
Saitama,2000,0.0,0.0,0.0,0.0,0.0,0.0,0.0,0.0,0.0,0.0,0.0,0.0
Saitama,2001,0.0,0.0,0.0,0.0,0.0,0.0,0.0,0.0,0.0,0.0,0.0,0.0
Saitama,2002,0.0,0.0,0.0,0.0,0.0,0.0,0.0,0.0,0.0,0.0,0.0,0.0
Saitama,2003,0.0,0.0,0.0,0.0,0.0,0.0,0.0,0.0,0.0,0.0,0.0,0.0
Saitama,2004,0.0,0.0,0.0,0.0,0.0,0.0,0.0,0.0,0.0,0.0,0.0,0.0
Saitama,2005,0.0,0.0,0.0,0.0,0.0,0.0,0.0,0.0,0.0,0.0,0.0,0.0
Saitama,2006,0.0,0.0,0.0,0.0,0.0,0.0,0.0,0.0,0.0,0.0,0.0,0.0
Saitama,2007,0.0,0.0,0.0,0.0,0.0,0.0,0.0,0.0,0.0,0.0,0.0,0.0
Saitama,2008,0.0,0.0,0.0,0.0,0.0,0.0,0.0,0.0,0.0,0.0,0.0,0.0
Saitama,2009,0.0,0.0,0.0,0.0,0.0,0.0,0.0,0.0,0.0,0.0,0.0,0.0
Saitama,2010,0.0,0.0,0.0,0.0,0.0,0.0,0.0,0.0,0.0,0.0,0.0,0.0
Saitama,2011,0.0,0.0,0.0,0.0,0.0,0.0,0.0,0.0,0.0,0.0,0.0,0.0
Saitama,2012,0.0,0.0,0.0,0.0,0.0,0.0,0.0,0.0,0.0,0.0,0.0,0.0
Saitama,2013,0.0,0.0,0.0,0.0,0.0,0.0,0.0,0.0,0.0,0.0,0.0,0.0
Saitama,2014,0.0,0.0,0.0,0.0,0.0,0.0,0.0,0.0,0.0,0.0,0.0,0.0
Saitama,2015,0.0,0.0,0.0,0.0,0.0,0.0,0.0,0.0,0.0,0.0,0.0,0.0
Saitama,2016,0.0,0.0,0.0,0.0,0.0,0.0,0.0,0.0,0.0,0.0,0.0,0.0
Saitama,2017,0.0,0.0,0.0,0.0,0.0,0.0,0.0,0.0,0.0,0.0,0.0,0.0
Saitama,2018,0.0,0.0,0.0,0.0,0.0,0.0,0.0,0.0,0.0,0.0,0.0,0.0
Saitama,2019,0.0,0.0,0.0,0.0,0.0,0.0,0.0,0.0,0.0,0.0,0.0,0.0
Saitama,2020,0.0,0.0,0.0,0.0,0.0,0.0,0.0,0.0,0.0,0.0,0.0,0.0
Saitama,2021,0.0,0.0,0.0,0.0,0.0,0.0,0.0,0.0,0.0,0.0,0.0,0.0
Saitama,2022,0.0,0.0,0.0,0.0,0.0,0.0,0.0,0.0,0.0,0.0,0.0,0.0
Saitama,2023,0.0,0.0,0.0,0.0,0.0,0.0,0.0,0.0,0.0,0.0,0.0,0.0
Saitama,2024,0.0,0.0,0.0,0.0,0.0,0.0,0.0,0.0,0.0,0.0,0.0,0.0
Saitama,2025,0.0,0.0,0.0,0.0,0.0,0.0,0.0,0.0,0.0,0.0,0.0,0.0
Samoa,1989,0.0,0.0,0.0,0.0,0.0,0.0,NA,NA,NA,NA,NA,NA
Samoa,1990,0.0,0.0,0.0,0.0,0.0,0.0,NA,NA,NA,NA,NA,NA
Samoa,1991,0.0,0.0,0.0,0.0,0.0,0.0,NA,NA,NA,NA,NA,NA
Samoa,1992,0.0,0.0,0.0,0.0,0.0,0.0,NA,NA,NA,NA,NA,NA
Samoa,1993,0.0,0.0,0.0,0.0,0.0,0.0,NA,NA,NA,NA,NA,NA
Samoa,1994,0.0,0.0,0.0,0.0,0.0,0.0,NA,NA,NA,NA,NA,NA
Samoa,1995,0.0,0.0,0.0,0.0,0.0,0.0,NA,NA,NA,NA,NA,NA
Samoa,1996,0.0,0.0,0.0,0.0,0.0,0.0,NA,NA,NA,NA,NA,NA
Samoa,1997,0.0,0.0,0.0,0.0,0.0,0.0,NA,NA,NA,NA,NA,NA
Samoa,1998,0.0,0.0,0.0,0.0,0.0,0.0,NA,NA,NA,NA,NA,NA
Samoa,1999,0.0,0.0,0.0,0.0,0.0,0.0,NA,NA,NA,NA,NA,NA
Samoa,2000,0.0,0.0,0.0,0.0,0.0,0.0,NA,NA,NA,NA,NA,NA
Samoa,2001,0.0,0.0,0.0,0.0,0.0,0.0,NA,NA,NA,NA,NA,NA
Samoa,2002,0.0,0.0,0.0,0.0,0.0,0.0,NA,NA,NA,NA,NA,NA
Samoa,2003,0.0,0.0,0.0,0.0,0.0,0.0,NA,NA,NA,NA,NA,NA
Samoa,2004,0.0,0.0,0.0,0.0,0.0,0.0,NA,NA,NA,NA,NA,NA
Samoa,2005,0.0,0.0,0.0,0.0,0.0,0.0,NA,NA,NA,NA,NA,NA
Samoa,2006,0.0,0.0,0.0,0.0,0.0,0.0,NA,NA,NA,NA,NA,NA
Samoa,2007,0.0,0.0,0.0,0.0,0.0,0.0,NA,NA,NA,NA,NA,NA
Samoa,2008,0.0,0.0,0.0,0.0,0.0,0.0,NA,NA,NA,NA,NA,NA
Samoa,2009,0.0,0.0,0.0,0.0,0.0,0.0,NA,NA,NA,NA,NA,NA
Samoa,2010,0.0,0.0,0.0,0.0,0.0,0.0,NA,NA,NA,NA,NA,NA
Samoa,2011,0.0,0.0,0.0,0.0,0.0,0.0,NA,NA,NA,NA,NA,NA
Samoa,2012,0.0,0.0,0.0,0.0,0.0,0.0,NA,NA,NA,NA,NA,NA
Samoa,2013,0.0,0.0,0.0,0.0,0.0,0.0,NA,NA,NA,NA,NA,NA
Samoa,2014,0.0,0.0,0.0,0.0,0.0,0.0,NA,NA,NA,NA,NA,NA
Samoa,2015,0.0,0.0,0.0,0.0,0.0,0.0,NA,NA,NA,NA,NA,NA
Samoa,2016,0.0,0.0,0.0,0.0,0.0,0.0,NA,NA,NA,NA,NA,NA
Samoa,2017,0.0,0.0,0.0,0.0,0.0,0.0,NA,NA,NA,NA,NA,NA
Samoa,2018,0.0,0.0,0.0,0.0,0.0,0.0,NA,NA,NA,NA,NA,NA
Samoa,2019,0.0,0.0,0.0,0.0,0.0,0.0,NA,NA,NA,NA,NA,NA
Samoa,2020,0.0,0.0,0.0,0.0,0.0,0.0,NA,NA,NA,NA,NA,NA
Samoa,2021,0.0,0.0,0.0,0.0,0.0,0.0,NA,NA,NA,NA,NA,NA
Samoa,2022,0.0,0.0,0.0,0.0,0.0,0.0,NA,NA,NA,NA,NA,NA
Samoa,2023,0.0,0.0,0.0,0.0,0.0,0.0,NA,NA,NA,NA,NA,NA
Samoa,2024,0.0,0.0,0.0,0.0,0.0,0.0,NA,NA,NA,NA,NA,NA
Samoa,2025,0.0,0.0,0.0,0.0,0.0,0.0,NA,NA,NA,NA,NA,NA
San Luis Potosi,1989,0.0,0.0,0.0,0.0,0.0,0.0,0.0,0.0,0.0,0.0,0.0,0.0
San Luis Potosi,1990,0.0,0.0,0.0,0.0,0.0,0.0,0.0,0.0,0.0,0.0,0.0,0.0
San Luis Potosi,1991,0.0,0.0,0.0,0.0,0.0,0.0,0.0,0.0,0.0,0.0,0.0,0.0
San Luis Potosi,1992,0.0,0.0,0.0,0.0,0.0,0.0,0.0,0.0,0.0,0.0,0.0,0.0
San Luis Potosi,1993,0.0,0.0,0.0,0.0,0.0,0.0,0.0,0.0,0.0,0.0,0.0,0.0
San Luis Potosi,1994,0.0,0.0,0.0,0.0,0.0,0.0,0.0,0.0,0.0,0.0,0.0,0.0
San Luis Potosi,1995,0.0,0.0,0.0,0.0,0.0,0.0,0.0,0.0,0.0,0.0,0.0,0.0
San Luis Potosi,1996,0.0,0.0,0.0,0.0,0.0,0.0,0.0,0.0,0.0,0.0,0.0,0.0
San Luis Potosi,1997,0.0,0.0,0.0,0.0,0.0,0.0,0.0,0.0,0.0,0.0,0.0,0.0
San Luis Potosi,1998,0.0,0.0,0.0,0.0,0.0,0.0,0.0,0.0,0.0,0.0,0.0,0.0
San Luis Potosi,1999,0.0,0.0,0.0,0.0,0.0,0.0,0.0,0.0,0.0,0.0,0.0,0.0
San Luis Potosi,2000,0.0,0.0,0.0,0.0,0.0,0.0,0.0,0.0,0.0,0.0,0.0,0.0
San Luis Potosi,2001,0.0,0.0,0.0,0.0,0.0,0.0,0.0,0.0,0.0,0.0,0.0,0.0
San Luis Potosi,2002,0.0,0.0,0.0,0.0,0.0,0.0,0.0,0.0,0.0,0.0,0.0,0.0
San Luis Potosi,2003,0.0,0.0,0.0,0.0,0.0,0.0,0.0,0.0,0.0,0.0,0.0,0.0
San Luis Potosi,2004,0.0,0.0,0.0,0.0,0.0,0.0,0.0,0.0,0.0,0.0,0.0,0.0
San Luis Potosi,2005,0.0,0.0,0.0,0.0,0.0,0.0,0.0,0.0,0.0,0.0,0.0,0.0
San Luis Potosi,2006,0.0,0.0,0.0,0.0,0.0,0.0,0.0,0.0,0.0,0.0,0.0,0.0
San Luis Potosi,2007,0.0,0.0,0.0,0.0,0.0,0.0,0.0,0.0,0.0,0.0,0.0,0.0
San Luis Potosi,2008,0.0,0.0,0.0,0.0,0.0,0.0,0.0,0.0,0.0,0.0,0.0,0.0
San Luis Potosi,2009,0.0,0.0,0.0,0.0,0.0,0.0,0.0,0.0,0.0,0.0,0.0,0.0
San Luis Potosi,2010,0.0,0.0,0.0,0.0,0.0,0.0,0.0,0.0,0.0,0.0,0.0,0.0
San Luis Potosi,2011,0.0,0.0,0.0,0.0,0.0,0.0,0.0,0.0,0.0,0.0,0.0,0.0
San Luis Potosi,2012,0.0,0.0,0.0,0.0,0.0,0.0,0.0,0.0,0.0,0.0,0.0,0.0
San Luis Potosi,2013,0.0,0.0,0.0,0.0,0.0,0.0,0.0,0.0,0.0,0.0,0.0,0.0
San Luis Potosi,2014,0.0,0.0,0.0,0.0,0.0,0.0,0.0,0.0,0.0,0.0,0.0,0.0
San Luis Potosi,2015,0.0,0.0,0.0,0.0,0.0,0.0,0.0,0.0,0.0,0.0,0.0,0.0
San Luis Potosi,2016,0.0,0.0,0.0,0.0,0.0,0.0,0.0,0.0,0.0,0.0,0.0,0.0
San Luis Potosi,2017,0.0,0.0,0.0,0.0,0.0,0.0,0.0,0.0,0.0,0.0,0.0,0.0
San Luis Potosi,2018,0.0,0.0,0.0,0.0,0.0,0.0,0.0,0.0,0.0,0.0,0.0,0.0
San Luis Potosi,2019,0.0,0.0,0.0,0.0,0.0,0.0,0.0,0.0,0.0,0.0,0.0,0.0
San Luis Potosi,2020,0.0,0.0,0.0,0.0,0.0,0.0,0.0,0.0,0.0,0.0,0.0,0.0
San Luis Potosi,2021,0.0,0.0,0.0,0.0,0.0,0.0,0.0,0.0,0.0,0.0,0.0,0.0
San Luis Potosi,2022,0.0,0.0,0.0,0.0,0.0,0.0,0.0,0.0,0.0,0.0,0.0,0.0
San Luis Potosi,2023,0.0,0.0,0.0,0.0,0.0,0.0,0.0,0.0,0.0,0.0,0.0,0.0
San Luis Potosi,2024,0.0,0.0,0.0,0.0,0.0,0.0,0.0,0.0,0.0,0.0,0.0,0.0
San Luis Potosi,2025,0.0,0.0,0.0,0.0,0.0,0.0,0.0,0.0,0.0,0.0,0.0,0.0
San Marino,1989,0.0,0.0,0.0,0.0,0.0,0.0,NA,NA,NA,NA,NA,NA
San Marino,1990,0.0,0.0,0.0,0.0,0.0,0.0,NA,NA,NA,NA,NA,NA
San Marino,1991,0.0,0.0,0.0,0.0,0.0,0.0,NA,NA,NA,NA,NA,NA
San Marino,1992,0.0,0.0,0.0,0.0,0.0,0.0,NA,NA,NA,NA,NA,NA
San Marino,1993,0.0,0.0,0.0,0.0,0.0,0.0,NA,NA,NA,NA,NA,NA
San Marino,1994,0.0,0.0,0.0,0.0,0.0,0.0,NA,NA,NA,NA,NA,NA
San Marino,1995,0.0,0.0,0.0,0.0,0.0,0.0,NA,NA,NA,NA,NA,NA
San Marino,1996,0.0,0.0,0.0,0.0,0.0,0.0,NA,NA,NA,NA,NA,NA
San Marino,1997,0.0,0.0,0.0,0.0,0.0,0.0,NA,NA,NA,NA,NA,NA
San Marino,1998,0.0,0.0,0.0,0.0,0.0,0.0,NA,NA,NA,NA,NA,NA
San Marino,1999,0.0,0.0,0.0,0.0,0.0,0.0,NA,NA,NA,NA,NA,NA
San Marino,2000,0.0,0.0,0.0,0.0,0.0,0.0,NA,NA,NA,NA,NA,NA
San Marino,2001,0.0,0.0,0.0,0.0,0.0,0.0,NA,NA,NA,NA,NA,NA
San Marino,2002,0.0,0.0,0.0,0.0,0.0,0.0,NA,NA,NA,NA,NA,NA
San Marino,2003,0.0,0.0,0.0,0.0,0.0,0.0,NA,NA,NA,NA,NA,NA
San Marino,2004,0.0,0.0,0.0,0.0,0.0,0.0,NA,NA,NA,NA,NA,NA
San Marino,2005,0.0,0.0,0.0,0.0,0.0,0.0,NA,NA,NA,NA,NA,NA
San Marino,2006,0.0,0.0,0.0,0.0,0.0,0.0,NA,NA,NA,NA,NA,NA
San Marino,2007,0.0,0.0,0.0,0.0,0.0,0.0,NA,NA,NA,NA,NA,NA
San Marino,2008,0.0,0.0,0.0,0.0,0.0,0.0,NA,NA,NA,NA,NA,NA
San Marino,2009,0.0,0.0,0.0,0.0,0.0,0.0,NA,NA,NA,NA,NA,NA
San Marino,2010,0.0,0.0,0.0,0.0,0.0,0.0,NA,NA,NA,NA,NA,NA
San Marino,2011,0.0,0.0,0.0,0.0,0.0,0.0,NA,NA,NA,NA,NA,NA
San Marino,2012,0.0,0.0,0.0,0.0,0.0,0.0,NA,NA,NA,NA,NA,NA
San Marino,2013,0.0,0.0,0.0,0.0,0.0,0.0,NA,NA,NA,NA,NA,NA
San Marino,2014,0.0,0.0,0.0,0.0,0.0,0.0,NA,NA,NA,NA,NA,NA
San Marino,2015,0.0,0.0,0.0,0.0,0.0,0.0,NA,NA,NA,NA,NA,NA
San Marino,2016,0.0,0.0,0.0,0.0,0.0,0.0,NA,NA,NA,NA,NA,NA
San Marino,2017,0.0,0.0,0.0,0.0,0.0,0.0,NA,NA,NA,NA,NA,NA
San Marino,2018,0.0,0.0,0.0,0.0,0.0,0.0,NA,NA,NA,NA,NA,NA
San Marino,2019,0.0,0.0,0.0,0.0,0.0,0.0,NA,NA,NA,NA,NA,NA
San Marino,2020,0.0,0.0,0.0,0.0,0.0,0.0,NA,NA,NA,NA,NA,NA
San Marino,2021,0.0,0.0,0.0,0.0,0.0,0.0,NA,NA,NA,NA,NA,NA
San Marino,2022,0.0,0.0,0.0,0.0,0.0,0.0,NA,NA,NA,NA,NA,NA
San Marino,2023,0.0,0.0,0.0,0.0,0.0,0.0,NA,NA,NA,NA,NA,NA
San Marino,2024,0.0,0.0,0.0,0.0,0.0,0.0,NA,NA,NA,NA,NA,NA
San Marino,2025,0.0,0.0,0.0,0.0,0.0,0.0,NA,NA,NA,NA,NA,NA
Sao Tome and Principe,1989,0.0,0.0,0.0,0.0,0.0,0.0,NA,NA,NA,NA,NA,NA
Sao Tome and Principe,1990,0.0,0.0,0.0,0.0,0.0,0.0,NA,NA,NA,NA,NA,NA
Sao Tome and Principe,1991,0.0,0.0,0.0,0.0,0.0,0.0,NA,NA,NA,NA,NA,NA
Sao Tome and Principe,1992,0.0,0.0,0.0,0.0,0.0,0.0,NA,NA,NA,NA,NA,NA
Sao Tome and Principe,1993,0.0,0.0,0.0,0.0,0.0,0.0,NA,NA,NA,NA,NA,NA
Sao Tome and Principe,1994,0.0,0.0,0.0,0.0,0.0,0.0,NA,NA,NA,NA,NA,NA
Sao Tome and Principe,1995,0.0,0.0,0.0,0.0,0.0,0.0,NA,NA,NA,NA,NA,NA
Sao Tome and Principe,1996,0.0,0.0,0.0,0.0,0.0,0.0,NA,NA,NA,NA,NA,NA
Sao Tome and Principe,1997,0.0,0.0,0.0,0.0,0.0,0.0,NA,NA,NA,NA,NA,NA
Sao Tome and Principe,1998,0.0,0.0,0.0,0.0,0.0,0.0,NA,NA,NA,NA,NA,NA
Sao Tome and Principe,1999,0.0,0.0,0.0,0.0,0.0,0.0,NA,NA,NA,NA,NA,NA
Sao Tome and Principe,2000,0.0,0.0,0.0,0.0,0.0,0.0,NA,NA,NA,NA,NA,NA
Sao Tome and Principe,2001,0.0,0.0,0.0,0.0,0.0,0.0,NA,NA,NA,NA,NA,NA
Sao Tome and Principe,2002,0.0,0.0,0.0,0.0,0.0,0.0,NA,NA,NA,NA,NA,NA
Sao Tome and Principe,2003,0.0,0.0,0.0,0.0,0.0,0.0,NA,NA,NA,NA,NA,NA
Sao Tome and Principe,2004,0.0,0.0,0.0,0.0,0.0,0.0,NA,NA,NA,NA,NA,NA
Sao Tome and Principe,2005,0.0,0.0,0.0,0.0,0.0,0.0,NA,NA,NA,NA,NA,NA
Sao Tome and Principe,2006,0.0,0.0,0.0,0.0,0.0,0.0,NA,NA,NA,NA,NA,NA
Sao Tome and Principe,2007,0.0,0.0,0.0,0.0,0.0,0.0,NA,NA,NA,NA,NA,NA
Sao Tome and Principe,2008,0.0,0.0,0.0,0.0,0.0,0.0,NA,NA,NA,NA,NA,NA
Sao Tome and Principe,2009,0.0,0.0,0.0,0.0,0.0,0.0,NA,NA,NA,NA,NA,NA
Sao Tome and Principe,2010,0.0,0.0,0.0,0.0,0.0,0.0,NA,NA,NA,NA,NA,NA
Sao Tome and Principe,2011,0.0,0.0,0.0,0.0,0.0,0.0,NA,NA,NA,NA,NA,NA
Sao Tome and Principe,2012,0.0,0.0,0.0,0.0,0.0,0.0,NA,NA,NA,NA,NA,NA
Sao Tome and Principe,2013,0.0,0.0,0.0,0.0,0.0,0.0,NA,NA,NA,NA,NA,NA
Sao Tome and Principe,2014,0.0,0.0,0.0,0.0,0.0,0.0,NA,NA,NA,NA,NA,NA
Sao Tome and Principe,2015,0.0,0.0,0.0,0.0,0.0,0.0,NA,NA,NA,NA,NA,NA
Sao Tome and Principe,2016,0.0,0.0,0.0,0.0,0.0,0.0,NA,NA,NA,NA,NA,NA
Sao Tome and Principe,2017,0.0,0.0,0.0,0.0,0.0,0.0,NA,NA,NA,NA,NA,NA
Sao Tome and Principe,2018,0.0,0.0,0.0,0.0,0.0,0.0,NA,NA,NA,NA,NA,NA
Sao Tome and Principe,2019,0.0,0.0,0.0,0.0,0.0,0.0,NA,NA,NA,NA,NA,NA
Sao Tome and Principe,2020,0.0,0.0,0.0,0.0,0.0,0.0,NA,NA,NA,NA,NA,NA
Sao Tome and Principe,2021,0.0,0.0,0.0,0.0,0.0,0.0,NA,NA,NA,NA,NA,NA
Sao Tome and Principe,2022,0.0,0.0,0.0,0.0,0.0,0.0,NA,NA,NA,NA,NA,NA
Sao Tome and Principe,2023,0.0,0.0,0.0,0.0,0.0,0.0,NA,NA,NA,NA,NA,NA
Sao Tome and Principe,2024,0.0,0.0,0.0,0.0,0.0,0.0,NA,NA,NA,NA,NA,NA
Sao Tome and Principe,2025,0.0,0.0,0.0,0.0,0.0,0.0,NA,NA,NA,NA,NA,NA
Saskatchewan,1989,0.0,0.0,0.0,0.0,0.0,0.0,0.0,0.0,0.0,0.0,0.0,0.0
Saskatchewan,1990,0.0,0.0,0.0,0.0,0.0,0.0,0.0,0.0,0.0,0.0,0.0,0.0
Saskatchewan,1991,0.0,0.0,0.0,0.0,0.0,0.0,0.0,0.0,0.0,0.0,0.0,0.0
Saskatchewan,1992,0.0,0.0,0.0,0.0,0.0,0.0,0.0,0.0,0.0,0.0,0.0,0.0
Saskatchewan,1993,0.0,0.0,0.0,0.0,0.0,0.0,0.0,0.0,0.0,0.0,0.0,0.0
Saskatchewan,1994,0.0,0.0,0.0,0.0,0.0,0.0,0.0,0.0,0.0,0.0,0.0,0.0
Saskatchewan,1995,0.0,0.0,0.0,0.0,0.0,0.0,0.0,0.0,0.0,0.0,0.0,0.0
Saskatchewan,1996,0.0,0.0,0.0,0.0,0.0,0.0,0.0,0.0,0.0,0.0,0.0,0.0
Saskatchewan,1997,0.0,0.0,0.0,0.0,0.0,0.0,0.0,0.0,0.0,0.0,0.0,0.0
Saskatchewan,1998,0.0,0.0,0.0,0.0,0.0,0.0,0.0,0.0,0.0,0.0,0.0,0.0
Saskatchewan,1999,0.0,0.0,0.0,0.0,0.0,0.0,0.0,0.0,0.0,0.0,0.0,0.0
Saskatchewan,2000,0.0,0.0,0.0,0.0,0.0,0.0,0.0,0.0,0.0,0.0,0.0,0.0
Saskatchewan,2001,0.0,0.0,0.0,0.0,0.0,0.0,0.0,0.0,0.0,0.0,0.0,0.0
Saskatchewan,2002,0.0,0.0,0.0,0.0,0.0,0.0,0.0,0.0,0.0,0.0,0.0,0.0
Saskatchewan,2003,0.0,0.0,0.0,0.0,0.0,0.0,0.0,0.0,0.0,0.0,0.0,0.0
Saskatchewan,2004,0.0,0.0,0.0,0.0,0.0,0.0,0.0,0.0,0.0,0.0,0.0,0.0
Saskatchewan,2005,0.0,0.0,0.0,0.0,0.0,0.0,0.0,0.0,0.0,0.0,0.0,0.0
Saskatchewan,2006,0.0,0.0,0.0,0.0,0.0,0.0,0.0,0.0,0.0,0.0,0.0,0.0
Saskatchewan,2007,0.0,0.0,0.0,0.0,0.0,0.0,0.0,0.0,0.0,0.0,0.0,0.0
Saskatchewan,2008,0.0,0.0,0.0,0.0,0.0,0.0,0.0,0.0,0.0,0.0,0.0,0.0
Saskatchewan,2009,0.0,0.0,0.0,0.0,0.0,0.0,0.0,0.0,0.0,0.0,0.0,0.0
Saskatchewan,2010,0.0,0.0,0.0,0.0,0.0,0.0,0.0,0.0,0.0,0.0,0.0,0.0
Saskatchewan,2011,0.0,0.0,0.0,0.0,0.0,0.0,0.0,0.0,0.0,0.0,0.0,0.0
Saskatchewan,2012,0.0,0.0,0.0,0.0,0.0,0.0,0.0,0.0,0.0,0.0,0.0,0.0
Saskatchewan,2013,0.0,0.0,0.0,0.0,0.0,0.0,0.0,0.0,0.0,0.0,0.0,0.0
Saskatchewan,2014,0.0,0.0,0.0,0.0,0.0,0.0,0.0,0.0,0.0,0.0,0.0,0.0
Saskatchewan,2015,0.0,0.0,0.0,0.0,0.0,0.0,0.0,0.0,0.0,0.0,0.0,0.0
Saskatchewan,2016,0.0,0.0,0.0,0.0,0.0,0.0,0.0,0.0,0.0,0.0,0.0,0.0
Saskatchewan,2017,0.0,0.0,0.0,0.0,0.0,0.0,0.0,0.0,0.0,0.0,0.0,0.0
Saskatchewan,2018,0.0,0.0,0.0,0.0,0.0,0.0,0.0,0.0,0.0,0.0,0.0,0.0
Saskatchewan,2019,0.0,0.0,0.0,0.0,0.0,0.0,0.0,0.0,0.0,0.0,0.0,0.0
Saskatchewan,2020,0.0,0.0,0.0,0.0,0.0,0.0,0.0,0.0,0.0,0.0,0.0,0.0
Saskatchewan,2021,0.0,0.0,0.0,0.0,0.0,0.0,0.0,0.0,0.0,0.0,0.0,0.0
Saskatchewan,2022,0.0,0.0,0.0,0.0,0.0,0.0,0.0,0.0,0.0,0.0,0.0,0.0
Saskatchewan,2023,0.0,0.0,0.0,0.0,0.0,0.0,0.0,0.0,0.0,0.0,0.0,0.0
Saskatchewan,2024,0.0,0.0,0.0,0.0,0.0,0.0,0.0,0.0,0.0,0.0,0.0,0.0
Saskatchewan,2025,0.0,0.0,0.0,0.0,0.0,0.0,0.0,0.0,0.0,0.0,0.0,0.0
Saudi Arabia,1989,0.0,0.0,0.0,0.0,0.0,0.0,NA,NA,NA,NA,NA,NA
Saudi Arabia,1990,0.0,0.0,0.0,0.0,0.0,0.0,NA,NA,NA,NA,NA,NA
Saudi Arabia,1991,0.0,0.0,0.0,0.0,0.0,0.0,NA,NA,NA,NA,NA,NA
Saudi Arabia,1992,0.0,0.0,0.0,0.0,0.0,0.0,NA,NA,NA,NA,NA,NA
Saudi Arabia,1993,0.0,0.0,0.0,0.0,0.0,0.0,NA,NA,NA,NA,NA,NA
Saudi Arabia,1994,0.0,0.0,0.0,0.0,0.0,0.0,NA,NA,NA,NA,NA,NA
Saudi Arabia,1995,0.0,0.0,0.0,0.0,0.0,0.0,NA,NA,NA,NA,NA,NA
Saudi Arabia,1996,0.0,0.0,0.0,0.0,0.0,0.0,NA,NA,NA,NA,NA,NA
Saudi Arabia,1997,0.0,0.0,0.0,0.0,0.0,0.0,NA,NA,NA,NA,NA,NA
Saudi Arabia,1998,0.0,0.0,0.0,0.0,0.0,0.0,NA,NA,NA,NA,NA,NA
Saudi Arabia,1999,0.0,0.0,0.0,0.0,0.0,0.0,NA,NA,NA,NA,NA,NA
Saudi Arabia,2000,0.0,0.0,0.0,0.0,0.0,0.0,NA,NA,NA,NA,NA,NA
Saudi Arabia,2001,0.0,0.0,0.0,0.0,0.0,0.0,NA,NA,NA,NA,NA,NA
Saudi Arabia,2002,0.0,0.0,0.0,0.0,0.0,0.0,NA,NA,NA,NA,NA,NA
Saudi Arabia,2003,0.0,0.0,0.0,0.0,0.0,0.0,NA,NA,NA,NA,NA,NA
Saudi Arabia,2004,0.0,0.0,0.0,0.0,0.0,0.0,NA,NA,NA,NA,NA,NA
Saudi Arabia,2005,0.0,0.0,0.0,0.0,0.0,0.0,NA,NA,NA,NA,NA,NA
Saudi Arabia,2006,0.0,0.0,0.0,0.0,0.0,0.0,NA,NA,NA,NA,NA,NA
Saudi Arabia,2007,0.0,0.0,0.0,0.0,0.0,0.0,NA,NA,NA,NA,NA,NA
Saudi Arabia,2008,0.0,0.0,0.0,0.0,0.0,0.0,NA,NA,NA,NA,NA,NA
Saudi Arabia,2009,0.0,0.0,0.0,0.0,0.0,0.0,NA,NA,NA,NA,NA,NA
Saudi Arabia,2010,0.0,0.0,0.0,0.0,0.0,0.0,NA,NA,NA,NA,NA,NA
Saudi Arabia,2011,0.0,0.0,0.0,0.0,0.0,0.0,NA,NA,NA,NA,NA,NA
Saudi Arabia,2012,0.0,0.0,0.0,0.0,0.0,0.0,NA,NA,NA,NA,NA,NA
Saudi Arabia,2013,0.0,0.0,0.0,0.0,0.0,0.0,NA,NA,NA,NA,NA,NA
Saudi Arabia,2014,0.0,0.0,0.0,0.0,0.0,0.0,NA,NA,NA,NA,NA,NA
Saudi Arabia,2015,0.0,0.0,0.0,0.0,0.0,0.0,NA,NA,NA,NA,NA,NA
Saudi Arabia,2016,0.0,0.0,0.0,0.0,0.0,0.0,NA,NA,NA,NA,NA,NA
Saudi Arabia,2017,0.0,0.0,0.0,0.0,0.0,0.0,NA,NA,NA,NA,NA,NA
Saudi Arabia,2018,0.0,0.0,0.0,0.0,0.0,0.0,NA,NA,NA,NA,NA,NA
Saudi Arabia,2019,0.0,0.0,0.0,0.0,0.0,0.0,NA,NA,NA,NA,NA,NA
Saudi Arabia,2020,0.0,0.0,0.0,0.0,0.0,0.0,NA,NA,NA,NA,NA,NA
Saudi Arabia,2021,0.0,0.0,0.0,0.0,0.0,0.0,NA,NA,NA,NA,NA,NA
Saudi Arabia,2022,0.0,0.0,0.0,0.0,0.0,0.0,NA,NA,NA,NA,NA,NA
Saudi Arabia,2023,0.0,0.0,0.0,0.0,0.0,0.0,NA,NA,NA,NA,NA,NA
Saudi Arabia,2024,0.0,0.0,0.0,0.0,0.0,0.0,NA,NA,NA,NA,NA,NA
Saudi Arabia,2025,0.0,0.0,0.0,0.0,0.0,0.0,NA,NA,NA,NA,NA,NA
Senegal,1989,0.0,0.0,0.0,0.0,0.0,0.0,NA,NA,NA,NA,NA,NA
Senegal,1990,0.0,0.0,0.0,0.0,0.0,0.0,NA,NA,NA,NA,NA,NA
Senegal,1991,0.0,0.0,0.0,0.0,0.0,0.0,NA,NA,NA,NA,NA,NA
Senegal,1992,0.0,0.0,0.0,0.0,0.0,0.0,NA,NA,NA,NA,NA,NA
Senegal,1993,0.0,0.0,0.0,0.0,0.0,0.0,NA,NA,NA,NA,NA,NA
Senegal,1994,0.0,0.0,0.0,0.0,0.0,0.0,NA,NA,NA,NA,NA,NA
Senegal,1995,0.0,0.0,0.0,0.0,0.0,0.0,NA,NA,NA,NA,NA,NA
Senegal,1996,0.0,0.0,0.0,0.0,0.0,0.0,NA,NA,NA,NA,NA,NA
Senegal,1997,0.0,0.0,0.0,0.0,0.0,0.0,NA,NA,NA,NA,NA,NA
Senegal,1998,0.0,0.0,0.0,0.0,0.0,0.0,NA,NA,NA,NA,NA,NA
Senegal,1999,0.0,0.0,0.0,0.0,0.0,0.0,NA,NA,NA,NA,NA,NA
Senegal,2000,0.0,0.0,0.0,0.0,0.0,0.0,NA,NA,NA,NA,NA,NA
Senegal,2001,0.0,0.0,0.0,0.0,0.0,0.0,NA,NA,NA,NA,NA,NA
Senegal,2002,0.0,0.0,0.0,0.0,0.0,0.0,NA,NA,NA,NA,NA,NA
Senegal,2003,0.0,0.0,0.0,0.0,0.0,0.0,NA,NA,NA,NA,NA,NA
Senegal,2004,0.0,0.0,0.0,0.0,0.0,0.0,NA,NA,NA,NA,NA,NA
Senegal,2005,0.0,0.0,0.0,0.0,0.0,0.0,NA,NA,NA,NA,NA,NA
Senegal,2006,0.0,0.0,0.0,0.0,0.0,0.0,NA,NA,NA,NA,NA,NA
Senegal,2007,0.0,0.0,0.0,0.0,0.0,0.0,NA,NA,NA,NA,NA,NA
Senegal,2008,0.0,0.0,0.0,0.0,0.0,0.0,NA,NA,NA,NA,NA,NA
Senegal,2009,0.0,0.0,0.0,0.0,0.0,0.0,NA,NA,NA,NA,NA,NA
Senegal,2010,0.0,0.0,0.0,0.0,0.0,0.0,NA,NA,NA,NA,NA,NA
Senegal,2011,0.0,0.0,0.0,0.0,0.0,0.0,NA,NA,NA,NA,NA,NA
Senegal,2012,0.0,0.0,0.0,0.0,0.0,0.0,NA,NA,NA,NA,NA,NA
Senegal,2013,0.0,0.0,0.0,0.0,0.0,0.0,NA,NA,NA,NA,NA,NA
Senegal,2014,0.0,0.0,0.0,0.0,0.0,0.0,NA,NA,NA,NA,NA,NA
Senegal,2015,0.0,0.0,0.0,0.0,0.0,0.0,NA,NA,NA,NA,NA,NA
Senegal,2016,0.0,0.0,0.0,0.0,0.0,0.0,NA,NA,NA,NA,NA,NA
Senegal,2017,0.0,0.0,0.0,0.0,0.0,0.0,NA,NA,NA,NA,NA,NA
Senegal,2018,0.0,0.0,0.0,0.0,0.0,0.0,NA,NA,NA,NA,NA,NA
Senegal,2019,0.0,0.0,0.0,0.0,0.0,0.0,NA,NA,NA,NA,NA,NA
Senegal,2020,0.0,0.0,0.0,0.0,0.0,0.0,NA,NA,NA,NA,NA,NA
Senegal,2021,0.0,0.0,0.0,0.0,0.0,0.0,NA,NA,NA,NA,NA,NA
Senegal,2022,0.0,0.0,0.0,0.0,0.0,0.0,NA,NA,NA,NA,NA,NA
Senegal,2023,0.0,0.0,0.0,0.0,0.0,0.0,NA,NA,NA,NA,NA,NA
Senegal,2024,0.0,0.0,0.0,0.0,0.0,0.0,NA,NA,NA,NA,NA,NA
Senegal,2025,0.0,0.0,0.0,0.0,0.0,0.0,NA,NA,NA,NA,NA,NA
Serbia,1989,0.0,0.0,0.0,0.0,0.0,0.0,NA,NA,NA,NA,NA,NA
Serbia,1990,0.0,0.0,0.0,0.0,0.0,0.0,NA,NA,NA,NA,NA,NA
Serbia,1991,0.0,0.0,0.0,0.0,0.0,0.0,NA,NA,NA,NA,NA,NA
Serbia,1992,0.0,0.0,0.0,0.0,0.0,0.0,NA,NA,NA,NA,NA,NA
Serbia,1993,0.0,0.0,0.0,0.0,0.0,0.0,NA,NA,NA,NA,NA,NA
Serbia,1994,0.0,0.0,0.0,0.0,0.0,0.0,NA,NA,NA,NA,NA,NA
Serbia,1995,0.0,0.0,0.0,0.0,0.0,0.0,NA,NA,NA,NA,NA,NA
Serbia,1996,0.0,0.0,0.0,0.0,0.0,0.0,NA,NA,NA,NA,NA,NA
Serbia,1997,0.0,0.0,0.0,0.0,0.0,0.0,NA,NA,NA,NA,NA,NA
Serbia,1998,0.0,0.0,0.0,0.0,0.0,0.0,NA,NA,NA,NA,NA,NA
Serbia,1999,0.0,0.0,0.0,0.0,0.0,0.0,NA,NA,NA,NA,NA,NA
Serbia,2000,0.0,0.0,0.0,0.0,0.0,0.0,NA,NA,NA,NA,NA,NA
Serbia,2001,0.0,0.0,0.0,0.0,0.0,0.0,NA,NA,NA,NA,NA,NA
Serbia,2002,0.0,0.0,0.0,0.0,0.0,0.0,NA,NA,NA,NA,NA,NA
Serbia,2003,0.0,0.0,0.0,0.0,0.0,0.0,NA,NA,NA,NA,NA,NA
Serbia,2004,0.0,0.0,0.0,0.0,0.0,0.0,NA,NA,NA,NA,NA,NA
Serbia,2005,0.0,0.0,0.0,0.0,0.0,0.0,NA,NA,NA,NA,NA,NA
Serbia,2006,0.0,0.0,0.0,0.0,0.0,0.0,NA,NA,NA,NA,NA,NA
Serbia,2007,0.0,0.0,0.0,0.0,0.0,0.0,NA,NA,NA,NA,NA,NA
Serbia,2008,0.0,0.0,0.0,0.0,0.0,0.0,NA,NA,NA,NA,NA,NA
Serbia,2009,0.0,0.0,0.0,0.0,0.0,0.0,NA,NA,NA,NA,NA,NA
Serbia,2010,0.0,0.0,0.0,0.0,0.0,0.0,NA,NA,NA,NA,NA,NA
Serbia,2011,0.0,0.0,0.0,0.0,0.0,0.0,NA,NA,NA,NA,NA,NA
Serbia,2012,0.0,0.0,0.0,0.0,0.0,0.0,NA,NA,NA,NA,NA,NA
Serbia,2013,0.0,0.0,0.0,0.0,0.0,0.0,NA,NA,NA,NA,NA,NA
Serbia,2014,0.0,0.0,0.0,0.0,0.0,0.0,NA,NA,NA,NA,NA,NA
Serbia,2015,0.0,0.0,0.0,0.0,0.0,0.0,NA,NA,NA,NA,NA,NA
Serbia,2016,0.0,0.0,0.0,0.0,0.0,0.0,NA,NA,NA,NA,NA,NA
Serbia,2017,0.0,0.0,0.0,0.0,0.0,0.0,NA,NA,NA,NA,NA,NA
Serbia,2018,0.0,0.0,0.0,0.0,0.0,0.0,NA,NA,NA,NA,NA,NA
Serbia,2019,0.0,0.0,0.0,0.0,0.0,0.0,NA,NA,NA,NA,NA,NA
Serbia,2020,0.0,0.0,0.0,0.0,0.0,0.0,NA,NA,NA,NA,NA,NA
Serbia,2021,0.0,0.0,0.0,0.0,0.0,0.0,NA,NA,NA,NA,NA,NA
Serbia,2022,0.0,0.0,0.0,0.0,0.0,0.0,NA,NA,NA,NA,NA,NA
Serbia,2023,0.0,0.0,0.0,0.0,0.0,0.0,NA,NA,NA,NA,NA,NA
Serbia,2024,0.0,0.0,0.0,0.0,0.0,0.0,NA,NA,NA,NA,NA,NA
Serbia,2025,0.0,0.0,0.0,0.0,0.0,0.0,NA,NA,NA,NA,NA,NA
Seychelles,1989,0.0,0.0,0.0,0.0,0.0,0.0,NA,NA,NA,NA,NA,NA
Seychelles,1990,0.0,0.0,0.0,0.0,0.0,0.0,NA,NA,NA,NA,NA,NA
Seychelles,1991,0.0,0.0,0.0,0.0,0.0,0.0,NA,NA,NA,NA,NA,NA
Seychelles,1992,0.0,0.0,0.0,0.0,0.0,0.0,NA,NA,NA,NA,NA,NA
Seychelles,1993,0.0,0.0,0.0,0.0,0.0,0.0,NA,NA,NA,NA,NA,NA
Seychelles,1994,0.0,0.0,0.0,0.0,0.0,0.0,NA,NA,NA,NA,NA,NA
Seychelles,1995,0.0,0.0,0.0,0.0,0.0,0.0,NA,NA,NA,NA,NA,NA
Seychelles,1996,0.0,0.0,0.0,0.0,0.0,0.0,NA,NA,NA,NA,NA,NA
Seychelles,1997,0.0,0.0,0.0,0.0,0.0,0.0,NA,NA,NA,NA,NA,NA
Seychelles,1998,0.0,0.0,0.0,0.0,0.0,0.0,NA,NA,NA,NA,NA,NA
Seychelles,1999,0.0,0.0,0.0,0.0,0.0,0.0,NA,NA,NA,NA,NA,NA
Seychelles,2000,0.0,0.0,0.0,0.0,0.0,0.0,NA,NA,NA,NA,NA,NA
Seychelles,2001,0.0,0.0,0.0,0.0,0.0,0.0,NA,NA,NA,NA,NA,NA
Seychelles,2002,0.0,0.0,0.0,0.0,0.0,0.0,NA,NA,NA,NA,NA,NA
Seychelles,2003,0.0,0.0,0.0,0.0,0.0,0.0,NA,NA,NA,NA,NA,NA
Seychelles,2004,0.0,0.0,0.0,0.0,0.0,0.0,NA,NA,NA,NA,NA,NA
Seychelles,2005,0.0,0.0,0.0,0.0,0.0,0.0,NA,NA,NA,NA,NA,NA
Seychelles,2006,0.0,0.0,0.0,0.0,0.0,0.0,NA,NA,NA,NA,NA,NA
Seychelles,2007,0.0,0.0,0.0,0.0,0.0,0.0,NA,NA,NA,NA,NA,NA
Seychelles,2008,0.0,0.0,0.0,0.0,0.0,0.0,NA,NA,NA,NA,NA,NA
Seychelles,2009,0.0,0.0,0.0,0.0,0.0,0.0,NA,NA,NA,NA,NA,NA
Seychelles,2010,0.0,0.0,0.0,0.0,0.0,0.0,NA,NA,NA,NA,NA,NA
Seychelles,2011,0.0,0.0,0.0,0.0,0.0,0.0,NA,NA,NA,NA,NA,NA
Seychelles,2012,0.0,0.0,0.0,0.0,0.0,0.0,NA,NA,NA,NA,NA,NA
Seychelles,2013,0.0,0.0,0.0,0.0,0.0,0.0,NA,NA,NA,NA,NA,NA
Seychelles,2014,0.0,0.0,0.0,0.0,0.0,0.0,NA,NA,NA,NA,NA,NA
Seychelles,2015,0.0,0.0,0.0,0.0,0.0,0.0,NA,NA,NA,NA,NA,NA
Seychelles,2016,0.0,0.0,0.0,0.0,0.0,0.0,NA,NA,NA,NA,NA,NA
Seychelles,2017,0.0,0.0,0.0,0.0,0.0,0.0,NA,NA,NA,NA,NA,NA
Seychelles,2018,0.0,0.0,0.0,0.0,0.0,0.0,NA,NA,NA,NA,NA,NA
Seychelles,2019,0.0,0.0,0.0,0.0,0.0,0.0,NA,NA,NA,NA,NA,NA
Seychelles,2020,0.0,0.0,0.0,0.0,0.0,0.0,NA,NA,NA,NA,NA,NA
Seychelles,2021,0.0,0.0,0.0,0.0,0.0,0.0,NA,NA,NA,NA,NA,NA
Seychelles,2022,0.0,0.0,0.0,0.0,0.0,0.0,NA,NA,NA,NA,NA,NA
Seychelles,2023,0.0,0.0,0.0,0.0,0.0,0.0,NA,NA,NA,NA,NA,NA
Seychelles,2024,0.0,0.0,0.0,0.0,0.0,0.0,NA,NA,NA,NA,NA,NA
Seychelles,2025,0.0,0.0,0.0,0.0,0.0,0.0,NA,NA,NA,NA,NA,NA
Shaanxi Province,1989,0.0,0.0,0.0,0.0,0.0,0.0,0.0,0.0,0.0,0.0,0.0,0.0
Shaanxi Province,1990,0.0,0.0,0.0,0.0,0.0,0.0,0.0,0.0,0.0,0.0,0.0,0.0
Shaanxi Province,1991,0.0,0.0,0.0,0.0,0.0,0.0,0.0,0.0,0.0,0.0,0.0,0.0
Shaanxi Province,1992,0.0,0.0,0.0,0.0,0.0,0.0,0.0,0.0,0.0,0.0,0.0,0.0
Shaanxi Province,1993,0.0,0.0,0.0,0.0,0.0,0.0,0.0,0.0,0.0,0.0,0.0,0.0
Shaanxi Province,1994,0.0,0.0,0.0,0.0,0.0,0.0,0.0,0.0,0.0,0.0,0.0,0.0
Shaanxi Province,1995,0.0,0.0,0.0,0.0,0.0,0.0,0.0,0.0,0.0,0.0,0.0,0.0
Shaanxi Province,1996,0.0,0.0,0.0,0.0,0.0,0.0,0.0,0.0,0.0,0.0,0.0,0.0
Shaanxi Province,1997,0.0,0.0,0.0,0.0,0.0,0.0,0.0,0.0,0.0,0.0,0.0,0.0
Shaanxi Province,1998,0.0,0.0,0.0,0.0,0.0,0.0,0.0,0.0,0.0,0.0,0.0,0.0
Shaanxi Province,1999,0.0,0.0,0.0,0.0,0.0,0.0,0.0,0.0,0.0,0.0,0.0,0.0
Shaanxi Province,2000,0.0,0.0,0.0,0.0,0.0,0.0,0.0,0.0,0.0,0.0,0.0,0.0
Shaanxi Province,2001,0.0,0.0,0.0,0.0,0.0,0.0,0.0,0.0,0.0,0.0,0.0,0.0
Shaanxi Province,2002,0.0,0.0,0.0,0.0,0.0,0.0,0.0,0.0,0.0,0.0,0.0,0.0
Shaanxi Province,2003,0.0,0.0,0.0,0.0,0.0,0.0,0.0,0.0,0.0,0.0,0.0,0.0
Shaanxi Province,2004,0.0,0.0,0.0,0.0,0.0,0.0,0.0,0.0,0.0,0.0,0.0,0.0
Shaanxi Province,2005,0.0,0.0,0.0,0.0,0.0,0.0,0.0,0.0,0.0,0.0,0.0,0.0
Shaanxi Province,2006,0.0,0.0,0.0,0.0,0.0,0.0,0.0,0.0,0.0,0.0,0.0,0.0
Shaanxi Province,2007,0.0,0.0,0.0,0.0,0.0,0.0,0.0,0.0,0.0,0.0,0.0,0.0
Shaanxi Province,2008,0.0,0.0,0.0,0.0,0.0,0.0,0.0,0.0,0.0,0.0,0.0,0.0
Shaanxi Province,2009,0.0,0.0,0.0,0.0,0.0,0.0,0.0,0.0,0.0,0.0,0.0,0.0
Shaanxi Province,2010,0.0,0.0,0.0,0.0,0.0,0.0,0.0,0.0,0.0,0.0,0.0,0.0
Shaanxi Province,2011,0.0,0.0,0.0,0.0,0.0,0.0,0.0,0.0,0.0,0.0,0.0,0.0
Shaanxi Province,2012,0.0,0.0,0.0,0.0,0.0,0.0,0.0,0.0,0.0,0.0,0.0,0.0
Shaanxi Province,2013,0.0,0.0,0.0,0.0,0.0,0.0,0.0,0.0,0.0,0.0,0.0,0.0
Shaanxi Province,2014,0.0,0.0,0.0,0.0,0.0,0.0,0.0,0.0,0.0,0.0,0.0,0.0
Shaanxi Province,2015,0.0,0.0,0.0,0.0,0.0,0.0,0.0,0.0,0.0,0.0,0.0,0.0
Shaanxi Province,2016,0.0,0.0,0.0,0.0,0.0,0.0,0.0,0.0,0.0,0.0,0.0,0.0
Shaanxi Province,2017,0.0,0.0,0.0,0.0,0.0,0.0,0.0,0.0,0.0,0.0,0.0,0.0
Shaanxi Province,2018,0.0,0.0,0.0,0.0,0.0,0.0,0.0,0.0,0.0,0.0,0.0,0.0
Shaanxi Province,2019,0.0,0.0,0.0,0.0,0.0,0.0,0.0,0.0,0.0,0.0,0.0,0.0
Shaanxi Province,2020,0.0,0.0,0.0,0.0,0.0,0.0,0.0,0.0,0.0,0.0,0.0,0.0
Shaanxi Province,2021,0.0,0.0,0.0,0.0,0.0,0.0,0.0,0.0,0.0,0.0,0.0,0.0
Shaanxi Province,2022,0.0,0.0,0.0,0.0,0.0,0.0,0.0,0.0,0.0,0.0,0.0,0.0
Shaanxi Province,2023,0.0,0.0,0.0,0.0,0.0,0.0,0.0,0.0,0.0,0.0,0.0,0.0
Shaanxi Province,2024,0.0,0.0,0.0,0.0,0.0,0.0,0.0,0.0,0.0,0.0,0.0,0.0
Shaanxi Province,2025,0.0,0.0,0.0,0.0,0.0,0.0,0.0,0.0,0.0,0.0,0.0,0.0
Shandong Province,1989,0.0,0.0,0.0,0.0,0.0,0.0,0.0,0.0,0.0,0.0,0.0,0.0
Shandong Province,1990,0.0,0.0,0.0,0.0,0.0,0.0,0.0,0.0,0.0,0.0,0.0,0.0
Shandong Province,1991,0.0,0.0,0.0,0.0,0.0,0.0,0.0,0.0,0.0,0.0,0.0,0.0
Shandong Province,1992,0.0,0.0,0.0,0.0,0.0,0.0,0.0,0.0,0.0,0.0,0.0,0.0
Shandong Province,1993,0.0,0.0,0.0,0.0,0.0,0.0,0.0,0.0,0.0,0.0,0.0,0.0
Shandong Province,1994,0.0,0.0,0.0,0.0,0.0,0.0,0.0,0.0,0.0,0.0,0.0,0.0
Shandong Province,1995,0.0,0.0,0.0,0.0,0.0,0.0,0.0,0.0,0.0,0.0,0.0,0.0
Shandong Province,1996,0.0,0.0,0.0,0.0,0.0,0.0,0.0,0.0,0.0,0.0,0.0,0.0
Shandong Province,1997,0.0,0.0,0.0,0.0,0.0,0.0,0.0,0.0,0.0,0.0,0.0,0.0
Shandong Province,1998,0.0,0.0,0.0,0.0,0.0,0.0,0.0,0.0,0.0,0.0,0.0,0.0
Shandong Province,1999,0.0,0.0,0.0,0.0,0.0,0.0,0.0,0.0,0.0,0.0,0.0,0.0
Shandong Province,2000,0.0,0.0,0.0,0.0,0.0,0.0,0.0,0.0,0.0,0.0,0.0,0.0
Shandong Province,2001,0.0,0.0,0.0,0.0,0.0,0.0,0.0,0.0,0.0,0.0,0.0,0.0
Shandong Province,2002,0.0,0.0,0.0,0.0,0.0,0.0,0.0,0.0,0.0,0.0,0.0,0.0
Shandong Province,2003,0.0,0.0,0.0,0.0,0.0,0.0,0.0,0.0,0.0,0.0,0.0,0.0
Shandong Province,2004,0.0,0.0,0.0,0.0,0.0,0.0,0.0,0.0,0.0,0.0,0.0,0.0
Shandong Province,2005,0.0,0.0,0.0,0.0,0.0,0.0,0.0,0.0,0.0,0.0,0.0,0.0
Shandong Province,2006,0.0,0.0,0.0,0.0,0.0,0.0,0.0,0.0,0.0,0.0,0.0,0.0
Shandong Province,2007,0.0,0.0,0.0,0.0,0.0,0.0,0.0,0.0,0.0,0.0,0.0,0.0
Shandong Province,2008,0.0,0.0,0.0,0.0,0.0,0.0,0.0,0.0,0.0,0.0,0.0,0.0
Shandong Province,2009,0.0,0.0,0.0,0.0,0.0,0.0,0.0,0.0,0.0,0.0,0.0,0.0
Shandong Province,2010,0.0,0.0,0.0,0.0,0.0,0.0,0.0,0.0,0.0,0.0,0.0,0.0
Shandong Province,2011,0.0,0.0,0.0,0.0,0.0,0.0,0.0,0.0,0.0,0.0,0.0,0.0
Shandong Province,2012,0.0,0.0,0.0,0.0,0.0,0.0,0.0,0.0,0.0,0.0,0.0,0.0
Shandong Province,2013,0.0,0.0,0.0,0.0,0.0,0.0,0.0,0.0,0.0,0.0,0.0,0.0
Shandong Province,2014,0.0,0.0,0.0,0.0,0.0,0.0,0.0,0.0,0.0,0.0,0.0,0.0
Shandong Province,2015,0.0,0.0,0.0,0.0,0.0,0.0,0.0,0.0,0.0,0.0,0.0,0.0
Shandong Province,2016,0.0,0.0,0.0,0.0,0.0,0.0,0.0,0.0,0.0,0.0,0.0,0.0
Shandong Province,2017,0.0,0.0,0.0,0.0,0.0,0.0,0.0,0.0,0.0,0.0,0.0,0.0
Shandong Province,2018,0.0,0.0,0.0,0.0,0.0,0.0,0.0,0.0,0.0,0.0,0.0,0.0
Shandong Province,2019,0.0,0.0,0.0,0.0,0.0,0.0,0.0,0.0,0.0,0.0,0.0,0.0
Shandong Province,2020,0.0,0.0,0.0,0.0,0.0,0.0,0.0,0.0,0.0,0.0,0.0,0.0
Shandong Province,2021,0.0,0.0,0.0,0.0,0.0,0.0,0.0,0.0,0.0,0.0,0.0,0.0
Shandong Province,2022,0.0,0.0,0.0,0.0,0.0,0.0,0.0,0.0,0.0,0.0,0.0,0.0
Shandong Province,2023,0.0,0.0,0.0,0.0,0.0,0.0,0.0,0.0,0.0,0.0,0.0,0.0
Shandong Province,2024,0.0,0.0,0.0,0.0,0.0,0.0,0.0,0.0,0.0,0.0,0.0,0.0
Shandong Province,2025,0.0,0.0,0.0,0.0,0.0,0.0,0.0,0.0,0.0,0.0,0.0,0.0
Shanghai Municipality,1989,0.0,0.0,0.0,0.0,0.0,0.0,0.0,0.0,0.0,0.0,0.0,0.0
Shanghai Municipality,1990,0.0,0.0,0.0,0.0,0.0,0.0,0.0,0.0,0.0,0.0,0.0,0.0
Shanghai Municipality,1991,0.0,0.0,0.0,0.0,0.0,0.0,0.0,0.0,0.0,0.0,0.0,0.0
Shanghai Municipality,1992,0.0,0.0,0.0,0.0,0.0,0.0,0.0,0.0,0.0,0.0,0.0,0.0
Shanghai Municipality,1993,0.0,0.0,0.0,0.0,0.0,0.0,0.0,0.0,0.0,0.0,0.0,0.0
Shanghai Municipality,1994,0.0,0.0,0.0,0.0,0.0,0.0,0.0,0.0,0.0,0.0,0.0,0.0
Shanghai Municipality,1995,0.0,0.0,0.0,0.0,0.0,0.0,0.0,0.0,0.0,0.0,0.0,0.0
Shanghai Municipality,1996,0.0,0.0,0.0,0.0,0.0,0.0,0.0,0.0,0.0,0.0,0.0,0.0
Shanghai Municipality,1997,0.0,0.0,0.0,0.0,0.0,0.0,0.0,0.0,0.0,0.0,0.0,0.0
Shanghai Municipality,1998,0.0,0.0,0.0,0.0,0.0,0.0,0.0,0.0,0.0,0.0,0.0,0.0
Shanghai Municipality,1999,0.0,0.0,0.0,0.0,0.0,0.0,0.0,0.0,0.0,0.0,0.0,0.0
Shanghai Municipality,2000,0.0,0.0,0.0,0.0,0.0,0.0,0.0,0.0,0.0,0.0,0.0,0.0
Shanghai Municipality,2001,0.0,0.0,0.0,0.0,0.0,0.0,0.0,0.0,0.0,0.0,0.0,0.0
Shanghai Municipality,2002,0.0,0.0,0.0,0.0,0.0,0.0,0.0,0.0,0.0,0.0,0.0,0.0
Shanghai Municipality,2003,0.0,0.0,0.0,0.0,0.0,0.0,0.0,0.0,0.0,0.0,0.0,0.0
Shanghai Municipality,2004,0.0,0.0,0.0,0.0,0.0,0.0,0.0,0.0,0.0,0.0,0.0,0.0
Shanghai Municipality,2005,0.0,0.0,0.0,0.0,0.0,0.0,0.0,0.0,0.0,0.0,0.0,0.0
Shanghai Municipality,2006,0.0,0.0,0.0,0.0,0.0,0.0,0.0,0.0,0.0,0.0,0.0,0.0
Shanghai Municipality,2007,0.0,0.0,0.0,0.0,0.0,0.0,0.0,0.0,0.0,0.0,0.0,0.0
Shanghai Municipality,2008,0.0,0.0,0.0,0.0,0.0,0.0,0.0,0.0,0.0,0.0,0.0,0.0
Shanghai Municipality,2009,0.0,0.0,0.0,0.0,0.0,0.0,0.0,0.0,0.0,0.0,0.0,0.0
Shanghai Municipality,2010,0.0,0.0,0.0,0.0,0.0,0.0,0.0,0.0,0.0,0.0,0.0,0.0
Shanghai Municipality,2011,0.0,0.0,0.0,0.0,0.0,0.0,0.0,0.0,0.0,0.0,0.0,0.0
Shanghai Municipality,2012,0.0,0.0,0.0,0.0,0.0,0.0,0.0,0.0,0.0,0.0,0.0,0.0
Shanghai Municipality,2013,0.0,0.0,0.0,2.673497770704777,0.0,2.673497770704777,0.038402853609366606,0.0,0.038402853609366606,0.046439903062675404,0.0,0.046439903062675404
Shanghai Municipality,2014,0.0,0.0,0.0,3.294563278638116,0.0,3.294563278638116,0.04732400852647114,0.0,0.04732400852647114,0.05722810056934183,0.0,0.05722810056934183
Shanghai Municipality,2015,0.0,0.0,0.0,2.1463555202043407,0.0,2.1463555202043407,0.030830838065121834,0.0,0.030830838065121834,0.03728319633872426,0.0,0.03728319633872426
Shanghai Municipality,2016,0.0,0.0,0.0,0.9267281553108909,0.0,0.9267281553108909,0.013311776831854501,0.0,0.013311776831854501,0.016097700237372736,0.0,0.016097700237372736
Shanghai Municipality,2017,0.0,0.0,0.0,2.9386676168074684,0.0,2.9386676168074684,0.0422118258453208,0.0,0.0422118258453208,0.05104602695142182,0.0,0.05104602695142182
Shanghai Municipality,2018,0.0,0.0,0.0,2.992459984452305,0.0,2.992459984452305,0.04298451413502202,0.0,0.04298451413502202,0.05198042546348022,0.0,0.05198042546348022
Shanghai Municipality,2019,0.0,0.0,0.0,3.325086226321978,0.0,3.325086226321978,0.04776244849992985,0.0,0.04776244849992985,0.057758298404985434,0.0,0.057758298404985434
Shanghai Municipality,2020,0.0,0.0,0.0,3.2801678774212792,0.0,3.2801678774212792,0.047117229043938585,0.0,0.047117229043938585,0.05697804573691084,0.0,0.05697804573691084
Shanghai Municipality,2021,0.0,0.0,0.0,1.4077675519495487,0.0,1.4077675519495487,0.02022155836669474,0.0,0.02022155836669474,0.024453578889681506,0.0,0.024453578889681506
Shanghai Municipality,2022,0.0,0.0,0.0,1.8929474447826458,0.0,1.8929474447826458,0.027190815121962513,0.0,0.027190815121962513,0.032881379891807845,0.0,0.032881379891807845
Shanghai Municipality,2023,0.0,0.0,0.0,0.0,0.0,0.0,0.0,0.0,0.0,0.0,0.0,0.0
Shanghai Municipality,2024,0.0,0.0,0.0,0.0,0.0,0.0,0.0,0.0,0.0,0.0,0.0,0.0
Shanghai Municipality,2025,0.0,0.0,0.0,2.1778860710067205,0.0,2.1778860710067205,0.031283751525516185,0.0,0.031283751525516185,0.037830896710432174,0.0,0.037830896710432174
Shanxi Province,1989,0.0,0.0,0.0,0.0,0.0,0.0,0.0,0.0,0.0,0.0,0.0,0.0
Shanxi Province,1990,0.0,0.0,0.0,0.0,0.0,0.0,0.0,0.0,0.0,0.0,0.0,0.0
Shanxi Province,1991,0.0,0.0,0.0,0.0,0.0,0.0,0.0,0.0,0.0,0.0,0.0,0.0
Shanxi Province,1992,0.0,0.0,0.0,0.0,0.0,0.0,0.0,0.0,0.0,0.0,0.0,0.0
Shanxi Province,1993,0.0,0.0,0.0,0.0,0.0,0.0,0.0,0.0,0.0,0.0,0.0,0.0
Shanxi Province,1994,0.0,0.0,0.0,0.0,0.0,0.0,0.0,0.0,0.0,0.0,0.0,0.0
Shanxi Province,1995,0.0,0.0,0.0,0.0,0.0,0.0,0.0,0.0,0.0,0.0,0.0,0.0
Shanxi Province,1996,0.0,0.0,0.0,0.0,0.0,0.0,0.0,0.0,0.0,0.0,0.0,0.0
Shanxi Province,1997,0.0,0.0,0.0,0.0,0.0,0.0,0.0,0.0,0.0,0.0,0.0,0.0
Shanxi Province,1998,0.0,0.0,0.0,0.0,0.0,0.0,0.0,0.0,0.0,0.0,0.0,0.0
Shanxi Province,1999,0.0,0.0,0.0,0.0,0.0,0.0,0.0,0.0,0.0,0.0,0.0,0.0
Shanxi Province,2000,0.0,0.0,0.0,0.0,0.0,0.0,0.0,0.0,0.0,0.0,0.0,0.0
Shanxi Province,2001,0.0,0.0,0.0,0.0,0.0,0.0,0.0,0.0,0.0,0.0,0.0,0.0
Shanxi Province,2002,0.0,0.0,0.0,0.0,0.0,0.0,0.0,0.0,0.0,0.0,0.0,0.0
Shanxi Province,2003,0.0,0.0,0.0,0.0,0.0,0.0,0.0,0.0,0.0,0.0,0.0,0.0
Shanxi Province,2004,0.0,0.0,0.0,0.0,0.0,0.0,0.0,0.0,0.0,0.0,0.0,0.0
Shanxi Province,2005,0.0,0.0,0.0,0.0,0.0,0.0,0.0,0.0,0.0,0.0,0.0,0.0
Shanxi Province,2006,0.0,0.0,0.0,0.0,0.0,0.0,0.0,0.0,0.0,0.0,0.0,0.0
Shanxi Province,2007,0.0,0.0,0.0,0.0,0.0,0.0,0.0,0.0,0.0,0.0,0.0,0.0
Shanxi Province,2008,0.0,0.0,0.0,0.0,0.0,0.0,0.0,0.0,0.0,0.0,0.0,0.0
Shanxi Province,2009,0.0,0.0,0.0,0.0,0.0,0.0,0.0,0.0,0.0,0.0,0.0,0.0
Shanxi Province,2010,0.0,0.0,0.0,0.0,0.0,0.0,0.0,0.0,0.0,0.0,0.0,0.0
Shanxi Province,2011,0.0,0.0,0.0,0.0,0.0,0.0,0.0,0.0,0.0,0.0,0.0,0.0
Shanxi Province,2012,0.0,0.0,0.0,0.0,0.0,0.0,0.0,0.0,0.0,0.0,0.0,0.0
Shanxi Province,2013,0.0,0.0,0.0,0.0,0.0,0.0,0.0,0.0,0.0,0.0,0.0,0.0
Shanxi Province,2014,0.0,0.0,0.0,0.0,0.0,0.0,0.0,0.0,0.0,0.0,0.0,0.0
Shanxi Province,2015,0.0,0.0,0.0,0.0,0.0,0.0,0.0,0.0,0.0,0.0,0.0,0.0
Shanxi Province,2016,0.0,0.0,0.0,0.0,0.0,0.0,0.0,0.0,0.0,0.0,0.0,0.0
Shanxi Province,2017,0.0,0.0,0.0,0.0,0.0,0.0,0.0,0.0,0.0,0.0,0.0,0.0
Shanxi Province,2018,0.0,0.0,0.0,0.0,0.0,0.0,0.0,0.0,0.0,0.0,0.0,0.0
Shanxi Province,2019,0.0,0.0,0.0,0.0,0.0,0.0,0.0,0.0,0.0,0.0,0.0,0.0
Shanxi Province,2020,0.0,0.0,0.0,0.0,0.0,0.0,0.0,0.0,0.0,0.0,0.0,0.0
Shanxi Province,2021,0.0,0.0,0.0,0.0,0.0,0.0,0.0,0.0,0.0,0.0,0.0,0.0
Shanxi Province,2022,0.0,0.0,0.0,0.0,0.0,0.0,0.0,0.0,0.0,0.0,0.0,0.0
Shanxi Province,2023,0.0,0.0,0.0,0.0,0.0,0.0,0.0,0.0,0.0,0.0,0.0,0.0
Shanxi Province,2024,0.0,0.0,0.0,0.0,0.0,0.0,0.0,0.0,0.0,0.0,0.0,0.0
Shanxi Province,2025,0.0,0.0,0.0,0.0,0.0,0.0,0.0,0.0,0.0,0.0,0.0,0.0
Shenzhen,1989,0.0,0.0,0.0,0.0,0.0,0.0,0.0,0.0,0.0,0.0,0.0,0.0
Shenzhen,1990,0.0,0.0,0.0,0.0,0.0,0.0,0.0,0.0,0.0,0.0,0.0,0.0
Shenzhen,1991,0.0,0.0,0.0,0.0,0.0,0.0,0.0,0.0,0.0,0.0,0.0,0.0
Shenzhen,1992,0.0,0.0,0.0,0.0,0.0,0.0,0.0,0.0,0.0,0.0,0.0,0.0
Shenzhen,1993,0.0,0.0,0.0,0.0,0.0,0.0,0.0,0.0,0.0,0.0,0.0,0.0
Shenzhen,1994,0.0,0.0,0.0,0.0,0.0,0.0,0.0,0.0,0.0,0.0,0.0,0.0
Shenzhen,1995,0.0,0.0,0.0,0.0,0.0,0.0,0.0,0.0,0.0,0.0,0.0,0.0
Shenzhen,1996,0.0,0.0,0.0,0.0,0.0,0.0,0.0,0.0,0.0,0.0,0.0,0.0
Shenzhen,1997,0.0,0.0,0.0,0.0,0.0,0.0,0.0,0.0,0.0,0.0,0.0,0.0
Shenzhen,1998,0.0,0.0,0.0,0.0,0.0,0.0,0.0,0.0,0.0,0.0,0.0,0.0
Shenzhen,1999,0.0,0.0,0.0,0.0,0.0,0.0,0.0,0.0,0.0,0.0,0.0,0.0
Shenzhen,2000,0.0,0.0,0.0,0.0,0.0,0.0,0.0,0.0,0.0,0.0,0.0,0.0
Shenzhen,2001,0.0,0.0,0.0,0.0,0.0,0.0,0.0,0.0,0.0,0.0,0.0,0.0
Shenzhen,2002,0.0,0.0,0.0,0.0,0.0,0.0,0.0,0.0,0.0,0.0,0.0,0.0
Shenzhen,2003,0.0,0.0,0.0,0.0,0.0,0.0,0.0,0.0,0.0,0.0,0.0,0.0
Shenzhen,2004,0.0,0.0,0.0,0.0,0.0,0.0,0.0,0.0,0.0,0.0,0.0,0.0
Shenzhen,2005,0.0,0.0,0.0,0.0,0.0,0.0,0.0,0.0,0.0,0.0,0.0,0.0
Shenzhen,2006,0.0,0.0,0.0,0.0,0.0,0.0,0.0,0.0,0.0,0.0,0.0,0.0
Shenzhen,2007,0.0,0.0,0.0,0.0,0.0,0.0,0.0,0.0,0.0,0.0,0.0,0.0
Shenzhen,2008,0.0,0.0,0.0,0.0,0.0,0.0,0.0,0.0,0.0,0.0,0.0,0.0
Shenzhen,2009,0.0,0.0,0.0,0.0,0.0,0.0,0.0,0.0,0.0,0.0,0.0,0.0
Shenzhen,2010,0.0,0.0,0.0,0.0,0.0,0.0,0.0,0.0,0.0,0.0,0.0,0.0
Shenzhen,2011,0.0,0.0,0.0,0.0,0.0,0.0,0.0,0.0,0.0,0.0,0.0,0.0
Shenzhen,2012,0.0,0.0,0.0,0.0,0.0,0.0,0.0,0.0,0.0,0.0,0.0,0.0
Shenzhen,2013,0.0,0.0,0.0,0.0,0.0,0.0,0.0,0.0,0.0,0.0,0.0,0.0
Shenzhen,2014,0.0,0.0,0.0,0.0,0.0,0.0,0.0,0.0,0.0,0.0,0.0,0.0
Shenzhen,2015,0.0,0.0,0.0,0.0,0.0,0.0,0.0,0.0,0.0,0.0,0.0,0.0
Shenzhen,2016,0.0,0.0,0.0,0.0,0.0,0.0,0.0,0.0,0.0,0.0,0.0,0.0
Shenzhen,2017,0.0,0.0,0.0,0.0,0.0,0.0,0.0,0.0,0.0,0.0,0.0,0.0
Shenzhen,2018,0.0,0.0,0.0,0.0,0.0,0.0,0.0,0.0,0.0,0.0,0.0,0.0
Shenzhen,2019,0.0,0.0,0.0,0.0,0.0,0.0,0.0,0.0,0.0,0.0,0.0,0.0
Shenzhen,2020,0.0,0.0,0.0,0.0,0.0,0.0,0.0,0.0,0.0,0.0,0.0,0.0
Shenzhen,2021,0.0,0.0,0.0,0.0,0.0,0.0,0.0,0.0,0.0,0.0,0.0,0.0
Shenzhen,2022,0.0,0.0,0.0,0.0,0.0,0.0,0.0,0.0,0.0,0.0,0.0,0.0
Shenzhen,2023,0.0,0.0,0.0,0.0,0.0,0.0,0.0,0.0,0.0,0.0,0.0,0.0
Shenzhen,2024,0.0,0.0,0.0,0.0,0.0,0.0,0.0,0.0,0.0,0.0,0.0,0.0
Shenzhen,2025,0.0,0.0,0.0,0.0,0.0,0.0,0.0,0.0,0.0,0.0,0.0,0.0
Shiga,1989,0.0,0.0,0.0,0.0,0.0,0.0,0.0,0.0,0.0,0.0,0.0,0.0
Shiga,1990,0.0,0.0,0.0,0.0,0.0,0.0,0.0,0.0,0.0,0.0,0.0,0.0
Shiga,1991,0.0,0.0,0.0,0.0,0.0,0.0,0.0,0.0,0.0,0.0,0.0,0.0
Shiga,1992,0.0,0.0,0.0,0.0,0.0,0.0,0.0,0.0,0.0,0.0,0.0,0.0
Shiga,1993,0.0,0.0,0.0,0.0,0.0,0.0,0.0,0.0,0.0,0.0,0.0,0.0
Shiga,1994,0.0,0.0,0.0,0.0,0.0,0.0,0.0,0.0,0.0,0.0,0.0,0.0
Shiga,1995,0.0,0.0,0.0,0.0,0.0,0.0,0.0,0.0,0.0,0.0,0.0,0.0
Shiga,1996,0.0,0.0,0.0,0.0,0.0,0.0,0.0,0.0,0.0,0.0,0.0,0.0
Shiga,1997,0.0,0.0,0.0,0.0,0.0,0.0,0.0,0.0,0.0,0.0,0.0,0.0
Shiga,1998,0.0,0.0,0.0,0.0,0.0,0.0,0.0,0.0,0.0,0.0,0.0,0.0
Shiga,1999,0.0,0.0,0.0,0.0,0.0,0.0,0.0,0.0,0.0,0.0,0.0,0.0
Shiga,2000,0.0,0.0,0.0,0.0,0.0,0.0,0.0,0.0,0.0,0.0,0.0,0.0
Shiga,2001,0.0,0.0,0.0,0.0,0.0,0.0,0.0,0.0,0.0,0.0,0.0,0.0
Shiga,2002,0.0,0.0,0.0,0.0,0.0,0.0,0.0,0.0,0.0,0.0,0.0,0.0
Shiga,2003,0.0,0.0,0.0,0.0,0.0,0.0,0.0,0.0,0.0,0.0,0.0,0.0
Shiga,2004,0.0,0.0,0.0,0.0,0.0,0.0,0.0,0.0,0.0,0.0,0.0,0.0
Shiga,2005,0.0,0.0,0.0,0.0,0.0,0.0,0.0,0.0,0.0,0.0,0.0,0.0
Shiga,2006,0.0,0.0,0.0,0.0,0.0,0.0,0.0,0.0,0.0,0.0,0.0,0.0
Shiga,2007,0.0,0.0,0.0,0.0,0.0,0.0,0.0,0.0,0.0,0.0,0.0,0.0
Shiga,2008,0.0,0.0,0.0,0.0,0.0,0.0,0.0,0.0,0.0,0.0,0.0,0.0
Shiga,2009,0.0,0.0,0.0,0.0,0.0,0.0,0.0,0.0,0.0,0.0,0.0,0.0
Shiga,2010,0.0,0.0,0.0,0.0,0.0,0.0,0.0,0.0,0.0,0.0,0.0,0.0
Shiga,2011,0.0,0.0,0.0,0.0,0.0,0.0,0.0,0.0,0.0,0.0,0.0,0.0
Shiga,2012,0.0,0.0,0.0,0.0,0.0,0.0,0.0,0.0,0.0,0.0,0.0,0.0
Shiga,2013,0.0,0.0,0.0,0.0,0.0,0.0,0.0,0.0,0.0,0.0,0.0,0.0
Shiga,2014,0.0,0.0,0.0,0.0,0.0,0.0,0.0,0.0,0.0,0.0,0.0,0.0
Shiga,2015,0.0,0.0,0.0,0.0,0.0,0.0,0.0,0.0,0.0,0.0,0.0,0.0
Shiga,2016,0.0,0.0,0.0,0.0,0.0,0.0,0.0,0.0,0.0,0.0,0.0,0.0
Shiga,2017,0.0,0.0,0.0,0.0,0.0,0.0,0.0,0.0,0.0,0.0,0.0,0.0
Shiga,2018,0.0,0.0,0.0,0.0,0.0,0.0,0.0,0.0,0.0,0.0,0.0,0.0
Shiga,2019,0.0,0.0,0.0,0.0,0.0,0.0,0.0,0.0,0.0,0.0,0.0,0.0
Shiga,2020,0.0,0.0,0.0,0.0,0.0,0.0,0.0,0.0,0.0,0.0,0.0,0.0
Shiga,2021,0.0,0.0,0.0,0.0,0.0,0.0,0.0,0.0,0.0,0.0,0.0,0.0
Shiga,2022,0.0,0.0,0.0,0.0,0.0,0.0,0.0,0.0,0.0,0.0,0.0,0.0
Shiga,2023,0.0,0.0,0.0,0.0,0.0,0.0,0.0,0.0,0.0,0.0,0.0,0.0
Shiga,2024,0.0,0.0,0.0,0.0,0.0,0.0,0.0,0.0,0.0,0.0,0.0,0.0
Shiga,2025,0.0,0.0,0.0,0.0,0.0,0.0,0.0,0.0,0.0,0.0,0.0,0.0
Shimane,1989,0.0,0.0,0.0,0.0,0.0,0.0,0.0,0.0,0.0,0.0,0.0,0.0
Shimane,1990,0.0,0.0,0.0,0.0,0.0,0.0,0.0,0.0,0.0,0.0,0.0,0.0
Shimane,1991,0.0,0.0,0.0,0.0,0.0,0.0,0.0,0.0,0.0,0.0,0.0,0.0
Shimane,1992,0.0,0.0,0.0,0.0,0.0,0.0,0.0,0.0,0.0,0.0,0.0,0.0
Shimane,1993,0.0,0.0,0.0,0.0,0.0,0.0,0.0,0.0,0.0,0.0,0.0,0.0
Shimane,1994,0.0,0.0,0.0,0.0,0.0,0.0,0.0,0.0,0.0,0.0,0.0,0.0
Shimane,1995,0.0,0.0,0.0,0.0,0.0,0.0,0.0,0.0,0.0,0.0,0.0,0.0
Shimane,1996,0.0,0.0,0.0,0.0,0.0,0.0,0.0,0.0,0.0,0.0,0.0,0.0
Shimane,1997,0.0,0.0,0.0,0.0,0.0,0.0,0.0,0.0,0.0,0.0,0.0,0.0
Shimane,1998,0.0,0.0,0.0,0.0,0.0,0.0,0.0,0.0,0.0,0.0,0.0,0.0
Shimane,1999,0.0,0.0,0.0,0.0,0.0,0.0,0.0,0.0,0.0,0.0,0.0,0.0
Shimane,2000,0.0,0.0,0.0,0.0,0.0,0.0,0.0,0.0,0.0,0.0,0.0,0.0
Shimane,2001,0.0,0.0,0.0,0.0,0.0,0.0,0.0,0.0,0.0,0.0,0.0,0.0
Shimane,2002,0.0,0.0,0.0,0.0,0.0,0.0,0.0,0.0,0.0,0.0,0.0,0.0
Shimane,2003,0.0,0.0,0.0,0.0,0.0,0.0,0.0,0.0,0.0,0.0,0.0,0.0
Shimane,2004,0.0,0.0,0.0,0.0,0.0,0.0,0.0,0.0,0.0,0.0,0.0,0.0
Shimane,2005,0.0,0.0,0.0,0.0,0.0,0.0,0.0,0.0,0.0,0.0,0.0,0.0
Shimane,2006,0.0,0.0,0.0,0.0,0.0,0.0,0.0,0.0,0.0,0.0,0.0,0.0
Shimane,2007,0.0,0.0,0.0,0.0,0.0,0.0,0.0,0.0,0.0,0.0,0.0,0.0
Shimane,2008,0.0,0.0,0.0,0.0,0.0,0.0,0.0,0.0,0.0,0.0,0.0,0.0
Shimane,2009,0.0,0.0,0.0,0.0,0.0,0.0,0.0,0.0,0.0,0.0,0.0,0.0
Shimane,2010,0.0,0.0,0.0,0.0,0.0,0.0,0.0,0.0,0.0,0.0,0.0,0.0
Shimane,2011,0.0,0.0,0.0,0.0,0.0,0.0,0.0,0.0,0.0,0.0,0.0,0.0
Shimane,2012,0.0,0.0,0.0,0.0,0.0,0.0,0.0,0.0,0.0,0.0,0.0,0.0
Shimane,2013,0.0,0.0,0.0,0.0,0.0,0.0,0.0,0.0,0.0,0.0,0.0,0.0
Shimane,2014,0.0,0.0,0.0,0.0,0.0,0.0,0.0,0.0,0.0,0.0,0.0,0.0
Shimane,2015,0.0,0.0,0.0,0.0,0.0,0.0,0.0,0.0,0.0,0.0,0.0,0.0
Shimane,2016,0.0,0.0,0.0,0.0,0.0,0.0,0.0,0.0,0.0,0.0,0.0,0.0
Shimane,2017,0.0,0.0,0.0,0.0,0.0,0.0,0.0,0.0,0.0,0.0,0.0,0.0
Shimane,2018,0.0,0.0,0.0,0.0,0.0,0.0,0.0,0.0,0.0,0.0,0.0,0.0
Shimane,2019,0.0,0.0,0.0,0.0,0.0,0.0,0.0,0.0,0.0,0.0,0.0,0.0
Shimane,2020,0.0,0.0,0.0,0.0,0.0,0.0,0.0,0.0,0.0,0.0,0.0,0.0
Shimane,2021,0.0,0.0,0.0,0.0,0.0,0.0,0.0,0.0,0.0,0.0,0.0,0.0
Shimane,2022,0.0,0.0,0.0,0.0,0.0,0.0,0.0,0.0,0.0,0.0,0.0,0.0
Shimane,2023,0.0,0.0,0.0,0.0,0.0,0.0,0.0,0.0,0.0,0.0,0.0,0.0
Shimane,2024,0.0,0.0,0.0,0.0,0.0,0.0,0.0,0.0,0.0,0.0,0.0,0.0
Shimane,2025,0.0,0.0,0.0,0.0,0.0,0.0,0.0,0.0,0.0,0.0,0.0,0.0
Shizuoka,1989,0.0,0.0,0.0,0.0,0.0,0.0,0.0,0.0,0.0,0.0,0.0,0.0
Shizuoka,1990,0.0,0.0,0.0,0.0,0.0,0.0,0.0,0.0,0.0,0.0,0.0,0.0
Shizuoka,1991,0.0,0.0,0.0,0.0,0.0,0.0,0.0,0.0,0.0,0.0,0.0,0.0
Shizuoka,1992,0.0,0.0,0.0,0.0,0.0,0.0,0.0,0.0,0.0,0.0,0.0,0.0
Shizuoka,1993,0.0,0.0,0.0,0.0,0.0,0.0,0.0,0.0,0.0,0.0,0.0,0.0
Shizuoka,1994,0.0,0.0,0.0,0.0,0.0,0.0,0.0,0.0,0.0,0.0,0.0,0.0
Shizuoka,1995,0.0,0.0,0.0,0.0,0.0,0.0,0.0,0.0,0.0,0.0,0.0,0.0
Shizuoka,1996,0.0,0.0,0.0,0.0,0.0,0.0,0.0,0.0,0.0,0.0,0.0,0.0
Shizuoka,1997,0.0,0.0,0.0,0.0,0.0,0.0,0.0,0.0,0.0,0.0,0.0,0.0
Shizuoka,1998,0.0,0.0,0.0,0.0,0.0,0.0,0.0,0.0,0.0,0.0,0.0,0.0
Shizuoka,1999,0.0,0.0,0.0,0.0,0.0,0.0,0.0,0.0,0.0,0.0,0.0,0.0
Shizuoka,2000,0.0,0.0,0.0,0.0,0.0,0.0,0.0,0.0,0.0,0.0,0.0,0.0
Shizuoka,2001,0.0,0.0,0.0,0.0,0.0,0.0,0.0,0.0,0.0,0.0,0.0,0.0
Shizuoka,2002,0.0,0.0,0.0,0.0,0.0,0.0,0.0,0.0,0.0,0.0,0.0,0.0
Shizuoka,2003,0.0,0.0,0.0,0.0,0.0,0.0,0.0,0.0,0.0,0.0,0.0,0.0
Shizuoka,2004,0.0,0.0,0.0,0.0,0.0,0.0,0.0,0.0,0.0,0.0,0.0,0.0
Shizuoka,2005,0.0,0.0,0.0,0.0,0.0,0.0,0.0,0.0,0.0,0.0,0.0,0.0
Shizuoka,2006,0.0,0.0,0.0,0.0,0.0,0.0,0.0,0.0,0.0,0.0,0.0,0.0
Shizuoka,2007,0.0,0.0,0.0,0.0,0.0,0.0,0.0,0.0,0.0,0.0,0.0,0.0
Shizuoka,2008,0.0,0.0,0.0,0.0,0.0,0.0,0.0,0.0,0.0,0.0,0.0,0.0
Shizuoka,2009,0.0,0.0,0.0,0.0,0.0,0.0,0.0,0.0,0.0,0.0,0.0,0.0
Shizuoka,2010,0.0,0.0,0.0,0.0,0.0,0.0,0.0,0.0,0.0,0.0,0.0,0.0
Shizuoka,2011,0.0,0.0,0.0,0.0,0.0,0.0,0.0,0.0,0.0,0.0,0.0,0.0
Shizuoka,2012,0.0,0.0,0.0,0.0,0.0,0.0,0.0,0.0,0.0,0.0,0.0,0.0
Shizuoka,2013,0.0,0.0,0.0,0.0,0.0,0.0,0.0,0.0,0.0,0.0,0.0,0.0
Shizuoka,2014,0.0,0.0,0.0,0.0,0.0,0.0,0.0,0.0,0.0,0.0,0.0,0.0
Shizuoka,2015,0.0,0.0,0.0,0.0,0.0,0.0,0.0,0.0,0.0,0.0,0.0,0.0
Shizuoka,2016,0.0,0.0,0.0,0.0,0.0,0.0,0.0,0.0,0.0,0.0,0.0,0.0
Shizuoka,2017,0.0,0.0,0.0,0.0,0.0,0.0,0.0,0.0,0.0,0.0,0.0,0.0
Shizuoka,2018,0.0,0.0,0.0,0.0,0.0,0.0,0.0,0.0,0.0,0.0,0.0,0.0
Shizuoka,2019,0.0,0.0,0.0,0.0,0.0,0.0,0.0,0.0,0.0,0.0,0.0,0.0
Shizuoka,2020,0.0,0.0,0.0,0.0,0.0,0.0,0.0,0.0,0.0,0.0,0.0,0.0
Shizuoka,2021,0.0,0.0,0.0,0.0,0.0,0.0,0.0,0.0,0.0,0.0,0.0,0.0
Shizuoka,2022,0.0,0.0,0.0,0.0,0.0,0.0,0.0,0.0,0.0,0.0,0.0,0.0
Shizuoka,2023,0.0,0.0,0.0,0.0,0.0,0.0,0.0,0.0,0.0,0.0,0.0,0.0
Shizuoka,2024,0.0,0.0,0.0,0.0,0.0,0.0,0.0,0.0,0.0,0.0,0.0,0.0
Shizuoka,2025,0.0,0.0,0.0,0.0,0.0,0.0,0.0,0.0,0.0,0.0,0.0,0.0
Sichuan Province,1989,0.0,0.0,0.0,0.0,0.0,0.0,0.0,0.0,0.0,0.0,0.0,0.0
Sichuan Province,1990,0.0,0.0,0.0,0.0,0.0,0.0,0.0,0.0,0.0,0.0,0.0,0.0
Sichuan Province,1991,0.0,0.0,0.0,0.0,0.0,0.0,0.0,0.0,0.0,0.0,0.0,0.0
Sichuan Province,1992,0.0,0.0,0.0,0.0,0.0,0.0,0.0,0.0,0.0,0.0,0.0,0.0
Sichuan Province,1993,0.0,0.0,0.0,0.0,0.0,0.0,0.0,0.0,0.0,0.0,0.0,0.0
Sichuan Province,1994,0.0,0.0,0.0,0.0,0.0,0.0,0.0,0.0,0.0,0.0,0.0,0.0
Sichuan Province,1995,0.0,0.0,0.0,0.0,0.0,0.0,0.0,0.0,0.0,0.0,0.0,0.0
Sichuan Province,1996,0.0,0.0,0.0,0.0,0.0,0.0,0.0,0.0,0.0,0.0,0.0,0.0
Sichuan Province,1997,0.0,0.0,0.0,0.0,0.0,0.0,0.0,0.0,0.0,0.0,0.0,0.0
Sichuan Province,1998,0.0,0.0,0.0,0.0,0.0,0.0,0.0,0.0,0.0,0.0,0.0,0.0
Sichuan Province,1999,0.0,0.0,0.0,0.0,0.0,0.0,0.0,0.0,0.0,0.0,0.0,0.0
Sichuan Province,2000,0.0,0.0,0.0,0.0,0.0,0.0,0.0,0.0,0.0,0.0,0.0,0.0
Sichuan Province,2001,0.0,0.0,0.0,0.0,0.0,0.0,0.0,0.0,0.0,0.0,0.0,0.0
Sichuan Province,2002,0.0,0.0,0.0,0.0,0.0,0.0,0.0,0.0,0.0,0.0,0.0,0.0
Sichuan Province,2003,0.0,0.0,0.0,0.0,0.0,0.0,0.0,0.0,0.0,0.0,0.0,0.0
Sichuan Province,2004,0.0,0.0,0.0,0.0,0.0,0.0,0.0,0.0,0.0,0.0,0.0,0.0
Sichuan Province,2005,0.0,0.0,0.0,0.0,0.0,0.0,0.0,0.0,0.0,0.0,0.0,0.0
Sichuan Province,2006,0.0,0.0,0.0,0.0,0.0,0.0,0.0,0.0,0.0,0.0,0.0,0.0
Sichuan Province,2007,0.0,0.0,0.0,0.0,0.0,0.0,0.0,0.0,0.0,0.0,0.0,0.0
Sichuan Province,2008,0.0,0.0,0.0,0.0,0.0,0.0,0.0,0.0,0.0,0.0,0.0,0.0
Sichuan Province,2009,0.0,0.0,0.0,0.0,0.0,0.0,0.0,0.0,0.0,0.0,0.0,0.0
Sichuan Province,2010,0.0,0.0,0.0,0.0,0.0,0.0,0.0,0.0,0.0,0.0,0.0,0.0
Sichuan Province,2011,0.0,0.0,0.0,0.0,0.0,0.0,0.0,0.0,0.0,0.0,0.0,0.0
Sichuan Province,2012,0.0,0.0,0.0,0.0,0.0,0.0,0.0,0.0,0.0,0.0,0.0,0.0
Sichuan Province,2013,0.0,0.0,0.0,0.0,0.0,0.0,0.0,0.0,0.0,0.0,0.0,0.0
Sichuan Province,2014,0.0,0.0,0.0,0.0,0.0,0.0,0.0,0.0,0.0,0.0,0.0,0.0
Sichuan Province,2015,0.0,0.0,0.0,0.0,0.0,0.0,0.0,0.0,0.0,0.0,0.0,0.0
Sichuan Province,2016,0.0,0.0,0.0,0.0,0.0,0.0,0.0,0.0,0.0,0.0,0.0,0.0
Sichuan Province,2017,0.0,0.0,0.0,0.0,0.0,0.0,0.0,0.0,0.0,0.0,0.0,0.0
Sichuan Province,2018,0.0,0.0,0.0,0.0,0.0,0.0,0.0,0.0,0.0,0.0,0.0,0.0
Sichuan Province,2019,0.0,0.0,0.0,0.0,0.0,0.0,0.0,0.0,0.0,0.0,0.0,0.0
Sichuan Province,2020,0.0,0.0,0.0,0.0,0.0,0.0,0.0,0.0,0.0,0.0,0.0,0.0
Sichuan Province,2021,0.0,0.0,0.0,0.0,0.0,0.0,0.0,0.0,0.0,0.0,0.0,0.0
Sichuan Province,2022,0.0,0.0,0.0,0.0,0.0,0.0,0.0,0.0,0.0,0.0,0.0,0.0
Sichuan Province,2023,0.0,0.0,0.0,0.0,0.0,0.0,0.0,0.0,0.0,0.0,0.0,0.0
Sichuan Province,2024,0.0,0.0,0.0,0.0,0.0,0.0,0.0,0.0,0.0,0.0,0.0,0.0
Sichuan Province,2025,0.0,0.0,0.0,0.0,0.0,0.0,0.0,0.0,0.0,0.0,0.0,0.0
Sierra Leone,1989,0.0,0.0,0.0,0.0,0.0,0.0,NA,NA,NA,NA,NA,NA
Sierra Leone,1990,0.0,0.0,0.0,0.0,0.0,0.0,NA,NA,NA,NA,NA,NA
Sierra Leone,1991,0.0,0.0,0.0,0.0,0.0,0.0,NA,NA,NA,NA,NA,NA
Sierra Leone,1992,0.0,0.0,0.0,0.0,0.0,0.0,NA,NA,NA,NA,NA,NA
Sierra Leone,1993,0.0,0.0,0.0,0.0,0.0,0.0,NA,NA,NA,NA,NA,NA
Sierra Leone,1994,0.0,0.0,0.0,0.0,0.0,0.0,NA,NA,NA,NA,NA,NA
Sierra Leone,1995,0.0,0.0,0.0,0.0,0.0,0.0,NA,NA,NA,NA,NA,NA
Sierra Leone,1996,0.0,0.0,0.0,0.0,0.0,0.0,NA,NA,NA,NA,NA,NA
Sierra Leone,1997,0.0,0.0,0.0,0.0,0.0,0.0,NA,NA,NA,NA,NA,NA
Sierra Leone,1998,0.0,0.0,0.0,0.0,0.0,0.0,NA,NA,NA,NA,NA,NA
Sierra Leone,1999,0.0,0.0,0.0,0.0,0.0,0.0,NA,NA,NA,NA,NA,NA
Sierra Leone,2000,0.0,0.0,0.0,0.0,0.0,0.0,NA,NA,NA,NA,NA,NA
Sierra Leone,2001,0.0,0.0,0.0,0.0,0.0,0.0,NA,NA,NA,NA,NA,NA
Sierra Leone,2002,0.0,0.0,0.0,0.0,0.0,0.0,NA,NA,NA,NA,NA,NA
Sierra Leone,2003,0.0,0.0,0.0,0.0,0.0,0.0,NA,NA,NA,NA,NA,NA
Sierra Leone,2004,0.0,0.0,0.0,0.0,0.0,0.0,NA,NA,NA,NA,NA,NA
Sierra Leone,2005,0.0,0.0,0.0,0.0,0.0,0.0,NA,NA,NA,NA,NA,NA
Sierra Leone,2006,0.0,0.0,0.0,0.0,0.0,0.0,NA,NA,NA,NA,NA,NA
Sierra Leone,2007,0.0,0.0,0.0,0.0,0.0,0.0,NA,NA,NA,NA,NA,NA
Sierra Leone,2008,0.0,0.0,0.0,0.0,0.0,0.0,NA,NA,NA,NA,NA,NA
Sierra Leone,2009,0.0,0.0,0.0,0.0,0.0,0.0,NA,NA,NA,NA,NA,NA
Sierra Leone,2010,0.0,0.0,0.0,0.0,0.0,0.0,NA,NA,NA,NA,NA,NA
Sierra Leone,2011,0.0,0.0,0.0,0.0,0.0,0.0,NA,NA,NA,NA,NA,NA
Sierra Leone,2012,0.0,0.0,0.0,0.0,0.0,0.0,NA,NA,NA,NA,NA,NA
Sierra Leone,2013,0.0,0.0,0.0,0.0,0.0,0.0,NA,NA,NA,NA,NA,NA
Sierra Leone,2014,0.0,0.0,0.0,0.0,0.0,0.0,NA,NA,NA,NA,NA,NA
Sierra Leone,2015,0.0,0.0,0.0,0.0,0.0,0.0,NA,NA,NA,NA,NA,NA
Sierra Leone,2016,0.0,0.0,0.0,0.0,0.0,0.0,NA,NA,NA,NA,NA,NA
Sierra Leone,2017,0.0,0.0,0.0,0.0,0.0,0.0,NA,NA,NA,NA,NA,NA
Sierra Leone,2018,0.0,0.0,0.0,0.0,0.0,0.0,NA,NA,NA,NA,NA,NA
Sierra Leone,2019,0.0,0.0,0.0,0.0,0.0,0.0,NA,NA,NA,NA,NA,NA
Sierra Leone,2020,0.0,0.0,0.0,0.0,0.0,0.0,NA,NA,NA,NA,NA,NA
Sierra Leone,2021,0.0,0.0,0.0,0.0,0.0,0.0,NA,NA,NA,NA,NA,NA
Sierra Leone,2022,0.0,0.0,0.0,0.0,0.0,0.0,NA,NA,NA,NA,NA,NA
Sierra Leone,2023,0.0,0.0,0.0,0.0,0.0,0.0,NA,NA,NA,NA,NA,NA
Sierra Leone,2024,0.0,0.0,0.0,0.0,0.0,0.0,NA,NA,NA,NA,NA,NA
Sierra Leone,2025,0.0,0.0,0.0,0.0,0.0,0.0,NA,NA,NA,NA,NA,NA
Sinaloa,1989,0.0,0.0,0.0,0.0,0.0,0.0,0.0,0.0,0.0,0.0,0.0,0.0
Sinaloa,1990,0.0,0.0,0.0,0.0,0.0,0.0,0.0,0.0,0.0,0.0,0.0,0.0
Sinaloa,1991,0.0,0.0,0.0,0.0,0.0,0.0,0.0,0.0,0.0,0.0,0.0,0.0
Sinaloa,1992,0.0,0.0,0.0,0.0,0.0,0.0,0.0,0.0,0.0,0.0,0.0,0.0
Sinaloa,1993,0.0,0.0,0.0,0.0,0.0,0.0,0.0,0.0,0.0,0.0,0.0,0.0
Sinaloa,1994,0.0,0.0,0.0,0.0,0.0,0.0,0.0,0.0,0.0,0.0,0.0,0.0
Sinaloa,1995,0.0,0.0,0.0,0.0,0.0,0.0,0.0,0.0,0.0,0.0,0.0,0.0
Sinaloa,1996,0.0,0.0,0.0,0.0,0.0,0.0,0.0,0.0,0.0,0.0,0.0,0.0
Sinaloa,1997,0.0,0.0,0.0,0.0,0.0,0.0,0.0,0.0,0.0,0.0,0.0,0.0
Sinaloa,1998,0.0,0.0,0.0,0.0,0.0,0.0,0.0,0.0,0.0,0.0,0.0,0.0
Sinaloa,1999,0.0,0.0,0.0,0.0,0.0,0.0,0.0,0.0,0.0,0.0,0.0,0.0
Sinaloa,2000,0.0,0.0,0.0,0.0,0.0,0.0,0.0,0.0,0.0,0.0,0.0,0.0
Sinaloa,2001,0.0,0.0,0.0,0.0,0.0,0.0,0.0,0.0,0.0,0.0,0.0,0.0
Sinaloa,2002,0.0,0.0,0.0,0.0,0.0,0.0,0.0,0.0,0.0,0.0,0.0,0.0
Sinaloa,2003,0.0,0.0,0.0,0.0,0.0,0.0,0.0,0.0,0.0,0.0,0.0,0.0
Sinaloa,2004,0.0,0.0,0.0,0.0,0.0,0.0,0.0,0.0,0.0,0.0,0.0,0.0
Sinaloa,2005,0.0,0.0,0.0,0.0,0.0,0.0,0.0,0.0,0.0,0.0,0.0,0.0
Sinaloa,2006,0.0,0.0,0.0,0.0,0.0,0.0,0.0,0.0,0.0,0.0,0.0,0.0
Sinaloa,2007,0.0,0.0,0.0,0.0,0.0,0.0,0.0,0.0,0.0,0.0,0.0,0.0
Sinaloa,2008,0.0,0.0,0.0,0.0,0.0,0.0,0.0,0.0,0.0,0.0,0.0,0.0
Sinaloa,2009,0.0,0.0,0.0,0.0,0.0,0.0,0.0,0.0,0.0,0.0,0.0,0.0
Sinaloa,2010,0.0,0.0,0.0,0.0,0.0,0.0,0.0,0.0,0.0,0.0,0.0,0.0
Sinaloa,2011,0.0,0.0,0.0,0.0,0.0,0.0,0.0,0.0,0.0,0.0,0.0,0.0
Sinaloa,2012,0.0,0.0,0.0,0.0,0.0,0.0,0.0,0.0,0.0,0.0,0.0,0.0
Sinaloa,2013,0.0,0.0,0.0,0.0,0.0,0.0,0.0,0.0,0.0,0.0,0.0,0.0
Sinaloa,2014,0.0,0.0,0.0,0.0,0.0,0.0,0.0,0.0,0.0,0.0,0.0,0.0
Sinaloa,2015,0.0,0.0,0.0,0.0,0.0,0.0,0.0,0.0,0.0,0.0,0.0,0.0
Sinaloa,2016,0.0,0.0,0.0,0.0,0.0,0.0,0.0,0.0,0.0,0.0,0.0,0.0
Sinaloa,2017,0.0,0.0,0.0,0.0,0.0,0.0,0.0,0.0,0.0,0.0,0.0,0.0
Sinaloa,2018,0.0,0.0,0.0,0.0,0.0,0.0,0.0,0.0,0.0,0.0,0.0,0.0
Sinaloa,2019,0.0,0.0,0.0,0.0,0.0,0.0,0.0,0.0,0.0,0.0,0.0,0.0
Sinaloa,2020,0.0,0.0,0.0,0.0,0.0,0.0,0.0,0.0,0.0,0.0,0.0,0.0
Sinaloa,2021,0.0,0.0,0.0,0.0,0.0,0.0,0.0,0.0,0.0,0.0,0.0,0.0
Sinaloa,2022,0.0,0.0,0.0,0.0,0.0,0.0,0.0,0.0,0.0,0.0,0.0,0.0
Sinaloa,2023,0.0,0.0,0.0,0.0,0.0,0.0,0.0,0.0,0.0,0.0,0.0,0.0
Sinaloa,2024,0.0,0.0,0.0,0.0,0.0,0.0,0.0,0.0,0.0,0.0,0.0,0.0
Sinaloa,2025,0.0,0.0,0.0,0.0,0.0,0.0,0.0,0.0,0.0,0.0,0.0,0.0
Singapore,1989,0.0,0.0,0.0,0.0,0.0,0.0,NA,NA,NA,NA,NA,NA
Singapore,1990,0.0,0.0,0.0,0.0,0.0,0.0,NA,NA,NA,NA,NA,NA
Singapore,1991,0.0,0.0,0.0,0.0,0.0,0.0,NA,NA,NA,NA,NA,NA
Singapore,1992,0.0,0.0,0.0,0.0,0.0,0.0,NA,NA,NA,NA,NA,NA
Singapore,1993,0.0,0.0,0.0,0.0,0.0,0.0,NA,NA,NA,NA,NA,NA
Singapore,1994,0.0,0.0,0.0,0.0,0.0,0.0,NA,NA,NA,NA,NA,NA
Singapore,1995,0.0,0.0,0.0,0.0,0.0,0.0,NA,NA,NA,NA,NA,NA
Singapore,1996,0.0,0.0,0.0,0.0,0.0,0.0,NA,NA,NA,NA,NA,NA
Singapore,1997,0.0,0.0,0.0,0.0,0.0,0.0,NA,NA,NA,NA,NA,NA
Singapore,1998,0.0,0.0,0.0,0.0,0.0,0.0,NA,NA,NA,NA,NA,NA
Singapore,1999,0.0,0.0,0.0,0.0,0.0,0.0,NA,NA,NA,NA,NA,NA
Singapore,2000,0.0,0.0,0.0,0.0,0.0,0.0,NA,NA,NA,NA,NA,NA
Singapore,2001,0.0,0.0,0.0,0.0,0.0,0.0,NA,NA,NA,NA,NA,NA
Singapore,2002,0.0,0.0,0.0,0.0,0.0,0.0,NA,NA,NA,NA,NA,NA
Singapore,2003,0.0,0.0,0.0,0.0,0.0,0.0,NA,NA,NA,NA,NA,NA
Singapore,2004,0.0,0.0,0.0,0.0,0.0,0.0,NA,NA,NA,NA,NA,NA
Singapore,2005,0.0,0.0,0.0,0.0,0.0,0.0,NA,NA,NA,NA,NA,NA
Singapore,2006,0.0,0.0,0.0,0.0,0.0,0.0,NA,NA,NA,NA,NA,NA
Singapore,2007,0.0,0.0,0.0,0.0,0.0,0.0,NA,NA,NA,NA,NA,NA
Singapore,2008,0.0,0.0,0.0,0.0,0.0,0.0,NA,NA,NA,NA,NA,NA
Singapore,2009,0.0,0.0,0.0,0.0,0.0,0.0,NA,NA,NA,NA,NA,NA
Singapore,2010,0.0,0.0,0.0,0.0,0.0,0.0,NA,NA,NA,NA,NA,NA
Singapore,2011,0.0,0.0,0.0,0.0,0.0,0.0,NA,NA,NA,NA,NA,NA
Singapore,2012,0.0,0.0,0.0,0.0,0.0,0.0,NA,NA,NA,NA,NA,NA
Singapore,2013,0.0,0.0,0.0,0.0,0.0,0.0,NA,NA,NA,NA,NA,NA
Singapore,2014,0.0,0.0,0.0,0.0,0.0,0.0,NA,NA,NA,NA,NA,NA
Singapore,2015,0.0,0.0,0.0,0.0,0.0,0.0,NA,NA,NA,NA,NA,NA
Singapore,2016,0.0,0.0,0.0,0.0,0.0,0.0,NA,NA,NA,NA,NA,NA
Singapore,2017,0.0,0.0,0.0,0.0,0.0,0.0,NA,NA,NA,NA,NA,NA
Singapore,2018,0.0,0.0,0.0,0.0,0.0,0.0,NA,NA,NA,NA,NA,NA
Singapore,2019,0.0,0.0,0.0,0.0,0.0,0.0,NA,NA,NA,NA,NA,NA
Singapore,2020,0.0,0.0,0.0,0.0,0.0,0.0,NA,NA,NA,NA,NA,NA
Singapore,2021,0.0,0.0,0.0,0.0,0.0,0.0,NA,NA,NA,NA,NA,NA
Singapore,2022,0.0,0.0,0.0,0.0,0.0,0.0,NA,NA,NA,NA,NA,NA
Singapore,2023,0.0,0.0,0.0,0.0,0.0,0.0,NA,NA,NA,NA,NA,NA
Singapore,2024,0.0,0.0,0.0,0.0,0.0,0.0,NA,NA,NA,NA,NA,NA
Singapore,2025,0.0,0.0,0.0,0.0,0.0,0.0,NA,NA,NA,NA,NA,NA
Slovak Republic,1989,0.0,0.0,0.0,0.0,0.0,0.0,NA,NA,NA,NA,NA,NA
Slovak Republic,1990,0.0,0.0,0.0,0.0,0.0,0.0,NA,NA,NA,NA,NA,NA
Slovak Republic,1991,0.0,0.0,0.0,0.0,0.0,0.0,NA,NA,NA,NA,NA,NA
Slovak Republic,1992,0.0,0.0,0.0,0.0,0.0,0.0,NA,NA,NA,NA,NA,NA
Slovak Republic,1993,0.0,0.0,0.0,0.0,0.0,0.0,NA,NA,NA,NA,NA,NA
Slovak Republic,1994,0.0,0.0,0.0,0.0,0.0,0.0,NA,NA,NA,NA,NA,NA
Slovak Republic,1995,0.0,0.0,0.0,0.0,0.0,0.0,NA,NA,NA,NA,NA,NA
Slovak Republic,1996,0.0,0.0,0.0,0.0,0.0,0.0,NA,NA,NA,NA,NA,NA
Slovak Republic,1997,0.0,0.0,0.0,0.0,0.0,0.0,NA,NA,NA,NA,NA,NA
Slovak Republic,1998,0.0,0.0,0.0,0.0,0.0,0.0,NA,NA,NA,NA,NA,NA
Slovak Republic,1999,0.0,0.0,0.0,0.0,0.0,0.0,NA,NA,NA,NA,NA,NA
Slovak Republic,2000,0.0,0.0,0.0,0.0,0.0,0.0,NA,NA,NA,NA,NA,NA
Slovak Republic,2001,0.0,0.0,0.0,0.0,0.0,0.0,NA,NA,NA,NA,NA,NA
Slovak Republic,2002,0.0,0.0,0.0,0.0,0.0,0.0,NA,NA,NA,NA,NA,NA
Slovak Republic,2003,0.0,0.0,0.0,0.0,0.0,0.0,NA,NA,NA,NA,NA,NA
Slovak Republic,2004,0.0,0.0,0.0,0.0,0.0,0.0,NA,NA,NA,NA,NA,NA
Slovak Republic,2005,15.425550958655894,0.0,15.425550958655894,19.75696922089468,0.0,19.75696922089468,NA,NA,NA,NA,NA,NA
Slovak Republic,2006,12.544767009835951,0.0,12.544767009835951,16.067275416023133,0.0,16.067275416023133,NA,NA,NA,NA,NA,NA
Slovak Republic,2007,0.4721968200888208,0.0,0.4721968200888208,0.604787347025955,0.0,0.604787347025955,NA,NA,NA,NA,NA,NA
Slovak Republic,2008,12.07406171980798,0.0,12.07406171980798,15.46439841330729,0.0,15.46439841330729,NA,NA,NA,NA,NA,NA
Slovak Republic,2009,9.239154100415503,0.0,9.239154100415503,11.83346278380953,0.0,11.83346278380953,NA,NA,NA,NA,NA,NA
Slovak Republic,2010,10.028060017834322,0.0,10.028060017834322,12.843889573128143,0.0,12.843889573128143,NA,NA,NA,NA,NA,NA
Slovak Republic,2011,8.904793218818751,0.0,8.904793218818751,11.405215023707882,0.0,11.405215023707882,NA,NA,NA,NA,NA,NA
Slovak Republic,2012,5.038627443888134,0.0,5.038627443888134,6.4534490593733205,0.0,6.4534490593733205,NA,NA,NA,NA,NA,NA
Slovak Republic,2013,3.03563939256618,0.0,3.03563939256618,3.88803188977902,0.0,3.88803188977902,NA,NA,NA,NA,NA,NA
Slovak Republic,2014,4.046093235554046,0.0,4.046093235554046,5.182216164204803,0.0,5.182216164204803,NA,NA,NA,NA,NA,NA
Slovak Republic,2015,5.232236253334922,0.0,5.232236253334922,6.7014222630135984,0.0,6.7014222630135984,NA,NA,NA,NA,NA,NA
Slovak Republic,2016,3.6591560823645453,0.0,3.6591560823645453,4.686628976008077,0.0,4.686628976008077,NA,NA,NA,NA,NA,NA
Slovak Republic,2017,3.940878001404052,0.0,3.940878001404052,5.047457013738011,0.0,5.047457013738011,NA,NA,NA,NA,NA,NA
Slovak Republic,2018,10.472934564076633,0.0,10.472934564076633,13.413682687216994,0.0,13.413682687216994,NA,NA,NA,NA,NA,NA
Slovak Republic,2019,16.08448677062447,0.0,16.08448677062447,20.600930943266945,0.0,20.600930943266945,NA,NA,NA,NA,NA,NA
Slovak Republic,2020,15.630559422869254,0.0,15.630559422869254,20.019543045864832,0.0,20.019543045864832,NA,NA,NA,NA,NA,NA
Slovak Republic,2021,33.069445334857534,0.0,33.069445334857534,42.35518169717092,0.0,42.35518169717092,NA,NA,NA,NA,NA,NA
Slovak Republic,2022,46.492803286418976,0.0,46.492803286418976,59.54775203717776,0.0,59.54775203717776,NA,NA,NA,NA,NA,NA
Slovak Republic,2023,43.71585258131259,0.0,43.71585258131259,55.99104733627096,0.0,55.99104733627096,NA,NA,NA,NA,NA,NA
Slovak Republic,2024,33.84301686949861,0.0,33.84301686949861,43.345968285022934,0.0,43.345968285022934,NA,NA,NA,NA,NA,NA
Slovak Republic,2025,37.74938451247202,0.0,37.74938451247202,48.34922460271167,0.0,48.34922460271167,NA,NA,NA,NA,NA,NA
Slovenia,1989,0.0,0.0,0.0,0.0,0.0,0.0,NA,NA,NA,NA,NA,NA
Slovenia,1990,0.0,0.0,0.0,0.0,0.0,0.0,NA,NA,NA,NA,NA,NA
Slovenia,1991,0.0,0.0,0.0,0.0,0.0,0.0,NA,NA,NA,NA,NA,NA
Slovenia,1992,0.0,0.0,0.0,0.0,0.0,0.0,NA,NA,NA,NA,NA,NA
Slovenia,1993,0.0,0.0,0.0,0.0,0.0,0.0,NA,NA,NA,NA,NA,NA
Slovenia,1994,0.0,0.0,0.0,0.0,0.0,0.0,NA,NA,NA,NA,NA,NA
Slovenia,1995,0.0,0.0,0.0,0.0,0.0,0.0,NA,NA,NA,NA,NA,NA
Slovenia,1996,0.0,0.0,0.0,0.0,0.0,0.0,NA,NA,NA,NA,NA,NA
Slovenia,1997,0.0,2.03998525278352,2.03998525278352,0.0,2.647426034953187,2.647426034953187,NA,NA,NA,NA,NA,NA
Slovenia,1998,0.0,10.004285237829132,10.004285237829132,0.0,12.983233659943172,12.983233659943172,NA,NA,NA,NA,NA,NA
Slovenia,1999,0.0,9.390092823301808,9.390092823301808,0.0,12.186154864166728,12.186154864166728,NA,NA,NA,NA,NA,NA
Slovenia,2000,0.0,8.897520333594025,8.897520333594025,0.0,11.546910422779348,11.546910422779348,NA,NA,NA,NA,NA,NA
Slovenia,2001,0.0,8.23646148791933,8.23646148791933,0.0,10.68900990791665,10.68900990791665,NA,NA,NA,NA,NA,NA
Slovenia,2002,0.0,7.653294964644563,7.653294964644563,0.0,9.932195497457487,9.932195497457487,NA,NA,NA,NA,NA,NA
Slovenia,2003,0.0,7.2430858517941585,7.2430858517941585,0.0,9.399839548485115,9.399839548485115,NA,NA,NA,NA,NA,NA
Slovenia,2004,0.0,7.007753245419495,7.007753245419495,0.0,9.094432600989014,9.094432600989014,NA,NA,NA,NA,NA,NA
Slovenia,2005,11.90984099044514,6.903986473729812,18.813827464174953,15.456201493238476,8.959767483895904,24.41596897713438,NA,NA,NA,NA,NA,NA
Slovenia,2006,9.749296018839281,6.753808804798785,16.50310482363807,12.652317004509024,8.764871824697348,21.417188829206374,NA,NA,NA,NA,NA,NA
Slovenia,2007,0.35632792895251564,6.481566715479603,6.837894644432119,0.4624307135567055,8.41156495932162,8.873995672878324,NA,NA,NA,NA,NA,NA
Slovenia,2008,8.97880554750639,6.202158513163956,15.180964060670345,11.652399710642925,8.048958147247568,19.701357857890493,NA,NA,NA,NA,NA,NA
Slovenia,2009,6.612797895763737,6.037172212555303,12.64997010831904,8.581872486205848,7.834844330960921,16.41671681716677,NA,NA,NA,NA,NA,NA
Slovenia,2010,7.246834382111555,6.066989625892163,13.313824008003717,9.404704268336175,7.873540393226692,17.278244661562866,NA,NA,NA,NA,NA,NA
Slovenia,2011,6.4513038754851815,6.884072783177915,13.335376658663098,8.372290836931015,8.933924148632988,17.306214985564004,NA,NA,NA,NA,NA,NA
Slovenia,2012,3.6782141756905236,6.841204468998296,10.51941864468882,4.773465865780123,8.878291054776636,13.651756920556759,NA,NA,NA,NA,NA,NA
Slovenia,2013,2.2029069451109886,6.764575491007733,8.967482436118722,2.8588604702452267,8.778844477362776,11.637704947608004,NA,NA,NA,NA,NA,NA
Slovenia,2014,2.913878368985988,6.722121726237688,9.636000095223675,3.7815358940533774,8.723749372150307,12.505285266203684,NA,NA,NA,NA,NA,NA
Slovenia,2015,3.7287711214497206,7.9971947313504925,11.725965852800213,4.8390770138352295,10.37849734917397,15.217574363009199,NA,NA,NA,NA,NA,NA
Slovenia,2016,2.5747176463336254,7.936177219831027,10.510894866164652,3.341384218467375,10.299310821543797,13.640695040011172,NA,NA,NA,NA,NA,NA
Slovenia,2017,2.770052360130397,7.835287800499413,10.60534016062981,3.594883211232192,10.168379838084293,13.763263049316485,NA,NA,NA,NA,NA,NA
Slovenia,2018,7.356240909424036,7.6680510254600796,15.024291934884115,9.546688475528684,9.951345429802853,19.49803390533154,NA,NA,NA,NA,NA,NA
Slovenia,2019,11.304735853027701,7.492824712899599,18.7975605659273,14.670915868013001,9.7239424614488,24.3948583294618,NA,NA,NA,NA,NA,NA
Slovenia,2020,11.117959909451129,7.404743055769113,18.52270296522024,14.42852416687062,9.609632972215541,24.03815713908616,NA,NA,NA,NA,NA,NA
Slovenia,2021,23.420007438197114,7.210775760041369,30.630783198238483,30.393718457561793,9.357908569826645,39.75162702738844,NA,NA,NA,NA,NA,NA
Slovenia,2022,33.22692249145437,3.9326238320536917,37.15954632350806,43.120811557446444,5.103630383822754,48.2244419412692,NA,NA,NA,NA,NA,NA
Slovenia,2023,31.266848578111407,4.11039647671187,35.37724505482328,40.57709184107289,5.334337898560109,45.911429739633,NA,NA,NA,NA,NA,NA
Slovenia,2024,24.205509475467068,6.15137188988887,30.35688136535594,31.413117269950128,7.983048931236149,39.396166201186276,NA,NA,NA,NA,NA,NA
Slovenia,2025,26.99945717112508,11.022689513673697,38.02214668479878,35.039011064863466,14.304885368111016,49.34389643297448,NA,NA,NA,NA,NA,NA
Solomon Islands,1989,0.0,0.0,0.0,0.0,0.0,0.0,NA,NA,NA,NA,NA,NA
Solomon Islands,1990,0.0,0.0,0.0,0.0,0.0,0.0,NA,NA,NA,NA,NA,NA
Solomon Islands,1991,0.0,0.0,0.0,0.0,0.0,0.0,NA,NA,NA,NA,NA,NA
Solomon Islands,1992,0.0,0.0,0.0,0.0,0.0,0.0,NA,NA,NA,NA,NA,NA
Solomon Islands,1993,0.0,0.0,0.0,0.0,0.0,0.0,NA,NA,NA,NA,NA,NA
Solomon Islands,1994,0.0,0.0,0.0,0.0,0.0,0.0,NA,NA,NA,NA,NA,NA
Solomon Islands,1995,0.0,0.0,0.0,0.0,0.0,0.0,NA,NA,NA,NA,NA,NA
Solomon Islands,1996,0.0,0.0,0.0,0.0,0.0,0.0,NA,NA,NA,NA,NA,NA
Solomon Islands,1997,0.0,0.0,0.0,0.0,0.0,0.0,NA,NA,NA,NA,NA,NA
Solomon Islands,1998,0.0,0.0,0.0,0.0,0.0,0.0,NA,NA,NA,NA,NA,NA
Solomon Islands,1999,0.0,0.0,0.0,0.0,0.0,0.0,NA,NA,NA,NA,NA,NA
Solomon Islands,2000,0.0,0.0,0.0,0.0,0.0,0.0,NA,NA,NA,NA,NA,NA
Solomon Islands,2001,0.0,0.0,0.0,0.0,0.0,0.0,NA,NA,NA,NA,NA,NA
Solomon Islands,2002,0.0,0.0,0.0,0.0,0.0,0.0,NA,NA,NA,NA,NA,NA
Solomon Islands,2003,0.0,0.0,0.0,0.0,0.0,0.0,NA,NA,NA,NA,NA,NA
Solomon Islands,2004,0.0,0.0,0.0,0.0,0.0,0.0,NA,NA,NA,NA,NA,NA
Solomon Islands,2005,0.0,0.0,0.0,0.0,0.0,0.0,NA,NA,NA,NA,NA,NA
Solomon Islands,2006,0.0,0.0,0.0,0.0,0.0,0.0,NA,NA,NA,NA,NA,NA
Solomon Islands,2007,0.0,0.0,0.0,0.0,0.0,0.0,NA,NA,NA,NA,NA,NA
Solomon Islands,2008,0.0,0.0,0.0,0.0,0.0,0.0,NA,NA,NA,NA,NA,NA
Solomon Islands,2009,0.0,0.0,0.0,0.0,0.0,0.0,NA,NA,NA,NA,NA,NA
Solomon Islands,2010,0.0,0.0,0.0,0.0,0.0,0.0,NA,NA,NA,NA,NA,NA
Solomon Islands,2011,0.0,0.0,0.0,0.0,0.0,0.0,NA,NA,NA,NA,NA,NA
Solomon Islands,2012,0.0,0.0,0.0,0.0,0.0,0.0,NA,NA,NA,NA,NA,NA
Solomon Islands,2013,0.0,0.0,0.0,0.0,0.0,0.0,NA,NA,NA,NA,NA,NA
Solomon Islands,2014,0.0,0.0,0.0,0.0,0.0,0.0,NA,NA,NA,NA,NA,NA
Solomon Islands,2015,0.0,0.0,0.0,0.0,0.0,0.0,NA,NA,NA,NA,NA,NA
Solomon Islands,2016,0.0,0.0,0.0,0.0,0.0,0.0,NA,NA,NA,NA,NA,NA
Solomon Islands,2017,0.0,0.0,0.0,0.0,0.0,0.0,NA,NA,NA,NA,NA,NA
Solomon Islands,2018,0.0,0.0,0.0,0.0,0.0,0.0,NA,NA,NA,NA,NA,NA
Solomon Islands,2019,0.0,0.0,0.0,0.0,0.0,0.0,NA,NA,NA,NA,NA,NA
Solomon Islands,2020,0.0,0.0,0.0,0.0,0.0,0.0,NA,NA,NA,NA,NA,NA
Solomon Islands,2021,0.0,0.0,0.0,0.0,0.0,0.0,NA,NA,NA,NA,NA,NA
Solomon Islands,2022,0.0,0.0,0.0,0.0,0.0,0.0,NA,NA,NA,NA,NA,NA
Solomon Islands,2023,0.0,0.0,0.0,0.0,0.0,0.0,NA,NA,NA,NA,NA,NA
Solomon Islands,2024,0.0,0.0,0.0,0.0,0.0,0.0,NA,NA,NA,NA,NA,NA
Solomon Islands,2025,0.0,0.0,0.0,0.0,0.0,0.0,NA,NA,NA,NA,NA,NA
Somalia,1989,0.0,0.0,0.0,0.0,0.0,0.0,NA,NA,NA,NA,NA,NA
Somalia,1990,0.0,0.0,0.0,0.0,0.0,0.0,NA,NA,NA,NA,NA,NA
Somalia,1991,0.0,0.0,0.0,0.0,0.0,0.0,NA,NA,NA,NA,NA,NA
Somalia,1992,0.0,0.0,0.0,0.0,0.0,0.0,NA,NA,NA,NA,NA,NA
Somalia,1993,0.0,0.0,0.0,0.0,0.0,0.0,NA,NA,NA,NA,NA,NA
Somalia,1994,0.0,0.0,0.0,0.0,0.0,0.0,NA,NA,NA,NA,NA,NA
Somalia,1995,0.0,0.0,0.0,0.0,0.0,0.0,NA,NA,NA,NA,NA,NA
Somalia,1996,0.0,0.0,0.0,0.0,0.0,0.0,NA,NA,NA,NA,NA,NA
Somalia,1997,0.0,0.0,0.0,0.0,0.0,0.0,NA,NA,NA,NA,NA,NA
Somalia,1998,0.0,0.0,0.0,0.0,0.0,0.0,NA,NA,NA,NA,NA,NA
Somalia,1999,0.0,0.0,0.0,0.0,0.0,0.0,NA,NA,NA,NA,NA,NA
Somalia,2000,0.0,0.0,0.0,0.0,0.0,0.0,NA,NA,NA,NA,NA,NA
Somalia,2001,0.0,0.0,0.0,0.0,0.0,0.0,NA,NA,NA,NA,NA,NA
Somalia,2002,0.0,0.0,0.0,0.0,0.0,0.0,NA,NA,NA,NA,NA,NA
Somalia,2003,0.0,0.0,0.0,0.0,0.0,0.0,NA,NA,NA,NA,NA,NA
Somalia,2004,0.0,0.0,0.0,0.0,0.0,0.0,NA,NA,NA,NA,NA,NA
Somalia,2005,0.0,0.0,0.0,0.0,0.0,0.0,NA,NA,NA,NA,NA,NA
Somalia,2006,0.0,0.0,0.0,0.0,0.0,0.0,NA,NA,NA,NA,NA,NA
Somalia,2007,0.0,0.0,0.0,0.0,0.0,0.0,NA,NA,NA,NA,NA,NA
Somalia,2008,0.0,0.0,0.0,0.0,0.0,0.0,NA,NA,NA,NA,NA,NA
Somalia,2009,0.0,0.0,0.0,0.0,0.0,0.0,NA,NA,NA,NA,NA,NA
Somalia,2010,0.0,0.0,0.0,0.0,0.0,0.0,NA,NA,NA,NA,NA,NA
Somalia,2011,0.0,0.0,0.0,0.0,0.0,0.0,NA,NA,NA,NA,NA,NA
Somalia,2012,0.0,0.0,0.0,0.0,0.0,0.0,NA,NA,NA,NA,NA,NA
Somalia,2013,0.0,0.0,0.0,0.0,0.0,0.0,NA,NA,NA,NA,NA,NA
Somalia,2014,0.0,0.0,0.0,0.0,0.0,0.0,NA,NA,NA,NA,NA,NA
Somalia,2015,0.0,0.0,0.0,0.0,0.0,0.0,NA,NA,NA,NA,NA,NA
Somalia,2016,0.0,0.0,0.0,0.0,0.0,0.0,NA,NA,NA,NA,NA,NA
Somalia,2017,0.0,0.0,0.0,0.0,0.0,0.0,NA,NA,NA,NA,NA,NA
Somalia,2018,0.0,0.0,0.0,0.0,0.0,0.0,NA,NA,NA,NA,NA,NA
Somalia,2019,0.0,0.0,0.0,0.0,0.0,0.0,NA,NA,NA,NA,NA,NA
Somalia,2020,0.0,0.0,0.0,0.0,0.0,0.0,NA,NA,NA,NA,NA,NA
Somalia,2021,0.0,0.0,0.0,0.0,0.0,0.0,NA,NA,NA,NA,NA,NA
Somalia,2022,0.0,0.0,0.0,0.0,0.0,0.0,NA,NA,NA,NA,NA,NA
Somalia,2023,0.0,0.0,0.0,0.0,0.0,0.0,NA,NA,NA,NA,NA,NA
Somalia,2024,0.0,0.0,0.0,0.0,0.0,0.0,NA,NA,NA,NA,NA,NA
Somalia,2025,0.0,0.0,0.0,0.0,0.0,0.0,NA,NA,NA,NA,NA,NA
Sonora,1989,0.0,0.0,0.0,0.0,0.0,0.0,0.0,0.0,0.0,0.0,0.0,0.0
Sonora,1990,0.0,0.0,0.0,0.0,0.0,0.0,0.0,0.0,0.0,0.0,0.0,0.0
Sonora,1991,0.0,0.0,0.0,0.0,0.0,0.0,0.0,0.0,0.0,0.0,0.0,0.0
Sonora,1992,0.0,0.0,0.0,0.0,0.0,0.0,0.0,0.0,0.0,0.0,0.0,0.0
Sonora,1993,0.0,0.0,0.0,0.0,0.0,0.0,0.0,0.0,0.0,0.0,0.0,0.0
Sonora,1994,0.0,0.0,0.0,0.0,0.0,0.0,0.0,0.0,0.0,0.0,0.0,0.0
Sonora,1995,0.0,0.0,0.0,0.0,0.0,0.0,0.0,0.0,0.0,0.0,0.0,0.0
Sonora,1996,0.0,0.0,0.0,0.0,0.0,0.0,0.0,0.0,0.0,0.0,0.0,0.0
Sonora,1997,0.0,0.0,0.0,0.0,0.0,0.0,0.0,0.0,0.0,0.0,0.0,0.0
Sonora,1998,0.0,0.0,0.0,0.0,0.0,0.0,0.0,0.0,0.0,0.0,0.0,0.0
Sonora,1999,0.0,0.0,0.0,0.0,0.0,0.0,0.0,0.0,0.0,0.0,0.0,0.0
Sonora,2000,0.0,0.0,0.0,0.0,0.0,0.0,0.0,0.0,0.0,0.0,0.0,0.0
Sonora,2001,0.0,0.0,0.0,0.0,0.0,0.0,0.0,0.0,0.0,0.0,0.0,0.0
Sonora,2002,0.0,0.0,0.0,0.0,0.0,0.0,0.0,0.0,0.0,0.0,0.0,0.0
Sonora,2003,0.0,0.0,0.0,0.0,0.0,0.0,0.0,0.0,0.0,0.0,0.0,0.0
Sonora,2004,0.0,0.0,0.0,0.0,0.0,0.0,0.0,0.0,0.0,0.0,0.0,0.0
Sonora,2005,0.0,0.0,0.0,0.0,0.0,0.0,0.0,0.0,0.0,0.0,0.0,0.0
Sonora,2006,0.0,0.0,0.0,0.0,0.0,0.0,0.0,0.0,0.0,0.0,0.0,0.0
Sonora,2007,0.0,0.0,0.0,0.0,0.0,0.0,0.0,0.0,0.0,0.0,0.0,0.0
Sonora,2008,0.0,0.0,0.0,0.0,0.0,0.0,0.0,0.0,0.0,0.0,0.0,0.0
Sonora,2009,0.0,0.0,0.0,0.0,0.0,0.0,0.0,0.0,0.0,0.0,0.0,0.0
Sonora,2010,0.0,0.0,0.0,0.0,0.0,0.0,0.0,0.0,0.0,0.0,0.0,0.0
Sonora,2011,0.0,0.0,0.0,0.0,0.0,0.0,0.0,0.0,0.0,0.0,0.0,0.0
Sonora,2012,0.0,0.0,0.0,0.0,0.0,0.0,0.0,0.0,0.0,0.0,0.0,0.0
Sonora,2013,0.0,0.0,0.0,0.0,0.0,0.0,0.0,0.0,0.0,0.0,0.0,0.0
Sonora,2014,0.0,0.0,0.0,0.0,0.0,0.0,0.0,0.0,0.0,0.0,0.0,0.0
Sonora,2015,0.0,0.0,0.0,0.0,0.0,0.0,0.0,0.0,0.0,0.0,0.0,0.0
Sonora,2016,0.0,0.0,0.0,0.0,0.0,0.0,0.0,0.0,0.0,0.0,0.0,0.0
Sonora,2017,0.0,0.0,0.0,0.0,0.0,0.0,0.0,0.0,0.0,0.0,0.0,0.0
Sonora,2018,0.0,0.0,0.0,0.0,0.0,0.0,0.0,0.0,0.0,0.0,0.0,0.0
Sonora,2019,0.0,0.0,0.0,0.0,0.0,0.0,0.0,0.0,0.0,0.0,0.0,0.0
Sonora,2020,0.0,0.0,0.0,0.0,0.0,0.0,0.0,0.0,0.0,0.0,0.0,0.0
Sonora,2021,0.0,0.0,0.0,0.0,0.0,0.0,0.0,0.0,0.0,0.0,0.0,0.0
Sonora,2022,0.0,0.0,0.0,0.0,0.0,0.0,0.0,0.0,0.0,0.0,0.0,0.0
Sonora,2023,0.0,0.0,0.0,0.0,0.0,0.0,0.0,0.0,0.0,0.0,0.0,0.0
Sonora,2024,0.0,0.0,0.0,0.0,0.0,0.0,0.0,0.0,0.0,0.0,0.0,0.0
Sonora,2025,0.0,0.0,0.0,0.0,0.0,0.0,0.0,0.0,0.0,0.0,0.0,0.0
South Africa,1989,0.0,0.0,0.0,0.0,0.0,0.0,NA,NA,NA,NA,NA,NA
South Africa,1990,0.0,0.0,0.0,0.0,0.0,0.0,NA,NA,NA,NA,NA,NA
South Africa,1991,0.0,0.0,0.0,0.0,0.0,0.0,NA,NA,NA,NA,NA,NA
South Africa,1992,0.0,0.0,0.0,0.0,0.0,0.0,NA,NA,NA,NA,NA,NA
South Africa,1993,0.0,0.0,0.0,0.0,0.0,0.0,NA,NA,NA,NA,NA,NA
South Africa,1994,0.0,0.0,0.0,0.0,0.0,0.0,NA,NA,NA,NA,NA,NA
South Africa,1995,0.0,0.0,0.0,0.0,0.0,0.0,NA,NA,NA,NA,NA,NA
South Africa,1996,0.0,0.0,0.0,0.0,0.0,0.0,NA,NA,NA,NA,NA,NA
South Africa,1997,0.0,0.0,0.0,0.0,0.0,0.0,NA,NA,NA,NA,NA,NA
South Africa,1998,0.0,0.0,0.0,0.0,0.0,0.0,NA,NA,NA,NA,NA,NA
South Africa,1999,0.0,0.0,0.0,0.0,0.0,0.0,NA,NA,NA,NA,NA,NA
South Africa,2000,0.0,0.0,0.0,0.0,0.0,0.0,NA,NA,NA,NA,NA,NA
South Africa,2001,0.0,0.0,0.0,0.0,0.0,0.0,NA,NA,NA,NA,NA,NA
South Africa,2002,0.0,0.0,0.0,0.0,0.0,0.0,NA,NA,NA,NA,NA,NA
South Africa,2003,0.0,0.0,0.0,0.0,0.0,0.0,NA,NA,NA,NA,NA,NA
South Africa,2004,0.0,0.0,0.0,0.0,0.0,0.0,NA,NA,NA,NA,NA,NA
South Africa,2005,0.0,0.0,0.0,0.0,0.0,0.0,NA,NA,NA,NA,NA,NA
South Africa,2006,0.0,0.0,0.0,0.0,0.0,0.0,NA,NA,NA,NA,NA,NA
South Africa,2007,0.0,0.0,0.0,0.0,0.0,0.0,NA,NA,NA,NA,NA,NA
South Africa,2008,0.0,0.0,0.0,0.0,0.0,0.0,NA,NA,NA,NA,NA,NA
South Africa,2009,0.0,0.0,0.0,0.0,0.0,0.0,NA,NA,NA,NA,NA,NA
South Africa,2010,0.0,0.0,0.0,0.0,0.0,0.0,NA,NA,NA,NA,NA,NA
South Africa,2011,0.0,0.0,0.0,0.0,0.0,0.0,NA,NA,NA,NA,NA,NA
South Africa,2012,0.0,0.0,0.0,0.0,0.0,0.0,NA,NA,NA,NA,NA,NA
South Africa,2013,0.0,0.0,0.0,0.0,0.0,0.0,NA,NA,NA,NA,NA,NA
South Africa,2014,0.0,0.0,0.0,0.0,0.0,0.0,NA,NA,NA,NA,NA,NA
South Africa,2015,0.0,0.0,0.0,0.0,0.0,0.0,NA,NA,NA,NA,NA,NA
South Africa,2016,0.0,0.0,0.0,0.0,0.0,0.0,NA,NA,NA,NA,NA,NA
South Africa,2017,0.0,0.0,0.0,0.0,0.0,0.0,NA,NA,NA,NA,NA,NA
South Africa,2018,0.0,0.0,0.0,0.0,0.0,0.0,NA,NA,NA,NA,NA,NA
South Africa,2019,0.0,0.0,0.0,0.0,0.0,0.0,NA,NA,NA,NA,NA,NA
South Africa,2020,0.0,0.0,0.0,0.0,0.0,0.0,NA,NA,NA,NA,NA,NA
South Africa,2021,0.0,0.0,0.0,0.0,0.0,0.0,NA,NA,NA,NA,NA,NA
South Africa,2022,0.0,0.0,0.0,0.0,0.0,0.0,NA,NA,NA,NA,NA,NA
South Africa,2023,0.0,0.0,0.0,0.0,0.0,0.0,NA,NA,NA,NA,NA,NA
South Africa,2024,0.0,0.0,0.0,0.0,0.0,0.0,NA,NA,NA,NA,NA,NA
South Africa,2025,0.0,0.0,0.0,0.0,0.0,0.0,NA,NA,NA,NA,NA,NA
South Carolina,1989,0.0,0.0,0.0,0.0,0.0,0.0,0.0,0.0,0.0,0.0,0.0,0.0
South Carolina,1990,0.0,0.0,0.0,0.0,0.0,0.0,0.0,0.0,0.0,0.0,0.0,0.0
South Carolina,1991,0.0,0.0,0.0,0.0,0.0,0.0,0.0,0.0,0.0,0.0,0.0,0.0
South Carolina,1992,0.0,0.0,0.0,0.0,0.0,0.0,0.0,0.0,0.0,0.0,0.0,0.0
South Carolina,1993,0.0,0.0,0.0,0.0,0.0,0.0,0.0,0.0,0.0,0.0,0.0,0.0
South Carolina,1994,0.0,0.0,0.0,0.0,0.0,0.0,0.0,0.0,0.0,0.0,0.0,0.0
South Carolina,1995,0.0,0.0,0.0,0.0,0.0,0.0,0.0,0.0,0.0,0.0,0.0,0.0
South Carolina,1996,0.0,0.0,0.0,0.0,0.0,0.0,0.0,0.0,0.0,0.0,0.0,0.0
South Carolina,1997,0.0,0.0,0.0,0.0,0.0,0.0,0.0,0.0,0.0,0.0,0.0,0.0
South Carolina,1998,0.0,0.0,0.0,0.0,0.0,0.0,0.0,0.0,0.0,0.0,0.0,0.0
South Carolina,1999,0.0,0.0,0.0,0.0,0.0,0.0,0.0,0.0,0.0,0.0,0.0,0.0
South Carolina,2000,0.0,0.0,0.0,0.0,0.0,0.0,0.0,0.0,0.0,0.0,0.0,0.0
South Carolina,2001,0.0,0.0,0.0,0.0,0.0,0.0,0.0,0.0,0.0,0.0,0.0,0.0
South Carolina,2002,0.0,0.0,0.0,0.0,0.0,0.0,0.0,0.0,0.0,0.0,0.0,0.0
South Carolina,2003,0.0,0.0,0.0,0.0,0.0,0.0,0.0,0.0,0.0,0.0,0.0,0.0
South Carolina,2004,0.0,0.0,0.0,0.0,0.0,0.0,0.0,0.0,0.0,0.0,0.0,0.0
South Carolina,2005,0.0,0.0,0.0,0.0,0.0,0.0,0.0,0.0,0.0,0.0,0.0,0.0
South Carolina,2006,0.0,0.0,0.0,0.0,0.0,0.0,0.0,0.0,0.0,0.0,0.0,0.0
South Carolina,2007,0.0,0.0,0.0,0.0,0.0,0.0,0.0,0.0,0.0,0.0,0.0,0.0
South Carolina,2008,0.0,0.0,0.0,0.0,0.0,0.0,0.0,0.0,0.0,0.0,0.0,0.0
South Carolina,2009,0.0,0.0,0.0,0.0,0.0,0.0,0.0,0.0,0.0,0.0,0.0,0.0
South Carolina,2010,0.0,0.0,0.0,0.0,0.0,0.0,0.0,0.0,0.0,0.0,0.0,0.0
South Carolina,2011,0.0,0.0,0.0,0.0,0.0,0.0,0.0,0.0,0.0,0.0,0.0,0.0
South Carolina,2012,0.0,0.0,0.0,0.0,0.0,0.0,0.0,0.0,0.0,0.0,0.0,0.0
South Carolina,2013,0.0,0.0,0.0,0.0,0.0,0.0,0.0,0.0,0.0,0.0,0.0,0.0
South Carolina,2014,0.0,0.0,0.0,0.0,0.0,0.0,0.0,0.0,0.0,0.0,0.0,0.0
South Carolina,2015,0.0,0.0,0.0,0.0,0.0,0.0,0.0,0.0,0.0,0.0,0.0,0.0
South Carolina,2016,0.0,0.0,0.0,0.0,0.0,0.0,0.0,0.0,0.0,0.0,0.0,0.0
South Carolina,2017,0.0,0.0,0.0,0.0,0.0,0.0,0.0,0.0,0.0,0.0,0.0,0.0
South Carolina,2018,0.0,0.0,0.0,0.0,0.0,0.0,0.0,0.0,0.0,0.0,0.0,0.0
South Carolina,2019,0.0,0.0,0.0,0.0,0.0,0.0,0.0,0.0,0.0,0.0,0.0,0.0
South Carolina,2020,0.0,0.0,0.0,0.0,0.0,0.0,0.0,0.0,0.0,0.0,0.0,0.0
South Carolina,2021,0.0,0.0,0.0,0.0,0.0,0.0,0.0,0.0,0.0,0.0,0.0,0.0
South Carolina,2022,0.0,0.0,0.0,0.0,0.0,0.0,0.0,0.0,0.0,0.0,0.0,0.0
South Carolina,2023,0.0,0.0,0.0,0.0,0.0,0.0,0.0,0.0,0.0,0.0,0.0,0.0
South Carolina,2024,0.0,0.0,0.0,0.0,0.0,0.0,0.0,0.0,0.0,0.0,0.0,0.0
South Carolina,2025,0.0,0.0,0.0,0.0,0.0,0.0,0.0,0.0,0.0,0.0,0.0,0.0
South Dakota,1989,0.0,0.0,0.0,0.0,0.0,0.0,0.0,0.0,0.0,0.0,0.0,0.0
South Dakota,1990,0.0,0.0,0.0,0.0,0.0,0.0,0.0,0.0,0.0,0.0,0.0,0.0
South Dakota,1991,0.0,0.0,0.0,0.0,0.0,0.0,0.0,0.0,0.0,0.0,0.0,0.0
South Dakota,1992,0.0,0.0,0.0,0.0,0.0,0.0,0.0,0.0,0.0,0.0,0.0,0.0
South Dakota,1993,0.0,0.0,0.0,0.0,0.0,0.0,0.0,0.0,0.0,0.0,0.0,0.0
South Dakota,1994,0.0,0.0,0.0,0.0,0.0,0.0,0.0,0.0,0.0,0.0,0.0,0.0
South Dakota,1995,0.0,0.0,0.0,0.0,0.0,0.0,0.0,0.0,0.0,0.0,0.0,0.0
South Dakota,1996,0.0,0.0,0.0,0.0,0.0,0.0,0.0,0.0,0.0,0.0,0.0,0.0
South Dakota,1997,0.0,0.0,0.0,0.0,0.0,0.0,0.0,0.0,0.0,0.0,0.0,0.0
South Dakota,1998,0.0,0.0,0.0,0.0,0.0,0.0,0.0,0.0,0.0,0.0,0.0,0.0
South Dakota,1999,0.0,0.0,0.0,0.0,0.0,0.0,0.0,0.0,0.0,0.0,0.0,0.0
South Dakota,2000,0.0,0.0,0.0,0.0,0.0,0.0,0.0,0.0,0.0,0.0,0.0,0.0
South Dakota,2001,0.0,0.0,0.0,0.0,0.0,0.0,0.0,0.0,0.0,0.0,0.0,0.0
South Dakota,2002,0.0,0.0,0.0,0.0,0.0,0.0,0.0,0.0,0.0,0.0,0.0,0.0
South Dakota,2003,0.0,0.0,0.0,0.0,0.0,0.0,0.0,0.0,0.0,0.0,0.0,0.0
South Dakota,2004,0.0,0.0,0.0,0.0,0.0,0.0,0.0,0.0,0.0,0.0,0.0,0.0
South Dakota,2005,0.0,0.0,0.0,0.0,0.0,0.0,0.0,0.0,0.0,0.0,0.0,0.0
South Dakota,2006,0.0,0.0,0.0,0.0,0.0,0.0,0.0,0.0,0.0,0.0,0.0,0.0
South Dakota,2007,0.0,0.0,0.0,0.0,0.0,0.0,0.0,0.0,0.0,0.0,0.0,0.0
South Dakota,2008,0.0,0.0,0.0,0.0,0.0,0.0,0.0,0.0,0.0,0.0,0.0,0.0
South Dakota,2009,0.0,0.0,0.0,0.0,0.0,0.0,0.0,0.0,0.0,0.0,0.0,0.0
South Dakota,2010,0.0,0.0,0.0,0.0,0.0,0.0,0.0,0.0,0.0,0.0,0.0,0.0
South Dakota,2011,0.0,0.0,0.0,0.0,0.0,0.0,0.0,0.0,0.0,0.0,0.0,0.0
South Dakota,2012,0.0,0.0,0.0,0.0,0.0,0.0,0.0,0.0,0.0,0.0,0.0,0.0
South Dakota,2013,0.0,0.0,0.0,0.0,0.0,0.0,0.0,0.0,0.0,0.0,0.0,0.0
South Dakota,2014,0.0,0.0,0.0,0.0,0.0,0.0,0.0,0.0,0.0,0.0,0.0,0.0
South Dakota,2015,0.0,0.0,0.0,0.0,0.0,0.0,0.0,0.0,0.0,0.0,0.0,0.0
South Dakota,2016,0.0,0.0,0.0,0.0,0.0,0.0,0.0,0.0,0.0,0.0,0.0,0.0
South Dakota,2017,0.0,0.0,0.0,0.0,0.0,0.0,0.0,0.0,0.0,0.0,0.0,0.0
South Dakota,2018,0.0,0.0,0.0,0.0,0.0,0.0,0.0,0.0,0.0,0.0,0.0,0.0
South Dakota,2019,0.0,0.0,0.0,0.0,0.0,0.0,0.0,0.0,0.0,0.0,0.0,0.0
South Dakota,2020,0.0,0.0,0.0,0.0,0.0,0.0,0.0,0.0,0.0,0.0,0.0,0.0
South Dakota,2021,0.0,0.0,0.0,0.0,0.0,0.0,0.0,0.0,0.0,0.0,0.0,0.0
South Dakota,2022,0.0,0.0,0.0,0.0,0.0,0.0,0.0,0.0,0.0,0.0,0.0,0.0
South Dakota,2023,0.0,0.0,0.0,0.0,0.0,0.0,0.0,0.0,0.0,0.0,0.0,0.0
South Dakota,2024,0.0,0.0,0.0,0.0,0.0,0.0,0.0,0.0,0.0,0.0,0.0,0.0
South Dakota,2025,0.0,0.0,0.0,0.0,0.0,0.0,0.0,0.0,0.0,0.0,0.0,0.0
South Sudan,1989,0.0,0.0,0.0,0.0,0.0,0.0,NA,NA,NA,NA,NA,NA
South Sudan,1990,0.0,0.0,0.0,0.0,0.0,0.0,NA,NA,NA,NA,NA,NA
South Sudan,1991,0.0,0.0,0.0,0.0,0.0,0.0,NA,NA,NA,NA,NA,NA
South Sudan,1992,0.0,0.0,0.0,0.0,0.0,0.0,NA,NA,NA,NA,NA,NA
South Sudan,1993,0.0,0.0,0.0,0.0,0.0,0.0,NA,NA,NA,NA,NA,NA
South Sudan,1994,0.0,0.0,0.0,0.0,0.0,0.0,NA,NA,NA,NA,NA,NA
South Sudan,1995,0.0,0.0,0.0,0.0,0.0,0.0,NA,NA,NA,NA,NA,NA
South Sudan,1996,0.0,0.0,0.0,0.0,0.0,0.0,NA,NA,NA,NA,NA,NA
South Sudan,1997,0.0,0.0,0.0,0.0,0.0,0.0,NA,NA,NA,NA,NA,NA
South Sudan,1998,0.0,0.0,0.0,0.0,0.0,0.0,NA,NA,NA,NA,NA,NA
South Sudan,1999,0.0,0.0,0.0,0.0,0.0,0.0,NA,NA,NA,NA,NA,NA
South Sudan,2000,0.0,0.0,0.0,0.0,0.0,0.0,NA,NA,NA,NA,NA,NA
South Sudan,2001,0.0,0.0,0.0,0.0,0.0,0.0,NA,NA,NA,NA,NA,NA
South Sudan,2002,0.0,0.0,0.0,0.0,0.0,0.0,NA,NA,NA,NA,NA,NA
South Sudan,2003,0.0,0.0,0.0,0.0,0.0,0.0,NA,NA,NA,NA,NA,NA
South Sudan,2004,0.0,0.0,0.0,0.0,0.0,0.0,NA,NA,NA,NA,NA,NA
South Sudan,2005,0.0,0.0,0.0,0.0,0.0,0.0,NA,NA,NA,NA,NA,NA
South Sudan,2006,0.0,0.0,0.0,0.0,0.0,0.0,NA,NA,NA,NA,NA,NA
South Sudan,2007,0.0,0.0,0.0,0.0,0.0,0.0,NA,NA,NA,NA,NA,NA
South Sudan,2008,0.0,0.0,0.0,0.0,0.0,0.0,NA,NA,NA,NA,NA,NA
South Sudan,2009,0.0,0.0,0.0,0.0,0.0,0.0,NA,NA,NA,NA,NA,NA
South Sudan,2010,0.0,0.0,0.0,0.0,0.0,0.0,NA,NA,NA,NA,NA,NA
South Sudan,2011,0.0,0.0,0.0,0.0,0.0,0.0,NA,NA,NA,NA,NA,NA
South Sudan,2012,0.0,0.0,0.0,0.0,0.0,0.0,NA,NA,NA,NA,NA,NA
South Sudan,2013,0.0,0.0,0.0,0.0,0.0,0.0,NA,NA,NA,NA,NA,NA
South Sudan,2014,0.0,0.0,0.0,0.0,0.0,0.0,NA,NA,NA,NA,NA,NA
South Sudan,2015,0.0,0.0,0.0,0.0,0.0,0.0,NA,NA,NA,NA,NA,NA
South Sudan,2016,0.0,0.0,0.0,0.0,0.0,0.0,NA,NA,NA,NA,NA,NA
South Sudan,2017,0.0,0.0,0.0,0.0,0.0,0.0,NA,NA,NA,NA,NA,NA
South Sudan,2018,0.0,0.0,0.0,0.0,0.0,0.0,NA,NA,NA,NA,NA,NA
South Sudan,2019,0.0,0.0,0.0,0.0,0.0,0.0,NA,NA,NA,NA,NA,NA
South Sudan,2020,0.0,0.0,0.0,0.0,0.0,0.0,NA,NA,NA,NA,NA,NA
South Sudan,2021,0.0,0.0,0.0,0.0,0.0,0.0,NA,NA,NA,NA,NA,NA
South Sudan,2022,0.0,0.0,0.0,0.0,0.0,0.0,NA,NA,NA,NA,NA,NA
South Sudan,2023,0.0,0.0,0.0,0.0,0.0,0.0,NA,NA,NA,NA,NA,NA
South Sudan,2024,0.0,0.0,0.0,0.0,0.0,0.0,NA,NA,NA,NA,NA,NA
South Sudan,2025,0.0,0.0,0.0,0.0,0.0,0.0,NA,NA,NA,NA,NA,NA
Spain,1989,0.0,0.0,0.0,0.0,0.0,0.0,NA,NA,NA,NA,NA,NA
Spain,1990,0.0,0.0,0.0,0.0,0.0,0.0,NA,NA,NA,NA,NA,NA
Spain,1991,0.0,0.0,0.0,0.0,0.0,0.0,NA,NA,NA,NA,NA,NA
Spain,1992,0.0,0.0,0.0,0.0,0.0,0.0,NA,NA,NA,NA,NA,NA
Spain,1993,0.0,0.0,0.0,0.0,0.0,0.0,NA,NA,NA,NA,NA,NA
Spain,1994,0.0,0.0,0.0,0.0,0.0,0.0,NA,NA,NA,NA,NA,NA
Spain,1995,0.0,0.0,0.0,0.0,0.0,0.0,NA,NA,NA,NA,NA,NA
Spain,1996,0.0,0.0,0.0,0.0,0.0,0.0,NA,NA,NA,NA,NA,NA
Spain,1997,0.0,0.0,0.0,0.0,0.0,0.0,NA,NA,NA,NA,NA,NA
Spain,1998,0.0,0.0,0.0,0.0,0.0,0.0,NA,NA,NA,NA,NA,NA
Spain,1999,0.0,0.0,0.0,0.0,0.0,0.0,NA,NA,NA,NA,NA,NA
Spain,2000,0.0,0.0,0.0,0.0,0.0,0.0,NA,NA,NA,NA,NA,NA
Spain,2001,0.0,0.0,0.0,0.0,0.0,0.0,NA,NA,NA,NA,NA,NA
Spain,2002,0.0,0.0,0.0,0.0,0.0,0.0,NA,NA,NA,NA,NA,NA
Spain,2003,0.0,0.0,0.0,0.0,0.0,0.0,NA,NA,NA,NA,NA,NA
Spain,2004,0.0,0.0,0.0,0.0,0.0,0.0,NA,NA,NA,NA,NA,NA
Spain,2005,12.437197365271368,0.0,12.437197365271368,15.765856425739466,0.0,15.765856425739466,NA,NA,NA,NA,NA,NA
Spain,2006,10.00011627368785,0.0,10.00011627368785,12.676521307919549,0.0,12.676521307919549,NA,NA,NA,NA,NA,NA
Spain,2007,0.36775044365889775,0.0,0.36775044365889775,0.46617421312439444,0.0,0.46617421312439444,NA,NA,NA,NA,NA,NA
Spain,2008,9.45232000662265,0.0,9.45232000662265,11.982114276861108,0.0,11.982114276861108,NA,NA,NA,NA,NA,NA
Spain,2009,7.135281424567509,0.0,7.135281424567509,9.044949532689403,0.0,9.044949532689403,NA,NA,NA,NA,NA,NA
Spain,2010,7.7582645726063575,0.0,7.7582645726063575,9.83466626542064,0.0,9.83466626542064,NA,NA,NA,NA,NA,NA
Spain,2011,7.011066147168686,0.0,7.011066147168686,8.887489602462546,0.0,8.887489602462546,NA,NA,NA,NA,NA,NA
Spain,2012,4.301305558092796,0.0,4.301305558092796,5.452495757724639,0.0,5.452495757724639,NA,NA,NA,NA,NA,NA
Spain,2013,2.593896503999635,0.0,2.593896503999635,3.2881201981627863,0.0,3.2881201981627863,NA,NA,NA,NA,NA,NA
Spain,2014,3.460362333957931,0.0,3.460362333957931,4.386484682678919,0.0,4.386484682678919,NA,NA,NA,NA,NA,NA
Spain,2015,4.4419453269580496,0.0,4.4419453269580496,5.630775987470786,0.0,5.630775987470786,NA,NA,NA,NA,NA,NA
Spain,2016,3.082850064686327,0.0,3.082850064686327,3.9079360143985116,0.0,3.9079360143985116,NA,NA,NA,NA,NA,NA
Spain,2017,3.317707308345833,0.0,3.317707308345833,4.2056498381269884,0.0,4.2056498381269884,NA,NA,NA,NA,NA,NA
Spain,2018,8.897126210171432,0.0,8.897126210171432,11.278329860948197,0.0,11.278329860948197,NA,NA,NA,NA,NA,NA
Spain,2019,13.795355993396884,0.0,13.795355993396884,17.48750908634585,0.0,17.48750908634585,NA,NA,NA,NA,NA,NA
Spain,2020,13.574891242169196,0.0,13.574891242169196,17.20803972418089,0.0,17.20803972418089,NA,NA,NA,NA,NA,NA
Spain,2021,28.632860504057682,0.0,28.632860504057682,36.29608460067643,0.0,36.29608460067643,NA,NA,NA,NA,NA,NA
Spain,2022,41.322961271103665,0.0,41.322961271103665,52.38253083494409,0.0,52.38253083494409,NA,NA,NA,NA,NA,NA
Spain,2023,40.28163830945822,0.0,40.28163830945822,51.0625109121301,0.0,51.0625109121301,NA,NA,NA,NA,NA,NA
Spain,2024,31.1843892853823,0.0,31.1843892853823,39.53049788938347,0.0,39.53049788938347,NA,NA,NA,NA,NA,NA
Spain,2025,34.783881899768396,0.0,34.783881899768396,44.09334931782364,0.0,44.09334931782364,NA,NA,NA,NA,NA,NA
Sri Lanka,1989,0.0,0.0,0.0,0.0,0.0,0.0,NA,NA,NA,NA,NA,NA
Sri Lanka,1990,0.0,0.0,0.0,0.0,0.0,0.0,NA,NA,NA,NA,NA,NA
Sri Lanka,1991,0.0,0.0,0.0,0.0,0.0,0.0,NA,NA,NA,NA,NA,NA
Sri Lanka,1992,0.0,0.0,0.0,0.0,0.0,0.0,NA,NA,NA,NA,NA,NA
Sri Lanka,1993,0.0,0.0,0.0,0.0,0.0,0.0,NA,NA,NA,NA,NA,NA
Sri Lanka,1994,0.0,0.0,0.0,0.0,0.0,0.0,NA,NA,NA,NA,NA,NA
Sri Lanka,1995,0.0,0.0,0.0,0.0,0.0,0.0,NA,NA,NA,NA,NA,NA
Sri Lanka,1996,0.0,0.0,0.0,0.0,0.0,0.0,NA,NA,NA,NA,NA,NA
Sri Lanka,1997,0.0,0.0,0.0,0.0,0.0,0.0,NA,NA,NA,NA,NA,NA
Sri Lanka,1998,0.0,0.0,0.0,0.0,0.0,0.0,NA,NA,NA,NA,NA,NA
Sri Lanka,1999,0.0,0.0,0.0,0.0,0.0,0.0,NA,NA,NA,NA,NA,NA
Sri Lanka,2000,0.0,0.0,0.0,0.0,0.0,0.0,NA,NA,NA,NA,NA,NA
Sri Lanka,2001,0.0,0.0,0.0,0.0,0.0,0.0,NA,NA,NA,NA,NA,NA
Sri Lanka,2002,0.0,0.0,0.0,0.0,0.0,0.0,NA,NA,NA,NA,NA,NA
Sri Lanka,2003,0.0,0.0,0.0,0.0,0.0,0.0,NA,NA,NA,NA,NA,NA
Sri Lanka,2004,0.0,0.0,0.0,0.0,0.0,0.0,NA,NA,NA,NA,NA,NA
Sri Lanka,2005,0.0,0.0,0.0,0.0,0.0,0.0,NA,NA,NA,NA,NA,NA
Sri Lanka,2006,0.0,0.0,0.0,0.0,0.0,0.0,NA,NA,NA,NA,NA,NA
Sri Lanka,2007,0.0,0.0,0.0,0.0,0.0,0.0,NA,NA,NA,NA,NA,NA
Sri Lanka,2008,0.0,0.0,0.0,0.0,0.0,0.0,NA,NA,NA,NA,NA,NA
Sri Lanka,2009,0.0,0.0,0.0,0.0,0.0,0.0,NA,NA,NA,NA,NA,NA
Sri Lanka,2010,0.0,0.0,0.0,0.0,0.0,0.0,NA,NA,NA,NA,NA,NA
Sri Lanka,2011,0.0,0.0,0.0,0.0,0.0,0.0,NA,NA,NA,NA,NA,NA
Sri Lanka,2012,0.0,0.0,0.0,0.0,0.0,0.0,NA,NA,NA,NA,NA,NA
Sri Lanka,2013,0.0,0.0,0.0,0.0,0.0,0.0,NA,NA,NA,NA,NA,NA
Sri Lanka,2014,0.0,0.0,0.0,0.0,0.0,0.0,NA,NA,NA,NA,NA,NA
Sri Lanka,2015,0.0,0.0,0.0,0.0,0.0,0.0,NA,NA,NA,NA,NA,NA
Sri Lanka,2016,0.0,0.0,0.0,0.0,0.0,0.0,NA,NA,NA,NA,NA,NA
Sri Lanka,2017,0.0,0.0,0.0,0.0,0.0,0.0,NA,NA,NA,NA,NA,NA
Sri Lanka,2018,0.0,0.0,0.0,0.0,0.0,0.0,NA,NA,NA,NA,NA,NA
Sri Lanka,2019,0.0,0.0,0.0,0.0,0.0,0.0,NA,NA,NA,NA,NA,NA
Sri Lanka,2020,0.0,0.0,0.0,0.0,0.0,0.0,NA,NA,NA,NA,NA,NA
Sri Lanka,2021,0.0,0.0,0.0,0.0,0.0,0.0,NA,NA,NA,NA,NA,NA
Sri Lanka,2022,0.0,0.0,0.0,0.0,0.0,0.0,NA,NA,NA,NA,NA,NA
Sri Lanka,2023,0.0,0.0,0.0,0.0,0.0,0.0,NA,NA,NA,NA,NA,NA
Sri Lanka,2024,0.0,0.0,0.0,0.0,0.0,0.0,NA,NA,NA,NA,NA,NA
Sri Lanka,2025,0.0,0.0,0.0,0.0,0.0,0.0,NA,NA,NA,NA,NA,NA
St. Kitts and Nevis,1989,0.0,0.0,0.0,0.0,0.0,0.0,NA,NA,NA,NA,NA,NA
St. Kitts and Nevis,1990,0.0,0.0,0.0,0.0,0.0,0.0,NA,NA,NA,NA,NA,NA
St. Kitts and Nevis,1991,0.0,0.0,0.0,0.0,0.0,0.0,NA,NA,NA,NA,NA,NA
St. Kitts and Nevis,1992,0.0,0.0,0.0,0.0,0.0,0.0,NA,NA,NA,NA,NA,NA
St. Kitts and Nevis,1993,0.0,0.0,0.0,0.0,0.0,0.0,NA,NA,NA,NA,NA,NA
St. Kitts and Nevis,1994,0.0,0.0,0.0,0.0,0.0,0.0,NA,NA,NA,NA,NA,NA
St. Kitts and Nevis,1995,0.0,0.0,0.0,0.0,0.0,0.0,NA,NA,NA,NA,NA,NA
St. Kitts and Nevis,1996,0.0,0.0,0.0,0.0,0.0,0.0,NA,NA,NA,NA,NA,NA
St. Kitts and Nevis,1997,0.0,0.0,0.0,0.0,0.0,0.0,NA,NA,NA,NA,NA,NA
St. Kitts and Nevis,1998,0.0,0.0,0.0,0.0,0.0,0.0,NA,NA,NA,NA,NA,NA
St. Kitts and Nevis,1999,0.0,0.0,0.0,0.0,0.0,0.0,NA,NA,NA,NA,NA,NA
St. Kitts and Nevis,2000,0.0,0.0,0.0,0.0,0.0,0.0,NA,NA,NA,NA,NA,NA
St. Kitts and Nevis,2001,0.0,0.0,0.0,0.0,0.0,0.0,NA,NA,NA,NA,NA,NA
St. Kitts and Nevis,2002,0.0,0.0,0.0,0.0,0.0,0.0,NA,NA,NA,NA,NA,NA
St. Kitts and Nevis,2003,0.0,0.0,0.0,0.0,0.0,0.0,NA,NA,NA,NA,NA,NA
St. Kitts and Nevis,2004,0.0,0.0,0.0,0.0,0.0,0.0,NA,NA,NA,NA,NA,NA
St. Kitts and Nevis,2005,0.0,0.0,0.0,0.0,0.0,0.0,NA,NA,NA,NA,NA,NA
St. Kitts and Nevis,2006,0.0,0.0,0.0,0.0,0.0,0.0,NA,NA,NA,NA,NA,NA
St. Kitts and Nevis,2007,0.0,0.0,0.0,0.0,0.0,0.0,NA,NA,NA,NA,NA,NA
St. Kitts and Nevis,2008,0.0,0.0,0.0,0.0,0.0,0.0,NA,NA,NA,NA,NA,NA
St. Kitts and Nevis,2009,0.0,0.0,0.0,0.0,0.0,0.0,NA,NA,NA,NA,NA,NA
St. Kitts and Nevis,2010,0.0,0.0,0.0,0.0,0.0,0.0,NA,NA,NA,NA,NA,NA
St. Kitts and Nevis,2011,0.0,0.0,0.0,0.0,0.0,0.0,NA,NA,NA,NA,NA,NA
St. Kitts and Nevis,2012,0.0,0.0,0.0,0.0,0.0,0.0,NA,NA,NA,NA,NA,NA
St. Kitts and Nevis,2013,0.0,0.0,0.0,0.0,0.0,0.0,NA,NA,NA,NA,NA,NA
St. Kitts and Nevis,2014,0.0,0.0,0.0,0.0,0.0,0.0,NA,NA,NA,NA,NA,NA
St. Kitts and Nevis,2015,0.0,0.0,0.0,0.0,0.0,0.0,NA,NA,NA,NA,NA,NA
St. Kitts and Nevis,2016,0.0,0.0,0.0,0.0,0.0,0.0,NA,NA,NA,NA,NA,NA
St. Kitts and Nevis,2017,0.0,0.0,0.0,0.0,0.0,0.0,NA,NA,NA,NA,NA,NA
St. Kitts and Nevis,2018,0.0,0.0,0.0,0.0,0.0,0.0,NA,NA,NA,NA,NA,NA
St. Kitts and Nevis,2019,0.0,0.0,0.0,0.0,0.0,0.0,NA,NA,NA,NA,NA,NA
St. Kitts and Nevis,2020,0.0,0.0,0.0,0.0,0.0,0.0,NA,NA,NA,NA,NA,NA
St. Kitts and Nevis,2021,0.0,0.0,0.0,0.0,0.0,0.0,NA,NA,NA,NA,NA,NA
St. Kitts and Nevis,2022,0.0,0.0,0.0,0.0,0.0,0.0,NA,NA,NA,NA,NA,NA
St. Kitts and Nevis,2023,0.0,0.0,0.0,0.0,0.0,0.0,NA,NA,NA,NA,NA,NA
St. Kitts and Nevis,2024,0.0,0.0,0.0,0.0,0.0,0.0,NA,NA,NA,NA,NA,NA
St. Kitts and Nevis,2025,0.0,0.0,0.0,0.0,0.0,0.0,NA,NA,NA,NA,NA,NA
St. Lucia,1989,0.0,0.0,0.0,0.0,0.0,0.0,NA,NA,NA,NA,NA,NA
St. Lucia,1990,0.0,0.0,0.0,0.0,0.0,0.0,NA,NA,NA,NA,NA,NA
St. Lucia,1991,0.0,0.0,0.0,0.0,0.0,0.0,NA,NA,NA,NA,NA,NA
St. Lucia,1992,0.0,0.0,0.0,0.0,0.0,0.0,NA,NA,NA,NA,NA,NA
St. Lucia,1993,0.0,0.0,0.0,0.0,0.0,0.0,NA,NA,NA,NA,NA,NA
St. Lucia,1994,0.0,0.0,0.0,0.0,0.0,0.0,NA,NA,NA,NA,NA,NA
St. Lucia,1995,0.0,0.0,0.0,0.0,0.0,0.0,NA,NA,NA,NA,NA,NA
St. Lucia,1996,0.0,0.0,0.0,0.0,0.0,0.0,NA,NA,NA,NA,NA,NA
St. Lucia,1997,0.0,0.0,0.0,0.0,0.0,0.0,NA,NA,NA,NA,NA,NA
St. Lucia,1998,0.0,0.0,0.0,0.0,0.0,0.0,NA,NA,NA,NA,NA,NA
St. Lucia,1999,0.0,0.0,0.0,0.0,0.0,0.0,NA,NA,NA,NA,NA,NA
St. Lucia,2000,0.0,0.0,0.0,0.0,0.0,0.0,NA,NA,NA,NA,NA,NA
St. Lucia,2001,0.0,0.0,0.0,0.0,0.0,0.0,NA,NA,NA,NA,NA,NA
St. Lucia,2002,0.0,0.0,0.0,0.0,0.0,0.0,NA,NA,NA,NA,NA,NA
St. Lucia,2003,0.0,0.0,0.0,0.0,0.0,0.0,NA,NA,NA,NA,NA,NA
St. Lucia,2004,0.0,0.0,0.0,0.0,0.0,0.0,NA,NA,NA,NA,NA,NA
St. Lucia,2005,0.0,0.0,0.0,0.0,0.0,0.0,NA,NA,NA,NA,NA,NA
St. Lucia,2006,0.0,0.0,0.0,0.0,0.0,0.0,NA,NA,NA,NA,NA,NA
St. Lucia,2007,0.0,0.0,0.0,0.0,0.0,0.0,NA,NA,NA,NA,NA,NA
St. Lucia,2008,0.0,0.0,0.0,0.0,0.0,0.0,NA,NA,NA,NA,NA,NA
St. Lucia,2009,0.0,0.0,0.0,0.0,0.0,0.0,NA,NA,NA,NA,NA,NA
St. Lucia,2010,0.0,0.0,0.0,0.0,0.0,0.0,NA,NA,NA,NA,NA,NA
St. Lucia,2011,0.0,0.0,0.0,0.0,0.0,0.0,NA,NA,NA,NA,NA,NA
St. Lucia,2012,0.0,0.0,0.0,0.0,0.0,0.0,NA,NA,NA,NA,NA,NA
St. Lucia,2013,0.0,0.0,0.0,0.0,0.0,0.0,NA,NA,NA,NA,NA,NA
St. Lucia,2014,0.0,0.0,0.0,0.0,0.0,0.0,NA,NA,NA,NA,NA,NA
St. Lucia,2015,0.0,0.0,0.0,0.0,0.0,0.0,NA,NA,NA,NA,NA,NA
St. Lucia,2016,0.0,0.0,0.0,0.0,0.0,0.0,NA,NA,NA,NA,NA,NA
St. Lucia,2017,0.0,0.0,0.0,0.0,0.0,0.0,NA,NA,NA,NA,NA,NA
St. Lucia,2018,0.0,0.0,0.0,0.0,0.0,0.0,NA,NA,NA,NA,NA,NA
St. Lucia,2019,0.0,0.0,0.0,0.0,0.0,0.0,NA,NA,NA,NA,NA,NA
St. Lucia,2020,0.0,0.0,0.0,0.0,0.0,0.0,NA,NA,NA,NA,NA,NA
St. Lucia,2021,0.0,0.0,0.0,0.0,0.0,0.0,NA,NA,NA,NA,NA,NA
St. Lucia,2022,0.0,0.0,0.0,0.0,0.0,0.0,NA,NA,NA,NA,NA,NA
St. Lucia,2023,0.0,0.0,0.0,0.0,0.0,0.0,NA,NA,NA,NA,NA,NA
St. Lucia,2024,0.0,0.0,0.0,0.0,0.0,0.0,NA,NA,NA,NA,NA,NA
St. Lucia,2025,0.0,0.0,0.0,0.0,0.0,0.0,NA,NA,NA,NA,NA,NA
St. Vincent and the Grenadines,1989,0.0,0.0,0.0,0.0,0.0,0.0,NA,NA,NA,NA,NA,NA
St. Vincent and the Grenadines,1990,0.0,0.0,0.0,0.0,0.0,0.0,NA,NA,NA,NA,NA,NA
St. Vincent and the Grenadines,1991,0.0,0.0,0.0,0.0,0.0,0.0,NA,NA,NA,NA,NA,NA
St. Vincent and the Grenadines,1992,0.0,0.0,0.0,0.0,0.0,0.0,NA,NA,NA,NA,NA,NA
St. Vincent and the Grenadines,1993,0.0,0.0,0.0,0.0,0.0,0.0,NA,NA,NA,NA,NA,NA
St. Vincent and the Grenadines,1994,0.0,0.0,0.0,0.0,0.0,0.0,NA,NA,NA,NA,NA,NA
St. Vincent and the Grenadines,1995,0.0,0.0,0.0,0.0,0.0,0.0,NA,NA,NA,NA,NA,NA
St. Vincent and the Grenadines,1996,0.0,0.0,0.0,0.0,0.0,0.0,NA,NA,NA,NA,NA,NA
St. Vincent and the Grenadines,1997,0.0,0.0,0.0,0.0,0.0,0.0,NA,NA,NA,NA,NA,NA
St. Vincent and the Grenadines,1998,0.0,0.0,0.0,0.0,0.0,0.0,NA,NA,NA,NA,NA,NA
St. Vincent and the Grenadines,1999,0.0,0.0,0.0,0.0,0.0,0.0,NA,NA,NA,NA,NA,NA
St. Vincent and the Grenadines,2000,0.0,0.0,0.0,0.0,0.0,0.0,NA,NA,NA,NA,NA,NA
St. Vincent and the Grenadines,2001,0.0,0.0,0.0,0.0,0.0,0.0,NA,NA,NA,NA,NA,NA
St. Vincent and the Grenadines,2002,0.0,0.0,0.0,0.0,0.0,0.0,NA,NA,NA,NA,NA,NA
St. Vincent and the Grenadines,2003,0.0,0.0,0.0,0.0,0.0,0.0,NA,NA,NA,NA,NA,NA
St. Vincent and the Grenadines,2004,0.0,0.0,0.0,0.0,0.0,0.0,NA,NA,NA,NA,NA,NA
St. Vincent and the Grenadines,2005,0.0,0.0,0.0,0.0,0.0,0.0,NA,NA,NA,NA,NA,NA
St. Vincent and the Grenadines,2006,0.0,0.0,0.0,0.0,0.0,0.0,NA,NA,NA,NA,NA,NA
St. Vincent and the Grenadines,2007,0.0,0.0,0.0,0.0,0.0,0.0,NA,NA,NA,NA,NA,NA
St. Vincent and the Grenadines,2008,0.0,0.0,0.0,0.0,0.0,0.0,NA,NA,NA,NA,NA,NA
St. Vincent and the Grenadines,2009,0.0,0.0,0.0,0.0,0.0,0.0,NA,NA,NA,NA,NA,NA
St. Vincent and the Grenadines,2010,0.0,0.0,0.0,0.0,0.0,0.0,NA,NA,NA,NA,NA,NA
St. Vincent and the Grenadines,2011,0.0,0.0,0.0,0.0,0.0,0.0,NA,NA,NA,NA,NA,NA
St. Vincent and the Grenadines,2012,0.0,0.0,0.0,0.0,0.0,0.0,NA,NA,NA,NA,NA,NA
St. Vincent and the Grenadines,2013,0.0,0.0,0.0,0.0,0.0,0.0,NA,NA,NA,NA,NA,NA
St. Vincent and the Grenadines,2014,0.0,0.0,0.0,0.0,0.0,0.0,NA,NA,NA,NA,NA,NA
St. Vincent and the Grenadines,2015,0.0,0.0,0.0,0.0,0.0,0.0,NA,NA,NA,NA,NA,NA
St. Vincent and the Grenadines,2016,0.0,0.0,0.0,0.0,0.0,0.0,NA,NA,NA,NA,NA,NA
St. Vincent and the Grenadines,2017,0.0,0.0,0.0,0.0,0.0,0.0,NA,NA,NA,NA,NA,NA
St. Vincent and the Grenadines,2018,0.0,0.0,0.0,0.0,0.0,0.0,NA,NA,NA,NA,NA,NA
St. Vincent and the Grenadines,2019,0.0,0.0,0.0,0.0,0.0,0.0,NA,NA,NA,NA,NA,NA
St. Vincent and the Grenadines,2020,0.0,0.0,0.0,0.0,0.0,0.0,NA,NA,NA,NA,NA,NA
St. Vincent and the Grenadines,2021,0.0,0.0,0.0,0.0,0.0,0.0,NA,NA,NA,NA,NA,NA
St. Vincent and the Grenadines,2022,0.0,0.0,0.0,0.0,0.0,0.0,NA,NA,NA,NA,NA,NA
St. Vincent and the Grenadines,2023,0.0,0.0,0.0,0.0,0.0,0.0,NA,NA,NA,NA,NA,NA
St. Vincent and the Grenadines,2024,0.0,0.0,0.0,0.0,0.0,0.0,NA,NA,NA,NA,NA,NA
St. Vincent and the Grenadines,2025,0.0,0.0,0.0,0.0,0.0,0.0,NA,NA,NA,NA,NA,NA
Sudan,1989,0.0,0.0,0.0,0.0,0.0,0.0,NA,NA,NA,NA,NA,NA
Sudan,1990,0.0,0.0,0.0,0.0,0.0,0.0,NA,NA,NA,NA,NA,NA
Sudan,1991,0.0,0.0,0.0,0.0,0.0,0.0,NA,NA,NA,NA,NA,NA
Sudan,1992,0.0,0.0,0.0,0.0,0.0,0.0,NA,NA,NA,NA,NA,NA
Sudan,1993,0.0,0.0,0.0,0.0,0.0,0.0,NA,NA,NA,NA,NA,NA
Sudan,1994,0.0,0.0,0.0,0.0,0.0,0.0,NA,NA,NA,NA,NA,NA
Sudan,1995,0.0,0.0,0.0,0.0,0.0,0.0,NA,NA,NA,NA,NA,NA
Sudan,1996,0.0,0.0,0.0,0.0,0.0,0.0,NA,NA,NA,NA,NA,NA
Sudan,1997,0.0,0.0,0.0,0.0,0.0,0.0,NA,NA,NA,NA,NA,NA
Sudan,1998,0.0,0.0,0.0,0.0,0.0,0.0,NA,NA,NA,NA,NA,NA
Sudan,1999,0.0,0.0,0.0,0.0,0.0,0.0,NA,NA,NA,NA,NA,NA
Sudan,2000,0.0,0.0,0.0,0.0,0.0,0.0,NA,NA,NA,NA,NA,NA
Sudan,2001,0.0,0.0,0.0,0.0,0.0,0.0,NA,NA,NA,NA,NA,NA
Sudan,2002,0.0,0.0,0.0,0.0,0.0,0.0,NA,NA,NA,NA,NA,NA
Sudan,2003,0.0,0.0,0.0,0.0,0.0,0.0,NA,NA,NA,NA,NA,NA
Sudan,2004,0.0,0.0,0.0,0.0,0.0,0.0,NA,NA,NA,NA,NA,NA
Sudan,2005,0.0,0.0,0.0,0.0,0.0,0.0,NA,NA,NA,NA,NA,NA
Sudan,2006,0.0,0.0,0.0,0.0,0.0,0.0,NA,NA,NA,NA,NA,NA
Sudan,2007,0.0,0.0,0.0,0.0,0.0,0.0,NA,NA,NA,NA,NA,NA
Sudan,2008,0.0,0.0,0.0,0.0,0.0,0.0,NA,NA,NA,NA,NA,NA
Sudan,2009,0.0,0.0,0.0,0.0,0.0,0.0,NA,NA,NA,NA,NA,NA
Sudan,2010,0.0,0.0,0.0,0.0,0.0,0.0,NA,NA,NA,NA,NA,NA
Sudan,2011,0.0,0.0,0.0,0.0,0.0,0.0,NA,NA,NA,NA,NA,NA
Sudan,2012,0.0,0.0,0.0,0.0,0.0,0.0,NA,NA,NA,NA,NA,NA
Sudan,2013,0.0,0.0,0.0,0.0,0.0,0.0,NA,NA,NA,NA,NA,NA
Sudan,2014,0.0,0.0,0.0,0.0,0.0,0.0,NA,NA,NA,NA,NA,NA
Sudan,2015,0.0,0.0,0.0,0.0,0.0,0.0,NA,NA,NA,NA,NA,NA
Sudan,2016,0.0,0.0,0.0,0.0,0.0,0.0,NA,NA,NA,NA,NA,NA
Sudan,2017,0.0,0.0,0.0,0.0,0.0,0.0,NA,NA,NA,NA,NA,NA
Sudan,2018,0.0,0.0,0.0,0.0,0.0,0.0,NA,NA,NA,NA,NA,NA
Sudan,2019,0.0,0.0,0.0,0.0,0.0,0.0,NA,NA,NA,NA,NA,NA
Sudan,2020,0.0,0.0,0.0,0.0,0.0,0.0,NA,NA,NA,NA,NA,NA
Sudan,2021,0.0,0.0,0.0,0.0,0.0,0.0,NA,NA,NA,NA,NA,NA
Sudan,2022,0.0,0.0,0.0,0.0,0.0,0.0,NA,NA,NA,NA,NA,NA
Sudan,2023,0.0,0.0,0.0,0.0,0.0,0.0,NA,NA,NA,NA,NA,NA
Sudan,2024,0.0,0.0,0.0,0.0,0.0,0.0,NA,NA,NA,NA,NA,NA
Sudan,2025,0.0,0.0,0.0,0.0,0.0,0.0,NA,NA,NA,NA,NA,NA
Suriname,1989,0.0,0.0,0.0,0.0,0.0,0.0,NA,NA,NA,NA,NA,NA
Suriname,1990,0.0,0.0,0.0,0.0,0.0,0.0,NA,NA,NA,NA,NA,NA
Suriname,1991,0.0,0.0,0.0,0.0,0.0,0.0,NA,NA,NA,NA,NA,NA
Suriname,1992,0.0,0.0,0.0,0.0,0.0,0.0,NA,NA,NA,NA,NA,NA
Suriname,1993,0.0,0.0,0.0,0.0,0.0,0.0,NA,NA,NA,NA,NA,NA
Suriname,1994,0.0,0.0,0.0,0.0,0.0,0.0,NA,NA,NA,NA,NA,NA
Suriname,1995,0.0,0.0,0.0,0.0,0.0,0.0,NA,NA,NA,NA,NA,NA
Suriname,1996,0.0,0.0,0.0,0.0,0.0,0.0,NA,NA,NA,NA,NA,NA
Suriname,1997,0.0,0.0,0.0,0.0,0.0,0.0,NA,NA,NA,NA,NA,NA
Suriname,1998,0.0,0.0,0.0,0.0,0.0,0.0,NA,NA,NA,NA,NA,NA
Suriname,1999,0.0,0.0,0.0,0.0,0.0,0.0,NA,NA,NA,NA,NA,NA
Suriname,2000,0.0,0.0,0.0,0.0,0.0,0.0,NA,NA,NA,NA,NA,NA
Suriname,2001,0.0,0.0,0.0,0.0,0.0,0.0,NA,NA,NA,NA,NA,NA
Suriname,2002,0.0,0.0,0.0,0.0,0.0,0.0,NA,NA,NA,NA,NA,NA
Suriname,2003,0.0,0.0,0.0,0.0,0.0,0.0,NA,NA,NA,NA,NA,NA
Suriname,2004,0.0,0.0,0.0,0.0,0.0,0.0,NA,NA,NA,NA,NA,NA
Suriname,2005,0.0,0.0,0.0,0.0,0.0,0.0,NA,NA,NA,NA,NA,NA
Suriname,2006,0.0,0.0,0.0,0.0,0.0,0.0,NA,NA,NA,NA,NA,NA
Suriname,2007,0.0,0.0,0.0,0.0,0.0,0.0,NA,NA,NA,NA,NA,NA
Suriname,2008,0.0,0.0,0.0,0.0,0.0,0.0,NA,NA,NA,NA,NA,NA
Suriname,2009,0.0,0.0,0.0,0.0,0.0,0.0,NA,NA,NA,NA,NA,NA
Suriname,2010,0.0,0.0,0.0,0.0,0.0,0.0,NA,NA,NA,NA,NA,NA
Suriname,2011,0.0,0.0,0.0,0.0,0.0,0.0,NA,NA,NA,NA,NA,NA
Suriname,2012,0.0,0.0,0.0,0.0,0.0,0.0,NA,NA,NA,NA,NA,NA
Suriname,2013,0.0,0.0,0.0,0.0,0.0,0.0,NA,NA,NA,NA,NA,NA
Suriname,2014,0.0,0.0,0.0,0.0,0.0,0.0,NA,NA,NA,NA,NA,NA
Suriname,2015,0.0,0.0,0.0,0.0,0.0,0.0,NA,NA,NA,NA,NA,NA
Suriname,2016,0.0,0.0,0.0,0.0,0.0,0.0,NA,NA,NA,NA,NA,NA
Suriname,2017,0.0,0.0,0.0,0.0,0.0,0.0,NA,NA,NA,NA,NA,NA
Suriname,2018,0.0,0.0,0.0,0.0,0.0,0.0,NA,NA,NA,NA,NA,NA
Suriname,2019,0.0,0.0,0.0,0.0,0.0,0.0,NA,NA,NA,NA,NA,NA
Suriname,2020,0.0,0.0,0.0,0.0,0.0,0.0,NA,NA,NA,NA,NA,NA
Suriname,2021,0.0,0.0,0.0,0.0,0.0,0.0,NA,NA,NA,NA,NA,NA
Suriname,2022,0.0,0.0,0.0,0.0,0.0,0.0,NA,NA,NA,NA,NA,NA
Suriname,2023,0.0,0.0,0.0,0.0,0.0,0.0,NA,NA,NA,NA,NA,NA
Suriname,2024,0.0,0.0,0.0,0.0,0.0,0.0,NA,NA,NA,NA,NA,NA
Suriname,2025,0.0,0.0,0.0,0.0,0.0,0.0,NA,NA,NA,NA,NA,NA
Swaziland,1989,0.0,0.0,0.0,0.0,0.0,0.0,NA,NA,NA,NA,NA,NA
Swaziland,1990,0.0,0.0,0.0,0.0,0.0,0.0,NA,NA,NA,NA,NA,NA
Swaziland,1991,0.0,0.0,0.0,0.0,0.0,0.0,NA,NA,NA,NA,NA,NA
Swaziland,1992,0.0,0.0,0.0,0.0,0.0,0.0,NA,NA,NA,NA,NA,NA
Swaziland,1993,0.0,0.0,0.0,0.0,0.0,0.0,NA,NA,NA,NA,NA,NA
Swaziland,1994,0.0,0.0,0.0,0.0,0.0,0.0,NA,NA,NA,NA,NA,NA
Swaziland,1995,0.0,0.0,0.0,0.0,0.0,0.0,NA,NA,NA,NA,NA,NA
Swaziland,1996,0.0,0.0,0.0,0.0,0.0,0.0,NA,NA,NA,NA,NA,NA
Swaziland,1997,0.0,0.0,0.0,0.0,0.0,0.0,NA,NA,NA,NA,NA,NA
Swaziland,1998,0.0,0.0,0.0,0.0,0.0,0.0,NA,NA,NA,NA,NA,NA
Swaziland,1999,0.0,0.0,0.0,0.0,0.0,0.0,NA,NA,NA,NA,NA,NA
Swaziland,2000,0.0,0.0,0.0,0.0,0.0,0.0,NA,NA,NA,NA,NA,NA
Swaziland,2001,0.0,0.0,0.0,0.0,0.0,0.0,NA,NA,NA,NA,NA,NA
Swaziland,2002,0.0,0.0,0.0,0.0,0.0,0.0,NA,NA,NA,NA,NA,NA
Swaziland,2003,0.0,0.0,0.0,0.0,0.0,0.0,NA,NA,NA,NA,NA,NA
Swaziland,2004,0.0,0.0,0.0,0.0,0.0,0.0,NA,NA,NA,NA,NA,NA
Swaziland,2005,0.0,0.0,0.0,0.0,0.0,0.0,NA,NA,NA,NA,NA,NA
Swaziland,2006,0.0,0.0,0.0,0.0,0.0,0.0,NA,NA,NA,NA,NA,NA
Swaziland,2007,0.0,0.0,0.0,0.0,0.0,0.0,NA,NA,NA,NA,NA,NA
Swaziland,2008,0.0,0.0,0.0,0.0,0.0,0.0,NA,NA,NA,NA,NA,NA
Swaziland,2009,0.0,0.0,0.0,0.0,0.0,0.0,NA,NA,NA,NA,NA,NA
Swaziland,2010,0.0,0.0,0.0,0.0,0.0,0.0,NA,NA,NA,NA,NA,NA
Swaziland,2011,0.0,0.0,0.0,0.0,0.0,0.0,NA,NA,NA,NA,NA,NA
Swaziland,2012,0.0,0.0,0.0,0.0,0.0,0.0,NA,NA,NA,NA,NA,NA
Swaziland,2013,0.0,0.0,0.0,0.0,0.0,0.0,NA,NA,NA,NA,NA,NA
Swaziland,2014,0.0,0.0,0.0,0.0,0.0,0.0,NA,NA,NA,NA,NA,NA
Swaziland,2015,0.0,0.0,0.0,0.0,0.0,0.0,NA,NA,NA,NA,NA,NA
Swaziland,2016,0.0,0.0,0.0,0.0,0.0,0.0,NA,NA,NA,NA,NA,NA
Swaziland,2017,0.0,0.0,0.0,0.0,0.0,0.0,NA,NA,NA,NA,NA,NA
Swaziland,2018,0.0,0.0,0.0,0.0,0.0,0.0,NA,NA,NA,NA,NA,NA
Swaziland,2019,0.0,0.0,0.0,0.0,0.0,0.0,NA,NA,NA,NA,NA,NA
Swaziland,2020,0.0,0.0,0.0,0.0,0.0,0.0,NA,NA,NA,NA,NA,NA
Swaziland,2021,0.0,0.0,0.0,0.0,0.0,0.0,NA,NA,NA,NA,NA,NA
Swaziland,2022,0.0,0.0,0.0,0.0,0.0,0.0,NA,NA,NA,NA,NA,NA
Swaziland,2023,0.0,0.0,0.0,0.0,0.0,0.0,NA,NA,NA,NA,NA,NA
Swaziland,2024,0.0,0.0,0.0,0.0,0.0,0.0,NA,NA,NA,NA,NA,NA
Swaziland,2025,0.0,0.0,0.0,0.0,0.0,0.0,NA,NA,NA,NA,NA,NA
Sweden,1989,0.0,0.0,0.0,0.0,0.0,0.0,NA,NA,NA,NA,NA,NA
Sweden,1990,0.0,0.0,0.0,0.0,0.0,0.0,NA,NA,NA,NA,NA,NA
Sweden,1991,0.0,21.134080657975446,21.134080657975446,0.0,27.656206002160165,27.656206002160165,NA,NA,NA,NA,NA,NA
Sweden,1992,0.0,20.921654479747318,20.921654479747318,0.0,27.37822361719602,27.37822361719602,NA,NA,NA,NA,NA,NA
Sweden,1993,0.0,26.200100476155434,26.200100476155434,0.0,34.28563502583238,34.28563502583238,NA,NA,NA,NA,NA,NA
Sweden,1994,0.0,27.15799907703845,27.15799907703845,0.0,35.539147845430904,35.539147845430904,NA,NA,NA,NA,NA,NA
Sweden,1995,0.0,26.18776111728577,26.18776111728577,0.0,34.26948765437313,34.26948765437313,NA,NA,NA,NA,NA,NA
Sweden,1996,0.0,28.201665621537472,28.201665621537472,0.0,36.90489719688591,36.90489719688591,NA,NA,NA,NA,NA,NA
Sweden,1997,0.0,27.78528063364193,27.78528063364193,0.0,36.36001288477364,36.36001288477364,NA,NA,NA,NA,NA,NA
Sweden,1998,0.0,27.546433170261874,27.546433170261874,0.0,36.04745542096746,36.04745542096746,NA,NA,NA,NA,NA,NA
Sweden,1999,0.0,27.272639474293467,27.272639474293467,0.0,35.68916707238308,35.68916707238308,NA,NA,NA,NA,NA,NA
Sweden,2000,0.0,26.373129592661186,26.373129592661186,0.0,34.51206213983362,34.51206213983362,NA,NA,NA,NA,NA,NA
Sweden,2001,0.0,36.81303662966142,36.81303662966142,0.0,48.173797624396634,48.173797624396634,NA,NA,NA,NA,NA,NA
Sweden,2002,0.0,42.5417454412137,42.5417454412137,0.0,55.670426107211235,55.670426107211235,NA,NA,NA,NA,NA,NA
Sweden,2003,0.0,50.42452683531667,50.42452683531667,0.0,65.9858890617371,65.9858890617371,NA,NA,NA,NA,NA,NA
Sweden,2004,0.0,59.88333640201963,59.88333640201963,0.0,78.36375352366824,78.36375352366824,NA,NA,NA,NA,NA,NA
Sweden,2005,10.521219498594391,59.691989837211025,70.21320933580542,13.768141541433161,78.11335606849644,91.88149760992961,NA,NA,NA,NA,NA,NA
Sweden,2006,8.653003681480882,58.97774763651317,67.63075131799405,11.323381235520014,77.17869372109587,88.50207495661589,NA,NA,NA,NA,NA,NA
Sweden,2007,0.3201806369997629,58.18102652073698,58.501207157736744,0.41899062457806385,76.13609888762427,76.55508951220233,NA,NA,NA,NA,NA,NA
Sweden,2008,8.15721117814673,60.95324227252541,69.11045345067214,10.674583692421702,79.7638398409532,90.4384235333749,NA,NA,NA,NA,NA,NA
Sweden,2009,6.0296496097161345,62.11182099112854,68.14147060084467,7.89044171950883,81.27996406844899,89.17040578795782,NA,NA,NA,NA,NA,NA
Sweden,2010,6.508246681193045,61.59589337569216,68.1041400568852,8.516737200017513,80.60481757659876,89.12155477661628,NA,NA,NA,NA,NA,NA
Sweden,2011,5.807960653311582,61.21459949203115,67.02256014534274,7.6003379981333525,80.10585372931577,87.70619172744912,NA,NA,NA,NA,NA,NA
Sweden,2012,3.5774607862040657,62.30205925027185,65.87952003647592,4.681490246445735,81.52891118706304,86.21040143350878,NA,NA,NA,NA,NA,NA
Sweden,2013,2.1451348015874485,61.540879471551975,63.68601427313942,2.8071384289298282,80.53282599624536,83.3399644251752,NA,NA,NA,NA,NA,NA
Sweden,2014,2.803991824346064,60.34348366390205,63.14747548824811,3.669323344482608,78.96590545409286,82.63522879857547,NA,NA,NA,NA,NA,NA
Sweden,2015,3.5395096645090165,61.49543091006831,65.03494057457732,4.631827142732007,80.47335169030153,85.10517883303353,NA,NA,NA,NA,NA,NA
Sweden,2016,2.425602609910019,60.23675580775321,62.66235841766323,3.1741605676958318,78.82624063386294,82.00040120155877,NA,NA,NA,NA,NA,NA
Sweden,2017,2.5856558154394063,59.53768464235479,62.1233404577942,3.383607313691683,77.9114312095347,81.29503852322638,NA,NA,NA,NA,NA,NA
Sweden,2018,6.837432437614648,59.008439570638174,65.84587200825283,8.947511986955652,77.21885740110177,86.16636938805742,NA,NA,NA,NA,NA,NA
Sweden,2019,10.499035805661313,58.80027324472017,69.29930905038148,13.739111805454828,76.94644948871272,90.68556129416754,NA,NA,NA,NA,NA,NA
Sweden,2020,10.264290599134586,58.791448526739835,69.05573912587442,13.43192258370494,76.93490140094278,90.36682398464772,NA,NA,NA,NA,NA,NA
Sweden,2021,21.611087834877022,57.626963737991446,79.23805157286847,28.28042093548969,75.41104844868038,103.69146938417006,NA,NA,NA,NA,NA,NA
Sweden,2022,30.873633490189576,56.796060963540185,87.66969445372976,40.401453068064,74.32372325720968,114.72517632527368,NA,NA,NA,NA,NA,NA
Sweden,2023,30.12007218619978,58.19483423636504,88.31490642256482,39.41533746664874,76.15416776102401,115.56950522767275,NA,NA,NA,NA,NA,NA
Sweden,2024,23.317722311650012,63.584867829040405,86.90259014069042,30.51373476748791,83.20760347985379,113.72133824734169,NA,NA,NA,NA,NA,NA
Sweden,2025,26.00919619228275,0.0,26.00919619228275,34.035816342591694,0.0,34.035816342591694,NA,NA,NA,NA,NA,NA
Switzerland,1989,0.0,0.0,0.0,0.0,0.0,0.0,NA,NA,NA,NA,NA,NA
Switzerland,1990,0.0,0.0,0.0,0.0,0.0,0.0,NA,NA,NA,NA,NA,NA
Switzerland,1991,0.0,0.0,0.0,0.0,0.0,0.0,NA,NA,NA,NA,NA,NA
Switzerland,1992,0.0,0.0,0.0,0.0,0.0,0.0,NA,NA,NA,NA,NA,NA
Switzerland,1993,0.0,0.0,0.0,0.0,0.0,0.0,NA,NA,NA,NA,NA,NA
Switzerland,1994,0.0,0.0,0.0,0.0,0.0,0.0,NA,NA,NA,NA,NA,NA
Switzerland,1995,0.0,0.0,0.0,0.0,0.0,0.0,NA,NA,NA,NA,NA,NA
Switzerland,1996,0.0,0.0,0.0,0.0,0.0,0.0,NA,NA,NA,NA,NA,NA
Switzerland,1997,0.0,0.0,0.0,0.0,0.0,0.0,NA,NA,NA,NA,NA,NA
Switzerland,1998,0.0,0.0,0.0,0.0,0.0,0.0,NA,NA,NA,NA,NA,NA
Switzerland,1999,0.0,0.0,0.0,0.0,0.0,0.0,NA,NA,NA,NA,NA,NA
Switzerland,2000,0.0,0.0,0.0,0.0,0.0,0.0,NA,NA,NA,NA,NA,NA
Switzerland,2001,0.0,0.0,0.0,0.0,0.0,0.0,NA,NA,NA,NA,NA,NA
Switzerland,2002,0.0,0.0,0.0,0.0,0.0,0.0,NA,NA,NA,NA,NA,NA
Switzerland,2003,0.0,0.0,0.0,0.0,0.0,0.0,NA,NA,NA,NA,NA,NA
Switzerland,2004,0.0,0.0,0.0,0.0,0.0,0.0,NA,NA,NA,NA,NA,NA
Switzerland,2005,0.0,0.0,0.0,0.0,0.0,0.0,NA,NA,NA,NA,NA,NA
Switzerland,2006,0.0,0.0,0.0,0.0,0.0,0.0,NA,NA,NA,NA,NA,NA
Switzerland,2007,0.0,0.0,0.0,0.0,0.0,0.0,NA,NA,NA,NA,NA,NA
Switzerland,2008,0.0,3.112392638892725,3.112392638892725,0.0,3.785444599392391,3.785444599392391,NA,NA,NA,NA,NA,NA
Switzerland,2009,0.0,3.098216935914571,3.098216935914571,0.0,3.768203414070627,3.768203414070627,NA,NA,NA,NA,NA,NA
Switzerland,2010,0.0,9.265673650910982,9.265673650910982,0.0,11.269366802657533,11.269366802657533,NA,NA,NA,NA,NA,NA
Switzerland,2011,0.0,9.26756914299385,9.26756914299385,0.0,11.271672193108152,11.271672193108152,NA,NA,NA,NA,NA,NA
Switzerland,2012,0.0,9.261667586255387,9.261667586255387,0.0,11.2644944303142,11.2644944303142,NA,NA,NA,NA,NA,NA
Switzerland,2013,0.0,9.269717652850035,9.269717652850035,0.0,11.274285316185946,11.274285316185946,NA,NA,NA,NA,NA,NA
Switzerland,2014,4.105157916990273,15.551097336950155,19.65625525394043,4.992894428658028,18.91400740805195,23.906901836709977,NA,NA,NA,NA,NA,NA
Switzerland,2015,1.614608981722279,15.750348197551013,17.36495717927329,1.9637666448682636,19.156346078552772,21.120112723421038,NA,NA,NA,NA,NA,NA
Switzerland,2016,1.0587019937849074,22.179860738935346,23.238562732720254,1.2876452972735506,26.97623461779817,28.26387991507172,NA,NA,NA,NA,NA,NA
Switzerland,2017,0.986114146538533,22.261754883031678,23.24786902957021,1.1993603968060882,27.075838292995655,28.275198689801744,NA,NA,NA,NA,NA,NA
Switzerland,2018,0.9068588128162703,25.24902997152989,26.15588878434616,1.102966172226918,30.709108790216092,31.81207496244301,NA,NA,NA,NA,NA,NA
Switzerland,2019,1.7520439945676098,25.275289773513826,27.027333768081437,2.130921849080502,30.74104724950912,32.871969098589624,NA,NA,NA,NA,NA,NA
Switzerland,2020,3.5482411866165213,25.45325578723713,29.00149697385365,4.315544982781367,30.957498245153403,35.27304322793477,NA,NA,NA,NA,NA,NA
Switzerland,2021,6.631191532684719,25.13996356916896,31.77115510185368,8.065180421409906,30.576456881638375,38.641637303048284,NA,NA,NA,NA,NA,NA
Switzerland,2022,10.256214275517808,30.659341817174862,40.91555609269267,12.474110899221987,37.28939544852525,49.76350634774724,NA,NA,NA,NA,NA,NA
Switzerland,2023,10.76154319625691,30.348778492478093,41.110321688735006,13.088716720487895,36.91167309898873,50.000389819476624,NA,NA,NA,NA,NA,NA
Switzerland,2024,7.988866366338227,30.348778492478093,38.33764485881632,9.716451152024746,36.91167309898873,46.628124251013475,NA,NA,NA,NA,NA,NA
Switzerland,2025,0.0,30.348778492478093,30.348778492478093,0.0,36.91167309898873,36.91167309898873,NA,NA,NA,NA,NA,NA
Syrian Arab Republic,1989,0.0,0.0,0.0,0.0,0.0,0.0,NA,NA,NA,NA,NA,NA
Syrian Arab Republic,1990,0.0,0.0,0.0,0.0,0.0,0.0,NA,NA,NA,NA,NA,NA
Syrian Arab Republic,1991,0.0,0.0,0.0,0.0,0.0,0.0,NA,NA,NA,NA,NA,NA
Syrian Arab Republic,1992,0.0,0.0,0.0,0.0,0.0,0.0,NA,NA,NA,NA,NA,NA
Syrian Arab Republic,1993,0.0,0.0,0.0,0.0,0.0,0.0,NA,NA,NA,NA,NA,NA
Syrian Arab Republic,1994,0.0,0.0,0.0,0.0,0.0,0.0,NA,NA,NA,NA,NA,NA
Syrian Arab Republic,1995,0.0,0.0,0.0,0.0,0.0,0.0,NA,NA,NA,NA,NA,NA
Syrian Arab Republic,1996,0.0,0.0,0.0,0.0,0.0,0.0,NA,NA,NA,NA,NA,NA
Syrian Arab Republic,1997,0.0,0.0,0.0,0.0,0.0,0.0,NA,NA,NA,NA,NA,NA
Syrian Arab Republic,1998,0.0,0.0,0.0,0.0,0.0,0.0,NA,NA,NA,NA,NA,NA
Syrian Arab Republic,1999,0.0,0.0,0.0,0.0,0.0,0.0,NA,NA,NA,NA,NA,NA
Syrian Arab Republic,2000,0.0,0.0,0.0,0.0,0.0,0.0,NA,NA,NA,NA,NA,NA
Syrian Arab Republic,2001,0.0,0.0,0.0,0.0,0.0,0.0,NA,NA,NA,NA,NA,NA
Syrian Arab Republic,2002,0.0,0.0,0.0,0.0,0.0,0.0,NA,NA,NA,NA,NA,NA
Syrian Arab Republic,2003,0.0,0.0,0.0,0.0,0.0,0.0,NA,NA,NA,NA,NA,NA
Syrian Arab Republic,2004,0.0,0.0,0.0,0.0,0.0,0.0,NA,NA,NA,NA,NA,NA
Syrian Arab Republic,2005,0.0,0.0,0.0,0.0,0.0,0.0,NA,NA,NA,NA,NA,NA
Syrian Arab Republic,2006,0.0,0.0,0.0,0.0,0.0,0.0,NA,NA,NA,NA,NA,NA
Syrian Arab Republic,2007,0.0,0.0,0.0,0.0,0.0,0.0,NA,NA,NA,NA,NA,NA
Syrian Arab Republic,2008,0.0,0.0,0.0,0.0,0.0,0.0,NA,NA,NA,NA,NA,NA
Syrian Arab Republic,2009,0.0,0.0,0.0,0.0,0.0,0.0,NA,NA,NA,NA,NA,NA
Syrian Arab Republic,2010,0.0,0.0,0.0,0.0,0.0,0.0,NA,NA,NA,NA,NA,NA
Syrian Arab Republic,2011,0.0,0.0,0.0,0.0,0.0,0.0,NA,NA,NA,NA,NA,NA
Syrian Arab Republic,2012,0.0,0.0,0.0,0.0,0.0,0.0,NA,NA,NA,NA,NA,NA
Syrian Arab Republic,2013,0.0,0.0,0.0,0.0,0.0,0.0,NA,NA,NA,NA,NA,NA
Syrian Arab Republic,2014,0.0,0.0,0.0,0.0,0.0,0.0,NA,NA,NA,NA,NA,NA
Syrian Arab Republic,2015,0.0,0.0,0.0,0.0,0.0,0.0,NA,NA,NA,NA,NA,NA
Syrian Arab Republic,2016,0.0,0.0,0.0,0.0,0.0,0.0,NA,NA,NA,NA,NA,NA
Syrian Arab Republic,2017,0.0,0.0,0.0,0.0,0.0,0.0,NA,NA,NA,NA,NA,NA
Syrian Arab Republic,2018,0.0,0.0,0.0,0.0,0.0,0.0,NA,NA,NA,NA,NA,NA
Syrian Arab Republic,2019,0.0,0.0,0.0,0.0,0.0,0.0,NA,NA,NA,NA,NA,NA
Syrian Arab Republic,2020,0.0,0.0,0.0,0.0,0.0,0.0,NA,NA,NA,NA,NA,NA
Syrian Arab Republic,2021,0.0,0.0,0.0,0.0,0.0,0.0,NA,NA,NA,NA,NA,NA
Syrian Arab Republic,2022,0.0,0.0,0.0,0.0,0.0,0.0,NA,NA,NA,NA,NA,NA
Syrian Arab Republic,2023,0.0,0.0,0.0,0.0,0.0,0.0,NA,NA,NA,NA,NA,NA
Syrian Arab Republic,2024,0.0,0.0,0.0,0.0,0.0,0.0,NA,NA,NA,NA,NA,NA
Syrian Arab Republic,2025,0.0,0.0,0.0,0.0,0.0,0.0,NA,NA,NA,NA,NA,NA
Tabasco,1989,0.0,0.0,0.0,0.0,0.0,0.0,0.0,0.0,0.0,0.0,0.0,0.0
Tabasco,1990,0.0,0.0,0.0,0.0,0.0,0.0,0.0,0.0,0.0,0.0,0.0,0.0
Tabasco,1991,0.0,0.0,0.0,0.0,0.0,0.0,0.0,0.0,0.0,0.0,0.0,0.0
Tabasco,1992,0.0,0.0,0.0,0.0,0.0,0.0,0.0,0.0,0.0,0.0,0.0,0.0
Tabasco,1993,0.0,0.0,0.0,0.0,0.0,0.0,0.0,0.0,0.0,0.0,0.0,0.0
Tabasco,1994,0.0,0.0,0.0,0.0,0.0,0.0,0.0,0.0,0.0,0.0,0.0,0.0
Tabasco,1995,0.0,0.0,0.0,0.0,0.0,0.0,0.0,0.0,0.0,0.0,0.0,0.0
Tabasco,1996,0.0,0.0,0.0,0.0,0.0,0.0,0.0,0.0,0.0,0.0,0.0,0.0
Tabasco,1997,0.0,0.0,0.0,0.0,0.0,0.0,0.0,0.0,0.0,0.0,0.0,0.0
Tabasco,1998,0.0,0.0,0.0,0.0,0.0,0.0,0.0,0.0,0.0,0.0,0.0,0.0
Tabasco,1999,0.0,0.0,0.0,0.0,0.0,0.0,0.0,0.0,0.0,0.0,0.0,0.0
Tabasco,2000,0.0,0.0,0.0,0.0,0.0,0.0,0.0,0.0,0.0,0.0,0.0,0.0
Tabasco,2001,0.0,0.0,0.0,0.0,0.0,0.0,0.0,0.0,0.0,0.0,0.0,0.0
Tabasco,2002,0.0,0.0,0.0,0.0,0.0,0.0,0.0,0.0,0.0,0.0,0.0,0.0
Tabasco,2003,0.0,0.0,0.0,0.0,0.0,0.0,0.0,0.0,0.0,0.0,0.0,0.0
Tabasco,2004,0.0,0.0,0.0,0.0,0.0,0.0,0.0,0.0,0.0,0.0,0.0,0.0
Tabasco,2005,0.0,0.0,0.0,0.0,0.0,0.0,0.0,0.0,0.0,0.0,0.0,0.0
Tabasco,2006,0.0,0.0,0.0,0.0,0.0,0.0,0.0,0.0,0.0,0.0,0.0,0.0
Tabasco,2007,0.0,0.0,0.0,0.0,0.0,0.0,0.0,0.0,0.0,0.0,0.0,0.0
Tabasco,2008,0.0,0.0,0.0,0.0,0.0,0.0,0.0,0.0,0.0,0.0,0.0,0.0
Tabasco,2009,0.0,0.0,0.0,0.0,0.0,0.0,0.0,0.0,0.0,0.0,0.0,0.0
Tabasco,2010,0.0,0.0,0.0,0.0,0.0,0.0,0.0,0.0,0.0,0.0,0.0,0.0
Tabasco,2011,0.0,0.0,0.0,0.0,0.0,0.0,0.0,0.0,0.0,0.0,0.0,0.0
Tabasco,2012,0.0,0.0,0.0,0.0,0.0,0.0,0.0,0.0,0.0,0.0,0.0,0.0
Tabasco,2013,0.0,0.0,0.0,0.0,0.0,0.0,0.0,0.0,0.0,0.0,0.0,0.0
Tabasco,2014,0.0,0.0,0.0,0.0,0.0,0.0,0.0,0.0,0.0,0.0,0.0,0.0
Tabasco,2015,0.0,0.0,0.0,0.0,0.0,0.0,0.0,0.0,0.0,0.0,0.0,0.0
Tabasco,2016,0.0,0.0,0.0,0.0,0.0,0.0,0.0,0.0,0.0,0.0,0.0,0.0
Tabasco,2017,0.0,0.0,0.0,0.0,0.0,0.0,0.0,0.0,0.0,0.0,0.0,0.0
Tabasco,2018,0.0,0.0,0.0,0.0,0.0,0.0,0.0,0.0,0.0,0.0,0.0,0.0
Tabasco,2019,0.0,0.0,0.0,0.0,0.0,0.0,0.0,0.0,0.0,0.0,0.0,0.0
Tabasco,2020,0.0,0.0,0.0,0.0,0.0,0.0,0.0,0.0,0.0,0.0,0.0,0.0
Tabasco,2021,0.0,0.0,0.0,0.0,0.0,0.0,0.0,0.0,0.0,0.0,0.0,0.0
Tabasco,2022,0.0,0.0,0.0,0.0,0.0,0.0,0.0,0.0,0.0,0.0,0.0,0.0
Tabasco,2023,0.0,0.0,0.0,0.0,0.0,0.0,0.0,0.0,0.0,0.0,0.0,0.0
Tabasco,2024,0.0,0.0,0.0,0.0,0.0,0.0,0.0,0.0,0.0,0.0,0.0,0.0
Tabasco,2025,0.0,0.0,0.0,0.0,0.0,0.0,0.0,0.0,0.0,0.0,0.0,0.0
"Taiwan, China",1989,0.0,0.0,0.0,0.0,0.0,0.0,NA,NA,NA,NA,NA,NA
"Taiwan, China",1990,0.0,0.0,0.0,0.0,0.0,0.0,NA,NA,NA,NA,NA,NA
"Taiwan, China",1991,0.0,0.0,0.0,0.0,0.0,0.0,NA,NA,NA,NA,NA,NA
"Taiwan, China",1992,0.0,0.0,0.0,0.0,0.0,0.0,NA,NA,NA,NA,NA,NA
"Taiwan, China",1993,0.0,0.0,0.0,0.0,0.0,0.0,NA,NA,NA,NA,NA,NA
"Taiwan, China",1994,0.0,0.0,0.0,0.0,0.0,0.0,NA,NA,NA,NA,NA,NA
"Taiwan, China",1995,0.0,0.0,0.0,0.0,0.0,0.0,NA,NA,NA,NA,NA,NA
"Taiwan, China",1996,0.0,0.0,0.0,0.0,0.0,0.0,NA,NA,NA,NA,NA,NA
"Taiwan, China",1997,0.0,0.0,0.0,0.0,0.0,0.0,NA,NA,NA,NA,NA,NA
"Taiwan, China",1998,0.0,0.0,0.0,0.0,0.0,0.0,NA,NA,NA,NA,NA,NA
"Taiwan, China",1999,0.0,0.0,0.0,0.0,0.0,0.0,NA,NA,NA,NA,NA,NA
"Taiwan, China",2000,0.0,0.0,0.0,0.0,0.0,0.0,NA,NA,NA,NA,NA,NA
"Taiwan, China",2001,0.0,0.0,0.0,0.0,0.0,0.0,NA,NA,NA,NA,NA,NA
"Taiwan, China",2002,0.0,0.0,0.0,0.0,0.0,0.0,NA,NA,NA,NA,NA,NA
"Taiwan, China",2003,0.0,0.0,0.0,0.0,0.0,0.0,NA,NA,NA,NA,NA,NA
"Taiwan, China",2004,0.0,0.0,0.0,0.0,0.0,0.0,NA,NA,NA,NA,NA,NA
"Taiwan, China",2005,0.0,0.0,0.0,0.0,0.0,0.0,NA,NA,NA,NA,NA,NA
"Taiwan, China",2006,0.0,0.0,0.0,0.0,0.0,0.0,NA,NA,NA,NA,NA,NA
"Taiwan, China",2007,0.0,0.0,0.0,0.0,0.0,0.0,NA,NA,NA,NA,NA,NA
"Taiwan, China",2008,0.0,0.0,0.0,0.0,0.0,0.0,NA,NA,NA,NA,NA,NA
"Taiwan, China",2009,0.0,0.0,0.0,0.0,0.0,0.0,NA,NA,NA,NA,NA,NA
"Taiwan, China",2010,0.0,0.0,0.0,0.0,0.0,0.0,NA,NA,NA,NA,NA,NA
"Taiwan, China",2011,0.0,0.0,0.0,0.0,0.0,0.0,NA,NA,NA,NA,NA,NA
"Taiwan, China",2012,0.0,0.0,0.0,0.0,0.0,0.0,NA,NA,NA,NA,NA,NA
"Taiwan, China",2013,0.0,0.0,0.0,0.0,0.0,0.0,NA,NA,NA,NA,NA,NA
"Taiwan, China",2014,0.0,0.0,0.0,0.0,0.0,0.0,NA,NA,NA,NA,NA,NA
"Taiwan, China",2015,0.0,0.0,0.0,0.0,0.0,0.0,NA,NA,NA,NA,NA,NA
"Taiwan, China",2016,0.0,0.0,0.0,0.0,0.0,0.0,NA,NA,NA,NA,NA,NA
"Taiwan, China",2017,0.0,0.0,0.0,0.0,0.0,0.0,NA,NA,NA,NA,NA,NA
"Taiwan, China",2018,0.0,0.0,0.0,0.0,0.0,0.0,NA,NA,NA,NA,NA,NA
"Taiwan, China",2019,0.0,0.0,0.0,0.0,0.0,0.0,NA,NA,NA,NA,NA,NA
"Taiwan, China",2020,0.0,0.0,0.0,0.0,0.0,0.0,NA,NA,NA,NA,NA,NA
"Taiwan, China",2021,0.0,0.0,0.0,0.0,0.0,0.0,NA,NA,NA,NA,NA,NA
"Taiwan, China",2022,0.0,0.0,0.0,0.0,0.0,0.0,NA,NA,NA,NA,NA,NA
"Taiwan, China",2023,0.0,0.0,0.0,0.0,0.0,0.0,NA,NA,NA,NA,NA,NA
"Taiwan, China",2024,0.0,0.0,0.0,0.0,0.0,0.0,NA,NA,NA,NA,NA,NA
"Taiwan, China",2025,0.0,0.0,0.0,0.0,0.0,0.0,NA,NA,NA,NA,NA,NA
Tajikistan,1989,0.0,0.0,0.0,0.0,0.0,0.0,NA,NA,NA,NA,NA,NA
Tajikistan,1990,0.0,0.0,0.0,0.0,0.0,0.0,NA,NA,NA,NA,NA,NA
Tajikistan,1991,0.0,0.0,0.0,0.0,0.0,0.0,NA,NA,NA,NA,NA,NA
Tajikistan,1992,0.0,0.0,0.0,0.0,0.0,0.0,NA,NA,NA,NA,NA,NA
Tajikistan,1993,0.0,0.0,0.0,0.0,0.0,0.0,NA,NA,NA,NA,NA,NA
Tajikistan,1994,0.0,0.0,0.0,0.0,0.0,0.0,NA,NA,NA,NA,NA,NA
Tajikistan,1995,0.0,0.0,0.0,0.0,0.0,0.0,NA,NA,NA,NA,NA,NA
Tajikistan,1996,0.0,0.0,0.0,0.0,0.0,0.0,NA,NA,NA,NA,NA,NA
Tajikistan,1997,0.0,0.0,0.0,0.0,0.0,0.0,NA,NA,NA,NA,NA,NA
Tajikistan,1998,0.0,0.0,0.0,0.0,0.0,0.0,NA,NA,NA,NA,NA,NA
Tajikistan,1999,0.0,0.0,0.0,0.0,0.0,0.0,NA,NA,NA,NA,NA,NA
Tajikistan,2000,0.0,0.0,0.0,0.0,0.0,0.0,NA,NA,NA,NA,NA,NA
Tajikistan,2001,0.0,0.0,0.0,0.0,0.0,0.0,NA,NA,NA,NA,NA,NA
Tajikistan,2002,0.0,0.0,0.0,0.0,0.0,0.0,NA,NA,NA,NA,NA,NA
Tajikistan,2003,0.0,0.0,0.0,0.0,0.0,0.0,NA,NA,NA,NA,NA,NA
Tajikistan,2004,0.0,0.0,0.0,0.0,0.0,0.0,NA,NA,NA,NA,NA,NA
Tajikistan,2005,0.0,0.0,0.0,0.0,0.0,0.0,NA,NA,NA,NA,NA,NA
Tajikistan,2006,0.0,0.0,0.0,0.0,0.0,0.0,NA,NA,NA,NA,NA,NA
Tajikistan,2007,0.0,0.0,0.0,0.0,0.0,0.0,NA,NA,NA,NA,NA,NA
Tajikistan,2008,0.0,0.0,0.0,0.0,0.0,0.0,NA,NA,NA,NA,NA,NA
Tajikistan,2009,0.0,0.0,0.0,0.0,0.0,0.0,NA,NA,NA,NA,NA,NA
Tajikistan,2010,0.0,0.0,0.0,0.0,0.0,0.0,NA,NA,NA,NA,NA,NA
Tajikistan,2011,0.0,0.0,0.0,0.0,0.0,0.0,NA,NA,NA,NA,NA,NA
Tajikistan,2012,0.0,0.0,0.0,0.0,0.0,0.0,NA,NA,NA,NA,NA,NA
Tajikistan,2013,0.0,0.0,0.0,0.0,0.0,0.0,NA,NA,NA,NA,NA,NA
Tajikistan,2014,0.0,0.0,0.0,0.0,0.0,0.0,NA,NA,NA,NA,NA,NA
Tajikistan,2015,0.0,0.0,0.0,0.0,0.0,0.0,NA,NA,NA,NA,NA,NA
Tajikistan,2016,0.0,0.0,0.0,0.0,0.0,0.0,NA,NA,NA,NA,NA,NA
Tajikistan,2017,0.0,0.0,0.0,0.0,0.0,0.0,NA,NA,NA,NA,NA,NA
Tajikistan,2018,0.0,0.0,0.0,0.0,0.0,0.0,NA,NA,NA,NA,NA,NA
Tajikistan,2019,0.0,0.0,0.0,0.0,0.0,0.0,NA,NA,NA,NA,NA,NA
Tajikistan,2020,0.0,0.0,0.0,0.0,0.0,0.0,NA,NA,NA,NA,NA,NA
Tajikistan,2021,0.0,0.0,0.0,0.0,0.0,0.0,NA,NA,NA,NA,NA,NA
Tajikistan,2022,0.0,0.0,0.0,0.0,0.0,0.0,NA,NA,NA,NA,NA,NA
Tajikistan,2023,0.0,0.0,0.0,0.0,0.0,0.0,NA,NA,NA,NA,NA,NA
Tajikistan,2024,0.0,0.0,0.0,0.0,0.0,0.0,NA,NA,NA,NA,NA,NA
Tajikistan,2025,0.0,0.0,0.0,0.0,0.0,0.0,NA,NA,NA,NA,NA,NA
Tamaulipas,1989,0.0,0.0,0.0,0.0,0.0,0.0,0.0,0.0,0.0,0.0,0.0,0.0
Tamaulipas,1990,0.0,0.0,0.0,0.0,0.0,0.0,0.0,0.0,0.0,0.0,0.0,0.0
Tamaulipas,1991,0.0,0.0,0.0,0.0,0.0,0.0,0.0,0.0,0.0,0.0,0.0,0.0
Tamaulipas,1992,0.0,0.0,0.0,0.0,0.0,0.0,0.0,0.0,0.0,0.0,0.0,0.0
Tamaulipas,1993,0.0,0.0,0.0,0.0,0.0,0.0,0.0,0.0,0.0,0.0,0.0,0.0
Tamaulipas,1994,0.0,0.0,0.0,0.0,0.0,0.0,0.0,0.0,0.0,0.0,0.0,0.0
Tamaulipas,1995,0.0,0.0,0.0,0.0,0.0,0.0,0.0,0.0,0.0,0.0,0.0,0.0
Tamaulipas,1996,0.0,0.0,0.0,0.0,0.0,0.0,0.0,0.0,0.0,0.0,0.0,0.0
Tamaulipas,1997,0.0,0.0,0.0,0.0,0.0,0.0,0.0,0.0,0.0,0.0,0.0,0.0
Tamaulipas,1998,0.0,0.0,0.0,0.0,0.0,0.0,0.0,0.0,0.0,0.0,0.0,0.0
Tamaulipas,1999,0.0,0.0,0.0,0.0,0.0,0.0,0.0,0.0,0.0,0.0,0.0,0.0
Tamaulipas,2000,0.0,0.0,0.0,0.0,0.0,0.0,0.0,0.0,0.0,0.0,0.0,0.0
Tamaulipas,2001,0.0,0.0,0.0,0.0,0.0,0.0,0.0,0.0,0.0,0.0,0.0,0.0
Tamaulipas,2002,0.0,0.0,0.0,0.0,0.0,0.0,0.0,0.0,0.0,0.0,0.0,0.0
Tamaulipas,2003,0.0,0.0,0.0,0.0,0.0,0.0,0.0,0.0,0.0,0.0,0.0,0.0
Tamaulipas,2004,0.0,0.0,0.0,0.0,0.0,0.0,0.0,0.0,0.0,0.0,0.0,0.0
Tamaulipas,2005,0.0,0.0,0.0,0.0,0.0,0.0,0.0,0.0,0.0,0.0,0.0,0.0
Tamaulipas,2006,0.0,0.0,0.0,0.0,0.0,0.0,0.0,0.0,0.0,0.0,0.0,0.0
Tamaulipas,2007,0.0,0.0,0.0,0.0,0.0,0.0,0.0,0.0,0.0,0.0,0.0,0.0
Tamaulipas,2008,0.0,0.0,0.0,0.0,0.0,0.0,0.0,0.0,0.0,0.0,0.0,0.0
Tamaulipas,2009,0.0,0.0,0.0,0.0,0.0,0.0,0.0,0.0,0.0,0.0,0.0,0.0
Tamaulipas,2010,0.0,0.0,0.0,0.0,0.0,0.0,0.0,0.0,0.0,0.0,0.0,0.0
Tamaulipas,2011,0.0,0.0,0.0,0.0,0.0,0.0,0.0,0.0,0.0,0.0,0.0,0.0
Tamaulipas,2012,0.0,0.0,0.0,0.0,0.0,0.0,0.0,0.0,0.0,0.0,0.0,0.0
Tamaulipas,2013,0.0,0.0,0.0,0.0,0.0,0.0,0.0,0.0,0.0,0.0,0.0,0.0
Tamaulipas,2014,0.0,0.0,0.0,0.0,0.0,0.0,0.0,0.0,0.0,0.0,0.0,0.0
Tamaulipas,2015,0.0,0.0,0.0,0.0,0.0,0.0,0.0,0.0,0.0,0.0,0.0,0.0
Tamaulipas,2016,0.0,0.0,0.0,0.0,0.0,0.0,0.0,0.0,0.0,0.0,0.0,0.0
Tamaulipas,2017,0.0,0.0,0.0,0.0,0.0,0.0,0.0,0.0,0.0,0.0,0.0,0.0
Tamaulipas,2018,0.0,0.0,0.0,0.0,0.0,0.0,0.0,0.0,0.0,0.0,0.0,0.0
Tamaulipas,2019,0.0,0.0,0.0,0.0,0.0,0.0,0.0,0.0,0.0,0.0,0.0,0.0
Tamaulipas,2020,0.0,0.0,0.0,0.0,0.0,0.0,0.0,0.0,0.0,0.0,0.0,0.0
Tamaulipas,2021,0.0,0.0,0.0,0.0,0.0,0.0,0.0,0.0,0.0,0.0,0.0,0.0
Tamaulipas,2022,0.0,0.0,0.0,0.0,0.0,0.0,0.0,0.0,0.0,0.0,0.0,0.0
Tamaulipas,2023,0.0,0.0,0.0,0.0,0.0,0.0,0.0,0.0,0.0,0.0,0.0,0.0
Tamaulipas,2024,0.0,0.0,0.0,0.0,0.0,0.0,0.0,0.0,0.0,0.0,0.0,0.0
Tamaulipas,2025,0.0,0.0,0.0,0.0,0.0,0.0,0.0,0.0,0.0,0.0,0.0,0.0
Tanzania,1989,0.0,0.0,0.0,0.0,0.0,0.0,NA,NA,NA,NA,NA,NA
Tanzania,1990,0.0,0.0,0.0,0.0,0.0,0.0,NA,NA,NA,NA,NA,NA
Tanzania,1991,0.0,0.0,0.0,0.0,0.0,0.0,NA,NA,NA,NA,NA,NA
Tanzania,1992,0.0,0.0,0.0,0.0,0.0,0.0,NA,NA,NA,NA,NA,NA
Tanzania,1993,0.0,0.0,0.0,0.0,0.0,0.0,NA,NA,NA,NA,NA,NA
Tanzania,1994,0.0,0.0,0.0,0.0,0.0,0.0,NA,NA,NA,NA,NA,NA
Tanzania,1995,0.0,0.0,0.0,0.0,0.0,0.0,NA,NA,NA,NA,NA,NA
Tanzania,1996,0.0,0.0,0.0,0.0,0.0,0.0,NA,NA,NA,NA,NA,NA
Tanzania,1997,0.0,0.0,0.0,0.0,0.0,0.0,NA,NA,NA,NA,NA,NA
Tanzania,1998,0.0,0.0,0.0,0.0,0.0,0.0,NA,NA,NA,NA,NA,NA
Tanzania,1999,0.0,0.0,0.0,0.0,0.0,0.0,NA,NA,NA,NA,NA,NA
Tanzania,2000,0.0,0.0,0.0,0.0,0.0,0.0,NA,NA,NA,NA,NA,NA
Tanzania,2001,0.0,0.0,0.0,0.0,0.0,0.0,NA,NA,NA,NA,NA,NA
Tanzania,2002,0.0,0.0,0.0,0.0,0.0,0.0,NA,NA,NA,NA,NA,NA
Tanzania,2003,0.0,0.0,0.0,0.0,0.0,0.0,NA,NA,NA,NA,NA,NA
Tanzania,2004,0.0,0.0,0.0,0.0,0.0,0.0,NA,NA,NA,NA,NA,NA
Tanzania,2005,0.0,0.0,0.0,0.0,0.0,0.0,NA,NA,NA,NA,NA,NA
Tanzania,2006,0.0,0.0,0.0,0.0,0.0,0.0,NA,NA,NA,NA,NA,NA
Tanzania,2007,0.0,0.0,0.0,0.0,0.0,0.0,NA,NA,NA,NA,NA,NA
Tanzania,2008,0.0,0.0,0.0,0.0,0.0,0.0,NA,NA,NA,NA,NA,NA
Tanzania,2009,0.0,0.0,0.0,0.0,0.0,0.0,NA,NA,NA,NA,NA,NA
Tanzania,2010,0.0,0.0,0.0,0.0,0.0,0.0,NA,NA,NA,NA,NA,NA
Tanzania,2011,0.0,0.0,0.0,0.0,0.0,0.0,NA,NA,NA,NA,NA,NA
Tanzania,2012,0.0,0.0,0.0,0.0,0.0,0.0,NA,NA,NA,NA,NA,NA
Tanzania,2013,0.0,0.0,0.0,0.0,0.0,0.0,NA,NA,NA,NA,NA,NA
Tanzania,2014,0.0,0.0,0.0,0.0,0.0,0.0,NA,NA,NA,NA,NA,NA
Tanzania,2015,0.0,0.0,0.0,0.0,0.0,0.0,NA,NA,NA,NA,NA,NA
Tanzania,2016,0.0,0.0,0.0,0.0,0.0,0.0,NA,NA,NA,NA,NA,NA
Tanzania,2017,0.0,0.0,0.0,0.0,0.0,0.0,NA,NA,NA,NA,NA,NA
Tanzania,2018,0.0,0.0,0.0,0.0,0.0,0.0,NA,NA,NA,NA,NA,NA
Tanzania,2019,0.0,0.0,0.0,0.0,0.0,0.0,NA,NA,NA,NA,NA,NA
Tanzania,2020,0.0,0.0,0.0,0.0,0.0,0.0,NA,NA,NA,NA,NA,NA
Tanzania,2021,0.0,0.0,0.0,0.0,0.0,0.0,NA,NA,NA,NA,NA,NA
Tanzania,2022,0.0,0.0,0.0,0.0,0.0,0.0,NA,NA,NA,NA,NA,NA
Tanzania,2023,0.0,0.0,0.0,0.0,0.0,0.0,NA,NA,NA,NA,NA,NA
Tanzania,2024,0.0,0.0,0.0,0.0,0.0,0.0,NA,NA,NA,NA,NA,NA
Tanzania,2025,0.0,0.0,0.0,0.0,0.0,0.0,NA,NA,NA,NA,NA,NA
Tennessee,1989,0.0,0.0,0.0,0.0,0.0,0.0,0.0,0.0,0.0,0.0,0.0,0.0
Tennessee,1990,0.0,0.0,0.0,0.0,0.0,0.0,0.0,0.0,0.0,0.0,0.0,0.0
Tennessee,1991,0.0,0.0,0.0,0.0,0.0,0.0,0.0,0.0,0.0,0.0,0.0,0.0
Tennessee,1992,0.0,0.0,0.0,0.0,0.0,0.0,0.0,0.0,0.0,0.0,0.0,0.0
Tennessee,1993,0.0,0.0,0.0,0.0,0.0,0.0,0.0,0.0,0.0,0.0,0.0,0.0
Tennessee,1994,0.0,0.0,0.0,0.0,0.0,0.0,0.0,0.0,0.0,0.0,0.0,0.0
Tennessee,1995,0.0,0.0,0.0,0.0,0.0,0.0,0.0,0.0,0.0,0.0,0.0,0.0
Tennessee,1996,0.0,0.0,0.0,0.0,0.0,0.0,0.0,0.0,0.0,0.0,0.0,0.0
Tennessee,1997,0.0,0.0,0.0,0.0,0.0,0.0,0.0,0.0,0.0,0.0,0.0,0.0
Tennessee,1998,0.0,0.0,0.0,0.0,0.0,0.0,0.0,0.0,0.0,0.0,0.0,0.0
Tennessee,1999,0.0,0.0,0.0,0.0,0.0,0.0,0.0,0.0,0.0,0.0,0.0,0.0
Tennessee,2000,0.0,0.0,0.0,0.0,0.0,0.0,0.0,0.0,0.0,0.0,0.0,0.0
Tennessee,2001,0.0,0.0,0.0,0.0,0.0,0.0,0.0,0.0,0.0,0.0,0.0,0.0
Tennessee,2002,0.0,0.0,0.0,0.0,0.0,0.0,0.0,0.0,0.0,0.0,0.0,0.0
Tennessee,2003,0.0,0.0,0.0,0.0,0.0,0.0,0.0,0.0,0.0,0.0,0.0,0.0
Tennessee,2004,0.0,0.0,0.0,0.0,0.0,0.0,0.0,0.0,0.0,0.0,0.0,0.0
Tennessee,2005,0.0,0.0,0.0,0.0,0.0,0.0,0.0,0.0,0.0,0.0,0.0,0.0
Tennessee,2006,0.0,0.0,0.0,0.0,0.0,0.0,0.0,0.0,0.0,0.0,0.0,0.0
Tennessee,2007,0.0,0.0,0.0,0.0,0.0,0.0,0.0,0.0,0.0,0.0,0.0,0.0
Tennessee,2008,0.0,0.0,0.0,0.0,0.0,0.0,0.0,0.0,0.0,0.0,0.0,0.0
Tennessee,2009,0.0,0.0,0.0,0.0,0.0,0.0,0.0,0.0,0.0,0.0,0.0,0.0
Tennessee,2010,0.0,0.0,0.0,0.0,0.0,0.0,0.0,0.0,0.0,0.0,0.0,0.0
Tennessee,2011,0.0,0.0,0.0,0.0,0.0,0.0,0.0,0.0,0.0,0.0,0.0,0.0
Tennessee,2012,0.0,0.0,0.0,0.0,0.0,0.0,0.0,0.0,0.0,0.0,0.0,0.0
Tennessee,2013,0.0,0.0,0.0,0.0,0.0,0.0,0.0,0.0,0.0,0.0,0.0,0.0
Tennessee,2014,0.0,0.0,0.0,0.0,0.0,0.0,0.0,0.0,0.0,0.0,0.0,0.0
Tennessee,2015,0.0,0.0,0.0,0.0,0.0,0.0,0.0,0.0,0.0,0.0,0.0,0.0
Tennessee,2016,0.0,0.0,0.0,0.0,0.0,0.0,0.0,0.0,0.0,0.0,0.0,0.0
Tennessee,2017,0.0,0.0,0.0,0.0,0.0,0.0,0.0,0.0,0.0,0.0,0.0,0.0
Tennessee,2018,0.0,0.0,0.0,0.0,0.0,0.0,0.0,0.0,0.0,0.0,0.0,0.0
Tennessee,2019,0.0,0.0,0.0,0.0,0.0,0.0,0.0,0.0,0.0,0.0,0.0,0.0
Tennessee,2020,0.0,0.0,0.0,0.0,0.0,0.0,0.0,0.0,0.0,0.0,0.0,0.0
Tennessee,2021,0.0,0.0,0.0,0.0,0.0,0.0,0.0,0.0,0.0,0.0,0.0,0.0
Tennessee,2022,0.0,0.0,0.0,0.0,0.0,0.0,0.0,0.0,0.0,0.0,0.0,0.0
Tennessee,2023,0.0,0.0,0.0,0.0,0.0,0.0,0.0,0.0,0.0,0.0,0.0,0.0
Tennessee,2024,0.0,0.0,0.0,0.0,0.0,0.0,0.0,0.0,0.0,0.0,0.0,0.0
Tennessee,2025,0.0,0.0,0.0,0.0,0.0,0.0,0.0,0.0,0.0,0.0,0.0,0.0
Texas,1989,0.0,0.0,0.0,0.0,0.0,0.0,0.0,0.0,0.0,0.0,0.0,0.0
Texas,1990,0.0,0.0,0.0,0.0,0.0,0.0,0.0,0.0,0.0,0.0,0.0,0.0
Texas,1991,0.0,0.0,0.0,0.0,0.0,0.0,0.0,0.0,0.0,0.0,0.0,0.0
Texas,1992,0.0,0.0,0.0,0.0,0.0,0.0,0.0,0.0,0.0,0.0,0.0,0.0
Texas,1993,0.0,0.0,0.0,0.0,0.0,0.0,0.0,0.0,0.0,0.0,0.0,0.0
Texas,1994,0.0,0.0,0.0,0.0,0.0,0.0,0.0,0.0,0.0,0.0,0.0,0.0
Texas,1995,0.0,0.0,0.0,0.0,0.0,0.0,0.0,0.0,0.0,0.0,0.0,0.0
Texas,1996,0.0,0.0,0.0,0.0,0.0,0.0,0.0,0.0,0.0,0.0,0.0,0.0
Texas,1997,0.0,0.0,0.0,0.0,0.0,0.0,0.0,0.0,0.0,0.0,0.0,0.0
Texas,1998,0.0,0.0,0.0,0.0,0.0,0.0,0.0,0.0,0.0,0.0,0.0,0.0
Texas,1999,0.0,0.0,0.0,0.0,0.0,0.0,0.0,0.0,0.0,0.0,0.0,0.0
Texas,2000,0.0,0.0,0.0,0.0,0.0,0.0,0.0,0.0,0.0,0.0,0.0,0.0
Texas,2001,0.0,0.0,0.0,0.0,0.0,0.0,0.0,0.0,0.0,0.0,0.0,0.0
Texas,2002,0.0,0.0,0.0,0.0,0.0,0.0,0.0,0.0,0.0,0.0,0.0,0.0
Texas,2003,0.0,0.0,0.0,0.0,0.0,0.0,0.0,0.0,0.0,0.0,0.0,0.0
Texas,2004,0.0,0.0,0.0,0.0,0.0,0.0,0.0,0.0,0.0,0.0,0.0,0.0
Texas,2005,0.0,0.0,0.0,0.0,0.0,0.0,0.0,0.0,0.0,0.0,0.0,0.0
Texas,2006,0.0,0.0,0.0,0.0,0.0,0.0,0.0,0.0,0.0,0.0,0.0,0.0
Texas,2007,0.0,0.0,0.0,0.0,0.0,0.0,0.0,0.0,0.0,0.0,0.0,0.0
Texas,2008,0.0,0.0,0.0,0.0,0.0,0.0,0.0,0.0,0.0,0.0,0.0,0.0
Texas,2009,0.0,0.0,0.0,0.0,0.0,0.0,0.0,0.0,0.0,0.0,0.0,0.0
Texas,2010,0.0,0.0,0.0,0.0,0.0,0.0,0.0,0.0,0.0,0.0,0.0,0.0
Texas,2011,0.0,0.0,0.0,0.0,0.0,0.0,0.0,0.0,0.0,0.0,0.0,0.0
Texas,2012,0.0,0.0,0.0,0.0,0.0,0.0,0.0,0.0,0.0,0.0,0.0,0.0
Texas,2013,0.0,0.0,0.0,0.0,0.0,0.0,0.0,0.0,0.0,0.0,0.0,0.0
Texas,2014,0.0,0.0,0.0,0.0,0.0,0.0,0.0,0.0,0.0,0.0,0.0,0.0
Texas,2015,0.0,0.0,0.0,0.0,0.0,0.0,0.0,0.0,0.0,0.0,0.0,0.0
Texas,2016,0.0,0.0,0.0,0.0,0.0,0.0,0.0,0.0,0.0,0.0,0.0,0.0
Texas,2017,0.0,0.0,0.0,0.0,0.0,0.0,0.0,0.0,0.0,0.0,0.0,0.0
Texas,2018,0.0,0.0,0.0,0.0,0.0,0.0,0.0,0.0,0.0,0.0,0.0,0.0
Texas,2019,0.0,0.0,0.0,0.0,0.0,0.0,0.0,0.0,0.0,0.0,0.0,0.0
Texas,2020,0.0,0.0,0.0,0.0,0.0,0.0,0.0,0.0,0.0,0.0,0.0,0.0
Texas,2021,0.0,0.0,0.0,0.0,0.0,0.0,0.0,0.0,0.0,0.0,0.0,0.0
Texas,2022,0.0,0.0,0.0,0.0,0.0,0.0,0.0,0.0,0.0,0.0,0.0,0.0
Texas,2023,0.0,0.0,0.0,0.0,0.0,0.0,0.0,0.0,0.0,0.0,0.0,0.0
Texas,2024,0.0,0.0,0.0,0.0,0.0,0.0,0.0,0.0,0.0,0.0,0.0,0.0
Texas,2025,0.0,0.0,0.0,0.0,0.0,0.0,0.0,0.0,0.0,0.0,0.0,0.0
Thailand,1989,0.0,0.0,0.0,0.0,0.0,0.0,NA,NA,NA,NA,NA,NA
Thailand,1990,0.0,0.0,0.0,0.0,0.0,0.0,NA,NA,NA,NA,NA,NA
Thailand,1991,0.0,0.0,0.0,0.0,0.0,0.0,NA,NA,NA,NA,NA,NA
Thailand,1992,0.0,0.0,0.0,0.0,0.0,0.0,NA,NA,NA,NA,NA,NA
Thailand,1993,0.0,0.0,0.0,0.0,0.0,0.0,NA,NA,NA,NA,NA,NA
Thailand,1994,0.0,0.0,0.0,0.0,0.0,0.0,NA,NA,NA,NA,NA,NA
Thailand,1995,0.0,0.0,0.0,0.0,0.0,0.0,NA,NA,NA,NA,NA,NA
Thailand,1996,0.0,0.0,0.0,0.0,0.0,0.0,NA,NA,NA,NA,NA,NA
Thailand,1997,0.0,0.0,0.0,0.0,0.0,0.0,NA,NA,NA,NA,NA,NA
Thailand,1998,0.0,0.0,0.0,0.0,0.0,0.0,NA,NA,NA,NA,NA,NA
Thailand,1999,0.0,0.0,0.0,0.0,0.0,0.0,NA,NA,NA,NA,NA,NA
Thailand,2000,0.0,0.0,0.0,0.0,0.0,0.0,NA,NA,NA,NA,NA,NA
Thailand,2001,0.0,0.0,0.0,0.0,0.0,0.0,NA,NA,NA,NA,NA,NA
Thailand,2002,0.0,0.0,0.0,0.0,0.0,0.0,NA,NA,NA,NA,NA,NA
Thailand,2003,0.0,0.0,0.0,0.0,0.0,0.0,NA,NA,NA,NA,NA,NA
Thailand,2004,0.0,0.0,0.0,0.0,0.0,0.0,NA,NA,NA,NA,NA,NA
Thailand,2005,0.0,0.0,0.0,0.0,0.0,0.0,NA,NA,NA,NA,NA,NA
Thailand,2006,0.0,0.0,0.0,0.0,0.0,0.0,NA,NA,NA,NA,NA,NA
Thailand,2007,0.0,0.0,0.0,0.0,0.0,0.0,NA,NA,NA,NA,NA,NA
Thailand,2008,0.0,0.0,0.0,0.0,0.0,0.0,NA,NA,NA,NA,NA,NA
Thailand,2009,0.0,0.0,0.0,0.0,0.0,0.0,NA,NA,NA,NA,NA,NA
Thailand,2010,0.0,0.0,0.0,0.0,0.0,0.0,NA,NA,NA,NA,NA,NA
Thailand,2011,0.0,0.0,0.0,0.0,0.0,0.0,NA,NA,NA,NA,NA,NA
Thailand,2012,0.0,0.0,0.0,0.0,0.0,0.0,NA,NA,NA,NA,NA,NA
Thailand,2013,0.0,0.0,0.0,0.0,0.0,0.0,NA,NA,NA,NA,NA,NA
Thailand,2014,0.0,0.0,0.0,0.0,0.0,0.0,NA,NA,NA,NA,NA,NA
Thailand,2015,0.0,0.0,0.0,0.0,0.0,0.0,NA,NA,NA,NA,NA,NA
Thailand,2016,0.0,0.0,0.0,0.0,0.0,0.0,NA,NA,NA,NA,NA,NA
Thailand,2017,0.0,0.0,0.0,0.0,0.0,0.0,NA,NA,NA,NA,NA,NA
Thailand,2018,0.0,0.0,0.0,0.0,0.0,0.0,NA,NA,NA,NA,NA,NA
Thailand,2019,0.0,0.0,0.0,0.0,0.0,0.0,NA,NA,NA,NA,NA,NA
Thailand,2020,0.0,0.0,0.0,0.0,0.0,0.0,NA,NA,NA,NA,NA,NA
Thailand,2021,0.0,0.0,0.0,0.0,0.0,0.0,NA,NA,NA,NA,NA,NA
Thailand,2022,0.0,0.0,0.0,0.0,0.0,0.0,NA,NA,NA,NA,NA,NA
Thailand,2023,0.0,0.0,0.0,0.0,0.0,0.0,NA,NA,NA,NA,NA,NA
Thailand,2024,0.0,0.0,0.0,0.0,0.0,0.0,NA,NA,NA,NA,NA,NA
Thailand,2025,0.0,0.0,0.0,0.0,0.0,0.0,NA,NA,NA,NA,NA,NA
Tianjin Municipality,1989,0.0,0.0,0.0,0.0,0.0,0.0,0.0,0.0,0.0,0.0,0.0,0.0
Tianjin Municipality,1990,0.0,0.0,0.0,0.0,0.0,0.0,0.0,0.0,0.0,0.0,0.0,0.0
Tianjin Municipality,1991,0.0,0.0,0.0,0.0,0.0,0.0,0.0,0.0,0.0,0.0,0.0,0.0
Tianjin Municipality,1992,0.0,0.0,0.0,0.0,0.0,0.0,0.0,0.0,0.0,0.0,0.0,0.0
Tianjin Municipality,1993,0.0,0.0,0.0,0.0,0.0,0.0,0.0,0.0,0.0,0.0,0.0,0.0
Tianjin Municipality,1994,0.0,0.0,0.0,0.0,0.0,0.0,0.0,0.0,0.0,0.0,0.0,0.0
Tianjin Municipality,1995,0.0,0.0,0.0,0.0,0.0,0.0,0.0,0.0,0.0,0.0,0.0,0.0
Tianjin Municipality,1996,0.0,0.0,0.0,0.0,0.0,0.0,0.0,0.0,0.0,0.0,0.0,0.0
Tianjin Municipality,1997,0.0,0.0,0.0,0.0,0.0,0.0,0.0,0.0,0.0,0.0,0.0,0.0
Tianjin Municipality,1998,0.0,0.0,0.0,0.0,0.0,0.0,0.0,0.0,0.0,0.0,0.0,0.0
Tianjin Municipality,1999,0.0,0.0,0.0,0.0,0.0,0.0,0.0,0.0,0.0,0.0,0.0,0.0
Tianjin Municipality,2000,0.0,0.0,0.0,0.0,0.0,0.0,0.0,0.0,0.0,0.0,0.0,0.0
Tianjin Municipality,2001,0.0,0.0,0.0,0.0,0.0,0.0,0.0,0.0,0.0,0.0,0.0,0.0
Tianjin Municipality,2002,0.0,0.0,0.0,0.0,0.0,0.0,0.0,0.0,0.0,0.0,0.0,0.0
Tianjin Municipality,2003,0.0,0.0,0.0,0.0,0.0,0.0,0.0,0.0,0.0,0.0,0.0,0.0
Tianjin Municipality,2004,0.0,0.0,0.0,0.0,0.0,0.0,0.0,0.0,0.0,0.0,0.0,0.0
Tianjin Municipality,2005,0.0,0.0,0.0,0.0,0.0,0.0,0.0,0.0,0.0,0.0,0.0,0.0
Tianjin Municipality,2006,0.0,0.0,0.0,0.0,0.0,0.0,0.0,0.0,0.0,0.0,0.0,0.0
Tianjin Municipality,2007,0.0,0.0,0.0,0.0,0.0,0.0,0.0,0.0,0.0,0.0,0.0,0.0
Tianjin Municipality,2008,0.0,0.0,0.0,0.0,0.0,0.0,0.0,0.0,0.0,0.0,0.0,0.0
Tianjin Municipality,2009,0.0,0.0,0.0,0.0,0.0,0.0,0.0,0.0,0.0,0.0,0.0,0.0
Tianjin Municipality,2010,0.0,0.0,0.0,0.0,0.0,0.0,0.0,0.0,0.0,0.0,0.0,0.0
Tianjin Municipality,2011,0.0,0.0,0.0,0.0,0.0,0.0,0.0,0.0,0.0,0.0,0.0,0.0
Tianjin Municipality,2012,0.0,0.0,0.0,0.0,0.0,0.0,0.0,0.0,0.0,0.0,0.0,0.0
Tianjin Municipality,2013,0.0,0.0,0.0,3.644071382932675,0.0,3.644071382932675,0.04188673557561926,0.0,0.04188673557561926,0.050652900941434986,0.0,0.050652900941434986
Tianjin Municipality,2014,0.0,0.0,0.0,3.686979444104131,0.0,3.686979444104131,0.042379941779199404,0.0,0.042379941779199404,0.05124932662680607,0.0,0.05124932662680607
Tianjin Municipality,2015,0.0,0.0,0.0,2.8885943970862327,0.0,2.8885943970862327,0.03320291426305514,0.0,0.03320291426305514,0.040151706835622185,0.0,0.040151706835622185
Tianjin Municipality,2016,0.0,0.0,0.0,2.672017166571096,0.0,2.672017166571096,0.030713469838674314,0.0,0.030713469838674314,0.03714126498345821,0.0,0.03714126498345821
Tianjin Municipality,2017,0.0,0.0,0.0,1.5321867664400732,0.0,1.5321867664400732,0.017611702734178895,0.0,0.017611702734178895,0.021297525857412784,0.0,0.021297525857412784
Tianjin Municipality,2018,0.0,0.0,0.0,1.4563526268259068,0.0,1.4563526268259068,0.01674002810988357,0.0,0.01674002810988357,0.020243424892254416,0.0,0.020243424892254416
Tianjin Municipality,2019,0.0,0.0,0.0,1.5462836525255004,0.0,1.5462836525255004,0.01777373922519426,0.0,0.01777373922519426,0.021493473768261113,0.0,0.021493473768261113
Tianjin Municipality,2020,0.0,0.0,0.0,2.5446526850684923,0.0,2.5446526850684923,0.029249480306687697,0.0,0.029249480306687697,0.03537088790049979,0.0,0.03537088790049979
Tianjin Municipality,2021,0.0,0.0,0.0,1.322514930747264,0.0,1.322514930747264,0.015201632289221957,0.0,0.015201632289221957,0.018383069578290848,0.0,0.018383069578290848
Tianjin Municipality,2022,0.0,0.0,0.0,1.518864202322956,0.0,1.518864202322956,0.017458566677904984,0.0,0.017458566677904984,0.021112341087523023,0.0,0.021112341087523023
Tianjin Municipality,2023,0.0,0.0,0.0,0.0,0.0,0.0,0.0,0.0,0.0,0.0,0.0,0.0
Tianjin Municipality,2024,0.0,0.0,0.0,0.0,0.0,0.0,0.0,0.0,0.0,0.0,0.0,0.0
Tianjin Municipality,2025,0.0,0.0,0.0,1.6530038407751528,0.0,1.6530038407751528,0.019000433171621842,0.0,0.019000433171621842,0.02297689342605897,0.0,0.02297689342605897
Tibet Autonomous Region,1989,0.0,0.0,0.0,0.0,0.0,0.0,0.0,0.0,0.0,0.0,0.0,0.0
Tibet Autonomous Region,1990,0.0,0.0,0.0,0.0,0.0,0.0,0.0,0.0,0.0,0.0,0.0,0.0
Tibet Autonomous Region,1991,0.0,0.0,0.0,0.0,0.0,0.0,0.0,0.0,0.0,0.0,0.0,0.0
Tibet Autonomous Region,1992,0.0,0.0,0.0,0.0,0.0,0.0,0.0,0.0,0.0,0.0,0.0,0.0
Tibet Autonomous Region,1993,0.0,0.0,0.0,0.0,0.0,0.0,0.0,0.0,0.0,0.0,0.0,0.0
Tibet Autonomous Region,1994,0.0,0.0,0.0,0.0,0.0,0.0,0.0,0.0,0.0,0.0,0.0,0.0
Tibet Autonomous Region,1995,0.0,0.0,0.0,0.0,0.0,0.0,0.0,0.0,0.0,0.0,0.0,0.0
Tibet Autonomous Region,1996,0.0,0.0,0.0,0.0,0.0,0.0,0.0,0.0,0.0,0.0,0.0,0.0
Tibet Autonomous Region,1997,0.0,0.0,0.0,0.0,0.0,0.0,0.0,0.0,0.0,0.0,0.0,0.0
Tibet Autonomous Region,1998,0.0,0.0,0.0,0.0,0.0,0.0,0.0,0.0,0.0,0.0,0.0,0.0
Tibet Autonomous Region,1999,0.0,0.0,0.0,0.0,0.0,0.0,0.0,0.0,0.0,0.0,0.0,0.0
Tibet Autonomous Region,2000,0.0,0.0,0.0,0.0,0.0,0.0,0.0,0.0,0.0,0.0,0.0,0.0
Tibet Autonomous Region,2001,0.0,0.0,0.0,0.0,0.0,0.0,0.0,0.0,0.0,0.0,0.0,0.0
Tibet Autonomous Region,2002,0.0,0.0,0.0,0.0,0.0,0.0,0.0,0.0,0.0,0.0,0.0,0.0
Tibet Autonomous Region,2003,0.0,0.0,0.0,0.0,0.0,0.0,0.0,0.0,0.0,0.0,0.0,0.0
Tibet Autonomous Region,2004,0.0,0.0,0.0,0.0,0.0,0.0,0.0,0.0,0.0,0.0,0.0,0.0
Tibet Autonomous Region,2005,0.0,0.0,0.0,0.0,0.0,0.0,0.0,0.0,0.0,0.0,0.0,0.0
Tibet Autonomous Region,2006,0.0,0.0,0.0,0.0,0.0,0.0,0.0,0.0,0.0,0.0,0.0,0.0
Tibet Autonomous Region,2007,0.0,0.0,0.0,0.0,0.0,0.0,0.0,0.0,0.0,0.0,0.0,0.0
Tibet Autonomous Region,2008,0.0,0.0,0.0,0.0,0.0,0.0,0.0,0.0,0.0,0.0,0.0,0.0
Tibet Autonomous Region,2009,0.0,0.0,0.0,0.0,0.0,0.0,0.0,0.0,0.0,0.0,0.0,0.0
Tibet Autonomous Region,2010,0.0,0.0,0.0,0.0,0.0,0.0,0.0,0.0,0.0,0.0,0.0,0.0
Tibet Autonomous Region,2011,0.0,0.0,0.0,0.0,0.0,0.0,0.0,0.0,0.0,0.0,0.0,0.0
Tibet Autonomous Region,2012,0.0,0.0,0.0,0.0,0.0,0.0,0.0,0.0,0.0,0.0,0.0,0.0
Tibet Autonomous Region,2013,0.0,0.0,0.0,0.0,0.0,0.0,0.0,0.0,0.0,0.0,0.0,0.0
Tibet Autonomous Region,2014,0.0,0.0,0.0,0.0,0.0,0.0,0.0,0.0,0.0,0.0,0.0,0.0
Tibet Autonomous Region,2015,0.0,0.0,0.0,0.0,0.0,0.0,0.0,0.0,0.0,0.0,0.0,0.0
Tibet Autonomous Region,2016,0.0,0.0,0.0,0.0,0.0,0.0,0.0,0.0,0.0,0.0,0.0,0.0
Tibet Autonomous Region,2017,0.0,0.0,0.0,0.0,0.0,0.0,0.0,0.0,0.0,0.0,0.0,0.0
Tibet Autonomous Region,2018,0.0,0.0,0.0,0.0,0.0,0.0,0.0,0.0,0.0,0.0,0.0,0.0
Tibet Autonomous Region,2019,0.0,0.0,0.0,0.0,0.0,0.0,0.0,0.0,0.0,0.0,0.0,0.0
Tibet Autonomous Region,2020,0.0,0.0,0.0,0.0,0.0,0.0,0.0,0.0,0.0,0.0,0.0,0.0
Tibet Autonomous Region,2021,0.0,0.0,0.0,0.0,0.0,0.0,0.0,0.0,0.0,0.0,0.0,0.0
Tibet Autonomous Region,2022,0.0,0.0,0.0,0.0,0.0,0.0,0.0,0.0,0.0,0.0,0.0,0.0
Tibet Autonomous Region,2023,0.0,0.0,0.0,0.0,0.0,0.0,0.0,0.0,0.0,0.0,0.0,0.0
Tibet Autonomous Region,2024,0.0,0.0,0.0,0.0,0.0,0.0,0.0,0.0,0.0,0.0,0.0,0.0
Tibet Autonomous Region,2025,0.0,0.0,0.0,0.0,0.0,0.0,0.0,0.0,0.0,0.0,0.0,0.0
Timor-Leste,1989,0.0,0.0,0.0,0.0,0.0,0.0,NA,NA,NA,NA,NA,NA
Timor-Leste,1990,0.0,0.0,0.0,0.0,0.0,0.0,NA,NA,NA,NA,NA,NA
Timor-Leste,1991,0.0,0.0,0.0,0.0,0.0,0.0,NA,NA,NA,NA,NA,NA
Timor-Leste,1992,0.0,0.0,0.0,0.0,0.0,0.0,NA,NA,NA,NA,NA,NA
Timor-Leste,1993,0.0,0.0,0.0,0.0,0.0,0.0,NA,NA,NA,NA,NA,NA
Timor-Leste,1994,0.0,0.0,0.0,0.0,0.0,0.0,NA,NA,NA,NA,NA,NA
Timor-Leste,1995,0.0,0.0,0.0,0.0,0.0,0.0,NA,NA,NA,NA,NA,NA
Timor-Leste,1996,0.0,0.0,0.0,0.0,0.0,0.0,NA,NA,NA,NA,NA,NA
Timor-Leste,1997,0.0,0.0,0.0,0.0,0.0,0.0,NA,NA,NA,NA,NA,NA
Timor-Leste,1998,0.0,0.0,0.0,0.0,0.0,0.0,NA,NA,NA,NA,NA,NA
Timor-Leste,1999,0.0,0.0,0.0,0.0,0.0,0.0,NA,NA,NA,NA,NA,NA
Timor-Leste,2000,0.0,0.0,0.0,0.0,0.0,0.0,NA,NA,NA,NA,NA,NA
Timor-Leste,2001,0.0,0.0,0.0,0.0,0.0,0.0,NA,NA,NA,NA,NA,NA
Timor-Leste,2002,0.0,0.0,0.0,0.0,0.0,0.0,NA,NA,NA,NA,NA,NA
Timor-Leste,2003,0.0,0.0,0.0,0.0,0.0,0.0,NA,NA,NA,NA,NA,NA
Timor-Leste,2004,0.0,0.0,0.0,0.0,0.0,0.0,NA,NA,NA,NA,NA,NA
Timor-Leste,2005,0.0,0.0,0.0,0.0,0.0,0.0,NA,NA,NA,NA,NA,NA
Timor-Leste,2006,0.0,0.0,0.0,0.0,0.0,0.0,NA,NA,NA,NA,NA,NA
Timor-Leste,2007,0.0,0.0,0.0,0.0,0.0,0.0,NA,NA,NA,NA,NA,NA
Timor-Leste,2008,0.0,0.0,0.0,0.0,0.0,0.0,NA,NA,NA,NA,NA,NA
Timor-Leste,2009,0.0,0.0,0.0,0.0,0.0,0.0,NA,NA,NA,NA,NA,NA
Timor-Leste,2010,0.0,0.0,0.0,0.0,0.0,0.0,NA,NA,NA,NA,NA,NA
Timor-Leste,2011,0.0,0.0,0.0,0.0,0.0,0.0,NA,NA,NA,NA,NA,NA
Timor-Leste,2012,0.0,0.0,0.0,0.0,0.0,0.0,NA,NA,NA,NA,NA,NA
Timor-Leste,2013,0.0,0.0,0.0,0.0,0.0,0.0,NA,NA,NA,NA,NA,NA
Timor-Leste,2014,0.0,0.0,0.0,0.0,0.0,0.0,NA,NA,NA,NA,NA,NA
Timor-Leste,2015,0.0,0.0,0.0,0.0,0.0,0.0,NA,NA,NA,NA,NA,NA
Timor-Leste,2016,0.0,0.0,0.0,0.0,0.0,0.0,NA,NA,NA,NA,NA,NA
Timor-Leste,2017,0.0,0.0,0.0,0.0,0.0,0.0,NA,NA,NA,NA,NA,NA
Timor-Leste,2018,0.0,0.0,0.0,0.0,0.0,0.0,NA,NA,NA,NA,NA,NA
Timor-Leste,2019,0.0,0.0,0.0,0.0,0.0,0.0,NA,NA,NA,NA,NA,NA
Timor-Leste,2020,0.0,0.0,0.0,0.0,0.0,0.0,NA,NA,NA,NA,NA,NA
Timor-Leste,2021,0.0,0.0,0.0,0.0,0.0,0.0,NA,NA,NA,NA,NA,NA
Timor-Leste,2022,0.0,0.0,0.0,0.0,0.0,0.0,NA,NA,NA,NA,NA,NA
Timor-Leste,2023,0.0,0.0,0.0,0.0,0.0,0.0,NA,NA,NA,NA,NA,NA
Timor-Leste,2024,0.0,0.0,0.0,0.0,0.0,0.0,NA,NA,NA,NA,NA,NA
Timor-Leste,2025,0.0,0.0,0.0,0.0,0.0,0.0,NA,NA,NA,NA,NA,NA
Tlaxcala,1989,0.0,0.0,0.0,0.0,0.0,0.0,0.0,0.0,0.0,0.0,0.0,0.0
Tlaxcala,1990,0.0,0.0,0.0,0.0,0.0,0.0,0.0,0.0,0.0,0.0,0.0,0.0
Tlaxcala,1991,0.0,0.0,0.0,0.0,0.0,0.0,0.0,0.0,0.0,0.0,0.0,0.0
Tlaxcala,1992,0.0,0.0,0.0,0.0,0.0,0.0,0.0,0.0,0.0,0.0,0.0,0.0
Tlaxcala,1993,0.0,0.0,0.0,0.0,0.0,0.0,0.0,0.0,0.0,0.0,0.0,0.0
Tlaxcala,1994,0.0,0.0,0.0,0.0,0.0,0.0,0.0,0.0,0.0,0.0,0.0,0.0
Tlaxcala,1995,0.0,0.0,0.0,0.0,0.0,0.0,0.0,0.0,0.0,0.0,0.0,0.0
Tlaxcala,1996,0.0,0.0,0.0,0.0,0.0,0.0,0.0,0.0,0.0,0.0,0.0,0.0
Tlaxcala,1997,0.0,0.0,0.0,0.0,0.0,0.0,0.0,0.0,0.0,0.0,0.0,0.0
Tlaxcala,1998,0.0,0.0,0.0,0.0,0.0,0.0,0.0,0.0,0.0,0.0,0.0,0.0
Tlaxcala,1999,0.0,0.0,0.0,0.0,0.0,0.0,0.0,0.0,0.0,0.0,0.0,0.0
Tlaxcala,2000,0.0,0.0,0.0,0.0,0.0,0.0,0.0,0.0,0.0,0.0,0.0,0.0
Tlaxcala,2001,0.0,0.0,0.0,0.0,0.0,0.0,0.0,0.0,0.0,0.0,0.0,0.0
Tlaxcala,2002,0.0,0.0,0.0,0.0,0.0,0.0,0.0,0.0,0.0,0.0,0.0,0.0
Tlaxcala,2003,0.0,0.0,0.0,0.0,0.0,0.0,0.0,0.0,0.0,0.0,0.0,0.0
Tlaxcala,2004,0.0,0.0,0.0,0.0,0.0,0.0,0.0,0.0,0.0,0.0,0.0,0.0
Tlaxcala,2005,0.0,0.0,0.0,0.0,0.0,0.0,0.0,0.0,0.0,0.0,0.0,0.0
Tlaxcala,2006,0.0,0.0,0.0,0.0,0.0,0.0,0.0,0.0,0.0,0.0,0.0,0.0
Tlaxcala,2007,0.0,0.0,0.0,0.0,0.0,0.0,0.0,0.0,0.0,0.0,0.0,0.0
Tlaxcala,2008,0.0,0.0,0.0,0.0,0.0,0.0,0.0,0.0,0.0,0.0,0.0,0.0
Tlaxcala,2009,0.0,0.0,0.0,0.0,0.0,0.0,0.0,0.0,0.0,0.0,0.0,0.0
Tlaxcala,2010,0.0,0.0,0.0,0.0,0.0,0.0,0.0,0.0,0.0,0.0,0.0,0.0
Tlaxcala,2011,0.0,0.0,0.0,0.0,0.0,0.0,0.0,0.0,0.0,0.0,0.0,0.0
Tlaxcala,2012,0.0,0.0,0.0,0.0,0.0,0.0,0.0,0.0,0.0,0.0,0.0,0.0
Tlaxcala,2013,0.0,0.0,0.0,0.0,0.0,0.0,0.0,0.0,0.0,0.0,0.0,0.0
Tlaxcala,2014,0.0,0.0,0.0,0.0,0.0,0.0,0.0,0.0,0.0,0.0,0.0,0.0
Tlaxcala,2015,0.0,0.0,0.0,0.0,0.0,0.0,0.0,0.0,0.0,0.0,0.0,0.0
Tlaxcala,2016,0.0,0.0,0.0,0.0,0.0,0.0,0.0,0.0,0.0,0.0,0.0,0.0
Tlaxcala,2017,0.0,0.0,0.0,0.0,0.0,0.0,0.0,0.0,0.0,0.0,0.0,0.0
Tlaxcala,2018,0.0,0.0,0.0,0.0,0.0,0.0,0.0,0.0,0.0,0.0,0.0,0.0
Tlaxcala,2019,0.0,0.0,0.0,0.0,0.0,0.0,0.0,0.0,0.0,0.0,0.0,0.0
Tlaxcala,2020,0.0,0.0,0.0,0.0,0.0,0.0,0.0,0.0,0.0,0.0,0.0,0.0
Tlaxcala,2021,0.0,0.0,0.0,0.0,0.0,0.0,0.0,0.0,0.0,0.0,0.0,0.0
Tlaxcala,2022,0.0,0.0,0.0,0.0,0.0,0.0,0.0,0.0,0.0,0.0,0.0,0.0
Tlaxcala,2023,0.0,0.0,0.0,0.0,0.0,0.0,0.0,0.0,0.0,0.0,0.0,0.0
Tlaxcala,2024,0.0,0.0,0.0,0.0,0.0,0.0,0.0,0.0,0.0,0.0,0.0,0.0
Tlaxcala,2025,0.0,0.0,0.0,0.0,0.0,0.0,0.0,0.0,0.0,0.0,0.0,0.0
Tochigi,1989,0.0,0.0,0.0,0.0,0.0,0.0,0.0,0.0,0.0,0.0,0.0,0.0
Tochigi,1990,0.0,0.0,0.0,0.0,0.0,0.0,0.0,0.0,0.0,0.0,0.0,0.0
Tochigi,1991,0.0,0.0,0.0,0.0,0.0,0.0,0.0,0.0,0.0,0.0,0.0,0.0
Tochigi,1992,0.0,0.0,0.0,0.0,0.0,0.0,0.0,0.0,0.0,0.0,0.0,0.0
Tochigi,1993,0.0,0.0,0.0,0.0,0.0,0.0,0.0,0.0,0.0,0.0,0.0,0.0
Tochigi,1994,0.0,0.0,0.0,0.0,0.0,0.0,0.0,0.0,0.0,0.0,0.0,0.0
Tochigi,1995,0.0,0.0,0.0,0.0,0.0,0.0,0.0,0.0,0.0,0.0,0.0,0.0
Tochigi,1996,0.0,0.0,0.0,0.0,0.0,0.0,0.0,0.0,0.0,0.0,0.0,0.0
Tochigi,1997,0.0,0.0,0.0,0.0,0.0,0.0,0.0,0.0,0.0,0.0,0.0,0.0
Tochigi,1998,0.0,0.0,0.0,0.0,0.0,0.0,0.0,0.0,0.0,0.0,0.0,0.0
Tochigi,1999,0.0,0.0,0.0,0.0,0.0,0.0,0.0,0.0,0.0,0.0,0.0,0.0
Tochigi,2000,0.0,0.0,0.0,0.0,0.0,0.0,0.0,0.0,0.0,0.0,0.0,0.0
Tochigi,2001,0.0,0.0,0.0,0.0,0.0,0.0,0.0,0.0,0.0,0.0,0.0,0.0
Tochigi,2002,0.0,0.0,0.0,0.0,0.0,0.0,0.0,0.0,0.0,0.0,0.0,0.0
Tochigi,2003,0.0,0.0,0.0,0.0,0.0,0.0,0.0,0.0,0.0,0.0,0.0,0.0
Tochigi,2004,0.0,0.0,0.0,0.0,0.0,0.0,0.0,0.0,0.0,0.0,0.0,0.0
Tochigi,2005,0.0,0.0,0.0,0.0,0.0,0.0,0.0,0.0,0.0,0.0,0.0,0.0
Tochigi,2006,0.0,0.0,0.0,0.0,0.0,0.0,0.0,0.0,0.0,0.0,0.0,0.0
Tochigi,2007,0.0,0.0,0.0,0.0,0.0,0.0,0.0,0.0,0.0,0.0,0.0,0.0
Tochigi,2008,0.0,0.0,0.0,0.0,0.0,0.0,0.0,0.0,0.0,0.0,0.0,0.0
Tochigi,2009,0.0,0.0,0.0,0.0,0.0,0.0,0.0,0.0,0.0,0.0,0.0,0.0
Tochigi,2010,0.0,0.0,0.0,0.0,0.0,0.0,0.0,0.0,0.0,0.0,0.0,0.0
Tochigi,2011,0.0,0.0,0.0,0.0,0.0,0.0,0.0,0.0,0.0,0.0,0.0,0.0
Tochigi,2012,0.0,0.0,0.0,0.0,0.0,0.0,0.0,0.0,0.0,0.0,0.0,0.0
Tochigi,2013,0.0,0.0,0.0,0.0,0.0,0.0,0.0,0.0,0.0,0.0,0.0,0.0
Tochigi,2014,0.0,0.0,0.0,0.0,0.0,0.0,0.0,0.0,0.0,0.0,0.0,0.0
Tochigi,2015,0.0,0.0,0.0,0.0,0.0,0.0,0.0,0.0,0.0,0.0,0.0,0.0
Tochigi,2016,0.0,0.0,0.0,0.0,0.0,0.0,0.0,0.0,0.0,0.0,0.0,0.0
Tochigi,2017,0.0,0.0,0.0,0.0,0.0,0.0,0.0,0.0,0.0,0.0,0.0,0.0
Tochigi,2018,0.0,0.0,0.0,0.0,0.0,0.0,0.0,0.0,0.0,0.0,0.0,0.0
Tochigi,2019,0.0,0.0,0.0,0.0,0.0,0.0,0.0,0.0,0.0,0.0,0.0,0.0
Tochigi,2020,0.0,0.0,0.0,0.0,0.0,0.0,0.0,0.0,0.0,0.0,0.0,0.0
Tochigi,2021,0.0,0.0,0.0,0.0,0.0,0.0,0.0,0.0,0.0,0.0,0.0,0.0
Tochigi,2022,0.0,0.0,0.0,0.0,0.0,0.0,0.0,0.0,0.0,0.0,0.0,0.0
Tochigi,2023,0.0,0.0,0.0,0.0,0.0,0.0,0.0,0.0,0.0,0.0,0.0,0.0
Tochigi,2024,0.0,0.0,0.0,0.0,0.0,0.0,0.0,0.0,0.0,0.0,0.0,0.0
Tochigi,2025,0.0,0.0,0.0,0.0,0.0,0.0,0.0,0.0,0.0,0.0,0.0,0.0
Togo,1989,0.0,0.0,0.0,0.0,0.0,0.0,NA,NA,NA,NA,NA,NA
Togo,1990,0.0,0.0,0.0,0.0,0.0,0.0,NA,NA,NA,NA,NA,NA
Togo,1991,0.0,0.0,0.0,0.0,0.0,0.0,NA,NA,NA,NA,NA,NA
Togo,1992,0.0,0.0,0.0,0.0,0.0,0.0,NA,NA,NA,NA,NA,NA
Togo,1993,0.0,0.0,0.0,0.0,0.0,0.0,NA,NA,NA,NA,NA,NA
Togo,1994,0.0,0.0,0.0,0.0,0.0,0.0,NA,NA,NA,NA,NA,NA
Togo,1995,0.0,0.0,0.0,0.0,0.0,0.0,NA,NA,NA,NA,NA,NA
Togo,1996,0.0,0.0,0.0,0.0,0.0,0.0,NA,NA,NA,NA,NA,NA
Togo,1997,0.0,0.0,0.0,0.0,0.0,0.0,NA,NA,NA,NA,NA,NA
Togo,1998,0.0,0.0,0.0,0.0,0.0,0.0,NA,NA,NA,NA,NA,NA
Togo,1999,0.0,0.0,0.0,0.0,0.0,0.0,NA,NA,NA,NA,NA,NA
Togo,2000,0.0,0.0,0.0,0.0,0.0,0.0,NA,NA,NA,NA,NA,NA
Togo,2001,0.0,0.0,0.0,0.0,0.0,0.0,NA,NA,NA,NA,NA,NA
Togo,2002,0.0,0.0,0.0,0.0,0.0,0.0,NA,NA,NA,NA,NA,NA
Togo,2003,0.0,0.0,0.0,0.0,0.0,0.0,NA,NA,NA,NA,NA,NA
Togo,2004,0.0,0.0,0.0,0.0,0.0,0.0,NA,NA,NA,NA,NA,NA
Togo,2005,0.0,0.0,0.0,0.0,0.0,0.0,NA,NA,NA,NA,NA,NA
Togo,2006,0.0,0.0,0.0,0.0,0.0,0.0,NA,NA,NA,NA,NA,NA
Togo,2007,0.0,0.0,0.0,0.0,0.0,0.0,NA,NA,NA,NA,NA,NA
Togo,2008,0.0,0.0,0.0,0.0,0.0,0.0,NA,NA,NA,NA,NA,NA
Togo,2009,0.0,0.0,0.0,0.0,0.0,0.0,NA,NA,NA,NA,NA,NA
Togo,2010,0.0,0.0,0.0,0.0,0.0,0.0,NA,NA,NA,NA,NA,NA
Togo,2011,0.0,0.0,0.0,0.0,0.0,0.0,NA,NA,NA,NA,NA,NA
Togo,2012,0.0,0.0,0.0,0.0,0.0,0.0,NA,NA,NA,NA,NA,NA
Togo,2013,0.0,0.0,0.0,0.0,0.0,0.0,NA,NA,NA,NA,NA,NA
Togo,2014,0.0,0.0,0.0,0.0,0.0,0.0,NA,NA,NA,NA,NA,NA
Togo,2015,0.0,0.0,0.0,0.0,0.0,0.0,NA,NA,NA,NA,NA,NA
Togo,2016,0.0,0.0,0.0,0.0,0.0,0.0,NA,NA,NA,NA,NA,NA
Togo,2017,0.0,0.0,0.0,0.0,0.0,0.0,NA,NA,NA,NA,NA,NA
Togo,2018,0.0,0.0,0.0,0.0,0.0,0.0,NA,NA,NA,NA,NA,NA
Togo,2019,0.0,0.0,0.0,0.0,0.0,0.0,NA,NA,NA,NA,NA,NA
Togo,2020,0.0,0.0,0.0,0.0,0.0,0.0,NA,NA,NA,NA,NA,NA
Togo,2021,0.0,0.0,0.0,0.0,0.0,0.0,NA,NA,NA,NA,NA,NA
Togo,2022,0.0,0.0,0.0,0.0,0.0,0.0,NA,NA,NA,NA,NA,NA
Togo,2023,0.0,0.0,0.0,0.0,0.0,0.0,NA,NA,NA,NA,NA,NA
Togo,2024,0.0,0.0,0.0,0.0,0.0,0.0,NA,NA,NA,NA,NA,NA
Togo,2025,0.0,0.0,0.0,0.0,0.0,0.0,NA,NA,NA,NA,NA,NA
Tokushima,1989,0.0,0.0,0.0,0.0,0.0,0.0,0.0,0.0,0.0,0.0,0.0,0.0
Tokushima,1990,0.0,0.0,0.0,0.0,0.0,0.0,0.0,0.0,0.0,0.0,0.0,0.0
Tokushima,1991,0.0,0.0,0.0,0.0,0.0,0.0,0.0,0.0,0.0,0.0,0.0,0.0
Tokushima,1992,0.0,0.0,0.0,0.0,0.0,0.0,0.0,0.0,0.0,0.0,0.0,0.0
Tokushima,1993,0.0,0.0,0.0,0.0,0.0,0.0,0.0,0.0,0.0,0.0,0.0,0.0
Tokushima,1994,0.0,0.0,0.0,0.0,0.0,0.0,0.0,0.0,0.0,0.0,0.0,0.0
Tokushima,1995,0.0,0.0,0.0,0.0,0.0,0.0,0.0,0.0,0.0,0.0,0.0,0.0
Tokushima,1996,0.0,0.0,0.0,0.0,0.0,0.0,0.0,0.0,0.0,0.0,0.0,0.0
Tokushima,1997,0.0,0.0,0.0,0.0,0.0,0.0,0.0,0.0,0.0,0.0,0.0,0.0
Tokushima,1998,0.0,0.0,0.0,0.0,0.0,0.0,0.0,0.0,0.0,0.0,0.0,0.0
Tokushima,1999,0.0,0.0,0.0,0.0,0.0,0.0,0.0,0.0,0.0,0.0,0.0,0.0
Tokushima,2000,0.0,0.0,0.0,0.0,0.0,0.0,0.0,0.0,0.0,0.0,0.0,0.0
Tokushima,2001,0.0,0.0,0.0,0.0,0.0,0.0,0.0,0.0,0.0,0.0,0.0,0.0
Tokushima,2002,0.0,0.0,0.0,0.0,0.0,0.0,0.0,0.0,0.0,0.0,0.0,0.0
Tokushima,2003,0.0,0.0,0.0,0.0,0.0,0.0,0.0,0.0,0.0,0.0,0.0,0.0
Tokushima,2004,0.0,0.0,0.0,0.0,0.0,0.0,0.0,0.0,0.0,0.0,0.0,0.0
Tokushima,2005,0.0,0.0,0.0,0.0,0.0,0.0,0.0,0.0,0.0,0.0,0.0,0.0
Tokushima,2006,0.0,0.0,0.0,0.0,0.0,0.0,0.0,0.0,0.0,0.0,0.0,0.0
Tokushima,2007,0.0,0.0,0.0,0.0,0.0,0.0,0.0,0.0,0.0,0.0,0.0,0.0
Tokushima,2008,0.0,0.0,0.0,0.0,0.0,0.0,0.0,0.0,0.0,0.0,0.0,0.0
Tokushima,2009,0.0,0.0,0.0,0.0,0.0,0.0,0.0,0.0,0.0,0.0,0.0,0.0
Tokushima,2010,0.0,0.0,0.0,0.0,0.0,0.0,0.0,0.0,0.0,0.0,0.0,0.0
Tokushima,2011,0.0,0.0,0.0,0.0,0.0,0.0,0.0,0.0,0.0,0.0,0.0,0.0
Tokushima,2012,0.0,0.0,0.0,0.0,0.0,0.0,0.0,0.0,0.0,0.0,0.0,0.0
Tokushima,2013,0.0,0.0,0.0,0.0,0.0,0.0,0.0,0.0,0.0,0.0,0.0,0.0
Tokushima,2014,0.0,0.0,0.0,0.0,0.0,0.0,0.0,0.0,0.0,0.0,0.0,0.0
Tokushima,2015,0.0,0.0,0.0,0.0,0.0,0.0,0.0,0.0,0.0,0.0,0.0,0.0
Tokushima,2016,0.0,0.0,0.0,0.0,0.0,0.0,0.0,0.0,0.0,0.0,0.0,0.0
Tokushima,2017,0.0,0.0,0.0,0.0,0.0,0.0,0.0,0.0,0.0,0.0,0.0,0.0
Tokushima,2018,0.0,0.0,0.0,0.0,0.0,0.0,0.0,0.0,0.0,0.0,0.0,0.0
Tokushima,2019,0.0,0.0,0.0,0.0,0.0,0.0,0.0,0.0,0.0,0.0,0.0,0.0
Tokushima,2020,0.0,0.0,0.0,0.0,0.0,0.0,0.0,0.0,0.0,0.0,0.0,0.0
Tokushima,2021,0.0,0.0,0.0,0.0,0.0,0.0,0.0,0.0,0.0,0.0,0.0,0.0
Tokushima,2022,0.0,0.0,0.0,0.0,0.0,0.0,0.0,0.0,0.0,0.0,0.0,0.0
Tokushima,2023,0.0,0.0,0.0,0.0,0.0,0.0,0.0,0.0,0.0,0.0,0.0,0.0
Tokushima,2024,0.0,0.0,0.0,0.0,0.0,0.0,0.0,0.0,0.0,0.0,0.0,0.0
Tokushima,2025,0.0,0.0,0.0,0.0,0.0,0.0,0.0,0.0,0.0,0.0,0.0,0.0
Tokyo,1989,0.0,0.0,0.0,0.0,0.0,0.0,0.0,0.0,0.0,0.0,0.0,0.0
Tokyo,1990,0.0,0.0,0.0,0.0,0.0,0.0,0.0,0.0,0.0,0.0,0.0,0.0
Tokyo,1991,0.0,0.0,0.0,0.0,0.0,0.0,0.0,0.0,0.0,0.0,0.0,0.0
Tokyo,1992,0.0,0.0,0.0,0.0,0.0,0.0,0.0,0.0,0.0,0.0,0.0,0.0
Tokyo,1993,0.0,0.0,0.0,0.0,0.0,0.0,0.0,0.0,0.0,0.0,0.0,0.0
Tokyo,1994,0.0,0.0,0.0,0.0,0.0,0.0,0.0,0.0,0.0,0.0,0.0,0.0
Tokyo,1995,0.0,0.0,0.0,0.0,0.0,0.0,0.0,0.0,0.0,0.0,0.0,0.0
Tokyo,1996,0.0,0.0,0.0,0.0,0.0,0.0,0.0,0.0,0.0,0.0,0.0,0.0
Tokyo,1997,0.0,0.0,0.0,0.0,0.0,0.0,0.0,0.0,0.0,0.0,0.0,0.0
Tokyo,1998,0.0,0.0,0.0,0.0,0.0,0.0,0.0,0.0,0.0,0.0,0.0,0.0
Tokyo,1999,0.0,0.0,0.0,0.0,0.0,0.0,0.0,0.0,0.0,0.0,0.0,0.0
Tokyo,2000,0.0,0.0,0.0,0.0,0.0,0.0,0.0,0.0,0.0,0.0,0.0,0.0
Tokyo,2001,0.0,0.0,0.0,0.0,0.0,0.0,0.0,0.0,0.0,0.0,0.0,0.0
Tokyo,2002,0.0,0.0,0.0,0.0,0.0,0.0,0.0,0.0,0.0,0.0,0.0,0.0
Tokyo,2003,0.0,0.0,0.0,0.0,0.0,0.0,0.0,0.0,0.0,0.0,0.0,0.0
Tokyo,2004,0.0,0.0,0.0,0.0,0.0,0.0,0.0,0.0,0.0,0.0,0.0,0.0
Tokyo,2005,0.0,0.0,0.0,0.0,0.0,0.0,0.0,0.0,0.0,0.0,0.0,0.0
Tokyo,2006,0.0,0.0,0.0,0.0,0.0,0.0,0.0,0.0,0.0,0.0,0.0,0.0
Tokyo,2007,0.0,0.0,0.0,0.0,0.0,0.0,0.0,0.0,0.0,0.0,0.0,0.0
Tokyo,2008,0.0,0.0,0.0,0.0,0.0,0.0,0.0,0.0,0.0,0.0,0.0,0.0
Tokyo,2009,0.0,0.0,0.0,0.0,0.0,0.0,0.0,0.0,0.0,0.0,0.0,0.0
Tokyo,2010,0.0,0.0,0.0,0.0,0.0,0.0,0.0,0.0,0.0,0.0,0.0,0.0
Tokyo,2011,0.0,0.0,0.0,0.0,0.0,0.0,0.0,0.0,0.0,0.0,0.0,0.0
Tokyo,2012,0.0,0.0,0.0,0.0,0.0,0.0,0.0,0.0,0.0,0.0,0.0,0.0
Tokyo,2013,0.0,0.0,0.0,0.0,0.0,0.0,0.0,0.0,0.0,0.0,0.0,0.0
Tokyo,2014,0.0,0.0,0.0,0.0,0.0,0.0,0.0,0.0,0.0,0.0,0.0,0.0
Tokyo,2015,0.0,0.0,0.0,0.0,0.0,0.0,0.0,0.0,0.0,0.0,0.0,0.0
Tokyo,2016,0.0,0.0,0.0,0.0,0.0,0.0,0.0,0.0,0.0,0.0,0.0,0.0
Tokyo,2017,0.0,0.0,0.0,0.0,0.0,0.0,0.0,0.0,0.0,0.0,0.0,0.0
Tokyo,2018,0.0,0.0,0.0,0.0,0.0,0.0,0.0,0.0,0.0,0.0,0.0,0.0
Tokyo,2019,0.0,0.0,0.0,0.0,0.0,0.0,0.0,0.0,0.0,0.0,0.0,0.0
Tokyo,2020,0.0,0.0,0.0,0.0,0.0,0.0,0.0,0.0,0.0,0.0,0.0,0.0
Tokyo,2021,0.0,0.0,0.0,0.0,0.0,0.0,0.0,0.0,0.0,0.0,0.0,0.0
Tokyo,2022,0.0,0.0,0.0,0.0,0.0,0.0,0.0,0.0,0.0,0.0,0.0,0.0
Tokyo,2023,0.0,0.0,0.0,0.0,0.0,0.0,0.0,0.0,0.0,0.0,0.0,0.0
Tokyo,2024,0.0,0.0,0.0,0.0,0.0,0.0,0.0,0.0,0.0,0.0,0.0,0.0
Tokyo,2025,0.0,0.0,0.0,0.0,0.0,0.0,0.0,0.0,0.0,0.0,0.0,0.0
Tonga,1989,0.0,0.0,0.0,0.0,0.0,0.0,NA,NA,NA,NA,NA,NA
Tonga,1990,0.0,0.0,0.0,0.0,0.0,0.0,NA,NA,NA,NA,NA,NA
Tonga,1991,0.0,0.0,0.0,0.0,0.0,0.0,NA,NA,NA,NA,NA,NA
Tonga,1992,0.0,0.0,0.0,0.0,0.0,0.0,NA,NA,NA,NA,NA,NA
Tonga,1993,0.0,0.0,0.0,0.0,0.0,0.0,NA,NA,NA,NA,NA,NA
Tonga,1994,0.0,0.0,0.0,0.0,0.0,0.0,NA,NA,NA,NA,NA,NA
Tonga,1995,0.0,0.0,0.0,0.0,0.0,0.0,NA,NA,NA,NA,NA,NA
Tonga,1996,0.0,0.0,0.0,0.0,0.0,0.0,NA,NA,NA,NA,NA,NA
Tonga,1997,0.0,0.0,0.0,0.0,0.0,0.0,NA,NA,NA,NA,NA,NA
Tonga,1998,0.0,0.0,0.0,0.0,0.0,0.0,NA,NA,NA,NA,NA,NA
Tonga,1999,0.0,0.0,0.0,0.0,0.0,0.0,NA,NA,NA,NA,NA,NA
Tonga,2000,0.0,0.0,0.0,0.0,0.0,0.0,NA,NA,NA,NA,NA,NA
Tonga,2001,0.0,0.0,0.0,0.0,0.0,0.0,NA,NA,NA,NA,NA,NA
Tonga,2002,0.0,0.0,0.0,0.0,0.0,0.0,NA,NA,NA,NA,NA,NA
Tonga,2003,0.0,0.0,0.0,0.0,0.0,0.0,NA,NA,NA,NA,NA,NA
Tonga,2004,0.0,0.0,0.0,0.0,0.0,0.0,NA,NA,NA,NA,NA,NA
Tonga,2005,0.0,0.0,0.0,0.0,0.0,0.0,NA,NA,NA,NA,NA,NA
Tonga,2006,0.0,0.0,0.0,0.0,0.0,0.0,NA,NA,NA,NA,NA,NA
Tonga,2007,0.0,0.0,0.0,0.0,0.0,0.0,NA,NA,NA,NA,NA,NA
Tonga,2008,0.0,0.0,0.0,0.0,0.0,0.0,NA,NA,NA,NA,NA,NA
Tonga,2009,0.0,0.0,0.0,0.0,0.0,0.0,NA,NA,NA,NA,NA,NA
Tonga,2010,0.0,0.0,0.0,0.0,0.0,0.0,NA,NA,NA,NA,NA,NA
Tonga,2011,0.0,0.0,0.0,0.0,0.0,0.0,NA,NA,NA,NA,NA,NA
Tonga,2012,0.0,0.0,0.0,0.0,0.0,0.0,NA,NA,NA,NA,NA,NA
Tonga,2013,0.0,0.0,0.0,0.0,0.0,0.0,NA,NA,NA,NA,NA,NA
Tonga,2014,0.0,0.0,0.0,0.0,0.0,0.0,NA,NA,NA,NA,NA,NA
Tonga,2015,0.0,0.0,0.0,0.0,0.0,0.0,NA,NA,NA,NA,NA,NA
Tonga,2016,0.0,0.0,0.0,0.0,0.0,0.0,NA,NA,NA,NA,NA,NA
Tonga,2017,0.0,0.0,0.0,0.0,0.0,0.0,NA,NA,NA,NA,NA,NA
Tonga,2018,0.0,0.0,0.0,0.0,0.0,0.0,NA,NA,NA,NA,NA,NA
Tonga,2019,0.0,0.0,0.0,0.0,0.0,0.0,NA,NA,NA,NA,NA,NA
Tonga,2020,0.0,0.0,0.0,0.0,0.0,0.0,NA,NA,NA,NA,NA,NA
Tonga,2021,0.0,0.0,0.0,0.0,0.0,0.0,NA,NA,NA,NA,NA,NA
Tonga,2022,0.0,0.0,0.0,0.0,0.0,0.0,NA,NA,NA,NA,NA,NA
Tonga,2023,0.0,0.0,0.0,0.0,0.0,0.0,NA,NA,NA,NA,NA,NA
Tonga,2024,0.0,0.0,0.0,0.0,0.0,0.0,NA,NA,NA,NA,NA,NA
Tonga,2025,0.0,0.0,0.0,0.0,0.0,0.0,NA,NA,NA,NA,NA,NA
Tottori,1989,0.0,0.0,0.0,0.0,0.0,0.0,0.0,0.0,0.0,0.0,0.0,0.0
Tottori,1990,0.0,0.0,0.0,0.0,0.0,0.0,0.0,0.0,0.0,0.0,0.0,0.0
Tottori,1991,0.0,0.0,0.0,0.0,0.0,0.0,0.0,0.0,0.0,0.0,0.0,0.0
Tottori,1992,0.0,0.0,0.0,0.0,0.0,0.0,0.0,0.0,0.0,0.0,0.0,0.0
Tottori,1993,0.0,0.0,0.0,0.0,0.0,0.0,0.0,0.0,0.0,0.0,0.0,0.0
Tottori,1994,0.0,0.0,0.0,0.0,0.0,0.0,0.0,0.0,0.0,0.0,0.0,0.0
Tottori,1995,0.0,0.0,0.0,0.0,0.0,0.0,0.0,0.0,0.0,0.0,0.0,0.0
Tottori,1996,0.0,0.0,0.0,0.0,0.0,0.0,0.0,0.0,0.0,0.0,0.0,0.0
Tottori,1997,0.0,0.0,0.0,0.0,0.0,0.0,0.0,0.0,0.0,0.0,0.0,0.0
Tottori,1998,0.0,0.0,0.0,0.0,0.0,0.0,0.0,0.0,0.0,0.0,0.0,0.0
Tottori,1999,0.0,0.0,0.0,0.0,0.0,0.0,0.0,0.0,0.0,0.0,0.0,0.0
Tottori,2000,0.0,0.0,0.0,0.0,0.0,0.0,0.0,0.0,0.0,0.0,0.0,0.0
Tottori,2001,0.0,0.0,0.0,0.0,0.0,0.0,0.0,0.0,0.0,0.0,0.0,0.0
Tottori,2002,0.0,0.0,0.0,0.0,0.0,0.0,0.0,0.0,0.0,0.0,0.0,0.0
Tottori,2003,0.0,0.0,0.0,0.0,0.0,0.0,0.0,0.0,0.0,0.0,0.0,0.0
Tottori,2004,0.0,0.0,0.0,0.0,0.0,0.0,0.0,0.0,0.0,0.0,0.0,0.0
Tottori,2005,0.0,0.0,0.0,0.0,0.0,0.0,0.0,0.0,0.0,0.0,0.0,0.0
Tottori,2006,0.0,0.0,0.0,0.0,0.0,0.0,0.0,0.0,0.0,0.0,0.0,0.0
Tottori,2007,0.0,0.0,0.0,0.0,0.0,0.0,0.0,0.0,0.0,0.0,0.0,0.0
Tottori,2008,0.0,0.0,0.0,0.0,0.0,0.0,0.0,0.0,0.0,0.0,0.0,0.0
Tottori,2009,0.0,0.0,0.0,0.0,0.0,0.0,0.0,0.0,0.0,0.0,0.0,0.0
Tottori,2010,0.0,0.0,0.0,0.0,0.0,0.0,0.0,0.0,0.0,0.0,0.0,0.0
Tottori,2011,0.0,0.0,0.0,0.0,0.0,0.0,0.0,0.0,0.0,0.0,0.0,0.0
Tottori,2012,0.0,0.0,0.0,0.0,0.0,0.0,0.0,0.0,0.0,0.0,0.0,0.0
Tottori,2013,0.0,0.0,0.0,0.0,0.0,0.0,0.0,0.0,0.0,0.0,0.0,0.0
Tottori,2014,0.0,0.0,0.0,0.0,0.0,0.0,0.0,0.0,0.0,0.0,0.0,0.0
Tottori,2015,0.0,0.0,0.0,0.0,0.0,0.0,0.0,0.0,0.0,0.0,0.0,0.0
Tottori,2016,0.0,0.0,0.0,0.0,0.0,0.0,0.0,0.0,0.0,0.0,0.0,0.0
Tottori,2017,0.0,0.0,0.0,0.0,0.0,0.0,0.0,0.0,0.0,0.0,0.0,0.0
Tottori,2018,0.0,0.0,0.0,0.0,0.0,0.0,0.0,0.0,0.0,0.0,0.0,0.0
Tottori,2019,0.0,0.0,0.0,0.0,0.0,0.0,0.0,0.0,0.0,0.0,0.0,0.0
Tottori,2020,0.0,0.0,0.0,0.0,0.0,0.0,0.0,0.0,0.0,0.0,0.0,0.0
Tottori,2021,0.0,0.0,0.0,0.0,0.0,0.0,0.0,0.0,0.0,0.0,0.0,0.0
Tottori,2022,0.0,0.0,0.0,0.0,0.0,0.0,0.0,0.0,0.0,0.0,0.0,0.0
Tottori,2023,0.0,0.0,0.0,0.0,0.0,0.0,0.0,0.0,0.0,0.0,0.0,0.0
Tottori,2024,0.0,0.0,0.0,0.0,0.0,0.0,0.0,0.0,0.0,0.0,0.0,0.0
Tottori,2025,0.0,0.0,0.0,0.0,0.0,0.0,0.0,0.0,0.0,0.0,0.0,0.0
Toyama,1989,0.0,0.0,0.0,0.0,0.0,0.0,0.0,0.0,0.0,0.0,0.0,0.0
Toyama,1990,0.0,0.0,0.0,0.0,0.0,0.0,0.0,0.0,0.0,0.0,0.0,0.0
Toyama,1991,0.0,0.0,0.0,0.0,0.0,0.0,0.0,0.0,0.0,0.0,0.0,0.0
Toyama,1992,0.0,0.0,0.0,0.0,0.0,0.0,0.0,0.0,0.0,0.0,0.0,0.0
Toyama,1993,0.0,0.0,0.0,0.0,0.0,0.0,0.0,0.0,0.0,0.0,0.0,0.0
Toyama,1994,0.0,0.0,0.0,0.0,0.0,0.0,0.0,0.0,0.0,0.0,0.0,0.0
Toyama,1995,0.0,0.0,0.0,0.0,0.0,0.0,0.0,0.0,0.0,0.0,0.0,0.0
Toyama,1996,0.0,0.0,0.0,0.0,0.0,0.0,0.0,0.0,0.0,0.0,0.0,0.0
Toyama,1997,0.0,0.0,0.0,0.0,0.0,0.0,0.0,0.0,0.0,0.0,0.0,0.0
Toyama,1998,0.0,0.0,0.0,0.0,0.0,0.0,0.0,0.0,0.0,0.0,0.0,0.0
Toyama,1999,0.0,0.0,0.0,0.0,0.0,0.0,0.0,0.0,0.0,0.0,0.0,0.0
Toyama,2000,0.0,0.0,0.0,0.0,0.0,0.0,0.0,0.0,0.0,0.0,0.0,0.0
Toyama,2001,0.0,0.0,0.0,0.0,0.0,0.0,0.0,0.0,0.0,0.0,0.0,0.0
Toyama,2002,0.0,0.0,0.0,0.0,0.0,0.0,0.0,0.0,0.0,0.0,0.0,0.0
Toyama,2003,0.0,0.0,0.0,0.0,0.0,0.0,0.0,0.0,0.0,0.0,0.0,0.0
Toyama,2004,0.0,0.0,0.0,0.0,0.0,0.0,0.0,0.0,0.0,0.0,0.0,0.0
Toyama,2005,0.0,0.0,0.0,0.0,0.0,0.0,0.0,0.0,0.0,0.0,0.0,0.0
Toyama,2006,0.0,0.0,0.0,0.0,0.0,0.0,0.0,0.0,0.0,0.0,0.0,0.0
Toyama,2007,0.0,0.0,0.0,0.0,0.0,0.0,0.0,0.0,0.0,0.0,0.0,0.0
Toyama,2008,0.0,0.0,0.0,0.0,0.0,0.0,0.0,0.0,0.0,0.0,0.0,0.0
Toyama,2009,0.0,0.0,0.0,0.0,0.0,0.0,0.0,0.0,0.0,0.0,0.0,0.0
Toyama,2010,0.0,0.0,0.0,0.0,0.0,0.0,0.0,0.0,0.0,0.0,0.0,0.0
Toyama,2011,0.0,0.0,0.0,0.0,0.0,0.0,0.0,0.0,0.0,0.0,0.0,0.0
Toyama,2012,0.0,0.0,0.0,0.0,0.0,0.0,0.0,0.0,0.0,0.0,0.0,0.0
Toyama,2013,0.0,0.0,0.0,0.0,0.0,0.0,0.0,0.0,0.0,0.0,0.0,0.0
Toyama,2014,0.0,0.0,0.0,0.0,0.0,0.0,0.0,0.0,0.0,0.0,0.0,0.0
Toyama,2015,0.0,0.0,0.0,0.0,0.0,0.0,0.0,0.0,0.0,0.0,0.0,0.0
Toyama,2016,0.0,0.0,0.0,0.0,0.0,0.0,0.0,0.0,0.0,0.0,0.0,0.0
Toyama,2017,0.0,0.0,0.0,0.0,0.0,0.0,0.0,0.0,0.0,0.0,0.0,0.0
Toyama,2018,0.0,0.0,0.0,0.0,0.0,0.0,0.0,0.0,0.0,0.0,0.0,0.0
Toyama,2019,0.0,0.0,0.0,0.0,0.0,0.0,0.0,0.0,0.0,0.0,0.0,0.0
Toyama,2020,0.0,0.0,0.0,0.0,0.0,0.0,0.0,0.0,0.0,0.0,0.0,0.0
Toyama,2021,0.0,0.0,0.0,0.0,0.0,0.0,0.0,0.0,0.0,0.0,0.0,0.0
Toyama,2022,0.0,0.0,0.0,0.0,0.0,0.0,0.0,0.0,0.0,0.0,0.0,0.0
Toyama,2023,0.0,0.0,0.0,0.0,0.0,0.0,0.0,0.0,0.0,0.0,0.0,0.0
Toyama,2024,0.0,0.0,0.0,0.0,0.0,0.0,0.0,0.0,0.0,0.0,0.0,0.0
Toyama,2025,0.0,0.0,0.0,0.0,0.0,0.0,0.0,0.0,0.0,0.0,0.0,0.0
Trinidad and Tobago,1989,0.0,0.0,0.0,0.0,0.0,0.0,NA,NA,NA,NA,NA,NA
Trinidad and Tobago,1990,0.0,0.0,0.0,0.0,0.0,0.0,NA,NA,NA,NA,NA,NA
Trinidad and Tobago,1991,0.0,0.0,0.0,0.0,0.0,0.0,NA,NA,NA,NA,NA,NA
Trinidad and Tobago,1992,0.0,0.0,0.0,0.0,0.0,0.0,NA,NA,NA,NA,NA,NA
Trinidad and Tobago,1993,0.0,0.0,0.0,0.0,0.0,0.0,NA,NA,NA,NA,NA,NA
Trinidad and Tobago,1994,0.0,0.0,0.0,0.0,0.0,0.0,NA,NA,NA,NA,NA,NA
Trinidad and Tobago,1995,0.0,0.0,0.0,0.0,0.0,0.0,NA,NA,NA,NA,NA,NA
Trinidad and Tobago,1996,0.0,0.0,0.0,0.0,0.0,0.0,NA,NA,NA,NA,NA,NA
Trinidad and Tobago,1997,0.0,0.0,0.0,0.0,0.0,0.0,NA,NA,NA,NA,NA,NA
Trinidad and Tobago,1998,0.0,0.0,0.0,0.0,0.0,0.0,NA,NA,NA,NA,NA,NA
Trinidad and Tobago,1999,0.0,0.0,0.0,0.0,0.0,0.0,NA,NA,NA,NA,NA,NA
Trinidad and Tobago,2000,0.0,0.0,0.0,0.0,0.0,0.0,NA,NA,NA,NA,NA,NA
Trinidad and Tobago,2001,0.0,0.0,0.0,0.0,0.0,0.0,NA,NA,NA,NA,NA,NA
Trinidad and Tobago,2002,0.0,0.0,0.0,0.0,0.0,0.0,NA,NA,NA,NA,NA,NA
Trinidad and Tobago,2003,0.0,0.0,0.0,0.0,0.0,0.0,NA,NA,NA,NA,NA,NA
Trinidad and Tobago,2004,0.0,0.0,0.0,0.0,0.0,0.0,NA,NA,NA,NA,NA,NA
Trinidad and Tobago,2005,0.0,0.0,0.0,0.0,0.0,0.0,NA,NA,NA,NA,NA,NA
Trinidad and Tobago,2006,0.0,0.0,0.0,0.0,0.0,0.0,NA,NA,NA,NA,NA,NA
Trinidad and Tobago,2007,0.0,0.0,0.0,0.0,0.0,0.0,NA,NA,NA,NA,NA,NA
Trinidad and Tobago,2008,0.0,0.0,0.0,0.0,0.0,0.0,NA,NA,NA,NA,NA,NA
Trinidad and Tobago,2009,0.0,0.0,0.0,0.0,0.0,0.0,NA,NA,NA,NA,NA,NA
Trinidad and Tobago,2010,0.0,0.0,0.0,0.0,0.0,0.0,NA,NA,NA,NA,NA,NA
Trinidad and Tobago,2011,0.0,0.0,0.0,0.0,0.0,0.0,NA,NA,NA,NA,NA,NA
Trinidad and Tobago,2012,0.0,0.0,0.0,0.0,0.0,0.0,NA,NA,NA,NA,NA,NA
Trinidad and Tobago,2013,0.0,0.0,0.0,0.0,0.0,0.0,NA,NA,NA,NA,NA,NA
Trinidad and Tobago,2014,0.0,0.0,0.0,0.0,0.0,0.0,NA,NA,NA,NA,NA,NA
Trinidad and Tobago,2015,0.0,0.0,0.0,0.0,0.0,0.0,NA,NA,NA,NA,NA,NA
Trinidad and Tobago,2016,0.0,0.0,0.0,0.0,0.0,0.0,NA,NA,NA,NA,NA,NA
Trinidad and Tobago,2017,0.0,0.0,0.0,0.0,0.0,0.0,NA,NA,NA,NA,NA,NA
Trinidad and Tobago,2018,0.0,0.0,0.0,0.0,0.0,0.0,NA,NA,NA,NA,NA,NA
Trinidad and Tobago,2019,0.0,0.0,0.0,0.0,0.0,0.0,NA,NA,NA,NA,NA,NA
Trinidad and Tobago,2020,0.0,0.0,0.0,0.0,0.0,0.0,NA,NA,NA,NA,NA,NA
Trinidad and Tobago,2021,0.0,0.0,0.0,0.0,0.0,0.0,NA,NA,NA,NA,NA,NA
Trinidad and Tobago,2022,0.0,0.0,0.0,0.0,0.0,0.0,NA,NA,NA,NA,NA,NA
Trinidad and Tobago,2023,0.0,0.0,0.0,0.0,0.0,0.0,NA,NA,NA,NA,NA,NA
Trinidad and Tobago,2024,0.0,0.0,0.0,0.0,0.0,0.0,NA,NA,NA,NA,NA,NA
Trinidad and Tobago,2025,0.0,0.0,0.0,0.0,0.0,0.0,NA,NA,NA,NA,NA,NA
Tunisia,1989,0.0,0.0,0.0,0.0,0.0,0.0,NA,NA,NA,NA,NA,NA
Tunisia,1990,0.0,0.0,0.0,0.0,0.0,0.0,NA,NA,NA,NA,NA,NA
Tunisia,1991,0.0,0.0,0.0,0.0,0.0,0.0,NA,NA,NA,NA,NA,NA
Tunisia,1992,0.0,0.0,0.0,0.0,0.0,0.0,NA,NA,NA,NA,NA,NA
Tunisia,1993,0.0,0.0,0.0,0.0,0.0,0.0,NA,NA,NA,NA,NA,NA
Tunisia,1994,0.0,0.0,0.0,0.0,0.0,0.0,NA,NA,NA,NA,NA,NA
Tunisia,1995,0.0,0.0,0.0,0.0,0.0,0.0,NA,NA,NA,NA,NA,NA
Tunisia,1996,0.0,0.0,0.0,0.0,0.0,0.0,NA,NA,NA,NA,NA,NA
Tunisia,1997,0.0,0.0,0.0,0.0,0.0,0.0,NA,NA,NA,NA,NA,NA
Tunisia,1998,0.0,0.0,0.0,0.0,0.0,0.0,NA,NA,NA,NA,NA,NA
Tunisia,1999,0.0,0.0,0.0,0.0,0.0,0.0,NA,NA,NA,NA,NA,NA
Tunisia,2000,0.0,0.0,0.0,0.0,0.0,0.0,NA,NA,NA,NA,NA,NA
Tunisia,2001,0.0,0.0,0.0,0.0,0.0,0.0,NA,NA,NA,NA,NA,NA
Tunisia,2002,0.0,0.0,0.0,0.0,0.0,0.0,NA,NA,NA,NA,NA,NA
Tunisia,2003,0.0,0.0,0.0,0.0,0.0,0.0,NA,NA,NA,NA,NA,NA
Tunisia,2004,0.0,0.0,0.0,0.0,0.0,0.0,NA,NA,NA,NA,NA,NA
Tunisia,2005,0.0,0.0,0.0,0.0,0.0,0.0,NA,NA,NA,NA,NA,NA
Tunisia,2006,0.0,0.0,0.0,0.0,0.0,0.0,NA,NA,NA,NA,NA,NA
Tunisia,2007,0.0,0.0,0.0,0.0,0.0,0.0,NA,NA,NA,NA,NA,NA
Tunisia,2008,0.0,0.0,0.0,0.0,0.0,0.0,NA,NA,NA,NA,NA,NA
Tunisia,2009,0.0,0.0,0.0,0.0,0.0,0.0,NA,NA,NA,NA,NA,NA
Tunisia,2010,0.0,0.0,0.0,0.0,0.0,0.0,NA,NA,NA,NA,NA,NA
Tunisia,2011,0.0,0.0,0.0,0.0,0.0,0.0,NA,NA,NA,NA,NA,NA
Tunisia,2012,0.0,0.0,0.0,0.0,0.0,0.0,NA,NA,NA,NA,NA,NA
Tunisia,2013,0.0,0.0,0.0,0.0,0.0,0.0,NA,NA,NA,NA,NA,NA
Tunisia,2014,0.0,0.0,0.0,0.0,0.0,0.0,NA,NA,NA,NA,NA,NA
Tunisia,2015,0.0,0.0,0.0,0.0,0.0,0.0,NA,NA,NA,NA,NA,NA
Tunisia,2016,0.0,0.0,0.0,0.0,0.0,0.0,NA,NA,NA,NA,NA,NA
Tunisia,2017,0.0,0.0,0.0,0.0,0.0,0.0,NA,NA,NA,NA,NA,NA
Tunisia,2018,0.0,0.0,0.0,0.0,0.0,0.0,NA,NA,NA,NA,NA,NA
Tunisia,2019,0.0,0.0,0.0,0.0,0.0,0.0,NA,NA,NA,NA,NA,NA
Tunisia,2020,0.0,0.0,0.0,0.0,0.0,0.0,NA,NA,NA,NA,NA,NA
Tunisia,2021,0.0,0.0,0.0,0.0,0.0,0.0,NA,NA,NA,NA,NA,NA
Tunisia,2022,0.0,0.0,0.0,0.0,0.0,0.0,NA,NA,NA,NA,NA,NA
Tunisia,2023,0.0,0.0,0.0,0.0,0.0,0.0,NA,NA,NA,NA,NA,NA
Tunisia,2024,0.0,0.0,0.0,0.0,0.0,0.0,NA,NA,NA,NA,NA,NA
Tunisia,2025,0.0,0.0,0.0,0.0,0.0,0.0,NA,NA,NA,NA,NA,NA
Turkey,1989,0.0,0.0,0.0,0.0,0.0,0.0,NA,NA,NA,NA,NA,NA
Turkey,1990,0.0,0.0,0.0,0.0,0.0,0.0,NA,NA,NA,NA,NA,NA
Turkey,1991,0.0,0.0,0.0,0.0,0.0,0.0,NA,NA,NA,NA,NA,NA
Turkey,1992,0.0,0.0,0.0,0.0,0.0,0.0,NA,NA,NA,NA,NA,NA
Turkey,1993,0.0,0.0,0.0,0.0,0.0,0.0,NA,NA,NA,NA,NA,NA
Turkey,1994,0.0,0.0,0.0,0.0,0.0,0.0,NA,NA,NA,NA,NA,NA
Turkey,1995,0.0,0.0,0.0,0.0,0.0,0.0,NA,NA,NA,NA,NA,NA
Turkey,1996,0.0,0.0,0.0,0.0,0.0,0.0,NA,NA,NA,NA,NA,NA
Turkey,1997,0.0,0.0,0.0,0.0,0.0,0.0,NA,NA,NA,NA,NA,NA
Turkey,1998,0.0,0.0,0.0,0.0,0.0,0.0,NA,NA,NA,NA,NA,NA
Turkey,1999,0.0,0.0,0.0,0.0,0.0,0.0,NA,NA,NA,NA,NA,NA
Turkey,2000,0.0,0.0,0.0,0.0,0.0,0.0,NA,NA,NA,NA,NA,NA
Turkey,2001,0.0,0.0,0.0,0.0,0.0,0.0,NA,NA,NA,NA,NA,NA
Turkey,2002,0.0,0.0,0.0,0.0,0.0,0.0,NA,NA,NA,NA,NA,NA
Turkey,2003,0.0,0.0,0.0,0.0,0.0,0.0,NA,NA,NA,NA,NA,NA
Turkey,2004,0.0,0.0,0.0,0.0,0.0,0.0,NA,NA,NA,NA,NA,NA
Turkey,2005,0.0,0.0,0.0,0.0,0.0,0.0,NA,NA,NA,NA,NA,NA
Turkey,2006,0.0,0.0,0.0,0.0,0.0,0.0,NA,NA,NA,NA,NA,NA
Turkey,2007,0.0,0.0,0.0,0.0,0.0,0.0,NA,NA,NA,NA,NA,NA
Turkey,2008,0.0,0.0,0.0,0.0,0.0,0.0,NA,NA,NA,NA,NA,NA
Turkey,2009,0.0,0.0,0.0,0.0,0.0,0.0,NA,NA,NA,NA,NA,NA
Turkey,2010,0.0,0.0,0.0,0.0,0.0,0.0,NA,NA,NA,NA,NA,NA
Turkey,2011,0.0,0.0,0.0,0.0,0.0,0.0,NA,NA,NA,NA,NA,NA
Turkey,2012,0.0,0.0,0.0,0.0,0.0,0.0,NA,NA,NA,NA,NA,NA
Turkey,2013,0.0,0.0,0.0,0.0,0.0,0.0,NA,NA,NA,NA,NA,NA
Turkey,2014,0.0,0.0,0.0,0.0,0.0,0.0,NA,NA,NA,NA,NA,NA
Turkey,2015,0.0,0.0,0.0,0.0,0.0,0.0,NA,NA,NA,NA,NA,NA
Turkey,2016,0.0,0.0,0.0,0.0,0.0,0.0,NA,NA,NA,NA,NA,NA
Turkey,2017,0.0,0.0,0.0,0.0,0.0,0.0,NA,NA,NA,NA,NA,NA
Turkey,2018,0.0,0.0,0.0,0.0,0.0,0.0,NA,NA,NA,NA,NA,NA
Turkey,2019,0.0,0.0,0.0,0.0,0.0,0.0,NA,NA,NA,NA,NA,NA
Turkey,2020,0.0,0.0,0.0,0.0,0.0,0.0,NA,NA,NA,NA,NA,NA
Turkey,2021,0.0,0.0,0.0,0.0,0.0,0.0,NA,NA,NA,NA,NA,NA
Turkey,2022,0.0,0.0,0.0,0.0,0.0,0.0,NA,NA,NA,NA,NA,NA
Turkey,2023,0.0,0.0,0.0,0.0,0.0,0.0,NA,NA,NA,NA,NA,NA
Turkey,2024,0.0,0.0,0.0,0.0,0.0,0.0,NA,NA,NA,NA,NA,NA
Turkey,2025,0.0,0.0,0.0,0.0,0.0,0.0,NA,NA,NA,NA,NA,NA
Turkmenistan,1989,0.0,0.0,0.0,0.0,0.0,0.0,NA,NA,NA,NA,NA,NA
Turkmenistan,1990,0.0,0.0,0.0,0.0,0.0,0.0,NA,NA,NA,NA,NA,NA
Turkmenistan,1991,0.0,0.0,0.0,0.0,0.0,0.0,NA,NA,NA,NA,NA,NA
Turkmenistan,1992,0.0,0.0,0.0,0.0,0.0,0.0,NA,NA,NA,NA,NA,NA
Turkmenistan,1993,0.0,0.0,0.0,0.0,0.0,0.0,NA,NA,NA,NA,NA,NA
Turkmenistan,1994,0.0,0.0,0.0,0.0,0.0,0.0,NA,NA,NA,NA,NA,NA
Turkmenistan,1995,0.0,0.0,0.0,0.0,0.0,0.0,NA,NA,NA,NA,NA,NA
Turkmenistan,1996,0.0,0.0,0.0,0.0,0.0,0.0,NA,NA,NA,NA,NA,NA
Turkmenistan,1997,0.0,0.0,0.0,0.0,0.0,0.0,NA,NA,NA,NA,NA,NA
Turkmenistan,1998,0.0,0.0,0.0,0.0,0.0,0.0,NA,NA,NA,NA,NA,NA
Turkmenistan,1999,0.0,0.0,0.0,0.0,0.0,0.0,NA,NA,NA,NA,NA,NA
Turkmenistan,2000,0.0,0.0,0.0,0.0,0.0,0.0,NA,NA,NA,NA,NA,NA
Turkmenistan,2001,0.0,0.0,0.0,0.0,0.0,0.0,NA,NA,NA,NA,NA,NA
Turkmenistan,2002,0.0,0.0,0.0,0.0,0.0,0.0,NA,NA,NA,NA,NA,NA
Turkmenistan,2003,0.0,0.0,0.0,0.0,0.0,0.0,NA,NA,NA,NA,NA,NA
Turkmenistan,2004,0.0,0.0,0.0,0.0,0.0,0.0,NA,NA,NA,NA,NA,NA
Turkmenistan,2005,0.0,0.0,0.0,0.0,0.0,0.0,NA,NA,NA,NA,NA,NA
Turkmenistan,2006,0.0,0.0,0.0,0.0,0.0,0.0,NA,NA,NA,NA,NA,NA
Turkmenistan,2007,0.0,0.0,0.0,0.0,0.0,0.0,NA,NA,NA,NA,NA,NA
Turkmenistan,2008,0.0,0.0,0.0,0.0,0.0,0.0,NA,NA,NA,NA,NA,NA
Turkmenistan,2009,0.0,0.0,0.0,0.0,0.0,0.0,NA,NA,NA,NA,NA,NA
Turkmenistan,2010,0.0,0.0,0.0,0.0,0.0,0.0,NA,NA,NA,NA,NA,NA
Turkmenistan,2011,0.0,0.0,0.0,0.0,0.0,0.0,NA,NA,NA,NA,NA,NA
Turkmenistan,2012,0.0,0.0,0.0,0.0,0.0,0.0,NA,NA,NA,NA,NA,NA
Turkmenistan,2013,0.0,0.0,0.0,0.0,0.0,0.0,NA,NA,NA,NA,NA,NA
Turkmenistan,2014,0.0,0.0,0.0,0.0,0.0,0.0,NA,NA,NA,NA,NA,NA
Turkmenistan,2015,0.0,0.0,0.0,0.0,0.0,0.0,NA,NA,NA,NA,NA,NA
Turkmenistan,2016,0.0,0.0,0.0,0.0,0.0,0.0,NA,NA,NA,NA,NA,NA
Turkmenistan,2017,0.0,0.0,0.0,0.0,0.0,0.0,NA,NA,NA,NA,NA,NA
Turkmenistan,2018,0.0,0.0,0.0,0.0,0.0,0.0,NA,NA,NA,NA,NA,NA
Turkmenistan,2019,0.0,0.0,0.0,0.0,0.0,0.0,NA,NA,NA,NA,NA,NA
Turkmenistan,2020,0.0,0.0,0.0,0.0,0.0,0.0,NA,NA,NA,NA,NA,NA
Turkmenistan,2021,0.0,0.0,0.0,0.0,0.0,0.0,NA,NA,NA,NA,NA,NA
Turkmenistan,2022,0.0,0.0,0.0,0.0,0.0,0.0,NA,NA,NA,NA,NA,NA
Turkmenistan,2023,0.0,0.0,0.0,0.0,0.0,0.0,NA,NA,NA,NA,NA,NA
Turkmenistan,2024,0.0,0.0,0.0,0.0,0.0,0.0,NA,NA,NA,NA,NA,NA
Turkmenistan,2025,0.0,0.0,0.0,0.0,0.0,0.0,NA,NA,NA,NA,NA,NA
Tuvalu,1989,0.0,0.0,0.0,0.0,0.0,0.0,NA,NA,NA,NA,NA,NA
Tuvalu,1990,0.0,0.0,0.0,0.0,0.0,0.0,NA,NA,NA,NA,NA,NA
Tuvalu,1991,0.0,0.0,0.0,0.0,0.0,0.0,NA,NA,NA,NA,NA,NA
Tuvalu,1992,0.0,0.0,0.0,0.0,0.0,0.0,NA,NA,NA,NA,NA,NA
Tuvalu,1993,0.0,0.0,0.0,0.0,0.0,0.0,NA,NA,NA,NA,NA,NA
Tuvalu,1994,0.0,0.0,0.0,0.0,0.0,0.0,NA,NA,NA,NA,NA,NA
Tuvalu,1995,0.0,0.0,0.0,0.0,0.0,0.0,NA,NA,NA,NA,NA,NA
Tuvalu,1996,0.0,0.0,0.0,0.0,0.0,0.0,NA,NA,NA,NA,NA,NA
Tuvalu,1997,0.0,0.0,0.0,0.0,0.0,0.0,NA,NA,NA,NA,NA,NA
Tuvalu,1998,0.0,0.0,0.0,0.0,0.0,0.0,NA,NA,NA,NA,NA,NA
Tuvalu,1999,0.0,0.0,0.0,0.0,0.0,0.0,NA,NA,NA,NA,NA,NA
Tuvalu,2000,0.0,0.0,0.0,0.0,0.0,0.0,NA,NA,NA,NA,NA,NA
Tuvalu,2001,0.0,0.0,0.0,0.0,0.0,0.0,NA,NA,NA,NA,NA,NA
Tuvalu,2002,0.0,0.0,0.0,0.0,0.0,0.0,NA,NA,NA,NA,NA,NA
Tuvalu,2003,0.0,0.0,0.0,0.0,0.0,0.0,NA,NA,NA,NA,NA,NA
Tuvalu,2004,0.0,0.0,0.0,0.0,0.0,0.0,NA,NA,NA,NA,NA,NA
Tuvalu,2005,0.0,0.0,0.0,0.0,0.0,0.0,NA,NA,NA,NA,NA,NA
Tuvalu,2006,0.0,0.0,0.0,0.0,0.0,0.0,NA,NA,NA,NA,NA,NA
Tuvalu,2007,0.0,0.0,0.0,0.0,0.0,0.0,NA,NA,NA,NA,NA,NA
Tuvalu,2008,0.0,0.0,0.0,0.0,0.0,0.0,NA,NA,NA,NA,NA,NA
Tuvalu,2009,0.0,0.0,0.0,0.0,0.0,0.0,NA,NA,NA,NA,NA,NA
Tuvalu,2010,0.0,0.0,0.0,0.0,0.0,0.0,NA,NA,NA,NA,NA,NA
Tuvalu,2011,0.0,0.0,0.0,0.0,0.0,0.0,NA,NA,NA,NA,NA,NA
Tuvalu,2012,0.0,0.0,0.0,0.0,0.0,0.0,NA,NA,NA,NA,NA,NA
Tuvalu,2013,0.0,0.0,0.0,0.0,0.0,0.0,NA,NA,NA,NA,NA,NA
Tuvalu,2014,0.0,0.0,0.0,0.0,0.0,0.0,NA,NA,NA,NA,NA,NA
Tuvalu,2015,0.0,0.0,0.0,0.0,0.0,0.0,NA,NA,NA,NA,NA,NA
Tuvalu,2016,0.0,0.0,0.0,0.0,0.0,0.0,NA,NA,NA,NA,NA,NA
Tuvalu,2017,0.0,0.0,0.0,0.0,0.0,0.0,NA,NA,NA,NA,NA,NA
Tuvalu,2018,0.0,0.0,0.0,0.0,0.0,0.0,NA,NA,NA,NA,NA,NA
Tuvalu,2019,0.0,0.0,0.0,0.0,0.0,0.0,NA,NA,NA,NA,NA,NA
Tuvalu,2020,0.0,0.0,0.0,0.0,0.0,0.0,NA,NA,NA,NA,NA,NA
Tuvalu,2021,0.0,0.0,0.0,0.0,0.0,0.0,NA,NA,NA,NA,NA,NA
Tuvalu,2022,0.0,0.0,0.0,0.0,0.0,0.0,NA,NA,NA,NA,NA,NA
Tuvalu,2023,0.0,0.0,0.0,0.0,0.0,0.0,NA,NA,NA,NA,NA,NA
Tuvalu,2024,0.0,0.0,0.0,0.0,0.0,0.0,NA,NA,NA,NA,NA,NA
Tuvalu,2025,0.0,0.0,0.0,0.0,0.0,0.0,NA,NA,NA,NA,NA,NA
Uganda,1989,0.0,0.0,0.0,0.0,0.0,0.0,NA,NA,NA,NA,NA,NA
Uganda,1990,0.0,0.0,0.0,0.0,0.0,0.0,NA,NA,NA,NA,NA,NA
Uganda,1991,0.0,0.0,0.0,0.0,0.0,0.0,NA,NA,NA,NA,NA,NA
Uganda,1992,0.0,0.0,0.0,0.0,0.0,0.0,NA,NA,NA,NA,NA,NA
Uganda,1993,0.0,0.0,0.0,0.0,0.0,0.0,NA,NA,NA,NA,NA,NA
Uganda,1994,0.0,0.0,0.0,0.0,0.0,0.0,NA,NA,NA,NA,NA,NA
Uganda,1995,0.0,0.0,0.0,0.0,0.0,0.0,NA,NA,NA,NA,NA,NA
Uganda,1996,0.0,0.0,0.0,0.0,0.0,0.0,NA,NA,NA,NA,NA,NA
Uganda,1997,0.0,0.0,0.0,0.0,0.0,0.0,NA,NA,NA,NA,NA,NA
Uganda,1998,0.0,0.0,0.0,0.0,0.0,0.0,NA,NA,NA,NA,NA,NA
Uganda,1999,0.0,0.0,0.0,0.0,0.0,0.0,NA,NA,NA,NA,NA,NA
Uganda,2000,0.0,0.0,0.0,0.0,0.0,0.0,NA,NA,NA,NA,NA,NA
Uganda,2001,0.0,0.0,0.0,0.0,0.0,0.0,NA,NA,NA,NA,NA,NA
Uganda,2002,0.0,0.0,0.0,0.0,0.0,0.0,NA,NA,NA,NA,NA,NA
Uganda,2003,0.0,0.0,0.0,0.0,0.0,0.0,NA,NA,NA,NA,NA,NA
Uganda,2004,0.0,0.0,0.0,0.0,0.0,0.0,NA,NA,NA,NA,NA,NA
Uganda,2005,0.0,0.0,0.0,0.0,0.0,0.0,NA,NA,NA,NA,NA,NA
Uganda,2006,0.0,0.0,0.0,0.0,0.0,0.0,NA,NA,NA,NA,NA,NA
Uganda,2007,0.0,0.0,0.0,0.0,0.0,0.0,NA,NA,NA,NA,NA,NA
Uganda,2008,0.0,0.0,0.0,0.0,0.0,0.0,NA,NA,NA,NA,NA,NA
Uganda,2009,0.0,0.0,0.0,0.0,0.0,0.0,NA,NA,NA,NA,NA,NA
Uganda,2010,0.0,0.0,0.0,0.0,0.0,0.0,NA,NA,NA,NA,NA,NA
Uganda,2011,0.0,0.0,0.0,0.0,0.0,0.0,NA,NA,NA,NA,NA,NA
Uganda,2012,0.0,0.0,0.0,0.0,0.0,0.0,NA,NA,NA,NA,NA,NA
Uganda,2013,0.0,0.0,0.0,0.0,0.0,0.0,NA,NA,NA,NA,NA,NA
Uganda,2014,0.0,0.0,0.0,0.0,0.0,0.0,NA,NA,NA,NA,NA,NA
Uganda,2015,0.0,0.0,0.0,0.0,0.0,0.0,NA,NA,NA,NA,NA,NA
Uganda,2016,0.0,0.0,0.0,0.0,0.0,0.0,NA,NA,NA,NA,NA,NA
Uganda,2017,0.0,0.0,0.0,0.0,0.0,0.0,NA,NA,NA,NA,NA,NA
Uganda,2018,0.0,0.0,0.0,0.0,0.0,0.0,NA,NA,NA,NA,NA,NA
Uganda,2019,0.0,0.0,0.0,0.0,0.0,0.0,NA,NA,NA,NA,NA,NA
Uganda,2020,0.0,0.0,0.0,0.0,0.0,0.0,NA,NA,NA,NA,NA,NA
Uganda,2021,0.0,0.0,0.0,0.0,0.0,0.0,NA,NA,NA,NA,NA,NA
Uganda,2022,0.0,0.0,0.0,0.0,0.0,0.0,NA,NA,NA,NA,NA,NA
Uganda,2023,0.0,0.0,0.0,0.0,0.0,0.0,NA,NA,NA,NA,NA,NA
Uganda,2024,0.0,0.0,0.0,0.0,0.0,0.0,NA,NA,NA,NA,NA,NA
Uganda,2025,0.0,0.0,0.0,0.0,0.0,0.0,NA,NA,NA,NA,NA,NA
Ukraine,1989,0.0,0.0,0.0,0.0,0.0,0.0,NA,NA,NA,NA,NA,NA
Ukraine,1990,0.0,0.0,0.0,0.0,0.0,0.0,NA,NA,NA,NA,NA,NA
Ukraine,1991,0.0,0.0,0.0,0.0,0.0,0.0,NA,NA,NA,NA,NA,NA
Ukraine,1992,0.0,0.0,0.0,0.0,0.0,0.0,NA,NA,NA,NA,NA,NA
Ukraine,1993,0.0,0.0,0.0,0.0,0.0,0.0,NA,NA,NA,NA,NA,NA
Ukraine,1994,0.0,0.0,0.0,0.0,0.0,0.0,NA,NA,NA,NA,NA,NA
Ukraine,1995,0.0,0.0,0.0,0.0,0.0,0.0,NA,NA,NA,NA,NA,NA
Ukraine,1996,0.0,0.0,0.0,0.0,0.0,0.0,NA,NA,NA,NA,NA,NA
Ukraine,1997,0.0,0.0,0.0,0.0,0.0,0.0,NA,NA,NA,NA,NA,NA
Ukraine,1998,0.0,0.0,0.0,0.0,0.0,0.0,NA,NA,NA,NA,NA,NA
Ukraine,1999,0.0,0.0,0.0,0.0,0.0,0.0,NA,NA,NA,NA,NA,NA
Ukraine,2000,0.0,0.0,0.0,0.0,0.0,0.0,NA,NA,NA,NA,NA,NA
Ukraine,2001,0.0,0.0,0.0,0.0,0.0,0.0,NA,NA,NA,NA,NA,NA
Ukraine,2002,0.0,0.0,0.0,0.0,0.0,0.0,NA,NA,NA,NA,NA,NA
Ukraine,2003,0.0,0.0,0.0,0.0,0.0,0.0,NA,NA,NA,NA,NA,NA
Ukraine,2004,0.0,0.0,0.0,0.0,0.0,0.0,NA,NA,NA,NA,NA,NA
Ukraine,2005,0.0,0.0,0.0,0.0,0.0,0.0,NA,NA,NA,NA,NA,NA
Ukraine,2006,0.0,0.0,0.0,0.0,0.0,0.0,NA,NA,NA,NA,NA,NA
Ukraine,2007,0.0,0.0,0.0,0.0,0.0,0.0,NA,NA,NA,NA,NA,NA
Ukraine,2008,0.0,0.0,0.0,0.0,0.0,0.0,NA,NA,NA,NA,NA,NA
Ukraine,2009,0.0,0.0,0.0,0.0,0.0,0.0,NA,NA,NA,NA,NA,NA
Ukraine,2010,0.0,0.0,0.0,0.0,0.0,0.0,NA,NA,NA,NA,NA,NA
Ukraine,2011,0.0,0.02005989831725834,0.02005989831725834,0.0,0.02717900762343124,0.02717900762343124,NA,NA,NA,NA,NA,NA
Ukraine,2012,0.0,0.02043467752577128,0.02043467752577128,0.0,0.02768679319662695,0.02768679319662695,NA,NA,NA,NA,NA,NA
Ukraine,2013,0.0,0.02137152079951798,0.02137152079951798,0.0,0.028956115207956164,0.028956115207956164,NA,NA,NA,NA,NA,NA
Ukraine,2014,0.0,0.019975956668992618,0.019975956668992618,0.0,0.027065275706047855,0.027065275706047855,NA,NA,NA,NA,NA,NA
Ukraine,2015,0.0,0.0,0.0,0.0,0.0,0.0,NA,NA,NA,NA,NA,NA
Ukraine,2016,0.0,0.0,0.0,0.0,0.0,0.0,NA,NA,NA,NA,NA,NA
Ukraine,2017,0.0,0.014316440551336664,0.014316440551336664,0.0,0.019397239244748073,0.019397239244748073,NA,NA,NA,NA,NA,NA
Ukraine,2018,0.0,0.013747284132204642,0.013747284132204642,0.0,0.018626093428858997,0.018626093428858997,NA,NA,NA,NA,NA,NA
Ukraine,2019,0.0,0.30975639941469085,0.30975639941469085,0.0,0.419686650846849,0.419686650846849,NA,NA,NA,NA,NA,NA
Ukraine,2020,0.0,0.2808436568744379,0.2808436568744379,0.0,0.38051299016883017,0.38051299016883017,NA,NA,NA,NA,NA,NA
Ukraine,2021,0.0,0.22502640456946296,0.22502640456946296,0.0,0.304886608523081,0.304886608523081,NA,NA,NA,NA,NA,NA
Ukraine,2022,0.0,0.5003726695105157,0.5003726695105157,0.0,0.6779512230868405,0.6779512230868405,NA,NA,NA,NA,NA,NA
Ukraine,2023,0.0,0.4223250718780111,0.4223250718780111,0.0,0.5722051112424283,0.5722051112424283,NA,NA,NA,NA,NA,NA
Ukraine,2024,0.0,0.4223250718780111,0.4223250718780111,0.0,0.5722051112424283,0.5722051112424283,NA,NA,NA,NA,NA,NA
Ukraine,2025,0.0,0.4223250718780111,0.4223250718780111,0.0,0.5722051112424283,0.5722051112424283,NA,NA,NA,NA,NA,NA
United Arab Emirates,1989,0.0,0.0,0.0,0.0,0.0,0.0,NA,NA,NA,NA,NA,NA
United Arab Emirates,1990,0.0,0.0,0.0,0.0,0.0,0.0,NA,NA,NA,NA,NA,NA
United Arab Emirates,1991,0.0,0.0,0.0,0.0,0.0,0.0,NA,NA,NA,NA,NA,NA
United Arab Emirates,1992,0.0,0.0,0.0,0.0,0.0,0.0,NA,NA,NA,NA,NA,NA
United Arab Emirates,1993,0.0,0.0,0.0,0.0,0.0,0.0,NA,NA,NA,NA,NA,NA
United Arab Emirates,1994,0.0,0.0,0.0,0.0,0.0,0.0,NA,NA,NA,NA,NA,NA
United Arab Emirates,1995,0.0,0.0,0.0,0.0,0.0,0.0,NA,NA,NA,NA,NA,NA
United Arab Emirates,1996,0.0,0.0,0.0,0.0,0.0,0.0,NA,NA,NA,NA,NA,NA
United Arab Emirates,1997,0.0,0.0,0.0,0.0,0.0,0.0,NA,NA,NA,NA,NA,NA
United Arab Emirates,1998,0.0,0.0,0.0,0.0,0.0,0.0,NA,NA,NA,NA,NA,NA
United Arab Emirates,1999,0.0,0.0,0.0,0.0,0.0,0.0,NA,NA,NA,NA,NA,NA
United Arab Emirates,2000,0.0,0.0,0.0,0.0,0.0,0.0,NA,NA,NA,NA,NA,NA
United Arab Emirates,2001,0.0,0.0,0.0,0.0,0.0,0.0,NA,NA,NA,NA,NA,NA
United Arab Emirates,2002,0.0,0.0,0.0,0.0,0.0,0.0,NA,NA,NA,NA,NA,NA
United Arab Emirates,2003,0.0,0.0,0.0,0.0,0.0,0.0,NA,NA,NA,NA,NA,NA
United Arab Emirates,2004,0.0,0.0,0.0,0.0,0.0,0.0,NA,NA,NA,NA,NA,NA
United Arab Emirates,2005,0.0,0.0,0.0,0.0,0.0,0.0,NA,NA,NA,NA,NA,NA
United Arab Emirates,2006,0.0,0.0,0.0,0.0,0.0,0.0,NA,NA,NA,NA,NA,NA
United Arab Emirates,2007,0.0,0.0,0.0,0.0,0.0,0.0,NA,NA,NA,NA,NA,NA
United Arab Emirates,2008,0.0,0.0,0.0,0.0,0.0,0.0,NA,NA,NA,NA,NA,NA
United Arab Emirates,2009,0.0,0.0,0.0,0.0,0.0,0.0,NA,NA,NA,NA,NA,NA
United Arab Emirates,2010,0.0,0.0,0.0,0.0,0.0,0.0,NA,NA,NA,NA,NA,NA
United Arab Emirates,2011,0.0,0.0,0.0,0.0,0.0,0.0,NA,NA,NA,NA,NA,NA
United Arab Emirates,2012,0.0,0.0,0.0,0.0,0.0,0.0,NA,NA,NA,NA,NA,NA
United Arab Emirates,2013,0.0,0.0,0.0,0.0,0.0,0.0,NA,NA,NA,NA,NA,NA
United Arab Emirates,2014,0.0,0.0,0.0,0.0,0.0,0.0,NA,NA,NA,NA,NA,NA
United Arab Emirates,2015,0.0,0.0,0.0,0.0,0.0,0.0,NA,NA,NA,NA,NA,NA
United Arab Emirates,2016,0.0,0.0,0.0,0.0,0.0,0.0,NA,NA,NA,NA,NA,NA
United Arab Emirates,2017,0.0,0.0,0.0,0.0,0.0,0.0,NA,NA,NA,NA,NA,NA
United Arab Emirates,2018,0.0,0.0,0.0,0.0,0.0,0.0,NA,NA,NA,NA,NA,NA
United Arab Emirates,2019,0.0,0.0,0.0,0.0,0.0,0.0,NA,NA,NA,NA,NA,NA
United Arab Emirates,2020,0.0,0.0,0.0,0.0,0.0,0.0,NA,NA,NA,NA,NA,NA
United Arab Emirates,2021,0.0,0.0,0.0,0.0,0.0,0.0,NA,NA,NA,NA,NA,NA
United Arab Emirates,2022,0.0,0.0,0.0,0.0,0.0,0.0,NA,NA,NA,NA,NA,NA
United Arab Emirates,2023,0.0,0.0,0.0,0.0,0.0,0.0,NA,NA,NA,NA,NA,NA
United Arab Emirates,2024,0.0,0.0,0.0,0.0,0.0,0.0,NA,NA,NA,NA,NA,NA
United Arab Emirates,2025,0.0,0.0,0.0,0.0,0.0,0.0,NA,NA,NA,NA,NA,NA
United Kingdom,1989,0.0,0.0,0.0,0.0,0.0,0.0,NA,NA,NA,NA,NA,NA
United Kingdom,1990,0.0,0.0,0.0,0.0,0.0,0.0,NA,NA,NA,NA,NA,NA
United Kingdom,1991,0.0,0.0,0.0,0.0,0.0,0.0,NA,NA,NA,NA,NA,NA
United Kingdom,1992,0.0,0.0,0.0,0.0,0.0,0.0,NA,NA,NA,NA,NA,NA
United Kingdom,1993,0.0,0.0,0.0,0.0,0.0,0.0,NA,NA,NA,NA,NA,NA
United Kingdom,1994,0.0,0.0,0.0,0.0,0.0,0.0,NA,NA,NA,NA,NA,NA
United Kingdom,1995,0.0,0.0,0.0,0.0,0.0,0.0,NA,NA,NA,NA,NA,NA
United Kingdom,1996,0.0,0.0,0.0,0.0,0.0,0.0,NA,NA,NA,NA,NA,NA
United Kingdom,1997,0.0,0.0,0.0,0.0,0.0,0.0,NA,NA,NA,NA,NA,NA
United Kingdom,1998,0.0,0.0,0.0,0.0,0.0,0.0,NA,NA,NA,NA,NA,NA
United Kingdom,1999,0.0,0.0,0.0,0.0,0.0,0.0,NA,NA,NA,NA,NA,NA
United Kingdom,2000,0.0,0.0,0.0,0.0,0.0,0.0,NA,NA,NA,NA,NA,NA
United Kingdom,2001,0.0,0.0,0.0,0.0,0.0,0.0,NA,NA,NA,NA,NA,NA
United Kingdom,2002,0.0,0.0,0.0,0.0,0.0,0.0,NA,NA,NA,NA,NA,NA
United Kingdom,2003,0.0,0.0,0.0,0.0,0.0,0.0,NA,NA,NA,NA,NA,NA
United Kingdom,2004,0.0,0.0,0.0,0.0,0.0,0.0,NA,NA,NA,NA,NA,NA
United Kingdom,2005,12.74155749066324,0.0,12.74155749066324,15.318744561742367,0.0,15.318744561742367,NA,NA,NA,NA,NA,NA
United Kingdom,2006,10.37241343374428,0.0,10.37241343374428,12.470402617321062,0.0,12.470402617321062,NA,NA,NA,NA,NA,NA
United Kingdom,2007,0.3863406817157888,0.0,0.3863406817157888,0.46448436318325736,0.0,0.46448436318325736,NA,NA,NA,NA,NA,NA
United Kingdom,2008,9.836521185126786,0.0,9.836521185126786,11.826117452402672,0.0,11.826117452402672,NA,NA,NA,NA,NA,NA
United Kingdom,2009,7.303915320858208,0.0,7.303915320858208,8.781250893606362,0.0,8.781250893606362,NA,NA,NA,NA,NA,NA
United Kingdom,2010,7.840289473449639,0.0,7.840289473449639,9.42611543540905,0.0,9.42611543540905,NA,NA,NA,NA,NA,NA
United Kingdom,2011,6.9228249600841565,0.0,6.9228249600841565,8.323078814100558,0.0,8.323078814100558,NA,NA,NA,NA,NA,NA
United Kingdom,2012,4.580407534851659,0.0,4.580407534851659,5.506869396970419,0.0,5.506869396970419,NA,NA,NA,NA,NA,NA
United Kingdom,2013,2.7169984019764506,1.4147282288407346,4.131726630817186,3.266555483898926,1.7008800044875299,4.967435488386456,NA,NA,NA,NA,NA,NA
United Kingdom,2014,3.569507909074449,2.3735894660138537,5.9430973750883025,4.291498893310278,2.8536865097499167,7.145185403060195,NA,NA,NA,NA,NA,NA
United Kingdom,2015,4.577228332700309,4.478145280173373,9.055373612873682,5.5030471495173625,5.383922939375072,10.886970088892435,NA,NA,NA,NA,NA,NA
United Kingdom,2016,3.127142203561453,4.962640848168034,8.089783051729487,3.7596575347797994,5.966415609744851,9.72607314452465,NA,NA,NA,NA,NA,NA
United Kingdom,2017,3.3456426476768586,4.8668472129106375,8.212489860587496,4.022353244663296,5.851246154972617,9.873599399635912,NA,NA,NA,NA,NA,NA
United Kingdom,2018,8.907489182285023,4.77513374501433,13.682622927299352,10.709173628883017,5.740982147718824,16.45015577660184,NA,NA,NA,NA,NA,NA
United Kingdom,2019,13.716184492368308,4.675409529450604,18.39159402181891,16.490505713629585,5.6210870888957345,22.11159280252532,NA,NA,NA,NA,NA,NA
United Kingdom,2020,13.003765454633436,4.454051178918279,17.457816633551715,15.6339883476812,5.354955414577417,20.988943762258618,NA,NA,NA,NA,NA,NA
United Kingdom,2021,27.867886096964682,4.451088687423761,32.318974784388445,33.504618953213374,5.351393711033395,38.85601266424677,NA,NA,NA,NA,NA,NA
United Kingdom,2022,37.844298178395356,4.221285901377796,42.06558407977315,45.49892250912519,5.07510957688461,50.574032086009794,NA,NA,NA,NA,NA,NA
United Kingdom,2023,24.734299493467343,3.934160820870472,28.668460314337814,29.73721353387991,4.729908782650115,34.46712231653002,NA,NA,NA,NA,NA,NA
United Kingdom,2024,17.3913742054049,3.934160820870472,21.32553502627537,20.90906227323431,4.729908782650115,25.638971055884426,NA,NA,NA,NA,NA,NA
United Kingdom,2025,20.369686167554466,3.934160820870472,24.303846988424937,24.489786231571685,4.729908782650115,29.2196950142218,NA,NA,NA,NA,NA,NA
United States,1989,0.0,0.0,0.0,0.0,0.0,0.0,NA,NA,NA,NA,NA,NA
United States,1990,0.0,0.0,0.0,0.0,0.0,0.0,NA,NA,NA,NA,NA,NA
United States,1991,0.0,0.0,0.0,0.0,0.0,0.0,NA,NA,NA,NA,NA,NA
United States,1992,0.0,0.0,0.0,0.0,0.0,0.0,NA,NA,NA,NA,NA,NA
United States,1993,0.0,0.0,0.0,0.0,0.0,0.0,NA,NA,NA,NA,NA,NA
United States,1994,0.0,0.0,0.0,0.0,0.0,0.0,NA,NA,NA,NA,NA,NA
United States,1995,0.0,0.0,0.0,0.0,0.0,0.0,NA,NA,NA,NA,NA,NA
United States,1996,0.0,0.0,0.0,0.0,0.0,0.0,NA,NA,NA,NA,NA,NA
United States,1997,0.0,0.0,0.0,0.0,0.0,0.0,NA,NA,NA,NA,NA,NA
United States,1998,0.0,0.0,0.0,0.0,0.0,0.0,NA,NA,NA,NA,NA,NA
United States,1999,0.0,0.0,0.0,0.0,0.0,0.0,NA,NA,NA,NA,NA,NA
United States,2000,0.0,0.0,0.0,0.0,0.0,0.0,NA,NA,NA,NA,NA,NA
United States,2001,0.0,0.0,0.0,0.0,0.0,0.0,NA,NA,NA,NA,NA,NA
United States,2002,0.0,0.0,0.0,0.0,0.0,0.0,NA,NA,NA,NA,NA,NA
United States,2003,0.0,0.0,0.0,0.0,0.0,0.0,NA,NA,NA,NA,NA,NA
United States,2004,0.0,0.0,0.0,0.0,0.0,0.0,NA,NA,NA,NA,NA,NA
United States,2005,0.0,0.0,0.0,0.0,0.0,0.0,NA,NA,NA,NA,NA,NA
United States,2006,0.0,0.0,0.0,0.0,0.0,0.0,NA,NA,NA,NA,NA,NA
United States,2007,0.0,0.0,0.0,0.0,0.0,0.0,NA,NA,NA,NA,NA,NA
United States,2008,0.0,0.0,0.0,0.0,0.0,0.0,NA,NA,NA,NA,NA,NA
United States,2009,0.05144536726427629,0.0,0.05144536726427629,0.0629988519951083,0.0,0.0629988519951083,NA,NA,NA,NA,NA,NA
United States,2010,0.03423087670975338,0.0,0.03423087670975338,0.04191836991701355,0.0,0.04191836991701355,NA,NA,NA,NA,NA,NA
United States,2011,0.029763987122082565,0.0,0.029763987122082565,0.03644831632469379,0.0,0.03644831632469379,NA,NA,NA,NA,NA,NA
United States,2012,0.03777202066452568,0.0,0.03777202066452568,0.04625477600687706,0.0,0.04625477600687706,NA,NA,NA,NA,NA,NA
United States,2013,0.3558036296124746,0.0,0.3558036296124746,0.43570920751971715,0.0,0.43570920751971715,NA,NA,NA,NA,NA,NA
United States,2014,0.3393991085543343,0.0,0.3393991085543343,0.41562059606353924,0.0,0.41562059606353924,NA,NA,NA,NA,NA,NA
United States,2015,0.7803991162911368,0.0,0.7803991162911368,0.9556593924537563,0.0,0.9556593924537563,NA,NA,NA,NA,NA,NA
United States,2016,0.7578186231842093,0.0,0.7578186231842093,0.9280078230536929,0.0,0.9280078230536929,NA,NA,NA,NA,NA,NA
United States,2017,0.829353728402235,0.0,0.829353728402235,1.0156081211122956,0.0,1.0156081211122956,NA,NA,NA,NA,NA,NA
United States,2018,0.8403112416974151,0.0,0.8403112416974151,1.0290264480681777,0.0,1.0290264480681777,NA,NA,NA,NA,NA,NA
United States,2019,0.9371758182427704,0.0,0.9371758182427704,1.1476446530855837,0.0,1.1476446530855837,NA,NA,NA,NA,NA,NA
United States,2020,0.9677948940710817,0.0,0.9677948940710817,1.1851400920125843,0.0,1.1851400920125843,NA,NA,NA,NA,NA,NA
United States,2021,1.2156833680504873,0.0,1.2156833680504873,1.4886988012603666,0.0,1.4886988012603666,NA,NA,NA,NA,NA,NA
United States,2022,1.4499812832396757,0.0,1.4499812832396757,1.775614814629287,0.0,1.775614814629287,NA,NA,NA,NA,NA,NA
United States,2023,1.606999976591195,0.0,1.606999976591195,1.9678964125446483,0.0,1.9678964125446483,NA,NA,NA,NA,NA,NA
United States,2024,1.7842248483786312,0.0,1.7842248483786312,2.1849220469469453,0.0,2.1849220469469453,NA,NA,NA,NA,NA,NA
United States,2025,1.2261031790540753,0.0,1.2261031790540753,1.5014586699548578,0.0,1.5014586699548578,NA,NA,NA,NA,NA,NA
Uruguay,1989,0.0,0.0,0.0,0.0,0.0,0.0,NA,NA,NA,NA,NA,NA
Uruguay,1990,0.0,0.0,0.0,0.0,0.0,0.0,NA,NA,NA,NA,NA,NA
Uruguay,1991,0.0,0.0,0.0,0.0,0.0,0.0,NA,NA,NA,NA,NA,NA
Uruguay,1992,0.0,0.0,0.0,0.0,0.0,0.0,NA,NA,NA,NA,NA,NA
Uruguay,1993,0.0,0.0,0.0,0.0,0.0,0.0,NA,NA,NA,NA,NA,NA
Uruguay,1994,0.0,0.0,0.0,0.0,0.0,0.0,NA,NA,NA,NA,NA,NA
Uruguay,1995,0.0,0.0,0.0,0.0,0.0,0.0,NA,NA,NA,NA,NA,NA
Uruguay,1996,0.0,0.0,0.0,0.0,0.0,0.0,NA,NA,NA,NA,NA,NA
Uruguay,1997,0.0,0.0,0.0,0.0,0.0,0.0,NA,NA,NA,NA,NA,NA
Uruguay,1998,0.0,0.0,0.0,0.0,0.0,0.0,NA,NA,NA,NA,NA,NA
Uruguay,1999,0.0,0.0,0.0,0.0,0.0,0.0,NA,NA,NA,NA,NA,NA
Uruguay,2000,0.0,0.0,0.0,0.0,0.0,0.0,NA,NA,NA,NA,NA,NA
Uruguay,2001,0.0,0.0,0.0,0.0,0.0,0.0,NA,NA,NA,NA,NA,NA
Uruguay,2002,0.0,0.0,0.0,0.0,0.0,0.0,NA,NA,NA,NA,NA,NA
Uruguay,2003,0.0,0.0,0.0,0.0,0.0,0.0,NA,NA,NA,NA,NA,NA
Uruguay,2004,0.0,0.0,0.0,0.0,0.0,0.0,NA,NA,NA,NA,NA,NA
Uruguay,2005,0.0,0.0,0.0,0.0,0.0,0.0,NA,NA,NA,NA,NA,NA
Uruguay,2006,0.0,0.0,0.0,0.0,0.0,0.0,NA,NA,NA,NA,NA,NA
Uruguay,2007,0.0,0.0,0.0,0.0,0.0,0.0,NA,NA,NA,NA,NA,NA
Uruguay,2008,0.0,0.0,0.0,0.0,0.0,0.0,NA,NA,NA,NA,NA,NA
Uruguay,2009,0.0,0.0,0.0,0.0,0.0,0.0,NA,NA,NA,NA,NA,NA
Uruguay,2010,0.0,0.0,0.0,0.0,0.0,0.0,NA,NA,NA,NA,NA,NA
Uruguay,2011,0.0,0.0,0.0,0.0,0.0,0.0,NA,NA,NA,NA,NA,NA
Uruguay,2012,0.0,0.0,0.0,0.0,0.0,0.0,NA,NA,NA,NA,NA,NA
Uruguay,2013,0.0,0.0,0.0,0.0,0.0,0.0,NA,NA,NA,NA,NA,NA
Uruguay,2014,0.0,0.0,0.0,0.0,0.0,0.0,NA,NA,NA,NA,NA,NA
Uruguay,2015,0.0,0.0,0.0,0.0,0.0,0.0,NA,NA,NA,NA,NA,NA
Uruguay,2016,0.0,0.0,0.0,0.0,0.0,0.0,NA,NA,NA,NA,NA,NA
Uruguay,2017,0.0,0.0,0.0,0.0,0.0,0.0,NA,NA,NA,NA,NA,NA
Uruguay,2018,0.0,0.0,0.0,0.0,0.0,0.0,NA,NA,NA,NA,NA,NA
Uruguay,2019,0.0,0.0,0.0,0.0,0.0,0.0,NA,NA,NA,NA,NA,NA
Uruguay,2020,0.0,0.0,0.0,0.0,0.0,0.0,NA,NA,NA,NA,NA,NA
Uruguay,2021,0.0,0.0,0.0,0.0,0.0,0.0,NA,NA,NA,NA,NA,NA
Uruguay,2022,0.0,0.0,0.0,0.0,0.0,0.0,NA,NA,NA,NA,NA,NA
Uruguay,2023,0.0,0.0,0.0,0.0,0.0,0.0,NA,NA,NA,NA,NA,NA
Uruguay,2024,0.0,0.0,0.0,0.0,0.0,0.0,NA,NA,NA,NA,NA,NA
Uruguay,2025,0.0,0.0,0.0,0.0,0.0,0.0,NA,NA,NA,NA,NA,NA
Utah,1989,0.0,0.0,0.0,0.0,0.0,0.0,0.0,0.0,0.0,0.0,0.0,0.0
Utah,1990,0.0,0.0,0.0,0.0,0.0,0.0,0.0,0.0,0.0,0.0,0.0,0.0
Utah,1991,0.0,0.0,0.0,0.0,0.0,0.0,0.0,0.0,0.0,0.0,0.0,0.0
Utah,1992,0.0,0.0,0.0,0.0,0.0,0.0,0.0,0.0,0.0,0.0,0.0,0.0
Utah,1993,0.0,0.0,0.0,0.0,0.0,0.0,0.0,0.0,0.0,0.0,0.0,0.0
Utah,1994,0.0,0.0,0.0,0.0,0.0,0.0,0.0,0.0,0.0,0.0,0.0,0.0
Utah,1995,0.0,0.0,0.0,0.0,0.0,0.0,0.0,0.0,0.0,0.0,0.0,0.0
Utah,1996,0.0,0.0,0.0,0.0,0.0,0.0,0.0,0.0,0.0,0.0,0.0,0.0
Utah,1997,0.0,0.0,0.0,0.0,0.0,0.0,0.0,0.0,0.0,0.0,0.0,0.0
Utah,1998,0.0,0.0,0.0,0.0,0.0,0.0,0.0,0.0,0.0,0.0,0.0,0.0
Utah,1999,0.0,0.0,0.0,0.0,0.0,0.0,0.0,0.0,0.0,0.0,0.0,0.0
Utah,2000,0.0,0.0,0.0,0.0,0.0,0.0,0.0,0.0,0.0,0.0,0.0,0.0
Utah,2001,0.0,0.0,0.0,0.0,0.0,0.0,0.0,0.0,0.0,0.0,0.0,0.0
Utah,2002,0.0,0.0,0.0,0.0,0.0,0.0,0.0,0.0,0.0,0.0,0.0,0.0
Utah,2003,0.0,0.0,0.0,0.0,0.0,0.0,0.0,0.0,0.0,0.0,0.0,0.0
Utah,2004,0.0,0.0,0.0,0.0,0.0,0.0,0.0,0.0,0.0,0.0,0.0,0.0
Utah,2005,0.0,0.0,0.0,0.0,0.0,0.0,0.0,0.0,0.0,0.0,0.0,0.0
Utah,2006,0.0,0.0,0.0,0.0,0.0,0.0,0.0,0.0,0.0,0.0,0.0,0.0
Utah,2007,0.0,0.0,0.0,0.0,0.0,0.0,0.0,0.0,0.0,0.0,0.0,0.0
Utah,2008,0.0,0.0,0.0,0.0,0.0,0.0,0.0,0.0,0.0,0.0,0.0,0.0
Utah,2009,0.0,0.0,0.0,0.0,0.0,0.0,0.0,0.0,0.0,0.0,0.0,0.0
Utah,2010,0.0,0.0,0.0,0.0,0.0,0.0,0.0,0.0,0.0,0.0,0.0,0.0
Utah,2011,0.0,0.0,0.0,0.0,0.0,0.0,0.0,0.0,0.0,0.0,0.0,0.0
Utah,2012,0.0,0.0,0.0,0.0,0.0,0.0,0.0,0.0,0.0,0.0,0.0,0.0
Utah,2013,0.0,0.0,0.0,0.0,0.0,0.0,0.0,0.0,0.0,0.0,0.0,0.0
Utah,2014,0.0,0.0,0.0,0.0,0.0,0.0,0.0,0.0,0.0,0.0,0.0,0.0
Utah,2015,0.0,0.0,0.0,0.0,0.0,0.0,0.0,0.0,0.0,0.0,0.0,0.0
Utah,2016,0.0,0.0,0.0,0.0,0.0,0.0,0.0,0.0,0.0,0.0,0.0,0.0
Utah,2017,0.0,0.0,0.0,0.0,0.0,0.0,0.0,0.0,0.0,0.0,0.0,0.0
Utah,2018,0.0,0.0,0.0,0.0,0.0,0.0,0.0,0.0,0.0,0.0,0.0,0.0
Utah,2019,0.0,0.0,0.0,0.0,0.0,0.0,0.0,0.0,0.0,0.0,0.0,0.0
Utah,2020,0.0,0.0,0.0,0.0,0.0,0.0,0.0,0.0,0.0,0.0,0.0,0.0
Utah,2021,0.0,0.0,0.0,0.0,0.0,0.0,0.0,0.0,0.0,0.0,0.0,0.0
Utah,2022,0.0,0.0,0.0,0.0,0.0,0.0,0.0,0.0,0.0,0.0,0.0,0.0
Utah,2023,0.0,0.0,0.0,0.0,0.0,0.0,0.0,0.0,0.0,0.0,0.0,0.0
Utah,2024,0.0,0.0,0.0,0.0,0.0,0.0,0.0,0.0,0.0,0.0,0.0,0.0
Utah,2025,0.0,0.0,0.0,0.0,0.0,0.0,0.0,0.0,0.0,0.0,0.0,0.0
Uzbekistan,1989,0.0,0.0,0.0,0.0,0.0,0.0,NA,NA,NA,NA,NA,NA
Uzbekistan,1990,0.0,0.0,0.0,0.0,0.0,0.0,NA,NA,NA,NA,NA,NA
Uzbekistan,1991,0.0,0.0,0.0,0.0,0.0,0.0,NA,NA,NA,NA,NA,NA
Uzbekistan,1992,0.0,0.0,0.0,0.0,0.0,0.0,NA,NA,NA,NA,NA,NA
Uzbekistan,1993,0.0,0.0,0.0,0.0,0.0,0.0,NA,NA,NA,NA,NA,NA
Uzbekistan,1994,0.0,0.0,0.0,0.0,0.0,0.0,NA,NA,NA,NA,NA,NA
Uzbekistan,1995,0.0,0.0,0.0,0.0,0.0,0.0,NA,NA,NA,NA,NA,NA
Uzbekistan,1996,0.0,0.0,0.0,0.0,0.0,0.0,NA,NA,NA,NA,NA,NA
Uzbekistan,1997,0.0,0.0,0.0,0.0,0.0,0.0,NA,NA,NA,NA,NA,NA
Uzbekistan,1998,0.0,0.0,0.0,0.0,0.0,0.0,NA,NA,NA,NA,NA,NA
Uzbekistan,1999,0.0,0.0,0.0,0.0,0.0,0.0,NA,NA,NA,NA,NA,NA
Uzbekistan,2000,0.0,0.0,0.0,0.0,0.0,0.0,NA,NA,NA,NA,NA,NA
Uzbekistan,2001,0.0,0.0,0.0,0.0,0.0,0.0,NA,NA,NA,NA,NA,NA
Uzbekistan,2002,0.0,0.0,0.0,0.0,0.0,0.0,NA,NA,NA,NA,NA,NA
Uzbekistan,2003,0.0,0.0,0.0,0.0,0.0,0.0,NA,NA,NA,NA,NA,NA
Uzbekistan,2004,0.0,0.0,0.0,0.0,0.0,0.0,NA,NA,NA,NA,NA,NA
Uzbekistan,2005,0.0,0.0,0.0,0.0,0.0,0.0,NA,NA,NA,NA,NA,NA
Uzbekistan,2006,0.0,0.0,0.0,0.0,0.0,0.0,NA,NA,NA,NA,NA,NA
Uzbekistan,2007,0.0,0.0,0.0,0.0,0.0,0.0,NA,NA,NA,NA,NA,NA
Uzbekistan,2008,0.0,0.0,0.0,0.0,0.0,0.0,NA,NA,NA,NA,NA,NA
Uzbekistan,2009,0.0,0.0,0.0,0.0,0.0,0.0,NA,NA,NA,NA,NA,NA
Uzbekistan,2010,0.0,0.0,0.0,0.0,0.0,0.0,NA,NA,NA,NA,NA,NA
Uzbekistan,2011,0.0,0.0,0.0,0.0,0.0,0.0,NA,NA,NA,NA,NA,NA
Uzbekistan,2012,0.0,0.0,0.0,0.0,0.0,0.0,NA,NA,NA,NA,NA,NA
Uzbekistan,2013,0.0,0.0,0.0,0.0,0.0,0.0,NA,NA,NA,NA,NA,NA
Uzbekistan,2014,0.0,0.0,0.0,0.0,0.0,0.0,NA,NA,NA,NA,NA,NA
Uzbekistan,2015,0.0,0.0,0.0,0.0,0.0,0.0,NA,NA,NA,NA,NA,NA
Uzbekistan,2016,0.0,0.0,0.0,0.0,0.0,0.0,NA,NA,NA,NA,NA,NA
Uzbekistan,2017,0.0,0.0,0.0,0.0,0.0,0.0,NA,NA,NA,NA,NA,NA
Uzbekistan,2018,0.0,0.0,0.0,0.0,0.0,0.0,NA,NA,NA,NA,NA,NA
Uzbekistan,2019,0.0,0.0,0.0,0.0,0.0,0.0,NA,NA,NA,NA,NA,NA
Uzbekistan,2020,0.0,0.0,0.0,0.0,0.0,0.0,NA,NA,NA,NA,NA,NA
Uzbekistan,2021,0.0,0.0,0.0,0.0,0.0,0.0,NA,NA,NA,NA,NA,NA
Uzbekistan,2022,0.0,0.0,0.0,0.0,0.0,0.0,NA,NA,NA,NA,NA,NA
Uzbekistan,2023,0.0,0.0,0.0,0.0,0.0,0.0,NA,NA,NA,NA,NA,NA
Uzbekistan,2024,0.0,0.0,0.0,0.0,0.0,0.0,NA,NA,NA,NA,NA,NA
Uzbekistan,2025,0.0,0.0,0.0,0.0,0.0,0.0,NA,NA,NA,NA,NA,NA
Vanuatu,1989,0.0,0.0,0.0,0.0,0.0,0.0,NA,NA,NA,NA,NA,NA
Vanuatu,1990,0.0,0.0,0.0,0.0,0.0,0.0,NA,NA,NA,NA,NA,NA
Vanuatu,1991,0.0,0.0,0.0,0.0,0.0,0.0,NA,NA,NA,NA,NA,NA
Vanuatu,1992,0.0,0.0,0.0,0.0,0.0,0.0,NA,NA,NA,NA,NA,NA
Vanuatu,1993,0.0,0.0,0.0,0.0,0.0,0.0,NA,NA,NA,NA,NA,NA
Vanuatu,1994,0.0,0.0,0.0,0.0,0.0,0.0,NA,NA,NA,NA,NA,NA
Vanuatu,1995,0.0,0.0,0.0,0.0,0.0,0.0,NA,NA,NA,NA,NA,NA
Vanuatu,1996,0.0,0.0,0.0,0.0,0.0,0.0,NA,NA,NA,NA,NA,NA
Vanuatu,1997,0.0,0.0,0.0,0.0,0.0,0.0,NA,NA,NA,NA,NA,NA
Vanuatu,1998,0.0,0.0,0.0,0.0,0.0,0.0,NA,NA,NA,NA,NA,NA
Vanuatu,1999,0.0,0.0,0.0,0.0,0.0,0.0,NA,NA,NA,NA,NA,NA
Vanuatu,2000,0.0,0.0,0.0,0.0,0.0,0.0,NA,NA,NA,NA,NA,NA
Vanuatu,2001,0.0,0.0,0.0,0.0,0.0,0.0,NA,NA,NA,NA,NA,NA
Vanuatu,2002,0.0,0.0,0.0,0.0,0.0,0.0,NA,NA,NA,NA,NA,NA
Vanuatu,2003,0.0,0.0,0.0,0.0,0.0,0.0,NA,NA,NA,NA,NA,NA
Vanuatu,2004,0.0,0.0,0.0,0.0,0.0,0.0,NA,NA,NA,NA,NA,NA
Vanuatu,2005,0.0,0.0,0.0,0.0,0.0,0.0,NA,NA,NA,NA,NA,NA
Vanuatu,2006,0.0,0.0,0.0,0.0,0.0,0.0,NA,NA,NA,NA,NA,NA
Vanuatu,2007,0.0,0.0,0.0,0.0,0.0,0.0,NA,NA,NA,NA,NA,NA
Vanuatu,2008,0.0,0.0,0.0,0.0,0.0,0.0,NA,NA,NA,NA,NA,NA
Vanuatu,2009,0.0,0.0,0.0,0.0,0.0,0.0,NA,NA,NA,NA,NA,NA
Vanuatu,2010,0.0,0.0,0.0,0.0,0.0,0.0,NA,NA,NA,NA,NA,NA
Vanuatu,2011,0.0,0.0,0.0,0.0,0.0,0.0,NA,NA,NA,NA,NA,NA
Vanuatu,2012,0.0,0.0,0.0,0.0,0.0,0.0,NA,NA,NA,NA,NA,NA
Vanuatu,2013,0.0,0.0,0.0,0.0,0.0,0.0,NA,NA,NA,NA,NA,NA
Vanuatu,2014,0.0,0.0,0.0,0.0,0.0,0.0,NA,NA,NA,NA,NA,NA
Vanuatu,2015,0.0,0.0,0.0,0.0,0.0,0.0,NA,NA,NA,NA,NA,NA
Vanuatu,2016,0.0,0.0,0.0,0.0,0.0,0.0,NA,NA,NA,NA,NA,NA
Vanuatu,2017,0.0,0.0,0.0,0.0,0.0,0.0,NA,NA,NA,NA,NA,NA
Vanuatu,2018,0.0,0.0,0.0,0.0,0.0,0.0,NA,NA,NA,NA,NA,NA
Vanuatu,2019,0.0,0.0,0.0,0.0,0.0,0.0,NA,NA,NA,NA,NA,NA
Vanuatu,2020,0.0,0.0,0.0,0.0,0.0,0.0,NA,NA,NA,NA,NA,NA
Vanuatu,2021,0.0,0.0,0.0,0.0,0.0,0.0,NA,NA,NA,NA,NA,NA
Vanuatu,2022,0.0,0.0,0.0,0.0,0.0,0.0,NA,NA,NA,NA,NA,NA
Vanuatu,2023,0.0,0.0,0.0,0.0,0.0,0.0,NA,NA,NA,NA,NA,NA
Vanuatu,2024,0.0,0.0,0.0,0.0,0.0,0.0,NA,NA,NA,NA,NA,NA
Vanuatu,2025,0.0,0.0,0.0,0.0,0.0,0.0,NA,NA,NA,NA,NA,NA
Vatican City,1989,0.0,0.0,0.0,0.0,0.0,0.0,NA,NA,NA,NA,NA,NA
Vatican City,1990,0.0,0.0,0.0,0.0,0.0,0.0,NA,NA,NA,NA,NA,NA
Vatican City,1991,0.0,0.0,0.0,0.0,0.0,0.0,NA,NA,NA,NA,NA,NA
Vatican City,1992,0.0,0.0,0.0,0.0,0.0,0.0,NA,NA,NA,NA,NA,NA
Vatican City,1993,0.0,0.0,0.0,0.0,0.0,0.0,NA,NA,NA,NA,NA,NA
Vatican City,1994,0.0,0.0,0.0,0.0,0.0,0.0,NA,NA,NA,NA,NA,NA
Vatican City,1995,0.0,0.0,0.0,0.0,0.0,0.0,NA,NA,NA,NA,NA,NA
Vatican City,1996,0.0,0.0,0.0,0.0,0.0,0.0,NA,NA,NA,NA,NA,NA
Vatican City,1997,0.0,0.0,0.0,0.0,0.0,0.0,NA,NA,NA,NA,NA,NA
Vatican City,1998,0.0,0.0,0.0,0.0,0.0,0.0,NA,NA,NA,NA,NA,NA
Vatican City,1999,0.0,0.0,0.0,0.0,0.0,0.0,NA,NA,NA,NA,NA,NA
Vatican City,2000,0.0,0.0,0.0,0.0,0.0,0.0,NA,NA,NA,NA,NA,NA
Vatican City,2001,0.0,0.0,0.0,0.0,0.0,0.0,NA,NA,NA,NA,NA,NA
Vatican City,2002,0.0,0.0,0.0,0.0,0.0,0.0,NA,NA,NA,NA,NA,NA
Vatican City,2003,0.0,0.0,0.0,0.0,0.0,0.0,NA,NA,NA,NA,NA,NA
Vatican City,2004,0.0,0.0,0.0,0.0,0.0,0.0,NA,NA,NA,NA,NA,NA
Vatican City,2005,0.0,0.0,0.0,0.0,0.0,0.0,NA,NA,NA,NA,NA,NA
Vatican City,2006,0.0,0.0,0.0,0.0,0.0,0.0,NA,NA,NA,NA,NA,NA
Vatican City,2007,0.0,0.0,0.0,0.0,0.0,0.0,NA,NA,NA,NA,NA,NA
Vatican City,2008,0.0,0.0,0.0,0.0,0.0,0.0,NA,NA,NA,NA,NA,NA
Vatican City,2009,0.0,0.0,0.0,0.0,0.0,0.0,NA,NA,NA,NA,NA,NA
Vatican City,2010,0.0,0.0,0.0,0.0,0.0,0.0,NA,NA,NA,NA,NA,NA
Vatican City,2011,0.0,0.0,0.0,0.0,0.0,0.0,NA,NA,NA,NA,NA,NA
Vatican City,2012,0.0,0.0,0.0,0.0,0.0,0.0,NA,NA,NA,NA,NA,NA
Vatican City,2013,0.0,0.0,0.0,0.0,0.0,0.0,NA,NA,NA,NA,NA,NA
Vatican City,2014,0.0,0.0,0.0,0.0,0.0,0.0,NA,NA,NA,NA,NA,NA
Vatican City,2015,0.0,0.0,0.0,0.0,0.0,0.0,NA,NA,NA,NA,NA,NA
Vatican City,2016,0.0,0.0,0.0,0.0,0.0,0.0,NA,NA,NA,NA,NA,NA
Vatican City,2017,0.0,0.0,0.0,0.0,0.0,0.0,NA,NA,NA,NA,NA,NA
Vatican City,2018,0.0,0.0,0.0,0.0,0.0,0.0,NA,NA,NA,NA,NA,NA
Vatican City,2019,0.0,0.0,0.0,0.0,0.0,0.0,NA,NA,NA,NA,NA,NA
Vatican City,2020,0.0,0.0,0.0,0.0,0.0,0.0,NA,NA,NA,NA,NA,NA
Vatican City,2021,0.0,0.0,0.0,0.0,0.0,0.0,NA,NA,NA,NA,NA,NA
Vatican City,2022,0.0,0.0,0.0,0.0,0.0,0.0,NA,NA,NA,NA,NA,NA
Vatican City,2023,0.0,0.0,0.0,0.0,0.0,0.0,NA,NA,NA,NA,NA,NA
Vatican City,2024,0.0,0.0,0.0,0.0,0.0,0.0,NA,NA,NA,NA,NA,NA
Vatican City,2025,0.0,0.0,0.0,0.0,0.0,0.0,NA,NA,NA,NA,NA,NA
"Venezuela, RB",1989,0.0,0.0,0.0,0.0,0.0,0.0,NA,NA,NA,NA,NA,NA
"Venezuela, RB",1990,0.0,0.0,0.0,0.0,0.0,0.0,NA,NA,NA,NA,NA,NA
"Venezuela, RB",1991,0.0,0.0,0.0,0.0,0.0,0.0,NA,NA,NA,NA,NA,NA
"Venezuela, RB",1992,0.0,0.0,0.0,0.0,0.0,0.0,NA,NA,NA,NA,NA,NA
"Venezuela, RB",1993,0.0,0.0,0.0,0.0,0.0,0.0,NA,NA,NA,NA,NA,NA
"Venezuela, RB",1994,0.0,0.0,0.0,0.0,0.0,0.0,NA,NA,NA,NA,NA,NA
"Venezuela, RB",1995,0.0,0.0,0.0,0.0,0.0,0.0,NA,NA,NA,NA,NA,NA
"Venezuela, RB",1996,0.0,0.0,0.0,0.0,0.0,0.0,NA,NA,NA,NA,NA,NA
"Venezuela, RB",1997,0.0,0.0,0.0,0.0,0.0,0.0,NA,NA,NA,NA,NA,NA
"Venezuela, RB",1998,0.0,0.0,0.0,0.0,0.0,0.0,NA,NA,NA,NA,NA,NA
"Venezuela, RB",1999,0.0,0.0,0.0,0.0,0.0,0.0,NA,NA,NA,NA,NA,NA
"Venezuela, RB",2000,0.0,0.0,0.0,0.0,0.0,0.0,NA,NA,NA,NA,NA,NA
"Venezuela, RB",2001,0.0,0.0,0.0,0.0,0.0,0.0,NA,NA,NA,NA,NA,NA
"Venezuela, RB",2002,0.0,0.0,0.0,0.0,0.0,0.0,NA,NA,NA,NA,NA,NA
"Venezuela, RB",2003,0.0,0.0,0.0,0.0,0.0,0.0,NA,NA,NA,NA,NA,NA
"Venezuela, RB",2004,0.0,0.0,0.0,0.0,0.0,0.0,NA,NA,NA,NA,NA,NA
"Venezuela, RB",2005,0.0,0.0,0.0,0.0,0.0,0.0,NA,NA,NA,NA,NA,NA
"Venezuela, RB",2006,0.0,0.0,0.0,0.0,0.0,0.0,NA,NA,NA,NA,NA,NA
"Venezuela, RB",2007,0.0,0.0,0.0,0.0,0.0,0.0,NA,NA,NA,NA,NA,NA
"Venezuela, RB",2008,0.0,0.0,0.0,0.0,0.0,0.0,NA,NA,NA,NA,NA,NA
"Venezuela, RB",2009,0.0,0.0,0.0,0.0,0.0,0.0,NA,NA,NA,NA,NA,NA
"Venezuela, RB",2010,0.0,0.0,0.0,0.0,0.0,0.0,NA,NA,NA,NA,NA,NA
"Venezuela, RB",2011,0.0,0.0,0.0,0.0,0.0,0.0,NA,NA,NA,NA,NA,NA
"Venezuela, RB",2012,0.0,0.0,0.0,0.0,0.0,0.0,NA,NA,NA,NA,NA,NA
"Venezuela, RB",2013,0.0,0.0,0.0,0.0,0.0,0.0,NA,NA,NA,NA,NA,NA
"Venezuela, RB",2014,0.0,0.0,0.0,0.0,0.0,0.0,NA,NA,NA,NA,NA,NA
"Venezuela, RB",2015,0.0,0.0,0.0,0.0,0.0,0.0,NA,NA,NA,NA,NA,NA
"Venezuela, RB",2016,0.0,0.0,0.0,0.0,0.0,0.0,NA,NA,NA,NA,NA,NA
"Venezuela, RB",2017,0.0,0.0,0.0,0.0,0.0,0.0,NA,NA,NA,NA,NA,NA
"Venezuela, RB",2018,0.0,0.0,0.0,0.0,0.0,0.0,NA,NA,NA,NA,NA,NA
"Venezuela, RB",2019,0.0,0.0,0.0,0.0,0.0,0.0,NA,NA,NA,NA,NA,NA
"Venezuela, RB",2020,0.0,0.0,0.0,0.0,0.0,0.0,NA,NA,NA,NA,NA,NA
"Venezuela, RB",2021,0.0,0.0,0.0,0.0,0.0,0.0,NA,NA,NA,NA,NA,NA
"Venezuela, RB",2022,0.0,0.0,0.0,0.0,0.0,0.0,NA,NA,NA,NA,NA,NA
"Venezuela, RB",2023,0.0,0.0,0.0,0.0,0.0,0.0,NA,NA,NA,NA,NA,NA
"Venezuela, RB",2024,0.0,0.0,0.0,0.0,0.0,0.0,NA,NA,NA,NA,NA,NA
"Venezuela, RB",2025,0.0,0.0,0.0,0.0,0.0,0.0,NA,NA,NA,NA,NA,NA
Veracruz de Ignacio de la Llave,1989,0.0,0.0,0.0,0.0,0.0,0.0,0.0,0.0,0.0,0.0,0.0,0.0
Veracruz de Ignacio de la Llave,1990,0.0,0.0,0.0,0.0,0.0,0.0,0.0,0.0,0.0,0.0,0.0,0.0
Veracruz de Ignacio de la Llave,1991,0.0,0.0,0.0,0.0,0.0,0.0,0.0,0.0,0.0,0.0,0.0,0.0
Veracruz de Ignacio de la Llave,1992,0.0,0.0,0.0,0.0,0.0,0.0,0.0,0.0,0.0,0.0,0.0,0.0
Veracruz de Ignacio de la Llave,1993,0.0,0.0,0.0,0.0,0.0,0.0,0.0,0.0,0.0,0.0,0.0,0.0
Veracruz de Ignacio de la Llave,1994,0.0,0.0,0.0,0.0,0.0,0.0,0.0,0.0,0.0,0.0,0.0,0.0
Veracruz de Ignacio de la Llave,1995,0.0,0.0,0.0,0.0,0.0,0.0,0.0,0.0,0.0,0.0,0.0,0.0
Veracruz de Ignacio de la Llave,1996,0.0,0.0,0.0,0.0,0.0,0.0,0.0,0.0,0.0,0.0,0.0,0.0
Veracruz de Ignacio de la Llave,1997,0.0,0.0,0.0,0.0,0.0,0.0,0.0,0.0,0.0,0.0,0.0,0.0
Veracruz de Ignacio de la Llave,1998,0.0,0.0,0.0,0.0,0.0,0.0,0.0,0.0,0.0,0.0,0.0,0.0
Veracruz de Ignacio de la Llave,1999,0.0,0.0,0.0,0.0,0.0,0.0,0.0,0.0,0.0,0.0,0.0,0.0
Veracruz de Ignacio de la Llave,2000,0.0,0.0,0.0,0.0,0.0,0.0,0.0,0.0,0.0,0.0,0.0,0.0
Veracruz de Ignacio de la Llave,2001,0.0,0.0,0.0,0.0,0.0,0.0,0.0,0.0,0.0,0.0,0.0,0.0
Veracruz de Ignacio de la Llave,2002,0.0,0.0,0.0,0.0,0.0,0.0,0.0,0.0,0.0,0.0,0.0,0.0
Veracruz de Ignacio de la Llave,2003,0.0,0.0,0.0,0.0,0.0,0.0,0.0,0.0,0.0,0.0,0.0,0.0
Veracruz de Ignacio de la Llave,2004,0.0,0.0,0.0,0.0,0.0,0.0,0.0,0.0,0.0,0.0,0.0,0.0
Veracruz de Ignacio de la Llave,2005,0.0,0.0,0.0,0.0,0.0,0.0,0.0,0.0,0.0,0.0,0.0,0.0
Veracruz de Ignacio de la Llave,2006,0.0,0.0,0.0,0.0,0.0,0.0,0.0,0.0,0.0,0.0,0.0,0.0
Veracruz de Ignacio de la Llave,2007,0.0,0.0,0.0,0.0,0.0,0.0,0.0,0.0,0.0,0.0,0.0,0.0
Veracruz de Ignacio de la Llave,2008,0.0,0.0,0.0,0.0,0.0,0.0,0.0,0.0,0.0,0.0,0.0,0.0
Veracruz de Ignacio de la Llave,2009,0.0,0.0,0.0,0.0,0.0,0.0,0.0,0.0,0.0,0.0,0.0,0.0
Veracruz de Ignacio de la Llave,2010,0.0,0.0,0.0,0.0,0.0,0.0,0.0,0.0,0.0,0.0,0.0,0.0
Veracruz de Ignacio de la Llave,2011,0.0,0.0,0.0,0.0,0.0,0.0,0.0,0.0,0.0,0.0,0.0,0.0
Veracruz de Ignacio de la Llave,2012,0.0,0.0,0.0,0.0,0.0,0.0,0.0,0.0,0.0,0.0,0.0,0.0
Veracruz de Ignacio de la Llave,2013,0.0,0.0,0.0,0.0,0.0,0.0,0.0,0.0,0.0,0.0,0.0,0.0
Veracruz de Ignacio de la Llave,2014,0.0,0.0,0.0,0.0,0.0,0.0,0.0,0.0,0.0,0.0,0.0,0.0
Veracruz de Ignacio de la Llave,2015,0.0,0.0,0.0,0.0,0.0,0.0,0.0,0.0,0.0,0.0,0.0,0.0
Veracruz de Ignacio de la Llave,2016,0.0,0.0,0.0,0.0,0.0,0.0,0.0,0.0,0.0,0.0,0.0,0.0
Veracruz de Ignacio de la Llave,2017,0.0,0.0,0.0,0.0,0.0,0.0,0.0,0.0,0.0,0.0,0.0,0.0
Veracruz de Ignacio de la Llave,2018,0.0,0.0,0.0,0.0,0.0,0.0,0.0,0.0,0.0,0.0,0.0,0.0
Veracruz de Ignacio de la Llave,2019,0.0,0.0,0.0,0.0,0.0,0.0,0.0,0.0,0.0,0.0,0.0,0.0
Veracruz de Ignacio de la Llave,2020,0.0,0.0,0.0,0.0,0.0,0.0,0.0,0.0,0.0,0.0,0.0,0.0
Veracruz de Ignacio de la Llave,2021,0.0,0.0,0.0,0.0,0.0,0.0,0.0,0.0,0.0,0.0,0.0,0.0
Veracruz de Ignacio de la Llave,2022,0.0,0.0,0.0,0.0,0.0,0.0,0.0,0.0,0.0,0.0,0.0,0.0
Veracruz de Ignacio de la Llave,2023,0.0,0.0,0.0,0.0,0.0,0.0,0.0,0.0,0.0,0.0,0.0,0.0
Veracruz de Ignacio de la Llave,2024,0.0,0.0,0.0,0.0,0.0,0.0,0.0,0.0,0.0,0.0,0.0,0.0
Veracruz de Ignacio de la Llave,2025,0.0,0.0,0.0,0.0,0.0,0.0,0.0,0.0,0.0,0.0,0.0,0.0
Vermont,1989,0.0,0.0,0.0,0.0,0.0,0.0,0.0,0.0,0.0,0.0,0.0,0.0
Vermont,1990,0.0,0.0,0.0,0.0,0.0,0.0,0.0,0.0,0.0,0.0,0.0,0.0
Vermont,1991,0.0,0.0,0.0,0.0,0.0,0.0,0.0,0.0,0.0,0.0,0.0,0.0
Vermont,1992,0.0,0.0,0.0,0.0,0.0,0.0,0.0,0.0,0.0,0.0,0.0,0.0
Vermont,1993,0.0,0.0,0.0,0.0,0.0,0.0,0.0,0.0,0.0,0.0,0.0,0.0
Vermont,1994,0.0,0.0,0.0,0.0,0.0,0.0,0.0,0.0,0.0,0.0,0.0,0.0
Vermont,1995,0.0,0.0,0.0,0.0,0.0,0.0,0.0,0.0,0.0,0.0,0.0,0.0
Vermont,1996,0.0,0.0,0.0,0.0,0.0,0.0,0.0,0.0,0.0,0.0,0.0,0.0
Vermont,1997,0.0,0.0,0.0,0.0,0.0,0.0,0.0,0.0,0.0,0.0,0.0,0.0
Vermont,1998,0.0,0.0,0.0,0.0,0.0,0.0,0.0,0.0,0.0,0.0,0.0,0.0
Vermont,1999,0.0,0.0,0.0,0.0,0.0,0.0,0.0,0.0,0.0,0.0,0.0,0.0
Vermont,2000,0.0,0.0,0.0,0.0,0.0,0.0,0.0,0.0,0.0,0.0,0.0,0.0
Vermont,2001,0.0,0.0,0.0,0.0,0.0,0.0,0.0,0.0,0.0,0.0,0.0,0.0
Vermont,2002,0.0,0.0,0.0,0.0,0.0,0.0,0.0,0.0,0.0,0.0,0.0,0.0
Vermont,2003,0.0,0.0,0.0,0.0,0.0,0.0,0.0,0.0,0.0,0.0,0.0,0.0
Vermont,2004,0.0,0.0,0.0,0.0,0.0,0.0,0.0,0.0,0.0,0.0,0.0,0.0
Vermont,2005,0.0,0.0,0.0,0.0,0.0,0.0,0.0,0.0,0.0,0.0,0.0,0.0
Vermont,2006,0.0,0.0,0.0,0.0,0.0,0.0,0.0,0.0,0.0,0.0,0.0,0.0
Vermont,2007,0.0,0.0,0.0,0.0,0.0,0.0,0.0,0.0,0.0,0.0,0.0,0.0
Vermont,2008,0.0,0.0,0.0,0.0,0.0,0.0,0.0,0.0,0.0,0.0,0.0,0.0
Vermont,2009,0.0014729515014771022,0.0,0.0014729515014771022,0.002063281304672675,0.0,0.002063281304672675,2.0774406663089605e-06,0.0,2.0774406663089605e-06,2.543987612977895e-06,0.0,2.543987612977895e-06
Vermont,2010,0.000980077000665535,0.0,0.000980077000665535,0.0013728724608956877,0.0,0.0013728724608956877,1.3822938604936466e-06,0.0,1.3822938604936466e-06,1.6927263029076788e-06,0.0,1.6927263029076788e-06
Vermont,2011,0.0008521838185390858,0.0,0.0008521838185390858,0.0011937222231506043,0.0,0.0011937222231506043,1.2019141961077486e-06,0.0,1.2019141961077486e-06,1.4718373796894075e-06,0.0,1.4718373796894075e-06
Vermont,2012,0.0010814648142335485,0.0,0.0010814648142335485,0.0015148945030652632,0.0,0.0015148945030652632,1.5252905353760997e-06,0.0,1.5252905353760997e-06,1.8678368490222535e-06,0.0,1.8678368490222535e-06
Vermont,2013,0.0013843841954332258,0.0,0.0013843841954332258,0.0019392179756477213,0.0,0.0019392179756477213,1.952525947055497e-06,0.0,1.952525947055497e-06,2.391019827368868e-06,0.0,2.391019827368868e-06
Vermont,2014,0.0020153932397050022,0.0,0.0020153932397050022,0.0028231229533877966,0.0,0.0028231229533877966,2.8424967628388826e-06,0.0,2.8424967628388826e-06,3.480858284843277e-06,0.0,3.480858284843277e-06
Vermont,2015,0.0028448437956763188,0.0,0.0028448437956763188,0.003985000872361885,0.0,0.003985000872361885,4.012348121786818e-06,0.0,4.012348121786818e-06,4.913432227605548e-06,0.0,4.913432227605548e-06
Vermont,2016,0.0019316119379683874,0.0,0.0019316119379683874,0.002705763764452556,0.0,0.002705763764452556,2.724332191140898e-06,0.0,2.724332191140898e-06,3.3361565797271397e-06,0.0,3.3361565797271397e-06
Vermont,2017,0.0016428372453676204,0.0,0.0016428372453676204,0.00230125389165073,0.0,0.00230125389165073,2.317046350970261e-06,0.0,2.317046350970261e-06,2.837403402734454e-06,0.0,2.837403402734454e-06
Vermont,2018,0.0018700009202963607,0.0,0.0018700009202963607,0.0026194602705513167,0.0,0.0026194602705513167,2.6374364355941645e-06,0.0,2.6374364355941645e-06,3.229745971079524e-06,0.0,3.229745971079524e-06
Vermont,2019,0.00221634358426993,0.0,0.00221634358426993,0.0031046102180347064,0.0,0.0031046102180347064,3.125915746620317e-06,0.0,3.125915746620317e-06,3.82792686577358e-06,0.0,3.82792686577358e-06
Vermont,2020,0.002923589823815191,0.0,0.002923589823815191,0.0040953067497198495,0.0,0.0040953067497198495,4.123410978236573e-06,0.0,4.123410978236573e-06,5.049437330255299e-06,0.0,5.049437330255299e-06
Vermont,2021,0.004014400543293752,0.0,0.004014400543293752,0.005623292811840478,0.0,0.005623292811840478,5.661882914086475e-06,0.0,5.661882914086475e-06,6.93341582898668e-06,0.0,6.93341582898668e-06
Vermont,2022,0.004746076505275862,0.0,0.004746076505275862,0.006648210015103569,0.0,0.006648210015103569,6.693833658193168e-06,0.0,6.693833658193168e-06,8.197119747363866e-06,0.0,8.197119747363866e-06
Vermont,2023,0.004767834045914186,0.0,0.004767834045914186,0.006678687547316742,0.0,0.006678687547316742,6.724520343854981e-06,0.0,6.724520343854981e-06,8.234697979788527e-06,0.0,8.234697979788527e-06
Vermont,2024,0.00703512107753287,0.0,0.00703512107753287,0.009854658337919422,0.0,0.009854658337919422,9.922286378212635e-06,0.0,9.922286378212635e-06,1.2150611109120451e-05,0.0,1.2150611109120451e-05
Vermont,2025,0.0,0.0,0.0,0.0,0.0,0.0,0.0,0.0,0.0,0.0,0.0,0.0
Vietnam,1989,0.0,0.0,0.0,0.0,0.0,0.0,NA,NA,NA,NA,NA,NA
Vietnam,1990,0.0,0.0,0.0,0.0,0.0,0.0,NA,NA,NA,NA,NA,NA
Vietnam,1991,0.0,0.0,0.0,0.0,0.0,0.0,NA,NA,NA,NA,NA,NA
Vietnam,1992,0.0,0.0,0.0,0.0,0.0,0.0,NA,NA,NA,NA,NA,NA
Vietnam,1993,0.0,0.0,0.0,0.0,0.0,0.0,NA,NA,NA,NA,NA,NA
Vietnam,1994,0.0,0.0,0.0,0.0,0.0,0.0,NA,NA,NA,NA,NA,NA
Vietnam,1995,0.0,0.0,0.0,0.0,0.0,0.0,NA,NA,NA,NA,NA,NA
Vietnam,1996,0.0,0.0,0.0,0.0,0.0,0.0,NA,NA,NA,NA,NA,NA
Vietnam,1997,0.0,0.0,0.0,0.0,0.0,0.0,NA,NA,NA,NA,NA,NA
Vietnam,1998,0.0,0.0,0.0,0.0,0.0,0.0,NA,NA,NA,NA,NA,NA
Vietnam,1999,0.0,0.0,0.0,0.0,0.0,0.0,NA,NA,NA,NA,NA,NA
Vietnam,2000,0.0,0.0,0.0,0.0,0.0,0.0,NA,NA,NA,NA,NA,NA
Vietnam,2001,0.0,0.0,0.0,0.0,0.0,0.0,NA,NA,NA,NA,NA,NA
Vietnam,2002,0.0,0.0,0.0,0.0,0.0,0.0,NA,NA,NA,NA,NA,NA
Vietnam,2003,0.0,0.0,0.0,0.0,0.0,0.0,NA,NA,NA,NA,NA,NA
Vietnam,2004,0.0,0.0,0.0,0.0,0.0,0.0,NA,NA,NA,NA,NA,NA
Vietnam,2005,0.0,0.0,0.0,0.0,0.0,0.0,NA,NA,NA,NA,NA,NA
Vietnam,2006,0.0,0.0,0.0,0.0,0.0,0.0,NA,NA,NA,NA,NA,NA
Vietnam,2007,0.0,0.0,0.0,0.0,0.0,0.0,NA,NA,NA,NA,NA,NA
Vietnam,2008,0.0,0.0,0.0,0.0,0.0,0.0,NA,NA,NA,NA,NA,NA
Vietnam,2009,0.0,0.0,0.0,0.0,0.0,0.0,NA,NA,NA,NA,NA,NA
Vietnam,2010,0.0,0.0,0.0,0.0,0.0,0.0,NA,NA,NA,NA,NA,NA
Vietnam,2011,0.0,0.0,0.0,0.0,0.0,0.0,NA,NA,NA,NA,NA,NA
Vietnam,2012,0.0,0.0,0.0,0.0,0.0,0.0,NA,NA,NA,NA,NA,NA
Vietnam,2013,0.0,0.0,0.0,0.0,0.0,0.0,NA,NA,NA,NA,NA,NA
Vietnam,2014,0.0,0.0,0.0,0.0,0.0,0.0,NA,NA,NA,NA,NA,NA
Vietnam,2015,0.0,0.0,0.0,0.0,0.0,0.0,NA,NA,NA,NA,NA,NA
Vietnam,2016,0.0,0.0,0.0,0.0,0.0,0.0,NA,NA,NA,NA,NA,NA
Vietnam,2017,0.0,0.0,0.0,0.0,0.0,0.0,NA,NA,NA,NA,NA,NA
Vietnam,2018,0.0,0.0,0.0,0.0,0.0,0.0,NA,NA,NA,NA,NA,NA
Vietnam,2019,0.0,0.0,0.0,0.0,0.0,0.0,NA,NA,NA,NA,NA,NA
Vietnam,2020,0.0,0.0,0.0,0.0,0.0,0.0,NA,NA,NA,NA,NA,NA
Vietnam,2021,0.0,0.0,0.0,0.0,0.0,0.0,NA,NA,NA,NA,NA,NA
Vietnam,2022,0.0,0.0,0.0,0.0,0.0,0.0,NA,NA,NA,NA,NA,NA
Vietnam,2023,0.0,0.0,0.0,0.0,0.0,0.0,NA,NA,NA,NA,NA,NA
Vietnam,2024,0.0,0.0,0.0,0.0,0.0,0.0,NA,NA,NA,NA,NA,NA
Vietnam,2025,0.0,0.0,0.0,0.0,0.0,0.0,NA,NA,NA,NA,NA,NA
Virginia,1989,0.0,0.0,0.0,0.0,0.0,0.0,0.0,0.0,0.0,0.0,0.0,0.0
Virginia,1990,0.0,0.0,0.0,0.0,0.0,0.0,0.0,0.0,0.0,0.0,0.0,0.0
Virginia,1991,0.0,0.0,0.0,0.0,0.0,0.0,0.0,0.0,0.0,0.0,0.0,0.0
Virginia,1992,0.0,0.0,0.0,0.0,0.0,0.0,0.0,0.0,0.0,0.0,0.0,0.0
Virginia,1993,0.0,0.0,0.0,0.0,0.0,0.0,0.0,0.0,0.0,0.0,0.0,0.0
Virginia,1994,0.0,0.0,0.0,0.0,0.0,0.0,0.0,0.0,0.0,0.0,0.0,0.0
Virginia,1995,0.0,0.0,0.0,0.0,0.0,0.0,0.0,0.0,0.0,0.0,0.0,0.0
Virginia,1996,0.0,0.0,0.0,0.0,0.0,0.0,0.0,0.0,0.0,0.0,0.0,0.0
Virginia,1997,0.0,0.0,0.0,0.0,0.0,0.0,0.0,0.0,0.0,0.0,0.0,0.0
Virginia,1998,0.0,0.0,0.0,0.0,0.0,0.0,0.0,0.0,0.0,0.0,0.0,0.0
Virginia,1999,0.0,0.0,0.0,0.0,0.0,0.0,0.0,0.0,0.0,0.0,0.0,0.0
Virginia,2000,0.0,0.0,0.0,0.0,0.0,0.0,0.0,0.0,0.0,0.0,0.0,0.0
Virginia,2001,0.0,0.0,0.0,0.0,0.0,0.0,0.0,0.0,0.0,0.0,0.0,0.0
Virginia,2002,0.0,0.0,0.0,0.0,0.0,0.0,0.0,0.0,0.0,0.0,0.0,0.0
Virginia,2003,0.0,0.0,0.0,0.0,0.0,0.0,0.0,0.0,0.0,0.0,0.0,0.0
Virginia,2004,0.0,0.0,0.0,0.0,0.0,0.0,0.0,0.0,0.0,0.0,0.0,0.0
Virginia,2005,0.0,0.0,0.0,0.0,0.0,0.0,0.0,0.0,0.0,0.0,0.0,0.0
Virginia,2006,0.0,0.0,0.0,0.0,0.0,0.0,0.0,0.0,0.0,0.0,0.0,0.0
Virginia,2007,0.0,0.0,0.0,0.0,0.0,0.0,0.0,0.0,0.0,0.0,0.0,0.0
Virginia,2008,0.0,0.0,0.0,0.0,0.0,0.0,0.0,0.0,0.0,0.0,0.0,0.0
Virginia,2009,0.0,0.0,0.0,0.0,0.0,0.0,0.0,0.0,0.0,0.0,0.0,0.0
Virginia,2010,0.0,0.0,0.0,0.0,0.0,0.0,0.0,0.0,0.0,0.0,0.0,0.0
Virginia,2011,0.0,0.0,0.0,0.0,0.0,0.0,0.0,0.0,0.0,0.0,0.0,0.0
Virginia,2012,0.0,0.0,0.0,0.0,0.0,0.0,0.0,0.0,0.0,0.0,0.0,0.0
Virginia,2013,0.0,0.0,0.0,0.0,0.0,0.0,0.0,0.0,0.0,0.0,0.0,0.0
Virginia,2014,0.0,0.0,0.0,0.0,0.0,0.0,0.0,0.0,0.0,0.0,0.0,0.0
Virginia,2015,0.0,0.0,0.0,0.0,0.0,0.0,0.0,0.0,0.0,0.0,0.0,0.0
Virginia,2016,0.0,0.0,0.0,0.0,0.0,0.0,0.0,0.0,0.0,0.0,0.0,0.0
Virginia,2017,0.0,0.0,0.0,0.0,0.0,0.0,0.0,0.0,0.0,0.0,0.0,0.0
Virginia,2018,0.0,0.0,0.0,0.0,0.0,0.0,0.0,0.0,0.0,0.0,0.0,0.0
Virginia,2019,0.0,0.0,0.0,0.0,0.0,0.0,0.0,0.0,0.0,0.0,0.0,0.0
Virginia,2020,0.0,0.0,0.0,0.0,0.0,0.0,0.0,0.0,0.0,0.0,0.0,0.0
Virginia,2021,0.0,0.0,0.0,0.0,0.0,0.0,0.0,0.0,0.0,0.0,0.0,0.0
Virginia,2022,0.0,0.0,0.0,0.0,0.0,0.0,0.0,0.0,0.0,0.0,0.0,0.0
Virginia,2023,0.0,0.0,0.0,0.0,0.0,0.0,0.0,0.0,0.0,0.0,0.0,0.0
Virginia,2024,0.0,0.0,0.0,0.0,0.0,0.0,0.0,0.0,0.0,0.0,0.0,0.0
Virginia,2025,0.0,0.0,0.0,0.0,0.0,0.0,0.0,0.0,0.0,0.0,0.0,0.0
Wakayama,1989,0.0,0.0,0.0,0.0,0.0,0.0,0.0,0.0,0.0,0.0,0.0,0.0
Wakayama,1990,0.0,0.0,0.0,0.0,0.0,0.0,0.0,0.0,0.0,0.0,0.0,0.0
Wakayama,1991,0.0,0.0,0.0,0.0,0.0,0.0,0.0,0.0,0.0,0.0,0.0,0.0
Wakayama,1992,0.0,0.0,0.0,0.0,0.0,0.0,0.0,0.0,0.0,0.0,0.0,0.0
Wakayama,1993,0.0,0.0,0.0,0.0,0.0,0.0,0.0,0.0,0.0,0.0,0.0,0.0
Wakayama,1994,0.0,0.0,0.0,0.0,0.0,0.0,0.0,0.0,0.0,0.0,0.0,0.0
Wakayama,1995,0.0,0.0,0.0,0.0,0.0,0.0,0.0,0.0,0.0,0.0,0.0,0.0
Wakayama,1996,0.0,0.0,0.0,0.0,0.0,0.0,0.0,0.0,0.0,0.0,0.0,0.0
Wakayama,1997,0.0,0.0,0.0,0.0,0.0,0.0,0.0,0.0,0.0,0.0,0.0,0.0
Wakayama,1998,0.0,0.0,0.0,0.0,0.0,0.0,0.0,0.0,0.0,0.0,0.0,0.0
Wakayama,1999,0.0,0.0,0.0,0.0,0.0,0.0,0.0,0.0,0.0,0.0,0.0,0.0
Wakayama,2000,0.0,0.0,0.0,0.0,0.0,0.0,0.0,0.0,0.0,0.0,0.0,0.0
Wakayama,2001,0.0,0.0,0.0,0.0,0.0,0.0,0.0,0.0,0.0,0.0,0.0,0.0
Wakayama,2002,0.0,0.0,0.0,0.0,0.0,0.0,0.0,0.0,0.0,0.0,0.0,0.0
Wakayama,2003,0.0,0.0,0.0,0.0,0.0,0.0,0.0,0.0,0.0,0.0,0.0,0.0
Wakayama,2004,0.0,0.0,0.0,0.0,0.0,0.0,0.0,0.0,0.0,0.0,0.0,0.0
Wakayama,2005,0.0,0.0,0.0,0.0,0.0,0.0,0.0,0.0,0.0,0.0,0.0,0.0
Wakayama,2006,0.0,0.0,0.0,0.0,0.0,0.0,0.0,0.0,0.0,0.0,0.0,0.0
Wakayama,2007,0.0,0.0,0.0,0.0,0.0,0.0,0.0,0.0,0.0,0.0,0.0,0.0
Wakayama,2008,0.0,0.0,0.0,0.0,0.0,0.0,0.0,0.0,0.0,0.0,0.0,0.0
Wakayama,2009,0.0,0.0,0.0,0.0,0.0,0.0,0.0,0.0,0.0,0.0,0.0,0.0
Wakayama,2010,0.0,0.0,0.0,0.0,0.0,0.0,0.0,0.0,0.0,0.0,0.0,0.0
Wakayama,2011,0.0,0.0,0.0,0.0,0.0,0.0,0.0,0.0,0.0,0.0,0.0,0.0
Wakayama,2012,0.0,0.0,0.0,0.0,0.0,0.0,0.0,0.0,0.0,0.0,0.0,0.0
Wakayama,2013,0.0,0.0,0.0,0.0,0.0,0.0,0.0,0.0,0.0,0.0,0.0,0.0
Wakayama,2014,0.0,0.0,0.0,0.0,0.0,0.0,0.0,0.0,0.0,0.0,0.0,0.0
Wakayama,2015,0.0,0.0,0.0,0.0,0.0,0.0,0.0,0.0,0.0,0.0,0.0,0.0
Wakayama,2016,0.0,0.0,0.0,0.0,0.0,0.0,0.0,0.0,0.0,0.0,0.0,0.0
Wakayama,2017,0.0,0.0,0.0,0.0,0.0,0.0,0.0,0.0,0.0,0.0,0.0,0.0
Wakayama,2018,0.0,0.0,0.0,0.0,0.0,0.0,0.0,0.0,0.0,0.0,0.0,0.0
Wakayama,2019,0.0,0.0,0.0,0.0,0.0,0.0,0.0,0.0,0.0,0.0,0.0,0.0
Wakayama,2020,0.0,0.0,0.0,0.0,0.0,0.0,0.0,0.0,0.0,0.0,0.0,0.0
Wakayama,2021,0.0,0.0,0.0,0.0,0.0,0.0,0.0,0.0,0.0,0.0,0.0,0.0
Wakayama,2022,0.0,0.0,0.0,0.0,0.0,0.0,0.0,0.0,0.0,0.0,0.0,0.0
Wakayama,2023,0.0,0.0,0.0,0.0,0.0,0.0,0.0,0.0,0.0,0.0,0.0,0.0
Wakayama,2024,0.0,0.0,0.0,0.0,0.0,0.0,0.0,0.0,0.0,0.0,0.0,0.0
Wakayama,2025,0.0,0.0,0.0,0.0,0.0,0.0,0.0,0.0,0.0,0.0,0.0,0.0
Washington,1989,0.0,0.0,0.0,0.0,0.0,0.0,0.0,0.0,0.0,0.0,0.0,0.0
Washington,1990,0.0,0.0,0.0,0.0,0.0,0.0,0.0,0.0,0.0,0.0,0.0,0.0
Washington,1991,0.0,0.0,0.0,0.0,0.0,0.0,0.0,0.0,0.0,0.0,0.0,0.0
Washington,1992,0.0,0.0,0.0,0.0,0.0,0.0,0.0,0.0,0.0,0.0,0.0,0.0
Washington,1993,0.0,0.0,0.0,0.0,0.0,0.0,0.0,0.0,0.0,0.0,0.0,0.0
Washington,1994,0.0,0.0,0.0,0.0,0.0,0.0,0.0,0.0,0.0,0.0,0.0,0.0
Washington,1995,0.0,0.0,0.0,0.0,0.0,0.0,0.0,0.0,0.0,0.0,0.0,0.0
Washington,1996,0.0,0.0,0.0,0.0,0.0,0.0,0.0,0.0,0.0,0.0,0.0,0.0
Washington,1997,0.0,0.0,0.0,0.0,0.0,0.0,0.0,0.0,0.0,0.0,0.0,0.0
Washington,1998,0.0,0.0,0.0,0.0,0.0,0.0,0.0,0.0,0.0,0.0,0.0,0.0
Washington,1999,0.0,0.0,0.0,0.0,0.0,0.0,0.0,0.0,0.0,0.0,0.0,0.0
Washington,2000,0.0,0.0,0.0,0.0,0.0,0.0,0.0,0.0,0.0,0.0,0.0,0.0
Washington,2001,0.0,0.0,0.0,0.0,0.0,0.0,0.0,0.0,0.0,0.0,0.0,0.0
Washington,2002,0.0,0.0,0.0,0.0,0.0,0.0,0.0,0.0,0.0,0.0,0.0,0.0
Washington,2003,0.0,0.0,0.0,0.0,0.0,0.0,0.0,0.0,0.0,0.0,0.0,0.0
Washington,2004,0.0,0.0,0.0,0.0,0.0,0.0,0.0,0.0,0.0,0.0,0.0,0.0
Washington,2005,0.0,0.0,0.0,0.0,0.0,0.0,0.0,0.0,0.0,0.0,0.0,0.0
Washington,2006,0.0,0.0,0.0,0.0,0.0,0.0,0.0,0.0,0.0,0.0,0.0,0.0
Washington,2007,0.0,0.0,0.0,0.0,0.0,0.0,0.0,0.0,0.0,0.0,0.0,0.0
Washington,2008,0.0,0.0,0.0,0.0,0.0,0.0,0.0,0.0,0.0,0.0,0.0,0.0
Washington,2009,0.0,0.0,0.0,0.0,0.0,0.0,0.0,0.0,0.0,0.0,0.0,0.0
Washington,2010,0.0,0.0,0.0,0.0,0.0,0.0,0.0,0.0,0.0,0.0,0.0,0.0
Washington,2011,0.0,0.0,0.0,0.0,0.0,0.0,0.0,0.0,0.0,0.0,0.0,0.0
Washington,2012,0.0,0.0,0.0,0.0,0.0,0.0,0.0,0.0,0.0,0.0,0.0,0.0
Washington,2013,0.0,0.0,0.0,0.0,0.0,0.0,0.0,0.0,0.0,0.0,0.0,0.0
Washington,2014,0.0,0.0,0.0,0.0,0.0,0.0,0.0,0.0,0.0,0.0,0.0,0.0
Washington,2015,0.0,0.0,0.0,0.0,0.0,0.0,0.0,0.0,0.0,0.0,0.0,0.0
Washington,2016,0.0,0.0,0.0,0.0,0.0,0.0,0.0,0.0,0.0,0.0,0.0,0.0
Washington,2017,0.0,0.0,0.0,0.0,0.0,0.0,0.0,0.0,0.0,0.0,0.0,0.0
Washington,2018,0.0,0.0,0.0,0.0,0.0,0.0,0.0,0.0,0.0,0.0,0.0,0.0
Washington,2019,0.0,0.0,0.0,0.0,0.0,0.0,0.0,0.0,0.0,0.0,0.0,0.0
Washington,2020,0.0,0.0,0.0,0.0,0.0,0.0,0.0,0.0,0.0,0.0,0.0,0.0
Washington,2021,0.0,0.0,0.0,0.0,0.0,0.0,0.0,0.0,0.0,0.0,0.0,0.0
Washington,2022,0.0,0.0,0.0,0.0,0.0,0.0,0.0,0.0,0.0,0.0,0.0,0.0
Washington,2023,0.0,0.0,0.0,0.0,0.0,0.0,0.0,0.0,0.0,0.0,0.0,0.0
Washington,2024,0.0,0.0,0.0,0.0,0.0,0.0,0.0,0.0,0.0,0.0,0.0,0.0
Washington,2025,0.0,0.0,0.0,0.0,0.0,0.0,0.0,0.0,0.0,0.0,0.0,0.0
West Bank and Gaza,1989,0.0,0.0,0.0,0.0,0.0,0.0,NA,NA,NA,NA,NA,NA
West Bank and Gaza,1990,0.0,0.0,0.0,0.0,0.0,0.0,NA,NA,NA,NA,NA,NA
West Bank and Gaza,1991,0.0,0.0,0.0,0.0,0.0,0.0,NA,NA,NA,NA,NA,NA
West Bank and Gaza,1992,0.0,0.0,0.0,0.0,0.0,0.0,NA,NA,NA,NA,NA,NA
West Bank and Gaza,1993,0.0,0.0,0.0,0.0,0.0,0.0,NA,NA,NA,NA,NA,NA
West Bank and Gaza,1994,0.0,0.0,0.0,0.0,0.0,0.0,NA,NA,NA,NA,NA,NA
West Bank and Gaza,1995,0.0,0.0,0.0,0.0,0.0,0.0,NA,NA,NA,NA,NA,NA
West Bank and Gaza,1996,0.0,0.0,0.0,0.0,0.0,0.0,NA,NA,NA,NA,NA,NA
West Bank and Gaza,1997,0.0,0.0,0.0,0.0,0.0,0.0,NA,NA,NA,NA,NA,NA
West Bank and Gaza,1998,0.0,0.0,0.0,0.0,0.0,0.0,NA,NA,NA,NA,NA,NA
West Bank and Gaza,1999,0.0,0.0,0.0,0.0,0.0,0.0,NA,NA,NA,NA,NA,NA
West Bank and Gaza,2000,0.0,0.0,0.0,0.0,0.0,0.0,NA,NA,NA,NA,NA,NA
West Bank and Gaza,2001,0.0,0.0,0.0,0.0,0.0,0.0,NA,NA,NA,NA,NA,NA
West Bank and Gaza,2002,0.0,0.0,0.0,0.0,0.0,0.0,NA,NA,NA,NA,NA,NA
West Bank and Gaza,2003,0.0,0.0,0.0,0.0,0.0,0.0,NA,NA,NA,NA,NA,NA
West Bank and Gaza,2004,0.0,0.0,0.0,0.0,0.0,0.0,NA,NA,NA,NA,NA,NA
West Bank and Gaza,2005,0.0,0.0,0.0,0.0,0.0,0.0,NA,NA,NA,NA,NA,NA
West Bank and Gaza,2006,0.0,0.0,0.0,0.0,0.0,0.0,NA,NA,NA,NA,NA,NA
West Bank and Gaza,2007,0.0,0.0,0.0,0.0,0.0,0.0,NA,NA,NA,NA,NA,NA
West Bank and Gaza,2008,0.0,0.0,0.0,0.0,0.0,0.0,NA,NA,NA,NA,NA,NA
West Bank and Gaza,2009,0.0,0.0,0.0,0.0,0.0,0.0,NA,NA,NA,NA,NA,NA
West Bank and Gaza,2010,0.0,0.0,0.0,0.0,0.0,0.0,NA,NA,NA,NA,NA,NA
West Bank and Gaza,2011,0.0,0.0,0.0,0.0,0.0,0.0,NA,NA,NA,NA,NA,NA
West Bank and Gaza,2012,0.0,0.0,0.0,0.0,0.0,0.0,NA,NA,NA,NA,NA,NA
West Bank and Gaza,2013,0.0,0.0,0.0,0.0,0.0,0.0,NA,NA,NA,NA,NA,NA
West Bank and Gaza,2014,0.0,0.0,0.0,0.0,0.0,0.0,NA,NA,NA,NA,NA,NA
West Bank and Gaza,2015,0.0,0.0,0.0,0.0,0.0,0.0,NA,NA,NA,NA,NA,NA
West Bank and Gaza,2016,0.0,0.0,0.0,0.0,0.0,0.0,NA,NA,NA,NA,NA,NA
West Bank and Gaza,2017,0.0,0.0,0.0,0.0,0.0,0.0,NA,NA,NA,NA,NA,NA
West Bank and Gaza,2018,0.0,0.0,0.0,0.0,0.0,0.0,NA,NA,NA,NA,NA,NA
West Bank and Gaza,2019,0.0,0.0,0.0,0.0,0.0,0.0,NA,NA,NA,NA,NA,NA
West Bank and Gaza,2020,0.0,0.0,0.0,0.0,0.0,0.0,NA,NA,NA,NA,NA,NA
West Bank and Gaza,2021,0.0,0.0,0.0,0.0,0.0,0.0,NA,NA,NA,NA,NA,NA
West Bank and Gaza,2022,0.0,0.0,0.0,0.0,0.0,0.0,NA,NA,NA,NA,NA,NA
West Bank and Gaza,2023,0.0,0.0,0.0,0.0,0.0,0.0,NA,NA,NA,NA,NA,NA
West Bank and Gaza,2024,0.0,0.0,0.0,0.0,0.0,0.0,NA,NA,NA,NA,NA,NA
West Bank and Gaza,2025,0.0,0.0,0.0,0.0,0.0,0.0,NA,NA,NA,NA,NA,NA
West Virginia,1989,0.0,0.0,0.0,0.0,0.0,0.0,0.0,0.0,0.0,0.0,0.0,0.0
West Virginia,1990,0.0,0.0,0.0,0.0,0.0,0.0,0.0,0.0,0.0,0.0,0.0,0.0
West Virginia,1991,0.0,0.0,0.0,0.0,0.0,0.0,0.0,0.0,0.0,0.0,0.0,0.0
West Virginia,1992,0.0,0.0,0.0,0.0,0.0,0.0,0.0,0.0,0.0,0.0,0.0,0.0
West Virginia,1993,0.0,0.0,0.0,0.0,0.0,0.0,0.0,0.0,0.0,0.0,0.0,0.0
West Virginia,1994,0.0,0.0,0.0,0.0,0.0,0.0,0.0,0.0,0.0,0.0,0.0,0.0
West Virginia,1995,0.0,0.0,0.0,0.0,0.0,0.0,0.0,0.0,0.0,0.0,0.0,0.0
West Virginia,1996,0.0,0.0,0.0,0.0,0.0,0.0,0.0,0.0,0.0,0.0,0.0,0.0
West Virginia,1997,0.0,0.0,0.0,0.0,0.0,0.0,0.0,0.0,0.0,0.0,0.0,0.0
West Virginia,1998,0.0,0.0,0.0,0.0,0.0,0.0,0.0,0.0,0.0,0.0,0.0,0.0
West Virginia,1999,0.0,0.0,0.0,0.0,0.0,0.0,0.0,0.0,0.0,0.0,0.0,0.0
West Virginia,2000,0.0,0.0,0.0,0.0,0.0,0.0,0.0,0.0,0.0,0.0,0.0,0.0
West Virginia,2001,0.0,0.0,0.0,0.0,0.0,0.0,0.0,0.0,0.0,0.0,0.0,0.0
West Virginia,2002,0.0,0.0,0.0,0.0,0.0,0.0,0.0,0.0,0.0,0.0,0.0,0.0
West Virginia,2003,0.0,0.0,0.0,0.0,0.0,0.0,0.0,0.0,0.0,0.0,0.0,0.0
West Virginia,2004,0.0,0.0,0.0,0.0,0.0,0.0,0.0,0.0,0.0,0.0,0.0,0.0
West Virginia,2005,0.0,0.0,0.0,0.0,0.0,0.0,0.0,0.0,0.0,0.0,0.0,0.0
West Virginia,2006,0.0,0.0,0.0,0.0,0.0,0.0,0.0,0.0,0.0,0.0,0.0,0.0
West Virginia,2007,0.0,0.0,0.0,0.0,0.0,0.0,0.0,0.0,0.0,0.0,0.0,0.0
West Virginia,2008,0.0,0.0,0.0,0.0,0.0,0.0,0.0,0.0,0.0,0.0,0.0,0.0
West Virginia,2009,0.0,0.0,0.0,0.0,0.0,0.0,0.0,0.0,0.0,0.0,0.0,0.0
West Virginia,2010,0.0,0.0,0.0,0.0,0.0,0.0,0.0,0.0,0.0,0.0,0.0,0.0
West Virginia,2011,0.0,0.0,0.0,0.0,0.0,0.0,0.0,0.0,0.0,0.0,0.0,0.0
West Virginia,2012,0.0,0.0,0.0,0.0,0.0,0.0,0.0,0.0,0.0,0.0,0.0,0.0
West Virginia,2013,0.0,0.0,0.0,0.0,0.0,0.0,0.0,0.0,0.0,0.0,0.0,0.0
West Virginia,2014,0.0,0.0,0.0,0.0,0.0,0.0,0.0,0.0,0.0,0.0,0.0,0.0
West Virginia,2015,0.0,0.0,0.0,0.0,0.0,0.0,0.0,0.0,0.0,0.0,0.0,0.0
West Virginia,2016,0.0,0.0,0.0,0.0,0.0,0.0,0.0,0.0,0.0,0.0,0.0,0.0
West Virginia,2017,0.0,0.0,0.0,0.0,0.0,0.0,0.0,0.0,0.0,0.0,0.0,0.0
West Virginia,2018,0.0,0.0,0.0,0.0,0.0,0.0,0.0,0.0,0.0,0.0,0.0,0.0
West Virginia,2019,0.0,0.0,0.0,0.0,0.0,0.0,0.0,0.0,0.0,0.0,0.0,0.0
West Virginia,2020,0.0,0.0,0.0,0.0,0.0,0.0,0.0,0.0,0.0,0.0,0.0,0.0
West Virginia,2021,0.0,0.0,0.0,0.0,0.0,0.0,0.0,0.0,0.0,0.0,0.0,0.0
West Virginia,2022,0.0,0.0,0.0,0.0,0.0,0.0,0.0,0.0,0.0,0.0,0.0,0.0
West Virginia,2023,0.0,0.0,0.0,0.0,0.0,0.0,0.0,0.0,0.0,0.0,0.0,0.0
West Virginia,2024,0.0,0.0,0.0,0.0,0.0,0.0,0.0,0.0,0.0,0.0,0.0,0.0
West Virginia,2025,0.0,0.0,0.0,0.0,0.0,0.0,0.0,0.0,0.0,0.0,0.0,0.0
Western Sahara,1989,0.0,0.0,0.0,0.0,0.0,0.0,NA,NA,NA,NA,NA,NA
Western Sahara,1990,0.0,0.0,0.0,0.0,0.0,0.0,NA,NA,NA,NA,NA,NA
Western Sahara,1991,0.0,0.0,0.0,0.0,0.0,0.0,NA,NA,NA,NA,NA,NA
Western Sahara,1992,0.0,0.0,0.0,0.0,0.0,0.0,NA,NA,NA,NA,NA,NA
Western Sahara,1993,0.0,0.0,0.0,0.0,0.0,0.0,NA,NA,NA,NA,NA,NA
Western Sahara,1994,0.0,0.0,0.0,0.0,0.0,0.0,NA,NA,NA,NA,NA,NA
Western Sahara,1995,0.0,0.0,0.0,0.0,0.0,0.0,NA,NA,NA,NA,NA,NA
Western Sahara,1996,0.0,0.0,0.0,0.0,0.0,0.0,NA,NA,NA,NA,NA,NA
Western Sahara,1997,0.0,0.0,0.0,0.0,0.0,0.0,NA,NA,NA,NA,NA,NA
Western Sahara,1998,0.0,0.0,0.0,0.0,0.0,0.0,NA,NA,NA,NA,NA,NA
Western Sahara,1999,0.0,0.0,0.0,0.0,0.0,0.0,NA,NA,NA,NA,NA,NA
Western Sahara,2000,0.0,0.0,0.0,0.0,0.0,0.0,NA,NA,NA,NA,NA,NA
Western Sahara,2001,0.0,0.0,0.0,0.0,0.0,0.0,NA,NA,NA,NA,NA,NA
Western Sahara,2002,0.0,0.0,0.0,0.0,0.0,0.0,NA,NA,NA,NA,NA,NA
Western Sahara,2003,0.0,0.0,0.0,0.0,0.0,0.0,NA,NA,NA,NA,NA,NA
Western Sahara,2004,0.0,0.0,0.0,0.0,0.0,0.0,NA,NA,NA,NA,NA,NA
Western Sahara,2005,0.0,0.0,0.0,0.0,0.0,0.0,NA,NA,NA,NA,NA,NA
Western Sahara,2006,0.0,0.0,0.0,0.0,0.0,0.0,NA,NA,NA,NA,NA,NA
Western Sahara,2007,0.0,0.0,0.0,0.0,0.0,0.0,NA,NA,NA,NA,NA,NA
Western Sahara,2008,0.0,0.0,0.0,0.0,0.0,0.0,NA,NA,NA,NA,NA,NA
Western Sahara,2009,0.0,0.0,0.0,0.0,0.0,0.0,NA,NA,NA,NA,NA,NA
Western Sahara,2010,0.0,0.0,0.0,0.0,0.0,0.0,NA,NA,NA,NA,NA,NA
Western Sahara,2011,0.0,0.0,0.0,0.0,0.0,0.0,NA,NA,NA,NA,NA,NA
Western Sahara,2012,0.0,0.0,0.0,0.0,0.0,0.0,NA,NA,NA,NA,NA,NA
Western Sahara,2013,0.0,0.0,0.0,0.0,0.0,0.0,NA,NA,NA,NA,NA,NA
Western Sahara,2014,0.0,0.0,0.0,0.0,0.0,0.0,NA,NA,NA,NA,NA,NA
Western Sahara,2015,0.0,0.0,0.0,0.0,0.0,0.0,NA,NA,NA,NA,NA,NA
Western Sahara,2016,0.0,0.0,0.0,0.0,0.0,0.0,NA,NA,NA,NA,NA,NA
Western Sahara,2017,0.0,0.0,0.0,0.0,0.0,0.0,NA,NA,NA,NA,NA,NA
Western Sahara,2018,0.0,0.0,0.0,0.0,0.0,0.0,NA,NA,NA,NA,NA,NA
Western Sahara,2019,0.0,0.0,0.0,0.0,0.0,0.0,NA,NA,NA,NA,NA,NA
Western Sahara,2020,0.0,0.0,0.0,0.0,0.0,0.0,NA,NA,NA,NA,NA,NA
Western Sahara,2021,0.0,0.0,0.0,0.0,0.0,0.0,NA,NA,NA,NA,NA,NA
Western Sahara,2022,0.0,0.0,0.0,0.0,0.0,0.0,NA,NA,NA,NA,NA,NA
Western Sahara,2023,0.0,0.0,0.0,0.0,0.0,0.0,NA,NA,NA,NA,NA,NA
Western Sahara,2024,0.0,0.0,0.0,0.0,0.0,0.0,NA,NA,NA,NA,NA,NA
Western Sahara,2025,0.0,0.0,0.0,0.0,0.0,0.0,NA,NA,NA,NA,NA,NA
Wisconsin,1989,0.0,0.0,0.0,0.0,0.0,0.0,0.0,0.0,0.0,0.0,0.0,0.0
Wisconsin,1990,0.0,0.0,0.0,0.0,0.0,0.0,0.0,0.0,0.0,0.0,0.0,0.0
Wisconsin,1991,0.0,0.0,0.0,0.0,0.0,0.0,0.0,0.0,0.0,0.0,0.0,0.0
Wisconsin,1992,0.0,0.0,0.0,0.0,0.0,0.0,0.0,0.0,0.0,0.0,0.0,0.0
Wisconsin,1993,0.0,0.0,0.0,0.0,0.0,0.0,0.0,0.0,0.0,0.0,0.0,0.0
Wisconsin,1994,0.0,0.0,0.0,0.0,0.0,0.0,0.0,0.0,0.0,0.0,0.0,0.0
Wisconsin,1995,0.0,0.0,0.0,0.0,0.0,0.0,0.0,0.0,0.0,0.0,0.0,0.0
Wisconsin,1996,0.0,0.0,0.0,0.0,0.0,0.0,0.0,0.0,0.0,0.0,0.0,0.0
Wisconsin,1997,0.0,0.0,0.0,0.0,0.0,0.0,0.0,0.0,0.0,0.0,0.0,0.0
Wisconsin,1998,0.0,0.0,0.0,0.0,0.0,0.0,0.0,0.0,0.0,0.0,0.0,0.0
Wisconsin,1999,0.0,0.0,0.0,0.0,0.0,0.0,0.0,0.0,0.0,0.0,0.0,0.0
Wisconsin,2000,0.0,0.0,0.0,0.0,0.0,0.0,0.0,0.0,0.0,0.0,0.0,0.0
Wisconsin,2001,0.0,0.0,0.0,0.0,0.0,0.0,0.0,0.0,0.0,0.0,0.0,0.0
Wisconsin,2002,0.0,0.0,0.0,0.0,0.0,0.0,0.0,0.0,0.0,0.0,0.0,0.0
Wisconsin,2003,0.0,0.0,0.0,0.0,0.0,0.0,0.0,0.0,0.0,0.0,0.0,0.0
Wisconsin,2004,0.0,0.0,0.0,0.0,0.0,0.0,0.0,0.0,0.0,0.0,0.0,0.0
Wisconsin,2005,0.0,0.0,0.0,0.0,0.0,0.0,0.0,0.0,0.0,0.0,0.0,0.0
Wisconsin,2006,0.0,0.0,0.0,0.0,0.0,0.0,0.0,0.0,0.0,0.0,0.0,0.0
Wisconsin,2007,0.0,0.0,0.0,0.0,0.0,0.0,0.0,0.0,0.0,0.0,0.0,0.0
Wisconsin,2008,0.0,0.0,0.0,0.0,0.0,0.0,0.0,0.0,0.0,0.0,0.0,0.0
Wisconsin,2009,0.0,0.0,0.0,0.0,0.0,0.0,0.0,0.0,0.0,0.0,0.0,0.0
Wisconsin,2010,0.0,0.0,0.0,0.0,0.0,0.0,0.0,0.0,0.0,0.0,0.0,0.0
Wisconsin,2011,0.0,0.0,0.0,0.0,0.0,0.0,0.0,0.0,0.0,0.0,0.0,0.0
Wisconsin,2012,0.0,0.0,0.0,0.0,0.0,0.0,0.0,0.0,0.0,0.0,0.0,0.0
Wisconsin,2013,0.0,0.0,0.0,0.0,0.0,0.0,0.0,0.0,0.0,0.0,0.0,0.0
Wisconsin,2014,0.0,0.0,0.0,0.0,0.0,0.0,0.0,0.0,0.0,0.0,0.0,0.0
Wisconsin,2015,0.0,0.0,0.0,0.0,0.0,0.0,0.0,0.0,0.0,0.0,0.0,0.0
Wisconsin,2016,0.0,0.0,0.0,0.0,0.0,0.0,0.0,0.0,0.0,0.0,0.0,0.0
Wisconsin,2017,0.0,0.0,0.0,0.0,0.0,0.0,0.0,0.0,0.0,0.0,0.0,0.0
Wisconsin,2018,0.0,0.0,0.0,0.0,0.0,0.0,0.0,0.0,0.0,0.0,0.0,0.0
Wisconsin,2019,0.0,0.0,0.0,0.0,0.0,0.0,0.0,0.0,0.0,0.0,0.0,0.0
Wisconsin,2020,0.0,0.0,0.0,0.0,0.0,0.0,0.0,0.0,0.0,0.0,0.0,0.0
Wisconsin,2021,0.0,0.0,0.0,0.0,0.0,0.0,0.0,0.0,0.0,0.0,0.0,0.0
Wisconsin,2022,0.0,0.0,0.0,0.0,0.0,0.0,0.0,0.0,0.0,0.0,0.0,0.0
Wisconsin,2023,0.0,0.0,0.0,0.0,0.0,0.0,0.0,0.0,0.0,0.0,0.0,0.0
Wisconsin,2024,0.0,0.0,0.0,0.0,0.0,0.0,0.0,0.0,0.0,0.0,0.0,0.0
Wisconsin,2025,0.0,0.0,0.0,0.0,0.0,0.0,0.0,0.0,0.0,0.0,0.0,0.0
World,1989,0.0,0.0,0.0,0.0,0.0,0.0,NA,NA,NA,NA,NA,NA
World,1990,0.0,0.0013248849046208432,0.0013248849046208432,0.0,0.0017550994499008507,0.0017550994499008507,NA,NA,NA,NA,NA,NA
World,1991,0.0,0.053117624238322794,0.053117624238322794,0.0,0.07036589575107291,0.07036589575107291,NA,NA,NA,NA,NA,NA
World,1992,0.0,0.06957439502691934,0.06957439502691934,0.0,0.09216648330209194,0.09216648330209194,NA,NA,NA,NA,NA,NA
World,1993,0.0,0.07613466547347188,0.07613466547347188,0.0,0.10085699446407112,0.10085699446407112,NA,NA,NA,NA,NA,NA
World,1994,0.0,0.07895989504311457,0.07895989504311457,0.0,0.10459962814208301,0.10459962814208301,NA,NA,NA,NA,NA,NA
World,1995,0.0,0.07911713382718524,0.07911713382718524,0.0,0.10480792525714788,0.10480792525714788,NA,NA,NA,NA,NA,NA
World,1996,0.0,0.08337548768421463,0.08337548768421463,0.0,0.11044904509019052,0.11044904509019052,NA,NA,NA,NA,NA,NA
World,1997,0.0,0.08760605871357366,0.08760605871357366,0.0,0.11605336049939916,0.11605336049939916,NA,NA,NA,NA,NA,NA
World,1998,0.0,0.09365684471537486,0.09365684471537486,0.0,0.124068948227956,0.124068948227956,NA,NA,NA,NA,NA,NA
World,1999,0.0,0.09342000158364154,0.09342000158364154,0.0,0.12375519776648712,0.12375519776648712,NA,NA,NA,NA,NA,NA
World,2000,0.0,0.08776171418044357,0.08776171418044357,0.0,0.11625956016498867,0.11625956016498867,NA,NA,NA,NA,NA,NA
World,2001,0.0,0.09137089297184803,0.09137089297184803,0.0,0.1210407058247323,0.1210407058247323,NA,NA,NA,NA,NA,NA
World,2002,0.0,0.09819611311728157,0.09819611311728157,0.0,0.1300822007356663,0.1300822007356663,NA,NA,NA,NA,NA,NA
World,2003,0.0,0.10786135705848082,0.10786135705848082,0.0,0.14288592750860507,0.14288592750860507,NA,NA,NA,NA,NA,NA
World,2004,0.0,0.11752939525842426,0.11752939525842426,0.0,0.15569335588759864,0.15569335588759864,NA,NA,NA,NA,NA,NA
World,2005,1.090243276730516,0.11647610578248951,1.2067193825130054,1.4442653611450367,0.15429804390740176,1.5985634050524384,NA,NA,NA,NA,NA,NA
World,2006,0.8941719778024027,0.1139305131304317,1.0081024909328344,1.1845260979910355,0.15092585040763742,1.3354519483986729,NA,NA,NA,NA,NA,NA
World,2007,0.036532259407564036,0.1119676098659877,0.14849986927355174,0.048394957302498744,0.1483255562782238,0.19672051358072254,NA,NA,NA,NA,NA,NA
World,2008,0.9278431887265213,0.12246777445678944,1.0503109631833107,1.2291309716402892,0.16223531782272457,1.3913662894630137,NA,NA,NA,NA,NA,NA
World,2009,0.697462073384234,0.12912148901040124,0.8265835623946353,0.9239408623752827,0.17104961611543804,1.0949904784907207,NA,NA,NA,NA,NA,NA
World,2010,0.7595914803915144,0.14780192814960838,0.9073934085411227,1.00624483284157,0.19579593811124305,1.2020407709528131,NA,NA,NA,NA,NA,NA
World,2011,0.6733886010374163,0.1540948107061469,0.8274834117435632,0.8920502898993327,0.20413223560753926,1.096182525506872,NA,NA,NA,NA,NA,NA
World,2012,0.40057534494074043,0.19164498590313053,0.5922203308438709,0.5306495417807907,0.25387564471579466,0.7845251864965854,NA,NA,NA,NA,NA,NA
World,2013,0.36551456977101904,0.20790741322162018,0.5734219829926392,0.4842038867666402,0.27541878189034186,0.759622668656982,NA,NA,NA,NA,NA,NA
World,2014,0.46062028558319956,0.27804572373874403,0.7386660093219436,0.6101921812382676,0.368332294434896,0.9785244756731636,NA,NA,NA,NA,NA,NA
World,2015,0.6654550939830131,0.3693252776333524,1.0347803716163655,0.8815406268950943,0.48925200170069033,1.3707926285957845,NA,NA,NA,NA,NA,NA
World,2016,0.57892689850131,0.43819140424568,1.0171183027469899,0.7669151316832582,0.5804802287810558,1.347395360464314,NA,NA,NA,NA,NA,NA
World,2017,0.6419272166476393,0.48423570178576714,1.1261629184334065,0.850372814185758,0.6414759582982585,1.4918487724840166,NA,NA,NA,NA,NA,NA
World,2018,1.1448009157339865,0.5621538097868526,1.706954725520839,1.516538870994017,0.7446955119463218,2.261234382940339,NA,NA,NA,NA,NA,NA
World,2019,1.6579000745371908,0.5751064058772348,2.2330064804144256,2.1962507827376343,0.7618540546950019,2.958104837432636,NA,NA,NA,NA,NA,NA
World,2020,1.6385764192026917,0.5744742511847377,2.2130506703874295,2.1706523803938786,0.7610166277236594,2.931669008117538,NA,NA,NA,NA,NA,NA
World,2021,2.8468020882799747,0.5665870280561949,3.4133891163361696,3.771211191017877,0.7505682778889904,4.5217794689068675,NA,NA,NA,NA,NA,NA
World,2022,3.8953752129072328,0.5460992927970092,4.441474505704242,5.160275333718477,0.7234277974157817,5.883703131134259,NA,NA,NA,NA,NA,NA
World,2023,3.5631305475119786,0.5521879457171209,4.1153184932291,4.720144702420673,0.7314935481488866,5.45163825056956,NA,NA,NA,NA,NA,NA
World,2024,2.826818385276169,0.5751124784595061,3.401930863735675,3.7447384113623507,0.7618620991566504,4.506600510519001,NA,NA,NA,NA,NA,NA
World,2025,3.061397891915703,0.41015101482534516,3.4715489067410483,4.055490206952385,0.5433346081501683,4.598824815102553,NA,NA,NA,NA,NA,NA
Wyoming,1989,0.0,0.0,0.0,0.0,0.0,0.0,0.0,0.0,0.0,0.0,0.0,0.0
Wyoming,1990,0.0,0.0,0.0,0.0,0.0,0.0,0.0,0.0,0.0,0.0,0.0,0.0
Wyoming,1991,0.0,0.0,0.0,0.0,0.0,0.0,0.0,0.0,0.0,0.0,0.0,0.0
Wyoming,1992,0.0,0.0,0.0,0.0,0.0,0.0,0.0,0.0,0.0,0.0,0.0,0.0
Wyoming,1993,0.0,0.0,0.0,0.0,0.0,0.0,0.0,0.0,0.0,0.0,0.0,0.0
Wyoming,1994,0.0,0.0,0.0,0.0,0.0,0.0,0.0,0.0,0.0,0.0,0.0,0.0
Wyoming,1995,0.0,0.0,0.0,0.0,0.0,0.0,0.0,0.0,0.0,0.0,0.0,0.0
Wyoming,1996,0.0,0.0,0.0,0.0,0.0,0.0,0.0,0.0,0.0,0.0,0.0,0.0
Wyoming,1997,0.0,0.0,0.0,0.0,0.0,0.0,0.0,0.0,0.0,0.0,0.0,0.0
Wyoming,1998,0.0,0.0,0.0,0.0,0.0,0.0,0.0,0.0,0.0,0.0,0.0,0.0
Wyoming,1999,0.0,0.0,0.0,0.0,0.0,0.0,0.0,0.0,0.0,0.0,0.0,0.0
Wyoming,2000,0.0,0.0,0.0,0.0,0.0,0.0,0.0,0.0,0.0,0.0,0.0,0.0
Wyoming,2001,0.0,0.0,0.0,0.0,0.0,0.0,0.0,0.0,0.0,0.0,0.0,0.0
Wyoming,2002,0.0,0.0,0.0,0.0,0.0,0.0,0.0,0.0,0.0,0.0,0.0,0.0
Wyoming,2003,0.0,0.0,0.0,0.0,0.0,0.0,0.0,0.0,0.0,0.0,0.0,0.0
Wyoming,2004,0.0,0.0,0.0,0.0,0.0,0.0,0.0,0.0,0.0,0.0,0.0,0.0
Wyoming,2005,0.0,0.0,0.0,0.0,0.0,0.0,0.0,0.0,0.0,0.0,0.0,0.0
Wyoming,2006,0.0,0.0,0.0,0.0,0.0,0.0,0.0,0.0,0.0,0.0,0.0,0.0
Wyoming,2007,0.0,0.0,0.0,0.0,0.0,0.0,0.0,0.0,0.0,0.0,0.0,0.0
Wyoming,2008,0.0,0.0,0.0,0.0,0.0,0.0,0.0,0.0,0.0,0.0,0.0,0.0
Wyoming,2009,0.0,0.0,0.0,0.0,0.0,0.0,0.0,0.0,0.0,0.0,0.0,0.0
Wyoming,2010,0.0,0.0,0.0,0.0,0.0,0.0,0.0,0.0,0.0,0.0,0.0,0.0
Wyoming,2011,0.0,0.0,0.0,0.0,0.0,0.0,0.0,0.0,0.0,0.0,0.0,0.0
Wyoming,2012,0.0,0.0,0.0,0.0,0.0,0.0,0.0,0.0,0.0,0.0,0.0,0.0
Wyoming,2013,0.0,0.0,0.0,0.0,0.0,0.0,0.0,0.0,0.0,0.0,0.0,0.0
Wyoming,2014,0.0,0.0,0.0,0.0,0.0,0.0,0.0,0.0,0.0,0.0,0.0,0.0
Wyoming,2015,0.0,0.0,0.0,0.0,0.0,0.0,0.0,0.0,0.0,0.0,0.0,0.0
Wyoming,2016,0.0,0.0,0.0,0.0,0.0,0.0,0.0,0.0,0.0,0.0,0.0,0.0
Wyoming,2017,0.0,0.0,0.0,0.0,0.0,0.0,0.0,0.0,0.0,0.0,0.0,0.0
Wyoming,2018,0.0,0.0,0.0,0.0,0.0,0.0,0.0,0.0,0.0,0.0,0.0,0.0
Wyoming,2019,0.0,0.0,0.0,0.0,0.0,0.0,0.0,0.0,0.0,0.0,0.0,0.0
Wyoming,2020,0.0,0.0,0.0,0.0,0.0,0.0,0.0,0.0,0.0,0.0,0.0,0.0
Wyoming,2021,0.0,0.0,0.0,0.0,0.0,0.0,0.0,0.0,0.0,0.0,0.0,0.0
Wyoming,2022,0.0,0.0,0.0,0.0,0.0,0.0,0.0,0.0,0.0,0.0,0.0,0.0
Wyoming,2023,0.0,0.0,0.0,0.0,0.0,0.0,0.0,0.0,0.0,0.0,0.0,0.0
Wyoming,2024,0.0,0.0,0.0,0.0,0.0,0.0,0.0,0.0,0.0,0.0,0.0,0.0
Wyoming,2025,0.0,0.0,0.0,0.0,0.0,0.0,0.0,0.0,0.0,0.0,0.0,0.0
Xinjiang Uyghur Autonomous Region,1989,0.0,0.0,0.0,0.0,0.0,0.0,0.0,0.0,0.0,0.0,0.0,0.0
Xinjiang Uyghur Autonomous Region,1990,0.0,0.0,0.0,0.0,0.0,0.0,0.0,0.0,0.0,0.0,0.0,0.0
Xinjiang Uyghur Autonomous Region,1991,0.0,0.0,0.0,0.0,0.0,0.0,0.0,0.0,0.0,0.0,0.0,0.0
Xinjiang Uyghur Autonomous Region,1992,0.0,0.0,0.0,0.0,0.0,0.0,0.0,0.0,0.0,0.0,0.0,0.0
Xinjiang Uyghur Autonomous Region,1993,0.0,0.0,0.0,0.0,0.0,0.0,0.0,0.0,0.0,0.0,0.0,0.0
Xinjiang Uyghur Autonomous Region,1994,0.0,0.0,0.0,0.0,0.0,0.0,0.0,0.0,0.0,0.0,0.0,0.0
Xinjiang Uyghur Autonomous Region,1995,0.0,0.0,0.0,0.0,0.0,0.0,0.0,0.0,0.0,0.0,0.0,0.0
Xinjiang Uyghur Autonomous Region,1996,0.0,0.0,0.0,0.0,0.0,0.0,0.0,0.0,0.0,0.0,0.0,0.0
Xinjiang Uyghur Autonomous Region,1997,0.0,0.0,0.0,0.0,0.0,0.0,0.0,0.0,0.0,0.0,0.0,0.0
Xinjiang Uyghur Autonomous Region,1998,0.0,0.0,0.0,0.0,0.0,0.0,0.0,0.0,0.0,0.0,0.0,0.0
Xinjiang Uyghur Autonomous Region,1999,0.0,0.0,0.0,0.0,0.0,0.0,0.0,0.0,0.0,0.0,0.0,0.0
Xinjiang Uyghur Autonomous Region,2000,0.0,0.0,0.0,0.0,0.0,0.0,0.0,0.0,0.0,0.0,0.0,0.0
Xinjiang Uyghur Autonomous Region,2001,0.0,0.0,0.0,0.0,0.0,0.0,0.0,0.0,0.0,0.0,0.0,0.0
Xinjiang Uyghur Autonomous Region,2002,0.0,0.0,0.0,0.0,0.0,0.0,0.0,0.0,0.0,0.0,0.0,0.0
Xinjiang Uyghur Autonomous Region,2003,0.0,0.0,0.0,0.0,0.0,0.0,0.0,0.0,0.0,0.0,0.0,0.0
Xinjiang Uyghur Autonomous Region,2004,0.0,0.0,0.0,0.0,0.0,0.0,0.0,0.0,0.0,0.0,0.0,0.0
Xinjiang Uyghur Autonomous Region,2005,0.0,0.0,0.0,0.0,0.0,0.0,0.0,0.0,0.0,0.0,0.0,0.0
Xinjiang Uyghur Autonomous Region,2006,0.0,0.0,0.0,0.0,0.0,0.0,0.0,0.0,0.0,0.0,0.0,0.0
Xinjiang Uyghur Autonomous Region,2007,0.0,0.0,0.0,0.0,0.0,0.0,0.0,0.0,0.0,0.0,0.0,0.0
Xinjiang Uyghur Autonomous Region,2008,0.0,0.0,0.0,0.0,0.0,0.0,0.0,0.0,0.0,0.0,0.0,0.0
Xinjiang Uyghur Autonomous Region,2009,0.0,0.0,0.0,0.0,0.0,0.0,0.0,0.0,0.0,0.0,0.0,0.0
Xinjiang Uyghur Autonomous Region,2010,0.0,0.0,0.0,0.0,0.0,0.0,0.0,0.0,0.0,0.0,0.0,0.0
Xinjiang Uyghur Autonomous Region,2011,0.0,0.0,0.0,0.0,0.0,0.0,0.0,0.0,0.0,0.0,0.0,0.0
Xinjiang Uyghur Autonomous Region,2012,0.0,0.0,0.0,0.0,0.0,0.0,0.0,0.0,0.0,0.0,0.0,0.0
Xinjiang Uyghur Autonomous Region,2013,0.0,0.0,0.0,0.0,0.0,0.0,0.0,0.0,0.0,0.0,0.0,0.0
Xinjiang Uyghur Autonomous Region,2014,0.0,0.0,0.0,0.0,0.0,0.0,0.0,0.0,0.0,0.0,0.0,0.0
Xinjiang Uyghur Autonomous Region,2015,0.0,0.0,0.0,0.0,0.0,0.0,0.0,0.0,0.0,0.0,0.0,0.0
Xinjiang Uyghur Autonomous Region,2016,0.0,0.0,0.0,0.0,0.0,0.0,0.0,0.0,0.0,0.0,0.0,0.0
Xinjiang Uyghur Autonomous Region,2017,0.0,0.0,0.0,0.0,0.0,0.0,0.0,0.0,0.0,0.0,0.0,0.0
Xinjiang Uyghur Autonomous Region,2018,0.0,0.0,0.0,0.0,0.0,0.0,0.0,0.0,0.0,0.0,0.0,0.0
Xinjiang Uyghur Autonomous Region,2019,0.0,0.0,0.0,0.0,0.0,0.0,0.0,0.0,0.0,0.0,0.0,0.0
Xinjiang Uyghur Autonomous Region,2020,0.0,0.0,0.0,0.0,0.0,0.0,0.0,0.0,0.0,0.0,0.0,0.0
Xinjiang Uyghur Autonomous Region,2021,0.0,0.0,0.0,0.0,0.0,0.0,0.0,0.0,0.0,0.0,0.0,0.0
Xinjiang Uyghur Autonomous Region,2022,0.0,0.0,0.0,0.0,0.0,0.0,0.0,0.0,0.0,0.0,0.0,0.0
Xinjiang Uyghur Autonomous Region,2023,0.0,0.0,0.0,0.0,0.0,0.0,0.0,0.0,0.0,0.0,0.0,0.0
Xinjiang Uyghur Autonomous Region,2024,0.0,0.0,0.0,0.0,0.0,0.0,0.0,0.0,0.0,0.0,0.0,0.0
Xinjiang Uyghur Autonomous Region,2025,0.0,0.0,0.0,0.0,0.0,0.0,0.0,0.0,0.0,0.0,0.0,0.0
Yamagata,1989,0.0,0.0,0.0,0.0,0.0,0.0,0.0,0.0,0.0,0.0,0.0,0.0
Yamagata,1990,0.0,0.0,0.0,0.0,0.0,0.0,0.0,0.0,0.0,0.0,0.0,0.0
Yamagata,1991,0.0,0.0,0.0,0.0,0.0,0.0,0.0,0.0,0.0,0.0,0.0,0.0
Yamagata,1992,0.0,0.0,0.0,0.0,0.0,0.0,0.0,0.0,0.0,0.0,0.0,0.0
Yamagata,1993,0.0,0.0,0.0,0.0,0.0,0.0,0.0,0.0,0.0,0.0,0.0,0.0
Yamagata,1994,0.0,0.0,0.0,0.0,0.0,0.0,0.0,0.0,0.0,0.0,0.0,0.0
Yamagata,1995,0.0,0.0,0.0,0.0,0.0,0.0,0.0,0.0,0.0,0.0,0.0,0.0
Yamagata,1996,0.0,0.0,0.0,0.0,0.0,0.0,0.0,0.0,0.0,0.0,0.0,0.0
Yamagata,1997,0.0,0.0,0.0,0.0,0.0,0.0,0.0,0.0,0.0,0.0,0.0,0.0
Yamagata,1998,0.0,0.0,0.0,0.0,0.0,0.0,0.0,0.0,0.0,0.0,0.0,0.0
Yamagata,1999,0.0,0.0,0.0,0.0,0.0,0.0,0.0,0.0,0.0,0.0,0.0,0.0
Yamagata,2000,0.0,0.0,0.0,0.0,0.0,0.0,0.0,0.0,0.0,0.0,0.0,0.0
Yamagata,2001,0.0,0.0,0.0,0.0,0.0,0.0,0.0,0.0,0.0,0.0,0.0,0.0
Yamagata,2002,0.0,0.0,0.0,0.0,0.0,0.0,0.0,0.0,0.0,0.0,0.0,0.0
Yamagata,2003,0.0,0.0,0.0,0.0,0.0,0.0,0.0,0.0,0.0,0.0,0.0,0.0
Yamagata,2004,0.0,0.0,0.0,0.0,0.0,0.0,0.0,0.0,0.0,0.0,0.0,0.0
Yamagata,2005,0.0,0.0,0.0,0.0,0.0,0.0,0.0,0.0,0.0,0.0,0.0,0.0
Yamagata,2006,0.0,0.0,0.0,0.0,0.0,0.0,0.0,0.0,0.0,0.0,0.0,0.0
Yamagata,2007,0.0,0.0,0.0,0.0,0.0,0.0,0.0,0.0,0.0,0.0,0.0,0.0
Yamagata,2008,0.0,0.0,0.0,0.0,0.0,0.0,0.0,0.0,0.0,0.0,0.0,0.0
Yamagata,2009,0.0,0.0,0.0,0.0,0.0,0.0,0.0,0.0,0.0,0.0,0.0,0.0
Yamagata,2010,0.0,0.0,0.0,0.0,0.0,0.0,0.0,0.0,0.0,0.0,0.0,0.0
Yamagata,2011,0.0,0.0,0.0,0.0,0.0,0.0,0.0,0.0,0.0,0.0,0.0,0.0
Yamagata,2012,0.0,0.0,0.0,0.0,0.0,0.0,0.0,0.0,0.0,0.0,0.0,0.0
Yamagata,2013,0.0,0.0,0.0,0.0,0.0,0.0,0.0,0.0,0.0,0.0,0.0,0.0
Yamagata,2014,0.0,0.0,0.0,0.0,0.0,0.0,0.0,0.0,0.0,0.0,0.0,0.0
Yamagata,2015,0.0,0.0,0.0,0.0,0.0,0.0,0.0,0.0,0.0,0.0,0.0,0.0
Yamagata,2016,0.0,0.0,0.0,0.0,0.0,0.0,0.0,0.0,0.0,0.0,0.0,0.0
Yamagata,2017,0.0,0.0,0.0,0.0,0.0,0.0,0.0,0.0,0.0,0.0,0.0,0.0
Yamagata,2018,0.0,0.0,0.0,0.0,0.0,0.0,0.0,0.0,0.0,0.0,0.0,0.0
Yamagata,2019,0.0,0.0,0.0,0.0,0.0,0.0,0.0,0.0,0.0,0.0,0.0,0.0
Yamagata,2020,0.0,0.0,0.0,0.0,0.0,0.0,0.0,0.0,0.0,0.0,0.0,0.0
Yamagata,2021,0.0,0.0,0.0,0.0,0.0,0.0,0.0,0.0,0.0,0.0,0.0,0.0
Yamagata,2022,0.0,0.0,0.0,0.0,0.0,0.0,0.0,0.0,0.0,0.0,0.0,0.0
Yamagata,2023,0.0,0.0,0.0,0.0,0.0,0.0,0.0,0.0,0.0,0.0,0.0,0.0
Yamagata,2024,0.0,0.0,0.0,0.0,0.0,0.0,0.0,0.0,0.0,0.0,0.0,0.0
Yamagata,2025,0.0,0.0,0.0,0.0,0.0,0.0,0.0,0.0,0.0,0.0,0.0,0.0
Yamaguchi,1989,0.0,0.0,0.0,0.0,0.0,0.0,0.0,0.0,0.0,0.0,0.0,0.0
Yamaguchi,1990,0.0,0.0,0.0,0.0,0.0,0.0,0.0,0.0,0.0,0.0,0.0,0.0
Yamaguchi,1991,0.0,0.0,0.0,0.0,0.0,0.0,0.0,0.0,0.0,0.0,0.0,0.0
Yamaguchi,1992,0.0,0.0,0.0,0.0,0.0,0.0,0.0,0.0,0.0,0.0,0.0,0.0
Yamaguchi,1993,0.0,0.0,0.0,0.0,0.0,0.0,0.0,0.0,0.0,0.0,0.0,0.0
Yamaguchi,1994,0.0,0.0,0.0,0.0,0.0,0.0,0.0,0.0,0.0,0.0,0.0,0.0
Yamaguchi,1995,0.0,0.0,0.0,0.0,0.0,0.0,0.0,0.0,0.0,0.0,0.0,0.0
Yamaguchi,1996,0.0,0.0,0.0,0.0,0.0,0.0,0.0,0.0,0.0,0.0,0.0,0.0
Yamaguchi,1997,0.0,0.0,0.0,0.0,0.0,0.0,0.0,0.0,0.0,0.0,0.0,0.0
Yamaguchi,1998,0.0,0.0,0.0,0.0,0.0,0.0,0.0,0.0,0.0,0.0,0.0,0.0
Yamaguchi,1999,0.0,0.0,0.0,0.0,0.0,0.0,0.0,0.0,0.0,0.0,0.0,0.0
Yamaguchi,2000,0.0,0.0,0.0,0.0,0.0,0.0,0.0,0.0,0.0,0.0,0.0,0.0
Yamaguchi,2001,0.0,0.0,0.0,0.0,0.0,0.0,0.0,0.0,0.0,0.0,0.0,0.0
Yamaguchi,2002,0.0,0.0,0.0,0.0,0.0,0.0,0.0,0.0,0.0,0.0,0.0,0.0
Yamaguchi,2003,0.0,0.0,0.0,0.0,0.0,0.0,0.0,0.0,0.0,0.0,0.0,0.0
Yamaguchi,2004,0.0,0.0,0.0,0.0,0.0,0.0,0.0,0.0,0.0,0.0,0.0,0.0
Yamaguchi,2005,0.0,0.0,0.0,0.0,0.0,0.0,0.0,0.0,0.0,0.0,0.0,0.0
Yamaguchi,2006,0.0,0.0,0.0,0.0,0.0,0.0,0.0,0.0,0.0,0.0,0.0,0.0
Yamaguchi,2007,0.0,0.0,0.0,0.0,0.0,0.0,0.0,0.0,0.0,0.0,0.0,0.0
Yamaguchi,2008,0.0,0.0,0.0,0.0,0.0,0.0,0.0,0.0,0.0,0.0,0.0,0.0
Yamaguchi,2009,0.0,0.0,0.0,0.0,0.0,0.0,0.0,0.0,0.0,0.0,0.0,0.0
Yamaguchi,2010,0.0,0.0,0.0,0.0,0.0,0.0,0.0,0.0,0.0,0.0,0.0,0.0
Yamaguchi,2011,0.0,0.0,0.0,0.0,0.0,0.0,0.0,0.0,0.0,0.0,0.0,0.0
Yamaguchi,2012,0.0,0.0,0.0,0.0,0.0,0.0,0.0,0.0,0.0,0.0,0.0,0.0
Yamaguchi,2013,0.0,0.0,0.0,0.0,0.0,0.0,0.0,0.0,0.0,0.0,0.0,0.0
Yamaguchi,2014,0.0,0.0,0.0,0.0,0.0,0.0,0.0,0.0,0.0,0.0,0.0,0.0
Yamaguchi,2015,0.0,0.0,0.0,0.0,0.0,0.0,0.0,0.0,0.0,0.0,0.0,0.0
Yamaguchi,2016,0.0,0.0,0.0,0.0,0.0,0.0,0.0,0.0,0.0,0.0,0.0,0.0
Yamaguchi,2017,0.0,0.0,0.0,0.0,0.0,0.0,0.0,0.0,0.0,0.0,0.0,0.0
Yamaguchi,2018,0.0,0.0,0.0,0.0,0.0,0.0,0.0,0.0,0.0,0.0,0.0,0.0
Yamaguchi,2019,0.0,0.0,0.0,0.0,0.0,0.0,0.0,0.0,0.0,0.0,0.0,0.0
Yamaguchi,2020,0.0,0.0,0.0,0.0,0.0,0.0,0.0,0.0,0.0,0.0,0.0,0.0
Yamaguchi,2021,0.0,0.0,0.0,0.0,0.0,0.0,0.0,0.0,0.0,0.0,0.0,0.0
Yamaguchi,2022,0.0,0.0,0.0,0.0,0.0,0.0,0.0,0.0,0.0,0.0,0.0,0.0
Yamaguchi,2023,0.0,0.0,0.0,0.0,0.0,0.0,0.0,0.0,0.0,0.0,0.0,0.0
Yamaguchi,2024,0.0,0.0,0.0,0.0,0.0,0.0,0.0,0.0,0.0,0.0,0.0,0.0
Yamaguchi,2025,0.0,0.0,0.0,0.0,0.0,0.0,0.0,0.0,0.0,0.0,0.0,0.0
Yamanashi,1989,0.0,0.0,0.0,0.0,0.0,0.0,0.0,0.0,0.0,0.0,0.0,0.0
Yamanashi,1990,0.0,0.0,0.0,0.0,0.0,0.0,0.0,0.0,0.0,0.0,0.0,0.0
Yamanashi,1991,0.0,0.0,0.0,0.0,0.0,0.0,0.0,0.0,0.0,0.0,0.0,0.0
Yamanashi,1992,0.0,0.0,0.0,0.0,0.0,0.0,0.0,0.0,0.0,0.0,0.0,0.0
Yamanashi,1993,0.0,0.0,0.0,0.0,0.0,0.0,0.0,0.0,0.0,0.0,0.0,0.0
Yamanashi,1994,0.0,0.0,0.0,0.0,0.0,0.0,0.0,0.0,0.0,0.0,0.0,0.0
Yamanashi,1995,0.0,0.0,0.0,0.0,0.0,0.0,0.0,0.0,0.0,0.0,0.0,0.0
Yamanashi,1996,0.0,0.0,0.0,0.0,0.0,0.0,0.0,0.0,0.0,0.0,0.0,0.0
Yamanashi,1997,0.0,0.0,0.0,0.0,0.0,0.0,0.0,0.0,0.0,0.0,0.0,0.0
Yamanashi,1998,0.0,0.0,0.0,0.0,0.0,0.0,0.0,0.0,0.0,0.0,0.0,0.0
Yamanashi,1999,0.0,0.0,0.0,0.0,0.0,0.0,0.0,0.0,0.0,0.0,0.0,0.0
Yamanashi,2000,0.0,0.0,0.0,0.0,0.0,0.0,0.0,0.0,0.0,0.0,0.0,0.0
Yamanashi,2001,0.0,0.0,0.0,0.0,0.0,0.0,0.0,0.0,0.0,0.0,0.0,0.0
Yamanashi,2002,0.0,0.0,0.0,0.0,0.0,0.0,0.0,0.0,0.0,0.0,0.0,0.0
Yamanashi,2003,0.0,0.0,0.0,0.0,0.0,0.0,0.0,0.0,0.0,0.0,0.0,0.0
Yamanashi,2004,0.0,0.0,0.0,0.0,0.0,0.0,0.0,0.0,0.0,0.0,0.0,0.0
Yamanashi,2005,0.0,0.0,0.0,0.0,0.0,0.0,0.0,0.0,0.0,0.0,0.0,0.0
Yamanashi,2006,0.0,0.0,0.0,0.0,0.0,0.0,0.0,0.0,0.0,0.0,0.0,0.0
Yamanashi,2007,0.0,0.0,0.0,0.0,0.0,0.0,0.0,0.0,0.0,0.0,0.0,0.0
Yamanashi,2008,0.0,0.0,0.0,0.0,0.0,0.0,0.0,0.0,0.0,0.0,0.0,0.0
Yamanashi,2009,0.0,0.0,0.0,0.0,0.0,0.0,0.0,0.0,0.0,0.0,0.0,0.0
Yamanashi,2010,0.0,0.0,0.0,0.0,0.0,0.0,0.0,0.0,0.0,0.0,0.0,0.0
Yamanashi,2011,0.0,0.0,0.0,0.0,0.0,0.0,0.0,0.0,0.0,0.0,0.0,0.0
Yamanashi,2012,0.0,0.0,0.0,0.0,0.0,0.0,0.0,0.0,0.0,0.0,0.0,0.0
Yamanashi,2013,0.0,0.0,0.0,0.0,0.0,0.0,0.0,0.0,0.0,0.0,0.0,0.0
Yamanashi,2014,0.0,0.0,0.0,0.0,0.0,0.0,0.0,0.0,0.0,0.0,0.0,0.0
Yamanashi,2015,0.0,0.0,0.0,0.0,0.0,0.0,0.0,0.0,0.0,0.0,0.0,0.0
Yamanashi,2016,0.0,0.0,0.0,0.0,0.0,0.0,0.0,0.0,0.0,0.0,0.0,0.0
Yamanashi,2017,0.0,0.0,0.0,0.0,0.0,0.0,0.0,0.0,0.0,0.0,0.0,0.0
Yamanashi,2018,0.0,0.0,0.0,0.0,0.0,0.0,0.0,0.0,0.0,0.0,0.0,0.0
Yamanashi,2019,0.0,0.0,0.0,0.0,0.0,0.0,0.0,0.0,0.0,0.0,0.0,0.0
Yamanashi,2020,0.0,0.0,0.0,0.0,0.0,0.0,0.0,0.0,0.0,0.0,0.0,0.0
Yamanashi,2021,0.0,0.0,0.0,0.0,0.0,0.0,0.0,0.0,0.0,0.0,0.0,0.0
Yamanashi,2022,0.0,0.0,0.0,0.0,0.0,0.0,0.0,0.0,0.0,0.0,0.0,0.0
Yamanashi,2023,0.0,0.0,0.0,0.0,0.0,0.0,0.0,0.0,0.0,0.0,0.0,0.0
Yamanashi,2024,0.0,0.0,0.0,0.0,0.0,0.0,0.0,0.0,0.0,0.0,0.0,0.0
Yamanashi,2025,0.0,0.0,0.0,0.0,0.0,0.0,0.0,0.0,0.0,0.0,0.0,0.0
"Yemen, Rep.",1989,0.0,0.0,0.0,0.0,0.0,0.0,NA,NA,NA,NA,NA,NA
"Yemen, Rep.",1990,0.0,0.0,0.0,0.0,0.0,0.0,NA,NA,NA,NA,NA,NA
"Yemen, Rep.",1991,0.0,0.0,0.0,0.0,0.0,0.0,NA,NA,NA,NA,NA,NA
"Yemen, Rep.",1992,0.0,0.0,0.0,0.0,0.0,0.0,NA,NA,NA,NA,NA,NA
"Yemen, Rep.",1993,0.0,0.0,0.0,0.0,0.0,0.0,NA,NA,NA,NA,NA,NA
"Yemen, Rep.",1994,0.0,0.0,0.0,0.0,0.0,0.0,NA,NA,NA,NA,NA,NA
"Yemen, Rep.",1995,0.0,0.0,0.0,0.0,0.0,0.0,NA,NA,NA,NA,NA,NA
"Yemen, Rep.",1996,0.0,0.0,0.0,0.0,0.0,0.0,NA,NA,NA,NA,NA,NA
"Yemen, Rep.",1997,0.0,0.0,0.0,0.0,0.0,0.0,NA,NA,NA,NA,NA,NA
"Yemen, Rep.",1998,0.0,0.0,0.0,0.0,0.0,0.0,NA,NA,NA,NA,NA,NA
"Yemen, Rep.",1999,0.0,0.0,0.0,0.0,0.0,0.0,NA,NA,NA,NA,NA,NA
"Yemen, Rep.",2000,0.0,0.0,0.0,0.0,0.0,0.0,NA,NA,NA,NA,NA,NA
"Yemen, Rep.",2001,0.0,0.0,0.0,0.0,0.0,0.0,NA,NA,NA,NA,NA,NA
"Yemen, Rep.",2002,0.0,0.0,0.0,0.0,0.0,0.0,NA,NA,NA,NA,NA,NA
"Yemen, Rep.",2003,0.0,0.0,0.0,0.0,0.0,0.0,NA,NA,NA,NA,NA,NA
"Yemen, Rep.",2004,0.0,0.0,0.0,0.0,0.0,0.0,NA,NA,NA,NA,NA,NA
"Yemen, Rep.",2005,0.0,0.0,0.0,0.0,0.0,0.0,NA,NA,NA,NA,NA,NA
"Yemen, Rep.",2006,0.0,0.0,0.0,0.0,0.0,0.0,NA,NA,NA,NA,NA,NA
"Yemen, Rep.",2007,0.0,0.0,0.0,0.0,0.0,0.0,NA,NA,NA,NA,NA,NA
"Yemen, Rep.",2008,0.0,0.0,0.0,0.0,0.0,0.0,NA,NA,NA,NA,NA,NA
"Yemen, Rep.",2009,0.0,0.0,0.0,0.0,0.0,0.0,NA,NA,NA,NA,NA,NA
"Yemen, Rep.",2010,0.0,0.0,0.0,0.0,0.0,0.0,NA,NA,NA,NA,NA,NA
"Yemen, Rep.",2011,0.0,0.0,0.0,0.0,0.0,0.0,NA,NA,NA,NA,NA,NA
"Yemen, Rep.",2012,0.0,0.0,0.0,0.0,0.0,0.0,NA,NA,NA,NA,NA,NA
"Yemen, Rep.",2013,0.0,0.0,0.0,0.0,0.0,0.0,NA,NA,NA,NA,NA,NA
"Yemen, Rep.",2014,0.0,0.0,0.0,0.0,0.0,0.0,NA,NA,NA,NA,NA,NA
"Yemen, Rep.",2015,0.0,0.0,0.0,0.0,0.0,0.0,NA,NA,NA,NA,NA,NA
"Yemen, Rep.",2016,0.0,0.0,0.0,0.0,0.0,0.0,NA,NA,NA,NA,NA,NA
"Yemen, Rep.",2017,0.0,0.0,0.0,0.0,0.0,0.0,NA,NA,NA,NA,NA,NA
"Yemen, Rep.",2018,0.0,0.0,0.0,0.0,0.0,0.0,NA,NA,NA,NA,NA,NA
"Yemen, Rep.",2019,0.0,0.0,0.0,0.0,0.0,0.0,NA,NA,NA,NA,NA,NA
"Yemen, Rep.",2020,0.0,0.0,0.0,0.0,0.0,0.0,NA,NA,NA,NA,NA,NA
"Yemen, Rep.",2021,0.0,0.0,0.0,0.0,0.0,0.0,NA,NA,NA,NA,NA,NA
"Yemen, Rep.",2022,0.0,0.0,0.0,0.0,0.0,0.0,NA,NA,NA,NA,NA,NA
"Yemen, Rep.",2023,0.0,0.0,0.0,0.0,0.0,0.0,NA,NA,NA,NA,NA,NA
"Yemen, Rep.",2024,0.0,0.0,0.0,0.0,0.0,0.0,NA,NA,NA,NA,NA,NA
"Yemen, Rep.",2025,0.0,0.0,0.0,0.0,0.0,0.0,NA,NA,NA,NA,NA,NA
Yucatan,1989,0.0,0.0,0.0,0.0,0.0,0.0,0.0,0.0,0.0,0.0,0.0,0.0
Yucatan,1990,0.0,0.0,0.0,0.0,0.0,0.0,0.0,0.0,0.0,0.0,0.0,0.0
Yucatan,1991,0.0,0.0,0.0,0.0,0.0,0.0,0.0,0.0,0.0,0.0,0.0,0.0
Yucatan,1992,0.0,0.0,0.0,0.0,0.0,0.0,0.0,0.0,0.0,0.0,0.0,0.0
Yucatan,1993,0.0,0.0,0.0,0.0,0.0,0.0,0.0,0.0,0.0,0.0,0.0,0.0
Yucatan,1994,0.0,0.0,0.0,0.0,0.0,0.0,0.0,0.0,0.0,0.0,0.0,0.0
Yucatan,1995,0.0,0.0,0.0,0.0,0.0,0.0,0.0,0.0,0.0,0.0,0.0,0.0
Yucatan,1996,0.0,0.0,0.0,0.0,0.0,0.0,0.0,0.0,0.0,0.0,0.0,0.0
Yucatan,1997,0.0,0.0,0.0,0.0,0.0,0.0,0.0,0.0,0.0,0.0,0.0,0.0
Yucatan,1998,0.0,0.0,0.0,0.0,0.0,0.0,0.0,0.0,0.0,0.0,0.0,0.0
Yucatan,1999,0.0,0.0,0.0,0.0,0.0,0.0,0.0,0.0,0.0,0.0,0.0,0.0
Yucatan,2000,0.0,0.0,0.0,0.0,0.0,0.0,0.0,0.0,0.0,0.0,0.0,0.0
Yucatan,2001,0.0,0.0,0.0,0.0,0.0,0.0,0.0,0.0,0.0,0.0,0.0,0.0
Yucatan,2002,0.0,0.0,0.0,0.0,0.0,0.0,0.0,0.0,0.0,0.0,0.0,0.0
Yucatan,2003,0.0,0.0,0.0,0.0,0.0,0.0,0.0,0.0,0.0,0.0,0.0,0.0
Yucatan,2004,0.0,0.0,0.0,0.0,0.0,0.0,0.0,0.0,0.0,0.0,0.0,0.0
Yucatan,2005,0.0,0.0,0.0,0.0,0.0,0.0,0.0,0.0,0.0,0.0,0.0,0.0
Yucatan,2006,0.0,0.0,0.0,0.0,0.0,0.0,0.0,0.0,0.0,0.0,0.0,0.0
Yucatan,2007,0.0,0.0,0.0,0.0,0.0,0.0,0.0,0.0,0.0,0.0,0.0,0.0
Yucatan,2008,0.0,0.0,0.0,0.0,0.0,0.0,0.0,0.0,0.0,0.0,0.0,0.0
Yucatan,2009,0.0,0.0,0.0,0.0,0.0,0.0,0.0,0.0,0.0,0.0,0.0,0.0
Yucatan,2010,0.0,0.0,0.0,0.0,0.0,0.0,0.0,0.0,0.0,0.0,0.0,0.0
Yucatan,2011,0.0,0.0,0.0,0.0,0.0,0.0,0.0,0.0,0.0,0.0,0.0,0.0
Yucatan,2012,0.0,0.0,0.0,0.0,0.0,0.0,0.0,0.0,0.0,0.0,0.0,0.0
Yucatan,2013,0.0,0.0,0.0,0.0,0.0,0.0,0.0,0.0,0.0,0.0,0.0,0.0
Yucatan,2014,0.0,0.0,0.0,0.0,0.0,0.0,0.0,0.0,0.0,0.0,0.0,0.0
Yucatan,2015,0.0,0.0,0.0,0.0,0.0,0.0,0.0,0.0,0.0,0.0,0.0,0.0
Yucatan,2016,0.0,0.0,0.0,0.0,0.0,0.0,0.0,0.0,0.0,0.0,0.0,0.0
Yucatan,2017,0.0,0.0,0.0,0.0,0.0,0.0,0.0,0.0,0.0,0.0,0.0,0.0
Yucatan,2018,0.0,0.0,0.0,0.0,0.0,0.0,0.0,0.0,0.0,0.0,0.0,0.0
Yucatan,2019,0.0,0.0,0.0,0.0,0.0,0.0,0.0,0.0,0.0,0.0,0.0,0.0
Yucatan,2020,0.0,0.0,0.0,0.0,0.0,0.0,0.0,0.0,0.0,0.0,0.0,0.0
Yucatan,2021,0.0,0.0,0.0,0.0,0.0,0.0,0.0,0.0,0.0,0.0,0.0,0.0
Yucatan,2022,0.0,0.0,0.0,0.0,0.0,0.0,0.0,0.0,0.0,0.0,0.0,0.0
Yucatan,2023,0.0,0.0,0.0,0.0,0.0,0.0,0.0,0.0,0.0,0.0,0.0,0.0
Yucatan,2024,0.0,0.0,0.0,0.0,0.0,0.0,0.0,0.0,0.0,0.0,0.0,0.0
Yucatan,2025,0.0,0.0,0.0,0.0,0.0,0.0,0.0,0.0,0.0,0.0,0.0,0.0
Yukon,1989,0.0,0.0,0.0,0.0,0.0,0.0,0.0,0.0,0.0,0.0,0.0,0.0
Yukon,1990,0.0,0.0,0.0,0.0,0.0,0.0,0.0,0.0,0.0,0.0,0.0,0.0
Yukon,1991,0.0,0.0,0.0,0.0,0.0,0.0,0.0,0.0,0.0,0.0,0.0,0.0
Yukon,1992,0.0,0.0,0.0,0.0,0.0,0.0,0.0,0.0,0.0,0.0,0.0,0.0
Yukon,1993,0.0,0.0,0.0,0.0,0.0,0.0,0.0,0.0,0.0,0.0,0.0,0.0
Yukon,1994,0.0,0.0,0.0,0.0,0.0,0.0,0.0,0.0,0.0,0.0,0.0,0.0
Yukon,1995,0.0,0.0,0.0,0.0,0.0,0.0,0.0,0.0,0.0,0.0,0.0,0.0
Yukon,1996,0.0,0.0,0.0,0.0,0.0,0.0,0.0,0.0,0.0,0.0,0.0,0.0
Yukon,1997,0.0,0.0,0.0,0.0,0.0,0.0,0.0,0.0,0.0,0.0,0.0,0.0
Yukon,1998,0.0,0.0,0.0,0.0,0.0,0.0,0.0,0.0,0.0,0.0,0.0,0.0
Yukon,1999,0.0,0.0,0.0,0.0,0.0,0.0,0.0,0.0,0.0,0.0,0.0,0.0
Yukon,2000,0.0,0.0,0.0,0.0,0.0,0.0,0.0,0.0,0.0,0.0,0.0,0.0
Yukon,2001,0.0,0.0,0.0,0.0,0.0,0.0,0.0,0.0,0.0,0.0,0.0,0.0
Yukon,2002,0.0,0.0,0.0,0.0,0.0,0.0,0.0,0.0,0.0,0.0,0.0,0.0
Yukon,2003,0.0,0.0,0.0,0.0,0.0,0.0,0.0,0.0,0.0,0.0,0.0,0.0
Yukon,2004,0.0,0.0,0.0,0.0,0.0,0.0,0.0,0.0,0.0,0.0,0.0,0.0
Yukon,2005,0.0,0.0,0.0,0.0,0.0,0.0,0.0,0.0,0.0,0.0,0.0,0.0
Yukon,2006,0.0,0.0,0.0,0.0,0.0,0.0,0.0,0.0,0.0,0.0,0.0,0.0
Yukon,2007,0.0,0.0,0.0,0.0,0.0,0.0,0.0,0.0,0.0,0.0,0.0,0.0
Yukon,2008,0.0,0.0,0.0,0.0,0.0,0.0,0.0,0.0,0.0,0.0,0.0,0.0
Yukon,2009,0.0,0.0,0.0,0.0,0.0,0.0,0.0,0.0,0.0,0.0,0.0,0.0
Yukon,2010,0.0,0.0,0.0,0.0,0.0,0.0,0.0,0.0,0.0,0.0,0.0,0.0
Yukon,2011,0.0,0.0,0.0,0.0,0.0,0.0,0.0,0.0,0.0,0.0,0.0,0.0
Yukon,2012,0.0,0.0,0.0,0.0,0.0,0.0,0.0,0.0,0.0,0.0,0.0,0.0
Yukon,2013,0.0,0.0,0.0,0.0,0.0,0.0,0.0,0.0,0.0,0.0,0.0,0.0
Yukon,2014,0.0,0.0,0.0,0.0,0.0,0.0,0.0,0.0,0.0,0.0,0.0,0.0
Yukon,2015,0.0,0.0,0.0,0.0,0.0,0.0,0.0,0.0,0.0,0.0,0.0,0.0
Yukon,2016,0.0,0.0,0.0,0.0,0.0,0.0,0.0,0.0,0.0,0.0,0.0,0.0
Yukon,2017,0.0,0.0,0.0,0.0,0.0,0.0,0.0,0.0,0.0,0.0,0.0,0.0
Yukon,2018,0.0,0.0,0.0,0.0,0.0,0.0,0.0,0.0,0.0,0.0,0.0,0.0
Yukon,2019,0.0,0.0,0.0,0.0,0.0,0.0,0.0,0.0,0.0,0.0,0.0,0.0
Yukon,2020,0.0,0.0,0.0,0.0,0.0,0.0,0.0,0.0,0.0,0.0,0.0,0.0
Yukon,2021,0.0,0.0,0.0,0.0,0.0,0.0,0.0,0.0,0.0,0.0,0.0,0.0
Yukon,2022,0.0,0.0,0.0,0.0,0.0,0.0,0.0,0.0,0.0,0.0,0.0,0.0
Yukon,2023,0.0,0.0,0.0,0.0,0.0,0.0,0.0,0.0,0.0,0.0,0.0,0.0
Yukon,2024,0.0,0.0,0.0,0.0,0.0,0.0,0.0,0.0,0.0,0.0,0.0,0.0
Yukon,2025,0.0,0.0,0.0,0.0,0.0,0.0,0.0,0.0,0.0,0.0,0.0,0.0
Yunnan Province,1989,0.0,0.0,0.0,0.0,0.0,0.0,0.0,0.0,0.0,0.0,0.0,0.0
Yunnan Province,1990,0.0,0.0,0.0,0.0,0.0,0.0,0.0,0.0,0.0,0.0,0.0,0.0
Yunnan Province,1991,0.0,0.0,0.0,0.0,0.0,0.0,0.0,0.0,0.0,0.0,0.0,0.0
Yunnan Province,1992,0.0,0.0,0.0,0.0,0.0,0.0,0.0,0.0,0.0,0.0,0.0,0.0
Yunnan Province,1993,0.0,0.0,0.0,0.0,0.0,0.0,0.0,0.0,0.0,0.0,0.0,0.0
Yunnan Province,1994,0.0,0.0,0.0,0.0,0.0,0.0,0.0,0.0,0.0,0.0,0.0,0.0
Yunnan Province,1995,0.0,0.0,0.0,0.0,0.0,0.0,0.0,0.0,0.0,0.0,0.0,0.0
Yunnan Province,1996,0.0,0.0,0.0,0.0,0.0,0.0,0.0,0.0,0.0,0.0,0.0,0.0
Yunnan Province,1997,0.0,0.0,0.0,0.0,0.0,0.0,0.0,0.0,0.0,0.0,0.0,0.0
Yunnan Province,1998,0.0,0.0,0.0,0.0,0.0,0.0,0.0,0.0,0.0,0.0,0.0,0.0
Yunnan Province,1999,0.0,0.0,0.0,0.0,0.0,0.0,0.0,0.0,0.0,0.0,0.0,0.0
Yunnan Province,2000,0.0,0.0,0.0,0.0,0.0,0.0,0.0,0.0,0.0,0.0,0.0,0.0
Yunnan Province,2001,0.0,0.0,0.0,0.0,0.0,0.0,0.0,0.0,0.0,0.0,0.0,0.0
Yunnan Province,2002,0.0,0.0,0.0,0.0,0.0,0.0,0.0,0.0,0.0,0.0,0.0,0.0
Yunnan Province,2003,0.0,0.0,0.0,0.0,0.0,0.0,0.0,0.0,0.0,0.0,0.0,0.0
Yunnan Province,2004,0.0,0.0,0.0,0.0,0.0,0.0,0.0,0.0,0.0,0.0,0.0,0.0
Yunnan Province,2005,0.0,0.0,0.0,0.0,0.0,0.0,0.0,0.0,0.0,0.0,0.0,0.0
Yunnan Province,2006,0.0,0.0,0.0,0.0,0.0,0.0,0.0,0.0,0.0,0.0,0.0,0.0
Yunnan Province,2007,0.0,0.0,0.0,0.0,0.0,0.0,0.0,0.0,0.0,0.0,0.0,0.0
Yunnan Province,2008,0.0,0.0,0.0,0.0,0.0,0.0,0.0,0.0,0.0,0.0,0.0,0.0
Yunnan Province,2009,0.0,0.0,0.0,0.0,0.0,0.0,0.0,0.0,0.0,0.0,0.0,0.0
Yunnan Province,2010,0.0,0.0,0.0,0.0,0.0,0.0,0.0,0.0,0.0,0.0,0.0,0.0
Yunnan Province,2011,0.0,0.0,0.0,0.0,0.0,0.0,0.0,0.0,0.0,0.0,0.0,0.0
Yunnan Province,2012,0.0,0.0,0.0,0.0,0.0,0.0,0.0,0.0,0.0,0.0,0.0,0.0
Yunnan Province,2013,0.0,0.0,0.0,0.0,0.0,0.0,0.0,0.0,0.0,0.0,0.0,0.0
Yunnan Province,2014,0.0,0.0,0.0,0.0,0.0,0.0,0.0,0.0,0.0,0.0,0.0,0.0
Yunnan Province,2015,0.0,0.0,0.0,0.0,0.0,0.0,0.0,0.0,0.0,0.0,0.0,0.0
Yunnan Province,2016,0.0,0.0,0.0,0.0,0.0,0.0,0.0,0.0,0.0,0.0,0.0,0.0
Yunnan Province,2017,0.0,0.0,0.0,0.0,0.0,0.0,0.0,0.0,0.0,0.0,0.0,0.0
Yunnan Province,2018,0.0,0.0,0.0,0.0,0.0,0.0,0.0,0.0,0.0,0.0,0.0,0.0
Yunnan Province,2019,0.0,0.0,0.0,0.0,0.0,0.0,0.0,0.0,0.0,0.0,0.0,0.0
Yunnan Province,2020,0.0,0.0,0.0,0.0,0.0,0.0,0.0,0.0,0.0,0.0,0.0,0.0
Yunnan Province,2021,0.0,0.0,0.0,0.0,0.0,0.0,0.0,0.0,0.0,0.0,0.0,0.0
Yunnan Province,2022,0.0,0.0,0.0,0.0,0.0,0.0,0.0,0.0,0.0,0.0,0.0,0.0
Yunnan Province,2023,0.0,0.0,0.0,0.0,0.0,0.0,0.0,0.0,0.0,0.0,0.0,0.0
Yunnan Province,2024,0.0,0.0,0.0,0.0,0.0,0.0,0.0,0.0,0.0,0.0,0.0,0.0
Yunnan Province,2025,0.0,0.0,0.0,0.0,0.0,0.0,0.0,0.0,0.0,0.0,0.0,0.0
Zambia,1989,0.0,0.0,0.0,0.0,0.0,0.0,NA,NA,NA,NA,NA,NA
Zambia,1990,0.0,0.0,0.0,0.0,0.0,0.0,NA,NA,NA,NA,NA,NA
Zambia,1991,0.0,0.0,0.0,0.0,0.0,0.0,NA,NA,NA,NA,NA,NA
Zambia,1992,0.0,0.0,0.0,0.0,0.0,0.0,NA,NA,NA,NA,NA,NA
Zambia,1993,0.0,0.0,0.0,0.0,0.0,0.0,NA,NA,NA,NA,NA,NA
Zambia,1994,0.0,0.0,0.0,0.0,0.0,0.0,NA,NA,NA,NA,NA,NA
Zambia,1995,0.0,0.0,0.0,0.0,0.0,0.0,NA,NA,NA,NA,NA,NA
Zambia,1996,0.0,0.0,0.0,0.0,0.0,0.0,NA,NA,NA,NA,NA,NA
Zambia,1997,0.0,0.0,0.0,0.0,0.0,0.0,NA,NA,NA,NA,NA,NA
Zambia,1998,0.0,0.0,0.0,0.0,0.0,0.0,NA,NA,NA,NA,NA,NA
Zambia,1999,0.0,0.0,0.0,0.0,0.0,0.0,NA,NA,NA,NA,NA,NA
Zambia,2000,0.0,0.0,0.0,0.0,0.0,0.0,NA,NA,NA,NA,NA,NA
Zambia,2001,0.0,0.0,0.0,0.0,0.0,0.0,NA,NA,NA,NA,NA,NA
Zambia,2002,0.0,0.0,0.0,0.0,0.0,0.0,NA,NA,NA,NA,NA,NA
Zambia,2003,0.0,0.0,0.0,0.0,0.0,0.0,NA,NA,NA,NA,NA,NA
Zambia,2004,0.0,0.0,0.0,0.0,0.0,0.0,NA,NA,NA,NA,NA,NA
Zambia,2005,0.0,0.0,0.0,0.0,0.0,0.0,NA,NA,NA,NA,NA,NA
Zambia,2006,0.0,0.0,0.0,0.0,0.0,0.0,NA,NA,NA,NA,NA,NA
Zambia,2007,0.0,0.0,0.0,0.0,0.0,0.0,NA,NA,NA,NA,NA,NA
Zambia,2008,0.0,0.0,0.0,0.0,0.0,0.0,NA,NA,NA,NA,NA,NA
Zambia,2009,0.0,0.0,0.0,0.0,0.0,0.0,NA,NA,NA,NA,NA,NA
Zambia,2010,0.0,0.0,0.0,0.0,0.0,0.0,NA,NA,NA,NA,NA,NA
Zambia,2011,0.0,0.0,0.0,0.0,0.0,0.0,NA,NA,NA,NA,NA,NA
Zambia,2012,0.0,0.0,0.0,0.0,0.0,0.0,NA,NA,NA,NA,NA,NA
Zambia,2013,0.0,0.0,0.0,0.0,0.0,0.0,NA,NA,NA,NA,NA,NA
Zambia,2014,0.0,0.0,0.0,0.0,0.0,0.0,NA,NA,NA,NA,NA,NA
Zambia,2015,0.0,0.0,0.0,0.0,0.0,0.0,NA,NA,NA,NA,NA,NA
Zambia,2016,0.0,0.0,0.0,0.0,0.0,0.0,NA,NA,NA,NA,NA,NA
Zambia,2017,0.0,0.0,0.0,0.0,0.0,0.0,NA,NA,NA,NA,NA,NA
Zambia,2018,0.0,0.0,0.0,0.0,0.0,0.0,NA,NA,NA,NA,NA,NA
Zambia,2019,0.0,0.0,0.0,0.0,0.0,0.0,NA,NA,NA,NA,NA,NA
Zambia,2020,0.0,0.0,0.0,0.0,0.0,0.0,NA,NA,NA,NA,NA,NA
Zambia,2021,0.0,0.0,0.0,0.0,0.0,0.0,NA,NA,NA,NA,NA,NA
Zambia,2022,0.0,0.0,0.0,0.0,0.0,0.0,NA,NA,NA,NA,NA,NA
Zambia,2023,0.0,0.0,0.0,0.0,0.0,0.0,NA,NA,NA,NA,NA,NA
Zambia,2024,0.0,0.0,0.0,0.0,0.0,0.0,NA,NA,NA,NA,NA,NA
Zambia,2025,0.0,0.0,0.0,0.0,0.0,0.0,NA,NA,NA,NA,NA,NA
Zhejiang Province,1989,0.0,0.0,0.0,0.0,0.0,0.0,0.0,0.0,0.0,0.0,0.0,0.0
Zhejiang Province,1990,0.0,0.0,0.0,0.0,0.0,0.0,0.0,0.0,0.0,0.0,0.0,0.0
Zhejiang Province,1991,0.0,0.0,0.0,0.0,0.0,0.0,0.0,0.0,0.0,0.0,0.0,0.0
Zhejiang Province,1992,0.0,0.0,0.0,0.0,0.0,0.0,0.0,0.0,0.0,0.0,0.0,0.0
Zhejiang Province,1993,0.0,0.0,0.0,0.0,0.0,0.0,0.0,0.0,0.0,0.0,0.0,0.0
Zhejiang Province,1994,0.0,0.0,0.0,0.0,0.0,0.0,0.0,0.0,0.0,0.0,0.0,0.0
Zhejiang Province,1995,0.0,0.0,0.0,0.0,0.0,0.0,0.0,0.0,0.0,0.0,0.0,0.0
Zhejiang Province,1996,0.0,0.0,0.0,0.0,0.0,0.0,0.0,0.0,0.0,0.0,0.0,0.0
Zhejiang Province,1997,0.0,0.0,0.0,0.0,0.0,0.0,0.0,0.0,0.0,0.0,0.0,0.0
Zhejiang Province,1998,0.0,0.0,0.0,0.0,0.0,0.0,0.0,0.0,0.0,0.0,0.0,0.0
Zhejiang Province,1999,0.0,0.0,0.0,0.0,0.0,0.0,0.0,0.0,0.0,0.0,0.0,0.0
Zhejiang Province,2000,0.0,0.0,0.0,0.0,0.0,0.0,0.0,0.0,0.0,0.0,0.0,0.0
Zhejiang Province,2001,0.0,0.0,0.0,0.0,0.0,0.0,0.0,0.0,0.0,0.0,0.0,0.0
Zhejiang Province,2002,0.0,0.0,0.0,0.0,0.0,0.0,0.0,0.0,0.0,0.0,0.0,0.0
Zhejiang Province,2003,0.0,0.0,0.0,0.0,0.0,0.0,0.0,0.0,0.0,0.0,0.0,0.0
Zhejiang Province,2004,0.0,0.0,0.0,0.0,0.0,0.0,0.0,0.0,0.0,0.0,0.0,0.0
Zhejiang Province,2005,0.0,0.0,0.0,0.0,0.0,0.0,0.0,0.0,0.0,0.0,0.0,0.0
Zhejiang Province,2006,0.0,0.0,0.0,0.0,0.0,0.0,0.0,0.0,0.0,0.0,0.0,0.0
Zhejiang Province,2007,0.0,0.0,0.0,0.0,0.0,0.0,0.0,0.0,0.0,0.0,0.0,0.0
Zhejiang Province,2008,0.0,0.0,0.0,0.0,0.0,0.0,0.0,0.0,0.0,0.0,0.0,0.0
Zhejiang Province,2009,0.0,0.0,0.0,0.0,0.0,0.0,0.0,0.0,0.0,0.0,0.0,0.0
Zhejiang Province,2010,0.0,0.0,0.0,0.0,0.0,0.0,0.0,0.0,0.0,0.0,0.0,0.0
Zhejiang Province,2011,0.0,0.0,0.0,0.0,0.0,0.0,0.0,0.0,0.0,0.0,0.0,0.0
Zhejiang Province,2012,0.0,0.0,0.0,0.0,0.0,0.0,0.0,0.0,0.0,0.0,0.0,0.0
Zhejiang Province,2013,0.0,0.0,0.0,0.0,0.0,0.0,0.0,0.0,0.0,0.0,0.0,0.0
Zhejiang Province,2014,0.0,0.0,0.0,0.0,0.0,0.0,0.0,0.0,0.0,0.0,0.0,0.0
Zhejiang Province,2015,0.0,0.0,0.0,0.0,0.0,0.0,0.0,0.0,0.0,0.0,0.0,0.0
Zhejiang Province,2016,0.0,0.0,0.0,0.0,0.0,0.0,0.0,0.0,0.0,0.0,0.0,0.0
Zhejiang Province,2017,0.0,0.0,0.0,0.0,0.0,0.0,0.0,0.0,0.0,0.0,0.0,0.0
Zhejiang Province,2018,0.0,0.0,0.0,0.0,0.0,0.0,0.0,0.0,0.0,0.0,0.0,0.0
Zhejiang Province,2019,0.0,0.0,0.0,0.0,0.0,0.0,0.0,0.0,0.0,0.0,0.0,0.0
Zhejiang Province,2020,0.0,0.0,0.0,0.0,0.0,0.0,0.0,0.0,0.0,0.0,0.0,0.0
Zhejiang Province,2021,0.0,0.0,0.0,0.0,0.0,0.0,0.0,0.0,0.0,0.0,0.0,0.0
Zhejiang Province,2022,0.0,0.0,0.0,0.0,0.0,0.0,0.0,0.0,0.0,0.0,0.0,0.0
Zhejiang Province,2023,0.0,0.0,0.0,0.0,0.0,0.0,0.0,0.0,0.0,0.0,0.0,0.0
Zhejiang Province,2024,0.0,0.0,0.0,0.0,0.0,0.0,0.0,0.0,0.0,0.0,0.0,0.0
Zhejiang Province,2025,0.0,0.0,0.0,0.0,0.0,0.0,0.0,0.0,0.0,0.0,0.0,0.0
Zimbabwe,1989,0.0,0.0,0.0,0.0,0.0,0.0,NA,NA,NA,NA,NA,NA
Zimbabwe,1990,0.0,0.0,0.0,0.0,0.0,0.0,NA,NA,NA,NA,NA,NA
Zimbabwe,1991,0.0,0.0,0.0,0.0,0.0,0.0,NA,NA,NA,NA,NA,NA
Zimbabwe,1992,0.0,0.0,0.0,0.0,0.0,0.0,NA,NA,NA,NA,NA,NA
Zimbabwe,1993,0.0,0.0,0.0,0.0,0.0,0.0,NA,NA,NA,NA,NA,NA
Zimbabwe,1994,0.0,0.0,0.0,0.0,0.0,0.0,NA,NA,NA,NA,NA,NA
Zimbabwe,1995,0.0,0.0,0.0,0.0,0.0,0.0,NA,NA,NA,NA,NA,NA
Zimbabwe,1996,0.0,0.0,0.0,0.0,0.0,0.0,NA,NA,NA,NA,NA,NA
Zimbabwe,1997,0.0,0.0,0.0,0.0,0.0,0.0,NA,NA,NA,NA,NA,NA
Zimbabwe,1998,0.0,0.0,0.0,0.0,0.0,0.0,NA,NA,NA,NA,NA,NA
Zimbabwe,1999,0.0,0.0,0.0,0.0,0.0,0.0,NA,NA,NA,NA,NA,NA
Zimbabwe,2000,0.0,0.0,0.0,0.0,0.0,0.0,NA,NA,NA,NA,NA,NA
Zimbabwe,2001,0.0,0.0,0.0,0.0,0.0,0.0,NA,NA,NA,NA,NA,NA
Zimbabwe,2002,0.0,0.0,0.0,0.0,0.0,0.0,NA,NA,NA,NA,NA,NA
Zimbabwe,2003,0.0,0.0,0.0,0.0,0.0,0.0,NA,NA,NA,NA,NA,NA
Zimbabwe,2004,0.0,0.0,0.0,0.0,0.0,0.0,NA,NA,NA,NA,NA,NA
Zimbabwe,2005,0.0,0.0,0.0,0.0,0.0,0.0,NA,NA,NA,NA,NA,NA
Zimbabwe,2006,0.0,0.0,0.0,0.0,0.0,0.0,NA,NA,NA,NA,NA,NA
Zimbabwe,2007,0.0,0.0,0.0,0.0,0.0,0.0,NA,NA,NA,NA,NA,NA
Zimbabwe,2008,0.0,0.0,0.0,0.0,0.0,0.0,NA,NA,NA,NA,NA,NA
Zimbabwe,2009,0.0,0.0,0.0,0.0,0.0,0.0,NA,NA,NA,NA,NA,NA
Zimbabwe,2010,0.0,0.0,0.0,0.0,0.0,0.0,NA,NA,NA,NA,NA,NA
Zimbabwe,2011,0.0,0.0,0.0,0.0,0.0,0.0,NA,NA,NA,NA,NA,NA
Zimbabwe,2012,0.0,0.0,0.0,0.0,0.0,0.0,NA,NA,NA,NA,NA,NA
Zimbabwe,2013,0.0,0.0,0.0,0.0,0.0,0.0,NA,NA,NA,NA,NA,NA
Zimbabwe,2014,0.0,0.0,0.0,0.0,0.0,0.0,NA,NA,NA,NA,NA,NA
Zimbabwe,2015,0.0,0.0,0.0,0.0,0.0,0.0,NA,NA,NA,NA,NA,NA
Zimbabwe,2016,0.0,0.0,0.0,0.0,0.0,0.0,NA,NA,NA,NA,NA,NA
Zimbabwe,2017,0.0,0.0,0.0,0.0,0.0,0.0,NA,NA,NA,NA,NA,NA
Zimbabwe,2018,0.0,0.0,0.0,0.0,0.0,0.0,NA,NA,NA,NA,NA,NA
Zimbabwe,2019,0.0,0.0,0.0,0.0,0.0,0.0,NA,NA,NA,NA,NA,NA
Zimbabwe,2020,0.0,0.0,0.0,0.0,0.0,0.0,NA,NA,NA,NA,NA,NA
Zimbabwe,2021,0.0,0.0,0.0,0.0,0.0,0.0,NA,NA,NA,NA,NA,NA
Zimbabwe,2022,0.0,0.0,0.0,0.0,0.0,0.0,NA,NA,NA,NA,NA,NA
Zimbabwe,2023,0.0,0.0,0.0,0.0,0.0,0.0,NA,NA,NA,NA,NA,NA
Zimbabwe,2024,0.0,0.0,0.0,0.0,0.0,0.0,NA,NA,NA,NA,NA,NA
Zimbabwe,2025,0.0,0.0,0.0,0.0,0.0,0.0,NA,NA,NA,NA,NA,NA
